el. load,PV potential,Wind OnS potential,Wind OffS potential,Water potential,German market,Foreign price
40170.25,0.0,0.6520784907292286,0.7839060953189082,0.6394867213514172,0.1,21.15
38818.25,0.0,0.6370452456889562,0.7442370244661293,0.643791115081621,0.01,20.96
37847.75,0.0,0.6276933888318288,0.7224579267430349,0.6503695281409893,0.0,17.73
37123.25,0.0,0.6287583112600681,0.6599490878235045,0.653130837326403,-0.01,14.59
36753.75,0.0,0.6296610627601492,0.6244873426672324,0.6603589701941038,-0.03,14.23
37051.25,0.0,0.6237526352775826,0.5904044689577146,0.6627954194753513,-0.02,13.09
36725.5,0.0,0.6405535434347802,0.5845707820676,0.634288962884756,-0.05,13.54
37321.0,0.0,0.642683388291259,0.5511243105642766,0.632908308292049,-0.02,14.08
37984.25,0.0138997812358112,0.6527974485107303,0.533623249893933,0.6406237310159993,0.0,14.42
39952.0,0.0768873570809427,0.6589275095951133,0.5269763824070146,0.641841955656623,0.04,16.69
42309.25,0.140256738349775,0.6620682199037786,0.5461391599490878,0.6488264435961991,0.06,24.0
44829.25,0.1721632888925579,0.6645115952213633,0.5342596521001273,0.6700235523430521,0.54,25.17
45824.0,0.1705328765427003,0.6619601059516731,0.5471291189365012,0.6573540160805652,2.24,26.22
45251.75,0.1485790646799026,0.6523055300286502,0.5474119643614764,0.6285226995858036,1.96,26.63
44904.5,0.1003890287695546,0.6293096924158063,0.5511950219205204,0.6255177454722651,1.04,28.12
44952.25,0.039496223222025,0.6060651927131196,0.564594823928723,0.6290099894420531,3.66,33.78
46881.25,0.0036477896561687,0.5914535920860587,0.5469523405458917,0.6227564362868513,43.06,48.13
50120.5,0.0,0.5871776852802855,0.6108046952340546,0.6543490619670267,49.93,60.16
50199.5,0.0,0.5833666684685659,0.6610451138452835,0.6701047673190936,58.0,59.43
49118.25,0.0,0.5734796475485161,0.6628836091076227,0.6597904653618127,54.25,57.84
47071.75,0.0,0.5622195794367263,0.6568377881487767,0.6424916754649558,48.01,54.91
45149.0,0.0,0.540137304719174,0.6466907085277895,0.6307967189149679,42.95,47.37
43664.25,0.0,0.5045461916860371,0.625406590298402,0.639324291399334,47.09,47.49
41057.25,0.0,0.4706200335153251,0.5806816574741903,0.6319337285795501,35.55,39.7
38390.0,0.0,0.4457700416238715,0.4977725922783199,0.6234061560951839,30.59,34.66
37078.0,0.0,0.4261960105951673,0.5123391316645454,0.6271420449930968,20.07,28.09
37041.75,0.0,0.4232769338883183,0.5326332909065196,0.6376999918785023,31.03,28.77
37358.25,0.0,0.4431428725877074,0.5503818413237166,0.6029399821327053,18.39,23.92
39412.25,0.0,0.4846153846153846,0.6393367274784331,0.6103305449524893,11.08,23.26
42454.0,0.0,0.5346288988593978,0.7006788290199406,0.6143100787785267,13.78,28.53
47726.0,0.0,0.5973133682901779,0.7168363739216518,0.6065134410785349,47.63,45.07
52564.75,0.0,0.6406724687820964,0.7205840758025739,0.622025501502477,58.1,59.6
56047.5,0.0025900854418623,0.6707227417698254,0.7200537406307453,0.6274669048972631,65.67,65.83
57931.5,0.0110259214925496,0.6906319260500567,0.7140786310281432,0.6999918785023959,64.73,66.07
59509.5,0.0204265901679943,0.6864208876155468,0.7004313392730872,0.6468772841712012,68.98,68.1
60929.5,0.0274745119082015,0.667619871344397,0.6211992646018951,0.6463087793389101,73.54,71.99
61269.75,0.028944978742725,0.6398291799556732,0.5961320888134635,0.722894501746122,78.16,75.09
60607.0,0.0243013992652825,0.6141250878425861,0.5468109178334041,0.6458214894826606,78.87,75.92
59705.0,0.0152361002187641,0.5936969565922482,0.4770895205770046,0.6649070088524324,79.24,78.09
60067.0,0.007140793329756,0.5848532353100168,0.4344859284401074,0.6871599122878259,79.96,78.14
61427.0,0.0015994551533413,0.5970863289907563,0.4530123037759864,0.6727848615284658,83.46,79.68
63376.75,0.0,0.626817665819774,0.5348253429500778,0.677414115162836,80.92,82.4
63072.0,0.0,0.6649278339369695,0.6407155989251874,0.6440347600097458,74.95,74.58
61214.75,0.0,0.7059138331801719,0.7161292603592136,0.6467960691951596,63.18,67.23
58093.5,0.0,0.7425968971295746,0.73942865224155,0.6285226995858036,57.11,61.27
54777.75,0.0,0.7762311476296015,0.7410550134351577,0.6181271826524811,46.89,52.38
52006.25,0.0,0.7967836099248609,0.7229529062367416,0.6263298952326809,40.0,47.72
49067.5,0.0,0.821293042867182,0.7007495403761844,0.6267359701128888,7.43,35.65
46137.5,0.0,0.8168225309476188,0.4256470089096308,0.6071631608868675,-0.08,21.31
44335.25,0.0,0.8176441969836208,0.3618300098995898,0.5957118492650044,-1.23,19.73
43294.75,0.0,0.8296124114817017,0.3156554942723801,0.5998538130431251,-1.3,19.03
43656.25,0.0,0.8533866695497054,0.3121199264601895,0.6109802647608219,-1.31,18.59
45081.75,0.0,0.8570571382236878,0.3069226417762692,0.619507837245188,-1.31,18.82
47957.5,0.0,0.8759878912373642,0.3423136755762975,0.5961179241452124,-1.38,21.3
53736.25,0.0,0.910989783231526,0.5308301513223024,0.598148298546252,1.09,33.82
58238.5,0.0,0.9309962700686524,0.6648635270824494,0.6203199870056039,40.59,52.13
60985.0,0.0076412680067693,0.9298016108978864,0.6599490878235045,0.6299033541785105,59.61,65.36
62279.0,0.0408428612704833,0.9251635223525596,0.6644039032668646,0.5995289531389588,60.61,68.12
63084.75,0.0805145086061006,0.9215741391426564,0.6506505444774431,0.6053764314139527,57.0,64.5
64448.0,0.1076072150906014,0.9202389318341532,0.5806109461179465,0.6173150328920654,54.89,62.46
64460.75,0.1178798448012548,0.9144115898156656,0.5631805968038467,0.6165840981076911,53.89,61.78
63089.25,0.1080509349073347,0.8991729282663927,0.5377245085560741,0.6094371802160319,54.42,61.89
61937.75,0.0699168283320262,0.8775663549381048,0.4598713053316363,0.6260050353285146,60.86,65.57
61490.25,0.0280369009782474,0.8525595978160981,0.432753500212134,0.6122797043774872,67.18,71.77
62105.5,0.0029615718000577,0.8248553975890589,0.4214043275350021,0.6226752213108098,73.59,75.38
64559.0,0.0,0.7935293799664846,0.4036204214396832,0.6455778445545358,82.28,84.87
64586.5,0.0,0.7636250608140981,0.3890538820534578,0.6420043856087062,82.97,87.88
62472.25,0.0,0.7394615925185145,0.384422288219488,0.632908308292049,79.03,83.24
58666.5,0.0,0.7208497756635494,0.3908923773157969,0.6108178348087387,73.23,75.22
55714.0,0.0,0.7090004865127845,0.4063074529769481,0.588402501421262,67.41,69.27
52734.75,0.0,0.6951997405265149,0.4273087257813605,0.584341752619183,65.0,67.54
48999.5,0.0,0.6901508189631872,0.4418752651675859,0.5719970762608625,58.12,61.25
46366.0,0.0,0.6589653494783502,0.586444633008061,0.573458945829611,57.3,59.44
45278.25,0.0,0.672636358722093,0.5940107481261491,0.5621700641598311,50.46,54.02
44642.5,0.0,0.6888372344451051,0.576262197708952,0.5801997888410623,40.0,47.7
45027.25,0.0,0.7078652900156766,0.5685193042002545,0.5875903516608463,25.48,39.35
46279.75,0.0,0.7277258230174604,0.5444420873992363,0.5656623081296192,35.0,45.76
48751.5,0.0,0.7389318341531975,0.523405458916702,0.5610330544952489,57.73,60.9
53684.0,0.0,0.7333045029461052,0.4985150615188799,0.6050515715097864,72.65,74.17
59303.5,0.0,0.705054327260933,0.4620633573751944,0.6344513928368392,85.02,85.23
62947.25,0.0044578362983448,0.6807016595491648,0.4084287936642625,0.6117111995451961,91.47,91.4
64255.0,0.0281039749040326,0.6580355694902427,0.3570569933531325,0.5842605376431413,94.2,94.18
65365.0,0.0602788211499566,0.6268122601221687,0.3132866638382124,0.605701291318119,91.61,91.75
65554.75,0.0882692863334296,0.5970268663170982,0.2794866355536699,0.6702671972711768,90.03,90.02
65594.5,0.1031442192595038,0.5609438348018811,0.253394145099703,0.611142694712905,86.3,86.46
64722.75,0.1008843439138151,0.5124547272825558,0.2376255126573327,0.5947372695525055,85.96,86.08
63715.0,0.0766035827795434,0.4493810476241959,0.2373073115542356,0.6108178348087387,92.11,92.06
63035.0,0.0334440913030915,0.3741337369587545,0.2342313675576297,0.6463899943149517,98.62,98.18
63827.5,0.0034001320840384,0.3049462133088275,0.2307665111016829,0.7470153496304719,105.73,104.36
65704.5,0.0,0.2426239256176009,0.2277259227831989,0.8135304150085275,133.23,121.52
64839.75,0.0,0.1946429536731715,0.2312614905953896,0.8452854706407862,144.65,128.39
63362.75,0.0,0.1612519595653819,0.248479705840758,0.7062454316575977,125.0,115.93
59665.5,0.0,0.1476890642737445,0.2763399802008202,0.6346138227889223,103.59,100.54
56429.75,0.0,0.1389318341531974,0.311907792391458,0.6107366198326971,100.01,95.11
53468.75,0.0,0.1376290610303259,0.3676283411115825,0.6003411028993746,94.86,91.21
50083.0,0.0,0.1501432509865398,0.4419106208457078,0.6106554048566556,88.83,88.61
46882.75,0.0,0.1722309314016974,0.5650544477443077,0.6314464387233005,86.08,87.08
45242.0,0.0,0.1965673820206497,0.6478574459058125,0.5866969869243889,80.51,81.98
44115.25,0.0,0.2308611276285204,0.7100127280441239,0.5676114675546171,77.01,78.9
44397.0,0.0,0.2747932320665981,0.7140079196718994,0.5672866076504507,73.21,76.15
45672.25,0.0,0.317179306989567,0.7122047800876821,0.5702915617639893,74.05,75.66
48107.75,0.0,0.3547813395318666,0.7107905529628058,0.5742710955900268,76.03,79.09
52828.0,0.0,0.3874263473701281,0.712982605006364,0.5973361487858361,81.0,89.58
58204.0,0.0,0.4078274501324396,0.7125583368689011,0.633314383172257,87.0,107.33
61650.5,0.0056393692987163,0.4358127466349532,0.7142907650968745,0.6505319580930724,89.57,133.82
63237.0,0.0367926280596029,0.4573976971728201,0.7122754914439259,0.654673921871193,94.93,124.94
64022.0,0.0779037850332274,0.4690685983026109,0.7200183849526234,0.6347762527410055,96.28,125.58
64775.0,0.1069209972344904,0.4675009459970809,0.6882689859991514,0.6409485909201657,98.22,118.56
64509.25,0.1120237751269245,0.461430347586356,0.6977089520577004,0.6489888735482823,92.24,113.66
63212.0,0.0947960952656127,0.4619060489756203,0.7110380427096592,0.6254365304962235,91.54,113.99
62148.75,0.0595203698353077,0.4607816638737229,0.6890468109178334,0.6276293348493462,96.41,118.57
61704.75,0.0237390101952367,0.4555273258013946,0.7101541507566115,0.6647445789003492,100.05,139.66
62787.25,0.0030338052585957,0.4538137196605222,0.7292815726205628,0.7341021684398603,102.97,168.75
65094.75,0.0,0.4546299799989188,0.7455098288785179,0.7743035815804434,107.38,185.97
64997.5,0.0,0.4551110870857884,0.756399377740065,0.6989360838138553,108.45,154.06
63064.5,0.0,0.4523974268879399,0.7644958280299816,0.6800942093722082,103.96,119.75
59468.25,0.0,0.4420779501594681,0.7703295149200962,0.6375375619264192,100.09,110.85
56368.25,0.0,0.422898535055949,0.7784613208881347,0.6199139121253959,94.19,98.59
53853.5,0.0,0.3943294232120655,0.7915075661151181,0.6233249411191424,94.92,95.54
50416.0,0.0,0.3689604843505054,0.79154292179324,0.5957118492650044,86.8,88.83
47558.0,0.0,0.2930536785772203,0.8628199688870033,0.5854787622837652,82.25,83.33
45836.0,0.0,0.2649818909130223,0.8649413095743176,0.5691545520994071,80.2,81.63
44859.5,0.0,0.2492404994864587,0.8568448592844011,0.5745959554941932,76.13,78.94
44223.5,0.0,0.2410400562192551,0.8381417055579126,0.5775196946316901,73.01,76.79
44314.0,0.0,0.2330017838802097,0.8208527789563004,0.5717534313327377,73.01,76.87
44637.5,0.0,0.2279420509216714,0.8200042426813746,0.5761390400389832,74.59,78.23
45244.75,0.0,0.2232066598194497,0.8189082166595956,0.5804434337691871,75.1,78.63
46848.25,0.0,0.2168603708308557,0.8140291330787724,0.5998538130431251,81.39,83.79
50410.5,0.0037612993767284,0.2232607167955024,0.8061448168575873,0.5861284820920978,88.4,88.87
53938.0,0.0222788624262186,0.2281853073139088,0.7914722104369962,0.5936814748639649,92.23,92.62
55906.75,0.047539934783506,0.2293583436942537,0.7884316221185123,0.6063510111264517,97.3,97.51
57656.75,0.0655931398852519,0.2288610195145683,0.7589803422429642,0.659546820433688,100.43,100.58
58010.5,0.0670945639162917,0.2290610303259635,0.7565408004525527,0.6078940956712418,99.16,99.29
56947.75,0.0538913196020968,0.2338991296826855,0.7557629755338707,0.6330707382441322,95.22,94.52
56351.0,0.0308798035249927,0.2500189199416184,0.73942865224155,0.671404206935759,92.55,93.02
56437.25,0.0114851199075411,0.2570463268284772,0.7445905812473483,0.6466336392430764,95.09,94.25
57204.75,0.001460147769018,0.2639439969728093,0.7525456088247773,0.6705108421993016,99.85,99.11
59214.25,0.0,0.2739445375425698,0.7523688304341677,0.7709737675627386,104.27,106.65
59277.25,0.0,0.2846099789177793,0.751096026021779,0.7885974173637619,103.63,103.89
57654.75,0.0,0.29422130925996,0.7423985292037901,0.7434418906846423,99.0,99.31
54549.5,0.0,0.3059138331801719,0.7189930702870881,0.6581661658409811,92.14,92.75
52155.25,0.0,0.3138007459862695,0.6887286098147363,0.6385121416389182,88.0,88.62
50914.5,0.0,0.3183307205794908,0.6663131098854476,0.6145537237066515,86.57,87.38
48121.75,0.0,0.3242661765500838,0.6434379861405741,0.6400552261837082,79.87,81.55
45382.75,0.0,0.252829882696362,0.6693183425258097,0.6536993421586941,84.08,85.57
43746.25,0.0,0.2589004811070868,0.6397609956158959,0.6196702671972711,79.82,81.23
43048.75,0.0,0.266073841829288,0.632937349738368,0.6273044749451799,76.76,77.91
42566.5,0.0,0.2676955511108708,0.6111936076933956,0.6067570860066597,73.46,75.48
42672.5,0.0,0.2719714579166441,0.5787017394993635,0.6019654024202062,71.86,74.14
42592.75,0.0,0.2825395967349586,0.556639796351294,0.6047267116056201,72.08,74.63
42738.25,0.0,0.2876966322503919,0.5375830858435865,0.6143100787785267,74.9,77.24
44372.5,0.0,0.2908265311638467,0.512445198698911,0.6108990497847803,77.69,79.93
46910.75,0.0042927312502579,0.2921995783555868,0.4832767642483382,0.6307155039389264,81.79,83.57
50727.25,0.0305444338960663,0.2905724633763987,0.4368547588742752,0.6357508324535044,84.86,86.91
53437.25,0.0720631939571552,0.2853829936753338,0.3987413378588601,0.6576788759847316,87.15,89.25
56026.5,0.1066269038675857,0.2837018217200929,0.3633856597369537,0.6900836514253228,89.14,91.24
56856.5,0.1179985140545672,0.2911562787177685,0.3344293593551124,0.692763745634695,88.66,91.2
55751.25,0.1055898377842902,0.3083139629169144,0.3303281006929713,0.7180216031836271,84.81,87.73
54913.0,0.0705462913278573,0.3256500351370344,0.3363032102955735,0.7251685210752863,84.34,87.31
54643.5,0.0274951500392124,0.3345532190929239,0.3616178758308584,0.7378380573377731,88.01,90.31
56329.0,0.003064762455112,0.3440131899021568,0.3973271107339838,0.744254040445058,93.42,95.01
59864.25,0.0,0.3526514946753878,0.4380214962522981,0.7706489076585722,101.77,102.72
60473.25,0.0,0.3573058003135305,0.4736246641210578,0.7099813205555104,104.85,105.49
59068.25,0.0,0.3550732472025515,0.4939895347192759,0.6910582311378218,103.55,103.66
56368.75,0.0,0.3504513757500405,0.5057629755338707,0.6732721513847153,100.5,100.61
54746.5,0.0,0.3426077085247851,0.5202941592419743,0.715910013806546,93.31,93.77
54224.5,0.0,0.3341153575868966,0.5394569367840475,0.6311215788191342,91.17,91.7
51706.75,0.0,0.3288069625385156,0.5602814311978503,0.6067570860066597,83.86,85.38
50045.0,0.0,0.3323422887723661,0.7697638240701457,0.6018029724681231,87.02,86.87
48530.75,0.0,0.3317260392453646,0.7725215669636544,0.602209047348331,84.32,85.02
48045.0,0.0,0.3441969836207362,0.7725922783198982,0.6040769917972875,81.82,82.02
48212.25,0.0,0.3584464025082436,0.7879012869466836,0.5902704458702185,79.11,79.8
49203.0,0.0,0.354867830693551,0.7847192759157121,0.6004223178754162,78.48,80.36
52497.75,0.0,0.348305313800746,0.7615966624239853,0.5948996995045887,82.1,83.84
60305.25,0.0,0.3520460565435969,0.7461815867628341,0.6379436368066271,94.3,97.6
66176.0,0.0,0.3510892480674631,0.7338070994201669,0.668074392918054,111.1,111.87
69647.5,0.0107731043876666,0.3531974701335207,0.7257813604864941,0.7089255258669699,121.11,122.03
70157.5,0.0696536921616378,0.3566246824152657,0.7446259369254702,0.717453098351336,117.83,122.0
69722.0,0.1479857184133405,0.35288934537002,0.7488332626219771,0.6956062697961504,110.6,115.77
69755.75,0.2125882280100714,0.347424185091086,0.6868901145523971,0.6543490619670267,103.0,108.76
69315.75,0.2405270978660172,0.3428617763122331,0.6303917409135907,0.6579225209128563,95.5,101.03
69045.5,0.2224532546332604,0.3467376614952159,0.5809291472210437,0.6307967189149679,92.6,100.35
68221.5,0.1566124571758781,0.352164981890913,0.5321383114128129,0.6419231706326647,100.0,106.37
67905.25,0.0690087505675486,0.3553056921995783,0.5135058690425682,0.6570291561763989,107.98,111.97
68308.25,0.0067951046353242,0.3636412779069138,0.4931056427662282,0.6569479412003574,116.87,122.61
70711.0,0.0,0.3748526947402562,0.4972776127846132,0.7680500284252416,129.13,131.01
70678.25,0.0,0.3805665171090329,0.4835949653514354,0.8486964996345326,130.01,129.86
69326.75,0.0,0.3755878696145737,0.4575731862537123,0.6915455209940713,122.12,121.58
65828.0,0.0,0.3647062003351533,0.4188233630321029,0.6662876634451392,114.21,112.83
62587.25,0.0,0.3486404670522731,0.3736388063923066,0.6859416876472021,102.83,101.54
59977.5,0.0,0.3296232228769122,0.328913873568095,0.6959311297003168,99.98,99.23
56515.0,0.0,0.3116384669441591,0.2867699052467826,0.6626329895232681,91.49,92.11
54800.0,0.0,0.3173306665225147,0.3379649271673031,0.632908308292049,88.16,87.09
53013.75,0.0,0.3003567760419482,0.3112006788290199,0.6437099001055795,87.04,86.4
52305.25,0.0,0.2844369965944105,0.2976240984302079,0.6305530739868431,85.0,85.98
51986.25,0.0,0.2702524460781664,0.2747489746853345,0.6191829773410217,84.14,85.11
52933.25,0.0,0.2637926374398616,0.2430702870881063,0.6209697068139365,85.72,85.45
56133.0,0.0,0.2597870155143521,0.2123462028001697,0.6512628928774467,89.28,89.23
62377.75,0.0,0.2531488188550732,0.1910267288926601,0.7233817916023715,108.51,102.87
68218.5,0.0,0.2459268068544245,0.1738438693254136,0.7148542191180054,124.06,116.61
70871.5,0.022722582242952,0.2422887723660738,0.1585348606986282,0.798099569560627,133.24,133.03
70857.25,0.1317589879060552,0.230050272987729,0.1357658039881205,0.9112320311865508,120.91,124.17
70830.25,0.2609433689685062,0.2078382615276501,0.1120067882901994,0.8454479005928693,113.19,114.15
70792.0,0.3518130598093036,0.1835450564895399,0.0884599066610097,0.6959311297003168,105.78,107.56
70341.25,0.3790089569488587,0.1726255473268825,0.073610521849809,0.6678307479899294,100.22,101.65
68867.0,0.3339610764849135,0.1732363911562787,0.0683778814877669,0.6489888735482823,100.82,101.78
67306.5,0.2258946629793206,0.1806151683874804,0.0676354122472069,0.7414115162836027,110.89,110.06
67221.0,0.098975316795311,0.1971620087572301,0.0652665818130391,0.8256314464387233,119.4,117.33
68084.25,0.0095915713872951,0.225839234553219,0.0621199264601895,0.8290424754324698,127.85,126.21
71236.25,0.0,0.2485539758905886,0.0597864517041436,0.8634776252741005,137.84,137.6
71059.25,0.0,0.2579166441429266,0.0574883326262197,0.8883294079428247,137.8,136.83
69586.5,0.0,0.2566192767176604,0.0549073681233206,0.8485340696824495,130.43,129.71
66124.75,0.0,0.249208065300827,0.0534931409984443,0.8210834077803947,120.24,117.53
63224.0,0.0,0.2356397643115844,0.0520435581954461,0.7808819946398116,111.68,107.7
60247.75,0.0,0.220941672522839,0.0528213831141281,0.7153415089742549,106.18,101.2
57335.75,0.0,0.2080544894318612,0.0536345637109319,0.6456590595305775,97.09,95.02
55036.0,0.0,0.2105032704470512,0.0789492292462169,0.6675871030618046,89.29,87.08
53368.5,0.0,0.1982431482782853,0.0609178334040446,0.6973929992690652,86.76,86.83
52543.0,0.0,0.1910860046488999,0.0597864517041436,0.6199139121253959,86.73,86.82
52445.5,0.0,0.1863560192442834,0.0634634422288219,0.610574189880614,86.09,85.37
53119.0,0.0,0.1842694199686469,0.0655494272380144,0.6081377405993665,86.3,85.75
56026.25,0.0,0.1856532785555976,0.0715245368406166,0.6715666368878421,89.05,87.79
62505.0,0.0,0.1865452186604681,0.0877881487766935,0.8162105092178997,108.88,102.55
68074.5,0.0,0.1797340396778204,0.1122896337151746,0.8426865914074555,126.29,120.34
70666.75,0.0212521154084286,0.1757932861235742,0.1266793947107905,0.8468285551855762,141.28,139.72
71470.25,0.1215947083832088,0.164603492080653,0.1309574317635412,0.834808738731422,130.39,129.63
71238.5,0.2429778759235563,0.1367479323206659,0.1258662141139867,0.8067083570210347,118.56,117.62
70909.25,0.3343996367688942,0.0959673495864641,0.1172394286522415,0.8283927556241371,109.13,109.96
70050.0,0.3626119618607339,0.0691550894642953,0.1101329373497383,0.7834808738731422,102.21,102.08
68746.5,0.3216452718041854,0.0572139034542407,0.111759298543346,0.7707301226346138,105.61,102.78
67476.0,0.2183772237586164,0.0589923779663765,0.1165676707679253,0.8009420937220824,112.91,109.46
67311.25,0.0972055970611301,0.0702200118925347,0.1245226983453542,0.8612848209209778,123.8,121.0
68447.75,0.0109536880340116,0.0934915400832477,0.133290906519587,0.8892227726792821,134.64,132.11
71087.75,0.0,0.1150656792259041,0.1420237590156979,0.9184601640542516,143.79,142.78
70733.5,0.0,0.120882209849181,0.1403973978220902,0.88962884755949,140.0,139.13
69510.75,0.0,0.1128763716957673,0.1250530335171828,0.9031105335823926,132.15,131.16
66369.5,0.0,0.1018379371857938,0.1091429783623249,0.8379761227970438,120.0,119.06
63116.0,0.0,0.0891561706038164,0.0937632583792957,0.7762527410054414,109.76,106.63
60387.5,0.0,0.0790907616627925,0.0838636685051619,0.7585478762283765,104.49,99.16
57235.0,0.0,0.0733336937131736,0.0830858435864799,0.7263055307398685,96.03,86.64
55496.75,0.0,0.066581977404184,0.0980766511101682,0.6692926175586779,91.75,90.76
54369.0,0.0,0.0732417968538839,0.1245580540234761,0.6230812961910176,88.59,82.36
53263.75,0.0,0.0817233363965619,0.1455946825060104,0.6120360594493625,87.25,81.32
53320.75,0.0,0.0877993405048921,0.1776269268844576,0.622431576382685,82.38,77.94
54278.5,0.0,0.0899670252446078,0.2323575166171687,0.6583285957930642,81.95,77.58
57389.75,0.0,0.0969782150386507,0.2826686465846414,0.7222447819377893,89.36,82.46
63831.5,0.0,0.1074220228120439,0.334217225286381,0.7986680743929181,102.07,99.42
69391.5,0.0,0.1171090329206984,0.3718710224862113,0.7985868594168765,116.86,116.39
71973.5,0.0192656952986337,0.1266987404724579,0.3817352566822232,0.8178348087387314,141.0,139.06
72159.25,0.1034589507574194,0.127287961511433,0.3895488615471644,0.8538130431251523,129.16,128.13
71926.0,0.2084709208734057,0.1214011568192875,0.3657898458492434,0.7933891009502152,113.65,113.23
71881.5,0.2860341767449539,0.1041083301800097,0.3464856455946825,0.7552992771867132,106.48,105.89
71181.5,0.3088031947826805,0.0926482512568246,0.3359850091924763,0.8285551855762202,99.38,99.0
70395.5,0.2757409089032897,0.0898751283853181,0.336091076226842,0.7669130187606594,99.0,98.87
68729.5,0.1933896066372229,0.0912103356938212,0.2882548437279027,0.8069520019491594,105.98,105.61
68330.5,0.0879081190407396,0.0978485323531001,0.2618441521708386,0.8371639730366279,117.96,116.78
69340.75,0.0107782639204193,0.1082707173360722,0.2340899448451421,0.8988061398521887,137.35,129.49
71401.25,0.0,0.1109627547434996,0.2032951492009616,0.9350280191667344,150.09,143.2
70807.75,0.0,0.1037461484404562,0.1679748267571772,0.9083895070250956,136.69,136.43
69581.0,0.0,0.0935834369425374,0.1303917409135907,0.797124989848128,132.31,132.0
66048.5,0.0,0.085269474025623,0.0984655635695092,0.800617233817916,117.88,117.66
62573.25,0.0,0.0755446240337315,0.0763682647433177,0.7659384390481605,107.19,106.72
59745.0,0.0,0.065544083463971,0.0689789280158393,0.7573296515877528,100.0,101.01
56121.25,0.0,0.0568246932266609,0.0748833262621977,0.6945504751076098,97.22,94.29
53736.5,0.0,0.052792042813125,0.0728326969311271,0.6563794363680663,91.04,88.96
52425.0,0.0,0.0531758473430996,0.126502616320181,0.6147161536587347,88.22,86.16
52004.75,0.0,0.0537434455916536,0.1882336303210295,0.6299033541785105,85.22,84.57
52015.0,0.0,0.0553867776636574,0.2588035638523547,0.6185332575326891,84.63,83.13
53285.25,0.0,0.0584680252986647,0.3231508980342243,0.648257938763908,84.34,83.89
56643.0,0.0,0.0696361965511649,0.4285815301937491,0.6512628928774467,85.32,86.48
62864.5,0.0,0.0761500621655224,0.5191627775420733,0.7736538617721108,92.11,94.54
67932.5,0.0,0.0765879236715498,0.555897327110734,0.8011045236741655,118.16,118.44
70660.5,0.0090807776447764,0.0825828423158008,0.5857375194456229,0.8930398765532365,140.74,139.68
72068.5,0.0490207206835349,0.0846856586842532,0.6067387922500354,0.8088199463981158,134.96,133.53
72629.75,0.0995944607256366,0.0969511865506243,0.619360769339556,0.6832615934378299,122.01,120.8
72704.5,0.1328579683823832,0.1079950267582031,0.6193961250176778,0.7842118086575165,114.73,113.35
72207.25,0.1438064968836422,0.1206984161306016,0.6482110026870316,0.7531876878096321,106.98,106.08
70746.75,0.1314339373426342,0.1359370776798746,0.6849101965775704,0.7474214245106797,103.08,102.17
69254.0,0.0965348578032773,0.1512676360884372,0.6470796209871306,0.7923333062616746,104.54,103.69
68898.75,0.043572254096669,0.1660035677604195,0.648034224296422,0.7622837651262893,110.0,109.12
69515.75,0.0058870268708465,0.1832369317260392,0.6388063923066044,0.815966864289775,120.0,118.67
70789.0,0.0,0.2033082869344289,0.6115471644746147,0.8698936083813855,127.5,126.67
69893.25,0.0,0.2208984269419968,0.5808937915429218,0.8789084707220012,126.0,125.58
68176.75,0.0,0.2330990864371047,0.5501343515768632,0.8340778039470479,119.47,119.1
64494.25,0.0,0.2451375750040542,0.5204709376325838,0.7687809632096159,108.79,108.09
61202.75,0.0,0.2587329044813233,0.4934945552255692,0.7474214245106797,98.48,97.41
58308.75,0.0,0.2717606357100384,0.4746499787865931,0.704621132136766,93.37,92.35
55414.75,0.0,0.2866641440077842,0.4725993494555225,0.6677495330138877,85.38,86.55
52378.5,0.0,0.2483161251959565,0.5273299391882337,0.7321530090148624,90.0,84.9
50325.25,0.0,0.2612087139845397,0.5337293169282987,0.6701047673190936,85.0,81.81
49355.0,0.0,0.2765230553002865,0.6416702022344789,0.7022658978315601,82.0,79.54
48970.75,0.0,0.2888912914211579,0.7423278178475463,0.6794444895638756,78.47,77.2
49063.0,0.0,0.3149413481809827,0.7831989817564701,0.624949240639974,75.0,75.76
49167.5,0.0,0.3431969295637602,0.7935935511243105,0.6198326971493543,74.92,72.36
50178.5,0.0,0.360392453646143,0.754525526799604,0.5896207260618858,78.1,71.49
53811.5,0.0,0.3789502135250554,0.7104016405034649,0.62884755948997,82.22,75.52
57557.75,0.0055207000454038,0.4157251743337478,0.7259227831989817,0.68634776252741,85.26,81.74
60752.25,0.0308488463284764,0.4400562192550948,0.7338070994201669,0.7218387070575815,75.11,85.39
62952.0,0.065376439509638,0.4787123628304233,0.7475604582095885,0.7340209534638187,74.21,83.9
64200.75,0.0908645313080447,0.5184226174387805,0.7432470654787159,0.7301226346138228,72.72,82.23
64593.75,0.1027417757047921,0.5557381480080005,0.7431056427662283,0.7414927312596443,70.35,76.68
64119.75,0.1000433400751227,0.5900481107086869,0.7420449724225711,0.690246081377406,63.67,74.81
63226.0,0.0806847731869401,0.6213633169360506,0.7219275915712063,0.6416795257045399,67.91,78.97
62737.75,0.0381444256408139,0.6405102978539381,0.7288926601612219,0.6757898156420044,68.61,83.58
63238.75,0.0059747389276427,0.6567327963673713,0.7334535426389478,0.6573540160805652,70.78,87.73
65444.5,0.0,0.6703281258446403,0.7393225852071843,0.688296921952408,74.22,91.74
65405.25,0.0,0.6805719228066383,0.7443430915004949,0.705595711849265,75.81,92.37
63272.25,0.0,0.6880209741067085,0.7483382831282704,0.7310972143263218,73.82,88.2
59622.25,0.0,0.6946159251851451,0.7577782491868194,0.7246000162429952,73.06,83.76
56991.25,0.0,0.6989945402454186,0.7637887144675435,0.6382684967107934,70.93,80.28
55490.0,0.0,0.6922212011460079,0.7732640362042144,0.599691383091042,64.3,77.18
53277.0,0.0,0.691399535110006,0.779451279875548,0.5711849265004467,63.16,73.49
49436.25,0.0,0.5822909346451159,0.5447956441804553,0.5726467960691951,64.02,73.44
48322.5,0.0,0.5858641007622034,0.5380073539810494,0.5642004385608707,62.11,71.77
47118.75,0.0,0.589285907346343,0.6028496676566256,0.5651750182733696,62.93,70.18
46262.5,0.0,0.5680577328504244,0.6490241832838354,0.5698854868837814,64.01,69.13
46256.75,0.0,0.5494945672739067,0.7070074954037618,0.5845041825712661,64.67,69.26
45850.0,0.0,0.5299421590356236,0.7181798896902842,0.5806870786973117,65.2,71.01
45479.25,0.0,0.5071571436293854,0.6956936784047518,0.5784942743441891,67.31,70.26
47445.5,0.0,0.4839937293907779,0.6618936501202093,0.5810931535775197,71.66,74.36
50614.0,0.0092613612911214,0.4646575490567057,0.6714043275350021,0.6888654267846991,76.74,78.09
54680.25,0.0516314442564081,0.4409859992432023,0.6584641493423844,0.6562170064159831,81.14,84.04
57932.0,0.1062708961076484,0.4334937023622898,0.6796068448592844,0.5974173637618777,80.63,84.98
59886.75,0.1469073760680233,0.4382993675333801,0.713371517465705,0.5955494193129213,81.84,85.06
60017.25,0.1636242621868163,0.4524947294448349,0.7633290906519588,0.5896207260618858,80.39,82.11
58633.5,0.1519998348949519,0.4639494026704146,0.7962805826615754,0.5666368878421181,77.04,78.09
57037.75,0.1050274487142444,0.4835937077679874,0.7638594258237873,0.5801997888410623,79.15,79.9
57106.75,0.0496037478845915,0.4900913562895291,0.7640008485362749,0.5883212864452205,82.32,82.9
58270.25,0.007646427539522,0.5037191199524299,0.7660868335454674,0.7247624461950783,86.62,87.15
61719.5,5.159532752713915e-06,0.5321747121466025,0.7730872578136049,0.7503451636481767,91.86,92.24
62621.5,0.0,0.5644034812692578,0.7812897751378871,0.7479087143669293,96.97,96.89
61414.0,0.0,0.5946267365803557,0.7836586055720549,0.7087630959148867,88.91,88.85
59189.0,0.0,0.6284393751013568,0.7762692688445765,0.648664013644116,81.0,82.74
57744.0,0.0,0.6630520568679388,0.7717083863668505,0.6470397141232843,78.6,80.66
56743.25,0.0,0.6878371803881291,0.7770824494413803,0.6438723300576626,75.39,77.79
53985.25,0.0,0.7167846910643818,0.7754914439258945,0.5881588564931374,67.19,69.96
51829.0,0.0,0.6756689550786529,0.6286593126856173,0.5447900592869325,67.9,73.19
50943.25,0.0,0.6930915184604574,0.6912388629613916,0.5466580037358889,65.0,69.5
49711.0,0.0,0.7021298448564788,0.680101824352991,0.5432469747421425,63.94,67.16
50230.5,0.0,0.7000702740688686,0.7343374345919955,0.5380492162754812,62.04,64.51
51887.75,0.0,0.7036866857667982,0.7580257389336728,0.5629822139202469,62.04,65.06
55437.75,0.0,0.6982863938591275,0.7795573469099137,0.5890522212295948,69.25,71.66
63032.75,0.0,0.6561706038164226,0.7867699052467826,0.6905709412815724,79.95,82.72
69980.75,0.0,0.6210065408941023,0.8241762126997596,0.7487208641273451,83.84,89.07
72997.75,0.0089724274569694,0.6060760041083302,0.8223023617592985,0.8137740599366523,99.3,99.83
74240.5,0.0487421059148883,0.5897724201308179,0.7948309998585773,0.7906277917648015,100.29,100.31
75080.5,0.0964626243447393,0.5758419374020217,0.758273228680526,0.7361325428408999,94.88,95.67
75508.25,0.1234211829776695,0.5711173576950105,0.7184627351152595,0.654673921871193,90.26,91.18
74550.25,0.1242828249473727,0.5742905021893076,0.6949512091641917,0.7403557215950621,83.86,85.44
73766.75,0.1069932306930284,0.5716471160603276,0.677096591712629,0.7407617964752701,82.15,84.46
72503.5,0.0755561976307425,0.5696145737607439,0.6431904963937208,0.6564606513441078,84.5,87.45
72052.5,0.0348320056135716,0.5393642899616196,0.6445693678404751,0.5789815642004386,89.44,92.97
71540.5,0.0054020307920914,0.5090599491864425,0.6435086974968179,0.620482416957687,97.52,100.31
73040.0,1.031906550542783e-05,0.4809395102437969,0.6387356809503606,0.7596848858929587,106.46,107.6
72747.25,0.0,0.4589437266879291,0.6402559751096026,0.7653699342158694,112.8,114.02
70928.75,0.0,0.4359046434942429,0.6448168575873285,0.6877284171201169,110.38,110.96
67312.25,0.0,0.4139629169144278,0.6506151887993211,0.6535369122066109,102.42,103.37
63942.5,0.0,0.3932266609005892,0.655564983736388,0.5728904409973199,91.78,93.83
60518.5,0.0,0.3766473863452078,0.6570145665393863,0.5728904409973199,89.49,91.06
56574.5,0.0,0.3763446672793124,0.6595248196860416,0.5792252091285633,86.43,87.34
54293.25,0.0,0.3678955619222661,0.5320322443784472,0.5546982863640055,81.45,82.36
52567.0,0.0,0.3619384831612519,0.568731438268986,0.5564038008608787,81.07,82.0
51947.75,0.0,0.3611276285204605,0.6029557346909914,0.5435718346463088,79.92,80.78
52273.5,0.0,0.3576517649602681,0.6445340121623533,0.5546982863640055,78.19,79.28
53132.25,0.0,0.3450510838423699,0.6688587187102248,0.5676926825306586,76.97,78.69
56513.0,0.0,0.3251364938645332,0.6654645736105218,0.5797937139608543,81.45,83.77
62958.0,0.0,0.3038380452997459,0.6095318908216659,0.6787947697555429,94.07,103.38
68394.5,0.0,0.2868533434239688,0.4711497666525244,0.7332900186794445,114.77,131.66
70627.5,0.0084667932472035,0.2762960160008649,0.3495969452694102,0.7589539511085844,144.11,168.09
71014.25,0.0441346431667148,0.2708362614195362,0.26057134775845,0.7527816129294241,138.6,163.01
71388.0,0.0883415197919676,0.2638845342991513,0.2212558336868901,0.703078047591976,122.0,147.58
71522.25,0.1195876501424031,0.2555327314989999,0.2262409843020789,0.6643385040201413,110.0,128.02
71193.0,0.1361961860733891,0.2470782204443483,0.275668222316504,0.5863721270202226,103.43,114.44
69714.5,0.1319860073471746,0.2455430023244499,0.3571630603874982,0.5689109071712823,94.98,107.4
68421.75,0.1002858381145003,0.2565381912535813,0.4541083297977655,0.5948996995045887,96.0,111.21
68505.5,0.0497585338671729,0.2512730417860425,0.4862819968887003,0.6018841874441647,110.25,124.74
68967.5,0.0086628554918066,0.2542840153521812,0.4989746853344647,0.7122553398846747,111.39,129.45
71948.25,2.063813101085566e-05,0.2691713065571112,0.5163696789704426,0.761958905222123,128.15,140.55
72143.0,0.0,0.2910319476728472,0.549109036911328,0.7726792820596118,127.31,130.83
71308.25,0.0,0.3080544894318612,0.5952481968604157,0.6617396247868107,111.77,117.24
68473.5,0.0,0.3169576733877507,0.6540446895771461,0.6355071875253797,95.49,104.06
65557.25,0.0,0.3184820801124385,0.7274077216801018,0.5849102574514741,86.21,93.2
62837.0,0.0,0.3146278177198767,0.7865577711780511,0.6245431657597661,82.04,88.51
59789.75,0.0,0.3171847126871723,0.821383114128129,0.6063510111264517,77.69,82.54
57797.25,0.0,0.3783231526028434,0.893897609956159,0.6003411028993746,71.61,75.8
56396.75,0.0,0.3840369749716201,0.8308937915429218,0.5824738081702265,71.52,74.85
55344.75,0.0,0.3983891021136277,0.7855324565125159,0.5817428733858524,70.69,73.3
55417.0,0.0,0.4065841396832261,0.7520506293310706,0.5786567042962723,69.74,72.69
55906.25,0.0,0.4107897724201308,0.7426106632725216,0.589783156013969,69.47,72.02
58840.0,0.0,0.4092113087193902,0.7282916136331495,0.5827174530983513,71.06,74.91
65838.25,0.0,0.4229904319152386,0.694102672889266,0.5936814748639649,75.09,81.22
71258.75,0.0,0.4182820693010433,0.6760359213689718,0.6384309266628766,84.39,91.59
74318.0,0.0068982952903785,0.3951132493648305,0.5625795502757743,0.6494761634045318,96.5,101.24
74747.0,0.0303122549221942,0.3685388399372939,0.4515980766511102,0.6236498010233087,106.16,106.92
74634.75,0.0557229537293102,0.3137899345910589,0.4020647716023193,0.7038901973523918,110.33,109.28
74757.5,0.06669212036158,0.2399372939077788,0.3728963371517466,0.7569235767075448,111.1,110.45
74558.0,0.0638595368803401,0.1819828098816152,0.3503747701880922,0.678388694875335,117.71,111.18
73251.75,0.0517707516407314,0.145191631980107,0.338353839626644,0.6399740112076667,121.7,112.89
71998.5,0.0324328228835596,0.1256986864154819,0.3289492292462169,0.6911394461138634,121.74,113.75
70668.75,0.0148800924588269,0.118963187199308,0.2946188657898458,0.7532689027856737,125.46,115.36
70618.0,0.0031576340446609,0.1201037893940213,0.2587328524961109,0.7321530090148624,128.56,118.48
72079.25,9.287158954885044e-05,0.1229525920320017,0.2327464290765097,0.7907902217168846,140.52,129.05
71909.25,0.0,0.1235958700470295,0.2132300947532173,0.8027288231949972,123.59,120.19
69970.0,0.0,0.1230715173793178,0.1929005798331212,0.7362137578169414,114.28,112.44
65821.0,0.0,0.1236066814422401,0.191839909489464,0.7014537480711444,109.8,104.86
62589.5,0.0,0.1226877128493432,0.1996181586762834,0.6345326078128807,101.09,96.39
59843.0,0.0,0.1239039948105303,0.2102955734690991,0.6731097214326321,94.28,90.55
56208.25,0.0,0.1270825450024325,0.2258874275208598,0.6316900836514253,84.17,82.81
53968.0,0.0,0.1165198118817233,0.2442723801442511,0.6104117599285308,81.33,77.51
51735.5,0.0,0.1129250229742148,0.2316504030547305,0.5939251197920896,77.2,76.11
50971.75,0.0,0.113752094707822,0.2742539951916278,0.5924632502233412,75.29,74.98
51442.0,0.0,0.1109951889291313,0.3142412671475039,0.6058637212702023,74.91,74.25
52840.5,0.0,0.1139791340072436,0.3418186960825908,0.6472833590514091,77.57,75.04
56226.75,0.0,0.1244769987566895,0.3331919106208457,0.6286039145618452,81.0,78.33
62718.0,0.0,0.1133953186658738,0.3371163908923773,0.7202144075367498,91.44,90.74
68526.25,0.0,0.1105086761446564,0.3402984019233488,0.7593600259887924,111.55,107.78
71733.5,0.005825112477814,0.1182117952321747,0.3709517748550417,0.7751969463169008,125.89,121.03
71978.0,0.0369835307714533,0.1258932915292718,0.4004384104087116,0.778283115406481,122.17,118.25
71997.75,0.0767686878276303,0.1341694145629493,0.4404963937208315,0.8123121903679038,110.9,111.47
72378.75,0.1092737441697279,0.1323531001675766,0.4643261207749964,0.8281491106960124,107.95,104.82
72456.25,0.1227968795145911,0.1277312287150656,0.4689577146089662,0.7368634776252742,93.55,96.61
71274.0,0.1133962108391464,0.1336126277096059,0.4693466270683071,0.6626329895232681,87.62,90.59
69990.75,0.0838320881660956,0.1484134277528515,0.4472846839202375,0.7002355234305205,86.43,92.48
69486.75,0.0424113592273083,0.1661278988053408,0.4929642200537406,0.7418988061398522,94.25,96.82
69971.75,0.0078528088496305,0.1940483269365911,0.5525385376891528,0.7383253471940225,99.52,101.53
72702.75,5.675486027985306e-05,0.2238769663225039,0.6288360910762268,0.787216762771055,104.68,106.15
73060.75,0.0,0.2498621547110654,0.6982392872295291,0.7744660115325266,103.26,104.94
71826.0,0.0,0.270755175955457,0.7574954037618441,0.7454722650856818,94.53,98.55
69114.75,0.0,0.2924698632358506,0.7976240984302079,0.748152359295054,86.97,91.4
66013.5,0.0,0.3160711389804854,0.8089732711073399,0.7012913181190612,83.12,83.41
62931.5,0.0,0.339353478566409,0.8091854051760713,0.6399740112076667,80.93,80.86
59670.75,0.0,0.3660468133412617,0.8059680384669778,0.6147973686347763,73.61,74.53
56778.0,0.0,0.406151683874804,0.6745509828878518,0.606107366198327,70.58,71.95
55245.5,0.0,0.442586085734364,0.7051690001414227,0.6088686753837408,66.95,68.77
54602.5,0.0,0.4631007081463862,0.7107905529628058,0.6108990497847803,65.63,67.63
54940.0,0.0,0.4831071949835126,0.7188870032527224,0.6146349386826931,62.76,65.61
55971.25,0.0,0.4936050597329585,0.721326545043134,0.6139040038983189,63.32,66.05
58875.5,0.0,0.50313530461106,0.722811483524254,0.6169089580118574,67.47,69.24
65697.75,0.0,0.5157522028217741,0.7094823928722953,0.6467960691951596,77.94,79.33
71436.75,0.0,0.5004865127844749,0.6735610239004384,0.709087955819053,87.17,89.64
73952.75,0.0128111198249886,0.4895778150170279,0.685440531749399,0.7163973036627954,104.27,105.01
74289.25,0.0619247120980724,0.486739823774258,0.7017748550417197,0.8167790140501908,103.06,104.81
74792.25,0.1195360548148759,0.4604735391102221,0.7428581530193749,0.7284171201169496,95.15,97.06
74597.5,0.16431563957568,0.4394886210065409,0.7701173808513647,0.6443596199139121,86.36,88.34
73628.5,0.1856348289098939,0.4306394940267041,0.806675152029416,0.6190205473889385,76.83,80.72
71713.0,0.1772505881867338,0.442175252716363,0.7870527506717578,0.6178835377243563,73.35,77.94
69762.0,0.1348340694266727,0.4629115087302016,0.7682081742327818,0.6331519532201738,75.21,80.19
69607.75,0.0710106492756016,0.4938212876371696,0.7625159100551548,0.6302282140826768,77.45,84.58
70134.5,0.0137295166549717,0.530909778906968,0.7456158959128836,0.6303094290587185,84.69,92.9
72528.25,0.0,0.5696253851559544,0.7374487342667232,0.68480467798262,93.6,100.09
72402.5,0.0,0.5989675117573923,0.7344081459482393,0.7018598229513522,91.7,97.94
70750.25,0.0,0.6162711497918807,0.7328878517889973,0.6668561682774303,82.23,89.38
66778.25,0.0,0.6248878317746905,0.7360345071418469,0.6533744822545278,74.0,82.04
63169.25,0.0,0.6288664252121736,0.7376255126573328,0.6597904653618127,71.12,76.95
60588.25,0.0,0.6186442510405968,0.7433884881912035,0.6193454072931048,68.64,75.66
57717.0,0.0,0.6163035839775123,0.7461462310847122,0.6354259725493381,64.75,71.15
54921.75,0.0,0.6578355586788475,0.5808937915429218,0.636806627142045,66.0,71.52
52884.0,0.0,0.6520460565435969,0.5428157262056287,0.6034272719889547,63.45,66.66
52634.25,0.0,0.639158873452619,0.5958138877103663,0.6356696174774629,63.54,67.48
52061.0,0.0,0.6252121736310071,0.6002333474756045,0.63039064403476,61.82,64.96
52443.25,0.0,0.6186983080166496,0.6148705982180738,0.6039145618452042,61.85,64.29
52478.0,0.0,0.6148981026001406,0.6447107905529628,0.6193454072931048,61.75,64.86
53218.25,0.0,0.6117249581058436,0.6266440390326686,0.6039957768212458,62.59,66.89
55456.25,5.159532752713915e-06,0.6046867398237743,0.617098005939754,0.6030211971087468,66.9,71.13
59313.0,0.0156075865769595,0.5950808151791989,0.6337858860132938,0.6186956874847722,74.82,78.37
62633.0,0.0820984851611838,0.5899345910589762,0.6471149766652524,0.6165028831316495,77.9,82.1
63901.5,0.1576082469971519,0.5631709822152549,0.7013859425823787,0.6245431657597661,71.8,76.78
64359.25,0.2138832707310026,0.5282934212660144,0.7201244519869892,0.6347762527410055,70.77,73.84
63747.25,0.239051471498741,0.4975944645656522,0.7361405741762127,0.6277917648014294,67.73,71.38
61449.25,0.2219424608907417,0.4696037623655332,0.7347970584075803,0.6233249411191424,68.78,70.76
58773.75,0.1657293515499236,0.4467322557976106,0.7432117098005939,0.6152846584910258,73.39,74.12
58021.0,0.0865408428612704,0.428169090221093,0.7346202800169708,0.5983107284983351,79.11,80.18
58974.75,0.0174546993024311,0.4191361695226769,0.7362112855324565,0.6251928855680987,87.8,88.35
62004.75,3.61167292689974e-05,0.4188280447591762,0.7501060670343657,0.6480142938357834,94.93,94.67
63006.5,0.0,0.4191415752202821,0.7734408145948239,0.7034029074961423,99.87,99.21
61918.75,0.0,0.4180117844207795,0.798331211992646,0.6954438398440672,91.57,91.6
59546.25,0.0,0.4159522136331693,0.8163626078348183,0.6165028831316495,81.97,83.75
57247.75,0.0,0.4142440131899021,0.8255550841465139,0.6245431657597661,75.74,77.18
56165.75,0.0,0.4126925779771879,0.8327676424833829,0.6021278323722894,74.68,76.61
53372.5,0.0,0.4228336666846856,0.8250954603309292,0.5906765207504264,69.13,70.44
50671.75,0.0,0.47933401805503,0.7948663555366992,0.5686672622431577,66.83,66.03
48992.75,0.0,0.5033785610032975,0.7962098713053316,0.5756517501827337,57.55,60.1
47880.25,0.0,0.5292286069517271,0.8037052750671758,0.587833996588971,55.15,56.55
47350.25,0.0,0.5464133196388994,0.785850657615613,0.5777633395598148,50.89,53.62
46787.5,0.0,0.5657657170657874,0.7229882619148635,0.5696418419556566,48.51,52.27
46676.25,0.0,0.5936861451970377,0.6749398953471928,0.5710224965483636,47.45,52.96
46811.75,0.0,0.6244932158495053,0.6808442935935511,0.5762202550150247,45.53,52.14
49146.25,1.5478598258141743e-05,0.6578193415860317,0.6717225286380992,0.5905140907983432,43.96,54.12
52960.5,0.0180944813637676,0.6952537975025677,0.6979917974826757,0.5953057743847966,51.36,58.24
57287.0,0.0822790688075287,0.720509216714417,0.7166242398529203,0.603752131893121,54.36,59.53
60002.75,0.1417065670532876,0.7310935726255473,0.7578843162211851,0.6316900836514253,46.06,57.82
61853.0,0.1728907830106905,0.7340504892156333,0.7766581813039174,0.6273044749451799,48.67,56.92
61642.0,0.1735357246047797,0.7382993675333802,0.7736529486635554,0.5954682043368797,38.48,54.22
59718.75,0.1575824493333883,0.7433482890967079,0.7704355819544619,0.581418013481686,37.69,51.73
58120.25,0.1181584595699013,0.7438996702524461,0.7903761844152171,0.5707788516202388,44.3,55.94
56773.0,0.0624509844388492,0.7448132331477377,0.7899872719558761,0.5638755786567043,49.04,59.38
57594.0,0.0125479836546002,0.7493810476241959,0.7962452269834536,0.5737838057337773,49.83,65.16
61336.25,3.0957196516283486e-05,0.7572679604302935,0.8013010889548862,0.6084626005035328,56.65,70.44
62403.0,0.0,0.7614789988648035,0.8031395842172253,0.6199951271014376,61.45,75.97
60586.25,0.0,0.7646143034758636,0.791931834252581,0.6169089580118574,58.64,73.0
58114.0,0.0,0.7733499108059895,0.7634351576863244,0.6054576463899943,51.5,67.97
56757.5,0.0,0.7910643818584788,0.7355041719700184,0.5912450255827174,52.46,59.62
55362.75,0.0,0.7999513487215525,0.7082095884599067,0.5807682936733534,50.39,59.89
52932.5,0.0,0.8238391264392669,0.6654292179324,0.5745959554941932,39.46,54.0
51863.25,0.0,0.8683063949402671,0.4091005515485787,0.5871842767806383,36.66,45.19
49897.0,0.0,0.8850262176333856,0.3923419601187951,0.5677738975067003,22.24,41.87
48809.5,0.0,0.8840856262500676,0.3531678687597228,0.5767887598473158,18.62,38.39
49073.75,0.0,0.8815341369803773,0.314205911469382,0.5763014699910664,5.04,28.5
50395.5,0.0,0.901664954862425,0.2884316221185122,0.5775196946316901,5.06,27.43
53797.5,0.0,0.9274555381371966,0.2771531607976241,0.5825550231462682,20.0,38.63
60817.75,0.0,0.9597059300502728,0.2966694951209164,0.5627385689921222,40.5,59.31
67578.5,1.031906550542783e-05,0.9684199145899778,0.3306816574741903,0.575002030374401,60.47,73.84
71243.25,0.0063049490238164,0.972830963835883,0.3907155989251873,0.5926256801754244,66.48,80.9
71803.25,0.0310603871713377,0.9751013568300988,0.405211426955169,0.5517745472265085,57.58,74.36
72350.0,0.0568322532711437,0.9644683496405212,0.5183495969452694,0.5486071631608869,61.55,69.21
72735.0,0.0790904775663516,0.950008108546408,0.5704992221750813,0.5455209940713067,60.6,65.07
72594.75,0.0874592396912535,0.9356992269852424,0.5854193183425258,0.5502314626817185,56.92,60.25
71972.25,0.0796941428984191,0.9176279798908048,0.6099561589591288,0.5545358564119224,56.72,63.79
70649.75,0.0549645024146613,0.8987134439699443,0.6296846273511526,0.5742710955900268,58.23,65.75
70391.25,0.0274693523754488,0.879744851073031,0.6429430066468674,0.5771136197514821,59.73,67.34
70771.25,0.0058457506088248,0.8636088437212822,0.6535850657615613,0.6034272719889547,59.99,68.73
72757.5,5.159532752713914e-05,0.8541002216336018,0.6600197991797483,0.626898400064972,70.94,74.14
72240.0,0.0,0.8516892805016487,0.6637321453825484,0.6534556972305693,77.35,77.32
70379.0,0.0,0.8565760311368182,0.6657474190354971,0.6516689677576545,71.99,76.58
66531.0,0.0,0.867873939131845,0.6663131098854476,0.6394055063753756,66.65,68.13
63106.75,0.0,0.8762473647224174,0.6638735680950361,0.591326240558759,57.0,63.12
59723.0,0.0,0.8645224066165739,0.6658181303917409,0.5784942743441891,55.89,59.87
56600.0,0.0,0.8651386561435753,0.6633785886013294,0.5804434337691871,49.88,53.21
53889.0,0.0,0.8779015081896319,0.6009758167161646,0.5697230569316982,16.23,31.7
51158.0,0.0,0.8766257635547867,0.5821312402771885,0.5658247380817023,10.1,28.6
50429.5,0.0,0.8780907076058165,0.5614128128977514,0.5659871680337855,9.37,28.77
50709.5,0.0,0.8803016379263744,0.5642412671475039,0.568586047267116,4.17,24.78
52022.0,0.0,0.8832639602140656,0.5933389902418328,0.5811743685535613,10.22,30.21
55551.25,0.0,0.8810530298935078,0.6103450714184698,0.5943311946722976,39.23,47.47
62624.25,0.0,0.8855721930915185,0.6279168434450573,0.6133354990660278,59.76,64.71
68431.0,5.159532752713915e-06,0.8513595329477269,0.6113350304058832,0.6166653130837326,76.42,76.0
70994.75,0.0129917034713336,0.8271960646521433,0.587611370386084,0.6185332575326891,69.82,80.27
71660.25,0.0709229372188054,0.792929347532299,0.5678121906378164,0.6059449362462438,69.93,75.37
71232.5,0.1382961159037437,0.7723552624466188,0.6090015556498374,0.5814992284577276,59.97,70.77
71453.75,0.1919862137284847,0.7542029298881021,0.6703790128694669,0.5869406318525136,59.8,63.42
71139.5,0.2164166013125851,0.7454078598843181,0.7297058407580257,0.598148298546252,59.14,59.42
70085.0,0.2068972633838279,0.7369587545272718,0.7424338848819121,0.5985543734264598,59.43,58.02
69224.0,0.1601467371114872,0.7037839883236932,0.7227054164898883,0.5976610086900024,62.7,63.17
69517.0,0.0779141040987328,0.6647386345207849,0.7658039881204921,0.594818484528547,74.63,68.63
69589.25,0.0131929252486894,0.6528406940915725,0.8101753641634847,0.6258426053764314,78.95,74.44
71810.5,0.0001599455153341,0.6688577760960052,0.828949229246217,0.6610899049784781,81.59,78.04
71685.75,0.0,0.6996053840748149,0.8206052892094471,0.663039064403476,84.51,77.86
70539.0,0.0,0.7336883074760798,0.8139937774006506,0.6299845691545521,74.55,75.15
66554.5,0.0,0.7742959078869128,0.7727337010323858,0.6038333468691627,61.95,70.59
63188.75,0.0,0.8151197362019569,0.7219983029274502,0.5832859579306424,53.74,64.86
59779.75,0.0,0.8381642250932483,0.6822231650403054,0.5789815642004386,45.36,57.11
56745.75,0.0,0.8732309854586734,0.6520647716023193,0.576951189799399,33.26,45.92
53354.0,0.0,0.950283799124277,0.6413166454532598,0.575408105254609,3.05,34.03
51726.0,0.0,0.9463322341748204,0.6462664403903267,0.5762202550150247,-0.03,29.62
50817.0,0.0,0.9467430671928212,0.6147291755055861,0.5724031511410704,-0.64,27.48
50738.75,0.0,0.922368776690632,0.6039456936784048,0.5675302525785755,-4.41,25.27
51693.75,0.0,0.908697767446889,0.6292250035355678,0.568992122147324,-4.84,25.6
54970.0,0.0,0.9219146980917888,0.6200325272238721,0.5762202550150247,-0.18,28.01
60937.5,0.0,0.9892967187415536,0.5597510960260218,0.5949809144806302,14.76,43.01
66754.5,5.675486027985306e-05,0.992086058705876,0.5607410550134352,0.5854787622837652,42.09,62.71
69353.25,0.0082552524043422,0.9891129250229742,0.5014142271248763,0.5860472671160561,51.58,70.73
68811.75,0.0446557559747389,1.0,0.4499010041012586,0.5945748396004223,50.76,69.66
69180.0,0.0929541420728938,0.9889994053732636,0.4393650120209305,0.5858036221879315,50.1,66.28
70210.75,0.1353242250381805,0.9828531271960648,0.4281572620562862,0.5803622187931454,50.78,64.38
69462.5,0.1598371651463243,0.9795988972376886,0.42748550417197,0.6060261512222854,39.32,57.66
68346.25,0.1594759978536343,0.9727552840694093,0.4547800876820817,0.5774384796556485,36.44,56.94
67391.5,0.1229671440954307,0.9746580896264664,0.5363809927874417,0.5816616584098108,45.04,59.98
66776.75,0.0662329219465885,0.9777663657495,0.579302786027436,0.5928693251035491,49.95,66.03
68042.75,0.0142815866595121,0.9732201740634628,0.5911469381982747,0.5921383903191748,50.8,68.08
70536.75,0.0001805836463449,0.9620844369965944,0.5980412954320464,0.6185332575326891,54.21,72.58
70025.25,0.0,0.9468403697497162,0.6004808372224579,0.6519126126857793,53.32,73.85
68278.5,0.0,0.9318828044759176,0.600445481544336,0.6566230812961911,50.09,71.48
64826.75,0.0,0.9180928698848586,0.5954956866072691,0.5957118492650044,42.18,65.0
60700.25,0.0,0.9043407751770366,0.5980766511101683,0.6016405425160399,40.04,59.27
57434.75,0.0,0.872652575814909,0.6222245792674304,0.6074880207910338,42.01,58.22
54411.75,0.0,0.8562246607924753,0.6485292037901287,0.6002598879233331,38.53,57.25
51593.25,0.0,0.8505919238877777,0.5781360486494131,0.6021278323722894,44.34,54.4
48663.25,0.0,0.8303259635655982,0.5784542497525103,0.6091935352879071,45.06,52.71
47690.25,0.0,0.8118817233363965,0.5884599066610098,0.6147161536587347,43.34,52.68
48058.0,0.0,0.7915671117357695,0.5871871022486211,0.6226752213108098,44.92,52.91
49520.0,0.0,0.7764960268122602,0.5617310140008486,0.6351011126451718,46.22,54.2
53354.0,0.0,0.7571274122925563,0.5724084287936643,0.6437099001055795,52.38,59.04
61072.25,0.0,0.7260878966430618,0.5513010889548862,0.6557297165597337,69.1,68.83
67066.75,7.22334585379948e-05,0.6781447645818693,0.5008838919530476,0.6676683180378462,77.65,76.79
69082.75,0.014570520493664,0.6356181415211634,0.4337788148776693,0.6800942093722082,91.87,92.31
69005.75,0.0783371857844553,0.5996540353532623,0.3501272804412388,0.6641760740680581,87.97,87.82
68473.0,0.1498121930078012,0.5455808422076869,0.329302786027436,0.6708357021034679,83.95,83.03
68971.5,0.1942460890741734,0.4962916914427807,0.3161151180879649,0.6934946804190693,78.66,78.13
67263.5,0.2024136294217195,0.4544299691875236,0.3314948380709942,0.6826930886055389,74.95,74.77
67226.5,0.1802070004540389,0.4164441321152495,0.3074529769480978,0.6806627142044993,77.86,76.37
66396.25,0.1254076030874644,0.3745013243959132,0.3017607127704709,0.6744903760253391,87.07,81.75
66065.0,0.0610785487266273,0.3205848964808908,0.2758803563852354,0.6732721513847153,93.91,86.58
66330.0,0.0119701159862962,0.2839126439266987,0.2644958280299816,0.7514009583367173,102.46,93.35
68525.0,0.0003302100961736,0.2737066868479377,0.2784966765662565,0.7960691951595874,123.38,112.12
68437.75,0.0,0.2653819125358127,0.3301866779804837,0.819865183139771,115.54,110.19
66620.25,0.0,0.2530136764149413,0.4145453259793523,0.714529359213839,98.79,97.53
63031.0,0.0,0.2456673333693713,0.5024395417904115,0.6921952408024039,91.07,87.65
59220.5,0.0,0.237845288934537,0.5715952481968604,0.675464955737838,86.31,83.26
55999.5,0.0,0.2331153035299205,0.6233206052892094,0.7096564606513441,80.43,78.37
52326.0,0.0,0.2350127033893723,0.6699901004101259,0.6967432794607326,75.16,73.66
48697.5,0.0,0.2259257257149035,0.6575802573893367,0.6717290668399253,62.8,65.23
47206.25,0.0,0.2332936915508946,0.6573681233206052,0.6627954194753513,62.0,64.29
46424.75,0.0,0.2550029731336829,0.7180384669777966,0.6533744822545278,58.49,61.67
47081.0,0.0,0.2881020595707876,0.7573893367274784,0.6535369122066109,57.73,59.36
48395.75,0.0,0.3357857181469268,0.7560104652807241,0.6523999025420287,57.07,56.32
51923.5,0.0,0.397259311314125,0.7567175788431623,0.6519126126857793,52.16,61.22
58401.0,0.0,0.4656413860208659,0.7672182152453684,0.6619832697149355,59.37,71.16
64590.5,0.0001238287860651,0.5419536191145468,0.7699759581388771,0.6722163566961747,71.12,79.88
68269.5,0.0101126841953192,0.6202281204389426,0.7729458351011173,0.7410866563794364,76.59,82.58
68497.0,0.041642588847154,0.6974701335207308,0.7576368264743317,0.7130674896450906,70.58,79.44
68929.0,0.0747667891195773,0.7468349640521109,0.7591571206335738,0.6929261755867782,61.61,73.78
68886.25,0.0938261031081025,0.7884858641007622,0.7685970866921228,0.6830991634857467,59.14,70.2
68997.75,0.0983664919304907,0.8313260176225742,0.7747136190072126,0.6768456103305449,52.28,65.16
68028.0,0.0853799479919098,0.861370884912698,0.7638240701456654,0.6755461707138797,46.47,62.26
67187.25,0.0642980971643208,0.8894859181577383,0.6751873850940461,0.6732721513847153,49.28,65.71
65277.5,0.0382682544268791,0.8933618033407211,0.6803846697779663,0.670998132055551,50.11,68.28
65536.25,0.010711189994634,0.8749337802043353,0.6897185688021497,0.6735970112888817,52.74,72.71
68514.75,0.0003611672926899,0.8393913184496459,0.6968957714608967,0.6844798180784537,60.7,78.54
67796.25,0.0,0.8030488134493756,0.6977796634139443,0.7158287988305043,58.75,84.26
66184.0,0.0,0.7718363154765122,0.6942440956017536,0.716478518638837,64.96,76.97
62393.75,0.0,0.7463376398724255,0.68805685193042,0.6841549581742873,58.78,71.0
58350.5,0.0,0.7195524082382831,0.6818342525809645,0.6893527166409485,62.02,62.94
55985.75,0.0,0.6831288177739337,0.7041790411540093,0.6932510354909446,59.58,62.52
52883.0,0.0,0.6600248662089843,0.7079974543911752,0.6853731828149111,57.08,58.46
50869.25,0.0,0.62801232499054,0.6199264601895065,0.6686428977503451,55.5,54.32
49632.5,0.0,0.6017027947456619,0.6187243671333617,0.6648257938763908,55.03,52.41
48935.5,0.0,0.5876209524839181,0.6281289775137887,0.6745715910013806,56.21,51.67
48659.5,0.0,0.5800367587437159,0.6214467543487484,0.6722163566961747,55.05,49.94
48475.5,0.0,0.55621925509487,0.6183708103521426,0.6821245837732478,55.74,49.98
48980.75,0.0,0.5242499594572679,0.6417762692688446,0.6865101924794932,56.83,50.8
49631.25,0.0,0.4954213741283312,0.6841677273370104,0.6767643953545034,59.07,52.31
52159.25,0.0002528171048829,0.4587923671549813,0.7200890963088672,0.6744091610492975,65.91,56.3
55249.5,0.0336143558839311,0.4341694145629493,0.7154221467967755,0.6709169170795095,75.29,64.79
57929.0,0.1551781070706236,0.4136547921509271,0.6919459765238297,0.6901648664013644,72.56,64.1
58083.0,0.2904197795847608,0.3734364019676739,0.6700608117663697,0.7042150572565581,60.06,60.19
58107.0,0.3951015396045734,0.3350883831558462,0.6593126856173102,0.7051084219930155,56.61,56.56
56447.0,0.4405879803524993,0.3145683550462187,0.6657120633573752,0.6913830910419881,55.84,55.46
54353.75,0.4193203863458125,0.2977133899129682,0.6757530759439966,0.7026719727117681,53.88,51.73
52682.25,0.3119040739670615,0.2655927347424185,0.6432258520718427,0.7019410379273938,59.72,56.36
52520.5,0.1667251413711974,0.2315152170387588,0.6333262621977089,0.7375944124096483,72.44,64.9
54015.25,0.0414155694060345,0.2132007135520839,0.6155070004242681,0.7923333062616746,83.62,68.89
58005.75,0.0006655797251,0.214476458186929,0.5960967331353415,0.7480711443190124,93.37,77.4
59448.0,0.0,0.2194875398670198,0.580045255267996,0.7237878664825794,95.95,80.35
58268.0,0.0,0.2191091410346505,0.579267430349314,0.721513847153415,92.53,76.32
54931.0,0.0,0.2170711930374614,0.5950360627916843,0.7206204824169576,84.42,71.01
52515.25,0.0,0.2130709768095572,0.6121128553245652,0.7163973036627954,76.07,66.3
51318.5,0.0,0.2073030974647278,0.6255833686890114,0.6985300089336474,75.97,64.5
48567.5,0.0,0.1991513054759716,0.632583792957149,0.666531308373264,72.7,62.73
44128.0,0.0,0.2631817936104654,0.6659949087823505,0.666937383253472,66.77,61.46
42268.75,0.0,0.2387102005513811,0.6109461179465422,0.6565418663201494,60.92,56.7
41486.75,0.0,0.2155900318936158,0.5951774855041719,0.6468772841712012,59.65,55.24
41010.25,0.0,0.2042110384345099,0.6062084570782068,0.6456590595305775,59.94,54.68
40709.25,0.0,0.2027190658954538,0.6030264460472352,0.6484203687159912,61.4,54.78
40518.0,0.0,0.2137034434293745,0.5953189082166596,0.6580849508649395,64.11,55.38
40223.5,0.0,0.2331477377155522,0.5764389760995616,0.6626329895232681,60.53,55.48
42286.75,0.0007171750526272,0.2556894967295529,0.5551195021920521,0.6666937383253472,59.64,57.53
45142.75,0.0474883394559788,0.2858262608789664,0.5669990100410126,0.6711605620076342,59.63,61.77
48064.0,0.1963718165682915,0.3062219579436726,0.5930207891387357,0.6878908470722002,55.08,59.23
50263.5,0.3627461097123045,0.3043029352937996,0.626502616320181,0.6989360838138553,51.16,55.93
51907.25,0.485770008668015,0.2674901346018704,0.6492716730306888,0.7116056200763421,45.75,52.01
50703.5,0.5291823172493499,0.2190713011514136,0.668788007353981,0.6907333712336555,41.58,47.91
48252.75,0.4942058447187022,0.1985674901346018,0.6842030830151322,0.6826930886055389,40.09,45.53
46424.75,0.368849836958765,0.2143683442348235,0.6987342667232358,0.7221635669617478,50.65,53.17
45873.75,0.2008193338011309,0.2662522298502622,0.717897044265309,0.7158287988305043,56.41,59.16
48224.75,0.0512599578982127,0.3421806584139683,0.7418681940319616,0.669455047510761,68.87,66.63
53743.25,0.0006810583233582,0.4251418995621385,0.7713901852637534,0.6709169170795095,77.84,72.53
56321.75,0.0,0.4844910535704633,0.8030335171828595,0.677820190043044,71.93,73.81
55357.0,0.0,0.5158603167738797,0.8245651251591005,0.6575164460326485,69.88,67.95
53214.0,0.0,0.5329044813233148,0.8308937915429218,0.647689433931617,68.25,62.74
51759.0,0.0,0.5439861614141305,0.83234337434592,0.6498822382847397,57.17,55.3
51185.0,0.0,0.5442132007135521,0.83234337434592,0.6438723300576626,59.43,52.99
49110.25,0.0,0.5463214227796097,0.8310705699335313,0.6296597092503857,56.0,49.3
47063.0,0.0,0.5691388723714795,0.7547730165464573,0.6367254121660034,49.97,45.37
45384.0,0.0,0.5530677333909941,0.7710012728044124,0.6307967189149679,47.26,42.67
44834.0,0.0,0.5340775177036596,0.7299533305048791,0.625355315520182,48.12,42.19
45522.5,0.0,0.5146818746959295,0.644251166737378,0.6208072768618533,47.97,42.89
46626.25,0.0,0.4879290772474188,0.5930207891387357,0.6293348493462194,51.58,44.95
50421.25,0.0,0.4647062003351532,0.5554023476170273,0.6251116705920572,60.06,51.41
58887.25,0.0,0.4530028650197308,0.5539174091359073,0.6583285957930642,80.0,64.83
65059.25,0.0007945680439179,0.4497486350613546,0.5365931268561731,0.7653699342158694,93.57,77.4
67285.25,0.0505221447145746,0.4334288339910265,0.5186324423702446,0.7746284414846097,99.17,85.52
67049.0,0.1955927271226318,0.4140277852856911,0.4964290765096874,0.7211889872492487,88.39,83.14
66343.0,0.3454203987286911,0.3639872425536515,0.4492646018950643,0.7114431901242589,78.9,77.2
65150.75,0.4431367895323399,0.2912914211579004,0.3767501060670343,0.6829367335336636,71.27,71.47
62992.5,0.4647294341024476,0.2126277096059246,0.3279239145806816,0.6631202793795176,70.24,70.96
61286.75,0.4123704957279069,0.1694253743445591,0.3007353981049356,0.6606026151222285,74.99,75.44
60681.0,0.2943771412060924,0.1487269582139575,0.2886084005091218,0.7288231949971575,82.55,82.57
60526.0,0.1539656168737359,0.1513325044597005,0.26205628623957,0.8232762121335174,97.6,94.05
61656.25,0.0372363478763363,0.1666144115898156,0.2599703012303776,0.8714366929261755,108.43,103.84
65113.5,0.0004746770132496,0.1881020595707876,0.2821383114128129,0.8567367822626493,127.42,118.18
66208.5,0.0,0.2066544137520947,0.3068165747419035,0.8556809875741087,117.3,115.07
64994.25,0.0,0.2184172117411752,0.3194385518314241,0.8098757410866564,107.52,107.16
61573.25,0.0,0.2272122817449592,0.3283481827181445,0.7821002192804353,91.98,90.69
58034.5,0.0,0.2275095951132493,0.3363385659736954,0.6905709412815724,86.79,84.89
54335.5,0.0,0.22311476296016,0.3385306180172536,0.7234630065784131,83.42,81.19
50369.0,0.0,0.2181631439537272,0.342879366426248,0.7106310403638431,80.29,78.11
47625.0,0.0,0.2628142061733066,0.3330858435864799,0.700560383334687,71.94,70.9
45789.75,0.0,0.2659981620628142,0.3009475321736671,0.6968244944367742,68.79,68.63
45656.0,0.0,0.2747824206713876,0.3212063357375194,0.7127426297409242,69.37,69.06
45991.75,0.0,0.2986756040867074,0.3738862961391599,0.6819621538211647,67.44,67.18
47648.25,0.0,0.3159143737499324,0.4216871729599774,0.6653130837326403,67.18,66.87
50651.0,0.0,0.3232499054002919,0.5048083722245793,0.6839925282222041,69.37,69.33
58273.0,0.0,0.3344505108384237,0.5680950360627917,0.7445789003492244,78.43,78.54
64197.25,0.0006139843975729,0.3496621438996702,0.6432612077499646,0.7947697555429221,90.6,88.97
66302.5,0.0381960209683411,0.3663387210119466,0.6891528779521991,0.8019166734345813,95.93,93.78
66678.5,0.1424082635076567,0.3705551651440618,0.7072549851506151,0.7437667505888086,84.93,85.19
66636.25,0.2421420316176167,0.3653981296286285,0.7264177626926884,0.7501827336960936,77.15,77.68
66443.5,0.2997636933999257,0.3475755446240337,0.722422571064913,0.7444976853731828,70.1,70.97
65704.75,0.3012032030379329,0.326720363262879,0.7170485079903832,0.6883781369284496,68.1,69.49
65653.75,0.2565680851942048,0.3271906589545381,0.7116390892377316,0.6926825306586535,68.23,69.55
65850.0,0.1809138564411606,0.3538245310557327,0.6810210719841606,0.692763745634695,71.93,71.5
65168.5,0.0936300408634994,0.3950267582031461,0.675611653231509,0.6883781369284496,79.49,75.17
65418.0,0.0214584967185371,0.4385966809016703,0.677096591712629,0.7332900186794445,82.36,79.22
68677.5,0.0005830272010566,0.4782799070220012,0.6869608259086409,0.762933484934622,88.17,85.44
69705.75,0.0,0.5120979512406076,0.6884811200678829,0.8013481686022903,99.23,85.35
68141.25,0.0,0.5312449321584951,0.6824706547871588,0.7751969463169008,91.91,83.96
64970.5,0.0,0.531461160062706,0.67674303493141,0.7340209534638187,86.04,77.8
61569.5,0.0,0.5222552570409211,0.673702446612926,0.7270364655242427,78.0,70.26
58304.0,0.0,0.5020055138115573,0.6729953330504879,0.69763664419719,75.01,64.09
54894.0,0.0,0.4839504838099356,0.6663484655635695,0.6656379436368066,71.51,62.17
52219.5,0.0,0.5023190442726634,0.5896266440390326,0.6529684073743198,71.73,59.92
50788.25,0.0,0.472203902913671,0.559680384669778,0.6505319580930724,70.19,58.14
50016.0,0.0,0.4509757284177523,0.5530335171828595,0.6618208397628522,70.89,57.81
50068.25,0.0,0.4001621709281582,0.5931622118512233,0.7373507674815236,69.82,57.23
51242.5,0.0,0.3576085193794259,0.5787724508556074,0.6640948590920166,69.14,56.85
54167.0,0.0,0.3134655927347424,0.6169919389053882,0.6842361731503289,73.82,60.04
61610.5,0.0,0.2791231958484242,0.623108471220478,0.8089011613741574,84.85,68.15
67026.0,0.0003147314979155,0.2513379101573058,0.642766228256258,0.8993746446844798,108.17,85.65
69522.75,0.0195185124035167,0.2338666954970538,0.6833545467402065,0.9096889466417608,119.93,96.16
70191.0,0.0897449127007058,0.2309746472782312,0.7258874275208599,0.7946073255908389,93.61,77.2
70843.5,0.1739536467577496,0.2209578896156549,0.7804058831848395,0.7500203037440104,82.98,68.65
71660.25,0.2427147397531679,0.2328396129520514,0.7928864375618724,0.7078697311784293,77.09,63.02
71307.25,0.2733623643042886,0.2591761716849559,0.7835525385376891,0.6865101924794932,74.91,61.42
69033.25,0.2583842407231601,0.2830963835883021,0.7825272238721539,0.7292292698773654,67.66,57.64
67815.0,0.2012475750196062,0.3108005838153413,0.771531607976241,0.7053520669211403,66.69,59.83
67052.5,0.1134013703718991,0.3295313260176226,0.7793452128411823,0.7401120766669373,75.87,62.38
67317.0,0.0302348619309035,0.3629277258230174,0.7862042143968321,0.7340209534638187,81.62,64.75
70584.5,0.0007274941181326,0.4286231688199362,0.7665111016829302,0.7609031105335824,87.91,72.42
71018.75,0.0,0.5140277852856912,0.7571064913025032,0.7672378786648258,86.78,71.97
69535.75,0.0,0.597334991080599,0.7434238438693254,0.7540810525460895,73.65,66.63
65380.75,0.0,0.672928266392778,0.7245085560741055,0.7773897506700236,66.03,61.71
61900.5,0.0,0.7330612465538677,0.7087752793098572,0.6869974823357428,56.96,55.57
58962.25,0.0,0.7550894642953673,0.6985928440107482,0.6836676683180378,54.08,51.6
55723.75,0.0,0.7734904589437267,0.6896832131240277,0.6644197189961829,39.73,43.97
53270.0,0.0,0.8154332666630628,0.4740842879366426,0.68634776252741,47.06,48.19
51257.5,0.0,0.8045570030812477,0.5222387215386791,0.6890278567367822,41.12,46.49
49896.75,0.0,0.7737877723120169,0.542320746711922,0.6674246731097214,42.16,44.29
50252.25,0.0,0.7370722741769825,0.5651605147786735,0.6781450499472103,43.05,44.55
51687.75,0.0,0.7108113952105519,0.5929500777824919,0.6921952408024039,46.91,46.43
55062.75,0.0,0.6899616195470025,0.615931268561731,0.6864289775034517,55.34,52.23
61394.5,0.0,0.6795015946807935,0.6107693395559327,0.6895963615690733,69.01,61.28
66685.25,0.0004076030874643,0.6528406940915725,0.613279592702588,0.6865914074555348,86.12,69.57
69710.0,0.0168097577083419,0.6310935726255473,0.6277047093763258,0.710062535531552,92.5,72.03
70071.0,0.0752208280018161,0.605621925509487,0.6281996888700325,0.7470965646065134,86.29,68.05
70668.0,0.1528769554629132,0.5846586301962268,0.6266793947107906,0.6868350523836595,83.67,64.83
69967.25,0.2169377141206092,0.585620844369966,0.5859850091924763,0.6776577600909608,77.22,62.56
68668.25,0.2413887398357204,0.6038921022757987,0.5819898175647009,0.6799317794201251,67.6,58.47
67412.0,0.2358577207248111,0.6138331801719011,0.5768985999151464,0.6969869243888573,57.26,56.51
66664.5,0.1888388987493292,0.6012270933563977,0.5697567529345213,0.6745715910013806,68.74,59.72
66528.5,0.1138812069179015,0.5718471268717228,0.5762268420308302,0.7124989848127995,75.07,64.32
66410.5,0.0332635076567466,0.5358019352397427,0.5741408570216376,0.7643953545033704,77.05,65.9
69553.75,0.0014446691707598,0.5130871939023731,0.5650898034224296,0.7405993665231869,91.61,78.85
70744.75,0.0,0.5003243418563166,0.5415782774713619,0.7791764801429384,94.67,82.04
69337.75,0.0,0.4889885939780529,0.5476594541083298,0.7747096564606514,97.89,74.93
65687.25,0.0,0.479744851073031,0.5705345778532033,0.7306911394461139,89.97,70.87
62316.5,0.0,0.4624574301313584,0.6202800169707255,0.7233005766263298,83.29,66.65
59138.0,0.0,0.445034866749554,0.6698486776976382,0.7303662795419475,81.88,64.41
55185.0,0.0,0.4395048380993567,0.6987342667232358,0.7250873060992447,73.38,58.56
52112.5,0.0,0.4715065679225904,0.7233418186960826,0.666937383253472,64.27,54.89
49849.25,0.0,0.4519703767771231,0.7808301513223024,0.6775765451149192,59.94,52.53
49671.0,0.0,0.4299637818260446,0.8480412954320464,0.7415739462356858,58.0,51.85
50116.0,0.0,0.4333963998053949,0.8680172535709235,0.708519450986762,54.69,50.21
51523.0,0.0,0.4499864857559868,0.8729670485079903,0.7134735645252984,53.23,49.79
54338.5,0.0,0.4735120817341477,0.8644816857587329,0.7517258182408836,55.07,52.46
60913.5,0.0,0.507854478620466,0.8630321029557347,0.7212702022252904,66.94,64.29
67215.75,0.0002889338341519,0.5405211092491486,0.8805331636260784,0.6978802891253147,76.99,76.68
69717.5,0.0128008007594832,0.5785555975998703,0.869714326120775,0.7333712336554861,89.32,81.07
70122.5,0.0560376852272258,0.6019676739283204,0.8470159807665111,0.7230569316982052,85.9,76.94
70407.0,0.1038097989846039,0.6213038542623925,0.825166171687173,0.7120929099325916,80.77,72.81
70974.25,0.1442708548313864,0.6472025514892696,0.8077358223730731,0.6796069195159588,75.15,67.71
69795.5,0.1754292731250258,0.6816746851181145,0.7625159100551548,0.6796881344920003,64.8,61.04
67404.25,0.1849898873158046,0.7157954484026163,0.7154928581530193,0.6687241127263868,56.52,60.18
65758.5,0.1575566516696248,0.7329369155089465,0.6717578843162212,0.6658003735888898,54.83,61.31
65603.25,0.0988772856730094,0.7504946213308827,0.6678687597228115,0.6668561682774303,53.09,63.74
65627.75,0.0306063482890989,0.7728255581382777,0.6659241974261066,0.6852919678388695,52.73,66.09
68163.75,0.0007636108474016,0.8031407103086653,0.6697426106632726,0.6840737431982458,58.5,70.95
68633.25,0.0,0.8265203524514838,0.6704850799038325,0.6627954194753513,68.97,73.03
66802.25,0.0,0.8373912103356939,0.6712275491443926,0.6785511248274182,63.34,69.32
61999.0,0.0,0.8429644845667333,0.6712275491443926,0.6590595305774385,55.06,64.67
58808.75,0.0,0.8417157684199146,0.6690001414227125,0.6857792576951189,49.68,58.14
56054.0,0.0,0.819725390561652,0.6692829868476877,0.6773329001867945,46.03,53.71
52506.25,0.0,0.8182280123249905,0.6708032810069298,0.6384309266628766,36.05,46.75
50444.0,0.0,0.8276177090653549,0.5643826898599915,0.6208072768618533,24.74,40.0
48879.5,0.0,0.8332180117844208,0.6411045113845284,0.6181271826524811,12.85,38.83
47669.0,0.0,0.8214714308881561,0.6980625088389195,0.6247868106878909,6.73,34.26
47473.25,0.0,0.8105032704470512,0.6865719134492999,0.6428165353691221,10.51,27.21
47722.75,0.0,0.797767446889021,0.6858647998868618,0.6487452286201576,8.53,24.88
48329.0,0.0,0.7809341045461917,0.7002545608824777,0.6518313977097376,8.8,25.47
49242.25,0.0,0.7829017784745121,0.6808089379154292,0.6549175667993178,16.48,32.75
50913.75,0.0004437198167333,0.7617655008378831,0.6550700042426814,0.6540242020628604,34.17,47.52
54560.5,0.0172534775250753,0.7504892156332775,0.6504737660868335,0.6385121416389182,45.99,51.67
57324.75,0.0606193503116357,0.7569706470620033,0.6327605713477584,0.6273044749451799,45.97,54.3
58980.75,0.1059613241424856,0.7518352343369912,0.6474685334464715,0.6197514821733128,35.62,50.34
59672.75,0.140545672183927,0.7478025839234553,0.6538679111865365,0.6306342889628848,30.42,44.96
59284.0,0.1527221694803318,0.7454565111627656,0.6551053599208033,0.6308779338910095,30.58,40.93
58109.5,0.1431409171585421,0.7432996378182605,0.6610097581671617,0.6301469991066353,30.62,38.58
56379.5,0.1089899698683287,0.7297691767122547,0.6696718993070288,0.6345326078128807,40.74,38.91
55662.0,0.0619298716308251,0.705524622952592,0.6979564418045539,0.626898400064972,43.7,46.33
56442.75,0.0185124035167375,0.6855073247202551,0.7175788431622119,0.6216194266222691,49.36,51.87
59564.0,0.0008306847731869,0.6680198929671874,0.7336656767076792,0.6787947697555429,57.83,62.76
60771.75,0.0,0.6550624358073409,0.726205628623957,0.7221635669617478,68.57,70.45
58945.0,0.0,0.6544624033731553,0.7187809362183567,0.6921140258263624,65.98,67.92
55095.5,0.0,0.661684415373804,0.7185334464715033,0.6555672866076504,54.37,62.06
52993.75,0.0,0.6632574733769393,0.7265591854051761,0.6274669048972631,51.21,56.84
51354.75,0.0,0.6583274771609277,0.7379437137604299,0.6219442865264355,50.81,49.23
48798.75,0.0,0.6693605059732959,0.7491868194031962,0.6043206367254121,38.71,40.76
46402.25,0.0,0.6919184820801124,0.8113421015415075,0.5892146511816779,35.3,35.49
44500.75,0.0,0.702800151359533,0.8028567387922501,0.5866157719483472,10.04,24.55
43741.75,0.0,0.7148764798097195,0.8015132230236176,0.5832859579306424,3.23,17.72
43406.25,0.0,0.7209038326396021,0.7870881063498798,0.5835296028587672,0.68,9.97
43336.0,0.0,0.7232769338883183,0.76965775703578,0.5773572646796069,0.0,8.29
43563.0,0.0,0.7322774204011028,0.7717437420449724,0.5754893202306506,0.0,14.13
44523.0,0.0,0.7552137953402887,0.763611936076934,0.576951189799399,0.0,14.85
45971.75,0.0005056342097659,0.7885507324720256,0.7773299391882337,0.5835296028587672,1.05,20.4
48524.5,0.0151948239567424,0.8057462565544083,0.7677839060953189,0.5863721270202226,8.87,24.92
52001.25,0.0522505881867338,0.8114276447375534,0.7576014707962099,0.6008283927556242,9.83,27.79
54806.5,0.094321418252363,0.8313314233201795,0.7473129684627351,0.5887273613254284,10.87,25.1
56182.25,0.1223789573616213,0.8579977296070058,0.7578489605430632,0.5916511004629254,12.81,22.62
56318.0,0.1279409336690469,0.8783393696956592,0.7580964502899166,0.5940875497441728,13.82,19.49
55538.5,0.1136645065422875,0.8826477106870642,0.7528638099278744,0.5920571753431333,4.62,13.99
54392.75,0.0808653568332851,0.8772257959889723,0.6855819544618866,0.5912450255827174,9.72,20.47
54064.25,0.0445370867214265,0.8696470079463755,0.6924056003394146,0.5905140907983432,15.72,31.24
54678.75,0.0136985594584554,0.8648197199848641,0.7008556074105501,0.609599610168115,18.43,44.86
57781.5,0.0009029182317249,0.860489756203038,0.7030830151322303,0.6359944773816292,38.91,59.73
59518.0,0.0,0.8545813287204713,0.7138311412812898,0.649638593356615,46.01,64.84
57913.25,0.0,0.847364722417428,0.7230943289492292,0.631771298627467,36.17,65.44
55342.75,0.0,0.8470457862587167,0.7275491443925894,0.637781206854544,29.05,57.36
53508.25,0.0,0.8536947943132062,0.7049922217508132,0.6192641923170633,24.52,51.58
52303.25,0.0,0.848813449375642,0.6894710790552963,0.5989604483066677,24.44,48.73
49356.0,0.0,0.85798151251419,0.6750813180596804,0.5945748396004223,0.57,39.21
46893.5,0.0,0.8991404940807611,0.668434450572762,0.5792252091285633,0.0,21.17
45870.5,0.0,0.8899562138493973,0.7180031112996748,0.5739462356858605,-0.03,21.61
45546.5,0.0,0.8804367803665063,0.725463159383397,0.5665556728660766,-0.07,16.09
45832.5,0.0,0.8565706254392129,0.7505303351718285,0.5662308129619101,-0.13,11.16
47234.25,0.0,0.8526190604897562,0.7368476877386508,0.5692357670754488,-0.05,10.62
51288.0,0.0,0.8860208659927563,0.7136543628906803,0.5845041825712661,0.42,26.77
59213.25,0.0,0.9138818314503486,0.695234054589167,0.6087062454316576,38.97,57.82
64530.75,0.0004953151442605,0.9165576517649604,0.6163908923773158,0.6091935352879071,58.91,79.31
67107.25,0.023264333181987,0.9166171144386184,0.6195375477301654,0.6322585884837164,62.32,81.49
67373.75,0.0870619556692945,0.9220660576247364,0.6199971715457503,0.6178023227483148,56.86,73.37
67637.25,0.1710797870144879,0.9206173306665224,0.6483877810776411,0.6382684967107934,52.93,63.96
68226.5,0.2434731910678169,0.9217633385588412,0.6542214679677556,0.6251116705920572,40.15,57.87
68234.75,0.2916529079126594,0.9235418130709768,0.649165605996323,0.6080565256233249,7.05,52.3
68119.75,0.3063111404631196,0.9218498297205254,0.6398317069721398,0.6053764314139527,1.09,48.23
66115.5,0.2614748008420357,0.9150710849235094,0.5929147221043699,0.6010720376837488,5.01,57.74
64428.5,0.1638564411606884,0.9110005946267364,0.5669636543628906,0.6061885811743686,53.1,63.27
64367.5,0.053581747636934,0.908324774312125,0.5554023476170273,0.6459027044587022,60.72,69.39
66799.5,0.0015272216948033,0.9114546732255796,0.5628270400226276,0.6501258832128645,68.47,78.92
68204.75,0.0,0.9147251202767716,0.5752368830434168,0.6692926175586779,68.78,84.06
66598.75,0.0,0.9149899994594304,0.5890255975109603,0.6633639243076423,61.84,78.33
63358.75,0.0,0.9152927185253256,0.6120774996464432,0.6376999918785023,60.48,73.85
60211.5,0.0,0.9148008000432456,0.6386296139159949,0.6020466173962479,59.65,65.92
57844.5,0.0,0.8937726363587221,0.6609036911327959,0.58726549175668,56.3,60.83
54688.25,0.0,0.8905508405859777,0.6671616461603733,0.5814992284577276,47.41,53.29
50916.0,0.0,0.9362181739553488,0.606102390043841,0.5820677332900187,35.04,46.05
49680.75,0.0,0.9246770095680849,0.66765662565408,0.5819865183139771,27.65,44.17
49226.0,0.0,0.9222282285528948,0.7043558195446189,0.5899455859660522,7.08,37.09
50136.5,0.0,0.9285312719606466,0.7047800876820818,0.5973361487858361,3.07,33.53
51582.0,0.0,0.9204065084599168,0.7101187950784896,0.5780069844879395,1.94,33.76
54400.0,0.0,0.93085031623331,0.690708527789563,0.5862909120441809,19.38,40.6
61176.0,0.0,0.9524622952592032,0.5937279027011738,0.6218630715503939,50.0,64.05
66017.75,0.0009029182317249,0.9543542894210498,0.4594470371941734,0.6263298952326809,68.16,75.12
68546.25,0.0290739670615429,0.9564895399751338,0.4735185970866921,0.6464712092909932,62.0,78.38
68932.75,0.0894456598010484,0.9686847937726364,0.4743671333616179,0.6701859822951353,61.35,73.51
69320.5,0.151943080034672,0.9659981620628142,0.5438763965492858,0.6322585884837164,56.56,69.16
69039.0,0.1965317620836257,0.9657549056705768,0.5824140857021638,0.6314464387233005,51.7,63.36
69099.5,0.2189860486234366,0.9681712525001352,0.5912176495545185,0.6217006415983107,43.47,58.89
68419.0,0.2155394807446237,0.9725823017460404,0.6089308442935936,0.6283602696337205,42.54,57.43
67575.25,0.1747894910636892,0.9756689550786528,0.6466199971715457,0.6124421343295704,40.11,59.73
67242.0,0.1055949973170429,0.9811124925671658,0.6622472069014284,0.585884837163973,49.91,63.52
66938.0,0.0345121145829033,0.9808476133845072,0.674833828312827,0.606675871030618,56.52,67.17
68920.0,0.0013724357122219,0.978825882480134,0.7015980766511102,0.6423292455128726,62.97,73.5
69693.0,0.0,0.9734688361533056,0.710755197284684,0.6233249411191424,61.96,76.22
67974.0,0.0,0.9638899399967564,0.7093409701598077,0.6125233493056119,61.16,76.01
64061.0,0.0,0.9521811989837288,0.7235185970866921,0.5879152115650126,59.14,68.48
61153.25,0.0,0.9389372398508028,0.7270541648988827,0.5840981076910582,56.44,64.29
58348.0,0.0,0.9117303638034489,0.7381558478291613,0.585316332331682,56.52,59.5
54901.75,0.0,0.8962052002810963,0.7424338848819121,0.5871842767806383,52.36,54.93
52670.0,0.0,0.9213200713552084,0.90263046245227,0.5644440834889953,41.17,49.19
50743.5,0.0,0.893594248337748,0.8656130674586339,0.5599772598067083,35.52,47.59
49708.0,0.0,0.8632358505865182,0.8701385942582379,0.5594899699504589,34.15,47.18
49493.5,0.0,0.8193523974268879,0.8721185122330646,0.5623324941119142,46.59,50.2
51017.75,0.0,0.7713065571111952,0.8728963371517465,0.5832859579306424,54.47,51.37
54647.5,0.0,0.741488729120493,0.8761137038608401,0.6003411028993746,59.63,58.18
62046.75,0.0,0.7161684415373804,0.8934733418186961,0.6266547551368472,74.83,70.89
68148.5,0.0008977586989722,0.6589221038975079,0.8579408853061802,0.6130106391618615,86.67,83.91
70055.0,0.0227329013084575,0.6087031731444943,0.7731579691698487,0.6251928855680987,87.0,85.96
69441.5,0.0771866099806001,0.561057354451592,0.6459482392872296,0.6631202793795176,85.53,84.74
69728.25,0.1349836958765014,0.5164279150224337,0.5310422853910338,0.6489076585722408,81.17,79.32
70419.0,0.1736595533908449,0.4839937293907779,0.4158888417479847,0.6266547551368472,78.01,76.39
69701.75,0.1868989144343088,0.4451429807016595,0.3295149200961674,0.682287013725331,75.98,73.38
68300.0,0.1751454988236265,0.4039083193686145,0.2771531607976241,0.6771704702347113,79.24,73.75
67047.0,0.1380226606678499,0.3555597599870263,0.2480554377032951,0.6568667262243157,77.99,75.45
66329.0,0.0821294423577,0.3011189794042921,0.2535002121340687,0.640298871111833,88.21,82.85
65846.25,0.0259524497461509,0.2498513433158549,0.2685970866921227,0.7112807601721758,97.3,90.55
68270.5,0.0015530193585668,0.2110600573003946,0.3044477443077358,0.7528628279054658,120.05,111.04
68682.25,0.0,0.1875182442294178,0.3396266440390326,0.7935515309022984,136.22,125.38
67514.75,0.0,0.1752310935726255,0.3871446754348748,0.718996182896126,109.7,106.64
64466.5,0.0,0.1739229147521487,0.4401428369396125,0.6634451392836839,99.91,95.58
61039.25,0.0,0.174749986485756,0.4797058407580257,0.6540242020628604,87.65,84.64
57428.5,0.0,0.1792799610789772,0.4938834676849102,0.6699423373670105,83.63,80.38
53403.25,0.0,0.1831288177739337,0.4613208881346344,0.6597904653618127,79.21,77.25
50451.25,0.0,0.2051191956321963,0.4367486918399095,0.6791196296597093,73.7,74.3
48998.25,0.0,0.1908157197686361,0.3358082308018668,0.688296921952408,73.2,73.73
48693.5,0.0,0.1766852262284448,0.2615259510677414,0.6899212214732396,72.15,72.75
49412.0,0.0,0.1746905238120979,0.2667232357516617,0.6943068301794851,72.94,69.23
50985.0,0.0,0.1659927563652089,0.2828100692971291,0.6964184195565662,73.65,67.72
53730.25,0.0,0.1591058976160873,0.2905529628058266,0.6963372045805246,77.85,72.34
60371.5,0.0,0.1463322341748202,0.2664050346485646,0.7098188906034273,87.08,86.16
65872.75,0.0008874396334667,0.1283528839396724,0.2361759298543346,0.7212702022252904,110.0,104.14
68104.75,0.0195546291327857,0.1179469160495162,0.2051336444633008,0.7381629172419394,133.15,123.37
68626.75,0.0686991786023857,0.1145088923725606,0.1485999151463725,0.7246000162429952,113.55,105.75
68702.25,0.1199746150988566,0.1169522676901454,0.1273511525951067,0.6756273856899212,97.79,91.46
69204.75,0.149941181326619,0.129520514622412,0.1055720548720124,0.6560545764639,91.87,86.52
68976.75,0.1487596483262475,0.1474944591599546,0.0856314524112572,0.6550799967514009,89.38,83.82
67778.25,0.1214192842696165,0.1645170009189686,0.0717720265874699,0.6746528059774223,90.98,82.34
66258.0,0.0866440335163247,0.1832369317260392,0.0699335313251308,0.6390806464712093,94.9,83.73
65067.25,0.0480610475915301,0.2063138548029623,0.0795502757742893,0.670998132055551,94.38,85.06
64618.5,0.015401205266851,0.2352127142007676,0.1112289633715174,0.6548363518232763,93.01,86.13
67135.0,0.001135097205597,0.2662468241526569,0.1681869608259086,0.686753837407618,103.0,92.68
67892.0,0.0,0.2991513054759717,0.2449794937066892,0.6560545764639,94.67,90.71
66355.5,0.0,0.3292177955565166,0.3290552962805826,0.6264111102087225,86.06,87.46
62643.25,0.0,0.3527055516514406,0.4150756611511809,0.6433850402014132,83.2,82.76
59107.5,0.0,0.3635223525595978,0.5008485362749258,0.6519938276618208,80.61,78.4
55960.0,0.0,0.3661441158981566,0.5847829161363315,0.6566230812961911,75.6,73.62
51825.5,0.0,0.3751283853181253,0.6598430207891387,0.6371314870462114,65.98,64.9
47981.75,0.0,0.3956862533109898,0.7676424833828313,0.633314383172257,60.43,59.49
47154.5,0.0,0.4317800962214174,0.7401357658039881,0.6129294241858199,58.61,55.91
47272.75,0.0,0.4687929077247418,0.7521566963654363,0.6084626005035328,55.74,53.26
48695.25,0.0,0.5094545651116277,0.7959977372366002,0.5989604483066677,51.61,51.12
50448.25,0.0,0.545640304881345,0.8403691132795927,0.599691383091042,49.96,50.74
53564.0,0.0,0.5775555435428942,0.8580469523405458,0.6094371802160319,52.32,53.84
60024.25,0.0,0.6075031082761231,0.880285673879225,0.6026963372045805,59.08,62.82
66455.75,0.0007223345853799,0.6191523866154928,0.9084641493423844,0.6064322261024933,66.79,72.16
69203.5,0.0121558591653939,0.6251094653765068,0.9038325555084148,0.6002598879233331,70.13,74.92
69597.25,0.042849919511289,0.6310989783231526,0.901852637533588,0.6117924145212377,68.37,74.07
69856.0,0.08460085854625,0.6160549218876696,0.9077570357799464,0.6189393324128969,69.52,71.93
69834.25,0.1238236265323812,0.5927185253256932,0.9009687455805402,0.6138227889222773,69.94,70.81
69016.25,0.1532948776158831,0.5655657062543922,0.8802149625229811,0.5939251197920896,67.85,68.68
67548.0,0.1563699591365006,0.5352235255959782,0.8487837646726064,0.6141476488264436,67.74,68.39
65229.0,0.129039914145375,0.4805935455970593,0.7272309432894923,0.6314464387233005,73.22,70.89
64410.0,0.0756129524910224,0.4316665765717066,0.6697426106632726,0.6491513035003654,81.56,72.87
63947.75,0.0236358195401824,0.3966863073679658,0.6232498939329656,0.6798505644440835,90.12,75.22
65558.25,0.001676848144632,0.3786799286447916,0.6126431904963937,0.6713229919597173,95.45,83.94
66593.25,0.0,0.371225471647116,0.6106279168434451,0.6977178591732316,95.45,86.42
64465.75,0.0,0.3637115519757825,0.6177697638240701,0.6519126126857793,87.05,82.14
60833.0,0.0,0.3501540623817503,0.6376396549285815,0.6191829773410217,80.44,77.96
57474.0,0.0,0.3252229850262176,0.6394427945127987,0.6055388613660359,75.2,72.68
54141.5,0.0,0.2961673603978593,0.6358365153443643,0.6088686753837408,74.91,71.74
50905.25,0.0,0.2728796151143305,0.6298614057417621,0.5950621294566718,70.94,68.95
47922.25,0.0,0.2497540407589599,0.7180738226559186,0.602615122228539,63.1,63.97
45278.75,0.0,0.2340396778204227,0.653691132795927,0.5849102574514741,64.08,64.54
44658.75,0.0,0.2134493756419266,0.5631452411257248,0.609599610168115,64.4,64.66
44569.0,0.0,0.192302286610087,0.542674303493141,0.6074068058149923,64.39,64.65
44039.5,0.0,0.1764852154170495,0.5248196860415782,0.5978234386420856,64.41,64.53
44411.5,0.0,0.1672739066976593,0.5003182011030971,0.6018029724681231,65.82,65.71
45794.25,0.0,0.1556894967295529,0.4938481120067883,0.5864533419962641,70.91,67.79
48236.5,0.0017026458083955,0.1537975025677063,0.5045962381558479,0.6211321367660196,74.86,70.26
51612.25,0.0449034135468692,0.1517109032920698,0.4914439258944986,0.6223503614066433,77.7,72.7
54201.5,0.1313152680893218,0.1422671495756527,0.4859991514637251,0.6192641923170633,80.38,75.05
56100.75,0.2147242745696949,0.1219633493702362,0.4931056427662282,0.6443596199139121,74.59,73.89
57173.5,0.2681460766912948,0.098491810368128,0.4770188092207608,0.6191829773410217,69.43,71.55
56468.25,0.284806207949808,0.085231634142386,0.4465775703577994,0.6005035328514579,68.3,69.99
54217.5,0.2705504189540595,0.0866263041245472,0.4324352991090369,0.6113863396410298,66.72,69.23
52489.75,0.2138058777397118,0.1011622249851343,0.4359355112431056,0.6138227889222773,69.53,71.15
51814.25,0.1289212448920625,0.1274231039515649,0.4709729882619148,0.6095183951920734,77.17,74.77
52827.75,0.0426744953976967,0.1714579166441429,0.5249964644321878,0.5972549338097946,86.13,78.06
55832.0,0.0025436496470879,0.2367154981350343,0.5918894074388347,0.608625030455616,88.95,87.07
57902.0,0.0,0.297767446889021,0.6662777542073257,0.602615122228539,87.62,90.05
56489.5,0.0,0.3307854478620466,0.71902842596521,0.6000974579712499,81.01,77.71
53187.25,0.0,0.340823828315044,0.7471008343940037,0.5953057743847966,74.4,71.11
51007.5,0.0,0.3394183469376723,0.7705770046669496,0.5797124989848128,67.84,67.77
49304.0,0.0,0.3330720579490783,0.7991443925894499,0.5827174530983513,65.86,68.13
46276.75,0.0,0.3341586031677388,0.8034224296422006,0.5799561439129376,63.46,64.14
43258.0,0.0,0.3021460619492945,0.9051407155989252,0.5720782912369041,55.48,59.63
41399.5,0.0,0.3100005405697605,0.9228185546598784,0.5796312840087712,53.67,55.92
41190.25,0.0,0.3286231688199362,0.91839909489464,0.5774384796556485,52.6,53.61
40846.25,0.0,0.3531488188550732,0.9145806816574742,0.5813367985056445,46.83,49.11
41187.0,0.0,0.3610519487539867,0.9266369678970444,0.5733777308535694,43.64,46.02
41219.0,0.0,0.3619384831612519,0.9351930420025456,0.572484366117112,46.25,48.06
41403.0,0.0,0.3669928104221849,0.9415217083863668,0.5696418419556566,49.19,51.63
43688.0,0.0007429727163908,0.3602627169036164,0.949794937066893,0.5908389507025096,53.16,55.15
46725.5,0.0105873612085689,0.3454132655819233,0.936183000989959,0.6148785836108178,55.06,59.34
50093.25,0.0361838031947826,0.3327206876047354,0.9142271248762552,0.6035897019410379,57.97,61.03
52101.5,0.0699013497337681,0.3152170387588518,0.8918116249469665,0.5673678226264923,61.16,63.54
54501.5,0.0954049201304329,0.298335045137575,0.8664262480554377,0.5789815642004386,65.54,65.6
54110.25,0.1078858298592479,0.2797718795610573,0.836091076226842,0.573458945829611,64.6,64.49
52323.75,0.1057188261031081,0.2600464889994053,0.7835171828595673,0.567449037602534,62.12,61.04
50879.0,0.0873612085689519,0.2339531866587383,0.660514778673455,0.5692357670754488,63.99,60.94
50479.5,0.0583285177694308,0.216611708741013,0.6005515485787017,0.5635507187525379,66.3,63.09
51037.25,0.0222633838279605,0.2023947240391372,0.5466341394427945,0.5955494193129213,70.69,66.97
53885.75,0.0019348247822677,0.1966863073679658,0.4981261490595389,0.6160968082514415,78.5,75.83
56220.5,0.0,0.2031082761230336,0.4549922217508131,0.6420043856087062,80.74,84.64
54915.25,0.0,0.2160062706092221,0.4164545325979352,0.6463087793389101,79.72,79.87
52592.25,0.0,0.2363046651170333,0.382159524819686,0.6277917648014294,76.75,74.14
50711.0,0.0,0.2493269906481431,0.3528496676566257,0.6097620401201982,70.72,68.52
49576.75,0.0,0.2527109573490459,0.3337929571489181,0.6073255908389507,68.39,66.09
47362.75,0.0,0.252732580139467,0.3268278885589025,0.5979858685941688,64.01,63.4
45227.0,0.0,0.2232174712146602,0.36405741762127,0.5938439048160481,64.35,64.7
44157.25,0.0,0.2246013298016109,0.3470159807665111,0.587833996588971,61.59,62.35
43769.5,0.0,0.2289907562570949,0.3418894074388346,0.5875091366848046,60.65,61.4
44255.25,0.0,0.2351694686199254,0.3310705699335313,0.5860472671160561,59.39,60.4
45391.0,0.0,0.2403481269257797,0.3357375194456229,0.587833996588971,59.21,60.98
47824.25,0.0,0.2487107411211417,0.3045184556639796,0.6009096077316657,65.0,65.54
54882.5,0.0,0.2574301313584518,0.2991797482675717,0.5970112888816698,76.0,77.29
60090.25,0.0015065835637924,0.2618736147899886,0.2681728185546598,0.6644197189961829,85.41,87.54
62507.0,0.0297498658521484,0.2623168819936213,0.2402771885164757,0.6878908470722002,104.0,102.56
63526.25,0.0926600487059891,0.255181361154657,0.2307665111016829,0.6381060667587103,96.5,95.35
64157.25,0.1503952202088579,0.2613114222390399,0.2201951633432329,0.639324291399334,85.47,84.83
65582.25,0.1963253807735171,0.2753986701983891,0.2175434874840899,0.6461463493868269,79.14,78.83
65566.0,0.2275921492549634,0.2899562138493972,0.2383326262197709,0.6186956874847722,67.37,69.34
64170.75,0.2314669583522516,0.2991080598951294,0.2800169707254985,0.6319337285795501,63.75,67.11
62761.0,0.2025168200767738,0.3069084815395427,0.3250954603309291,0.6491513035003654,63.95,68.54
62189.25,0.1350868865315557,0.2914427806908481,0.3469099137321453,0.6768456103305449,66.4,71.86
61822.25,0.0499958723737978,0.2722471484945132,0.371588177061236,0.6827743035815804,78.42,78.88
63427.5,0.0029151360052833,0.2658413968322612,0.3880285673879225,0.7183464630877934,93.9,88.28
65101.25,0.0,0.2746580896264663,0.4031254419459765,0.7336148785836109,96.0,95.93
63514.75,0.0,0.2922374182388237,0.4346980625088389,0.666531308373264,89.08,89.21
60737.0,0.0,0.3200281096275474,0.4769127421863951,0.6227564362868513,79.15,81.44
57784.5,0.0,0.3395048380993567,0.5180313958421723,0.6126045642816536,71.54,73.0
55091.75,0.0,0.34711065462998,0.5495686607269128,0.6087062454316576,65.87,67.19
51765.5,0.0,0.3447916103573166,0.5835808230801867,0.5895395110858442,61.9,62.86
49324.5,0.0,0.3273095843018541,0.5039598359496535,0.5957118492650044,68.59,67.58
48882.5,0.0,0.3324341856316558,0.5715952481968604,0.5918947453910501,65.37,65.19
48166.75,0.0,0.3415373803989405,0.6736670909348041,0.5961179241452124,63.41,63.39
48474.0,0.0,0.344624033731553,0.7483736388063923,0.58726549175668,60.49,61.44
49986.25,0.0,0.3441267095518677,0.8075943996605854,0.5859660521400146,60.06,61.26
53317.0,0.0,0.3510460024866209,0.8474048932258521,0.5954682043368797,63.59,63.1
59375.0,0.0,0.359138331801719,0.8501626361193607,0.5970112888816698,70.69,70.73
64363.0,0.0033227390927477,0.3583490999513487,0.845531042285391,0.6251928855680987,82.18,82.36
66695.0,0.0620846576134065,0.3575598681009784,0.8227619855748833,0.5970925038577114,89.1,88.82
67150.75,0.1744180047054938,0.3503594788907508,0.7854971008343941,0.6287663445139283,75.12,78.87
67192.75,0.2881599042390721,0.3517649602681226,0.7306957997454391,0.6297409242264274,69.21,72.14
66952.0,0.360697775209477,0.3670738958862641,0.6746216942440956,0.6238934459514335,63.87,67.16
65506.5,0.3834306765179345,0.3843396940375155,0.6259015697921086,0.6059449362462438,60.53,63.76
64114.0,0.3673587319932307,0.3823666144115898,0.5935864799886862,0.6094371802160319,60.26,64.81
62862.75,0.2972819581458703,0.348051246013298,0.5435581954461887,0.6088686753837408,63.1,68.19
62856.5,0.1897057002517852,0.3032974755392183,0.5493211709800594,0.5970112888816698,70.7,72.97
63120.0,0.0748545011763734,0.2653819125358127,0.5469169848677697,0.596767643953545,78.36,82.23
64990.0,0.0050150658356379,0.2539218336126277,0.5457148918116249,0.6082189555754081,95.01,93.05
67371.5,0.0,0.2649224282393643,0.569862819968887,0.6279541947535126,99.88,100.29
66183.0,0.0,0.2862316881993621,0.6011879507848961,0.6221879314545602,90.99,94.02
62823.5,0.0,0.3144602410941132,0.6310988544760289,0.6148785836108178,77.97,82.9
59845.75,0.0,0.3330558408562625,0.6400438410408712,0.5994477381629172,71.86,77.3
56318.5,0.0,0.3410400562192551,0.627633998020082,0.5989604483066677,68.39,71.87
51506.25,0.0,0.3460511378993459,0.6013293734973837,0.5861284820920978,64.74,66.07
48889.5,0.0,0.3818260446510622,0.5768278885589025,0.5844229675952246,60.63,62.15
47380.0,0.0,0.3902264987296611,0.4859637957856031,0.5800373588889791,59.34,61.61
46739.0,0.0,0.4056057084166711,0.4457643897609956,0.5676114675546171,55.76,59.06
47147.75,0.0,0.4256932807178766,0.4475675293452128,0.5739462356858605,54.79,58.18
47961.0,0.0,0.4419914589977836,0.4046103804270965,0.5912450255827174,55.06,57.61
50499.25,0.0,0.458511270879507,0.3305048790835808,0.5846666125233493,58.43,62.08
57423.25,0.0,0.4732309854586734,0.2618795078489605,0.5845853975473078,63.23,71.02
63419.75,0.0026365212366368,0.4757338234499162,0.2194526941026729,0.5985543734264598,72.74,78.68
65883.0,0.0306115078218516,0.4789502135250554,0.2110380427096591,0.6169901729878989,79.73,82.84
66534.75,0.0766964543690923,0.4758527487972323,0.2284330363456371,0.6369690570941282,69.65,72.66
67223.25,0.1234469806414331,0.4626736580355695,0.2784259652100127,0.6295784942743442,63.86,68.66
68177.75,0.1588000990630288,0.4493215849505378,0.3222316504030547,0.6277105498253878,63.29,67.01
67487.0,0.171998183844471,0.4431861181685496,0.3454603309291472,0.6121984894014456,62.63,65.11
66342.0,0.1629586824617162,0.4349586464133196,0.3536628482534295,0.6352635425972549,63.82,63.75
64867.5,0.1297725677962603,0.4155413806151684,0.3464856455946825,0.6324210184357996,69.03,68.19
63954.75,0.0820881660956783,0.3886210065408941,0.3263682647433177,0.6939007552992772,72.23,70.45
63025.0,0.0311480992281339,0.3721606573328288,0.3083015132230236,0.6411922358482904,78.54,77.82
65277.5,0.0028532216122507,0.369403751554138,0.3019021354829586,0.6047267116056201,82.97,84.38
66548.75,0.0,0.3736850640575166,0.3071347758450007,0.6376187769024608,87.58,89.92
65346.0,0.0,0.3778204227255527,0.320605289209447,0.6247868106878909,84.47,86.8
61898.5,0.0,0.3838099356721985,0.3485009192476311,0.5881588564931374,76.48,78.98
58506.5,0.0,0.3818692902319044,0.3968321312402771,0.5875091366848046,69.68,71.71
54654.75,0.0,0.3740202173090437,0.4377740065054448,0.5845041825712661,68.2,68.63
50626.0,0.0,0.3654251581166549,0.473553952764814,0.5875091366848046,63.8,64.46
47680.25,0.0,0.367306340883291,0.4814029133078772,0.6019654024202062,61.71,62.48
45667.25,0.0,0.3423860749229688,0.4979847263470513,0.586859416876472,61.13,60.99
45412.5,0.0,0.3193091518460457,0.5300876820817423,0.5574595955494193,60.3,59.58
45907.25,0.0,0.3072003892102276,0.5784188940743884,0.5770324047754406,59.75,58.16
47408.0,0.0,0.2881831450348667,0.5553316362607835,0.5844229675952246,61.94,58.57
50554.25,0.0,0.2747770149737824,0.4951916277754207,0.5768699748233574,66.06,61.71
57544.75,0.0,0.2503216390075139,0.4834535426389478,0.6136603589701941,72.21,71.63
62828.0,0.0041327857349238,0.2375966268446943,0.4939895347192759,0.6170713879639406,81.57,80.18
64527.25,0.0524363313658315,0.2379588085842478,0.4816504030547306,0.6096808251441566,82.67,82.64
64477.25,0.1365470343005737,0.2366344126709552,0.4908782350445481,0.6036709169170795,78.76,77.41
65051.25,0.2173607958063317,0.2243742905021893,0.532102955734691,0.6204012019816454,74.18,73.03
65208.75,0.2785425351880133,0.2094059138331801,0.57102955734691,0.601234467635832,69.96,68.43
65389.75,0.2993148140504396,0.1992648251256824,0.5833686890114552,0.5948996995045887,66.63,65.72
64235.25,0.2797601849176538,0.1925509486999297,0.5788431622118512,0.6114675546170714,66.19,65.58
62474.25,0.2136201345606141,0.1758311260068111,0.518137462876538,0.602209047348331,69.91,65.96
61944.5,0.1343026375531432,0.1654575923022866,0.5110309715740348,0.622431576382685,75.05,70.82
61673.0,0.0523331407107772,0.1713065571111952,0.4978433036345637,0.6268171850889304,79.05,76.99
63904.25,0.0046074627481735,0.2011838477755554,0.4846202800169707,0.6540242020628604,87.0,83.48
65648.0,0.0,0.2412508784258608,0.4922217508131806,0.6410298058962073,86.91,86.45
65265.5,0.0,0.2767771230877344,0.5225215669636544,0.6180459676764395,75.61,79.53
62290.75,0.0,0.3081571976863614,0.5697213972563994,0.605701291318119,70.47,72.71
58331.75,0.0,0.331028704254284,0.6301088954886155,0.6011532526597905,62.97,67.19
54842.5,0.0,0.3439483215308935,0.6760712770470938,0.6042394217493706,63.09,64.43
51035.0,0.0,0.3540029190767068,0.708068165747419,0.567449037602534,58.91,60.11
48044.75,0.0,0.3680631385480296,0.8039174091359073,0.5796312840087712,51.76,54.99
46531.75,0.0,0.3794096978215038,0.7992151039456937,0.5853975473077235,51.08,52.58
45784.0,0.0,0.3900372993134764,0.8057912600763683,0.5761390400389832,49.92,51.45
46151.5,0.0,0.3930753013676415,0.8072761985574883,0.5696418419556566,48.81,50.18
47925.25,0.0,0.4016595491648197,0.8026446047235186,0.5607081945910826,51.38,50.79
51314.5,0.0,0.4153629925941943,0.8215952481968604,0.5650125883212864,53.53,51.22
58387.25,0.0,0.4434131574679712,0.822125583368689,0.5759766100869,59.15,59.34
63674.75,0.0061759607049985,0.4577166333315314,0.8394498656484232,0.58880857630147,69.39,69.11
65915.0,0.0773620340941924,0.4660414076436564,0.8399448451421299,0.5911638106066759,70.5,69.62
65880.5,0.1921461592438189,0.4673225579761068,0.8367628341111583,0.5948996995045887,64.84,64.17
65886.25,0.2968691955256532,0.446386291150873,0.8319898175647009,0.6364817672378786,54.37,57.26
66226.0,0.3618431914805795,0.4170603816422509,0.8107410550134352,0.6363193372857955,53.0,54.18
66133.25,0.3689530276138193,0.4142818530731391,0.7609956158959129,0.6307967189149679,52.33,53.83
64405.75,0.3268254426879102,0.4346667387426347,0.6892589449865648,0.6438723300576626,52.31,54.19
62340.5,0.2448249886490279,0.4401535218119898,0.6237095177485504,0.6449281247462032,53.78,53.55
61767.75,0.1493375159945515,0.4473376939294016,0.6198911045113845,0.6567855112482742,62.59,57.5
61882.5,0.054716844842531,0.4455754365100816,0.6362961391599491,0.6510192479493219,69.99,63.04
64478.75,0.0041792215296982,0.4364073733715335,0.6566610097581672,0.5800373588889791,72.58,65.42
65984.25,0.0,0.4280069192929348,0.6546457361052185,0.5813367985056445,77.42,66.8
63918.5,0.0,0.4206767933401805,0.6498727195587611,0.5945748396004223,76.78,65.16
60430.5,0.0,0.4175793286123574,0.647291755055862,0.5862909120441809,72.47,61.52
56796.0,0.0,0.4096545759230228,0.6412105784188941,0.5738650207098189,69.4,58.6
53679.75,0.0,0.3956213849397265,0.6395135058690425,0.5840168927150167,68.05,57.74
49707.25,0.0,0.3845234877560949,0.6343515768632443,0.5676114675546171,60.02,52.98
46571.25,0.0,0.3950916265744094,0.6156130674586339,0.5749208153983595,57.31,51.61
44882.75,0.0,0.3822747175523001,0.6036628482534295,0.5655810931535775,57.0,50.08
44161.0,0.0,0.3791718471268717,0.6279168434450573,0.5598960448306668,55.88,50.15
44674.75,0.0,0.3838910211362776,0.6018597086692122,0.5762202550150247,54.66,48.25
45073.5,0.0,0.3910427590680577,0.5371234620280017,0.5610330544952489,54.62,47.98
45791.5,0.0,0.4088058813989945,0.5159454108329797,0.5569723056931698,55.48,49.59
46835.25,0.0,0.4241472512027677,0.5081318059680384,0.571915861284821,55.17,49.3
49175.0,0.0028222644157345,0.4157143629385372,0.4839485221326545,0.5876715666368878,56.9,53.52
52103.0,0.0442791100837908,0.3879507000378399,0.4277683495969452,0.597742223666044,64.89,58.81
54675.75,0.1241847938250712,0.3585274879723228,0.358365153443643,0.6074068058149923,63.29,60.44
55840.5,0.2078259792793164,0.3298989134547813,0.2889973129684627,0.5918135304150085,62.02,56.93
56648.5,0.2737080529987204,0.2997134980269204,0.2260642059114694,0.595793064241046,60.69,54.75
55503.25,0.3103562141412473,0.2673225579761068,0.1676212699759581,0.6090311053358239,58.26,52.59
53757.5,0.3152113344615511,0.2364722417427969,0.1267854617451562,0.6438723300576626,55.25,51.44
52205.0,0.2683730961324142,0.1996702524460781,0.1065620138594258,0.6450093397222448,59.09,55.81
52076.75,0.1809499731704296,0.1631169252392021,0.0905458916702022,0.6302282140826768,68.83,64.72
51904.25,0.0728990382630948,0.1236931726039245,0.0744590581247348,0.6311215788191342,75.03,68.54
54105.5,0.0063617038840962,0.0920806530082707,0.0646655352849667,0.6465524242670349,87.93,80.98
56376.25,0.0,0.0735066760365425,0.0624027718851647,0.6966620644846909,110.06,99.01
54425.0,0.0,0.0592626628466403,0.0700395983594965,0.6878908470722002,90.28,88.08
50910.75,0.0,0.0484134277528515,0.0935157686324423,0.6454154146024527,80.93,79.1
48673.25,0.0,0.042959078869128,0.1390892377315797,0.6143912937545684,74.57,72.94
46798.0,0.0,0.0449591869830801,0.2072196294724932,0.6231625111670592,72.44,70.47
43910.75,0.0,0.0568246932266609,0.3039174091359072,0.6171526029399821,69.11,67.97
41007.75,0.0,0.0906319260500567,0.489039739782209,0.6272232599691383,62.38,61.66
39419.25,0.0,0.1206389534569436,0.5849596945269411,0.6469584991472428,54.81,56.21
38739.0,0.0,0.1511919563219633,0.6618936501202093,0.6376999918785023,51.44,53.49
38554.25,0.0,0.1753229904319152,0.7006788290199406,0.6031836270608301,50.32,51.81
39223.75,0.0,0.2038650737877723,0.7096591712629048,0.58726549175668,50.19,51.29
40249.0,0.0,0.2405481377371749,0.7318978928015839,0.6060261512222854,48.47,50.47
40946.75,0.0,0.2796907940969782,0.7389336727478433,0.611548769593113,46.02,48.22
42442.0,0.0062946299583109,0.3125898697226877,0.7574600480837222,0.6047267116056201,48.97,50.56
45740.0,0.0679097700912205,0.3463646683604519,0.7592278319898176,0.5965239990254203,47.28,49.81
49104.5,0.1702439427085483,0.3729444834855938,0.7607834818271815,0.5995289531389588,43.03,46.58
51896.75,0.2622126140256738,0.3804367803665063,0.7799109036911328,0.5938439048160481,40.45,43.96
54520.75,0.3260308746439922,0.3825450024325639,0.7906236741620705,0.5969300739056282,41.0,43.93
54493.0,0.329498080653816,0.3943078004216444,0.7939117522274077,0.6292536343701779,40.1,43.38
52574.25,0.2737390101952367,0.4112708795070003,0.7646018950643473,0.6212133517420613,39.88,43.13
50937.5,0.1923112642919057,0.4197956646305206,0.6255833686890114,0.6032648420368716,42.87,47.3
49982.5,0.1108216039955421,0.4266554948916157,0.5500282845424975,0.6167465280597743,54.29,52.01
50462.0,0.0393827135014653,0.4343099627006865,0.4670485079903833,0.605132786485828,62.87,54.67
53460.25,0.0036219919924051,0.4422509324828369,0.4168080893791543,0.6226752213108098,72.0,61.68
56137.25,0.0,0.4494837558786961,0.4426530900862678,0.631771298627467,73.66,66.24
54798.75,0.0,0.4535542461754689,0.51965775703578,0.6314464387233005,70.59,64.76
52665.75,0.0,0.4619817287420941,0.6237095177485504,0.6090311053358239,64.71,60.33
50927.75,0.0,0.4737499324287799,0.7230589732711074,0.5861284820920978,59.83,57.57
50174.25,0.0,0.4842964484566733,0.7785673879225004,0.5804434337691871,57.33,56.12
47537.0,0.0,0.5036704686739824,0.7738650827322868,0.575408105254609,53.94,53.89
44747.25,0.0,0.635515433266663,0.8679465422146797,0.5702103467879477,44.0,45.82
42983.25,0.0,0.6698470187577706,0.8107056993353132,0.5657435231056607,43.04,45.75
42536.25,0.0,0.6750527055516514,0.7381204921510395,0.5612766994233737,44.21,45.99
42897.5,0.0,0.6751662252013623,0.6527365294866355,0.5784942743441891,43.91,45.45
44668.0,0.0,0.6615925185145143,0.6281643331919107,0.5939251197920896,44.92,46.7
48506.75,0.0,0.6304448889129142,0.5851718285956725,0.6024526922764558,51.57,52.97
57542.0,0.0,0.6047137683118007,0.5162989676141988,0.6104929749045724,68.6,67.88
63477.25,0.0022908325422049,0.589853505594897,0.4740842879366426,0.6414358807764152,79.09,78.67
66466.0,0.0322419201717092,0.5842477971782258,0.4642200537406307,0.6442784049378706,83.84,83.34
66976.25,0.0929128658108721,0.5676739283204497,0.5126926884457644,0.6303094290587185,75.03,74.94
67829.5,0.1553483716514632,0.5509000486512784,0.5873285249611088,0.6151222285389426,70.83,71.59
69130.75,0.2030792091468196,0.5461916860370831,0.6192547023051902,0.6417607406805815,69.13,70.63
68490.25,0.218222437776035,0.5475268933455862,0.6271743742044973,0.63039064403476,62.47,65.61
67335.75,0.2049985553308292,0.540137304719174,0.6292957148918116,0.64476569479412,60.99,63.54
65723.75,0.1682730011970116,0.5174658089626466,0.634068731438269,0.6232437261431008,65.96,64.91
64972.25,0.1098980476328063,0.4798313422347154,0.6113703860840051,0.6226752213108098,69.28,67.09
63903.0,0.0443513435423288,0.4421806584139683,0.5902984019233489,0.6626329895232681,71.51,70.54
65109.75,0.0043236884467742,0.4175631115195416,0.5950360627916843,0.6849671079347032,76.25,76.21
66886.75,0.0,0.4018865884642413,0.6337505303351718,0.7053520669211403,97.65,93.3
65917.0,0.0,0.3937834477539326,0.6934662706830717,0.7012913181190612,79.98,80.52
62435.0,0.0,0.4009459970809232,0.7366709093480412,0.6619020547388939,71.86,70.99
58549.75,0.0,0.4061462781771988,0.7516970725498515,0.6510192479493219,67.47,63.79
56101.25,0.0,0.4060111357370669,0.7490807523688304,0.6495573783805734,66.27,62.05
51665.0,0.0,0.4057462565544083,0.7113915994908783,0.6542678469909852,59.07,58.52
48516.75,0.0,0.4181307097680956,0.6854758874275209,0.6480142938357834,58.06,57.8
47086.25,0.0,0.4054543488837234,0.6214821100268703,0.6233249411191424,54.32,54.76
46942.25,0.0,0.4089031839558895,0.5850657615613067,0.63039064403476,53.96,54.46
47058.75,0.0,0.4204281312503378,0.5766511101682931,0.6411110208722488,53.48,54.38
47968.0,0.0,0.4088653440726525,0.5327393579408853,0.6567855112482742,52.99,53.71
51282.0,0.0,0.387972322828261,0.4938834676849102,0.6466336392430764,54.79,55.82
59818.5,0.0,0.3760149197253906,0.4949087823504455,0.6963372045805246,70.53,68.13
64623.5,0.0041947001279564,0.3634791069787556,0.4522698345354264,0.747583854462763,88.4,84.04
66482.25,0.0552327981178024,0.3427860965457592,0.4464715033234337,0.7500203037440104,90.89,87.58
66641.5,0.1467629091509472,0.3283150440564354,0.4694526941026729,0.7148542191180054,78.55,77.56
67378.0,0.2335410905188426,0.3339045353802908,0.5567105077075378,0.7115244051003005,69.84,69.71
68095.75,0.2921482230569199,0.3607762581761176,0.6634492999575732,0.6801754243482498,60.88,62.15
67152.75,0.3078280430924175,0.3958592356343586,0.7404539669070853,0.6921140258263624,53.52,56.13
65851.75,0.2928086432492673,0.4202713660197849,0.7812897751378871,0.698205149029481,51.42,54.32
64355.5,0.2407592768398893,0.4172225525704092,0.838353839626644,0.7119304799805084,51.79,54.49
63178.5,0.158418293639328,0.3914481863884534,0.8643756187243671,0.7040526273044749,56.16,58.72
63449.25,0.0661916456845668,0.3666576571706578,0.8811342101541507,0.7052708519450986,63.08,63.72
65957.0,0.0068209022990877,0.3691767122547165,0.8821948804978079,0.7436043206367254,70.54,71.64
68153.75,4.127626202171132e-05,0.404427266338721,0.8761490595389619,0.7409242264273532,71.25,73.62
67126.5,0.0,0.4511433050435158,0.8475816716164616,0.6854543977909526,73.47,70.27
63729.5,0.0,0.4968971295745716,0.8185900155564984,0.7042150572565581,68.48,66.35
60140.5,0.0,0.528228552894751,0.8083368689011455,0.6636887842118087,61.33,60.18
56690.5,0.0,0.5349045894372669,0.7980483665676708,0.6542678469909852,56.86,57.14
52841.75,0.0,0.5413914265635981,0.7810776410691557,0.6319337285795501,52.77,51.76
50117.75,0.0,0.5669225363533164,0.6488827605713477,0.641273450824332,50.65,50.47
49212.0,0.0,0.5720957889615655,0.703577994625937,0.6425728904409973,48.47,48.62
48770.75,0.0,0.5679063733174766,0.7170838636685052,0.657191586128482,46.84,47.74
49300.5,0.0,0.558354505648954,0.6527718851647575,0.6535369122066109,44.77,46.43
50632.0,0.0,0.549245905184064,0.612926035921369,0.648257938763908,45.39,46.93
54196.5,0.0,0.5201848748581004,0.529804836656767,0.6438723300576626,50.03,49.65
61615.5,0.0,0.5103573166117087,0.4460472351859709,0.682855518557622,66.0,59.86
65606.75,0.0069756882816692,0.4860965457592302,0.3709517748550417,0.7059205717534314,81.34,68.66
67067.0,0.0736162133157221,0.4480025947348505,0.3523900438410409,0.6935758953951109,85.11,71.9
67491.25,0.1882868287447888,0.4112708795070003,0.3816291896478574,0.6742467310972143,70.34,65.23
68226.5,0.2983241837619185,0.4050975728417752,0.485645594682506,0.6668561682774303,64.1,61.94
68753.75,0.3709291286581087,0.4109032920698416,0.6309574317635412,0.6719727117680501,60.39,59.88
67353.5,0.3921657654682792,0.4131520622736364,0.7630108895488615,0.6668561682774303,53.01,54.8
66358.25,0.3610434639039088,0.4112168225309476,0.8233276764248338,0.6674246731097214,51.22,53.52
64537.0,0.2826495232591736,0.3996378182604465,0.904822514495828,0.6618208397628522,53.77,56.64
64017.25,0.1721942460890741,0.382604465106222,0.9117522274077215,0.6530496223503615,65.6,60.64
63852.75,0.0659543071779419,0.3791448186388453,0.903691132795927,0.6922764557784455,69.92,63.55
65589.5,0.0070943575349816,0.4192388777771771,0.8811342101541507,0.6554860716316089,69.63,68.72
67759.75,0.0001444669170759,0.4866695497053895,0.8572691274218639,0.6396491513035004,68.58,70.69
66816.25,0.0,0.5545705173252609,0.830045255267996,0.6338828880045481,61.39,66.34
62646.0,0.0,0.6135412725012163,0.8158676283411116,0.6696174774628442,52.11,60.27
59457.25,0.0,0.6596140331909833,0.7889973129684628,0.6465524242670349,45.98,51.93
56335.5,0.0,0.6787015514352127,0.7835171828595673,0.6319337285795501,41.71,47.88
52790.0,0.0,0.6921347099843235,0.7830222033658606,0.6277105498253878,35.22,42.82
50247.75,0.0,0.7290826531163846,0.7935935511243105,0.613497929018111,30.47,40.16
48254.25,0.0,0.7249581058435591,0.7594753217366709,0.6090311053358239,27.01,37.71
47459.25,0.0,0.6944699713498027,0.6667727337010324,0.6242995208316413,27.07,38.23
47701.25,0.0,0.6504297529596195,0.5288855890255975,0.6325834483878827,27.95,38.04
48746.0,0.0,0.6009838369641602,0.3765733276764248,0.6238122309753918,37.0,39.28
51823.5,0.0,0.551694686199254,0.2566468674869184,0.6657191586128482,48.05,46.13
59099.75,0.0,0.4980755716525217,0.2187809362183566,0.6834240233899131,66.09,62.64
64315.75,0.0021205679613654,0.4582788258824801,0.2521213406873144,0.7136359944773816,76.53,72.76
66705.5,0.0169490650926652,0.4438510189739986,0.3577287512374487,0.7029156176398927,81.91,78.47
67966.25,0.0476689231023238,0.4357586896589004,0.4645382548437279,0.7514821733127589,74.09,70.27
68288.0,0.0848949519131547,0.4347045786258717,0.5294866355536699,0.6676683180378462,71.95,64.89
68202.5,0.1145983819705287,0.4414941348180983,0.5707467119219347,0.6700235523430521,68.53,64.47
67268.0,0.1331623808147934,0.4663927779879993,0.6308867204072974,0.6917079509461544,68.77,60.24
66582.75,0.1353448631691914,0.5041245472728255,0.6617875830858436,0.7254121660034111,68.98,58.46
65056.0,0.1168427787179593,0.5447429590788692,0.6602319332484797,0.6973117842930237,64.65,59.9
64481.25,0.074808065381599,0.5799935131628736,0.7093409701598077,0.6533744822545278,64.75,61.76
64032.5,0.0283361538779048,0.6346288988593978,0.785143544053175,0.647120929099326,63.25,60.44
66207.75,0.0034723655425764,0.7178820476782529,0.8045891670202234,0.7051084219930155,61.76,62.43
68961.25,0.0,0.7939456186820909,0.7893155140715599,0.674896450905547,59.91,63.58
67968.0,0.0,0.853046110600573,0.7759157120633574,0.6623893445951433,52.42,59.6
63938.5,0.0,0.9036488458835612,0.7464644321878093,0.6290912044180947,42.45,49.92
60577.5,0.0,0.9388345315963024,0.7404539669070853,0.6345326078128807,24.48,37.11
57812.5,0.0,0.9413860208659928,0.7552326403620422,0.6145537237066515,12.06,27.14
54811.25,0.0,0.9594788907508514,0.7422924621694245,0.6203199870056039,1.91,18.11
52107.75,0.0,0.9674685118114492,0.5611299674727761,0.6031836270608301,9.23,16.88
50311.75,0.0,0.9396778204227256,0.5157686324423703,0.6133354990660278,1.07,15.86
50075.0,0.0,0.9269041569814584,0.561907792391458,0.6028587671566636,1.19,14.27
50106.5,0.0,0.9341261689821072,0.5884245509828878,0.5964427840493787,0.09,12.78
51207.5,0.0,0.8997729607005784,0.6821170980059398,0.6039145618452042,0.02,14.86
54069.25,0.0,0.84711065462998,0.6787936642624806,0.6053764314139527,0.09,26.04
60039.75,0.0,0.8150278393426672,0.6920166878800735,0.6238122309753918,39.68,45.15
65023.5,0.0088434391381516,0.7528731282772042,0.6174869183990949,0.6551612117274426,57.06,56.05
66734.5,0.0761908201593263,0.698297205254338,0.6163908923773158,0.6610899049784781,59.35,56.83
67224.25,0.1817858174763693,0.6812476350072977,0.6160726912742186,0.6307967189149679,51.69,52.14
67687.25,0.2668716721013745,0.6975566246824153,0.6594894640079196,0.6606838300982701,46.64,45.7
68496.0,0.3143135757625789,0.6828369101032489,0.7044972422571065,0.6730285064565906,41.65,42.99
67459.5,0.3286158005531019,0.6556894967295529,0.7520859850091924,0.6542678469909852,37.1,40.32
65435.5,0.3131475213604656,0.6350829774582409,0.7436713336161788,0.6372939169982945,33.6,38.08
64054.5,0.2699312750237339,0.6015622466079248,0.7496817988969029,0.6332331681962153,39.08,41.92
63123.75,0.1916250464357947,0.5465376506838208,0.7131240277188516,0.6510192479493219,49.51,47.39
62443.75,0.0892134808271763,0.4826260878966431,0.7045325979352284,0.6786323398034597,63.08,54.68
63353.5,0.0143950963800718,0.4294394291583329,0.7216447461462311,0.69763664419719,73.8,63.32
65994.25,0.0001754241135922,0.3998378290718417,0.7202305190213548,0.7268740355721595,86.44,70.01
64791.0,0.0,0.3834531596302503,0.6846273511525951,0.744660115325266,84.01,65.6
61538.0,0.0,0.3733174766203578,0.6415641352001131,0.7517258182408836,72.97,58.34
57794.0,0.0,0.3553705605708416,0.6191486352708245,0.7646389994314952,69.26,55.94
54880.5,0.0,0.3273960754635385,0.5816716164616037,0.7771461057418988,67.98,55.1
51233.5,0.0,0.3026217633385588,0.5372295290623674,0.7468529196783887,65.1,53.52
48173.5,0.0,0.2868533434239688,0.4993989534719276,0.6847234630065784,66.47,59.07
46249.5,0.0,0.2697389048056651,0.3960189506434733,0.7031592625680175,63.9,56.95
44578.5,0.0,0.2652521757932861,0.3462028001697073,0.7091691707950946,59.5,53.9
43884.25,0.0,0.2579058327477161,0.3137462876537972,0.6952001949159425,55.2,51.4
43816.75,0.0,0.2514514298070165,0.3295149200961674,0.6692926175586779,55.39,51.76
44354.25,0.0,0.2524731066544137,0.3540164050346485,0.6968244944367742,57.1,53.74
45516.5,0.0,0.2549975674360776,0.3475463159383397,0.6864289775034517,61.67,57.33
48097.0,0.02104573409832,0.2540515703551543,0.3192617734408146,0.6831803784617884,66.11,61.28
51597.25,0.1292308168572254,0.2577058219363208,0.3322726629896761,0.6956062697961504,64.4,61.5
54062.5,0.278944978742725,0.2475593275312179,0.3465917126290482,0.6826930886055389,57.6,57.0
55077.75,0.3908500846163371,0.2421211957403103,0.3545467402064771,0.6752213108097133,49.16,51.16
55994.25,0.449880298840137,0.2708200443267203,0.3565266581813039,0.6813936489888736,45.84,47.68
55713.25,0.4684236595533908,0.3058597762041191,0.3532385801159666,0.6990985137659385,40.32,42.22
53891.25,0.4442048128121517,0.3329693496945781,0.3381417055579126,0.706570291561764,32.22,36.14
52535.75,0.3781163577826392,0.3574949997297151,0.3615471644746146,0.6826930886055389,37.6,41.69
51327.25,0.2617379370124241,0.3492350937888535,0.3517536416348465,0.6764395354503371,45.0,47.27
51818.25,0.1203615800553102,0.3275852748797232,0.3694668363739216,0.6664500933972225,55.95,58.26
54823.0,0.0182750650101126,0.3096059246445753,0.3986352708244944,0.6805814992284577,71.67,69.79
58150.0,3.61167292689974e-05,0.3167252283907238,0.4227831989817565,0.6750588808576301,80.0,77.68
57667.0,0.0,0.3365641386020866,0.4558407580257389,0.6891902866888654,74.13,70.88
54118.75,0.0,0.3609870803827233,0.5020859850091924,0.6859416876472021,65.17,62.51
51734.5,0.0,0.375279744851073,0.527966341394428,0.6506943880451556,59.94,58.53
50386.5,0.0,0.3804259689712957,0.5357092349031255,0.6501258832128645,56.22,57.25
47020.0,0.0,0.3821125466241418,0.5252439541790411,0.6528059774222367,52.2,54.38
44501.75,0.0,0.4110978971836315,0.549109036911328,0.6449281247462032,56.57,55.31
43134.75,0.0,0.4185685712741229,0.5066822231650403,0.6462275643628685,55.44,54.19
42351.5,0.0,0.4147791772528245,0.4512445198698911,0.655648501583692,55.38,53.8
41792.5,0.0,0.4018487485810044,0.3654009333899024,0.6454966295784943,54.89,53.4
41737.0,0.0,0.3991891453592086,0.3025385376891529,0.6439535450337042,55.19,53.61
41449.25,0.0,0.3983782907184172,0.2422571064913025,0.6381872817347519,55.07,53.68
41984.5,0.0,0.3937888534515379,0.2128765379719983,0.6346950377649638,56.71,55.21
43696.75,0.0196784579188508,0.3847072814746743,0.2102602177909772,0.6428977503451636,59.92,57.18
46941.5,0.1267748792669336,0.3705875993296935,0.1833545467402065,0.6463899943149517,61.58,60.2
49870.5,0.2855079044041771,0.3380885453267744,0.1537264884740489,0.6683992528222205,61.82,59.87
52432.0,0.4165136005283361,0.3020217309043732,0.1309927874416631,0.6661252334930561,56.31,54.21
54360.75,0.4883755727081355,0.2878425860857344,0.1110875406590298,0.6558921465118168,54.12,51.7
54396.25,0.5125067073925785,0.2784312665549489,0.0935511243105642,0.6656379436368066,50.0,47.58
52188.25,0.4930397903165889,0.2600248662089843,0.0847475604582096,0.6891090717128239,46.03,44.51
50170.25,0.4293866347463573,0.2274068868587491,0.088353839626644,0.6796881344920003,49.84,47.79
48533.5,0.305078012135221,0.1751608195037569,0.098925187385094,0.6545927068951515,55.0,53.45
48570.0,0.1412164114417798,0.1278285312719606,0.1069509263187667,0.6423292455128726,67.8,64.5
51469.5,0.0234036405663103,0.1073301259527542,0.1050417197001838,0.6765207504263786,82.19,78.58
55211.75,5.159532752713914e-05,0.1182550408130169,0.0974402489039739,0.6960935596523999,93.69,87.62
54646.0,0.0,0.1374128331261149,0.0847829161363315,0.6810687890847072,79.18,77.63
52196.25,0.0,0.153889399426996,0.0722316504030547,0.6399740112076667,69.99,68.82
50568.5,0.0,0.1638142602302827,0.0652665818130391,0.6404613010639162,65.92,63.08
49790.0,0.0,0.1689821071409265,0.0637462876537972,0.6306342889628848,65.23,62.0
46862.75,0.0,0.1693388831828747,0.0675293452128411,0.6243807358076829,58.38,55.82
44419.25,0.0,0.1760743823990486,0.0845354263894781,0.6368878421180866,57.83,58.62
43081.0,0.0,0.1819125358127466,0.086479988686183,0.6240558759035166,56.82,57.75
42585.5,0.0,0.1894102383912644,0.1143756187243671,0.6256801754243483,55.7,56.66
43199.0,0.0,0.2119033461268176,0.1411752227407721,0.6250304556160156,51.8,53.44
45247.75,0.0,0.2168711822260662,0.1729953330504879,0.6301469991066353,53.3,54.6
49250.5,0.0,0.2266284664035893,0.2520859850091925,0.6401364411597499,57.92,58.62
57449.0,0.0,0.2383696416022487,0.2887851788997313,0.6593843904816048,70.02,70.26
63053.25,0.0173257109836133,0.2458457213903454,0.3059326827888559,0.6581661658409811,79.9,80.09
65719.0,0.0942543443265777,0.2383426131142224,0.3356314524112572,0.6271420449930968,81.6,83.81
66407.75,0.1948961902010154,0.2147413373695875,0.3719063781643332,0.6454966295784943,73.83,76.3
66899.5,0.2761897882527758,0.1849451321693064,0.4088177061236034,0.6411922358482904,66.65,68.61
66827.5,0.3236987658397655,0.1632250391913076,0.4362890680243247,0.6383497116868351,65.03,65.45
65965.25,0.335106492756016,0.1524731066544137,0.4558407580257389,0.6454154146024527,58.42,59.98
65225.0,0.3127863540677756,0.1556840910319476,0.4636543628906802,0.6341265329326727,58.19,60.92
63951.25,0.2483695876501424,0.1737553381263852,0.4560882477725922,0.6695362624868025,61.29,64.52
62688.75,0.1598320056135716,0.2016811719552408,0.4469664828171404,0.6621456996670186,64.95,68.46
62462.75,0.0682451397201469,0.2344883507216606,0.4365719134492999,0.6623081296191018,69.99,72.42
64443.75,0.0108040615841829,0.2792691496837667,0.4307735822373073,0.6587346706732722,77.0,79.75
66934.25,0.0002476575721302,0.3274339153467755,0.426354122472069,0.6670185982295135,85.32,87.1
66028.25,0.0,0.355084058597762,0.4168788007353981,0.644197189961829,81.01,82.5
62419.25,0.0,0.3623871560624899,0.3918823363032103,0.6458214894826606,72.21,75.13
58996.5,0.0,0.3524677009568084,0.3512940178192618,0.6528871923982782,65.69,68.54
55318.0,0.0,0.3295259203200173,0.3061448168575873,0.6528871923982782,65.21,66.7
50810.0,0.0,0.3026109519433483,0.2542426813746287,0.6173962478681069,60.76,62.23
48273.5,0.0,0.2804692145521379,0.1879861405741762,0.6139040038983189,57.62,58.48
47333.5,0.0,0.2663495324071571,0.1678334040446895,0.5963615690733371,57.55,58.29
46556.5,0.0,0.2498405319206443,0.1534436430490736,0.6178835377243563,57.35,58.07
46736.25,0.0,0.2337747986377642,0.1180879649271673,0.6106554048566556,56.87,57.6
48295.5,0.0,0.2249256716579274,0.0876467260642059,0.6133354990660278,57.35,58.04
52185.0,0.0,0.2110005946267366,0.0674939895347192,0.6267359701128888,63.1,62.71
59695.75,0.0,0.1882047678252878,0.0558266157544901,0.6661252334930561,74.31,73.66
64180.0,0.0119133611260164,0.1649548624249959,0.0421793239994343,0.7041338422805166,95.63,90.49
66498.25,0.0755149213687208,0.1379263743986161,0.0378305755904398,0.6963372045805246,95.78,94.94
67209.75,0.1675351880133735,0.1093032055786799,0.033234337434592,0.6706732721513847,80.81,81.25
68080.25,0.2534568869443183,0.0912535812746635,0.0261632018102107,0.681880938845123,68.71,71.16
68011.75,0.3135035291204028,0.0807016595491648,0.0232640362042143,0.6656379436368066,64.93,65.88
66743.25,0.3400441656003632,0.0737769609168063,0.0243247065478715,0.5988792333306262,59.26,60.53
65401.5,0.3320004540388822,0.0718579382669333,0.0275774289350869,0.602209047348331,59.25,61.24
63531.5,0.2989484872249969,0.0747391750905454,0.0344010748126149,0.623974660927475,64.71,64.82
62357.25,0.2051069055186362,0.0743121249797286,0.0363456371093197,0.6361569073337123,72.06,69.3
62084.0,0.0957815660213811,0.072263365587329,0.0412247206901428,0.65914074555348,79.82,75.47
64188.75,0.0184762867874685,0.0750959511324936,0.0487201244519869,0.7208641273450824,98.02,89.41
66702.75,0.0001857431790977,0.0852370398399913,0.0608471220478008,0.7881913424835539,111.8,104.67
65779.25,0.0,0.0898480998972917,0.0849950502050629,0.744254040445058,105.17,101.05
62424.5,0.0,0.0873398562084437,0.1246641210578418,0.7064890765857224,84.36,83.63
58993.25,0.0,0.0800043245580842,0.1798189789280158,0.6616584098107691,72.37,74.44
55618.25,0.0,0.0740310287042542,0.2486564842313675,0.6318525136035085,70.27,69.7
52165.5,0.0,0.0677063625060814,0.3153726488474049,0.6332331681962153,64.97,64.27
49205.25,0.0,0.0540083247743121,0.3959128836091076,0.6230812961910176,60.36,60.52
47787.25,0.0,0.0531704416454943,0.4590581247348324,0.6146349386826931,59.4,60.06
47397.25,0.0,0.050148656684145,0.4887568943572338,0.6170713879639406,61.34,61.58
47834.25,0.0,0.0496837666900913,0.4670485079903833,0.6136603589701941,63.46,62.8
48750.25,0.0,0.0517163089896751,0.4141210578418894,0.6167465280597743,63.74,63.3
52119.75,0.0,0.0554354289421049,0.348182718144534,0.6441159749857874,67.44,66.96
59513.5,6.707392578528089e-05,0.0572247148494513,0.2819615330222034,0.6811500040607488,74.3,74.92
64387.25,0.0108866141082263,0.0609924860803286,0.2089167020223448,0.6922764557784455,98.89,91.92
66969.5,0.0674247740124654,0.0641818476674414,0.1588530618017253,0.6897587915211565,104.49,99.9
67323.75,0.1574637800800759,0.0632088220984918,0.1429430066468675,0.6882157069763665,85.46,82.54
67553.0,0.2527655095554547,0.0596789015622466,0.1548932258520718,0.6679931779420125,73.99,72.23
67626.5,0.3312265241259751,0.0578409643764527,0.1863597793805685,0.6181271826524811,67.55,67.1
66135.25,0.3713676889420894,0.0577923130980052,0.2287512374487342,0.5980670835702103,63.93,63.75
64780.5,0.3698198291162752,0.0578301529812422,0.2631523122613491,0.6076504507431171,60.72,60.63
63267.5,0.3612498452140174,0.0579166441429266,0.2875830858435865,0.6201575570535207,61.51,61.14
62943.5,0.2555568167746729,0.0524028325855451,0.289280158393438,0.6258426053764314,70.43,65.75
62792.75,0.1192729186444875,0.047229579977296,0.2912247206901428,0.6369690570941282,74.96,71.42
64270.5,0.0230218351426094,0.0507703119087518,0.3154080045255268,0.6391618614472508,93.04,79.61
67388.5,0.0001754241135922,0.0705551651440618,0.3813463442228822,0.6491513035003654,93.24,87.91
66754.5,0.0,0.1028650197307962,0.4915499929288643,0.6381872817347519,78.29,79.98
63076.75,0.0,0.1439158873452619,0.6255480130108896,0.6389994314951677,65.44,70.49
59502.0,0.0,0.1852262284447808,0.7357163060387498,0.640704945992041,62.59,62.28
56307.75,0.0,0.2207146332234174,0.7810069297129119,0.6283602696337205,64.02,59.17
52643.25,0.0,0.2509270771393048,0.7899872719558761,0.6325022334118412,55.12,52.43
50068.75,0.0,0.2756203038002054,0.6645806816574742,0.6078128806952002,55.11,53.88
49088.0,0.0,0.3000270284880263,0.7498585772875124,0.5979046536181272,53.33,52.49
48941.0,0.0,0.3257635547867452,0.7926035921368972,0.5919759603670917,50.06,50.11
49910.0,0.0,0.3582788258824801,0.8091854051760713,0.5916511004629254,47.03,48.32
51600.75,0.0,0.3869776744688902,0.806639796351294,0.5926256801754244,47.15,46.97
54899.0,0.0,0.4133196388994,0.816079762409843,0.586859416876472,53.32,50.91
62203.0,0.0003972840219589,0.4404129952970431,0.8153019374911611,0.6160155932754,62.03,60.11
66937.25,0.0292390721096297,0.4568355046218714,0.8517889973129684,0.6108990497847803,73.74,65.51
68544.75,0.1386469641309283,0.4464025082436888,0.8571277047093764,0.6044018517014538,73.89,65.32
68121.75,0.282876542700293,0.397259311314125,0.8669212275491444,0.6063510111264517,70.39,60.96
67826.75,0.4047137491228794,0.3424022920157846,0.8654362890680243,0.5828798830504345,60.47,56.81
67432.0,0.4839022578115325,0.3096978215038651,0.8676636967897045,0.5871842767806383,55.01,53.58
65391.25,0.5221395550418954,0.2896318719930807,0.8661080469523406,0.5802810038171039,53.98,50.8
64321.75,0.507501960622446,0.2726309530244878,0.8745226983453542,0.5877527816129294,56.02,50.22
62966.0,0.4601322904197796,0.2547651224390507,0.8687597228114835,0.6036709169170795,55.07,51.09
62241.25,0.3233221199488174,0.2472890426509541,0.8585772875123745,0.5886461463493868,64.96,55.1
62055.0,0.1500701696454369,0.249813503432618,0.8613703860840051,0.5945748396004223,70.98,60.9
64003.25,0.0298324183761918,0.2806259797826909,0.868229387639655,0.6502883131649476,81.28,67.78
66888.25,0.0002837743013992,0.3335207308503162,0.868194031961533,0.6582473808170226,86.26,71.52
66731.0,0.0,0.3742742850964917,0.8688304341677273,0.6502883131649476,80.99,66.31
63521.25,0.0,0.3933672090383264,0.8645170414368547,0.6271420449930968,72.77,58.61
60219.25,0.0,0.3959889723768852,0.8594611794654221,0.6361569073337123,67.25,54.45
56956.25,0.0,0.385210011351965,0.8460967331353415,0.6138227889222773,64.9,53.62
52515.0,0.0,0.3678631277366344,0.8253783057559044,0.5880776415170957,60.9,50.86
49611.5,0.0,0.3393372614735931,0.8163979635129401,0.5916511004629254,62.04,51.94
48075.75,0.0,0.3249527001459538,0.7587328524961109,0.5992040932347925,61.42,51.83
47663.0,0.0,0.3159738364235904,0.7584853627492575,0.582392593194185,58.14,50.22
48234.0,0.0,0.3118006378723174,0.8037052750671758,0.5888897912775116,57.83,50.36
49060.5,0.0,0.3139250770311909,0.8284896054306322,0.6023714773004142,58.3,53.11
51766.25,0.0,0.3134331585491107,0.8361264319049639,0.607081945910826,62.49,56.79
59013.75,0.0003663268254426,0.3175414887291204,0.8507283269693112,0.5998538130431251,71.58,62.71
64303.0,0.0233262475750196,0.3168171252500135,0.8462028001697073,0.6039957768212458,79.36,68.9
66623.5,0.108190242291658,0.3025244607816639,0.8000989958987413,0.607081945910826,83.79,72.43
66888.0,0.2257347174639864,0.2648899940537326,0.6836727478433037,0.5971737188337529,75.88,67.85
66676.5,0.3280172947537871,0.2218065841396832,0.5179253288078065,0.6350198976691301,66.52,64.31
66211.5,0.3897098278779873,0.2059300502729877,0.3647645311837081,0.6339641029805896,64.76,62.46
65398.5,0.406813678953234,0.2006973349910806,0.2596521001272804,0.6162592382035247,63.08,57.65
63623.0,0.3778171048829818,0.1948699929725931,0.2025173242822797,0.598148298546252,64.63,58.3
61038.25,0.3263662442729186,0.190167036056003,0.2053811342101541,0.6359132624055875,67.11,63.14
60922.0,0.2216535270565897,0.1810151900102708,0.2746429076509687,0.5998538130431251,72.57,66.9
60815.5,0.1049758533867173,0.1738093951024379,0.3967967755621552,0.610574189880614,78.94,74.82
61881.0,0.0207258430676517,0.1813881831450348,0.5215669636543628,0.647689433931617,89.4,83.84
63236.75,0.0001909027118504,0.2162765554894859,0.6112996747277613,0.7058393567773897,93.73,89.24
62456.75,0.0,0.2564462943942915,0.6617875830858436,0.6381872817347519,87.19,84.57
58873.5,0.0,0.2843072598518839,0.6628482534295008,0.6153658734670673,77.49,71.5
55645.25,0.0,0.2966268446943078,0.6301796068448593,0.6323398034597579,71.62,66.19
52549.75,0.0,0.295632196334937,0.609920803281007,0.6137415739462357,70.06,65.02
48786.0,0.0,0.2893291529271852,0.6330434167727337,0.6237310159993503,66.39,62.16
45912.5,0.0,0.2641169792961781,0.7450502050629331,0.6074068058149923,59.95,58.77
44708.75,0.0,0.2788799394561868,0.7522981190779239,0.6071631608868675,56.03,56.01
44065.75,0.0,0.2860749229688091,0.7465351435440531,0.5990416632827094,56.02,56.03
43956.5,0.0,0.2895940321098438,0.7722387215386791,0.5908389507025096,55.48,55.6
44672.25,0.0,0.2970268663170982,0.8097864517041437,0.5966052140014618,54.88,55.31
45233.25,0.0,0.2926860911400616,0.8260854193183426,0.5968488589295866,55.99,56.19
46631.75,0.0001651050480868,0.2731282772041732,0.8183071701315231,0.6083813855274912,56.58,56.56
48527.5,0.0183318198703925,0.2622033623439105,0.762091641917692,0.6113863396410298,60.67,59.28
51279.25,0.100579931481405,0.2376182496351154,0.6606915570640645,0.6142288638024852,63.76,61.34
53725.75,0.2222210756593882,0.1918536137088491,0.556286239570075,0.6089498903597823,65.75,63.46
54104.25,0.3404775663515912,0.1475863560192442,0.4549568660726912,0.5891334362056363,60.44,59.91
54187.75,0.4280193585668881,0.1294178063679117,0.3585065761561307,0.5936814748639649,59.18,58.71
53422.25,0.4708228422834028,0.1234174820260554,0.2816786875972281,0.5929505400795907,55.83,56.09
51250.0,0.4581355512444793,0.1202335261365479,0.2283269693112714,0.6343701778607975,54.9,55.6
49450.0,0.3939716019317291,0.1238553435320828,0.2116390892377316,0.6208072768618533,59.86,60.02
48508.25,0.2775622239649977,0.1314881885507324,0.2157403478998727,0.5993665231868757,66.08,66.6
49107.25,0.1357627853221612,0.1451591977944753,0.2412317918257672,0.6126857792576951,73.0,73.01
51797.75,0.0289398192099723,0.1889994053732634,0.285497100834394,0.6355071875253797,80.63,78.86
55340.25,0.0003508482271845,0.2695551110870858,0.3619714326120775,0.6193454072931048,93.6,87.19
55132.75,0.0,0.3424563489918374,0.4775491443925894,0.6047267116056201,89.9,83.72
52212.75,0.0,0.388031785501919,0.5987837646726064,0.5985543734264598,76.98,72.68
49126.5,0.0,0.4064489972430942,0.6837081035214255,0.5776009096077317,69.81,67.76
47814.5,0.0,0.3999567544191578,0.7309786451704143,0.5589214651181678,60.94,67.47
44833.0,0.0,0.3847721498459376,0.753394145099703,0.5559165110046292,54.99,62.34
42153.75,0.0,0.3605654359695118,0.8773865082732287,0.5638755786567043,54.5,58.35
40847.5,0.0,0.3486837126331153,0.8405458916702022,0.5583529602858767,53.63,59.53
39876.75,0.0,0.3350018919941618,0.8095743176354122,0.5683424023389914,53.8,58.24
39064.0,0.0,0.3168117195524082,0.754914439258945,0.568992122147324,55.59,56.42
39319.75,0.0,0.305621925509487,0.7248267571772027,0.568586047267116,55.31,55.52
40052.75,0.0,0.2930104329963782,0.7168363739216518,0.5688296921952408,55.82,57.0
40634.5,0.0004643579477442,0.2755770582193632,0.7378022910479423,0.5630634288962885,56.0,58.67
42959.0,0.0405178107070623,0.2594248337747986,0.7493282421156838,0.5663932429139933,56.88,60.22
46572.75,0.1792421678292813,0.2312827720417319,0.7237307311554235,0.5780069844879395,54.77,59.49
49288.75,0.3550584059107607,0.1827125790583274,0.628411822938764,0.6433038252253716,53.99,59.29
50685.0,0.5021515251578818,0.146191686037083,0.5261632018102107,0.6091123203118655,52.01,56.98
50998.0,0.5995222272670987,0.1418941564408887,0.4483099985857728,0.5956306342889629,49.46,53.75
50148.0,0.6371868163619102,0.1470295691659008,0.3990241832838354,0.5776821245837732,47.51,49.21
47191.25,0.6119154249391175,0.1562300664900805,0.3934379861405742,0.56160155932754,42.51,44.12
46040.25,0.528026581912742,0.168209092383372,0.4303493140998444,0.5662308129619101,46.84,48.25
45305.5,0.3792411359227308,0.176160873560733,0.4631240277188516,0.5568910907171283,54.13,55.78
46072.5,0.1888388987493292,0.1827342018487485,0.5126219770895206,0.557703240477544,60.28,61.38
49767.5,0.0408634994014942,0.2044002378506946,0.5680243247065478,0.5680175424348249,75.58,73.46
54484.5,0.0003611672926899,0.2434618087464187,0.6168505161929005,0.613091854137903,84.36,80.99
54417.0,0.0,0.2648629655657062,0.6259722811483525,0.6156907333712337,86.96,80.99
52004.0,0.0,0.2619492945564625,0.5950007071135625,0.5928693251035491,81.8,77.56
49893.0,0.0,0.2432834207254446,0.5502757742893508,0.5549419312921303,75.0,72.34
48936.5,0.0,0.2177360938429104,0.4955805402347617,0.5450337042150573,72.18,68.34
46011.0,0.0,0.1924914860262717,0.4332838353839626,0.5576220255015025,72.42,70.02
43558.25,0.0,0.1847937726363587,0.3459553104228539,0.5658247380817023,69.13,67.0
42725.25,0.0,0.1664144007784204,0.2659100551548579,0.5631446438723301,67.9,65.27
42256.5,0.0,0.1592302286610087,0.209588459906661,0.5643628685129538,67.41,64.82
42728.0,0.0,0.1509541056273312,0.1814099844435016,0.5631446438723301,66.22,64.12
44651.25,0.0,0.1483539650791934,0.1888700325272238,0.554779501340047,65.59,64.08
48696.75,0.0,0.1416130601654143,0.1965775703577994,0.56160155932754,70.83,67.73
57024.25,0.0004334007512279,0.1294718633439645,0.2161292603592136,0.5844229675952246,81.18,75.65
62656.5,0.0281865274280761,0.1156603059624844,0.2305897327110734,0.607081945910826,96.67,95.88
65985.25,0.1127925455070788,0.0945780853019082,0.2311907792391458,0.6542678469909852,102.97,102.29
66857.25,0.2051533413134106,0.0734634304557003,0.22051336444633,0.6817185088930399,85.02,84.68
67702.25,0.2798066207124283,0.0626682523379642,0.2158464149342384,0.6723787866482579,71.93,69.56
68097.5,0.3336102282577289,0.0620357857181469,0.2201244519869891,0.6470397141232843,64.89,64.23
68014.0,0.3571325380773517,0.064819719984864,0.2313322019516334,0.6075692357670754,63.93,63.68
67056.0,0.3381660956783753,0.0693713173685064,0.2408782350445481,0.6130106391618615,61.1,62.79
65467.75,0.2851364180459818,0.0779069138872371,0.2515910055154858,0.5879152115650126,62.5,63.68
64301.25,0.2039666487802864,0.0885074868911833,0.2647433177768349,0.5936002598879233,69.86,67.13
63889.25,0.1045734098320056,0.1052327152819071,0.2887144675434875,0.6212945667181028,75.95,71.34
65354.5,0.0226193915878978,0.132969349694578,0.3231155423561024,0.6173962478681069,90.59,84.58
67400.25,0.0002115408428612,0.1664576463592626,0.349703012303776,0.6542678469909852,105.18,93.48
66382.0,0.0,0.1883074760797881,0.3919176919813322,0.6490700885243239,99.13,86.24
62890.75,0.0,0.1991513054759716,0.4355112431056427,0.6125233493056119,80.52,73.83
59737.25,0.0,0.2023731012487161,0.5255975109602602,0.6178023227483148,71.39,67.82
56086.75,0.0,0.1970593005027298,0.6195021920520436,0.5894582961098026,67.49,65.24
51904.5,0.0,0.1917400940591383,0.6813746287653797,0.588402501421262,63.93,62.7
49381.0,0.0,0.1507432834207254,0.6711568377881488,0.5910825956306343,61.96,60.86
47896.0,0.0,0.148267473917509,0.663520011313817,0.5810119386014782,61.67,61.2
47174.0,0.0,0.1449970268663171,0.6904963937208316,0.5831235279785593,61.33,60.99
47608.5,0.0,0.1480404346180874,0.7011738085136473,0.5833671729066839,59.86,60.28
49148.75,0.0,0.1602032542299583,0.6852991090369114,0.576951189799399,60.56,60.67
52533.5,0.0,0.1683442348235039,0.6608329797765521,0.5797124989848128,61.67,61.61
59900.75,0.0002373385066248,0.1800097302556895,0.6624946966482818,0.621456996670186,71.53,67.61
64612.5,0.0154631196598836,0.1895724093194226,0.6918752651675859,0.6074880207910338,79.28,72.87
67801.75,0.0660678168985016,0.1948051246013298,0.7121340687314383,0.5874279217087631,83.02,75.65
69243.5,0.1317538283733025,0.1956213849397264,0.733382831282704,0.5785754893202306,77.0,71.22
69992.5,0.1816207124282824,0.1997513379101573,0.771531607976241,0.5768699748233574,71.15,67.51
70041.25,0.2089713955504189,0.2005784096437645,0.7872295290623674,0.5659871680337855,69.72,66.62
68743.25,0.2150957609278903,0.1995242986107357,0.7832696931127139,0.5997725980670836,66.01,64.84
67838.75,0.2011908201593263,0.2007027406886858,0.7855678121906379,0.6364005522618371,65.83,64.97
66463.75,0.1790977009122054,0.1989891345478134,0.7957502474897469,0.6292536343701779,69.61,67.13
65714.75,0.1278635406777562,0.1959619438888588,0.8210649130250318,0.6167465280597743,70.67,68.54
65453.25,0.0652629297890783,0.1910860046488999,0.8670272945835101,0.6385933566149598,76.28,71.16
66340.0,0.0155921079787014,0.1854046164657549,0.8939683213124028,0.6260862503045561,82.07,82.68
68052.25,0.0005159532752713,0.1808638304773231,0.9085348606986282,0.6477706489076586,104.38,103.62
67350.25,0.0,0.1753662360127574,0.9011808796492716,0.662064484690977,112.99,104.53
63856.25,0.0,0.1673117465808962,0.8735680950360628,0.6122797043774872,93.12,85.84
59989.5,0.0,0.1545434888372344,0.8258732852496111,0.5894582961098026,82.81,77.95
56526.25,0.0,0.1388075031082761,0.7621623532739358,0.5877527816129294,76.08,72.48
52879.25,0.0,0.1208443699659441,0.6733135341535851,0.5733777308535694,71.83,68.85
50191.25,0.0,0.1117519865938699,0.6807735822373073,0.5910825956306343,71.0,70.33
48467.0,0.0,0.0910697875560841,0.5988544760288502,0.5810931535775197,70.7,69.9
47691.0,0.0,0.080274609438348,0.5077782491868194,0.568992122147324,70.46,69.63
48148.75,0.0,0.0777447429590788,0.4456583227266299,0.5638755786567043,69.74,69.35
49423.75,0.0,0.0734850532461214,0.4034789987271956,0.5679363274587834,70.46,69.93
52329.0,0.0,0.0705713822368776,0.387851788997313,0.5828798830504345,73.91,72.99
58967.5,0.0004695174804969,0.0695064598086383,0.3843869325413661,0.6132542840899862,83.98,83.57
63427.25,0.0268502084451232,0.0668252337964214,0.3641988403337576,0.6487452286201576,106.64,105.71
65721.5,0.1062141412473686,0.0580950321639007,0.3299391882336303,0.633314383172257,108.7,108.51
66069.25,0.2023723531596978,0.0446456565219741,0.296810917833404,0.6052140014618695,87.21,87.18
66335.5,0.2802400214636562,0.0369209146440348,0.2731226134917268,0.6178023227483148,75.92,75.69
65902.75,0.321454369092335,0.0339585923563435,0.251873850940461,0.6087062454316576,72.02,73.49
65572.5,0.3242301977132951,0.0325314881885507,0.2344081459482392,0.6123609193535288,69.35,70.82
65083.0,0.2943358649440706,0.0330234066706308,0.2161646160373355,0.6361569073337123,69.29,69.96
63822.5,0.2388141329921162,0.0346937672306611,0.1912742186395135,0.6200763420774791,70.64,70.95
63150.0,0.1675661452098898,0.0425212173631007,0.1869961815867628,0.6071631608868675,72.26,73.06
62910.5,0.0849104305114129,0.0525271636304665,0.1961533022203365,0.6123609193535288,81.06,80.0
64623.25,0.0209683411070293,0.0692523920211903,0.2196648281714043,0.6426541054170389,100.0,96.66
66665.5,0.0006191439303256,0.0983404508351802,0.2508131805968038,0.663607569235767,119.58,118.82
66509.0,0.0,0.1261960105951673,0.2792037901286947,0.6854543977909526,119.25,118.87
62856.0,0.0,0.1455592194172658,0.2970937632583793,0.6372127020222529,93.4,93.34
59414.5,0.0,0.1557813935888426,0.3027506717578843,0.6246243807358077,80.15,80.16
56370.25,0.0,0.1593113141250878,0.2937703295149201,0.6030211971087468,77.98,77.55
52226.25,0.0,0.1580788150710849,0.2743954179041154,0.5984731584504183,74.34,73.71
49057.0,0.0,0.1568138818314503,0.342525809645029,0.5983919434743766,73.33,73.11
47611.25,0.0,0.1508189631871993,0.2953613350304059,0.5968488589295866,72.32,72.31
46871.0,0.0,0.142234715390021,0.2362112855324565,0.5980670835702103,70.34,70.87
47540.0,0.0,0.1398291799556733,0.2022344788573044,0.5968488589295866,68.71,69.36
48971.5,0.0,0.1442240121087626,0.2055225569226417,0.5960367091691708,69.89,70.11
52201.0,0.0,0.1554840802205524,0.2140079196718993,0.603752131893121,73.13,72.79
58838.25,0.0007636108474016,0.1639169684847829,0.2534295007778249,0.6166653130837326,84.27,83.68
63106.25,0.0350125892599166,0.1650089194010487,0.2949724225710649,0.6245431657597661,103.2,102.63
66264.25,0.1342304040946051,0.1606843613168279,0.3183071701315231,0.6091123203118655,96.7,96.3
66961.25,0.2454441325793536,0.1535488404778636,0.3488544760288502,0.6126857792576951,79.09,79.26
67411.75,0.3360558467825154,0.1619547002540677,0.3496676566256541,0.6209697068139365,71.31,71.89
66659.75,0.3897820613365254,0.1802475809503216,0.3296209871305331,0.6247055957118492,66.16,67.34
65907.0,0.407479258678334,0.1915833288285853,0.305119502192052,0.5925444651993828,61.69,63.53
64857.0,0.394874520163454,0.1973295853829936,0.2913661434026304,0.6127669942337367,60.26,63.11
63380.5,0.3597226235192141,0.2083680198929672,0.3145948239287229,0.620888491837895,63.33,65.24
62907.75,0.2665105048086845,0.2196767392832045,0.3225498515061519,0.6117111995451961,66.04,68.1
62337.25,0.1440902711850414,0.2335045137575004,0.3390255975109603,0.6581661658409811,69.92,72.42
63254.25,0.0369628926404424,0.2496567382020649,0.3694668363739216,0.6854543977909526,89.2,88.51
65280.75,0.0006655797251,0.2925293259095086,0.4146160373355961,0.7155851539023796,105.71,101.83
65759.0,0.0,0.3414671063300719,0.4682152453684061,0.6698611223909688,90.3,92.35
62466.25,0.0,0.3775987891237364,0.5152736529486636,0.6830991634857467,82.49,84.56
58760.5,0.0,0.3923563435861398,0.5508414651393013,0.6567042962722326,73.35,75.72
55418.75,0.0,0.3854046164657549,0.5667515202941592,0.6424104604889141,73.32,73.9
51855.75,0.0,0.3688631817936104,0.5508414651393013,0.6193454072931048,67.72,69.2
49246.0,0.0,0.3472457970701119,0.5049851506151888,0.6049703565337449,68.45,69.76
47352.5,0.0,0.3396832261203308,0.5034648564559469,0.5914886705108422,66.96,68.22
46512.0,0.0,0.3344396994432131,0.4977725922783199,0.5877527816129294,67.01,68.29
47332.0,0.0,0.3450781123303962,0.4961108754065903,0.5855599772598067,65.99,67.36
48619.5,0.0,0.3462024974322936,0.4842313675576297,0.5869406318525136,66.3,67.59
51660.25,0.0,0.3545488945348397,0.4921156837788148,0.605701291318119,67.11,69.37
58333.5,0.0012331283278986,0.3687496621438996,0.5261278461320888,0.6206448469097702,82.91,83.28
62314.25,0.0677291864448755,0.3654413752094708,0.5601400084853627,0.6641760740680581,95.06,94.31
64721.25,0.2543391670450324,0.3300718957781501,0.5771107339838778,0.6580849508649395,88.89,88.34
64687.25,0.4649822512073306,0.2797610681658468,0.5836515344364305,0.641841955656623,74.36,73.81
65014.5,0.6386779213274446,0.2765122439050759,0.5871163908923773,0.6411110208722488,57.59,60.73
64688.0,0.7525849259091096,0.3032217957727445,0.587257813604865,0.63039064403476,52.05,52.05
62523.0,0.7906003632311058,0.3287042542840153,0.6017536416348466,0.6225940063347681,21.77,50.46
60282.5,0.755211128080241,0.3547380939510244,0.6134563710931976,0.6545114919191098,4.26,46.82
58706.5,0.6500959673092005,0.3890210281636845,0.6306038749823222,0.6368878421180866,24.2,50.24
57805.5,0.4814824369505097,0.4285096491702254,0.6591712629048225,0.6189393324128969,40.25,56.03
58199.25,0.2577031823998019,0.4603221795772744,0.7053104228539103,0.6119548444733209,55.74,66.02
60614.0,0.0636892722995005,0.4856694956484134,0.745828029981615,0.6419231706326647,71.98,77.78
63758.5,0.0010731828125644,0.5528839396724147,0.761349172677132,0.6610899049784781,83.76,87.98
64262.0,0.0,0.6082815287312827,0.7573539810493565,0.641273450824332,79.98,85.26
60427.75,0.0,0.6242391480620574,0.7707184273794372,0.5966864289775035,71.46,77.21
56805.25,0.0,0.6206605762473647,0.7947956441804553,0.6114675546170714,64.9,69.52
54143.75,0.0,0.5962538515595438,0.8136755762975534,0.599285308210834,65.03,67.87
51260.25,0.0,0.5666630628682632,0.8060033941450997,0.571915861284821,59.89,63.14
48450.0,0.0,0.5223201254121844,0.9055296280582662,0.582798668074393,56.56,61.62
46026.25,0.0,0.4821936320882209,0.9020647716023192,0.5683424023389914,54.91,59.76
44722.75,0.0,0.4464079139412941,0.9058478291613632,0.5689109071712823,53.72,58.78
44486.0,0.0,0.4347586356019244,0.8977513788714467,0.5590026800942094,52.56,57.61
45166.75,0.0,0.4317098221525487,0.916207042851082,0.564525298465037,48.6,54.79
46044.0,0.0,0.4345964646737661,0.936925470230519,0.5676926825306586,47.79,54.36
47325.75,0.0013775952449746,0.4376723066111682,0.9549215103945694,0.5800373588889791,50.47,56.37
49496.25,0.0625490155611507,0.4293205038110168,0.9600480837222458,0.5792252091285633,53.06,57.0
52846.5,0.2267408263507656,0.386837126331153,0.9489817564700892,0.5776009096077317,53.06,56.59
55466.5,0.4130412349857597,0.3267636088437213,0.9489464007919672,0.6109802647608219,48.12,52.2
55977.5,0.560345895075742,0.3108113952105519,0.9260712770470938,0.5962803540972955,32.94,40.93
55870.25,0.6445030338052586,0.3231255743553705,0.865931268561731,0.6081377405993665,0.2,22.48
54543.75,0.665920254261774,0.3387912860154602,0.841747984726347,0.5921383903191748,-1.15,18.84
52573.0,0.6314906922029141,0.3499864857559868,0.8322373073115542,0.5835296028587672,-5.02,17.15
51849.25,0.5444596937301358,0.3580463808854532,0.7897751378871447,0.5983919434743766,-0.04,23.85
51972.0,0.4011588310562595,0.3575112168225309,0.7954674020647716,0.6263298952326809,28.19,40.07
51687.0,0.21032319313163,0.3478620465971133,0.8135341535850658,0.5800373588889791,52.64,56.82
53838.5,0.0527974986585214,0.3505703010973566,0.8351364729175506,0.5892146511816779,69.49,67.29
56498.25,0.0011196186073389,0.3987837180388129,0.8416419176919814,0.605701291318119,78.02,72.08
56642.5,0.0,0.446759284285637,0.8460613774572197,0.5968488589295866,74.99,69.76
53451.0,0.0,0.4727985296502514,0.8497737236600198,0.5901080159181353,67.26,65.27
50834.75,0.0,0.4813665603546138,0.853874982322161,0.5646877284171201,60.47,61.22
49122.5,0.0,0.4729390777879885,0.8598147362466412,0.5425972549338098,60.53,61.7
46226.25,0.0,0.4614735931671982,0.8650120209305614,0.544302769430683,57.29,59.4
43216.25,0.0,0.5047948537758797,0.9313746287653796,0.5493380979452611,48.65,51.16
41705.0,0.0,0.5037677712308773,0.9177273370103238,0.5543734264598392,46.06,48.49
40987.25,0.0,0.50313530461106,0.9587045679536134,0.5484447332088037,40.98,44.18
40520.0,0.0,0.5029244824044543,0.9778673454956868,0.5450337042150573,35.55,39.11
41107.75,0.0,0.5037893940212984,0.9852920379012868,0.5498253878015106,32.39,36.63
41678.25,0.0,0.5224228336666847,0.9966412105784188,0.5470640786160968,32.28,36.49
42381.25,0.0018729103892351,0.5482782853127196,1.0,0.5507999675140096,33.91,37.5
44592.0,0.065159739134024,0.5417536083031516,0.9971361900721256,0.5580281003817104,39.49,41.74
47793.75,0.2247389276427126,0.501194659170766,0.9960401640503465,0.5564038008608787,34.82,41.88
50879.5,0.4001320840384694,0.4403697497162008,0.9857870173949936,0.5511248274181759,25.25,39.07
53165.75,0.5348526437445825,0.40577869074004,0.970584075802574,0.5667181028181597,2.35,23.64
54467.5,0.6110279853056507,0.399178333963998,0.8811342101541507,0.5749208153983595,-0.1,25.36
54560.75,0.6056207949808066,0.3985891129250229,0.8562084570782068,0.5502314626817185,-8.24,22.63
53033.0,0.5378967680686837,0.4273203956970647,0.8318837505303351,0.5348818322098595,-9.98,20.66
50585.75,0.4241703471333636,0.5100005405697605,0.7917197001838495,0.5372370665150654,-0.51,22.75
50623.75,0.2849248772031205,0.5470403805611114,0.7975180313958422,0.5425160399577682,14.41,31.63
50687.25,0.1388481859082841,0.550186496567382,0.8101400084853627,0.5434906196702672,47.96,54.85
53143.25,0.034697857762001,0.5542948267473917,0.8288078065337293,0.5456834240233899,55.97,63.76
56310.5,0.0009648326247575,0.5742688793988864,0.8361971432612078,0.5539673515796313,66.35,69.4
56146.0,0.0,0.5835288393967242,0.8322019516334324,0.5619264192317063,62.32,70.11
53510.75,0.0,0.5741877939348072,0.8303988120492151,0.5590026800942094,57.14,65.13
51757.25,0.0,0.558413968322612,0.8359850091924763,0.5642816535369122,53.74,63.09
50587.25,0.0,0.5315746797124169,0.8356314524112572,0.5762202550150247,53.08,62.24
47703.5,0.0,0.5122925563543975,0.8210649130250318,0.5510436124421343,52.05,60.38
45664.0,0.0,0.464917022541759,0.74091359072267,0.5493380979452611,48.93,51.76
44058.25,0.0,0.4437483107194983,0.8061448168575873,0.5399983757004791,49.33,50.3
43223.75,0.0,0.4203470457862587,0.8303281006929712,0.5474701534963047,50.21,50.2
43861.0,0.0,0.4000540569760528,0.8476877386508274,0.5424348249817267,49.28,49.38
45823.0,0.0,0.3863830477323098,0.8331565549427238,0.5585966052140015,49.99,52.13
49737.75,0.0,0.3813881831450348,0.7968816291896479,0.5852351173556404,56.3,57.56
58049.25,0.0014704668345234,0.3788420995729499,0.8263329090651959,0.5916511004629254,76.64,69.22
63389.5,0.0484996078755107,0.3651008162603384,0.8065690849950502,0.5943311946722976,82.6,75.25
66436.0,0.1636500598505799,0.3522136331693605,0.8194385518314241,0.5775196946316901,85.59,78.23
67118.5,0.2885933049903,0.3351262230390832,0.8283835383962664,0.575002030374401,80.45,75.41
67331.25,0.3833429644611384,0.3221417373912103,0.8369749681798897,0.5741086656379436,71.2,71.05
66900.0,0.4391897469765138,0.3096167360397859,0.8196860415782775,0.5792252091285633,65.03,67.21
66728.75,0.4489154662153795,0.2977242013081788,0.8177061236034507,0.5637943636806627,60.79,65.57
65926.5,0.422214884220085,0.2863938591275204,0.8079126007636827,0.5767887598473158,66.25,65.54
64357.5,0.3665177281545383,0.2645386237093897,0.7806533729316928,0.5673678226264923,67.0,65.54
63417.75,0.265942956205886,0.2394561868209092,0.7841182293876396,0.575002030374401,73.47,69.21
63244.75,0.1417994386428365,0.2087518244229417,0.7711426955169001,0.6277105498253878,80.19,71.62
64644.0,0.0386810170470962,0.1795394345640305,0.7461108754065903,0.6830179485097052,91.39,79.92
65933.5,0.0008925991662195,0.1669117249581058,0.7078913873568095,0.6968244944367742,100.7,92.52
65245.75,0.0,0.165192713119628,0.6566256540800453,0.6791196296597093,108.01,97.23
61381.25,0.0,0.1665981944969998,0.5921722528638099,0.6346138227889223,87.99,82.45
57676.0,0.0,0.1677658251797394,0.52262763399802,0.6178023227483148,76.71,73.85
54528.25,0.0,0.1660630304340775,0.4498656484231367,0.5990416632827094,75.04,71.24
50717.25,0.0,0.1603113681820639,0.3715528213831141,0.5990416632827094,67.08,66.63
48372.0,0.0,0.1456565219741607,0.2276552114269551,0.6100056850483229,69.19,68.95
46463.0,0.0,0.1427320395697064,0.1675859142978362,0.5629822139202469,65.56,66.37
45676.5,0.0,0.1393372614735931,0.1168151605147786,0.5765451149191911,66.51,66.93
46120.5,0.0,0.1378020433536947,0.0801866779804836,0.5756517501827337,65.2,66.0
47671.75,0.0,0.134104546191686,0.0715598925187385,0.5825550231462682,66.58,66.09
51001.5,0.0,0.1292826639277798,0.0722316504030547,0.6087062454316576,71.37,70.5
57543.75,0.001640731415363,0.1234931617925293,0.0729387639654928,0.6240558759035166,87.06,81.33
62511.0,0.040450736781277,0.118276663603438,0.0630038184132371,0.640298871111833,96.55,95.13
65703.5,0.1334358360506872,0.1116654954321855,0.0524324706547871,0.6233249411191424,100.78,100.37
66134.0,0.2258740248483097,0.1056705767879344,0.0455734690991373,0.5982295135222935,93.81,92.96
66795.0,0.2819013910100301,0.1040326504135358,0.0409418752651675,0.5731340859254447,85.42,83.96
67586.25,0.3086484088000991,0.1067300935185685,0.0380073539810493,0.579468854056688,80.68,78.02
66950.0,0.3109289222767986,0.1104870533542353,0.0397044265309008,0.615041013562901,78.44,76.14
65803.25,0.2921017872621455,0.1164062922320125,0.0455734690991373,0.6124421343295704,78.26,74.64
64252.0,0.2539264044248153,0.1181361154657008,0.0586550700042426,0.6110614797368634,79.02,74.54
63295.0,0.1846287200231147,0.1190172441753608,0.0752722387215386,0.5940875497441728,86.34,79.13
62550.75,0.0997492467082181,0.1121303854262392,0.078913873568095,0.6462275643628685,101.61,87.1
63917.5,0.0286663639740785,0.1001027082545002,0.0754490171121482,0.675871030618046,113.06,96.75
65468.0,0.0012486069261567,0.0965403535326233,0.0720195163343233,0.6633639243076423,134.92,112.43
64698.25,0.0,0.1017082004432672,0.0682011030971574,0.6535369122066109,124.57,114.49
61085.25,0.0,0.1124925671657927,0.0765096874558054,0.6161780232274832,97.48,89.67
57568.0,0.0,0.1238283150440564,0.1102036487059821,0.6072443758629091,83.63,79.14
54391.25,0.0,0.1327423103951565,0.1687172959977372,0.5896207260618858,78.93,75.83
50955.25,0.0,0.1356938212876371,0.2316504030547305,0.587833996588971,70.33,68.26
48327.75,0.0,0.1248553975890588,0.3215245368406166,0.5807682936733534,63.93,62.4
46585.75,0.0,0.125309476187902,0.3456371093197568,0.5557540810525461,62.3,61.0
45895.75,0.0,0.1318341531974701,0.3465563569509263,0.5464955737838058,61.79,60.18
46833.25,0.0,0.1398453970484891,0.3507636826474332,0.570535206692114,61.37,59.36
48180.75,0.0,0.1436996594410508,0.3812049215103946,0.5715910013806546,64.0,60.08
51259.25,0.0,0.1501648737769609,0.3870032527223872,0.5717534313327377,66.8,63.71
58237.0,0.0022082800181615,0.1589221038975079,0.3912812897751379,0.6096808251441566,77.32,75.27
62885.5,0.0418438106245098,0.1607924752689334,0.3724367133361618,0.6417607406805815,88.27,85.95
65460.0,0.1305877739711891,0.1526893345586248,0.3998727195587611,0.6132542840899862,89.91,90.3
65819.0,0.225868865315557,0.1355640845451105,0.4258591429783623,0.5924632502233412,77.71,77.2
66836.0,0.2868700210508936,0.130050272987729,0.4465775703577994,0.5836920328108504,68.07,68.02
67206.0,0.3132094357534982,0.140099464835937,0.4786098147362466,0.5801185738650207,64.85,64.33
66676.0,0.3059551327031824,0.1506243580734093,0.5178899731296847,0.5836108178348087,64.61,62.97
65673.0,0.276060799933958,0.1568733445051084,0.5605996323009476,0.6353447575732966,64.83,61.69
64415.25,0.2404239072109629,0.158354505648954,0.6350233347475605,0.6272232599691383,63.96,63.19
64026.0,0.171528666363974,0.1545921401156819,0.6852637533587894,0.6481767237878665,67.84,66.1
63552.25,0.0913908036488215,0.1495972755284069,0.735645594682506,0.6320149435555916,73.53,70.44
64914.5,0.0252404342262764,0.1478242067138764,0.7762692688445765,0.6658815885649314,89.91,82.64
66778.75,0.0008874396334667,0.1559814044002378,0.8070640644887569,0.6770892552586697,97.8,89.81
66066.5,0.0,0.1732472025514892,0.8326615754490171,0.6779014050190855,94.36,85.35
62734.0,0.0,0.1950159468079355,0.8513293734973837,0.6757898156420044,76.98,72.4
58874.75,0.0,0.2144278069084815,0.8661787583085844,0.6357508324535044,66.82,66.16
55321.5,0.0,0.2266717119844316,0.8760429925045963,0.6134167140420693,68.11,61.19
51431.5,0.0,0.231617925293259,0.8529910903691132,0.6039145618452042,63.88,57.15
48602.5,0.0,0.2410833018000973,0.8044830999858578,0.6039957768212458,63.29,58.17
46667.5,0.0,0.2363262879074544,0.796068448592844,0.5801185738650207,56.9,54.44
46081.5,0.0,0.22625006757122,0.8020435581954461,0.5776821245837732,57.52,54.3
46509.75,0.0,0.2238229093464511,0.7924268137462877,0.5717534313327377,57.0,53.31
48010.0,0.0,0.2178766419806476,0.7889973129684628,0.5714285714285714,61.4,53.26
51545.75,0.0,0.2112708795070003,0.7706123603450714,0.5861284820920978,64.07,56.83
58951.25,0.0015942956205885,0.2178009622141737,0.7623037759864234,0.6409485909201657,75.05,67.72
63474.25,0.0380102777892434,0.2183199091842802,0.7656625654080045,0.6658003735888898,88.06,77.79
65690.0,0.1262486069261567,0.2071301151413589,0.7777542073256966,0.6266547551368472,81.99,74.16
65522.75,0.2392630123416023,0.1869236174928374,0.7916843445057277,0.5861284820920978,65.71,63.94
65071.25,0.3522155033640153,0.1835720849775663,0.7891740913590722,0.5708600665962803,54.32,57.21
65022.25,0.4244231642382466,0.1930374614844045,0.7741832838353839,0.5564038008608787,52.37,53.01
63303.5,0.4510463532422504,0.199686469538894,0.755303351718286,0.5542922114837976,52.83,48.14
61925.0,0.4430800346720601,0.2000540569760527,0.7363527082449441,0.5595711849265005,49.16,49.0
60623.75,0.3895911586246749,0.1926266284664035,0.7348677697638241,0.5656623081296192,52.84,51.09
60287.25,0.290290791265943,0.1802367695551111,0.7188162918964786,0.5617639892796231,58.91,58.96
60292.5,0.1640163866760226,0.1674360776258176,0.7096591712629048,0.5840168927150167,73.21,64.26
62464.0,0.0496089074173442,0.173712092545543,0.7064418045538113,0.685210752862828,91.04,78.47
65246.5,0.00174908160317,0.2176712254716471,0.7272309432894923,0.7123365548607163,114.77,86.91
65621.75,0.0,0.278961024920266,0.7761985574883327,0.6801754243482498,91.04,81.33
62718.5,0.0,0.3385426239256176,0.8184132371658889,0.6414358807764152,74.09,69.07
58654.5,0.0,0.3834423482350397,0.8573044830999859,0.6143912937545684,62.63,59.26
54861.0,0.0,0.4049083734255905,0.8758662141139867,0.6109802647608219,59.62,56.81
51141.5,0.0,0.4134061300610844,0.8843515768632443,0.5672866076504507,51.66,49.13
48083.5,0.0,0.4228498837775015,0.9137321453825484,0.5529927718671322,48.39,47.33
46662.5,0.0,0.4161251959565382,0.9279451279875548,0.5550231462681718,46.58,44.89
45437.25,0.0,0.4089302124439158,0.9130603874982324,0.554779501340047,45.57,44.11
46427.75,0.0,0.4100708146386291,0.899200961674445,0.5537237066515065,43.95,42.37
47745.25,0.0,0.406816584680253,0.9113633149483809,0.5477950134004711,46.96,40.67
51078.75,0.0,0.413595329477269,0.9362537123462028,0.5585966052140015,49.35,46.16
57584.0,0.0036890659181904,0.4308232877452835,0.9412035072832696,0.5915698854868838,62.26,56.96
62561.75,0.0676517934535848,0.4317044164549435,0.9405317493989536,0.6026963372045805,69.53,64.07
65647.75,0.1994520576216618,0.409541056273312,0.925293452128412,0.6052140014618695,68.75,66.0
65129.25,0.3266448590415652,0.3813827774474296,0.90634280865507,0.5749208153983595,53.8,56.14
65386.75,0.4186393280224543,0.3946699821611979,0.8618300098995899,0.5678551124827418,46.56,49.63
66127.0,0.4737689354852024,0.4381750364884588,0.8109885447602885,0.5793064241046049,39.27,43.42
65219.25,0.477401246543113,0.4687118222606627,0.7794159241974261,0.6100056850483229,38.34,42.64
63530.25,0.4429046105584678,0.4843937510135683,0.7693749116108047,0.6169089580118574,36.87,42.13
61862.25,0.3743963346679325,0.4844586193848316,0.7597228114835243,0.5748396004223179,44.93,44.3
60347.0,0.2724697651380691,0.4576787934482945,0.7724862112855324,0.5788191342483554,51.55,48.02
60402.75,0.153475461262228,0.4212335801935239,0.7909065195870457,0.5788191342483554,66.7,57.41
61771.5,0.0459559582284228,0.3892805016487378,0.7926035921368972,0.584341752619183,86.92,67.37
63023.25,0.0019141866512568,0.3845991675225688,0.7932046386649696,0.608625030455616,82.03,73.84
62874.75,0.0,0.406757122006595,0.7969169848677697,0.6156907333712337,87.99,75.77
59596.5,0.0,0.442840153521812,0.8014778673454956,0.5866157719483472,64.26,65.0
55742.5,0.0,0.474495918698308,0.7970230519021355,0.5803622187931454,55.36,58.35
51996.5,0.0,0.4900372993134764,0.7838353839626644,0.5776821245837732,56.35,57.66
48464.75,0.0,0.5009459970809232,0.7537123462028001,0.5565662308129619,49.33,51.17
45529.0,0.0,0.5015730580031353,0.8079479564418045,0.5495817428733859,44.12,49.37
43939.75,0.0,0.5210119465917077,0.8166808089379154,0.5542922114837976,42.01,46.28
42914.75,0.0,0.5302232553110979,0.8116956583227266,0.5533988467473402,40.69,45.33
43163.5,0.0,0.523212065517055,0.8119785037477019,0.5508811824900511,38.88,43.88
43912.5,0.0,0.5195686253310989,0.8478998727195588,0.5661495979858686,38.67,43.45
43846.75,0.0,0.5110546516027893,0.8608046952340546,0.5772760497035654,40.34,45.28
45418.0,0.0034156106822966,0.5216173847234986,0.8361617875830858,0.5690733371233655,47.26,50.19
47901.0,0.0463790399141453,0.5137196605221904,0.7891033800028284,0.564119223584829,51.31,54.2
50840.25,0.1281885912411772,0.5026163576409536,0.7291755055861971,0.5735401608056525,52.24,52.74
53568.75,0.2034713336360259,0.5087896643061787,0.6637675010606704,0.5757329651587753,47.01,50.05
55985.5,0.2607576257894085,0.525877074436456,0.6216942440956017,0.5710224965483636,44.88,48.46
58135.0,0.3137873034218021,0.5291907670684902,0.5961320888134635,0.5806058637212702,41.62,45.97
57965.5,0.3494293556775498,0.5314773771555219,0.5835808230801867,0.5803622187931454,36.7,41.52
56323.5,0.3583863045362612,0.5387426347370128,0.5766864658464149,0.5943311946722976,21.02,31.26
54781.75,0.3332335823667808,0.5468457754473215,0.5593975392448027,0.6178023227483148,10.99,31.25
53651.25,0.2709838197052875,0.5380561111411427,0.5439824635836515,0.5974173637618777,31.01,43.7
53057.0,0.1672926899739959,0.50734634304557,0.5259510677414793,0.6118736294972793,46.98,53.51
54366.0,0.0545981755892186,0.4513325044597005,0.5129048225144959,0.639324291399334,72.08,63.59
56716.5,0.0024301399265282,0.397199848640467,0.5061872436713336,0.6772516852107529,81.69,70.06
56498.0,0.0,0.3663441267095518,0.4922571064913025,0.620482416957687,87.31,73.59
53470.75,0.0,0.3502459592410401,0.4664828171404327,0.6266547551368472,79.46,67.22
50614.5,0.0,0.3292448240445429,0.4261066327252156,0.6131730691139446,72.99,61.66
48699.75,0.0,0.3000378398832369,0.3686536557771178,0.5975797937139609,72.31,60.55
45862.5,0.0,0.270284880263798,0.3080540234761703,0.5909201656785511,67.1,56.11
43432.25,0.0,0.239315638683172,0.1957643897609956,0.600665962803541,64.99,57.27
41411.25,0.0,0.2106870641656305,0.1892589449865648,0.597742223666044,60.49,53.74
40622.0,0.0,0.1845667333369371,0.1751873850940461,0.5938439048160481,55.97,51.15
40454.75,0.0,0.1579166441429266,0.1711214821100268,0.5965239990254203,58.75,50.53
40827.75,0.0,0.1346180874641872,0.1726064205911469,0.5973361487858361,60.45,50.88
40857.5,0.0,0.1191091410346505,0.1751873850940461,0.5892958661577195,60.49,52.08
40450.75,0.0056909646262434,0.1089572409319422,0.1695304765945411,0.5647689433931617,62.6,54.32
41975.75,0.0847401659305733,0.0935023514784583,0.1868194031961533,0.570535206692114,56.6,53.27
45211.25,0.2433493622817517,0.0755824639169684,0.2428581530193749,0.5813367985056445,50.58,48.41
48185.75,0.4015715936764766,0.057473376939294,0.3115188799321171,0.6026963372045805,47.15,46.39
49505.0,0.5002837743013993,0.0517649602681226,0.3759015697921086,0.6187769024608137,45.4,42.67
50319.0,0.5425145498823627,0.0492188766960376,0.4302078913873568,0.6355071875253797,45.91,42.62
49757.75,0.5307662938044331,0.0478620465971133,0.4764531183708103,0.6281166247055957,41.81,41.52
47338.75,0.4770452387831758,0.0501702794745661,0.5161575449017112,0.6236498010233087,40.15,39.98
45578.25,0.392439220704173,0.0563652089302124,0.5973695375477301,0.6236498010233087,48.06,45.09
44852.75,0.2831809551327032,0.0624466187361479,0.6396195729034083,0.6059449362462438,56.12,52.35
45675.0,0.1577939901762496,0.0731066544137521,0.6795714891811625,0.6088686753837408,71.76,62.14
48731.5,0.0489691253560077,0.096513325044597,0.7172252863809928,0.6413546658003736,85.44,76.14
52242.75,0.002703595162422,0.1418563165576517,0.7510253146655352,0.6672622431576383,94.31,85.19
52657.75,0.0,0.1954538083139629,0.767359637957856,0.6554048566555672,88.29,86.3
50537.75,0.0,0.2398183685604627,0.764354405317494,0.6460651344107854,77.89,74.82
48986.25,0.0,0.2707713930482728,0.7631523122613492,0.6392430764232925,72.33,67.68
47893.5,0.0,0.2837180388129088,0.7664757460048084,0.6061885811743686,72.1,66.36
45195.75,0.0,0.284485647872858,0.7644604723518597,0.5793064241046049,65.91,61.41
43414.5,0.0,0.2800421644413211,0.7331706972139725,0.5686672622431577,64.12,62.13
42313.75,0.0,0.2790853559651873,0.7597935228397681,0.5590838950702509,57.14,57.5
41898.25,0.0,0.2776420347045786,0.7724508556074106,0.5743523105660684,58.31,59.07
42398.0,0.0,0.2667495540299475,0.7754207325696507,0.5567286607650451,59.38,57.53
44217.25,0.0,0.2542245526785232,0.7712134068731439,0.5732153009014862,64.38,58.79
48252.25,0.0,0.2399102654197524,0.7434945552255692,0.5922196052952164,70.8,60.89
55744.75,0.0067641474388079,0.2235310016757662,0.6745509828878518,0.6517501827336961,86.32,76.18
60824.75,0.0667591942873653,0.2054975944645656,0.5711709800593976,0.650207098188906,97.87,91.24
64218.25,0.1737575845131465,0.1735661387102005,0.5203295149200962,0.6195890522212296,94.45,93.66
65302.75,0.2757667065670532,0.1413806151683874,0.4647150332343374,0.5980670835702103,82.8,83.05
65820.25,0.3396829983076732,0.1266500891940105,0.4357233771743742,0.6129294241858199,72.84,74.82
65787.25,0.372492467082181,0.115417049570247,0.3906095318908216,0.6232437261431008,66.64,69.05
65491.5,0.370851735666818,0.1068165846802529,0.3459553104228539,0.6360756923576708,67.7,67.16
63896.25,0.342355636273579,0.1024001297367425,0.3089732711073398,0.6005847478274994,68.3,64.58
62999.75,0.2936135303586907,0.1055354343478025,0.2992504596238156,0.5991228782587509,68.94,63.35
61861.25,0.2226854336071325,0.1042434726201416,0.2755975109602602,0.6056200763420775,73.4,67.57
61111.75,0.1312120774342675,0.1039353478566409,0.2585207184273794,0.6218630715503939,78.98,74.87
62207.25,0.0445009699921575,0.1094653765068382,0.2472776127846132,0.6098432550962397,107.65,89.49
64455.0,0.0032350270359516,0.1299151305475971,0.2398529203790128,0.6316900836514253,145.71,116.93
64460.25,0.0,0.1524893237472296,0.2405246782633291,0.63039064403476,126.53,117.28
60867.25,0.0,0.1631223309368074,0.2452269834535426,0.6247868106878909,103.72,99.54
57299.5,0.0,0.1623655332720687,0.2498939329656342,0.6173962478681069,81.2,81.74
53941.5,0.0,0.1548570192983404,0.2501060670343657,0.6139852188743604,78.38,77.3
50511.5,0.0,0.1466079247526893,0.2440248903973978,0.6074068058149923,74.45,70.22
47930.0,0.0,0.1320449754040759,0.1844859284401074,0.6056200763420775,72.0,69.26
46829.5,0.0,0.1278123141791448,0.1968250601046528,0.6090311053358239,71.24,67.78
46212.25,0.0,0.132536893886156,0.2363527082449441,0.6159343782993584,71.65,66.73
46924.75,0.0,0.1283636953348829,0.2894922924621694,0.6215382116462276,71.55,65.27
48131.75,0.0,0.1358722093086112,0.3487484089944845,0.6291724193941363,71.24,62.76
51280.0,0.0,0.1466241418455051,0.3579055296280582,0.6354259725493381,71.01,67.38
58314.75,0.0071872291245304,0.1487756094924049,0.3742752085985009,0.6523186875659872,89.5,83.08
62952.75,0.084275807982829,0.1390615708957241,0.4063074529769481,0.6751400958336717,110.78,104.37
65732.0,0.2217154414496223,0.116514406184118,0.4472846839202375,0.6472021440753675,95.87,95.44
66909.75,0.3684835101333223,0.0965403535326233,0.4783269693112714,0.6572728011045237,72.02,73.66
66242.25,0.4873178684938292,0.0893129358343694,0.4987271955876113,0.666531308373264,65.36,64.81
65188.25,0.5683947661699756,0.0846964700794637,0.5043841040871164,0.6673434581336799,58.82,59.82
62297.25,0.5886098154951087,0.0805286772257959,0.5015556498373639,0.6681556078940957,54.47,55.63
60920.75,0.5502177322821645,0.0778312341207632,0.4929995757318625,0.6718914967920084,56.72,54.67
60965.0,0.470368803401164,0.0754419157792313,0.462593692547023,0.6878096320961585,60.48,57.01
60411.75,0.3460601807900276,0.069246986323585,0.4544972422571064,0.6673434581336799,70.05,63.36
60001.5,0.1983943534073554,0.0649602681226012,0.4439258944986565,0.6772516852107529,73.7,71.36
61448.25,0.0658872332521566,0.0688415590031893,0.4217225286380993,0.675464955737838,103.95,93.09
64156.0,0.0038438519007718,0.0863452078490729,0.3834323292320746,0.6856980427190774,131.42,112.97
64160.75,0.0,0.1060597870155143,0.3346768491019657,0.6934134654430277,128.96,121.63
60762.5,0.0,0.1155792204984053,0.2846485645594682,0.6805814992284577,110.0,104.24
57067.75,0.0,0.118687496621439,0.2358223730731155,0.6570291561763989,89.02,85.75
53500.25,0.0,0.1156927401481161,0.1886932541366143,0.6638512141638918,81.72,79.58
49481.0,0.0,0.1052543380723282,0.1498373638806392,0.6522374725899456,76.1,74.5
46841.5,0.0,0.0911887129034001,0.102708244944138,0.6410298058962073,76.01,74.38
45972.25,0.0,0.0811881723336396,0.0866214113986706,0.6346138227889223,73.4,69.19
45498.0,0.0,0.0704848910751932,0.0788785178899731,0.638755786567043,74.9,68.54
45663.0,0.0,0.0593978052867722,0.068731438268986,0.6463899943149517,75.7,67.06
46842.0,0.0,0.0494783501810908,0.0651958704567953,0.6511004629253634,76.36,66.88
50243.25,0.0,0.0433969403751554,0.0559680384669777,0.6565418663201494,80.9,74.83
56909.25,0.0092304040946051,0.0406238175036488,0.051725357092349,0.6658815885649314,116.0,101.48
61438.5,0.1082057208899162,0.039510243796962,0.0492858153019374,0.6608462600503533,116.24,111.11
63790.75,0.2808798035249927,0.0339531866587383,0.0466694951209164,0.6688865426784699,98.33,94.12
63398.25,0.4455669294588682,0.0216281961187091,0.0389266016122189,0.6762771054982539,70.63,70.78
62974.0,0.5635757625789408,0.0123790475160819,0.0394922924621694,0.672541216600341,66.0,62.29
62480.25,0.628714863581954,0.0093086112762852,0.0392094470371941,0.6640948590920166,65.39,60.08
61577.75,0.6337041317538283,0.009168063138548,0.0369113279592702,0.6716478518638836,61.43,57.77
60811.5,0.5834193255458786,0.0100870317314449,0.0371941733842455,0.6554048566555672,63.95,59.43
59817.75,0.4916518760061089,0.0113843991567111,0.053210295573469,0.6561357914399415,64.35,60.45
58940.0,0.3619618607338919,0.0111519541596843,0.0613421015415075,0.6703484122472184,70.78,68.14
58667.75,0.2047766954224625,0.0092167144169955,0.077393579408853,0.6701859822951353,87.07,81.2
60262.5,0.0658098402608659,0.0085842477971782,0.1022839768066751,0.6920328108503208,119.68,109.98
63056.25,0.0040399141453749,0.0110546516027893,0.1361193607693395,0.7235442215544546,168.54,150.26
63099.75,0.0,0.0147305259743769,0.174091359072267,0.6985300089336474,159.05,144.73
59663.0,0.0,0.0206173306665225,0.2158464149342384,0.6610086900024364,124.95,116.71
55902.25,0.0,0.0303583977512297,0.2655211426955169,0.6372939169982945,106.52,97.79
52622.25,0.0,0.0435537056057084,0.3150190920661858,0.6286039145618452,96.07,86.99
49117.5,0.0,0.0606789556192226,0.3548649413095743,0.6236498010233087,79.98,75.67
46540.25,0.0,0.0926374398616141,0.3974685334464715,0.6158531633233169,76.18,72.86
44775.25,0.0,0.1088761554678631,0.4121057841889407,0.6024526922764558,73.37,68.82
44044.75,0.0,0.1305962484458619,0.5359920803281006,0.5984731584504183,71.55,67.81
44446.0,0.0,0.1741715768419914,0.6216942440956017,0.5983107284983351,71.32,65.02
46017.25,0.0,0.2151791988756149,0.6233913166454532,0.5994477381629172,71.0,63.33
49874.25,0.0,0.2476566300881128,0.5477301654645736,0.6040769917972875,73.51,65.54
56608.5,0.0050821397614232,0.2709173468836153,0.4616390892377315,0.6059449362462438,89.26,80.25
60608.75,0.06072254096669,0.2691442780690848,0.3744519869891105,0.6077316657191586,98.21,94.95
63212.25,0.1519482395674248,0.2656467917184713,0.2690567105077075,0.6052952164379112,102.29,97.95
64254.75,0.2474821480166756,0.2567327963673712,0.1808442935935511,0.6119548444733209,80.0,79.99
64409.25,0.335359309860899,0.2500405427320396,0.1299321170980059,0.6172338179160237,72.41,71.47
64081.0,0.4043990176249639,0.2484458619384831,0.1082590864092773,0.6171526029399821,68.03,67.15
63302.5,0.4379927353778842,0.2475647332288232,0.1052184980907933,0.6077316657191586,64.64,64.16
62393.75,0.4346029223593511,0.2514460241094113,0.1168151605147786,0.6121984894014456,59.96,60.35
61521.0,0.3960405745655673,0.2480404346180874,0.1525951067741479,0.6291724193941363,66.85,62.4
60286.25,0.3057745490568374,0.2435591113033137,0.2176849101965775,0.6392430764232925,66.28,62.67
59850.0,0.1843088289924464,0.226660900589221,0.3084782916136331,0.6426541054170389,75.27,69.78
61900.0,0.0620279027531266,0.1927347424185091,0.4071206335737519,0.6459839194347438,100.9,90.62
64266.5,0.0045507078878936,0.1657657170657873,0.4968179889690284,0.6829367335336636,127.13,116.79
64170.25,0.0,0.1543110438402075,0.5797977655211427,0.6645821489482661,122.85,120.32
61086.75,0.0,0.1498080977350127,0.652170838636685,0.6501258832128645,94.04,93.1
57231.0,0.0,0.1500621655224606,0.7089167020223448,0.6269796150410135,79.6,75.62
54001.5,0.0,0.1610897886372236,0.7469240560033942,0.6407861609680825,77.48,70.42
49977.25,0.0,0.1836477647440402,0.7782491868194032,0.6329895232680907,71.23,61.82
47120.0,0.0,0.2402724471593059,0.8270046669495121,0.6228376512628929,56.34,49.37
45855.0,0.0,0.2721011946591707,0.8025385376891528,0.6180459676764395,52.24,48.36
45695.75,0.0,0.311303313692632,0.7850728326969312,0.6143100787785267,49.69,46.32
46086.5,0.0,0.344878101519001,0.77040022627634,0.6216194266222691,51.83,44.44
47330.25,0.0,0.366052219038867,0.7468179889690284,0.6123609193535288,52.8,44.14
50577.25,0.0,0.3835774906751716,0.701668788007354,0.6208072768618533,59.89,49.67
56587.5,0.0079766376356957,0.3988431807124709,0.6526304624522699,0.6463899943149517,74.1,59.53
61017.75,0.0831819870392537,0.4058705875993297,0.6561660302644605,0.6540242020628604,67.39,65.92
63720.0,0.2079188508688653,0.404270501108168,0.6568731438268987,0.6479330788597417,68.09,65.3
63797.25,0.3189158789779998,0.4025839234553219,0.6486352708244945,0.6543490619670267,56.32,56.86
64898.0,0.3988576794485491,0.4136223579652954,0.6440743883467684,0.6744091610492975,51.81,53.1
65724.75,0.444199653279399,0.4251635223525596,0.6374275208598501,0.6735970112888817,49.85,51.85
64649.0,0.446093201799645,0.4282447699875669,0.6442865224154999,0.6726224315763827,49.76,51.27
63224.5,0.4081396788706815,0.4236931726039245,0.6533729316928298,0.6722975716722164,51.49,53.87
61472.75,0.3415455896314029,0.4164279150224336,0.6743742044972423,0.6399740112076667,52.39,53.66
60006.75,0.2469352375448879,0.3869506459808638,0.6699901004101259,0.6542678469909852,59.97,56.08
59955.75,0.1401999834894952,0.3535920860587059,0.6690001414227125,0.6520750426378624,76.87,61.22
61173.75,0.0482725884343913,0.3137845288934537,0.6666666666666666,0.6495573783805734,88.98,71.99
62772.75,0.0035652371321253,0.2791015730580031,0.6605854900296988,0.6654755136847235,121.59,86.44
62201.0,0.0,0.2560949240499486,0.6368264743317776,0.6584098107691059,118.71,89.67
58815.75,0.0,0.2364073733715335,0.6129613915994909,0.6493137334524486,95.0,75.44
55319.75,0.0,0.2196388993999675,0.5985362749257531,0.6399740112076667,82.25,64.52
52217.0,0.0,0.2039515649494567,0.6083297977655211,0.681880938845123,80.15,62.52
48564.0,0.0,0.1902967727985296,0.6349172677131948,0.6922764557784455,77.47,58.97
45677.75,0.0,0.1456727390669766,0.5421086126431905,0.6880532770242833,77.77,53.67
43322.25,0.0,0.1448835072166063,0.5359920803281006,0.6695362624868025,72.47,54.01
41957.0,0.0,0.1607005784096437,0.5257389336727478,0.6368878421180866,65.92,50.55
41683.0,0.0,0.1912752040650846,0.4865648423136756,0.6519938276618208,63.98,48.34
41551.75,0.0,0.2154224552678523,0.4850445481544336,0.6325834483878827,59.84,47.4
41516.5,0.0,0.2415373803989405,0.5528567387922501,0.5971737188337529,61.44,48.23
42648.5,0.0077083419325545,0.2857613925077031,0.6188657898458493,0.5986355884025014,58.34,48.17
45608.75,0.0648192099723449,0.3156819287529055,0.6504030547305897,0.6139040038983189,52.82,46.36
49076.0,0.1461644033516324,0.3519433482890967,0.6626361193607694,0.6337204580524649,39.12,39.79
51877.25,0.2111848351013332,0.4077409589707552,0.6670909348041295,0.628441484609762,13.2,25.63
54283.25,0.2783567920089156,0.4578301529812422,0.6694951209164192,0.6229188662389344,0.02,14.44
55889.0,0.3417829281380278,0.4813557489594032,0.6572974119643614,0.6367254121660034,-0.05,12.38
55415.25,0.3894673298386098,0.5118060435699227,0.6777329939188234,0.6195890522212296,-1.94,7.96
53486.5,0.4016747843315309,0.5493540191361695,0.6896478574459058,0.6445220498659953,-5.71,7.13
52316.5,0.3764343501052544,0.5611276285204606,0.6897892801583935,0.6442784049378706,-8.45,8.02
52132.75,0.3078899574854501,0.5676631169252392,0.6924409560175364,0.648664013644116,-1.46,17.94
52062.75,0.197914516861353,0.5729066436023569,0.7046033092914722,0.6463899943149517,0.07,24.92
53497.5,0.0710777232013868,0.545288934537002,0.738297270541649,0.666531308373264,47.8,47.07
55736.5,0.0052524043422627,0.488853451537921,0.7618087964927167,0.663039064403476,70.09,58.93
55805.75,0.0,0.4624195902481215,0.821383114128129,0.6261674652805977,69.15,63.6
52929.0,0.0,0.4675604086707389,0.833439400367699,0.6235685860472672,52.94,56.1
50068.75,0.0,0.4867884750527055,0.8297977655211427,0.6139852188743604,45.84,49.99
48647.5,0.0,0.50244878101519,0.8269339555932683,0.6050515715097864,40.28,44.58
46095.5,0.0,0.5221633601816315,0.8162211851223307,0.5979858685941688,28.39,35.33
43626.5,0.0,0.5941077896102492,0.8849879790694386,0.5948996995045887,32.1,31.18
42276.5,0.0,0.5996540353532623,0.7768703153726488,0.591732315438967,13.28,21.7
41299.5,0.0,0.5973782366614412,0.7031183708103521,0.5883212864452205,10.13,21.7
40935.25,0.0,0.5967025244607816,0.7131240277188516,0.5818240883618939,17.0,23.14
40821.25,0.0,0.5911508730201632,0.7403125441945977,0.5859660521400146,19.92,23.06
40673.75,0.0,0.5859830261095195,0.7760924904539669,0.582798668074393,26.82,26.04
40883.5,0.0098185908284145,0.5751986593869939,0.8302220336586056,0.5793876390806465,14.87,22.5
43057.5,0.0722334585379948,0.5732472025514893,0.8457078206760006,0.5860472671160561,1.96,21.72
46245.5,0.1663949312750237,0.5940753554246175,0.822090227690567,0.5832859579306424,0.0,20.14
49343.5,0.2473015643703306,0.6295637602032542,0.7669000141422713,0.564525298465037,0.0,20.92
51157.5,0.2895065422875304,0.655651656846316,0.7166949512091642,0.5731340859254447,0.0,20.5
53429.0,0.3050109382094357,0.6652089302124439,0.6309574317635412,0.5959554941931292,0.0,21.52
52986.0,0.2945938415817064,0.6611870911941186,0.5932329232074671,0.5973361487858361,0.0,21.98
51025.5,0.2772732901308457,0.6514298070165955,0.5807523688304341,0.5866969869243889,0.0,21.51
49602.0,0.2578476493168778,0.6422671495756528,0.5945764389760996,0.5826362381223098,0.0,22.5
48588.0,0.2069849754406241,0.6291258986972269,0.6353768915287795,0.5985543734264598,0.0,24.83
48262.75,0.1318570190283567,0.6161306016541435,0.6826827888558903,0.6199139121253959,16.69,34.58
50290.0,0.0505376233128327,0.6063300718957781,0.7264531183708104,0.6200763420774791,59.4,54.92
53251.75,0.0046229413464316,0.6121087626358181,0.7486564842313675,0.6330707382441322,75.0,72.64
53301.25,0.0,0.621038975079734,0.7494343091500495,0.6325834483878827,74.9,78.03
51376.5,0.0,0.621390345424077,0.7303068872860982,0.633314383172257,66.9,70.42
50098.25,0.0,0.6156386831720634,0.6947390750954603,0.629416064322261,64.77,66.99
48532.5,0.0,0.5929834045083519,0.6419530476594542,0.6299845691545521,64.27,66.42
45847.25,0.0,0.5685334342396886,0.5610239004384104,0.6183708275806059,62.97,64.66
44258.75,0.0,0.5502837991242769,0.511702729458351,0.6036709169170795,62.51,63.86
42967.5,0.0,0.5125195956538191,0.4745085560741055,0.6031024120847884,62.29,61.4
42332.0,0.0,0.4871993080707065,0.4103733559609673,0.5892146511816779,62.48,61.6
42354.0,0.0,0.4456240877885291,0.3883821241691416,0.584341752619183,64.51,63.13
44353.25,0.0,0.3982917995567328,0.3550770753783057,0.5857224072118898,66.96,63.82
48558.25,3.61167292689974e-05,0.3629547543110438,0.3050487908358082,0.5944936246243807,77.14,73.91
55256.25,0.0098959838197052,0.3210119465917077,0.2587682081742328,0.6152034435149841,88.43,87.49
59515.25,0.0884395509142692,0.264760257311206,0.2055225569226417,0.6186956874847722,113.87,111.75
62270.75,0.2218444297684401,0.2228174495918698,0.1617522274077217,0.6189393324128969,99.68,98.48
62640.75,0.3496305774549056,0.1842369857830153,0.1170272945835101,0.6174774628441485,77.43,72.56
62319.75,0.4611022825772898,0.160862749337802,0.0852778956300381,0.6255177454722651,70.05,65.19
62210.0,0.5429376315680852,0.1381480080004324,0.0618724367133361,0.6211321367660196,63.66,61.1
61060.5,0.5896314029801462,0.1155954375912211,0.0473412530052326,0.606675871030618,61.85,58.84
59687.75,0.5948580096586453,0.0956159792421212,0.0393155140715598,0.6031024120847884,63.22,57.99
57812.25,0.5500319891030668,0.0751662252013622,0.034365719134493,0.6143912937545684,64.52,58.97
57224.0,0.4532494737276592,0.0610357316611708,0.0309715740347899,0.6280354097295542,73.97,67.7
57237.25,0.2905332893053205,0.0517325260824909,0.0270470937632583,0.6230000812149761,81.05,74.51
58911.0,0.1022258224295207,0.0511973620195686,0.0236883043416772,0.6405425160399578,111.88,99.1
61677.5,0.0087866842778717,0.0693929401589275,0.0243600622259934,0.6711605620076342,174.7,150.62
62372.25,0.0,0.1039245364614303,0.030936218356668,0.6783074798992934,149.75,141.54
59215.0,0.0,0.1449754040758959,0.0448663555366991,0.6421668155607894,102.73,96.82
55859.25,0.0,0.1842694199686469,0.068342525809645,0.6162592382035247,82.39,77.44
53048.75,0.0,0.2153954267798259,0.1018597086692122,0.5989604483066677,79.56,74.97
49738.75,0.0,0.2394345640304881,0.1399731296846273,0.5889710062535531,74.74,70.86
46814.25,0.0,0.2958916698199902,0.1580398812049215,0.5916511004629254,79.9,70.93
45627.5,0.0,0.315887345261906,0.1877740065054447,0.5856411922358483,73.3,66.45
44700.75,0.0,0.3375695983566679,0.2118158676283411,0.5852351173556404,68.91,63.73
45595.0,0.0,0.3576031136818206,0.2526870315372649,0.5825550231462682,67.98,62.51
47269.75,0.0,0.3762095248391805,0.3150544477443077,0.5817428733858524,70.07,64.62
51339.0,0.0001960622446031,0.392204984053192,0.3717295997737236,0.5836920328108504,72.28,67.39
57158.75,0.0259472902133982,0.4046705227309584,0.4215811059256116,0.5953869893608381,80.38,77.76
61928.5,0.1599971106616584,0.3913725066219796,0.4815796916984868,0.5968488589295866,79.2,80.11
64682.25,0.3499091922235522,0.329266446834964,0.5356031678687597,0.6117924145212377,72.1,73.23
65069.5,0.5120784661741032,0.2597167414454835,0.571383114128129,0.6263298952326809,62.0,62.81
64338.5,0.6300099063028852,0.2597383642359046,0.5826615754490171,0.6031024120847884,49.5,53.01
64240.5,0.7006955050150658,0.2876047353911022,0.5606703436571914,0.6273044749451799,37.03,45.11
63019.0,0.717969620671152,0.3085734364019676,0.5459270258803564,0.6230000812149761,11.49,33.25
62041.25,0.6835916539398192,0.3158711281690902,0.5265521142695517,0.6186144725087306,27.35,38.17
59708.25,0.59376418871507,0.3182928806962538,0.5090156979210861,0.6102493299764477,37.1,42.78
59014.0,0.4603644693936517,0.3161738472349856,0.4922924621694244,0.6048079265816616,51.93,53.69
59936.0,0.2790275312667685,0.3027785285691118,0.4738721538679112,0.6267359701128888,68.06,64.34
61082.5,0.0978299005242085,0.2929563760203254,0.4606137745721963,0.6674246731097214,81.05,73.2
63063.0,0.0099578982127378,0.3371425482458511,0.4559114693819827,0.709087955819053,100.75,87.47
64297.75,0.0,0.3932158495053787,0.4771602319332484,0.6767643953545034,100.3,85.72
61870.5,0.0,0.4183631547651224,0.5100410125866214,0.6506943880451556,80.0,71.72
58262.0,0.0,0.4148116114384561,0.5346485645594683,0.6173150328920654,77.05,66.49
54572.5,0.0,0.3888534515379209,0.538891245934097,0.5998538130431251,72.82,64.42
51164.75,0.0,0.3558462619601059,0.5341535850657616,0.5874279217087631,66.92,61.52
48397.5,0.0,0.3322774204011027,0.5459623815584783,0.568992122147324,58.35,59.08
45970.75,0.0,0.3147791772528245,0.4967472776127846,0.5686672622431577,57.09,58.17
45262.75,0.0,0.2926860911400616,0.4753924480271531,0.5692357670754488,57.28,58.16
45854.5,0.0,0.2813773717498243,0.4916560599632301,0.5870218468285552,57.79,55.62
47234.75,0.0,0.2686631709822152,0.5551902135482959,0.6039957768212458,60.03,55.83
51081.25,0.0001909027118504,0.2643818584788367,0.567600056569085,0.6132542840899862,72.38,58.48
56183.5,0.0251630412349857,0.25200821666036,0.5900155564983737,0.6523186875659872,81.17,69.61
61316.75,0.1428932595864118,0.2191091410346505,0.5671404327535002,0.6436286851295379,82.78,75.75
64011.25,0.3171100425145499,0.1599762149305368,0.5306887286098148,0.6409485909201657,80.01,72.03
64835.0,0.4637439633466793,0.0983782907184172,0.4762763399802008,0.640298871111833,68.12,64.24
62946.5,0.5616718949931894,0.0777933942375263,0.4170555791260076,0.6264111102087225,63.9,59.9
62568.5,0.6009256201758368,0.0805340829234012,0.342525809645029,0.6596280354097296,57.13,53.45
62870.75,0.5841726173277748,0.0879939456186821,0.2842596521001272,0.6143912937545684,57.66,52.72
61966.25,0.5146891897469765,0.1008000432455808,0.2440248903973978,0.5711037115244051,60.0,53.49
61369.25,0.390473438725389,0.1189307530136764,0.2052043558195446,0.6354259725493381,67.8,52.4
60863.75,0.2653496099393239,0.1371101140602194,0.1599490878235044,0.6695362624868025,78.93,58.68
60468.0,0.1448899987617121,0.1543434780258392,0.1350233347475604,0.6792820596117924,84.14,66.99
61321.75,0.0496347050811078,0.1687712849343207,0.1222599349455522,0.680337854300333,100.53,78.85
62757.5,0.0053091592025426,0.1916427915022433,0.1169919389053882,0.6792008446357508,125.93,102.39
62669.5,0.0001496264498287,0.214849451321693,0.1194668363739216,0.6864289775034517,118.94,103.07
59664.0,0.0,0.2322125520298394,0.1304978079479564,0.6565418663201494,99.42,84.77
56256.5,0.0,0.2437591221147089,0.1430490736812332,0.6433038252253716,84.25,71.74
52953.0,0.0,0.2517379317800962,0.1467967755621552,0.6083001705514497,83.02,70.43
49379.25,0.0,0.261078977242013,0.1464432187809362,0.580849508649395,74.47,63.74
46414.5,0.0,0.243056381426023,0.1058549002969877,0.5833671729066839,79.09,59.15
44870.5,0.0,0.2476187902048759,0.1093551124310564,0.5934378299358402,72.6,53.49
44895.25,0.0,0.2583761284393751,0.1320181021071984,0.5847478274993909,65.24,52.9
46565.75,0.0,0.2905454348883723,0.1636967897044265,0.5961179241452124,64.41,50.82
47651.25,0.0,0.3224768906427374,0.1929359355112431,0.5731340859254447,66.69,50.87
50277.25,0.0001186692533124,0.3489485918157738,0.2328878517889973,0.5827174530983513,71.6,54.18
55887.0,0.0186207537045445,0.3585166765771123,0.2905176071277047,0.6108990497847803,82.07,60.64
60311.25,0.1148408800099063,0.3518136115465701,0.3410408711639089,0.6260862503045561,83.19,67.47
62827.25,0.236275642877781,0.3426887939888642,0.3103167868759723,0.6522374725899456,80.92,66.11
63116.0,0.3181677467288562,0.3695064598086383,0.2787795219912318,0.6597904653618127,63.24,57.03
62662.25,0.3612911214760391,0.4356019244283475,0.2499292886437562,0.686753837407618,47.07,44.17
64293.75,0.3795145911586247,0.5203848856694957,0.2332767642483383,0.6555672866076504,37.0,37.86
63628.0,0.3864438436455195,0.6089788637223633,0.2607834818271814,0.6065946560545764,6.74,27.81
62698.75,0.3765736574895777,0.6826855505703011,0.3885235468816292,0.6305530739868431,0.05,23.73
61554.25,0.3426239319767202,0.7268446943078004,0.5360981473624664,0.6372939169982945,0.04,23.58
60827.0,0.2796105584678252,0.7289691334666739,0.6295785603167868,0.6552424267034841,9.82,31.65
59813.0,0.1877553968712593,0.7151846045732202,0.6655706406448876,0.6429789653212052,33.17,38.36
59657.75,0.0763352870764023,0.6684901886588465,0.6737731579691698,0.6795257045399171,52.72,49.63
60175.0,0.0091014157757873,0.6163684523487756,0.6919813322019517,0.669455047510761,73.97,62.49
61176.25,0.0001289883188178,0.5884480242175253,0.7263116956583228,0.6854543977909526,70.33,69.41
57591.75,0.0,0.5919455105681388,0.7711426955169001,0.6346950377649638,62.54,56.71
54097.5,0.0,0.6086545218660468,0.8090793381417055,0.6162592382035247,51.83,48.98
52032.0,0.0,0.6218984809989729,0.8411469381982747,0.6089498903597823,33.05,42.76
49182.75,0.0,0.631634142386075,0.8626078348182719,0.6039957768212458,25.0,34.44
45707.5,0.0,0.6126439266987405,0.9372436713336162,0.6024526922764558,20.6,30.47
43663.5,0.0,0.6126223039083194,0.9417338424550984,0.6002598879233331,18.83,27.52
42178.25,0.0,0.5942537434455917,0.9136967897044266,0.593275399983757,12.43,22.17
41581.0,0.0,0.5901562246607924,0.9008626785461744,0.5847478274993909,10.24,20.68
41887.25,0.0,0.5906913887237148,0.9009687455805402,0.5853975473077235,12.59,22.62
42695.0,0.0001754241135922,0.5932590950862209,0.907438834676849,0.588402501421262,14.32,24.79
43090.0,0.0182595864118545,0.5993999675658144,0.940354971008344,0.5927881101275075,22.02,30.9
45057.75,0.0849413877079291,0.5934320774095897,0.9404610380427096,0.596199139121254,22.39,37.32
47965.0,0.1682936393280224,0.5559381588193957,0.9302432470654788,0.6089498903597823,15.94,36.64
50900.75,0.2341705535146737,0.5189739985945186,0.9174091359072268,0.6147973686347763,13.28,30.17
51858.5,0.2853376398233376,0.4882966646845775,0.8930137180031112,0.6081377405993665,16.88,25.89
54018.75,0.3202264002971891,0.4626790637331747,0.8227619855748833,0.6011532526597905,18.83,23.02
53380.25,0.3403950138275478,0.4527812314179145,0.7032951492009617,0.6110614797368634,13.0,18.5
50249.5,0.3478866553844884,0.4407913941294124,0.5555791260076368,0.6133354990660278,9.86,17.06
47675.75,0.3274394270854831,0.4122114708903184,0.4591288360910762,0.5937626898400065,13.44,23.43
46250.75,0.2717422710199364,0.3539434564030488,0.4181516051477867,0.600665962803541,21.58,32.77
46034.75,0.1788294052090642,0.2943618573976971,0.3958068165747419,0.6049703565337449,49.5,47.54
48087.25,0.0702212407644363,0.2442186064111573,0.3714821100268703,0.6254365304962235,79.93,67.72
50777.5,0.0081211045527717,0.2189361587112817,0.3631028143119785,0.6426541054170389,101.97,85.57
50411.25,0.0002063813101085,0.2165792745553813,0.3815231226134917,0.6784699098513766,105.45,94.42
47639.75,0.0,0.2211308719390237,0.4230306887286098,0.6397303662795419,87.4,80.31
46012.25,0.0,0.2214011568192875,0.4767359637957856,0.616421668155608,79.93,70.83
44089.25,0.0,0.2103519109141034,0.5250318201103097,0.6141476488264436,75.89,70.51
40816.75,0.0,0.1954862424995945,0.5307947956441804,0.6011532526597905,70.0,66.04
38728.5,0.0,0.1790475160819503,0.3562791684344505,0.5693981970275319,69.3,64.9
37129.25,0.0,0.1646197091734688,0.3551831424126714,0.5609518395192074,58.16,57.6
35674.5,0.0,0.1609438348018811,0.2959270258803564,0.5654186632014944,58.88,57.39
35762.75,0.0,0.1725660846532245,0.2252863809927874,0.555185576220255,58.95,58.49
36187.5,0.0,0.1839504838099356,0.2042497525102531,0.5605457646389994,59.23,61.22
37293.75,0.0002424980393775,0.2011135737066868,0.173313534153585,0.5651750182733696,65.05,62.26
39087.5,0.0254622941346431,0.2499054002919076,0.1183354546740206,0.564525298465037,58.57,58.9
42548.75,0.1284878441408346,0.2688145305151629,0.1068802149625229,0.5973361487858361,47.79,51.75
46687.0,0.2752920295538036,0.2570301097356613,0.1306745863385659,0.6232437261431008,45.23,44.67
48933.25,0.4172256160482107,0.2219038866965782,0.1732781784754631,0.5819053033379356,43.38,40.26
49642.25,0.5399966978990383,0.2032434185631655,0.1921581105925611,0.5704539917160725,34.49,32.0
49946.0,0.614990506459735,0.2172549867560408,0.2203012303775986,0.6234873710712255,23.21,21.14
50249.0,0.6331984975440624,0.2428671820098383,0.2508131805968038,0.6305530739868431,14.76,17.68
48964.25,0.6029275188838898,0.2598951294664576,0.2693749116108047,0.629822139202469,6.85,9.79
47140.0,0.5169955008874396,0.2483755878696145,0.2749964644321878,0.6182083976285228,15.87,18.51
46815.75,0.3977122631774466,0.2324936483053138,0.271531607976241,0.6182896126045643,34.2,33.72
46827.25,0.238096957939489,0.2124493215849505,0.2774360062225993,0.6192641923170633,52.52,53.55
50305.0,0.0861229207083006,0.1993837504729985,0.3040941875265167,0.6209697068139365,77.75,68.51
52547.0,0.0097154001733603,0.2113681820638953,0.3161504737660868,0.6072443758629091,88.11,80.13
51822.75,0.0001238287860651,0.2206065192713119,0.3089732711073398,0.5885649313733452,83.53,79.86
48928.0,0.0,0.2011243851018974,0.2709305614481685,0.5783318443921059,74.11,73.56
46342.5,0.0,0.177317692848262,0.225074246924056,0.602209047348331,71.47,66.61
43930.0,0.0,0.1606140872479593,0.1872790270117381,0.5759766100869,70.83,66.62
40857.0,0.0,0.1457267960430293,0.1579338141705558,0.6001786729472914,65.74,62.08
37333.25,0.0,0.1164657549056705,0.1280582661575449,0.6212133517420613,75.7,66.66
34967.25,0.0,0.1114060219471322,0.0789492292462169,0.5758953951108584,66.71,58.57
35233.0,0.0,0.1188172333639656,0.0552255692264177,0.5823113782181434,64.98,48.8
32660.5,0.0,0.129677279852965,0.0442299533305048,0.5676114675546171,60.48,48.82
33094.75,0.0,0.1268122601221687,0.0356738792250035,0.5778445545358564,58.74,51.22
33936.5,0.0002889338341519,0.1170657873398562,0.0270117380851364,0.5751644603264842,64.46,51.53
34424.5,0.0303328930532051,0.1067463106113844,0.0242893508697496,0.5671241776983675,71.51,55.49
36927.75,0.1489041152433235,0.0900210822206605,0.0406236741620704,0.5985543734264598,65.03,50.48
41260.5,0.3084059107607215,0.0689604843505054,0.0534931409984443,0.5714285714285714,50.32,38.86
42728.5,0.4562729599207495,0.0512622303908319,0.0634634422288219,0.5799561439129376,41.03,28.37
44419.25,0.5647057002517852,0.0461970917346883,0.0817776834959694,0.5783318443921059,29.52,23.09
43098.75,0.6179881949890618,0.0478079896210606,0.1070569933531325,0.584341752619183,19.85,18.54
40175.75,0.6196444050026829,0.0515217038758851,0.134033375760147,0.5968488589295866,3.06,13.14
37691.25,0.567595038593305,0.0553056921995783,0.1554942723801442,0.605132786485828,1.03,12.41
35956.25,0.4755747719486523,0.0587166873885074,0.1619290057983312,0.5861284820920978,15.27,17.21
35175.0,0.3567146159243818,0.0617492837450673,0.159348041295432,0.5819053033379356,41.07,31.48
36616.0,0.2195432781607297,0.068149629709714,0.1595248196860415,0.5992040932347925,66.74,53.58
38920.0,0.0865821191232922,0.0834964052110924,0.1647928157262056,0.6022902623243727,89.32,66.16
38962.75,0.0107421471911503,0.1106492242823936,0.1717578843162212,0.5900268009420937,117.29,81.68
39883.75,0.0001960622446031,0.1381480080004324,0.1855112431056427,0.5847478274993909,83.72,67.8
38590.75,0.0,0.154927293367209,0.1999363597793805,0.5838544627629335,70.0,60.53
37514.0,0.0,0.1643818584788366,0.216376750106067,0.5782506294160643,64.51,56.91
35148.0,0.0,0.1724525650035137,0.2380497807947956,0.5680175424348249,54.9,52.82
36808.25,0.0,0.191518460457322,0.4000848536274926,0.5826362381223098,49.95,48.69
35437.25,0.0,0.173085031623331,0.4147574600480837,0.5690733371233655,48.98,45.17
34585.0,0.0,0.1667765825179739,0.4497242257106491,0.5369934215869406,46.06,43.24
34303.5,0.0,0.1417590140007568,0.4130603874982322,0.5356939819702753,43.58,41.8
34851.5,0.0,0.1306557111195199,0.346308867204073,0.540810525460895,49.4,43.43
35657.5,0.0,0.133477485269474,0.2895276481402913,0.5502314626817185,52.35,47.51
36365.5,0.0003250505634209,0.1456078706957133,0.2355748833262622,0.5566474457890035,58.71,50.66
37172.5,0.0181925124860692,0.1453916427915022,0.1743388488191203,0.5759766100869,64.49,53.96
40323.0,0.0717123457299706,0.1463214227796097,0.1239923631735256,0.5614391293754568,58.71,48.06
44014.75,0.1354377347587402,0.1475106762527704,0.1003040588318484,0.603752131893121,60.89,41.65
46691.5,0.1944421513187765,0.1543488837234445,0.0852425399519162,0.6402176561357914,54.36,36.38
49335.5,0.2368483510133322,0.1772203902913671,0.0772521566963654,0.6455778445545358,35.39,27.13
49635.75,0.2554742642506294,0.222017406346289,0.0820605289209447,0.6152034435149841,13.04,20.93
48382.75,0.2548912370495728,0.2803016379263744,0.1053245651251591,0.5927068951514659,0.03,12.69
47515.75,0.2393662029966566,0.3436942537434456,0.165004949794937,0.5546982863640055,-0.01,10.54
47153.25,0.2134034341850002,0.4078004216444132,0.2132300947532173,0.5602209047348331,-0.01,10.7
46674.75,0.175857514343501,0.455965187307422,0.2563640220619431,0.5703727767400308,-0.01,13.05
47585.5,0.1227917199818384,0.481312503378561,0.2900579833121199,0.5922196052952164,5.79,20.08
48611.5,0.0569457629917034,0.489950808151792,0.3229741196436148,0.6032648420368716,41.97,40.76
50592.0,0.0093129566186486,0.495534893778042,0.3563498797906944,0.6270608300170551,48.53,53.75
50140.0,0.0001547859825814,0.5090653548840478,0.3833262621977089,0.597742223666044,49.88,52.8
48353.25,0.0,0.5310557327423104,0.3931904963937208,0.6057825062941606,45.69,46.59
46985.0,0.0,0.5486458727498784,0.4127775420732569,0.6135791439941525,25.97,33.78
44311.75,0.0,0.5635980323260716,0.4497242257106491,0.6102493299764477,7.47,21.22
41658.0,0.0,0.6198551273041786,0.4719983029274501,0.5940063347681313,7.97,24.82
40211.25,0.0,0.6268068544245635,0.5133644463300806,0.6014781125639568,1.28,18.99
40147.5,0.0,0.6336666846856587,0.5899448451421299,0.5892146511816779,0.61,11.91
40683.5,0.0,0.6423428293421266,0.6128906802432471,0.5984731584504183,0.87,9.0
42727.75,0.0,0.6634737012811504,0.6200325272238721,0.6285226995858036,1.94,8.81
45981.5,0.0,0.6803286664144008,0.5814241267147504,0.6127669942337367,7.27,16.52
53492.75,0.0004695174804969,0.6931671982269312,0.550982887851789,0.6121172744254041,57.22,51.06
57892.0,0.0267573368555743,0.6945510568138819,0.454285108188375,0.6248680256639324,74.36,66.99
61908.75,0.1207021092169893,0.7056003027190659,0.4420520435581954,0.6098432550962397,68.93,63.35
64094.25,0.235661658480208,0.7524947294448349,0.4467897044265309,0.6062697961504101,46.98,47.71
64968.25,0.3410657530854006,0.7999729715119737,0.473553952764814,0.6050515715097864,2.66,32.08
65546.5,0.442703388781112,0.8137683118006379,0.4596591712629048,0.5905140907983432,-0.06,29.29
65125.0,0.5096070499855533,0.8113898048543164,0.4757106491302503,0.6094371802160319,-1.09,26.18
63657.75,0.5236564576711933,0.799529704308341,0.479988686183001,0.6084626005035328,-0.97,25.59
61327.0,0.4980548561522268,0.8019028055570572,0.4892165181728186,0.6016405425160399,-0.07,23.47
60007.5,0.4436888595368803,0.7857073355316504,0.4767006081176637,0.6019654024202062,0.0,21.98
59373.0,0.3617193626945144,0.7561868209092384,0.4508556074105501,0.589783156013969,4.31,21.26
59483.0,0.2369876583976555,0.7087626358181524,0.4036557771178051,0.5905140907983432,41.46,43.95
60470.25,0.095998266396995,0.6424131034109952,0.3477584500070711,0.6156907333712337,72.7,66.31
60523.75,0.0127337268336979,0.574787826368993,0.2896690708527789,0.6260862503045561,95.39,84.73
58952.5,4.6435794774425226e-05,0.5332774744580788,0.2425399519162777,0.6397303662795419,94.88,89.89
56336.75,0.0,0.513595329477269,0.2108259086409277,0.631365223747259,78.13,69.57
52714.25,0.0,0.4979350235147846,0.1869961815867628,0.6192641923170633,74.86,65.28
49385.75,0.0,0.4828098816152224,0.1647574600480837,0.6091935352879071,70.88,60.15
46837.75,0.0,0.4323368830747608,0.1405741762126997,0.5905953057743848,74.13,58.05
45176.75,0.0,0.3990323801286556,0.1344576438976099,0.5943311946722976,71.75,56.27
44523.25,0.0,0.3721336288448024,0.1347051336444633,0.5716722163566962,70.05,54.81
44817.5,0.0,0.3325098653981296,0.1422712487625512,0.5841793226670998,72.51,53.62
45892.5,0.0,0.296199794583491,0.1632725215669636,0.5854787622837652,72.34,54.87
48677.25,0.0,0.27286880371912,0.1986635553669919,0.624949240639974,78.71,61.43
54611.75,0.0004282412184752,0.2474079679982701,0.2452269834535426,0.6071631608868675,94.91,76.57
58935.25,0.0234603954265901,0.2224390507595005,0.2985079903832555,0.602615122228539,117.93,102.0
61945.75,0.091003838692368,0.200783826152765,0.363279592702588,0.5865345569723057,117.93,105.96
61737.75,0.1641866512568622,0.1925725714903508,0.4123179182576721,0.6010720376837488,100.98,85.44
63366.5,0.2182327568415404,0.1917995567327963,0.4535779946259369,0.5811743685535613,107.35,82.07
63591.0,0.2594522640029719,0.1975998702632574,0.4741549992928864,0.5741898806139852,90.81,73.05
63602.75,0.279956247162257,0.2127628520460565,0.475427803705275,0.5694794120035734,82.03,66.92
62673.25,0.2696887769843563,0.2344234823503973,0.4695941168151605,0.5603021197108747,76.88,61.45
61375.0,0.2302235109588475,0.2504459700524352,0.4745439117522274,0.5601396897587915,73.04,58.3
60361.25,0.1857483386304536,0.2523055300286502,0.4643261207749964,0.5611954844473321,73.07,57.4
58925.0,0.1399884426466339,0.2482566625222985,0.4651746570499222,0.5633882888004548,76.7,59.33
59159.75,0.0905652784083873,0.2508405859776204,0.485256682223165,0.5680987574108666,92.44,69.64
60267.25,0.0421482230569199,0.26513325044597,0.5197991797482676,0.5778445545358564,108.14,84.55
61180.75,0.0077650967928344,0.2919022649872966,0.5685900155564984,0.606107366198327,123.3,98.21
59999.0,0.0001289883188178,0.3271366019784853,0.6320888134634423,0.5944124096483392,101.58,89.51
56857.25,0.0,0.3675982485539759,0.6930066468674869,0.5944124096483392,80.97,70.86
54151.5,0.0,0.4052813665603546,0.7577782491868194,0.5889710062535531,75.51,64.24
50747.0,0.0,0.4337531758473431,0.8190142836939612,0.5777633395598148,63.89,56.93
47742.75,0.0,0.4502405535434348,0.9295714891811624,0.5832047429546008,54.52,48.53
45669.25,0.0,0.4601816314395373,0.9302078913873568,0.5998538130431251,52.01,46.4
44371.5,0.0,0.4733066652251473,0.9435369820393156,0.5866969869243889,50.17,45.71
44805.0,0.0,0.4827179847559327,0.915782774713619,0.5713473564525299,51.57,46.63
45907.5,0.0,0.4827774474295908,0.9295714891811624,0.5800373588889791,51.94,47.4
48717.5,0.0,0.4630736796583599,0.8971856880214962,0.5762202550150247,55.1,50.13
55380.5,0.0005572295372931,0.4633547759338343,0.8611936076933956,0.5784942743441891,67.52,59.59
59725.75,0.0304567218392702,0.4726904156981458,0.7777542073256966,0.5796312840087712,79.16,67.46
61819.75,0.1226214554009988,0.4612411481701713,0.686183000989959,0.5767075448712743,77.18,69.48
62149.5,0.2295166549717257,0.4618303692091464,0.5537052750671758,0.5695606269796151,71.94,64.32
63455.25,0.2951149543897304,0.4899237796637656,0.4677556215528214,0.576382684967108,69.45,62.1
63666.25,0.3102065876914187,0.5260716795502459,0.4341677273370103,0.5852351173556404,63.06,57.3
63324.5,0.2863489082428695,0.563408832909887,0.443360203648706,0.5728092260212784,58.08,51.07
63135.0,0.2457846617410327,0.601216281961187,0.4579267430349314,0.5817428733858524,56.22,48.63
61591.25,0.2124386015602427,0.6130763825071626,0.4104794229953331,0.5653374482254527,55.49,48.08
60341.5,0.1911245717587815,0.6367641494134818,0.4033729316928299,0.554779501340047,56.17,49.25
59984.0,0.1720497791719981,0.6526406832801773,0.4106208457078207,0.5672053926744092,57.08,51.54
60038.75,0.1350972055970611,0.6566949564841342,0.4491938905388205,0.576382684967108,69.08,59.83
60776.75,0.0666714822305691,0.6366398183685604,0.5107481261490595,0.5866157719483472,75.36,69.17
61388.25,0.0119185206587691,0.5967673928320449,0.5867274784330363,0.591326240558759,90.66,86.5
59796.25,0.0001083501878069,0.5624574301313584,0.6545396690708528,0.5976610086900024,80.58,77.69
57492.0,0.0,0.5394561868209092,0.6899307028708811,0.5857224072118898,73.29,66.76
54339.75,0.0,0.520255148926969,0.6903903266864658,0.5850726874035572,71.47,61.77
50331.5,0.0,0.4997026866317098,0.6450643473341818,0.5715910013806546,61.53,54.74
47445.75,0.0,0.5069517271203848,0.7078206760005656,0.584341752619183,62.72,49.78
44862.75,0.0,0.4861019514568355,0.5805755904398247,0.5778445545358564,59.08,47.91
43869.25,0.0,0.4524622952592032,0.4626997595813887,0.5702103467879477,55.96,46.4
44511.75,0.0,0.4441375209470782,0.3721185122330646,0.5693981970275319,56.59,44.98
45231.5,0.0,0.4288285853289367,0.3356314524112572,0.5724031511410704,53.9,44.55
48659.0,0.0,0.4110330288123682,0.3920944703719417,0.5928693251035491,62.5,47.92
54194.25,0.0009596730920047,0.3940050813557489,0.4455169000141423,0.652724762446195,76.29,61.97
58717.25,0.0325050563420976,0.3791231958484242,0.4852213265450431,0.6757898156420044,84.24,68.8
60638.25,0.1282917818962314,0.3508189631871993,0.5781360486494131,0.6423292455128726,81.0,70.31
60471.75,0.2615160771040574,0.3305854370506514,0.6856880214962523,0.6110614797368634,67.59,57.67
61618.25,0.4039501382754777,0.3347153900210822,0.7427167303068873,0.6430601802972468,50.5,45.82
62232.25,0.5129091509472902,0.3733877506892264,0.7540659029840192,0.6564606513441078,25.97,36.01
62358.75,0.5731363767697197,0.4398021514676469,0.7668646584641493,0.6273856899212215,9.16,30.19
61722.5,0.5694731085152929,0.5143737499324288,0.7660514778673455,0.6181271826524811,0.0,24.79
60018.25,0.4962077434267553,0.587972322828261,0.7824918681940319,0.6141476488264436,-0.1,22.98
59449.75,0.4050336401535477,0.6555111087085789,0.7477725922783199,0.6108178348087387,0.05,22.7
58649.25,0.2848990795393569,0.7089842694199686,0.7251449582802998,0.5893770811337611,8.09,23.4
58395.25,0.164062822470797,0.7372236337099303,0.7477018809220761,0.5848290424754324,37.46,41.16
58744.75,0.0683483303752012,0.7333855884101843,0.7848606986281997,0.5971737188337529,49.65,53.21
59738.0,0.0122280926239319,0.7019947024163469,0.813074529769481,0.6186144725087306,55.94,58.61
57976.0,0.0004591984149915,0.6637656089518352,0.8367274784330363,0.5975797937139609,55.64,61.37
54602.5,0.0,0.6259095086220877,0.8504808372224579,0.5716722163566962,54.71,54.77
50793.5,0.0,0.5773447213362884,0.8638452835525385,0.5780881994639812,56.13,53.1
46509.5,0.0,0.5287637169576734,0.8902913307877245,0.5816616584098108,55.07,49.21
44981.5,0.0,0.4701443321260609,0.6949512091641917,0.6075692357670754,43.08,43.01
42879.5,0.0,0.4313800745986269,0.7332414085702164,0.5911638106066759,45.01,40.55
41354.25,0.0,0.4118925347316071,0.8068872860981474,0.5891334362056363,46.89,40.89
40799.75,0.0,0.3828531271960647,0.827075378305756,0.6157719483472752,47.56,41.74
40954.25,0.0,0.3414022379588086,0.7604652807240843,0.6255177454722651,50.65,43.8
41391.5,0.0,0.3073139088599383,0.6867486918399095,0.6606838300982701,54.88,44.81
42386.0,0.0011557353366079,0.2826477106870642,0.5348253429500778,0.662470559571185,58.73,46.69
44443.0,0.0487575845131464,0.2690361641169793,0.4986918399094894,0.6030211971087468,59.87,47.7
48100.25,0.1988535518223469,0.2446510622195794,0.5053387073964078,0.5876715666368878,59.24,46.26
50185.75,0.3876408552441491,0.1985620844369966,0.5544830999858578,0.5989604483066677,48.94,39.25
51936.5,0.5545620588599497,0.1593437483107194,0.6308867204072974,0.5983107284983351,29.42,21.26
51789.0,0.6846132414248566,0.151656846316017,0.5741055013435158,0.5693169820514903,-0.73,12.11
50208.5,0.7662525281710488,0.1660360019460511,0.5691557064064489,0.5565662308129619,-16.4,6.39
48450.75,0.7925713047426425,0.1881561165468403,0.6366143402630462,0.5093803297328028,-59.92,-13.95
46969.0,0.7552936806042845,0.2099356721984972,0.6534789987271956,0.5166896775765452,-57.59,-17.01
46827.25,0.6737730631114046,0.249991891453592,0.643897609956159,0.5312271582879883,-34.61,0.34
46524.75,0.5399141453749948,0.3005567868533434,0.6410338000282846,0.5612766994233737,-4.66,12.75
47388.75,0.3449921575102159,0.3372993134764041,0.7594046103804271,0.6003411028993746,15.81,29.59
48588.0,0.1394673298386098,0.3710957349045894,0.7666525243954179,0.5902704458702185,67.56,53.42
50213.5,0.0221343955091426,0.4226823071517379,0.7916136331494839,0.5974985787379192,73.99,60.38
49994.5,9.803112230156435e-05,0.4746634953240716,0.8159029840192334,0.6055388613660359,68.65,57.21
47945.25,0.0,0.5044002378506947,0.8442228821948805,0.6070007309347843,46.46,52.59
45705.5,0.0,0.5089788637223633,0.8666030264460473,0.6112239096889467,45.07,45.83
43215.5,0.0,0.5067463106113844,0.8816291896478574,0.5740274506619021,25.88,32.87
40547.75,0.0,0.4760311368182064,0.9578206760005656,0.5677738975067003,10.97,19.43
38358.75,0.0,0.4710957349045894,0.9465775703577994,0.5836108178348087,0.09,8.83
37182.0,0.0,0.4714092653656954,0.921086126431905,0.5860472671160561,0.0,7.52
36672.25,0.0,0.4829612411481702,0.9141917691981332,0.5598960448306668,0.0,7.44
37273.5,0.0,0.5136115465700849,0.894640079196719,0.5603833346869163,0.0,7.19
38093.25,0.0,0.5420076760905995,0.8997312968462735,0.5613579143994153,0.0,7.29
39901.0,0.0015169026292978,0.5601816314395373,0.88594258237873,0.5724031511410704,0.0,8.32
41634.5,0.0501454988236265,0.541645494351046,0.8929076509687456,0.5715910013806546,0.0,5.13
44590.75,0.1855677549841086,0.4669657819341586,0.8954886154716447,0.580849508649395,0.0,1.77
46146.75,0.3508482271845461,0.3907130115141359,0.7475251025314665,0.6050515715097864,-0.01,0.82
47606.75,0.4964347628678747,0.3353262338504784,0.7315796916984868,0.6035084869649964,-0.16,-0.41
48583.25,0.607885829859248,0.3205416509000486,0.7479493706689294,0.5749208153983595,-3.25,-5.11
47686.25,0.6682007677384736,0.3131412508784258,0.7122754914439259,0.5549419312921303,-9.94,-9.75
44650.0,0.6717969620671153,0.2963511541164387,0.7017041436854758,0.5521806221067165,-26.79,-18.5
43486.0,0.6268006769306972,0.2781285474890534,0.6524536840616603,0.5537237066515065,-20.06,-19.11
43202.0,0.544114005035704,0.2676685226228444,0.6470796209871306,0.5390237959879802,-5.04,-5.83
43227.75,0.4229268997399595,0.2295637602032542,0.6399731296846274,0.5575408105254609,-0.16,5.1
45261.75,0.2587660461468609,0.174398616141413,0.7139018526375336,0.5815804434337691,6.92,14.48
47302.25,0.1029017212201263,0.1273798583707227,0.7078206760005656,0.5966864289775035,91.46,58.1
48702.5,0.0177900689313575,0.1172874209416725,0.6639796351294018,0.6764395354503371,108.39,72.87
48762.25,0.0003869649564535,0.1371425482458511,0.6411398670626502,0.6646633639243077,106.4,73.41
46556.0,0.0,0.1657873398562084,0.641245934097016,0.644197189961829,89.95,67.27
45105.5,0.0,0.1859451862262825,0.6638028567387922,0.6167465280597743,77.46,57.98
42482.25,0.0,0.1911833072057949,0.693713760429925,0.5925444651993828,72.06,51.54
40351.0,0.0,0.177042002270393,0.6957290340828737,0.5738650207098189,70.77,50.48
39480.0,0.0,0.1742580680036758,0.640079196718993,0.5610330544952489,70.71,49.46
38145.0,0.0,0.1685334342396886,0.5912530052326403,0.5725655810931536,68.12,45.99
38174.25,0.0,0.1434726201416293,0.529804836656767,0.5879152115650126,70.71,46.86
39069.75,0.0,0.1254878642088761,0.4377386508273229,0.593275399983757,71.57,49.62
43140.75,0.0,0.1127898805340829,0.3763965492858153,0.6304718590108016,77.44,54.95
51611.75,0.0013569571139637,0.1110005946267365,0.3384245509828879,0.6836676683180378,101.99,77.59
56783.25,0.0445886820489536,0.1066976593329369,0.3227973412530052,0.6722975716722164,149.78,104.05
60084.0,0.1735976389978123,0.0874966214389967,0.2817847546315938,0.6241370908795582,128.52,96.36
61340.5,0.3508895034465679,0.0663765608951835,0.2400296987696224,0.6435474701534963,85.51,72.6
61121.25,0.5167272051842985,0.0464295367317152,0.1774501484938481,0.623974660927475,80.6,53.27
61202.0,0.6363200148594543,0.0424833774798637,0.1034153585065761,0.648664013644116,71.23,48.95
60895.5,0.6919346184009576,0.0480620574085085,0.0581954461886579,0.6268171850889304,64.7,45.37
59269.5,0.6868473191067817,0.0583328828585328,0.0371941733842455,0.6018841874441647,60.0,43.82
57604.25,0.6305619763074256,0.0719876750094599,0.0313958421722528,0.6333955981482986,57.89,43.56
58119.5,0.5462139348660585,0.0880371911995243,0.0299462593692547,0.6429789653212052,63.4,47.33
56677.75,0.4277613819292525,0.0975944645656522,0.0409772309432894,0.6212945667181028,70.0,59.13
56914.75,0.268558839311512,0.0993242877993405,0.0647008909630886,0.6333955981482986,75.01,68.96
57777.0,0.1116780864324926,0.1021784961349262,0.100445481544336,0.6654755136847235,104.9,88.51
58469.0,0.0202150493251331,0.1216606303043407,0.1407509546033093,0.6532120523024446,137.3,112.01
57300.5,0.0001599455153341,0.1553273149899994,0.1842384386932541,0.6549987817753594,124.8,104.06
54479.25,0.0,0.1893345586247905,0.2317564700890963,0.6376999918785023,84.85,74.38
50741.0,0.0,0.2138385858695064,0.2837293169282986,0.619507837245188,77.0,66.2
46381.0,0.0,0.2267527974485107,0.3272168010182435,0.59035166084626,70.19,61.48
43112.0,0.0,0.2716417103627223,0.3853768915287795,0.5786567042962723,78.21,63.53
41667.75,0.0,0.282350397318774,0.3973271107339838,0.5780881994639812,69.39,57.61
40980.25,0.0,0.2920428131250338,0.4404963937208315,0.5823113782181434,64.73,54.55
42090.0,0.0,0.2960646521433591,0.5463512940178192,0.5892958661577195,59.95,51.03
43157.25,0.0,0.2985620844369966,0.6135270824494414,0.5759766100869,62.48,52.8
46770.25,0.0,0.3022974214822422,0.5516546457361052,0.6009908227077073,68.34,58.14
54690.25,0.0020689726338382,0.3314503486674955,0.4985504171970018,0.6173962478681069,86.69,68.91
59095.25,0.0461107442110042,0.3492945564625115,0.5234761702729458,0.6021278323722894,90.9,78.24
62098.75,0.1610444958104594,0.3334288339910265,0.5740701456653938,0.6014781125639568,79.78,69.94
62739.75,0.2970652577702563,0.3199145899778366,0.6400438410408712,0.6397303662795419,68.3,58.95
63152.5,0.4022371734015768,0.3251364938645332,0.6747631169565832,0.675871030618046,51.6,46.15
63477.75,0.4678561109505923,0.3564625114871074,0.6700961674444916,0.657191586128482,43.98,40.67
63788.5,0.4848154951087629,0.4096275474349964,0.6532668646584642,0.6454154146024527,36.05,33.7
62917.5,0.4624231229619845,0.4607492296880912,0.6556710507707538,0.6594656054576464,10.09,19.71
62052.0,0.4081345193379287,0.5162116871182226,0.7195587611370386,0.6917891659221961,10.5,19.89
61037.75,0.333104594047963,0.5700416238715607,0.753040588318484,0.6599528953138959,29.04,29.13
60985.25,0.2441852065876914,0.6209578896156549,0.7795219912317918,0.6530496223503615,38.27,36.24
60882.25,0.1487751269245057,0.6393859127520406,0.8145241125724791,0.6372939169982945,50.15,46.11
62027.5,0.0651081438064968,0.6217579328612357,0.8849526233913166,0.6261674652805977,65.9,58.2
61788.25,0.0134560614190778,0.6004000216227904,0.915782774713619,0.6178835377243563,81.75,68.51
60487.25,0.0005211128080241,0.5841883345045679,0.9027011738085136,0.604158206773329,81.74,63.21
57710.25,0.0,0.583253148818855,0.8550417197001838,0.6064322261024933,67.98,56.59
53368.0,0.0,0.5796313314233201,0.8088318483948522,0.6132542840899862,60.51,49.55
49873.25,0.0,0.5801827125790583,0.7731933248479705,0.5966052140014618,35.49,34.68
46844.25,0.0,0.561214119682145,0.5745651251591005,0.5832047429546008,22.89,26.07
45679.0,0.0,0.5456943618573977,0.5967331353415358,0.5829610980264761,5.95,15.72
44083.0,0.0,0.5199578355586788,0.6236034507141847,0.582798668074393,6.19,15.27
44388.5,0.0,0.4763987242553651,0.625406590298402,0.587833996588971,8.99,16.94
45269.25,0.0,0.4432780150278393,0.636720407297412,0.5970925038577114,26.3,25.77
48518.5,0.0,0.4159792421211957,0.6224720690142836,0.6058637212702023,50.03,38.05
56122.25,0.0016200932843521,0.3996324125628412,0.6278814877669354,0.6278729797774709,75.91,52.58
60930.75,0.0363540677756222,0.3628358289637278,0.6081176636967897,0.6462275643628685,99.63,72.26
63654.25,0.131005696124159,0.3268717227958268,0.5459623815584783,0.6273044749451799,106.02,77.16
64363.25,0.2458826928633343,0.3149035082977458,0.4581035214255409,0.6160968082514415,80.46,60.51
64533.75,0.3557962190943988,0.2957132817990162,0.4042921793239994,0.5980670835702103,67.66,53.05
65356.0,0.444019069633054,0.271890372452565,0.3975746004808372,0.5953869893608381,56.05,43.86
64500.25,0.5038025756387502,0.2583869398345856,0.4141564135200113,0.58880857630147,55.62,34.28
63206.5,0.523300449911256,0.2468619925401373,0.4366072691274218,0.5947372695525055,30.32,26.62
61086.0,0.5077805753910926,0.244937564192659,0.4812968462735115,0.5965239990254203,31.29,22.52
60004.75,0.4618039790316589,0.2234066706308449,0.5014142271248763,0.6020466173962479,55.35,28.44
58626.75,0.3775384901143352,0.1991404940807611,0.5249611087540659,0.6158531633233169,62.91,34.15
58686.25,0.2583687621249019,0.1682361208713984,0.5280370527506718,0.6198326971493543,75.32,51.26
59261.5,0.1219403970776406,0.1253905616519811,0.5281784754631594,0.6372127020222529,100.83,72.31
59734.0,0.0251836793659966,0.0871020055138115,0.5527860274360062,0.6370502720701697,191.15,114.89
58672.25,0.0007636108474016,0.0757392291475214,0.5972634705133645,0.6323398034597579,191.19,120.12
55688.25,0.0,0.0925833828855613,0.6509333899024183,0.6258426053764314,115.59,83.8
51873.75,0.0,0.1281582788258825,0.7077146089662,0.6277105498253878,86.1,62.17
48212.5,0.0,0.1750635169468619,0.7431409984443501,0.5968488589295866,76.1,52.84
45106.5,0.0,0.2481971998486404,0.7341960118795079,0.5972549338097946,72.58,44.18
43993.75,0.0,0.3117519865938699,0.7244024890397398,0.6044018517014538,67.36,36.63
43994.25,0.0,0.3636196551164928,0.6507919671899307,0.5953869893608381,62.24,33.34
44616.0,0.0,0.3914049408076112,0.5869396125017677,0.5796312840087712,58.81,30.09
46021.5,0.0,0.395691659008595,0.6115118087964927,0.5934378299358402,59.08,29.09
50337.0,0.0,0.4024217525271636,0.6171333616178758,0.6005035328514579,55.57,33.36
57211.5,0.0034878441408346,0.4235796529542137,0.5952128411822939,0.6477706489076586,74.63,45.3
61706.0,0.0693957155240021,0.4299529704308341,0.5757672182152453,0.6009096077316657,68.8,53.43
64685.0,0.2356203822181863,0.4047840423806692,0.5920308301513223,0.6100869000243645,52.2,51.57
64991.5,0.412349857596896,0.3744418617222552,0.6073751944562297,0.6152034435149841,30.0,40.5
67257.75,0.5284238659347009,0.3614087247959349,0.6493777400650544,0.5840981076910582,10.05,25.79
66252.0,0.595693853964585,0.3652089302124439,0.6603026446047235,0.5793876390806465,0.86,19.66
64268.5,0.6224924670821811,0.3544894318611817,0.661257247914015,0.5933566149597986,0.91,16.33
62534.75,0.6145003508482272,0.334261311422239,0.6202446612926036,0.597742223666044,1.1,16.52
61653.5,0.5638234201510711,0.3225201362235796,0.6278461320888135,0.6076504507431171,0.57,18.78
59393.5,0.4848309737070211,0.2946375479755662,0.6137745721962947,0.6091123203118655,29.57,29.17
58482.0,0.3736636810170471,0.2606627385264068,0.589131664545326,0.6196702671972711,59.74,39.32
58949.25,0.2368225533495686,0.2277744742959078,0.5431339273087258,0.6046454966295784,76.74,58.02
59713.5,0.1019265695298633,0.1960105951673063,0.4838424550982887,0.6241370908795582,100.7,76.91
60125.5,0.0204627068972633,0.1727282555813827,0.4381629189647857,0.6078940956712418,134.36,102.54
59746.75,0.0005572295372931,0.1666792799610789,0.4187526516758591,0.6351011126451718,137.82,102.65
56789.5,0.0,0.1703929942159035,0.4261773440814594,0.6169901729878989,98.79,81.54
53097.0,0.0,0.1747770149737823,0.455062933107057,0.5986355884025014,82.42,69.19
48982.25,0.0,0.1748202605546245,0.5013788714467543,0.6018029724681231,76.51,60.22
46372.0,0.0,0.1244715930590842,0.632901994060246,0.5965239990254203,75.71,54.07
44886.0,0.0,0.1239094005081355,0.726594541083298,0.5931129700316738,71.74,50.55
43448.0,0.0,0.1288177739337261,0.7693395559326828,0.5859660521400146,68.89,48.59
43807.0,0.0,0.1362506081409805,0.7856031678687597,0.6003411028993746,69.26,47.24
44765.0,0.0,0.1409859992432023,0.7913307877245086,0.611142694712905,69.52,47.95
48373.75,0.0,0.1501270338937239,0.784365719134493,0.6406237310159993,77.53,51.52
55234.5,0.0027551904899492,0.1728958322071463,0.7939824635836515,0.6670998132055551,91.23,62.4
59697.0,0.0588909068394766,0.191458997783664,0.8121552821383115,0.6704296272232599,97.0,74.77
62546.75,0.1999267346349114,0.207092275258122,0.789280158393438,0.6208072768618533,86.83,76.23
63592.0,0.3721983737152763,0.2322395805178658,0.7282916136331495,0.6212945667181028,70.98,63.4
63995.5,0.5183988937961779,0.2737066868479377,0.6968250601046528,0.625355315520182,42.86,41.49
64633.5,0.621104552771701,0.3179685388399373,0.6727478433036346,0.5848290424754324,18.86,26.17
63317.5,0.6765643703306229,0.3517649602681226,0.6673737802291048,0.5849102574514741,0.0,11.57
61284.75,0.6848196227349651,0.373047191740094,0.669565832272663,0.5922196052952164,-0.07,7.46
59681.25,0.6419903413546869,0.3916806313854803,0.6477867345495687,0.6059449362462438,0.01,6.32
58563.0,0.5670739257852809,0.39422130925996,0.6524183283835384,0.6095183951920734,0.18,7.0
57026.5,0.4514900730589837,0.385642467160387,0.6469735539527648,0.620482416957687,0.22,14.99
56738.75,0.2946867131712552,0.3599924320233526,0.6310634987979069,0.6014781125639568,57.37,44.35
57617.25,0.1300976183596813,0.312595275420293,0.6105925611653231,0.6245431657597661,81.93,58.48
57504.75,0.0275673834977504,0.2729390777879885,0.5928440107481262,0.6265735401608057,125.95,74.77
56729.5,0.0006655797251,0.2625979782690956,0.5683071701315231,0.6616584098107691,124.13,76.62
53863.0,0.0,0.2648683712633115,0.5461391599490878,0.5784942743441891,86.6,61.63
49971.5,0.0,0.2681658468025298,0.5470230519021355,0.556160155932754,77.99,56.54
46540.25,0.0,0.2760257311206011,0.5659736953754773,0.5598960448306668,68.1,49.5
43708.0,0.0,0.2996161954700254,0.563852354688163,0.5588402501421262,60.22,42.25
41802.25,0.0,0.3119736201956862,0.6367911186536558,0.5714285714285714,49.07,35.71
40283.25,0.0,0.3193848316125195,0.6758944986564842,0.5628197839681637,24.41,26.36
39731.5,0.0,0.3346667387426347,0.6424833828312827,0.56005847478275,19.41,22.91
40453.75,0.0,0.3400616249527001,0.6520647716023193,0.5590838950702509,19.95,22.58
41540.5,0.0,0.3411319530785447,0.6458068165747419,0.5663120279379518,25.32,27.14
42978.5,0.0047106534032278,0.3442834747824206,0.6164969594116815,0.5699667018598229,30.18,33.29
45412.0,0.0814793412308581,0.3344126709551868,0.559291472210437,0.567449037602534,35.26,36.28
48456.0,0.2647046683452346,0.2835504621871452,0.4955451845566398,0.564119223584829,22.6,27.49
51568.25,0.4694916828332026,0.2442780690848154,0.4368901145523971,0.5784942743441891,8.8,15.72
52183.0,0.6261247781400916,0.250029731336829,0.3556074105501343,0.5989604483066677,-0.02,2.99
51758.25,0.7282061336525364,0.2675495972755284,0.3579055296280582,0.5584341752619183,-9.97,-4.15
50512.25,0.7785218970570025,0.2869992972593113,0.3881346344222882,0.5291967838869488,-25.96,-14.9
48284.75,0.7808952821232509,0.3026704146170063,0.3749116108046952,0.5243238853244538,-50.0,-33.38
46639.25,0.7247234490444545,0.3160711389804854,0.4113986706265026,0.5025582717453099,-55.01,-38.96
45418.0,0.6330230734304702,0.322017406346289,0.4530476594541083,0.4884268659140746,-49.91,-34.31
46079.75,0.4976472530647624,0.3284988377750149,0.5652312261349173,0.5079184601640543,-19.16,-9.15
47490.5,0.319019069633054,0.3128979944861884,0.5918186960825909,0.5341508974254853,-0.16,9.67
48920.25,0.1432853840756181,0.2903940753554246,0.7424692405600339,0.5568098757410866,39.91,35.19
49026.75,0.0321696867131712,0.3042867182009838,0.7300947532173667,0.595793064241046,73.44,51.93
48349.5,0.0009648326247575,0.371576841991459,0.6916984867769764,0.6031024120847884,65.78,53.68
47433.25,0.0,0.4539434564030488,0.6636260783481828,0.5799561439129376,39.35,45.12
45193.75,0.0,0.5210389750797341,0.6739145806816574,0.5793064241046049,21.11,34.69
42445.75,0.0,0.5670198389102113,0.6949865648423137,0.5540485665556729,7.05,25.33
40279.75,0.0,0.6195632196334937,0.5861971432612078,0.5470640786160968,0.43,12.76
38667.0,0.0,0.6233796421428185,0.5748479705840758,0.5471452935921384,0.83,7.76
38572.0,0.0,0.6049894588896697,0.5560741055013435,0.5448712742629741,0.93,6.98
38035.0,0.0,0.570128115033245,0.5606349879790694,0.533419962641111,1.13,3.21
37909.0,0.0,0.5399697280934105,0.5603874982322161,0.5562413709087956,2.34,3.53
38683.0,0.0,0.5096113303421806,0.559291472210437,0.5598148298546252,5.95,6.16
38436.0,0.0045300697568828,0.4776582517973944,0.578206760005657,0.5738650207098189,12.86,12.7
40368.25,0.0704276220745449,0.4350343261797935,0.5484019233488898,0.5559977259806709,13.0,12.34
44401.0,0.2232013868824039,0.4030488134493756,0.4751449582802998,0.5457646389994315,7.41,6.69
47935.25,0.3955916952160812,0.3890210281636845,0.4809786451704144,0.5637131487046211,0.0,-1.17
48190.25,0.5400792504230817,0.3772528244769987,0.4347334181869608,0.5763014699910664,-2.37,-3.72
48688.5,0.6421502868700211,0.3846802529866479,0.4351930420025456,0.5374807114431901,-12.17,-12.38
47411.0,0.7020318239980188,0.3934537002000108,0.4054942723801442,0.5440591245025582,-42.27,-32.68
45406.25,0.7076815123622405,0.4058165306232769,0.4066610097581671,0.5220498659952896,-60.05,-45.6
43647.75,0.6613024724480951,0.4237256067895562,0.3949582802998161,0.5497441728254691,-60.07,-47.56
42902.25,0.5824338547901102,0.4350127033893724,0.4095248196860416,0.512060423942175,-40.05,-36.67
43145.0,0.4578775746068436,0.4452943402346073,0.4251520294159241,0.5346381872817347,-6.25,-5.74
46259.5,0.2957237792545507,0.4365965727877182,0.4721750813180597,0.5687484772191992,1.57,4.25
49241.75,0.1325638750154786,0.3654197524190496,0.4546033092914722,0.6237310159993503,67.23,46.4
49748.5,0.0304102860444958,0.2819287529055624,0.4240560033941451,0.6338828880045481,87.8,67.14
50015.0,0.0009854707557683,0.2168819936212768,0.3808513647291755,0.6614959798586859,119.91,84.78
48379.0,0.0,0.1661873614789988,0.3407933814170555,0.6056200763420775,112.61,82.37
46722.0,0.0,0.1270014595383534,0.3196860415782774,0.5795500690327297,103.95,71.0
43581.0,0.0,0.1007351748743175,0.3161858294442087,0.5879964265410542,87.24,61.43
40809.5,0.0,0.0676036542515811,0.2656625654080045,0.5926256801754244,81.96,54.15
39395.25,0.0,0.058630196226823,0.2737590156979211,0.5797937139608543,81.26,52.4
38758.0,0.0,0.0671603870479485,0.25074246924056,0.5914074555348006,77.54,53.89
39097.0,0.0,0.0913671009243742,0.2420803281006929,0.5640380086087875,78.18,52.71
39945.25,0.0,0.120822747175523,0.2574600480837222,0.5916511004629254,75.23,53.96
43772.5,0.0,0.1345532190929239,0.2687385094046103,0.6169901729878989,86.74,65.06
52083.5,0.0042978907830106,0.1499594572679604,0.2927803705275067,0.5957118492650044,115.73,87.28
57200.75,0.0468072811326206,0.1556894967295529,0.3377174374204497,0.5954682043368797,169.15,122.45
60605.25,0.1460508936310727,0.1492945564625115,0.365188799321171,0.6152846584910258,153.24,112.03
61321.5,0.249927766541462,0.1718092869884858,0.3982110026870315,0.6212945667181028,91.56,72.93
61465.0,0.3297302596276881,0.2250770311908752,0.4436430490736812,0.5918135304150085,80.55,59.44
62022.0,0.3811192058447187,0.2938320990323801,0.4353698203931551,0.6081377405993665,63.15,51.3
60588.25,0.4117203946010649,0.373771555219201,0.4328949229246217,0.6074880207910338,44.15,41.33
59679.0,0.4337412803896479,0.4504946213308827,0.4264601895064347,0.5975797937139609,31.74,33.18
59604.25,0.4317754984108639,0.5215903562354722,0.4378447178616886,0.5999350280191668,12.96,20.89
58575.75,0.3988370413175383,0.5715714362938538,0.4260712770470937,0.6015593275399984,7.8,30.04
58350.25,0.3218103768522722,0.6012379047516082,0.4238792250035356,0.6097620401201982,7.99,38.33
59688.0,0.2129700334337722,0.6080869236174928,0.437703295149201,0.6588158856493137,46.3,53.88
59957.0,0.0987844140834606,0.6146440348126926,0.4521991231791826,0.6324210184357996,69.2,64.9
60182.0,0.0247451190820159,0.6312395264608898,0.5258096450289916,0.6707544871274262,78.92,72.37
58795.0,0.000882280100714,0.6473214768365858,0.5878588601329373,0.6434662551774547,77.02,73.0
55329.75,0.0,0.6740202173090437,0.6441097440248904,0.6306342889628848,66.31,65.04
52488.75,0.0,0.7020595707876102,0.6406448875689436,0.6325834483878827,53.77,53.05
49192.25,0.0,0.7246499810800584,0.6065266581813039,0.6157719483472752,34.17,41.22
47607.5,0.0,0.7204659711335748,0.493954179041154,0.5994477381629172,2.02,24.1
46580.75,0.0,0.7253365046759285,0.4382336303210296,0.5935190449118818,0.04,17.04
45318.5,0.0,0.7041083301800097,0.3959482392872295,0.5984731584504183,0.14,11.25
45112.25,0.0,0.6703335315422455,0.2742186395135059,0.5974985787379192,0.73,11.24
45790.0,0.0,0.6551381155738148,0.1662777542073256,0.6080565256233249,17.47,22.25
48863.5,0.0,0.6230823287745284,0.1405388205345778,0.6290912044180947,36.22,36.51
55660.5,0.0045197506913773,0.5972863398021515,0.1530193749116108,0.651181677901405,63.14,51.12
60308.0,0.0491187518058364,0.5733607222012,0.1984867769763824,0.6608462600503533,74.26,65.76
63497.75,0.1461076484913526,0.5760797880966538,0.2653090086267854,0.6763583204742954,74.26,66.9
64376.75,0.2547364510669914,0.5791069787556085,0.3350657615613067,0.6705920571753431,64.81,59.38
64514.5,0.3482581417426837,0.5493972647170118,0.4064135200113138,0.6645009339722244,51.03,47.85
64407.0,0.4155900441656003,0.5113249364830531,0.4675788431622119,0.6588158856493137,42.64,41.66
64195.0,0.4520937383910513,0.4808854532677442,0.5048437279027012,0.6833428084138715,40.0,38.07
64636.75,0.4548024930862261,0.4531866587383101,0.5143897609956158,0.6299845691545521,40.22,36.5
63347.25,0.420610269533991,0.4380939510243797,0.5025456088247773,0.6183708275806059,42.08,37.85
61548.0,0.3736172452222727,0.4137899345910589,0.4969947673596379,0.6355071875253797,48.53,44.15
59932.25,0.3040667437156891,0.3888642629331315,0.5064700890963089,0.6385933566149598,62.84,53.11
61266.0,0.2126398233375985,0.3626952808259906,0.5241479281572621,0.6478518638837002,79.67,67.68
61576.5,0.1056053163825484,0.3274393210443808,0.5352496110875407,0.6777389750670023,92.92,79.35
61649.5,0.0275157881702233,0.2916049516190064,0.5202234478857305,0.6716478518638836,113.99,96.4
60164.0,0.0014343501052544,0.2714579166441429,0.4825696506859001,0.6783074798992934,124.52,105.07
56713.75,0.0,0.2570679496188983,0.4323645877527931,0.6925201007065703,104.46,89.65
52550.0,0.0,0.2408076112222282,0.3858011596662424,0.677820190043044,90.1,79.95
48849.5,0.0,0.2278339369695659,0.334959694526941,0.6590595305774385,84.1,74.91
46211.25,0.0,0.1945780853019082,0.2391104511384528,0.6766019654024202,83.84,72.31
44800.5,0.0,0.1896913346667387,0.2042143968321312,0.6638512141638918,83.84,70.81
44011.75,0.0,0.1775987891237364,0.1931480695799745,0.6463899943149517,81.35,67.91
44600.5,0.0,0.1603816422509325,0.2061236034507141,0.6506131730691139,82.4,66.89
45861.75,0.0,0.1455430023244499,0.227337010323858,0.6632827093316007,82.96,68.31
49061.75,0.0,0.131461160062706,0.2281501909206618,0.6647445789003492,83.73,72.18
55560.0,0.0053091592025426,0.1147575544624033,0.2133715174657049,0.7601721757492081,109.39,95.4
60309.0,0.0524002146365625,0.0937618249635115,0.1935723377174374,0.7217574920815398,169.97,135.47
63199.75,0.1459167457795022,0.0724849991891453,0.1571913449299957,0.7207016973929993,155.17,125.03
64140.75,0.2447475956577372,0.0593113141250878,0.1172394286522415,0.7323154389669455,104.62,89.35
64487.0,0.3263765633384241,0.0548408022055246,0.082308018667798,0.7152602939982132,83.9,74.27
64896.25,0.3873622404755025,0.0530677333909941,0.0565337293169283,0.6926825306586535,79.9,70.02
64081.25,0.4294588682048953,0.0559597816098167,0.0409418752651675,0.664013644115975,82.98,69.15
62266.25,0.4401906963305403,0.0633980215146764,0.0321736670909348,0.6598716803378543,80.82,68.39
60407.5,0.4196815536385025,0.0758257203092059,0.0302644604723518,0.6865914074555348,77.71,66.66
59326.75,0.3841891278325834,0.0851289258878858,0.0327747136190072,0.6640948590920166,77.03,67.62
58483.25,0.316258719610352,0.0902319044272663,0.0390326686465846,0.6633639243076423,80.0,69.79
59200.5,0.2202140174185825,0.0913508838315584,0.0487201244519869,0.6983675789815642,86.9,77.1
59623.0,0.1107390514714987,0.0859127520406508,0.0619431480695799,0.7380004872898562,114.97,98.2
59950.25,0.0290739670615429,0.0815773825612195,0.0780653372931692,0.7532689027856737,159.92,130.99
58757.75,0.0011505758038552,0.0830693551002756,0.0932329232074671,0.7929018110939657,169.9,142.09
56054.75,0.0,0.0850802746094383,0.1027436006222599,0.7616340453179566,130.06,117.99
52574.75,0.0,0.0837775014865668,0.1058902559751096,0.7474214245106797,99.04,89.77
49201.25,0.0,0.0811881723336396,0.0999151463725074,0.7023471128076018,87.81,81.58
46601.25,0.0,0.0680739499432401,0.0952835525385377,0.7025907577357264,91.83,88.8
44846.0,0.0,0.0690794096978215,0.0888134634422288,0.7087630959148867,87.42,83.55
44261.75,0.0,0.0691659008595059,0.0727266298967614,0.6779014050190855,88.53,81.45
44795.5,0.0,0.065641386020866,0.0663626078348182,0.6772516852107529,87.76,78.17
45620.0,0.0,0.0639926482512568,0.0833686890114552,0.6842361731503289,89.61,81.43
48837.5,0.0,0.0599437807449051,0.0902984019233488,0.7465280597742223,93.47,82.22
55819.5,0.0071665909935196,0.0620844369965944,0.1244166313109885,0.7636644197189962,121.88,106.77
61053.0,0.0671048829817971,0.0583058543705065,0.1530547305897327,0.7696743279460733,155.8,145.46
63591.75,0.1855883931151195,0.0484080220552462,0.1639089237731579,0.750670023552343,131.19,129.47
63916.75,0.3171822759730879,0.0456673333693713,0.1783340404468957,0.7350767481523593,101.12,100.21
64576.25,0.4338702687084657,0.0528569111843883,0.1813039174091359,0.7214326321773735,90.21,84.74
64474.5,0.5150090807776447,0.0668090167036056,0.187667939471079,0.7028344026638512,83.87,74.91
64493.5,0.5552740743798241,0.0840099464835937,0.1860062225993494,0.7043774872086412,80.64,70.65
63447.75,0.557802245428654,0.1067517163089896,0.2070782067600056,0.68634776252741,77.2,69.68
60944.75,0.5332996243860156,0.1414130493540191,0.231862537123462,0.6736782262649232,73.01,66.02
59813.25,0.4915899616130763,0.1717552300124331,0.2422217508131806,0.6701859822951353,70.7,62.4
59259.0,0.4127884178808767,0.2026271690361641,0.2901994060246075,0.6727036465524243,70.88,64.3
59660.5,0.2973645106699137,0.223525595978161,0.309291472210437,0.6772516852107529,81.33,73.17
60084.75,0.1535167375242498,0.2249148602627169,0.3351364729175505,0.7009664582148948,94.03,86.85
60079.25,0.0385468691955256,0.2112654738093951,0.3530618017253571,0.7106310403638431,125.24,120.06
59029.5,0.0012744045899203,0.201000054056976,0.3735327393579409,0.7214326321773735,128.83,123.22
56322.75,0.0,0.2021190334612681,0.40708527789563,0.7276861853325753,105.92,101.1
52458.25,0.0,0.2135683009892426,0.4657049922217508,0.6647445789003492,89.89,87.12
48126.5,0.0,0.232693659116709,0.5306180172535709,0.6604401851701454,79.37,77.95
45399.0,0.0,0.2635926266284664,0.6892943006646868,0.6563794363680663,77.21,70.57
44397.25,0.0,0.3207308503162333,0.7225993494555225,0.6488264435961991,60.83,57.61
43658.75,0.0,0.3790150818963187,0.7515202941592419,0.6443596199139121,50.53,51.84
44388.25,0.0,0.4432617979350235,0.7580964502899166,0.6359944773816292,49.47,50.92
46072.75,0.0,0.5058273420184874,0.7341253005232641,0.6371314870462114,47.97,48.36
49311.5,0.0,0.544542948267474,0.6824706547871588,0.6478518638837002,49.08,52.27
55945.0,0.0042824121847525,0.5892102275798692,0.6744802715316079,0.6627142044993096,60.12,66.85
60929.0,0.0349455153341313,0.606973349910806,0.6852283976806676,0.666531308373264,69.04,72.39
64058.0,0.0868091385644116,0.6267744202389318,0.6921581105925612,0.6439535450337042,76.0,73.66
65638.25,0.1381516489866677,0.6428131250337856,0.6751873850940461,0.654673921871193,68.3,64.48
66599.75,0.1782412184752548,0.6597005243526677,0.6613279592702588,0.6386745715910014,60.2,59.54
66747.75,0.2074441738556156,0.6650089194010487,0.6196789704426531,0.642248030536831,56.08,51.65
66191.5,0.2286137367400008,0.6511919563219634,0.6036982039315514,0.6408673759441241,50.91,45.66
64380.0,0.2299500557229537,0.6324882426077085,0.5736105218498091,0.6201575570535207,47.0,40.8
63075.25,0.2154775663515912,0.6345478133953186,0.5538820534577853,0.6144725087306099,44.94,37.79
61153.75,0.194019069633054,0.6257473376939294,0.5406943855183143,0.6117111995451961,44.56,43.34
60786.25,0.1601776943080034,0.6176117627979891,0.5376891528779522,0.6227564362868513,50.91,48.38
60614.5,0.115134973376811,0.6098005297583653,0.5654080045255268,0.6246243807358077,58.77,58.41
60712.5,0.0639420894043835,0.6012595275420293,0.6512162353273936,0.6420856005847478,63.49,65.79
60103.5,0.0194823956742477,0.5930320557867993,0.7075024748974685,0.6491513035003654,65.32,71.4
58287.75,0.0017232839394064,0.5792475268933456,0.770753783057559,0.6737594412409649,66.28,72.81
55765.5,0.0,0.5614627817719877,0.7662989676141988,0.6601965402420207,66.2,70.29
52804.5,0.0,0.5398508027460944,0.7473129684627351,0.6688053277024283,65.27,66.97
49370.5,0.0,0.5244445645710579,0.7096591712629048,0.6747340209534638,63.15,62.93
46715.0,0.0,0.524466187361479,0.6567670767925329,0.6492325184764071,60.24,59.45
44647.5,0.0,0.5035353262338504,0.6267854617451563,0.6226752213108098,57.97,55.0
43472.25,0.0,0.4820260554624574,0.6084712204780087,0.6221879314545602,57.33,53.75
43352.75,0.0,0.4606357100383804,0.5986069862819969,0.6271420449930968,57.75,53.59
43158.75,0.0,0.4335099194551057,0.5468462735115259,0.6297409242264274,61.04,55.4
43516.75,0.0,0.4015352181198984,0.5237236600197992,0.6395679363274588,62.83,56.67
44461.25,0.0058199529450612,0.3741499540515703,0.485256682223165,0.6463899943149517,63.92,57.82
46212.75,0.0501351797581211,0.3322503919130763,0.4080045255267996,0.6502883131649476,67.98,60.16
49515.75,0.1408810418128534,0.2871344396994432,0.322125583368689,0.6549987817753594,65.04,59.78
51527.0,0.2481012919470012,0.262057408508568,0.2358930844293593,0.6484203687159912,59.9,54.06
53122.75,0.3400751227968795,0.234201848748581,0.1513576580398812,0.6530496223503615,50.05,46.18
53778.0,0.4083047839187683,0.2049191848208011,0.1004101258662141,0.6507756030211971,38.43,36.97
52590.0,0.454100796631857,0.1822476890642737,0.0880356385235468,0.6553236416795257,28.97,28.25
50770.5,0.4742745696949684,0.1654792150927077,0.109496535143544,0.6611711199545196,12.33,17.26
49171.75,0.4659006480373137,0.1591869830801665,0.1833899024183284,0.682855518557622,10.55,15.71
48841.75,0.4234738102117472,0.1524677009568084,0.2967755621552821,0.6929261755867782,18.33,21.23
47974.75,0.3436558385272629,0.1486945240283258,0.4409913732145382,0.6966620644846909,37.41,36.22
49328.75,0.2369670202666446,0.1448078274501324,0.5776057134775845,0.6888654267846991,62.83,52.74
50383.0,0.1210839146406901,0.1418400994648359,0.6864304907368123,0.7212702022252904,78.9,64.74
50799.0,0.03437280719858,0.1436888480458403,0.7275137887144676,0.7414115162836027,89.61,74.35
49905.75,0.0019864201097948,0.1498026920374074,0.7037194173384246,0.7237878664825794,97.04,82.46
47716.25,0.0,0.1569328071787664,0.6373568095036063,0.7315845041825713,90.31,77.39
46070.0,0.0,0.1616411697929617,0.5581247348324141,0.7166409485909202,86.07,74.13
43644.25,0.0,0.1616736039785934,0.4820746711921935,0.6701859822951353,82.9,74.82
40902.25,0.0,0.1190226498729661,0.4930349314099844,0.6579225209128563,81.85,73.99
38872.5,0.0,0.1183955889507541,0.3941804553811342,0.6414358807764152,70.59,65.03
38234.75,0.0,0.1339802151467647,0.4212629048225145,0.643791115081621,69.53,66.41
38513.0,0.0,0.1506297637710146,0.4614976665252439,0.6376187769024608,64.4,63.3
39016.5,0.0,0.1591275204065084,0.4721397256399378,0.6459839194347438,63.88,60.8
39474.25,0.0,0.1717282015244067,0.435794088530618,0.6522374725899456,63.62,59.18
39204.5,0.0091014157757873,0.1796421428185307,0.4117168717295997,0.6501258832128645,64.43,59.48
40548.5,0.0696691707598959,0.1788366938753446,0.3452481968604158,0.6609274750263948,60.53,55.79
44048.25,0.1763837866842778,0.1580896264662954,0.3141352001131381,0.6609274750263948,60.88,53.98
48362.75,0.2873189004003797,0.1650900048651278,0.2882901994060246,0.651587752781613,55.38,47.55
50596.75,0.3800357039666487,0.200470295691659,0.2533587894215811,0.668074392918054,32.99,33.56
51959.75,0.4410317001692326,0.2313043948321531,0.2255692264177627,0.6678307479899294,36.96,21.08
51790.25,0.4776592231807487,0.2503270447051192,0.1978503747701881,0.683830098270121,6.06,17.94
49667.75,0.4884632847649316,0.2629871884966755,0.1760359213689718,0.6903272963534476,0.28,17.24
47772.5,0.4699250835844306,0.2730201632520677,0.1990524678263329,0.6883781369284496,-0.9,16.85
46695.0,0.4264869773393321,0.2777014973782367,0.2179323999434309,0.6580037358888979,0.75,16.7
46365.25,0.348469682585545,0.2844153738039894,0.2493635977938056,0.6446032648420369,6.01,23.12
47552.0,0.2490558055062533,0.2869992972593113,0.2959623815584783,0.648257938763908,58.22,49.1
48802.75,0.1331004664217608,0.2730958430185415,0.3464502899165605,0.6746528059774223,74.6,62.25
49032.5,0.0384075618112023,0.2463376398724255,0.3890892377315797,0.6945504751076098,89.36,80.27
49197.25,0.0022701944111941,0.231596302502838,0.4188940743883467,0.718427678063835,95.26,84.18
49198.25,0.0,0.2267960430293529,0.4196011879507849,0.7070575814180134,91.07,81.54
48402.5,0.0,0.2180604356992269,0.3988827605713477,0.6822057987492893,89.41,79.03
45989.0,0.0,0.2057192280663819,0.3571277047093763,0.651181677901405,88.46,77.5
44173.75,0.0,0.1797935023514784,0.332696931127139,0.6427353203930805,78.97,71.52
42587.75,0.0,0.1611060057300394,0.3255904398246358,0.643791115081621,78.05,76.51
42013.25,0.0,0.1427915022433645,0.3056144816857587,0.6456590595305775,78.44,76.22
42474.5,0.0,0.1315692740148116,0.2787795219912318,0.6528059774222367,79.92,69.85
43864.0,0.0,0.1149359424833774,0.255656908499505,0.6452529846503695,79.79,68.52
47425.0,2.063813101085566e-05,0.1054219146980917,0.2512374487342667,0.6753837407617965,87.5,77.63
54883.0,0.0104841705535146,0.101940645440294,0.2668646584641493,0.7352391781044425,105.9,99.16
60001.0,0.0883931151194947,0.0888696686307368,0.3098571630603875,0.6959311297003168,130.79,122.43
63121.0,0.2277056589755231,0.0672036326287907,0.3150898034224296,0.6804190692763745,117.46,115.94
63853.0,0.3646706154290667,0.0616303583977512,0.3061448168575873,0.675464955737838,97.05,96.67
64254.5,0.4561800883312007,0.0674631061138439,0.2771531607976241,0.6656379436368066,81.86,77.14
63873.5,0.5003714863581954,0.0714362938537218,0.222033658605572,0.6529684073743198,81.24,70.44
63315.0,0.522418169810542,0.0731120601113573,0.1716871729599773,0.6619832697149355,77.05,70.1
62027.25,0.521370784661741,0.0736039785934374,0.1400084853627492,0.6459839194347438,73.67,70.1
60315.75,0.4995614397160193,0.0740094059138331,0.120845707820676,0.6891902866888654,74.17,65.04
59545.0,0.4505149213687208,0.0748364776474404,0.1073751944562296,0.6652318687565987,78.48,64.15
58092.5,0.3725801791389772,0.0756365208930212,0.1054306321595248,0.6918703808982376,81.57,68.81
58691.5,0.2685794774425228,0.0771068706416563,0.1077641069155706,0.698611223909689,96.79,82.44
59071.25,0.1440025591282453,0.0767771230877344,0.111405741762127,0.7341021684398603,118.2,102.31
59373.5,0.0425145498823626,0.0778366398183685,0.1090015556498373,0.7885162023877202,164.05,131.16
58496.25,0.0031318363808973,0.0887939888642629,0.0986776976382407,0.8010233086981239,170.96,140.28
56385.0,0.0,0.1048759392399589,0.0823433743459199,0.792658166165841,130.05,117.7
52880.25,0.0,0.1111303313692632,0.0634987979069438,0.7492081539835945,105.77,100.59
49219.25,0.0,0.1087734472133628,0.046068448592844,0.7068139364898888,96.99,92.93
46935.0,0.0,0.0850694632142278,0.0116320181021071,0.6727848615284658,88.32,86.4
45750.75,0.0,0.0791610357316611,0.0123037759864234,0.6530496223503615,86.69,84.89
45429.0,0.0,0.073398562084437,0.0136119360769339,0.6711605620076342,85.95,84.2
45952.75,0.0,0.0726417644196983,0.0242539951916277,0.680337854300333,85.42,82.82
47360.75,0.0,0.0695280825990594,0.0342596521001272,0.7047835620888492,86.35,82.34
50803.75,0.0001341478515705,0.0692848262068219,0.0465280724084287,0.7414115162836027,97.69,89.79
56939.75,0.0135592520741321,0.0699389156170603,0.0728326969311271,0.7824250791846017,121.4,112.18
61421.5,0.1092324679077062,0.0669982161197902,0.0958138877103662,0.7271176805002842,181.26,165.19
63908.25,0.2855130639369299,0.0519757824747283,0.1145877527930985,0.7185088930398765,136.28,134.84
64171.75,0.4631454575473645,0.0422563381804421,0.1424126714750389,0.6752213108097133,98.38,98.27
63213.5,0.5814587030998473,0.044721336288448,0.1916631310988544,0.6405425160399578,82.87,82.74
62913.25,0.6226730507285261,0.0519541596843072,0.2663343232923207,0.623974660927475,77.26,78.96
62639.5,0.597154001733603,0.0606519271311962,0.3598147362466412,0.6353447575732966,77.46,79.49
62277.5,0.5410234449168283,0.0701443321260608,0.4396125017677839,0.6394055063753756,79.38,78.04
60959.75,0.4792793164651009,0.0865722471484945,0.5240065054447745,0.6108178348087387,78.62,78.98
60359.0,0.4099300367358732,0.1008270717336072,0.5608471220478009,0.6215382116462276,80.02,78.04
59262.25,0.3207836298344821,0.1173090437320936,0.6048649413095744,0.6554860716316089,83.02,80.89
59750.75,0.2208641185454245,0.1318611816854965,0.632937349738368,0.6823682287013725,89.97,89.25
61256.5,0.1201036034176745,0.137277690685983,0.6490595389619573,0.6835052383659547,102.4,99.03
60930.5,0.0362302389895571,0.1349424293205038,0.6877386508273229,0.7539186225940063,123.01,112.56
59346.25,0.0026158831056259,0.1331585491107627,0.6960472351859709,0.7399496467148542,125.07,114.56
57255.75,0.0,0.1319584842423914,0.6757884316221185,0.6827743035815804,105.1,101.94
53647.5,0.0,0.1350018919941618,0.6519587045679536,0.7035653374482255,92.73,91.44
50453.5,0.0,0.1370128115033245,0.6347051336444633,0.713960854381548,81.55,80.95
47481.5,0.0,0.1621601167630682,0.6031325130816009,0.6722975716722164,81.8,78.84
46698.25,0.0,0.1710470836261419,0.604617451562721,0.7168033785430034,77.97,74.85
45749.75,0.0,0.1760365425158116,0.6094611794654221,0.7180216031836271,77.16,75.01
46324.75,0.0,0.1877885291096816,0.6032385801159666,0.7182652481117519,74.86,71.77
47443.5,0.0,0.1889831882804475,0.6363314948380709,0.6952814098919841,77.37,72.53
50391.5,0.0003250505634209,0.1830585437050651,0.6626361193607694,0.7048647770648908,81.83,78.88
57038.0,0.0107008709291286,0.1778690740040002,0.6790765096874558,0.715503938926338,101.66,94.93
61384.0,0.0752001898708053,0.1711822260662738,0.658252015273653,0.7269552505482011,128.17,116.01
63917.75,0.1891794279110084,0.1487269582139575,0.6193961250176778,0.7345082433200683,107.07,113.72
64964.5,0.2985305650720271,0.1444024001297367,0.5601046528072409,0.6702671972711768,91.81,92.92
65458.75,0.3702893465967722,0.1547164711606032,0.5203648705982181,0.6948753350117761,90.74,83.98
65671.75,0.414098939200066,0.1627493378020433,0.4665888841747985,0.6915455209940713,88.35,83.97
64145.25,0.4413825483964172,0.1675874371587653,0.4172323575166172,0.6493949484284902,82.6,81.4
63078.25,0.4516809757708342,0.1721768744256446,0.3856597369537548,0.6455778445545358,80.09,73.16
62152.0,0.4357019028356792,0.1814260230282718,0.3730377598642342,0.657191586128482,76.53,69.4
61574.0,0.4040636479960375,0.1852424455375966,0.3667798048366568,0.6376999918785023,80.71,70.28
60473.5,0.3418293639328022,0.1884155900318936,0.3827252156696365,0.6424916754649558,81.12,70.59
60304.5,0.2501083501878069,0.188345315963025,0.3907863102814312,0.670998132055551,86.6,82.45
60515.0,0.1398646138605687,0.1807827450132439,0.3871446754348748,0.6816372939169983,101.54,91.36
60234.75,0.0442326742890163,0.168873993188821,0.3791896478574459,0.6999918785023959,135.2,111.66
59073.75,0.0029409336690469,0.1660792475268933,0.3641281289775138,0.712986274669049,143.44,122.56
57050.25,0.0,0.1703983999135088,0.3379295714891812,0.6831803784617884,121.16,112.27
53528.0,0.0,0.1732742310395156,0.3057205487201244,0.6928449606107366,105.31,100.19
49966.5,0.0,0.1725498675604086,0.2726983453542639,0.6389182165191262,90.21,87.93
46979.5,0.0,0.1781069246986323,0.2248974685334464,0.6528871923982782,83.5,82.65
45541.75,0.0,0.1716741445483539,0.1907792391458068,0.621456996670186,80.0,79.58
45077.5,0.0,0.1681334126168982,0.1803846697779663,0.6327458783399659,77.37,77.2
45782.75,0.0,0.1694469971349802,0.1877386508273228,0.6419231706326647,76.05,75.05
46739.75,0.0,0.163684523487756,0.1765662565408004,0.629416064322261,75.24,73.97
49719.75,0.0002063813101085,0.1580896264662954,0.1534082873709517,0.6627142044993096,84.02,82.33
56234.5,0.0105099682172782,0.149462133088275,0.130639230660444,0.7250873060992447,102.44,96.35
61023.75,0.070515334131341,0.1384885669495648,0.0936925470230519,0.7268740355721595,129.05,119.1
63717.75,0.1698466586865893,0.1196659278879939,0.0762975533870739,0.6954438398440672,112.71,108.22
64186.75,0.2723356172864985,0.1088977782582842,0.0621906378164333,0.6644197189961829,92.1,91.8
64756.5,0.369247120980724,0.1076382507162549,0.0586904256823645,0.6439535450337042,80.01,80.66
65778.0,0.4379256614520989,0.1120601113573706,0.057382265591854,0.6425728904409973,78.2,78.43
65034.0,0.481946794898254,0.1221201146007892,0.0576297553387073,0.6563794363680663,73.92,74.71
63641.25,0.4926476658273827,0.1361641169792961,0.0626149059538962,0.631771298627467,68.67,69.01
61835.25,0.475977215503364,0.1532082815287312,0.0822019516334323,0.663039064403476,66.41,66.77
60122.25,0.4327867668303958,0.1544029406994972,0.0953896195729034,0.7048647770648908,69.32,69.13
58257.25,0.3557085070376026,0.1473485053246121,0.1080823080186677,0.6562170064159831,72.81,71.84
58705.0,0.2550924588269286,0.1336558732904481,0.1155777117805119,0.6844798180784537,79.88,79.08
59521.75,0.1404528005943781,0.1111411427644737,0.1239570074954037,0.6677495330138877,95.17,95.47
59785.25,0.0455225574771948,0.0877128493432077,0.141599490878235,0.7106310403638431,141.09,119.64
58190.5,0.0038799686300408,0.0851775771663333,0.1653585065761561,0.7587915211565013,152.29,130.01
56165.25,0.0,0.1079463754797556,0.1897539244802715,0.6829367335336636,113.71,107.7
53138.75,0.0,0.1412995297043083,0.2047093763258379,0.6321773735076748,91.35,89.57
49471.0,0.0,0.1735769501054111,0.2023405458916702,0.6287663445139283,79.74,79.2
46897.5,0.0,0.2459322125520298,0.2691981332201951,0.6168277430358158,79.87,79.66
45252.25,0.0,0.2739445375425698,0.2101895064347334,0.6290099894420531,74.0,74.85
44732.75,0.0,0.289734580247581,0.1858294442087399,0.6364005522618371,74.7,74.24
45105.75,0.0,0.2886264122384994,0.1560246075519728,0.6613335499066028,74.07,74.74
46455.5,0.0,0.2813070976809557,0.1299674727761278,0.6771704702347113,77.1,77.43
49603.75,0.0002063813101085,0.2744851073030974,0.0919601187950785,0.6607650450743117,83.69,81.59
55919.5,0.0174289016386676,0.266425212173631,0.0690496393720831,0.6741655161211727,93.5,94.68
60376.5,0.1110744211004251,0.2415157576085193,0.0930915004949795,0.6858604726711606,104.06,103.34
63313.75,0.2607215090601395,0.1816422509324828,0.0960260217790977,0.6594656054576464,96.06,95.7
64248.0,0.4034341850002064,0.1404940807611222,0.0901569792108612,0.649638593356615,81.08,80.85
63081.0,0.5091375325050563,0.1487053354235364,0.0894145099703012,0.6473645740274506,77.81,76.28
62530.0,0.5600002063813101,0.1775231093572625,0.0925258096450289,0.6744903760253391,72.95,72.37
61786.5,0.5640298014611796,0.2012757446348451,0.1033446471503323,0.6685616827743036,70.35,69.83
60427.5,0.5422926899739959,0.2062922320125412,0.1132088813463442,0.6292536343701779,68.74,68.27
58718.5,0.5014807859000289,0.196416022487702,0.1335383962664404,0.6800942093722082,65.37,65.43
57846.25,0.4522278862426219,0.1745986269528082,0.1423773157969169,0.6986924388857305,69.92,70.2
57102.0,0.3773475874024848,0.1433861289799448,0.1418116249469664,0.6835864533419963,71.7,72.14
56839.0,0.2720982787798737,0.1080058381534136,0.1265379719983029,0.6645821489482661,80.46,79.55
56904.75,0.1536405663103149,0.0732958538299367,0.1032032244378447,0.6786323398034597,94.78,91.82
56281.75,0.0490413588145457,0.0511919563219633,0.0798331211992646,0.6977990741492731,131.9,121.44
55094.5,0.003281462830726,0.0497270122709335,0.0604935652665818,0.6961747746284415,141.58,126.91
52961.5,0.0,0.0607600410833018,0.0456441804553811,0.6917891659221961,110.0,105.3
49691.75,0.0,0.0763662900697335,0.0376891528779522,0.6670185982295135,92.71,88.48
46304.75,0.0,0.0882155792204984,0.0331282704002262,0.6903272963534476,88.26,85.87
43466.25,0.0,0.0734688361533055,0.012834111158252,0.6275481198733046,90.29,86.37
41601.0,0.0,0.0723012054705659,0.0132583792957148,0.6415983107284984,88.9,81.88
40510.0,0.0,0.0733228823179631,0.01205628623957,0.646714854219118,86.59,79.39
40012.75,0.0,0.0777663657494999,0.0096521001272804,0.6427353203930805,89.03,76.92
40331.75,0.0,0.0832044975404076,0.007530759439966,0.651587752781613,87.69,75.37
40826.5,7.739299129070872e-05,0.0965781934158603,0.0065761561306745,0.6598716803378543,85.68,76.3
42055.25,0.0221447145746481,0.1211579004270501,0.0066115118087964,0.6614959798586859,86.08,76.3
44749.0,0.1366553844883807,0.1384939726471701,0.0080257389336727,0.6891090717128239,79.04,73.42
47835.5,0.3217794196557559,0.1283528839396724,0.0173242822797341,0.6843986031024121,68.65,65.25
50201.0,0.5033588558220168,0.1043083409914049,0.0357445905812473,0.662470559571185,59.07,58.05
50833.5,0.6528666363974078,0.0972430942213092,0.066433319191062,0.6452529846503695,36.02,38.11
50924.25,0.7454854088413754,0.1220120006486837,0.1081176636967897,0.6433038252253716,8.43,19.39
50066.5,0.7888409625624303,0.1544083463971025,0.1587469947673596,0.6452529846503695,0.03,16.51
48908.25,0.7824689396128287,0.178198821557922,0.2101187950784896,0.6593843904816048,-0.06,16.65
46793.0,0.728123581128493,0.2045407859884318,0.2615966624239852,0.6341265329326727,0.0,13.59
46127.5,0.6426662401452924,0.203232607167955,0.2748196860415783,0.6547551368472346,0.0,11.13
46018.0,0.5218557807404961,0.1919130763825071,0.2789916560599632,0.6517501827336961,19.95,26.19
47895.0,0.3669717670367771,0.1765987350667603,0.2872648847404893,0.6796069195159588,62.18,57.51
48929.0,0.1910574978329962,0.1602248770203795,0.3042709659171262,0.6877284171201169,86.18,77.16
49037.75,0.0538603624055805,0.1675063516946862,0.327040022627634,0.7059205717534314,119.9,98.43
48646.5,0.0039986378833532,0.2148224228336666,0.3369749681798897,0.7044587021846829,112.27,95.54
48264.75,0.0,0.2864425104059679,0.3395912883609107,0.6762771054982539,85.0,80.4
46418.75,0.0,0.3512622303908319,0.3586479988686183,0.6330707382441322,75.9,73.94
43617.25,0.0,0.3924752689334558,0.3955239711497667,0.6252741005441403,65.23,65.63
39755.75,0.0,0.4024109411319531,0.3779875548013011,0.6183708275806059,56.39,57.35
39005.25,0.0,0.4091626574409427,0.396160373355961,0.6090311053358239,46.14,48.02
37707.5,0.0,0.408324774312125,0.5096874558054023,0.6117111995451961,39.6,43.43
35989.75,0.0,0.3886804692145521,0.6123603450714185,0.6195890522212296,31.55,34.48
36572.5,0.0,0.3824639169684848,0.6568377881487767,0.6080565256233249,27.6,29.16
37112.5,8.255252404342263e-05,0.40176225741932,0.5821312402771885,0.6161780232274832,26.05,27.99
37712.0,0.0216081231683658,0.4317098221525487,0.4563357375194456,0.6039145618452042,9.92,14.69
40235.75,0.1145416271102489,0.407286880371912,0.603874982322161,0.6100869000243645,0.1,2.81
43372.0,0.2613922483179923,0.3494459159954592,0.5982180738226559,0.6275481198733046,-0.07,-0.16
46601.0,0.4169418417468114,0.2996972809341045,0.6356950926318767,0.6169901729878989,-1.02,-0.84
47948.25,0.556486564576712,0.2889994053732634,0.6451350586904256,0.6201575570535207,-16.63,-8.35
49212.75,0.6574689396128287,0.3003567760419482,0.4972422571064913,0.5776821245837732,-36.72,-19.5
49456.75,0.7018460808189211,0.3097789069679442,0.4705840758025739,0.5589214651181678,-60.05,-33.11
46785.25,0.6956752796466752,0.3160927617709065,0.4385164757460048,0.5539673515796313,-60.09,-30.99
45391.25,0.6351023651298139,0.3437645278123142,0.4419813322019516,0.5397547307723545,-65.06,-37.07
45413.25,0.5398419119164568,0.3618736147899886,0.4348041295432046,0.568992122147324,-52.43,-28.44
44627.0,0.4100332273909274,0.3914698091788745,0.5210012728044124,0.5866969869243889,-23.45,-9.82
46121.5,0.2697868081066578,0.4075463538569652,0.601576863244237,0.628441484609762,-0.02,7.81
48525.75,0.1406282247079704,0.4037191199524299,0.8147008909630886,0.651181677901405,25.38,34.69
48655.5,0.0462861683245965,0.3938537218228012,0.8791896478574459,0.6614959798586859,69.36,65.15
48876.75,0.0046745366739588,0.3884480242175253,0.9028425965210012,0.6536181271826524,77.45,74.22
48584.25,0.0,0.3760905994918644,0.8996605854900297,0.6576788759847316,78.56,76.64
47294.75,0.0,0.3506243580734093,0.8940743883467684,0.6627142044993096,72.21,68.72
44079.75,0.0,0.3168765879236715,0.8660019799179748,0.6550799967514009,66.94,62.59
41436.25,0.0,0.2620682199037786,0.7141846980625088,0.6384309266628766,63.15,56.83
39825.0,0.0,0.2142386074922968,0.6526304624522699,0.6286039145618452,60.05,56.49
39063.75,0.0,0.1841991458997783,0.6416348465563569,0.65759766100869,58.93,57.27
39567.5,0.0,0.1574679712416887,0.6781926177344082,0.6560545764639,62.46,59.47
41289.75,0.0,0.1260987080382723,0.6103097157403479,0.6586534556972305,76.82,64.08
45183.75,0.0003198910306682,0.103643440185956,0.5352496110875407,0.6757086006659628,85.18,77.13
52599.0,0.0224130102777892,0.095124060760041,0.5029698769622402,0.6990172987898968,102.38,89.25
57554.25,0.1149337515994551,0.0824531055732742,0.4716447461462311,0.7466904897263056,117.95,109.75
60467.0,0.2712469558756759,0.0603167738796691,0.4457643897609956,0.712580199788841,100.69,99.33
60526.0,0.4485027035951624,0.0438834531596302,0.4194244095601753,0.6917891659221961,75.17,74.12
59712.25,0.608246997151938,0.0431699010757338,0.3805685193042002,0.6766019654024202,59.21,57.18
58890.0,0.71804185412969,0.0512784474836477,0.3252722387215386,0.6266547551368472,36.46,41.21
57677.0,0.7702047302596277,0.060646521433591,0.2597581671616462,0.6108178348087387,36.18,37.79
56757.75,0.7681151194947785,0.0656954429969187,0.1856173101400084,0.6083001705514497,35.59,33.88
55453.5,0.712361208568952,0.0657765284609979,0.1230377598642342,0.6208072768618533,33.63,34.21
55135.75,0.623142568209023,0.0600302719065895,0.0747065478715881,0.6053764314139527,35.57,41.56
54524.25,0.5003663268254427,0.0549218876696037,0.05359920803281,0.6360756923576708,47.68,53.52
55079.5,0.3485006397820613,0.0552462295259203,0.0620845707820676,0.6610086900024364,85.75,75.08
55939.25,0.1820489536467577,0.0608303151521703,0.0984655635695092,0.6766019654024202,104.73,90.56
56344.75,0.0561305568167746,0.0808313962916914,0.1575449017112148,0.703646552424267,180.04,139.42
55487.0,0.0043082098485161,0.1218606411157359,0.2217154575024749,0.7169658084950865,204.57,160.46
53968.75,5.159532752713915e-06,0.173047191740094,0.277188516475746,0.6894339316169902,108.55,102.43
50593.5,0.0,0.2176441969836207,0.3252722387215386,0.6559733614878583,87.29,84.2
46692.75,0.0,0.2401805503000162,0.3660726912742186,0.6439535450337042,81.15,76.28
43765.75,0.0,0.2721876858208552,0.3655777117805119,0.6483391537399497,73.76,72.63
42185.5,0.0,0.2644305097572841,0.427096591712629,0.625923820352473,66.77,66.12
41585.75,0.0,0.2443050975728417,0.4826403620421439,0.642248030536831,70.41,67.49
42015.0,0.0,0.2226769014541326,0.5149200961674445,0.6524811175180704,70.0,67.61
43595.25,0.0,0.2030704362397967,0.5508414651393013,0.6458214894826606,70.0,64.24
47199.75,0.0001909027118504,0.1888102059570787,0.6088954886154716,0.6533744822545278,78.77,69.8
53837.5,0.0272990877946093,0.1801070328125844,0.6167090934804129,0.672541216600341,94.95,84.77
58433.5,0.1458032360589425,0.1555381371966052,0.5934097015980766,0.7575732965158776,101.95,93.47
61281.0,0.3364015354769472,0.1119411860100546,0.5779239145806817,0.6978802891253147,88.46,84.8
60314.0,0.5384797952697403,0.0751932536893886,0.5507707537830575,0.6613335499066028,77.0,70.15
59055.75,0.7083780492838568,0.0649818909130223,0.5152382972705416,0.6547551368472346,62.06,54.36
59162.5,0.8205720889916209,0.072360668144224,0.4597652382972705,0.6480142938357834,47.1,39.69
58341.0,0.8781989103066826,0.0878912373641818,0.4121411398670626,0.611548769593113,28.05,26.98
57438.25,0.881728030709539,0.1056597653927239,0.3812402771885165,0.6176398927962317,11.3,15.12
56047.75,0.8277747967144096,0.1284934320774096,0.3623249893932965,0.6184520425566474,10.0,14.26
55281.75,0.7273444916828332,0.1410346505216498,0.3644463300806109,0.683830098270121,19.14,22.93
54705.25,0.5781669212036158,0.1480890858965349,0.3769268844576439,0.6744903760253391,45.84,45.02
56093.5,0.3991620918809592,0.1490945456511162,0.4109390468109178,0.7155851539023796,66.95,60.1
56126.25,0.2102303215420811,0.1493540191361695,0.4648918116249469,0.7381629172419394,86.2,76.05
56117.25,0.063591241177199,0.1699929725931131,0.5220265874699477,0.7959067652075043,122.01,86.88
54659.25,0.0050099063028852,0.2137304719174009,0.5550487908358083,0.7440103955169334,132.41,91.38
53322.5,5.159532752713915e-06,0.2618790204875939,0.5633573751944563,0.7013725330951027,88.37,78.54
49583.5,0.0,0.299491864425104,0.5556144816857588,0.6721351417201332,77.97,68.91
45796.0,0.0,0.3164981890913022,0.5361335030405883,0.6480955088118249,75.69,67.35
39889.25,0.0,0.2989350775717606,0.4279804836656767,0.6967432794607326,66.81,54.35
37327.5,0.0,0.287345261906049,0.4013223023617593,0.666937383253472,55.09,52.42
35866.0,0.0,0.2743445591653602,0.3708103521425541,0.6849671079347032,50.31,49.08
35312.75,0.0,0.2725228390723823,0.345177485504172,0.6604401851701454,43.99,46.6
35052.5,0.0,0.277728525866263,0.3405458916702022,0.6420856005847478,47.81,45.9
34752.5,0.0002940933669046,0.2843234769446997,0.3443289492292462,0.6731097214326321,44.69,45.59
34688.25,0.0328713831675403,0.2938807503108276,0.3424197426106632,0.654673921871193,42.48,45.34
37753.75,0.1626903867585751,0.2735228931293583,0.3857658039881205,0.7268740355721595,28.08,36.91
41224.25,0.3638812069179015,0.2216119790258933,0.4442440956017536,0.7185901080159182,8.45,19.94
44281.75,0.5651133033392496,0.1769284826206822,0.5073893367274784,0.6938195403232356,0.01,4.69
44408.75,0.7310129194700128,0.1853829936753338,0.5027930985716306,0.6830991634857467,-0.97,1.29
44784.75,0.8345492632187229,0.214633223417482,0.4311978503747702,0.5777633395598148,-40.05,-16.72
43362.0,0.8769193461840096,0.2261419536191145,0.4398599915146372,0.5397547307723545,-91.9,-35.93
41513.25,0.8723686382961159,0.2035515433266663,0.4581388771036628,0.5519369771785917,-120.0,-49.76
40227.0,0.8117131712552111,0.2491864425104059,0.5067882901994061,0.540810525460895,-120.07,-52.52
40074.0,0.7123096132414248,0.2895237580409752,0.5281784754631594,0.5845853975473078,-79.98,-32.29
40875.75,0.5685443926198044,0.3577977187956105,0.616320181021072,0.591326240558759,-30.01,-9.72
42945.25,0.3939870805299872,0.4221038975079734,0.638983170697214,0.6401364411597499,-1.14,4.2
44934.75,0.2088372476988484,0.4397751229796205,0.7693749116108047,0.6714854219118005,15.32,29.09
44859.0,0.0664599413877079,0.4547489053462349,0.7717790977230943,0.6909770161617802,50.4,54.73
45129.5,0.0068209022990877,0.5009135628952917,0.7687031537264885,0.6705920571753431,50.0,56.84
44920.75,0.0001031906550542,0.5464565652197416,0.7738650827322868,0.6690489726305531,34.01,46.79
43175.75,0.0,0.5607762581761176,0.7748196860415782,0.6593031755055633,29.92,41.62
40289.5,0.0,0.5598897237688524,0.788891245934097,0.6413546658003736,22.0,33.43
39533.5,0.0,0.4909778906967944,0.8117310140008486,0.6229188662389344,14.56,26.75
38189.25,0.0,0.4592788799394562,0.8414651393013718,0.6152034435149841,10.94,21.02
37472.5,0.0,0.4433807232823396,0.8450007071135625,0.6095183951920734,10.0,18.61
37758.75,0.0,0.4376452781231418,0.8516475746004808,0.6190205473889385,7.8,16.93
39257.0,0.0,0.4427212281744959,0.8249186819403196,0.6194266222691465,10.63,18.43
42901.0,0.0004849960787551,0.4523974268879399,0.8068165747419036,0.6307967189149679,32.06,32.17
50603.25,0.0326030874643992,0.4457322017406346,0.7635058690425682,0.6843173881263706,72.72,53.0
55738.5,0.1491001774879267,0.3956376020325423,0.7193466270683072,0.6689677576545114,78.28,61.64
58927.5,0.326737730631114,0.3356613871020055,0.7136190072125583,0.6655567286607651,62.9,58.94
60174.25,0.5046951748049696,0.3072220120006487,0.7025526799604016,0.6673434581336799,31.45,33.62
61204.5,0.6523145663928674,0.3222174171576842,0.7084924338848819,0.6799317794201251,5.1,11.06
60562.75,0.7420027242332934,0.3439807557165252,0.7178263329090652,0.6558109315357752,-0.08,6.14
59064.75,0.7712727535394395,0.3658684253202875,0.717119219346627,0.6499634532607813,-1.73,5.61
57840.25,0.7455576422999133,0.3876750094599708,0.7046033092914722,0.6215382116462276,-4.19,2.3
57107.0,0.6652237173401577,0.4150927077139305,0.7079620987130533,0.594818484528547,-0.05,4.7
56341.5,0.5633797003343377,0.4332072003892102,0.7137250742469241,0.5931941850077154,-1.39,5.11
56730.75,0.4387202294960168,0.4415752202821774,0.726594541083298,0.6361569073337123,4.04,12.0
57594.0,0.2970807363685144,0.4419319963241256,0.7509192476311696,0.6464712092909932,55.16,44.25
58299.25,0.1604872662731663,0.4304557003081247,0.7841889407438835,0.6866726224315763,81.22,55.04
57905.0,0.0535507904404177,0.4207903129898913,0.7944774430773582,0.7202956225127913,87.96,62.37
55456.0,0.0052988401370371,0.438061516838748,0.8200749540376184,0.7038901973523918,85.14,65.93
53742.75,4.6435794774425226e-05,0.4656576031136818,0.8263682647433178,0.7109559002680094,82.31,64.85
49815.0,0.0,0.4762149305367857,0.8140291330787724,0.6658815885649314,78.21,59.34
46070.25,0.0,0.4735661387102005,0.815690849950502,0.6577600909607731,71.02,53.68
44695.0,0.0,0.433850478404238,0.7892094470371942,0.6921952408024039,61.9,49.59
43734.0,0.0,0.4137088491269798,0.7625159100551548,0.6683992528222205,59.14,48.92
42291.0,0.0,0.3953456943618574,0.7839060953189082,0.669455047510761,57.95,47.37
42375.5,0.0,0.3666576571706578,0.7890680243247066,0.6567042962722326,58.5,46.2
43473.25,0.0,0.3614195361911455,0.7753500212134069,0.670998132055551,59.14,43.61
46054.0,0.0009596730920047,0.3527109573490459,0.7631523122613492,0.6757898156420044,69.17,47.46
52193.25,0.0220776406488628,0.3318719930807071,0.723553952764814,0.6906521562576139,83.76,55.56
57144.25,0.0962459239691253,0.2969349694578085,0.7206194314806958,0.7286607650450743,85.47,62.59
60253.0,0.1993127502373385,0.2683226120330829,0.7072549851506151,0.7069763664419719,92.31,63.87
61447.25,0.2900018574317909,0.2604356992269852,0.6755055861971433,0.7279298302607001,88.25,60.56
62195.25,0.3642630123416023,0.2706146278177199,0.6304624522698346,0.6602777552180622,77.95,52.94
62924.0,0.4160182853840756,0.2843180712470944,0.5649837363880639,0.7035653374482255,72.58,48.44
62936.75,0.439473521277913,0.2912373641818476,0.5020859850091924,0.6571103711524405,64.11,43.89
61441.5,0.4381423618277129,0.28932374722958,0.4468604157827747,0.6678307479899294,59.33,41.86
59067.5,0.4095379122466669,0.2923401264933239,0.4424409560175364,0.6487452286201576,60.05,41.65
58165.25,0.3618173938168159,0.2760851937942591,0.4440319615330222,0.6396491513035004,64.69,42.37
57306.0,0.289712923597639,0.2578571814692686,0.4689930702870881,0.6707544871274262,72.29,46.75
57366.0,0.2031359640070995,0.2389480512460133,0.5034648564559469,0.6720539267440916,79.55,54.93
57322.25,0.1157231601106203,0.2149954051570355,0.5224508556074106,0.7171282384471697,88.89,70.4
56179.0,0.0428602385767944,0.188031785501919,0.5296634139442794,0.7570047916835865,105.49,84.15
54001.5,0.0052162876129937,0.1650900048651278,0.5348960543063216,0.8084950864939495,119.94,92.83
51722.75,0.0003302100961736,0.1446510622195794,0.5438410408711639,0.7892471371720945,107.95,92.17
48327.25,0.0,0.1319476728471809,0.5478362324989393,0.7452286201575571,93.46,77.81
44938.75,0.0,0.1219092923941834,0.5286027436006222,0.7299602046617396,85.56,70.41
42154.5,0.0,0.0934428888048002,0.3158322726629897,0.6998294485503127,90.8,74.99
40311.5,0.0,0.0872587707443645,0.3081954461886579,0.6936571103711524,87.79,68.74
38649.75,0.0,0.0816909022109303,0.2851435440531749,0.6532120523024446,86.26,66.04
38685.75,0.0,0.0754527271744418,0.2607834818271814,0.6438723300576626,87.72,66.29
39019.0,0.0,0.0693983458565327,0.2323221609390468,0.6428165353691221,90.64,70.39
39653.25,0.0005985057993148,0.0621060597870155,0.2176141988403337,0.6519938276618208,98.34,74.93
40834.25,0.0259834069426672,0.0507324720255148,0.1990524678263329,0.6438723300576626,94.19,73.49
43704.0,0.1188343583605068,0.0424131034109951,0.1774147928157262,0.6866726224315763,90.02,72.76
46825.0,0.2595606141907788,0.0298178279907022,0.1705557912600763,0.7392187119304799,78.48,66.36
49292.75,0.3936413918355553,0.0198929671874155,0.1635553669919389,0.6781450499472103,62.38,58.39
50006.0,0.4846658686589342,0.0188334504567814,0.1450997030123037,0.6464712092909932,41.17,43.1
50240.0,0.5297498658521484,0.0234823503973187,0.1169565832272663,0.6420856005847478,31.18,31.96
50263.25,0.5448157014900731,0.0301962268230715,0.0904044689577146,0.6440347600097458,24.93,24.66
48624.0,0.5368906591819045,0.0358397751229796,0.0655494272380144,0.7013725330951027,14.53,15.87
46824.0,0.5103758203657077,0.0394183469376723,0.0549073681233206,0.668074392918054,13.34,18.15
46535.25,0.4720353324802905,0.0424131034109951,0.0420732569650685,0.6577600909607731,26.03,31.34
45984.25,0.3956794072728773,0.0446078166387372,0.0396690708527789,0.662470559571185,63.62,52.14
46897.0,0.2817362859619433,0.0446132223363425,0.0512303775986423,0.7102249654836352,79.36,72.37
48659.5,0.1545022082800181,0.0418184766744148,0.0642059114693819,0.7568423617315033,98.01,84.33
48489.0,0.0513579890205143,0.0435807340937347,0.0715598925187385,0.7245188012669537,121.92,100.16
46967.75,0.0045042720931192,0.0567922590410292,0.0731862537123462,0.731259644278405,135.4,109.11
45594.75,0.0002270194411194,0.0790475160819503,0.078171404327535,0.7049459920409323,113.56,92.59
43769.25,0.0,0.1080004324558084,0.0899802008202517,0.6687241127263868,90.26,79.51
41421.75,0.0,0.1402292015784637,0.1122189223589308,0.6255989604483067,83.6,76.97
38732.25,0.0,0.2129304286718201,0.092490453966907,0.64322261024933,90.58,82.19
36377.25,0.0,0.2292177955565165,0.1243459199547447,0.6147973686347763,84.82,76.19
35110.25,0.0,0.243310449213471,0.1528779521991231,0.6126045642816536,83.52,75.58
34807.75,0.0,0.2512730417860425,0.1732428227973412,0.6324210184357996,80.49,72.28
34929.0,0.0,0.2622466079247527,0.1809503606279168,0.6289287744660116,74.74,69.11
35308.5,0.0003508482271845,0.2714687280393534,0.1819756752934521,0.5892146511816779,71.13,67.95
36341.25,0.0232694927147397,0.2836747932320666,0.2259581388771036,0.5860472671160561,62.16,62.8
38765.75,0.0920770215049325,0.285328936699281,0.3182364587752793,0.5891334362056363,55.08,54.12
42489.0,0.1867802451809964,0.2874479701605492,0.3808867204072974,0.6017217574920816,41.33,40.67
45474.5,0.290290791265943,0.2962376344667279,0.4163484655635695,0.5823113782181434,26.12,25.3
47272.75,0.3864644817765303,0.3069895670036218,0.435794088530618,0.5580281003817104,8.85,9.63
49836.5,0.4601580880835431,0.3155305692199578,0.3754419459765238,0.5624949240639974,0.44,2.01
50053.5,0.5137140380567136,0.3338450727066328,0.3495615895912883,0.5623324941119142,0.0,1.21
47331.5,0.5392227679861312,0.3434185631655765,0.3317423278178475,0.5585966052140015,-0.04,0.17
44963.25,0.5348784414083461,0.3366992810422185,0.3720124451986989,0.5591651100462925,-0.97,1.24
44018.25,0.5032040698394353,0.328542083355857,0.3716588884174798,0.5343133273775684,-0.1,5.74
44534.25,0.4294691872704008,0.3252013622357965,0.3515061518879932,0.6074880207910338,0.0,9.58
46047.0,0.3231518553679778,0.3157738256121952,0.301336444633008,0.606675871030618,32.0,36.96
47798.5,0.1860940273248854,0.2860641115735985,0.2366001979917975,0.6365629822139203,86.5,78.41
48325.75,0.0653867585751434,0.2504675928428563,0.1946330080610946,0.6770080402826281,96.24,87.79
47601.75,0.0071562719280141,0.2235580301637926,0.1629189647857445,0.6567855112482742,111.92,99.01
47079.75,0.0001702645808395,0.2054111033028812,0.1420944703719417,0.6608462600503533,107.53,96.46
45562.0,0.0,0.187464187253365,0.1339626644039032,0.6757086006659628,98.74,84.39
42772.5,0.0,0.1711173576950105,0.1327252156696365,0.6786323398034597,88.67,76.44
40504.25,0.0,0.1510081626033839,0.1115118087964927,0.6693738325347194,82.86,74.96
39771.25,0.0,0.1397102546083572,0.0982534295007778,0.6589783156013969,79.59,70.5
39310.75,0.0,0.1371641710362722,0.1024961108754066,0.6230000812149761,80.41,70.4
39475.0,0.0,0.123644521325477,0.0975816716164616,0.6390806464712093,79.95,70.38
40830.25,0.0,0.1083301800097302,0.0846768491019657,0.654105417038902,81.69,68.89
44374.25,0.0011299376728443,0.1024595924104005,0.0783481827181445,0.6705920571753431,88.78,76.84
51871.0,0.025374582077847,0.0912265527866371,0.0761914863527082,0.6891902866888654,107.09,96.05
57234.0,0.1018698146695835,0.0807611222228228,0.0763329090651958,0.6825306586534557,130.26,114.87
61031.25,0.2099104305114129,0.068836153305584,0.0814241267147503,0.6672622431576383,101.35,97.48
61920.25,0.3201799645024146,0.0609168063138548,0.0715598925187385,0.6670185982295135,89.0,86.22
61754.5,0.4121279976885293,0.0589545380831396,0.0698981756470089,0.669455047510761,81.11,74.89
62676.75,0.468583605068725,0.0593599654035353,0.0730801866779804,0.6683180378461788,76.23,67.48
62490.0,0.4857442110042514,0.0593653711011406,0.0846414934238438,0.6908958011857387,76.26,68.52
61846.75,0.4631867338093862,0.0616627925833828,0.0988191203507283,0.678388694875335,74.71,66.21
60967.5,0.412963841994469,0.0714092653656954,0.1116532315089803,0.6799317794201251,74.89,65.25
59908.5,0.3524631609361456,0.0794853775879777,0.1057134775845,0.6467960691951596,81.11,70.96
58587.5,0.277520947702976,0.0904102924482404,0.0951067741479281,0.7020222529034353,81.62,75.68
58317.5,0.1951696454369092,0.1007243634791069,0.0874345919954744,0.7361325428408999,93.36,84.26
58302.5,0.1102592149254963,0.1075301367641494,0.082308018667798,0.7672378786648258,108.37,98.96
57662.5,0.0417870557642299,0.1158657224714849,0.0781006929712911,0.7728417120116949,136.65,122.55
56400.5,0.0065835637924629,0.1280988161522244,0.0792674303493141,0.7554617071387963,143.99,129.79
54797.0,0.0003147314979155,0.1370722741769825,0.1017536416348465,0.7443352554210997,107.98,105.72
51761.25,0.0,0.1420509216714417,0.1342101541507566,0.7167221635669617,94.58,90.16
47789.25,0.0,0.1421590356235472,0.1427662282562579,0.6790384146836677,84.42,75.65
44950.75,0.0,0.1686307367965836,0.1587823504454815,0.7012101031430196,81.73,77.44
44111.25,0.0,0.1650089194010487,0.1679041154009334,0.7093316007471778,79.17,75.52
43177.5,0.0,0.1645926806854424,0.1659595531042285,0.6852919678388695,77.23,74.17
43011.75,0.0,0.1551489269690253,0.1389831706972139,0.698611223909689,79.99,75.27
43623.25,0.0,0.1451862262825017,0.1120774996464432,0.698205149029481,80.08,75.28
46978.25,0.0006758987906055,0.1354019136169522,0.1057488332626219,0.6837488832940795,82.06,76.95
54061.0,0.0217887068147108,0.1309800529758365,0.096662423985292,0.7558677820190043,98.84,93.85
58998.75,0.0851735666818013,0.1193307746364668,0.0883184839485221,0.7849427434418906,121.7,115.88
61913.0,0.1749236389152598,0.1004757013892642,0.0769339555932682,0.7522131080971332,112.66,112.12
62422.75,0.2651277500309572,0.0905940861668198,0.0639230660444067,0.7342645983919435,91.75,91.44
62802.5,0.3441408346060181,0.0903400183793718,0.0552255692264177,0.7181028181596686,85.21,82.47
63176.75,0.3979960374788459,0.0946429536731715,0.049073681233206,0.7119304799805084,81.08,73.51
62407.25,0.4303050315763404,0.1029947564733228,0.0479069438551831,0.7078697311784293,74.73,64.43
61805.25,0.4338960663722293,0.1138872371479539,0.0469169848677697,0.7367010476731909,70.43,59.61
60508.0,0.4164310480042927,0.1251418995621385,0.0480837222457926,0.7216762771054982,65.53,54.87
59537.5,0.3791276262021711,0.131871993080707,0.041896478574459,0.7449849752294323,74.05,57.01
58802.0,0.3172441903661204,0.135201902805557,0.0364163484655635,0.7119304799805084,83.12,68.61
58841.0,0.2329993395798076,0.1345045678144764,0.0331636260783481,0.7287419800211159,90.82,76.23
58509.75,0.1379710653403227,0.1308286934428888,0.0322443784471786,0.744254040445058,105.86,95.93
58016.5,0.0536849382919882,0.130207038218282,0.0339060953189082,0.7826687241127264,133.85,115.88
56283.75,0.0079921162339538,0.1412725012162819,0.0380427096591712,0.8058962072606188,151.05,127.24
54473.0,0.0002889338341519,0.155965187307422,0.0411893650120209,0.7479899293429708,122.04,111.42
51148.0,0.0,0.1635493810476242,0.0459270258803563,0.7077885162023877,101.7,93.1
47330.25,0.0,0.1618952375804097,0.0498868618300099,0.6981239340534394,88.22,78.52
44338.75,0.0,0.1158062597978269,0.0115966624239852,0.7094128157232193,83.97,76.12
42770.5,0.0,0.109578896156549,0.0118087964927167,0.7128238447169658,80.84,72.9
42152.25,0.0,0.1041786042488783,0.0110309715740347,0.7098188906034273,80.88,72.79
42488.25,0.0,0.0933942375263527,0.0083792957148918,0.6875659871680337,82.47,72.28
43288.5,0.0,0.0850802746094383,0.0096874558054023,0.7079509461544709,82.48,70.98
46341.75,0.000918396829983,0.0779285366776582,0.0130816009051053,0.710062535531552,89.59,70.7
52941.25,0.0260195236719362,0.0722687712849343,0.0154150756611511,0.7725168521075286,107.48,92.93
58039.25,0.1040471374912287,0.0524893237472295,0.0159100551548578,0.79363274587834,118.96,106.94
61251.75,0.2240165930573327,0.0296286285745175,0.0142129826050063,0.7694306830179485,110.12,100.43
61724.75,0.3568694019069633,0.0238175036488458,0.0120916419176919,0.7260618858117437,92.41,84.41
61563.25,0.4687693482478227,0.0283961295205146,0.0108541931834252,0.7185901080159182,85.4,78.57
61596.25,0.5408067445412144,0.0335801935239742,0.0084146513930137,0.7429546008283927,79.48,72.79
60905.0,0.5736523300449912,0.0364289961619547,0.0076721821524536,0.7478274993908877,72.93,65.28
59633.75,0.5702006026334255,0.0378777231201686,0.0083439400367699,0.7196459027044587,68.79,59.73
58302.0,0.5391040987328187,0.0428888048002594,0.0131523122613491,0.7254933809794526,66.58,55.04
57226.75,0.4877564287778099,0.0461970917346883,0.0146018950643473,0.7126614147648827,66.95,58.63
55639.0,0.4085060056961241,0.0510405967890156,0.0193749116108046,0.7349955331763177,75.72,60.42
56009.75,0.3047065257770256,0.0568517217146872,0.0243247065478715,0.7268740355721595,91.1,72.95
55768.0,0.178509514178396,0.0624412130385426,0.0281431197850374,0.7598473158450418,106.5,85.84
55697.25,0.0665166962479877,0.0706092221201146,0.0292391458068165,0.8370015430845448,127.54,106.44
54066.25,0.0094264663392083,0.0853235310016757,0.0287795219912317,0.8439048160480793,134.42,115.85
52479.0,0.0001083501878069,0.0984053192064435,0.0253853768915287,0.8314789247137172,114.65,103.4
48987.75,0.0,0.1035569490242715,0.020753783057559,0.7516446032648421,96.54,89.0
45533.25,0.0,0.095378128547489,0.0156979210861264,0.7404369365711038,87.96,82.54
42018.25,0.0,0.0860424887831774,0.0114198840333757,0.7411678713554779,87.6,75.56
40072.25,0.0,0.0679550245959241,0.01057134775845,0.7342645983919435,88.06,75.26
38726.5,0.0,0.0527487972322828,0.0107834818271814,0.7598473158450418,82.97,71.12
38445.25,0.0,0.04358613979134,0.0133290906519587,0.7626898400064972,82.95,68.88
38700.0,0.0,0.0369371317368506,0.0168293027860274,0.7605782506294161,88.83,65.3
38443.25,0.001568497956825,0.0334234282934212,0.0204709376325837,0.735320393080484,90.39,66.34
38464.0,0.0425300284806208,0.0310719498351262,0.029804836656767,0.7656947941200357,88.13,70.98
40220.75,0.1805630082139761,0.0264879182658522,0.036628482534295,0.7691870380898238,80.65,70.95
43608.5,0.3822749411813266,0.0178766419806476,0.0451845566397963,0.7434418906846423,65.53,57.6
45838.5,0.5793587732694927,0.0111249256716579,0.0517960684485928,0.7500203037440104,23.34,31.33
46749.75,0.7235470755768357,0.0117087410130277,0.0620138594258237,0.7578169414440022,5.07,10.6
46407.0,0.7866687992735378,0.0139250770311908,0.0735044548154433,0.7123365548607163,-0.52,4.85
45699.0,0.7924268378255666,0.0163792637439861,0.0892730872578136,0.7019410379273938,-0.88,3.85
43149.75,0.7675011350972056,0.019217254986756,0.1018243529910903,0.6852919678388695,-1.35,3.8
41484.75,0.7155549593428819,0.0244986215471106,0.1179111865365577,0.7066515065378056,-2.03,3.64
41023.5,0.6410771040574565,0.0288177739337261,0.1228256257955027,0.6995858036221879,-0.93,6.19
41433.25,0.5306889008131424,0.0325152710957349,0.1263965492858153,0.7234630065784131,0.68,13.23
42498.25,0.3842407231601106,0.0359641061679009,0.1288714467543487,0.7717047023471129,64.48,49.98
44547.25,0.214254757089198,0.03956970647062,0.126502616320181,0.7780394704783562,89.72,66.4
44892.0,0.0724914351756304,0.04534839721066,0.1183000989958987,0.8002923739137497,107.85,81.54
44876.25,0.0091891278325834,0.0542083355857073,0.1111228963371517,0.8323722894501746,132.79,94.66
45222.0,0.0002012217773558,0.0614087247959349,0.1094611794654221,0.8357833184439211,123.67,89.03
43474.25,0.0,0.0657440942753662,0.1205628623957007,0.7854300332981402,99.94,76.1
40769.25,0.0,0.0623330990864371,0.1281996888700325,0.7477462844148461,87.75,71.24
38402.25,0.0,0.0436996594410508,0.0763329090651958,0.7053520669211403,92.13,71.57
36891.5,0.0,0.0375858154494837,0.0856314524112572,0.7197271176805002,84.93,66.87
36289.0,0.0,0.0367749608086923,0.0874699476735963,0.6839113132461626,77.07,62.9
36395.0,0.0,0.0327477160927617,0.0863385659736953,0.7115244051003005,74.48,60.89
37578.75,0.0,0.0315260284339694,0.1024961108754066,0.706164216681556,74.78,61.72
40031.0,0.001568497956825,0.0316395480836802,0.100834394003677,0.7119304799805084,90.45,64.29
44165.25,0.0419160440830478,0.03202875831126,0.0867628341111582,0.7600909607731666,115.2,79.09
48158.75,0.1667612581004664,0.0283907238229093,0.0768985999151463,0.770486477706489,109.47,89.71
49729.25,0.3588093862219837,0.0208930212443915,0.0674586338565973,0.7302850645659059,95.6,82.7
50142.25,0.5586380897345936,0.0161360073517487,0.0578065337293169,0.7410054414033947,67.39,60.55
50980.75,0.7092138935897965,0.0174766203578571,0.0514071559892518,0.7019410379273938,20.84,29.66
50904.0,0.7908015850084616,0.0218552354181307,0.0435228397680667,0.6639324291399334,2.87,14.45
51406.0,0.8057693895240847,0.0271528190713011,0.0371588177061236,0.6614959798586859,0.52,9.96
50328.5,0.7771494613447806,0.0311314125087842,0.0323150898034224,0.6602777552180622,0.02,9.45
48699.75,0.7172266479547612,0.0347802583923455,0.0338707396407863,0.6442784049378706,0.02,10.4
47840.5,0.6376150575803855,0.0385372182280123,0.0342950077782491,0.6643385040201413,20.42,26.46
47854.75,0.5256531968464936,0.0426941996864695,0.036982039315514,0.685210752862828,65.46,55.28
48868.0,0.3799531514426053,0.0467755013784528,0.0385376891528779,0.7359701128888168,85.88,68.48
49772.25,0.2149874107400833,0.050462187145251,0.0369113279592702,0.7898968569804272,105.91,81.48
49628.5,0.075313699591365,0.0571760635710038,0.0330575590439824,0.7731665719158612,136.26,100.36
48542.0,0.0106699137326123,0.0681874695929509,0.0292037901286946,0.781775359376269,170.72,124.82
47840.25,0.0002373385066248,0.0841126547380939,0.0256328666383821,0.7909526516689678,136.31,107.35
45258.5,0.0,0.0969782150386507,0.0245014849384811,0.7794201250710631,104.87,87.67
42050.75,0.0,0.0981999026974431,0.0240418611228963,0.7375944124096483,92.16,77.74
39449.75,0.0,0.0848262068219903,0.016581813039174,0.6785511248274182,96.76,76.9
37753.25,0.0,0.0809557273366127,0.0152382972705416,0.707544871274263,94.18,73.42
36637.5,0.0,0.0744526731174658,0.0162989676141988,0.7058393567773897,90.03,71.29
36235.75,0.0,0.0619925401373047,0.0173949936359779,0.6929261755867782,89.09,71.34
36257.5,0.0,0.0572895832207146,0.0190213548295856,0.6995858036221879,89.91,70.13
37276.5,0.0019038675857514,0.0541110330288123,0.0179606844859284,0.7117680500284252,90.7,71.12
38898.25,0.0449085730796219,0.053673171522785,0.0127987554801301,0.7086006659628036,86.72,71.72
41449.5,0.1704451644859041,0.0429212389858911,0.0095106774147928,0.7114431901242589,79.84,65.9
44531.75,0.3525199157964255,0.0255419211849289,0.0108188375053033,0.7104686104117599,56.47,51.88
46917.25,0.5461571800057787,0.0161738472349856,0.0110309715740347,0.7128238447169658,6.8,18.92
47428.25,0.701288851281628,0.0144602410941131,0.0116320181021071,0.6606838300982701,0.0,9.67
47351.0,0.8046084946547241,0.0160116763068273,0.0092278319898175,0.6372127020222529,-10.47,3.06
46419.75,0.8546869195525654,0.020060543813179,0.0092985433460613,0.6489076585722408,-21.21,-2.55
44917.75,0.8516169975647006,0.0260068111789826,0.0113845283552538,0.6331519532201738,-21.99,-8.27
43642.5,0.7966163784207703,0.0354775933834261,0.018491019657757,0.6303094290587185,-24.23,-6.78
43030.25,0.7105295744417386,0.045407859884318,0.0299816150473766,0.624949240639974,-11.46,0.8
43144.75,0.5855347339744913,0.0610627601491972,0.0478715881770612,0.6442784049378706,-0.41,10.67
44011.75,0.4253725182647459,0.0848208011243851,0.0837576014707962,0.7017786079753107,32.77,34.0
45245.5,0.2411668799273537,0.1033353154224552,0.1182647433177768,0.7169658084950865,81.83,66.3
45732.0,0.0856998390225781,0.1234607276068976,0.1544689577146089,0.7771461057418988,101.68,80.27
45252.75,0.0132961159037437,0.1589977836639818,0.1923702446612926,0.7806383497116869,122.5,95.46
44187.0,0.0003972840219589,0.211714146710633,0.2288573044831,0.7623649801023309,103.48,84.06
42181.75,0.0,0.2445537596626844,0.2595106774147928,0.7224072118898724,86.26,74.87
38934.75,0.0,0.2505432726093302,0.2684203083015132,0.6480955088118249,68.37,60.78
36659.25,0.0,0.2616736039785934,0.2710719841606562,0.6580849508649395,65.49,56.26
35250.75,0.0,0.2532407157143629,0.2749964644321878,0.6519938276618208,54.5,47.18
33865.5,0.0,0.2441429266446834,0.2782138311412813,0.6405425160399578,44.52,45.38
33532.0,0.0,0.2376723066111681,0.3017960684485928,0.6381060667587103,41.22,41.92
33942.75,0.0,0.2262230390831937,0.3231508980342243,0.6968244944367742,46.33,43.7
34150.75,0.0020689726338382,0.2174766203578571,0.3253783057559044,0.6592219605295216,43.5,41.84
35022.0,0.054464027737648,0.2043623979674577,0.3454249752510253,0.6465524242670349,17.61,26.55
37537.5,0.2052462129029595,0.1640791394129412,0.3616532315089803,0.6519938276618208,4.79,12.93
41127.5,0.4131753828373302,0.1224768906427374,0.3750176778390609,0.6205636319337285,2.35,5.65
43294.75,0.6238339455978866,0.1018973998594518,0.3105996323009475,0.637375131974336,-2.8,-1.92
44300.5,0.788216659099352,0.1088599383750473,0.3207113562438127,0.5906765207504264,-25.0,-15.99
44985.25,0.8836834936228175,0.1147089031839559,0.2780724084287936,0.5576220255015025,-69.64,-43.64
44317.0,0.9160440830478392,0.1148656684145088,0.289633715174657,0.5787379192723138,-100.06,-58.6
42343.0,0.9019327609691666,0.1136007351748743,0.3033517182859567,0.5525054820108828,-135.45,-77.86
41101.0,0.8424846245923969,0.1312070922752581,0.3233983877810776,0.5508811824900511,-132.85,-76.58
40175.5,0.7485088950344657,0.1483539650791934,0.3380709942016688,0.5628197839681637,-85.08,-47.42
40549.75,0.6170336814298097,0.1805448943186118,0.3640927732993919,0.5965239990254203,-30.0,-16.82
42179.25,0.4479093573286003,0.2179252932590951,0.4657049922217508,0.6542678469909852,-1.33,6.5
44595.5,0.2542824121847525,0.2410130277312287,0.6594894640079196,0.6701047673190936,22.5,34.88
45504.5,0.0894198621372848,0.2645980863830477,0.717119219346627,0.7544059124502558,67.94,65.41
45320.75,0.0128162793577413,0.3228282609870804,0.7349384811200679,0.7635832047429546,75.74,75.21
45851.25,0.0001651050480868,0.3998270176766311,0.751096026021779,0.6864289775034517,58.26,64.83
45143.0,0.0,0.4434185631655765,0.7682788855890256,0.6851295378867863,44.6,54.17
42378.25,0.0,0.4540948159359965,0.7893862254278037,0.6242995208316413,35.61,45.59
40541.5,0.0,0.443272609330234,0.6785108188375053,0.6258426053764314,26.84,32.77
39573.25,0.0,0.4262338504784042,0.7740772168010183,0.6552424267034841,25.88,31.51
39292.75,0.0,0.4126223039083194,0.8264389760995616,0.6485827986680744,25.71,31.16
39460.0,0.0,0.3902535272176874,0.8253075943996606,0.6364005522618371,24.7,30.69
40953.5,0.0,0.3737499324287799,0.8103521425540942,0.624949240639974,27.0,32.86
43616.25,0.0023372683369794,0.3561868209092383,0.7786380992787442,0.6333955981482986,39.68,45.56
49532.0,0.0530348371651463,0.329206984161306,0.765096874558054,0.7609031105335824,79.97,62.99
55552.5,0.1938281669212036,0.2559868100978431,0.6921227549144393,0.772435637131487,106.6,87.42
58875.0,0.3819292524868948,0.1731390885993837,0.6840616603026446,0.6995045886461464,78.47,73.92
59065.5,0.5652422916580675,0.1336018163143953,0.6569438551831425,0.6987736538617721,43.51,44.72
59431.25,0.7164578775746069,0.1395588950754094,0.6335383962664404,0.705595711849265,10.38,19.78
59736.0,0.8120640194823957,0.1582355803016379,0.5959553104228539,0.6621456996670186,-0.97,7.61
58593.25,0.8562296198456267,0.1813827774474296,0.564948380709942,0.6783074798992934,-2.69,4.42
58273.0,0.8496512155859165,0.1985296502513649,0.5398458492433885,0.6705920571753431,-2.27,5.11
57611.75,0.7828301069055187,0.20646521433591,0.5117380851364729,0.6566230812961911,-2.46,5.29
56873.25,0.700783217071862,0.2089194010487053,0.5057629755338707,0.637375131974336,-0.73,7.63
56561.75,0.5837598547075576,0.2167522568787502,0.4999292886437562,0.6615771948347275,0.07,15.18
56935.75,0.4290306269864201,0.2290015676523055,0.5266581813039174,0.7173718833752945,55.01,51.04
57956.75,0.2493086226111363,0.2446510622195794,0.5703931551407156,0.734183383415902,83.12,66.68
58476.25,0.0922782432822883,0.2697064706200335,0.6145877527930985,0.7373507674815236,146.18,91.99
56789.25,0.0147975399347835,0.3228661008703173,0.6509333899024183,0.7045399171607244,139.0,89.85
56102.0,0.0002167003756139,0.3855559759987026,0.692617734408146,0.6854543977909526,88.7,74.3
52476.0,0.0,0.4189523758040975,0.7309079338141705,0.693738325347194,69.55,62.56
47749.0,0.0,0.4281258446402508,0.7405246782633291,0.6823682287013725,52.7,53.98
44976.0,0.0,0.4394561868209092,0.6697072549851506,0.668480467798262,48.58,42.06
43388.25,0.0,0.4251581166549543,0.7055932682788856,0.6740843011451312,43.43,35.52
42367.25,0.0,0.4034812692577977,0.73034224296422,0.6632827093316007,35.35,31.76
42279.25,0.0,0.3916481971998486,0.7535002121340687,0.6580849508649395,34.08,31.91
43204.25,0.0,0.383604519163198,0.7732286805260925,0.6589783156013969,28.89,33.13
45977.75,0.002739711891691,0.3862316881993621,0.7591217649554518,0.6599528953138959,52.35,37.91
52667.5,0.0602117472241713,0.3843072598518839,0.76131381699901,0.7018598229513522,71.88,55.63
57733.25,0.2159058075700664,0.328266392777988,0.8128270400226276,0.7056769268253066,77.33,60.26
60405.5,0.4297013662442729,0.2508513973728309,0.7988969028425965,0.6987736538617721,51.5,45.87
60238.25,0.6423257109836134,0.2088653440726526,0.7704355819544619,0.6551612117274426,5.64,14.78
59909.5,0.8132249143517563,0.2350181090869776,0.637816433319191,0.6550799967514009,-2.33,4.56
59817.25,0.9129793205927272,0.2762311476296016,0.6210578418894075,0.5987980183545846,-11.12,-1.24
59618.5,0.9509328435216908,0.3004000216227904,0.5003182011030971,0.5473077235442215,-36.33,-11.35
58791.25,0.9392000660420192,0.3162927725823017,0.4847970584075802,0.5498253878015106,-42.95,-15.01
57458.75,0.8780441243241012,0.3274933780204335,0.477690567105077,0.5504751076098433,-39.66,-13.05
57130.75,0.784986791596153,0.3472187685820855,0.4917267713194739,0.5545358564119224,-19.86,-3.4
56946.75,0.6479289635530606,0.385583004486729,0.6109814736246642,0.5219686510192479,-2.93,6.19
57063.0,0.4693317373178685,0.4150332450402724,0.6400438410408712,0.6350198976691301,-0.04,11.92
58458.25,0.2664279522846411,0.4281853073139088,0.7978008768208175,0.6987736538617721,43.74,51.47
58844.25,0.0958847566764353,0.4357586896589004,0.8120845707820676,0.7339397384877772,83.9,71.09
57376.0,0.01471498741074,0.4744418617222553,0.8215245368406165,0.7589539511085844,93.47,75.03
56724.5,0.0003302100961736,0.5238607492296881,0.827393579408853,0.7400308616908958,76.41,66.75
53289.25,0.0,0.5415806259797827,0.8310705699335313,0.6722163566961747,45.35,54.18
48986.0,0.0,0.54045083518028,0.8358789421581105,0.6334768131243401,27.71,44.73
45033.75,0.0,0.5185469484837019,0.5459623815584783,0.6285226995858036,30.56,43.53
43477.75,0.0,0.4972214714308881,0.552467826332909,0.6608462600503533,32.34,39.74
41633.5,0.0,0.4823233688307476,0.5958492433884882,0.6445220498659953,39.38,38.87
41278.5,0.0,0.4505162441213038,0.6035214255409419,0.6654755136847235,41.8,36.65
42217.5,0.0,0.4362073625601383,0.5828029981615047,0.6480142938357834,37.96,38.71
44812.0,0.003209229372188,0.4285474890534623,0.5742822797341253,0.6706732721513847,52.87,44.01
51572.75,0.0537932884797952,0.4054921887669603,0.5643473341818696,0.6718914967920084,85.01,56.52
56163.0,0.1840560118875634,0.3453538029082653,0.6018243529910904,0.6960123446763583,88.16,66.99
58927.25,0.3620753704544516,0.281253040704903,0.612183566680809,0.6772516852107529,84.45,63.51
59690.0,0.5262104263837867,0.2601059516730634,0.6065973695375477,0.6548363518232763,48.42,39.61
58967.5,0.6548169397779338,0.3096491702254176,0.6324070145665394,0.6189393324128969,7.36,10.4
60922.25,0.7329167870557642,0.3734093734796475,0.5950007071135625,0.5968488589295866,-0.08,6.85
59489.25,0.7623416023444917,0.4158549110762743,0.5952481968604157,0.5747583854462763,-9.95,0.0
59580.0,0.7479052297023981,0.4339315638683172,0.6043699618158677,0.5643628685129538,-11.18,-0.19
58143.0,0.6843449457217154,0.4492621222768798,0.6342101541507567,0.6184520425566474,-9.91,0.52
58074.5,0.5973449044454534,0.4705930050272988,0.6431551407155989,0.6231625111670592,-0.09,6.39
57271.25,0.4828393940644735,0.4893345586247905,0.7191698486776976,0.6774953301388776,1.73,13.91
58462.75,0.3449921575102159,0.4866695497053895,0.7234478857304483,0.729310484853407,30.33,38.59
59640.75,0.1991063689272299,0.4680739499432402,0.7425753075943997,0.7241127263867457,73.66,55.78
59074.0,0.0787860651339414,0.4506892264446727,0.7546315938339697,0.7496142288638025,101.24,69.71
57164.5,0.014642753952202,0.460392453646143,0.766581813039174,0.722894501746122,110.2,72.25
56288.25,0.0007945680439179,0.4871182226066274,0.7786380992787442,0.688296921952408,83.8,65.88
51602.25,0.0,0.5002378506946321,0.8165040305473059,0.7087630959148867,63.64,57.07
47559.5,0.0,0.5009676198713444,0.8228326969311271,0.6854543977909526,48.67,47.95
44946.5,0.0,0.4434239688631818,0.4594116815160515,0.6717290668399253,51.14,44.57
44190.25,0.0,0.4249094545651116,0.4782209022769056,0.6752213108097133,47.76,40.27
43032.0,0.0,0.4207632845018649,0.4818271814453401,0.6567042962722326,39.62,35.84
42849.5,0.0,0.4200713552083896,0.4866709093480413,0.6520750426378624,49.49,38.78
43485.0,0.0,0.4140548137737175,0.4872012445198699,0.6479330788597417,44.44,36.24
45837.0,0.0043030503157634,0.409951889291313,0.4780087682081742,0.6617396247868107,57.5,41.7
52583.75,0.0497791719981838,0.4011243851018974,0.4848324140857021,0.6849671079347032,81.35,54.32
57348.5,0.1680563008213976,0.3687550678415049,0.5210012728044124,0.6983675789815642,95.81,68.12
60174.25,0.3279863375572708,0.3467484728904265,0.5185970866921228,0.6657191586128482,82.98,65.3
60297.75,0.4889224831799232,0.340353532623385,0.5095813887710366,0.6535369122066109,53.1,47.58
60968.0,0.6208930119288397,0.3772798529650251,0.5517960684485929,0.6390806464712093,11.5,18.98
61674.5,0.6950612952491022,0.4110005946267366,0.5837576014707963,0.6697799074149273,0.08,7.17
61633.75,0.7198012547983654,0.4351316287366885,0.5975109602602178,0.6662876634451392,-0.02,3.21
61020.0,0.6953966648780286,0.4492404994864587,0.5998090793381418,0.6700235523430521,-0.71,2.98
59337.75,0.616342304040946,0.4438131790907617,0.6425540941875265,0.663039064403476,-0.16,5.54
58357.0,0.5289243406117142,0.4357640953565057,0.6411398670626502,0.6887842118086576,0.01,10.54
58666.75,0.4179995459611177,0.4260987080382723,0.5807170131523123,0.672947291480549,10.0,23.49
59465.75,0.2854717876749081,0.4150818963187199,0.6558831848394853,0.6905709412815724,44.95,42.3
60503.75,0.1593676476658274,0.4005621925509487,0.6436501202093056,0.7320717940388207,74.96,53.21
59552.75,0.0638492178148346,0.3849667549597275,0.6511101682930278,0.7860797531064728,96.06,61.86
57562.25,0.0120113922483179,0.3752148764798097,0.650261632018102,0.7808819946398116,109.91,67.45
55823.0,0.0006449415940892,0.3700416238715606,0.6410338000282846,0.7415739462356858,87.89,63.42
52110.0,0.0,0.3687334450510838,0.6113350304058832,0.7332088037034029,82.57,58.49
48668.25,0.0,0.3727012270933564,0.5987484089944846,0.6831803784617884,69.18,50.08
44015.75,0.0,0.3498945888966971,0.3658959128836091,0.7317469341346544,69.52,52.51
43055.25,0.0,0.3552516352235256,0.3089732711073398,0.6983675789815642,63.2,44.16
42771.5,0.0,0.3678955619222661,0.3510111723942865,0.6996670185982296,63.22,43.5
42472.25,0.0,0.3734093734796475,0.38520011313817,0.6926825306586535,62.48,43.08
42943.75,0.0,0.3866263041245473,0.3753005232640362,0.6981239340534394,64.39,44.28
45281.75,0.0028635406777562,0.4008757230120547,0.3784825342950078,0.7121741249086332,63.24,44.41
52044.25,0.0343934453295909,0.4021784961349262,0.3990595389619573,0.7371883375294405,83.73,56.02
57222.75,0.1122404755025384,0.3789177793394238,0.4193183425258096,0.793226670998132,99.94,72.49
60608.5,0.2228041028604449,0.3583328828585329,0.4215811059256116,0.7962316251116706,94.71,70.99
60643.0,0.3409986791596153,0.3623222876912265,0.4120350728326969,0.7683748883294079,73.9,58.66
61698.25,0.4281380278202006,0.3929834045083518,0.448239287229529,0.7738975067002355,64.46,45.79
62764.25,0.4747079704461964,0.4216930644899724,0.467897044265309,0.7531064728335906,57.41,38.03
62367.5,0.4953615800553101,0.4540785988431807,0.4961462310847122,0.7907902217168846,38.11,27.41
61052.0,0.4942987163082511,0.479707011189794,0.5129048225144959,0.7467717047023471,28.24,21.09
59290.75,0.4590384694762042,0.4834099140494081,0.534365719134493,0.7017786079753107,31.6,23.37
58042.5,0.4140525034052916,0.4805016487377696,0.5395983594965351,0.6876472021440754,37.5,27.49
56479.5,0.3457712469558757,0.4710254608357208,0.56194314806958,0.7784455453585641,52.09,36.54
56471.75,0.2572749411813266,0.4531326017622574,0.6054306321595249,0.7857548932023065,70.54,46.53
57007.5,0.1554979981012919,0.4216390075139197,0.6716518172818554,0.7955819053033379,69.88,52.93
56009.0,0.0658098402608659,0.3826585220822747,0.7107905529628058,0.8270121010314302,94.95,59.82
53172.5,0.0127027696371816,0.3616411697929618,0.730731155423561,0.8300982701210103,107.94,68.05
50966.0,0.0004230816857225,0.3550083788312881,0.7475958138877103,0.8506456590595306,95.22,66.96
47821.0,0.0,0.3420022703929942,0.7831989817564701,0.8331844392105904,89.39,63.78
44406.25,0.0,0.3276879831342235,0.7717437420449724,0.8094696662064484,80.65,56.73
42707.5,0.0,0.2395967349586464,0.5028284542497525,0.8465849102574515,67.55,54.19
40491.0,0.0,0.2181955781393589,0.5327040022627634,0.862015755705352,63.61,49.99
38999.25,0.0,0.201156819287529,0.4917974826757177,0.798099569560627,63.82,49.74
38848.75,0.0,0.1925887885831666,0.4256116532315089,0.7800698448793958,65.18,49.34
39120.5,0.0,0.1841018433428834,0.3626431904963937,0.8369203281085033,69.01,49.49
39397.0,0.0030750815206174,0.174301313584518,0.3062155282138311,0.7889222772679282,72.51,51.03
40448.5,0.042849919511289,0.1505054327260933,0.2629755338707396,0.8308292049053846,71.86,56.0
43506.5,0.1405663103149378,0.1205416509000486,0.2568943572337717,0.8019166734345813,70.39,58.09
46806.25,0.2805186362323028,0.0931077355532731,0.2407721680101824,0.8468285551855762,63.86,53.57
49057.5,0.4159357328600322,0.0827125790583274,0.1999363597793805,0.7783643303825225,47.36,39.2
50496.5,0.5250908077764478,0.0903994810530298,0.1688587187102248,0.7271988954763259,9.43,12.11
50888.25,0.5954203987286911,0.1006378723174225,0.1590298401923348,0.7232193616502883,0.71,0.94
49970.75,0.6389307384323276,0.1098113411535758,0.1659949087823504,0.71201169495655,-0.02,-0.02
48334.75,0.648806084121022,0.1154440780582734,0.1769551690001414,0.7020222529034353,-1.3,-0.5
46891.5,0.6153671523506832,0.122195794367263,0.2031890821665959,0.6830991634857467,-2.79,0.89
46642.25,0.5659233499814257,0.120725444618628,0.2271248762551265,0.7009664582148948,-1.92,4.07
46327.75,0.4742590910967103,0.1183847775555435,0.2537830575590439,0.7105498253878015,-0.04,10.45
47196.5,0.3482787798736946,0.1147629601600086,0.2743600622259935,0.7841305936814749,50.66,36.83
47625.25,0.2087392165765468,0.1075463538569652,0.293805685193042,0.7955819053033379,81.91,59.26
47187.5,0.0858752631361703,0.098335045137575,0.3225498515061519,0.8443108909282871,109.94,86.03
45456.0,0.0169593841581706,0.0924212119574031,0.3460967331353415,0.8850808089011614,131.66,100.89
44531.5,0.000629462995831,0.0912427698794529,0.3487130533163626,0.8078453666856168,122.78,89.54
42885.25,0.0,0.0953565057570679,0.3357375194456229,0.8358645334199627,96.52,78.48
39945.0,0.0,0.0956051678469106,0.3015485787017395,0.8435799561439129,86.6,72.16
37528.5,0.0,0.0718957781501702,0.1911327959270258,0.8315601396897588,90.69,74.5
35699.0,0.0,0.0735012703389372,0.1571559892518738,0.8094696662064484,89.06,67.46
34671.0,0.0,0.0787123628304232,0.1562720972988261,0.8103630309429058,88.66,67.92
34068.75,0.0,0.0765771122763392,0.1575449017112148,0.8311540648095509,86.91,66.04
33740.75,0.0,0.0752310935726255,0.1624593409701598,0.7829123690408512,86.13,64.83
33563.0,0.0028532216122507,0.0762743932104438,0.1775915712063357,0.7792576951189799,80.56,62.34
34318.75,0.0450581995294506,0.0721822801232499,0.1641210578418894,0.7719483472752375,75.57,60.34
36589.75,0.1526860527510628,0.0570355154332666,0.1576156130674586,0.7508324535044262,70.24,58.71
40140.75,0.2956618648615181,0.0438510189739985,0.139725639937774,0.7332900186794445,46.96,43.36
42976.75,0.4281328682874479,0.0422184982972052,0.1178404751803139,0.7355640380086088,5.6,13.25
44162.75,0.5414104098732819,0.0437969619979458,0.081565549427238,0.7434418906846423,-0.03,3.06
45420.5,0.5995789821273786,0.0468728039353478,0.0625441945976523,0.6924388857305287,-0.18,-5.39
45023.5,0.6214347628678747,0.0524136439807557,0.0738580115966624,0.6895151465930317,-2.06,-8.88
43077.0,0.6181171833078797,0.0615168387480404,0.1029557346909913,0.7064890765857224,-7.41,-14.89
41517.5,0.5885840178313452,0.0718795610573544,0.1760712770470937,0.7040526273044749,-15.13,-17.06
41527.5,0.5453006975688282,0.080236769555111,0.2369891104511384,0.6830991634857467,-10.0,-8.84
42008.75,0.4715658149997936,0.0871452510946537,0.3604864941309574,0.7143669292617558,-3.79,3.02
42788.5,0.3583966236017666,0.0884318071247094,0.4234549568660727,0.7302850645659059,-0.06,12.37
42726.5,0.2167519709415115,0.0834693767230661,0.5822373073115542,0.8028912531470803,64.17,55.68
42465.75,0.0901473562554175,0.0717822585004594,0.5994201668788007,0.8388694875335012,89.59,72.81
41768.5,0.0193895240846988,0.0645332180117844,0.5921015415075661,0.8537318281491107,113.66,90.46
41496.0,0.0008358443059396,0.0620790312989891,0.5652312261349173,0.8735482823032568,122.86,97.28
40535.75,0.0,0.063468295583545,0.5305473058973271,0.8543003329814017,101.93,85.37
38059.0,0.0,0.062938537218228,0.4828524961108754,0.8339965889710063,86.14,75.74
35478.25,0.0,0.0385750581112492,0.4518102107198416,0.834240233899131,91.09,79.76
33817.75,0.0,0.0373479647548516,0.4009333899024183,0.7962316251116706,82.64,72.4
32935.25,0.0,0.0408292340126493,0.3329090651958704,0.8079265816616584,86.73,71.24
33118.75,0.0,0.0381804421860641,0.2851435440531749,0.8430926662876634,86.09,69.91
33211.75,0.0,0.0342505000270284,0.24091359072267,0.8543003329814017,88.21,71.0
33611.75,0.0038902876955462,0.0310178928590734,0.2262409843020789,0.8076017217574921,91.46,73.88
34630.25,0.0558571015808808,0.0263906157089572,0.2050982887851789,0.8147486396491513,104.72,81.5
36684.25,0.1840869690840797,0.0180766527920428,0.1832838353839626,0.7890847072200113,105.69,82.57
39973.25,0.36131175960705,0.0105573274231039,0.158216659595531,0.7140420693575895,72.24,65.23
42755.75,0.5368597019853882,0.009168063138548,0.1395135058690425,0.7007228132867701,32.8,36.91
44282.25,0.6705638337392166,0.0123952646088977,0.1258662141139867,0.6813124340128319,12.41,20.99
44913.5,0.7535807157303834,0.0170874101302773,0.1221892235893084,0.6784699098513766,6.06,13.31
44442.75,0.7961210632765097,0.0232823395859235,0.1314524112572479,0.6779826199951271,2.41,10.33
42946.25,0.7916374293144013,0.0311908751824422,0.151428369396125,0.6695362624868025,0.0,8.21
42338.5,0.7398873158046807,0.0451646034920806,0.1772733701032385,0.6757086006659628,-0.33,8.58
41454.0,0.6767759111734841,0.0521109249148602,0.207325696506859,0.7032404775440592,-0.07,14.32
41548.0,0.5714750072233459,0.057473376939294,0.2405246782633291,0.6678307479899294,0.89,24.92
42608.0,0.4266056465926445,0.0661062760149197,0.2800523264036204,0.7373507674815236,64.17,55.88
44025.5,0.248106451479754,0.0742850964917022,0.3307877245085561,0.8186469584991473,85.94,73.87
44527.75,0.1016840714904858,0.083880209741067,0.3750883891953047,0.8826443596199139,113.63,91.09
44619.5,0.0227690180377265,0.1027352829882696,0.4205911469381982,0.8854056688053277,135.9,104.89
44692.75,0.0009235563627357,0.1349532407157143,0.4721397256399378,0.8813449200032486,120.33,97.93
44098.75,0.0,0.175025677063625,0.5180667515202941,0.8257126614147648,96.63,79.94
41674.0,0.0,0.2031677387966917,0.5551195021920521,0.7418988061398522,79.86,71.71
39615.25,0.0,0.2512514189956213,0.5077075378305755,0.7257370259075774,81.46,69.85
37703.5,0.0,0.2501000054056976,0.5694739075095461,0.7221635669617478,76.4,59.77
36947.0,0.0,0.2458024758095032,0.596308867204073,0.7302038495898644,76.21,53.57
37437.0,0.0,0.2386453321801178,0.6128553245651251,0.7264679606919516,77.92,53.6
38569.75,0.0,0.2380993567219849,0.6177344081459483,0.6975554292211483,74.93,53.45
41942.5,0.0046126222809262,0.243937510135683,0.6241691415641352,0.7116056200763421,79.58,59.02
49622.5,0.0523486193090353,0.2411589815665711,0.6198203931551407,0.793226670998132,112.26,81.56
55299.75,0.1596101457052049,0.1991026541975241,0.5974048932258521,0.8607975310647283,122.98,102.24
58543.0,0.2934381062450984,0.153829936753338,0.592525809645029,0.8190530333793552,97.35,88.92
59087.25,0.4210333512197135,0.1471376831180063,0.5733983877810777,0.791683586453342,81.86,63.3
60457.75,0.5174804969661947,0.1768528028542083,0.5685193042002545,0.7773897506700236,66.98,52.34
61190.0,0.554845833161349,0.2269311854694848,0.541154009333899,0.8024851782668724,54.42,45.15
60258.5,0.5592933503941883,0.2740364344018595,0.5585843586479988,0.7860797531064728,28.47,35.08
60152.5,0.5265354769472077,0.3053192064435915,0.5686960825908641,0.7595224559408755,31.34,37.7
60570.5,0.4586876212490197,0.3166981999026974,0.5557559043982464,0.8037846178835377,54.09,41.41
60376.25,0.3853035869071697,0.3318287474998648,0.5716659595531042,0.781775359376269,69.65,48.46
59100.75,0.2956360671977546,0.3500189199416185,0.6041224720690143,0.7123365548607163,79.61,54.45
58199.25,0.1992301977132951,0.3681063841288718,0.6443218780936218,0.7911150816210509,87.98,60.5
58124.0,0.1139843975729558,0.3802692037407427,0.682046386649696,0.8132867700804028,103.44,72.46
58702.25,0.0491135922730837,0.3907616627925834,0.6999363597793806,0.7760903110533582,126.98,86.38
56491.0,0.0118927229950055,0.4101735228931293,0.7076438976099562,0.821408267684561,99.07,83.63
54389.25,0.001135097205597,0.43065571111952,0.7048507990383256,0.8401689271501664,83.58,77.16
51135.75,0.0,0.4388885885723552,0.7103662848253429,0.7832372289450175,83.05,69.42
47647.0,0.0,0.4438726417644197,0.7078206760005656,0.7577357264679607,65.91,60.28
44714.5,0.0,0.421763338558841,0.4280511950219205,0.7540810525460895,70.03,53.45
43335.0,0.0,0.412811503324504,0.5055154857870174,0.7192398278242508,66.4,51.56
42704.5,0.0,0.4028379912427698,0.5009899589874134,0.7175343133273776,64.9,47.47
43377.25,0.0,0.4008757230120547,0.5061872436713336,0.7275237553804922,54.12,43.83
43821.25,0.0,0.3796853883993729,0.4976311695658322,0.7231381466742467,62.66,45.59
46234.0,0.0031576340446609,0.354711065462998,0.5057276198557489,0.7388938520263136,70.2,48.98
52744.75,0.0302761381929252,0.3331369263203416,0.5942935935511243,0.8090635913262405,98.14,59.72
57955.0,0.0978763363189829,0.3049354019136169,0.6811271390185264,0.8714366929261755,103.12,70.17
61403.5,0.1924970074710034,0.2694740256230066,0.6895417904115401,0.7847803134898075,94.98,70.1
62495.0,0.2947641061625459,0.2503973187739878,0.7024466129260359,0.7785267603346057,81.21,59.34
63192.5,0.3797932059272712,0.2333153143413157,0.6915924197426107,0.7276049703565337,70.0,49.82
63385.75,0.4393909687538696,0.2231688199362127,0.6224367133361618,0.7614716153658735,69.78,43.78
62368.25,0.4757656746605027,0.2178820476782528,0.5295927025880356,0.7573296515877528,65.65,30.46
62058.0,0.4866419697032236,0.2166495486242499,0.4358647998868618,0.732802728823195,56.91,24.55
61289.75,0.468077970858959,0.2214660251905508,0.381028143119785,0.7286607650450743,56.14,23.03
59465.25,0.4431987039253725,0.2209903238012865,0.3349243388488191,0.7181028181596686,67.17,27.72
57586.0,0.3854841705535147,0.2157900427050111,0.2913307877245085,0.729310484853407,77.61,35.73
57885.25,0.2938405497998101,0.1998216119790259,0.2601470796209871,0.7550556322585885,92.45,53.97
57603.25,0.1821366657035538,0.1717768528028542,0.2404186112289633,0.7988305043450012,99.98,69.41
57110.75,0.0804061584182936,0.1415427860965457,0.2287865931268561,0.8481279948022415,147.02,85.96
55368.25,0.0186981466958352,0.1234391048164765,0.2240135765803988,0.8980752050678145,154.88,97.57
53595.5,0.0012486069261567,0.1182874749986485,0.2247560458209588,0.8961260456428165,135.99,86.58
50881.0,0.0,0.1246932266609005,0.2291401499080752,0.8473970600178673,107.71,80.32
46599.5,0.0,0.1391372506621979,0.236388063923066,0.8057337773085357,93.22,72.04
43230.75,0.0,0.1466836045191632,0.1369325413661434,0.8011857386502071,79.27,61.91
41933.5,0.0,0.1722741769825396,0.1370032527223872,0.7775521806221067,78.45,59.34
41010.25,0.0,0.1856370614627817,0.1448522132654504,0.7894907821002193,74.93,54.54
41039.5,0.0,0.1986053300178388,0.1396549285815302,0.7696743279460733,76.68,57.01
41733.25,0.0,0.1902319044272663,0.1494484514212982,0.7652887192398278,78.65,55.74
44165.25,0.0039160853593098,0.1735282988269636,0.1423066044406731,0.786242183058556,84.8,61.63
50733.0,0.0577764477648904,0.1627547434996486,0.1410338000282845,0.8260375213189312,107.98,78.12
55448.25,0.1824875139307384,0.1289907562570949,0.1572267006081176,0.9029481036303094,118.0,92.4
58612.5,0.337036158005531,0.1084382939618357,0.1560599632300947,0.7328839437992366,97.84,83.98
59318.25,0.476230032608247,0.1172063354775933,0.154433602036487,0.7267928205961179,75.65,71.42
59745.0,0.5780585710158088,0.129990810314071,0.1494838070994201,0.7507512385283847,74.89,63.98
60015.0,0.6389720146943493,0.1355965187307422,0.1361547164474614,0.7593600259887924,64.1,58.82
58520.5,0.6685309778346473,0.1321530893561814,0.1302503182011031,0.7366198326971494,52.5,51.15
57542.25,0.6619267759111734,0.1204929996216011,0.1237448734266723,0.7488832940794282,45.31,46.55
56118.5,0.612663557188261,0.1077896102492026,0.1151180879649271,0.6881344920003248,56.98,52.95
55595.0,0.5505479423783383,0.0870641656305746,0.1146938198274643,0.7207829123690408,71.4,60.36
55032.5,0.4578053411483056,0.0680144872695821,0.1149059538961957,0.7830747989929343,83.77,68.64
54570.75,0.3385633797003343,0.051694686199254,0.1151180879649271,0.8123121903679038,96.64,73.1
54425.25,0.2071861972179799,0.0361641169792961,0.1144463300806109,0.8560870624543165,111.49,94.07
54070.75,0.0906220332686671,0.0259257257149035,0.1105572054872012,0.8870299683261593,156.28,124.13
51920.25,0.0204781854955215,0.0230877344721336,0.1054659878376467,0.8813449200032486,180.06,138.77
49904.25,0.0006346225285838,0.0227958268014487,0.1039103380002828,0.903597823438642,155.98,129.6
47385.5,0.0,0.0233850478404238,0.107622684203083,0.8830504345001218,126.15,110.54
43827.25,0.0,0.0239310232985566,0.1080823080186677,0.8076017217574921,105.03,95.53
41257.0,0.0,0.0424617546894426,0.0786663838212416,0.7917648014293835,103.17,92.64
39894.75,0.0,0.0424671603870479,0.0721609390468109,0.7571672216356696,94.12,86.82
39218.75,0.0,0.0383966700902751,0.0588318483948522,0.7583042313002518,89.79,85.08
39472.0,0.0,0.0351100059462673,0.0422500353556781,0.7439291805408917,88.22,78.92
40334.0,0.0,0.0375425698686415,0.0295573469099137,0.7320717940388207,91.8,85.36
42620.75,0.0041792215296982,0.0418292880696253,0.0271178051195021,0.7885162023877202,103.23,93.64
48896.25,0.0474573822594625,0.0506513865614357,0.0317847546315938,0.831316494761634,123.84,107.45
54206.5,0.1439458042679655,0.0505703010973566,0.0323858011596662,0.8721676277105498,122.07,109.99
57411.5,0.2713656251289883,0.0383101789285907,0.0313604864941309,0.8577113619751482,115.9,101.95
58504.5,0.3914743880794155,0.0334937023622898,0.0303705275067175,0.8354584585397548,106.1,93.45
58982.25,0.4828651917282371,0.0409535650575706,0.0304058831848394,0.8568992122147324,96.16,85.23
60075.0,0.5387222933091179,0.0516460349208065,0.028319898175647,0.8539754730772354,90.07,76.17
59918.25,0.5683999257027283,0.0636629006973349,0.0262339131664545,0.8311540648095509,88.98,73.18
58019.25,0.5656705328765427,0.0767338775068922,0.0263753358789421,0.8181596686428978,87.74,69.82
56023.25,0.5271339827465225,0.0968160441104924,0.0320322443784471,0.7838869487533501,88.12,70.0
55559.75,0.4759875345688694,0.1123898589112925,0.0491443925894498,0.808982376350199,88.18,77.61
55227.5,0.3945339910017749,0.1263960214065625,0.075519728468392,0.8039470478356209,84.27,79.6
53983.25,0.2904765344450407,0.1362938537218228,0.1090015556498373,0.816941444002274,98.79,87.85
53699.0,0.1788964791348495,0.13868857776096,0.1498373638806392,0.84958986437099,111.77,100.16
52895.0,0.0792194658851694,0.1374020217309043,0.194491585348607,0.9208966133354992,129.99,115.22
50538.0,0.0185330416477483,0.1404724579707011,0.2385801159666242,0.910419881426135,125.0,112.47
48303.5,0.0010061088867792,0.1471593059084275,0.2833404044689577,0.9318606351011126,115.84,109.1
45653.0,0.0,0.1500135142440131,0.3190496393720831,0.9349468041906928,109.67,103.15
42267.75,0.0,0.1479269149683766,0.3408640927732994,0.9033541785105174,99.84,94.78
38307.5,0.0,0.0988539921076814,0.3261561306745863,0.8588483716397304,94.88,90.33
36738.75,0.0,0.0932645007838261,0.3096096733135342,0.917810444245919,91.83,86.98
35616.75,0.0,0.0923671549813503,0.2880427096591713,0.8600665962803541,90.43,84.35
35195.0,0.0,0.0883993729390777,0.2743247065478716,0.8285551855762202,89.16,82.45
35270.0,0.0,0.0890913022325531,0.2480554377032951,0.8646958499147243,89.03,82.01
35455.5,0.0038644900317827,0.0839558895075409,0.272274077216801,0.8401689271501664,90.26,82.01
37377.75,0.0492064638626326,0.0759500513541272,0.3101400084853628,0.7483147892471371,90.68,82.21
40013.75,0.1475729557931233,0.0599654035353262,0.3215598925187385,0.7743847965564851,86.23,80.1
43013.25,0.27876439509638,0.0449483755878696,0.3100692971291189,0.7979371396085438,78.58,73.36
45665.0,0.4143569158377017,0.0403319098329639,0.279840192334889,0.7721107772273207,74.75,66.84
47098.25,0.5349816320634003,0.0386074922968809,0.2411257247914014,0.7431982457565175,54.23,44.97
48292.75,0.6251960622446031,0.0389642683388291,0.1973200395983595,0.7356452529846503,9.34,18.43
47845.75,0.6851188756346225,0.0408292340126493,0.1679394710790553,0.7546495573783806,3.24,10.98
46240.5,0.7022640029718908,0.0416671171414671,0.15782774713619,0.7155851539023796,0.04,8.0
44334.75,0.6682265654022371,0.0403048813449375,0.158959128836091,0.706164216681556,0.0,8.04
42996.75,0.6023754488793495,0.0370776798745878,0.1600197991797482,0.7241939413627873,0.02,10.28
42070.5,0.5081933380113097,0.0328666414400778,0.1649342384386932,0.7296353447575733,14.23,25.43
42603.0,0.3814132992116233,0.0291150873020163,0.1716164616037335,0.7448225452773491,76.04,66.91
43574.5,0.2352024600652165,0.0255581382777447,0.174444915853486,0.7637456346950378,96.23,83.02
43576.0,0.1061367482560779,0.023271528190713,0.1789350869749681,0.8402501421262081,115.77,97.64
42360.0,0.0259524497461509,0.0228498837775014,0.1817281855465987,0.8626654755136848,131.92,110.09
41262.5,0.0012382878606513,0.0244715930590842,0.1791472210436996,0.8281491106960124,136.95,117.12
40245.0,0.0,0.0277474458078815,0.1674444915853486,0.837732477868919,115.77,103.03
37039.25,0.0,0.0304881344937564,0.151039456936784,0.7657760090960773,104.54,95.21
36705.5,0.0,0.0400075679766473,0.154080045255268,0.7734914318200277,107.36,95.13
34826.5,0.0,0.0311206011135737,0.1243459199547447,0.7434418906846423,98.3,83.26
33847.0,0.0,0.0266338721011946,0.0774996464432187,0.7468529196783887,90.77,80.19
33648.0,0.0,0.0230607059841072,0.0647362466412105,0.749126939007553,90.1,78.04
33970.5,2.063813101085566e-05,0.0219309151846045,0.0546598783764672,0.7377568423617316,91.16,77.41
33519.5,0.0058302720105667,0.0236553327206876,0.0369466836373921,0.7317469341346544,88.61,75.86
34025.75,0.0655260659594667,0.0294340234607276,0.0198698911045113,0.735726467960692,83.49,71.51
36618.5,0.2034300573740042,0.0300773014757554,0.0178546174515627,0.7132299195971737,71.9,62.82
39861.5,0.3924804969661947,0.0258013946699821,0.018491019657757,0.6989360838138553,13.25,21.84
42206.0,0.5882744458661824,0.021568733445051,0.0205416489888276,0.7003167384065622,0.02,4.27
43591.0,0.7250897758698972,0.0252878533974809,0.0317847546315938,0.6454154146024527,0.0,0.11
45051.25,0.7864366202996657,0.0314827828531271,0.0359567246499787,0.6646633639243077,-0.09,-0.26
44886.25,0.8078332026251702,0.0456457105789502,0.049462593692547,0.6515065378055713,-2.12,-2.4
43370.5,0.7817672431584596,0.0653062327693388,0.0598571630603875,0.6562982213920246,-10.66,-8.13
42512.0,0.713444710447022,0.0838693983458565,0.0811059256116532,0.6588158856493137,-23.88,-13.04
42312.75,0.6217701324968011,0.0992702308232877,0.1212346202800169,0.6877284171201169,-9.91,-0.43
42344.0,0.5053401163990588,0.1110978971836315,0.1638382124169141,0.7055144968732234,-0.6,8.54
43672.25,0.3688549964915177,0.1184550516244121,0.2466412105784189,0.7326402988711118,57.0,49.58
44728.25,0.2198012547983654,0.1138872371479539,0.2799816150473766,0.7618776902460814,93.26,75.45
45303.25,0.0974377760350022,0.1125952754202929,0.30137180031113,0.8499959392511979,118.08,94.07
44637.25,0.02279481570149,0.1237310124871614,0.3103521425540942,0.8641273450824332,118.74,97.47
44780.75,0.0018367936599661,0.1480566517109033,0.3212770470937632,0.8607163160886867,121.1,100.69
44411.75,0.0,0.1733228823179631,0.3488191203507283,0.925363437017786,106.94,92.68
42000.25,0.0,0.1846532244986215,0.3679465422146796,0.7632583448387883,87.5,80.15
39830.0,0.0,0.1929725931131412,0.2894569367840475,0.8082514415658247,78.34,71.36
38557.75,0.0,0.1739769717282015,0.2561872436713336,0.7548932023065054,75.07,69.66
38174.75,0.0,0.1585004594842964,0.2790270117380851,0.7068951514659303,74.44,67.57
38223.0,0.0,0.1434185631655765,0.359885447602885,0.6926825306586535,74.43,67.3
39292.75,0.0002012217773558,0.1324504027244716,0.4133078772450855,0.6924388857305287,77.87,68.95
42029.0,0.0051337350889503,0.1239904859722147,0.4518455663979635,0.7120929099325916,84.04,73.89
48795.75,0.0454142072893878,0.1046164657549056,0.4448097864517041,0.8224640623731015,112.94,90.95
53966.75,0.1269812605770421,0.0766095464619709,0.4389407438834677,0.8023227483147892,128.74,92.38
57268.75,0.2371476039129896,0.0515541380615168,0.4171262904822514,0.7875416226752213,124.55,89.91
58456.25,0.3612601642795228,0.0400724363479106,0.3937915429217932,0.7275237553804922,107.22,76.41
59483.75,0.4776282659842324,0.0362938537218228,0.3468392023759015,0.7181840331357102,88.44,67.02
59773.5,0.5619505097618359,0.0373966160332991,0.2944420873992363,0.715910013806546,86.26,64.25
58783.0,0.6145261485119907,0.0402183901832531,0.252262763399802,0.6952814098919841,77.34,60.2
57931.75,0.6263053617864366,0.0405859776204119,0.2133008061094611,0.7163973036627954,74.46,58.36
56644.5,0.589001939984315,0.0333747770149737,0.1617168717295997,0.7070575814180134,72.96,56.53
55490.75,0.5268656870433813,0.0306232769338883,0.1214113986706265,0.7060830017055145,77.78,60.37
53607.0,0.4296652495150039,0.0299799989188604,0.0888841747984726,0.7232193616502883,84.66,64.89
53823.0,0.3021319189334214,0.0306016541434672,0.06268561731014,0.819865183139771,111.04,86.58
54204.0,0.1776891484707145,0.0331531434131574,0.0427803705275067,0.9127751157313408,131.4,102.29
53766.5,0.0776870846576134,0.0408508568030704,0.0283552538537689,0.9859498091448065,186.68,130.47
51655.0,0.0180377265034878,0.0512460132980161,0.0215316079762409,0.9649151303500364,221.46,149.79
49890.75,0.0007842489784125,0.0628466403589383,0.0193395559326827,0.8779338910095021,169.86,127.86
46815.25,0.0,0.0764798097194442,0.0169353698203931,0.891578006984488,131.4,101.46
43394.25,0.0,0.0861776312233093,0.0170767925328807,0.8672947291480549,113.78,81.95
40554.5,0.0,0.1042542840153521,0.0085560741055013,0.800048728985625,97.78,85.37
39151.0,0.0,0.1240661657386885,0.009404610380427,0.7747908714366929,90.5,81.98
38923.0,0.0,0.1434347802583923,0.0243954179041154,0.8039470478356209,87.64,77.5
38854.25,0.0,0.1468998324233742,0.0467048507990383,0.7859985381304313,85.22,76.49
38945.25,1.031906550542783e-05,0.1584518082058489,0.0572408428793664,0.7910338666450093,83.96,69.93
41926.75,0.0035910347958888,0.1758905886804692,0.0652665818130391,0.7733290018679444,88.04,76.91
48592.0,0.0378142155446402,0.1826477106870641,0.0745297694809786,0.936652318687566,110.34,90.38
53136.75,0.1157799149709002,0.1686956051678469,0.0680950360627916,0.968894664176074,120.1,100.87
56184.0,0.2289181491724109,0.1579004270501108,0.0587964927167303,0.8482092097782831,102.23,90.66
56839.75,0.3531287406612457,0.1559111303313692,0.041154009333899,0.8173475188824819,85.43,78.2
58341.75,0.4554990300078425,0.1594140223795881,0.0468816291896478,0.8089011613741574,72.52,61.67
59341.75,0.5386810170470963,0.1588896697118763,0.0645241125724791,0.800617233817916,69.17,55.61
58919.0,0.6039129896396582,0.1552083896426833,0.0946825060104652,0.782749939088768,61.1,49.84
57981.75,0.6343387542824122,0.1520893021244391,0.1265733276764248,0.7811256395679363,55.25,46.51
55781.5,0.6295558674206464,0.1550137845288934,0.1512162353273936,0.7641517095752457,55.27,47.28
54928.5,0.5838682048953647,0.1484891075193253,0.1557417621269975,0.7755218062210671,65.66,53.62
54640.25,0.4996078755107937,0.1393210443807773,0.1407863102814312,0.8050028425241614,72.52,58.84
54131.0,0.3821511123952615,0.1265744094275366,0.1151180879649271,0.83521481361163,85.8,67.08
53644.25,0.2407489577743839,0.1081085464079139,0.0918186960825908,0.818322098594981,102.28,86.41
52989.0,0.111131175960705,0.0908103140710308,0.0780653372931692,0.9415252172500608,130.05,101.52
51589.0,0.0261897882527758,0.0860965457592302,0.0995969452694102,0.8654267846990985,144.31,111.11
50013.5,0.0009338754282412,0.1000810854640791,0.1677980483665676,0.879314545602209,124.0,100.48
48026.0,0.0,0.1317909076166279,0.264354405317494,0.8086575164460327,100.09,85.85
45338.0,0.0,0.1746040326504135,0.3529557346909914,0.7820190043043938,88.78,71.98
42945.5,0.0,0.2499594572679604,0.609107622684203,0.7692682530658653,72.22,63.52
41669.5,0.0,0.2808746418725336,0.644640079196719,0.7547307723544222,57.54,53.12
40929.75,0.0,0.288129088058814,0.6389124593409702,0.7473402095346382,54.28,49.08
40783.0,0.0,0.2871830909778907,0.6156130674586339,0.7306099244700723,50.59,47.35
42111.25,0.0,0.2972701227093356,0.607622684203083,0.7265491756679932,49.83,45.73
45141.0,0.005897345936352,0.3054543488837234,0.6058195446188658,0.7332900186794445,45.91,51.32
51169.5,0.0508678334090064,0.3153738039894048,0.5586550700042426,0.777308535693982,72.15,69.19
56228.75,0.1405663103149378,0.3153629925941942,0.4986918399094894,0.7968813449200033,86.45,81.76
59380.0,0.2538386923680191,0.3031136818206389,0.4910550134351577,0.7934703159262568,91.52,81.84
61141.0,0.3680707475131052,0.2992540137304719,0.5031820110309716,0.7968001299439617,69.11,66.09
61676.0,0.4478526024683205,0.3174766203578572,0.5116320181021072,0.7890847072200113,67.85,56.74
62393.5,0.4873694638213563,0.3301151413589924,0.5130462452269835,0.7474214245106797,62.12,52.74
61812.5,0.4891753002848062,0.3279366452240662,0.5042780370527506,0.7268740355721595,59.07,48.23
61550.0,0.4621548272588434,0.319001027082545,0.5091924763116956,0.7300414196377812,62.25,46.53
60695.75,0.4109464646881578,0.304389426455484,0.4989746853344647,0.7226508568179972,62.18,46.35
59652.75,0.3654187476782102,0.282939618357749,0.4974897468533446,0.75205067814505,69.49,53.79
58478.75,0.3042834440913031,0.2552624466187361,0.5007071135624381,0.7496142288638025,72.67,62.28
57986.75,0.2315391918107896,0.222330936807395,0.4941663131098854,0.7571672216356696,89.23,73.56
57987.5,0.1540275312667685,0.1842802313638575,0.4653514354405317,0.7770648907658573,94.66,86.01
57567.5,0.0773775126924505,0.1538677766365749,0.4271319473907509,0.8919028668886543,111.44,98.85
54203.0,0.0197713295083997,0.1390183253148819,0.3841040871163909,0.9519207341833834,140.5,109.01
50896.75,0.0007790894456598,0.1320936266825234,0.3397327110733983,1.0,143.26,108.89
48175.5,0.0,0.1334504567814476,0.3050841465139301,0.9813205555104362,120.39,92.3
44948.5,0.0,0.1341856316557651,0.290376184415217,0.8892227726792821,95.53,82.71
42105.0,0.0,0.0995999783772095,0.2373780229104794,0.877771461057419,100.43,78.56
40214.0,0.0,0.0802313638575058,0.2401004101258662,0.853082108340778,96.2,73.92
38988.5,0.0,0.0690091356289529,0.2539598359496535,0.7712986274669049,91.21,68.06
38813.75,0.0,0.0569922698524244,0.2618087964927167,0.7708113376106555,93.63,69.47
38936.5,1.5478598258141743e-05,0.0513757500405427,0.2491161080469523,0.8267684561033054,94.56,66.89
39405.5,0.0043185289140215,0.0458565327855559,0.2363527082449441,0.8772029562251279,100.79,68.1
41616.25,0.0392382465843893,0.0395859235634358,0.2162353273935794,0.8592544465199383,103.37,82.88
43723.5,0.1168943740454864,0.0364235904643494,0.218250601046528,0.7403557215950621,106.67,88.84
46084.25,0.2219476204234944,0.0331693605059732,0.1875265167585914,0.8408998619345407,97.71,84.3
48374.5,0.3334038469476204,0.0317692848262068,0.1545750247489747,0.8358645334199627,93.9,80.82
50212.0,0.4261516077104057,0.0356343586139791,0.1274218639513505,0.7750345163648177,85.0,71.61
51311.0,0.4928282494737276,0.0397048489107519,0.1063498797906943,0.8192966783074799,80.0,66.62
51217.0,0.5344244025261072,0.0429104275906805,0.0867981897892801,0.8664013644115975,70.92,60.16
50741.0,0.5408892970652578,0.0466349532407157,0.0665747419035497,0.8807764151709575,62.97,54.82
48594.75,0.5063462252858382,0.0497594464565652,0.0467402064771602,0.8036221879314546,62.97,54.42
48451.5,0.4636562512898832,0.051910914103465,0.0404468957714609,0.8517014537480712,67.69,57.87
48283.25,0.392475337433442,0.0542083355857073,0.0453613350304058,0.8316413546658004,83.75,68.58
49062.25,0.2905023321088042,0.0572841775231093,0.0580186677980483,0.8666450093397222,90.13,74.16
49495.0,0.1788964791348495,0.0590085950591923,0.0720902276905671,0.9071712823844716,110.67,88.73
49235.75,0.0848691542493911,0.0628682631493594,0.0863739216518172,0.9182977341021684,135.23,103.61
47972.75,0.0238318817847855,0.0690956267906373,0.1006576156130674,0.8706245431657598,154.73,116.13
46906.25,0.0028377430139926,0.0733120709227525,0.1152241549992928,0.9099325915698856,143.45,110.54
45477.0,0.0,0.0803286664144007,0.1216235327393579,0.8586859416876472,112.11,93.19
42214.75,0.0,0.0866317098221525,0.1220831565549427,0.8397628522699586,100.71,85.31
40454.5,0.0,0.1042650954105627,0.0685900155564983,0.7877040526273045,96.21,77.61
38663.25,0.0,0.1115465700848694,0.0863739216518172,0.7325590838950703,80.71,70.57
37467.25,0.0,0.1137142548245851,0.1002333474756045,0.7346706732721514,79.49,62.32
37399.25,0.0,0.1065030542191469,0.1215174657049922,0.7245188012669537,73.71,62.43
38541.75,5.675486027985306e-05,0.1017514460241094,0.1493777400650544,0.7267928205961179,74.53,63.09
40824.0,0.0044939530276138,0.1013406130061084,0.1367204072974119,0.7473402095346382,90.06,63.79
46204.75,0.0356265736574895,0.1004973241796853,0.148776693536982,0.9187038089823764,106.27,78.53
50450.0,0.0996099393238948,0.0894264554840802,0.1985574883326262,0.9796962559896044,109.11,88.39
53803.0,0.177751062863747,0.0798962106059787,0.2497878659312685,0.9641029805896209,108.72,88.19
55434.75,0.2583378049283857,0.0765879236715498,0.2851788997312968,0.9266628766344512,102.36,83.82
56261.25,0.3304319560820572,0.073047191740094,0.3255550841465139,0.890197352391781,91.97,76.69
56399.5,0.3860878358855822,0.0709930266500891,0.3664616037335596,0.8116624705595712,82.02,72.17
55986.25,0.4248772031204854,0.0719714579166441,0.4043628906802432,0.7685373182814911,74.91,64.66
54522.5,0.4348299418004706,0.0756419265906265,0.4354758874275208,0.7379192723138147,68.5,60.67
53240.0,0.4180150245593759,0.0842856370614627,0.4609673313534153,0.729310484853407,65.3,57.62
53017.5,0.3837918438106245,0.0905184064003459,0.4843374345919954,0.7284171201169496,66.94,55.76
52402.5,0.325313699591365,0.0971620087572301,0.5045608824777259,0.759035166084626,75.07,59.6
52516.75,0.2481786849382919,0.10313530461106,0.5359567246499788,0.7950946154470885,84.1,70.24
52882.25,0.1555341148305609,0.1091302232553111,0.5702163767501061,0.9100950215219686,94.46,81.46
52302.75,0.0746584389317703,0.1162441213038542,0.6004101258662141,0.9270689515146592,107.94,90.85
50427.5,0.0208599909192223,0.1244499702686631,0.6183708103521426,0.8460164054251604,115.0,91.35
48539.25,0.0012847236554257,0.1354721876858208,0.6098500919247631,0.815398359457484,107.91,86.67
46482.25,0.0,0.1480350289204821,0.5934450572761986,0.7591975960367092,101.74,84.73
43454.75,0.0,0.1566841450889237,0.572868052609249,0.6946316900836514,84.18,74.34
40806.25,0.0,0.1517217146872804,0.4630179606844859,0.7254121660034111,88.58,72.72
38783.75,0.0,0.1499972971511973,0.4626290482251449,0.6801754243482498,88.82,70.16
37493.5,0.0,0.1531812530407049,0.4920803281006929,0.6635263542597255,79.66,64.0
36841.0,0.0,0.1613438564246716,0.5232286805260925,0.672541216600341,72.14,61.54
36769.0,5.159532752713915e-06,0.1637547975566246,0.4993989534719276,0.6551612117274426,71.87,57.28
37415.25,0.0053297973335534,0.1631277366344126,0.4802715316079762,0.65759766100869,71.83,57.6
38945.75,0.0322419201717092,0.1592302286610087,0.4624169141564135,0.6719727117680501,75.2,59.15
41498.75,0.0911637842077021,0.1430023244499702,0.4430420025456088,0.6773329001867945,74.4,60.13
44729.75,0.172720518429851,0.1306611168171252,0.4194597652382972,0.6767643953545034,72.49,62.83
48103.25,0.2601849176538572,0.1326774420238931,0.3943925894498656,0.6579225209128563,61.35,55.8
50743.5,0.3467051223841169,0.136650629763771,0.3878871446754349,0.6579225209128563,47.16,44.33
52193.75,0.4069529863375573,0.1407049029677279,0.3832201951633432,0.6383497116868351,41.86,38.7
52083.0,0.4405776612869938,0.1436131682793664,0.4038325555084146,0.6149597985868595,21.21,24.46
50470.5,0.4413619102654064,0.1499648629655657,0.4433955593268279,0.6183708275806059,7.44,13.39
48913.75,0.4247636933999257,0.1669874047245797,0.4897468533446471,0.616421668155608,2.92,9.5
48158.75,0.3996986832872415,0.1905940861668198,0.5469523405458917,0.6033460570129132,5.8,11.71
48002.0,0.3499195112890577,0.2140440023785069,0.5996676566256541,0.6065134410785349,13.0,18.96
48345.75,0.2636727617946918,0.2322720147034974,0.642023759015698,0.6026963372045805,52.08,46.56
48929.75,0.1662711024889586,0.2336829017784745,0.6794300664686749,0.6117111995451961,67.5,59.97
48090.0,0.0818817847855698,0.2271582247689064,0.7023405458916702,0.6535369122066109,81.9,68.82
46191.0,0.0214688157840425,0.227915022433645,0.7120280016970726,0.7166409485909202,85.86,70.97
44589.25,0.0009854707557683,0.2367425266230607,0.7227761278461321,0.669455047510761,81.76,69.89
43527.0,0.0,0.2445915995459214,0.7196648281714043,0.6216194266222691,84.48,70.46
41160.5,0.0,0.2452024433753175,0.7153514354405317,0.5965239990254203,65.39,63.45
38517.25,0.0,0.2780798962106059,0.5708527789563004,0.6110614797368634,35.71,42.79
36854.75,0.0,0.2749283745067301,0.5857728751237449,0.571509786404613,31.12,37.43
35745.0,0.0,0.2680036758743715,0.6275986423419602,0.5732153009014862,15.85,27.44
35247.75,0.0,0.2620844369965944,0.6738438693254136,0.5723219361650288,7.22,21.37
35583.25,8.255252404342263e-05,0.2640196767392832,0.6890114552397115,0.5741898806139852,8.96,18.81
35705.25,0.0070891980022289,0.2586626304124547,0.7015980766511102,0.5790627791764802,5.13,15.05
36454.25,0.0427622074544929,0.249089139953511,0.7066185829444209,0.5634695037764964,4.91,14.35
38446.75,0.1114097907293515,0.2360505973295854,0.7140786310281432,0.5568098757410866,4.11,13.4
41692.5,0.2027283609196351,0.2195145683550462,0.7012445198698911,0.5616827743035816,0.97,10.89
44809.25,0.2913949312750237,0.2182388237202011,0.6792179323999434,0.5662308129619101,0.0,9.66
47372.25,0.3885902092706484,0.2133682901778474,0.6658534860698628,0.594818484528547,1.56,8.78
50084.5,0.4669170759895983,0.2180009730255689,0.6301796068448593,0.6046454966295784,0.77,4.84
50495.5,0.5274538737771908,0.2301097356613871,0.4250813180596803,0.6191829773410217,-0.1,3.05
49045.25,0.5568786890659182,0.2408508568030704,0.4088884174798473,0.6163404531795663,-4.01,-5.53
47138.75,0.5612384942419615,0.2511108708578842,0.393119785037477,0.6108990497847803,-15.93,-12.76
46116.25,0.5279130721921823,0.267365803556949,0.3858718710224862,0.6083001705514497,-19.58,-18.01
45984.25,0.4571500804887109,0.2846532244986215,0.3968321312402771,0.6077316657191586,-8.98,-1.27
46975.0,0.3495067486688405,0.2995242986107357,0.4099137321453825,0.6013156826118736,-1.27,9.53
47983.75,0.2199199240516778,0.2970971403859668,0.5746004808372225,0.6392430764232925,13.95,26.47
47608.0,0.1058890906839476,0.2825017568517217,0.5759793522839768,0.686753837407618,67.23,60.32
46399.0,0.0276344574235357,0.2726687929077247,0.5847475604582096,0.6882157069763665,94.99,73.78
45752.25,0.0015788170223304,0.2748256662522298,0.5992080328100693,0.7536749776658815,106.93,85.87
45299.25,0.0,0.2780312449321584,0.5669990100410126,0.713960854381548,109.01,81.81
42548.25,0.0,0.274809449159414,0.5011667373780229,0.6718102818159669,99.16,73.55
40716.0,0.0,0.2198118817233364,0.446011879507849,0.5925444651993828,98.26,79.1
39210.5,0.0,0.1939726471701173,0.4398246358365153,0.6454966295784943,84.58,73.39
38847.5,0.0,0.1776582517973944,0.4761702729458351,0.606675871030618,83.67,73.7
38565.25,0.0,0.1660846532244986,0.4424409560175364,0.5957118492650044,83.81,66.87
39638.25,6.707392578528089e-05,0.1581761176279799,0.4260005656908499,0.6225940063347681,82.17,64.27
42960.0,0.0062739918273001,0.149775663549381,0.4322938763965492,0.6212133517420613,96.17,73.62
50264.25,0.041353655013002,0.1340180550300016,0.3911398670626502,0.7202144075367498,133.28,97.19
56004.75,0.1096555495934288,0.1167090112979079,0.3370103238580116,0.819865183139771,193.06,133.38
59545.75,0.2017583687621249,0.105151629817828,0.3003111299674728,0.857955006903273,164.48,123.59
60588.75,0.2884385190077186,0.0992918536137088,0.2719912317918257,0.8306667749533014,128.08,101.82
61687.75,0.385045610269534,0.0938158819395643,0.2654504313392731,0.6815560789409567,99.05,78.28
62387.25,0.4619897222107565,0.0939348072868803,0.2878659312685617,0.694144400227402,95.9,70.87
61512.0,0.5255706443224502,0.0992918536137088,0.3159383396973554,0.6558921465118168,81.09,64.1
60713.25,0.5629772567796261,0.1087788529109681,0.3290199406024607,0.6701859822951353,74.9,58.35
59220.0,0.5797921740207207,0.1221471430888156,0.3189082166595955,0.6952814098919841,67.3,53.17
58140.5,0.5524930862261114,0.131498999945943,0.3136755762975534,0.6994233736701048,72.02,52.99
57010.5,0.4806362735790647,0.1341261689821071,0.3001343515768632,0.6545927068951515,78.0,58.14
57271.0,0.3691490898584224,0.1311422239039948,0.2736883043416773,0.6701859822951353,105.95,77.63
57458.0,0.2318951995707268,0.122195794367263,0.2388629613915995,0.7252497360513279,127.32,99.54
56759.0,0.1076691294836339,0.1081680090815719,0.2051336444633008,0.7620401201981646,182.91,126.62
54669.5,0.0280626986420109,0.0940429212389858,0.1833191910620845,0.7591163810606676,215.28,152.42
52286.25,0.0014085524414908,0.0861181685496513,0.1639442794512798,0.7414115162836027,198.79,143.96
49800.0,0.0,0.0818152332558516,0.1446754348748408,0.7043774872086412,149.29,118.74
46285.5,0.0,0.0760473539110222,0.1365436289068024,0.6003411028993746,116.04,96.05
43461.5,0.0,0.0640467052273095,0.1073044830999858,0.5810119386014782,106.87,89.9
42228.75,0.0,0.0549597275528407,0.101576863244237,0.5928693251035491,99.98,84.21
41590.25,0.0,0.044878101519001,0.101930420025456,0.6079753106472834,95.42,80.6
41447.5,0.0,0.0350613546678198,0.0945764389760995,0.5937626898400065,92.94,73.62
42515.0,8.771205679613654e-05,0.0273149899994594,0.0803988120492151,0.5815804434337691,92.25,70.92
44564.5,0.0072955793123374,0.0221201146007892,0.076262197708952,0.6108178348087387,104.69,89.45
51184.75,0.0586071325380773,0.0206335477593383,0.0705699335313251,0.625923820352473,162.0,114.1
55812.5,0.1684897015726255,0.016357640953565,0.0713124027718851,0.6407861609680825,177.66,142.9
58636.75,0.3151339414702604,0.0149791880642196,0.0850657615613067,0.5931129700316738,141.68,124.56
59178.25,0.4572532711437652,0.0152278501540623,0.1214821100268703,0.644197189961829,112.37,100.55
58791.0,0.56319395715524,0.0203956970647062,0.1843091500494979,0.5818240883618939,91.6,87.49
59257.25,0.639229991331985,0.0291745499756743,0.2517324282279734,0.5729716559733615,81.31,75.53
58694.75,0.6901133033392496,0.0402129844856478,0.3056851930420025,0.5644440834889953,67.34,65.7
58211.0,0.7079291699343707,0.0534299151305475,0.3394498656484231,0.5821489482660602,55.27,54.03
56827.75,0.6998029058488463,0.0690848153954267,0.3550770753783057,0.5820677332900187,43.86,44.25
55989.75,0.6510762785322162,0.0810043786150602,0.3597440248903974,0.6011532526597905,47.06,45.77
55358.25,0.5570541131795105,0.0909995134872155,0.3745580540234762,0.5892958661577195,64.03,57.1
55216.25,0.4269203780905601,0.0985620844369966,0.4113279592702588,0.6291724193941363,84.88,72.75
55688.0,0.2764219672266479,0.1031461160062706,0.461851223306463,0.573458945829611,116.22,92.31
55487.0,0.1333945597886655,0.105270555165144,0.5251378871446755,0.6502883131649476,176.78,119.95
54252.5,0.0353273207578321,0.1126331153035299,0.5942582378730024,0.6891090717128239,235.52,145.1
52522.25,0.0015169026292978,0.1415914373749932,0.6413166454532598,0.6704296272232599,140.68,108.65
50180.0,0.0,0.1936645224066165,0.6371093197567529,0.6784699098513766,107.34,86.08
46065.5,0.0,0.2490999513487215,0.5880356385235469,0.619507837245188,75.81,69.88
43476.25,0.0,0.2966646845775447,0.4942723801442512,0.5797124989848128,56.85,59.83
42132.5,0.0,0.3429861073571544,0.5308301513223024,0.5711849265004467,43.93,51.39
41992.75,0.0,0.3845288934537002,0.6042638947815019,0.6277105498253878,44.55,47.37
41696.25,0.0,0.4130817882047678,0.496570499222175,0.5563225858848372,50.05,46.71
43094.75,2.579766376356957e-05,0.4373912103356938,0.4727407721680102,0.577925769511898,48.09,47.17
45975.75,0.0075793536137367,0.4109627547434996,0.5189506434733419,0.5949809144806302,71.19,54.21
53692.5,0.0612900895694885,0.3535866803611006,0.6036628482534295,0.6093559652399902,103.55,69.78
58378.0,0.1701923473810211,0.3043948321530894,0.6221538679111865,0.6255177454722651,142.76,84.37
61184.0,0.3077506501011268,0.2601654143467214,0.5788431622118512,0.6369690570941282,112.92,76.17
61723.5,0.4437043381351385,0.2465754905670577,0.5025456088247773,0.6286851295378868,84.16,57.84
61974.75,0.5462139348660585,0.2466133304502946,0.4175505586197143,0.6409485909201657,69.93,47.79
62639.75,0.6054040946051925,0.2412022271474133,0.3691486352708245,0.6817185088930399,62.03,44.39
61795.0,0.6267955173979445,0.2360073517487431,0.3786239570074954,0.6874035572159506,48.4,37.04
61029.25,0.6153258760886614,0.2316287366884696,0.4303139584217225,0.6203199870056039,30.17,29.42
59616.25,0.5652422916580675,0.2276068976701443,0.4437491161080469,0.6147161536587347,26.3,26.38
57589.0,0.5170625748132249,0.2186334396453862,0.4708669212275491,0.608625030455616,30.06,35.23
56786.5,0.439654104924258,0.207032812584464,0.4797058407580257,0.6483391537399497,62.57,46.1
56891.75,0.3259483221199488,0.1906481431428726,0.4691344929995757,0.6534556972305693,80.43,69.8
57450.5,0.2026148511990754,0.1693388831828747,0.4701951633432329,0.6469584991472428,105.09,93.39
56881.75,0.0969063441614727,0.1478133953186658,0.4777612784613209,0.6489076585722408,126.97,110.47
54662.5,0.0255345275931811,0.1306340883290988,0.4779380568519304,0.6977178591732316,155.9,129.77
52535.75,0.0018264745944607,0.115357586896589,0.4724932824211568,0.7310972143263218,158.02,132.19
50491.75,0.0,0.1128331261149251,0.4765238297270541,0.7238690814586209,141.47,121.8
46823.25,0.0,0.1121411968214498,0.4850799038325555,0.6730285064565906,105.99,100.75
43719.5,0.0,0.1240391372506622,0.5558266157544902,0.6712417769836758,93.24,86.0
42070.5,0.0,0.1143899670252446,0.5266935369820394,0.5982295135222935,89.92,78.31
41189.5,0.0,0.1051570355154332,0.5301583934379861,0.6092747502639486,85.86,74.58
41158.0,0.0,0.1027028488026379,0.5482958563145242,0.628441484609762,85.35,73.28
42247.25,1.5478598258141743e-05,0.1060760041083301,0.5607056993353132,0.6299033541785105,88.25,76.23
44879.5,0.0112219837371527,0.1086058705875993,0.5749893932965634,0.667505888085763,98.97,82.1
51261.25,0.0774652247492467,0.0975241904967836,0.5628977513788714,0.7008852432388533,123.9,100.63
56236.75,0.2113705782804309,0.0753986701983891,0.5526799604016405,0.7129050596930074,127.92,106.68
58829.0,0.3805103809798985,0.0637493918590194,0.5062579550275774,0.6275481198733046,96.83,91.73
59473.5,0.5522867049160028,0.0711497918806422,0.464113986706265,0.6533744822545278,71.89,65.47
60053.0,0.6784527593181161,0.0890642737445267,0.4449512091641918,0.6781450499472103,57.8,58.55
59821.25,0.7529615718000577,0.1073787772312016,0.4128482534295007,0.6526435474701535,30.25,35.39
61545.75,0.7835008461633715,0.123017460403265,0.3850586904256823,0.6812312190367904,24.33,29.04
58604.0,0.78370722747348,0.1333423428293421,0.3596733135341536,0.7185901080159182,19.5,26.38
56750.5,0.7498658521484295,0.1350991945510568,0.2983665676707679,0.6349386826930886,24.23,27.52
56058.25,0.6792886036240559,0.1360884372128223,0.2579550275774289,0.6670998132055551,37.65,36.75
55198.25,0.5692770462706898,0.1320720038921022,0.2238367981897892,0.706570291561764,62.11,56.15
55050.75,0.4282515375407603,0.1200659495107843,0.2013505869042568,0.7399496467148542,80.67,79.45
55425.75,0.2665930573327279,0.102410941131953,0.1828949229246217,0.7250060911232031,89.92,91.3
55096.75,0.1283227390927477,0.0835612735823558,0.1610097581671616,0.796150410135629,115.69,108.94
53614.0,0.0369061377801626,0.0715011622249851,0.1345637109319756,0.8481279948022415,163.98,135.01
51401.0,0.0021721632888925,0.0646197091734688,0.1111582520152736,0.8380573377730853,167.72,134.54
49237.25,5.675486027985306e-05,0.060138385858695,0.0950007071135624,0.8004548038658329,132.45,113.19
45686.25,0.0,0.0513000702740688,0.0869042568236458,0.7751969463169008,104.39,97.37
43131.75,0.0,0.0621006540894102,0.0940814594823928,0.742710955900268,101.0,93.72
41441.25,0.0,0.0524622952592032,0.0957785320322443,0.790302931860635,96.13,89.72
40660.75,0.0,0.0459430239472403,0.1137392165181728,0.7099001055794688,91.7,85.69
40768.75,0.0,0.0418455051624412,0.1611158252015273,0.668480467798262,87.53,81.92
41393.0,5.159532752713914e-05,0.0415049462133088,0.2069721397256399,0.6874035572159506,84.25,79.49
43951.5,0.010819540182441,0.0394021298448564,0.2166949512091641,0.7879476975554293,91.9,83.8
50402.0,0.0716194741404218,0.0343478025839234,0.2134068731438269,0.8197839681637293,113.95,97.06
55510.0,0.2042039872869113,0.0308124763500729,0.2350799038325555,0.7946885405668805,119.05,102.49
58527.25,0.3886933999257027,0.0284880263798043,0.2471715457502475,0.7278486152846585,102.76,95.45
58721.0,0.577171131382342,0.0341856316557651,0.2760217790977231,0.664988223828474,78.56,78.48
58423.0,0.7158026169150121,0.0492837450673009,0.2829868476877386,0.6590595305774385,60.66,61.74
58656.5,0.7852292896355306,0.0673117465808962,0.2797694809786452,0.6538617721107772,41.39,46.85
57502.25,0.8037829694142898,0.086777663657495,0.2898458492433884,0.6958499147242752,33.91,38.93
56252.25,0.7942687910182854,0.1067841504946213,0.3134987979069438,0.6622269146430602,25.36,31.39
54922.0,0.7488752218599084,0.1258284231580085,0.3596379578560317,0.6583285957930642,17.41,25.3
54643.5,0.6840869690840797,0.1340829234012649,0.3929076509687456,0.6519938276618208,13.08,23.35
54608.5,0.5827176290915095,0.1330180009730255,0.4211568377881488,0.7197271176805002,25.57,39.79
54220.75,0.4419758946629793,0.1217471214660251,0.4287583085843586,0.7270364655242427,64.56,63.78
53657.5,0.2771081850827589,0.100529758365317,0.4097015980766511,0.7315845041825713,85.21,81.9
53248.75,0.1310779295826969,0.0781826044651062,0.3715174657049922,0.7786079753106473,128.58,106.15
51636.25,0.0379328847979527,0.0602573112060111,0.3393437986140574,0.8292049053845529,154.75,116.73
49612.75,0.0019193461840095,0.0463808854532677,0.3392023759015698,0.8590108015918135,153.85,120.54
47630.25,0.0,0.0431915238661549,0.3905741762126997,0.799642654105417,126.88,105.06
44173.5,0.0,0.0456078706957132,0.464502899165606,0.7484772191992204,97.45,90.42
41698.0,0.0,0.0564408886966863,0.6217295997737237,0.6681556078940957,98.36,88.7
39595.0,0.0,0.0626682523379642,0.6208810634987979,0.6715666368878421,90.04,71.78
38232.0,0.0,0.0744905130007027,0.603839626644039,0.6598716803378543,83.31,63.32
38032.25,0.0,0.0955727336612789,0.6790765096874558,0.6712417769836758,83.53,57.74
37946.0,1.5478598258141743e-05,0.1202497432293637,0.619714326120775,0.6561357914399415,79.64,54.98
37573.75,0.0121042638378668,0.126190604897562,0.5808937915429218,0.7272801104523674,82.11,52.18
39151.75,0.0781566021381103,0.1207092275258122,0.4964644321878093,0.6697799074149273,79.38,53.17
42672.25,0.2344491682833202,0.1160927617709065,0.4570782067600056,0.6548363518232763,62.82,49.25
45536.75,0.4439313575762579,0.0963079085355965,0.4288997312968463,0.7009664582148948,42.2,42.12
47009.5,0.6460663722293309,0.0943942915833288,0.4375618724367133,0.6779826199951271,12.24,20.32
47954.75,0.7848216865480662,0.1296718741553597,0.3846344222882195,0.6766831803784618,-0.13,5.89
48404.25,0.8571015808808354,0.180334072112006,0.4117522274077216,0.6846422480305369,-2.27,2.69
47961.75,0.8811553225739877,0.2314125087842586,0.3948875689435723,0.6904085113294891,-10.26,-3.79
46793.5,0.8542741569323482,0.2667441483323423,0.3705628623957007,0.6397303662795419,-23.7,-13.24
45403.0,0.7772165352705659,0.284858641007622,0.3221609390468109,0.6469584991472428,-30.03,-17.29
45221.25,0.6780915920254261,0.307816638737229,0.3244590581247348,0.6400552261837082,-20.62,-10.33
45098.25,0.546115903743757,0.3343802367695551,0.3506576156130674,0.6744091610492975,-8.25,3.04
45261.0,0.389085524414909,0.341234661333045,0.5123744873426672,0.6964184195565662,0.01,15.03
45676.25,0.2348567713707846,0.3279744851073031,0.5742115683778815,0.7103061804596768,44.91,45.58
46006.5,0.1129060552276385,0.317746905238121,0.597051336444633,0.7324778689190287,68.84,59.61
45035.5,0.0314060758657695,0.314476458186929,0.6077287512374487,0.735726467960692,99.32,65.06
43532.25,0.0016562100136211,0.3064003459646467,0.6454179041154009,0.724437586290912,93.01,66.24
42209.25,7.739299129070872e-05,0.2954916481971998,0.6790411540093338,0.7726792820596118,100.0,68.47
39589.0,0.0,0.2799286447916103,0.7193466270683072,0.7066515065378056,78.79,56.97
37769.75,0.0,0.2363803448835072,0.6898953471927591,0.6442784049378706,74.28,58.87
35968.5,0.0,0.2273095843018541,0.7155989251873851,0.6398927962316251,63.59,43.06
35215.75,0.0,0.2229525920320017,0.6425187385094047,0.6558109315357752,42.52,29.95
34976.5,0.0,0.219747013352073,0.5962028001697073,0.6562170064159831,15.57,16.99
34705.25,5.675486027985306e-05,0.2092491486026271,0.5691557064064489,0.6448469097701616,18.19,16.04
34513.0,0.0114954389730466,0.2092869884858641,0.5705345778532033,0.6722975716722164,11.56,12.49
35739.0,0.0705359722623519,0.195886264122385,0.5649837363880639,0.6368878421180866,8.4,11.65
38321.5,0.20260453213357,0.1754689442672576,0.5796209871305331,0.6436286851295379,2.22,8.61
40616.75,0.3782608246997151,0.1718200983836964,0.4698062508838919,0.6549175667993178,-0.08,4.28
42559.5,0.54600755355595,0.2018541542786096,0.4489464007919672,0.654105417038902,-2.01,-1.74
43727.75,0.6646510092046064,0.2380398940483269,0.4806250883891953,0.6485827986680744,-7.6,-8.4
45240.0,0.7208641185454245,0.2649818909130223,0.4921156837788148,0.654105417038902,-15.0,-15.58
44608.5,0.7359918685763818,0.2712903400183794,0.5032527223872154,0.5925444651993828,-25.0,-26.7
43199.0,0.7236605852973955,0.2824044542948267,0.5054094187526517,0.5835296028587672,-32.69,-33.77
42163.75,0.6661937094976679,0.2798529650251365,0.5088035638523547,0.5851539023795987,-37.14,-36.0
41719.75,0.5974738927642713,0.2836477647440402,0.5029345212841182,0.6103305449524893,-28.68,-26.16
41968.0,0.5046900152722169,0.3028650197307962,0.5033587894215811,0.6762771054982539,-5.84,-1.59
43206.75,0.3784517274115656,0.296297097140386,0.515096874558054,0.7168033785430034,-0.5,10.83
45507.0,0.2360641020349197,0.2691334666738743,0.6612926035921369,0.7715422723950296,42.76,40.45
46062.75,0.1155993313245552,0.2364614303475863,0.6776976382407015,0.7370259075773573,96.85,62.41
45208.25,0.0335937177529203,0.2064327801502783,0.7044618865789846,0.7639892796231625,115.86,69.51
44669.0,0.0018058364634498,0.1821233580193524,0.712982605006364,0.7241939413627873,111.24,75.9
44615.5,3.0957196516283486e-05,0.1747932320665982,0.7106137745721963,0.748152359295054,108.42,75.04
41806.25,0.0,0.1779393480728688,0.7046033092914722,0.6727036465524243,97.21,65.89
39539.75,0.0,0.1728417752310935,0.7405953896195729,0.6205636319337285,73.96,60.34
38853.5,0.0,0.1788366938753446,0.6663484655635695,0.646714854219118,71.59,55.12
38257.25,0.0,0.1799718903724525,0.6044406731721115,0.6461463493868269,68.73,53.24
38184.5,0.0,0.1681658468025298,0.547235185970867,0.6385933566149598,68.27,51.75
39511.0,4.6435794774425226e-05,0.1552137953402886,0.4974543911752227,0.6508568179972387,69.0,48.8
42698.5,0.0103500227019441,0.1422076869019947,0.4407792391458068,0.6813124340128319,78.32,53.23
49979.0,0.0622755603252569,0.1174387804746202,0.3744873426672324,0.7537561926419232,117.4,69.9
54657.5,0.1763063936929871,0.0875452727174441,0.3275703577994626,0.7444164703971412,185.18,100.44
57895.0,0.3357875510793742,0.0770744364560246,0.2745014849384811,0.7161536587346706,146.21,88.77
58533.0,0.4917189499318942,0.0846910643818584,0.2312968462735115,0.6583285957930642,107.25,75.7
58257.75,0.6000949354026499,0.0989458889669712,0.20919954744732,0.6566230812961911,89.46,64.37
60453.25,0.6465152515788171,0.1204605654359695,0.1904610380427096,0.6588158856493137,85.04,61.95
59141.75,0.647201469434928,0.1469322666090058,0.1732428227973412,0.6945504751076098,74.3,57.23
59158.25,0.6251186692533124,0.1726309530244878,0.162388629613916,0.6664500933972225,73.59,52.93
58461.0,0.5756181120237751,0.1965781934158603,0.1753641634846556,0.7148542191180054,67.07,49.5
57302.25,0.5170470962149668,0.2154440780582734,0.190319615330222,0.707544871274263,65.88,49.47
56361.5,0.4397108597845379,0.2308611276285204,0.2236953754773016,0.6751400958336717,70.0,50.57
56548.75,0.3303958393527882,0.2451213579112384,0.2801583934379861,0.7346706732721514,81.2,58.19
56816.0,0.2080736368514467,0.257376074382399,0.3698557488332626,0.7508324535044262,98.53,73.4
56304.25,0.0985883518388574,0.2704632682847721,0.4799179748267572,0.7750345163648177,118.59,95.73
54214.0,0.0272887687291038,0.2906319260500568,0.5845000707113562,0.7470965646065134,124.45,100.11
52133.25,0.0017955173979444,0.3163630466511703,0.6532668646584642,0.702103467879477,113.32,93.78
49321.0,5.159532752713914e-05,0.345699767555003,0.6720760854193183,0.6744091610492975,98.41,91.19
46188.25,0.0,0.3764257527433915,0.6640857021637675,0.6612523349305612,77.76,76.72
43455.25,0.0,0.4223741823882372,0.5915358506576156,0.6209697068139365,60.07,64.51
42367.75,0.0,0.4379534028866425,0.6063852354688163,0.6292536343701779,56.96,60.7
42183.25,0.0,0.4578788042596897,0.600834394003677,0.6889466417607407,62.95,60.98
42603.0,0.0,0.4627114979188064,0.5734337434591995,0.6697799074149273,55.82,55.32
43417.75,8.771205679613654e-05,0.4585382993675334,0.528673454956866,0.6606838300982701,60.06,55.18
45819.5,0.0078528088496305,0.4475485161360074,0.4848324140857021,0.6853731828149111,59.11,59.09
52023.25,0.0529780823048664,0.4454348883723444,0.4525880356385235,0.7285795500690327,81.83,71.84
56924.5,0.1432337887480909,0.4348235039731877,0.4606491302503182,0.6938195403232356,100.26,92.02
59777.75,0.2678984191191645,0.4345856532785556,0.4520930561448169,0.6815560789409567,91.5,85.65
60587.5,0.3880226606678499,0.4432239580517866,0.4192122754914439,0.6787947697555429,68.27,67.13
61292.75,0.4909243818879762,0.4365208930212444,0.4385518314241267,0.7094128157232193,49.92,51.22
61973.5,0.5731518553679779,0.4300827071733607,0.4647857445905812,0.6873223422399091,32.13,41.52
61567.0,0.6262847236554258,0.4232012541218444,0.4939895347192759,0.655648501583692,11.12,32.8
60373.25,0.6493787922565732,0.4159359965403535,0.527577428935087,0.6478518638837002,0.76,22.93
58750.25,0.6363561315887233,0.4091950916265744,0.5419671899307029,0.6600341102899374,0.0,21.95
57843.5,0.590967721963099,0.3976863614249419,0.55211426955169,0.6759522455940875,0.03,29.64
57252.75,0.5106544351343543,0.3811989837288502,0.5634634422288219,0.6652318687565987,13.89,34.38
57906.0,0.3904166838651092,0.3619817287420941,0.5840050912176495,0.6917891659221961,55.27,52.26
57720.0,0.2523785445990011,0.328325855451646,0.6277047093763258,0.7531876878096321,71.65,68.28
57260.75,0.1289264044248153,0.2854748905346235,0.6734903125441946,0.7739787216762771,100.0,89.48
55606.75,0.0393981920997234,0.2541110330288124,0.7087045679536134,0.8383821976772516,127.64,102.14
53362.5,0.0025023733850662,0.2317422563381804,0.7249681798896903,0.796150410135629,122.37,103.2
50980.0,6.707392578528089e-05,0.2248229634034272,0.7193466270683072,0.773816291724194,106.74,91.85
47673.5,0.0,0.224585112708795,0.7193466270683072,0.6874035572159506,90.82,70.07
44935.25,0.0,0.2264825125682469,0.671050770753783,0.6647445789003492,88.85,72.62
43270.75,0.0,0.2208335585707335,0.6360132937349738,0.6312840087712174,85.35,71.01
42596.25,0.0,0.2233472079571868,0.5973341818696083,0.644197189961829,80.29,69.16
42585.25,0.0,0.2139250770311908,0.5905812473483242,0.6361569073337123,82.11,66.81
43849.5,4.127626202171132e-05,0.2098275582463917,0.5654433602036487,0.6315276536993422,86.11,66.15
46581.25,0.0115625128988318,0.2043245580842207,0.5503818413237166,0.645740274506619,94.65,72.87
53258.75,0.0708300656292566,0.1783177469052381,0.5429571489181162,0.6955250548201088,124.74,91.45
57763.0,0.2098794733148966,0.1487215525163522,0.5398812049215104,0.7656947941200357,136.4,109.82
60583.5,0.3906333842407231,0.1408346397102546,0.5394569367840475,0.7108746852919678,114.62,96.15
60901.5,0.5461778181367896,0.143272609330234,0.5362042143968321,0.6909770161617802,78.65,69.51
61535.5,0.6503591034795889,0.1543488837234445,0.5294159241974261,0.7012101031430196,64.19,56.58
61808.75,0.7035538861600693,0.1649332396345748,0.5122330646301796,0.706570291561764,58.0,50.43
61064.75,0.7239598381970529,0.1756311151954159,0.4981261490595389,0.7175343133273776,42.09,45.78
60385.5,0.7169996285136419,0.1837342559057246,0.4834535426389478,0.7081945910825956,40.72,43.99
59399.25,0.6950767738473603,0.19647548516136,0.4735893084429359,0.7044587021846829,39.68,41.1
58546.5,0.633709291286581,0.1985945186226282,0.4862819968887003,0.7218387070575815,45.34,41.62
58118.25,0.5352189705700252,0.1973079625925725,0.5070357799462594,0.7094128157232193,63.0,53.95
57744.75,0.4096514219672266,0.1932266609005892,0.5220972988261915,0.7632583448387883,81.2,66.37
57938.25,0.2656282247079704,0.177258230174604,0.5341182293876396,0.7492081539835945,99.95,78.14
57387.75,0.1344367854047137,0.1531920644359154,0.5293098571630603,0.8190530333793552,135.7,98.7
55575.25,0.0402082387418995,0.1294718633439645,0.5079550275774289,0.8692438885730529,154.34,111.21
53125.75,0.0024765757213026,0.1120547056597654,0.4673313534153585,0.8854056688053277,154.66,110.59
50834.0,0.0001135097205597,0.1051083842369857,0.4191062084570782,0.8825631446438723,130.88,101.07
47389.0,0.0,0.1051191956321963,0.3889124593409702,0.7624461950783724,107.07,87.23
44528.0,0.0,0.1146602519055084,0.4386225427803705,0.7515633882888004,99.0,82.95
42788.0,0.0,0.1196551164927833,0.3721185122330646,0.769917972874198,93.26,73.03
41759.25,0.0,0.1239418346937672,0.3635977938056852,0.6786323398034597,84.19,68.61
41617.0,0.0,0.1219579436726309,0.3476877386508273,0.7089255258669699,85.21,66.21
42717.5,6.191439303256697e-05,0.1192064435915454,0.3556074105501343,0.7118492650044668,83.83,63.65
45395.5,0.0110981549510876,0.1120384885669495,0.3493848112006788,0.7592788110127507,98.96,71.29
51899.75,0.070406983943534,0.0952105519217254,0.3076651110168293,0.842199301551206,122.41,85.47
56800.25,0.1999267346349114,0.0689550786529001,0.2791684344505727,0.8647770648907659,131.09,105.71
59619.5,0.3738133074668758,0.0573976971728201,0.2403125441945976,0.7909526516689678,115.02,100.23
59808.25,0.5356110950592314,0.0567652305530028,0.2213265450431339,0.7492893689596362,83.8,74.45
59671.0,0.6432647459446073,0.063781826044651,0.2283623249893933,0.7358076829367335,69.01,60.08
60026.0,0.7002672637965905,0.0718146926860911,0.252262763399802,0.6904085113294891,61.71,54.89
59358.5,0.7222468733231519,0.0810422184982972,0.2674303493140998,0.7330463737513198,53.36,49.1
58872.5,0.7086824617162669,0.0896210605978701,0.2680667515202941,0.7416551612117275,46.96,46.08
57717.75,0.6812079498080654,0.0948267473917509,0.2719205204355819,0.7505075936002599,43.35,44.11
56682.25,0.6255211128080241,0.0921293042867182,0.2495403761844152,0.750670023552343,53.74,51.56
55361.5,0.5395736162133157,0.0845018649656738,0.2224932824211568,0.7478274993908877,77.42,61.27
55710.25,0.4245469930243117,0.0732255797610681,0.1983099985857728,0.7698367578981564,80.08,65.59
56461.0,0.2815866595121146,0.0586518190172441,0.1762834111158252,0.8131243401283197,106.91,84.81
56055.5,0.1423463491146241,0.0452997459322125,0.1587116390892377,0.8733858523511736,139.66,113.21
54413.5,0.0414568456680563,0.0425374344559165,0.1486352708244944,0.9130999756355072,188.35,141.93
52025.5,0.0024765757213026,0.0553110978971836,0.142730872578136,0.8810200600990823,163.84,127.9
49914.5,6.191439303256697e-05,0.0897399859451862,0.1485999151463725,0.8181596686428978,108.37,97.36
46196.5,0.0,0.1347802583923455,0.1709447037194173,0.7747908714366929,85.18,75.79
43016.0,0.0,0.1990161630358397,0.1546457361052185,0.7710549825387801,83.13,73.47
41366.5,0.0,0.2405373263419644,0.1645453259793522,0.7179403882075854,71.45,55.37
40968.75,0.0,0.2695064598086383,0.1766369678970442,0.7233005766263298,63.93,51.01
41431.0,0.0,0.2923617492837451,0.1715457502474897,0.7413303013075612,59.53,49.49
41966.5,0.0002115408428612,0.3034218065841397,0.1960472351859708,0.740193291642979,55.82,47.72
44378.5,0.0085338671729888,0.2987134439699443,0.2192052043558195,0.7558677820190043,64.22,51.27
51834.25,0.0473541916044083,0.2964268338829126,0.2478079479564418,0.8353772435637131,85.01,61.75
57069.5,0.11408758822801,0.268187469592951,0.2697638240701456,0.8903597823438643,100.95,78.04
59469.0,0.1842365955339084,0.2269906481431428,0.3301513223023617,0.907902217168846,104.99,81.57
60172.5,0.254364964708796,0.2000162170928158,0.3660373355960967,0.8424429464793308,102.54,74.34
60594.0,0.3281256449415941,0.2018379371857938,0.4122472069014283,0.787216762771055,82.18,62.41
61295.75,0.3955504189540595,0.2260987080382723,0.4239145806816575,0.746203199870056,68.1,54.85
61976.75,0.4425692409295414,0.2609276177090653,0.4217578843162212,0.7325590838950703,60.88,49.07
60749.25,0.4594976678911958,0.2956484134277528,0.4173384245509829,0.7692682530658653,47.46,43.29
57921.25,0.4636459322243778,0.3025406778744797,0.4053174939895347,0.8370015430845448,40.74,39.35
57243.0,0.4528831469022165,0.2928050164873777,0.3857658039881205,0.7894095671241776,41.0,40.25
56612.0,0.4102912040285632,0.269501054111033,0.3621835666808089,0.8143425647689434,60.31,49.14
56486.75,0.3328620960085854,0.2368019892967187,0.339131664545326,0.8260375213189312,75.0,60.45
56394.0,0.2267821026127874,0.2020595707876101,0.3223377174374204,0.9031917485584342,90.98,75.38
54454.5,0.1170233623643042,0.1801935239742688,0.3163626078348183,0.9434743766750588,136.0,89.29
51835.25,0.0351415775787344,0.1865722471484945,0.3245651251591006,0.943636806627142,127.31,95.66
49308.5,0.0020122177735584,0.2290177847451213,0.3389195304765945,0.9078210021928044,117.12,91.9
47529.25,4.6435794774425226e-05,0.2815125141899562,0.3487837646726064,0.9006740843011452,83.41,74.83
44745.0,0.0,0.3211416833342342,0.3482534295007778,0.8240883618939332,59.42,60.04
41144.25,0.0,0.3268717227958268,0.3393437986140574,0.737269552505482,60.68,66.63
39740.0,0.0,0.3471971457916644,0.3330151322302361,0.6966620644846909,41.04,56.18
38302.25,0.0,0.3614519703767771,0.3476877386508273,0.7303662795419475,29.97,47.67
37474.5,0.0,0.3717119844315908,0.3224791401499081,0.744660115325266,28.86,41.7
37554.25,6.707392578528089e-05,0.3946105194875399,0.328913873568095,0.7368634776252742,22.51,28.49
38076.25,0.0082965286663639,0.4237526352775825,0.3753358789421581,0.7326402988711118,10.04,18.52
39752.5,0.0455586742064638,0.4690415698145845,0.4106562013859426,0.682287013725331,1.54,12.81
42683.5,0.1066114252693276,0.4984485647872858,0.459588459906661,0.6740030861690895,0.09,10.24
46149.75,0.1798509926941016,0.5409643764527813,0.4731650403054731,0.6948753350117761,0.0,8.15
48120.0,0.269441119412226,0.5699010757338234,0.3952411257247914,0.6715666368878421,-0.06,0.81
49028.0,0.3899987617121394,0.5955078652900156,0.4311624946966483,0.6532120523024446,-10.08,-6.09
50687.5,0.5177075164073142,0.6056921995783556,0.436183000989959,0.6558921465118168,-29.04,-18.06
49668.5,0.6184989887315805,0.6070328125844641,0.4399660585490029,0.631771298627467,-44.92,-27.38
47308.5,0.6738814132992116,0.6018433428833991,0.4647503889124593,0.6194266222691465,-65.46,-36.35
46043.5,0.6828125644941594,0.5671063300718958,0.4542497525102531,0.5926256801754244,-80.01,-42.76
44921.25,0.6271876418871507,0.536747932320666,0.4441380285673879,0.5742710955900268,-56.23,-28.29
45191.0,0.5309365583852727,0.5044488891291421,0.4188233630321029,0.6309591488670511,-29.53,-7.97
46499.0,0.4042081149131135,0.4646088977782583,0.4557346909913732,0.6878096320961585,-4.84,11.68
46934.5,0.2613561315887233,0.3903129898913455,0.4645736105218498,0.7143669292617558,-0.01,20.8
46060.5,0.1330127543649647,0.3051083842369858,0.6187597228114835,0.7522943230731747,40.0,45.66
44270.0,0.0400121764972964,0.2424131034109952,0.6495898741337859,0.7830747989929343,84.28,60.18
42902.5,0.0022340776819251,0.2180388129088059,0.6725357092349031,0.7732477868919029,79.92,67.52
41882.5,7.739299129070872e-05,0.2232390940050813,0.683177768349597,0.7630146999106635,64.3,62.64
39494.75,0.0,0.242683388291259,0.6840263046245227,0.7454722650856818,40.4,47.53
38255.75,0.0,0.2664360235688415,0.7885376891528779,0.7277674003086169,24.91,34.65
36443.25,0.0,0.2755392183361262,0.7694456229670485,0.7176155283034191,10.36,19.49
35492.25,0.0,0.2822044434834315,0.7540305473058974,0.7143669292617558,4.92,14.81
34689.5,0.0,0.2784042380669225,0.7523334747560458,0.7042150572565581,2.92,12.68
35063.75,4.6435794774425226e-05,0.2788312881777393,0.7261702729458351,0.7003979533826038,2.19,12.2
35166.75,0.0109743261650224,0.2784366722525542,0.7039669070852779,0.6985300089336474,2.53,12.94
36111.25,0.0709229372188054,0.2595815990053516,0.714856455946825,0.7083570210346788,2.95,11.92
38017.0,0.1878069921987864,0.2288393967241472,0.7246499787865931,0.6994233736701048,0.69,9.88
40975.25,0.3406529904651835,0.2022866100870317,0.5849243388488191,0.6955250548201088,-0.02,8.29
43380.75,0.4899647087959714,0.204486729012379,0.5649837363880639,0.6817997238690815,-1.28,6.69
44948.5,0.6034950674866884,0.2180982755824639,0.5126926884457644,0.6690489726305531,-10.0,1.78
46284.75,0.6840456928220581,0.2316990107573382,0.4266016122189223,0.6569479412003574,-13.33,-0.57
46819.25,0.7224996904280349,0.2410616790096762,0.3691486352708245,0.6399740112076667,-20.01,-4.78
45477.5,0.7219269822924836,0.2449429698902643,0.3262268420308301,0.613091854137903,-30.01,-11.07
43805.5,0.6946794898254014,0.2483918049624304,0.2914368547588742,0.6441159749857874,-35.67,-14.26
42907.25,0.6128235027035952,0.2447970160549218,0.2693749116108047,0.6568667262243157,-29.04,-10.1
43191.0,0.5075277582862096,0.235455970593005,0.2534295007778249,0.68480467798262,-10.14,3.99
44999.5,0.3811398439757295,0.2336666846856586,0.2474543911752227,0.7210265572971656,-2.34,16.25
46684.75,0.2423071366657035,0.2227796097086329,0.3504808372224579,0.8001299439616665,56.22,43.37
45893.5,0.1185505840591076,0.1908319368614519,0.362148211002687,0.8582798668074393,99.65,74.95
45303.75,0.0320819746563751,0.169598356667928,0.3673808513647292,0.9004304393730204,119.15,89.26
43956.75,0.0019606224460312,0.1580463808854532,0.3585419318342526,0.9488345650938032,124.28,94.91
44076.75,7.739299129070872e-05,0.1579274555381372,0.3456371093197568,0.983269714935434,120.34,93.5
41439.75,0.0,0.1616303583977512,0.325519728468392,0.8482092097782831,94.44,77.2
40160.75,0.0,0.139942699605384,0.2454744732003959,0.8343214488751726,76.62,68.74
38611.75,0.0,0.1482782853127196,0.1974261066327252,0.7865670429627223,66.73,58.98
37906.5,0.0,0.1453321801178442,0.2187102248621128,0.762527410054414,68.81,57.68
38242.75,0.0,0.1327206876047354,0.2343020789138735,0.8051652724762446,71.81,58.43
39355.25,5.675486027985306e-05,0.1226174387804746,0.2449794937066892,0.8517826687241127,73.56,56.96
42458.75,0.0100868865315557,0.1175144602410941,0.2485504171970018,0.833265654186632,90.02,69.68
49559.75,0.0615893424691459,0.1168117195524082,0.2676778390609532,0.9286120360594492,119.13,91.05
55212.25,0.1586762702769637,0.1034001837937185,0.2519799179748268,0.8828067895719971,132.68,108.31
58531.25,0.2800181615552896,0.0893291529271852,0.2611370386084005,0.8103630309429058,116.23,99.99
60207.25,0.3996006521649399,0.0907562570949781,0.2723447885730448,0.784293023633558,84.73,75.45
60473.75,0.5135644116068849,0.1080598951294664,0.2748196860415783,0.7643953545033704,62.11,56.56
60598.5,0.6047952697403723,0.1249040488675063,0.2654504313392731,0.7592788110127507,55.01,45.91
59920.75,0.6621073595575184,0.1361100600032434,0.2451209164191769,0.735726467960692,41.86,36.06
59670.0,0.6755273042473273,0.1459105897616087,0.2271602319332484,0.7266303906440348,39.45,33.88
58969.75,0.6409997110661658,0.1501270338937239,0.2076438976099561,0.728335905140908,46.62,39.73
58187.5,0.5795857927106122,0.1462997999891886,0.1937491161080469,0.748152359295054,54.54,45.93
57161.25,0.4881124365377471,0.1344991621168711,0.1824706547871588,0.7588727361325428,64.21,55.88
57101.75,0.3675547942378338,0.1160224877020379,0.1733842455098288,0.7920896613335499,88.58,74.45
56939.0,0.2362292070830065,0.0912860154602951,0.1617168717295997,0.8166165840981077,114.16,98.14
56278.75,0.1234263425104222,0.0665765717065787,0.1436501202093056,0.859498091448063,157.37,137.02
54801.25,0.0371383167540347,0.0496351154116438,0.1244519869891104,0.9187038089823764,210.16,171.55
52263.75,0.0023475874024848,0.0422671495756527,0.1112289633715174,0.910988386258426,200.01,169.59
49895.0,0.0001444669170759,0.0425914914319692,0.1058195446188658,0.927312596442784,128.15,118.63
46190.75,0.0,0.0447591761716849,0.1047588742752086,0.861447250873061,101.55,88.84
43758.25,0.0,0.0344018595599762,0.1244873426672323,0.8236822870137254,96.92,85.42
42106.0,0.0,0.0378669117249581,0.1050770753783057,0.7810444245918947,90.29,76.56
41016.5,0.0,0.0385372182280123,0.0977584500070711,0.8152359295054008,87.53,75.25
41007.0,0.0,0.0375263527758257,0.0812473483241408,0.8691626735970113,89.29,74.02
42039.75,2.579766376356957e-05,0.0398670198389102,0.0635341535850657,0.7881101275075124,90.29,73.67
44722.5,0.0126150575803855,0.0409968106384128,0.0488615471644746,0.7626898400064972,95.94,77.94
51291.75,0.0798128121517315,0.0401805503000162,0.0338000282845424,0.9174855843417526,134.49,102.69
56539.5,0.2161070293474223,0.0318665873831017,0.0260924904539669,0.83367172906684,130.17,104.4
60064.5,0.4025415858339868,0.0233039623763446,0.0218498090793381,0.8028100381710387,95.96,87.26
60270.5,0.5928715895488504,0.0192442834747824,0.0148493848112006,0.7277674003086169,80.9,73.83
59957.75,0.7210704998555331,0.0189361587112816,0.0103238580115966,0.7336960935596524,69.91,63.32
61045.25,0.7873240599331325,0.0198118817233363,0.0080257389336727,0.7909526516689678,54.81,53.33
61613.25,0.8057177941965575,0.0213741283312611,0.0079550275774289,0.7978559246325022,51.16,50.35
60355.75,0.77387831757956,0.0249040488675063,0.0087682081742327,0.8296109802647608,51.03,50.45
58026.25,0.6969135675073266,0.0309097789069679,0.0097228114835242,0.8464224803053683,57.04,54.1
57677.0,0.6126222809262393,0.0407589599437807,0.0108541931834252,0.8192154633314384,73.12,59.78
57676.0,0.4945773310768976,0.0541326558192334,0.0132583792957148,0.8681068789084707,76.24,66.95
58449.0,0.3468495893011928,0.0701227093356397,0.0195870456795361,0.9258507268740356,90.06,78.63
58517.0,0.2063090766500185,0.0899183739661603,0.03245651251591,0.8897100625355315,133.25,101.4
57360.5,0.0979434102447682,0.1122384993783447,0.0488969028425965,0.9325103549094452,158.19,141.97
55752.0,0.0293113055681677,0.13379101573058,0.0639937774006505,0.9305611954844474,171.87,146.78
53167.25,0.0021979609526561,0.1391642791502243,0.0752015273652948,0.8814261349792902,134.47,121.16
50621.5,3.61167292689974e-05,0.1428942104978647,0.084217225286381,0.8757410866563794,104.2,92.56
47363.5,0.0,0.142272555273258,0.0889195304765945,0.8391131324616259,91.63,79.81
44155.0,0.0,0.1126763608843721,0.0826615754490171,0.8644522049865996,99.95,90.02
42711.25,0.0,0.1209308611276285,0.0781006929712911,0.8610411759928531,91.43,79.01
41892.0,0.0,0.130871939023731,0.078913873568095,0.8581174368553561,86.85,73.98
41940.5,0.0,0.127190658954538,0.0825555084146514,0.8462600503532851,85.78,71.61
42411.0,8.771205679613654e-05,0.1194929455646251,0.1097440248903974,0.9038414683667668,83.47,69.87
44763.5,0.0072594625830684,0.1103140710308665,0.1265733276764248,0.8772029562251279,86.41,72.17
51564.25,0.0517759111734841,0.1004973241796853,0.1521354829585631,0.9163485746771703,112.55,90.74
56746.25,0.1428777809881537,0.0859505919238877,0.1778744166313109,0.9449362462438072,116.83,104.6
60166.5,0.2623828786065134,0.0767717173901292,0.1869961815867628,0.904816048079266,107.33,97.94
61730.75,0.3788748090972881,0.0729444834855938,0.1877032951492009,0.9109071712823844,86.31,77.35
62519.5,0.4809768027407438,0.0703929942159035,0.1968604157827747,0.8914155770324048,75.1,65.79
63286.75,0.5497482148016676,0.0728039353478566,0.2116037335596096,0.8619345407293105,66.23,57.09
62450.25,0.5893837454080159,0.0822206605762473,0.2227761278461321,0.8442296759522456,58.03,49.95
61520.75,0.6014622115821191,0.100118925347316,0.2257106491302503,0.7832372289450175,39.84,40.98
59991.25,0.5907922978495067,0.1266284664035893,0.2254985150615188,0.7950134004710468,22.41,30.01
59241.25,0.5586587278656044,0.1462187145251094,0.2368476877386508,0.7873791927231382,23.56,30.74
57557.5,0.4994530895282123,0.1583869398345856,0.2524395417904115,0.8051652724762446,59.9,41.78
58270.5,0.4004880917984067,0.1630898967511757,0.2758450007071135,0.7833184439210591,70.0,57.97
57663.75,0.2621094233706195,0.1600140548137737,0.3016192900579833,0.8483716397303663,88.44,65.87
55931.5,0.1355048086845255,0.1517595545705173,0.312296704850799,0.8796394055063754,102.9,82.24
54902.75,0.0411163165063771,0.1419211849289151,0.307771178051195,0.8984812799480224,143.66,96.72
52806.25,0.0023114706732158,0.1376560895183523,0.2833757601470796,0.9054657678875984,115.08,87.93
51163.75,6.191439303256697e-05,0.1465376506838207,0.2498585772875123,0.8740355721595062,108.26,82.46
47747.0,0.0,0.1490999513487215,0.2212558336868901,0.8418744416470397,93.21,67.97
44590.25,0.0,0.1292988810205957,0.1931480695799745,0.8457727604970356,85.89,72.08
42878.5,0.0,0.1287799340504892,0.1821878093621835,0.7393811418825631,78.62,67.55
42383.25,0.0,0.1250013514244013,0.1729953330504879,0.7131487046211321,78.88,64.86
42158.25,0.0,0.1146440348126925,0.1601612218922359,0.7321530090148624,78.82,64.92
43017.0,6.191439303256697e-05,0.1025839234553219,0.1629189647857445,0.7299602046617396,78.62,64.72
45507.25,0.0116037891608535,0.0982539596734958,0.1437915429217932,0.8245756517501828,86.55,71.8
51420.75,0.0707062368431914,0.09402670414617,0.1079055296280582,0.8725737025907577,114.11,99.85
55820.5,0.1932915755149213,0.0773609384291042,0.0876467260642059,0.8720051977584666,112.84,104.53
59615.25,0.3633188178478557,0.0582193632088221,0.0725498515061518,0.8176723787866482,102.99,99.04
60571.25,0.5262362240475502,0.0486729012379047,0.0628977513788714,0.8188093884512304,80.69,77.5
60216.25,0.638507656746605,0.0421103843450997,0.0644180455381134,0.7180216031836271,69.13,64.36
60222.5,0.6915579725100095,0.0396994432131466,0.0648069579974544,0.6849671079347032,58.77,53.8
60303.5,0.7045754736451068,0.0387696632250391,0.0613067458633856,0.6984487939576057,55.46,50.39
60118.0,0.6826577785115779,0.0385804638088545,0.0579833121199264,0.7628522699585804,53.81,48.65
59585.0,0.6354428942914929,0.0403156927401481,0.0571701315231226,0.7916023714773004,57.18,52.4
58729.25,0.5502022536839064,0.04045083518028,0.054730589732711,0.7287419800211159,68.58,62.81
57037.75,0.4456752796466752,0.0427212281744959,0.050982887851789,0.8499147242751564,80.0,70.68
56845.25,0.324880298840137,0.0464133196388994,0.0478362324989393,0.8439048160480793,98.27,87.2
57306.25,0.2052100961736905,0.0511703335315422,0.0395630038184132,0.8989685698042719,119.31,103.05
57016.25,0.1021432699054773,0.0608735607330125,0.0306533729316928,0.930398765532364,155.62,127.7
54835.75,0.0306269864201097,0.0750310827612303,0.0261632018102107,0.9886299033541786,200.09,160.05
52171.0,0.0020792916993437,0.0875128385318125,0.0253146655352849,0.9618289612604564,130.06,131.93
50002.25,4.127626202171132e-05,0.1036218173955348,0.0255621552821383,0.9577682124583772,111.83,106.11
46395.0,0.0,0.1143737499324287,0.0250318201103097,0.8708681880938846,95.05,89.11
43436.5,0.0,0.0953511000594626,0.0131169565832272,0.879720620482417,100.81,87.21
41484.0,0.0,0.089756203038002,0.0129755338707396,0.8344838788272557,90.77,79.07
40541.25,0.0,0.0873452619060489,0.0151322302361759,0.8707869731178429,89.95,76.99
40792.5,0.0,0.0806530082707173,0.0185263753358789,0.8432550962397466,87.83,74.6
41627.25,2.063813101085566e-05,0.0789448078274501,0.0292037901286946,0.8491837894907821,86.31,72.37
43968.25,0.00910657530854,0.0833991026541975,0.0387498232216093,0.8511329489157801,86.14,73.35
50289.5,0.0589321831014983,0.0873182334180226,0.05359920803281,0.8698936083813855,96.92,89.26
55202.25,0.1489815082346142,0.0800583815341369,0.0610592561165323,0.8853244538292862,122.8,106.41
59151.0,0.2431533000371486,0.0614465646791718,0.0644180455381134,0.9217087630959148,121.84,106.46
60845.0,0.3364479712717216,0.0544407805827342,0.0662918964785744,0.899537074636563,111.67,94.76
62309.5,0.4157964254757089,0.0601978485323531,0.0744590581247348,0.8792333306261675,100.65,89.38
62181.0,0.4693523754488793,0.073458024758095,0.0931975675293452,0.8199463981158126,89.94,77.96
61336.75,0.4965069963264126,0.0879182658522082,0.1236034507141847,0.8097133111345732,88.54,72.84
60427.5,0.489015354769472,0.1085734364019676,0.1501909206618583,0.8593356614959798,82.68,67.92
58188.0,0.4427085483138647,0.1164657549056705,0.134033375760147,0.7136359944773816,78.22,69.12
57012.25,0.3975935939241342,0.1282772041731985,0.1418469806250883,0.8165353691220661,82.03,70.46
56921.5,0.3340694266727205,0.1435969511865506,0.1525243954179041,0.8592544465199383,88.85,76.26
57188.0,0.2428230899409749,0.1610735715444078,0.1736317352566822,0.8151547145293592,100.65,86.84
56325.5,0.1522216948033186,0.174339153467755,0.2051336444633008,0.8549500527897345,110.0,93.45
55432.5,0.0719445247038428,0.1907292286069517,0.2342313675576297,0.8504832291074474,116.93,105.13
52785.75,0.0199003178272175,0.205740850856803,0.2590864092773299,0.8682693088605539,114.4,108.74
50360.75,0.0019864201097948,0.218492891507649,0.2763753358789421,0.7185901080159182,105.26,102.3
48170.25,5.159532752713914e-05,0.2371101140602194,0.2844717861688587,0.7201331925607082,95.99,91.05
45208.25,0.0,0.2573598572895832,0.2744661292603592,0.7009664582148948,82.14,75.35
42020.5,0.0,0.3347748526947403,0.2354688162918964,0.702103467879477,80.07,76.09
40342.0,0.0,0.3574193199632413,0.2022698345354263,0.7063266466336392,70.25,63.59
38920.75,0.0,0.3630628682631494,0.2158464149342384,0.6850483229107447,62.43,55.64
38085.25,0.0,0.3693226660900589,0.2338424550982888,0.7012913181190612,50.5,46.77
37956.0,2.063813101085566e-05,0.3685820855181361,0.1916277754207325,0.7015349630471859,49.62,45.92
37836.5,0.0059644198621372,0.3613925077031191,0.1664545325979352,0.7194022577763339,46.47,44.6
40049.5,0.0489897634870186,0.3607978809665387,0.1646160373355961,0.7059205717534314,60.56,51.61
43094.5,0.1518140917158542,0.3383426131142223,0.1200325272238721,0.7232193616502883,48.89,51.53
46743.25,0.2976018491765386,0.3107465268392886,0.134033375760147,0.7241127263867457,44.92,46.2
50349.0,0.4487658397655508,0.3044597005243526,0.1602672889266016,0.7239502964346626,34.65,38.14
51669.0,0.5685598712180625,0.2963673712092545,0.160479422995333,0.7368634776252742,12.54,19.05
52163.25,0.6507409089032897,0.2895561922266068,0.158959128836091,0.7227320717940389,3.59,10.04
50876.5,0.6838960663722293,0.2818098275582464,0.1659949087823504,0.6590595305774385,2.62,8.8
48717.25,0.6770080901473563,0.271322774204011,0.1801018243529911,0.6459839194347438,0.03,1.85
47504.0,0.6269915796425476,0.2575004054273204,0.1732428227973412,0.6575164460326485,-0.01,-0.57
47377.5,0.566062657365749,0.2497864749445916,0.182753500212134,0.640704945992041,-0.07,-0.03
47722.5,0.4793825071201552,0.246445753824531,0.204674020647716,0.6617396247868107,4.23,7.25
48230.0,0.3619205844718702,0.2332558516676577,0.2244378447178616,0.6440347600097458,42.59,34.19
48662.75,0.2336339621083914,0.2129574571598464,0.2395347192759157,0.6688865426784699,80.49,68.83
47615.5,0.1200365294918892,0.1816206281420617,0.2409489464007919,0.7685373182814911,112.16,95.12
45608.0,0.0360754530069756,0.1478728579923239,0.2321100268703153,0.8235198570616422,122.81,96.37
44087.5,0.00174908160317,0.1252986647926915,0.2161292603592136,0.8076017217574921,124.05,94.51
43421.5,2.063813101085566e-05,0.1163414238607492,0.2259227831989817,0.7897344270283441,110.17,92.67
41529.25,0.0,0.114222390399481,0.2430702870881063,0.7482335742710956,89.77,79.59
39055.25,0.0,0.1247580950321639,0.2943360203648706,0.7323154389669455,90.49,80.96
37201.25,0.0,0.117492837450673,0.3045184556639796,0.7158287988305043,79.25,69.15
36246.5,0.0,0.1250662197956646,0.3102460755197285,0.6813936489888736,71.24,64.11
35801.0,0.0,0.1357803124493216,0.2928864375618724,0.6933322504669861,70.67,61.42
35732.25,7.22334585379948e-05,0.1349694578085302,0.2642483382831282,0.6864289775034517,66.94,60.76
35073.25,0.0107576257894085,0.120509216714417,0.2431056427662282,0.6717290668399253,62.09,55.72
36172.0,0.0657376068023279,0.1047570138926428,0.2232003959835949,0.6675871030618046,57.9,51.21
38642.25,0.1809912494324514,0.0787447970160549,0.2101541507566115,0.6786323398034597,46.35,41.77
41725.75,0.3350806950922524,0.0705281366560354,0.1869961815867628,0.6619020547388939,19.77,20.87
43546.75,0.4764106162545919,0.0769933509919455,0.1461957290340828,0.6851295378867863,4.24,5.89
44667.75,0.579389730466009,0.0845991675225687,0.1248762551265733,0.6662876634451392,0.0,1.72
45741.75,0.6476761464481776,0.0850694632142278,0.0955663979635129,0.6654755136847235,-0.05,1.03
45538.75,0.688482890989392,0.0913508838315584,0.0901923348889831,0.6904085113294891,-0.1,0.74
44010.25,0.6988845090188632,0.1025298664792691,0.0868689011455239,0.6907333712336555,-1.05,-0.35
42968.5,0.682802245428654,0.1034542407697713,0.077782491868194,0.7008852432388533,-2.21,-1.27
42105.0,0.6348753456886944,0.1034542407697713,0.0790552962805826,0.7060017867294729,-2.05,-0.61
42608.5,0.5501661369546373,0.1082004432672036,0.0869396125017677,0.6956062697961504,-0.27,2.55
44177.75,0.4294640277376481,0.1031623330990864,0.114410974402489,0.7228132867700804,22.61,23.2
45535.5,0.2808643249267346,0.0885831666576571,0.1211639089237731,0.7976122797043775,71.12,61.44
45378.25,0.1454214306352416,0.072203902913671,0.1064205911469381,0.816941444002274,99.5,88.24
44845.25,0.0452336236430428,0.0603978593437483,0.0854900296987696,0.8702184682855518,115.14,98.81
43661.5,0.0026881165641639,0.0544353748851289,0.0594328949229246,0.8926338016730285,115.44,104.56
44030.0,4.127626202171132e-05,0.0591599545921401,0.0467048507990383,0.8854868837813693,114.33,104.5
41637.25,0.0,0.0612681766581977,0.0387144675434874,0.8570616421668156,99.79,90.8
39301.25,0.0,0.0597816098167468,0.0241832838353839,0.8587671566636887,106.18,87.41
38020.25,0.0,0.0572679604302935,0.0208244944138028,0.8188093884512304,92.19,77.68
37093.75,0.0,0.0571436293853721,0.0189152877952199,0.7870543328189719,84.93,73.05
37165.25,0.0,0.0572733661278988,0.0199406024607551,0.8186469584991473,84.46,70.55
38156.75,4.6435794774425226e-05,0.0541867127952862,0.0238650827322868,0.8555185576220256,84.96,71.48
41336.25,0.0121506996326412,0.0497378236661441,0.0265874699476735,0.8391943474376675,97.02,81.61
48614.0,0.0772227267098691,0.0478890750851397,0.0242186395135058,0.8360269633720459,136.06,105.79
54158.75,0.2315598299418004,0.0368776690631926,0.0142836939612501,0.8026476082189555,136.0,111.87
57610.75,0.4460003302100961,0.0253202875831126,0.0073186253712346,0.8546251928855682,102.99,92.14
58662.5,0.646912535600776,0.0217471214660251,0.0039598359496535,0.8160480792658166,79.34,72.91
58579.0,0.7885520287282783,0.0244337531758473,0.0029698769622401,0.7461219848940145,53.88,53.84
59111.75,0.8595110826763528,0.0278609654575923,0.0031466553528496,0.7544059124502558,37.81,43.3
59074.5,0.878570396664878,0.0296340342721228,0.0039598359496535,0.7522943230731747,31.19,40.67
58368.25,0.8693090353737566,0.0305151629817828,0.0046315938339697,0.7474214245106797,29.96,37.73
56638.5,0.8353541503281463,0.0331531434131574,0.0051265733276764,0.7241939413627873,30.93,37.8
55637.5,0.7663608783588558,0.0357154440780582,0.0054094187526516,0.7432794607325591,47.85,46.97
55109.0,0.6557250175424114,0.0391048164765663,0.0054801301088954,0.7739787216762771,66.32,62.82
55004.25,0.5032247079704462,0.04289961619547,0.004879083580823,0.800617233817916,82.49,78.43
55422.5,0.3225481900359103,0.0485485701929834,0.0054801301088954,0.8376512628928775,98.39,98.04
55352.75,0.1570097411978371,0.0591923887777717,0.0069650685900155,0.9054657678875984,153.3,142.61
53730.25,0.0455638337392165,0.0794637547975566,0.0091217649554518,0.9651587752781612,209.32,181.97
51613.0,0.0031834317084244,0.10734634304557,0.0114552397114976,0.9528140989198408,156.0,157.07
49684.0,7.739299129070872e-05,0.1342180658413968,0.0134705133644463,0.8998619345407293,116.59,118.13
46176.0,0.0,0.1474674306719282,0.0133998020082025,0.8694063185251361,91.89,92.06
43322.5,0.0,0.1839829179955673,0.0138240701456653,0.8283927556241371,88.8,83.61
42031.75,0.0,0.1838639926482512,0.0136119360769339,0.8487777146105742,84.8,77.57
40752.75,0.0,0.175966268446943,0.0161575449017112,0.8330220092585072,84.78,77.38
40489.5,0.0,0.1616249527001459,0.0178899731296846,0.8215706976366441,85.22,74.36
41567.75,6.191439303256697e-05,0.1432672036326288,0.0246075519728468,0.8473970600178673,85.5,72.68
43861.5,0.0124189953357823,0.1308881561165468,0.0307594399660585,0.8878421180865752,94.9,81.79
50459.75,0.0786519172823709,0.1176874425644629,0.0273652948663555,0.8602290262324372,114.8,100.81
55443.25,0.2384787633631898,0.0869290231904427,0.0259864234196011,0.864370990010558,122.0,105.2
58366.0,0.4610197300532463,0.0546407913941294,0.0227690567105077,0.8778526760334606,103.8,91.91
59532.75,0.6752332108804227,0.0402292015784637,0.020753783057559,0.7834808738731422,74.64,69.4
59618.5,0.8355244149089859,0.0482242283366668,0.0214608966199971,0.7643953545033704,48.32,46.14
59663.0,0.939783093243076,0.0614411589815665,0.0238650827322868,0.7060830017055145,12.83,28.68
59094.25,0.9895674247740124,0.073868857776096,0.0286380992787441,0.7146105741898806,0.0,20.5
58406.5,0.990331035621414,0.0851181144926752,0.0375123744873426,0.7071387963940551,-0.05,17.63
56923.0,0.9387202294960167,0.0999297259311314,0.045679536133503,0.7103873954357184,-0.04,18.15
55762.75,0.8452914104098733,0.1125195956538191,0.0639937774006505,0.6971493543409405,11.59,30.92
55451.75,0.7102303215420811,0.1250445970052435,0.0791613633149483,0.7793389100950215,48.37,46.93
56650.75,0.5298220993106865,0.1358019352397426,0.0919247631169565,0.7863233980345976,74.0,66.64
56921.0,0.3283887811119825,0.146288988593978,0.1081176636967897,0.8061398521887436,95.9,87.16
56301.25,0.1588723325215668,0.1584626196010595,0.1296492716730307,0.9122066108990498,128.9,123.9
55066.25,0.0459869154249391,0.1792529325909508,0.1563781643331919,0.9848940144562658,136.69,135.72
53191.25,0.0027500309571965,0.2133142332017946,0.1808089379154292,0.9078210021928044,122.09,124.55
51298.25,8.255252404342263e-05,0.239510243796962,0.2026941026728892,0.8962072606188581,106.57,104.61
47758.75,0.0,0.2391372506621979,0.2047447320039598,0.8658328595793064,89.95,85.88
44948.0,0.0,0.2462187145251094,0.2342667232357516,0.7617964752700398,107.15,79.48
43161.75,0.0,0.2195415968430726,0.1856526658181304,0.7388938520263136,99.88,73.53
42348.25,0.0,0.1922103897507973,0.1546457361052185,0.7700804028262812,95.32,70.11
41790.0,0.0,0.1692145521379534,0.1112289633715174,0.8103630309429058,95.46,68.62
42199.25,4.127626202171132e-05,0.1579652954213741,0.0826262197708952,0.8187281734751888,91.68,66.99
44005.5,0.0116295868246171,0.1527704200227039,0.0753429500777825,0.8764720214407536,97.01,72.95
50590.5,0.0751124778140091,0.146288988593978,0.0722316504030547,0.885162023877203,107.46,87.11
55923.75,0.2218547488339456,0.1003459646467376,0.079302786027436,0.8820758547876228,130.0,101.49
59231.75,0.4233551409584348,0.0541326558192334,0.0758379295714891,0.8499147242751564,121.1,97.35
60469.0,0.618452552936806,0.0385858695064598,0.0660090510535992,0.7881913424835539,101.76,81.7
60512.5,0.7681202790275312,0.0484999189145359,0.0606349879790694,0.741736376187769,89.48,66.58
61065.75,0.8626945143847773,0.0611384399156711,0.0586550700042426,0.7027531876878096,84.1,62.25
60460.0,0.8994097494530895,0.0658468025298664,0.0612006788290199,0.702103467879477,78.64,58.13
59789.0,0.8864180459817559,0.062997999891886,0.068731438268986,0.7251685210752863,76.54,56.44
58732.25,0.8272330457753746,0.0575760851937942,0.0756965068590015,0.7443352554210997,80.0,59.33
57863.25,0.7310903124613035,0.0562679063733174,0.095919954744732,0.7207016973929993,90.45,65.33
57491.0,0.5959157138729516,0.0594248337747986,0.1179111865365577,0.7078697311784293,99.86,73.57
57535.25,0.4353974904032691,0.0673603978593437,0.1436147645311837,0.7502639486721352,105.8,83.71
58339.0,0.2749669789903826,0.0812584464025082,0.1753995191627775,0.8126370502720701,105.13,100.96
57580.25,0.1398749329260742,0.1026758203146116,0.2187455805402347,0.924632502233412,126.73,119.89
54227.0,0.0428705576422999,0.1284177523109357,0.2693042002545608,0.9340534394542354,134.39,136.49
53350.25,0.0024972138523135,0.1489864316990107,0.3125795502757743,0.9175667993177942,128.85,112.46
51561.5,5.159532752713914e-05,0.1623493161792529,0.3387073964078631,0.9276374563469504,115.55,95.06
47941.5,0.0,0.1622898535055948,0.3396619997171545,0.8898724924876147,110.0,83.38
45082.0,0.0,0.1580193523974269,0.2815726205628624,0.8465849102574515,96.0,91.38
43511.5,0.0,0.1475322990431915,0.2958209588459907,0.8692438885730529,86.9,82.53
42968.75,0.0,0.1318882101735229,0.2748196860415783,0.9010801591813532,80.4,77.0
42820.75,0.0,0.1136980377317692,0.2236953754773016,0.9066839925282222,82.84,76.31
43297.5,3.0957196516283486e-05,0.1048218822639061,0.1659595531042285,0.8552749126939008,78.79,72.16
45518.0,0.0098340694266727,0.0975025677063625,0.1302149625229812,0.8729797774709657,84.98,76.27
51937.75,0.0660110620382218,0.0873020163252067,0.1107339838778107,0.8805327702428328,117.51,98.5
57114.0,0.1831943699178602,0.0644575382453105,0.1025314665535285,0.8706245431657598,125.11,109.07
60677.5,0.3445948734882569,0.0408130169198335,0.1006576156130674,0.792658166165841,115.0,105.44
61438.75,0.4999484046724728,0.0367317152278501,0.0884599066610097,0.8042719077397872,88.87,81.96
61823.25,0.6361910265406365,0.0355857073355316,0.0808230801866779,0.7484772191992204,66.74,60.52
62475.5,0.7156942667272052,0.0421266014379155,0.0830151322302361,0.7185901080159182,52.4,48.05
61651.0,0.7502940933669047,0.0552624466187361,0.096662423985292,0.7014537480711444,48.82,40.62
61775.25,0.7365594171791803,0.0704902967727985,0.1177344081459482,0.6871599122878259,45.31,36.83
60698.0,0.6931677467288563,0.086150602735283,0.138947815019092,0.668480467798262,44.56,34.31
59643.5,0.6272340776819251,0.0984593761824963,0.1895417904115401,0.6683180378461788,48.39,36.05
59894.5,0.5187600610888677,0.1115303529920536,0.2404186112289633,0.7408430114513116,61.92,45.23
59947.25,0.3933008626738762,0.1138656143575328,0.2777542073256965,0.8144237797449849,75.59,64.87
59446.25,0.2540089569488587,0.1032866641440077,0.2822797341253005,0.8426865914074555,79.53,82.04
58642.25,0.1281215173153919,0.0878588031785501,0.263223023617593,0.9273938114188256,110.08,114.51
56302.5,0.0410956783753663,0.073674252662306,0.2403125441945976,0.9223584829042476,200.04,160.97
53692.0,0.0023733850662484,0.0676468998324233,0.2070074954037618,0.9330788597417364,186.18,142.76
51269.75,4.127626202171132e-05,0.0789448078274501,0.1712275491443926,0.9136684804677982,125.21,105.17
47748.25,0.0,0.09490783285583,0.1432258520718427,0.8811824900511654,101.8,87.99
44654.0,0.0,0.1119519974052651,0.0869396125017677,0.8668074392918054,96.85,71.75
42652.25,0.0,0.1321530893561814,0.1112996747277612,0.8249005116543491,95.42,65.91
41921.75,0.0,0.1528839396724147,0.115931268561731,0.8563307073824413,86.08,65.21
41774.0,0.0,0.1658738310178928,0.1066680808937915,0.8456915455209941,79.97,62.09
42162.0,2.063813101085566e-05,0.1825990594086166,0.1167798048366567,0.8003735888897913,83.61,63.27
44768.75,0.0095554546580261,0.1921130871939023,0.1488827605713477,0.7912775115731341,91.28,68.98
51365.0,0.0699529450612952,0.1975512189848099,0.2231296846273511,0.9061154876959312,120.29,86.23
56559.5,0.198564617988195,0.1849991891453592,0.2620209305614481,0.8828067895719971,108.93,86.12
60009.75,0.3702429108019978,0.1818368560462727,0.308160090510536,0.786242183058556,84.89,79.07
60404.25,0.5364366202996657,0.2127087950700038,0.3721538679111865,0.7989117193210428,59.9,53.45
61153.5,0.6625717175052627,0.2531920644359154,0.4396478574459058,0.7492893689596362,24.45,26.87
61660.5,0.7321583357411153,0.2985620844369966,0.4624876255126573,0.762933484934622,2.03,9.51
61091.5,0.7760762785322162,0.343467214444024,0.496216942440956,0.7354016080565257,-1.56,6.86
60290.75,0.7857658810418129,0.3764798097194443,0.5224508556074106,0.718996182896126,-5.09,12.04
58056.25,0.7698899987617122,0.3742526623060705,0.5293452128411823,0.7146105741898806,-9.95,11.24
56907.5,0.7222933091179263,0.3707011189794043,0.5546245226983454,0.7073824413221798,-9.91,17.37
56557.0,0.6337196103520865,0.3467052273095843,0.5753075943996606,0.7181028181596686,-6.48,24.72
57325.75,0.4965689107194452,0.3055084058597762,0.6004101258662141,0.738650207098189,3.62,32.21
56639.75,0.3189777933710323,0.2506351694686199,0.6145523971149767,0.8016730285064566,41.98,59.17
55746.75,0.158273826722252,0.1997891777933942,0.6412105784188941,0.8511329489157801,84.32,80.6
53184.5,0.0472922772113757,0.1584355911130331,0.6248055437703295,0.9163485746771703,108.93,96.23
50521.5,0.0024972138523135,0.1214227796097086,0.5741408570216376,0.9386826930886056,138.06,109.08
48500.75,6.707392578528089e-05,0.0937293907778798,0.5121977089520577,0.9364086737594411,126.57,107.89
45398.25,0.0,0.0714308881561165,0.444102672889266,0.8833752944042882,109.02,96.22
42221.5,0.0,0.0607762581761176,0.3589661999717154,0.8738731422074231,110.4,91.77
39889.75,0.0,0.0499540515703551,0.3033870739640786,0.8763908064647121,109.91,77.73
38233.25,0.0,0.046953889399427,0.2358577287512374,0.946560545764639,109.89,75.04
37459.5,0.0,0.0490945456511162,0.189188233630321,0.88962884755949,109.56,81.6
37283.5,2.063813101085566e-05,0.0494567273906697,0.1651463725074247,0.8571428571428571,108.09,81.75
37192.0,0.0101333223263301,0.0545597059300502,0.1365789845849243,0.8830504345001218,103.07,79.79
39100.75,0.0756593882857968,0.0626466295475431,0.1070923490312544,0.8084950864939495,96.62,76.33
42281.75,0.2187951459115862,0.0550894642953673,0.0786310281431197,0.8179972386908145,84.14,69.85
45605.0,0.4117616708630866,0.04113735877615,0.0782774713619007,0.7791764801429384,66.91,58.95
48470.25,0.6102179386634746,0.0315476512243905,0.0769339555932682,0.7413303013075612,29.58,34.25
49488.0,0.7668200767738473,0.0276177090653548,0.0648423136755763,0.7130674896450906,5.04,7.97
49187.75,0.8656096503900607,0.0244013189902156,0.047553387073964,0.6751400958336717,0.04,1.66
48362.0,0.9119577331076898,0.021509270771393,0.0303705275067175,0.6534556972305693,-0.02,-0.07
47401.25,0.9142640442481528,0.0183145034866749,0.0202941592419742,0.6498010233086982,-0.23,0.5
46417.25,0.8785497585338672,0.0176604140764365,0.0151675859142978,0.659546820433688,-0.08,2.46
46530.0,0.7836298344821893,0.0210660035677604,0.0115966624239852,0.6378624218305856,1.3,9.09
46592.75,0.6412731663020597,0.0290988702092004,0.0115613067458633,0.6947941200357346,11.91,22.29
46903.5,0.463568539233087,0.0423266122493107,0.0195163343232923,0.8102006009908227,69.51,63.02
48356.0,0.2817672431584596,0.0621276825774366,0.0309008626785461,0.860472671160562,104.3,85.71
48081.75,0.1365728319643373,0.0978863722363371,0.0445835101117239,0.9032729635344756,126.93,100.33
46166.75,0.0400431336938126,0.1538083139629169,0.0607410550134351,0.9229269877365386,139.2,110.04
44276.0,0.0021050893631072,0.2196821449808097,0.0839343798614057,0.8759847315845042,113.3,92.3
43919.25,8.255252404342263e-05,0.2748364776474404,0.1176990524678263,0.8641273450824332,100.08,90.8
41102.75,0.0,0.2960214065625169,0.1571206335737519,0.8436611711199545,93.83,82.7
39654.75,0.0,0.3023136385750581,0.2646726064205911,0.7247624461950783,70.06,65.37
38705.0,0.0,0.291361695226769,0.3084429359355112,0.6977178591732316,61.69,55.93
37804.75,0.0,0.2927077139304827,0.2954674020647716,0.6910582311378218,66.67,55.18
37609.5,0.0,0.2733282880155684,0.293416772733701,0.698205149029481,67.05,54.39
37756.25,9.287158954885044e-05,0.2636088437212822,0.2994979493706689,0.6979615041013563,64.36,51.9
36960.75,0.0056393692987163,0.230520568679388,0.2741479281572621,0.7295541297815317,51.39,43.34
37027.5,0.0422823709084905,0.1953240715714363,0.2740418611228963,0.7657760090960773,51.56,39.09
38853.0,0.1167241094646468,0.1672144440240013,0.3544406731721114,0.7989117193210428,20.42,18.15
40834.75,0.2224687332315185,0.1696794421320071,0.3301866779804837,0.8120685454397791,6.83,8.14
43994.5,0.3046600899822512,0.1952159576193307,0.3134634422288219,0.8015105985543735,0.82,2.09
47220.75,0.3798344821892929,0.2361370884912698,0.2907297411964361,0.7279298302607001,0.0,-0.05
49258.0,0.4285869071696867,0.2656576031136818,0.2361405741762127,0.705027207016974,0.0,-0.32
49141.25,0.4562420027242333,0.2845126763608844,0.1841323716588884,0.6965808495086494,-0.02,-0.48
47257.25,0.4536519172823709,0.2996324125628412,0.1526304624522698,0.7018598229513522,-1.51,-1.44
46403.5,0.4312750237338507,0.3229363749391859,0.1448168575873285,0.7157475838544628,-1.09,-1.18
46669.25,0.3848908242869526,0.3324720255148927,0.1601258662141139,0.6984487939576057,0.0,1.33
46498.0,0.3124251867750856,0.3434239688631817,0.1718993070287088,0.7387314220742305,0.91,4.15
47892.5,0.2311573863870888,0.3393264500783826,0.1846273511525951,0.7995614391293755,36.66,28.45
49275.0,0.1493323564617988,0.3047516081950375,0.2049568660726912,0.815398359457484,70.02,60.11
48615.75,0.0749267346349114,0.2587815557597708,0.2241549992928864,0.779826199951271,87.26,75.81
47644.0,0.0209167457795022,0.2150602735282988,0.2238367981897892,0.8942581011938602,99.9,84.57
46226.25,0.0012228092623931,0.1742580680036758,0.2157049922217508,0.8621781856574352,102.39,90.37
45566.25,3.61167292689974e-05,0.1464187253365046,0.2147857445905812,0.8979939900917729,102.16,87.09
43048.0,0.0,0.1260987080382723,0.2158110592561165,0.8174287338585235,93.01,79.52
40471.75,0.0,0.09667009027515,0.1425187385094046,0.8456103305449525,94.88,85.43
39402.5,0.0,0.0900048651278447,0.1681162494696648,0.8234386420856006,84.32,78.01
38458.75,0.0,0.0868641548191794,0.1774147928157262,0.7322342239909039,78.19,69.71
38234.25,0.0,0.0861451970376777,0.1628128977513788,0.7470965646065134,78.01,67.93
39489.25,2.063813101085566e-05,0.0856262500675712,0.1486352708244944,0.7521318931210915,75.63,67.17
42308.5,0.0050253849011433,0.0932969349694578,0.1421298260500636,0.7881913424835539,80.82,70.37
49761.25,0.0445474057869319,0.0952159576193307,0.1395842172252863,0.8808576301469991,122.19,99.99
55221.0,0.1246336731745573,0.0896048435050543,0.1558124734832414,0.902866888654268,141.3,113.84
58835.75,0.2305743591860321,0.0880804367803665,0.1690001414227125,0.8887354828230326,142.36,112.34
59616.75,0.3301688199116688,0.1008973458024758,0.1941380285673879,0.8831316494761634,115.57,94.14
60680.75,0.4151411648161142,0.1164711606032758,0.2253570923490312,0.8140177048647771,107.01,86.82
61022.75,0.4822976431254385,0.1356667927996108,0.2534295007778249,0.830747989929343,91.67,75.75
60504.5,0.5292184339786189,0.1592896913346667,0.2714255409418752,0.7743035815804434,77.38,66.04
59946.75,0.5562750237338506,0.1891399535110006,0.2810069297129119,0.770486477706489,69.9,56.63
58689.0,0.5522660667849919,0.2221255202983945,0.2714962522981191,0.7230569316982052,39.92,47.98
58078.25,0.5151277500309572,0.2473647224174279,0.2637180031112996,0.8058962072606188,34.61,45.66
57654.25,0.4438849217814835,0.2680252986647927,0.2678192617734408,0.7878664825793876,37.63,51.16
58276.5,0.3433617451603583,0.2742472566084653,0.280582661575449,0.7938763908064647,62.2,68.0
57930.75,0.2242178148346885,0.2601329801610897,0.3057912600763682,0.8517826687241127,78.04,89.14
56789.75,0.1139895571057085,0.2326666306286826,0.32251449582803,0.8906034272719889,102.47,105.67
55159.0,0.0342592974780203,0.1993513162873668,0.3180950360627916,0.9136684804677982,166.79,136.0
52174.75,0.0019141866512568,0.1713119628088004,0.2935228397680667,0.8967757654511492,129.1,118.68
49747.5,2.063813101085566e-05,0.1680793556408454,0.2746782633290907,0.8849183789490782,107.51,103.51
46784.5,0.0,0.1747662035785718,0.2713901852637533,0.8279866807439292,87.88,84.41
43656.0,0.0,0.1858586950645981,0.2754207325696506,0.8280678957199707,81.59,80.59
42457.0,0.0,0.1915833288285853,0.2749964644321878,0.7194834727523756,79.93,69.79
41877.25,0.0,0.1973349910805989,0.2879012869466836,0.7445789003492244,82.07,64.03
42179.5,0.0,0.1909022109303205,0.3385659736953755,0.7924145212377163,80.95,63.52
42846.75,2.579766376356957e-05,0.184799178333964,0.3036699193890538,0.8108503207991553,81.99,60.63
45209.25,0.0063204276220745,0.1797016054921887,0.3136755762975534,0.8375700479168359,81.99,62.94
51953.25,0.0541234985759689,0.1748202605546245,0.3063215952481968,0.8850808089011614,96.5,78.34
57017.5,0.1533980682709373,0.1613384507270663,0.3615471644746146,0.8551124827418176,100.69,84.08
59642.5,0.271190201015396,0.1581653062327693,0.4270258803563852,0.8640461301063916,101.27,90.84
61292.75,0.3588351838857473,0.1728417752310935,0.4891458068165747,0.8221392024689352,87.5,74.57
62237.25,0.4131753828373302,0.1960808692361749,0.5295927025880356,0.8129619101762365,83.11,66.32
62711.25,0.4373890700458167,0.2164441321152494,0.5507353981049357,0.8309916348574677,74.56,59.81
63340.75,0.4433122136459322,0.2373263419644305,0.5562155282138311,0.7634207747908714,72.72,55.35
62485.75,0.42100755355595,0.2585058651819017,0.5685193042002545,0.7434418906846423,69.16,53.05
61604.75,0.3874809097288149,0.2780961133034218,0.5387851788997313,0.7278486152846585,60.93,46.6
60314.75,0.3334141660131258,0.2867506351694686,0.5359213689718568,0.7535125477137984,62.73,44.98
58913.5,0.2682595864118545,0.2896318719930807,0.5360627916843445,0.7630959148867051,74.22,54.76
59486.75,0.195226400297189,0.2883939672414725,0.5436642624805543,0.7635832047429546,75.9,58.6
59614.0,0.1227401246543113,0.2782042272555273,0.5497807947956442,0.8699748233574272,84.79,74.97
58265.0,0.0614397160193172,0.2615006216552246,0.5586904256823646,0.8780963209615853,103.63,79.67
55866.0,0.0171090106079993,0.2427374452673117,0.5674232781784755,0.8774466011532527,115.0,88.86
53424.0,0.0018419531927188,0.2196388993999675,0.5637109319756753,0.9082270770730124,109.96,88.77
51226.5,1.031906550542783e-05,0.2090275150008108,0.5623674162070429,0.8934459514334443,109.05,81.66
47640.75,0.0,0.2098870209200497,0.5618017253570924,0.8935271664094859,86.0,69.23
45481.0,0.0,0.198453970484891,0.4798472634705134,0.8584422967595224,68.19,71.49
44098.75,0.0,0.1881723336396562,0.4921156837788148,0.7707301226346138,65.3,62.02
43214.75,0.0,0.1854370506513865,0.5038537689152878,0.7652075042637863,63.18,57.48
43402.5,0.0,0.1727985296502513,0.4983382831282704,0.7730041419637781,65.58,54.85
44441.75,5.675486027985306e-05,0.1620736256013838,0.5035709234903125,0.7695118979939901,71.14,54.28
46777.5,0.0049325133115945,0.151656846316017,0.4914792815726205,0.807439291805409,78.91,60.48
53377.25,0.0425506666116316,0.139158873452619,0.4167727337010324,0.9311297003167384,100.25,77.85
57581.25,0.1260061088867792,0.1125682469322666,0.3803210295573469,0.9478599853813044,116.51,91.99
60407.75,0.2389637594419449,0.0997783663981836,0.3498797906943855,0.9186225940063348,115.0,94.06
61024.75,0.3459673092004788,0.1027893399643224,0.3481473624664121,0.8977503451636482,90.59,74.25
62005.75,0.4206618648615181,0.1139196713335856,0.3789068024324706,0.8328595793064241,76.63,62.88
62598.5,0.4548231312172369,0.1288393967241472,0.4035143544053175,0.8263623812230976,73.1,60.99
62065.25,0.4657819787840013,0.1444186172225525,0.4059892518738509,0.8045967676439535,71.76,57.09
61115.5,0.4534558550377677,0.1608411265473809,0.3831141281289775,0.8404937870543329,71.14,54.43
59403.0,0.4173649234325339,0.1711930374614844,0.3491019657757035,0.8917404369365711,73.12,52.55
58325.25,0.366342304040946,0.1666630628682631,0.3277117805119502,0.800617233817916,71.98,53.53
57746.0,0.3004757089198002,0.1527596086274933,0.3027153160797624,0.8434175261918297,74.01,53.95
58135.75,0.2263229041977958,0.1362343910481647,0.2848606986281997,0.8093884512304069,86.97,65.78
58246.0,0.1473252982209931,0.1152710957349045,0.2863456371093197,0.8636400552261837,99.6,85.12
57669.25,0.0737090849052709,0.0978755608411265,0.2957502474897469,0.9408754974417284,118.79,98.36
55218.75,0.0215771659718495,0.0900751391967133,0.3147716023193325,0.9375456834240232,163.89,122.05
53047.75,0.0016200932843521,0.0925455430023244,0.3549356526658181,0.8987249248761472,115.88,92.47
49909.75,2.063813101085566e-05,0.1179955673279636,0.4254348748408994,0.8625842605376431,95.32,81.91
46406.0,0.0,0.155965187307422,0.5192334888983171,0.7870543328189719,76.1,61.37
44468.25,0.0,0.2050975728417752,0.6489181162494697,0.7425485259481849,64.24,56.04
43452.25,0.0,0.2543867236066814,0.7882194880497808,0.7247624461950783,51.94,40.86
42129.5,0.0,0.2956159792421212,0.7917197001838495,0.7604158206773329,26.46,32.08
42724.25,0.0,0.329206984161306,0.7775420732569651,0.7411678713554779,18.01,25.86
43564.0,1.031906550542783e-05,0.3595978160981675,0.7320746711921935,0.7207829123690408,10.08,23.13
46709.25,0.0047828868617657,0.3965457592302286,0.7229175505586197,0.7317469341346544,10.27,24.58
53708.25,0.0416116316506377,0.4348180982755825,0.753005232640362,0.7602533907252498,36.43,41.79
58863.25,0.1212387006232715,0.4627385264068328,0.7479140149908076,0.8051652724762446,40.0,43.48
62496.25,0.222551285755562,0.4760581653062328,0.7596167444491585,0.810525460894989,33.56,41.54
63936.75,0.3271917695133529,0.4998918860478945,0.7748550417197002,0.7572484366117112,22.65,30.98
65565.25,0.4284837165146324,0.5319801070328126,0.7861688587187102,0.7409242264273532,1.9,12.0
65836.25,0.5091272134395509,0.5491594140223796,0.7548437279027012,0.7327215138471534,0.0,7.41
63646.5,0.5654073967061543,0.5399426996053841,0.5799745439117522,0.7287419800211159,-0.04,4.47
62032.25,0.5962201263053618,0.5300773014757555,0.584606137745722,0.6907333712336555,-5.03,-6.95
59241.25,0.6132878606513394,0.5090977890696794,0.4795644180455381,0.690814586209697,-19.09,-14.0
57379.25,0.5796735047674083,0.5025298664792691,0.4681445340121623,0.7149354340940469,-18.03,-4.59
56560.25,0.5094625830684774,0.4917779339423753,0.4627351152595106,0.7094128157232193,-8.7,5.33
57648.75,0.4073193131629999,0.4802854208335586,0.4709729882619148,0.7040526273044749,-0.03,14.65
58953.0,0.2706278119453502,0.4472836369533488,0.6384174798472635,0.7538374076179648,6.77,31.61
58204.75,0.1389255788995748,0.3927077139304827,0.686147645311837,0.7583042313002518,49.85,59.73
55787.25,0.0411214760391299,0.3343478025839234,0.7204426530900863,0.8335092991147568,86.91,73.35
53472.75,0.0023166302059685,0.2912752040650846,0.7363527082449441,0.9040851132948916,115.3,72.74
51343.25,7.22334585379948e-05,0.273928320449754,0.7433177768349597,0.8388694875335012,86.91,65.07
48148.75,0.0,0.2846478188010162,0.7400296987696224,0.76488264435962,64.01,54.36
45210.5,0.0,0.3389210227579869,0.799497949370669,0.7342645983919435,31.41,27.6
43593.5,0.0,0.3730580031353046,0.7448027153160798,0.7449037602533908,20.13,21.25
42302.0,0.0,0.3756743607762581,0.6375335878942158,0.7848615284658491,20.59,19.17
42731.75,0.0,0.3687929077247419,0.6069509263187668,0.7557053520669211,19.79,18.19
43682.5,0.0,0.3709876209524839,0.6421651817281856,0.7937139608543815,8.98,16.37
46065.5,0.0072594625830684,0.3731931455754365,0.6451350586904256,0.770892552586697,10.01,18.24
52334.5,0.0662019647500722,0.3634358613979134,0.661646160373356,0.808576301469991,38.19,33.07
56871.0,0.1896334667932472,0.3069246986323585,0.6542921793239994,0.8426865914074555,45.75,41.78
60018.0,0.3580870516366038,0.2867668522622844,0.6586762834111158,0.7897344270283441,39.43,40.06
61398.0,0.519368885953688,0.3321801178442078,0.6627068307170132,0.7200519775846667,18.56,21.52
61709.5,0.6376924505716762,0.4087734472133629,0.6861122896337152,0.749126939007553,2.95,3.31
61664.75,0.6978113262062987,0.455748959403211,0.6812332060528921,0.6915455209940713,0.41,0.44
60592.75,0.7190324844182111,0.4803989404832693,0.6829302786027436,0.7011288881669779,-0.05,-0.01
59086.5,0.7048695670120114,0.4949835126223039,0.6580752368830434,0.7072200113700966,-0.64,-0.85
56972.75,0.658490527097866,0.4813449375641926,0.5636048649413096,0.6837488832940795,-0.78,-0.52
56550.0,0.5853696289264044,0.4683928861019514,0.5382901994060246,0.6766019654024202,-0.03,5.84
56408.75,0.4865129813844058,0.4426347370128115,0.5199759581388771,0.6762771054982539,1.93,12.17
56371.0,0.3675031989103067,0.3978917779339423,0.4798472634705134,0.7246812312190368,16.81,26.96
54455.5,0.2357751682007677,0.3282015244067247,0.4116461603733559,0.7839681637293917,64.35,49.4
52148.5,0.118235852561192,0.2577274447267419,0.3410408711639089,0.847072200113701,90.09,62.34
49422.0,0.0346514219672266,0.2048813449375641,0.2825272238721538,0.8969381954032324,142.36,84.98
48612.75,0.0020328559045692,0.1778690740040002,0.2367062650261632,0.9857061642166816,130.38,86.71
47223.0,3.0957196516283486e-05,0.1794799718903724,0.2082802998161504,0.9884674734020954,102.22,80.89
44202.0,0.0,0.1915076490621114,0.1949512091641917,0.9270689515146592,84.95,72.79
41611.0,0.0,0.2103789394021298,0.1724296422005374,0.8854056688053277,89.1,67.45
39826.25,0.0,0.2369046975512189,0.1855465987837646,0.8276618208397628,70.71,50.53
38040.0,0.0,0.2546516027893399,0.2155282138311413,0.7702428327783644,63.52,48.0
37595.75,0.0,0.2731336829017785,0.3774218639513506,0.7424673109721432,46.46,38.97
37618.5,1.031906550542783e-05,0.3035299205362452,0.4791755055861971,0.7055144968732234,38.62,33.89
37777.5,0.0075999917447475,0.3393264500783826,0.5908640927732994,0.7063266466336392,15.69,21.76
39817.75,0.0655982994180047,0.3729607005784096,0.695587611370386,0.7267116056200763,5.73,13.99
42331.25,0.2024497461509885,0.3594897021460619,0.7573893367274784,0.6904897263055307,5.37,13.47
45727.0,0.3893950963800718,0.334612681766582,0.752262763399802,0.6672622431576383,3.39,9.88
48690.75,0.580509349073348,0.3387210119465917,0.7229882619148635,0.6632827093316007,0.0,2.22
49916.0,0.7232375036116729,0.3896210605978701,0.575130816009051,0.6483391537399497,-9.92,-4.39
50332.5,0.783057126346638,0.4388885885723552,0.4845495686607269,0.6397303662795419,-28.87,-15.06
51635.75,0.7746316093614563,0.4805773285042434,0.475074246924056,0.6261674652805977,-32.69,-20.68
50761.5,0.7117988194989062,0.5157197686361424,0.4907368123320605,0.5944124096483392,-44.1,-23.6
49133.75,0.6135251991579642,0.5527650143250986,0.4279097723094329,0.597742223666044,-48.07,-37.4
48283.0,0.4980651752177323,0.5785555975998703,0.4442794512798755,0.5876715666368878,-34.84,-42.01
48904.75,0.385566723077558,0.6074760797880967,0.4492646018950643,0.667505888085763,-13.68,-26.62
49549.25,0.2791100837908119,0.6398291799556732,0.5046315938339697,0.7445789003492244,-0.06,-7.05
50441.0,0.1774827671606059,0.6429104275906806,0.5618724367133362,0.7332088037034029,1.88,8.39
49088.5,0.0898481033557601,0.6144980809773501,0.5506646867486918,0.6934946804190693,0.22,11.22
47921.5,0.0262310645147975,0.581469268609114,0.5482251449582803,0.7338585235117355,6.69,16.33
45874.25,0.0019554629132785,0.5514460241094113,0.5662918964785745,0.7429546008283927,9.4,18.04
44153.75,1.031906550542783e-05,0.5188983188280447,0.581211992646019,0.8011045236741655,18.0,27.94
41300.0,0.0,0.4972647170117303,0.5879649271673031,0.7838057337773086,14.02,20.89
38528.25,0.0,0.4791556300340558,0.3410408711639089,0.7465280597742223,-0.03,4.77
37055.75,0.0,0.4577004162387156,0.4624169141564135,0.7282546901648664,-0.1,5.85
36259.75,0.0,0.4230553002865019,0.5744237024466129,0.7281734751888248,-0.8,5.8
34979.5,0.0,0.3815395426779825,0.6232498939329656,0.7367822626492325,-0.48,5.39
35114.25,0.0,0.3503702902859614,0.6041931834252581,0.7462844148460976,-0.06,5.58
35144.0,0.0059541007966318,0.3334072112006054,0.6372860981473625,0.717047023471128,-0.01,5.87
36071.0,0.0541338176414743,0.3078598843180712,0.6258308584358648,0.7212702022252904,-0.01,7.1
38098.5,0.1700839971932141,0.2704686739823774,0.6259015697921086,0.7194834727523756,-0.01,5.06
40785.75,0.3261547034300573,0.2494783501810908,0.5983241408570217,0.705595711849265,-0.6,1.59
42909.75,0.4802647872208693,0.2423752635277582,0.539280158393438,0.6938195403232356,-6.49,-5.76
43929.75,0.585359309860899,0.2203578571814692,0.5258450007071136,0.6990985137659385,-9.98,-9.09
45669.75,0.6336267387625376,0.2023136385750581,0.4624876255126573,0.7142044993096727,-12.04,-11.15
45551.0,0.6444514384777315,0.1932969349694578,0.4339202375901569,0.7165597336148786,-13.49,-11.41
43428.0,0.6341839682998308,0.1817936104654305,0.3962664403903267,0.7122553398846747,-22.37,-15.29
41722.0,0.618039790316589,0.1747662035785718,0.3338990241832838,0.7111183302200926,-20.98,-12.95
40887.5,0.5670378090560119,0.1707713930482728,0.3155140715598925,0.718996182896126,-12.2,-1.42
41395.25,0.4841911916456846,0.1610573544515919,0.2863102814311978,0.7234630065784131,-6.16,8.17
43289.25,0.3735192140999711,0.1436618195578139,0.2695516900014142,0.7599285308210834,-0.08,18.95
44510.75,0.2446237668716721,0.1129844856478728,0.2995686607269127,0.7695118979939901,63.99,47.01
44949.5,0.1234108639121641,0.0812314179144818,0.2706123603450714,0.8487777146105742,90.27,68.25
44376.5,0.0359516242209105,0.0597707984215363,0.2510606703436572,0.9441240964833916,125.64,98.86
43806.25,0.0023424278697321,0.0493540191361695,0.2502474897468533,0.9243888573052872,133.17,105.37
43508.0,2.063813101085566e-05,0.0505865181901724,0.2606067034365719,0.9146430601802972,115.2,101.32
41089.25,0.0,0.0549921617384723,0.2693749116108047,0.8361081783480874,97.13,87.5
38864.75,0.0,0.0522136331693605,0.3108824777259227,0.8365954682043368,81.62,76.05
37544.0,0.0,0.0629763771014649,0.4035143544053175,0.7691870380898238,76.65,71.71
37327.0,0.0,0.0782096329531326,0.479210861264319,0.8292049053845529,74.08,67.37
37818.25,0.0,0.0845991675225687,0.5009899589874134,0.8171850889303988,77.72,69.54
38787.25,0.0,0.0986539812962862,0.4996464432187809,0.8166165840981077,76.28,69.07
42138.0,0.0060830891154497,0.1152494729444834,0.4372436713336162,0.8255502314626817,80.44,71.03
49073.5,0.0605110001238287,0.1191848208011243,0.3567741479281572,0.8657516446032648,112.18,86.81
54535.0,0.1916818012960746,0.1089248067463106,0.2702941592419742,0.8766344513928368,125.0,99.01
57133.0,0.3827702563255871,0.0857235526244661,0.2025526799604016,0.8547876228376513,100.64,85.99
57869.5,0.5802616915012176,0.0815233255851667,0.1530900862678546,0.762527410054414,77.61,69.98
58045.5,0.73492384529657,0.0863181793610465,0.1233206052892094,0.6921952408024039,53.93,53.1
57973.0,0.820515334131341,0.088658846424131,0.1048295856314524,0.7042150572565581,38.43,44.72
57912.5,0.8486554257646427,0.0889939996756581,0.0911822938763965,0.7285795500690327,31.79,40.51
56830.25,0.8388316754034755,0.0844910535704632,0.0799038325555084,0.7288231949971575,29.45,38.44
55599.75,0.8033444091303091,0.0738418292880696,0.0680243247065478,0.7309347843742386,29.56,38.99
55551.5,0.7268491765385726,0.0584626196010595,0.0545184556639796,0.7271176805002842,36.75,45.39
54958.25,0.6125655260659595,0.0421428185307313,0.0409065195870456,0.7946073255908389,64.0,56.28
55093.0,0.4614686094027325,0.0287096599816206,0.0277542073256965,0.8858117436855356,80.2,68.52
55573.0,0.2890731415363025,0.018119898372885,0.0179606844859284,0.9243888573052872,102.63,87.39
55017.25,0.1375944194493746,0.0138548029623222,0.0127633998020082,0.9558190530333792,136.49,107.9
53326.75,0.0398057951871878,0.0209362668252337,0.0104299250459623,0.9407942824656866,257.35,167.05
51462.75,0.0019141866512568,0.0350181090869776,0.0093692547023051,0.9338097945261106,173.69,132.0
49079.75,5.159532752713915e-06,0.0535920860587058,0.0095106774147928,0.9107447413303013,113.65,95.52
45668.75,0.0,0.0731607113898048,0.0088389195304765,0.8685129537886787,92.02,79.08
42922.25,0.0,0.1147629601600086,0.0090156979210861,0.8351335986355884,105.52,80.46
40795.5,0.0,0.1322071463322341,0.0172182152453684,0.8184845285470641,95.96,71.6
39582.75,0.0,0.1463538569652413,0.028319898175647,0.7955006903272963,93.08,66.74
39286.5,0.0,0.1571166008973458,0.0420025456088247,0.8413059368147486,91.14,62.16
40755.0,1.031906550542783e-05,0.1616357640953565,0.0588318483948522,0.8341590189230894,87.66,59.83
43593.5,0.0057064432245015,0.1630250283799124,0.0832272662989676,0.8562494924063997,96.83,67.45
50678.25,0.0618215214430181,0.1609059949186442,0.0978291613633149,0.9314545602209048,111.38,77.16
56008.75,0.2021659718495893,0.1378074490513,0.1313109885447602,0.9280435312271584,103.76,78.56
58824.0,0.4026189788252776,0.1062868263149359,0.1743388488191203,0.9360025988792332,94.0,78.56
59219.75,0.6046920790853181,0.0838639926482512,0.2334888983170697,0.8968569804271908,67.26,59.66
59860.75,0.7707155240021464,0.0787015514352127,0.3231508980342243,0.8324535044262162,46.63,45.68
60821.75,0.8803452759318117,0.0851451429807016,0.4158534860698628,0.7809632096158532,33.71,36.98
60151.25,0.9384880505221448,0.0955132709876209,0.4981968604157827,0.7334524486315277,21.95,26.55
59534.5,0.9468619721797994,0.1046002486620898,0.546457361052185,0.7296353447575733,5.04,17.55
57897.25,0.9089290873818467,0.0999891886047894,0.5198698911045114,0.7391374969544384,2.71,15.35
57404.0,0.8278109134436785,0.0986269528082599,0.5063286663838212,0.6929261755867782,11.08,29.49
57021.75,0.6986884467742601,0.0955781393588842,0.4903832555508414,0.756517501827337,53.73,50.94
57103.25,0.5214378585875263,0.0963943996972809,0.4760642059114693,0.8271745309835133,81.69,72.18
57789.0,0.322625583027201,0.106405751662252,0.4835949653514354,0.8982376350198976,99.27,90.63
58393.5,0.1509730878771618,0.1321152494729444,0.5141422712487626,0.9790465361812718,151.5,112.71
57156.5,0.0421740207206835,0.1794583490999513,0.5593975392448027,0.9812393405343944,147.64,118.53
55003.75,0.0017800387996863,0.2444240229201578,0.6189365012020931,0.8988061398521887,108.12,98.44
54056.75,1.031906550542783e-05,0.3157900427050111,0.6810210719841606,0.8543003329814017,86.07,73.15
50417.75,0.0,0.3601816314395373,0.6750813180596804,0.8679444489563876,68.89,66.08
47472.25,0.0,0.3761824963511541,0.5410832979776552,0.9005928693251035,55.0,58.49
45388.0,0.0,0.3534731607113898,0.4116815160514778,0.9181353041500852,54.9,51.85
44790.75,0.0,0.323487756094924,0.382901994060246,0.9313733452448631,53.92,50.9
45322.0,0.0,0.2901778474512135,0.3673808513647292,0.9117193210428004,54.98,48.35
46046.75,0.0,0.2516136007351748,0.4897468533446471,0.8879233330626167,59.92,46.64
47489.5,0.0054020307920914,0.2186766852262284,0.603839626644039,0.8654267846990985,66.14,49.48
53677.5,0.0515901679943864,0.1970214606194929,0.5636755762975534,0.8936895963615691,84.46,64.24
58513.0,0.1539501382754777,0.1567814476458187,0.5675293452128412,0.9368147486396492,106.46,72.48
61645.0,0.2841715854212242,0.1209903238012865,0.5252793098571631,0.9571184926500448,102.01,82.05
62588.75,0.4124530482519503,0.0982269311854694,0.476948097864517,0.9357589539511084,84.93,72.26
63256.0,0.5236770958022041,0.0983404508351802,0.4356173101400085,0.8311540648095509,65.0,58.0
63326.75,0.6026850208445124,0.1036812800691929,0.3764319049639372,0.871761552830342,55.77,50.96
63541.25,0.6474078507450365,0.1077787988539921,0.3112360345071418,0.7968001299439617,47.13,43.59
62288.0,0.6500185743179098,0.1107573382344991,0.2649908075236883,0.7646389994314952,44.58,38.36
60589.0,0.6149337515994552,0.0968592896913346,0.231473624664121,0.7267928205961179,55.0,40.29
58736.75,0.5511154909811368,0.0931401697389048,0.2069721397256399,0.763501989766913,58.43,36.43
56519.5,0.4601013332232633,0.0898643169901075,0.19788573044831,0.7970437748720864,67.48,46.57
57392.75,0.3461427333140711,0.0795772744472674,0.1973907509546033,0.8353772435637131,80.14,62.79
58195.75,0.2186764766582738,0.0652737985837072,0.1930773582237307,0.9538698936083814,80.73,82.32
58014.0,0.1054092541379452,0.0537272284988377,0.1846980625088389,0.9655648501583692,99.72,106.29
56167.25,0.028981095471994,0.0459322125520298,0.1747277612784613,0.9787216762771056,148.61,123.11
53694.0,0.0016252528171048,0.0392832044975404,0.1730306887286098,0.9805084057500204,164.08,128.49
50960.5,2.579766376356957e-05,0.0393318557759878,0.1807382265591854,0.9641029805896209,113.97,101.14
47542.0,0.0,0.0411103302881236,0.1962947249328242,0.946154470884431,92.92,86.82
44844.75,0.0,0.0406238175036488,0.2078206760005657,0.8862178185657436,96.02,88.2
43045.5,0.0,0.0436401967673928,0.2260288502333474,0.8605538861366036,79.95,74.69
42224.25,0.0,0.0435104600248662,0.2620209305614481,0.8669698692438885,77.06,72.57
42122.5,0.0,0.0453159630250283,0.3002404186112289,0.8384634126532933,79.6,70.7
42746.0,0.0,0.0526244661873614,0.3255904398246358,0.8722488426865914,80.31,70.52
45158.25,0.0033072604944896,0.0600951402778528,0.319084995050205,0.8698936083813855,81.98,75.81
51372.75,0.0425145498823626,0.058316665765717,0.2863102814311978,0.8996182896126046,107.71,91.22
56555.5,0.132538077351715,0.0511487107411211,0.2429288643756187,0.9328352148136116,120.0,101.3
59748.25,0.2635592520741321,0.0466727931239526,0.2130179606844859,0.9031105335823926,106.53,95.6
60787.25,0.4214409543071779,0.0514946753878588,0.1922641776269268,0.8578737919272313,89.11,85.16
60472.5,0.5639730466008999,0.0630466511703335,0.1711921934662706,0.7685373182814911,80.69,79.39
60997.75,0.6710127130887027,0.0777933942375263,0.1500494979493706,0.770486477706489,66.6,68.5
60243.5,0.7336494407066496,0.0912319584842424,0.1375689435723377,0.8681068789084707,57.44,62.0
59225.75,0.7544887934948611,0.1009676198713444,0.1321948804978079,0.8370015430845448,47.7,54.4
58375.75,0.7526468403021422,0.1013298016108978,0.141988403337576,0.8393567773897507,44.48,52.73
57692.75,0.6931471085978453,0.0955565165684631,0.138594258237873,0.8057337773085357,50.1,57.26
56827.0,0.593475254880918,0.0849126979836747,0.1256540800452552,0.8385446276293349,60.98,63.84
56735.25,0.4597556445288314,0.071733607222012,0.1106986281996888,0.888654267846991,81.91,76.93
56476.0,0.2906261608948693,0.0569328071787664,0.100834394003677,0.9114756761146756,91.58,95.36
56141.25,0.1364902794402938,0.0430780042164441,0.096662423985292,0.9422561520344352,120.0,118.65
54468.75,0.039062822470797,0.0341315746797124,0.0938693254136614,0.9749857873791928,184.33,154.27
52289.25,0.0019967391753002,0.0315368398291799,0.0929147221043699,0.960773166571916,166.74,142.12
50347.25,0.0,0.0361911454673225,0.0961674444915853,0.8901161374157395,121.59,110.84
46941.0,0.0,0.0415752202821774,0.0979705840758025,0.8632339803459758,98.12,95.7
44482.75,0.0,0.0396075463538569,0.1969664828171404,0.8761471615365873,102.42,92.4
42617.75,0.0,0.0435591113033136,0.1881275632866638,0.8979939900917729,87.31,75.58
41528.5,0.0,0.0541218444240229,0.1535143544053175,0.9004304393730204,82.87,72.54
41300.75,0.0,0.0653386669549705,0.1202446612926036,0.8723300576626329,83.03,69.92
42286.75,0.0,0.0765230553002865,0.0997030123037759,0.8709494030699261,82.21,65.17
44389.0,0.0042927312502579,0.0916049516190064,0.0771814453401216,0.8933647364574028,84.25,68.2
50517.0,0.0441346431667148,0.1158765338666955,0.0673172111441097,0.9254446519938276,107.94,87.38
55381.5,0.1377440458992033,0.1182334180225958,0.0598925187385094,0.9593112970031674,109.92,92.23
58353.5,0.253425929747802,0.1096761987134439,0.045679536133503,0.9626411110208722,109.6,93.72
59619.75,0.3710529574441739,0.1137250662197956,0.0329868476877386,0.9022171688459352,102.4,86.14
59075.0,0.4530276138192925,0.1297907995026758,0.0249611087540659,0.8805327702428328,95.87,78.64
59031.0,0.4882207867255541,0.1500621655224606,0.0211426955169,0.8883294079428247,89.83,75.16
58625.0,0.5066867544475172,0.1678523163414238,0.0292037901286946,0.9076585722407212,83.25,71.09
57938.5,0.509091096710282,0.181999026974431,0.0436642624805543,0.8943393161699017,78.6,65.85
56643.25,0.482596896025096,0.1854965133250446,0.0654433602036487,0.8345650938032974,78.04,64.1
56488.0,0.4281277087546952,0.2012433104492134,0.0899448451421298,0.8081702265897831,78.19,65.94
56385.5,0.3493571222190118,0.2230012433104492,0.1237095177485504,0.8012669536262487,85.71,67.66
57520.25,0.2521876418871507,0.2433536947943132,0.1730306887286098,0.7800698448793958,85.54,71.37
58176.75,0.1542235935113716,0.2551759554570517,0.2507778249186819,0.7808819946398116,92.26,79.88
57032.5,0.0715936764766582,0.2662360127574463,0.3143119785037477,0.8256314464387233,102.39,87.27
54870.5,0.0181821934205638,0.2745283528839397,0.3689718568802149,0.8244944367741411,93.29,85.68
52022.0,0.0016200932843521,0.2703767771230877,0.4186112289633715,0.7539186225940063,94.61,89.31
49080.5,0.0,0.2643548299908103,0.4682152453684061,0.7344270283440266,85.66,72.67
45962.5,0.0,0.2567922590410292,0.509051053599208,0.7392187119304799,79.11,62.93
43488.25,0.0,0.326190604897562,0.7274077216801018,0.8127994802241534,50.65,57.0
40833.75,0.0,0.3016163035839775,0.6441097440248904,0.8874360432063673,50.52,48.98
39609.5,0.0,0.2773987783123412,0.6095672464997879,0.8932023065053196,36.92,44.74
39192.0,0.0,0.2607924752689334,0.5788785178899731,0.8353772435637131,37.67,38.23
38577.25,0.0,0.2635007297691767,0.5169353698203931,0.7714610574189881,32.72,32.84
39123.0,0.0024765757213026,0.2648143142872587,0.5164403903266864,0.7017786079753107,31.05,32.76
40374.25,0.0363179510463532,0.2661224931077355,0.4987625512657332,0.7171282384471697,30.66,37.08
42800.25,0.1268729103892351,0.2681388183145035,0.4817564700890963,0.7111995451961342,27.82,33.27
46350.5,0.2594780616667355,0.2775014865668414,0.4746146231084712,0.721919922033623,26.6,32.01
48354.0,0.3915517810707062,0.2948213416941456,0.4579267430349314,0.7177779582555023,20.97,20.44
49657.5,0.5057374004210179,0.2996053840748148,0.4861405741762127,0.744660115325266,5.16,4.97
50281.5,0.5934288190861435,0.2982323368830747,0.4595177485504172,0.7250060911232031,0.04,-0.19
49805.25,0.6461695628843852,0.2909184280231364,0.3751944562296704,0.7141232843336311,-0.01,-0.38
48270.25,0.66714822305692,0.2828585328936699,0.3883114128128977,0.6904085113294891,-5.0,-4.36
46899.75,0.6660234449168283,0.2788691280609762,0.3692900579833121,0.6697799074149273,-14.9,-10.52
46324.25,0.6206401948239567,0.277474458078815,0.3779168434450572,0.6644197189961829,-11.47,-7.24
45946.25,0.5344398811243654,0.278296124114817,0.3819827464290765,0.6823682287013725,-3.48,-1.52
46691.25,0.4102447682337887,0.2664306178712363,0.4070145665393862,0.7505888085763015,-0.01,15.44
46782.25,0.2627337268336979,0.230834099140494,0.5311129967472776,0.7877040526273045,28.77,34.91
46321.0,0.126532381227556,0.189950808151792,0.5212841182293877,0.8267684561033054,50.33,51.68
44557.25,0.0360651339414702,0.1515487323639115,0.5199759581388771,0.8677820190043044,75.45,69.73
43600.5,0.0018471127254715,0.1240445429482674,0.5237236600197992,0.917810444245919,76.26,70.45
42899.0,0.0,0.1160387047948537,0.5398104935652666,0.9209778283115406,78.84,69.77
40392.5,0.0,0.1162387156062489,0.5708881346344223,0.909445301713636,63.0,58.57
38033.75,0.0,0.1090923833720741,0.567953613350304,0.9219524080240395,88.95,77.42
36233.5,0.0,0.1150548678306935,0.5953189082166596,0.8249005116543491,63.19,59.44
35799.75,0.0,0.1229309692415806,0.6292250035355678,0.7484772191992204,55.45,53.37
35200.75,0.0,0.1222714741337369,0.6391953047659454,0.7574920815398359,44.3,45.8
35069.0,0.0,0.1177469052381209,0.6739145806816574,0.7480711443190124,37.93,42.84
34912.25,0.0046951748049696,0.1230066490080544,0.6715457502474897,0.7356452529846503,36.81,40.29
35792.75,0.0587258017913897,0.1270609222120114,0.6640857021637675,0.7168033785430034,31.96,35.53
37646.0,0.1989051471498741,0.1143629385372182,0.7072196294724933,0.7138796394055064,14.28,21.66
40636.25,0.3997554381475213,0.108130169198335,0.7351859708669213,0.7137984244294648,0.29,10.83
42353.5,0.5975977215503364,0.1177252824476998,0.590263046245227,0.6878908470722002,-3.31,3.94
43443.5,0.7459652453873777,0.1328666414400778,0.6036982039315514,0.6415983107284984,-21.13,-9.25
44700.25,0.8259173649234325,0.1327855559759987,0.4801301088954886,0.6217818565743524,-40.08,-21.17
44989.5,0.8644023197259256,0.1262338504784042,0.46902842596521,0.6293348493462194,-59.47,-65.08
43502.0,0.8568436042431997,0.131871993080707,0.4534012162353274,0.6183708275806059,-73.96,-40.67
42543.5,0.8064504478474429,0.1373479647548516,0.4128482534295007,0.6097620401201982,-73.96,-43.67
42275.25,0.6961035208651505,0.1398778312341207,0.4053174939895347,0.606675871030618,-51.82,-30.58
42548.75,0.546440954307178,0.1607762581761176,0.4390468109178334,0.6310403638430927,-20.03,-5.4
44096.25,0.3822181863210467,0.1714633223417482,0.4530830151322302,0.6924388857305287,-0.05,11.89
45751.5,0.2330664135055929,0.1496243040164333,0.5976170272945835,0.7841305936814749,46.54,44.75
46277.25,0.1136954637388038,0.1184442402292015,0.6266440390326686,0.8173475188824819,91.93,73.23
45601.5,0.031055227638585,0.0937618249635115,0.6499080752368831,0.8828067895719971,115.8,94.6
44848.75,0.0018522722582242,0.0844532136872263,0.6661009758167161,0.9239015674490376,108.68,89.94
44605.0,0.0,0.0930969241580626,0.6756823645877528,0.9410379273938114,105.84,87.98
42370.25,0.0,0.1086437104708362,0.6832131240277188,0.8998619345407293,87.06,73.44
40202.5,0.0,0.1145088923725606,0.7800523264036204,0.8525136035084869,79.35,67.75
38403.75,0.0,0.1192929347532299,0.7570004242681375,0.8186469584991473,66.24,58.5
37449.25,0.0,0.1287150656792259,0.7350091924763117,0.7728417120116949,58.17,53.8
37337.0,0.0,0.1271960646521433,0.7076085419318342,0.7721107772273207,63.03,51.91
38485.5,0.0,0.1240067030650305,0.6508980342242964,0.773410216843986,67.82,55.39
41392.25,0.0043907623725595,0.1256121952537975,0.5772168010182436,0.834240233899131,80.07,62.21
48658.0,0.05933462665621,0.1214173739121033,0.5202234478857305,0.91683586453342,120.0,78.0
53888.25,0.2086411854542452,0.1078977242013081,0.49091359072267,0.9230082027125802,144.1,87.72
57322.25,0.4215596235604903,0.0869182117952321,0.4414863527082449,0.8996995045886461,89.77,71.65
57890.75,0.633296528666364,0.0728363695334883,0.3782704002262763,0.819459108259563,59.29,52.65
57713.25,0.8005015065835638,0.0740472457970701,0.3150898034224296,0.7766588158856493,35.52,39.33
58323.0,0.9054567218392704,0.0766852262284447,0.250353556781219,0.7564362868512954,11.29,23.75
57717.25,0.958372889751104,0.0762311476296016,0.1931480695799745,0.7183464630877934,0.07,17.32
56881.5,0.9620309984727784,0.0707389588626412,0.1421651817281855,0.746609274750264,-0.01,16.8
55715.0,0.9175506666116316,0.0588031785501919,0.0944350162636119,0.7277674003086169,-0.07,21.7
54745.75,0.8256697073513023,0.046856586842532,0.0586197143261207,0.7617964752700398,3.54,27.75
54402.5,0.6864035992900482,0.0356938212876371,0.0376891528779522,0.7673190936408674,44.29,45.33
54922.25,0.4959755644528831,0.0307908535596518,0.0257742893508697,0.8215706976366441,82.0,70.09
56188.75,0.2925042308168572,0.0333585599221579,0.0202588035638523,0.9417688621781856,114.35,89.08
56222.0,0.1280183266603376,0.0498243148278285,0.0288148776693536,0.9973199057906278,204.19,156.3
54033.75,0.0335679200891567,0.0806908481539542,0.0487554801301088,0.97742223666044,224.96,175.88
51695.5,0.0013414785157056,0.1279636737120925,0.077040022627634,0.9429870868188094,143.56,126.21
49605.0,0.0,0.1900318936158711,0.1156484231367557,0.87679688134492,92.48,89.98
47442.75,0.0,0.2486350613546678,0.1722175081318059,0.8395192073418338,80.1,75.92
44066.0,0.0,0.3385101897399859,0.2026233913166454,0.8212458377324778,76.59,69.65
42364.75,0.0,0.3520784907292286,0.2707184273794371,0.8447981807845367,63.77,53.07
41495.0,0.0,0.3438618303692091,0.3227619855748833,0.8454479005928693,52.49,48.88
42024.75,0.0,0.3285637061462781,0.3789421581105925,0.8335905140907983,36.82,40.12
42739.25,0.0,0.3017460403265041,0.4703365860557205,0.8080077966377,38.16,38.48
45792.0,0.0025591282453461,0.2930374614844045,0.5688375053033518,0.7842118086575165,50.32,44.87
52678.5,0.0337639823337598,0.2908157197686361,0.5870103238580116,0.8900349224396978,80.35,62.59
56698.25,0.1111156973624468,0.2723174225633818,0.5675647008909631,0.9770973767562738,90.95,69.09
60302.0,0.2283402815041069,0.2624412130385426,0.5276834959694527,0.9000243644928124,84.31,65.02
60180.0,0.3684319148057952,0.266738742634737,0.537759864234196,0.8689190286688866,62.77,47.69
61013.5,0.5025178519833244,0.2821990377858263,0.5963795785603168,0.8463412653293267,21.49,29.55
61090.5,0.6110744211004251,0.3006000324341856,0.5686607269127422,0.7202956225127913,0.06,20.44
60432.75,0.6850518017088373,0.3212606086815504,0.5535284966765662,0.6835864533419963,-8.03,19.25
59049.5,0.7196361497502786,0.3394507811233039,0.5250318201103097,0.6916267359701129,-11.03,19.5
57428.25,0.7249659470838321,0.3577112276339261,0.4818271814453401,0.7224072118898724,-11.48,19.75
57386.5,0.6709198414991538,0.3590248121520082,0.4387286098147362,0.743685535612767,-11.14,19.84
56808.0,0.5709229372188055,0.3502567706362506,0.4024890397397822,0.7800698448793958,-2.3,28.77
56286.0,0.4317651793453584,0.3295799772960701,0.3654009333899024,0.7612279704377487,22.12,59.61
56146.5,0.2737596483262475,0.2985566787393913,0.3302220336586056,0.7901405019085519,63.02,78.77
55765.0,0.12885933049903,0.2614573760743824,0.3172818554659878,0.800048728985625,81.99,115.18
53338.25,0.0350796631857019,0.2307476079788096,0.3165747419035497,0.8416307967189149,121.6,124.01
51053.0,0.0016149337515994,0.2215849505378669,0.3260147079620987,0.8413871517907903,114.28,114.63
48566.25,0.0,0.2322557976106816,0.3456371093197568,0.8460164054251604,105.81,101.81
45635.0,0.0,0.2549381047624195,0.3608754065902984,0.8120685454397791,84.31,83.86
43471.5,0.0,0.2830801664954862,0.1980271531607976,0.8035409729554129,87.4,82.82
41640.5,0.0,0.2898859397805287,0.1635907226700608,0.7792576951189799,72.98,69.25
40738.5,0.0,0.2979134007243634,0.1788643756187243,0.7101437505075936,72.82,68.48
41341.75,0.0,0.3074868911833072,0.2627280441238863,0.7168845935190449,70.53,61.79
43064.75,0.0,0.3099410778961025,0.4200961674444916,0.7165597336148786,71.05,62.51
45701.25,0.0032195484376934,0.3049678360992486,0.5829090651958705,0.7352391781044425,77.44,67.58
52044.75,0.0436857638172287,0.2836099248608033,0.6773440814594824,0.7756030211971088,90.05,81.59
56568.25,0.1419903413546869,0.2572571490350829,0.7287158817706123,0.8387070575814181,99.76,88.46
59381.25,0.2825772898006357,0.2508622087680415,0.6993353132513082,0.8305043450012182,105.7,89.86
60399.5,0.4224419036612044,0.2722093086112763,0.6448522132654504,0.7561114269471291,77.14,67.49
60767.75,0.5307198580096586,0.2851073030974647,0.6146584641493423,0.6999918785023959,58.19,52.79
60703.25,0.6045114954389731,0.2916211687118222,0.5443713760429925,0.7210265572971656,41.75,42.55
60011.5,0.6490485821603995,0.29490783285583,0.4816504030547306,0.75205067814505,32.59,37.32
59395.5,0.6637222933091179,0.2960916806313854,0.4567953613350304,0.7886786323398035,21.85,31.51
57884.0,0.6626594295620588,0.2798151251418995,0.4088530618017253,0.7634207747908714,10.8,24.77
57694.5,0.6205782804309242,0.268052327152819,0.4030547305897327,0.7269552505482011,13.47,28.63
56837.75,0.5415187600610889,0.2492404994864587,0.387073964078631,0.7137172094534232,38.88,43.95
57073.25,0.4297116853097783,0.2243418563165576,0.3629967472776128,0.7781206854543978,61.68,58.31
57368.5,0.2785218970570025,0.1921022757986918,0.3388488191203507,0.7646389994314952,82.93,80.08
56683.5,0.1320169645436909,0.1552462295259203,0.3061448168575873,0.8031348980752051,106.89,116.57
54999.75,0.0357039666487802,0.1219633493702362,0.2690213548295856,0.8564931373345245,187.95,148.95
52916.0,0.0015736574895777,0.0948753986701983,0.2320746711921934,0.8769593112970032,143.47,135.3
50753.0,0.0,0.0821125466241418,0.2079620987130533,0.8784211808657516,114.91,109.97
47133.75,0.0,0.0743337477701497,0.1944208739923631,0.8852432388532445,92.81,80.04
44564.5,0.0,0.0656089518352343,0.1821878093621835,0.8439048160480793,89.97,74.2
42475.75,0.0,0.0629331315206227,0.1617522274077217,0.8462600503532851,80.29,68.65
41278.0,0.0,0.0620844369965944,0.1421298260500636,0.8481279948022415,79.05,62.43
41181.25,0.0,0.0628790745445699,0.1274218639513505,0.8492650044668237,78.54,62.89
42432.5,0.0,0.0593383426131142,0.1505798331211992,0.8403313571022497,79.27,61.33
45104.5,0.0032350270359516,0.0566030596248445,0.1698133220195163,0.8369203281085033,92.1,63.85
50426.25,0.0544433896066372,0.0533109897832315,0.1328312827040022,0.936083813855275,120.88,85.52
55408.5,0.1951902835679201,0.0427969079409697,0.1156484231367557,0.9428246568667262,107.27,85.99
58986.75,0.3907417344285301,0.0327585274879723,0.1246641210578418,0.8662389344595144,96.74,75.72
59796.5,0.5840436290089569,0.0232553110978971,0.1254773016546457,0.8186469584991473,79.22,63.58
60240.0,0.7275095967309201,0.0195686253310989,0.1247348324140857,0.7480711443190124,63.84,51.56
60212.25,0.8057023155982994,0.0188226390615708,0.1255833686890114,0.6875659871680337,47.13,42.53
59398.25,0.8413546869195526,0.0186172225525704,0.1201385942582378,0.6798505644440835,35.01,37.76
58577.5,0.8364324926734635,0.0183469376723066,0.1041578277471362,0.7090067408430114,33.96,36.67
57821.25,0.8049232261526397,0.0181685496513325,0.0942228821948805,0.6979615041013563,37.01,37.71
56930.75,0.7297333553473397,0.0165252175793286,0.0964149342384387,0.6796881344920003,48.78,44.56
55986.25,0.6134632847649317,0.0141413049354019,0.0964856455946825,0.6837488832940795,67.56,53.97
56324.25,0.4605347339744913,0.0125033785610032,0.0905458916702022,0.7124177698367579,85.48,74.19
56724.75,0.2841922235522351,0.0126601437915563,0.0783481827181445,0.72638674571591,92.0,89.18
56449.25,0.1303297973335534,0.0174441861722255,0.0629684627351152,0.8282303256720539,130.18,118.24
54427.25,0.0357658810418128,0.0301637926374398,0.0496747277612784,0.9114756761146756,227.6,164.7
52421.0,0.0015220621620506,0.0433536947943132,0.0369113279592702,0.8971006253553155,184.46,143.74
50475.75,0.0,0.0573706686847937,0.0284613208881346,0.8917404369365711,119.54,103.62
46910.5,0.0,0.0661333045029461,0.0255975109602602,0.8578737919272313,101.92,84.01
43815.0,0.0,0.0698686415481917,0.009051053599208,0.8625842605376431,90.11,78.61
42380.25,0.0,0.0768149629709714,0.010924904539669,0.846666125233493,80.45,68.86
41623.5,0.0,0.078669117249581,0.0170767925328807,0.8478843498741168,79.91,68.38
41096.5,0.0,0.0741607654467809,0.020011313816999,0.8368391131324616,79.29,66.35
41916.25,0.0,0.0717822585004594,0.02262763399802,0.8365954682043368,83.38,66.61
43960.25,0.0031679531101663,0.065192713119628,0.0266228256257955,0.851539023795988,91.38,72.71
49596.75,0.0544537086721426,0.0599005351640629,0.0306180172535709,0.8933647364574028,115.6,86.51
54542.0,0.1930490774755438,0.0495053786691172,0.0303705275067175,0.847072200113701,110.72,93.58
57506.25,0.3884921781483469,0.0354613762906103,0.0314665535284966,0.8538130431251523,98.4,88.8
58720.5,0.584564741816981,0.0194226714957565,0.0367699052467826,0.8707869731178429,81.43,69.42
58471.5,0.7404135881454575,0.0112925022974214,0.0425682364587752,0.8048404125720783,70.0,60.76
58836.0,0.8335070376026747,0.009854586734418,0.0494979493706689,0.737269552505482,58.75,52.69
58709.75,0.8714089652041112,0.0087842586085734,0.0568872860981473,0.709087955819053,44.34,42.75
56984.75,0.862359144755851,0.0073193145575436,0.0662565408004525,0.7150978640461301,36.5,39.18
55462.0,0.8112797705039831,0.0077896102492026,0.0706760005656908,0.6685616827743036,36.2,39.38
54888.25,0.7254819003591034,0.008854532677442,0.0832272662989676,0.668480467798262,42.54,45.25
54328.75,0.6007192388657283,0.0111843883453159,0.0970866921227549,0.7258182408836189,63.79,56.99
54686.5,0.442486688405498,0.0154819179415103,0.1093197567529345,0.7784455453585641,77.34,68.11
54260.5,0.26754757089198,0.0256067895561922,0.1176990524678263,0.8195403232356047,91.61,83.76
53476.0,0.1189530276138192,0.0441753608303151,0.1274218639513505,0.9005928693251035,121.02,107.88
51357.75,0.0314009163330168,0.0698524244553759,0.1408923773157969,0.8958011857386502,190.46,147.76
49716.0,0.0011970115986296,0.0957727444726742,0.1555296280582661,0.8371639730366279,120.0,109.75
47613.0,0.0,0.1212984485647872,0.1715103945693678,0.8189718184033136,106.86,92.07
44551.25,0.0,0.1326017622574193,0.1886932541366143,0.7675627385689922,91.55,76.67
42399.25,0.0,0.1239310232985566,0.2459694526941026,0.7589539511085844,94.73,77.99
40558.5,0.0,0.122763392615817,0.3123674162070428,0.8123934053439454,89.41,74.28
39190.0,0.0,0.1231093572625547,0.3444703719417338,0.7673190936408674,88.25,72.46
38800.25,0.0,0.1165846802529866,0.3250247489746853,0.7839681637293917,89.88,71.82
38630.75,0.0,0.1158062597978269,0.2793452128411823,0.7985056444408349,94.24,74.14
38719.0,0.002739711891691,0.1153035299205362,0.246959411681516,0.8360269633720459,93.8,74.57
40376.5,0.0452955380360754,0.1109303205578679,0.2260995615895913,0.8563307073824413,91.49,71.97
42807.0,0.1664723242663144,0.092832044975404,0.2003252722387215,0.8334280841387152,85.99,68.01
45970.5,0.3542638378668428,0.0622628250175685,0.1914863527082449,0.7258994558596605,68.2,60.42
48331.75,0.5541802534362488,0.0342234715390021,0.1790765096874558,0.6928449606107366,49.8,44.04
49257.25,0.7158696908407974,0.0319152386615492,0.1664545325979352,0.6666937383253472,5.15,15.71
49409.25,0.8229919098526437,0.0373749932428779,0.1603380002828454,0.6614959798586859,0.0,9.76
48922.25,0.8757016964543691,0.0393426671711984,0.1671970018384952,0.6871599122878259,-4.65,7.45
47233.5,0.8814132992116234,0.0412616898210714,0.1847687738650827,0.6715666368878421,-4.29,8.16
45984.75,0.8574008337804928,0.0422401210876263,0.2051690001414227,0.6872411272638674,-2.88,9.02
45713.25,0.7848268460808189,0.0449591869830801,0.2394993635977938,0.7035653374482255,-2.71,14.17
45904.25,0.6648728691129732,0.0524893237472295,0.2681374628765379,0.7142857142857143,2.42,21.67
46751.75,0.4999071284104511,0.0623330990864371,0.2996747277612784,0.7148542191180054,52.29,47.22
47559.75,0.3022918644487555,0.0786745229471863,0.3663908923773158,0.8419556566230812,85.0,73.68
47462.75,0.1292875717175052,0.1059246445753824,0.440708527789563,0.849021359538699,109.56,91.51
45709.5,0.0342489784125149,0.147894480782745,0.4908428793664262,0.8862178185657436,134.75,109.05
44831.0,0.0012898831881784,0.1912806097626898,0.5120209305614482,0.8482904247543247,108.81,96.33
43511.25,0.0,0.2290772474187793,0.5145665393862254,0.8026476082189555,84.1,82.71
41038.25,0.0,0.2476350072976917,0.5236883043416772,0.7418175911638106,74.51,71.93
38839.25,0.0,0.2537975025677064,0.5567458633856598,0.716478518638837,63.63,67.89
37274.0,0.0,0.2378561003297475,0.5635695092631877,0.6907333712336555,56.3,58.06
35993.25,0.0,0.2167144169955132,0.5100410125866214,0.7077885162023877,55.2,54.53
35257.75,0.0,0.1871344396994432,0.4136967897044265,0.7841305936814749,60.38,54.75
34532.5,0.0,0.1638142602302827,0.3165747419035497,0.8141801348168602,68.61,55.88
35052.0,0.0024662566557972,0.1462457430131358,0.2319686041578277,0.8368391131324616,75.24,60.13
35611.25,0.0498720435877326,0.1346883615330558,0.1868194031961533,0.8554373426459839,81.37,56.26
37764.25,0.184623560490362,0.1050002702848802,0.1511101682930278,0.7486396491513035,60.31,49.24
41250.0,0.3738855409254138,0.0654900264879182,0.1216235327393579,0.7238690814586209,48.68,39.24
43695.0,0.5634932100548974,0.0341315746797124,0.1003040588318484,0.6676683180378462,10.57,11.88
45703.5,0.7055557848681223,0.0266338721011946,0.0824494413802856,0.6554860716316089,0.07,1.71
46217.75,0.7877677797498659,0.0278285312719606,0.0772521566963654,0.633314383172257,0.01,0.52
45113.5,0.8171874355058406,0.0320611924968917,0.0726205628623957,0.6118736294972793,0.01,0.1
43603.0,0.796982705246213,0.0360776258176117,0.0677768349596945,0.6381872817347519,-0.08,-0.06
43880.5,0.72859309860899,0.0449429698902643,0.0650898034224296,0.6420856005847478,-0.21,0.15
43643.5,0.6332139761423206,0.0552462295259203,0.0712416914156413,0.6234061560951839,0.04,2.11
44261.5,0.5159377966731333,0.0709984323476944,0.0886013293734973,0.6409485909201657,0.11,7.07
45701.5,0.3650008255252404,0.0874858100437861,0.1178758308584358,0.781775359376269,59.81,40.41
46398.5,0.2153795352292896,0.1025460835720849,0.1466199971715457,0.8656704296272233,94.27,64.54
46895.75,0.0921131382342015,0.1185577598789123,0.1710154150756611,0.8814261349792902,108.27,81.77
46249.0,0.0218248235439798,0.1290340018379371,0.2031183708103521,0.9489969950458864,127.68,94.61
45559.75,0.0012021711313823,0.1239472403913725,0.2309432894922924,0.9424185819865184,128.12,98.76
44703.5,0.0,0.1247851235201902,0.2378730024041861,0.8901161374157395,111.85,89.35
42421.0,0.0,0.1330828693442888,0.2385801159666242,0.7912775115731341,93.7,74.12
40292.0,0.0,0.1125250013514244,0.2143968321312402,0.8179972386908145,122.1,85.38
38817.5,0.0,0.1239958916698199,0.2006788290199406,0.7762527410054414,96.63,72.23
38550.25,0.0,0.1430347586356019,0.2084924338848819,0.75205067814505,86.88,67.8
39005.0,0.0,0.1542137412833126,0.2435299109036911,0.7643141395273289,86.93,66.62
39605.5,0.0,0.1653278555597599,0.2798755480130109,0.7825062941606432,86.14,64.44
43281.0,0.0011763734676187,0.1805773285042434,0.3137109319756753,0.7821002192804353,82.26,64.79
49989.5,0.0268760061088867,0.2078058273420185,0.328913873568095,0.7787704052627304,119.48,84.13
55564.25,0.0987844140834606,0.2353748851289258,0.3198274642907651,0.7921708763095915,131.68,91.1
59137.25,0.2026458083955917,0.2500567598248554,0.2713548295856314,0.7783643303825225,126.05,89.88
60341.75,0.3204895364675775,0.2672306611168171,0.217119219346627,0.781369284496061,94.34,74.32
60377.25,0.4400049531514426,0.2765825179739445,0.1754702305190213,0.7426297409242264,75.14,60.04
61435.75,0.5438869855945846,0.2817287420941672,0.1478574459058124,0.708113376106554,72.88,46.0
60354.75,0.6213728484748421,0.2844964592680685,0.1389124593409701,0.658572240721189,66.22,41.51
59161.75,0.6647799975234243,0.2857505811124926,0.1437915429217932,0.6629578494274344,43.25,36.74
57798.5,0.6783340900648037,0.2739229147521487,0.1406095318908216,0.6735970112888817,19.41,33.16
57046.25,0.6412938044330705,0.26356559814044,0.1564135200113138,0.7004791683586453,20.38,34.57
56418.0,0.5562027902753127,0.2468728039353478,0.1814099844435016,0.6797693494680419,48.46,39.71
57263.5,0.4281328682874479,0.2236499270230823,0.1977089520577004,0.7528628279054658,63.69,67.18
57173.25,0.2662060923762744,0.1902048759392399,0.2047447320039598,0.7832372289450175,81.15,81.66
56165.0,0.1164764518925166,0.1477647440402184,0.214856455946825,0.9074149273125964,99.04,97.3
53878.25,0.0292029553803607,0.1107519325368938,0.221291189365012,0.9776658815885648,186.24,133.29
51838.0,0.000954513559252,0.0899291853613708,0.2275137887144675,0.9722244781937788,172.04,121.29
49591.75,0.0,0.0822206605762473,0.2517324282279734,0.9260131568261188,111.04,98.16
46329.25,0.0,0.0806638196659279,0.2935935511243105,0.8796394055063754,98.0,77.11
43450.5,0.0,0.0820747067409049,0.348182718144534,0.8408998619345407,83.39,70.36
42166.25,0.0,0.1019622682307151,0.4305614481685759,0.8030536830991635,75.8,61.96
40677.25,0.0,0.1239796745770041,0.4395064347334181,0.82392593194185,76.7,59.92
40571.5,0.0,0.1396886318179361,0.4009333899024183,0.8424429464793308,70.5,57.02
41338.0,0.0,0.1430509757284177,0.356880214962523,0.8544627629334849,73.83,57.18
43547.25,0.0012950427209311,0.1466457646359262,0.3004879083580823,0.8681880938845123,76.61,59.89
49414.25,0.0383714450819333,0.1526082490945456,0.2746429076509687,0.9398197027531876,106.73,77.06
54237.75,0.1437961778181367,0.1448132331477377,0.2380851364729175,0.9554129781531716,120.51,86.34
57299.75,0.2945474057869319,0.131753067733391,0.2119219346627068,0.8930398765532365,115.21,85.94
58725.25,0.4414547818549552,0.1357586896589004,0.193713760429925,0.818322098594981,87.29,71.96
60475.75,0.5614964708795972,0.1564733228823179,0.1731721114410974,0.743117030780476,68.87,57.99
60902.5,0.6323729723036282,0.171695767338775,0.143862254278037,0.7492893689596362,61.37,52.95
60164.75,0.6649347835060057,0.1814206173306665,0.1187597228114835,0.721513847153415,43.42,41.33
59266.75,0.6744747595657737,0.1884696470079463,0.1051831424126714,0.6917891659221961,38.29,39.81
58103.25,0.6505964419862137,0.1955457051732526,0.1110875406590298,0.7218387070575815,36.01,38.13
57232.5,0.5830014033929087,0.2011406021947132,0.119714326120775,0.7095752456753025,41.96,41.65
55954.5,0.4855017129648739,0.2028758311260068,0.1350586904256823,0.7622837651262893,64.86,50.95
56098.25,0.3553524992776654,0.2035028920482188,0.1577923914580681,0.8357833184439211,79.53,71.37
56368.5,0.216509472902134,0.197610681658468,0.1958704567953613,0.838138552749127,79.92,88.09
55725.25,0.0962098072398563,0.1841126547380939,0.2467472776127846,0.8772841712011695,96.03,102.34
53191.75,0.0212933916704503,0.1699389156170603,0.2970584075802573,0.8736294972792983,118.52,119.99
51424.75,0.000773929912907,0.1599437807449051,0.3358789421581106,0.8930398765532365,102.01,105.87
48495.0,0.0,0.1670793015838694,0.3701739499363597,0.8865426784699099,99.23,95.93
45251.75,0.0,0.1801827125790583,0.3986706265026163,0.9243076423292456,91.58,83.09
43091.0,0.0,0.1501810908697767,0.3694314806957997,0.8420368715991229,83.55,78.7
41507.75,0.0,0.1670468673982377,0.4109744024890397,0.801591813530415,78.33,72.25
40880.75,0.0,0.1752635277582572,0.4354405317493989,0.8547876228376513,72.56,69.27
40813.0,0.0,0.1712416887399319,0.44862819968887,0.7878664825793876,74.85,67.53
41439.25,0.0,0.1700091896859289,0.4467543487484089,0.8626654755136848,74.99,65.22
43939.5,0.0009957898212737,0.1677982593653711,0.436925470230519,0.8813449200032486,75.77,62.03
49547.5,0.0301781070706236,0.1683928861019514,0.41617168717296,0.9435555916511004,103.07,74.39
54207.0,0.1176063895653609,0.1560841126547381,0.3690425682364587,0.976285226995858,128.9,84.36
57744.0,0.2540553927436331,0.1571166008973458,0.3205345778532032,0.9151303500365467,99.19,83.01
58972.75,0.4053793288479795,0.1479971890372452,0.284365719134493,0.8404937870543329,72.91,63.28
59771.75,0.5412556238907005,0.1499432401751446,0.2617380851364729,0.8267684561033054,54.9,48.65
60542.25,0.6472427456969497,0.1585058651819017,0.2458987413378588,0.7215950621294567,21.19,30.74
59662.75,0.705560944400875,0.1763825071625493,0.2450502050629331,0.7137172094534232,1.58,17.24
57760.75,0.7277056589755232,0.2003405589491323,0.2534648564559468,0.6918703808982376,-0.15,13.18
56166.75,0.7335617286498535,0.2212389858911292,0.2491514637250742,0.7035653374482255,-2.06,11.25
55424.25,0.6844481363767697,0.2384885669495648,0.2595106774147928,0.6914643060180298,-1.96,15.9
54911.75,0.5873302513724357,0.2467106330071895,0.2699052467826333,0.7126614147648827,2.21,23.35
55166.0,0.4495294506129524,0.2421914698091788,0.2733347475604582,0.7209453423211241,39.27,46.26
54756.0,0.279522846411029,0.2224985134331585,0.2698345354263894,0.8098757410866564,69.34,69.8
54574.25,0.1223222025013414,0.1907292286069517,0.2487271955876113,0.8537318281491107,95.9,88.78
53042.5,0.0293164651009204,0.1552354181307097,0.2208669212275491,0.9285308210834078,109.93,99.61
51080.25,0.0010061088867792,0.1263203416400886,0.194491585348607,0.8964509055469828,121.82,101.79
48999.25,0.0,0.1142656359803232,0.1755055861971432,0.862015755705352,109.58,95.84
45783.0,0.0,0.1050435158657224,0.1577216801018243,0.8905222122959474,95.03,77.25
43334.5,0.0,0.0812097951240607,0.1258662141139867,0.8431738812637051,92.55,71.53
41599.75,0.0,0.0686685766798205,0.1139867062650261,0.837732477868919,87.2,67.56
40436.75,0.0,0.0584518082058489,0.103839626644039,0.8131243401283197,84.9,66.85
40311.25,0.0,0.0506513865614357,0.1004101258662141,0.7665881588564931,79.92,66.48
40917.75,0.0,0.0432780150278393,0.1128553245651251,0.7947697555429221,76.4,64.31
43374.5,0.0014033929087381,0.0407967998270176,0.1454886154716447,0.8442296759522456,92.53,70.79
48967.5,0.0445474057869319,0.0393426671711984,0.1779451279875548,0.9286932510354908,106.16,86.01
53719.25,0.1809035373756552,0.0334612681766582,0.2234478857304483,0.8887354828230326,116.86,98.6
56795.75,0.3831933380113096,0.0271744418617222,0.2762339131664545,0.7968001299439617,90.98,84.24
57086.75,0.5783423453172081,0.022136331693605,0.3132159524819686,0.718427678063835,71.98,66.47
57013.0,0.7235315969785776,0.0228444780798962,0.3442935935511243,0.6738406562170064,55.08,53.38
57703.5,0.8055888058777397,0.0259149143196929,0.3718710224862113,0.647689433931617,36.95,44.4
57394.75,0.8468495893011929,0.0281204389426455,0.3837858860132937,0.6953626248680257,24.31,35.24
56078.25,0.852292896355306,0.0284069409157251,0.3815938339697355,0.6887842118086576,17.36,31.22
55278.25,0.819235770008668,0.0280015135953294,0.366709093480413,0.6848858929586615,13.27,25.87
54678.0,0.7369567012011392,0.028579923239094,0.347404893225852,0.7016161780232275,26.2,35.89
53848.25,0.602726297106534,0.0293313152062273,0.3209588459906661,0.6913830910419881,53.8,55.58
54999.25,0.4327454905683741,0.030558408562625,0.2957148918116249,0.7359701128888168,80.0,70.1
55209.5,0.2544165600363231,0.0333369371317368,0.276799604016405,0.8408186469584992,97.0,89.72
54614.75,0.1056672307755809,0.0386237093896967,0.2723801442511667,0.8883294079428247,126.93,113.3
53021.5,0.0230682709373839,0.0479917833396399,0.2838353839626644,0.814992284577276,155.72,121.86
51656.0,0.0008616419697032,0.0559976214930536,0.3124381275632866,0.819459108259563,131.61,109.3
48748.5,0.0,0.0726039245364614,0.3514354405317494,0.9096889466417608,100.0,91.77
45392.0,0.0,0.0931131412508784,0.3892306604440673,0.7974498497522943,84.95,75.26
42950.0,0.0,0.1001459538353424,0.3698911045113845,0.8197027531876878,83.32,71.15
41237.5,0.0,0.1210173522893129,0.4008273228680526,0.7132299195971737,73.9,65.43
40546.5,0.0,0.1438834531596302,0.3861900721255834,0.7656947941200357,79.1,62.7
40504.0,0.0,0.1494080761122223,0.3030688728609815,0.7687809632096159,81.61,64.41
41127.75,0.0,0.155554354289421,0.2727337010323858,0.7031592625680175,81.17,63.9
43775.75,0.0009751516902629,0.1609276177090653,0.2816433319191062,0.6921952408024039,83.21,66.62
49398.75,0.0278408387336442,0.1740688685874912,0.2995686607269127,0.7109559002680094,99.52,76.06
54579.75,0.111095059231436,0.1680577328504243,0.3220902276905671,0.7655323641679526,116.56,83.71
57813.75,0.2169170759895984,0.1554408346397102,0.2791330787724508,0.7376756273856899,104.1,82.57
59385.5,0.3324699715193792,0.1445321368722633,0.2255338707396408,0.7104686104117599,96.83,79.13
60465.25,0.4138048458331613,0.1442564462943943,0.1928298684768774,0.7324778689190287,90.53,73.77
60292.75,0.4749298303545631,0.1514730525974377,0.1976028850233347,0.6939819702753187,81.35,66.08
59099.25,0.5282690799521196,0.1618736147899886,0.2220690142836939,0.7002355234305205,70.0,61.06
57834.0,0.5595203698353077,0.1670144332126061,0.2485857728751237,0.6616584098107691,63.12,53.74
56623.0,0.5763920419366823,0.1609816746851181,0.231862537123462,0.647689433931617,60.19,51.62
55821.75,0.5508110785487266,0.1607438239904859,0.2298119077923914,0.6673434581336799,68.14,57.73
53992.25,0.4796766004870599,0.1526514946753878,0.2130533163626078,0.653130837326403,72.84,64.17
54014.25,0.3695463738803814,0.1350559489702146,0.1949865648423136,0.671404206935759,88.52,81.63
54296.0,0.2309819622734965,0.1097843126655494,0.1657474190354971,0.7609031105335824,94.34,89.33
52888.5,0.0998833945597886,0.0814746743067192,0.1351294017819261,0.8449606107366199,107.79,99.79
50523.0,0.0221601931729062,0.0588464241310341,0.1169919389053882,0.9108259563063428,143.25,106.11
48852.0,0.0007636108474016,0.0457484188334504,0.1055720548720124,0.913343620563632,139.0,100.79
46494.0,0.0,0.0410346505216498,0.0955663979635129,0.8885730528709495,106.39,85.82
43592.75,0.0,0.0372668792907724,0.0868689011455239,0.8035409729554129,97.91,80.58
40208.25,0.0,0.0308395048380993,0.064559468250601,0.8019166734345813,103.96,84.08
38627.0,0.0,0.031498999945943,0.0488615471644746,0.7114431901242589,103.41,78.46
37387.5,0.0,0.0308935618141521,0.0369113279592702,0.6825306586534557,97.39,73.47
36828.25,0.0,0.0261365479215092,0.0318908216659595,0.7220011370096646,95.25,71.42
36882.25,0.0,0.0203308286934428,0.0246075519728468,0.761958905222123,92.46,69.9
37616.75,0.0008616419697032,0.0197199848640467,0.0188445764389761,0.7727604970356534,90.51,69.04
39095.5,0.0238576794485491,0.0186820909238337,0.0159454108329797,0.7157475838544628,87.4,67.39
41596.75,0.1010649275601601,0.0178279907022001,0.0157686324423702,0.6880532770242833,82.75,64.68
44914.25,0.2196877450778057,0.0152440672468782,0.0142483382831282,0.6886217818565743,84.69,67.65
47648.75,0.350796631857019,0.0118060435699226,0.0118087964927167,0.7057581418013482,67.67,57.15
49615.75,0.4643321500804887,0.0114654846207903,0.0100410125866214,0.6441159749857874,60.78,53.74
50458.5,0.5453316547653444,0.012303367749608,0.0077782491868194,0.6130106391618615,39.9,42.39
49160.25,0.5889916209188096,0.0138007459862695,0.0056922641776269,0.620482416957687,28.0,33.76
47940.0,0.5920202666446527,0.0160332990972485,0.0049851506151887,0.6147161536587347,17.8,24.4
46949.0,0.5651287819375077,0.0187847991783339,0.0042073256965068,0.6336392430764233,17.92,25.48
46808.0,0.4944328641598217,0.0206119249689172,0.0039244802715316,0.6611711199545196,35.02,38.5
46125.5,0.3908397655508317,0.0224768906427374,0.0047023051902135,0.7368634776252742,67.72,55.93
46899.0,0.2620010731828125,0.0248283691010324,0.006399377740065,0.7678875984731585,94.73,71.05
47518.5,0.142872621455401,0.0277150116222498,0.0083439400367699,0.8104442459189475,104.97,80.04
46322.0,0.0571985800965864,0.0324233742364452,0.0097581671616461,0.8049216275481199,116.69,95.97
44530.75,0.0105409254137945,0.039061570895724,0.0106067034365719,0.7558677820190043,123.1,90.28
43387.75,0.0008925991662195,0.043310449213471,0.0100056569084995,0.7653699342158694,121.82,89.78
41634.0,0.0,0.0518784799178334,0.0108895488615471,0.7522943230731747,108.1,84.08
39477.5,0.0,0.062057408508568,0.0119855748833262,0.7290668399252822,97.94,76.49
36642.75,0.0,0.109578896156549,0.0087328524961108,0.7667505888085763,109.99,78.32
35451.5,0.0,0.1358992377966376,0.0167939471079055,0.8076829367335336,95.11,71.72
34356.5,0.0,0.158040975187848,0.0258450007071135,0.7290668399252822,88.21,66.62
34149.5,0.0,0.1801232499054003,0.0408004525526799,0.7364574027450662,81.53,62.36
34471.0,0.0,0.1984053192064435,0.0538466977796634,0.7150978640461301,78.54,59.28
34524.0,0.0005675486027985,0.2099248608032866,0.0885659736953754,0.6887029968326159,79.26,60.87
35079.0,0.0193585668881826,0.2167846910643818,0.1233206052892094,0.6817997238690815,75.53,57.26
37099.75,0.0849155900441656,0.1996972809341045,0.1388771036628482,0.6901648664013644,72.61,52.07
39922.25,0.2125056754860279,0.1672955294880804,0.1492716730306887,0.6840737431982458,25.49,31.34
42585.0,0.3740248483097371,0.1561165468403697,0.1621411398670626,0.6934134654430277,4.92,8.23
44411.75,0.5457392578528089,0.1547867452294718,0.1737731579691698,0.6753025257857549,0.0,-0.67
45352.5,0.6901545796012714,0.1594897021460619,0.1647574600480837,0.6312840087712174,-2.43,-3.41
44536.25,0.7767366987245635,0.1509865398129628,0.195587611370386,0.639324291399334,-16.63,-14.93
43006.5,0.8123116770545259,0.1542948267473917,0.2144321878093621,0.6397303662795419,-39.91,-34.97
41268.5,0.8118112023775127,0.1784691064381858,0.2198416065620138,0.5905953057743848,-48.69,-53.89
40928.75,0.7554691047178768,0.1908697767446889,0.2276198557488332,0.5941687647202144,-33.53,-36.17
41110.0,0.648769967391753,0.2129952970430834,0.2311907792391458,0.6398927962316251,-13.77,-11.81
42409.25,0.4937311677054526,0.2256338180442186,0.2794866355536699,0.6750588808576301,-1.99,4.56
45244.75,0.2985873199323069,0.2052813665603546,0.288537689152878,0.6898400064971981,40.87,32.63
45736.0,0.1216205060469723,0.1743769933509919,0.28319898175647,0.7338585235117355,92.48,60.13
45124.25,0.0266128699384983,0.1547651224390507,0.2706123603450714,0.8565743523105661,111.85,71.66
45324.5,0.0005830272010566,0.1464565652197416,0.254525526799604,0.8936895963615691,115.66,73.45
44684.0,0.0,0.1499756743607762,0.2421863951350586,0.91683586453342,104.95,71.59
42073.0,0.0,0.150559489702146,0.2336303210295573,0.7531064728335906,84.46,59.46
37835.0,0.0,0.1528785339748094,0.2204426530900862,0.6787135547795013,79.59,52.01
36392.25,0.0,0.1354613762906103,0.2166595955310422,0.6945504751076098,76.03,48.69
35550.5,0.0,0.1222228228552894,0.2121694244095602,0.6376187769024608,72.25,49.89
35516.5,0.0,0.1167414454835396,0.2022698345354263,0.619507837245188,76.29,46.81
36819.0,0.0,0.109638358830207,0.1958351011172394,0.6062697961504101,80.0,48.46
39562.5,0.0008771205679613,0.1051029785393805,0.1937491161080469,0.6453341996264111,101.3,57.07
45270.5,0.0409615305237957,0.1017892859073463,0.1877386508273228,0.730853569398197,135.0,75.0
51005.25,0.1811718330787964,0.0827666360343802,0.1887286098147362,0.7027531876878096,121.66,74.28
54008.5,0.4038675857514343,0.0613979134007243,0.1675859142978362,0.7029968326159344,98.46,67.36
54014.5,0.6258925991662195,0.0519865938699389,0.141988403337576,0.730853569398197,63.66,47.39
54018.75,0.8025034052916168,0.050343261797935,0.1148352425399519,0.6966620644846909,10.58,14.25
53858.0,0.916750939034961,0.0539218336126277,0.1012940178192617,0.6490700885243239,-0.16,2.95
53454.25,0.984547199405622,0.0565544083463971,0.1071984160656201,0.664013644115975,-0.19,0.6
53087.5,1.0,0.0558408562625006,0.1086479988686183,0.6197514821733128,-1.7,-0.98
51723.5,0.9686300408634994,0.0525163522352559,0.1054659878376467,0.6302282140826768,-0.98,-0.72
51065.0,0.8845193379287571,0.0473322882317963,0.0976170272945835,0.6108990497847803,-0.07,5.43
50858.5,0.7493189416766418,0.0411427644737553,0.085348606986282,0.6583285957930642,13.74,18.67
51437.25,0.5575339497255128,0.035261365479215,0.0754136614340263,0.6861041175992854,64.48,55.51
51879.75,0.3237142444380237,0.0308827504189415,0.0694385518314241,0.7064078616096808,96.91,77.08
52031.75,0.1233953853139059,0.0324125628412346,0.0657615613067458,0.7937139608543815,123.24,112.12
50869.25,0.0257873446980641,0.0457970701118979,0.0618370810352142,0.8534069682449443,178.07,138.1
49281.75,0.0005520700045403,0.0620790312989891,0.0594328949229246,0.8197027531876878,132.72,108.1
46278.5,0.0,0.0792799610789772,0.058124734832414,0.8117436855356127,107.8,95.03
42500.75,0.0,0.0887237147953943,0.055119502192052,0.6913830910419881,90.2,81.91
40137.75,0.0,0.1076652792042813,0.0573469099137321,0.6667749533013888,78.01,65.39
38728.5,0.0,0.1135466781988215,0.0564630179606844,0.6199139121253959,75.77,61.57
37977.25,0.0,0.1162116871182226,0.0641352001131381,0.616421668155608,79.27,61.5
37554.25,0.0,0.0977458240985999,0.0572408428793664,0.6614959798586859,83.73,62.99
38138.0,0.0,0.0895615979242121,0.0423561023900438,0.6757898156420044,88.59,64.54
40839.5,0.0008564824369505,0.0851937942591491,0.0328807806533729,0.6916267359701129,101.85,74.45
46326.0,0.0397696784579188,0.083253148818855,0.0264460472351859,0.7687809632096159,115.64,88.37
51561.5,0.1776375531431873,0.0767446889021028,0.0224862112855324,0.7483147892471371,113.48,91.61
54690.5,0.3904682791926363,0.0521433591004919,0.0141422712487625,0.6827743035815804,99.65,83.48
55608.25,0.6030410286044496,0.0253365046759284,0.0072125583368689,0.6932510354909446,67.78,60.68
55831.75,0.7779749865852148,0.014281853073139,0.0055861971432612,0.6625517745472265,37.52,38.23
56366.0,0.8933060222066289,0.0110816800908157,0.0060458209588459,0.6711605620076342,7.84,11.4
55440.0,0.9567734345977628,0.0091788745337585,0.0080964502899165,0.6411110208722488,1.09,2.34
54468.0,0.9694504065711808,0.0075193253689388,0.010182435299109,0.645171769674328,-0.04,1.08
53431.75,0.9348454203987286,0.0073139088599383,0.0106774147928157,0.6420043856087062,-0.06,1.93
52945.0,0.8459002352746935,0.0073571544407805,0.0100410125866214,0.6315276536993422,13.25,17.98
52337.5,0.7105914888347711,0.0082761230336774,0.0095813887710366,0.5985543734264598,40.68,43.5
53119.0,0.5219331737317868,0.0103086653332612,0.0097581671616461,0.6639324291399334,78.1,69.32
53571.25,0.3006562925661452,0.0147034974863506,0.0111723942865224,0.6753025257857549,103.4,94.56
53347.5,0.1146860940273248,0.0247202551489269,0.0127633998020082,0.7271176805002842,129.44,120.03
51896.25,0.0229599207495769,0.0429698902643386,0.0153443643049073,0.8374888329407942,177.13,153.93
50224.5,0.0003611672926899,0.0577436618195578,0.0188092207608541,0.8066271420449931,147.67,131.17
47750.0,0.0,0.0717552300124331,0.0229811907792391,0.7448225452773491,114.98,94.89
44431.75,0.0,0.0756473322882318,0.0262339131664545,0.6806627142044993,99.04,82.04
41326.75,0.0,0.0654413752094707,0.0213548295856314,0.6960935596523999,98.85,81.1
39644.75,0.0,0.0606681442240121,0.0292037901286946,0.6538617721107772,87.29,70.26
38689.5,0.0,0.0540245418671279,0.0318908216659595,0.6344513928368392,85.19,67.32
38138.25,0.0,0.0428942104978647,0.0371588177061236,0.6592219605295216,82.9,64.66
38810.5,0.0,0.0323909400508135,0.0430985716306038,0.6594656054576464,90.6,66.72
42231.5,0.0007326536508853,0.0251418995621384,0.0294159241974261,0.6576788759847316,102.39,74.02
47881.5,0.0382579353613736,0.0253040704902967,0.0279663413944279,0.7176967432794608,112.51,82.6
53184.5,0.1703419738308498,0.0249310773555327,0.0534224296422005,0.7129050596930074,110.14,83.5
56130.75,0.3735914475585091,0.0195470025406778,0.064559468250601,0.6804190692763745,95.26,79.94
57160.75,0.5756181120237751,0.0134493756419265,0.0647362466412105,0.6904085113294891,79.02,66.57
57939.75,0.7380556816774673,0.0129088058813989,0.0671757884316221,0.6519126126857793,55.89,49.48
59429.5,0.8423814339373427,0.0151089248067463,0.0718427379437137,0.6524811175180704,33.46,31.41
59285.5,0.8924908160317002,0.0167900967619871,0.0750247489746853,0.6370502720701697,21.75,22.09
57750.75,0.886614108226359,0.0182982863938591,0.0758732852496111,0.6342077479087144,11.36,13.29
56234.25,0.8329136913361126,0.0209687010108654,0.0640291330787724,0.6091935352879071,17.53,19.17
55396.0,0.7337577908944566,0.0275744634845126,0.0671050770753783,0.6010720376837488,31.74,32.27
54746.75,0.6003271143765221,0.0361533055840856,0.0759793522839768,0.6054576463899943,46.09,41.66
55017.75,0.4251093820943575,0.0476512243905076,0.0920308301513223,0.648257938763908,75.85,65.74
54911.75,0.2409089032897181,0.0652629871884966,0.1096379578560316,0.7260618858117437,99.16,79.54
54705.75,0.0956370991043051,0.0896372776906859,0.1270329514920096,0.7304474945179891,115.39,97.81
52854.75,0.0182647459446072,0.1148872912049299,0.1426955169000141,0.7008040282628116,136.15,109.14
51067.0,0.0004076030874643,0.1240283258554516,0.1469735539527648,0.7414115162836027,116.19,96.89
48091.25,0.0,0.1287907454456997,0.1364022061943148,0.7284171201169496,104.51,88.52
44815.5,0.0,0.1258338288556138,0.1181233206052892,0.6703484122472184,96.49,79.2
44247.75,0.0,0.1027028488026379,0.1090015556498373,0.6792008446357508,96.45,79.45
42449.75,0.0,0.0980377317692848,0.115153443643049,0.6566230812961911,92.4,72.88
41238.75,0.0,0.088188550732472,0.1210224862112855,0.6539429870868189,86.85,71.63
41059.75,0.0,0.0726417644196983,0.113668505161929,0.637375131974336,84.11,67.98
41754.5,0.0,0.0638466944159143,0.1018597086692122,0.6811500040607488,93.08,68.5
44452.5,0.0005107937425186,0.0589058868046921,0.0818130391740913,0.6915455209940713,112.71,76.69
50009.0,0.0330622858793907,0.0603167738796691,0.0729034082873709,0.8099569560626979,134.39,94.6
55335.0,0.1493942708548314,0.0517325260824909,0.0580540234761702,0.7478274993908877,109.52,92.47
58745.75,0.3324957691831428,0.0339694037515541,0.0563923066044406,0.747583854462763,105.95,95.61
60659.0,0.517005819952945,0.0230390831936861,0.0519374911610804,0.7630146999106635,90.1,82.43
61800.25,0.6554102860444958,0.0200875723012054,0.0459623815584782,0.750670023552343,76.95,71.39
63135.25,0.724083666983118,0.0175414887291204,0.0401994060246075,0.7628522699585804,67.64,62.28
62350.75,0.7432306930284394,0.0174117519865938,0.0340121623532739,0.7768212458377325,64.03,56.39
61580.5,0.7191924299335453,0.0197307962592572,0.0319968887003252,0.772435637131487,60.38,53.22
59936.0,0.6500392124489206,0.0260176225741932,0.0358153019374911,0.7363761877690246,62.39,54.08
59070.5,0.562781194535023,0.0331153035299205,0.0484372790270117,0.700154308454479,71.22,62.0
57876.0,0.4508399719321418,0.04289961619547,0.0666100975816716,0.7343458133679851,77.39,66.01
57956.25,0.3125748132249143,0.0556949024271582,0.0878588601329373,0.7819377893283521,95.16,81.25
58007.25,0.1780606348289098,0.0713498026920374,0.1080115966624239,0.8546251928855682,102.83,93.33
56626.25,0.0701077310438766,0.0944213200713552,0.1240630745297694,0.8838625842605377,112.5,106.62
54267.5,0.0111239526148511,0.1203308286934428,0.1314877669353698,0.8184033135710225,138.07,119.59
52602.25,0.0001238287860651,0.1284339694037515,0.1292603592136897,0.8185657435231056,124.03,107.68
49703.5,0.0,0.1333315314341315,0.1227902701173808,0.788759847315845,112.94,102.12
46289.5,0.0,0.1296286285745175,0.1125724791401499,0.7047023471128075,105.7,92.49
43758.25,0.0,0.1086328990756257,0.1274572196294724,0.7714610574189881,93.93,86.19
42127.25,0.0,0.1034974863506135,0.0824494413802856,0.7119304799805084,89.17,80.16
41673.25,0.0,0.1075247310665441,0.0651251591005515,0.7103061804596768,88.11,80.03
41281.5,0.0,0.1047083626141953,0.0637462876537972,0.6579225209128563,82.97,74.78
41738.75,0.0,0.1033785610032974,0.0578418894074388,0.7051084219930155,86.95,75.42
44474.25,0.0007636108474016,0.1037083085572193,0.0492504596238155,0.746609274750264,96.61,80.0
49862.75,0.0167736409790729,0.11224390507595,0.0432046386649696,0.7516446032648421,110.75,92.78
54380.75,0.0782959095224336,0.1104600248662089,0.0365224154999292,0.8416307967189149,121.38,105.21
57552.25,0.1819921987864779,0.0971566030596248,0.0272945835101117,0.7830747989929343,113.19,100.75
58240.75,0.2973490320716556,0.0853992107681496,0.0203295149200961,0.7634207747908714,104.42,94.25
59063.0,0.4068910719445247,0.0763554786745229,0.0167939471079055,0.717047023471128,91.68,77.64
59645.25,0.5030854005861229,0.0674090491377912,0.0130816009051053,0.720376837488833,77.69,69.75
59030.0,0.5719342056383374,0.0569814584572139,0.0099703012303775,0.7279298302607001,73.58,68.01
56457.25,0.6151917282370909,0.0479215092707713,0.009404610380427,0.7053520669211403,61.94,60.06
54607.75,0.6358556569117101,0.0397643115844099,0.0088389195304765,0.7033216925201007,53.44,56.48
54243.0,0.598490320716556,0.0362235796529542,0.0095460330929147,0.7245188012669537,50.58,58.02
53481.5,0.5193895240846989,0.0325152710957349,0.0102531466553528,0.7246812312190368,65.42,66.51
53521.25,0.3977432203739629,0.029796205200281,0.0111016829302786,0.743685535612767,77.69,68.64
53867.0,0.2401194947785528,0.0282555813827774,0.0137180031112996,0.7492893689596362,102.22,81.99
52746.75,0.0934494572171544,0.0288826423049894,0.0176778390609531,0.7656947941200357,128.49,97.33
50874.75,0.0171657654682791,0.0309151846045732,0.0214255409418752,0.818322098594981,146.19,107.38
49210.25,0.0001909027118504,0.0301367641494134,0.0259864234196011,0.7591975960367092,121.66,95.74
46752.5,0.0,0.0298178279907022,0.0322443784471786,0.7634207747908714,114.42,91.35
43757.75,0.0,0.0280285420833558,0.0376891528779522,0.7084382360107204,99.01,82.39
41178.25,0.0,0.0247256608465322,0.0569579974543911,0.7431982457565175,102.65,78.62
39589.0,0.0,0.0241688739931888,0.0669282986847687,0.7277674003086169,99.14,74.26
38628.5,0.0,0.0260770852478512,0.0788078065337293,0.711037115244051,93.3,71.64
37980.5,0.0,0.0257094978106924,0.0999151463725074,0.6880532770242833,89.1,67.67
38032.0,0.0,0.0267419860533001,0.1214467543487484,0.6969057094128157,86.31,65.44
38332.5,0.0003250505634209,0.0298502621763338,0.1390892377315797,0.7367010476731909,94.88,70.1
39312.5,0.0282690799521195,0.0313314233201794,0.1521001272804412,0.7220011370096646,103.74,73.6
41080.75,0.1359227308374953,0.0304773230985458,0.1468321312402772,0.7405181515471453,95.51,71.2
44155.25,0.3024363313658315,0.0252770420022703,0.1437915429217932,0.697230569316982,84.5,66.71
47202.0,0.4734645230527923,0.0195956538191253,0.1432965634280865,0.6926013156826119,66.06,54.81
48672.75,0.6177044206876625,0.0191307638250716,0.1428722952906236,0.6856168277430358,32.44,37.93
48819.0,0.7052513724357122,0.0236174928374506,0.1424126714750389,0.6717290668399253,20.36,28.28
47737.0,0.7388450901886325,0.030715173793178,0.1459128836091076,0.6563794363680663,14.66,22.19
46340.75,0.730017129648739,0.0394183469376723,0.1533375760147079,0.6411110208722488,6.41,12.72
45799.75,0.686625459198415,0.0492242823936429,0.1411752227407721,0.6278729797774709,4.1,10.39
45368.75,0.6216359846452305,0.0604411049245905,0.1425540941875265,0.6484203687159912,12.38,20.79
44741.25,0.5125583027201057,0.0692956376020325,0.1448875689435723,0.639324291399334,32.44,35.58
45452.5,0.370923969125356,0.0737066868479377,0.1396902842596521,0.6532120523024446,73.61,60.79
46250.0,0.2146829983076732,0.0733228823179631,0.1302149625229812,0.7198083326565419,103.55,81.58
46109.25,0.0799985553308292,0.0734255905724633,0.1213406873143826,0.7641517095752457,110.02,90.02
44688.0,0.0110259214925496,0.0760473539110222,0.109885447602885,0.7608218955575408,124.64,90.44
44024.75,8.771205679613654e-05,0.0727390669765933,0.0950360627916843,0.7968813449200033,136.64,94.51
42418.0,0.0,0.0744526731174658,0.087222457926743,0.7795825550231462,119.2,88.11
39913.75,0.0,0.0811395210551921,0.0935157686324423,0.7456346950377649,101.3,77.71
38265.25,0.0,0.0995080815179198,0.0657615613067458,0.6953626248680257,110.21,80.6
36656.5,0.0,0.1045191631980107,0.0959553104228539,0.7116868350523836,101.34,74.47
36122.75,0.0,0.1142332017946916,0.1759298543346061,0.7115244051003005,96.9,71.21
35585.5,0.0,0.1146440348126925,0.2758096450289916,0.7002355234305205,92.68,65.3
35416.75,0.0,0.1222714741337369,0.3786946683637392,0.6979615041013563,90.21,62.99
35421.25,0.0001702645808395,0.1328233958592356,0.4159241974261066,0.6681556078940957,83.0,60.81
35844.75,0.0146014776901803,0.1402237958808584,0.4361122896337152,0.6738406562170064,77.7,58.89
37664.25,0.0796838238329137,0.1472403913725066,0.4233842455098289,0.6645009339722244,73.2,55.92
40605.75,0.1901648986667767,0.1530569219957835,0.4174091359072267,0.6594656054576464,63.93,51.55
43841.75,0.311336525364263,0.1642791502243364,0.3958068165747419,0.6504507431170308,28.11,26.82
45526.25,0.4230662071242828,0.1788745337585815,0.3612289633715174,0.6569479412003574,8.05,10.59
46941.75,0.5078166921203616,0.1972809341045462,0.3001697072549851,0.6738406562170064,2.05,2.96
46273.75,0.5556816774672886,0.2179252932590951,0.2588389195304766,0.6454154146024527,0.06,0.81
44589.0,0.5644528831469022,0.2420563273690469,0.2283976806675152,0.6655567286607651,-0.04,2.24
44451.5,0.5541699343707434,0.256062489864317,0.1832838353839626,0.6421668155607894,-2.16,2.74
44259.0,0.49861208568952,0.2723768852370398,0.1738792250035355,0.6131730691139446,-0.01,6.94
43709.25,0.4051935856688818,0.2766257635547867,0.1787583085843586,0.6494761634045318,1.0,12.23
44609.0,0.2881805423700829,0.2651981188172334,0.1851930420025456,0.6798505644440835,22.46,33.79
45160.75,0.1654765344450406,0.2387210119465917,0.1953047659454108,0.7104686104117599,73.17,62.67
45457.75,0.06494303875841,0.2031515217038758,0.2068660726912742,0.729310484853407,105.66,78.27
45414.5,0.0094832211994881,0.1683334234282934,0.2151393013718003,0.7670754487127426,119.92,86.23
45461.5,0.0001496264498287,0.1412562841234661,0.2179677556215528,0.7783643303825225,124.99,89.37
43932.75,0.0,0.1268717227958268,0.2242257106491302,0.7603346057012913,112.94,86.39
41980.0,0.0,0.1186658738310179,0.2294229953330505,0.6870786973117843,104.83,76.01
40036.25,0.0,0.1055300286501973,0.2197355395276481,0.6935758953951109,103.08,64.21
39056.25,0.0,0.0951510892480674,0.2316857587328525,0.6498010233086982,85.32,55.99
38153.75,0.0,0.0896643061787123,0.2177202658746994,0.6104929749045724,82.3,54.42
38637.0,0.0,0.0831126006811178,0.2196648281714043,0.6242183058555998,85.35,53.94
39883.5,0.0,0.0727012270933564,0.2238367981897892,0.659546820433688,83.59,54.48
43288.25,0.0001754241135922,0.0655981404400237,0.2019869891104511,0.6812312190367904,97.24,65.06
49065.5,0.0187342634251042,0.0602140656251689,0.1629896761419884,0.7596848858929587,118.98,93.18
53749.0,0.0998575968960251,0.0472457970701118,0.1216588884174798,0.840656217006416,136.75,106.25
57074.75,0.2333605068724976,0.0331693605059732,0.1042992504596238,0.7957443352554211,113.97,95.05
58325.5,0.379003797416106,0.0268663170982215,0.09439966058549,0.7172906683992528,102.83,86.14
58385.75,0.5228980063565444,0.0278285312719606,0.0923490312544194,0.6840737431982458,74.5,66.12
58619.0,0.6408965204111116,0.0294664576463592,0.096273511525951,0.6529684073743198,64.3,58.86
57799.75,0.7204719940562183,0.0300286501973079,0.0985009192476311,0.6294972792983026,57.12,54.25
56208.0,0.7557012836917488,0.029050218930753,0.0943643049073681,0.6271420449930968,42.05,40.81
54351.25,0.7552730424732736,0.0264284555921941,0.0787017394993636,0.6204012019816454,36.35,36.7
53412.5,0.6999267346349115,0.0235958700470295,0.0704285108188375,0.6236498010233087,51.43,48.47
53061.75,0.5934855739464234,0.0196118709119411,0.0621552821383114,0.6250304556160156,70.1,61.49
53801.25,0.4407892021298551,0.0154332666630628,0.0587964927167303,0.6951189799399009,85.4,75.4
54583.0,0.2594367854047137,0.0124276987945294,0.0611299674727761,0.6974742142451068,108.97,98.41
54297.25,0.0959157138729516,0.0120114600789231,0.0709588459906661,0.8086575164460327,152.76,129.01
52892.5,0.0149884426466339,0.0169144278069084,0.0882831282704002,0.8279054657678876,250.01,189.06
51549.5,7.739299129070872e-05,0.0247959349154008,0.1059256116532315,0.7627710549825388,170.93,137.85
48640.0,0.0,0.0366776582517974,0.1178404751803139,0.7179403882075854,120.3,106.57
45335.5,0.0,0.0494945672739067,0.1263611936076934,0.651181677901405,102.92,93.11
42983.25,0.0,0.0593113141250878,0.148776693536982,0.6465524242670349,103.09,89.9
41335.5,0.0,0.0735607330125952,0.141210578418894,0.6260050353285146,95.57,80.83
40488.0,0.0,0.084134277528515,0.1358011596662424,0.6517501827336961,89.24,74.95
40502.0,0.0,0.078101519001027,0.1286239570074954,0.6256801754243483,85.24,71.37
41157.75,0.0,0.0725012162819611,0.1273157969169848,0.6156095183951921,85.76,71.41
43925.5,0.0001444669170759,0.0677820422725552,0.1264672606420591,0.6650694388045155,95.77,79.92
49654.25,0.0303535311842159,0.0681171955240823,0.1089661999717154,0.7223259969138309,123.86,98.01
54320.25,0.1542493911751351,0.0619547002540677,0.0820605289209447,0.7608218955575408,126.04,101.54
56914.25,0.3671626697486275,0.0415698145845721,0.0710295573469099,0.6879720620482417,85.29,80.54
57636.5,0.5921750526272341,0.0244824044542948,0.0618370810352142,0.7413303013075612,74.51,67.93
58028.0,0.7744407066496058,0.0224822963403427,0.0538113421015415,0.6845610330544952,36.04,39.34
57686.0,0.8874241548685351,0.0238283150440564,0.0494979493706689,0.6502883131649476,21.43,27.41
57051.5,0.944323482065464,0.0235742472566084,0.0474119643614764,0.5906765207504264,15.86,21.88
56048.75,0.9465833574111528,0.0223039083193686,0.0457502474897468,0.5912450255827174,2.95,12.84
55330.5,0.9094759978536344,0.0200821666036001,0.0409065195870456,0.5926256801754244,4.79,15.27
54584.25,0.8152061749287984,0.0197956646305205,0.0440178192617734,0.573458945829611,19.44,28.3
53967.75,0.6709043629008957,0.0204497540407589,0.0562155282138311,0.5863721270202226,39.71,41.8
54618.75,0.4832366780864325,0.0220174063462889,0.0659736953754773,0.6627954194753513,82.19,71.38
55246.25,0.2722014694349279,0.0259743769933509,0.0749186819403196,0.7176155283034191,106.29,96.28
55604.0,0.0964987410740083,0.0377804205632736,0.0818837505303351,0.8221392024689352,174.58,138.9
54402.25,0.0147098278779873,0.0635331639548083,0.0869042568236458,0.8944205311459433,230.85,177.93
53007.25,0.0002373385066248,0.0912211470890318,0.0893437986140574,0.8240071469178917,170.45,137.49
49965.25,0.0,0.1159954592140115,0.0877174374204497,0.7198895476325834,118.54,102.84
46493.25,0.0,0.1289691334666738,0.0911469381982746,0.6411110208722488,100.03,87.87
44055.5,0.0,0.1334450510838423,0.1511455239711497,0.6472833590514091,91.39,79.38
42717.25,0.0,0.1378777231201686,0.1318766793947108,0.6267359701128888,83.24,71.25
41977.25,0.0,0.1341099518892913,0.1306038749823221,0.5901080159181353,79.29,67.78
41767.5,0.0,0.1182874749986485,0.1371800311129967,0.5889710062535531,83.24,68.46
42722.0,0.0,0.1086761446564679,0.12537123462028,0.5836108178348087,86.43,70.55
45140.0,8.771205679613654e-05,0.0982647710687064,0.1121835666808089,0.689271501664907,104.36,82.45
50036.0,0.026870846576134,0.0891399535110006,0.0947532173667091,0.7830747989929343,126.07,98.97
54675.25,0.1378730342180212,0.0766419806476025,0.1066327252156696,0.7755218062210671,127.98,100.99
57985.75,0.3127811945350229,0.0496567382020649,0.0943643049073681,0.6848858929586615,109.06,90.44
58404.75,0.4866316506377182,0.0288015568409103,0.0706760005656908,0.7175343133273776,88.91,75.57
59219.5,0.6131433937342634,0.0317800962214173,0.0536345637109319,0.6817185088930399,73.56,63.35
60381.25,0.6746089074173443,0.0446132223363425,0.0493211709800594,0.6270608300170551,62.49,53.17
60352.0,0.6813472571923886,0.0662522298502621,0.0500282845424975,0.6425728904409973,42.14,37.88
59448.5,0.6503539439468362,0.0870209200497324,0.0568519304200254,0.6078128806952002,35.05,27.87
57291.5,0.5975564452883146,0.0955024595924104,0.0675293452128411,0.6396491513035004,51.19,36.38
56442.75,0.5253952202088579,0.1026109519433483,0.089485221326545,0.5835296028587672,69.28,46.45
56092.75,0.424000082552524,0.1120438942645548,0.136331494838071,0.6076504507431171,85.74,53.83
57153.75,0.3026117554794237,0.11959024812152,0.1814453401216235,0.7313408592544465,105.2,73.79
57540.5,0.178690097824741,0.1216336018163144,0.2150332343374346,0.7531064728335906,106.41,92.04
56690.5,0.0697259256201758,0.1133196388993999,0.2313675576297553,0.7440103955169334,119.75,104.96
55010.25,0.009612209518306,0.1022866100870317,0.2243671333616178,0.8661577194834728,149.28,122.96
53750.5,0.0002063813101085,0.0964538623709389,0.2096238155847829,0.8092260212783238,134.25,112.71
50346.5,0.0,0.0972106600356776,0.203153726488474,0.8058962072606188,112.74,97.54
46538.5,0.0,0.0953456943618574,0.1979210861264319,0.7153415089742549,102.78,88.57
43854.25,0.0,0.0822639061570895,0.186925470230519,0.6538617721107772,96.43,80.61
42267.75,0.0,0.0781555759770798,0.1682223165040305,0.6309591488670511,88.06,73.61
41527.75,0.0,0.0781771987675009,0.1788290199406024,0.6584910257451474,87.36,71.51
41054.75,0.0,0.0724039137250662,0.2218922358930844,0.6117924145212377,88.06,70.69
42304.75,0.0,0.0709497810692469,0.2380497807947956,0.5991228782587509,88.27,70.8
45443.25,6.191439303256697e-05,0.0730201632520676,0.2372012445198699,0.6297409242264274,96.11,77.75
50757.5,0.0136676022619391,0.0807557165252175,0.2418681940319615,0.7025095427596849,110.93,90.28
55291.75,0.0769699096049861,0.0866641440077842,0.2143968321312402,0.7908714366929261,124.93,100.61
58429.75,0.1710952656127461,0.0820801124385101,0.1783340404468957,0.7366198326971494,114.41,95.1
59542.75,0.2774796714409543,0.0779501594680793,0.1735963795785603,0.71355477950134,106.84,87.81
58935.5,0.3860414000908078,0.0834855938158819,0.1740206477160231,0.6679119629659709,86.1,71.45
59690.75,0.4895777438395179,0.0952537975025677,0.1816928298684768,0.644197189961829,71.6,62.76
59937.75,0.5633229454740579,0.1092383372074166,0.2003606279168434,0.6454966295784943,57.09,53.58
58765.25,0.6055898377842902,0.120374074274285,0.2215033234337434,0.6273856899212215,40.49,43.11
56714.5,0.6206763115532258,0.1207308503162333,0.2250388912459341,0.610168115000406,32.18,38.66
55341.5,0.5854573409832006,0.1130817882047678,0.2176849101965775,0.6157719483472752,40.24,44.66
54321.0,0.5058663887398357,0.1001081139521055,0.2165181728185546,0.6405425160399578,57.81,57.65
54470.25,0.3891371197424361,0.0833774798637764,0.2341960118795078,0.6710793470315927,80.52,73.08
55321.25,0.2352179386634746,0.0643115844099681,0.2402064771602319,0.7360513278648583,101.92,87.46
54979.25,0.0859887728567301,0.0471052489323747,0.2317918257672182,0.8509705189636969,138.49,106.83
53469.0,0.0110207619597969,0.0375533812638521,0.2185688021496252,0.9107447413303013,197.31,144.11
52242.25,0.0001186692533124,0.0366344126709551,0.2177909772309433,0.8757410866563794,135.0,108.51
49032.75,0.0,0.0490945456511162,0.2452623391316645,0.7521318931210915,102.0,87.35
45372.0,0.0,0.0742905021893075,0.3203577994625937,0.6787947697555429,93.56,79.5
43203.25,0.0,0.1329909724849992,0.3479705840758025,0.6341265329326727,103.71,80.02
41770.5,0.0,0.1834855938158819,0.4332484797058407,0.6015593275399984,83.92,64.31
40724.75,0.0,0.2256554408346397,0.487519445622967,0.6123609193535288,67.34,48.96
40620.75,0.0,0.2561057354451592,0.4494060246075519,0.6038333468691627,64.3,44.4
41354.5,0.0,0.2860965457592302,0.4663060387498232,0.6188581174368554,53.31,42.74
44170.0,4.127626202171132e-05,0.3228120438942645,0.4806250883891953,0.624949240639974,64.36,38.97
49870.25,0.0196629793205927,0.3743823990485972,0.4865648423136756,0.5943311946722976,80.0,62.6
54314.0,0.1102076195979692,0.401627114979188,0.5004242681374629,0.6116299845691545,88.41,63.18
57460.5,0.2613509720559706,0.3986701983891021,0.5136472917550559,0.6263298952326809,59.4,51.67
58930.0,0.4183710323193131,0.4061624952700146,0.5892377315796917,0.631365223747259,31.31,33.91
60320.25,0.5311584182936393,0.4399156711173577,0.61554235610239,0.6475270039795338,8.98,12.93
60861.25,0.5910296363561316,0.4787447970160549,0.626891528779522,0.6182083976285228,0.6,5.89
60576.0,0.6081076897676146,0.5025839234553219,0.6524536840616603,0.6503695281409893,-0.03,4.54
59341.75,0.591401122714327,0.5197145791664415,0.6494838070994202,0.6423292455128726,-0.16,5.23
58047.0,0.5589218640359929,0.5075625709497811,0.5843232923207468,0.6421668155607894,-0.8,6.68
57372.0,0.5037612993767284,0.5150170279474566,0.6184768773865083,0.585884837163973,-0.11,14.19
56511.25,0.4250577867668303,0.5188334504567814,0.6427308725781361,0.5930317550556322,-0.01,18.35
56633.5,0.3211241589961613,0.5114168333423428,0.6658888417479847,0.6081377405993665,2.55,25.78
56823.75,0.1962789449787427,0.4758527487972323,0.6745509828878518,0.6238122309753918,41.78,47.38
55323.5,0.074808065381599,0.4151251418995621,0.6756823645877528,0.6627142044993096,81.04,68.24
52874.0,0.0095451355925207,0.3584896480890859,0.6588177061236035,0.7557865670429628,124.97,77.8
50714.5,5.159532752713915e-06,0.3117357695010541,0.6288714467543487,0.7543246974742143,118.05,75.13
47759.5,0.0,0.27198767500946,0.6160019799179748,0.7031592625680175,113.46,70.72
44663.25,0.0,0.2412562841234661,0.6239216518172819,0.6731097214326321,93.23,62.71
42172.25,0.0,0.2174604032650413,0.6037335596096733,0.6252741005441403,85.09,55.76
40527.75,0.0,0.1903994810530299,0.671828595672465,0.6030211971087468,92.13,53.36
39091.0,0.0,0.1769122655278663,0.7058761137038608,0.6100869000243645,87.28,48.04
38615.25,0.0,0.1711281690902211,0.6883396973553952,0.5935190449118818,84.67,45.02
38199.0,0.0,0.1701713606140872,0.6648988827605713,0.5568098757410866,82.93,43.09
38750.25,5.159532752713914e-05,0.1787610141088707,0.6426601612218923,0.5693169820514903,85.52,44.71
39869.75,0.0217990258802162,0.1912103356938213,0.6393013718003111,0.5490944530171363,88.68,48.09
42442.5,0.1275023733850662,0.1878696145737607,0.6047235185970867,0.5486883781369285,76.01,43.4
46165.25,0.3167437156891072,0.1620465971133574,0.5680243247065478,0.5653374482254527,31.86,24.53
48520.25,0.5196371816568292,0.1551489269690253,0.5444067317211144,0.5721595062129456,0.2,1.67
48776.75,0.6777046270689726,0.1860208659927563,0.4132725215669636,0.5829610980264761,-3.0,-2.52
48463.5,0.7781194535022908,0.2105248932374722,0.4011455239711498,0.545277349143182,-12.2,-11.33
47821.25,0.8282804309241755,0.2371695767338775,0.4177980483665677,0.5502314626817185,-22.49,-22.47
46186.75,0.8469424608907418,0.2476241959024812,0.4468250601046528,0.541379030293186,-40.77,-40.32
44584.25,0.8331149131134684,0.2461970917346883,0.4524819686041578,0.5292779988629903,-40.09,-39.44
44260.5,0.7633993065587981,0.262095248391805,0.4661646160373356,0.5364249167546495,-29.67,-25.85
44926.75,0.6412576877038015,0.2714308881561165,0.4896407863102814,0.5507999675140096,-8.2,0.32
47029.0,0.4706577372353159,0.2707713930482728,0.6828949229246217,0.5562413709087956,0.07,12.73
47685.0,0.2652464192842696,0.2490783285583004,0.6957290340828737,0.5748396004223179,48.84,42.79
47532.5,0.0873044537086721,0.2216173847234985,0.6743742044972423,0.6641760740680581,106.55,67.05
46436.0,0.0092923184876377,0.200275690577869,0.6346344222882195,0.7591163810606676,125.43,78.94
46014.75,4.127626202171132e-05,0.171539002108222,0.5978645170414368,0.7976122797043775,133.0,80.3
44239.0,0.0,0.1490242715822476,0.5654787158817706,0.7776333955981483,117.85,78.8
41801.75,0.0,0.1346667387426347,0.5495686607269128,0.6731909364086738,106.64,72.11
39496.75,0.0,0.1054165090004865,0.4582802998161505,0.5901892308941769,106.71,68.52
37834.5,0.0,0.0978106924698632,0.4313746287653797,0.5754893202306506,104.17,65.59
37005.0,0.0,0.0929023190442726,0.4125300523264036,0.5691545520994071,99.96,61.08
36516.75,0.0,0.0943618573976971,0.3917055579126007,0.5397547307723545,95.14,58.39
36431.0,0.0,0.0933077463646683,0.369714326120775,0.5143344432713393,96.49,58.21
36661.75,2.579766376356957e-05,0.0908103140710308,0.3160090510535992,0.5741086656379436,114.97,53.5
37096.75,0.0201840921286168,0.0839504838099356,0.2790977230943289,0.5633070738244133,106.44,51.81
38486.25,0.1251341478515705,0.0697443105032704,0.2702941592419742,0.5326078128806953,71.02,48.77
41253.75,0.3243849836958765,0.0576679820530839,0.2576014707962099,0.535369122066109,27.8,23.38
43583.25,0.5467556858050935,0.0579112384453213,0.2445552255692264,0.5404856655567286,0.0,2.27
44102.75,0.7254406240970818,0.0616195470025406,0.1666666666666666,0.5177454722650857,-5.01,-4.28
44802.0,0.8446361497502786,0.0621114654846207,0.1587116390892377,0.4989848127994802,-14.99,-14.7
44236.75,0.9104047137491228,0.065446780907076,0.1515697921086126,0.4781125639567936,-32.04,-31.42
42263.0,0.9248049696619474,0.0684145088923725,0.1422712487625512,0.4773004141963778,-59.96,-59.21
41043.75,0.892475337433442,0.0687280393534785,0.1361193607693395,0.4798992934297084,-50.09,-46.62
40931.0,0.8081892103851075,0.070695713281799,0.1263965492858153,0.5092991147567612,-31.42,-26.18
41528.75,0.676507615470343,0.0744310503270447,0.1154009333899024,0.5192885568098757,-4.97,0.01
43025.0,0.4915383662855492,0.0735823558030163,0.1368971856880215,0.5577844554535857,1.46,11.56
44452.25,0.271659718495893,0.0670955186766852,0.1270683071701315,0.7081945910825956,88.14,65.88
45385.75,0.086638873983572,0.0679171847126871,0.1158252015273652,0.7339397384877772,128.8,92.19
45561.5,0.0092665208238741,0.0873236391156278,0.1044053174939895,0.79363274587834,137.18,99.19
45423.0,5.675486027985306e-05,0.1083031515217038,0.0979705840758025,0.7582230163242102,126.15,92.19
44010.0,0.0,0.1253148818855073,0.0946825060104652,0.6744091610492975,109.99,82.6
41559.0,0.0,0.1315260284339694,0.0870810352142554,0.6424916754649558,97.28,74.07
39670.0,0.0,0.1380344883507216,0.0443360203648705,0.6359944773816292,104.98,75.01
38393.5,0.0,0.1347910697875561,0.0405883184839485,0.583935677738975,94.62,66.33
37644.0,0.0,0.130363803448835,0.0447602885023334,0.594818484528547,85.3,59.22
37802.0,0.0,0.1295313260176225,0.0530688728609814,0.5817428733858524,86.6,60.28
39029.5,0.0,0.1274771609276177,0.0691203507283269,0.573052870949403,88.85,62.19
41920.0,3.0957196516283486e-05,0.1229147521487648,0.0845000707113562,0.6354259725493381,114.54,70.27
48261.75,0.0223201386882403,0.1288988593978053,0.0995969452694102,0.7032404775440592,153.82,93.44
53673.5,0.13832707310026,0.124466187361479,0.114022061943148,0.6792008446357508,153.82,94.5
57541.75,0.3455906633095307,0.0972809341045461,0.135553669919389,0.5717534313327377,115.25,81.38
57937.5,0.5686321046766005,0.0611384399156711,0.1577570357799462,0.5525866969869244,69.9,61.29
58964.25,0.75102674701779,0.045132169306449,0.1785815301937491,0.544708844310891,40.12,40.58
59449.5,0.8727298055888059,0.0420509216714417,0.2023051902135482,0.5540485665556729,16.04,17.48
58526.75,0.9348970157262558,0.0426293313152062,0.2240135765803988,0.542353610005685,10.06,11.01
57307.5,0.9375696536921616,0.0431644953781285,0.24091359072267,0.5393486558921465,6.98,7.93
56200.75,0.8868617657984893,0.0410130277312287,0.2636119360769339,0.5366685616827743,13.8,17.08
55629.75,0.7887842077021505,0.0418400994648359,0.3080186677980484,0.5331763177129862,27.87,28.82
55270.75,0.6416085359309861,0.0451700091896859,0.3631381699901004,0.5732965158775278,48.65,52.67
55784.5,0.4506903454823131,0.0518676685226228,0.4204143685475887,0.6113863396410298,89.29,83.5
56672.25,0.247022949601684,0.0647007946375479,0.4576085419318342,0.7169658084950865,122.78,110.13
57264.25,0.0809427498245758,0.0927077139304827,0.4864587752793098,0.8123121903679038,206.02,176.28
55765.5,0.0081778594130515,0.1429807016595491,0.5132937349738368,0.804515552667912,224.84,178.23
54906.25,8.771205679613654e-05,0.1980863830477323,0.5359920803281006,0.7278486152846585,128.34,116.82
51811.25,0.0,0.2354938104762419,0.5490736812332061,0.6924388857305287,106.88,97.87
48655.75,0.0,0.255084058597762,0.5537052750671758,0.6878908470722002,100.05,84.29
46117.25,0.0,0.2834909995134872,0.3726134917267713,0.5866157719483472,99.64,85.66
44441.75,0.0,0.2779501594680794,0.4097723094328949,0.5845853975473078,87.91,76.09
43053.75,0.0,0.2680955727336613,0.4215811059256116,0.5395923008202712,86.6,69.13
42650.25,0.0,0.2646737661495216,0.4383750530335172,0.5581905303337935,84.79,65.88
42890.25,0.0,0.2446294394291583,0.4205557912600763,0.5756517501827337,84.76,67.19
45769.75,6.191439303256697e-05,0.2315260284339694,0.4372083156554943,0.6378624218305856,101.37,76.11
51227.5,0.0226555083171667,0.2322612033082869,0.375724791401499,0.6705920571753431,125.66,98.65
55907.75,0.1352881083089115,0.2035028920482188,0.3316009051053599,0.7041338422805166,133.71,109.68
59741.5,0.3420667024394271,0.1554462403373155,0.328171404327535,0.7178591732315439,117.89,105.15
60740.75,0.5651133033392496,0.1068328017730688,0.3147362466412106,0.6520750426378624,87.81,74.22
61193.0,0.7399698683287241,0.0929996216011676,0.285886013293735,0.623974660927475,66.67,58.96
61036.75,0.8526747017790068,0.094437537164171,0.2324989393296563,0.5993665231868757,55.94,47.99
60500.0,0.90273764807859,0.0963133142332017,0.2090581247348324,0.6011532526597905,43.01,37.59
59464.5,0.8940851116522888,0.0916536028974539,0.2005374063074529,0.6005847478274994,40.37,35.1
58462.0,0.8353180335988772,0.0890804908373425,0.1819403196153302,0.5836108178348087,47.96,42.07
58608.75,0.7305279233912577,0.0840153521811989,0.1782633290906519,0.5874279217087631,64.15,51.11
58312.5,0.5881970528748917,0.0838639926482512,0.1745863385659737,0.6522374725899456,86.0,71.24
58855.75,0.4135881454575473,0.0947780961133034,0.1843445057276198,0.6442784049378706,105.0,91.39
58907.25,0.2280823048664713,0.1161468187469593,0.2097652382972705,0.6952001949159425,121.04,109.54
57980.0,0.0749422132331696,0.1481755770582193,0.2377315796916984,0.6147161536587347,202.72,149.77
57015.0,0.0064648945391505,0.1948916157630142,0.2521213406873144,0.633314383172257,205.35,136.78
56491.75,8.255252404342263e-05,0.2376074382399048,0.248868618300099,0.638755786567043,128.9,100.55
52191.0,0.0,0.257316611708741,0.2339131664545326,0.5980670835702103,111.48,93.84
48836.0,0.0,0.2549705389480513,0.2184980907933814,0.6013968975879153,104.99,86.58
46453.0,0.0,0.2931455754365101,0.313816999010041,0.5887273613254284,87.73,76.9
44425.75,0.0,0.2443267203632629,0.2717437420449724,0.5751644603264842,90.79,76.92
43507.25,0.0,0.1962376344667279,0.25074246924056,0.5767075448712743,87.73,74.03
42987.5,0.0,0.1871128169090221,0.2325342950077782,0.6081377405993665,93.4,74.36
43467.0,0.0,0.1774582409859992,0.1575095460330929,0.5968488589295866,93.6,76.22
45436.5,2.063813101085566e-05,0.1591815773825612,0.1478574459058124,0.623974660927475,107.1,84.42
50991.5,0.0186671894993189,0.1574571598464781,0.1086126431904963,0.6880532770242833,129.74,99.05
56121.25,0.1147634870186155,0.1424076977133899,0.0974756045820958,0.6670185982295135,136.62,106.86
59889.0,0.2835369628926404,0.1027515000810854,0.1051831424126714,0.6409485909201657,120.96,108.71
61176.25,0.4595544227514756,0.0651764960268122,0.1034153585065761,0.6213757816941444,108.79,90.08
61803.75,0.6014054567218393,0.0576139250770311,0.1045113845283552,0.6165028831316495,83.08,73.57
62102.5,0.6944215131877657,0.0572247148494513,0.1161080469523405,0.5905140907983432,77.24,70.85
61271.0,0.7280410286044496,0.0584355911130331,0.127245085560741,0.5831235279785593,72.85,64.34
59851.25,0.7131093408180955,0.0593869938915617,0.132901994060246,0.5492568829692195,75.38,63.24
58529.25,0.6595379122466669,0.0606789556192226,0.1402913307877245,0.5845853975473078,74.71,61.36
58279.5,0.5714853262888513,0.0651873074220228,0.1650403054730589,0.6299033541785105,81.74,69.38
58321.75,0.4504272093119247,0.0701767663116925,0.1890114552397115,0.6763583204742954,94.36,76.73
58847.5,0.3046652495150039,0.0747175523001243,0.213336161787583,0.698611223909689,105.59,86.77
58466.75,0.1626491104965534,0.0786150602735283,0.2270188092207608,0.7669942337367011,111.48,109.92
57355.5,0.0547426425062946,0.0879236715498135,0.2289633715174657,0.837732477868919,161.41,136.55
55190.25,0.0041276262021711,0.0975458132872047,0.2262409843020789,0.833265654186632,218.92,163.23
53754.5,0.0001031906550542,0.0977133899129682,0.233736388063923,0.8248192966783074,148.7,113.02
50160.0,0.0,0.0927617709065354,0.2428581530193749,0.7499390887679688,120.43,97.75
47142.25,0.0,0.0810746526839288,0.2374840899448451,0.6731097214326321,109.95,89.06
45334.75,0.0,0.0548462079031299,0.1755409418752651,0.6554048566555672,110.33,85.32
43381.5,0.0,0.0568895615979242,0.1656413520011314,0.5862096970681394,109.66,81.84
42235.0,0.0,0.0586788475052705,0.1469735539527648,0.5875903516608463,105.3,77.91
42002.75,0.0,0.0540083247743121,0.12537123462028,0.579468854056688,94.74,72.69
42328.0,0.0,0.0589329152927185,0.0882831282704002,0.5936814748639649,96.02,70.97
44817.0,2.579766376356957e-05,0.0620249743229363,0.0810705699335313,0.5987980183545846,108.91,79.29
49710.0,0.0146479134849548,0.0607492296880912,0.06268561731014,0.646714854219118,119.75,95.6
53980.0,0.1047901102076196,0.0526514946753878,0.0443713760429925,0.6735157963128401,120.71,98.77
56919.75,0.2740898584224213,0.0433807232823395,0.0353910338000282,0.6676683180378462,114.97,93.3
57606.25,0.4593119247120981,0.0385696524136439,0.0475887427520859,0.6750588808576301,91.12,73.31
58191.25,0.6181533000371486,0.0432563922374182,0.0756965068590015,0.6139040038983189,59.1,48.01
58597.0,0.7326072150906014,0.052067679334018,0.1080823080186677,0.6074880207910338,19.94,21.93
57652.5,0.7954451644859042,0.0633872101194659,0.1489888276057134,0.5852351173556404,9.86,11.1
56150.25,0.8128069921987865,0.0764635926266284,0.1924409560175364,0.5768699748233574,0.01,1.89
54629.75,0.7825876088661411,0.0900805448943186,0.2315443360203648,0.566068383009827,-0.04,1.65
54079.5,0.708501878069922,0.1055948970214606,0.2940178192617734,0.5704539917160725,4.25,9.97
53961.75,0.5893579477442523,0.1182550408130169,0.3826191486352708,0.5931941850077154,33.41,34.89
54820.75,0.4224573822594626,0.1218065841396832,0.4606491302503182,0.585316332331682,77.26,51.61
56087.25,0.2313534486316919,0.1094329423212065,0.5127280441238863,0.6637699991878503,119.93,90.04
56132.75,0.0716091550749164,0.0926374398616141,0.5395630038184133,0.6882157069763665,142.51,112.07
54594.25,0.0052575638750154,0.0850316233309908,0.5344010748126149,0.7188337529440428,160.3,127.51
52675.5,4.127626202171132e-05,0.0790042705011081,0.5140362042143969,0.6744903760253391,140.84,113.66
49563.0,0.0,0.0805665171090329,0.5030759439966058,0.6326646633639244,118.87,103.73
46308.25,0.0,0.0858911292502297,0.495474473200396,0.5890522212295948,94.94,87.88
43560.75,0.0,0.1315530569219958,0.487908358082308,0.5636319337285796,108.97,84.34
42315.25,0.0,0.139980539488621,0.4669424409560175,0.5382116462275643,86.78,73.8
41876.0,0.0,0.1425698686415482,0.3944279451279875,0.5261106147973686,85.58,70.13
41847.0,0.0,0.1431590896805232,0.3351011172394286,0.5240802403963291,85.83,68.53
42004.5,0.0,0.1464727823125574,0.2840475180313958,0.538292861203606,87.76,69.51
44559.0,3.0957196516283486e-05,0.1389804854316449,0.2270541648988827,0.535369122066109,92.05,81.19
49824.25,0.0152361002187641,0.1522568787502027,0.2149271673030688,0.6087062454316576,128.42,103.72
54230.5,0.1106461798819498,0.162057408508568,0.2157049922217508,0.6020466173962479,134.91,111.22
57458.75,0.2904094605192553,0.1576733877506892,0.1919813322019516,0.5451149191910989,124.83,107.65
58839.25,0.4855791059561646,0.1508946429536731,0.1640857021637675,0.5552667911962966,100.95,89.93
58752.25,0.6277500309571965,0.1766203578571814,0.1466199971715457,0.5618452042556648,76.15,73.77
59643.25,0.7063761505758038,0.2084220768690199,0.1383114128128977,0.5538861366035897,59.83,62.24
58367.0,0.7278036900978248,0.2233255851667657,0.1436501202093056,0.5533988467473402,50.68,50.23
56973.5,0.7154569282205804,0.2186712795286231,0.1489888276057134,0.538292861203606,49.93,45.37
55620.0,0.6715802616915012,0.1998270176766311,0.1314524112572479,0.5291155689109072,47.57,43.98
54706.5,0.598722499690428,0.1770798421536299,0.1167798048366567,0.5114107041338423,55.16,58.37
54204.75,0.492983035456309,0.1516027893399643,0.098182718144534,0.5478762283765126,82.67,77.55
54501.25,0.3522258224295208,0.1245040272447159,0.0800806109461179,0.5840168927150167,103.76,92.29
54526.5,0.1941325793536137,0.0991080598951294,0.0707820676000565,0.6454966295784943,134.92,113.34
53638.25,0.0611868989144343,0.0791231958484242,0.0657615613067458,0.7397060017867295,230.52,173.27
51950.5,0.0042256573244726,0.0674577004162387,0.0581954461886579,0.7837245188012669,243.12,186.65
50322.75,0.0,0.0563273690469755,0.0528920944703719,0.7537561926419232,171.83,142.19
46990.5,0.0,0.0511162765554894,0.0504525526799604,0.6710793470315927,134.54,119.19
44020.75,0.0,0.0454240769771339,0.0445835101117239,0.6995858036221879,116.17,106.42
41469.75,0.0,0.0259473485053246,0.0404822514495828,0.5968488589295866,107.11,99.91
39546.0,0.0,0.0274879723228282,0.0395630038184132,0.5332575326890279,109.26,98.07
38471.75,0.0,0.0320179469160495,0.0366638382124169,0.5516121172744254,103.13,93.82
37908.0,0.0,0.0339639980539488,0.0301230377598642,0.531876878096321,101.82,90.89
38013.25,0.0,0.032812584464025,0.0295219912317918,0.5588402501421262,110.59,93.72
38731.0,0.0,0.0347478242067138,0.0282138311412812,0.620482416957687,110.84,93.91
40052.5,0.0091375325050563,0.0388939942699605,0.0231579691698486,0.6165028831316495,106.7,93.09
42380.75,0.0734046724728608,0.0397102546083572,0.0181728185546598,0.5873467067327215,103.97,91.24
45239.5,0.1952212407644363,0.0341369803773176,0.0173242822797341,0.5512872573702591,103.43,93.05
47538.25,0.3324338547901102,0.0289583220714633,0.0181728185546598,0.5341508974254853,84.0,77.8
49226.75,0.4493437074338547,0.0254554300232445,0.0222387215386791,0.5295216437911151,69.49,67.11
49966.0,0.5345482313121723,0.0246661981728742,0.0247843303634563,0.5356127669942338,54.28,54.25
49451.75,0.5829601271308871,0.024114817017136,0.0253500212134068,0.5443839844067246,46.93,41.63
47805.0,0.5942853015230941,0.0238715606248986,0.0252439541790411,0.5841793226670998,40.71,37.24
46207.25,0.5773104387666653,0.0238553435320828,0.0247843303634563,0.5936814748639649,39.43,39.76
45500.75,0.5297085895901267,0.0243851018973998,0.0247489746853344,0.5652562332494112,39.56,44.77
45832.75,0.4367647665827383,0.0261203308286934,0.0255975109602602,0.5774384796556485,59.09,58.61
46793.0,0.3044898254014117,0.0284880263798043,0.0244661292603592,0.5763014699910664,88.4,85.75
47428.75,0.1626594295620588,0.0326666306286826,0.0214255409418752,0.6162592382035247,119.68,101.1
46945.5,0.0516881991166879,0.040412995297043,0.0257742893508697,0.6360756923576708,140.56,117.5
45839.0,0.0034310892805547,0.0501000054056976,0.0205062933107057,0.6112239096889467,149.18,126.13
45051.75,0.0,0.0522136331693605,0.0198698911045113,0.6261674652805977,126.98,113.65
43015.75,0.0,0.0551921725498675,0.0218498090793381,0.6077316657191586,116.7,106.08
40421.5,0.0,0.0560516784691064,0.0253500212134068,0.5696418419556566,105.82,97.62
38771.25,0.0,0.0284123466133304,0.038502333474756,0.5927068951514659,111.82,98.6
37113.5,0.0,0.0284015352181199,0.0475180313958421,0.5888897912775116,112.8,97.13
35943.25,0.0,0.0290880588139899,0.0570640644887568,0.5611954844473321,106.17,91.46
35245.75,0.0,0.0240769771338991,0.0736458775279309,0.5469016486640137,106.22,89.57
34950.25,0.0,0.0228823179631331,0.0742822797341253,0.5464955737838058,104.75,87.85
35499.5,0.0,0.0244175360830315,0.0688375053033517,0.5508811824900511,104.97,86.64
35816.75,0.0055774549056837,0.0269636196551164,0.050982887851789,0.5662308129619101,99.53,84.42
37115.5,0.041498121930078,0.0282609870803827,0.0402347617027294,0.5921383903191748,95.2,81.26
39807.75,0.0998730754942832,0.0241850910860046,0.034365719134493,0.58880857630147,88.2,77.99
42243.5,0.1646664878028645,0.0210768149629709,0.0315019092066185,0.557134735645253,82.32,69.93
44553.5,0.2298829817971684,0.0196118709119411,0.0295927025880356,0.5681799723869081,72.12,57.65
46840.5,0.282912659429562,0.0199956754419157,0.0299109036911327,0.5759766100869,72.52,51.28
46954.25,0.3202573574937054,0.0232499054002919,0.0344717861688587,0.6013156826118736,66.03,46.54
45707.0,0.3319075824493334,0.0309151846045732,0.0475180313958421,0.5704539917160725,33.64,26.0
44461.0,0.3216246336731745,0.0443483431536839,0.0579126007636826,0.5767075448712743,17.72,18.09
43885.75,0.2887119742436125,0.0639548083680199,0.0861971432612077,0.5983107284983351,51.28,34.83
43821.25,0.2313895653609609,0.0872209308611276,0.1199264601895064,0.6210509217899781,69.86,44.9
44963.5,0.1601828538407561,0.1088220984918103,0.1534082873709517,0.6240558759035166,82.39,64.29
45826.5,0.0878307260494489,0.1240607600410833,0.1834252580964503,0.6775765451149192,93.85,77.16
45849.0,0.03051347669955,0.1347370128115033,0.2020930561448168,0.7257370259075774,109.93,94.8
45451.5,0.0029822099310686,0.1464079139412941,0.2037901286946683,0.7777146105741899,115.68,101.99
44951.75,0.0,0.1484512676360884,0.1869961815867628,0.7487208641273451,109.83,102.19
43431.25,0.0,0.146013298016109,0.1710861264319049,0.6774953301388776,111.4,102.6
41043.75,0.0,0.1401643332072004,0.1757177202658747,0.6480142938357834,99.45,92.83
38839.25,0.0,0.1542353640737337,0.2830929147221043,0.6368878421180866,97.39,91.72
38067.5,0.0,0.1549435104600248,0.2743954179041154,0.6277105498253878,90.1,83.15
37698.0,0.0,0.1556462511487107,0.2753500212134068,0.6221067164785187,88.7,81.04
37833.75,0.0,0.1518406400345964,0.2434591995474473,0.6328270933160075,84.86,77.17
39108.75,0.0,0.1495486242499594,0.2130533163626078,0.6450905546982864,84.5,76.6
42263.0,0.0,0.1385696524136439,0.1472210436996181,0.7313408592544465,87.97,75.02
48561.0,0.007140793329756,0.117022541759014,0.1005869042568236,0.8356208884918379,129.0,98.57
53209.0,0.0642207041730301,0.0971079517811773,0.0621199264601895,0.8664013644115975,152.33,120.86
56645.5,0.1946588516943905,0.0645386237093897,0.0469876962240135,0.7965564850158369,129.6,110.26
57847.25,0.3521897057002517,0.0407049029677279,0.034330363456371,0.7039714123284334,112.58,97.74
58155.75,0.4767563049490238,0.0333315314341315,0.0297341253005232,0.6895151465930317,96.9,81.4
58849.0,0.5536952573574937,0.0288285853289366,0.0341889407438834,0.7040526273044749,89.74,76.55
57264.0,0.5910451149543897,0.0240661657386885,0.0408711639089237,0.6610899049784781,84.38,73.95
56431.5,0.5963697527551904,0.0198280988161522,0.0444774430773582,0.6363193372857955,78.87,70.03
53562.25,0.5768460808189211,0.0171522785015406,0.0479776552114269,0.6247868106878909,80.21,70.22
51871.75,0.5259060139513766,0.0147791772528244,0.0535638523546881,0.6376999918785023,79.9,70.06
53761.75,0.4425434432657778,0.012557435537056,0.0617310140008485,0.6597092503857711,84.05,76.15
54140.75,0.3260515127750031,0.0108816692794205,0.0758025738933672,0.6934946804190693,100.7,85.09
55287.5,0.1826371403805671,0.0113195307854478,0.1012586621411398,0.7378380573377731,113.97,113.18
54885.5,0.0549799810129194,0.0167198226931185,0.1462664403903266,0.8539754730772354,200.0,161.71
53337.25,0.0031266768481446,0.0283096383588302,0.215987837646726,0.8145049947210266,203.83,175.11
51566.5,0.0,0.0423536407373371,0.3179182576721821,0.7730041419637781,140.11,127.95
47839.25,0.0,0.066484674847289,0.441450997030123,0.7455534800617234,100.82,97.85
44444.5,0.0,0.09490783285583,0.5460330929147221,0.6995858036221879,86.2,83.67
41394.25,0.0,0.1096816044110492,0.4229246216942441,0.7154227239502964,93.6,84.97
40479.5,0.0,0.1381480080004324,0.4350869749681799,0.6843173881263706,89.55,76.36
39864.5,0.0,0.1628033947780961,0.4348394852213265,0.666937383253472,88.5,70.6
39748.5,0.0,0.171576841991459,0.439930702870881,0.6621456996670186,89.31,65.96
40607.0,0.0,0.1777339315638683,0.4378447178616886,0.6782262649232519,86.19,65.14
43904.25,0.0,0.1786312773663441,0.4283340404468957,0.7003979533826038,89.97,71.94
50047.25,0.011252940933669,0.1776420347045786,0.423702446612926,0.7548119873304637,123.06,82.24
54405.5,0.0989443595987947,0.1686523595870047,0.416525243954179,0.7351579631284009,133.23,89.86
57086.25,0.2704111115697362,0.1365965727877182,0.4114340263046245,0.737269552505482,122.97,94.5
58157.75,0.4591674577950221,0.0942104978647494,0.4003323433743459,0.7198895476325834,103.09,85.22
59096.5,0.6072099310686424,0.0734364019676739,0.392730872578136,0.6992609437180216,75.01,65.67
59501.0,0.6920584471870227,0.0784096437645278,0.3945693678404752,0.6774953301388776,50.13,52.46
59517.5,0.7231239938911133,0.0921401156819287,0.3965846414934238,0.6717290668399253,37.69,42.24
58749.5,0.7155601188756346,0.111460078923185,0.3963725074246924,0.6737594412409649,18.22,31.87
57313.5,0.6652495150039213,0.120628142061733,0.3407226700608117,0.6555672866076504,20.36,32.36
56777.5,0.5851632476162959,0.1259851883885615,0.3524607551972847,0.6590595305774385,48.9,43.48
56121.25,0.4713078383621579,0.1245418671279528,0.3683000989958987,0.6415983107284984,82.15,54.83
56893.75,0.3271866099806002,0.1183253148818855,0.3893720831565549,0.6844798180784537,104.5,82.45
58044.5,0.1722252032855904,0.1066327909616736,0.4071913449299957,0.7968001299439617,118.07,100.27
57669.75,0.0502693276096916,0.1029298881020595,0.4155706406448876,0.857548932023065,158.81,125.6
56511.5,0.0023991827300119,0.1196929563760203,0.4194244095601753,0.8456103305449525,154.71,130.45
53761.5,0.0,0.1397372830963835,0.4144039032668646,0.8050840575002031,120.89,108.5
49873.75,0.0,0.1665117033353154,0.4124946966482817,0.6983675789815642,103.82,92.07
46015.25,0.0,0.194691604951619,0.4162423985292038,0.6600341102899374,97.96,79.63
43875.0,0.0,0.2258068003675874,0.5140008485362749,0.6031024120847884,87.36,72.55
42615.75,0.0,0.2846640358938321,0.4991161080469523,0.5975797937139609,82.0,63.52
41460.5,0.0,0.324995945726796,0.5193042002545609,0.5918135304150085,65.93,56.21
41903.25,0.0,0.3260446510622196,0.5376891528779522,0.603752131893121,56.09,48.19
42612.0,0.0,0.3488404778636683,0.6732428227973413,0.589783156013969,60.42,45.22
45491.0,0.0,0.3609870803827233,0.6308867204072974,0.6075692357670754,59.95,50.35
51710.75,0.0069395715524002,0.4071733607222012,0.5724084287936643,0.6436286851295379,81.3,67.97
56251.5,0.0766964543690923,0.4036326287907454,0.5873992363173526,0.7267928205961179,85.92,79.03
59131.25,0.2206267800387996,0.4094437537164171,0.5993494555225569,0.6897587915211565,87.38,87.78
59968.5,0.3810366533206752,0.4533542353640737,0.606880214962523,0.7213514172013319,53.16,63.03
61636.0,0.5325979279316465,0.5001891994161847,0.6622472069014284,0.6730285064565906,0.16,31.08
61064.5,0.6561687373591447,0.522076869019947,0.5808584358647999,0.6216194266222691,-4.95,28.33
59807.0,0.7319055186362323,0.516119790258933,0.6152241549992928,0.5866157719483472,-13.01,22.04
59268.5,0.7610414000908078,0.4938158819395643,0.6230377598642342,0.5702103467879477,-20.32,17.36
57177.5,0.7411720394601065,0.4785772203902914,0.560811766369679,0.5762202550150247,-21.28,13.11
55871.75,0.6710281916869608,0.4812584464025082,0.5630391740913591,0.5718346463087793,-16.05,18.11
55298.75,0.554716844842531,0.4772798529650251,0.5854193183425258,0.6074068058149923,-12.64,20.45
57828.75,0.3922276798613117,0.4948862100654089,0.7407368123320606,0.6009096077316657,2.01,29.64
58261.5,0.2039769678457919,0.4400886534407265,0.7589449865648423,0.6481767237878665,67.26,66.12
57228.5,0.056285342799356,0.3683550462187145,0.7566822231650403,0.8188906034272719,101.89,81.46
55800.75,0.0026519998348949,0.3069625385155954,0.7495403761844153,0.8768780963209616,140.35,91.97
53725.75,0.0,0.2643602356884156,0.7289987271955876,0.82083976285227,130.96,89.09
50086.25,0.0,0.2380128655603005,0.7303068872860982,0.7602533907252498,103.42,80.16
46800.5,0.0,0.2223147197145791,0.7298472634705133,0.641841955656623,85.65,67.26
43414.5,0.0,0.2020109195091626,0.8001697072549852,0.6100869000243645,78.94,52.68
41384.5,0.0,0.1966917130655711,0.8040234761702729,0.5796312840087712,73.04,49.05
40307.25,0.0,0.1887831774690523,0.7923914580681658,0.5875091366848046,80.46,46.16
40298.25,0.0,0.1947997189037245,0.7603592136897186,0.5811743685535613,80.17,42.19
41217.5,0.0,0.2018649656738202,0.7147857445905812,0.5825550231462682,70.23,38.82
44166.75,0.0,0.2103573166117087,0.6875618724367133,0.6307967189149679,85.42,42.46
50056.5,0.007213026788294,0.2305151629817828,0.6879507848960543,0.8255502314626817,99.95,57.87
54755.5,0.0819694968423659,0.2395318665873831,0.7177556215528214,0.8199463981158126,129.46,59.93
57606.25,0.2417963429231849,0.2274555381371966,0.7343020789138736,0.6815560789409567,113.05,60.89
58277.75,0.428256697073513,0.2187793934807287,0.7299179748267571,0.6428977503451636,73.1,41.71
58607.0,0.6023238535518224,0.2507757176063571,0.724331777683496,0.6411110208722488,14.8,22.46
58494.5,0.72998101291947,0.2887453375858154,0.6777329939188234,0.6413546658003736,0.0,16.79
57746.25,0.8031070706236844,0.3119195632196335,0.6571206335737519,0.6391618614472508,-0.38,12.68
57106.25,0.8249576918314278,0.3206713876425753,0.6465846414934239,0.6389994314951677,-2.56,10.7
55607.75,0.7957444173855616,0.3113573706686848,0.6176636967897045,0.647689433931617,-1.51,11.77
55324.25,0.7181811615140133,0.310265419752419,0.6353415358506577,0.6306342889628848,-4.35,16.79
55663.5,0.583032360589425,0.3058813989945402,0.6413166454532598,0.6448469097701616,-0.09,19.75
56883.75,0.4005861229207083,0.3007135520838964,0.6583227266298968,0.6705920571753431,24.89,39.1
56799.5,0.1954482602055557,0.2758311260068112,0.6681516051477867,0.7094128157232193,89.46,83.1
57150.25,0.0479681760019812,0.2642359046434942,0.6732428227973413,0.7289856249492407,112.74,101.56
55601.75,0.0021824823543979,0.2830477323098546,0.6807735822373073,0.6787947697555429,111.5,110.55
53223.75,0.0,0.3136169522676901,0.6844152170838637,0.689677576545115,109.99,93.67
49714.25,0.0,0.3422022812043894,0.6983453542638948,0.7059205717534314,95.48,79.32
46592.0,0.0,0.3649494567273906,0.7184273794371376,0.6011532526597905,79.22,68.46
43797.75,0.0,0.3738202064976485,0.7592985433460614,0.562576139040039,51.9,52.58
42637.75,0.0,0.3903940753554246,0.7604299250459624,0.5514496873223422,45.87,47.27
42052.25,0.0,0.3930644899724309,0.7565054447744308,0.5495005278973443,38.51,43.87
41951.5,0.0,0.4089248067463106,0.7286098147362466,0.5412166003411029,26.36,35.37
43217.5,0.0,0.4214065625168928,0.7451562720972988,0.5386177211077723,26.48,30.07
46104.25,0.0,0.4426617655008378,0.7639654928581531,0.5551043612442135,30.59,34.33
51796.75,0.0075225987534568,0.4760311368182064,0.7788148776693536,0.5753268902785673,64.22,52.85
57174.5,0.0880835431543319,0.5034380236769556,0.7716023193324848,0.6054576463899943,60.63,54.1
59937.25,0.2669542246254179,0.5101735228931293,0.7623744873426672,0.5646065134410785,43.64,45.24
59860.25,0.4741301027778924,0.517806367911779,0.745085560741055,0.5663932429139933,4.06,24.92
60352.25,0.6478825277582863,0.5542786096545759,0.5948239287229529,0.5898643709900105,-0.01,17.01
60164.5,0.7681873529533165,0.610011351964971,0.5802927450148494,0.5871030618045968,-3.97,6.69
60387.0,0.8296580261691501,0.6307313908859938,0.5629684627351152,0.6137415739462357,-9.54,2.41
59051.5,0.8280998472778305,0.6324504027244716,0.5653019374911611,0.5956306342889629,-15.32,-0.48
58119.75,0.7643641391835555,0.6250608140980594,0.4980200820251732,0.5923820352472996,-16.55,-4.01
56678.0,0.6700375613984397,0.6476350072976917,0.5165111016829302,0.5576220255015025,-10.15,3.7
56315.25,0.539604573409832,0.6552948808043678,0.538926601612219,0.5659871680337855,-9.18,17.61
57470.0,0.372095183060222,0.6545272717444186,0.565690849950502,0.5587590351660846,-0.03,25.37
57349.0,0.1847938250712015,0.5877615006216552,0.7217154575024749,0.6080565256233249,50.2,52.43
55864.0,0.0463738803813926,0.4956700362181739,0.7840828737095178,0.6641760740680581,99.53,77.1
54450.75,0.0019193461840095,0.4096924158062598,0.7928510818837505,0.6554048566555672,118.57,79.92
51831.25,0.0,0.3304881344937564,0.7029769480978645,0.6681556078940957,123.15,81.15
47918.75,0.0,0.2576950105411103,0.5711002687031538,0.6824494436774141,119.54,81.92
44224.0,0.0,0.1985350559489702,0.4436784047518031,0.6764395354503371,100.5,75.28
42231.0,0.0,0.1392777987999351,0.2631523122613491,0.6617396247868107,110.45,84.61
40179.75,0.0,0.1231958484242391,0.2283269693112714,0.6489888735482823,103.78,76.55
38949.0,0.0,0.1240067030650305,0.2332767642483383,0.6512628928774467,100.42,74.33
38323.5,0.0,0.1275852748797232,0.2908358082308018,0.6675871030618046,100.28,72.19
38213.25,0.0,0.1448078274501324,0.3851294017819262,0.6295784942743442,100.9,74.48
39162.0,0.0,0.1751337910157305,0.425965210012728,0.6276293348493462,105.4,80.55
40654.5,0.0083739216576546,0.204232661224931,0.4310210719841607,0.6318525136035085,101.02,79.14
42686.75,0.0960859784537912,0.2404940807611222,0.4504313392730872,0.5302525785754894,102.23,76.43
45776.25,0.2930098650266232,0.2274717552300124,0.4604016405034649,0.5340696824494436,76.22,60.96
48897.75,0.5151019523671936,0.2173901291961727,0.4590581247348324,0.5390237959879802,15.0,17.55
50506.0,0.6928891319602097,0.2335099194551056,0.3246711921934663,0.5494193129213026,-0.03,-0.18
51106.5,0.8132507120155199,0.2480134061300611,0.2823858011596662,0.5226995858036222,-6.85,-6.61
49681.0,0.8783227390927477,0.2553759662684469,0.257530759439966,0.5266791196296597,-18.68,-16.03
47412.25,0.893827135014653,0.2765230553002865,0.2694456229670485,0.5062941606432226,-40.09,-25.83
45905.0,0.8611053782969414,0.3051948753986702,0.2904468957714609,0.5012588321286445,-44.18,-23.36
46222.75,0.7783000371486358,0.3446564679171847,0.3411115825201527,0.5169333225046698,-27.64,-10.09
47059.25,0.6364902794402939,0.4023028271798475,0.383679818978928,0.5440591245025582,-8.15,9.99
48705.5,0.4353768522722582,0.4396021406562517,0.4317635412247207,0.539835945748396,-0.99,25.4
49747.75,0.2104212242539315,0.411773609384291,0.4940956017536416,0.5965239990254203,71.68,70.31
49032.25,0.0497120980723985,0.4136007351748743,0.495085560741055,0.75359376268984,91.52,91.64
48229.5,0.0019038675857514,0.4934699172928266,0.4622401357658039,0.6260050353285146,80.08,86.36
48449.25,0.0,0.5527487972322829,0.4137321453825484,0.5711037115244051,68.91,72.27
46022.75,0.0,0.5440888696686307,0.3880639230660444,0.6598716803378543,64.14,65.98
42834.5,0.0,0.5211470890318396,0.4054589167020223,0.581418013481686,50.0,47.57
40206.75,0.0,0.4756365208930212,0.4311978503747702,0.5335011776171527,0.37,10.92
37630.0,0.0,0.4780096221417373,0.3695729034082873,0.5263542597254934,-0.02,2.22
36474.5,0.0,0.4664306178712363,0.3697850374770188,0.5252984650369528,-0.34,0.04
35673.75,0.0,0.4637764203470458,0.4180808937915429,0.545277349143182,-1.0,-0.41
35097.75,0.0,0.4440618411806044,0.5413307877245086,0.5004466823682288,-0.89,0.36
36195.5,0.0,0.466387372290394,0.6201385942582379,0.5131162186307155,-0.42,1.82
36953.25,0.0040141164816114,0.5066273852640684,0.6384881912035073,0.5372370665150654,-0.05,2.23
38625.25,0.050424113592273,0.488129088058814,0.6261844152170839,0.5277349143182003,-0.01,0.64
41580.0,0.1465668469063441,0.4706740904913779,0.651428369396125,0.5523430520587996,-0.01,1.0
43894.5,0.263471540017336,0.4620844369965944,0.6377810776410692,0.5770324047754406,-1.39,-1.29
45474.25,0.3979908779460932,0.432066598194497,0.6330080610946118,0.5739462356858605,-6.07,-5.88
46421.25,0.5254003797416106,0.3797340396778204,0.5724437844717861,0.5496629578494274,-10.1,-10.41
46146.0,0.6074679077062781,0.3348451267636088,0.5555791260076368,0.5763014699910664,-15.5,-14.95
43684.5,0.6391061625459198,0.2877723120168657,0.5368406166030264,0.5737025907577358,-20.01,-19.42
42208.25,0.6227504437198167,0.2410616790096762,0.4850091924763117,0.5459270689515147,-19.83,-21.3
41716.25,0.5657892021298552,0.2124547272825558,0.4990453966907085,0.5306586534556972,-10.15,-11.32
42198.5,0.464471457464812,0.1974106708470728,0.5107834818271815,0.5205067814504994,-5.01,-0.43
44614.0,0.3233943534073554,0.1856532785555976,0.6877740065054447,0.5488508080890117,1.0,17.92
46443.0,0.1635623477937837,0.1430509757284177,0.7056286239570075,0.6294972792983026,87.04,60.69
46683.25,0.0415290791265942,0.1008649116168441,0.7126644039032669,0.6776577600909608,110.0,92.03
46504.25,0.001207330664135,0.0825612195253797,0.7178263329090652,0.7539186225940063,119.45,108.67
45822.25,0.0,0.0736472241742796,0.7319332484797059,0.6895151465930317,105.49,101.08
43695.5,0.0,0.080117844207795,0.7413732145382549,0.6792008446357508,99.7,91.35
40865.5,0.0,0.0928969133466673,0.7306957997454391,0.6053764314139527,92.48,80.67
38596.0,0.0,0.1230282717984756,0.7266298967614199,0.5841793226670998,92.75,61.25
37676.5,0.0,0.1424509432942321,0.7169777966341394,0.5213189312109153,85.65,51.42
37632.5,0.0,0.1589275095951132,0.7080328100692971,0.5231056606838301,80.94,47.61
38045.25,0.0,0.1648737769609168,0.7112501767783906,0.5123040688702997,83.36,44.83
39408.0,0.0,0.1693280717876642,0.7184627351152595,0.5337448225452773,82.43,45.14
43619.25,0.0,0.1675279744851073,0.7410550134351577,0.5896207260618858,83.48,50.67
50836.25,0.0050357039666487,0.1653548840477863,0.741691415641352,0.6683180378461788,113.11,80.04
55194.0,0.0782855904569282,0.1558138277744743,0.6902489039739782,0.6800129943961667,153.69,95.29
58390.25,0.2483283113881207,0.1340288664252121,0.6578984584924339,0.6570291561763989,130.97,88.83
58946.25,0.4403093655838527,0.1141196821449808,0.646902842596521,0.6008283927556242,98.93,70.32
59230.5,0.5928767490816031,0.1204281312503378,0.6243105642766228,0.5743523105660684,77.0,48.1
59192.25,0.6820179964502414,0.1391048164765663,0.5813887710366284,0.530902298383822,65.31,38.77
58769.5,0.7088062905023321,0.1511433050435158,0.5393155140715599,0.5442215544546415,23.07,33.68
57720.0,0.6944576299170347,0.1504351586572247,0.5028991656059963,0.5412978153171445,17.55,32.72
55799.5,0.6540997647253065,0.1359965403535326,0.4470371941733842,0.5302525785754894,42.88,41.66
55141.5,0.5804061584182937,0.1199848640467052,0.4007566115118088,0.5227808007796638,71.05,53.73
54661.5,0.467789037024807,0.1005027298772906,0.3589308442935935,0.5686672622431577,88.0,64.27
55660.75,0.3212325091839683,0.0800259473485053,0.3096096733135342,0.6407861609680825,99.47,87.96
56208.0,0.1604253518801337,0.0595924104005621,0.2587328524961109,0.7297977747096565,116.82,101.14
55786.75,0.0393259586411854,0.0456457105789502,0.206936784047518,0.8732234223990903,190.31,141.7
54256.0,0.0010215874850373,0.0425590572463376,0.1630603874982322,0.8306667749533014,231.06,169.44
51908.0,0.0,0.0382020649764852,0.1312402771885164,0.75205067814505,143.82,117.11
48374.0,0.0,0.038904805665171,0.1151887993211709,0.704621132136766,110.86,97.11
45231.5,0.0,0.0406994972701227,0.1156130674586338,0.6730285064565906,107.54,91.1
42735.25,0.0,0.0396507919346991,0.1564842313675576,0.5905140907983432,98.41,85.34
41592.0,0.0,0.0431807124709443,0.1747984726347051,0.5505563225858848,89.91,77.34
40904.5,0.0,0.0459051840640034,0.1764248338283128,0.5555916511004629,86.45,72.6
40906.0,0.0,0.0496621438996702,0.1938198274642907,0.5248923901567449,87.3,70.22
41944.0,0.0,0.0523379642142818,0.2104369961815867,0.5386177211077723,89.1,69.31
44788.0,0.0,0.057435537056057,0.2257460048083722,0.539429870868188,100.16,77.04
50978.25,0.0061346844429768,0.0730580031353046,0.233736388063923,0.6472833590514091,125.76,101.24
55498.0,0.0919996285136418,0.0891399535110006,0.2695516900014142,0.6065946560545764,137.99,123.56
59008.25,0.2899812193007801,0.0889237256067895,0.2952552679960402,0.5882400714691789,116.01,104.62
59633.75,0.519007718660998,0.0669063192605005,0.3241762126997596,0.6053764314139527,89.94,83.62
59518.75,0.7057724852437364,0.0525595978160981,0.3461320888134634,0.5665556728660766,73.72,67.5
58989.0,0.8315980104841706,0.058943726687929,0.3389195304765945,0.539835945748396,29.13,37.99
57959.75,0.8965204111115698,0.0656900372993134,0.3297624098430208,0.5420287501015187,5.07,17.92
56427.0,0.9023867998514056,0.0677279852965025,0.3067458633856597,0.5110046292536343,1.18,13.8
55036.75,0.8566269038675858,0.0644034812692578,0.250388912459341,0.5067002355234306,2.33,16.98
54517.0,0.7655353531184216,0.0618141521163306,0.195234054589167,0.50718752537968,23.45,35.24
54414.25,0.6200468485573947,0.0605059732958538,0.1406095318908216,0.5095427596848859,52.5,59.59
55318.5,0.4177673669872456,0.0629547543110438,0.0991019657757035,0.5597336148785836,88.71,90.82
56423.75,0.1977958476080406,0.0709822152548786,0.0772521566963654,0.6228376512628929,116.06,109.33
56208.5,0.0445112890576629,0.0957403102870425,0.0733630321029557,0.7242751563388289,232.25,187.56
55809.25,0.0009029182317249,0.1425320287583112,0.0889195304765945,0.7148542191180054,217.92,178.61
53316.5,0.0,0.1919563219633493,0.1250883891953047,0.6380248517826688,120.52,113.03
49783.0,0.0,0.2349262122276879,0.1696718993070287,0.5621700641598311,105.21,99.35
46042.0,0.0,0.2611384399156711,0.2060528920944703,0.5364249167546495,92.47,87.63
44379.25,0.0,0.2930050272987729,0.2524395417904115,0.5214001461869568,90.47,78.03
43030.0,0.0,0.2698199902697443,0.2515910055154858,0.5114919191098839,91.31,77.69
42256.75,0.0,0.2461051948753986,0.2371305331636261,0.5154714529359213,87.48,74.54
42479.5,0.0,0.229893507757176,0.1928298684768774,0.517095752456753,89.2,76.28
43309.5,0.0,0.2215687334450511,0.1493423843869325,0.558109315357752,91.74,75.86
46168.0,0.0,0.2111195199740526,0.1370032527223872,0.6003411028993746,92.35,82.33
52116.25,0.0054949023816403,0.2175414887291205,0.1371093197567529,0.7415739462356858,114.99,97.26
56197.25,0.0922008502909976,0.2134223471539002,0.1440036769905247,0.750670023552343,128.57,119.49
58720.75,0.2941862384942419,0.1620087572301205,0.1603026446047235,0.7028344026638512,121.0,112.78
59154.5,0.5273145663928674,0.0920698416130601,0.1753641634846556,0.6693738325347194,105.4,97.38
59876.25,0.7207918850868865,0.0638250716254932,0.1890468109178334,0.5911638106066759,87.56,77.22
60083.25,0.8509410987740951,0.0612519595653819,0.1951279875548013,0.5473889385202632,68.78,59.43
59076.0,0.9173907210962976,0.0694307800421644,0.2028708810634988,0.5239990254202875,35.14,34.68
58342.75,0.9248410863912164,0.0785285691118438,0.2197001838495262,0.5222122959473727,10.4,18.71
57202.75,0.8784259297478021,0.0844856478728579,0.2554447744307735,0.4837976122797043,8.17,21.76
57222.5,0.778640566310315,0.0872803935347856,0.2966694951209164,0.5127913587265491,54.84,51.43
57503.75,0.6244014942006851,0.0893615871128169,0.3479352283976806,0.5308210834077804,78.56,65.99
58601.75,0.4138358030296776,0.0916049516190064,0.3928722952906237,0.557703240477544,92.37,85.25
59327.75,0.1908665951211458,0.0937564192659062,0.4337081035214255,0.7011288881669779,111.57,118.27
59234.5,0.0417457795022082,0.1138602086599275,0.461851223306463,0.849021359538699,201.91,158.89
58483.75,0.0008048871094233,0.160489756203038,0.4820393155140716,0.7875416226752213,204.03,140.54
56526.25,0.0,0.2096545759230228,0.5016617168717296,0.721513847153415,124.84,97.99
52798.75,0.0,0.2419103735337045,0.5248550417197002,0.5939251197920896,111.76,85.33
49215.5,0.0,0.2524406724687821,0.5381841323716589,0.5509623974660928,99.7,76.0
46651.5,0.0,0.2668198280988161,0.5336939612501768,0.5466580037358889,93.53,72.31
45109.25,0.0,0.2539704848910752,0.5065408004525527,0.5211565012588322,93.98,72.12
44503.25,0.0,0.2413481809827558,0.4326474331777683,0.5056444408348899,89.81,69.94
43753.25,0.0,0.2184604573220174,0.3679818978928015,0.5111670592057176,88.68,70.02
44332.5,0.0,0.1924049948645873,0.3180596803846697,0.5406480955088119,89.37,72.93
47102.75,0.0,0.1681117898264771,0.2723801442511667,0.5728092260212784,101.23,86.09
53198.75,0.0046745366739588,0.1524677009568084,0.2448734266723235,0.6999106635263542,125.46,100.93
57583.0,0.0883002435299459,0.1369101032488242,0.2158817706123603,0.7127426297409242,134.47,114.33
60744.75,0.2876491104965534,0.1016865776528461,0.1837434591995474,0.6342077479087144,126.24,117.62
61560.0,0.5161957733107689,0.0573274231039515,0.1518172818554659,0.5745147405181515,108.71,101.37
61775.75,0.7035642052255747,0.031969295637602,0.1402913307877245,0.5544546414358807,92.19,81.89
61880.75,0.8284764931687786,0.0311800637872317,0.1365436289068024,0.5477137984244295,84.4,72.86
61734.25,0.8870371899120816,0.0428347478242067,0.1441450997030123,0.5247299602046618,65.78,58.09
60647.25,0.8858298592479465,0.0598789123736418,0.1675505586197143,0.5001218224640623,45.25,44.73
58968.5,0.8303545630907665,0.0757878804259689,0.190319615330222,0.5123852838463413,51.32,48.28
58821.0,0.727617946918727,0.0889885939780528,0.2154928581530193,0.5275724843661171,79.45,70.27
58780.75,0.5769234738102117,0.0997189037245256,0.2203012303775986,0.5355315520181921,90.15,82.08
58751.75,0.3742157510215875,0.1071517379317801,0.2026587469947673,0.5836108178348087,105.38,101.81
58950.75,0.1691552812977256,0.1105573274231039,0.1753641634846556,0.6834240233899131,123.51,139.1
58657.5,0.0366894374045486,0.1135737066868479,0.1492716730306887,0.7754405912450256,227.49,209.27
57758.0,0.0004695174804969,0.1157792313098005,0.1284471786168858,0.8114188256314464,289.27,220.79
54954.5,0.0,0.1096816044110492,0.1120067882901994,0.7928205961179241,169.09,142.64
50766.5,0.0,0.1058597762041191,0.0976170272945835,0.7202956225127913,125.0,106.38
47428.0,0.0,0.1028650197307962,0.0835101117239428,0.6718102818159669,110.1,94.9
45069.5,0.0,0.0687496621438996,0.0191274218639513,0.686753837407618,109.88,92.96
43534.25,0.0,0.0711011406021947,0.0231226134917267,0.5750832453504426,100.3,85.02
42650.75,0.0,0.0744526731174658,0.0367699052467826,0.5068626654755137,93.53,80.89
42829.75,0.0,0.0710633007189577,0.0582661575449017,0.4987411678713555,93.28,78.8
43350.5,0.0,0.0693118546948483,0.0760500636402206,0.5245675302525786,97.62,79.65
46574.5,0.0,0.0713335855992215,0.0782067600056569,0.5712661414764882,107.37,88.59
52583.25,0.0032247079704461,0.0843559111303313,0.0805048790835808,0.6678307479899294,136.83,119.01
57098.75,0.0706649605811697,0.0977728525866263,0.0883891953047659,0.6448469097701616,151.06,129.65
60618.75,0.2207351302266066,0.0952267690145413,0.0915004949794937,0.5918947453910501,133.55,112.32
62055.75,0.3853087464399224,0.0906589545380831,0.0986069862819968,0.5797124989848128,113.7,97.54
62990.75,0.536916456845668,0.0734796475485161,0.094788573044831,0.5519369771785917,98.24,84.74
63410.25,0.6469641309283032,0.0625655440834639,0.0954603309291472,0.5208316413546658,89.95,80.49
61629.75,0.7022227267098692,0.0575760851937942,0.0881063498797907,0.5300089336473646,86.13,70.92
59633.0,0.7059737070210922,0.0564408886966863,0.0870103238580115,0.5292779988629903,80.2,69.23
57776.25,0.6615965658149998,0.0608303151521703,0.0906873143826898,0.5128725737025908,79.08,70.47
56742.5,0.5791523919593842,0.0737174982431482,0.0919247631169565,0.4857467717047024,81.98,73.48
56424.25,0.4602715978041028,0.0918265852208227,0.093268278885589,0.5072687403557216,86.35,80.29
56562.5,0.3012290007016964,0.1143683442348235,0.0941521708386366,0.5467392187119304,101.96,100.72
56020.25,0.1355202872827836,0.1407913941294124,0.0918540517607127,0.5720782912369041,119.99,131.7
55420.5,0.0286508853758203,0.1687604735391102,0.0878235044548154,0.567042962722326,156.11,161.44
54150.5,0.0003869649564535,0.1929347532299043,0.0842525809645029,0.5736213757816941,137.29,149.22
51259.75,0.0,0.2025460835720849,0.0801513223023617,0.5572159506212946,112.71,103.35
47806.25,0.0,0.2000378398832369,0.0756257955027577,0.5329326727848616,96.83,87.88
44569.75,0.0,0.1943132061192496,0.0729034082873709,0.520994071306749,95.36,84.32
42023.75,0.0,0.1767338775068922,0.0767218215245368,0.4980102330869812,107.67,91.61
39840.75,0.0,0.1847397156603059,0.0767571772026587,0.4958174287338585,105.44,86.84
38336.75,0.0,0.1909670793015838,0.086479988686183,0.4734020953463819,102.06,83.76
38126.5,0.0,0.1919130763825071,0.1061377457219629,0.4739706001786729,99.04,80.58
38102.75,0.0,0.1966430617871236,0.1142695516900014,0.4655242426703484,96.65,77.27
38646.0,0.0,0.1954538083139629,0.1080823080186677,0.4839600422317875,98.07,78.79
40057.5,0.0024868947868081,0.1944483485593816,0.0945410832979776,0.4888329407942824,109.97,86.08
42026.75,0.0686166260783423,0.1910319476728471,0.0919601187950785,0.5373182814911069,110.75,87.74
45293.0,0.2253529120402856,0.1576571706578734,0.0838990241832838,0.5049947210265573,109.97,88.66
48189.75,0.4187270400792504,0.12801232499054,0.0712770470937632,0.4902135953869894,84.92,73.95
49458.75,0.5972313947248937,0.1217146872803935,0.0674232781784754,0.4682855518557622,60.13,52.93
49779.75,0.7305330829240104,0.1197307962592572,0.0718073822655918,0.4618695687484772,18.34,19.0
48453.25,0.8095048912370496,0.1193307746364668,0.0799745439117522,0.4833103224234549,0.47,2.53
46849.75,0.8308395591695216,0.1222336342505,0.0903337576014707,0.4641435880776415,-0.59,-1.01
45632.75,0.7972200437528377,0.1241688739931888,0.1042992504596238,0.4574027450661902,-0.8,6.14
45129.75,0.7033629834482189,0.1305259743769933,0.1161787583085843,0.4367741411516284,2.55,16.9
45713.0,0.5560634828909894,0.1407265257581491,0.1362607834818271,0.4563469503776496,23.71,36.07
46915.75,0.3568332851776943,0.1553651548732363,0.1710861264319049,0.513603508486965,80.02,79.38
47386.5,0.1550800759483221,0.1744851073030974,0.2155989251873851,0.5551043612442135,117.3,114.64
47306.0,0.0306734222148842,0.2085464079139413,0.260924904539669,0.6390806464712093,148.29,130.56
46614.5,0.0003663268254426,0.2608411265473809,0.300982887851789,0.5845041825712661,126.78,121.08
45082.75,0.0,0.2997945834909995,0.3218073822655918,0.5446276293348493,107.29,109.4
43252.0,0.0,0.3121952537975025,0.3314594823928723,0.5481198733046374,99.85,97.4
40609.0,0.0,0.3118060435699227,0.3346414934238438,0.4950052789734427,89.23,81.53
38312.75,0.0,0.3206497648521542,0.3791896478574459,0.454722650856818,93.76,81.61
36659.5,0.0,0.3093140169738905,0.343268278885589,0.4443271339234955,85.98,74.94
35583.0,0.0,0.299081031407103,0.3512233064630179,0.4587833996588971,80.37,71.72
35384.75,0.0,0.2978323152602843,0.3658605572054872,0.4451392836839113,80.14,69.64
35210.25,0.0,0.2985404616465755,0.4439258944986565,0.4395354503370421,81.2,68.08
35557.5,0.0,0.2925617600951403,0.4814382689859992,0.4450580687078697,80.16,67.16
36111.25,0.0026519998348949,0.2864479161035732,0.4823221609390468,0.4551287257370259,79.49,67.56
38046.0,0.0783681429809716,0.2721336288448024,0.4661292603592137,0.4672297571672216,73.1,72.01
41316.5,0.2637759524497461,0.2174279690794097,0.4744732003959836,0.4722650856817997,60.63,60.04
44185.0,0.4738566475419986,0.1543921293042867,0.4974190354971008,0.4759197596036709,41.27,41.75
46011.25,0.6619990093697115,0.1354181307097681,0.5129048225144959,0.4824169576869975,12.73,12.76
47050.25,0.7921430635241673,0.1386831720633548,0.4989746853344647,0.440347600097458,-0.79,0.43
46135.0,0.8546404837577909,0.1422455267852316,0.4902064771602319,0.4466823682287014,-9.17,-7.15
44271.0,0.8588145457547365,0.1383263960214065,0.4895700749540376,0.4472508730609924,-24.0,-16.34
42876.0,0.8097783464729434,0.1324017514460241,0.4479564418045538,0.4449768537318281,-19.94,-11.64
42917.75,0.7048798860775168,0.140861668198281,0.461073398387781,0.4341752619182977,-4.99,15.3
43348.5,0.5488298179716845,0.1552354181307097,0.4838778107764107,0.4531795663120279,25.56,37.15
44986.75,0.3472829900524208,0.1653927239310233,0.5221326545043133,0.4949240639974011,78.28,83.37
47020.75,0.1485119907541173,0.1816152224444564,0.5581600905105359,0.5688296921952408,109.11,111.86
47750.5,0.0279337103231931,0.2190334612681766,0.5888488191203507,0.6208072768618533,131.6,126.59
47991.0,0.0003766458909481,0.2708362614195362,0.6098147362466412,0.5980670835702103,123.91,125.89
46710.5,0.0,0.2975404075895994,0.6168505161929005,0.4840412572078291,107.63,110.58
45115.75,0.0,0.2927347424185091,0.6189365012020931,0.4950864939494843,102.02,102.55
42897.25,0.0,0.2752148764798097,0.609885447602885,0.4733208803703403,91.5,94.36
41216.75,0.0,0.2736201956862533,0.5973695375477301,0.4347437667505888,91.24,92.32
39944.75,0.0,0.2459430239472403,0.5993140998444351,0.444408348899537,94.77,90.87
39000.75,0.0,0.2167738796691713,0.5937986140574176,0.440916104929749,92.39,87.82
39023.25,0.0,0.2009838369641602,0.5468109178334041,0.4440022740193292,92.51,87.74
39687.5,0.0,0.1854478620465971,0.5074954037618441,0.4664176074068058,91.59,87.96
43509.5,0.0,0.1745067300935185,0.5009192476311696,0.5032079915536425,101.52,97.99
50991.5,0.0021928014199034,0.1718363154765122,0.5183142412671475,0.5346381872817347,114.73,119.28
55516.25,0.0713408593717753,0.1640088653440726,0.4848324140857021,0.660521400146187,134.95,133.21
58952.75,0.239304288603624,0.1310557327423104,0.4741549992928864,0.6705108421993016,131.94,130.39
59877.25,0.4329725100094935,0.086150602735283,0.4719983029274501,0.6338016730285064,122.64,116.28
61024.5,0.6009926941016221,0.0753446132223363,0.4614269551690001,0.5823113782181434,102.83,97.79
61676.25,0.7171286168324597,0.0803070436239796,0.4577499646443219,0.5780881994639812,90.82,87.28
61493.5,0.7692037809056012,0.0847667441483323,0.4526941026728893,0.5098676195890522,85.05,81.65
60456.25,0.7731147067321583,0.0820422725552732,0.4565832272662989,0.4818484528547064,81.19,78.77
58661.5,0.7304711685309778,0.072166063030434,0.4233842455098289,0.539835945748396,83.63,81.05
58486.5,0.6351694390555991,0.067209038326396,0.4266016122189223,0.5026394867213514,88.24,88.47
57049.25,0.4934938291988277,0.066544137520947,0.4007919671899307,0.5948996995045887,93.63,99.1
57992.25,0.3108463697527552,0.0702686631709822,0.3608754065902984,0.6296597092503857,112.88,120.17
58841.0,0.1302266066784992,0.0851073030974647,0.3274996464432188,0.7035653374482255,137.78,157.09
58853.75,0.0232230569199653,0.1244175360830315,0.3343232923207467,0.7585478762283765,255.4,223.1
58692.5,0.0002270194411194,0.1753338018271258,0.3612996747277612,0.6841549581742873,212.06,183.21
55741.25,0.0,0.2001027082545002,0.3802149625229812,0.6506943880451556,131.9,130.46
51314.5,0.0,0.2064273744526731,0.3744519869891105,0.6035897019410379,114.24,107.42
48202.25,0.0,0.1989783231526028,0.3462028001697073,0.5552667911962966,103.84,99.95
46133.0,0.0,0.1584950537866911,0.4089237731579692,0.4816048079265816,99.6,96.83
44377.5,0.0,0.1406940915725174,0.2978008768208174,0.5456834240233899,93.1,90.93
43789.0,0.0,0.1246499810800583,0.178616885871871,0.579874928936896,91.56,88.46
43543.25,0.0,0.1053894805124601,0.1368971856880215,0.5062941606432226,93.27,88.52
44577.25,0.0,0.0929185361370884,0.1474331777683496,0.5051571509786404,96.24,90.63
47498.75,0.0,0.0840315692740148,0.1863597793805685,0.541785105173394,102.68,97.29
53601.75,0.0018006769306971,0.0685658684253202,0.1844505727619855,0.6866726224315763,137.21,120.9
58010.5,0.0667695133528707,0.0593869938915617,0.1444633008061094,0.6859416876472021,151.06,139.99
60653.0,0.2322254096669005,0.0436023568841559,0.132901994060246,0.6480955088118249,133.95,127.7
62092.25,0.4238659347009534,0.0219363208822098,0.1154362890680243,0.583935677738975,115.98,110.77
62646.75,0.593815784042597,0.0161143845613276,0.1237095177485504,0.5524242670348413,98.88,96.13
62438.5,0.7097195277995625,0.0199199956754419,0.1333262621977089,0.5546982863640055,90.02,87.61
62441.0,0.7650503570396665,0.0262392561760095,0.1425540941875265,0.5528303419150491,84.8,81.82
61412.75,0.7683730961324142,0.0314287258770744,0.1548932258520718,0.5438966945504751,82.69,80.28
60064.25,0.7190324844182111,0.0370614627817719,0.1581105925611653,0.5309835133598636,84.13,81.92
59291.0,0.6256501011268419,0.0401859559976214,0.1678687597228114,0.5265166896775766,86.67,86.7
59638.0,0.4923226152639617,0.0404724579707011,0.1794300664686748,0.5426784699098514,91.21,96.8
59852.5,0.3132403929500144,0.0369046975512189,0.1909913732145382,0.5740274506619021,123.93,120.22
59925.75,0.1285910347958888,0.0322395805178658,0.1973200395983595,0.6169901729878989,300.01,200.27
59422.5,0.0212417963429231,0.0307638250716254,0.2018455663979635,0.7407617964752701,656.37,337.9
58617.0,9.287158954885044e-05,0.032185523541813,0.2069014283693961,0.7678875984731585,520.32,299.26
55689.75,0.0,0.0328936699281042,0.2090934804129543,0.6650694388045155,216.97,171.56
51858.25,0.0,0.0363479106978755,0.206936784047518,0.6396491513035004,133.2,120.01
48806.0,0.0,0.039667009027515,0.1992646018950643,0.5499878177535937,117.56,109.33
46681.25,0.0,0.0426996053840748,0.1716518172818554,0.5084869649963454,108.17,94.78
45284.75,0.0,0.0453051516298178,0.152559751096026,0.512060423942175,101.02,87.56
44501.0,0.0,0.0483053138007459,0.150296987696224,0.4963859335661496,99.03,87.01
44956.0,0.0,0.0470187577706903,0.1523122613491726,0.4872898562494924,99.98,91.29
45372.0,0.0,0.0452240661657386,0.1376750106067034,0.4906196702671972,99.06,92.1
47936.0,0.0,0.0458349099951348,0.1186536557771178,0.5569723056931698,109.37,101.45
54764.0,0.0016562100136211,0.0483485593815881,0.112148211002687,0.6416795257045399,144.02,130.18
59314.25,0.0568890081314236,0.0545056489539975,0.1069509263187667,0.6861041175992854,181.16,159.41
62457.0,0.1928736533619515,0.0485323531001675,0.1032385801159666,0.6265735401608057,155.89,141.36
63130.0,0.3484284063235233,0.035142440131899,0.109885447602885,0.6784699098513766,125.29,117.65
63600.0,0.4781700169232674,0.0282826098708038,0.1170980059397539,0.5726467960691951,107.21,102.8
64389.25,0.5697465637511867,0.0326882534191037,0.1219063781643332,0.5762202550150247,96.06,91.85
64129.5,0.6103108102530235,0.0423806692253635,0.1354122472069014,0.5257045399171607,92.0,88.22
62974.5,0.6047023981508235,0.0562138493972647,0.1607976240984302,0.5428408998619345,90.49,86.65
62702.75,0.5544021133446155,0.0674306719282123,0.1868547588742752,0.5226995858036222,89.2,85.22
61277.5,0.4749504684855739,0.0780204335369479,0.2063003818413237,0.525460894989036,92.72,90.25
60527.25,0.3610744211004251,0.0897291745499756,0.2244732003959836,0.5640380086087875,101.85,101.57
61232.0,0.2246563751186692,0.1042867182009838,0.2484443501626361,0.5646065134410785,123.97,120.81
61338.5,0.0913237297230362,0.124839180496243,0.2735822373073115,0.6273044749451799,155.7,155.43
61018.25,0.0132806373054856,0.1657170657873398,0.291154009333899,0.6265735401608057,320.07,235.1
60327.75,0.0001393073843232,0.2070382182820693,0.3059326827888559,0.6188581174368554,189.23,158.06
57106.75,0.0,0.2254986756040867,0.3220548720124452,0.5538049216275481,130.42,120.99
52997.0,0.0,0.2244932158495053,0.3365860557205487,0.5214001461869568,108.59,98.24
49039.75,0.0,0.2142980701659549,0.3446825060104653,0.4945179891171932,99.58,86.27
45976.75,0.0,0.1865560300556787,0.2576368264743318,0.4909445301713636,101.27,88.22
43851.25,0.0,0.2019838910211362,0.206158959128836,0.4814423779744985,94.6,81.56
43082.0,0.0,0.2229850262176334,0.1642271248762551,0.5062941606432226,90.0,77.89
43072.75,0.0,0.2415535974917563,0.149165605996323,0.5252984650369528,87.11,76.4
43943.25,0.0,0.2639818368560462,0.1728892660161222,0.5041825712661415,80.92,78.94
47449.75,0.0,0.2987837180388129,0.2081035214255409,0.5099488345650938,84.7,70.47
54064.0,0.0015788170223304,0.3413157467971242,0.2376608683354546,0.5314708032161131,109.05,95.23
58880.25,0.0659491476451892,0.3671549813503432,0.2978362324989393,0.5749208153983595,113.6,103.97
61798.0,0.2373178684938292,0.3510081626033839,0.3615118087964927,0.6000974579712499,119.04,94.64
63164.0,0.4424712098072398,0.3218011784420779,0.4476735963795785,0.5695606269796151,97.68,76.24
62588.25,0.6255572295372931,0.3372668792907725,0.5456088247772592,0.5643628685129538,71.04,71.81
62937.25,0.7586628554918067,0.3891129250229742,0.5922783198981757,0.573458945829611,0.11,44.77
62096.75,0.8313503529120403,0.4353208281528731,0.6383467684910197,0.5710224965483636,-3.05,36.31
61870.0,0.8419944689808891,0.4788150710849235,0.6636967897044266,0.5239178104442459,-11.7,30.85
60600.5,0.7809159202542618,0.5110546516027893,0.6411398670626502,0.5761390400389832,-19.68,33.97
60419.5,0.6758523548107483,0.5648467484728904,0.644251166737378,0.5421911800536019,-7.02,35.33
60669.25,0.5240382630948941,0.6068328017730689,0.6515344364304907,0.5603021197108747,-0.01,42.88
60836.25,0.322842283402815,0.6178333963998054,0.6659949087823505,0.6786323398034597,36.13,71.21
60944.5,0.1247213852313534,0.614298070165955,0.6787229529062367,0.6924388857305287,84.95,91.47
60817.25,0.0177952284641102,0.6286501973079626,0.6840616603026446,0.6504507431170308,99.74,108.95
59986.5,9.287158954885044e-05,0.6520838964268338,0.6865365577711781,0.5789003492243969,92.93,91.08
56489.0,0.0,0.6613438564246716,0.6878800735398105,0.5506375375619265,80.1,80.38
52088.75,0.0,0.6380236769555111,0.6920520435581955,0.5367497766588158,80.03,67.7
48360.75,0.0,0.6095248391804963,0.6960825908640927,0.5504751076098433,64.61,61.63
46217.5,0.0,0.5647656630088113,0.3661787583085844,0.5833671729066839,64.79,54.28
44686.5,0.0,0.5304124547272826,0.4324352991090369,0.5438154795744335,61.0,50.79
43588.5,0.0,0.4993837504729985,0.4353698203931551,0.5437342645983919,51.22,47.84
43627.0,0.0,0.4827179847559327,0.4296422005374063,0.514009583367173,48.58,46.74
44334.5,0.0,0.459765392723931,0.4307028708810635,0.5261918297734102,57.75,53.95
47893.0,0.0,0.4495864641331963,0.4820039598359497,0.5479574433525543,69.86,61.05
54667.25,0.0010061088867792,0.4342667171198443,0.580045255267996,0.5944124096483392,93.29,76.26
58645.25,0.0495315144260535,0.4131034109951889,0.6238509404610381,0.6108990497847803,119.48,90.65
61466.75,0.1790770627811945,0.35690577869074,0.646160373355961,0.6048079265816616,120.37,90.81
62234.5,0.3415455896314029,0.2940158927509595,0.6730660444067317,0.5531552018192155,100.09,78.76
63475.75,0.491342304040946,0.2759987026325747,0.6938198274642907,0.5208316413546658,80.0,63.98
63153.25,0.6078703512609898,0.2919238877777177,0.6828949229246217,0.5556728660765045,59.51,52.22
62053.5,0.676652082387419,0.320098383696416,0.6744449158534861,0.5276536993421587,31.54,39.44
60521.75,0.695644322450159,0.3292123898589112,0.6478574459058125,0.5517745472265085,12.48,35.42
58247.25,0.6625510793742518,0.3251310881669279,0.6570852778956301,0.5585966052140015,14.53,34.25
57266.75,0.5794052090642672,0.3067733390994108,0.6795361335030405,0.5919759603670917,30.06,46.59
56151.75,0.4569436991786024,0.2813611546570085,0.7218568802149625,0.6142288638024852,71.18,62.0
57482.0,0.2901256862178561,0.2490404886750635,0.7690213548295857,0.5961179241452124,87.56,78.63
58691.0,0.1142526932760969,0.230990864371047,0.803634563710932,0.6169089580118574,100.27,96.69
58616.5,0.0158810418128534,0.2403481269257797,0.8117310140008486,0.629416064322261,129.0,124.11
58269.5,6.191439303256697e-05,0.2518298286393859,0.8060033941450997,0.5822301632421019,136.49,112.52
55069.25,0.0,0.2487864208876155,0.7996747277612785,0.5308210834077804,99.76,92.42
50389.5,0.0,0.231871993080707,0.7981190779239146,0.5102736944692602,95.36,79.66
46539.25,0.0,0.2070760581653062,0.7719205204355819,0.4957362137578169,92.88,74.31
43481.5,0.0,0.2027947456619276,0.5716306038749823,0.4900511654349062,102.47,86.34
41655.5,0.0,0.1750472998540461,0.4742257106491302,0.4875335011776172,96.9,81.9
40446.25,0.0,0.1506459808638304,0.4506434733418187,0.4915130350036547,96.3,78.44
40260.75,0.0,0.1334882966646845,0.4539669070852778,0.4983350929911476,95.31,75.06
40058.25,0.0,0.1210551921725498,0.4660939046810918,0.4831478924713717,98.29,75.77
40595.0,0.0,0.1078652900156765,0.4676495545184557,0.4928124746203199,101.02,80.46
41913.75,0.0009648326247575,0.1000108113952105,0.4719275915712063,0.5034516364817673,103.88,82.4
43768.0,0.0627760350022701,0.092145521379534,0.4368194031961533,0.4856655567286607,104.71,84.3
46861.75,0.235878358855822,0.0745607870695713,0.3781643331919106,0.4807926581661658,95.44,82.21
49503.0,0.4505716762290007,0.0439483215308935,0.3055437703295149,0.5050759360025989,84.19,74.02
51108.5,0.647093119247121,0.0276231147629601,0.2490807523688304,0.5033704215057256,51.52,46.21
51293.0,0.7835782391546622,0.0305800313530461,0.1942440956017536,0.4910257451474051,14.17,15.26
50436.25,0.8520503983159285,0.0377858262608789,0.1494484514212982,0.4880207910338666,5.48,5.76
48414.25,0.8615490981136749,0.0458078815071084,0.1232852496110875,0.4833103224234549,1.02,0.8
47441.5,0.8162535600775994,0.0549056705767879,0.1085772875123744,0.4731584504182571,0.44,0.99
46936.25,0.7139503446567879,0.0587112816909022,0.111759298543346,0.4688540566880533,8.41,12.17
46836.0,0.5572398563586082,0.0623276933888318,0.1179111865365577,0.4756761146755461,49.62,51.39
47893.25,0.343439138151649,0.0669982161197902,0.1219063781643332,0.4907008852432388,101.4,82.24
49202.75,0.1291895405952037,0.0742959078869128,0.1268208174232781,0.5253796800129944,128.57,103.37
49429.75,0.0167272051842985,0.0997999891886047,0.1364729175505586,0.5646877284171201,150.4,119.65
48803.5,6.707392578528089e-05,0.1419319963241256,0.1492716730306887,0.5637131487046211,133.0,107.09
46486.5,0.0,0.1813665603546137,0.1583580823080186,0.501746121984894,101.9,85.14
44314.75,0.0,0.2123303962376344,0.1680101824352991,0.4707220011370097,92.32,78.75
41959.0,0.0,0.2291529271852532,0.1747984726347051,0.4846909770161617,89.24,77.63
40076.5,0.0,0.2420563273690469,0.1221185122330646,0.5032892065296841,93.91,81.13
37959.75,0.0,0.2286556030055678,0.1243812756328666,0.4744578900349224,86.46,74.2
36123.0,0.0,0.210930320557868,0.1289775137887144,0.439373020384959,83.68,70.01
35876.5,0.0,0.1975836531704416,0.1240277188516475,0.4499309672703646,82.0,65.51
35804.5,0.0,0.1886858749121574,0.1242044972422571,0.4632502233411841,82.39,63.35
35985.0,0.0,0.1848045840315692,0.1358718710224862,0.4219118005360188,85.1,63.39
36846.5,0.0007997275766706,0.1740634628898859,0.1601258662141139,0.4946804190692764,83.36,64.32
38935.25,0.0556558798035249,0.1616195470025406,0.1795714891811625,0.5000406074880208,82.07,62.49
42002.5,0.2032752713914228,0.1398994540245418,0.1866072691274218,0.4405100300495411,76.73,62.26
45051.0,0.3690562182688736,0.104389426455484,0.1853344647150332,0.4628441484609762,40.58,36.85
47213.25,0.5081056259545136,0.0851613600735174,0.2158110592561165,0.4598391943474376,8.29,10.1
48823.25,0.6033867172988814,0.0855127304178604,0.2516263611936077,0.4702347112807601,0.44,1.74
48205.25,0.6426765592107979,0.091675225687875,0.2669353698203932,0.4504182571266141,0.04,0.32
46533.0,0.6304020307920915,0.0968755067841505,0.2616320181021072,0.4535044262161942,0.01,0.28
45840.0,0.576557146984769,0.0972755284069409,0.2541719700183849,0.435880776415171,1.16,0.65
45524.5,0.4778088496305774,0.0921293042867182,0.2609956158959128,0.459757979371396,3.17,7.05
44967.75,0.3480827176290915,0.08491810368128,0.2566468674869184,0.4643060180297246,58.62,49.79
46230.5,0.2015468279192636,0.0805827342018487,0.2289633715174657,0.5308210834077804,95.99,81.03
48088.75,0.0736471705122384,0.0796151143305043,0.2081388771036628,0.5250548201088281,119.55,101.08
49141.75,0.0087144508193338,0.08579923239094,0.2013152312261349,0.5546170713879639,124.15,102.48
49016.0,7.739299129070872e-05,0.0968917238769663,0.1987696224013576,0.576951189799399,128.12,104.75
47567.5,0.0,0.1081409805935456,0.199017112148211,0.532445382928612,117.2,94.17
45683.75,0.0,0.1261149251310881,0.1970725498515061,0.4803865832859579,105.8,86.86
43204.0,0.0,0.1392940158927509,0.1915217083863668,0.4923251847640705,97.13,81.0
42036.0,0.0,0.1631385480296232,0.1442865224154999,0.4891578006984488,86.41,69.82
41374.75,0.0,0.1629493486134385,0.1349172677131947,0.4942743441890684,85.76,69.3
40921.5,0.0,0.1730255689496729,0.1285886013293735,0.4768131243401283,84.1,66.9
40994.75,0.0,0.1610411373587761,0.1472917550558619,0.473564525298465,82.03,64.83
41545.25,0.0,0.1551921725498675,0.1336444633008061,0.4980914480630228,85.11,65.49
44519.0,0.0,0.1608897778258284,0.1024961108754066,0.4896450905546983,85.79,71.44
51835.5,0.0004076030874643,0.1724255365154873,0.0787724508556074,0.6449281247462032,118.47,94.51
56681.25,0.0175166136954637,0.1781069246986323,0.0689082166595955,0.751076098432551,140.62,114.65
59496.75,0.0714234118958187,0.1804421860641115,0.0676354122472069,0.7388126370502721,159.57,137.89
61206.75,0.1428829405209064,0.1737066868479377,0.0661151180879649,0.6851295378867863,129.68,105.61
62217.75,0.2162979320592727,0.1845829504297529,0.0666808089379154,0.6438723300576626,110.87,91.61
62444.25,0.2847597721550336,0.1985026217633385,0.0755904398246358,0.610574189880614,100.74,82.27
62080.75,0.3379958310975358,0.2157738256121952,0.0949299957573186,0.5701291318119062,94.98,76.46
61821.5,0.3657902340364056,0.2331909832963944,0.1167090934804129,0.5483635182327621,89.17,72.79
60057.75,0.3650885375820366,0.2508243688848046,0.1445693678404752,0.5569723056931698,82.06,67.3
59031.0,0.3321965162834853,0.2704092113087193,0.2013152312261349,0.5642004385608707,83.98,69.91
58061.25,0.2669593841581706,0.2807881507108492,0.2889266016122189,0.5751644603264842,78.68,70.25
58699.25,0.1750165105048086,0.2749770257851776,0.431268561731014,0.6094371802160319,92.8,75.12
59746.0,0.0723314896602963,0.2591653602897454,0.5803281006929712,0.6307155039389264,113.15,91.65
60090.75,0.0082758905353531,0.2516784691064382,0.7195587611370386,0.6619020547388939,114.56,101.84
58652.25,5.159532752713915e-06,0.2593383426131142,0.8129684627351152,0.6446844798180784,111.53,95.44
55422.75,0.0,0.2828423158008541,0.8586833545467402,0.6218630715503939,96.02,77.88
50950.75,0.0,0.3137953402886642,0.8609814736246642,0.6042394217493706,87.94,65.75
46937.75,0.0,0.3447862046597113,0.8368335454674021,0.594818484528547,79.52,59.87
45265.0,0.0,0.3668414508892372,0.7259581388771037,0.5905140907983432,67.34,48.96
43952.75,0.0,0.374614844045624,0.7516263611936077,0.5827174530983513,59.79,43.48
42887.75,0.0,0.3622033623439105,0.7320039598359497,0.5836108178348087,61.47,41.02
43269.0,0.0,0.3545002432563922,0.7170131523122614,0.595224559408755,61.36,36.73
43943.0,0.0,0.3331693605059733,0.7006788290199406,0.5777633395598148,67.3,35.47
47849.25,0.0,0.3259041029244824,0.7018455663979635,0.5758953951108584,80.92,42.02
55534.25,0.0003250505634209,0.3029082653116384,0.7072549851506151,0.6380248517826688,103.12,61.33
59903.5,0.0290275312667684,0.2874966214389967,0.7652029415924197,0.6456590595305775,129.9,83.29
62555.25,0.1223789573616213,0.2750689226444672,0.8165747419035497,0.6357508324535044,114.94,88.89
63031.25,0.2531834317084245,0.2893669928104221,0.8091500494979493,0.6055388613660359,100.0,72.01
64682.5,0.3794114005035704,0.3335261365479215,0.7593338990241832,0.6109802647608219,59.92,51.81
64047.75,0.4745686630618731,0.4002432563922374,0.6637675010606704,0.5947372695525055,9.52,31.51
63201.0,0.5275725430305032,0.4559219417265798,0.6303563852354688,0.6061885811743686,0.04,18.38
61849.75,0.5371641144177983,0.4989999459430239,0.6430490736812332,0.6104117599285308,-0.07,17.55
60678.0,0.4968268873570809,0.5368019892967187,0.6171333616178758,0.5893770811337611,-0.16,18.02
59634.75,0.4213584017831345,0.5639710254608358,0.6174869183990949,0.5806870786973117,-0.04,26.4
59135.25,0.3165889297065258,0.5797394453754257,0.6260076368264743,0.5976610086900024,0.22,31.96
59662.5,0.1945505015065835,0.5783123412076329,0.6578277471361901,0.5976610086900024,21.77,48.87
59995.75,0.0735594584554422,0.559981620628142,0.6973907509546033,0.5897019410379274,80.4,70.56
59959.0,0.0066815949147645,0.5427482566625222,0.7374840899448452,0.640704945992041,92.91,99.92
58340.0,2.579766376356957e-05,0.539667009027515,0.7798755480130108,0.6176398927962317,83.25,92.61
54931.75,0.0,0.5413914265635981,0.7831282704002263,0.5836108178348087,82.02,69.81
50715.5,0.0,0.525504081301692,0.7859213689718568,0.5988792333306262,76.63,63.15
47193.5,0.0,0.508324774312125,0.7841182293876396,0.5767075448712743,64.38,52.98
45296.75,0.0,0.5052164981890913,0.5491443925894499,0.5623324941119142,40.0,35.74
44296.0,0.0,0.5039029136710093,0.4583156554942724,0.5789815642004386,39.91,28.32
43173.5,0.0,0.5012973674252662,0.4466836373921651,0.570535206692114,32.99,27.5
43446.5,0.0,0.5006703065030542,0.40708527789563,0.5776821245837732,33.73,26.8
44529.5,0.0,0.4963889939996757,0.4067670767925329,0.5609518395192074,38.93,31.24
47750.25,0.0,0.4891453592086058,0.4054942723801442,0.5774384796556485,61.56,41.55
54791.75,0.0004437198167333,0.4789123736418185,0.4163484655635695,0.5795500690327297,86.79,71.45
59425.75,0.0290430098650266,0.4772041731985513,0.4243034931409984,0.5831235279785593,97.55,87.84
61549.0,0.1174258059190159,0.4536515487323639,0.4019940602460755,0.5988792333306262,110.72,95.32
62937.75,0.2219424608907417,0.4369857830152981,0.3947107905529628,0.5944124096483392,97.6,86.3
63574.5,0.293463903908862,0.412087139845397,0.3917409135907226,0.5879964265410542,76.81,69.31
63247.0,0.329461963924547,0.3916157630142169,0.3883467684910197,0.5887273613254284,67.51,55.37
62702.5,0.3464987410740083,0.3748905346234931,0.3871093197567529,0.5643628685129538,62.45,48.14
61289.0,0.3449921575102159,0.3584193740202173,0.3858365153443643,0.5706164216681556,63.85,41.5
60095.5,0.3248183844471045,0.3314665657603113,0.3920237590156979,0.5589214651181678,69.0,39.08
58066.25,0.2856833285177694,0.3122060651927131,0.3710931975675293,0.5345569723056932,69.05,47.6
57815.0,0.2247234490444545,0.2889561597924212,0.3607339838778107,0.597742223666044,76.75,58.7
58890.5,0.1422637965905807,0.2567165792745554,0.353839626644039,0.5996101681150005,101.39,82.13
59451.0,0.0563162999958723,0.2206551705497594,0.3441521708386367,0.6171526029399821,115.14,96.74
58961.75,0.0064803731374086,0.1966971187631764,0.3369396125017678,0.6899212214732396,142.86,117.89
57942.5,1.031906550542783e-05,0.1939185901940645,0.3215245368406166,0.7087630959148867,138.36,116.74
54253.5,0.0,0.1997134980269203,0.3029628058266158,0.6647445789003492,115.14,96.77
50741.0,0.0,0.2023406670630844,0.2856385235468816,0.6173962478681069,102.97,88.59
47081.5,0.0,0.1993405048921563,0.2677131947390751,0.5690733371233655,101.49,86.09
44975.0,0.0,0.2274339153467755,0.427096591712629,0.5509623974660928,90.06,74.62
43393.5,0.0,0.2228336666846856,0.4736953754773017,0.558109315357752,84.1,70.65
42988.5,0.0,0.2058273420184874,0.4734832414085702,0.5835296028587672,83.93,70.92
43341.5,0.0,0.2040596789015622,0.5209659171262905,0.5929505400795907,83.45,67.07
43665.5,0.0,0.1919509162657441,0.460366284825343,0.6021278323722894,85.02,65.78
46606.0,0.0,0.1817287420941672,0.414651393013718,0.5998538130431251,86.92,73.17
53967.75,0.0003353696289264,0.1857289583220714,0.3215245368406166,0.6372939169982945,107.96,96.02
58514.75,0.0355698187972097,0.1753608303151521,0.2509192476311696,0.7116868350523836,134.94,115.96
60496.0,0.1488937961778181,0.141861722255257,0.2087399236317352,0.857548932023065,135.94,115.07
61487.0,0.2890215462087753,0.1130817882047678,0.1588884174798472,0.7236254365304963,103.36,90.55
61322.0,0.4114005035703966,0.1026325747337694,0.1277047093763258,0.6265735401608057,85.0,76.56
61304.5,0.4972912453048252,0.1002540677874479,0.1124664121057841,0.6507756030211971,80.41,69.83
60824.5,0.5445164485904157,0.091988756148981,0.1053245651251591,0.4787622837651263,78.62,69.39
59140.5,0.5556455607380195,0.0785069463214227,0.1031325130816009,0.6169089580118574,78.23,67.67
57213.0,0.5204214306352417,0.0679874587815557,0.0997737236600198,0.6060261512222854,80.11,66.78
55945.5,0.4468619721797994,0.0584842423914806,0.1086479988686183,0.6255177454722651,84.93,67.97
55495.5,0.3410089982251207,0.0490404886750635,0.1232852496110875,0.6454966295784943,91.67,70.47
56603.75,0.2060923762744045,0.0410833018000973,0.1366143402630462,0.6843986031024121,109.74,90.8
57087.5,0.0773568745614397,0.0335153251527109,0.1497312968462735,0.7409242264273532,145.19,118.46
57141.25,0.007538077351715,0.030990864371047,0.1650403054730589,0.7474214245106797,300.01,196.49
55918.0,1.5478598258141743e-05,0.0324936483053138,0.179359355112431,0.7783643303825225,250.02,167.12
52720.75,0.0,0.0305313800745986,0.1897539244802715,0.7477462844148461,125.0,100.64
49019.75,0.0,0.0326071679550245,0.2060175364163484,0.7033216925201007,99.47,85.68
45234.75,0.0,0.0349586464133196,0.2292462169424409,0.6646633639243077,92.04,79.65
42489.0,0.0,0.0381426023028271,0.2217861688587187,0.6381060667587103,99.97,82.19
41676.25,0.0,0.0503594788907508,0.283587894215811,0.6085438154795745,91.52,74.79
41104.25,0.0,0.0637061462781772,0.3679818978928015,0.6368878421180866,87.31,69.24
41204.5,0.0,0.0737661495215957,0.4198133220195163,0.6104117599285308,86.76,63.07
42104.5,0.0,0.0915076490621114,0.4531183708103521,0.6282790546576789,84.63,61.21
45307.25,0.0,0.1126277096059246,0.4402135482958563,0.6236498010233087,87.92,69.64
53159.75,0.0002321789738721,0.1320720038921022,0.4284754631593834,0.655648501583692,100.49,85.22
57504.5,0.0253487844140834,0.1386507378777231,0.4212982605006364,0.7060830017055145,119.96,116.42
59641.5,0.1129266933586494,0.1258716687388507,0.3767147503889124,0.691220661089905,132.24,125.73
60789.5,0.2296456432905436,0.1090221093032055,0.3461674444915854,0.610168115000406,116.24,98.71
60722.5,0.3197568828166921,0.1102924482404454,0.3251661716871729,0.603752131893121,102.54,85.96
60552.25,0.3721261402567383,0.1385696524136439,0.3140998444350162,0.5890522212295948,94.99,76.82
60056.25,0.3963398274652247,0.1837883128817773,0.3219841606562014,0.5922196052952164,88.55,62.75
59980.0,0.3859175713047426,0.2356992269852424,0.3418894074388346,0.6001786729472914,77.5,56.27
58954.25,0.353520865150452,0.2874858100437861,0.3915641352001131,0.6073255908389507,66.96,39.39
57760.0,0.2950633590622033,0.3340288664252122,0.4397539244802715,0.6132542840899862,72.2,45.78
57029.5,0.2187796673133281,0.3669279420509216,0.4849738367981898,0.6005847478274994,74.3,58.53
57903.75,0.1315216493994304,0.3782258500459484,0.525703577994626,0.6210509217899781,79.85,62.0
58347.5,0.0505892186403599,0.3774960808692362,0.5514425116673738,0.7024283277836433,96.47,76.69
58009.5,0.0052885210715317,0.3842099572949889,0.559291472210437,0.6949565499878178,100.0,84.98
56282.75,4.127626202171132e-05,0.4026487918265852,0.549851506151888,0.6760334605701291,94.25,82.74
53267.5,0.0,0.420606519271312,0.5396337151746571,0.6450093397222448,84.57,73.25
49087.75,0.0,0.4261851991999567,0.537017394993636,0.6472021440753675,79.3,67.22
44390.0,0.0,0.428639385912752,0.5272945835101117,0.6258426053764314,60.99,56.68
41517.25,0.0,0.4663170982215255,0.3324494413802856,0.6260050353285146,55.61,59.8
39890.25,0.0,0.4604248878317747,0.3078418894074388,0.6316900836514253,50.01,52.81
39388.5,0.0,0.4475593275312179,0.2853203224437844,0.6414358807764152,43.33,46.59
39131.5,0.0,0.4365208930212444,0.2995333050487908,0.6423292455128726,45.18,45.72
39460.25,0.0,0.4221038975079734,0.310033941450997,0.635832047429546,46.7,45.64
39575.75,0.0,0.4131844964592681,0.2682435299109036,0.6303094290587185,44.27,44.09
41411.75,0.0002218599083666,0.4043786150602735,0.2300593975392448,0.6436286851295379,55.35,53.69
43728.5,0.0220105667230775,0.3844153738039894,0.2227761278461321,0.6663688784211809,65.0,66.07
47036.25,0.1080509349073347,0.3535218119898373,0.2177556215528213,0.6309591488670511,75.54,71.3
49282.5,0.2337113550996821,0.3338666954970539,0.1766016122189223,0.6000974579712499,66.6,64.91
50834.25,0.3560438766665291,0.3492350937888535,0.1840263046245226,0.581418013481686,41.02,40.06
51649.75,0.4368008833120073,0.3683496405211092,0.1969664828171404,0.5698042719077397,8.08,13.73
51420.0,0.4718753869649564,0.3800151359532948,0.2128058266157544,0.5649313733452449,0.86,6.94
49419.0,0.4763177446650431,0.3859992432023352,0.2086692122754914,0.5676114675546171,-0.06,6.45
47608.25,0.4559324307590705,0.3901291961727661,0.2029415924197426,0.6031024120847884,-0.46,4.31
47307.75,0.4074018656870434,0.3940429212389859,0.1953047659454108,0.6263298952326809,-0.07,8.29
47129.25,0.3221302678829405,0.3894751067625277,0.1837788148776693,0.6395679363274588,9.54,21.2
48105.5,0.2005046023032154,0.3683388291258987,0.1804553811342101,0.6199951271014376,65.09,56.89
49624.5,0.0717071861972179,0.3304935401913617,0.1854758874275208,0.6926013156826119,94.39,79.0
49734.5,0.0051130969579394,0.3025190550840586,0.1920520435581954,0.7197271176805002,126.58,100.02
48595.0,5.159532752713915e-06,0.2902102816368452,0.2006788290199406,0.7021846828555186,117.85,97.24
45834.5,0.0,0.2775501378452889,0.2085631452411257,0.6324210184357996,103.09,84.48
43187.5,0.0,0.2624412130385426,0.2144321878093621,0.6291724193941363,93.75,79.96
40540.25,0.0,0.2524298610735715,0.2188162918964785,0.5979046536181272,84.76,73.61
38322.25,0.0,0.2476079788096654,0.1549639372083156,0.592300820271258,78.11,66.27
36627.25,0.0,0.2371155197578247,0.1560599632300947,0.5888897912775116,70.07,60.51
35623.5,0.0,0.2332774744580788,0.1383114128128977,0.5865345569723057,66.6,56.01
35295.25,0.0,0.2280069192929347,0.1115825201527365,0.6159343782993584,67.15,55.51
35542.75,0.0,0.2301962268230715,0.1014707962098713,0.5968488589295866,63.66,53.19
36333.25,0.0,0.2362506081409806,0.1002687031537264,0.5865345569723057,65.61,54.68
37552.0,0.0002373385066248,0.2413481809827558,0.0974402489039739,0.5619264192317063,69.18,57.35
38924.25,0.041136954637388,0.2373317476620358,0.0964149342384387,0.5597336148785836,85.42,68.87
41713.25,0.1848351013332232,0.211773609384291,0.0924550982887851,0.5570535206692114,76.96,63.59
44824.5,0.3643558839311512,0.1918157738256121,0.0553669919389053,0.5702103467879477,54.07,41.24
47043.0,0.5081778594130516,0.2018325314881885,0.0669282986847687,0.5624137090879558,10.92,11.01
47607.25,0.5967567177116441,0.2171901183847775,0.0840404468957714,0.5703727767400308,0.07,1.21
47149.75,0.6412060923762744,0.2108978863722363,0.1105218498090793,0.5644440834889953,0.0,0.58
44743.25,0.6420986915424939,0.2028271798475593,0.1228609814736246,0.5648501583692033,-0.01,0.39
42619.25,0.5864479712717217,0.200118925347316,0.1388417479847263,0.559652399902542,-0.41,0.0
42457.0,0.4886438684112766,0.209892426617655,0.152948663555367,0.5639567936327459,-0.27,1.97
44153.0,0.3556981879720972,0.2186226282501757,0.1644039032668646,0.5715910013806546,19.7,20.67
46466.0,0.2026251702645808,0.2100654089410238,0.1736317352566822,0.5995289531389588,82.25,60.33
48232.25,0.0670790853180336,0.1905832747716092,0.1818342525809645,0.7126614147648827,112.8,85.24
48887.75,0.0044629958310975,0.1791015730580031,0.1894357233771743,0.7594412409648339,133.16,99.31
48410.25,5.159532752713915e-06,0.1791826585220822,0.1912035072832696,0.6782262649232519,123.6,96.23
46412.5,0.0,0.1766852262284448,0.1788643756187243,0.623974660927475,112.68,88.97
44740.0,0.0,0.1724471593059084,0.1588530618017253,0.6204012019816454,107.11,84.44
42006.0,0.0,0.1658197740418401,0.1341394427945128,0.6316088686753838,92.6,74.85
39747.5,0.0,0.1521217363100708,0.0929854334606137,0.628441484609762,92.99,71.32
38926.0,0.0,0.1459214011568192,0.0757318625371234,0.6087062454316576,88.14,64.49
38347.5,0.0,0.1463106113843991,0.0733276764248338,0.5931129700316738,87.26,63.72
38894.25,0.0,0.1516460349208065,0.0884245509828878,0.6223503614066433,84.93,62.85
40251.5,0.0,0.1681928752905562,0.0995262339131664,0.6315276536993422,84.34,61.87
43955.0,0.0,0.1806800367587437,0.100834394003677,0.6234873710712255,88.31,63.98
52036.5,9.803112230156435e-05,0.1973458024758095,0.1003394145099703,0.6960123446763583,110.97,87.35
57380.0,0.0108350187806992,0.207032812584464,0.1137038608400509,0.8001299439616665,130.0,113.54
61156.75,0.0560118875634622,0.2085355965187307,0.150650544477443,0.7449037602533908,146.06,136.64
62289.5,0.125,0.2091140061624952,0.1700608117663696,0.7060830017055145,126.4,112.5
62613.25,0.1911761670863086,0.2083409914049408,0.1960825908640927,0.6868350523836595,112.63,93.23
62930.0,0.2410430511412886,0.2148818855073247,0.2194880497807948,0.645171769674328,105.02,83.63
62585.75,0.2655250340529161,0.2269474025623006,0.2399943430915005,0.6549175667993178,96.02,76.94
61549.25,0.271948652330045,0.2384669441591437,0.2592985433460614,0.6580037358888979,86.89,70.84
60725.75,0.2615986296281009,0.2472133628844802,0.3010182435299109,0.6117924145212377,80.86,64.82
60521.75,0.2268388574730672,0.2597924212119574,0.3412883609107622,0.616421668155608,75.37,64.53
59554.0,0.1695680439179427,0.2740418400994648,0.3762904822514495,0.6839925282222041,76.3,69.11
59688.5,0.1015138069096462,0.2848424239148062,0.4048578701739499,0.7503451636481767,86.98,79.55
59799.25,0.0352912040285631,0.2946267365803557,0.4332131240277188,0.7370259075773573,107.87,98.3
60047.25,0.0026571593676476,0.312908805881399,0.4623462028001697,0.7317469341346544,112.57,102.34
58041.25,0.0,0.3308070706524677,0.4872719558761137,0.65914074555348,109.01,95.57
53788.5,0.0,0.3381858478836694,0.4969240560033941,0.6787947697555429,90.1,78.82
50151.75,0.0,0.3288285853289367,0.4968179889690284,0.6779014050190855,78.81,70.78
46561.5,0.0,0.316768473971566,0.4762763399802008,0.6122797043774872,81.53,66.71
43686.5,0.0,0.2821233580193524,0.4625583368689011,0.6162592382035247,85.54,69.72
42379.75,0.0,0.2774798637764203,0.4227124876255126,0.5837732477868919,82.3,66.12
41262.75,0.0,0.2695064598086383,0.3711639089237731,0.5720782912369041,80.51,63.98
41488.75,0.0,0.2601167630682739,0.3661080469523405,0.5541297815317144,79.84,63.17
42564.75,0.0,0.2635439753500189,0.3660726912742186,0.5622512791358727,80.04,62.57
45953.0,0.0,0.2665927887993946,0.3416772733701032,0.5777633395598148,91.52,70.35
53685.5,0.0001702645808395,0.2736201956862533,0.3260147079620987,0.7157475838544628,108.32,85.14
58643.5,0.0221653527056589,0.2700848694524028,0.3106349879790694,0.79517583042313,133.94,108.52
61462.0,0.1085204523878317,0.2461214119682145,0.2940178192617734,0.7107122553398847,137.52,108.71
62594.75,0.2290832542204978,0.2261960105951673,0.2594046103804271,0.7024283277836433,108.91,90.95
63549.25,0.3544702191769513,0.2152224444564571,0.2315443360203648,0.6221067164785187,96.52,72.99
64266.75,0.472587402484831,0.2080815179198875,0.2159171262904822,0.6619832697149355,82.39,64.6
63827.75,0.5657427663350807,0.2077787988539921,0.2101895064347334,0.6404613010639162,59.81,52.4
61172.5,0.6172813390019399,0.2152440672468782,0.2110026870315372,0.6251116705920572,41.77,41.47
58681.75,0.6176992611549098,0.2286231688199362,0.2327817847546316,0.6033460570129132,25.64,32.82
57038.5,0.5536281834317084,0.245094329423212,0.2562579550275774,0.6052952164379112,44.44,44.62
56742.75,0.422792751888389,0.261900643278015,0.2806887286098147,0.5775196946316901,74.29,65.97
57400.5,0.247853634374871,0.2725985188388561,0.3019728468392024,0.625923820352473,93.5,82.49
58813.75,0.0786570768151236,0.2857559868100978,0.3145948239287229,0.6839925282222041,112.99,106.74
59396.75,0.003570396664878,0.3163792637439861,0.3226559185405176,0.6798505644440835,132.53,119.97
58187.0,5.159532752713915e-06,0.3437104708362614,0.3294442087399236,0.6695362624868025,111.24,98.48
54520.0,0.0,0.3526514946753878,0.3255904398246358,0.598716803378543,96.12,83.59
50250.0,0.0,0.3401156819287529,0.3124381275632866,0.5955494193129213,89.94,75.53
46001.75,0.0,0.321449808097735,0.2832696931127139,0.585316332331682,83.84,69.4
43079.0,0.0,0.2808530190821125,0.2824918681940319,0.5533988467473402,85.16,70.37
41658.5,0.0,0.2653602897453916,0.2473836798189789,0.5525054820108828,80.94,69.62
41190.5,0.0,0.2567436077625817,0.2003252722387215,0.5581905303337935,83.71,69.31
41114.75,0.0,0.2507811233039623,0.1718639513505869,0.5577844554535857,83.67,65.48
41938.25,0.0,0.2431807124709444,0.1541154009333899,0.5709412815723219,82.51,65.1
45595.0,0.0,0.2319584842423915,0.1639796351294017,0.5962803540972955,89.92,74.38
53549.75,0.0001702645808395,0.2280339477809611,0.1852991090369113,0.6280354097295542,105.09,91.93
58372.0,0.0383920832129442,0.2264933239634574,0.2089874133785886,0.7721107772273207,141.92,118.48
60925.25,0.1777820200602633,0.205308395048381,0.200502050629331,0.7168845935190449,133.07,112.49
61476.5,0.3593975729557931,0.1764581869290231,0.1625654080045255,0.7212702022252904,102.44,89.16
61695.0,0.5516469228546663,0.1591869830801665,0.1466199971715457,0.6376187769024608,79.0,71.71
60697.5,0.7059117926280596,0.1654305638142602,0.1386296139159949,0.6243807358076829,55.32,46.09
58618.5,0.7906725966896437,0.1927401481161144,0.1394781501909206,0.6143912937545684,5.49,12.63
56906.5,0.8051141288644901,0.2309746472782312,0.1512515910055155,0.5847478274993909,0.0,6.84
55394.75,0.7556548478969745,0.2673441807665279,0.1675152029415924,0.6223503614066433,-0.09,9.21
55180.25,0.6450860610063153,0.2968538839937294,0.1789350869749681,0.6291724193941363,1.04,21.13
55149.25,0.4822924835926858,0.3203092059030218,0.1927238014425116,0.6147161536587347,40.05,47.89
56586.75,0.2760711189994634,0.332790961673604,0.211462310847122,0.6659628035409729,87.52,80.2
58344.0,0.0819333801130969,0.3497864749445916,0.2408782350445481,0.7747908714366929,113.91,102.87
58885.25,0.0032143889049407,0.3922266068436131,0.2743954179041154,0.7617964752700398,129.92,114.24
57393.0,0.0,0.4302719065895454,0.2995686607269127,0.6589783156013969,108.2,98.14
53902.75,0.0,0.4450186496567382,0.3119431480695799,0.611142694712905,93.25,78.6
49983.75,0.0,0.4301583869398346,0.3090086267854617,0.6057825062941606,89.92,73.33
45828.25,0.0,0.4044326720363262,0.2885730448309999,0.5933566149597986,79.49,65.99
43036.75,0.0,0.3718525325693281,0.2157403478998727,0.5784130593681475,76.4,66.32
41639.5,0.0,0.3364560246499811,0.1753995191627775,0.5663120279379518,77.53,63.56
40892.0,0.0,0.3093951024379696,0.163873568095036,0.5677738975067003,78.03,64.97
40570.25,0.0,0.2857289583220714,0.1609744024890397,0.56160155932754,77.35,62.6
41934.5,0.0,0.2706092221201146,0.17822797341253,0.5714285714285714,79.26,60.82
45932.75,0.0,0.265641386020866,0.2126644039032668,0.6415983107284984,89.99,71.33
53849.5,0.0001444669170759,0.2676631169252392,0.223907509546033,0.7803134898075205,113.47,89.47
58508.25,0.0363437487101168,0.2674414833234229,0.2325342950077782,0.8240071469178917,143.24,114.35
61447.25,0.1795568993271969,0.2439699443213146,0.2433177768349597,0.6893527166409485,124.12,102.96
61840.25,0.3675083584430594,0.2104924590518406,0.2491868194031961,0.7017786079753107,97.64,83.36
61266.25,0.5569664011227143,0.1861181685496513,0.2423985292037901,0.6580037358888979,74.81,66.35
60413.0,0.7035487266273166,0.1910860046488999,0.2343727902701173,0.6382684967107934,50.41,42.67
58483.25,0.7839652041111157,0.2134439699443213,0.2357163060387498,0.614066433850402,4.97,9.4
57109.5,0.7903527056589755,0.2553921833612628,0.2447320039598359,0.5954682043368797,-0.06,4.44
56073.75,0.730197713295084,0.2995783555867884,0.2522981190779239,0.5851539023795987,-0.09,4.28
55750.5,0.6177095802204152,0.3395156494945672,0.2799109036911328,0.592300820271258,10.91,22.25
55520.5,0.4576402361002187,0.3494783501810908,0.3184485928440107,0.5881588564931374,58.55,54.9
57458.75,0.2558044743468031,0.3460889777825828,0.3683000989958987,0.6398927962316251,91.05,82.63
58943.5,0.0741837619185206,0.3482782853127196,0.4277683495969452,0.7033216925201007,114.53,98.67
59527.75,0.0027861476864655,0.3776852802854208,0.4844435016263612,0.7113619751482173,134.3,118.19
57658.25,5.159532752713915e-06,0.4078220444348343,0.5265167585914298,0.651181677901405,113.5,98.02
53774.5,0.0,0.4196064652143359,0.5365577711780511,0.6029399821327053,91.1,79.87
49631.25,0.0,0.4043245580842207,0.5230165464573611,0.5864533419962641,88.97,77.94
45769.75,0.0,0.3845559219417265,0.497348324140857,0.5737838057337773,78.87,69.31
43022.5,0.0,0.3861343856424671,0.3980695799745439,0.5654998781775359,72.61,60.33
41139.25,0.0,0.3632574733769393,0.3745934097015981,0.5564850158369203,74.04,59.72
40488.5,0.0,0.3518406400345965,0.3767854617451562,0.5706164216681556,73.42,61.82
40460.25,0.0,0.3513649386453322,0.3648352425399519,0.5638755786567043,73.17,62.45
41556.75,0.0,0.3438131790907616,0.3638099278744166,0.5653374482254527,74.52,62.44
44978.75,0.0,0.3352451483863992,0.3534153585065762,0.5726467960691951,89.09,70.1
52155.0,0.0001651050480868,0.3375371641710363,0.3305402347617027,0.6247055957118492,108.06,87.01
56642.5,0.0410595616460973,0.3341315746797124,0.3501272804412388,0.6266547551368472,141.45,112.22
59500.0,0.2056434969249184,0.3001243310449213,0.3520011313816999,0.6416795257045399,108.6,92.89
59761.5,0.4353665332067528,0.2485918157738256,0.3599915146372507,0.6172338179160237,88.92,78.69
59208.0,0.6422844347215916,0.2026433861289799,0.3492787441663131,0.619507837245188,62.05,56.24
58477.0,0.7899863788335328,0.2010919509162657,0.3290906519587045,0.6255177454722651,24.69,25.11
57189.0,0.8629937672844348,0.2248878317746905,0.3314241267147504,0.5939251197920896,8.24,10.35
55220.75,0.8664196970322368,0.2468349640521109,0.339485221326545,0.6022902623243727,-0.01,3.34
53772.0,0.8053824245676312,0.2672144440240013,0.3296209871305331,0.6306342889628848,0.07,4.54
53318.5,0.6839115449704875,0.286739823774258,0.35422853910338,0.6047267116056201,7.56,19.23
53106.0,0.5038386923680191,0.2841504946213309,0.3914580681657474,0.6394867213514172,43.68,50.17
53682.75,0.2785322161225079,0.2728039353478566,0.4329656342808655,0.643791115081621,84.12,81.84
55443.5,0.0767325710983613,0.280744905130007,0.4859637957856031,0.7764151709575245,106.01,99.9
57004.25,0.0023166302059685,0.3277744742959079,0.5391033800028284,0.7343458133679851,145.72,121.21
55075.5,5.159532752713915e-06,0.3712741229255635,0.5550841465139301,0.6584098107691059,108.84,97.89
51209.25,0.0,0.3858857235526244,0.5486847687738651,0.6542678469909852,91.07,81.29
47143.0,0.0,0.3697983674793232,0.5333757601470797,0.6534556972305693,87.8,79.14
43496.25,0.0,0.3443537488512893,0.4833121199264601,0.6004223178754162,87.08,73.77
38557.0,0.0,0.3406778744797016,0.4451279875548013,0.6197514821733128,88.29,73.02
36875.0,0.0,0.3001027082545002,0.3577641069155706,0.58880857630147,85.3,70.23
35749.75,0.0,0.2666090058922103,0.3156201385942582,0.5783318443921059,82.0,66.85
35077.25,0.0,0.2308232877452835,0.2804412388629614,0.6035084869649964,82.19,66.75
35168.5,0.0,0.2124114817017136,0.2683495969452694,0.5937626898400065,86.38,65.25
36172.0,0.0,0.2032596356559814,0.2683495969452694,0.6070007309347843,89.48,67.65
38384.75,0.0001289883188178,0.2026920374074274,0.2809362183566681,0.5953869893608381,99.69,77.21
40763.25,0.0387687291038923,0.2023731012487161,0.2961745156272097,0.5976610086900024,97.76,75.94
44122.75,0.2037809056011887,0.1769555111087085,0.2825979352283976,0.5918947453910501,85.3,69.31
46939.75,0.4355471168530977,0.1243040164333207,0.2648140291330788,0.6084626005035328,60.99,53.32
48006.25,0.6448693606307013,0.0722147143088815,0.2428935086974968,0.6074068058149923,22.0,22.02
47244.75,0.7913433359474966,0.0589058868046921,0.2129472493282421,0.5415414602452693,3.15,5.43
45711.5,0.8659037437569653,0.0667117141467106,0.1879861405741762,0.5379680012994397,0.0,0.59
43958.75,0.8724202336236431,0.0751554138061516,0.1681162494696648,0.5373182814911069,-3.36,-1.84
42244.25,0.8109598794733149,0.0783393696956592,0.1318059680384669,0.5352879070900675,-3.95,-0.18
41848.5,0.6891897469765138,0.0788420995729499,0.1294371376042992,0.5552667911962966,1.09,8.73
42013.5,0.5056496883642217,0.0770960592464457,0.1350233347475604,0.5909201656785511,47.26,45.54
43354.5,0.2754674536673959,0.0789934591058976,0.1467614198840333,0.6435474701534963,97.19,76.87
45328.5,0.0728526024683204,0.1016865776528461,0.1671616461603733,0.76488264435962,127.5,103.61
46771.25,0.0019812605770421,0.1483972106600356,0.2079267430349314,0.7622025501502477,141.99,119.86
45920.25,5.159532752713915e-06,0.1887345261906049,0.2406307452976948,0.6891902866888654,112.5,95.56
43318.0,0.0,0.201000054056976,0.2475251025314665,0.6474457890034923,95.93,76.26
40848.25,0.0,0.1935618141521163,0.2423985292037901,0.620482416957687,93.6,76.27
38188.75,0.0,0.1758851829828639,0.225427803705275,0.5799561439129376,88.3,72.89
36016.0,0.0,0.158511270879507,0.2426106632725215,0.6160155932754,97.73,86.41
33935.5,0.0,0.1321476836585761,0.1886578984584924,0.6277917648014294,90.05,79.53
32769.75,0.0,0.1118006378723174,0.14725639937774,0.6415170957524567,89.99,77.26
32413.25,0.0,0.0930104329963781,0.1138806392306604,0.6143912937545684,89.5,73.53
32501.25,0.0,0.0833234228877236,0.0855960967331353,0.6446032648420369,90.75,71.29
32971.5,0.0,0.0759284285637061,0.0759793522839768,0.6514253228295298,90.65,70.18
34332.0,0.0001135097205597,0.0755013784528893,0.0727619855748833,0.6831803784617884,94.88,73.64
35893.0,0.0339342469145994,0.0725714903508297,0.0691557064064488,0.7508324535044262,97.31,74.59
39327.5,0.1868576381722871,0.0649818909130223,0.0674586338565973,0.6588158856493137,86.48,73.43
41981.25,0.406633095306889,0.0471052489323747,0.0640291330787724,0.5773572646796069,62.79,57.73
43535.75,0.6068642423742105,0.0221255202983945,0.0617310140008485,0.5424348249817267,26.17,21.08
43925.0,0.7407437982416313,0.0145629493486134,0.0560033941450997,0.5483635182327621,11.13,10.3
43065.5,0.8014869773393322,0.0153143413157467,0.0492151039456936,0.5221310809713311,7.69,7.38
41273.75,0.7924319973583193,0.0167414454835396,0.0423914580681657,0.5069438804515553,-0.08,1.91
39785.75,0.7175104222561605,0.0193415860316773,0.0397397822090227,0.5101924794932186,0.01,3.42
39540.0,0.5972365542576464,0.0185847883669387,0.0392801583934379,0.5145780881994639,9.66,12.21
40403.5,0.4217814834688571,0.0174820260554624,0.0404822514495828,0.5918135304150085,61.6,57.54
42443.25,0.2177426012300326,0.0195470025406778,0.0429217932399943,0.6835052383659547,106.27,87.84
45033.75,0.0569457629917034,0.0295907886912806,0.0504171970018385,0.7081945910825956,132.23,112.5
46169.25,0.001460147769018,0.0485972214714308,0.0585843586479988,0.8093884512304069,157.18,123.08
45475.5,0.0,0.0644034812692578,0.0665040305473059,0.7859985381304313,126.11,106.05
43069.0,0.0,0.0649116168441537,0.0725144958280299,0.6539429870868189,109.54,92.49
41259.0,0.0,0.0672739066976593,0.0753075943996605,0.6186144725087306,98.72,85.82
38611.75,0.0,0.0672847180928698,0.0730094753217366,0.5870218468285552,92.0,81.02
36880.5,0.0,0.0567922590410292,0.0707467119219346,0.5741898806139852,90.8,71.66
35791.75,0.0,0.0525920320017298,0.0548720124451987,0.5961179241452124,84.08,67.08
35232.5,0.0,0.0495053786691172,0.0398458492433884,0.5896207260618858,85.2,67.32
35196.0,0.0,0.0431266554948916,0.0246075519728468,0.5688296921952408,87.15,67.32
36347.5,0.0,0.0432455808422076,0.015839343798614,0.5745959554941932,86.93,66.32
40261.0,0.0,0.0461538461538461,0.010924904539669,0.6156907333712337,97.3,75.82
48795.75,4.127626202171132e-05,0.0495270014595383,0.0089803422429642,0.7083570210346788,133.4,99.1
54084.0,0.0218970570025178,0.0525271636304665,0.0096167444491585,0.785836108178348,203.73,147.45
57761.75,0.1218939612828662,0.0518460457322017,0.0132937349738367,0.6637699991878503,151.33,115.4
59029.0,0.2800852354810748,0.049932428779934,0.0181728185546598,0.5922196052952164,109.99,93.03
60283.0,0.4238659347009534,0.0434780258392345,0.025279309857163,0.5923820352472996,94.66,77.29
60624.5,0.5254984108639121,0.0393642899616195,0.0291330787724508,0.595793064241046,80.16,66.86
59854.25,0.5790182441078136,0.0418455051624412,0.0333050487908358,0.591732315438967,78.94,62.37
58428.0,0.5785487266273166,0.0461592518514514,0.038891245934097,0.5648501583692033,76.55,62.2
55926.75,0.5107885829859248,0.051500081085464,0.04302786027436,0.5410541703890197,76.77,61.48
55316.5,0.412024807033475,0.0544191577923131,0.0479069438551831,0.5602209047348331,80.98,61.64
54360.5,0.2763136170388409,0.0558246391696848,0.0560387498232216,0.6380248517826688,102.25,76.4
55224.0,0.1326928633342964,0.0563598032326071,0.0692617734408145,0.7233817916023715,136.01,98.84
55899.75,0.0337691418665125,0.0602248770203794,0.0894498656484231,0.7362137578169414,240.26,161.84
56397.0,0.0008564824369505,0.0721714687280393,0.115153443643049,0.8690814586209697,328.39,217.52
54311.0,0.0,0.086210065408941,0.1444279451279875,0.7943636806627142,178.64,131.92
50575.75,0.0,0.0942753662360127,0.1791825767218215,0.6695362624868025,116.71,88.08
46706.25,0.0,0.1049408076112222,0.2098005939753924,0.6376187769024608,100.93,76.61
43007.0,0.0,0.1117627979890805,0.2351152595106774,0.6212133517420613,91.54,71.15
41164.0,0.0,0.1233796421428185,0.1438976099561589,0.6833428084138715,88.2,71.52
39422.5,0.0,0.1313800745986269,0.1283057559043982,0.6883781369284496,82.51,66.11
38560.75,0.0,0.1311692523920211,0.1219417338424551,0.6580037358888979,83.69,64.58
39075.75,0.0,0.118590194064544,0.1263611936076934,0.6402176561357914,85.02,63.92
40162.25,0.0,0.1164819719984864,0.146902842596521,0.6541866320149435,83.26,61.05
43478.25,0.0,0.1204443483431536,0.170308301513223,0.6635263542597255,88.29,68.14
51423.0,2.063813101085566e-05,0.120822747175523,0.1721467967755621,0.7859173231543897,110.75,85.84
56107.5,0.0108814545754736,0.1268825341910373,0.1868901145523971,0.8247380817022659,141.96,112.02
59212.0,0.0754633260411937,0.1292177955565165,0.193713760429925,0.7425485259481849,127.4,104.78
60256.25,0.1875335369628926,0.1301962268230715,0.1991585348606986,0.744660115325266,106.02,84.54
61084.5,0.3001042225616048,0.135985728958322,0.2075378305755904,0.7198895476325834,92.61,71.57
61756.75,0.3890442481528873,0.1565598140440023,0.2190991373214538,0.733777308535694,83.87,63.95
60551.0,0.4434979568250299,0.1859776204119141,0.2472776127846132,0.6807439291805409,75.75,61.93
59353.5,0.4584760804061584,0.2176820368668576,0.2935935511243105,0.642248030536831,68.99,57.13
57687.75,0.4321469847690593,0.2412562841234661,0.3631381699901004,0.6160968082514415,61.59,53.03
56816.25,0.3700778057539109,0.2551435212714201,0.4084287936642625,0.6297409242264274,74.94,59.51
55558.5,0.2681151194947785,0.2607330125952754,0.4643968321312403,0.6437099001055795,83.27,64.72
56490.75,0.1397253064762455,0.2607167955024596,0.5318201103097158,0.6610899049784781,104.04,76.6
57094.5,0.0355852973954678,0.2735715444078058,0.6000919247631169,0.6688053277024283,119.05,95.94
58636.25,0.0006913773888636,0.3130547597167414,0.6738085136472918,0.6934134654430277,124.13,105.84
57261.25,0.0,0.3640521109249148,0.739782209022769,0.6379436368066271,101.7,88.08
53665.25,0.0,0.416357640953565,0.7665464573610522,0.6398115812555836,80.44,72.57
50045.25,0.0,0.4454673225579761,0.754171970018385,0.6368878421180866,74.48,67.78
45976.5,0.0,0.4602573112060111,0.7422924621694245,0.6320149435555916,60.58,56.35
43796.0,0.0,0.4909184280231364,0.8327676424833829,0.6169089580118574,51.48,43.3
42472.75,0.0,0.4748959403210984,0.7978715881770613,0.6182896126045643,42.18,40.3
41708.75,0.0,0.4636304665117033,0.7836586055720549,0.6262486802566394,39.2,35.16
42112.75,0.0,0.4506946321422779,0.8012657332767642,0.6058637212702023,39.45,32.02
43081.0,0.0,0.4340396778204227,0.8279946259369255,0.6666125233493057,54.77,38.17
46395.75,0.0,0.4117411751986594,0.8475463159383397,0.6641760740680581,63.95,45.61
53876.5,2.063813101085566e-05,0.4067733390994107,0.8524961108754066,0.6428165353691221,78.34,60.12
58064.75,0.0172792751888389,0.397453916427915,0.8574105501343515,0.6993421586940631,83.77,70.03
60895.5,0.1109660709126181,0.3753986701983891,0.8552892094470372,0.6341265329326727,88.15,69.39
61551.0,0.2536271515251578,0.3747013352073085,0.834217225286381,0.6571103711524405,70.32,59.97
62725.25,0.3680294712510835,0.3867884750527055,0.79302786027436,0.6263298952326809,49.46,46.83
63790.0,0.4343449457217154,0.3962106059787015,0.7528284542497525,0.6290099894420531,25.24,35.94
63365.25,0.4514539563297148,0.3930428671820098,0.7216447461462311,0.6215382116462276,19.1,31.44
61693.5,0.4275807982829075,0.3809881615222444,0.671828595672465,0.622431576382685,18.78,31.03
59456.0,0.3729826226936888,0.3609168063138548,0.5186677980483666,0.5963615690733371,55.53,43.13
57965.5,0.2979630164692285,0.3263635872209308,0.4165959553104228,0.6104117599285308,72.23,49.98
56875.75,0.2013610847401659,0.2882588248013406,0.3040588318483948,0.6398115812555836,89.69,63.44
57281.25,0.0960498617245222,0.2568192875290556,0.2235185970866921,0.6740030861690895,107.85,83.77
57900.0,0.021081850827589,0.2441050867614465,0.1823292320746712,0.6996670185982296,156.2,114.45
57860.5,0.0005262723407768,0.2577544732147683,0.16691415641352,0.7656947941200357,195.42,136.62
55864.25,0.0,0.2854640791394129,0.1678334040446895,0.7920896613335499,131.84,95.97
52547.75,0.0,0.3148602627169036,0.17822797341253,0.6623081296191018,96.61,76.53
48217.5,0.0,0.3332828801556841,0.1847334181869608,0.6659628035409729,91.64,72.85
44149.5,0.0,0.3552570409211308,0.1953401216235327,0.6093559652399902,82.22,66.12
42014.25,0.0,0.3486350613546678,0.3114128128977513,0.6227564362868513,66.02,54.27
40387.0,0.0,0.3795718687496621,0.3602036487059822,0.613497929018111,58.78,47.47
39667.0,0.0,0.4148170171360614,0.3938268985999151,0.5970112888816698,52.34,43.78
40726.25,0.0,0.4357370668684793,0.3441168151605148,0.6002598879233331,49.87,41.82
42285.75,0.0,0.4684091031947673,0.3626431904963937,0.6307155039389264,45.53,39.41
45752.75,0.0,0.5032812584464025,0.4159949087823504,0.6344513928368392,49.71,44.77
53728.5,5.159532752713915e-06,0.5426996053840748,0.4741549992928864,0.6473645740274506,72.03,61.45
58738.0,0.0031473149791554,0.5782636899291853,0.4984089944845142,0.6712417769836758,85.2,72.3
61906.0,0.0232694927147397,0.6044651062219579,0.5263753358789421,0.6688053277024283,83.4,72.33
62456.25,0.0687868906591819,0.6467214444024001,0.5171475038891246,0.6536181271826524,67.33,60.55
63876.5,0.1190871754653898,0.681058435591113,0.5068943572337717,0.6716478518638836,49.23,46.37
65057.0,0.16081747636934,0.7123628304232661,0.522662989676142,0.6167465280597743,31.62,35.52
64977.75,0.1973572873240599,0.731401697389048,0.5557559043982464,0.622025501502477,17.0,23.18
64910.25,0.2127636521236637,0.7377750148656684,0.5526092490453967,0.6117111995451961,12.08,19.24
63168.25,0.2007883766046146,0.7248662089842695,0.5653372931692829,0.6280354097295542,12.68,23.2
61042.75,0.171564783093243,0.6959511324936483,0.5813180596803846,0.6087062454316576,37.9,37.01
59456.25,0.1230393775539687,0.6528677225795989,0.5982887851788997,0.6352635425972549,54.91,46.13
60134.5,0.0610682296611218,0.6218444240229202,0.61405741762127,0.7611467554617072,73.65,57.86
60503.25,0.014534403764395,0.6060219471322774,0.6413873568095037,0.8692438885730529,80.0,68.8
61162.5,0.0004179221529698,0.6001513595329477,0.6527718851647575,0.7380817022658979,89.0,75.36
58463.5,0.0,0.6118438834531597,0.6496252298119078,0.6940631852513603,78.93,69.37
54260.0,0.0,0.6413427752851506,0.6425894498656485,0.6870786973117843,62.84,55.1
50152.5,0.0,0.6553056921995783,0.6428722952906236,0.6686428977503451,53.72,48.64
46540.5,0.0,0.6743932104438077,0.6487413378588601,0.6569479412003574,36.3,36.33
45801.25,0.0,0.6881561165468404,0.6183354546740206,0.6566230812961911,-0.06,5.93
44729.0,0.0,0.7244932158495054,0.6621057841889407,0.642248030536831,0.04,3.78
43723.25,0.0,0.7749824314827829,0.6680101824352991,0.6558921465118168,-0.01,2.1
44089.25,0.0,0.7771663333153144,0.6799957573186254,0.6584910257451474,-0.59,1.63
45250.5,0.0,0.7615114330504351,0.7325342950077782,0.6550799967514009,-0.2,5.01
48932.0,0.0,0.7627763662900697,0.7543841040871164,0.6629578494274344,-0.03,11.3
57453.5,2.063813101085566e-05,0.7924806746310611,0.7007141846980625,0.7047835620888492,0.0,24.24
61298.75,0.0198590415651958,0.8192388777771772,0.6738438693254136,0.7341021684398603,25.92,40.41
63786.5,0.1316506377182482,0.8100005405697606,0.692582378730024,0.7142044993096727,39.92,41.39
63612.75,0.2983190242291658,0.8218444240229201,0.6874911610804695,0.6943068301794851,5.53,22.73
65004.75,0.4224780203904734,0.8507811233039624,0.504136614340263,0.6969057094128157,-0.09,14.36
64489.0,0.497853634374871,0.8573058003135304,0.4816150473766087,0.7099001055794688,-3.75,11.32
62793.0,0.5316640525034053,0.8494513216930645,0.493565266581813,0.6876472021440754,-5.56,8.67
60826.75,0.514823337598547,0.8447483647764744,0.5220972988261915,0.6623893445951433,-6.32,7.41
59015.25,0.4366873735914475,0.8272068760473539,0.5123037759864234,0.6516689677576545,-5.05,10.11
58957.5,0.3374747182895117,0.8326828477214985,0.5258096450289916,0.6497198083326565,-0.11,15.58
58558.25,0.2205855037767779,0.8283528839396724,0.6877032951492009,0.643791115081621,0.0,21.73
58597.0,0.1031803359887728,0.7995242986107357,0.7481615047376609,0.6737594412409649,37.83,45.38
59250.25,0.0225626367276179,0.7658197740418401,0.7985079903832556,0.7350767481523593,62.55,59.22
59441.75,0.0003198910306682,0.7431699010757338,0.8236812332060529,0.7346706732721514,60.47,67.19
57299.75,0.0,0.7388129088058814,0.8331211992646019,0.7077885162023877,59.57,57.99
54838.75,0.0,0.747072814746743,0.8346414934238439,0.6959311297003168,33.09,39.51
51536.5,0.0,0.720941672522839,0.8418186960825909,0.654105417038902,26.03,35.46
48173.5,0.0,0.6848478296124115,0.8265803988120493,0.6458214894826606,25.0,28.79
45033.0,0.0,0.6894967295529488,0.7622684203083016,0.6559733614878583,1.77,5.43
43536.75,0.0,0.6301043299637819,0.8194739075095461,0.6617396247868107,3.03,4.95
42319.5,0.0,0.592869884858641,0.8133927308725781,0.6685616827743036,3.29,4.04
41607.0,0.0,0.5291258986972269,0.8423843869325414,0.6642572890440998,3.16,4.0
41318.0,0.0,0.4905670576787934,0.8942158110592561,0.6463087793389101,3.27,4.33
42374.25,0.0,0.4505757067949619,0.9340616603026446,0.6483391537399497,4.15,5.41
44246.5,2.063813101085566e-05,0.4181144926752797,0.9533658605572056,0.6463899943149517,11.96,12.72
46407.25,0.0108453378462046,0.3885831666576572,0.9532951492009616,0.6914643060180298,22.28,25.55
49878.5,0.0902711850414826,0.3578193415860317,0.9552750671757884,0.6874847721919922,26.21,28.66
52363.75,0.2224480951005077,0.344683496405211,0.9364658464149342,0.6666125233493057,18.91,23.06
53043.5,0.34479093573286,0.3586734418076653,0.9030193749116108,0.6547551368472346,9.75,10.69
53220.5,0.4310118875634622,0.3817665819774042,0.8683354546740206,0.643791115081621,3.78,8.61
53083.5,0.4779171998183844,0.4013406130061084,0.8496323009475322,0.6594656054576464,0.65,2.68
50998.5,0.4840725223923721,0.4136872263365587,0.8286663838212417,0.6676683180378462,0.0,0.77
49303.0,0.4550501506583563,0.4218876696037623,0.7305190213548296,0.6735157963128401,0.0,0.95
48751.5,0.3945391505345276,0.4231796313314233,0.7373426672323575,0.6701047673190936,0.06,2.66
48675.75,0.2845998266396995,0.413633169360506,0.766228256257955,0.6574352310566068,9.82,16.26
50282.5,0.1448177653031741,0.3729823233688307,0.8374699476735964,0.697230569316982,63.23,49.13
51276.25,0.0328094687745077,0.3158819395643008,0.8669212275491444,0.7525379680012995,80.28,66.72
52410.5,0.0003044124324101,0.281117898264771,0.874593409701598,0.75205067814505,100.08,82.69
50541.75,0.0,0.2677279852965025,0.8607339838778107,0.722894501746122,96.31,78.26
47408.75,0.0,0.2672793123952646,0.8382477725922783,0.7207016973929993,80.7,64.93
45340.5,0.0,0.2619817287420942,0.8063215952481969,0.7195646877284171,80.28,63.94
42949.75,0.0,0.2559435645170009,0.7535002121340687,0.6911394461138634,74.73,58.44
40418.25,0.0,0.2665657603113682,0.61479988686183,0.6783074798992934,60.66,54.5
38904.5,0.0,0.2500513541272501,0.5741055013435158,0.6687241127263868,45.5,50.16
38030.5,0.0,0.2400237850694632,0.4963937208315656,0.668480467798262,44.16,44.46
37543.25,0.0,0.2295637602032542,0.5168293027860275,0.6679931779420125,43.35,45.62
37202.0,0.0,0.2104167792853667,0.401039456936784,0.6866726224315763,57.74,48.84
37769.75,0.0,0.1788096653873182,0.3715174657049922,0.6763583204742954,73.63,54.33
38842.75,1.5478598258141743e-05,0.1530298935077571,0.2846485645594682,0.6810687890847072,77.0,56.87
40180.25,0.0193482478226771,0.1245797070111898,0.2257813604864941,0.7103873954357184,98.0,66.53
43243.5,0.1474181698105419,0.0934753229904319,0.1846980625088389,0.6667749533013888,96.88,64.83
45543.25,0.3637780162628472,0.0660251905508405,0.1570145665393862,0.6594656054576464,54.43,34.3
47593.25,0.5508678334090065,0.0428833991026542,0.1694244095601753,0.6686428977503451,1.33,4.43
48166.5,0.6587485037355018,0.0361857397697172,0.1996888700325272,0.7012101031430196,0.0,2.27
47608.5,0.6889008131423618,0.038629115087302,0.2289987271955876,0.7152602939982132,-0.01,1.9
45878.25,0.6616481611425269,0.0421698470187577,0.2478786593126856,0.6830179485097052,-0.5,1.37
44596.5,0.5898068270937384,0.0479161035731661,0.2580257389336727,0.6800129943961667,-0.45,1.9
44220.0,0.4837113550996821,0.0531704416454943,0.2419035497100834,0.6830179485097052,0.0,2.91
43369.5,0.3311336525364263,0.0600248662089842,0.210330929147221,0.7101437505075936,43.24,35.74
45782.5,0.1554412432410121,0.071166008973458,0.1755409418752651,0.7535125477137984,94.01,67.33
48066.75,0.0311893754901556,0.0937239850802746,0.1635553669919389,0.7959067652075043,152.59,99.98
49205.0,0.0002476575721302,0.1337261473593167,0.1870315372648847,0.7493705839356778,167.32,119.5
47214.0,0.0,0.1864965673820206,0.2484443501626361,0.7247624461950783,109.61,84.18
44916.5,0.0,0.2396778204227255,0.336868901145524,0.7017786079753107,80.13,66.92
43425.0,0.0,0.281528731282772,0.4489817564700891,0.6636887842118087,64.3,59.37
41648.75,0.0,0.3168441537380398,0.5723377174374205,0.6433850402014132,37.39,40.22
40173.25,0.0,0.396572787718255,0.7661575449017112,0.6424916754649558,19.0,23.96
39491.0,0.0,0.4004270501108168,0.810033941450997,0.64322261024933,11.45,16.92
39075.5,0.0,0.4203254229958376,0.8360203648705982,0.6385933566149598,8.4,14.27
39412.25,0.0,0.4181685496513325,0.8160444067317211,0.6403800860878746,5.53,12.59
41428.25,0.0,0.4284069409157252,0.7982958563145242,0.640704945992041,5.61,14.3
45292.25,0.0,0.450537866911725,0.785143544053175,0.6444408348899537,16.98,31.48
54286.75,2.579766376356957e-05,0.4910643818584788,0.779840192334889,0.6760334605701291,45.64,64.51
59708.0,0.0113767697197341,0.4999351316287367,0.7981897892801584,0.7249248761471615,90.42,87.05
62625.5,0.0899822512073306,0.4862857451754149,0.8057205487201244,0.7089255258669699,93.55,80.73
62694.5,0.226230032608247,0.4573598572895832,0.8028567387922501,0.6791196296597093,68.46,56.14
63550.25,0.3465606554670409,0.429461051948754,0.8007707537830575,0.6642572890440998,44.41,37.7
63818.0,0.4387924629545548,0.4475917617168495,0.7614198840333758,0.648664013644116,20.91,22.02
62801.25,0.4875500474677013,0.4781663873722904,0.7603592136897186,0.6262486802566394,9.28,14.36
62090.5,0.4859712304453709,0.5011243851018974,0.7648493848112007,0.6351011126451718,2.06,13.98
61023.25,0.436769926115491,0.5154494837558787,0.7338070994201669,0.6449281247462032,7.63,20.71
60400.75,0.3458950757419408,0.5235904643494242,0.7450148493848112,0.649638593356615,21.96,25.31
59942.0,0.2247544062409708,0.5254446186280339,0.7681728185546599,0.6775765451149192,35.13,46.72
60531.25,0.0967825153754076,0.5222012000648684,0.8001697072549852,0.7045399171607244,64.6,59.89
62390.25,0.0165672596689643,0.5424779717822585,0.8127916843445058,0.6960123446763583,70.36,70.77
63684.0,0.0001702645808395,0.5840153521811989,0.8302220336586056,0.6903272963534476,64.24,81.79
60794.75,0.0,0.616806313854803,0.8401216235327393,0.6399740112076667,42.35,59.16
56577.25,0.0,0.6334072112006054,0.8424550982887852,0.6623081296191018,21.93,35.63
53865.25,0.0,0.6202713660197848,0.8418894074388347,0.6769268253065865,20.01,30.76
50903.75,0.0,0.6104924590518407,0.8391670202234479,0.6632014943555592,9.84,18.23
46034.0,0.0,0.6043948321530893,0.4798472634705134,0.6835864533419963,3.21,15.79
44656.75,0.0,0.5774960808692362,0.5964149342384387,0.686753837407618,0.07,12.82
44192.75,0.0,0.5562733120709228,0.758308584358648,0.6747340209534638,0.05,12.78
44182.5,0.0,0.5243148278285312,0.7582025173242822,0.6659628035409729,0.02,12.58
45039.5,0.0,0.5144494296989026,0.717897044265309,0.6766019654024202,0.09,13.26
48204.25,0.0,0.4985783015298124,0.6752580964502899,0.6882157069763665,6.8,20.57
55353.0,5.159532752713915e-06,0.4739012919617276,0.6729953330504879,0.7012913181190612,63.96,59.35
59896.75,0.0073316960416064,0.4491215741391426,0.6236388063923066,0.7780394704783562,103.35,82.27
62264.0,0.0668675444751723,0.4202659603221795,0.588389195304766,0.7562738568992122,114.98,87.46
62751.25,0.1613901845048912,0.3989945402454187,0.5659383396973554,0.6969869243888573,100.41,78.55
63718.0,0.2546951748049696,0.3844964592680685,0.5551195021920521,0.7759278811012751,76.48,64.07
64185.0,0.3267635282948776,0.3686253310989783,0.5578772450855607,0.7083570210346788,68.21,55.44
63576.25,0.3674516035827795,0.3490999513487215,0.5866567670767925,0.7340209534638187,58.6,51.32
63073.0,0.368416436207537,0.3286177631223309,0.6322302361759299,0.7047023471128075,55.66,50.94
61558.0,0.3237864778965617,0.3087734472133628,0.6686465846414934,0.6696174774628442,56.51,53.99
60214.75,0.2574864820241879,0.2835828963727769,0.7126997595813888,0.6597904653618127,62.18,59.75
59177.5,0.1667406199694555,0.2517703659657279,0.765450431339273,0.6940631852513603,98.94,70.99
59263.0,0.074230197713295,0.2211687118222606,0.8125441945976524,0.7929018110939657,109.58,93.06
60098.0,0.0138894621703058,0.2018325314881885,0.8427379437137604,0.8092260212783238,133.9,116.21
60948.0,0.0001393073843232,0.1951889291313044,0.8560316786875972,0.8692438885730529,136.51,130.62
58265.25,0.0,0.1932645007838261,0.8600268703153726,0.8276618208397628,118.54,99.43
54801.25,0.0,0.1908373425590572,0.8616885871871023,0.7377568423617316,92.3,78.05
50857.5,0.0,0.1807611222228228,0.8609107622684203,0.7311784293023633,91.45,74.02
47353.5,0.0,0.1723822909346451,0.8566680808937915,0.6970681393648989,76.24,64.32
44760.5,0.0,0.1660468133412617,0.7358223730731155,0.6893527166409485,85.44,72.81
43370.0,0.0,0.1629925941942807,0.7916136331494839,0.6833428084138715,80.88,67.6
42997.25,0.0,0.1578301529812422,0.8395559326827888,0.6675871030618046,77.09,67.11
43516.5,0.0,0.1650900048651278,0.8639159949087823,0.6751400958336717,74.93,64.69
44322.75,0.0,0.1722255257040921,0.8698557488332627,0.7103873954357184,77.14,63.55
47082.0,0.0,0.1797826909562679,0.8597440248903974,0.7179403882075854,81.1,69.35
54907.75,1.031906550542783e-05,0.1886804692145521,0.8656837788148777,0.6993421586940631,96.53,94.64
59691.0,0.0035910347958888,0.2021136277636629,0.8854476028850233,0.7443352554210997,118.83,114.43
62068.0,0.0391402154620877,0.2032758527487972,0.8861900721255833,0.7541622675221311,135.7,129.42
62808.5,0.1072150906013951,0.2041191415752203,0.8900084853627492,0.7586290912044181,117.59,106.62
63555.5,0.183865109175713,0.2064219687550678,0.8900438410408712,0.7176155283034191,103.21,85.91
63931.75,0.2450984438849217,0.2107032812584464,0.8649059538961957,0.675871030618046,96.52,78.73
63961.75,0.2851983324390143,0.2104059678901562,0.8344647150332344,0.7113619751482173,90.45,78.93
63031.0,0.3012083625706856,0.210833018000973,0.7927450148493849,0.7325590838950703,86.44,79.3
61059.5,0.2772784496635985,0.2077085247851235,0.7244378447178617,0.7163973036627954,78.87,78.65
59390.5,0.2352488958599909,0.2093626682523379,0.6995120916419177,0.7033216925201007,82.07,82.8
57737.0,0.1663949312750237,0.2100762203362343,0.6769198133220196,0.6938195403232356,81.51,87.82
57763.75,0.0789460106492756,0.2081409805935456,0.6709800593975392,0.7574108665637944,100.1,102.84
58733.25,0.0136624427291864,0.20979512406076,0.6819049639372083,0.8218955575408106,117.01,119.95
59726.0,9.803112230156435e-05,0.2193253689388615,0.700537406307453,0.8374076179647527,130.07,131.87
56792.5,0.0,0.227796097086329,0.7196294724932825,0.7613091854137903,114.37,108.4
53219.0,0.0,0.2332450402724471,0.7149625229811908,0.7137984244294648,96.54,90.88
49138.25,0.0,0.2291961727660954,0.6983453542638948,0.7081945910825956,93.3,85.58
45385.5,0.0,0.2249743229363749,0.6629543204638665,0.7127426297409242,85.0,76.84
42842.75,0.0,0.2380290826531164,0.563816999010041,0.6891902866888654,67.33,63.66
40829.5,0.0,0.2312773663441267,0.523794371376043,0.6802566393242914,65.86,59.05
39857.0,0.0,0.227601491972539,0.5065761561306746,0.6800942093722082,65.14,59.96
39683.5,0.0,0.2328071787664198,0.5188092207608542,0.6846422480305369,64.18,56.3
39731.25,0.0,0.2423049894588896,0.5227337010323858,0.6734345813367985,63.98,55.22
39661.75,0.0,0.2566571166008973,0.5486140574176213,0.6946316900836514,64.4,60.29
40031.75,1.031906550542783e-05,0.2733445051083842,0.5727266298967614,0.6860229026232437,65.43,77.71
41981.5,0.0046435794774425,0.2766636034380236,0.5720548720124452,0.6858604726711606,73.37,99.14
45013.25,0.0577816072976431,0.2628682631493594,0.547199830292745,0.7062454316575977,76.67,101.75
47588.0,0.1507460684360424,0.2365100816260338,0.5160514778673455,0.7035653374482255,72.9,86.63
49670.25,0.2420078837660461,0.2263689929185361,0.4998585772875124,0.694144400227402,69.28,74.19
52142.75,0.3113055681677467,0.2358559922157954,0.4804129543204639,0.6733533663607569,63.04,67.22
51999.5,0.3441563132042762,0.2450024325639223,0.4668010182435299,0.6792820596117924,47.09,58.47
49999.0,0.342608453378462,0.2481971998486404,0.4518102107198416,0.6993421586940631,33.98,50.21
48724.25,0.3168520658769141,0.25200821666036,0.4275915712063357,0.724437586290912,39.14,53.96
48549.0,0.2628472365542576,0.2573868857776096,0.4091712629048225,0.7198083326565419,51.36,62.99
47856.25,0.1801089693317373,0.2556138169630791,0.3856950926318767,0.7498578737919273,66.04,75.61
47979.25,0.0835431543319437,0.2432617979350235,0.3667444491585349,0.8245756517501828,89.7,92.58
49732.0,0.0135850497378957,0.2368128006919292,0.3499151463725074,0.8613660358970194,110.07,110.15
50778.75,5.159532752713914e-05,0.2455754365100816,0.332696931127139,0.9422561520344352,115.32,123.54
48772.75,0.0,0.2533866695497054,0.314559468250601,0.79363274587834,108.28,109.29
46498.0,0.0,0.2580517865830585,0.2929571489181162,0.7751969463169008,98.76,92.22
44398.5,0.0,0.2529325909508622,0.2644251166737378,0.7198895476325834,90.96,84.66
41349.0,0.0,0.2457159846478188,0.2280441238862961,0.7111995451961342,81.46,76.14
39111.0,0.0,0.2178009622141737,0.1601965775703578,0.681880938845123,73.9,71.85
38360.0,0.0,0.2117357695010541,0.1161787583085843,0.6821245837732478,72.52,69.28
37953.75,0.0,0.20332990972485,0.0976523829727054,0.6857792576951189,72.1,68.9
38660.25,0.0,0.1995405157035515,0.09365719134493,0.6858604726711606,72.0,69.21
39833.75,0.0,0.1942104978647494,0.094010748126149,0.6843173881263706,72.33,67.72
41769.75,0.0,0.1856965241364398,0.0926318766793947,0.6848858929586615,77.1,72.97
46375.5,5.159532752713915e-06,0.180393534785664,0.0934804129543204,0.7457159100138065,103.0,92.63
50070.25,0.004741610599744,0.1737337153359641,0.0860203648705982,0.916429789653212,126.54,128.35
52835.0,0.0523640979072935,0.1617979350235147,0.0787724508556074,0.9330788597417364,141.42,139.82
53953.75,0.1471808313039171,0.1508405859776204,0.0669282986847687,0.8394379923657923,116.27,116.53
54780.75,0.2461045527717009,0.1420130817882047,0.0542002545608824,0.7146105741898806,100.09,92.84
55354.25,0.3214079332975605,0.1406021947132277,0.0436996181586762,0.6813936489888736,85.0,80.1
55631.5,0.3580457753745821,0.138942645548408,0.0371234620280016,0.6728660765045075,75.07,72.73
54445.25,0.3555227638585049,0.1344234823503973,0.0318554659878376,0.6794444895638756,73.49,69.42
52316.75,0.3183896066372229,0.1295151089248067,0.0274713619007212,0.7051084219930155,75.82,69.0
51059.25,0.2603087464399224,0.1255905724633764,0.0231579691698486,0.7158287988305043,79.07,71.04
50686.5,0.1773744169727989,0.1200497324179685,0.0188445764389761,0.7320717940388207,89.8,82.53
51205.0,0.0823719403970776,0.1147143088815611,0.0155564983736388,0.780232274831479,107.1,95.98
52439.5,0.0136727617946918,0.1193956430077301,0.0131169565832272,0.90246081377406,131.97,120.05
53461.25,7.22334585379948e-05,0.1337207416617114,0.0125159100551548,0.9597985868594168,149.02,143.01
50783.5,0.0,0.1415373803989404,0.0129048225144958,0.8263623812230976,123.7,110.35
48113.75,0.0,0.1367749608086923,0.0119855748833262,0.7365386177211077,99.9,89.99
45478.25,0.0,0.1266392777987999,0.0119855748833262,0.7252497360513279,99.9,88.77
42259.75,0.0,0.1143142872587707,0.0112784613208881,0.7201331925607082,90.0,80.05
39813.0,0.0,0.1193415860316773,0.0028638099278744,0.6994233736701048,93.1,84.1
38128.5,0.0,0.103075841937402,0.0030759439966058,0.6796881344920003,84.64,77.65
37342.75,0.0,0.0922752581220606,0.0047023051902135,0.6714854219118005,81.4,75.0
37280.75,0.0,0.0788204767825287,0.0057983312119926,0.6895151465930317,75.54,70.96
37422.75,0.0,0.0692523920211903,0.0079903832555508,0.6804190692763745,75.72,71.16
38506.5,0.0,0.0609384291042759,0.0104652807240842,0.6768456103305449,79.82,73.69
40330.5,5.159532752713915e-06,0.0586193848316125,0.0119855748833262,0.6709169170795095,86.2,78.79
42637.0,0.0044165600363231,0.055927347424185,0.0127280441238862,0.7345894582961098,100.4,89.38
45591.75,0.0604645643290543,0.051343315854911,0.0164757460048083,0.7501015187200519,110.62,96.78
47923.0,0.1714822305691996,0.0451537920968701,0.020011313816999,0.7090067408430114,103.0,88.98
49325.5,0.294996285136418,0.0331044921347099,0.0262339131664545,0.6861041175992854,82.42,73.55
50842.25,0.3948126057704214,0.027287961511433,0.0347546315938339,0.6592219605295216,68.27,62.59
50253.25,0.444127419820861,0.0263960214065625,0.0430632159524819,0.6806627142044993,51.44,52.17
48846.25,0.4433276922441904,0.0273906697659332,0.0481190779239145,0.6794444895638756,38.88,43.66
47745.75,0.3959322243777603,0.0277798799935131,0.0447249328242115,0.6835052383659547,43.49,39.86
46485.75,0.3263507656746605,0.0280231363857505,0.0453966907085277,0.6862665475513685,62.92,52.65
46193.75,0.2218805464977091,0.0290340018379371,0.0499929288643756,0.7086006659628036,77.12,66.66
47227.25,0.1017666240145292,0.031655765176496,0.0615895912883609,0.7006415983107285,99.48,84.52
48983.0,0.0154631196598836,0.0426509541056273,0.083439400367699,0.7717047023471129,148.65,109.92
49822.0,1.5478598258141743e-05,0.0653062327693388,0.1160726912742186,0.8009420937220824,143.28,118.87
47430.25,0.0,0.089658900481107,0.1568377881487767,0.7556241370908796,107.23,93.57
44868.25,0.0,0.1090599491864425,0.2024466129260359,0.6951189799399009,96.56,81.88
43027.25,0.0,0.1257635547867452,0.244343091500495,0.6763583204742954,85.23,76.2
40241.75,0.0,0.1342342829342126,0.2789916560599632,0.6562170064159831,67.0,64.96
37660.75,0.0,0.1439753500189199,0.3643756187243671,0.6736782262649232,67.04,59.67
36257.5,0.0,0.1400183793718579,0.4005091217649554,0.6698611223909688,63.97,54.28
35567.75,0.0,0.1433536947943132,0.3886649695941168,0.668074392918054,62.83,52.3
35024.5,0.0,0.1436996594410508,0.3902913307877245,0.6646633639243077,63.35,49.95
35317.25,0.0,0.1401697389048056,0.3962310847122048,0.6597092503857711,62.71,48.32
35686.0,0.0,0.1343694253743445,0.4153585065761561,0.6594656054576464,63.97,49.2
36397.75,5.159532752713915e-06,0.1378236661441159,0.4495828029981615,0.64322261024933,63.41,50.45
38229.25,0.0061914393032566,0.1461862803394778,0.4636897185688021,0.6672622431576383,72.81,56.61
40746.0,0.0868710529574441,0.1479755662468241,0.4767359637957856,0.6607650450743117,77.2,57.95
43734.75,0.2328600321954843,0.1316827936645224,0.4819332484797058,0.6631202793795176,66.06,51.89
46355.25,0.3838898749329261,0.0998972917454997,0.4740135765803988,0.6625517745472265,35.28,38.11
48211.75,0.5063617038840963,0.0933131520622736,0.4612855324565125,0.6671810281815966,16.68,27.06
48136.5,0.5704224625417922,0.1095843018541542,0.4581742327817847,0.6849671079347032,5.25,20.21
46706.5,0.568513435423288,0.1256392237418238,0.4631947390750954,0.6900836514253228,-0.01,16.58
44889.75,0.5017748792669335,0.1338612897994486,0.4570074954037618,0.6862665475513685,-0.01,15.23
44371.5,0.3971189169108845,0.143899670252446,0.494696648281714,0.6712417769836758,0.2,16.7
43789.5,0.2567280307095389,0.1503000162170928,0.5424975251025315,0.6690489726305531,59.6,49.1
44920.25,0.1070293474222974,0.1568138818314503,0.5956724649978786,0.6956062697961504,90.94,72.77
47494.5,0.0129246295455483,0.1923293150981134,0.655564983736388,0.7205392674409161,106.3,91.22
49068.5,3.0957196516283486e-05,0.2545110546516028,0.7034719275915712,0.6879720620482417,97.22,100.05
47520.0,0.0,0.3050435158657225,0.72737236600198,0.6747340209534638,72.98,85.29
45545.25,0.0,0.3356019244283474,0.7302715316079762,0.6760334605701291,59.37,70.14
44298.0,0.0,0.3445699767555003,0.7343374345919955,0.6798505644440835,58.69,63.31
41669.5,0.0,0.3494405102978539,0.7343020789138736,0.6601965402420207,51.71,55.52
40414.25,0.0,0.3740796799827017,0.7939824635836515,0.6558921465118168,34.58,40.31
39022.0,0.0,0.3718741553597491,0.7683495969452694,0.6526435474701535,35.34,39.12
38442.25,0.0,0.3620303800205416,0.7422217508131806,0.6398115812555836,33.25,37.09
39111.0,0.0,0.3618844261851992,0.7229882619148635,0.6287663445139283,30.15,34.84
41196.5,0.0,0.3659278879939456,0.7444491585348607,0.6428165353691221,36.09,37.8
45100.5,0.0,0.3746743067192821,0.7587682081742327,0.6426541054170389,46.73,49.0
52923.75,5.159532752713915e-06,0.3695226769014541,0.7861688587187102,0.6589783156013969,67.59,75.01
58188.25,0.0051853304164774,0.3521217363100708,0.8026799604016405,0.7525379680012995,100.92,98.41
61222.0,0.0606296693771412,0.3210876263581815,0.8296916984867769,0.7112807601721758,108.32,88.72
62398.5,0.1667457795022082,0.2915292718525326,0.8052609249045397,0.680337854300333,91.86,77.1
63178.25,0.2727174227101994,0.259824855397589,0.8108824777259228,0.6459027044587022,66.09,64.74
63680.25,0.3681429809716432,0.2353640737337153,0.8043063215952482,0.6728660765045075,60.22,58.51
63584.5,0.4257955999504685,0.217611762797989,0.7970584075802574,0.6439535450337042,54.11,53.45
62871.0,0.4395354356709456,0.2053192064435915,0.7748196860415782,0.6219442865264355,43.29,47.98
60831.5,0.4039501382754777,0.1963998053948862,0.7207254985150615,0.6162592382035247,55.0,55.21
58666.5,0.3272743220373963,0.1696091680631385,0.656731721114411,0.6970681393648989,67.01,58.8
57027.5,0.2100548974284888,0.1345856532785556,0.5996323009475322,0.7276049703565337,97.9,79.1
57311.75,0.0840075122796879,0.1116276555489485,0.5293452128411823,0.8326159343782994,120.71,104.53
58635.75,0.0091891278325834,0.1186226282501756,0.4645382548437279,0.936246243807358,237.65,163.1
59514.0,4.127626202171132e-05,0.1438293961835774,0.3962310847122048,0.9286932510354908,229.53,169.7
56382.5,0.0,0.1693875344613222,0.3314241267147504,0.8568179972386908,121.98,111.83
52840.25,0.0,0.1919833504513757,0.2759157120633573,0.7207016973929993,99.93,83.73
49364.75,0.0,0.2119844315908968,0.2272309432894922,0.738650207098189,91.91,78.85
45725.25,0.0,0.2343748310719498,0.1889053882053457,0.7092503857711362,79.12,69.11
42875.75,0.0,0.2151197362019568,0.1276693536982039,0.694144400227402,72.33,63.36
41579.5,0.0,0.2511919563219633,0.13668505161929,0.6806627142044993,67.07,58.66
41518.25,0.0,0.2819557813935888,0.1885164757460048,0.672947291480549,63.99,55.71
41611.0,0.0,0.2996486296556571,0.2766581813039174,0.6741655161211727,59.67,51.87
42905.25,0.0,0.3142926644683496,0.3789775137887144,0.6519126126857793,59.69,51.44
45812.25,0.0,0.330558408562625,0.4866355536699194,0.6616584098107691,67.43,58.8
53942.25,0.0,0.3559381588193956,0.600056569084995,0.6950377649638594,85.97,77.91
59126.0,0.0042720931192471,0.3596518730742202,0.6633078772450856,0.7623649801023309,110.37,95.72
61218.75,0.0594120196475007,0.3314719714579166,0.6738085136472918,0.7198895476325834,106.24,96.51
62195.5,0.1625201221777356,0.2963457484188334,0.6459835949653514,0.6914643060180298,85.0,85.05
63324.0,0.2565732447269575,0.2628520460565436,0.63668505161929,0.6791196296597093,80.33,65.47
64534.5,0.3118576381722871,0.2305151629817828,0.6462664403903267,0.6736782262649232,80.5,53.89
63502.0,0.3277593181161514,0.2050867614465646,0.6508980342242964,0.6735970112888817,76.0,46.23
62224.25,0.3079879886077517,0.1814152116330612,0.6551407155989252,0.6750588808576301,82.53,46.16
60170.25,0.2588692368019152,0.1618790204875939,0.630285673879225,0.7044587021846829,88.39,48.87
59496.0,0.184045692822058,0.1441753608303151,0.5890963088672041,0.7031592625680175,90.08,60.14
58040.0,0.1030307095389441,0.1286826314935942,0.5526092490453967,0.7260618858117437,101.19,74.9
58629.5,0.0377523011516077,0.1219363208822098,0.5185970866921228,0.7748720864127345,126.34,86.97
59878.25,0.0044939530276138,0.132380128655603,0.4790340828737095,0.760984325509624,156.77,116.04
60329.75,0.0,0.153359641061679,0.4666949512091642,0.7999675140095833,168.2,125.88
57080.5,0.0,0.1753446132223363,0.4770188092207608,0.717453098351336,114.41,90.67
53418.0,0.0,0.1949943240175144,0.4793169282986848,0.7019410379273938,94.9,74.68
49333.0,0.0,0.2080544894318612,0.4686748691839909,0.6966620644846909,86.6,67.82
45728.0,0.0,0.2215308935618141,0.4423702446612926,0.6796069195159588,67.6,56.07
43713.25,0.0,0.2559543759122115,0.4109390468109178,0.6817997238690815,61.93,49.31
42560.75,0.0,0.2704308340991405,0.3566327252156696,0.6720539267440916,60.0,45.1
41768.75,0.0,0.2836693875344613,0.2911186536557771,0.6660440185170146,57.48,43.06
42240.0,0.0,0.2945024055354343,0.2808655070004243,0.6589783156013969,54.32,41.23
43044.0,0.0,0.3024649981080058,0.3097510960260218,0.6470397141232843,57.32,43.07
46668.25,0.0,0.3124925671657927,0.3786946683637392,0.6536993421586941,63.87,49.17
53442.5,0.0,0.3226336558732904,0.4398246358365153,0.7034841224721838,86.7,70.17
58730.5,0.005463945185124,0.3354505648953997,0.5037123462028001,0.7631771298627467,111.19,85.26
60939.75,0.0880525859578156,0.3319260500567598,0.5397751378871447,0.72638674571591,110.98,86.48
61297.75,0.2441284517274115,0.3252878533974809,0.5640644887568944,0.6319337285795501,87.0,74.36
62012.75,0.3745098443884921,0.3166819828098816,0.5922783198981757,0.6331519532201738,72.09,62.16
63064.25,0.4413515911999009,0.3215849505378669,0.5893084429359355,0.6307967189149679,59.9,54.47
63257.5,0.4546580261691501,0.3325585166765771,0.5796916984867769,0.6400552261837082,59.8,54.07
62011.75,0.4175403475461262,0.3438185847883669,0.5459977372366002,0.6255989604483067,59.85,53.62
60148.0,0.3286054814875965,0.3502081193578031,0.4317988969028426,0.6074068058149923,67.63,58.16
59237.5,0.237230156437033,0.3531380074598627,0.3651180879649272,0.6114675546170714,77.17,65.39
58658.0,0.1387088785239608,0.3559219417265798,0.3206406448875689,0.7225696418419557,95.0,71.71
59552.5,0.0502899657407025,0.3619547002540678,0.3030335171828596,0.7972062048241696,117.45,88.13
60685.75,0.0047261320014859,0.3684577544732147,0.2959623815584783,0.8256314464387233,122.53,100.53
60843.25,0.0,0.3707984215362992,0.2882548437279027,0.8097133111345732,127.12,107.22
57629.0,0.0,0.3717282015244067,0.2706477160231933,0.7501827336960936,111.05,89.87
54545.75,0.0,0.3780366506297637,0.2257460048083722,0.693738325347194,95.8,77.81
50066.0,0.0,0.3772041731985512,0.1860062225993494,0.6700235523430521,95.1,76.06
45320.0,0.0,0.3775825720309206,0.1737731579691698,0.651181677901405,82.34,66.26
44002.75,0.0,0.430207038218282,0.1294724932824211,0.6534556972305693,61.19,47.72
42936.0,0.0,0.4658792367154981,0.1460189506434733,0.6637699991878503,46.89,35.5
42467.0,0.0,0.4894156440888697,0.1519233488898317,0.6743279460732559,37.75,29.4
43022.0,0.0,0.5193037461484404,0.1931834252580964,0.6411922358482904,32.0,25.61
44396.25,0.0,0.5529379966484674,0.2996747277612784,0.6643385040201413,29.64,22.99
48894.75,0.0,0.5990431915238662,0.4731650403054731,0.6592219605295216,39.6,32.76
55727.75,0.0,0.6479161035731661,0.622330646301796,0.6798505644440835,62.1,53.59
60644.5,0.0016716886118793,0.6582463916968485,0.7393225852071843,0.7281734751888248,84.9,73.15
63548.75,0.026509679283444,0.65935455970593,0.8261914863527082,0.6814748639649151,80.46,74.04
64153.0,0.0837340570437941,0.6808962646629547,0.8577994625936926,0.7215950621294567,67.5,61.62
64060.25,0.1535580137862715,0.7136547921509271,0.8265803988120493,0.7042150572565581,52.01,49.11
65148.5,0.2268388574730672,0.7385047840423806,0.7444845142129826,0.7037277674003086,38.93,39.26
65491.75,0.2855749783299624,0.7288880480025948,0.7161999717154575,0.663607569235767,21.89,24.48
64326.25,0.3128895447228299,0.6899562138493973,0.7191698486776976,0.6834240233899131,15.94,17.12
62588.75,0.2970910554340198,0.6489756203038002,0.669919389053882,0.6631202793795176,20.01,21.12
60704.75,0.2450520080901473,0.6066381966592789,0.6747631169565832,0.7144481442377975,38.37,37.15
59274.0,0.1618700210508936,0.5648251256824693,0.7018455663979635,0.7123365548607163,58.5,49.71
60195.25,0.0648759648326247,0.5181901724417536,0.7257106491302503,0.7834808738731422,85.82,64.92
61501.25,0.0056135716349527,0.4704848910751932,0.759051053599208,0.83521481361163,96.07,74.71
62270.5,0.0,0.4235958700470296,0.7638240701456654,0.8405750020303744,119.32,91.5
58883.25,0.0,0.380588139899454,0.7657686324423703,0.8091448063022821,101.19,77.86
55324.75,0.0,0.3497540407589599,0.8018667798048367,0.7662632989523268,90.41,66.07
51446.25,0.0,0.3130277312287151,0.8179182576721822,0.747177779582555,83.16,61.78
47670.5,0.0,0.290540029190767,0.814559468250601,0.7661820839762852,69.93,53.9
45569.25,0.0,0.2756635493810476,0.815690849950502,0.7243563713148705,79.96,56.59
45040.75,0.0,0.2571328179901616,0.7991797482675718,0.6827743035815804,73.21,52.82
44236.25,0.0,0.2502135250554084,0.8587894215811059,0.6337204580524649,71.7,52.08
44659.25,0.0,0.2538948051246013,0.8774572196294725,0.6194266222691465,67.91,49.14
45405.25,0.0,0.2558895075409481,0.8797906943855183,0.6534556972305693,69.56,50.04
48310.75,0.0,0.2563003405589491,0.8566327252156697,0.6988548688378137,73.39,55.39
54975.5,0.0,0.2496729552948808,0.8544760288502333,0.7258994558596605,99.95,73.15
60073.25,0.0026262021711313,0.2429807016595491,0.8430915004949795,0.8568179972386908,140.41,102.21
62524.75,0.0665631320427622,0.2154224552678523,0.8226559185405176,0.8491837894907821,155.49,115.69
62721.75,0.207310026004045,0.1776636574949997,0.7780724084287937,0.7950134004710468,110.01,83.56
63051.75,0.3505592933503942,0.1525163522352559,0.7502121340687314,0.7194022577763339,90.0,69.52
63604.0,0.4571088042266892,0.1538245310557327,0.7404186112289634,0.7351579631284009,72.35,55.79
63337.75,0.5145808395591696,0.1666954970538948,0.7639301371800311,0.6917891659221961,61.65,48.51
61776.5,0.5265819127419821,0.1814476458186929,0.7764106915570641,0.7056769268253066,57.17,46.65
59303.5,0.4859918685763817,0.1824476998756689,0.7514849384811201,0.7348331032242346,59.56,48.07
58139.25,0.4002713914227928,0.1800583815341369,0.7548083722245793,0.7340209534638187,66.96,54.04
55907.5,0.2679500144466917,0.1648521541704957,0.7518384952623391,0.7801510598554373,73.35,61.22
56759.0,0.1059819622734965,0.1413968322612033,0.7600763682647433,0.7608218955575408,112.78,80.45
58482.0,0.0087505675486028,0.1310503270447051,0.7367062650261632,0.782749939088768,167.86,116.54
59147.5,0.0,0.1317260392453646,0.6939612501767783,0.8325347194022578,174.24,140.37
56012.25,0.0,0.1353316395480837,0.6485292037901287,0.8002923739137497,121.31,103.04
52521.0,0.0,0.1348343153683983,0.6017889973129684,0.7708113376106555,99.79,86.49
49070.75,0.0,0.1333531542245526,0.5662565408004525,0.7498578737919273,98.41,83.92
45709.0,0.0,0.1361478998864803,0.5424268137462877,0.7564362868512954,87.83,76.41
43188.5,0.0,0.1470782204443483,0.6060316786875972,0.7336148785836109,90.09,77.61
41108.25,0.0,0.1538785880317855,0.6094258237873003,0.7313408592544465,79.42,69.52
39606.25,0.0,0.1524352667711768,0.545325979352284,0.6901648664013644,75.58,65.8
39338.75,0.0,0.1535704632682847,0.5570640644887569,0.6650694388045155,75.02,64.55
39475.0,0.0,0.1655603005567868,0.5748479705840758,0.6770080402826281,71.92,62.84
40384.0,0.0,0.1813503432617979,0.6273511525951068,0.6683992528222205,67.9,62.07
42031.75,0.0,0.2198767500945997,0.7116744449158535,0.69917972874198,71.63,65.18
44729.75,0.0051440541544557,0.2649386453321801,0.7129118936501202,0.7486396491513035,68.73,69.0
47893.0,0.1028656044908573,0.2795664630520568,0.7017748550417197,0.7131487046211321,68.91,67.73
50683.75,0.2957134601890452,0.2653548840477863,0.6705204355819545,0.6977990741492731,41.82,59.03
52644.75,0.4480383456474182,0.2203038002054165,0.6390538820534578,0.6837488832940795,35.3,46.9
53961.0,0.5287592355636274,0.1887615546786313,0.6185475887427521,0.6662064484690977,34.28,40.75
53208.25,0.5390886201345606,0.2015298124222931,0.6125724791401499,0.6561357914399415,24.79,30.85
50900.25,0.4894435959879473,0.2286772257959889,0.6131028143119786,0.6324210184357996,14.33,20.02
49828.25,0.3897046683452346,0.2471593059084275,0.5859850091924763,0.6663688784211809,23.34,24.79
48607.5,0.2684866058529739,0.2693713173685064,0.6214113986706266,0.7195646877284171,46.35,43.67
48349.75,0.1469383332645395,0.2841018433428834,0.685794088530618,0.7234630065784131,63.18,54.86
50031.25,0.0501197011598629,0.3108168009081572,0.7695163343232924,0.7484772191992204,76.02,71.27
52953.5,0.0034878441408346,0.3594140223795881,0.8464856455946825,0.7680500284252416,80.86,76.91
53499.5,0.0,0.4090815719768636,0.9180808937915428,0.7620401201981646,77.62,72.31
50713.25,0.0,0.4474295907886912,0.94565832272663,0.7284171201169496,60.19,55.12
48256.25,0.0,0.4835342450943294,0.9512091641917692,0.6772516852107529,45.42,44.11
46458.75,0.0,0.506621979566463,0.9470018384952624,0.6814748639649151,34.87,34.27
43718.5,0.0,0.5371533596410617,0.9286875972281148,0.6759522455940875,25.37,23.31
41259.0,0.0,0.5772906643602357,0.7940178192617734,0.6470397141232843,0.0,0.04
38605.0,0.0,0.5819341586031678,0.5758025738933673,0.6350198976691301,-0.01,-0.01
37967.75,0.0,0.6030217849613493,0.5659383396973554,0.6202387720295622,-0.07,-0.06
37550.25,0.0,0.6236553327206876,0.6035921368971857,0.6231625111670592,-0.37,-0.34
37636.25,0.0,0.6365641386020866,0.6575802573893367,0.6199951271014376,-0.51,-0.47
38464.25,0.0,0.6773879669171307,0.7060528920944704,0.6206448469097702,-0.09,-0.08
38676.25,0.0,0.7502729877290665,0.6920520435581955,0.6222691464306018,-0.3,-0.1
40598.25,0.0012589259916621,0.7849775663549381,0.6716871729599774,0.6235685860472672,-0.04,1.18
43262.75,0.0433658727865604,0.7925671657927456,0.6565902984019234,0.6323398034597579,-0.07,9.49
46248.5,0.1479805588805877,0.7854532677442024,0.6494484514212983,0.6320149435555916,-0.86,4.34
49538.0,0.2649678045156231,0.8009730255689497,0.6806321595248197,0.6321773735076748,-0.64,2.12
51493.5,0.359598794733149,0.8053354235364074,0.6815514071559893,0.6452529846503695,-1.97,0.5
51361.75,0.4168438106245098,0.7975566246824153,0.6694597652382973,0.64476569479412,-7.49,-1.75
49420.25,0.432296611218888,0.7937456078706957,0.640079196718993,0.6415983107284984,-15.16,-4.24
47684.75,0.4029698270524621,0.7709822152548786,0.6269975958138877,0.6608462600503533,-15.69,-1.3
46997.5,0.3253601353861394,0.7536785772203903,0.6098500919247631,0.660115325265979,-5.01,4.36
46954.5,0.2080581582531886,0.7462511487107412,0.6028496676566256,0.6575164460326485,-1.99,11.49
49037.0,0.0776509679283444,0.7370506513865615,0.7074317635412247,0.6718102818159669,0.06,36.59
50934.25,0.0050718206959177,0.6905724633763988,0.7287865931268561,0.6966620644846909,35.83,57.06
51643.0,0.0,0.6464889994053733,0.7356102390043842,0.7173718833752945,54.05,68.68
49506.5,0.0,0.6087464187253365,0.7331706972139725,0.6909770161617802,39.51,58.35
47521.25,0.0,0.5784420779501595,0.7305897327110734,0.6945504751076098,38.43,50.69
46106.5,0.0,0.5355316503594789,0.7158817706123604,0.6870786973117843,40.13,49.4
43971.25,0.0,0.5067625277042003,0.711851223306463,0.6825306586534557,36.81,45.48
43045.75,0.0,0.4779663765608952,0.5903691132795927,0.6676683180378462,37.1,44.39
41880.5,0.0,0.4316719822693118,0.5709234903125442,0.6500446682368228,35.25,40.63
40872.25,0.0,0.3845613276393319,0.5142836939612502,0.6633639243076423,35.17,41.58
40528.5,0.0,0.3374831071949835,0.414651393013718,0.6869974823357428,34.36,40.78
41832.5,0.0,0.3058165306232769,0.3607339838778107,0.6837488832940795,39.33,42.89
45874.25,0.0,0.287404724579707,0.3246358365153444,0.6980427190773979,62.2,59.93
53822.75,0.0,0.2753229904319152,0.3013010889548861,0.8030536830991635,98.74,92.76
59281.25,0.0020638131010855,0.2470565976539272,0.265839343798614,0.906521562576139,132.89,119.61
62113.25,0.0549283856853923,0.2217471214660251,0.2234125300523264,0.895638755786567,153.61,138.17
62667.75,0.168608370825938,0.1912157413914265,0.180879649271673,0.7855112482741817,117.94,107.75
63298.25,0.2646840302142238,0.1499486458727499,0.1505798331211992,0.7574108665637944,100.95,93.0
63823.75,0.3275942130680646,0.1180928698848586,0.1336091076226842,0.743117030780476,95.53,85.58
63334.5,0.3541812853427993,0.09647548516136,0.1302149625229812,0.8111751807033217,88.36,79.02
62675.75,0.3443936517109011,0.0804151575760852,0.1355890255975109,0.7775521806221067,82.6,75.74
61207.5,0.3052689148470714,0.0650791934699172,0.141210578418894,0.7797449849752295,74.16,71.45
59466.0,0.2365542576464275,0.0558408562625006,0.1484231367557629,0.839681637293917,87.08,81.57
58130.0,0.1441418665125686,0.0489756203038002,0.1488827605713477,0.8798830504345001,105.79,94.33
58673.25,0.0485512032030379,0.045915995459214,0.1430490736812332,0.9000243644928124,159.59,134.18
60190.25,0.0030492838568539,0.0504351586572247,0.1287300240418611,0.8771217412490864,257.1,200.19
60425.25,0.0,0.0588680469214552,0.1121835666808089,0.9148054901323804,269.74,218.11
57309.5,0.0,0.0642953673171522,0.101576863244237,0.9117193210428004,158.0,143.1
53803.75,0.0,0.0625331098978323,0.0952835525385377,0.8524323885324454,114.12,105.52
50375.0,0.0,0.0609492404994864,0.0907933814170555,0.7868919028668887,99.66,94.46
46976.25,0.0,0.0605330017838802,0.0913237165888841,0.7855924632502234,94.8,84.71
44317.5,0.0,0.0544840261635764,0.088353839626644,0.7653699342158694,91.23,77.96
43175.25,0.0,0.0561543867236066,0.0843232923207467,0.7107934703159262,86.49,74.71
43299.25,0.0,0.0575436510081626,0.0939400367699052,0.6987736538617721,88.35,73.06
43237.0,0.0,0.0603600194605113,0.0929147221043699,0.6878096320961585,84.04,70.94
45034.25,0.0,0.0629547543110438,0.0970866921227549,0.694712905059693,80.8,68.22
47222.5,0.0,0.0648953997513379,0.0899094894640079,0.7250060911232031,89.51,74.09
54037.0,0.0,0.0687280393534785,0.0753783057559044,0.8827255745959555,114.53,94.04
59240.5,0.0016252528171048,0.0759824855397589,0.0634280865507,0.9120441809469666,185.39,165.74
61511.0,0.059009576092789,0.0806584139683226,0.0617310140008485,0.9103386664500934,176.61,166.5
61792.75,0.196165435258183,0.0836964160224877,0.0645948239287229,0.8447169658084951,110.54,110.55
61748.5,0.3494293556775498,0.0747391750905454,0.0843586479988686,0.7911962965970925,92.75,88.92
62334.25,0.4654878854170966,0.0652413643980755,0.1145877527930985,0.8097133111345732,83.05,77.55
62670.25,0.51404940768564,0.0681226012216876,0.1500141422712487,0.7211077722732072,78.47,72.84
61970.0,0.5046074627481735,0.080431374668901,0.1912388629613916,0.7423048810200601,71.75,67.51
59904.75,0.4433844471044702,0.0906589545380831,0.2625866214113986,0.7661008690002437,75.9,67.01
57911.0,0.3430676517934536,0.106778744797016,0.3181303917409135,0.7359701128888168,83.36,71.94
57161.5,0.206536096091138,0.1300610843829396,0.3981756470089096,0.7599285308210834,89.03,88.44
58064.5,0.0696278944978742,0.1698253959673495,0.5043133927308726,0.9081458620969708,120.69,114.94
60111.5,0.003750980311223,0.2457484188334504,0.6117239428652241,0.871761552830342,136.79,133.56
60853.5,0.0,0.3327801502783934,0.673737802291048,0.8465849102574515,97.31,121.82
57378.75,0.0,0.3986431699010757,0.7175081318059681,0.7513197433606758,76.26,90.24
54202.0,0.0,0.452164981890913,0.7334535426389478,0.6964184195565662,66.65,75.01
50856.75,0.0,0.4844964592680685,0.7448027153160798,0.686753837407618,59.65,63.42
47338.5,0.0,0.5097086328990756,0.7498232216093905,0.6792820596117924,40.78,49.16
45370.0,0.0,0.5491810368128007,0.6404327535002121,0.6834240233899131,23.35,36.96
44133.25,0.0,0.5672630953024488,0.6272097298826191,0.6809063591326241,12.8,20.71
43384.25,0.0,0.5695172712038489,0.6564842313675576,0.6966620644846909,5.3,14.27
43551.75,0.0,0.5620844369965944,0.677096591712629,0.6656379436368066,3.61,12.49
45362.0,0.0,0.5709173468836153,0.7062296704850799,0.6575164460326485,3.16,11.67
49499.5,0.0,0.584896480890859,0.7011384528355253,0.6766019654024202,8.2,24.87
56424.0,0.0,0.5990810314071031,0.6853344647150332,0.6900024364492813,42.59,61.85
61461.0,0.0023837041317538,0.6108654521866047,0.6686465846414934,0.7044587021846829,67.29,80.83
63564.25,0.0840023527469352,0.6011784420779501,0.6919106208457079,0.7368634776252742,66.52,73.83
64321.0,0.2727329013084575,0.5763014216984702,0.6897539244802715,0.7045399171607244,54.29,51.98
64945.25,0.4524033103562141,0.5356776041948214,0.719417338424551,0.6642572890440998,26.68,26.6
64095.5,0.5757677384736039,0.5023568841559003,0.7311907792391458,0.7306911394461139,14.16,14.95
62985.75,0.6299273537788418,0.4929888102059571,0.7603238580115966,0.770486477706489,4.09,4.46
61965.5,0.6152588021628761,0.4857235526244662,0.7720972988261915,0.6528059774222367,2.04,2.4
61233.75,0.5393930325669707,0.4735174874317531,0.7644251166737378,0.6515065378055713,4.0,4.11
60560.0,0.4097236554257646,0.4758419374020217,0.7714608966199972,0.6650694388045155,14.18,14.93
58740.25,0.2368431914805795,0.4971566030596248,0.7784259652100127,0.7678063834971168,54.92,44.59
59975.5,0.0753549758533867,0.54045083518028,0.7802291047942299,0.781775359376269,72.95,68.86
62591.25,0.0031111982498864,0.588853451537921,0.781749398953472,0.7234630065784131,84.47,75.94
62336.5,0.0,0.6211254662414184,0.7776127846132089,0.7603346057012913,88.38,74.81
59173.75,0.0,0.632596356559814,0.7851788997312968,0.6628766344513929,65.31,57.01
55674.0,0.0,0.6296718741553597,0.7918257672182153,0.6443596199139121,61.86,45.86
51710.25,0.0,0.5994756473322882,0.8796139159949088,0.6388370015430845,35.14,32.56
49233.75,0.0,0.5800800043245581,0.8750883891953047,0.64476569479412,26.54,23.45
47381.5,0.0,0.5487810151900103,0.554730589732711,0.6364817672378786,17.04,13.89
46077.5,0.0,0.5225579761068165,0.5597510960260218,0.6297409242264274,12.15,9.61
45374.25,0.0,0.5070382182820693,0.6068448592844011,0.6540242020628604,10.48,8.47
45389.0,0.0,0.4967241472512028,0.6469735539527648,0.6558921465118168,5.61,4.71
46596.25,0.0,0.4906535488404778,0.6992646018950643,0.6569479412003574,10.01,8.21
49136.0,0.0,0.488912914211579,0.6983453542638948,0.635832047429546,29.8,22.9
55935.75,0.0,0.4843991567111735,0.7428935086974968,0.668480467798262,70.51,54.85
61564.5,0.0014807859000288,0.4731607113898048,0.7906943855183143,0.7665881588564931,101.39,70.64
63313.25,0.0663825483964172,0.439158873452619,0.765485787017395,0.7703240477544059,92.53,69.09
63494.25,0.2174330292648697,0.3991458997783664,0.7346909913732146,0.7205392674409161,73.76,62.33
63349.25,0.3688601560242704,0.3400291907670685,0.712240135765804,0.6547551368472346,62.22,52.36
63656.25,0.4822202501341479,0.2845018649656738,0.675611653231509,0.6333955981482986,52.02,43.13
63022.5,0.5276550955545466,0.2428185307313909,0.6484938481120068,0.6366441971899618,46.54,38.67
61272.0,0.5133115945020019,0.2085301908211254,0.6072691274218639,0.6642572890440998,47.52,39.08
58978.75,0.4413361126016428,0.1716308989675117,0.5012374487342667,0.6633639243076423,60.04,44.35
58672.5,0.3292916993437074,0.1488837234445105,0.4581035214255409,0.6688053277024283,63.55,60.24
57870.75,0.1902216535270565,0.1350991945510568,0.4157474190354971,0.8004548038658329,92.68,78.07
59145.75,0.0598660585297395,0.1395426779825936,0.3781289775137887,0.7897344270283441,123.6,95.13
61391.5,0.0022495562801832,0.1587220930861127,0.3450007071135624,0.8148298546251929,186.21,129.56
61605.0,0.0,0.1720741661711443,0.3175293452128412,0.8775278161292942,172.19,128.19
58297.75,0.0,0.169971349802692,0.2906943855183142,0.7867294729148054,117.5,92.52
54413.0,0.0,0.1597978269095626,0.2650615188799321,0.7361325428408999,97.81,79.78
50803.0,0.0,0.1456835504621871,0.227337010323858,0.6933322504669861,89.05,74.8
47197.25,0.0,0.1319152386615492,0.1856526658181304,0.7401120766669373,82.21,69.88
44383.25,0.0,0.1399210768149629,0.1337858860132937,0.738244132217981,80.95,66.65
42955.0,0.0,0.1239742688793988,0.0900155564983736,0.7390562819783968,81.16,62.38
41901.5,0.0,0.1111303313692632,0.0749186819403196,0.6888654267846991,82.73,60.84
42222.25,0.0,0.1074652683928861,0.0639584217225286,0.6656379436368066,78.84,60.92
43375.75,0.0,0.1097897183631547,0.0607410550134351,0.692763745634695,81.19,61.15
46413.25,0.0,0.1165576517649602,0.0668575873285249,0.666531308373264,84.34,68.61
53101.75,0.0,0.1200389210227579,0.0753783057559044,0.7882725574595956,98.89,79.69
58403.5,0.0010009493540264,0.1228228552894751,0.067953613350304,0.8877609031105336,149.78,111.77
60858.75,0.0500887439633466,0.1168711822260662,0.0594328949229246,0.8746040769917973,156.24,121.21
61561.75,0.1798200354975853,0.1024812152008216,0.0470937632583792,0.8232762121335174,111.0,84.56
61958.25,0.3120846576134065,0.0737283096383588,0.0470937632583792,0.8312352797855924,95.76,73.28
62246.5,0.4125562389070046,0.0514514298070165,0.0544830999858577,0.8693251035490944,85.3,67.55
61700.75,0.4547147810294299,0.0409049137791232,0.0703577994625937,0.7890847072200113,82.96,63.35
60445.25,0.4395354356709456,0.0373641818476674,0.0876467260642059,0.7067327215138471,80.2,56.52
58245.75,0.3788283733025137,0.0390831936861452,0.0904398246358365,0.7505888085763015,81.19,62.31
56651.75,0.2746625665579725,0.0446294394291583,0.0904398246358365,0.8273369609355965,84.34,69.95
55608.0,0.1511020761959796,0.0512730417860424,0.0930561448168575,0.8417120116949566,103.29,81.95
56492.25,0.0448621372848474,0.066230607059841,0.1055013435157686,0.8607975310647283,133.67,102.09
58264.0,0.0015633384240723,0.0941672522839072,0.125760147079621,0.906927637456347,181.28,133.77
57930.75,0.0,0.1232282826098708,0.1430137180031113,0.8749289368959636,142.58,119.38
54771.75,0.0,0.1423860749229688,0.1581459482392872,0.7997238690814586,103.25,89.4
51824.5,0.0,0.1488458835612736,0.1716518172818554,0.7821002192804353,96.83,83.02
48438.0,0.0,0.1454889453483972,0.1751520294159242,0.7745472265085682,93.26,79.38
44988.25,0.0,0.1376182496351154,0.1757177202658747,0.7278486152846585,85.54,71.6
42110.25,0.0,0.1310503270447051,0.2263470513364446,0.7525379680012995,87.06,71.48
40421.75,0.0,0.1324125628412346,0.1926530900862678,0.7457159100138065,83.03,65.17
39100.0,0.0,0.14201848748581,0.1559892518738509,0.6949565499878178,79.91,63.41
38928.75,0.0,0.1544083463971025,0.1245226983453542,0.7218387070575815,75.26,61.38
39333.0,0.0,0.1627493378020433,0.1195729034082873,0.6747340209534638,75.87,59.25
40337.0,0.0,0.1770257851775771,0.1199264601895064,0.6771704702347113,76.77,61.6
42257.25,0.0,0.1867182009838369,0.1268561731014,0.6900836514253228,80.0,66.53
45247.25,0.0006036653320675,0.1964430509757284,0.1337505303351718,0.763501989766913,91.91,69.88
48321.0,0.0385004334007512,0.1940699497270122,0.1433672747843303,0.790302931860635,89.66,73.2
50781.5,0.1351694390555991,0.1882209849181036,0.1167444491585348,0.7775521806221067,84.6,68.67
52197.25,0.2417137903991414,0.1649386453321801,0.124982322160939,0.760984325509624,78.8,59.66
53625.25,0.3244572171544145,0.1530623276933888,0.1312756328666383,0.7620401201981646,73.32,49.5
53674.5,0.3576381722871177,0.1562733120709227,0.138594258237873,0.6879720620482417,66.16,42.82
52355.0,0.3472571923886572,0.1612303367749608,0.1556356950926318,0.6711605620076342,60.96,38.38
51227.0,0.2985099269410162,0.1596518730742202,0.1745863385659737,0.6742467310972143,63.89,46.38
49432.0,0.2235006397820613,0.1525271636304665,0.2047800876820817,0.6807439291805409,79.07,56.61
48856.75,0.126857431790977,0.1433428833991026,0.2496464432187809,0.7162348737107123,98.09,69.49
50474.75,0.0381702233045775,0.1442780690848153,0.3022910479422995,0.8140177048647771,109.14,80.67
52815.75,0.0013982333759854,0.1595870047029569,0.3585772875123745,0.8691626735970113,135.82,97.28
52588.0,0.0,0.1807665279204281,0.4311978503747702,0.7609031105335824,118.93,91.19
49614.25,0.0,0.1977998810746526,0.5275420732569651,0.6785511248274182,96.8,78.67
46853.5,0.0,0.2072436347910697,0.6309574317635412,0.6584098107691059,90.18,72.9
44681.5,0.0,0.2077787988539921,0.7203365860557206,0.6592219605295216,83.83,70.2
41669.25,0.0,0.2053192064435915,0.7730872578136049,0.6589783156013969,73.33,63.09
39135.5,0.0,0.2080761122222822,0.738650827322868,0.6300657841305937,55.57,46.7
37109.0,0.0,0.2011622249851343,0.6663838212416914,0.6106554048566556,54.9,44.32
35910.25,0.0,0.1923833720741661,0.6863244237024466,0.6071631608868675,57.23,43.76
35338.75,0.0,0.1853505594897021,0.6281996888700325,0.6100869000243645,59.82,42.8
35434.0,0.0,0.1797124168873993,0.5244307735822373,0.6221879314545602,62.92,44.59
35901.5,0.0,0.1839342667171198,0.4219700183849526,0.6062697961504101,66.91,41.16
36742.5,0.0,0.2007135520838964,0.3283835383962664,0.6216194266222691,64.23,40.26
38607.0,0.0004127626202171,0.2045786258716687,0.2720265874699477,0.6320961585316333,75.32,47.05
41553.75,0.0399812193007801,0.1998918860478944,0.3178121906378164,0.6269796150410135,68.28,46.97
44623.0,0.1483262475750196,0.19647548516136,0.4125654080045255,0.613091854137903,45.75,34.57
47605.5,0.2824740991455813,0.1828693442888805,0.5243954179041154,0.6177211077722732,6.37,8.66
50208.25,0.400844099558344,0.1726363587220931,0.6014707962098713,0.6279541947535126,0.08,0.38
49719.25,0.4613808973459363,0.180961133034218,0.6499080752368831,0.642248030536831,0.0,0.06
48382.75,0.4632744458661824,0.1978863722363371,0.6680808937915429,0.6329895232680907,-0.98,-1.15
46326.25,0.4046208775333306,0.2126871722795826,0.7175434874840899,0.6255989604483067,-2.01,-2.13
45704.25,0.3048458331613489,0.2431807124709444,0.7301654645736105,0.6281978396816373,0.0,0.65
45689.75,0.171853716927395,0.2723931023298556,0.7701527365294867,0.6524811175180704,5.1,14.72
47828.75,0.0494489619020101,0.3207524731066544,0.8205345778532033,0.6423292455128726,57.69,46.14
51440.25,0.0012382878606513,0.3911238445321369,0.8387073964078631,0.670998132055551,60.7,50.93
51210.5,0.0,0.4607276068976701,0.8505515485787017,0.6862665475513685,45.08,50.03
49636.5,0.0,0.5175144602410942,0.7973766086833546,0.6203199870056039,34.35,38.27
47576.0,0.0,0.5599762149305367,0.7456512515910055,0.6107366198326971,20.95,27.68
46772.75,0.0,0.565014325098654,0.7274430773582238,0.5992040932347925,12.15,15.52
43400.0,0.0,0.5702146061949295,0.7179677556215528,0.5910013806545927,1.93,4.61
42424.75,0.0,0.5688253419103735,0.5020859850091924,0.5781694144400228,-0.1,0.24
41069.75,0.0,0.5469268609114006,0.5984655635695093,0.5736213757816941,-0.1,-0.21
40589.75,0.0,0.5231363857505811,0.6741974261066327,0.5845853975473078,-0.14,-0.38
40630.0,0.0,0.5025623006649008,0.6661009758167161,0.5656623081296192,-0.08,-0.07
41996.0,0.0,0.4737877723120168,0.6421651817281856,0.5682611873629497,-0.04,1.06
46330.75,0.0,0.4534028866425212,0.6283411115825202,0.6070007309347843,3.45,14.31
53765.0,0.0,0.4521001135196497,0.6649695941168151,0.7190773978721676,66.6,52.67
60143.25,0.0002682957031411,0.428071787664198,0.6082237307311554,0.7029156176398927,104.98,79.88
62728.0,0.0349661534651421,0.3816963079085356,0.6253005232640362,0.8209209778283115,120.39,84.93
62839.25,0.1313875015478598,0.3459592410400562,0.650296987696224,0.7047835620888492,103.9,73.88
63337.0,0.2417344285301523,0.3068976701443321,0.6807028708810635,0.6787135547795013,89.04,64.44
64071.0,0.3368349362281752,0.271539002108222,0.6845566397963513,0.6866726224315763,81.03,60.08
63486.0,0.3874705906633095,0.2394940267041461,0.6752580964502899,0.6323398034597579,73.19,54.62
62155.0,0.3912267305072852,0.2059787015514352,0.689188233630321,0.6103305449524893,81.36,56.56
60032.75,0.3538149585173566,0.1710254608357208,0.733736388063923,0.606107366198327,81.65,57.28
58519.25,0.2737802864572584,0.1402346072760689,0.725074246924056,0.6050515715097864,98.59,70.82
56912.25,0.1602241301027779,0.1120114600789231,0.6680808937915429,0.6379436368066271,123.5,88.14
58058.0,0.0464306352416725,0.0955511108708578,0.5923490312544195,0.7721919922033623,131.54,109.16
59931.0,0.00102674701779,0.0962052002810962,0.5084853627492575,0.8154795744335256,222.11,159.16
59687.5,0.0,0.1048380993567219,0.4315867628341112,0.8344026638512142,190.87,156.06
56247.75,0.0,0.1142007676090599,0.3678758308584358,0.7732477868919029,128.44,109.53
52850.25,0.0,0.1213687226336558,0.3209588459906661,0.7254933809794526,102.0,85.86
48984.25,0.0,0.1274339153467755,0.2773652948663555,0.6466336392430764,97.8,83.27
45317.25,0.0,0.1315314341315746,0.2429288643756187,0.6495573783805734,92.97,79.35
42804.75,0.0,0.1802421752527163,0.0935864799886861,0.613497929018111,91.67,74.72
41958.75,0.0,0.1986593869938915,0.0603521425540941,0.6052140014618695,89.43,71.96
41171.0,0.0,0.2174279690794097,0.1012940178192617,0.6007471777795825,85.69,69.3
42064.25,0.0,0.2546840369749716,0.1290835808230802,0.6004223178754162,83.6,68.94
43252.75,0.0,0.284545110546516,0.1495545184556639,0.5845853975473078,83.19,68.24
46297.25,0.0,0.3107032812584464,0.1383821241691415,0.6124421343295704,89.95,74.4
53573.0,0.0,0.3259743769933509,0.185016263611936,0.6400552261837082,100.58,91.11
59257.25,0.0003198910306682,0.3099140494080761,0.3247065478715882,0.6282790546576789,156.09,129.79
61862.25,0.031019110909316,0.298335045137575,0.4295007778249187,0.7111995451961342,170.12,134.58
62276.25,0.1195257357493705,0.304113735877615,0.4886154716447461,0.668480467798262,113.44,96.68
63314.0,0.2208383208816609,0.2945510568138818,0.5543416772733701,0.637781206854544,99.22,83.65
65363.25,0.3018481446320221,0.2937293907778799,0.6184415217083864,0.6159343782993584,87.75,73.22
64994.5,0.3477112312708961,0.3094167252283907,0.6489534719275916,0.5886461463493868,77.11,61.31
63617.25,0.3540419779584761,0.3176063571003838,0.6837788148776693,0.5661495979858686,70.88,57.44
61816.75,0.3263714038056713,0.3021622790421104,0.6589237731579691,0.5608706245431657,73.53,56.28
59802.0,0.2614128864490032,0.277982593653711,0.6637675010606704,0.573458945829611,87.08,64.01
58695.25,0.1547705039831592,0.2410887074977026,0.6709447037194174,0.6465524242670349,107.45,71.38
59553.25,0.044599001114459,0.2092004973241797,0.6919459765238297,0.7115244051003005,109.97,98.7
61926.75,0.000918396829983,0.2042596897129574,0.71902842596521,0.7588727361325428,140.36,122.96
62021.25,0.0,0.2126385210011352,0.6846627068307171,0.7156663688784212,157.75,136.36
59196.5,0.0,0.2179739445375425,0.6327959270258804,0.6213757816941444,114.02,97.02
55794.25,0.0,0.2185037029028596,0.5672464997878659,0.6370502720701697,99.4,83.73
52215.25,0.0,0.2107735553273149,0.507919671899307,0.6303094290587185,95.72,81.21
48877.75,0.0,0.1997675550029731,0.4425470230519021,0.609599610168115,88.35,75.03
46333.25,0.0,0.2255202983945078,0.4156413520011314,0.5766263298952327,80.83,69.31
44876.0,0.0,0.2046218714525109,0.3875689435723377,0.5884837163973037,83.23,70.82
43451.5,0.0,0.1835666792799611,0.3397680667515202,0.5963615690733371,82.02,69.23
43405.5,0.0,0.1579761068165847,0.3081247348324141,0.5940063347681313,83.21,69.33
44189.25,0.0,0.1351478458295043,0.2669353698203932,0.6009908227077073,85.8,69.66
47179.0,0.0,0.119471322774204,0.2405246782633291,0.6468772841712012,93.6,74.62
54483.0,0.0,0.1014271041677928,0.2260288502333474,0.7000730934784374,108.19,89.77
60302.25,0.0002167003756139,0.0868425320287583,0.2331706972139725,0.7985056444408349,172.79,122.53
62628.25,0.0324225038180542,0.071068706416563,0.2397468533446471,0.7548119873304637,183.13,138.56
62679.0,0.1353448631691914,0.0537975025677063,0.243176354122472,0.7017786079753107,128.42,105.33
63055.5,0.2668045981755892,0.0398075571652521,0.2594753217366709,0.6536993421586941,104.1,85.35
63608.75,0.3769090271185041,0.0322557976106816,0.2788502333474756,0.6861041175992854,93.86,77.09
63493.5,0.4233964172204565,0.0343423968863181,0.30211426955169,0.6463087793389101,85.62,69.75
62545.5,0.4187786354067775,0.0376128439375101,0.3174232781784755,0.6121984894014456,80.99,66.26
60424.5,0.374313782143889,0.0385750581112492,0.2950431339273087,0.6587346706732722,78.97,65.81
58387.75,0.2864314607669129,0.0382723390453538,0.2933107056993353,0.6472021440753675,88.62,73.82
57626.5,0.162385974326165,0.0372074166171144,0.2953613350304059,0.6766831803784618,101.9,85.18
58742.5,0.0455225574771948,0.0416671171414671,0.3015132230236176,0.7694306830179485,147.15,120.26
61037.5,0.000846163371445,0.0556624682415265,0.3161151180879649,0.7559489969950459,218.18,160.27
60914.0,0.0,0.0728201524406724,0.3319898175647009,0.728904409973199,177.6,153.97
57599.0,0.0,0.0863181793610465,0.3475816716164616,0.6918703808982376,111.71,106.34
54067.75,0.0,0.096826855505703,0.3579762409843021,0.6592219605295216,101.51,88.89
50658.75,0.0,0.1051029785393805,0.3585419318342526,0.6796881344920003,103.33,87.27
46821.25,0.0,0.1110114060219471,0.3405105359920803,0.6784699098513766,93.16,79.41
44039.75,0.0,0.118746959295097,0.3228326969311271,0.6401364411597499,91.75,73.34
42894.25,0.0,0.1246661981728742,0.2776481402913308,0.6033460570129132,82.42,68.52
42252.25,0.0,0.1365479215092707,0.2425753075943996,0.609599610168115,80.67,66.73
42597.0,0.0,0.1467106330071896,0.2228468392023759,0.6070007309347843,80.29,64.01
44425.0,0.0,0.1538623709389696,0.2200537406307453,0.6157719483472752,80.45,63.66
46896.75,0.0,0.1617709065354884,0.2087399236317352,0.6475270039795338,83.82,71.27
53703.0,0.0,0.1742796907940969,0.1967897044265309,0.6662064484690977,103.21,92.58
59610.75,0.0002012217773558,0.1899616195470025,0.1815514071559892,0.760984325509624,148.29,126.57
62216.25,0.033454410368597,0.1971511973620195,0.1846980625088389,0.763501989766913,171.27,138.12
62288.0,0.1427178354728195,0.1915725174333747,0.1998656484231367,0.6839925282222041,117.3,105.88
62640.5,0.2895220208857886,0.1536677658251797,0.2319686041578277,0.6949565499878178,101.91,89.93
63119.75,0.4130979898460395,0.113849397264717,0.2570004242681374,0.6563794363680663,93.05,77.71
62527.5,0.4838455029512527,0.0986647926914968,0.2646726064205911,0.6913018760659465,83.96,70.49
61350.0,0.4920852767573369,0.1026920374074274,0.2615966624239852,0.6719727117680501,79.15,66.46
59613.0,0.4399224006273992,0.1137899345910589,0.2259227831989817,0.7076260862503045,81.51,66.67
58641.75,0.3301636603789161,0.1292448240445429,0.2360698628199689,0.6710793470315927,95.7,80.38
57661.5,0.1785507904404177,0.1495270014595383,0.2718498090793381,0.7336148785836109,116.17,98.86
59011.25,0.0455483551409584,0.1904697551218984,0.3324847970584075,0.8206773329001867,129.9,118.08
61356.25,0.0006707392578528,0.2522785015406238,0.4085702163767501,0.84958986437099,141.53,133.79
61188.25,0.0,0.2995513270987621,0.478468392023759,0.7451474051815155,114.19,119.92
58348.5,0.0,0.319687550678415,0.5252793098571631,0.6139852188743604,96.61,94.0
55065.5,0.0,0.3240985999243202,0.5367345495686607,0.6411110208722488,93.64,85.49
51330.25,0.0,0.3090329206984161,0.5054094187526517,0.7146105741898806,89.9,83.4
47586.75,0.0,0.2930807070652467,0.4340616603026446,0.6825306586534557,83.61,71.79
45264.0,0.0,0.2620844369965944,0.3722599349455522,0.6102493299764477,82.5,68.4
43885.0,0.0,0.2450456781447645,0.2647433177768349,0.5914074555348006,82.07,63.79
42912.25,0.0,0.2281744959186983,0.1983099985857728,0.5793064241046049,79.69,64.27
42912.5,0.0,0.2177360938429104,0.2063003818413237,0.5729716559733615,82.6,64.92
44137.75,0.0,0.2110005946267366,0.19788573044831,0.5710224965483636,84.47,63.1
46706.75,0.0,0.2072814746743067,0.175576297553387,0.5979046536181272,94.59,72.79
53671.25,0.0,0.21488729120493,0.1732074671192193,0.6984487939576057,108.94,93.44
59151.5,0.0002063813101085,0.2163306124655386,0.2051336444633008,0.7634207747908714,123.75,113.39
61659.75,0.0328094687745077,0.2028055570571382,0.2003606279168434,0.7956631202793795,150.59,117.22
61930.75,0.145865150451975,0.1799881074652684,0.1687172959977372,0.6572728011045237,122.43,99.18
62002.0,0.3011309695793949,0.1359641061679009,0.1509687455805402,0.6420043856087062,108.15,87.81
61941.0,0.4462479877822264,0.0917887453375858,0.1266793947107905,0.6068383009827012,93.9,76.89
61176.75,0.5370196475007223,0.0665549489161576,0.1028143119785037,0.5955494193129213,81.08,69.18
59657.0,0.5557539109258266,0.0571382236877669,0.0787370951774855,0.6035897019410379,78.18,66.22
57176.75,0.5037561398439757,0.0510243796961997,0.0567812190637816,0.6310403638430927,82.47,68.17
54985.0,0.3781473149791555,0.0478133953186658,0.045290623674162,0.673921871193048,99.33,77.04
54462.0,0.2043794114005035,0.0445861938483161,0.0392094470371941,0.677414115162836,118.03,93.03
55965.75,0.0518842613612911,0.053262338504784,0.035497100834394,0.7605782506294161,158.73,120.09
58498.0,0.0006088248648202,0.0733120709227525,0.03319898175647,0.810525460894989,227.32,156.1
57615.5,0.0,0.0904697551218984,0.0317493989534719,0.8219767725168521,184.85,138.69
54251.0,0.0,0.0982539596734958,0.0327040022627634,0.6855356127669943,123.86,104.38
51050.25,0.0,0.0971944429428617,0.0345071418469806,0.6485015836920328,116.29,95.93
47737.0,0.0,0.0917400940591383,0.0354263894781501,0.6355071875253797,113.96,92.14
44013.25,0.0,0.084134277528515,0.0344010748126149,0.6195890522212296,107.4,87.86
40975.75,0.0,0.0835234336991188,0.0153443643049073,0.6333955981482986,115.29,89.78
39076.25,0.0,0.0706416563057462,0.0142129826050063,0.6210509217899781,109.64,84.26
37801.0,0.0,0.0600410833018,0.0136826474331777,0.625355315520182,106.95,81.65
37602.75,0.0,0.0482728796151143,0.014319049639372,0.6119548444733209,107.79,81.0
37789.25,0.0,0.0446726850100005,0.0182435299109036,0.6519938276618208,105.7,78.91
38685.0,0.0,0.0457808530190821,0.0318201103097157,0.593275399983757,106.82,81.06
40552.75,0.0,0.0541975241904967,0.054730589732711,0.6449281247462032,113.93,87.46
43386.0,0.0001238287860651,0.0657711227633926,0.0758732852496111,0.660521400146187,125.71,97.3
46575.0,0.0237751269245057,0.0722363370993026,0.0813887710366284,0.6967432794607326,126.0,108.55
49094.0,0.1103675651133033,0.0760851937942591,0.0859142978362325,0.6596280354097296,117.57,103.95
50593.75,0.2386025921492549,0.0709551867668522,0.0975463159383396,0.620888491837895,101.39,87.91
51453.25,0.3735811284930037,0.0588356127358235,0.1125017677839061,0.6011532526597905,81.48,71.55
51844.25,0.4732478226771783,0.0468295583545056,0.1263965492858153,0.5804434337691871,68.35,62.65
50345.0,0.5083171667973748,0.0407481485485701,0.1313463442228822,0.560626979615041,63.3,60.9
48336.25,0.469718702274322,0.040764365641386,0.1213760429925046,0.5675302525785755,64.55,62.94
46706.25,0.3623436661575928,0.0468728039353478,0.117805119502192,0.5846666125233493,81.44,73.35
46098.75,0.1992044000495315,0.0606303043407751,0.1183000989958987,0.6438723300576626,100.6,90.9
48274.5,0.0492683782556651,0.0944807827450132,0.1277047093763258,0.7230569316982052,125.73,112.22
51134.25,0.0005520700045403,0.1466890102167684,0.1611158252015273,0.7205392674409161,150.9,133.0
50837.5,0.0,0.1933185577598789,0.2230236175929854,0.6625517745472265,118.74,114.04
48047.0,0.0,0.2214822422833666,0.2836232498939329,0.620888491837895,96.48,93.82
45420.75,0.0,0.2345424076977134,0.3255904398246358,0.5737838057337773,88.76,83.19
44175.25,0.0,0.2322341748202605,0.3506929712911893,0.5791439941525217,87.5,80.37
41283.5,0.0,0.2240012973674252,0.3499151463725074,0.5616827743035816,76.63,70.74
38781.0,0.0,0.2792529325909508,0.5578065337293169,0.5373182814911069,92.22,78.64
37121.25,0.0,0.2708849126979836,0.5567105077075378,0.5435718346463088,84.0,72.31
35966.0,0.0,0.2582193632088221,0.4225357092349031,0.5436530496223504,82.23,70.3
35613.25,0.0,0.2518730742202281,0.4052821383114128,0.5405668805327702,80.43,68.91
35759.0,0.0,0.2298826963619655,0.3110946117946542,0.5399983757004791,79.41,63.3
35908.75,0.0,0.2137575004054273,0.3337929571489181,0.5261918297734102,78.79,64.33
36493.75,0.0,0.204173198551273,0.3268278885589025,0.5248923901567449,85.14,69.47
38217.5,0.0001289883188178,0.2090275150008108,0.3195092631876679,0.5196946316900837,89.21,74.05
40609.5,0.0227174227101993,0.2163414238607492,0.3131098854476029,0.5118979939900917,88.05,75.74
44426.75,0.1043205927271226,0.1997134980269203,0.3857658039881205,0.5098676195890522,84.34,72.17
47246.25,0.2114273331407107,0.1788366938753446,0.4598005939753924,0.5633070738244133,66.48,58.62
49383.25,0.3047220043752838,0.1556840910319476,0.5009546033092914,0.5759766100869,54.72,48.36
50993.25,0.3658108721674165,0.1665765717065787,0.4881204921510395,0.5144156582473808,42.5,37.46
50760.75,0.3830643496924918,0.201156819287529,0.4275208598500919,0.5361812718265249,39.99,35.94
49008.25,0.348903083336773,0.2161630358397751,0.3746641210578419,0.5011776171526029,40.0,38.26
46968.25,0.2704472282990052,0.1991513054759716,0.3593197567529345,0.5281409891984082,64.33,56.81
45316.25,0.1495593759029182,0.1682955835450565,0.3203577994625937,0.5927068951514659,111.53,83.94
46240.0,0.0352086515045197,0.141802259581599,0.3066751520294159,0.5612766994233737,123.67,96.86
49832.0,0.0002992528996574,0.1259257257149035,0.292674303493141,0.6275481198733046,148.3,113.08
51382.25,0.0,0.1127196064652143,0.2642483382831282,0.6904897263055307,145.71,116.76
49927.75,0.0,0.0954862424995945,0.2319332484797058,0.6255177454722651,130.47,109.96
47662.25,0.0,0.0756689550786529,0.2097652382972705,0.6152846584910258,118.15,99.87
45590.0,0.0,0.0608086923617492,0.2088813463442229,0.5686672622431577,112.01,94.82
44399.0,0.0,0.0533704524568895,0.2444138028567388,0.5634695037764964,113.68,93.22
42445.75,0.0,0.0527217687442564,0.3091854051760713,0.5505563225858848,102.99,84.95
40439.5,0.0,0.0841829288069625,0.4753570923490312,0.5304150085275725,95.6,80.23
39627.0,0.0,0.1061300610843829,0.5429925045962382,0.536912206610899,94.37,74.97
39548.5,0.0,0.1293799664846748,0.5808230801866779,0.5268415495817429,88.74,71.15
39889.75,0.0,0.1490675171630898,0.5942228821948805,0.51847640704946,84.09,67.94
41431.25,0.0,0.1664360235688415,0.581176636967897,0.5149841630796719,86.26,70.05
45156.75,0.0,0.1852370398399913,0.6456300381841323,0.5192885568098757,99.93,79.46
52895.75,2.063813101085566e-05,0.1997999891886047,0.7473483241408571,0.5918135304150085,109.92,92.5
58273.75,0.0181615552895529,0.2093302340667063,0.795290623674162,0.5803622187931454,130.01,110.51
61131.0,0.0958847566764353,0.2185631655765176,0.8184839485221327,0.5801997888410623,127.38,103.73
62045.5,0.2018770380154373,0.2277690685983026,0.8219841606562014,0.5806058637212702,116.18,93.2
62417.0,0.3025085648243695,0.238218282069301,0.8132866638382125,0.5525054820108828,97.61,82.36
63325.5,0.3705834399636769,0.2642413103410995,0.7909065195870457,0.5281409891984082,98.31,81.62
62958.75,0.387011392248318,0.2946483593707768,0.7683495969452694,0.5336636075692358,94.93,79.89
61505.5,0.3511320014859454,0.3118601005459754,0.7427874416631312,0.5485259481848452,101.33,83.56
59840.5,0.2656127461097123,0.2775987891237364,0.6645099703012304,0.5994477381629172,113.93,93.1
58966.0,0.1477483799067156,0.2587112816909022,0.649943430915005,0.5486883781369285,121.36,102.18
59220.75,0.0341251496264498,0.2483701821720093,0.6309220760854193,0.5739462356858605,124.2,121.26
61879.25,0.0002012217773558,0.2488891291421157,0.5915358506576156,0.5970112888816698,141.11,139.8
61946.0,0.0,0.2532244986215471,0.5426035921368972,0.6514253228295298,148.8,140.57
60342.75,0.0,0.2572571490350829,0.4954037618441522,0.583935677738975,146.12,126.52
57097.0,0.0,0.2571814692686091,0.4412035072832697,0.5469016486640137,124.19,107.01
53498.25,0.0,0.2469809178874533,0.380285673879225,0.5639567936327459,115.59,99.81
49905.5,0.0,0.2312989891345478,0.3231862537123462,0.5426784699098514,109.96,102.87
46742.5,0.0,0.2162657440942753,0.2728397680667515,0.5457646389994315,102.41,93.9
43504.0,0.0,0.2125412184442402,0.2044618865789846,0.5364249167546495,101.34,93.05
42115.75,0.0,0.1942537434455916,0.1636614340263046,0.532445382928612,100.04,91.23
41319.5,0.0,0.1763608843721282,0.1386649695941168,0.5292779988629903,98.83,89.06
41698.75,0.0,0.1617709065354884,0.1265733276764248,0.5361812718265249,98.17,88.18
42888.75,0.0,0.1541272501216282,0.1100268703153726,0.5330951027369447,100.02,89.43
46491.75,0.0,0.1464079139412941,0.1025314665535285,0.5351254771379842,113.1,100.81
53700.5,5.159532752713915e-06,0.1421103843450997,0.1041224720690142,0.5810931535775197,127.38,115.14
58549.0,0.0140132909563709,0.1392075247310665,0.1035567812190637,0.718996182896126,157.73,145.26
60886.0,0.0740031782721756,0.1326071679550245,0.1082237307311554,0.6392430764232925,151.32,144.39
61594.0,0.1534857803277335,0.123644521325477,0.1168151605147786,0.5513684723463007,129.69,127.21
61754.75,0.2272103438312626,0.1166819828098816,0.1371093197567529,0.5242426703484122,120.7,118.87
62469.25,0.2802864572584306,0.1142818530731391,0.1490595389619572,0.5006091123203119,112.97,110.84
61617.5,0.2942894291492962,0.1144980809773501,0.158216659595531,0.5044262161942662,105.45,104.0
60554.75,0.2682595864118545,0.1141899562138493,0.1648988827605713,0.5048322910744741,117.73,107.52
59017.5,0.205922111693565,0.1086869560516784,0.170308301513223,0.5150653780557135,135.94,120.25
58730.0,0.1140617905642465,0.1062327693388831,0.1784754631593834,0.6186956874847722,172.26,145.39
59106.0,0.025555165724192,0.1084058597762041,0.1825413661434026,0.7470153496304719,212.72,174.52
61692.0,0.0001289883188178,0.1151359532947726,0.1824706547871588,0.7569235767075448,285.8,225.94
62029.75,0.0,0.1217038758851829,0.186147645311837,0.7492081539835945,257.44,213.75
60520.75,0.0,0.1262662846640359,0.1913802856738792,0.6973117842930237,203.82,175.72
57299.5,0.0,0.1284123466133304,0.1915217083863668,0.6182896126045643,140.6,125.37
53756.25,0.0,0.1269203740742742,0.1965775703577994,0.553642491675465,124.05,110.88
50687.75,0.0,0.1245202443375317,0.2139725639937774,0.5710224965483636,118.08,96.6
47627.0,0.0,0.1228120438942645,0.2385094046103804,0.5208316413546658,103.09,84.31
45155.75,0.0,0.109541056273312,0.3037406307452976,0.4980914480630228,100.71,82.51
43661.25,0.0,0.1102978539380507,0.2786734549568661,0.5104361244213433,100.52,80.35
42697.5,0.0,0.1019622682307151,0.2555508414651393,0.5347194022577764,98.16,76.69
43358.75,0.0,0.0980431374668901,0.2799816150473766,0.4966295784942743,98.05,72.12
44979.25,0.0,0.0972917454997567,0.3387073964078631,0.4921627548119873,100.56,72.08
48238.5,0.0,0.0976863614249418,0.3564559468250601,0.5054007959067652,106.32,77.64
55238.25,5.159532752713915e-06,0.0945510568138818,0.3363385659736954,0.5378055713473564,123.54,89.45
60400.25,0.008600941098774,0.0916698199902697,0.347793805685193,0.5964427840493787,139.68,103.95
62696.25,0.0533960044578363,0.0870803827233904,0.3267925328807806,0.5930317550556322,138.91,109.78
63380.0,0.1160688488050522,0.0827450132439591,0.3087964927167303,0.5335011776171527,124.34,98.73
63895.25,0.1773847360383043,0.0870587599329693,0.2998868618300099,0.5315520181921546,115.0,83.68
64223.5,0.2239907953935691,0.0974809449159414,0.2964927167303068,0.5591651100462925,109.68,80.11
64231.5,0.2436640937796673,0.1106870641656305,0.2951492009616744,0.5706164216681556,102.53,76.06
62879.5,0.2296662814215544,0.123547218768582,0.288148776693537,0.5586778201900431,106.95,78.42
60964.0,0.1777717009947579,0.1232066598194497,0.2886791118653656,0.6497198083326565,111.31,87.28
60511.0,0.0942698229248359,0.112184442402292,0.2945835101117239,0.672541216600341,126.16,98.23
60618.5,0.0192553762331283,0.1024812152008216,0.2962452269834535,0.7488020791033867,160.0,127.68
62816.25,7.739299129070872e-05,0.0987999351316287,0.2901994060246075,0.7266303906440348,193.88,147.8
62779.25,0.0,0.0967511757392291,0.2742539951916278,0.7539186225940063,192.89,153.3
61098.0,0.0,0.0935455970593005,0.2536416348465563,0.6744903760253391,159.44,134.55
57980.75,0.0,0.0873344505108384,0.2306250883891953,0.5886461463493868,133.56,106.2
54414.0,0.0,0.0813287204713768,0.2137957856031678,0.560626979615041,122.67,96.85
50666.5,0.0,0.0767284718092869,0.208810634987979,0.5598148298546252,115.34,94.2
46719.0,0.0,0.074085085680307,0.2203365860557205,0.5305774384796557,112.37,90.43
43719.25,0.0,0.0997026866317098,0.3055437703295149,0.5435718346463088,105.16,86.1
42007.25,0.0,0.1072328233958592,0.3588954886154716,0.5176642572890441,98.51,82.07
41257.0,0.0,0.1133845072706632,0.4227831989817565,0.5403232356046455,96.58,80.43
41768.5,0.0,0.1150386507378777,0.4733771743742045,0.5208316413546658,94.81,78.78
43051.75,0.0,0.1214876479809719,0.5213194739075095,0.5142532282952976,98.03,78.97
44834.0,0.0,0.1252770420022703,0.5393155140715599,0.5404044505806871,102.34,81.42
50344.0,0.0,0.1317422563381804,0.5263399802008203,0.677414115162836,121.15,95.07
54830.0,0.0100817269988029,0.1310503270447051,0.4990807523688304,0.6786323398034597,135.53,112.73
57885.0,0.0627863540677756,0.1371317368506405,0.5318908216659596,0.6842361731503289,133.47,110.18
59444.25,0.139823337598547,0.1452565003513703,0.5615188799321171,0.6722975716722164,123.28,88.01
60293.25,0.2165146324348867,0.1583274771609276,0.5854900296987696,0.6671810281815966,105.14,73.78
61456.75,0.2689767614644818,0.1873668846964701,0.6013647291755055,0.6394055063753756,98.05,67.3
60960.5,0.2751630412349857,0.2213579112384453,0.6147291755055861,0.6156095183951921,88.91,61.84
59332.25,0.239268171874355,0.2506621979566463,0.6299321170980059,0.7058393567773897,92.55,63.49
57584.0,0.1815794361662608,0.2561760095140278,0.6976735963795786,0.6969057094128157,99.38,66.91
57023.0,0.09231951954431,0.2621655224606735,0.7048154433602036,0.6557297165597337,111.5,73.58
56982.25,0.0177591117348412,0.2712038488566949,0.7127704709376326,0.660521400146187,123.17,81.88
59155.0,6.191439303256697e-05,0.2898913454781339,0.6664898882760572,0.6597092503857711,129.0,87.93
59025.0,0.0,0.3108600464889994,0.655564983736388,0.6772516852107529,128.41,88.64
57186.0,0.0,0.3283420725444618,0.7244378447178617,0.6532932672784861,117.84,81.63
54241.0,0.0,0.3449483755878696,0.7169070852778956,0.5395110858442297,105.8,71.74
51552.75,0.0,0.3537056057084167,0.7113915994908783,0.5121416389182165,85.34,63.74
48714.0,0.0,0.3503108276123033,0.70697213972564,0.5029643466255177,80.44,63.55
45485.25,0.0,0.3507811233039624,0.7033305048790836,0.4810363030942906,64.56,55.47
43529.25,0.0,0.3920211903346127,0.4502545608824777,0.4689352716640949,63.34,54.08
42162.25,0.0,0.3932645007838261,0.5217083863668505,0.4647933078859741,62.95,50.98
42333.75,0.0,0.3925185145142981,0.4903832555508414,0.4662551774547226,57.1,46.35
41951.5,0.0,0.3923130980052975,0.4891811624946967,0.4806302282140827,54.54,42.85
42716.5,0.0,0.3875236499270231,0.4286522415499929,0.4641435880776415,56.99,41.37
44413.5,0.0,0.3869074004000216,0.4368901145523971,0.4622756436286851,63.21,44.93
47361.0,0.0,0.3935455970593005,0.4770895205770046,0.4775440591245025,69.68,49.56
49815.0,0.0116553844883807,0.3917022541759014,0.5465987837646726,0.4869649963453261,70.35,52.64
52264.0,0.0666405250340529,0.3748364776474404,0.5515132230236176,0.4888329407942824,64.18,51.34
54014.25,0.1396479134849548,0.3618303692091464,0.5554730589732711,0.4687728417120116,61.2,49.36
56137.25,0.2140174185825731,0.3582626087896643,0.5538820534577853,0.4620319987005604,55.01,43.3
57655.5,0.2777789243406117,0.3638088545326774,0.5571347758450007,0.465199382766182,32.04,33.39
57754.25,0.3022763858504974,0.3689496729552949,0.5657615613067458,0.4708844310890928,29.49,31.0
55990.75,0.2800026829570314,0.366836045191632,0.5863032102955734,0.4668236822870137,34.9,33.84
54202.5,0.2101322904197795,0.3525974376993351,0.6423066044406732,0.4925688296921952,63.83,47.04
53286.75,0.1089538531390597,0.3375371641710363,0.6496605854900297,0.4969544383984406,89.33,59.7
54379.5,0.0206329714781029,0.3244121303854262,0.6485292037901287,0.4940306992609437,115.98,73.47
57093.5,4.127626202171132e-05,0.3152332558516676,0.6346344222882195,0.5192885568098757,119.87,79.62
57673.75,0.0,0.3071030866533326,0.6182647433177768,0.5510436124421343,117.97,84.03
55976.75,0.0,0.3025893291529272,0.6166030264460473,0.4995533176317713,117.59,78.33
53611.75,0.0,0.3044380777339315,0.6477513788714467,0.489320230650532,113.2,75.62
50861.5,0.0,0.3022433645061895,0.6714750388912459,0.4827418175911638,104.64,69.84
48291.0,0.0,0.2944537542569869,0.6630603874982323,0.5056444408348899,98.41,68.42
45588.5,0.0,0.2847721498459376,0.6318766793947108,0.460732559083895,85.64,65.14
43180.75,0.0,0.2714579166441429,0.5985009192476312,0.4726711605620076,95.75,75.48
41090.25,0.0,0.2377696091680631,0.5118441521708387,0.4684479818078453,91.31,75.96
40090.25,0.0,0.2100113519649711,0.463725074246924,0.4634126532932672,88.76,76.09
40041.25,0.0,0.1900805448943186,0.4291472210436996,0.442865264354747,86.0,73.9
40958.0,0.0,0.1807827450132439,0.4420873992363173,0.434906196702672,86.85,74.35
41098.25,0.0,0.1635818152332558,0.392730872578136,0.4351498416307967,92.13,76.8
42429.0,0.0,0.1457700416238715,0.3201103097157403,0.4461950783724518,96.97,82.24
44227.5,0.0104480538242456,0.1213795340288664,0.2316504030547305,0.443839844067246,100.11,85.79
47667.5,0.0679562058859949,0.095437591221147,0.14651393013718,0.4410785348818322,101.16,86.89
50037.25,0.1599764725306476,0.0697497162008757,0.0804695234054589,0.4554535856411922,109.64,85.32
51361.75,0.2431429809716432,0.0477863668306394,0.0425682364587752,0.4456265735401608,91.19,76.84
53186.75,0.2929015148388162,0.0374290502189307,0.0255621552821383,0.4565905953057744,94.44,76.42
53147.25,0.2987524249803938,0.0309368073949943,0.0196577570357799,0.4673109721432632,88.68,75.71
51697.5,0.2623828786065134,0.029266446834964,0.017748550417197,0.4573215300901486,91.51,77.39
50948.25,0.1916508440995583,0.0304719174009405,0.0143544053174939,0.4507431170307804,103.42,84.6
50223.25,0.0941201964750072,0.0332396345748418,0.0142836939612501,0.4594331194672297,122.3,97.55
51130.75,0.0158552441490898,0.0404724579707011,0.0136826474331777,0.5134410785348819,137.61,113.1
54111.5,4.6435794774425226e-05,0.0527704200227039,0.0133998020082025,0.6554048566555672,158.56,129.9
54814.25,0.0,0.0648413427752851,0.0135058690425682,0.608625030455616,149.92,123.96
52947.75,0.0,0.0721876858208551,0.0165111016829302,0.5711849265004467,134.96,113.39
49610.75,0.0,0.0772420130817882,0.0229458351011172,0.4989035978234386,122.79,102.7
47551.75,0.0,0.0785285691118438,0.0340475180313958,0.4655242426703484,111.26,94.75
45846.5,0.0,0.0772528244769987,0.050593975392448,0.4585397547307723,106.28,91.02
43878.75,0.0,0.0763392615817071,0.0770753783057559,0.4425404044505807,100.61,86.14
41313.5,0.0,0.0813016919833504,0.155564983736388,0.4291399334037196,101.19,86.66
39506.0,0.0,0.0861019514568355,0.1672323575166171,0.4236985300089336,96.63,82.58
38689.25,0.0,0.0862803394778096,0.1710154150756611,0.4217493705839357,89.05,77.03
38567.0,0.0,0.0845937618249635,0.1732428227973412,0.420125071063104,85.09,74.57
38867.25,0.0,0.0811989837288502,0.1889760995615896,0.4211808657516446,87.43,72.79
39303.5,0.0,0.0810908697767446,0.2070428510818837,0.4281653536912206,88.5,70.94
40316.25,0.0,0.0835396507919347,0.2228468392023759,0.440916104929749,95.56,73.75
42537.25,0.0187755396871259,0.0854965133250446,0.2535355678121906,0.4515552667911963,98.11,72.96
45518.75,0.1206814710859784,0.0809449159414022,0.2778956300381841,0.4414846097620401,88.47,66.02
49264.0,0.2680532051017459,0.076123033677496,0.2957856031678688,0.4614634938682693,83.97,62.18
51759.75,0.3942760143641391,0.0682523379642142,0.3135695092631876,0.4897263055307398,70.71,51.08
52807.75,0.4649822512073306,0.0646575490567057,0.3209234903125442,0.4736457402745066,60.78,44.88
52449.75,0.4733148966029636,0.0685928969133466,0.3224791401499081,0.474539105010964,52.63,41.76
50137.5,0.4159357328600322,0.0751716308989675,0.323645877527931,0.4842849021359539,61.08,42.81
48064.25,0.2945835225162009,0.0815719768636142,0.313039174091359,0.4559408754974417,84.37,57.44
47943.75,0.144477236141495,0.0891453592086058,0.3143119785037477,0.4560220904734833,100.95,70.34
50110.25,0.0252352746935237,0.1049840531920644,0.3153019374911611,0.4652805977422237,115.16,88.03
54699.0,7.739299129070872e-05,0.125936537110114,0.3119785037477018,0.5019897669130188,127.91,100.23
55599.0,0.0,0.1428833991026541,0.3061448168575873,0.4958174287338585,126.09,102.26
54283.5,0.0,0.1525866263041245,0.2968816291896478,0.4769755542922115,120.72,96.24
52126.5,0.0,0.1558786961457376,0.2790977230943289,0.4846097620401202,110.8,86.65
49748.75,0.0,0.1514352127142007,0.2491514637250742,0.4737269552505482,102.0,81.41
48060.5,0.0,0.1406184118060435,0.2092349031254419,0.4676358320474295,100.69,81.43
44868.75,0.0,0.1290988702092005,0.1651817281855466,0.4684479818078453,94.53,81.68
41731.75,0.0,0.1017298232336883,0.1139159949087823,0.4832291074474133,92.04,80.05
40586.0,0.0,0.0934104546191686,0.0809645028991656,0.481929667830748,89.96,78.54
40344.5,0.0,0.084955943564517,0.0520082025173242,0.4798180784536668,90.07,78.59
40757.75,0.0,0.079296178171793,0.0342242964220053,0.4876959311297003,89.86,78.77
42584.0,0.0,0.0731228715065679,0.0204002262763399,0.4864777064890765,90.8,79.87
46397.25,0.0,0.0674739175090545,0.0129755338707396,0.4776252741005441,98.52,87.13
54701.25,0.0,0.0685928969133466,0.0114198840333757,0.518070332169252,124.89,115.23
60333.5,0.0097102406406075,0.0654305638142602,0.0134351576863244,0.576382684967108,144.91,140.35
63042.75,0.0734356296693771,0.0628952916373858,0.0163343232923207,0.5756517501827337,139.18,135.92
63872.75,0.1632682544268791,0.0571976863614249,0.0173949936359779,0.5150653780557135,120.63,120.16
64035.5,0.2518109959962026,0.0491810368128006,0.019622401357658,0.5209128563307074,100.0,96.8
63970.75,0.3192512486069261,0.0393534785664089,0.0210719841606562,0.4721026557297165,97.12,90.5
63367.5,0.3496305774549056,0.032693659116709,0.0213194739075095,0.4857467717047024,95.16,89.03
62381.75,0.3315464151566434,0.0308827504189415,0.0185263753358789,0.4859904166328271,98.47,91.46
60407.25,0.281524745119082,0.0342180658413968,0.0118795078489605,0.4631690083651425,103.17,96.35
60479.75,0.1436465513683081,0.0423266122493107,0.0123037759864234,0.5400795906765208,130.4,123.41
61328.5,0.0256222396499773,0.0649008054489431,0.0161221892235893,0.6460651344107854,181.47,171.35
64180.75,1.031906550542783e-05,0.0988810205957078,0.0246782633290906,0.6799317794201251,290.21,239.1
63799.25,0.0,0.1284772149845937,0.0389266016122189,0.6574352310566068,241.04,211.9
62313.75,0.0,0.1468511811449267,0.058513647291755,0.5781694144400228,162.09,168.64
58911.75,0.0,0.1602464998108005,0.0856668080893791,0.4876959311297003,123.0,128.38
55770.0,0.0,0.166484674847289,0.1167798048366567,0.4548850808089011,112.27,108.3
52102.0,0.0,0.1669495648413427,0.1442158110592561,0.4615447088443108,107.98,99.77
48525.75,0.0,0.1657386885777609,0.1603733559609673,0.4608137740599367,97.6,87.95
46227.75,0.0,0.1699497270122709,0.2314029133078772,0.4685291967838869,101.77,84.31
44809.0,0.0,0.1625817611762798,0.208068165747419,0.4546414358807764,94.0,82.01
44087.25,0.0,0.1554516460349208,0.1962240135765804,0.456265735401608,91.2,79.52
44727.0,0.0,0.1542191469809178,0.1692829868476877,0.4565093803297328,93.0,79.32
46274.5,0.0,0.1456294934861343,0.1299321170980059,0.4807114431901242,95.39,81.24
49274.75,0.0,0.1359370776798746,0.0997383679818978,0.4885080808901161,104.88,88.74
56571.25,0.0,0.1279204281312503,0.0816009051053599,0.5580281003817104,127.95,108.17
61692.0,0.0103655013002022,0.1156927401481161,0.0799391882336303,0.5910013806545927,149.32,131.69
64793.25,0.0806538159904239,0.1031461160062706,0.0863032102955734,0.5064565905953058,139.15,128.36
64944.0,0.1796497709167457,0.0849397264717011,0.091359072267006,0.5321205230244457,118.23,111.34
65607.75,0.2709477029760185,0.0640899508081517,0.087222457926743,0.5811743685535613,105.87,100.28
66398.0,0.3350033021009617,0.0469322666090058,0.0783128270400226,0.5439779095265167,95.28,91.02
65988.5,0.3539800635654435,0.0338288556138169,0.066468674869184,0.5623324941119142,94.92,90.46
64442.5,0.320876501424031,0.0263149359424833,0.0544830999858577,0.6003411028993746,99.25,94.18
62869.75,0.2581365831510298,0.0225255419211849,0.0453259793522839,0.5565662308129619,110.35,103.55
62081.25,0.1233541090518842,0.0235580301637926,0.0389973129684627,0.6125233493056119,155.99,136.03
62201.75,0.0192089404383539,0.0310611384399156,0.0370173949936359,0.6318525136035085,331.83,242.94
65151.5,1.5478598258141743e-05,0.0406021947132277,0.0372295290623674,0.6675871030618046,505.31,341.8
65058.5,0.0,0.0450078382615276,0.0379366426248055,0.6634451392836839,468.74,320.56
63177.75,0.0,0.0441861722255257,0.0385730448309998,0.6180459676764395,341.7,249.86
59777.0,0.0,0.0411535758689658,0.0363456371093197,0.5855599772598067,172.14,149.56
56391.25,0.0,0.0375155413806151,0.0311129967472776,0.5817428733858524,130.77,118.17
53024.5,0.0,0.0351640629223201,0.022274077216801,0.5313895882400714,117.77,105.38
49815.5,0.0,0.0319801070328125,0.0146018950643473,0.5058880857630147,110.03,95.1
47092.0,0.0,0.0227525812206065,0.0090864092773299,0.4976041582067733,106.39,91.15
45605.75,0.0,0.0203902913671009,0.0053387073964078,0.4865589214651181,99.05,86.81
45207.75,0.0,0.017611762797989,0.0018384952623391,0.4963859335661496,95.47,84.09
45420.5,0.0,0.0158603167738796,0.0013081600905105,0.4798992934297084,97.04,84.28
46804.75,0.0,0.0134655927347424,0.0017324282279734,0.4741330301307561,100.51,85.86
49850.75,0.0,0.0116060327585274,0.0019799179748267,0.5252172500609112,110.25,95.35
57449.0,0.0,0.0093680739499432,0.0026516758591429,0.6664500933972225,163.4,124.79
62611.25,0.0059644198621372,0.0076977133899129,0.0032880780653372,0.6613335499066028,299.99,199.66
65643.75,0.0446918727040079,0.0058705875993296,0.0052326403620421,0.6792008446357508,240.54,173.46
66476.75,0.0935320097411978,0.003546137629061,0.0050205062933107,0.6607650450743117,144.94,126.61
67077.5,0.1386108474016593,0.0029082653116384,0.0055154857870173,0.7035653374482255,133.46,118.09
68086.75,0.1646458496718537,0.0028596140331909,0.0061165323150898,0.7035653374482255,123.2,112.76
67769.0,0.1687889544722829,0.0027190658954538,0.0078843162211851,0.7056769268253066,123.2,111.06
66899.5,0.1486564576711933,0.0026379804313746,0.0080964502899165,0.7212702022252904,125.55,113.85
65949.5,0.1083450282742394,0.0040380561111411,0.0050205062933107,0.6993421586940631,141.76,123.79
64935.75,0.0478546662814215,0.0041840099464835,0.0050558619714326,0.7228132867700804,270.09,179.24
64778.5,0.0065216493994303,0.0045786258716687,0.0053740630745297,0.7553804921627548,524.25,283.46
66422.75,5.159532752713915e-06,0.0054165090004865,0.0059751096026021,0.7302850645659059,820.11,448.82
65986.5,0.0,0.0064544029406994,0.0073893367274784,0.7241939413627873,805.08,386.03
63918.75,0.0,0.0073679658359911,0.0087682081742327,0.7055144968732234,450.0,267.92
60553.0,0.0,0.0083409914049408,0.0097581671616461,0.669455047510761,207.35,156.17
56872.0,0.0,0.008854532677442,0.0106420591146938,0.5753268902785673,133.48,120.59
53402.5,0.0,0.009168063138548,0.01057134775845,0.5530739868431739,119.35,108.34
49964.75,0.0,0.0094005081355748,0.0112077499646443,0.5090554698286364,111.73,96.09
47530.75,0.0,0.0070814638629115,0.0074246924056003,0.4753512547713798,109.54,89.52
45914.0,0.0,0.0102113627763662,0.009793522839768,0.4624380735807682,102.98,84.79
45229.0,0.0,0.0127033893723985,0.0111370386084005,0.4765694794120035,99.74,82.61
45564.75,0.0,0.0116546840369749,0.0119855748833262,0.480955088118249,99.85,81.57
46943.5,0.0,0.0102113627763662,0.0147786734549568,0.4806302282140827,102.73,79.22
50366.25,0.0,0.0089626466295475,0.0218498090793381,0.4820108828067895,116.89,94.4
57635.0,0.0,0.0085085680307043,0.0259157120633573,0.6757898156420044,157.41,112.82
63035.75,0.0017542411359227,0.0095032163900751,0.026799604016405,0.7511573134085926,219.56,160.91
65989.25,0.0206794072728773,0.0122330936807395,0.0312190637816433,0.7158287988305043,191.99,160.04
66641.0,0.0534166425888471,0.0140818422617438,0.0337293169282986,0.6757898156420044,152.92,133.06
67385.5,0.0833832088166095,0.0149413481809827,0.0328100692971291,0.6156907333712337,148.9,124.15
68012.0,0.1018491765385726,0.0156116546840369,0.032067600056569,0.6698611223909688,134.81,117.05
67585.0,0.105089363107277,0.0155575977079842,0.0341535850657615,0.602615122228539,135.06,115.88
66881.0,0.094357534981632,0.0149575652737985,0.0330929147221043,0.6557297165597337,132.91,117.08
65624.75,0.07899244644405,0.0160008649116168,0.0295219912317918,0.6861041175992854,139.94,120.99
65179.75,0.0354821067404135,0.0190118384777555,0.0288855890255975,0.7113619751482173,189.42,155.11
65031.5,0.0052059685474883,0.026720363262879,0.0361688587187102,0.7281734751888248,261.16,199.44
66800.25,0.0,0.0407697713389913,0.0523617592985433,0.7404369365711038,408.26,287.86
66493.0,0.0,0.0577220390291367,0.0755550841465139,0.7340209534638187,296.78,227.49
64597.0,0.0,0.0724741877939348,0.0986423419601188,0.7296353447575733,175.11,155.43
60815.5,0.0,0.085328936699281,0.1205982180738226,0.6452529846503695,129.41,128.57
57370.75,0.0,0.0927455538137196,0.1450289916560599,0.5355315520181921,113.92,109.29
54046.25,0.0,0.0956484134277528,0.1694951209164192,0.5037764963859336,111.77,105.19
50457.75,0.0,0.0976214930536785,0.186925470230519,0.4738893852026313,99.87,94.9
47413.5,0.0,0.0855775987891237,0.3161151180879649,0.4638187281734752,99.57,87.63
45931.25,0.0,0.0888966971187631,0.3296563428086551,0.4651181677901405,99.73,84.8
45381.75,0.0,0.0876696037623655,0.3010889548861547,0.4733208803703403,97.97,81.35
45531.5,0.0,0.0843234769446997,0.2706123603450714,0.4699910663526354,97.69,80.64
47199.75,0.0,0.091831990918428,0.2714255409418752,0.4668236822870137,97.45,77.75
50318.25,0.0,0.1032055786799286,0.3303634563710932,0.4689352716640949,98.21,87.79
57348.0,0.0,0.1158603167738796,0.3729670485079904,0.5607081945910826,107.19,110.63
62757.75,0.0017542411359227,0.1246013298016109,0.4352637533587894,0.5638755786567043,127.55,129.63
65738.5,0.020720683534899,0.1353911022217417,0.4687809362183566,0.5686672622431577,132.91,126.81
66522.25,0.0553927436331365,0.1434942429320503,0.4832060528920944,0.5448712742629741,126.52,117.86
67081.75,0.0911379865439385,0.1512676360884372,0.4926106632725215,0.488914155770324,117.34,109.9
67483.25,0.1159862962810087,0.1594464565652197,0.4971008343940036,0.5000406074880208,110.94,103.42
66893.25,0.1246646303710736,0.1664900805448943,0.4840192334888983,0.5902704458702185,105.59,98.65
65977.5,0.1149647087959714,0.1753175847343099,0.4738014425116674,0.6587346706732722,106.81,98.03
64486.25,0.0959105543401989,0.180961133034218,0.4403549710083439,0.652724762446195,112.25,102.01
64065.75,0.0425661452098897,0.1863452078490729,0.4770541648988827,0.6001786729472914,123.59,106.55
64737.0,0.0054484665868658,0.1997297151197362,0.5326686465846415,0.5688296921952408,129.1,120.75
66340.75,0.0,0.2227796097086329,0.585348606986282,0.5417038901973524,128.56,123.41
65282.0,0.0,0.2385750581112492,0.6077994625936926,0.5409729554129782,132.9,115.83
62986.0,0.0,0.2424941888750743,0.5848536274925753,0.5317144481442379,127.19,105.32
59249.25,0.0,0.2403859668090167,0.5239357940885306,0.5143344432713393,115.74,87.44
55585.75,0.0,0.2278717768528028,0.4484514212982605,0.5162023877202956,109.48,82.93
52677.5,0.0,0.2105411103302881,0.3744166313109885,0.4853406968244944,113.0,84.68
49858.5,0.0,0.1928536677658252,0.3151251591005515,0.4924063997401121,104.06,79.2
46671.0,0.0,0.1587707443645602,0.3310352142554094,0.4770567692682531,105.1,96.11
43827.5,0.0,0.14622952592032,0.3295856314524112,0.4902135953869894,99.96,88.86
43012.0,0.0,0.1361695226769014,0.3325908640927733,0.4630065784130593,98.0,86.61
42645.5,0.0,0.1271798475593275,0.3264389760995616,0.4751076098432551,96.68,85.37
42501.25,0.0,0.115319747013352,0.344010748126149,0.4500121822464062,98.41,86.28
43393.25,0.0,0.1100654089410238,0.3468038466977796,0.4499309672703646,100.69,92.37
45297.0,0.0,0.1015946807935564,0.312296704850799,0.4548038658328596,104.31,98.72
47763.0,0.0056238907004581,0.0898210714092653,0.2583439400367699,0.4741330301307561,109.87,103.29
50938.5,0.0473645106699137,0.079079950267582,0.2254631593833969,0.4757573296515877,114.1,106.98
53371.75,0.1003735501712964,0.0631115195415968,0.1836020364870598,0.4634938682693089,114.6,107.41
54765.5,0.1650586122920708,0.0482458511270879,0.1602672889266016,0.4852594818484528,109.97,103.47
55653.25,0.2216174103273207,0.0374614844045624,0.1448875689435723,0.4525298465036952,106.4,100.17
55388.25,0.2397273702893466,0.029639439969728,0.1371446754348748,0.4450580687078697,106.88,100.43
54851.0,0.2194555661039336,0.0258176117627979,0.1335030405883185,0.4432713392349549,108.0,101.33
53038.0,0.1721839270235687,0.0237904751608195,0.1320181021071984,0.484447332088037,110.18,103.96
52876.75,0.0776922441903661,0.0265365695442996,0.1318413237165888,0.4924876147161536,121.46,113.35
54050.25,0.0096586453130804,0.0373749932428779,0.1308513647291755,0.5256233249411192,137.23,125.92
56850.5,0.0,0.0524082382831504,0.1289421581105925,0.6519938276618208,146.93,135.62
56682.5,0.0,0.0620520028109627,0.1218710224862112,0.6338016730285064,147.8,136.8
54655.0,0.0,0.0633169360505973,0.1107339838778107,0.5431657597661008,139.9,135.65
51572.75,0.0,0.0590194064544029,0.0970159807665111,0.5192073418338342,128.32,125.26
49098.25,0.0,0.0511433050435158,0.0839697355395276,0.4828230325672054,117.96,115.82
47407.25,0.0,0.0426671711984431,0.0733983877810776,0.4730772354422155,114.53,108.67
44705.25,0.0,0.0355370560570841,0.0666808089379154,0.4470884431089093,110.1,104.09
42127.75,0.0,0.0187361478998864,0.0987130533163626,0.4535856411922358,104.99,97.62
40341.75,0.0,0.0157143629385372,0.0979352283976806,0.4445707788516202,102.28,93.39
39499.5,0.0,0.0146764689983242,0.0998797906943855,0.4319012425891334,102.01,92.46
39623.75,0.0,0.0150278393426671,0.1105925611653231,0.4477381629172419,100.86,90.77
40055.75,0.0,0.0153792096870101,0.1288714467543487,0.4686104117599285,100.88,90.75
40017.0,0.0,0.015633277474458,0.14651393013718,0.4261349792901811,101.98,94.87
40546.0,0.0,0.0164333207200389,0.1673384245509828,0.4253228295297653,100.32,94.74
42468.75,0.0026777974986585,0.016768473971566,0.1760712770470937,0.4311703078047592,102.45,97.18
45276.25,0.0274796714409543,0.0155954375912211,0.1804553811342101,0.4261349792901811,105.38,99.03
48269.0,0.0658253188591241,0.0132007135520838,0.1732074671192193,0.4340128319662146,110.99,104.49
50747.25,0.104041977958476,0.0117303638034488,0.166136331494838,0.4274344189068464,112.62,105.37
52874.0,0.1282401865687043,0.0110924914860262,0.1599490878235044,0.4298708681880939,110.13,104.03
52455.5,0.1325896726792421,0.0112870965998162,0.155211426955169,0.4456265735401608,110.92,104.37
51590.75,0.1176889420894043,0.0121087626358181,0.1493423843869325,0.4355559165110046,108.6,102.3
50639.0,0.0987328187559334,0.0096113303421806,0.1224720690142836,0.4884268659140746,112.36,104.42
50928.0,0.0421482230569199,0.0104654305638142,0.1177697638240701,0.5558352960285877,126.22,112.47
52519.0,0.0045868246171626,0.0135845180820584,0.1143049073681233,0.5435718346463088,134.02,119.75
55490.0,0.0,0.0198226931185469,0.1144816857587328,0.5910013806545927,148.72,133.79
55845.25,0.0,0.0276393318557759,0.1213760429925046,0.5829610980264761,146.01,133.81
54566.5,0.0,0.035299205362452,0.1360132937349738,0.5172581824088361,138.61,128.22
51884.0,0.0,0.0417482026055462,0.1466907085277895,0.5101924794932186,125.31,118.33
49968.75,0.0,0.0463754797556624,0.1487059821807382,0.4798992934297084,115.28,109.22
48194.75,0.0,0.0504297529596194,0.1452764814029133,0.4363680662714204,111.1,104.96
45592.75,0.0,0.0536677658251797,0.1428369396125017,0.4205311459433119,108.02,101.44
43257.5,0.0,0.0545326774420238,0.2799462593692547,0.4213432957037277,109.65,101.88
42282.75,0.0,0.0616303583977512,0.3757955027577428,0.4283277836433038,103.68,96.82
42424.25,0.0,0.0680793556408454,0.4693466270683071,0.4353934865589214,100.0,93.82
43256.0,0.0,0.0681658468025298,0.5139654928581531,0.443839844067246,97.86,90.63
45537.25,0.0,0.0770365965727877,0.5360274360062226,0.436449281247462,97.5,89.99
49893.75,0.0,0.1,0.6176636967897045,0.4302769430683018,103.89,92.83
58728.0,0.0,0.1225201362235796,0.6762480554377033,0.4768943393161699,115.69,104.58
64441.75,0.000990630288521,0.1373803989404832,0.6963300806109461,0.504669861122391,128.35,124.22
67373.25,0.0149265282536013,0.1507000378398832,0.7014212982605006,0.5023146268171851,135.06,130.61
68059.25,0.0448466586865893,0.1593059084274825,0.7157049922217508,0.4760009745797125,132.94,122.06
68846.25,0.0741476451892516,0.1584085626250067,0.7249681798896903,0.4830666774953301,128.5,115.77
68844.5,0.0960962975192966,0.1576247364722417,0.7240842879366426,0.512060423942175,124.21,106.91
68683.0,0.1008585462500516,0.1607978809665387,0.7202305190213548,0.4429464793307886,119.84,107.72
68227.5,0.0886304536261196,0.1612033082869344,0.7192052043558196,0.4849346219442865,129.02,113.42
66779.75,0.0668056300821397,0.1464727823125574,0.7059114693819828,0.4889953707463656,130.44,114.89
66498.75,0.0292855079044041,0.1506838207470674,0.7085985009192476,0.5994477381629172,139.05,119.79
66573.25,0.0040811904073967,0.1620033515325152,0.7061236034507142,0.5973361487858361,140.94,120.44
67846.75,0.0,0.1736256013838585,0.7076438976099562,0.6428165353691221,153.18,132.9
67771.0,0.0,0.1809557273366127,0.7106137745721963,0.5738650207098189,147.09,133.58
66172.5,0.0,0.1794961889831882,0.703542638947815,0.5692357670754488,133.7,123.22
62872.5,0.0,0.175339207524731,0.6829302786027436,0.5005278973442703,121.94,113.28
59080.25,0.0,0.1644737553381264,0.655246782633291,0.458214894826606,112.88,105.37
55587.5,0.0,0.1519271311962808,0.6169565832272663,0.4366117111995451,111.56,102.84
51722.75,0.0,0.1423806692253635,0.5707820676000566,0.4258913343620563,105.4,98.72
48879.5,0.0,0.1301746040326504,0.5379012869466836,0.4373426459839194,110.31,102.33
47893.75,0.0,0.1277096059246446,0.499222175081318,0.4341752619182977,104.64,97.6
46819.5,0.0,0.1211849289150764,0.4408853061801725,0.4228863802485178,102.69,94.36
47434.25,0.0,0.1078869128060976,0.3718356668080894,0.4223990903922683,103.99,91.42
48605.0,0.0,0.1054489431861181,0.3141352001131381,0.4301145131162186,107.5,91.95
51577.0,0.0,0.1032434185631655,0.2251096026021779,0.4376675058880858,118.01,103.06
58580.0,0.0,0.0994864587274987,0.1841323716588884,0.5102736944692602,147.67,124.4
63557.0,0.0016149337515994,0.096161954700254,0.1516758591429783,0.629822139202469,185.52,155.06
65672.75,0.024760597680274,0.0933401805503,0.1273511525951067,0.6415983107284984,201.64,180.64
66159.75,0.0669655755974738,0.0866100870317314,0.1075166171687173,0.6532120523024446,223.33,180.16
66859.75,0.1057962190943988,0.0794096978215038,0.0888488191203507,0.5826362381223098,190.24,162.72
67814.25,0.1311295249102241,0.0775068922644467,0.0768632442370244,0.5775196946316901,171.08,146.07
68024.75,0.13693915878978,0.0805611114114276,0.0695799745439117,0.5639567936327459,161.59,140.1
67429.25,0.1202532298675032,0.0865938699389156,0.0620138594258237,0.6425728904409973,156.47,135.1
65988.5,0.0883776365212366,0.0910535704632682,0.0479776552114269,0.7310159993502802,174.37,147.21
65565.0,0.0362611961860733,0.0937888534515379,0.0469876962240135,0.6938195403232356,218.78,174.57
65897.5,0.0040141164816114,0.1008973458024758,0.0508768208174232,0.6988548688378137,272.73,211.86
67662.75,0.0,0.1130655711119519,0.0554730589732711,0.7272801104523674,317.89,242.41
67237.5,0.0,0.1209957294988918,0.0585490029698769,0.6894339316169902,225.33,190.33
65490.5,0.0,0.1221471430888156,0.0592207608541931,0.6380248517826688,171.35,152.23
61840.25,0.0,0.118806421968755,0.0588318483948522,0.5797124989848128,149.12,135.54
58234.25,0.0,0.1067625277042002,0.0568165747419035,0.5292779988629903,131.9,121.72
55023.0,0.0,0.0939888642629331,0.0574176212699759,0.5054007959067652,125.21,117.19
51671.0,0.0,0.0850208119357803,0.0621906378164333,0.4798992934297084,115.59,108.24
48547.5,0.0,0.0681226012216876,0.0818130391740913,0.4524486315276537,117.15,106.36
47197.25,0.0,0.0634899183739661,0.1020364870598218,0.4450580687078697,111.71,102.16
46242.75,0.0,0.0611924968917238,0.1175576297553387,0.4496873223422399,107.85,99.25
46770.5,0.0,0.055457051732526,0.1574034789987272,0.4513116218630715,107.45,98.53
48235.75,0.0,0.0520352451483864,0.1923702446612926,0.4515552667911963,110.63,98.41
51837.0,0.0,0.0524298610735715,0.2177909772309433,0.4614634938682693,119.0,105.54
59317.25,0.0,0.0543164495378128,0.2765521142695517,0.5480386583285958,131.1,127.66
64612.5,0.0012537664589094,0.0592680685442456,0.3613350304058831,0.5356127669942338,164.78,164.42
66710.25,0.0164331118173938,0.0621979566463052,0.3512233064630179,0.6271420449930968,225.45,206.97
67271.0,0.0491445494696,0.0635169468619925,0.3300806109461179,0.663607569235767,227.43,198.34
68202.25,0.0777747967144095,0.0626682523379642,0.3516475746004808,0.5646877284171201,200.8,184.32
69191.25,0.0957196516283485,0.0660414076436564,0.3825837929571489,0.5806058637212702,177.7,171.89
69507.25,0.0946516283485367,0.0715984647818801,0.4227831989817565,0.6394055063753756,160.99,166.48
69176.5,0.0787654270029306,0.0763284501864965,0.4725286380992787,0.5996101681150005,162.07,163.94
68527.0,0.0495469930243117,0.0719336180334072,0.4612855324565125,0.5681799723869081,159.9,164.71
68289.5,0.0182441078135964,0.0736850640575166,0.4647857445905812,0.6779826199951271,165.6,179.81
68367.75,0.0017594006686754,0.0796043029352938,0.4721397256399378,0.6197514821733128,178.28,181.1
70306.25,0.0,0.0884804584031569,0.4956866072691274,0.6519938276618208,178.43,159.97
69900.25,0.0,0.0981836856046272,0.5316433319191062,0.5859660521400146,173.9,178.44
68135.5,0.0,0.1070057840964376,0.5749186819403196,0.5430845447900593,161.79,142.55
64805.5,0.0,0.120374074274285,0.620103238580116,0.4829042475432469,125.22,118.04
61574.25,0.0,0.1396994432131466,0.6881982746429076,0.4542353610005685,114.86,98.31
58191.75,0.0,0.1615817071193037,0.7731226134917267,0.4326321773735077,113.51,89.49
54528.75,0.0,0.1849505378669117,0.8126149059538962,0.4326321773735077,106.62,81.13
51278.0,0.0,0.2116654954321855,0.838353839626644,0.4360432063672541,101.7,84.69
49887.25,0.0,0.2374236445213254,0.8408994484514213,0.4158206773329002,99.83,81.89
49281.0,0.0,0.2616303583977512,0.8328383538396267,0.4271095590026801,96.01,80.16
49290.0,0.0,0.2673333693713173,0.8091500494979493,0.4130593681474864,92.25,78.3
50136.5,0.0,0.2803989404832693,0.8134280865507001,0.412166003411029,91.41,77.5
53775.0,0.0,0.2892642845559219,0.7988261914863527,0.4219930155120604,92.24,80.69
60863.75,0.0,0.2828369101032488,0.746959411681516,0.4293023633558028,103.44,100.57
66676.75,0.0016923267428901,0.273241796853884,0.7691627775420733,0.4686916267359701,115.61,122.11
69534.75,0.0230889090683947,0.2696902535272177,0.768137462876538,0.4706407861609681,127.14,117.89
69846.0,0.0647108597845379,0.260960051894697,0.7463583651534437,0.4518801266953626,123.92,113.74
70761.75,0.1062296198456267,0.2508568030704362,0.7116390892377316,0.4387233005766263,125.65,111.52
71051.75,0.1342613612911214,0.2460024866208984,0.6809857163060388,0.43994152521725,124.84,111.29
69825.0,0.1402257811532587,0.2473539110222174,0.6619997171545751,0.4423779744984975,121.68,111.49
68522.0,0.1217494943657902,0.253262338504784,0.6508273228680526,0.4294647933078859,127.4,115.69
67172.75,0.0792968588764601,0.2520136223579653,0.6457361052184981,0.4496061073661983,134.01,118.36
66646.5,0.0305547529615718,0.2468511811449267,0.6465492858153019,0.4807114431901242,142.18,124.04
66924.0,0.0026055640401205,0.2418887507432834,0.6502262763399802,0.5762202550150247,147.41,130.4
68665.0,0.0,0.2298989134547813,0.6488827605713477,0.6112239096889467,155.91,135.18
68051.25,0.0,0.2130601654143467,0.6294017819261774,0.5891334362056363,154.09,133.83
66269.75,0.0,0.1998756689550786,0.5939046810917833,0.5152278080077967,148.29,131.44
62894.5,0.0,0.1919833504513757,0.5552962805826616,0.4634938682693089,138.58,121.01
58720.0,0.0,0.1795772744472674,0.5201527365294867,0.4314951677089255,129.44,113.93
55169.75,0.0,0.1678523163414238,0.4888983170697214,0.4385608706245432,122.89,108.04
51730.25,0.0,0.1582517973944537,0.4500777824918682,0.4115162836026963,112.48,98.71
48182.75,0.0,0.1474674306719282,0.4568660726912742,0.4183383415901892,110.44,94.9
46139.75,0.0,0.1432185523541813,0.4001202093056145,0.4228051652724762,106.71,92.37
45456.5,0.0,0.1344613222336342,0.3528850233347476,0.4105417038901973,107.01,91.79
45893.75,0.0,0.1320017298232337,0.3072054872012445,0.4068058149922846,103.62,89.7
47678.25,0.0,0.1363046651170333,0.3070994201668788,0.4034760009745797,104.42,88.3
51150.75,0.0,0.1463322341748202,0.3130745297694809,0.4122472183870705,108.6,91.36
58531.25,0.0,0.1507432834207254,0.3197213972563993,0.4205311459433119,129.26,106.36
64466.5,0.0013208403846947,0.153262338504784,0.3463442228821949,0.4755948996995046,144.16,122.78
66814.5,0.0273558426548891,0.1531866587383101,0.3478291613633149,0.5259481848452855,157.77,134.4
67117.5,0.0814896602963635,0.1545002432563922,0.335702163767501,0.442865264354747,150.86,127.92
67390.75,0.1283330581582532,0.1480188118276663,0.3437986140574176,0.4130593681474864,138.84,118.98
67754.75,0.158454410368597,0.1475593275312179,0.3589661999717154,0.4040445058068708,135.08,109.75
66899.25,0.1587846204647707,0.1538948051246013,0.3813109885447603,0.4034760009745797,121.74,102.7
65552.5,0.1341633301688199,0.1589221038975079,0.4113279592702588,0.410216843986031,121.8,100.81
64578.0,0.0902969827052462,0.1585599221579544,0.4635129401781926,0.4212620807276862,131.89,104.05
64296.75,0.0354098732818755,0.156846316017082,0.5129048225144959,0.4609762040120198,141.75,108.08
65445.5,0.0031215173153919,0.1635115411643872,0.5773228680526092,0.5265979046536181,133.95,106.57
67414.0,0.0,0.1748256662522298,0.6698840333757602,0.5365061317306912,136.26,110.64
67107.25,0.0,0.1903940753554246,0.780582661575449,0.4920815398359457,134.77,105.44
65292.0,0.0,0.2133520730850316,0.8652948663555367,0.46560545764639,128.39,94.71
62251.5,0.0,0.2389967025244607,0.8850586904256824,0.426541054170389,115.73,86.73
59428.0,0.0,0.2594897021460619,0.8882760571347759,0.4118411435068627,110.74,83.63
56381.5,0.0,0.2725606789556192,0.8828666383821242,0.4106229188662389,108.19,80.27
52915.0,0.0,0.2836693875344613,0.8775279309857164,0.4081864695849915,98.1,73.22
49913.0,0.0,0.3100924374290502,0.5187031537264885,0.3971412328433363,101.92,71.27
48293.25,0.0,0.3237904751608195,0.5788785178899731,0.391374969544384,95.43,66.41
47486.0,0.0,0.3408184226174388,0.6338212416914156,0.395841793226671,89.87,63.28
47140.0,0.0,0.351889291313044,0.6196436147645312,0.3876390806464712,86.57,61.6
47819.25,0.0,0.3623385047840424,0.6564488756894358,0.3885324453829286,88.81,61.24
48819.75,0.0,0.3775771663333153,0.6545396690708528,0.3878015105985544,86.95,60.8
50098.25,0.0,0.3885561381696308,0.6459835949653514,0.3906440347600097,73.82,69.26
51941.5,0.002992528996574,0.393810476241959,0.6562367416207043,0.3973036627954194,90.1,75.59
54539.5,0.0440159739134024,0.3921671441699551,0.6591712629048225,0.4062373101599935,104.75,81.16
57140.25,0.1097484211829776,0.3928915076490621,0.6711568377881488,0.412166003411029,109.77,83.21
59776.5,0.1742632187229124,0.392242823936429,0.6964361476453118,0.4102980589620726,107.6,81.07
60414.0,0.2121135509968217,0.4024704038056111,0.7026941026728892,0.4098919840818646,99.03,74.21
59855.75,0.2117678623023899,0.416865776528461,0.7075731862537123,0.4070494599204093,96.98,72.49
58780.25,0.1786797787592355,0.4217146872803935,0.6772026587469948,0.4193941362787298,96.97,71.53
57199.5,0.1259441944937466,0.4002865019730796,0.624593409701598,0.4470884431089093,93.72,76.68
56908.75,0.0513579890205143,0.4030812476350073,0.6194668363739216,0.4548850808089011,100.22,84.98
58372.5,0.0051492136872084,0.4107411211416833,0.6324070145665394,0.4648745228620157,108.99,92.37
61125.25,0.0,0.4197470133520731,0.6613279592702588,0.466580037358889,118.93,100.31
60414.0,0.0,0.4311638466944159,0.7122754914439259,0.4707220011370097,114.95,97.17
58583.0,0.0,0.4424617546894426,0.7651322302361759,0.4326321773735077,104.18,99.63
56312.5,0.0,0.4586031677387966,0.8166454532597935,0.4226427353203931,82.67,90.02
53660.25,0.0,0.4707605816530623,0.8460613774572197,0.4242670348412247,72.82,86.49
51617.0,0.0,0.4703173144494297,0.8503040588318483,0.4352310566068383,73.83,88.05
48405.75,0.0,0.4719660522190388,0.8336161787583086,0.3977909526516689,65.67,73.17
45232.5,0.0,0.5110924914860263,0.70845707820676,0.382035247299602,80.1,65.48
43269.5,0.0,0.5195740310287043,0.7586621411398671,0.3716397303662795,69.28,63.44
42342.25,0.0,0.523093140169739,0.7445552255692264,0.3739949646714854,72.48,62.77
42483.75,0.0,0.5273690469755122,0.755267996040164,0.3726143100787785,58.72,58.26
42999.0,0.0,0.5389534569436186,0.761349172677132,0.390400389831885,42.0,54.87
43096.5,0.0,0.540802205524623,0.8265803988120493,0.3930804840412572,34.81,56.42
43955.0,0.0,0.5570517325260825,0.8363032102955734,0.3945423536100056,42.36,60.06
46218.0,0.001965781978784,0.5724309422130927,0.8173879225003535,0.4125720782912369,60.69,64.59
49295.25,0.031633095306889,0.5915617060381643,0.8237873002404186,0.436449281247462,64.8,72.16
52605.0,0.0877430139926528,0.6188550732472026,0.8308584358647999,0.4241858198651831,65.4,77.16
55478.25,0.142872621455401,0.6463214227796097,0.8387073964078631,0.4345813367985056,68.3,65.45
57744.5,0.1769203780905601,0.670793015838694,0.8394145099703012,0.4217493705839357,64.79,62.64
57527.75,0.1791854129690015,0.6929725931131413,0.842561165323151,0.4012019816454154,54.9,64.42
57020.0,0.1519379205019193,0.7048218822639062,0.8377527930985716,0.4141963778120685,46.86,64.94
56119.25,0.0987276592231807,0.6893886156008433,0.829267430349314,0.4491188175099488,61.25,71.9
56420.0,0.0373911338589177,0.6786258716687389,0.8396973553952765,0.4041257207829123,64.8,80.17
57862.25,0.0027655095554546,0.6783555867884751,0.8452835525385377,0.4471696580849508,70.1,93.53
60486.75,0.0,0.6798745878155577,0.8559256116532316,0.4494436774141152,102.84,97.13
60084.75,0.0,0.6798367479323206,0.857233771743742,0.4404288150734995,80.7,100.4
58146.5,0.0,0.6798151251418996,0.8506222599349456,0.4145212377162349,65.4,98.09
55560.25,0.0,0.6808638304773231,0.8442935935511243,0.4041257207829123,57.41,93.68
53737.75,0.0,0.6767176604140764,0.8429147221043699,0.3951108584422967,64.79,84.84
52160.5,0.0,0.6665441375209471,0.869714326120775,0.396410298058962,68.76,83.33
49410.0,0.0,0.6672576896048436,0.8639513505869043,0.4065621700641598,62.02,71.44
47847.75,0.0,0.6207308503162333,0.66765662565408,0.4055063753756193,65.42,69.95
46481.25,0.0,0.6071247094437537,0.7378022910479423,0.4037196459027045,64.39,66.47
46335.5,0.0,0.6163468295583545,0.7954320463866497,0.3850402014131406,59.86,60.04
45895.75,0.0,0.6092004973241797,0.8267571772026587,0.390400389831885,42.39,55.03
48576.5,0.0,0.613789934591059,0.86405741762127,0.3955981482985462,58.17,61.45
52309.75,0.0,0.6152656900372994,0.8457431763541224,0.4206123609193535,74.23,72.91
60584.75,0.0,0.6178982647710687,0.8458138877103663,0.4271907739787217,95.55,99.53
66687.0,0.0012640855244149,0.5838856154386723,0.8233630321029557,0.4362056363193373,121.66,115.22
69551.75,0.0301884261361291,0.5746310611384399,0.8276764248338283,0.4347437667505888,121.91,129.8
70623.5,0.0980930366945969,0.5679117790150819,0.8328383538396267,0.4185819865183139,119.56,118.69
71264.0,0.1538056713584017,0.5666900913562896,0.8424197426106633,0.4016892715016649,111.51,108.99
71345.5,0.1880546497709167,0.567187415535975,0.8365507000424268,0.4141151628360269,92.98,104.45
71471.0,0.1955927271226318,0.5642088761554679,0.8219488049780794,0.4169576869974823,79.5,102.04
70642.75,0.1676796549304495,0.5560787069571328,0.828560316786876,0.421099650775603,94.13,102.75
70610.5,0.1139534403764395,0.5329693496945781,0.7684203083015132,0.4465199382766182,109.52,111.59
70142.75,0.0420398728691129,0.4848208011243851,0.7957856031678687,0.4756761146755461,119.98,119.4
70742.25,0.0025230115160771,0.455808422076869,0.827040022627634,0.5447900592869325,132.48,129.11
72944.75,0.0,0.4427536623601276,0.824034789987272,0.5288719239827824,159.9,150.46
71457.75,0.0,0.4289961619547002,0.8148069579974544,0.5592463250223341,161.82,163.79
69632.5,0.0,0.411049245905184,0.793805685193042,0.4817672378786648,152.96,154.52
66550.5,0.0,0.3912860154602952,0.7154575024748975,0.4200438560870624,128.94,126.16
62622.75,0.0,0.3638466944159144,0.6173454956866072,0.4189880613985219,117.62,116.25
58530.25,0.0,0.3353100167576626,0.5182081742327818,0.4198002111589377,116.99,116.32
54319.0,0.0,0.3153954267798259,0.4333899024183283,0.4249167546495573,108.7,106.84
51616.75,0.0,0.3192983404508351,0.2891740913590723,0.4326321773735077,107.06,103.69
49907.25,0.0,0.3125412184442402,0.2499646443218781,0.4157394623568586,101.4,98.22
48841.25,0.0,0.3093086112762852,0.2836232498939329,0.4392105904328758,95.58,89.97
48678.5,0.0,0.3305097572841775,0.2212558336868901,0.4216681556078941,91.73,83.18
49503.0,0.0,0.3571976863614249,0.1697779663413944,0.4275968488589295,95.28,84.88
52258.25,0.0,0.3887507432834207,0.1069155706406448,0.445382928612036,98.73,88.96
60204.75,0.0,0.4277150116222498,0.0816009051053599,0.4573215300901486,116.27,116.78
65529.5,0.0007326536508853,0.4687010108654522,0.0707467119219346,0.4658491025745147,131.59,134.67
68223.25,0.0100198126057704,0.5192983404508352,0.0827322868052609,0.4910257451474051,155.06,145.87
68439.25,0.0316640525034052,0.5602627169036164,0.1023900438410408,0.469097701616178,157.57,149.74
69174.5,0.0555165724192017,0.5782799070220012,0.1196082590864092,0.4496061073661983,156.26,146.45
71127.75,0.0728474429355677,0.583134223471539,0.1333616178758308,0.4401851701453748,152.81,145.21
70767.5,0.0795548355140958,0.5787610141088707,0.1448522132654504,0.4355559165110046,148.19,141.03
69607.5,0.0728268048045569,0.5670036218173955,0.1700961674444915,0.4353122715828799,144.14,137.29
68143.25,0.0422565732447269,0.5398886426293313,0.1744095601753641,0.4417282546901648,140.15,133.48
68078.75,0.0148697733933215,0.5049732417968539,0.2229175505586197,0.4692601315682612,128.78,127.23
68906.75,0.0014343501052544,0.4706254392129304,0.2579903832555508,0.4794120035734589,132.89,129.9
70293.75,0.0,0.4419860533001783,0.2698345354263894,0.5032892065296841,140.19,137.48
69531.25,0.0,0.4175631115195416,0.2797341253005233,0.5010151872005197,134.65,134.51
67955.0,0.0,0.3974647278231256,0.2803705275067176,0.5243238853244538,125.93,126.31
64886.0,0.0,0.3787934482945024,0.2871941733842455,0.4650369528140989,117.1,117.96
61061.75,0.0,0.3528731282772042,0.2810422853910338,0.4382360107203768,109.37,107.92
57387.75,0.0,0.3224390507595005,0.283976806675152,0.4383172256964184,105.25,103.84
53413.5,0.0,0.2991026541975242,0.2879366426248055,0.4316575976610087,89.84,87.48
51374.0,0.0,0.3432185523541813,0.3274996464432188,0.4150085275724843,100.14,95.81
49635.25,0.0,0.3548948591815773,0.3079126007636826,0.4239421749370584,92.0,87.08
49643.5,0.0,0.3638899399967565,0.281360486494131,0.4222366604401851,86.6,82.24
50335.5,0.0,0.3857938266933348,0.3355607410550134,0.4510679769349468,81.52,78.27
51572.25,0.0,0.4082707173360722,0.3090086267854617,0.4697474214245107,81.96,77.67
54554.0,0.0,0.418119898372885,0.3147362466412106,0.4633314383172257,93.29,88.57
60314.5,0.0,0.4343099627006865,0.3160444067317211,0.4841224721838707,107.55,109.77
65154.0,0.0009699921575102,0.4288772366073842,0.273794371376043,0.5050759360025989,135.62,132.21
67952.5,0.0339136087835885,0.4273906697659333,0.2501060670343657,0.5141720133192561,142.87,142.16
68177.25,0.1077516820076773,0.4300502729877291,0.2378730024041861,0.4925688296921952,140.09,139.19
68116.75,0.179572377925455,0.4456943618573977,0.2157757035779946,0.4864777064890765,120.35,121.45
69875.5,0.2287633631898295,0.4636196551164928,0.2147857445905812,0.4805490132380411,107.77,115.67
69871.75,0.2420130432987988,0.479393480728688,0.2347617027294583,0.4785998538130431,97.26,106.58
69130.0,0.2131918933421389,0.4933888318287475,0.2809008626785462,0.4907821002192804,97.36,107.36
67162.75,0.1433524580014034,0.4875290556246283,0.356491302503182,0.509136684804678,106.64,112.82
68425.75,0.0546652495150039,0.477004162387156,0.4077570357799462,0.5355315520181921,130.84,129.81
69228.5,0.0041069880711602,0.4833018000973025,0.4391175222740772,0.5449524892390156,135.09,136.52
70928.5,0.0,0.4990485972214714,0.4495828029981615,0.573458945829611,142.0,144.04
71066.75,0.0,0.5154819179415103,0.416525243954179,0.5624949240639974,142.58,143.9
68768.5,0.0,0.52977458240986,0.3574812614905954,0.5604645496629579,140.26,140.35
64608.0,0.0,0.5352343369911887,0.285886013293735,0.5157963128400878,135.98,130.83
61597.25,0.0,0.5216227904211038,0.2352920379012869,0.5168521075286283,123.05,118.6
58244.75,0.0,0.4952646088977782,0.2219629472493282,0.4906196702671972,116.42,111.89
54529.5,0.0,0.4720633547759338,0.2301301088954886,0.4712905059693007,103.5,97.02
52648.25,0.0,0.454359695118655,0.2694809786451704,0.464630877933891,93.96,88.44
51827.0,0.0,0.4490350829774582,0.3926248055437703,0.459757979371396,90.4,84.25
51098.0,0.0,0.4510622195794367,0.5220972988261915,0.4576463899943149,86.8,81.85
51356.25,0.0,0.4463160170820044,0.5983594965351435,0.4573215300901486,84.15,80.6
52918.25,0.0,0.4375371641710363,0.6428015839343799,0.4604889141557703,84.23,80.88
56109.5,0.0,0.4340775177036596,0.740560033941451,0.456265735401608,92.48,91.44
62845.0,0.0,0.4341964430509757,0.7929217932399943,0.4797368634776253,107.17,115.42
68924.25,0.0009493540264993,0.4419806476025731,0.7009970301230377,0.5006903272963534,121.44,127.45
71331.75,0.0343418500020638,0.4624844586193848,0.6433672747843303,0.5050759360025989,132.99,135.56
71493.0,0.1087629504272093,0.4910697875560841,0.5848182718144534,0.4815235929505401,134.98,134.71
72245.75,0.1773692574400462,0.5065517054975944,0.6056781219063782,0.4682855518557622,127.33,127.01
72938.5,0.2102767573368555,0.507719336180334,0.6158959128836091,0.4924063997401121,115.47,116.55
72940.75,0.2023826722252033,0.4838315584626196,0.6370386084005091,0.4842849021359539,113.57,114.5
70403.5,0.1601415775787344,0.4372344451051408,0.6374275208598501,0.4741330301307561,120.83,123.72
69232.5,0.0975719238865728,0.3529650251364938,0.5064700890963089,0.5138471534150898,141.62,137.15
68445.0,0.0340116399058901,0.2947564733228823,0.4883326262197709,0.581418013481686,154.85,148.76
69329.0,0.0022340776819251,0.2593329369155089,0.4487342667232357,0.6433038252253716,174.97,158.62
71244.25,0.0,0.2452186604681334,0.3848819120350728,0.6915455209940713,182.26,168.87
70592.25,0.0,0.2367641494134818,0.3143119785037477,0.5971737188337529,161.34,154.72
68284.5,0.0,0.228228552894751,0.2376608683354546,0.6316900836514253,154.05,149.11
64762.75,0.0,0.2262987188496675,0.168045538113421,0.519044911881751,131.33,130.23
60974.5,0.0,0.2216444132115249,0.1251237448734266,0.5646877284171201,123.05,122.01
57515.75,0.0,0.2176441969836207,0.1070923490312544,0.4787622837651263,122.9,120.76
53804.25,0.0,0.2213362884480242,0.1073398387781077,0.4695849914724275,107.46,105.18
51010.5,0.0,0.2237850694632142,0.1314524112572479,0.4687728417120116,116.12,110.66
49350.0,0.0,0.2501594680793556,0.2123462028001697,0.469666206448469,106.21,100.94
48636.0,0.0,0.2811233039623763,0.360274360062226,0.4637375131974336,97.85,95.03
49119.5,0.0,0.3357911238445321,0.5353910338000283,0.470072281328677,91.37,91.67
50857.0,0.0,0.374906751716309,0.5557912600763683,0.4573215300901486,88.65,90.38
53469.25,0.0,0.4122006594951078,0.6107693395559327,0.466580037358889,92.16,96.13
60483.25,0.0,0.4412887183090977,0.5857728751237449,0.4798992934297084,117.06,122.65
66606.25,0.0010164279522846,0.466484674847289,0.6212699759581389,0.557134735645253,135.3,140.67
69344.75,0.0362302389895571,0.4842748256662522,0.6207042851081884,0.5528303419150491,144.08,153.43
69609.25,0.1130144054154455,0.5041731985512731,0.5923843869325414,0.5519369771785917,141.58,146.73
69425.5,0.1776117554794238,0.5410670847072815,0.5320676000565691,0.5610330544952489,135.75,134.7
70185.25,0.2038170223304577,0.5989675117573923,0.4736953754773017,0.5456834240233899,116.84,124.92
70338.5,0.1825700664547818,0.6477052813665604,0.5166878800735398,0.5443839844067246,105.14,113.97
69768.5,0.1345657737235316,0.6760851937942591,0.6589591288360911,0.5623324941119142,95.23,106.53
69874.5,0.080199777108185,0.677982593653711,0.7177909772309433,0.488914155770324,96.18,112.54
69917.75,0.0268450489123704,0.682507162549327,0.7950077782491868,0.4966295784942743,106.24,123.88
70771.5,0.0016923267428901,0.698962106059787,0.8284896054306322,0.497847803134898,111.21,130.94
72190.25,0.0,0.7208497756635494,0.83308584358648,0.5482823032567206,128.44,137.82
71263.25,0.0,0.7364776474404022,0.8320251732428228,0.5580281003817104,134.28,138.21
68367.0,0.0,0.7303421806584139,0.8440461038042709,0.5404044505806871,128.8,134.35
64516.0,0.0,0.6911184388345316,0.8448946400791967,0.5187200519775846,106.21,117.01
60484.5,0.0,0.6397967457700416,0.8447178616885872,0.5019085519369771,106.35,106.34
57896.25,0.0,0.6027082545002432,0.8308584358647999,0.5052383659546821,93.25,102.98
54461.75,0.0,0.59177252824477,0.806675152029416,0.4693413465443027,77.0,94.26
51352.5,0.0,0.5813449375641927,0.6623532739357941,0.4577276049703565,80.0,93.07
49551.0,0.0,0.5581544948375587,0.6004101258662141,0.4535856411922358,76.87,81.82
48616.25,0.0,0.5564679171847127,0.581954461886579,0.4591082595630634,77.88,76.66
48554.0,0.0,0.5449970268663171,0.527930985716306,0.4570778851620238,79.04,73.32
48787.5,0.0,0.5384993783447753,0.4697001838495262,0.4576463899943149,79.35,71.72
49324.0,0.0,0.5329639439969728,0.4101965775703578,0.4579712498984812,82.54,75.62
50432.0,0.0,0.526504135358668,0.3822655918540517,0.474539105010964,82.05,80.3
52732.5,0.0009493540264993,0.5072652575814909,0.3655777117805119,0.4800617233817916,89.27,87.46
55822.5,0.0384385190077186,0.4940915725174333,0.3903973978220902,0.4682855518557622,97.48,92.67
58388.25,0.1185660626573657,0.4783069355100275,0.4462240135765804,0.4598391943474376,85.62,85.1
59813.5,0.1950096999215751,0.4552516352235256,0.5427803705275067,0.4642248030536831,78.54,81.61
60572.0,0.2424051677880051,0.4326612249310773,0.6667373780229104,0.4777877040526273,73.5,75.04
59922.75,0.2429933545218145,0.4154494837558787,0.8014071559892518,0.4693413465443027,71.2,74.18
58527.25,0.193585668881826,0.4085464079139413,0.9058124734832416,0.4661739624786811,75.85,77.27
57329.5,0.1129060552276385,0.4174874317530677,0.8903973978220903,0.4659303175505563,85.68,86.37
57581.25,0.0377213439550914,0.4590085950591924,0.9035143544053176,0.4561033054495249,104.55,102.78
59658.25,0.0019090271185041,0.5300016217092816,0.8662494696648282,0.4634126532932672,87.31,108.99
62382.0,0.0,0.6078436672252554,0.8335101117239428,0.4907821002192804,95.56,114.15
62795.5,0.0,0.6709984323476945,0.80359920803281,0.4807926581661658,86.08,108.74
60862.0,0.0,0.7224985134331585,0.7758450007071136,0.4714529359213839,71.0,98.0
58028.75,0.0,0.7726093302340667,0.7521213406873144,0.4587021846828555,59.55,87.34
55517.5,0.0,0.8082923401264933,0.7523688304341677,0.4595955494193129,48.03,74.45
53818.5,0.0,0.8165360289745391,0.7535355678121907,0.4660927475026394,39.1,64.77
51277.25,0.0,0.8350937888534515,0.7655564983736388,0.4686104117599285,18.46,51.48
48174.75,0.0,0.8047245797070112,0.5410479422995333,0.45123040688703,1.01,37.14
46082.0,0.0,0.8033677496080869,0.664616037335596,0.4555348006172338,0.0,31.12
44967.75,0.0,0.8000864911616844,0.7522981190779239,0.4500933972224478,0.0,28.3
44038.5,0.0,0.7828963727769068,0.8354193183425258,0.4511491919109884,-0.01,26.62
44366.75,0.0,0.7738526406832802,0.827040022627634,0.440916104929749,-0.02,28.15
44597.0,0.0,0.7663387210119466,0.7914368547588743,0.4353934865589214,-0.03,33.08
44640.0,0.0,0.7692199578355586,0.7929571489181162,0.4397790952651669,-0.05,36.63
46084.5,0.0004540388822388,0.7604356992269853,0.788926601612219,0.4369365711037115,-0.03,40.38
49358.25,0.0226451892516613,0.7860424887831775,0.7901640503464856,0.4509867619589052,1.37,39.1
52544.75,0.0812420027242332,0.8009243742905022,0.783234337434592,0.4608949890359782,3.75,40.95
55013.75,0.1514942006851859,0.8081031407103086,0.800240418611229,0.460732559083895,2.07,41.53
56618.75,0.2136614108226359,0.8052327152819071,0.7629755338707397,0.4488751725818241,2.53,42.18
56565.75,0.245201634539976,0.8052543380723283,0.7570711356243813,0.4486315276536993,1.01,42.9
55028.0,0.2221797993973665,0.8095302448781015,0.7394640079196719,0.4496873223422399,1.01,43.76
53664.75,0.1446732983860981,0.8060381642250932,0.686147645311837,0.4647933078859741,3.11,48.93
53463.75,0.0523795765055516,0.8219903778582626,0.6924056003394146,0.4716965808495086,6.61,53.21
55828.0,0.0031473149791554,0.8313746689010216,0.7086338565973695,0.4853406968244944,13.99,65.27
59094.75,0.0,0.8388075031082761,0.7242257106491302,0.4984975229432307,15.52,68.84
59761.75,0.0,0.8415211633061247,0.7189930702870881,0.5003654673921871,16.18,63.27
57995.5,0.0,0.8426563598032326,0.713017960684486,0.497847803134898,12.02,66.93
55580.25,0.0,0.8476350072976918,0.7082802998161505,0.4990660277755218,7.4,63.72
53109.0,0.0,0.8495215957619331,0.7048154433602036,0.4480630228214082,4.5,53.11
52064.75,0.0,0.8325693280717876,0.680101824352991,0.4416470397141233,3.27,44.79
49779.5,0.0,0.8227850154062382,0.673737802291048,0.4448956387557866,0.01,36.66
46044.25,0.0,0.7712146602519055,0.4160302644604723,0.435880776415171,-1.25,36.25
44777.25,0.0,0.7768095572733661,0.3530618017253571,0.4431901242589133,-1.59,35.08
43616.75,0.0,0.7692956376020326,0.3763965492858153,0.4327133923495492,-1.42,32.17
43774.0,0.0,0.7605438131790908,0.4002616320181021,0.4368553561276699,-1.86,30.28
45804.5,0.0,0.7506946321422779,0.4216164616037335,0.4410785348818322,-1.42,33.34
49916.25,0.0,0.7730471917400941,0.4403549710083439,0.4618695687484772,-0.28,39.29
60296.25,0.0,0.8188118276663603,0.4745792674303493,0.4725087306099245,0.09,56.2
65594.0,0.0014291905725017,0.8141250878425861,0.4012869466836374,0.5068626654755137,54.38,85.22
68540.75,0.0597215916126635,0.8015946807935564,0.4272733701032385,0.4946804190692764,77.01,93.51
68174.25,0.1742425805919016,0.8090869776744689,0.4172677131947391,0.4658491025745147,66.57,82.72
68647.0,0.2706020142815866,0.7929509703227201,0.5051265733276764,0.4668236822870137,42.55,72.05
67672.75,0.3163412721343955,0.7795232174712147,0.5410832979776552,0.5103549094453017,41.37,70.9
66802.5,0.3019874520163454,0.7717390129196173,0.6131028143119786,0.4670673272151385,40.0,73.67
67295.0,0.2382930201840921,0.756846316017082,0.6558124734832415,0.4753512547713798,57.16,78.53
67191.25,0.1371506996326412,0.7263311530352992,0.617098005939754,0.4830666774953301,67.97,84.37
67389.5,0.0472819581458703,0.6985945186226282,0.694491585348607,0.5141720133192561,94.99,98.46
69023.0,0.0023372683369794,0.6668306394940267,0.7422571064913025,0.5020709818890603,92.58,106.87
71649.75,0.0,0.6282285528947511,0.8167161646160374,0.5609518395192074,116.08,104.43
71108.0,0.0,0.6007189577815018,0.845919954744732,0.5608706245431657,128.0,103.46
68879.0,0.0,0.5862911508730202,0.847440248903974,0.5253796800129944,118.0,97.18
65428.5,0.0,0.5747013352073085,0.8428793664262481,0.5102736944692602,94.73,88.81
61176.75,0.0,0.5537866911724958,0.8317069721397257,0.5205879964265411,81.26,79.6
57117.0,0.0,0.5235201902805557,0.8161504737660868,0.5008527572484366,86.26,79.25
53668.5,0.0,0.5039353478566408,0.7913661434026305,0.4969544383984406,69.17,71.36
49926.75,0.0,0.4409859992432023,0.6904610380427096,0.4661739624786811,89.53,67.96
48431.25,0.0,0.4237796637656089,0.7139372083156555,0.46714854219118,77.99,65.56
47957.5,0.0,0.4029947564733229,0.7834464715033235,0.4728335905140908,77.66,65.44
48731.75,0.0,0.4069030758419374,0.7592631876679394,0.4807114431901242,70.55,63.45
50633.0,0.0,0.4141413049354019,0.7448380709942016,0.500203037440104,72.72,64.26
53642.75,0.0,0.4136710092437429,0.7328878517889973,0.5271664094859092,82.26,71.87
61395.5,0.0,0.4173685064057517,0.7123462028001697,0.5327702428327784,101.45,92.58
67578.25,0.0003456886944318,0.4204281312503378,0.6417055579126008,0.5524242670348413,130.9,107.25
70010.5,0.025374582077847,0.4171414671063301,0.6691769198133221,0.5876715666368878,137.84,109.48
69974.5,0.0998111611012506,0.4055408400454078,0.6883396973553952,0.5421911800536019,127.09,99.29
70145.25,0.185361373674,0.3943618573976972,0.7217508131805968,0.5377243563713149,112.09,92.36
70484.5,0.2505107937425186,0.3895291637385805,0.7306250883891953,0.5418663201494356,100.0,92.44
68910.25,0.2693121310934082,0.3876047353911022,0.7467472776127846,0.5578656704296272,90.9,91.23
68327.75,0.2402639616956288,0.3760581653062327,0.7571064913025032,0.5874279217087631,102.07,95.25
67212.5,0.1533877492054319,0.3503594788907508,0.711108754065903,0.6204012019816454,116.1,106.71
67479.0,0.0541338176414743,0.3343261797935024,0.7591571206335738,0.6498822382847397,123.95,118.59
68446.75,0.002595244974615,0.3352127142007676,0.7513081600905105,0.6260862503045561,143.1,128.51
70707.5,0.0,0.3482728796151143,0.734514212982605,0.6046454966295784,155.52,126.12
69075.25,0.0,0.3596302502837991,0.7261349172677132,0.5712661414764882,160.91,122.98
67693.0,0.0,0.3673766149521595,0.710719841606562,0.5592463250223341,153.28,121.05
64576.0,0.0,0.3744851073030975,0.6920166878800735,0.5323641679525705,126.38,102.09
61047.0,0.0,0.3682577436618195,0.677874416631311,0.5366685616827743,118.23,94.77
56737.25,0.0,0.3476458186929023,0.6581459482392872,0.5220498659952896,122.13,96.69
53310.75,0.0,0.3229796205200281,0.6211285532456513,0.5167708925525867,113.34,90.56
50743.75,0.0,0.315984647818801,0.6282350445481545,0.511654349061967,104.74,90.89
49337.75,0.0,0.2990540029190767,0.5696153302220337,0.5074311703078047,106.28,88.3
48227.0,0.0,0.2772474187793934,0.4936006222599349,0.5166896775765452,110.0,87.33
48207.0,0.0,0.244818638845343,0.3835737519445623,0.507593600259888,111.46,84.6
49080.25,0.0,0.2109843775339207,0.2873002404186112,0.5104361244213433,114.66,82.53
52539.0,0.0,0.1840964376452781,0.251520294159242,0.5419475351254771,123.92,94.38
59838.25,0.0,0.1737553381263852,0.2223872153867911,0.5793064241046049,140.5,115.79
65283.75,0.0003147314979155,0.1729498891831991,0.1999010041012586,0.6751400958336717,160.0,147.47
67730.75,0.0219125356007759,0.1880534082923401,0.1994060246075519,0.6588971006253553,184.84,160.7
68300.75,0.0837908119040739,0.2134223471539002,0.1965068590015556,0.5835296028587672,164.45,145.0
68656.0,0.1527479671440954,0.2313260176225741,0.2258520718427379,0.5650938032973281,153.1,136.77
69011.0,0.2091416601312585,0.2587923671549813,0.2829161363314948,0.5540485665556729,150.0,133.71
68374.75,0.2288046394518512,0.298551273041786,0.3886296139159949,0.5354503370421506,145.66,130.8
67191.0,0.2050449911256036,0.3549326990648143,0.539280158393438,0.5410541703890197,140.49,127.82
65974.0,0.1263002022536839,0.4016163035839775,0.5723023617592985,0.5530739868431739,130.09,129.13
66654.0,0.0442687910182853,0.4936483053138008,0.6537618441521709,0.5460082839275563,131.7,136.61
68395.5,0.0023630660007429,0.6030217849613493,0.6916277754207326,0.6895963615690733,117.56,140.36
70648.75,0.0,0.7117087410130277,0.6715457502474897,0.6872411272638674,110.24,139.68
70728.0,0.0,0.7991134655927348,0.6313109885447603,0.6860229026232437,112.29,138.56
68903.75,0.0,0.8590896805232715,0.6157898458492433,0.5167708925525867,101.84,129.15
65575.5,0.0,0.8935185685712741,0.5945057276198558,0.516527247624462,78.14,105.76
62317.75,0.0,0.8950700037839884,0.6010465280724084,0.4985787379192723,71.86,92.53
58948.25,0.0,0.8593437483107195,0.6146584641493423,0.5000406074880208,67.05,92.73
55062.0,0.0,0.8345586247905292,0.6428369396125018,0.5032892065296841,48.78,83.92
51702.0,0.0,0.8603546137629061,0.6976028850233348,0.5006091123203119,49.21,76.32
49881.25,0.0,0.8663549381047624,0.6104864941309575,0.5002842524161455,41.21,71.71
49366.25,0.0,0.8792583382885562,0.6830009899589874,0.4965483635182328,32.95,65.4
48990.5,0.0,0.8804638088545327,0.721326545043134,0.4967107934703159,32.08,57.3
50186.25,0.0,0.8824314827828531,0.7099066610097582,0.4885080808901161,31.69,68.44
52437.25,0.0,0.8627979890804909,0.5352496110875407,0.530902298383822,52.29,77.38
59721.25,0.0,0.838726417644197,0.3604511384528355,0.5198570616421668,64.98,99.12
65101.25,0.0001909027118504,0.8197578247472836,0.3244944138028567,0.5268415495817429,88.13,120.63
68343.75,0.0137037189912081,0.7838099356721985,0.3665323150898034,0.5319580930723625,107.41,129.63
69332.5,0.0549387047508977,0.7523758040975188,0.4356173101400085,0.5236741655161212,107.41,125.95
69753.5,0.1006676435382011,0.7418725336504676,0.536239570074954,0.5274912693900755,92.1,116.13
71146.25,0.1365883105625954,0.7406292232012541,0.6092844010748126,0.5265979046536181,98.7,112.63
70520.25,0.1517005819952945,0.7387588518298286,0.6689294300664687,0.540810525460895,96.16,109.64
70379.25,0.1414073141536302,0.7201686577652846,0.6792532880780653,0.5370746365629823,96.68,112.23
69284.5,0.0939292937631568,0.6899237796637656,0.672959977372366,0.5375619264192317,97.86,117.01
69256.0,0.03370722747348,0.6448943186118169,0.6573327676424834,0.5478762283765126,111.59,125.85
70160.25,0.0019038675857514,0.5985134331585491,0.5998090793381418,0.5796312840087712,132.62,139.16
71002.0,0.0,0.5557327423103952,0.5175364163484656,0.6160155932754,149.33,149.31
70350.75,0.0,0.5128060976268988,0.42748550417197,0.610168115000406,158.23,153.42
68671.75,0.0,0.4670414617006325,0.3469099137321453,0.5979046536181272,153.91,150.14
65116.75,0.0,0.4191415752202821,0.2825625795502757,0.5711849265004467,143.97,138.3
61300.0,0.0,0.3679117790150819,0.2326757177202658,0.5607894095671242,132.49,129.74
57481.5,0.0,0.316611708741013,0.1938905388205345,0.5657435231056607,122.16,121.3
53481.0,0.0,0.2737985837072274,0.1618582944420874,0.5676114675546171,112.6,104.14
49989.75,0.0,0.2353262338504784,0.1023900438410408,0.5909201656785511,110.3,104.29
48335.75,0.0,0.2027677171739013,0.0688728609814736,0.5702103467879477,107.01,99.83
47228.75,0.0,0.1687875020271366,0.0466341394427945,0.5693169820514903,103.47,97.37
47674.5,0.0,0.1431915238661549,0.0365224154999292,0.566068383009827,102.8,95.21
49172.75,0.0,0.1217038758851829,0.0490029698769622,0.5704539917160725,105.3,95.86
52142.5,0.0,0.1062597978269095,0.064559468250601,0.5918135304150085,115.28,105.03
59363.5,0.0,0.093615871128169,0.0860557205487201,0.6050515715097864,145.1,128.03
64746.75,0.0002012217773558,0.0743607762581761,0.1277754207325696,0.7213514172013319,169.28,150.6
66968.0,0.0213604655962356,0.0605005675982485,0.1601258662141139,0.7425485259481849,181.35,164.36
66962.75,0.0868865315557023,0.0529866479269149,0.1922288219488049,0.6247055957118492,162.49,149.14
67008.75,0.1556269864201098,0.0502946105194875,0.2303775986423419,0.5598148298546252,143.01,131.91
67107.5,0.2037499484046724,0.0477052813665603,0.2789916560599632,0.5526679119629659,136.4,121.68
65768.5,0.210395426590168,0.0444997026866317,0.3190496393720831,0.5530739868431739,126.59,114.62
63907.75,0.1797942378338217,0.0425806800367587,0.3423136755762975,0.5619264192317063,119.5,113.67
62481.5,0.1215689107194452,0.0449754040758959,0.32399943430915,0.5624137090879558,129.58,118.34
62805.25,0.0427364097907293,0.0556949024271582,0.3335454674020647,0.5578656704296272,141.02,130.95
64166.0,0.0023733850662484,0.077258230174604,0.3511172394286522,0.602615122228539,152.01,140.87
65543.0,0.0,0.10489756203038,0.3832555508414651,0.6200763420774791,150.44,141.12
65193.25,0.0,0.1290069733499108,0.4302432470654787,0.5696418419556566,142.03,130.72
63635.5,0.0,0.1506730093518568,0.4904893225852071,0.5771136197514821,130.81,122.7
60984.75,0.0,0.174652683928861,0.5538820534577853,0.5455209940713067,119.9,111.98
58188.25,0.0,0.1975458132872047,0.6063852354688163,0.5453585641192236,115.1,104.52
55755.75,0.0,0.2190983296394399,0.6383114128128977,0.5690733371233655,113.73,101.85
52806.25,0.0,0.2401697389048056,0.6550346485645595,0.5313895882400714,103.45,94.07
49018.5,0.0,0.3101356830098924,0.7454037618441521,0.5233493056119548,98.83,88.55
47735.25,0.0,0.316671171414671,0.7225993494555225,0.5449524892390156,92.0,81.1
46966.5,0.0,0.3301313584518082,0.7207608541931835,0.5303337935515309,89.69,78.83
47296.5,0.0,0.3492891507649062,0.6969664828171405,0.524486315276537,86.9,75.24
47804.75,0.0,0.3571382236877669,0.6437561872436713,0.516527247624462,88.18,75.72
48571.75,0.0,0.3628304232661224,0.6312756328666383,0.5197758466661252,90.18,76.06
50117.75,0.0,0.3784582950429753,0.6506505444774431,0.5139283683911313,88.9,78.97
52482.75,0.0006810583233582,0.3840207578788042,0.680915004949795,0.5227808007796638,103.06,89.21
55825.5,0.0630340116399059,0.3848262068219903,0.7040376184415217,0.5275724843661171,107.39,96.21
58132.25,0.2308839311511949,0.3779934050489215,0.7253217366709094,0.5175018273369609,91.17,91.0
59570.5,0.385298427374417,0.3396724147251203,0.7349384811200679,0.5207504263786242,85.2,83.57
59522.75,0.479330911792628,0.2828369101032488,0.7140432753500212,0.5286282790546577,86.12,79.23
57775.0,0.4895003508482272,0.227601491972539,0.6681162494696649,0.5342321124015268,87.7,78.79
55273.0,0.4144291492962397,0.1942104978647494,0.5956017536416348,0.5371558515390238,90.03,82.73
53647.0,0.2442058447187022,0.1801610897886372,0.5797977655211427,0.5250548201088281,93.35,93.63
54839.0,0.0831510298427374,0.204486729012379,0.5452199123179182,0.5362624868025664,124.34,106.26
57768.75,0.0035239608701036,0.2444402400129736,0.5354617451562721,0.568586047267116,132.89,115.75
60240.25,0.0,0.2787934482945024,0.5329161363314948,0.5535612766994233,136.94,124.09
60464.75,0.0,0.2942267149575652,0.5282845424975251,0.5708600665962803,135.9,121.01
59385.5,0.0,0.2922590410292448,0.5144251166737378,0.5586778201900431,131.96,114.1
56690.0,0.0,0.2815990053516406,0.4946612926035921,0.5481198733046374,124.51,107.33
54237.25,0.0,0.2624844586193848,0.4727761278461321,0.5194509867619589,115.08,101.72
52356.25,0.0,0.2427969079409697,0.4526233913166455,0.5189636969057094,114.78,99.83
49301.5,0.0,0.2282609870803827,0.4291118653655777,0.4760821895557541,106.67,93.54
46604.75,0.0,0.2498891831990918,0.3286310281431198,0.4722650856817997,99.66,86.78
44656.75,0.0,0.2389858911292502,0.2836939612501767,0.4690164866401364,90.01,80.25
43508.5,0.0,0.2277852856911184,0.2582732286805261,0.4703159262568017,88.14,78.5
43267.5,0.0,0.2158819395643007,0.2644604723518597,0.4704783562088849,85.7,77.1
43712.5,0.0,0.2046380885453267,0.2653797199830293,0.4688540566880533,84.8,75.57
43953.0,0.0,0.1947564733228823,0.2593338990241833,0.4703971412328433,85.31,75.21
44320.5,0.0,0.1938375047299854,0.2516263611936077,0.4689352716640949,84.43,75.44
45914.0,0.0003353696289264,0.1943672630953024,0.2615613067458633,0.4759197596036709,89.97,80.63
48938.75,0.0390937796673133,0.2039299421590356,0.298331211992646,0.4936246243807358,99.64,86.88
51845.5,0.1631031493787922,0.2153683982917995,0.3453896195729034,0.4757573296515877,94.6,83.29
54346.75,0.2923855615635448,0.2045624087788529,0.3914227124876255,0.4721026557297165,89.3,79.25
56560.25,0.3833842407231601,0.1745337585815449,0.4121411398670626,0.5756517501827337,82.38,74.08
55850.25,0.4044712510835019,0.143272609330234,0.4179748267571772,0.5032892065296841,85.25,76.76
54135.75,0.3475203285590457,0.1392615817071193,0.4366426248055438,0.4937058393567773,83.08,76.44
52857.25,0.2333811450035084,0.1623385047840423,0.484867769763824,0.585884837163973,90.61,81.01
53578.5,0.0777799562471622,0.2229363749391859,0.5479776552114269,0.6153658734670673,108.62,91.05
56450.0,0.0041069880711602,0.3004594842964485,0.6077641069155706,0.5246487452286202,121.53,106.2
59541.25,0.0,0.3679442132007136,0.6475392448027153,0.59035166084626,117.77,108.98
60257.5,0.0,0.4123790475160819,0.6834252580964503,0.5473889385202632,121.51,108.94
59445.25,0.0,0.4390940050813557,0.7064418045538113,0.5196946316900837,110.23,106.0
57521.25,0.0,0.4564733228823179,0.7211497666525244,0.4902948103630309,91.35,93.92
56084.0,0.0,0.4623385047840423,0.7261349172677132,0.4806302282140827,84.36,84.33
54804.0,0.0,0.4556192226606844,0.7330999858577287,0.4740518151547145,96.98,81.1
52316.75,0.0,0.4510514081842262,0.739039739782209,0.4673921871193048,85.0,70.87
49567.25,0.0,0.4755770582193632,0.7539951916277754,0.4651181677901405,74.77,60.91
48186.75,0.0,0.4609924860803286,0.7984726347051336,0.4600828392755624,65.78,57.08
47860.5,0.0,0.4502513649386453,0.7925328807806534,0.4637375131974336,61.17,55.28
48031.0,0.0,0.4286285745175415,0.7785673879225004,0.4549662957849427,46.44,49.38
49697.0,0.0,0.4214335910049192,0.7771531607976241,0.4499309672703646,50.21,54.15
53391.5,0.0,0.4230012433104492,0.7703295149200962,0.4542353610005685,69.53,67.79
60206.0,0.0,0.4209903238012865,0.7627280441238863,0.4855031267765776,92.08,90.1
66588.0,0.0002115408428612,0.4193686145197037,0.791189365012021,0.5424348249817267,125.25,111.93
69483.25,0.0151999834894951,0.426914968376669,0.7875123744873427,0.5661495979858686,125.2,114.08
69865.5,0.0613623230280265,0.4316611708741013,0.7526163201810211,0.5763014699910664,123.63,107.75
70129.0,0.114737689354852,0.4221093032055786,0.7349384811200679,0.5751644603264842,121.27,103.08
70699.25,0.1467783877492054,0.404486729012379,0.708845990666101,0.4773816291724194,115.8,100.02
70461.25,0.1528717959301605,0.3863992648251257,0.6873850940461038,0.4716153658734671,115.09,99.13
69668.75,0.1281627935774136,0.3767609059949186,0.6561306745863386,0.4754324697474214,127.6,105.61
68300.0,0.0712273496512155,0.3756203038002054,0.5737873002404186,0.5166084626005035,136.74,115.23
67981.0,0.0213295083997193,0.3724849991891453,0.5410479422995333,0.5456022090473484,144.04,127.42
69040.0,0.0012228092623931,0.3734093734796475,0.4779380568519304,0.6593843904816048,144.75,130.36
70632.5,0.0,0.3757932861235742,0.4260005656908499,0.6670998132055551,147.68,131.87
69722.75,0.0,0.3772852586626304,0.4027011738085136,0.6489076585722408,147.9,132.36
67922.25,0.0,0.3759284285637062,0.3981402913307877,0.6246243807358077,138.0,128.79
64067.0,0.0,0.375906805773285,0.410125866214114,0.5732153009014862,120.01,116.43
60599.25,0.0,0.3705497594464566,0.4404963937208315,0.5306586534556972,112.68,104.14
56691.75,0.0,0.3631169252392021,0.4845495686607269,0.5321205230244457,111.72,102.3
52890.0,0.0,0.3616357640953565,0.5552962805826616,0.4855843417526191,102.21,90.38
50089.25,0.0,0.336396561976323,0.4997878659312685,0.500203037440104,110.73,96.12
49124.25,0.0,0.3360884372128223,0.5819898175647009,0.5255421099650776,103.05,91.6
48393.0,0.0,0.3346613330450295,0.7501060670343657,0.5249736051327865,96.28,87.4
48349.75,0.0,0.3283474782420671,0.754525526799604,0.5252172500609112,93.22,85.61
50145.0,0.0,0.3264122384993783,0.7130533163626078,0.5374807114431901,100.48,91.84
53700.0,0.0,0.3276609546461971,0.6696718993070288,0.5502314626817185,108.09,99.6
61555.5,0.0,0.341488729120493,0.6395842172252864,0.5643628685129538,121.76,116.9
66875.75,7.739299129070872e-05,0.3429807016595492,0.6777683495969453,0.5971737188337529,142.39,149.01
69781.0,0.0111497502786147,0.3387156062489864,0.6865012020930561,0.617964752700398,154.62,158.21
69816.25,0.0583697940314525,0.322801232499054,0.6875618724367133,0.640704945992041,150.09,151.88
70272.75,0.1124623354109051,0.3009892426617655,0.6637675010606704,0.6027775521806221,141.37,139.09
69790.5,0.1436465513683081,0.2749229688091248,0.6216235327393579,0.5377243563713149,139.23,131.31
69345.25,0.145756800264168,0.2542677982593653,0.5748833262621977,0.5248923901567449,135.62,130.86
68991.25,0.1166725141371197,0.2395913292610411,0.5218498090793381,0.5333387476650694,142.41,136.08
68074.25,0.0675331242002724,0.2192659062652035,0.464502899165606,0.6263298952326809,150.02,146.24
67457.5,0.0218764188715069,0.2138710200551381,0.441839909489464,0.7229757167221635,168.94,157.92
68134.75,0.0013672761794691,0.2182604465106222,0.419919389053882,0.7683748883294079,205.18,177.39
69734.25,0.0,0.2261095194334829,0.3918823363032103,0.8018354584585398,210.0,205.98
68883.0,0.0,0.2269636196551165,0.3678051195021921,0.787216762771055,197.88,194.14
67067.0,0.0,0.2188226390615709,0.3406873143826898,0.7134735645252984,189.83,184.3
63933.75,0.0,0.2082166603600194,0.3063569509263187,0.6394867213514172,170.04,162.98
60512.0,0.0,0.1948267473917509,0.2922500353556781,0.6161780232274832,153.61,147.52
57967.75,0.0,0.1806313854802962,0.2898458492433884,0.595793064241046,142.08,134.87
54621.25,0.0,0.1664360235688415,0.276799604016405,0.5774384796556485,130.81,113.82
51831.25,0.0,0.1401535218119898,0.2978362324989393,0.5689109071712823,120.99,107.08
50368.5,0.0,0.1424725660846532,0.2238367981897892,0.573458945829611,116.66,103.5
49860.0,0.0,0.1387318233418022,0.2198062508838919,0.5684236173150329,112.79,99.4
50047.5,0.0,0.1350289204821882,0.185405176071277,0.557703240477544,110.19,96.92
51509.5,0.0,0.1346397102546083,0.182011030971574,0.5496629578494274,112.26,99.49
54875.25,0.0,0.1341423860749229,0.1922995333050488,0.5446276293348493,120.91,108.18
61970.25,0.0,0.1390777879885399,0.2126644039032668,0.6040769917972875,145.2,142.46
67667.0,7.739299129070872e-05,0.1353208281528731,0.206936784047518,0.7062454316575977,209.76,199.73
70328.0,0.0119443183225327,0.1336991188712903,0.2157049922217508,0.7326402988711118,276.66,257.41
70497.5,0.0552895529780823,0.126131142223904,0.2180738226559185,0.722894501746122,250.76,239.96
70596.5,0.104511495438973,0.1189199416184658,0.203153726488474,0.7181028181596686,212.21,201.5
70707.75,0.132899244644405,0.1126277096059246,0.1866426248055437,0.6676683180378462,198.95,195.25
70001.5,0.1331262640855244,0.1093464511595221,0.1732074671192193,0.5837732477868919,192.25,184.3
68777.0,0.1124520163453997,0.1062814206173306,0.1600197991797482,0.6969869243888573,199.82,193.07
68135.25,0.0668520658769141,0.0996810638412887,0.1465846414934238,0.6923576707544872,218.44,198.62
68375.25,0.0221601931729062,0.0965835991134655,0.1398670626502616,0.7396247868106879,242.87,212.12
69602.25,0.0011144590745862,0.1004270501108168,0.1341394427945128,0.777877040526273,267.35,225.08
71009.75,0.0,0.1089788637223633,0.1296139159949088,0.8168602290262325,287.76,249.97
70326.5,0.0,0.1142332017946916,0.1297199830292745,0.7995614391293755,230.22,205.76
68479.0,0.0,0.1169901075733823,0.1326898599915146,0.719970762608625,197.59,175.56
65009.5,0.0,0.120822747175523,0.141210578418894,0.6859416876472021,165.68,149.08
61231.0,0.0,0.1225309476187902,0.158959128836091,0.5927068951514659,148.34,130.95
58218.75,0.0,0.1262825017568517,0.1843445057276198,0.5726467960691951,128.33,121.77
54213.75,0.0,0.1345261906048975,0.2206547871588177,0.5581905303337935,113.27,105.03
50676.5,0.0,0.1486729012379047,0.3438693254136614,0.5456834240233899,114.77,103.39
49061.25,0.0,0.1655224606735499,0.3238933672747843,0.5390237959879802,105.74,96.33
49400.25,0.0,0.1821666036001946,0.4389053882053458,0.5588402501421262,103.27,93.44
49936.75,0.0,0.1985080274609438,0.4824989393296563,0.5482823032567206,104.5,89.18
51012.5,0.0,0.2154278609654576,0.5296280582661576,0.5365061317306912,103.27,85.85
53729.75,0.0,0.2311422239039948,0.5610239004384104,0.5438966945504751,104.12,90.2
61281.5,0.0,0.2575598681009784,0.4842313675576297,0.6495573783805734,135.88,112.46
67376.75,3.61167292689974e-05,0.2812043894264555,0.5361688587187102,0.6940631852513603,143.54,143.41
69921.0,0.0225316795311016,0.3187631763879128,0.5499222175081319,0.6761958905222123,141.29,154.29
69914.0,0.1039903826309489,0.3597978269095627,0.5575236883043416,0.5970925038577114,131.78,141.82
70371.0,0.1944215131877657,0.3918860478944808,0.5663979635129401,0.5556728660765045,124.92,130.96
70788.75,0.2494272918644487,0.4254338072328233,0.5476594541083298,0.556160155932754,107.31,121.14
70700.75,0.2546642176084533,0.4681658468025299,0.5476240984302079,0.5424348249817267,102.67,114.0
70316.5,0.2001950303380525,0.5175360830315152,0.5462098713053316,0.5316332331681962,102.93,110.73
70000.0,0.1124365377471416,0.5592734742418509,0.6184061660302644,0.5416226752213108,102.89,113.46
70935.0,0.0325411730713666,0.6167414454835396,0.6359072267006081,0.5201007065702916,100.87,112.69
73052.0,0.0014033929087381,0.6665873831017893,0.6593126856173102,0.5285470640786161,101.5,114.6
74516.25,0.0,0.697178225850046,0.6792886437561872,0.5211565012588322,118.31,115.58
73926.0,0.0,0.707286880371912,0.6890114552397115,0.5248923901567449,112.16,110.0
71135.25,0.0,0.7131953078544786,0.6872436713336162,0.5329326727848616,105.36,99.44
67897.75,0.0,0.7225309476187902,0.6921581105925612,0.5194509867619589,87.13,90.48
64489.25,0.0,0.7277852856911184,0.7177909772309433,0.4987411678713555,77.3,85.75
61277.0,0.0,0.7192064435915455,0.7443784471786169,0.5019897669130188,74.17,81.14
58070.5,0.0,0.7333855884101843,0.7416560599632301,0.4920815398359457,43.14,64.84
54850.75,0.0,0.7902264987296611,0.6576863244237025,0.4875335011776172,10.64,48.59
53146.75,0.0,0.8039083193686145,0.7358577287512374,0.4846909770161617,4.6,43.09
52201.0,0.0,0.8160441104924591,0.7669353698203931,0.4842036871599123,3.87,38.57
51905.75,0.0,0.8102816368452349,0.7584500070711356,0.4821733127588727,2.31,36.49
52553.5,0.0,0.7957186874966214,0.6887639654928581,0.4842849021359539,2.99,38.31
55546.75,0.0,0.7709768095572733,0.5898387781077641,0.507593600259888,10.35,45.87
62656.75,0.0,0.7609708632899076,0.4792462169424409,0.5189636969057094,63.49,77.91
67670.25,2.579766376356957e-05,0.7344991621168712,0.402559751096026,0.5799561439129376,92.71,103.6
70252.25,0.008781524745119,0.6979566463052057,0.4336373921651817,0.58880857630147,110.17,120.9
70240.25,0.0406932348206546,0.6583112600681118,0.4858577287512374,0.6094371802160319,110.16,123.33
70579.25,0.0767170925001032,0.6308881561165468,0.5334818271814453,0.5602209047348331,104.08,115.35
70715.0,0.0947341808725801,0.611281690902211,0.5522910479422996,0.5255421099650776,98.37,110.89
69946.75,0.0928509514178396,0.5998864803502892,0.5404468957714609,0.5253796800129944,91.9,106.92
68336.5,0.0750299252899657,0.5927833936969565,0.5302998161504737,0.5486883781369285,100.7,112.57
66424.5,0.0425093903496099,0.5730580031353046,0.5621906378164333,0.557703240477544,109.0,117.83
66060.25,0.0143280224542865,0.5497324179685389,0.510217790977231,0.571915861284821,116.92,125.79
67105.5,0.0017594006686754,0.5213579112384453,0.440319615330222,0.614066433850402,131.55,137.42
67369.5,0.0,0.4910968160441105,0.3479352283976806,0.6083001705514497,142.99,143.85
65827.5,0.0,0.4548570192983404,0.2502474897468533,0.6219442865264355,151.07,148.18
63824.75,0.0,0.4204929996216012,0.1803139584217225,0.6091935352879071,142.48,138.13
60361.5,0.0,0.393967241472512,0.1326898599915146,0.5862909120441809,130.0,123.3
57071.5,0.0,0.373517487431753,0.1028850233347475,0.5546982863640055,119.42,114.64
53798.75,0.0,0.3575382453105573,0.0905812473483241,0.584341752619183,121.08,115.87
50537.25,0.0,0.3472457970701119,0.1027789563003818,0.5529927718671322,102.14,95.36
47533.25,0.0,0.3664792691496837,0.1976028850233347,0.5391050109640217,86.65,85.95
45221.25,0.0,0.3550029731336829,0.2942653090086268,0.5366685616827743,74.32,78.55
44136.0,0.0,0.3592842856370614,0.4391175222740772,0.5341508974254853,68.0,72.88
44221.25,0.0,0.3738904805665171,0.5313251308160091,0.5379680012994397,63.87,66.37
45232.75,0.0,0.3974322936374939,0.6179465422146797,0.5407293104848534,58.09,61.74
46464.5,0.0,0.4249472944483485,0.6134917267713195,0.5437342645983919,50.16,58.48
47930.5,0.0,0.4739769717282015,0.6883750530335172,0.5418663201494356,39.46,63.05
51205.0,3.0957196516283486e-05,0.527952862316882,0.7178263329090652,0.5380492162754812,43.28,69.52
55294.5,0.0115109175713047,0.5783069355100275,0.7222104369961816,0.5392674409161049,58.06,82.37
57991.0,0.047142650761547,0.6148332342288773,0.7227407721680101,0.5438966945504751,62.86,89.91
59527.0,0.07549428323771,0.6207903129898913,0.7310140008485363,0.5858036221879315,64.92,84.66
60493.75,0.0837082593800305,0.6094924049948646,0.7058761137038608,0.5851539023795987,64.92,81.6
60449.25,0.0719909604986172,0.5888966971187631,0.711851223306463,0.5518557622025502,68.0,83.58
59113.5,0.0522402691212283,0.5711768203686686,0.7316150473766087,0.5373182814911069,72.84,82.4
58239.5,0.0302916167911833,0.5544515919779448,0.727725922783199,0.5358564119223584,74.24,82.11
58541.0,0.0114541627110248,0.553732634196443,0.7603592136897186,0.5489320230650532,82.5,84.95
59699.5,0.0019090271185041,0.5570247040380562,0.7823858011596663,0.5525866969869244,96.45,87.18
61683.25,0.0,0.5566625222985027,0.7863102814311979,0.5659871680337855,96.0,87.5
61504.0,0.0,0.5394453754256987,0.7799816150473766,0.5603021197108747,87.92,84.95
59158.25,0.0,0.5063841288718309,0.7633644463300806,0.5822301632421019,82.41,85.83
55155.5,0.0,0.4746418725336505,0.7264177626926884,0.5572159506212946,78.92,85.87
52840.0,0.0,0.4456565219741608,0.685405176071277,0.5665556728660766,85.03,80.84
51261.5,0.0,0.4153846153846154,0.6506859001555649,0.5404856655567286,82.5,79.07
48241.75,0.0,0.3911724958105843,0.62462876537972,0.5306586534556972,74.8,72.64
46266.25,0.0,0.3184064003459646,0.3906448875689435,0.5138471534150898,93.91,68.3
44385.25,0.0,0.2871290340018379,0.3405458916702022,0.512628928774466,86.83,64.42
43384.0,0.0,0.2602140656251689,0.3008414651393014,0.5221310809713311,86.73,64.83
43005.0,0.0,0.2405535434347802,0.2952552679960402,0.5234305205879964,83.95,59.34
43513.25,0.0,0.2198497216065733,0.3072761985574883,0.5379680012994397,84.44,58.96
43842.5,0.0,0.2009135628952916,0.345531042285391,0.5405668805327702,91.13,63.39
44317.0,0.0,0.1877723120168657,0.4168080893791543,0.527003979533826,91.25,65.62
45989.25,1.031906550542783e-05,0.1765014325098653,0.4891104511384528,0.5313083732640299,91.29,68.04
49096.75,0.0115883105625954,0.1685118114492675,0.5396337151746571,0.5298465036952814,100.84,72.68
52047.25,0.063374540801585,0.1615654900264879,0.5534577853203224,0.5328514578088199,109.4,83.42
53873.25,0.1239835720477153,0.1503486674955403,0.6009051053599208,0.5236741655161212,110.84,89.72
55899.0,0.1572109629751929,0.1462024974322936,0.6626361193607694,0.5404856655567286,117.39,95.12
56275.75,0.1482591736492343,0.1530623276933888,0.7210083439400368,0.5551043612442135,118.36,94.37
54635.5,0.1089022578115326,0.1742688793988864,0.768137462876538,0.5529115568910907,116.74,95.98
53812.25,0.0568683700004127,0.2078598843180712,0.7348324140857022,0.5408917404369366,111.91,92.08
54344.0,0.0172534775250753,0.2527379858370723,0.7573186253712346,0.5336636075692358,121.38,97.76
56574.0,0.0012640855244149,0.2992972593113141,0.7742539951916277,0.5599772598067083,105.94,100.82
59004.5,0.0,0.3420563273690469,0.7841182293876396,0.5648501583692033,113.61,104.76
59828.75,0.0,0.3713714254824585,0.7908358082308019,0.5317956631202794,98.55,102.3
58662.0,0.0,0.3887831774690524,0.7966341394427945,0.5231056606838301,97.69,95.82
55943.75,0.0,0.4078490729228607,0.8016546457361052,0.5179079022171689,91.29,88.67
54011.5,0.0,0.4194605113789935,0.8018314241267147,0.5125477137984245,90.56,83.34
52781.5,0.0,0.4182928806962538,0.7895983594965351,0.5123040688702997,88.6,75.98
50462.0,0.0,0.4201470349748635,0.7770117380851365,0.5067002355234306,75.01,68.22
48102.25,0.0,0.4266933347748527,0.8543699618158677,0.5111670592057176,71.36,63.06
46477.75,0.0,0.4303367749608087,0.8555366991938905,0.5010964021765614,55.83,54.21
46523.0,0.0,0.4499108059895129,0.8406873143826898,0.500203037440104,35.13,42.06
47011.5,0.0,0.4765284609978917,0.8383184839485222,0.5068626654755137,34.4,39.02
49205.75,0.0,0.4984809989729175,0.8380356385235469,0.4987411678713555,40.01,40.69
53649.5,0.0,0.5249797286339802,0.819898175647009,0.5131974336067571,72.24,62.61
61599.25,0.0,0.5441483323422888,0.7689152877952199,0.5174206123609194,79.4,83.65
67907.5,1.031906550542783e-05,0.5443429374560788,0.7397114976665252,0.5364249167546495,113.34,107.78
71278.25,0.0047209724687332,0.5477701497378237,0.7490100410125866,0.5337448225452773,122.54,117.45
72433.25,0.025771866099806,0.5517379317800962,0.7766228256257955,0.5428408998619345,123.12,111.36
72642.5,0.0546549304494984,0.5498621547110655,0.7784613208881347,0.5514496873223422,129.81,109.95
72824.0,0.0736523300449911,0.5468241526569003,0.7689506434733419,0.5227808007796638,128.7,109.36
72795.5,0.0762836917488752,0.5423536407373372,0.7803705275067175,0.5108421993015512,128.32,109.15
73145.5,0.063302307343047,0.5430888156116547,0.7922146796775562,0.5170145374807115,124.51,110.59
72570.75,0.0357916787055764,0.5436456024649982,0.7855324565125159,0.5362624868025664,121.35,115.03
72107.75,0.0115521938333264,0.5533974809449159,0.7965987837646726,0.5274912693900755,116.83,121.49
72610.75,0.0014446691707598,0.5706362506081409,0.7829868476877386,0.5403232356046455,116.08,122.49
73767.5,0.0,0.5878588031785502,0.7912247206901428,0.5444651993827662,120.57,124.81
73254.75,0.0,0.5953943456403049,0.8022203365860557,0.568992122147324,123.69,123.7
72030.5,0.0,0.5933077463646683,0.815726205628624,0.5627385689921222,125.76,124.65
68133.5,0.0,0.58491810368128,0.8236812332060529,0.5312271582879883,114.97,114.52
64188.25,0.0,0.5689280501648738,0.8230094753217366,0.5070250954275969,100.98,102.11
60447.0,0.0,0.544094275366236,0.8078418894074388,0.5082433200682206,98.48,103.4
56240.75,0.0,0.5235634358613979,0.7909418752651676,0.5030455616015593,92.77,92.63
53194.75,0.0,0.5159684307259852,0.700148493848112,0.499796962559896,92.85,90.27
51542.5,0.0,0.4979512406076004,0.6796775562155282,0.499796962559896,89.33,87.76
50594.25,0.0,0.4887507432834207,0.6412812897751379,0.4984163079671891,86.5,86.43
50516.0,0.0,0.47424185091086,0.5901923348889831,0.4949240639974011,83.7,85.61
51761.0,0.0,0.4567922590410292,0.5487908358082308,0.4954113538536506,87.21,87.65
54972.0,0.0,0.4406292232012541,0.510217790977231,0.5035328514578088,89.07,96.7
62555.25,0.0,0.4221795772744472,0.4891811624946967,0.509136684804678,112.06,118.34
68516.75,5.159532752713915e-06,0.3955997621493053,0.5341535850657616,0.5342321124015268,135.18,135.65
70602.25,0.0056651669624798,0.3705875993296935,0.4847970584075802,0.5425972549338098,169.76,160.14
70757.5,0.0289914145374994,0.3639494026704146,0.441839909489464,0.5738650207098189,182.14,166.47
70887.75,0.0609134436785404,0.3384561327639331,0.3603804270965917,0.6054576463899943,184.75,164.48
70975.25,0.0818043917942791,0.314476458186929,0.29302786027436,0.6458214894826606,186.5,166.03
71190.75,0.082165559086969,0.2937996648467484,0.2426813746287653,0.7792576951189799,180.62,159.88
70758.75,0.0659646262434474,0.2770582193632088,0.2191698486776976,0.7871355477950134,190.78,171.94
69739.0,0.037313740867627,0.2592302286610087,0.1954461886578984,0.7591975960367092,189.41,173.77
68991.75,0.0120939447723614,0.2422239039948105,0.1874911610804695,0.7464468447981808,197.64,181.59
69652.5,0.001243447393404,0.2316881993621276,0.1785815301937491,0.7554617071387963,200.18,185.75
70427.75,0.0,0.2232661224931077,0.1627775420732569,0.8442296759522456,202.38,184.93
69504.75,0.0,0.2094005081355749,0.1393720831565549,0.8340778039470479,181.0,180.55
67502.25,0.0,0.189442672576896,0.1112996747277612,0.7812068545439779,180.17,178.05
63776.25,0.0,0.1685496513325044,0.0831919106208457,0.7025095427596849,166.6,160.09
60045.0,0.0,0.1445753824531055,0.0586550700042426,0.6067570860066597,151.15,139.46
56578.5,0.0,0.1233688307476079,0.0391740913590722,0.5840168927150167,137.94,123.02
52856.25,0.0,0.106621979566463,0.0277188516475746,0.5837732477868919,121.37,113.34
50163.5,0.0,0.0662360127574463,0.0277542073256965,0.6001786729472914,115.94,104.85
48707.5,0.0,0.058159900535164,0.0321383114128129,0.570535206692114,108.22,99.39
48044.25,0.0,0.0540299475647332,0.0378659312685617,0.5654186632014944,107.31,97.33
48730.25,0.0,0.0515703551543326,0.0487201244519869,0.564525298465037,106.17,96.32
50170.0,0.0,0.0511433050435158,0.0618370810352142,0.5568098757410866,108.69,97.39
53701.5,0.0,0.0492999621601167,0.0499575731862537,0.5992040932347925,125.31,108.74
60613.75,0.0,0.0413373695875452,0.0490383255550841,0.7671566636887842,163.42,136.84
66294.25,5.159532752713915e-06,0.0388831828747499,0.0541295432046386,0.7643141395273289,295.5,221.02
69104.0,0.0058457506088248,0.0374236445213254,0.0617663696789704,0.7946073255908389,368.97,307.33
69714.0,0.0312100136211664,0.0347964754851613,0.0720548720124452,0.8280678957199707,377.12,314.82
70088.25,0.0681006728030709,0.0303367749608086,0.0825201527365294,0.7988305043450012,348.64,296.36
70444.25,0.0929644611383993,0.0274122925563543,0.0918186960825908,0.827824250791846,379.99,295.57
70264.5,0.0962304453708672,0.0270284880263798,0.1042992504596238,0.7795013400471047,385.87,293.23
69663.75,0.0780379328847979,0.028579923239094,0.1239216518172818,0.799642654105417,404.91,298.33
68751.25,0.0461107442110042,0.0365208930212443,0.1734196011879507,0.8374888329407942,371.96,310.0
68638.0,0.0140545672183927,0.041294124006703,0.2010323858011596,0.8153171444814423,380.94,319.06
69291.75,0.0008874396334667,0.0461268176658197,0.2427520859850092,0.8665637943636807,437.87,368.47
69951.25,0.0,0.0479593491540083,0.2664403903266865,0.8890603427271989,445.08,375.65
69261.25,0.0,0.0473917509054543,0.2558690425682364,0.8856493137334525,359.92,317.01
67377.25,0.0,0.0470998432347694,0.2484089944845142,0.8162917241939414,341.25,291.16
64242.25,0.0,0.0464295367317152,0.2477018809220761,0.7432794607325591,206.82,191.23
60743.75,0.0,0.0450618952375804,0.2464644321878093,0.679363274587834,171.2,161.22
57952.25,0.0,0.0430942213092599,0.2360345071418469,0.6913830910419881,150.0,146.32
54486.5,0.0,0.0408886966863073,0.2217508131805968,0.6625517745472265,135.96,133.75
50888.0,0.0,0.0283636953348829,0.2223872153867911,0.597742223666044,122.24,120.78
48785.25,0.0,0.0276771717390129,0.2202658746994767,0.5922196052952164,115.3,113.9
48148.5,0.0,0.0235147845829504,0.2149271673030688,0.5972549338097946,109.96,108.9
48244.25,0.0,0.0192334720795718,0.1881275632866638,0.5851539023795987,107.35,106.52
49435.75,0.0,0.0181144926752797,0.1628836091076226,0.5840168927150167,112.51,112.15
52571.0,0.0,0.015946807935564,0.155211426955169,0.6275481198733046,123.67,121.53
58924.75,0.0,0.0119682144980809,0.1259722811483524,0.7233005766263298,176.18,161.69
64586.5,0.0,0.010951943348289,0.1063498797906943,0.8452854706407862,599.99,405.41
67610.5,0.0064287778098815,0.0095897075517595,0.0940814594823928,0.8216519126126858,655.6,466.72
67704.25,0.0356472117885004,0.0075841937402021,0.0837929571489181,0.8132867700804028,646.76,434.82
68269.75,0.0759122053906798,0.0057895021352505,0.0719134492999575,0.762527410054414,543.83,378.37
68612.5,0.1044186238494242,0.0044813233147737,0.0630745297694809,0.7717859173231544,465.36,343.0
68249.75,0.1103572460477979,0.004270501108168,0.0580893791542921,0.7414115162836027,404.99,311.14
67905.5,0.0935681264704668,0.0048867506351694,0.0583722245792674,0.8113376106554049,415.3,324.17
67047.25,0.0554340198951582,0.0064544029406994,0.0659736953754773,0.7458783399658897,490.34,370.24
66739.25,0.0179964502414661,0.0082977458240986,0.0744237024466129,0.8063022821408268,668.49,485.86
67272.25,0.001171213934866,0.011460078923185,0.0830858435864799,0.8588483716397304,818.98,597.16
68037.75,0.0,0.0161522244445645,0.0904398246358365,0.8353772435637131,936.28,664.26
67188.75,0.0,0.0216444132115249,0.0966977796634139,0.758466661252335,674.18,508.71
65436.75,0.0,0.0266500891940104,0.1007283269693112,0.6230000812149761,551.01,425.28
62306.5,0.0,0.0313692632034164,0.1011172394286522,0.5822301632421019,295.66,248.86
58940.25,0.0,0.0373803989404832,0.0975463159383396,0.6208072768618533,169.4,161.49
56126.0,0.0,0.0433320720038921,0.0907226700608117,0.613497929018111,150.0,145.63
52825.5,0.0,0.0488134493756419,0.081565549427238,0.599285308210834,134.75,128.57
50266.5,0.0,0.047229579977296,0.0955663979635129,0.5905953057743848,130.07,119.59
49088.5,0.0,0.0552624466187361,0.0950007071135624,0.5966052140014618,122.9,113.44
48010.75,0.0,0.0651764960268122,0.0971927591571206,0.5796312840087712,118.97,109.73
48624.25,0.0,0.0717660414076436,0.1121835666808089,0.5633070738244133,114.95,106.35
49808.25,0.0,0.0868100978431266,0.1364729175505586,0.554779501340047,115.64,108.7
52616.0,0.0,0.1041623871560624,0.1422358930844293,0.5667181028181597,125.83,117.13
58988.5,0.0,0.1205632736904697,0.1400084853627492,0.6583285957930642,156.53,143.34
64792.75,0.0,0.1328828585328936,0.1324423702446613,0.6853731828149111,187.71,183.11
67932.0,0.008853758203657,0.1428779934050489,0.1283411115825201,0.705595711849265,253.0,249.86
68581.75,0.0505531019110909,0.1483485593815882,0.1284471786168858,0.6765207504263786,245.74,238.49
68855.25,0.1056723903083336,0.1366992810422184,0.1192193466270683,0.7405181515471453,208.42,200.15
68907.25,0.144405002682957,0.1192821233580193,0.1087187102248621,0.7602533907252498,174.4,171.04
68308.5,0.1550284806207949,0.1050759500513541,0.0998444350162636,0.6726224315763827,166.06,162.95
66745.25,0.1373364428117389,0.0930212443915887,0.0902630462452269,0.738650207098189,165.0,161.41
65372.0,0.108190242291658,0.0757446348451267,0.0764036204214396,0.7009664582148948,184.5,180.18
64998.25,0.0346926982292483,0.0735228931293583,0.0627563286663838,0.7552180622106717,220.77,207.45
66114.75,0.0011402567383497,0.0852910968160441,0.0540588318483948,0.7424673109721432,250.06,227.14
66968.5,0.0,0.1013676414941348,0.0576297553387073,0.7390562819783968,284.21,245.54
65979.25,0.0,0.1117033353154224,0.0753075943996605,0.6780638349711687,260.0,224.53
64157.5,0.0,0.1156819287529055,0.0997383679818978,0.5879964265410542,225.6,187.3
61428.0,0.0,0.119374020217309,0.124982322160939,0.5490944530171363,175.0,149.3
58213.5,0.0,0.1239148062057408,0.1447107905529628,0.5355315520181921,146.22,128.44
55969.0,0.0,0.1310503270447051,0.1598076651110168,0.5059693007390563,135.09,119.45
52946.75,0.0,0.1418563165576517,0.1747984726347051,0.5010151872005197,116.52,103.62
49558.5,0.0,0.1505378669117249,0.2536769905246782,0.4880207910338666,116.94,102.1
47840.25,0.0,0.1619168603708308,0.2743600622259935,0.4843661171119954,111.36,97.49
46526.0,0.0,0.1699767555002973,0.3027860274360062,0.4846909770161617,108.04,94.68
45951.75,0.0,0.1833882912589869,0.3600268703153726,0.4842036871599123,99.02,88.19
46360.25,0.0,0.1980052975836531,0.4360415782774713,0.4787622837651263,93.44,83.7
46874.0,0.0,0.2126331153035299,0.5252439541790411,0.4760821895557541,91.55,81.89
48539.25,0.0,0.2356343586139791,0.5905812473483242,0.4804677982619995,92.35,79.49
51589.5,0.0,0.2640467052273096,0.612926035921369,0.4816048079265816,101.67,86.97
55349.0,0.0072233458537994,0.2912373641818476,0.6029203790128694,0.4956549987817754,113.75,95.83
58071.25,0.038448838073224,0.3167468511811449,0.6062791684344506,0.5431657597661008,124.98,99.07
59909.25,0.0751589136087835,0.3527758257203092,0.6155777117805119,0.5252172500609112,120.93,90.77
60779.75,0.0922318074875139,0.3901616303583977,0.6409630886720408,0.5113294891578007,107.48,87.22
61531.25,0.0889606637222933,0.4256770636250608,0.6444279451279875,0.4855843417526191,104.71,87.17
60617.5,0.0692202914104098,0.4526298718849667,0.6441450997030123,0.4993908876796881,102.96,86.42
59690.25,0.0354769472076608,0.4590626520352451,0.6420944703719418,0.519044911881751,96.63,86.49
60254.75,0.0113045362611961,0.4723228282609871,0.6943855183142412,0.5021521968651019,98.24,87.18
61322.0,0.0006913773888636,0.494534839721066,0.75,0.5128725737025908,105.67,91.59
62402.75,0.0,0.5238823720201092,0.7687738650827323,0.4859904166328271,121.12,94.76
62164.75,0.0,0.54554300232445,0.7714255409418753,0.4691789165922196,93.15,89.95
60533.5,0.0,0.5579652954213741,0.7743600622259935,0.4789247137172094,95.6,82.75
58146.5,0.0,0.5660792475268933,0.7826332909065196,0.4617883537724356,86.01,79.42
55870.5,0.0,0.5654359695118655,0.7855324565125159,0.4489563875578656,82.78,70.21
53789.25,0.0,0.5567868533434239,0.7829868476877386,0.4552099407130675,87.25,73.75
51180.75,0.0,0.5528406940915725,0.7769056710507708,0.4446519938276618,73.81,62.94
48104.75,0.0,0.5346397102546083,0.7849667656625654,0.4386420856005847,73.58,61.94
46468.0,0.0,0.5417536083031516,0.7527223872153868,0.4305205879964265,68.48,58.03
45097.75,0.0,0.5579382669333478,0.7521213406873144,0.438966945504751,67.61,54.27
44139.5,0.0,0.5701713606140872,0.6618582944420874,0.4315763826849671,59.39,51.49
44449.25,0.0,0.5774960808692362,0.6077641069155706,0.4332818971818403,55.33,48.62
44863.0,0.0,0.5805178658305854,0.5695446188657899,0.4334443271339235,52.74,50.05
45679.5,0.0,0.5738580463808854,0.6046881629189648,0.4353934865589214,45.62,52.61
47668.5,0.0,0.5729390777879886,0.629154292179324,0.4487939576057825,53.92,58.64
50396.75,0.0065268089321831,0.575474349964863,0.6889407438834677,0.4647120929099326,65.3,65.64
53639.25,0.0369061377801626,0.6052597437699335,0.7236600197991797,0.4843661171119954,70.65,70.32
55795.0,0.0766706567053287,0.6332720687604736,0.7401357658039881,0.4638187281734752,65.26,71.15
58124.75,0.0993210054897428,0.6734688361533056,0.7430349314099844,0.4586209697068139,60.9,70.23
58083.75,0.0919996285136418,0.7124168873993189,0.7696931127139018,0.4678794769755542,61.5,72.34
57341.25,0.0672751475626367,0.7498405319206444,0.7473129684627351,0.4616259238203524,47.51,73.2
55373.75,0.0359155074916415,0.7700200010811395,0.6923702446612926,0.4587833996588971,49.47,71.12
55918.5,0.0126253766458909,0.8046380885453268,0.7060882477725923,0.4721838707057581,47.92,72.82
57497.25,0.0013053617864366,0.8402292015784637,0.7165888841747985,0.4633314383172257,38.0,81.98
59836.0,0.0,0.8687983134223471,0.7181798896902842,0.4627629334849346,43.42,80.85
59995.0,0.0,0.886210065408941,0.7142554094187527,0.4683667668318038,28.33,78.49
58928.0,0.0,0.8991242769879453,0.7029062367416207,0.4479005928693251,24.55,71.9
56317.25,0.0,0.9116384669441592,0.6868194031961533,0.4489563875578656,18.55,64.05
53966.75,0.0,0.919941618465863,0.6645453259793522,0.4434337691870381,13.96,53.75
52633.5,0.0,0.9117790150818964,0.6245580540234762,0.4616259238203524,10.08,44.56
50006.5,0.0,0.9206173306665224,0.5824494413802856,0.4738081702265898,2.29,40.33
47200.75,0.0,0.9309476187902048,0.3305755904398246,0.431982457565175,0.09,28.58
45907.5,0.0,0.9308935618141522,0.429748267571772,0.4228863802485178,0.1,30.61
45159.75,0.0,0.9341856316557652,0.4459411681516051,0.4258913343620563,0.05,22.65
45040.25,0.0,0.9304881344937564,0.391210578418894,0.4198002111589377,0.07,20.95
46761.25,0.0,0.9210443807773392,0.3913873568095036,0.4301145131162186,-0.01,22.4
50447.75,0.0,0.9169198335045138,0.3793664262480554,0.4322261024932998,1.75,27.68
58044.25,0.0,0.9404075895994378,0.4056003394145099,0.45277349143182,7.73,58.3
64040.25,0.0,0.947618790204876,0.3856243812756328,0.4707220011370097,59.3,76.95
67584.25,0.0047364510669913,0.9357532839612952,0.4115400933389902,0.4692601315682612,71.79,90.11
67576.75,0.0251682007677384,0.920979512406076,0.4412742186395135,0.4708844310890928,75.91,89.1
68017.25,0.0498049696619474,0.9095032163900753,0.5185617310140008,0.453748071144319,75.46,83.65
67937.5,0.070406983943534,0.8949727012270934,0.5756965068590015,0.4561845204255664,80.13,75.88
67948.25,0.0795290378503322,0.8825558138277745,0.6261490595389619,0.4653618127182652,85.22,74.79
67665.75,0.0724914351756304,0.8790312989891346,0.6473624664121058,0.4674734020953464,81.7,74.5
66636.0,0.0483396623601766,0.8613330450294611,0.6263965492858153,0.4617071387963941,81.7,76.31
66491.75,0.0181615552895529,0.8564030488134494,0.6292957148918116,0.4673921871193048,81.7,83.73
67002.25,0.0013672761794691,0.8527217687442564,0.6308160090510536,0.4829854625192885,74.0,85.06
68316.0,0.0,0.8537596626844695,0.6275986423419602,0.5078372451880127,81.56,84.05
67487.0,0.0,0.8605059732958539,0.6130321029557347,0.5019897669130188,72.01,83.58
66023.25,0.0,0.8631871993080708,0.60274360062226,0.502720701697393,70.94,85.07
62385.5,0.0,0.862057408508568,0.5965210012728044,0.463656298221392,61.5,81.85
59149.5,0.0,0.8568733445051084,0.5863032102955734,0.4551287257370259,44.41,74.42
56096.75,0.0,0.8284664035893832,0.5937986140574176,0.4486315276536993,44.4,63.78
52950.25,0.0,0.8135683009892427,0.5880709942016688,0.4522862015755705,16.59,49.58
48965.5,0.0,0.7754365100816261,0.3227619855748833,0.4612198489401445,37.45,42.35
46985.75,0.0,0.7537380398940483,0.3433389902418328,0.4433525542109965,21.57,42.03
46104.5,0.0,0.7243688848045841,0.4129189647857446,0.4414846097620401,20.94,41.36
46550.75,0.0,0.6926212227687983,0.4865294866355537,0.4390481604807926,25.01,38.85
47593.0,0.0,0.6608357208497757,0.5228397680667515,0.4440834889953707,28.98,47.02
50908.25,0.0,0.6276717660414076,0.5673525668222317,0.4412409648339154,57.27,51.78
57796.25,0.0,0.6054219146980918,0.5799745439117522,0.470072281328677,67.77,82.77
64768.5,0.0,0.5664035893832099,0.6224720690142836,0.4811175180703321,104.94,89.7
67578.0,0.0078063730548561,0.5374560787069571,0.6460189506434734,0.5214001461869568,115.92,96.21
67994.5,0.0450014446691707,0.5414238607492297,0.5768278885589025,0.5003654673921871,114.04,95.57
68938.75,0.0926239319767201,0.5281799016163036,0.6055720548720125,0.4806302282140827,108.4,88.06
68860.25,0.1234263425104222,0.5126114925131088,0.6011172394286523,0.4850970518963697,102.38,83.95
68140.5,0.1278429025467453,0.4884642413103411,0.5790552962805826,0.4842036871599123,102.72,87.07
67218.0,0.1106874561439716,0.4521217363100708,0.5609885447602885,0.4751888248192967,106.2,90.85
65956.5,0.0692564081396788,0.4007135520838964,0.5180313958421723,0.4768131243401283,109.63,103.53
65056.25,0.0249463408593717,0.354240769771339,0.5181021071984161,0.5101112645171769,116.42,114.97
65578.75,0.001532381227556,0.3304989458889669,0.5557912600763683,0.5534800617233818,117.1,115.64
67437.5,0.0,0.3262825017568517,0.6057841889407439,0.5534800617233818,127.33,126.1
66609.25,0.0,0.3264554840802205,0.6517112148211003,0.5226995858036222,121.6,117.08
64304.5,0.0,0.3234823503973187,0.6951279875548013,0.4850158369203281,108.1,107.69
61035.0,0.0,0.3248824260770852,0.7376255126573328,0.4790871436692926,98.51,105.38
57621.25,0.0,0.3268663170982215,0.7725569226417762,0.4495248923901567,95.84,96.25
54354.0,0.0,0.3255202983945078,0.7877952199123179,0.4398603102412085,92.44,87.99
50038.5,0.0,0.3305908427482567,0.8012303775986424,0.4378299358401689,70.66,72.77
46494.25,0.0,0.3469268609114006,0.8100692971291189,0.4375862909120442,69.18,64.28
44857.0,0.0,0.3746202497432294,0.8436925470230519,0.4380735807682936,52.31,56.26
44784.75,0.0,0.4139142656359803,0.8335101117239428,0.4394542353610006,48.41,51.85
45161.0,0.0,0.4677496080869236,0.7792745014849385,0.4362868512953788,45.0,49.69
47049.5,0.0,0.5193307746364668,0.7160585490029698,0.4325509623974661,30.25,45.3
50150.25,0.0,0.5664738634520785,0.7257106491302503,0.4375862909120442,38.0,50.0
56285.0,0.0,0.6065138656143575,0.739039739782209,0.4472508730609924,49.91,76.12
62276.25,0.0,0.6523758040975188,0.7241549992928864,0.4505806870786973,57.9,90.16
65398.5,0.0099114624179634,0.7002486620898427,0.7370951774855041,0.4945992040932347,77.58,97.45
65756.75,0.0543505180170883,0.7508351802800152,0.753783057559044,0.4949240639974011,72.82,89.13
65773.5,0.1064256820902299,0.7819017244175361,0.7568236458775279,0.463656298221392,65.99,74.67
65989.5,0.1438477731456639,0.8094113195307855,0.7521213406873144,0.4552099407130675,63.08,73.55
66144.0,0.1537076402361002,0.8375263527758258,0.746959411681516,0.4553723706651506,63.07,72.27
65204.0,0.1335183885747306,0.872830963835883,0.7131240277188516,0.4613822788922277,63.08,71.47
64004.5,0.0843635200396252,0.8961024920265961,0.5828737095177485,0.4598391943474376,63.08,73.65
63800.0,0.0300439592190531,0.922330936807395,0.5559680384669778,0.4637375131974336,55.63,75.78
64653.0,0.001243447393404,0.9377912319584842,0.5556851930420026,0.4617883537724356,46.81,78.22
66096.75,0.0,0.9414833234228878,0.5641705557912601,0.4679606919515959,57.9,79.41
65732.25,0.0,0.9333747770149736,0.5875053033517182,0.4875335011776172,63.08,80.4
63805.5,0.0,0.9109141034650522,0.6005515485787017,0.4763258344838788,63.08,75.47
60672.5,0.0,0.8780961133034219,0.6085419318342525,0.4676358320474295,57.9,67.7
57708.5,0.0,0.8357370668684794,0.6279875548013011,0.4496873223422399,50.69,58.95
53903.0,0.0,0.7783069355100276,0.6327252156696366,0.45431657597661,43.14,52.64
49954.5,0.0,0.7438618303692092,0.6475746004808373,0.4518801266953626,21.44,41.02
47377.25,0.0,0.7489648089085896,0.5846768491019658,0.4443271339234955,11.28,28.63
45481.75,0.0,0.7602410941131953,0.544937066892943,0.4452204986599529,13.23,26.51
45159.25,0.0,0.7579869182117952,0.5083792957148918,0.4373426459839194,5.45,20.94
45443.25,0.0,0.7828909670793016,0.4885801159666242,0.4372614310078778,1.25,17.51
47423.75,0.0,0.8115357586896589,0.5081671616461604,0.4425404044505807,0.31,20.58
50719.0,0.0,0.8276555489485918,0.6028850233347476,0.4647120929099326,2.0,31.72
57357.25,0.0,0.8893399643223958,0.5590439824635837,0.449281247462032,8.57,45.67
61978.25,0.0,0.9269203740742744,0.5808584358647999,0.4490376025339072,53.95,74.13
64749.25,0.0062275560325256,0.9378344775393264,0.6067034365719135,0.4583773247786892,67.44,81.89
64997.0,0.0299304494984934,0.9521811989837288,0.6271743742044973,0.4627629334849346,68.42,82.96
64928.0,0.0552070004540388,0.926309530244878,0.6342101541507567,0.4523674165516121,65.84,75.08
65034.25,0.0732963222850538,0.8852370398399914,0.6688940743883468,0.4531795663120279,67.7,72.02
64588.25,0.079173030090395,0.8486891183307206,0.7214679677556215,0.4595955494193129,69.72,66.69
63678.0,0.0673938168159491,0.8197199848640467,0.7318978928015839,0.4574839600422318,70.4,68.62
62304.25,0.0405642465018367,0.7846316017082005,0.7359284401074813,0.4604889141557703,69.72,70.88
61956.5,0.0132651587072274,0.7604573220174063,0.7431056427662283,0.4664988223828474,70.47,75.12
63038.5,0.0010680232798117,0.7391588734526191,0.7413732145382549,0.4976041582067733,71.46,82.2
64237.0,0.0,0.7212011460078923,0.7155989251873851,0.5049135060505158,81.52,87.76
63882.75,0.0,0.7108654521866047,0.6784401074812615,0.4884268659140746,92.58,87.03
62214.75,0.0,0.7170117303638035,0.6791118653655777,0.5164460326484204,87.36,80.0
59232.5,0.0,0.7360073517487432,0.6709447037194174,0.4993096727036465,75.37,73.13
55500.5,0.0,0.7567706362506081,0.6528425965210013,0.4863152765369934,70.0,67.56
52428.75,0.0,0.770695713281799,0.632583792957149,0.4716965808495086,69.72,61.12
49047.5,0.0,0.7923076923076923,0.600445481544336,0.4760009745797125,55.01,47.85
47700.5,0.0,0.8058273420184875,0.5088742752085985,0.4766506943880451,47.72,42.97
46458.5,0.0,0.7976323044488891,0.5361688587187102,0.455697230569317,31.48,36.01
45844.25,0.0,0.7882155792204985,0.5692264177626927,0.4656866726224316,16.31,27.88
46002.0,0.0,0.7761446564679172,0.552503182011031,0.4525298465036952,17.43,26.39
47390.5,0.0,0.7604411049245905,0.5723023617592985,0.4759197596036709,22.82,29.28
50561.0,0.0,0.7475377047407968,0.5996323009475322,0.4820920977828311,48.49,41.02
57005.5,0.0,0.7328774528352884,0.6101682930278602,0.5023958417932267,66.15,64.0
61504.75,0.0,0.6987134439699443,0.607233771743742,0.5340696824494436,102.4,83.27
63993.0,0.0080385520287282,0.6645926806854424,0.6123249893932966,0.5582717453098351,109.72,91.06
63996.5,0.063121723696702,0.6451159522136332,0.6213760429925046,0.5278161292942418,106.65,86.82
64560.0,0.1337660461468609,0.6198335045137575,0.6394427945127987,0.5167708925525867,103.14,80.73
64137.75,0.1841953192718867,0.6064706200335154,0.653337576014708,0.5101924794932186,97.44,74.81
63527.75,0.1967020266644652,0.5946105194875398,0.7211144109744025,0.5094615447088443,87.56,69.43
63149.5,0.1711417014075205,0.5798475593275312,0.731508980342243,0.5121416389182165,83.84,67.09
61982.0,0.1103159697857762,0.556121952537975,0.7402771885164757,0.5040201413140584,88.03,72.63
61771.75,0.0360238576794485,0.5291313043948321,0.7693395559326828,0.511654349061967,98.67,82.45
63140.0,0.0015788170223304,0.5184009946483594,0.789280158393438,0.530496223503614,105.24,88.33
64339.0,0.0,0.5276501432509866,0.8006646867486918,0.5548607163160887,109.89,93.2
63695.5,0.0,0.544542948267474,0.8084429359355112,0.5162023877202956,101.18,88.65
62030.0,0.0,0.5612087139845398,0.8112006788290199,0.5201007065702916,98.65,83.54
58374.25,0.0,0.5799935131628736,0.772662989676142,0.4970356533744822,89.73,74.68
55635.25,0.0,0.5953835342450944,0.7361759298543346,0.4786810687890847,71.82,64.67
53333.5,0.0,0.5954051570355154,0.7278319898175647,0.4924876147161536,70.34,59.63
50687.0,0.0,0.6025839234553219,0.722069014283694,0.4744578900349224,58.26,49.04
47979.5,0.0,0.6439321044380777,0.7907650968745581,0.4637375131974336,27.75,36.02
45727.75,0.0,0.6564571057895021,0.7436713336161788,0.4595143344432713,22.75,33.08
44550.0,0.0,0.6698253959673496,0.7132654504313393,0.4557784455453585,21.56,30.61
44532.25,0.0,0.6986539812962863,0.6658534860698628,0.4515552667911963,19.41,23.92
44885.5,0.0,0.7137575004054273,0.6407155989251874,0.451798911719321,18.11,23.09
45605.75,0.0,0.7166603600194605,0.6309574317635412,0.4487939576057825,20.04,32.05
46794.75,0.0,0.7140818422617439,0.6862537123462028,0.4548850808089011,20.0,42.79
49328.25,0.0,0.7013027731228715,0.7064064488756895,0.4647933078859741,21.21,47.88
52783.25,0.0095864118545424,0.6959889723768853,0.7364941309574318,0.4649557378380573,22.87,50.84
55803.0,0.0550883312007264,0.7017298232336883,0.7611370386084005,0.4673109721432632,29.33,54.76
57236.0,0.1052235109588475,0.70509216714417,0.7625866214113987,0.4595955494193129,31.43,52.93
58237.0,0.1308767078053411,0.7156494945672739,0.7474897468533447,0.4669861122390968,31.01,47.11
58129.0,0.1241847938250712,0.7305908427482567,0.7348677697638241,0.4724275156338829,31.23,48.19
57520.25,0.0945639162917406,0.747543110438402,0.7317564700890963,0.4647120929099326,29.9,48.11
56723.75,0.0489691253560077,0.7565111627655549,0.6965422146796776,0.4626005035328515,25.92,50.77
57129.25,0.0159171585421224,0.7852748797232283,0.6837434591995475,0.4721026557297165,27.28,56.64
58918.75,0.0010577042143063,0.8237364181847667,0.6732074671192193,0.4848534069682449,29.31,61.34
60146.25,0.0,0.8663225039191308,0.652170838636685,0.4994721026557297,29.27,63.68
60145.25,0.0,0.9066111681712524,0.6390892377315797,0.4975229432307317,27.95,65.05
58501.5,0.0,0.9340396778204229,0.6364375618724367,0.4838788272557459,20.73,61.31
55653.0,0.0,0.9452510946537652,0.6420591146938198,0.4717777958255502,15.3,51.67
53421.0,0.0,0.9292123898589112,0.6816574741903549,0.4650369528140989,4.9,38.39
51511.5,0.0,0.8943078004216444,0.6873497383679819,0.4639811581255583,3.0,33.1
48639.0,0.0,0.8777231201686577,0.6906024607551973,0.4694225615203443,1.0,27.36
45194.0,0.0,0.8483215308935618,0.699759581388771,0.4538292861203606,0.0,23.11
42391.0,0.0,0.8256824693226661,0.6242752085985009,0.4500933972224478,-0.03,16.91
41246.5,0.0,0.8097086328990756,0.5934804129543204,0.4579712498984812,-0.46,18.57
40580.25,0.0,0.7709659981620628,0.6321948804978079,0.4521237716234874,-1.04,19.37
41141.5,0.0,0.7315422455267853,0.6809857163060388,0.4585397547307723,-2.06,19.82
41287.25,0.0,0.7038272339045354,0.7095531042285391,0.4679606919515959,-0.47,18.59
41537.0,0.0,0.6883345045678145,0.7175788431622119,0.4680419069276375,-0.68,19.3
43657.0,0.0,0.6603167738796691,0.7281501909206619,0.47998050840575,-0.12,23.05
46851.5,0.0039057662938044,0.6285366776582518,0.7781431197850375,0.4902135953869894,3.46,28.97
50632.0,0.0296363561315887,0.5841775231093572,0.7631876679394711,0.4917566799317794,20.6,40.11
52905.75,0.0663464316671482,0.5765663008811287,0.77040022627634,0.4909445301713636,20.17,41.56
55377.25,0.0918396829983076,0.5840423806692253,0.7572125583368688,0.49435555916511,23.0,43.74
55715.0,0.1014673711148718,0.5958484242391481,0.7443784471786169,0.5011776171526029,21.19,44.93
54104.0,0.0895694885871135,0.5968646953889399,0.7386154716447462,0.5195322017380005,21.39,48.08
53433.0,0.0559551327031824,0.5856965241364398,0.715634280865507,0.5175830423130026,28.02,52.89
53938.0,0.0186878276303297,0.5720092977998811,0.7172252863809928,0.5448712742629741,41.77,65.16
55391.75,0.0015375407603087,0.5614573760743824,0.7089874133785886,0.6009096077316657,46.93,74.49
57363.0,0.0,0.5558408562625007,0.7060528920944704,0.6153658734670673,65.47,86.4
57491.75,0.0,0.5614141304935402,0.7017748550417197,0.5992040932347925,60.79,87.62
56099.75,0.0,0.5660035677604195,0.6937491161080469,0.58880857630147,58.21,82.79
53289.75,0.0,0.5713552083896427,0.6841323716588884,0.5745147405181515,46.93,72.48
51631.75,0.0,0.574063462889886,0.6715457502474897,0.5714285714285714,36.66,61.28
49764.25,0.0,0.5727336612789881,0.6496605854900297,0.581418013481686,36.2,55.1
47027.75,0.0,0.5811503324504027,0.6189011455239711,0.5711849265004467,24.5,43.18
45472.75,0.0,0.5372236337099303,0.6651463725074247,0.5752456753025258,29.19,38.69
43530.0,0.0,0.5439321044380777,0.6603026446047235,0.5762202550150247,20.13,29.66
43439.25,0.0,0.538218282069301,0.7070782067600057,0.5716722163566962,14.31,22.5
43690.0,0.0,0.5188172333639656,0.802503182011031,0.5656623081296192,9.12,18.37
44084.0,0.0,0.523585058651819,0.8127916843445058,0.5629822139202469,9.78,19.53
46095.75,0.0,0.539629169144278,0.7747136190072126,0.5583529602858767,14.8,31.15
48968.75,0.0,0.5639548083680199,0.6404327535002121,0.5560789409567124,17.39,45.31
52171.5,0.0,0.5889291313043948,0.5380780653372932,0.575002030374401,52.01,71.64
55551.0,0.009287158954885,0.6208768041515758,0.5490383255550841,0.6005847478274994,59.34,85.94
58148.0,0.0552379576505551,0.6483269365911671,0.5956371093197568,0.573458945829611,59.62,87.13
59101.0,0.111022825772898,0.6561597924212119,0.6024253995191627,0.5610330544952489,52.73,75.84
59729.75,0.1376253766458909,0.6686415481917941,0.5812473483241408,0.5539673515796313,52.0,73.77
59238.25,0.1323832913691336,0.6863398021514676,0.5599985857728751,0.5607081945910826,54.17,75.09
58104.75,0.1084946547240681,0.6983566679279961,0.5447602885023335,0.5590026800942094,54.81,76.74
57012.5,0.0671925950385933,0.7043623979674577,0.5752722387215387,0.5573783805733777,61.56,83.52
57186.25,0.0233881619680521,0.6975079734039678,0.6011525951067741,0.5829610980264761,73.69,94.6
59006.5,0.0014549882362653,0.6872047137683118,0.6177344081459483,0.5634695037764964,82.56,107.81
60958.0,0.0,0.669717282015244,0.6373214538254843,0.5832859579306424,98.25,115.94
60715.75,0.0,0.6452348775609492,0.6563074529769481,0.5842605376431413,101.75,115.63
59171.5,0.0,0.6133736958754528,0.6671616461603733,0.5646877284171201,97.47,118.01
56188.0,0.0,0.5781609816746851,0.6522769056710508,0.5539673515796313,92.59,113.15
52627.25,0.0,0.5376290610303259,0.5924550982887852,0.5529115568910907,108.29,106.28
49508.75,0.0,0.4935185685712741,0.5045608824777259,0.5429221148379761,105.82,98.15
46523.0,0.0,0.4556084112654738,0.3936854758874275,0.5367497766588158,96.99,92.31
42614.0,0.0,0.404546191686037,0.3099278744166313,0.5389425810119386,86.03,78.24
40305.5,0.0,0.362214173739121,0.1993353132513081,0.5281409891984082,82.84,75.28
39922.25,0.0,0.3201848748581004,0.1240277188516475,0.5275724843661171,81.89,73.68
39868.0,0.0,0.2897183631547651,0.0854900296987696,0.5262730447494518,78.0,70.11
40047.75,0.0,0.2594788907508514,0.0730801866779804,0.5197758466661252,78.78,70.15
41099.0,0.0,0.2313476404129953,0.0878588601329373,0.5181515471452935,80.6,71.97
42331.0,0.0,0.2061300610843829,0.1346344222882194,0.5397547307723545,85.07,76.08
44533.5,0.0,0.1842532028758311,0.2037547730165464,0.5589214651181678,100.83,89.79
48003.75,0.0054794237833821,0.1698902643386129,0.2932399943430915,0.5684236173150329,115.09,101.18
51186.5,0.0410131258513229,0.1511108708578842,0.3951350586904257,0.5832047429546008,120.95,105.89
52693.75,0.088929706525777,0.1369587545272717,0.4983382831282704,0.5621700641598311,120.0,105.06
53194.0,0.1192677591117348,0.1263527758257203,0.5754136614340263,0.5559165110046292,118.16,103.72
53009.0,0.1238236265323812,0.1220876804151575,0.6000212134068731,0.5342321124015268,117.49,102.21
51985.75,0.1038304371156148,0.1256338180442186,0.5841465139301372,0.5301713635994477,115.38,100.09
50384.5,0.0626934824782267,0.1533758581544948,0.5066115118087965,0.5275724843661171,117.98,101.94
50443.5,0.0224130102777892,0.1736364127790691,0.4545679536133503,0.5222122959473727,119.5,103.48
51985.0,0.0019915796425475,0.1937185793826693,0.4020647716023193,0.5468204336879721,120.21,104.53
53989.25,0.0,0.2056165198118817,0.3530618017253571,0.5629822139202469,118.0,102.6
52293.25,0.0,0.2047732309854586,0.3037052750671757,0.5500690327296354,110.98,96.72
49623.25,0.0,0.1977782582842315,0.2570357799462593,0.5369934215869406,105.66,92.37
47301.5,0.0,0.1936483053138007,0.2296351294017819,0.5143344432713393,102.56,89.86
45741.75,0.0,0.1898967511757392,0.2199476735963795,0.5144968732234224,94.63,81.55
45125.0,0.0,0.1884588356127358,0.2181091783340404,0.517095752456753,99.04,83.64
43262.5,0.0,0.1870425428401535,0.2257460048083722,0.5083245350442621,90.0,76.44
41605.0,0.0,0.2253040704902967,0.3007353981049356,0.5079996751400958,91.37,78.52
40254.5,0.0,0.2112276339261581,0.3175293452128412,0.5050759360025989,86.44,73.95
39471.25,0.0,0.2005946267365803,0.3150898034224296,0.5043450012182247,85.07,72.57
39226.75,0.0,0.1923887777717714,0.3060741055013435,0.5012588321286445,80.81,66.72
39651.25,0.0,0.1904319152386615,0.3060741055013435,0.4973605132786486,75.99,62.24
39882.75,0.0,0.184955943564517,0.2922146796775562,0.4963859335661496,80.81,65.03
39943.25,0.0,0.1796367371209254,0.2708244944138028,0.5035328514578088,83.01,66.59
41064.0,0.0,0.1704308340991405,0.2638947815019092,0.5201007065702916,84.94,73.63
43583.5,0.0116244272918644,0.1635169468619925,0.2758803563852354,0.5176642572890441,90.21,78.19
47275.0,0.066186486151814,0.1604356992269852,0.2845071418469806,0.5122228538942581,99.24,84.85
49365.5,0.1348082717629091,0.1459322125520298,0.2960330929147221,0.5129537886786324,93.56,81.03
51071.0,0.175965864531308,0.125682469322666,0.2981897892801584,0.5032079915536425,92.55,80.19
50522.75,0.1796291327857349,0.1056597653927239,0.2899165605996323,0.5093803297328028,94.41,81.47
47890.25,0.1499721385231353,0.0894697010649224,0.2813958421722529,0.5183139770973768,91.03,78.74
46653.75,0.0917003756139843,0.078728579923239,0.265096874558054,0.5218874360432064,99.17,83.4
46819.25,0.0352602468320468,0.076377101464944,0.2596521001272804,0.5343133273775684,112.69,93.48
48368.25,0.0023630660007429,0.0801448726958213,0.2571418469806251,0.5582717453098351,118.01,99.21
50465.75,0.0,0.0858316665765717,0.2601117239428652,0.589783156013969,120.53,103.11
50713.0,0.0,0.0899021568733445,0.2680667515202941,0.5820677332900187,119.11,102.18
49906.0,0.0,0.0915833288285853,0.2708952057700466,0.573052870949403,118.01,100.92
48295.25,0.0,0.0904481323314773,0.2618441521708386,0.5533988467473402,118.33,100.83
47084.25,0.0,0.0877669063192605,0.2524748974685334,0.5399171607244376,113.01,95.94
45583.5,0.0,0.0835883020703821,0.2494343091500495,0.5436530496223504,114.07,96.18
43221.5,0.0,0.0780042164441321,0.2414792815726205,0.508162105092179,104.63,88.46
40397.75,0.0,0.0769609168063138,0.3122259934945552,0.5078372451880127,102.17,86.88
39104.25,0.0,0.0743661819557813,0.2792037901286947,0.4940306992609437,95.06,81.4
38711.75,0.0,0.0718038812908805,0.270753783057559,0.4871274262974092,94.61,80.79
38207.5,0.0,0.0707659873506676,0.2448027153160797,0.4869649963453261,89.64,76.81
38253.0,0.0,0.0741337369587545,0.2265238297270541,0.489320230650532,90.87,77.54
38604.75,0.0,0.0747283636953348,0.1964007919671899,0.4974417282546902,95.1,80.96
38909.75,0.0,0.0670793015838694,0.1906024607551973,0.5026394867213514,99.0,84.56
40632.5,0.0,0.0667657711227634,0.2001838495262339,0.5098676195890522,112.61,94.92
43475.5,0.0118050109382094,0.0667603654251581,0.1869961815867628,0.4940306992609437,119.1,100.88
46690.0,0.075349816320634,0.0636899291853613,0.1855819544618865,0.5275724843661171,118.23,100.5
48537.75,0.1518192512486069,0.0583707227417698,0.1647928157262056,0.518070332169252,113.25,96.25
49971.5,0.204389730466009,0.0500621655224606,0.1500848536274925,0.5142532282952976,106.01,90.23
49416.75,0.219718702274322,0.0422455267852316,0.1379932117098005,0.5160399577682124,107.71,91.92
46860.25,0.1972025013414785,0.0383372074166171,0.1260783481827181,0.5177454722650857,103.9,90.56
45670.75,0.1545280059437817,0.0376560895183523,0.1240630745297694,0.5266791196296597,109.64,95.03
46253.0,0.0612488133074668,0.0419914589977836,0.1111582520152736,0.5291967838869488,120.75,104.59
48181.0,0.0040760308746439,0.0521920103789394,0.0995615895912883,0.532445382928612,129.64,111.73
50472.25,0.0,0.0629331315206227,0.0884599066610097,0.576382684967108,137.9,118.34
50812.25,0.0,0.0700632466619817,0.0797270541648988,0.5781694144400228,138.05,118.28
49719.5,0.0,0.0733553165035948,0.07474190354971,0.5631446438723301,135.71,116.49
48212.25,0.0,0.0757176063571003,0.0725498515061518,0.5267603346057013,129.13,111.15
46857.0,0.0,0.0762635818152332,0.0731508980342243,0.5192073418338342,120.85,104.53
45603.25,0.0,0.0766257635547867,0.0730448309998585,0.512060423942175,123.5,106.34
43276.75,0.0,0.0769176712254716,0.0718073822655918,0.5064565905953058,116.98,100.93
40242.0,0.0,0.0782907184172117,0.0413307877245085,0.4975229432307317,106.79,92.93
38875.75,0.0,0.0766636034380236,0.0364870598218073,0.4952489239015674,101.52,88.86
37660.0,0.0,0.0742796907940969,0.0399165605996323,0.4919191098838625,101.03,88.19
38012.5,0.0,0.0770149737823666,0.0403408287370951,0.4902135953869894,99.74,86.75
39437.75,0.0,0.0691767122547164,0.028319898175647,0.5010964021765614,99.58,86.38
40661.0,0.0,0.0628250175685172,0.0173242822797341,0.5160399577682124,106.2,92.56
43058.75,0.0,0.0610735715444078,0.0161929005798331,0.5135222935109234,115.7,100.22
46317.75,0.0,0.0551002756905778,0.0155918540517607,0.5149841630796719,124.29,108.35
49256.25,0.0181925124860692,0.049305367857722,0.0175717720265874,0.5142532282952976,131.85,115.42
51423.75,0.114629339167045,0.0419536191145467,0.0172889266016122,0.5202631365223748,130.15,113.99
52387.75,0.2233303752012218,0.035455970593005,0.020753783057559,0.5115731340859254,120.1,106.03
53078.75,0.2947176703677714,0.0266717119844315,0.0237943713760429,0.5153902379598798,107.94,96.69
53220.0,0.3142980971643208,0.0177306881453051,0.0256328666383821,0.5097051896369691,107.81,96.48
52203.75,0.2801007140793329,0.0119249689172387,0.0259157120633573,0.4991472427515634,107.94,96.31
51427.0,0.1802637553143187,0.009638358830207,0.026799604016405,0.536912206610899,121.65,105.74
51832.75,0.0699787427250588,0.0102492026596032,0.0254207325696506,0.55031267765776,136.46,116.01
53890.5,0.0040502332108804,0.0118817233363965,0.0244307735822373,0.5745959554941932,146.25,125.83
56436.75,0.0,0.01312503378561,0.0246782633290906,0.6481767237878665,151.8,132.24
56330.0,0.0,0.0130925995999783,0.0254560882477725,0.6582473808170226,158.4,137.1
54940.25,0.0,0.0125520298394507,0.0266935369820393,0.5978234386420856,146.43,126.87
51964.0,0.0,0.0111411427644737,0.0296634139442794,0.5356127669942338,133.14,115.39
49344.75,0.0,0.0099140494080761,0.0344717861688587,0.5662308129619101,125.42,108.56
47861.75,0.0,0.0092221201146007,0.0400579833121199,0.5378055713473564,126.76,109.37
45287.75,0.0,0.0091464403481269,0.0458209588459906,0.5072687403557216,114.0,99.26
42924.75,0.0,0.0087950700037839,0.0194102672889266,0.5030455616015593,126.4,108.33
41263.25,0.0,0.0081517919887561,0.0189859991514637,0.504669861122391,116.63,100.38
40628.75,0.0,0.0076869019947024,0.0208952057700466,0.5063753756192642,110.15,94.94
40236.5,0.0,0.0087193902373101,0.02188516475746,0.5068626654755137,105.92,91.5
40756.75,0.0,0.0082436888480458,0.0255975109602602,0.5041825712661415,102.93,89.22
40788.75,0.0,0.0085842477971782,0.0228044123886296,0.4883456509380329,105.58,91.27
41833.5,0.0,0.0099627006865235,0.020364870598218,0.4923251847640705,109.71,94.83
44037.75,0.0,0.0106600356776041,0.0224508556074105,0.5137659384390482,124.24,106.19
47002.75,0.0135489330086267,0.0117519865938699,0.0250318201103097,0.5296028587671566,128.0,109.84
49584.25,0.0898996986832872,0.0144440240012973,0.0299109036911327,0.5525866969869244,128.3,110.35
51340.0,0.1885860816444463,0.0153629925941942,0.0375123744873426,0.5114919191098839,122.83,105.64
52861.5,0.2586525364263012,0.0154224552678523,0.0491443925894498,0.4907821002192804,113.4,98.09
52835.75,0.2825205349403558,0.01400616249527,0.0630038184132371,0.4828230325672054,108.97,94.66
51301.0,0.2571562719280142,0.0123574247256608,0.0721962947249328,0.4824169576869975,110.01,95.32
50191.25,0.1850569612415899,0.0135088383155846,0.0998090793381417,0.5187200519775846,117.83,101.05
50826.75,0.0711086803979031,0.0143359100491918,0.1073398387781077,0.541785105173394,137.84,113.88
52913.25,0.0042978907830106,0.0172874209416725,0.1176990524678263,0.5864533419962641,143.25,118.32
55232.25,0.0,0.0226931185469484,0.1312756328666383,0.6052140014618695,152.0,126.33
55398.75,0.0,0.030990864371047,0.1493070287088106,0.6145537237066515,147.51,125.42
53898.75,0.0,0.0410616790096762,0.1692829868476877,0.5820677332900187,140.48,119.49
51364.25,0.0,0.0514352127142007,0.1931834252580964,0.5406480955088119,129.26,108.84
49310.25,0.0,0.063976431158441,0.2176849101965775,0.5089742548525948,125.9,105.86
48109.0,0.0,0.0785231634142386,0.2369183990948946,0.4894014456265735,121.25,102.25
46020.0,0.0,0.0934158603167738,0.2531820110309716,0.4806302282140827,114.93,97.01
43202.75,0.0,0.1005784096437645,0.3731791825767218,0.4954113538536506,127.39,105.89
41772.75,0.0,0.1179577274447267,0.3931904963937208,0.4776252741005441,114.09,95.59
40905.25,0.0,0.1344234823503973,0.4070499222175081,0.4746203199870056,107.71,90.46
40591.25,0.0,0.1448132331477377,0.3910691557064064,0.4683667668318038,101.7,85.28
40920.5,0.0,0.1557813935888426,0.3781289775137887,0.4639811581255583,97.73,81.99
41371.0,0.0,0.1674144548353965,0.3861193607693395,0.4699098513765938,98.61,82.65
41467.0,0.0,0.1710741121141683,0.3934026304624523,0.4789247137172094,98.16,76.88
43039.0,0.0,0.1713498026920374,0.4061660302644604,0.4837976122797043,102.09,78.37
45934.25,0.0124189953357823,0.1818152332558516,0.4602955734690991,0.4950864939494843,110.71,82.56
49120.5,0.0704843769348247,0.1983836964160225,0.5364163484655635,0.4760009745797125,114.65,82.96
52088.25,0.1389771742271019,0.2025623006649008,0.5992433884881913,0.4675546170713879,104.07,79.39
54617.5,0.1789480744623766,0.2050651386561435,0.6615047376608684,0.4672297571672216,100.19,75.68
54558.75,0.1842211169356503,0.2105302989350775,0.7168717295997737,0.4707220011370097,100.72,76.52
53667.0,0.1576340446609155,0.2199308070706524,0.7664403903266864,0.4656866726224316,99.73,76.07
52674.5,0.1074369505097618,0.2426996053840748,0.7555861971432613,0.4865589214651181,98.44,76.15
52939.75,0.0394807446237668,0.2645548408022055,0.7672889266016122,0.5431657597661008,104.01,81.57
54787.75,0.0024198208610228,0.2955619222660684,0.7570357799462594,0.5170145374807115,121.73,89.64
56774.0,0.0,0.3280177306881453,0.7578843162211851,0.4864777064890765,122.0,90.47
57104.25,0.0,0.3576247364722417,0.7459694526941026,0.4971168683505238,126.11,90.16
56079.75,0.0,0.3847721498459376,0.7357870173949936,0.5115731340859254,121.34,87.26
53780.5,0.0,0.4128925887885831,0.725463159383397,0.5232680906359133,109.92,81.64
52414.5,0.0,0.4362560138385858,0.7137250742469241,0.5149841630796719,90.21,75.44
51014.75,0.0,0.4457808530190821,0.6990878235044549,0.4643060180297246,83.79,72.64
48336.5,0.0,0.4644142926644684,0.6826120774996465,0.4488751725818241,71.63,61.12
44796.5,0.0,0.4451862262825017,0.3811695658322727,0.4493624624380736,71.73,55.61
44067.75,0.0,0.4654738093951024,0.4736246641210578,0.4553723706651506,68.6,55.96
43469.25,0.0,0.4727444726741986,0.5170767925328807,0.450255827174531,68.6,53.29
43041.0,0.0,0.4704092113087194,0.4976665252439541,0.4561033054495249,64.65,48.05
43767.75,0.0,0.4814962970971403,0.5042426813746288,0.4694225615203443,66.89,47.04
45797.0,0.0,0.4912211470890318,0.5201880922076085,0.4733208803703403,69.17,53.35
47946.5,0.0,0.4868263149359425,0.5538820534577853,0.4720214407536749,71.14,67.65
51327.75,0.0,0.4920265960322179,0.5080964502899166,0.4721026557297165,80.2,75.37
54344.5,0.0050460230321542,0.4984864046705227,0.5081318059680384,0.4748639649151303,86.3,83.09
56166.75,0.0359929004829322,0.482058489648089,0.5212487625512657,0.4660927475026394,87.06,90.27
57692.5,0.0813658315102984,0.4861451970376777,0.5568519304200255,0.4731584504182571,83.71,91.1
57953.0,0.1136438684112766,0.4907886912806097,0.5791967189930702,0.4811175180703321,78.88,85.84
58463.5,0.1260319065505427,0.4981350343261798,0.5939753924480271,0.4742954600828393,82.86,79.96
58243.25,0.1187827630329797,0.5058057192280664,0.6090369113279592,0.4742142451067977,80.5,81.0
57893.0,0.0834502827423948,0.5165684631601708,0.6388771036628482,0.4846097620401202,83.7,84.93
58138.25,0.0320406983943534,0.5356343586139791,0.6380992787441663,0.5677738975067003,92.42,88.49
59576.5,0.0023011516077104,0.5590518406400345,0.6320888134634423,0.5056444408348899,96.97,97.41
61402.5,0.0,0.5823071517379318,0.6269268844576439,0.5037764963859336,109.97,99.86
61475.75,0.0,0.5959727552840695,0.6269975958138877,0.5502314626817185,100.0,90.81
60058.5,0.0,0.6035461376290611,0.629543204638665,0.4993096727036465,86.62,89.26
56909.25,0.0,0.6082977458240986,0.6308867204072974,0.4625192885568098,74.83,84.62
54316.0,0.0,0.606973349910806,0.6332555508414651,0.4968732234223991,68.02,77.81
52292.75,0.0,0.5834855938158819,0.6450997030123038,0.5249736051327865,67.26,73.47
49145.5,0.0,0.5716795502459593,0.6560599632300947,0.5859660521400146,35.66,59.37
45436.0,0.0,0.457413914265636,0.2782491868194032,0.512060423942175,50.49,60.52
43433.75,0.0,0.4402129844856479,0.3521425540941875,0.4683667668318038,45.9,54.42
42529.25,0.0,0.4189523758040975,0.3914227124876255,0.4539917160724437,56.43,57.0
42690.25,0.0,0.402605546245743,0.4188587187102248,0.4474133030130756,57.06,51.92
43292.75,0.0,0.3990810314071031,0.4461533022203366,0.4480630228214082,63.92,52.71
43674.25,0.0,0.4020865992756365,0.4817918257672182,0.4453017136359944,63.72,53.94
45299.5,0.0,0.4011243851018974,0.4957926743034931,0.446357508324535,63.7,63.22
46890.5,0.0,0.4020271366019785,0.5231933248479705,0.4829854625192885,71.63,79.58
49322.25,0.0087557270813555,0.4062327693388832,0.5419671899307029,0.5619264192317063,78.43,90.9
51972.75,0.0579776695422462,0.4096491702254176,0.5678121906378164,0.5313083732640299,83.46,98.31
53934.25,0.1249329260742147,0.4112276339261582,0.5868335454674021,0.4926500446682368,82.47,88.57
55480.75,0.1741239113385891,0.4188388561543867,0.6018950643473342,0.4666612523349305,81.03,82.18
55742.25,0.1922080736368514,0.4348505324612141,0.6106632725215669,0.4644684479818078,81.17,79.58
54490.0,0.1749287984480125,0.4579761068165847,0.6206689294300665,0.4794120035734589,78.93,77.52
53533.0,0.1279357741362942,0.475847343099627,0.5895912883609108,0.5164460326484204,76.84,77.41
53380.5,0.0499958723737978,0.5185577598789124,0.5832272662989676,0.5203443514984163,82.07,82.89
55650.75,0.0033227390927477,0.5787772312016866,0.6161434026304624,0.5089742548525948,83.67,89.61
57983.25,0.0,0.639234553219093,0.618194031961533,0.651181677901405,83.25,91.98
56908.75,0.0,0.6870533542353641,0.5817423278178475,0.6228376512628929,77.68,84.0
54382.75,0.0,0.734964052110925,0.5443360203648706,0.5333387476650694,67.77,72.35
51189.0,0.0,0.7822476890642738,0.5300169707254985,0.4311703078047592,35.56,62.1
49336.5,0.0,0.8179306989567003,0.5165464573610522,0.429058718427678,15.7,42.52
48491.25,0.0,0.8210876263581816,0.5320322443784472,0.4327133923495492,9.06,39.28
49235.25,0.0,0.8265527866371155,0.5510535992080328,0.4561033054495249,0.52,34.25
