# Renewables.ninja Weather (Point API) - 50.938, 6.960 - Version: 1.0 - License: https://science.nasa.gov/earth-science/earth-science-data/data-information-policy - Reference: https://www.renewables.ninja/
# Units: time in UTC, local_time in Europe/Paris, t2m in ºC, rhoa in kg/m³, swgdn in W/m², swtdn in W/m², cldtot in fraction
# {"units": {"time": "UTC", "local_time": "Europe/Paris", "t2m": "\u00baC", "rhoa": "kg/m\u00b3", "swgdn": "W/m\u00b2", "swtdn": "W/m\u00b2", "cldtot": "fraction"}, "params": {"local_time": "true", "header": "true", "lat": "50.938361", "lon": "6.959974", "date_from": "2019-01-01", "date_to": "2019-12-31", "dataset": "merra2", "var_t2m": "true", "var_prectotland": "false", "var_precsnoland": "false", "var_snomas": "false", "var_rhoa": "true", "var_swgdn": "true", "var_swtdn": "true", "var_cldtot": "true"}}
time,local_time,t2m,rhoa,swgdn,swtdn,cldtot
2019-01-01 00:00,2019-01-01 01:00,6.294,1.257,0,0,0.986
2019-01-01 01:00,2019-01-01 02:00,6.003,1.257,0,0,0.991
2019-01-01 02:00,2019-01-01 03:00,5.710,1.258,0,0,0.996
2019-01-01 03:00,2019-01-01 04:00,5.540,1.259,0,0,0.995
2019-01-01 04:00,2019-01-01 05:00,5.458,1.259,0,0,0.991
2019-01-01 05:00,2019-01-01 06:00,5.247,1.260,0,0,0.996
2019-01-01 06:00,2019-01-01 07:00,5.223,1.259,0,0,0.994
2019-01-01 07:00,2019-01-01 08:00,5.293,1.259,0.372,11.254,0.972
2019-01-01 08:00,2019-01-01 09:00,5.498,1.257,8.068,141.734,0.933
2019-01-01 09:00,2019-01-01 10:00,5.695,1.256,16.283,272.672,0.930
2019-01-01 10:00,2019-01-01 11:00,5.835,1.255,22.794,355.866,0.943
2019-01-01 11:00,2019-01-01 12:00,6.007,1.254,18.752,385.699,0.938
2019-01-01 12:00,2019-01-01 13:00,6.320,1.252,25.054,359.987,0.867
2019-01-01 13:00,2019-01-01 14:00,6.737,1.249,37.022,280.698,0.709
2019-01-01 14:00,2019-01-01 15:00,6.708,1.249,32.503,152.985,0.665
2019-01-01 15:00,2019-01-01 16:00,6.091,1.251,2.380,16.406,0.501
2019-01-01 16:00,2019-01-01 17:00,5.253,1.255,0,0,0.471
2019-01-01 17:00,2019-01-01 18:00,4.756,1.259,0,0,0.473
2019-01-01 18:00,2019-01-01 19:00,4.219,1.262,0,0,0.261
2019-01-01 19:00,2019-01-01 20:00,3.549,1.266,0,0,0.275
2019-01-01 20:00,2019-01-01 21:00,3.005,1.269,0,0,0.413
2019-01-01 21:00,2019-01-01 22:00,2.716,1.271,0,0,0.432
2019-01-01 22:00,2019-01-01 23:00,2.379,1.272,0,0,0.146
2019-01-01 23:00,2019-01-02 00:00,1.697,1.275,0,0,0.131
2019-01-02 00:00,2019-01-02 01:00,1.020,1.279,0,0,0.170
2019-01-02 01:00,2019-01-02 02:00,1.236,1.279,0,0,0.387
2019-01-02 02:00,2019-01-02 03:00,1.689,1.277,0,0,0.440
2019-01-02 03:00,2019-01-02 04:00,1.827,1.276,0,0,0.249
2019-01-02 04:00,2019-01-02 05:00,1.484,1.277,0,0,0.136
2019-01-02 05:00,2019-01-02 06:00,1.133,1.279,0,0,0.160
2019-01-02 06:00,2019-01-02 07:00,0.770,1.281,0,0,0.178
2019-01-02 07:00,2019-01-02 08:00,0.517,1.283,2.965,11.857,0.200
2019-01-02 08:00,2019-01-02 09:00,1.156,1.283,60.487,143.484,0.275
2019-01-02 09:00,2019-01-02 10:00,2.378,1.280,129.800,274.533,0.283
2019-01-02 10:00,2019-01-02 11:00,3.591,1.276,201.894,357.835,0.088
2019-01-02 11:00,2019-01-02 12:00,4.454,1.272,236.073,387.604,0.132
2019-01-02 12:00,2019-01-02 13:00,4.731,1.270,201.405,361.987,0.215
2019-01-02 13:00,2019-01-02 14:00,4.561,1.270,152.734,282.573,0.168
2019-01-02 14:00,2019-01-02 15:00,3.524,1.272,76.664,154.797,0.031
2019-01-02 15:00,2019-01-02 16:00,1.170,1.276,5.559,17.164,0.191
2019-01-02 16:00,2019-01-02 17:00,0.200,1.279,0,0,0.241
2019-01-02 17:00,2019-01-02 18:00,-0.563,1.283,0,0,0.104
2019-01-02 18:00,2019-01-02 19:00,-1.401,1.286,0,0,0.014
2019-01-02 19:00,2019-01-02 20:00,-2.162,1.289,0,0,0.006
2019-01-02 20:00,2019-01-02 21:00,-2.642,1.292,0,0,0.055
2019-01-02 21:00,2019-01-02 22:00,-2.733,1.293,0,0,0.249
2019-01-02 22:00,2019-01-02 23:00,-2.324,1.295,0,0,0.502
2019-01-02 23:00,2019-01-03 00:00,-1.547,1.297,0,0,0.729
2019-01-03 00:00,2019-01-03 01:00,-0.873,1.298,0,0,0.830
2019-01-03 01:00,2019-01-03 02:00,-0.695,1.299,0,0,0.832
2019-01-03 02:00,2019-01-03 03:00,-0.706,1.299,0,0,0.775
2019-01-03 03:00,2019-01-03 04:00,-0.687,1.298,0,0,0.731
2019-01-03 04:00,2019-01-03 05:00,-0.570,1.297,0,0,0.717
2019-01-03 05:00,2019-01-03 06:00,-0.254,1.295,0,0,0.738
2019-01-03 06:00,2019-01-03 07:00,0.122,1.294,0,0,0.804
2019-01-03 07:00,2019-01-03 08:00,0.421,1.293,1.152,12.543,0.897
2019-01-03 08:00,2019-01-03 09:00,0.868,1.292,19.448,145.422,0.920
2019-01-03 09:00,2019-01-03 10:00,1.464,1.290,50.402,276.547,0.849
2019-01-03 10:00,2019-01-03 11:00,2.229,1.287,83.552,359.866,0.816
2019-01-03 11:00,2019-01-03 12:00,2.927,1.283,103.699,389.716,0.935
2019-01-03 12:00,2019-01-03 13:00,3.346,1.280,104.856,364.096,0.970
2019-01-03 13:00,2019-01-03 14:00,3.444,1.279,75.510,284.590,0.964
2019-01-03 14:00,2019-01-03 15:00,3.087,1.279,36.916,156.790,0.941
2019-01-03 15:00,2019-01-03 16:00,2.245,1.280,3.298,18.006,0.857
2019-01-03 16:00,2019-01-03 17:00,2.105,1.281,0,0,0.878
2019-01-03 17:00,2019-01-03 18:00,1.978,1.283,0,0,0.928
2019-01-03 18:00,2019-01-03 19:00,1.594,1.284,0,0,0.971
2019-01-03 19:00,2019-01-03 20:00,1.195,1.286,0,0,0.705
2019-01-03 20:00,2019-01-03 21:00,0.781,1.286,0,0,0.661
2019-01-03 21:00,2019-01-03 22:00,0.712,1.288,0,0,0.968
2019-01-03 22:00,2019-01-03 23:00,0.872,1.291,0,0,0.996
2019-01-03 23:00,2019-01-04 00:00,0.813,1.293,0,0,0.998
2019-01-04 00:00,2019-01-04 01:00,0.577,1.294,0,0,0.995
2019-01-04 01:00,2019-01-04 02:00,0.361,1.295,0,0,0.969
2019-01-04 02:00,2019-01-04 03:00,0.229,1.296,0,0,0.985
2019-01-04 03:00,2019-01-04 04:00,0.217,1.296,0,0,0.997
2019-01-04 04:00,2019-01-04 05:00,0.261,1.295,0,0,0.993
2019-01-04 05:00,2019-01-04 06:00,0.325,1.294,0,0,0.993
2019-01-04 06:00,2019-01-04 07:00,0.472,1.293,0,0,0.992
2019-01-04 07:00,2019-01-04 08:00,0.655,1.293,0.800,13.297,0.981
2019-01-04 08:00,2019-01-04 09:00,0.948,1.292,10.556,147.484,0.997
2019-01-04 09:00,2019-01-04 10:00,1.263,1.290,17.442,278.781,0.999
2019-01-04 10:00,2019-01-04 11:00,1.686,1.287,24.773,362.116,0.998
2019-01-04 11:00,2019-01-04 12:00,2.371,1.283,56.679,392.074,0.993
2019-01-04 12:00,2019-01-04 13:00,2.979,1.279,61.306,366.360,0.996
2019-01-04 13:00,2019-01-04 14:00,3.157,1.277,38.377,286.838,0.996
2019-01-04 14:00,2019-01-04 15:00,2.985,1.276,21.380,158.915,0.990
2019-01-04 15:00,2019-01-04 16:00,2.518,1.278,2.180,18.941,0.989
2019-01-04 16:00,2019-01-04 17:00,2.150,1.280,0,0,0.989
2019-01-04 17:00,2019-01-04 18:00,1.815,1.282,0,0,0.993
2019-01-04 18:00,2019-01-04 19:00,1.607,1.283,0,0,0.996
2019-01-04 19:00,2019-01-04 20:00,1.529,1.283,0,0,0.997
2019-01-04 20:00,2019-01-04 21:00,1.556,1.283,0,0,0.999
2019-01-04 21:00,2019-01-04 22:00,1.709,1.281,0,0,0.999
2019-01-04 22:00,2019-01-04 23:00,1.956,1.280,0,0,0.994
2019-01-04 23:00,2019-01-05 00:00,2.187,1.278,0,0,0.978
2019-01-05 00:00,2019-01-05 01:00,2.378,1.277,0,0,0.984
2019-01-05 01:00,2019-01-05 02:00,2.531,1.276,0,0,0.991
2019-01-05 02:00,2019-01-05 03:00,2.692,1.274,0,0,0.991
2019-01-05 03:00,2019-01-05 04:00,2.912,1.272,0,0,0.985
2019-01-05 04:00,2019-01-05 05:00,3.370,1.269,0,0,0.979
2019-01-05 05:00,2019-01-05 06:00,3.908,1.266,0,0,0.978
2019-01-05 06:00,2019-01-05 07:00,3.983,1.265,0,0,0.987
2019-01-05 07:00,2019-01-05 08:00,4.016,1.265,0.959,14.145,0.936
2019-01-05 08:00,2019-01-05 09:00,4.230,1.265,18.840,149.734,0.839
2019-01-05 09:00,2019-01-05 10:00,4.588,1.263,49.848,281.156,0.773
2019-01-05 10:00,2019-01-05 11:00,4.995,1.262,72.191,364.600,0.743
2019-01-05 11:00,2019-01-05 12:00,5.425,1.259,81.579,394.466,0.705
2019-01-05 12:00,2019-01-05 13:00,5.655,1.258,74.993,368.737,0.778
2019-01-05 13:00,2019-01-05 14:00,5.606,1.257,37.103,289.213,0.826
2019-01-05 14:00,2019-01-05 15:00,5.433,1.258,14.788,161.227,0.840
2019-01-05 15:00,2019-01-05 16:00,5.170,1.259,0.925,19.976,0.851
2019-01-05 16:00,2019-01-05 17:00,4.944,1.261,0,0,0.877
2019-01-05 17:00,2019-01-05 18:00,4.750,1.262,0,0,0.891
2019-01-05 18:00,2019-01-05 19:00,4.570,1.264,0,0,0.897
2019-01-05 19:00,2019-01-05 20:00,4.395,1.265,0,0,0.900
2019-01-05 20:00,2019-01-05 21:00,4.268,1.265,0,0,0.893
2019-01-05 21:00,2019-01-05 22:00,4.171,1.266,0,0,0.890
2019-01-05 22:00,2019-01-05 23:00,4.001,1.267,0,0,0.890
2019-01-05 23:00,2019-01-06 00:00,3.825,1.268,0,0,0.887
2019-01-06 00:00,2019-01-06 01:00,3.685,1.268,0,0,0.890
2019-01-06 01:00,2019-01-06 02:00,3.579,1.269,0,0,0.870
2019-01-06 02:00,2019-01-06 03:00,3.604,1.269,0,0,0.833
2019-01-06 03:00,2019-01-06 04:00,3.524,1.269,0,0,0.814
2019-01-06 04:00,2019-01-06 05:00,3.404,1.270,0,0,0.829
2019-01-06 05:00,2019-01-06 06:00,3.283,1.271,0,0,0.798
2019-01-06 06:00,2019-01-06 07:00,3.117,1.272,0,0,0.779
2019-01-06 07:00,2019-01-06 08:00,2.938,1.273,1.111,15.070,0.806
2019-01-06 08:00,2019-01-06 09:00,2.932,1.275,19.162,152.172,0.838
2019-01-06 09:00,2019-01-06 10:00,3.160,1.274,42.779,283.656,0.840
2019-01-06 10:00,2019-01-06 11:00,3.622,1.273,68.225,367.210,0.787
2019-01-06 11:00,2019-01-06 12:00,4.246,1.270,89.866,397.091,0.769
2019-01-06 12:00,2019-01-06 13:00,4.745,1.267,94.245,371.362,0.716
2019-01-06 13:00,2019-01-06 14:00,5.013,1.265,83.153,291.715,0.679
2019-01-06 14:00,2019-01-06 15:00,4.726,1.265,45.890,163.665,0.682
2019-01-06 15:00,2019-01-06 16:00,3.807,1.266,4.035,21.107,0.676
2019-01-06 16:00,2019-01-06 17:00,3.373,1.268,0,0,0.586
2019-01-06 17:00,2019-01-06 18:00,2.979,1.270,0,0,0.525
2019-01-06 18:00,2019-01-06 19:00,2.487,1.272,0,0,0.527
2019-01-06 19:00,2019-01-06 20:00,2.135,1.274,0,0,0.543
2019-01-06 20:00,2019-01-06 21:00,1.875,1.275,0,0,0.559
2019-01-06 21:00,2019-01-06 22:00,1.646,1.276,0,0,0.776
2019-01-06 22:00,2019-01-06 23:00,1.665,1.277,0,0,0.931
2019-01-06 23:00,2019-01-07 00:00,1.657,1.279,0,0,0.955
2019-01-07 00:00,2019-01-07 01:00,1.594,1.280,0,0,0.965
2019-01-07 01:00,2019-01-07 02:00,1.505,1.282,0,0,0.957
2019-01-07 02:00,2019-01-07 03:00,1.523,1.283,0,0,0.981
2019-01-07 03:00,2019-01-07 04:00,1.385,1.285,0,0,0.978
2019-01-07 04:00,2019-01-07 05:00,1.240,1.285,0,0,0.979
2019-01-07 05:00,2019-01-07 06:00,1.269,1.285,0,0,0.987
2019-01-07 06:00,2019-01-07 07:00,1.349,1.284,0,0,0.991
2019-01-07 07:00,2019-01-07 08:00,1.358,1.284,1.795,16.101,0.975
2019-01-07 08:00,2019-01-07 09:00,1.698,1.283,30.299,154.734,0.846
2019-01-07 09:00,2019-01-07 10:00,2.569,1.279,101.381,286.283,0.668
2019-01-07 10:00,2019-01-07 11:00,3.536,1.274,128.323,369.975,0.629
2019-01-07 11:00,2019-01-07 12:00,4.374,1.269,135.347,399.935,0.783
2019-01-07 12:00,2019-01-07 13:00,4.837,1.265,102.943,374.206,0.961
2019-01-07 13:00,2019-01-07 14:00,4.846,1.262,52.179,294.463,0.986
2019-01-07 14:00,2019-01-07 15:00,4.601,1.261,17.669,166.290,0.990
2019-01-07 15:00,2019-01-07 16:00,4.463,1.261,1.598,22.347,0.997
2019-01-07 16:00,2019-01-07 17:00,4.621,1.259,0,0,0.998
2019-01-07 17:00,2019-01-07 18:00,4.758,1.258,0,0,0.997
2019-01-07 18:00,2019-01-07 19:00,5.014,1.255,0,0,0.997
2019-01-07 19:00,2019-01-07 20:00,5.078,1.254,0,0,0.994
2019-01-07 20:00,2019-01-07 21:00,5.428,1.250,0,0,0.996
2019-01-07 21:00,2019-01-07 22:00,5.807,1.247,0,0,0.993
2019-01-07 22:00,2019-01-07 23:00,6.068,1.244,0,0,0.992
2019-01-07 23:00,2019-01-08 00:00,6.569,1.240,0,0,0.992
2019-01-08 00:00,2019-01-08 01:00,6.865,1.238,0,0,0.784
2019-01-08 01:00,2019-01-08 02:00,6.500,1.238,0,0,0.722
2019-01-08 02:00,2019-01-08 03:00,5.458,1.242,0,0,0.792
2019-01-08 03:00,2019-01-08 04:00,4.671,1.245,0,0,0.849
2019-01-08 04:00,2019-01-08 05:00,4.234,1.247,0,0,0.879
2019-01-08 05:00,2019-01-08 06:00,4.043,1.248,0,0,0.714
2019-01-08 06:00,2019-01-08 07:00,4.092,1.248,0,0,0.787
2019-01-08 07:00,2019-01-08 08:00,4.360,1.246,1.378,17.220,0.962
2019-01-08 08:00,2019-01-08 09:00,4.749,1.244,19.729,157.478,0.798
2019-01-08 09:00,2019-01-08 10:00,5.056,1.243,49.788,289.158,0.771
2019-01-08 10:00,2019-01-08 11:00,5.365,1.241,62.428,372.850,0.753
2019-01-08 11:00,2019-01-08 12:00,5.565,1.240,73.358,402.841,0.769
2019-01-08 12:00,2019-01-08 13:00,5.599,1.239,64.514,377.110,0.796
2019-01-08 13:00,2019-01-08 14:00,5.854,1.237,54.987,297.338,0.728
2019-01-08 14:00,2019-01-08 15:00,5.808,1.237,28.183,169.094,0.700
2019-01-08 15:00,2019-01-08 16:00,5.384,1.239,2.454,23.702,0.607
2019-01-08 16:00,2019-01-08 17:00,4.931,1.241,0,0,0.522
2019-01-08 17:00,2019-01-08 18:00,4.588,1.243,0,0,0.540
2019-01-08 18:00,2019-01-08 19:00,4.381,1.244,0,0,0.576
2019-01-08 19:00,2019-01-08 20:00,4.209,1.245,0,0,0.566
2019-01-08 20:00,2019-01-08 21:00,4.020,1.246,0,0,0.642
2019-01-08 21:00,2019-01-08 22:00,3.865,1.247,0,0,0.679
2019-01-08 22:00,2019-01-08 23:00,3.684,1.248,0,0,0.715
2019-01-08 23:00,2019-01-09 00:00,3.503,1.249,0,0,0.795
2019-01-09 00:00,2019-01-09 01:00,3.375,1.250,0,0,0.825
2019-01-09 01:00,2019-01-09 02:00,3.195,1.251,0,0,0.882
2019-01-09 02:00,2019-01-09 03:00,3.021,1.252,0,0,0.893
2019-01-09 03:00,2019-01-09 04:00,2.899,1.252,0,0,0.858
2019-01-09 04:00,2019-01-09 05:00,2.744,1.253,0,0,0.829
2019-01-09 05:00,2019-01-09 06:00,2.601,1.254,0,0,0.828
2019-01-09 06:00,2019-01-09 07:00,2.465,1.255,0,0,0.810
2019-01-09 07:00,2019-01-09 08:00,2.254,1.257,1.795,18.451,0.821
2019-01-09 08:00,2019-01-09 09:00,2.229,1.258,26.919,160.360,0.781
2019-01-09 09:00,2019-01-09 10:00,2.573,1.258,77.288,292.158,0.539
2019-01-09 10:00,2019-01-09 11:00,3.374,1.255,194.284,375.975,0.221
2019-01-09 11:00,2019-01-09 12:00,4.122,1.252,221.257,405.963,0.262
2019-01-09 12:00,2019-01-09 13:00,4.386,1.250,202.500,380.235,0.311
2019-01-09 13:00,2019-01-09 14:00,4.213,1.251,157.103,300.435,0.382
2019-01-09 14:00,2019-01-09 15:00,3.532,1.253,67.684,172.032,0.344
2019-01-09 15:00,2019-01-09 16:00,2.374,1.256,7.379,25.167,0.234
2019-01-09 16:00,2019-01-09 17:00,1.354,1.261,0,0,0.168
2019-01-09 17:00,2019-01-09 18:00,0.514,1.266,0,0,0.268
2019-01-09 18:00,2019-01-09 19:00,0.111,1.270,0,0,0.413
2019-01-09 19:00,2019-01-09 20:00,-0.045,1.272,0,0,0.555
2019-01-09 20:00,2019-01-09 21:00,-0.142,1.273,0,0,0.573
2019-01-09 21:00,2019-01-09 22:00,-0.340,1.275,0,0,0.552
2019-01-09 22:00,2019-01-09 23:00,-0.648,1.276,0,0,0.501
2019-01-09 23:00,2019-01-10 00:00,-1.439,1.278,0,0,0.581
2019-01-10 00:00,2019-01-10 01:00,-2.365,1.281,0,0,0.649
2019-01-10 01:00,2019-01-10 02:00,-2.993,1.284,0,0,0.899
2019-01-10 02:00,2019-01-10 03:00,-2.959,1.286,0,0,0.971
2019-01-10 03:00,2019-01-10 04:00,-2.579,1.287,0,0,0.981
2019-01-10 04:00,2019-01-10 05:00,-2.076,1.288,0,0,0.995
2019-01-10 05:00,2019-01-10 06:00,-1.827,1.288,0,0,0.997
2019-01-10 06:00,2019-01-10 07:00,-1.716,1.288,0,0,0.997
2019-01-10 07:00,2019-01-10 08:00,-1.617,1.288,1.928,19.788,0.997
2019-01-10 08:00,2019-01-10 09:00,-1.293,1.288,21.787,163.415,0.997
2019-01-10 09:00,2019-01-10 10:00,-0.809,1.287,45.720,295.406,0.996
2019-01-10 10:00,2019-01-10 11:00,-0.273,1.284,65.896,379.225,0.995
2019-01-10 11:00,2019-01-10 12:00,0.135,1.282,76.771,409.310,0.993
2019-01-10 12:00,2019-01-10 13:00,0.340,1.280,72.251,383.485,0.984
2019-01-10 13:00,2019-01-10 14:00,0.358,1.280,56.674,303.588,0.949
2019-01-10 14:00,2019-01-10 15:00,0.040,1.279,33.236,175.101,0.895
2019-01-10 15:00,2019-01-10 16:00,-0.843,1.279,4.168,26.758,0.839
2019-01-10 16:00,2019-01-10 17:00,-1.016,1.278,0,0,0.839
2019-01-10 17:00,2019-01-10 18:00,-0.977,1.278,0,0,0.853
2019-01-10 18:00,2019-01-10 19:00,-1.056,1.278,0,0,0.754
2019-01-10 19:00,2019-01-10 20:00,-1.256,1.278,0,0,0.700
2019-01-10 20:00,2019-01-10 21:00,-1.286,1.278,0,0,0.749
2019-01-10 21:00,2019-01-10 22:00,-1.169,1.278,0,0,0.877
2019-01-10 22:00,2019-01-10 23:00,-0.950,1.279,0,0,0.840
2019-01-10 23:00,2019-01-11 00:00,-0.938,1.280,0,0,0.701
2019-01-11 00:00,2019-01-11 01:00,-0.923,1.281,0,0,0.689
2019-01-11 01:00,2019-01-11 02:00,-0.805,1.281,0,0,0.789
2019-01-11 02:00,2019-01-11 03:00,-0.684,1.280,0,0,0.889
2019-01-11 03:00,2019-01-11 04:00,-0.504,1.279,0,0,0.823
2019-01-11 04:00,2019-01-11 05:00,-0.446,1.279,0,0,0.770
2019-01-11 05:00,2019-01-11 06:00,-0.305,1.279,0,0,0.844
2019-01-11 06:00,2019-01-11 07:00,-0.034,1.278,0,0,0.949
2019-01-11 07:00,2019-01-11 08:00,0.287,1.276,0.209,21.246,0.982
2019-01-11 08:00,2019-01-11 09:00,0.724,1.273,2.949,166.610,0.990
2019-01-11 09:00,2019-01-11 10:00,1.392,1.270,12.452,298.658,0.991
2019-01-11 10:00,2019-01-11 11:00,2.342,1.265,26.894,382.600,0.991
2019-01-11 11:00,2019-01-11 12:00,3.275,1.260,38.542,412.713,0.994
2019-01-11 12:00,2019-01-11 13:00,3.787,1.256,29.832,386.971,0.994
2019-01-11 13:00,2019-01-11 14:00,3.985,1.254,11.074,306.963,0.982
2019-01-11 14:00,2019-01-11 15:00,4.303,1.252,8.425,178.344,0.929
2019-01-11 15:00,2019-01-11 16:00,4.441,1.251,2.018,28.486,0.910
2019-01-11 16:00,2019-01-11 17:00,4.557,1.250,0,0,0.944
2019-01-11 17:00,2019-01-11 18:00,4.781,1.250,0,0,0.980
2019-01-11 18:00,2019-01-11 19:00,4.959,1.251,0,0,0.959
2019-01-11 19:00,2019-01-11 20:00,4.960,1.251,0,0,0.948
2019-01-11 20:00,2019-01-11 21:00,4.949,1.252,0,0,0.958
2019-01-11 21:00,2019-01-11 22:00,4.973,1.252,0,0,0.949
2019-01-11 22:00,2019-01-11 23:00,4.906,1.252,0,0,0.892
2019-01-11 23:00,2019-01-12 00:00,4.704,1.253,0,0,0.823
2019-01-12 00:00,2019-01-12 01:00,4.442,1.254,0,0,0.789
2019-01-12 01:00,2019-01-12 02:00,4.098,1.256,0,0,0.769
2019-01-12 02:00,2019-01-12 03:00,3.937,1.257,0,0,0.814
2019-01-12 03:00,2019-01-12 04:00,3.782,1.258,0,0,0.881
2019-01-12 04:00,2019-01-12 05:00,3.642,1.258,0,0,0.947
2019-01-12 05:00,2019-01-12 06:00,3.513,1.258,0,0,0.952
2019-01-12 06:00,2019-01-12 07:00,3.392,1.258,0,0,0.966
2019-01-12 07:00,2019-01-12 08:00,3.242,1.259,2.563,22.826,0.926
2019-01-12 08:00,2019-01-12 09:00,3.149,1.260,34.601,169.970,0.750
2019-01-12 09:00,2019-01-12 10:00,3.456,1.258,88.091,302.156,0.693
2019-01-12 10:00,2019-01-12 11:00,3.967,1.255,106.164,386.225,0.957
2019-01-12 11:00,2019-01-12 12:00,4.554,1.250,88.700,416.338,0.993
2019-01-12 12:00,2019-01-12 13:00,4.952,1.246,51.047,390.485,0.997
2019-01-12 13:00,2019-01-12 14:00,4.932,1.244,15.714,310.558,0.999
2019-01-12 14:00,2019-01-12 15:00,4.965,1.243,3.193,181.773,0.999
2019-01-12 15:00,2019-01-12 16:00,5.126,1.241,0.227,30.341,0.971
2019-01-12 16:00,2019-01-12 17:00,5.371,1.239,0,0,0.875
2019-01-12 17:00,2019-01-12 18:00,5.633,1.237,0,0,0.807
2019-01-12 18:00,2019-01-12 19:00,5.675,1.237,0,0,0.821
2019-01-12 19:00,2019-01-12 20:00,5.608,1.237,0,0,0.868
2019-01-12 20:00,2019-01-12 21:00,5.581,1.237,0,0,0.858
2019-01-12 21:00,2019-01-12 22:00,5.498,1.237,0,0,0.845
2019-01-12 22:00,2019-01-12 23:00,5.447,1.237,0,0,0.932
2019-01-12 23:00,2019-01-13 00:00,5.264,1.238,0,0,0.950
2019-01-13 00:00,2019-01-13 01:00,5.217,1.238,0,0,0.962
2019-01-13 01:00,2019-01-13 02:00,5.352,1.237,0,0,0.966
2019-01-13 02:00,2019-01-13 03:00,5.419,1.237,0,0,0.986
2019-01-13 03:00,2019-01-13 04:00,5.391,1.236,0,0,0.999
2019-01-13 04:00,2019-01-13 05:00,5.386,1.235,0,0,0.997
2019-01-13 05:00,2019-01-13 06:00,5.399,1.233,0,0,0.997
2019-01-13 06:00,2019-01-13 07:00,5.873,1.230,0,0,0.998
2019-01-13 07:00,2019-01-13 08:00,6.428,1.227,0.436,24.531,0.998
2019-01-13 08:00,2019-01-13 09:00,6.781,1.225,5.305,173.470,0.997
2019-01-13 09:00,2019-01-13 10:00,7.037,1.223,15.341,305.781,0.996
2019-01-13 10:00,2019-01-13 11:00,7.225,1.221,24.651,389.975,0.996
2019-01-13 11:00,2019-01-13 12:00,7.404,1.219,28.003,420.088,0.997
2019-01-13 12:00,2019-01-13 13:00,7.471,1.218,17.923,394.235,0.999
2019-01-13 13:00,2019-01-13 14:00,7.473,1.217,10.394,314.183,0.999
2019-01-13 14:00,2019-01-13 15:00,7.436,1.216,5.763,185.328,0.989
2019-01-13 15:00,2019-01-13 16:00,7.389,1.216,0.952,32.337,0.920
2019-01-13 16:00,2019-01-13 17:00,7.382,1.215,0,0,0.891
2019-01-13 17:00,2019-01-13 18:00,7.421,1.215,0,0,0.836
2019-01-13 18:00,2019-01-13 19:00,7.440,1.215,0,0,0.841
2019-01-13 19:00,2019-01-13 20:00,7.306,1.215,0,0,0.693
2019-01-13 20:00,2019-01-13 21:00,6.865,1.218,0,0,0.556
2019-01-13 21:00,2019-01-13 22:00,6.284,1.220,0,0,0.503
2019-01-13 22:00,2019-01-13 23:00,5.792,1.223,0,0,0.506
2019-01-13 23:00,2019-01-14 00:00,5.401,1.226,0,0,0.665
2019-01-14 00:00,2019-01-14 01:00,5.337,1.227,0,0,0.778
2019-01-14 01:00,2019-01-14 02:00,5.306,1.229,0,0,0.763
2019-01-14 02:00,2019-01-14 03:00,5.200,1.230,0,0,0.825
2019-01-14 03:00,2019-01-14 04:00,5.089,1.232,0,0,0.875
2019-01-14 04:00,2019-01-14 05:00,5.004,1.233,0,0,0.818
2019-01-14 05:00,2019-01-14 06:00,4.753,1.235,0,0,0.766
2019-01-14 06:00,2019-01-14 07:00,4.486,1.237,0,0,0.795
2019-01-14 07:00,2019-01-14 08:00,4.291,1.239,1.649,26.372,0.868
2019-01-14 08:00,2019-01-14 09:00,4.233,1.242,18.262,177.102,0.820
2019-01-14 09:00,2019-01-14 10:00,4.230,1.244,54.966,309.643,0.614
2019-01-14 10:00,2019-01-14 11:00,4.467,1.244,133.007,393.850,0.427
2019-01-14 11:00,2019-01-14 12:00,4.740,1.244,173.663,424.058,0.321
2019-01-14 12:00,2019-01-14 13:00,4.905,1.244,200.580,398.219,0.201
2019-01-14 13:00,2019-01-14 14:00,4.741,1.244,163.068,318.058,0.267
2019-01-14 14:00,2019-01-14 15:00,4.056,1.247,71.353,189.016,0.248
2019-01-14 15:00,2019-01-14 16:00,2.949,1.251,9.782,34.487,0.265
2019-01-14 16:00,2019-01-14 17:00,2.173,1.255,0,0,0.224
2019-01-14 17:00,2019-01-14 18:00,1.608,1.258,0,0,0.258
2019-01-14 18:00,2019-01-14 19:00,1.274,1.261,0,0,0.257
2019-01-14 19:00,2019-01-14 20:00,0.802,1.263,0,0,0.262
2019-01-14 20:00,2019-01-14 21:00,0.365,1.266,0,0,0.373
2019-01-14 21:00,2019-01-14 22:00,0.369,1.268,0,0,0.532
2019-01-14 22:00,2019-01-14 23:00,0.267,1.270,0,0,0.741
2019-01-14 23:00,2019-01-15 00:00,0.269,1.271,0,0,0.804
2019-01-15 00:00,2019-01-15 01:00,0.197,1.273,0,0,0.775
2019-01-15 01:00,2019-01-15 02:00,0.173,1.273,0,0,0.774
2019-01-15 02:00,2019-01-15 03:00,-0.005,1.274,0,0,0.806
2019-01-15 03:00,2019-01-15 04:00,0.071,1.274,0,0,0.821
2019-01-15 04:00,2019-01-15 05:00,0.125,1.272,0,0,0.882
2019-01-15 05:00,2019-01-15 06:00,0.254,1.271,0,0,0.979
2019-01-15 06:00,2019-01-15 07:00,0.923,1.267,0,0,0.932
2019-01-15 07:00,2019-01-15 08:00,1.404,1.264,4.471,28.353,0.896
2019-01-15 08:00,2019-01-15 09:00,2.214,1.261,39.085,180.908,0.944
2019-01-15 09:00,2019-01-15 10:00,3.072,1.258,77.253,313.531,0.933
2019-01-15 10:00,2019-01-15 11:00,4.161,1.254,153.548,397.850,0.902
2019-01-15 11:00,2019-01-15 12:00,5.316,1.248,210.286,428.088,0.884
2019-01-15 12:00,2019-01-15 13:00,6.045,1.243,186.018,402.221,0.861
2019-01-15 13:00,2019-01-15 14:00,6.221,1.241,134.330,321.948,0.845
2019-01-15 14:00,2019-01-15 15:00,5.825,1.241,58.383,192.828,0.848
2019-01-15 15:00,2019-01-15 16:00,5.042,1.243,8.437,36.790,0.841
2019-01-15 16:00,2019-01-15 17:00,4.573,1.245,0,0,0.851
2019-01-15 17:00,2019-01-15 18:00,4.372,1.246,0,0,0.708
2019-01-15 18:00,2019-01-15 19:00,4.183,1.247,0,0,0.672
2019-01-15 19:00,2019-01-15 20:00,4.063,1.248,0,0,0.720
2019-01-15 20:00,2019-01-15 21:00,4.124,1.247,0,0,0.758
2019-01-15 21:00,2019-01-15 22:00,4.140,1.247,0,0,0.862
2019-01-15 22:00,2019-01-15 23:00,4.201,1.246,0,0,0.989
2019-01-15 23:00,2019-01-16 00:00,4.448,1.245,0,0,0.995
2019-01-16 00:00,2019-01-16 01:00,4.560,1.244,0,0,0.993
2019-01-16 01:00,2019-01-16 02:00,4.347,1.245,0,0,0.993
2019-01-16 02:00,2019-01-16 03:00,3.952,1.246,0,0,0.993
2019-01-16 03:00,2019-01-16 04:00,3.520,1.247,0,0,0.989
2019-01-16 04:00,2019-01-16 05:00,3.076,1.247,0,0,0.975
2019-01-16 05:00,2019-01-16 06:00,2.295,1.249,0,0,0.965
2019-01-16 06:00,2019-01-16 07:00,1.941,1.250,0,0,0.989
2019-01-16 07:00,2019-01-16 08:00,2.178,1.251,5.265,30.483,0.995
2019-01-16 08:00,2019-01-16 09:00,2.749,1.250,37.583,184.797,0.991
2019-01-16 09:00,2019-01-16 10:00,3.380,1.248,80.207,317.643,0.981
2019-01-16 10:00,2019-01-16 11:00,4.288,1.244,152.297,402.085,0.985
2019-01-16 11:00,2019-01-16 12:00,5.084,1.240,199.334,432.325,0.985
2019-01-16 12:00,2019-01-16 13:00,5.343,1.238,179.772,406.469,0.952
2019-01-16 13:00,2019-01-16 14:00,5.305,1.235,130.538,326.073,0.955
2019-01-16 14:00,2019-01-16 15:00,4.811,1.234,62.098,196.827,0.967
2019-01-16 15:00,2019-01-16 16:00,3.781,1.234,8.366,39.241,0.967
2019-01-16 16:00,2019-01-16 17:00,3.143,1.235,0,0,0.990
2019-01-16 17:00,2019-01-16 18:00,2.890,1.237,0,0,0.992
2019-01-16 18:00,2019-01-16 19:00,2.535,1.238,0,0,0.976
2019-01-16 19:00,2019-01-16 20:00,2.010,1.239,0,0,0.957
2019-01-16 20:00,2019-01-16 21:00,1.694,1.241,0,0,0.971
2019-01-16 21:00,2019-01-16 22:00,1.750,1.241,0,0,0.990
2019-01-16 22:00,2019-01-16 23:00,2.179,1.240,0,0,0.996
2019-01-16 23:00,2019-01-17 00:00,2.644,1.237,0,0,0.994
2019-01-17 00:00,2019-01-17 01:00,2.904,1.236,0,0,0.993
2019-01-17 01:00,2019-01-17 02:00,3.186,1.235,0,0,0.994
2019-01-17 02:00,2019-01-17 03:00,3.298,1.234,0,0,0.953
2019-01-17 03:00,2019-01-17 04:00,3.161,1.235,0,0,0.846
2019-01-17 04:00,2019-01-17 05:00,3.007,1.236,0,0,0.815
2019-01-17 05:00,2019-01-17 06:00,2.961,1.235,0,0,0.780
2019-01-17 06:00,2019-01-17 07:00,2.843,1.235,0,0,0.670
2019-01-17 07:00,2019-01-17 08:00,2.583,1.237,7.674,32.771,0.487
2019-01-17 08:00,2019-01-17 09:00,2.873,1.238,74.383,188.907,0.378
2019-01-17 09:00,2019-01-17 10:00,3.580,1.236,151.903,321.891,0.406
2019-01-17 10:00,2019-01-17 11:00,4.325,1.232,146.343,406.350,0.661
2019-01-17 11:00,2019-01-17 12:00,4.673,1.229,95.712,436.700,0.854
2019-01-17 12:00,2019-01-17 13:00,4.334,1.230,50.853,410.816,0.922
2019-01-17 13:00,2019-01-17 14:00,3.510,1.235,41.715,330.323,0.858
2019-01-17 14:00,2019-01-17 15:00,2.770,1.240,38.024,200.945,0.760
2019-01-17 15:00,2019-01-17 16:00,2.110,1.243,7.067,41.873,0.638
2019-01-17 16:00,2019-01-17 17:00,1.548,1.247,0,0,0.555
2019-01-17 17:00,2019-01-17 18:00,1.186,1.250,0,0,0.630
2019-01-17 18:00,2019-01-17 19:00,0.986,1.252,0,0,0.678
2019-01-17 19:00,2019-01-17 20:00,0.855,1.254,0,0,0.689
2019-01-17 20:00,2019-01-17 21:00,0.711,1.256,0,0,0.650
2019-01-17 21:00,2019-01-17 22:00,0.606,1.258,0,0,0.573
2019-01-17 22:00,2019-01-17 23:00,0.336,1.260,0,0,0.578
2019-01-17 23:00,2019-01-18 00:00,-0.035,1.263,0,0,0.536
2019-01-18 00:00,2019-01-18 01:00,-0.616,1.267,0,0,0.474
2019-01-18 01:00,2019-01-18 02:00,-1.286,1.271,0,0,0.406
2019-01-18 02:00,2019-01-18 03:00,-1.929,1.275,0,0,0.479
2019-01-18 03:00,2019-01-18 04:00,-2.292,1.278,0,0,0.594
2019-01-18 04:00,2019-01-18 05:00,-2.498,1.281,0,0,0.632
2019-01-18 05:00,2019-01-18 06:00,-2.697,1.283,0,0,0.605
2019-01-18 06:00,2019-01-18 07:00,-2.973,1.285,0,0,0.583
2019-01-18 07:00,2019-01-18 08:00,-3.177,1.287,10.853,35.216,0.570
2019-01-18 08:00,2019-01-18 09:00,-2.390,1.287,84.777,193.096,0.441
2019-01-18 09:00,2019-01-18 10:00,-0.953,1.281,200.620,326.266,0.287
2019-01-18 10:00,2019-01-18 11:00,0.992,1.273,283.309,410.837,0.272
2019-01-18 11:00,2019-01-18 12:00,2.165,1.268,312.433,441.200,0.434
2019-01-18 12:00,2019-01-18 13:00,2.533,1.265,285.056,415.221,0.615
2019-01-18 13:00,2019-01-18 14:00,2.418,1.264,210.791,334.792,0.814
2019-01-18 14:00,2019-01-18 15:00,1.262,1.265,102.837,205.195,0.928
2019-01-18 15:00,2019-01-18 16:00,-0.782,1.266,15.297,44.678,0.960
2019-01-18 16:00,2019-01-18 17:00,-1.858,1.267,0,0,0.984
2019-01-18 17:00,2019-01-18 18:00,-2.276,1.269,0,0,0.995
2019-01-18 18:00,2019-01-18 19:00,-2.265,1.270,0,0,0.995
2019-01-18 19:00,2019-01-18 20:00,-2.186,1.272,0,0,0.995
2019-01-18 20:00,2019-01-18 21:00,-2.187,1.273,0,0,0.990
2019-01-18 21:00,2019-01-18 22:00,-2.210,1.273,0,0,0.982
2019-01-18 22:00,2019-01-18 23:00,-2.267,1.274,0,0,0.973
2019-01-18 23:00,2019-01-19 00:00,-2.314,1.274,0,0,0.959
2019-01-19 00:00,2019-01-19 01:00,-2.375,1.274,0,0,0.921
2019-01-19 01:00,2019-01-19 02:00,-2.496,1.275,0,0,0.850
2019-01-19 02:00,2019-01-19 03:00,-2.701,1.276,0,0,0.761
2019-01-19 03:00,2019-01-19 04:00,-2.926,1.278,0,0,0.710
2019-01-19 04:00,2019-01-19 05:00,-3.145,1.280,0,0,0.744
2019-01-19 05:00,2019-01-19 06:00,-3.301,1.282,0,0,0.802
2019-01-19 06:00,2019-01-19 07:00,-3.363,1.283,0,0,0.852
2019-01-19 07:00,2019-01-19 08:00,-3.240,1.284,12.061,37.823,0.888
2019-01-19 08:00,2019-01-19 09:00,-2.265,1.283,78.583,197.463,0.889
2019-01-19 09:00,2019-01-19 10:00,-0.838,1.277,149.048,330.766,0.853
2019-01-19 10:00,2019-01-19 11:00,0.898,1.269,208.785,415.460,0.776
2019-01-19 11:00,2019-01-19 12:00,1.936,1.263,241.294,445.920,0.714
2019-01-19 12:00,2019-01-19 13:00,2.303,1.260,235.335,419.941,0.682
2019-01-19 13:00,2019-01-19 14:00,2.129,1.259,190.330,339.306,0.663
2019-01-19 14:00,2019-01-19 15:00,0.686,1.259,106.931,209.570,0.693
2019-01-19 15:00,2019-01-19 16:00,-1.992,1.261,18.228,47.654,0.762
2019-01-19 16:00,2019-01-19 17:00,-2.788,1.264,0,0,0.823
2019-01-19 17:00,2019-01-19 18:00,-2.792,1.267,0,0,0.849
2019-01-19 18:00,2019-01-19 19:00,-2.936,1.269,0,0,0.818
2019-01-19 19:00,2019-01-19 20:00,-3.153,1.271,0,0,0.737
2019-01-19 20:00,2019-01-19 21:00,-3.379,1.272,0,0,0.631
2019-01-19 21:00,2019-01-19 22:00,-3.602,1.273,0,0,0.537
2019-01-19 22:00,2019-01-19 23:00,-3.844,1.275,0,0,0.473
2019-01-19 23:00,2019-01-20 00:00,-4.074,1.277,0,0,0.434
2019-01-20 00:00,2019-01-20 01:00,-4.275,1.278,0,0,0.370
2019-01-20 01:00,2019-01-20 02:00,-4.435,1.280,0,0,0.231
2019-01-20 02:00,2019-01-20 03:00,-4.554,1.281,0,0,0.091
2019-01-20 03:00,2019-01-20 04:00,-4.603,1.282,0,0,0.066
2019-01-20 04:00,2019-01-20 05:00,-4.617,1.282,0,0,0.058
2019-01-20 05:00,2019-01-20 06:00,-4.635,1.283,0,0,0.061
2019-01-20 06:00,2019-01-20 07:00,-4.667,1.284,0,0,0.070
2019-01-20 07:00,2019-01-20 08:00,-4.476,1.285,17.777,40.612,0.078
2019-01-20 08:00,2019-01-20 09:00,-2.962,1.284,118.689,201.916,0.068
2019-01-20 09:00,2019-01-20 10:00,-1.391,1.279,225.411,335.391,0.032
2019-01-20 10:00,2019-01-20 11:00,-0.087,1.275,298.018,420.210,0.004
2019-01-20 11:00,2019-01-20 12:00,0.765,1.271,323.921,450.683,0
2019-01-20 12:00,2019-01-20 13:00,1.246,1.268,301.410,424.691,0
2019-01-20 13:00,2019-01-20 14:00,1.209,1.267,233.616,343.948,0
2019-01-20 14:00,2019-01-20 15:00,0.159,1.267,130.157,214.118,0
2019-01-20 15:00,2019-01-20 16:00,-2.245,1.269,23.377,50.816,0
2019-01-20 16:00,2019-01-20 17:00,-3.224,1.271,0,0,0
2019-01-20 17:00,2019-01-20 18:00,-3.441,1.273,0,0,0
2019-01-20 18:00,2019-01-20 19:00,-3.623,1.276,0,0,0
2019-01-20 19:00,2019-01-20 20:00,-3.799,1.278,0,0,0
2019-01-20 20:00,2019-01-20 21:00,-3.975,1.281,0,0,0
2019-01-20 21:00,2019-01-20 22:00,-4.151,1.284,0,0,0
2019-01-20 22:00,2019-01-20 23:00,-4.373,1.287,0,0,0
2019-01-20 23:00,2019-01-21 00:00,-4.583,1.289,0,0,0
2019-01-21 00:00,2019-01-21 01:00,-4.728,1.291,0,0,0
2019-01-21 01:00,2019-01-21 02:00,-4.875,1.292,0,0,0
2019-01-21 02:00,2019-01-21 03:00,-5.174,1.293,0,0,0
2019-01-21 03:00,2019-01-21 04:00,-5.477,1.294,0,0,0
2019-01-21 04:00,2019-01-21 05:00,-5.779,1.295,0,0,0.001
2019-01-21 05:00,2019-01-21 06:00,-6.056,1.296,0,0,0.005
2019-01-21 06:00,2019-01-21 07:00,-6.418,1.298,0,0,0.037
2019-01-21 07:00,2019-01-21 08:00,-6.609,1.299,18.921,43.577,0.112
2019-01-21 08:00,2019-01-21 09:00,-5.130,1.300,120.229,206.533,0.119
2019-01-21 09:00,2019-01-21 10:00,-3.571,1.298,224.527,340.158,0.034
2019-01-21 10:00,2019-01-21 11:00,-1.552,1.289,296.600,425.085,0.001
2019-01-21 11:00,2019-01-21 12:00,-0.076,1.282,323.336,455.573,0
2019-01-21 12:00,2019-01-21 13:00,0.615,1.277,301.860,429.581,0
2019-01-21 13:00,2019-01-21 14:00,0.783,1.274,234.995,348.792,0.001
2019-01-21 14:00,2019-01-21 15:00,0.048,1.274,132.124,218.757,0
2019-01-21 15:00,2019-01-21 16:00,-1.509,1.274,24.806,54.167,0.001
2019-01-21 16:00,2019-01-21 17:00,-2.331,1.275,0,0,0
2019-01-21 17:00,2019-01-21 18:00,-3.012,1.277,0,0,0
2019-01-21 18:00,2019-01-21 19:00,-3.872,1.277,0,0,0.008
2019-01-21 19:00,2019-01-21 20:00,-4.839,1.278,0,0,0.051
2019-01-21 20:00,2019-01-21 21:00,-5.685,1.279,0,0,0.115
2019-01-21 21:00,2019-01-21 22:00,-6.228,1.280,0,0,0.110
2019-01-21 22:00,2019-01-21 23:00,-6.597,1.281,0,0,0.084
2019-01-21 23:00,2019-01-22 00:00,-6.895,1.281,0,0,0.091
2019-01-22 00:00,2019-01-22 01:00,-7.110,1.282,0,0,0.051
2019-01-22 01:00,2019-01-22 02:00,-7.210,1.284,0,0,0.178
2019-01-22 02:00,2019-01-22 03:00,-7.242,1.286,0,0,0.497
2019-01-22 03:00,2019-01-22 04:00,-7.288,1.289,0,0,0.688
2019-01-22 04:00,2019-01-22 05:00,-7.310,1.292,0,0,0.853
2019-01-22 05:00,2019-01-22 06:00,-7.263,1.293,0,0,0.958
2019-01-22 06:00,2019-01-22 07:00,-7.170,1.294,0,0,0.977
2019-01-22 07:00,2019-01-22 08:00,-6.937,1.294,14.563,46.727,0.987
2019-01-22 08:00,2019-01-22 09:00,-5.971,1.290,82.450,211.283,0.988
2019-01-22 09:00,2019-01-22 10:00,-4.448,1.283,154.931,345.033,0.991
2019-01-22 10:00,2019-01-22 11:00,-2.874,1.275,204.094,430.085,0.995
2019-01-22 11:00,2019-01-22 12:00,-1.692,1.268,225.419,460.670,0.994
2019-01-22 12:00,2019-01-22 13:00,-1.024,1.264,212.159,434.581,0.993
2019-01-22 13:00,2019-01-22 14:00,-0.916,1.261,155.666,353.695,0.994
2019-01-22 14:00,2019-01-22 15:00,-1.374,1.261,74.749,223.554,0.995
2019-01-22 15:00,2019-01-22 16:00,-2.244,1.263,12.299,57.733,0.995
2019-01-22 16:00,2019-01-22 17:00,-2.830,1.265,0,0,0.995
2019-01-22 17:00,2019-01-22 18:00,-3.100,1.266,0,0,0.993
2019-01-22 18:00,2019-01-22 19:00,-3.264,1.267,0,0,0.988
2019-01-22 19:00,2019-01-22 20:00,-3.386,1.267,0,0,0.985
2019-01-22 20:00,2019-01-22 21:00,-3.529,1.267,0,0,0.988
2019-01-22 21:00,2019-01-22 22:00,-3.537,1.266,0,0,0.994
2019-01-22 22:00,2019-01-22 23:00,-3.467,1.265,0,0,0.997
2019-01-22 23:00,2019-01-23 00:00,-3.485,1.264,0,0,0.996
2019-01-23 00:00,2019-01-23 01:00,-3.471,1.263,0,0,0.995
2019-01-23 01:00,2019-01-23 02:00,-3.401,1.262,0,0,0.996
2019-01-23 02:00,2019-01-23 03:00,-3.327,1.261,0,0,0.993
2019-01-23 03:00,2019-01-23 04:00,-3.300,1.260,0,0,0.983
2019-01-23 04:00,2019-01-23 05:00,-3.405,1.260,0,0,0.938
2019-01-23 05:00,2019-01-23 06:00,-3.659,1.260,0,0,0.883
2019-01-23 06:00,2019-01-23 07:00,-3.890,1.261,0,0,0.851
2019-01-23 07:00,2019-01-23 08:00,-3.929,1.262,12.247,50.081,0.902
2019-01-23 08:00,2019-01-23 09:00,-3.196,1.262,62.508,216.151,0.937
2019-01-23 09:00,2019-01-23 10:00,-2.374,1.260,103.604,350.128,0.961
2019-01-23 10:00,2019-01-23 11:00,-1.673,1.257,140.207,435.225,0.955
2019-01-23 11:00,2019-01-23 12:00,-1.159,1.255,175.045,465.823,0.963
2019-01-23 12:00,2019-01-23 13:00,-0.876,1.254,172.817,439.706,0.966
2019-01-23 13:00,2019-01-23 14:00,-0.850,1.254,137.414,358.792,0.968
2019-01-23 14:00,2019-01-23 15:00,-1.170,1.254,77.925,228.484,0.956
2019-01-23 15:00,2019-01-23 16:00,-2.316,1.256,16.949,61.489,0.941
2019-01-23 16:00,2019-01-23 17:00,-3.246,1.258,0,0,0.911
2019-01-23 17:00,2019-01-23 18:00,-3.633,1.261,0,0,0.821
2019-01-23 18:00,2019-01-23 19:00,-4.059,1.263,0,0,0.713
2019-01-23 19:00,2019-01-23 20:00,-4.411,1.266,0,0,0.612
2019-01-23 20:00,2019-01-23 21:00,-4.708,1.268,0,0,0.546
2019-01-23 21:00,2019-01-23 22:00,-4.989,1.269,0,0,0.449
2019-01-23 22:00,2019-01-23 23:00,-5.169,1.270,0,0,0.358
2019-01-23 23:00,2019-01-24 00:00,-5.383,1.272,0,0,0.376
2019-01-24 00:00,2019-01-24 01:00,-5.477,1.273,0,0,0.502
2019-01-24 01:00,2019-01-24 02:00,-5.624,1.275,0,0,0.655
2019-01-24 02:00,2019-01-24 03:00,-5.683,1.276,0,0,0.762
2019-01-24 03:00,2019-01-24 04:00,-5.662,1.278,0,0,0.788
2019-01-24 04:00,2019-01-24 05:00,-5.694,1.279,0,0,0.707
2019-01-24 05:00,2019-01-24 06:00,-5.772,1.281,0,0,0.656
2019-01-24 06:00,2019-01-24 07:00,-5.801,1.282,0,0,0.639
2019-01-24 07:00,2019-01-24 08:00,-5.602,1.283,15.110,53.626,0.648
2019-01-24 08:00,2019-01-24 09:00,-4.430,1.283,83.711,221.150,0.649
2019-01-24 09:00,2019-01-24 10:00,-3.674,1.282,153.709,355.267,0.598
2019-01-24 10:00,2019-01-24 11:00,-3.243,1.282,211.909,440.569,0.563
2019-01-24 11:00,2019-01-24 12:00,-2.810,1.280,238.220,471.168,0.531
2019-01-24 12:00,2019-01-24 13:00,-2.418,1.278,230.848,445.064,0.368
2019-01-24 13:00,2019-01-24 14:00,-2.223,1.277,197.125,364.027,0.220
2019-01-24 14:00,2019-01-24 15:00,-2.462,1.276,122.951,233.484,0.240
2019-01-24 15:00,2019-01-24 16:00,-3.555,1.277,25.234,65.461,0.450
2019-01-24 16:00,2019-01-24 17:00,-4.232,1.279,0,0,0.548
2019-01-24 17:00,2019-01-24 18:00,-4.306,1.281,0,0,0.530
2019-01-24 18:00,2019-01-24 19:00,-4.432,1.283,0,0,0.524
2019-01-24 19:00,2019-01-24 20:00,-4.499,1.284,0,0,0.523
2019-01-24 20:00,2019-01-24 21:00,-4.771,1.285,0,0,0.490
2019-01-24 21:00,2019-01-24 22:00,-5.003,1.285,0,0,0.483
2019-01-24 22:00,2019-01-24 23:00,-5.135,1.285,0,0,0.503
2019-01-24 23:00,2019-01-25 00:00,-5.084,1.284,0,0,0.502
2019-01-25 00:00,2019-01-25 01:00,-5.103,1.284,0,0,0.434
2019-01-25 01:00,2019-01-25 02:00,-5.043,1.284,0,0,0.437
2019-01-25 02:00,2019-01-25 03:00,-4.953,1.284,0,0,0.454
2019-01-25 03:00,2019-01-25 04:00,-4.989,1.284,0,0,0.459
2019-01-25 04:00,2019-01-25 05:00,-5.020,1.284,0,0,0.516
2019-01-25 05:00,2019-01-25 06:00,-5.024,1.284,0,0,0.660
2019-01-25 06:00,2019-01-25 07:00,-5.021,1.283,0,0,0.804
2019-01-25 07:00,2019-01-25 08:00,-4.805,1.283,14.276,57.374,0.792
2019-01-25 08:00,2019-01-25 09:00,-3.256,1.281,79.454,226.269,0.860
2019-01-25 09:00,2019-01-25 10:00,-1.704,1.277,138.543,360.517,0.924
2019-01-25 10:00,2019-01-25 11:00,-0.278,1.271,151.272,445.944,0.881
2019-01-25 11:00,2019-01-25 12:00,0.746,1.265,155.347,476.560,0.737
2019-01-25 12:00,2019-01-25 13:00,1.518,1.261,177.770,450.454,0.925
2019-01-25 13:00,2019-01-25 14:00,1.721,1.258,124.872,369.290,0.977
2019-01-25 14:00,2019-01-25 15:00,1.247,1.257,59.584,238.670,0.990
2019-01-25 15:00,2019-01-25 16:00,0.460,1.258,11.416,69.636,0.995
2019-01-25 16:00,2019-01-25 17:00,0.191,1.260,0,0,0.985
2019-01-25 17:00,2019-01-25 18:00,0.064,1.261,0,0,0.984
2019-01-25 18:00,2019-01-25 19:00,-0.036,1.262,0,0,0.988
2019-01-25 19:00,2019-01-25 20:00,0.121,1.260,0,0,0.994
2019-01-25 20:00,2019-01-25 21:00,0.414,1.258,0,0,0.998
2019-01-25 21:00,2019-01-25 22:00,0.908,1.255,0,0,0.999
2019-01-25 22:00,2019-01-25 23:00,1.406,1.252,0,0,0.999
2019-01-25 23:00,2019-01-26 00:00,1.809,1.249,0,0,0.999
2019-01-26 00:00,2019-01-26 01:00,2.291,1.246,0,0,0.998
2019-01-26 01:00,2019-01-26 02:00,2.705,1.244,0,0,0.997
2019-01-26 02:00,2019-01-26 03:00,3.324,1.240,0,0,0.997
2019-01-26 03:00,2019-01-26 04:00,3.815,1.237,0,0,0.995
2019-01-26 04:00,2019-01-26 05:00,3.634,1.238,0,0,0.995
2019-01-26 05:00,2019-01-26 06:00,3.351,1.239,0,0,0.996
2019-01-26 06:00,2019-01-26 07:00,3.520,1.238,0,0,0.997
2019-01-26 07:00,2019-01-26 08:00,3.408,1.239,3.981,61.327,0.997
2019-01-26 08:00,2019-01-26 09:00,3.607,1.239,18.770,231.470,0.999
2019-01-26 09:00,2019-01-26 10:00,3.597,1.239,34.210,365.892,0.999
2019-01-26 10:00,2019-01-26 11:00,3.779,1.238,55.083,451.444,0.996
2019-01-26 11:00,2019-01-26 12:00,4.443,1.235,96.898,482.154,0.989
2019-01-26 12:00,2019-01-26 13:00,4.955,1.232,127.284,455.954,0.967
2019-01-26 13:00,2019-01-26 14:00,4.996,1.230,121.017,374.667,0.876
2019-01-26 14:00,2019-01-26 15:00,4.364,1.231,71.073,243.920,0.890
2019-01-26 15:00,2019-01-26 16:00,3.519,1.231,12.404,74.035,0.931
2019-01-26 16:00,2019-01-26 17:00,3.289,1.232,0,0,0.989
2019-01-26 17:00,2019-01-26 18:00,3.426,1.231,0,0,0.991
2019-01-26 18:00,2019-01-26 19:00,3.394,1.230,0,0,0.995
2019-01-26 19:00,2019-01-26 20:00,3.112,1.230,0,0,0.995
2019-01-26 20:00,2019-01-26 21:00,2.874,1.229,0,0,0.991
2019-01-26 21:00,2019-01-26 22:00,2.861,1.228,0,0,0.982
2019-01-26 22:00,2019-01-26 23:00,2.750,1.227,0,0,0.973
2019-01-26 23:00,2019-01-27 00:00,2.792,1.225,0,0,0.962
2019-01-27 00:00,2019-01-27 01:00,2.799,1.223,0,0,0.967
2019-01-27 01:00,2019-01-27 02:00,2.980,1.221,0,0,0.970
2019-01-27 02:00,2019-01-27 03:00,3.227,1.219,0,0,0.874
2019-01-27 03:00,2019-01-27 04:00,3.395,1.216,0,0,0.712
2019-01-27 04:00,2019-01-27 05:00,3.182,1.216,0,0,0.450
2019-01-27 05:00,2019-01-27 06:00,2.704,1.216,0,0,0.325
2019-01-27 06:00,2019-01-27 07:00,2.409,1.215,0,0,0.320
2019-01-27 07:00,2019-01-27 08:00,2.658,1.214,20.206,65.501,0.333
2019-01-27 08:00,2019-01-27 09:00,3.711,1.211,94.414,236.830,0.451
2019-01-27 09:00,2019-01-27 10:00,4.774,1.208,158.224,371.487,0.620
2019-01-27 10:00,2019-01-27 11:00,5.106,1.206,139.049,457.069,0.818
2019-01-27 11:00,2019-01-27 12:00,4.504,1.208,102.507,487.808,0.863
2019-01-27 12:00,2019-01-27 13:00,3.792,1.211,76.406,461.579,0.889
2019-01-27 13:00,2019-01-27 14:00,3.623,1.211,49.097,380.277,0.950
2019-01-27 14:00,2019-01-27 15:00,3.590,1.210,23.439,249.295,0.972
2019-01-27 15:00,2019-01-27 16:00,3.255,1.213,3.731,78.673,0.981
2019-01-27 16:00,2019-01-27 17:00,2.698,1.218,0,0,0.975
2019-01-27 17:00,2019-01-27 18:00,2.092,1.222,0,0,0.978
2019-01-27 18:00,2019-01-27 19:00,1.647,1.225,0,0,0.963
2019-01-27 19:00,2019-01-27 20:00,1.348,1.227,0,0,0.912
2019-01-27 20:00,2019-01-27 21:00,1.174,1.228,0,0,0.793
2019-01-27 21:00,2019-01-27 22:00,0.943,1.229,0,0,0.600
2019-01-27 22:00,2019-01-27 23:00,0.781,1.230,0,0,0.487
2019-01-27 23:00,2019-01-28 00:00,0.672,1.231,0,0,0.437
2019-01-28 00:00,2019-01-28 01:00,0.619,1.231,0,0,0.516
2019-01-28 01:00,2019-01-28 02:00,0.591,1.231,0,0,0.653
2019-01-28 02:00,2019-01-28 03:00,0.575,1.231,0,0,0.849
2019-01-28 03:00,2019-01-28 04:00,0.442,1.231,0,0,0.929
2019-01-28 04:00,2019-01-28 05:00,0.413,1.231,0,0,0.963
2019-01-28 05:00,2019-01-28 06:00,0.443,1.231,0,0,0.957
2019-01-28 06:00,2019-01-28 07:00,0.482,1.231,0,0,0.940
2019-01-28 07:00,2019-01-28 08:00,0.589,1.231,5.388,69.902,0.942
2019-01-28 08:00,2019-01-28 09:00,0.889,1.231,23.234,242.268,0.955
2019-01-28 09:00,2019-01-28 10:00,1.449,1.229,31.412,377.112,0.955
2019-01-28 10:00,2019-01-28 11:00,1.954,1.228,47.809,462.819,0.945
2019-01-28 11:00,2019-01-28 12:00,2.096,1.229,51.414,493.558,0.945
2019-01-28 12:00,2019-01-28 13:00,2.035,1.231,48.503,467.329,0.952
2019-01-28 13:00,2019-01-28 14:00,1.931,1.233,42.723,385.902,0.944
2019-01-28 14:00,2019-01-28 15:00,1.822,1.235,32.727,254.782,0.939
2019-01-28 15:00,2019-01-28 16:00,1.660,1.237,9.620,83.534,0.938
2019-01-28 16:00,2019-01-28 17:00,1.488,1.238,0,0,0.899
2019-01-28 17:00,2019-01-28 18:00,1.300,1.240,0,0,0.778
2019-01-28 18:00,2019-01-28 19:00,1.064,1.242,0,0,0.747
2019-01-28 19:00,2019-01-28 20:00,0.810,1.245,0,0,0.652
2019-01-28 20:00,2019-01-28 21:00,0.639,1.248,0,0,0.700
2019-01-28 21:00,2019-01-28 22:00,0.417,1.251,0,0,0.797
2019-01-28 22:00,2019-01-28 23:00,0.147,1.253,0,0,0.854
2019-01-28 23:00,2019-01-29 00:00,-0.129,1.255,0,0,0.818
2019-01-29 00:00,2019-01-29 01:00,-0.295,1.256,0,0,0.749
2019-01-29 01:00,2019-01-29 02:00,-0.436,1.257,0,0,0.668
2019-01-29 02:00,2019-01-29 03:00,-0.605,1.258,0,0,0.660
2019-01-29 03:00,2019-01-29 04:00,-0.790,1.259,0,0,0.669
2019-01-29 04:00,2019-01-29 05:00,-1.002,1.260,0,0,0.689
2019-01-29 05:00,2019-01-29 06:00,-1.250,1.261,0,0,0.721
2019-01-29 06:00,2019-01-29 07:00,-1.432,1.262,0,0,0.792
2019-01-29 07:00,2019-01-29 08:00,-1.505,1.263,14.680,74.517,0.890
2019-01-29 08:00,2019-01-29 09:00,-0.760,1.261,74.430,247.831,0.960
2019-01-29 09:00,2019-01-29 10:00,0.476,1.256,159.015,382.862,0.960
2019-01-29 10:00,2019-01-29 11:00,1.802,1.249,255.227,468.681,0.921
2019-01-29 11:00,2019-01-29 12:00,2.689,1.245,311.249,499.527,0.469
2019-01-29 12:00,2019-01-29 13:00,3.133,1.241,314.403,473.191,0.105
2019-01-29 13:00,2019-01-29 14:00,3.029,1.240,235.716,391.652,0.554
2019-01-29 14:00,2019-01-29 15:00,2.191,1.240,125.129,260.350,0.939
2019-01-29 15:00,2019-01-29 16:00,-0.111,1.242,29.739,88.641,0.957
2019-01-29 16:00,2019-01-29 17:00,-1.791,1.244,0,0,0.978
2019-01-29 17:00,2019-01-29 18:00,-1.738,1.246,0,0,0.990
2019-01-29 18:00,2019-01-29 19:00,-1.557,1.248,0,0,0.982
2019-01-29 19:00,2019-01-29 20:00,-1.437,1.249,0,0,0.966
2019-01-29 20:00,2019-01-29 21:00,-1.345,1.249,0,0,0.961
2019-01-29 21:00,2019-01-29 22:00,-1.315,1.248,0,0,0.965
2019-01-29 22:00,2019-01-29 23:00,-1.575,1.248,0,0,0.984
2019-01-29 23:00,2019-01-30 00:00,-1.707,1.248,0,0,0.988
2019-01-30 00:00,2019-01-30 01:00,-1.712,1.247,0,0,0.989
2019-01-30 01:00,2019-01-30 02:00,-1.708,1.247,0,0,0.992
2019-01-30 02:00,2019-01-30 03:00,-1.631,1.246,0,0,0.994
2019-01-30 03:00,2019-01-30 04:00,-1.632,1.245,0,0,0.995
2019-01-30 04:00,2019-01-30 05:00,-1.693,1.245,0,0,0.995
2019-01-30 05:00,2019-01-30 06:00,-1.759,1.245,0,0,0.995
2019-01-30 06:00,2019-01-30 07:00,-1.755,1.245,0,0,0.996
2019-01-30 07:00,2019-01-30 08:00,-1.608,1.244,7.636,79.375,0.997
2019-01-30 08:00,2019-01-30 09:00,-1.127,1.243,34.801,253.510,0.997
2019-01-30 09:00,2019-01-30 10:00,-0.484,1.241,76.223,388.627,0.996
2019-01-30 10:00,2019-01-30 11:00,0.184,1.239,106.646,474.584,0.990
2019-01-30 11:00,2019-01-30 12:00,0.672,1.236,122.156,505.527,0.956
2019-01-30 12:00,2019-01-30 13:00,0.889,1.235,119.029,479.188,0.913
2019-01-30 13:00,2019-01-30 14:00,0.716,1.236,90.611,397.525,0.885
2019-01-30 14:00,2019-01-30 15:00,0.163,1.238,50.729,266.100,0.872
2019-01-30 15:00,2019-01-30 16:00,-0.659,1.241,11.708,93.967,0.891
2019-01-30 16:00,2019-01-30 17:00,-1.137,1.244,0,0.017,0.917
2019-01-30 17:00,2019-01-30 18:00,-1.206,1.246,0,0,0.937
2019-01-30 18:00,2019-01-30 19:00,-1.174,1.246,0,0,0.944
2019-01-30 19:00,2019-01-30 20:00,-0.966,1.246,0,0,0.936
2019-01-30 20:00,2019-01-30 21:00,-0.638,1.245,0,0,0.933
2019-01-30 21:00,2019-01-30 22:00,-0.378,1.244,0,0,0.933
2019-01-30 22:00,2019-01-30 23:00,-0.623,1.245,0,0,0.919
2019-01-30 23:00,2019-01-31 00:00,-1.343,1.247,0,0,0.865
2019-01-31 00:00,2019-01-31 01:00,-2.699,1.251,0,0,0.831
2019-01-31 01:00,2019-01-31 02:00,-3.839,1.254,0,0,0.689
2019-01-31 02:00,2019-01-31 03:00,-4.820,1.256,0,0,0.490
2019-01-31 03:00,2019-01-31 04:00,-5.353,1.257,0,0,0.451
2019-01-31 04:00,2019-01-31 05:00,-5.446,1.257,0,0,0.680
2019-01-31 05:00,2019-01-31 06:00,-4.832,1.257,0,0,0.842
2019-01-31 06:00,2019-01-31 07:00,-4.102,1.256,0,0,0.898
2019-01-31 07:00,2019-01-31 08:00,-3.291,1.255,14.287,84.456,0.914
2019-01-31 08:00,2019-01-31 09:00,-2.127,1.253,47.931,259.322,0.929
2019-01-31 09:00,2019-01-31 10:00,-1.057,1.250,77.884,394.627,0.925
2019-01-31 10:00,2019-01-31 11:00,-0.152,1.247,111.867,480.679,0.880
2019-01-31 11:00,2019-01-31 12:00,0.454,1.244,163.777,511.542,0.680
2019-01-31 12:00,2019-01-31 13:00,0.850,1.242,200.099,485.283,0.556
2019-01-31 13:00,2019-01-31 14:00,0.889,1.240,153.523,403.511,0.584
2019-01-31 14:00,2019-01-31 15:00,0.580,1.240,90.392,271.945,0.539
2019-01-31 15:00,2019-01-31 16:00,-0.842,1.241,28.149,99.482,0.410
2019-01-31 16:00,2019-01-31 17:00,-2.448,1.241,0.012,0.084,0.286
2019-01-31 17:00,2019-01-31 18:00,-3.524,1.242,0,0,0.211
2019-01-31 18:00,2019-01-31 19:00,-4.225,1.243,0,0,0.193
2019-01-31 19:00,2019-01-31 20:00,-4.219,1.245,0,0,0.302
2019-01-31 20:00,2019-01-31 21:00,-3.734,1.246,0,0,0.769
2019-01-31 21:00,2019-01-31 22:00,-2.948,1.247,0,0,0.958
2019-01-31 22:00,2019-01-31 23:00,-2.224,1.246,0,0,0.984
2019-01-31 23:00,2019-02-01 00:00,-1.811,1.243,0,0,0.990
2019-02-01 00:00,2019-02-01 01:00,-1.441,1.240,0,0,0.985
2019-02-01 01:00,2019-02-01 02:00,-1.152,1.238,0,0,0.979
2019-02-01 02:00,2019-02-01 03:00,-1.145,1.237,0,0,0.972
2019-02-01 03:00,2019-02-01 04:00,-0.964,1.235,0,0,0.838
2019-02-01 04:00,2019-02-01 05:00,-1.077,1.234,0,0,0.416
2019-02-01 05:00,2019-02-01 06:00,-1.761,1.233,0,0,0.268
2019-02-01 06:00,2019-02-01 07:00,-1.764,1.230,0,0.003,0.197
2019-02-01 07:00,2019-02-01 08:00,-1.156,1.228,36.584,89.782,0.202
2019-02-01 08:00,2019-02-01 09:00,1.110,1.227,138.316,265.089,0.205
2019-02-01 09:00,2019-02-01 10:00,2.072,1.226,231.464,400.627,0.184
2019-02-01 10:00,2019-02-01 11:00,2.836,1.223,301.899,486.804,0.142
2019-02-01 11:00,2019-02-01 12:00,3.482,1.220,346.925,517.698,0.270
2019-02-01 12:00,2019-02-01 13:00,3.949,1.217,313.373,491.410,0.728
2019-02-01 13:00,2019-02-01 14:00,3.573,1.216,164.339,409.619,0.937
2019-02-01 14:00,2019-02-01 15:00,2.645,1.218,86.614,277.820,0.934
2019-02-01 15:00,2019-02-01 16:00,1.302,1.219,30.657,105.150,0.882
2019-02-01 16:00,2019-02-01 17:00,0.159,1.221,0.037,0.251,0.886
2019-02-01 17:00,2019-02-01 18:00,-0.179,1.223,0,0,0.857
2019-02-01 18:00,2019-02-01 19:00,-0.467,1.225,0,0,0.863
2019-02-01 19:00,2019-02-01 20:00,-0.468,1.228,0,0,0.928
2019-02-01 20:00,2019-02-01 21:00,-0.282,1.229,0,0,0.957
2019-02-01 21:00,2019-02-01 22:00,-0.094,1.230,0,0,0.973
2019-02-01 22:00,2019-02-01 23:00,-0.026,1.231,0,0,0.988
2019-02-01 23:00,2019-02-02 00:00,0.001,1.231,0,0,0.990
2019-02-02 00:00,2019-02-02 01:00,-0.053,1.231,0,0,0.985
2019-02-02 01:00,2019-02-02 02:00,0.073,1.230,0,0,0.958
2019-02-02 02:00,2019-02-02 03:00,0.160,1.230,0,0,0.969
2019-02-02 03:00,2019-02-02 04:00,-0.148,1.233,0,0,0.956
2019-02-02 04:00,2019-02-02 05:00,-0.326,1.234,0,0,0.915
2019-02-02 05:00,2019-02-02 06:00,-0.369,1.235,0,0,0.876
2019-02-02 06:00,2019-02-02 07:00,-0.560,1.237,0.001,0.017,0.735
2019-02-02 07:00,2019-02-02 08:00,-0.549,1.237,19.121,95.348,0.617
2019-02-02 08:00,2019-02-02 09:00,0.464,1.237,81.304,271.074,0.564
2019-02-02 09:00,2019-02-02 10:00,1.181,1.236,141.771,406.752,0.537
2019-02-02 10:00,2019-02-02 11:00,1.745,1.235,190.637,493.054,0.523
2019-02-02 11:00,2019-02-02 12:00,2.155,1.233,200.671,524.137,0.596
2019-02-02 12:00,2019-02-02 13:00,2.174,1.234,166.181,497.673,0.652
2019-02-02 13:00,2019-02-02 14:00,1.921,1.235,121.247,415.759,0.659
2019-02-02 14:00,2019-02-02 15:00,1.371,1.238,73.397,283.820,0.608
2019-02-02 15:00,2019-02-02 16:00,0.368,1.242,22.023,110.927,0.600
2019-02-02 16:00,2019-02-02 17:00,-0.539,1.246,0.032,0.558,0.646
2019-02-02 17:00,2019-02-02 18:00,-0.733,1.250,0,0,0.681
2019-02-02 18:00,2019-02-02 19:00,-0.923,1.254,0,0,0.705
2019-02-02 19:00,2019-02-02 20:00,-1.256,1.258,0,0,0.721
2019-02-02 20:00,2019-02-02 21:00,-1.563,1.261,0,0,0.737
2019-02-02 21:00,2019-02-02 22:00,-1.775,1.264,0,0,0.707
2019-02-02 22:00,2019-02-02 23:00,-1.933,1.266,0,0,0.662
2019-02-02 23:00,2019-02-03 00:00,-2.055,1.267,0,0,0.660
2019-02-03 00:00,2019-02-03 01:00,-2.082,1.268,0,0,0.721
2019-02-03 01:00,2019-02-03 02:00,-2.296,1.270,0,0,0.863
2019-02-03 02:00,2019-02-03 03:00,-2.393,1.271,0,0,0.853
2019-02-03 03:00,2019-02-03 04:00,-2.375,1.273,0,0,0.844
2019-02-03 04:00,2019-02-03 05:00,-2.388,1.274,0,0,0.755
2019-02-03 05:00,2019-02-03 06:00,-2.389,1.275,0,0,0.707
2019-02-03 06:00,2019-02-03 07:00,-2.240,1.275,0.007,0.082,0.728
2019-02-03 07:00,2019-02-03 08:00,-1.700,1.275,24.067,101.117,0.693
2019-02-03 08:00,2019-02-03 09:00,-0.542,1.273,94.265,277.184,0.627
2019-02-03 09:00,2019-02-03 10:00,0.535,1.269,175.818,412.989,0.517
2019-02-03 10:00,2019-02-03 11:00,1.433,1.266,254.538,499.416,0.282
2019-02-03 11:00,2019-02-03 12:00,2.183,1.262,325.250,530.387,0.219
2019-02-03 12:00,2019-02-03 13:00,2.724,1.259,315.612,504.033,0.273
2019-02-03 13:00,2019-02-03 14:00,2.866,1.258,226.438,422.009,0.446
2019-02-03 14:00,2019-02-03 15:00,2.488,1.258,122.824,289.930,0.437
2019-02-03 15:00,2019-02-03 16:00,1.178,1.260,35.860,116.822,0.421
2019-02-03 16:00,2019-02-03 17:00,-0.200,1.262,0.142,1.026,0.442
2019-02-03 17:00,2019-02-03 18:00,-0.662,1.265,0,0,0.387
2019-02-03 18:00,2019-02-03 19:00,-1.345,1.267,0,0,0.280
2019-02-03 19:00,2019-02-03 20:00,-2.116,1.271,0,0,0.171
2019-02-03 20:00,2019-02-03 21:00,-2.861,1.274,0,0,0.125
2019-02-03 21:00,2019-02-03 22:00,-2.981,1.279,0,0,0.376
2019-02-03 22:00,2019-02-03 23:00,-2.206,1.284,0,0,0.647
2019-02-03 23:00,2019-02-04 00:00,-1.881,1.288,0,0,0.773
2019-02-04 00:00,2019-02-04 01:00,-1.916,1.290,0,0,0.730
2019-02-04 01:00,2019-02-04 02:00,-2.228,1.292,0,0,0.689
2019-02-04 02:00,2019-02-04 03:00,-2.582,1.294,0,0,0.620
2019-02-04 03:00,2019-02-04 04:00,-3.112,1.296,0,0,0.507
2019-02-04 04:00,2019-02-04 05:00,-3.677,1.298,0,0,0.453
2019-02-04 05:00,2019-02-04 06:00,-4.175,1.300,0,0,0.462
2019-02-04 06:00,2019-02-04 07:00,-4.622,1.301,0.046,0.262,0.755
2019-02-04 07:00,2019-02-04 08:00,-4.222,1.301,45.290,107.027,0.952
2019-02-04 08:00,2019-02-04 09:00,-2.254,1.295,152.373,283.309,0.953
2019-02-04 09:00,2019-02-04 10:00,-0.227,1.286,241.230,419.348,0.970
2019-02-04 10:00,2019-02-04 11:00,1.334,1.278,264.357,505.806,0.989
2019-02-04 11:00,2019-02-04 12:00,2.176,1.272,270.280,536.887,0.982
2019-02-04 12:00,2019-02-04 13:00,2.554,1.269,228.136,510.436,0.989
2019-02-04 13:00,2019-02-04 14:00,2.357,1.267,127.607,428.354,0.994
2019-02-04 14:00,2019-02-04 15:00,1.794,1.268,54.102,296.083,0.994
2019-02-04 15:00,2019-02-04 16:00,1.161,1.269,14.779,122.787,0.993
2019-02-04 16:00,2019-02-04 17:00,0.707,1.271,0.095,1.666,0.994
2019-02-04 17:00,2019-02-04 18:00,0.577,1.272,0,0,0.994
2019-02-04 18:00,2019-02-04 19:00,0.443,1.273,0,0,0.987
2019-02-04 19:00,2019-02-04 20:00,0.112,1.274,0,0,0.895
2019-02-04 20:00,2019-02-04 21:00,0.163,1.275,0,0,0.716
2019-02-04 21:00,2019-02-04 22:00,0.321,1.274,0,0,0.764
2019-02-04 22:00,2019-02-04 23:00,0.313,1.274,0,0,0.747
2019-02-04 23:00,2019-02-05 00:00,0.189,1.275,0,0,0.676
2019-02-05 00:00,2019-02-05 01:00,0.111,1.276,0,0,0.747
2019-02-05 01:00,2019-02-05 02:00,0.124,1.276,0,0,0.809
2019-02-05 02:00,2019-02-05 03:00,0.139,1.276,0,0,0.848
2019-02-05 03:00,2019-02-05 04:00,0.240,1.276,0,0,0.841
2019-02-05 04:00,2019-02-05 05:00,0.045,1.277,0,0,0.749
2019-02-05 05:00,2019-02-05 06:00,-0.255,1.278,0,0,0.696
2019-02-05 06:00,2019-02-05 07:00,-0.525,1.279,0.051,0.589,0.670
2019-02-05 07:00,2019-02-05 08:00,-0.313,1.280,25.701,113.058,0.678
2019-02-05 08:00,2019-02-05 09:00,0.592,1.280,81.179,289.559,0.790
2019-02-05 09:00,2019-02-05 10:00,1.208,1.278,110.456,425.723,0.972
2019-02-05 10:00,2019-02-05 11:00,1.838,1.275,128.406,512.291,0.985
2019-02-05 11:00,2019-02-05 12:00,2.415,1.272,140.820,543.387,0.980
2019-02-05 12:00,2019-02-05 13:00,3.014,1.268,166.550,517.016,0.989
2019-02-05 13:00,2019-02-05 14:00,3.370,1.265,139.500,434.746,0.985
2019-02-05 14:00,2019-02-05 15:00,3.078,1.264,98.741,302.427,0.855
2019-02-05 15:00,2019-02-05 16:00,1.705,1.263,44.360,128.873,0.428
2019-02-05 16:00,2019-02-05 17:00,0.161,1.263,0.578,2.482,0.217
2019-02-05 17:00,2019-02-05 18:00,-0.681,1.264,0,0,0.138
2019-02-05 18:00,2019-02-05 19:00,-1.360,1.266,0,0,0.256
2019-02-05 19:00,2019-02-05 20:00,-1.538,1.268,0,0,0.486
2019-02-05 20:00,2019-02-05 21:00,-1.358,1.270,0,0,0.445
2019-02-05 21:00,2019-02-05 22:00,-1.453,1.272,0,0,0.175
2019-02-05 22:00,2019-02-05 23:00,-1.769,1.274,0,0,0.023
2019-02-05 23:00,2019-02-06 00:00,-1.987,1.276,0,0,0.203
2019-02-06 00:00,2019-02-06 01:00,-2.139,1.278,0,0,0.649
2019-02-06 01:00,2019-02-06 02:00,-2.127,1.279,0,0,0.919
2019-02-06 02:00,2019-02-06 03:00,-1.916,1.279,0,0,0.967
2019-02-06 03:00,2019-02-06 04:00,-1.582,1.280,0,0,0.986
2019-02-06 04:00,2019-02-06 05:00,-1.250,1.280,0,0,0.993
2019-02-06 05:00,2019-02-06 06:00,-1.084,1.281,0,0,0.993
2019-02-06 06:00,2019-02-06 07:00,-1.102,1.281,0.141,1.090,0.989
2019-02-06 07:00,2019-02-06 08:00,-0.959,1.282,32.069,119.149,0.980
2019-02-06 08:00,2019-02-06 09:00,-0.122,1.280,124.768,295.824,0.967
2019-02-06 09:00,2019-02-06 10:00,1.260,1.275,242.992,432.223,0.971
2019-02-06 10:00,2019-02-06 11:00,2.818,1.267,308.944,518.915,0.966
2019-02-06 11:00,2019-02-06 12:00,4.322,1.258,345.901,550.110,0.957
2019-02-06 12:00,2019-02-06 13:00,5.120,1.252,318.958,523.546,0.960
2019-02-06 13:00,2019-02-06 14:00,5.151,1.250,260.121,441.244,0.963
2019-02-06 14:00,2019-02-06 15:00,4.383,1.250,160.694,308.694,0.945
2019-02-06 15:00,2019-02-06 16:00,2.756,1.252,52.032,135.001,0.955
2019-02-06 16:00,2019-02-06 17:00,1.337,1.254,0.751,3.480,0.968
2019-02-06 17:00,2019-02-06 18:00,1.198,1.257,0,0,0.972
2019-02-06 18:00,2019-02-06 19:00,1.056,1.259,0,0,0.980
2019-02-06 19:00,2019-02-06 20:00,1.106,1.260,0,0,0.989
2019-02-06 20:00,2019-02-06 21:00,1.308,1.260,0,0,0.992
2019-02-06 21:00,2019-02-06 22:00,1.323,1.260,0,0,0.991
2019-02-06 22:00,2019-02-06 23:00,1.241,1.260,0,0,0.988
2019-02-06 23:00,2019-02-07 00:00,1.252,1.259,0,0,0.987
2019-02-07 00:00,2019-02-07 01:00,1.165,1.259,0,0,0.987
2019-02-07 01:00,2019-02-07 02:00,1.023,1.259,0,0,0.993
2019-02-07 02:00,2019-02-07 03:00,0.949,1.259,0,0,0.992
2019-02-07 03:00,2019-02-07 04:00,0.934,1.258,0,0,0.992
2019-02-07 04:00,2019-02-07 05:00,0.978,1.257,0,0,0.986
2019-02-07 05:00,2019-02-07 06:00,0.990,1.256,0,0,0.982
2019-02-07 06:00,2019-02-07 07:00,1.125,1.254,0.153,1.770,0.982
2019-02-07 07:00,2019-02-07 08:00,1.532,1.252,24.972,125.335,0.977
2019-02-07 08:00,2019-02-07 09:00,2.727,1.247,91.975,302.293,0.909
2019-02-07 09:00,2019-02-07 10:00,3.822,1.243,142.329,438.738,0.773
2019-02-07 10:00,2019-02-07 11:00,5.017,1.237,209.045,525.635,0.547
2019-02-07 11:00,2019-02-07 12:00,6.279,1.231,272.644,556.856,0.541
2019-02-07 12:00,2019-02-07 13:00,7.049,1.227,282.587,530.269,0.862
2019-02-07 13:00,2019-02-07 14:00,7.190,1.225,243.376,447.854,0.938
2019-02-07 14:00,2019-02-07 15:00,6.504,1.226,142.121,315.164,0.812
2019-02-07 15:00,2019-02-07 16:00,5.293,1.229,54.043,141.243,0.439
2019-02-07 16:00,2019-02-07 17:00,4.142,1.233,0.980,4.673,0.285
2019-02-07 17:00,2019-02-07 18:00,4.041,1.236,0,0,0.405
2019-02-07 18:00,2019-02-07 19:00,3.957,1.238,0,0,0.426
2019-02-07 19:00,2019-02-07 20:00,3.771,1.240,0,0,0.309
2019-02-07 20:00,2019-02-07 21:00,3.294,1.242,0,0,0.205
2019-02-07 21:00,2019-02-07 22:00,2.581,1.245,0,0,0.246
2019-02-07 22:00,2019-02-07 23:00,2.562,1.245,0,0,0.261
2019-02-07 23:00,2019-02-08 00:00,1.931,1.248,0,0,0.287
2019-02-08 00:00,2019-02-08 01:00,1.538,1.251,0,0,0.516
2019-02-08 01:00,2019-02-08 02:00,1.544,1.252,0,0,0.630
2019-02-08 02:00,2019-02-08 03:00,1.559,1.252,0,0,0.591
2019-02-08 03:00,2019-02-08 04:00,1.431,1.252,0,0,0.885
2019-02-08 04:00,2019-02-08 05:00,1.588,1.252,0,0,0.971
2019-02-08 05:00,2019-02-08 06:00,2.293,1.249,0,0,0.984
2019-02-08 06:00,2019-02-08 07:00,2.462,1.248,0.367,2.634,0.978
2019-02-08 07:00,2019-02-08 08:00,2.902,1.248,43.462,131.633,0.962
2019-02-08 08:00,2019-02-08 09:00,3.970,1.246,143.874,308.699,0.968
2019-02-08 09:00,2019-02-08 10:00,4.998,1.242,185.667,445.363,0.990
2019-02-08 10:00,2019-02-08 11:00,5.735,1.238,187.997,532.385,0.987
2019-02-08 11:00,2019-02-08 12:00,6.227,1.235,199.307,563.606,0.986
2019-02-08 12:00,2019-02-08 13:00,6.270,1.234,162.024,537.019,0.988
2019-02-08 13:00,2019-02-08 14:00,5.937,1.234,107.023,454.494,0.994
2019-02-08 14:00,2019-02-08 15:00,5.570,1.233,55.116,321.664,0.994
2019-02-08 15:00,2019-02-08 16:00,5.374,1.232,21.547,147.556,0.994
2019-02-08 16:00,2019-02-08 17:00,5.232,1.231,0.511,6.061,0.994
2019-02-08 17:00,2019-02-08 18:00,5.183,1.230,0,0,0.993
2019-02-08 18:00,2019-02-08 19:00,5.038,1.230,0,0,0.992
2019-02-08 19:00,2019-02-08 20:00,4.781,1.231,0,0,0.992
2019-02-08 20:00,2019-02-08 21:00,4.522,1.231,0,0,0.991
2019-02-08 21:00,2019-02-08 22:00,4.419,1.231,0,0,0.966
2019-02-08 22:00,2019-02-08 23:00,4.350,1.230,0,0,0.778
2019-02-08 23:00,2019-02-09 00:00,4.268,1.229,0,0,0.669
2019-02-09 00:00,2019-02-09 01:00,4.229,1.228,0,0,0.796
2019-02-09 01:00,2019-02-09 02:00,4.116,1.229,0,0,0.776
2019-02-09 02:00,2019-02-09 03:00,4.176,1.228,0,0,0.501
2019-02-09 03:00,2019-02-09 04:00,4.128,1.227,0,0,0.323
2019-02-09 04:00,2019-02-09 05:00,4.662,1.225,0,0,0.422
2019-02-09 05:00,2019-02-09 06:00,5.092,1.224,0,0,0.558
2019-02-09 06:00,2019-02-09 07:00,5.446,1.224,0.372,3.687,0.677
2019-02-09 07:00,2019-02-09 08:00,5.776,1.225,30.336,137.953,0.578
2019-02-09 08:00,2019-02-09 09:00,6.317,1.225,122.619,315.308,0.404
2019-02-09 09:00,2019-02-09 10:00,7.025,1.224,223.121,452.096,0.331
2019-02-09 10:00,2019-02-09 11:00,7.636,1.223,296.260,539.165,0.260
2019-02-09 11:00,2019-02-09 12:00,8.079,1.221,318.606,570.387,0.443
2019-02-09 12:00,2019-02-09 13:00,8.247,1.220,276.469,543.796,0.877
2019-02-09 13:00,2019-02-09 14:00,7.989,1.220,169.419,461.214,0.985
2019-02-09 14:00,2019-02-09 15:00,7.613,1.221,92.959,328.287,0.988
2019-02-09 15:00,2019-02-09 16:00,7.170,1.222,40,153.970,0.977
2019-02-09 16:00,2019-02-09 17:00,6.499,1.224,1.655,7.648,0.964
2019-02-09 17:00,2019-02-09 18:00,6.044,1.227,0,0,0.967
2019-02-09 18:00,2019-02-09 19:00,5.585,1.229,0,0,0.966
2019-02-09 19:00,2019-02-09 20:00,5.110,1.231,0,0,0.968
2019-02-09 20:00,2019-02-09 21:00,4.718,1.233,0,0,0.973
2019-02-09 21:00,2019-02-09 22:00,4.208,1.235,0,0,0.982
2019-02-09 22:00,2019-02-09 23:00,4.003,1.236,0,0,0.991
2019-02-09 23:00,2019-02-10 00:00,3.975,1.236,0,0,0.990
2019-02-10 00:00,2019-02-10 01:00,3.876,1.236,0,0,0.993
2019-02-10 01:00,2019-02-10 02:00,3.665,1.236,0,0,0.996
2019-02-10 02:00,2019-02-10 03:00,3.289,1.237,0,0,0.995
2019-02-10 03:00,2019-02-10 04:00,3.086,1.235,0,0,0.997
2019-02-10 04:00,2019-02-10 05:00,3.605,1.229,0,0,0.993
2019-02-10 05:00,2019-02-10 06:00,4.989,1.219,0,0,0.986
2019-02-10 06:00,2019-02-10 07:00,6.253,1.212,0.385,4.944,0.982
2019-02-10 07:00,2019-02-10 08:00,6.802,1.208,19.815,144.391,0.984
2019-02-10 08:00,2019-02-10 09:00,7.094,1.207,44.972,321.920,0.994
2019-02-10 09:00,2019-02-10 10:00,7.220,1.206,50.647,458.861,0.999
2019-02-10 10:00,2019-02-10 11:00,7.496,1.203,53.831,545.915,0.999
2019-02-10 11:00,2019-02-10 12:00,7.833,1.201,75.364,577.356,0.976
2019-02-10 12:00,2019-02-10 13:00,7.320,1.203,80.796,550.735,0.990
2019-02-10 13:00,2019-02-10 14:00,6.787,1.204,46.918,468.089,0.915
2019-02-10 14:00,2019-02-10 15:00,7.064,1.203,90.394,334.912,0.569
2019-02-10 15:00,2019-02-10 16:00,6.527,1.205,36.126,160.408,0.709
2019-02-10 16:00,2019-02-10 17:00,5.474,1.211,0.634,9.446,0.862
2019-02-10 17:00,2019-02-10 18:00,4.675,1.217,0,0,0.916
2019-02-10 18:00,2019-02-10 19:00,4.377,1.220,0,0,0.970
2019-02-10 19:00,2019-02-10 20:00,3.847,1.224,0,0,0.991
2019-02-10 20:00,2019-02-10 21:00,3.456,1.229,0,0,0.997
2019-02-10 21:00,2019-02-10 22:00,3.431,1.231,0,0,0.996
2019-02-10 22:00,2019-02-10 23:00,3.342,1.234,0,0,0.997
2019-02-10 23:00,2019-02-11 00:00,3.069,1.238,0,0,0.997
2019-02-11 00:00,2019-02-11 01:00,2.818,1.241,0,0,0.998
2019-02-11 01:00,2019-02-11 02:00,2.614,1.244,0,0,0.998
2019-02-11 02:00,2019-02-11 03:00,2.551,1.245,0,0,0.997
2019-02-11 03:00,2019-02-11 04:00,2.634,1.246,0,0,0.949
2019-02-11 04:00,2019-02-11 05:00,2.337,1.248,0,0,0.668
2019-02-11 05:00,2019-02-11 06:00,1.738,1.253,0,0,0.607
2019-02-11 06:00,2019-02-11 07:00,1.309,1.257,0.866,6.415,0.822
2019-02-11 07:00,2019-02-11 08:00,1.373,1.260,22.554,150.883,0.913
2019-02-11 08:00,2019-02-11 09:00,1.900,1.259,49.270,328.558,0.928
2019-02-11 09:00,2019-02-11 10:00,2.565,1.258,78.358,465.723,0.915
2019-02-11 10:00,2019-02-11 11:00,3.221,1.257,103.090,552.915,0.832
2019-02-11 11:00,2019-02-11 12:00,3.973,1.254,136.487,584.356,0.795
2019-02-11 12:00,2019-02-11 13:00,4.529,1.252,114.327,557.735,0.724
2019-02-11 13:00,2019-02-11 14:00,5.103,1.250,114.515,474.853,0.540
2019-02-11 14:00,2019-02-11 15:00,5.582,1.249,128.983,341.647,0.307
2019-02-11 15:00,2019-02-11 16:00,4.935,1.249,70.305,166.963,0.245
2019-02-11 16:00,2019-02-11 17:00,3.069,1.253,2.890,11.450,0.214
2019-02-11 17:00,2019-02-11 18:00,2.219,1.259,0,0,0.175
2019-02-11 18:00,2019-02-11 19:00,1.513,1.266,0,0,0.090
2019-02-11 19:00,2019-02-11 20:00,0.337,1.271,0,0,0.052
2019-02-11 20:00,2019-02-11 21:00,-0.990,1.275,0,0,0.271
2019-02-11 21:00,2019-02-11 22:00,-1.601,1.278,0,0,0.744
2019-02-11 22:00,2019-02-11 23:00,-1.676,1.280,0,0,0.907
2019-02-11 23:00,2019-02-12 00:00,-1.190,1.282,0,0,0.959
2019-02-12 00:00,2019-02-12 01:00,-0.544,1.284,0,0,0.974
2019-02-12 01:00,2019-02-12 02:00,-0.217,1.287,0,0,0.986
2019-02-12 02:00,2019-02-12 03:00,-0.190,1.288,0,0,0.984
2019-02-12 03:00,2019-02-12 04:00,-0.246,1.289,0,0,0.974
2019-02-12 04:00,2019-02-12 05:00,-0.445,1.291,0,0,0.977
2019-02-12 05:00,2019-02-12 06:00,-0.655,1.292,0,0,0.974
2019-02-12 06:00,2019-02-12 07:00,-0.665,1.293,1.192,8.088,0.967
2019-02-12 07:00,2019-02-12 08:00,-0.216,1.292,33.452,157.439,0.970
2019-02-12 08:00,2019-02-12 09:00,0.784,1.288,85.805,335.403,0.962
2019-02-12 09:00,2019-02-12 10:00,1.932,1.284,122.047,472.598,0.983
2019-02-12 10:00,2019-02-12 11:00,2.865,1.280,149.622,559.915,0.970
2019-02-12 11:00,2019-02-12 12:00,3.902,1.275,179.641,591.356,0.888
2019-02-12 12:00,2019-02-12 13:00,4.954,1.270,193.777,564.735,0.736
2019-02-12 13:00,2019-02-12 14:00,5.709,1.266,192.202,481.823,0.547
2019-02-12 14:00,2019-02-12 15:00,5.932,1.263,169.638,348.397,0.264
2019-02-12 15:00,2019-02-12 16:00,4.446,1.263,85.538,173.525,0.094
2019-02-12 16:00,2019-02-12 17:00,1.478,1.265,4.307,13.674,0.059
2019-02-12 17:00,2019-02-12 18:00,0.593,1.267,0,0,0.066
2019-02-12 18:00,2019-02-12 19:00,0.337,1.271,0,0,0.040
2019-02-12 19:00,2019-02-12 20:00,0.180,1.276,0,0,0.026
2019-02-12 20:00,2019-02-12 21:00,-0.091,1.281,0,0,0.096
2019-02-12 21:00,2019-02-12 22:00,-0.396,1.285,0,0,0.387
2019-02-12 22:00,2019-02-12 23:00,-0.580,1.286,0,0,0.379
2019-02-12 23:00,2019-02-13 00:00,-0.796,1.287,0,0,0.238
2019-02-13 00:00,2019-02-13 01:00,-0.998,1.288,0,0,0.433
2019-02-13 01:00,2019-02-13 02:00,-1.045,1.288,0,0,0.682
2019-02-13 02:00,2019-02-13 03:00,-0.921,1.288,0,0,0.863
2019-02-13 03:00,2019-02-13 04:00,-0.745,1.288,0,0,0.905
2019-02-13 04:00,2019-02-13 05:00,-1.003,1.288,0,0,0.595
2019-02-13 05:00,2019-02-13 06:00,-1.515,1.289,0,0,0.359
2019-02-13 06:00,2019-02-13 07:00,-1.739,1.290,3.031,9.967,0.629
2019-02-13 07:00,2019-02-13 08:00,-0.149,1.290,79.418,164.063,0.721
2019-02-13 08:00,2019-02-13 09:00,1.711,1.288,190.429,342.168,0.822
2019-02-13 09:00,2019-02-13 10:00,3.586,1.280,266.009,479.596,0.943
2019-02-13 10:00,2019-02-13 11:00,5.382,1.272,304.794,566.915,0.972
2019-02-13 11:00,2019-02-13 12:00,6.305,1.268,317.413,598.356,0.972
2019-02-13 12:00,2019-02-13 13:00,6.932,1.264,308.435,571.765,0.970
2019-02-13 13:00,2019-02-13 14:00,7.125,1.262,256.849,488.823,0.975
2019-02-13 14:00,2019-02-13 15:00,6.672,1.261,160.068,355.272,0.984
2019-02-13 15:00,2019-02-13 16:00,4.914,1.261,55.412,180.212,0.986
2019-02-13 16:00,2019-02-13 17:00,3.223,1.262,3.584,16.116,0.981
2019-02-13 17:00,2019-02-13 18:00,2.433,1.264,0,0,0.974
2019-02-13 18:00,2019-02-13 19:00,2.027,1.266,0,0,0.990
2019-02-13 19:00,2019-02-13 20:00,1.701,1.268,0,0,0.993
2019-02-13 20:00,2019-02-13 21:00,1.384,1.270,0,0,0.993
2019-02-13 21:00,2019-02-13 22:00,1.136,1.272,0,0,0.992
2019-02-13 22:00,2019-02-13 23:00,0.931,1.273,0,0,0.992
2019-02-13 23:00,2019-02-14 00:00,0.660,1.274,0,0,0.977
2019-02-14 00:00,2019-02-14 01:00,0.270,1.274,0,0,0.923
2019-02-14 01:00,2019-02-14 02:00,-0.113,1.274,0,0,0.937
2019-02-14 02:00,2019-02-14 03:00,-0.231,1.274,0,0,0.957
2019-02-14 03:00,2019-02-14 04:00,-0.260,1.275,0,0,0.954
2019-02-14 04:00,2019-02-14 05:00,-0.375,1.275,0,0,0.936
2019-02-14 05:00,2019-02-14 06:00,-0.441,1.275,0,0,0.877
2019-02-14 06:00,2019-02-14 07:00,-0.362,1.276,3.281,12.062,0.887
2019-02-14 07:00,2019-02-14 08:00,1.254,1.275,66.243,170.758,0.870
2019-02-14 08:00,2019-02-14 09:00,3.947,1.274,168.313,349.043,0.841
2019-02-14 09:00,2019-02-14 10:00,5.616,1.271,258.109,486.582,0.856
2019-02-14 10:00,2019-02-14 11:00,7.339,1.263,319.210,574.134,0.814
2019-02-14 11:00,2019-02-14 12:00,9.103,1.255,349.469,605.579,0.748
2019-02-14 12:00,2019-02-14 13:00,10.560,1.247,339.165,578.765,0.700
2019-02-14 13:00,2019-02-14 14:00,11.038,1.243,289.213,495.823,0.667
2019-02-14 14:00,2019-02-14 15:00,10.423,1.241,198.008,362.147,0.589
2019-02-14 15:00,2019-02-14 16:00,7.859,1.242,91.022,186.946,0.482
2019-02-14 16:00,2019-02-14 17:00,4.638,1.245,6.588,18.781,0.289
2019-02-14 17:00,2019-02-14 18:00,3.301,1.248,0,0,0.159
2019-02-14 18:00,2019-02-14 19:00,2.689,1.251,0,0,0.096
2019-02-14 19:00,2019-02-14 20:00,2.297,1.254,0,0,0.028
2019-02-14 20:00,2019-02-14 21:00,1.979,1.257,0,0,0.001
2019-02-14 21:00,2019-02-14 22:00,1.727,1.260,0,0,0
2019-02-14 22:00,2019-02-14 23:00,1.459,1.263,0,0,0
2019-02-14 23:00,2019-02-15 00:00,1.190,1.265,0,0,0
2019-02-15 00:00,2019-02-15 01:00,0.961,1.267,0,0,0
2019-02-15 01:00,2019-02-15 02:00,0.753,1.268,0,0,0
2019-02-15 02:00,2019-02-15 03:00,0.551,1.270,0,0,0
2019-02-15 03:00,2019-02-15 04:00,0.340,1.271,0,0,0
2019-02-15 04:00,2019-02-15 05:00,0.182,1.271,0,0,0
2019-02-15 05:00,2019-02-15 06:00,0.136,1.271,0,0,0
2019-02-15 06:00,2019-02-15 07:00,0.244,1.272,5.210,14.387,0
2019-02-15 07:00,2019-02-15 08:00,2.271,1.272,100.400,177.501,0
2019-02-15 08:00,2019-02-15 09:00,4.525,1.269,237.175,356.027,0
2019-02-15 09:00,2019-02-15 10:00,6.904,1.260,352.415,493.692,0
2019-02-15 10:00,2019-02-15 11:00,9.487,1.249,426.991,581.165,0
2019-02-15 11:00,2019-02-15 12:00,11.837,1.237,453.857,612.825,0
2019-02-15 12:00,2019-02-15 13:00,12.955,1.231,430.819,586.015,0
2019-02-15 13:00,2019-02-15 14:00,13.206,1.227,359.611,502.933,0
2019-02-15 14:00,2019-02-15 15:00,12.464,1.227,248.016,369.116,0
2019-02-15 15:00,2019-02-15 16:00,9.853,1.229,111.974,193.751,0
2019-02-15 16:00,2019-02-15 17:00,6.691,1.234,8.437,21.678,0
2019-02-15 17:00,2019-02-15 18:00,5.895,1.239,0,0,0
2019-02-15 18:00,2019-02-15 19:00,5.422,1.244,0,0,0
2019-02-15 19:00,2019-02-15 20:00,4.885,1.246,0,0,0
2019-02-15 20:00,2019-02-15 21:00,4.464,1.248,0,0,0
2019-02-15 21:00,2019-02-15 22:00,4.138,1.251,0,0,0
2019-02-15 22:00,2019-02-15 23:00,3.755,1.253,0,0,0
2019-02-15 23:00,2019-02-16 00:00,3.307,1.255,0,0,0
2019-02-16 00:00,2019-02-16 01:00,2.840,1.257,0,0,0
2019-02-16 01:00,2019-02-16 02:00,2.380,1.258,0,0,0
2019-02-16 02:00,2019-02-16 03:00,2.010,1.258,0,0,0
2019-02-16 03:00,2019-02-16 04:00,1.744,1.258,0,0,0
2019-02-16 04:00,2019-02-16 05:00,1.445,1.259,0,0,0
2019-02-16 05:00,2019-02-16 06:00,1.130,1.261,0,0,0
2019-02-16 06:00,2019-02-16 07:00,0.901,1.262,6.123,16.942,0
2019-02-16 07:00,2019-02-16 08:00,2.773,1.263,103.845,184.353,0
2019-02-16 08:00,2019-02-16 09:00,4.982,1.259,242.202,362.999,0.003
2019-02-16 09:00,2019-02-16 10:00,7.277,1.251,358.133,500.802,0.064
2019-02-16 10:00,2019-02-16 11:00,9.853,1.240,433.583,588.384,0.223
2019-02-16 11:00,2019-02-16 12:00,12.304,1.229,460.855,620.075,0.491
2019-02-16 12:00,2019-02-16 13:00,13.881,1.221,436.756,593.239,0.706
2019-02-16 13:00,2019-02-16 14:00,14.255,1.217,364.518,510.071,0.811
2019-02-16 14:00,2019-02-16 15:00,13.709,1.216,252.138,376.131,0.858
2019-02-16 15:00,2019-02-16 16:00,11.310,1.216,115.376,200.564,0.862
2019-02-16 16:00,2019-02-16 17:00,8.720,1.218,9.719,24.803,0.827
2019-02-16 17:00,2019-02-16 18:00,7.150,1.221,0,0,0.715
2019-02-16 18:00,2019-02-16 19:00,5.682,1.225,0,0,0.590
2019-02-16 19:00,2019-02-16 20:00,4.486,1.230,0,0,0.518
2019-02-16 20:00,2019-02-16 21:00,3.591,1.235,0,0,0.528
2019-02-16 21:00,2019-02-16 22:00,2.889,1.240,0,0,0.576
2019-02-16 22:00,2019-02-16 23:00,2.317,1.245,0,0,0.652
2019-02-16 23:00,2019-02-17 00:00,1.821,1.248,0,0,0.770
2019-02-17 00:00,2019-02-17 01:00,1.388,1.250,0,0,0.911
2019-02-17 01:00,2019-02-17 02:00,1.048,1.251,0,0,0.930
2019-02-17 02:00,2019-02-17 03:00,0.959,1.251,0,0,0.948
2019-02-17 03:00,2019-02-17 04:00,0.976,1.252,0,0,0.952
2019-02-17 04:00,2019-02-17 05:00,1.127,1.254,0,0,0.943
2019-02-17 05:00,2019-02-17 06:00,1.221,1.257,0,0,0.941
2019-02-17 06:00,2019-02-17 07:00,1.169,1.261,6.009,19.714,0.941
2019-02-17 07:00,2019-02-17 08:00,2.380,1.263,77.194,191.181,0.941
2019-02-17 08:00,2019-02-17 09:00,4.068,1.259,214.098,370.014,0.904
2019-02-17 09:00,2019-02-17 10:00,6.432,1.250,337.791,507.957,0.813
2019-02-17 10:00,2019-02-17 11:00,9.196,1.237,421.597,595.634,0.739
2019-02-17 11:00,2019-02-17 12:00,11.459,1.227,457.960,627.325,0.815
2019-02-17 12:00,2019-02-17 13:00,12.852,1.219,443.121,600.484,0.914
2019-02-17 13:00,2019-02-17 14:00,13.454,1.215,375.229,517.275,0.946
2019-02-17 14:00,2019-02-17 15:00,13.064,1.213,263.221,383.131,0.929
2019-02-17 15:00,2019-02-17 16:00,10.703,1.214,124.221,207.486,0.917
2019-02-17 16:00,2019-02-17 17:00,7.429,1.218,11.869,28.166,0.899
2019-02-17 17:00,2019-02-17 18:00,6.513,1.224,0,0,0.829
2019-02-17 18:00,2019-02-17 19:00,5.976,1.229,0,0,0.728
2019-02-17 19:00,2019-02-17 20:00,5.319,1.232,0,0,0.659
2019-02-17 20:00,2019-02-17 21:00,4.769,1.234,0,0,0.609
2019-02-17 21:00,2019-02-17 22:00,4.256,1.236,0,0,0.539
2019-02-17 22:00,2019-02-17 23:00,3.655,1.239,0,0,0.439
2019-02-17 23:00,2019-02-18 00:00,3.130,1.240,0,0,0.301
2019-02-18 00:00,2019-02-18 01:00,2.695,1.241,0,0,0.127
2019-02-18 01:00,2019-02-18 02:00,2.302,1.242,0,0,0.035
2019-02-18 02:00,2019-02-18 03:00,1.942,1.243,0,0,0.004
2019-02-18 03:00,2019-02-18 04:00,1.651,1.244,0,0,0.001
2019-02-18 04:00,2019-02-18 05:00,1.469,1.245,0,0,0
2019-02-18 05:00,2019-02-18 06:00,1.294,1.246,0,0,0
2019-02-18 06:00,2019-02-18 07:00,1.243,1.247,8.496,22.719,0
2019-02-18 07:00,2019-02-18 08:00,3.650,1.248,112.164,198.111,0
2019-02-18 08:00,2019-02-18 09:00,6.172,1.245,250.931,377.027,0
2019-02-18 09:00,2019-02-18 10:00,8.293,1.238,366.631,515.067,0
2019-02-18 10:00,2019-02-18 11:00,10.647,1.227,441.994,602.884,0
2019-02-18 11:00,2019-02-18 12:00,12.982,1.216,468.359,634.575,0.093
2019-02-18 12:00,2019-02-18 13:00,14.112,1.209,443.386,607.734,0.273
2019-02-18 13:00,2019-02-18 14:00,14.119,1.207,368.605,524.336,0.572
2019-02-18 14:00,2019-02-18 15:00,13.262,1.208,254.895,390.241,0.828
2019-02-18 15:00,2019-02-18 16:00,10.888,1.211,119.880,214.423,0.799
2019-02-18 16:00,2019-02-18 17:00,7.489,1.216,12.377,31.765,0.668
2019-02-18 17:00,2019-02-18 18:00,6.298,1.223,0,0,0.685
2019-02-18 18:00,2019-02-18 19:00,5.769,1.228,0,0,0.756
2019-02-18 19:00,2019-02-18 20:00,5.246,1.231,0,0,0.775
2019-02-18 20:00,2019-02-18 21:00,4.755,1.233,0,0,0.865
2019-02-18 21:00,2019-02-18 22:00,4.645,1.234,0,0,0.961
2019-02-18 22:00,2019-02-18 23:00,4.506,1.234,0,0,0.977
2019-02-18 23:00,2019-02-19 00:00,4.353,1.235,0,0,0.987
2019-02-19 00:00,2019-02-19 01:00,4.137,1.237,0,0,0.990
2019-02-19 01:00,2019-02-19 02:00,3.941,1.239,0,0,0.991
2019-02-19 02:00,2019-02-19 03:00,3.902,1.240,0,0,0.991
2019-02-19 03:00,2019-02-19 04:00,4.109,1.241,0,0,0.995
2019-02-19 04:00,2019-02-19 05:00,4.527,1.241,0,0,0.985
2019-02-19 05:00,2019-02-19 06:00,4.463,1.242,0,0,0.928
2019-02-19 06:00,2019-02-19 07:00,4.441,1.243,3.262,25.957,0.915
2019-02-19 07:00,2019-02-19 08:00,5.237,1.245,39.798,205.089,0.850
2019-02-19 08:00,2019-02-19 09:00,6.206,1.244,126.577,384.139,0.475
2019-02-19 09:00,2019-02-19 10:00,7.415,1.241,325.216,522.317,0.063
2019-02-19 10:00,2019-02-19 11:00,8.651,1.238,444.809,610.354,0.003
2019-02-19 11:00,2019-02-19 12:00,9.535,1.234,478.342,641.825,0.001
2019-02-19 12:00,2019-02-19 13:00,9.972,1.232,455.396,614.989,0.004
2019-02-19 13:00,2019-02-19 14:00,10.025,1.230,381.743,531.775,0.017
2019-02-19 14:00,2019-02-19 15:00,9.629,1.230,261.299,397.366,0.087
2019-02-19 15:00,2019-02-19 16:00,8.465,1.231,117.571,221.416,0.132
2019-02-19 16:00,2019-02-19 17:00,5.802,1.234,12.719,35.597,0.585
2019-02-19 17:00,2019-02-19 18:00,5.181,1.237,0,0,0.957
2019-02-19 18:00,2019-02-19 19:00,5.119,1.241,0,0,0.968
2019-02-19 19:00,2019-02-19 20:00,4.613,1.244,0,0,0.964
2019-02-19 20:00,2019-02-19 21:00,3.961,1.247,0,0,0.965
2019-02-19 21:00,2019-02-19 22:00,3.299,1.249,0,0,0.956
2019-02-19 22:00,2019-02-19 23:00,2.996,1.251,0,0,0.828
2019-02-19 23:00,2019-02-20 00:00,2.487,1.252,0,0,0.776
2019-02-20 00:00,2019-02-20 01:00,1.942,1.253,0,0,0.860
2019-02-20 01:00,2019-02-20 02:00,1.397,1.255,0,0,0.960
2019-02-20 02:00,2019-02-20 03:00,1.035,1.256,0,0,0.972
2019-02-20 03:00,2019-02-20 04:00,0.975,1.257,0,0,0.976
2019-02-20 04:00,2019-02-20 05:00,1.127,1.259,0,0,0.967
2019-02-20 05:00,2019-02-20 06:00,1.044,1.260,0,0,0.963
2019-02-20 06:00,2019-02-20 07:00,1.156,1.262,7.258,29.452,0.949
2019-02-20 07:00,2019-02-20 08:00,2.658,1.263,73.523,212.095,0.912
2019-02-20 08:00,2019-02-20 09:00,4.254,1.259,159.892,391.374,0.854
2019-02-20 09:00,2019-02-20 10:00,6.184,1.251,228.692,529.567,0.782
2019-02-20 10:00,2019-02-20 11:00,7.953,1.244,264.066,617.604,0.874
2019-02-20 11:00,2019-02-20 12:00,8.980,1.239,264.365,649.299,0.960
2019-02-20 12:00,2019-02-20 13:00,9.558,1.236,255.713,622.428,0.914
2019-02-20 13:00,2019-02-20 14:00,10.036,1.234,284.929,539.025,0.807
2019-02-20 14:00,2019-02-20 15:00,9.942,1.233,203.248,404.586,0.929
2019-02-20 15:00,2019-02-20 16:00,8.676,1.233,80.942,228.416,0.959
2019-02-20 16:00,2019-02-20 17:00,6.310,1.234,11.129,39.677,0.869
2019-02-20 17:00,2019-02-20 18:00,4.970,1.236,0,0,0.519
2019-02-20 18:00,2019-02-20 19:00,4.150,1.239,0,0,0.408
2019-02-20 19:00,2019-02-20 20:00,3.728,1.242,0,0,0.495
2019-02-20 20:00,2019-02-20 21:00,3.526,1.245,0,0,0.487
2019-02-20 21:00,2019-02-20 22:00,3.260,1.248,0,0,0.425
2019-02-20 22:00,2019-02-20 23:00,2.959,1.250,0,0,0.368
2019-02-20 23:00,2019-02-21 00:00,2.685,1.251,0,0,0.371
2019-02-21 00:00,2019-02-21 01:00,2.448,1.252,0,0,0.402
2019-02-21 01:00,2019-02-21 02:00,2.064,1.253,0,0,0.421
2019-02-21 02:00,2019-02-21 03:00,2.212,1.254,0,0,0.559
2019-02-21 03:00,2019-02-21 04:00,2.954,1.255,0,0,0.692
2019-02-21 04:00,2019-02-21 05:00,3.401,1.255,0,0,0.812
2019-02-21 05:00,2019-02-21 06:00,3.605,1.255,0,0,0.756
2019-02-21 06:00,2019-02-21 07:00,3.490,1.255,6.293,33.176,0.720
2019-02-21 07:00,2019-02-21 08:00,5.003,1.254,68.365,219.150,0.886
2019-02-21 08:00,2019-02-21 09:00,6.597,1.251,150.269,398.499,0.938
2019-02-21 09:00,2019-02-21 10:00,8.278,1.245,232.355,537.036,0.654
2019-02-21 10:00,2019-02-21 11:00,10.380,1.237,363.303,625.074,0.230
2019-02-21 11:00,2019-02-21 12:00,11.837,1.231,453.314,656.605,0.045
2019-02-21 12:00,2019-02-21 13:00,12.459,1.228,444.533,629.734,0.053
2019-02-21 13:00,2019-02-21 14:00,12.518,1.227,349.779,546.275,0.286
2019-02-21 14:00,2019-02-21 15:00,11.847,1.227,182.112,411.739,0.622
2019-02-21 15:00,2019-02-21 16:00,10.350,1.228,57.316,235.524,0.762
2019-02-21 16:00,2019-02-21 17:00,8.955,1.230,5.298,44.010,0.921
2019-02-21 17:00,2019-02-21 18:00,8.509,1.232,0,0,0.901
2019-02-21 18:00,2019-02-21 19:00,8.352,1.235,0,0,0.946
2019-02-21 19:00,2019-02-21 20:00,8.234,1.239,0,0,0.881
2019-02-21 20:00,2019-02-21 21:00,7.907,1.242,0,0,0.839
2019-02-21 21:00,2019-02-21 22:00,7.702,1.244,0,0,0.891
2019-02-21 22:00,2019-02-21 23:00,7.481,1.246,0,0,0.971
2019-02-21 23:00,2019-02-22 00:00,7.324,1.248,0,0,0.988
2019-02-22 00:00,2019-02-22 01:00,7.219,1.250,0,0,0.995
2019-02-22 01:00,2019-02-22 02:00,7.186,1.251,0,0,0.997
2019-02-22 02:00,2019-02-22 03:00,7.093,1.253,0,0,0.986
2019-02-22 03:00,2019-02-22 04:00,6.914,1.254,0,0,0.905
2019-02-22 04:00,2019-02-22 05:00,6.447,1.255,0,0,0.881
2019-02-22 05:00,2019-02-22 06:00,6.268,1.257,0,0,0.876
2019-02-22 06:00,2019-02-22 07:00,6.271,1.258,4.491,37.131,0.885
2019-02-22 07:00,2019-02-22 08:00,6.892,1.259,34.507,226.213,0.909
2019-02-22 08:00,2019-02-22 09:00,7.659,1.257,88.831,405.749,0.895
2019-02-22 09:00,2019-02-22 10:00,9.120,1.252,159.807,544.286,0.803
2019-02-22 10:00,2019-02-22 11:00,10.272,1.248,219.245,632.354,0.635
2019-02-22 11:00,2019-02-22 12:00,11.155,1.245,321.307,664.049,0.395
2019-02-22 12:00,2019-02-22 13:00,11.936,1.242,379.981,637.178,0.242
2019-02-22 13:00,2019-02-22 14:00,12.384,1.240,371.496,553.555,0.215
2019-02-22 14:00,2019-02-22 15:00,12.243,1.239,267.783,418.975,0.232
2019-02-22 15:00,2019-02-22 16:00,11.331,1.239,136.766,242.642,0.272
2019-02-22 16:00,2019-02-22 17:00,8.319,1.240,19.985,48.586,0.322
2019-02-22 17:00,2019-02-22 18:00,6.743,1.244,0,0,0.390
2019-02-22 18:00,2019-02-22 19:00,6.031,1.248,0,0,0.589
2019-02-22 19:00,2019-02-22 20:00,5.340,1.253,0,0,0.320
2019-02-22 20:00,2019-02-22 21:00,4.657,1.258,0,0,0.188
2019-02-22 21:00,2019-02-22 22:00,4.132,1.263,0,0,0.094
2019-02-22 22:00,2019-02-22 23:00,3.840,1.268,0,0,0.147
2019-02-22 23:00,2019-02-23 00:00,3.389,1.273,0,0,0.551
2019-02-23 00:00,2019-02-23 01:00,2.705,1.278,0,0,0.604
2019-02-23 01:00,2019-02-23 02:00,2.074,1.280,0,0,0.099
2019-02-23 02:00,2019-02-23 03:00,1.606,1.282,0,0,0.032
2019-02-23 03:00,2019-02-23 04:00,1.155,1.285,0,0,0.343
2019-02-23 04:00,2019-02-23 05:00,0.587,1.289,0,0,0.826
2019-02-23 05:00,2019-02-23 06:00,0.037,1.292,0,0,0.801
2019-02-23 06:00,2019-02-23 07:00,-0.273,1.295,18.142,41.337,0.592
2019-02-23 07:00,2019-02-23 08:00,0.847,1.295,141.624,233.338,0.346
2019-02-23 08:00,2019-02-23 09:00,3.072,1.286,285.933,412.997,0.425
2019-02-23 09:00,2019-02-23 10:00,5.731,1.275,403.083,551.567,0.525
2019-02-23 10:00,2019-02-23 11:00,7.439,1.268,475.423,639.854,0.583
2019-02-23 11:00,2019-02-23 12:00,8.643,1.262,502.232,671.544,0.605
2019-02-23 12:00,2019-02-23 13:00,9.330,1.258,468.061,644.674,0.747
2019-02-23 13:00,2019-02-23 14:00,9.472,1.256,376.130,560.995,0.919
2019-02-23 14:00,2019-02-23 15:00,9.044,1.256,261.355,426.320,0.942
2019-02-23 15:00,2019-02-23 16:00,7.727,1.257,135.998,249.767,0.825
2019-02-23 16:00,2019-02-23 17:00,4.739,1.261,21.415,53.412,0.867
2019-02-23 17:00,2019-02-23 18:00,3.489,1.265,0,0,0.910
2019-02-23 18:00,2019-02-23 19:00,3.180,1.270,0,0,0.862
2019-02-23 19:00,2019-02-23 20:00,2.678,1.274,0,0,0.733
2019-02-23 20:00,2019-02-23 21:00,2.176,1.277,0,0,0.614
2019-02-23 21:00,2019-02-23 22:00,1.756,1.279,0,0,0.294
2019-02-23 22:00,2019-02-23 23:00,1.367,1.282,0,0,0.293
2019-02-23 23:00,2019-02-24 00:00,0.964,1.284,0,0,0.358
2019-02-24 00:00,2019-02-24 01:00,0.562,1.286,0,0,0.410
2019-02-24 01:00,2019-02-24 02:00,0.184,1.288,0,0,0.443
2019-02-24 02:00,2019-02-24 03:00,-0.146,1.289,0,0,0.463
2019-02-24 03:00,2019-02-24 04:00,-0.396,1.290,0,0,0.586
2019-02-24 04:00,2019-02-24 05:00,-0.601,1.291,0,0,0.765
2019-02-24 05:00,2019-02-24 06:00,-0.799,1.292,0,0,0.874
2019-02-24 06:00,2019-02-24 07:00,-0.719,1.293,20.817,45.795,0.869
2019-02-24 07:00,2019-02-24 08:00,1.004,1.292,147.152,240.511,0.693
2019-02-24 08:00,2019-02-24 09:00,3.288,1.285,289.708,420.248,0.461
2019-02-24 09:00,2019-02-24 10:00,6.277,1.272,406.621,559.036,0.127
2019-02-24 10:00,2019-02-24 11:00,8.974,1.261,480.983,647.293,0.001
2019-02-24 11:00,2019-02-24 12:00,10.875,1.252,507.569,679.044,0
2019-02-24 12:00,2019-02-24 13:00,12.096,1.246,482.710,651.958,0
2019-02-24 13:00,2019-02-24 14:00,12.735,1.242,410.083,568.305,0
2019-02-24 14:00,2019-02-24 15:00,12.530,1.240,296.296,433.570,0
2019-02-24 15:00,2019-02-24 16:00,10.982,1.240,155.548,256.995,0
2019-02-24 16:00,2019-02-24 17:00,7.617,1.241,26.354,58.478,0.012
2019-02-24 17:00,2019-02-24 18:00,5.875,1.244,0,0,0.039
2019-02-24 18:00,2019-02-24 19:00,5.106,1.246,0,0,0.027
2019-02-24 19:00,2019-02-24 20:00,4.496,1.248,0,0,0.150
2019-02-24 20:00,2019-02-24 21:00,3.996,1.250,0,0,0.404
2019-02-24 21:00,2019-02-24 22:00,3.503,1.253,0,0,0.799
2019-02-24 22:00,2019-02-24 23:00,3.094,1.257,0,0,0.939
2019-02-24 23:00,2019-02-25 00:00,2.740,1.260,0,0,0.955
2019-02-25 00:00,2019-02-25 01:00,2.252,1.263,0,0,0.952
2019-02-25 01:00,2019-02-25 02:00,1.673,1.266,0,0,0.947
2019-02-25 02:00,2019-02-25 03:00,1.167,1.268,0,0,0.946
2019-02-25 03:00,2019-02-25 04:00,0.819,1.270,0,0,0.943
2019-02-25 04:00,2019-02-25 05:00,0.571,1.271,0,0,0.849
2019-02-25 05:00,2019-02-25 06:00,0.292,1.272,0,0,0.493
2019-02-25 06:00,2019-02-25 07:00,0.436,1.273,22.522,50.499,0.074
2019-02-25 07:00,2019-02-25 08:00,3.587,1.273,149.828,247.697,0.001
2019-02-25 08:00,2019-02-25 09:00,6.301,1.270,293.505,427.606,0.006
2019-02-25 09:00,2019-02-25 10:00,8.544,1.262,410.965,566.286,0.078
2019-02-25 10:00,2019-02-25 11:00,11.283,1.250,487.146,654.604,0.201
2019-02-25 11:00,2019-02-25 12:00,13.780,1.238,515.031,686.328,0.341
2019-02-25 12:00,2019-02-25 13:00,14.892,1.232,491.445,659.453,0.337
2019-02-25 13:00,2019-02-25 14:00,15.273,1.228,418.748,575.745,0.267
2019-02-25 14:00,2019-02-25 15:00,14.983,1.226,304.707,440.930,0.233
2019-02-25 15:00,2019-02-25 16:00,13.374,1.226,163.093,264.133,0.181
2019-02-25 16:00,2019-02-25 17:00,10.753,1.228,29.887,63.803,0.166
2019-02-25 17:00,2019-02-25 18:00,9.841,1.230,0,0,0.023
2019-02-25 18:00,2019-02-25 19:00,9.444,1.232,0,0,0.047
2019-02-25 19:00,2019-02-25 20:00,8.695,1.233,0,0,0.050
2019-02-25 20:00,2019-02-25 21:00,7.839,1.234,0,0,0
2019-02-25 21:00,2019-02-25 22:00,6.974,1.236,0,0,0.002
2019-02-25 22:00,2019-02-25 23:00,6.276,1.237,0,0,0.025
2019-02-25 23:00,2019-02-26 00:00,5.681,1.238,0,0,0.094
2019-02-26 00:00,2019-02-26 01:00,5.073,1.240,0,0,0.523
2019-02-26 01:00,2019-02-26 02:00,4.489,1.241,0,0,0.901
2019-02-26 02:00,2019-02-26 03:00,4.086,1.243,0,0,0.865
2019-02-26 03:00,2019-02-26 04:00,3.784,1.245,0,0,0.631
2019-02-26 04:00,2019-02-26 05:00,3.661,1.248,0,0,0.536
2019-02-26 05:00,2019-02-26 06:00,3.948,1.250,0,0,0.670
2019-02-26 06:00,2019-02-26 07:00,4.697,1.251,25.230,55.440,0.578
2019-02-26 07:00,2019-02-26 08:00,6.941,1.252,156.915,254.941,0.622
2019-02-26 08:00,2019-02-26 09:00,9.567,1.250,300.845,434.968,0.790
2019-02-26 09:00,2019-02-26 10:00,11.406,1.244,417.612,573.786,0.882
2019-02-26 10:00,2019-02-26 11:00,13.627,1.235,493.502,662.104,0.916
2019-02-26 11:00,2019-02-26 12:00,15.796,1.225,520.639,693.824,0.925
2019-02-26 12:00,2019-02-26 13:00,17.064,1.218,497.115,666.953,0.943
2019-02-26 13:00,2019-02-26 14:00,17.312,1.215,424.473,583.245,0.950
2019-02-26 14:00,2019-02-26 15:00,16.984,1.214,309.544,448.208,0.952
2019-02-26 15:00,2019-02-26 16:00,15.562,1.214,167.238,271.370,0.938
2019-02-26 16:00,2019-02-26 17:00,12.997,1.215,32.326,69.391,0.902
2019-02-26 17:00,2019-02-26 18:00,11.175,1.217,0,0,0.939
2019-02-26 18:00,2019-02-26 19:00,10.013,1.220,0,0,0.946
2019-02-26 19:00,2019-02-26 20:00,8.919,1.222,0,0,0.947
2019-02-26 20:00,2019-02-26 21:00,7.762,1.225,0,0,0.944
2019-02-26 21:00,2019-02-26 22:00,6.698,1.227,0,0,0.797
2019-02-26 22:00,2019-02-26 23:00,5.888,1.229,0,0,0.491
2019-02-26 23:00,2019-02-27 00:00,5.204,1.231,0,0,0.218
2019-02-27 00:00,2019-02-27 01:00,4.580,1.234,0,0,0.045
2019-02-27 01:00,2019-02-27 02:00,4.073,1.236,0,0,0.003
2019-02-27 02:00,2019-02-27 03:00,3.721,1.237,0,0,0
2019-02-27 03:00,2019-02-27 04:00,3.423,1.239,0,0,0
2019-02-27 04:00,2019-02-27 05:00,3.134,1.241,0,0,0.002
2019-02-27 05:00,2019-02-27 06:00,2.867,1.243,0,0,0.003
2019-02-27 06:00,2019-02-27 07:00,3.093,1.246,28.756,60.641,0.001
2019-02-27 07:00,2019-02-27 08:00,6.326,1.246,164.658,262.175,0
2019-02-27 08:00,2019-02-27 09:00,8.966,1.244,311.121,442.233,0
2019-02-27 09:00,2019-02-27 10:00,11.233,1.235,429.683,581.255,0
2019-02-27 10:00,2019-02-27 11:00,13.850,1.224,506.062,669.573,0
2019-02-27 11:00,2019-02-27 12:00,16.638,1.211,532.693,701.324,0.002
2019-02-27 12:00,2019-02-27 13:00,17.918,1.204,507.989,674.397,0.088
2019-02-27 13:00,2019-02-27 14:00,18.341,1.200,433.669,590.524,0.331
2019-02-27 14:00,2019-02-27 15:00,18.106,1.198,318.286,455.555,0.593
2019-02-27 15:00,2019-02-27 16:00,16.592,1.196,174.613,278.620,0.533
2019-02-27 16:00,2019-02-27 17:00,13.737,1.196,36.173,75.201,0.275
2019-02-27 17:00,2019-02-27 18:00,11.069,1.198,0,0,0.056
2019-02-27 18:00,2019-02-27 19:00,9.236,1.202,0,0,0
2019-02-27 19:00,2019-02-27 20:00,8.225,1.208,0,0,0
2019-02-27 20:00,2019-02-27 21:00,7.485,1.214,0,0,0
2019-02-27 21:00,2019-02-27 22:00,6.621,1.220,0,0,0
2019-02-27 22:00,2019-02-27 23:00,5.696,1.225,0,0,0
2019-02-27 23:00,2019-02-28 00:00,4.933,1.228,0,0,0
2019-02-28 00:00,2019-02-28 01:00,4.377,1.230,0,0,0
2019-02-28 01:00,2019-02-28 02:00,3.952,1.231,0,0,0
2019-02-28 02:00,2019-02-28 03:00,3.617,1.233,0,0,0.006
2019-02-28 03:00,2019-02-28 04:00,3.361,1.237,0,0,0.053
2019-02-28 04:00,2019-02-28 05:00,3.105,1.241,0,0,0.138
2019-02-28 05:00,2019-02-28 06:00,2.892,1.243,0,0,0.188
2019-02-28 06:00,2019-02-28 07:00,3.085,1.245,24.701,66.096,0.204
2019-02-28 07:00,2019-02-28 08:00,5.405,1.244,138.683,269.425,0.322
2019-02-28 08:00,2019-02-28 09:00,7.629,1.236,271.527,449.608,0.726
2019-02-28 09:00,2019-02-28 10:00,10.223,1.226,369.708,588.536,0.961
2019-02-28 10:00,2019-02-28 11:00,11.681,1.218,315.890,677.073,0.925
2019-02-28 11:00,2019-02-28 12:00,12.646,1.214,363.236,708.794,0.475
2019-02-28 12:00,2019-02-28 13:00,13.543,1.210,437.574,681.893,0.049
2019-02-28 13:00,2019-02-28 14:00,13.653,1.208,387.362,597.995,0.017
2019-02-28 14:00,2019-02-28 15:00,13.024,1.209,281.733,462.928,0.270
2019-02-28 15:00,2019-02-28 16:00,11.817,1.212,110.972,285.977,0.576
2019-02-28 16:00,2019-02-28 17:00,10.318,1.216,14.958,81.291,0.609
2019-02-28 17:00,2019-02-28 18:00,9.283,1.220,0,0,0.435
2019-02-28 18:00,2019-02-28 19:00,8.458,1.224,0,0,0.383
2019-02-28 19:00,2019-02-28 20:00,7.965,1.226,0,0,0.422
2019-02-28 20:00,2019-02-28 21:00,7.629,1.227,0,0,0.484
2019-02-28 21:00,2019-02-28 22:00,7.567,1.227,0,0,0.734
2019-02-28 22:00,2019-02-28 23:00,7.591,1.227,0,0,0.906
2019-02-28 23:00,2019-03-01 00:00,7.517,1.227,0,0,0.954
2019-03-01 00:00,2019-03-01 01:00,7.549,1.226,0,0,0.969
2019-03-01 01:00,2019-03-01 02:00,7.648,1.225,0,0,0.917
2019-03-01 02:00,2019-03-01 03:00,7.672,1.224,0,0,0.869
2019-03-01 03:00,2019-03-01 04:00,7.572,1.224,0,0,0.837
2019-03-01 04:00,2019-03-01 05:00,7.431,1.225,0,0,0.832
2019-03-01 05:00,2019-03-01 06:00,7.227,1.227,0,0,0.788
2019-03-01 06:00,2019-03-01 07:00,6.955,1.229,6.821,71.795,0.793
2019-03-01 07:00,2019-03-01 08:00,6.984,1.231,33.686,276.690,0.835
2019-03-01 08:00,2019-03-01 09:00,7.056,1.232,55.854,456.967,0.858
2019-03-01 09:00,2019-03-01 10:00,7.067,1.233,69.477,596.005,0.906
2019-03-01 10:00,2019-03-01 11:00,7.030,1.234,64.722,684.573,0.924
2019-03-01 11:00,2019-03-01 12:00,7.102,1.235,71.428,716.268,0.925
2019-03-01 12:00,2019-03-01 13:00,7.173,1.235,72.546,689.393,0.929
2019-03-01 13:00,2019-03-01 14:00,7.143,1.235,59.858,605.464,0.893
2019-03-01 14:00,2019-03-01 15:00,7.054,1.236,56.714,470.289,0.853
2019-03-01 15:00,2019-03-01 16:00,6.791,1.237,34.478,293.227,0.819
2019-03-01 16:00,2019-03-01 17:00,6.226,1.239,8.464,87.628,0.774
2019-03-01 17:00,2019-03-01 18:00,5.579,1.242,0,0,0.799
2019-03-01 18:00,2019-03-01 19:00,4.996,1.244,0,0,0.900
2019-03-01 19:00,2019-03-01 20:00,4.401,1.247,0,0,0.923
2019-03-01 20:00,2019-03-01 21:00,4.101,1.249,0,0,0.888
2019-03-01 21:00,2019-03-01 22:00,3.879,1.250,0,0,0.854
2019-03-01 22:00,2019-03-01 23:00,3.666,1.250,0,0,0.815
2019-03-01 23:00,2019-03-02 00:00,3.334,1.250,0,0,0.723
2019-03-02 00:00,2019-03-02 01:00,3.116,1.250,0,0,0.647
2019-03-02 01:00,2019-03-02 02:00,2.991,1.250,0,0,0.586
2019-03-02 02:00,2019-03-02 03:00,2.705,1.249,0,0,0.528
2019-03-02 03:00,2019-03-02 04:00,2.457,1.249,0,0,0.560
2019-03-02 04:00,2019-03-02 05:00,2.401,1.249,0,0,0.567
2019-03-02 05:00,2019-03-02 06:00,2.131,1.249,0,0,0.787
2019-03-02 06:00,2019-03-02 07:00,2.626,1.249,16.467,77.751,0.962
2019-03-02 07:00,2019-03-02 08:00,4.253,1.248,78.064,284.035,0.982
2019-03-02 08:00,2019-03-02 09:00,5.706,1.243,166.522,464.342,0.983
2019-03-02 09:00,2019-03-02 10:00,7.585,1.235,251.985,603.505,0.980
2019-03-02 10:00,2019-03-02 11:00,9.074,1.229,338.973,692.042,0.977
2019-03-02 11:00,2019-03-02 12:00,10.186,1.224,393.386,723.764,0.972
2019-03-02 12:00,2019-03-02 13:00,10.952,1.220,415.272,696.866,0.962
2019-03-02 13:00,2019-03-02 14:00,11.368,1.217,366.852,612.964,0.953
2019-03-02 14:00,2019-03-02 15:00,11.258,1.215,249.817,477.664,0.844
2019-03-02 15:00,2019-03-02 16:00,10.410,1.215,114.141,300.589,0.669
2019-03-02 16:00,2019-03-02 17:00,8.989,1.219,13.613,94.214,0.796
2019-03-02 17:00,2019-03-02 18:00,8.207,1.224,0,0,0.742
2019-03-02 18:00,2019-03-02 19:00,7.895,1.225,0,0,0.825
2019-03-02 19:00,2019-03-02 20:00,7.588,1.226,0,0,0.936
2019-03-02 20:00,2019-03-02 21:00,7.097,1.227,0,0,0.902
2019-03-02 21:00,2019-03-02 22:00,6.178,1.229,0,0,0.952
2019-03-02 22:00,2019-03-02 23:00,6.246,1.229,0,0,0.986
2019-03-02 23:00,2019-03-03 00:00,6.591,1.228,0,0,0.995
2019-03-03 00:00,2019-03-03 01:00,6.639,1.229,0,0,0.995
2019-03-03 01:00,2019-03-03 02:00,6.809,1.228,0,0,0.994
2019-03-03 02:00,2019-03-03 03:00,6.879,1.227,0,0,0.989
2019-03-03 03:00,2019-03-03 04:00,6.798,1.227,0,0,0.977
2019-03-03 04:00,2019-03-03 05:00,6.712,1.227,0,0,0.984
2019-03-03 05:00,2019-03-03 06:00,6.680,1.227,0,0,0.985
2019-03-03 06:00,2019-03-03 07:00,6.877,1.226,10.739,83.950,0.994
2019-03-03 07:00,2019-03-03 08:00,7.511,1.224,36.598,291.300,0.996
2019-03-03 08:00,2019-03-03 09:00,8.146,1.221,51.609,471.717,0.995
2019-03-03 09:00,2019-03-03 10:00,8.614,1.219,75.315,610.979,0.995
2019-03-03 10:00,2019-03-03 11:00,9.165,1.217,105.771,699.512,0.994
2019-03-03 11:00,2019-03-03 12:00,9.768,1.214,137.624,731.264,0.992
2019-03-03 12:00,2019-03-03 13:00,10.417,1.211,172.252,704.366,0.990
2019-03-03 13:00,2019-03-03 14:00,11.121,1.207,211.192,620.243,0.982
2019-03-03 14:00,2019-03-03 15:00,11.354,1.205,175.305,485.052,0.977
2019-03-03 15:00,2019-03-03 16:00,11.176,1.203,125.065,307.839,0.969
2019-03-03 16:00,2019-03-03 17:00,10.419,1.204,35.634,101.031,0.967
2019-03-03 17:00,2019-03-03 18:00,9.788,1.205,0,0,0.974
2019-03-03 18:00,2019-03-03 19:00,9.559,1.205,0,0,0.971
2019-03-03 19:00,2019-03-03 20:00,9.295,1.205,0,0,0.979
2019-03-03 20:00,2019-03-03 21:00,9.354,1.204,0,0,0.920
2019-03-03 21:00,2019-03-03 22:00,9.418,1.202,0,0,0.478
2019-03-03 22:00,2019-03-03 23:00,9.476,1.201,0,0,0.369
2019-03-03 23:00,2019-03-04 00:00,9.357,1.200,0,0,0.755
2019-03-04 00:00,2019-03-04 01:00,9.401,1.198,0,0,0.990
2019-03-04 01:00,2019-03-04 02:00,9.648,1.196,0,0,0.989
2019-03-04 02:00,2019-03-04 03:00,9.363,1.197,0,0,0.990
2019-03-04 03:00,2019-03-04 04:00,8.615,1.200,0,0,0.994
2019-03-04 04:00,2019-03-04 05:00,8.491,1.199,0,0,0.976
2019-03-04 05:00,2019-03-04 06:00,8.459,1.197,0,0,0.823
2019-03-04 06:00,2019-03-04 07:00,8.666,1.195,28.634,90.406,0.384
2019-03-04 07:00,2019-03-04 08:00,9.557,1.193,152.733,298.660,0.206
2019-03-04 08:00,2019-03-04 09:00,10.026,1.193,275.926,479.077,0.225
2019-03-04 09:00,2019-03-04 10:00,9.979,1.195,345.417,618.255,0.433
2019-03-04 10:00,2019-03-04 11:00,9.738,1.196,301.107,706.823,0.743
2019-03-04 11:00,2019-03-04 12:00,8.793,1.199,162.985,738.764,0.947
2019-03-04 12:00,2019-03-04 13:00,7.882,1.204,114.352,711.673,0.978
2019-03-04 13:00,2019-03-04 14:00,7.680,1.208,196.529,627.714,0.970
2019-03-04 14:00,2019-03-04 15:00,7.959,1.209,271.860,492.522,0.977
2019-03-04 15:00,2019-03-04 16:00,7.632,1.210,152.847,315.212,0.985
2019-03-04 16:00,2019-03-04 17:00,6.626,1.213,37.646,108.114,0.977
2019-03-04 17:00,2019-03-04 18:00,5.549,1.217,0.004,0.021,0.952
2019-03-04 18:00,2019-03-04 19:00,5.127,1.220,0,0,0.984
2019-03-04 19:00,2019-03-04 20:00,5.006,1.222,0,0,0.988
2019-03-04 20:00,2019-03-04 21:00,4.899,1.224,0,0,0.932
2019-03-04 21:00,2019-03-04 22:00,4.798,1.226,0,0,0.622
2019-03-04 22:00,2019-03-04 23:00,4.366,1.228,0,0,0.273
2019-03-04 23:00,2019-03-05 00:00,3.931,1.230,0,0,0.354
2019-03-05 00:00,2019-03-05 01:00,3.881,1.231,0,0,0.582
2019-03-05 01:00,2019-03-05 02:00,4.033,1.231,0,0,0.667
2019-03-05 02:00,2019-03-05 03:00,4.092,1.231,0,0,0.739
2019-03-05 03:00,2019-03-05 04:00,3.929,1.232,0,0,0.737
2019-03-05 04:00,2019-03-05 05:00,3.844,1.233,0,0,0.777
2019-03-05 05:00,2019-03-05 06:00,3.958,1.233,0,0,0.651
2019-03-05 06:00,2019-03-05 07:00,3.992,1.233,22.581,97.105,0.570
2019-03-05 07:00,2019-03-05 08:00,4.604,1.232,96.163,306.019,0.898
2019-03-05 08:00,2019-03-05 09:00,5.084,1.232,123.236,486.452,0.968
2019-03-05 09:00,2019-03-05 10:00,5.101,1.233,147.413,625.729,0.922
2019-03-05 10:00,2019-03-05 11:00,5.221,1.234,192.835,714.292,0.758
2019-03-05 11:00,2019-03-05 12:00,6.473,1.231,380.777,746.233,0.355
2019-03-05 12:00,2019-03-05 13:00,7.824,1.226,471.046,719.146,0.241
2019-03-05 13:00,2019-03-05 14:00,8.482,1.222,413.856,635.183,0.225
2019-03-05 14:00,2019-03-05 15:00,8.489,1.221,294.178,499.883,0.269
2019-03-05 15:00,2019-03-05 16:00,8.103,1.221,174.886,322.571,0.418
2019-03-05 16:00,2019-03-05 17:00,6.486,1.223,43.499,115.338,0.857
2019-03-05 17:00,2019-03-05 18:00,5.076,1.226,0.022,0.143,0.963
2019-03-05 18:00,2019-03-05 19:00,4.868,1.230,0,0,0.989
2019-03-05 19:00,2019-03-05 20:00,4.676,1.234,0,0,0.994
2019-03-05 20:00,2019-03-05 21:00,4.482,1.236,0,0,0.980
2019-03-05 21:00,2019-03-05 22:00,3.612,1.237,0,0,0.961
2019-03-05 22:00,2019-03-05 23:00,3.729,1.237,0,0,0.970
2019-03-05 23:00,2019-03-06 00:00,4.388,1.235,0,0,0.991
2019-03-06 00:00,2019-03-06 01:00,5.052,1.233,0,0,0.995
2019-03-06 01:00,2019-03-06 02:00,5.229,1.232,0,0,0.995
2019-03-06 02:00,2019-03-06 03:00,5.071,1.232,0,0,0.988
2019-03-06 03:00,2019-03-06 04:00,4.786,1.234,0,0,0.995
2019-03-06 04:00,2019-03-06 05:00,4.623,1.234,0,0,0.997
2019-03-06 05:00,2019-03-06 06:00,4.451,1.234,0,0.007,0.994
2019-03-06 06:00,2019-03-06 07:00,4.453,1.234,14.571,104.049,0.991
2019-03-06 07:00,2019-03-06 08:00,5.223,1.230,64.488,313.379,0.988
2019-03-06 08:00,2019-03-06 09:00,6.134,1.225,112.051,493.922,0.990
2019-03-06 09:00,2019-03-06 10:00,7.259,1.218,125.529,633.224,0.990
2019-03-06 10:00,2019-03-06 11:00,8.755,1.211,212.231,721.792,0.985
2019-03-06 11:00,2019-03-06 12:00,10.643,1.203,300.480,753.543,0.982
2019-03-06 12:00,2019-03-06 13:00,11.782,1.196,256.848,726.612,0.986
2019-03-06 13:00,2019-03-06 14:00,12.061,1.192,183.901,642.493,0.991
2019-03-06 14:00,2019-03-06 15:00,11.744,1.191,92.954,507.272,0.997
2019-03-06 15:00,2019-03-06 16:00,11.337,1.191,40.428,329.946,0.996
2019-03-06 16:00,2019-03-06 17:00,10.966,1.191,14.319,122.632,0.993
2019-03-06 17:00,2019-03-06 18:00,10.574,1.192,0.014,0.436,0.992
2019-03-06 18:00,2019-03-06 19:00,10.385,1.193,0,0,0.994
2019-03-06 19:00,2019-03-06 20:00,10.192,1.194,0,0,0.993
2019-03-06 20:00,2019-03-06 21:00,9.953,1.194,0,0,0.992
2019-03-06 21:00,2019-03-06 22:00,9.823,1.194,0,0,0.989
2019-03-06 22:00,2019-03-06 23:00,9.873,1.193,0,0,0.993
2019-03-06 23:00,2019-03-07 00:00,10.059,1.191,0,0,0.994
2019-03-07 00:00,2019-03-07 01:00,10.176,1.190,0,0,0.955
2019-03-07 01:00,2019-03-07 02:00,9.850,1.190,0,0,0.882
2019-03-07 02:00,2019-03-07 03:00,9.478,1.190,0,0,0.897
2019-03-07 03:00,2019-03-07 04:00,9.378,1.190,0,0,0.973
2019-03-07 04:00,2019-03-07 05:00,9.708,1.188,0,0,0.761
2019-03-07 05:00,2019-03-07 06:00,9.493,1.188,0.003,0.049,0.692
2019-03-07 06:00,2019-03-07 07:00,8.829,1.195,18.534,111.198,0.959
2019-03-07 07:00,2019-03-07 08:00,8.290,1.201,76.637,320.659,0.590
2019-03-07 08:00,2019-03-07 09:00,8.540,1.204,234.579,501.283,0.484
2019-03-07 09:00,2019-03-07 10:00,9.074,1.205,343.467,640.474,0.626
2019-03-07 10:00,2019-03-07 11:00,9.938,1.204,476.312,729.231,0.451
2019-03-07 11:00,2019-03-07 12:00,10.536,1.202,473.707,760.983,0.540
2019-03-07 12:00,2019-03-07 13:00,10.759,1.201,426.968,734.085,0.309
2019-03-07 13:00,2019-03-07 14:00,10.571,1.200,335.070,649.933,0.353
2019-03-07 14:00,2019-03-07 15:00,10.120,1.201,250.179,514.537,0.373
2019-03-07 15:00,2019-03-07 16:00,9.360,1.204,152.448,337.196,0.379
2019-03-07 16:00,2019-03-07 17:00,8.194,1.207,46.092,129.916,0.617
2019-03-07 17:00,2019-03-07 18:00,7.184,1.212,0.141,0.961,0.662
2019-03-07 18:00,2019-03-07 19:00,6.774,1.214,0,0,0.453
2019-03-07 19:00,2019-03-07 20:00,6.533,1.216,0,0,0.261
2019-03-07 20:00,2019-03-07 21:00,6.292,1.217,0,0,0.120
2019-03-07 21:00,2019-03-07 22:00,6.086,1.218,0,0,0.098
2019-03-07 22:00,2019-03-07 23:00,5.948,1.219,0,0,0.261
2019-03-07 23:00,2019-03-08 00:00,5.886,1.220,0,0,0.558
2019-03-08 00:00,2019-03-08 01:00,5.896,1.221,0,0,0.710
2019-03-08 01:00,2019-03-08 02:00,5.888,1.222,0,0,0.765
2019-03-08 02:00,2019-03-08 03:00,5.865,1.223,0,0,0.730
2019-03-08 03:00,2019-03-08 04:00,5.706,1.225,0,0,0.684
2019-03-08 04:00,2019-03-08 05:00,5.431,1.228,0,0,0.696
2019-03-08 05:00,2019-03-08 06:00,5.178,1.231,0.007,0.214,0.870
2019-03-08 06:00,2019-03-08 07:00,5.058,1.234,16.771,118.483,0.851
2019-03-08 07:00,2019-03-08 08:00,5.478,1.235,92.690,328.019,0.526
2019-03-08 08:00,2019-03-08 09:00,6.605,1.234,282.931,508.656,0.177
2019-03-08 09:00,2019-03-08 10:00,7.674,1.233,409.845,647.974,0.169
2019-03-08 10:00,2019-03-08 11:00,8.293,1.232,467.909,736.542,0.166
2019-03-08 11:00,2019-03-08 12:00,8.754,1.231,490.550,768.483,0.167
2019-03-08 12:00,2019-03-08 13:00,9.097,1.230,473.818,741.392,0.181
2019-03-08 13:00,2019-03-08 14:00,9.270,1.228,406.530,657.433,0.362
2019-03-08 14:00,2019-03-08 15:00,9.142,1.227,299.354,521.976,0.234
2019-03-08 15:00,2019-03-08 16:00,8.692,1.227,172.716,344.558,0.437
2019-03-08 16:00,2019-03-08 17:00,7.353,1.228,40.590,137.276,0.944
2019-03-08 17:00,2019-03-08 18:00,6.468,1.229,0.129,1.729,0.993
2019-03-08 18:00,2019-03-08 19:00,6.696,1.231,0,0,0.990
2019-03-08 19:00,2019-03-08 20:00,6.465,1.232,0,0,0.949
2019-03-08 20:00,2019-03-08 21:00,6.069,1.234,0,0,0.861
2019-03-08 21:00,2019-03-08 22:00,5.846,1.234,0,0,0.674
2019-03-08 22:00,2019-03-08 23:00,5.642,1.234,0,0,0.614
2019-03-08 23:00,2019-03-09 00:00,5.463,1.234,0,0,0.655
2019-03-09 00:00,2019-03-09 01:00,5.341,1.234,0,0,0.727
2019-03-09 01:00,2019-03-09 02:00,5.275,1.233,0,0,0.909
2019-03-09 02:00,2019-03-09 03:00,5.647,1.231,0,0,0.992
2019-03-09 03:00,2019-03-09 04:00,6.221,1.228,0,0,0.992
2019-03-09 04:00,2019-03-09 05:00,6.738,1.226,0,0,0.989
2019-03-09 05:00,2019-03-09 06:00,7.235,1.224,0.012,0.577,0.988
2019-03-09 06:00,2019-03-09 07:00,7.732,1.223,15.587,125.819,0.976
2019-03-09 07:00,2019-03-09 08:00,8.514,1.221,93.795,335.366,0.927
2019-03-09 08:00,2019-03-09 09:00,9.525,1.220,261.556,516.031,0.943
2019-03-09 09:00,2019-03-09 10:00,10.177,1.219,332.648,655.224,0.973
2019-03-09 10:00,2019-03-09 11:00,10.199,1.218,267.479,744.011,0.967
2019-03-09 11:00,2019-03-09 12:00,10.690,1.216,324.343,775.733,0.840
2019-03-09 12:00,2019-03-09 13:00,11.410,1.213,383.003,748.831,0.669
2019-03-09 13:00,2019-03-09 14:00,11.790,1.210,378.999,664.683,0.879
2019-03-09 14:00,2019-03-09 15:00,11.526,1.208,262.010,529.260,0.819
2019-03-09 15:00,2019-03-09 16:00,10.864,1.210,157.357,351.931,0.438
2019-03-09 16:00,2019-03-09 17:00,9.830,1.213,42.624,144.589,0.583
2019-03-09 17:00,2019-03-09 18:00,8.944,1.218,0.346,2.728,0.855
2019-03-09 18:00,2019-03-09 19:00,8.333,1.222,0,0,0.956
2019-03-09 19:00,2019-03-09 20:00,7.874,1.225,0,0,0.976
2019-03-09 20:00,2019-03-09 21:00,7.650,1.228,0,0,0.994
2019-03-09 21:00,2019-03-09 22:00,7.480,1.229,0,0,0.993
2019-03-09 22:00,2019-03-09 23:00,7.185,1.230,0,0,0.989
2019-03-09 23:00,2019-03-10 00:00,6.796,1.231,0,0,0.989
2019-03-10 00:00,2019-03-10 01:00,6.206,1.232,0,0,0.993
2019-03-10 01:00,2019-03-10 02:00,5.615,1.232,0,0,0.992
2019-03-10 02:00,2019-03-10 03:00,5.365,1.232,0,0,0.994
2019-03-10 03:00,2019-03-10 04:00,5.040,1.231,0,0,0.995
2019-03-10 04:00,2019-03-10 05:00,5.054,1.232,0,0,0.993
2019-03-10 05:00,2019-03-10 06:00,4.855,1.233,0.037,1.183,0.946
2019-03-10 06:00,2019-03-10 07:00,4.588,1.233,15.877,133.151,0.864
2019-03-10 07:00,2019-03-10 08:00,5.596,1.225,36.214,342.739,0.857
2019-03-10 08:00,2019-03-10 09:00,8.566,1.208,85.327,523.281,0.686
2019-03-10 09:00,2019-03-10 10:00,11.130,1.197,223.821,662.694,0.484
2019-03-10 10:00,2019-03-10 11:00,12.118,1.193,313.343,751.261,0.601
2019-03-10 11:00,2019-03-10 12:00,11.800,1.194,236.033,783.202,0.851
2019-03-10 12:00,2019-03-10 13:00,11.426,1.196,254.826,756.085,0.692
2019-03-10 13:00,2019-03-10 14:00,10.362,1.203,196.656,671.963,0.680
2019-03-10 14:00,2019-03-10 15:00,8.624,1.214,130.077,536.726,0.724
2019-03-10 15:00,2019-03-10 16:00,7.308,1.222,81.414,359.290,0.591
2019-03-10 16:00,2019-03-10 17:00,6.471,1.227,32.994,151.948,0.568
2019-03-10 17:00,2019-03-10 18:00,5.899,1.231,0.420,3.965,0.459
2019-03-10 18:00,2019-03-10 19:00,4.935,1.236,0,0,0.139
2019-03-10 19:00,2019-03-10 20:00,3.946,1.242,0,0,0.058
2019-03-10 20:00,2019-03-10 21:00,3.358,1.245,0,0,0.187
2019-03-10 21:00,2019-03-10 22:00,3.086,1.248,0,0,0.387
2019-03-10 22:00,2019-03-10 23:00,3.133,1.248,0,0,0.709
2019-03-10 23:00,2019-03-11 00:00,3.239,1.248,0,0,0.784
2019-03-11 00:00,2019-03-11 01:00,3.065,1.249,0,0,0.803
2019-03-11 01:00,2019-03-11 02:00,2.874,1.250,0,0,0.836
2019-03-11 02:00,2019-03-11 03:00,2.723,1.250,0,0,0.810
2019-03-11 03:00,2019-03-11 04:00,2.557,1.251,0,0,0.820
2019-03-11 04:00,2019-03-11 05:00,2.302,1.253,0,0,0.849
2019-03-11 05:00,2019-03-11 06:00,1.858,1.256,0.098,2.022,0.775
2019-03-11 06:00,2019-03-11 07:00,1.717,1.257,30.885,140.471,0.780
2019-03-11 07:00,2019-03-11 08:00,1.884,1.258,78.326,350.003,0.843
2019-03-11 08:00,2019-03-11 09:00,1.661,1.261,97.783,530.561,0.880
2019-03-11 09:00,2019-03-11 10:00,2.122,1.259,116.228,669.944,0.858
2019-03-11 10:00,2019-03-11 11:00,3.529,1.254,188.761,758.511,0.709
2019-03-11 11:00,2019-03-11 12:00,5.095,1.248,270.885,790.452,0.532
2019-03-11 12:00,2019-03-11 13:00,6.237,1.244,384.510,763.365,0.439
2019-03-11 13:00,2019-03-11 14:00,6.430,1.243,338.768,679.402,0.465
2019-03-11 14:00,2019-03-11 15:00,6.111,1.244,238.091,544.006,0.551
2019-03-11 15:00,2019-03-11 16:00,5.515,1.246,114.440,366.543,0.726
2019-03-11 16:00,2019-03-11 17:00,4.949,1.248,29.997,159.261,0.675
2019-03-11 17:00,2019-03-11 18:00,4.436,1.251,0.600,5.453,0.605
2019-03-11 18:00,2019-03-11 19:00,4.121,1.254,0,0,0.579
2019-03-11 19:00,2019-03-11 20:00,3.806,1.257,0,0,0.540
2019-03-11 20:00,2019-03-11 21:00,3.457,1.259,0,0,0.519
2019-03-11 21:00,2019-03-11 22:00,3.017,1.261,0,0,0.392
2019-03-11 22:00,2019-03-11 23:00,2.084,1.264,0,0,0.237
2019-03-11 23:00,2019-03-12 00:00,0.708,1.268,0,0,0.773
2019-03-12 00:00,2019-03-12 01:00,0.513,1.270,0,0,0.987
2019-03-12 01:00,2019-03-12 02:00,0.686,1.271,0,0,0.993
2019-03-12 02:00,2019-03-12 03:00,0.889,1.269,0,0,0.972
2019-03-12 03:00,2019-03-12 04:00,1.008,1.269,0,0,0.937
2019-03-12 04:00,2019-03-12 05:00,0.998,1.269,0,0,0.950
2019-03-12 05:00,2019-03-12 06:00,1.170,1.268,0.313,3.098,0.991
2019-03-12 06:00,2019-03-12 07:00,1.491,1.266,25.672,147.824,0.969
2019-03-12 07:00,2019-03-12 08:00,2.505,1.262,104.332,357.348,0.982
2019-03-12 08:00,2019-03-12 09:00,4.143,1.255,197.306,538.001,0.993
2019-03-12 09:00,2019-03-12 10:00,5.630,1.247,251.153,677.194,0.994
2019-03-12 10:00,2019-03-12 11:00,6.439,1.241,246.714,765.761,0.991
2019-03-12 11:00,2019-03-12 12:00,7.088,1.236,280.461,797.702,0.972
2019-03-12 12:00,2019-03-12 13:00,7.856,1.232,349.586,770.615,0.956
2019-03-12 13:00,2019-03-12 14:00,8.378,1.227,347.539,686.652,0.964
2019-03-12 14:00,2019-03-12 15:00,8.516,1.223,284.319,551.256,0.977
2019-03-12 15:00,2019-03-12 16:00,7.951,1.220,121.751,373.902,0.990
2019-03-12 16:00,2019-03-12 17:00,7.225,1.219,25.048,166.620,0.991
2019-03-12 17:00,2019-03-12 18:00,6.833,1.218,0.496,7.175,0.990
2019-03-12 18:00,2019-03-12 19:00,6.740,1.216,0,0,0.972
2019-03-12 19:00,2019-03-12 20:00,6.577,1.217,0,0,0.846
2019-03-12 20:00,2019-03-12 21:00,6.237,1.219,0,0,0.806
2019-03-12 21:00,2019-03-12 22:00,5.979,1.221,0,0,0.683
2019-03-12 22:00,2019-03-12 23:00,4.856,1.229,0,0,0.476
2019-03-12 23:00,2019-03-13 00:00,3.498,1.237,0,0,0.169
2019-03-13 00:00,2019-03-13 01:00,2.631,1.241,0,0,0.147
2019-03-13 01:00,2019-03-13 02:00,2.397,1.241,0,0,0.091
2019-03-13 02:00,2019-03-13 03:00,2.720,1.239,0,0,0.209
2019-03-13 03:00,2019-03-13 04:00,3.454,1.236,0,0,0.316
2019-03-13 04:00,2019-03-13 05:00,3.744,1.235,0,0,0.224
2019-03-13 05:00,2019-03-13 06:00,3.564,1.235,0.879,4.421,0.237
2019-03-13 06:00,2019-03-13 07:00,3.781,1.236,63.528,155.143,0.205
2019-03-13 07:00,2019-03-13 08:00,4.789,1.234,187.906,364.708,0.229
2019-03-13 08:00,2019-03-13 09:00,5.865,1.230,279.906,545.254,0.298
2019-03-13 09:00,2019-03-13 10:00,6.602,1.228,372.254,684.444,0.401
2019-03-13 10:00,2019-03-13 11:00,6.690,1.227,338.127,773.200,0.695
2019-03-13 11:00,2019-03-13 12:00,6.541,1.227,249.625,804.952,0.758
2019-03-13 12:00,2019-03-13 13:00,6.920,1.224,244.870,777.861,0.710
2019-03-13 13:00,2019-03-13 14:00,7.205,1.222,191.687,693.902,0.689
2019-03-13 14:00,2019-03-13 15:00,7.182,1.221,145.673,558.506,0.697
2019-03-13 15:00,2019-03-13 16:00,6.802,1.222,87.174,381.165,0.699
2019-03-13 16:00,2019-03-13 17:00,6.307,1.224,27.798,173.940,0.666
2019-03-13 17:00,2019-03-13 18:00,5.888,1.226,0.952,9.131,0.545
2019-03-13 18:00,2019-03-13 19:00,5.631,1.227,0,0,0.438
2019-03-13 19:00,2019-03-13 20:00,5.280,1.230,0,0,0.385
2019-03-13 20:00,2019-03-13 21:00,4.963,1.232,0,0,0.343
2019-03-13 21:00,2019-03-13 22:00,4.591,1.235,0,0,0.317
2019-03-13 22:00,2019-03-13 23:00,4.496,1.236,0,0,0.634
2019-03-13 23:00,2019-03-14 00:00,4.417,1.237,0,0,0.966
2019-03-14 00:00,2019-03-14 01:00,4.587,1.237,0,0,0.995
2019-03-14 01:00,2019-03-14 02:00,4.752,1.236,0,0,0.996
2019-03-14 02:00,2019-03-14 03:00,4.726,1.236,0,0,0.989
2019-03-14 03:00,2019-03-14 04:00,4.508,1.237,0,0,0.988
2019-03-14 04:00,2019-03-14 05:00,4.330,1.237,0,0,0.995
2019-03-14 05:00,2019-03-14 06:00,4.341,1.236,0.412,5.979,0.996
2019-03-14 06:00,2019-03-14 07:00,4.439,1.235,15.288,162.496,0.995
2019-03-14 07:00,2019-03-14 08:00,4.584,1.234,35.849,371.958,0.995
2019-03-14 08:00,2019-03-14 09:00,4.627,1.232,54.089,552.500,0.994
2019-03-14 09:00,2019-03-14 10:00,4.558,1.230,76.100,691.694,0.995
2019-03-14 10:00,2019-03-14 11:00,4.877,1.227,127.639,780.261,0.989
2019-03-14 11:00,2019-03-14 12:00,5.626,1.222,200.736,812.175,0.921
2019-03-14 12:00,2019-03-14 13:00,6.341,1.216,185.767,785.111,0.873
2019-03-14 13:00,2019-03-14 14:00,7.278,1.210,114.131,701.152,0.886
2019-03-14 14:00,2019-03-14 15:00,8.594,1.202,68.923,565.729,0.890
2019-03-14 15:00,2019-03-14 16:00,9.391,1.199,49.117,388.512,0.738
2019-03-14 16:00,2019-03-14 17:00,8.754,1.204,37.999,181.245,0.452
2019-03-14 17:00,2019-03-14 18:00,7.323,1.211,2.266,11.334,0.196
2019-03-14 18:00,2019-03-14 19:00,6.205,1.218,0,0,0.042
2019-03-14 19:00,2019-03-14 20:00,5.327,1.223,0,0,0.063
2019-03-14 20:00,2019-03-14 21:00,4.847,1.227,0,0,0.232
2019-03-14 21:00,2019-03-14 22:00,4.926,1.228,0,0,0.557
2019-03-14 22:00,2019-03-14 23:00,5.073,1.228,0,0,0.736
2019-03-14 23:00,2019-03-15 00:00,5.221,1.228,0,0,0.976
2019-03-15 00:00,2019-03-15 01:00,5.361,1.227,0,0,0.993
2019-03-15 01:00,2019-03-15 02:00,5.295,1.228,0,0,0.992
2019-03-15 02:00,2019-03-15 03:00,5.323,1.227,0,0,0.992
2019-03-15 03:00,2019-03-15 04:00,5.056,1.229,0,0,0.980
2019-03-15 04:00,2019-03-15 05:00,4.883,1.230,0,0,0.992
2019-03-15 05:00,2019-03-15 06:00,4.695,1.231,0.558,7.772,0.996
2019-03-15 06:00,2019-03-15 07:00,4.630,1.232,15.262,169.815,0.998
2019-03-15 07:00,2019-03-15 08:00,5.021,1.229,33.247,379.223,0.998
2019-03-15 08:00,2019-03-15 09:00,6.677,1.220,46.513,559.750,0.998
2019-03-15 09:00,2019-03-15 10:00,8.820,1.210,72.305,698.917,0.998
2019-03-15 10:00,2019-03-15 11:00,9.967,1.206,109.719,787.480,0.998
2019-03-15 11:00,2019-03-15 12:00,10.618,1.204,131.274,819.421,0.996
2019-03-15 12:00,2019-03-15 13:00,11.197,1.202,138.838,792.305,0.992
2019-03-15 13:00,2019-03-15 14:00,11.720,1.200,157.902,708.371,0.989
2019-03-15 14:00,2019-03-15 15:00,11.839,1.199,147.198,572.975,0.988
2019-03-15 15:00,2019-03-15 16:00,11.407,1.200,65.612,395.760,0.992
2019-03-15 16:00,2019-03-15 17:00,10.952,1.202,24.716,188.551,0.997
2019-03-15 17:00,2019-03-15 18:00,10.570,1.204,1.001,13.780,0.997
2019-03-15 18:00,2019-03-15 19:00,10.404,1.206,0,0,0.995
2019-03-15 19:00,2019-03-15 20:00,10.210,1.207,0,0,0.955
2019-03-15 20:00,2019-03-15 21:00,9.921,1.210,0,0,0.791
2019-03-15 21:00,2019-03-15 22:00,9.518,1.212,0,0,0.852
2019-03-15 22:00,2019-03-15 23:00,9.050,1.215,0,0,0.900
2019-03-15 23:00,2019-03-16 00:00,8.670,1.217,0,0,0.978
2019-03-16 00:00,2019-03-16 01:00,8.328,1.220,0,0,0.991
2019-03-16 01:00,2019-03-16 02:00,8.086,1.221,0,0,0.995
2019-03-16 02:00,2019-03-16 03:00,7.838,1.222,0,0,0.993
2019-03-16 03:00,2019-03-16 04:00,7.497,1.224,0,0,0.984
2019-03-16 04:00,2019-03-16 05:00,7.176,1.224,0,0,0.986
2019-03-16 05:00,2019-03-16 06:00,7.402,1.223,0.484,9.809,0.997
2019-03-16 06:00,2019-03-16 07:00,8.003,1.221,6.273,177.120,0.998
2019-03-16 07:00,2019-03-16 08:00,8.701,1.218,26.756,386.473,0.971
2019-03-16 08:00,2019-03-16 09:00,9.207,1.217,102.388,566.970,0.986
2019-03-16 09:00,2019-03-16 10:00,9.589,1.216,139.303,706.163,0.983
2019-03-16 10:00,2019-03-16 11:00,10.324,1.213,267.247,794.699,0.970
2019-03-16 11:00,2019-03-16 12:00,11.336,1.210,422.597,826.421,0.956
2019-03-16 12:00,2019-03-16 13:00,11.997,1.207,437.161,799.550,0.947
2019-03-16 13:00,2019-03-16 14:00,12.201,1.204,398.834,715.432,0.968
2019-03-16 14:00,2019-03-16 15:00,11.716,1.204,249.185,580.225,0.969
2019-03-16 15:00,2019-03-16 16:00,11.129,1.205,151.070,403.010,0.961
2019-03-16 16:00,2019-03-16 17:00,10.300,1.206,67.451,195.856,0.732
2019-03-16 17:00,2019-03-16 18:00,9.230,1.208,4.511,16.455,0.255
2019-03-16 18:00,2019-03-16 19:00,8.541,1.211,0,0,0.150
2019-03-16 19:00,2019-03-16 20:00,8.044,1.212,0,0,0.045
2019-03-16 20:00,2019-03-16 21:00,7.588,1.214,0,0,0.041
2019-03-16 21:00,2019-03-16 22:00,7.306,1.214,0,0,0.010
2019-03-16 22:00,2019-03-16 23:00,7.165,1.213,0,0,0.073
2019-03-16 23:00,2019-03-17 00:00,6.962,1.213,0,0,0.554
2019-03-17 00:00,2019-03-17 01:00,6.767,1.213,0,0,0.887
2019-03-17 01:00,2019-03-17 02:00,6.492,1.214,0,0,0.827
2019-03-17 02:00,2019-03-17 03:00,6.249,1.215,0,0,0.940
2019-03-17 03:00,2019-03-17 04:00,6.227,1.215,0,0,0.969
2019-03-17 04:00,2019-03-17 05:00,6.269,1.215,0,0,0.973
2019-03-17 05:00,2019-03-17 06:00,6.330,1.215,1.513,12.087,0.986
2019-03-17 06:00,2019-03-17 07:00,6.654,1.215,23.892,184.425,0.995
2019-03-17 07:00,2019-03-17 08:00,6.942,1.215,56.506,393.707,0.981
2019-03-17 08:00,2019-03-17 09:00,7.337,1.216,136.501,574.000,0.916
2019-03-17 09:00,2019-03-17 10:00,7.905,1.217,257.506,713.163,0.798
2019-03-17 10:00,2019-03-17 11:00,8.567,1.216,366.636,801.730,0.540
2019-03-17 11:00,2019-03-17 12:00,9.129,1.215,458.813,833.645,0.337
2019-03-17 12:00,2019-03-17 13:00,9.260,1.215,459.215,806.550,0.352
2019-03-17 13:00,2019-03-17 14:00,8.874,1.217,363.543,722.621,0.423
2019-03-17 14:00,2019-03-17 15:00,8.327,1.218,266.643,587.414,0.492
2019-03-17 15:00,2019-03-17 16:00,7.506,1.221,155.597,410.244,0.525
2019-03-17 16:00,2019-03-17 17:00,6.349,1.226,62.617,203.161,0.570
2019-03-17 17:00,2019-03-17 18:00,4.949,1.231,3.880,19.373,0.551
2019-03-17 18:00,2019-03-17 19:00,3.947,1.237,0,0,0.467
2019-03-17 19:00,2019-03-17 20:00,3.176,1.242,0,0,0.412
2019-03-17 20:00,2019-03-17 21:00,2.634,1.246,0,0,0.414
2019-03-17 21:00,2019-03-17 22:00,2.276,1.248,0,0,0.426
2019-03-17 22:00,2019-03-17 23:00,2.087,1.249,0,0,0.415
2019-03-17 23:00,2019-03-18 00:00,1.946,1.250,0,0,0.318
2019-03-18 00:00,2019-03-18 01:00,1.754,1.250,0,0,0.367
2019-03-18 01:00,2019-03-18 02:00,1.674,1.251,0,0,0.583
2019-03-18 02:00,2019-03-18 03:00,1.807,1.252,0,0,0.703
2019-03-18 03:00,2019-03-18 04:00,1.958,1.253,0,0,0.748
2019-03-18 04:00,2019-03-18 05:00,2.187,1.253,0,0,0.833
2019-03-18 05:00,2019-03-18 06:00,2.431,1.253,0.755,14.594,0.894
2019-03-18 06:00,2019-03-18 07:00,2.803,1.254,20.923,191.722,0.848
2019-03-18 07:00,2019-03-18 08:00,3.487,1.253,76.177,400.942,0.738
2019-03-18 08:00,2019-03-18 09:00,4.618,1.250,229.912,581.250,0.344
2019-03-18 09:00,2019-03-18 10:00,6.049,1.247,453.335,720.382,0.163
2019-03-18 10:00,2019-03-18 11:00,7.102,1.244,520.861,808.730,0.176
2019-03-18 11:00,2019-03-18 12:00,7.976,1.241,560.922,840.645,0.175
2019-03-18 12:00,2019-03-18 13:00,8.462,1.238,502.689,813.580,0.216
2019-03-18 13:00,2019-03-18 14:00,8.669,1.236,444.351,729.621,0.179
2019-03-18 14:00,2019-03-18 15:00,8.626,1.236,378.615,594.448,0.206
2019-03-18 15:00,2019-03-18 16:00,7.999,1.237,224.190,417.371,0.385
2019-03-18 16:00,2019-03-18 17:00,6.673,1.240,77.884,210.464,0.377
2019-03-18 17:00,2019-03-18 18:00,4.331,1.244,5.737,22.533,0.245
2019-03-18 18:00,2019-03-18 19:00,2.813,1.248,0,0,0.138
2019-03-18 19:00,2019-03-18 20:00,1.866,1.253,0,0,0.113
2019-03-18 20:00,2019-03-18 21:00,1.013,1.257,0,0,0.078
2019-03-18 21:00,2019-03-18 22:00,0.273,1.260,0,0,0.041
2019-03-18 22:00,2019-03-18 23:00,-0.265,1.263,0,0,0.020
2019-03-18 23:00,2019-03-19 00:00,-0.592,1.265,0,0,0.009
2019-03-19 00:00,2019-03-19 01:00,-0.741,1.267,0,0,0.005
2019-03-19 01:00,2019-03-19 02:00,-0.806,1.269,0,0,0.018
2019-03-19 02:00,2019-03-19 03:00,-0.953,1.271,0,0,0.049
2019-03-19 03:00,2019-03-19 04:00,-1.250,1.273,0,0,0.104
2019-03-19 04:00,2019-03-19 05:00,-1.398,1.275,0,0,0.151
2019-03-19 05:00,2019-03-19 06:00,-1.484,1.278,5.744,17.338,0.196
2019-03-19 06:00,2019-03-19 07:00,0.008,1.279,102.270,198.980,0.213
2019-03-19 07:00,2019-03-19 08:00,2.330,1.275,255.897,408.177,0.120
2019-03-19 08:00,2019-03-19 09:00,5.339,1.264,430.090,588.250,0.003
2019-03-19 09:00,2019-03-19 10:00,7.050,1.258,556.599,727.382,0.001
2019-03-19 10:00,2019-03-19 11:00,8.205,1.254,634.020,815.699,0.001
2019-03-19 11:00,2019-03-19 12:00,9.162,1.251,660.654,847.640,0.003
2019-03-19 12:00,2019-03-19 13:00,9.845,1.247,631.202,820.554,0.020
2019-03-19 13:00,2019-03-19 14:00,10.132,1.244,539.975,736.651,0.079
2019-03-19 14:00,2019-03-19 15:00,9.960,1.243,395.630,601.664,0.135
2019-03-19 15:00,2019-03-19 16:00,9.463,1.243,248.135,424.606,0.177
2019-03-19 16:00,2019-03-19 17:00,8.100,1.244,102.241,217.714,0.179
2019-03-19 17:00,2019-03-19 18:00,6.278,1.246,8.015,25.919,0.148
2019-03-19 18:00,2019-03-19 19:00,5.943,1.248,0,0,0.109
2019-03-19 19:00,2019-03-19 20:00,5.885,1.251,0,0,0.107
2019-03-19 20:00,2019-03-19 21:00,5.285,1.253,0,0,0.549
2019-03-19 21:00,2019-03-19 22:00,4.277,1.255,0,0,0.915
2019-03-19 22:00,2019-03-19 23:00,3.469,1.256,0,0,0.812
2019-03-19 23:00,2019-03-20 00:00,2.412,1.258,0,0,0.517
2019-03-20 00:00,2019-03-20 01:00,1.519,1.260,0,0,0.138
2019-03-20 01:00,2019-03-20 02:00,0.928,1.262,0,0,0.019
2019-03-20 02:00,2019-03-20 03:00,0.491,1.264,0,0,0.026
2019-03-20 03:00,2019-03-20 04:00,0.102,1.266,0,0,0.213
2019-03-20 04:00,2019-03-20 05:00,-0.142,1.268,0,0,0.361
2019-03-20 05:00,2019-03-20 06:00,-0.228,1.270,6.863,20.323,0.324
2019-03-20 06:00,2019-03-20 07:00,2.221,1.271,108.364,206.269,0.305
2019-03-20 07:00,2019-03-20 08:00,4.981,1.268,248.897,415.302,0.583
2019-03-20 08:00,2019-03-20 09:00,7.375,1.260,344.432,595.439,0.889
2019-03-20 09:00,2019-03-20 10:00,9.907,1.249,417.936,734.382,0.960
2019-03-20 10:00,2019-03-20 11:00,11.295,1.244,504.557,822.699,0.955
2019-03-20 11:00,2019-03-20 12:00,12.164,1.241,503.588,854.451,0.940
2019-03-20 12:00,2019-03-20 13:00,12.781,1.238,504.754,827.520,0.536
2019-03-20 13:00,2019-03-20 14:00,13.008,1.235,435.824,743.651,0.441
2019-03-20 14:00,2019-03-20 15:00,12.857,1.234,311.950,608.694,0.479
2019-03-20 15:00,2019-03-20 16:00,12.400,1.234,194.102,431.729,0.558
2019-03-20 16:00,2019-03-20 17:00,11.314,1.235,84.342,224.957,0.457
2019-03-20 17:00,2019-03-20 18:00,9.844,1.236,7.933,29.540,0.355
2019-03-20 18:00,2019-03-20 19:00,9.545,1.238,0,0,0.606
2019-03-20 19:00,2019-03-20 20:00,9.051,1.240,0,0,0.787
2019-03-20 20:00,2019-03-20 21:00,8.474,1.242,0,0,0.880
2019-03-20 21:00,2019-03-20 22:00,8.042,1.244,0,0,0.922
2019-03-20 22:00,2019-03-20 23:00,7.650,1.246,0,0,0.939
2019-03-20 23:00,2019-03-21 00:00,7.120,1.247,0,0,0.947
2019-03-21 00:00,2019-03-21 01:00,6.511,1.249,0,0,0.904
2019-03-21 01:00,2019-03-21 02:00,5.748,1.251,0,0,0.646
2019-03-21 02:00,2019-03-21 03:00,4.818,1.253,0,0,0.569
2019-03-21 03:00,2019-03-21 04:00,3.877,1.255,0,0,0.517
2019-03-21 04:00,2019-03-21 05:00,3.091,1.258,0,0,0.375
2019-03-21 05:00,2019-03-21 06:00,2.617,1.261,8.224,23.541,0.251
2019-03-21 06:00,2019-03-21 07:00,4.514,1.263,114.898,213.464,0.255
2019-03-21 07:00,2019-03-21 08:00,7.099,1.262,273.886,422.411,0.226
2019-03-21 08:00,2019-03-21 09:00,9.598,1.253,423.821,602.469,0.039
2019-03-21 09:00,2019-03-21 10:00,12.528,1.240,543.328,741.382,0.013
2019-03-21 10:00,2019-03-21 11:00,13.858,1.235,620.285,829.673,0
2019-03-21 11:00,2019-03-21 12:00,14.773,1.231,648.048,861.390,0
2019-03-21 12:00,2019-03-21 13:00,15.459,1.227,624.223,834.493,0
2019-03-21 13:00,2019-03-21 14:00,15.851,1.224,550.836,750.590,0
2019-03-21 14:00,2019-03-21 15:00,15.849,1.222,434.887,615.668,0
2019-03-21 15:00,2019-03-21 16:00,15.448,1.221,286.903,438.854,0.002
2019-03-21 16:00,2019-03-21 17:00,14.111,1.221,128.664,232.192,0.051
2019-03-21 17:00,2019-03-21 18:00,11.876,1.222,12.452,33.395,0.171
2019-03-21 18:00,2019-03-21 19:00,10.535,1.224,0,0,0.412
2019-03-21 19:00,2019-03-21 20:00,9.402,1.227,0,0,0.746
2019-03-21 20:00,2019-03-21 21:00,8.359,1.230,0,0,0.850
2019-03-21 21:00,2019-03-21 22:00,7.512,1.233,0,0,0.850
2019-03-21 22:00,2019-03-21 23:00,6.828,1.235,0,0,0.716
2019-03-21 23:00,2019-03-22 00:00,6.237,1.237,0,0,0.399
2019-03-22 00:00,2019-03-22 01:00,5.759,1.238,0,0,0.281
2019-03-22 01:00,2019-03-22 02:00,5.230,1.239,0,0,0.556
2019-03-22 02:00,2019-03-22 03:00,4.719,1.242,0,0,0.871
2019-03-22 03:00,2019-03-22 04:00,4.264,1.245,0,0,0.932
2019-03-22 04:00,2019-03-22 05:00,3.820,1.248,0,0,0.945
2019-03-22 05:00,2019-03-22 06:00,3.559,1.250,9.446,26.980,0.948
2019-03-22 06:00,2019-03-22 07:00,5.826,1.251,109.531,220.699,0.949
2019-03-22 07:00,2019-03-22 08:00,8.502,1.250,260.749,429.534,0.946
2019-03-22 08:00,2019-03-22 09:00,10.630,1.243,413.234,609.469,0.911
2019-03-22 09:00,2019-03-22 10:00,14.037,1.228,540.291,748.132,0.834
2019-03-22 10:00,2019-03-22 11:00,16.142,1.219,624.545,836.449,0.688
2019-03-22 11:00,2019-03-22 12:00,17.056,1.214,656.498,868.170,0.652
2019-03-22 12:00,2019-03-22 13:00,17.627,1.211,633.834,841.270,0.695
2019-03-22 13:00,2019-03-22 14:00,17.826,1.208,560.307,757.590,0.659
2019-03-22 14:00,2019-03-22 15:00,17.605,1.206,445.155,622.663,0.578
2019-03-22 15:00,2019-03-22 16:00,16.874,1.206,297.857,445.869,0.535
2019-03-22 16:00,2019-03-22 17:00,14.818,1.206,136.997,239.379,0.475
2019-03-22 17:00,2019-03-22 18:00,11.344,1.208,14.876,37.487,0.393
2019-03-22 18:00,2019-03-22 19:00,9.913,1.211,0,0,0.395
2019-03-22 19:00,2019-03-22 20:00,9.158,1.214,0,0,0.598
2019-03-22 20:00,2019-03-22 21:00,8.447,1.218,0,0,0.791
2019-03-22 21:00,2019-03-22 22:00,7.764,1.222,0,0,0.926
2019-03-22 22:00,2019-03-22 23:00,7.030,1.228,0,0,0.945
2019-03-22 23:00,2019-03-23 00:00,6.190,1.233,0,0,0.945
2019-03-23 00:00,2019-03-23 01:00,5.238,1.239,0,0,0.944
2019-03-23 01:00,2019-03-23 02:00,4.302,1.244,0,0,0.944
2019-03-23 02:00,2019-03-23 03:00,3.533,1.247,0,0,0.945
2019-03-23 03:00,2019-03-23 04:00,2.893,1.252,0,0,0.954
2019-03-23 04:00,2019-03-23 05:00,2.938,1.258,0,0,0.974
2019-03-23 05:00,2019-03-23 06:00,3.644,1.263,6.579,30.657,0.990
2019-03-23 06:00,2019-03-23 07:00,4.446,1.265,39.598,227.879,0.997
2019-03-23 07:00,2019-03-23 08:00,4.968,1.265,96.683,436.536,0.993
2019-03-23 08:00,2019-03-23 09:00,5.866,1.262,173.141,616.408,0.966
2019-03-23 09:00,2019-03-23 10:00,7.416,1.257,361.272,755.101,0.971
2019-03-23 10:00,2019-03-23 11:00,8.990,1.251,438.796,843.389,0.968
2019-03-23 11:00,2019-03-23 12:00,10.213,1.245,482.572,874.920,0.929
2019-03-23 12:00,2019-03-23 13:00,10.688,1.243,433.020,848.049,0.873
2019-03-23 13:00,2019-03-23 14:00,10.989,1.240,396.853,764.340,0.819
2019-03-23 14:00,2019-03-23 15:00,11.005,1.239,317.258,629.634,0.805
2019-03-23 15:00,2019-03-23 16:00,10.645,1.238,201.065,452.963,0.889
2019-03-23 16:00,2019-03-23 17:00,9.863,1.239,72.734,246.559,0.967
2019-03-23 17:00,2019-03-23 18:00,8.103,1.240,8.425,41.788,0.971
2019-03-23 18:00,2019-03-23 19:00,7.186,1.242,0,0,0.970
2019-03-23 19:00,2019-03-23 20:00,6.737,1.244,0,0,0.969
2019-03-23 20:00,2019-03-23 21:00,6.329,1.246,0,0,0.966
2019-03-23 21:00,2019-03-23 22:00,5.883,1.249,0,0,0.963
2019-03-23 22:00,2019-03-23 23:00,5.326,1.252,0,0,0.963
2019-03-23 23:00,2019-03-24 00:00,4.945,1.254,0,0,0.969
2019-03-24 00:00,2019-03-24 01:00,4.869,1.257,0,0,0.977
2019-03-24 01:00,2019-03-24 02:00,4.902,1.259,0,0,0.986
2019-03-24 02:00,2019-03-24 03:00,4.786,1.261,0,0,0.984
2019-03-24 03:00,2019-03-24 04:00,4.529,1.262,0,0,0.945
2019-03-24 04:00,2019-03-24 05:00,4.264,1.263,0,0,0.890
2019-03-24 05:00,2019-03-24 06:00,4.129,1.264,5.316,34.567,0.805
2019-03-24 06:00,2019-03-24 07:00,4.689,1.262,59.054,235.059,0.619
2019-03-24 07:00,2019-03-24 08:00,6.148,1.257,177.711,443.536,0.403
2019-03-24 08:00,2019-03-24 09:00,8.665,1.247,339.426,623.215,0.266
2019-03-24 09:00,2019-03-24 10:00,10.707,1.238,457.919,761.851,0.150
2019-03-24 10:00,2019-03-24 11:00,11.691,1.235,561.950,849.919,0.261
2019-03-24 11:00,2019-03-24 12:00,12.205,1.233,595.158,881.670,0.410
2019-03-24 12:00,2019-03-24 13:00,12.373,1.232,601.515,854.773,0.725
2019-03-24 13:00,2019-03-24 14:00,12.099,1.231,532.649,771.120,0.721
2019-03-24 14:00,2019-03-24 15:00,11.522,1.232,443.177,636.413,0.204
2019-03-24 15:00,2019-03-24 16:00,10.766,1.234,311.775,459.950,0.009
2019-03-24 16:00,2019-03-24 17:00,9.350,1.235,150.399,253.684,0
2019-03-24 17:00,2019-03-24 18:00,6.012,1.238,19.289,46.334,0
2019-03-24 18:00,2019-03-24 19:00,4.446,1.241,0,0,0
2019-03-24 19:00,2019-03-24 20:00,3.840,1.247,0,0,0
2019-03-24 20:00,2019-03-24 21:00,3.080,1.253,0,0,0
2019-03-24 21:00,2019-03-24 22:00,2.036,1.258,0,0,0.011
2019-03-24 22:00,2019-03-24 23:00,1.128,1.260,0,0,0.388
2019-03-24 23:00,2019-03-25 00:00,0.830,1.261,0,0,0.552
2019-03-25 00:00,2019-03-25 01:00,1.160,1.262,0,0,0.489
2019-03-25 01:00,2019-03-25 02:00,1.839,1.262,0,0,0.372
2019-03-25 02:00,2019-03-25 03:00,2.297,1.262,0,0,0.462
2019-03-25 03:00,2019-03-25 04:00,2.581,1.260,0,0,0.425
2019-03-25 04:00,2019-03-25 05:00,2.823,1.258,0,0,0.325
2019-03-25 05:00,2019-03-25 06:00,2.799,1.258,10.670,38.694,0.459
2019-03-25 06:00,2019-03-25 07:00,3.641,1.258,79.323,242.183,0.601
2019-03-25 07:00,2019-03-25 08:00,4.606,1.255,185.605,450.521,0.256
2019-03-25 08:00,2019-03-25 09:00,5.892,1.251,359.122,630.158,0.346
2019-03-25 09:00,2019-03-25 10:00,6.687,1.247,350.675,768.601,0.495
2019-03-25 10:00,2019-03-25 11:00,7.167,1.246,351.816,856.669,0.485
2019-03-25 11:00,2019-03-25 12:00,7.690,1.244,409.604,888.359,0.348
2019-03-25 12:00,2019-03-25 13:00,8.252,1.242,445.077,861.489,0.343
2019-03-25 13:00,2019-03-25 14:00,8.429,1.241,421.478,777.844,0.337
2019-03-25 14:00,2019-03-25 15:00,7.928,1.243,310.002,643.353,0.495
2019-03-25 15:00,2019-03-25 16:00,7.176,1.245,159.026,466.935,0.576
2019-03-25 16:00,2019-03-25 17:00,6.595,1.246,71.254,260.794,0.485
2019-03-25 17:00,2019-03-25 18:00,5.784,1.248,11.614,51.098,0.431
2019-03-25 18:00,2019-03-25 19:00,5.270,1.251,0,0,0.489
2019-03-25 19:00,2019-03-25 20:00,4.969,1.255,0,0,0.517
2019-03-25 20:00,2019-03-25 21:00,4.471,1.258,0,0,0.318
2019-03-25 21:00,2019-03-25 22:00,3.513,1.262,0,0,0.361
2019-03-25 22:00,2019-03-25 23:00,3.303,1.264,0,0,0.498
2019-03-25 23:00,2019-03-26 00:00,3.315,1.266,0,0,0.567
2019-03-26 00:00,2019-03-26 01:00,3.238,1.267,0,0,0.537
2019-03-26 01:00,2019-03-26 02:00,2.769,1.268,0,0,0.612
2019-03-26 02:00,2019-03-26 03:00,2.945,1.268,0,0,0.775
2019-03-26 03:00,2019-03-26 04:00,3.206,1.269,0,0,0.848
2019-03-26 04:00,2019-03-26 05:00,3.239,1.270,0,0,0.866
2019-03-26 05:00,2019-03-26 06:00,3.170,1.270,5.218,43.042,0.769
2019-03-26 06:00,2019-03-26 07:00,3.666,1.270,55.526,249.300,0.677
2019-03-26 07:00,2019-03-26 08:00,4.484,1.269,155.960,457.506,0.357
2019-03-26 08:00,2019-03-26 09:00,5.940,1.265,387.176,636.938,0.429
2019-03-26 09:00,2019-03-26 10:00,7.007,1.261,412.962,775.351,0.718
2019-03-26 10:00,2019-03-26 11:00,7.899,1.258,477.980,863.388,0.956
2019-03-26 11:00,2019-03-26 12:00,8.201,1.255,413.057,894.889,0.919
2019-03-26 12:00,2019-03-26 13:00,8.323,1.254,355.199,868.019,0.876
2019-03-26 13:00,2019-03-26 14:00,8.532,1.251,328.807,784.560,0.764
2019-03-26 14:00,2019-03-26 15:00,8.693,1.249,287.049,650.103,0.667
2019-03-26 15:00,2019-03-26 16:00,8.578,1.248,204.972,473.810,0.538
2019-03-26 16:00,2019-03-26 17:00,7.938,1.248,102.579,267.896,0.538
2019-03-26 17:00,2019-03-26 18:00,6.013,1.249,14.513,56.069,0.673
2019-03-26 18:00,2019-03-26 19:00,5.137,1.251,0,0,0.942
2019-03-26 19:00,2019-03-26 20:00,4.801,1.254,0,0,0.940
2019-03-26 20:00,2019-03-26 21:00,4.457,1.256,0,0,0.788
2019-03-26 21:00,2019-03-26 22:00,3.923,1.259,0,0,0.624
2019-03-26 22:00,2019-03-26 23:00,3.472,1.260,0,0,0.635
2019-03-26 23:00,2019-03-27 00:00,3.035,1.262,0,0,0.627
2019-03-27 00:00,2019-03-27 01:00,2.543,1.263,0,0,0.613
2019-03-27 01:00,2019-03-27 02:00,1.990,1.265,0,0,0.659
2019-03-27 02:00,2019-03-27 03:00,1.500,1.266,0,0,0.527
2019-03-27 03:00,2019-03-27 04:00,1.410,1.269,0,0,0.560
2019-03-27 04:00,2019-03-27 05:00,1.775,1.273,0,0,0.864
2019-03-27 05:00,2019-03-27 06:00,2.403,1.277,8.683,47.624,0.976
2019-03-27 06:00,2019-03-27 07:00,2.622,1.279,55.744,256.347,0.971
2019-03-27 07:00,2019-03-27 08:00,3.202,1.278,125.124,464.381,0.946
2019-03-27 08:00,2019-03-27 09:00,5.572,1.268,248.665,643.684,0.259
2019-03-27 09:00,2019-03-27 10:00,8.316,1.259,567.155,782.041,0.041
2019-03-27 10:00,2019-03-27 11:00,9.629,1.254,639.428,869.888,0.103
2019-03-27 11:00,2019-03-27 12:00,10.428,1.251,642.305,901.579,0.111
2019-03-27 12:00,2019-03-27 13:00,11.067,1.248,645.743,874.708,0.400
2019-03-27 13:00,2019-03-27 14:00,11.358,1.245,560.468,791.089,0.865
2019-03-27 14:00,2019-03-27 15:00,11.242,1.243,404.850,656.853,0.962
2019-03-27 15:00,2019-03-27 16:00,10.803,1.243,240.973,480.685,0.980
2019-03-27 16:00,2019-03-27 17:00,9.878,1.243,84.779,274.911,0.993
2019-03-27 17:00,2019-03-27 18:00,8.353,1.244,12.110,61.271,0.993
2019-03-27 18:00,2019-03-27 19:00,7.742,1.246,0,0,0.991
2019-03-27 19:00,2019-03-27 20:00,7.455,1.247,0,0,0.978
2019-03-27 20:00,2019-03-27 21:00,7.035,1.249,0,0,0.892
2019-03-27 21:00,2019-03-27 22:00,6.511,1.250,0,0,0.693
2019-03-27 22:00,2019-03-27 23:00,5.921,1.252,0,0,0.571
2019-03-27 23:00,2019-03-28 00:00,5.475,1.253,0,0,0.528
2019-03-28 00:00,2019-03-28 01:00,5.197,1.255,0,0,0.513
2019-03-28 01:00,2019-03-28 02:00,5.035,1.257,0,0,0.554
2019-03-28 02:00,2019-03-28 03:00,4.811,1.258,0,0,0.648
2019-03-28 03:00,2019-03-28 04:00,4.525,1.260,0,0,0.759
2019-03-28 04:00,2019-03-28 05:00,4.268,1.262,0,0,0.855
2019-03-28 05:00,2019-03-28 06:00,4.329,1.263,12.228,52.407,0.925
2019-03-28 06:00,2019-03-28 07:00,5.897,1.264,84.156,263.362,0.911
2019-03-28 07:00,2019-03-28 08:00,7.685,1.259,194.618,471.240,0.796
2019-03-28 08:00,2019-03-28 09:00,9.963,1.250,353.506,650.378,0.577
2019-03-28 09:00,2019-03-28 10:00,11.302,1.246,482.083,788.570,0.623
2019-03-28 10:00,2019-03-28 11:00,11.776,1.244,436.061,876.388,0.542
2019-03-28 11:00,2019-03-28 12:00,12.226,1.242,461.169,907.889,0.336
2019-03-28 12:00,2019-03-28 13:00,12.832,1.240,531.853,881.019,0.196
2019-03-28 13:00,2019-03-28 14:00,13.198,1.237,500.196,797.779,0.269
2019-03-28 14:00,2019-03-28 15:00,13.036,1.236,341.748,663.387,0.408
2019-03-28 15:00,2019-03-28 16:00,12.667,1.235,238.012,487.544,0.470
2019-03-28 16:00,2019-03-28 17:00,11.801,1.236,112.461,281.911,0.289
2019-03-28 17:00,2019-03-28 18:00,9.447,1.238,23.020,66.688,0.082
2019-03-28 18:00,2019-03-28 19:00,7.684,1.240,0,0,0.033
2019-03-28 19:00,2019-03-28 20:00,6.630,1.243,0,0,0.019
2019-03-28 20:00,2019-03-28 21:00,5.791,1.246,0,0,0.016
2019-03-28 21:00,2019-03-28 22:00,5.153,1.248,0,0,0.015
2019-03-28 22:00,2019-03-28 23:00,4.668,1.250,0,0,0.014
2019-03-28 23:00,2019-03-29 00:00,4.252,1.251,0,0,0.013
2019-03-29 00:00,2019-03-29 01:00,3.904,1.253,0,0,0.011
2019-03-29 01:00,2019-03-29 02:00,3.627,1.254,0,0,0.016
2019-03-29 02:00,2019-03-29 03:00,3.399,1.255,0,0,0.040
2019-03-29 03:00,2019-03-29 04:00,3.259,1.257,0,0,0.092
2019-03-29 04:00,2019-03-29 05:00,3.185,1.260,0,0,0.173
2019-03-29 05:00,2019-03-29 06:00,3.525,1.263,20.547,57.406,0.462
2019-03-29 06:00,2019-03-29 07:00,5.857,1.262,107.749,270.347,0.520
2019-03-29 07:00,2019-03-29 08:00,7.968,1.255,276.728,478.085,0.148
2019-03-29 08:00,2019-03-29 09:00,10.705,1.244,463.019,656.907,0.009
2019-03-29 09:00,2019-03-29 10:00,13.351,1.233,594.575,795.070,0.003
2019-03-29 10:00,2019-03-29 11:00,14.668,1.228,671.439,882.884,0.003
2019-03-29 11:00,2019-03-29 12:00,15.552,1.223,699.635,914.329,0.004
2019-03-29 12:00,2019-03-29 13:00,16.145,1.219,676.411,887.492,0.002
2019-03-29 13:00,2019-03-29 14:00,16.426,1.216,604.156,804.279,0.004
2019-03-29 14:00,2019-03-29 15:00,16.361,1.214,487.025,670.106,0.005
2019-03-29 15:00,2019-03-29 16:00,15.958,1.212,337.990,494.294,0.005
2019-03-29 16:00,2019-03-29 17:00,14.789,1.212,174.081,288.898,0.003
2019-03-29 17:00,2019-03-29 18:00,11.468,1.213,32.161,72.299,0.002
2019-03-29 18:00,2019-03-29 19:00,9.490,1.216,0,0,0.001
2019-03-29 19:00,2019-03-29 20:00,8.655,1.219,0,0,0.001
2019-03-29 20:00,2019-03-29 21:00,7.899,1.221,0,0,0
2019-03-29 21:00,2019-03-29 22:00,7.218,1.224,0,0,0
2019-03-29 22:00,2019-03-29 23:00,6.603,1.226,0,0,0
2019-03-29 23:00,2019-03-30 00:00,6.081,1.228,0,0,0
2019-03-30 00:00,2019-03-30 01:00,5.675,1.230,0,0,0
2019-03-30 01:00,2019-03-30 02:00,5.352,1.233,0,0,0
2019-03-30 02:00,2019-03-30 03:00,5.065,1.236,0,0,0
2019-03-30 03:00,2019-03-30 04:00,4.787,1.239,0,0,0
2019-03-30 04:00,2019-03-30 05:00,4.522,1.241,0,0,0
2019-03-30 05:00,2019-03-30 06:00,4.726,1.243,26.189,62.624,0
2019-03-30 06:00,2019-03-30 07:00,7.005,1.243,161.624,277.332,0
2019-03-30 07:00,2019-03-30 08:00,9.251,1.238,326.142,484.835,0
2019-03-30 08:00,2019-03-30 09:00,12.537,1.224,477.870,663.623,0
2019-03-30 09:00,2019-03-30 10:00,15.355,1.212,598.215,801.540,0
2019-03-30 10:00,2019-03-30 11:00,16.605,1.208,676.050,889.138,0
2019-03-30 11:00,2019-03-30 12:00,17.217,1.205,703.745,920.608,0.001
2019-03-30 12:00,2019-03-30 13:00,17.542,1.202,676.807,893.931,0.002
2019-03-30 13:00,2019-03-30 14:00,17.647,1.200,602.639,810.563,0.003
2019-03-30 14:00,2019-03-30 15:00,17.471,1.199,484.206,676.606,0.007
2019-03-30 15:00,2019-03-30 16:00,16.891,1.199,333.711,501.029,0.013
2019-03-30 16:00,2019-03-30 17:00,15.356,1.199,168.508,295.773,0.037
2019-03-30 17:00,2019-03-30 18:00,12.269,1.201,31.720,78.127,0.031
2019-03-30 18:00,2019-03-30 19:00,10.972,1.204,0,0,0.017
2019-03-30 19:00,2019-03-30 20:00,10.736,1.207,0,0,0.008
2019-03-30 20:00,2019-03-30 21:00,10.453,1.210,0,0,0.010
2019-03-30 21:00,2019-03-30 22:00,9.995,1.213,0,0,0.009
2019-03-30 22:00,2019-03-30 23:00,9.398,1.216,0,0,0.008
2019-03-30 23:00,2019-03-31 00:00,9.138,1.219,0,0,0.008
2019-03-31 00:00,2019-03-31 01:00,8.853,1.221,0,0,0.006
2019-03-31 01:00,2019-03-31 03:00,8.369,1.223,0,0,0.010
2019-03-31 02:00,2019-03-31 04:00,7.717,1.226,0,0,0.022
2019-03-31 03:00,2019-03-31 05:00,6.507,1.230,0,0,0.065
2019-03-31 04:00,2019-03-31 06:00,5.605,1.234,0,0,0.159
2019-03-31 05:00,2019-03-31 07:00,4.969,1.239,22.392,68.035,0.228
2019-03-31 06:00,2019-03-31 08:00,6.845,1.242,134.890,284.316,0.223
2019-03-31 07:00,2019-03-31 09:00,8.671,1.239,276.331,491.475,0.218
2019-03-31 08:00,2019-03-31 10:00,10.659,1.233,407.102,670.123,0.220
2019-03-31 09:00,2019-03-31 11:00,12.196,1.227,519.048,807.820,0.256
2019-03-31 10:00,2019-03-31 12:00,13.208,1.224,591.277,895.388,0.207
2019-03-31 11:00,2019-03-31 13:00,13.684,1.222,610.110,926.858,0.399
2019-03-31 12:00,2019-03-31 14:00,13.606,1.222,531.431,900.181,0.526
2019-03-31 13:00,2019-03-31 15:00,13.354,1.221,443.889,817.029,0.541
2019-03-31 14:00,2019-03-31 16:00,12.955,1.222,355.477,683.106,0.710
2019-03-31 15:00,2019-03-31 17:00,12.289,1.223,231.946,507.682,0.774
2019-03-31 16:00,2019-03-31 18:00,11.209,1.225,121.453,302.661,0.644
2019-03-31 17:00,2019-03-31 19:00,9.247,1.231,27.833,84.167,0.527
2019-03-31 18:00,2019-03-31 20:00,7.466,1.237,0,0,0.328
2019-03-31 19:00,2019-03-31 21:00,6.553,1.243,0,0,0.164
2019-03-31 20:00,2019-03-31 22:00,5.558,1.248,0,0,0.118
2019-03-31 21:00,2019-03-31 23:00,4.541,1.252,0,0,0.102
2019-03-31 22:00,2019-04-01 00:00,3.657,1.255,0,0,0.079
2019-03-31 23:00,2019-04-01 01:00,2.929,1.258,0,0,0.045
2019-04-01 00:00,2019-04-01 02:00,2.254,1.260,0,0,0.017
2019-04-01 01:00,2019-04-01 03:00,1.685,1.262,0,0,0.060
2019-04-01 02:00,2019-04-01 04:00,1.345,1.264,0,0,0.127
2019-04-01 03:00,2019-04-01 05:00,1.086,1.266,0,0,0.145
2019-04-01 04:00,2019-04-01 06:00,0.660,1.267,0,0,0.057
2019-04-01 05:00,2019-04-01 07:00,0.811,1.268,30.861,73.660,0.100
2019-04-01 06:00,2019-04-01 08:00,2.650,1.267,165.905,291.176,0.019
2019-04-01 07:00,2019-04-01 09:00,5.093,1.258,340.257,498.195,0
2019-04-01 08:00,2019-04-01 10:00,8.655,1.243,493.889,676.597,0
2019-04-01 09:00,2019-04-01 11:00,10.901,1.234,617.023,814.260,0
2019-04-01 10:00,2019-04-01 12:00,12.609,1.226,694.214,901.607,0
2019-04-01 11:00,2019-04-01 13:00,13.906,1.220,720.875,933.079,0
2019-04-01 12:00,2019-04-01 14:00,14.798,1.214,696.005,906.427,0
2019-04-01 13:00,2019-04-01 15:00,15.290,1.210,620.362,823.309,0.002
2019-04-01 14:00,2019-04-01 16:00,15.375,1.207,500.711,689.602,0.003
2019-04-01 15:00,2019-04-01 17:00,15.084,1.205,349.895,514.388,0.003
2019-04-01 16:00,2019-04-01 18:00,14.003,1.205,184.429,309.508,0.003
2019-04-01 17:00,2019-04-01 19:00,10.683,1.205,39.611,90.399,0.003
2019-04-01 18:00,2019-04-01 20:00,8.540,1.208,0,0,0.002
2019-04-01 19:00,2019-04-01 21:00,7.882,1.211,0,0,0.002
2019-04-01 20:00,2019-04-01 22:00,7.322,1.215,0,0,0.001
2019-04-01 21:00,2019-04-01 23:00,6.801,1.219,0,0,0.001
2019-04-01 22:00,2019-04-02 00:00,6.339,1.223,0,0,0
2019-04-01 23:00,2019-04-02 01:00,5.987,1.225,0,0,0
2019-04-02 00:00,2019-04-02 02:00,5.684,1.227,0,0,0.037
2019-04-02 01:00,2019-04-02 03:00,5.447,1.229,0,0,0.190
2019-04-02 02:00,2019-04-02 04:00,5.330,1.231,0,0,0.755
2019-04-02 03:00,2019-04-02 05:00,5.490,1.232,0,0,0.978
2019-04-02 04:00,2019-04-02 06:00,5.576,1.233,0,0,0.931
2019-04-02 05:00,2019-04-02 07:00,5.593,1.233,22.244,79.495,0.543
2019-04-02 06:00,2019-04-02 08:00,6.801,1.230,135.884,297.939,0.705
2019-04-02 07:00,2019-04-02 09:00,8.967,1.221,274.914,504.817,0.951
2019-04-02 08:00,2019-04-02 10:00,11.121,1.211,345.897,682.903,0.911
2019-04-02 09:00,2019-04-02 11:00,12.464,1.204,360.488,820.510,0.943
2019-04-02 10:00,2019-04-02 12:00,13.058,1.200,282.752,907.857,0.985
2019-04-02 11:00,2019-04-02 13:00,13.334,1.197,248.457,939.298,0.989
2019-04-02 12:00,2019-04-02 14:00,13.562,1.195,237.847,912.461,0.953
2019-04-02 13:00,2019-04-02 15:00,13.636,1.194,245.405,829.532,0.935
2019-04-02 14:00,2019-04-02 16:00,13.360,1.194,188.132,695.856,0.894
2019-04-02 15:00,2019-04-02 17:00,13.421,1.193,217.244,520.905,0.888
2019-04-02 16:00,2019-04-02 18:00,12.705,1.193,105.593,316.367,0.953
2019-04-02 17:00,2019-04-02 19:00,11.271,1.195,18.153,96.845,0.979
2019-04-02 18:00,2019-04-02 20:00,10.470,1.199,0,0,0.990
2019-04-02 19:00,2019-04-02 21:00,9.913,1.202,0,0,0.990
2019-04-02 20:00,2019-04-02 22:00,9.510,1.205,0,0,0.993
2019-04-02 21:00,2019-04-02 23:00,8.988,1.208,0,0,0.994
2019-04-02 22:00,2019-04-03 00:00,8.281,1.211,0,0,0.987
2019-04-02 23:00,2019-04-03 01:00,7.430,1.214,0,0,0.987
2019-04-03 00:00,2019-04-03 02:00,6.676,1.216,0,0,0.992
2019-04-03 01:00,2019-04-03 03:00,6.135,1.218,0,0,0.993
2019-04-03 02:00,2019-04-03 04:00,5.758,1.219,0,0,0.996
2019-04-03 03:00,2019-04-03 05:00,5.717,1.220,0,0,0.996
2019-04-03 04:00,2019-04-03 06:00,5.718,1.220,0,0,0.997
2019-04-03 05:00,2019-04-03 07:00,5.788,1.222,6.879,85.526,0.997
2019-04-03 06:00,2019-04-03 08:00,6.336,1.222,30.815,304.799,0.997
2019-04-03 07:00,2019-04-03 09:00,6.681,1.222,70.075,511.304,0.996
2019-04-03 08:00,2019-04-03 10:00,7.193,1.221,131.853,689.343,0.995
2019-04-03 09:00,2019-04-03 11:00,7.970,1.218,223.824,826.540,0.985
2019-04-03 10:00,2019-04-03 12:00,9.141,1.215,412.382,913.857,0.856
2019-04-03 11:00,2019-04-03 13:00,10.074,1.212,530.480,945.298,0.660
2019-04-03 12:00,2019-04-03 14:00,10.232,1.211,446.352,918.651,0.898
2019-04-03 13:00,2019-04-03 15:00,9.456,1.212,235.647,835.748,0.982
2019-04-03 14:00,2019-04-03 16:00,8.700,1.213,141.191,702.325,0.993
2019-04-03 15:00,2019-04-03 17:00,8.105,1.214,91.248,527.405,0.994
2019-04-03 16:00,2019-04-03 18:00,7.272,1.216,42.177,323.117,0.993
2019-04-03 17:00,2019-04-03 19:00,6.198,1.218,9.402,103.455,0.993
2019-04-03 18:00,2019-04-03 20:00,5.457,1.221,0,0,0.991
2019-04-03 19:00,2019-04-03 21:00,5.114,1.222,0,0,0.991
2019-04-03 20:00,2019-04-03 22:00,4.955,1.224,0,0,0.991
2019-04-03 21:00,2019-04-03 23:00,4.771,1.224,0,0,0.990
2019-04-03 22:00,2019-04-04 00:00,4.370,1.224,0,0,0.991
2019-04-03 23:00,2019-04-04 01:00,3.961,1.225,0,0,0.991
2019-04-04 00:00,2019-04-04 02:00,3.184,1.225,0,0,0.947
2019-04-04 01:00,2019-04-04 03:00,2.647,1.227,0,0,0.968
2019-04-04 02:00,2019-04-04 04:00,2.963,1.227,0,0,0.983
2019-04-04 03:00,2019-04-04 05:00,2.876,1.227,0,0,0.984
2019-04-04 04:00,2019-04-04 06:00,2.611,1.227,0,0,0.982
2019-04-04 05:00,2019-04-04 07:00,2.829,1.227,16.625,91.740,0.987
2019-04-04 06:00,2019-04-04 08:00,4.183,1.227,62.698,311.521,0.991
2019-04-04 07:00,2019-04-04 09:00,4.741,1.227,89.667,517.804,0.992
2019-04-04 08:00,2019-04-04 10:00,5.218,1.226,130.220,695.593,0.992
2019-04-04 09:00,2019-04-04 11:00,5.496,1.226,159.260,832.759,0.991
2019-04-04 10:00,2019-04-04 12:00,5.564,1.226,164.273,919.857,0.991
2019-04-04 11:00,2019-04-04 13:00,5.724,1.226,176.067,951.271,0.976
2019-04-04 12:00,2019-04-04 14:00,6.272,1.225,250.541,924.651,0.857
2019-04-04 13:00,2019-04-04 15:00,6.897,1.223,307.937,841.778,0.988
2019-04-04 14:00,2019-04-04 16:00,6.866,1.222,195.058,708.571,0.987
2019-04-04 15:00,2019-04-04 17:00,6.971,1.221,204.616,533.901,0.816
2019-04-04 16:00,2019-04-04 18:00,6.742,1.222,120.186,329.757,0.984
2019-04-04 17:00,2019-04-04 19:00,5.380,1.223,21.202,110.249,0.991
2019-04-04 18:00,2019-04-04 20:00,4.503,1.225,0.002,0.034,0.992
2019-04-04 19:00,2019-04-04 21:00,4.244,1.227,0,0,0.992
2019-04-04 20:00,2019-04-04 22:00,4.089,1.229,0,0,0.992
2019-04-04 21:00,2019-04-04 23:00,3.772,1.229,0,0,0.992
2019-04-04 22:00,2019-04-05 00:00,3.521,1.230,0,0,0.993
2019-04-04 23:00,2019-04-05 01:00,3.271,1.231,0,0,0.969
2019-04-05 00:00,2019-04-05 02:00,2.813,1.232,0,0,0.856
2019-04-05 01:00,2019-04-05 03:00,2.670,1.233,0,0,0.904
2019-04-05 02:00,2019-04-05 04:00,3.077,1.233,0,0,0.898
2019-04-05 03:00,2019-04-05 05:00,3.008,1.234,0,0,0.958
2019-04-05 04:00,2019-04-05 06:00,2.640,1.235,0,0.001,0.975
2019-04-05 05:00,2019-04-05 07:00,2.595,1.236,25.717,98.142,0.965
2019-04-05 06:00,2019-04-05 08:00,4.285,1.237,133.448,318.161,0.900
2019-04-05 07:00,2019-04-05 09:00,5.963,1.233,292.163,524.300,0.743
2019-04-05 08:00,2019-04-05 10:00,7.545,1.229,450.268,701.816,0.596
2019-04-05 09:00,2019-04-05 11:00,8.970,1.224,574.524,838.759,0.453
2019-04-05 10:00,2019-04-05 12:00,9.645,1.221,537.084,925.826,0.543
2019-04-05 11:00,2019-04-05 13:00,9.708,1.219,416.741,957.078,0.661
2019-04-05 12:00,2019-04-05 14:00,9.626,1.217,342.616,930.457,0.710
2019-04-05 13:00,2019-04-05 15:00,9.540,1.216,282.259,847.778,0.735
2019-04-05 14:00,2019-04-05 16:00,9.427,1.215,212.531,714.575,0.768
2019-04-05 15:00,2019-04-05 17:00,9.210,1.215,148.667,540.155,0.809
2019-04-05 16:00,2019-04-05 18:00,8.746,1.215,80.956,336.382,0.874
2019-04-05 17:00,2019-04-05 19:00,7.639,1.217,22.681,117.105,0.956
2019-04-05 18:00,2019-04-05 20:00,6.416,1.219,0.016,0.164,0.976
2019-04-05 19:00,2019-04-05 21:00,6.043,1.222,0,0,0.976
2019-04-05 20:00,2019-04-05 22:00,5.829,1.223,0,0,0.977
2019-04-05 21:00,2019-04-05 23:00,5.565,1.224,0,0,0.973
2019-04-05 22:00,2019-04-06 00:00,5.082,1.223,0,0,0.967
2019-04-05 23:00,2019-04-06 01:00,4.555,1.224,0,0,0.964
2019-04-06 00:00,2019-04-06 02:00,4.109,1.224,0,0,0.962
2019-04-06 01:00,2019-04-06 03:00,3.717,1.225,0,0,0.965
2019-04-06 02:00,2019-04-06 04:00,3.450,1.227,0,0,0.969
2019-04-06 03:00,2019-04-06 05:00,3.388,1.229,0,0,0.975
2019-04-06 04:00,2019-04-06 06:00,3.425,1.232,0.001,0.008,0.981
2019-04-06 05:00,2019-04-06 07:00,4.120,1.234,27.919,104.720,0.986
2019-04-06 06:00,2019-04-06 08:00,5.525,1.232,118.873,324.784,0.966
2019-04-06 07:00,2019-04-06 09:00,7.793,1.223,300.533,530.550,0.934
2019-04-06 08:00,2019-04-06 10:00,10.310,1.213,453.256,707.872,0.889
2019-04-06 09:00,2019-04-06 11:00,11.950,1.207,521.141,844.759,0.794
2019-04-06 10:00,2019-04-06 12:00,13.294,1.202,631.662,931.766,0.710
2019-04-06 11:00,2019-04-06 13:00,14.445,1.197,681.839,963.017,0.794
2019-04-06 12:00,2019-04-06 14:00,15.335,1.193,666.575,936.396,0.909
2019-04-06 13:00,2019-04-06 15:00,15.872,1.189,593.635,853.751,0.935
2019-04-06 14:00,2019-04-06 16:00,16.004,1.187,471.480,720.821,0.946
2019-04-06 15:00,2019-04-06 17:00,15.681,1.186,301.211,546.625,0.960
2019-04-06 16:00,2019-04-06 18:00,14.795,1.186,136.465,342.992,0.949
2019-04-06 17:00,2019-04-06 19:00,12.621,1.186,37.404,123.968,0.950
2019-04-06 18:00,2019-04-06 20:00,11.001,1.187,0.077,0.470,0.961
2019-04-06 19:00,2019-04-06 21:00,10.699,1.189,0,0,0.971
2019-04-06 20:00,2019-04-06 22:00,10.442,1.190,0,0,0.972
2019-04-06 21:00,2019-04-06 23:00,10.164,1.192,0,0,0.971
2019-04-06 22:00,2019-04-07 00:00,9.753,1.195,0,0,0.964
2019-04-06 23:00,2019-04-07 01:00,9.231,1.198,0,0,0.941
2019-04-07 00:00,2019-04-07 02:00,8.495,1.200,0,0,0.938
2019-04-07 01:00,2019-04-07 03:00,7.831,1.202,0,0,0.927
2019-04-07 02:00,2019-04-07 04:00,7.172,1.204,0,0,0.872
2019-04-07 03:00,2019-04-07 05:00,6.623,1.206,0,0,0.760
2019-04-07 04:00,2019-04-07 06:00,6.208,1.209,0.011,0.055,0.708
2019-04-07 05:00,2019-04-07 07:00,6.774,1.213,44.065,111.448,0.660
2019-04-07 06:00,2019-04-07 08:00,8.935,1.213,180.221,331.395,0.668
2019-04-07 07:00,2019-04-07 09:00,10.934,1.208,338.755,537.019,0.622
2019-04-07 08:00,2019-04-07 10:00,13.674,1.198,509.885,714.062,0.487
2019-04-07 09:00,2019-04-07 11:00,15.822,1.190,631.232,850.698,0.321
2019-04-07 10:00,2019-04-07 12:00,17.111,1.185,709.221,937.516,0.154
2019-04-07 11:00,2019-04-07 13:00,17.944,1.182,735.925,968.767,0.088
2019-04-07 12:00,2019-04-07 14:00,18.401,1.179,706.945,942.146,0.088
2019-04-07 13:00,2019-04-07 15:00,18.500,1.178,622.793,859.528,0.105
2019-04-07 14:00,2019-04-07 16:00,18.316,1.177,494.904,726.821,0.157
2019-04-07 15:00,2019-04-07 17:00,17.832,1.177,334.812,552.875,0.437
2019-04-07 16:00,2019-04-07 18:00,16.652,1.178,155.440,349.586,0.404
2019-04-07 17:00,2019-04-07 19:00,14.361,1.180,45.110,130.781,0.491
2019-04-07 18:00,2019-04-07 20:00,12.497,1.183,0.155,0.994,0.457
2019-04-07 19:00,2019-04-07 21:00,11.637,1.186,0,0,0.411
2019-04-07 20:00,2019-04-07 22:00,10.982,1.189,0,0,0.356
2019-04-07 21:00,2019-04-07 23:00,10.380,1.192,0,0,0.344
2019-04-07 22:00,2019-04-08 00:00,9.785,1.196,0,0,0.458
2019-04-07 23:00,2019-04-08 01:00,9.298,1.198,0,0,0.640
2019-04-08 00:00,2019-04-08 02:00,8.891,1.201,0,0,0.749
2019-04-08 01:00,2019-04-08 03:00,8.453,1.203,0,0,0.777
2019-04-08 02:00,2019-04-08 04:00,8.002,1.206,0,0,0.797
2019-04-08 03:00,2019-04-08 05:00,7.388,1.209,0,0,0.838
2019-04-08 04:00,2019-04-08 06:00,6.806,1.213,0.039,0.211,0.879
2019-04-08 05:00,2019-04-08 07:00,7.137,1.216,40.936,118.226,0.892
2019-04-08 06:00,2019-04-08 08:00,9.207,1.218,159.082,337.893,0.904
2019-04-08 07:00,2019-04-08 09:00,11.110,1.213,315.514,543.269,0.879
2019-04-08 08:00,2019-04-08 10:00,13.878,1.203,473.149,720.062,0.851
2019-04-08 09:00,2019-04-08 11:00,15.822,1.195,535.694,856.475,0.798
2019-04-08 10:00,2019-04-08 12:00,16.795,1.191,538.041,943.266,0.849
2019-04-08 11:00,2019-04-08 13:00,17.157,1.189,508.857,974.267,0.911
2019-04-08 12:00,2019-04-08 14:00,17.027,1.188,390.748,947.870,0.966
2019-04-08 13:00,2019-04-08 15:00,16.595,1.188,255.878,865.467,0.985
2019-04-08 14:00,2019-04-08 16:00,16.241,1.188,186.252,732.794,0.948
2019-04-08 15:00,2019-04-08 17:00,15.882,1.189,135.419,559.120,0.815
2019-04-08 16:00,2019-04-08 18:00,15.238,1.190,87.120,355.992,0.731
2019-04-08 17:00,2019-04-08 19:00,14.104,1.192,27.359,137.579,0.771
2019-04-08 18:00,2019-04-08 20:00,13.226,1.195,0.164,1.738,0.878
2019-04-08 19:00,2019-04-08 21:00,12.488,1.197,0,0,0.916
2019-04-08 20:00,2019-04-08 22:00,11.612,1.200,0,0,0.973
2019-04-08 21:00,2019-04-08 23:00,10.955,1.202,0,0,0.973
2019-04-08 22:00,2019-04-09 00:00,10.309,1.204,0,0,0.971
2019-04-08 23:00,2019-04-09 01:00,9.970,1.207,0,0,0.966
2019-04-09 00:00,2019-04-09 02:00,9.609,1.209,0,0,0.962
2019-04-09 01:00,2019-04-09 03:00,9.119,1.212,0,0,0.961
2019-04-09 02:00,2019-04-09 04:00,8.721,1.214,0,0,0.962
2019-04-09 03:00,2019-04-09 05:00,8.304,1.217,0,0,0.967
2019-04-09 04:00,2019-04-09 06:00,7.784,1.220,0.075,0.548,0.971
2019-04-09 05:00,2019-04-09 07:00,7.747,1.222,29.408,125.006,0.976
2019-04-09 06:00,2019-04-09 08:00,8.670,1.222,103.815,344.378,0.977
2019-04-09 07:00,2019-04-09 09:00,9.889,1.219,204.310,549.273,0.980
2019-04-09 08:00,2019-04-09 10:00,11.401,1.213,304.728,726.035,0.984
2019-04-09 09:00,2019-04-09 11:00,12.834,1.208,395.442,862.198,0.988
2019-04-09 10:00,2019-04-09 12:00,13.969,1.203,449.140,948.795,0.988
2019-04-09 11:00,2019-04-09 13:00,14.765,1.200,469.353,979.986,0.974
2019-04-09 12:00,2019-04-09 14:00,15.254,1.197,453.530,953.399,0.959
2019-04-09 13:00,2019-04-09 15:00,15.427,1.195,408.733,871.190,0.947
2019-04-09 14:00,2019-04-09 16:00,15.310,1.195,336.170,738.794,0.953
2019-04-09 15:00,2019-04-09 17:00,14.905,1.194,235.573,565.154,0.968
2019-04-09 16:00,2019-04-09 18:00,13.954,1.196,132.337,362.476,0.975
2019-04-09 17:00,2019-04-09 19:00,12.168,1.199,38.513,144.321,0.984
2019-04-09 18:00,2019-04-09 20:00,10.655,1.206,0.400,2.693,0.992
2019-04-09 19:00,2019-04-09 21:00,9.762,1.212,0,0,0.993
2019-04-09 20:00,2019-04-09 22:00,8.899,1.218,0,0,0.992
2019-04-09 21:00,2019-04-09 23:00,8.188,1.221,0,0,0.984
2019-04-09 22:00,2019-04-10 00:00,7.613,1.224,0,0,0.952
2019-04-09 23:00,2019-04-10 01:00,7.017,1.226,0,0,0.898
2019-04-10 00:00,2019-04-10 02:00,6.280,1.229,0,0,0.745
2019-04-10 01:00,2019-04-10 03:00,5.381,1.232,0,0,0.644
2019-04-10 02:00,2019-04-10 04:00,4.443,1.236,0,0,0.719
2019-04-10 03:00,2019-04-10 05:00,3.695,1.241,0,0,0.776
2019-04-10 04:00,2019-04-10 06:00,3.040,1.246,0.235,1.107,0.803
2019-04-10 05:00,2019-04-10 07:00,3.087,1.250,51.226,131.738,0.783
2019-04-10 06:00,2019-04-10 08:00,4.255,1.248,197.125,350.861,0.763
2019-04-10 07:00,2019-04-10 09:00,6.635,1.240,371.304,555.519,0.675
2019-04-10 08:00,2019-04-10 10:00,8.891,1.232,530.161,731.785,0.557
2019-04-10 09:00,2019-04-10 11:00,10.571,1.226,653.281,867.948,0.499
2019-04-10 10:00,2019-04-10 12:00,11.719,1.222,736.369,954.295,0.444
2019-04-10 11:00,2019-04-10 13:00,12.434,1.219,768.572,985.486,0.350
2019-04-10 12:00,2019-04-10 14:00,12.806,1.217,746.461,958.899,0.196
2019-04-10 13:00,2019-04-10 15:00,12.867,1.216,675.751,876.747,0.064
2019-04-10 14:00,2019-04-10 16:00,12.548,1.217,558.751,744.544,0.026
2019-04-10 15:00,2019-04-10 17:00,11.805,1.218,408.296,571.344,0.007
2019-04-10 16:00,2019-04-10 18:00,10.606,1.221,239.048,368.838,0.002
2019-04-10 17:00,2019-04-10 19:00,8.501,1.226,77.911,151.001,0.001
2019-04-10 18:00,2019-04-10 20:00,5.824,1.233,1.030,3.853,0
2019-04-10 19:00,2019-04-10 21:00,4.692,1.241,0,0,0
2019-04-10 20:00,2019-04-10 22:00,3.603,1.247,0,0,0
2019-04-10 21:00,2019-04-10 23:00,2.657,1.251,0,0,0
2019-04-10 22:00,2019-04-11 00:00,1.859,1.254,0,0,0
2019-04-10 23:00,2019-04-11 01:00,1.206,1.257,0,0,0
2019-04-11 00:00,2019-04-11 02:00,0.654,1.258,0,0,0
2019-04-11 01:00,2019-04-11 03:00,0.273,1.260,0,0,0
2019-04-11 02:00,2019-04-11 04:00,-0.213,1.262,0,0,0
2019-04-11 03:00,2019-04-11 05:00,-0.741,1.265,0,0,0
2019-04-11 04:00,2019-04-11 06:00,-1.277,1.268,0.463,1.877,0.022
2019-04-11 05:00,2019-04-11 07:00,-0.062,1.270,69.848,138.424,0.088
2019-04-11 06:00,2019-04-11 08:00,2.404,1.267,227.562,357.113,0.009
2019-04-11 07:00,2019-04-11 09:00,5.442,1.256,403.768,561.519,0.001
2019-04-11 08:00,2019-04-11 10:00,7.819,1.247,557.531,737.535,0.002
2019-04-11 09:00,2019-04-11 11:00,8.996,1.244,677.534,873.478,0.002
2019-04-11 10:00,2019-04-11 12:00,9.889,1.241,754.974,959.795,0.002
2019-04-11 11:00,2019-04-11 13:00,10.578,1.238,782.473,990.736,0.001
2019-04-11 12:00,2019-04-11 14:00,11.017,1.235,756.496,964.395,0
2019-04-11 13:00,2019-04-11 15:00,11.129,1.234,681.014,882.247,0.003
2019-04-11 14:00,2019-04-11 16:00,10.854,1.233,560.203,750.294,0.011
2019-04-11 15:00,2019-04-11 17:00,10.207,1.234,407.029,577.344,0.058
2019-04-11 16:00,2019-04-11 18:00,9.156,1.236,232.669,375.088,0.102
2019-04-11 17:00,2019-04-11 19:00,7.178,1.240,74.592,157.627,0.135
2019-04-11 18:00,2019-04-11 20:00,4.607,1.246,1.326,5.228,0.109
2019-04-11 19:00,2019-04-11 21:00,3.629,1.252,0,0,0.064
2019-04-11 20:00,2019-04-11 22:00,2.689,1.256,0,0,0.035
2019-04-11 21:00,2019-04-11 23:00,1.797,1.260,0,0,0.031
2019-04-11 22:00,2019-04-12 00:00,1.053,1.262,0,0,0.030
2019-04-11 23:00,2019-04-12 01:00,0.436,1.264,0,0,0.042
2019-04-12 00:00,2019-04-12 02:00,-0.083,1.266,0,0,0.070
2019-04-12 01:00,2019-04-12 03:00,-0.536,1.268,0,0,0.088
2019-04-12 02:00,2019-04-12 04:00,-0.938,1.269,0,0,0.111
2019-04-12 03:00,2019-04-12 05:00,-1.295,1.271,0,0,0.156
2019-04-12 04:00,2019-04-12 06:00,-1.463,1.272,0.672,2.849,0.230
2019-04-12 05:00,2019-04-12 07:00,-0.034,1.273,66.020,145.041,0.253
2019-04-12 06:00,2019-04-12 08:00,2.457,1.270,210.320,363.472,0.156
2019-04-12 07:00,2019-04-12 09:00,4.593,1.262,379.406,567.492,0.165
2019-04-12 08:00,2019-04-12 10:00,5.725,1.259,482.844,743.281,0.209
2019-04-12 09:00,2019-04-12 11:00,6.393,1.258,557.999,878.974,0.340
2019-04-12 10:00,2019-04-12 12:00,6.943,1.256,614.840,965.235,0.322
2019-04-12 11:00,2019-04-12 13:00,7.264,1.254,600.082,996.210,0.354
2019-04-12 12:00,2019-04-12 14:00,7.430,1.253,583.968,969.649,0.294
2019-04-12 13:00,2019-04-12 15:00,7.366,1.252,529.327,887.720,0.315
2019-04-12 14:00,2019-04-12 16:00,6.999,1.252,421.607,756.013,0.342
2019-04-12 15:00,2019-04-12 17:00,6.468,1.253,316.192,583.124,0.418
2019-04-12 16:00,2019-04-12 18:00,5.642,1.254,176.238,381.351,0.437
2019-04-12 17:00,2019-04-12 19:00,4.420,1.257,61.474,164.188,0.378
2019-04-12 18:00,2019-04-12 20:00,2.515,1.261,1.434,6.810,0.361
2019-04-12 19:00,2019-04-12 21:00,1.851,1.266,0,0,0.383
2019-04-12 20:00,2019-04-12 22:00,1.300,1.269,0,0,0.417
2019-04-12 21:00,2019-04-12 23:00,0.878,1.271,0,0,0.449
2019-04-12 22:00,2019-04-13 00:00,0.533,1.272,0,0,0.397
2019-04-12 23:00,2019-04-13 01:00,-0.073,1.274,0,0,0.348
2019-04-13 00:00,2019-04-13 02:00,-0.639,1.275,0,0,0.314
2019-04-13 01:00,2019-04-13 03:00,-1.113,1.276,0,0,0.342
2019-04-13 02:00,2019-04-13 04:00,-1.354,1.278,0,0,0.371
2019-04-13 03:00,2019-04-13 05:00,-1.651,1.279,0,0,0.341
2019-04-13 04:00,2019-04-13 06:00,-1.998,1.281,0.750,4.028,0.358
2019-04-13 05:00,2019-04-13 07:00,-0.951,1.283,53.566,151.589,0.495
2019-04-13 06:00,2019-04-13 08:00,0.672,1.279,165.338,369.707,0.403
2019-04-13 07:00,2019-04-13 09:00,2.405,1.273,297.389,573.488,0.380
2019-04-13 08:00,2019-04-13 10:00,3.541,1.268,368.924,749.031,0.410
2019-04-13 09:00,2019-04-13 11:00,4.390,1.265,441.505,884.417,0.430
2019-04-13 10:00,2019-04-13 12:00,5.044,1.262,475.979,970.514,0.446
2019-04-13 11:00,2019-04-13 13:00,5.566,1.259,494.862,1001.455,0.493
2019-04-13 12:00,2019-04-13 14:00,5.910,1.257,468.894,975.089,0.524
2019-04-13 13:00,2019-04-13 15:00,5.976,1.256,418.538,893.220,0.547
2019-04-13 14:00,2019-04-13 16:00,5.721,1.255,322.268,761.513,0.571
2019-04-13 15:00,2019-04-13 17:00,5.278,1.256,219.841,589.094,0.615
2019-04-13 16:00,2019-04-13 18:00,4.711,1.257,131.727,387.572,0.586
2019-04-13 17:00,2019-04-13 19:00,3.744,1.259,51.086,170.689,0.474
2019-04-13 18:00,2019-04-13 20:00,1.989,1.262,1.597,8.584,0.389
2019-04-13 19:00,2019-04-13 21:00,1.001,1.266,0,0,0.384
2019-04-13 20:00,2019-04-13 22:00,0.461,1.269,0,0,0.456
2019-04-13 21:00,2019-04-13 23:00,0.009,1.272,0,0,0.510
2019-04-13 22:00,2019-04-14 00:00,-0.195,1.273,0,0,0.497
2019-04-13 23:00,2019-04-14 01:00,-0.482,1.273,0,0,0.447
2019-04-14 00:00,2019-04-14 02:00,-0.891,1.274,0,0,0.381
2019-04-14 01:00,2019-04-14 03:00,-1.195,1.274,0,0,0.365
2019-04-14 02:00,2019-04-14 04:00,-1.380,1.275,0,0,0.397
2019-04-14 03:00,2019-04-14 05:00,-1.451,1.276,0,0,0.409
2019-04-14 04:00,2019-04-14 06:00,-1.621,1.277,1.040,5.412,0.430
2019-04-14 05:00,2019-04-14 07:00,-0.465,1.276,56.633,158.089,0.455
2019-04-14 06:00,2019-04-14 08:00,1.604,1.272,180.895,375.832,0.331
2019-04-14 07:00,2019-04-14 09:00,3.832,1.264,340.056,579.238,0.264
2019-04-14 08:00,2019-04-14 10:00,5.954,1.256,491.217,754.531,0.202
2019-04-14 09:00,2019-04-14 11:00,7.588,1.251,612.759,889.724,0.158
2019-04-14 10:00,2019-04-14 12:00,8.882,1.246,691.085,975.730,0.225
2019-04-14 11:00,2019-04-14 13:00,9.651,1.243,677.827,1006.516,0.314
2019-04-14 12:00,2019-04-14 14:00,9.996,1.240,626.119,980.145,0.360
2019-04-14 13:00,2019-04-14 15:00,10.090,1.239,561.599,898.470,0.279
2019-04-14 14:00,2019-04-14 16:00,10.033,1.238,486.673,767.043,0.212
2019-04-14 15:00,2019-04-14 17:00,9.675,1.237,374.784,594.874,0.128
2019-04-14 16:00,2019-04-14 18:00,8.803,1.239,224.316,393.682,0.183
2019-04-14 17:00,2019-04-14 19:00,7.047,1.243,71.638,177.126,0.181
2019-04-14 18:00,2019-04-14 20:00,4.584,1.250,2.512,10.548,0.127
2019-04-14 19:00,2019-04-14 21:00,3.348,1.256,0,0,0.068
2019-04-14 20:00,2019-04-14 22:00,2.344,1.260,0,0,0.055
2019-04-14 21:00,2019-04-14 23:00,1.474,1.263,0,0,0.045
2019-04-14 22:00,2019-04-15 00:00,0.811,1.264,0,0,0.034
2019-04-14 23:00,2019-04-15 01:00,0.313,1.265,0,0,0.048
2019-04-15 00:00,2019-04-15 02:00,-0.057,1.265,0,0,0.042
2019-04-15 01:00,2019-04-15 03:00,-0.277,1.265,0,0,0.121
2019-04-15 02:00,2019-04-15 04:00,-0.222,1.265,0,0,0.194
2019-04-15 03:00,2019-04-15 05:00,-0.113,1.265,0,0,0.249
2019-04-15 04:00,2019-04-15 06:00,-0.107,1.264,1.560,6.994,0.253
2019-04-15 05:00,2019-04-15 07:00,1.403,1.264,67.428,164.526,0.273
2019-04-15 06:00,2019-04-15 08:00,4.501,1.261,204.226,381.955,0.283
2019-04-15 07:00,2019-04-15 09:00,6.868,1.253,365.595,584.988,0.123
2019-04-15 08:00,2019-04-15 10:00,9.151,1.244,526.643,760.004,0.088
2019-04-15 09:00,2019-04-15 11:00,11.348,1.235,651.846,894.947,0.018
2019-04-15 10:00,2019-04-15 12:00,13.377,1.226,747.728,980.764,0.016
2019-04-15 11:00,2019-04-15 13:00,14.788,1.218,775.146,1011.705,0.028
2019-04-15 12:00,2019-04-15 14:00,15.620,1.213,742.015,985.365,0.022
2019-04-15 13:00,2019-04-15 15:00,16.101,1.209,677.629,903.716,0.007
2019-04-15 14:00,2019-04-15 16:00,16.183,1.206,568.375,772.543,0.003
2019-04-15 15:00,2019-04-15 17:00,15.845,1.204,418.959,600.597,0.002
2019-04-15 16:00,2019-04-15 18:00,14.890,1.204,253.382,399.697,0.001
2019-04-15 17:00,2019-04-15 19:00,12.477,1.207,93.768,183.549,0
2019-04-15 18:00,2019-04-15 20:00,9.791,1.212,3.791,12.713,0
2019-04-15 19:00,2019-04-15 21:00,8.990,1.220,0,0,0
2019-04-15 20:00,2019-04-15 22:00,8.064,1.227,0,0,0
2019-04-15 21:00,2019-04-15 23:00,7.098,1.232,0,0,0
2019-04-15 22:00,2019-04-16 00:00,6.307,1.235,0,0,0
2019-04-15 23:00,2019-04-16 01:00,5.602,1.239,0,0,0
2019-04-16 00:00,2019-04-16 02:00,4.949,1.241,0,0,0
2019-04-16 01:00,2019-04-16 03:00,4.334,1.244,0,0,0
2019-04-16 02:00,2019-04-16 04:00,3.792,1.246,0,0,0
2019-04-16 03:00,2019-04-16 05:00,3.323,1.247,0,0,0
2019-04-16 04:00,2019-04-16 06:00,2.873,1.248,2.554,8.763,0
2019-04-16 05:00,2019-04-16 07:00,4.036,1.248,89.033,170.947,0
2019-04-16 06:00,2019-04-16 08:00,6.203,1.243,251.333,387.955,0
2019-04-16 07:00,2019-04-16 09:00,9.128,1.232,420.380,590.738,0
2019-04-16 08:00,2019-04-16 10:00,12.535,1.218,571.447,765.500,0.049
2019-04-16 09:00,2019-04-16 11:00,14.541,1.210,688.440,900.197,0.149
2019-04-16 10:00,2019-04-16 12:00,15.877,1.205,762.525,985.954,0.106
2019-04-16 11:00,2019-04-16 13:00,16.786,1.201,785.437,1016.679,0.232
2019-04-16 12:00,2019-04-16 14:00,17.335,1.198,746.292,990.365,0.496
2019-04-16 13:00,2019-04-16 15:00,17.507,1.196,644.864,908.940,0.726
2019-04-16 14:00,2019-04-16 16:00,17.196,1.195,480.451,777.983,0.886
2019-04-16 15:00,2019-04-16 17:00,16.209,1.197,255.737,606.313,0.978
2019-04-16 16:00,2019-04-16 18:00,14.687,1.200,107.237,405.697,0.993
2019-04-16 17:00,2019-04-16 19:00,12.786,1.205,31.836,189.862,0.992
2019-04-16 18:00,2019-04-16 20:00,11.116,1.210,1.623,15.068,0.992
2019-04-16 19:00,2019-04-16 21:00,10.254,1.214,0,0,0.993
2019-04-16 20:00,2019-04-16 22:00,9.644,1.217,0,0,0.992
2019-04-16 21:00,2019-04-16 23:00,9.087,1.219,0,0,0.953
2019-04-16 22:00,2019-04-17 00:00,8.493,1.221,0,0,0.756
2019-04-16 23:00,2019-04-17 01:00,7.928,1.222,0,0,0.781
2019-04-17 00:00,2019-04-17 02:00,7.702,1.224,0,0,0.942
2019-04-17 01:00,2019-04-17 03:00,7.786,1.225,0,0,0.980
2019-04-17 02:00,2019-04-17 04:00,7.977,1.226,0,0,0.989
2019-04-17 03:00,2019-04-17 05:00,8.127,1.228,0,0,0.988
2019-04-17 04:00,2019-04-17 06:00,8.165,1.229,1.108,10.723,0.976
2019-04-17 05:00,2019-04-17 07:00,8.595,1.231,30.281,177.253,0.963
2019-04-17 06:00,2019-04-17 08:00,9.329,1.231,105.645,393.925,0.970
2019-04-17 07:00,2019-04-17 09:00,10.681,1.227,226.011,596.428,0.981
2019-04-17 08:00,2019-04-17 10:00,12.336,1.222,353.699,770.750,0.981
2019-04-17 09:00,2019-04-17 11:00,13.565,1.218,448.206,905.386,0.980
2019-04-17 10:00,2019-04-17 12:00,14.474,1.215,506.926,990.950,0.979
2019-04-17 11:00,2019-04-17 13:00,14.997,1.213,471.812,1021.463,0.977
2019-04-17 12:00,2019-04-17 14:00,15.421,1.211,472.006,995.338,0.954
2019-04-17 13:00,2019-04-17 15:00,15.530,1.210,395.030,913.940,0.952
2019-04-17 14:00,2019-04-17 16:00,15.265,1.209,255.355,783.233,0.886
2019-04-17 15:00,2019-04-17 17:00,15.261,1.208,218.351,611.843,0.784
2019-04-17 16:00,2019-04-17 18:00,14.998,1.207,149.896,411.572,0.741
2019-04-17 17:00,2019-04-17 19:00,13.540,1.207,56.939,196.112,0.633
2019-04-17 18:00,2019-04-17 20:00,11.696,1.207,3.162,17.601,0.609
2019-04-17 19:00,2019-04-17 21:00,11.040,1.208,0,0,0.586
2019-04-17 20:00,2019-04-17 22:00,10.670,1.210,0,0,0.543
2019-04-17 21:00,2019-04-17 23:00,10.314,1.213,0,0,0.457
2019-04-17 22:00,2019-04-18 00:00,9.888,1.219,0,0,0.402
2019-04-17 23:00,2019-04-18 01:00,9.302,1.225,0,0,0.342
2019-04-18 00:00,2019-04-18 02:00,8.873,1.228,0,0,0.369
2019-04-18 01:00,2019-04-18 03:00,8.628,1.230,0,0,0.418
2019-04-18 02:00,2019-04-18 04:00,8.491,1.231,0,0,0.434
2019-04-18 03:00,2019-04-18 05:00,8.163,1.233,0,0,0.362
2019-04-18 04:00,2019-04-18 06:00,7.603,1.235,3.442,12.868,0.317
2019-04-18 05:00,2019-04-18 07:00,8.452,1.237,86.018,183.502,0.222
2019-04-18 06:00,2019-04-18 08:00,10.191,1.234,242.248,399.815,0.158
2019-04-18 07:00,2019-04-18 09:00,12.902,1.224,416.685,601.928,0.070
2019-04-18 08:00,2019-04-18 10:00,15.560,1.214,570.713,776.000,0.037
2019-04-18 09:00,2019-04-18 11:00,17.049,1.209,689.108,910.386,0.031
2019-04-18 10:00,2019-04-18 12:00,18.136,1.205,764.345,995.734,0.022
2019-04-18 11:00,2019-04-18 13:00,18.973,1.201,793.384,1026.425,0.009
2019-04-18 12:00,2019-04-18 14:00,19.594,1.197,771.331,1000.115,0.018
2019-04-18 13:00,2019-04-18 15:00,19.962,1.194,697.611,918.940,0.058
2019-04-18 14:00,2019-04-18 16:00,20.018,1.192,580.922,788.483,0.138
2019-04-18 15:00,2019-04-18 17:00,19.694,1.191,432.217,617.343,0.236
2019-04-18 16:00,2019-04-18 18:00,18.664,1.191,263.528,417.432,0.356
2019-04-18 17:00,2019-04-18 19:00,16.374,1.194,101.127,202.347,0.454
2019-04-18 18:00,2019-04-18 20:00,13.977,1.200,6.314,20.300,0.545
2019-04-18 19:00,2019-04-18 21:00,13.211,1.208,0,0,0.663
2019-04-18 20:00,2019-04-18 22:00,12.452,1.215,0,0,0.808
2019-04-18 21:00,2019-04-18 23:00,11.671,1.219,0,0,0.853
2019-04-18 22:00,2019-04-19 00:00,10.892,1.223,0,0,0.821
2019-04-18 23:00,2019-04-19 01:00,10.104,1.226,0,0,0.773
2019-04-19 00:00,2019-04-19 02:00,9.360,1.228,0,0,0.724
2019-04-19 01:00,2019-04-19 03:00,8.715,1.230,0,0,0.700
2019-04-19 02:00,2019-04-19 04:00,8.233,1.231,0,0,0.711
2019-04-19 03:00,2019-04-19 05:00,7.707,1.232,0,0,0.612
2019-04-19 04:00,2019-04-19 06:00,7.244,1.233,4.865,15.194,0.388
2019-04-19 05:00,2019-04-19 07:00,8.926,1.234,101.697,189.736,0.233
2019-04-19 06:00,2019-04-19 08:00,11.378,1.232,267.888,405.659,0.072
2019-04-19 07:00,2019-04-19 09:00,13.944,1.223,438.460,607.428,0.021
2019-04-19 08:00,2019-04-19 10:00,16.861,1.212,590.686,781.219,0.002
2019-04-19 09:00,2019-04-19 11:00,18.584,1.206,710.541,915.382,0
2019-04-19 10:00,2019-04-19 12:00,19.826,1.201,787.479,1000.484,0
2019-04-19 11:00,2019-04-19 13:00,20.765,1.197,814.921,1030.925,0
2019-04-19 12:00,2019-04-19 14:00,21.445,1.194,791.000,1005.054,0
2019-04-19 13:00,2019-04-19 15:00,21.809,1.191,718.266,923.935,0
2019-04-19 14:00,2019-04-19 16:00,21.796,1.190,602.633,793.512,0
2019-04-19 15:00,2019-04-19 17:00,21.316,1.189,453.802,622.816,0
2019-04-19 16:00,2019-04-19 18:00,20.178,1.189,285.453,423.182,0
2019-04-19 17:00,2019-04-19 19:00,17.424,1.190,118.234,208.479,0
2019-04-19 18:00,2019-04-19 20:00,14.181,1.193,8.556,23.180,0
2019-04-19 19:00,2019-04-19 21:00,13.025,1.196,0,0,0
2019-04-19 20:00,2019-04-19 22:00,12.310,1.200,0,0,0
2019-04-19 21:00,2019-04-19 23:00,11.579,1.204,0,0,0
2019-04-19 22:00,2019-04-20 00:00,10.877,1.208,0,0,0
2019-04-19 23:00,2019-04-20 01:00,10.215,1.213,0,0,0
2019-04-20 00:00,2019-04-20 02:00,9.581,1.217,0,0,0
2019-04-20 01:00,2019-04-20 03:00,8.973,1.221,0,0,0
2019-04-20 02:00,2019-04-20 04:00,8.394,1.225,0,0,0
2019-04-20 03:00,2019-04-20 05:00,7.796,1.228,0,0,0
2019-04-20 04:00,2019-04-20 06:00,7.298,1.231,5.852,17.689,0
2019-04-20 05:00,2019-04-20 07:00,9.131,1.232,104.718,195.853,0
2019-04-20 06:00,2019-04-20 08:00,11.921,1.231,267.862,411.409,0
2019-04-20 07:00,2019-04-20 09:00,14.036,1.225,435.722,612.708,0
2019-04-20 08:00,2019-04-20 10:00,17.075,1.212,586.218,786.250,0
2019-04-20 09:00,2019-04-20 11:00,20.527,1.198,703.818,920.132,0
2019-04-20 10:00,2019-04-20 12:00,21.943,1.193,780.007,1005.229,0
2019-04-20 11:00,2019-04-20 13:00,22.621,1.190,807.539,1035.925,0
2019-04-20 12:00,2019-04-20 14:00,22.994,1.187,783.466,1009.588,0
2019-04-20 13:00,2019-04-20 15:00,23.181,1.186,710.629,928.909,0
2019-04-20 14:00,2019-04-20 16:00,22.999,1.184,594.988,798.706,0
2019-04-20 15:00,2019-04-20 17:00,22.345,1.184,445.907,628.093,0
2019-04-20 16:00,2019-04-20 18:00,21.118,1.184,278.984,428.918,0
2019-04-20 17:00,2019-04-20 19:00,18.088,1.187,115.385,214.535,0
2019-04-20 18:00,2019-04-20 20:00,15.082,1.194,9.080,26.237,0
2019-04-20 19:00,2019-04-20 21:00,13.910,1.202,0,0,0
2019-04-20 20:00,2019-04-20 22:00,12.998,1.209,0,0,0
2019-04-20 21:00,2019-04-20 23:00,12.032,1.215,0,0,0
2019-04-20 22:00,2019-04-21 00:00,11.090,1.219,0,0,0
2019-04-20 23:00,2019-04-21 01:00,10.158,1.221,0,0,0
2019-04-21 00:00,2019-04-21 02:00,9.321,1.223,0,0,0
2019-04-21 01:00,2019-04-21 03:00,8.567,1.225,0,0,0
2019-04-21 02:00,2019-04-21 04:00,7.874,1.226,0,0,0
2019-04-21 03:00,2019-04-21 05:00,7.275,1.227,0,0,0
2019-04-21 04:00,2019-04-21 06:00,6.841,1.228,6.807,20.357,0
2019-04-21 05:00,2019-04-21 07:00,8.808,1.228,107.230,201.901,0
2019-04-21 06:00,2019-04-21 08:00,11.429,1.226,270.753,417.034,0
2019-04-21 07:00,2019-04-21 09:00,13.729,1.218,439.686,618.147,0
2019-04-21 08:00,2019-04-21 10:00,17.293,1.203,591.352,791.409,0
2019-04-21 09:00,2019-04-21 11:00,19.883,1.192,712.027,924.912,0
2019-04-21 10:00,2019-04-21 12:00,21.059,1.187,788.374,1009.923,0
2019-04-21 11:00,2019-04-21 13:00,21.789,1.183,815.819,1040.425,0
2019-04-21 12:00,2019-04-21 14:00,22.235,1.181,792.934,1014.307,0
2019-04-21 13:00,2019-04-21 15:00,22.398,1.178,720.071,933.654,0
2019-04-21 14:00,2019-04-21 16:00,22.295,1.176,604.566,803.702,0
2019-04-21 15:00,2019-04-21 17:00,21.958,1.175,455.752,633.343,0
2019-04-21 16:00,2019-04-21 18:00,21.082,1.175,288.119,434.541,0
2019-04-21 17:00,2019-04-21 19:00,18.365,1.175,122.464,220.527,0
2019-04-21 18:00,2019-04-21 20:00,14.847,1.178,10.828,29.444,0
2019-04-21 19:00,2019-04-21 21:00,13.410,1.181,0,0,0
2019-04-21 20:00,2019-04-21 22:00,12.590,1.185,0,0,0
2019-04-21 21:00,2019-04-21 23:00,11.834,1.189,0,0,0
2019-04-21 22:00,2019-04-22 00:00,11.100,1.194,0,0,0
2019-04-21 23:00,2019-04-22 01:00,10.382,1.198,0,0,0
2019-04-22 00:00,2019-04-22 02:00,9.681,1.202,0,0,0
2019-04-22 01:00,2019-04-22 03:00,9.017,1.206,0,0,0
2019-04-22 02:00,2019-04-22 04:00,8.385,1.210,0,0,0.001
2019-04-22 03:00,2019-04-22 05:00,7.809,1.213,0,0,0.028
2019-04-22 04:00,2019-04-22 06:00,7.466,1.216,8.134,23.182,0.059
2019-04-22 05:00,2019-04-22 07:00,9.006,1.218,111.737,207.900,0.240
2019-04-22 06:00,2019-04-22 08:00,10.922,1.215,273.963,422.657,0.531
2019-04-22 07:00,2019-04-22 09:00,13.572,1.205,440.115,623.397,0.725
2019-04-22 08:00,2019-04-22 10:00,16.949,1.191,590.854,796.219,0.702
2019-04-22 09:00,2019-04-22 11:00,19.593,1.180,712.891,929.632,0.624
2019-04-22 10:00,2019-04-22 12:00,21.002,1.174,790.314,1014.423,0.705
2019-04-22 11:00,2019-04-22 13:00,21.732,1.170,815.258,1044.871,0.877
2019-04-22 12:00,2019-04-22 14:00,22.093,1.167,788.074,1018.834,0.932
2019-04-22 13:00,2019-04-22 15:00,22.142,1.165,707.243,938.159,0.944
2019-04-22 14:00,2019-04-22 16:00,21.834,1.163,583.510,808.486,0.941
2019-04-22 15:00,2019-04-22 17:00,21.167,1.163,428.043,638.566,0.924
2019-04-22 16:00,2019-04-22 18:00,19.878,1.164,261.669,440.058,0.823
2019-04-22 17:00,2019-04-22 19:00,17.750,1.168,108.187,226.472,0.657
2019-04-22 18:00,2019-04-22 20:00,15.449,1.176,10.823,32.806,0.421
2019-04-22 19:00,2019-04-22 21:00,13.909,1.185,0,0,0.096
2019-04-22 20:00,2019-04-22 22:00,12.545,1.192,0,0,0.052
2019-04-22 21:00,2019-04-22 23:00,11.356,1.198,0,0,0.196
2019-04-22 22:00,2019-04-23 00:00,10.232,1.202,0,0,0.432
2019-04-22 23:00,2019-04-23 01:00,9.325,1.205,0,0,0.434
2019-04-23 00:00,2019-04-23 02:00,8.670,1.207,0,0,0.440
2019-04-23 01:00,2019-04-23 03:00,8.196,1.208,0,0,0.605
2019-04-23 02:00,2019-04-23 04:00,7.803,1.210,0,0,0.614
2019-04-23 03:00,2019-04-23 05:00,7.330,1.211,0,0,0.388
2019-04-23 04:00,2019-04-23 06:00,6.895,1.213,9.054,26.175,0.154
2019-04-23 05:00,2019-04-23 07:00,7.980,1.213,113.477,213.830,0.113
2019-04-23 06:00,2019-04-23 08:00,10.113,1.206,276.167,428.252,0.174
2019-04-23 07:00,2019-04-23 09:00,12.814,1.195,443.513,628.643,0.271
2019-04-23 08:00,2019-04-23 10:00,14.932,1.187,592.377,801.159,0.292
2019-04-23 09:00,2019-04-23 11:00,16.580,1.181,709.129,934.352,0.116
2019-04-23 10:00,2019-04-23 12:00,17.893,1.175,780.426,1018.892,0.003
2019-04-23 11:00,2019-04-23 13:00,18.934,1.170,801.853,1049.363,0
2019-04-23 12:00,2019-04-23 14:00,19.715,1.166,770.881,1023.280,0
2019-04-23 13:00,2019-04-23 15:00,20.200,1.163,691.187,942.878,0
2019-04-23 14:00,2019-04-23 16:00,20.329,1.160,568.207,813.236,0.001
2019-04-23 15:00,2019-04-23 17:00,20.108,1.159,413.924,643.785,0.027
2019-04-23 16:00,2019-04-23 18:00,19.329,1.158,243.976,445.543,0.058
2019-04-23 17:00,2019-04-23 19:00,17.362,1.160,94.799,232.292,0.157
2019-04-23 18:00,2019-04-23 20:00,14.969,1.162,9.061,36.317,0.277
2019-04-23 19:00,2019-04-23 21:00,14.279,1.166,0,0,0.345
2019-04-23 20:00,2019-04-23 22:00,14.049,1.169,0,0,0.407
2019-04-23 21:00,2019-04-23 23:00,13.816,1.171,0,0,0.568
2019-04-23 22:00,2019-04-24 00:00,13.572,1.173,0,0,0.644
2019-04-23 23:00,2019-04-24 01:00,13.209,1.174,0,0,0.606
2019-04-24 00:00,2019-04-24 02:00,12.924,1.176,0,0,0.582
2019-04-24 01:00,2019-04-24 03:00,12.639,1.178,0,0,0.505
2019-04-24 02:00,2019-04-24 04:00,12.197,1.180,0,0,0.404
2019-04-24 03:00,2019-04-24 05:00,11.806,1.183,0,0,0.395
2019-04-24 04:00,2019-04-24 06:00,11.630,1.186,7.669,29.315,0.328
2019-04-24 05:00,2019-04-24 07:00,12.689,1.188,86.004,219.642,0.293
2019-04-24 06:00,2019-04-24 08:00,14.148,1.186,225.929,433.642,0.193
2019-04-24 07:00,2019-04-24 09:00,16.522,1.178,388.966,633.643,0.157
2019-04-24 08:00,2019-04-24 10:00,18.788,1.170,516.803,805.909,0.391
2019-04-24 09:00,2019-04-24 11:00,19.867,1.166,504.490,938.852,0.662
2019-04-24 10:00,2019-04-24 12:00,20.965,1.162,607.374,1023.203,0.793
2019-04-24 11:00,2019-04-24 13:00,22.258,1.158,761.763,1053.425,0.936
2019-04-24 12:00,2019-04-24 14:00,22.889,1.155,726.050,1027.583,0.945
2019-04-24 13:00,2019-04-24 15:00,22.897,1.154,652.460,947.378,0.951
2019-04-24 14:00,2019-04-24 16:00,21.809,1.157,450.076,817.986,0.973
2019-04-24 15:00,2019-04-24 17:00,18.913,1.167,166.019,648.785,0.991
2019-04-24 16:00,2019-04-24 18:00,15.181,1.184,47.037,450.918,0.993
2019-04-24 17:00,2019-04-24 19:00,12.327,1.198,18.853,238.083,0.990
2019-04-24 18:00,2019-04-24 20:00,10.840,1.205,2.895,39.985,0.987
2019-04-24 19:00,2019-04-24 21:00,10.383,1.207,0,0,0.923
2019-04-24 20:00,2019-04-24 22:00,10.396,1.206,0,0,0.621
2019-04-24 21:00,2019-04-24 23:00,10.179,1.207,0,0,0.373
2019-04-24 22:00,2019-04-25 00:00,9.678,1.208,0,0,0.120
2019-04-24 23:00,2019-04-25 01:00,9.163,1.210,0,0,0.109
2019-04-25 00:00,2019-04-25 02:00,8.627,1.213,0,0,0.123
2019-04-25 01:00,2019-04-25 03:00,8.224,1.215,0,0,0.127
2019-04-25 02:00,2019-04-25 04:00,7.849,1.217,0,0,0.181
2019-04-25 03:00,2019-04-25 05:00,7.559,1.219,0,0,0.307
2019-04-25 04:00,2019-04-25 06:00,7.357,1.220,11.288,32.601,0.349
2019-04-25 05:00,2019-04-25 07:00,8.157,1.219,119.945,225.439,0.261
2019-04-25 06:00,2019-04-25 08:00,10.218,1.213,290.140,439.017,0.320
2019-04-25 07:00,2019-04-25 09:00,12.942,1.203,444.573,638.643,0.662
2019-04-25 08:00,2019-04-25 10:00,14.557,1.197,469.508,810.654,0.932
2019-04-25 09:00,2019-04-25 11:00,15.574,1.193,456.281,943.135,0.933
2019-04-25 10:00,2019-04-25 12:00,17.058,1.186,544.680,1027.582,0.885
2019-04-25 11:00,2019-04-25 13:00,17.938,1.182,561.224,1057.863,0.922
2019-04-25 12:00,2019-04-25 14:00,17.774,1.182,439.485,1031.970,0.953
2019-04-25 13:00,2019-04-25 15:00,16.919,1.184,305.814,951.628,0.952
2019-04-25 14:00,2019-04-25 16:00,15.856,1.188,230.161,822.732,0.982
2019-04-25 15:00,2019-04-25 17:00,14.814,1.192,156.738,653.785,0.968
2019-04-25 16:00,2019-04-25 18:00,13.913,1.195,110.210,456.277,0.837
2019-04-25 17:00,2019-04-25 19:00,12.996,1.197,57.579,243.778,0.839
2019-04-25 18:00,2019-04-25 20:00,11.854,1.200,5.676,43.791,0.899
2019-04-25 19:00,2019-04-25 21:00,11.283,1.203,0,0,0.770
2019-04-25 20:00,2019-04-25 22:00,10.917,1.205,0,0,0.838
2019-04-25 21:00,2019-04-25 23:00,10.714,1.208,0,0,0.858
2019-04-25 22:00,2019-04-26 00:00,10.155,1.210,0,0,0.782
2019-04-25 23:00,2019-04-26 01:00,9.127,1.211,0,0,0.607
2019-04-26 00:00,2019-04-26 02:00,8.676,1.213,0,0,0.532
2019-04-26 01:00,2019-04-26 03:00,8.553,1.214,0,0,0.517
2019-04-26 02:00,2019-04-26 04:00,8.186,1.216,0,0,0.541
2019-04-26 03:00,2019-04-26 05:00,8.020,1.219,0,0,0.872
2019-04-26 04:00,2019-04-26 06:00,7.852,1.223,5.081,36.037,0.916
2019-04-26 05:00,2019-04-26 07:00,7.968,1.226,72.013,231.119,0.501
2019-04-26 06:00,2019-04-26 08:00,9.011,1.224,263.772,444.361,0.395
2019-04-26 07:00,2019-04-26 09:00,10.805,1.219,403.128,643.616,0.952
2019-04-26 08:00,2019-04-26 10:00,12.070,1.214,373.902,815.188,0.909
2019-04-26 09:00,2019-04-26 11:00,13.551,1.211,645.614,947.575,0.826
2019-04-26 10:00,2019-04-26 12:00,14.180,1.208,577.788,1031.694,0.973
2019-04-26 11:00,2019-04-26 13:00,13.968,1.207,369.467,1061.863,0.977
2019-04-26 12:00,2019-04-26 14:00,14.190,1.206,368.973,1036.083,0.960
2019-04-26 13:00,2019-04-26 15:00,14.619,1.204,398.033,956.101,0.777
2019-04-26 14:00,2019-04-26 16:00,15.213,1.203,517.643,827.232,0.437
2019-04-26 15:00,2019-04-26 17:00,15.230,1.201,415.274,658.535,0.581
2019-04-26 16:00,2019-04-26 18:00,14.799,1.201,229.954,461.527,0.918
2019-04-26 17:00,2019-04-26 19:00,13.561,1.201,81.530,249.403,0.932
2019-04-26 18:00,2019-04-26 20:00,11.693,1.202,12.639,47.726,0.805
2019-04-26 19:00,2019-04-26 21:00,10.335,1.204,0,0,0.581
2019-04-26 20:00,2019-04-26 22:00,9.268,1.207,0,0,0.338
2019-04-26 21:00,2019-04-26 23:00,8.827,1.210,0,0,0.306
2019-04-26 22:00,2019-04-27 00:00,8.466,1.214,0,0,0.243
2019-04-26 23:00,2019-04-27 01:00,8.046,1.219,0,0,0.168
2019-04-27 00:00,2019-04-27 02:00,7.530,1.222,0,0,0.112
2019-04-27 01:00,2019-04-27 03:00,7.086,1.224,0,0,0.059
2019-04-27 02:00,2019-04-27 04:00,6.501,1.226,0,0,0.028
2019-04-27 03:00,2019-04-27 05:00,6.076,1.228,0,0,0.254
2019-04-27 04:00,2019-04-27 06:00,6.335,1.228,13.672,39.600,0.728
2019-04-27 05:00,2019-04-27 07:00,7.843,1.227,97.836,236.743,0.803
2019-04-27 06:00,2019-04-27 08:00,9.616,1.221,188.899,449.596,0.740
2019-04-27 07:00,2019-04-27 09:00,10.803,1.216,246.793,648.366,0.769
2019-04-27 08:00,2019-04-27 10:00,10.733,1.217,237.776,819.688,0.800
2019-04-27 09:00,2019-04-27 11:00,10.686,1.218,302.146,951.825,0.743
2019-04-27 10:00,2019-04-27 12:00,11.119,1.218,420.559,1035.703,0.626
2019-04-27 11:00,2019-04-27 13:00,11.537,1.216,461.663,1065.863,0.590
2019-04-27 12:00,2019-04-27 14:00,11.750,1.215,444.305,1040.083,0.544
2019-04-27 13:00,2019-04-27 15:00,11.888,1.215,448.649,960.347,0.458
2019-04-27 14:00,2019-04-27 16:00,11.482,1.216,383.451,831.705,0.505
2019-04-27 15:00,2019-04-27 17:00,10.701,1.218,247.631,663.315,0.646
2019-04-27 16:00,2019-04-27 18:00,9.871,1.221,125.318,466.652,0.755
2019-04-27 17:00,2019-04-27 19:00,8.982,1.224,50.913,254.957,0.767
2019-04-27 18:00,2019-04-27 20:00,8.015,1.227,7.323,51.782,0.778
2019-04-27 19:00,2019-04-27 21:00,7.349,1.230,0,0,0.838
2019-04-27 20:00,2019-04-27 22:00,6.915,1.233,0,0,0.850
2019-04-27 21:00,2019-04-27 23:00,6.544,1.235,0,0,0.841
2019-04-27 22:00,2019-04-28 00:00,6.253,1.237,0,0,0.753
2019-04-27 23:00,2019-04-28 01:00,5.872,1.238,0,0,0.586
2019-04-28 00:00,2019-04-28 02:00,5.456,1.240,0,0,0.522
2019-04-28 01:00,2019-04-28 03:00,5.066,1.241,0,0,0.677
2019-04-28 02:00,2019-04-28 04:00,4.837,1.243,0,0,0.792
2019-04-28 03:00,2019-04-28 05:00,4.692,1.243,0,0,0.837
2019-04-28 04:00,2019-04-28 06:00,4.745,1.243,9.859,43.300,0.899
2019-04-28 05:00,2019-04-28 07:00,5.668,1.243,75.419,242.298,0.848
2019-04-28 06:00,2019-04-28 08:00,6.933,1.240,203.778,454.721,0.735
2019-04-28 07:00,2019-04-28 09:00,8.294,1.236,341.001,653.116,0.692
2019-04-28 08:00,2019-04-28 10:00,9.218,1.234,384.894,824.128,0.627
2019-04-28 09:00,2019-04-28 11:00,9.898,1.232,461.320,956.071,0.559
2019-04-28 10:00,2019-04-28 12:00,10.349,1.230,478.747,1039.694,0.573
2019-04-28 11:00,2019-04-28 13:00,10.676,1.229,470.963,1069.863,0.609
2019-04-28 12:00,2019-04-28 14:00,10.901,1.228,435.072,1044.083,0.581
2019-04-28 13:00,2019-04-28 15:00,11.154,1.226,409.338,964.408,0.542
2019-04-28 14:00,2019-04-28 16:00,11.353,1.225,359.816,836.201,0.511
2019-04-28 15:00,2019-04-28 17:00,11.365,1.224,287.104,668.035,0.467
2019-04-28 16:00,2019-04-28 18:00,11.155,1.224,196.470,471.764,0.442
2019-04-28 17:00,2019-04-28 19:00,10.645,1.225,105.914,260.444,0.266
2019-04-28 18:00,2019-04-28 20:00,9.693,1.227,18.656,55.952,0.151
2019-04-28 19:00,2019-04-28 21:00,9.061,1.229,0,0,0.094
2019-04-28 20:00,2019-04-28 22:00,8.290,1.231,0,0,0.057
2019-04-28 21:00,2019-04-28 23:00,7.624,1.234,0,0,0.033
2019-04-28 22:00,2019-04-29 00:00,7.043,1.236,0,0,0.022
2019-04-28 23:00,2019-04-29 01:00,6.555,1.239,0,0,0.017
2019-04-29 00:00,2019-04-29 02:00,6.120,1.242,0,0,0.030
2019-04-29 01:00,2019-04-29 03:00,5.667,1.244,0,0,0.238
2019-04-29 02:00,2019-04-29 04:00,5.175,1.247,0,0,0.787
2019-04-29 03:00,2019-04-29 05:00,4.616,1.249,0,0,0.904
2019-04-29 04:00,2019-04-29 06:00,4.085,1.251,14.463,47.125,0.941
2019-04-29 05:00,2019-04-29 07:00,5.016,1.253,98.066,247.735,0.933
2019-04-29 06:00,2019-04-29 08:00,6.431,1.252,209.346,459.721,0.903
2019-04-29 07:00,2019-04-29 09:00,9.318,1.241,355.992,657.862,0.803
2019-04-29 08:00,2019-04-29 10:00,11.521,1.232,514.840,828.434,0.705
2019-04-29 09:00,2019-04-29 11:00,12.728,1.228,609.751,960.071,0.631
2019-04-29 10:00,2019-04-29 12:00,13.782,1.224,701.282,1043.694,0.511
2019-04-29 11:00,2019-04-29 13:00,14.615,1.220,756.552,1073.863,0.529
2019-04-29 12:00,2019-04-29 14:00,15.034,1.217,684.681,1048.029,0.694
2019-04-29 13:00,2019-04-29 15:00,14.838,1.215,478.707,968.597,0.850
2019-04-29 14:00,2019-04-29 16:00,14.294,1.214,305.142,840.451,0.864
2019-04-29 15:00,2019-04-29 17:00,13.843,1.214,232.182,672.755,0.829
2019-04-29 16:00,2019-04-29 18:00,13.229,1.215,156.287,476.762,0.673
2019-04-29 17:00,2019-04-29 19:00,12.171,1.218,84.808,265.826,0.638
2019-04-29 18:00,2019-04-29 20:00,10.579,1.223,13.184,60.245,0.715
2019-04-29 19:00,2019-04-29 21:00,9.627,1.228,0,0,0.821
2019-04-29 20:00,2019-04-29 22:00,9.110,1.231,0,0,0.658
2019-04-29 21:00,2019-04-29 23:00,8.470,1.233,0,0,0.481
2019-04-29 22:00,2019-04-30 00:00,8.315,1.234,0,0,0.576
2019-04-29 23:00,2019-04-30 01:00,8.353,1.235,0,0,0.717
2019-04-30 00:00,2019-04-30 02:00,8.352,1.236,0,0,0.804
2019-04-30 01:00,2019-04-30 03:00,8.258,1.236,0,0,0.862
2019-04-30 02:00,2019-04-30 04:00,8.164,1.237,0,0,0.905
2019-04-30 03:00,2019-04-30 05:00,8.059,1.237,0,0,0.928
2019-04-30 04:00,2019-04-30 06:00,8.016,1.238,6.524,51.058,0.842
2019-04-30 05:00,2019-04-30 07:00,8.205,1.239,67.332,253.143,0.717
2019-04-30 06:00,2019-04-30 08:00,8.794,1.238,180.491,464.719,0.590
2019-04-30 07:00,2019-04-30 09:00,9.880,1.236,379.178,662.362,0.240
2019-04-30 08:00,2019-04-30 10:00,11.675,1.231,610.860,832.874,0.009
2019-04-30 09:00,2019-04-30 11:00,13.370,1.225,751.417,964.071,0.041
2019-04-30 10:00,2019-04-30 12:00,14.690,1.219,826.237,1047.641,0.032
2019-04-30 11:00,2019-04-30 13:00,15.698,1.214,851.448,1077.363,0.006
2019-04-30 12:00,2019-04-30 14:00,16.384,1.210,825.754,1051.961,0.011
2019-04-30 13:00,2019-04-30 15:00,16.734,1.207,750.858,972.408,0.062
2019-04-30 14:00,2019-04-30 16:00,16.765,1.205,633.428,844.701,0.085
2019-04-30 15:00,2019-04-30 17:00,16.409,1.205,483.259,677.255,0.042
2019-04-30 16:00,2019-04-30 18:00,15.668,1.205,316.061,481.637,0.013
2019-04-30 17:00,2019-04-30 19:00,14.121,1.207,150.064,271.187,0.023
2019-04-30 18:00,2019-04-30 20:00,11.016,1.210,24.881,64.649,0.032
2019-04-30 19:00,2019-04-30 21:00,9.294,1.214,0,0,0.035
2019-04-30 20:00,2019-04-30 22:00,8.530,1.217,0,0,0.033
2019-04-30 21:00,2019-04-30 23:00,7.810,1.221,0,0,0.029
2019-04-30 22:00,2019-05-01 00:00,7.080,1.225,0,0,0.027
2019-04-30 23:00,2019-05-01 01:00,6.367,1.227,0,0,0.017
2019-05-01 00:00,2019-05-01 02:00,5.846,1.230,0,0,0.008
2019-05-01 01:00,2019-05-01 03:00,5.705,1.231,0,0,0.018
2019-05-01 02:00,2019-05-01 04:00,5.730,1.233,0,0,0.124
2019-05-01 03:00,2019-05-01 05:00,5.930,1.236,0,0,0.338
2019-05-01 04:00,2019-05-01 06:00,6.065,1.239,16.548,55.102,0.606
2019-05-01 05:00,2019-05-01 07:00,6.508,1.242,90.610,258.462,0.775
2019-05-01 06:00,2019-05-01 08:00,7.312,1.241,173.626,469.594,0.685
2019-05-01 07:00,2019-05-01 09:00,8.947,1.236,328.779,666.862,0.483
2019-05-01 08:00,2019-05-01 10:00,10.672,1.229,482.767,836.878,0.297
2019-05-01 09:00,2019-05-01 11:00,12.374,1.223,671.150,968.071,0.102
2019-05-01 10:00,2019-05-01 12:00,14.107,1.216,787.931,1051.573,0.007
2019-05-01 11:00,2019-05-01 13:00,15.568,1.209,820.942,1081.310,0.003
2019-05-01 12:00,2019-05-01 14:00,16.554,1.204,792.275,1055.529,0.008
2019-05-01 13:00,2019-05-01 15:00,17.026,1.200,719.664,976.377,0.006
2019-05-01 14:00,2019-05-01 16:00,17.101,1.197,606.433,848.924,0.012
2019-05-01 15:00,2019-05-01 17:00,16.833,1.196,456.921,681.755,0.067
2019-05-01 16:00,2019-05-01 18:00,16.079,1.196,290.087,486.499,0.091
2019-05-01 17:00,2019-05-01 19:00,14.436,1.199,139.274,276.340,0.326
2019-05-01 18:00,2019-05-01 20:00,11.329,1.203,24.376,69.158,0.664
2019-05-01 19:00,2019-05-01 21:00,9.402,1.208,0,0,0.869
2019-05-01 20:00,2019-05-01 22:00,8.456,1.213,0,0,0.907
2019-05-01 21:00,2019-05-01 23:00,7.690,1.216,0,0,0.919
2019-05-01 22:00,2019-05-02 00:00,7.013,1.219,0,0,0.923
2019-05-01 23:00,2019-05-02 01:00,6.216,1.222,0,0,0.925
2019-05-02 00:00,2019-05-02 02:00,5.369,1.225,0,0,0.899
2019-05-02 01:00,2019-05-02 03:00,4.803,1.229,0,0,0.882
2019-05-02 02:00,2019-05-02 04:00,4.910,1.232,0,0,0.939
2019-05-02 03:00,2019-05-02 05:00,5.547,1.236,0,0,0.980
2019-05-02 04:00,2019-05-02 06:00,5.742,1.238,7.694,59.241,0.996
2019-05-02 05:00,2019-05-02 07:00,5.936,1.238,38.493,263.587,0.998
2019-05-02 06:00,2019-05-02 08:00,6.851,1.235,98.003,474.439,0.974
2019-05-02 07:00,2019-05-02 09:00,8.337,1.229,250.994,671.362,0.839
2019-05-02 08:00,2019-05-02 10:00,10.335,1.223,480.994,841.097,0.551
2019-05-02 09:00,2019-05-02 11:00,12.606,1.214,685.262,971.821,0.330
2019-05-02 10:00,2019-05-02 12:00,14.455,1.206,775.953,1055.141,0.258
2019-05-02 11:00,2019-05-02 13:00,15.582,1.201,814.354,1084.863,0.197
2019-05-02 12:00,2019-05-02 14:00,16.029,1.197,743.715,1059.461,0.274
2019-05-02 13:00,2019-05-02 15:00,15.695,1.196,606.150,980.127,0.474
2019-05-02 14:00,2019-05-02 16:00,14.701,1.198,406.990,852.924,0.748
2019-05-02 15:00,2019-05-02 17:00,13.364,1.202,225.529,686.034,0.943
2019-05-02 16:00,2019-05-02 18:00,12.036,1.206,97.623,491.154,0.988
2019-05-02 17:00,2019-05-02 19:00,11.137,1.208,47.071,281.560,0.982
2019-05-02 18:00,2019-05-02 20:00,10.233,1.211,11.914,73.765,0.957
2019-05-02 19:00,2019-05-02 21:00,9.327,1.214,0,0,0.830
2019-05-02 20:00,2019-05-02 22:00,8.394,1.217,0,0,0.562
2019-05-02 21:00,2019-05-02 23:00,7.502,1.221,0,0,0.416
2019-05-02 22:00,2019-05-03 00:00,6.748,1.225,0,0,0.343
2019-05-02 23:00,2019-05-03 01:00,6.193,1.229,0,0,0.535
2019-05-03 00:00,2019-05-03 02:00,6.184,1.232,0,0,0.734
2019-05-03 01:00,2019-05-03 03:00,6.254,1.233,0,0,0.841
2019-05-03 02:00,2019-05-03 04:00,6.328,1.233,0,0,0.819
2019-05-03 03:00,2019-05-03 05:00,6.254,1.234,0,0,0.723
2019-05-03 04:00,2019-05-03 06:00,6.007,1.235,11.210,63.500,0.746
2019-05-03 05:00,2019-05-03 07:00,6.311,1.236,78.231,268.807,0.601
2019-05-03 06:00,2019-05-03 08:00,7.083,1.234,221.207,479.173,0.624
2019-05-03 07:00,2019-05-03 09:00,8.091,1.232,328.488,675.801,0.575
2019-05-03 08:00,2019-05-03 10:00,9.607,1.229,597.259,845.097,0.733
2019-05-03 09:00,2019-05-03 11:00,10.752,1.225,684.827,975.571,0.875
2019-05-03 10:00,2019-05-03 12:00,11.498,1.222,719.980,1058.641,0.904
2019-05-03 11:00,2019-05-03 13:00,12.089,1.219,722.538,1088.363,0.880
2019-05-03 12:00,2019-05-03 14:00,12.447,1.217,685.928,1062.961,0.917
2019-05-03 13:00,2019-05-03 15:00,12.549,1.215,600.671,983.877,0.896
2019-05-03 14:00,2019-05-03 16:00,12.501,1.213,513.229,856.924,0.802
2019-05-03 15:00,2019-05-03 17:00,12.118,1.212,375.216,690.284,0.646
2019-05-03 16:00,2019-05-03 18:00,11.356,1.213,216.920,495.888,0.552
2019-05-03 17:00,2019-05-03 19:00,10.336,1.215,107.358,286.577,0.727
2019-05-03 18:00,2019-05-03 20:00,8.466,1.219,20.624,78.435,0.927
2019-05-03 19:00,2019-05-03 21:00,7.100,1.223,0,0,0.957
2019-05-03 20:00,2019-05-03 22:00,6.386,1.227,0,0,0.900
2019-05-03 21:00,2019-05-03 23:00,5.797,1.231,0,0,0.784
2019-05-03 22:00,2019-05-04 00:00,5.351,1.234,0,0,0.803
2019-05-03 23:00,2019-05-04 01:00,4.839,1.238,0,0,0.917
2019-05-04 00:00,2019-05-04 02:00,4.048,1.242,0,0,0.954
2019-05-04 01:00,2019-05-04 03:00,3.148,1.247,0,0,0.988
2019-05-04 02:00,2019-05-04 04:00,2.470,1.250,0,0,0.996
2019-05-04 03:00,2019-05-04 05:00,2.226,1.251,0,0,0.995
2019-05-04 04:00,2019-05-04 06:00,2.196,1.251,5.037,67.836,0.988
2019-05-04 05:00,2019-05-04 07:00,2.467,1.251,33.452,273.822,0.951
2019-05-04 06:00,2019-05-04 08:00,3.111,1.248,98.317,483.798,0.867
2019-05-04 07:00,2019-05-04 09:00,4.455,1.244,291.858,680.051,0.663
2019-05-04 08:00,2019-05-04 10:00,5.945,1.239,447.672,848.903,0.666
2019-05-04 09:00,2019-05-04 11:00,6.995,1.235,479.165,979.290,0.493
2019-05-04 10:00,2019-05-04 12:00,7.963,1.231,530.116,1062.141,0.528
2019-05-04 11:00,2019-05-04 13:00,8.460,1.229,504.013,1091.801,0.546
2019-05-04 12:00,2019-05-04 14:00,8.354,1.228,430.362,1066.461,0.587
2019-05-04 13:00,2019-05-04 15:00,8.122,1.229,405.470,987.566,0.606
2019-05-04 14:00,2019-05-04 16:00,7.767,1.230,348.022,860.674,0.629
2019-05-04 15:00,2019-05-04 17:00,7.154,1.232,245.767,694.534,0.644
2019-05-04 16:00,2019-05-04 18:00,6.521,1.234,134.089,500.388,0.659
2019-05-04 17:00,2019-05-04 19:00,6.047,1.236,81.277,291.560,0.583
2019-05-04 18:00,2019-05-04 20:00,5.054,1.239,19.434,83.198,0.491
2019-05-04 19:00,2019-05-04 21:00,3.872,1.242,0,0,0.348
2019-05-04 20:00,2019-05-04 22:00,3.094,1.246,0,0,0.230
2019-05-04 21:00,2019-05-04 23:00,2.262,1.250,0,0,0.134
2019-05-04 22:00,2019-05-05 00:00,1.348,1.254,0,0,0.071
2019-05-04 23:00,2019-05-05 01:00,0.477,1.258,0,0,0.048
2019-05-05 00:00,2019-05-05 02:00,-0.252,1.261,0,0,0.046
2019-05-05 01:00,2019-05-05 03:00,-0.771,1.264,0,0,0.089
2019-05-05 02:00,2019-05-05 04:00,-0.906,1.266,0,0,0.320
2019-05-05 03:00,2019-05-05 05:00,-0.281,1.268,0,0,0.605
2019-05-05 04:00,2019-05-05 06:00,0.370,1.268,14.296,72.252,0.727
2019-05-05 05:00,2019-05-05 07:00,1.431,1.266,63.175,278.805,0.802
2019-05-05 06:00,2019-05-05 08:00,2.736,1.261,96.525,488.313,0.787
2019-05-05 07:00,2019-05-05 09:00,4.301,1.255,201.153,684.081,0.676
2019-05-05 08:00,2019-05-05 10:00,5.869,1.250,316.676,852.843,0.376
2019-05-05 09:00,2019-05-05 11:00,7.605,1.244,550.161,982.979,0.361
2019-05-05 10:00,2019-05-05 12:00,8.578,1.241,573.300,1065.633,0.363
2019-05-05 11:00,2019-05-05 13:00,9.268,1.238,603.463,1095.301,0.326
2019-05-05 12:00,2019-05-05 14:00,9.945,1.235,623.498,1069.908,0.290
2019-05-05 13:00,2019-05-05 15:00,10.416,1.233,603.865,991.100,0.276
2019-05-05 14:00,2019-05-05 16:00,10.441,1.231,513.658,864.454,0.284
2019-05-05 15:00,2019-05-05 17:00,10.138,1.231,392.166,698.724,0.417
2019-05-05 16:00,2019-05-05 18:00,9.518,1.231,227.553,504.888,0.450
2019-05-05 17:00,2019-05-05 19:00,8.663,1.233,111.614,296.437,0.418
2019-05-05 18:00,2019-05-05 20:00,6.779,1.236,26.421,88.052,0.341
2019-05-05 19:00,2019-05-05 21:00,5.055,1.239,0,0,0.278
2019-05-05 20:00,2019-05-05 22:00,4.132,1.243,0,0,0.189
2019-05-05 21:00,2019-05-05 23:00,3.191,1.247,0,0,0.175
2019-05-05 22:00,2019-05-06 00:00,2.612,1.251,0,0,0.252
2019-05-05 23:00,2019-05-06 01:00,1.949,1.254,0,0,0.396
2019-05-06 00:00,2019-05-06 02:00,1.169,1.257,0,0,0.672
2019-05-06 01:00,2019-05-06 03:00,0.460,1.260,0,0,0.771
2019-05-06 02:00,2019-05-06 04:00,-0.066,1.263,0,0,0.613
2019-05-06 03:00,2019-05-06 05:00,-0.494,1.266,0,0,0.282
2019-05-06 04:00,2019-05-06 06:00,-0.115,1.267,30.652,76.735,0.177
2019-05-06 05:00,2019-05-06 07:00,2.274,1.266,139.404,283.664,0.187
2019-05-06 06:00,2019-05-06 08:00,4.744,1.257,303.171,492.796,0.160
2019-05-06 07:00,2019-05-06 09:00,7.033,1.249,451.078,688.270,0.169
2019-05-06 08:00,2019-05-06 10:00,8.230,1.245,545.411,856.593,0.231
2019-05-06 09:00,2019-05-06 11:00,9.185,1.241,599.404,986.479,0.263
2019-05-06 10:00,2019-05-06 12:00,9.886,1.238,632.094,1069.020,0.243
2019-05-06 11:00,2019-05-06 13:00,10.724,1.234,712.556,1098.310,0.234
2019-05-06 12:00,2019-05-06 14:00,11.159,1.231,658.310,1073.021,0.295
2019-05-06 13:00,2019-05-06 15:00,11.125,1.230,529.636,994.596,0.406
2019-05-06 14:00,2019-05-06 16:00,10.742,1.229,385.710,868.204,0.524
2019-05-06 15:00,2019-05-06 17:00,10.173,1.229,264.748,702.753,0.610
2019-05-06 16:00,2019-05-06 18:00,9.439,1.231,150.891,509.360,0.690
2019-05-06 17:00,2019-05-06 19:00,8.617,1.233,75.703,301.202,0.747
2019-05-06 18:00,2019-05-06 20:00,7.335,1.235,19.696,92.941,0.790
2019-05-06 19:00,2019-05-06 21:00,6.107,1.237,0,0,0.836
2019-05-06 20:00,2019-05-06 22:00,5.191,1.240,0,0,0.862
2019-05-06 21:00,2019-05-06 23:00,4.407,1.243,0,0,0.824
2019-05-06 22:00,2019-05-07 00:00,3.653,1.244,0,0,0.763
2019-05-06 23:00,2019-05-07 01:00,2.941,1.246,0,0,0.654
2019-05-07 00:00,2019-05-07 02:00,2.455,1.247,0,0,0.562
2019-05-07 01:00,2019-05-07 03:00,2.252,1.248,0,0,0.543
2019-05-07 02:00,2019-05-07 04:00,2.162,1.249,0,0,0.477
2019-05-07 03:00,2019-05-07 05:00,2.165,1.250,0,0,0.596
2019-05-07 04:00,2019-05-07 06:00,2.692,1.251,25.705,81.301,0.885
2019-05-07 05:00,2019-05-07 07:00,4.444,1.251,113.557,288.428,0.969
2019-05-07 06:00,2019-05-07 08:00,6.324,1.246,221.104,497.171,0.951
2019-05-07 07:00,2019-05-07 09:00,8.439,1.239,389.711,692.270,0.810
2019-05-07 08:00,2019-05-07 10:00,9.629,1.235,490.569,860.316,0.743
2019-05-07 09:00,2019-05-07 11:00,10.588,1.232,582.233,989.786,0.748
2019-05-07 10:00,2019-05-07 12:00,11.478,1.229,664.561,1072.133,0.684
2019-05-07 11:00,2019-05-07 13:00,12.197,1.225,691.565,1101.801,0.546
2019-05-07 12:00,2019-05-07 14:00,12.780,1.222,693.852,1076.408,0.372
2019-05-07 13:00,2019-05-07 15:00,13.204,1.218,663.636,998.040,0.198
2019-05-07 14:00,2019-05-07 16:00,13.433,1.216,598.716,871.893,0.318
2019-05-07 15:00,2019-05-07 17:00,13.307,1.214,456.946,706.724,0.310
2019-05-07 16:00,2019-05-07 18:00,12.871,1.213,292.714,513.623,0.622
2019-05-07 17:00,2019-05-07 19:00,12.145,1.213,130.542,305.937,0.805
2019-05-07 18:00,2019-05-07 20:00,11.138,1.213,29.718,97.868,0.888
2019-05-07 19:00,2019-05-07 21:00,8.691,1.215,0.003,0.019,0.628
2019-05-07 20:00,2019-05-07 22:00,6.703,1.216,0,0,0.579
2019-05-07 21:00,2019-05-07 23:00,6.228,1.218,0,0,0.811
2019-05-07 22:00,2019-05-08 00:00,5.942,1.219,0,0,0.958
2019-05-07 23:00,2019-05-08 01:00,6.101,1.220,0,0,0.963
2019-05-08 00:00,2019-05-08 02:00,6.137,1.222,0,0,0.974
2019-05-08 01:00,2019-05-08 03:00,6.132,1.224,0,0,0.991
2019-05-08 02:00,2019-05-08 04:00,5.828,1.226,0,0,0.987
2019-05-08 03:00,2019-05-08 05:00,5.468,1.229,0,0,0.988
2019-05-08 04:00,2019-05-08 06:00,5.391,1.230,12.632,85.932,0.988
2019-05-08 05:00,2019-05-08 07:00,5.581,1.230,35.929,293.164,0.989
2019-05-08 06:00,2019-05-08 08:00,6.308,1.227,97.896,501.516,0.991
2019-05-08 07:00,2019-05-08 09:00,8.572,1.218,264.640,696.077,0.975
2019-05-08 08:00,2019-05-08 10:00,11.236,1.206,443.004,863.843,0.977
2019-05-08 09:00,2019-05-08 11:00,12.065,1.200,355.819,993.229,0.991
2019-05-08 10:00,2019-05-08 12:00,13.219,1.194,492.509,1075.520,0.975
2019-05-08 11:00,2019-05-08 13:00,13.833,1.190,441.928,1104.801,0.986
2019-05-08 12:00,2019-05-08 14:00,13.318,1.189,235.273,1079.521,0.992
2019-05-08 13:00,2019-05-08 15:00,13.035,1.188,193.549,1001.290,0.993
2019-05-08 14:00,2019-05-08 16:00,12.630,1.188,130.972,875.393,0.990
2019-05-08 15:00,2019-05-08 17:00,12.457,1.188,125.437,710.503,0.983
2019-05-08 16:00,2019-05-08 18:00,12.125,1.188,79.728,517.873,0.977
2019-05-08 17:00,2019-05-08 19:00,11.451,1.189,34.628,310.562,0.965
2019-05-08 18:00,2019-05-08 20:00,10.472,1.191,11.058,102.811,0.970
2019-05-08 19:00,2019-05-08 21:00,9.482,1.195,0.007,0.081,0.714
2019-05-08 20:00,2019-05-08 22:00,8.624,1.199,0,0,0.297
2019-05-08 21:00,2019-05-08 23:00,8.300,1.203,0,0,0.370
2019-05-08 22:00,2019-05-09 00:00,7.993,1.205,0,0,0.507
2019-05-08 23:00,2019-05-09 01:00,7.823,1.206,0,0,0.444
2019-05-09 00:00,2019-05-09 02:00,7.653,1.207,0,0,0.462
2019-05-09 01:00,2019-05-09 03:00,7.472,1.208,0,0,0.534
2019-05-09 02:00,2019-05-09 04:00,7.340,1.209,0,0,0.552
2019-05-09 03:00,2019-05-09 05:00,7.286,1.208,0,0.003,0.463
2019-05-09 04:00,2019-05-09 06:00,7.140,1.209,30.694,90.595,0.474
2019-05-09 05:00,2019-05-09 07:00,7.950,1.209,142.352,297.759,0.521
2019-05-09 06:00,2019-05-09 08:00,9.066,1.206,305.032,505.656,0.295
2019-05-09 07:00,2019-05-09 09:00,10.795,1.201,487.758,700.020,0.171
2019-05-09 08:00,2019-05-09 10:00,12.454,1.195,607.987,867.312,0.246
2019-05-09 09:00,2019-05-09 11:00,13.363,1.192,673.356,996.475,0.577
2019-05-09 10:00,2019-05-09 12:00,13.792,1.190,620.032,1078.520,0.709
2019-05-09 11:00,2019-05-09 13:00,13.873,1.189,507.851,1107.801,0.713
2019-05-09 12:00,2019-05-09 14:00,13.953,1.188,428.433,1082.521,0.642
2019-05-09 13:00,2019-05-09 15:00,14.025,1.188,373.398,1004.535,0.670
2019-05-09 14:00,2019-05-09 16:00,13.932,1.188,283.313,878.893,0.762
2019-05-09 15:00,2019-05-09 17:00,13.736,1.187,198.829,714.253,0.745
2019-05-09 16:00,2019-05-09 18:00,13.451,1.188,127.386,521.905,0.693
2019-05-09 17:00,2019-05-09 19:00,12.885,1.189,84.725,315.077,0.578
2019-05-09 18:00,2019-05-09 20:00,11.519,1.192,25.585,107.731,0.424
2019-05-09 19:00,2019-05-09 21:00,10.111,1.195,0.024,0.225,0.368
2019-05-09 20:00,2019-05-09 22:00,9.609,1.200,0,0,0.388
2019-05-09 21:00,2019-05-09 23:00,9.243,1.204,0,0,0.268
2019-05-09 22:00,2019-05-10 00:00,8.728,1.208,0,0,0.169
2019-05-09 23:00,2019-05-10 01:00,8.046,1.211,0,0,0.111
2019-05-10 00:00,2019-05-10 02:00,7.361,1.215,0,0,0.201
2019-05-10 01:00,2019-05-10 03:00,7.065,1.217,0,0,0.395
2019-05-10 02:00,2019-05-10 04:00,7.333,1.218,0,0,0.717
2019-05-10 03:00,2019-05-10 05:00,7.435,1.220,0,0.016,0.813
2019-05-10 04:00,2019-05-10 06:00,7.374,1.222,8.689,95.312,0.805
2019-05-10 05:00,2019-05-10 07:00,7.637,1.222,46.706,302.259,0.772
2019-05-10 06:00,2019-05-10 08:00,8.334,1.221,102.151,509.764,0.758
2019-05-10 07:00,2019-05-10 09:00,9.217,1.218,155.485,703.766,0.726
2019-05-10 08:00,2019-05-10 10:00,10.342,1.215,289.977,870.782,0.377
2019-05-10 09:00,2019-05-10 11:00,11.955,1.212,596.292,999.509,0.251
2019-05-10 10:00,2019-05-10 12:00,12.822,1.210,596.941,1081.512,0.279
2019-05-10 11:00,2019-05-10 13:00,13.396,1.208,647.144,1110.801,0.236
2019-05-10 12:00,2019-05-10 14:00,13.869,1.207,677.161,1085.468,0.261
2019-05-10 13:00,2019-05-10 15:00,14.126,1.206,645.255,1007.569,0.514
2019-05-10 14:00,2019-05-10 16:00,14.193,1.205,556.525,882.173,0.456
2019-05-10 15:00,2019-05-10 17:00,14.093,1.204,442.480,718.003,0.198
2019-05-10 16:00,2019-05-10 18:00,13.670,1.203,291.658,526.094,0.377
2019-05-10 17:00,2019-05-10 19:00,12.800,1.205,133.986,319.546,0.673
2019-05-10 18:00,2019-05-10 20:00,10.926,1.207,32.585,112.562,0.683
2019-05-10 19:00,2019-05-10 21:00,9.104,1.210,0.068,0.489,0.774
2019-05-10 20:00,2019-05-10 22:00,8.591,1.213,0,0,0.832
2019-05-10 21:00,2019-05-10 23:00,8.346,1.215,0,0,0.940
2019-05-10 22:00,2019-05-11 00:00,8.187,1.216,0,0,0.987
2019-05-10 23:00,2019-05-11 01:00,8.028,1.217,0,0,0.984
2019-05-11 00:00,2019-05-11 02:00,7.877,1.217,0,0,0.941
2019-05-11 01:00,2019-05-11 03:00,7.725,1.217,0,0,0.909
2019-05-11 02:00,2019-05-11 04:00,7.543,1.218,0,0,0.891
2019-05-11 03:00,2019-05-11 05:00,7.392,1.219,0.003,0.060,0.909
2019-05-11 04:00,2019-05-11 06:00,7.415,1.220,15.697,100.026,0.932
2019-05-11 05:00,2019-05-11 07:00,8.054,1.221,62.680,306.649,0.886
2019-05-11 06:00,2019-05-11 08:00,8.707,1.221,141.200,513.845,0.869
2019-05-11 07:00,2019-05-11 09:00,9.606,1.217,197.109,707.270,0.864
2019-05-11 08:00,2019-05-11 10:00,10.232,1.216,255.337,874.062,0.917
2019-05-11 09:00,2019-05-11 11:00,10.637,1.216,284.591,1002.698,0.964
2019-05-11 10:00,2019-05-11 12:00,10.821,1.216,260.350,1084.512,0.978
2019-05-11 11:00,2019-05-11 13:00,11.025,1.216,261.039,1113.740,0.988
2019-05-11 12:00,2019-05-11 14:00,11.283,1.216,269.971,1088.468,0.994
2019-05-11 13:00,2019-05-11 15:00,11.519,1.216,266.644,1010.569,0.994
2019-05-11 14:00,2019-05-11 16:00,11.853,1.216,282.682,885.423,0.984
2019-05-11 15:00,2019-05-11 17:00,12.230,1.216,280.048,721.503,0.809
2019-05-11 16:00,2019-05-11 18:00,12.404,1.215,226.468,529.905,0.753
2019-05-11 17:00,2019-05-11 19:00,11.957,1.215,146.822,323.908,0.453
2019-05-11 18:00,2019-05-11 20:00,9.990,1.218,45.144,117.285,0.259
2019-05-11 19:00,2019-05-11 21:00,7.950,1.225,0.164,0.871,0.091
2019-05-11 20:00,2019-05-11 22:00,6.790,1.235,0,0,0.011
2019-05-11 21:00,2019-05-11 23:00,5.492,1.244,0,0,0.001
2019-05-11 22:00,2019-05-12 00:00,4.383,1.251,0,0,0
2019-05-11 23:00,2019-05-12 01:00,3.498,1.255,0,0,0.002
2019-05-12 00:00,2019-05-12 02:00,2.683,1.259,0,0,0.013
2019-05-12 01:00,2019-05-12 03:00,2.006,1.263,0,0,0.082
2019-05-12 02:00,2019-05-12 04:00,1.722,1.266,0,0,0.213
2019-05-12 03:00,2019-05-12 05:00,1.725,1.268,0.023,0.166,0.443
2019-05-12 04:00,2019-05-12 06:00,2.677,1.270,36.773,104.706,0.542
2019-05-12 05:00,2019-05-12 07:00,4.393,1.268,144.351,311.007,0.353
2019-05-12 06:00,2019-05-12 08:00,6.772,1.260,330.992,517.656,0.107
2019-05-12 07:00,2019-05-12 09:00,8.641,1.254,508.539,710.800,0.050
2019-05-12 08:00,2019-05-12 10:00,10.100,1.250,665.968,877.312,0.017
2019-05-12 09:00,2019-05-12 11:00,11.388,1.246,791.482,1005.698,0.016
2019-05-12 10:00,2019-05-12 12:00,12.399,1.243,850.616,1087.080,0.052
2019-05-12 11:00,2019-05-12 13:00,13.037,1.240,836.344,1116.301,0.105
2019-05-12 12:00,2019-05-12 14:00,13.328,1.238,779.705,1091.400,0.122
2019-05-12 13:00,2019-05-12 15:00,13.498,1.237,714.158,1013.569,0.120
2019-05-12 14:00,2019-05-12 16:00,13.446,1.236,610.126,888.673,0.128
2019-05-12 15:00,2019-05-12 17:00,13.213,1.235,473.791,725.003,0.139
2019-05-12 16:00,2019-05-12 18:00,12.766,1.235,324.831,533.844,0.199
2019-05-12 17:00,2019-05-12 19:00,11.831,1.236,158.850,328.158,0.266
2019-05-12 18:00,2019-05-12 20:00,9.742,1.239,47.387,121.914,0.188
2019-05-12 19:00,2019-05-12 21:00,7.690,1.244,0.257,1.368,0.148
2019-05-12 20:00,2019-05-12 22:00,6.946,1.250,0,0,0.120
2019-05-12 21:00,2019-05-12 23:00,6.124,1.256,0,0,0.091
2019-05-12 22:00,2019-05-13 00:00,5.258,1.261,0,0,0.051
2019-05-12 23:00,2019-05-13 01:00,4.268,1.265,0,0,0.041
2019-05-13 00:00,2019-05-13 02:00,3.255,1.269,0,0,0.046
2019-05-13 01:00,2019-05-13 03:00,2.375,1.272,0,0,0.068
2019-05-13 02:00,2019-05-13 04:00,1.563,1.275,0,0,0.177
2019-05-13 03:00,2019-05-13 05:00,0.861,1.278,0.079,0.364,0.537
2019-05-13 04:00,2019-05-13 06:00,1.488,1.281,50.288,109.324,0.739
2019-05-13 05:00,2019-05-13 07:00,3.777,1.281,187.324,315.257,0.636
2019-05-13 06:00,2019-05-13 08:00,6.262,1.272,358.240,521.595,0.595
2019-05-13 07:00,2019-05-13 09:00,8.490,1.264,519.808,714.296,0.535
2019-05-13 08:00,2019-05-13 10:00,10.349,1.258,685.119,880.501,0.100
2019-05-13 09:00,2019-05-13 11:00,11.946,1.251,810.174,1008.505,0
2019-05-13 10:00,2019-05-13 12:00,13.187,1.246,882.215,1090.012,0
2019-05-13 11:00,2019-05-13 13:00,14.093,1.242,906.159,1119.240,0
2019-05-13 12:00,2019-05-13 14:00,14.691,1.238,880.958,1093.968,0
2019-05-13 13:00,2019-05-13 15:00,14.968,1.235,808.001,1016.539,0.259
2019-05-13 14:00,2019-05-13 16:00,14.935,1.233,684.313,891.863,0.598
2019-05-13 15:00,2019-05-13 17:00,14.695,1.232,543.631,728.477,0.051
2019-05-13 16:00,2019-05-13 18:00,14.172,1.231,381.936,537.624,0
2019-05-13 17:00,2019-05-13 19:00,13.013,1.232,212.020,332.298,0
2019-05-13 18:00,2019-05-13 20:00,10.190,1.234,63.010,126.445,0
2019-05-13 19:00,2019-05-13 21:00,7.801,1.239,0.456,1.975,0
2019-05-13 20:00,2019-05-13 22:00,7.078,1.246,0,0,0
2019-05-13 21:00,2019-05-13 23:00,6.367,1.252,0,0,0
2019-05-13 22:00,2019-05-14 00:00,5.652,1.258,0,0,0.023
2019-05-13 23:00,2019-05-14 01:00,4.516,1.262,0,0,0.201
2019-05-14 00:00,2019-05-14 02:00,3.659,1.265,0,0,0.302
2019-05-14 01:00,2019-05-14 03:00,2.932,1.268,0,0,0.142
2019-05-14 02:00,2019-05-14 04:00,2.252,1.270,0,0,0.113
2019-05-14 03:00,2019-05-14 05:00,1.611,1.273,0.147,0.671,0.260
2019-05-14 04:00,2019-05-14 06:00,2.325,1.275,50.746,113.850,0.441
2019-05-14 05:00,2019-05-14 07:00,4.267,1.273,175.174,319.367,0.784
2019-05-14 06:00,2019-05-14 08:00,6.579,1.265,304.614,525.345,0.929
2019-05-14 07:00,2019-05-14 09:00,9.014,1.255,473.384,717.740,0.862
2019-05-14 08:00,2019-05-14 10:00,10.906,1.248,632.748,883.531,0.488
2019-05-14 09:00,2019-05-14 11:00,12.399,1.242,790.231,1011.444,0.061
2019-05-14 10:00,2019-05-14 12:00,13.498,1.237,865.738,1092.580,0.001
2019-05-14 11:00,2019-05-14 13:00,14.272,1.233,891.717,1121.740,0.001
2019-05-14 12:00,2019-05-14 14:00,14.780,1.230,871.258,1096.847,0.003
2019-05-14 13:00,2019-05-14 15:00,15.030,1.228,801.210,1019.315,0.012
2019-05-14 14:00,2019-05-14 16:00,15.033,1.225,689.310,894.892,0.044
2019-05-14 15:00,2019-05-14 17:00,14.774,1.224,540.520,731.727,0.234
2019-05-14 16:00,2019-05-14 18:00,14.145,1.223,356.945,541.344,0.213
2019-05-14 17:00,2019-05-14 19:00,13.104,1.224,208.332,336.298,0.018
2019-05-14 18:00,2019-05-14 20:00,10.527,1.227,63.203,130.879,0.019
2019-05-14 19:00,2019-05-14 21:00,7.994,1.231,0.623,2.684,0.032
2019-05-14 20:00,2019-05-14 22:00,7.076,1.234,0,0,0.028
2019-05-14 21:00,2019-05-14 23:00,6.267,1.237,0,0,0.012
2019-05-14 22:00,2019-05-15 00:00,5.562,1.239,0,0,0.020
2019-05-14 23:00,2019-05-15 01:00,4.912,1.241,0,0,0.016
2019-05-15 00:00,2019-05-15 02:00,4.321,1.244,0,0,0.051
2019-05-15 01:00,2019-05-15 03:00,3.760,1.246,0,0,0.081
2019-05-15 02:00,2019-05-15 04:00,3.198,1.248,0,0,0.014
2019-05-15 03:00,2019-05-15 05:00,2.558,1.251,0.243,1.086,0.045
2019-05-15 04:00,2019-05-15 06:00,3.068,1.255,58.124,118.281,0.066
2019-05-15 05:00,2019-05-15 07:00,5.695,1.257,206.501,323.380,0.002
2019-05-15 06:00,2019-05-15 08:00,8.079,1.250,378.321,528.875,0
2019-05-15 07:00,2019-05-15 09:00,10.148,1.242,547.352,720.990,0
2019-05-15 08:00,2019-05-15 10:00,11.219,1.239,696.495,886.501,0
2019-05-15 09:00,2019-05-15 11:00,12.352,1.235,811.872,1014.194,0
2019-05-15 10:00,2019-05-15 12:00,13.456,1.229,882.708,1095.080,0
2019-05-15 11:00,2019-05-15 13:00,14.364,1.225,905.574,1124.240,0
2019-05-15 12:00,2019-05-15 14:00,15.015,1.221,879.496,1099.347,0
2019-05-15 13:00,2019-05-15 15:00,15.367,1.217,806.862,1022.039,0.004
2019-05-15 14:00,2019-05-15 16:00,15.384,1.215,689.964,897.863,0.022
2019-05-15 15:00,2019-05-15 17:00,15.061,1.214,529.756,734.977,0.098
2019-05-15 16:00,2019-05-15 18:00,14.371,1.215,352.568,544.874,0.217
2019-05-15 17:00,2019-05-15 19:00,13.300,1.216,180.983,340.298,0.266
2019-05-15 18:00,2019-05-15 20:00,11.131,1.219,55.386,135.243,0.163
2019-05-15 19:00,2019-05-15 21:00,8.784,1.222,0.768,3.489,0.126
2019-05-15 20:00,2019-05-15 22:00,8.025,1.224,0,0,0.200
2019-05-15 21:00,2019-05-15 23:00,7.732,1.226,0,0,0.372
2019-05-15 22:00,2019-05-16 00:00,7.737,1.228,0,0,0.460
2019-05-15 23:00,2019-05-16 01:00,7.537,1.229,0,0,0.447
2019-05-16 00:00,2019-05-16 02:00,7.008,1.231,0,0,0.366
2019-05-16 01:00,2019-05-16 03:00,6.242,1.233,0,0,0.246
2019-05-16 02:00,2019-05-16 04:00,5.318,1.235,0,0,0.154
2019-05-16 03:00,2019-05-16 05:00,4.574,1.238,0.326,1.601,0.205
2019-05-16 04:00,2019-05-16 06:00,5.166,1.240,52.681,122.593,0.205
2019-05-16 05:00,2019-05-16 07:00,7.257,1.241,190.075,327.367,0.131
2019-05-16 06:00,2019-05-16 08:00,9.376,1.234,353.740,532.591,0.138
2019-05-16 07:00,2019-05-16 09:00,11.084,1.228,510.975,724.235,0.175
2019-05-16 08:00,2019-05-16 10:00,12.263,1.224,652.784,889.501,0.106
2019-05-16 09:00,2019-05-16 11:00,13.387,1.219,777.422,1016.728,0.083
2019-05-16 10:00,2019-05-16 12:00,14.455,1.215,828.548,1097.580,0.153
2019-05-16 11:00,2019-05-16 13:00,15.271,1.210,831.285,1126.740,0.356
2019-05-16 12:00,2019-05-16 14:00,15.458,1.207,720.830,1101.847,0.455
2019-05-16 13:00,2019-05-16 15:00,15.018,1.207,583.609,1024.543,0.617
2019-05-16 14:00,2019-05-16 16:00,14.127,1.209,430.417,900.642,0.656
2019-05-16 15:00,2019-05-16 17:00,13.123,1.212,322.068,738.227,0.661
2019-05-16 16:00,2019-05-16 18:00,12.032,1.214,192.090,548.374,0.753
2019-05-16 17:00,2019-05-16 19:00,10.966,1.217,82.514,344.173,0.800
2019-05-16 18:00,2019-05-16 20:00,9.991,1.220,21.655,139.493,0.870
2019-05-16 19:00,2019-05-16 21:00,9.262,1.222,0.221,4.383,0.921
2019-05-16 20:00,2019-05-16 22:00,8.868,1.223,0,0,0.902
2019-05-16 21:00,2019-05-16 23:00,8.539,1.224,0,0,0.859
2019-05-16 22:00,2019-05-17 00:00,8.224,1.224,0,0,0.827
2019-05-16 23:00,2019-05-17 01:00,7.955,1.224,0,0,0.795
2019-05-17 00:00,2019-05-17 02:00,7.628,1.224,0,0,0.727
2019-05-17 01:00,2019-05-17 03:00,7.255,1.225,0,0,0.674
2019-05-17 02:00,2019-05-17 04:00,6.979,1.225,0,0,0.670
2019-05-17 03:00,2019-05-17 05:00,6.764,1.226,0.217,2.210,0.681
2019-05-17 04:00,2019-05-17 06:00,6.929,1.227,26.254,126.831,0.690
2019-05-17 05:00,2019-05-17 07:00,7.443,1.226,94.783,331.117,0.677
2019-05-17 06:00,2019-05-17 08:00,8.336,1.223,186.635,536.064,0.653
2019-05-17 07:00,2019-05-17 09:00,9.486,1.219,281.135,727.429,0.655
2019-05-17 08:00,2019-05-17 10:00,10.633,1.214,334.495,892.251,0.729
2019-05-17 09:00,2019-05-17 11:00,11.553,1.210,345.363,1019.418,0.753
2019-05-17 10:00,2019-05-17 12:00,12.479,1.206,398.417,1100.071,0.709
2019-05-17 11:00,2019-05-17 13:00,13.460,1.202,455.735,1129.240,0.765
2019-05-17 12:00,2019-05-17 14:00,14.067,1.199,417.091,1104.347,0.787
2019-05-17 13:00,2019-05-17 15:00,14.337,1.196,321.521,1027.073,0.874
2019-05-17 14:00,2019-05-17 16:00,14.601,1.194,289.953,903.392,0.821
2019-05-17 15:00,2019-05-17 17:00,14.773,1.192,230.483,741.227,0.682
2019-05-17 16:00,2019-05-17 18:00,14.877,1.190,198.167,551.848,0.494
2019-05-17 17:00,2019-05-17 19:00,14.506,1.190,144.940,347.923,0.281
2019-05-17 18:00,2019-05-17 20:00,12.528,1.190,52.294,143.619,0.167
2019-05-17 19:00,2019-05-17 21:00,10.432,1.192,1.124,5.362,0.113
2019-05-17 20:00,2019-05-17 22:00,9.829,1.195,0,0,0.082
2019-05-17 21:00,2019-05-17 23:00,9.375,1.197,0,0,0.062
2019-05-17 22:00,2019-05-18 00:00,8.922,1.198,0,0,0.047
2019-05-17 23:00,2019-05-18 01:00,8.473,1.200,0,0,0.044
2019-05-18 00:00,2019-05-18 02:00,8.022,1.201,0,0,0.104
2019-05-18 01:00,2019-05-18 03:00,7.607,1.203,0,0,0.315
2019-05-18 02:00,2019-05-18 04:00,7.314,1.205,0,0,0.782
2019-05-18 03:00,2019-05-18 05:00,7.090,1.207,0.648,2.906,0.901
2019-05-18 04:00,2019-05-18 06:00,8.240,1.208,44.605,130.928,0.879
2019-05-18 05:00,2019-05-18 07:00,10.381,1.208,133.159,334.867,0.699
2019-05-18 06:00,2019-05-18 08:00,11.839,1.204,252.991,539.341,0.512
2019-05-18 07:00,2019-05-18 09:00,14.678,1.193,413.469,730.429,0.411
2019-05-18 08:00,2019-05-18 10:00,16.955,1.185,540.977,894.997,0.365
2019-05-18 09:00,2019-05-18 11:00,18.123,1.180,584.027,1021.918,0.452
2019-05-18 10:00,2019-05-18 12:00,18.686,1.178,554.143,1102.458,0.611
2019-05-18 11:00,2019-05-18 13:00,18.823,1.176,455.213,1131.240,0.796
2019-05-18 12:00,2019-05-18 14:00,18.905,1.175,397.175,1106.459,0.932
2019-05-18 13:00,2019-05-18 15:00,19.074,1.174,379.796,1029.573,0.967
2019-05-18 14:00,2019-05-18 16:00,19.212,1.173,350.344,906.116,0.960
2019-05-18 15:00,2019-05-18 17:00,19.030,1.173,253.689,744.227,0.872
2019-05-18 16:00,2019-05-18 18:00,18.790,1.173,201.938,555.098,0.755
2019-05-18 17:00,2019-05-18 19:00,17.938,1.174,111.851,351.563,0.729
2019-05-18 18:00,2019-05-18 20:00,16.136,1.175,36.845,147.619,0.875
2019-05-18 19:00,2019-05-18 21:00,14.441,1.177,0.947,6.417,0.959
2019-05-18 20:00,2019-05-18 22:00,13.596,1.180,0,0,0.965
2019-05-18 21:00,2019-05-18 23:00,13.046,1.183,0,0,0.968
2019-05-18 22:00,2019-05-19 00:00,12.586,1.186,0,0,0.981
2019-05-18 23:00,2019-05-19 01:00,12.352,1.188,0,0,0.986
2019-05-19 00:00,2019-05-19 02:00,12.171,1.190,0,0,0.991
2019-05-19 01:00,2019-05-19 03:00,11.794,1.193,0,0,0.992
2019-05-19 02:00,2019-05-19 04:00,11.352,1.195,0,0,0.991
2019-05-19 03:00,2019-05-19 05:00,10.914,1.197,0.411,3.682,0.990
2019-05-19 04:00,2019-05-19 06:00,10.995,1.199,28.273,134.976,0.971
2019-05-19 05:00,2019-05-19 07:00,11.938,1.200,112.714,338.586,0.828
2019-05-19 06:00,2019-05-19 08:00,13.113,1.198,252.963,542.591,0.675
2019-05-19 07:00,2019-05-19 09:00,15.636,1.188,400.926,733.235,0.482
2019-05-19 08:00,2019-05-19 10:00,17.677,1.180,519.401,897.531,0.528
2019-05-19 09:00,2019-05-19 11:00,18.715,1.175,499.851,1024.228,0.736
2019-05-19 10:00,2019-05-19 12:00,19.029,1.173,398.515,1104.950,0.848
2019-05-19 11:00,2019-05-19 13:00,19.225,1.171,355.249,1133.740,0.843
2019-05-19 12:00,2019-05-19 14:00,19.341,1.171,325.669,1108.847,0.870
2019-05-19 13:00,2019-05-19 15:00,19.283,1.171,278.778,1032.064,0.927
2019-05-19 14:00,2019-05-19 16:00,19.147,1.171,240.872,908.642,0.956
2019-05-19 15:00,2019-05-19 17:00,18.838,1.171,201.655,747.196,0.941
2019-05-19 16:00,2019-05-19 18:00,18.376,1.172,156.862,558.348,0.882
2019-05-19 17:00,2019-05-19 19:00,17.508,1.174,104.048,355.174,0.698
2019-05-19 18:00,2019-05-19 20:00,15.649,1.176,42.761,151.556,0.558
2019-05-19 19:00,2019-05-19 21:00,13.670,1.180,1.355,7.540,0.508
2019-05-19 20:00,2019-05-19 22:00,12.706,1.184,0,0,0.465
2019-05-19 21:00,2019-05-19 23:00,11.949,1.189,0,0,0.394
2019-05-19 22:00,2019-05-20 00:00,11.190,1.193,0,0,0.344
2019-05-19 23:00,2019-05-20 01:00,10.542,1.196,0,0,0.296
2019-05-20 00:00,2019-05-20 02:00,9.940,1.199,0,0,0.231
2019-05-20 01:00,2019-05-20 03:00,9.421,1.201,0,0,0.237
2019-05-20 02:00,2019-05-20 04:00,9.040,1.202,0,0,0.304
2019-05-20 03:00,2019-05-20 05:00,8.752,1.204,0.985,4.534,0.417
2019-05-20 04:00,2019-05-20 06:00,9.745,1.206,52.736,138.851,0.550
2019-05-20 05:00,2019-05-20 07:00,11.130,1.206,170.813,342.114,0.500
2019-05-20 06:00,2019-05-20 08:00,12.903,1.200,319.125,545.814,0.461
2019-05-20 07:00,2019-05-20 09:00,14.596,1.195,496.015,736.205,0.718
2019-05-20 08:00,2019-05-20 10:00,16.103,1.190,583.563,900.221,0.896
2019-05-20 09:00,2019-05-20 11:00,17.270,1.186,664.483,1026.667,0.889
2019-05-20 10:00,2019-05-20 12:00,18.107,1.183,707.119,1106.958,0.786
2019-05-20 11:00,2019-05-20 13:00,18.670,1.180,701.293,1135.740,0.871
2019-05-20 12:00,2019-05-20 14:00,18.784,1.178,595.481,1110.906,0.939
2019-05-20 13:00,2019-05-20 15:00,18.513,1.178,455.824,1034.451,0.970
2019-05-20 14:00,2019-05-20 16:00,17.678,1.179,246.808,911.332,0.990
2019-05-20 15:00,2019-05-20 17:00,16.929,1.181,141.733,749.946,0.993
2019-05-20 16:00,2019-05-20 18:00,16.406,1.183,101.395,561.348,0.993
2019-05-20 17:00,2019-05-20 19:00,15.714,1.185,54.194,358.657,0.992
2019-05-20 18:00,2019-05-20 20:00,14.842,1.188,16.562,155.376,0.988
2019-05-20 19:00,2019-05-20 21:00,13.971,1.193,0.459,8.722,0.984
2019-05-20 20:00,2019-05-20 22:00,13.198,1.197,0,0,0.980
2019-05-20 21:00,2019-05-20 23:00,12.562,1.200,0,0,0.973
2019-05-20 22:00,2019-05-21 00:00,11.995,1.203,0,0,0.979
2019-05-20 23:00,2019-05-21 01:00,11.407,1.206,0,0,0.975
2019-05-21 00:00,2019-05-21 02:00,10.916,1.208,0,0,0.978
2019-05-21 01:00,2019-05-21 03:00,10.584,1.210,0,0,0.988
2019-05-21 02:00,2019-05-21 04:00,10.420,1.210,0,0,0.990
2019-05-21 03:00,2019-05-21 05:00,10.356,1.211,0.175,5.451,0.985
2019-05-21 04:00,2019-05-21 06:00,10.353,1.211,10.429,142.662,0.984
2019-05-21 05:00,2019-05-21 07:00,10.475,1.212,33.025,345.584,0.983
2019-05-21 06:00,2019-05-21 08:00,10.745,1.212,66.015,548.841,0.977
2019-05-21 07:00,2019-05-21 09:00,11.129,1.211,107.460,738.955,0.978
2019-05-21 08:00,2019-05-21 10:00,11.668,1.210,150.614,902.721,0.983
2019-05-21 09:00,2019-05-21 11:00,12.169,1.209,187.962,1028.728,0.981
2019-05-21 10:00,2019-05-21 12:00,12.705,1.208,240.632,1109.018,0.967
2019-05-21 11:00,2019-05-21 13:00,13.372,1.206,296.369,1137.740,0.927
2019-05-21 12:00,2019-05-21 14:00,14.110,1.204,373.195,1112.959,0.839
2019-05-21 13:00,2019-05-21 15:00,14.544,1.202,364.795,1036.564,0.773
2019-05-21 14:00,2019-05-21 16:00,14.492,1.202,291.615,913.616,0.761
2019-05-21 15:00,2019-05-21 17:00,14.159,1.203,216.717,752.696,0.784
2019-05-21 16:00,2019-05-21 18:00,13.553,1.205,138.095,564.377,0.856
2019-05-21 17:00,2019-05-21 19:00,12.757,1.208,69.498,362.019,0.892
2019-05-21 18:00,2019-05-21 20:00,11.996,1.212,22.011,159.111,0.936
2019-05-21 19:00,2019-05-21 21:00,11.383,1.215,0.825,9.959,0.976
2019-05-21 20:00,2019-05-21 22:00,10.913,1.217,0,0,0.985
2019-05-21 21:00,2019-05-21 23:00,10.550,1.219,0,0,0.984
2019-05-21 22:00,2019-05-22 00:00,10.333,1.221,0,0,0.958
2019-05-21 23:00,2019-05-22 01:00,10.110,1.222,0,0,0.943
2019-05-22 00:00,2019-05-22 02:00,9.898,1.223,0,0,0.934
2019-05-22 01:00,2019-05-22 03:00,9.687,1.224,0,0,0.914
2019-05-22 02:00,2019-05-22 04:00,9.507,1.225,0,0,0.891
2019-05-22 03:00,2019-05-22 05:00,9.320,1.227,0.395,6.429,0.900
2019-05-22 04:00,2019-05-22 06:00,9.222,1.228,17.591,146.342,0.915
2019-05-22 05:00,2019-05-22 07:00,9.193,1.230,56.343,348.957,0.944
2019-05-22 06:00,2019-05-22 08:00,9.285,1.232,119.707,551.841,0.896
2019-05-22 07:00,2019-05-22 09:00,9.962,1.231,238.374,741.675,0.367
2019-05-22 08:00,2019-05-22 10:00,11.807,1.226,556.066,904.997,0.137
2019-05-22 09:00,2019-05-22 11:00,13.887,1.219,758.189,1031.107,0.056
2019-05-22 10:00,2019-05-22 12:00,15.651,1.212,868.511,1111.018,0.022
2019-05-22 11:00,2019-05-22 13:00,16.902,1.206,895.939,1139.740,0.028
2019-05-22 12:00,2019-05-22 14:00,17.579,1.203,859.615,1114.959,0.177
2019-05-22 13:00,2019-05-22 15:00,17.841,1.201,770.162,1038.951,0.467
2019-05-22 14:00,2019-05-22 16:00,17.893,1.199,648.014,916.112,0.808
2019-05-22 15:00,2019-05-22 17:00,17.875,1.197,515.429,755.226,0.941
2019-05-22 16:00,2019-05-22 18:00,17.475,1.195,309.060,567.348,0.954
2019-05-22 17:00,2019-05-22 19:00,16.722,1.195,177.373,365.284,0.951
2019-05-22 18:00,2019-05-22 20:00,14.715,1.197,65.228,162.682,0.943
2019-05-22 19:00,2019-05-22 21:00,12.907,1.199,2.905,11.246,0.941
2019-05-22 20:00,2019-05-22 22:00,12.252,1.202,0,0,0.940
2019-05-22 21:00,2019-05-22 23:00,11.708,1.206,0,0,0.957
2019-05-22 22:00,2019-05-23 00:00,11.388,1.209,0,0,0.944
2019-05-22 23:00,2019-05-23 01:00,11.436,1.212,0,0,0.893
2019-05-23 00:00,2019-05-23 02:00,11.453,1.214,0,0,0.886
2019-05-23 01:00,2019-05-23 03:00,11.143,1.215,0,0,0.742
2019-05-23 02:00,2019-05-23 04:00,10.104,1.216,0,0,0.665
2019-05-23 03:00,2019-05-23 05:00,8.867,1.218,1.949,7.460,0.796
2019-05-23 04:00,2019-05-23 06:00,8.963,1.219,62.588,149.952,0.755
2019-05-23 05:00,2019-05-23 07:00,11.442,1.219,191.974,352.099,0.777
2019-05-23 06:00,2019-05-23 08:00,13.068,1.216,335.182,554.810,0.855
2019-05-23 07:00,2019-05-23 09:00,15.993,1.205,478.503,744.205,0.886
2019-05-23 08:00,2019-05-23 10:00,17.859,1.198,619.098,907.277,0.887
2019-05-23 09:00,2019-05-23 11:00,19.075,1.194,758.018,1033.167,0.887
2019-05-23 10:00,2019-05-23 12:00,20.021,1.190,840.164,1113.018,0.908
2019-05-23 11:00,2019-05-23 13:00,20.694,1.187,854.382,1141.740,0.948
2019-05-23 12:00,2019-05-23 14:00,21.005,1.184,766.574,1116.906,0.962
2019-05-23 13:00,2019-05-23 15:00,21.041,1.182,638.334,1040.951,0.968
2019-05-23 14:00,2019-05-23 16:00,20.744,1.181,477.273,918.362,0.970
2019-05-23 15:00,2019-05-23 17:00,20.275,1.181,333.358,757.726,0.969
2019-05-23 16:00,2019-05-23 18:00,19.561,1.181,210.849,570.317,0.966
2019-05-23 17:00,2019-05-23 19:00,18.304,1.183,118.486,368.424,0.964
2019-05-23 18:00,2019-05-23 20:00,16.289,1.185,45.702,166.182,0.966
2019-05-23 19:00,2019-05-23 21:00,14.868,1.187,2.448,12.569,0.970
2019-05-23 20:00,2019-05-23 22:00,14.698,1.189,0,0,0.981
2019-05-23 21:00,2019-05-23 23:00,14.803,1.191,0,0,0.969
2019-05-23 22:00,2019-05-24 00:00,14.503,1.193,0,0,0.947
2019-05-23 23:00,2019-05-24 01:00,13.765,1.195,0,0,0.908
2019-05-24 00:00,2019-05-24 02:00,12.747,1.196,0,0,0.826
2019-05-24 01:00,2019-05-24 03:00,11.578,1.198,0,0,0.552
2019-05-24 02:00,2019-05-24 04:00,10.744,1.200,0,0,0.689
2019-05-24 03:00,2019-05-24 05:00,10.348,1.202,2.017,8.537,0.897
2019-05-24 04:00,2019-05-24 06:00,11.002,1.204,52.929,153.396,0.882
2019-05-24 05:00,2019-05-24 07:00,13.266,1.205,163.193,355.319,0.913
2019-05-24 06:00,2019-05-24 08:00,14.752,1.203,285.366,557.564,0.971
2019-05-24 07:00,2019-05-24 09:00,16.412,1.197,366.371,746.705,0.974
2019-05-24 08:00,2019-05-24 10:00,18.527,1.189,447.846,909.471,0.936
2019-05-24 09:00,2019-05-24 11:00,19.877,1.184,550.799,1035.167,0.915
2019-05-24 10:00,2019-05-24 12:00,20.839,1.180,642.399,1114.950,0.923
2019-05-24 11:00,2019-05-24 13:00,21.509,1.178,707.604,1143.678,0.883
2019-05-24 12:00,2019-05-24 14:00,21.820,1.176,687.098,1118.906,0.878
2019-05-24 13:00,2019-05-24 15:00,21.761,1.175,591.150,1042.951,0.889
2019-05-24 14:00,2019-05-24 16:00,21.436,1.175,464.541,920.585,0.881
2019-05-24 15:00,2019-05-24 17:00,20.971,1.175,359.878,760.226,0.804
2019-05-24 16:00,2019-05-24 18:00,20.329,1.175,272.243,573.067,0.690
2019-05-24 17:00,2019-05-24 19:00,19.120,1.176,163.256,371.534,0.672
2019-05-24 18:00,2019-05-24 20:00,16.944,1.180,60.022,169.565,0.620
2019-05-24 19:00,2019-05-24 21:00,14.631,1.189,3.475,13.924,0.641
2019-05-24 20:00,2019-05-24 22:00,13.019,1.200,0,0,0.636
2019-05-24 21:00,2019-05-24 23:00,11.421,1.207,0,0,0.745
2019-05-24 22:00,2019-05-25 00:00,10.347,1.210,0,0,0.877
2019-05-24 23:00,2019-05-25 01:00,9.640,1.212,0,0,0.931
2019-05-25 00:00,2019-05-25 02:00,8.984,1.214,0,0,0.923
2019-05-25 01:00,2019-05-25 03:00,8.299,1.217,0,0,0.869
2019-05-25 02:00,2019-05-25 04:00,7.619,1.221,0,0,0.777
2019-05-25 03:00,2019-05-25 05:00,6.973,1.224,2.657,9.651,0.618
2019-05-25 04:00,2019-05-25 06:00,8.184,1.228,70.639,156.764,0.484
2019-05-25 05:00,2019-05-25 07:00,9.966,1.226,198.617,358.319,0.352
2019-05-25 06:00,2019-05-25 08:00,12.035,1.219,350.519,560.310,0.346
2019-05-25 07:00,2019-05-25 09:00,13.494,1.215,507.301,749.171,0.372
2019-05-25 08:00,2019-05-25 10:00,14.933,1.211,669.127,911.716,0.394
2019-05-25 09:00,2019-05-25 11:00,16.262,1.206,769.251,1037.107,0.370
2019-05-25 10:00,2019-05-25 12:00,17.389,1.201,850.078,1116.897,0.195
2019-05-25 11:00,2019-05-25 13:00,18.121,1.198,874.767,1145.240,0.062
2019-05-25 12:00,2019-05-25 14:00,18.507,1.196,840.387,1120.838,0.051
2019-05-25 13:00,2019-05-25 15:00,18.588,1.194,758.942,1044.943,0.099
2019-05-25 14:00,2019-05-25 16:00,18.450,1.193,628.199,922.585,0.200
2019-05-25 15:00,2019-05-25 17:00,18.072,1.193,444.364,762.665,0.279
2019-05-25 16:00,2019-05-25 18:00,17.526,1.193,283.658,575.598,0.569
2019-05-25 17:00,2019-05-25 19:00,16.683,1.194,120.799,374.521,0.556
2019-05-25 18:00,2019-05-25 20:00,15.380,1.195,51.648,172.862,0.383
2019-05-25 19:00,2019-05-25 21:00,13.530,1.197,3.463,15.313,0.192
2019-05-25 20:00,2019-05-25 22:00,12.638,1.199,0,0,0.078
2019-05-25 21:00,2019-05-25 23:00,11.978,1.202,0,0,0.073
2019-05-25 22:00,2019-05-26 00:00,11.351,1.204,0,0,0.276
2019-05-25 23:00,2019-05-26 01:00,10.566,1.207,0,0,0.390
2019-05-26 00:00,2019-05-26 02:00,9.531,1.210,0,0,0.225
2019-05-26 01:00,2019-05-26 03:00,8.730,1.214,0,0,0.080
2019-05-26 02:00,2019-05-26 04:00,8.187,1.217,0,0,0.085
2019-05-26 03:00,2019-05-26 05:00,7.719,1.220,3.040,10.801,0.077
2019-05-26 04:00,2019-05-26 06:00,9.084,1.222,77.691,160.013,0.201
2019-05-26 05:00,2019-05-26 07:00,11.144,1.219,217.067,361.207,0.444
2019-05-26 06:00,2019-05-26 08:00,13.792,1.209,366.745,563.004,0.467
2019-05-26 07:00,2019-05-26 09:00,16.279,1.199,536.068,751.425,0.349
2019-05-26 08:00,2019-05-26 10:00,18.035,1.192,678.962,913.716,0.455
2019-05-26 09:00,2019-05-26 11:00,19.361,1.187,782.363,1039.099,0.507
2019-05-26 10:00,2019-05-26 12:00,20.204,1.184,819.343,1118.510,0.391
2019-05-26 11:00,2019-05-26 13:00,20.768,1.181,825.032,1147.178,0.427
2019-05-26 12:00,2019-05-26 14:00,21.122,1.178,794.846,1122.406,0.677
2019-05-26 13:00,2019-05-26 15:00,21.178,1.176,690.891,1046.511,0.890
2019-05-26 14:00,2019-05-26 16:00,20.893,1.175,518.901,924.585,0.960
2019-05-26 15:00,2019-05-26 17:00,20.315,1.175,336.126,764.919,0.974
2019-05-26 16:00,2019-05-26 18:00,19.425,1.176,171.673,578.127,0.961
2019-05-26 17:00,2019-05-26 19:00,18.509,1.177,111.298,377.301,0.769
2019-05-26 18:00,2019-05-26 20:00,17.202,1.180,61.710,175.995,0.409
2019-05-26 19:00,2019-05-26 21:00,15.175,1.184,4.546,16.721,0.221
2019-05-26 20:00,2019-05-26 22:00,14.219,1.188,0,0,0.145
2019-05-26 21:00,2019-05-26 23:00,13.549,1.192,0,0,0.205
2019-05-26 22:00,2019-05-27 00:00,13.156,1.194,0,0,0.361
2019-05-26 23:00,2019-05-27 01:00,12.818,1.197,0,0,0.552
2019-05-27 00:00,2019-05-27 02:00,12.659,1.197,0,0,0.743
2019-05-27 01:00,2019-05-27 03:00,12.692,1.198,0,0,0.920
2019-05-27 02:00,2019-05-27 04:00,12.605,1.199,0,0,0.977
2019-05-27 03:00,2019-05-27 05:00,12.650,1.199,0.912,11.976,0.977
2019-05-27 04:00,2019-05-27 06:00,12.636,1.201,20.394,163.138,0.890
2019-05-27 05:00,2019-05-27 07:00,12.880,1.202,77.385,364.069,0.693
2019-05-27 06:00,2019-05-27 08:00,13.286,1.202,181.805,565.504,0.599
2019-05-27 07:00,2019-05-27 09:00,14.058,1.201,320.457,753.671,0.501
2019-05-27 08:00,2019-05-27 10:00,15.223,1.198,478.362,915.716,0.437
2019-05-27 09:00,2019-05-27 11:00,16.468,1.194,628.376,1040.667,0.609
2019-05-27 10:00,2019-05-27 12:00,17.460,1.190,713.188,1120.018,0.617
2019-05-27 11:00,2019-05-27 13:00,18.098,1.187,709.726,1148.678,0.394
2019-05-27 12:00,2019-05-27 14:00,18.564,1.185,710.790,1123.906,0.302
2019-05-27 13:00,2019-05-27 15:00,18.863,1.183,679.026,1048.443,0.474
2019-05-27 14:00,2019-05-27 16:00,18.839,1.181,578.101,926.585,0.771
2019-05-27 15:00,2019-05-27 17:00,18.230,1.181,318.881,766.976,0.897
2019-05-27 16:00,2019-05-27 18:00,17.551,1.181,169.771,580.627,0.963
2019-05-27 17:00,2019-05-27 19:00,16.559,1.182,83.685,380.051,0.991
2019-05-27 18:00,2019-05-27 20:00,15.194,1.185,24.114,179.058,0.954
2019-05-27 19:00,2019-05-27 21:00,13.804,1.188,2.424,18.141,0.786
2019-05-27 20:00,2019-05-27 22:00,12.837,1.191,0,0,0.667
2019-05-27 21:00,2019-05-27 23:00,12.395,1.194,0,0,0.665
2019-05-27 22:00,2019-05-28 00:00,12.201,1.195,0,0,0.690
2019-05-27 23:00,2019-05-28 01:00,12.162,1.196,0,0,0.722
2019-05-28 00:00,2019-05-28 02:00,12.116,1.196,0,0,0.817
2019-05-28 01:00,2019-05-28 03:00,11.839,1.197,0,0,0.815
2019-05-28 02:00,2019-05-28 04:00,11.306,1.198,0,0,0.955
2019-05-28 03:00,2019-05-28 05:00,10.580,1.201,1.989,13.171,0.977
2019-05-28 04:00,2019-05-28 06:00,10.589,1.205,35.962,166.192,0.980
2019-05-28 05:00,2019-05-28 07:00,11.215,1.207,108.639,366.817,0.947
2019-05-28 06:00,2019-05-28 08:00,12.363,1.204,239.259,567.810,0.911
2019-05-28 07:00,2019-05-28 09:00,13.684,1.200,387.372,755.705,0.778
2019-05-28 08:00,2019-05-28 10:00,14.621,1.197,465.958,917.690,0.745
2019-05-28 09:00,2019-05-28 11:00,14.865,1.196,402.213,1042.599,0.806
2019-05-28 10:00,2019-05-28 12:00,14.358,1.196,242.373,1121.897,0.848
2019-05-28 11:00,2019-05-28 13:00,14.156,1.198,272.647,1150.178,0.814
2019-05-28 12:00,2019-05-28 14:00,13.963,1.199,257.184,1125.785,0.825
2019-05-28 13:00,2019-05-28 15:00,13.804,1.200,257.555,1050.011,0.803
2019-05-28 14:00,2019-05-28 16:00,13.463,1.202,207.178,928.365,0.801
2019-05-28 15:00,2019-05-28 17:00,13.173,1.203,189.090,769.195,0.749
2019-05-28 16:00,2019-05-28 18:00,12.818,1.205,151.450,583.067,0.731
2019-05-28 17:00,2019-05-28 19:00,12.253,1.207,83.273,382.771,0.670
2019-05-28 18:00,2019-05-28 20:00,11.403,1.210,46.150,182.003,0.463
2019-05-28 19:00,2019-05-28 21:00,10.053,1.213,3.828,19.563,0.372
2019-05-28 20:00,2019-05-28 22:00,9.239,1.217,0,0,0.248
2019-05-28 21:00,2019-05-28 23:00,8.547,1.220,0,0,0.156
2019-05-28 22:00,2019-05-29 00:00,7.844,1.223,0,0,0.119
2019-05-28 23:00,2019-05-29 01:00,7.148,1.226,0,0,0.102
2019-05-29 00:00,2019-05-29 02:00,6.394,1.230,0,0,0.089
2019-05-29 01:00,2019-05-29 03:00,5.657,1.233,0,0,0.089
2019-05-29 02:00,2019-05-29 04:00,5.143,1.236,0,0,0.067
2019-05-29 03:00,2019-05-29 05:00,4.804,1.238,4.528,14.372,0.045
2019-05-29 04:00,2019-05-29 06:00,6.096,1.240,87.624,169.123,0.038
2019-05-29 05:00,2019-05-29 07:00,8.068,1.238,239.430,369.427,0.009
2019-05-29 06:00,2019-05-29 08:00,10.183,1.231,409.723,570.249,0.006
2019-05-29 07:00,2019-05-29 09:00,12.153,1.226,573.729,757.894,0.004
2019-05-29 08:00,2019-05-29 10:00,13.925,1.220,717.369,919.466,0.002
2019-05-29 09:00,2019-05-29 11:00,15.365,1.216,828.915,1044.099,0.002
2019-05-29 10:00,2019-05-29 12:00,16.562,1.211,899.710,1123.397,0.004
2019-05-29 11:00,2019-05-29 13:00,17.482,1.207,920.336,1151.678,0.010
2019-05-29 12:00,2019-05-29 14:00,18.137,1.204,890.706,1127.285,0.018
2019-05-29 13:00,2019-05-29 15:00,18.567,1.201,819.480,1051.511,0.022
2019-05-29 14:00,2019-05-29 16:00,18.773,1.199,704.651,930.115,0.030
2019-05-29 15:00,2019-05-29 17:00,18.733,1.197,560.969,771.195,0.035
2019-05-29 16:00,2019-05-29 18:00,18.413,1.196,401.314,585.317,0.052
2019-05-29 17:00,2019-05-29 19:00,17.848,1.196,235.104,385.286,0.096
2019-05-29 18:00,2019-05-29 20:00,16.127,1.196,86.809,184.863,0.152
2019-05-29 19:00,2019-05-29 21:00,13.915,1.198,6.076,20.998,0.147
2019-05-29 20:00,2019-05-29 22:00,12.421,1.200,0,0,0.237
2019-05-29 21:00,2019-05-29 23:00,11.562,1.203,0,0,0.347
2019-05-29 22:00,2019-05-30 00:00,11.026,1.206,0,0,0.507
2019-05-29 23:00,2019-05-30 01:00,10.582,1.209,0,0,0.547
2019-05-30 00:00,2019-05-30 02:00,10.197,1.213,0,0,0.457
2019-05-30 01:00,2019-05-30 03:00,9.852,1.216,0,0,0.376
2019-05-30 02:00,2019-05-30 04:00,9.683,1.219,0,0,0.706
2019-05-30 03:00,2019-05-30 05:00,9.839,1.221,3.749,15.589,0.942
2019-05-30 04:00,2019-05-30 06:00,10.866,1.223,58.225,171.935,0.929
2019-05-30 05:00,2019-05-30 07:00,11.984,1.222,131.161,371.942,0.857
2019-05-30 06:00,2019-05-30 08:00,13.283,1.217,175.292,572.499,0.805
2019-05-30 07:00,2019-05-30 09:00,14.663,1.212,233.470,759.705,0.829
2019-05-30 08:00,2019-05-30 10:00,16.141,1.207,350.205,921.190,0.900
2019-05-30 09:00,2019-05-30 11:00,17.575,1.202,502.238,1045.658,0.790
2019-05-30 10:00,2019-05-30 12:00,18.879,1.198,673.393,1124.518,0.700
2019-05-30 11:00,2019-05-30 13:00,19.805,1.195,765.687,1153.178,0.781
2019-05-30 12:00,2019-05-30 14:00,20.317,1.193,751.821,1128.406,0.856
2019-05-30 13:00,2019-05-30 15:00,20.547,1.191,693.844,1053.011,0.938
2019-05-30 14:00,2019-05-30 16:00,20.539,1.190,607.612,931.865,0.879
2019-05-30 15:00,2019-05-30 17:00,20.326,1.189,459.825,772.949,0.961
2019-05-30 16:00,2019-05-30 18:00,19.579,1.189,208.016,587.377,0.950
2019-05-30 17:00,2019-05-30 19:00,18.925,1.190,125.916,387.771,0.898
2019-05-30 18:00,2019-05-30 20:00,17.668,1.191,62.930,187.558,0.956
2019-05-30 19:00,2019-05-30 21:00,15.931,1.194,4.870,22.414,0.950
2019-05-30 20:00,2019-05-30 22:00,15.316,1.197,0,0,0.963
2019-05-30 21:00,2019-05-30 23:00,14.757,1.200,0,0,0.955
2019-05-30 22:00,2019-05-31 00:00,14.352,1.203,0,0,0.955
2019-05-30 23:00,2019-05-31 01:00,13.849,1.206,0,0,0.871
2019-05-31 00:00,2019-05-31 02:00,13.061,1.209,0,0,0.570
2019-05-31 01:00,2019-05-31 03:00,12.062,1.213,0,0,0.515
2019-05-31 02:00,2019-05-31 04:00,11.433,1.216,0,0,0.700
2019-05-31 03:00,2019-05-31 05:00,11.034,1.219,4.603,16.805,0.764
2019-05-31 04:00,2019-05-31 06:00,11.959,1.221,71.255,174.608,0.653
2019-05-31 05:00,2019-05-31 07:00,13.437,1.219,201.748,374.317,0.564
2019-05-31 06:00,2019-05-31 08:00,15.576,1.212,363.513,574.560,0.396
2019-05-31 07:00,2019-05-31 09:00,17.694,1.205,543.762,761.644,0.295
2019-05-31 08:00,2019-05-31 10:00,19.242,1.199,681.839,922.906,0.376
2019-05-31 09:00,2019-05-31 11:00,20.397,1.195,791.572,1047.099,0.152
2019-05-31 10:00,2019-05-31 12:00,21.297,1.192,858.251,1126.010,0.077
2019-05-31 11:00,2019-05-31 13:00,22.013,1.189,886.680,1154.178,0.052
2019-05-31 12:00,2019-05-31 14:00,22.522,1.186,864.718,1129.898,0.081
2019-05-31 13:00,2019-05-31 15:00,22.770,1.184,790.674,1054.511,0.142
2019-05-31 14:00,2019-05-31 16:00,22.775,1.182,686.386,933.585,0.252
2019-05-31 15:00,2019-05-31 17:00,22.503,1.182,551.080,774.945,0.513
2019-05-31 16:00,2019-05-31 18:00,21.874,1.182,374.522,589.567,0.708
2019-05-31 17:00,2019-05-31 19:00,20.864,1.184,221.527,390.036,0.710
2019-05-31 18:00,2019-05-31 20:00,18.849,1.186,87.740,190.169,0.592
2019-05-31 19:00,2019-05-31 21:00,16.248,1.190,7.430,23.816,0.436
2019-05-31 20:00,2019-05-31 22:00,15.294,1.193,0,0,0.334
2019-05-31 21:00,2019-05-31 23:00,14.884,1.196,0,0,0.291
2019-05-31 22:00,2019-06-01 00:00,14.525,1.199,0,0,0.407
2019-05-31 23:00,2019-06-01 01:00,14.352,1.201,0,0,0.538
2019-06-01 00:00,2019-06-01 02:00,13.908,1.203,0,0,0.741
2019-06-01 01:00,2019-06-01 03:00,13.128,1.204,0,0,0.894
2019-06-01 02:00,2019-06-01 04:00,12.660,1.206,0,0,0.882
2019-06-01 03:00,2019-06-01 05:00,11.948,1.207,5.010,18.010,0.823
2019-06-01 04:00,2019-06-01 06:00,12.854,1.209,74.671,177.169,0.931
2019-06-01 05:00,2019-06-01 07:00,15.161,1.208,201.108,376.661,0.931
2019-06-01 06:00,2019-06-01 08:00,17.215,1.202,375.581,576.560,0.776
2019-06-01 07:00,2019-06-01 09:00,19.795,1.193,551.663,763.394,0.572
2019-06-01 08:00,2019-06-01 10:00,21.302,1.187,691.933,924.436,0.616
2019-06-01 09:00,2019-06-01 11:00,22.513,1.183,787.875,1048.599,0.839
2019-06-01 10:00,2019-06-01 12:00,23.490,1.179,823.752,1127.397,0.933
2019-06-01 11:00,2019-06-01 13:00,24.189,1.175,796.602,1155.678,0.940
2019-06-01 12:00,2019-06-01 14:00,24.655,1.172,736.628,1131.285,0.892
2019-06-01 13:00,2019-06-01 15:00,25.063,1.170,712.632,1056.011,0.745
2019-06-01 14:00,2019-06-01 16:00,25.318,1.167,656.384,935.085,0.618
2019-06-01 15:00,2019-06-01 17:00,25.356,1.165,545.423,776.695,0.496
2019-06-01 16:00,2019-06-01 18:00,25.164,1.164,397.443,591.567,0.545
2019-06-01 17:00,2019-06-01 19:00,24.895,1.164,238.781,392.286,0.751
2019-06-01 18:00,2019-06-01 20:00,23.954,1.165,93.689,192.620,0.713
2019-06-01 19:00,2019-06-01 21:00,22.310,1.166,8.176,25.214,0.330
2019-06-01 20:00,2019-06-01 22:00,20.203,1.168,0,0,0.109
2019-06-01 21:00,2019-06-01 23:00,18.301,1.171,0,0,0.096
2019-06-01 22:00,2019-06-02 00:00,16.885,1.173,0,0,0.120
2019-06-01 23:00,2019-06-02 01:00,16.160,1.176,0,0,0.145
2019-06-02 00:00,2019-06-02 02:00,15.723,1.178,0,0,0.292
2019-06-02 01:00,2019-06-02 03:00,15.363,1.181,0,0,0.580
2019-06-02 02:00,2019-06-02 04:00,14.987,1.184,0,0,0.806
2019-06-02 03:00,2019-06-02 05:00,14.608,1.187,6.172,19.207,0.758
2019-06-02 04:00,2019-06-02 06:00,15.935,1.189,86.737,179.621,0.557
2019-06-02 05:00,2019-06-02 07:00,17.698,1.189,221.342,378.817,0.392
2019-06-02 06:00,2019-06-02 08:00,19.595,1.183,392.246,578.529,0.282
2019-06-02 07:00,2019-06-02 09:00,22.376,1.172,552.485,765.144,0.354
2019-06-02 08:00,2019-06-02 10:00,24.996,1.162,689.586,925.936,0.403
2019-06-02 09:00,2019-06-02 11:00,26.386,1.156,798.075,1049.667,0.473
2019-06-02 10:00,2019-06-02 12:00,27.326,1.153,868.220,1128.510,0.503
2019-06-02 11:00,2019-06-02 13:00,27.935,1.150,891.309,1156.678,0.447
2019-06-02 12:00,2019-06-02 14:00,28.280,1.147,871.159,1132.398,0.333
2019-06-02 13:00,2019-06-02 15:00,28.412,1.145,807.966,1057.443,0.088
2019-06-02 14:00,2019-06-02 16:00,28.300,1.144,704.349,936.554,0.039
2019-06-02 15:00,2019-06-02 17:00,27.967,1.143,567.759,778.199,0.029
2019-06-02 16:00,2019-06-02 18:00,27.295,1.143,411.517,593.346,0.010
2019-06-02 17:00,2019-06-02 19:00,26.051,1.143,250.106,394.411,0
2019-06-02 18:00,2019-06-02 20:00,23.846,1.145,102.436,194.989,0
2019-06-02 19:00,2019-06-02 21:00,21.291,1.148,9.082,26.579,0
2019-06-02 20:00,2019-06-02 22:00,20.266,1.151,0,0,0
2019-06-02 21:00,2019-06-02 23:00,19.677,1.154,0,0,0
2019-06-02 22:00,2019-06-03 00:00,19.101,1.159,0,0,0
2019-06-02 23:00,2019-06-03 01:00,18.465,1.164,0,0,0.001
2019-06-03 00:00,2019-06-03 02:00,17.838,1.170,0,0,0.138
2019-06-03 01:00,2019-06-03 03:00,17.282,1.176,0,0,0.494
2019-06-03 02:00,2019-06-03 04:00,16.395,1.180,0,0,0.904
2019-06-03 03:00,2019-06-03 05:00,15.922,1.183,3.935,20.387,0.851
2019-06-03 04:00,2019-06-03 06:00,16.822,1.184,51.702,181.935,0.776
2019-06-03 05:00,2019-06-03 07:00,18.281,1.182,128.653,380.911,0.952
2019-06-03 06:00,2019-06-03 08:00,19.283,1.178,143.539,580.495,0.973
2019-06-03 07:00,2019-06-03 09:00,20.202,1.175,221.260,766.700,0.746
2019-06-03 08:00,2019-06-03 10:00,22.161,1.168,485.844,927.190,0.338
2019-06-03 09:00,2019-06-03 11:00,24.401,1.160,697.444,1051.099,0.266
2019-06-03 10:00,2019-06-03 12:00,25.617,1.156,763.119,1129.888,0.416
2019-06-03 11:00,2019-06-03 13:00,25.511,1.156,604.149,1157.678,0.904
2019-06-03 12:00,2019-06-03 14:00,24.153,1.159,324.215,1133.406,0.979
2019-06-03 13:00,2019-06-03 15:00,23.280,1.164,400.496,1058.511,0.964
2019-06-03 14:00,2019-06-03 16:00,22.123,1.170,417.181,937.865,0.970
2019-06-03 15:00,2019-06-03 17:00,20.390,1.176,226.709,779.729,0.985
2019-06-03 16:00,2019-06-03 18:00,18.901,1.181,93.790,595.096,0.894
2019-06-03 17:00,2019-06-03 19:00,18.524,1.183,128.045,396.411,0.511
2019-06-03 18:00,2019-06-03 20:00,18.028,1.183,74.646,197.246,0.176
2019-06-03 19:00,2019-06-03 21:00,16.784,1.184,6.685,27.912,0.155
2019-06-03 20:00,2019-06-03 22:00,16.544,1.185,0,0,0.156
2019-06-03 21:00,2019-06-03 23:00,16.182,1.186,0,0,0.214
2019-06-03 22:00,2019-06-04 00:00,15.629,1.188,0,0,0.289
2019-06-03 23:00,2019-06-04 01:00,15.092,1.189,0,0,0.340
2019-06-04 00:00,2019-06-04 02:00,14.555,1.191,0,0,0.509
2019-06-04 01:00,2019-06-04 03:00,14.123,1.192,0,0,0.584
2019-06-04 02:00,2019-06-04 04:00,13.627,1.193,0,0,0.588
2019-06-04 03:00,2019-06-04 05:00,12.950,1.195,5.569,21.538,0.601
2019-06-04 04:00,2019-06-04 06:00,13.970,1.196,75.481,184.169,0.498
2019-06-04 05:00,2019-06-04 07:00,15.617,1.195,207.830,382.911,0.324
2019-06-04 06:00,2019-06-04 08:00,17.751,1.187,364.380,582.245,0.276
2019-06-04 07:00,2019-06-04 09:00,19.620,1.181,510.825,768.200,0.566
2019-06-04 08:00,2019-06-04 10:00,21.233,1.175,638.039,928.686,0.902
2019-06-04 09:00,2019-06-04 11:00,22.737,1.168,760.095,1052.167,0.943
2019-06-04 10:00,2019-06-04 12:00,24.059,1.162,814.647,1130.897,0.922
2019-06-04 11:00,2019-06-04 13:00,25.020,1.157,790.450,1158.746,0.924
2019-06-04 12:00,2019-06-04 14:00,25.859,1.151,788.816,1134.785,0.911
2019-06-04 13:00,2019-06-04 15:00,26.612,1.146,735.345,1059.511,0.803
2019-06-04 14:00,2019-06-04 16:00,27.153,1.141,618.750,939.115,0.771
2019-06-04 15:00,2019-06-04 17:00,27.313,1.136,456.252,781.199,0.776
2019-06-04 16:00,2019-06-04 18:00,26.565,1.134,275.571,596.846,0.848
2019-06-04 17:00,2019-06-04 19:00,25.023,1.135,112.140,398.395,0.967
2019-06-04 18:00,2019-06-04 20:00,23.710,1.138,37.239,199.371,0.969
2019-06-04 19:00,2019-06-04 21:00,22.502,1.141,6.148,29.214,0.949
2019-06-04 20:00,2019-06-04 22:00,21.666,1.146,0,0,0.902
2019-06-04 21:00,2019-06-04 23:00,20.900,1.151,0,0,0.754
2019-06-04 22:00,2019-06-05 00:00,20.050,1.156,0,0,0.732
2019-06-04 23:00,2019-06-05 01:00,19.291,1.160,0,0,0.770
2019-06-05 00:00,2019-06-05 02:00,18.425,1.163,0,0,0.718
2019-06-05 01:00,2019-06-05 03:00,17.375,1.167,0,0,0.576
2019-06-05 02:00,2019-06-05 04:00,16.317,1.171,0,0,0.504
2019-06-05 03:00,2019-06-05 05:00,15.611,1.176,5.875,22.664,0.620
2019-06-05 04:00,2019-06-05 06:00,16.725,1.179,70.539,186.293,0.642
2019-06-05 05:00,2019-06-05 07:00,17.612,1.180,144.422,384.786,0.677
2019-06-05 06:00,2019-06-05 08:00,18.662,1.177,273.883,583.749,0.467
2019-06-05 07:00,2019-06-05 09:00,20.199,1.173,478.639,769.644,0.205
2019-06-05 08:00,2019-06-05 10:00,21.656,1.169,638.513,929.936,0.178
2019-06-05 09:00,2019-06-05 11:00,22.610,1.166,673.916,1053.545,0.286
2019-06-05 10:00,2019-06-05 12:00,23.512,1.162,705.611,1131.897,0.262
2019-06-05 11:00,2019-06-05 13:00,24.631,1.156,753.356,1159.738,0.170
2019-06-05 12:00,2019-06-05 14:00,25.723,1.150,769.222,1135.785,0.080
2019-06-05 13:00,2019-06-05 15:00,26.699,1.145,754.661,1060.890,0.038
2019-06-05 14:00,2019-06-05 16:00,27.262,1.140,672.264,940.365,0.036
2019-06-05 15:00,2019-06-05 17:00,27.404,1.138,541.145,782.695,0.061
2019-06-05 16:00,2019-06-05 18:00,27.078,1.137,379.170,598.346,0.126
2019-06-05 17:00,2019-06-05 19:00,26.443,1.137,218.051,400.147,0.240
2019-06-05 18:00,2019-06-05 20:00,24.840,1.139,79.937,201.419,0.580
2019-06-05 19:00,2019-06-05 21:00,22.525,1.142,6.739,30.473,0.832
2019-06-05 20:00,2019-06-05 22:00,20.960,1.145,0,0,0.785
2019-06-05 21:00,2019-06-05 23:00,20.401,1.148,0,0,0.518
2019-06-05 22:00,2019-06-06 00:00,19.920,1.152,0,0,0.685
2019-06-05 23:00,2019-06-06 01:00,19.045,1.158,0,0,0.699
2019-06-06 00:00,2019-06-06 02:00,17.681,1.168,0,0,0.782
2019-06-06 01:00,2019-06-06 03:00,14.913,1.186,0,0,0.882
2019-06-06 02:00,2019-06-06 04:00,11.902,1.202,0,0,0.779
2019-06-06 03:00,2019-06-06 05:00,10.798,1.208,3.176,23.757,0.698
2019-06-06 04:00,2019-06-06 06:00,10.449,1.212,41.335,188.232,0.636
2019-06-06 05:00,2019-06-06 07:00,10.427,1.214,117.607,386.536,0.456
2019-06-06 06:00,2019-06-06 08:00,11.429,1.213,302.354,585.279,0.208
2019-06-06 07:00,2019-06-06 09:00,12.998,1.209,463.534,771.140,0.216
2019-06-06 08:00,2019-06-06 10:00,14.359,1.206,556.614,930.936,0.270
2019-06-06 09:00,2019-06-06 11:00,15.526,1.203,663.695,1054.545,0.390
2019-06-06 10:00,2019-06-06 12:00,16.720,1.199,753.434,1132.888,0.637
2019-06-06 11:00,2019-06-06 13:00,17.518,1.196,736.281,1160.678,0.871
2019-06-06 12:00,2019-06-06 14:00,17.612,1.194,570.682,1136.785,0.972
2019-06-06 13:00,2019-06-06 15:00,17.244,1.194,373.394,1061.890,0.981
2019-06-06 14:00,2019-06-06 16:00,17.078,1.195,298.355,941.554,0.913
2019-06-06 15:00,2019-06-06 17:00,17.259,1.194,329.304,783.949,0.486
2019-06-06 16:00,2019-06-06 18:00,17.446,1.193,366.930,599.846,0.110
2019-06-06 17:00,2019-06-06 19:00,17.078,1.192,241.232,401.895,0.059
2019-06-06 18:00,2019-06-06 20:00,15.947,1.193,97.834,203.308,0.064
2019-06-06 19:00,2019-06-06 21:00,14.363,1.195,9.871,31.685,0.046
2019-06-06 20:00,2019-06-06 22:00,12.855,1.197,0,0,0.074
2019-06-06 21:00,2019-06-06 23:00,11.365,1.200,0,0,0.055
2019-06-06 22:00,2019-06-07 00:00,10.505,1.203,0,0,0.008
2019-06-06 23:00,2019-06-07 01:00,9.868,1.205,0,0,0.036
2019-06-07 00:00,2019-06-07 02:00,9.328,1.208,0,0,0.025
2019-06-07 01:00,2019-06-07 03:00,8.938,1.212,0,0,0.139
2019-06-07 02:00,2019-06-07 04:00,8.687,1.215,0,0,0.509
2019-06-07 03:00,2019-06-07 05:00,8.802,1.218,7.144,24.813,0.908
2019-06-07 04:00,2019-06-07 06:00,9.704,1.220,61.623,190.106,0.936
2019-06-07 05:00,2019-06-07 07:00,10.820,1.217,166.791,388.161,0.839
2019-06-07 06:00,2019-06-07 08:00,13.239,1.208,392.864,586.749,0.545
2019-06-07 07:00,2019-06-07 09:00,15.314,1.200,556.061,772.390,0.891
2019-06-07 08:00,2019-06-07 10:00,16.938,1.193,640.557,932.186,0.936
2019-06-07 09:00,2019-06-07 11:00,18.261,1.187,655.331,1055.545,0.901
2019-06-07 10:00,2019-06-07 12:00,19.856,1.180,776.731,1133.510,0.420
2019-06-07 11:00,2019-06-07 13:00,21.616,1.172,895.188,1161.678,0.014
2019-06-07 12:00,2019-06-07 14:00,22.975,1.164,877.694,1137.398,0
2019-06-07 13:00,2019-06-07 15:00,23.840,1.159,808.844,1062.890,0.005
2019-06-07 14:00,2019-06-07 16:00,24.170,1.155,696.049,942.588,0.085
2019-06-07 15:00,2019-06-07 17:00,23.482,1.155,456.393,785.195,0.461
2019-06-07 16:00,2019-06-07 18:00,21.514,1.162,243.189,601.320,0.615
2019-06-07 17:00,2019-06-07 19:00,18.698,1.176,144.827,403.397,0.460
2019-06-07 18:00,2019-06-07 20:00,16.001,1.188,61.954,205.114,0.564
2019-06-07 19:00,2019-06-07 21:00,14.094,1.196,6.008,32.849,0.536
2019-06-07 20:00,2019-06-07 22:00,12.932,1.201,0,0,0.328
2019-06-07 21:00,2019-06-07 23:00,12.372,1.203,0,0,0.090
2019-06-07 22:00,2019-06-08 00:00,12.388,1.203,0,0,0.053
2019-06-07 23:00,2019-06-08 01:00,12.294,1.204,0,0,0.042
2019-06-08 00:00,2019-06-08 02:00,12.089,1.205,0,0,0.106
2019-06-08 01:00,2019-06-08 03:00,11.897,1.207,0,0,0.141
2019-06-08 02:00,2019-06-08 04:00,11.688,1.208,0,0,0.153
2019-06-08 03:00,2019-06-08 05:00,11.348,1.211,7.536,25.820,0.153
2019-06-08 04:00,2019-06-08 06:00,11.446,1.213,88.434,191.856,0.195
2019-06-08 05:00,2019-06-08 07:00,12.127,1.213,206.749,389.784,0.438
2019-06-08 06:00,2019-06-08 08:00,12.941,1.212,311.411,588.219,0.673
2019-06-08 07:00,2019-06-08 09:00,14.111,1.209,472.476,773.390,0.270
2019-06-08 08:00,2019-06-08 10:00,15.466,1.206,644.227,933.181,0.107
2019-06-08 09:00,2019-06-08 11:00,16.603,1.203,760.050,1056.158,0.065
2019-06-08 10:00,2019-06-08 12:00,17.404,1.201,848.183,1134.397,0.057
2019-06-08 11:00,2019-06-08 13:00,17.871,1.200,863.500,1162.616,0.085
2019-06-08 12:00,2019-06-08 14:00,18.070,1.199,798.778,1138.344,0.150
2019-06-08 13:00,2019-06-08 15:00,18.028,1.199,688.725,1063.511,0.189
2019-06-08 14:00,2019-06-08 16:00,17.975,1.199,591.491,943.584,0.192
2019-06-08 15:00,2019-06-08 17:00,17.757,1.199,478.624,786.418,0.171
2019-06-08 16:00,2019-06-08 18:00,17.431,1.199,358.431,602.596,0.188
2019-06-08 17:00,2019-06-08 19:00,16.784,1.200,217.806,404.897,0.162
2019-06-08 18:00,2019-06-08 20:00,15.617,1.202,94.642,206.739,0.189
2019-06-08 19:00,2019-06-08 21:00,13.282,1.206,10.475,33.942,0.259
2019-06-08 20:00,2019-06-08 22:00,12.001,1.210,0,0,0.178
2019-06-08 21:00,2019-06-08 23:00,11.332,1.214,0,0,0.302
2019-06-08 22:00,2019-06-09 00:00,10.880,1.217,0,0,0.802
2019-06-08 23:00,2019-06-09 01:00,10.696,1.220,0,0,0.928
2019-06-09 00:00,2019-06-09 02:00,10.376,1.222,0,0,0.765
2019-06-09 01:00,2019-06-09 03:00,9.411,1.224,0,0,0.569
2019-06-09 02:00,2019-06-09 04:00,8.821,1.225,0,0,0.788
2019-06-09 03:00,2019-06-09 05:00,8.871,1.226,7.358,26.781,0.939
2019-06-09 04:00,2019-06-09 06:00,10.504,1.226,53.604,193.481,0.990
2019-06-09 05:00,2019-06-09 07:00,12.007,1.225,120.905,391.159,0.934
2019-06-09 06:00,2019-06-09 08:00,14.493,1.217,351.230,589.469,0.902
2019-06-09 07:00,2019-06-09 09:00,16.309,1.210,387.789,774.613,0.953
2019-06-09 08:00,2019-06-09 10:00,17.291,1.206,446.342,934.125,0.978
2019-06-09 09:00,2019-06-09 11:00,18.014,1.203,453.058,1057.045,0.992
2019-06-09 10:00,2019-06-09 12:00,18.921,1.199,535.139,1135.388,0.983
2019-06-09 11:00,2019-06-09 13:00,20.011,1.195,669.328,1163.178,0.968
2019-06-09 12:00,2019-06-09 14:00,21.050,1.190,776.514,1138.898,0.918
2019-06-09 13:00,2019-06-09 15:00,21.667,1.186,749.460,1064.503,0.775
2019-06-09 14:00,2019-06-09 16:00,22.032,1.183,682.424,944.554,0.668
2019-06-09 15:00,2019-06-09 17:00,21.868,1.181,501.716,787.418,0.907
2019-06-09 16:00,2019-06-09 18:00,21.295,1.181,286.774,603.820,0.949
2019-06-09 17:00,2019-06-09 19:00,20.275,1.181,130.053,406.272,0.954
2019-06-09 18:00,2019-06-09 20:00,18.317,1.182,46.444,208.302,0.970
2019-06-09 19:00,2019-06-09 21:00,16.631,1.184,6.123,34.998,0.986
2019-06-09 20:00,2019-06-09 22:00,16.025,1.187,0,0,0.964
2019-06-09 21:00,2019-06-09 23:00,15.240,1.190,0,0,0.943
2019-06-09 22:00,2019-06-10 00:00,14.670,1.192,0,0,0.958
2019-06-09 23:00,2019-06-10 01:00,14.398,1.192,0,0,0.968
2019-06-10 00:00,2019-06-10 02:00,14.102,1.192,0,0,0.973
2019-06-10 01:00,2019-06-10 03:00,13.854,1.192,0,0,0.967
2019-06-10 02:00,2019-06-10 04:00,13.309,1.193,0,0,0.915
2019-06-10 03:00,2019-06-10 05:00,13.454,1.194,4.846,27.688,0.964
2019-06-10 04:00,2019-06-10 06:00,13.831,1.195,21.722,195.028,0.981
2019-06-10 05:00,2019-06-10 07:00,14.570,1.197,72.253,392.534,0.980
2019-06-10 06:00,2019-06-10 08:00,15.676,1.195,165.255,590.495,0.945
2019-06-10 07:00,2019-06-10 09:00,17.717,1.188,310.298,775.613,0.741
2019-06-10 08:00,2019-06-10 10:00,20.065,1.180,559.202,934.931,0.906
2019-06-10 09:00,2019-06-10 11:00,21.208,1.175,513.222,1057.658,0.966
2019-06-10 10:00,2019-06-10 12:00,21.572,1.172,460.386,1135.888,0.983
2019-06-10 11:00,2019-06-10 13:00,21.574,1.171,364.322,1163.678,0.982
2019-06-10 12:00,2019-06-10 14:00,21.953,1.169,419.296,1139.785,0.975
2019-06-10 13:00,2019-06-10 15:00,21.954,1.169,373.344,1065.011,0.981
2019-06-10 14:00,2019-06-10 16:00,21.276,1.169,232.229,945.304,0.918
2019-06-10 15:00,2019-06-10 17:00,21.427,1.169,370.254,788.229,0.578
2019-06-10 16:00,2019-06-10 18:00,20.982,1.169,288.361,604.846,0.860
2019-06-10 17:00,2019-06-10 19:00,18.977,1.173,47.707,407.537,0.977
2019-06-10 18:00,2019-06-10 20:00,17.312,1.177,18.105,209.739,0.968
2019-06-10 19:00,2019-06-10 21:00,16.218,1.180,2.982,35.970,0.956
2019-06-10 20:00,2019-06-10 22:00,15.434,1.184,0,0,0.857
2019-06-10 21:00,2019-06-10 23:00,14.759,1.187,0,0,0.864
2019-06-10 22:00,2019-06-11 00:00,13.898,1.189,0,0,0.694
2019-06-10 23:00,2019-06-11 01:00,13.594,1.193,0,0,0.955
2019-06-11 00:00,2019-06-11 02:00,13.335,1.197,0,0,0.955
2019-06-11 01:00,2019-06-11 03:00,12.648,1.200,0,0,0.961
2019-06-11 02:00,2019-06-11 04:00,12.143,1.203,0,0,0.970
2019-06-11 03:00,2019-06-11 05:00,11.774,1.205,2.652,28.539,0.859
2019-06-11 04:00,2019-06-11 06:00,11.905,1.208,68.044,196.403,0.629
2019-06-11 05:00,2019-06-11 07:00,12.469,1.207,179.252,393.756,0.497
2019-06-11 06:00,2019-06-11 08:00,13.438,1.205,294.206,591.529,0.576
2019-06-11 07:00,2019-06-11 09:00,14.839,1.201,451.123,776.390,0.330
2019-06-11 08:00,2019-06-11 10:00,16.801,1.196,680.109,935.686,0.128
2019-06-11 09:00,2019-06-11 11:00,18.409,1.190,762.918,1058.545,0.240
2019-06-11 10:00,2019-06-11 12:00,19.548,1.185,795.630,1136.456,0.504
2019-06-11 11:00,2019-06-11 13:00,20.083,1.182,674.844,1164.238,0.890
2019-06-11 12:00,2019-06-11 14:00,19.880,1.180,448.287,1140.344,0.948
2019-06-11 13:00,2019-06-11 15:00,19.780,1.180,372.342,1065.890,0.839
2019-06-11 14:00,2019-06-11 16:00,19.386,1.180,244.376,946.054,0.812
2019-06-11 15:00,2019-06-11 17:00,19.161,1.180,204.037,789.168,0.758
2019-06-11 16:00,2019-06-11 18:00,18.915,1.179,156.412,605.846,0.902
2019-06-11 17:00,2019-06-11 19:00,18.184,1.180,65.366,408.662,0.982
2019-06-11 18:00,2019-06-11 20:00,17.214,1.181,24.368,211.044,0.966
2019-06-11 19:00,2019-06-11 21:00,16.169,1.182,3.330,36.888,0.859
2019-06-11 20:00,2019-06-11 22:00,15.560,1.184,0,0,0.778
2019-06-11 21:00,2019-06-11 23:00,15.119,1.185,0,0,0.708
2019-06-11 22:00,2019-06-12 00:00,14.833,1.186,0,0,0.668
2019-06-11 23:00,2019-06-12 01:00,14.629,1.187,0,0,0.652
2019-06-12 00:00,2019-06-12 02:00,14.476,1.188,0,0,0.695
2019-06-12 01:00,2019-06-12 03:00,14.374,1.189,0,0,0.705
2019-06-12 02:00,2019-06-12 04:00,14.256,1.190,0,0,0.615
2019-06-12 03:00,2019-06-12 05:00,14.119,1.190,5.183,29.329,0.462
2019-06-12 04:00,2019-06-12 06:00,14.610,1.190,72.886,197.653,0.227
2019-06-12 05:00,2019-06-12 07:00,15.823,1.186,209.232,394.879,0.104
2019-06-12 06:00,2019-06-12 08:00,17.716,1.180,365.511,592.495,0.351
2019-06-12 07:00,2019-06-12 09:00,18.742,1.176,341.479,777.329,0.932
2019-06-12 08:00,2019-06-12 10:00,18.452,1.176,198.730,936.405,0.957
2019-06-12 09:00,2019-06-12 11:00,18.296,1.178,294.327,1059.045,0.930
2019-06-12 10:00,2019-06-12 12:00,18.263,1.180,442.900,1136.956,0.771
2019-06-12 11:00,2019-06-12 13:00,18.598,1.181,620.266,1164.738,0.272
2019-06-12 12:00,2019-06-12 14:00,19.195,1.181,769.015,1140.844,0.108
2019-06-12 13:00,2019-06-12 15:00,19.487,1.181,749.125,1066.449,0.070
2019-06-12 14:00,2019-06-12 16:00,19.509,1.181,675.836,946.804,0.037
2019-06-12 15:00,2019-06-12 17:00,19.461,1.180,558.533,789.918,0.029
2019-06-12 16:00,2019-06-12 18:00,19.307,1.178,410.502,606.820,0.030
2019-06-12 17:00,2019-06-12 19:00,18.792,1.178,252.219,409.770,0.033
2019-06-12 18:00,2019-06-12 20:00,17.265,1.179,108.060,212.232,0.030
2019-06-12 19:00,2019-06-12 21:00,14.624,1.181,12.784,37.733,0.026
2019-06-12 20:00,2019-06-12 22:00,13.498,1.184,0,0,0.043
2019-06-12 21:00,2019-06-12 23:00,13.008,1.188,0,0,0.054
2019-06-12 22:00,2019-06-13 00:00,12.631,1.192,0,0,0.059
2019-06-12 23:00,2019-06-13 01:00,12.401,1.196,0,0,0.072
2019-06-13 00:00,2019-06-13 02:00,12.212,1.200,0,0,0.111
2019-06-13 01:00,2019-06-13 03:00,11.674,1.203,0,0,0.061
2019-06-13 02:00,2019-06-13 04:00,11.059,1.206,0,0,0.025
2019-06-13 03:00,2019-06-13 05:00,10.677,1.209,10.108,30.056,0.051
2019-06-13 04:00,2019-06-13 06:00,11.474,1.210,101.996,198.778,0.099
2019-06-13 05:00,2019-06-13 07:00,13.148,1.206,248.945,395.879,0.031
2019-06-13 06:00,2019-06-13 08:00,15.313,1.199,413.130,593.469,0.015
2019-06-13 07:00,2019-06-13 09:00,16.850,1.195,576.383,777.890,0.078
2019-06-13 08:00,2019-06-13 10:00,18.023,1.192,711.175,936.936,0.140
2019-06-13 09:00,2019-06-13 11:00,18.858,1.189,798.518,1059.545,0.167
2019-06-13 10:00,2019-06-13 12:00,19.540,1.187,844.764,1137.456,0.723
2019-06-13 11:00,2019-06-13 13:00,19.865,1.185,796.420,1165.178,0.888
2019-06-13 12:00,2019-06-13 14:00,20.136,1.183,759.688,1141.344,0.716
2019-06-13 13:00,2019-06-13 15:00,20.545,1.181,740.470,1066.949,0.341
2019-06-13 14:00,2019-06-13 16:00,20.737,1.179,641.908,947.334,0.234
2019-06-13 15:00,2019-06-13 17:00,20.631,1.177,506.296,790.668,0.188
2019-06-13 16:00,2019-06-13 18:00,20.211,1.177,354.313,607.596,0.272
2019-06-13 17:00,2019-06-13 19:00,19.264,1.178,180.863,410.662,0.501
2019-06-13 18:00,2019-06-13 20:00,17.730,1.181,72.106,213.294,0.410
2019-06-13 19:00,2019-06-13 21:00,15.615,1.184,10.761,38.488,0.271
2019-06-13 20:00,2019-06-13 22:00,14.435,1.187,0,0,0.278
2019-06-13 21:00,2019-06-13 23:00,14.070,1.189,0,0,0.293
2019-06-13 22:00,2019-06-14 00:00,13.651,1.193,0,0,0.445
2019-06-13 23:00,2019-06-14 01:00,13.316,1.196,0,0,0.367
2019-06-14 00:00,2019-06-14 02:00,12.357,1.199,0,0,0.342
2019-06-14 01:00,2019-06-14 03:00,11.775,1.202,0,0,0.356
2019-06-14 02:00,2019-06-14 04:00,11.163,1.205,0,0,0.136
2019-06-14 03:00,2019-06-14 05:00,10.639,1.208,10.575,30.718,0.034
2019-06-14 04:00,2019-06-14 06:00,11.861,1.210,105.620,199.840,0.011
2019-06-14 05:00,2019-06-14 07:00,13.517,1.207,253.515,396.754,0.230
2019-06-14 06:00,2019-06-14 08:00,16.081,1.197,366.594,594.219,0.496
2019-06-14 07:00,2019-06-14 09:00,18.805,1.187,461.020,778.640,0.781
2019-06-14 08:00,2019-06-14 10:00,21.040,1.178,554.103,937.625,0.473
2019-06-14 09:00,2019-06-14 11:00,23.083,1.171,748.877,1060.045,0.290
2019-06-14 10:00,2019-06-14 12:00,24.098,1.166,701.345,1137.888,0.656
2019-06-14 11:00,2019-06-14 13:00,24.770,1.163,728.944,1165.678,0.868
2019-06-14 12:00,2019-06-14 14:00,25.091,1.161,720.131,1141.776,0.908
2019-06-14 13:00,2019-06-14 15:00,24.931,1.161,616.675,1067.449,0.922
2019-06-14 14:00,2019-06-14 16:00,24.487,1.161,472.441,947.834,0.938
2019-06-14 15:00,2019-06-14 17:00,24.044,1.161,350.297,791.198,0.940
2019-06-14 16:00,2019-06-14 18:00,23.467,1.162,245.544,608.320,0.956
2019-06-14 17:00,2019-06-14 19:00,22.439,1.162,124.671,411.537,0.974
2019-06-14 18:00,2019-06-14 20:00,20.766,1.164,38.733,214.233,0.981
2019-06-14 19:00,2019-06-14 21:00,19.213,1.167,3.515,39.179,0.975
2019-06-14 20:00,2019-06-14 22:00,18.114,1.172,0,0,0.977
2019-06-14 21:00,2019-06-14 23:00,17.509,1.177,0,0,0.985
2019-06-14 22:00,2019-06-15 00:00,17.163,1.179,0,0,0.986
2019-06-14 23:00,2019-06-15 01:00,16.836,1.180,0,0,0.985
2019-06-15 00:00,2019-06-15 02:00,16.501,1.179,0,0,0.955
2019-06-15 01:00,2019-06-15 03:00,16.077,1.179,0,0,0.900
2019-06-15 02:00,2019-06-15 04:00,15.418,1.180,0,0,0.769
2019-06-15 03:00,2019-06-15 05:00,15.185,1.183,5.942,31.306,0.891
2019-06-15 04:00,2019-06-15 06:00,15.596,1.186,32.275,200.715,0.965
2019-06-15 05:00,2019-06-15 07:00,15.881,1.188,84.812,397.534,0.855
2019-06-15 06:00,2019-06-15 08:00,16.677,1.187,229.908,594.775,0.498
2019-06-15 07:00,2019-06-15 09:00,17.779,1.185,391.914,779.140,0.249
2019-06-15 08:00,2019-06-15 10:00,19.235,1.182,602.488,937.936,0.093
2019-06-15 09:00,2019-06-15 11:00,20.652,1.178,748.586,1060.545,0.324
2019-06-15 10:00,2019-06-15 12:00,21.662,1.175,785.687,1138.388,0.704
2019-06-15 11:00,2019-06-15 13:00,22.002,1.174,715.996,1166.116,0.834
2019-06-15 12:00,2019-06-15 14:00,21.873,1.174,583.600,1141.844,0.697
2019-06-15 13:00,2019-06-15 15:00,21.909,1.175,574.297,1067.511,0.377
2019-06-15 14:00,2019-06-15 16:00,22.124,1.175,604.864,948.304,0.205
2019-06-15 15:00,2019-06-15 17:00,21.906,1.175,480.888,791.729,0.278
2019-06-15 16:00,2019-06-15 18:00,21.444,1.175,331.112,608.846,0.417
2019-06-15 17:00,2019-06-15 19:00,20.683,1.176,188.095,412.257,0.468
2019-06-15 18:00,2019-06-15 20:00,19.283,1.178,86.533,215.053,0.374
2019-06-15 19:00,2019-06-15 21:00,17.084,1.180,11.316,39.781,0.402
2019-06-15 20:00,2019-06-15 22:00,16.612,1.183,0,0,0.421
2019-06-15 21:00,2019-06-15 23:00,16.481,1.186,0,0,0.393
2019-06-15 22:00,2019-06-16 00:00,15.649,1.189,0,0,0.395
2019-06-15 23:00,2019-06-16 01:00,14.411,1.192,0,0,0.357
2019-06-16 00:00,2019-06-16 02:00,13.599,1.196,0,0,0.359
2019-06-16 01:00,2019-06-16 03:00,13.017,1.200,0,0,0.235
2019-06-16 02:00,2019-06-16 04:00,12.421,1.204,0,0,0.193
2019-06-16 03:00,2019-06-16 05:00,12.020,1.207,9.426,31.828,0.108
2019-06-16 04:00,2019-06-16 06:00,13.386,1.209,98.234,201.520,0.041
2019-06-16 05:00,2019-06-16 07:00,15.002,1.207,242.489,398.254,0.026
2019-06-16 06:00,2019-06-16 08:00,17.616,1.198,403.529,595.469,0.019
2019-06-16 07:00,2019-06-16 09:00,19.141,1.193,559.791,779.640,0.017
2019-06-16 08:00,2019-06-16 10:00,20.146,1.191,693.323,938.405,0.027
2019-06-16 09:00,2019-06-16 11:00,20.971,1.189,790.574,1060.658,0.035
2019-06-16 10:00,2019-06-16 12:00,21.700,1.186,852.259,1138.456,0.047
2019-06-16 11:00,2019-06-16 13:00,22.252,1.184,859.774,1166.178,0.073
2019-06-16 12:00,2019-06-16 14:00,22.556,1.182,803.192,1142.344,0.109
2019-06-16 13:00,2019-06-16 15:00,22.686,1.181,727.972,1068.003,0.180
2019-06-16 14:00,2019-06-16 16:00,22.417,1.181,580.779,948.584,0.346
2019-06-16 15:00,2019-06-16 17:00,21.837,1.182,390.340,792.168,0.411
2019-06-16 16:00,2019-06-16 18:00,21.349,1.182,285.854,609.570,0.500
2019-06-16 17:00,2019-06-16 19:00,20.552,1.183,150.234,412.882,0.415
2019-06-16 18:00,2019-06-16 20:00,19.446,1.184,81.858,215.747,0.176
2019-06-16 19:00,2019-06-16 21:00,17.665,1.186,12.606,40.316,0.073
2019-06-16 20:00,2019-06-16 22:00,17.315,1.188,0,0,0.044
2019-06-16 21:00,2019-06-16 23:00,17.455,1.190,0,0,0.028
2019-06-16 22:00,2019-06-17 00:00,17.132,1.192,0,0,0.021
2019-06-16 23:00,2019-06-17 01:00,16.441,1.194,0,0,0.018
2019-06-17 00:00,2019-06-17 02:00,15.298,1.197,0,0,0.016
2019-06-17 01:00,2019-06-17 03:00,14.496,1.199,0,0,0.014
2019-06-17 02:00,2019-06-17 04:00,13.685,1.201,0,0,0.012
2019-06-17 03:00,2019-06-17 05:00,13.009,1.203,10.713,32.267,0.010
2019-06-17 04:00,2019-06-17 06:00,14.121,1.204,103.374,202.152,0.007
2019-06-17 05:00,2019-06-17 07:00,16.401,1.203,249.932,398.754,0.042
2019-06-17 06:00,2019-06-17 08:00,18.879,1.194,410.516,595.969,0.173
2019-06-17 07:00,2019-06-17 09:00,21.240,1.186,564.953,780.079,0.405
2019-06-17 08:00,2019-06-17 10:00,22.553,1.181,700.135,938.655,0.370
2019-06-17 09:00,2019-06-17 11:00,23.701,1.177,808.385,1061.045,0.343
2019-06-17 10:00,2019-06-17 12:00,24.683,1.174,877.668,1138.888,0.270
2019-06-17 11:00,2019-06-17 13:00,25.446,1.170,903.339,1166.616,0.078
2019-06-17 12:00,2019-06-17 14:00,26.003,1.167,881.314,1142.344,0.019
2019-06-17 13:00,2019-06-17 15:00,26.313,1.164,805.171,1068.390,0.035
2019-06-17 14:00,2019-06-17 16:00,26.391,1.163,704.680,948.838,0.014
2019-06-17 15:00,2019-06-17 17:00,26.213,1.161,568.859,792.479,0.033
2019-06-17 16:00,2019-06-17 18:00,25.851,1.160,408.676,609.846,0.084
2019-06-17 17:00,2019-06-17 19:00,25.085,1.161,247.435,413.382,0.082
2019-06-17 18:00,2019-06-17 20:00,23.319,1.161,104.737,216.309,0.133
2019-06-17 19:00,2019-06-17 21:00,20.975,1.163,12.921,40.747,0.161
2019-06-17 20:00,2019-06-17 22:00,19.906,1.166,0,0,0.203
2019-06-17 21:00,2019-06-17 23:00,19.245,1.168,0,0,0.559
2019-06-17 22:00,2019-06-18 00:00,18.637,1.170,0,0,0.920
2019-06-17 23:00,2019-06-18 01:00,17.990,1.172,0,0,0.944
2019-06-18 00:00,2019-06-18 02:00,17.454,1.174,0,0,0.943
2019-06-18 01:00,2019-06-18 03:00,16.996,1.177,0,0,0.943
2019-06-18 02:00,2019-06-18 04:00,16.500,1.179,0,0,0.829
2019-06-18 03:00,2019-06-18 05:00,15.914,1.182,9.547,32.639,0.347
2019-06-18 04:00,2019-06-18 06:00,16.944,1.184,99.985,202.708,0.052
2019-06-18 05:00,2019-06-18 07:00,18.910,1.184,247.948,399.254,0.009
2019-06-18 06:00,2019-06-18 08:00,21.149,1.177,408.385,596.245,0.007
2019-06-18 07:00,2019-06-18 09:00,24.174,1.166,563.897,780.359,0.213
2019-06-18 08:00,2019-06-18 10:00,25.670,1.161,697.332,938.905,0.676
2019-06-18 09:00,2019-06-18 11:00,26.680,1.157,777.884,1061.158,0.907
2019-06-18 10:00,2019-06-18 12:00,27.254,1.154,735.075,1138.888,0.896
2019-06-18 11:00,2019-06-18 13:00,27.813,1.152,770.764,1166.678,0.569
2019-06-18 12:00,2019-06-18 14:00,28.369,1.150,818.954,1142.776,0.573
2019-06-18 13:00,2019-06-18 15:00,28.478,1.148,726.656,1068.449,0.893
2019-06-18 14:00,2019-06-18 16:00,28.082,1.147,499.177,949.084,0.961
2019-06-18 15:00,2019-06-18 17:00,27.499,1.147,263.424,792.918,0.971
2019-06-18 16:00,2019-06-18 18:00,26.823,1.147,141.580,610.320,0.984
2019-06-18 17:00,2019-06-18 19:00,26.039,1.148,96.960,413.772,0.983
2019-06-18 18:00,2019-06-18 20:00,25.361,1.148,59.379,216.803,0.951
2019-06-18 19:00,2019-06-18 21:00,24.457,1.150,10.236,41.098,0.804
2019-06-18 20:00,2019-06-18 22:00,23.455,1.151,0,0,0.638
2019-06-18 21:00,2019-06-18 23:00,22.145,1.154,0,0,0.449
2019-06-18 22:00,2019-06-19 00:00,20.885,1.156,0,0,0.704
2019-06-18 23:00,2019-06-19 01:00,19.793,1.159,0,0,0.750
2019-06-19 00:00,2019-06-19 02:00,18.842,1.161,0,0,0.497
2019-06-19 01:00,2019-06-19 03:00,17.774,1.164,0,0,0.189
2019-06-19 02:00,2019-06-19 04:00,16.669,1.167,0,0,0.038
2019-06-19 03:00,2019-06-19 05:00,16.097,1.170,10.919,32.922,0.005
2019-06-19 04:00,2019-06-19 06:00,17.859,1.172,104.140,203.090,0.004
2019-06-19 05:00,2019-06-19 07:00,19.872,1.171,250.294,399.629,0.006
2019-06-19 06:00,2019-06-19 08:00,22.006,1.164,411.210,596.495,0.009
2019-06-19 07:00,2019-06-19 09:00,24.887,1.153,567.064,780.579,0.018
2019-06-19 08:00,2019-06-19 10:00,27.001,1.146,702.098,939.125,0.110
2019-06-19 09:00,2019-06-19 11:00,28.437,1.141,791.878,1061.537,0.130
2019-06-19 10:00,2019-06-19 12:00,28.865,1.139,782.671,1138.948,0.344
2019-06-19 11:00,2019-06-19 13:00,27.718,1.142,519.660,1166.678,0.809
2019-06-19 12:00,2019-06-19 14:00,26.501,1.146,367.485,1142.836,0.801
2019-06-19 13:00,2019-06-19 15:00,26.406,1.147,425.321,1068.503,0.551
2019-06-19 14:00,2019-06-19 16:00,26.853,1.147,508.990,949.277,0.344
2019-06-19 15:00,2019-06-19 17:00,26.638,1.146,452.003,792.948,0.261
2019-06-19 16:00,2019-06-19 18:00,25.859,1.147,315.245,610.376,0.350
2019-06-19 17:00,2019-06-19 19:00,24.472,1.150,166.162,414.037,0.654
2019-06-19 18:00,2019-06-19 20:00,22.303,1.155,38.929,217.122,0.906
2019-06-19 19:00,2019-06-19 21:00,20.607,1.160,3.865,41.360,0.899
2019-06-19 20:00,2019-06-19 22:00,19.508,1.166,0,0,0.863
2019-06-19 21:00,2019-06-19 23:00,18.611,1.171,0,0,0.647
2019-06-19 22:00,2019-06-20 00:00,17.865,1.174,0,0,0.560
2019-06-19 23:00,2019-06-20 01:00,17.127,1.178,0,0,0.469
2019-06-20 00:00,2019-06-20 02:00,16.385,1.181,0,0,0.433
2019-06-20 01:00,2019-06-20 03:00,15.775,1.183,0,0,0.426
2019-06-20 02:00,2019-06-20 04:00,15.322,1.185,0,0,0.422
2019-06-20 03:00,2019-06-20 05:00,15.133,1.187,9.986,33.127,0.421
2019-06-20 04:00,2019-06-20 06:00,15.928,1.189,88.554,203.402,0.568
2019-06-20 05:00,2019-06-20 07:00,16.806,1.187,200.960,399.784,0.707
2019-06-20 06:00,2019-06-20 08:00,17.836,1.185,306.412,596.719,0.857
2019-06-20 07:00,2019-06-20 09:00,18.989,1.182,420.594,780.640,0.924
2019-06-20 08:00,2019-06-20 10:00,20.352,1.178,599.649,939.155,0.849
2019-06-20 09:00,2019-06-20 11:00,21.577,1.174,688.160,1061.537,0.648
2019-06-20 10:00,2019-06-20 12:00,22.180,1.172,635.354,1138.956,0.609
2019-06-20 11:00,2019-06-20 13:00,22.049,1.170,472.167,1166.678,0.676
2019-06-20 12:00,2019-06-20 14:00,21.991,1.170,456.592,1142.844,0.787
2019-06-20 13:00,2019-06-20 15:00,21.567,1.171,365.662,1068.503,0.924
2019-06-20 14:00,2019-06-20 16:00,20.776,1.174,261.590,949.334,0.959
2019-06-20 15:00,2019-06-20 17:00,20.065,1.176,216.810,793.168,0.947
2019-06-20 16:00,2019-06-20 18:00,19.316,1.179,167.720,610.570,0.822
2019-06-20 17:00,2019-06-20 19:00,18.550,1.182,127.275,414.162,0.540
2019-06-20 18:00,2019-06-20 20:00,17.683,1.185,62.693,217.365,0.471
2019-06-20 19:00,2019-06-20 21:00,16.475,1.188,7.762,41.532,0.454
2019-06-20 20:00,2019-06-20 22:00,15.624,1.190,0,0,0.405
2019-06-20 21:00,2019-06-20 23:00,14.875,1.193,0,0,0.364
2019-06-20 22:00,2019-06-21 00:00,14.091,1.195,0,0,0.576
2019-06-20 23:00,2019-06-21 01:00,13.491,1.198,0,0,0.878
2019-06-21 00:00,2019-06-21 02:00,12.886,1.201,0,0,0.926
2019-06-21 01:00,2019-06-21 03:00,12.447,1.205,0,0,0.942
2019-06-21 02:00,2019-06-21 04:00,11.904,1.209,0,0,0.943
2019-06-21 03:00,2019-06-21 05:00,11.299,1.214,8.467,33.265,0.751
2019-06-21 04:00,2019-06-21 06:00,11.728,1.217,97.125,203.590,0.150
2019-06-21 05:00,2019-06-21 07:00,13.049,1.215,251.552,399.907,0.028
2019-06-21 06:00,2019-06-21 08:00,15.182,1.208,419.647,596.745,0.007
2019-06-21 07:00,2019-06-21 09:00,16.978,1.203,580.428,780.640,0.003
2019-06-21 08:00,2019-06-21 10:00,18.431,1.199,721.564,939.155,0.002
2019-06-21 09:00,2019-06-21 11:00,19.645,1.195,832.096,1061.537,0.002
2019-06-21 10:00,2019-06-21 12:00,20.635,1.192,900.465,1138.888,0.003
2019-06-21 11:00,2019-06-21 13:00,21.395,1.189,921.847,1166.678,0.006
2019-06-21 12:00,2019-06-21 14:00,21.904,1.186,895.883,1142.776,0.012
2019-06-21 13:00,2019-06-21 15:00,22.086,1.185,807.305,1068.449,0.027
2019-06-21 14:00,2019-06-21 16:00,22.103,1.183,713.546,949.304,0.011
2019-06-21 15:00,2019-06-21 17:00,21.932,1.182,574.723,793.168,0.070
2019-06-21 16:00,2019-06-21 18:00,21.376,1.182,384.422,610.570,0.165
2019-06-21 17:00,2019-06-21 19:00,20.450,1.184,211.218,414.287,0.333
2019-06-21 18:00,2019-06-21 20:00,19.048,1.186,81.339,217.434,0.495
2019-06-21 19:00,2019-06-21 21:00,17.317,1.190,9.334,41.610,0.496
2019-06-21 20:00,2019-06-21 22:00,16.229,1.195,0,0,0.369
2019-06-21 21:00,2019-06-21 23:00,15.099,1.200,0,0,0.193
2019-06-21 22:00,2019-06-22 00:00,14.059,1.204,0,0,0.175
2019-06-21 23:00,2019-06-22 01:00,13.175,1.206,0,0,0.185
2019-06-22 00:00,2019-06-22 02:00,12.429,1.208,0,0,0.420
2019-06-22 01:00,2019-06-22 03:00,11.930,1.210,0,0,0.629
2019-06-22 02:00,2019-06-22 04:00,11.549,1.211,0,0,0.702
2019-06-22 03:00,2019-06-22 05:00,11.424,1.212,10.971,33.312,0.695
2019-06-22 04:00,2019-06-22 06:00,13.097,1.213,100.872,203.637,0.743
2019-06-22 05:00,2019-06-22 07:00,15.022,1.208,244.463,400.004,0.691
2019-06-22 06:00,2019-06-22 08:00,17.535,1.200,405.792,596.745,0.435
2019-06-22 07:00,2019-06-22 09:00,19.704,1.192,563.696,780.640,0.244
2019-06-22 08:00,2019-06-22 10:00,21.388,1.187,696.472,939.125,0.266
2019-06-22 09:00,2019-06-22 11:00,22.653,1.182,788.673,1061.158,0.292
2019-06-22 10:00,2019-06-22 12:00,23.652,1.178,846.034,1138.888,0.308
2019-06-22 11:00,2019-06-22 13:00,24.510,1.174,864.594,1166.616,0.495
2019-06-22 12:00,2019-06-22 14:00,25.139,1.171,831.061,1142.344,0.819
2019-06-22 13:00,2019-06-22 15:00,25.387,1.168,728.192,1068.449,0.896
2019-06-22 14:00,2019-06-22 16:00,25.404,1.166,612.111,949.088,0.877
2019-06-22 15:00,2019-06-22 17:00,25.336,1.165,505.082,792.948,0.789
2019-06-22 16:00,2019-06-22 18:00,24.859,1.165,353.053,610.570,0.778
2019-06-22 17:00,2019-06-22 19:00,23.832,1.166,186.588,414.257,0.792
2019-06-22 18:00,2019-06-22 20:00,22.313,1.168,91.880,217.428,0.744
2019-06-22 19:00,2019-06-22 21:00,20.092,1.173,12.271,41.610,0.602
2019-06-22 20:00,2019-06-22 22:00,18.837,1.177,0,0,0.414
2019-06-22 21:00,2019-06-22 23:00,18.063,1.181,0,0,0.208
2019-06-22 22:00,2019-06-23 00:00,17.246,1.184,0,0,0.089
2019-06-22 23:00,2019-06-23 01:00,16.515,1.186,0,0,0.061
2019-06-23 00:00,2019-06-23 02:00,15.959,1.188,0,0,0.037
2019-06-23 01:00,2019-06-23 03:00,15.473,1.189,0,0,0.036
2019-06-23 02:00,2019-06-23 04:00,15.038,1.190,0,0,0.013
2019-06-23 03:00,2019-06-23 05:00,14.711,1.193,10.502,33.280,0.004
2019-06-23 04:00,2019-06-23 06:00,16.385,1.194,100.168,203.574,0.003
2019-06-23 05:00,2019-06-23 07:00,18.049,1.192,243.753,399.879,0.001
2019-06-23 06:00,2019-06-23 08:00,20.819,1.183,403.827,596.719,0.001
2019-06-23 07:00,2019-06-23 09:00,23.566,1.173,559.271,780.579,0
2019-06-23 08:00,2019-06-23 10:00,25.212,1.168,695.225,938.905,0
2019-06-23 09:00,2019-06-23 11:00,26.511,1.163,800.194,1061.045,0
2019-06-23 10:00,2019-06-23 12:00,27.522,1.159,868.015,1138.835,0.015
2019-06-23 11:00,2019-06-23 13:00,28.242,1.157,892.898,1166.238,0.012
2019-06-23 12:00,2019-06-23 14:00,28.702,1.154,872.034,1142.344,0.012
2019-06-23 13:00,2019-06-23 15:00,28.874,1.153,806.790,1068.011,0.069
2019-06-23 14:00,2019-06-23 16:00,28.781,1.152,702.138,949.027,0.393
2019-06-23 15:00,2019-06-23 17:00,28.534,1.151,562.365,792.918,0.672
2019-06-23 16:00,2019-06-23 18:00,27.994,1.151,396.608,610.346,0.777
2019-06-23 17:00,2019-06-23 19:00,26.998,1.152,232.100,414.037,0.842
2019-06-23 18:00,2019-06-23 20:00,25.159,1.154,97.814,217.303,0.644
2019-06-23 19:00,2019-06-23 21:00,22.672,1.158,13.784,41.516,0.353
2019-06-23 20:00,2019-06-23 22:00,21.564,1.163,0,0,0.505
2019-06-23 21:00,2019-06-23 23:00,20.948,1.168,0,0,0.758
2019-06-23 22:00,2019-06-24 00:00,20.369,1.173,0,0,0.900
2019-06-23 23:00,2019-06-24 01:00,19.983,1.175,0,0,0.943
2019-06-24 00:00,2019-06-24 02:00,19.806,1.177,0,0,0.954
2019-06-24 01:00,2019-06-24 03:00,19.691,1.177,0,0,0.961
2019-06-24 02:00,2019-06-24 04:00,19.302,1.179,0,0,0.958
2019-06-24 03:00,2019-06-24 05:00,18.937,1.181,9.558,33.157,0.951
2019-06-24 04:00,2019-06-24 06:00,19.495,1.183,90.099,203.387,0.876
2019-06-24 05:00,2019-06-24 07:00,20.962,1.180,227.395,399.629,0.482
2019-06-24 06:00,2019-06-24 08:00,23.399,1.171,397.885,596.469,0.180
2019-06-24 07:00,2019-06-24 09:00,25.360,1.165,555.818,780.329,0.147
2019-06-24 08:00,2019-06-24 10:00,26.886,1.160,695.470,938.655,0.185
2019-06-24 09:00,2019-06-24 11:00,28.224,1.156,802.000,1061.037,0.080
2019-06-24 10:00,2019-06-24 12:00,29.388,1.152,867.359,1138.388,0.039
2019-06-24 11:00,2019-06-24 13:00,30.348,1.148,890.076,1166.178,0.293
2019-06-24 12:00,2019-06-24 14:00,31.065,1.145,867.999,1142.276,0.654
2019-06-24 13:00,2019-06-24 15:00,31.476,1.142,800.437,1067.949,0.850
2019-06-24 14:00,2019-06-24 16:00,31.552,1.140,679.353,948.777,0.911
2019-06-24 15:00,2019-06-24 17:00,31.147,1.140,489.461,792.668,0.931
2019-06-24 16:00,2019-06-24 18:00,30.386,1.140,307.697,610.070,0.933
2019-06-24 17:00,2019-06-24 19:00,29.270,1.141,172.113,413.787,0.920
2019-06-24 18:00,2019-06-24 20:00,27.343,1.143,74.341,216.997,0.838
2019-06-24 19:00,2019-06-24 21:00,25.170,1.146,10.784,41.333,0.850
2019-06-24 20:00,2019-06-24 22:00,23.955,1.150,0,0,0.860
2019-06-24 21:00,2019-06-24 23:00,23.025,1.154,0,0,0.912
2019-06-24 22:00,2019-06-25 00:00,22.084,1.158,0,0,0.930
2019-06-24 23:00,2019-06-25 01:00,21.457,1.161,0,0,0.933
2019-06-25 00:00,2019-06-25 02:00,21.448,1.162,0,0,0.889
2019-06-25 01:00,2019-06-25 03:00,21.629,1.163,0,0,0.678
2019-06-25 02:00,2019-06-25 04:00,20.972,1.167,0,0,0.791
2019-06-25 03:00,2019-06-25 05:00,20.025,1.171,10.119,32.969,0.888
2019-06-25 04:00,2019-06-25 06:00,20.718,1.175,88.714,203.027,0.847
2019-06-25 05:00,2019-06-25 07:00,22.013,1.173,208.772,399.379,0.877
2019-06-25 06:00,2019-06-25 08:00,24.108,1.166,324.460,596.214,0.911
2019-06-25 07:00,2019-06-25 09:00,26.363,1.158,496.230,779.890,0.927
2019-06-25 08:00,2019-06-25 10:00,28.639,1.151,662.321,938.375,0.650
2019-06-25 09:00,2019-06-25 11:00,30.735,1.144,789.308,1060.545,0.204
2019-06-25 10:00,2019-06-25 12:00,32.440,1.138,860.566,1137.956,0.298
2019-06-25 11:00,2019-06-25 13:00,33.621,1.134,880.520,1165.678,0.584
2019-06-25 12:00,2019-06-25 14:00,34.350,1.131,855.423,1141.844,0.747
2019-06-25 13:00,2019-06-25 15:00,34.679,1.129,787.469,1067.511,0.842
2019-06-25 14:00,2019-06-25 16:00,34.623,1.128,681.084,948.338,0.877
2019-06-25 15:00,2019-06-25 17:00,34.204,1.128,527.270,792.198,0.863
2019-06-25 16:00,2019-06-25 18:00,33.396,1.129,356.103,609.820,0.848
2019-06-25 17:00,2019-06-25 19:00,31.753,1.131,171.213,413.412,0.914
2019-06-25 18:00,2019-06-25 20:00,28.965,1.134,49.759,216.622,0.937
2019-06-25 19:00,2019-06-25 21:00,27.042,1.138,5.799,41.055,0.944
2019-06-25 20:00,2019-06-25 22:00,26.075,1.142,0,0,0.882
2019-06-25 21:00,2019-06-25 23:00,25.145,1.147,0,0,0.586
2019-06-25 22:00,2019-06-26 00:00,23.976,1.153,0,0,0.398
2019-06-25 23:00,2019-06-26 01:00,22.912,1.159,0,0,0.333
2019-06-26 00:00,2019-06-26 02:00,22.002,1.165,0,0,0.396
2019-06-26 01:00,2019-06-26 03:00,21.146,1.169,0,0,0.367
2019-06-26 02:00,2019-06-26 04:00,20.402,1.174,0,0,0.148
2019-06-26 03:00,2019-06-26 05:00,19.888,1.178,9.431,32.702,0.024
2019-06-26 04:00,2019-06-26 06:00,20.866,1.181,91.658,202.637,0.001
2019-06-26 05:00,2019-06-26 07:00,22.183,1.180,228.466,398.892,0
2019-06-26 06:00,2019-06-26 08:00,23.844,1.175,384.161,595.719,0
2019-06-26 07:00,2019-06-26 09:00,26.139,1.168,537.584,779.609,0
2019-06-26 08:00,2019-06-26 10:00,28.032,1.162,673.341,937.931,0
2019-06-26 09:00,2019-06-26 11:00,29.498,1.157,780.695,1060.105,0
2019-06-26 10:00,2019-06-26 12:00,30.673,1.153,848.477,1137.888,0
2019-06-26 11:00,2019-06-26 13:00,31.554,1.150,871.923,1165.616,0
2019-06-26 12:00,2019-06-26 14:00,32.028,1.148,841.822,1141.344,0
2019-06-26 13:00,2019-06-26 15:00,32.129,1.147,774.504,1067.390,0
2019-06-26 14:00,2019-06-26 16:00,31.861,1.147,669.382,948.084,0
2019-06-26 15:00,2019-06-26 17:00,31.326,1.148,536.030,791.918,0
2019-06-26 16:00,2019-06-26 18:00,30.377,1.149,385.793,609.320,0
2019-06-26 17:00,2019-06-26 19:00,28.965,1.152,232.740,413.007,0
2019-06-26 18:00,2019-06-26 20:00,27.040,1.158,96.964,216.122,0
2019-06-26 19:00,2019-06-26 21:00,24.787,1.166,12.011,40.700,0
2019-06-26 20:00,2019-06-26 22:00,22.874,1.174,0,0,0
2019-06-26 21:00,2019-06-26 23:00,21.397,1.182,0,0,0
2019-06-26 22:00,2019-06-27 00:00,20.223,1.187,0,0,0
2019-06-26 23:00,2019-06-27 01:00,19.205,1.192,0,0,0
2019-06-27 00:00,2019-06-27 02:00,18.262,1.197,0,0,0
2019-06-27 01:00,2019-06-27 03:00,17.352,1.201,0,0,0
2019-06-27 02:00,2019-06-27 04:00,16.494,1.205,0,0,0
2019-06-27 03:00,2019-06-27 05:00,15.593,1.210,9.904,32.344,0.001
2019-06-27 04:00,2019-06-27 06:00,15.495,1.213,97.132,202.074,0.001
2019-06-27 05:00,2019-06-27 07:00,16.385,1.212,240.705,398.379,0
2019-06-27 06:00,2019-06-27 08:00,17.757,1.209,402.546,595.219,0
2019-06-27 07:00,2019-06-27 09:00,19.468,1.204,561.690,779.109,0
2019-06-27 08:00,2019-06-27 10:00,21.257,1.198,703.327,937.625,0
2019-06-27 09:00,2019-06-27 11:00,22.965,1.192,817.638,1059.658,0
2019-06-27 10:00,2019-06-27 12:00,24.462,1.187,890.681,1137.388,0
2019-06-27 11:00,2019-06-27 13:00,25.692,1.182,919.250,1165.116,0
2019-06-27 12:00,2019-06-27 14:00,26.527,1.178,904.504,1140.844,0
2019-06-27 13:00,2019-06-27 15:00,26.901,1.175,839.510,1066.890,0
2019-06-27 14:00,2019-06-27 16:00,26.869,1.173,733.021,947.584,0
2019-06-27 15:00,2019-06-27 17:00,26.506,1.173,593.731,791.418,0
2019-06-27 16:00,2019-06-27 18:00,25.745,1.173,434.221,608.820,0
2019-06-27 17:00,2019-06-27 19:00,24.526,1.175,269.343,412.412,0
2019-06-27 18:00,2019-06-27 20:00,22.620,1.179,117.694,215.497,0
2019-06-27 19:00,2019-06-27 21:00,19.763,1.185,14.889,40.255,0
2019-06-27 20:00,2019-06-27 22:00,18.112,1.193,0,0,0
2019-06-27 21:00,2019-06-27 23:00,16.839,1.200,0,0,0
2019-06-27 22:00,2019-06-28 00:00,15.604,1.205,0,0,0
2019-06-27 23:00,2019-06-28 01:00,14.540,1.209,0,0,0
2019-06-28 00:00,2019-06-28 02:00,13.636,1.213,0,0,0
2019-06-28 01:00,2019-06-28 03:00,12.862,1.215,0,0,0
2019-06-28 02:00,2019-06-28 04:00,12.190,1.217,0,0,0
2019-06-28 03:00,2019-06-28 05:00,11.814,1.220,11.139,31.921,0.003
2019-06-28 04:00,2019-06-28 06:00,13.086,1.221,106.580,201.395,0.002
2019-06-28 05:00,2019-06-28 07:00,14.952,1.216,254.780,397.754,0
2019-06-28 06:00,2019-06-28 08:00,16.855,1.211,417.836,594.714,0
2019-06-28 07:00,2019-06-28 09:00,18.721,1.205,576.852,778.579,0
2019-06-28 08:00,2019-06-28 10:00,20.615,1.198,716.993,936.936,0
2019-06-28 09:00,2019-06-28 11:00,22.523,1.191,827.169,1059.158,0
2019-06-28 10:00,2019-06-28 12:00,24.256,1.185,896.993,1136.888,0
2019-06-28 11:00,2019-06-28 13:00,25.741,1.178,922.198,1164.616,0
2019-06-28 12:00,2019-06-28 14:00,26.846,1.173,901.290,1140.344,0
2019-06-28 13:00,2019-06-28 15:00,27.528,1.169,834.267,1066.390,0
2019-06-28 14:00,2019-06-28 16:00,27.760,1.166,727.221,947.054,0
2019-06-28 15:00,2019-06-28 17:00,27.677,1.165,589.063,790.698,0
2019-06-28 16:00,2019-06-28 18:00,27.155,1.164,431.903,608.096,0
2019-06-28 17:00,2019-06-28 19:00,26.025,1.165,268.919,411.662,0
2019-06-28 18:00,2019-06-28 20:00,23.570,1.168,118.063,214.747,0
2019-06-28 19:00,2019-06-28 21:00,20.065,1.172,14.957,39.718,0
2019-06-28 20:00,2019-06-28 22:00,18.530,1.178,0,0,0
2019-06-28 21:00,2019-06-28 23:00,17.650,1.183,0,0,0
2019-06-28 22:00,2019-06-29 00:00,16.845,1.186,0,0,0
2019-06-28 23:00,2019-06-29 01:00,16.146,1.189,0,0,0
2019-06-29 00:00,2019-06-29 02:00,15.548,1.191,0,0,0
2019-06-29 01:00,2019-06-29 03:00,15.022,1.194,0,0,0
2019-06-29 02:00,2019-06-29 04:00,14.512,1.196,0,0,0
2019-06-29 03:00,2019-06-29 05:00,14.178,1.199,11.517,31.414,0
2019-06-29 04:00,2019-06-29 06:00,15.777,1.201,110.081,200.590,0
2019-06-29 05:00,2019-06-29 07:00,17.627,1.198,261.189,397.004,0
2019-06-29 06:00,2019-06-29 08:00,20.501,1.188,426.246,593.969,0
2019-06-29 07:00,2019-06-29 09:00,24.279,1.174,586.145,777.890,0
2019-06-29 08:00,2019-06-29 10:00,26.565,1.167,726.656,936.405,0
2019-06-29 09:00,2019-06-29 11:00,28.422,1.160,835.581,1058.545,0
2019-06-29 10:00,2019-06-29 12:00,30.135,1.154,904.595,1136.388,0
2019-06-29 11:00,2019-06-29 13:00,31.546,1.148,928.574,1164.116,0
2019-06-29 12:00,2019-06-29 14:00,32.542,1.144,907.211,1139.844,0
2019-06-29 13:00,2019-06-29 15:00,33.165,1.140,839.824,1065.511,0
2019-06-29 14:00,2019-06-29 16:00,33.400,1.137,732.693,946.334,0
2019-06-29 15:00,2019-06-29 17:00,33.240,1.135,594.377,790.168,0
2019-06-29 16:00,2019-06-29 18:00,32.847,1.134,436.792,607.346,0
2019-06-29 17:00,2019-06-29 19:00,31.584,1.134,272.725,410.912,0.001
2019-06-29 18:00,2019-06-29 20:00,27.823,1.137,120.233,213.920,0.045
2019-06-29 19:00,2019-06-29 21:00,24.132,1.140,15.097,39.103,0.152
2019-06-29 20:00,2019-06-29 22:00,22.622,1.145,0,0,0.309
2019-06-29 21:00,2019-06-29 23:00,21.871,1.150,0,0,0.308
2019-06-29 22:00,2019-06-30 00:00,21.121,1.154,0,0,0.206
2019-06-29 23:00,2019-06-30 01:00,20.367,1.158,0,0,0.056
2019-06-30 00:00,2019-06-30 02:00,19.732,1.162,0,0,0.010
2019-06-30 01:00,2019-06-30 03:00,19.284,1.167,0,0,0.001
2019-06-30 02:00,2019-06-30 04:00,18.918,1.171,0,0,0
2019-06-30 03:00,2019-06-30 05:00,18.579,1.175,11.165,30.842,0
2019-06-30 04:00,2019-06-30 06:00,19.472,1.176,107.511,199.652,0.028
2019-06-30 05:00,2019-06-30 07:00,21.312,1.172,253.453,396.129,0.023
2019-06-30 06:00,2019-06-30 08:00,24.226,1.162,410.453,593.219,0.067
2019-06-30 07:00,2019-06-30 09:00,27.839,1.150,558.848,777.140,0.043
2019-06-30 08:00,2019-06-30 10:00,29.820,1.144,686.558,935.681,0.058
2019-06-30 09:00,2019-06-30 11:00,30.813,1.141,782.008,1058.045,0.017
2019-06-30 10:00,2019-06-30 12:00,31.344,1.140,837.747,1135.456,0.009
2019-06-30 11:00,2019-06-30 13:00,31.681,1.139,851.262,1163.238,0.016
2019-06-30 12:00,2019-06-30 14:00,31.802,1.139,815.811,1139.344,0.024
2019-06-30 13:00,2019-06-30 15:00,31.389,1.140,737.946,1065.003,0.070
2019-06-30 14:00,2019-06-30 16:00,30.541,1.143,613.784,945.588,0.700
2019-06-30 15:00,2019-06-30 17:00,28.916,1.146,280.210,789.229,0.966
2019-06-30 16:00,2019-06-30 18:00,27.616,1.148,147.125,606.570,0.961
2019-06-30 17:00,2019-06-30 19:00,26.819,1.152,149.670,410.037,0.859
2019-06-30 18:00,2019-06-30 20:00,25.146,1.157,80.566,212.934,0.330
2019-06-30 19:00,2019-06-30 21:00,22.582,1.164,11.579,38.411,0.284
2019-06-30 20:00,2019-06-30 22:00,20.882,1.170,0,0,0.303
2019-06-30 21:00,2019-06-30 23:00,19.679,1.174,0,0,0.198
2019-06-30 22:00,2019-07-01 00:00,18.920,1.176,0,0,0.198
2019-06-30 23:00,2019-07-01 01:00,18.431,1.178,0,0,0.054
2019-07-01 00:00,2019-07-01 02:00,18.289,1.180,0,0,0.276
2019-07-01 01:00,2019-07-01 03:00,18.086,1.181,0,0,0.209
2019-07-01 02:00,2019-07-01 04:00,16.940,1.184,0,0,0.172
2019-07-01 03:00,2019-07-01 05:00,16.699,1.188,7.532,30.201,0.343
2019-07-01 04:00,2019-07-01 06:00,17.200,1.192,72.832,198.645,0.309
2019-07-01 05:00,2019-07-01 07:00,17.974,1.192,186.380,395.159,0.258
2019-07-01 06:00,2019-07-01 08:00,19.415,1.189,349.190,592.245,0.079
2019-07-01 07:00,2019-07-01 09:00,21.061,1.184,537.390,776.363,0.035
2019-07-01 08:00,2019-07-01 10:00,22.515,1.180,683.750,934.931,0.200
2019-07-01 09:00,2019-07-01 11:00,23.769,1.176,792.231,1057.158,0.669
2019-07-01 10:00,2019-07-01 12:00,24.817,1.173,857.686,1134.897,0.727
2019-07-01 11:00,2019-07-01 13:00,25.633,1.170,886.811,1162.678,0.830
2019-07-01 12:00,2019-07-01 14:00,26.103,1.168,862.686,1138.776,0.872
2019-07-01 13:00,2019-07-01 15:00,26.236,1.167,803.239,1064.390,0.488
2019-07-01 14:00,2019-07-01 16:00,26.043,1.167,714.152,944.838,0.023
2019-07-01 15:00,2019-07-01 17:00,25.469,1.168,579.098,788.418,0
2019-07-01 16:00,2019-07-01 18:00,24.525,1.170,423.553,605.596,0
2019-07-01 17:00,2019-07-01 19:00,23.081,1.173,261.863,409.022,0
2019-07-01 18:00,2019-07-01 20:00,21.211,1.179,113.108,211.809,0
2019-07-01 19:00,2019-07-01 21:00,18.736,1.186,13.580,37.643,0
2019-07-01 20:00,2019-07-01 22:00,16.849,1.193,0,0,0
2019-07-01 21:00,2019-07-01 23:00,15.640,1.198,0,0,0
2019-07-01 22:00,2019-07-02 00:00,14.595,1.202,0,0,0.002
2019-07-01 23:00,2019-07-02 01:00,13.671,1.205,0,0,0.005
2019-07-02 00:00,2019-07-02 02:00,12.984,1.207,0,0,0.013
2019-07-02 01:00,2019-07-02 03:00,12.560,1.209,0,0,0.020
2019-07-02 02:00,2019-07-02 04:00,12.112,1.210,0,0,0.025
2019-07-02 03:00,2019-07-02 05:00,11.858,1.212,9.836,29.486,0.027
2019-07-02 04:00,2019-07-02 06:00,13.639,1.213,100.698,197.466,0.026
2019-07-02 05:00,2019-07-02 07:00,15.663,1.209,245.510,394.129,0.029
2019-07-02 06:00,2019-07-02 08:00,17.607,1.203,404.630,591.245,0.029
2019-07-02 07:00,2019-07-02 09:00,18.920,1.200,554.513,775.390,0.044
2019-07-02 08:00,2019-07-02 10:00,20.100,1.197,675.952,934.125,0.080
2019-07-02 09:00,2019-07-02 11:00,21.129,1.194,733.076,1056.545,0.136
2019-07-02 10:00,2019-07-02 12:00,22.131,1.190,805.550,1134.388,0.057
2019-07-02 11:00,2019-07-02 13:00,23.228,1.187,891.740,1162.116,0.062
2019-07-02 12:00,2019-07-02 14:00,23.682,1.184,816.887,1137.844,0.162
2019-07-02 13:00,2019-07-02 15:00,23.670,1.183,698.168,1063.503,0.161
2019-07-02 14:00,2019-07-02 16:00,23.629,1.182,642.840,944.084,0.098
2019-07-02 15:00,2019-07-02 17:00,23.381,1.181,542.400,787.479,0.065
2019-07-02 16:00,2019-07-02 18:00,22.793,1.182,404.226,604.596,0.134
2019-07-02 17:00,2019-07-02 19:00,21.824,1.183,235.845,407.897,0.140
2019-07-02 18:00,2019-07-02 20:00,20.466,1.185,99.386,210.614,0.199
2019-07-02 19:00,2019-07-02 21:00,17.998,1.189,11.848,36.798,0.132
2019-07-02 20:00,2019-07-02 22:00,16.392,1.194,0,0,0.025
2019-07-02 21:00,2019-07-02 23:00,15.288,1.199,0,0,0.007
2019-07-02 22:00,2019-07-03 00:00,14.271,1.204,0,0,0.005
2019-07-02 23:00,2019-07-03 01:00,13.358,1.208,0,0,0.004
2019-07-03 00:00,2019-07-03 02:00,12.545,1.210,0,0,0.003
2019-07-03 01:00,2019-07-03 03:00,11.803,1.213,0,0,0.006
2019-07-03 02:00,2019-07-03 04:00,11.200,1.215,0,0,0.006
2019-07-03 03:00,2019-07-03 05:00,10.808,1.217,10.199,28.711,0.008
2019-07-03 04:00,2019-07-03 06:00,12.638,1.219,105.472,196.215,0.009
2019-07-03 05:00,2019-07-03 07:00,14.863,1.214,254.140,392.909,0.013
2019-07-03 06:00,2019-07-03 08:00,17.202,1.207,416.546,590.219,0.030
2019-07-03 07:00,2019-07-03 09:00,18.726,1.204,571.209,774.390,0.006
2019-07-03 08:00,2019-07-03 10:00,19.998,1.201,716.174,933.181,0.002
2019-07-03 09:00,2019-07-03 11:00,21.040,1.198,825.453,1055.545,0
2019-07-03 10:00,2019-07-03 12:00,21.940,1.195,895.800,1133.388,0
2019-07-03 11:00,2019-07-03 13:00,22.673,1.192,921.341,1161.178,0
2019-07-03 12:00,2019-07-03 14:00,23.154,1.190,897.326,1136.898,0
2019-07-03 13:00,2019-07-03 15:00,23.360,1.188,831.177,1062.511,0
2019-07-03 14:00,2019-07-03 16:00,23.232,1.187,724.899,943.088,0
2019-07-03 15:00,2019-07-03 17:00,22.812,1.187,586.943,786.479,0
2019-07-03 16:00,2019-07-03 18:00,22.075,1.187,428.888,603.570,0
2019-07-03 17:00,2019-07-03 19:00,20.990,1.189,264.899,406.662,0.001
2019-07-03 18:00,2019-07-03 20:00,19.501,1.192,113.909,209.248,0.012
2019-07-03 19:00,2019-07-03 21:00,17.056,1.197,12.919,35.877,0.015
2019-07-03 20:00,2019-07-03 22:00,15.652,1.204,0,0,0.014
2019-07-03 21:00,2019-07-03 23:00,14.625,1.210,0,0,0.012
2019-07-03 22:00,2019-07-04 00:00,13.566,1.214,0,0,0.009
2019-07-03 23:00,2019-07-04 01:00,12.515,1.218,0,0,0.007
2019-07-04 00:00,2019-07-04 02:00,11.614,1.221,0,0,0.005
2019-07-04 01:00,2019-07-04 03:00,10.880,1.223,0,0,0.003
2019-07-04 02:00,2019-07-04 04:00,10.258,1.225,0,0,0.003
2019-07-04 03:00,2019-07-04 05:00,9.833,1.227,9.815,27.875,0.002
2019-07-04 04:00,2019-07-04 06:00,11.274,1.229,104.894,194.785,0.002
2019-07-04 05:00,2019-07-04 07:00,13.366,1.223,254.027,391.644,0.001
2019-07-04 06:00,2019-07-04 08:00,16.344,1.213,417.196,588.995,0.001
2019-07-04 07:00,2019-07-04 09:00,17.951,1.209,575.023,773.390,0.003
2019-07-04 08:00,2019-07-04 10:00,19.476,1.204,713.229,932.186,0.081
2019-07-04 09:00,2019-07-04 11:00,20.975,1.199,816.621,1054.658,0.158
2019-07-04 10:00,2019-07-04 12:00,22.337,1.194,884.270,1132.456,0.179
2019-07-04 11:00,2019-07-04 13:00,23.514,1.189,909.867,1160.178,0.047
2019-07-04 12:00,2019-07-04 14:00,24.398,1.184,888.190,1136.285,0.001
2019-07-04 13:00,2019-07-04 15:00,24.978,1.180,821.734,1061.890,0.067
2019-07-04 14:00,2019-07-04 16:00,25.110,1.178,704.030,942.088,0.167
2019-07-04 15:00,2019-07-04 17:00,24.924,1.176,557.053,785.418,0.271
2019-07-04 16:00,2019-07-04 18:00,24.435,1.175,408.005,602.320,0.289
2019-07-04 17:00,2019-07-04 19:00,23.435,1.176,249.987,405.287,0.550
2019-07-04 18:00,2019-07-04 20:00,21.392,1.178,96.845,207.802,0.878
2019-07-04 19:00,2019-07-04 21:00,18.548,1.181,8.747,34.895,0.935
2019-07-04 20:00,2019-07-04 22:00,17.601,1.185,0,0,0.943
2019-07-04 21:00,2019-07-04 23:00,17.105,1.187,0,0,0.970
2019-07-04 22:00,2019-07-05 00:00,16.708,1.189,0,0,0.976
2019-07-04 23:00,2019-07-05 01:00,16.235,1.191,0,0,0.971
2019-07-05 00:00,2019-07-05 02:00,15.370,1.193,0,0,0.954
2019-07-05 01:00,2019-07-05 03:00,14.917,1.196,0,0,0.952
2019-07-05 02:00,2019-07-05 04:00,14.693,1.198,0,0,0.935
2019-07-05 03:00,2019-07-05 05:00,14.422,1.199,6.147,26.984,0.882
2019-07-05 04:00,2019-07-05 06:00,15.239,1.201,61.058,193.285,0.852
2019-07-05 05:00,2019-07-05 07:00,16.722,1.199,178.005,390.256,0.459
2019-07-05 06:00,2019-07-05 08:00,19.250,1.192,385.368,587.745,0.101
2019-07-05 07:00,2019-07-05 09:00,21.389,1.186,554.926,772.140,0.043
2019-07-05 08:00,2019-07-05 10:00,23.039,1.180,699.958,931.181,0.025
2019-07-05 09:00,2019-07-05 11:00,24.393,1.176,812.638,1053.658,0.004
2019-07-05 10:00,2019-07-05 12:00,25.562,1.172,882.301,1131.456,0
2019-07-05 11:00,2019-07-05 13:00,26.497,1.168,905.337,1159.178,0.006
2019-07-05 12:00,2019-07-05 14:00,27.160,1.164,878.156,1135.285,0.021
2019-07-05 13:00,2019-07-05 15:00,27.496,1.162,808.000,1060.890,0.018
2019-07-05 14:00,2019-07-05 16:00,27.475,1.160,701.735,941.054,0.094
2019-07-05 15:00,2019-07-05 17:00,27.066,1.159,520.505,784.199,0.213
2019-07-05 16:00,2019-07-05 18:00,26.381,1.159,366.076,601.070,0.223
2019-07-05 17:00,2019-07-05 19:00,25.290,1.160,222.360,403.897,0.244
2019-07-05 18:00,2019-07-05 20:00,23.458,1.164,91.443,206.239,0.275
2019-07-05 19:00,2019-07-05 21:00,20.472,1.170,10.305,33.851,0.271
2019-07-05 20:00,2019-07-05 22:00,18.727,1.176,0,0,0.502
2019-07-05 21:00,2019-07-05 23:00,17.718,1.181,0,0,0.660
2019-07-05 22:00,2019-07-06 00:00,16.793,1.184,0,0,0.684
2019-07-05 23:00,2019-07-06 01:00,16.077,1.186,0,0,0.635
2019-07-06 00:00,2019-07-06 02:00,15.932,1.187,0,0,0.629
2019-07-06 01:00,2019-07-06 03:00,15.601,1.188,0,0,0.629
2019-07-06 02:00,2019-07-06 04:00,14.801,1.189,0,0,0.623
2019-07-06 03:00,2019-07-06 05:00,14.219,1.190,7.556,26.038,0.639
2019-07-06 04:00,2019-07-06 06:00,15.741,1.191,79.545,191.660,0.684
2019-07-06 05:00,2019-07-06 07:00,17.611,1.189,205.611,388.756,0.645
2019-07-06 06:00,2019-07-06 08:00,20.208,1.180,361.926,586.249,0.573
2019-07-06 07:00,2019-07-06 09:00,22.405,1.173,522.683,770.890,0.523
2019-07-06 08:00,2019-07-06 10:00,24.266,1.167,664.498,929.936,0.464
2019-07-06 09:00,2019-07-06 11:00,25.854,1.161,772.092,1052.658,0.459
2019-07-06 10:00,2019-07-06 12:00,26.887,1.157,777.909,1130.456,0.638
2019-07-06 11:00,2019-07-06 13:00,27.208,1.154,687.077,1158.178,0.765
2019-07-06 12:00,2019-07-06 14:00,27.235,1.153,611.913,1134.285,0.842
2019-07-06 13:00,2019-07-06 15:00,27.161,1.152,538.455,1059.511,0.879
2019-07-06 14:00,2019-07-06 16:00,26.912,1.151,458.332,939.838,0.874
2019-07-06 15:00,2019-07-06 17:00,26.188,1.152,336.980,782.918,0.878
2019-07-06 16:00,2019-07-06 18:00,24.779,1.156,203.650,599.596,0.895
2019-07-06 17:00,2019-07-06 19:00,22.679,1.163,106.086,402.301,0.933
2019-07-06 18:00,2019-07-06 20:00,20.261,1.173,38.997,204.552,0.979
2019-07-06 19:00,2019-07-06 21:00,18.252,1.181,4.591,32.745,0.984
2019-07-06 20:00,2019-07-06 22:00,16.962,1.187,0,0,0.983
2019-07-06 21:00,2019-07-06 23:00,16.183,1.191,0,0,0.986
2019-07-06 22:00,2019-07-07 00:00,15.609,1.193,0,0,0.985
2019-07-06 23:00,2019-07-07 01:00,15.044,1.196,0,0,0.976
2019-07-07 00:00,2019-07-07 02:00,14.455,1.198,0,0,0.979
2019-07-07 01:00,2019-07-07 03:00,13.838,1.201,0,0,0.936
2019-07-07 02:00,2019-07-07 04:00,13.071,1.204,0,0,0.776
2019-07-07 03:00,2019-07-07 05:00,12.363,1.207,5.113,25.040,0.412
2019-07-07 04:00,2019-07-07 06:00,12.397,1.209,82.756,189.910,0.135
2019-07-07 05:00,2019-07-07 07:00,13.371,1.208,229.847,387.144,0.073
2019-07-07 06:00,2019-07-07 08:00,14.830,1.205,390.714,584.779,0.069
2019-07-07 07:00,2019-07-07 09:00,16.545,1.201,561.483,769.640,0.020
2019-07-07 08:00,2019-07-07 10:00,18.139,1.197,704.914,928.686,0.022
2019-07-07 09:00,2019-07-07 11:00,19.375,1.193,805.536,1051.545,0.038
2019-07-07 10:00,2019-07-07 12:00,20.376,1.190,868.177,1129.397,0.037
2019-07-07 11:00,2019-07-07 13:00,21.210,1.187,894.398,1157.178,0.046
2019-07-07 12:00,2019-07-07 14:00,21.694,1.185,866.398,1133.285,0.038
2019-07-07 13:00,2019-07-07 15:00,21.909,1.183,808.886,1058.503,0.033
2019-07-07 14:00,2019-07-07 16:00,21.698,1.182,687.291,938.588,0.106
2019-07-07 15:00,2019-07-07 17:00,21.061,1.183,507.608,781.668,0.194
2019-07-07 16:00,2019-07-07 18:00,20.201,1.184,346.681,598.096,0.269
2019-07-07 17:00,2019-07-07 19:00,19.139,1.186,195.069,400.662,0.394
2019-07-07 18:00,2019-07-07 20:00,17.941,1.189,65.674,202.746,0.578
2019-07-07 19:00,2019-07-07 21:00,16.641,1.193,5.573,31.593,0.609
2019-07-07 20:00,2019-07-07 22:00,15.521,1.198,0,0,0.373
2019-07-07 21:00,2019-07-07 23:00,14.195,1.203,0,0,0.116
2019-07-07 22:00,2019-07-08 00:00,12.856,1.208,0,0,0.090
2019-07-07 23:00,2019-07-08 01:00,11.931,1.212,0,0,0.159
2019-07-08 00:00,2019-07-08 02:00,11.205,1.216,0,0,0.114
2019-07-08 01:00,2019-07-08 03:00,10.212,1.218,0,0,0.057
2019-07-08 02:00,2019-07-08 04:00,9.412,1.220,0,0,0.072
2019-07-08 03:00,2019-07-08 05:00,8.888,1.222,8.185,23.998,0.275
2019-07-08 04:00,2019-07-08 06:00,10.437,1.224,97.749,188.036,0.405
2019-07-08 05:00,2019-07-08 07:00,12.644,1.218,244.965,385.409,0.269
2019-07-08 06:00,2019-07-08 08:00,14.586,1.213,399.117,583.249,0.490
2019-07-08 07:00,2019-07-08 09:00,15.838,1.211,539.957,768.140,0.711
2019-07-08 08:00,2019-07-08 10:00,17.160,1.207,668.571,927.436,0.355
2019-07-08 09:00,2019-07-08 11:00,18.378,1.203,774.610,1050.158,0.308
2019-07-08 10:00,2019-07-08 12:00,19.298,1.199,810.536,1128.388,0.852
2019-07-08 11:00,2019-07-08 13:00,19.104,1.197,571.623,1156.178,0.966
2019-07-08 12:00,2019-07-08 14:00,18.492,1.197,403.743,1131.898,0.982
2019-07-08 13:00,2019-07-08 15:00,18.495,1.197,422.580,1057.390,0.984
2019-07-08 14:00,2019-07-08 16:00,18.483,1.197,392.911,937.338,0.985
2019-07-08 15:00,2019-07-08 17:00,17.492,1.198,162.893,780.168,0.983
2019-07-08 16:00,2019-07-08 18:00,16.715,1.199,98.233,596.570,0.884
2019-07-08 17:00,2019-07-08 19:00,16.476,1.201,140.794,398.911,0.374
2019-07-08 18:00,2019-07-08 20:00,15.760,1.202,88.185,200.810,0.313
2019-07-08 19:00,2019-07-08 21:00,13.919,1.205,8.222,30.375,0.233
2019-07-08 20:00,2019-07-08 22:00,12.802,1.209,0,0,0.200
2019-07-08 21:00,2019-07-08 23:00,12.165,1.211,0,0,0.221
2019-07-08 22:00,2019-07-09 00:00,11.905,1.214,0,0,0.340
2019-07-08 23:00,2019-07-09 01:00,11.718,1.217,0,0,0.453
2019-07-09 00:00,2019-07-09 02:00,11.454,1.219,0,0,0.602
2019-07-09 01:00,2019-07-09 03:00,11.053,1.220,0,0,0.785
2019-07-09 02:00,2019-07-09 04:00,10.327,1.222,0,0,0.856
2019-07-09 03:00,2019-07-09 05:00,9.336,1.225,6.471,22.928,0.915
2019-07-09 04:00,2019-07-09 06:00,10.327,1.227,80.092,186.050,0.936
2019-07-09 05:00,2019-07-09 07:00,12.120,1.223,217.658,383.644,0.938
2019-07-09 06:00,2019-07-09 08:00,13.947,1.217,363.141,581.745,0.930
2019-07-09 07:00,2019-07-09 09:00,15.300,1.214,497.931,766.640,0.694
2019-07-09 08:00,2019-07-09 10:00,16.656,1.210,614.342,926.152,0.464
2019-07-09 09:00,2019-07-09 11:00,18.019,1.205,731.569,1049.045,0.233
2019-07-09 10:00,2019-07-09 12:00,19.307,1.201,833.471,1127.010,0.151
2019-07-09 11:00,2019-07-09 13:00,20.310,1.197,868.627,1155.125,0.165
2019-07-09 12:00,2019-07-09 14:00,21.118,1.193,853.494,1130.844,0.050
2019-07-09 13:00,2019-07-09 15:00,21.627,1.190,800.288,1056.011,0.144
2019-07-09 14:00,2019-07-09 16:00,21.702,1.188,683.721,935.865,0.178
2019-07-09 15:00,2019-07-09 17:00,21.464,1.187,552.368,778.668,0.093
2019-07-09 16:00,2019-07-09 18:00,20.883,1.187,404.101,594.846,0.098
2019-07-09 17:00,2019-07-09 19:00,19.952,1.188,245.051,397.051,0.243
2019-07-09 18:00,2019-07-09 20:00,18.467,1.190,97.034,198.754,0.360
2019-07-09 19:00,2019-07-09 21:00,15.697,1.194,8.719,29.126,0.799
2019-07-09 20:00,2019-07-09 22:00,14.598,1.198,0,0,0.939
2019-07-09 21:00,2019-07-09 23:00,13.966,1.202,0,0,0.938
2019-07-09 22:00,2019-07-10 00:00,13.199,1.206,0,0,0.886
2019-07-09 23:00,2019-07-10 01:00,12.093,1.209,0,0,0.318
2019-07-10 00:00,2019-07-10 02:00,10.970,1.212,0,0,0.141
2019-07-10 01:00,2019-07-10 03:00,10.214,1.214,0,0,0.286
2019-07-10 02:00,2019-07-10 04:00,9.719,1.216,0,0,0.606
2019-07-10 03:00,2019-07-10 05:00,9.511,1.218,6.880,21.811,0.732
2019-07-10 04:00,2019-07-10 06:00,11.047,1.220,89.114,183.973,0.633
2019-07-10 05:00,2019-07-10 07:00,13.052,1.218,231.191,381.661,0.792
2019-07-10 06:00,2019-07-10 08:00,16.172,1.208,388.152,579.806,0.921
2019-07-10 07:00,2019-07-10 09:00,18.165,1.202,552.954,765.140,0.859
2019-07-10 08:00,2019-07-10 10:00,19.802,1.197,700.673,924.686,0.677
2019-07-10 09:00,2019-07-10 11:00,21.318,1.192,807.044,1047.658,0.525
2019-07-10 10:00,2019-07-10 12:00,22.618,1.187,868.391,1125.897,0.490
2019-07-10 11:00,2019-07-10 13:00,23.665,1.183,880.935,1153.678,0.414
2019-07-10 12:00,2019-07-10 14:00,24.447,1.179,855.447,1129.398,0.391
2019-07-10 13:00,2019-07-10 15:00,24.792,1.176,754.350,1054.511,0.401
2019-07-10 14:00,2019-07-10 16:00,24.602,1.174,587.074,934.554,0.590
2019-07-10 15:00,2019-07-10 17:00,24.054,1.174,396.265,776.979,0.886
2019-07-10 16:00,2019-07-10 18:00,22.869,1.174,194.121,593.096,0.981
2019-07-10 17:00,2019-07-10 19:00,20.948,1.179,68.191,395.053,0.985
2019-07-10 18:00,2019-07-10 20:00,18.576,1.188,20.219,196.622,0.984
2019-07-10 19:00,2019-07-10 21:00,16.500,1.197,1.706,27.831,0.988
2019-07-10 20:00,2019-07-10 22:00,15.348,1.201,0,0,0.975
2019-07-10 21:00,2019-07-10 23:00,14.913,1.202,0,0,0.972
2019-07-10 22:00,2019-07-11 00:00,14.569,1.201,0,0,0.960
2019-07-10 23:00,2019-07-11 01:00,14.408,1.200,0,0,0.932
2019-07-11 00:00,2019-07-11 02:00,14.508,1.199,0,0,0.918
2019-07-11 01:00,2019-07-11 03:00,14.562,1.198,0,0,0.973
2019-07-11 02:00,2019-07-11 04:00,14.504,1.198,0,0,0.985
2019-07-11 03:00,2019-07-11 05:00,14.461,1.197,1.895,20.670,0.983
2019-07-11 04:00,2019-07-11 06:00,14.759,1.196,21.403,181.739,0.988
2019-07-11 05:00,2019-07-11 07:00,15.212,1.196,52.668,379.661,0.993
2019-07-11 06:00,2019-07-11 08:00,15.692,1.195,89.062,577.999,0.993
2019-07-11 07:00,2019-07-11 09:00,16.197,1.193,109.495,763.390,0.992
2019-07-11 08:00,2019-07-11 10:00,16.904,1.190,137.845,923.156,0.990
2019-07-11 09:00,2019-07-11 11:00,17.784,1.187,184.725,1046.167,0.989
2019-07-11 10:00,2019-07-11 12:00,18.967,1.183,253.719,1124.456,0.988
2019-07-11 11:00,2019-07-11 13:00,20.405,1.177,322.689,1152.238,0.983
2019-07-11 12:00,2019-07-11 14:00,21.677,1.173,361.191,1128.285,0.908
2019-07-11 13:00,2019-07-11 15:00,22.929,1.168,446.630,1053.390,0.595
2019-07-11 14:00,2019-07-11 16:00,23.962,1.165,526.709,932.865,0.287
2019-07-11 15:00,2019-07-11 17:00,24.056,1.164,436.489,775.418,0.367
2019-07-11 16:00,2019-07-11 18:00,23.547,1.163,268.571,591.101,0.501
2019-07-11 17:00,2019-07-11 19:00,22.767,1.163,142.435,393.036,0.476
2019-07-11 18:00,2019-07-11 20:00,21.016,1.165,63.071,194.372,0.465
2019-07-11 19:00,2019-07-11 21:00,18.819,1.167,6.117,26.504,0.354
2019-07-11 20:00,2019-07-11 22:00,17.423,1.171,0,0,0.281
2019-07-11 21:00,2019-07-11 23:00,16.552,1.175,0,0,0.217
2019-07-11 22:00,2019-07-12 00:00,15.820,1.178,0,0,0.178
2019-07-11 23:00,2019-07-12 01:00,15.321,1.181,0,0,0.327
2019-07-12 00:00,2019-07-12 02:00,15.297,1.182,0,0,0.573
2019-07-12 01:00,2019-07-12 03:00,15.507,1.184,0,0,0.762
2019-07-12 02:00,2019-07-12 04:00,15.140,1.185,0,0,0.818
2019-07-12 03:00,2019-07-12 05:00,14.546,1.186,5.048,19.503,0.655
2019-07-12 04:00,2019-07-12 06:00,15.195,1.188,73.301,179.426,0.647
2019-07-12 05:00,2019-07-12 07:00,17.264,1.187,193.816,377.536,0.722
2019-07-12 06:00,2019-07-12 08:00,19.799,1.179,327.027,576.056,0.651
2019-07-12 07:00,2019-07-12 09:00,22.115,1.172,466.035,761.644,0.631
2019-07-12 08:00,2019-07-12 10:00,23.652,1.167,584.735,921.436,0.501
2019-07-12 09:00,2019-07-12 11:00,24.956,1.163,718.218,1044.667,0.235
2019-07-12 10:00,2019-07-12 12:00,25.930,1.160,794.973,1123.010,0.186
2019-07-12 11:00,2019-07-12 13:00,26.310,1.158,761.961,1151.178,0.274
2019-07-12 12:00,2019-07-12 14:00,26.062,1.158,662.036,1126.785,0.354
2019-07-12 13:00,2019-07-12 15:00,25.261,1.159,549.353,1051.890,0.597
2019-07-12 14:00,2019-07-12 16:00,23.132,1.165,295.460,931.335,0.763
2019-07-12 15:00,2019-07-12 17:00,20.821,1.172,209.012,773.479,0.813
2019-07-12 16:00,2019-07-12 18:00,19.161,1.178,150.687,589.101,0.885
2019-07-12 17:00,2019-07-12 19:00,18.186,1.180,84.872,390.897,0.781
2019-07-12 18:00,2019-07-12 20:00,17.403,1.183,36.012,191.990,0.705
2019-07-12 19:00,2019-07-12 21:00,16.557,1.186,2.704,25.147,0.725
2019-07-12 20:00,2019-07-12 22:00,15.915,1.190,0,0,0.789
2019-07-12 21:00,2019-07-12 23:00,15.404,1.193,0,0,0.879
2019-07-12 22:00,2019-07-13 00:00,14.830,1.196,0,0,0.888
2019-07-12 23:00,2019-07-13 01:00,14.145,1.199,0,0,0.819
2019-07-13 00:00,2019-07-13 02:00,13.555,1.202,0,0,0.621
2019-07-13 01:00,2019-07-13 03:00,13.136,1.204,0,0,0.387
2019-07-13 02:00,2019-07-13 04:00,12.957,1.205,0,0,0.373
2019-07-13 03:00,2019-07-13 05:00,12.930,1.206,3.600,18.323,0.397
2019-07-13 04:00,2019-07-13 06:00,13.350,1.206,58.003,176.989,0.391
2019-07-13 05:00,2019-07-13 07:00,14.356,1.204,161.205,375.286,0.363
2019-07-13 06:00,2019-07-13 08:00,16.061,1.198,309.259,573.999,0.160
2019-07-13 07:00,2019-07-13 09:00,17.696,1.194,498.902,759.890,0.119
2019-07-13 08:00,2019-07-13 10:00,19.247,1.190,608.751,919.906,0.131
2019-07-13 09:00,2019-07-13 11:00,20.398,1.186,678.398,1043.167,0.236
2019-07-13 10:00,2019-07-13 12:00,21.100,1.184,675.771,1121.510,0.299
2019-07-13 11:00,2019-07-13 13:00,21.613,1.182,652.931,1149.678,0.289
2019-07-13 12:00,2019-07-13 14:00,22.020,1.180,645.103,1125.285,0.471
2019-07-13 13:00,2019-07-13 15:00,21.728,1.180,477.901,1050.011,0.495
2019-07-13 14:00,2019-07-13 16:00,21.675,1.180,467.347,929.615,0.451
2019-07-13 15:00,2019-07-13 17:00,21.343,1.180,351.304,771.699,0.426
2019-07-13 16:00,2019-07-13 18:00,21.013,1.180,282.857,587.101,0.466
2019-07-13 17:00,2019-07-13 19:00,20.162,1.182,155.686,388.538,0.446
2019-07-13 18:00,2019-07-13 20:00,18.985,1.184,64.148,189.496,0.387
2019-07-13 19:00,2019-07-13 21:00,17.350,1.188,4.658,23.764,0.383
2019-07-13 20:00,2019-07-13 22:00,16.483,1.192,0,0,0.357
2019-07-13 21:00,2019-07-13 23:00,15.715,1.196,0,0,0.332
2019-07-13 22:00,2019-07-14 00:00,14.845,1.202,0,0,0.328
2019-07-13 23:00,2019-07-14 01:00,13.921,1.207,0,0,0.352
2019-07-14 00:00,2019-07-14 02:00,13.100,1.211,0,0,0.400
2019-07-14 01:00,2019-07-14 03:00,12.594,1.213,0,0,0.460
2019-07-14 02:00,2019-07-14 04:00,12.449,1.214,0,0,0.609
2019-07-14 03:00,2019-07-14 05:00,12.444,1.214,2.148,17.125,0.652
2019-07-14 04:00,2019-07-14 06:00,12.771,1.214,33.812,174.427,0.688
2019-07-14 05:00,2019-07-14 07:00,13.439,1.212,99.185,372.925,0.629
2019-07-14 06:00,2019-07-14 08:00,14.206,1.211,205.780,571.999,0.472
2019-07-14 07:00,2019-07-14 09:00,15.458,1.208,381.470,757.894,0.390
2019-07-14 08:00,2019-07-14 10:00,16.931,1.204,517.473,918.156,0.386
2019-07-14 09:00,2019-07-14 11:00,18.111,1.201,609.572,1041.599,0.367
2019-07-14 10:00,2019-07-14 12:00,19.128,1.198,694.655,1120.010,0.245
2019-07-14 11:00,2019-07-14 13:00,19.961,1.195,747.200,1148.178,0.203
2019-07-14 12:00,2019-07-14 14:00,20.545,1.192,735.829,1123.785,0.220
2019-07-14 13:00,2019-07-14 15:00,20.836,1.190,671.919,1048.511,0.203
2019-07-14 14:00,2019-07-14 16:00,20.938,1.188,606.624,927.865,0.197
2019-07-14 15:00,2019-07-14 17:00,20.655,1.187,461.563,769.699,0.341
2019-07-14 16:00,2019-07-14 18:00,19.903,1.188,277.718,585.067,0.574
2019-07-14 17:00,2019-07-14 19:00,18.937,1.190,128.751,386.163,0.668
2019-07-14 18:00,2019-07-14 20:00,17.885,1.193,49.320,186.879,0.632
2019-07-14 19:00,2019-07-14 21:00,16.616,1.196,3.421,22.370,0.650
2019-07-14 20:00,2019-07-14 22:00,15.902,1.199,0,0,0.719
2019-07-14 21:00,2019-07-14 23:00,15.506,1.201,0,0,0.707
2019-07-14 22:00,2019-07-15 00:00,15.040,1.202,0,0,0.597
2019-07-14 23:00,2019-07-15 01:00,14.389,1.203,0,0,0.451
2019-07-15 00:00,2019-07-15 02:00,13.629,1.205,0,0,0.458
2019-07-15 01:00,2019-07-15 03:00,13.345,1.207,0,0,0.536
2019-07-15 02:00,2019-07-15 04:00,13.172,1.209,0,0,0.607
2019-07-15 03:00,2019-07-15 05:00,12.971,1.211,2.775,15.916,0.637
2019-07-15 04:00,2019-07-15 06:00,13.137,1.213,50.219,171.755,0.649
2019-07-15 05:00,2019-07-15 07:00,14.201,1.210,130.660,370.427,0.660
2019-07-15 06:00,2019-07-15 08:00,15.237,1.208,222.281,569.749,0.617
2019-07-15 07:00,2019-07-15 09:00,16.055,1.206,308.246,755.894,0.628
2019-07-15 08:00,2019-07-15 10:00,16.974,1.204,407.195,916.216,0.506
2019-07-15 09:00,2019-07-15 11:00,18.062,1.201,585.885,1040.045,0.412
2019-07-15 10:00,2019-07-15 12:00,19.093,1.198,708.544,1118.450,0.412
2019-07-15 11:00,2019-07-15 13:00,20.181,1.195,814.386,1146.678,0.543
2019-07-15 12:00,2019-07-15 14:00,21.030,1.191,845.904,1121.906,0.618
2019-07-15 13:00,2019-07-15 15:00,21.437,1.189,797.555,1046.943,0.646
2019-07-15 14:00,2019-07-15 16:00,21.457,1.187,696.678,926.085,0.566
2019-07-15 15:00,2019-07-15 17:00,21.154,1.187,561.604,767.699,0.250
2019-07-15 16:00,2019-07-15 18:00,20.507,1.187,405.554,582.817,0.039
2019-07-15 17:00,2019-07-15 19:00,19.488,1.188,242.767,383.676,0.187
2019-07-15 18:00,2019-07-15 20:00,18.100,1.191,87.603,184.184,0.567
2019-07-15 19:00,2019-07-15 21:00,15.956,1.195,5.660,20.962,0.700
2019-07-15 20:00,2019-07-15 22:00,14.992,1.198,0,0,0.603
2019-07-15 21:00,2019-07-15 23:00,14.448,1.201,0,0,0.513
2019-07-15 22:00,2019-07-16 00:00,13.913,1.203,0,0,0.343
2019-07-15 23:00,2019-07-16 01:00,12.908,1.206,0,0,0.152
2019-07-16 00:00,2019-07-16 02:00,11.776,1.209,0,0,0.043
2019-07-16 01:00,2019-07-16 03:00,10.972,1.212,0,0,0.044
2019-07-16 02:00,2019-07-16 04:00,10.358,1.215,0,0,0.057
2019-07-16 03:00,2019-07-16 05:00,9.870,1.218,4.299,14.716,0.091
2019-07-16 04:00,2019-07-16 06:00,11.247,1.220,79.811,168.997,0.229
2019-07-16 05:00,2019-07-16 07:00,13.342,1.215,201.928,367.927,0.400
2019-07-16 06:00,2019-07-16 08:00,14.912,1.211,327.621,567.310,0.488
2019-07-16 07:00,2019-07-16 09:00,16.359,1.207,503.070,753.671,0.563
2019-07-16 08:00,2019-07-16 10:00,17.966,1.202,650.910,914.216,0.565
2019-07-16 09:00,2019-07-16 11:00,19.439,1.197,783.390,1038.099,0.521
2019-07-16 10:00,2019-07-16 12:00,20.605,1.193,853.404,1116.897,0.490
2019-07-16 11:00,2019-07-16 13:00,21.626,1.188,872.672,1144.686,0.488
2019-07-16 12:00,2019-07-16 14:00,22.381,1.185,849.539,1120.398,0.523
2019-07-16 13:00,2019-07-16 15:00,22.880,1.182,786.730,1045.011,0.605
2019-07-16 14:00,2019-07-16 16:00,22.981,1.179,674.255,924.085,0.750
2019-07-16 15:00,2019-07-16 17:00,22.738,1.178,521.329,765.699,0.913
2019-07-16 16:00,2019-07-16 18:00,22.115,1.178,345.196,580.377,0.941
2019-07-16 17:00,2019-07-16 19:00,21.102,1.179,174.690,381.161,0.940
2019-07-16 18:00,2019-07-16 20:00,19.616,1.182,64.153,181.371,0.695
2019-07-16 19:00,2019-07-16 21:00,17.015,1.186,5.497,19.543,0.250
2019-07-16 20:00,2019-07-16 22:00,15.559,1.191,0,0,0.073
2019-07-16 21:00,2019-07-16 23:00,14.634,1.194,0,0,0.092
2019-07-16 22:00,2019-07-17 00:00,13.888,1.196,0,0,0.233
2019-07-16 23:00,2019-07-17 01:00,13.305,1.198,0,0,0.441
2019-07-17 00:00,2019-07-17 02:00,12.953,1.200,0,0,0.667
2019-07-17 01:00,2019-07-17 03:00,12.855,1.201,0,0,0.770
2019-07-17 02:00,2019-07-17 04:00,12.763,1.202,0,0,0.610
2019-07-17 03:00,2019-07-17 05:00,12.450,1.204,3.331,13.515,0.496
2019-07-17 04:00,2019-07-17 06:00,13.107,1.206,68.629,166.122,0.575
2019-07-17 05:00,2019-07-17 07:00,14.929,1.203,187.834,365.302,0.677
2019-07-17 06:00,2019-07-17 08:00,16.678,1.198,310.334,564.999,0.742
2019-07-17 07:00,2019-07-17 09:00,18.100,1.194,452.947,751.644,0.600
2019-07-17 08:00,2019-07-17 10:00,19.711,1.189,614.889,912.406,0.383
2019-07-17 09:00,2019-07-17 11:00,21.107,1.185,721.725,1036.167,0.171
2019-07-17 10:00,2019-07-17 12:00,22.352,1.181,807.798,1115.010,0.057
2019-07-17 11:00,2019-07-17 13:00,23.368,1.177,835.266,1143.178,0.043
2019-07-17 12:00,2019-07-17 14:00,23.951,1.173,799.364,1118.785,0.033
2019-07-17 13:00,2019-07-17 15:00,24.229,1.171,745.756,1043.443,0.025
2019-07-17 14:00,2019-07-17 16:00,24.113,1.171,648.222,922.085,0.048
2019-07-17 15:00,2019-07-17 17:00,23.686,1.170,513.685,763.449,0.047
2019-07-17 16:00,2019-07-17 18:00,22.972,1.170,359.619,578.067,0.060
2019-07-17 17:00,2019-07-17 19:00,21.945,1.172,201.272,378.426,0.112
2019-07-17 18:00,2019-07-17 20:00,20.272,1.174,75.610,178.440,0.078
2019-07-17 19:00,2019-07-17 21:00,17.601,1.178,4.780,18.136,0.147
2019-07-17 20:00,2019-07-17 22:00,16.462,1.181,0,0,0.309
2019-07-17 21:00,2019-07-17 23:00,15.848,1.184,0,0,0.544
2019-07-17 22:00,2019-07-18 00:00,15.350,1.185,0,0,0.693
2019-07-17 23:00,2019-07-18 01:00,14.832,1.187,0,0,0.862
2019-07-18 00:00,2019-07-18 02:00,14.412,1.189,0,0,0.950
2019-07-18 01:00,2019-07-18 03:00,14.292,1.190,0,0,0.971
2019-07-18 02:00,2019-07-18 04:00,14.141,1.191,0,0,0.979
2019-07-18 03:00,2019-07-18 05:00,13.899,1.193,1.885,12.324,0.979
2019-07-18 04:00,2019-07-18 06:00,14.704,1.194,45.477,163.130,0.952
2019-07-18 05:00,2019-07-18 07:00,16.170,1.193,154.403,362.552,0.797
2019-07-18 06:00,2019-07-18 08:00,19.034,1.184,336.068,562.499,0.590
2019-07-18 07:00,2019-07-18 09:00,21.814,1.175,494.398,749.205,0.556
2019-07-18 08:00,2019-07-18 10:00,23.828,1.168,635.373,910.216,0.695
2019-07-18 09:00,2019-07-18 11:00,25.350,1.163,720.640,1034.220,0.797
2019-07-18 10:00,2019-07-18 12:00,26.533,1.159,779.764,1113.018,0.850
2019-07-18 11:00,2019-07-18 13:00,27.192,1.156,733.923,1141.240,0.922
2019-07-18 12:00,2019-07-18 14:00,27.253,1.154,612.428,1116.898,0.953
2019-07-18 13:00,2019-07-18 15:00,26.989,1.154,517.466,1041.443,0.962
2019-07-18 14:00,2019-07-18 16:00,25.777,1.156,305.772,920.085,0.977
2019-07-18 15:00,2019-07-18 17:00,24.305,1.159,166.407,761.199,0.984
2019-07-18 16:00,2019-07-18 18:00,23.314,1.163,138.924,575.377,0.981
2019-07-18 17:00,2019-07-18 19:00,22.672,1.165,118.815,375.676,0.976
2019-07-18 18:00,2019-07-18 20:00,21.397,1.167,43.869,175.379,0.971
2019-07-18 19:00,2019-07-18 21:00,19.571,1.169,2.875,16.731,0.968
2019-07-18 20:00,2019-07-18 22:00,18.828,1.171,0,0,0.966
2019-07-18 21:00,2019-07-18 23:00,18.263,1.173,0,0,0.958
2019-07-18 22:00,2019-07-19 00:00,17.746,1.176,0,0,0.946
2019-07-18 23:00,2019-07-19 01:00,17.291,1.178,0,0,0.957
2019-07-19 00:00,2019-07-19 02:00,16.654,1.181,0,0,0.952
2019-07-19 01:00,2019-07-19 03:00,16.245,1.185,0,0,0.975
2019-07-19 02:00,2019-07-19 04:00,15.775,1.187,0,0,0.968
2019-07-19 03:00,2019-07-19 05:00,15.329,1.190,1.979,11.154,0.968
2019-07-19 04:00,2019-07-19 06:00,15.704,1.193,43.279,160.012,0.964
2019-07-19 05:00,2019-07-19 07:00,16.245,1.193,128.653,359.677,0.966
2019-07-19 06:00,2019-07-19 08:00,17.325,1.190,272.314,559.810,0.944
2019-07-19 07:00,2019-07-19 09:00,19.027,1.186,466.262,746.921,0.898
2019-07-19 08:00,2019-07-19 10:00,21.007,1.181,601.173,908.190,0.905
2019-07-19 09:00,2019-07-19 11:00,22.716,1.177,722.931,1032.599,0.915
2019-07-19 10:00,2019-07-19 12:00,24.187,1.172,817.546,1111.397,0.944
2019-07-19 11:00,2019-07-19 13:00,25.270,1.168,833.859,1139.299,0.942
2019-07-19 12:00,2019-07-19 14:00,25.995,1.165,807.144,1114.906,0.941
2019-07-19 13:00,2019-07-19 15:00,26.273,1.163,718.692,1039.443,0.931
2019-07-19 14:00,2019-07-19 16:00,26.200,1.162,607.188,917.835,0.921
2019-07-19 15:00,2019-07-19 17:00,25.868,1.162,478.170,758.726,0.938
2019-07-19 16:00,2019-07-19 18:00,25.322,1.162,350.831,572.848,0.938
2019-07-19 17:00,2019-07-19 19:00,24.377,1.162,211.891,372.801,0.938
2019-07-19 18:00,2019-07-19 20:00,21.915,1.164,77.422,172.245,0.931
2019-07-19 19:00,2019-07-19 21:00,20.206,1.166,3.934,15.337,0.937
2019-07-19 20:00,2019-07-19 22:00,20.065,1.168,0,0,0.941
2019-07-19 21:00,2019-07-19 23:00,19.608,1.169,0,0,0.953
2019-07-19 22:00,2019-07-20 00:00,18.555,1.171,0,0,0.969
2019-07-19 23:00,2019-07-20 01:00,17.651,1.173,0,0,0.979
2019-07-20 00:00,2019-07-20 02:00,17.439,1.174,0,0,0.978
2019-07-20 01:00,2019-07-20 03:00,17.567,1.176,0,0,0.966
2019-07-20 02:00,2019-07-20 04:00,17.688,1.178,0,0,0.957
2019-07-20 03:00,2019-07-20 05:00,17.483,1.181,1.713,10.006,0.947
2019-07-20 04:00,2019-07-20 06:00,17.697,1.182,50.979,156.818,0.939
2019-07-20 05:00,2019-07-20 07:00,19.138,1.179,182.466,356.707,0.938
2019-07-20 06:00,2019-07-20 08:00,22.187,1.168,345.538,557.249,0.936
2019-07-20 07:00,2019-07-20 09:00,25.081,1.158,503.691,744.455,0.936
2019-07-20 08:00,2019-07-20 10:00,27.348,1.151,637.861,905.966,0.938
2019-07-20 09:00,2019-07-20 11:00,28.844,1.146,723.678,1030.220,0.942
2019-07-20 10:00,2019-07-20 12:00,28.945,1.144,573.032,1109.450,0.948
2019-07-20 11:00,2019-07-20 13:00,28.651,1.144,450.512,1137.678,0.664
2019-07-20 12:00,2019-07-20 14:00,29.801,1.141,666.581,1112.906,0.515
2019-07-20 13:00,2019-07-20 15:00,30.167,1.139,612.322,1037.443,0.820
2019-07-20 14:00,2019-07-20 16:00,29.364,1.139,438.535,915.616,0.889
2019-07-20 15:00,2019-07-20 17:00,27.763,1.142,256.936,756.230,0.967
2019-07-20 16:00,2019-07-20 18:00,26.064,1.147,153.715,570.127,0.959
2019-07-20 17:00,2019-07-20 19:00,24.212,1.154,80.426,369.801,0.942
2019-07-20 18:00,2019-07-20 20:00,22.359,1.160,32.494,168.995,0.925
2019-07-20 19:00,2019-07-20 21:00,20.644,1.166,2.868,13.957,0.562
2019-07-20 20:00,2019-07-20 22:00,19.354,1.172,0,0,0.132
2019-07-20 21:00,2019-07-20 23:00,18.560,1.176,0,0,0.655
2019-07-20 22:00,2019-07-21 00:00,18.064,1.178,0,0,0.699
2019-07-20 23:00,2019-07-21 01:00,17.442,1.182,0,0,0.351
2019-07-21 00:00,2019-07-21 02:00,16.543,1.186,0,0,0.064
2019-07-21 01:00,2019-07-21 03:00,15.658,1.190,0,0,0.429
2019-07-21 02:00,2019-07-21 04:00,15.167,1.193,0,0,0.862
2019-07-21 03:00,2019-07-21 05:00,14.812,1.197,1.975,8.889,0.884
2019-07-21 04:00,2019-07-21 06:00,15.246,1.200,51.284,153.465,0.426
2019-07-21 05:00,2019-07-21 07:00,16.472,1.199,204.319,353.692,0.048
2019-07-21 06:00,2019-07-21 08:00,18.414,1.194,367.228,554.310,0.012
2019-07-21 07:00,2019-07-21 09:00,20.492,1.189,522.530,741.955,0.010
2019-07-21 08:00,2019-07-21 10:00,22.276,1.184,658.137,903.471,0.167
2019-07-21 09:00,2019-07-21 11:00,23.657,1.180,761.275,1028.167,0.377
2019-07-21 10:00,2019-07-21 12:00,24.685,1.177,823.225,1107.450,0.647
2019-07-21 11:00,2019-07-21 13:00,25.238,1.174,784.253,1135.678,0.930
2019-07-21 12:00,2019-07-21 14:00,25.280,1.173,648.577,1110.906,0.921
2019-07-21 13:00,2019-07-21 15:00,25.744,1.172,683.657,1035.064,0.570
2019-07-21 14:00,2019-07-21 16:00,25.893,1.170,620.989,913.335,0.510
2019-07-21 15:00,2019-07-21 17:00,25.754,1.169,496.435,753.726,0.545
2019-07-21 16:00,2019-07-21 18:00,25.273,1.169,338.759,567.348,0.522
2019-07-21 17:00,2019-07-21 19:00,24.397,1.171,193.723,366.786,0.256
2019-07-21 18:00,2019-07-21 20:00,22.406,1.173,73.563,165.628,0.109
2019-07-21 19:00,2019-07-21 21:00,19.706,1.176,3.378,12.616,0.584
2019-07-21 20:00,2019-07-21 22:00,18.933,1.180,0,0,0.936
2019-07-21 21:00,2019-07-21 23:00,18.883,1.184,0,0,0.937
2019-07-21 22:00,2019-07-22 00:00,18.928,1.186,0,0,0.933
2019-07-21 23:00,2019-07-22 01:00,18.314,1.188,0,0,0.941
2019-07-22 00:00,2019-07-22 02:00,17.506,1.190,0,0,0.954
2019-07-22 01:00,2019-07-22 03:00,16.729,1.192,0,0,0.964
2019-07-22 02:00,2019-07-22 04:00,16.236,1.193,0,0,0.955
2019-07-22 03:00,2019-07-22 05:00,15.582,1.195,1.676,7.807,0.904
2019-07-22 04:00,2019-07-22 06:00,16.185,1.197,53.431,150.076,0.932
2019-07-22 05:00,2019-07-22 07:00,17.935,1.197,129.599,350.567,0.937
2019-07-22 06:00,2019-07-22 08:00,20.086,1.191,252.592,551.560,0.939
2019-07-22 07:00,2019-07-22 09:00,22.698,1.184,468.038,739.425,0.937
2019-07-22 08:00,2019-07-22 10:00,24.113,1.180,554.846,901.216,0.939
2019-07-22 09:00,2019-07-22 11:00,25.204,1.177,652.576,1026.107,0.948
2019-07-22 10:00,2019-07-22 12:00,26.252,1.174,726.183,1105.018,0.955
2019-07-22 11:00,2019-07-22 13:00,27.131,1.170,723.465,1133.299,0.952
2019-07-22 12:00,2019-07-22 14:00,27.884,1.167,707.914,1108.906,0.931
2019-07-22 13:00,2019-07-22 15:00,28.518,1.163,674.474,1032.951,0.918
2019-07-22 14:00,2019-07-22 16:00,28.924,1.160,615.198,910.866,0.905
2019-07-22 15:00,2019-07-22 17:00,28.981,1.158,508.234,751.226,0.867
2019-07-22 16:00,2019-07-22 18:00,28.625,1.157,368.116,564.377,0.759
2019-07-22 17:00,2019-07-22 19:00,27.795,1.157,215.420,363.549,0.510
2019-07-22 18:00,2019-07-22 20:00,25.441,1.159,76.700,162.135,0.306
2019-07-22 19:00,2019-07-22 21:00,23.318,1.161,3.026,11.305,0.209
2019-07-22 20:00,2019-07-22 22:00,22.722,1.164,0,0,0.215
2019-07-22 21:00,2019-07-22 23:00,22.316,1.167,0,0,0.237
2019-07-22 22:00,2019-07-23 00:00,22.062,1.169,0,0,0.257
2019-07-22 23:00,2019-07-23 01:00,21.678,1.171,0,0,0.284
2019-07-23 00:00,2019-07-23 02:00,21.075,1.173,0,0,0.268
2019-07-23 01:00,2019-07-23 03:00,20.083,1.174,0,0,0.232
2019-07-23 02:00,2019-07-23 04:00,19.114,1.176,0,0,0.187
2019-07-23 03:00,2019-07-23 05:00,18.197,1.178,1.565,6.769,0.111
2019-07-23 04:00,2019-07-23 06:00,18.803,1.181,66.881,146.529,0.059
2019-07-23 05:00,2019-07-23 07:00,21.448,1.181,207.112,347.317,0.070
2019-07-23 06:00,2019-07-23 08:00,23.805,1.175,367.504,548.560,0.055
2019-07-23 07:00,2019-07-23 09:00,27.131,1.164,526.411,736.675,0.017
2019-07-23 08:00,2019-07-23 10:00,29.105,1.158,666.602,898.721,0.001
2019-07-23 09:00,2019-07-23 11:00,30.730,1.153,776.334,1023.667,0
2019-07-23 10:00,2019-07-23 12:00,32.084,1.148,845.621,1103.018,0
2019-07-23 11:00,2019-07-23 13:00,33.187,1.144,870.091,1131.240,0
2019-07-23 12:00,2019-07-23 14:00,34.013,1.140,847.733,1106.838,0.063
2019-07-23 13:00,2019-07-23 15:00,34.531,1.136,780.126,1030.564,0.054
2019-07-23 14:00,2019-07-23 16:00,34.697,1.134,673.022,908.396,0.015
2019-07-23 15:00,2019-07-23 17:00,34.497,1.132,534.929,748.476,0.003
2019-07-23 16:00,2019-07-23 18:00,33.929,1.131,378.060,561.567,0.029
2019-07-23 17:00,2019-07-23 19:00,32.702,1.132,217.126,360.299,0.157
2019-07-23 18:00,2019-07-23 20:00,29.060,1.133,74.421,158.572,0.503
2019-07-23 19:00,2019-07-23 21:00,26.132,1.137,2.692,10.030,0.840
2019-07-23 20:00,2019-07-23 22:00,25.165,1.141,0,0,0.932
2019-07-23 21:00,2019-07-23 23:00,24.595,1.144,0,0,0.937
2019-07-23 22:00,2019-07-24 00:00,24.057,1.147,0,0,0.929
2019-07-23 23:00,2019-07-24 01:00,23.353,1.149,0,0,0.753
2019-07-24 00:00,2019-07-24 02:00,22.505,1.152,0,0,0.326
2019-07-24 01:00,2019-07-24 03:00,21.760,1.155,0,0,0.074
2019-07-24 02:00,2019-07-24 04:00,21.135,1.158,0,0,0.009
2019-07-24 03:00,2019-07-24 05:00,20.495,1.161,1.428,5.783,0
2019-07-24 04:00,2019-07-24 06:00,21.337,1.165,66.939,142.904,0.014
2019-07-24 05:00,2019-07-24 07:00,23.400,1.166,208.103,343.959,0.183
2019-07-24 06:00,2019-07-24 08:00,25.663,1.160,368.625,545.560,0.351
2019-07-24 07:00,2019-07-24 09:00,29.256,1.147,524.349,733.925,0.507
2019-07-24 08:00,2019-07-24 10:00,32.960,1.135,663.456,896.221,0.533
2019-07-24 09:00,2019-07-24 11:00,34.873,1.129,772.286,1021.409,0.512
2019-07-24 10:00,2019-07-24 12:00,36.191,1.125,839.692,1100.950,0.458
2019-07-24 11:00,2019-07-24 13:00,37.231,1.121,863.770,1129.240,0.339
2019-07-24 12:00,2019-07-24 14:00,38.006,1.117,842.397,1104.406,0.123
2019-07-24 13:00,2019-07-24 15:00,38.470,1.115,773.390,1028.451,0.053
2019-07-24 14:00,2019-07-24 16:00,38.619,1.112,662.949,905.866,0.019
2019-07-24 15:00,2019-07-24 17:00,38.440,1.111,520.744,745.696,0
2019-07-24 16:00,2019-07-24 18:00,37.904,1.111,360.393,558.348,0
2019-07-24 17:00,2019-07-24 19:00,36.399,1.112,199.448,356.924,0
2019-07-24 18:00,2019-07-24 20:00,32.935,1.115,64.198,154.886,0
2019-07-24 19:00,2019-07-24 21:00,30.032,1.120,2.058,8.804,0
2019-07-24 20:00,2019-07-24 22:00,28.452,1.126,0,0,0
2019-07-24 21:00,2019-07-24 23:00,27.229,1.132,0,0,0
2019-07-24 22:00,2019-07-25 00:00,26.129,1.138,0,0,0.009
2019-07-24 23:00,2019-07-25 01:00,25.192,1.142,0,0,0.086
2019-07-25 00:00,2019-07-25 02:00,24.340,1.147,0,0,0.246
2019-07-25 01:00,2019-07-25 03:00,23.558,1.150,0,0,0.465
2019-07-25 02:00,2019-07-25 04:00,22.818,1.154,0,0,0.599
2019-07-25 03:00,2019-07-25 05:00,22.169,1.157,1.120,4.855,0.426
2019-07-25 04:00,2019-07-25 06:00,22.701,1.159,56.314,139.155,0.180
2019-07-25 05:00,2019-07-25 07:00,24.946,1.159,184.395,340.475,0.054
2019-07-25 06:00,2019-07-25 08:00,26.980,1.154,338.346,542.341,0.035
2019-07-25 07:00,2019-07-25 09:00,30.479,1.142,495.079,730.985,0.089
2019-07-25 08:00,2019-07-25 10:00,34.352,1.129,634.001,893.497,0.251
2019-07-25 09:00,2019-07-25 11:00,36.763,1.122,729.327,1018.918,0.558
2019-07-25 10:00,2019-07-25 12:00,38.265,1.117,794.297,1098.458,0.826
2019-07-25 11:00,2019-07-25 13:00,39.188,1.114,816.049,1126.740,0.929
2019-07-25 12:00,2019-07-25 14:00,39.697,1.111,791.820,1101.959,0.938
2019-07-25 13:00,2019-07-25 15:00,39.845,1.110,723.054,1025.951,0.913
2019-07-25 14:00,2019-07-25 16:00,39.627,1.109,615.036,903.366,0.903
2019-07-25 15:00,2019-07-25 17:00,39.092,1.108,480.945,742.757,0.890
2019-07-25 16:00,2019-07-25 18:00,38.267,1.109,329.679,555.348,0.856
2019-07-25 17:00,2019-07-25 19:00,36.322,1.110,180.664,353.427,0.810
2019-07-25 18:00,2019-07-25 20:00,32.629,1.113,58.324,151.127,0.787
2019-07-25 19:00,2019-07-25 21:00,30.046,1.117,1.881,7.630,0.733
2019-07-25 20:00,2019-07-25 22:00,29.020,1.121,0,0,0.691
2019-07-25 21:00,2019-07-25 23:00,28.214,1.126,0,0,0.728
2019-07-25 22:00,2019-07-26 00:00,27.416,1.131,0,0,0.824
2019-07-25 23:00,2019-07-26 01:00,26.589,1.138,0,0,0.884
2019-07-26 00:00,2019-07-26 02:00,25.603,1.143,0,0,0.878
2019-07-26 01:00,2019-07-26 03:00,24.699,1.147,0,0,0.789
2019-07-26 02:00,2019-07-26 04:00,23.875,1.150,0,0,0.574
2019-07-26 03:00,2019-07-26 05:00,23.015,1.153,0.943,3.988,0.384
2019-07-26 04:00,2019-07-26 06:00,23.379,1.155,57.485,135.295,0.245
2019-07-26 05:00,2019-07-26 07:00,25.084,1.154,191.866,336.975,0.170
2019-07-26 06:00,2019-07-26 08:00,27.408,1.148,351.223,539.091,0.114
2019-07-26 07:00,2019-07-26 09:00,31.200,1.135,508.064,728.175,0.104
2019-07-26 08:00,2019-07-26 10:00,34.400,1.124,646.574,890.971,0.108
2019-07-26 09:00,2019-07-26 11:00,36.465,1.118,746.583,1016.418,0.151
2019-07-26 10:00,2019-07-26 12:00,37.806,1.113,807.437,1096.018,0.341
2019-07-26 11:00,2019-07-26 13:00,38.611,1.110,826.026,1124.678,0.716
2019-07-26 12:00,2019-07-26 14:00,39.024,1.107,795.233,1099.847,0.890
2019-07-26 13:00,2019-07-26 15:00,39.115,1.105,717.056,1023.262,0.873
2019-07-26 14:00,2019-07-26 16:00,38.841,1.104,598.276,900.616,0.714
2019-07-26 15:00,2019-07-26 17:00,37.921,1.104,428.987,739.757,0.651
2019-07-26 16:00,2019-07-26 18:00,36.401,1.107,226.914,552.098,0.791
2019-07-26 17:00,2019-07-26 19:00,34.180,1.111,102.437,349.924,0.878
2019-07-26 18:00,2019-07-26 20:00,31.439,1.117,28.771,147.259,0.915
2019-07-26 19:00,2019-07-26 21:00,29.484,1.125,0.731,6.514,0.928
2019-07-26 20:00,2019-07-26 22:00,27.931,1.132,0,0,0.941
2019-07-26 21:00,2019-07-26 23:00,26.560,1.138,0,0,0.963
2019-07-26 22:00,2019-07-27 00:00,25.596,1.142,0,0,0.944
2019-07-26 23:00,2019-07-27 01:00,24.820,1.144,0,0,0.898
2019-07-27 00:00,2019-07-27 02:00,24.327,1.146,0,0,0.901
2019-07-27 01:00,2019-07-27 03:00,23.847,1.147,0,0,0.935
2019-07-27 02:00,2019-07-27 04:00,23.278,1.150,0,0,0.949
2019-07-27 03:00,2019-07-27 05:00,22.412,1.153,0.256,3.190,0.960
2019-07-27 04:00,2019-07-27 06:00,21.842,1.156,13.735,131.361,0.972
2019-07-27 05:00,2019-07-27 07:00,21.533,1.158,48.304,333.350,0.974
2019-07-27 06:00,2019-07-27 08:00,21.553,1.159,107.087,535.841,0.972
2019-07-27 07:00,2019-07-27 09:00,21.879,1.158,152.830,724.985,0.971
2019-07-27 08:00,2019-07-27 10:00,22.352,1.156,209.166,888.031,0.942
2019-07-27 09:00,2019-07-27 11:00,22.933,1.154,264.043,1013.913,0.895
2019-07-27 10:00,2019-07-27 12:00,23.584,1.152,318.268,1093.571,0.875
2019-07-27 11:00,2019-07-27 13:00,24.314,1.149,350.618,1122.240,0.813
2019-07-27 12:00,2019-07-27 14:00,24.854,1.146,336.768,1097.347,0.797
2019-07-27 13:00,2019-07-27 15:00,25.032,1.144,285.909,1020.758,0.855
2019-07-27 14:00,2019-07-27 16:00,24.558,1.144,169.785,897.866,0.958
2019-07-27 15:00,2019-07-27 17:00,23.624,1.146,94.083,736.757,0.972
2019-07-27 16:00,2019-07-27 18:00,22.630,1.149,61.330,548.624,0.969
2019-07-27 17:00,2019-07-27 19:00,21.878,1.151,38.147,346.285,0.964
2019-07-27 18:00,2019-07-27 20:00,21.200,1.153,12.474,143.260,0.939
2019-07-27 19:00,2019-07-27 21:00,20.595,1.155,0.242,5.468,0.934
2019-07-27 20:00,2019-07-27 22:00,20.191,1.157,0,0,0.945
2019-07-27 21:00,2019-07-27 23:00,19.879,1.158,0,0,0.944
2019-07-27 22:00,2019-07-28 00:00,19.581,1.159,0,0,0.938
2019-07-27 23:00,2019-07-28 01:00,19.294,1.160,0,0,0.863
2019-07-28 00:00,2019-07-28 02:00,18.910,1.161,0,0,0.893
2019-07-28 01:00,2019-07-28 03:00,18.463,1.162,0,0,0.915
2019-07-28 02:00,2019-07-28 04:00,18.105,1.163,0,0,0.831
2019-07-28 03:00,2019-07-28 05:00,17.742,1.165,0.359,2.470,0.615
2019-07-28 04:00,2019-07-28 06:00,17.790,1.167,31.376,127.326,0.532
2019-07-28 05:00,2019-07-28 07:00,18.258,1.167,111.874,329.600,0.498
2019-07-28 06:00,2019-07-28 08:00,19.056,1.165,221.788,532.345,0.520
2019-07-28 07:00,2019-07-28 09:00,20.123,1.163,339.176,721.985,0.642
2019-07-28 08:00,2019-07-28 10:00,21.452,1.160,458.825,885.247,0.636
2019-07-28 09:00,2019-07-28 11:00,22.562,1.157,555.334,1011.168,0.585
2019-07-28 10:00,2019-07-28 12:00,23.506,1.155,653.640,1091.071,0.642
2019-07-28 11:00,2019-07-28 13:00,23.943,1.153,620.793,1119.740,0.770
2019-07-28 12:00,2019-07-28 14:00,23.870,1.153,537.716,1094.847,0.797
2019-07-28 13:00,2019-07-28 15:00,23.385,1.154,422.768,1018.039,0.845
2019-07-28 14:00,2019-07-28 16:00,22.690,1.156,335.998,894.897,0.856
2019-07-28 15:00,2019-07-28 17:00,21.815,1.159,229.639,733.700,0.868
2019-07-28 16:00,2019-07-28 18:00,20.857,1.163,144.895,545.348,0.875
2019-07-28 17:00,2019-07-28 19:00,19.755,1.167,69.306,342.535,0.896
2019-07-28 18:00,2019-07-28 20:00,18.691,1.172,19.747,139.204,0.900
2019-07-28 19:00,2019-07-28 21:00,17.805,1.176,0.410,4.496,0.888
2019-07-28 20:00,2019-07-28 22:00,17.182,1.180,0,0,0.887
2019-07-28 21:00,2019-07-28 23:00,16.762,1.182,0,0,0.910
2019-07-28 22:00,2019-07-29 00:00,16.507,1.183,0,0,0.927
2019-07-28 23:00,2019-07-29 01:00,16.217,1.184,0,0,0.839
2019-07-29 00:00,2019-07-29 02:00,15.925,1.185,0,0,0.742
2019-07-29 01:00,2019-07-29 03:00,15.594,1.186,0,0,0.598
2019-07-29 02:00,2019-07-29 04:00,15.143,1.188,0,0,0.273
2019-07-29 03:00,2019-07-29 05:00,14.629,1.190,0.303,1.832,0.089
2019-07-29 04:00,2019-07-29 06:00,14.806,1.193,44.936,123.202,0.040
2019-07-29 05:00,2019-07-29 07:00,15.720,1.193,170.135,325.850,0.026
2019-07-29 06:00,2019-07-29 08:00,17.932,1.186,327.387,528.845,0.021
2019-07-29 07:00,2019-07-29 09:00,19.998,1.181,487.122,718.735,0.012
2019-07-29 08:00,2019-07-29 10:00,21.723,1.176,631.874,882.251,0.006
2019-07-29 09:00,2019-07-29 11:00,23.119,1.171,749.273,1008.418,0.003
2019-07-29 10:00,2019-07-29 12:00,24.280,1.167,821.397,1088.458,0.002
2019-07-29 11:00,2019-07-29 13:00,25.216,1.164,847.550,1117.240,0.004
2019-07-29 12:00,2019-07-29 14:00,25.905,1.161,827.387,1091.968,0.007
2019-07-29 13:00,2019-07-29 15:00,26.283,1.158,757.458,1015.289,0.017
2019-07-29 14:00,2019-07-29 16:00,26.362,1.157,653.578,892.086,0.014
2019-07-29 15:00,2019-07-29 17:00,26.178,1.156,513.901,730.477,0.027
2019-07-29 16:00,2019-07-29 18:00,25.709,1.155,354.043,541.848,0.025
2019-07-29 17:00,2019-07-29 19:00,24.853,1.156,196.769,338.675,0.019
2019-07-29 18:00,2019-07-29 20:00,22.573,1.158,60.140,135.017,0.012
2019-07-29 19:00,2019-07-29 21:00,20.257,1.161,0.803,3.604,0.006
2019-07-29 20:00,2019-07-29 22:00,19.336,1.164,0,0,0.002
2019-07-29 21:00,2019-07-29 23:00,18.611,1.166,0,0,0.001
2019-07-29 22:00,2019-07-30 00:00,17.982,1.169,0,0,0.001
2019-07-29 23:00,2019-07-30 01:00,17.469,1.171,0,0,0
2019-07-30 00:00,2019-07-30 02:00,17.038,1.172,0,0,0
2019-07-30 01:00,2019-07-30 03:00,16.528,1.174,0,0,0
2019-07-30 02:00,2019-07-30 04:00,15.897,1.175,0,0,0
2019-07-30 03:00,2019-07-30 05:00,15.277,1.177,0.253,1.283,0
2019-07-30 04:00,2019-07-30 06:00,15.953,1.180,53.170,118.959,0
2019-07-30 05:00,2019-07-30 07:00,18.685,1.180,191.727,321.880,0
2019-07-30 06:00,2019-07-30 08:00,20.959,1.175,355.221,525.345,0
2019-07-30 07:00,2019-07-30 09:00,24.241,1.164,516.072,715.485,0
2019-07-30 08:00,2019-07-30 10:00,26.361,1.157,656.590,879.251,0
2019-07-30 09:00,2019-07-30 11:00,27.899,1.152,764.901,1005.668,0
2019-07-30 10:00,2019-07-30 12:00,29.026,1.148,832.272,1085.958,0
2019-07-30 11:00,2019-07-30 13:00,29.810,1.145,854.931,1114.248,0
2019-07-30 12:00,2019-07-30 14:00,30.310,1.143,829.508,1089.459,0.002
2019-07-30 13:00,2019-07-30 15:00,30.452,1.141,757.875,1012.539,0.058
2019-07-30 14:00,2019-07-30 16:00,29.909,1.142,587.938,888.897,0.317
2019-07-30 15:00,2019-07-30 17:00,28.150,1.146,317.949,727.227,0.605
2019-07-30 16:00,2019-07-30 18:00,26.082,1.152,188.501,538.128,0.592
2019-07-30 17:00,2019-07-30 19:00,24.584,1.156,123.431,334.690,0.435
2019-07-30 18:00,2019-07-30 20:00,22.925,1.159,42.170,130.763,0.284
2019-07-30 19:00,2019-07-30 21:00,20.944,1.160,0.542,2.797,0.205
2019-07-30 20:00,2019-07-30 22:00,20.420,1.164,0,0,0.398
2019-07-30 21:00,2019-07-30 23:00,19.854,1.170,0,0,0.422
2019-07-30 22:00,2019-07-31 00:00,18.819,1.174,0,0,0.202
2019-07-30 23:00,2019-07-31 01:00,17.906,1.176,0,0,0.084
2019-07-31 00:00,2019-07-31 02:00,17.404,1.177,0,0,0.076
2019-07-31 01:00,2019-07-31 03:00,16.773,1.179,0,0,0.038
2019-07-31 02:00,2019-07-31 04:00,16.160,1.181,0,0,0.032
2019-07-31 03:00,2019-07-31 05:00,15.636,1.184,0.145,0.831,0.039
2019-07-31 04:00,2019-07-31 06:00,16.141,1.188,45.172,114.624,0.064
2019-07-31 05:00,2019-07-31 07:00,17.900,1.188,164.588,317.880,0.155
2019-07-31 06:00,2019-07-31 08:00,19.339,1.185,299.346,521.651,0.124
2019-07-31 07:00,2019-07-31 09:00,20.579,1.183,477.817,712.206,0.165
2019-07-31 08:00,2019-07-31 10:00,21.552,1.181,597.965,876.251,0.312
2019-07-31 09:00,2019-07-31 11:00,22.178,1.179,637.027,1002.694,0.398
2019-07-31 10:00,2019-07-31 12:00,22.583,1.178,645.826,1083.071,0.270
2019-07-31 11:00,2019-07-31 13:00,23.220,1.176,724.251,1111.740,0.203
2019-07-31 12:00,2019-07-31 14:00,23.659,1.174,705.274,1086.468,0.152
2019-07-31 13:00,2019-07-31 15:00,23.903,1.173,648.266,1009.565,0.180
2019-07-31 14:00,2019-07-31 16:00,23.780,1.172,535.834,885.897,0.229
2019-07-31 15:00,2019-07-31 17:00,23.255,1.172,380.898,723.757,0.337
2019-07-31 16:00,2019-07-31 18:00,22.563,1.173,246.035,534.378,0.374
2019-07-31 17:00,2019-07-31 19:00,21.746,1.175,145.675,330.675,0.393
2019-07-31 18:00,2019-07-31 20:00,20.179,1.177,38.724,126.388,0.256
2019-07-31 19:00,2019-07-31 21:00,18.087,1.180,0.352,2.083,0.149
2019-07-31 20:00,2019-07-31 22:00,17.111,1.184,0,0,0.151
2019-07-31 21:00,2019-07-31 23:00,16.375,1.187,0,0,0.327
2019-07-31 22:00,2019-08-01 00:00,15.675,1.190,0,0,0.564
2019-07-31 23:00,2019-08-01 01:00,15.094,1.192,0,0,0.548
2019-08-01 00:00,2019-08-01 02:00,14.487,1.194,0,0,0.165
2019-08-01 01:00,2019-08-01 03:00,13.897,1.196,0,0,0.163
2019-08-01 02:00,2019-08-01 04:00,13.402,1.197,0,0,0.489
2019-08-01 03:00,2019-08-01 05:00,12.998,1.199,0.098,0.482,0.537
2019-08-01 04:00,2019-08-01 06:00,13.739,1.201,47.024,110.190,0.190
2019-08-01 05:00,2019-08-01 07:00,15.991,1.201,184.171,313.757,0.006
2019-08-01 06:00,2019-08-01 08:00,18.644,1.192,345.809,517.901,0.001
2019-08-01 07:00,2019-08-01 09:00,20.480,1.187,504.974,708.735,0.001
2019-08-01 08:00,2019-08-01 10:00,22.045,1.182,646.301,873.028,0.002
2019-08-01 09:00,2019-08-01 11:00,23.457,1.177,756.283,999.728,0.008
2019-08-01 10:00,2019-08-01 12:00,24.593,1.173,824.581,1080.080,0.018
2019-08-01 11:00,2019-08-01 13:00,25.370,1.170,837.764,1108.801,0.032
2019-08-01 12:00,2019-08-01 14:00,25.834,1.167,800.730,1083.900,0.040
2019-08-01 13:00,2019-08-01 15:00,25.980,1.166,724.081,1006.759,0.057
2019-08-01 14:00,2019-08-01 16:00,25.736,1.165,607.609,882.647,0.092
2019-08-01 15:00,2019-08-01 17:00,25.260,1.165,466.351,720.477,0.098
2019-08-01 16:00,2019-08-01 18:00,24.503,1.166,316.938,530.628,0.241
2019-08-01 17:00,2019-08-01 19:00,23.362,1.167,151.772,326.563,0.294
2019-08-01 18:00,2019-08-01 20:00,21.473,1.170,42.500,121.927,0.253
2019-08-01 19:00,2019-08-01 21:00,19.338,1.174,0.227,1.468,0.221
2019-08-01 20:00,2019-08-01 22:00,18.429,1.177,0,0,0.314
2019-08-01 21:00,2019-08-01 23:00,17.613,1.180,0,0,0.547
2019-08-01 22:00,2019-08-02 00:00,17.107,1.183,0,0,0.842
2019-08-01 23:00,2019-08-02 01:00,17.022,1.184,0,0,0.903
2019-08-02 00:00,2019-08-02 02:00,17.016,1.186,0,0,0.898
2019-08-02 01:00,2019-08-02 03:00,16.770,1.187,0,0,0.888
2019-08-02 02:00,2019-08-02 04:00,16.313,1.188,0,0,0.829
2019-08-02 03:00,2019-08-02 05:00,15.546,1.190,0.042,0.241,0.705
2019-08-02 04:00,2019-08-02 06:00,15.368,1.192,38.005,105.667,0.552
2019-08-02 05:00,2019-08-02 07:00,17.210,1.192,163.109,309.632,0.233
2019-08-02 06:00,2019-08-02 08:00,19.446,1.186,325.519,514.095,0.038
2019-08-02 07:00,2019-08-02 09:00,20.991,1.182,484.432,705.235,0.027
2019-08-02 08:00,2019-08-02 10:00,22.196,1.178,610.990,869.778,0.048
2019-08-02 09:00,2019-08-02 11:00,23.348,1.175,705.392,996.698,0.066
2019-08-02 10:00,2019-08-02 12:00,24.338,1.171,761.471,1077.458,0.084
2019-08-02 11:00,2019-08-02 13:00,25.008,1.168,773.246,1105.861,0.092
2019-08-02 12:00,2019-08-02 14:00,25.346,1.166,742.523,1080.959,0.126
2019-08-02 13:00,2019-08-02 15:00,25.126,1.165,651.471,1003.569,0.188
2019-08-02 14:00,2019-08-02 16:00,24.507,1.166,512.044,879.423,0.330
2019-08-02 15:00,2019-08-02 17:00,23.358,1.167,315.618,716.787,0.463
2019-08-02 16:00,2019-08-02 18:00,22.108,1.170,203.310,526.874,0.448
2019-08-02 17:00,2019-08-02 19:00,20.891,1.173,111.664,322.425,0.450
2019-08-02 18:00,2019-08-02 20:00,19.457,1.177,26.585,117.391,0.522
2019-08-02 19:00,2019-08-02 21:00,18.232,1.181,0.086,0.958,0.557
2019-08-02 20:00,2019-08-02 22:00,17.440,1.184,0,0,0.519
2019-08-02 21:00,2019-08-02 23:00,16.791,1.187,0,0,0.479
2019-08-02 22:00,2019-08-03 00:00,16.280,1.190,0,0,0.393
2019-08-02 23:00,2019-08-03 01:00,15.880,1.191,0,0,0.320
2019-08-03 00:00,2019-08-03 02:00,15.650,1.192,0,0,0.294
2019-08-03 01:00,2019-08-03 03:00,15.362,1.194,0,0,0.288
2019-08-03 02:00,2019-08-03 04:00,15.121,1.195,0,0,0.267
2019-08-03 03:00,2019-08-03 05:00,14.881,1.196,0.011,0.098,0.229
2019-08-03 04:00,2019-08-03 06:00,14.890,1.198,30.432,101.076,0.197
2019-08-03 05:00,2019-08-03 07:00,15.608,1.197,136.380,305.382,0.153
2019-08-03 06:00,2019-08-03 08:00,16.903,1.194,285.718,510.138,0.096
2019-08-03 07:00,2019-08-03 09:00,18.427,1.190,458.697,701.516,0.054
2019-08-03 08:00,2019-08-03 10:00,20.004,1.187,598.472,866.501,0.045
2019-08-03 09:00,2019-08-03 11:00,21.423,1.183,706.413,993.505,0.048
2019-08-03 10:00,2019-08-03 12:00,22.646,1.180,781.643,1074.458,0.033
2019-08-03 11:00,2019-08-03 13:00,23.693,1.176,820.867,1103.240,0.041
2019-08-03 12:00,2019-08-03 14:00,24.370,1.174,799.622,1077.968,0.074
2019-08-03 13:00,2019-08-03 15:00,24.396,1.172,673.898,1000.565,0.132
2019-08-03 14:00,2019-08-03 16:00,24.188,1.172,583.242,876.147,0.128
2019-08-03 15:00,2019-08-03 17:00,23.677,1.172,450.438,713.227,0.134
2019-08-03 16:00,2019-08-03 18:00,22.852,1.173,296.528,522.878,0.306
2019-08-03 17:00,2019-08-03 19:00,21.713,1.175,139.663,318.065,0.341
2019-08-03 18:00,2019-08-03 20:00,20.165,1.178,35.694,112.739,0.270
2019-08-03 19:00,2019-08-03 21:00,18.292,1.182,0.079,0.560,0.234
2019-08-03 20:00,2019-08-03 22:00,17.388,1.185,0,0,0.264
2019-08-03 21:00,2019-08-03 23:00,16.560,1.188,0,0,0.386
2019-08-03 22:00,2019-08-04 00:00,15.779,1.190,0,0,0.467
2019-08-03 23:00,2019-08-04 01:00,15.162,1.192,0,0,0.570
2019-08-04 00:00,2019-08-04 02:00,14.670,1.194,0,0,0.696
2019-08-04 01:00,2019-08-04 03:00,14.319,1.196,0,0,0.699
2019-08-04 02:00,2019-08-04 04:00,14.100,1.197,0,0,0.759
2019-08-04 03:00,2019-08-04 05:00,13.882,1.198,0.005,0.031,0.725
2019-08-04 04:00,2019-08-04 06:00,14.315,1.199,31.708,96.430,0.536
2019-08-04 05:00,2019-08-04 07:00,16.195,1.198,146.544,301.007,0.479
2019-08-04 06:00,2019-08-04 08:00,18.835,1.189,291.058,506.126,0.473
2019-08-04 07:00,2019-08-04 09:00,20.839,1.183,444.428,697.770,0.433
2019-08-04 08:00,2019-08-04 10:00,22.603,1.178,606.252,863.032,0.447
2019-08-04 09:00,2019-08-04 11:00,24.170,1.173,723.799,990.448,0.674
2019-08-04 10:00,2019-08-04 12:00,25.495,1.168,785.738,1071.080,0.718
2019-08-04 11:00,2019-08-04 13:00,26.726,1.163,825.093,1100.240,0.600
2019-08-04 12:00,2019-08-04 14:00,27.694,1.159,810.406,1074.900,0.822
2019-08-04 13:00,2019-08-04 15:00,28.286,1.155,726.081,997.319,0.913
2019-08-04 14:00,2019-08-04 16:00,28.446,1.152,606.201,872.673,0.746
2019-08-04 15:00,2019-08-04 17:00,28.333,1.150,462.704,709.508,0.807
2019-08-04 16:00,2019-08-04 18:00,27.482,1.150,192.853,518.863,0.946
2019-08-04 17:00,2019-08-04 19:00,26.259,1.150,67.557,313.704,0.958
2019-08-04 18:00,2019-08-04 20:00,24.746,1.152,22.528,107.993,0.943
2019-08-04 19:00,2019-08-04 21:00,23.391,1.155,0.017,0.276,0.962
2019-08-04 20:00,2019-08-04 22:00,22.249,1.157,0,0,0.979
2019-08-04 21:00,2019-08-04 23:00,21.362,1.158,0,0,0.979
2019-08-04 22:00,2019-08-05 00:00,20.777,1.159,0,0,0.983
2019-08-04 23:00,2019-08-05 01:00,20.346,1.160,0,0,0.985
2019-08-05 00:00,2019-08-05 02:00,20.037,1.162,0,0,0.982
2019-08-05 01:00,2019-08-05 03:00,19.813,1.165,0,0,0.928
2019-08-05 02:00,2019-08-05 04:00,19.383,1.169,0,0,0.587
2019-08-05 03:00,2019-08-05 05:00,18.559,1.173,0,0.008,0.586
2019-08-05 04:00,2019-08-05 06:00,18.416,1.176,21.144,91.775,0.920
2019-08-05 05:00,2019-08-05 07:00,19.104,1.176,61.841,296.522,0.975
2019-08-05 06:00,2019-08-05 08:00,19.693,1.175,114.842,502.016,0.969
2019-08-05 07:00,2019-08-05 09:00,20.942,1.172,202.212,694.020,0.966
2019-08-05 08:00,2019-08-05 10:00,22.883,1.166,335.331,859.562,0.969
2019-08-05 09:00,2019-08-05 11:00,24.365,1.162,436.120,987.198,0.968
2019-08-05 10:00,2019-08-05 12:00,25.390,1.159,540.553,1068.080,0.952
2019-08-05 11:00,2019-08-05 13:00,26.306,1.156,647.841,1096.801,0.945
2019-08-05 12:00,2019-08-05 14:00,26.963,1.155,698.465,1071.900,0.946
2019-08-05 13:00,2019-08-05 15:00,27.195,1.154,668.582,994.069,0.941
2019-08-05 14:00,2019-08-05 16:00,27.163,1.153,605.438,869.173,0.874
2019-08-05 15:00,2019-08-05 17:00,26.806,1.153,480.285,705.758,0.700
2019-08-05 16:00,2019-08-05 18:00,26.152,1.153,328.568,514.846,0.760
2019-08-05 17:00,2019-08-05 19:00,25.057,1.154,160.649,309.204,0.871
2019-08-05 18:00,2019-08-05 20:00,22.746,1.156,34.373,103.194,0.955
2019-08-05 19:00,2019-08-05 21:00,21.081,1.159,0.014,0.109,0.962
2019-08-05 20:00,2019-08-05 22:00,20.491,1.161,0,0,0.957
2019-08-05 21:00,2019-08-05 23:00,20.065,1.163,0,0,0.955
2019-08-05 22:00,2019-08-06 00:00,19.668,1.165,0,0,0.957
2019-08-05 23:00,2019-08-06 01:00,19.191,1.167,0,0,0.959
2019-08-06 00:00,2019-08-06 02:00,18.752,1.168,0,0,0.957
2019-08-06 01:00,2019-08-06 03:00,18.432,1.170,0,0,0.957
2019-08-06 02:00,2019-08-06 04:00,18.252,1.172,0,0,0.957
2019-08-06 03:00,2019-08-06 05:00,17.969,1.174,0,0.001,0.679
2019-08-06 04:00,2019-08-06 06:00,17.784,1.177,20.898,87.151,0.810
2019-08-06 05:00,2019-08-06 07:00,18.359,1.180,73.745,292.022,0.967
2019-08-06 06:00,2019-08-06 08:00,18.633,1.181,130.356,497.891,0.968
2019-08-06 07:00,2019-08-06 09:00,19.061,1.180,197.241,690.266,0.971
2019-08-06 08:00,2019-08-06 10:00,19.719,1.179,262.627,856.032,0.965
2019-08-06 09:00,2019-08-06 11:00,20.635,1.176,342.926,983.759,0.964
2019-08-06 10:00,2019-08-06 12:00,21.719,1.173,433.702,1065.012,0.968
2019-08-06 11:00,2019-08-06 13:00,23.024,1.168,550.887,1093.801,0.923
2019-08-06 12:00,2019-08-06 14:00,24.114,1.164,583.788,1068.468,0.910
2019-08-06 13:00,2019-08-06 15:00,24.448,1.161,454.894,990.785,0.983
2019-08-06 14:00,2019-08-06 16:00,23.980,1.160,271.817,865.673,0.870
2019-08-06 15:00,2019-08-06 17:00,24.115,1.159,358.328,702.003,0.583
2019-08-06 16:00,2019-08-06 18:00,23.478,1.159,248.646,510.625,0.901
2019-08-06 17:00,2019-08-06 19:00,22.397,1.160,129.883,304.704,0.950
2019-08-06 18:00,2019-08-06 20:00,20.454,1.162,32.528,98.341,0.833
2019-08-06 19:00,2019-08-06 21:00,18.719,1.165,0.004,0.031,0.908
2019-08-06 20:00,2019-08-06 22:00,18.311,1.167,0,0,0.938
2019-08-06 21:00,2019-08-06 23:00,18.011,1.169,0,0,0.942
2019-08-06 22:00,2019-08-07 00:00,17.650,1.171,0,0,0.941
2019-08-06 23:00,2019-08-07 01:00,17.102,1.173,0,0,0.945
2019-08-07 00:00,2019-08-07 02:00,16.780,1.176,0,0,0.938
2019-08-07 01:00,2019-08-07 03:00,16.586,1.177,0,0,0.944
2019-08-07 02:00,2019-08-07 04:00,16.429,1.179,0,0,0.958
2019-08-07 03:00,2019-08-07 05:00,16.304,1.181,0,0,0.968
2019-08-07 04:00,2019-08-07 06:00,16.276,1.182,9.886,82.582,0.973
2019-08-07 05:00,2019-08-07 07:00,16.591,1.182,53.861,287.397,0.952
2019-08-07 06:00,2019-08-07 08:00,17.230,1.181,150.953,493.641,0.887
2019-08-07 07:00,2019-08-07 09:00,18.308,1.179,286.144,686.270,0.935
2019-08-07 08:00,2019-08-07 10:00,19.576,1.176,358.859,852.339,0.953
2019-08-07 09:00,2019-08-07 11:00,20.886,1.172,435.203,980.259,0.926
2019-08-07 10:00,2019-08-07 12:00,22.489,1.168,612.840,1061.580,0.864
2019-08-07 11:00,2019-08-07 13:00,23.529,1.164,612.830,1090.748,0.932
2019-08-07 12:00,2019-08-07 14:00,24.010,1.161,546.908,1065.021,0.922
2019-08-07 13:00,2019-08-07 15:00,24.199,1.160,472.191,987.319,0.920
2019-08-07 14:00,2019-08-07 16:00,24.313,1.158,439.074,861.954,0.720
2019-08-07 15:00,2019-08-07 17:00,24.380,1.158,439.603,698.008,0.154
2019-08-07 16:00,2019-08-07 18:00,23.771,1.158,294.734,506.265,0.219
2019-08-07 17:00,2019-08-07 19:00,22.602,1.160,129.942,300.064,0.442
2019-08-07 18:00,2019-08-07 20:00,20.539,1.163,23.811,93.472,0.471
2019-08-07 19:00,2019-08-07 21:00,18.949,1.167,0,0.003,0.363
2019-08-07 20:00,2019-08-07 22:00,17.953,1.171,0,0,0.159
2019-08-07 21:00,2019-08-07 23:00,16.875,1.174,0,0,0.066
2019-08-07 22:00,2019-08-08 00:00,16.067,1.178,0,0,0.019
2019-08-07 23:00,2019-08-08 01:00,15.388,1.181,0,0,0.006
2019-08-08 00:00,2019-08-08 02:00,14.818,1.184,0,0,0.091
2019-08-08 01:00,2019-08-08 03:00,14.259,1.188,0,0,0.673
2019-08-08 02:00,2019-08-08 04:00,13.793,1.191,0,0,0.340
2019-08-08 03:00,2019-08-08 05:00,13.256,1.193,0,0,0.237
2019-08-08 04:00,2019-08-08 06:00,13.448,1.195,31.566,78.069,0.497
2019-08-08 05:00,2019-08-08 07:00,15.261,1.195,149.233,282.678,0.573
2019-08-08 06:00,2019-08-08 08:00,17.488,1.188,285.527,489.266,0.916
2019-08-08 07:00,2019-08-08 09:00,19.331,1.183,370.528,682.297,0.941
2019-08-08 08:00,2019-08-08 10:00,20.956,1.179,520.416,848.593,0.664
2019-08-08 09:00,2019-08-08 11:00,22.799,1.174,728.556,976.786,0.350
2019-08-08 10:00,2019-08-08 12:00,24.150,1.169,792.103,1058.133,0.467
2019-08-08 11:00,2019-08-08 13:00,25.032,1.165,786.602,1087.301,0.758
2019-08-08 12:00,2019-08-08 14:00,25.484,1.163,747.057,1061.908,0.570
2019-08-08 13:00,2019-08-08 15:00,25.596,1.161,687.450,983.790,0.581
2019-08-08 14:00,2019-08-08 16:00,25.070,1.161,483.751,858.204,0.963
2019-08-08 15:00,2019-08-08 17:00,23.710,1.162,171.183,694.008,0.927
2019-08-08 16:00,2019-08-08 18:00,23.748,1.162,241.998,502.000,0.888
2019-08-08 17:00,2019-08-08 19:00,23.005,1.163,111.771,295.342,0.940
2019-08-08 18:00,2019-08-08 20:00,20.998,1.165,26.930,88.643,0.848
2019-08-08 19:00,2019-08-08 21:00,19.926,1.167,0,0,0.598
2019-08-08 20:00,2019-08-08 22:00,19.414,1.170,0,0,0.168
2019-08-08 21:00,2019-08-08 23:00,18.482,1.172,0,0,0.043
2019-08-08 22:00,2019-08-09 00:00,17.447,1.173,0,0,0.041
2019-08-08 23:00,2019-08-09 01:00,16.723,1.174,0,0,0.016
2019-08-09 00:00,2019-08-09 02:00,16.296,1.175,0,0,0.008
2019-08-09 01:00,2019-08-09 03:00,16.146,1.177,0,0,0.505
2019-08-09 02:00,2019-08-09 04:00,16.268,1.179,0,0,0.932
2019-08-09 03:00,2019-08-09 05:00,16.651,1.181,0,0,0.950
2019-08-09 04:00,2019-08-09 06:00,17.030,1.182,11.352,73.597,0.965
2019-08-09 05:00,2019-08-09 07:00,17.774,1.181,61.063,277.913,0.961
2019-08-09 06:00,2019-08-09 08:00,19.168,1.177,156.307,484.796,0.974
2019-08-09 07:00,2019-08-09 09:00,20.950,1.170,208.237,678.270,0.980
2019-08-09 08:00,2019-08-09 10:00,23.359,1.161,312.066,844.843,0.963
2019-08-09 09:00,2019-08-09 11:00,26.616,1.150,592.419,973.259,0.944
2019-08-09 10:00,2019-08-09 12:00,28.849,1.142,716.324,1054.641,0.939
2019-08-09 11:00,2019-08-09 13:00,30.106,1.137,714.680,1083.801,0.940
2019-08-09 12:00,2019-08-09 14:00,30.832,1.133,706.639,1058.408,0.938
2019-08-09 13:00,2019-08-09 15:00,30.553,1.132,558.693,980.100,0.973
2019-08-09 14:00,2019-08-09 16:00,29.031,1.134,256.142,854.454,0.980
2019-08-09 15:00,2019-08-09 17:00,28.018,1.135,167.821,689.784,0.971
2019-08-09 16:00,2019-08-09 18:00,26.607,1.139,100.785,497.515,0.969
2019-08-09 17:00,2019-08-09 19:00,24.445,1.144,32.374,290.564,0.970
2019-08-09 18:00,2019-08-09 20:00,22.815,1.150,6.534,83.859,0.969
2019-08-09 19:00,2019-08-09 21:00,21.968,1.154,0,0,0.966
2019-08-09 20:00,2019-08-09 22:00,21.334,1.158,0,0,0.961
2019-08-09 21:00,2019-08-09 23:00,20.879,1.160,0,0,0.960
2019-08-09 22:00,2019-08-10 00:00,20.502,1.161,0,0,0.953
2019-08-09 23:00,2019-08-10 01:00,19.873,1.163,0,0,0.933
2019-08-10 00:00,2019-08-10 02:00,19.108,1.167,0,0,0.926
2019-08-10 01:00,2019-08-10 03:00,18.278,1.171,0,0,0.931
2019-08-10 02:00,2019-08-10 04:00,17.627,1.175,0,0,0.923
2019-08-10 03:00,2019-08-10 05:00,17.078,1.178,0,0,0.753
2019-08-10 04:00,2019-08-10 06:00,16.710,1.180,24.425,69.215,0.735
2019-08-10 05:00,2019-08-10 07:00,17.280,1.181,106.217,273.040,0.893
2019-08-10 06:00,2019-08-10 08:00,18.464,1.179,201.875,480.298,0.839
2019-08-10 07:00,2019-08-10 09:00,20.221,1.175,354.707,674.047,0.616
2019-08-10 08:00,2019-08-10 10:00,22.134,1.171,587.019,840.843,0.450
2019-08-10 09:00,2019-08-10 11:00,23.258,1.168,653.830,969.540,0.634
2019-08-10 10:00,2019-08-10 12:00,24.209,1.166,741.195,1051.141,0.125
2019-08-10 11:00,2019-08-10 13:00,25.078,1.163,805.772,1080.301,0.030
2019-08-10 12:00,2019-08-10 14:00,25.791,1.161,795.595,1054.908,0.022
2019-08-10 13:00,2019-08-10 15:00,26.167,1.159,729.359,976.566,0.029
2019-08-10 14:00,2019-08-10 16:00,26.092,1.158,615.359,850.648,0.054
2019-08-10 15:00,2019-08-10 17:00,25.694,1.158,466.117,685.758,0.109
2019-08-10 16:00,2019-08-10 18:00,24.963,1.159,288.565,493.013,0.087
2019-08-10 17:00,2019-08-10 19:00,23.934,1.161,160.623,285.702,0.277
2019-08-10 18:00,2019-08-10 20:00,22.238,1.164,26.373,79.182,0.301
2019-08-10 19:00,2019-08-10 21:00,20.332,1.170,0,0,0.125
2019-08-10 20:00,2019-08-10 22:00,19.010,1.174,0,0,0.047
2019-08-10 21:00,2019-08-10 23:00,17.923,1.178,0,0,0.020
2019-08-10 22:00,2019-08-11 00:00,17.256,1.180,0,0,0.104
2019-08-10 23:00,2019-08-11 01:00,16.914,1.184,0,0,0.093
2019-08-11 00:00,2019-08-11 02:00,16.098,1.187,0,0,0.038
2019-08-11 01:00,2019-08-11 03:00,15.075,1.190,0,0,0.010
2019-08-11 02:00,2019-08-11 04:00,14.357,1.192,0,0,0.478
2019-08-11 03:00,2019-08-11 05:00,14.294,1.193,0,0,0.891
2019-08-11 04:00,2019-08-11 06:00,14.814,1.195,16.310,64.922,0.924
2019-08-11 05:00,2019-08-11 07:00,16.366,1.195,81.313,268.068,0.929
2019-08-11 06:00,2019-08-11 08:00,17.933,1.191,174.796,475.686,0.911
2019-08-11 07:00,2019-08-11 09:00,19.788,1.185,319.795,669.801,0.903
2019-08-11 08:00,2019-08-11 10:00,21.054,1.182,404.514,836.874,0.879
2019-08-11 09:00,2019-08-11 11:00,22.102,1.179,518.412,965.790,0.840
2019-08-11 10:00,2019-08-11 12:00,22.990,1.176,592.576,1047.633,0.710
2019-08-11 11:00,2019-08-11 13:00,24.228,1.172,779.768,1076.801,0.131
2019-08-11 12:00,2019-08-11 14:00,25.054,1.169,799.955,1051.408,0.587
2019-08-11 13:00,2019-08-11 15:00,23.911,1.169,363.295,972.816,0.936
2019-08-11 14:00,2019-08-11 16:00,22.455,1.172,233.141,846.674,0.885
2019-08-11 15:00,2019-08-11 17:00,21.822,1.175,283.392,681.478,0.631
2019-08-11 16:00,2019-08-11 18:00,21.393,1.176,238.463,488.405,0.197
2019-08-11 17:00,2019-08-11 19:00,20.559,1.177,158.069,280.702,0.059
2019-08-11 18:00,2019-08-11 20:00,17.967,1.180,30.420,74.547,0.098
2019-08-11 19:00,2019-08-11 21:00,16.022,1.183,0,0,0.047
2019-08-11 20:00,2019-08-11 22:00,15.165,1.187,0,0,0.014
2019-08-11 21:00,2019-08-11 23:00,14.501,1.190,0,0,0.021
2019-08-11 22:00,2019-08-12 00:00,13.982,1.193,0,0,0.103
2019-08-11 23:00,2019-08-12 01:00,13.611,1.196,0,0,0.170
2019-08-12 00:00,2019-08-12 02:00,13.285,1.198,0,0,0.261
2019-08-12 01:00,2019-08-12 03:00,12.942,1.200,0,0,0.247
2019-08-12 02:00,2019-08-12 04:00,12.589,1.202,0,0,0.316
2019-08-12 03:00,2019-08-12 05:00,12.227,1.204,0,0,0.427
2019-08-12 04:00,2019-08-12 06:00,12.257,1.207,23.058,60.706,0.063
2019-08-12 05:00,2019-08-12 07:00,13.748,1.207,145.375,263.068,0.023
2019-08-12 06:00,2019-08-12 08:00,16.302,1.199,302.669,471.061,0.031
2019-08-12 07:00,2019-08-12 09:00,19.247,1.189,459.492,665.358,0.037
2019-08-12 08:00,2019-08-12 10:00,20.876,1.184,599.938,832.874,0.044
2019-08-12 09:00,2019-08-12 11:00,21.959,1.181,684.850,962.040,0.079
2019-08-12 10:00,2019-08-12 12:00,22.805,1.178,727.747,1044.073,0.120
2019-08-12 11:00,2019-08-12 13:00,23.314,1.175,703.574,1073.301,0.260
2019-08-12 12:00,2019-08-12 14:00,23.294,1.173,581.519,1047.529,0.449
2019-08-12 13:00,2019-08-12 15:00,22.895,1.173,481.647,968.877,0.619
2019-08-12 14:00,2019-08-12 16:00,21.845,1.174,278.204,842.674,0.721
2019-08-12 15:00,2019-08-12 17:00,20.578,1.177,182.153,677.039,0.731
2019-08-12 16:00,2019-08-12 18:00,19.280,1.181,114.412,483.766,0.725
2019-08-12 17:00,2019-08-12 19:00,17.983,1.185,55.544,275.593,0.679
2019-08-12 18:00,2019-08-12 20:00,16.637,1.189,11.949,70.030,0.553
2019-08-12 19:00,2019-08-12 21:00,15.248,1.193,0,0,0.381
2019-08-12 20:00,2019-08-12 22:00,14.263,1.198,0,0,0.303
2019-08-12 21:00,2019-08-12 23:00,13.601,1.200,0,0,0.273
2019-08-12 22:00,2019-08-13 00:00,13.188,1.201,0,0,0.231
2019-08-12 23:00,2019-08-13 01:00,12.873,1.203,0,0,0.177
2019-08-13 00:00,2019-08-13 02:00,12.615,1.206,0,0,0.172
2019-08-13 01:00,2019-08-13 03:00,12.389,1.208,0,0,0.184
2019-08-13 02:00,2019-08-13 04:00,12.188,1.209,0,0,0.228
2019-08-13 03:00,2019-08-13 05:00,12.006,1.211,0,0,0.326
2019-08-13 04:00,2019-08-13 06:00,12.066,1.212,13.663,56.575,0.471
2019-08-13 05:00,2019-08-13 07:00,12.645,1.212,84.640,257.945,0.500
2019-08-13 06:00,2019-08-13 08:00,13.644,1.210,213.953,466.314,0.184
2019-08-13 07:00,2019-08-13 09:00,15.214,1.206,417.795,661.051,0.067
2019-08-13 08:00,2019-08-13 10:00,17.082,1.202,569.482,828.843,0.077
2019-08-13 09:00,2019-08-13 11:00,18.661,1.197,673.558,958.066,0.118
2019-08-13 10:00,2019-08-13 12:00,19.910,1.193,737.955,1040.141,0.118
2019-08-13 11:00,2019-08-13 13:00,20.817,1.190,746.470,1069.363,0.128
2019-08-13 12:00,2019-08-13 14:00,21.197,1.187,680.427,1043.961,0.343
2019-08-13 13:00,2019-08-13 15:00,20.679,1.187,481.582,965.070,0.866
2019-08-13 14:00,2019-08-13 16:00,19.597,1.188,270.526,838.424,0.872
2019-08-13 15:00,2019-08-13 17:00,18.984,1.190,260.551,672.755,0.426
2019-08-13 16:00,2019-08-13 18:00,18.246,1.192,207.963,478.921,0.489
2019-08-13 17:00,2019-08-13 19:00,17.092,1.195,78.601,270.468,0.484
2019-08-13 18:00,2019-08-13 20:00,15.476,1.199,14.663,65.580,0.372
2019-08-13 19:00,2019-08-13 21:00,13.972,1.203,0,0,0.237
2019-08-13 20:00,2019-08-13 22:00,12.986,1.206,0,0,0.107
2019-08-13 21:00,2019-08-13 23:00,12.099,1.208,0,0,0.044
2019-08-13 22:00,2019-08-14 00:00,11.380,1.210,0,0,0.019
2019-08-13 23:00,2019-08-14 01:00,10.749,1.213,0,0,0.011
2019-08-14 00:00,2019-08-14 02:00,10.194,1.215,0,0,0.013
2019-08-14 01:00,2019-08-14 03:00,9.673,1.218,0,0,0.020
2019-08-14 02:00,2019-08-14 04:00,9.169,1.220,0,0,0.031
2019-08-14 03:00,2019-08-14 05:00,8.723,1.222,0,0,0.075
2019-08-14 04:00,2019-08-14 06:00,8.829,1.224,18.236,52.548,0.136
2019-08-14 05:00,2019-08-14 07:00,10.766,1.224,126.967,252.719,0.133
2019-08-14 06:00,2019-08-14 08:00,13.115,1.216,291.230,461.452,0.113
2019-08-14 07:00,2019-08-14 09:00,16.071,1.206,456.014,656.551,0.135
2019-08-14 08:00,2019-08-14 10:00,18.226,1.199,606.874,824.624,0.036
2019-08-14 09:00,2019-08-14 11:00,19.982,1.194,725.248,954.071,0.008
2019-08-14 10:00,2019-08-14 12:00,21.388,1.189,801.291,1036.573,0.004
2019-08-14 11:00,2019-08-14 13:00,22.514,1.184,828.299,1065.801,0.068
2019-08-14 12:00,2019-08-14 14:00,23.364,1.180,798.598,1040.029,0.376
2019-08-14 13:00,2019-08-14 15:00,23.730,1.176,675.259,961.097,0.728
2019-08-14 14:00,2019-08-14 16:00,23.228,1.174,432.566,834.235,0.865
2019-08-14 15:00,2019-08-14 17:00,22.334,1.174,242.264,668.255,0.847
2019-08-14 16:00,2019-08-14 18:00,21.597,1.175,178.572,474.154,0.678
2019-08-14 17:00,2019-08-14 19:00,20.524,1.176,108.966,265.328,0.458
2019-08-14 18:00,2019-08-14 20:00,18.146,1.178,17.465,61.225,0.503
2019-08-14 19:00,2019-08-14 21:00,17.124,1.180,0,0,0.539
2019-08-14 20:00,2019-08-14 22:00,16.701,1.181,0,0,0.539
2019-08-14 21:00,2019-08-14 23:00,16.364,1.183,0,0,0.596
2019-08-14 22:00,2019-08-15 00:00,15.969,1.186,0,0,0.810
2019-08-14 23:00,2019-08-15 01:00,15.564,1.190,0,0,0.974
2019-08-15 00:00,2019-08-15 02:00,15.294,1.191,0,0,0.984
2019-08-15 01:00,2019-08-15 03:00,15.118,1.191,0,0,0.985
2019-08-15 02:00,2019-08-15 04:00,14.983,1.191,0,0,0.985
2019-08-15 03:00,2019-08-15 05:00,14.891,1.191,0,0,0.988
2019-08-15 04:00,2019-08-15 06:00,14.758,1.192,3.107,48.630,0.995
2019-08-15 05:00,2019-08-15 07:00,14.878,1.192,27.861,247.468,0.995
2019-08-15 06:00,2019-08-15 08:00,15.520,1.190,84.201,456.579,0.993
2019-08-15 07:00,2019-08-15 09:00,16.630,1.187,183.312,651.862,0.992
2019-08-15 08:00,2019-08-15 10:00,18.324,1.182,332.775,820.374,0.958
2019-08-15 09:00,2019-08-15 11:00,20.358,1.176,545.721,950.071,0.742
2019-08-15 10:00,2019-08-15 12:00,21.755,1.172,623.286,1032.573,0.560
2019-08-15 11:00,2019-08-15 13:00,22.525,1.169,627.625,1061.863,0.712
2019-08-15 12:00,2019-08-15 14:00,22.561,1.169,545.948,1036.029,0.955
2019-08-15 13:00,2019-08-15 15:00,21.874,1.171,400.922,957.097,0.984
2019-08-15 14:00,2019-08-15 16:00,20.708,1.175,229.661,829.955,0.985
2019-08-15 15:00,2019-08-15 17:00,20.055,1.176,172.205,663.565,0.840
2019-08-15 16:00,2019-08-15 18:00,19.746,1.177,159.277,469.184,0.550
2019-08-15 17:00,2019-08-15 19:00,19.154,1.179,114.146,260.078,0.256
2019-08-15 18:00,2019-08-15 20:00,17.470,1.183,16.183,56.977,0.263
2019-08-15 19:00,2019-08-15 21:00,16.220,1.187,0,0,0.206
2019-08-15 20:00,2019-08-15 22:00,15.440,1.192,0,0,0.181
2019-08-15 21:00,2019-08-15 23:00,14.827,1.196,0,0,0.170
2019-08-15 22:00,2019-08-16 00:00,14.309,1.198,0,0,0.185
2019-08-15 23:00,2019-08-16 01:00,13.713,1.199,0,0,0.185
2019-08-16 00:00,2019-08-16 02:00,13.290,1.201,0,0,0.258
2019-08-16 01:00,2019-08-16 03:00,12.954,1.202,0,0,0.198
2019-08-16 02:00,2019-08-16 04:00,12.370,1.203,0,0,0.070
2019-08-16 03:00,2019-08-16 05:00,11.754,1.206,0,0,0.222
2019-08-16 04:00,2019-08-16 06:00,11.679,1.208,15.892,44.821,0.613
2019-08-16 05:00,2019-08-16 07:00,13.254,1.209,115.412,242.156,0.581
2019-08-16 06:00,2019-08-16 08:00,14.870,1.205,254.643,451.579,0.624
2019-08-16 07:00,2019-08-16 09:00,16.960,1.198,388.376,647.362,0.663
2019-08-16 08:00,2019-08-16 10:00,19.291,1.191,514.346,815.878,0.903
2019-08-16 09:00,2019-08-16 11:00,20.642,1.185,493.138,946.010,0.957
2019-08-16 10:00,2019-08-16 12:00,20.826,1.183,362.657,1028.582,0.972
2019-08-16 11:00,2019-08-16 13:00,21.540,1.181,457.298,1057.863,0.969
2019-08-16 12:00,2019-08-16 14:00,22.963,1.177,663.599,1032.029,0.958
2019-08-16 13:00,2019-08-16 15:00,23.607,1.173,601.287,952.881,0.945
2019-08-16 14:00,2019-08-16 16:00,23.507,1.171,425.566,825.701,0.946
2019-08-16 15:00,2019-08-16 17:00,23.085,1.169,276.355,659.009,0.951
2019-08-16 16:00,2019-08-16 18:00,22.223,1.169,138.011,464.264,0.960
2019-08-16 17:00,2019-08-16 19:00,20.285,1.170,44.531,254.709,0.972
2019-08-16 18:00,2019-08-16 20:00,18.619,1.171,5.463,52.839,0.975
2019-08-16 19:00,2019-08-16 21:00,17.926,1.173,0,0,0.971
2019-08-16 20:00,2019-08-16 22:00,17.662,1.174,0,0,0.969
2019-08-16 21:00,2019-08-16 23:00,17.862,1.176,0,0,0.960
2019-08-16 22:00,2019-08-17 00:00,17.936,1.177,0,0,0.957
2019-08-16 23:00,2019-08-17 01:00,17.780,1.179,0,0,0.966
2019-08-17 00:00,2019-08-17 02:00,17.599,1.180,0,0,0.969
2019-08-17 01:00,2019-08-17 03:00,17.307,1.180,0,0,0.970
2019-08-17 02:00,2019-08-17 04:00,16.736,1.182,0,0,0.975
2019-08-17 03:00,2019-08-17 05:00,16.234,1.183,0,0,0.853
2019-08-17 04:00,2019-08-17 06:00,16.033,1.184,5.397,41.132,0.823
2019-08-17 05:00,2019-08-17 07:00,16.348,1.185,42.296,236.726,0.848
2019-08-17 06:00,2019-08-17 08:00,17.324,1.183,110.738,446.579,0.955
2019-08-17 07:00,2019-08-17 09:00,19.065,1.177,205.502,642.612,0.959
2019-08-17 08:00,2019-08-17 10:00,20.261,1.173,260.957,811.434,0.962
2019-08-17 09:00,2019-08-17 11:00,20.360,1.173,228.892,941.821,0.972
2019-08-17 10:00,2019-08-17 12:00,20.508,1.172,256.155,1024.392,0.971
2019-08-17 11:00,2019-08-17 13:00,20.999,1.171,291.845,1053.863,0.969
2019-08-17 12:00,2019-08-17 14:00,21.402,1.169,284.747,1028.029,0.960
2019-08-17 13:00,2019-08-17 15:00,22.201,1.167,378.344,948.658,0.956
2019-08-17 14:00,2019-08-17 16:00,21.785,1.166,188.228,821.205,0.951
2019-08-17 15:00,2019-08-17 17:00,21.216,1.167,140.047,654.285,0.949
2019-08-17 16:00,2019-08-17 18:00,20.375,1.170,107.218,459.169,0.958
2019-08-17 17:00,2019-08-17 19:00,19.075,1.173,45.893,249.279,0.953
2019-08-17 18:00,2019-08-17 20:00,17.860,1.177,5.911,48.812,0.940
2019-08-17 19:00,2019-08-17 21:00,17.091,1.179,0,0,0.935
2019-08-17 20:00,2019-08-17 22:00,16.615,1.181,0,0,0.938
2019-08-17 21:00,2019-08-17 23:00,16.380,1.182,0,0,0.942
2019-08-17 22:00,2019-08-18 00:00,16.293,1.182,0,0,0.953
2019-08-17 23:00,2019-08-18 01:00,16.322,1.182,0,0,0.959
2019-08-18 00:00,2019-08-18 02:00,16.306,1.181,0,0,0.958
2019-08-18 01:00,2019-08-18 03:00,16.268,1.180,0,0,0.948
2019-08-18 02:00,2019-08-18 04:00,16.180,1.179,0,0,0.939
2019-08-18 03:00,2019-08-18 05:00,16.127,1.179,0,0,0.969
2019-08-18 04:00,2019-08-18 06:00,16.087,1.180,2.577,37.571,0.967
2019-08-18 05:00,2019-08-18 07:00,16.345,1.180,31.797,231.227,0.857
2019-08-18 06:00,2019-08-18 08:00,17.076,1.178,114.077,441.359,0.836
2019-08-18 07:00,2019-08-18 09:00,18.397,1.172,201.952,637.832,0.763
2019-08-18 08:00,2019-08-18 10:00,20.027,1.165,288.930,806.934,0.760
2019-08-18 09:00,2019-08-18 11:00,21.231,1.160,295.283,937.541,0.774
2019-08-18 10:00,2019-08-18 12:00,22.301,1.156,382.940,1020.194,0.668
2019-08-18 11:00,2019-08-18 13:00,23.302,1.153,453.403,1049.863,0.686
2019-08-18 12:00,2019-08-18 14:00,23.793,1.152,427.750,1023.780,0.792
2019-08-18 13:00,2019-08-18 15:00,23.652,1.153,398.596,944.408,0.866
2019-08-18 14:00,2019-08-18 16:00,22.769,1.158,328.950,816.705,0.939
2019-08-18 15:00,2019-08-18 17:00,21.499,1.163,236.688,649.535,0.955
2019-08-18 16:00,2019-08-18 18:00,20.074,1.169,127.089,454.044,0.954
2019-08-18 17:00,2019-08-18 19:00,18.917,1.174,60.983,243.779,0.933
2019-08-18 18:00,2019-08-18 20:00,17.242,1.177,12.290,44.924,0.935
2019-08-18 19:00,2019-08-18 21:00,16.188,1.180,0,0,0.940
2019-08-18 20:00,2019-08-18 22:00,15.795,1.183,0,0,0.932
2019-08-18 21:00,2019-08-18 23:00,15.234,1.186,0,0,0.928
2019-08-18 22:00,2019-08-19 00:00,14.760,1.189,0,0,0.926
2019-08-18 23:00,2019-08-19 01:00,13.964,1.194,0,0,0.880
2019-08-19 00:00,2019-08-19 02:00,12.838,1.197,0,0,0.579
2019-08-19 01:00,2019-08-19 03:00,12.033,1.199,0,0,0.083
2019-08-19 02:00,2019-08-19 04:00,11.555,1.200,0,0,0.006
2019-08-19 03:00,2019-08-19 05:00,11.622,1.203,0,0,0.040
2019-08-19 04:00,2019-08-19 06:00,11.770,1.206,11.818,34.134,0.059
2019-08-19 05:00,2019-08-19 07:00,13.081,1.207,121.443,225.679,0.004
2019-08-19 06:00,2019-08-19 08:00,15.253,1.201,284.169,436.219,0.002
2019-08-19 07:00,2019-08-19 09:00,17.551,1.194,448.605,632.893,0.001
2019-08-19 08:00,2019-08-19 10:00,19.322,1.190,594.615,802.404,0.018
2019-08-19 09:00,2019-08-19 11:00,20.688,1.186,702.228,933.102,0.050
2019-08-19 10:00,2019-08-19 12:00,21.727,1.183,763.169,1016.138,0.042
2019-08-19 11:00,2019-08-19 13:00,22.538,1.180,781.515,1045.425,0.035
2019-08-19 12:00,2019-08-19 14:00,23.050,1.178,750.623,1019.557,0.042
2019-08-19 13:00,2019-08-19 15:00,23.251,1.177,674.260,940.101,0.081
2019-08-19 14:00,2019-08-19 16:00,23.130,1.176,565.422,812.205,0.053
2019-08-19 15:00,2019-08-19 17:00,22.717,1.176,430.210,644.535,0.065
2019-08-19 16:00,2019-08-19 18:00,21.885,1.177,264.117,448.810,0.192
2019-08-19 17:00,2019-08-19 19:00,20.427,1.179,111.232,238.224,0.748
2019-08-19 18:00,2019-08-19 20:00,17.625,1.183,11.640,41.160,0.938
2019-08-19 19:00,2019-08-19 21:00,16.501,1.187,0,0,0.936
2019-08-19 20:00,2019-08-19 22:00,15.858,1.191,0,0,0.848
2019-08-19 21:00,2019-08-19 23:00,14.821,1.194,0,0,0.341
2019-08-19 22:00,2019-08-20 00:00,13.871,1.197,0,0,0.395
2019-08-19 23:00,2019-08-20 01:00,13.321,1.201,0,0,0.652
2019-08-20 00:00,2019-08-20 02:00,12.932,1.203,0,0,0.562
2019-08-20 01:00,2019-08-20 03:00,12.077,1.206,0,0,0.062
2019-08-20 02:00,2019-08-20 04:00,11.353,1.209,0,0,0.016
2019-08-20 03:00,2019-08-20 05:00,10.788,1.211,0,0,0.105
2019-08-20 04:00,2019-08-20 06:00,10.484,1.215,10.412,30.831,0.236
2019-08-20 05:00,2019-08-20 07:00,12.492,1.217,110.013,220.055,0.513
2019-08-20 06:00,2019-08-20 08:00,14.476,1.213,250.492,430.969,0.718
2019-08-20 07:00,2019-08-20 09:00,16.796,1.206,389.017,627.893,0.902
2019-08-20 08:00,2019-08-20 10:00,18.574,1.200,503.502,797.688,0.933
2019-08-20 09:00,2019-08-20 11:00,19.803,1.197,571.138,928.602,0.930
2019-08-20 10:00,2019-08-20 12:00,20.591,1.194,595.910,1011.699,0.931
2019-08-20 11:00,2019-08-20 13:00,20.975,1.192,546.287,1041.363,0.932
2019-08-20 12:00,2019-08-20 14:00,21.207,1.191,500.779,1015.307,0.935
2019-08-20 13:00,2019-08-20 15:00,21.311,1.190,467.718,935.628,0.933
2019-08-20 14:00,2019-08-20 16:00,21.047,1.190,368.833,807.455,0.936
2019-08-20 15:00,2019-08-20 17:00,20.622,1.190,260.421,639.596,0.944
2019-08-20 16:00,2019-08-20 18:00,19.946,1.190,141.065,443.545,0.921
2019-08-20 17:00,2019-08-20 19:00,18.700,1.192,72.692,232.545,0.723
2019-08-20 18:00,2019-08-20 20:00,16.275,1.194,9.998,37.512,0.292
2019-08-20 19:00,2019-08-20 21:00,15.037,1.198,0,0,0.215
2019-08-20 20:00,2019-08-20 22:00,14.262,1.202,0,0,0.166
2019-08-20 21:00,2019-08-20 23:00,13.490,1.207,0,0,0.193
2019-08-20 22:00,2019-08-21 00:00,12.871,1.210,0,0,0.151
2019-08-20 23:00,2019-08-21 01:00,12.174,1.213,0,0,0.047
2019-08-21 00:00,2019-08-21 02:00,11.925,1.216,0,0,0.016
2019-08-21 01:00,2019-08-21 03:00,12.091,1.217,0,0,0.027
2019-08-21 02:00,2019-08-21 04:00,12.327,1.219,0,0,0.045
2019-08-21 03:00,2019-08-21 05:00,12.264,1.220,0,0,0.034
2019-08-21 04:00,2019-08-21 06:00,11.739,1.222,9.230,27.667,0.005
2019-08-21 05:00,2019-08-21 07:00,12.505,1.223,112.017,214.321,0.003
2019-08-21 06:00,2019-08-21 08:00,14.570,1.221,271.134,425.596,0.002
2019-08-21 07:00,2019-08-21 09:00,17.875,1.210,435.257,622.893,0.001
2019-08-21 08:00,2019-08-21 10:00,19.574,1.205,581.905,792.965,0
2019-08-21 09:00,2019-08-21 11:00,20.798,1.202,695.966,924.102,0
2019-08-21 10:00,2019-08-21 12:00,21.866,1.198,769.449,1007.392,0.005
2019-08-21 11:00,2019-08-21 13:00,22.754,1.194,795.560,1036.925,0.077
2019-08-21 12:00,2019-08-21 14:00,23.415,1.191,769.353,1011.026,0.135
2019-08-21 13:00,2019-08-21 15:00,23.813,1.188,694.594,931.128,0.625
2019-08-21 14:00,2019-08-21 16:00,23.620,1.186,498.897,802.732,0.930
2019-08-21 15:00,2019-08-21 17:00,22.971,1.185,289.487,634.566,0.948
2019-08-21 16:00,2019-08-21 18:00,22.091,1.186,159.296,438.183,0.958
2019-08-21 17:00,2019-08-21 19:00,20.296,1.187,76.556,226.850,0.881
2019-08-21 18:00,2019-08-21 20:00,17.262,1.190,10.343,34.013,0.586
2019-08-21 19:00,2019-08-21 21:00,15.669,1.193,0,0,0.088
2019-08-21 20:00,2019-08-21 22:00,14.869,1.196,0,0,0.005
2019-08-21 21:00,2019-08-21 23:00,14.263,1.198,0,0,0
2019-08-21 22:00,2019-08-22 00:00,13.757,1.200,0,0,0
2019-08-21 23:00,2019-08-22 01:00,13.361,1.201,0,0,0
2019-08-22 00:00,2019-08-22 02:00,13.051,1.202,0,0,0
2019-08-22 01:00,2019-08-22 03:00,12.723,1.203,0,0,0
2019-08-22 02:00,2019-08-22 04:00,12.331,1.205,0,0,0
2019-08-22 03:00,2019-08-22 05:00,11.903,1.207,0,0,0
2019-08-22 04:00,2019-08-22 06:00,11.600,1.209,8.240,24.649,0
2019-08-22 05:00,2019-08-22 07:00,13.808,1.210,109.784,208.571,0
2019-08-22 06:00,2019-08-22 08:00,16.651,1.209,268.991,420.127,0
2019-08-22 07:00,2019-08-22 09:00,19.806,1.198,432.307,617.893,0
2019-08-22 08:00,2019-08-22 10:00,22.760,1.188,577.468,788.185,0.025
2019-08-22 09:00,2019-08-22 11:00,24.081,1.184,690.392,919.602,0.124
2019-08-22 10:00,2019-08-22 12:00,25.082,1.181,762.173,1002.919,0.321
2019-08-22 11:00,2019-08-22 13:00,25.906,1.177,772.807,1032.425,0.554
2019-08-22 12:00,2019-08-22 14:00,26.458,1.174,722.238,1006.557,0.631
2019-08-22 13:00,2019-08-22 15:00,26.740,1.172,643.210,926.438,0.507
2019-08-22 14:00,2019-08-22 16:00,26.816,1.170,568.546,797.982,0.210
2019-08-22 15:00,2019-08-22 17:00,26.548,1.170,439.832,629.562,0.114
2019-08-22 16:00,2019-08-22 18:00,25.783,1.170,277.857,432.795,0.057
2019-08-22 17:00,2019-08-22 19:00,23.850,1.171,117.551,221.058,0.040
2019-08-22 18:00,2019-08-22 20:00,20.883,1.174,10.650,30.650,0.025
2019-08-22 19:00,2019-08-22 21:00,19.077,1.179,0,0,0.003
2019-08-22 20:00,2019-08-22 22:00,17.812,1.183,0,0,0
2019-08-22 21:00,2019-08-22 23:00,16.780,1.188,0,0,0
2019-08-22 22:00,2019-08-23 00:00,16.014,1.192,0,0,0
2019-08-22 23:00,2019-08-23 01:00,15.484,1.195,0,0,0
2019-08-23 00:00,2019-08-23 02:00,15.098,1.198,0,0,0
2019-08-23 01:00,2019-08-23 03:00,14.635,1.201,0,0,0
2019-08-23 02:00,2019-08-23 04:00,14.017,1.204,0,0,0
2019-08-23 03:00,2019-08-23 05:00,13.484,1.206,0,0,0
2019-08-23 04:00,2019-08-23 06:00,13.093,1.209,7.006,21.793,0
2019-08-23 05:00,2019-08-23 07:00,14.286,1.210,104.155,202.711,0
2019-08-23 06:00,2019-08-23 08:00,16.816,1.208,261.401,414.642,0
2019-08-23 07:00,2019-08-23 09:00,20.028,1.197,424.350,612.647,0.002
2019-08-23 08:00,2019-08-23 10:00,24.018,1.182,570.514,783.409,0.023
2019-08-23 09:00,2019-08-23 11:00,25.844,1.176,685.019,914.852,0.075
2019-08-23 10:00,2019-08-23 12:00,27.007,1.172,758.489,998.419,0.136
2019-08-23 11:00,2019-08-23 13:00,27.927,1.168,784.237,1027.925,0.179
2019-08-23 12:00,2019-08-23 14:00,28.587,1.165,762.025,1002.057,0.226
2019-08-23 13:00,2019-08-23 15:00,28.951,1.162,690.804,921.878,0.276
2019-08-23 14:00,2019-08-23 16:00,29.025,1.160,577.185,792.986,0.340
2019-08-23 15:00,2019-08-23 17:00,28.693,1.159,431.039,624.316,0.444
2019-08-23 16:00,2019-08-23 18:00,27.839,1.159,267.875,427.308,0.626
2019-08-23 17:00,2019-08-23 19:00,25.047,1.160,109.417,215.238,0.801
2019-08-23 18:00,2019-08-23 20:00,21.643,1.164,9.134,27.442,0.863
2019-08-23 19:00,2019-08-23 21:00,20.127,1.169,0,0,0.805
2019-08-23 20:00,2019-08-23 22:00,19.122,1.174,0,0,0.662
2019-08-23 21:00,2019-08-23 23:00,18.242,1.177,0,0,0.519
2019-08-23 22:00,2019-08-24 00:00,17.514,1.179,0,0,0.366
2019-08-23 23:00,2019-08-24 01:00,16.920,1.180,0,0,0.165
2019-08-24 00:00,2019-08-24 02:00,16.397,1.182,0,0,0.058
2019-08-24 01:00,2019-08-24 03:00,15.816,1.184,0,0,0.088
2019-08-24 02:00,2019-08-24 04:00,15.256,1.186,0,0,0.157
2019-08-24 03:00,2019-08-24 05:00,14.709,1.189,0,0,0.139
2019-08-24 04:00,2019-08-24 06:00,14.248,1.192,6.384,19.085,0.088
2019-08-24 05:00,2019-08-24 07:00,16.045,1.194,104.520,196.837,0.019
2019-08-24 06:00,2019-08-24 08:00,19.016,1.193,263.379,409.142,0
2019-08-24 07:00,2019-08-24 09:00,21.653,1.186,426.597,607.424,0
2019-08-24 08:00,2019-08-24 10:00,25.733,1.171,572.535,778.409,0.001
2019-08-24 09:00,2019-08-24 11:00,27.697,1.164,686.974,910.106,0.030
2019-08-24 10:00,2019-08-24 12:00,28.840,1.160,760.414,993.703,0.039
2019-08-24 11:00,2019-08-24 13:00,29.717,1.157,787.372,1023.425,0.027
2019-08-24 12:00,2019-08-24 14:00,30.393,1.154,765.024,997.307,0.003
2019-08-24 13:00,2019-08-24 15:00,30.738,1.151,694.237,917.132,0.001
2019-08-24 14:00,2019-08-24 16:00,30.717,1.149,581.565,788.012,0
2019-08-24 15:00,2019-08-24 17:00,30.289,1.148,436.375,619.066,0
2019-08-24 16:00,2019-08-24 18:00,29.421,1.148,272.798,421.699,0
2019-08-24 17:00,2019-08-24 19:00,26.688,1.150,112.106,209.308,0
2019-08-24 18:00,2019-08-24 20:00,24.104,1.152,8.401,24.397,0
2019-08-24 19:00,2019-08-24 21:00,22.808,1.156,0,0,0
2019-08-24 20:00,2019-08-24 22:00,21.866,1.159,0,0,0
2019-08-24 21:00,2019-08-24 23:00,20.964,1.163,0,0,0
2019-08-24 22:00,2019-08-25 00:00,20.107,1.166,0,0,0
2019-08-24 23:00,2019-08-25 01:00,19.459,1.169,0,0,0
2019-08-25 00:00,2019-08-25 02:00,18.821,1.172,0,0,0
2019-08-25 01:00,2019-08-25 03:00,18.240,1.174,0,0,0
2019-08-25 02:00,2019-08-25 04:00,17.659,1.176,0,0,0
2019-08-25 03:00,2019-08-25 05:00,17.098,1.179,0,0,0
2019-08-25 04:00,2019-08-25 06:00,16.622,1.181,4.949,16.536,0
2019-08-25 05:00,2019-08-25 07:00,18.167,1.183,93.240,190.845,0.004
2019-08-25 06:00,2019-08-25 08:00,20.767,1.181,243.242,403.517,0.003
2019-08-25 07:00,2019-08-25 09:00,24.006,1.170,400.401,602.174,0.003
2019-08-25 08:00,2019-08-25 10:00,27.432,1.158,540.776,773.246,0.010
2019-08-25 09:00,2019-08-25 11:00,28.995,1.153,640.246,905.356,0.018
2019-08-25 10:00,2019-08-25 12:00,29.960,1.150,702.310,988.979,0.029
2019-08-25 11:00,2019-08-25 13:00,30.668,1.148,718.343,1018.925,0.038
2019-08-25 12:00,2019-08-25 14:00,31.132,1.146,688.715,992.588,0.069
2019-08-25 13:00,2019-08-25 15:00,31.201,1.144,603.250,912.159,0.090
2019-08-25 14:00,2019-08-25 16:00,30.986,1.144,496.105,783.012,0.095
2019-08-25 15:00,2019-08-25 17:00,30.585,1.144,366.555,613.816,0.216
2019-08-25 16:00,2019-08-25 18:00,29.737,1.144,199.870,416.074,0.240
2019-08-25 17:00,2019-08-25 19:00,27.779,1.145,79.360,203.364,0.163
2019-08-25 18:00,2019-08-25 20:00,24.928,1.148,5.823,21.509,0.184
2019-08-25 19:00,2019-08-25 21:00,23.786,1.152,0,0,0.238
2019-08-25 20:00,2019-08-25 22:00,23.030,1.156,0,0,0.238
2019-08-25 21:00,2019-08-25 23:00,22.220,1.160,0,0,0.196
2019-08-25 22:00,2019-08-26 00:00,21.486,1.163,0,0,0.145
2019-08-25 23:00,2019-08-26 01:00,20.984,1.165,0,0,0.107
2019-08-26 00:00,2019-08-26 02:00,20.833,1.166,0,0,0.116
2019-08-26 01:00,2019-08-26 03:00,20.665,1.167,0,0,0.180
2019-08-26 02:00,2019-08-26 04:00,20.151,1.169,0,0,0.271
2019-08-26 03:00,2019-08-26 05:00,19.502,1.171,0,0,0.325
2019-08-26 04:00,2019-08-26 06:00,18.997,1.175,3.870,14.157,0.349
2019-08-26 05:00,2019-08-26 07:00,19.912,1.177,82.918,184.845,0.361
2019-08-26 06:00,2019-08-26 08:00,21.769,1.177,227.850,397.783,0.369
2019-08-26 07:00,2019-08-26 09:00,24.270,1.169,383.689,596.708,0.367
2019-08-26 08:00,2019-08-26 10:00,28.009,1.156,525.847,768.190,0.352
2019-08-26 09:00,2019-08-26 11:00,30.383,1.148,631.233,900.382,0.473
2019-08-26 10:00,2019-08-26 12:00,31.654,1.144,700.715,984.229,0.542
2019-08-26 11:00,2019-08-26 13:00,32.538,1.141,726.731,1014.175,0.516
2019-08-26 12:00,2019-08-26 14:00,33.012,1.138,677.693,987.838,0.416
2019-08-26 13:00,2019-08-26 15:00,33.209,1.136,604.633,907.409,0.266
2019-08-26 14:00,2019-08-26 16:00,33.109,1.135,501.428,777.956,0.150
2019-08-26 15:00,2019-08-26 17:00,32.651,1.134,370.830,608.347,0.113
2019-08-26 16:00,2019-08-26 18:00,31.845,1.134,221.575,410.434,0.186
2019-08-26 17:00,2019-08-26 19:00,29.930,1.136,80.183,197.316,0.231
2019-08-26 18:00,2019-08-26 20:00,28.103,1.139,4.555,18.773,0.352
2019-08-26 19:00,2019-08-26 21:00,27.087,1.142,0,0,0.342
2019-08-26 20:00,2019-08-26 22:00,26.214,1.145,0,0,0.218
2019-08-26 21:00,2019-08-26 23:00,25.282,1.148,0,0,0.137
2019-08-26 22:00,2019-08-27 00:00,24.575,1.151,0,0,0.153
2019-08-26 23:00,2019-08-27 01:00,23.516,1.154,0,0,0.141
2019-08-27 00:00,2019-08-27 02:00,22.638,1.157,0,0,0.183
2019-08-27 01:00,2019-08-27 03:00,21.914,1.160,0,0,0.298
2019-08-27 02:00,2019-08-27 04:00,21.310,1.162,0,0,0.394
2019-08-27 03:00,2019-08-27 05:00,20.651,1.165,0,0,0.365
2019-08-27 04:00,2019-08-27 06:00,19.885,1.167,3.271,11.946,0.388
2019-08-27 05:00,2019-08-27 07:00,20.691,1.170,80.870,178.736,0.411
2019-08-27 06:00,2019-08-27 08:00,22.734,1.170,227.088,392.033,0.395
2019-08-27 07:00,2019-08-27 09:00,25.289,1.162,385.607,591.424,0.339
2019-08-27 08:00,2019-08-27 10:00,29.355,1.148,530.410,762.996,0.322
2019-08-27 09:00,2019-08-27 11:00,31.399,1.142,642.613,895.386,0.395
2019-08-27 10:00,2019-08-27 12:00,32.431,1.139,709.305,979.450,0.517
2019-08-27 11:00,2019-08-27 13:00,33.118,1.136,730.568,1009.235,0.660
2019-08-27 12:00,2019-08-27 14:00,33.506,1.134,697.519,983.088,0.739
2019-08-27 13:00,2019-08-27 15:00,33.629,1.132,629.240,902.409,0.732
2019-08-27 14:00,2019-08-27 16:00,33.209,1.131,465.710,772.762,0.757
2019-08-27 15:00,2019-08-27 17:00,32.321,1.132,250.777,602.847,0.662
2019-08-27 16:00,2019-08-27 18:00,31.383,1.132,145.830,404.589,0.586
2019-08-27 17:00,2019-08-27 19:00,29.451,1.134,52.181,191.199,0.567
2019-08-27 18:00,2019-08-27 20:00,27.506,1.136,2.947,16.206,0.509
2019-08-27 19:00,2019-08-27 21:00,26.125,1.139,0,0,0.433
2019-08-27 20:00,2019-08-27 22:00,24.706,1.143,0,0,0.693
2019-08-27 21:00,2019-08-27 23:00,23.837,1.146,0,0,0.886
2019-08-27 22:00,2019-08-28 00:00,23.236,1.149,0,0,0.933
2019-08-27 23:00,2019-08-28 01:00,22.839,1.152,0,0,0.951
2019-08-28 00:00,2019-08-28 02:00,22.426,1.154,0,0,0.967
2019-08-28 01:00,2019-08-28 03:00,21.995,1.157,0,0,0.967
2019-08-28 02:00,2019-08-28 04:00,21.547,1.160,0,0,0.972
2019-08-28 03:00,2019-08-28 05:00,21.066,1.163,0,0,0.909
2019-08-28 04:00,2019-08-28 06:00,20.396,1.168,1.302,9.917,0.685
2019-08-28 05:00,2019-08-28 07:00,20.693,1.171,56.100,172.618,0.415
2019-08-28 06:00,2019-08-28 08:00,22.071,1.171,184.699,386.188,0.295
2019-08-28 07:00,2019-08-28 09:00,24.650,1.163,338.676,585.924,0.234
2019-08-28 08:00,2019-08-28 10:00,27.506,1.153,464.835,757.750,0.307
2019-08-28 09:00,2019-08-28 11:00,29.599,1.146,570.993,890.386,0.663
2019-08-28 10:00,2019-08-28 12:00,30.997,1.142,667.188,974.484,0.899
2019-08-28 11:00,2019-08-28 13:00,31.565,1.140,680.085,1004.425,0.821
2019-08-28 12:00,2019-08-28 14:00,31.277,1.141,636.607,978.088,0.689
2019-08-28 13:00,2019-08-28 15:00,29.726,1.146,458.333,897.219,0.814
2019-08-28 14:00,2019-08-28 16:00,27.712,1.152,293.639,767.483,0.932
2019-08-28 15:00,2019-08-28 17:00,26.047,1.156,148.529,597.347,0.967
2019-08-28 16:00,2019-08-28 18:00,25.383,1.157,86.166,398.824,0.971
2019-08-28 17:00,2019-08-28 19:00,24.540,1.157,30.764,185.066,0.977
2019-08-28 18:00,2019-08-28 20:00,23.545,1.157,1.387,13.824,0.979
2019-08-28 19:00,2019-08-28 21:00,23.330,1.157,0,0,0.975
2019-08-28 20:00,2019-08-28 22:00,23.612,1.158,0,0,0.975
2019-08-28 21:00,2019-08-28 23:00,23.843,1.158,0,0,0.972
2019-08-28 22:00,2019-08-29 00:00,22.950,1.160,0,0,0.966
2019-08-28 23:00,2019-08-29 01:00,21.837,1.162,0,0,0.954
2019-08-29 00:00,2019-08-29 02:00,20.946,1.166,0,0,0.853
2019-08-29 01:00,2019-08-29 03:00,20.153,1.170,0,0,0.624
2019-08-29 02:00,2019-08-29 04:00,19.315,1.175,0,0,0.471
2019-08-29 03:00,2019-08-29 05:00,18.620,1.181,0,0,0.335
2019-08-29 04:00,2019-08-29 06:00,17.935,1.185,1.476,8.062,0.257
2019-08-29 05:00,2019-08-29 07:00,18.130,1.187,54.171,166.376,0.312
2019-08-29 06:00,2019-08-29 08:00,18.701,1.187,156.675,380.313,0.373
2019-08-29 07:00,2019-08-29 09:00,19.674,1.185,271.382,580.204,0.331
2019-08-29 08:00,2019-08-29 10:00,21.050,1.182,394.963,752.470,0.361
2019-08-29 09:00,2019-08-29 11:00,22.524,1.178,475.486,885.163,0.565
2019-08-29 10:00,2019-08-29 12:00,23.520,1.175,489.603,969.484,0.796
2019-08-29 11:00,2019-08-29 13:00,24.593,1.171,605.488,999.455,0.898
2019-08-29 12:00,2019-08-29 14:00,25.261,1.168,565.555,973.088,0.935
2019-08-29 13:00,2019-08-29 15:00,25.584,1.166,483.798,892.190,0.954
2019-08-29 14:00,2019-08-29 16:00,25.483,1.165,367.407,762.043,0.958
2019-08-29 15:00,2019-08-29 17:00,25.075,1.166,248.018,591.847,0.939
2019-08-29 16:00,2019-08-29 18:00,24.374,1.167,146.362,392.949,0.844
2019-08-29 17:00,2019-08-29 19:00,22.974,1.170,62.308,178.831,0.522
2019-08-29 18:00,2019-08-29 20:00,20.181,1.174,3.063,11.618,0.160
2019-08-29 19:00,2019-08-29 21:00,18.925,1.179,0,0,0.032
2019-08-29 20:00,2019-08-29 22:00,18.060,1.183,0,0,0.057
2019-08-29 21:00,2019-08-29 23:00,17.407,1.187,0,0,0.148
2019-08-29 22:00,2019-08-30 00:00,16.963,1.190,0,0,0.174
2019-08-29 23:00,2019-08-30 01:00,16.320,1.193,0,0,0.106
2019-08-30 00:00,2019-08-30 02:00,15.532,1.196,0,0,0.037
2019-08-30 01:00,2019-08-30 03:00,15.097,1.198,0,0,0.010
2019-08-30 02:00,2019-08-30 04:00,15.012,1.199,0,0,0.003
2019-08-30 03:00,2019-08-30 05:00,14.714,1.201,0,0,0
2019-08-30 04:00,2019-08-30 06:00,14.288,1.204,1.632,6.387,0
2019-08-30 05:00,2019-08-30 07:00,14.886,1.206,76.287,160.126,0
2019-08-30 06:00,2019-08-30 08:00,17.063,1.203,227.841,374.423,0
2019-08-30 07:00,2019-08-30 09:00,20.025,1.193,390.312,574.678,0.002
2019-08-30 08:00,2019-08-30 10:00,21.953,1.188,536.963,747.000,0
2019-08-30 09:00,2019-08-30 11:00,23.397,1.183,653.469,879.947,0
2019-08-30 10:00,2019-08-30 12:00,24.697,1.179,728.924,964.454,0
2019-08-30 11:00,2019-08-30 13:00,25.907,1.174,756.728,994.455,0
2019-08-30 12:00,2019-08-30 14:00,26.905,1.169,733.227,968.058,0.004
2019-08-30 13:00,2019-08-30 15:00,27.543,1.165,663.219,886.940,0.009
2019-08-30 14:00,2019-08-30 16:00,27.708,1.163,550.816,756.763,0.014
2019-08-30 15:00,2019-08-30 17:00,27.449,1.162,405.461,586.124,0.060
2019-08-30 16:00,2019-08-30 18:00,26.481,1.162,242.992,386.962,0.079
2019-08-30 17:00,2019-08-30 19:00,23.609,1.165,86.650,172.581,0.140
2019-08-30 18:00,2019-08-30 20:00,20.107,1.171,2.714,9.591,0.244
2019-08-30 19:00,2019-08-30 21:00,18.819,1.177,0,0,0.290
2019-08-30 20:00,2019-08-30 22:00,17.893,1.181,0,0,0.293
2019-08-30 21:00,2019-08-30 23:00,17.142,1.183,0,0,0.286
2019-08-30 22:00,2019-08-31 00:00,16.582,1.185,0,0,0.221
2019-08-30 23:00,2019-08-31 01:00,16.082,1.185,0,0,0.119
2019-08-31 00:00,2019-08-31 02:00,15.651,1.185,0,0,0.069
2019-08-31 01:00,2019-08-31 03:00,15.362,1.185,0,0,0.040
2019-08-31 02:00,2019-08-31 04:00,15.207,1.184,0,0,0.028
2019-08-31 03:00,2019-08-31 05:00,15.050,1.185,0,0,0.010
2019-08-31 04:00,2019-08-31 06:00,14.813,1.186,1.308,4.906,0
2019-08-31 05:00,2019-08-31 07:00,16.448,1.187,77.900,153.822,0
2019-08-31 06:00,2019-08-31 08:00,19.368,1.184,233.398,368.330,0
2019-08-31 07:00,2019-08-31 09:00,22.241,1.175,395.193,568.928,0
2019-08-31 08:00,2019-08-31 10:00,26.471,1.159,538.528,741.531,0
2019-08-31 09:00,2019-08-31 11:00,29.012,1.150,649.184,874.697,0
2019-08-31 10:00,2019-08-31 12:00,30.594,1.143,718.100,959.260,0.002
2019-08-31 11:00,2019-08-31 13:00,31.648,1.139,739.576,989.239,0.007
2019-08-31 12:00,2019-08-31 14:00,32.288,1.135,711.796,962.869,0.014
2019-08-31 13:00,2019-08-31 15:00,32.542,1.132,639.160,881.690,0.020
2019-08-31 14:00,2019-08-31 16:00,32.389,1.130,521.934,751.293,0.039
2019-08-31 15:00,2019-08-31 17:00,31.925,1.128,372.972,580.567,0.102
2019-08-31 16:00,2019-08-31 18:00,30.876,1.128,204.922,380.964,0.268
2019-08-31 17:00,2019-08-31 19:00,28.119,1.129,61.288,166.261,0.473
2019-08-31 18:00,2019-08-31 20:00,25.894,1.132,1.179,7.746,0.652
2019-08-31 19:00,2019-08-31 21:00,25.177,1.138,0,0,0.770
2019-08-31 20:00,2019-08-31 22:00,24.117,1.147,0,0,0.938
2019-08-31 21:00,2019-08-31 23:00,22.142,1.161,0,0,0.962
2019-08-31 22:00,2019-09-01 00:00,19.906,1.173,0,0,0.970
2019-08-31 23:00,2019-09-01 01:00,18.429,1.180,0,0,0.954
2019-09-01 00:00,2019-09-01 02:00,17.602,1.184,0,0,0.866
2019-09-01 01:00,2019-09-01 03:00,16.749,1.187,0,0,0.734
2019-09-01 02:00,2019-09-01 04:00,15.897,1.190,0,0,0.908
2019-09-01 03:00,2019-09-01 05:00,15.390,1.192,0,0,0.957
2019-09-01 04:00,2019-09-01 06:00,15.206,1.193,0.606,3.619,0.958
2019-09-01 05:00,2019-09-01 07:00,15.450,1.193,28.287,147.448,0.966
2019-09-01 06:00,2019-09-01 08:00,16.061,1.192,76.235,362.328,0.970
2019-09-01 07:00,2019-09-01 09:00,16.718,1.191,121.273,563.015,0.974
2019-09-01 08:00,2019-09-01 10:00,17.465,1.190,217.914,736.031,0.972
2019-09-01 09:00,2019-09-01 11:00,18.940,1.188,467.643,869.417,0.924
2019-09-01 10:00,2019-09-01 12:00,20.047,1.186,524.023,954.014,0.973
2019-09-01 11:00,2019-09-01 13:00,19.896,1.186,358.978,984.205,0.980
2019-09-01 12:00,2019-09-01 14:00,19.389,1.186,231.469,957.619,0.974
2019-09-01 13:00,2019-09-01 15:00,19.304,1.187,225.496,876.250,0.967
2019-09-01 14:00,2019-09-01 16:00,19.802,1.186,298.593,745.763,0.765
2019-09-01 15:00,2019-09-01 17:00,20.391,1.184,363.899,574.628,0.531
2019-09-01 16:00,2019-09-01 18:00,19.998,1.184,225.010,374.853,0.195
2019-09-01 17:00,2019-09-01 19:00,18.235,1.186,68.309,159.894,0.266
2019-09-01 18:00,2019-09-01 20:00,15.947,1.189,1.256,6.088,0.357
2019-09-01 19:00,2019-09-01 21:00,15.523,1.194,0,0,0.315
2019-09-01 20:00,2019-09-01 22:00,14.728,1.199,0,0,0.192
2019-09-01 21:00,2019-09-01 23:00,13.643,1.204,0,0,0.134
2019-09-01 22:00,2019-09-02 00:00,12.590,1.208,0,0,0.054
2019-09-01 23:00,2019-09-02 01:00,11.580,1.211,0,0,0.015
2019-09-02 00:00,2019-09-02 02:00,10.820,1.214,0,0,0.010
2019-09-02 01:00,2019-09-02 03:00,10.251,1.216,0,0,0.006
2019-09-02 02:00,2019-09-02 04:00,9.804,1.218,0,0,0.005
2019-09-02 03:00,2019-09-02 05:00,9.330,1.220,0,0,0.006
2019-09-02 04:00,2019-09-02 06:00,8.900,1.222,0.608,2.524,0.006
2019-09-02 05:00,2019-09-02 07:00,10.317,1.225,68.885,141.025,0.006
2019-09-02 06:00,2019-09-02 08:00,12.778,1.222,222.051,356.205,0.005
2019-09-02 07:00,2019-09-02 09:00,15.822,1.212,386.554,557.238,0.006
2019-09-02 08:00,2019-09-02 10:00,17.697,1.206,530.774,730.474,0.019
2019-09-02 09:00,2019-09-02 11:00,19.039,1.203,640.666,863.944,0.017
2019-09-02 10:00,2019-09-02 12:00,20.173,1.199,717.136,948.735,0.011
2019-09-02 11:00,2019-09-02 13:00,21.110,1.196,749.823,978.955,0.009
2019-09-02 12:00,2019-09-02 14:00,21.667,1.193,723.151,952.369,0.006
2019-09-02 13:00,2019-09-02 15:00,21.888,1.191,652.463,870.970,0.007
2019-09-02 14:00,2019-09-02 16:00,21.766,1.190,539.384,740.074,0.007
2019-09-02 15:00,2019-09-02 17:00,21.328,1.190,394.564,568.874,0.004
2019-09-02 16:00,2019-09-02 18:00,20.469,1.190,232.130,368.730,0.002
2019-09-02 17:00,2019-09-02 19:00,18.183,1.192,76.727,153.463,0.007
2019-09-02 18:00,2019-09-02 20:00,15.223,1.195,1.218,4.634,0.084
2019-09-02 19:00,2019-09-02 21:00,14.738,1.198,0,0,0.371
2019-09-02 20:00,2019-09-02 22:00,14.787,1.201,0,0,0.784
2019-09-02 21:00,2019-09-02 23:00,14.583,1.203,0,0,0.548
2019-09-02 22:00,2019-09-03 00:00,13.325,1.205,0,0,0.264
2019-09-02 23:00,2019-09-03 01:00,12.445,1.207,0,0,0.634
2019-09-03 00:00,2019-09-03 02:00,12.236,1.209,0,0,0.515
2019-09-03 01:00,2019-09-03 03:00,12.016,1.212,0,0,0.430
2019-09-03 02:00,2019-09-03 04:00,11.415,1.215,0,0,0.453
2019-09-03 03:00,2019-09-03 05:00,10.791,1.218,0,0,0.480
2019-09-03 04:00,2019-09-03 06:00,10.337,1.221,0.381,1.623,0.450
2019-09-03 05:00,2019-09-03 07:00,11.321,1.223,64.790,134.533,0.212
2019-09-03 06:00,2019-09-03 08:00,13.670,1.219,216.950,349.971,0.132
2019-09-03 07:00,2019-09-03 09:00,16.807,1.208,379.746,551.269,0.304
2019-09-03 08:00,2019-09-03 10:00,18.924,1.201,523.474,724.781,0.578
2019-09-03 09:00,2019-09-03 11:00,20.427,1.196,629.946,858.474,0.646
2019-09-03 10:00,2019-09-03 12:00,21.500,1.193,680.287,943.291,0.642
2019-09-03 11:00,2019-09-03 13:00,22.290,1.189,683.011,973.486,0.613
2019-09-03 12:00,2019-09-03 14:00,22.538,1.187,576.432,946.899,0.688
2019-09-03 13:00,2019-09-03 15:00,22.398,1.186,449.489,865.470,0.613
2019-09-03 14:00,2019-09-03 16:00,22.415,1.185,425.794,734.513,0.535
2019-09-03 15:00,2019-09-03 17:00,22.081,1.184,323.289,562.904,0.700
2019-09-03 16:00,2019-09-03 18:00,21.240,1.185,180.762,362.603,0.655
2019-09-03 17:00,2019-09-03 19:00,19.524,1.187,57.034,146.970,0.441
2019-09-03 18:00,2019-09-03 20:00,16.708,1.191,0.735,3.374,0.428
2019-09-03 19:00,2019-09-03 21:00,15.748,1.195,0,0,0.337
2019-09-03 20:00,2019-09-03 22:00,15.093,1.199,0,0,0.285
2019-09-03 21:00,2019-09-03 23:00,14.557,1.201,0,0,0.308
2019-09-03 22:00,2019-09-04 00:00,14.093,1.202,0,0,0.285
2019-09-03 23:00,2019-09-04 01:00,13.670,1.203,0,0,0.294
2019-09-04 00:00,2019-09-04 02:00,13.340,1.204,0,0,0.527
2019-09-04 01:00,2019-09-04 03:00,13.273,1.205,0,0,0.837
2019-09-04 02:00,2019-09-04 04:00,13.228,1.206,0,0,0.850
2019-09-04 03:00,2019-09-04 05:00,12.947,1.207,0,0,0.890
2019-09-04 04:00,2019-09-04 06:00,12.637,1.208,0.129,0.928,0.901
2019-09-04 05:00,2019-09-04 07:00,13.161,1.209,37.335,128.013,0.921
2019-09-04 06:00,2019-09-04 08:00,14.589,1.207,148.751,343.736,0.748
2019-09-04 07:00,2019-09-04 09:00,17.103,1.198,330.227,545.269,0.564
2019-09-04 08:00,2019-09-04 10:00,19.215,1.191,503.688,719.031,0.488
2019-09-04 09:00,2019-09-04 11:00,21.135,1.185,629.987,852.944,0.359
2019-09-04 10:00,2019-09-04 12:00,22.927,1.177,706.959,937.985,0.388
2019-09-04 11:00,2019-09-04 13:00,24.371,1.171,725.182,968.236,0.469
2019-09-04 12:00,2019-09-04 14:00,25.358,1.166,692.363,941.589,0.415
2019-09-04 13:00,2019-09-04 15:00,25.777,1.162,612.350,859.970,0.379
2019-09-04 14:00,2019-09-04 16:00,25.540,1.161,493.600,728.768,0.500
2019-09-04 15:00,2019-09-04 17:00,24.197,1.164,301.497,556.904,0.692
2019-09-04 16:00,2019-09-04 18:00,21.765,1.171,145.515,356.368,0.868
2019-09-04 17:00,2019-09-04 19:00,18.851,1.181,36.955,140.463,0.921
2019-09-04 18:00,2019-09-04 20:00,16.798,1.189,0.352,2.308,0.589
2019-09-04 19:00,2019-09-04 21:00,15.902,1.193,0,0,0.355
2019-09-04 20:00,2019-09-04 22:00,15.241,1.196,0,0,0.278
2019-09-04 21:00,2019-09-04 23:00,14.429,1.198,0,0,0.115
2019-09-04 22:00,2019-09-05 00:00,13.212,1.201,0,0,0.027
2019-09-04 23:00,2019-09-05 01:00,12.143,1.204,0,0,0.012
2019-09-05 00:00,2019-09-05 02:00,11.432,1.208,0,0,0.010
2019-09-05 01:00,2019-09-05 03:00,11.007,1.212,0,0,0.067
2019-09-05 02:00,2019-09-05 04:00,10.719,1.215,0,0,0.179
2019-09-05 03:00,2019-09-05 05:00,10.792,1.215,0,0,0.393
2019-09-05 04:00,2019-09-05 06:00,11.074,1.215,0.051,0.443,0.352
2019-09-05 05:00,2019-09-05 07:00,11.425,1.215,41.527,121.431,0.227
2019-09-05 06:00,2019-09-05 08:00,12.753,1.213,186.225,337.473,0.118
2019-09-05 07:00,2019-09-05 09:00,14.550,1.208,345.789,539.269,0.046
2019-09-05 08:00,2019-09-05 10:00,16.099,1.205,499.099,713.281,0.051
2019-09-05 09:00,2019-09-05 11:00,17.339,1.203,604.738,847.255,0.058
2019-09-05 10:00,2019-09-05 12:00,18.357,1.200,676.043,932.295,0.057
2019-09-05 11:00,2019-09-05 13:00,19.187,1.198,703.881,962.736,0.091
2019-09-05 12:00,2019-09-05 14:00,19.429,1.197,646.895,935.926,0.130
2019-09-05 13:00,2019-09-05 15:00,19.082,1.197,565.940,854.247,0.182
2019-09-05 14:00,2019-09-05 16:00,18.230,1.200,431.212,722.828,0.197
2019-09-05 15:00,2019-09-05 17:00,17.376,1.203,326.004,550.904,0.221
2019-09-05 16:00,2019-09-05 18:00,16.381,1.205,168.352,350.009,0.249
2019-09-05 17:00,2019-09-05 19:00,15.232,1.208,47.082,133.857,0.241
2019-09-05 18:00,2019-09-05 20:00,13.593,1.213,0.253,1.446,0.137
2019-09-05 19:00,2019-09-05 21:00,12.362,1.218,0,0,0.072
2019-09-05 20:00,2019-09-05 22:00,11.086,1.222,0,0,0.046
2019-09-05 21:00,2019-09-05 23:00,10.067,1.225,0,0,0.181
2019-09-05 22:00,2019-09-06 00:00,9.380,1.228,0,0,0.619
2019-09-05 23:00,2019-09-06 01:00,8.889,1.230,0,0,0.865
2019-09-06 00:00,2019-09-06 02:00,8.464,1.232,0,0,0.841
2019-09-06 01:00,2019-09-06 03:00,8.126,1.233,0,0,0.728
2019-09-06 02:00,2019-09-06 04:00,7.661,1.234,0,0,0.556
2019-09-06 03:00,2019-09-06 05:00,7.182,1.236,0,0,0.344
2019-09-06 04:00,2019-09-06 06:00,6.752,1.237,0.031,0.159,0.119
2019-09-06 05:00,2019-09-06 07:00,7.533,1.239,55.405,114.834,0.019
2019-09-06 06:00,2019-09-06 08:00,10.129,1.237,207.927,331.126,0.115
2019-09-06 07:00,2019-09-06 09:00,13.236,1.226,370.808,533.269,0.362
2019-09-06 08:00,2019-09-06 10:00,15.321,1.220,515.384,707.312,0.412
2019-09-06 09:00,2019-09-06 11:00,17.046,1.213,629.362,841.698,0.178
2019-09-06 10:00,2019-09-06 12:00,18.555,1.207,707.832,926.795,0.151
2019-09-06 11:00,2019-09-06 13:00,19.804,1.202,727.206,957.047,0.359
2019-09-06 12:00,2019-09-06 14:00,20.712,1.197,708.113,930.399,0.385
2019-09-06 13:00,2019-09-06 15:00,21.200,1.193,641.591,848.501,0.396
2019-09-06 14:00,2019-09-06 16:00,21.133,1.190,511.929,717.044,0.597
2019-09-06 15:00,2019-09-06 17:00,20.578,1.189,323.602,544.875,0.865
2019-09-06 16:00,2019-09-06 18:00,19.494,1.190,139.977,343.728,0.934
2019-09-06 17:00,2019-09-06 19:00,17.201,1.193,29.312,127.235,0.968
2019-09-06 18:00,2019-09-06 20:00,15.507,1.197,0.059,0.798,0.978
2019-09-06 19:00,2019-09-06 21:00,14.798,1.200,0,0,0.973
2019-09-06 20:00,2019-09-06 22:00,14.016,1.203,0,0,0.966
2019-09-06 21:00,2019-09-06 23:00,13.554,1.205,0,0,0.975
2019-09-06 22:00,2019-09-07 00:00,13.381,1.207,0,0,0.986
2019-09-06 23:00,2019-09-07 01:00,13.176,1.208,0,0,0.987
2019-09-07 00:00,2019-09-07 02:00,12.822,1.209,0,0,0.985
2019-09-07 01:00,2019-09-07 03:00,12.453,1.210,0,0,0.984
2019-09-07 02:00,2019-09-07 04:00,12.157,1.210,0,0,0.978
2019-09-07 03:00,2019-09-07 05:00,11.977,1.212,0,0,0.982
2019-09-07 04:00,2019-09-07 06:00,11.939,1.214,0.001,0.035,0.952
2019-09-07 05:00,2019-09-07 07:00,12.029,1.215,13.027,108.212,0.868
2019-09-07 06:00,2019-09-07 08:00,12.424,1.214,57.527,324.736,0.777
2019-09-07 07:00,2019-09-07 09:00,13.270,1.212,146.351,527.050,0.551
2019-09-07 08:00,2019-09-07 10:00,14.645,1.208,315.536,701.505,0.563
2019-09-07 09:00,2019-09-07 11:00,15.946,1.204,400.281,835.759,0.571
2019-09-07 10:00,2019-09-07 12:00,17.027,1.201,477.389,921.072,0.504
2019-09-07 11:00,2019-09-07 13:00,17.960,1.199,538.848,951.490,0.361
2019-09-07 12:00,2019-09-07 14:00,18.744,1.196,575.167,924.680,0.271
2019-09-07 13:00,2019-09-07 15:00,19.043,1.194,524.674,842.751,0.224
2019-09-07 14:00,2019-09-07 16:00,18.773,1.194,397.963,711.105,0.304
2019-09-07 15:00,2019-09-07 17:00,18.229,1.194,269.780,538.659,0.553
2019-09-07 16:00,2019-09-07 18:00,17.295,1.195,109.917,337.259,0.608
2019-09-07 17:00,2019-09-07 19:00,15.721,1.198,27.231,120.583,0.663
2019-09-07 18:00,2019-09-07 20:00,14.303,1.201,0.026,0.354,0.660
2019-09-07 19:00,2019-09-07 21:00,13.657,1.205,0,0,0.649
2019-09-07 20:00,2019-09-07 22:00,13.038,1.208,0,0,0.641
2019-09-07 21:00,2019-09-07 23:00,12.416,1.211,0,0,0.628
2019-09-07 22:00,2019-09-08 00:00,11.962,1.213,0,0,0.623
2019-09-07 23:00,2019-09-08 01:00,11.671,1.215,0,0,0.615
2019-09-08 00:00,2019-09-08 02:00,11.419,1.216,0,0,0.616
2019-09-08 01:00,2019-09-08 03:00,11.223,1.217,0,0,0.668
2019-09-08 02:00,2019-09-08 04:00,11.123,1.217,0,0,0.714
2019-09-08 03:00,2019-09-08 05:00,10.973,1.218,0,0,0.719
2019-09-08 04:00,2019-09-08 06:00,10.902,1.219,0,0.005,0.754
2019-09-08 05:00,2019-09-08 07:00,11.026,1.219,14.872,101.671,0.783
2019-09-08 06:00,2019-09-08 08:00,11.486,1.219,63.283,318.267,0.783
2019-09-08 07:00,2019-09-08 09:00,12.096,1.217,124.622,520.989,0.767
2019-09-08 08:00,2019-09-08 10:00,12.883,1.215,194.580,695.562,0.750
2019-09-08 09:00,2019-09-08 11:00,13.820,1.212,258.324,830.009,0.725
2019-09-08 10:00,2019-09-08 12:00,14.621,1.209,284.739,915.326,0.724
2019-09-08 11:00,2019-09-08 13:00,15.153,1.207,285.446,945.767,0.787
2019-09-08 12:00,2019-09-08 14:00,15.224,1.206,220.571,918.930,0.811
2019-09-08 13:00,2019-09-08 15:00,15.331,1.205,222.910,837.001,0.765
2019-09-08 14:00,2019-09-08 16:00,15.395,1.204,209.152,705.075,0.719
2019-09-08 15:00,2019-09-08 17:00,15.210,1.204,162.117,532.435,0.677
2019-09-08 16:00,2019-09-08 18:00,14.759,1.205,83.988,330.869,0.593
2019-09-08 17:00,2019-09-08 19:00,13.529,1.206,25.617,113.880,0.468
2019-09-08 18:00,2019-09-08 20:00,11.976,1.208,0.011,0.109,0.401
2019-09-08 19:00,2019-09-08 21:00,11.424,1.210,0,0,0.379
2019-09-08 20:00,2019-09-08 22:00,10.916,1.211,0,0,0.360
2019-09-08 21:00,2019-09-08 23:00,10.466,1.213,0,0,0.319
2019-09-08 22:00,2019-09-09 00:00,10.148,1.214,0,0,0.274
2019-09-08 23:00,2019-09-09 01:00,9.812,1.215,0,0,0.240
2019-09-09 00:00,2019-09-09 02:00,9.352,1.216,0,0,0.219
2019-09-09 01:00,2019-09-09 03:00,8.845,1.218,0,0,0.232
2019-09-09 02:00,2019-09-09 04:00,8.378,1.220,0,0,0.219
2019-09-09 03:00,2019-09-09 05:00,7.957,1.223,0,0,0.217
2019-09-09 04:00,2019-09-09 06:00,7.665,1.226,0,0,0.251
2019-09-09 05:00,2019-09-09 07:00,8.142,1.229,29.537,95.304,0.337
2019-09-09 06:00,2019-09-09 08:00,9.642,1.226,125.448,311.769,0.339
2019-09-09 07:00,2019-09-09 09:00,11.918,1.218,261.424,514.550,0.199
2019-09-09 08:00,2019-09-09 10:00,14.262,1.210,427.621,689.343,0.091
2019-09-09 09:00,2019-09-09 11:00,15.946,1.205,567.211,824.225,0.076
2019-09-09 10:00,2019-09-09 12:00,17.133,1.201,622.569,909.576,0.130
2019-09-09 11:00,2019-09-09 13:00,18.033,1.197,640.710,940.017,0.325
2019-09-09 12:00,2019-09-09 14:00,18.643,1.194,606.972,913.180,0.615
2019-09-09 13:00,2019-09-09 15:00,18.947,1.192,548.726,831.028,0.857
2019-09-09 14:00,2019-09-09 16:00,18.968,1.190,453.028,699.075,0.933
2019-09-09 15:00,2019-09-09 17:00,18.595,1.189,309.401,526.185,0.939
2019-09-09 16:00,2019-09-09 18:00,17.710,1.190,154.612,324.382,0.900
2019-09-09 17:00,2019-09-09 19:00,15.397,1.192,36.673,107.216,0.902
2019-09-09 18:00,2019-09-09 20:00,13.872,1.195,0.002,0.018,0.915
2019-09-09 19:00,2019-09-09 21:00,13.346,1.198,0,0,0.924
2019-09-09 20:00,2019-09-09 22:00,12.978,1.201,0,0,0.951
2019-09-09 21:00,2019-09-09 23:00,12.877,1.204,0,0,0.958
2019-09-09 22:00,2019-09-10 00:00,12.477,1.206,0,0,0.919
2019-09-09 23:00,2019-09-10 01:00,12.037,1.208,0,0,0.862
2019-09-10 00:00,2019-09-10 02:00,11.597,1.209,0,0,0.821
2019-09-10 01:00,2019-09-10 03:00,11.172,1.211,0,0,0.759
2019-09-10 02:00,2019-09-10 04:00,10.692,1.213,0,0,0.643
2019-09-10 03:00,2019-09-10 05:00,10.065,1.215,0,0,0.552
2019-09-10 04:00,2019-09-10 06:00,9.242,1.218,0,0,0.535
2019-09-10 05:00,2019-09-10 07:00,9.004,1.221,34.841,89.093,0.634
2019-09-10 06:00,2019-09-10 08:00,10.608,1.223,156.618,305.269,0.704
2019-09-10 07:00,2019-09-10 09:00,13.281,1.215,310.617,508.300,0.610
2019-09-10 08:00,2019-09-10 10:00,16.631,1.203,473.826,683.316,0.534
2019-09-10 09:00,2019-09-10 11:00,18.217,1.199,586.571,818.229,0.526
2019-09-10 10:00,2019-09-10 12:00,19.403,1.196,669.904,903.792,0.140
2019-09-10 11:00,2019-09-10 13:00,20.301,1.192,704.600,934.267,0.007
2019-09-10 12:00,2019-09-10 14:00,20.889,1.190,678.303,907.401,0
2019-09-10 13:00,2019-09-10 15:00,21.129,1.188,606.859,825.032,0.001
2019-09-10 14:00,2019-09-10 16:00,20.974,1.186,492.994,692.886,0.003
2019-09-10 15:00,2019-09-10 17:00,20.501,1.186,347.121,519.935,0.006
2019-09-10 16:00,2019-09-10 18:00,19.453,1.187,187.317,317.787,0.009
2019-09-10 17:00,2019-09-10 19:00,16.476,1.190,44.162,100.641,0.004
2019-09-10 18:00,2019-09-10 20:00,15.014,1.193,0,0,0.002
2019-09-10 19:00,2019-09-10 21:00,14.552,1.196,0,0,0.002
2019-09-10 20:00,2019-09-10 22:00,14.925,1.199,0,0,0.001
2019-09-10 21:00,2019-09-10 23:00,14.654,1.201,0,0,0.001
2019-09-10 22:00,2019-09-11 00:00,12.961,1.204,0,0,0
2019-09-10 23:00,2019-09-11 01:00,11.316,1.206,0,0,0
2019-09-11 00:00,2019-09-11 02:00,10.131,1.209,0,0,0
2019-09-11 01:00,2019-09-11 03:00,9.465,1.212,0,0,0
2019-09-11 02:00,2019-09-11 04:00,8.973,1.216,0,0,0
2019-09-11 03:00,2019-09-11 05:00,8.519,1.219,0,0,0.001
2019-09-11 04:00,2019-09-11 06:00,8.123,1.221,0,0,0.019
2019-09-11 05:00,2019-09-11 07:00,8.688,1.223,35.226,83.071,0.028
2019-09-11 06:00,2019-09-11 08:00,11.965,1.222,173.301,298.659,0.116
2019-09-11 07:00,2019-09-11 09:00,14.704,1.215,331.331,501.940,0.763
2019-09-11 08:00,2019-09-11 10:00,18.067,1.202,409.091,677.093,0.920
2019-09-11 09:00,2019-09-11 11:00,19.589,1.197,493.041,812.229,0.767
2019-09-11 10:00,2019-09-11 12:00,20.709,1.193,594.088,897.826,0.378
2019-09-11 11:00,2019-09-11 13:00,21.469,1.191,635.536,928.271,0.360
2019-09-11 12:00,2019-09-11 14:00,21.032,1.191,492.864,901.430,0.650
2019-09-11 13:00,2019-09-11 15:00,19.725,1.195,347.150,819.032,0.938
2019-09-11 14:00,2019-09-11 16:00,17.902,1.199,166.072,686.825,0.964
2019-09-11 15:00,2019-09-11 17:00,17.049,1.201,110.538,513.653,0.973
2019-09-11 16:00,2019-09-11 18:00,16.647,1.201,60.260,311.259,0.976
2019-09-11 17:00,2019-09-11 19:00,15.949,1.202,10.686,94.246,0.985
2019-09-11 18:00,2019-09-11 20:00,15.447,1.203,0,0,0.939
2019-09-11 19:00,2019-09-11 21:00,15.183,1.205,0,0,0.750
2019-09-11 20:00,2019-09-11 22:00,14.909,1.206,0,0,0.568
2019-09-11 21:00,2019-09-11 23:00,14.709,1.207,0,0,0.468
2019-09-11 22:00,2019-09-12 00:00,14.551,1.207,0,0,0.398
2019-09-11 23:00,2019-09-12 01:00,14.462,1.208,0,0,0.429
2019-09-12 00:00,2019-09-12 02:00,14.548,1.208,0,0,0.467
2019-09-12 01:00,2019-09-12 03:00,14.604,1.208,0,0,0.463
2019-09-12 02:00,2019-09-12 04:00,14.465,1.208,0,0,0.444
2019-09-12 03:00,2019-09-12 05:00,14.368,1.209,0,0,0.402
2019-09-12 04:00,2019-09-12 06:00,14.212,1.210,0,0,0.432
2019-09-12 05:00,2019-09-12 07:00,14.335,1.211,22.339,77.232,0.456
2019-09-12 06:00,2019-09-12 08:00,15.327,1.210,107.821,292.034,0.467
2019-09-12 07:00,2019-09-12 09:00,16.731,1.206,216.838,495.565,0.457
2019-09-12 08:00,2019-09-12 10:00,18.491,1.201,329.926,670.843,0.393
2019-09-12 09:00,2019-09-12 11:00,20.426,1.196,504.450,806.040,0.295
2019-09-12 10:00,2019-09-12 12:00,21.858,1.192,548.186,891.826,0.281
2019-09-12 11:00,2019-09-12 13:00,23.028,1.188,581.687,922.298,0.174
2019-09-12 12:00,2019-09-12 14:00,23.931,1.185,617.954,895.457,0.302
2019-09-12 13:00,2019-09-12 15:00,24.215,1.183,550.189,813.032,0.460
2019-09-12 14:00,2019-09-12 16:00,24.141,1.182,450.428,680.575,0.272
2019-09-12 15:00,2019-09-12 17:00,23.783,1.182,328.883,507.170,0.100
2019-09-12 16:00,2019-09-12 18:00,22.870,1.182,175.486,304.647,0.065
2019-09-12 17:00,2019-09-12 19:00,19.920,1.185,38.827,88.021,0.005
2019-09-12 18:00,2019-09-12 20:00,17.574,1.189,0,0,0.010
2019-09-12 19:00,2019-09-12 21:00,17.009,1.193,0,0,0.096
2019-09-12 20:00,2019-09-12 22:00,16.823,1.197,0,0,0.259
2019-09-12 21:00,2019-09-12 23:00,16.984,1.199,0,0,0.378
2019-09-12 22:00,2019-09-13 00:00,16.904,1.200,0,0,0.534
2019-09-12 23:00,2019-09-13 01:00,16.463,1.202,0,0,0.628
2019-09-13 00:00,2019-09-13 02:00,15.824,1.205,0,0,0.681
2019-09-13 01:00,2019-09-13 03:00,15.231,1.207,0,0,0.764
2019-09-13 02:00,2019-09-13 04:00,14.827,1.210,0,0,0.886
2019-09-13 03:00,2019-09-13 05:00,14.622,1.212,0,0,0.948
2019-09-13 04:00,2019-09-13 06:00,14.504,1.213,0,0,0.949
2019-09-13 05:00,2019-09-13 07:00,14.766,1.215,18.931,71.604,0.813
2019-09-13 06:00,2019-09-13 08:00,15.781,1.214,103.756,285.409,0.689
2019-09-13 07:00,2019-09-13 09:00,17.183,1.211,222.610,489.081,0.532
2019-09-13 08:00,2019-09-13 10:00,19.149,1.205,355.214,664.597,0.324
2019-09-13 09:00,2019-09-13 11:00,20.808,1.200,492.512,800.006,0.242
2019-09-13 10:00,2019-09-13 12:00,21.631,1.198,508.894,885.796,0.422
2019-09-13 11:00,2019-09-13 13:00,21.811,1.196,447.363,916.298,0.727
2019-09-13 12:00,2019-09-13 14:00,21.720,1.196,379.384,889.427,0.888
2019-09-13 13:00,2019-09-13 15:00,21.507,1.196,337.091,806.809,0.860
2019-09-13 14:00,2019-09-13 16:00,21.168,1.196,280.080,674.325,0.867
2019-09-13 15:00,2019-09-13 17:00,20.667,1.197,183.156,500.686,0.808
2019-09-13 16:00,2019-09-13 18:00,19.997,1.199,99.718,297.913,0.670
2019-09-13 17:00,2019-09-13 19:00,18.528,1.201,20.774,82.001,0.628
2019-09-13 18:00,2019-09-13 20:00,17.065,1.206,0,0,0.490
2019-09-13 19:00,2019-09-13 21:00,16.166,1.210,0,0,0.429
2019-09-13 20:00,2019-09-13 22:00,15.341,1.215,0,0,0.373
2019-09-13 21:00,2019-09-13 23:00,14.354,1.219,0,0,0.162
2019-09-13 22:00,2019-09-14 00:00,13.028,1.223,0,0,0.084
2019-09-13 23:00,2019-09-14 01:00,12.151,1.226,0,0,0.107
2019-09-14 00:00,2019-09-14 02:00,11.481,1.229,0,0,0.110
2019-09-14 01:00,2019-09-14 03:00,10.889,1.231,0,0,0.104
2019-09-14 02:00,2019-09-14 04:00,10.305,1.232,0,0,0.101
2019-09-14 03:00,2019-09-14 05:00,9.725,1.235,0,0,0.139
2019-09-14 04:00,2019-09-14 06:00,9.133,1.238,0,0,0.291
2019-09-14 05:00,2019-09-14 07:00,9.274,1.241,29.314,66.143,0.235
2019-09-14 06:00,2019-09-14 08:00,11.537,1.240,167.809,278.674,0.077
2019-09-14 07:00,2019-09-14 09:00,14.452,1.230,331.260,482.581,0.015
2019-09-14 08:00,2019-09-14 10:00,17.880,1.217,480.170,658.343,0.021
2019-09-14 09:00,2019-09-14 11:00,19.626,1.211,597.354,793.760,0.208
2019-09-14 10:00,2019-09-14 12:00,20.969,1.206,668.704,879.607,0.266
2019-09-14 11:00,2019-09-14 13:00,22.062,1.202,698.789,910.108,0.068
2019-09-14 12:00,2019-09-14 14:00,22.776,1.198,675.119,883.211,0.084
2019-09-14 13:00,2019-09-14 15:00,23.126,1.194,599.696,800.559,0.647
2019-09-14 14:00,2019-09-14 16:00,23.061,1.192,471.220,667.856,0.765
2019-09-14 15:00,2019-09-14 17:00,22.632,1.191,337.375,494.186,0.164
2019-09-14 16:00,2019-09-14 18:00,21.271,1.192,177.785,291.180,0.143
2019-09-14 17:00,2019-09-14 19:00,17.366,1.195,34.581,76.176,0.675
2019-09-14 18:00,2019-09-14 20:00,14.916,1.199,0,0,0.523
2019-09-14 19:00,2019-09-14 21:00,13.949,1.203,0,0,0.056
2019-09-14 20:00,2019-09-14 22:00,13.452,1.205,0,0,0
2019-09-14 21:00,2019-09-14 23:00,12.978,1.206,0,0,0.002
2019-09-14 22:00,2019-09-15 00:00,12.421,1.207,0,0,0.043
2019-09-14 23:00,2019-09-15 01:00,11.681,1.208,0,0,0.334
2019-09-15 00:00,2019-09-15 02:00,10.991,1.210,0,0,0.574
2019-09-15 01:00,2019-09-15 03:00,10.533,1.211,0,0,0.531
2019-09-15 02:00,2019-09-15 04:00,10.200,1.213,0,0,0.552
2019-09-15 03:00,2019-09-15 05:00,9.852,1.215,0,0,0.495
2019-09-15 04:00,2019-09-15 06:00,9.428,1.217,0,0,0.463
2019-09-15 05:00,2019-09-15 07:00,9.645,1.219,26.907,60.890,0.591
2019-09-15 06:00,2019-09-15 08:00,13.020,1.219,163.901,271.924,0.773
2019-09-15 07:00,2019-09-15 09:00,15.638,1.213,327.391,476.081,0.840
2019-09-15 08:00,2019-09-15 10:00,19.231,1.200,476.620,651.873,0.660
2019-09-15 09:00,2019-09-15 11:00,21.395,1.193,593.701,787.510,0.465
2019-09-15 10:00,2019-09-15 12:00,22.836,1.188,668.367,873.357,0.611
2019-09-15 11:00,2019-09-15 13:00,24.088,1.183,691.760,904.048,0.822
2019-09-15 12:00,2019-09-15 14:00,24.967,1.178,651.819,876.988,0.860
2019-09-15 13:00,2019-09-15 15:00,25.226,1.175,544.605,794.313,0.880
2019-09-15 14:00,2019-09-15 16:00,24.999,1.174,433.336,661.606,0.871
2019-09-15 15:00,2019-09-15 17:00,24.382,1.173,313.847,487.671,0.655
2019-09-15 16:00,2019-09-15 18:00,22.631,1.174,165.937,284.428,0.350
2019-09-15 17:00,2019-09-15 19:00,18.408,1.178,30.870,70.534,0.202
2019-09-15 18:00,2019-09-15 20:00,16.261,1.182,0,0,0.488
2019-09-15 19:00,2019-09-15 21:00,15.575,1.188,0,0,0.856
2019-09-15 20:00,2019-09-15 22:00,15.200,1.194,0,0,0.925
2019-09-15 21:00,2019-09-15 23:00,14.835,1.198,0,0,0.894
2019-09-15 22:00,2019-09-16 00:00,14.379,1.200,0,0,0.894
2019-09-15 23:00,2019-09-16 01:00,14.112,1.202,0,0,0.894
2019-09-16 00:00,2019-09-16 02:00,14.042,1.203,0,0,0.952
2019-09-16 01:00,2019-09-16 03:00,14.232,1.203,0,0,0.970
2019-09-16 02:00,2019-09-16 04:00,14.512,1.203,0,0,0.978
2019-09-16 03:00,2019-09-16 05:00,14.511,1.204,0,0,0.974
2019-09-16 04:00,2019-09-16 06:00,14.197,1.205,0,0,0.980
2019-09-16 05:00,2019-09-16 07:00,13.962,1.206,7.819,55.848,0.980
2019-09-16 06:00,2019-09-16 08:00,14.816,1.206,64.516,265.174,0.978
2019-09-16 07:00,2019-09-16 09:00,16.429,1.201,175.997,469.458,0.972
2019-09-16 08:00,2019-09-16 10:00,18.303,1.195,267.129,645.378,0.973
2019-09-16 09:00,2019-09-16 11:00,19.703,1.190,333.033,781.070,0.934
2019-09-16 10:00,2019-09-16 12:00,20.628,1.186,375.151,867.138,0.913
2019-09-16 11:00,2019-09-16 13:00,21.162,1.184,378.790,897.829,0.960
2019-09-16 12:00,2019-09-16 14:00,21.202,1.182,323.427,870.738,0.981
2019-09-16 13:00,2019-09-16 15:00,20.842,1.182,253.898,788.059,0.984
2019-09-16 14:00,2019-09-16 16:00,19.966,1.185,174.047,655.106,0.986
2019-09-16 15:00,2019-09-16 17:00,18.857,1.188,115.090,481.059,0.979
2019-09-16 16:00,2019-09-16 18:00,17.699,1.192,64.840,277.678,0.970
2019-09-16 17:00,2019-09-16 19:00,16.248,1.197,13.189,65.088,0.968
2019-09-16 18:00,2019-09-16 20:00,14.950,1.203,0,0,0.966
2019-09-16 19:00,2019-09-16 21:00,13.987,1.208,0,0,0.963
2019-09-16 20:00,2019-09-16 22:00,13.104,1.212,0,0,0.959
2019-09-16 21:00,2019-09-16 23:00,12.414,1.214,0,0,0.952
2019-09-16 22:00,2019-09-17 00:00,11.849,1.216,0,0,0.862
2019-09-16 23:00,2019-09-17 01:00,11.113,1.217,0,0,0.605
2019-09-17 00:00,2019-09-17 02:00,10.246,1.218,0,0,0.412
2019-09-17 01:00,2019-09-17 03:00,9.650,1.220,0,0,0.356
2019-09-17 02:00,2019-09-17 04:00,9.094,1.221,0,0,0.462
2019-09-17 03:00,2019-09-17 05:00,8.608,1.222,0,0,0.656
2019-09-17 04:00,2019-09-17 06:00,8.219,1.224,0,0,0.771
2019-09-17 05:00,2019-09-17 07:00,8.353,1.226,19.180,51.015,0.598
2019-09-17 06:00,2019-09-17 08:00,10.585,1.226,140.060,258.315,0.305
2019-09-17 07:00,2019-09-17 09:00,12.727,1.220,309.263,462.846,0.240
2019-09-17 08:00,2019-09-17 10:00,14.863,1.214,454.214,638.878,0.578
2019-09-17 09:00,2019-09-17 11:00,16.415,1.210,555.315,774.786,0.849
2019-09-17 10:00,2019-09-17 12:00,17.557,1.206,589.056,860.884,0.903
2019-09-17 11:00,2019-09-17 13:00,18.413,1.202,590.749,891.579,0.932
2019-09-17 12:00,2019-09-17 14:00,18.945,1.199,544.418,864.488,0.939
2019-09-17 13:00,2019-09-17 15:00,19.058,1.196,446.897,781.589,0.945
2019-09-17 14:00,2019-09-17 16:00,18.740,1.196,336.088,648.606,0.951
2019-09-17 15:00,2019-09-17 17:00,17.995,1.197,231.759,474.342,0.944
2019-09-17 16:00,2019-09-17 18:00,16.592,1.202,117.481,270.819,0.940
2019-09-17 17:00,2019-09-17 19:00,14.529,1.209,19.665,59.853,0.904
2019-09-17 18:00,2019-09-17 20:00,12.525,1.217,0,0,0.594
2019-09-17 19:00,2019-09-17 21:00,10.980,1.223,0,0,0.188
2019-09-17 20:00,2019-09-17 22:00,9.653,1.228,0,0,0.125
2019-09-17 21:00,2019-09-17 23:00,8.644,1.232,0,0,0.110
2019-09-17 22:00,2019-09-18 00:00,7.894,1.234,0,0,0.065
2019-09-17 23:00,2019-09-18 01:00,7.320,1.235,0,0,0.048
2019-09-18 00:00,2019-09-18 02:00,6.845,1.237,0,0,0.045
2019-09-18 01:00,2019-09-18 03:00,6.460,1.238,0,0,0.102
2019-09-18 02:00,2019-09-18 04:00,6.166,1.239,0,0,0.363
2019-09-18 03:00,2019-09-18 05:00,5.991,1.241,0,0,0.589
2019-09-18 04:00,2019-09-18 06:00,5.788,1.243,0,0,0.853
2019-09-18 05:00,2019-09-18 07:00,6.058,1.246,14.569,46.373,0.949
2019-09-18 06:00,2019-09-18 08:00,8.012,1.246,96.720,251.455,0.952
2019-09-18 07:00,2019-09-18 09:00,10.507,1.238,239.492,456.098,0.945
2019-09-18 08:00,2019-09-18 10:00,13.691,1.227,410.067,632.378,0.942
2019-09-18 09:00,2019-09-18 11:00,15.244,1.222,540.002,768.320,0.916
2019-09-18 10:00,2019-09-18 12:00,16.473,1.218,633.488,854.577,0.659
2019-09-18 11:00,2019-09-18 13:00,17.456,1.215,674.508,885.083,0.345
2019-09-18 12:00,2019-09-18 14:00,18.063,1.211,651.313,858.019,0.436
2019-09-18 13:00,2019-09-18 15:00,18.256,1.209,576.649,775.094,0.207
2019-09-18 14:00,2019-09-18 16:00,17.978,1.208,458.080,642.106,0.043
2019-09-18 15:00,2019-09-18 17:00,17.274,1.209,310.516,467.700,0.016
2019-09-18 16:00,2019-09-18 18:00,16.076,1.210,149.651,264.038,0.106
2019-09-18 17:00,2019-09-18 19:00,13.490,1.214,20.226,54.823,0.240
2019-09-18 18:00,2019-09-18 20:00,12.001,1.219,0,0,0.509
2019-09-18 19:00,2019-09-18 21:00,11.542,1.223,0,0,0.605
2019-09-18 20:00,2019-09-18 22:00,10.846,1.227,0,0,0.697
2019-09-18 21:00,2019-09-18 23:00,9.873,1.231,0,0,0.772
2019-09-18 22:00,2019-09-19 00:00,8.830,1.234,0,0,0.904
2019-09-18 23:00,2019-09-19 01:00,8.446,1.236,0,0,0.936
2019-09-19 00:00,2019-09-19 02:00,8.173,1.238,0,0,0.904
2019-09-19 01:00,2019-09-19 03:00,7.424,1.239,0,0,0.341
2019-09-19 02:00,2019-09-19 04:00,6.497,1.241,0,0,0.009
2019-09-19 03:00,2019-09-19 05:00,5.981,1.243,0,0,0.005
2019-09-19 04:00,2019-09-19 06:00,5.506,1.246,0,0,0.005
2019-09-19 05:00,2019-09-19 07:00,5.436,1.249,17.234,41.938,0.045
2019-09-19 06:00,2019-09-19 08:00,7.728,1.251,143.557,244.588,0.187
2019-09-19 07:00,2019-09-19 09:00,10.561,1.243,303.910,449.364,0.575
2019-09-19 08:00,2019-09-19 10:00,13.355,1.234,452.113,625.878,0.754
2019-09-19 09:00,2019-09-19 11:00,14.766,1.230,572.042,761.820,0.209
2019-09-19 10:00,2019-09-19 12:00,15.941,1.226,649.350,848.138,0.053
2019-09-19 11:00,2019-09-19 13:00,16.893,1.222,676.545,878.829,0.158
2019-09-19 12:00,2019-09-19 14:00,17.566,1.219,651.652,851.712,0.147
2019-09-19 13:00,2019-09-19 15:00,17.897,1.216,577.173,768.594,0.031
2019-09-19 14:00,2019-09-19 16:00,17.764,1.214,460.493,635.387,0.063
2019-09-19 15:00,2019-09-19 17:00,17.217,1.214,312.607,460.952,0.235
2019-09-19 16:00,2019-09-19 18:00,15.982,1.215,151.918,257.070,0.350
2019-09-19 17:00,2019-09-19 19:00,12.234,1.218,21.138,50.006,0.140
2019-09-19 18:00,2019-09-19 20:00,10.426,1.222,0,0,0.320
2019-09-19 19:00,2019-09-19 21:00,9.668,1.225,0,0,0.622
2019-09-19 20:00,2019-09-19 22:00,8.989,1.229,0,0,0.692
2019-09-19 21:00,2019-09-19 23:00,8.414,1.231,0,0,0.705
2019-09-19 22:00,2019-09-20 00:00,7.924,1.233,0,0,0.665
2019-09-19 23:00,2019-09-20 01:00,7.494,1.235,0,0,0.716
2019-09-20 00:00,2019-09-20 02:00,7.146,1.236,0,0,0.822
2019-09-20 01:00,2019-09-20 03:00,6.861,1.237,0,0,0.856
2019-09-20 02:00,2019-09-20 04:00,6.607,1.238,0,0,0.868
2019-09-20 03:00,2019-09-20 05:00,6.278,1.240,0,0,0.809
2019-09-20 04:00,2019-09-20 06:00,5.820,1.242,0,0,0.775
2019-09-20 05:00,2019-09-20 07:00,5.589,1.244,13.998,37.730,0.780
2019-09-20 06:00,2019-09-20 08:00,8.353,1.245,130.122,237.659,0.807
2019-09-20 07:00,2019-09-20 09:00,10.730,1.241,282.687,442.614,0.895
2019-09-20 08:00,2019-09-20 10:00,14.447,1.226,425.090,619.154,0.933
2019-09-20 09:00,2019-09-20 11:00,16.400,1.220,534.634,755.291,0.928
2019-09-20 10:00,2019-09-20 12:00,17.816,1.215,605.200,841.638,0.922
2019-09-20 11:00,2019-09-20 13:00,19.030,1.209,638.315,872.333,0.768
2019-09-20 12:00,2019-09-20 14:00,19.965,1.205,627.494,845.212,0.467
2019-09-20 13:00,2019-09-20 15:00,20.532,1.201,564.509,762.094,0.194
2019-09-20 14:00,2019-09-20 16:00,20.622,1.198,452.140,628.887,0.066
2019-09-20 15:00,2019-09-20 17:00,20.243,1.196,306.496,454.215,0.018
2019-09-20 16:00,2019-09-20 18:00,18.653,1.195,146.573,250.201,0.004
2019-09-20 17:00,2019-09-20 19:00,14.559,1.197,18.824,45.397,0
2019-09-20 18:00,2019-09-20 20:00,12.824,1.201,0,0,0
2019-09-20 19:00,2019-09-20 21:00,12.075,1.205,0,0,0
2019-09-20 20:00,2019-09-20 22:00,11.449,1.209,0,0,0
2019-09-20 21:00,2019-09-20 23:00,10.931,1.212,0,0,0
2019-09-20 22:00,2019-09-21 00:00,10.494,1.215,0,0,0
2019-09-20 23:00,2019-09-21 01:00,10.077,1.218,0,0,0
2019-09-21 00:00,2019-09-21 02:00,9.661,1.221,0,0,0
2019-09-21 01:00,2019-09-21 03:00,9.177,1.223,0,0,0
2019-09-21 02:00,2019-09-21 04:00,8.773,1.226,0,0,0
2019-09-21 03:00,2019-09-21 05:00,8.427,1.229,0,0,0
2019-09-21 04:00,2019-09-21 06:00,8.077,1.231,0,0,0
2019-09-21 05:00,2019-09-21 07:00,7.918,1.234,13.308,33.728,0
2019-09-21 06:00,2019-09-21 08:00,9.496,1.233,132.994,230.728,0
2019-09-21 07:00,2019-09-21 09:00,12.233,1.224,293.631,435.769,0
2019-09-21 08:00,2019-09-21 10:00,16.199,1.208,442.199,612.438,0
2019-09-21 09:00,2019-09-21 11:00,19.011,1.197,561.064,748.601,0
2019-09-21 10:00,2019-09-21 12:00,21.049,1.189,636.753,835.108,0
2019-09-21 11:00,2019-09-21 13:00,22.639,1.183,663.876,865.859,0
2019-09-21 12:00,2019-09-21 14:00,23.827,1.177,639.913,838.712,0
2019-09-21 13:00,2019-09-21 15:00,24.501,1.172,567.236,755.594,0
2019-09-21 14:00,2019-09-21 16:00,24.573,1.169,451.658,622.137,0
2019-09-21 15:00,2019-09-21 17:00,23.923,1.168,304.254,447.342,0
2019-09-21 16:00,2019-09-21 18:00,21.515,1.169,142.994,243.256,0
2019-09-21 17:00,2019-09-21 19:00,17.031,1.173,16.877,41.002,0
2019-09-21 18:00,2019-09-21 20:00,15.451,1.178,0,0,0
2019-09-21 19:00,2019-09-21 21:00,14.775,1.182,0,0,0
2019-09-21 20:00,2019-09-21 22:00,14.188,1.186,0,0,0
2019-09-21 21:00,2019-09-21 23:00,13.754,1.190,0,0,0
2019-09-21 22:00,2019-09-22 00:00,13.483,1.193,0,0,0
2019-09-21 23:00,2019-09-22 01:00,13.118,1.197,0,0,0
2019-09-22 00:00,2019-09-22 02:00,12.572,1.201,0,0,0
2019-09-22 01:00,2019-09-22 03:00,12.024,1.204,0,0,0
2019-09-22 02:00,2019-09-22 04:00,11.537,1.206,0,0,0
2019-09-22 03:00,2019-09-22 05:00,11.114,1.208,0,0,0.078
2019-09-22 04:00,2019-09-22 06:00,10.781,1.210,0,0,0.366
2019-09-22 05:00,2019-09-22 07:00,10.648,1.211,10.976,29.942,0.610
2019-09-22 06:00,2019-09-22 08:00,12.186,1.208,116.817,223.737,0.735
2019-09-22 07:00,2019-09-22 09:00,15.168,1.198,254.620,429.004,0.852
2019-09-22 08:00,2019-09-22 10:00,19.070,1.182,380.928,605.715,0.713
2019-09-22 09:00,2019-09-22 11:00,22.050,1.170,438.073,742.071,0.841
2019-09-22 10:00,2019-09-22 12:00,23.738,1.162,405.107,828.419,0.946
2019-09-22 11:00,2019-09-22 13:00,24.452,1.158,352.609,859.170,0.971
2019-09-22 12:00,2019-09-22 14:00,24.700,1.156,314.292,832.023,0.961
2019-09-22 13:00,2019-09-22 15:00,24.603,1.155,263.530,748.870,0.921
2019-09-22 14:00,2019-09-22 16:00,23.984,1.155,189.712,615.413,0.877
2019-09-22 15:00,2019-09-22 17:00,22.888,1.157,119.664,440.497,0.884
2019-09-22 16:00,2019-09-22 18:00,21.468,1.160,58.299,236.271,0.932
2019-09-22 17:00,2019-09-22 19:00,19.527,1.162,7.451,36.827,0.966
2019-09-22 18:00,2019-09-22 20:00,18.640,1.165,0,0,0.969
2019-09-22 19:00,2019-09-22 21:00,18.176,1.167,0,0,0.971
2019-09-22 20:00,2019-09-22 22:00,17.790,1.170,0,0,0.975
2019-09-22 21:00,2019-09-22 23:00,17.395,1.175,0,0,0.981
2019-09-22 22:00,2019-09-23 00:00,16.691,1.181,0,0,0.978
2019-09-22 23:00,2019-09-23 01:00,15.677,1.188,0,0,0.940
2019-09-23 00:00,2019-09-23 02:00,14.665,1.194,0,0,0.928
2019-09-23 01:00,2019-09-23 03:00,13.930,1.198,0,0,0.965
2019-09-23 02:00,2019-09-23 04:00,13.521,1.200,0,0,0.975
2019-09-23 03:00,2019-09-23 05:00,13.325,1.200,0,0,0.974
2019-09-23 04:00,2019-09-23 06:00,13.241,1.200,0,0,0.973
2019-09-23 05:00,2019-09-23 07:00,13.072,1.201,2.019,26.375,0.970
2019-09-23 06:00,2019-09-23 08:00,13.475,1.201,28.950,216.744,0.969
2019-09-23 07:00,2019-09-23 09:00,14.023,1.201,70.152,422.129,0.963
2019-09-23 08:00,2019-09-23 10:00,14.767,1.199,145.547,598.965,0.950
2019-09-23 09:00,2019-09-23 11:00,15.842,1.196,250.300,735.351,0.963
2019-09-23 10:00,2019-09-23 12:00,17.177,1.193,374.163,821.919,0.929
2019-09-23 11:00,2019-09-23 13:00,18.837,1.189,512.098,852.609,0.742
2019-09-23 12:00,2019-09-23 14:00,20.091,1.185,557.873,825.489,0.447
2019-09-23 13:00,2019-09-23 15:00,20.629,1.182,511.770,742.314,0.199
2019-09-23 14:00,2019-09-23 16:00,20.541,1.181,403.957,608.663,0.214
2019-09-23 15:00,2019-09-23 17:00,19.972,1.182,265.453,433.636,0.301
2019-09-23 16:00,2019-09-23 18:00,18.598,1.183,87.673,229.272,0.524
2019-09-23 17:00,2019-09-23 19:00,16.251,1.186,6.899,32.857,0.548
2019-09-23 18:00,2019-09-23 20:00,15.306,1.189,0,0,0.501
2019-09-23 19:00,2019-09-23 21:00,14.685,1.192,0,0,0.427
2019-09-23 20:00,2019-09-23 22:00,13.972,1.194,0,0,0.344
2019-09-23 21:00,2019-09-23 23:00,13.191,1.196,0,0,0.341
2019-09-23 22:00,2019-09-24 00:00,12.671,1.197,0,0,0.431
2019-09-23 23:00,2019-09-24 01:00,12.316,1.199,0,0,0.560
2019-09-24 00:00,2019-09-24 02:00,12.125,1.200,0,0,0.673
2019-09-24 01:00,2019-09-24 03:00,12.196,1.201,0,0,0.632
2019-09-24 02:00,2019-09-24 04:00,11.928,1.203,0,0,0.519
2019-09-24 03:00,2019-09-24 05:00,11.532,1.205,0,0,0.376
2019-09-24 04:00,2019-09-24 06:00,11.142,1.208,0,0,0.769
2019-09-24 05:00,2019-09-24 07:00,11.133,1.211,6.015,23.039,0.935
2019-09-24 06:00,2019-09-24 08:00,11.866,1.211,66.130,209.745,0.938
2019-09-24 07:00,2019-09-24 09:00,13.204,1.207,143.020,415.159,0.934
2019-09-24 08:00,2019-09-24 10:00,15.475,1.198,234.947,592.185,0.936
2019-09-24 09:00,2019-09-24 11:00,17.667,1.189,330.694,728.628,0.940
2019-09-24 10:00,2019-09-24 12:00,18.937,1.183,350.249,815.169,0.942
2019-09-24 11:00,2019-09-24 13:00,19.375,1.180,314.924,845.890,0.948
2019-09-24 12:00,2019-09-24 14:00,19.265,1.179,257.943,818.773,0.967
2019-09-24 13:00,2019-09-24 15:00,18.340,1.180,147.241,735.564,0.977
2019-09-24 14:00,2019-09-24 16:00,17.169,1.182,97.806,601.884,0.967
2019-09-24 15:00,2019-09-24 17:00,16.525,1.184,81.980,426.746,0.894
2019-09-24 16:00,2019-09-24 18:00,15.701,1.186,48.194,222.278,0.795
2019-09-24 17:00,2019-09-24 19:00,14.475,1.189,3.886,29.114,0.886
2019-09-24 18:00,2019-09-24 20:00,13.785,1.192,0,0,0.961
2019-09-24 19:00,2019-09-24 21:00,13.379,1.194,0,0,0.979
2019-09-24 20:00,2019-09-24 22:00,13.180,1.194,0,0,0.979
2019-09-24 21:00,2019-09-24 23:00,13.064,1.194,0,0,0.975
2019-09-24 22:00,2019-09-25 00:00,12.997,1.193,0,0,0.966
2019-09-24 23:00,2019-09-25 01:00,12.989,1.193,0,0,0.895
2019-09-25 00:00,2019-09-25 02:00,13.092,1.192,0,0,0.764
2019-09-25 01:00,2019-09-25 03:00,13.064,1.193,0,0,0.587
2019-09-25 02:00,2019-09-25 04:00,12.823,1.194,0,0,0.515
2019-09-25 03:00,2019-09-25 05:00,12.358,1.196,0,0,0.416
2019-09-25 04:00,2019-09-25 06:00,11.765,1.197,0,0,0.368
2019-09-25 05:00,2019-09-25 07:00,11.406,1.199,5.450,19.916,0.413
2019-09-25 06:00,2019-09-25 08:00,12.276,1.199,83.236,202.690,0.478
2019-09-25 07:00,2019-09-25 09:00,13.670,1.196,193.575,408.270,0.455
2019-09-25 08:00,2019-09-25 10:00,15.419,1.189,312.276,585.408,0.485
2019-09-25 09:00,2019-09-25 11:00,16.661,1.186,371.383,721.882,0.649
2019-09-25 10:00,2019-09-25 12:00,17.472,1.184,385.785,808.445,0.740
2019-09-25 11:00,2019-09-25 13:00,18.255,1.181,422.376,839.140,0.833
2019-09-25 12:00,2019-09-25 14:00,18.877,1.179,412.206,812.049,0.843
2019-09-25 13:00,2019-09-25 15:00,19.335,1.176,386.789,728.651,0.778
2019-09-25 14:00,2019-09-25 16:00,19.360,1.175,321.665,594.944,0.702
2019-09-25 15:00,2019-09-25 17:00,18.640,1.176,185.807,419.871,0.703
2019-09-25 16:00,2019-09-25 18:00,17.265,1.179,62.690,215.224,0.630
2019-09-25 17:00,2019-09-25 19:00,15.481,1.183,5.044,25.599,0.554
2019-09-25 18:00,2019-09-25 20:00,14.640,1.187,0,0,0.394
2019-09-25 19:00,2019-09-25 21:00,14.111,1.190,0,0,0.387
2019-09-25 20:00,2019-09-25 22:00,13.821,1.191,0,0,0.393
2019-09-25 21:00,2019-09-25 23:00,13.712,1.192,0,0,0.362
2019-09-25 22:00,2019-09-26 00:00,13.420,1.192,0,0,0.400
2019-09-25 23:00,2019-09-26 01:00,13.341,1.192,0,0,0.381
2019-09-26 00:00,2019-09-26 02:00,13.159,1.192,0,0,0.272
2019-09-26 01:00,2019-09-26 03:00,12.695,1.193,0,0,0.506
2019-09-26 02:00,2019-09-26 04:00,12.407,1.195,0,0,0.904
2019-09-26 03:00,2019-09-26 05:00,12.269,1.197,0,0,0.943
2019-09-26 04:00,2019-09-26 06:00,12.229,1.199,0,0,0.946
2019-09-26 05:00,2019-09-26 07:00,12.153,1.200,2.957,17.019,0.951
2019-09-26 06:00,2019-09-26 08:00,12.559,1.201,47.835,195.635,0.950
2019-09-26 07:00,2019-09-26 09:00,13.649,1.198,137.359,401.300,0.956
2019-09-26 08:00,2019-09-26 10:00,15.404,1.192,235.492,578.439,0.971
2019-09-26 09:00,2019-09-26 11:00,16.852,1.186,262.423,715.098,0.951
2019-09-26 10:00,2019-09-26 12:00,17.951,1.183,305.925,801.695,0.956
2019-09-26 11:00,2019-09-26 13:00,18.715,1.180,292.056,832.390,0.963
2019-09-26 12:00,2019-09-26 14:00,18.703,1.178,199.180,805.270,0.985
2019-09-26 13:00,2019-09-26 15:00,18.430,1.178,143.507,721.901,0.974
2019-09-26 14:00,2019-09-26 16:00,18.611,1.177,149.633,588.168,0.790
2019-09-26 15:00,2019-09-26 17:00,19.022,1.174,142.728,412.871,0.839
2019-09-26 16:00,2019-09-26 18:00,18.579,1.174,65.516,208.169,0.950
2019-09-26 17:00,2019-09-26 19:00,17.179,1.176,4.825,22.306,0.977
2019-09-26 18:00,2019-09-26 20:00,16.645,1.180,0,0,0.982
2019-09-26 19:00,2019-09-26 21:00,16.003,1.184,0,0,0.979
2019-09-26 20:00,2019-09-26 22:00,15.609,1.186,0,0,0.975
2019-09-26 21:00,2019-09-26 23:00,15.251,1.188,0,0,0.963
2019-09-26 22:00,2019-09-27 00:00,14.987,1.189,0,0,0.911
2019-09-26 23:00,2019-09-27 01:00,14.746,1.190,0,0,0.966
2019-09-27 00:00,2019-09-27 02:00,14.502,1.191,0,0,0.976
2019-09-27 01:00,2019-09-27 03:00,14.274,1.192,0,0,0.985
2019-09-27 02:00,2019-09-27 04:00,14.088,1.192,0,0,0.990
2019-09-27 03:00,2019-09-27 05:00,13.778,1.193,0,0,0.981
2019-09-27 04:00,2019-09-27 06:00,13.389,1.194,0,0,0.973
2019-09-27 05:00,2019-09-27 07:00,12.939,1.195,2.178,14.352,0.826
2019-09-27 06:00,2019-09-27 08:00,13.434,1.196,74.987,188.580,0.566
2019-09-27 07:00,2019-09-27 09:00,14.490,1.195,233.176,394.300,0.223
2019-09-27 08:00,2019-09-27 10:00,15.788,1.192,395.095,571.496,0.027
2019-09-27 09:00,2019-09-27 11:00,17.628,1.188,512.102,708.132,0.015
2019-09-27 10:00,2019-09-27 12:00,18.961,1.184,588.822,794.915,0.021
2019-09-27 11:00,2019-09-27 13:00,19.680,1.181,605.367,825.640,0.035
2019-09-27 12:00,2019-09-27 14:00,20.047,1.179,575.102,798.520,0.038
2019-09-27 13:00,2019-09-27 15:00,20.119,1.177,502.756,715.095,0.041
2019-09-27 14:00,2019-09-27 16:00,19.917,1.176,390.732,581.194,0.041
2019-09-27 15:00,2019-09-27 17:00,19.380,1.176,250.882,405.886,0.065
2019-09-27 16:00,2019-09-27 18:00,18.124,1.178,98.815,201.107,0.133
2019-09-27 17:00,2019-09-27 19:00,15.716,1.182,5.632,19.229,0.199
2019-09-27 18:00,2019-09-27 20:00,14.955,1.186,0,0,0.175
2019-09-27 19:00,2019-09-27 21:00,14.552,1.191,0,0,0.181
2019-09-27 20:00,2019-09-27 22:00,14.097,1.194,0,0,0.185
2019-09-27 21:00,2019-09-27 23:00,13.761,1.196,0,0,0.116
2019-09-27 22:00,2019-09-28 00:00,13.370,1.197,0,0,0.089
2019-09-27 23:00,2019-09-28 01:00,13.166,1.198,0,0,0.112
2019-09-28 00:00,2019-09-28 02:00,12.956,1.199,0,0,0.123
2019-09-28 01:00,2019-09-28 03:00,12.666,1.200,0,0,0.126
2019-09-28 02:00,2019-09-28 04:00,12.540,1.201,0,0,0.208
2019-09-28 03:00,2019-09-28 05:00,12.487,1.201,0,0,0.329
2019-09-28 04:00,2019-09-28 06:00,12.534,1.201,0,0,0.300
2019-09-28 05:00,2019-09-28 07:00,12.418,1.202,2.579,11.910,0.360
2019-09-28 06:00,2019-09-28 08:00,12.958,1.202,62.457,181.470,0.426
2019-09-28 07:00,2019-09-28 09:00,13.997,1.200,156.842,387.300,0.416
2019-09-28 08:00,2019-09-28 10:00,15.153,1.197,295.146,564.689,0.138
2019-09-28 09:00,2019-09-28 11:00,16.567,1.194,469.913,701.352,0.077
2019-09-28 10:00,2019-09-28 12:00,17.656,1.191,530.127,787.949,0.230
2019-09-28 11:00,2019-09-28 13:00,18.330,1.188,558.980,818.890,0.752
2019-09-28 12:00,2019-09-28 14:00,18.467,1.187,478.805,791.554,0.909
2019-09-28 13:00,2019-09-28 15:00,18.027,1.187,313.401,708.151,0.916
2019-09-28 14:00,2019-09-28 16:00,17.541,1.187,209.696,574.198,0.932
2019-09-28 15:00,2019-09-28 17:00,16.978,1.188,131.416,398.886,0.707
2019-09-28 16:00,2019-09-28 18:00,16.141,1.190,68.730,193.997,0.509
2019-09-28 17:00,2019-09-28 19:00,14.854,1.193,4.181,16.382,0.524
2019-09-28 18:00,2019-09-28 20:00,14.143,1.196,0,0,0.833
2019-09-28 19:00,2019-09-28 21:00,13.554,1.199,0,0,0.923
2019-09-28 20:00,2019-09-28 22:00,12.887,1.202,0,0,0.949
2019-09-28 21:00,2019-09-28 23:00,12.544,1.203,0,0,0.948
2019-09-28 22:00,2019-09-29 00:00,12.597,1.203,0,0,0.962
2019-09-28 23:00,2019-09-29 01:00,12.634,1.203,0,0,0.980
2019-09-29 00:00,2019-09-29 02:00,12.586,1.202,0,0,0.981
2019-09-29 01:00,2019-09-29 03:00,12.407,1.202,0,0,0.979
2019-09-29 02:00,2019-09-29 04:00,12.077,1.203,0,0,0.952
2019-09-29 03:00,2019-09-29 05:00,11.653,1.203,0,0,0.954
2019-09-29 04:00,2019-09-29 06:00,11.423,1.203,0,0,0.959
2019-09-29 05:00,2019-09-29 07:00,11.739,1.201,1.703,9.694,0.962
2019-09-29 06:00,2019-09-29 08:00,12.449,1.197,36.396,174.353,0.959
2019-09-29 07:00,2019-09-29 09:00,13.307,1.194,80.107,380.300,0.965
2019-09-29 08:00,2019-09-29 10:00,14.646,1.189,163.326,557.689,0.882
2019-09-29 09:00,2019-09-29 11:00,16.568,1.182,358.204,694.382,0.653
2019-09-29 10:00,2019-09-29 12:00,17.436,1.178,308.947,781.170,0.731
2019-09-29 11:00,2019-09-29 13:00,17.511,1.176,265.877,811.921,0.625
2019-09-29 12:00,2019-09-29 14:00,17.766,1.174,295.751,784.580,0.453
2019-09-29 13:00,2019-09-29 15:00,18.384,1.171,367.028,701.155,0.281
2019-09-29 14:00,2019-09-29 16:00,18.780,1.168,324.387,567.198,0.347
2019-09-29 15:00,2019-09-29 17:00,18.307,1.167,173.944,391.777,0.427
2019-09-29 16:00,2019-09-29 18:00,17.496,1.166,62.690,186.927,0.380
2019-09-29 17:00,2019-09-29 19:00,16.867,1.166,2.608,13.772,0.451
2019-09-29 18:00,2019-09-29 20:00,16.710,1.166,0,0,0.486
2019-09-29 19:00,2019-09-29 21:00,16.536,1.166,0,0,0.329
2019-09-29 20:00,2019-09-29 22:00,15.845,1.170,0,0,0.266
2019-09-29 21:00,2019-09-29 23:00,14.841,1.175,0,0,0.516
2019-09-29 22:00,2019-09-30 00:00,14.368,1.179,0,0,0.672
2019-09-29 23:00,2019-09-30 01:00,14.424,1.179,0,0,0.590
2019-09-30 00:00,2019-09-30 02:00,14.286,1.181,0,0,0.477
2019-09-30 01:00,2019-09-30 03:00,13.276,1.188,0,0,0.808
2019-09-30 02:00,2019-09-30 04:00,12.409,1.194,0,0,0.957
2019-09-30 03:00,2019-09-30 05:00,12.055,1.197,0,0,0.947
2019-09-30 04:00,2019-09-30 06:00,11.850,1.199,0,0,0.952
2019-09-30 05:00,2019-09-30 07:00,11.635,1.202,1.390,7.706,0.832
2019-09-30 06:00,2019-09-30 08:00,11.719,1.204,48.059,167.236,0.594
2019-09-30 07:00,2019-09-30 09:00,12.407,1.204,142.610,373.206,0.502
2019-09-30 08:00,2019-09-30 10:00,13.539,1.201,282.833,550.716,0.247
2019-09-30 09:00,2019-09-30 11:00,14.991,1.198,452.502,687.413,0.141
2019-09-30 10:00,2019-09-30 12:00,16.095,1.196,534.701,774.199,0.421
2019-09-30 11:00,2019-09-30 13:00,16.916,1.194,569.093,804.921,0.575
2019-09-30 12:00,2019-09-30 14:00,17.570,1.192,548.846,777.774,0.506
2019-09-30 13:00,2019-09-30 15:00,17.901,1.189,481.650,694.182,0.651
2019-09-30 14:00,2019-09-30 16:00,17.884,1.188,374.086,560.225,0.769
2019-09-30 15:00,2019-09-30 17:00,17.409,1.188,231.624,384.777,0.806
2019-09-30 16:00,2019-09-30 18:00,16.044,1.189,76.775,179.810,0.848
2019-09-30 17:00,2019-09-30 19:00,13.598,1.191,2.623,11.381,0.725
2019-09-30 18:00,2019-09-30 20:00,13.130,1.193,0,0,0.442
2019-09-30 19:00,2019-09-30 21:00,12.799,1.195,0,0,0.448
2019-09-30 20:00,2019-09-30 22:00,12.753,1.197,0,0,0.795
2019-09-30 21:00,2019-09-30 23:00,12.759,1.198,0,0,0.961
2019-09-30 22:00,2019-10-01 00:00,12.650,1.198,0,0,0.977
2019-09-30 23:00,2019-10-01 01:00,12.873,1.197,0,0,0.958
2019-10-01 00:00,2019-10-01 02:00,12.666,1.197,0,0,0.882
2019-10-01 01:00,2019-10-01 03:00,12.419,1.197,0,0,0.756
2019-10-01 02:00,2019-10-01 04:00,12.242,1.197,0,0,0.871
2019-10-01 03:00,2019-10-01 05:00,12.221,1.196,0,0,0.931
2019-10-01 04:00,2019-10-01 06:00,12.111,1.195,0,0,0.925
2019-10-01 05:00,2019-10-01 07:00,12.287,1.193,1.140,5.952,0.652
2019-10-01 06:00,2019-10-01 08:00,13.052,1.190,48.148,160.118,0.657
2019-10-01 07:00,2019-10-01 09:00,14.336,1.186,107.366,366.191,0.932
2019-10-01 08:00,2019-10-01 10:00,15.382,1.181,116.595,543.716,0.988
2019-10-01 09:00,2019-10-01 11:00,15.832,1.179,103.419,680.413,0.989
2019-10-01 10:00,2019-10-01 12:00,16.672,1.177,225.252,767.230,0.906
2019-10-01 11:00,2019-10-01 13:00,18.437,1.171,455.285,797.925,0.887
2019-10-01 12:00,2019-10-01 14:00,19.463,1.166,393.707,770.800,0.941
2019-10-01 13:00,2019-10-01 15:00,19.390,1.164,245.681,687.182,0.937
2019-10-01 14:00,2019-10-01 16:00,18.710,1.165,138.015,553.225,0.972
2019-10-01 15:00,2019-10-01 17:00,17.678,1.167,59.999,377.667,0.985
2019-10-01 16:00,2019-10-01 18:00,16.616,1.169,22.625,172.686,0.974
2019-10-01 17:00,2019-10-01 19:00,15.367,1.172,1.424,9.214,0.856
2019-10-01 18:00,2019-10-01 20:00,14.554,1.176,0,0,0.796
2019-10-01 19:00,2019-10-01 21:00,14.056,1.179,0,0,0.758
2019-10-01 20:00,2019-10-01 22:00,13.689,1.181,0,0,0.774
2019-10-01 21:00,2019-10-01 23:00,13.463,1.183,0,0,0.621
2019-10-01 22:00,2019-10-02 00:00,13.548,1.184,0,0,0.602
2019-10-01 23:00,2019-10-02 01:00,13.505,1.185,0,0,0.687
2019-10-02 00:00,2019-10-02 02:00,13.378,1.186,0,0,0.714
2019-10-02 01:00,2019-10-02 03:00,13.003,1.188,0,0,0.685
2019-10-02 02:00,2019-10-02 04:00,12.137,1.193,0,0,0.733
2019-10-02 03:00,2019-10-02 05:00,10.445,1.203,0,0,0.864
2019-10-02 04:00,2019-10-02 06:00,8.737,1.214,0,0,0.889
2019-10-02 05:00,2019-10-02 07:00,7.840,1.220,0.200,4.425,0.681
2019-10-02 06:00,2019-10-02 08:00,7.747,1.222,44.733,152.995,0.362
2019-10-02 07:00,2019-10-02 09:00,8.745,1.220,214.894,359.066,0.040
2019-10-02 08:00,2019-10-02 10:00,10.461,1.216,373.816,536.526,0.046
2019-10-02 09:00,2019-10-02 11:00,12.066,1.213,473.480,673.413,0.081
2019-10-02 10:00,2019-10-02 12:00,13.117,1.211,526.445,760.230,0.127
2019-10-02 11:00,2019-10-02 13:00,13.657,1.209,526.728,790.952,0.158
2019-10-02 12:00,2019-10-02 14:00,13.800,1.208,486.143,763.800,0.213
2019-10-02 13:00,2019-10-02 15:00,13.528,1.208,391.857,680.182,0.330
2019-10-02 14:00,2019-10-02 16:00,12.932,1.209,244.222,546.225,0.355
2019-10-02 15:00,2019-10-02 17:00,12.278,1.210,165.242,370.639,0.301
2019-10-02 16:00,2019-10-02 18:00,11.262,1.213,65.093,165.567,0.260
2019-10-02 17:00,2019-10-02 19:00,9.656,1.218,1.701,7.288,0.263
2019-10-02 18:00,2019-10-02 20:00,8.672,1.224,0,0,0.182
2019-10-02 19:00,2019-10-02 21:00,7.967,1.228,0,0,0.147
2019-10-02 20:00,2019-10-02 22:00,7.637,1.231,0,0,0.187
2019-10-02 21:00,2019-10-02 23:00,7.662,1.233,0,0,0.341
2019-10-02 22:00,2019-10-03 00:00,7.841,1.232,0,0,0.454
2019-10-02 23:00,2019-10-03 01:00,7.965,1.232,0,0,0.550
2019-10-03 00:00,2019-10-03 02:00,7.914,1.232,0,0,0.468
2019-10-03 01:00,2019-10-03 03:00,7.689,1.233,0,0,0.449
2019-10-03 02:00,2019-10-03 04:00,7.480,1.234,0,0,0.449
2019-10-03 03:00,2019-10-03 05:00,7.276,1.235,0,0,0.515
2019-10-03 04:00,2019-10-03 06:00,7.160,1.236,0,0,0.610
2019-10-03 05:00,2019-10-03 07:00,7.116,1.237,0.323,3.124,0.646
2019-10-03 06:00,2019-10-03 08:00,7.442,1.237,33.922,145.876,0.584
2019-10-03 07:00,2019-10-03 09:00,8.685,1.233,134.505,351.971,0.429
2019-10-03 08:00,2019-10-03 10:00,10.456,1.226,250.959,529.497,0.320
2019-10-03 09:00,2019-10-03 11:00,11.941,1.221,386.843,666.383,0.120
2019-10-03 10:00,2019-10-03 12:00,13.084,1.217,504.525,753.200,0.155
2019-10-03 11:00,2019-10-03 13:00,13.648,1.214,464.855,783.952,0.402
2019-10-03 12:00,2019-10-03 14:00,13.440,1.212,271.302,756.800,0.770
2019-10-03 13:00,2019-10-03 15:00,12.957,1.212,150.159,673.182,0.764
2019-10-03 14:00,2019-10-03 16:00,12.726,1.212,135.439,539.006,0.798
2019-10-03 15:00,2019-10-03 17:00,12.400,1.213,99.978,363.542,0.825
2019-10-03 16:00,2019-10-03 18:00,11.551,1.214,35.200,158.403,0.865
2019-10-03 17:00,2019-10-03 19:00,10.275,1.216,0.656,5.589,0.922
2019-10-03 18:00,2019-10-03 20:00,9.867,1.218,0,0,0.956
2019-10-03 19:00,2019-10-03 21:00,9.506,1.219,0,0,0.974
2019-10-03 20:00,2019-10-03 22:00,9.158,1.220,0,0,0.952
2019-10-03 21:00,2019-10-03 23:00,8.666,1.220,0,0,0.664
2019-10-03 22:00,2019-10-04 00:00,7.912,1.220,0,0,0.460
2019-10-03 23:00,2019-10-04 01:00,7.446,1.220,0,0,0.414
2019-10-04 00:00,2019-10-04 02:00,7.170,1.220,0,0,0.686
2019-10-04 01:00,2019-10-04 03:00,7.431,1.221,0,0,0.937
2019-10-04 02:00,2019-10-04 04:00,7.538,1.222,0,0,0.952
2019-10-04 03:00,2019-10-04 05:00,7.086,1.224,0,0,0.952
2019-10-04 04:00,2019-10-04 06:00,6.949,1.225,0,0,0.959
2019-10-04 05:00,2019-10-04 07:00,6.957,1.225,0.205,2.061,0.978
2019-10-04 06:00,2019-10-04 08:00,7.083,1.224,14.832,138.745,0.990
2019-10-04 07:00,2019-10-04 09:00,7.303,1.223,36.663,344.848,0.995
2019-10-04 08:00,2019-10-04 10:00,7.689,1.221,49.139,522.470,0.997
2019-10-04 09:00,2019-10-04 11:00,8.081,1.218,60.850,659.194,0.996
2019-10-04 10:00,2019-10-04 12:00,9.136,1.212,74.706,746.011,0.990
2019-10-04 11:00,2019-10-04 13:00,10.924,1.204,124.535,776.952,0.942
2019-10-04 12:00,2019-10-04 14:00,12.925,1.195,217.135,749.611,0.743
2019-10-04 13:00,2019-10-04 15:00,14.344,1.189,280.120,666.152,0.506
2019-10-04 14:00,2019-10-04 16:00,14.719,1.187,235.808,531.979,0.549
2019-10-04 15:00,2019-10-04 17:00,14.065,1.188,128.139,356.432,0.623
2019-10-04 16:00,2019-10-04 18:00,12.786,1.193,33.893,151.279,0.642
2019-10-04 17:00,2019-10-04 19:00,11.739,1.197,0.445,4.111,0.577
2019-10-04 18:00,2019-10-04 20:00,11.264,1.200,0,0,0.470
2019-10-04 19:00,2019-10-04 21:00,11.005,1.201,0,0,0.613
2019-10-04 20:00,2019-10-04 22:00,10.939,1.203,0,0,0.728
2019-10-04 21:00,2019-10-04 23:00,10.967,1.203,0,0,0.808
2019-10-04 22:00,2019-10-05 00:00,10.926,1.204,0,0,0.760
2019-10-04 23:00,2019-10-05 01:00,10.541,1.207,0,0,0.714
2019-10-05 00:00,2019-10-05 02:00,9.738,1.212,0,0,0.648
2019-10-05 01:00,2019-10-05 03:00,8.589,1.219,0,0,0.738
2019-10-05 02:00,2019-10-05 04:00,7.724,1.224,0,0,0.795
2019-10-05 03:00,2019-10-05 05:00,7.343,1.228,0,0,0.762
2019-10-05 04:00,2019-10-05 06:00,7.149,1.229,0,0,0.735
2019-10-05 05:00,2019-10-05 07:00,7.099,1.230,0.125,1.226,0.796
2019-10-05 06:00,2019-10-05 08:00,7.388,1.231,29.625,131.626,0.733
2019-10-05 07:00,2019-10-05 09:00,8.006,1.230,111.563,337.736,0.524
2019-10-05 08:00,2019-10-05 10:00,9.098,1.228,268.564,515.281,0.468
2019-10-05 09:00,2019-10-05 11:00,10.613,1.225,426.981,652.194,0.717
2019-10-05 10:00,2019-10-05 12:00,12.150,1.221,510.024,739.007,0.367
2019-10-05 11:00,2019-10-05 13:00,13.347,1.217,551.971,769.736,0.095
2019-10-05 12:00,2019-10-05 14:00,14.129,1.214,547.211,742.581,0.471
2019-10-05 13:00,2019-10-05 15:00,14.425,1.211,475.236,658.963,0.571
2019-10-05 14:00,2019-10-05 16:00,14.240,1.211,351.053,524.949,0.303
2019-10-05 15:00,2019-10-05 17:00,13.572,1.211,199.461,349.307,0.415
2019-10-05 16:00,2019-10-05 18:00,11.824,1.213,58.542,144.160,0.681
2019-10-05 17:00,2019-10-05 19:00,9.730,1.216,0.560,2.866,0.665
2019-10-05 18:00,2019-10-05 20:00,8.747,1.220,0,0,0.577
2019-10-05 19:00,2019-10-05 21:00,8.154,1.223,0,0,0.876
2019-10-05 20:00,2019-10-05 22:00,7.618,1.227,0,0,0.554
2019-10-05 21:00,2019-10-05 23:00,7.141,1.230,0,0,0.327
2019-10-05 22:00,2019-10-06 00:00,7.073,1.233,0,0,0.322
2019-10-05 23:00,2019-10-06 01:00,6.761,1.236,0,0,0.335
2019-10-06 00:00,2019-10-06 02:00,6.364,1.238,0,0,0.384
2019-10-06 01:00,2019-10-06 03:00,5.975,1.240,0,0,0.396
2019-10-06 02:00,2019-10-06 04:00,5.604,1.241,0,0,0.750
2019-10-06 03:00,2019-10-06 05:00,5.510,1.242,0,0,0.865
2019-10-06 04:00,2019-10-06 06:00,5.508,1.242,0,0,0.878
2019-10-06 05:00,2019-10-06 07:00,5.655,1.241,0.087,0.619,0.981
2019-10-06 06:00,2019-10-06 08:00,6.037,1.239,23.269,124.482,0.984
2019-10-06 07:00,2019-10-06 09:00,6.759,1.236,53.601,330.611,0.982
2019-10-06 08:00,2019-10-06 10:00,7.576,1.232,75.956,508.156,0.987
2019-10-06 09:00,2019-10-06 11:00,8.152,1.229,96.899,644.970,0.981
2019-10-06 10:00,2019-10-06 12:00,8.573,1.227,128.924,731.950,0.931
2019-10-06 11:00,2019-10-06 13:00,8.899,1.225,149.282,762.702,0.864
2019-10-06 12:00,2019-10-06 14:00,9.238,1.222,176.095,735.365,0.774
2019-10-06 13:00,2019-10-06 15:00,9.633,1.219,171.517,651.906,0.737
2019-10-06 14:00,2019-10-06 16:00,9.790,1.216,128.563,517.756,0.795
2019-10-06 15:00,2019-10-06 17:00,9.566,1.215,56.384,342.182,0.890
2019-10-06 16:00,2019-10-06 18:00,9.167,1.216,11.584,137.036,0.976
2019-10-06 17:00,2019-10-06 19:00,8.697,1.217,0.078,1.861,0.985
2019-10-06 18:00,2019-10-06 20:00,8.493,1.219,0,0,0.930
2019-10-06 19:00,2019-10-06 21:00,8.236,1.221,0,0,0.839
2019-10-06 20:00,2019-10-06 22:00,7.849,1.224,0,0,0.817
2019-10-06 21:00,2019-10-06 23:00,7.775,1.226,0,0,0.833
2019-10-06 22:00,2019-10-07 00:00,7.791,1.227,0,0,0.845
2019-10-06 23:00,2019-10-07 01:00,7.720,1.229,0,0,0.831
2019-10-07 00:00,2019-10-07 02:00,7.500,1.230,0,0,0.757
2019-10-07 01:00,2019-10-07 03:00,7.270,1.231,0,0,0.684
2019-10-07 02:00,2019-10-07 04:00,7.026,1.233,0,0,0.623
2019-10-07 03:00,2019-10-07 05:00,6.719,1.234,0,0,0.614
2019-10-07 04:00,2019-10-07 06:00,6.524,1.236,0,0,0.578
2019-10-07 05:00,2019-10-07 07:00,6.273,1.237,0.029,0.238,0.566
2019-10-07 06:00,2019-10-07 08:00,6.620,1.238,29.647,117.341,0.628
2019-10-07 07:00,2019-10-07 09:00,7.680,1.236,111.281,323.489,0.745
2019-10-07 08:00,2019-10-07 10:00,9.225,1.231,222.753,501.029,0.872
2019-10-07 09:00,2019-10-07 11:00,10.677,1.227,325.751,637.944,0.923
2019-10-07 10:00,2019-10-07 12:00,11.862,1.223,381.327,724.761,0.952
2019-10-07 11:00,2019-10-07 13:00,12.619,1.219,351.118,755.513,0.950
2019-10-07 12:00,2019-10-07 14:00,12.990,1.216,291.880,728.331,0.948
2019-10-07 13:00,2019-10-07 15:00,13.062,1.214,228.104,644.713,0.953
2019-10-07 14:00,2019-10-07 16:00,12.859,1.213,145.412,510.620,0.959
2019-10-07 15:00,2019-10-07 17:00,12.407,1.212,73.564,335.073,0.972
2019-10-07 16:00,2019-10-07 18:00,11.276,1.212,22.403,129.915,0.965
2019-10-07 17:00,2019-10-07 19:00,9.897,1.213,0.183,1.078,0.925
2019-10-07 18:00,2019-10-07 20:00,9.331,1.214,0,0,0.938
2019-10-07 19:00,2019-10-07 21:00,9.279,1.216,0,0,0.949
2019-10-07 20:00,2019-10-07 22:00,9.365,1.217,0,0,0.956
2019-10-07 21:00,2019-10-07 23:00,9.286,1.218,0,0,0.924
2019-10-07 22:00,2019-10-08 00:00,9.506,1.217,0,0,0.686
2019-10-07 23:00,2019-10-08 01:00,9.907,1.216,0,0,0.717
2019-10-08 00:00,2019-10-08 02:00,10.251,1.214,0,0,0.772
2019-10-08 01:00,2019-10-08 03:00,10.443,1.213,0,0,0.867
2019-10-08 02:00,2019-10-08 04:00,10.530,1.211,0,0,0.889
2019-10-08 03:00,2019-10-08 05:00,10.421,1.211,0,0,0.869
2019-10-08 04:00,2019-10-08 06:00,10.184,1.211,0,0,0.855
2019-10-08 05:00,2019-10-08 07:00,9.979,1.212,0.001,0.059,0.816
2019-10-08 06:00,2019-10-08 08:00,9.957,1.212,16.097,110.267,0.817
2019-10-08 07:00,2019-10-08 09:00,10.471,1.211,62.081,316.377,0.848
2019-10-08 08:00,2019-10-08 10:00,11.303,1.208,101.258,493.906,0.886
2019-10-08 09:00,2019-10-08 11:00,12.107,1.205,124.858,630.724,0.899
2019-10-08 10:00,2019-10-08 12:00,12.934,1.201,161.872,717.511,0.885
2019-10-08 11:00,2019-10-08 13:00,13.757,1.197,201.858,748.456,0.782
2019-10-08 12:00,2019-10-08 14:00,14.483,1.194,234.533,721.142,0.802
2019-10-08 13:00,2019-10-08 15:00,14.612,1.193,175.955,637.683,0.677
2019-10-08 14:00,2019-10-08 16:00,14.793,1.191,182.063,503.508,0.619
2019-10-08 15:00,2019-10-08 17:00,14.564,1.190,125.178,327.933,0.493
2019-10-08 16:00,2019-10-08 18:00,13.328,1.191,40.429,122.798,0.462
2019-10-08 17:00,2019-10-08 19:00,12.017,1.194,0.075,0.516,0.418
2019-10-08 18:00,2019-10-08 20:00,11.762,1.196,0,0,0.304
2019-10-08 19:00,2019-10-08 21:00,11.299,1.199,0,0,0.175
2019-10-08 20:00,2019-10-08 22:00,10.794,1.202,0,0,0.096
2019-10-08 21:00,2019-10-08 23:00,10.522,1.204,0,0,0.066
2019-10-08 22:00,2019-10-09 00:00,10.270,1.206,0,0,0.087
2019-10-08 23:00,2019-10-09 01:00,10.103,1.207,0,0,0.151
2019-10-09 00:00,2019-10-09 02:00,9.991,1.208,0,0,0.250
2019-10-09 01:00,2019-10-09 03:00,9.835,1.210,0,0,0.218
2019-10-09 02:00,2019-10-09 04:00,9.590,1.211,0,0,0.173
2019-10-09 03:00,2019-10-09 05:00,9.435,1.211,0,0,0.157
2019-10-09 04:00,2019-10-09 06:00,9.291,1.211,0,0,0.553
2019-10-09 05:00,2019-10-09 07:00,9.262,1.211,0.001,0.009,0.942
2019-10-09 06:00,2019-10-09 08:00,9.692,1.211,28.459,103.282,0.941
2019-10-09 07:00,2019-10-09 09:00,10.633,1.209,97.742,309.237,0.945
2019-10-09 08:00,2019-10-09 10:00,11.538,1.206,147.741,486.781,0.980
2019-10-09 09:00,2019-10-09 11:00,12.446,1.203,225.885,623.664,0.887
2019-10-09 10:00,2019-10-09 12:00,13.213,1.199,286.863,710.481,0.760
2019-10-09 11:00,2019-10-09 13:00,13.743,1.197,312.867,741.233,0.628
2019-10-09 12:00,2019-10-09 14:00,13.786,1.196,274.142,713.892,0.743
2019-10-09 13:00,2019-10-09 15:00,13.174,1.197,162.701,630.463,0.780
2019-10-09 14:00,2019-10-09 16:00,12.530,1.199,124.009,496.368,0.749
2019-10-09 15:00,2019-10-09 17:00,11.841,1.201,75.046,320.808,0.796
2019-10-09 16:00,2019-10-09 18:00,11.080,1.204,16.490,115.688,0.815
2019-10-09 17:00,2019-10-09 19:00,10.691,1.205,0.007,0.183,0.906
2019-10-09 18:00,2019-10-09 20:00,10.543,1.207,0,0,0.986
2019-10-09 19:00,2019-10-09 21:00,10.355,1.208,0,0,0.994
2019-10-09 20:00,2019-10-09 22:00,10.165,1.209,0,0,0.984
2019-10-09 21:00,2019-10-09 23:00,9.970,1.210,0,0,0.899
2019-10-09 22:00,2019-10-10 00:00,9.800,1.211,0,0,0.829
2019-10-09 23:00,2019-10-10 01:00,9.627,1.211,0,0,0.822
2019-10-10 00:00,2019-10-10 02:00,9.504,1.212,0,0,0.860
2019-10-10 01:00,2019-10-10 03:00,9.521,1.212,0,0,0.885
2019-10-10 02:00,2019-10-10 04:00,9.364,1.213,0,0,0.879
2019-10-10 03:00,2019-10-10 05:00,9.089,1.215,0,0,0.843
2019-10-10 04:00,2019-10-10 06:00,9.025,1.216,0,0,0.786
2019-10-10 05:00,2019-10-10 07:00,9.106,1.216,0,0,0.676
2019-10-10 06:00,2019-10-10 08:00,9.242,1.217,23.454,96.498,0.521
2019-10-10 07:00,2019-10-10 09:00,9.951,1.217,117.528,302.114,0.396
2019-10-10 08:00,2019-10-10 10:00,10.932,1.215,251.296,479.641,0.159
2019-10-10 09:00,2019-10-10 11:00,12.290,1.213,418.230,616.474,0.035
2019-10-10 10:00,2019-10-10 12:00,13.638,1.209,503.822,703.261,0.028
2019-10-10 11:00,2019-10-10 13:00,14.615,1.206,532.316,733.983,0.032
2019-10-10 12:00,2019-10-10 14:00,15.198,1.203,505.428,706.835,0.042
2019-10-10 13:00,2019-10-10 15:00,15.353,1.202,426.724,623.243,0.056
2019-10-10 14:00,2019-10-10 16:00,15.100,1.201,314.249,489.150,0.098
2019-10-10 15:00,2019-10-10 17:00,14.394,1.202,159.063,313.604,0.331
2019-10-10 16:00,2019-10-10 18:00,12.923,1.204,36.676,108.649,0.341
2019-10-10 17:00,2019-10-10 19:00,11.650,1.208,0.004,0.040,0.528
2019-10-10 18:00,2019-10-10 20:00,11.560,1.211,0,0,0.548
2019-10-10 19:00,2019-10-10 21:00,11.099,1.214,0,0,0.217
2019-10-10 20:00,2019-10-10 22:00,10.332,1.216,0,0,0.087
2019-10-10 21:00,2019-10-10 23:00,9.691,1.218,0,0,0.128
2019-10-10 22:00,2019-10-11 00:00,9.236,1.221,0,0,0.610
2019-10-10 23:00,2019-10-11 01:00,9.340,1.221,0,0,0.957
2019-10-11 00:00,2019-10-11 02:00,9.531,1.221,0,0,0.973
2019-10-11 01:00,2019-10-11 03:00,9.580,1.221,0,0,0.934
2019-10-11 02:00,2019-10-11 04:00,9.637,1.220,0,0,0.890
2019-10-11 03:00,2019-10-11 05:00,9.589,1.221,0,0,0.947
2019-10-11 04:00,2019-10-11 06:00,9.648,1.221,0,0,0.984
2019-10-11 05:00,2019-10-11 07:00,9.666,1.221,0,0,0.987
2019-10-11 06:00,2019-10-11 08:00,9.786,1.221,10.507,89.952,0.984
2019-10-11 07:00,2019-10-11 09:00,10.420,1.218,49.417,295.002,0.983
2019-10-11 08:00,2019-10-11 10:00,11.528,1.215,110.874,472.435,0.984
2019-10-11 09:00,2019-10-11 11:00,12.938,1.209,167.253,609.224,0.986
2019-10-11 10:00,2019-10-11 12:00,14.663,1.202,282.362,696.042,0.975
2019-10-11 11:00,2019-10-11 13:00,16.066,1.196,325.010,726.793,0.967
2019-10-11 12:00,2019-10-11 14:00,16.848,1.192,331.913,699.612,0.975
2019-10-11 13:00,2019-10-11 15:00,16.970,1.190,276.347,615.993,0.964
2019-10-11 14:00,2019-10-11 16:00,16.737,1.189,206.267,482.025,0.966
2019-10-11 15:00,2019-10-11 17:00,16.215,1.190,108.862,306.479,0.969
2019-10-11 16:00,2019-10-11 18:00,15.405,1.191,27.382,101.719,0.962
2019-10-11 17:00,2019-10-11 19:00,14.622,1.193,0,0.001,0.954
2019-10-11 18:00,2019-10-11 20:00,14.104,1.194,0,0,0.953
2019-10-11 19:00,2019-10-11 21:00,13.643,1.196,0,0,0.955
2019-10-11 20:00,2019-10-11 22:00,13.131,1.198,0,0,0.947
2019-10-11 21:00,2019-10-11 23:00,12.549,1.200,0,0,0.923
2019-10-11 22:00,2019-10-12 00:00,12.081,1.201,0,0,0.823
2019-10-11 23:00,2019-10-12 01:00,11.753,1.202,0,0,0.463
2019-10-12 00:00,2019-10-12 02:00,11.381,1.203,0,0,0.174
2019-10-12 01:00,2019-10-12 03:00,10.968,1.205,0,0,0.055
2019-10-12 02:00,2019-10-12 04:00,10.507,1.207,0,0,0.013
2019-10-12 03:00,2019-10-12 05:00,10.316,1.208,0,0,0
2019-10-12 04:00,2019-10-12 06:00,10.096,1.209,0,0,0
2019-10-12 05:00,2019-10-12 07:00,9.848,1.210,0,0,0
2019-10-12 06:00,2019-10-12 08:00,10.094,1.211,38.099,83.629,0.010
2019-10-12 07:00,2019-10-12 09:00,11.860,1.208,171.238,287.877,0.028
2019-10-12 08:00,2019-10-12 10:00,14.438,1.200,304.263,465.310,0.049
2019-10-12 09:00,2019-10-12 11:00,16.583,1.192,408.400,602.005,0.062
2019-10-12 10:00,2019-10-12 12:00,18.114,1.186,481.726,688.792,0.175
2019-10-12 11:00,2019-10-12 13:00,19.169,1.182,486.671,719.733,0.572
2019-10-12 12:00,2019-10-12 14:00,19.676,1.179,412.790,692.396,0.855
2019-10-12 13:00,2019-10-12 15:00,19.832,1.176,310.224,608.937,0.933
2019-10-12 14:00,2019-10-12 16:00,19.596,1.174,198.407,474.899,0.953
2019-10-12 15:00,2019-10-12 17:00,18.591,1.175,78.989,299.354,0.968
2019-10-12 16:00,2019-10-12 18:00,17.004,1.178,12.965,95.000,0.977
2019-10-12 17:00,2019-10-12 19:00,16.116,1.181,0,0,0.979
2019-10-12 18:00,2019-10-12 20:00,15.812,1.183,0,0,0.975
2019-10-12 19:00,2019-10-12 21:00,15.541,1.186,0,0,0.961
2019-10-12 20:00,2019-10-12 22:00,15.282,1.187,0,0,0.933
2019-10-12 21:00,2019-10-12 23:00,14.944,1.188,0,0,0.946
2019-10-12 22:00,2019-10-13 00:00,14.769,1.189,0,0,0.958
2019-10-12 23:00,2019-10-13 01:00,14.618,1.189,0,0,0.952
2019-10-13 00:00,2019-10-13 02:00,14.088,1.190,0,0,0.819
2019-10-13 01:00,2019-10-13 03:00,13.622,1.190,0,0,0.561
2019-10-13 02:00,2019-10-13 04:00,13.533,1.190,0,0,0.389
2019-10-13 03:00,2019-10-13 05:00,13.629,1.191,0,0,0.237
2019-10-13 04:00,2019-10-13 06:00,13.810,1.192,0,0,0.194
2019-10-13 05:00,2019-10-13 07:00,13.804,1.193,0,0,0.177
2019-10-13 06:00,2019-10-13 08:00,14.162,1.193,27.800,77.555,0.481
2019-10-13 07:00,2019-10-13 09:00,14.921,1.192,81.574,280.768,0.611
2019-10-13 08:00,2019-10-13 10:00,16.267,1.187,196.080,458.185,0.395
2019-10-13 09:00,2019-10-13 11:00,18.540,1.179,339.030,594.945,0.361
2019-10-13 10:00,2019-10-13 12:00,20.769,1.170,381.657,681.542,0.424
2019-10-13 11:00,2019-10-13 13:00,22.170,1.164,406.134,712.483,0.391
2019-10-13 12:00,2019-10-13 14:00,22.850,1.161,403.783,685.146,0.425
2019-10-13 13:00,2019-10-13 15:00,22.967,1.159,335.734,601.743,0.367
2019-10-13 14:00,2019-10-13 16:00,22.744,1.159,279.463,467.679,0.250
2019-10-13 15:00,2019-10-13 17:00,21.966,1.159,160.922,292.339,0.403
2019-10-13 16:00,2019-10-13 18:00,20.424,1.162,31.524,88.534,0.796
2019-10-13 17:00,2019-10-13 19:00,19.378,1.166,0,0,0.935
2019-10-13 18:00,2019-10-13 20:00,18.771,1.170,0,0,0.904
2019-10-13 19:00,2019-10-13 21:00,18.188,1.173,0,0,0.689
2019-10-13 20:00,2019-10-13 22:00,17.213,1.177,0,0,0.284
2019-10-13 21:00,2019-10-13 23:00,15.879,1.181,0,0,0.376
2019-10-13 22:00,2019-10-14 00:00,14.694,1.185,0,0,0.642
2019-10-13 23:00,2019-10-14 01:00,13.889,1.187,0,0,0.835
2019-10-14 00:00,2019-10-14 02:00,13.341,1.190,0,0,0.897
2019-10-14 01:00,2019-10-14 03:00,12.997,1.192,0,0,0.907
2019-10-14 02:00,2019-10-14 04:00,12.924,1.194,0,0,0.900
2019-10-14 03:00,2019-10-14 05:00,12.823,1.195,0,0,0.882
2019-10-14 04:00,2019-10-14 06:00,13.275,1.197,0,0,0.948
2019-10-14 05:00,2019-10-14 07:00,13.243,1.198,0,0,0.966
2019-10-14 06:00,2019-10-14 08:00,12.741,1.198,20.792,71.724,0.971
2019-10-14 07:00,2019-10-14 09:00,14.633,1.197,108.197,273.658,0.957
2019-10-14 08:00,2019-10-14 10:00,16.108,1.192,235.234,451.045,0.945
2019-10-14 09:00,2019-10-14 11:00,18.325,1.183,358.324,587.724,0.943
2019-10-14 10:00,2019-10-14 12:00,20.365,1.175,439.020,674.323,0.942
2019-10-14 11:00,2019-10-14 13:00,21.651,1.169,468.955,705.237,0.943
2019-10-14 12:00,2019-10-14 14:00,22.327,1.165,449.162,677.923,0.946
2019-10-14 13:00,2019-10-14 15:00,22.529,1.163,371.647,594.498,0.943
2019-10-14 14:00,2019-10-14 16:00,22.241,1.162,273.536,460.554,0.939
2019-10-14 15:00,2019-10-14 17:00,21.139,1.162,147.899,285.231,0.939
2019-10-14 16:00,2019-10-14 18:00,18.693,1.164,30.733,82.291,0.940
2019-10-14 17:00,2019-10-14 19:00,17.168,1.168,0,0,0.947
2019-10-14 18:00,2019-10-14 20:00,17.371,1.171,0,0,0.950
2019-10-14 19:00,2019-10-14 21:00,17.136,1.174,0,0,0.948
2019-10-14 20:00,2019-10-14 22:00,16.594,1.177,0,0,0.949
2019-10-14 21:00,2019-10-14 23:00,15.906,1.178,0,0,0.939
2019-10-14 22:00,2019-10-15 00:00,15.420,1.178,0,0,0.903
2019-10-14 23:00,2019-10-15 01:00,15.249,1.180,0,0,0.854
2019-10-15 00:00,2019-10-15 02:00,15.104,1.181,0,0,0.867
2019-10-15 01:00,2019-10-15 03:00,15.075,1.180,0,0,0.911
2019-10-15 02:00,2019-10-15 04:00,15.244,1.178,0,0,0.934
2019-10-15 03:00,2019-10-15 05:00,14.951,1.178,0,0,0.944
2019-10-15 04:00,2019-10-15 06:00,14.307,1.180,0,0,0.955
2019-10-15 05:00,2019-10-15 07:00,13.797,1.181,0,0,0.961
2019-10-15 06:00,2019-10-15 08:00,13.931,1.183,12.897,66.120,0.954
2019-10-15 07:00,2019-10-15 09:00,15.344,1.184,61.324,266.548,0.925
2019-10-15 08:00,2019-10-15 10:00,16.448,1.182,133.107,443.825,0.777
2019-10-15 09:00,2019-10-15 11:00,18.055,1.176,225.838,580.505,0.648
2019-10-15 10:00,2019-10-15 12:00,19.423,1.172,299.527,667.073,0.690
2019-10-15 11:00,2019-10-15 13:00,19.543,1.170,259.634,698.014,0.897
2019-10-15 12:00,2019-10-15 14:00,18.864,1.171,147.338,670.677,0.976
2019-10-15 13:00,2019-10-15 15:00,18.121,1.173,96.703,587.274,0.986
2019-10-15 14:00,2019-10-15 16:00,17.195,1.176,51.530,453.429,0.981
2019-10-15 15:00,2019-10-15 17:00,16.303,1.179,24.116,278.119,0.983
2019-10-15 16:00,2019-10-15 18:00,15.259,1.183,4.157,76.295,0.985
2019-10-15 17:00,2019-10-15 19:00,13.892,1.191,0,0,0.986
2019-10-15 18:00,2019-10-15 20:00,12.745,1.198,0,0,0.984
2019-10-15 19:00,2019-10-15 21:00,11.959,1.202,0,0,0.983
2019-10-15 20:00,2019-10-15 22:00,11.621,1.204,0,0,0.977
2019-10-15 21:00,2019-10-15 23:00,11.669,1.203,0,0,0.925
2019-10-15 22:00,2019-10-16 00:00,11.661,1.203,0,0,0.902
2019-10-15 23:00,2019-10-16 01:00,11.381,1.204,0,0,0.911
2019-10-16 00:00,2019-10-16 02:00,10.958,1.206,0,0,0.878
2019-10-16 01:00,2019-10-16 03:00,10.494,1.209,0,0,0.852
2019-10-16 02:00,2019-10-16 04:00,9.975,1.212,0,0,0.513
2019-10-16 03:00,2019-10-16 05:00,9.259,1.214,0,0,0.201
2019-10-16 04:00,2019-10-16 06:00,8.886,1.216,0,0,0.108
2019-10-16 05:00,2019-10-16 07:00,8.595,1.217,0,0,0.105
2019-10-16 06:00,2019-10-16 08:00,8.524,1.219,23.311,60.776,0.116
2019-10-16 07:00,2019-10-16 09:00,9.523,1.218,138.956,259.533,0.089
2019-10-16 08:00,2019-10-16 10:00,11.339,1.212,275.729,436.702,0.077
2019-10-16 09:00,2019-10-16 11:00,13.292,1.205,379.402,573.255,0.084
2019-10-16 10:00,2019-10-16 12:00,14.693,1.200,437.563,660.012,0.403
2019-10-16 11:00,2019-10-16 13:00,14.991,1.197,313.027,690.764,0.857
2019-10-16 12:00,2019-10-16 14:00,14.415,1.197,174.225,663.427,0.787
2019-10-16 13:00,2019-10-16 15:00,14.016,1.197,127.019,580.214,0.749
2019-10-16 14:00,2019-10-16 16:00,14.075,1.196,104.267,446.306,0.713
2019-10-16 15:00,2019-10-16 17:00,14.109,1.193,59.642,271.119,0.751
2019-10-16 16:00,2019-10-16 18:00,13.719,1.193,11.930,70.544,0.927
2019-10-16 17:00,2019-10-16 19:00,13.184,1.195,0,0,0.973
2019-10-16 18:00,2019-10-16 20:00,12.732,1.197,0,0,0.971
2019-10-16 19:00,2019-10-16 21:00,12.409,1.199,0,0,0.970
2019-10-16 20:00,2019-10-16 22:00,12.256,1.200,0,0,0.973
2019-10-16 21:00,2019-10-16 23:00,12.129,1.201,0,0,0.958
2019-10-16 22:00,2019-10-17 00:00,11.928,1.201,0,0,0.952
2019-10-16 23:00,2019-10-17 01:00,11.773,1.202,0,0,0.974
2019-10-17 00:00,2019-10-17 02:00,11.781,1.202,0,0,0.954
2019-10-17 01:00,2019-10-17 03:00,11.765,1.202,0,0,0.560
2019-10-17 02:00,2019-10-17 04:00,11.614,1.203,0,0,0.520
2019-10-17 03:00,2019-10-17 05:00,11.610,1.203,0,0,0.609
2019-10-17 04:00,2019-10-17 06:00,11.607,1.203,0,0,0.623
2019-10-17 05:00,2019-10-17 07:00,11.868,1.202,0,0,0.552
2019-10-17 06:00,2019-10-17 08:00,11.921,1.203,12.320,55.666,0.419
2019-10-17 07:00,2019-10-17 09:00,12.582,1.203,101.677,252.486,0.306
2019-10-17 08:00,2019-10-17 10:00,13.972,1.200,236.708,429.591,0.176
2019-10-17 09:00,2019-10-17 11:00,15.426,1.196,370.137,566.226,0.136
2019-10-17 10:00,2019-10-17 12:00,16.549,1.193,449.559,652.823,0.474
2019-10-17 11:00,2019-10-17 13:00,17.237,1.190,426.257,683.514,0.898
2019-10-17 12:00,2019-10-17 14:00,17.097,1.188,267.273,656.393,0.965
2019-10-17 13:00,2019-10-17 15:00,16.323,1.189,152.470,572.998,0.981
2019-10-17 14:00,2019-10-17 16:00,15.353,1.191,62.213,439.195,0.991
2019-10-17 15:00,2019-10-17 17:00,14.682,1.192,27.177,264.009,0.990
2019-10-17 16:00,2019-10-17 18:00,14.049,1.194,5.624,65.043,0.988
2019-10-17 17:00,2019-10-17 19:00,13.271,1.197,0,0,0.980
2019-10-17 18:00,2019-10-17 20:00,12.711,1.199,0,0,0.803
2019-10-17 19:00,2019-10-17 21:00,12.113,1.201,0,0,0.360
2019-10-17 20:00,2019-10-17 22:00,11.539,1.202,0,0,0.090
2019-10-17 21:00,2019-10-17 23:00,11.328,1.202,0,0,0.078
2019-10-17 22:00,2019-10-18 00:00,11.360,1.202,0,0,0.150
2019-10-17 23:00,2019-10-18 01:00,11.745,1.201,0,0,0.211
2019-10-18 00:00,2019-10-18 02:00,11.532,1.200,0,0,0.275
2019-10-18 01:00,2019-10-18 03:00,11.193,1.201,0,0,0.793
2019-10-18 02:00,2019-10-18 04:00,11.350,1.201,0,0,0.952
2019-10-18 03:00,2019-10-18 05:00,11.696,1.200,0,0,0.986
2019-10-18 04:00,2019-10-18 06:00,11.848,1.200,0,0,0.989
2019-10-18 05:00,2019-10-18 07:00,11.960,1.198,0,0,0.988
2019-10-18 06:00,2019-10-18 08:00,12.088,1.198,6.959,50.778,0.962
2019-10-18 07:00,2019-10-18 09:00,12.726,1.196,63.656,245.486,0.760
2019-10-18 08:00,2019-10-18 10:00,13.677,1.192,132.720,422.562,0.810
2019-10-18 09:00,2019-10-18 11:00,14.137,1.191,180.849,559.005,0.534
2019-10-18 10:00,2019-10-18 12:00,15.013,1.189,381.124,645.573,0.155
2019-10-18 11:00,2019-10-18 13:00,15.625,1.189,431.908,676.268,0.135
2019-10-18 12:00,2019-10-18 14:00,15.519,1.190,407.246,649.143,0.130
2019-10-18 13:00,2019-10-18 15:00,15.193,1.192,355.695,565.774,0.138
2019-10-18 14:00,2019-10-18 16:00,14.643,1.194,256.107,432.072,0.150
2019-10-18 15:00,2019-10-18 17:00,13.814,1.196,136.024,257.011,0.127
2019-10-18 16:00,2019-10-18 18:00,11.989,1.199,24.686,59.767,0.061
2019-10-18 17:00,2019-10-18 19:00,10.350,1.203,0,0,0.411
2019-10-18 18:00,2019-10-18 20:00,9.937,1.207,0,0,0.920
2019-10-18 19:00,2019-10-18 21:00,9.706,1.209,0,0,0.939
2019-10-18 20:00,2019-10-18 22:00,9.576,1.211,0,0,0.964
2019-10-18 21:00,2019-10-18 23:00,9.375,1.213,0,0,0.990
2019-10-18 22:00,2019-10-19 00:00,9.329,1.212,0,0,0.993
2019-10-18 23:00,2019-10-19 01:00,9.272,1.212,0,0,0.991
2019-10-19 00:00,2019-10-19 02:00,9.313,1.213,0,0,0.989
2019-10-19 01:00,2019-10-19 03:00,9.429,1.213,0,0,0.986
2019-10-19 02:00,2019-10-19 04:00,9.567,1.211,0,0,0.989
2019-10-19 03:00,2019-10-19 05:00,9.914,1.209,0,0,0.989
2019-10-19 04:00,2019-10-19 06:00,9.948,1.208,0,0,0.989
2019-10-19 05:00,2019-10-19 07:00,10.014,1.207,0,0,0.989
2019-10-19 06:00,2019-10-19 08:00,10.136,1.206,6.771,46.152,0.970
2019-10-19 07:00,2019-10-19 09:00,10.816,1.204,66.253,238.494,0.865
2019-10-19 08:00,2019-10-19 10:00,11.939,1.201,146.284,415.451,0.916
2019-10-19 09:00,2019-10-19 11:00,13.211,1.196,232.149,551.786,0.915
2019-10-19 10:00,2019-10-19 12:00,14.292,1.192,288.296,638.323,0.987
2019-10-19 11:00,2019-10-19 13:00,14.813,1.190,237.847,669.044,0.991
2019-10-19 12:00,2019-10-19 14:00,14.936,1.188,192.378,641.897,0.993
2019-10-19 13:00,2019-10-19 15:00,14.678,1.189,142.812,558.718,0.899
2019-10-19 14:00,2019-10-19 16:00,14.376,1.190,129.840,424.960,0.698
2019-10-19 15:00,2019-10-19 17:00,13.822,1.191,81.972,250.025,0.673
2019-10-19 16:00,2019-10-19 18:00,12.247,1.192,12.213,54.723,0.791
2019-10-19 17:00,2019-10-19 19:00,11.550,1.194,0,0,0.814
2019-10-19 18:00,2019-10-19 20:00,11.262,1.196,0,0,0.823
2019-10-19 19:00,2019-10-19 21:00,10.622,1.197,0,0,0.952
2019-10-19 20:00,2019-10-19 22:00,9.976,1.199,0,0,0.960
2019-10-19 21:00,2019-10-19 23:00,9.491,1.202,0,0,0.964
2019-10-19 22:00,2019-10-20 00:00,9.355,1.204,0,0,0.963
2019-10-19 23:00,2019-10-20 01:00,9.216,1.206,0,0,0.896
2019-10-20 00:00,2019-10-20 02:00,8.956,1.207,0,0,0.765
2019-10-20 01:00,2019-10-20 03:00,8.886,1.209,0,0,0.705
2019-10-20 02:00,2019-10-20 04:00,8.916,1.210,0,0,0.504
2019-10-20 03:00,2019-10-20 05:00,8.933,1.210,0,0,0.442
2019-10-20 04:00,2019-10-20 06:00,9.108,1.211,0,0,0.485
2019-10-20 05:00,2019-10-20 07:00,9.228,1.211,0,0,0.530
2019-10-20 06:00,2019-10-20 08:00,9.141,1.211,10.076,41.760,0.514
2019-10-20 07:00,2019-10-20 09:00,10.471,1.210,84.041,231.501,0.551
2019-10-20 08:00,2019-10-20 10:00,11.765,1.207,154.122,408.356,0.625
2019-10-20 09:00,2019-10-20 11:00,12.876,1.202,175.443,544.726,0.643
2019-10-20 10:00,2019-10-20 12:00,13.702,1.198,207.360,631.104,0.785
2019-10-20 11:00,2019-10-20 13:00,14.106,1.195,168.580,661.824,0.960
2019-10-20 12:00,2019-10-20 14:00,14.122,1.194,106.803,634.703,0.989
2019-10-20 13:00,2019-10-20 15:00,14.114,1.193,82.069,551.529,0.989
2019-10-20 14:00,2019-10-20 16:00,13.893,1.193,39.731,417.960,0.986
2019-10-20 15:00,2019-10-20 17:00,13.660,1.192,17.211,243.081,0.985
2019-10-20 16:00,2019-10-20 18:00,13.440,1.191,3.674,49.940,0.978
2019-10-20 17:00,2019-10-20 19:00,13.138,1.191,0,0,0.973
2019-10-20 18:00,2019-10-20 20:00,12.897,1.192,0,0,0.976
2019-10-20 19:00,2019-10-20 21:00,12.614,1.194,0,0,0.958
2019-10-20 20:00,2019-10-20 22:00,12.334,1.195,0,0,0.948
2019-10-20 21:00,2019-10-20 23:00,12.109,1.195,0,0,0.973
2019-10-20 22:00,2019-10-21 00:00,12.169,1.195,0,0,0.974
2019-10-20 23:00,2019-10-21 01:00,12.251,1.195,0,0,0.959
2019-10-21 00:00,2019-10-21 02:00,12.546,1.195,0,0,0.962
2019-10-21 01:00,2019-10-21 03:00,12.713,1.196,0,0,0.956
2019-10-21 02:00,2019-10-21 04:00,12.844,1.196,0,0,0.885
2019-10-21 03:00,2019-10-21 05:00,12.991,1.197,0,0,0.631
2019-10-21 04:00,2019-10-21 06:00,13.437,1.196,0,0,0.673
2019-10-21 05:00,2019-10-21 07:00,12.811,1.197,0,0,0.198
2019-10-21 06:00,2019-10-21 08:00,11.861,1.201,13.312,37.599,0.058
2019-10-21 07:00,2019-10-21 09:00,12.873,1.204,120.935,224.571,0.027
2019-10-21 08:00,2019-10-21 10:00,14.077,1.203,259.661,401.356,0.006
2019-10-21 09:00,2019-10-21 11:00,15.293,1.200,375.744,537.536,0.066
2019-10-21 10:00,2019-10-21 12:00,16.344,1.198,439.239,624.043,0.278
2019-10-21 11:00,2019-10-21 13:00,16.797,1.198,457.839,654.794,0.796
2019-10-21 12:00,2019-10-21 14:00,15.940,1.200,236.298,627.458,0.935
2019-10-21 13:00,2019-10-21 15:00,15.647,1.202,272.828,544.495,0.937
2019-10-21 14:00,2019-10-21 16:00,15.090,1.204,206.146,410.960,0.917
2019-10-21 15:00,2019-10-21 17:00,13.950,1.206,80.105,236.151,0.944
2019-10-21 16:00,2019-10-21 18:00,12.189,1.210,10.265,45.388,0.946
2019-10-21 17:00,2019-10-21 19:00,10.941,1.214,0,0,0.904
2019-10-21 18:00,2019-10-21 20:00,10.312,1.218,0,0,0.469
2019-10-21 19:00,2019-10-21 21:00,9.317,1.221,0,0,0.200
2019-10-21 20:00,2019-10-21 22:00,8.741,1.224,0,0,0.780
2019-10-21 21:00,2019-10-21 23:00,8.714,1.226,0,0,0.670
2019-10-21 22:00,2019-10-22 00:00,8.307,1.227,0,0,0.616
2019-10-21 23:00,2019-10-22 01:00,8.037,1.228,0,0,0.867
2019-10-22 00:00,2019-10-22 02:00,8.024,1.229,0,0,0.902
2019-10-22 01:00,2019-10-22 03:00,7.728,1.230,0,0,0.730
2019-10-22 02:00,2019-10-22 04:00,7.061,1.231,0,0,0.197
2019-10-22 03:00,2019-10-22 05:00,6.889,1.233,0,0,0.904
2019-10-22 04:00,2019-10-22 06:00,6.868,1.234,0,0,0.941
2019-10-22 05:00,2019-10-22 07:00,6.962,1.235,0,0,0.942
2019-10-22 06:00,2019-10-22 08:00,6.886,1.236,9.044,33.663,0.945
2019-10-22 07:00,2019-10-22 09:00,8.604,1.237,85.248,217.689,0.943
2019-10-22 08:00,2019-10-22 10:00,10.179,1.234,160.594,394.341,0.939
2019-10-22 09:00,2019-10-22 11:00,11.657,1.228,189.094,530.536,0.942
2019-10-22 10:00,2019-10-22 12:00,12.827,1.224,247.776,616.854,0.789
2019-10-22 11:00,2019-10-22 13:00,14.163,1.220,417.708,647.544,0.133
2019-10-22 12:00,2019-10-22 14:00,14.951,1.216,430.192,620.453,0.270
2019-10-22 13:00,2019-10-22 15:00,15.189,1.213,361.448,537.305,0.852
2019-10-22 14:00,2019-10-22 16:00,14.949,1.212,254.578,403.850,0.667
2019-10-22 15:00,2019-10-22 17:00,14.057,1.213,123.665,229.229,0.435
2019-10-22 16:00,2019-10-22 18:00,12.567,1.214,15.030,41.075,0.845
2019-10-22 17:00,2019-10-22 19:00,11.659,1.216,0,0,0.897
2019-10-22 18:00,2019-10-22 20:00,10.709,1.218,0,0,0.924
2019-10-22 19:00,2019-10-22 21:00,9.690,1.220,0,0,0.914
2019-10-22 20:00,2019-10-22 22:00,8.836,1.222,0,0,0.883
2019-10-22 21:00,2019-10-22 23:00,8.251,1.223,0,0,0.551
2019-10-22 22:00,2019-10-23 00:00,7.845,1.223,0,0,0.212
2019-10-22 23:00,2019-10-23 01:00,7.569,1.223,0,0,0.126
2019-10-23 00:00,2019-10-23 02:00,7.326,1.224,0,0,0.158
2019-10-23 01:00,2019-10-23 03:00,7.241,1.225,0,0,0.290
2019-10-23 02:00,2019-10-23 04:00,7.293,1.225,0,0,0.406
2019-10-23 03:00,2019-10-23 05:00,7.206,1.226,0,0,0.616
2019-10-23 04:00,2019-10-23 06:00,7.084,1.227,0,0,0.887
2019-10-23 05:00,2019-10-23 07:00,6.818,1.227,0,0,0.947
2019-10-23 06:00,2019-10-23 08:00,7.207,1.228,8.802,29.988,0.956
2019-10-23 07:00,2019-10-23 09:00,9.180,1.227,80.908,210.822,0.950
2019-10-23 08:00,2019-10-23 10:00,10.997,1.221,192.953,387.372,0.942
2019-10-23 09:00,2019-10-23 11:00,13.392,1.211,305.114,523.506,0.952
2019-10-23 10:00,2019-10-23 12:00,15.436,1.202,375.228,609.820,0.933
2019-10-23 11:00,2019-10-23 13:00,16.645,1.196,427.025,640.355,0.761
2019-10-23 12:00,2019-10-23 14:00,17.379,1.191,412.247,613.234,0.509
2019-10-23 13:00,2019-10-23 15:00,17.629,1.188,330.024,530.279,0.495
2019-10-23 14:00,2019-10-23 16:00,17.336,1.186,225.590,396.962,0.463
2019-10-23 15:00,2019-10-23 17:00,15.943,1.187,109.565,222.361,0.390
2019-10-23 16:00,2019-10-23 18:00,12.964,1.191,12.586,36.981,0.666
2019-10-23 17:00,2019-10-23 19:00,12.002,1.196,0,0,0.928
2019-10-23 18:00,2019-10-23 20:00,11.670,1.200,0,0,0.941
2019-10-23 19:00,2019-10-23 21:00,11.070,1.204,0,0,0.948
2019-10-23 20:00,2019-10-23 22:00,10.625,1.205,0,0,0.955
2019-10-23 21:00,2019-10-23 23:00,10.905,1.204,0,0,0.978
2019-10-23 22:00,2019-10-24 00:00,11.246,1.203,0,0,0.973
2019-10-23 23:00,2019-10-24 01:00,10.909,1.203,0,0,0.800
2019-10-24 00:00,2019-10-24 02:00,10.333,1.203,0,0,0.905
2019-10-24 01:00,2019-10-24 03:00,10.402,1.204,0,0,0.940
2019-10-24 02:00,2019-10-24 04:00,10.352,1.205,0,0,0.798
2019-10-24 03:00,2019-10-24 05:00,9.871,1.206,0,0,0.883
2019-10-24 04:00,2019-10-24 06:00,9.884,1.207,0,0,0.953
2019-10-24 05:00,2019-10-24 07:00,9.899,1.206,0,0,0.945
2019-10-24 06:00,2019-10-24 08:00,10.087,1.206,6.981,26.531,0.953
2019-10-24 07:00,2019-10-24 09:00,11.516,1.204,81.062,204.009,0.947
2019-10-24 08:00,2019-10-24 10:00,13.321,1.200,197.025,380.372,0.941
2019-10-24 09:00,2019-10-24 11:00,15.799,1.191,322.760,516.317,0.936
2019-10-24 10:00,2019-10-24 12:00,18.086,1.181,383.759,602.604,0.905
2019-10-24 11:00,2019-10-24 13:00,19.277,1.176,402.340,633.299,0.899
2019-10-24 12:00,2019-10-24 14:00,19.824,1.173,380.402,606.208,0.899
2019-10-24 13:00,2019-10-24 15:00,19.393,1.173,229.119,523.249,0.966
2019-10-24 14:00,2019-10-24 16:00,17.921,1.175,86.826,389.978,0.968
2019-10-24 15:00,2019-10-24 17:00,16.789,1.179,52.049,215.557,0.862
2019-10-24 16:00,2019-10-24 18:00,15.349,1.183,9.249,33.132,0.752
2019-10-24 17:00,2019-10-24 19:00,14.401,1.187,0,0,0.936
2019-10-24 18:00,2019-10-24 20:00,13.639,1.191,0,0,0.926
2019-10-24 19:00,2019-10-24 21:00,12.649,1.195,0,0,0.816
2019-10-24 20:00,2019-10-24 22:00,12.033,1.198,0,0,0.857
2019-10-24 21:00,2019-10-24 23:00,12.268,1.200,0,0,0.915
2019-10-24 22:00,2019-10-25 00:00,12.109,1.202,0,0,0.719
2019-10-24 23:00,2019-10-25 01:00,11.980,1.204,0,0,0.473
2019-10-25 00:00,2019-10-25 02:00,11.831,1.205,0,0,0.384
2019-10-25 01:00,2019-10-25 03:00,11.489,1.207,0,0,0.378
2019-10-25 02:00,2019-10-25 04:00,10.831,1.209,0,0,0.684
2019-10-25 03:00,2019-10-25 05:00,10.862,1.211,0,0,0.801
2019-10-25 04:00,2019-10-25 06:00,10.827,1.212,0,0,0.942
2019-10-25 05:00,2019-10-25 07:00,10.390,1.215,0,0,0.940
2019-10-25 06:00,2019-10-25 08:00,9.805,1.217,6.374,23.293,0.943
2019-10-25 07:00,2019-10-25 09:00,11.009,1.219,98.311,197.204,0.942
2019-10-25 08:00,2019-10-25 10:00,12.517,1.217,223.134,373.497,0.942
2019-10-25 09:00,2019-10-25 11:00,13.686,1.214,274.780,509.412,0.949
2019-10-25 10:00,2019-10-25 12:00,14.807,1.211,367.858,595.604,0.945
2019-10-25 11:00,2019-10-25 13:00,15.901,1.207,443.421,626.294,0.941
2019-10-25 12:00,2019-10-25 14:00,16.505,1.203,415.331,599.178,0.941
2019-10-25 13:00,2019-10-25 15:00,16.641,1.201,340.153,516.290,0.942
2019-10-25 14:00,2019-10-25 16:00,16.308,1.200,236.913,383.103,0.942
2019-10-25 15:00,2019-10-25 17:00,15.155,1.201,106.776,208.799,0.943
2019-10-25 16:00,2019-10-25 18:00,12.780,1.203,10.682,29.524,0.946
2019-10-25 17:00,2019-10-25 19:00,11.967,1.207,0,0,0.946
2019-10-25 18:00,2019-10-25 20:00,11.747,1.211,0,0,0.943
2019-10-25 19:00,2019-10-25 21:00,11.485,1.214,0,0,0.941
2019-10-25 20:00,2019-10-25 22:00,11.196,1.216,0,0,0.942
2019-10-25 21:00,2019-10-25 23:00,11.089,1.216,0,0,0.945
2019-10-25 22:00,2019-10-26 00:00,11.108,1.216,0,0,0.947
2019-10-25 23:00,2019-10-26 01:00,11.052,1.215,0,0,0.947
2019-10-26 00:00,2019-10-26 02:00,11.024,1.215,0,0,0.948
2019-10-26 01:00,2019-10-26 03:00,10.784,1.215,0,0,0.945
2019-10-26 02:00,2019-10-26 04:00,10.547,1.215,0,0,0.945
2019-10-26 03:00,2019-10-26 05:00,10.303,1.216,0,0,0.946
2019-10-26 04:00,2019-10-26 06:00,9.999,1.217,0,0,0.947
2019-10-26 05:00,2019-10-26 07:00,9.684,1.218,0,0,0.947
2019-10-26 06:00,2019-10-26 08:00,9.474,1.220,7.225,20.284,0.949
2019-10-26 07:00,2019-10-26 09:00,10.565,1.220,97.392,190.462,0.946
2019-10-26 08:00,2019-10-26 10:00,12.441,1.214,219.287,366.637,0.943
2019-10-26 09:00,2019-10-26 11:00,14.641,1.205,323.952,502.412,0.940
2019-10-26 10:00,2019-10-26 12:00,16.502,1.197,416.215,588.604,0.841
2019-10-26 11:00,2019-10-26 13:00,17.839,1.191,449.889,619.105,0.837
2019-10-26 12:00,2019-10-26 14:00,18.435,1.186,385.490,592.178,0.939
2019-10-26 13:00,2019-10-26 15:00,18.373,1.184,266.563,509.290,0.942
2019-10-26 14:00,2019-10-26 16:00,17.916,1.183,189.038,376.241,0.941
2019-10-26 15:00,2019-10-26 17:00,16.865,1.185,104.858,202.057,0.942
2019-10-26 16:00,2019-10-26 18:00,15.161,1.190,9.982,26.135,0.950
2019-10-26 17:00,2019-10-26 19:00,14.143,1.195,0,0,0.954
2019-10-26 18:00,2019-10-26 20:00,13.732,1.198,0,0,0.964
2019-10-26 19:00,2019-10-26 21:00,13.606,1.199,0,0,0.957
2019-10-26 20:00,2019-10-26 22:00,13.434,1.199,0,0,0.959
2019-10-26 21:00,2019-10-26 23:00,13.255,1.200,0,0,0.950
2019-10-26 22:00,2019-10-27 00:00,13.078,1.200,0,0,0.927
2019-10-26 23:00,2019-10-27 01:00,12.965,1.201,0,0,0.921
2019-10-27 00:00,2019-10-27 02:00,12.877,1.202,0,0,0.956
2019-10-27 01:00,2019-10-27 02:00,12.814,1.203,0,0,0.971
2019-10-27 02:00,2019-10-27 03:00,12.662,1.205,0,0,0.978
2019-10-27 03:00,2019-10-27 04:00,12.429,1.207,0,0,0.983
2019-10-27 04:00,2019-10-27 05:00,11.695,1.212,0,0,0.987
2019-10-27 05:00,2019-10-27 06:00,10.491,1.221,0,0,0.988
2019-10-27 06:00,2019-10-27 07:00,9.022,1.229,1.614,17.515,0.982
2019-10-27 07:00,2019-10-27 08:00,8.377,1.234,35.952,183.781,0.958
2019-10-27 08:00,2019-10-27 09:00,8.496,1.236,98.154,359.857,0.890
2019-10-27 09:00,2019-10-27 10:00,8.995,1.235,153.701,495.537,0.824
2019-10-27 10:00,2019-10-27 11:00,9.578,1.234,182.842,581.604,0.949
2019-10-27 11:00,2019-10-27 12:00,9.827,1.233,150.877,612.075,0.973
2019-10-27 12:00,2019-10-27 13:00,9.729,1.232,109.770,585.178,0.972
2019-10-27 13:00,2019-10-27 14:00,9.892,1.231,137.077,502.323,0.879
2019-10-27 14:00,2019-10-27 15:00,10.227,1.230,188.742,369.368,0.710
2019-10-27 15:00,2019-10-27 16:00,9.346,1.230,95.528,195.370,0.759
2019-10-27 16:00,2019-10-27 17:00,6.703,1.232,7.491,22.968,0.887
2019-10-27 17:00,2019-10-27 18:00,5.860,1.235,0,0,0.938
2019-10-27 18:00,2019-10-27 19:00,5.253,1.237,0,0,0.851
2019-10-27 19:00,2019-10-27 20:00,4.869,1.239,0,0,0.871
2019-10-27 20:00,2019-10-27 21:00,4.745,1.241,0,0,0.895
2019-10-27 21:00,2019-10-27 22:00,4.318,1.243,0,0,0.872
2019-10-27 22:00,2019-10-27 23:00,3.656,1.245,0,0,0.902
2019-10-27 23:00,2019-10-28 00:00,3.628,1.247,0,0,0.708
2019-10-28 00:00,2019-10-28 01:00,2.957,1.248,0,0,0.589
2019-10-28 01:00,2019-10-28 02:00,2.644,1.250,0,0,0.704
2019-10-28 02:00,2019-10-28 03:00,2.526,1.251,0,0,0.426
2019-10-28 03:00,2019-10-28 04:00,2.516,1.253,0,0,0.349
2019-10-28 04:00,2019-10-28 05:00,2.573,1.255,0,0,0.467
2019-10-28 05:00,2019-10-28 06:00,2.728,1.257,0,0,0.643
2019-10-28 06:00,2019-10-28 07:00,3.164,1.260,3.038,14.962,0.893
2019-10-28 07:00,2019-10-28 08:00,3.968,1.261,43.853,177.156,0.901
2019-10-28 08:00,2019-10-28 09:00,4.944,1.259,119.287,353.025,0.719
2019-10-28 09:00,2019-10-28 10:00,6.798,1.251,233.924,488.567,0.316
2019-10-28 10:00,2019-10-28 11:00,9.651,1.239,370.291,574.634,0.134
2019-10-28 11:00,2019-10-28 12:00,10.879,1.234,412.619,605.079,0.263
2019-10-28 12:00,2019-10-28 13:00,11.244,1.231,378.640,578.205,0.432
2019-10-28 13:00,2019-10-28 14:00,11.278,1.230,306.179,495.433,0.524
2019-10-28 14:00,2019-10-28 15:00,10.900,1.229,199.173,362.618,0.453
2019-10-28 15:00,2019-10-28 16:00,9.569,1.230,90.779,188.698,0.507
2019-10-28 16:00,2019-10-28 17:00,7.276,1.232,5.843,20.030,0.653
2019-10-28 17:00,2019-10-28 18:00,6.548,1.234,0,0,0.592
2019-10-28 18:00,2019-10-28 19:00,6.049,1.237,0,0,0.650
2019-10-28 19:00,2019-10-28 20:00,5.813,1.239,0,0,0.820
2019-10-28 20:00,2019-10-28 21:00,5.665,1.241,0,0,0.956
2019-10-28 21:00,2019-10-28 22:00,5.507,1.242,0,0,0.981
2019-10-28 22:00,2019-10-28 23:00,5.264,1.244,0,0,0.962
2019-10-28 23:00,2019-10-29 00:00,4.811,1.245,0,0,0.858
2019-10-29 00:00,2019-10-29 01:00,4.095,1.247,0,0,0.646
2019-10-29 01:00,2019-10-29 02:00,3.653,1.249,0,0,0.645
2019-10-29 02:00,2019-10-29 03:00,3.708,1.251,0,0,0.868
2019-10-29 03:00,2019-10-29 04:00,3.858,1.252,0,0,0.820
2019-10-29 04:00,2019-10-29 05:00,3.486,1.253,0,0,0.647
2019-10-29 05:00,2019-10-29 06:00,3.300,1.254,0,0,0.743
2019-10-29 06:00,2019-10-29 07:00,3.410,1.256,2.632,12.623,0.762
2019-10-29 07:00,2019-10-29 08:00,4.276,1.258,59.564,170.539,0.755
2019-10-29 08:00,2019-10-29 09:00,5.601,1.256,158.781,346.277,0.669
2019-10-29 09:00,2019-10-29 10:00,7.723,1.248,282.837,481.800,0.331
2019-10-29 10:00,2019-10-29 11:00,9.733,1.240,402.068,567.634,0.054
2019-10-29 11:00,2019-10-29 12:00,10.723,1.236,429.811,598.325,0.035
2019-10-29 12:00,2019-10-29 13:00,11.185,1.233,408.120,571.239,0.012
2019-10-29 13:00,2019-10-29 14:00,11.243,1.232,337.822,488.573,0.018
2019-10-29 14:00,2019-10-29 15:00,10.828,1.232,227.956,355.881,0.044
2019-10-29 15:00,2019-10-29 16:00,9.281,1.233,95.189,182.142,0.121
2019-10-29 16:00,2019-10-29 17:00,6.348,1.237,5.621,17.311,0.131
2019-10-29 17:00,2019-10-29 18:00,5.504,1.241,0,0,0.078
2019-10-29 18:00,2019-10-29 19:00,4.756,1.246,0,0,0.022
2019-10-29 19:00,2019-10-29 20:00,4.096,1.250,0,0,0.019
2019-10-29 20:00,2019-10-29 21:00,3.443,1.253,0,0,0.015
2019-10-29 21:00,2019-10-29 22:00,2.855,1.256,0,0,0.012
2019-10-29 22:00,2019-10-29 23:00,2.317,1.258,0,0,0.009
2019-10-29 23:00,2019-10-30 00:00,1.833,1.261,0,0,0.006
2019-10-30 00:00,2019-10-30 01:00,1.388,1.263,0,0,0.042
2019-10-30 01:00,2019-10-30 02:00,0.961,1.265,0,0,0.203
2019-10-30 02:00,2019-10-30 03:00,0.593,1.267,0,0,0.276
2019-10-30 03:00,2019-10-30 04:00,0.205,1.269,0,0,0.224
2019-10-30 04:00,2019-10-30 05:00,-0.082,1.271,0,0,0.271
2019-10-30 05:00,2019-10-30 06:00,-0.151,1.273,0,0,0.600
2019-10-30 06:00,2019-10-30 07:00,0.404,1.276,2.738,10.493,0.948
2019-10-30 07:00,2019-10-30 08:00,1.791,1.276,49.083,163.984,0.990
2019-10-30 08:00,2019-10-30 09:00,3.241,1.270,126.144,339.637,0.982
2019-10-30 09:00,2019-10-30 10:00,4.968,1.263,199.932,474.940,0.983
2019-10-30 10:00,2019-10-30 11:00,6.491,1.257,249.096,560.884,0.984
2019-10-30 11:00,2019-10-30 12:00,7.647,1.252,285.801,591.325,0.952
2019-10-30 12:00,2019-10-30 13:00,8.278,1.248,270.944,564.455,0.872
2019-10-30 13:00,2019-10-30 14:00,8.406,1.245,206.712,481.808,0.806
2019-10-30 14:00,2019-10-30 15:00,8.140,1.244,143.961,349.162,0.632
2019-10-30 15:00,2019-10-30 16:00,6.726,1.245,76.610,175.588,0.318
2019-10-30 16:00,2019-10-30 17:00,3.408,1.248,5.317,14.815,0.031
2019-10-30 17:00,2019-10-30 18:00,2.367,1.251,0,0,0.002
2019-10-30 18:00,2019-10-30 19:00,1.883,1.255,0,0,0.002
2019-10-30 19:00,2019-10-30 20:00,1.494,1.258,0,0,0.001
2019-10-30 20:00,2019-10-30 21:00,1.148,1.262,0,0,0.001
2019-10-30 21:00,2019-10-30 22:00,0.745,1.265,0,0,0
2019-10-30 22:00,2019-10-30 23:00,0.323,1.268,0,0,0
2019-10-30 23:00,2019-10-31 00:00,-0.043,1.270,0,0,0
2019-10-31 00:00,2019-10-31 01:00,-0.345,1.271,0,0,0
2019-10-31 01:00,2019-10-31 02:00,-0.632,1.272,0,0,0.016
2019-10-31 02:00,2019-10-31 03:00,-0.853,1.273,0,0,0.071
2019-10-31 03:00,2019-10-31 04:00,-1.003,1.274,0,0,0.175
2019-10-31 04:00,2019-10-31 05:00,-1.056,1.275,0,0,0.252
2019-10-31 05:00,2019-10-31 06:00,-1.150,1.276,0,0,0.310
2019-10-31 06:00,2019-10-31 07:00,-1.351,1.278,2.723,8.579,0.340
2019-10-31 07:00,2019-10-31 08:00,0.025,1.277,78.831,157.539,0.333
2019-10-31 08:00,2019-10-31 09:00,2.007,1.272,221.569,333.012,0.312
2019-10-31 09:00,2019-10-31 10:00,4.869,1.260,334.951,468.192,0.247
2019-10-31 10:00,2019-10-31 11:00,7.839,1.246,409.576,554.100,0.153
2019-10-31 11:00,2019-10-31 12:00,9.080,1.240,436.801,584.575,0.137
2019-10-31 12:00,2019-10-31 13:00,9.678,1.237,412.300,557.515,0.308
2019-10-31 13:00,2019-10-31 14:00,9.782,1.234,337.392,475.060,0.484
2019-10-31 14:00,2019-10-31 15:00,9.231,1.234,219.191,342.539,0.589
2019-10-31 15:00,2019-10-31 16:00,6.787,1.236,89.269,169.151,0.504
2019-10-31 16:00,2019-10-31 17:00,3.322,1.239,4.496,12.527,0.410
2019-10-31 17:00,2019-10-31 18:00,2.361,1.244,0,0,0.330
2019-10-31 18:00,2019-10-31 19:00,1.911,1.248,0,0,0.268
2019-10-31 19:00,2019-10-31 20:00,1.554,1.252,0,0,0.285
2019-10-31 20:00,2019-10-31 21:00,1.312,1.257,0,0,0.424
2019-10-31 21:00,2019-10-31 22:00,1.067,1.260,0,0,0.487
2019-10-31 22:00,2019-10-31 23:00,0.956,1.262,0,0,0.548
2019-10-31 23:00,2019-11-01 00:00,1.002,1.263,0,0,0.756
2019-11-01 00:00,2019-11-01 01:00,0.882,1.264,0,0,0.965
2019-11-01 01:00,2019-11-01 02:00,0.717,1.264,0,0,0.927
2019-11-01 02:00,2019-11-01 03:00,0.594,1.264,0,0,0.898
2019-11-01 03:00,2019-11-01 04:00,0.704,1.263,0,0,0.963
2019-11-01 04:00,2019-11-01 05:00,1.221,1.259,0,0,0.975
2019-11-01 05:00,2019-11-01 06:00,1.823,1.256,0,0,0.988
2019-11-01 06:00,2019-11-01 07:00,2.292,1.253,0.708,6.883,0.995
2019-11-01 07:00,2019-11-01 08:00,2.908,1.249,20.941,151.109,0.994
2019-11-01 08:00,2019-11-01 09:00,3.752,1.244,39.295,326.401,0.994
2019-11-01 09:00,2019-11-01 10:00,4.574,1.240,48.399,461.565,0.993
2019-11-01 10:00,2019-11-01 11:00,5.325,1.235,57.648,547.165,0.993
2019-11-01 11:00,2019-11-01 12:00,6.063,1.230,63.547,577.636,0.990
2019-11-01 12:00,2019-11-01 13:00,6.667,1.225,64.838,550.765,0.987
2019-11-01 13:00,2019-11-01 14:00,7.269,1.220,59.697,468.338,0.987
2019-11-01 14:00,2019-11-01 15:00,7.684,1.216,45.513,336.008,0.988
2019-11-01 15:00,2019-11-01 16:00,7.868,1.213,24.394,162.721,0.982
2019-11-01 16:00,2019-11-01 17:00,8.073,1.210,0.940,10.448,0.984
2019-11-01 17:00,2019-11-01 18:00,8.605,1.206,0,0,0.986
2019-11-01 18:00,2019-11-01 19:00,9.419,1.201,0,0,0.987
2019-11-01 19:00,2019-11-01 20:00,10.121,1.196,0,0,0.983
2019-11-01 20:00,2019-11-01 21:00,10.368,1.194,0,0,0.973
2019-11-01 21:00,2019-11-01 22:00,10.446,1.193,0,0,0.953
2019-11-01 22:00,2019-11-01 23:00,10.527,1.191,0,0,0.928
2019-11-01 23:00,2019-11-02 00:00,10.468,1.190,0,0,0.901
2019-11-02 00:00,2019-11-02 01:00,10.485,1.189,0,0,0.932
2019-11-02 01:00,2019-11-02 02:00,10.931,1.187,0,0,0.979
2019-11-02 02:00,2019-11-02 03:00,11.570,1.183,0,0,0.983
2019-11-02 03:00,2019-11-02 04:00,11.874,1.180,0,0,0.985
2019-11-02 04:00,2019-11-02 05:00,12.041,1.179,0,0,0.955
2019-11-02 05:00,2019-11-02 06:00,11.909,1.179,0,0,0.431
2019-11-02 06:00,2019-11-02 07:00,11.677,1.179,1.146,5.384,0.408
2019-11-02 07:00,2019-11-02 08:00,12.405,1.178,45.816,144.749,0.865
2019-11-02 08:00,2019-11-02 09:00,13.430,1.175,118.689,319.901,0.791
2019-11-02 09:00,2019-11-02 10:00,14.379,1.173,210.897,454.940,0.820
2019-11-02 10:00,2019-11-02 11:00,15.055,1.171,297.141,540.604,0.792
2019-11-02 11:00,2019-11-02 12:00,15.069,1.172,275.296,570.886,0.971
2019-11-02 12:00,2019-11-02 13:00,14.671,1.173,229.493,544.019,0.968
2019-11-02 13:00,2019-11-02 14:00,14.498,1.174,255.699,461.715,0.892
2019-11-02 14:00,2019-11-02 15:00,13.932,1.175,186.223,329.524,0.861
2019-11-02 15:00,2019-11-02 16:00,12.741,1.177,63.117,156.361,0.943
2019-11-02 16:00,2019-11-02 17:00,11.427,1.181,2.113,8.577,0.956
2019-11-02 17:00,2019-11-02 18:00,10.856,1.183,0,0,0.980
2019-11-02 18:00,2019-11-02 19:00,10.697,1.184,0,0,0.992
2019-11-02 19:00,2019-11-02 20:00,10.606,1.184,0,0,0.990
2019-11-02 20:00,2019-11-02 21:00,10.425,1.185,0,0,0.990
2019-11-02 21:00,2019-11-02 22:00,10.230,1.185,0,0,0.990
2019-11-02 22:00,2019-11-02 23:00,10.101,1.185,0,0,0.990
2019-11-02 23:00,2019-11-03 00:00,9.946,1.185,0,0,0.992
2019-11-03 00:00,2019-11-03 01:00,9.835,1.185,0,0,0.993
2019-11-03 01:00,2019-11-03 02:00,9.730,1.185,0,0,0.921
2019-11-03 02:00,2019-11-03 03:00,9.402,1.186,0,0,0.868
2019-11-03 03:00,2019-11-03 04:00,9.103,1.187,0,0,0.871
2019-11-03 04:00,2019-11-03 05:00,8.871,1.186,0,0,0.967
2019-11-03 05:00,2019-11-03 06:00,8.777,1.186,0,0,0.972
2019-11-03 06:00,2019-11-03 07:00,8.550,1.186,0.704,4.080,0.960
2019-11-03 07:00,2019-11-03 08:00,8.927,1.186,47.362,138.491,0.724
2019-11-03 08:00,2019-11-03 09:00,10.206,1.185,148.161,313.403,0.510
2019-11-03 09:00,2019-11-03 10:00,11.548,1.180,238.173,448.331,0.427
2019-11-03 10:00,2019-11-03 11:00,12.845,1.175,300.426,533.911,0.432
2019-11-03 11:00,2019-11-03 12:00,13.819,1.171,307.251,564.356,0.475
2019-11-03 12:00,2019-11-03 13:00,14.229,1.168,257.023,537.459,0.587
2019-11-03 13:00,2019-11-03 14:00,13.994,1.167,157.071,455.103,0.834
2019-11-03 14:00,2019-11-03 15:00,12.936,1.169,47.612,323.039,0.972
2019-11-03 15:00,2019-11-03 16:00,11.989,1.172,18.370,150.104,0.977
2019-11-03 16:00,2019-11-03 17:00,11.178,1.175,0.813,6.903,0.955
2019-11-03 17:00,2019-11-03 18:00,10.624,1.177,0,0,0.841
2019-11-03 18:00,2019-11-03 19:00,10.086,1.178,0,0,0.692
2019-11-03 19:00,2019-11-03 20:00,9.598,1.179,0,0,0.510
2019-11-03 20:00,2019-11-03 21:00,9.163,1.181,0,0,0.350
2019-11-03 21:00,2019-11-03 22:00,8.911,1.183,0,0,0.306
2019-11-03 22:00,2019-11-03 23:00,8.927,1.186,0,0,0.401
2019-11-03 23:00,2019-11-04 00:00,8.633,1.190,0,0,0.447
2019-11-04 00:00,2019-11-04 01:00,8.211,1.192,0,0,0.401
2019-11-04 01:00,2019-11-04 02:00,7.859,1.193,0,0,0.350
2019-11-04 02:00,2019-11-04 03:00,7.888,1.192,0,0,0.507
2019-11-04 03:00,2019-11-04 04:00,8.549,1.190,0,0,0.506
2019-11-04 04:00,2019-11-04 05:00,8.623,1.189,0,0,0.405
2019-11-04 05:00,2019-11-04 06:00,8.413,1.191,0,0,0.364
2019-11-04 06:00,2019-11-04 07:00,7.655,1.193,0.492,2.966,0.251
2019-11-04 07:00,2019-11-04 08:00,7.699,1.195,52.969,132.249,0.205
2019-11-04 08:00,2019-11-04 09:00,8.787,1.195,158.301,307.041,0.262
2019-11-04 09:00,2019-11-04 10:00,9.952,1.191,252.451,441.831,0.269
2019-11-04 10:00,2019-11-04 11:00,11.085,1.186,303.586,527.354,0.492
2019-11-04 11:00,2019-11-04 12:00,11.370,1.184,203.676,557.606,0.679
2019-11-04 12:00,2019-11-04 13:00,11.370,1.183,149.481,530.769,0.696
2019-11-04 13:00,2019-11-04 14:00,11.501,1.183,132.152,448.606,0.559
2019-11-04 14:00,2019-11-04 15:00,11.481,1.183,111.933,316.679,0.320
2019-11-04 15:00,2019-11-04 16:00,10.456,1.183,57.874,143.869,0.170
2019-11-04 16:00,2019-11-04 17:00,8.248,1.185,1.330,5.433,0.149
2019-11-04 17:00,2019-11-04 18:00,7.591,1.188,0,0,0.326
2019-11-04 18:00,2019-11-04 19:00,7.521,1.192,0,0,0.502
2019-11-04 19:00,2019-11-04 20:00,7.795,1.194,0,0,0.535
2019-11-04 20:00,2019-11-04 21:00,8.191,1.194,0,0,0.575
2019-11-04 21:00,2019-11-04 22:00,8.514,1.193,0,0,0.600
2019-11-04 22:00,2019-11-04 23:00,8.417,1.194,0,0,0.676
2019-11-04 23:00,2019-11-05 00:00,8.190,1.197,0,0,0.776
2019-11-05 00:00,2019-11-05 01:00,7.791,1.200,0,0,0.807
2019-11-05 01:00,2019-11-05 02:00,7.693,1.202,0,0,0.881
2019-11-05 02:00,2019-11-05 03:00,7.576,1.203,0,0,0.874
2019-11-05 03:00,2019-11-05 04:00,7.418,1.204,0,0,0.873
2019-11-05 04:00,2019-11-05 05:00,7.205,1.204,0,0,0.852
2019-11-05 05:00,2019-11-05 06:00,6.865,1.204,0,0,0.819
2019-11-05 06:00,2019-11-05 07:00,6.367,1.205,0.318,2.040,0.697
2019-11-05 07:00,2019-11-05 08:00,6.859,1.206,42.177,126.100,0.571
2019-11-05 08:00,2019-11-05 09:00,8.154,1.206,128.726,300.778,0.612
2019-11-05 09:00,2019-11-05 10:00,9.040,1.204,188.065,435.346,0.809
2019-11-05 10:00,2019-11-05 11:00,9.771,1.201,209.457,520.665,0.904
2019-11-05 11:00,2019-11-05 12:00,10.383,1.199,230.611,551.106,0.853
2019-11-05 12:00,2019-11-05 13:00,10.801,1.197,241.398,524.269,0.720
2019-11-05 13:00,2019-11-05 14:00,10.910,1.196,206.686,442.228,0.629
2019-11-05 14:00,2019-11-05 15:00,10.633,1.196,135.303,310.399,0.712
2019-11-05 15:00,2019-11-05 16:00,9.254,1.198,35.482,137.745,0.752
2019-11-05 16:00,2019-11-05 17:00,8.061,1.200,0.500,4.153,0.780
2019-11-05 17:00,2019-11-05 18:00,7.721,1.202,0,0,0.754
2019-11-05 18:00,2019-11-05 19:00,7.464,1.204,0,0,0.728
2019-11-05 19:00,2019-11-05 20:00,7.044,1.205,0,0,0.819
2019-11-05 20:00,2019-11-05 21:00,6.746,1.207,0,0,0.908
2019-11-05 21:00,2019-11-05 22:00,6.463,1.208,0,0,0.951
2019-11-05 22:00,2019-11-05 23:00,6.240,1.209,0,0,0.960
2019-11-05 23:00,2019-11-06 00:00,6.022,1.210,0,0,0.952
2019-11-06 00:00,2019-11-06 01:00,5.933,1.212,0,0,0.938
2019-11-06 01:00,2019-11-06 02:00,5.792,1.213,0,0,0.874
2019-11-06 02:00,2019-11-06 03:00,5.637,1.215,0,0,0.772
2019-11-06 03:00,2019-11-06 04:00,5.587,1.216,0,0,0.660
2019-11-06 04:00,2019-11-06 05:00,5.527,1.218,0,0,0.676
2019-11-06 05:00,2019-11-06 06:00,5.750,1.219,0,0,0.820
2019-11-06 06:00,2019-11-06 07:00,5.944,1.220,0.053,1.310,0.856
2019-11-06 07:00,2019-11-06 08:00,6.144,1.220,14.292,120.034,0.830
2019-11-06 08:00,2019-11-06 09:00,6.773,1.220,61.007,294.541,0.773
2019-11-06 09:00,2019-11-06 10:00,7.636,1.217,131.565,428.971,0.701
2019-11-06 10:00,2019-11-06 11:00,8.599,1.214,209.436,514.381,0.599
2019-11-06 11:00,2019-11-06 12:00,9.311,1.212,249.397,544.606,0.624
2019-11-06 12:00,2019-11-06 13:00,9.649,1.210,233.688,517.796,0.724
2019-11-06 13:00,2019-11-06 14:00,9.677,1.209,167.856,435.856,0.849
2019-11-06 14:00,2019-11-06 15:00,9.415,1.209,94.230,304.164,0.885
2019-11-06 15:00,2019-11-06 16:00,8.290,1.209,36.242,131.689,0.867
2019-11-06 16:00,2019-11-06 17:00,7.277,1.211,0.376,3.056,0.865
2019-11-06 17:00,2019-11-06 18:00,7.172,1.213,0,0,0.775
2019-11-06 18:00,2019-11-06 19:00,6.962,1.214,0,0,0.642
2019-11-06 19:00,2019-11-06 20:00,6.574,1.215,0,0,0.660
2019-11-06 20:00,2019-11-06 21:00,5.951,1.216,0,0,0.771
2019-11-06 21:00,2019-11-06 22:00,5.467,1.216,0,0,0.917
2019-11-06 22:00,2019-11-06 23:00,5.004,1.216,0,0,0.912
2019-11-06 23:00,2019-11-07 00:00,4.663,1.216,0,0,0.714
2019-11-07 00:00,2019-11-07 01:00,4.296,1.216,0,0,0.588
2019-11-07 01:00,2019-11-07 02:00,4.026,1.218,0,0,0.838
2019-11-07 02:00,2019-11-07 03:00,4.200,1.219,0,0,0.984
2019-11-07 03:00,2019-11-07 04:00,4.479,1.220,0,0,0.899
2019-11-07 04:00,2019-11-07 05:00,4.742,1.221,0,0,0.768
2019-11-07 05:00,2019-11-07 06:00,5.214,1.221,0,0,0.765
2019-11-07 06:00,2019-11-07 07:00,5.393,1.220,0.063,0.757,0.723
2019-11-07 07:00,2019-11-07 08:00,5.806,1.219,26.458,114.035,0.757
2019-11-07 08:00,2019-11-07 09:00,6.824,1.215,89.066,288.307,0.744
2019-11-07 09:00,2019-11-07 10:00,8.067,1.209,190.961,422.721,0.938
2019-11-07 10:00,2019-11-07 11:00,8.961,1.205,210.105,507.900,0.931
2019-11-07 11:00,2019-11-07 12:00,9.455,1.202,206.150,538.167,0.722
2019-11-07 12:00,2019-11-07 13:00,9.254,1.202,159.235,511.504,0.806
2019-11-07 13:00,2019-11-07 14:00,8.131,1.207,79.105,429.496,0.847
2019-11-07 14:00,2019-11-07 15:00,7.798,1.209,80.114,297.944,0.333
2019-11-07 15:00,2019-11-07 16:00,7.426,1.209,50.064,125.718,0.184
2019-11-07 16:00,2019-11-07 17:00,6.140,1.211,0.455,2.143,0.124
2019-11-07 17:00,2019-11-07 18:00,5.528,1.215,0,0,0.087
2019-11-07 18:00,2019-11-07 19:00,4.844,1.219,0,0,0.113
2019-11-07 19:00,2019-11-07 20:00,4.204,1.222,0,0,0.184
2019-11-07 20:00,2019-11-07 21:00,3.857,1.225,0,0,0.207
2019-11-07 21:00,2019-11-07 22:00,3.390,1.228,0,0,0.198
2019-11-07 22:00,2019-11-07 23:00,2.789,1.231,0,0,0.254
2019-11-07 23:00,2019-11-08 00:00,2.227,1.233,0,0,0.291
2019-11-08 00:00,2019-11-08 01:00,1.768,1.235,0,0,0.245
2019-11-08 01:00,2019-11-08 02:00,1.393,1.236,0,0,0.182
2019-11-08 02:00,2019-11-08 03:00,1.123,1.237,0,0,0.177
2019-11-08 03:00,2019-11-08 04:00,0.917,1.238,0,0,0.142
2019-11-08 04:00,2019-11-08 05:00,0.666,1.239,0,0,0.108
2019-11-08 05:00,2019-11-08 06:00,0.422,1.240,0,0,0.125
2019-11-08 06:00,2019-11-08 07:00,0.259,1.241,0.082,0.375,0.139
2019-11-08 07:00,2019-11-08 08:00,1.267,1.241,51.773,108.108,0.161
2019-11-08 08:00,2019-11-08 09:00,3.737,1.239,168.944,282.276,0.141
2019-11-08 09:00,2019-11-08 10:00,5.546,1.234,273.432,416.471,0.113
2019-11-08 10:00,2019-11-08 11:00,8.123,1.223,343.037,501.650,0.454
2019-11-08 11:00,2019-11-08 12:00,9.778,1.216,348.111,531.887,0.648
2019-11-08 12:00,2019-11-08 13:00,10.096,1.214,292.125,505.160,0.728
2019-11-08 13:00,2019-11-08 14:00,9.977,1.213,207.550,423.369,0.937
2019-11-08 14:00,2019-11-08 15:00,9.423,1.213,112.701,291.914,0.990
2019-11-08 15:00,2019-11-08 16:00,8.131,1.215,34.160,119.819,0.993
2019-11-08 16:00,2019-11-08 17:00,7.529,1.217,0.218,1.407,0.992
2019-11-08 17:00,2019-11-08 18:00,7.226,1.219,0,0,0.990
2019-11-08 18:00,2019-11-08 19:00,6.815,1.221,0,0,0.988
2019-11-08 19:00,2019-11-08 20:00,5.783,1.223,0,0,0.986
2019-11-08 20:00,2019-11-08 21:00,4.748,1.225,0,0,0.979
2019-11-08 21:00,2019-11-08 22:00,3.995,1.228,0,0,0.840
2019-11-08 22:00,2019-11-08 23:00,3.342,1.231,0,0,0.611
2019-11-08 23:00,2019-11-09 00:00,2.723,1.234,0,0,0.430
2019-11-09 00:00,2019-11-09 01:00,2.113,1.238,0,0,0.354
2019-11-09 01:00,2019-11-09 02:00,1.711,1.242,0,0,0.371
2019-11-09 02:00,2019-11-09 03:00,1.429,1.245,0,0,0.588
2019-11-09 03:00,2019-11-09 04:00,1.823,1.247,0,0,0.776
2019-11-09 04:00,2019-11-09 05:00,2.208,1.248,0,0,0.894
2019-11-09 05:00,2019-11-09 06:00,2.340,1.249,0,0,0.907
2019-11-09 06:00,2019-11-09 07:00,2.462,1.248,0.007,0.147,0.872
2019-11-09 07:00,2019-11-09 08:00,2.720,1.247,11.721,102.295,0.861
2019-11-09 08:00,2019-11-09 09:00,3.362,1.244,41.117,276.278,0.752
2019-11-09 09:00,2019-11-09 10:00,4.332,1.240,98.611,410.346,0.664
2019-11-09 10:00,2019-11-09 11:00,5.409,1.235,132.747,495.414,0.627
2019-11-09 11:00,2019-11-09 12:00,6.324,1.231,167.189,525.637,0.493
2019-11-09 12:00,2019-11-09 13:00,7.073,1.228,205.911,498.910,0.328
2019-11-09 13:00,2019-11-09 14:00,7.407,1.226,208.931,417.244,0.262
2019-11-09 14:00,2019-11-09 15:00,7.004,1.227,128.409,285.916,0.315
2019-11-09 15:00,2019-11-09 16:00,5.343,1.229,39.712,113.987,0.331
2019-11-09 16:00,2019-11-09 17:00,3.481,1.232,0.133,0.841,0.343
2019-11-09 17:00,2019-11-09 18:00,2.954,1.235,0,0,0.295
2019-11-09 18:00,2019-11-09 19:00,2.350,1.237,0,0,0.208
2019-11-09 19:00,2019-11-09 20:00,1.705,1.239,0,0,0.193
2019-11-09 20:00,2019-11-09 21:00,1.200,1.241,0,0,0.188
2019-11-09 21:00,2019-11-09 22:00,0.768,1.243,0,0,0.192
2019-11-09 22:00,2019-11-09 23:00,0.311,1.245,0,0,0.220
2019-11-09 23:00,2019-11-10 00:00,0.067,1.247,0,0,0.287
2019-11-10 00:00,2019-11-10 01:00,-0.101,1.248,0,0,0.411
2019-11-10 01:00,2019-11-10 02:00,-0.059,1.251,0,0,0.570
2019-11-10 02:00,2019-11-10 03:00,0.252,1.253,0,0,0.727
2019-11-10 03:00,2019-11-10 04:00,0.829,1.255,0,0,0.882
2019-11-10 04:00,2019-11-10 05:00,0.890,1.257,0,0,0.944
2019-11-10 05:00,2019-11-10 06:00,0.968,1.257,0,0,0.908
2019-11-10 06:00,2019-11-10 07:00,0.846,1.258,0.004,0.039,0.919
2019-11-10 07:00,2019-11-10 08:00,1.046,1.259,23.488,96.593,0.897
2019-11-10 08:00,2019-11-10 09:00,1.945,1.257,100.973,270.307,0.668
2019-11-10 09:00,2019-11-10 10:00,3.644,1.251,241.393,404.237,0.279
2019-11-10 10:00,2019-11-10 11:00,5.584,1.243,322.599,489.289,0.132
2019-11-10 11:00,2019-11-10 12:00,7.515,1.235,360.612,519.387,0.052
2019-11-10 12:00,2019-11-10 13:00,8.556,1.230,345.232,492.798,0.018
2019-11-10 13:00,2019-11-10 14:00,8.847,1.228,277.322,411.121,0.011
2019-11-10 14:00,2019-11-10 15:00,8.452,1.228,172.251,279.947,0.006
2019-11-10 15:00,2019-11-10 16:00,6.801,1.230,52.934,108.269,0.003
2019-11-10 16:00,2019-11-10 17:00,4.453,1.233,0.093,0.436,0.004
2019-11-10 17:00,2019-11-10 18:00,2.317,1.238,0,0,0.005
2019-11-10 18:00,2019-11-10 19:00,1.077,1.243,0,0,0.016
2019-11-10 19:00,2019-11-10 20:00,0.578,1.248,0,0,0.036
2019-11-10 20:00,2019-11-10 21:00,0.526,1.253,0,0,0.152
2019-11-10 21:00,2019-11-10 22:00,0.532,1.255,0,0,0.687
2019-11-10 22:00,2019-11-10 23:00,0.179,1.257,0,0,0.946
2019-11-10 23:00,2019-11-11 00:00,-0.098,1.260,0,0,0.957
2019-11-11 00:00,2019-11-11 01:00,0.140,1.262,0,0,0.962
2019-11-11 01:00,2019-11-11 02:00,0.082,1.263,0,0,0.965
2019-11-11 02:00,2019-11-11 03:00,-0.107,1.264,0,0,0.974
2019-11-11 03:00,2019-11-11 04:00,-0.139,1.265,0,0,0.967
2019-11-11 04:00,2019-11-11 05:00,-0.030,1.263,0,0,0.966
2019-11-11 05:00,2019-11-11 06:00,0.181,1.260,0,0,0.957
2019-11-11 06:00,2019-11-11 07:00,0.464,1.257,0.001,0.007,0.948
2019-11-11 07:00,2019-11-11 08:00,0.851,1.255,19.881,91.066,0.951
2019-11-11 08:00,2019-11-11 09:00,1.724,1.252,74.400,264.542,0.964
2019-11-11 09:00,2019-11-11 10:00,2.796,1.247,138.427,398.331,0.988
2019-11-11 10:00,2019-11-11 11:00,3.849,1.242,173.210,483.166,0.993
2019-11-11 11:00,2019-11-11 12:00,4.750,1.237,185.919,513.387,0.994
2019-11-11 12:00,2019-11-11 13:00,5.148,1.233,144.081,486.770,0.994
2019-11-11 13:00,2019-11-11 14:00,5.182,1.230,109.934,405.136,0.988
2019-11-11 14:00,2019-11-11 15:00,4.904,1.229,65.412,274.194,0.970
2019-11-11 15:00,2019-11-11 16:00,4.285,1.230,17.417,102.631,0.943
2019-11-11 16:00,2019-11-11 17:00,3.656,1.233,0.004,0.180,0.942
2019-11-11 17:00,2019-11-11 18:00,3.415,1.235,0,0,0.950
2019-11-11 18:00,2019-11-11 19:00,3.218,1.236,0,0,0.892
2019-11-11 19:00,2019-11-11 20:00,3.109,1.236,0,0,0.864
2019-11-11 20:00,2019-11-11 21:00,3.216,1.235,0,0,0.775
2019-11-11 21:00,2019-11-11 22:00,3.457,1.234,0,0,0.707
2019-11-11 22:00,2019-11-11 23:00,3.764,1.232,0,0,0.756
2019-11-11 23:00,2019-11-12 00:00,3.977,1.231,0,0,0.717
2019-11-12 00:00,2019-11-12 01:00,3.932,1.231,0,0,0.660
2019-11-12 01:00,2019-11-12 02:00,3.451,1.232,0,0,0.638
2019-11-12 02:00,2019-11-12 03:00,3.056,1.233,0,0,0.591
2019-11-12 03:00,2019-11-12 04:00,2.913,1.234,0,0,0.417
2019-11-12 04:00,2019-11-12 05:00,2.767,1.234,0,0,0.438
2019-11-12 05:00,2019-11-12 06:00,2.841,1.235,0,0,0.460
2019-11-12 06:00,2019-11-12 07:00,2.805,1.235,0,0.001,0.488
2019-11-12 07:00,2019-11-12 08:00,3.056,1.235,25.107,85.744,0.705
2019-11-12 08:00,2019-11-12 09:00,3.732,1.233,65.470,258.792,0.875
2019-11-12 09:00,2019-11-12 10:00,4.359,1.231,81.492,392.472,0.728
2019-11-12 10:00,2019-11-12 11:00,5.230,1.227,154.894,477.289,0.656
2019-11-12 11:00,2019-11-12 12:00,5.843,1.225,177.742,507.387,0.682
2019-11-12 12:00,2019-11-12 13:00,5.949,1.223,143.262,480.798,0.750
2019-11-12 13:00,2019-11-12 14:00,5.728,1.223,98.451,399.261,0.757
2019-11-12 14:00,2019-11-12 15:00,5.338,1.224,62.142,268.447,0.689
2019-11-12 15:00,2019-11-12 16:00,4.625,1.225,19.743,97.115,0.650
2019-11-12 16:00,2019-11-12 17:00,3.750,1.228,0.005,0.054,0.542
2019-11-12 17:00,2019-11-12 18:00,3.008,1.230,0,0,0.372
2019-11-12 18:00,2019-11-12 19:00,2.291,1.232,0,0,0.258
2019-11-12 19:00,2019-11-12 20:00,1.812,1.234,0,0,0.246
2019-11-12 20:00,2019-11-12 21:00,1.555,1.235,0,0,0.261
2019-11-12 21:00,2019-11-12 22:00,1.564,1.235,0,0,0.344
2019-11-12 22:00,2019-11-12 23:00,1.757,1.236,0,0,0.448
2019-11-12 23:00,2019-11-13 00:00,2.045,1.236,0,0,0.543
2019-11-13 00:00,2019-11-13 01:00,2.101,1.237,0,0,0.643
2019-11-13 01:00,2019-11-13 02:00,2.130,1.237,0,0,0.657
2019-11-13 02:00,2019-11-13 03:00,2.215,1.236,0,0,0.649
2019-11-13 03:00,2019-11-13 04:00,2.315,1.235,0,0,0.624
2019-11-13 04:00,2019-11-13 05:00,2.288,1.235,0,0,0.576
2019-11-13 05:00,2019-11-13 06:00,2.263,1.235,0,0,0.599
2019-11-13 06:00,2019-11-13 07:00,2.432,1.235,0,0,0.614
2019-11-13 07:00,2019-11-13 08:00,2.808,1.234,13.321,80.664,0.671
2019-11-13 08:00,2019-11-13 09:00,3.530,1.233,50.367,253.119,0.779
2019-11-13 09:00,2019-11-13 10:00,4.337,1.230,63.549,386.612,0.856
2019-11-13 10:00,2019-11-13 11:00,5.067,1.227,66.341,471.319,0.884
2019-11-13 11:00,2019-11-13 12:00,5.711,1.224,81.932,501.512,0.797
2019-11-13 12:00,2019-11-13 13:00,6.298,1.221,101.530,474.923,0.647
2019-11-13 13:00,2019-11-13 14:00,6.771,1.219,128.170,393.511,0.464
2019-11-13 14:00,2019-11-13 15:00,6.585,1.219,83.797,262.822,0.520
2019-11-13 15:00,2019-11-13 16:00,5.527,1.220,19.839,91.758,0.493
2019-11-13 16:00,2019-11-13 17:00,4.302,1.223,0.001,0.009,0.438
2019-11-13 17:00,2019-11-13 18:00,3.711,1.226,0,0,0.385
2019-11-13 18:00,2019-11-13 19:00,3.268,1.229,0,0,0.412
2019-11-13 19:00,2019-11-13 20:00,2.986,1.230,0,0,0.404
2019-11-13 20:00,2019-11-13 21:00,2.652,1.231,0,0,0.371
2019-11-13 21:00,2019-11-13 22:00,2.705,1.231,0,0,0.395
2019-11-13 22:00,2019-11-13 23:00,2.831,1.230,0,0,0.391
2019-11-13 23:00,2019-11-14 00:00,2.779,1.229,0,0,0.355
2019-11-14 00:00,2019-11-14 01:00,2.686,1.229,0,0,0.307
2019-11-14 01:00,2019-11-14 02:00,2.744,1.229,0,0,0.222
2019-11-14 02:00,2019-11-14 03:00,2.469,1.230,0,0,0.181
2019-11-14 03:00,2019-11-14 04:00,2.305,1.232,0,0,0.485
2019-11-14 04:00,2019-11-14 05:00,2.153,1.234,0,0,0.864
2019-11-14 05:00,2019-11-14 06:00,2.068,1.236,0,0,0.986
2019-11-14 06:00,2019-11-14 07:00,2.154,1.237,0,0,0.976
2019-11-14 07:00,2019-11-14 08:00,2.339,1.237,22.179,75.807,0.946
2019-11-14 08:00,2019-11-14 09:00,3.196,1.236,100.987,247.558,0.945
2019-11-14 09:00,2019-11-14 10:00,4.432,1.232,186.059,380.972,0.960
2019-11-14 10:00,2019-11-14 11:00,5.895,1.227,267.970,465.554,0.885
2019-11-14 11:00,2019-11-14 12:00,7.210,1.221,309.392,495.667,0.754
2019-11-14 12:00,2019-11-14 13:00,8.098,1.217,279.384,469.173,0.930
2019-11-14 13:00,2019-11-14 14:00,8.285,1.214,205.925,387.886,0.956
2019-11-14 14:00,2019-11-14 15:00,7.540,1.215,112.184,257.219,0.957
2019-11-14 15:00,2019-11-14 16:00,5.526,1.217,23.167,86.591,0.976
2019-11-14 16:00,2019-11-14 17:00,4.423,1.220,0,0,0.985
2019-11-14 17:00,2019-11-14 18:00,4.019,1.223,0,0,0.975
2019-11-14 18:00,2019-11-14 19:00,3.561,1.225,0,0,0.968
2019-11-14 19:00,2019-11-14 20:00,3.171,1.229,0,0,0.974
2019-11-14 20:00,2019-11-14 21:00,2.937,1.231,0,0,0.980
2019-11-14 21:00,2019-11-14 22:00,2.534,1.232,0,0,0.968
2019-11-14 22:00,2019-11-14 23:00,1.987,1.233,0,0,0.959
2019-11-14 23:00,2019-11-15 00:00,1.548,1.234,0,0,0.964
2019-11-15 00:00,2019-11-15 01:00,1.290,1.235,0,0,0.982
2019-11-15 01:00,2019-11-15 02:00,1.329,1.236,0,0,0.986
2019-11-15 02:00,2019-11-15 03:00,1.355,1.236,0,0,0.988
2019-11-15 03:00,2019-11-15 04:00,1.048,1.238,0,0,0.983
2019-11-15 04:00,2019-11-15 05:00,0.874,1.239,0,0,0.982
2019-11-15 05:00,2019-11-15 06:00,0.679,1.240,0,0,0.982
2019-11-15 06:00,2019-11-15 07:00,0.553,1.241,0,0,0.986
2019-11-15 07:00,2019-11-15 08:00,0.774,1.241,11.206,71.191,0.983
2019-11-15 08:00,2019-11-15 09:00,1.617,1.239,51.622,242.071,0.965
2019-11-15 09:00,2019-11-15 10:00,2.384,1.236,51.675,375.360,0.978
2019-11-15 10:00,2019-11-15 11:00,3.060,1.233,62.529,459.929,0.983
2019-11-15 11:00,2019-11-15 12:00,3.732,1.231,70.517,490.012,0.979
2019-11-15 12:00,2019-11-15 13:00,4.413,1.228,82.885,463.533,0.978
2019-11-15 13:00,2019-11-15 14:00,4.931,1.225,78.689,382.261,0.978
2019-11-15 14:00,2019-11-15 15:00,4.829,1.224,53.940,251.789,0.981
2019-11-15 15:00,2019-11-15 16:00,3.693,1.224,20.066,81.665,0.961
2019-11-15 16:00,2019-11-15 17:00,1.901,1.226,0,0,0.890
2019-11-15 17:00,2019-11-15 18:00,1.506,1.229,0,0,0.925
2019-11-15 18:00,2019-11-15 19:00,1.868,1.230,0,0,0.983
2019-11-15 19:00,2019-11-15 20:00,1.588,1.231,0,0,0.986
2019-11-15 20:00,2019-11-15 21:00,1.820,1.232,0,0,0.988
2019-11-15 21:00,2019-11-15 22:00,2.194,1.233,0,0,0.988
2019-11-15 22:00,2019-11-15 23:00,1.938,1.234,0,0,0.989
2019-11-15 23:00,2019-11-16 00:00,1.619,1.235,0,0,0.988
2019-11-16 00:00,2019-11-16 01:00,1.343,1.235,0,0,0.986
2019-11-16 01:00,2019-11-16 02:00,1.170,1.236,0,0,0.989
2019-11-16 02:00,2019-11-16 03:00,1.224,1.237,0,0,0.991
2019-11-16 03:00,2019-11-16 04:00,1.328,1.238,0,0,0.992
2019-11-16 04:00,2019-11-16 05:00,1.295,1.239,0,0,0.993
2019-11-16 05:00,2019-11-16 06:00,1.112,1.240,0,0,0.994
2019-11-16 06:00,2019-11-16 07:00,0.721,1.242,0,0,0.991
2019-11-16 07:00,2019-11-16 08:00,0.460,1.243,15.076,66.775,0.964
2019-11-16 08:00,2019-11-16 09:00,2.052,1.244,90.414,236.745,0.851
2019-11-16 09:00,2019-11-16 10:00,3.800,1.243,206.548,369.862,0.561
2019-11-16 10:00,2019-11-16 11:00,5.744,1.236,298.697,454.306,0.348
2019-11-16 11:00,2019-11-16 12:00,7.150,1.230,336.373,484.389,0.152
2019-11-16 12:00,2019-11-16 13:00,7.797,1.227,318.676,457.925,0.060
2019-11-16 13:00,2019-11-16 14:00,7.872,1.226,251.415,376.775,0.056
2019-11-16 14:00,2019-11-16 15:00,6.943,1.226,147.882,246.469,0.051
2019-11-16 15:00,2019-11-16 16:00,3.717,1.228,35.399,76.960,0.045
2019-11-16 16:00,2019-11-16 17:00,1.661,1.232,0,0,0.032
2019-11-16 17:00,2019-11-16 18:00,1.130,1.236,0,0,0.023
2019-11-16 18:00,2019-11-16 19:00,0.914,1.240,0,0,0.018
2019-11-16 19:00,2019-11-16 20:00,0.620,1.244,0,0,0.030
2019-11-16 20:00,2019-11-16 21:00,0.060,1.247,0,0,0.006
2019-11-16 21:00,2019-11-16 22:00,-0.491,1.249,0,0,0
2019-11-16 22:00,2019-11-16 23:00,-0.957,1.251,0,0,0
2019-11-16 23:00,2019-11-17 00:00,-1.233,1.252,0,0,0.009
2019-11-17 00:00,2019-11-17 01:00,-1.268,1.253,0,0,0.141
2019-11-17 01:00,2019-11-17 02:00,-1.313,1.254,0,0,0.220
2019-11-17 02:00,2019-11-17 03:00,-1.780,1.256,0,0,0.244
2019-11-17 03:00,2019-11-17 04:00,-1.661,1.258,0,0,0.553
2019-11-17 04:00,2019-11-17 05:00,-1.227,1.260,0,0,0.948
2019-11-17 05:00,2019-11-17 06:00,-0.603,1.262,0,0,0.989
2019-11-17 06:00,2019-11-17 07:00,-0.503,1.264,0,0,0.989
2019-11-17 07:00,2019-11-17 08:00,-0.341,1.264,15.571,62.585,0.985
2019-11-17 08:00,2019-11-17 09:00,0.602,1.263,75.286,231.501,0.978
2019-11-17 09:00,2019-11-17 10:00,1.622,1.259,118.481,364.487,0.977
2019-11-17 10:00,2019-11-17 11:00,2.767,1.252,138.169,448.834,0.987
2019-11-17 11:00,2019-11-17 12:00,3.643,1.247,122.140,478.902,0.966
2019-11-17 12:00,2019-11-17 13:00,4.427,1.242,140.059,452.438,0.926
2019-11-17 13:00,2019-11-17 14:00,4.729,1.239,99.845,371.402,0.977
2019-11-17 14:00,2019-11-17 15:00,4.324,1.238,55.164,241.220,0.983
2019-11-17 15:00,2019-11-17 16:00,3.496,1.239,10.516,72.474,0.992
2019-11-17 16:00,2019-11-17 17:00,2.986,1.242,0,0,0.995
2019-11-17 17:00,2019-11-17 18:00,2.723,1.243,0,0,0.995
2019-11-17 18:00,2019-11-17 19:00,2.545,1.244,0,0,0.997
2019-11-17 19:00,2019-11-17 20:00,2.274,1.245,0,0,0.991
2019-11-17 20:00,2019-11-17 21:00,1.265,1.250,0,0,0.975
2019-11-17 21:00,2019-11-17 22:00,0.887,1.252,0,0,0.974
2019-11-17 22:00,2019-11-17 23:00,0.738,1.253,0,0,0.941
2019-11-17 23:00,2019-11-18 00:00,0.658,1.253,0,0,0.914
2019-11-18 00:00,2019-11-18 01:00,0.648,1.252,0,0,0.901
2019-11-18 01:00,2019-11-18 02:00,0.701,1.251,0,0,0.857
2019-11-18 02:00,2019-11-18 03:00,0.771,1.250,0,0,0.876
2019-11-18 03:00,2019-11-18 04:00,1.017,1.249,0,0,0.917
2019-11-18 04:00,2019-11-18 05:00,1.311,1.247,0,0,0.940
2019-11-18 05:00,2019-11-18 06:00,1.581,1.246,0,0,0.952
2019-11-18 06:00,2019-11-18 07:00,1.808,1.245,0,0,0.985
2019-11-18 07:00,2019-11-18 08:00,2.040,1.244,2.223,58.605,0.997
2019-11-18 08:00,2019-11-18 09:00,2.409,1.243,13.223,226.329,0.987
2019-11-18 09:00,2019-11-18 10:00,2.747,1.242,24.991,359.237,0.979
2019-11-18 10:00,2019-11-18 11:00,3.031,1.241,37.786,443.554,0.978
2019-11-18 11:00,2019-11-18 12:00,3.194,1.240,51.779,473.527,0.946
2019-11-18 12:00,2019-11-18 13:00,3.106,1.241,49.867,447.066,0.929
2019-11-18 13:00,2019-11-18 14:00,2.827,1.243,39.874,366.152,0.934
2019-11-18 14:00,2019-11-18 15:00,2.410,1.245,19.682,236.109,0.955
2019-11-18 15:00,2019-11-18 16:00,1.888,1.248,3.829,68.205,0.956
2019-11-18 16:00,2019-11-18 17:00,1.555,1.250,0,0,0.984
2019-11-18 17:00,2019-11-18 18:00,1.578,1.250,0,0,0.993
2019-11-18 18:00,2019-11-18 19:00,1.718,1.249,0,0,0.994
2019-11-18 19:00,2019-11-18 20:00,2.162,1.246,0,0,0.996
2019-11-18 20:00,2019-11-18 21:00,2.713,1.243,0,0,0.997
2019-11-18 21:00,2019-11-18 22:00,3.230,1.241,0,0,0.976
2019-11-18 22:00,2019-11-18 23:00,3.689,1.239,0,0,0.918
2019-11-18 23:00,2019-11-19 00:00,3.926,1.238,0,0,0.895
2019-11-19 00:00,2019-11-19 01:00,3.724,1.240,0,0,0.893
2019-11-19 01:00,2019-11-19 02:00,3.026,1.245,0,0,0.880
2019-11-19 02:00,2019-11-19 03:00,2.544,1.249,0,0,0.816
2019-11-19 03:00,2019-11-19 04:00,2.086,1.253,0,0,0.699
2019-11-19 04:00,2019-11-19 05:00,1.821,1.255,0,0,0.592
2019-11-19 05:00,2019-11-19 06:00,1.681,1.256,0,0,0.514
2019-11-19 06:00,2019-11-19 07:00,1.344,1.257,0,0,0.480
2019-11-19 07:00,2019-11-19 08:00,1.214,1.258,13.443,54.827,0.435
2019-11-19 08:00,2019-11-19 09:00,1.923,1.259,81.482,221.321,0.419
2019-11-19 09:00,2019-11-19 10:00,2.754,1.256,153.292,354.017,0.388
2019-11-19 10:00,2019-11-19 11:00,3.570,1.253,194.918,438.304,0.420
2019-11-19 11:00,2019-11-19 12:00,4.215,1.250,205.107,468.183,0.468
2019-11-19 12:00,2019-11-19 13:00,4.554,1.248,170.508,441.829,0.512
2019-11-19 13:00,2019-11-19 14:00,4.631,1.247,121.607,361.027,0.566
2019-11-19 14:00,2019-11-19 15:00,4.379,1.247,63.843,231.101,0.568
2019-11-19 15:00,2019-11-19 16:00,3.233,1.248,13.532,64.149,0.523
2019-11-19 16:00,2019-11-19 17:00,2.153,1.249,0,0,0.498
2019-11-19 17:00,2019-11-19 18:00,1.837,1.251,0,0,0.492
2019-11-19 18:00,2019-11-19 19:00,1.537,1.252,0,0,0.513
2019-11-19 19:00,2019-11-19 20:00,1.362,1.254,0,0,0.500
2019-11-19 20:00,2019-11-19 21:00,1.072,1.256,0,0,0.506
2019-11-19 21:00,2019-11-19 22:00,0.919,1.258,0,0,0.591
2019-11-19 22:00,2019-11-19 23:00,0.949,1.260,0,0,0.630
2019-11-19 23:00,2019-11-20 00:00,0.771,1.262,0,0,0.612
2019-11-20 00:00,2019-11-20 01:00,0.667,1.263,0,0,0.607
2019-11-20 01:00,2019-11-20 02:00,0.602,1.264,0,0,0.598
2019-11-20 02:00,2019-11-20 03:00,0.572,1.265,0,0,0.582
2019-11-20 03:00,2019-11-20 04:00,0.418,1.265,0,0,0.564
2019-11-20 04:00,2019-11-20 05:00,0.233,1.264,0,0,0.556
2019-11-20 05:00,2019-11-20 06:00,0.088,1.263,0,0,0.543
2019-11-20 06:00,2019-11-20 07:00,-0.021,1.262,0,0,0.533
2019-11-20 07:00,2019-11-20 08:00,0.187,1.262,14.544,51.253,0.526
2019-11-20 08:00,2019-11-20 09:00,1.983,1.260,86.335,216.392,0.510
2019-11-20 09:00,2019-11-20 10:00,3.185,1.257,166.345,349.000,0.522
2019-11-20 10:00,2019-11-20 11:00,3.902,1.254,214.997,433.181,0.529
2019-11-20 11:00,2019-11-20 12:00,4.441,1.251,232.036,463.058,0.374
2019-11-20 12:00,2019-11-20 13:00,4.768,1.248,220.258,436.704,0.360
2019-11-20 13:00,2019-11-20 14:00,4.808,1.247,179.685,355.932,0.476
2019-11-20 14:00,2019-11-20 15:00,4.335,1.246,92.049,226.180,0.522
2019-11-20 15:00,2019-11-20 16:00,2.635,1.247,18.464,60.288,0.514
2019-11-20 16:00,2019-11-20 17:00,1.346,1.248,0,0,0.466
2019-11-20 17:00,2019-11-20 18:00,0.699,1.250,0,0,0.315
2019-11-20 18:00,2019-11-20 19:00,-0.329,1.253,0,0,0.083
2019-11-20 19:00,2019-11-20 20:00,-1.469,1.256,0,0,0.035
2019-11-20 20:00,2019-11-20 21:00,-2.026,1.259,0,0,0.080
2019-11-20 21:00,2019-11-20 22:00,-2.160,1.262,0,0,0.127
2019-11-20 22:00,2019-11-20 23:00,-2.288,1.265,0,0,0.114
2019-11-20 23:00,2019-11-21 00:00,-2.570,1.267,0,0,0.137
2019-11-21 00:00,2019-11-21 01:00,-2.842,1.268,0,0,0.236
2019-11-21 01:00,2019-11-21 02:00,-2.836,1.268,0,0,0.416
2019-11-21 02:00,2019-11-21 03:00,-2.512,1.268,0,0,0.828
2019-11-21 03:00,2019-11-21 04:00,-1.956,1.268,0,0,0.971
2019-11-21 04:00,2019-11-21 05:00,-1.485,1.267,0,0,0.993
2019-11-21 05:00,2019-11-21 06:00,-1.188,1.267,0,0,0.998
2019-11-21 06:00,2019-11-21 07:00,-1.062,1.266,0,0,0.998
2019-11-21 07:00,2019-11-21 08:00,-0.829,1.265,9.222,47.880,0.997
2019-11-21 08:00,2019-11-21 09:00,0.156,1.261,51.033,211.587,0.996
2019-11-21 09:00,2019-11-21 10:00,1.268,1.255,87.555,344.112,0.995
2019-11-21 10:00,2019-11-21 11:00,2.131,1.251,108.584,428.071,0.987
2019-11-21 11:00,2019-11-21 12:00,2.895,1.246,118.983,458.043,0.978
2019-11-21 12:00,2019-11-21 13:00,3.483,1.242,116.341,431.704,0.970
2019-11-21 13:00,2019-11-21 14:00,3.766,1.240,96.539,351.042,0.954
2019-11-21 14:00,2019-11-21 15:00,3.522,1.239,50.942,221.430,0.951
2019-11-21 15:00,2019-11-21 16:00,2.832,1.239,10.009,56.642,0.950
2019-11-21 16:00,2019-11-21 17:00,2.660,1.240,0,0,0.957
2019-11-21 17:00,2019-11-21 18:00,2.612,1.241,0,0,0.973
2019-11-21 18:00,2019-11-21 19:00,2.517,1.241,0,0,0.969
2019-11-21 19:00,2019-11-21 20:00,2.376,1.241,0,0,0.964
2019-11-21 20:00,2019-11-21 21:00,2.298,1.241,0,0,0.961
2019-11-21 21:00,2019-11-21 22:00,2.263,1.241,0,0,0.958
2019-11-21 22:00,2019-11-21 23:00,2.225,1.241,0,0,0.954
2019-11-21 23:00,2019-11-22 00:00,2.180,1.241,0,0,0.945
2019-11-22 00:00,2019-11-22 01:00,2.426,1.241,0,0,0.804
2019-11-22 01:00,2019-11-22 02:00,2.491,1.242,0,0,0.669
2019-11-22 02:00,2019-11-22 03:00,2.492,1.243,0,0,0.730
2019-11-22 03:00,2019-11-22 04:00,2.577,1.242,0,0,0.851
2019-11-22 04:00,2019-11-22 05:00,2.611,1.242,0,0,0.898
2019-11-22 05:00,2019-11-22 06:00,2.584,1.242,0,0,0.872
2019-11-22 06:00,2019-11-22 07:00,2.375,1.242,0,0,0.614
2019-11-22 07:00,2019-11-22 08:00,2.202,1.243,13.738,44.697,0.378
2019-11-22 08:00,2019-11-22 09:00,3.000,1.242,90.005,206.954,0.361
2019-11-22 09:00,2019-11-22 10:00,4.189,1.238,188.723,339.253,0.346
2019-11-22 10:00,2019-11-22 11:00,5.609,1.232,253.171,423.210,0.666
2019-11-22 11:00,2019-11-22 12:00,6.627,1.227,261.390,453.154,0.922
2019-11-22 12:00,2019-11-22 13:00,6.981,1.225,239.536,426.831,0.959
2019-11-22 13:00,2019-11-22 14:00,6.745,1.225,177.162,346.277,0.965
2019-11-22 14:00,2019-11-22 15:00,5.889,1.227,78.998,216.743,0.984
2019-11-22 15:00,2019-11-22 16:00,4.856,1.230,12.145,53.186,0.993
2019-11-22 16:00,2019-11-22 17:00,4.356,1.233,0,0,0.993
2019-11-22 17:00,2019-11-22 18:00,4.081,1.234,0,0,0.995
2019-11-22 18:00,2019-11-22 19:00,3.916,1.235,0,0,0.993
2019-11-22 19:00,2019-11-22 20:00,3.636,1.236,0,0,0.967
2019-11-22 20:00,2019-11-22 21:00,3.169,1.237,0,0,0.950
2019-11-22 21:00,2019-11-22 22:00,2.665,1.238,0,0,0.967
2019-11-22 22:00,2019-11-22 23:00,2.167,1.239,0,0,0.965
2019-11-22 23:00,2019-11-23 00:00,1.988,1.240,0,0,0.973
2019-11-23 00:00,2019-11-23 01:00,2.085,1.239,0,0,0.988
2019-11-23 01:00,2019-11-23 02:00,2.319,1.238,0,0,0.996
2019-11-23 02:00,2019-11-23 03:00,2.465,1.237,0,0,0.998
2019-11-23 03:00,2019-11-23 04:00,2.552,1.236,0,0,0.993
2019-11-23 04:00,2019-11-23 05:00,2.465,1.236,0,0,0.987
2019-11-23 05:00,2019-11-23 06:00,2.325,1.236,0,0,0.984
2019-11-23 06:00,2019-11-23 07:00,2.232,1.235,0,0,0.975
2019-11-23 07:00,2019-11-23 08:00,2.198,1.235,11.240,41.699,0.974
2019-11-23 08:00,2019-11-23 09:00,2.886,1.233,73.154,202.392,0.972
2019-11-23 09:00,2019-11-23 10:00,4.297,1.227,155.674,334.625,0.939
2019-11-23 10:00,2019-11-23 11:00,6.055,1.219,230.611,418.460,0.933
2019-11-23 11:00,2019-11-23 12:00,7.613,1.212,233.216,448.310,0.943
2019-11-23 12:00,2019-11-23 13:00,8.688,1.206,216.202,422.081,0.933
2019-11-23 13:00,2019-11-23 14:00,9.320,1.202,200.960,341.557,0.936
2019-11-23 14:00,2019-11-23 15:00,8.723,1.201,111.784,212.243,0.949
2019-11-23 15:00,2019-11-23 16:00,6.720,1.203,18.208,49.926,0.946
2019-11-23 16:00,2019-11-23 17:00,5.824,1.207,0,0,0.946
2019-11-23 17:00,2019-11-23 18:00,5.429,1.211,0,0,0.947
2019-11-23 18:00,2019-11-23 19:00,5.029,1.214,0,0,0.948
2019-11-23 19:00,2019-11-23 20:00,4.536,1.216,0,0,0.946
2019-11-23 20:00,2019-11-23 21:00,4.178,1.218,0,0,0.942
2019-11-23 21:00,2019-11-23 22:00,3.822,1.220,0,0,0.944
2019-11-23 22:00,2019-11-23 23:00,3.438,1.222,0,0,0.949
2019-11-23 23:00,2019-11-24 00:00,3.103,1.225,0,0,0.956
2019-11-24 00:00,2019-11-24 01:00,3.097,1.228,0,0,0.969
2019-11-24 01:00,2019-11-24 02:00,3.198,1.230,0,0,0.980
2019-11-24 02:00,2019-11-24 03:00,3.067,1.231,0,0,0.980
2019-11-24 03:00,2019-11-24 04:00,3.136,1.231,0,0,0.978
2019-11-24 04:00,2019-11-24 05:00,3.121,1.231,0,0,0.979
2019-11-24 05:00,2019-11-24 06:00,3.191,1.231,0,0,0.979
2019-11-24 06:00,2019-11-24 07:00,3.230,1.231,0,0,0.964
2019-11-24 07:00,2019-11-24 08:00,3.186,1.232,9.369,38.877,0.807
2019-11-24 08:00,2019-11-24 09:00,4.396,1.232,71.408,197.954,0.640
2019-11-24 09:00,2019-11-24 10:00,6.286,1.229,169.319,330.003,0.381
2019-11-24 10:00,2019-11-24 11:00,7.988,1.223,258.178,413.835,0.394
2019-11-24 11:00,2019-11-24 12:00,9.239,1.218,284.819,443.670,0.822
2019-11-24 12:00,2019-11-24 13:00,9.868,1.214,235.221,417.456,0.946
2019-11-24 13:00,2019-11-24 14:00,9.923,1.213,154.571,337.042,0.870
2019-11-24 14:00,2019-11-24 15:00,9.054,1.213,97.771,207.813,0.422
2019-11-24 15:00,2019-11-24 16:00,7.186,1.215,15.672,46.843,0.468
2019-11-24 16:00,2019-11-24 17:00,6.476,1.217,0,0,0.899
2019-11-24 17:00,2019-11-24 18:00,6.386,1.219,0,0,0.974
2019-11-24 18:00,2019-11-24 19:00,6.388,1.220,0,0,0.982
2019-11-24 19:00,2019-11-24 20:00,6.324,1.221,0,0,0.989
2019-11-24 20:00,2019-11-24 21:00,6.195,1.221,0,0,0.992
2019-11-24 21:00,2019-11-24 22:00,5.997,1.222,0,0,0.993
2019-11-24 22:00,2019-11-24 23:00,5.844,1.223,0,0,0.990
2019-11-24 23:00,2019-11-25 00:00,5.443,1.225,0,0,0.972
2019-11-25 00:00,2019-11-25 01:00,5.193,1.227,0,0,0.980
2019-11-25 01:00,2019-11-25 02:00,5.228,1.229,0,0,0.992
2019-11-25 02:00,2019-11-25 03:00,5.316,1.231,0,0,0.997
2019-11-25 03:00,2019-11-25 04:00,5.262,1.232,0,0,0.998
2019-11-25 04:00,2019-11-25 05:00,4.951,1.233,0,0,0.998
2019-11-25 05:00,2019-11-25 06:00,4.793,1.234,0,0,0.996
2019-11-25 06:00,2019-11-25 07:00,4.766,1.234,0,0,0.992
2019-11-25 07:00,2019-11-25 08:00,4.829,1.234,4.367,36.213,0.977
2019-11-25 08:00,2019-11-25 09:00,5.691,1.233,35.951,193.649,0.982
2019-11-25 09:00,2019-11-25 10:00,6.579,1.231,68.330,325.628,0.996
2019-11-25 10:00,2019-11-25 11:00,7.261,1.228,79.052,409.335,0.996
2019-11-25 11:00,2019-11-25 12:00,7.780,1.225,75.894,439.168,0.996
2019-11-25 12:00,2019-11-25 13:00,8.102,1.223,71.254,412.956,0.995
2019-11-25 13:00,2019-11-25 14:00,8.125,1.221,59.204,332.667,0.992
2019-11-25 14:00,2019-11-25 15:00,7.529,1.221,34.197,203.515,0.991
2019-11-25 15:00,2019-11-25 16:00,6.485,1.221,6.085,43.944,0.992
2019-11-25 16:00,2019-11-25 17:00,6.144,1.222,0,0,0.994
2019-11-25 17:00,2019-11-25 18:00,6.168,1.223,0,0,0.995
2019-11-25 18:00,2019-11-25 19:00,5.961,1.224,0,0,0.973
2019-11-25 19:00,2019-11-25 20:00,5.504,1.225,0,0,0.783
2019-11-25 20:00,2019-11-25 21:00,4.965,1.226,0,0,0.423
2019-11-25 21:00,2019-11-25 22:00,4.481,1.227,0,0,0.196
2019-11-25 22:00,2019-11-25 23:00,4.335,1.228,0,0,0.183
2019-11-25 23:00,2019-11-26 00:00,4.438,1.230,0,0,0.290
2019-11-26 00:00,2019-11-26 01:00,4.614,1.232,0,0,0.654
2019-11-26 01:00,2019-11-26 02:00,4.621,1.234,0,0,0.955
2019-11-26 02:00,2019-11-26 03:00,4.629,1.234,0,0,0.984
2019-11-26 03:00,2019-11-26 04:00,4.780,1.233,0,0,0.984
2019-11-26 04:00,2019-11-26 05:00,4.958,1.231,0,0,0.984
2019-11-26 05:00,2019-11-26 06:00,5.176,1.230,0,0,0.994
2019-11-26 06:00,2019-11-26 07:00,5.585,1.227,0,0,0.993
2019-11-26 07:00,2019-11-26 08:00,5.927,1.225,2.963,33.723,0.991
2019-11-26 08:00,2019-11-26 09:00,6.582,1.222,23.165,189.462,0.992
2019-11-26 09:00,2019-11-26 10:00,7.558,1.219,68.549,321.281,0.975
2019-11-26 10:00,2019-11-26 11:00,8.641,1.214,116.300,404.960,0.967
2019-11-26 11:00,2019-11-26 12:00,9.564,1.210,148.697,434.795,0.964
2019-11-26 12:00,2019-11-26 13:00,10.326,1.207,167.744,408.594,0.962
2019-11-26 13:00,2019-11-26 14:00,10.467,1.204,114.156,328.323,0.966
2019-11-26 14:00,2019-11-26 15:00,9.971,1.204,58.884,199.383,0.968
2019-11-26 15:00,2019-11-26 16:00,8.920,1.205,9.298,41.218,0.968
2019-11-26 16:00,2019-11-26 17:00,8.636,1.206,0,0,0.974
2019-11-26 17:00,2019-11-26 18:00,8.704,1.207,0,0,0.976
2019-11-26 18:00,2019-11-26 19:00,8.521,1.208,0,0,0.971
2019-11-26 19:00,2019-11-26 20:00,8.356,1.208,0,0,0.961
2019-11-26 20:00,2019-11-26 21:00,8.054,1.208,0,0,0.969
2019-11-26 21:00,2019-11-26 22:00,7.771,1.209,0,0,0.992
2019-11-26 22:00,2019-11-26 23:00,7.736,1.209,0,0,0.987
2019-11-26 23:00,2019-11-27 00:00,7.752,1.207,0,0,0.979
2019-11-27 00:00,2019-11-27 01:00,7.921,1.205,0,0,0.974
2019-11-27 01:00,2019-11-27 02:00,7.896,1.204,0,0,0.977
2019-11-27 02:00,2019-11-27 03:00,7.680,1.204,0,0,0.989
2019-11-27 03:00,2019-11-27 04:00,7.361,1.203,0,0,0.991
2019-11-27 04:00,2019-11-27 05:00,7.083,1.203,0,0,0.968
2019-11-27 05:00,2019-11-27 06:00,6.910,1.204,0,0,0.981
2019-11-27 06:00,2019-11-27 07:00,7.082,1.203,0,0,0.987
2019-11-27 07:00,2019-11-27 08:00,7.371,1.201,1.487,31.395,0.981
2019-11-27 08:00,2019-11-27 09:00,8.130,1.197,18.079,185.407,0.983
2019-11-27 09:00,2019-11-27 10:00,9.036,1.194,71.898,317.141,0.856
2019-11-27 10:00,2019-11-27 11:00,9.992,1.192,171.221,400.710,0.501
2019-11-27 11:00,2019-11-27 12:00,10.559,1.190,190.019,430.545,0.403
2019-11-27 12:00,2019-11-27 13:00,10.827,1.188,194.834,404.456,0.324
2019-11-27 13:00,2019-11-27 14:00,10.783,1.188,167.110,324.198,0.607
2019-11-27 14:00,2019-11-27 15:00,10.153,1.188,65.499,195.376,0.745
2019-11-27 15:00,2019-11-27 16:00,9.433,1.190,7.194,38.661,0.732
2019-11-27 16:00,2019-11-27 17:00,9.306,1.189,0,0,0.941
2019-11-27 17:00,2019-11-27 18:00,9.477,1.189,0,0,0.978
2019-11-27 18:00,2019-11-27 19:00,9.538,1.188,0,0,0.942
2019-11-27 19:00,2019-11-27 20:00,9.502,1.188,0,0,0.621
2019-11-27 20:00,2019-11-27 21:00,9.548,1.188,0,0,0.392
2019-11-27 21:00,2019-11-27 22:00,9.472,1.188,0,0,0.269
2019-11-27 22:00,2019-11-27 23:00,9.298,1.189,0,0,0.262
2019-11-27 23:00,2019-11-28 00:00,9.129,1.190,0,0,0.344
2019-11-28 00:00,2019-11-28 01:00,8.996,1.191,0,0,0.472
2019-11-28 01:00,2019-11-28 02:00,8.935,1.192,0,0,0.604
2019-11-28 02:00,2019-11-28 03:00,8.965,1.192,0,0,0.667
2019-11-28 03:00,2019-11-28 04:00,8.949,1.192,0,0,0.632
2019-11-28 04:00,2019-11-28 05:00,8.824,1.193,0,0,0.534
2019-11-28 05:00,2019-11-28 06:00,8.630,1.194,0,0,0.503
2019-11-28 06:00,2019-11-28 07:00,8.498,1.195,0,0,0.554
2019-11-28 07:00,2019-11-28 08:00,8.486,1.196,4.782,29.220,0.660
2019-11-28 08:00,2019-11-28 09:00,8.737,1.196,38.496,181.524,0.703
2019-11-28 09:00,2019-11-28 10:00,9.096,1.195,72.435,313.141,0.781
2019-11-28 10:00,2019-11-28 11:00,9.366,1.195,85.723,396.710,0.897
2019-11-28 11:00,2019-11-28 12:00,9.466,1.195,81.197,426.433,0.941
2019-11-28 12:00,2019-11-28 13:00,9.442,1.195,60.507,400.331,0.946
2019-11-28 13:00,2019-11-28 14:00,9.326,1.195,46.595,320.198,0.950
2019-11-28 14:00,2019-11-28 15:00,9.030,1.197,22.598,191.461,0.931
2019-11-28 15:00,2019-11-28 16:00,8.592,1.199,3.152,36.262,0.922
2019-11-28 16:00,2019-11-28 17:00,8.299,1.202,0,0,0.915
2019-11-28 17:00,2019-11-28 18:00,8.112,1.203,0,0,0.873
2019-11-28 18:00,2019-11-28 19:00,7.938,1.205,0,0,0.827
2019-11-28 19:00,2019-11-28 20:00,7.782,1.206,0,0,0.881
2019-11-28 20:00,2019-11-28 21:00,7.694,1.208,0,0,0.954
2019-11-28 21:00,2019-11-28 22:00,7.638,1.209,0,0,0.982
2019-11-28 22:00,2019-11-28 23:00,7.550,1.210,0,0,0.996
2019-11-28 23:00,2019-11-29 00:00,7.275,1.213,0,0,0.996
2019-11-29 00:00,2019-11-29 01:00,6.919,1.215,0,0,0.996
2019-11-29 01:00,2019-11-29 02:00,6.630,1.218,0,0,0.989
2019-11-29 02:00,2019-11-29 03:00,6.228,1.221,0,0,0.960
2019-11-29 03:00,2019-11-29 04:00,5.627,1.225,0,0,0.907
2019-11-29 04:00,2019-11-29 05:00,5.007,1.229,0,0,0.819
2019-11-29 05:00,2019-11-29 06:00,4.319,1.233,0,0,0.734
2019-11-29 06:00,2019-11-29 07:00,3.689,1.238,0,0,0.779
2019-11-29 07:00,2019-11-29 08:00,3.300,1.242,4.589,27.196,0.789
2019-11-29 08:00,2019-11-29 09:00,3.531,1.243,54.624,177.726,0.426
2019-11-29 09:00,2019-11-29 10:00,4.440,1.241,176.396,309.266,0.161
2019-11-29 10:00,2019-11-29 11:00,5.881,1.236,246.751,392.710,0.089
2019-11-29 11:00,2019-11-29 12:00,6.925,1.232,260.138,422.448,0.124
2019-11-29 12:00,2019-11-29 13:00,7.285,1.231,232.133,396.441,0.144
2019-11-29 13:00,2019-11-29 14:00,7.138,1.231,172.148,316.323,0.132
2019-11-29 14:00,2019-11-29 15:00,6.284,1.233,88.703,187.712,0.150
2019-11-29 15:00,2019-11-29 16:00,4.137,1.237,11.036,34.018,0.152
2019-11-29 16:00,2019-11-29 17:00,3.168,1.240,0,0,0.136
2019-11-29 17:00,2019-11-29 18:00,2.704,1.244,0,0,0.129
2019-11-29 18:00,2019-11-29 19:00,2.218,1.248,0,0,0.132
2019-11-29 19:00,2019-11-29 20:00,1.782,1.252,0,0,0.162
2019-11-29 20:00,2019-11-29 21:00,1.532,1.255,0,0,0.246
2019-11-29 21:00,2019-11-29 22:00,1.261,1.258,0,0,0.407
2019-11-29 22:00,2019-11-29 23:00,1.216,1.260,0,0,0.490
2019-11-29 23:00,2019-11-30 00:00,1.242,1.262,0,0,0.507
2019-11-30 00:00,2019-11-30 01:00,1.187,1.263,0,0,0.527
2019-11-30 01:00,2019-11-30 02:00,0.755,1.264,0,0,0.418
2019-11-30 02:00,2019-11-30 03:00,0.326,1.266,0,0,0.455
2019-11-30 03:00,2019-11-30 04:00,0.357,1.267,0,0,0.574
2019-11-30 04:00,2019-11-30 05:00,0.581,1.270,0,0,0.749
2019-11-30 05:00,2019-11-30 06:00,0.939,1.272,0,0,0.904
2019-11-30 06:00,2019-11-30 07:00,1.024,1.273,0,0,0.942
2019-11-30 07:00,2019-11-30 08:00,0.905,1.275,4.164,25.310,0.922
2019-11-30 08:00,2019-11-30 09:00,1.013,1.275,41.287,174.101,0.877
2019-11-30 09:00,2019-11-30 10:00,1.610,1.274,92.592,305.518,0.779
2019-11-30 10:00,2019-11-30 11:00,2.751,1.269,152.112,388.960,0.623
2019-11-30 11:00,2019-11-30 12:00,4.248,1.262,203.680,418.683,0.279
2019-11-30 12:00,2019-11-30 13:00,5.365,1.256,229.711,392.596,0.216
2019-11-30 13:00,2019-11-30 14:00,5.475,1.254,172.219,312.669,0.261
2019-11-30 14:00,2019-11-30 15:00,4.475,1.254,86.809,184.141,0.239
2019-11-30 15:00,2019-11-30 16:00,2.327,1.257,11.108,31.916,0.239
2019-11-30 16:00,2019-11-30 17:00,1.139,1.259,0,0,0.239
2019-11-30 17:00,2019-11-30 18:00,0.469,1.261,0,0,0.326
2019-11-30 18:00,2019-11-30 19:00,-0.038,1.262,0,0,0.620
2019-11-30 19:00,2019-11-30 20:00,-0.518,1.262,0,0,0.820
2019-11-30 20:00,2019-11-30 21:00,-0.960,1.263,0,0,0.932
2019-11-30 21:00,2019-11-30 22:00,-1.159,1.264,0,0,0.950
2019-11-30 22:00,2019-11-30 23:00,-1.249,1.265,0,0,0.933
2019-11-30 23:00,2019-12-01 00:00,-1.738,1.267,0,0,0.774
2019-12-01 00:00,2019-12-01 01:00,-2.216,1.269,0,0,0.882
2019-12-01 01:00,2019-12-01 02:00,-2.069,1.272,0,0,0.963
2019-12-01 02:00,2019-12-01 03:00,-1.472,1.273,0,0,0.984
2019-12-01 03:00,2019-12-01 04:00,-1.206,1.274,0,0,0.987
2019-12-01 04:00,2019-12-01 05:00,-1.169,1.273,0,0,0.993
2019-12-01 05:00,2019-12-01 06:00,-1.366,1.272,0,0,0.980
2019-12-01 06:00,2019-12-01 07:00,-1.791,1.272,0,0,0.978
2019-12-01 07:00,2019-12-01 08:00,-1.051,1.271,4.892,23.557,0.990
2019-12-01 08:00,2019-12-01 09:00,-0.068,1.271,28.551,170.650,0.990
2019-12-01 09:00,2019-12-01 10:00,0.534,1.270,56.256,301.906,0.992
2019-12-01 10:00,2019-12-01 11:00,1.221,1.269,83.275,385.320,0.993
2019-12-01 11:00,2019-12-01 12:00,1.765,1.266,91.066,414.950,0.990
2019-12-01 12:00,2019-12-01 13:00,1.931,1.264,69.960,388.971,0.987
2019-12-01 13:00,2019-12-01 14:00,1.710,1.262,45.246,309.073,0.988
2019-12-01 14:00,2019-12-01 15:00,1.144,1.263,22.415,180.649,0.991
2019-12-01 15:00,2019-12-01 16:00,0.421,1.264,2.776,29.967,0.992
2019-12-01 16:00,2019-12-01 17:00,0.256,1.265,0,0,0.992
2019-12-01 17:00,2019-12-01 18:00,0.191,1.267,0,0,0.992
2019-12-01 18:00,2019-12-01 19:00,0.053,1.269,0,0,0.993
2019-12-01 19:00,2019-12-01 20:00,-0.098,1.271,0,0,0.992
2019-12-01 20:00,2019-12-01 21:00,-0.297,1.272,0,0,0.986
2019-12-01 21:00,2019-12-01 22:00,-0.500,1.273,0,0,0.939
2019-12-01 22:00,2019-12-01 23:00,-0.784,1.274,0,0,0.842
2019-12-01 23:00,2019-12-02 00:00,-1.350,1.275,0,0,0.518
2019-12-02 00:00,2019-12-02 01:00,-2.030,1.277,0,0,0.407
2019-12-02 01:00,2019-12-02 02:00,-1.992,1.279,0,0,0.482
2019-12-02 02:00,2019-12-02 03:00,-1.723,1.280,0,0,0.577
2019-12-02 03:00,2019-12-02 04:00,-1.573,1.283,0,0,0.695
2019-12-02 04:00,2019-12-02 05:00,-1.420,1.285,0,0,0.774
2019-12-02 05:00,2019-12-02 06:00,-1.403,1.286,0,0,0.815
2019-12-02 06:00,2019-12-02 07:00,-1.315,1.286,0,0,0.896
2019-12-02 07:00,2019-12-02 08:00,-1.001,1.285,2.497,21.932,0.925
2019-12-02 08:00,2019-12-02 09:00,-0.310,1.283,21.209,167.281,0.850
2019-12-02 09:00,2019-12-02 10:00,0.494,1.280,47.890,298.518,0.823
2019-12-02 10:00,2019-12-02 11:00,1.312,1.277,67.209,381.820,0.829
2019-12-02 11:00,2019-12-02 12:00,2.035,1.273,68.369,411.450,0.832
2019-12-02 12:00,2019-12-02 13:00,2.607,1.269,59.404,385.471,0.810
2019-12-02 13:00,2019-12-02 14:00,3.037,1.266,47.914,305.683,0.803
2019-12-02 14:00,2019-12-02 15:00,3.090,1.263,24.182,177.343,0.778
2019-12-02 15:00,2019-12-02 16:00,2.559,1.261,2.954,28.151,0.708
2019-12-02 16:00,2019-12-02 17:00,2.405,1.260,0,0,0.627
2019-12-02 17:00,2019-12-02 18:00,2.381,1.260,0,0,0.697
2019-12-02 18:00,2019-12-02 19:00,2.722,1.261,0,0,0.792
2019-12-02 19:00,2019-12-02 20:00,3.061,1.262,0,0,0.876
2019-12-02 20:00,2019-12-02 21:00,3.164,1.264,0,0,0.956
2019-12-02 21:00,2019-12-02 22:00,3.164,1.265,0,0,0.949
2019-12-02 22:00,2019-12-02 23:00,3.157,1.265,0,0,0.900
2019-12-02 23:00,2019-12-03 00:00,3.255,1.266,0,0,0.902
2019-12-03 00:00,2019-12-03 01:00,3.288,1.265,0,0,0.886
2019-12-03 01:00,2019-12-03 02:00,3.278,1.265,0,0,0.933
2019-12-03 02:00,2019-12-03 03:00,3.354,1.265,0,0,0.928
2019-12-03 03:00,2019-12-03 04:00,3.378,1.266,0,0,0.948
2019-12-03 04:00,2019-12-03 05:00,3.390,1.267,0,0,0.975
2019-12-03 05:00,2019-12-03 06:00,3.175,1.269,0,0,0.997
2019-12-03 06:00,2019-12-03 07:00,2.889,1.271,0,0,0.997
2019-12-03 07:00,2019-12-03 08:00,2.736,1.272,1.596,20.437,0.997
2019-12-03 08:00,2019-12-03 09:00,2.938,1.272,19.541,164.094,0.997
2019-12-03 09:00,2019-12-03 10:00,3.480,1.270,46.487,295.251,0.957
2019-12-03 10:00,2019-12-03 11:00,4.305,1.266,89.473,378.460,0.825
2019-12-03 11:00,2019-12-03 12:00,5.327,1.261,111.120,408.075,0.790
2019-12-03 12:00,2019-12-03 13:00,6.001,1.257,125.898,382.110,0.679
2019-12-03 13:00,2019-12-03 14:00,6.229,1.254,109.696,302.338,0.526
2019-12-03 14:00,2019-12-03 15:00,5.733,1.253,62.938,174.157,0.458
2019-12-03 15:00,2019-12-03 16:00,4.936,1.253,6.840,26.467,0.466
2019-12-03 16:00,2019-12-03 17:00,4.400,1.253,0,0,0.451
2019-12-03 17:00,2019-12-03 18:00,3.890,1.253,0,0,0.409
2019-12-03 18:00,2019-12-03 19:00,3.591,1.253,0,0,0.513
2019-12-03 19:00,2019-12-03 20:00,3.253,1.253,0,0,0.813
2019-12-03 20:00,2019-12-03 21:00,2.859,1.253,0,0,0.601
2019-12-03 21:00,2019-12-03 22:00,1.977,1.253,0,0,0.277
2019-12-03 22:00,2019-12-03 23:00,1.167,1.255,0,0,0.097
2019-12-03 23:00,2019-12-04 00:00,0.554,1.258,0,0,0.094
2019-12-04 00:00,2019-12-04 01:00,0.118,1.261,0,0,0.121
2019-12-04 01:00,2019-12-04 02:00,-0.310,1.265,0,0,0.146
2019-12-04 02:00,2019-12-04 03:00,-0.671,1.269,0,0,0.244
2019-12-04 03:00,2019-12-04 04:00,-0.724,1.271,0,0,0.373
2019-12-04 04:00,2019-12-04 05:00,-0.599,1.274,0,0,0.494
2019-12-04 05:00,2019-12-04 06:00,-0.435,1.276,0,0,0.627
2019-12-04 06:00,2019-12-04 07:00,-0.382,1.277,0,0,0.693
2019-12-04 07:00,2019-12-04 08:00,-0.301,1.278,4.295,19.051,0.697
2019-12-04 08:00,2019-12-04 09:00,0.589,1.276,55.238,161.039,0.463
2019-12-04 09:00,2019-12-04 10:00,1.902,1.271,160.888,292.031,0.073
2019-12-04 10:00,2019-12-04 11:00,3.523,1.264,245.591,375.225,0.006
2019-12-04 11:00,2019-12-04 12:00,4.909,1.257,271.152,404.933,0
2019-12-04 12:00,2019-12-04 13:00,5.714,1.251,251.138,378.971,0
2019-12-04 13:00,2019-12-04 14:00,5.861,1.249,188.377,299.213,0
2019-12-04 14:00,2019-12-04 15:00,4.480,1.248,94.015,171.157,0
2019-12-04 15:00,2019-12-04 16:00,1.752,1.249,9.653,24.909,0
2019-12-04 16:00,2019-12-04 17:00,0.699,1.251,0,0,0
2019-12-04 17:00,2019-12-04 18:00,0.176,1.254,0,0,0
2019-12-04 18:00,2019-12-04 19:00,-0.324,1.256,0,0,0
2019-12-04 19:00,2019-12-04 20:00,-0.824,1.259,0,0,0
2019-12-04 20:00,2019-12-04 21:00,-1.287,1.261,0,0,0
2019-12-04 21:00,2019-12-04 22:00,-1.692,1.263,0,0,0
2019-12-04 22:00,2019-12-04 23:00,-1.988,1.264,0,0,0
2019-12-04 23:00,2019-12-05 00:00,-2.153,1.266,0,0,0
2019-12-05 00:00,2019-12-05 01:00,-2.285,1.267,0,0,0
2019-12-05 01:00,2019-12-05 02:00,-2.407,1.268,0,0,0
2019-12-05 02:00,2019-12-05 03:00,-2.511,1.270,0,0,0.002
2019-12-05 03:00,2019-12-05 04:00,-2.585,1.272,0,0,0.007
2019-12-05 04:00,2019-12-05 05:00,-2.685,1.273,0,0,0.010
2019-12-05 05:00,2019-12-05 06:00,-2.819,1.274,0,0,0.013
2019-12-05 06:00,2019-12-05 07:00,-2.974,1.275,0,0,0.028
2019-12-05 07:00,2019-12-05 08:00,-2.962,1.276,6.500,17.784,0.050
2019-12-05 08:00,2019-12-05 09:00,-1.050,1.277,84.092,158.156,0.058
2019-12-05 09:00,2019-12-05 10:00,0.630,1.275,181.138,289.126,0.021
2019-12-05 10:00,2019-12-05 11:00,2.148,1.269,251.125,372.225,0.010
2019-12-05 11:00,2019-12-05 12:00,3.482,1.262,276.561,401.838,0.211
2019-12-05 12:00,2019-12-05 13:00,4.151,1.258,253.910,375.971,0.538
2019-12-05 13:00,2019-12-05 14:00,3.824,1.255,187.256,296.325,0.789
2019-12-05 14:00,2019-12-05 15:00,1.502,1.255,92.143,168.282,0.663
2019-12-05 15:00,2019-12-05 16:00,-1.248,1.256,9.482,23.468,0.444
2019-12-05 16:00,2019-12-05 17:00,-1.922,1.260,0,0,0.440
2019-12-05 17:00,2019-12-05 18:00,-1.937,1.266,0,0,0.671
2019-12-05 18:00,2019-12-05 19:00,-2.130,1.272,0,0,0.638
2019-12-05 19:00,2019-12-05 20:00,-2.492,1.278,0,0,0.441
2019-12-05 20:00,2019-12-05 21:00,-2.835,1.281,0,0,0.413
2019-12-05 21:00,2019-12-05 22:00,-2.956,1.281,0,0,0.407
2019-12-05 22:00,2019-12-05 23:00,-2.784,1.281,0,0,0.435
2019-12-05 23:00,2019-12-06 00:00,-2.542,1.279,0,0,0.734
2019-12-06 00:00,2019-12-06 01:00,-2.037,1.277,0,0,0.885
2019-12-06 01:00,2019-12-06 02:00,-1.565,1.275,0,0,0.931
2019-12-06 02:00,2019-12-06 03:00,-1.091,1.272,0,0,0.977
2019-12-06 03:00,2019-12-06 04:00,-0.672,1.270,0,0,0.975
2019-12-06 04:00,2019-12-06 05:00,-0.321,1.268,0,0,0.966
2019-12-06 05:00,2019-12-06 06:00,0.282,1.264,0,0,0.938
2019-12-06 06:00,2019-12-06 07:00,0.639,1.262,0,0,0.981
2019-12-06 07:00,2019-12-06 08:00,0.786,1.262,1.251,16.614,0.995
2019-12-06 08:00,2019-12-06 09:00,1.110,1.260,13.950,155.414,0.995
2019-12-06 09:00,2019-12-06 10:00,1.665,1.257,30.173,286.281,0.995
2019-12-06 10:00,2019-12-06 11:00,2.259,1.253,42.991,369.350,0.995
2019-12-06 11:00,2019-12-06 12:00,2.699,1.250,47.795,398.963,0.994
2019-12-06 12:00,2019-12-06 13:00,3.051,1.247,42.420,373.096,0.994
2019-12-06 13:00,2019-12-06 14:00,3.195,1.245,31.015,293.463,0.994
2019-12-06 14:00,2019-12-06 15:00,3.143,1.244,13.005,165.594,0.997
2019-12-06 15:00,2019-12-06 16:00,3.190,1.242,1.080,22.144,0.995
2019-12-06 16:00,2019-12-06 17:00,3.351,1.241,0,0,0.993
2019-12-06 17:00,2019-12-06 18:00,4.081,1.237,0,0,0.991
2019-12-06 18:00,2019-12-06 19:00,4.048,1.237,0,0,0.990
2019-12-06 19:00,2019-12-06 20:00,4.096,1.236,0,0,0.963
2019-12-06 20:00,2019-12-06 21:00,4.085,1.236,0,0,0.877
2019-12-06 21:00,2019-12-06 22:00,4.213,1.235,0,0,0.826
2019-12-06 22:00,2019-12-06 23:00,4.540,1.233,0,0,0.784
2019-12-06 23:00,2019-12-07 00:00,5.181,1.230,0,0,0.753
2019-12-07 00:00,2019-12-07 01:00,6.170,1.225,0,0,0.712
2019-12-07 01:00,2019-12-07 02:00,6.731,1.223,0,0,0.681
2019-12-07 02:00,2019-12-07 03:00,6.770,1.224,0,0,0.682
2019-12-07 03:00,2019-12-07 04:00,6.589,1.226,0,0,0.695
2019-12-07 04:00,2019-12-07 05:00,6.308,1.229,0,0,0.844
2019-12-07 05:00,2019-12-07 06:00,6.084,1.231,0,0,0.918
2019-12-07 06:00,2019-12-07 07:00,5.962,1.232,0,0,0.952
2019-12-07 07:00,2019-12-07 08:00,6.006,1.233,1.718,15.549,0.756
2019-12-07 08:00,2019-12-07 09:00,6.179,1.234,34.693,152.789,0.554
2019-12-07 09:00,2019-12-07 10:00,6.647,1.233,89.441,283.641,0.503
2019-12-07 10:00,2019-12-07 11:00,7.248,1.232,119.223,366.600,0.534
2019-12-07 11:00,2019-12-07 12:00,7.810,1.230,142.573,396.213,0.534
2019-12-07 12:00,2019-12-07 13:00,8.213,1.227,173.452,370.362,0.482
2019-12-07 13:00,2019-12-07 14:00,8.171,1.227,149.520,290.838,0.483
2019-12-07 14:00,2019-12-07 15:00,7.423,1.228,62.754,163.032,0.934
2019-12-07 15:00,2019-12-07 16:00,6.276,1.231,5.333,20.926,0.754
2019-12-07 16:00,2019-12-07 17:00,6.023,1.233,0,0,0.960
2019-12-07 17:00,2019-12-07 18:00,6.221,1.234,0,0,0.992
2019-12-07 18:00,2019-12-07 19:00,5.966,1.234,0,0,0.936
2019-12-07 19:00,2019-12-07 20:00,5.421,1.234,0,0,0.931
2019-12-07 20:00,2019-12-07 21:00,5.048,1.235,0,0,0.956
2019-12-07 21:00,2019-12-07 22:00,4.898,1.235,0,0,0.954
2019-12-07 22:00,2019-12-07 23:00,4.767,1.236,0,0,0.954
2019-12-07 23:00,2019-12-08 00:00,4.708,1.236,0,0,0.954
2019-12-08 00:00,2019-12-08 01:00,4.632,1.237,0,0,0.953
2019-12-08 01:00,2019-12-08 02:00,4.327,1.238,0,0,0.952
2019-12-08 02:00,2019-12-08 03:00,4.131,1.238,0,0,0.954
2019-12-08 03:00,2019-12-08 04:00,4.323,1.235,0,0,0.955
2019-12-08 04:00,2019-12-08 05:00,5.248,1.229,0,0,0.956
2019-12-08 05:00,2019-12-08 06:00,6.372,1.222,0,0,0.960
2019-12-08 06:00,2019-12-08 07:00,7.160,1.218,0,0,0.979
2019-12-08 07:00,2019-12-08 08:00,7.506,1.216,1.155,14.579,0.983
2019-12-08 08:00,2019-12-08 09:00,7.963,1.214,12.580,150.351,0.990
2019-12-08 09:00,2019-12-08 10:00,8.410,1.211,24.544,281.141,0.993
2019-12-08 10:00,2019-12-08 11:00,8.925,1.208,29.837,364.100,0.995
2019-12-08 11:00,2019-12-08 12:00,9.446,1.205,27.446,393.699,0.995
2019-12-08 12:00,2019-12-08 13:00,9.804,1.203,26.512,367.860,0.983
2019-12-08 13:00,2019-12-08 14:00,9.915,1.202,42.135,288.340,0.962
2019-12-08 14:00,2019-12-08 15:00,9.443,1.203,43.372,160.609,0.880
2019-12-08 15:00,2019-12-08 16:00,8.208,1.206,5.624,19.813,0.561
2019-12-08 16:00,2019-12-08 17:00,7.140,1.210,0,0,0.155
2019-12-08 17:00,2019-12-08 18:00,6.489,1.214,0,0,0.253
2019-12-08 18:00,2019-12-08 19:00,6.218,1.216,0,0,0.560
2019-12-08 19:00,2019-12-08 20:00,6.207,1.216,0,0,0.463
2019-12-08 20:00,2019-12-08 21:00,6.289,1.216,0,0,0.492
2019-12-08 21:00,2019-12-08 22:00,6.268,1.217,0,0,0.437
2019-12-08 22:00,2019-12-08 23:00,6.080,1.217,0,0,0.338
2019-12-08 23:00,2019-12-09 00:00,5.737,1.218,0,0,0.293
2019-12-09 00:00,2019-12-09 01:00,5.547,1.218,0,0,0.393
2019-12-09 01:00,2019-12-09 02:00,5.668,1.218,0,0,0.604
2019-12-09 02:00,2019-12-09 03:00,5.771,1.218,0,0,0.733
2019-12-09 03:00,2019-12-09 04:00,5.744,1.217,0,0,0.725
2019-12-09 04:00,2019-12-09 05:00,5.646,1.217,0,0,0.713
2019-12-09 05:00,2019-12-09 06:00,5.530,1.216,0,0,0.749
2019-12-09 06:00,2019-12-09 07:00,5.399,1.216,0,0,0.890
2019-12-09 07:00,2019-12-09 08:00,5.052,1.218,0.705,13.697,0.932
2019-12-09 08:00,2019-12-09 09:00,5.301,1.217,10.515,148.094,0.918
2019-12-09 09:00,2019-12-09 10:00,5.984,1.215,36.709,278.781,0.850
2019-12-09 10:00,2019-12-09 11:00,6.283,1.216,62.724,361.725,0.820
2019-12-09 11:00,2019-12-09 12:00,6.314,1.217,76.008,391.324,0.799
2019-12-09 12:00,2019-12-09 13:00,6.426,1.218,71.990,365.487,0.765
2019-12-09 13:00,2019-12-09 14:00,6.494,1.218,62.261,286.088,0.747
2019-12-09 14:00,2019-12-09 15:00,6.299,1.220,28.748,158.359,0.726
2019-12-09 15:00,2019-12-09 16:00,5.898,1.223,2.163,18.806,0.760
2019-12-09 16:00,2019-12-09 17:00,5.546,1.229,0,0,0.909
2019-12-09 17:00,2019-12-09 18:00,5.211,1.234,0,0,0.873
2019-12-09 18:00,2019-12-09 19:00,4.998,1.237,0,0,0.488
2019-12-09 19:00,2019-12-09 20:00,4.355,1.242,0,0,0.336
2019-12-09 20:00,2019-12-09 21:00,3.616,1.248,0,0,0.245
2019-12-09 21:00,2019-12-09 22:00,2.905,1.253,0,0,0.283
2019-12-09 22:00,2019-12-09 23:00,2.742,1.256,0,0,0.431
2019-12-09 23:00,2019-12-10 00:00,2.496,1.258,0,0,0.516
2019-12-10 00:00,2019-12-10 01:00,2.346,1.261,0,0,0.587
2019-12-10 01:00,2019-12-10 02:00,2.182,1.263,0,0,0.561
2019-12-10 02:00,2019-12-10 03:00,1.622,1.265,0,0,0.367
2019-12-10 03:00,2019-12-10 04:00,1.191,1.268,0,0,0.375
2019-12-10 04:00,2019-12-10 05:00,0.813,1.271,0,0,0.380
2019-12-10 05:00,2019-12-10 06:00,0.122,1.273,0,0,0.360
2019-12-10 06:00,2019-12-10 07:00,-0.282,1.275,0,0,0.514
2019-12-10 07:00,2019-12-10 08:00,-0.036,1.278,2.528,12.901,0.773
2019-12-10 08:00,2019-12-10 09:00,0.874,1.278,37.648,145.969,0.942
2019-12-10 09:00,2019-12-10 10:00,1.846,1.274,106.385,276.547,0.950
2019-12-10 10:00,2019-12-10 11:00,3.140,1.268,166.221,359.488,0.934
2019-12-10 11:00,2019-12-10 12:00,4.357,1.261,196.136,389.088,0.947
2019-12-10 12:00,2019-12-10 13:00,4.866,1.256,144.313,363.346,0.972
2019-12-10 13:00,2019-12-10 14:00,4.754,1.254,95.801,283.840,0.933
2019-12-10 14:00,2019-12-10 15:00,4.112,1.255,53.752,156.290,0.722
2019-12-10 15:00,2019-12-10 16:00,2.886,1.258,4.969,17.887,0.554
2019-12-10 16:00,2019-12-10 17:00,2.105,1.261,0,0,0.572
2019-12-10 17:00,2019-12-10 18:00,1.704,1.262,0,0,0.727
2019-12-10 18:00,2019-12-10 19:00,1.568,1.262,0,0,0.933
2019-12-10 19:00,2019-12-10 20:00,1.692,1.261,0,0,0.973
2019-12-10 20:00,2019-12-10 21:00,1.940,1.259,0,0,0.971
2019-12-10 21:00,2019-12-10 22:00,2.128,1.257,0,0,0.973
2019-12-10 22:00,2019-12-10 23:00,2.311,1.255,0,0,0.980
2019-12-10 23:00,2019-12-11 00:00,2.439,1.254,0,0,0.993
2019-12-11 00:00,2019-12-11 01:00,2.562,1.253,0,0,0.996
2019-12-11 01:00,2019-12-11 02:00,2.610,1.252,0,0,0.997
2019-12-11 02:00,2019-12-11 03:00,2.547,1.251,0,0,0.997
2019-12-11 03:00,2019-12-11 04:00,2.423,1.251,0,0,0.997
2019-12-11 04:00,2019-12-11 05:00,2.302,1.251,0,0,0.997
2019-12-11 05:00,2019-12-11 06:00,2.158,1.251,0,0,0.996
2019-12-11 06:00,2019-12-11 07:00,2.022,1.251,0,0,0.995
2019-12-11 07:00,2019-12-11 08:00,1.803,1.252,0.367,12.185,0.994
2019-12-11 08:00,2019-12-11 09:00,1.933,1.251,8.823,143.984,0.995
2019-12-11 09:00,2019-12-11 10:00,2.214,1.249,23.697,274.547,0.987
2019-12-11 10:00,2019-12-11 11:00,2.451,1.248,41.093,357.475,0.980
2019-12-11 11:00,2019-12-11 12:00,2.704,1.246,52.894,387.074,0.995
2019-12-11 12:00,2019-12-11 13:00,2.875,1.244,44.424,361.237,0.996
2019-12-11 13:00,2019-12-11 14:00,2.931,1.242,30.064,281.963,0.997
2019-12-11 14:00,2019-12-11 15:00,2.827,1.241,15.298,154.352,0.997
2019-12-11 15:00,2019-12-11 16:00,2.374,1.240,1.362,17.061,0.996
2019-12-11 16:00,2019-12-11 17:00,2.167,1.240,0,0,0.996
2019-12-11 17:00,2019-12-11 18:00,2.156,1.241,0,0,0.996
2019-12-11 18:00,2019-12-11 19:00,2.234,1.240,0,0,0.997
2019-12-11 19:00,2019-12-11 20:00,2.668,1.239,0,0,0.998
2019-12-11 20:00,2019-12-11 21:00,2.881,1.237,0,0,0.997
2019-12-11 21:00,2019-12-11 22:00,2.740,1.235,0,0,0.996
2019-12-11 22:00,2019-12-11 23:00,2.607,1.234,0,0,0.995
2019-12-11 23:00,2019-12-12 00:00,2.460,1.234,0,0,0.995
2019-12-12 00:00,2019-12-12 01:00,2.181,1.234,0,0,0.994
2019-12-12 01:00,2019-12-12 02:00,2.100,1.234,0,0,0.988
2019-12-12 02:00,2019-12-12 03:00,2.162,1.234,0,0,0.966
2019-12-12 03:00,2019-12-12 04:00,2.118,1.234,0,0,0.876
2019-12-12 04:00,2019-12-12 05:00,1.852,1.234,0,0,0.616
2019-12-12 05:00,2019-12-12 06:00,1.890,1.234,0,0,0.596
2019-12-12 06:00,2019-12-12 07:00,1.939,1.235,0,0,0.657
2019-12-12 07:00,2019-12-12 08:00,1.965,1.236,1.445,11.543,0.649
2019-12-12 08:00,2019-12-12 09:00,2.479,1.237,33.706,142.172,0.589
2019-12-12 09:00,2019-12-12 10:00,3.255,1.236,94.837,272.766,0.474
2019-12-12 10:00,2019-12-12 11:00,3.831,1.234,156.591,355.600,0.368
2019-12-12 11:00,2019-12-12 12:00,4.262,1.231,195.178,385.199,0.265
2019-12-12 12:00,2019-12-12 13:00,4.497,1.229,194.159,359.377,0.155
2019-12-12 13:00,2019-12-12 14:00,4.319,1.228,160.457,280.090,0.135
2019-12-12 14:00,2019-12-12 15:00,3.383,1.229,75.912,152.602,0.134
2019-12-12 15:00,2019-12-12 16:00,1.889,1.231,5.308,16.313,0.220
2019-12-12 16:00,2019-12-12 17:00,1.498,1.232,0,0,0.375
2019-12-12 17:00,2019-12-12 18:00,1.607,1.231,0,0,0.475
2019-12-12 18:00,2019-12-12 19:00,1.773,1.229,0,0,0.504
2019-12-12 19:00,2019-12-12 20:00,1.790,1.227,0,0,0.546
2019-12-12 20:00,2019-12-12 21:00,1.658,1.226,0,0,0.651
2019-12-12 21:00,2019-12-12 22:00,1.497,1.225,0,0,0.852
2019-12-12 22:00,2019-12-12 23:00,1.420,1.224,0,0,0.974
2019-12-12 23:00,2019-12-13 00:00,1.380,1.222,0,0,0.991
2019-12-13 00:00,2019-12-13 01:00,1.253,1.220,0,0,0.992
2019-12-13 01:00,2019-12-13 02:00,1.100,1.219,0,0,0.992
2019-12-13 02:00,2019-12-13 03:00,0.974,1.217,0,0,0.990
2019-12-13 03:00,2019-12-13 04:00,0.783,1.216,0,0,0.983
2019-12-13 04:00,2019-12-13 05:00,0.691,1.215,0,0,0.764
2019-12-13 05:00,2019-12-13 06:00,0.582,1.213,0,0,0.460
2019-12-13 06:00,2019-12-13 07:00,0.299,1.213,0,0,0.801
2019-12-13 07:00,2019-12-13 08:00,0.400,1.212,2.033,10.981,0.933
2019-12-13 08:00,2019-12-13 09:00,1.044,1.209,31.488,140.547,0.974
2019-12-13 09:00,2019-12-13 10:00,1.694,1.208,58.504,271.033,0.985
2019-12-13 10:00,2019-12-13 11:00,2.339,1.206,68.743,353.866,0.952
2019-12-13 11:00,2019-12-13 12:00,3.090,1.202,70.365,383.466,0.912
2019-12-13 12:00,2019-12-13 13:00,3.693,1.199,55.931,357.737,0.888
2019-12-13 13:00,2019-12-13 14:00,3.800,1.199,32.647,278.463,0.918
2019-12-13 14:00,2019-12-13 15:00,3.579,1.202,9.244,150.986,0.948
2019-12-13 15:00,2019-12-13 16:00,3.531,1.204,0.406,15.659,0.954
2019-12-13 16:00,2019-12-13 17:00,3.637,1.206,0,0,0.934
2019-12-13 17:00,2019-12-13 18:00,3.712,1.208,0,0,0.890
2019-12-13 18:00,2019-12-13 19:00,3.811,1.209,0,0,0.845
2019-12-13 19:00,2019-12-13 20:00,3.854,1.210,0,0,0.713
2019-12-13 20:00,2019-12-13 21:00,3.682,1.211,0,0,0.409
2019-12-13 21:00,2019-12-13 22:00,3.458,1.211,0,0,0.213
2019-12-13 22:00,2019-12-13 23:00,2.889,1.213,0,0,0.155
2019-12-13 23:00,2019-12-14 00:00,2.192,1.215,0,0,0.176
2019-12-14 00:00,2019-12-14 01:00,2.220,1.216,0,0,0.320
2019-12-14 01:00,2019-12-14 02:00,2.430,1.215,0,0,0.627
2019-12-14 02:00,2019-12-14 03:00,2.834,1.213,0,0,0.749
2019-12-14 03:00,2019-12-14 04:00,2.775,1.212,0,0,0.779
2019-12-14 04:00,2019-12-14 05:00,2.477,1.214,0,0,0.828
2019-12-14 05:00,2019-12-14 06:00,2.453,1.214,0,0,0.770
2019-12-14 06:00,2019-12-14 07:00,2.871,1.214,0,0,0.680
2019-12-14 07:00,2019-12-14 08:00,3.697,1.212,1.212,10.478,0.780
2019-12-14 08:00,2019-12-14 09:00,4.502,1.211,20.485,139.102,0.842
2019-12-14 09:00,2019-12-14 10:00,4.761,1.212,47.048,269.533,0.823
2019-12-14 10:00,2019-12-14 11:00,4.992,1.213,62.960,352.366,0.824
2019-12-14 11:00,2019-12-14 12:00,5.312,1.213,86.461,381.949,0.658
2019-12-14 12:00,2019-12-14 13:00,5.975,1.211,142.319,356.237,0.323
2019-12-14 13:00,2019-12-14 14:00,6.457,1.209,128.987,276.965,0.202
2019-12-14 14:00,2019-12-14 15:00,6.306,1.209,64.033,149.555,0.090
2019-12-14 15:00,2019-12-14 16:00,5.621,1.211,4.310,15.081,0.131
2019-12-14 16:00,2019-12-14 17:00,5.307,1.214,0,0,0.465
2019-12-14 17:00,2019-12-14 18:00,5.490,1.216,0,0,0.603
2019-12-14 18:00,2019-12-14 19:00,5.649,1.216,0,0,0.464
2019-12-14 19:00,2019-12-14 20:00,5.551,1.217,0,0,0.392
2019-12-14 20:00,2019-12-14 21:00,5.355,1.218,0,0,0.486
2019-12-14 21:00,2019-12-14 22:00,4.955,1.219,0,0,0.906
2019-12-14 22:00,2019-12-14 23:00,4.702,1.220,0,0,0.991
2019-12-14 23:00,2019-12-15 00:00,4.608,1.220,0,0,0.994
2019-12-15 00:00,2019-12-15 01:00,4.897,1.218,0,0,0.994
2019-12-15 01:00,2019-12-15 02:00,5.250,1.216,0,0,0.992
2019-12-15 02:00,2019-12-15 03:00,5.467,1.214,0,0,0.989
2019-12-15 03:00,2019-12-15 04:00,5.377,1.213,0,0,0.995
2019-12-15 04:00,2019-12-15 05:00,6.404,1.207,0,0,0.938
2019-12-15 05:00,2019-12-15 06:00,8.686,1.196,0,0,0.460
2019-12-15 06:00,2019-12-15 07:00,8.047,1.201,0,0,0.117
2019-12-15 07:00,2019-12-15 08:00,6.488,1.210,2.951,10.040,0.090
2019-12-15 08:00,2019-12-15 09:00,6.140,1.215,68.207,137.789,0.163
2019-12-15 09:00,2019-12-15 10:00,6.720,1.216,157.760,268.172,0.417
2019-12-15 10:00,2019-12-15 11:00,7.446,1.215,214.079,350.991,0.708
2019-12-15 11:00,2019-12-15 12:00,7.939,1.214,226.128,380.591,0.881
2019-12-15 12:00,2019-12-15 13:00,8.070,1.214,195.202,354.862,0.904
2019-12-15 13:00,2019-12-15 14:00,7.777,1.214,141.342,275.603,0.892
2019-12-15 14:00,2019-12-15 15:00,6.869,1.217,59.885,148.291,0.916
2019-12-15 15:00,2019-12-15 16:00,5.684,1.221,4.046,14.571,0.889
2019-12-15 16:00,2019-12-15 17:00,5.085,1.224,0,0,0.935
2019-12-15 17:00,2019-12-15 18:00,4.577,1.228,0,0,0.976
2019-12-15 18:00,2019-12-15 19:00,4.323,1.230,0,0,0.974
2019-12-15 19:00,2019-12-15 20:00,4.155,1.231,0,0,0.922
2019-12-15 20:00,2019-12-15 21:00,3.959,1.232,0,0,0.953
2019-12-15 21:00,2019-12-15 22:00,3.954,1.233,0,0,0.989
2019-12-15 22:00,2019-12-15 23:00,4.073,1.234,0,0,0.994
2019-12-15 23:00,2019-12-16 00:00,4.202,1.234,0,0,0.992
2019-12-16 00:00,2019-12-16 01:00,4.400,1.234,0,0,0.991
2019-12-16 01:00,2019-12-16 02:00,4.566,1.233,0,0,0.992
2019-12-16 02:00,2019-12-16 03:00,4.576,1.233,0,0,0.956
2019-12-16 03:00,2019-12-16 04:00,4.494,1.234,0,0,0.963
2019-12-16 04:00,2019-12-16 05:00,4.594,1.234,0,0,0.978
2019-12-16 05:00,2019-12-16 06:00,4.682,1.232,0,0,0.984
2019-12-16 06:00,2019-12-16 07:00,4.792,1.231,0,0,0.984
2019-12-16 07:00,2019-12-16 08:00,4.885,1.229,1.381,9.672,0.984
2019-12-16 08:00,2019-12-16 09:00,5.658,1.227,24.995,136.616,0.986
2019-12-16 09:00,2019-12-16 10:00,6.440,1.224,42.375,267.047,0.991
2019-12-16 10:00,2019-12-16 11:00,7.009,1.222,51.103,349.863,0.991
2019-12-16 11:00,2019-12-16 12:00,7.427,1.220,54.830,379.449,0.992
2019-12-16 12:00,2019-12-16 13:00,7.787,1.218,58.450,353.737,0.992
2019-12-16 13:00,2019-12-16 14:00,7.821,1.216,46.577,274.478,0.991
2019-12-16 14:00,2019-12-16 15:00,7.537,1.215,21.447,147.180,0.991
2019-12-16 15:00,2019-12-16 16:00,7.071,1.214,1.617,14.142,0.992
2019-12-16 16:00,2019-12-16 17:00,7.175,1.214,0,0,0.986
2019-12-16 17:00,2019-12-16 18:00,7.147,1.213,0,0,0.973
2019-12-16 18:00,2019-12-16 19:00,7.146,1.212,0,0,0.972
2019-12-16 19:00,2019-12-16 20:00,7.266,1.212,0,0,0.967
2019-12-16 20:00,2019-12-16 21:00,7.388,1.212,0,0,0.987
2019-12-16 21:00,2019-12-16 22:00,7.568,1.212,0,0,0.993
2019-12-16 22:00,2019-12-16 23:00,7.732,1.211,0,0,0.993
2019-12-16 23:00,2019-12-17 00:00,7.964,1.210,0,0,0.991
2019-12-17 00:00,2019-12-17 01:00,8.477,1.207,0,0,0.990
2019-12-17 01:00,2019-12-17 02:00,8.890,1.206,0,0,0.991
2019-12-17 02:00,2019-12-17 03:00,9.200,1.204,0,0,0.988
2019-12-17 03:00,2019-12-17 04:00,9.463,1.202,0,0,0.983
2019-12-17 04:00,2019-12-17 05:00,9.579,1.201,0,0,0.987
2019-12-17 05:00,2019-12-17 06:00,9.619,1.202,0,0,0.991
2019-12-17 06:00,2019-12-17 07:00,9.559,1.202,0,0,0.989
2019-12-17 07:00,2019-12-17 08:00,9.505,1.203,0.780,9.360,0.989
2019-12-17 08:00,2019-12-17 09:00,9.759,1.203,19.543,135.664,0.966
2019-12-17 09:00,2019-12-17 10:00,10.363,1.201,58.643,266.047,0.939
2019-12-17 10:00,2019-12-17 11:00,11.167,1.198,93.445,348.866,0.962
2019-12-17 11:00,2019-12-17 12:00,12.081,1.194,112.779,378.449,0.972
2019-12-17 12:00,2019-12-17 13:00,12.756,1.191,132.171,352.737,0.833
2019-12-17 13:00,2019-12-17 14:00,13.087,1.189,135.832,273.590,0.687
2019-12-17 14:00,2019-12-17 15:00,12.461,1.190,64.815,146.242,0.655
2019-12-17 15:00,2019-12-17 16:00,11.411,1.193,3.603,13.780,0.698
2019-12-17 16:00,2019-12-17 17:00,11.012,1.196,0,0,0.870
2019-12-17 17:00,2019-12-17 18:00,10.860,1.198,0,0,0.949
2019-12-17 18:00,2019-12-17 19:00,10.738,1.199,0,0,0.831
2019-12-17 19:00,2019-12-17 20:00,10.844,1.200,0,0,0.820
2019-12-17 20:00,2019-12-17 21:00,10.704,1.200,0,0,0.790
2019-12-17 21:00,2019-12-17 22:00,10.468,1.202,0,0,0.865
2019-12-17 22:00,2019-12-17 23:00,9.821,1.208,0,0,0.846
2019-12-17 23:00,2019-12-18 00:00,8.823,1.215,0,0,0.765
2019-12-18 00:00,2019-12-18 01:00,7.607,1.223,0,0,0.801
2019-12-18 01:00,2019-12-18 02:00,6.724,1.229,0,0,0.744
2019-12-18 02:00,2019-12-18 03:00,6.101,1.231,0,0,0.706
2019-12-18 03:00,2019-12-18 04:00,5.733,1.233,0,0,0.759
2019-12-18 04:00,2019-12-18 05:00,5.806,1.233,0,0,0.902
2019-12-18 05:00,2019-12-18 06:00,5.893,1.234,0,0,0.976
2019-12-18 06:00,2019-12-18 07:00,5.907,1.235,0,0,0.994
2019-12-18 07:00,2019-12-18 08:00,5.656,1.236,1.014,9.102,0.965
2019-12-18 08:00,2019-12-18 09:00,5.671,1.236,44.927,134.852,0.884
2019-12-18 09:00,2019-12-18 10:00,6.977,1.236,136.570,265.266,0.668
2019-12-18 10:00,2019-12-18 11:00,7.926,1.234,204.500,348.085,0.312
2019-12-18 11:00,2019-12-18 12:00,8.718,1.231,246.660,377.591,0.155
2019-12-18 12:00,2019-12-18 13:00,9.168,1.229,228.492,351.987,0.061
2019-12-18 13:00,2019-12-18 14:00,9.035,1.228,167.134,272.728,0.031
2019-12-18 14:00,2019-12-18 15:00,7.142,1.228,75.582,145.492,0.017
2019-12-18 15:00,2019-12-18 16:00,4.571,1.229,4.472,13.487,0.038
2019-12-18 16:00,2019-12-18 17:00,4.127,1.231,0,0,0.308
2019-12-18 17:00,2019-12-18 18:00,5.020,1.233,0,0,0.869
2019-12-18 18:00,2019-12-18 19:00,5.677,1.236,0,0,0.848
2019-12-18 19:00,2019-12-18 20:00,5.496,1.238,0,0,0.665
2019-12-18 20:00,2019-12-18 21:00,5.518,1.239,0,0,0.534
2019-12-18 21:00,2019-12-18 22:00,5.687,1.239,0,0,0.485
2019-12-18 22:00,2019-12-18 23:00,5.806,1.238,0,0,0.418
2019-12-18 23:00,2019-12-19 00:00,5.921,1.238,0,0,0.553
2019-12-19 00:00,2019-12-19 01:00,6.048,1.237,0,0,0.873
2019-12-19 01:00,2019-12-19 02:00,6.217,1.237,0,0,0.976
2019-12-19 02:00,2019-12-19 03:00,6.353,1.236,0,0,0.982
2019-12-19 03:00,2019-12-19 04:00,6.381,1.235,0,0,0.925
2019-12-19 04:00,2019-12-19 05:00,6.289,1.235,0,0,0.779
2019-12-19 05:00,2019-12-19 06:00,6.132,1.235,0,0,0.613
2019-12-19 06:00,2019-12-19 07:00,5.914,1.235,0,0,0.597
2019-12-19 07:00,2019-12-19 08:00,5.829,1.236,1.576,8.897,0.647
2019-12-19 08:00,2019-12-19 09:00,6.279,1.234,41.110,134.227,0.589
2019-12-19 09:00,2019-12-19 10:00,7.850,1.227,122.703,264.641,0.127
2019-12-19 10:00,2019-12-19 11:00,9.514,1.220,212.375,347.366,0.002
2019-12-19 11:00,2019-12-19 12:00,10.850,1.213,236.361,376.966,0
2019-12-19 12:00,2019-12-19 13:00,11.545,1.208,217.588,351.362,0.006
2019-12-19 13:00,2019-12-19 14:00,11.364,1.206,157.716,272.103,0.028
2019-12-19 14:00,2019-12-19 15:00,10.146,1.209,69.851,144.868,0.030
2019-12-19 15:00,2019-12-19 16:00,8.397,1.215,3.948,13.261,0.058
2019-12-19 16:00,2019-12-19 17:00,7.316,1.220,0,0,0.129
2019-12-19 17:00,2019-12-19 18:00,6.634,1.224,0,0,0.163
2019-12-19 18:00,2019-12-19 19:00,6.154,1.225,0,0,0.272
2019-12-19 19:00,2019-12-19 20:00,5.803,1.226,0,0,0.590
2019-12-19 20:00,2019-12-19 21:00,5.839,1.226,0,0,0.911
2019-12-19 21:00,2019-12-19 22:00,6.014,1.224,0,0,0.628
2019-12-19 22:00,2019-12-19 23:00,6.434,1.220,0,0,0.333
2019-12-19 23:00,2019-12-20 00:00,6.839,1.215,0,0,0.245
2019-12-20 00:00,2019-12-20 01:00,6.696,1.214,0,0,0.475
2019-12-20 01:00,2019-12-20 02:00,6.420,1.214,0,0,0.738
2019-12-20 02:00,2019-12-20 03:00,6.459,1.212,0,0,0.951
2019-12-20 03:00,2019-12-20 04:00,6.450,1.211,0,0,0.989
2019-12-20 04:00,2019-12-20 05:00,6.261,1.211,0,0,0.987
2019-12-20 05:00,2019-12-20 06:00,5.917,1.211,0,0,0.979
2019-12-20 06:00,2019-12-20 07:00,5.595,1.211,0,0,0.983
2019-12-20 07:00,2019-12-20 08:00,5.646,1.209,0.912,8.748,0.988
2019-12-20 08:00,2019-12-20 09:00,5.939,1.208,15.799,133.741,0.989
2019-12-20 09:00,2019-12-20 10:00,6.398,1.205,35.907,264.141,0.992
2019-12-20 10:00,2019-12-20 11:00,6.980,1.201,38.841,346.960,0.993
2019-12-20 11:00,2019-12-20 12:00,7.373,1.198,44.336,376.574,0.992
2019-12-20 12:00,2019-12-20 13:00,7.847,1.195,69.169,350.862,0.988
2019-12-20 13:00,2019-12-20 14:00,8.309,1.192,36.884,271.715,0.993
2019-12-20 14:00,2019-12-20 15:00,9.048,1.187,8.519,144.431,0.979
2019-12-20 15:00,2019-12-20 16:00,9.111,1.186,1.685,13.096,0.926
2019-12-20 16:00,2019-12-20 17:00,8.371,1.189,0,0,0.987
2019-12-20 17:00,2019-12-20 18:00,7.787,1.192,0,0,0.983
2019-12-20 18:00,2019-12-20 19:00,7.332,1.195,0,0,0.853
2019-12-20 19:00,2019-12-20 20:00,6.773,1.199,0,0,0.486
2019-12-20 20:00,2019-12-20 21:00,6.140,1.202,0,0,0.181
2019-12-20 21:00,2019-12-20 22:00,5.864,1.203,0,0,0.158
2019-12-20 22:00,2019-12-20 23:00,5.789,1.203,0,0,0.166
2019-12-20 23:00,2019-12-21 00:00,5.823,1.203,0,0,0.173
2019-12-21 00:00,2019-12-21 01:00,5.527,1.203,0,0,0.182
2019-12-21 01:00,2019-12-21 02:00,5.080,1.204,0,0,0.168
2019-12-21 02:00,2019-12-21 03:00,4.688,1.205,0,0,0.163
2019-12-21 03:00,2019-12-21 04:00,4.516,1.206,0,0,0.200
2019-12-21 04:00,2019-12-21 05:00,4.194,1.207,0,0,0.233
2019-12-21 05:00,2019-12-21 06:00,3.903,1.210,0,0,0.293
2019-12-21 06:00,2019-12-21 07:00,3.705,1.212,0,0,0.340
2019-12-21 07:00,2019-12-21 08:00,3.598,1.214,2.376,8.651,0.629
2019-12-21 08:00,2019-12-21 09:00,4.601,1.214,51.781,133.429,0.812
2019-12-21 09:00,2019-12-21 10:00,5.729,1.212,115.822,263.797,0.789
2019-12-21 10:00,2019-12-21 11:00,6.749,1.208,168.275,346.616,0.587
2019-12-21 11:00,2019-12-21 12:00,7.593,1.204,202.996,376.229,0.382
2019-12-21 12:00,2019-12-21 13:00,8.022,1.201,189.077,350.612,0.351
2019-12-21 13:00,2019-12-21 14:00,7.894,1.200,135.613,271.465,0.231
2019-12-21 14:00,2019-12-21 15:00,7.043,1.200,62.645,144.181,0.168
2019-12-21 15:00,2019-12-21 16:00,5.455,1.202,3.686,12.996,0.152
2019-12-21 16:00,2019-12-21 17:00,4.752,1.203,0,0,0.151
2019-12-21 17:00,2019-12-21 18:00,4.617,1.204,0,0,0.344
2019-12-21 18:00,2019-12-21 19:00,4.428,1.205,0,0,0.266
2019-12-21 19:00,2019-12-21 20:00,4.246,1.204,0,0,0.616
2019-12-21 20:00,2019-12-21 21:00,4.468,1.204,0,0,0.942
2019-12-21 21:00,2019-12-21 22:00,4.396,1.203,0,0,0.945
2019-12-21 22:00,2019-12-21 23:00,4.338,1.204,0,0,0.971
2019-12-21 23:00,2019-12-22 00:00,4.350,1.204,0,0,0.990
2019-12-22 00:00,2019-12-22 01:00,4.493,1.203,0,0,0.989
2019-12-22 01:00,2019-12-22 02:00,4.715,1.202,0,0,0.902
2019-12-22 02:00,2019-12-22 03:00,5.119,1.198,0,0,0.815
2019-12-22 03:00,2019-12-22 04:00,5.798,1.194,0,0,0.752
2019-12-22 04:00,2019-12-22 05:00,6.195,1.191,0,0,0.521
2019-12-22 05:00,2019-12-22 06:00,6.037,1.191,0,0,0.482
2019-12-22 06:00,2019-12-22 07:00,5.936,1.192,0,0,0.542
2019-12-22 07:00,2019-12-22 08:00,6.112,1.192,1.496,8.605,0.614
2019-12-22 08:00,2019-12-22 09:00,6.749,1.192,37.015,133.303,0.752
2019-12-22 09:00,2019-12-22 10:00,7.523,1.190,83.248,263.766,0.902
2019-12-22 10:00,2019-12-22 11:00,7.929,1.190,91.927,346.585,0.940
2019-12-22 11:00,2019-12-22 12:00,8.102,1.189,81.555,376.199,0.964
2019-12-22 12:00,2019-12-22 13:00,8.358,1.188,77.288,350.487,0.948
2019-12-22 13:00,2019-12-22 14:00,8.585,1.187,76.222,271.353,0.812
2019-12-22 14:00,2019-12-22 15:00,8.156,1.188,37.582,144.117,0.723
2019-12-22 15:00,2019-12-22 16:00,7.138,1.195,1.679,12.960,0.898
2019-12-22 16:00,2019-12-22 17:00,6.169,1.202,0,0,0.989
2019-12-22 17:00,2019-12-22 18:00,5.579,1.207,0,0,0.992
2019-12-22 18:00,2019-12-22 19:00,5.676,1.207,0,0,0.994
2019-12-22 19:00,2019-12-22 20:00,6.115,1.207,0,0,0.994
2019-12-22 20:00,2019-12-22 21:00,6.297,1.207,0,0,0.973
2019-12-22 21:00,2019-12-22 22:00,6.216,1.209,0,0,0.926
2019-12-22 22:00,2019-12-22 23:00,6.069,1.211,0,0,0.835
2019-12-22 23:00,2019-12-23 00:00,6.024,1.212,0,0,0.873
2019-12-23 00:00,2019-12-23 01:00,6.049,1.213,0,0,0.972
2019-12-23 01:00,2019-12-23 02:00,6.106,1.215,0,0,0.997
2019-12-23 02:00,2019-12-23 03:00,6.122,1.216,0,0,0.999
2019-12-23 03:00,2019-12-23 04:00,6.169,1.216,0,0,0.999
2019-12-23 04:00,2019-12-23 05:00,6.428,1.216,0,0,0.981
2019-12-23 05:00,2019-12-23 06:00,6.564,1.217,0,0,0.893
2019-12-23 06:00,2019-12-23 07:00,6.616,1.218,0,0,0.769
2019-12-23 07:00,2019-12-23 08:00,6.477,1.220,0.681,8.610,0.822
2019-12-23 08:00,2019-12-23 09:00,6.424,1.223,13.253,133.358,0.906
2019-12-23 09:00,2019-12-23 10:00,6.566,1.224,35.590,263.797,0.913
2019-12-23 10:00,2019-12-23 11:00,6.766,1.225,53.888,346.616,0.887
2019-12-23 11:00,2019-12-23 12:00,6.952,1.225,66.905,376.229,0.820
2019-12-23 12:00,2019-12-23 13:00,7.152,1.225,80.598,350.612,0.703
2019-12-23 13:00,2019-12-23 14:00,7.167,1.225,66.231,271.465,0.662
2019-12-23 14:00,2019-12-23 15:00,6.889,1.226,26.867,144.181,0.733
2019-12-23 15:00,2019-12-23 16:00,6.579,1.228,1.136,12.988,0.796
2019-12-23 16:00,2019-12-23 17:00,6.466,1.230,0,0,0.655
2019-12-23 17:00,2019-12-23 18:00,5.961,1.232,0,0,0.345
2019-12-23 18:00,2019-12-23 19:00,5.115,1.235,0,0,0.115
2019-12-23 19:00,2019-12-23 20:00,4.413,1.238,0,0,0.077
2019-12-23 20:00,2019-12-23 21:00,3.978,1.241,0,0,0.194
2019-12-23 21:00,2019-12-23 22:00,3.924,1.243,0,0,0.391
2019-12-23 22:00,2019-12-23 23:00,4.213,1.243,0,0,0.838
2019-12-23 23:00,2019-12-24 00:00,4.854,1.242,0,0,0.977
2019-12-24 00:00,2019-12-24 01:00,5.271,1.239,0,0,0.996
2019-12-24 01:00,2019-12-24 02:00,5.652,1.236,0,0,0.995
2019-12-24 02:00,2019-12-24 03:00,5.953,1.233,0,0,0.970
2019-12-24 03:00,2019-12-24 04:00,5.537,1.234,0,0,0.918
2019-12-24 04:00,2019-12-24 05:00,5.161,1.236,0,0,0.949
2019-12-24 05:00,2019-12-24 06:00,4.925,1.237,0,0,0.976
2019-12-24 06:00,2019-12-24 07:00,4.790,1.238,0,0,0.989
2019-12-24 07:00,2019-12-24 08:00,4.728,1.237,0.757,8.667,0.968
2019-12-24 08:00,2019-12-24 09:00,4.972,1.235,11.406,133.553,0.965
2019-12-24 09:00,2019-12-24 10:00,5.493,1.231,19.739,264.047,0.944
2019-12-24 10:00,2019-12-24 11:00,6.332,1.227,33.631,346.866,0.839
2019-12-24 11:00,2019-12-24 12:00,7.862,1.219,71.799,376.574,0.637
2019-12-24 12:00,2019-12-24 13:00,8.917,1.214,117.065,350.862,0.477
2019-12-24 13:00,2019-12-24 14:00,8.898,1.215,121.796,271.715,0.166
2019-12-24 14:00,2019-12-24 15:00,8.364,1.216,64.735,144.431,0.267
2019-12-24 15:00,2019-12-24 16:00,7.832,1.218,2.919,13.078,0.553
2019-12-24 16:00,2019-12-24 17:00,7.623,1.220,0,0,0.630
2019-12-24 17:00,2019-12-24 18:00,7.334,1.222,0,0,0.530
2019-12-24 18:00,2019-12-24 19:00,6.918,1.224,0,0,0.464
2019-12-24 19:00,2019-12-24 20:00,6.758,1.226,0,0,0.468
2019-12-24 20:00,2019-12-24 21:00,6.910,1.226,0,0,0.543
2019-12-24 21:00,2019-12-24 22:00,7.033,1.226,0,0,0.633
2019-12-24 22:00,2019-12-24 23:00,7.198,1.226,0,0,0.731
2019-12-24 23:00,2019-12-25 00:00,7.351,1.226,0,0,0.748
2019-12-25 00:00,2019-12-25 01:00,7.373,1.226,0,0,0.744
2019-12-25 01:00,2019-12-25 02:00,7.357,1.226,0,0,0.824
2019-12-25 02:00,2019-12-25 03:00,7.262,1.227,0,0,0.749
2019-12-25 03:00,2019-12-25 04:00,7.212,1.228,0,0,0.691
2019-12-25 04:00,2019-12-25 05:00,6.988,1.229,0,0,0.624
2019-12-25 05:00,2019-12-25 06:00,6.609,1.232,0,0,0.514
2019-12-25 06:00,2019-12-25 07:00,6.072,1.236,0,0,0.612
2019-12-25 07:00,2019-12-25 08:00,5.816,1.239,0.767,8.776,0.771
2019-12-25 08:00,2019-12-25 09:00,5.841,1.241,11.640,133.928,0.843
2019-12-25 09:00,2019-12-25 10:00,5.976,1.242,32.645,264.422,0.771
2019-12-25 10:00,2019-12-25 11:00,6.301,1.242,62.734,347.366,0.681
2019-12-25 11:00,2019-12-25 12:00,6.743,1.242,111.561,376.979,0.392
2019-12-25 12:00,2019-12-25 13:00,7.128,1.241,157.896,351.362,0.210
2019-12-25 13:00,2019-12-25 14:00,7.158,1.241,133.297,272.215,0.543
2019-12-25 14:00,2019-12-25 15:00,6.589,1.243,40.706,144.867,0.513
2019-12-25 15:00,2019-12-25 16:00,5.688,1.245,2.266,13.233,0.601
2019-12-25 16:00,2019-12-25 17:00,5.361,1.248,0,0,0.660
2019-12-25 17:00,2019-12-25 18:00,5.169,1.251,0,0,0.739
2019-12-25 18:00,2019-12-25 19:00,5.257,1.252,0,0,0.820
2019-12-25 19:00,2019-12-25 20:00,5.285,1.253,0,0,0.859
2019-12-25 20:00,2019-12-25 21:00,5.207,1.254,0,0,0.856
2019-12-25 21:00,2019-12-25 22:00,5.021,1.255,0,0,0.819
2019-12-25 22:00,2019-12-25 23:00,4.715,1.257,0,0,0.789
2019-12-25 23:00,2019-12-26 00:00,4.459,1.258,0,0,0.834
2019-12-26 00:00,2019-12-26 01:00,4.312,1.260,0,0,0.892
2019-12-26 01:00,2019-12-26 02:00,4.069,1.262,0,0,0.944
2019-12-26 02:00,2019-12-26 03:00,3.774,1.264,0,0,0.954
2019-12-26 03:00,2019-12-26 04:00,3.580,1.265,0,0,0.956
2019-12-26 04:00,2019-12-26 05:00,3.530,1.265,0,0,0.940
2019-12-26 05:00,2019-12-26 06:00,3.406,1.264,0,0,0.925
2019-12-26 06:00,2019-12-26 07:00,3.215,1.264,0,0,0.852
2019-12-26 07:00,2019-12-26 08:00,2.853,1.264,1.382,8.941,0.915
2019-12-26 08:00,2019-12-26 09:00,3.244,1.264,32.761,134.483,0.986
2019-12-26 09:00,2019-12-26 10:00,3.890,1.262,61.066,265.047,0.995
2019-12-26 10:00,2019-12-26 11:00,4.384,1.260,65.042,347.988,0.991
2019-12-26 11:00,2019-12-26 12:00,4.792,1.257,70.821,377.604,0.988
2019-12-26 12:00,2019-12-26 13:00,4.873,1.254,53.278,351.987,0.987
2019-12-26 13:00,2019-12-26 14:00,4.640,1.252,31.635,272.840,0.987
2019-12-26 14:00,2019-12-26 15:00,4.216,1.252,12.859,145.431,0.988
2019-12-26 15:00,2019-12-26 16:00,3.809,1.252,0.836,13.452,0.991
2019-12-26 16:00,2019-12-26 17:00,3.678,1.253,0,0,0.980
2019-12-26 17:00,2019-12-26 18:00,3.481,1.254,0,0,0.917
2019-12-26 18:00,2019-12-26 19:00,3.192,1.256,0,0,0.796
2019-12-26 19:00,2019-12-26 20:00,2.791,1.257,0,0,0.777
2019-12-26 20:00,2019-12-26 21:00,2.457,1.259,0,0,0.820
2019-12-26 21:00,2019-12-26 22:00,2.455,1.261,0,0,0.859
2019-12-26 22:00,2019-12-26 23:00,2.627,1.261,0,0,0.907
2019-12-26 23:00,2019-12-27 00:00,2.828,1.260,0,0,0.906
2019-12-27 00:00,2019-12-27 01:00,3.070,1.258,0,0,0.890
2019-12-27 01:00,2019-12-27 02:00,3.268,1.256,0,0,0.862
2019-12-27 02:00,2019-12-27 03:00,3.410,1.254,0,0,0.840
2019-12-27 03:00,2019-12-27 04:00,3.411,1.254,0,0,0.839
2019-12-27 04:00,2019-12-27 05:00,3.375,1.255,0,0,0.830
2019-12-27 05:00,2019-12-27 06:00,3.299,1.256,0,0,0.753
2019-12-27 06:00,2019-12-27 07:00,2.983,1.259,0,0,0.631
2019-12-27 07:00,2019-12-27 08:00,2.554,1.261,1.250,9.159,0.548
2019-12-27 08:00,2019-12-27 09:00,3.002,1.264,41.984,135.179,0.455
2019-12-27 09:00,2019-12-27 10:00,3.801,1.265,120.542,265.797,0.245
2019-12-27 10:00,2019-12-27 11:00,4.741,1.263,195.372,348.741,0.127
2019-12-27 11:00,2019-12-27 12:00,5.577,1.260,228.855,378.451,0.089
2019-12-27 12:00,2019-12-27 13:00,6.012,1.258,215.125,352.765,0.094
2019-12-27 13:00,2019-12-27 14:00,5.910,1.258,157.647,273.590,0.167
2019-12-27 14:00,2019-12-27 15:00,4.423,1.260,69.371,146.235,0.171
2019-12-27 15:00,2019-12-27 16:00,2.232,1.262,4.122,13.737,0.166
2019-12-27 16:00,2019-12-27 17:00,1.424,1.265,0,0,0.171
2019-12-27 17:00,2019-12-27 18:00,0.771,1.268,0,0,0.085
2019-12-27 18:00,2019-12-27 19:00,0.100,1.271,0,0,0.104
2019-12-27 19:00,2019-12-27 20:00,-0.439,1.274,0,0,0.148
2019-12-27 20:00,2019-12-27 21:00,-0.883,1.276,0,0,0.139
2019-12-27 21:00,2019-12-27 22:00,-1.300,1.278,0,0,0.408
2019-12-27 22:00,2019-12-27 23:00,-1.497,1.281,0,0,0.692
2019-12-27 23:00,2019-12-28 00:00,-1.778,1.283,0,0,0.423
2019-12-28 00:00,2019-12-28 01:00,-2.160,1.285,0,0,0.129
2019-12-28 01:00,2019-12-28 02:00,-2.440,1.287,0,0,0.008
2019-12-28 02:00,2019-12-28 03:00,-2.532,1.289,0,0,0.005
2019-12-28 03:00,2019-12-28 04:00,-2.634,1.292,0,0,0.020
2019-12-28 04:00,2019-12-28 05:00,-2.803,1.294,0,0,0.262
2019-12-28 05:00,2019-12-28 06:00,-2.920,1.297,0,0,0.500
2019-12-28 06:00,2019-12-28 07:00,-2.963,1.299,0,0,0.217
2019-12-28 07:00,2019-12-28 08:00,-2.881,1.301,2.888,9.429,0.544
2019-12-28 08:00,2019-12-28 09:00,-1.287,1.301,52.329,136.054,0.914
2019-12-28 09:00,2019-12-28 10:00,0.169,1.299,115.042,266.766,0.931
2019-12-28 10:00,2019-12-28 11:00,1.397,1.294,185.127,349.741,0.691
2019-12-28 11:00,2019-12-28 12:00,2.461,1.289,227.489,379.449,0.657
2019-12-28 12:00,2019-12-28 13:00,2.840,1.286,188.291,353.750,0.826
2019-12-28 13:00,2019-12-28 14:00,2.245,1.285,102.202,274.590,0.966
2019-12-28 14:00,2019-12-28 15:00,0.684,1.286,31.957,147.166,0.993
2019-12-28 15:00,2019-12-28 16:00,-0.428,1.288,1.962,14.087,0.994
2019-12-28 16:00,2019-12-28 17:00,-0.541,1.289,0,0,0.994
2019-12-28 17:00,2019-12-28 18:00,-0.264,1.291,0,0,0.991
2019-12-28 18:00,2019-12-28 19:00,0.016,1.293,0,0,0.989
2019-12-28 19:00,2019-12-28 20:00,-0.228,1.294,0,0,0.987
2019-12-28 20:00,2019-12-28 21:00,-1.079,1.296,0,0,0.962
2019-12-28 21:00,2019-12-28 22:00,-2.354,1.298,0,0,0.943
2019-12-28 22:00,2019-12-28 23:00,-2.502,1.299,0,0,0.948
2019-12-28 23:00,2019-12-29 00:00,-2.614,1.300,0,0,0.948
2019-12-29 00:00,2019-12-29 01:00,-2.592,1.302,0,0,0.934
2019-12-29 01:00,2019-12-29 02:00,-2.510,1.303,0,0,0.911
2019-12-29 02:00,2019-12-29 03:00,-2.640,1.304,0,0,0.935
2019-12-29 03:00,2019-12-29 04:00,-2.801,1.305,0,0,0.927
2019-12-29 04:00,2019-12-29 05:00,-2.306,1.306,0,0,0.930
2019-12-29 05:00,2019-12-29 06:00,-2.055,1.305,0,0,0.932
2019-12-29 06:00,2019-12-29 07:00,-1.875,1.304,0,0,0.953
2019-12-29 07:00,2019-12-29 08:00,-1.639,1.303,1.403,9.757,0.982
2019-12-29 08:00,2019-12-29 09:00,-1.026,1.301,26.450,137.117,0.979
2019-12-29 09:00,2019-12-29 10:00,-0.091,1.298,70.758,267.891,0.972
2019-12-29 10:00,2019-12-29 11:00,0.859,1.293,88.173,350.866,0.983
2019-12-29 11:00,2019-12-29 12:00,1.353,1.288,67.588,380.604,0.982
2019-12-29 12:00,2019-12-29 13:00,1.555,1.286,57.366,354.987,0.983
2019-12-29 13:00,2019-12-29 14:00,1.724,1.284,56.530,275.715,0.949
2019-12-29 14:00,2019-12-29 15:00,1.261,1.284,47.940,148.242,0.947
2019-12-29 15:00,2019-12-29 16:00,-0.078,1.285,3.849,14.509,0.853
2019-12-29 16:00,2019-12-29 17:00,-0.177,1.286,0,0,0.726
2019-12-29 17:00,2019-12-29 18:00,-0.077,1.286,0,0,0.767
2019-12-29 18:00,2019-12-29 19:00,0.226,1.287,0,0,0.929
2019-12-29 19:00,2019-12-29 20:00,0.594,1.286,0,0,0.973
2019-12-29 20:00,2019-12-29 21:00,0.696,1.286,0,0,0.965
2019-12-29 21:00,2019-12-29 22:00,0.739,1.285,0,0,0.940
2019-12-29 22:00,2019-12-29 23:00,0.809,1.284,0,0,0.865
2019-12-29 23:00,2019-12-30 00:00,0.665,1.283,0,0,0.473
2019-12-30 00:00,2019-12-30 01:00,0.181,1.282,0,0,0.128
2019-12-30 01:00,2019-12-30 02:00,-0.184,1.281,0,0,0.104
2019-12-30 02:00,2019-12-30 03:00,-0.362,1.281,0,0,0.560
2019-12-30 03:00,2019-12-30 04:00,-0.510,1.281,0,0,0.932
2019-12-30 04:00,2019-12-30 05:00,-0.602,1.281,0,0,0.952
2019-12-30 05:00,2019-12-30 06:00,-0.673,1.282,0,0,0.950
2019-12-30 06:00,2019-12-30 07:00,-0.730,1.283,0,0,0.951
2019-12-30 07:00,2019-12-30 08:00,-0.702,1.284,3.420,10.142,0.930
2019-12-30 08:00,2019-12-30 09:00,0.439,1.284,71.062,138.359,0.800
2019-12-30 09:00,2019-12-30 10:00,2.037,1.280,160.602,269.158,0.710
2019-12-30 10:00,2019-12-30 11:00,3.726,1.273,218.866,352.241,0.685
2019-12-30 11:00,2019-12-30 12:00,5.120,1.265,225.660,381.951,0.635
2019-12-30 12:00,2019-12-30 13:00,5.873,1.259,202.180,356.362,0.508
2019-12-30 13:00,2019-12-30 14:00,5.708,1.256,151.556,277.073,0.364
2019-12-30 14:00,2019-12-30 15:00,4.006,1.255,74.769,149.492,0.285
2019-12-30 15:00,2019-12-30 16:00,1.574,1.257,5.565,15.011,0.171
2019-12-30 16:00,2019-12-30 17:00,0.779,1.262,0,0,0.035
2019-12-30 17:00,2019-12-30 18:00,0.126,1.266,0,0,0.001
2019-12-30 18:00,2019-12-30 19:00,-0.309,1.269,0,0,0
2019-12-30 19:00,2019-12-30 20:00,-0.374,1.271,0,0,0
2019-12-30 20:00,2019-12-30 21:00,-0.278,1.272,0,0,0
2019-12-30 21:00,2019-12-30 22:00,-0.086,1.270,0,0,0
2019-12-30 22:00,2019-12-30 23:00,0.234,1.267,0,0,0
2019-12-30 23:00,2019-12-31 00:00,0.429,1.266,0,0,0
2019-12-31 00:00,2019-12-31 01:00,0.375,1.266,0,0,0.006
2019-12-31 01:00,2019-12-31 02:00,0.181,1.267,0,0,0.118
2019-12-31 02:00,2019-12-31 03:00,0.217,1.268,0,0,0.186
2019-12-31 03:00,2019-12-31 04:00,0.070,1.271,0,0,0.540
2019-12-31 04:00,2019-12-31 05:00,0.418,1.275,0,0,0.939
2019-12-31 05:00,2019-12-31 06:00,0.895,1.278,0,0,0.992
2019-12-31 06:00,2019-12-31 07:00,1.064,1.279,0,0,0.995
2019-12-31 07:00,2019-12-31 08:00,1.049,1.280,0.701,10.595,0.984
2019-12-31 08:00,2019-12-31 09:00,1.262,1.281,19.689,139.741,0.956
2019-12-31 09:00,2019-12-31 10:00,1.883,1.282,50.728,270.641,0.952
2019-12-31 10:00,2019-12-31 11:00,2.475,1.281,93.200,353.741,0.880
2019-12-31 11:00,2019-12-31 12:00,3.221,1.278,118.068,383.479,0.969
2019-12-31 12:00,2019-12-31 13:00,3.867,1.274,105.989,357.862,0.978
2019-12-31 13:00,2019-12-31 14:00,3.955,1.273,83.157,278.573,0.979
2019-12-31 14:00,2019-12-31 15:00,3.121,1.274,40.272,150.977,0.874
2019-12-31 15:00,2019-12-31 16:00,1.968,1.275,2.849,15.581,0.890
2019-12-31 16:00,2019-12-31 17:00,1.942,1.276,0,0,0.956
2019-12-31 17:00,2019-12-31 18:00,1.819,1.278,0,0,0.970
2019-12-31 18:00,2019-12-31 19:00,1.626,1.279,0,0,0.917
2019-12-31 19:00,2019-12-31 20:00,1.458,1.280,0,0,0.816
2019-12-31 20:00,2019-12-31 21:00,1.150,1.282,0,0,0.605
2019-12-31 21:00,2019-12-31 22:00,0.385,1.284,0,0,0.362
2019-12-31 22:00,2019-12-31 23:00,-0.565,1.285,0,0,0.356
2019-12-31 23:00,2020-01-01 00:00,-1.445,1.286,0,0,0.513
