Zeit (TT-MM hh:mm),Last [kW]
01-01 00:00,50.199999999999996
01-01 01:00,47.40000000000001
01-01 02:00,47.80000000000001
01-01 03:00,42.29999999999999
01-01 04:00,46.100000000000016
01-01 05:00,64.30000000000004
01-01 06:00,88.29999999999995
01-01 07:00,85.59999999999997
01-01 08:00,93.19999999999997
01-01 09:00,105.10000000000007
01-01 10:00,106.60000000000007
01-01 11:00,95.10000000000005
01-01 12:00,80.79999999999997
01-01 13:00,63.90000000000003
01-01 14:00,72.89999999999999
01-01 15:00,77.50000000000001
01-01 16:00,66.2
01-01 17:00,67.5
01-01 18:00,73.00000000000003
01-01 19:00,78.50000000000006
01-01 20:00,79.20000000000003
01-01 21:00,71.00000000000001
01-01 22:00,37.09999999999999
01-01 23:00,25.799999999999994
02-01 00:00,26.000000000000014
02-01 01:00,52.300000000000026
02-01 02:00,46.199999999999996
02-01 03:00,52.39999999999999
02-01 04:00,72.60000000000002
02-01 05:00,106.70000000000003
02-01 06:00,183.99999999999986
02-01 07:00,174.89999999999995
02-01 08:00,154.30000000000004
02-01 09:00,148.8000000000001
02-01 10:00,136.39999999999995
02-01 11:00,129.3
02-01 12:00,120.99999999999994
02-01 13:00,125.2
02-01 14:00,113.89999999999999
02-01 15:00,121.40000000000002
02-01 16:00,139.3
02-01 17:00,142.3
02-01 18:00,165.9
02-01 19:00,174.6999999999999
02-01 20:00,183.3999999999999
02-01 21:00,194.19999999999993
02-01 22:00,126.10000000000001
02-01 23:00,112.80000000000001
03-01 00:00,116.49999999999997
03-01 01:00,103.99999999999996
03-01 02:00,97.10000000000004
03-01 03:00,93.09999999999998
03-01 04:00,107.49999999999999
03-01 05:00,164.19999999999993
03-01 06:00,222.79999999999998
03-01 07:00,204.39999999999995
03-01 08:00,160.89999999999998
03-01 09:00,136.69999999999996
03-01 10:00,148.60000000000005
03-01 11:00,126.50000000000001
03-01 12:00,125.40000000000002
03-01 13:00,119.59999999999995
03-01 14:00,120.79999999999997
03-01 15:00,110.89999999999998
03-01 16:00,110.19999999999993
03-01 17:00,122.40000000000009
03-01 18:00,120.10000000000004
03-01 19:00,156.39999999999995
03-01 20:00,166.0
03-01 21:00,146.29999999999995
03-01 22:00,95.7
03-01 23:00,78.60000000000004
04-01 00:00,78.1
04-01 01:00,78.69999999999999
04-01 02:00,74.60000000000001
04-01 03:00,82.89999999999998
04-01 04:00,94.39999999999995
04-01 05:00,142.89999999999998
04-01 06:00,205.99999999999986
04-01 07:00,221.40000000000003
04-01 08:00,184.69999999999996
04-01 09:00,146.30000000000007
04-01 10:00,150.3
04-01 11:00,149.60000000000002
04-01 12:00,141.40000000000003
04-01 13:00,137.00000000000003
04-01 14:00,135.4
04-01 15:00,145.20000000000007
04-01 16:00,158.60000000000005
04-01 17:00,161.00000000000006
04-01 18:00,168.89999999999998
04-01 19:00,179.3999999999999
04-01 20:00,187.5999999999999
04-01 21:00,174.69999999999987
04-01 22:00,106.39999999999995
04-01 23:00,88.3
05-01 00:00,79.79999999999997
05-01 01:00,74.70000000000003
05-01 02:00,65.6
05-01 03:00,66.39999999999999
05-01 04:00,76.7
05-01 05:00,125.99999999999999
05-01 06:00,183.29999999999987
05-01 07:00,193.80000000000004
05-01 08:00,172.19999999999993
05-01 09:00,152.50000000000009
05-01 10:00,156.70000000000005
05-01 11:00,147.9
05-01 12:00,119.29999999999995
05-01 13:00,122.8
05-01 14:00,128.19999999999996
05-01 15:00,132.79999999999995
05-01 16:00,140.00000000000006
05-01 17:00,147.70000000000005
05-01 18:00,199.19999999999996
05-01 19:00,212.7999999999999
05-01 20:00,205.79999999999995
05-01 21:00,195.49999999999991
05-01 22:00,118.59999999999997
05-01 23:00,107.90000000000005
06-01 00:00,103.6
06-01 01:00,100.30000000000001
06-01 02:00,91.09999999999995
06-01 03:00,92.39999999999999
06-01 04:00,115.49999999999993
06-01 05:00,151.79999999999995
06-01 06:00,207.19999999999987
06-01 07:00,193.59999999999988
06-01 08:00,182.8
06-01 09:00,197.30000000000007
06-01 10:00,191.60000000000005
06-01 11:00,181.20000000000007
06-01 12:00,173.09999999999994
06-01 13:00,161.39999999999998
06-01 14:00,164.0
06-01 15:00,176.00000000000006
06-01 16:00,163.59999999999997
06-01 17:00,184.60000000000002
06-01 18:00,186.29999999999995
06-01 19:00,198.39999999999995
06-01 20:00,212.39999999999995
06-01 21:00,195.00000000000003
06-01 22:00,112.29999999999997
06-01 23:00,113.50000000000003
07-01 00:00,100.39999999999998
07-01 01:00,105.79999999999997
07-01 02:00,93.89999999999992
07-01 03:00,96.10000000000002
07-01 04:00,111.69999999999993
07-01 05:00,147.0999999999999
07-01 06:00,209.39999999999986
07-01 07:00,203.10000000000002
07-01 08:00,196.1
07-01 09:00,176.49999999999997
07-01 10:00,176.19999999999996
07-01 11:00,181.70000000000007
07-01 12:00,163.6
07-01 13:00,167.4
07-01 14:00,140.79999999999998
07-01 15:00,166.70000000000002
07-01 16:00,171.4
07-01 17:00,185.39999999999998
07-01 18:00,207.79999999999998
07-01 19:00,222.20000000000002
07-01 20:00,206.49999999999997
07-01 21:00,195.3
07-01 22:00,113.0
07-01 23:00,93.90000000000002
08-01 00:00,87.59999999999997
08-01 01:00,82.19999999999996
08-01 02:00,72.90000000000002
08-01 03:00,72.70000000000002
08-01 04:00,100.79999999999997
08-01 05:00,161.79999999999993
08-01 06:00,221.79999999999995
08-01 07:00,223.19999999999993
08-01 08:00,186.29999999999998
08-01 09:00,175.89999999999995
08-01 10:00,162.80000000000007
08-01 11:00,154.59999999999997
08-01 12:00,143.70000000000002
08-01 13:00,135.80000000000004
08-01 14:00,154.60000000000002
08-01 15:00,149.50000000000003
08-01 16:00,160.20000000000002
08-01 17:00,170.59999999999997
08-01 18:00,192.09999999999997
08-01 19:00,203.19999999999985
08-01 20:00,216.1
08-01 21:00,206.2999999999999
08-01 22:00,120.59999999999995
08-01 23:00,97.10000000000001
09-01 00:00,87.59999999999997
09-01 01:00,80.99999999999997
09-01 02:00,87.89999999999996
09-01 03:00,87.39999999999998
09-01 04:00,99.39999999999998
09-01 05:00,133.30000000000004
09-01 06:00,209.4999999999999
09-01 07:00,213.89999999999995
09-01 08:00,172.49999999999997
09-01 09:00,166.10000000000002
09-01 10:00,147.20000000000005
09-01 11:00,136.89999999999995
09-01 12:00,126.29999999999997
09-01 13:00,127.39999999999996
09-01 14:00,130.49999999999994
09-01 15:00,122.29999999999998
09-01 16:00,128.89999999999995
09-01 17:00,136.99999999999994
09-01 18:00,157.89999999999998
09-01 19:00,172.69999999999996
09-01 20:00,171.19999999999987
09-01 21:00,163.89999999999998
09-01 22:00,101.3
09-01 23:00,77.30000000000001
10-01 00:00,67.99999999999999
10-01 01:00,61.60000000000002
10-01 02:00,59.800000000000004
10-01 03:00,68.1
10-01 04:00,83.29999999999997
10-01 05:00,126.0
10-01 06:00,199.99999999999991
10-01 07:00,191.29999999999995
10-01 08:00,165.39999999999995
10-01 09:00,146.20000000000007
10-01 10:00,142.20000000000002
10-01 11:00,127.30000000000003
10-01 12:00,123.80000000000003
10-01 13:00,111.09999999999995
10-01 14:00,120.89999999999996
10-01 15:00,110.89999999999999
10-01 16:00,125.99999999999996
10-01 17:00,147.20000000000007
10-01 18:00,167.29999999999998
10-01 19:00,171.99999999999997
10-01 20:00,178.89999999999995
10-01 21:00,175.19999999999993
10-01 22:00,98.59999999999998
10-01 23:00,74.10000000000004
11-01 00:00,69.09999999999998
11-01 01:00,61.700000000000024
11-01 02:00,59.0
11-01 03:00,60.00000000000001
11-01 04:00,70.9
11-01 05:00,111.60000000000002
11-01 06:00,188.3
11-01 07:00,164.19999999999996
11-01 08:00,145.59999999999997
11-01 09:00,129.70000000000007
11-01 10:00,112.2
11-01 11:00,117.1
11-01 12:00,105.70000000000002
11-01 13:00,106.39999999999998
11-01 14:00,95.99999999999996
11-01 15:00,101.89999999999995
11-01 16:00,118.19999999999996
11-01 17:00,130.10000000000005
11-01 18:00,144.09999999999994
11-01 19:00,148.9999999999999
11-01 20:00,159.80000000000004
11-01 21:00,134.79999999999998
11-01 22:00,91.89999999999999
11-01 23:00,82.60000000000001
12-01 00:00,73.19999999999999
12-01 01:00,66.00000000000003
12-01 02:00,65.99999999999999
12-01 03:00,70.30000000000001
12-01 04:00,77.8
12-01 05:00,118.00000000000001
12-01 06:00,180.49999999999986
12-01 07:00,179.39999999999986
12-01 08:00,155.29999999999998
12-01 09:00,142.19999999999996
12-01 10:00,123.4
12-01 11:00,123.39999999999999
12-01 12:00,112.19999999999997
12-01 13:00,119.89999999999993
12-01 14:00,120.89999999999998
12-01 15:00,117.09999999999997
12-01 16:00,135.1
12-01 17:00,137.89999999999998
12-01 18:00,163.29999999999993
12-01 19:00,167.59999999999994
12-01 20:00,181.19999999999996
12-01 21:00,167.69999999999993
12-01 22:00,109.29999999999997
12-01 23:00,87.30000000000003
13-01 00:00,102.39999999999998
13-01 01:00,102.20000000000002
13-01 02:00,105.79999999999997
13-01 03:00,99.2
13-01 04:00,113.59999999999992
13-01 05:00,166.4999999999999
13-01 06:00,211.6999999999999
13-01 07:00,206.19999999999993
13-01 08:00,195.0
13-01 09:00,199.9999999999999
13-01 10:00,195.30000000000004
13-01 11:00,201.90000000000006
13-01 12:00,180.99999999999997
13-01 13:00,191.6999999999999
13-01 14:00,172.89999999999992
13-01 15:00,160.70000000000002
13-01 16:00,192.40000000000003
13-01 17:00,185.79999999999995
13-01 18:00,180.70000000000005
13-01 19:00,216.99999999999994
13-01 20:00,225.7
13-01 21:00,227.60000000000005
13-01 22:00,132.29999999999995
13-01 23:00,102.8
14-01 00:00,109.4
14-01 01:00,104.79999999999998
14-01 02:00,99.6
14-01 03:00,107.89999999999999
14-01 04:00,128.19999999999996
14-01 05:00,182.79999999999993
14-01 06:00,268.09999999999997
14-01 07:00,240.79999999999987
14-01 08:00,211.10000000000005
14-01 09:00,254.20000000000007
14-01 10:00,246.9
14-01 11:00,223.30000000000004
14-01 12:00,225.70000000000005
14-01 13:00,205.19999999999993
14-01 14:00,181.70000000000005
14-01 15:00,199.30000000000007
14-01 16:00,216.00000000000009
14-01 17:00,234.00000000000003
14-01 18:00,235.9
14-01 19:00,254.39999999999995
14-01 20:00,298.3999999999999
14-01 21:00,272.59999999999997
14-01 22:00,170.40000000000003
14-01 23:00,150.0
15-01 00:00,144.6
15-01 01:00,139.39999999999992
15-01 02:00,130.4
15-01 03:00,135.89999999999998
15-01 04:00,186.59999999999985
15-01 05:00,263.9000000000001
15-01 06:00,359.09999999999997
15-01 07:00,350.9000000000001
15-01 08:00,296.4
15-01 09:00,290.3999999999999
15-01 10:00,271.59999999999997
15-01 11:00,281.0
15-01 12:00,222.99999999999994
15-01 13:00,244.5
15-01 14:00,213.70000000000005
15-01 15:00,235.69999999999996
15-01 16:00,259.40000000000015
15-01 17:00,276.69999999999993
15-01 18:00,289.3999999999999
15-01 19:00,340.70000000000005
15-01 20:00,327.8
15-01 21:00,355.20000000000016
15-01 22:00,204.89999999999998
15-01 23:00,178.99999999999997
16-01 00:00,184.69999999999996
16-01 01:00,168.79999999999987
16-01 02:00,172.09999999999994
16-01 03:00,160.89999999999998
16-01 04:00,180.4999999999999
16-01 05:00,269.2
16-01 06:00,395.90000000000003
16-01 07:00,380.10000000000014
16-01 08:00,301.79999999999995
16-01 09:00,268.0
16-01 10:00,264.90000000000015
16-01 11:00,241.89999999999995
16-01 12:00,227.20000000000005
16-01 13:00,211.70000000000005
16-01 14:00,209.80000000000007
16-01 15:00,230.60000000000005
16-01 16:00,245.49999999999997
16-01 17:00,271.7999999999999
16-01 18:00,301.69999999999993
16-01 19:00,326.1
16-01 20:00,345.40000000000003
16-01 21:00,318.8999999999999
16-01 22:00,201.2
16-01 23:00,158.09999999999994
17-01 00:00,152.5
17-01 01:00,130.69999999999996
17-01 02:00,160.79999999999995
17-01 03:00,158.29999999999998
17-01 04:00,198.1999999999999
17-01 05:00,272.9
17-01 06:00,380.90000000000003
17-01 07:00,397.0000000000001
17-01 08:00,331.9000000000001
17-01 09:00,284.69999999999993
17-01 10:00,256.3
17-01 11:00,238.39999999999998
17-01 12:00,216.9000000000001
17-01 13:00,214.60000000000005
17-01 14:00,202.99999999999997
17-01 15:00,207.60000000000008
17-01 16:00,251.5
17-01 17:00,262.30000000000007
17-01 18:00,286.0999999999999
17-01 19:00,332.00000000000006
17-01 20:00,337.4
17-01 21:00,285.0
17-01 22:00,180.69999999999996
17-01 23:00,171.29999999999998
18-01 00:00,153.69999999999993
18-01 01:00,145.69999999999987
18-01 02:00,140.1
18-01 03:00,152.3
18-01 04:00,165.8999999999999
18-01 05:00,234.69999999999993
18-01 06:00,344.09999999999997
18-01 07:00,322.1000000000001
18-01 08:00,286.2
18-01 09:00,246.1
18-01 10:00,215.6
18-01 11:00,220.70000000000002
18-01 12:00,200.2
18-01 13:00,188.70000000000002
18-01 14:00,193.3
18-01 15:00,188.80000000000004
18-01 16:00,224.2
18-01 17:00,223.3000000000001
18-01 18:00,257.29999999999995
18-01 19:00,258.7999999999999
18-01 20:00,272.0
18-01 21:00,268.2
18-01 22:00,143.0
18-01 23:00,126.39999999999999
19-01 00:00,102.89999999999999
19-01 01:00,94.49999999999994
19-01 02:00,84.49999999999997
19-01 03:00,101.39999999999999
19-01 04:00,97.59999999999995
19-01 05:00,137.3
19-01 06:00,217.59999999999985
19-01 07:00,192.79999999999993
19-01 08:00,173.09999999999997
19-01 09:00,153.0000000000001
19-01 10:00,143.00000000000003
19-01 11:00,123.19999999999999
19-01 12:00,108.29999999999995
19-01 13:00,111.79999999999997
19-01 14:00,125.39999999999996
19-01 15:00,124.19999999999996
19-01 16:00,146.00000000000006
19-01 17:00,145.70000000000007
19-01 18:00,175.49999999999991
19-01 19:00,169.89999999999998
19-01 20:00,183.9999999999999
19-01 21:00,182.2999999999998
19-01 22:00,104.39999999999996
19-01 23:00,91.69999999999999
20-01 00:00,95.59999999999998
20-01 01:00,82.5
20-01 02:00,104.89999999999998
20-01 03:00,92.89999999999998
20-01 04:00,100.39999999999999
20-01 05:00,173.79999999999987
20-01 06:00,214.29999999999998
20-01 07:00,219.39999999999998
20-01 08:00,211.90000000000003
20-01 09:00,216.49999999999997
20-01 10:00,233.70000000000013
20-01 11:00,212.60000000000005
20-01 12:00,213.49999999999994
20-01 13:00,178.6999999999999
20-01 14:00,177.70000000000002
20-01 15:00,186.90000000000006
20-01 16:00,198.5
20-01 17:00,193.10000000000002
20-01 18:00,209.20000000000005
20-01 19:00,235.69999999999996
20-01 20:00,259.09999999999985
20-01 21:00,244.80000000000004
20-01 22:00,152.1
20-01 23:00,121.60000000000001
21-01 00:00,122.59999999999997
21-01 01:00,118.49999999999996
21-01 02:00,116.9999999999999
21-01 03:00,117.7
21-01 04:00,129.49999999999997
21-01 05:00,172.09999999999988
21-01 06:00,219.59999999999985
21-01 07:00,211.4999999999999
21-01 08:00,214.60000000000005
21-01 09:00,192.6999999999999
21-01 10:00,172.5999999999999
21-01 11:00,167.00000000000003
21-01 12:00,160.99999999999994
21-01 13:00,154.79999999999998
21-01 14:00,147.10000000000005
21-01 15:00,147.70000000000005
21-01 16:00,151.00000000000003
21-01 17:00,172.70000000000002
21-01 18:00,204.59999999999994
21-01 19:00,197.49999999999997
21-01 20:00,197.49999999999994
21-01 21:00,187.20000000000007
21-01 22:00,108.49999999999994
21-01 23:00,84.60000000000001
22-01 00:00,78.80000000000001
22-01 01:00,70.8
22-01 02:00,75.60000000000002
22-01 03:00,83.49999999999999
22-01 04:00,94.59999999999997
22-01 05:00,139.20000000000002
22-01 06:00,206.49999999999983
22-01 07:00,201.29999999999987
22-01 08:00,178.1999999999999
22-01 09:00,164.70000000000005
22-01 10:00,168.79999999999998
22-01 11:00,169.69999999999993
22-01 12:00,146.00000000000009
22-01 13:00,142.90000000000003
22-01 14:00,138.50000000000003
22-01 15:00,135.60000000000002
22-01 16:00,142.80000000000004
22-01 17:00,142.7
22-01 18:00,164.89999999999998
22-01 19:00,187.09999999999985
22-01 20:00,193.1999999999999
22-01 21:00,196.29999999999993
22-01 22:00,101.09999999999995
22-01 23:00,110.80000000000003
23-01 00:00,95.99999999999996
23-01 01:00,84.49999999999994
23-01 02:00,94.3
23-01 03:00,80.39999999999998
23-01 04:00,104.69999999999995
23-01 05:00,162.6
23-01 06:00,240.19999999999982
23-01 07:00,224.79999999999998
23-01 08:00,184.99999999999994
23-01 09:00,179.60000000000005
23-01 10:00,187.60000000000002
23-01 11:00,177.30000000000004
23-01 12:00,157.20000000000002
23-01 13:00,159.00000000000006
23-01 14:00,139.80000000000004
23-01 15:00,168.20000000000002
23-01 16:00,176.00000000000006
23-01 17:00,189.30000000000004
23-01 18:00,186.09999999999997
23-01 19:00,204.3999999999999
23-01 20:00,219.29999999999993
23-01 21:00,206.7999999999998
23-01 22:00,139.10000000000002
23-01 23:00,117.60000000000004
24-01 00:00,113.60000000000001
24-01 01:00,114.59999999999992
24-01 02:00,110.89999999999998
24-01 03:00,111.59999999999998
24-01 04:00,130.69999999999996
24-01 05:00,209.30000000000004
24-01 06:00,296.6
24-01 07:00,266.89999999999986
24-01 08:00,245.69999999999996
24-01 09:00,210.70000000000002
24-01 10:00,199.00000000000006
24-01 11:00,167.90000000000003
24-01 12:00,186.49999999999997
24-01 13:00,186.7
24-01 14:00,180.39999999999995
24-01 15:00,179.79999999999998
24-01 16:00,188.9
24-01 17:00,206.90000000000006
24-01 18:00,226.20000000000002
24-01 19:00,225.49999999999994
24-01 20:00,231.39999999999992
24-01 21:00,249.4999999999999
24-01 22:00,163.09999999999997
24-01 23:00,129.00000000000006
25-01 00:00,126.10000000000001
25-01 01:00,128.79999999999993
25-01 02:00,122.60000000000002
25-01 03:00,135.39999999999998
25-01 04:00,147.8999999999999
25-01 05:00,210.89999999999998
25-01 06:00,307.40000000000003
25-01 07:00,316.6000000000001
25-01 08:00,260.9999999999999
25-01 09:00,210.40000000000006
25-01 10:00,203.79999999999995
25-01 11:00,209.20000000000005
25-01 12:00,192.09999999999997
25-01 13:00,212.9000000000001
25-01 14:00,193.7
25-01 15:00,184.00000000000003
25-01 16:00,211.90000000000006
25-01 17:00,240.90000000000003
25-01 18:00,245.69999999999993
25-01 19:00,273.70000000000005
25-01 20:00,255.49999999999986
25-01 21:00,265.59999999999997
25-01 22:00,154.49999999999997
25-01 23:00,122.50000000000003
26-01 00:00,113.60000000000001
26-01 01:00,107.69999999999999
26-01 02:00,114.19999999999997
26-01 03:00,120.50000000000003
26-01 04:00,138.99999999999991
26-01 05:00,211.30000000000004
26-01 06:00,325.0
26-01 07:00,295.4000000000001
26-01 08:00,264.5999999999999
26-01 09:00,234.40000000000006
26-01 10:00,206.89999999999998
26-01 11:00,214.60000000000002
26-01 12:00,215.2
26-01 13:00,187.09999999999997
26-01 14:00,200.09999999999997
26-01 15:00,194.80000000000004
26-01 16:00,211.60000000000005
26-01 17:00,244.09999999999997
26-01 18:00,246.49999999999991
26-01 19:00,269.59999999999997
26-01 20:00,263.7
26-01 21:00,266.5
26-01 22:00,151.9
26-01 23:00,124.89999999999999
27-01 00:00,116.69999999999999
27-01 01:00,114.69999999999996
27-01 02:00,120.49999999999994
27-01 03:00,119.00000000000001
27-01 04:00,137.99999999999994
27-01 05:00,198.99999999999997
27-01 06:00,272.69999999999993
27-01 07:00,256.0999999999999
27-01 08:00,242.80000000000004
27-01 09:00,229.70000000000002
27-01 10:00,214.70000000000002
27-01 11:00,199.20000000000002
27-01 12:00,191.4
27-01 13:00,193.19999999999993
27-01 14:00,190.1999999999999
27-01 15:00,187.40000000000006
27-01 16:00,197.49999999999997
27-01 17:00,205.00000000000006
27-01 18:00,250.9
27-01 19:00,240.8
27-01 20:00,257.3999999999999
27-01 21:00,258.0
27-01 22:00,147.40000000000003
27-01 23:00,127.09999999999998
28-01 00:00,133.69999999999996
28-01 01:00,116.89999999999993
28-01 02:00,130.79999999999995
28-01 03:00,132.10000000000002
28-01 04:00,137.5999999999999
28-01 05:00,215.99999999999994
28-01 06:00,333.30000000000007
28-01 07:00,289.40000000000003
28-01 08:00,255.60000000000002
28-01 09:00,275.4999999999999
28-01 10:00,257.4000000000001
28-01 11:00,261.90000000000003
28-01 12:00,231.40000000000006
28-01 13:00,212.49999999999994
28-01 14:00,196.7
28-01 15:00,205.5
28-01 16:00,223.79999999999998
28-01 17:00,235.50000000000009
28-01 18:00,262.0
28-01 19:00,291.59999999999985
28-01 20:00,277.9999999999999
28-01 21:00,264.4000000000001
28-01 22:00,154.70000000000002
28-01 23:00,133.90000000000003
29-01 00:00,141.79999999999998
29-01 01:00,126.09999999999997
29-01 02:00,121.80000000000003
29-01 03:00,140.20000000000002
29-01 04:00,156.1999999999999
29-01 05:00,233.80000000000004
29-01 06:00,337.3999999999999
29-01 07:00,311.40000000000003
29-01 08:00,277.49999999999994
29-01 09:00,269.5
29-01 10:00,235.60000000000005
29-01 11:00,234.70000000000005
29-01 12:00,232.8000000000001
29-01 13:00,229.80000000000007
29-01 14:00,213.4000000000001
29-01 15:00,227.8000000000001
29-01 16:00,239.2
29-01 17:00,256.1
29-01 18:00,300.90000000000003
29-01 19:00,288.30000000000007
29-01 20:00,331.10000000000014
29-01 21:00,306.00000000000006
29-01 22:00,174.00000000000003
29-01 23:00,154.89999999999998
30-01 00:00,135.50000000000003
30-01 01:00,137.79999999999987
30-01 02:00,143.79999999999998
30-01 03:00,142.39999999999998
30-01 04:00,162.3999999999999
30-01 05:00,249.80000000000004
30-01 06:00,330.0
30-01 07:00,320.8
30-01 08:00,288.1
30-01 09:00,260.40000000000003
30-01 10:00,259.4000000000001
30-01 11:00,248.39999999999995
30-01 12:00,234.90000000000003
30-01 13:00,228.40000000000006
30-01 14:00,226.3
30-01 15:00,236.39999999999995
30-01 16:00,262.70000000000005
30-01 17:00,269.19999999999993
30-01 18:00,278.99999999999994
30-01 19:00,322.3000000000001
30-01 20:00,304.2000000000001
30-01 21:00,271.59999999999997
30-01 22:00,162.39999999999998
30-01 23:00,149.1
31-01 00:00,143.5
31-01 01:00,133.69999999999993
31-01 02:00,136.09999999999997
31-01 03:00,143.5
31-01 04:00,166.3999999999999
31-01 05:00,243.3999999999999
31-01 06:00,368.99999999999983
31-01 07:00,357.1999999999999
31-01 08:00,310.39999999999986
31-01 09:00,291.79999999999984
31-01 10:00,268.29999999999995
31-01 11:00,266.7
31-01 12:00,269.79999999999995
31-01 13:00,234.0
31-01 14:00,231.60000000000002
31-01 15:00,247.1
31-01 16:00,256.3
31-01 17:00,272.0
31-01 18:00,294.7999999999999
31-01 19:00,347.60000000000014
31-01 20:00,350.50000000000017
31-01 21:00,344.40000000000003
31-01 22:00,200.9
31-01 23:00,179.49999999999991
01-02 00:00,177.79999999999995
01-02 01:00,173.99999999999986
01-02 02:00,164.99999999999997
01-02 03:00,166.19999999999996
01-02 04:00,196.49999999999994
01-02 05:00,299.5999999999999
01-02 06:00,435.90000000000003
01-02 07:00,402.2
01-02 08:00,363.99999999999983
01-02 09:00,324.1
01-02 10:00,316.6
01-02 11:00,301.1999999999999
01-02 12:00,282.40000000000003
01-02 13:00,269.4000000000001
01-02 14:00,281.1000000000001
01-02 15:00,291.3000000000001
01-02 16:00,299.4000000000001
01-02 17:00,330.29999999999984
01-02 18:00,326.19999999999993
01-02 19:00,343.9
01-02 20:00,350.60000000000014
01-02 21:00,363.6000000000001
01-02 22:00,192.0
01-02 23:00,168.29999999999998
02-02 00:00,154.39999999999995
02-02 01:00,129.89999999999995
02-02 02:00,148.50000000000003
02-02 03:00,144.89999999999995
02-02 04:00,167.29999999999993
02-02 05:00,225.89999999999995
02-02 06:00,357.7999999999999
02-02 07:00,360.1
02-02 08:00,266.4
02-02 09:00,249.70000000000005
02-02 10:00,244.40000000000003
02-02 11:00,244.3
02-02 12:00,246.39999999999995
02-02 13:00,221.99999999999994
02-02 14:00,219.1
02-02 15:00,226.8
02-02 16:00,234.0
02-02 17:00,274.2999999999999
02-02 18:00,262.3
02-02 19:00,290.40000000000003
02-02 20:00,320.50000000000006
02-02 21:00,296.3999999999999
02-02 22:00,174.90000000000003
02-02 23:00,138.10000000000002
03-02 00:00,136.8
03-02 01:00,123.59999999999998
03-02 02:00,120.69999999999996
03-02 03:00,116.89999999999998
03-02 04:00,128.0
03-02 05:00,181.99999999999997
03-02 06:00,271.8999999999999
03-02 07:00,251.09999999999997
03-02 08:00,229.70000000000007
03-02 09:00,231.10000000000008
03-02 10:00,207.4
03-02 11:00,199.20000000000005
03-02 12:00,197.29999999999987
03-02 13:00,184.79999999999995
03-02 14:00,179.89999999999998
03-02 15:00,194.10000000000005
03-02 16:00,191.0
03-02 17:00,203.90000000000006
03-02 18:00,218.1000000000001
03-02 19:00,264.1999999999999
03-02 20:00,264.19999999999993
03-02 21:00,239.99999999999997
03-02 22:00,149.00000000000003
03-02 23:00,134.89999999999998
04-02 00:00,107.10000000000001
04-02 01:00,112.39999999999996
04-02 02:00,90.39999999999995
04-02 03:00,103.90000000000003
04-02 04:00,104.49999999999996
04-02 05:00,136.39999999999992
04-02 06:00,194.7
04-02 07:00,207.0
04-02 08:00,173.20000000000002
04-02 09:00,173.6
04-02 10:00,164.70000000000002
04-02 11:00,165.4000000000001
04-02 12:00,168.00000000000006
04-02 13:00,148.89999999999998
04-02 14:00,140.3
04-02 15:00,134.79999999999998
04-02 16:00,134.59999999999997
04-02 17:00,139.89999999999995
04-02 18:00,157.00000000000003
04-02 19:00,171.09999999999997
04-02 20:00,151.70000000000005
04-02 21:00,149.00000000000006
04-02 22:00,74.19999999999996
04-02 23:00,60.70000000000001
05-02 00:00,48.1
05-02 01:00,44.500000000000014
05-02 02:00,40.59999999999998
05-02 03:00,42.09999999999999
05-02 04:00,49.200000000000024
05-02 05:00,85.6
05-02 06:00,130.6
05-02 07:00,133.39999999999995
05-02 08:00,111.6
05-02 09:00,98.0
05-02 10:00,83.60000000000002
05-02 11:00,88.40000000000003
05-02 12:00,81.6
05-02 13:00,83.49999999999997
05-02 14:00,84.3
05-02 15:00,89.19999999999996
05-02 16:00,92.99999999999994
05-02 17:00,88.9
05-02 18:00,102.7
05-02 19:00,105.49999999999997
05-02 20:00,112.8
05-02 21:00,108.6
05-02 22:00,62.79999999999998
05-02 23:00,49.1
06-02 00:00,41.50000000000004
06-02 01:00,42.800000000000026
06-02 02:00,39.399999999999984
06-02 03:00,40.399999999999984
06-02 04:00,49.80000000000003
06-02 05:00,86.80000000000001
06-02 06:00,137.90000000000003
06-02 07:00,136.59999999999997
06-02 08:00,115.3
06-02 09:00,105.80000000000001
06-02 10:00,108.4
06-02 11:00,92.19999999999999
06-02 12:00,86.1
06-02 13:00,90.99999999999996
06-02 14:00,93.09999999999997
06-02 15:00,101.09999999999997
06-02 16:00,106.19999999999995
06-02 17:00,116.29999999999998
06-02 18:00,129.1
06-02 19:00,152.69999999999987
06-02 20:00,154.29999999999984
06-02 21:00,143.19999999999996
06-02 22:00,86.60000000000001
06-02 23:00,69.29999999999998
07-02 00:00,66.49999999999999
07-02 01:00,70.10000000000001
07-02 02:00,60.30000000000001
07-02 03:00,72.40000000000002
07-02 04:00,81.19999999999997
07-02 05:00,123.39999999999998
07-02 06:00,185.7999999999999
07-02 07:00,186.6999999999999
07-02 08:00,155.7
07-02 09:00,142.6
07-02 10:00,116.9
07-02 11:00,111.49999999999999
07-02 12:00,87.09999999999998
07-02 13:00,75.09999999999995
07-02 14:00,65.9
07-02 15:00,68.99999999999999
07-02 16:00,78.69999999999996
07-02 17:00,104.8
07-02 18:00,120.20000000000003
07-02 19:00,126.19999999999997
07-02 20:00,146.50000000000003
07-02 21:00,136.49999999999997
07-02 22:00,68.39999999999999
07-02 23:00,58.000000000000014
08-02 00:00,57.199999999999996
08-02 01:00,59.80000000000001
08-02 02:00,70.80000000000001
08-02 03:00,73.80000000000001
08-02 04:00,85.69999999999996
08-02 05:00,150.5
08-02 06:00,217.99999999999986
08-02 07:00,219.3999999999999
08-02 08:00,181.99999999999997
08-02 09:00,165.8
08-02 10:00,137.39999999999995
08-02 11:00,133.59999999999997
08-02 12:00,139.6
08-02 13:00,132.8
08-02 14:00,113.0
08-02 15:00,113.09999999999998
08-02 16:00,138.10000000000002
08-02 17:00,161.40000000000006
08-02 18:00,187.1999999999999
08-02 19:00,210.79999999999984
08-02 20:00,239.8
08-02 21:00,247.60000000000002
08-02 22:00,158.00000000000003
08-02 23:00,146.09999999999997
09-02 00:00,148.3
09-02 01:00,137.3999999999999
09-02 02:00,136.0
09-02 03:00,143.1
09-02 04:00,152.89999999999995
09-02 05:00,225.00000000000009
09-02 06:00,322.5000000000001
09-02 07:00,283.6
09-02 08:00,235.5999999999999
09-02 09:00,199.2
09-02 10:00,173.2
09-02 11:00,160.50000000000006
09-02 12:00,142.00000000000006
09-02 13:00,148.8
09-02 14:00,136.60000000000002
09-02 15:00,125.89999999999993
09-02 16:00,157.50000000000003
09-02 17:00,176.40000000000006
09-02 18:00,195.29999999999998
09-02 19:00,181.49999999999997
09-02 20:00,222.19999999999996
09-02 21:00,213.2999999999998
09-02 22:00,121.10000000000001
09-02 23:00,106.7
10-02 00:00,94.89999999999998
10-02 01:00,89.59999999999998
10-02 02:00,86.49999999999997
10-02 03:00,79.49999999999997
10-02 04:00,99.0
10-02 05:00,137.59999999999997
10-02 06:00,186.3999999999999
10-02 07:00,196.00000000000003
10-02 08:00,186.4
10-02 09:00,184.7999999999999
10-02 10:00,176.89999999999998
10-02 11:00,156.8
10-02 12:00,141.6
10-02 13:00,138.60000000000002
10-02 14:00,127.70000000000005
10-02 15:00,146.60000000000008
10-02 16:00,144.10000000000002
10-02 17:00,163.70000000000002
10-02 18:00,156.70000000000005
10-02 19:00,169.49999999999997
10-02 20:00,188.49999999999997
10-02 21:00,156.60000000000005
10-02 22:00,89.79999999999997
10-02 23:00,68.19999999999999
11-02 00:00,62.8
11-02 01:00,49.200000000000024
11-02 02:00,42.50000000000001
11-02 03:00,44.8
11-02 04:00,55.90000000000001
11-02 05:00,82.39999999999998
11-02 06:00,112.39999999999992
11-02 07:00,112.50000000000003
11-02 08:00,106.49999999999994
11-02 09:00,118.30000000000001
11-02 10:00,117.79999999999998
11-02 11:00,118.9
11-02 12:00,109.29999999999997
11-02 13:00,111.89999999999996
11-02 14:00,105.69999999999999
11-02 15:00,100.1
11-02 16:00,104.4
11-02 17:00,112.49999999999999
11-02 18:00,119.90000000000003
11-02 19:00,125.9
11-02 20:00,141.39999999999995
11-02 21:00,123.69999999999999
11-02 22:00,83.89999999999996
11-02 23:00,66.2
12-02 00:00,71.49999999999999
12-02 01:00,68.40000000000002
12-02 02:00,65.4
12-02 03:00,73.10000000000002
12-02 04:00,84.19999999999996
12-02 05:00,123.60000000000001
12-02 06:00,196.19999999999982
12-02 07:00,194.89999999999992
12-02 08:00,173.49999999999997
12-02 09:00,163.80000000000004
12-02 10:00,159.60000000000005
12-02 11:00,149.3
12-02 12:00,139.20000000000002
12-02 13:00,141.20000000000005
12-02 14:00,134.89999999999998
12-02 15:00,139.70000000000007
12-02 16:00,147.90000000000003
12-02 17:00,168.30000000000004
12-02 18:00,180.19999999999996
12-02 19:00,184.69999999999985
12-02 20:00,187.89999999999992
12-02 21:00,177.2999999999999
12-02 22:00,105.79999999999994
12-02 23:00,96.0
13-02 00:00,85.29999999999997
13-02 01:00,81.49999999999997
13-02 02:00,77.10000000000001
13-02 03:00,85.19999999999999
13-02 04:00,101.09999999999997
13-02 05:00,158.5999999999999
13-02 06:00,233.1999999999999
13-02 07:00,243.59999999999997
13-02 08:00,198.7999999999999
13-02 09:00,175.89999999999995
13-02 10:00,144.70000000000002
13-02 11:00,139.60000000000002
13-02 12:00,131.19999999999996
13-02 13:00,139.4
13-02 14:00,133.09999999999994
13-02 15:00,132.49999999999997
13-02 16:00,151.10000000000002
13-02 17:00,158.50000000000003
13-02 18:00,168.49999999999997
13-02 19:00,191.9999999999999
13-02 20:00,178.7999999999999
13-02 21:00,188.2999999999999
13-02 22:00,111.99999999999999
13-02 23:00,96.0
14-02 00:00,93.59999999999998
14-02 01:00,86.39999999999996
14-02 02:00,82.59999999999998
14-02 03:00,80.19999999999997
14-02 04:00,100.19999999999996
14-02 05:00,154.89999999999995
14-02 06:00,220.59999999999988
14-02 07:00,209.4999999999998
14-02 08:00,171.0999999999999
14-02 09:00,171.39999999999998
14-02 10:00,154.60000000000005
14-02 11:00,135.99999999999997
14-02 12:00,139.9
14-02 13:00,130.59999999999994
14-02 14:00,123.89999999999998
14-02 15:00,130.49999999999997
14-02 16:00,141.30000000000004
14-02 17:00,147.30000000000004
14-02 18:00,155.40000000000003
14-02 19:00,183.89999999999986
14-02 20:00,192.70000000000002
14-02 21:00,181.8999999999999
14-02 22:00,115.60000000000001
14-02 23:00,93.90000000000002
15-02 00:00,102.89999999999999
15-02 01:00,94.59999999999997
15-02 02:00,86.09999999999998
15-02 03:00,95.30000000000003
15-02 04:00,106.99999999999996
15-02 05:00,174.79999999999995
15-02 06:00,254.69999999999987
15-02 07:00,232.6999999999999
15-02 08:00,213.49999999999994
15-02 09:00,180.50000000000006
15-02 10:00,168.19999999999993
15-02 11:00,167.99999999999994
15-02 12:00,141.60000000000005
15-02 13:00,151.90000000000003
15-02 14:00,146.80000000000004
15-02 15:00,152.80000000000004
15-02 16:00,169.3
15-02 17:00,174.40000000000003
15-02 18:00,181.00000000000003
15-02 19:00,199.69999999999985
15-02 20:00,203.79999999999984
15-02 21:00,199.39999999999986
15-02 22:00,119.29999999999997
15-02 23:00,96.80000000000001
16-02 00:00,87.29999999999998
16-02 01:00,82.09999999999995
16-02 02:00,88.79999999999998
16-02 03:00,85.19999999999999
16-02 04:00,99.59999999999998
16-02 05:00,144.9
16-02 06:00,239.89999999999984
16-02 07:00,213.99999999999986
16-02 08:00,181.6
16-02 09:00,156.40000000000006
16-02 10:00,147.3
16-02 11:00,158.5
16-02 12:00,143.50000000000003
16-02 13:00,129.69999999999996
16-02 14:00,132.09999999999997
16-02 15:00,138.00000000000003
16-02 16:00,152.6
16-02 17:00,161.90000000000006
16-02 18:00,198.79999999999995
16-02 19:00,224.29999999999993
16-02 20:00,219.99999999999994
16-02 21:00,199.4999999999999
16-02 22:00,131.1
16-02 23:00,119.70000000000003
17-02 00:00,133.79999999999998
17-02 01:00,137.0
17-02 02:00,142.19999999999993
17-02 03:00,130.90000000000003
17-02 04:00,147.99999999999991
17-02 05:00,213.9
17-02 06:00,285.2
17-02 07:00,261.3999999999999
17-02 08:00,256.20000000000005
17-02 09:00,217.09999999999994
17-02 10:00,202.29999999999998
17-02 11:00,199.10000000000005
17-02 12:00,194.00000000000006
17-02 13:00,158.6
17-02 14:00,161.59999999999994
17-02 15:00,146.5
17-02 16:00,171.3
17-02 17:00,182.00000000000003
17-02 18:00,213.2
17-02 19:00,255.99999999999991
17-02 20:00,253.5999999999999
17-02 21:00,239.5
17-02 22:00,146.20000000000007
17-02 23:00,123.5
18-02 00:00,116.69999999999996
18-02 01:00,118.89999999999995
18-02 02:00,120.09999999999995
18-02 03:00,121.80000000000003
18-02 04:00,148.3999999999999
18-02 05:00,203.29999999999987
18-02 06:00,310.8999999999999
18-02 07:00,282.7000000000001
18-02 08:00,257.80000000000007
18-02 09:00,250.7
18-02 10:00,258.90000000000003
18-02 11:00,240.70000000000005
18-02 12:00,249.8000000000001
18-02 13:00,205.9
18-02 14:00,219.90000000000003
18-02 15:00,220.70000000000007
18-02 16:00,219.00000000000006
18-02 17:00,249.50000000000003
18-02 18:00,253.89999999999995
18-02 19:00,263.59999999999997
18-02 20:00,270.29999999999995
18-02 21:00,265.6000000000001
18-02 22:00,142.70000000000002
18-02 23:00,119.40000000000005
19-02 00:00,106.10000000000001
19-02 01:00,116.09999999999995
19-02 02:00,105.90000000000003
19-02 03:00,107.10000000000001
19-02 04:00,121.89999999999993
19-02 05:00,187.9
19-02 06:00,270.4
19-02 07:00,253.0999999999998
19-02 08:00,230.29999999999995
19-02 09:00,201.10000000000005
19-02 10:00,192.19999999999996
19-02 11:00,202.29999999999998
19-02 12:00,175.90000000000003
19-02 13:00,180.4
19-02 14:00,165.99999999999997
19-02 15:00,152.2
19-02 16:00,185.8
19-02 17:00,200.90000000000003
19-02 18:00,210.9
19-02 19:00,236.59999999999988
19-02 20:00,243.1999999999999
19-02 21:00,257.59999999999997
19-02 22:00,142.8
19-02 23:00,131.5
20-02 00:00,136.2
20-02 01:00,126.99999999999996
20-02 02:00,114.89999999999995
20-02 03:00,125.90000000000005
20-02 04:00,134.69999999999993
20-02 05:00,203.70000000000002
20-02 06:00,319.4
20-02 07:00,303.4
20-02 08:00,267.3999999999999
20-02 09:00,258.99999999999994
20-02 10:00,252.00000000000003
20-02 11:00,234.60000000000008
20-02 12:00,217.20000000000007
20-02 13:00,213.80000000000004
20-02 14:00,222.49999999999994
20-02 15:00,223.89999999999995
20-02 16:00,227.80000000000004
20-02 17:00,242.4
20-02 18:00,263.59999999999997
20-02 19:00,276.20000000000005
20-02 20:00,297.2
20-02 21:00,276.6
20-02 22:00,171.20000000000005
20-02 23:00,152.89999999999998
21-02 00:00,147.3
21-02 01:00,161.4999999999999
21-02 02:00,146.2
21-02 03:00,162.29999999999998
21-02 04:00,180.89999999999986
21-02 05:00,260.4
21-02 06:00,395.59999999999997
21-02 07:00,369.0999999999999
21-02 08:00,336.5999999999999
21-02 09:00,299.79999999999995
21-02 10:00,250.10000000000002
21-02 11:00,267.59999999999997
21-02 12:00,250.6
21-02 13:00,274.0
21-02 14:00,238.7
21-02 15:00,271.6
21-02 16:00,260.4000000000001
21-02 17:00,281.0
21-02 18:00,292.19999999999993
21-02 19:00,321.1000000000001
21-02 20:00,317.20000000000005
21-02 21:00,350.70000000000016
21-02 22:00,192.4
21-02 23:00,172.59999999999994
22-02 00:00,171.39999999999998
22-02 01:00,165.7999999999999
22-02 02:00,176.10000000000002
22-02 03:00,177.60000000000002
22-02 04:00,209.49999999999983
22-02 05:00,296.29999999999995
22-02 06:00,400.70000000000005
22-02 07:00,386.6
22-02 08:00,301.7999999999999
22-02 09:00,287.6
22-02 10:00,283.99999999999994
22-02 11:00,244.4
22-02 12:00,250.5
22-02 13:00,232.6
22-02 14:00,222.49999999999997
22-02 15:00,222.10000000000002
22-02 16:00,229.80000000000004
22-02 17:00,269.4
22-02 18:00,293.3999999999999
22-02 19:00,340.1000000000001
22-02 20:00,330.49999999999994
22-02 21:00,327.3
22-02 22:00,195.7
22-02 23:00,171.19999999999996
23-02 00:00,166.0
23-02 01:00,170.49999999999986
23-02 02:00,159.89999999999995
23-02 03:00,164.29999999999995
23-02 04:00,178.4999999999999
23-02 05:00,273.4
23-02 06:00,371.20000000000005
23-02 07:00,343.80000000000007
23-02 08:00,309.6999999999998
23-02 09:00,281.7
23-02 10:00,256.09999999999997
23-02 11:00,233.80000000000007
23-02 12:00,224.5
23-02 13:00,208.10000000000005
23-02 14:00,203.00000000000003
23-02 15:00,208.70000000000013
23-02 16:00,217.49999999999997
23-02 17:00,246.90000000000006
23-02 18:00,269.9
23-02 19:00,298.2
23-02 20:00,304.0
23-02 21:00,294.4000000000001
23-02 22:00,164.39999999999998
23-02 23:00,135.0
24-02 00:00,113.10000000000001
24-02 01:00,121.79999999999995
24-02 02:00,120.29999999999995
24-02 03:00,137.9
24-02 04:00,148.39999999999992
24-02 05:00,215.09999999999997
24-02 06:00,295.50000000000006
24-02 07:00,275.09999999999997
24-02 08:00,243.60000000000002
24-02 09:00,257.19999999999993
24-02 10:00,258.50000000000006
24-02 11:00,245.89999999999998
24-02 12:00,244.70000000000002
24-02 13:00,229.89999999999998
24-02 14:00,208.00000000000003
24-02 15:00,216.20000000000007
24-02 16:00,238.70000000000007
24-02 17:00,227.60000000000005
24-02 18:00,229.79999999999998
24-02 19:00,246.29999999999993
24-02 20:00,264.49999999999994
24-02 21:00,244.30000000000004
24-02 22:00,147.80000000000004
24-02 23:00,132.20000000000002
25-02 00:00,113.4
25-02 01:00,114.59999999999997
25-02 02:00,111.49999999999994
25-02 03:00,120.50000000000003
25-02 04:00,121.29999999999995
25-02 05:00,189.79999999999995
25-02 06:00,239.79999999999987
25-02 07:00,232.3999999999999
25-02 08:00,216.20000000000007
25-02 09:00,220.69999999999996
25-02 10:00,206.09999999999997
25-02 11:00,204.30000000000004
25-02 12:00,199.2999999999999
25-02 13:00,182.49999999999997
25-02 14:00,184.19999999999996
25-02 15:00,175.09999999999997
25-02 16:00,177.40000000000003
25-02 17:00,203.9000000000001
25-02 18:00,210.3
25-02 19:00,230.19999999999996
25-02 20:00,234.59999999999994
25-02 21:00,208.7
25-02 22:00,128.29999999999995
25-02 23:00,108.70000000000002
26-02 00:00,86.49999999999999
26-02 01:00,83.59999999999997
26-02 02:00,88.19999999999997
26-02 03:00,80.69999999999997
26-02 04:00,96.09999999999994
26-02 05:00,157.19999999999993
26-02 06:00,223.39999999999995
26-02 07:00,196.59999999999994
26-02 08:00,180.29999999999998
26-02 09:00,165.20000000000005
26-02 10:00,158.3
26-02 11:00,135.89999999999998
26-02 12:00,128.39999999999995
26-02 13:00,127.79999999999994
26-02 14:00,129.29999999999998
26-02 15:00,133.79999999999998
26-02 16:00,155.20000000000005
26-02 17:00,169.79999999999998
26-02 18:00,177.29999999999998
26-02 19:00,190.2999999999999
26-02 20:00,186.39999999999986
26-02 21:00,175.4999999999999
26-02 22:00,103.99999999999996
26-02 23:00,96.6
27-02 00:00,90.19999999999999
27-02 01:00,82.79999999999995
27-02 02:00,78.59999999999998
27-02 03:00,90.19999999999999
27-02 04:00,104.09999999999995
27-02 05:00,155.89999999999998
27-02 06:00,248.39999999999998
27-02 07:00,216.79999999999984
27-02 08:00,205.29999999999993
27-02 09:00,174.10000000000002
27-02 10:00,174.60000000000002
27-02 11:00,161.3
27-02 12:00,159.80000000000007
27-02 13:00,158.50000000000003
27-02 14:00,146.00000000000003
27-02 15:00,166.0
27-02 16:00,180.6
27-02 17:00,181.40000000000003
27-02 18:00,191.10000000000002
27-02 19:00,212.39999999999986
27-02 20:00,216.49999999999986
27-02 21:00,210.49999999999986
27-02 22:00,130.5
27-02 23:00,105.60000000000002
28-02 00:00,101.79999999999998
28-02 01:00,96.69999999999992
28-02 02:00,105.50000000000003
28-02 03:00,99.10000000000001
28-02 04:00,128.39999999999995
28-02 05:00,185.09999999999997
28-02 06:00,281.09999999999997
28-02 07:00,248.29999999999993
28-02 08:00,220.1
28-02 09:00,204.40000000000006
28-02 10:00,183.29999999999995
28-02 11:00,182.99999999999994
28-02 12:00,171.20000000000002
28-02 13:00,163.59999999999994
28-02 14:00,156.50000000000003
28-02 15:00,167.20000000000005
28-02 16:00,186.20000000000002
28-02 17:00,198.30000000000004
28-02 18:00,210.39999999999998
28-02 19:00,233.79999999999993
28-02 20:00,242.89999999999984
28-02 21:00,250.89999999999995
28-02 22:00,150.30000000000004
28-02 23:00,119.20000000000006
01-03 00:00,127.0
01-03 01:00,120.49999999999989
01-03 02:00,121.80000000000003
01-03 03:00,122.70000000000003
01-03 04:00,134.39999999999995
01-03 05:00,173.79999999999995
01-03 06:00,253.1999999999998
01-03 07:00,242.39999999999984
01-03 08:00,187.69999999999996
01-03 09:00,153.2000000000001
01-03 10:00,125.10000000000002
01-03 11:00,111.49999999999996
01-03 12:00,89.69999999999996
01-03 13:00,84.09999999999995
01-03 14:00,73.89999999999995
01-03 15:00,81.39999999999999
01-03 16:00,83.59999999999997
01-03 17:00,118.60000000000002
01-03 18:00,137.3
01-03 19:00,170.89999999999992
01-03 20:00,182.4999999999999
01-03 21:00,173.7999999999999
01-03 22:00,107.59999999999994
01-03 23:00,109.20000000000007
02-03 00:00,107.5
02-03 01:00,97.49999999999993
02-03 02:00,99.2
02-03 03:00,100.0
02-03 04:00,108.59999999999998
02-03 05:00,155.29999999999998
02-03 06:00,211.79999999999987
02-03 07:00,189.6999999999999
02-03 08:00,131.39999999999998
02-03 09:00,119.40000000000005
02-03 10:00,94.19999999999999
02-03 11:00,81.8
02-03 12:00,66.30000000000001
02-03 13:00,63.99999999999999
02-03 14:00,59.99999999999999
02-03 15:00,64.0
02-03 16:00,64.0
02-03 17:00,82.59999999999998
02-03 18:00,103.30000000000004
02-03 19:00,126.09999999999998
02-03 20:00,127.79999999999998
02-03 21:00,125.09999999999997
02-03 22:00,71.59999999999998
02-03 23:00,77.60000000000001
03-03 00:00,68.99999999999999
03-03 01:00,73.70000000000003
03-03 02:00,67.40000000000002
03-03 03:00,68.2
03-03 04:00,70.90000000000002
03-03 05:00,106.60000000000002
03-03 06:00,148.89999999999984
03-03 07:00,141.49999999999994
03-03 08:00,115.29999999999998
03-03 09:00,110.69999999999996
03-03 10:00,94.20000000000002
03-03 11:00,82.30000000000001
03-03 12:00,73.39999999999999
03-03 13:00,64.10000000000001
03-03 14:00,61.699999999999996
03-03 15:00,61.29999999999998
03-03 16:00,61.599999999999994
03-03 17:00,83.49999999999999
03-03 18:00,101.50000000000001
03-03 19:00,114.99999999999999
03-03 20:00,125.30000000000003
03-03 21:00,133.8
03-03 22:00,90.29999999999995
03-03 23:00,95.4
04-03 00:00,95.89999999999995
04-03 01:00,91.89999999999996
04-03 02:00,93.79999999999993
04-03 03:00,87.79999999999997
04-03 04:00,116.09999999999994
04-03 05:00,160.5999999999999
04-03 06:00,218.29999999999987
04-03 07:00,197.09999999999997
04-03 08:00,174.70000000000005
04-03 09:00,179.5999999999999
04-03 10:00,178.29999999999998
04-03 11:00,171.60000000000002
04-03 12:00,160.79999999999993
04-03 13:00,153.8
04-03 14:00,170.5
04-03 15:00,183.1
04-03 16:00,187.89999999999995
04-03 17:00,220.80000000000007
04-03 18:00,224.60000000000002
04-03 19:00,234.79999999999993
04-03 20:00,236.79999999999998
04-03 21:00,210.60000000000005
04-03 22:00,124.49999999999999
04-03 23:00,114.60000000000005
05-03 00:00,112.00000000000003
05-03 01:00,105.89999999999996
05-03 02:00,121.20000000000002
05-03 03:00,116.19999999999997
05-03 04:00,127.79999999999993
05-03 05:00,205.30000000000007
05-03 06:00,262.19999999999993
05-03 07:00,286.2
05-03 08:00,222.5
05-03 09:00,207.60000000000008
05-03 10:00,222.90000000000012
05-03 11:00,198.29999999999995
05-03 12:00,176.70000000000002
05-03 13:00,181.70000000000002
05-03 14:00,170.20000000000005
05-03 15:00,183.6
05-03 16:00,182.20000000000002
05-03 17:00,233.60000000000008
05-03 18:00,259.19999999999993
05-03 19:00,289.8
05-03 20:00,283.29999999999995
05-03 21:00,283.7
05-03 22:00,191.39999999999998
05-03 23:00,165.4
06-03 00:00,160.9
06-03 01:00,162.0999999999999
06-03 02:00,156.5
06-03 03:00,161.69999999999996
06-03 04:00,197.89999999999992
06-03 05:00,255.99999999999994
06-03 06:00,346.5
06-03 07:00,304.8000000000001
06-03 08:00,261.7999999999999
06-03 09:00,216.30000000000013
06-03 10:00,197.2
06-03 11:00,179.2
06-03 12:00,194.89999999999995
06-03 13:00,170.00000000000003
06-03 14:00,161.1
06-03 15:00,159.0
06-03 16:00,166.99999999999997
06-03 17:00,208.10000000000005
06-03 18:00,211.30000000000007
06-03 19:00,274.8
06-03 20:00,277.6
06-03 21:00,276.5
06-03 22:00,154.70000000000005
06-03 23:00,156.19999999999996
07-03 00:00,157.60000000000005
07-03 01:00,141.79999999999993
07-03 02:00,141.6
07-03 03:00,151.0
07-03 04:00,182.99999999999994
07-03 05:00,254.89999999999992
07-03 06:00,348.40000000000003
07-03 07:00,316.80000000000007
07-03 08:00,261.4999999999999
07-03 09:00,233.70000000000007
07-03 10:00,223.00000000000009
07-03 11:00,183.40000000000006
07-03 12:00,171.60000000000005
07-03 13:00,167.60000000000002
07-03 14:00,178.79999999999998
07-03 15:00,171.10000000000002
07-03 16:00,183.79999999999998
07-03 17:00,218.50000000000006
07-03 18:00,247.90000000000003
07-03 19:00,278.8
07-03 20:00,273.7
07-03 21:00,280.1
07-03 22:00,173.10000000000008
07-03 23:00,146.4
08-03 00:00,138.90000000000003
08-03 01:00,126.89999999999995
08-03 02:00,125.80000000000004
08-03 03:00,130.90000000000003
08-03 04:00,148.69999999999985
08-03 05:00,219.29999999999998
08-03 06:00,330.19999999999993
08-03 07:00,307.60000000000014
08-03 08:00,238.7
08-03 09:00,211.00000000000009
08-03 10:00,195.6999999999999
08-03 11:00,193.29999999999995
08-03 12:00,176.30000000000007
08-03 13:00,171.70000000000002
08-03 14:00,176.10000000000002
08-03 15:00,175.3
08-03 16:00,192.29999999999998
08-03 17:00,202.60000000000005
08-03 18:00,248.19999999999993
08-03 19:00,238.4
08-03 20:00,261.9999999999999
08-03 21:00,259.9999999999999
08-03 22:00,151.70000000000002
08-03 23:00,134.79999999999998
09-03 00:00,121.89999999999993
09-03 01:00,129.19999999999993
09-03 02:00,116.39999999999996
09-03 03:00,122.90000000000002
09-03 04:00,145.3999999999999
09-03 05:00,214.7
09-03 06:00,279.49999999999994
09-03 07:00,265.99999999999994
09-03 08:00,234.89999999999992
09-03 09:00,214.1000000000001
09-03 10:00,190.9
09-03 11:00,189.29999999999998
09-03 12:00,192.30000000000004
09-03 13:00,182.7
09-03 14:00,178.99999999999997
09-03 15:00,188.10000000000002
09-03 16:00,183.5
09-03 17:00,174.60000000000002
09-03 18:00,208.6
09-03 19:00,216.29999999999993
09-03 20:00,222.6
09-03 21:00,211.39999999999995
09-03 22:00,136.19999999999996
09-03 23:00,111.80000000000004
10-03 00:00,89.09999999999998
10-03 01:00,96.09999999999994
10-03 02:00,98.69999999999997
10-03 03:00,99.4
10-03 04:00,107.19999999999999
10-03 05:00,140.69999999999996
10-03 06:00,184.69999999999987
10-03 07:00,176.09999999999985
10-03 08:00,169.40000000000003
10-03 09:00,165.29999999999998
10-03 10:00,156.49999999999997
10-03 11:00,146.10000000000005
10-03 12:00,133.20000000000002
10-03 13:00,118.09999999999995
10-03 14:00,114.7
10-03 15:00,105.00000000000001
10-03 16:00,118.00000000000003
10-03 17:00,123.99999999999999
10-03 18:00,145.80000000000004
10-03 19:00,155.39999999999998
10-03 20:00,152.00000000000003
10-03 21:00,154.20000000000002
10-03 22:00,97.59999999999994
10-03 23:00,82.30000000000003
11-03 00:00,74.30000000000001
11-03 01:00,58.60000000000004
11-03 02:00,61.20000000000002
11-03 03:00,60.500000000000014
11-03 04:00,66.20000000000002
11-03 05:00,94.79999999999994
11-03 06:00,128.69999999999996
11-03 07:00,118.99999999999994
11-03 08:00,118.2
11-03 09:00,123.19999999999996
11-03 10:00,122.69999999999996
11-03 11:00,100.20000000000003
11-03 12:00,87.39999999999998
11-03 13:00,70.7
11-03 14:00,74.70000000000003
11-03 15:00,79.0
11-03 16:00,86.2
11-03 17:00,101.3
11-03 18:00,109.20000000000002
11-03 19:00,137.6
11-03 20:00,142.09999999999997
11-03 21:00,134.7
11-03 22:00,90.59999999999995
11-03 23:00,80.70000000000003
12-03 00:00,88.19999999999997
12-03 01:00,79.4
12-03 02:00,76.00000000000001
12-03 03:00,80.59999999999997
12-03 04:00,91.89999999999992
12-03 05:00,135.60000000000002
12-03 06:00,191.19999999999993
12-03 07:00,184.09999999999985
12-03 08:00,144.99999999999994
12-03 09:00,139.79999999999995
12-03 10:00,127.20000000000005
12-03 11:00,113.3
12-03 12:00,115.0
12-03 13:00,105.99999999999994
12-03 14:00,110.49999999999996
12-03 15:00,112.5
12-03 16:00,136.50000000000003
12-03 17:00,147.6
12-03 18:00,164.60000000000005
12-03 19:00,188.7999999999999
12-03 20:00,161.6
12-03 21:00,178.29999999999993
12-03 22:00,101.79999999999997
12-03 23:00,82.90000000000002
13-03 00:00,82.49999999999999
13-03 01:00,71.80000000000001
13-03 02:00,75.10000000000001
13-03 03:00,68.3
13-03 04:00,81.29999999999998
13-03 05:00,130.50000000000006
13-03 06:00,198.0999999999998
13-03 07:00,183.89999999999986
13-03 08:00,185.09999999999997
13-03 09:00,153.5000000000001
13-03 10:00,127.49999999999999
13-03 11:00,120.69999999999996
13-03 12:00,120.39999999999995
13-03 13:00,112.49999999999997
13-03 14:00,110.39999999999998
13-03 15:00,107.49999999999993
13-03 16:00,123.19999999999999
13-03 17:00,139.79999999999995
13-03 18:00,157.10000000000005
13-03 19:00,177.49999999999991
13-03 20:00,179.69999999999987
13-03 21:00,199.09999999999985
13-03 22:00,122.59999999999998
13-03 23:00,106.00000000000003
14-03 00:00,102.19999999999997
14-03 01:00,90.89999999999992
14-03 02:00,92.89999999999998
14-03 03:00,91.69999999999997
14-03 04:00,116.19999999999992
14-03 05:00,174.59999999999994
14-03 06:00,228.89999999999995
14-03 07:00,221.1999999999999
14-03 08:00,184.89999999999995
14-03 09:00,173.89999999999998
14-03 10:00,167.69999999999996
14-03 11:00,163.4
14-03 12:00,144.60000000000002
14-03 13:00,138.70000000000007
14-03 14:00,141.70000000000002
14-03 15:00,144.00000000000006
14-03 16:00,140.20000000000005
14-03 17:00,160.60000000000008
14-03 18:00,182.60000000000002
14-03 19:00,204.29999999999984
14-03 20:00,198.59999999999988
14-03 21:00,207.79999999999984
14-03 22:00,131.59999999999997
14-03 23:00,119.50000000000004
15-03 00:00,103.50000000000001
15-03 01:00,97.99999999999994
15-03 02:00,96.00000000000003
15-03 03:00,90.89999999999998
15-03 04:00,100.49999999999997
15-03 05:00,153.09999999999997
15-03 06:00,225.69999999999996
15-03 07:00,222.19999999999987
15-03 08:00,187.0
15-03 09:00,183.3
15-03 10:00,158.79999999999998
15-03 11:00,155.29999999999995
15-03 12:00,143.10000000000002
15-03 13:00,137.10000000000002
15-03 14:00,117.59999999999997
15-03 15:00,130.49999999999997
15-03 16:00,147.10000000000002
15-03 17:00,176.10000000000005
15-03 18:00,170.79999999999998
15-03 19:00,206.39999999999984
15-03 20:00,206.3999999999999
15-03 21:00,202.19999999999982
15-03 22:00,112.69999999999996
15-03 23:00,99.9
16-03 00:00,101.99999999999997
16-03 01:00,91.19999999999993
16-03 02:00,83.09999999999998
16-03 03:00,100.2
16-03 04:00,108.39999999999999
16-03 05:00,163.89999999999998
16-03 06:00,231.99999999999991
16-03 07:00,223.89999999999995
16-03 08:00,178.0999999999999
16-03 09:00,174.60000000000002
16-03 10:00,171.9
16-03 11:00,142.20000000000005
16-03 12:00,146.20000000000007
16-03 13:00,141.80000000000004
16-03 14:00,139.50000000000006
16-03 15:00,175.60000000000002
16-03 16:00,171.90000000000003
16-03 17:00,179.80000000000004
16-03 18:00,181.10000000000005
16-03 19:00,207.79999999999984
16-03 20:00,209.7999999999998
16-03 21:00,201.39999999999984
16-03 22:00,131.6
16-03 23:00,104.50000000000001
17-03 00:00,102.6
17-03 01:00,98.99999999999997
17-03 02:00,92.39999999999996
17-03 03:00,105.00000000000003
17-03 04:00,112.29999999999995
17-03 05:00,159.59999999999994
17-03 06:00,228.39999999999986
17-03 07:00,219.69999999999996
17-03 08:00,187.9
17-03 09:00,212.89999999999995
17-03 10:00,192.09999999999997
17-03 11:00,194.70000000000007
17-03 12:00,187.49999999999991
17-03 13:00,158.10000000000002
17-03 14:00,165.60000000000005
17-03 15:00,167.79999999999993
17-03 16:00,154.60000000000005
17-03 17:00,191.80000000000004
17-03 18:00,219.10000000000002
17-03 19:00,200.29999999999995
17-03 20:00,219.60000000000002
17-03 21:00,237.10000000000002
17-03 22:00,146.20000000000002
17-03 23:00,150.89999999999998
18-03 00:00,134.60000000000002
18-03 01:00,153.49999999999991
18-03 02:00,137.5999999999999
18-03 03:00,151.3
18-03 04:00,144.59999999999994
18-03 05:00,213.09999999999997
18-03 06:00,287.1000000000001
18-03 07:00,268.3999999999999
18-03 08:00,253.29999999999995
18-03 09:00,239.2999999999999
18-03 10:00,215.49999999999994
18-03 11:00,220.30000000000007
18-03 12:00,203.09999999999982
18-03 13:00,190.9999999999999
18-03 14:00,186.7
18-03 15:00,185.3
18-03 16:00,205.59999999999997
18-03 17:00,198.79999999999995
18-03 18:00,239.20000000000005
18-03 19:00,252.09999999999994
18-03 20:00,266.59999999999997
18-03 21:00,212.80000000000007
18-03 22:00,141.40000000000003
18-03 23:00,120.10000000000005
19-03 00:00,124.59999999999997
19-03 01:00,118.69999999999989
19-03 02:00,118.2
19-03 03:00,128.4
19-03 04:00,138.8999999999999
19-03 05:00,215.9
19-03 06:00,300.3
19-03 07:00,264.8999999999999
19-03 08:00,218.80000000000004
19-03 09:00,210.60000000000002
19-03 10:00,179.89999999999998
19-03 11:00,178.50000000000003
19-03 12:00,157.20000000000005
19-03 13:00,134.0
19-03 14:00,163.09999999999994
19-03 15:00,152.4
19-03 16:00,165.70000000000002
19-03 17:00,203.50000000000006
19-03 18:00,206.10000000000005
19-03 19:00,236.59999999999988
19-03 20:00,250.59999999999985
19-03 21:00,270.29999999999995
19-03 22:00,157.8
19-03 23:00,137.00000000000003
20-03 00:00,129.70000000000002
20-03 01:00,117.3999999999999
20-03 02:00,122.20000000000003
20-03 03:00,130.2
20-03 04:00,133.19999999999993
20-03 05:00,218.59999999999997
20-03 06:00,293.79999999999995
20-03 07:00,273.7
20-03 08:00,219.50000000000003
20-03 09:00,200.60000000000005
20-03 10:00,176.00000000000003
20-03 11:00,169.30000000000004
20-03 12:00,155.30000000000004
20-03 13:00,157.8
20-03 14:00,141.0
20-03 15:00,151.50000000000006
20-03 16:00,160.00000000000003
20-03 17:00,181.40000000000006
20-03 18:00,200.59999999999997
20-03 19:00,215.09999999999988
20-03 20:00,226.79999999999993
20-03 21:00,226.39999999999992
20-03 22:00,119.09999999999994
20-03 23:00,98.0
21-03 00:00,81.5
21-03 01:00,89.09999999999995
21-03 02:00,83.39999999999998
21-03 03:00,85.49999999999997
21-03 04:00,103.59999999999995
21-03 05:00,156.99999999999994
21-03 06:00,214.1999999999999
21-03 07:00,228.30000000000004
21-03 08:00,190.69999999999993
21-03 09:00,178.0
21-03 10:00,162.0
21-03 11:00,164.2
21-03 12:00,139.00000000000003
21-03 13:00,132.59999999999997
21-03 14:00,126.49999999999994
21-03 15:00,130.29999999999995
21-03 16:00,138.40000000000006
21-03 17:00,165.20000000000002
21-03 18:00,173.3
21-03 19:00,189.49999999999991
21-03 20:00,201.0999999999999
21-03 21:00,188.59999999999994
21-03 22:00,120.89999999999995
21-03 23:00,89.1
22-03 00:00,103.2
22-03 01:00,97.59999999999995
22-03 02:00,89.89999999999998
22-03 03:00,99.10000000000001
22-03 04:00,108.69999999999997
22-03 05:00,162.99999999999997
22-03 06:00,228.89999999999995
22-03 07:00,218.7999999999999
22-03 08:00,202.09999999999997
22-03 09:00,175.30000000000004
22-03 10:00,165.99999999999997
22-03 11:00,149.40000000000003
22-03 12:00,149.40000000000003
22-03 13:00,134.50000000000003
22-03 14:00,140.60000000000002
22-03 15:00,143.70000000000007
22-03 16:00,147.30000000000004
22-03 17:00,148.8
22-03 18:00,170.1
22-03 19:00,205.89999999999986
22-03 20:00,202.0999999999998
22-03 21:00,198.59999999999985
22-03 22:00,111.09999999999995
22-03 23:00,97.5
23-03 00:00,84.5
23-03 01:00,87.09999999999995
23-03 02:00,81.19999999999999
23-03 03:00,78.59999999999998
23-03 04:00,99.59999999999998
23-03 05:00,144.30000000000004
23-03 06:00,216.49999999999986
23-03 07:00,184.89999999999992
23-03 08:00,159.59999999999997
23-03 09:00,138.29999999999998
23-03 10:00,128.70000000000002
23-03 11:00,113.79999999999997
23-03 12:00,107.79999999999994
23-03 13:00,103.49999999999996
23-03 14:00,82.60000000000002
23-03 15:00,101.49999999999996
23-03 16:00,107.99999999999994
23-03 17:00,112.2
23-03 18:00,160.79999999999995
23-03 19:00,156.6
23-03 20:00,185.3999999999999
23-03 21:00,172.59999999999997
23-03 22:00,115.59999999999998
23-03 23:00,98.59999999999997
24-03 00:00,99.39999999999993
24-03 01:00,114.49999999999997
24-03 02:00,99.29999999999998
24-03 03:00,105.80000000000003
24-03 04:00,113.59999999999994
24-03 05:00,144.59999999999994
24-03 06:00,192.99999999999994
24-03 07:00,163.29999999999998
24-03 08:00,139.70000000000002
24-03 09:00,124.19999999999997
24-03 10:00,111.39999999999996
24-03 11:00,101.40000000000002
24-03 12:00,85.00000000000006
24-03 13:00,85.40000000000005
24-03 14:00,75.80000000000005
24-03 15:00,73.20000000000003
24-03 16:00,69.60000000000001
24-03 17:00,92.40000000000006
24-03 18:00,114.0
24-03 19:00,124.70000000000005
24-03 20:00,139.7
24-03 21:00,137.59999999999994
24-03 22:00,95.19999999999996
24-03 23:00,94.70000000000002
25-03 00:00,81.80000000000001
25-03 01:00,98.99999999999997
25-03 02:00,100.79999999999998
25-03 03:00,105.20000000000002
25-03 04:00,114.09999999999992
25-03 05:00,137.0999999999999
25-03 06:00,181.7999999999999
25-03 07:00,173.39999999999995
25-03 08:00,137.20000000000002
25-03 09:00,137.29999999999995
25-03 10:00,131.2
25-03 11:00,118.69999999999997
25-03 12:00,88.7
25-03 13:00,78.00000000000006
25-03 14:00,83.49999999999999
25-03 15:00,81.89999999999999
25-03 16:00,90.2
25-03 17:00,109.19999999999999
25-03 18:00,127.20000000000003
25-03 19:00,132.50000000000009
25-03 20:00,138.89999999999998
25-03 21:00,133.79999999999998
25-03 22:00,82.29999999999997
25-03 23:00,74.80000000000003
26-03 00:00,65.1
26-03 01:00,65.10000000000004
26-03 02:00,69.10000000000001
26-03 03:00,60.00000000000001
26-03 04:00,82.59999999999997
26-03 05:00,102.99999999999999
26-03 06:00,140.6
26-03 07:00,123.49999999999996
26-03 08:00,96.4
26-03 09:00,72.50000000000001
26-03 10:00,60.49999999999998
26-03 11:00,50.40000000000001
26-03 12:00,45.00000000000001
26-03 13:00,47.10000000000001
26-03 14:00,43.300000000000004
26-03 15:00,41.00000000000002
26-03 16:00,48.600000000000016
26-03 17:00,60.79999999999999
26-03 18:00,73.90000000000003
26-03 19:00,93.50000000000003
26-03 20:00,97.40000000000003
26-03 21:00,90.69999999999999
26-03 22:00,50.60000000000003
26-03 23:00,47.600000000000016
27-03 00:00,67.60000000000002
27-03 01:00,76.4
27-03 02:00,75.10000000000001
27-03 03:00,75.70000000000002
27-03 04:00,96.79999999999993
27-03 05:00,145.59999999999997
27-03 06:00,209.79999999999984
27-03 07:00,224.79999999999995
27-03 08:00,188.79999999999995
27-03 09:00,136.29999999999998
27-03 10:00,128.7
27-03 11:00,127.49999999999999
27-03 12:00,117.59999999999997
27-03 13:00,132.09999999999997
27-03 14:00,125.89999999999996
27-03 15:00,113.29999999999998
27-03 16:00,130.49999999999994
27-03 17:00,137.29999999999995
27-03 18:00,165.50000000000003
27-03 19:00,195.99999999999983
27-03 20:00,196.89999999999984
27-03 21:00,186.5999999999999
27-03 22:00,119.89999999999993
27-03 23:00,97.2
28-03 00:00,105.60000000000002
28-03 01:00,71.9
28-03 02:00,66.6
28-03 03:00,85.29999999999998
28-03 04:00,91.39999999999992
28-03 05:00,113.60000000000001
28-03 06:00,164.59999999999997
28-03 07:00,153.8999999999999
28-03 08:00,115.79999999999995
28-03 09:00,89.00000000000001
28-03 10:00,78.29999999999998
28-03 11:00,56.59999999999997
28-03 12:00,51.600000000000016
28-03 13:00,56.09999999999999
28-03 14:00,49.40000000000001
28-03 15:00,52.099999999999994
28-03 16:00,52.6
28-03 17:00,72.90000000000002
28-03 18:00,82.3
28-03 19:00,95.80000000000004
28-03 20:00,104.1
28-03 21:00,112.79999999999998
28-03 22:00,68.5
28-03 23:00,61.80000000000001
29-03 00:00,52.300000000000026
29-03 01:00,48.00000000000002
29-03 02:00,46.199999999999996
29-03 03:00,49.099999999999994
29-03 04:00,60.70000000000001
29-03 05:00,82.00000000000004
29-03 06:00,106.09999999999998
29-03 07:00,97.80000000000003
29-03 08:00,73.89999999999999
29-03 09:00,47.69999999999999
29-03 10:00,44.19999999999999
29-03 11:00,43.79999999999998
29-03 12:00,41.09999999999998
29-03 13:00,40.29999999999998
29-03 14:00,37.10000000000001
29-03 15:00,37.599999999999994
29-03 16:00,41.59999999999999
29-03 17:00,50.0
29-03 18:00,57.40000000000002
29-03 19:00,66.50000000000003
29-03 20:00,93.59999999999998
29-03 21:00,95.0
29-03 22:00,70.89999999999998
29-03 23:00,71.80000000000001
30-03 00:00,85.89999999999998
30-03 01:00,86.99999999999999
30-03 02:00,87.59999999999997
30-03 03:00,88.19999999999997
30-03 04:00,100.3
30-03 05:00,127.39999999999998
30-03 06:00,131.09999999999994
30-03 07:00,100.09999999999997
30-03 08:00,69.7
30-03 09:00,75.09999999999998
30-03 10:00,71.59999999999998
30-03 11:00,77.90000000000002
30-03 12:00,67.90000000000002
30-03 13:00,63.40000000000004
30-03 14:00,52.9
30-03 15:00,53.20000000000004
30-03 16:00,54.20000000000002
30-03 17:00,62.29999999999997
30-03 18:00,68.6
30-03 19:00,71.5
30-03 20:00,72.00000000000001
30-03 21:00,58.399999999999984
30-03 22:00,43.0
30-03 23:00,22.700000000000003
31-03 00:00,33.2
31-03 01:00,44.70000000000002
31-03 02:00,59.00000000000001
31-03 03:00,66.6
31-03 04:00,77.9
31-03 05:00,98.69999999999999
31-03 06:00,94.49999999999991
31-03 07:00,49.90000000000002
31-03 08:00,51.200000000000024
31-03 09:00,64.80000000000003
31-03 10:00,67.09999999999998
31-03 11:00,67.0
31-03 12:00,54.70000000000002
31-03 13:00,52.49999999999999
31-03 14:00,45.5
31-03 15:00,43.99999999999999
31-03 16:00,48.900000000000006
31-03 17:00,47.500000000000014
31-03 18:00,49.9
31-03 19:00,55.80000000000001
31-03 20:00,66.6
31-03 21:00,81.6
31-03 22:00,81.79999999999998
31-03 23:00,84.00000000000003
01-04 00:00,110.9
01-04 01:00,107.89999999999999
01-04 02:00,111.19999999999995
01-04 03:00,113.79999999999997
01-04 04:00,110.09999999999995
01-04 05:00,124.79999999999995
01-04 06:00,180.19999999999987
01-04 07:00,139.70000000000002
01-04 08:00,119.89999999999993
01-04 09:00,118.10000000000002
01-04 10:00,101.9
01-04 11:00,96.09999999999998
01-04 12:00,78.79999999999998
01-04 13:00,71.7
01-04 14:00,73.80000000000004
01-04 15:00,67.30000000000003
01-04 16:00,71.90000000000002
01-04 17:00,71.60000000000001
01-04 18:00,99.60000000000001
01-04 19:00,114.8
01-04 20:00,121.30000000000003
01-04 21:00,111.59999999999998
01-04 22:00,73.69999999999997
01-04 23:00,70.6
02-04 00:00,72.19999999999999
02-04 01:00,60.600000000000016
02-04 02:00,63.60000000000003
02-04 03:00,65.6
02-04 04:00,70.60000000000001
02-04 05:00,91.29999999999995
02-04 06:00,112.29999999999994
02-04 07:00,87.8
02-04 08:00,83.79999999999997
02-04 09:00,99.00000000000003
02-04 10:00,84.20000000000002
02-04 11:00,71.49999999999997
02-04 12:00,72.8
02-04 13:00,61.300000000000026
02-04 14:00,57.500000000000014
02-04 15:00,52.50000000000002
02-04 16:00,55.100000000000016
02-04 17:00,72.80000000000003
02-04 18:00,79.40000000000003
02-04 19:00,93.80000000000004
02-04 20:00,107.8
02-04 21:00,98.7
02-04 22:00,56.299999999999976
02-04 23:00,54.4
03-04 00:00,71.29999999999998
03-04 01:00,60.40000000000001
03-04 02:00,53.9
03-04 03:00,61.80000000000001
03-04 04:00,82.29999999999997
03-04 05:00,118.20000000000005
03-04 06:00,193.29999999999987
03-04 07:00,185.09999999999994
03-04 08:00,162.89999999999998
03-04 09:00,149.80000000000007
03-04 10:00,137.19999999999993
03-04 11:00,125.90000000000002
03-04 12:00,112.89999999999998
03-04 13:00,112.59999999999997
03-04 14:00,111.59999999999998
03-04 15:00,120.6
03-04 16:00,124.99999999999994
03-04 17:00,158.60000000000002
03-04 18:00,154.60000000000008
03-04 19:00,176.49999999999994
03-04 20:00,172.89999999999995
03-04 21:00,178.49999999999991
03-04 22:00,114.0
03-04 23:00,97.6
04-04 00:00,90.4
04-04 01:00,89.59999999999995
04-04 02:00,79.29999999999997
04-04 03:00,88.09999999999997
04-04 04:00,108.49999999999997
04-04 05:00,162.79999999999995
04-04 06:00,214.29999999999998
04-04 07:00,211.29999999999993
04-04 08:00,178.89999999999998
04-04 09:00,144.8
04-04 10:00,157.10000000000002
04-04 11:00,154.09999999999997
04-04 12:00,147.60000000000002
04-04 13:00,154.00000000000006
04-04 14:00,136.50000000000003
04-04 15:00,142.3
04-04 16:00,139.8
04-04 17:00,165.20000000000002
04-04 18:00,169.79999999999998
04-04 19:00,200.0999999999999
04-04 20:00,216.89999999999992
04-04 21:00,205.99999999999986
04-04 22:00,127.59999999999997
04-04 23:00,110.10000000000007
05-04 00:00,88.89999999999998
05-04 01:00,99.29999999999997
05-04 02:00,85.19999999999999
05-04 03:00,99.9
05-04 04:00,113.49999999999993
05-04 05:00,158.39999999999998
05-04 06:00,213.29999999999995
05-04 07:00,189.39999999999995
05-04 08:00,169.20000000000002
05-04 09:00,136.29999999999995
05-04 10:00,130.4
05-04 11:00,127.29999999999998
05-04 12:00,125.99999999999997
05-04 13:00,120.09999999999998
05-04 14:00,114.69999999999999
05-04 15:00,118.29999999999998
05-04 16:00,126.59999999999997
05-04 17:00,141.09999999999997
05-04 18:00,164.4
05-04 19:00,175.59999999999988
05-04 20:00,160.50000000000003
05-04 21:00,163.39999999999998
05-04 22:00,99.69999999999996
05-04 23:00,78.90000000000005
06-04 00:00,65.0
06-04 01:00,69.50000000000001
06-04 02:00,64.69999999999999
06-04 03:00,65.99999999999999
06-04 04:00,64.70000000000003
06-04 05:00,96.80000000000001
06-04 06:00,131.19999999999993
06-04 07:00,124.69999999999996
06-04 08:00,95.50000000000006
06-04 09:00,86.9
06-04 10:00,70.30000000000003
06-04 11:00,53.80000000000001
06-04 12:00,52.500000000000014
06-04 13:00,44.29999999999999
06-04 14:00,49.60000000000003
06-04 15:00,48.000000000000014
06-04 16:00,48.30000000000001
06-04 17:00,60.599999999999966
06-04 18:00,80.30000000000004
06-04 19:00,93.80000000000003
06-04 20:00,113.39999999999999
06-04 21:00,120.29999999999995
06-04 22:00,79.49999999999997
06-04 23:00,69.79999999999998
07-04 00:00,75.3
07-04 01:00,84.09999999999998
07-04 02:00,68.4
07-04 03:00,78.79999999999998
07-04 04:00,73.50000000000001
07-04 05:00,97.2
07-04 06:00,94.59999999999995
07-04 07:00,79.30000000000001
07-04 08:00,53.100000000000016
07-04 09:00,70.3
07-04 10:00,66.30000000000003
07-04 11:00,67.39999999999998
07-04 12:00,62.80000000000004
07-04 13:00,56.300000000000026
07-04 14:00,50.69999999999999
07-04 15:00,46.900000000000006
07-04 16:00,49.500000000000014
07-04 17:00,55.60000000000001
07-04 18:00,60.90000000000001
07-04 19:00,64.39999999999999
07-04 20:00,72.30000000000001
07-04 21:00,78.5
07-04 22:00,53.59999999999997
07-04 23:00,76.40000000000002
08-04 00:00,56.3
08-04 01:00,58.60000000000004
08-04 02:00,73.9
08-04 03:00,68.60000000000001
08-04 04:00,85.09999999999997
08-04 05:00,110.19999999999995
08-04 06:00,110.89999999999993
08-04 07:00,93.49999999999999
08-04 08:00,92.79999999999997
08-04 09:00,93.3
08-04 10:00,81.09999999999995
08-04 11:00,71.19999999999999
08-04 12:00,66.30000000000003
08-04 13:00,59.80000000000004
08-04 14:00,52.29999999999999
08-04 15:00,53.400000000000034
08-04 16:00,58.99999999999998
08-04 17:00,64.19999999999999
08-04 18:00,76.20000000000005
08-04 19:00,77.90000000000003
08-04 20:00,83.2
08-04 21:00,78.79999999999995
08-04 22:00,49.600000000000016
08-04 23:00,45.70000000000003
09-04 00:00,39.80000000000003
09-04 01:00,43.90000000000001
09-04 02:00,49.3
09-04 03:00,47.8
09-04 04:00,62.50000000000003
09-04 05:00,89.89999999999999
09-04 06:00,116.6
09-04 07:00,100.80000000000004
09-04 08:00,84.30000000000005
09-04 09:00,59.899999999999984
09-04 10:00,49.7
09-04 11:00,42.49999999999999
09-04 12:00,43.300000000000004
09-04 13:00,55.499999999999986
09-04 14:00,57.999999999999986
09-04 15:00,50.6
09-04 16:00,59.9
09-04 17:00,65.0
09-04 18:00,66.99999999999999
09-04 19:00,80.20000000000002
09-04 20:00,88.60000000000004
09-04 21:00,93.70000000000002
09-04 22:00,56.29999999999999
09-04 23:00,45.50000000000003
10-04 00:00,49.100000000000016
10-04 01:00,60.40000000000001
10-04 02:00,74.70000000000002
10-04 03:00,82.79999999999998
10-04 04:00,93.89999999999993
10-04 05:00,131.40000000000006
10-04 06:00,167.6
10-04 07:00,169.89999999999986
10-04 08:00,125.20000000000002
10-04 09:00,101.1
10-04 10:00,85.49999999999999
10-04 11:00,77.49999999999993
10-04 12:00,65.6
10-04 13:00,66.7
10-04 14:00,59.09999999999999
10-04 15:00,65.59999999999998
10-04 16:00,79.49999999999999
10-04 17:00,90.50000000000003
10-04 18:00,111.29999999999997
10-04 19:00,131.79999999999995
10-04 20:00,143.2
10-04 21:00,137.1
10-04 22:00,97.49999999999994
10-04 23:00,100.50000000000003
11-04 00:00,109.90000000000003
11-04 01:00,121.79999999999994
11-04 02:00,109.1
11-04 03:00,126.80000000000004
11-04 04:00,138.7999999999999
11-04 05:00,185.69999999999993
11-04 06:00,221.00000000000003
11-04 07:00,212.29999999999984
11-04 08:00,147.00000000000009
11-04 09:00,134.39999999999998
11-04 10:00,125.60000000000005
11-04 11:00,116.39999999999998
11-04 12:00,99.69999999999997
11-04 13:00,105.29999999999993
11-04 14:00,88.59999999999997
11-04 15:00,99.19999999999997
11-04 16:00,114.39999999999999
11-04 17:00,135.39999999999995
11-04 18:00,157.30000000000004
11-04 19:00,178.6999999999999
11-04 20:00,172.39999999999995
11-04 21:00,185.09999999999997
11-04 22:00,117.39999999999998
11-04 23:00,115.60000000000008
12-04 00:00,115.10000000000001
12-04 01:00,102.69999999999996
12-04 02:00,93.09999999999998
12-04 03:00,102.0
12-04 04:00,113.89999999999992
12-04 05:00,171.19999999999996
12-04 06:00,240.19999999999996
12-04 07:00,232.0999999999999
12-04 08:00,192.39999999999998
12-04 09:00,195.00000000000006
12-04 10:00,166.49999999999997
12-04 11:00,173.70000000000005
12-04 12:00,149.60000000000002
12-04 13:00,153.60000000000002
12-04 14:00,154.4
12-04 15:00,157.99999999999994
12-04 16:00,166.8
12-04 17:00,181.89999999999992
12-04 18:00,218.70000000000007
12-04 19:00,212.39999999999995
12-04 20:00,230.59999999999988
12-04 21:00,219.29999999999993
12-04 22:00,141.10000000000005
12-04 23:00,104.5
13-04 00:00,119.69999999999995
13-04 01:00,112.29999999999993
13-04 02:00,113.69999999999997
13-04 03:00,109.89999999999999
13-04 04:00,129.19999999999996
13-04 05:00,204.89999999999998
13-04 06:00,275.2
13-04 07:00,223.1
13-04 08:00,216.90000000000003
13-04 09:00,192.5
13-04 10:00,180.1
13-04 11:00,166.4
13-04 12:00,171.3
13-04 13:00,158.69999999999996
13-04 14:00,154.1
13-04 15:00,172.10000000000005
13-04 16:00,189.99999999999997
13-04 17:00,199.40000000000003
13-04 18:00,224.50000000000006
13-04 19:00,228.9
13-04 20:00,241.70000000000002
13-04 21:00,254.49999999999991
13-04 22:00,163.19999999999993
13-04 23:00,145.4
14-04 00:00,141.99999999999997
14-04 01:00,138.6999999999999
14-04 02:00,125.19999999999997
14-04 03:00,126.90000000000003
14-04 04:00,129.89999999999998
14-04 05:00,171.59999999999994
14-04 06:00,214.39999999999998
14-04 07:00,222.9999999999999
14-04 08:00,165.9
14-04 09:00,178.69999999999987
14-04 10:00,164.29999999999998
14-04 11:00,152.99999999999997
14-04 12:00,145.09999999999997
14-04 13:00,119.90000000000005
14-04 14:00,116.8
14-04 15:00,117.60000000000005
14-04 16:00,129.10000000000002
14-04 17:00,142.4
14-04 18:00,162.50000000000006
14-04 19:00,185.20000000000002
14-04 20:00,193.70000000000002
14-04 21:00,206.19999999999996
14-04 22:00,132.59999999999997
14-04 23:00,116.30000000000007
15-04 00:00,93.79999999999995
15-04 01:00,88.59999999999998
15-04 02:00,89.69999999999996
15-04 03:00,80.59999999999997
15-04 04:00,87.49999999999997
15-04 05:00,108.99999999999997
15-04 06:00,121.29999999999994
15-04 07:00,118.59999999999997
15-04 08:00,113.7
15-04 09:00,109.69999999999999
15-04 10:00,91.30000000000001
15-04 11:00,76.1
15-04 12:00,72.19999999999999
15-04 13:00,65.19999999999999
15-04 14:00,62.99999999999998
15-04 15:00,60.4
15-04 16:00,58.79999999999998
15-04 17:00,65.2
15-04 18:00,77.20000000000005
15-04 19:00,88.30000000000005
15-04 20:00,91.30000000000003
15-04 21:00,94.99999999999999
15-04 22:00,61.89999999999999
15-04 23:00,54.70000000000001
16-04 00:00,55.50000000000002
16-04 01:00,58.300000000000026
16-04 02:00,53.49999999999999
16-04 03:00,71.4
16-04 04:00,74.29999999999998
16-04 05:00,96.50000000000003
16-04 06:00,116.5
16-04 07:00,95.00000000000003
16-04 08:00,72.00000000000001
16-04 09:00,50.4
16-04 10:00,44.99999999999999
16-04 11:00,46.400000000000006
16-04 12:00,43.2
16-04 13:00,38.29999999999998
16-04 14:00,39.199999999999996
16-04 15:00,40.599999999999994
16-04 16:00,44.70000000000001
16-04 17:00,49.000000000000014
16-04 18:00,61.89999999999996
16-04 19:00,87.50000000000003
16-04 20:00,95.20000000000003
16-04 21:00,102.40000000000002
16-04 22:00,50.500000000000036
16-04 23:00,38.599999999999994
17-04 00:00,32.099999999999994
17-04 01:00,28.20000000000001
17-04 02:00,33.5
17-04 03:00,33.7
17-04 04:00,45.70000000000002
17-04 05:00,63.5
17-04 06:00,94.10000000000005
17-04 07:00,82.90000000000003
17-04 08:00,74.39999999999999
17-04 09:00,54.70000000000003
17-04 10:00,51.300000000000026
17-04 11:00,35.79999999999999
17-04 12:00,35.099999999999994
17-04 13:00,33.9
17-04 14:00,31.500000000000014
17-04 15:00,31.900000000000013
17-04 16:00,33.99999999999999
17-04 17:00,39.29999999999999
17-04 18:00,46.6
17-04 19:00,65.00000000000003
17-04 20:00,61.50000000000004
17-04 21:00,72.00000000000001
17-04 22:00,45.6
17-04 23:00,28.799999999999997
18-04 00:00,23.200000000000003
18-04 01:00,20.300000000000015
18-04 02:00,24.199999999999996
18-04 03:00,29.099999999999998
18-04 04:00,35.20000000000003
18-04 05:00,39.40000000000001
18-04 06:00,58.300000000000026
18-04 07:00,42.60000000000001
18-04 08:00,37.10000000000001
18-04 09:00,31.3
18-04 10:00,26.999999999999996
18-04 11:00,24.80000000000001
18-04 12:00,23.80000000000001
18-04 13:00,21.0
18-04 14:00,23.10000000000001
18-04 15:00,22.10000000000001
18-04 16:00,22.60000000000001
18-04 17:00,29.299999999999994
18-04 18:00,34.5
18-04 19:00,41.50000000000001
18-04 20:00,42.600000000000016
18-04 21:00,42.100000000000016
18-04 22:00,20.600000000000012
18-04 23:00,11.699999999999996
19-04 00:00,16.799999999999997
19-04 01:00,26.700000000000014
19-04 02:00,30.2
19-04 03:00,32.50000000000001
19-04 04:00,33.200000000000024
19-04 05:00,53.300000000000004
19-04 06:00,43.10000000000001
19-04 07:00,41.400000000000006
19-04 08:00,35.699999999999996
19-04 09:00,32.400000000000006
19-04 10:00,27.000000000000004
19-04 11:00,28.200000000000006
19-04 12:00,25.100000000000005
19-04 13:00,23.700000000000003
19-04 14:00,23.200000000000006
19-04 15:00,24.400000000000016
19-04 16:00,23.800000000000008
19-04 17:00,30.200000000000003
19-04 18:00,34.900000000000006
19-04 19:00,42.1
19-04 20:00,51.20000000000003
19-04 21:00,42.50000000000001
19-04 22:00,22.000000000000014
19-04 23:00,13.099999999999993
20-04 00:00,9.799999999999997
20-04 01:00,35.500000000000036
20-04 02:00,44.099999999999994
20-04 03:00,46.699999999999996
20-04 04:00,60.30000000000001
20-04 05:00,66.4
20-04 06:00,63.100000000000044
20-04 07:00,50.30000000000002
20-04 08:00,45.10000000000001
20-04 09:00,38.49999999999999
20-04 10:00,29.899999999999995
20-04 11:00,29.4
20-04 12:00,28.9
20-04 13:00,26.90000000000001
20-04 14:00,25.600000000000012
20-04 15:00,27.199999999999996
20-04 16:00,25.800000000000008
20-04 17:00,33.9
20-04 18:00,37.99999999999999
20-04 19:00,43.00000000000002
20-04 20:00,48.200000000000024
20-04 21:00,46.80000000000002
20-04 22:00,21.200000000000014
20-04 23:00,13.699999999999992
21-04 00:00,31.799999999999997
21-04 01:00,42.700000000000024
21-04 02:00,44.50000000000001
21-04 03:00,53.599999999999994
21-04 04:00,69.90000000000002
21-04 05:00,61.800000000000026
21-04 06:00,36.60000000000003
21-04 07:00,24.80000000000001
21-04 08:00,34.29999999999999
21-04 09:00,46.60000000000003
21-04 10:00,48.30000000000003
21-04 11:00,55.69999999999999
21-04 12:00,50.50000000000002
21-04 13:00,38.800000000000004
21-04 14:00,32.999999999999986
21-04 15:00,33.9
21-04 16:00,35.800000000000004
21-04 17:00,37.69999999999999
21-04 18:00,40.899999999999984
21-04 19:00,44.699999999999996
21-04 20:00,42.29999999999999
21-04 21:00,38.5
21-04 22:00,22.90000000000001
21-04 23:00,13.99999999999999
22-04 00:00,9.1
22-04 01:00,19.700000000000003
22-04 02:00,39.000000000000014
22-04 03:00,44.3
22-04 04:00,33.700000000000024
22-04 05:00,33.50000000000002
22-04 06:00,17.400000000000002
22-04 07:00,18.79999999999999
22-04 08:00,28.600000000000005
22-04 09:00,44.400000000000034
22-04 10:00,46.70000000000004
22-04 11:00,51.400000000000006
22-04 12:00,42.30000000000002
22-04 13:00,35.9
22-04 14:00,30.299999999999997
22-04 15:00,30.499999999999996
22-04 16:00,29.999999999999996
22-04 17:00,33.10000000000001
22-04 18:00,35.39999999999999
22-04 19:00,41.100000000000016
22-04 20:00,37.499999999999986
22-04 21:00,32.399999999999984
22-04 22:00,22.100000000000016
22-04 23:00,20.599999999999998
23-04 00:00,22.2
23-04 01:00,25.90000000000001
23-04 02:00,23.699999999999996
23-04 03:00,30.700000000000006
23-04 04:00,57.300000000000026
23-04 05:00,49.300000000000004
23-04 06:00,61.50000000000004
23-04 07:00,45.500000000000014
23-04 08:00,38.7
23-04 09:00,33.300000000000004
23-04 10:00,31.199999999999996
23-04 11:00,25.30000000000001
23-04 12:00,25.00000000000001
23-04 13:00,24.200000000000014
23-04 14:00,21.8
23-04 15:00,23.70000000000001
23-04 16:00,25.800000000000008
23-04 17:00,31.499999999999996
23-04 18:00,32.7
23-04 19:00,42.1
23-04 20:00,44.300000000000026
23-04 21:00,45.20000000000004
23-04 22:00,20.200000000000006
23-04 23:00,11.599999999999996
24-04 00:00,9.799999999999997
24-04 01:00,5.799999999999995
24-04 02:00,2.1000000000000005
24-04 03:00,2.5000000000000013
24-04 04:00,8.099999999999989
24-04 05:00,20.999999999999996
24-04 06:00,46.300000000000004
24-04 07:00,48.900000000000006
24-04 08:00,38.199999999999996
24-04 09:00,35.599999999999994
24-04 10:00,32.19999999999998
24-04 11:00,29.0
24-04 12:00,25.900000000000013
24-04 13:00,25.600000000000012
24-04 14:00,26.20000000000001
24-04 15:00,24.700000000000006
24-04 16:00,28.599999999999998
24-04 17:00,41.5
24-04 18:00,56.000000000000014
24-04 19:00,80.90000000000005
24-04 20:00,85.9
24-04 21:00,84.70000000000005
24-04 22:00,67.80000000000001
24-04 23:00,56.400000000000006
25-04 00:00,50.30000000000002
25-04 01:00,47.800000000000026
25-04 02:00,46.199999999999996
25-04 03:00,46.699999999999996
25-04 04:00,55.600000000000016
25-04 05:00,61.80000000000001
25-04 06:00,82.60000000000002
25-04 07:00,71.10000000000002
25-04 08:00,56.40000000000002
25-04 09:00,43.49999999999999
25-04 10:00,37.3
25-04 11:00,33.8
25-04 12:00,35.099999999999994
25-04 13:00,33.9
25-04 14:00,31.000000000000018
25-04 15:00,31.300000000000015
25-04 16:00,32.40000000000001
25-04 17:00,40.49999999999999
25-04 18:00,46.7
25-04 19:00,62.30000000000005
25-04 20:00,66.00000000000003
25-04 21:00,65.60000000000004
25-04 22:00,38.3
25-04 23:00,34.5
26-04 00:00,41.90000000000005
26-04 01:00,37.20000000000004
26-04 02:00,35.50000000000001
26-04 03:00,42.69999999999998
26-04 04:00,50.20000000000002
26-04 05:00,79.80000000000005
26-04 06:00,114.4
26-04 07:00,105.29999999999997
26-04 08:00,92.40000000000002
26-04 09:00,75.39999999999999
26-04 10:00,64.3
26-04 11:00,60.899999999999984
26-04 12:00,49.90000000000003
26-04 13:00,41.800000000000004
26-04 14:00,39.800000000000004
26-04 15:00,42.10000000000001
26-04 16:00,47.10000000000001
26-04 17:00,49.300000000000004
26-04 18:00,82.59999999999997
26-04 19:00,104.79999999999998
26-04 20:00,108.59999999999997
26-04 21:00,103.59999999999998
26-04 22:00,74.39999999999996
26-04 23:00,56.90000000000001
27-04 00:00,54.800000000000026
27-04 01:00,63.400000000000034
27-04 02:00,58.49999999999999
27-04 03:00,68.5
27-04 04:00,61.90000000000002
27-04 05:00,100.00000000000001
27-04 06:00,155.10000000000002
27-04 07:00,137.9
27-04 08:00,130.29999999999995
27-04 09:00,96.1
27-04 10:00,114.10000000000001
27-04 11:00,105.99999999999993
27-04 12:00,92.39999999999999
27-04 13:00,90.89999999999996
27-04 14:00,79.19999999999999
27-04 15:00,79.19999999999997
27-04 16:00,96.59999999999997
27-04 17:00,100.89999999999998
27-04 18:00,108.8
27-04 19:00,137.8
27-04 20:00,151.09999999999988
27-04 21:00,147.99999999999991
27-04 22:00,89.49999999999997
27-04 23:00,68.69999999999999
28-04 00:00,65.6
28-04 01:00,63.10000000000004
28-04 02:00,60.80000000000001
28-04 03:00,68.3
28-04 04:00,76.2
28-04 05:00,104.69999999999999
28-04 06:00,130.29999999999995
28-04 07:00,126.70000000000002
28-04 08:00,124.7
28-04 09:00,115.89999999999999
28-04 10:00,119.7
28-04 11:00,127.89999999999998
28-04 12:00,111.89999999999998
28-04 13:00,105.80000000000003
28-04 14:00,94.90000000000003
28-04 15:00,94.29999999999997
28-04 16:00,108.89999999999996
28-04 17:00,95.70000000000002
28-04 18:00,117.1
28-04 19:00,140.3
28-04 20:00,154.80000000000007
28-04 21:00,148.70000000000005
28-04 22:00,116.1
28-04 23:00,99.60000000000002
29-04 00:00,107.4
29-04 01:00,98.89999999999998
29-04 02:00,102.19999999999999
29-04 03:00,108.80000000000001
29-04 04:00,115.99999999999994
29-04 05:00,151.69999999999996
29-04 06:00,169.49999999999986
29-04 07:00,138.00000000000003
29-04 08:00,125.49999999999997
29-04 09:00,104.79999999999998
29-04 10:00,103.49999999999999
29-04 11:00,83.40000000000002
29-04 12:00,76.5
29-04 13:00,77.80000000000004
29-04 14:00,73.90000000000002
29-04 15:00,67.6
29-04 16:00,84.1
29-04 17:00,101.29999999999998
29-04 18:00,126.20000000000005
29-04 19:00,127.70000000000005
29-04 20:00,126.60000000000001
29-04 21:00,122.69999999999997
29-04 22:00,68.8
29-04 23:00,53.6
30-04 00:00,56.700000000000024
30-04 01:00,52.40000000000003
30-04 02:00,49.3
30-04 03:00,38.199999999999996
30-04 04:00,56.600000000000016
30-04 05:00,72.90000000000002
30-04 06:00,101.29999999999998
30-04 07:00,100.70000000000003
30-04 08:00,80.10000000000005
30-04 09:00,57.9
30-04 10:00,45.8
30-04 11:00,43.7
30-04 12:00,42.9
30-04 13:00,39.89999999999999
30-04 14:00,37.29999999999999
30-04 15:00,40.7
30-04 16:00,42.300000000000004
30-04 17:00,51.000000000000014
30-04 18:00,66.80000000000001
30-04 19:00,96.10000000000004
30-04 20:00,98.7
30-04 21:00,107.19999999999999
30-04 22:00,74.79999999999994
30-04 23:00,59.90000000000001
01-05 00:00,50.600000000000016
01-05 01:00,45.000000000000014
01-05 02:00,51.200000000000024
01-05 03:00,43.49999999999999
01-05 04:00,46.40000000000002
01-05 05:00,44.4
01-05 06:00,76.0
01-05 07:00,55.300000000000026
01-05 08:00,46.2
01-05 09:00,55.400000000000006
01-05 10:00,59.1
01-05 11:00,56.500000000000036
01-05 12:00,57.00000000000002
01-05 13:00,44.699999999999996
01-05 14:00,44.099999999999994
01-05 15:00,39.69999999999999
01-05 16:00,38.800000000000004
01-05 17:00,48.79999999999999
01-05 18:00,49.69999999999999
01-05 19:00,57.800000000000026
01-05 20:00,72.70000000000002
01-05 21:00,77.6
01-05 22:00,62.9
01-05 23:00,56.00000000000001
02-05 00:00,50.200000000000024
02-05 01:00,50.20000000000002
02-05 02:00,52.99999999999999
02-05 03:00,50.49999999999999
02-05 04:00,52.20000000000003
02-05 05:00,75.00000000000001
02-05 06:00,87.9
02-05 07:00,77.09999999999998
02-05 08:00,51.099999999999994
02-05 09:00,44.4
02-05 10:00,41.29999999999999
02-05 11:00,37.09999999999999
02-05 12:00,37.09999999999999
02-05 13:00,34.39999999999999
02-05 14:00,29.00000000000001
02-05 15:00,33.10000000000001
02-05 16:00,33.8
02-05 17:00,42.1
02-05 18:00,43.400000000000006
02-05 19:00,52.89999999999999
02-05 20:00,64.20000000000005
02-05 21:00,69.7
02-05 22:00,46.0
02-05 23:00,43.200000000000024
03-05 00:00,44.0
03-05 01:00,44.000000000000014
03-05 02:00,48.6
03-05 03:00,49.199999999999996
03-05 04:00,51.40000000000003
03-05 05:00,66.3
03-05 06:00,97.20000000000003
03-05 07:00,91.19999999999999
03-05 08:00,65.29999999999998
03-05 09:00,50.00000000000001
03-05 10:00,44.19999999999999
03-05 11:00,43.800000000000004
03-05 12:00,42.39999999999999
03-05 13:00,47.90000000000002
03-05 14:00,46.0
03-05 15:00,44.500000000000014
03-05 16:00,48.30000000000001
03-05 17:00,66.4
03-05 18:00,70.30000000000001
03-05 19:00,88.19999999999999
03-05 20:00,95.20000000000005
03-05 21:00,105.19999999999997
03-05 22:00,74.59999999999995
03-05 23:00,65.40000000000002
04-05 00:00,74.60000000000004
04-05 01:00,74.49999999999999
04-05 02:00,75.60000000000002
04-05 03:00,88.19999999999997
04-05 04:00,104.79999999999993
04-05 05:00,131.60000000000005
04-05 06:00,169.4
04-05 07:00,144.09999999999997
04-05 08:00,126.80000000000003
04-05 09:00,108.0
04-05 10:00,84.39999999999996
04-05 11:00,80.79999999999997
04-05 12:00,73.09999999999995
04-05 13:00,78.09999999999998
04-05 14:00,69.29999999999998
04-05 15:00,70.19999999999997
04-05 16:00,78.79999999999998
04-05 17:00,97.39999999999999
04-05 18:00,103.29999999999998
04-05 19:00,134.00000000000003
04-05 20:00,136.10000000000002
04-05 21:00,126.70000000000002
04-05 22:00,83.49999999999997
04-05 23:00,69.3
05-05 00:00,63.69999999999999
05-05 01:00,60.500000000000014
05-05 02:00,50.600000000000016
05-05 03:00,51.29999999999999
05-05 04:00,59.00000000000001
05-05 05:00,76.5
05-05 06:00,103.19999999999996
05-05 07:00,108.3
05-05 08:00,112.39999999999996
05-05 09:00,111.3
05-05 10:00,107.19999999999999
05-05 11:00,100.80000000000003
05-05 12:00,87.70000000000003
05-05 13:00,84.20000000000003
05-05 14:00,77.30000000000001
05-05 15:00,73.79999999999998
05-05 16:00,78.19999999999997
05-05 17:00,82.99999999999999
05-05 18:00,99.3
05-05 19:00,98.3
05-05 20:00,100.80000000000004
05-05 21:00,92.2
05-05 22:00,49.400000000000006
05-05 23:00,38.400000000000006
06-05 00:00,35.300000000000004
06-05 01:00,31.000000000000004
06-05 02:00,29.800000000000015
06-05 03:00,32.400000000000006
06-05 04:00,38.600000000000016
06-05 05:00,54.300000000000004
06-05 06:00,74.0
06-05 07:00,73.60000000000002
06-05 08:00,70.69999999999999
06-05 09:00,85.50000000000003
06-05 10:00,88.8
06-05 11:00,77.4
06-05 12:00,73.8
06-05 13:00,64.79999999999998
06-05 14:00,64.29999999999998
06-05 15:00,67.60000000000002
06-05 16:00,57.19999999999999
06-05 17:00,59.699999999999974
06-05 18:00,67.8
06-05 19:00,71.90000000000002
06-05 20:00,72.50000000000001
06-05 21:00,77.9
06-05 22:00,41.49999999999999
06-05 23:00,38.400000000000006
07-05 00:00,35.30000000000001
07-05 01:00,41.50000000000002
07-05 02:00,29.099999999999998
07-05 03:00,30.700000000000006
07-05 04:00,46.80000000000002
07-05 05:00,56.40000000000001
07-05 06:00,70.90000000000002
07-05 07:00,61.60000000000004
07-05 08:00,39.70000000000001
07-05 09:00,35.9
07-05 10:00,32.199999999999996
07-05 11:00,29.8
07-05 12:00,28.899999999999995
07-05 13:00,26.400000000000006
07-05 14:00,25.000000000000007
07-05 15:00,24.6
07-05 16:00,27.000000000000004
07-05 17:00,34.5
07-05 18:00,35.6
07-05 19:00,46.19999999999999
07-05 20:00,52.20000000000003
07-05 21:00,46.300000000000004
07-05 22:00,22.300000000000015
07-05 23:00,12.799999999999994
08-05 00:00,17.79999999999999
08-05 01:00,20.400000000000016
08-05 02:00,18.300000000000008
08-05 03:00,19.0
08-05 04:00,24.50000000000001
08-05 05:00,39.80000000000001
08-05 06:00,65.80000000000003
08-05 07:00,66.39999999999999
08-05 08:00,62.800000000000026
08-05 09:00,48.699999999999996
08-05 10:00,44.89999999999999
08-05 11:00,33.8
08-05 12:00,31.20000000000002
08-05 13:00,33.1
08-05 14:00,31.000000000000018
08-05 15:00,31.300000000000015
08-05 16:00,32.20000000000001
08-05 17:00,38.5
08-05 18:00,57.1
08-05 19:00,80.40000000000005
08-05 20:00,88.10000000000001
08-05 21:00,98.40000000000002
08-05 22:00,75.79999999999994
08-05 23:00,59.699999999999996
09-05 00:00,74.30000000000001
09-05 01:00,79.00000000000001
09-05 02:00,86.29999999999998
09-05 03:00,85.49999999999997
09-05 04:00,105.89999999999996
09-05 05:00,112.60000000000004
09-05 06:00,134.80000000000004
09-05 07:00,109.49999999999999
09-05 08:00,81.10000000000008
09-05 09:00,55.000000000000036
09-05 10:00,55.40000000000001
09-05 11:00,49.20000000000002
09-05 12:00,43.6
09-05 13:00,47.500000000000014
09-05 14:00,41.10000000000002
09-05 15:00,41.900000000000034
09-05 16:00,45.9
09-05 17:00,59.09999999999998
09-05 18:00,67.19999999999999
09-05 19:00,84.10000000000005
09-05 20:00,86.10000000000005
09-05 21:00,91.80000000000003
09-05 22:00,49.10000000000002
09-05 23:00,41.2
10-05 00:00,29.799999999999994
10-05 01:00,34.00000000000002
10-05 02:00,47.00000000000001
10-05 03:00,58.09999999999999
10-05 04:00,41.2
10-05 05:00,44.50000000000001
10-05 06:00,52.90000000000002
10-05 07:00,52.60000000000002
10-05 08:00,51.70000000000002
10-05 09:00,46.499999999999986
10-05 10:00,54.2
10-05 11:00,53.199999999999996
10-05 12:00,49.000000000000014
10-05 13:00,42.300000000000004
10-05 14:00,36.800000000000004
10-05 15:00,35.69999999999999
10-05 16:00,34.29999999999999
10-05 17:00,35.69999999999999
10-05 18:00,40.79999999999998
10-05 19:00,45.499999999999986
10-05 20:00,43.69999999999999
10-05 21:00,37.29999999999999
10-05 22:00,22.20000000000001
10-05 23:00,20.4
11-05 00:00,24.000000000000007
11-05 01:00,20.900000000000016
11-05 02:00,25.199999999999992
11-05 03:00,25.099999999999994
11-05 04:00,32.70000000000002
11-05 05:00,38.7
11-05 06:00,71.90000000000002
11-05 07:00,72.00000000000001
11-05 08:00,62.50000000000003
11-05 09:00,45.900000000000006
11-05 10:00,41.09999999999998
11-05 11:00,41.09999999999999
11-05 12:00,39.400000000000006
11-05 13:00,35.8
11-05 14:00,29.400000000000013
11-05 15:00,30.000000000000018
11-05 16:00,31.600000000000016
11-05 17:00,42.69999999999999
11-05 18:00,48.59999999999999
11-05 19:00,61.400000000000034
11-05 20:00,68.60000000000001
11-05 21:00,72.69999999999999
11-05 22:00,51.100000000000016
11-05 23:00,48.5
12-05 00:00,56.50000000000001
12-05 01:00,53.80000000000003
12-05 02:00,52.00000000000001
12-05 03:00,57.399999999999984
12-05 04:00,53.900000000000006
12-05 05:00,52.70000000000001
12-05 06:00,52.00000000000001
12-05 07:00,48.50000000000001
12-05 08:00,46.900000000000006
12-05 09:00,57.40000000000002
12-05 10:00,66.8
12-05 11:00,60.8
12-05 12:00,71.8
12-05 13:00,63.69999999999999
12-05 14:00,62.69999999999999
12-05 15:00,53.40000000000001
12-05 16:00,60.99999999999999
12-05 17:00,67.09999999999998
12-05 18:00,73.20000000000002
12-05 19:00,78.10000000000004
12-05 20:00,89.40000000000009
12-05 21:00,76.59999999999992
12-05 22:00,50.800000000000004
12-05 23:00,46.10000000000003
13-05 00:00,40.500000000000014
13-05 01:00,36.60000000000003
13-05 02:00,32.60000000000002
13-05 03:00,31.800000000000008
13-05 04:00,35.40000000000003
13-05 05:00,37.30000000000004
13-05 06:00,46.500000000000014
13-05 07:00,41.100000000000044
13-05 08:00,46.6
13-05 09:00,47.00000000000002
13-05 10:00,52.100000000000016
13-05 11:00,49.10000000000002
13-05 12:00,46.700000000000024
13-05 13:00,39.50000000000001
13-05 14:00,34.400000000000006
13-05 15:00,32.9
13-05 16:00,33.4
13-05 17:00,33.8
13-05 18:00,41.69999999999999
13-05 19:00,43.8
13-05 20:00,43.19999999999999
13-05 21:00,45.8
13-05 22:00,27.800000000000008
13-05 23:00,21.299999999999986
14-05 00:00,23.000000000000004
14-05 01:00,18.90000000000001
14-05 02:00,15.700000000000001
14-05 03:00,15.500000000000002
14-05 04:00,19.600000000000012
14-05 05:00,31.699999999999985
14-05 06:00,49.599999999999994
14-05 07:00,39.900000000000006
14-05 08:00,37.00000000000001
14-05 09:00,29.999999999999993
14-05 10:00,26.3
14-05 11:00,24.700000000000014
14-05 12:00,20.6
14-05 13:00,21.3
14-05 14:00,20.7
14-05 15:00,20.500000000000004
14-05 16:00,20.900000000000002
14-05 17:00,26.999999999999996
14-05 18:00,31.3
14-05 19:00,41.2
14-05 20:00,41.400000000000006
14-05 21:00,45.19999999999999
14-05 22:00,33.699999999999996
14-05 23:00,26.200000000000003
15-05 00:00,24.60000000000001
15-05 01:00,20.800000000000015
15-05 02:00,17.100000000000005
15-05 03:00,17.300000000000004
15-05 04:00,21.70000000000002
15-05 05:00,28.400000000000002
15-05 06:00,47.50000000000001
15-05 07:00,47.8
15-05 08:00,39.80000000000001
15-05 09:00,35.10000000000001
15-05 10:00,30.899999999999995
15-05 11:00,28.999999999999996
15-05 12:00,29.5
15-05 13:00,29.099999999999998
15-05 14:00,26.9
15-05 15:00,25.599999999999994
15-05 16:00,27.400000000000002
15-05 17:00,42.90000000000001
15-05 18:00,50.0
15-05 19:00,61.10000000000004
15-05 20:00,70.49999999999999
15-05 21:00,73.6
15-05 22:00,48.500000000000014
15-05 23:00,47.79999999999999
16-05 00:00,53.10000000000003
16-05 01:00,49.10000000000002
16-05 02:00,59.0
16-05 03:00,62.70000000000001
16-05 04:00,61.50000000000002
16-05 05:00,73.10000000000004
16-05 06:00,88.19999999999999
16-05 07:00,82.40000000000005
16-05 08:00,68.0
16-05 09:00,49.400000000000006
16-05 10:00,40.199999999999996
16-05 11:00,36.199999999999996
16-05 12:00,36.89999999999999
16-05 13:00,35.599999999999994
16-05 14:00,32.60000000000001
16-05 15:00,31.900000000000016
16-05 16:00,35.89999999999999
16-05 17:00,40.199999999999996
16-05 18:00,46.39999999999998
16-05 19:00,56.20000000000002
16-05 20:00,70.0
16-05 21:00,70.40000000000002
16-05 22:00,39.49999999999999
16-05 23:00,28.400000000000002
17-05 00:00,22.300000000000008
17-05 01:00,28.60000000000001
17-05 02:00,24.399999999999995
17-05 03:00,23.999999999999993
17-05 04:00,22.90000000000001
17-05 05:00,43.60000000000003
17-05 06:00,69.50000000000001
17-05 07:00,71.20000000000002
17-05 08:00,57.90000000000002
17-05 09:00,41.0
17-05 10:00,31.4
17-05 11:00,31.200000000000006
17-05 12:00,28.099999999999994
17-05 13:00,28.499999999999996
17-05 14:00,27.5
17-05 15:00,25.299999999999994
17-05 16:00,26.900000000000002
17-05 17:00,31.6
17-05 18:00,38.599999999999994
17-05 19:00,47.8
17-05 20:00,54.199999999999996
17-05 21:00,61.30000000000004
17-05 22:00,40.99999999999999
17-05 23:00,27.60000000000001
18-05 00:00,30.69999999999999
18-05 01:00,26.80000000000001
18-05 02:00,32.900000000000006
18-05 03:00,39.59999999999998
18-05 04:00,40.300000000000026
18-05 05:00,43.10000000000002
18-05 06:00,52.7
18-05 07:00,48.1
18-05 08:00,43.900000000000006
18-05 09:00,35.20000000000001
18-05 10:00,30.199999999999996
18-05 11:00,30.900000000000002
18-05 12:00,28.499999999999993
18-05 13:00,27.299999999999997
18-05 14:00,24.800000000000004
18-05 15:00,26.5
18-05 16:00,26.8
18-05 17:00,31.500000000000004
18-05 18:00,36.50000000000001
18-05 19:00,44.800000000000004
18-05 20:00,56.900000000000006
18-05 21:00,62.50000000000005
18-05 22:00,43.3
18-05 23:00,40.90000000000001
19-05 00:00,54.10000000000001
19-05 01:00,66.70000000000005
19-05 02:00,62.50000000000003
19-05 03:00,70.10000000000001
19-05 04:00,64.80000000000001
19-05 05:00,54.400000000000006
19-05 06:00,57.50000000000001
19-05 07:00,35.000000000000014
19-05 08:00,39.19999999999999
19-05 09:00,57.600000000000016
19-05 10:00,55.700000000000024
19-05 11:00,53.400000000000034
19-05 12:00,50.40000000000001
19-05 13:00,42.79999999999999
19-05 14:00,38.0
19-05 15:00,36.499999999999986
19-05 16:00,38.199999999999996
19-05 17:00,45.499999999999986
19-05 18:00,46.19999999999998
19-05 19:00,48.699999999999974
19-05 20:00,57.40000000000001
19-05 21:00,47.50000000000001
19-05 22:00,44.69999999999999
19-05 23:00,42.700000000000024
20-05 00:00,46.50000000000001
20-05 01:00,48.60000000000002
20-05 02:00,40.40000000000001
20-05 03:00,47.3
20-05 04:00,47.300000000000004
20-05 05:00,45.300000000000004
20-05 06:00,40.300000000000026
20-05 07:00,26.500000000000004
20-05 08:00,31.70000000000001
20-05 09:00,51.20000000000003
20-05 10:00,49.80000000000003
20-05 11:00,51.100000000000016
20-05 12:00,46.90000000000003
20-05 13:00,44.1
20-05 14:00,39.0
20-05 15:00,32.300000000000004
20-05 16:00,32.30000000000001
20-05 17:00,37.49999999999999
20-05 18:00,36.599999999999994
20-05 19:00,42.69999999999998
20-05 20:00,41.69999999999998
20-05 21:00,35.79999999999999
20-05 22:00,30.00000000000001
20-05 23:00,18.999999999999993
21-05 00:00,15.69999999999999
21-05 01:00,19.200000000000006
21-05 02:00,16.9
21-05 03:00,16.0
21-05 04:00,24.900000000000002
21-05 05:00,13.899999999999997
21-05 06:00,18.700000000000006
21-05 07:00,15.29999999999999
21-05 08:00,25.100000000000005
21-05 09:00,38.70000000000003
21-05 10:00,43.700000000000045
21-05 11:00,46.20000000000002
21-05 12:00,37.30000000000002
21-05 13:00,30.799999999999997
21-05 14:00,28.800000000000004
21-05 15:00,24.200000000000014
21-05 16:00,25.40000000000001
21-05 17:00,27.900000000000002
21-05 18:00,28.500000000000004
21-05 19:00,31.39999999999999
21-05 20:00,30.299999999999997
21-05 21:00,28.4
21-05 22:00,24.200000000000006
21-05 23:00,20.299999999999997
22-05 00:00,16.29999999999999
22-05 01:00,20.900000000000016
22-05 02:00,22.499999999999996
22-05 03:00,30.500000000000004
22-05 04:00,45.20000000000001
22-05 05:00,44.200000000000024
22-05 06:00,56.60000000000002
22-05 07:00,49.099999999999994
22-05 08:00,41.900000000000006
22-05 09:00,36.30000000000001
22-05 10:00,32.6
22-05 11:00,32.300000000000004
22-05 12:00,28.799999999999997
22-05 13:00,29.500000000000004
22-05 14:00,25.499999999999993
22-05 15:00,26.800000000000004
22-05 16:00,25.699999999999996
22-05 17:00,33.3
22-05 18:00,36.900000000000006
22-05 19:00,47.8
22-05 20:00,61.20000000000004
22-05 21:00,78.59999999999998
22-05 22:00,54.699999999999974
22-05 23:00,54.900000000000006
23-05 00:00,69.40000000000002
23-05 01:00,65.10000000000004
23-05 02:00,53.3
23-05 03:00,70.50000000000001
23-05 04:00,69.6
23-05 05:00,72.5
23-05 06:00,75.30000000000003
23-05 07:00,58.700000000000024
23-05 08:00,51.79999999999999
23-05 09:00,42.1
23-05 10:00,35.99999999999999
23-05 11:00,35.599999999999994
23-05 12:00,35.099999999999994
23-05 13:00,32.20000000000001
23-05 14:00,29.900000000000016
23-05 15:00,30.400000000000013
23-05 16:00,29.200000000000014
23-05 17:00,36.99999999999999
23-05 18:00,43.699999999999996
23-05 19:00,53.099999999999994
23-05 20:00,53.8
23-05 21:00,52.4
23-05 22:00,21.700000000000006
23-05 23:00,14.599999999999987
24-05 00:00,6.199999999999998
24-05 01:00,3.900000000000002
24-05 02:00,8.299999999999997
24-05 03:00,15.500000000000002
24-05 04:00,25.400000000000013
24-05 05:00,21.299999999999997
24-05 06:00,35.20000000000003
24-05 07:00,34.90000000000003
24-05 08:00,29.499999999999993
24-05 09:00,25.80000000000001
24-05 10:00,23.900000000000006
24-05 11:00,20.700000000000014
24-05 12:00,18.200000000000003
24-05 13:00,19.000000000000007
24-05 14:00,16.299999999999997
24-05 15:00,16.799999999999997
24-05 16:00,18.800000000000004
24-05 17:00,22.800000000000008
24-05 18:00,26.10000000000001
24-05 19:00,34.60000000000002
24-05 20:00,36.300000000000026
24-05 21:00,33.300000000000026
24-05 22:00,17.800000000000004
24-05 23:00,10.899999999999999
25-05 00:00,6.799999999999999
25-05 01:00,10.999999999999993
25-05 02:00,14.500000000000002
25-05 03:00,15.8
25-05 04:00,26.600000000000012
25-05 05:00,22.19999999999999
25-05 06:00,36.20000000000002
25-05 07:00,39.10000000000004
25-05 08:00,30.200000000000003
25-05 09:00,26.200000000000014
25-05 10:00,21.30000000000001
25-05 11:00,21.500000000000014
25-05 12:00,19.40000000000001
25-05 13:00,20.60000000000001
25-05 14:00,17.299999999999994
25-05 15:00,17.399999999999995
25-05 16:00,20.50000000000001
25-05 17:00,25.400000000000013
25-05 18:00,25.80000000000001
25-05 19:00,37.300000000000026
25-05 20:00,35.50000000000003
25-05 21:00,33.10000000000002
25-05 22:00,17.600000000000005
25-05 23:00,10.399999999999999
26-05 00:00,9.0
26-05 01:00,5.3
26-05 02:00,2.500000000000001
26-05 03:00,1.6000000000000003
26-05 04:00,4.300000000000001
26-05 05:00,8.299999999999997
26-05 06:00,14.099999999999994
26-05 07:00,17.199999999999996
26-05 08:00,24.80000000000001
26-05 09:00,38.10000000000002
26-05 10:00,42.50000000000004
26-05 11:00,44.600000000000044
26-05 12:00,40.10000000000002
26-05 13:00,29.300000000000004
26-05 14:00,31.099999999999994
26-05 15:00,25.900000000000006
26-05 16:00,25.600000000000005
26-05 17:00,29.3
26-05 18:00,37.8
26-05 19:00,52.400000000000006
26-05 20:00,55.400000000000006
26-05 21:00,54.10000000000001
26-05 22:00,55.199999999999974
26-05 23:00,56.10000000000001
27-05 00:00,60.600000000000016
27-05 01:00,60.600000000000016
27-05 02:00,58.800000000000004
27-05 03:00,53.199999999999996
27-05 04:00,59.900000000000006
27-05 05:00,54.70000000000001
27-05 06:00,58.6
27-05 07:00,46.600000000000016
27-05 08:00,45.4
27-05 09:00,58.50000000000002
27-05 10:00,59.100000000000016
27-05 11:00,59.1
27-05 12:00,53.40000000000003
27-05 13:00,46.4
27-05 14:00,41.3
27-05 15:00,39.9
27-05 16:00,41.399999999999984
27-05 17:00,40.69999999999998
27-05 18:00,63.999999999999964
27-05 19:00,69.0
27-05 20:00,66.29999999999998
27-05 21:00,62.29999999999998
27-05 22:00,39.89999999999999
27-05 23:00,34.5
28-05 00:00,32.99999999999999
28-05 01:00,26.300000000000015
28-05 02:00,16.0
28-05 03:00,17.100000000000005
28-05 04:00,20.60000000000002
28-05 05:00,33.7
28-05 06:00,58.70000000000003
28-05 07:00,53.1
28-05 08:00,38.599999999999994
28-05 09:00,34.8
28-05 10:00,28.00000000000001
28-05 11:00,26.800000000000008
28-05 12:00,24.70000000000001
28-05 13:00,26.000000000000014
28-05 14:00,23.500000000000004
28-05 15:00,23.900000000000002
28-05 16:00,24.800000000000008
28-05 17:00,30.69999999999999
28-05 18:00,35.099999999999994
28-05 19:00,40.90000000000002
28-05 20:00,43.400000000000006
28-05 21:00,57.10000000000002
28-05 22:00,43.30000000000001
28-05 23:00,46.29999999999999
29-05 00:00,51.800000000000026
29-05 01:00,57.700000000000024
29-05 02:00,61.30000000000001
29-05 03:00,60.30000000000001
29-05 04:00,80.49999999999999
29-05 05:00,75.30000000000001
29-05 06:00,91.60000000000002
29-05 07:00,76.89999999999999
29-05 08:00,53.00000000000001
29-05 09:00,46.199999999999996
29-05 10:00,39.00000000000001
29-05 11:00,38.5
29-05 12:00,34.599999999999994
29-05 13:00,36.4
29-05 14:00,33.20000000000001
29-05 15:00,34.000000000000014
29-05 16:00,36.7
29-05 17:00,44.39999999999999
29-05 18:00,47.69999999999999
29-05 19:00,55.60000000000002
29-05 20:00,66.70000000000003
29-05 21:00,71.90000000000002
29-05 22:00,52.79999999999999
29-05 23:00,42.40000000000002
30-05 00:00,30.199999999999992
30-05 01:00,32.200000000000024
30-05 02:00,37.3
30-05 03:00,44.699999999999996
30-05 04:00,49.90000000000002
30-05 05:00,50.199999999999996
30-05 06:00,52.5
30-05 07:00,48.2
30-05 08:00,41.90000000000001
30-05 09:00,33.599999999999994
30-05 10:00,28.999999999999996
30-05 11:00,30.200000000000006
30-05 12:00,29.3
30-05 13:00,27.3
30-05 14:00,25.699999999999996
30-05 15:00,26.099999999999998
30-05 16:00,27.700000000000006
30-05 17:00,34.1
30-05 18:00,37.69999999999999
30-05 19:00,44.39999999999999
30-05 20:00,45.999999999999986
30-05 21:00,54.300000000000004
30-05 22:00,38.800000000000004
30-05 23:00,34.3
31-05 00:00,31.9
31-05 01:00,21.50000000000001
31-05 02:00,26.4
31-05 03:00,17.400000000000006
31-05 04:00,27.700000000000003
31-05 05:00,27.4
31-05 06:00,22.600000000000012
31-05 07:00,20.900000000000006
31-05 08:00,32.30000000000001
31-05 09:00,43.80000000000001
31-05 10:00,48.60000000000003
31-05 11:00,49.40000000000003
31-05 12:00,41.5
31-05 13:00,36.39999999999999
31-05 14:00,31.4
31-05 15:00,31.399999999999984
31-05 16:00,29.599999999999998
31-05 17:00,32.89999999999999
31-05 18:00,36.599999999999994
31-05 19:00,39.699999999999996
31-05 20:00,49.89999999999999
31-05 21:00,55.000000000000014
31-05 22:00,49.5
31-05 23:00,40.30000000000002
01-06 00:00,42.90000000000002
01-06 01:00,42.600000000000016
01-06 02:00,44.8
01-06 03:00,39.59999999999998
01-06 04:00,31.500000000000018
01-06 05:00,27.30000000000001
01-06 06:00,62.400000000000034
01-06 07:00,47.3
01-06 08:00,40.40000000000001
01-06 09:00,31.899999999999984
01-06 10:00,30.499999999999996
01-06 11:00,29.199999999999996
01-06 12:00,28.899999999999995
01-06 13:00,24.10000000000001
01-06 14:00,26.8
01-06 15:00,24.800000000000004
01-06 16:00,27.6
01-06 17:00,33.599999999999994
01-06 18:00,34.400000000000006
01-06 19:00,44.60000000000001
01-06 20:00,44.900000000000006
01-06 21:00,45.20000000000001
01-06 22:00,28.000000000000007
01-06 23:00,25.700000000000006
02-06 00:00,38.80000000000001
02-06 01:00,42.300000000000026
02-06 02:00,48.90000000000002
02-06 03:00,50.49999999999999
02-06 04:00,50.600000000000016
02-06 05:00,24.3
02-06 06:00,21.900000000000006
02-06 07:00,22.000000000000007
02-06 08:00,31.00000000000001
02-06 09:00,46.000000000000014
02-06 10:00,47.200000000000045
02-06 11:00,49.000000000000036
02-06 12:00,45.50000000000003
02-06 13:00,35.5
02-06 14:00,33.50000000000001
02-06 15:00,29.000000000000007
02-06 16:00,32.19999999999998
02-06 17:00,33.29999999999999
02-06 18:00,39.1
02-06 19:00,42.39999999999999
02-06 20:00,38.39999999999999
02-06 21:00,31.300000000000004
02-06 22:00,20.70000000000001
02-06 23:00,11.899999999999995
03-06 00:00,8.2
03-06 01:00,35.00000000000002
03-06 02:00,31.80000000000001
03-06 03:00,35.50000000000001
03-06 04:00,27.400000000000006
03-06 05:00,7.299999999999996
03-06 06:00,14.399999999999988
03-06 07:00,15.699999999999987
03-06 08:00,25.20000000000001
03-06 09:00,42.10000000000004
03-06 10:00,44.40000000000005
03-06 11:00,43.500000000000036
03-06 12:00,36.600000000000016
03-06 13:00,34.0
03-06 14:00,25.600000000000005
03-06 15:00,25.200000000000014
03-06 16:00,23.80000000000001
03-06 17:00,25.800000000000008
03-06 18:00,31.3
03-06 19:00,33.2
03-06 20:00,32.2
03-06 21:00,27.100000000000012
03-06 22:00,17.5
03-06 23:00,11.899999999999997
04-06 00:00,6.699999999999998
04-06 01:00,3.800000000000002
04-06 02:00,0.4
04-06 03:00,7.3
04-06 04:00,18.200000000000006
04-06 05:00,11.199999999999998
04-06 06:00,30.5
04-06 07:00,32.2
04-06 08:00,27.699999999999985
04-06 09:00,22.299999999999997
04-06 10:00,21.1
04-06 11:00,20.900000000000002
04-06 12:00,18.000000000000004
04-06 13:00,17.000000000000004
04-06 14:00,15.399999999999999
04-06 15:00,14.399999999999999
04-06 16:00,15.6
04-06 17:00,20.20000000000001
04-06 18:00,24.6
04-06 19:00,31.1
04-06 20:00,30.2
04-06 21:00,31.4
04-06 22:00,16.200000000000003
04-06 23:00,10.2
05-06 00:00,9.499999999999991
05-06 01:00,13.399999999999991
05-06 02:00,9.9
05-06 03:00,10.4
05-06 04:00,14.899999999999991
05-06 05:00,31.49999999999999
05-06 06:00,63.90000000000004
05-06 07:00,58.40000000000002
05-06 08:00,44.900000000000006
05-06 09:00,36.1
05-06 10:00,38.6
05-06 11:00,38.7
05-06 12:00,31.100000000000012
05-06 13:00,32.90000000000001
05-06 14:00,35.30000000000001
05-06 15:00,40.80000000000003
05-06 16:00,42.30000000000002
05-06 17:00,51.00000000000002
05-06 18:00,58.69999999999999
05-06 19:00,70.40000000000002
05-06 20:00,66.29999999999998
05-06 21:00,77.80000000000003
05-06 22:00,53.89999999999998
05-06 23:00,55.70000000000001
06-06 00:00,48.800000000000004
06-06 01:00,56.90000000000002
06-06 02:00,51.79999999999999
06-06 03:00,48.7
06-06 04:00,64.20000000000005
06-06 05:00,82.30000000000001
06-06 06:00,117.70000000000002
06-06 07:00,110.30000000000003
06-06 08:00,100.00000000000003
06-06 09:00,87.40000000000002
06-06 10:00,67.7
06-06 11:00,72.29999999999997
06-06 12:00,69.49999999999999
06-06 13:00,74.49999999999994
06-06 14:00,75.80000000000001
06-06 15:00,55.999999999999986
06-06 16:00,82.60000000000002
06-06 17:00,91.2
06-06 18:00,94.0
06-06 19:00,102.89999999999999
06-06 20:00,124.89999999999998
06-06 21:00,118.09999999999995
06-06 22:00,73.19999999999995
06-06 23:00,70.6
07-06 00:00,56.40000000000003
07-06 01:00,46.700000000000024
07-06 02:00,50.3
07-06 03:00,64.6
07-06 04:00,58.00000000000002
07-06 05:00,76.60000000000005
07-06 06:00,79.40000000000005
07-06 07:00,70.9
07-06 08:00,65.39999999999999
07-06 09:00,70.90000000000002
07-06 10:00,53.80000000000002
07-06 11:00,37.699999999999996
07-06 12:00,35.99999999999999
07-06 13:00,36.9
07-06 14:00,35.599999999999994
07-06 15:00,33.900000000000006
07-06 16:00,35.099999999999994
07-06 17:00,41.39999999999998
07-06 18:00,46.99999999999999
07-06 19:00,58.40000000000002
07-06 20:00,57.800000000000026
07-06 21:00,64.20000000000003
07-06 22:00,50.00000000000003
07-06 23:00,46.300000000000004
08-06 00:00,45.20000000000002
08-06 01:00,50.00000000000002
08-06 02:00,32.50000000000001
08-06 03:00,32.20000000000001
08-06 04:00,34.90000000000003
08-06 05:00,46.000000000000014
08-06 06:00,75.1
08-06 07:00,52.099999999999994
08-06 08:00,55.400000000000006
08-06 09:00,41.49999999999998
08-06 10:00,33.2
08-06 11:00,33.0
08-06 12:00,34.49999999999999
08-06 13:00,29.400000000000013
08-06 14:00,28.700000000000014
08-06 15:00,29.300000000000015
08-06 16:00,30.80000000000001
08-06 17:00,36.599999999999994
08-06 18:00,43.59999999999999
08-06 19:00,49.80000000000002
08-06 20:00,71.60000000000001
08-06 21:00,77.40000000000002
08-06 22:00,57.19999999999998
08-06 23:00,55.900000000000006
09-06 00:00,62.999999999999986
09-06 01:00,51.90000000000002
09-06 02:00,47.400000000000006
09-06 03:00,38.9
09-06 04:00,41.49999999999999
09-06 05:00,53.50000000000001
09-06 06:00,56.90000000000001
09-06 07:00,50.800000000000026
09-06 08:00,46.00000000000001
09-06 09:00,48.7
09-06 10:00,51.60000000000003
09-06 11:00,51.90000000000003
09-06 12:00,46.29999999999998
09-06 13:00,42.699999999999996
09-06 14:00,38.19999999999999
09-06 15:00,34.89999999999999
09-06 16:00,33.5
09-06 17:00,40.19999999999999
09-06 18:00,42.89999999999999
09-06 19:00,46.8
09-06 20:00,56.100000000000016
09-06 21:00,50.30000000000001
09-06 22:00,35.199999999999996
09-06 23:00,37.199999999999996
10-06 00:00,35.50000000000001
10-06 01:00,38.70000000000005
10-06 02:00,38.50000000000001
10-06 03:00,39.999999999999986
10-06 04:00,51.7
10-06 05:00,47.40000000000001
10-06 06:00,43.400000000000006
10-06 07:00,38.20000000000003
10-06 08:00,38.80000000000001
10-06 09:00,52.90000000000003
10-06 10:00,53.50000000000003
10-06 11:00,53.90000000000001
10-06 12:00,49.80000000000001
10-06 13:00,39.79999999999999
10-06 14:00,38.899999999999984
10-06 15:00,33.699999999999996
10-06 16:00,36.59999999999999
10-06 17:00,38.89999999999999
10-06 18:00,47.10000000000001
10-06 19:00,58.39999999999999
10-06 20:00,58.199999999999996
10-06 21:00,53.00000000000001
10-06 22:00,34.900000000000006
10-06 23:00,28.300000000000004
11-06 00:00,21.800000000000004
11-06 01:00,20.900000000000016
11-06 02:00,22.499999999999996
11-06 03:00,22.9
11-06 04:00,26.80000000000001
11-06 05:00,30.19999999999999
11-06 06:00,47.4
11-06 07:00,39.10000000000001
11-06 08:00,32.99999999999999
11-06 09:00,27.3
11-06 10:00,24.100000000000012
11-06 11:00,22.10000000000001
11-06 12:00,21.300000000000004
11-06 13:00,20.900000000000002
11-06 14:00,19.8
11-06 15:00,19.5
11-06 16:00,19.5
11-06 17:00,25.800000000000004
11-06 18:00,27.400000000000002
11-06 19:00,37.000000000000014
11-06 20:00,38.20000000000002
11-06 21:00,37.40000000000001
11-06 22:00,19.20000000000001
11-06 23:00,11.499999999999996
12-06 00:00,14.09999999999999
12-06 01:00,11.59999999999999
12-06 02:00,14.800000000000004
12-06 03:00,16.4
12-06 04:00,19.900000000000016
12-06 05:00,21.3
12-06 06:00,45.39999999999999
12-06 07:00,38.500000000000014
12-06 08:00,29.8
12-06 09:00,27.3
12-06 10:00,24.70000000000001
12-06 11:00,22.700000000000006
12-06 12:00,23.00000000000001
12-06 13:00,22.200000000000006
12-06 14:00,19.000000000000004
12-06 15:00,19.4
12-06 16:00,20.8
12-06 17:00,24.400000000000013
12-06 18:00,29.600000000000005
12-06 19:00,37.000000000000014
12-06 20:00,37.000000000000014
12-06 21:00,34.90000000000001
12-06 22:00,25.60000000000001
12-06 23:00,31.5
13-06 00:00,29.999999999999993
13-06 01:00,25.80000000000001
13-06 02:00,28.1
13-06 03:00,29.799999999999997
13-06 04:00,19.000000000000007
13-06 05:00,22.800000000000004
13-06 06:00,38.2
13-06 07:00,40.50000000000001
13-06 08:00,34.19999999999999
13-06 09:00,27.600000000000005
13-06 10:00,24.00000000000001
13-06 11:00,23.70000000000001
13-06 12:00,21.100000000000005
13-06 13:00,19.8
13-06 14:00,18.699999999999992
13-06 15:00,18.59999999999999
13-06 16:00,22.10000000000001
13-06 17:00,26.6
13-06 18:00,31.499999999999993
13-06 19:00,35.7
13-06 20:00,37.100000000000016
13-06 21:00,40.800000000000004
13-06 22:00,19.000000000000007
13-06 23:00,11.199999999999998
14-06 00:00,7.3
14-06 01:00,3.800000000000002
14-06 02:00,0.4
14-06 03:00,0.4
14-06 04:00,3.800000000000002
14-06 05:00,10.899999999999999
14-06 06:00,31.7
14-06 07:00,33.1
14-06 08:00,29.299999999999997
14-06 09:00,23.5
14-06 10:00,19.100000000000012
14-06 11:00,17.400000000000002
14-06 12:00,18.500000000000007
14-06 13:00,16.200000000000003
14-06 14:00,14.899999999999999
14-06 15:00,13.899999999999999
14-06 16:00,15.3
14-06 17:00,21.3
14-06 18:00,24.9
14-06 19:00,30.0
14-06 20:00,31.900000000000002
14-06 21:00,29.299999999999997
14-06 22:00,17.6
14-06 23:00,10.4
15-06 00:00,6.599999999999999
15-06 01:00,3.800000000000002
15-06 02:00,0.4
15-06 03:00,0.4
15-06 04:00,3.800000000000002
15-06 05:00,10.1
15-06 06:00,30.0
15-06 07:00,30.2
15-06 08:00,27.69999999999999
15-06 09:00,22.7
15-06 10:00,19.30000000000001
15-06 11:00,18.900000000000013
15-06 12:00,18.40000000000001
15-06 13:00,15.4
15-06 14:00,15.1
15-06 15:00,15.1
15-06 16:00,16.700000000000003
15-06 17:00,21.999999999999996
15-06 18:00,23.5
15-06 19:00,30.0
15-06 20:00,31.0
15-06 21:00,31.5
15-06 22:00,16.900000000000002
15-06 23:00,10.799999999999999
16-06 00:00,8.399999999999999
16-06 01:00,4.100000000000001
16-06 02:00,2.300000000000001
16-06 03:00,0.4
16-06 04:00,1.9000000000000006
16-06 05:00,1.8000000000000005
16-06 06:00,2.9000000000000012
16-06 07:00,6.599999999999999
16-06 08:00,17.300000000000004
16-06 09:00,34.60000000000001
16-06 10:00,36.500000000000014
16-06 11:00,35.70000000000001
16-06 12:00,31.5
16-06 13:00,26.39999999999999
16-06 14:00,24.2
16-06 15:00,21.3
16-06 16:00,18.500000000000007
16-06 17:00,22.7
16-06 18:00,23.5
16-06 19:00,25.699999999999996
16-06 20:00,24.999999999999996
16-06 21:00,19.000000000000014
16-06 22:00,15.600000000000001
16-06 23:00,10.799999999999999
17-06 00:00,6.699999999999998
17-06 01:00,4.900000000000001
17-06 02:00,2.100000000000001
17-06 03:00,0.4
17-06 04:00,2.300000000000001
17-06 05:00,1.9000000000000006
17-06 06:00,3.3000000000000016
17-06 07:00,6.499999999999998
17-06 08:00,17.6
17-06 09:00,33.300000000000004
17-06 10:00,33.50000000000001
17-06 11:00,37.100000000000016
17-06 12:00,31.599999999999998
17-06 13:00,26.899999999999984
17-06 14:00,21.999999999999996
17-06 15:00,21.3
17-06 16:00,18.80000000000001
17-06 17:00,21.9
17-06 18:00,24.9
17-06 19:00,27.399999999999988
17-06 20:00,26.39999999999999
17-06 21:00,19.700000000000014
17-06 22:00,15.1
17-06 23:00,10.6
18-06 00:00,12.599999999999984
18-06 01:00,18.60000000000001
18-06 02:00,13.900000000000002
18-06 03:00,25.39999999999999
18-06 04:00,25.70000000000001
18-06 05:00,21.700000000000003
18-06 06:00,34.7
18-06 07:00,35.90000000000003
18-06 08:00,30.7
18-06 09:00,27.000000000000004
18-06 10:00,22.80000000000002
18-06 11:00,21.000000000000014
18-06 12:00,22.100000000000016
18-06 13:00,18.400000000000002
18-06 14:00,18.900000000000002
18-06 15:00,18.900000000000002
18-06 16:00,20.70000000000001
18-06 17:00,25.300000000000004
18-06 18:00,29.300000000000004
18-06 19:00,35.60000000000002
18-06 20:00,36.600000000000016
18-06 21:00,34.80000000000002
18-06 22:00,18.600000000000005
18-06 23:00,11.099999999999998
19-06 00:00,7.2
19-06 01:00,3.800000000000002
19-06 02:00,0.4
19-06 03:00,0.4
19-06 04:00,3.800000000000002
19-06 05:00,11.399999999999997
19-06 06:00,31.1
19-06 07:00,31.599999999999998
19-06 08:00,26.39999999999999
19-06 09:00,23.599999999999998
19-06 10:00,18.900000000000013
19-06 11:00,18.900000000000013
19-06 12:00,17.400000000000002
19-06 13:00,16.600000000000005
19-06 14:00,15.2
19-06 15:00,14.199999999999998
19-06 16:00,16.200000000000003
19-06 17:00,21.4
19-06 18:00,23.699999999999996
19-06 19:00,29.499999999999996
19-06 20:00,31.4
19-06 21:00,30.4
19-06 22:00,18.500000000000007
19-06 23:00,17.699999999999992
20-06 00:00,16.19999999999999
20-06 01:00,16.9
20-06 02:00,16.0
20-06 03:00,28.400000000000006
20-06 04:00,24.40000000000001
20-06 05:00,14.899999999999988
20-06 06:00,36.500000000000014
20-06 07:00,37.70000000000001
20-06 08:00,32.7
20-06 09:00,26.6
20-06 10:00,23.500000000000014
20-06 11:00,22.70000000000001
20-06 12:00,20.30000000000001
20-06 13:00,18.900000000000002
20-06 14:00,18.5
20-06 15:00,19.4
20-06 16:00,20.3
20-06 17:00,23.500000000000014
20-06 18:00,27.700000000000003
20-06 19:00,36.00000000000002
20-06 20:00,38.700000000000024
20-06 21:00,34.60000000000001
20-06 22:00,17.800000000000004
20-06 23:00,19.999999999999993
21-06 00:00,23.800000000000004
21-06 01:00,19.40000000000001
21-06 02:00,16.0
21-06 03:00,30.500000000000004
21-06 04:00,20.400000000000016
21-06 05:00,24.899999999999995
21-06 06:00,40.00000000000001
21-06 07:00,37.50000000000001
21-06 08:00,34.39999999999999
21-06 09:00,28.2
21-06 10:00,24.90000000000001
21-06 11:00,23.70000000000001
21-06 12:00,22.60000000000001
21-06 13:00,22.10000000000001
21-06 14:00,20.0
21-06 15:00,18.39999999999999
21-06 16:00,20.400000000000002
21-06 17:00,27.199999999999996
21-06 18:00,29.499999999999996
21-06 19:00,36.199999999999996
21-06 20:00,38.00000000000001
21-06 21:00,46.599999999999994
21-06 22:00,27.100000000000005
21-06 23:00,33.20000000000001
22-06 00:00,29.3
22-06 01:00,25.30000000000001
22-06 02:00,29.299999999999997
22-06 03:00,37.3
22-06 04:00,42.40000000000002
22-06 05:00,24.300000000000004
22-06 06:00,43.7
22-06 07:00,40.00000000000001
22-06 08:00,36.0
22-06 09:00,29.0
22-06 10:00,22.70000000000001
22-06 11:00,25.000000000000007
22-06 12:00,20.200000000000003
22-06 13:00,21.1
22-06 14:00,20.5
22-06 15:00,19.9
22-06 16:00,23.700000000000006
22-06 17:00,27.800000000000004
22-06 18:00,33.400000000000006
22-06 19:00,39.70000000000001
22-06 20:00,42.2
22-06 21:00,40.10000000000001
22-06 22:00,18.800000000000004
22-06 23:00,10.699999999999996
23-06 00:00,6.699999999999998
23-06 01:00,4.699999999999999
23-06 02:00,2.0000000000000004
23-06 03:00,8.1
23-06 04:00,16.2
23-06 05:00,10.999999999999996
23-06 06:00,14.499999999999995
23-06 07:00,10.399999999999988
23-06 08:00,21.200000000000014
23-06 09:00,36.40000000000002
23-06 10:00,38.10000000000004
23-06 11:00,41.900000000000034
23-06 12:00,33.90000000000002
23-06 13:00,27.100000000000005
23-06 14:00,26.700000000000014
23-06 15:00,21.80000000000001
23-06 16:00,22.400000000000016
23-06 17:00,23.40000000000001
23-06 18:00,27.700000000000017
23-06 19:00,27.900000000000016
23-06 20:00,27.300000000000015
23-06 21:00,22.90000000000002
23-06 22:00,26.000000000000014
23-06 23:00,26.299999999999997
24-06 00:00,23.400000000000002
24-06 01:00,28.000000000000004
24-06 02:00,31.10000000000001
24-06 03:00,30.500000000000004
24-06 04:00,31.500000000000007
24-06 05:00,14.499999999999995
24-06 06:00,14.899999999999993
24-06 07:00,17.199999999999996
24-06 08:00,26.000000000000004
24-06 09:00,43.10000000000002
24-06 10:00,41.50000000000003
24-06 11:00,43.60000000000005
24-06 12:00,38.50000000000002
24-06 13:00,33.499999999999986
24-06 14:00,28.2
24-06 15:00,26.200000000000006
24-06 16:00,24.60000000000001
24-06 17:00,28.700000000000003
24-06 18:00,29.000000000000004
24-06 19:00,34.60000000000001
24-06 20:00,33.10000000000001
24-06 21:00,28.70000000000001
24-06 22:00,16.899999999999995
24-06 23:00,11.799999999999995
25-06 00:00,6.699999999999998
25-06 01:00,3.800000000000002
25-06 02:00,14.200000000000001
25-06 03:00,0.4
25-06 04:00,12.09999999999999
25-06 05:00,10.7
25-06 06:00,33.80000000000001
25-06 07:00,31.5
25-06 08:00,29.29999999999999
25-06 09:00,21.7
25-06 10:00,19.400000000000013
25-06 11:00,18.400000000000006
25-06 12:00,17.200000000000006
25-06 13:00,16.600000000000005
25-06 14:00,14.299999999999999
25-06 15:00,15.099999999999998
25-06 16:00,15.299999999999999
25-06 17:00,19.700000000000014
25-06 18:00,21.900000000000002
25-06 19:00,31.000000000000004
25-06 20:00,34.300000000000004
25-06 21:00,29.199999999999992
25-06 22:00,17.200000000000003
25-06 23:00,11.699999999999998
26-06 00:00,7.0
26-06 01:00,3.800000000000002
26-06 02:00,0.4
26-06 03:00,0.4
26-06 04:00,3.800000000000002
26-06 05:00,11.199999999999998
26-06 06:00,30.0
26-06 07:00,28.49999999999999
26-06 08:00,29.299999999999997
26-06 09:00,21.2
26-06 10:00,19.600000000000012
26-06 11:00,17.900000000000006
26-06 12:00,15.600000000000001
26-06 13:00,15.1
26-06 14:00,13.7
26-06 15:00,14.399999999999997
26-06 16:00,14.399999999999997
26-06 17:00,19.800000000000015
26-06 18:00,24.5
26-06 19:00,30.0
26-06 20:00,31.7
26-06 21:00,30.2
26-06 22:00,17.900000000000006
26-06 23:00,10.1
27-06 00:00,6.699999999999998
27-06 01:00,3.800000000000002
27-06 02:00,0.4
27-06 03:00,0.4
27-06 04:00,3.900000000000002
27-06 05:00,10.4
27-06 06:00,31.0
27-06 07:00,30.2
27-06 08:00,27.399999999999988
27-06 09:00,21.999999999999996
27-06 10:00,18.900000000000013
27-06 11:00,17.100000000000005
27-06 12:00,18.70000000000001
27-06 13:00,16.900000000000002
27-06 14:00,14.6
27-06 15:00,15.1
27-06 16:00,15.700000000000001
27-06 17:00,20.600000000000005
27-06 18:00,23.9
27-06 19:00,30.1
27-06 20:00,32.2
27-06 21:00,29.8
27-06 22:00,16.300000000000004
27-06 23:00,10.7
28-06 00:00,6.099999999999999
28-06 01:00,3.4000000000000017
28-06 02:00,0.4
28-06 03:00,0.4
28-06 04:00,3.4000000000000017
28-06 05:00,10.899999999999999
28-06 06:00,32.6
28-06 07:00,29.399999999999995
28-06 08:00,28.099999999999987
28-06 09:00,22.4
28-06 10:00,18.80000000000001
28-06 11:00,17.6
28-06 12:00,16.300000000000004
28-06 13:00,16.600000000000005
28-06 14:00,13.5
28-06 15:00,14.399999999999997
28-06 16:00,16.100000000000005
28-06 17:00,20.000000000000014
28-06 18:00,22.4
28-06 19:00,30.500000000000004
28-06 20:00,32.6
28-06 21:00,29.099999999999994
28-06 22:00,16.900000000000002
28-06 23:00,10.4
29-06 00:00,6.399999999999999
29-06 01:00,3.800000000000002
29-06 02:00,0.4
29-06 03:00,0.4
29-06 04:00,3.800000000000002
29-06 05:00,11.299999999999997
29-06 06:00,30.0
29-06 07:00,30.700000000000003
29-06 08:00,25.999999999999996
29-06 09:00,22.4
29-06 10:00,19.30000000000001
29-06 11:00,18.300000000000008
29-06 12:00,16.200000000000003
29-06 13:00,16.200000000000003
29-06 14:00,15.700000000000001
29-06 15:00,14.899999999999999
29-06 16:00,15.1
29-06 17:00,20.40000000000001
29-06 18:00,23.5
29-06 19:00,28.999999999999993
29-06 20:00,31.4
29-06 21:00,31.7
29-06 22:00,17.800000000000004
29-06 23:00,10.1
30-06 00:00,7.1
30-06 01:00,4.200000000000001
30-06 02:00,2.300000000000001
30-06 03:00,7.3999999999999995
30-06 04:00,9.499999999999996
30-06 05:00,2.4000000000000012
30-06 06:00,12.499999999999993
30-06 07:00,22.80000000000001
30-06 08:00,18.800000000000008
30-06 09:00,34.80000000000001
30-06 10:00,34.90000000000001
30-06 11:00,39.80000000000004
30-06 12:00,34.90000000000001
30-06 13:00,25.599999999999998
30-06 14:00,24.099999999999998
30-06 15:00,20.800000000000015
30-06 16:00,19.800000000000015
30-06 17:00,22.5
30-06 18:00,25.1
30-06 19:00,27.3
30-06 20:00,26.000000000000007
30-06 21:00,23.700000000000003
30-06 22:00,15.2
30-06 23:00,11.199999999999998
01-07 00:00,8.1
01-07 01:00,4.7
01-07 02:00,2.300000000000001
01-07 03:00,0.4
01-07 04:00,1.9000000000000006
01-07 05:00,2.4000000000000012
01-07 06:00,3.1000000000000014
01-07 07:00,6.299999999999999
01-07 08:00,17.900000000000006
01-07 09:00,35.20000000000001
01-07 10:00,37.100000000000016
01-07 11:00,38.40000000000003
01-07 12:00,31.900000000000002
01-07 13:00,26.39999999999999
01-07 14:00,20.800000000000004
01-07 15:00,18.80000000000001
01-07 16:00,18.70000000000001
01-07 17:00,20.600000000000005
01-07 18:00,24.099999999999998
01-07 19:00,24.3
01-07 20:00,23.5
01-07 21:00,19.800000000000015
01-07 22:00,15.0
01-07 23:00,10.899999999999999
02-07 00:00,6.599999999999998
02-07 01:00,12.09999999999999
02-07 02:00,16.5
02-07 03:00,16.0
02-07 04:00,19.40000000000001
02-07 05:00,21.999999999999996
02-07 06:00,36.100000000000016
02-07 07:00,36.80000000000002
02-07 08:00,30.1
02-07 09:00,27.900000000000006
02-07 10:00,21.900000000000016
02-07 11:00,21.400000000000013
02-07 12:00,21.400000000000013
02-07 13:00,20.10000000000001
02-07 14:00,18.099999999999998
02-07 15:00,17.7
02-07 16:00,19.60000000000001
02-07 17:00,24.300000000000015
02-07 18:00,28.800000000000008
02-07 19:00,32.900000000000006
02-07 20:00,35.90000000000001
02-07 21:00,34.600000000000016
02-07 22:00,23.600000000000005
02-07 23:00,26.200000000000003
03-07 00:00,27.800000000000004
03-07 01:00,34.90000000000003
03-07 02:00,37.1
03-07 03:00,39.19999999999999
03-07 04:00,41.300000000000026
03-07 05:00,37.6
03-07 06:00,56.00000000000001
03-07 07:00,46.70000000000001
03-07 08:00,39.1
03-07 09:00,34.79999999999999
03-07 10:00,28.000000000000004
03-07 11:00,26.500000000000007
03-07 12:00,25.900000000000006
03-07 13:00,23.10000000000001
03-07 14:00,21.800000000000008
03-07 15:00,23.600000000000005
03-07 16:00,24.800000000000008
03-07 17:00,31.399999999999995
03-07 18:00,32.39999999999999
03-07 19:00,42.20000000000002
03-07 20:00,43.50000000000001
03-07 21:00,39.2
03-07 22:00,19.20000000000001
03-07 23:00,11.499999999999995
04-07 00:00,6.699999999999998
04-07 01:00,3.800000000000002
04-07 02:00,7.699999999999999
04-07 03:00,13.700000000000001
04-07 04:00,11.499999999999991
04-07 05:00,10.399999999999999
04-07 06:00,31.70000000000001
04-07 07:00,33.10000000000001
04-07 08:00,28.19999999999999
04-07 09:00,21.3
04-07 10:00,20.00000000000001
04-07 11:00,18.700000000000006
04-07 12:00,17.000000000000004
04-07 13:00,16.000000000000004
04-07 14:00,15.199999999999998
04-07 15:00,14.799999999999997
04-07 16:00,16.0
04-07 17:00,21.000000000000004
04-07 18:00,23.399999999999995
04-07 19:00,33.20000000000002
04-07 20:00,32.500000000000014
04-07 21:00,32.70000000000001
04-07 22:00,16.900000000000002
04-07 23:00,10.5
05-07 00:00,12.499999999999984
05-07 01:00,3.800000000000002
05-07 02:00,0.4
05-07 03:00,15.100000000000003
05-07 04:00,17.700000000000003
05-07 05:00,11.999999999999995
05-07 06:00,31.500000000000007
05-07 07:00,33.70000000000002
05-07 08:00,27.299999999999997
05-07 09:00,24.400000000000002
05-07 10:00,21.900000000000002
05-07 11:00,19.600000000000012
05-07 12:00,19.000000000000007
05-07 13:00,15.599999999999998
05-07 14:00,15.299999999999997
05-07 15:00,15.599999999999996
05-07 16:00,17.900000000000002
05-07 17:00,20.200000000000014
05-07 18:00,25.400000000000006
05-07 19:00,31.000000000000004
05-07 20:00,34.600000000000016
05-07 21:00,33.40000000000002
05-07 22:00,16.300000000000004
05-07 23:00,10.2
06-07 00:00,6.599999999999999
06-07 01:00,3.800000000000002
06-07 02:00,7.3
06-07 03:00,0.4
06-07 04:00,3.800000000000002
06-07 05:00,10.999999999999998
06-07 06:00,31.599999999999998
06-07 07:00,30.9
06-07 08:00,27.799999999999986
06-07 09:00,21.999999999999996
06-07 10:00,18.300000000000008
06-07 11:00,18.400000000000006
06-07 12:00,17.700000000000006
06-07 13:00,15.4
06-07 14:00,14.899999999999999
06-07 15:00,14.499999999999998
06-07 16:00,15.700000000000001
06-07 17:00,20.800000000000004
06-07 18:00,24.5
06-07 19:00,30.1
06-07 20:00,31.4
06-07 21:00,30.1
06-07 22:00,18.70000000000001
06-07 23:00,10.2
07-07 00:00,7.3
07-07 01:00,4.5
07-07 02:00,2.4000000000000012
07-07 03:00,0.4
07-07 04:00,1.9000000000000006
07-07 05:00,1.9000000000000006
07-07 06:00,2.8000000000000016
07-07 07:00,6.099999999999999
07-07 08:00,18.80000000000001
07-07 09:00,32.6
07-07 10:00,36.90000000000001
07-07 11:00,36.500000000000014
07-07 12:00,31.0
07-07 13:00,25.499999999999996
07-07 14:00,23.5
07-07 15:00,20.800000000000004
07-07 16:00,19.700000000000014
07-07 17:00,20.40000000000001
07-07 18:00,24.099999999999998
07-07 19:00,24.5
07-07 20:00,24.3
07-07 21:00,19.30000000000001
07-07 22:00,15.600000000000001
07-07 23:00,11.199999999999998
08-07 00:00,7.2
08-07 01:00,4.6
08-07 02:00,2.100000000000001
08-07 03:00,0.4
08-07 04:00,1.9000000000000006
08-07 05:00,2.300000000000001
08-07 06:00,2.9000000000000012
08-07 07:00,6.599999999999999
08-07 08:00,16.800000000000004
08-07 09:00,32.00000000000001
08-07 10:00,33.50000000000001
08-07 11:00,36.70000000000001
08-07 12:00,30.8
08-07 13:00,25.099999999999998
08-07 14:00,23.5
08-07 15:00,19.100000000000012
08-07 16:00,18.500000000000007
08-07 17:00,22.4
08-07 18:00,23.9
08-07 19:00,24.9
08-07 20:00,25.2
08-07 21:00,20.100000000000016
08-07 22:00,14.799999999999999
08-07 23:00,10.4
09-07 00:00,7.0
09-07 01:00,3.800000000000002
09-07 02:00,0.4
09-07 03:00,0.4
09-07 04:00,3.800000000000002
09-07 05:00,10.799999999999999
09-07 06:00,30.3
09-07 07:00,32.5
09-07 08:00,27.099999999999987
09-07 09:00,22.4
09-07 10:00,19.000000000000014
09-07 11:00,18.000000000000004
09-07 12:00,16.600000000000005
09-07 13:00,16.700000000000003
09-07 14:00,15.1
09-07 15:00,14.799999999999999
09-07 16:00,16.200000000000003
09-07 17:00,20.600000000000005
09-07 18:00,24.099999999999998
09-07 19:00,31.3
09-07 20:00,31.7
09-07 21:00,28.099999999999987
09-07 22:00,15.700000000000001
09-07 23:00,10.1
10-07 00:00,6.699999999999998
10-07 01:00,3.800000000000002
10-07 02:00,0.4
10-07 03:00,0.4
10-07 04:00,3.800000000000002
10-07 05:00,10.1
10-07 06:00,29.599999999999998
10-07 07:00,31.3
10-07 08:00,27.099999999999987
10-07 09:00,20.700000000000006
10-07 10:00,18.70000000000001
10-07 11:00,17.900000000000006
10-07 12:00,16.900000000000002
10-07 13:00,15.700000000000001
10-07 14:00,14.6
10-07 15:00,13.6
10-07 16:00,16.200000000000003
10-07 17:00,20.700000000000006
10-07 18:00,22.9
10-07 19:00,29.299999999999997
10-07 20:00,31.7
10-07 21:00,30.500000000000004
10-07 22:00,18.80000000000001
10-07 23:00,9.9
11-07 00:00,7.2
11-07 01:00,3.800000000000002
11-07 02:00,0.4
11-07 03:00,0.4
11-07 04:00,3.1000000000000014
11-07 05:00,10.299999999999999
11-07 06:00,31.3
11-07 07:00,29.599999999999998
11-07 08:00,25.499999999999996
11-07 09:00,22.4
11-07 10:00,20.100000000000016
11-07 11:00,18.000000000000004
11-07 12:00,17.100000000000005
11-07 13:00,14.899999999999999
11-07 14:00,14.399999999999997
11-07 15:00,14.199999999999998
11-07 16:00,15.1
11-07 17:00,19.600000000000012
11-07 18:00,24.099999999999998
11-07 19:00,30.700000000000003
11-07 20:00,30.2
11-07 21:00,30.700000000000003
11-07 22:00,17.300000000000004
11-07 23:00,10.899999999999999
12-07 00:00,7.300000000000001
12-07 01:00,3.900000000000002
12-07 02:00,0.5
12-07 03:00,0.6
12-07 04:00,4.6
12-07 05:00,14.199999999999989
12-07 06:00,41.400000000000006
12-07 07:00,36.100000000000016
12-07 08:00,31.0
12-07 09:00,26.200000000000003
12-07 10:00,23.800000000000015
12-07 11:00,22.300000000000008
12-07 12:00,20.70000000000001
12-07 13:00,19.50000000000001
12-07 14:00,18.2
12-07 15:00,18.3
12-07 16:00,22.600000000000005
12-07 17:00,26.1
12-07 18:00,26.700000000000003
12-07 19:00,36.40000000000002
12-07 20:00,45.70000000000002
12-07 21:00,53.80000000000001
12-07 22:00,45.49999999999999
12-07 23:00,43.70000000000004
13-07 00:00,43.10000000000002
13-07 01:00,47.700000000000024
13-07 02:00,52.39999999999999
13-07 03:00,54.3
13-07 04:00,65.00000000000003
13-07 05:00,68.89999999999999
13-07 06:00,77.70000000000003
13-07 07:00,55.40000000000001
13-07 08:00,43.499999999999986
13-07 09:00,38.99999999999999
13-07 10:00,35.199999999999996
13-07 11:00,34.39999999999999
13-07 12:00,31.90000000000002
13-07 13:00,31.70000000000001
13-07 14:00,28.10000000000001
13-07 15:00,29.00000000000001
13-07 16:00,30.40000000000001
13-07 17:00,36.79999999999999
13-07 18:00,40.49999999999999
13-07 19:00,49.30000000000002
13-07 20:00,50.90000000000001
13-07 21:00,60.00000000000003
13-07 22:00,41.40000000000001
13-07 23:00,35.00000000000001
14-07 00:00,29.399999999999995
14-07 01:00,24.70000000000001
14-07 02:00,18.000000000000004
14-07 03:00,15.500000000000002
14-07 04:00,18.800000000000008
14-07 05:00,14.799999999999995
14-07 06:00,12.699999999999992
14-07 07:00,15.299999999999986
14-07 08:00,24.600000000000005
14-07 09:00,38.40000000000003
14-07 10:00,42.50000000000005
14-07 11:00,42.700000000000045
14-07 12:00,35.80000000000002
14-07 13:00,32.9
14-07 14:00,29.000000000000004
14-07 15:00,24.50000000000001
14-07 16:00,23.900000000000013
14-07 17:00,26.799999999999997
14-07 18:00,30.999999999999996
14-07 19:00,32.400000000000006
14-07 20:00,32.400000000000006
14-07 21:00,29.099999999999998
14-07 22:00,23.8
14-07 23:00,32.900000000000006
15-07 00:00,29.799999999999994
15-07 01:00,25.70000000000001
15-07 02:00,24.6
15-07 03:00,30.800000000000004
15-07 04:00,33.20000000000002
15-07 05:00,25.4
15-07 06:00,30.800000000000015
15-07 07:00,25.599999999999998
15-07 08:00,28.099999999999994
15-07 09:00,44.50000000000003
15-07 10:00,44.400000000000034
15-07 11:00,42.30000000000002
15-07 12:00,40.7
15-07 13:00,34.2
15-07 14:00,29.7
15-07 15:00,27.20000000000001
15-07 16:00,26.50000000000001
15-07 17:00,28.70000000000001
15-07 18:00,35.99999999999999
15-07 19:00,36.09999999999999
15-07 20:00,35.5
15-07 21:00,29.499999999999996
15-07 22:00,18.500000000000004
15-07 23:00,12.799999999999992
16-07 00:00,7.2
16-07 01:00,3.800000000000002
16-07 02:00,0.4
16-07 03:00,0.4
16-07 04:00,3.800000000000002
16-07 05:00,11.799999999999997
16-07 06:00,31.0
16-07 07:00,31.0
16-07 08:00,27.399999999999988
16-07 09:00,21.999999999999996
16-07 10:00,20.100000000000016
16-07 11:00,19.000000000000014
16-07 12:00,17.6
16-07 13:00,16.600000000000005
16-07 14:00,16.300000000000004
16-07 15:00,15.0
16-07 16:00,15.4
16-07 17:00,20.800000000000004
16-07 18:00,24.3
16-07 19:00,28.999999999999993
16-07 20:00,31.3
16-07 21:00,28.399999999999988
16-07 22:00,16.300000000000004
16-07 23:00,10.799999999999999
17-07 00:00,7.3
17-07 01:00,3.700000000000002
17-07 02:00,0.4
17-07 03:00,0.4
17-07 04:00,3.5000000000000018
17-07 05:00,11.699999999999998
17-07 06:00,30.1
17-07 07:00,29.299999999999997
17-07 08:00,28.099999999999987
17-07 09:00,24.2
17-07 10:00,19.900000000000013
17-07 11:00,18.000000000000004
17-07 12:00,15.4
17-07 13:00,15.0
17-07 14:00,14.899999999999999
17-07 15:00,13.5
17-07 16:00,16.900000000000002
17-07 17:00,21.3
17-07 18:00,24.7
17-07 19:00,29.599999999999998
17-07 20:00,32.6
17-07 21:00,30.700000000000003
17-07 22:00,18.300000000000008
17-07 23:00,9.9
18-07 00:00,13.79999999999999
18-07 01:00,3.5000000000000018
18-07 02:00,15.8
18-07 03:00,22.8
18-07 04:00,30.900000000000016
18-07 05:00,21.199999999999996
18-07 06:00,35.70000000000002
18-07 07:00,36.90000000000002
18-07 08:00,32.599999999999994
18-07 09:00,23.600000000000023
18-07 10:00,22.400000000000016
18-07 11:00,21.800000000000015
18-07 12:00,21.000000000000014
18-07 13:00,20.600000000000012
18-07 14:00,16.699999999999996
18-07 15:00,17.499999999999996
18-07 16:00,19.200000000000006
18-07 17:00,25.300000000000008
18-07 18:00,25.200000000000006
18-07 19:00,34.20000000000002
18-07 20:00,35.300000000000026
18-07 21:00,36.20000000000002
18-07 22:00,17.100000000000005
18-07 23:00,11.099999999999998
19-07 00:00,6.099999999999999
19-07 01:00,3.800000000000002
19-07 02:00,0.4
19-07 03:00,0.4
19-07 04:00,3.800000000000002
19-07 05:00,11.199999999999998
19-07 06:00,31.5
19-07 07:00,28.49999999999999
19-07 08:00,26.799999999999986
19-07 09:00,23.5
19-07 10:00,18.70000000000001
19-07 11:00,17.900000000000006
19-07 12:00,17.100000000000005
19-07 13:00,15.1
19-07 14:00,14.1
19-07 15:00,15.0
19-07 16:00,15.1
19-07 17:00,20.600000000000005
19-07 18:00,21.999999999999996
19-07 19:00,29.299999999999997
19-07 20:00,30.3
19-07 21:00,31.5
19-07 22:00,16.900000000000002
19-07 23:00,11.599999999999998
20-07 00:00,6.699999999999998
20-07 01:00,3.800000000000002
20-07 02:00,0.4
20-07 03:00,0.4
20-07 04:00,3.800000000000002
20-07 05:00,11.199999999999998
20-07 06:00,29.299999999999997
20-07 07:00,31.599999999999998
20-07 08:00,27.69999999999999
20-07 09:00,22.4
20-07 10:00,18.80000000000001
20-07 11:00,19.400000000000013
20-07 12:00,18.300000000000008
20-07 13:00,15.700000000000001
20-07 14:00,14.399999999999997
20-07 15:00,15.0
20-07 16:00,15.600000000000001
20-07 17:00,18.80000000000001
20-07 18:00,22.4
20-07 19:00,31.3
20-07 20:00,30.700000000000003
20-07 21:00,30.8
20-07 22:00,16.900000000000002
20-07 23:00,10.7
21-07 00:00,6.699999999999998
21-07 01:00,5.000000000000001
21-07 02:00,9.999999999999996
21-07 03:00,14.200000000000001
21-07 04:00,23.900000000000002
21-07 05:00,16.9
21-07 06:00,7.299999999999995
21-07 07:00,11.099999999999989
21-07 08:00,20.400000000000013
21-07 09:00,36.00000000000002
21-07 10:00,38.80000000000004
21-07 11:00,41.200000000000045
21-07 12:00,32.100000000000016
21-07 13:00,27.3
21-07 14:00,25.600000000000005
21-07 15:00,22.400000000000013
21-07 16:00,22.700000000000014
21-07 17:00,24.40000000000001
21-07 18:00,27.200000000000017
21-07 19:00,30.5
21-07 20:00,28.70000000000001
21-07 21:00,22.30000000000002
21-07 22:00,15.099999999999998
21-07 23:00,10.399999999999999
22-07 00:00,8.299999999999999
22-07 01:00,5.000000000000001
22-07 02:00,2.200000000000001
22-07 03:00,0.4
22-07 04:00,1.9000000000000006
22-07 05:00,2.200000000000001
22-07 06:00,3.1000000000000014
22-07 07:00,6.699999999999998
22-07 08:00,17.900000000000006
22-07 09:00,33.1
22-07 10:00,34.50000000000001
22-07 11:00,34.70000000000001
22-07 12:00,31.0
22-07 13:00,25.499999999999996
22-07 14:00,22.4
22-07 15:00,19.800000000000015
22-07 16:00,18.300000000000008
22-07 17:00,22.4
22-07 18:00,23.9
22-07 19:00,25.499999999999996
22-07 20:00,24.5
22-07 21:00,20.500000000000007
22-07 22:00,15.500000000000002
22-07 23:00,10.799999999999999
23-07 00:00,6.299999999999999
23-07 01:00,3.700000000000002
23-07 02:00,0.4
23-07 03:00,0.4
23-07 04:00,10.699999999999989
23-07 05:00,10.999999999999998
23-07 06:00,33.400000000000006
23-07 07:00,30.8
23-07 08:00,25.599999999999994
23-07 09:00,22.099999999999998
23-07 10:00,19.50000000000001
23-07 11:00,19.000000000000014
23-07 12:00,16.300000000000004
23-07 13:00,14.899999999999999
23-07 14:00,15.8
23-07 15:00,14.399999999999997
23-07 16:00,16.300000000000004
23-07 17:00,22.099999999999998
23-07 18:00,22.099999999999998
23-07 19:00,30.6
23-07 20:00,31.599999999999998
23-07 21:00,30.700000000000003
23-07 22:00,16.900000000000002
23-07 23:00,10.299999999999999
24-07 00:00,6.799999999999999
24-07 01:00,3.900000000000002
24-07 02:00,8.699999999999998
24-07 03:00,8.499999999999998
24-07 04:00,12.999999999999991
24-07 05:00,20.799999999999997
24-07 06:00,40.500000000000014
24-07 07:00,42.100000000000016
24-07 08:00,31.100000000000005
24-07 09:00,25.80000000000001
24-07 10:00,22.700000000000017
24-07 11:00,22.100000000000016
24-07 12:00,19.300000000000008
24-07 13:00,21.400000000000013
24-07 14:00,17.599999999999998
24-07 15:00,17.499999999999996
24-07 16:00,17.599999999999998
24-07 17:00,25.100000000000012
24-07 18:00,28.40000000000001
24-07 19:00,32.70000000000002
24-07 20:00,35.40000000000002
24-07 21:00,41.900000000000006
24-07 22:00,23.70000000000001
24-07 23:00,18.699999999999996
25-07 00:00,6.199999999999998
25-07 01:00,3.600000000000002
25-07 02:00,7.599999999999999
25-07 03:00,7.699999999999999
25-07 04:00,12.999999999999991
25-07 05:00,19.199999999999992
25-07 06:00,40.600000000000016
25-07 07:00,42.60000000000001
25-07 08:00,30.0
25-07 09:00,31.499999999999996
25-07 10:00,20.100000000000012
25-07 11:00,19.70000000000001
25-07 12:00,17.2
25-07 13:00,17.900000000000002
25-07 14:00,16.499999999999996
25-07 15:00,15.799999999999994
25-07 16:00,16.499999999999996
25-07 17:00,22.500000000000014
25-07 18:00,26.70000000000001
25-07 19:00,34.00000000000003
25-07 20:00,33.90000000000002
25-07 21:00,30.800000000000004
25-07 22:00,18.700000000000006
25-07 23:00,10.899999999999999
26-07 00:00,6.099999999999999
26-07 01:00,3.800000000000002
26-07 02:00,0.4
26-07 03:00,0.4
26-07 04:00,3.800000000000002
26-07 05:00,11.699999999999998
26-07 06:00,30.6
26-07 07:00,30.700000000000003
26-07 08:00,27.399999999999988
26-07 09:00,22.8
26-07 10:00,18.80000000000001
26-07 11:00,18.80000000000001
26-07 12:00,18.500000000000007
26-07 13:00,16.600000000000005
26-07 14:00,15.700000000000001
26-07 15:00,14.399999999999997
26-07 16:00,14.1
26-07 17:00,19.700000000000014
26-07 18:00,22.4
26-07 19:00,31.0
26-07 20:00,31.7
26-07 21:00,31.3
26-07 22:00,16.900000000000002
26-07 23:00,11.199999999999998
27-07 00:00,6.499999999999998
27-07 01:00,3.800000000000002
27-07 02:00,0.4
27-07 03:00,0.4
27-07 04:00,3.700000000000002
27-07 05:00,11.199999999999998
27-07 06:00,30.700000000000003
27-07 07:00,31.3
27-07 08:00,27.399999999999988
27-07 09:00,24.099999999999998
27-07 10:00,19.30000000000001
27-07 11:00,18.500000000000007
27-07 12:00,17.100000000000005
27-07 13:00,15.1
27-07 14:00,15.1
27-07 15:00,13.6
27-07 16:00,14.899999999999999
27-07 17:00,19.400000000000013
27-07 18:00,23.5
27-07 19:00,29.399999999999995
27-07 20:00,32.6
27-07 21:00,30.700000000000003
27-07 22:00,16.700000000000003
27-07 23:00,10.799999999999999
28-07 00:00,7.300000000000001
28-07 01:00,12.19999999999999
28-07 02:00,16.5
28-07 03:00,23.099999999999998
28-07 04:00,24.900000000000002
28-07 05:00,19.600000000000012
28-07 06:00,7.599999999999995
28-07 07:00,11.499999999999988
28-07 08:00,21.400000000000006
28-07 09:00,39.60000000000004
28-07 10:00,38.200000000000045
28-07 11:00,41.300000000000054
28-07 12:00,35.30000000000003
28-07 13:00,31.10000000000001
28-07 14:00,25.70000000000001
28-07 15:00,23.50000000000002
28-07 16:00,21.30000000000001
28-07 17:00,26.50000000000001
28-07 18:00,28.800000000000008
28-07 19:00,30.1
28-07 20:00,30.3
28-07 21:00,23.600000000000016
28-07 22:00,16.700000000000003
28-07 23:00,10.799999999999999
29-07 00:00,7.3
29-07 01:00,4.900000000000001
29-07 02:00,2.300000000000001
29-07 03:00,0.4
29-07 04:00,1.9000000000000006
29-07 05:00,1.9000000000000006
29-07 06:00,2.9000000000000012
29-07 07:00,6.099999999999999
29-07 08:00,16.900000000000002
29-07 09:00,34.70000000000001
29-07 10:00,36.90000000000001
29-07 11:00,36.500000000000014
29-07 12:00,32.6
29-07 13:00,24.5
29-07 14:00,22.4
29-07 15:00,18.80000000000001
29-07 16:00,20.600000000000005
29-07 17:00,22.199999999999996
29-07 18:00,24.3
29-07 19:00,25.699999999999996
29-07 20:00,25.499999999999996
29-07 21:00,19.400000000000013
29-07 22:00,15.900000000000004
29-07 23:00,10.299999999999999
30-07 00:00,6.399999999999999
30-07 01:00,3.800000000000002
30-07 02:00,0.4
30-07 03:00,0.4
30-07 04:00,3.800000000000002
30-07 05:00,10.7
30-07 06:00,29.8
30-07 07:00,30.400000000000002
30-07 08:00,27.59999999999999
30-07 09:00,22.299999999999997
30-07 10:00,19.000000000000014
30-07 11:00,17.900000000000006
30-07 12:00,16.600000000000005
30-07 13:00,15.800000000000002
30-07 14:00,15.1
30-07 15:00,13.7
30-07 16:00,14.799999999999999
30-07 17:00,21.999999999999996
30-07 18:00,24.099999999999998
30-07 19:00,30.2
30-07 20:00,31.599999999999998
30-07 21:00,31.2
30-07 22:00,18.200000000000003
30-07 23:00,10.899999999999999
31-07 00:00,7.0
31-07 01:00,3.800000000000002
31-07 02:00,0.4
31-07 03:00,0.4
31-07 04:00,3.800000000000002
31-07 05:00,10.899999999999999
31-07 06:00,31.0
31-07 07:00,30.0
31-07 08:00,27.399999999999988
31-07 09:00,24.099999999999998
31-07 10:00,18.80000000000001
31-07 11:00,17.900000000000006
31-07 12:00,16.900000000000002
31-07 13:00,15.4
31-07 14:00,15.1
31-07 15:00,15.1
31-07 16:00,15.700000000000001
31-07 17:00,21.2
31-07 18:00,22.499999999999996
31-07 19:00,31.599999999999998
31-07 20:00,31.5
31-07 21:00,33.300000000000004
31-07 22:00,16.600000000000005
31-07 23:00,10.299999999999999
01-08 00:00,7.2
01-08 01:00,3.800000000000002
01-08 02:00,0.5
01-08 03:00,0.5
01-08 04:00,3.900000000000002
01-08 05:00,12.299999999999995
01-08 06:00,34.700000000000024
01-08 07:00,35.200000000000024
01-08 08:00,30.0
01-08 09:00,22.800000000000004
01-08 10:00,23.30000000000001
01-08 11:00,20.900000000000013
01-08 12:00,18.500000000000004
01-08 13:00,16.999999999999996
01-08 14:00,15.899999999999995
01-08 15:00,16.599999999999998
01-08 16:00,18.700000000000003
01-08 17:00,23.600000000000005
01-08 18:00,26.80000000000001
01-08 19:00,34.10000000000002
01-08 20:00,43.70000000000002
01-08 21:00,47.50000000000001
01-08 22:00,24.900000000000013
01-08 23:00,32.900000000000006
02-08 00:00,27.500000000000004
02-08 01:00,32.700000000000024
02-08 02:00,31.800000000000008
02-08 03:00,32.20000000000001
02-08 04:00,35.20000000000003
02-08 05:00,38.300000000000004
02-08 06:00,49.40000000000001
02-08 07:00,40.90000000000002
02-08 08:00,34.300000000000004
02-08 09:00,31.799999999999997
02-08 10:00,27.70000000000001
02-08 11:00,28.000000000000007
02-08 12:00,24.500000000000004
02-08 13:00,22.900000000000006
02-08 14:00,21.4
02-08 15:00,23.000000000000007
02-08 16:00,22.100000000000005
02-08 17:00,29.0
02-08 18:00,30.299999999999997
02-08 19:00,38.70000000000001
02-08 20:00,41.10000000000001
02-08 21:00,40.40000000000001
02-08 22:00,21.400000000000016
02-08 23:00,11.199999999999994
03-08 00:00,6.099999999999999
03-08 01:00,3.800000000000002
03-08 02:00,0.4
03-08 03:00,0.4
03-08 04:00,10.999999999999993
03-08 05:00,17.999999999999996
03-08 06:00,30.3
03-08 07:00,32.800000000000004
03-08 08:00,27.299999999999986
03-08 09:00,22.8
03-08 10:00,19.100000000000016
03-08 11:00,17.900000000000006
03-08 12:00,17.900000000000006
03-08 13:00,16.700000000000003
03-08 14:00,15.1
03-08 15:00,14.199999999999998
03-08 16:00,14.999999999999998
03-08 17:00,21.3
03-08 18:00,22.4
03-08 19:00,30.2
03-08 20:00,30.8
03-08 21:00,31.999999999999996
03-08 22:00,17.500000000000004
03-08 23:00,10.7
04-08 00:00,7.7
04-08 01:00,4.5
04-08 02:00,2.4000000000000012
04-08 03:00,0.4
04-08 04:00,1.9000000000000006
04-08 05:00,1.9000000000000006
04-08 06:00,2.8000000000000016
04-08 07:00,6.299999999999999
04-08 08:00,18.80000000000001
04-08 09:00,33.50000000000001
04-08 10:00,35.20000000000001
04-08 11:00,38.30000000000003
04-08 12:00,32.2
04-08 13:00,25.2
04-08 14:00,21.999999999999996
04-08 15:00,19.000000000000014
04-08 16:00,19.900000000000013
04-08 17:00,22.8
04-08 18:00,24.3
04-08 19:00,24.5
04-08 20:00,24.3
04-08 21:00,19.30000000000001
04-08 22:00,15.4
04-08 23:00,11.399999999999997
05-08 00:00,7.3
05-08 01:00,4.200000000000001
05-08 02:00,2.4000000000000012
05-08 03:00,0.4
05-08 04:00,2.100000000000001
05-08 05:00,2.4000000000000012
05-08 06:00,3.1000000000000014
05-08 07:00,6.299999999999999
05-08 08:00,17.100000000000005
05-08 09:00,32.00000000000001
05-08 10:00,35.90000000000001
05-08 11:00,35.10000000000001
05-08 12:00,31.3
05-08 13:00,24.099999999999998
05-08 14:00,24.099999999999998
05-08 15:00,19.000000000000014
05-08 16:00,19.600000000000012
05-08 17:00,21.3
05-08 18:00,24.3
05-08 19:00,24.099999999999998
05-08 20:00,24.9
05-08 21:00,19.900000000000013
05-08 22:00,17.400000000000002
05-08 23:00,10.299999999999999
06-08 00:00,13.399999999999988
06-08 01:00,17.800000000000004
06-08 02:00,14.200000000000001
06-08 03:00,15.000000000000004
06-08 04:00,27.00000000000001
06-08 05:00,28.8
06-08 06:00,46.499999999999986
06-08 07:00,37.90000000000001
06-08 08:00,30.9
06-08 09:00,27.000000000000004
06-08 10:00,24.000000000000014
06-08 11:00,22.60000000000001
06-08 12:00,23.00000000000001
06-08 13:00,21.100000000000012
06-08 14:00,18.0
06-08 15:00,18.099999999999998
06-08 16:00,18.8
06-08 17:00,25.200000000000006
06-08 18:00,28.700000000000006
06-08 19:00,36.700000000000024
06-08 20:00,35.90000000000002
06-08 21:00,36.30000000000002
06-08 22:00,17.200000000000003
06-08 23:00,11.499999999999996
07-08 00:00,15.599999999999989
07-08 01:00,25.70000000000001
07-08 02:00,15.500000000000002
07-08 03:00,22.0
07-08 04:00,18.200000000000006
07-08 05:00,32.99999999999999
07-08 06:00,39.60000000000001
07-08 07:00,39.400000000000006
07-08 08:00,34.39999999999999
07-08 09:00,27.400000000000002
07-08 10:00,24.60000000000001
07-08 11:00,21.900000000000013
07-08 12:00,23.900000000000013
07-08 13:00,21.100000000000005
07-08 14:00,21.600000000000005
07-08 15:00,19.099999999999994
07-08 16:00,19.8
07-08 17:00,26.200000000000003
07-08 18:00,29.000000000000004
07-08 19:00,39.00000000000001
07-08 20:00,38.000000000000014
07-08 21:00,34.900000000000006
07-08 22:00,25.50000000000001
07-08 23:00,25.100000000000012
08-08 00:00,21.800000000000004
08-08 01:00,18.300000000000008
08-08 02:00,16.1
08-08 03:00,28.8
08-08 04:00,42.600000000000016
08-08 05:00,39.50000000000001
08-08 06:00,40.30000000000001
08-08 07:00,41.00000000000001
08-08 08:00,33.09999999999999
08-08 09:00,28.2
08-08 10:00,26.9
08-08 11:00,23.70000000000001
08-08 12:00,23.300000000000008
08-08 13:00,21.800000000000004
08-08 14:00,20.2
08-08 15:00,20.1
08-08 16:00,21.100000000000005
08-08 17:00,26.599999999999998
08-08 18:00,29.9
08-08 19:00,36.3
08-08 20:00,43.40000000000003
08-08 21:00,37.900000000000006
08-08 22:00,18.600000000000005
08-08 23:00,11.199999999999998
09-08 00:00,7.2
09-08 01:00,3.800000000000002
09-08 02:00,0.4
09-08 03:00,0.4
09-08 04:00,4.100000000000001
09-08 05:00,11.799999999999997
09-08 06:00,32.800000000000004
09-08 07:00,31.4
09-08 08:00,28.199999999999985
09-08 09:00,24.2
09-08 10:00,20.600000000000005
09-08 11:00,18.000000000000004
09-08 12:00,17.700000000000006
09-08 13:00,15.2
09-08 14:00,16.300000000000004
09-08 15:00,14.6
09-08 16:00,17.200000000000003
09-08 17:00,20.100000000000012
09-08 18:00,24.3
09-08 19:00,28.89999999999999
09-08 20:00,33.4
09-08 21:00,32.800000000000004
09-08 22:00,24.100000000000012
09-08 23:00,16.19999999999999
10-08 00:00,22.10000000000001
10-08 01:00,19.30000000000001
10-08 02:00,9.700000000000001
10-08 03:00,16.5
10-08 04:00,37.40000000000004
10-08 05:00,43.00000000000002
10-08 06:00,49.79999999999999
10-08 07:00,55.70000000000001
10-08 08:00,40.90000000000002
10-08 09:00,33.199999999999996
10-08 10:00,30.099999999999998
10-08 11:00,28.999999999999996
10-08 12:00,26.500000000000007
10-08 13:00,28.1
10-08 14:00,24.200000000000006
10-08 15:00,24.999999999999996
10-08 16:00,28.60000000000001
10-08 17:00,30.7
10-08 18:00,37.0
10-08 19:00,53.699999999999996
10-08 20:00,59.00000000000002
10-08 21:00,74.2
10-08 22:00,48.100000000000016
10-08 23:00,56.10000000000001
11-08 00:00,45.10000000000002
11-08 01:00,43.500000000000014
11-08 02:00,34.80000000000002
11-08 03:00,30.500000000000004
11-08 04:00,38.30000000000001
11-08 05:00,52.40000000000002
11-08 06:00,64.10000000000004
11-08 07:00,74.40000000000003
11-08 08:00,66.1
11-08 09:00,70.50000000000001
11-08 10:00,58.90000000000003
11-08 11:00,66.00000000000004
11-08 12:00,55.1
11-08 13:00,43.19999999999999
11-08 14:00,46.49999999999998
11-08 15:00,44.19999999999999
11-08 16:00,46.0
11-08 17:00,49.1
11-08 18:00,71.00000000000004
11-08 19:00,86.60000000000004
11-08 20:00,102.4
11-08 21:00,96.70000000000002
11-08 22:00,68.09999999999998
11-08 23:00,56.900000000000006
12-08 00:00,48.70000000000001
12-08 01:00,57.40000000000003
12-08 02:00,59.10000000000001
12-08 03:00,65.1
12-08 04:00,67.10000000000001
12-08 05:00,80.59999999999998
12-08 06:00,89.89999999999995
12-08 07:00,79.00000000000001
12-08 08:00,60.19999999999999
12-08 09:00,62.30000000000005
12-08 10:00,62.000000000000036
12-08 11:00,63.20000000000005
12-08 12:00,64.20000000000005
12-08 13:00,53.30000000000001
12-08 14:00,46.0
12-08 15:00,51.30000000000003
12-08 16:00,51.600000000000016
12-08 17:00,64.49999999999999
12-08 18:00,68.20000000000002
12-08 19:00,73.90000000000002
12-08 20:00,72.80000000000003
12-08 21:00,67.6
12-08 22:00,36.4
12-08 23:00,30.199999999999996
13-08 00:00,14.29999999999999
13-08 01:00,10.79999999999999
13-08 02:00,0.4
13-08 03:00,0.4
13-08 04:00,3.900000000000002
13-08 05:00,11.399999999999997
13-08 06:00,32.9
13-08 07:00,34.0
13-08 08:00,27.799999999999986
13-08 09:00,22.0
13-08 10:00,21.5
13-08 11:00,19.100000000000016
13-08 12:00,16.800000000000004
13-08 13:00,16.500000000000004
13-08 14:00,15.2
13-08 15:00,15.5
13-08 16:00,17.000000000000004
13-08 17:00,21.7
13-08 18:00,22.499999999999996
13-08 19:00,31.799999999999997
13-08 20:00,31.799999999999997
13-08 21:00,30.6
13-08 22:00,17.500000000000004
13-08 23:00,10.2
14-08 00:00,6.499999999999998
14-08 01:00,3.800000000000002
14-08 02:00,0.4
14-08 03:00,0.4
14-08 04:00,3.800000000000002
14-08 05:00,10.899999999999999
14-08 06:00,31.7
14-08 07:00,30.6
14-08 08:00,26.799999999999986
14-08 09:00,21.999999999999996
14-08 10:00,18.80000000000001
14-08 11:00,18.300000000000008
14-08 12:00,16.700000000000003
14-08 13:00,17.400000000000002
14-08 14:00,16.200000000000003
14-08 15:00,15.1
14-08 16:00,15.600000000000001
14-08 17:00,21.999999999999996
14-08 18:00,24.5
14-08 19:00,31.5
14-08 20:00,31.7
14-08 21:00,30.700000000000003
14-08 22:00,16.700000000000003
14-08 23:00,11.199999999999998
15-08 00:00,22.1
15-08 01:00,3.900000000000002
15-08 02:00,8.199999999999998
15-08 03:00,15.200000000000003
15-08 04:00,19.50000000000001
15-08 05:00,29.299999999999994
15-08 06:00,37.100000000000016
15-08 07:00,36.90000000000001
15-08 08:00,32.7
15-08 09:00,27.000000000000004
15-08 10:00,24.500000000000014
15-08 11:00,21.300000000000015
15-08 12:00,21.600000000000012
15-08 13:00,20.00000000000001
15-08 14:00,20.60000000000001
15-08 15:00,18.7
15-08 16:00,21.70000000000001
15-08 17:00,23.700000000000014
15-08 18:00,28.600000000000005
15-08 19:00,34.10000000000001
15-08 20:00,40.60000000000003
15-08 21:00,42.600000000000016
15-08 22:00,25.70000000000001
15-08 23:00,26.3
16-08 00:00,21.000000000000007
16-08 01:00,26.80000000000001
16-08 02:00,23.89999999999999
16-08 03:00,22.999999999999996
16-08 04:00,33.200000000000024
16-08 05:00,36.00000000000001
16-08 06:00,43.90000000000001
16-08 07:00,42.500000000000014
16-08 08:00,33.400000000000006
16-08 09:00,32.900000000000006
16-08 10:00,28.40000000000001
16-08 11:00,27.700000000000006
16-08 12:00,26.300000000000015
16-08 13:00,25.300000000000008
16-08 14:00,21.7
16-08 15:00,22.40000000000001
16-08 16:00,22.70000000000001
16-08 17:00,29.400000000000002
16-08 18:00,31.299999999999997
16-08 19:00,44.00000000000002
16-08 20:00,44.300000000000026
16-08 21:00,48.4
16-08 22:00,34.49999999999999
16-08 23:00,32.7
17-08 00:00,36.800000000000026
17-08 01:00,39.60000000000002
17-08 02:00,29.799999999999997
17-08 03:00,29.799999999999997
17-08 04:00,42.70000000000002
17-08 05:00,51.89999999999999
17-08 06:00,52.9
17-08 07:00,43.80000000000001
17-08 08:00,40.00000000000001
17-08 09:00,32.999999999999986
17-08 10:00,29.8
17-08 11:00,26.60000000000001
17-08 12:00,26.90000000000001
17-08 13:00,25.10000000000001
17-08 14:00,23.3
17-08 15:00,24.10000000000001
17-08 16:00,26.900000000000002
17-08 17:00,31.999999999999986
17-08 18:00,33.09999999999999
17-08 19:00,41.20000000000002
17-08 20:00,43.900000000000006
17-08 21:00,45.50000000000002
17-08 22:00,22.400000000000016
17-08 23:00,20.699999999999996
18-08 00:00,23.500000000000004
18-08 01:00,26.500000000000014
18-08 02:00,32.80000000000002
18-08 03:00,34.90000000000001
18-08 04:00,33.30000000000002
18-08 05:00,47.900000000000006
18-08 06:00,16.699999999999996
18-08 07:00,18.39999999999999
18-08 08:00,27.999999999999996
18-08 09:00,44.70000000000003
18-08 10:00,46.40000000000004
18-08 11:00,48.10000000000002
18-08 12:00,39.00000000000001
18-08 13:00,36.3
18-08 14:00,32.6
18-08 15:00,28.500000000000007
18-08 16:00,27.100000000000012
18-08 17:00,33.60000000000001
18-08 18:00,33.60000000000001
18-08 19:00,37.499999999999986
18-08 20:00,34.8
18-08 21:00,33.49999999999999
18-08 22:00,17.399999999999995
18-08 23:00,27.0
19-08 00:00,14.89999999999999
19-08 01:00,26.100000000000016
19-08 02:00,17.5
19-08 03:00,8.699999999999998
19-08 04:00,16.6
19-08 05:00,27.299999999999997
19-08 06:00,10.999999999999993
19-08 07:00,13.099999999999985
19-08 08:00,23.100000000000005
19-08 09:00,36.50000000000002
19-08 10:00,42.60000000000005
19-08 11:00,39.70000000000004
19-08 12:00,36.200000000000024
19-08 13:00,29.700000000000006
19-08 14:00,26.300000000000008
19-08 15:00,24.200000000000014
19-08 16:00,24.100000000000016
19-08 17:00,27.3
19-08 18:00,29.1
19-08 19:00,30.700000000000003
19-08 20:00,30.1
19-08 21:00,26.100000000000005
19-08 22:00,16.5
19-08 23:00,10.7
20-08 00:00,19.700000000000003
20-08 01:00,18.90000000000001
20-08 02:00,16.0
20-08 03:00,13.900000000000002
20-08 04:00,28.10000000000001
20-08 05:00,28.999999999999996
20-08 06:00,35.400000000000006
20-08 07:00,37.70000000000002
20-08 08:00,30.4
20-08 09:00,27.000000000000004
20-08 10:00,23.400000000000013
20-08 11:00,23.600000000000016
20-08 12:00,23.30000000000001
20-08 13:00,22.200000000000006
20-08 14:00,18.5
20-08 15:00,19.100000000000005
20-08 16:00,21.300000000000004
20-08 17:00,24.500000000000014
20-08 18:00,27.100000000000005
20-08 19:00,34.20000000000001
20-08 20:00,36.80000000000002
20-08 21:00,36.600000000000016
20-08 22:00,19.500000000000014
20-08 23:00,10.399999999999999
21-08 00:00,6.399999999999999
21-08 01:00,3.800000000000002
21-08 02:00,0.4
21-08 03:00,0.4
21-08 04:00,4.100000000000001
21-08 05:00,10.7
21-08 06:00,29.8
21-08 07:00,31.0
21-08 08:00,26.39999999999999
21-08 09:00,21.5
21-08 10:00,20.100000000000016
21-08 11:00,19.800000000000015
21-08 12:00,17.300000000000004
21-08 13:00,15.900000000000004
21-08 14:00,15.600000000000001
21-08 15:00,14.6
21-08 16:00,16.200000000000003
21-08 17:00,21.999999999999996
21-08 18:00,24.5
21-08 19:00,29.499999999999996
21-08 20:00,31.599999999999998
21-08 21:00,30.3
21-08 22:00,17.900000000000006
21-08 23:00,11.699999999999998
22-08 00:00,7.0
22-08 01:00,11.199999999999992
22-08 02:00,0.4
22-08 03:00,0.4
22-08 04:00,3.800000000000002
22-08 05:00,11.599999999999998
22-08 06:00,29.699999999999996
22-08 07:00,31.599999999999998
22-08 08:00,25.699999999999996
22-08 09:00,22.7
22-08 10:00,20.000000000000014
22-08 11:00,19.000000000000014
22-08 12:00,17.400000000000002
22-08 13:00,16.300000000000004
22-08 14:00,15.1
22-08 15:00,14.199999999999998
22-08 16:00,17.600000000000005
22-08 17:00,20.000000000000014
22-08 18:00,24.400000000000002
22-08 19:00,29.9
22-08 20:00,32.0
22-08 21:00,32.300000000000004
22-08 22:00,17.300000000000004
22-08 23:00,11.299999999999997
23-08 00:00,6.799999999999999
23-08 01:00,3.900000000000002
23-08 02:00,8.499999999999998
23-08 03:00,16.1
23-08 04:00,19.300000000000008
23-08 05:00,20.2
23-08 06:00,34.10000000000003
23-08 07:00,36.60000000000003
23-08 08:00,31.500000000000007
23-08 09:00,26.300000000000008
23-08 10:00,20.900000000000013
23-08 11:00,20.900000000000013
23-08 12:00,18.100000000000005
23-08 13:00,19.000000000000007
23-08 14:00,16.299999999999997
23-08 15:00,16.099999999999994
23-08 16:00,18.200000000000003
23-08 17:00,22.100000000000005
23-08 18:00,25.900000000000006
23-08 19:00,33.40000000000002
23-08 20:00,36.30000000000002
23-08 21:00,33.70000000000002
23-08 22:00,16.700000000000003
23-08 23:00,11.299999999999997
24-08 00:00,14.99999999999999
24-08 01:00,12.09999999999999
24-08 02:00,16.3
24-08 03:00,21.9
24-08 04:00,19.40000000000001
24-08 05:00,15.199999999999987
24-08 06:00,35.300000000000026
24-08 07:00,35.90000000000002
24-08 08:00,29.800000000000004
24-08 09:00,27.600000000000016
24-08 10:00,21.700000000000014
24-08 11:00,19.70000000000001
24-08 12:00,20.60000000000001
24-08 13:00,19.500000000000007
24-08 14:00,16.999999999999996
24-08 15:00,19.20000000000001
24-08 16:00,17.599999999999998
24-08 17:00,23.10000000000002
24-08 18:00,28.000000000000014
24-08 19:00,35.50000000000003
24-08 20:00,34.90000000000003
24-08 21:00,37.10000000000002
24-08 22:00,18.700000000000006
24-08 23:00,10.399999999999999
25-08 00:00,7.3
25-08 01:00,4.900000000000001
25-08 02:00,2.7000000000000015
25-08 03:00,7.3
25-08 04:00,1.7000000000000004
25-08 05:00,2.0000000000000004
25-08 06:00,2.8000000000000016
25-08 07:00,6.199999999999998
25-08 08:00,18.500000000000007
25-08 09:00,33.400000000000006
25-08 10:00,38.00000000000003
25-08 11:00,40.60000000000001
25-08 12:00,31.5
25-08 13:00,27.399999999999988
25-08 14:00,22.7
25-08 15:00,19.900000000000016
25-08 16:00,20.900000000000002
25-08 17:00,22.499999999999996
25-08 18:00,24.5
25-08 19:00,27.49999999999999
25-08 20:00,25.2
25-08 21:00,20.500000000000007
25-08 22:00,15.3
25-08 23:00,11.599999999999998
26-08 00:00,8.399999999999999
26-08 01:00,4.900000000000001
26-08 02:00,2.300000000000001
26-08 03:00,0.4
26-08 04:00,2.8000000000000016
26-08 05:00,2.4000000000000012
26-08 06:00,3.800000000000002
26-08 07:00,6.399999999999999
26-08 08:00,17.900000000000006
26-08 09:00,36.30000000000001
26-08 10:00,37.40000000000002
26-08 11:00,35.20000000000001
26-08 12:00,32.2
26-08 13:00,27.199999999999985
26-08 14:00,23.5
26-08 15:00,20.000000000000014
26-08 16:00,19.000000000000014
26-08 17:00,21.7
26-08 18:00,24.9
26-08 19:00,28.099999999999987
26-08 20:00,25.399999999999995
26-08 21:00,19.500000000000014
26-08 22:00,16.200000000000003
26-08 23:00,10.799999999999999
27-08 00:00,7.2
27-08 01:00,3.800000000000002
27-08 02:00,0.4
27-08 03:00,0.4
27-08 04:00,3.800000000000002
27-08 05:00,10.799999999999999
27-08 06:00,29.099999999999994
27-08 07:00,31.5
27-08 08:00,27.799999999999986
27-08 09:00,22.4
27-08 10:00,19.30000000000001
27-08 11:00,17.400000000000002
27-08 12:00,17.400000000000002
27-08 13:00,15.4
27-08 14:00,14.799999999999999
27-08 15:00,14.399999999999997
27-08 16:00,15.4
27-08 17:00,21.5
27-08 18:00,24.3
27-08 19:00,31.900000000000002
27-08 20:00,33.50000000000001
27-08 21:00,33.7
27-08 22:00,18.300000000000008
27-08 23:00,10.7
28-08 00:00,6.499999999999998
28-08 01:00,3.800000000000002
28-08 02:00,0.4
28-08 03:00,0.4
28-08 04:00,3.800000000000002
28-08 05:00,11.299999999999997
28-08 06:00,32.6
28-08 07:00,31.7
28-08 08:00,28.399999999999988
28-08 09:00,23.9
28-08 10:00,20.600000000000005
28-08 11:00,18.80000000000001
28-08 12:00,17.300000000000004
28-08 13:00,17.100000000000005
28-08 14:00,16.200000000000003
28-08 15:00,16.100000000000005
28-08 16:00,16.300000000000004
28-08 17:00,19.900000000000013
28-08 18:00,21.999999999999996
28-08 19:00,29.099999999999994
28-08 20:00,33.300000000000004
28-08 21:00,33.1
28-08 22:00,18.80000000000001
28-08 23:00,10.4
29-08 00:00,7.0
29-08 01:00,3.800000000000002
29-08 02:00,0.4
29-08 03:00,0.4
29-08 04:00,3.800000000000002
29-08 05:00,10.7
29-08 06:00,31.7
29-08 07:00,31.5
29-08 08:00,28.999999999999993
29-08 09:00,21.8
29-08 10:00,19.400000000000013
29-08 11:00,19.800000000000015
29-08 12:00,18.500000000000007
29-08 13:00,16.700000000000003
29-08 14:00,15.900000000000004
29-08 15:00,13.7
29-08 16:00,16.700000000000003
29-08 17:00,20.200000000000014
29-08 18:00,24.099999999999998
29-08 19:00,31.5
29-08 20:00,30.1
29-08 21:00,31.0
29-08 22:00,17.900000000000006
29-08 23:00,10.4
30-08 00:00,6.699999999999998
30-08 01:00,4.100000000000001
30-08 02:00,0.4
30-08 03:00,0.4
30-08 04:00,3.600000000000002
30-08 05:00,11.299999999999997
30-08 06:00,30.099999999999998
30-08 07:00,33.6
30-08 08:00,27.599999999999987
30-08 09:00,22.8
30-08 10:00,20.200000000000014
30-08 11:00,18.900000000000013
30-08 12:00,18.400000000000006
30-08 13:00,14.899999999999999
30-08 14:00,16.100000000000005
30-08 15:00,15.2
30-08 16:00,17.000000000000004
30-08 17:00,18.900000000000013
30-08 18:00,24.0
30-08 19:00,30.900000000000002
30-08 20:00,32.800000000000004
30-08 21:00,31.7
30-08 22:00,17.800000000000004
30-08 23:00,24.400000000000006
31-08 00:00,22.000000000000007
31-08 01:00,20.100000000000016
31-08 02:00,22.9
31-08 03:00,20.999999999999996
31-08 04:00,40.50000000000003
31-08 05:00,51.19999999999999
31-08 06:00,58.20000000000003
31-08 07:00,52.50000000000002
31-08 08:00,37.89999999999999
31-08 09:00,30.899999999999995
31-08 10:00,28.20000000000001
31-08 11:00,27.400000000000006
31-08 12:00,27.20000000000001
31-08 13:00,22.800000000000004
31-08 14:00,23.10000000000001
31-08 15:00,22.100000000000005
31-08 16:00,25.100000000000012
31-08 17:00,29.5
31-08 18:00,32.6
31-08 19:00,42.2
31-08 20:00,44.300000000000026
31-08 21:00,39.50000000000001
31-08 22:00,21.900000000000016
31-08 23:00,11.199999999999994
01-09 00:00,7.4
01-09 01:00,4.8
01-09 02:00,2.100000000000001
01-09 03:00,0.5
01-09 04:00,2.200000000000001
01-09 05:00,4.100000000000001
01-09 06:00,7.399999999999995
01-09 07:00,10.299999999999988
01-09 08:00,22.100000000000016
01-09 09:00,37.900000000000034
01-09 10:00,38.700000000000045
01-09 11:00,42.80000000000002
01-09 12:00,36.40000000000002
01-09 13:00,30.800000000000004
01-09 14:00,26.200000000000006
01-09 15:00,22.400000000000013
01-09 16:00,22.500000000000014
01-09 17:00,22.400000000000013
01-09 18:00,27.700000000000017
01-09 19:00,40.40000000000001
01-09 20:00,34.89999999999999
01-09 21:00,37.5
01-09 22:00,30.100000000000012
01-09 23:00,25.6
02-09 00:00,31.59999999999999
02-09 01:00,44.600000000000016
02-09 02:00,39.4
02-09 03:00,42.19999999999999
02-09 04:00,63.70000000000003
02-09 05:00,70.90000000000002
02-09 06:00,69.80000000000001
02-09 07:00,42.80000000000002
02-09 08:00,39.999999999999986
02-09 09:00,55.70000000000003
02-09 10:00,58.80000000000001
02-09 11:00,60.699999999999996
02-09 12:00,52.90000000000003
02-09 13:00,44.79999999999999
02-09 14:00,42.69999999999998
02-09 15:00,36.69999999999999
02-09 16:00,37.29999999999999
02-09 17:00,41.9
02-09 18:00,46.59999999999998
02-09 19:00,58.800000000000026
02-09 20:00,67.4
02-09 21:00,58.59999999999998
02-09 22:00,45.599999999999994
02-09 23:00,38.3
03-09 00:00,50.00000000000002
03-09 01:00,52.50000000000002
03-09 02:00,45.39999999999999
03-09 03:00,49.099999999999994
03-09 04:00,43.000000000000014
03-09 05:00,59.20000000000001
03-09 06:00,69.4
03-09 07:00,47.3
03-09 08:00,44.4
03-09 09:00,35.30000000000001
03-09 10:00,31.000000000000007
03-09 11:00,31.500000000000007
03-09 12:00,30.800000000000004
03-09 13:00,25.799999999999997
03-09 14:00,27.90000000000001
03-09 15:00,29.100000000000005
03-09 16:00,29.40000000000001
03-09 17:00,34.6
03-09 18:00,37.60000000000001
03-09 19:00,45.800000000000004
03-09 20:00,47.3
03-09 21:00,48.0
03-09 22:00,23.20000000000001
03-09 23:00,12.899999999999991
04-09 00:00,7.2
04-09 01:00,3.800000000000002
04-09 02:00,0.5
04-09 03:00,0.5
04-09 04:00,10.79999999999999
04-09 05:00,19.79999999999999
04-09 06:00,34.10000000000002
04-09 07:00,37.10000000000002
04-09 08:00,30.700000000000003
04-09 09:00,25.000000000000004
04-09 10:00,21.600000000000005
04-09 11:00,20.500000000000014
04-09 12:00,19.600000000000016
04-09 13:00,19.900000000000016
04-09 14:00,16.500000000000004
04-09 15:00,15.899999999999997
04-09 16:00,17.900000000000002
04-09 17:00,22.800000000000004
04-09 18:00,25.200000000000006
04-09 19:00,33.600000000000016
04-09 20:00,34.600000000000016
04-09 21:00,35.100000000000016
04-09 22:00,25.80000000000001
04-09 23:00,25.700000000000003
05-09 00:00,23.30000000000001
05-09 01:00,28.60000000000001
05-09 02:00,23.099999999999998
05-09 03:00,31.700000000000006
05-09 04:00,45.00000000000001
05-09 05:00,55.00000000000001
05-09 06:00,71.30000000000003
05-09 07:00,60.60000000000003
05-09 08:00,48.20000000000001
05-09 09:00,42.09999999999997
05-09 10:00,36.599999999999994
05-09 11:00,33.6
05-09 12:00,31.300000000000015
05-09 13:00,30.500000000000018
05-09 14:00,28.600000000000016
05-09 15:00,32.500000000000014
05-09 16:00,30.700000000000014
05-09 17:00,39.2
05-09 18:00,44.49999999999999
05-09 19:00,60.10000000000003
05-09 20:00,74.59999999999998
05-09 21:00,86.60000000000002
05-09 22:00,66.30000000000001
05-09 23:00,61.300000000000004
06-09 00:00,59.80000000000002
06-09 01:00,64.00000000000004
06-09 02:00,68.7
06-09 03:00,70.10000000000001
06-09 04:00,80.49999999999997
06-09 05:00,83.1
06-09 06:00,110.39999999999996
06-09 07:00,91.50000000000003
06-09 08:00,62.700000000000024
06-09 09:00,45.099999999999994
06-09 10:00,43.09999999999999
06-09 11:00,38.300000000000004
06-09 12:00,41.19999999999998
06-09 13:00,38.6
06-09 14:00,37.50000000000001
06-09 15:00,36.7
06-09 16:00,37.69999999999999
06-09 17:00,43.399999999999984
06-09 18:00,49.199999999999996
06-09 19:00,59.200000000000024
06-09 20:00,65.50000000000003
06-09 21:00,61.90000000000004
06-09 22:00,32.40000000000001
06-09 23:00,22.5
07-09 00:00,24.40000000000001
07-09 01:00,21.30000000000002
07-09 02:00,18.000000000000004
07-09 03:00,26.599999999999994
07-09 04:00,31.80000000000002
07-09 05:00,59.500000000000014
07-09 06:00,82.70000000000003
07-09 07:00,78.60000000000002
07-09 08:00,65.3
07-09 09:00,47.300000000000004
07-09 10:00,35.89999999999999
07-09 11:00,38.699999999999996
07-09 12:00,36.19999999999999
07-09 13:00,32.20000000000001
07-09 14:00,46.00000000000002
07-09 15:00,53.09999999999999
07-09 16:00,43.300000000000004
07-09 17:00,47.40000000000001
07-09 18:00,55.40000000000001
07-09 19:00,73.89999999999999
07-09 20:00,83.20000000000002
07-09 21:00,83.30000000000004
07-09 22:00,57.59999999999999
07-09 23:00,49.3
08-09 00:00,44.600000000000016
08-09 01:00,44.100000000000016
08-09 02:00,41.6
08-09 03:00,35.60000000000001
08-09 04:00,37.500000000000014
08-09 05:00,53.900000000000006
08-09 06:00,58.20000000000001
08-09 07:00,57.40000000000002
08-09 08:00,60.79999999999999
08-09 09:00,70.5
08-09 10:00,62.60000000000004
08-09 11:00,60.699999999999996
08-09 12:00,54.90000000000001
08-09 13:00,49.199999999999996
08-09 14:00,65.99999999999999
08-09 15:00,53.90000000000001
08-09 16:00,54.800000000000004
08-09 17:00,58.399999999999984
08-09 18:00,74.80000000000001
08-09 19:00,81.30000000000007
08-09 20:00,84.1
08-09 21:00,79.29999999999997
08-09 22:00,53.39999999999997
08-09 23:00,45.300000000000026
09-09 00:00,41.60000000000002
09-09 01:00,35.10000000000003
09-09 02:00,33.700000000000024
09-09 03:00,31.800000000000008
09-09 04:00,38.90000000000001
09-09 05:00,55.600000000000016
09-09 06:00,66.70000000000002
09-09 07:00,68.30000000000003
09-09 08:00,70.59999999999998
09-09 09:00,72.5
09-09 10:00,63.3
09-09 11:00,62.299999999999976
09-09 12:00,56.40000000000001
09-09 13:00,52.199999999999996
09-09 14:00,45.5
09-09 15:00,38.599999999999994
09-09 16:00,42.09999999999998
09-09 17:00,49.199999999999996
09-09 18:00,63.199999999999974
09-09 19:00,78.10000000000004
09-09 20:00,80.39999999999999
09-09 21:00,68.50000000000001
09-09 22:00,53.19999999999997
09-09 23:00,51.4
10-09 00:00,45.500000000000014
10-09 01:00,51.00000000000002
10-09 02:00,54.999999999999986
10-09 03:00,61.80000000000001
10-09 04:00,69.6
10-09 05:00,99.30000000000001
10-09 06:00,127.10000000000001
10-09 07:00,99.40000000000002
10-09 08:00,77.90000000000005
10-09 09:00,52.40000000000001
10-09 10:00,46.8
10-09 11:00,42.599999999999994
10-09 12:00,41.39999999999999
10-09 13:00,41.099999999999994
10-09 14:00,41.4
10-09 15:00,39.60000000000002
10-09 16:00,43.99999999999999
10-09 17:00,50.60000000000002
10-09 18:00,64.29999999999998
10-09 19:00,89.89999999999999
10-09 20:00,104.3
10-09 21:00,99.2
10-09 22:00,73.29999999999997
10-09 23:00,71.4
11-09 00:00,67.10000000000002
11-09 01:00,61.70000000000002
11-09 02:00,52.39999999999999
11-09 03:00,50.49999999999999
11-09 04:00,50.30000000000002
11-09 05:00,61.00000000000001
11-09 06:00,95.20000000000002
11-09 07:00,72.79999999999998
11-09 08:00,56.20000000000002
11-09 09:00,42.59999999999999
11-09 10:00,37.199999999999996
11-09 11:00,34.49999999999999
11-09 12:00,33.0
11-09 13:00,32.20000000000002
11-09 14:00,31.70000000000001
11-09 15:00,31.100000000000016
11-09 16:00,32.100000000000016
11-09 17:00,40.19999999999999
11-09 18:00,45.89999999999999
11-09 19:00,56.60000000000002
11-09 20:00,60.30000000000003
11-09 21:00,56.30000000000001
11-09 22:00,24.200000000000014
11-09 23:00,13.49999999999999
12-09 00:00,6.599999999999999
12-09 01:00,4.100000000000001
12-09 02:00,0.4
12-09 03:00,0.4
12-09 04:00,4.100000000000001
12-09 05:00,11.599999999999998
12-09 06:00,31.7
12-09 07:00,34.0
12-09 08:00,28.49999999999999
12-09 09:00,23.5
12-09 10:00,20.100000000000016
12-09 11:00,18.900000000000013
12-09 12:00,17.500000000000004
12-09 13:00,17.100000000000005
12-09 14:00,15.4
12-09 15:00,15.1
12-09 16:00,17.800000000000004
12-09 17:00,23.0
12-09 18:00,25.499999999999996
12-09 19:00,31.4
12-09 20:00,33.00000000000001
12-09 21:00,32.6
12-09 22:00,19.000000000000014
12-09 23:00,11.699999999999998
13-09 00:00,7.0
13-09 01:00,4.100000000000001
13-09 02:00,0.4
13-09 03:00,0.4
13-09 04:00,4.100000000000001
13-09 05:00,11.799999999999997
13-09 06:00,31.599999999999998
13-09 07:00,33.400000000000006
13-09 08:00,28.099999999999987
13-09 09:00,24.0
13-09 10:00,22.499999999999996
13-09 11:00,18.80000000000001
13-09 12:00,18.700000000000006
13-09 13:00,16.300000000000004
13-09 14:00,16.600000000000005
13-09 15:00,15.1
13-09 16:00,16.500000000000004
13-09 17:00,22.099999999999998
13-09 18:00,24.3
13-09 19:00,31.599999999999998
13-09 20:00,32.1
13-09 21:00,31.599999999999998
13-09 22:00,18.300000000000008
13-09 23:00,17.199999999999992
14-09 00:00,31.899999999999988
14-09 01:00,36.60000000000004
14-09 02:00,31.90000000000001
14-09 03:00,42.49999999999998
14-09 04:00,61.000000000000014
14-09 05:00,67.59999999999998
14-09 06:00,95.20000000000002
14-09 07:00,66.60000000000002
14-09 08:00,47.900000000000006
14-09 09:00,42.399999999999984
14-09 10:00,36.69999999999999
14-09 11:00,33.699999999999996
14-09 12:00,32.40000000000001
14-09 13:00,33.2
14-09 14:00,29.400000000000016
14-09 15:00,32.70000000000001
14-09 16:00,32.30000000000001
14-09 17:00,39.99999999999999
14-09 18:00,45.5
14-09 19:00,60.500000000000036
14-09 20:00,79.99999999999996
14-09 21:00,80.30000000000005
14-09 22:00,45.900000000000006
14-09 23:00,49.7
15-09 00:00,54.5
15-09 01:00,52.90000000000003
15-09 02:00,55.30000000000001
15-09 03:00,49.3
15-09 04:00,67.7
15-09 05:00,70.10000000000002
15-09 06:00,81.49999999999997
15-09 07:00,40.700000000000045
15-09 08:00,40.09999999999999
15-09 09:00,55.60000000000003
15-09 10:00,53.90000000000003
15-09 11:00,56.99999999999999
15-09 12:00,50.700000000000024
15-09 13:00,44.8
15-09 14:00,38.3
15-09 15:00,38.4
15-09 16:00,37.5
15-09 17:00,43.0
15-09 18:00,48.09999999999998
15-09 19:00,48.49999999999998
15-09 20:00,52.2
15-09 21:00,47.099999999999994
15-09 22:00,38.69999999999999
15-09 23:00,30.499999999999986
16-09 00:00,23.3
16-09 01:00,22.200000000000014
16-09 02:00,27.1
16-09 03:00,32.20000000000001
16-09 04:00,35.200000000000024
16-09 05:00,28.90000000000001
16-09 06:00,33.40000000000003
16-09 07:00,31.99999999999999
16-09 08:00,31.600000000000012
16-09 09:00,50.90000000000002
16-09 10:00,50.9
16-09 11:00,44.00000000000002
16-09 12:00,48.800000000000026
16-09 13:00,38.19999999999999
16-09 14:00,34.4
16-09 15:00,30.899999999999984
16-09 16:00,33.4
16-09 17:00,34.5
16-09 18:00,39.0
16-09 19:00,46.4
16-09 20:00,55.80000000000001
16-09 21:00,51.10000000000001
16-09 22:00,37.19999999999999
16-09 23:00,28.599999999999994
17-09 00:00,23.700000000000006
17-09 01:00,21.10000000000002
17-09 02:00,19.400000000000002
17-09 03:00,17.200000000000003
17-09 04:00,29.800000000000015
17-09 05:00,46.900000000000006
17-09 06:00,83.20000000000003
17-09 07:00,65.00000000000004
17-09 08:00,53.80000000000001
17-09 09:00,39.300000000000004
17-09 10:00,37.49999999999999
17-09 11:00,36.79999999999999
17-09 12:00,33.8
17-09 13:00,33.599999999999994
17-09 14:00,31.80000000000001
17-09 15:00,29.800000000000015
17-09 16:00,34.199999999999996
17-09 17:00,41.2
17-09 18:00,57.9
17-09 19:00,74.2
17-09 20:00,84.90000000000005
17-09 21:00,98.40000000000002
17-09 22:00,72.49999999999999
17-09 23:00,72.90000000000003
18-09 00:00,75.20000000000005
18-09 01:00,72.7
18-09 02:00,70.00000000000001
18-09 03:00,85.79999999999997
18-09 04:00,99.29999999999997
18-09 05:00,113.00000000000001
18-09 06:00,152.40000000000006
18-09 07:00,131.49999999999994
18-09 08:00,99.50000000000003
18-09 09:00,65.9
18-09 10:00,64.79999999999998
18-09 11:00,55.39999999999999
18-09 12:00,57.09999999999999
18-09 13:00,49.00000000000001
18-09 14:00,48.40000000000001
18-09 15:00,52.39999999999998
18-09 16:00,56.19999999999998
18-09 17:00,67.00000000000001
18-09 18:00,86.40000000000002
18-09 19:00,103.89999999999998
18-09 20:00,130.0
18-09 21:00,130.79999999999995
18-09 22:00,92.49999999999994
18-09 23:00,81.20000000000002
19-09 00:00,71.4
19-09 01:00,86.79999999999995
19-09 02:00,89.6
19-09 03:00,83.99999999999997
19-09 04:00,105.89999999999996
19-09 05:00,132.90000000000003
19-09 06:00,188.99999999999991
19-09 07:00,142.89999999999998
19-09 08:00,103.00000000000004
19-09 09:00,85.30000000000003
19-09 10:00,65.7
19-09 11:00,57.89999999999999
19-09 12:00,55.399999999999984
19-09 13:00,56.19999999999998
19-09 14:00,51.199999999999996
19-09 15:00,54.69999999999999
19-09 16:00,60.89999999999999
19-09 17:00,66.30000000000001
19-09 18:00,90.10000000000004
19-09 19:00,127.90000000000003
19-09 20:00,138.6
19-09 21:00,139.6
19-09 22:00,95.09999999999998
19-09 23:00,88.79999999999998
20-09 00:00,85.19999999999999
20-09 01:00,87.99999999999996
20-09 02:00,80.59999999999997
20-09 03:00,95.30000000000003
20-09 04:00,105.29999999999993
20-09 05:00,125.0
20-09 06:00,174.19999999999993
20-09 07:00,146.69999999999993
20-09 08:00,94.30000000000004
20-09 09:00,62.19999999999999
20-09 10:00,60.099999999999994
20-09 11:00,52.80000000000002
20-09 12:00,54.20000000000001
20-09 13:00,49.70000000000001
20-09 14:00,49.5
20-09 15:00,51.49999999999999
20-09 16:00,53.89999999999998
20-09 17:00,59.29999999999999
20-09 18:00,71.5
20-09 19:00,104.29999999999998
20-09 20:00,103.39999999999999
20-09 21:00,95.9
20-09 22:00,61.59999999999999
20-09 23:00,68.29999999999998
21-09 00:00,76.60000000000004
21-09 01:00,41.90000000000002
21-09 02:00,45.39999999999999
21-09 03:00,57.399999999999984
21-09 04:00,66.50000000000001
21-09 05:00,71.2
21-09 06:00,93.60000000000002
21-09 07:00,73.80000000000001
21-09 08:00,50.30000000000001
21-09 09:00,41.699999999999996
21-09 10:00,39.39999999999999
21-09 11:00,35.39999999999999
21-09 12:00,34.49999999999999
21-09 13:00,33.1
21-09 14:00,30.100000000000016
21-09 15:00,31.600000000000016
21-09 16:00,35.89999999999999
21-09 17:00,40.99999999999999
21-09 18:00,44.9
21-09 19:00,53.8
21-09 20:00,56.90000000000001
21-09 21:00,76.29999999999997
21-09 22:00,38.0
21-09 23:00,15.499999999999986
22-09 00:00,29.500000000000004
22-09 01:00,34.90000000000002
22-09 02:00,16.8
22-09 03:00,8.1
22-09 04:00,10.399999999999997
22-09 05:00,13.399999999999997
22-09 06:00,17.700000000000003
22-09 07:00,12.399999999999986
22-09 08:00,23.400000000000013
22-09 09:00,41.40000000000005
22-09 10:00,41.700000000000045
22-09 11:00,42.90000000000005
22-09 12:00,39.400000000000034
22-09 13:00,32.20000000000001
22-09 14:00,27.700000000000014
22-09 15:00,26.400000000000006
22-09 16:00,26.100000000000005
22-09 17:00,29.200000000000006
22-09 18:00,30.1
22-09 19:00,30.0
22-09 20:00,32.599999999999994
22-09 21:00,26.599999999999998
22-09 22:00,15.9
22-09 23:00,11.399999999999997
23-09 00:00,6.799999999999999
23-09 01:00,5.2
23-09 02:00,2.5000000000000013
23-09 03:00,0.7
23-09 04:00,3.3000000000000016
23-09 05:00,12.599999999999993
23-09 06:00,16.599999999999998
23-09 07:00,21.300000000000004
23-09 08:00,24.100000000000012
23-09 09:00,41.20000000000005
23-09 10:00,45.70000000000001
23-09 11:00,44.00000000000003
23-09 12:00,40.200000000000045
23-09 13:00,32.70000000000002
23-09 14:00,27.300000000000015
23-09 15:00,22.40000000000002
23-09 16:00,22.80000000000002
23-09 17:00,28.600000000000005
23-09 18:00,37.69999999999999
23-09 19:00,39.40000000000001
23-09 20:00,37.99999999999999
23-09 21:00,32.99999999999999
23-09 22:00,27.90000000000001
23-09 23:00,25.000000000000007
24-09 00:00,22.499999999999996
24-09 01:00,20.200000000000014
24-09 02:00,21.499999999999996
24-09 03:00,24.399999999999995
24-09 04:00,35.30000000000003
24-09 05:00,40.00000000000001
24-09 06:00,58.90000000000003
24-09 07:00,57.80000000000001
24-09 08:00,39.50000000000001
24-09 09:00,35.399999999999984
24-09 10:00,29.8
24-09 11:00,26.200000000000006
24-09 12:00,26.60000000000001
24-09 13:00,26.000000000000004
24-09 14:00,25.000000000000007
24-09 15:00,23.900000000000002
24-09 16:00,23.800000000000004
24-09 17:00,30.599999999999998
24-09 18:00,37.99999999999999
24-09 19:00,47.1
24-09 20:00,54.80000000000003
24-09 21:00,52.700000000000024
24-09 22:00,37.49999999999999
24-09 23:00,23.700000000000006
25-09 00:00,21.100000000000005
25-09 01:00,12.09999999999999
25-09 02:00,8.599999999999998
25-09 03:00,8.999999999999998
25-09 04:00,20.100000000000016
25-09 05:00,28.699999999999996
25-09 06:00,53.200000000000024
25-09 07:00,40.20000000000003
25-09 08:00,34.600000000000016
25-09 09:00,30.6
25-09 10:00,23.700000000000024
25-09 11:00,25.10000000000001
25-09 12:00,22.80000000000002
25-09 13:00,20.40000000000001
25-09 14:00,20.20000000000001
25-09 15:00,18.700000000000003
25-09 16:00,22.000000000000014
25-09 17:00,27.400000000000006
25-09 18:00,29.8
25-09 19:00,36.20000000000002
25-09 20:00,41.100000000000044
25-09 21:00,35.300000000000026
25-09 22:00,18.300000000000004
25-09 23:00,19.399999999999988
26-09 00:00,14.59999999999999
26-09 01:00,4.000000000000002
26-09 02:00,0.4
26-09 03:00,0.5
26-09 04:00,11.399999999999991
26-09 05:00,20.299999999999994
26-09 06:00,35.90000000000001
26-09 07:00,41.60000000000001
26-09 08:00,27.299999999999983
26-09 09:00,24.7
26-09 10:00,19.700000000000014
26-09 11:00,22.499999999999996
26-09 12:00,18.600000000000005
26-09 13:00,18.000000000000004
26-09 14:00,17.000000000000004
26-09 15:00,15.7
26-09 16:00,17.800000000000004
26-09 17:00,22.899999999999995
26-09 18:00,24.900000000000002
26-09 19:00,32.70000000000001
26-09 20:00,38.00000000000003
26-09 21:00,34.70000000000001
26-09 22:00,18.80000000000001
26-09 23:00,10.299999999999999
27-09 00:00,8.1
27-09 01:00,11.89999999999999
27-09 02:00,9.299999999999999
27-09 03:00,8.999999999999998
27-09 04:00,20.100000000000016
27-09 05:00,29.599999999999994
27-09 06:00,52.000000000000014
27-09 07:00,48.50000000000002
27-09 08:00,35.50000000000002
27-09 09:00,29.000000000000007
27-09 10:00,25.7
27-09 11:00,24.500000000000014
27-09 12:00,22.700000000000017
27-09 13:00,22.600000000000016
27-09 14:00,20.100000000000012
27-09 15:00,20.400000000000006
27-09 16:00,22.90000000000001
27-09 17:00,26.6
27-09 18:00,29.6
27-09 19:00,38.90000000000003
27-09 20:00,37.800000000000026
27-09 21:00,36.600000000000016
27-09 22:00,33.9
27-09 23:00,19.699999999999992
28-09 00:00,14.89999999999999
28-09 01:00,19.700000000000014
28-09 02:00,22.4
28-09 03:00,8.199999999999998
28-09 04:00,11.79999999999999
28-09 05:00,28.999999999999993
28-09 06:00,48.500000000000014
28-09 07:00,41.70000000000004
28-09 08:00,35.90000000000001
28-09 09:00,29.5
28-09 10:00,27.200000000000006
28-09 11:00,21.100000000000012
28-09 12:00,21.900000000000016
28-09 13:00,21.200000000000014
28-09 14:00,19.100000000000005
28-09 15:00,21.100000000000016
28-09 16:00,20.600000000000012
28-09 17:00,26.300000000000008
28-09 18:00,34.8
28-09 19:00,34.600000000000016
28-09 20:00,36.50000000000002
28-09 21:00,36.30000000000002
28-09 22:00,19.80000000000001
28-09 23:00,12.399999999999995
29-09 00:00,17.1
29-09 01:00,11.599999999999985
29-09 02:00,2.8000000000000016
29-09 03:00,0.5
29-09 04:00,9.399999999999997
29-09 05:00,10.899999999999995
29-09 06:00,4.6
29-09 07:00,8.699999999999996
29-09 08:00,18.300000000000004
29-09 09:00,35.60000000000001
29-09 10:00,38.20000000000003
29-09 11:00,37.000000000000014
29-09 12:00,32.9
29-09 13:00,29.19999999999999
29-09 14:00,25.999999999999993
29-09 15:00,22.4
29-09 16:00,21.9
29-09 17:00,24.099999999999998
29-09 18:00,26.0
29-09 19:00,27.99999999999999
29-09 20:00,26.900000000000002
29-09 21:00,22.900000000000002
29-09 22:00,17.000000000000004
29-09 23:00,11.799999999999997
30-09 00:00,8.7
30-09 01:00,5.499999999999999
30-09 02:00,3.4000000000000017
30-09 03:00,8.499999999999998
30-09 04:00,12.899999999999991
30-09 05:00,15.699999999999996
30-09 06:00,21.800000000000015
30-09 07:00,25.60000000000001
30-09 08:00,31.900000000000013
30-09 09:00,44.40000000000004
30-09 10:00,45.30000000000004
30-09 11:00,48.900000000000006
30-09 12:00,41.50000000000003
30-09 13:00,35.1
30-09 14:00,30.499999999999996
30-09 15:00,25.400000000000013
30-09 16:00,27.499999999999996
30-09 17:00,32.30000000000001
30-09 18:00,35.7
30-09 19:00,44.4
30-09 20:00,41.19999999999999
30-09 21:00,47.70000000000002
30-09 22:00,43.199999999999996
30-09 23:00,45.60000000000003
01-10 00:00,50.700000000000024
01-10 01:00,50.20000000000002
01-10 02:00,44.3
01-10 03:00,44.9
01-10 04:00,49.60000000000002
01-10 05:00,63.00000000000001
01-10 06:00,107.09999999999998
01-10 07:00,88.20000000000002
01-10 08:00,64.0
01-10 09:00,43.89999999999999
01-10 10:00,44.4
01-10 11:00,36.99999999999999
01-10 12:00,36.29999999999999
01-10 13:00,35.99999999999999
01-10 14:00,32.30000000000001
01-10 15:00,32.40000000000001
01-10 16:00,37.599999999999994
01-10 17:00,40.099999999999994
01-10 18:00,51.69999999999999
01-10 19:00,56.10000000000002
01-10 20:00,65.90000000000003
01-10 21:00,61.900000000000034
01-10 22:00,39.30000000000001
01-10 23:00,36.69999999999999
02-10 00:00,29.199999999999996
02-10 01:00,27.100000000000012
02-10 02:00,22.8
02-10 03:00,21.8
02-10 04:00,27.90000000000001
02-10 05:00,41.50000000000001
02-10 06:00,62.50000000000004
02-10 07:00,60.90000000000004
02-10 08:00,43.3
02-10 09:00,34.2
02-10 10:00,28.800000000000004
02-10 11:00,26.700000000000014
02-10 12:00,26.90000000000001
02-10 13:00,24.400000000000006
02-10 14:00,24.90000000000001
02-10 15:00,22.60000000000001
02-10 16:00,26.10000000000001
02-10 17:00,28.500000000000007
02-10 18:00,32.800000000000004
02-10 19:00,41.1
02-10 20:00,43.90000000000001
02-10 21:00,41.6
02-10 22:00,21.00000000000001
02-10 23:00,12.899999999999993
03-10 00:00,9.299999999999999
03-10 01:00,5.199999999999998
03-10 02:00,3.800000000000002
03-10 03:00,1.7000000000000004
03-10 04:00,5.099999999999998
03-10 05:00,10.499999999999995
03-10 06:00,18.200000000000006
03-10 07:00,20.600000000000005
03-10 08:00,30.899999999999995
03-10 09:00,45.40000000000005
03-10 10:00,49.5
03-10 11:00,47.50000000000002
03-10 12:00,44.80000000000005
03-10 13:00,33.99999999999999
03-10 14:00,31.099999999999998
03-10 15:00,32.400000000000006
03-10 16:00,39.6
03-10 17:00,44.8
03-10 18:00,49.79999999999999
03-10 19:00,62.60000000000002
03-10 20:00,53.8
03-10 21:00,55.60000000000002
03-10 22:00,51.00000000000003
03-10 23:00,42.40000000000002
04-10 00:00,38.300000000000026
04-10 01:00,36.00000000000003
04-10 02:00,30.2
04-10 03:00,30.800000000000004
04-10 04:00,38.200000000000045
04-10 05:00,56.80000000000001
04-10 06:00,95.30000000000003
04-10 07:00,80.70000000000005
04-10 08:00,67.4
04-10 09:00,50.0
04-10 10:00,40.099999999999994
04-10 11:00,37.599999999999994
04-10 12:00,35.699999999999996
04-10 13:00,34.49999999999999
04-10 14:00,33.9
04-10 15:00,34.599999999999994
04-10 16:00,35.699999999999996
04-10 17:00,56.20000000000001
04-10 18:00,62.39999999999996
04-10 19:00,78.49999999999997
04-10 20:00,79.99999999999997
04-10 21:00,89.10000000000002
04-10 22:00,54.79999999999999
04-10 23:00,44.200000000000024
05-10 00:00,37.30000000000002
05-10 01:00,43.000000000000014
05-10 02:00,36.7
05-10 03:00,40.59999999999998
05-10 04:00,38.200000000000045
05-10 05:00,56.90000000000001
05-10 06:00,96.60000000000004
05-10 07:00,89.00000000000001
05-10 08:00,75.60000000000002
05-10 09:00,46.59999999999998
05-10 10:00,44.099999999999994
05-10 11:00,39.800000000000004
05-10 12:00,39.00000000000001
05-10 13:00,39.20000000000001
05-10 14:00,36.4
05-10 15:00,37.60000000000001
05-10 16:00,39.19999999999999
05-10 17:00,64.59999999999998
05-10 18:00,69.10000000000001
05-10 19:00,95.0
05-10 20:00,96.80000000000003
05-10 21:00,93.00000000000003
05-10 22:00,52.600000000000016
05-10 23:00,47.80000000000002
06-10 00:00,40.20000000000002
06-10 01:00,43.60000000000002
06-10 02:00,41.10000000000001
06-10 03:00,40.99999999999998
06-10 04:00,47.50000000000001
06-10 05:00,61.50000000000002
06-10 06:00,73.30000000000001
06-10 07:00,70.5
06-10 08:00,81.39999999999996
06-10 09:00,89.10000000000004
06-10 10:00,90.79999999999998
06-10 11:00,93.5
06-10 12:00,86.80000000000003
06-10 13:00,78.30000000000005
06-10 14:00,72.9
06-10 15:00,70.00000000000003
06-10 16:00,75.80000000000001
06-10 17:00,79.8
06-10 18:00,86.10000000000002
06-10 19:00,102.79999999999997
06-10 20:00,92.10000000000005
06-10 21:00,78.39999999999998
06-10 22:00,48.90000000000002
06-10 23:00,39.80000000000001
07-10 00:00,34.800000000000004
07-10 01:00,31.200000000000003
07-10 02:00,29.800000000000015
07-10 03:00,27.5
07-10 04:00,34.80000000000002
07-10 05:00,57.5
07-10 06:00,91.59999999999992
07-10 07:00,79.8
07-10 08:00,69.3
07-10 09:00,83.1
07-10 10:00,63.30000000000004
07-10 11:00,68.89999999999999
07-10 12:00,64.30000000000005
07-10 13:00,56.60000000000002
07-10 14:00,51.29999999999999
07-10 15:00,50.20000000000001
07-10 16:00,47.3
07-10 17:00,74.90000000000002
07-10 18:00,91.20000000000005
07-10 19:00,104.70000000000005
07-10 20:00,119.60000000000004
07-10 21:00,106.50000000000003
07-10 22:00,85.4
07-10 23:00,74.80000000000003
08-10 00:00,70.7
08-10 01:00,73.00000000000001
08-10 02:00,74.60000000000001
08-10 03:00,82.79999999999998
08-10 04:00,97.99999999999994
08-10 05:00,132.30000000000004
08-10 06:00,172.09999999999997
08-10 07:00,132.09999999999997
08-10 08:00,116.69999999999996
08-10 09:00,83.49999999999999
08-10 10:00,66.5
08-10 11:00,59.59999999999998
08-10 12:00,53.70000000000001
08-10 13:00,54.99999999999999
08-10 14:00,48.00000000000002
08-10 15:00,51.799999999999976
08-10 16:00,56.49999999999999
08-10 17:00,80.1
08-10 18:00,87.80000000000001
08-10 19:00,119.39999999999998
08-10 20:00,126.3
08-10 21:00,116.0
08-10 22:00,77.29999999999994
08-10 23:00,61.400000000000006
09-10 00:00,54.40000000000002
09-10 01:00,66.50000000000001
09-10 02:00,65.3
09-10 03:00,75.40000000000002
09-10 04:00,97.79999999999995
09-10 05:00,112.50000000000003
09-10 06:00,154.29999999999998
09-10 07:00,142.79999999999998
09-10 08:00,99.30000000000003
09-10 09:00,81.99999999999999
09-10 10:00,61.39999999999999
09-10 11:00,59.09999999999999
09-10 12:00,55.499999999999986
09-10 13:00,55.099999999999994
09-10 14:00,52.6
09-10 15:00,49.20000000000002
09-10 16:00,54.99999999999998
09-10 17:00,86.5
09-10 18:00,118.70000000000005
09-10 19:00,112.0
09-10 20:00,130.19999999999996
09-10 21:00,121.19999999999996
09-10 22:00,74.29999999999995
09-10 23:00,76.40000000000005
10-10 00:00,89.69999999999997
10-10 01:00,74.0
10-10 02:00,74.70000000000002
10-10 03:00,87.19999999999997
10-10 04:00,87.39999999999995
10-10 05:00,130.00000000000006
10-10 06:00,184.69999999999993
10-10 07:00,169.79999999999998
10-10 08:00,125.90000000000003
10-10 09:00,105.2
10-10 10:00,87.60000000000002
10-10 11:00,68.30000000000001
10-10 12:00,59.89999999999999
10-10 13:00,61.79999999999999
10-10 14:00,60.79999999999998
10-10 15:00,60.899999999999984
10-10 16:00,74.59999999999995
10-10 17:00,110.69999999999996
10-10 18:00,130.90000000000006
10-10 19:00,151.4
10-10 20:00,164.59999999999997
10-10 21:00,168.2999999999999
10-10 22:00,91.89999999999996
10-10 23:00,101.30000000000003
11-10 00:00,93.99999999999997
11-10 01:00,80.79999999999998
11-10 02:00,71.2
11-10 03:00,62.900000000000006
11-10 04:00,68.19999999999999
11-10 05:00,92.90000000000002
11-10 06:00,137.8
11-10 07:00,128.99999999999997
11-10 08:00,107.40000000000002
11-10 09:00,85.30000000000003
11-10 10:00,77.0
11-10 11:00,60.499999999999986
11-10 12:00,62.29999999999999
11-10 13:00,57.79999999999998
11-10 14:00,60.89999999999999
11-10 15:00,64.99999999999999
11-10 16:00,70.89999999999999
11-10 17:00,84.10000000000002
11-10 18:00,100.60000000000002
11-10 19:00,119.19999999999996
11-10 20:00,123.49999999999999
11-10 21:00,128.89999999999998
11-10 22:00,76.19999999999995
11-10 23:00,57.00000000000001
12-10 00:00,56.00000000000003
12-10 01:00,45.40000000000001
12-10 02:00,45.69999999999999
12-10 03:00,44.099999999999994
12-10 04:00,55.70000000000002
12-10 05:00,94.70000000000003
12-10 06:00,153.5999999999999
12-10 07:00,135.9
12-10 08:00,115.99999999999999
12-10 09:00,113.49999999999999
12-10 10:00,94.4
12-10 11:00,93.59999999999995
12-10 12:00,76.29999999999994
12-10 13:00,79.1
12-10 14:00,73.39999999999996
12-10 15:00,87.79999999999997
12-10 16:00,92.59999999999998
12-10 17:00,113.39999999999996
12-10 18:00,138.6
12-10 19:00,151.69999999999993
12-10 20:00,162.59999999999997
12-10 21:00,170.19999999999996
12-10 22:00,106.59999999999994
12-10 23:00,104.5
13-10 00:00,93.39999999999996
13-10 01:00,91.89999999999996
13-10 02:00,101.39999999999998
13-10 03:00,99.9
13-10 04:00,107.19999999999999
13-10 05:00,120.49999999999999
13-10 06:00,160.5999999999999
13-10 07:00,148.29999999999993
13-10 08:00,141.50000000000006
13-10 09:00,133.0
13-10 10:00,106.39999999999996
13-10 11:00,105.4
13-10 12:00,99.20000000000003
13-10 13:00,90.30000000000007
13-10 14:00,100.70000000000002
13-10 15:00,95.19999999999999
13-10 16:00,93.89999999999995
13-10 17:00,120.70000000000005
13-10 18:00,125.70000000000005
13-10 19:00,136.9
13-10 20:00,133.30000000000007
13-10 21:00,120.9
13-10 22:00,72.39999999999998
13-10 23:00,56.90000000000001
14-10 00:00,47.4
14-10 01:00,46.70000000000002
14-10 02:00,44.40000000000001
14-10 03:00,32.10000000000001
14-10 04:00,44.4
14-10 05:00,68.10000000000002
14-10 06:00,78.30000000000001
14-10 07:00,89.69999999999997
14-10 08:00,92.89999999999998
14-10 09:00,94.79999999999998
14-10 10:00,90.3
14-10 11:00,89.2
14-10 12:00,69.3
14-10 13:00,63.90000000000003
14-10 14:00,48.49999999999998
14-10 15:00,49.30000000000001
14-10 16:00,54.10000000000001
14-10 17:00,72.80000000000001
14-10 18:00,73.10000000000002
14-10 19:00,79.10000000000004
14-10 20:00,89.80000000000007
14-10 21:00,79.0
14-10 22:00,49.300000000000026
14-10 23:00,38.2
15-10 00:00,50.90000000000002
15-10 01:00,60.100000000000016
15-10 02:00,49.69999999999999
15-10 03:00,51.79999999999999
15-10 04:00,69.9
15-10 05:00,101.80000000000001
15-10 06:00,137.0
15-10 07:00,143.99999999999997
15-10 08:00,110.19999999999996
15-10 09:00,84.3
15-10 10:00,77.59999999999992
15-10 11:00,82.89999999999998
15-10 12:00,89.00000000000001
15-10 13:00,80.59999999999998
15-10 14:00,70.59999999999998
15-10 15:00,72.69999999999996
15-10 16:00,92.79999999999997
15-10 17:00,120.20000000000002
15-10 18:00,118.50000000000001
15-10 19:00,153.0
15-10 20:00,157.7
15-10 21:00,153.29999999999998
15-10 22:00,103.39999999999996
15-10 23:00,98.60000000000001
16-10 00:00,101.2
16-10 01:00,100.79999999999997
16-10 02:00,96.70000000000003
16-10 03:00,97.30000000000003
16-10 04:00,114.19999999999992
16-10 05:00,165.1
16-10 06:00,221.89999999999998
16-10 07:00,195.89999999999995
16-10 08:00,174.49999999999994
16-10 09:00,169.3
16-10 10:00,145.5
16-10 11:00,112.79999999999997
16-10 12:00,101.89999999999995
16-10 13:00,94.59999999999997
16-10 14:00,74.69999999999997
16-10 15:00,98.49999999999997
16-10 16:00,115.99999999999999
16-10 17:00,139.89999999999998
16-10 18:00,150.10000000000008
16-10 19:00,165.39999999999998
16-10 20:00,181.19999999999993
16-10 21:00,174.09999999999994
16-10 22:00,106.99999999999996
16-10 23:00,102.80000000000001
17-10 00:00,105.00000000000001
17-10 01:00,109.59999999999997
17-10 02:00,97.20000000000003
17-10 03:00,94.0
17-10 04:00,126.09999999999995
17-10 05:00,162.3
17-10 06:00,224.99999999999994
17-10 07:00,178.99999999999997
17-10 08:00,138.6
17-10 09:00,130.9000000000001
17-10 10:00,91.5
17-10 11:00,89.20000000000005
17-10 12:00,69.69999999999997
17-10 13:00,65.0
17-10 14:00,75.09999999999995
17-10 15:00,81.49999999999997
17-10 16:00,95.49999999999994
17-10 17:00,116.90000000000002
17-10 18:00,129.60000000000005
17-10 19:00,155.00000000000006
17-10 20:00,150.29999999999993
17-10 21:00,148.7999999999999
17-10 22:00,86.6
17-10 23:00,91.7
18-10 00:00,88.60000000000001
18-10 01:00,91.99999999999993
18-10 02:00,81.6
18-10 03:00,86.89999999999998
18-10 04:00,94.09999999999992
18-10 05:00,128.80000000000004
18-10 06:00,185.09999999999994
18-10 07:00,161.39999999999998
18-10 08:00,115.89999999999998
18-10 09:00,107.60000000000002
18-10 10:00,90.50000000000004
18-10 11:00,88.80000000000001
18-10 12:00,64.4
18-10 13:00,67.7
18-10 14:00,66.6
18-10 15:00,73.99999999999994
18-10 16:00,82.69999999999999
18-10 17:00,104.89999999999998
18-10 18:00,110.50000000000006
18-10 19:00,121.69999999999996
18-10 20:00,134.40000000000003
18-10 21:00,128.89999999999998
18-10 22:00,68.3
18-10 23:00,58.40000000000002
19-10 00:00,37.90000000000002
19-10 01:00,34.900000000000034
19-10 02:00,31.100000000000005
19-10 03:00,36.6
19-10 04:00,38.40000000000005
19-10 05:00,48.9
19-10 06:00,75.1
19-10 07:00,77.20000000000002
19-10 08:00,56.50000000000002
19-10 09:00,44.099999999999994
19-10 10:00,43.30000000000001
19-10 11:00,31.400000000000006
19-10 12:00,31.400000000000006
19-10 13:00,30.400000000000006
19-10 14:00,29.1
19-10 15:00,25.799999999999997
19-10 16:00,29.800000000000004
19-10 17:00,33.099999999999994
19-10 18:00,38.599999999999994
19-10 19:00,45.999999999999986
19-10 20:00,56.90000000000001
19-10 21:00,49.80000000000001
19-10 22:00,23.900000000000013
19-10 23:00,14.599999999999989
20-10 00:00,15.999999999999995
20-10 01:00,12.499999999999991
20-10 02:00,10.399999999999993
20-10 03:00,7.699999999999999
20-10 04:00,2.0000000000000004
20-10 05:00,2.500000000000001
20-10 06:00,5.899999999999995
20-10 07:00,8.999999999999995
20-10 08:00,19.30000000000001
20-10 09:00,36.20000000000001
20-10 10:00,40.800000000000004
20-10 11:00,41.00000000000001
20-10 12:00,37.000000000000014
20-10 13:00,28.399999999999988
20-10 14:00,26.399999999999995
20-10 15:00,21.1
20-10 16:00,22.799999999999994
20-10 17:00,26.599999999999994
20-10 18:00,26.199999999999996
20-10 19:00,30.800000000000004
20-10 20:00,30.900000000000006
20-10 21:00,22.700000000000003
20-10 22:00,17.900000000000006
20-10 23:00,11.799999999999997
21-10 00:00,15.799999999999997
21-10 01:00,12.89999999999999
21-10 02:00,18.400000000000002
21-10 03:00,17.200000000000003
21-10 04:00,34.300000000000026
21-10 05:00,52.20000000000001
21-10 06:00,105.99999999999996
21-10 07:00,110.0
21-10 08:00,111.59999999999997
21-10 09:00,105.30000000000001
21-10 10:00,109.70000000000005
21-10 11:00,92.5
21-10 12:00,89.10000000000004
21-10 13:00,116.89999999999998
21-10 14:00,105.00000000000001
21-10 15:00,90.19999999999999
21-10 16:00,100.79999999999995
21-10 17:00,120.89999999999999
21-10 18:00,134.60000000000005
21-10 19:00,143.19999999999996
21-10 20:00,146.90000000000003
21-10 21:00,139.99999999999994
21-10 22:00,96.49999999999996
21-10 23:00,78.30000000000004
22-10 00:00,67.90000000000003
22-10 01:00,73.80000000000001
22-10 02:00,75.00000000000001
22-10 03:00,84.69999999999999
22-10 04:00,100.59999999999997
22-10 05:00,149.0
22-10 06:00,212.69999999999987
22-10 07:00,169.4
22-10 08:00,127.50000000000003
22-10 09:00,124.40000000000003
22-10 10:00,113.09999999999998
22-10 11:00,107.59999999999998
22-10 12:00,89.39999999999996
22-10 13:00,98.39999999999993
22-10 14:00,86.69999999999997
22-10 15:00,94.19999999999996
22-10 16:00,96.99999999999996
22-10 17:00,103.40000000000002
22-10 18:00,123.99999999999999
22-10 19:00,142.79999999999998
22-10 20:00,146.79999999999993
22-10 21:00,159.59999999999997
22-10 22:00,98.19999999999995
22-10 23:00,76.60000000000004
23-10 00:00,72.50000000000001
23-10 01:00,68.9
23-10 02:00,62.000000000000014
23-10 03:00,70.30000000000001
23-10 04:00,81.39999999999996
23-10 05:00,119.20000000000005
23-10 06:00,177.0999999999999
23-10 07:00,161.70000000000002
23-10 08:00,134.70000000000002
23-10 09:00,110.99999999999996
23-10 10:00,103.40000000000002
23-10 11:00,108.89999999999996
23-10 12:00,93.29999999999997
23-10 13:00,86.60000000000001
23-10 14:00,88.1
23-10 15:00,98.49999999999997
23-10 16:00,113.19999999999997
23-10 17:00,133.2
23-10 18:00,146.40000000000003
23-10 19:00,152.7
23-10 20:00,165.79999999999995
23-10 21:00,161.10000000000002
23-10 22:00,103.29999999999997
23-10 23:00,90.8
24-10 00:00,87.19999999999999
24-10 01:00,86.29999999999995
24-10 02:00,91.39999999999996
24-10 03:00,85.19999999999999
24-10 04:00,115.29999999999991
24-10 05:00,160.7
24-10 06:00,224.19999999999996
24-10 07:00,194.39999999999984
24-10 08:00,160.6
24-10 09:00,137.9
24-10 10:00,109.19999999999997
24-10 11:00,99.3
24-10 12:00,86.19999999999997
24-10 13:00,74.39999999999995
24-10 14:00,70.59999999999998
24-10 15:00,79.19999999999999
24-10 16:00,93.89999999999998
24-10 17:00,116.59999999999998
24-10 18:00,140.0
24-10 19:00,152.29999999999998
24-10 20:00,154.49999999999994
24-10 21:00,156.20000000000002
24-10 22:00,95.59999999999995
24-10 23:00,77.00000000000004
25-10 00:00,70.8
25-10 01:00,65.30000000000004
25-10 02:00,69.10000000000001
25-10 03:00,75.10000000000001
25-10 04:00,92.29999999999993
25-10 05:00,129.90000000000003
25-10 06:00,176.5999999999999
25-10 07:00,159.39999999999998
25-10 08:00,123.19999999999999
25-10 09:00,88.80000000000001
25-10 10:00,72.9
25-10 11:00,56.39999999999998
25-10 12:00,51.80000000000002
25-10 13:00,53.00000000000002
25-10 14:00,49.70000000000001
25-10 15:00,51.99999999999999
25-10 16:00,70.39999999999999
25-10 17:00,80.69999999999999
25-10 18:00,95.80000000000001
25-10 19:00,102.59999999999997
25-10 20:00,107.79999999999998
25-10 21:00,96.90000000000002
25-10 22:00,54.50000000000001
25-10 23:00,43.00000000000003
26-10 00:00,39.40000000000003
26-10 01:00,35.20000000000003
26-10 02:00,39.59999999999998
26-10 03:00,37.3
26-10 04:00,46.10000000000001
26-10 05:00,64.7
26-10 06:00,103.89999999999999
26-10 07:00,97.4
26-10 08:00,75.20000000000002
26-10 09:00,53.10000000000001
26-10 10:00,46.300000000000004
26-10 11:00,46.6
26-10 12:00,41.19999999999998
26-10 13:00,39.000000000000014
26-10 14:00,38.6
26-10 15:00,37.0
26-10 16:00,55.099999999999994
26-10 17:00,64.49999999999997
26-10 18:00,68.7
26-10 19:00,85.30000000000004
26-10 20:00,105.7
26-10 21:00,98.20000000000002
26-10 22:00,58.299999999999976
26-10 23:00,41.30000000000002
27-10 00:00,39.80000000000002
27-10 01:00,37.90000000000004
27-10 02:00,35.50000000000003
27-10 03:00,25.199999999999992
27-10 04:00,39.400000000000006
27-10 05:00,50.70000000000001
27-10 06:00,67.20000000000002
27-10 07:00,57.80000000000001
27-10 08:00,63.09999999999998
27-10 09:00,67.60000000000002
27-10 10:00,65.59999999999998
27-10 11:00,64.49999999999997
27-10 12:00,56.80000000000003
27-10 13:00,53.099999999999994
27-10 14:00,46.6
27-10 15:00,43.1
27-10 16:00,55.000000000000014
27-10 17:00,75.9
27-10 18:00,78.40000000000005
27-10 19:00,94.90000000000003
27-10 20:00,97.90000000000003
27-10 21:00,86.4
27-10 22:00,67.2
27-10 23:00,56.400000000000006
28-10 00:00,61.599999999999994
28-10 01:00,52.80000000000003
28-10 02:00,52.00000000000001
28-10 03:00,57.79999999999999
28-10 04:00,70.30000000000003
28-10 05:00,90.39999999999993
28-10 06:00,124.29999999999995
28-10 07:00,115.0
28-10 08:00,110.99999999999996
28-10 09:00,111.79999999999998
28-10 10:00,94.19999999999997
28-10 11:00,84.39999999999998
28-10 12:00,73.89999999999999
28-10 13:00,68.7
28-10 14:00,70.50000000000001
28-10 15:00,79.9
28-10 16:00,95.4
28-10 17:00,109.50000000000001
28-10 18:00,120.90000000000008
28-10 19:00,129.49999999999994
28-10 20:00,131.4000000000001
28-10 21:00,131.20000000000002
28-10 22:00,80.89999999999998
28-10 23:00,66.6
29-10 00:00,58.500000000000014
29-10 01:00,56.90000000000002
29-10 02:00,48.199999999999996
29-10 03:00,50.3
29-10 04:00,60.500000000000014
29-10 05:00,76.30000000000004
29-10 06:00,126.19999999999999
29-10 07:00,111.89999999999999
29-10 08:00,94.4
29-10 09:00,72.70000000000002
29-10 10:00,62.499999999999986
29-10 11:00,48.20000000000002
29-10 12:00,42.99999999999999
29-10 13:00,41.29999999999999
29-10 14:00,38.19999999999999
29-10 15:00,42.1
29-10 16:00,50.500000000000036
29-10 17:00,66.49999999999999
29-10 18:00,64.79999999999998
29-10 19:00,80.4
29-10 20:00,87.60000000000001
29-10 21:00,77.39999999999996
29-10 22:00,48.20000000000001
29-10 23:00,40.30000000000001
30-10 00:00,32.4
30-10 01:00,28.500000000000007
30-10 02:00,26.399999999999995
30-10 03:00,27.900000000000002
30-10 04:00,35.00000000000003
30-10 05:00,49.2
30-10 06:00,92.59999999999998
30-10 07:00,94.60000000000001
30-10 08:00,79.80000000000005
30-10 09:00,65.3
30-10 10:00,59.29999999999998
30-10 11:00,58.69999999999998
30-10 12:00,56.39999999999998
30-10 13:00,56.79999999999998
30-10 14:00,52.40000000000001
30-10 15:00,62.199999999999996
30-10 16:00,62.099999999999994
30-10 17:00,70.50000000000001
30-10 18:00,80.60000000000007
30-10 19:00,89.00000000000004
30-10 20:00,89.00000000000001
30-10 21:00,85.60000000000002
30-10 22:00,54.79999999999999
30-10 23:00,39.10000000000001
31-10 00:00,42.10000000000003
31-10 01:00,38.100000000000044
31-10 02:00,32.10000000000001
31-10 03:00,40.59999999999998
31-10 04:00,45.70000000000002
31-10 05:00,73.20000000000003
31-10 06:00,108.19999999999999
31-10 07:00,108.8
31-10 08:00,85.90000000000005
31-10 09:00,60.00000000000001
31-10 10:00,47.20000000000001
31-10 11:00,42.19999999999998
31-10 12:00,41.499999999999986
31-10 13:00,40.399999999999984
31-10 14:00,39.19999999999999
31-10 15:00,39.3
31-10 16:00,43.50000000000001
31-10 17:00,47.80000000000002
31-10 18:00,65.89999999999999
31-10 19:00,83.60000000000004
31-10 20:00,101.10000000000002
31-10 21:00,102.00000000000001
31-10 22:00,80.89999999999998
31-10 23:00,79.60000000000005
01-11 00:00,105.70000000000002
01-11 01:00,91.89999999999996
01-11 02:00,92.49999999999996
01-11 03:00,89.3
01-11 04:00,88.29999999999998
01-11 05:00,131.79999999999993
01-11 06:00,186.4999999999999
01-11 07:00,173.69999999999993
01-11 08:00,146.90000000000006
01-11 09:00,156.59999999999994
01-11 10:00,139.0
01-11 11:00,129.89999999999998
01-11 12:00,120.69999999999999
01-11 13:00,109.69999999999999
01-11 14:00,110.30000000000004
01-11 15:00,111.49999999999999
01-11 16:00,120.00000000000001
01-11 17:00,137.99999999999994
01-11 18:00,154.40000000000006
01-11 19:00,164.4
01-11 20:00,173.99999999999994
01-11 21:00,174.40000000000003
01-11 22:00,109.49999999999993
01-11 23:00,84.10000000000001
02-11 00:00,76.20000000000002
02-11 01:00,67.5
02-11 02:00,70.10000000000001
02-11 03:00,74.2
02-11 04:00,78.6
02-11 05:00,124.6
02-11 06:00,183.4999999999999
02-11 07:00,170.59999999999994
02-11 08:00,147.29999999999993
02-11 09:00,134.80000000000004
02-11 10:00,117.10000000000004
02-11 11:00,118.70000000000002
02-11 12:00,98.09999999999994
02-11 13:00,101.19999999999996
02-11 14:00,99.29999999999995
02-11 15:00,110.19999999999996
02-11 16:00,128.69999999999996
02-11 17:00,145.20000000000002
02-11 18:00,152.70000000000013
02-11 19:00,179.49999999999986
02-11 20:00,170.99999999999994
02-11 21:00,172.79999999999993
02-11 22:00,107.49999999999993
02-11 23:00,88.5
03-11 00:00,73.89999999999999
03-11 01:00,64.80000000000005
03-11 02:00,71.10000000000002
03-11 03:00,71.10000000000001
03-11 04:00,83.69999999999997
03-11 05:00,132.7
03-11 06:00,162.4999999999999
03-11 07:00,169.39999999999998
03-11 08:00,141.30000000000004
03-11 09:00,147.09999999999994
03-11 10:00,133.29999999999995
03-11 11:00,128.79999999999998
03-11 12:00,131.4
03-11 13:00,117.09999999999998
03-11 14:00,126.40000000000005
03-11 15:00,126.20000000000006
03-11 16:00,135.29999999999998
03-11 17:00,148.20000000000007
03-11 18:00,145.70000000000005
03-11 19:00,184.19999999999996
03-11 20:00,166.89999999999998
03-11 21:00,169.49999999999997
03-11 22:00,115.49999999999997
03-11 23:00,86.20000000000003
04-11 00:00,105.90000000000002
04-11 01:00,91.29999999999997
04-11 02:00,95.49999999999994
04-11 03:00,81.89999999999999
04-11 04:00,101.49999999999997
04-11 05:00,137.79999999999993
04-11 06:00,197.2999999999999
04-11 07:00,191.59999999999994
04-11 08:00,168.40000000000006
04-11 09:00,190.00000000000003
04-11 10:00,183.89999999999992
04-11 11:00,171.80000000000007
04-11 12:00,142.4
04-11 13:00,130.3
04-11 14:00,138.60000000000002
04-11 15:00,136.1
04-11 16:00,146.60000000000002
04-11 17:00,182.60000000000005
04-11 18:00,189.89999999999992
04-11 19:00,194.59999999999997
04-11 20:00,208.49999999999997
04-11 21:00,187.8
04-11 22:00,105.39999999999995
04-11 23:00,90.9
05-11 00:00,80.59999999999998
05-11 01:00,79.89999999999999
05-11 02:00,72.70000000000002
05-11 03:00,81.49999999999999
05-11 04:00,95.49999999999993
05-11 05:00,136.10000000000002
05-11 06:00,206.99999999999983
05-11 07:00,183.7999999999999
05-11 08:00,154.79999999999998
05-11 09:00,134.7
05-11 10:00,126.60000000000005
05-11 11:00,119.89999999999996
05-11 12:00,108.99999999999996
05-11 13:00,108.29999999999995
05-11 14:00,114.59999999999998
05-11 15:00,113.29999999999998
05-11 16:00,127.69999999999995
05-11 17:00,133.19999999999996
05-11 18:00,163.4
05-11 19:00,173.09999999999994
05-11 20:00,159.4
05-11 21:00,171.79999999999993
05-11 22:00,87.79999999999998
05-11 23:00,64.7
06-11 00:00,69.1
06-11 01:00,66.10000000000004
06-11 02:00,65.5
06-11 03:00,66.3
06-11 04:00,83.39999999999996
06-11 05:00,143.9
06-11 06:00,197.49999999999991
06-11 07:00,200.89999999999992
06-11 08:00,172.19999999999996
06-11 09:00,138.59999999999997
06-11 10:00,129.00000000000003
06-11 11:00,130.20000000000002
06-11 12:00,115.49999999999999
06-11 13:00,117.69999999999996
06-11 14:00,125.89999999999996
06-11 15:00,130.29999999999995
06-11 16:00,143.10000000000002
06-11 17:00,149.90000000000006
06-11 18:00,155.80000000000004
06-11 19:00,184.59999999999994
06-11 20:00,207.29999999999995
06-11 21:00,194.09999999999985
06-11 22:00,119.79999999999995
06-11 23:00,110.30000000000005
07-11 00:00,98.39999999999998
07-11 01:00,107.29999999999997
07-11 02:00,98.7
07-11 03:00,88.99999999999997
07-11 04:00,106.69999999999997
07-11 05:00,164.29999999999998
07-11 06:00,233.1999999999999
07-11 07:00,231.29999999999993
07-11 08:00,206.8999999999999
07-11 09:00,185.2
07-11 10:00,154.20000000000002
07-11 11:00,135.7
07-11 12:00,119.79999999999995
07-11 13:00,123.60000000000001
07-11 14:00,122.5
07-11 15:00,118.99999999999997
07-11 16:00,129.39999999999995
07-11 17:00,157.10000000000005
07-11 18:00,164.4
07-11 19:00,170.69999999999996
07-11 20:00,185.29999999999993
07-11 21:00,187.99999999999991
07-11 22:00,97.69999999999995
07-11 23:00,77.40000000000005
08-11 00:00,79.09999999999998
08-11 01:00,71.10000000000001
08-11 02:00,68.9
08-11 03:00,64.5
08-11 04:00,66.40000000000002
08-11 05:00,114.19999999999999
08-11 06:00,150.5
08-11 07:00,154.7999999999999
08-11 08:00,126.30000000000001
08-11 09:00,123.50000000000006
08-11 10:00,110.89999999999998
08-11 11:00,110.69999999999997
08-11 12:00,102.79999999999998
08-11 13:00,99.29999999999993
08-11 14:00,96.59999999999995
08-11 15:00,99.99999999999997
08-11 16:00,99.79999999999997
08-11 17:00,109.89999999999998
08-11 18:00,120.70000000000003
08-11 19:00,126.19999999999997
08-11 20:00,126.89999999999998
08-11 21:00,136.09999999999994
08-11 22:00,80.49999999999996
08-11 23:00,61.400000000000006
09-11 00:00,52.00000000000003
09-11 01:00,58.400000000000034
09-11 02:00,54.49999999999999
09-11 03:00,53.29999999999999
09-11 04:00,70.8
09-11 05:00,99.5
09-11 06:00,159.39999999999998
09-11 07:00,158.7
09-11 08:00,125.20000000000002
09-11 09:00,120.00000000000004
09-11 10:00,112.8
09-11 11:00,102.9
09-11 12:00,93.19999999999996
09-11 13:00,98.79999999999994
09-11 14:00,96.69999999999995
09-11 15:00,96.49999999999996
09-11 16:00,103.79999999999997
09-11 17:00,118.2
09-11 18:00,123.60000000000007
09-11 19:00,137.0
09-11 20:00,137.59999999999997
09-11 21:00,130.69999999999996
09-11 22:00,77.19999999999992
09-11 23:00,72.00000000000001
10-11 00:00,67.59999999999998
10-11 01:00,60.50000000000002
10-11 02:00,57.6
10-11 03:00,56.59999999999998
10-11 04:00,70.00000000000001
10-11 05:00,90.69999999999999
10-11 06:00,132.69999999999993
10-11 07:00,127.10000000000002
10-11 08:00,123.8
10-11 09:00,139.09999999999997
10-11 10:00,127.69999999999997
10-11 11:00,116.59999999999998
10-11 12:00,108.29999999999998
10-11 13:00,106.4
10-11 14:00,109.90000000000003
10-11 15:00,98.9
10-11 16:00,116.89999999999999
10-11 17:00,120.40000000000005
10-11 18:00,122.00000000000006
10-11 19:00,138.20000000000002
10-11 20:00,144.49999999999997
10-11 21:00,136.19999999999996
10-11 22:00,86.39999999999999
10-11 23:00,67.89999999999996
11-11 00:00,60.19999999999999
11-11 01:00,54.50000000000003
11-11 02:00,63.80000000000003
11-11 03:00,61.40000000000001
11-11 04:00,68.10000000000002
11-11 05:00,94.49999999999994
11-11 06:00,128.89999999999995
11-11 07:00,124.39999999999995
11-11 08:00,114.49999999999999
11-11 09:00,123.69999999999996
11-11 10:00,124.99999999999999
11-11 11:00,110.6
11-11 12:00,111.09999999999998
11-11 13:00,97.50000000000003
11-11 14:00,90.50000000000007
11-11 15:00,92.60000000000001
11-11 16:00,102.89999999999996
11-11 17:00,106.99999999999999
11-11 18:00,101.4
11-11 19:00,121.19999999999996
11-11 20:00,116.90000000000003
11-11 21:00,113.69999999999997
11-11 22:00,61.199999999999996
11-11 23:00,55.30000000000001
12-11 00:00,47.1
12-11 01:00,42.30000000000002
12-11 02:00,45.599999999999994
12-11 03:00,57.69999999999999
12-11 04:00,72.10000000000001
12-11 05:00,105.50000000000003
12-11 06:00,180.69999999999993
12-11 07:00,174.09999999999994
12-11 08:00,136.6
12-11 09:00,121.00000000000003
12-11 10:00,100.3
12-11 11:00,104.89999999999999
12-11 12:00,95.19999999999997
12-11 13:00,100.69999999999997
12-11 14:00,84.30000000000001
12-11 15:00,96.49999999999996
12-11 16:00,102.29999999999994
12-11 17:00,130.9
12-11 18:00,157.20000000000002
12-11 19:00,165.59999999999997
12-11 20:00,170.89999999999992
12-11 21:00,160.5
12-11 22:00,111.69999999999996
12-11 23:00,102.10000000000001
13-11 00:00,97.79999999999997
13-11 01:00,95.1999999999999
13-11 02:00,84.49999999999997
13-11 03:00,86.89999999999998
13-11 04:00,100.69999999999996
13-11 05:00,157.59999999999994
13-11 06:00,212.39999999999992
13-11 07:00,206.4999999999999
13-11 08:00,180.7
13-11 09:00,158.80000000000004
13-11 10:00,135.69999999999996
13-11 11:00,121.39999999999998
13-11 12:00,123.00000000000001
13-11 13:00,107.19999999999995
13-11 14:00,102.69999999999995
13-11 15:00,119.09999999999998
13-11 16:00,148.20000000000002
13-11 17:00,167.10000000000005
13-11 18:00,179.2
13-11 19:00,185.29999999999995
13-11 20:00,187.79999999999995
13-11 21:00,212.39999999999992
13-11 22:00,123.20000000000002
13-11 23:00,113.2
14-11 00:00,106.3
14-11 01:00,99.39999999999998
14-11 02:00,102.30000000000003
14-11 03:00,118.0
14-11 04:00,118.89999999999988
14-11 05:00,173.69999999999993
14-11 06:00,252.59999999999982
14-11 07:00,234.7999999999999
14-11 08:00,187.29999999999995
14-11 09:00,170.49999999999997
14-11 10:00,159.00000000000003
14-11 11:00,154.69999999999996
14-11 12:00,145.00000000000003
14-11 13:00,138.4
14-11 14:00,130.69999999999996
14-11 15:00,126.09999999999994
14-11 16:00,140.20000000000005
14-11 17:00,159.30000000000007
14-11 18:00,178.49999999999994
14-11 19:00,190.59999999999994
14-11 20:00,187.6999999999999
14-11 21:00,196.1999999999998
14-11 22:00,116.6
14-11 23:00,100.30000000000001
15-11 00:00,99.19999999999995
15-11 01:00,102.39999999999996
15-11 02:00,100.0
15-11 03:00,113.79999999999997
15-11 04:00,134.19999999999993
15-11 05:00,200.4
15-11 06:00,286.8
15-11 07:00,285.2999999999999
15-11 08:00,230.19999999999996
15-11 09:00,209.09999999999994
15-11 10:00,162.1
15-11 11:00,146.70000000000002
15-11 12:00,137.50000000000003
15-11 13:00,143.00000000000003
15-11 14:00,143.80000000000004
15-11 15:00,151.19999999999996
15-11 16:00,191.6
15-11 17:00,211.0000000000001
15-11 18:00,204.60000000000002
15-11 19:00,235.5999999999999
15-11 20:00,219.7999999999999
15-11 21:00,213.39999999999986
15-11 22:00,122.29999999999998
15-11 23:00,100.90000000000002
16-11 00:00,99.49999999999994
16-11 01:00,101.7
16-11 02:00,97.10000000000004
16-11 03:00,100.2
16-11 04:00,120.59999999999992
16-11 05:00,168.89999999999998
16-11 06:00,254.7999999999999
16-11 07:00,240.3999999999998
16-11 08:00,231.39999999999992
16-11 09:00,185.29999999999998
16-11 10:00,184.49999999999991
16-11 11:00,180.39999999999998
16-11 12:00,173.20000000000005
16-11 13:00,168.60000000000005
16-11 14:00,161.79999999999998
16-11 15:00,167.00000000000003
16-11 16:00,186.20000000000002
16-11 17:00,199.50000000000003
16-11 18:00,202.60000000000002
16-11 19:00,225.09999999999994
16-11 20:00,222.59999999999985
16-11 21:00,226.99999999999991
16-11 22:00,122.8
16-11 23:00,112.30000000000004
17-11 00:00,103.69999999999999
17-11 01:00,103.39999999999999
17-11 02:00,110.39999999999995
17-11 03:00,106.10000000000001
17-11 04:00,125.19999999999997
17-11 05:00,173.1999999999999
17-11 06:00,249.99999999999986
17-11 07:00,235.49999999999986
17-11 08:00,218.00000000000006
17-11 09:00,236.6
17-11 10:00,209.60000000000005
17-11 11:00,197.1
17-11 12:00,191.5999999999999
17-11 13:00,177.39999999999992
17-11 14:00,174.6
17-11 15:00,178.4
17-11 16:00,190.99999999999997
17-11 17:00,202.00000000000009
17-11 18:00,235.09999999999994
17-11 19:00,253.6999999999999
17-11 20:00,222.90000000000003
17-11 21:00,227.49999999999994
17-11 22:00,133.7
17-11 23:00,116.90000000000005
18-11 00:00,105.2
18-11 01:00,117.59999999999994
18-11 02:00,107.89999999999998
18-11 03:00,97.90000000000003
18-11 04:00,120.09999999999995
18-11 05:00,168.89999999999986
18-11 06:00,228.59999999999985
18-11 07:00,220.40000000000003
18-11 08:00,210.90000000000003
18-11 09:00,181.09999999999985
18-11 10:00,189.1
18-11 11:00,168.1000000000001
18-11 12:00,177.20000000000005
18-11 13:00,148.5
18-11 14:00,152.10000000000002
18-11 15:00,148.2
18-11 16:00,163.19999999999996
18-11 17:00,174.40000000000003
18-11 18:00,187.29999999999993
18-11 19:00,179.5
18-11 20:00,196.99999999999997
18-11 21:00,175.49999999999997
18-11 22:00,101.89999999999995
18-11 23:00,78.50000000000004
19-11 00:00,64.30000000000001
19-11 01:00,65.90000000000005
19-11 02:00,62.400000000000006
19-11 03:00,63.3
19-11 04:00,76.50000000000003
19-11 05:00,112.20000000000003
19-11 06:00,170.59999999999997
19-11 07:00,178.39999999999986
19-11 08:00,145.69999999999993
19-11 09:00,131.40000000000003
19-11 10:00,117.60000000000002
19-11 11:00,129.90000000000003
19-11 12:00,132.4
19-11 13:00,111.09999999999995
19-11 14:00,112.59999999999997
19-11 15:00,121.00000000000001
19-11 16:00,121.19999999999997
19-11 17:00,136.29999999999995
19-11 18:00,158.2
19-11 19:00,164.0
19-11 20:00,162.29999999999998
19-11 21:00,181.5
19-11 22:00,98.29999999999995
19-11 23:00,86.99999999999999
20-11 00:00,83.6
20-11 01:00,76.6
20-11 02:00,70.10000000000001
20-11 03:00,81.8
20-11 04:00,87.19999999999995
20-11 05:00,135.9
20-11 06:00,187.5999999999999
20-11 07:00,178.69999999999985
20-11 08:00,148.1999999999999
20-11 09:00,140.7
20-11 10:00,127.2
20-11 11:00,102.59999999999997
20-11 12:00,95.89999999999995
20-11 13:00,90.29999999999995
20-11 14:00,83.3
20-11 15:00,95.49999999999996
20-11 16:00,111.89999999999996
20-11 17:00,112.29999999999998
20-11 18:00,129.10000000000005
20-11 19:00,150.1999999999999
20-11 20:00,161.2999999999999
20-11 21:00,163.6
20-11 22:00,97.29999999999995
20-11 23:00,78.20000000000005
21-11 00:00,82.39999999999998
21-11 01:00,79.10000000000001
21-11 02:00,79.79999999999998
21-11 03:00,79.09999999999998
21-11 04:00,103.69999999999996
21-11 05:00,142.90000000000003
21-11 06:00,230.59999999999988
21-11 07:00,204.59999999999988
21-11 08:00,193.29999999999987
21-11 09:00,164.60000000000005
21-11 10:00,150.3
21-11 11:00,145.1
21-11 12:00,136.2
21-11 13:00,141.70000000000005
21-11 14:00,145.50000000000006
21-11 15:00,157.3
21-11 16:00,168.50000000000006
21-11 17:00,174.90000000000003
21-11 18:00,191.1
21-11 19:00,209.8999999999998
21-11 20:00,219.6999999999999
21-11 21:00,200.89999999999984
21-11 22:00,115.29999999999997
21-11 23:00,100.10000000000002
22-11 00:00,95.69999999999997
22-11 01:00,98.09999999999995
22-11 02:00,86.89999999999998
22-11 03:00,105.90000000000003
22-11 04:00,114.49999999999991
22-11 05:00,169.99999999999997
22-11 06:00,236.79999999999987
22-11 07:00,231.0999999999999
22-11 08:00,212.99999999999994
22-11 09:00,190.10000000000002
22-11 10:00,162.79999999999998
22-11 11:00,173.70000000000002
22-11 12:00,158.40000000000003
22-11 13:00,158.60000000000002
22-11 14:00,152.40000000000003
22-11 15:00,164.2
22-11 16:00,166.20000000000002
22-11 17:00,174.30000000000004
22-11 18:00,175.70000000000005
22-11 19:00,194.49999999999983
22-11 20:00,208.09999999999994
22-11 21:00,177.6999999999999
22-11 22:00,102.3
22-11 23:00,76.90000000000003
23-11 00:00,55.20000000000003
23-11 01:00,58.000000000000036
23-11 02:00,66.39999999999999
23-11 03:00,91.49999999999997
23-11 04:00,100.49999999999997
23-11 05:00,141.99999999999997
23-11 06:00,203.69999999999985
23-11 07:00,201.1999999999999
23-11 08:00,176.09999999999997
23-11 09:00,136.79999999999998
23-11 10:00,127.00000000000001
23-11 11:00,113.8
23-11 12:00,98.39999999999996
23-11 13:00,92.09999999999995
23-11 14:00,103.69999999999995
23-11 15:00,101.59999999999995
23-11 16:00,143.00000000000003
23-11 17:00,156.40000000000003
23-11 18:00,164.10000000000002
23-11 19:00,184.8999999999999
23-11 20:00,190.0999999999999
23-11 21:00,181.39999999999984
23-11 22:00,112.49999999999999
23-11 23:00,84.10000000000002
24-11 00:00,79.5
24-11 01:00,75.80000000000003
24-11 02:00,77.60000000000001
24-11 03:00,73.80000000000001
24-11 04:00,79.6
24-11 05:00,121.1
24-11 06:00,160.49999999999991
24-11 07:00,148.09999999999994
24-11 08:00,149.40000000000003
24-11 09:00,147.09999999999994
24-11 10:00,156.00000000000003
24-11 11:00,146.00000000000003
24-11 12:00,125.59999999999998
24-11 13:00,128.79999999999995
24-11 14:00,127.20000000000003
24-11 15:00,121.2
24-11 16:00,122.09999999999998
24-11 17:00,136.99999999999997
24-11 18:00,131.8
24-11 19:00,156.79999999999998
24-11 20:00,151.50000000000003
24-11 21:00,137.99999999999994
24-11 22:00,90.59999999999995
24-11 23:00,72.80000000000001
25-11 00:00,62.99999999999998
25-11 01:00,66.60000000000004
25-11 02:00,59.400000000000006
25-11 03:00,61.30000000000001
25-11 04:00,75.20000000000002
25-11 05:00,107.99999999999997
25-11 06:00,144.89999999999986
25-11 07:00,138.70000000000005
25-11 08:00,137.09999999999997
25-11 09:00,148.60000000000005
25-11 10:00,133.49999999999997
25-11 11:00,128.9
25-11 12:00,122.99999999999997
25-11 13:00,106.19999999999999
25-11 14:00,95.4
25-11 15:00,110.09999999999998
25-11 16:00,105.1
25-11 17:00,111.69999999999996
25-11 18:00,124.60000000000007
25-11 19:00,128.0
25-11 20:00,137.5
25-11 21:00,131.6
25-11 22:00,74.69999999999995
25-11 23:00,50.400000000000006
26-11 00:00,43.00000000000002
26-11 01:00,33.500000000000014
26-11 02:00,34.30000000000001
26-11 03:00,22.7
26-11 04:00,30.100000000000012
26-11 05:00,52.699999999999996
26-11 06:00,102.10000000000002
26-11 07:00,97.60000000000001
26-11 08:00,88.0
26-11 09:00,81.10000000000008
26-11 10:00,74.60000000000001
26-11 11:00,79.39999999999998
26-11 12:00,86.1
26-11 13:00,70.69999999999999
26-11 14:00,71.89999999999999
26-11 15:00,85.10000000000001
26-11 16:00,97.59999999999994
26-11 17:00,111.09999999999995
26-11 18:00,123.30000000000007
26-11 19:00,133.89999999999998
26-11 20:00,141.00000000000003
26-11 21:00,146.09999999999997
26-11 22:00,102.10000000000002
26-11 23:00,91.0
27-11 00:00,96.19999999999995
27-11 01:00,81.09999999999998
27-11 02:00,84.29999999999997
27-11 03:00,87.29999999999998
27-11 04:00,93.99999999999993
27-11 05:00,132.00000000000006
27-11 06:00,203.09999999999982
27-11 07:00,180.79999999999984
27-11 08:00,146.99999999999991
27-11 09:00,151.70000000000007
27-11 10:00,152.7000000000001
27-11 11:00,125.70000000000002
27-11 12:00,119.09999999999997
27-11 13:00,124.80000000000004
27-11 14:00,113.3
27-11 15:00,117.39999999999998
27-11 16:00,120.99999999999997
27-11 17:00,130.6
27-11 18:00,154.49999999999997
27-11 19:00,164.59999999999997
27-11 20:00,145.09999999999994
27-11 21:00,157.6
27-11 22:00,81.89999999999996
27-11 23:00,83.50000000000001
28-11 00:00,65.79999999999998
28-11 01:00,65.60000000000005
28-11 02:00,57.89999999999999
28-11 03:00,68.9
28-11 04:00,85.19999999999997
28-11 05:00,118.60000000000002
28-11 06:00,189.59999999999994
28-11 07:00,158.8
28-11 08:00,160.10000000000002
28-11 09:00,138.8
28-11 10:00,124.89999999999999
28-11 11:00,126.10000000000007
28-11 12:00,103.29999999999997
28-11 13:00,125.49999999999997
28-11 14:00,116.79999999999998
28-11 15:00,113.99999999999999
28-11 16:00,138.00000000000003
28-11 17:00,148.30000000000007
28-11 18:00,152.50000000000006
28-11 19:00,173.29999999999993
28-11 20:00,177.6999999999999
28-11 21:00,183.19999999999987
28-11 22:00,105.09999999999995
28-11 23:00,96.90000000000002
29-11 00:00,90.10000000000001
29-11 01:00,94.09999999999992
29-11 02:00,99.00000000000001
29-11 03:00,98.60000000000001
29-11 04:00,113.49999999999993
29-11 05:00,191.7
29-11 06:00,266.0
29-11 07:00,233.1999999999999
29-11 08:00,198.29999999999995
29-11 09:00,186.39999999999998
29-11 10:00,177.40000000000006
29-11 11:00,156.20000000000002
29-11 12:00,166.09999999999997
29-11 13:00,145.60000000000008
29-11 14:00,144.00000000000006
29-11 15:00,153.70000000000002
29-11 16:00,156.00000000000003
29-11 17:00,184.49999999999997
29-11 18:00,203.90000000000003
29-11 19:00,224.89999999999992
29-11 20:00,217.99999999999991
29-11 21:00,209.3999999999998
29-11 22:00,114.69999999999997
29-11 23:00,95.10000000000002
30-11 00:00,91.69999999999997
30-11 01:00,89.79999999999994
30-11 02:00,89.89999999999998
30-11 03:00,89.99999999999997
30-11 04:00,111.39999999999993
30-11 05:00,171.99999999999994
30-11 06:00,242.19999999999993
30-11 07:00,236.19999999999987
30-11 08:00,214.39999999999998
30-11 09:00,201.10000000000002
30-11 10:00,196.20000000000002
30-11 11:00,194.59999999999994
30-11 12:00,182.19999999999996
30-11 13:00,163.79999999999993
30-11 14:00,168.0
30-11 15:00,182.60000000000002
30-11 16:00,186.3
30-11 17:00,185.89999999999995
30-11 18:00,223.49999999999991
30-11 19:00,230.2999999999999
30-11 20:00,244.6
30-11 21:00,243.0999999999999
30-11 22:00,139.70000000000005
30-11 23:00,131.20000000000002
01-12 00:00,116.49999999999997
01-12 01:00,112.49999999999997
01-12 02:00,114.39999999999992
01-12 03:00,114.19999999999997
01-12 04:00,125.79999999999997
01-12 05:00,195.0
01-12 06:00,260.29999999999984
01-12 07:00,266.4
01-12 08:00,237.10000000000002
01-12 09:00,231.49999999999994
01-12 10:00,216.59999999999997
01-12 11:00,234.70000000000007
01-12 12:00,216.99999999999994
01-12 13:00,217.29999999999993
01-12 14:00,217.50000000000006
01-12 15:00,220.90000000000012
01-12 16:00,240.90000000000003
01-12 17:00,278.8999999999999
01-12 18:00,273.7999999999999
01-12 19:00,286.20000000000005
01-12 20:00,314.1999999999999
01-12 21:00,275.0999999999999
01-12 22:00,167.10000000000002
01-12 23:00,174.59999999999997
02-12 00:00,144.0
02-12 01:00,134.29999999999995
02-12 02:00,149.49999999999994
02-12 03:00,141.6
02-12 04:00,152.49999999999997
02-12 05:00,230.59999999999985
02-12 06:00,317.3000000000001
02-12 07:00,328.60000000000014
02-12 08:00,248.99999999999997
02-12 09:00,283.70000000000005
02-12 10:00,250.50000000000006
02-12 11:00,261.09999999999997
02-12 12:00,240.59999999999988
02-12 13:00,237.89999999999998
02-12 14:00,198.50000000000006
02-12 15:00,237.70000000000005
02-12 16:00,240.19999999999996
02-12 17:00,270.49999999999994
02-12 18:00,284.79999999999995
02-12 19:00,273.29999999999995
02-12 20:00,317.5999999999999
02-12 21:00,312.3999999999999
02-12 22:00,176.5
02-12 23:00,135.8
03-12 00:00,115.09999999999998
03-12 01:00,122.69999999999996
03-12 02:00,114.09999999999997
03-12 03:00,118.50000000000001
03-12 04:00,136.39999999999998
03-12 05:00,190.19999999999996
03-12 06:00,291.9
03-12 07:00,279.6
03-12 08:00,248.5999999999999
03-12 09:00,209.00000000000006
03-12 10:00,212.30000000000013
03-12 11:00,196.99999999999997
03-12 12:00,180.79999999999998
03-12 13:00,179.99999999999994
03-12 14:00,184.4
03-12 15:00,185.5
03-12 16:00,188.0
03-12 17:00,206.20000000000005
03-12 18:00,221.10000000000002
03-12 19:00,238.29999999999987
03-12 20:00,263.0
03-12 21:00,243.29999999999993
03-12 22:00,134.99999999999997
03-12 23:00,125.89999999999999
04-12 00:00,101.60000000000001
04-12 01:00,103.69999999999996
04-12 02:00,105.70000000000002
04-12 03:00,107.10000000000001
04-12 04:00,127.79999999999997
04-12 05:00,216.1
04-12 06:00,293.59999999999997
04-12 07:00,285.59999999999997
04-12 08:00,245.79999999999995
04-12 09:00,229.3
04-12 10:00,223.50000000000006
04-12 11:00,226.09999999999997
04-12 12:00,218.00000000000006
04-12 13:00,206.40000000000006
04-12 14:00,205.7000000000001
04-12 15:00,222.69999999999993
04-12 16:00,216.40000000000006
04-12 17:00,238.3000000000001
04-12 18:00,230.79999999999995
04-12 19:00,258.0
04-12 20:00,255.59999999999988
04-12 21:00,220.1999999999999
04-12 22:00,133.59999999999997
04-12 23:00,100.90000000000002
05-12 00:00,99.19999999999993
05-12 01:00,95.2999999999999
05-12 02:00,95.80000000000003
05-12 03:00,102.40000000000002
05-12 04:00,104.89999999999992
05-12 05:00,183.79999999999998
05-12 06:00,244.19999999999993
05-12 07:00,232.49999999999991
05-12 08:00,216.59999999999994
05-12 09:00,192.1
05-12 10:00,185.39999999999998
05-12 11:00,183.99999999999994
05-12 12:00,161.10000000000002
05-12 13:00,168.50000000000003
05-12 14:00,154.8
05-12 15:00,170.30000000000004
05-12 16:00,177.20000000000002
05-12 17:00,199.60000000000005
05-12 18:00,211.7
05-12 19:00,227.69999999999993
05-12 20:00,243.99999999999994
05-12 21:00,228.29999999999993
05-12 22:00,120.89999999999998
05-12 23:00,124.8
06-12 00:00,111.0
06-12 01:00,107.09999999999997
06-12 02:00,102.90000000000003
06-12 03:00,99.4
06-12 04:00,126.59999999999995
06-12 05:00,208.60000000000005
06-12 06:00,274.8
06-12 07:00,273.59999999999997
06-12 08:00,239.79999999999998
06-12 09:00,240.20000000000002
06-12 10:00,212.9000000000001
06-12 11:00,190.20000000000002
06-12 12:00,209.50000000000006
06-12 13:00,206.10000000000002
06-12 14:00,218.10000000000002
06-12 15:00,213.90000000000006
06-12 16:00,201.4
06-12 17:00,261.1
06-12 18:00,240.80000000000004
06-12 19:00,249.49999999999991
06-12 20:00,281.1000000000001
06-12 21:00,262.2999999999999
06-12 22:00,156.70000000000002
06-12 23:00,130.90000000000006
07-12 00:00,125.39999999999998
07-12 01:00,120.29999999999988
07-12 02:00,122.10000000000004
07-12 03:00,124.70000000000002
07-12 04:00,158.19999999999987
07-12 05:00,240.69999999999996
07-12 06:00,326.6000000000001
07-12 07:00,319.90000000000003
07-12 08:00,289.6
07-12 09:00,268.7
07-12 10:00,232.80000000000004
07-12 11:00,230.10000000000005
07-12 12:00,210.3000000000001
07-12 13:00,211.00000000000006
07-12 14:00,217.6
07-12 15:00,232.1
07-12 16:00,224.80000000000004
07-12 17:00,260.9000000000001
07-12 18:00,290.1999999999999
07-12 19:00,316.20000000000005
07-12 20:00,305.30000000000007
07-12 21:00,281.9
07-12 22:00,185.49999999999997
07-12 23:00,140.80000000000004
08-12 00:00,157.0
08-12 01:00,147.89999999999992
08-12 02:00,133.39999999999995
08-12 03:00,123.30000000000003
08-12 04:00,147.69999999999993
08-12 05:00,224.6999999999999
08-12 06:00,289.0999999999999
08-12 07:00,319.1000000000001
08-12 08:00,288.8
08-12 09:00,291.1
08-12 10:00,287.9999999999999
08-12 11:00,279.49999999999994
08-12 12:00,284.2000000000001
08-12 13:00,250.29999999999993
08-12 14:00,248.20000000000002
08-12 15:00,270.7999999999999
08-12 16:00,253.69999999999996
08-12 17:00,268.09999999999997
08-12 18:00,291.6999999999999
08-12 19:00,302.40000000000003
08-12 20:00,324.9999999999999
08-12 21:00,292.49999999999994
08-12 22:00,179.09999999999997
08-12 23:00,173.29999999999995
09-12 00:00,171.49999999999994
09-12 01:00,179.69999999999987
09-12 02:00,179.69999999999993
09-12 03:00,187.50000000000003
09-12 04:00,194.39999999999998
09-12 05:00,314.4
09-12 06:00,439.60000000000014
09-12 07:00,468.30000000000007
09-12 08:00,405.4
09-12 09:00,404.69999999999993
09-12 10:00,375.8999999999997
09-12 11:00,342.99999999999994
09-12 12:00,328.8000000000001
09-12 13:00,304.79999999999995
09-12 14:00,320.7999999999998
09-12 15:00,353.09999999999997
09-12 16:00,363.3
09-12 17:00,367.3
09-12 18:00,380.79999999999984
09-12 19:00,385.6999999999998
09-12 20:00,423.70000000000005
09-12 21:00,396.2
09-12 22:00,257.50000000000006
09-12 23:00,198.29999999999995
10-12 00:00,185.59999999999997
10-12 01:00,167.49999999999991
10-12 02:00,175.29999999999998
10-12 03:00,155.5
10-12 04:00,184.6999999999999
10-12 05:00,259.8
10-12 06:00,368.79999999999995
10-12 07:00,328.2000000000001
10-12 08:00,278.79999999999995
10-12 09:00,239.90000000000006
10-12 10:00,232.7000000000001
10-12 11:00,208.70000000000007
10-12 12:00,204.5
10-12 13:00,224.29999999999995
10-12 14:00,191.2
10-12 15:00,212.70000000000005
10-12 16:00,220.50000000000003
10-12 17:00,231.90000000000006
10-12 18:00,232.4
10-12 19:00,265.6999999999999
10-12 20:00,264.7999999999999
10-12 21:00,253.9999999999998
10-12 22:00,152.8
10-12 23:00,130.70000000000002
11-12 00:00,101.89999999999998
11-12 01:00,99.39999999999998
11-12 02:00,102.30000000000003
11-12 03:00,102.90000000000003
11-12 04:00,116.7999999999999
11-12 05:00,181.39999999999992
11-12 06:00,295.1
11-12 07:00,259.7999999999999
11-12 08:00,230.79999999999993
11-12 09:00,218.50000000000009
11-12 10:00,221.6000000000001
11-12 11:00,200.1
11-12 12:00,210.10000000000005
11-12 13:00,179.09999999999997
11-12 14:00,201.70000000000002
11-12 15:00,184.1
11-12 16:00,206.80000000000007
11-12 17:00,235.50000000000009
11-12 18:00,233.70000000000007
11-12 19:00,269.29999999999995
11-12 20:00,273.90000000000003
11-12 21:00,258.4999999999999
11-12 22:00,159.80000000000004
11-12 23:00,141.70000000000002
12-12 00:00,135.20000000000002
12-12 01:00,131.29999999999995
12-12 02:00,132.10000000000005
12-12 03:00,136.6
12-12 04:00,154.09999999999994
12-12 05:00,253.3
12-12 06:00,370.3999999999999
12-12 07:00,325.00000000000006
12-12 08:00,291.9999999999999
12-12 09:00,268.69999999999993
12-12 10:00,255.09999999999997
12-12 11:00,259.0
12-12 12:00,244.6
12-12 13:00,250.4
12-12 14:00,231.20000000000002
12-12 15:00,268.30000000000007
12-12 16:00,280.6000000000001
12-12 17:00,295.40000000000003
12-12 18:00,323.4999999999998
12-12 19:00,323.9
12-12 20:00,332.6
12-12 21:00,331.80000000000007
12-12 22:00,189.49999999999997
12-12 23:00,142.90000000000003
13-12 00:00,154.49999999999994
13-12 01:00,135.59999999999997
13-12 02:00,145.19999999999996
13-12 03:00,163.0
13-12 04:00,191.6999999999999
13-12 05:00,256.8
13-12 06:00,403.6000000000001
13-12 07:00,341.9
13-12 08:00,318.2
13-12 09:00,278.1999999999999
13-12 10:00,254.99999999999997
13-12 11:00,239.69999999999996
13-12 12:00,232.1000000000001
13-12 13:00,219.99999999999997
13-12 14:00,236.79999999999995
13-12 15:00,226.7000000000001
13-12 16:00,246.39999999999995
13-12 17:00,282.09999999999997
13-12 18:00,314.69999999999993
13-12 19:00,303.3
13-12 20:00,315.7999999999999
13-12 21:00,335.90000000000015
13-12 22:00,189.20000000000005
13-12 23:00,175.39999999999998
14-12 00:00,167.7
14-12 01:00,159.99999999999991
14-12 02:00,169.89999999999998
14-12 03:00,169.69999999999993
14-12 04:00,191.29999999999987
14-12 05:00,272.8
14-12 06:00,359.9
14-12 07:00,381.40000000000015
14-12 08:00,312.9999999999999
14-12 09:00,282.99999999999994
14-12 10:00,274.7
14-12 11:00,285.6
14-12 12:00,266.9
14-12 13:00,233.7
14-12 14:00,233.39999999999998
14-12 15:00,246.0
14-12 16:00,253.3
14-12 17:00,276.9
14-12 18:00,266.70000000000005
14-12 19:00,313.40000000000003
14-12 20:00,324.5000000000001
14-12 21:00,296.7
14-12 22:00,171.30000000000007
14-12 23:00,156.39999999999995
15-12 00:00,127.30000000000001
15-12 01:00,122.79999999999998
15-12 02:00,114.89999999999992
15-12 03:00,122.30000000000003
15-12 04:00,128.59999999999997
15-12 05:00,180.39999999999992
15-12 06:00,232.99999999999991
15-12 07:00,231.89999999999992
15-12 08:00,186.99999999999997
15-12 09:00,225.60000000000008
15-12 10:00,203.49999999999997
15-12 11:00,195.60000000000008
15-12 12:00,183.4999999999999
15-12 13:00,185.09999999999997
15-12 14:00,153.60000000000008
15-12 15:00,153.8
15-12 16:00,181.90000000000003
15-12 17:00,191.39999999999998
15-12 18:00,192.79999999999995
15-12 19:00,201.39999999999998
15-12 20:00,199.89999999999995
15-12 21:00,201.30000000000004
15-12 22:00,106.79999999999993
15-12 23:00,73.70000000000003
16-12 00:00,72.7
16-12 01:00,62.80000000000003
16-12 02:00,58.10000000000001
16-12 03:00,57.499999999999986
16-12 04:00,70.10000000000002
16-12 05:00,105.69999999999997
16-12 06:00,163.59999999999988
16-12 07:00,142.39999999999998
16-12 08:00,166.39999999999995
16-12 09:00,152.59999999999994
16-12 10:00,141.89999999999998
16-12 11:00,142.80000000000007
16-12 12:00,127.69999999999999
16-12 13:00,128.10000000000002
16-12 14:00,114.70000000000003
16-12 15:00,123.9
16-12 16:00,145.90000000000006
16-12 17:00,151.50000000000009
16-12 18:00,153.4
16-12 19:00,169.79999999999998
16-12 20:00,174.09999999999994
16-12 21:00,153.60000000000008
16-12 22:00,92.09999999999997
16-12 23:00,71.39999999999999
17-12 00:00,76.70000000000002
17-12 01:00,77.80000000000003
17-12 02:00,66.19999999999999
17-12 03:00,69.60000000000001
17-12 04:00,83.19999999999996
17-12 05:00,128.6
17-12 06:00,198.79999999999987
17-12 07:00,184.79999999999984
17-12 08:00,168.20000000000002
17-12 09:00,151.90000000000003
17-12 10:00,141.6
17-12 11:00,131.6
17-12 12:00,127.40000000000003
17-12 13:00,117.59999999999997
17-12 14:00,127.29999999999997
17-12 15:00,133.89999999999998
17-12 16:00,152.10000000000002
17-12 17:00,161.90000000000006
17-12 18:00,168.39999999999998
17-12 19:00,187.29999999999993
17-12 20:00,180.6999999999999
17-12 21:00,164.5
17-12 22:00,112.79999999999997
17-12 23:00,89.7
18-12 00:00,83.6
18-12 01:00,78.89999999999999
18-12 02:00,77.30000000000001
18-12 03:00,74.4
18-12 04:00,86.29999999999995
18-12 05:00,138.0
18-12 06:00,219.1999999999999
18-12 07:00,192.19999999999987
18-12 08:00,166.7
18-12 09:00,148.80000000000007
18-12 10:00,160.90000000000006
18-12 11:00,130.8
18-12 12:00,118.79999999999995
18-12 13:00,129.7
18-12 14:00,130.99999999999997
18-12 15:00,139.40000000000006
18-12 16:00,143.30000000000004
18-12 17:00,160.30000000000007
18-12 18:00,170.09999999999997
18-12 19:00,187.49999999999986
18-12 20:00,174.89999999999992
18-12 21:00,182.3999999999998
18-12 22:00,107.59999999999994
18-12 23:00,89.10000000000001
19-12 00:00,83.29999999999998
19-12 01:00,76.4
19-12 02:00,81.8
19-12 03:00,78.59999999999998
19-12 04:00,88.79999999999995
19-12 05:00,168.89999999999992
19-12 06:00,229.59999999999988
19-12 07:00,243.20000000000002
19-12 08:00,175.7999999999999
19-12 09:00,163.10000000000008
19-12 10:00,152.6
19-12 11:00,161.80000000000004
19-12 12:00,148.70000000000005
19-12 13:00,141.90000000000003
19-12 14:00,137.00000000000006
19-12 15:00,157.40000000000003
19-12 16:00,158.6
19-12 17:00,169.99999999999997
19-12 18:00,191.39999999999995
19-12 19:00,206.59999999999997
19-12 20:00,203.9999999999999
19-12 21:00,208.19999999999993
19-12 22:00,112.49999999999997
19-12 23:00,101.49999999999999
20-12 00:00,98.69999999999996
20-12 01:00,88.39999999999995
20-12 02:00,92.29999999999998
20-12 03:00,103.10000000000004
20-12 04:00,108.09999999999997
20-12 05:00,176.20000000000002
20-12 06:00,255.79999999999987
20-12 07:00,236.79999999999984
20-12 08:00,205.1999999999999
20-12 09:00,186.29999999999998
20-12 10:00,193.20000000000005
20-12 11:00,171.8
20-12 12:00,172.00000000000003
20-12 13:00,156.40000000000003
20-12 14:00,158.99999999999997
20-12 15:00,162.29999999999995
20-12 16:00,181.4
20-12 17:00,186.60000000000002
20-12 18:00,214.70000000000002
20-12 19:00,240.2999999999999
20-12 20:00,214.9999999999999
20-12 21:00,217.59999999999982
20-12 22:00,137.69999999999996
20-12 23:00,111.70000000000005
21-12 00:00,107.2
21-12 01:00,101.29999999999998
21-12 02:00,102.50000000000003
21-12 03:00,112.39999999999996
21-12 04:00,125.49999999999996
21-12 05:00,189.99999999999994
21-12 06:00,278.2
21-12 07:00,256.7999999999999
21-12 08:00,256.79999999999984
21-12 09:00,213.30000000000013
21-12 10:00,195.7999999999999
21-12 11:00,207.39999999999998
21-12 12:00,197.40000000000003
21-12 13:00,198.10000000000002
21-12 14:00,212.10000000000008
21-12 15:00,207.50000000000006
21-12 16:00,208.10000000000005
21-12 17:00,232.7000000000001
21-12 18:00,230.39999999999998
21-12 19:00,249.39999999999986
21-12 20:00,272.7000000000001
21-12 21:00,265.19999999999993
21-12 22:00,143.3
21-12 23:00,121.60000000000004
22-12 00:00,116.09999999999998
22-12 01:00,118.49999999999996
22-12 02:00,109.99999999999994
22-12 03:00,113.69999999999997
22-12 04:00,133.49999999999997
22-12 05:00,189.0999999999999
22-12 06:00,240.7999999999999
22-12 07:00,225.39999999999992
22-12 08:00,196.60000000000002
22-12 09:00,205.3999999999999
22-12 10:00,208.69999999999996
22-12 11:00,215.70000000000005
22-12 12:00,195.7999999999999
22-12 13:00,174.49999999999991
22-12 14:00,173.59999999999994
22-12 15:00,177.50000000000003
22-12 16:00,183.59999999999997
22-12 17:00,194.20000000000002
22-12 18:00,217.40000000000003
22-12 19:00,216.39999999999995
22-12 20:00,220.60000000000002
22-12 21:00,217.1000000000001
22-12 22:00,113.49999999999997
22-12 23:00,99.09999999999998
23-12 00:00,87.1
23-12 01:00,84.19999999999999
23-12 02:00,78.50000000000001
23-12 03:00,82.0
23-12 04:00,87.59999999999998
23-12 05:00,144.7999999999999
23-12 06:00,197.49999999999991
23-12 07:00,188.59999999999997
23-12 08:00,167.8
23-12 09:00,166.89999999999992
23-12 10:00,173.3
23-12 11:00,177.40000000000003
23-12 12:00,165.00000000000003
23-12 13:00,156.39999999999998
23-12 14:00,154.50000000000009
23-12 15:00,152.00000000000009
23-12 16:00,163.49999999999997
23-12 17:00,187.79999999999995
23-12 18:00,172.69999999999996
23-12 19:00,183.99999999999994
23-12 20:00,173.10000000000002
23-12 21:00,194.6
23-12 22:00,112.69999999999997
23-12 23:00,95.20000000000002
24-12 00:00,70.30000000000001
24-12 01:00,61.00000000000002
24-12 02:00,54.90000000000001
24-12 03:00,45.79999999999999
24-12 04:00,47.70000000000002
24-12 05:00,58.400000000000006
24-12 06:00,82.19999999999996
24-12 07:00,88.49999999999996
24-12 08:00,91.20000000000002
24-12 09:00,101.10000000000001
24-12 10:00,99.10000000000004
24-12 11:00,102.0
24-12 12:00,86.90000000000002
24-12 13:00,80.30000000000004
24-12 14:00,73.30000000000003
24-12 15:00,72.20000000000003
24-12 16:00,78.20000000000003
24-12 17:00,103.20000000000002
24-12 18:00,113.0
24-12 19:00,116.39999999999998
24-12 20:00,123.30000000000003
24-12 21:00,124.80000000000001
24-12 22:00,81.39999999999996
24-12 23:00,68.69999999999997
25-12 00:00,63.0
25-12 01:00,59.30000000000003
25-12 02:00,58.800000000000004
25-12 03:00,65.2
25-12 04:00,64.00000000000004
25-12 05:00,90.69999999999995
25-12 06:00,131.49999999999994
25-12 07:00,115.99999999999999
25-12 08:00,110.59999999999997
25-12 09:00,108.39999999999998
25-12 10:00,108.70000000000005
25-12 11:00,107.20000000000007
25-12 12:00,87.90000000000002
25-12 13:00,81.30000000000003
25-12 14:00,86.30000000000003
25-12 15:00,86.20000000000002
25-12 16:00,92.6
25-12 17:00,99.90000000000002
25-12 18:00,111.39999999999999
25-12 19:00,109.29999999999998
25-12 20:00,104.90000000000002
25-12 21:00,107.0
25-12 22:00,56.499999999999986
25-12 23:00,58.2
26-12 00:00,51.09999999999999
26-12 01:00,49.200000000000024
26-12 02:00,50.100000000000016
26-12 03:00,65.8
26-12 04:00,53.70000000000001
26-12 05:00,76.3
26-12 06:00,114.79999999999991
26-12 07:00,97.89999999999998
26-12 08:00,121.2
26-12 09:00,162.20000000000005
26-12 10:00,140.0
26-12 11:00,149.70000000000007
26-12 12:00,113.79999999999997
26-12 13:00,113.49999999999999
26-12 14:00,111.20000000000002
26-12 15:00,112.09999999999998
26-12 16:00,115.89999999999999
26-12 17:00,127.70000000000005
26-12 18:00,124.10000000000005
26-12 19:00,138.7
26-12 20:00,129.7
26-12 21:00,134.49999999999997
26-12 22:00,77.19999999999993
26-12 23:00,62.30000000000002
27-12 00:00,64.69999999999999
27-12 01:00,56.300000000000026
27-12 02:00,57.499999999999986
27-12 03:00,71.60000000000001
27-12 04:00,82.99999999999997
27-12 05:00,126.29999999999998
27-12 06:00,181.29999999999987
27-12 07:00,193.79999999999993
27-12 08:00,152.80000000000004
27-12 09:00,156.60000000000002
27-12 10:00,155.50000000000006
27-12 11:00,139.9
27-12 12:00,125.20000000000005
27-12 13:00,122.29999999999998
27-12 14:00,116.19999999999999
27-12 15:00,120.69999999999999
27-12 16:00,126.49999999999996
27-12 17:00,140.59999999999997
27-12 18:00,163.29999999999993
27-12 19:00,169.1999999999999
27-12 20:00,182.1
27-12 21:00,155.99999999999991
27-12 22:00,89.40000000000003
27-12 23:00,68.09999999999998
28-12 00:00,63.39999999999999
28-12 01:00,58.900000000000034
28-12 02:00,48.3
28-12 03:00,56.899999999999984
28-12 04:00,79.00000000000001
28-12 05:00,125.39999999999998
28-12 06:00,178.7999999999999
28-12 07:00,172.99999999999994
28-12 08:00,157.29999999999998
28-12 09:00,144.49999999999997
28-12 10:00,126.10000000000001
28-12 11:00,118.4
28-12 12:00,114.80000000000001
28-12 13:00,109.59999999999995
28-12 14:00,112.09999999999997
28-12 15:00,125.79999999999997
28-12 16:00,136.70000000000002
28-12 17:00,151.20000000000007
28-12 18:00,160.49999999999997
28-12 19:00,179.99999999999994
28-12 20:00,176.79999999999993
28-12 21:00,166.89999999999992
28-12 22:00,106.29999999999998
28-12 23:00,91.49999999999999
29-12 00:00,87.1
29-12 01:00,82.10000000000001
29-12 02:00,89.69999999999996
29-12 03:00,83.39999999999998
29-12 04:00,100.99999999999997
29-12 05:00,144.39999999999992
29-12 06:00,198.59999999999994
29-12 07:00,176.69999999999985
29-12 08:00,172.40000000000003
29-12 09:00,167.99999999999991
29-12 10:00,182.50000000000006
29-12 11:00,170.8000000000001
29-12 12:00,156.69999999999996
29-12 13:00,150.29999999999995
29-12 14:00,139.0
29-12 15:00,149.50000000000009
29-12 16:00,158.60000000000008
29-12 17:00,166.20000000000002
29-12 18:00,171.89999999999998
29-12 19:00,176.89999999999992
29-12 20:00,171.39999999999995
29-12 21:00,173.1
29-12 22:00,106.29999999999995
29-12 23:00,77.9
30-12 00:00,59.29999999999999
30-12 01:00,63.80000000000004
30-12 02:00,59.2
30-12 03:00,54.8
30-12 04:00,62.00000000000003
30-12 05:00,91.69999999999997
30-12 06:00,130.39999999999995
30-12 07:00,127.3
30-12 08:00,113.69999999999996
30-12 09:00,118.99999999999997
30-12 10:00,126.10000000000001
30-12 11:00,122.00000000000003
30-12 12:00,98.00000000000004
30-12 13:00,103.79999999999997
30-12 14:00,107.60000000000002
30-12 15:00,103.39999999999998
30-12 16:00,115.00000000000001
30-12 17:00,114.09999999999998
30-12 18:00,112.2
30-12 19:00,116.69999999999996
30-12 20:00,137.8
30-12 21:00,108.8
30-12 22:00,64.19999999999999
30-12 23:00,48.7
31-12 00:00,60.2
31-12 01:00,57.500000000000036
31-12 02:00,55.70000000000002
31-12 03:00,63.900000000000006
31-12 04:00,86.49999999999997
31-12 05:00,120.59999999999995
31-12 06:00,169.99999999999986
31-12 07:00,163.4
31-12 08:00,156.30000000000004
31-12 09:00,167.60000000000005
31-12 10:00,159.19999999999996
31-12 11:00,177.4
31-12 12:00,144.2
31-12 13:00,133.80000000000004
31-12 14:00,136.8
31-12 15:00,140.39999999999998
31-12 16:00,142.6
31-12 17:00,151.70000000000007
31-12 18:00,164.79999999999998
31-12 19:00,163.59999999999994
31-12 20:00,176.79999999999993
31-12 21:00,151.30000000000007
31-12 22:00,93.29999999999995
31-12 23:00,81.30000000000003
