timestamp,power_kW
01-01 00:00,0.0
01-01 00:15,0.0
01-01 00:30,0.0
01-01 00:45,0.0
01-01 01:00,0.0
01-01 01:15,0.0
01-01 01:30,0.0
01-01 01:45,0.0
01-01 02:00,537.8582903442857
01-01 02:15,534.6855577528572
01-01 02:30,0.0
01-01 02:45,0.0
01-01 03:00,1484.2857142857142
01-01 03:15,2687.74828929
01-01 03:30,1939.4398711357144
01-01 03:45,1484.2857142857142
01-01 04:00,2168.282175128572
01-01 04:15,2344.75891959
01-01 04:30,1484.2857142857142
01-01 04:45,1484.2857142857142
01-01 05:00,9434.853449057142
01-01 05:15,1484.2857142857142
01-01 05:30,3393.865694685714
01-01 05:45,1484.2857142857142
01-01 06:00,5127.418543457143
01-01 06:15,10058.885833528571
01-01 06:30,12202.08878437143
01-01 06:45,6103.733354471429
01-01 07:00,12956.694082185715
01-01 07:15,6303.304362671429
01-01 07:30,22928.328669857143
01-01 07:45,14105.770074
01-01 08:00,12974.3550403
01-01 08:15,6758.5113445
01-01 08:30,9188.184229428573
01-01 08:45,18314.980274857146
01-01 09:00,17783.731579857144
01-01 09:15,9388.441106557142
01-01 09:30,3594.449659342857
01-01 09:45,6513.953855671429
01-01 10:00,9426.94255362857
01-01 10:15,8948.61729357143
01-01 10:30,4459.2285698
01-01 10:45,7488.0183823
01-01 11:00,15025.979625857144
01-01 11:15,4173.616393157144
01-01 11:30,3508.772581171428
01-01 11:45,16411.061369428575
01-01 12:00,6229.68911167143
01-01 12:15,7546.972361028572
01-01 12:30,541.0465344285716
01-01 12:45,3786.562039171429
01-01 13:00,3317.0955599
01-01 13:15,6040.084439014286
01-01 13:30,7809.467333942858
01-01 13:45,5145.026826614286
01-01 14:00,326.4074791714285
01-01 14:15,10470.31857677143
01-01 14:30,12264.469916557144
01-01 14:45,6746.496278942857
01-01 15:00,3002.221772871428
01-01 15:15,13160.614994
01-01 15:30,11666.2375271
01-01 15:45,10068.1429042
01-01 16:00,6798.9423173714285
01-01 16:15,10026.319408085716
01-01 16:30,3099.0763563
01-01 16:45,6017.183426228572
01-01 17:00,12785.067748057145
01-01 17:15,4186.456228542857
01-01 17:30,2153.2327670142854
01-01 17:45,5823.936819314286
01-01 18:00,1153.6086154285715
01-01 18:15,3664.887888585715
01-01 18:30,2838.553973771429
01-01 18:45,8775.835648814287
01-01 19:00,4275.4797884
01-01 19:15,6995.837510228571
01-01 19:30,6363.847971614286
01-01 19:45,1484.2857142857142
01-01 20:00,7692.749394585713
01-01 20:15,7745.949883499999
01-01 20:30,1484.2857142857142
01-01 20:45,3537.452080142857
01-01 21:00,1821.7272611442856
01-01 21:15,2448.776034928572
01-01 21:30,2577.6173475314285
01-01 21:45,1732.4480471485713
01-01 22:00,0.0
01-01 22:15,0.0
01-01 22:30,1719.2188576542414
01-01 22:45,4412.179769685715
01-01 23:00,1484.2857142857142
01-01 23:15,1484.2857142857142
01-01 23:30,2089.820959032857
01-01 23:45,2545.690987198572
01-02 00:00,1484.2857142857142
01-02 00:15,1484.2857142857142
01-02 00:30,1484.2857142857142
01-02 00:45,1883.9436324142853
01-02 01:00,1484.2857142857142
01-02 01:15,1484.2857142857142
01-02 01:30,1484.2857142857142
01-02 01:45,5306.576493442858
01-02 02:00,1484.2857142857142
01-02 02:15,1484.2857142857142
01-02 02:30,1484.2857142857142
01-02 02:45,1484.2857142857142
01-02 03:00,1484.2857142857142
01-02 03:15,2155.949414988572
01-02 03:30,2032.5116636257144
01-02 03:45,1484.2857142857142
01-02 04:00,3420.226493757142
01-02 04:15,2208.8143321457137
01-02 04:30,8206.615687385714
01-02 04:45,9652.549622285713
01-02 05:00,2154.741065024285
01-02 05:15,2666.711647415714
01-02 05:30,6724.8191870142855
01-02 05:45,1900.4980017785715
01-02 06:00,6891.030603928572
01-02 06:15,11102.255896185714
01-02 06:30,11600.971114914286
01-02 06:45,8574.410374085714
01-02 07:00,13414.969080000004
01-02 07:15,12863.1809294
01-02 07:30,5996.7518327571415
01-02 07:45,15782.941638142856
01-02 08:00,6421.968647128572
01-02 08:15,14603.584219
01-02 08:30,11369.894616557143
01-02 08:45,2452.019879714286
01-02 09:00,18073.284566714286
01-02 09:15,3205.410064214286
01-02 09:30,7570.864283928572
01-02 09:45,8934.811272485716
01-02 10:00,3484.2055061285714
01-02 10:15,0.0
01-02 10:30,6756.643484214286
01-02 10:45,1151.2682891571428
01-02 11:00,3930.1736569
01-02 11:15,11270.0433489
01-02 11:30,10892.146859871427
01-02 11:45,13360.321069214287
01-02 12:00,7107.006731342856
01-02 12:15,4033.7256114714287
01-02 12:30,9118.746446128573
01-02 12:45,6775.861014742856
01-02 13:00,12837.11603447143
01-02 13:15,7716.7655700999985
01-02 13:30,5498.349245957143
01-02 13:45,4352.488711984291
01-02 14:00,9078.398960585717
01-02 14:15,8814.473850714287
01-02 14:30,17958.990922999998
01-02 14:45,8739.940325642858
01-02 15:00,2854.196840042857
01-02 15:15,1099.1746992857145
01-02 15:30,2982.167884157144
01-02 15:45,2406.5830742857147
01-02 16:00,6582.688859728572
01-02 16:15,7136.815646514286
01-02 16:30,4581.735886342857
01-02 16:45,3340.7004938000005
01-02 17:00,4419.852072985714
01-02 17:15,4107.6240532428565
01-02 17:30,12133.327704814286
01-02 17:45,5381.79692187143
01-02 18:00,6856.162051314286
01-02 18:15,3344.6338949428578
01-02 18:30,6594.142030757143
01-02 18:45,5916.131777814287
01-02 19:00,1313.357165614286
01-02 19:15,3598.0814132857145
01-02 19:30,0.0
01-02 19:45,0.0
01-02 20:00,1068.5910701428577
01-02 20:15,4105.325060414286
01-02 20:30,4831.710545971429
01-02 20:45,0.0
01-02 21:00,0.0
01-02 21:15,6091.0693679714295
01-02 21:30,4707.3105801
01-02 21:45,0.0
01-02 22:00,0.0
01-02 22:15,874.6203373571431
01-02 22:30,0.0
01-02 22:45,0.0
01-02 23:00,0.0
01-02 23:15,1484.2857142857142
01-02 23:30,1918.5980525071395
01-02 23:45,1484.2857142857142
01-03 00:00,2061.0983318414283
01-03 00:15,1995.9072415457144
01-03 00:30,1484.2857142857142
01-03 00:45,1484.2857142857142
01-03 01:00,1484.2857142857142
01-03 01:15,1484.2857142857142
01-03 01:30,2012.940762175714
01-03 01:45,1484.2857142857142
01-03 02:00,1484.2857142857142
01-03 02:15,1484.2857142857142
01-03 02:30,1484.2857142857142
01-03 02:45,1484.2857142857142
01-03 03:00,1484.2857142857142
01-03 03:15,11677.519772514286
01-03 03:30,1484.2857142857142
01-03 03:45,3106.773202785714
01-03 04:00,7045.507547414286
01-03 04:15,2776.2132329714286
01-03 04:30,1815.1240366642853
01-03 04:45,3133.3229169571428
01-03 05:00,1484.2857142857142
01-03 05:15,2181.812190864286
01-03 05:30,2027.1200433128568
01-03 05:45,6384.252397085714
01-03 06:00,5267.169451014285
01-03 06:15,2778.3320115
01-03 06:30,2697.4423195571426
01-03 06:45,15544.329274000002
01-03 07:00,4028.7438516714287
01-03 07:15,7787.901393200001
01-03 07:30,9477.237206514284
01-03 07:45,3938.129477971429
01-03 08:00,14223.950103142855
01-03 08:15,7072.924885428572
01-03 08:30,8007.540311342857
01-03 08:45,8145.977494285715
01-03 09:00,14519.702618571428
01-03 09:15,10101.455746528572
01-03 09:30,6282.399047842858
01-03 09:45,2132.9431591
01-03 10:00,21412.729528571428
01-03 10:15,6486.976126228571
01-03 10:30,5004.470252314285
01-03 10:45,4429.657096071429
01-03 11:00,7489.2436141
01-03 11:15,1912.115907814286
01-03 11:30,15208.97777257143
01-03 11:45,9912.882729992896
01-03 12:00,4363.555339442859
01-03 12:15,1962.760464128572
01-03 12:30,821.1404414000003
01-03 12:45,364.7415354714286
01-03 13:00,3155.4965128142862
01-03 13:15,3636.516245742857
01-03 13:30,1167.1485966285716
01-03 13:45,321.0924311000001
01-03 14:00,2664.534582528572
01-03 14:15,6479.873472671429
01-03 14:30,13264.015815428573
01-03 14:45,10776.36147437143
01-03 15:00,16896.76459142857
01-03 15:15,4949.512609957143
01-03 15:30,1615.387293985715
01-03 15:45,11165.372372028572
01-03 16:00,12971.533402
01-03 16:15,7507.831780000001
01-03 16:30,12643.793928842855
01-03 16:45,7481.145080085716
01-03 17:00,7590.642340957143
01-03 17:15,3122.0624630857137
01-03 17:30,17994.006102571428
01-03 17:45,11759.102320442858
01-03 18:00,8681.337997857143
01-03 18:15,8933.966985442858
01-03 18:30,7507.047920214286
01-03 18:45,7474.346936400001
01-03 19:00,0.0
01-03 19:15,7717.233126071429
01-03 19:30,5656.266602757143
01-03 19:45,101.98691998571454
01-03 20:00,3042.8078436714286
01-03 20:15,8011.172958442858
01-03 20:30,0.0
01-03 20:45,7441.541109085714
01-03 21:00,2208.9819866785715
01-03 21:15,1754.1198889
01-03 21:30,3648.637266214285
01-03 21:45,4661.141149057144
01-03 22:00,2642.0865382028574
01-03 22:15,0.0
01-03 22:30,0.0
01-03 22:45,3167.2401237142853
01-03 23:00,1484.2857142857142
01-03 23:15,1759.13924229
01-03 23:30,1484.2857142857142
01-03 23:45,1484.2857142857142
01-04 00:00,5233.954164857144
01-04 00:15,1484.2857142857142
01-04 00:30,1484.2857142857142
01-04 00:45,1484.2857142857142
01-04 01:00,1484.2857142857142
01-04 01:15,1484.2857142857142
01-04 01:30,1484.2857142857142
01-04 01:45,1484.2857142857142
01-04 02:00,5759.107102385714
01-04 02:15,1993.6175364342853
01-04 02:30,1484.2857142857142
01-04 02:45,1484.2857142857142
01-04 03:00,1484.2857142857142
01-04 03:15,1484.2857142857142
01-04 03:30,1484.2857142857142
01-04 03:45,1484.2857142857142
01-04 04:00,1484.2857142857142
01-04 04:15,1484.2857142857142
01-04 04:30,1484.2857142857142
01-04 04:45,1484.2857142857142
01-04 05:00,2107.9376896885715
01-04 05:15,1484.2857142857142
01-04 05:30,2057.009931842857
01-04 05:45,1926.3288264414289
01-04 06:00,15002.315380485716
01-04 06:15,14538.2688269
01-04 06:30,4434.848582585714
01-04 06:45,4023.010733685714
01-04 07:00,587.5487014714289
01-04 07:15,7753.415692257144
01-04 07:30,6305.300685228573
01-04 07:45,2082.818471771429
01-04 08:00,6811.517108114286
01-04 08:15,1071.3956679
01-04 08:30,6862.898848857143
01-04 08:45,2166.686683185714
01-04 09:00,4160.5741147
01-04 09:15,8265.587273771429
01-04 09:30,3285.9784435000006
01-04 09:45,10401.019965457142
01-04 10:00,2541.061430528572
01-04 10:15,8117.8221092
01-04 10:30,5977.459438414287
01-04 10:45,9455.14844497143
01-04 11:00,5127.820021985715
01-04 11:15,305.620977657143
01-04 11:30,3126.8690423000007
01-04 11:45,7630.128807214286
01-04 12:00,12338.973478385717
01-04 12:15,376.0654459142859
01-04 12:30,768.5095420285717
01-04 12:45,4399.703587200001
01-04 13:00,14043.021127700002
01-04 13:15,7735.064285914285
01-04 13:30,13894.981532442858
01-04 13:45,11897.681518985715
01-04 14:00,16506.44719542857
01-04 14:15,3681.7004124857135
01-04 14:30,5007.303316685713
01-04 14:45,11556.922271457142
01-04 15:00,18881.87579028572
01-04 15:15,3649.00958390286
01-04 15:30,6747.575831685715
01-04 15:45,14398.681237428573
01-04 16:00,5598.259670928573
01-04 16:15,8866.744957385716
01-04 16:30,9094.811715242857
01-04 16:45,6531.180003971429
01-04 17:00,7493.373189971429
01-04 17:15,17616.655939428572
01-04 17:30,7440.602149400001
01-04 17:45,1564.7524916428572
01-04 18:00,15315.701820428574
01-04 18:15,769.0385164142859
01-04 18:30,2111.570834257143
01-04 18:45,0.0
01-04 19:00,7158.162531385714
01-04 19:15,1670.9319001857143
01-04 19:30,0.0
01-04 19:45,0.0
01-04 20:00,1976.3464490714289
01-04 20:15,3783.130875757143
01-04 20:30,5459.170233728572
01-04 20:45,473.1311461571429
01-04 21:00,3644.107992028571
01-04 21:15,3705.687341371429
01-04 21:30,4762.788764131429
01-04 21:45,0.0
01-04 22:00,6118.712449428572
01-04 22:15,3529.103214485715
01-04 22:30,312.4179295357143
01-04 22:45,581.5815682457143
01-04 23:00,3740.071385814286
01-04 23:15,3725.9016451714288
01-04 23:30,3053.567500228572
01-04 23:45,1979.582591992857
01-05 00:00,2518.60286582
01-05 00:15,2177.3372202214287
01-05 00:30,1484.2857142857142
01-05 00:45,1967.2945526957144
01-05 01:00,1484.2857142857142
01-05 01:15,1484.2857142857142
01-05 01:30,1957.395367642857
01-05 01:45,1484.2857142857142
01-05 02:00,5655.916435042857
01-05 02:15,1484.2857142857142
01-05 02:30,8953.535329471428
01-05 02:45,3694.3563263285714
01-05 03:00,1484.2857142857142
01-05 03:15,1484.2857142857142
01-05 03:30,1484.2857142857142
01-05 03:45,2026.028857344286
01-05 04:00,2838.42808966
01-05 04:15,1484.2857142857142
01-05 04:30,1849.7690364828568
01-05 04:45,1484.2857142857142
01-05 05:00,2445.341681634286
01-05 05:15,1484.2857142857142
01-05 05:30,2387.03352121
01-05 05:45,1484.2857142857142
01-05 06:00,9595.533685514283
01-05 06:15,8394.16981362857
01-05 06:30,1813.4163804957143
01-05 06:45,2666.005450415714
01-05 07:00,8509.543689685714
01-05 07:15,1858.792685502857
01-05 07:30,3740.229192514286
01-05 07:45,3745.342333242857
01-05 08:00,0.0
01-05 08:15,5401.996105414286
01-05 08:30,3517.7698190714286
01-05 08:45,2878.945640411393
01-05 09:00,14786.177678571428
01-05 09:15,2514.7632585428573
01-05 09:30,19153.893645857144
01-05 09:45,10912.4447517
01-05 10:00,8059.2206888
01-05 10:15,15224.499174714285
01-05 10:30,5746.321391428572
01-05 10:45,4300.9884598
01-05 11:00,3605.9160807428575
01-05 11:15,19017.99423428572
01-05 11:30,5329.876417471429
01-05 11:45,715.9630687957143
01-05 12:00,2265.5090069857147
01-05 12:15,606.7395756285714
01-05 12:30,9804.295618628572
01-05 12:45,6940.4565613714285
01-05 13:00,13885.293489714286
01-05 13:15,2549.105004042857
01-05 13:30,4752.993879085715
01-05 13:45,12816.497312285714
01-05 14:00,5999.183723900001
01-05 14:15,2250.7309296142857
01-05 14:30,6936.907930985715
01-05 14:45,1376.9080761428577
01-05 15:00,10699.0648334
01-05 15:15,9263.397401657145
01-05 15:30,7475.523948800002
01-05 15:45,7615.376469700001
01-05 16:00,0.0
01-05 16:15,5567.288335642857
01-05 16:30,10276.76782057143
01-05 16:45,2965.221942685714
01-05 17:00,4990.766682157143
01-05 17:15,5313.919953514286
01-05 17:30,6772.542481885715
01-05 17:45,5944.251992900001
01-05 18:00,6194.5954754
01-05 18:15,254.33540338571447
01-05 18:30,239.8542425428572
01-05 18:45,0.0
01-05 19:00,0.0
01-05 19:15,184.16895248571456
01-05 19:30,837.1268248857144
01-05 19:45,9074.162926014287
01-05 20:00,0.0
01-05 20:15,5585.906330985715
01-05 20:30,190.3894540714288
01-05 20:45,0.0
01-05 21:00,0.0
01-05 21:15,0.0
01-05 21:30,0.0
01-05 21:45,0.0
01-05 22:00,0.0
01-05 22:15,0.0
01-05 22:30,4273.779454900002
01-05 22:45,3829.0493642
01-05 23:00,2072.0610832528573
01-05 23:15,1484.2857142857142
01-05 23:30,3113.7111032000003
01-05 23:45,1484.2857142857142
01-06 00:00,2015.3196420171428
01-06 00:15,1484.2857142857142
01-06 00:30,4448.871812485715
01-06 00:45,2500.736902228572
01-06 01:00,1484.2857142857142
01-06 01:15,1484.2857142857142
01-06 01:30,1484.2857142857142
01-06 01:45,1484.2857142857142
01-06 02:00,1484.2857142857142
01-06 02:15,1484.2857142857142
01-06 02:30,2043.3413360957145
01-06 02:45,1484.2857142857142
01-06 03:00,7050.452182742856
01-06 03:15,2190.291260802857
01-06 03:30,1484.2857142857142
01-06 03:45,2077.7479664842854
01-06 04:00,1484.2857142857142
01-06 04:15,6803.066524842858
01-06 04:30,1484.2857142857142
01-06 04:45,1484.2857142857142
01-06 05:00,1484.2857142857142
01-06 05:15,1484.2857142857142
01-06 05:30,1484.2857142857142
01-06 05:45,1484.2857142857142
01-06 06:00,6940.022352714286
01-06 06:15,6911.713248414286
01-06 06:30,5473.896055657143
01-06 06:45,1484.2857142857142
01-06 07:00,7687.490738899999
01-06 07:15,1974.946436058572
01-06 07:30,7213.557317728571
01-06 07:45,1484.2857142857142
01-06 08:00,8556.014687125722
01-06 08:15,3375.9113082857143
01-06 08:30,3811.6077343
01-06 08:45,2370.149941042857
01-06 09:00,4201.544666557143
01-06 09:15,14063.252007042858
01-06 09:30,18700.18655571429
01-06 09:45,5114.2447060714285
01-06 10:00,7410.214723414287
01-06 10:15,9086.672982585716
01-06 10:30,185.78806458571432
01-06 10:45,5135.859934957144
01-06 11:00,3453.8056825857147
01-06 11:15,2609.680536785714
01-06 11:30,18975.410638
01-06 11:45,1846.3454876142864
01-06 12:00,5989.200063614287
01-06 12:15,11922.0520802
01-06 12:30,5130.599986414287
01-06 12:45,19462.785793714287
01-06 13:00,14637.005695714286
01-06 13:15,8631.23349397143
01-06 13:30,3050.0678035714286
01-06 13:45,14126.191514
01-06 14:00,4153.862195871428
01-06 14:15,4152.593196285714
01-06 14:30,7938.149715242856
01-06 14:45,5480.999125414285
01-06 15:00,4154.700840971429
01-06 15:15,15323.689028785711
01-06 15:30,11433.96603277143
01-06 15:45,11567.8645491
01-06 16:00,5442.3525469000015
01-06 16:15,22459.74379057143
01-06 16:30,4921.386578657142
01-06 16:45,9361.3313017
01-06 17:00,2236.8210952
01-06 17:15,22611.67317142857
01-06 17:30,1638.9028744285715
01-06 17:45,2262.965088
01-06 18:00,8084.911478114286
01-06 18:15,6528.721230185714
01-06 18:30,947.0186224714288
01-06 18:45,8513.099789400001
01-06 19:00,0.0
01-06 19:15,5415.943367642857
01-06 19:30,8756.373070885715
01-06 19:45,1148.6965068428574
01-06 20:00,356.50966941428567
01-06 20:15,742.0939680714285
01-06 20:30,0.0
01-06 20:45,6166.412426614286
01-06 21:00,0.0
01-06 21:15,0.0
01-06 21:30,0.0
01-06 21:45,0.0
01-06 22:00,0.0
01-06 22:15,0.0
01-06 22:30,2272.955674671429
01-06 22:45,0.0
01-06 23:00,1484.2857142857142
01-06 23:15,1970.91977741
01-06 23:30,1538.784201521474
01-06 23:45,1664.629207917143
01-07 00:00,2350.923592
01-07 00:15,1484.2857142857142
01-07 00:30,2028.6469552457145
01-07 00:45,1484.2857142857142
01-07 01:00,1484.2857142857142
01-07 01:15,1484.2857142857142
01-07 01:30,1484.2857142857142
01-07 01:45,1484.2857142857142
01-07 02:00,1484.2857142857142
01-07 02:15,1484.2857142857142
01-07 02:30,1484.2857142857142
01-07 02:45,1484.2857142857142
01-07 03:00,1484.2857142857142
01-07 03:15,1484.2857142857142
01-07 03:30,2499.370924625714
01-07 03:45,6975.681398971428
01-07 04:00,2253.259052808571
01-07 04:15,4013.782714957143
01-07 04:30,2154.623289817143
01-07 04:45,1915.6763223842856
01-07 05:00,7712.4334295
01-07 05:15,1784.5526273714283
01-07 05:30,8296.640258128571
01-07 05:45,2560.4802670014287
01-07 06:00,5315.904610871428
01-07 06:15,1717.494589014286
01-07 06:30,7486.146971742858
01-07 06:45,17587.401579285717
01-07 07:00,1875.7409479428568
01-07 07:15,3538.6422708714285
01-07 07:30,10563.0368511
01-07 07:45,6309.2040019000015
01-07 08:00,2979.244782628572
01-07 08:15,1909.639986542857
01-07 08:30,9849.940270942858
01-07 08:45,13642.973721142858
01-07 09:00,6046.781757214286
01-07 09:15,11033.711666957142
01-07 09:30,12203.56058397143
01-07 09:45,4062.633570628572
01-07 10:00,4279.7611964
01-07 10:15,263.12722165714297
01-07 10:30,2426.872466342857
01-07 10:45,7366.401974828572
01-07 11:00,2896.952689628571
01-07 11:15,8832.2714402
01-07 11:30,0.0
01-07 11:45,2770.3994188714287
01-07 12:00,17837.949360285715
01-07 12:15,2931.487231614285
01-07 12:30,1075.7323977
01-07 12:45,9794.487437257145
01-07 13:00,7860.405359400001
01-07 13:15,259.4059145714286
01-07 13:30,3359.706154057142
01-07 13:45,13931.163459428572
01-07 14:00,10293.735283285714
01-07 14:15,8841.360845742858
01-07 14:30,1738.2633912857143
01-07 14:45,7154.353536842858
01-07 15:00,2664.993182592857
01-07 15:15,14509.960389885711
01-07 15:30,8311.927321442858
01-07 15:45,7272.768069142857
01-07 16:00,5461.0454884
01-07 16:15,11026.697397485714
01-07 16:30,14165.744521
01-07 16:45,6869.9275261
01-07 17:00,9605.099871128572
01-07 17:15,8591.789968228572
01-07 17:30,14474.577512142858
01-07 17:45,12619.200097071429
01-07 18:00,7016.3344508
01-07 18:15,9449.298415014286
01-07 18:30,7453.829239042857
01-07 18:45,12598.05276327143
01-07 19:00,6610.145656457143
01-07 19:15,4945.286477071429
01-07 19:30,8319.727911842858
01-07 19:45,7689.660971757143
01-07 20:00,3447.4163966571427
01-07 20:15,357.2316387285714
01-07 20:30,8304.950602498571
01-07 20:45,0.0
01-07 21:00,1972.5124580685715
01-07 21:15,5901.980426157143
01-07 21:30,1876.8929890342856
01-07 21:45,1484.2857142857142
01-07 22:00,1484.2857142857142
01-07 22:15,1738.29984322
01-07 22:30,3427.2683739857143
01-07 22:45,2742.606446042857
01-07 23:00,2031.2908122742847
01-07 23:15,4892.6078703428575
01-07 23:30,1484.2857142857142
01-07 23:45,6508.405044142857
01-08 00:00,2018.339685594285
01-08 00:15,2133.683284251428
01-08 00:30,1484.2857142857142
01-08 00:45,1484.2857142857142
01-08 01:00,2007.31370259
01-08 01:15,1484.2857142857142
01-08 01:30,1484.2857142857142
01-08 01:45,2068.668778288571
01-08 02:00,1484.2857142857142
01-08 02:15,1484.2857142857142
01-08 02:30,1484.2857142857142
01-08 02:45,1484.2857142857142
01-08 03:00,6818.8355520714285
01-08 03:15,1484.2857142857142
01-08 03:30,1484.2857142857142
01-08 03:45,1701.5382476399998
01-08 04:00,3190.029534742857
01-08 04:15,1484.2857142857142
01-08 04:30,2210.358795592857
01-08 04:45,5878.835491742857
01-08 05:00,1484.2857142857142
01-08 05:15,2072.9301174814286
01-08 05:30,2617.453578598572
01-08 05:45,1484.2857142857142
01-08 06:00,5919.714547957143
01-08 06:15,5821.877060128572
01-08 06:30,11049.565445299962
01-08 06:45,2063.8169257857144
01-08 07:00,2182.557204114286
01-08 07:15,3102.1230535428567
01-08 07:30,11153.918339057143
01-08 07:45,1552.659723571429
01-08 08:00,5597.844844285714
01-08 08:15,2827.902935114286
01-08 08:30,6315.518237271428
01-08 08:45,6928.630122500001
01-08 09:00,3928.813464371429
01-08 09:15,13770.545675857144
01-08 09:30,7654.160187157143
01-08 09:45,6992.829526185715
01-08 10:00,2960.456569342857
01-08 10:15,153.29083464285725
01-08 10:30,9737.384229100002
01-08 10:45,4977.936220657144
01-08 11:00,5762.1414072285725
01-08 11:15,10367.907413614284
01-08 11:30,2121.7116851571427
01-08 11:45,11740.50132487143
01-08 12:00,1027.2084074285715
01-08 12:15,6583.137236057143
01-08 12:30,2123.770887128572
01-08 12:45,6160.04449277143
01-08 13:00,0.0
01-08 13:15,477.36160501428594
01-08 13:30,3819.000518557143
01-08 13:45,9206.329182692902
01-08 14:00,3112.3783110714285
01-08 14:15,19621.21891028572
01-08 14:30,2763.472401628572
01-08 14:45,8040.164518114287
01-08 15:00,8156.4534073
01-08 15:15,19941.83907128572
01-08 15:30,10825.412297471428
01-08 15:45,11279.075834985715
01-08 16:00,9532.007417885714
01-08 16:15,9832.110266128571
01-08 16:30,10138.784215514284
01-08 16:45,9344.647935528572
01-08 17:00,13128.146248285711
01-08 17:15,3193.103050728572
01-08 17:30,2626.4314395
01-08 17:45,7548.708516228572
01-08 18:00,8621.747984842857
01-08 18:15,3147.5202772
01-08 18:30,3326.7091796142863
01-08 18:45,6690.345740714287
01-08 19:00,4639.472880942857
01-08 19:15,4237.202592571428
01-08 19:30,3739.616649428572
01-08 19:45,6744.724451114286
01-08 20:00,0.0
01-08 20:15,6326.186915071429
01-08 20:30,0.0
01-08 20:45,226.65511830000003
01-08 21:00,5570.619077771429
01-08 21:15,2965.9814062999994
01-08 21:30,3399.2517294714285
01-08 21:45,2102.199680447143
01-08 22:00,1933.9972335357145
01-08 22:15,2057.020676982857
01-08 22:30,6604.467892000001
01-08 22:45,2373.911431747143
01-08 23:00,5772.398250442858
01-08 23:15,1484.2857142857142
01-08 23:30,2196.26905175
01-08 23:45,1484.2857142857142
01-09 00:00,1484.2857142857142
01-09 00:15,1484.2857142857142
01-09 00:30,2223.245984442857
01-09 00:45,1484.2857142857142
01-09 01:00,1484.2857142857142
01-09 01:15,1484.2857142857142
01-09 01:30,1484.2857142857142
01-09 01:45,1484.2857142857142
01-09 02:00,1484.2857142857142
01-09 02:15,1484.2857142857142
01-09 02:30,1484.2857142857142
01-09 02:45,1484.2857142857142
01-09 03:00,1892.835259992857
01-09 03:15,1484.2857142857142
01-09 03:30,1938.3292445628567
01-09 03:45,1484.2857142857142
01-09 04:00,2151.1424744757146
01-09 04:15,1484.2857142857142
01-09 04:30,2565.795386098572
01-09 04:45,2348.2416519385715
01-09 05:00,2823.683631237143
01-09 05:15,1484.2857142857142
01-09 05:30,1484.2857142857142
01-09 05:45,1885.6246080728567
01-09 06:00,10323.179368671428
01-09 06:15,14853.305635942856
01-09 06:30,3708.719288685675
01-09 06:45,11673.398927585717
01-09 07:00,5199.552634214286
01-09 07:15,16363.899639714287
01-09 07:30,5843.674215485715
01-09 07:45,14787.404889871428
01-09 08:00,3268.143214157144
01-09 08:15,2317.324623857143
01-09 08:30,14134.685816428571
01-09 08:45,7122.52572097143
01-09 09:00,3154.521685471429
01-09 09:15,1950.7037566142856
01-09 09:30,6224.375848028571
01-09 09:45,5654.848577685716
01-09 10:00,2647.931498928572
01-09 10:15,5971.109918528572
01-09 10:30,5665.5162708285725
01-09 10:45,5009.225384457144
01-09 11:00,3892.060224528572
01-09 11:15,4638.021465228571
01-09 11:30,1582.0217869428575
01-09 11:45,3499.860329314286
01-09 12:00,10742.942121414286
01-09 12:15,2630.4431011271427
01-09 12:30,1948.337815795714
01-09 12:45,3188.952456014286
01-09 13:00,5181.740828114286
01-09 13:15,15859.395153
01-09 13:30,10165.919902171428
01-09 13:45,9167.514987585711
01-09 14:00,6272.301011071428
01-09 14:15,10111.092229328571
01-09 14:30,11848.499615985716
01-09 14:45,11939.708426085715
01-09 15:00,9106.926486042858
01-09 15:15,8872.61681957143
01-09 15:30,3206.618999371429
01-09 15:45,10981.648307242858
01-09 16:00,3596.710087
01-09 16:15,927.2556839428572
01-09 16:30,3217.1903818571427
01-09 16:45,5225.454161457144
01-09 17:00,7319.352873700001
01-09 17:15,9516.872383314289
01-09 17:30,16009.067607000005
01-09 17:45,2184.8648631857145
01-09 18:00,8590.645223700001
01-09 18:15,11929.531707757144
01-09 18:30,5266.627222471429
01-09 18:45,7957.973567157143
01-09 19:00,2999.0159952714293
01-09 19:15,128.56889057142868
01-09 19:30,8391.627829157143
01-09 19:45,1997.4475192428567
01-09 20:00,0.0
01-09 20:15,1022.5586748571428
01-09 20:30,84.8521056142859
01-09 20:45,300.19969904285733
01-09 21:00,0.0
01-09 21:15,2357.9630050428573
01-09 21:30,2553.454093028572
01-09 21:45,0.0
01-09 22:00,1484.2857142857142
01-09 22:15,4830.695391757143
01-09 22:30,2077.252439372857
01-09 22:45,1922.0391780642856
01-09 23:00,2511.894316614286
01-09 23:15,1484.2857142857142
01-09 23:30,1484.2857142857142
01-09 23:45,1484.2857142857142
01-10 00:00,1484.2857142857142
01-10 00:15,1721.980545802857
01-10 00:30,1484.2857142857142
01-10 00:45,1484.2857142857142
01-10 01:00,0.0
01-10 01:15,1484.2857142857142
01-10 01:30,1484.2857142857142
01-10 01:45,1277.7128011042853
01-10 02:00,2176.217514685714
01-10 02:15,1484.2857142857142
01-10 02:30,1484.2857142857142
01-10 02:45,1484.2857142857142
01-10 03:00,1484.2857142857142
01-10 03:15,2028.8492819
01-10 03:30,1484.2857142857142
01-10 03:45,6339.247554214286
01-10 04:00,2960.2541873
01-10 04:15,2189.3944398871427
01-10 04:30,1484.2857142857142
01-10 04:45,1821.268730662857
01-10 05:00,536.5471211557142
01-10 05:15,438.15531791
01-10 05:30,557.5425151200001
01-10 05:45,0.0
01-10 06:00,2374.7227052571425
01-10 06:15,13037.468348328572
01-10 06:30,4020.474286871429
01-10 06:45,5681.253556071429
01-10 07:00,15788.497077142856
01-10 07:15,8646.99002477143
01-10 07:30,18529.12297828571
01-10 07:45,19656.855691
01-10 08:00,9676.52350377143
01-10 08:15,16652.331592000002
01-10 08:30,4970.289775728572
01-10 08:45,6325.16316807143
01-10 09:00,0.0
01-10 09:15,16178.346841571429
01-10 09:30,10801.002529342855
01-10 09:45,9443.996841342858
01-10 10:00,7816.297072485716
01-10 10:15,7964.518724200001
01-10 10:30,13365.683288857144
01-10 10:45,12982.483286
01-10 11:00,7767.627931885714
01-10 11:15,2451.5271070571425
01-10 11:30,5975.062373800001
01-10 11:45,6746.383687085714
01-10 12:00,4404.783496671429
01-10 12:15,0.0
01-10 12:30,8637.478774357143
01-10 12:45,14849.247641285714
01-10 13:00,4728.414920085715
01-10 13:15,6021.571714985715
01-10 13:30,4828.940057714286
01-10 13:45,8168.9593351
01-10 14:00,1735.2206941714285
01-10 14:15,3395.9451135857144
01-10 14:30,1739.0595562571432
01-10 14:45,4381.882413242858
01-10 15:00,7561.28157614004
01-10 15:15,3318.761701028572
01-10 15:30,18413.39707857143
01-10 15:45,19749.093635
01-10 16:00,8021.0670185
01-10 16:15,10259.388564014283
01-10 16:30,4286.023934871429
01-10 16:45,7710.780109642858
01-10 17:00,17611.105468571426
01-10 17:15,13315.272927
01-10 17:30,1397.7979849714286
01-10 17:45,3105.582169457143
01-10 18:00,15431.996451571433
01-10 18:15,15969.010464285717
01-10 18:30,9058.0335218
01-10 18:45,6397.959088685715
01-10 19:00,4401.941887728572
01-10 19:15,615.3517316714288
01-10 19:30,0.0
01-10 19:45,4438.527457657143
01-10 20:00,2942.882471171429
01-10 20:15,12306.100575371427
01-10 20:30,1806.9879516714288
01-10 20:45,608.31704874
01-10 21:00,4650.345196228572
01-10 21:15,0.0
01-10 21:30,0.0
01-10 21:45,2329.723561028571
01-10 22:00,363.2140280457143
01-10 22:15,549.4487903700001
01-10 22:30,0.0
01-10 22:45,0.0
01-10 23:00,1523.1030566042857
01-10 23:15,0.0
01-10 23:30,4112.4316948
01-10 23:45,0.0
01-11 00:00,1484.2857142857142
01-11 00:15,7191.867869142857
01-11 00:30,1484.2857142857142
01-11 00:45,1484.2857142857142
01-11 01:00,1484.2857142857142
01-11 01:15,1484.2857142857142
01-11 01:30,1484.2857142857142
01-11 01:45,4284.711937214285
01-11 02:00,1718.096644585714
01-11 02:15,1484.2857142857142
01-11 02:30,1484.2857142857142
01-11 02:45,1484.2857142857142
01-11 03:00,1484.2857142857142
01-11 03:15,1484.2857142857142
01-11 03:30,1484.2857142857142
01-11 03:45,1484.2857142857142
01-11 04:00,1484.2857142857142
01-11 04:15,1484.2857142857142
01-11 04:30,1484.2857142857142
01-11 04:45,1484.2857142857142
01-11 05:00,1782.3210474928571
01-11 05:15,6690.103783328571
01-11 05:30,2175.2705369557143
01-11 05:45,1834.557086115714
01-11 06:00,12894.417328557143
01-11 06:15,8510.632415951433
01-11 06:30,12596.485145942856
01-11 06:45,12621.4426992
01-11 07:00,7659.674442328572
01-11 07:15,8001.586898385715
01-11 07:30,7097.626244700001
01-11 07:45,5504.993008771429
01-11 08:00,3359.376862571429
01-11 08:15,177.55352418571434
01-11 08:30,744.9148490000001
01-11 08:45,7269.167735685714
01-11 09:00,13194.69335414286
01-11 09:15,3280.9206519142863
01-11 09:30,10653.643230757143
01-11 09:45,6581.74400587143
01-11 10:00,12383.031081085715
01-11 10:15,7410.947189185716
01-11 10:30,5556.361864442858
01-11 10:45,7676.568285385715
01-11 11:00,16766.330740142857
01-11 11:15,0.0
01-11 11:30,1804.5045219000003
01-11 11:45,10016.743137271427
01-11 12:00,12414.950075542858
01-11 12:15,8104.305263471428
01-11 12:30,10423.347413885716
01-11 12:45,9878.594296028572
01-11 13:00,20629.626560428573
01-11 13:15,12552.4714776
01-11 13:30,15098.453237
01-11 13:45,3298.7620972428567
01-11 14:00,13280.343522114286
01-11 14:15,9440.464332051428
01-11 14:30,6810.014406528571
01-11 14:45,11584.175557714289
01-11 15:00,14683.685133
01-11 15:15,18228.85102442857
01-11 15:30,11713.73407092857
01-11 15:45,13469.742579299998
01-11 16:00,17467.776358857143
01-11 16:15,24917.83964928572
01-11 16:30,9784.0305746
01-11 16:45,5883.614571557143
01-11 17:00,7579.901197657144
01-11 17:15,3195.035867828572
01-11 17:30,6037.938329628571
01-11 17:45,3714.643821114285
01-11 18:00,4820.0438952714285
01-11 18:15,7314.902245471429
01-11 18:30,924.1867575428572
01-11 18:45,621.1122433428571
01-11 19:00,28.34243054285717
01-11 19:15,0.0
01-11 19:30,6334.96356147143
01-11 19:45,0.0
01-11 20:00,2414.851971974286
01-11 20:15,103.61474195714284
01-11 20:30,4313.685752085714
01-11 20:45,2077.340790657143
01-11 21:00,1680.0817599585716
01-11 21:15,9037.67162962857
01-11 21:30,7162.452800457143
01-11 21:45,0.0
01-11 22:00,0.0
01-11 22:15,0.0
01-11 22:30,3245.673643542857
01-11 22:45,0.0
01-11 23:00,2197.056553038571
01-11 23:15,5792.4443559
01-11 23:30,4087.628835828572
01-11 23:45,2070.182859857143
01-12 00:00,0.0
01-12 00:15,0.0
01-12 00:30,0.0
01-12 00:45,0.0
01-12 01:00,2023.8796787714284
01-12 01:15,0.0
01-12 01:30,0.0
01-12 01:45,0.0
01-12 02:00,733.1522006614294
01-12 02:15,0.0
01-12 02:30,0.0
01-12 02:45,11758.909439257142
01-12 03:00,0.0
01-12 03:15,0.0
01-12 03:30,0.0
01-12 03:45,0.0
01-12 04:00,1484.2857142857142
01-12 04:15,2256.963288042857
01-12 04:30,2375.0099241771427
01-12 04:45,1484.2857142857142
01-12 05:00,1484.2857142857142
01-12 05:15,1484.2857142857142
01-12 05:30,2068.000146098572
01-12 05:45,6563.7219515
01-12 06:00,0.0
01-12 06:15,0.0
01-12 06:30,0.0
01-12 06:45,0.0
01-12 07:00,3549.901449
01-12 07:15,3672.6520781285712
01-12 07:30,4328.710471371429
01-12 07:45,3402.831189057143
01-12 08:00,5419.147394628571
01-12 08:15,2915.228773987143
01-12 08:30,3050.140471042857
01-12 08:45,4606.245899285714
01-12 09:00,5901.295928900001
01-12 09:15,1344.8774619285714
01-12 09:30,16971.922601714286
01-12 09:45,16598.935676
01-12 10:00,2495.398846928572
01-12 10:15,4982.224447414286
01-12 10:30,3960.110550257143
01-12 10:45,3297.1962092571425
01-12 11:00,270.14677121428576
01-12 11:15,4956.372637542858
01-12 11:30,5607.794940542858
01-12 11:45,6036.155672385715
01-12 12:00,13898.182722514284
01-12 12:15,8576.1670705
01-12 12:30,3801.7822451571424
01-12 12:45,20761.70935114285
01-12 13:00,2100.6539170714286
01-12 13:15,7858.404786528571
01-12 13:30,4353.975896271429
01-12 13:45,10529.621781042855
01-12 14:00,12260.277540371428
01-12 14:15,4758.211847457143
01-12 14:30,10040.417769328573
01-12 14:45,10996.363165028572
01-12 15:00,5876.112858742857
01-12 15:15,13998.4574251
01-12 15:30,6004.077477757143
01-12 15:45,5056.205029785715
01-12 16:00,2507.411544352857
01-12 16:15,11246.975511357145
01-12 16:30,6286.9425225714285
01-12 16:45,9769.6692321
01-12 17:00,898.3586085
01-12 17:15,7533.086496742858
01-12 17:30,2011.372843857143
01-12 17:45,1412.3077762428577
01-12 18:00,587.5435997000001
01-12 18:15,0.0
01-12 18:30,0.0
01-12 18:45,6064.765964228572
01-12 19:00,5440.257424557144
01-12 19:15,6894.386126428572
01-12 19:30,445.3479660428572
01-12 19:45,2022.2916036428576
01-12 20:00,6016.10695157
01-12 20:15,0.0
01-12 20:30,892.5700472028572
01-12 20:45,607.8898755728572
01-12 21:00,2042.6616251514288
01-12 21:15,1484.2857142857142
01-12 21:30,1484.2857142857142
01-12 21:45,3572.5146242999995
01-12 22:00,3508.7769513428566
01-12 22:15,0.0
01-12 22:30,0.0
01-12 22:45,8829.39974757143
01-12 23:00,59.585663071428655
01-12 23:15,1386.7623016185714
01-12 23:30,0.0
01-12 23:45,788.2207090171429
01-13 00:00,523.0466091928572
01-13 00:15,0.0
01-13 00:30,578.5816361428572
01-13 00:45,0.0
01-13 01:00,1484.2857142857142
01-13 01:15,1484.2857142857142
01-13 01:30,1484.2857142857142
01-13 01:45,1484.2857142857142
01-13 02:00,1535.978957142857
01-13 02:15,1484.2857142857142
01-13 02:30,1484.2857142857142
01-13 02:45,7093.865175328571
01-13 03:00,0.0
01-13 03:15,0.0
01-13 03:30,0.0
01-13 03:45,0.0
01-13 04:00,2029.9288792485715
01-13 04:15,5579.743211577146
01-13 04:30,0.0
01-13 04:45,0.0
01-13 05:00,1484.2857142857142
01-13 05:15,1484.2857142857142
01-13 05:30,1484.2857142857142
01-13 05:45,1484.2857142857142
01-13 06:00,5821.386515099999
01-13 06:15,1484.2857142857142
01-13 06:30,1484.2857142857142
01-13 06:45,1721.7697220557145
01-13 07:00,6826.220841971429
01-13 07:15,7048.340108342857
01-13 07:30,2931.405564242857
01-13 07:45,2658.107515172857
01-13 08:00,6989.7302801000005
01-13 08:15,1715.8445036714286
01-13 08:30,4158.174127042857
01-13 08:45,15821.13395657143
01-13 09:00,14576.297258142858
01-13 09:15,12255.890219014287
01-13 09:30,4176.792871214286
01-13 09:45,3083.8319215857146
01-13 10:00,10805.483567342855
01-13 10:15,2941.9891711
01-13 10:30,11505.584115557143
01-13 10:45,18774.503651571427
01-13 11:00,7406.1440315
01-13 11:15,6987.742283442858
01-13 11:30,20446.445958714285
01-13 11:45,21254.96803014286
01-13 12:00,18327.564573714288
01-13 12:15,9698.182535942857
01-13 12:30,20422.746627571432
01-13 12:45,2491.142255828572
01-13 13:00,21967.19112671429
01-13 13:15,14523.01878302857
01-13 13:30,19777.99672671429
01-13 13:45,15127.567295571427
01-13 14:00,9359.061649442858
01-13 14:15,8604.430550942856
01-13 14:30,10571.2495798
01-13 14:45,15693.995152114285
01-13 15:00,15022.460630657142
01-13 15:15,14273.580106614285
01-13 15:30,11471.818369685714
01-13 15:45,5389.4067928
01-13 16:00,10450.659773457142
01-13 16:15,14319.130095985713
01-13 16:30,6227.900965257144
01-13 16:45,27474.426461000003
01-13 17:00,521.2265219000001
01-13 17:15,9420.616069714286
01-13 17:30,2486.140327071429
01-13 17:45,8558.4500646
01-13 18:00,111.35928740000008
01-13 18:15,5578.9145802
01-13 18:30,10637.012627457145
01-13 18:45,18906.60196471429
01-13 19:00,914.6468102714284
01-13 19:15,3815.157507542857
01-13 19:30,996.9322484142858
01-13 19:45,3284.283221728572
01-13 20:00,3822.8124569857146
01-13 20:15,7331.025462299999
01-13 20:30,10739.0626001
01-13 20:45,5215.414697857143
01-13 21:00,1484.2857142857142
01-13 21:15,5888.771192885713
01-13 21:30,2016.6828705728567
01-13 21:45,1484.2857142857142
01-13 22:00,0.0
01-13 22:15,2167.1143198085715
01-13 22:30,1998.5624820457144
01-13 22:45,739.9999999999553
01-13 23:00,1484.2857142857142
01-13 23:15,1484.2857142857142
01-13 23:30,2055.2728847171425
01-13 23:45,1484.2857142857142
01-14 00:00,1484.2857142857142
01-14 00:15,5418.5437508714285
01-14 00:30,1484.2857142857142
01-14 00:45,2007.9544096957145
01-14 01:00,1484.2857142857142
01-14 01:15,2094.13422928
01-14 01:30,1484.2857142857142
01-14 01:45,1484.2857142857142
01-14 02:00,1484.2857142857142
01-14 02:15,1484.2857142857142
01-14 02:30,1484.2857142857142
01-14 02:45,1484.2857142857142
01-14 03:00,4686.628918728571
01-14 03:15,1484.2857142857142
01-14 03:30,1581.2051615144287
01-14 03:45,2015.5104512414289
01-14 04:00,1484.2857142857142
01-14 04:15,1484.2857142857142
01-14 04:30,1781.626425927143
01-14 04:45,2428.919220332857
01-14 05:00,2043.8828068371429
01-14 05:15,1484.2857142857142
01-14 05:30,10738.0716203
01-14 05:45,7929.188646042857
01-14 06:00,4140.486263685714
01-14 06:15,2753.72129587
01-14 06:30,5071.464189757144
01-14 06:45,18924.561628714288
01-14 07:00,2443.4575067714286
01-14 07:15,6675.893773928572
01-14 07:30,8175.155133228572
01-14 07:45,8324.564485200002
01-14 08:00,5233.277413628572
01-14 08:15,3071.129655357143
01-14 08:30,7229.198636728572
01-14 08:45,1688.4273586714285
01-14 09:00,6421.5400454142855
01-14 09:15,1541.835364957143
01-14 09:30,8473.63652547143
01-14 09:45,8382.579765528571
01-14 10:00,0.0
01-14 10:15,8186.593654485716
01-14 10:30,12945.459694428571
01-14 10:45,7767.960233814287
01-14 11:00,7087.664976871429
01-14 11:15,7874.29286177143
01-14 11:30,6153.037866685715
01-14 11:45,6691.632799942857
01-14 12:00,4348.032440557143
01-14 12:15,18396.087793714287
01-14 12:30,10673.005174528573
01-14 12:45,5030.273983942856
01-14 13:00,6412.194623857144
01-14 13:15,18794.637493857143
01-14 13:30,7492.797245157142
01-14 13:45,10012.3459734
01-14 14:00,15218.503297514286
01-14 14:15,7842.3050296
01-14 14:30,8913.855319957143
01-14 14:45,5390.375450971429
01-14 15:00,11718.925222371428
01-14 15:15,2293.479607228572
01-14 15:30,8042.21371357143
01-14 15:45,11300.063935785714
01-14 16:00,17776.50710942857
01-14 16:15,7403.6262983285715
01-14 16:30,1713.2604517142856
01-14 16:45,21797.689301714287
01-14 17:00,1737.152652214286
01-14 17:15,0.0
01-14 17:30,1506.861487571429
01-14 17:45,2981.641319857143
01-14 18:00,8297.982120357145
01-14 18:15,9073.2053948
01-14 18:30,4882.764331057142
01-14 18:45,6169.414692242857
01-14 19:00,1518.2130343142858
01-14 19:15,0.0
01-14 19:30,944.4897453714289
01-14 19:45,962.4052678000002
01-14 20:00,1507.2198002714283
01-14 20:15,0.0
01-14 20:30,767.1774420857146
01-14 20:45,1377.7873759714284
01-14 21:00,2945.3007789142857
01-14 21:15,1110.6305344757116
01-14 21:30,5299.964811328571
01-14 21:45,8406.5571546
01-14 22:00,1484.2857142857142
01-14 22:15,1603.6482843829997
01-14 22:30,2066.010538125714
01-14 22:45,2042.5889049028567
01-14 23:00,1484.2857142857142
01-14 23:15,1484.2857142857142
01-14 23:30,1484.2857142857142
01-14 23:45,1648.1979868314286
01-15 00:00,2378.489155488571
01-15 00:15,1484.2857142857142
01-15 00:30,1848.8912339942856
01-15 00:45,1484.2857142857142
01-15 01:00,1484.2857142857142
01-15 01:15,1484.2857142857142
01-15 01:30,1484.2857142857142
01-15 01:45,1484.2857142857142
01-15 02:00,1484.2857142857142
01-15 02:15,1484.2857142857142
01-15 02:30,1484.2857142857142
01-15 02:45,1484.2857142857142
01-15 03:00,1484.2857142857142
01-15 03:15,1484.2857142857142
01-15 03:30,2446.915432842857
01-15 03:45,1484.2857142857142
01-15 04:00,1731.4472102628572
01-15 04:15,1484.2857142857142
01-15 04:30,2798.12416849
01-15 04:45,1484.2857142857142
01-15 05:00,2017.258699777143
01-15 05:15,2309.1106204300004
01-15 05:30,5468.578218114286
01-15 05:45,3302.164117114285
01-15 06:00,4016.119954157141
01-15 06:15,7962.591739214286
01-15 06:30,8135.677038828571
01-15 06:45,6131.167735257142
01-15 07:00,19238.532133857145
01-15 07:15,9454.206663642855
01-15 07:30,12668.10933657143
01-15 07:45,11890.324105757143
01-15 08:00,9365.291139714289
01-15 08:15,8620.356514742858
01-15 08:30,16507.897287714288
01-15 08:45,2834.4963763428573
01-15 09:00,6315.547589100001
01-15 09:15,5708.461142200001
01-15 09:30,1145.9537703285716
01-15 09:45,12159.200144014289
01-15 10:00,4590.934665157144
01-15 10:15,6915.210315485715
01-15 10:30,14693.208431142855
01-15 10:45,5664.329949814286
01-15 11:00,426.5840410857145
01-15 11:15,22300.655475
01-15 11:30,4346.901521457144
01-15 11:45,790.806588114286
01-15 12:00,2031.5882236142847
01-15 12:15,3842.104472071428
01-15 12:30,97.89448715714283
01-15 12:45,1297.2738398285717
01-15 13:00,17044.739311142857
01-15 13:15,12805.857376571428
01-15 13:30,6229.022296042858
01-15 13:45,12201.343551228572
01-15 14:00,2118.768111071429
01-15 14:15,5034.643032957144
01-15 14:30,16160.052007285718
01-15 14:45,678.4201371142858
01-15 15:00,7191.090536385716
01-15 15:15,5672.737724214287
01-15 15:30,16248.706617714288
01-15 15:45,21462.70631357143
01-15 16:00,9565.185793757144
01-15 16:15,20792.01327242861
01-15 16:30,13566.876814185714
01-15 16:45,6457.930062028572
01-15 17:00,1954.6487085714289
01-15 17:15,10250.816101685716
01-15 17:30,2761.982716914286
01-15 17:45,548.1020737000002
01-15 18:00,4822.777413000001
01-15 18:15,2210.5613028857147
01-15 18:30,6509.137077714286
01-15 18:45,7265.713431714285
01-15 19:00,10095.363526271429
01-15 19:15,5369.1963026
01-15 19:30,2122.919271562857
01-15 19:45,4770.913316071429
01-15 20:00,9821.33318077143
01-15 20:15,2129.435784614286
01-15 20:30,3452.448596242857
01-15 20:45,1508.6018151428143
01-15 21:00,2066.089987562857
01-15 21:15,2506.38764287
01-15 21:30,2641.324221188571
01-15 21:45,2801.460942204286
01-15 22:00,1820.4193978728567
01-15 22:15,1484.2857142857142
01-15 22:30,3462.8960007714286
01-15 22:45,1484.2857142857142
01-15 23:00,1484.2857142857142
01-15 23:15,1484.2857142857142
01-15 23:30,1484.2857142857142
01-15 23:45,1484.2857142857142
01-16 00:00,1484.2857142857142
01-16 00:15,2517.3837218385715
01-16 00:30,1484.2857142857142
01-16 00:45,7430.334025014285
01-16 01:00,1484.2857142857142
01-16 01:15,1484.2857142857142
01-16 01:30,5346.112774685714
01-16 01:45,1484.2857142857142
01-16 02:00,1484.2857142857142
01-16 02:15,1484.2857142857142
01-16 02:30,1484.2857142857142
01-16 02:45,1484.2857142857142
01-16 03:00,1818.546368657143
01-16 03:15,2130.996063465714
01-16 03:30,1898.035333895714
01-16 03:45,7211.454627771427
01-16 04:00,2204.988688574286
01-16 04:15,1484.2857142857142
01-16 04:30,1685.2852175128571
01-16 04:45,1484.2857142857142
01-16 05:00,1846.0537345028567
01-16 05:15,1484.2857142857142
01-16 05:30,5812.189281628571
01-16 05:45,2247.5187965471428
01-16 06:00,11110.371809285714
01-16 06:15,4900.011825428571
01-16 06:30,0.0
01-16 06:45,4336.947410430001
01-16 07:00,7833.256789257143
01-16 07:15,10242.317844985717
01-16 07:30,11022.105196485714
01-16 07:45,11675.076191642858
01-16 08:00,13264.127113857145
01-16 08:15,7100.225256600001
01-16 08:30,7642.183920328573
01-16 08:45,434.17303792857166
01-16 09:00,2513.288140728572
01-16 09:15,4546.390664285715
01-16 09:30,2449.507380214286
01-16 09:45,15499.731308142858
01-16 10:00,7913.569008842858
01-16 10:15,3921.7331831
01-16 10:30,13805.184653714286
01-16 10:45,12316.336662842858
01-16 11:00,4464.7887882
01-16 11:15,4524.088264685714
01-16 11:30,7340.590001471429
01-16 11:45,9461.399241957144
01-16 12:00,6389.796467242858
01-16 12:15,8173.234558842857
01-16 12:30,1149.7809703
01-16 12:45,11135.460050685717
01-16 13:00,8117.018561714285
01-16 13:15,8644.577151442905
01-16 13:30,14147.80053497143
01-16 13:45,4532.996217671429
01-16 14:00,14263.950733857146
01-16 14:15,7873.272059371428
01-16 14:30,5397.984165642858
01-16 14:45,2194.7671103
01-16 15:00,559.5010209714287
01-16 15:15,1886.6551039142853
01-16 15:30,1341.1830043714288
01-16 15:45,2741.400611171429
01-16 16:00,20561.923029142858
01-16 16:15,3671.878056971429
01-16 16:30,6625.883019485715
01-16 16:45,1679.2104327000002
01-16 17:00,6737.5393738
01-16 17:15,15100.447489000002
01-16 17:30,9056.419563685717
01-16 17:45,10529.144126942858
01-16 18:00,2983.5738734857146
01-16 18:15,4647.8749764
01-16 18:30,9145.66324122857
01-16 18:45,3677.777643485714
01-16 19:00,5955.536320128572
01-16 19:15,4073.1592604571433
01-16 19:30,6422.5855856
01-16 19:45,1836.370294142857
01-16 20:00,11651.8250676
01-16 20:15,3815.873625228572
01-16 20:30,6501.793776085715
01-16 20:45,1484.2857142857142
01-16 21:00,8003.575418371428
01-16 21:15,6905.161283957144
01-16 21:30,1484.2857142857142
01-16 21:45,2067.9428458971424
01-16 22:00,0.0
01-16 22:15,149.05006994285733
01-16 22:30,0.0
01-16 22:45,796.4695077299551
01-16 23:00,1930.012940138572
01-16 23:15,1484.2857142857142
01-16 23:30,1928.1264101971424
01-16 23:45,1484.2857142857142
01-17 00:00,1484.2857142857142
01-17 00:15,1484.2857142857142
01-17 00:30,1802.042411762857
01-17 00:45,1484.2857142857142
01-17 01:00,1484.2857142857142
01-17 01:15,1484.2857142857142
01-17 01:30,1484.2857142857142
01-17 01:45,1484.2857142857142
01-17 02:00,1484.2857142857142
01-17 02:15,1484.2857142857142
01-17 02:30,1788.0147687214285
01-17 02:45,1484.2857142857142
01-17 03:00,1484.2857142857142
01-17 03:15,1484.2857142857142
01-17 03:30,1484.2857142857142
01-17 03:45,4805.435043271428
01-17 04:00,2254.3029875385714
01-17 04:15,2184.2446330928574
01-17 04:30,1925.653172752857
01-17 04:45,1484.2857142857142
01-17 05:00,2017.8367240828568
01-17 05:15,2043.6060054828567
01-17 05:30,2126.568980085714
01-17 05:45,1865.6448284242856
01-17 06:00,3334.7747844571427
01-17 06:15,5724.668843271428
01-17 06:30,13114.29636567143
01-17 06:45,13101.696746385716
01-17 07:00,10808.593169157142
01-17 07:15,2034.2369265
01-17 07:30,12231.47881995714
01-17 07:45,6926.026169085714
01-17 08:00,2184.040276571429
01-17 08:15,345.5124521285716
01-17 08:30,3340.161569342857
01-17 08:45,2740.078725857143
01-17 09:00,6619.214118185714
01-17 09:15,10556.928380957144
01-17 09:30,4419.682084542857
01-17 09:45,3526.963210114286
01-17 10:00,823.4859726571431
01-17 10:15,1847.492922071429
01-17 10:30,8826.589155099999
01-17 10:45,22237.509465571427
01-17 11:00,13926.373809528572
01-17 11:15,8755.090338685715
01-17 11:30,17675.16957442857
01-17 11:45,5248.994134042858
01-17 12:00,12979.365264342856
01-17 12:15,5525.292713114285
01-17 12:30,3718.6508121714287
01-17 12:45,3731.0969354428576
01-17 13:00,4406.277297685714
01-17 13:15,8068.467388857144
01-17 13:30,14497.67433824857
01-17 13:45,5600.740143528572
01-17 14:00,8684.133504442858
01-17 14:15,3141.0818178
01-17 14:30,11494.906164671427
01-17 14:45,14722.262207857146
01-17 15:00,12124.810412114286
01-17 15:15,8810.464826885715
01-17 15:30,9167.31043737143
01-17 15:45,12529.151382314283
01-17 16:00,8240.987045357142
01-17 16:15,16796.672701285715
01-17 16:30,6576.942829828572
01-17 16:45,3497.740677028572
01-17 17:00,10342.744487057143
01-17 17:15,3203.598439357143
01-17 17:30,6689.923302085715
01-17 17:45,10872.489882714286
01-17 18:00,3695.4274418857153
01-17 18:15,2471.5464331142857
01-17 18:30,12175.915500771427
01-17 18:45,2878.150492814286
01-17 19:00,0.0
01-17 19:15,882.3700219714287
01-17 19:30,3123.800502042858
01-17 19:45,369.35203394285736
01-17 20:00,0.0
01-17 20:15,3841.3860370428574
01-17 20:30,8847.4505418
01-17 20:45,0.0
01-17 21:00,5306.231254357143
01-17 21:15,1909.5789107057144
01-17 21:30,9653.2137767
01-17 21:45,1484.2857142857142
01-17 22:00,7337.502222814285
01-17 22:15,2951.628555742857
01-17 22:30,1484.2857142857142
01-17 22:45,4045.017061071429
01-17 23:00,1484.2857142857142
01-17 23:15,1484.2857142857142
01-17 23:30,3586.352079642857
01-17 23:45,1484.2857142857142
01-18 00:00,1484.2857142857142
01-18 00:15,6759.389299085715
01-18 00:30,1484.2857142857142
01-18 00:45,2233.594900114286
01-18 01:00,1484.2857142857142
01-18 01:15,1484.2857142857142
01-18 01:30,2604.551309285714
01-18 01:45,1484.2857142857142
01-18 02:00,1484.2857142857142
01-18 02:15,1484.2857142857142
01-18 02:30,2152.6000883314287
01-18 02:45,1484.2857142857142
01-18 03:00,1484.2857142857142
01-18 03:15,1484.2857142857142
01-18 03:30,1484.2857142857142
01-18 03:45,1484.2857142857142
01-18 04:00,0.0
01-18 04:15,0.0
01-18 04:30,0.0
01-18 04:45,0.0
01-18 05:00,0.0
01-18 05:15,5379.88804807143
01-18 05:30,1484.2857142857142
01-18 05:45,924.7287774271384
01-18 06:00,9018.016078571429
01-18 06:15,4083.446647142857
01-18 06:30,2920.328679585714
01-18 06:45,5017.663343114286
01-18 07:00,10850.001017085717
01-18 07:15,0.0
01-18 07:30,6438.536976914285
01-18 07:45,14256.288155142858
01-18 08:00,11463.000958457143
01-18 08:15,4823.594676371429
01-18 08:30,8109.923893728573
01-18 08:45,3623.9038589857146
01-18 09:00,868.7358710000003
01-18 09:15,1221.056210257143
01-18 09:30,687.8583647428571
01-18 09:45,10836.803293857143
01-18 10:00,4269.512905500001
01-18 10:15,4299.841126357144
01-18 10:30,0.0
01-18 10:45,6702.308791714286
01-18 11:00,5584.492470985715
01-18 11:15,16183.929733714289
01-18 11:30,9247.2561096
01-18 11:45,12945.260375285714
01-18 12:00,12476.5676261
01-18 12:15,8769.995258557143
01-18 12:30,2287.8514973000006
01-18 12:45,5896.049133271429
01-18 13:00,22528.53096242857
01-18 13:15,20535.69144057143
01-18 13:30,23080.823332428576
01-18 13:45,13161.84641565714
01-18 14:00,15213.324449828571
01-18 14:15,11584.045706085715
01-18 14:30,6626.763045805755
01-18 14:45,8525.557082728574
01-18 15:00,12201.018420785713
01-18 15:15,6410.097883042857
01-18 15:30,12928.562623714286
01-18 15:45,18747.95750128572
01-18 16:00,11180.959741842858
01-18 16:15,14016.259366714286
01-18 16:30,2579.0983971857145
01-18 16:45,15460.367325
01-18 17:00,18578.69215228572
01-18 17:15,11431.9394738
01-18 17:30,7657.368895314286
01-18 17:45,972.3299223571432
01-18 18:00,11562.303811857144
01-18 18:15,2634.805768428572
01-18 18:30,10535.322397314289
01-18 18:45,8366.23656477143
01-18 19:00,0.0
01-18 19:15,0.0
01-18 19:30,6441.215100428572
01-18 19:45,3377.342390657144
01-18 20:00,2265.5235492285715
01-18 20:15,3946.3803420428576
01-18 20:30,2957.301559442857
01-18 20:45,786.2655342385715
01-18 21:00,3319.603366357143
01-18 21:15,1676.3190034000002
01-18 21:30,151.80303907142883
01-18 21:45,0.0
01-18 22:00,453.5042884428571
01-18 22:15,3366.445157788572
01-18 22:30,0.0
01-18 22:45,0.0
01-18 23:00,5068.761265028572
01-18 23:15,2767.243116754286
01-18 23:30,2958.844505914286
01-18 23:45,3532.6540840142857
01-19 00:00,1484.2857142857142
01-19 00:15,2709.600315491429
01-19 00:30,1484.2857142857142
01-19 00:45,1818.5762425142848
01-19 01:00,1484.2857142857142
01-19 01:15,2388.667849004286
01-19 01:30,1935.3557352714283
01-19 01:45,1655.039083797143
01-19 02:00,2124.9902340000003
01-19 02:15,0.0
01-19 02:30,4820.090180528572
01-19 02:45,310.29969834857303
01-19 03:00,1484.2857142857142
01-19 03:15,1484.2857142857142
01-19 03:30,4622.006584485714
01-19 03:45,1484.2857142857142
01-19 04:00,5698.352004314285
01-19 04:15,1484.2857142857142
01-19 04:30,1736.2633367742858
01-19 04:45,6874.255509399999
01-19 05:00,1484.2857142857142
01-19 05:15,2157.1098805214283
01-19 05:30,1484.2857142857142
01-19 05:45,1484.2857142857142
01-19 06:00,2390.6549601142856
01-19 06:15,2024.7864460257144
01-19 06:30,1484.2857142857142
01-19 06:45,1484.2857142857142
01-19 07:00,4903.681843128572
01-19 07:15,2188.9171479171428
01-19 07:30,10701.205942885714
01-19 07:45,6482.9678544
01-19 08:00,0.0
01-19 08:15,0.0
01-19 08:30,218.54459988571432
01-19 08:45,6557.699102185716
01-19 09:00,3042.894070557142
01-19 09:15,20799.458055714287
01-19 09:30,14407.934278857145
01-19 09:45,7629.621779842858
01-19 10:00,12915.190986428572
01-19 10:15,19744.19081514285
01-19 10:30,1416.563850857143
01-19 10:45,14574.289616142858
01-19 11:00,9275.814457314287
01-19 11:15,7311.608655728573
01-19 11:30,2905.0667303571427
01-19 11:45,8651.696239757144
01-19 12:00,13733.818054428571
01-19 12:15,13020.055497857144
01-19 12:30,5471.937046142858
01-19 12:45,7908.890040485715
01-19 13:00,5893.793505142858
01-19 13:15,12492.801039571428
01-19 13:30,11058.614671928572
01-19 13:45,10449.794225342855
01-19 14:00,8392.62977645714
01-19 14:15,8963.6618433
01-19 14:30,11041.492673828572
01-19 14:45,10392.556472142856
01-19 15:00,7480.068399557143
01-19 15:15,11567.972256185714
01-19 15:30,1738.189490557143
01-19 15:45,10680.861519785714
01-19 16:00,9645.963579828573
01-19 16:15,5505.745988385715
01-19 16:30,14913.297553000002
01-19 16:45,12277.475574985714
01-19 17:00,8194.9788757
01-19 17:15,5429.968811557143
01-19 17:30,16516.14056942857
01-19 17:45,5975.703290442859
01-19 18:00,4613.959305171429
01-19 18:15,1571.534322342857
01-19 18:30,0.0
01-19 18:45,4711.292100728572
01-19 19:00,0.0
01-19 19:15,4998.484451928572
01-19 19:30,12891.751911857144
01-19 19:45,1998.4943650142857
01-19 20:00,3876.267157085714
01-19 20:15,5882.259576485714
01-19 20:30,1060.0277424742858
01-19 20:45,469.6007159685714
01-19 21:00,2553.381756107143
01-19 21:15,1130.9682334885715
01-19 21:30,5076.226886500001
01-19 21:45,3254.169571085714
01-19 22:00,923.0693222171428
01-19 22:15,1257.2648776085714
01-19 22:30,1448.5618615
01-19 22:45,0.0
01-19 23:00,1484.2857142857142
01-19 23:15,2512.0096981514284
01-19 23:30,3068.8845048
01-19 23:45,1484.2857142857142
01-20 00:00,1484.2857142857142
01-20 00:15,1484.2857142857142
01-20 00:30,4633.070182857143
01-20 00:45,5588.2866718
01-20 01:00,1484.2857142857142
01-20 01:15,1484.2857142857142
01-20 01:30,1484.2857142857142
01-20 01:45,1484.2857142857142
01-20 02:00,1484.2857142857142
01-20 02:15,1484.2857142857142
01-20 02:30,2409.60827995
01-20 02:45,2111.765003025714
01-20 03:00,7418.689084585714
01-20 03:15,1484.2857142857142
01-20 03:30,1484.2857142857142
01-20 03:45,1484.2857142857142
01-20 04:00,1484.2857142857142
01-20 04:15,1484.2857142857142
01-20 04:30,1484.2857142857142
01-20 04:45,2488.124276072857
01-20 05:00,1484.2857142857142
01-20 05:15,1484.2857142857142
01-20 05:30,1484.2857142857142
01-20 05:45,1484.2857142857142
01-20 06:00,7223.986019114285
01-20 06:15,1484.2857142857142
01-20 06:30,2334.8764152000003
01-20 06:45,7550.435355799999
01-20 07:00,7627.135852128571
01-20 07:15,1692.403841562857
01-20 07:30,14447.0713977
01-20 07:45,4480.6716127
01-20 08:00,17451.852248714287
01-20 08:15,2887.7090709285712
01-20 08:30,630.7251532714289
01-20 08:45,5926.402503542858
01-20 09:00,15279.959325142858
01-20 09:15,233.19333788571444
01-20 09:30,636.1558579000001
01-20 09:45,990.452216614286
01-20 10:00,11148.737874385712
01-20 10:15,10389.066056199958
01-20 10:30,12617.0592967
01-20 10:45,1232.516384757143
01-20 11:00,18182.880866
01-20 11:15,12632.356556142857
01-20 11:30,12970.571463557142
01-20 11:45,21343.673561
01-20 12:00,26721.319156000005
01-20 12:15,10257.344723785714
01-20 12:30,5717.068933842857
01-20 12:45,11146.574127071428
01-20 13:00,4890.060393842858
01-20 13:15,13503.558593657142
01-20 13:30,18042.536893571425
01-20 13:45,18793.493419
01-20 14:00,4752.105593671428
01-20 14:15,9747.993193342858
01-20 14:30,3440.5458044
01-20 14:45,7454.0194380428575
01-20 15:00,7847.508492585714
01-20 15:15,10342.171682567132
01-20 15:30,253.47246988571447
01-20 15:45,12868.324249285715
01-20 16:00,6206.81421117143
01-20 16:15,3572.6762397857137
01-20 16:30,7334.316149414286
01-20 16:45,4420.594903342858
01-20 17:00,7073.818445028572
01-20 17:15,7108.546241642858
01-20 17:30,22532.285303571432
01-20 17:45,6351.812350728571
01-20 18:00,1098.4223098714288
01-20 18:15,1021.3248167571428
01-20 18:30,2732.1148144571434
01-20 18:45,7110.464317142858
01-20 19:00,2750.3840092857145
01-20 19:15,5183.5028726857145
01-20 19:30,5416.982241671429
01-20 19:45,0.0
01-20 20:00,0.0
01-20 20:15,3498.8854159714283
01-20 20:30,0.0
01-20 20:45,6556.506689157143
01-20 21:00,1013.1645272428572
01-20 21:15,0.0
01-20 21:30,4127.013925671428
01-20 21:45,0.0
01-20 22:00,0.0
01-20 22:15,0.0
01-20 22:30,0.0
01-20 22:45,0.0
01-20 23:00,1484.2857142857142
01-20 23:15,1484.2857142857142
01-20 23:30,1484.2857142857142
01-20 23:45,2165.7756018585715
01-21 00:00,0.0
01-21 00:15,0.0
01-21 00:30,0.0
01-21 00:45,0.0
01-21 01:00,1484.2857142857142
01-21 01:15,1484.2857142857142
01-21 01:30,1484.2857142857142
01-21 01:45,1484.2857142857142
01-21 02:00,1986.30516827
01-21 02:15,1484.2857142857142
01-21 02:30,1484.2857142857142
01-21 02:45,1484.2857142857142
01-21 03:00,1985.84599113
01-21 03:15,1484.2857142857142
01-21 03:30,1484.2857142857142
01-21 03:45,1484.2857142857142
01-21 04:00,4298.7667283
01-21 04:15,1484.2857142857142
01-21 04:30,2440.839451031429
01-21 04:45,2351.705047512857
01-21 05:00,2095.90147443
01-21 05:15,2679.94801812
01-21 05:30,1484.2857142857142
01-21 05:45,1484.2857142857142
01-21 06:00,3773.5460280142856
01-21 06:15,2694.262169871429
01-21 06:30,3162.3725199857145
01-21 06:45,3280.2815461857144
01-21 07:00,3106.1645133714287
01-21 07:15,10385.5384856
01-21 07:30,5188.009218614287
01-21 07:45,7254.168778614286
01-21 08:00,5035.393927214287
01-21 08:15,19140.350079285712
01-21 08:30,5563.997428957143
01-21 08:45,6994.468576985715
01-21 09:00,0.0
01-21 09:15,6270.033627328572
01-21 09:30,19618.249684285714
01-21 09:45,12900.713647
01-21 10:00,4766.75147567143
01-21 10:15,9260.291606628572
01-21 10:30,3571.1686745
01-21 10:45,9386.286064342858
01-21 11:00,5103.148730685715
01-21 11:15,6096.331774914286
01-21 11:30,4788.677345785714
01-21 11:45,1528.6466529285717
01-21 12:00,15827.530597285711
01-21 12:15,8899.870547271428
01-21 12:30,2085.4185465514283
01-21 12:45,2975.4906908
01-21 13:00,9702.54216607143
01-21 13:15,6094.7302767
01-21 13:30,18029.301291
01-21 13:45,8903.27589397143
01-21 14:00,20363.24483615861
01-21 14:15,7900.571735685714
01-21 14:30,13563.305227857143
01-21 14:45,2586.212983314286
01-21 15:00,7576.2436468
01-21 15:15,3168.833138314286
01-21 15:30,3586.085400857143
01-21 15:45,5269.535300642858
01-21 16:00,3541.6931963428574
01-21 16:15,21878.424411285712
01-21 16:30,10706.4231907
01-21 16:45,6247.202963085716
01-21 17:00,6603.192204771429
01-21 17:15,7494.961676471429
01-21 17:30,13344.890892285715
01-21 17:45,8310.212648885716
01-21 18:00,2173.5940758857146
01-21 18:15,11987.1009022
01-21 18:30,14302.036548571428
01-21 18:45,9177.475021457143
01-21 19:00,0.0
01-21 19:15,0.0
01-21 19:30,5315.257672657143
01-21 19:45,0.0
01-21 20:00,265.72859644285734
01-21 20:15,4846.8738363428565
01-21 20:30,4437.068007299999
01-21 20:45,3556.924661128571
01-21 21:00,1512.8919454714285
01-21 21:15,1484.2857142857142
01-21 21:30,478.2957948914286
01-21 21:45,4383.600664042859
01-21 22:00,2626.523225961429
01-21 22:15,4310.7038029714295
01-21 22:30,3992.6738507
01-21 22:45,1905.3252140442853
01-21 23:00,2999.324258557143
01-21 23:15,6212.132593200001
01-21 23:30,6671.634678085715
01-21 23:45,1855.329824458572
01-22 00:00,1484.2857142857142
01-22 00:15,1484.2857142857142
01-22 00:30,1484.2857142857142
01-22 00:45,1484.2857142857142
01-22 01:00,1484.2857142857142
01-22 01:15,1484.2857142857142
01-22 01:30,1484.2857142857142
01-22 01:45,1484.2857142857142
01-22 02:00,1484.2857142857142
01-22 02:15,1484.2857142857142
01-22 02:30,1484.2857142857142
01-22 02:45,1484.2857142857142
01-22 03:00,2005.055762812857
01-22 03:15,1484.2857142857142
01-22 03:30,1484.2857142857142
01-22 03:45,1484.2857142857142
01-22 04:00,2036.7355692757144
01-22 04:15,6221.904609614286
01-22 04:30,1484.2857142857142
01-22 04:45,1484.2857142857142
01-22 05:00,2295.865860942857
01-22 05:15,1484.2857142857142
01-22 05:30,7682.893824557143
01-22 05:45,1925.7818038857145
01-22 06:00,0.0
01-22 06:15,995.7567945142856
01-22 06:30,673.2744780000002
01-22 06:45,8033.840173214287
01-22 07:00,11006.825109714286
01-22 07:15,6171.242993857144
01-22 07:30,12741.211538671429
01-22 07:45,3824.2534130428576
01-22 08:00,4915.234511985716
01-22 08:15,10660.089372414288
01-22 08:30,10182.615836014284
01-22 08:45,4912.117687028571
01-22 09:00,19700.14758228572
01-22 09:15,708.0797322571431
01-22 09:30,3069.4768968857147
01-22 09:45,1841.4920182428573
01-22 10:00,6866.955135657143
01-22 10:15,4981.137702971429
01-22 10:30,976.7843482142856
01-22 10:45,0.0
01-22 11:00,2826.5373495142862
01-22 11:15,6637.405921728572
01-22 11:30,1320.6077969000005
01-22 11:45,6553.188309742857
01-22 12:00,19938.831410714287
01-22 12:15,4044.5828453857134
01-22 12:30,7822.194189314286
01-22 12:45,5938.224349115717
01-22 13:00,9451.583589785712
01-22 13:15,3754.482741742857
01-22 13:30,19262.89740328571
01-22 13:45,5296.149002157143
01-22 14:00,9902.4010599
01-22 14:15,9058.695457985714
01-22 14:30,5787.358765314285
01-22 14:45,4669.157216214286
01-22 15:00,1742.963860814286
01-22 15:15,6271.767171142858
01-22 15:30,18174.760603
01-22 15:45,10594.301468271433
01-22 16:00,12660.670030271427
01-22 16:15,7357.300734800001
01-22 16:30,2826.4073230428576
01-22 16:45,3273.3703227571427
01-22 17:00,6634.229839457144
01-22 17:15,19737.862405857144
01-22 17:30,11717.009478771428
01-22 17:45,11683.036464157143
01-22 18:00,3925.1035120857136
01-22 18:15,2653.173013728572
01-22 18:30,7387.719690557144
01-22 18:45,7342.884319342858
01-22 19:00,0.0
01-22 19:15,0.0
01-22 19:30,6757.042666557143
01-22 19:45,477.0862338714288
01-22 20:00,2604.3191945714284
01-22 20:15,1561.8910938185286
01-22 20:30,3250.960775128571
01-22 20:45,7548.966052414285
01-22 21:00,2273.0745656514287
01-22 21:15,1484.2857142857142
01-22 21:30,2367.7583635685714
01-22 21:45,5201.070246757143
01-22 22:00,7298.183951171428
01-22 22:15,1484.2857142857142
01-22 22:30,1856.69299971
01-22 22:45,2875.3675185771426
01-22 23:00,1621.8529203615713
01-22 23:15,1484.2857142857142
01-22 23:30,2008.1557314357144
01-22 23:45,1484.2857142857142
01-23 00:00,1484.2857142857142
01-23 00:15,1484.2857142857142
01-23 00:30,2027.300846184285
01-23 00:45,1959.361535952857
01-23 01:00,1484.2857142857142
01-23 01:15,1484.2857142857142
01-23 01:30,1484.2857142857142
01-23 01:45,1484.2857142857142
01-23 02:00,1484.2857142857142
01-23 02:15,1484.2857142857142
01-23 02:30,1484.2857142857142
01-23 02:45,1484.2857142857142
01-23 03:00,1937.062690112857
01-23 03:15,7353.9718059
01-23 03:30,1484.2857142857142
01-23 03:45,7072.217939314286
01-23 04:00,1484.2857142857142
01-23 04:15,1949.157241135714
01-23 04:30,2713.822575765714
01-23 04:45,1484.2857142857142
01-23 05:00,9015.556703928572
01-23 05:15,2216.875881081429
01-23 05:30,3630.1165911
01-23 05:45,7170.118928157142
01-23 06:00,7125.801864857143
01-23 06:15,4725.231719185714
01-23 06:30,8006.408010399999
01-23 06:45,9306.306276185716
01-23 07:00,3714.174168771429
01-23 07:15,8862.471083014287
01-23 07:30,13195.193480442857
01-23 07:45,3475.754874257143
01-23 08:00,7070.679339585715
01-23 08:15,0.0
01-23 08:30,19548.545457142856
01-23 08:45,2790.257437471429
01-23 09:00,4246.3099681
01-23 09:15,12469.9568133
01-23 09:30,9538.392656200002
01-23 09:45,5373.209700714287
01-23 10:00,3883.680168371428
01-23 10:15,0.0
01-23 10:30,0.0
01-23 10:45,2644.1036844
01-23 11:00,6007.517942714287
01-23 11:15,15230.649683
01-23 11:30,6598.558906814286
01-23 11:45,14848.973851
01-23 12:00,2805.079400628572
01-23 12:15,4900.775558185714
01-23 12:30,0.0
01-23 12:45,3482.704085885714
01-23 13:00,4068.216697380033
01-23 13:15,17255.342996714284
01-23 13:30,12730.547530957145
01-23 13:45,15306.84813202857
01-23 14:00,7012.23872597143
01-23 14:15,11866.237774271429
01-23 14:30,8067.055246228571
01-23 14:45,7938.502611242857
01-23 15:00,2376.712890257143
01-23 15:15,13485.85830814286
01-23 15:30,6501.80258667143
01-23 15:45,10444.094743299998
01-23 16:00,7284.9065686
01-23 16:15,7705.8433991857155
01-23 16:30,9570.13956194286
01-23 16:45,9733.01764317143
01-23 17:00,12137.82157647143
01-23 17:15,2243.7389763714286
01-23 17:30,3384.0215342142865
01-23 17:45,11095.091943614285
01-23 18:00,7919.9910511
01-23 18:15,6960.145840628572
01-23 18:30,8348.50548432857
01-23 18:45,9418.4866495
01-23 19:00,519.5448432142857
01-23 19:15,4858.534737514286
01-23 19:30,2567.7816121000005
01-23 19:45,0.0
01-23 20:00,6635.057094114286
01-23 20:15,2232.7238133285714
01-23 20:30,1692.8703248714285
01-23 20:45,5336.4954667
01-23 21:00,2222.6065201657143
01-23 21:15,3720.639000528571
01-23 21:30,2664.184540487143
01-23 21:45,2744.8582430942856
01-23 22:00,1857.2707402571427
01-23 22:15,2542.7879461642856
01-23 22:30,1484.2857142857142
01-23 22:45,1484.2857142857142
01-23 23:00,1484.2857142857142
01-23 23:15,1484.2857142857142
01-23 23:30,1484.2857142857142
01-23 23:45,1727.8955916928571
01-24 00:00,1484.2857142857142
01-24 00:15,1484.2857142857142
01-24 00:30,1484.2857142857142
01-24 00:45,2040.179571644286
01-24 01:00,1484.2857142857142
01-24 01:15,1484.2857142857142
01-24 01:30,1484.2857142857142
01-24 01:45,1484.2857142857142
01-24 02:00,1484.2857142857142
01-24 02:15,2054.2742192214287
01-24 02:30,1484.2857142857142
01-24 02:45,4728.112708285715
01-24 03:00,1484.2857142857142
01-24 03:15,1963.8994688114285
01-24 03:30,1484.2857142857142
01-24 03:45,2042.1889712671425
01-24 04:00,3016.275328957143
01-24 04:15,1871.4505710157143
01-24 04:30,1977.8748552014283
01-24 04:45,2533.8467887828574
01-24 05:00,6997.403405
01-24 05:15,2499.441509985714
01-24 05:30,4014.6665284428577
01-24 05:45,5955.5615880714295
01-24 06:00,7454.274589099999
01-24 06:15,7184.029259628571
01-24 06:30,7694.761304871387
01-24 06:45,15914.783167285714
01-24 07:00,19439.74842842857
01-24 07:15,2676.1073504000005
01-24 07:30,10789.310113957144
01-24 07:45,5843.269082585715
01-24 08:00,14207.181792428571
01-24 08:15,9336.943395228573
01-24 08:30,3696.505783185715
01-24 08:45,6667.123095071429
01-24 09:00,14818.595870857143
01-24 09:15,11985.355415057144
01-24 09:30,12484.584423257143
01-24 09:45,3074.103489214286
01-24 10:00,1294.3712730857146
01-24 10:15,11479.195214742856
01-24 10:30,17652.923821857145
01-24 10:45,8384.430028800001
01-24 11:00,8191.38107517143
01-24 11:15,2046.3219998428576
01-24 11:30,8038.842114985714
01-24 11:45,360.8659502285714
01-24 12:00,7407.936972685715
01-24 12:15,526.3627682571429
01-24 12:30,13874.795767857144
01-24 12:45,10591.820623
01-24 13:00,14157.010517714289
01-24 13:15,15088.851952142855
01-24 13:30,272.66304318571434
01-24 13:45,5845.081551085715
01-24 14:00,10112.906752371428
01-24 14:15,9192.107561314286
01-24 14:30,11873.319744042856
01-24 14:45,20208.651388714283
01-24 15:00,12809.206164031477
01-24 15:15,4708.776144114286
01-24 15:30,3614.8962316571433
01-24 15:45,13193.253930571427
01-24 16:00,15580.953000285714
01-24 16:15,9491.919069328573
01-24 16:30,18973.72432414286
01-24 16:45,13930.151000714286
01-24 17:00,13568.282419
01-24 17:15,3921.278247371429
01-24 17:30,10704.281018257145
01-24 17:45,6366.316025957143
01-24 18:00,9280.372681542858
01-24 18:15,0.0
01-24 18:30,5929.560123857144
01-24 18:45,8033.014756428573
01-24 19:00,37.4755068857145
01-24 19:15,0.0
01-24 19:30,0.0
01-24 19:45,0.0
01-24 20:00,3988.488663042857
01-24 20:15,2809.600240915714
01-24 20:30,6005.161354557143
01-24 20:45,1060.6018622757142
01-24 21:00,2481.885493374285
01-24 21:15,426.4136119285714
01-24 21:30,1940.897406965714
01-24 21:45,412.5614067714288
01-24 22:00,655.0030589928572
01-24 22:15,0.0
01-24 22:30,1736.581797755714
01-24 22:45,0.0
01-24 23:00,2086.560835437143
01-24 23:15,1761.5484564185713
01-24 23:30,2458.844168107143
01-24 23:45,1873.085209548572
01-25 00:00,6113.206916657143
01-25 00:15,1839.3045102514284
01-25 00:30,1484.2857142857142
01-25 00:45,1484.2857142857142
01-25 01:00,1484.2857142857142
01-25 01:15,1484.2857142857142
01-25 01:30,1484.2857142857142
01-25 01:45,1484.2857142857142
01-25 02:00,1484.2857142857142
01-25 02:15,1484.2857142857142
01-25 02:30,2171.841614345714
01-25 02:45,1624.6838361801429
01-25 03:00,1484.2857142857142
01-25 03:15,1484.2857142857142
01-25 03:30,1484.2857142857142
01-25 03:45,1484.2857142857142
01-25 04:00,1484.2857142857142
01-25 04:15,1484.2857142857142
01-25 04:30,1484.2857142857142
01-25 04:45,1484.2857142857142
01-25 05:00,1484.2857142857142
01-25 05:15,1484.2857142857142
01-25 05:30,7820.51636802857
01-25 05:45,1484.2857142857142
01-25 06:00,5497.498682185715
01-25 06:15,600.3544700142857
01-25 06:30,10093.238743814289
01-25 06:45,9938.625491514287
01-25 07:00,18262.767055714285
01-25 07:15,5842.3056038714285
01-25 07:30,1128.370409971429
01-25 07:45,7333.714891842857
01-25 08:00,2514.9909233857147
01-25 08:15,2843.2054199000004
01-25 08:30,8874.842974428573
01-25 08:45,5457.804020257143
01-25 09:00,7352.422195842857
01-25 09:15,3024.6693345857143
01-25 09:30,2101.1251095714283
01-25 09:45,753.7528710142857
01-25 10:00,4328.061480985715
01-25 10:15,2963.364717871428
01-25 10:30,5573.069939000001
01-25 10:45,4914.534254028572
01-25 11:00,4926.843403285715
01-25 11:15,7016.921388171429
01-25 11:30,10926.070593057144
01-25 11:45,12731.732740385716
01-25 12:00,7308.291558742858
01-25 12:15,19737.75763228572
01-25 12:30,4840.025601985715
01-25 12:45,13494.257269428574
01-25 13:00,4885.349535728571
01-25 13:15,8332.906711485713
01-25 13:30,8829.915327471428
01-25 13:45,13973.700824485715
01-25 14:00,3628.8885772857134
01-25 14:15,11153.429437814286
01-25 14:30,25370.06780885714
01-25 14:45,20177.435103714288
01-25 15:00,17087.250846857147
01-25 15:15,28129.84782028572
01-25 15:30,5254.6808898
01-25 15:45,9873.83618142857
01-25 16:00,13925.3107099
01-25 16:15,11553.408813657144
01-25 16:30,10790.9765369
01-25 16:45,10383.4970136
01-25 17:00,2272.147717757144
01-25 17:15,2994.892257371428
01-25 17:30,12700.553797714285
01-25 17:45,3209.9323890571427
01-25 18:00,2177.032726757143
01-25 18:15,2735.240454957144
01-25 18:30,5538.733736900001
01-25 18:45,14205.877610142856
01-25 19:00,620.8675563300001
01-25 19:15,1302.5584173328573
01-25 19:30,1381.66259572
01-25 19:45,7014.115595514285
01-25 20:00,545.9640698357142
01-25 20:15,2665.6996282114287
01-25 20:30,3476.099481957144
01-25 20:45,3008.238134042857
01-25 21:00,0.0
01-25 21:15,2544.157903342857
01-25 21:30,0.0
01-25 21:45,1224.1321228428571
01-25 22:00,0.0
01-25 22:15,1436.5996249799573
01-25 22:30,2558.2956506114283
01-25 22:45,1484.2857142857142
01-25 23:00,1484.2857142857142
01-25 23:15,3587.2927171
01-25 23:30,2083.549005745714
01-25 23:45,5181.705933985713
01-26 00:00,3618.063886657143
01-26 00:15,1846.7448416642856
01-26 00:30,6470.267925457144
01-26 00:45,2090.46372851
01-26 01:00,2146.661791067143
01-26 01:15,2085.015490797143
01-26 01:30,1484.2857142857142
01-26 01:45,13140.350049599998
01-26 02:00,2102.8345403971425
01-26 02:15,1939.710867082857
01-26 02:30,6089.834984285715
01-26 02:45,1484.2857142857142
01-26 03:00,1484.2857142857142
01-26 03:15,1484.2857142857142
01-26 03:30,1484.2857142857142
01-26 03:45,2403.729275157142
01-26 04:00,2446.077500352857
01-26 04:15,1484.2857142857142
01-26 04:30,2843.1417049514284
01-26 04:45,2687.024401972857
01-26 05:00,1484.2857142857142
01-26 05:15,1959.30270136
01-26 05:30,4422.7477030857135
01-26 05:45,2628.665213918572
01-26 06:00,1484.2857142857142
01-26 06:15,1809.8914696757145
01-26 06:30,1998.108813378571
01-26 06:45,3206.531890785714
01-26 07:00,3196.1108118
01-26 07:15,3298.3436226142853
01-26 07:30,6892.087614800001
01-26 07:45,3685.982523171429
01-26 08:00,6370.905838942858
01-26 08:15,86.75867147142652
01-26 08:30,2587.4369785942854
01-26 08:45,2783.6948909
01-26 09:00,13593.283805428571
01-26 09:15,6355.334510057144
01-26 09:30,11228.006994757145
01-26 09:45,6202.585147328572
01-26 10:00,8685.69199527143
01-26 10:15,6990.438977357144
01-26 10:30,17113.515842428573
01-26 10:45,13893.019680428572
01-26 11:00,3693.454114471429
01-26 11:15,6734.787201085715
01-26 11:30,6723.606531314286
01-26 11:45,13071.70528457143
01-26 12:00,7854.529365100001
01-26 12:15,11968.9011619
01-26 12:30,0.0
01-26 12:45,2536.759768642857
01-26 13:00,13385.420199142856
01-26 13:15,9886.074554228571
01-26 13:30,7194.289166528572
01-26 13:45,15925.360756142858
01-26 14:00,1335.107551514286
01-26 14:15,0.0
01-26 14:30,859.8652125142859
01-26 14:45,1128.0815185571432
01-26 15:00,10242.033118385714
01-26 15:15,8706.340303314286
01-26 15:30,8052.8058743857155
01-26 15:45,289.6864241428572
01-26 16:00,6008.791827942857
01-26 16:15,8724.988837415754
01-26 16:30,10160.684387685717
01-26 16:45,2985.5188145285715
01-26 17:00,6017.046616285716
01-26 17:15,2226.7874420571434
01-26 17:30,3114.0567487428566
01-26 17:45,2205.799841371429
01-26 18:00,3615.144464728572
01-26 18:15,5279.819557557144
01-26 18:30,3856.650112614286
01-26 18:45,8315.491856328572
01-26 19:00,1058.204671014286
01-26 19:15,5673.363917557143
01-26 19:30,10300.215241257143
01-26 19:45,4986.944109842858
01-26 20:00,486.6211998657144
01-26 20:15,7882.368841042857
01-26 20:30,2253.5729881714287
01-26 20:45,0.0
01-26 21:00,5381.4659228857145
01-26 21:15,122.103624814
01-26 21:30,1217.2632147142858
01-26 21:45,1325.4903834942857
01-26 22:00,3921.1969091
01-26 22:15,4584.566565785714
01-26 22:30,6227.4942064
01-26 22:45,4109.478376857143
01-26 23:00,408.2589393128572
01-26 23:15,6566.1043052357145
01-26 23:30,0.0
01-26 23:45,0.0
01-27 00:00,1484.2857142857142
01-27 00:15,1863.2923343828568
01-27 00:30,2072.522513635714
01-27 00:45,1484.2857142857142
01-27 01:00,1484.2857142857142
01-27 01:15,1484.2857142857142
01-27 01:30,1484.2857142857142
01-27 01:45,1484.2857142857142
01-27 02:00,2558.5289365000003
01-27 02:15,1484.2857142857142
01-27 02:30,1484.2857142857142
01-27 02:45,4092.651703142857
01-27 03:00,1484.2857142857142
01-27 03:15,2035.0590866742853
01-27 03:30,1484.2857142857142
01-27 03:45,1484.2857142857142
01-27 04:00,1484.2857142857142
01-27 04:15,1484.2857142857142
01-27 04:30,1484.2857142857142
01-27 04:45,13766.553497657143
01-27 05:00,1484.2857142857142
01-27 05:15,1484.2857142857142
01-27 05:30,1484.2857142857142
01-27 05:45,1484.2857142857142
01-27 06:00,2010.50697393
01-27 06:15,2574.985372898572
01-27 06:30,2249.4410849171427
01-27 06:45,1484.2857142857142
01-27 07:00,2489.4967472728567
01-27 07:15,9431.6091982
01-27 07:30,13346.084528271427
01-27 07:45,2315.930978382857
01-27 08:00,12362.081674599998
01-27 08:15,4597.3315253
01-27 08:30,2531.462569838571
01-27 08:45,9756.257250442855
01-27 09:00,7552.085586914243
01-27 09:15,5738.925304557142
01-27 09:30,9920.196615485713
01-27 09:45,17655.628248
01-27 10:00,1265.2949281114288
01-27 10:15,5825.9144955
01-27 10:30,5470.744926071429
01-27 10:45,4375.341445828573
01-27 11:00,15089.166979714288
01-27 11:15,20204.35613828572
01-27 11:30,3602.6349054857146
01-27 11:45,3044.8790947
01-27 12:00,16060.597865571428
01-27 12:15,7974.491507157143
01-27 12:30,11541.256092157142
01-27 12:45,11000.83527724286
01-27 13:00,13503.559844571431
01-27 13:15,2278.0959246428574
01-27 13:30,3072.9465734285723
01-27 13:45,12170.76400597143
01-27 14:00,4795.412683514286
01-27 14:15,6203.761256714285
01-27 14:30,7928.651723571429
01-27 14:45,24692.388017428573
01-27 15:00,6755.167080442857
01-27 15:15,6034.353261557143
01-27 15:30,13634.7384164
01-27 15:45,15117.309107014284
01-27 16:00,6909.329914728572
01-27 16:15,6002.283313499999
01-27 16:30,5418.723031971429
01-27 16:45,10319.783656742857
01-27 17:00,7005.234655471429
01-27 17:15,8431.604544200001
01-27 17:30,12368.69484354286
01-27 17:45,2395.0791030571427
01-27 18:00,1805.714574914285
01-27 18:15,8344.039373214287
01-27 18:30,1146.4992185285716
01-27 18:45,4909.704833542857
01-27 19:00,2495.106448128572
01-27 19:15,504.6495886571429
01-27 19:30,0.0
01-27 19:45,2908.1212551714284
01-27 20:00,0.0
01-27 20:15,14933.711598142858
01-27 20:30,2931.8078337714287
01-27 20:45,2286.609491014286
01-27 21:00,0.0
01-27 21:15,794.9092252
01-27 21:30,0.0
01-27 21:45,0.0
01-27 22:00,0.0
01-27 22:15,394.3758448571432
01-27 22:30,1618.369776557143
01-27 22:45,0.0
01-27 23:00,0.0
01-27 23:15,0.0
01-27 23:30,0.0
01-27 23:45,0.0
01-28 00:00,248.0421433357085
01-28 00:15,0.0
01-28 00:30,0.0
01-28 00:45,0.0
01-28 01:00,1484.2857142857142
01-28 01:15,1484.2857142857142
01-28 01:30,1484.2857142857142
01-28 01:45,1484.2857142857142
01-28 02:00,1484.2857142857142
01-28 02:15,1484.2857142857142
01-28 02:30,1484.2857142857142
01-28 02:45,1881.462938178572
01-28 03:00,1843.874079177143
01-28 03:15,1484.2857142857142
01-28 03:30,2251.3510922200003
01-28 03:45,1887.6800129342853
01-28 04:00,1484.2857142857142
01-28 04:15,1484.2857142857142
01-28 04:30,1999.3640970542856
01-28 04:45,2572.01419512
01-28 05:00,5903.691489085713
01-28 05:15,2955.1647535142856
01-28 05:30,8215.014982385714
01-28 05:45,2733.8358784057145
01-28 06:00,0.0
01-28 06:15,12628.3207042
01-28 06:30,6910.816653485716
01-28 06:45,6591.731505657143
01-28 07:00,16.13953617142862
01-28 07:15,16478.617549714287
01-28 07:30,5810.577967785715
01-28 07:45,8411.929523742858
01-28 08:00,3109.852167428572
01-28 08:15,7242.064691085715
01-28 08:30,159.19383992857146
01-28 08:45,6683.149735057143
01-28 09:00,8242.110114071429
01-28 09:15,20126.445869857143
01-28 09:30,1628.7378438142855
01-28 09:45,2213.1713141428577
01-28 10:00,11785.664310000002
01-28 10:15,9855.8507221
01-28 10:30,4606.016251514287
01-28 10:45,2521.8291016000003
01-28 11:00,317.83633522857144
01-28 11:15,1749.8366235714286
01-28 11:30,18959.42904328572
01-28 11:45,5166.786923171429
01-28 12:00,2770.908818185714
01-28 12:15,5497.800592442857
01-28 12:30,8460.540467557143
01-28 12:45,4060.468189914286
01-28 13:00,5924.033447457143
01-28 13:15,21175.730969857144
01-28 13:30,13941.460768
01-28 13:45,2010.5049696714289
01-28 14:00,3859.450417471428
01-28 14:15,13018.093358757142
01-28 14:30,15947.511967714288
01-28 14:45,5883.819238442858
01-28 15:00,23850.839315428573
01-28 15:15,20476.87286257143
01-28 15:30,5985.320589342857
01-28 15:45,10758.025413585716
01-28 16:00,3880.262940188616
01-28 16:15,9344.858796785717
01-28 16:30,15299.421117285714
01-28 16:45,10012.8883548
01-28 17:00,2737.9643236428574
01-28 17:15,6927.282921100002
01-28 17:30,7062.898233014286
01-28 17:45,10340.534763457144
01-28 18:00,11017.802444328572
01-28 18:15,6692.520183600001
01-28 18:30,1746.5661173000003
01-28 18:45,621.6237080857145
01-28 19:00,3810.075487814286
01-28 19:15,0.0
01-28 19:30,0.0
01-28 19:45,1153.1513346142856
01-28 20:00,1484.2857142857142
01-28 20:15,1985.0666555985715
01-28 20:30,1961.44232363
01-28 20:45,16162.295115857143
01-28 21:00,2825.0500512385715
01-28 21:15,8511.163478242857
01-28 21:30,2271.463430642857
01-28 21:45,1890.95345611
01-28 22:00,1484.2857142857142
01-28 22:15,1484.2857142857142
01-28 22:30,4524.466788928571
01-28 22:45,6759.942814685715
01-28 23:00,1962.002292132857
01-28 23:15,1856.283842917143
01-28 23:30,2049.5296902971427
01-28 23:45,1484.2857142857142
01-29 00:00,1484.2857142857142
01-29 00:15,2250.298722468571
01-29 00:30,1484.2857142857142
01-29 00:45,1484.2857142857142
01-29 01:00,1484.2857142857142
01-29 01:15,0.0
01-29 01:30,1484.2857142857142
01-29 01:45,739.9999999999553
01-29 02:00,1484.2857142857142
01-29 02:15,1835.01857003
01-29 02:30,1484.2857142857142
01-29 02:45,7762.265186685714
01-29 03:00,6580.3525841142855
01-29 03:15,1839.5856811114284
01-29 03:30,2519.6011942914283
01-29 03:45,1484.2857142857142
01-29 04:00,6500.483436714285
01-29 04:15,1484.2857142857142
01-29 04:30,1484.2857142857142
01-29 04:45,1484.2857142857142
01-29 05:00,2266.8209132657144
01-29 05:15,1484.2857142857142
01-29 05:30,1484.2857142857142
01-29 05:45,7171.147609914286
01-29 06:00,3402.264600542857
01-29 06:15,12302.177931885715
01-29 06:30,3579.720338228572
01-29 06:45,5597.170146571429
01-29 07:00,9035.991626185716
01-29 07:15,2861.534431071429
01-29 07:30,10612.844035671427
01-29 07:45,7677.016212442857
01-29 08:00,10293.258455257142
01-29 08:15,3520.6869457000007
01-29 08:30,6526.537831128571
01-29 08:45,1862.9170560428568
01-29 09:00,5767.323952385715
01-29 09:15,13728.70750257143
01-29 09:30,11335.957096471431
01-29 09:45,5234.031081985714
01-29 10:00,10670.977530157146
01-29 10:15,216.7472783285716
01-29 10:30,5586.2267950714295
01-29 10:45,1693.5518386714286
01-29 11:00,10506.184779685716
01-29 11:15,2827.9764856857146
01-29 11:30,1580.3843393571428
01-29 11:45,5722.692871614286
01-29 12:00,2659.920491372857
01-29 12:15,3953.526548642904
01-29 12:30,5768.726970157143
01-29 12:45,4916.826457442858
01-29 13:00,11315.245236257142
01-29 13:15,12377.757044014286
01-29 13:30,14237.043774699998
01-29 13:45,9250.53146665714
01-29 14:00,6438.649603042858
01-29 14:15,3118.843550957143
01-29 14:30,3727.253005042857
01-29 14:45,3445.045836928572
01-29 15:00,8836.3994504
01-29 15:15,11158.650010957144
01-29 15:30,9087.788714157145
01-29 15:45,3648.2316156857146
01-29 16:00,6235.050676928572
01-29 16:15,9675.117302257144
01-29 16:30,20061.053742000004
01-29 16:45,19084.958313000003
01-29 17:00,15408.63600257143
01-29 17:15,13543.816457428573
01-29 17:30,12238.258286014288
01-29 17:45,10078.778779528571
01-29 18:00,1471.8314866857145
01-29 18:15,1579.072584257143
01-29 18:30,5399.075537771429
01-29 18:45,9844.44055467143
01-29 19:00,5580.326916057143
01-29 19:15,187.8871394571429
01-29 19:30,503.6383607571431
01-29 19:45,9082.448955085714
01-29 20:00,5946.596308842856
01-29 20:15,1895.8493325142856
01-29 20:30,0.0
01-29 20:45,836.1876149314287
01-29 21:00,2090.114586542857
01-29 21:15,6993.778333770001
01-29 21:30,0.0
01-29 21:45,0.0
01-29 22:00,11607.652083514287
01-29 22:15,2160.6187687542856
01-29 22:30,431.1829303842859
01-29 22:45,0.0
01-29 23:00,1484.2857142857142
01-29 23:15,7059.514700828571
01-29 23:30,4290.655179585714
01-29 23:45,2780.275830648572
01-30 00:00,1484.2857142857142
01-30 00:15,1953.8185040042847
01-30 00:30,1990.213197258572
01-30 00:45,1484.2857142857142
01-30 01:00,1484.2857142857142
01-30 01:15,1484.2857142857142
01-30 01:30,1484.2857142857142
01-30 01:45,1484.2857142857142
01-30 02:00,1484.2857142857142
01-30 02:15,2185.707280415714
01-30 02:30,1484.2857142857142
01-30 02:45,1484.2857142857142
01-30 03:00,1484.2857142857142
01-30 03:15,2496.475699368572
01-30 03:30,1484.2857142857142
01-30 03:45,1484.2857142857142
01-30 04:00,2178.310697878572
01-30 04:15,1535.978957142857
01-30 04:30,1809.85038138
01-30 04:45,1484.2857142857142
01-30 05:00,2016.1662758614284
01-30 05:15,2092.6662459014283
01-30 05:30,1998.0593792557145
01-30 05:45,6939.512489028572
01-30 06:00,9200.351244928572
01-30 06:15,14433.940564485714
01-30 06:30,3005.9032668142854
01-30 06:45,4406.733699914285
01-30 07:00,5730.294198928571
01-30 07:15,1919.4939803285715
01-30 07:30,3376.598271028572
01-30 07:45,2749.869941785714
01-30 08:00,8953.765430071428
01-30 08:15,10142.557588542855
01-30 08:30,1685.181612514286
01-30 08:45,919.5002166000004
01-30 09:00,7390.012471385715
01-30 09:15,10905.074743357143
01-30 09:30,9875.431482057144
01-30 09:45,6137.703691828572
01-30 10:00,6997.3416404
01-30 10:15,1769.393599514286
01-30 10:30,6155.9278049428585
01-30 10:45,7740.647331614287
01-30 11:00,1032.6038705000003
01-30 11:15,12726.064639685716
01-30 11:30,2079.555914057143
01-30 11:45,10577.584403557144
01-30 12:00,1640.4269153428572
01-30 12:15,6722.111483485714
01-30 12:30,10260.844114242858
01-30 12:45,2636.539029257143
01-30 13:00,11022.632296585714
01-30 13:15,11108.740900942856
01-30 13:30,10810.972969357144
01-30 13:45,4448.417147342857
01-30 14:00,13856.047391428572
01-30 14:15,4968.4664600714295
01-30 14:30,1634.154755714286
01-30 14:45,5958.893720485715
01-30 15:00,8259.818524142858
01-30 15:15,5423.400763457143
01-30 15:30,4096.124819971429
01-30 15:45,5573.973869857143
01-30 16:00,13561.370466057146
01-30 16:15,8400.713263357144
01-30 16:30,7204.195589685715
01-30 16:45,7404.563052042858
01-30 17:00,6286.4759060000015
01-30 17:15,14417.870749857144
01-30 17:30,4740.082163342858
01-30 17:45,7720.894283957144
01-30 18:00,795.7022508428573
01-30 18:15,7851.919425171429
01-30 18:30,11131.537433714288
01-30 18:45,10664.508958542858
01-30 19:00,3292.8515482
01-30 19:15,9065.127357785714
01-30 19:30,4546.301625485715
01-30 19:45,4952.804825985714
01-30 20:00,2081.244157664285
01-30 20:15,5706.751571457144
01-30 20:30,2742.6057545714284
01-30 20:45,9597.8413875
01-30 21:00,2552.3010821356715
01-30 21:15,0.0
01-30 21:30,5656.186329385714
01-30 21:45,3093.265005385714
01-30 22:00,1727.8946958
01-30 22:15,6802.496788085714
01-30 22:30,1484.2857142857142
01-30 22:45,2425.4584422542857
01-30 23:00,4989.278796185714
01-30 23:15,1484.2857142857142
01-30 23:30,1484.2857142857142
01-30 23:45,7841.894613414285
01-31 00:00,2545.911944205714
01-31 00:15,4990.931514299999
01-31 00:30,1484.2857142857142
01-31 00:45,1484.2857142857142
01-31 01:00,1484.2857142857142
01-31 01:15,1484.2857142857142
01-31 01:30,1484.2857142857142
01-31 01:45,1484.2857142857142
01-31 02:00,1484.2857142857142
01-31 02:15,1998.0045769742856
01-31 02:30,1484.2857142857142
01-31 02:45,1484.2857142857142
01-31 03:00,1888.840047047143
01-31 03:15,2151.0968571357143
01-31 03:30,3567.8649784714285
01-31 03:45,1484.2857142857142
01-31 04:00,1484.2857142857142
01-31 04:15,2148.8075699457145
01-31 04:30,1484.2857142857142
01-31 04:45,1484.2857142857142
01-31 05:00,2574.0291448528574
01-31 05:15,17503.889511714286
01-31 05:30,1484.2857142857142
01-31 05:45,2489.4145659042856
01-31 06:00,9248.011484485716
01-31 06:15,3342.6741214571425
01-31 06:30,3049.5691891285715
01-31 06:45,2041.675932928572
01-31 07:00,5807.677842785714
01-31 07:15,7353.718084685715
01-31 07:30,12210.797063928572
01-31 07:45,8605.841288228572
01-31 08:00,2392.6810316857145
01-31 08:15,11270.7273798
01-31 08:30,2689.785806157143
01-31 08:45,11566.6401671
01-31 09:00,1825.587062
01-31 09:15,667.7793149000001
01-31 09:30,6166.3574094
01-31 09:45,2968.816118042858
01-31 10:00,15554.709767714286
01-31 10:15,7223.230490642857
01-31 10:30,297.32106995714287
01-31 10:45,5588.012681614286
01-31 11:00,5483.200816328572
01-31 11:15,1872.936600414286
01-31 11:30,12160.850724000002
01-31 11:45,17789.602405714286
01-31 12:00,5370.136348757143
01-31 12:15,5321.861152557143
01-31 12:30,7080.190924785716
01-31 12:45,6955.2288789
01-31 13:00,4273.370317871429
01-31 13:15,6840.049837842857
01-31 13:30,6581.0745228714295
01-31 13:45,3085.638103271429
01-31 14:00,1855.011045728572
01-31 14:15,2491.517317428572
01-31 14:30,12259.356969628574
01-31 14:45,5201.1889256428585
01-31 15:00,1420.0058425285715
01-31 15:15,16729.886244285717
01-31 15:30,2342.8988601428578
01-31 15:45,4894.7861459143305
01-31 16:00,9080.229482428573
01-31 16:15,20803.92002928572
01-31 16:30,10833.4257325
01-31 16:45,8795.378698385714
01-31 17:00,2956.293290985714
01-31 17:15,14130.453127285717
01-31 17:30,13298.542518
01-31 17:45,7884.263260771429
01-31 18:00,17644.995847000002
01-31 18:15,8013.926068885717
01-31 18:30,3014.892491728572
01-31 18:45,16071.77403457143
01-31 19:00,4741.370810271428
01-31 19:15,2519.310592372857
01-31 19:30,7336.924084442857
01-31 19:45,771.9681678185715
01-31 20:00,5879.938610785714
01-31 20:15,6685.097596357143
01-31 20:30,14221.180130542856
01-31 20:45,712.2522888728571
01-31 21:00,6910.012065757142
01-31 21:15,7915.679718014285
01-31 21:30,0.0
01-31 21:45,4195.416857685672
01-31 22:00,1484.2857142857142
01-31 22:15,3321.316917828572
01-31 22:30,2537.1467038414285
01-31 22:45,1979.4201745
01-31 23:00,1484.2857142857142
01-31 23:15,12220.954990771428
01-31 23:30,2034.379994008572
01-31 23:45,1484.2857142857142
02-01 00:00,1484.2857142857142
02-01 00:15,1484.2857142857142
02-01 00:30,1484.2857142857142
02-01 00:45,2017.7847363957144
02-01 01:00,1484.2857142857142
02-01 01:15,1484.2857142857142
02-01 01:30,1484.2857142857142
02-01 01:45,1484.2857142857142
02-01 02:00,1484.2857142857142
02-01 02:15,5116.780985057143
02-01 02:30,1484.2857142857142
02-01 02:45,1947.3107270642856
02-01 03:00,1484.2857142857142
02-01 03:15,1484.2857142857142
02-01 03:30,1484.2857142857142
02-01 03:45,1484.2857142857142
02-01 04:00,1484.2857142857142
02-01 04:15,1484.2857142857142
02-01 04:30,1484.2857142857142
02-01 04:45,1484.2857142857142
02-01 05:00,1760.535661942857
02-01 05:15,1484.2857142857142
02-01 05:30,4732.2009045
02-01 05:45,1484.2857142857142
02-01 06:00,8558.426751414285
02-01 06:15,12414.698372385716
02-01 06:30,10389.064395942856
02-01 06:45,19963.725249285715
02-01 07:00,5840.773001514285
02-01 07:15,6851.0442859
02-01 07:30,7156.481119471429
02-01 07:45,13823.422328914288
02-01 08:00,2757.021737614286
02-01 08:15,0.0
02-01 08:30,14433.958069142858
02-01 08:45,14729.143956285716
02-01 09:00,10927.938244542856
02-01 09:15,9083.115145871428
02-01 09:30,2793.8102106571428
02-01 09:45,4255.072194542858
02-01 10:00,6162.1534849142845
02-01 10:15,12491.526360857144
02-01 10:30,18073.90253914286
02-01 10:45,3515.5320354
02-01 11:00,11000.043447985716
02-01 11:15,8303.79688837147
02-01 11:30,2873.059385071429
02-01 11:45,11810.1055094
02-01 12:00,10188.76715774286
02-01 12:15,14984.614172428572
02-01 12:30,5131.416611485715
02-01 12:45,3735.976763357144
02-01 13:00,9846.478034614283
02-01 13:15,13220.693462428571
02-01 13:30,11644.182238628571
02-01 13:45,17723.367091857144
02-01 14:00,8455.060172614287
02-01 14:15,3143.063264428572
02-01 14:30,10738.662303071427
02-01 14:45,14741.491142714289
02-01 15:00,7006.5674607857145
02-01 15:15,10942.664452557145
02-01 15:30,2459.6691089428577
02-01 15:45,14371.975914714289
02-01 16:00,6353.642788900001
02-01 16:15,12058.419133114285
02-01 16:30,19430.724353
02-01 16:45,24517.49902842857
02-01 17:00,2456.229785271428
02-01 17:15,9549.341216757144
02-01 17:30,6136.042660514287
02-01 17:45,8623.1021466
02-01 18:00,2645.7476681
02-01 18:15,15735.428096142858
02-01 18:30,1505.004008028572
02-01 18:45,244.7332085285714
02-01 19:00,4200.602464842857
02-01 19:15,2804.412302
02-01 19:30,3325.881349942857
02-01 19:45,260.1281204285717
02-01 20:00,143.0940082000002
02-01 20:15,618.1957130428573
02-01 20:30,4117.687335514286
02-01 20:45,212.4982156857144
02-01 21:00,5935.247980214286
02-01 21:15,13089.827130957145
02-01 21:30,2770.768219247143
02-01 21:45,0.0
02-01 22:00,1484.2857142857142
02-01 22:15,0.0
02-01 22:30,4467.253273157143
02-01 22:45,1170.7091620128572
02-01 23:00,3578.225419571429
02-01 23:15,1601.7429672285714
02-01 23:30,1797.4250536857144
02-01 23:45,6106.746141385714
02-02 00:00,1892.702859258572
02-02 00:15,4568.205161414287
02-02 00:30,5383.878982271429
02-02 00:45,233.41948860000025
02-02 01:00,6226.407330885714
02-02 01:15,1871.8921191442853
02-02 01:30,1484.2857142857142
02-02 01:45,2119.550568572857
02-02 02:00,8830.755715657142
02-02 02:15,1864.3967247828573
02-02 02:30,6657.240444
02-02 02:45,3117.9410631571423
02-02 03:00,1897.542226417143
02-02 03:15,1937.744514657143
02-02 03:30,2241.06791413
02-02 03:45,2028.480354752857
02-02 04:00,1484.2857142857142
02-02 04:15,1484.2857142857142
02-02 04:30,1484.2857142857142
02-02 04:45,1484.2857142857142
02-02 05:00,1484.2857142857142
02-02 05:15,1484.2857142857142
02-02 05:30,2069.3199230114287
02-02 05:45,1963.9139743671428
02-02 06:00,2007.4214843914287
02-02 06:15,2320.5933443414283
02-02 06:30,1484.2857142857142
02-02 06:45,1484.2857142857142
02-02 07:00,5892.636423014285
02-02 07:15,7168.369923871429
02-02 07:30,2494.512191771428
02-02 07:45,2928.010731028571
02-02 08:00,10473.1999909
02-02 08:15,0.0
02-02 08:30,0.0
02-02 08:45,3468.9032113571434
02-02 09:00,9263.851176014286
02-02 09:15,1506.312359757143
02-02 09:30,5330.10624047143
02-02 09:45,167.53027192857158
02-02 10:00,11724.487916857142
02-02 10:15,17575.94552
02-02 10:30,10535.4648675
02-02 10:45,2034.3030152714289
02-02 11:00,5871.9493122
02-02 11:15,7844.321176285714
02-02 11:30,18605.38375828572
02-02 11:45,18209.079989
02-02 12:00,11359.638269414289
02-02 12:15,1136.1840363857143
02-02 12:30,7245.706786442857
02-02 12:45,3282.8320061142854
02-02 13:00,7163.600979914286
02-02 13:15,11517.858111971427
02-02 13:30,7491.100107471429
02-02 13:45,9825.821731214286
02-02 14:00,8290.86463287143
02-02 14:15,2577.18281086
02-02 14:30,10807.803010528572
02-02 14:45,5989.555891985715
02-02 15:00,5345.312737142857
02-02 15:15,16430.642742142856
02-02 15:30,15454.999753557142
02-02 15:45,10844.243299228572
02-02 16:00,17136.158445142857
02-02 16:15,14370.744656571427
02-02 16:30,11105.711329835423
02-02 16:45,7133.2712271
02-02 17:00,17159.360368857142
02-02 17:15,8567.365540914287
02-02 17:30,1479.1849775428573
02-02 17:45,6220.558408028572
02-02 18:00,0.0
02-02 18:15,4033.578167942857
02-02 18:30,0.0
02-02 18:45,22.00232925714284
02-02 19:00,0.0
02-02 19:15,373.5735942714287
02-02 19:30,872.2049864285715
02-02 19:45,4002.185352671429
02-02 20:00,3226.2682893857136
02-02 20:15,6288.242990414287
02-02 20:30,0.0
02-02 20:45,0.0
02-02 21:00,1410.1288327471432
02-02 21:15,6682.16366767143
02-02 21:30,3582.129283428572
02-02 21:45,0.0
02-02 22:00,0.0
02-02 22:15,4186.97483647143
02-02 22:30,0.0
02-02 22:45,0.0
02-02 23:00,2076.7548996428573
02-02 23:15,415.015774067143
02-02 23:30,0.0
02-02 23:45,8190.052881271429
02-03 00:00,2001.98673145
02-03 00:15,2401.125911174285
02-03 00:30,1484.2857142857142
02-03 00:45,1484.2857142857142
02-03 01:00,1484.2857142857142
02-03 01:15,1484.2857142857142
02-03 01:30,1484.2857142857142
02-03 01:45,1484.2857142857142
02-03 02:00,3017.0485265714283
02-03 02:15,2133.7867213628574
02-03 02:30,2494.380801632857
02-03 02:45,2389.3404441514285
02-03 03:00,1484.2857142857142
02-03 03:15,1484.2857142857142
02-03 03:30,1484.2857142857142
02-03 03:45,1484.2857142857142
02-03 04:00,2560.644687037144
02-03 04:15,1484.2857142857142
02-03 04:30,1484.2857142857142
02-03 04:45,1484.2857142857142
02-03 05:00,1484.2857142857142
02-03 05:15,1484.2857142857142
02-03 05:30,1484.2857142857142
02-03 05:45,1484.2857142857142
02-03 06:00,6704.742865328571
02-03 06:15,1484.2857142857142
02-03 06:30,5160.780585985715
02-03 06:45,1484.2857142857142
02-03 07:00,9310.888411071428
02-03 07:15,3459.983607971428
02-03 07:30,1484.2857142857142
02-03 07:45,13253.39605362857
02-03 08:00,7275.449462057143
02-03 08:15,3512.6077505428566
02-03 08:30,7300.833923985713
02-03 08:45,5906.992187557142
02-03 09:00,5944.353884714285
02-03 09:15,13473.002360285716
02-03 09:30,5935.7506448
02-03 09:45,9869.072473657145
02-03 10:00,3068.077800357143
02-03 10:15,8342.84642224286
02-03 10:30,2237.258000828572
02-03 10:45,6917.592025828571
02-03 11:00,20955.31349757143
02-03 11:15,22342.68131557143
02-03 11:30,16839.941992
02-03 11:45,7600.385058314286
02-03 12:00,11252.0746303
02-03 12:15,8534.891378285716
02-03 12:30,8503.605737414286
02-03 12:45,9202.718285385714
02-03 13:00,3086.574283828571
02-03 13:15,8662.673087685716
02-03 13:30,3170.5985197
02-03 13:45,11410.004302271427
02-03 14:00,10387.4008027
02-03 14:15,7711.717797800001
02-03 14:30,4653.6000700714285
02-03 14:45,12979.025553000009
02-03 15:00,23641.182368
02-03 15:15,13807.650922085715
02-03 15:30,21464.52250528572
02-03 15:45,17691.784466285713
02-03 16:00,10477.680999928572
02-03 16:15,5689.945809928571
02-03 16:30,667.7489908571431
02-03 16:45,17709.516929714286
02-03 17:00,18152.14295928572
02-03 17:15,23762.20537528571
02-03 17:30,11777.710354742858
02-03 17:45,4916.747234514286
02-03 18:00,6819.343157671428
02-03 18:15,13558.557694428571
02-03 18:30,4060.9335226
02-03 18:45,0.0
02-03 19:00,2962.428353228572
02-03 19:15,4382.879259414286
02-03 19:30,5596.786615557144
02-03 19:45,5564.651930457144
02-03 20:00,0.0
02-03 20:15,473.63830160000026
02-03 20:30,558.5167580285718
02-03 20:45,128.13867560000023
02-03 21:00,0.0
02-03 21:15,3171.4608109571427
02-03 21:30,0.0
02-03 21:45,0.0
02-03 22:00,0.0
02-03 22:15,0.0
02-03 22:30,5294.705273085715
02-03 22:45,2899.030394557143
02-03 23:00,0.0
02-03 23:15,0.0
02-03 23:30,0.0
02-03 23:45,0.0
02-04 00:00,0.0
02-04 00:15,0.0
02-04 00:30,0.0
02-04 00:45,1063.7411514914286
02-04 01:00,1484.2857142857142
02-04 01:15,1484.2857142857142
02-04 01:30,1484.2857142857142
02-04 01:45,1484.2857142857142
02-04 02:00,1484.2857142857142
02-04 02:15,1484.2857142857142
02-04 02:30,1484.2857142857142
02-04 02:45,1484.2857142857142
02-04 03:00,2266.7278718714288
02-04 03:15,1887.2587501628573
02-04 03:30,1484.2857142857142
02-04 03:45,2410.068576688572
02-04 04:00,2216.497521195714
02-04 04:15,2050.5183343128574
02-04 04:30,2034.777095594285
02-04 04:45,2100.541704668571
02-04 05:00,2074.4067036285714
02-04 05:15,3959.895543757142
02-04 05:30,6537.453596071429
02-04 05:45,2282.795315784286
02-04 06:00,1581.876554614286
02-04 06:15,8530.8766218
02-04 06:30,5178.986614157143
02-04 06:45,1068.454374114286
02-04 07:00,10758.629022357143
02-04 07:15,107.71368244285723
02-04 07:30,6680.322569100001
02-04 07:45,14428.839463428572
02-04 08:00,8235.65941244286
02-04 08:15,10643.89264084286
02-04 08:30,9088.799801614286
02-04 08:45,269.1420875428574
02-04 09:00,7758.828432
02-04 09:15,6861.959477500001
02-04 09:30,8686.376725928572
02-04 09:45,8405.058437514286
02-04 10:00,392.0329834000001
02-04 10:15,4979.389487171429
02-04 10:30,6540.1660048
02-04 10:45,5803.607480457143
02-04 11:00,11989.587394642856
02-04 11:15,13738.45598567143
02-04 11:30,15227.945617285715
02-04 11:45,11458.234218171428
02-04 12:00,8703.208464957142
02-04 12:15,4315.371764471429
02-04 12:30,4944.981020542858
02-04 12:45,11538.672640771429
02-04 13:00,14504.7048435
02-04 13:15,4794.955142128572
02-04 13:30,21828.025004857143
02-04 13:45,9007.126151114286
02-04 14:00,5382.525631557143
02-04 14:15,9166.338403142856
02-04 14:30,3387.8997618571425
02-04 14:45,7322.793503171428
02-04 15:00,26031.33078728572
02-04 15:15,14776.905387714289
02-04 15:30,3300.096886200001
02-04 15:45,6167.8839813
02-04 16:00,10376.802270285714
02-04 16:15,9604.359154614289
02-04 16:30,10499.27357107143
02-04 16:45,18413.713093857143
02-04 17:00,15078.386261857144
02-04 17:15,12603.806734885717
02-04 17:30,12718.21316994286
02-04 17:45,5420.318892300001
02-04 18:00,1236.4199814142858
02-04 18:15,12592.6501165
02-04 18:30,12757.740026685717
02-04 18:45,13726.26317857143
02-04 19:00,3829.9560518142857
02-04 19:15,5879.556391971429
02-04 19:30,1711.679991114286
02-04 19:45,2010.3145932142857
02-04 20:00,10223.638082671428
02-04 20:15,4136.083520642857
02-04 20:30,3930.266237785714
02-04 20:45,6222.548257542858
02-04 21:00,2367.859913637143
02-04 21:15,2012.6195021671429
02-04 21:30,1484.2857142857142
02-04 21:45,3030.794549771429
02-04 22:00,7632.976937014286
02-04 22:15,14189.14694072857
02-04 22:30,2438.564743837143
02-04 22:45,2417.546995032857
02-04 23:00,2467.570354598571
02-04 23:15,1799.9338029785715
02-04 23:30,1484.2857142857142
02-04 23:45,4303.748421271429
02-05 00:00,1484.2857142857142
02-05 00:15,2079.1667174500003
02-05 00:30,1484.2857142857142
02-05 00:45,2128.555102097143
02-05 01:00,1484.2857142857142
02-05 01:15,1484.2857142857142
02-05 01:30,1484.2857142857142
02-05 01:45,1484.2857142857142
02-05 02:00,1484.2857142857142
02-05 02:15,1484.2857142857142
02-05 02:30,1484.2857142857142
02-05 02:45,1484.2857142857142
02-05 03:00,1798.8680929971429
02-05 03:15,7578.450485914286
02-05 03:30,1484.2857142857142
02-05 03:45,1484.2857142857142
02-05 04:00,1890.926656922857
02-05 04:15,2057.76626488
02-05 04:30,1827.01155806
02-05 04:45,2019.9931101657144
02-05 05:00,6619.883938528532
02-05 05:15,1484.2857142857142
02-05 05:30,1484.2857142857142
02-05 05:45,3032.370986885714
02-05 06:00,8492.882814685714
02-05 06:15,10060.518004085716
02-05 06:30,353.297321747143
02-05 06:45,5391.815045585714
02-05 07:00,4449.541554214286
02-05 07:15,6214.867885942857
02-05 07:30,3256.271966571429
02-05 07:45,6599.185219414286
02-05 08:00,3897.7649756857145
02-05 08:15,6211.329412600001
02-05 08:30,19664.29280528572
02-05 08:45,79.12796938571434
02-05 09:00,11624.042548414289
02-05 09:15,17451.765292285716
02-05 09:30,6059.897940014286
02-05 09:45,1995.168160257143
02-05 10:00,5560.806138142859
02-05 10:15,12695.107768542855
02-05 10:30,10614.724735742857
02-05 10:45,13325.930736
02-05 11:00,2170.7305323
02-05 11:15,1704.824722814286
02-05 11:30,99.60720124285729
02-05 11:45,798.4199105428573
02-05 12:00,1172.5842221142857
02-05 12:15,15858.23776357143
02-05 12:30,5066.291382257143
02-05 12:45,2764.793807671429
02-05 13:00,13655.44201157143
02-05 13:15,7055.064868657142
02-05 13:30,6839.509366857144
02-05 13:45,9636.618497657142
02-05 14:00,1454.2272079186162
02-05 14:15,3058.6017887571425
02-05 14:30,14599.470499357143
02-05 14:45,4692.263586657143
02-05 15:00,3431.9262838428576
02-05 15:15,6214.311263957144
02-05 15:30,6934.322040057144
02-05 15:45,6250.085886742858
02-05 16:00,3123.2111621428567
02-05 16:15,2942.189193128572
02-05 16:30,4515.78005697143
02-05 16:45,25037.363438714285
02-05 17:00,20881.057405714288
02-05 17:15,7799.762331228572
02-05 17:30,18343.24056114286
02-05 17:45,19340.28036814286
02-05 18:00,5791.278386657144
02-05 18:15,17922.356064285716
02-05 18:30,5472.654024057143
02-05 18:45,7374.569820842858
02-05 19:00,0.0
02-05 19:15,3863.2284700285713
02-05 19:30,2555.5796553428577
02-05 19:45,0.0
02-05 20:00,0.0
02-05 20:15,0.0
02-05 20:30,1001.2866753142856
02-05 20:45,0.0
02-05 21:00,614.3382773285715
02-05 21:15,3158.3173475571425
02-05 21:30,4357.749757602857
02-05 21:45,0.0
02-05 22:00,2034.559319098572
02-05 22:15,3067.860456985715
02-05 22:30,1484.2857142857142
02-05 22:45,6742.096668928572
02-05 23:00,2880.0042865
02-05 23:15,2216.7052258342856
02-05 23:30,2312.5608030742856
02-05 23:45,1484.2857142857142
02-06 00:00,1484.2857142857142
02-06 00:15,2101.958076562857
02-06 00:30,2047.3072114
02-06 00:45,2141.078878861428
02-06 01:00,1484.2857142857142
02-06 01:15,1484.2857142857142
02-06 01:30,1484.2857142857142
02-06 01:45,2178.3699196757143
02-06 02:00,1484.2857142857142
02-06 02:15,1484.2857142857142
02-06 02:30,1484.2857142857142
02-06 02:45,1789.1982393699998
02-06 03:00,2106.557444234286
02-06 03:15,1484.2857142857142
02-06 03:30,1484.2857142857142
02-06 03:45,2967.129705742857
02-06 04:00,18545.359192
02-06 04:15,1484.2857142857142
02-06 04:30,1484.2857142857142
02-06 04:45,2076.590862072857
02-06 05:00,2426.400273347143
02-06 05:15,2348.05453917
02-06 05:30,1875.729693637143
02-06 05:45,2446.756343927143
02-06 06:00,6312.172455828571
02-06 06:15,12450.561454485714
02-06 06:30,5790.027627285714
02-06 06:45,8899.615081400001
02-06 07:00,10323.873674257144
02-06 07:15,12742.977838342858
02-06 07:30,25753.24785528571
02-06 07:45,5849.567322228572
02-06 08:00,8949.967081285715
02-06 08:15,2896.577483557144
02-06 08:30,6847.548786414285
02-06 08:45,6773.0502842000005
02-06 09:00,5981.60120517143
02-06 09:15,5082.464943200001
02-06 09:30,3537.1603881285714
02-06 09:45,7796.6899123
02-06 10:00,18752.769555
02-06 10:15,7797.418598814286
02-06 10:30,7753.876649142859
02-06 10:45,8973.926297757143
02-06 11:00,9952.985898071429
02-06 11:15,6570.685085357144
02-06 11:30,8732.249979657145
02-06 11:45,3369.7822110714287
02-06 12:00,1832.7341247142856
02-06 12:15,2227.894627914286
02-06 12:30,3630.3404513514297
02-06 12:45,10252.373165314286
02-06 13:00,12942.052374285711
02-06 13:15,22653.03833357143
02-06 13:30,8680.488831885714
02-06 13:45,11812.848054828572
02-06 14:00,9692.875384028572
02-06 14:15,7618.227750785714
02-06 14:30,16808.631481
02-06 14:45,9878.169010628571
02-06 15:00,7288.070126814287
02-06 15:15,7032.8163402
02-06 15:30,1745.4465228428571
02-06 15:45,4146.592457828571
02-06 16:00,11290.1136051
02-06 16:15,14970.901768
02-06 16:30,5493.58567597143
02-06 16:45,9622.2742295
02-06 17:00,5865.787884371429
02-06 17:15,8141.388063685716
02-06 17:30,11654.980711114284
02-06 17:45,16746.829156285716
02-06 18:00,1274.7533554857143
02-06 18:15,3663.821237071428
02-06 18:30,1574.2035074285714
02-06 18:45,6726.576668471429
02-06 19:00,3198.7470384000007
02-06 19:15,0.0
02-06 19:30,0.0
02-06 19:45,324.7180397428573
02-06 20:00,120.12621311428568
02-06 20:15,0.0
02-06 20:30,5497.021260400001
02-06 20:45,0.0
02-06 21:00,716.73746128
02-06 21:15,5460.718592014286
02-06 21:30,4893.092372045714
02-06 21:45,0.0
02-06 22:00,2368.0862961942858
02-06 22:15,6236.1462587000005
02-06 22:30,475.5716640285716
02-06 22:45,4778.676604714286
02-06 23:00,1771.120771617143
02-06 23:15,1863.3125553614284
02-06 23:30,2928.9083850571424
02-06 23:45,1484.2857142857142
02-07 00:00,3822.547131742858
02-07 00:15,511.703134044287
02-07 00:30,0.0
02-07 00:45,1484.2857142857142
02-07 01:00,1484.2857142857142
02-07 01:15,1484.2857142857142
02-07 01:30,1484.2857142857142
02-07 01:45,1484.2857142857142
02-07 02:00,1484.2857142857142
02-07 02:15,1484.2857142857142
02-07 02:30,1484.2857142857142
02-07 02:45,1484.2857142857142
02-07 03:00,1484.2857142857142
02-07 03:15,2207.43791559
02-07 03:30,2415.90498818
02-07 03:45,1484.2857142857142
02-07 04:00,1808.5334232371424
02-07 04:15,1934.6778513242853
02-07 04:30,1484.2857142857142
02-07 04:45,1484.2857142857142
02-07 05:00,1484.2857142857142
02-07 05:15,4718.947111657143
02-07 05:30,1484.2857142857142
02-07 05:45,2328.480514082857
02-07 06:00,4253.258368728571
02-07 06:15,5130.6902439714295
02-07 06:30,2158.174949928572
02-07 06:45,4749.744128800002
02-07 07:00,3225.678182628571
02-07 07:15,3217.9976394000005
02-07 07:30,9876.7379072
02-07 07:45,1097.6152381285715
02-07 08:00,12157.027636785717
02-07 08:15,17240.584898
02-07 08:30,3647.8282574285713
02-07 08:45,17476.50793542857
02-07 09:00,2033.104031442857
02-07 09:15,7608.133237528572
02-07 09:30,12683.363124785714
02-07 09:45,1453.712116757143
02-07 10:00,6477.952775357144
02-07 10:15,0.0
02-07 10:30,5175.255483757143
02-07 10:45,3662.770751485715
02-07 11:00,4285.865388828573
02-07 11:15,7427.954347714286
02-07 11:30,9688.405433814289
02-07 11:45,1776.629901957143
02-07 12:00,10827.110111414286
02-07 12:15,6303.443640299999
02-07 12:30,7258.163950285715
02-07 12:45,7650.759302471428
02-07 13:00,14447.388347285714
02-07 13:15,2498.100141942857
02-07 13:30,8567.573271728572
02-07 13:45,7967.487509714285
02-07 14:00,16292.976605571428
02-07 14:15,14500.325998785716
02-07 14:30,12058.746698085715
02-07 14:45,5371.083045557142
02-07 15:00,11940.258016657142
02-07 15:15,11040.399328728572
02-07 15:30,26264.600855428573
02-07 15:45,15135.14655365714
02-07 16:00,12497.975710985716
02-07 16:15,11077.418117885714
02-07 16:30,16156.882808142856
02-07 16:45,18336.47430114285
02-07 17:00,1520.563327485714
02-07 17:15,8478.773089
02-07 17:30,1952.581364371429
02-07 17:45,12958.691472857145
02-07 18:00,5774.987019614286
02-07 18:15,2123.288590242857
02-07 18:30,9745.4486514
02-07 18:45,7531.709055571429
02-07 19:00,248.53491160000016
02-07 19:15,0.0
02-07 19:30,3451.559587842857
02-07 19:45,1058.8389881714286
02-07 20:00,0.0
02-07 20:15,0.0
02-07 20:30,4318.567245142857
02-07 20:45,1353.1091474285715
02-07 21:00,7061.995626885714
02-07 21:15,1717.987009614286
02-07 21:30,3545.7517921142858
02-07 21:45,2733.5492742442857
02-07 22:00,1956.6422385842857
02-07 22:15,2259.751816942857
02-07 22:30,1484.2857142857142
02-07 22:45,1484.2857142857142
02-07 23:00,1484.2857142857142
02-07 23:15,4610.826053842857
02-07 23:30,2291.995763434285
02-07 23:45,1484.2857142857142
02-08 00:00,1484.2857142857142
02-08 00:15,1484.2857142857142
02-08 00:30,1484.2857142857142
02-08 00:45,1484.2857142857142
02-08 01:00,1484.2857142857142
02-08 01:15,1695.781105568571
02-08 01:30,1897.1757846942853
02-08 01:45,1484.2857142857142
02-08 02:00,2088.7827825142854
02-08 02:15,2498.869534008571
02-08 02:30,1484.2857142857142
02-08 02:45,2508.788856961429
02-08 03:00,1484.2857142857142
02-08 03:15,1484.2857142857142
02-08 03:30,1484.2857142857142
02-08 03:45,1484.2857142857142
02-08 04:00,1484.2857142857142
02-08 04:15,1484.2857142857142
02-08 04:30,1484.2857142857142
02-08 04:45,1484.2857142857142
02-08 05:00,2111.7884968942853
02-08 05:15,2405.648358822857
02-08 05:30,1484.2857142857142
02-08 05:45,1484.2857142857142
02-08 06:00,6046.207562985714
02-08 06:15,13091.566396857144
02-08 06:30,4865.269381471429
02-08 06:45,2710.2127968571426
02-08 07:00,2054.664911814285
02-08 07:15,9711.69233024286
02-08 07:30,6969.777556771429
02-08 07:45,8656.20794787143
02-08 08:00,6994.879910828573
02-08 08:15,8861.252626785716
02-08 08:30,6540.223333728572
02-08 08:45,4283.819602057143
02-08 09:00,2413.668903928572
02-08 09:15,2748.146041642857
02-08 09:30,8005.262118371428
02-08 09:45,3218.953894514286
02-08 10:00,10390.87105742857
02-08 10:15,8.419018942857269
02-08 10:30,14665.083024571428
02-08 10:45,15534.569663428574
02-08 11:00,14728.733679571433
02-08 11:15,6435.560909142858
02-08 11:30,2635.6086999
02-08 11:45,3849.967572085714
02-08 12:00,16472.681159285716
02-08 12:15,11202.220930157144
02-08 12:30,13240.866816857142
02-08 12:45,2184.883285014286
02-08 13:00,20307.591058714283
02-08 13:15,16820.68413757143
02-08 13:30,14048.807195071427
02-08 13:45,12398.2577086
02-08 14:00,25492.150306000003
02-08 14:15,6673.659049885714
02-08 14:30,20003.298039
02-08 14:45,18161.27692942857
02-08 15:00,17266.834167999998
02-08 15:15,10229.313282530002
02-08 15:30,13409.55583257143
02-08 15:45,21783.483065571432
02-08 16:00,6669.316569028571
02-08 16:15,3893.472510842857
02-08 16:30,14515.12372914286
02-08 16:45,2932.8974666714294
02-08 17:00,4415.815843328573
02-08 17:15,3241.9376676000006
02-08 17:30,1700.565281928572
02-08 17:45,9979.305117128572
02-08 18:00,11283.058605728573
02-08 18:15,14628.62659742857
02-08 18:30,0.0
02-08 18:45,10568.749377357144
02-08 19:00,1106.447675414286
02-08 19:15,0.0
02-08 19:30,246.0485619714288
02-08 19:45,0.0
02-08 20:00,2438.1036280771427
02-08 20:15,1947.72640578
02-08 20:30,944.7772775285716
02-08 20:45,4802.703564185715
02-08 21:00,5763.283926600001
02-08 21:15,4027.641221442857
02-08 21:30,7346.602052252858
02-08 21:45,0.0
02-08 22:00,1793.9623872185712
02-08 22:15,0.0
02-08 22:30,0.0
02-08 22:45,2472.042314557143
02-08 23:00,622.3707424257143
02-08 23:15,1150.0732731457144
02-08 23:30,4803.935524885715
02-08 23:45,4452.579461928571
02-09 00:00,2488.8670597185715
02-09 00:15,2225.3048583957143
02-09 00:30,3044.8712914571424
02-09 00:45,1484.2857142857142
02-09 01:00,3278.136007885714
02-09 01:15,1484.2857142857142
02-09 01:30,7358.140914057142
02-09 01:45,2845.65061293
02-09 02:00,1484.2857142857142
02-09 02:15,2116.2327911671428
02-09 02:30,3685.338154771429
02-09 02:45,4154.884882271429
02-09 03:00,1484.2857142857142
02-09 03:15,1484.2857142857142
02-09 03:30,1484.2857142857142
02-09 03:45,1484.2857142857142
02-09 04:00,2053.7210254928573
02-09 04:15,1484.2857142857142
02-09 04:30,2879.8374403942857
02-09 04:45,2032.7316837314288
02-09 05:00,1968.8998962357143
02-09 05:15,1866.732476337143
02-09 05:30,1484.2857142857142
02-09 05:45,2632.21251189
02-09 06:00,7024.955733157142
02-09 06:15,1484.2857142857142
02-09 06:30,1665.4625256814284
02-09 06:45,3449.002426971429
02-09 07:00,9931.628093871428
02-09 07:15,0.0
02-09 07:30,8182.613220614286
02-09 07:45,3340.8229220542385
02-09 08:00,0.0
02-09 08:15,1060.7115292285716
02-09 08:30,0.0
02-09 08:45,7.711324628571413
02-09 09:00,5253.015805457143
02-09 09:15,7564.554400371428
02-09 09:30,2041.657914971429
02-09 09:45,18492.66659128572
02-09 10:00,4474.025829571429
02-09 10:15,6806.780270714286
02-09 10:30,7410.872556157143
02-09 10:45,14347.89040457143
02-09 11:00,6355.152960142857
02-09 11:15,5926.610196971429
02-09 11:30,4724.044984542858
02-09 11:45,5074.957449528572
02-09 12:00,14221.6233714
02-09 12:15,11885.252769600002
02-09 12:30,17960.471251000003
02-09 12:45,23498.10160528572
02-09 13:00,8834.538413642857
02-09 13:15,18852.500070857142
02-09 13:30,25059.326646
02-09 13:45,7934.873777928572
02-09 14:00,9264.3878439
02-09 14:15,10301.508819585712
02-09 14:30,6787.579849042857
02-09 14:45,5522.759150314285
02-09 15:00,9044.940641657142
02-09 15:15,18794.266063714287
02-09 15:30,5880.565261728571
02-09 15:45,15637.148624171428
02-09 16:00,1042.0473353014288
02-09 16:15,15633.966978
02-09 16:30,15294.911871528571
02-09 16:45,3785.703143385714
02-09 17:00,4556.537406957144
02-09 17:15,5339.204150957144
02-09 17:30,4232.821988885715
02-09 17:45,8140.807209671429
02-09 18:00,565.624686057143
02-09 18:15,920.6468818285716
02-09 18:30,0.0
02-09 18:45,6305.057534342858
02-09 19:00,8230.476004200002
02-09 19:15,2612.5831308857146
02-09 19:30,0.0
02-09 19:45,3358.989354542857
02-09 20:00,6678.456289942858
02-09 20:15,0.0
02-09 20:30,2533.0856656428573
02-09 20:45,2752.431609428572
02-09 21:00,2448.298192147143
02-09 21:15,2008.05691626
02-09 21:30,1991.868642967143
02-09 21:45,2686.166489007143
02-09 22:00,0.0
02-09 22:15,0.0
02-09 22:30,0.0
02-09 22:45,0.0
02-09 23:00,2852.118113232857
02-09 23:15,2718.522132882857
02-09 23:30,2172.229719835714
02-09 23:45,1966.6155746557145
02-10 00:00,0.0
02-10 00:15,0.0
02-10 00:30,0.0
02-10 00:45,0.0
02-10 01:00,0.0
02-10 01:15,0.0
02-10 01:30,0.0
02-10 01:45,0.0
02-10 02:00,0.0
02-10 02:15,0.0
02-10 02:30,597.9727128571432
02-10 02:45,0.0
02-10 03:00,0.0
02-10 03:15,0.0
02-10 03:30,0.0
02-10 03:45,0.0
02-10 04:00,1484.2857142857142
02-10 04:15,1484.2857142857142
02-10 04:30,6637.936854157142
02-10 04:45,1484.2857142857142
02-10 05:00,0.0
02-10 05:15,0.0
02-10 05:30,0.0
02-10 05:45,0.0
02-10 06:00,8165.866614542857
02-10 06:15,3000.4680930857144
02-10 06:30,1484.2857142857142
02-10 06:45,1484.2857142857142
02-10 07:00,8468.463588585713
02-10 07:15,1484.2857142857142
02-10 07:30,2813.944266337143
02-10 07:45,2035.8069912457167
02-10 08:00,1100.7993599500005
02-10 08:15,1981.5547633571432
02-10 08:30,3212.689144542857
02-10 08:45,1806.633353128572
02-10 09:00,4955.913091457144
02-10 09:15,5116.431136514287
02-10 09:30,6858.528102428571
02-10 09:45,9065.254958242856
02-10 10:00,5419.564244428571
02-10 10:15,7726.421013385715
02-10 10:30,126.51285884285736
02-10 10:45,7514.551916814285
02-10 11:00,17666.770573857142
02-10 11:15,9567.413038457144
02-10 11:30,8094.192921285716
02-10 11:45,8067.196151085715
02-10 12:00,6661.570574528571
02-10 12:15,5688.864231228571
02-10 12:30,22393.528347000003
02-10 12:45,2210.8592741000007
02-10 13:00,3191.7273943142864
02-10 13:15,3484.7591974142856
02-10 13:30,4653.033499257143
02-10 13:45,11070.116637928571
02-10 14:00,8248.545985411432
02-10 14:15,5970.494246171428
02-10 14:30,4058.9473035857145
02-10 14:45,7381.595175171428
02-10 15:00,12977.0402651
02-10 15:15,14220.858518599998
02-10 15:30,5014.839424614286
02-10 15:45,8475.4225584
02-10 16:00,7094.295910657143
02-10 16:15,7441.737385414286
02-10 16:30,16012.777863428571
02-10 16:45,5305.865832228571
02-10 17:00,4694.004130828573
02-10 17:15,1059.263687757143
02-10 17:30,7803.263264657143
02-10 17:45,4533.2438632
02-10 18:00,7021.552133428572
02-10 18:15,0.0
02-10 18:30,6938.705890542858
02-10 18:45,0.0
02-10 19:00,6336.257559571429
02-10 19:15,9715.069556857145
02-10 19:30,6796.190319471428
02-10 19:45,4027.064495885714
02-10 20:00,0.0
02-10 20:15,0.0
02-10 20:30,5106.859969128571
02-10 20:45,5694.499109671428
02-10 21:00,1858.28306302
02-10 21:15,1484.2857142857142
02-10 21:30,2020.253386238572
02-10 21:45,6379.610018271428
02-10 22:00,0.0
02-10 22:15,0.0
02-10 22:30,0.0
02-10 22:45,0.0
02-10 23:00,1484.2857142857142
02-10 23:15,1484.2857142857142
02-10 23:30,1484.2857142857142
02-10 23:45,2010.3135609957144
02-11 00:00,1484.2857142857142
02-11 00:15,2191.076167518572
02-11 00:30,1484.2857142857142
02-11 00:45,1484.2857142857142
02-11 01:00,1484.2857142857142
02-11 01:15,1484.2857142857142
02-11 01:30,1484.2857142857142
02-11 01:45,1484.2857142857142
02-11 02:00,1484.2857142857142
02-11 02:15,1484.2857142857142
02-11 02:30,1484.2857142857142
02-11 02:45,1484.2857142857142
02-11 03:00,2568.504457935714
02-11 03:15,2228.327267712857
02-11 03:30,2688.1579748114286
02-11 03:45,1484.2857142857142
02-11 04:00,7838.385681999999
02-11 04:15,1484.2857142857142
02-11 04:30,2090.5673095114284
02-11 04:45,2139.9591599099995
02-11 05:00,1484.2857142857142
02-11 05:15,6336.442744557142
02-11 05:30,1484.2857142857142
02-11 05:45,2167.881810127143
02-11 06:00,1648.2490603857143
02-11 06:15,0.0
02-11 06:30,13131.81437657143
02-11 06:45,9552.459030457145
02-11 07:00,4200.955713071428
02-11 07:15,8812.504219342858
02-11 07:30,7064.168838500002
02-11 07:45,3159.4167168285708
02-11 08:00,7512.817707500001
02-11 08:15,5672.719688257143
02-11 08:30,4677.431490057144
02-11 08:45,5950.606506214286
02-11 09:00,7667.010291671429
02-11 09:15,17147.649900428572
02-11 09:30,5819.392565728571
02-11 09:45,6716.596267985716
02-11 10:00,0.0
02-11 10:15,2837.6590680000004
02-11 10:30,532.0442830857144
02-11 10:45,8745.742032114285
02-11 11:00,2913.1341117
02-11 11:15,4627.04107719569
02-11 11:30,4406.518220828571
02-11 11:45,3275.4589208
02-11 12:00,11632.882266657143
02-11 12:15,4741.123916442858
02-11 12:30,15560.55548494286
02-11 12:45,6113.943281714286
02-11 13:00,6865.906910685714
02-11 13:15,5595.984112771429
02-11 13:30,8192.451032957142
02-11 13:45,10495.640808957143
02-11 14:00,25373.491248857143
02-11 14:15,10751.822778142858
02-11 14:30,5668.250314442857
02-11 14:45,6029.850209957143
02-11 15:00,5873.242368657144
02-11 15:15,3643.169915642857
02-11 15:30,5207.149147985716
02-11 15:45,8110.342728457143
02-11 16:00,9895.214146242855
02-11 16:15,17283.843224857144
02-11 16:30,15923.336567285714
02-11 16:45,18579.048676571427
02-11 17:00,15758.352892428573
02-11 17:15,3400.7255661000004
02-11 17:30,21756.074579571432
02-11 17:45,7342.4881391
02-11 18:00,11347.2450995
02-11 18:15,22832.620389714288
02-11 18:30,873.1815271857145
02-11 18:45,7813.592285885715
02-11 19:00,770.8226623857144
02-11 19:15,0.0
02-11 19:30,263.1830340285716
02-11 19:45,0.0
02-11 20:00,0.0
02-11 20:15,4907.137608228572
02-11 20:30,0.0
02-11 20:45,0.0
02-11 21:00,0.0
02-11 21:15,0.0
02-11 21:30,0.0
02-11 21:45,0.0
02-11 22:00,4970.738403785715
02-11 22:15,0.0
02-11 22:30,0.0
02-11 22:45,9681.415666285717
02-11 23:00,1484.2857142857142
02-11 23:15,1484.2857142857142
02-11 23:30,1484.2857142857142
02-11 23:45,1484.2857142857142
02-12 00:00,1484.2857142857142
02-12 00:15,1484.2857142857142
02-12 00:30,2677.615424808572
02-12 00:45,1484.2857142857142
02-12 01:00,1484.2857142857142
02-12 01:15,2089.67803928
02-12 01:30,1484.2857142857142
02-12 01:45,1484.2857142857142
02-12 02:00,1484.2857142857142
02-12 02:15,1484.2857142857142
02-12 02:30,1484.2857142857142
02-12 02:45,1484.2857142857142
02-12 03:00,1484.2857142857142
02-12 03:15,1484.2857142857142
02-12 03:30,2305.8598649814285
02-12 03:45,1484.2857142857142
02-12 04:00,8096.942705185713
02-12 04:15,1484.2857142857142
02-12 04:30,1987.887534532857
02-12 04:45,1587.0640539497142
02-12 05:00,0.0
02-12 05:15,5690.5837139285695
02-12 05:30,1484.2857142857142
02-12 05:45,8510.4886967
02-12 06:00,14090.058496614283
02-12 06:15,9171.937230757145
02-12 06:30,2340.0533276571427
02-12 06:45,20650.62699371429
02-12 07:00,10290.005134600002
02-12 07:15,10221.517849814289
02-12 07:30,1074.1113583857143
02-12 07:45,15769.962439
02-12 08:00,2854.9923923571428
02-12 08:15,5695.0920995
02-12 08:30,2667.4295013714286
02-12 08:45,1065.1482756857145
02-12 09:00,4886.675555714286
02-12 09:15,8030.577631371429
02-12 09:30,764.3293043571431
02-12 09:45,7154.149336242858
02-12 10:00,13282.266304571427
02-12 10:15,1272.862670614286
02-12 10:30,14312.590681
02-12 10:45,8045.6659702
02-12 11:00,13452.825247857145
02-12 11:15,12973.882256714289
02-12 11:30,1594.8728913857146
02-12 11:45,5030.536323157144
02-12 12:00,9930.627741328572
02-12 12:15,1190.295290157143
02-12 12:30,5140.772302142858
02-12 12:45,382.0698891142858
02-12 13:00,13898.40188724286
02-12 13:15,3958.393417685714
02-12 13:30,15583.4411568
02-12 13:45,4643.252741657143
02-12 14:00,6181.419759800001
02-12 14:15,6570.329342314286
02-12 14:30,4625.694201280043
02-12 14:45,7510.187711928572
02-12 15:00,14870.152101571428
02-12 15:15,927.7143722285716
02-12 15:30,1973.4309536571432
02-12 15:45,8272.389548457144
02-12 16:00,9169.951368214286
02-12 16:15,6834.435177685715
02-12 16:30,8135.555317057143
02-12 16:45,10406.230484285714
02-12 17:00,2773.2624909571427
02-12 17:15,6916.449975742858
02-12 17:30,392.6626712714288
02-12 17:45,10327.511972928573
02-12 18:00,3948.116549614286
02-12 18:15,6416.039602285715
02-12 18:30,14058.652521428574
02-12 18:45,8176.090025400001
02-12 19:00,5576.605890614286
02-12 19:15,2442.120538871429
02-12 19:30,3227.775564085715
02-12 19:45,0.0
02-12 20:00,8080.930793728571
02-12 20:15,2640.752903085714
02-12 20:30,5190.014577258572
02-12 20:45,0.0
02-12 21:00,1667.8337103328572
02-12 21:15,2671.436840127143
02-12 21:30,1484.2857142857142
02-12 21:45,11407.095412142857
02-12 22:00,1976.3011564171427
02-12 22:15,2282.133499767143
02-12 22:30,1484.2857142857142
02-12 22:45,6734.819876371429
02-12 23:00,1933.8499893642856
02-12 23:15,2356.9298196
02-12 23:30,2478.9961667514285
02-12 23:45,3699.6293430285714
02-13 00:00,1484.2857142857142
02-13 00:15,1484.2857142857142
02-13 00:30,1484.2857142857142
02-13 00:45,1484.2857142857142
02-13 01:00,1484.2857142857142
02-13 01:15,1484.2857142857142
02-13 01:30,1484.2857142857142
02-13 01:45,1484.2857142857142
02-13 02:00,1484.2857142857142
02-13 02:15,1484.2857142857142
02-13 02:30,1484.2857142857142
02-13 02:45,1484.2857142857142
02-13 03:00,1805.747854642857
02-13 03:15,1484.2857142857142
02-13 03:30,1994.14545472
02-13 03:45,1484.2857142857142
02-13 04:00,1484.2857142857142
02-13 04:15,2992.218553014286
02-13 04:30,1484.2857142857142
02-13 04:45,2398.731307172857
02-13 05:00,9037.030892285711
02-13 05:15,2980.4223737285715
02-13 05:30,1951.5660106457144
02-13 05:45,2281.7452158971428
02-13 06:00,3867.807875028529
02-13 06:15,8380.160436428572
02-13 06:30,3211.091889728572
02-13 06:45,9859.297980085714
02-13 07:00,12150.5578396
02-13 07:15,7153.853667742857
02-13 07:30,3048.120250657143
02-13 07:45,10644.162205728571
02-13 08:00,6279.730549471429
02-13 08:15,7282.129859328572
02-13 08:30,8431.687669357143
02-13 08:45,4706.886450342858
02-13 09:00,23912.02256557143
02-13 09:15,3869.4375463714287
02-13 09:30,12401.712635585714
02-13 09:45,508.3165222428573
02-13 10:00,1190.7129362428575
02-13 10:15,1091.7771957428572
02-13 10:30,8866.915087814286
02-13 10:45,539.3332748857144
02-13 11:00,10674.8388867
02-13 11:15,2869.6261514
02-13 11:30,342.9084250428573
02-13 11:45,0.0
02-13 12:00,4905.887750614285
02-13 12:15,16543.305265285715
02-13 12:30,17936.855476714285
02-13 12:45,2747.507624722857
02-13 13:00,2507.33604887
02-13 13:15,6146.620072914286
02-13 13:30,15288.29535927143
02-13 13:45,5144.426653828571
02-13 14:00,8007.143578557143
02-13 14:15,10386.361850157142
02-13 14:30,4551.877114028571
02-13 14:45,5730.121542042857
02-13 15:00,13106.771003857144
02-13 15:15,4092.014544042858
02-13 15:30,2785.209316728572
02-13 15:45,7811.465291457144
02-13 16:00,17404.041034857146
02-13 16:15,12545.248448271428
02-13 16:30,23894.97842271428
02-13 16:45,14051.118245714286
02-13 17:00,14337.763198571429
02-13 17:15,7313.898787214287
02-13 17:30,7582.762638285714
02-13 17:45,1842.0236967571432
02-13 18:00,2208.343791585715
02-13 18:15,424.1024733714286
02-13 18:30,1796.2780441714287
02-13 18:45,13264.933841714286
02-13 19:00,0.0
02-13 19:15,6448.352428085715
02-13 19:30,5488.0510308
02-13 19:45,6163.1842070428565
02-13 20:00,778.3870155428573
02-13 20:15,2467.2684657
02-13 20:30,8871.829355257143
02-13 20:45,6840.878974771429
02-13 21:00,0.0
02-13 21:15,4705.637766914287
02-13 21:30,1499.2593565714717
02-13 21:45,0.0
02-13 22:00,0.0
02-13 22:15,0.0
02-13 22:30,517.4071271857146
02-13 22:45,0.0
02-13 23:00,2003.929401697143
02-13 23:15,1484.2857142857142
02-13 23:30,1484.2857142857142
02-13 23:45,1861.4714369514284
02-14 00:00,2363.757831832857
02-14 00:15,1484.2857142857142
02-14 00:30,1484.2857142857142
02-14 00:45,1484.2857142857142
02-14 01:00,1484.2857142857142
02-14 01:15,1484.2857142857142
02-14 01:30,1484.2857142857142
02-14 01:45,1484.2857142857142
02-14 02:00,1484.2857142857142
02-14 02:15,1484.2857142857142
02-14 02:30,1484.2857142857142
02-14 02:45,1484.2857142857142
02-14 03:00,1484.2857142857142
02-14 03:15,1761.9269700342857
02-14 03:30,5635.4912803
02-14 03:45,1484.2857142857142
02-14 04:00,1484.2857142857142
02-14 04:15,1484.2857142857142
02-14 04:30,5971.562998685714
02-14 04:45,1484.2857142857142
02-14 05:00,2902.1473868371427
02-14 05:15,2340.586711607143
02-14 05:30,2927.0362848857144
02-14 05:45,6444.216911785714
02-14 06:00,1449.9656953285714
02-14 06:15,7582.430660557144
02-14 06:30,0.0
02-14 06:45,8170.744461528573
02-14 07:00,18062.293125
02-14 07:15,938.9818083571428
02-14 07:30,19998.442528714288
02-14 07:45,1816.3844996142857
02-14 08:00,5217.2705186
02-14 08:15,13574.047485
02-14 08:30,6534.213236000001
02-14 08:45,0.0
02-14 09:00,15658.504575714289
02-14 09:15,21798.591329857147
02-14 09:30,2379.773103385715
02-14 09:45,5863.024066171429
02-14 10:00,12578.102118771429
02-14 10:15,3760.299972785714
02-14 10:30,4141.769027057143
02-14 10:45,15571.967288857144
02-14 11:00,6921.420011757143
02-14 11:15,9944.787975428571
02-14 11:30,10801.784636342858
02-14 11:45,4895.4065397
02-14 12:00,16024.160699857144
02-14 12:15,5634.304921828571
02-14 12:30,5447.722333085715
02-14 12:45,9271.668582142856
02-14 13:00,8141.892337685715
02-14 13:15,13943.428480385714
02-14 13:30,4551.2644490428565
02-14 13:45,12446.803333614283
02-14 14:00,15049.2116293
02-14 14:15,8209.809070085714
02-14 14:30,16247.994618285711
02-14 14:45,8218.20828382857
02-14 15:00,7416.636796914286
02-14 15:15,15374.133424428572
02-14 15:30,7272.261250985714
02-14 15:45,11687.374680685714
02-14 16:00,7621.232693028573
02-14 16:15,7138.36340507143
02-14 16:30,2418.265430014286
02-14 16:45,5779.134347257143
02-14 17:00,14271.604627000002
02-14 17:15,3101.822650171429
02-14 17:30,11879.39803007143
02-14 17:45,5913.4857613
02-14 18:00,9144.7809907
02-14 18:15,5076.0812756714295
02-14 18:30,4508.665554485715
02-14 18:45,5817.762262928572
02-14 19:00,4802.3897436
02-14 19:15,4494.225284614287
02-14 19:30,370.4008687714287
02-14 19:45,0.0
02-14 20:00,0.0
02-14 20:15,7363.248930642858
02-14 20:30,3369.059367271429
02-14 20:45,760.8363915
02-14 21:00,448.9121602857143
02-14 21:15,0.0
02-14 21:30,0.0
02-14 21:45,0.0
02-14 22:00,0.0
02-14 22:15,0.0
02-14 22:30,0.0
02-14 22:45,26.70585085714304
02-14 23:00,2299.4365995642856
02-14 23:15,1484.2857142857142
02-14 23:30,1484.2857142857142
02-14 23:45,1484.2857142857142
02-15 00:00,1484.2857142857142
02-15 00:15,1484.2857142857142
02-15 00:30,1484.2857142857142
02-15 00:45,1484.2857142857142
02-15 01:00,1484.2857142857142
02-15 01:15,1484.2857142857142
02-15 01:30,2000.6071707071424
02-15 01:45,1484.2857142857142
02-15 02:00,2605.332529052857
02-15 02:15,1545.2906025424284
02-15 02:30,2316.4757454242854
02-15 02:45,1484.2857142857142
02-15 03:00,1484.2857142857142
02-15 03:15,1484.2857142857142
02-15 03:30,1484.2857142857142
02-15 03:45,1484.2857142857142
02-15 04:00,1484.2857142857142
02-15 04:15,1484.2857142857142
02-15 04:30,1484.2857142857142
02-15 04:45,1484.2857142857142
02-15 05:00,1812.6133276614285
02-15 05:15,1484.2857142857142
02-15 05:30,1484.2857142857142
02-15 05:45,1484.2857142857142
02-15 06:00,6871.239489242858
02-15 06:15,7519.173274214287
02-15 06:30,1584.5051608142855
02-15 06:45,11148.969790085714
02-15 07:00,3026.3387798857143
02-15 07:15,1978.513869028572
02-15 07:30,15476.083291285717
02-15 07:45,3477.5468364
02-15 08:00,3017.761462028572
02-15 08:15,13998.646148571428
02-15 08:30,20651.66865242857
02-15 08:45,8495.763098300002
02-15 09:00,6513.060489657144
02-15 09:15,8674.701950857143
02-15 09:30,2961.857768571429
02-15 09:45,12498.820465814286
02-15 10:00,14911.75213014286
02-15 10:15,8235.731215257143
02-15 10:30,3044.0091188000006
02-15 10:45,8601.480834014286
02-15 11:00,12522.1355134
02-15 11:15,12310.6031945
02-15 11:30,19844.05441742857
02-15 11:45,11057.46163242857
02-15 12:00,20477.646964857144
02-15 12:15,21503.117156714285
02-15 12:30,6194.528996714285
02-15 12:45,14280.182523871428
02-15 13:00,17350.601444714284
02-15 13:15,10351.388754828571
02-15 13:30,17547.793881
02-15 13:45,6095.120770928572
02-15 14:00,19277.516596
02-15 14:15,11214.623760228573
02-15 14:30,15941.448718142858
02-15 14:45,6081.047881114286
02-15 15:00,5357.815420128572
02-15 15:15,17270.548010000002
02-15 15:30,19151.83927928572
02-15 15:45,13460.41648814286
02-15 16:00,13040.412761285716
02-15 16:15,3169.850372557143
02-15 16:30,7112.201658771428
02-15 16:45,23785.24005928572
02-15 17:00,10704.357959428571
02-15 17:15,970.6699910714286
02-15 17:30,9380.423801585714
02-15 17:45,12310.925036585715
02-15 18:00,1734.656459757143
02-15 18:15,20501.733602857144
02-15 18:30,5249.487960071429
02-15 18:45,7641.4624118
02-15 19:00,1320.229057657143
02-15 19:15,96.14160512857146
02-15 19:30,1470.902443357143
02-15 19:45,3273.0043265571435
02-15 20:00,10082.282134785712
02-15 20:15,0.0
02-15 20:30,1751.1327475285714
02-15 20:45,6145.673104657143
02-15 21:00,2431.7799035714293
02-15 21:15,2480.697072032857
02-15 21:30,8774.20429227143
02-15 21:45,6346.5257502714285
02-15 22:00,1807.453579428572
02-15 22:15,0.0
02-15 22:30,0.0
02-15 22:45,0.0
02-15 23:00,1351.2351800271429
02-15 23:15,1484.2857142857142
02-15 23:30,585.4768749742858
02-15 23:45,2920.9641962285714
02-16 00:00,1484.2857142857142
02-16 00:15,2510.5974940414285
02-16 00:30,1484.2857142857142
02-16 00:45,5206.256390757143
02-16 01:00,2067.997180212857
02-16 01:15,1948.2357282528567
02-16 01:30,1484.2857142857142
02-16 01:45,1773.845604652857
02-16 02:00,1913.913885135714
02-16 02:15,1484.2857142857142
02-16 02:30,2653.36736362
02-16 02:45,1484.2857142857142
02-16 03:00,1913.1791274228567
02-16 03:15,2098.7987831742857
02-16 03:30,1484.2857142857142
02-16 03:45,1484.2857142857142
02-16 04:00,4617.066070357143
02-16 04:15,2171.203629291429
02-16 04:30,1484.2857142857142
02-16 04:45,1484.2857142857142
02-16 05:00,1484.2857142857142
02-16 05:15,1484.2857142857142
02-16 05:30,2087.6785569142858
02-16 05:45,1484.2857142857142
02-16 06:00,227.41720635714304
02-16 06:15,0.0
02-16 06:30,3861.8791861285713
02-16 06:45,0.0
02-16 07:00,6914.020090971429
02-16 07:15,13792.798265714286
02-16 07:30,3633.352009400001
02-16 07:45,0.0
02-16 08:00,4939.380145057143
02-16 08:15,1078.7403129857146
02-16 08:30,128.48092992857164
02-16 08:45,405.8575920714287
02-16 09:00,5768.2438795
02-16 09:15,4905.751737499999
02-16 09:30,13413.9454911
02-16 09:45,11130.743120442856
02-16 10:00,7249.223925642857
02-16 10:15,8011.963698214285
02-16 10:30,11562.255238485715
02-16 10:45,17858.670590714286
02-16 11:00,16464.932767142855
02-16 11:15,8169.738746028571
02-16 11:30,5229.0021085
02-16 11:45,11293.539722485712
02-16 12:00,15042.933975185715
02-16 12:15,19500.67075357143
02-16 12:30,13777.983083914289
02-16 12:45,15854.764858285716
02-16 13:00,23150.07180128572
02-16 13:15,19473.40282528572
02-16 13:30,19295.782341285714
02-16 13:45,22704.82706842857
02-16 14:00,6657.629076942857
02-16 14:15,4836.009196942858
02-16 14:30,4060.0242002857135
02-16 14:45,4494.449451214286
02-16 15:00,7726.650870342857
02-16 15:15,5254.905328442857
02-16 15:30,11490.348729771427
02-16 15:45,8837.174742285715
02-16 16:00,2488.214474257143
02-16 16:15,5700.100326157144
02-16 16:30,10287.076286585716
02-16 16:45,2052.9967871428576
02-16 17:00,595.1913488571429
02-16 17:15,15404.552768142858
02-16 17:30,7197.318587842858
02-16 17:45,4763.389863814286
02-16 18:00,3380.9739272142865
02-16 18:15,4401.447764085715
02-16 18:30,8098.819362485715
02-16 18:45,0.0
02-16 19:00,7030.608752385715
02-16 19:15,4455.577411271429
02-16 19:30,7666.338064814286
02-16 19:45,5486.705537642858
02-16 20:00,0.0
02-16 20:15,0.0
02-16 20:30,2365.4847193714286
02-16 20:45,0.0
02-16 21:00,0.0
02-16 21:15,0.0
02-16 21:30,0.0
02-16 21:45,1094.7333911571432
02-16 22:00,6125.474775342858
02-16 22:15,4245.226918914285
02-16 22:30,0.0
02-16 22:45,0.0
02-16 23:00,0.0
02-16 23:15,0.0
02-16 23:30,0.0
02-16 23:45,0.0
02-17 00:00,2079.7389533114283
02-17 00:15,2136.8570989357145
02-17 00:30,1918.8784493814287
02-17 00:45,1484.2857142857142
02-17 01:00,1484.2857142857142
02-17 01:15,1484.2857142857142
02-17 01:30,1484.2857142857142
02-17 01:45,1484.2857142857142
02-17 02:00,1789.070182114286
02-17 02:15,182.34948959851752
02-17 02:30,1484.2857142857142
02-17 02:45,1787.27280262
02-17 03:00,1484.2857142857142
02-17 03:15,1484.2857142857142
02-17 03:30,1484.2857142857142
02-17 03:45,1484.2857142857142
02-17 04:00,1484.2857142857142
02-17 04:15,1484.2857142857142
02-17 04:30,1484.2857142857142
02-17 04:45,1484.2857142857142
02-17 05:00,1484.2857142857142
02-17 05:15,1484.2857142857142
02-17 05:30,1484.2857142857142
02-17 05:45,1484.2857142857142
02-17 06:00,1874.085476882857
02-17 06:15,2180.054309964285
02-17 06:30,1655.7378461871428
02-17 06:45,2028.3723652471429
02-17 07:00,279.7988414000002
02-17 07:15,623.2942100857146
02-17 07:30,2599.4279758857147
02-17 07:45,2298.890340828572
02-17 08:00,5840.993083157144
02-17 08:15,6582.307684928572
02-17 08:30,3218.887116914286
02-17 08:45,2574.154461657143
02-17 09:00,7374.503188385715
02-17 09:15,2439.4480657000004
02-17 09:30,10773.72335855714
02-17 09:45,2497.5579424714288
02-17 10:00,9100.833615271427
02-17 10:15,18653.87033142857
02-17 10:30,18825.110263714287
02-17 10:45,7962.792838271428
02-17 11:00,20635.653906428568
02-17 11:15,16070.564162571429
02-17 11:30,20436.79500757143
02-17 11:45,12119.374129957145
02-17 12:00,8814.134165128571
02-17 12:15,11874.080092628572
02-17 12:30,16008.668529142857
02-17 12:45,19149.32339785714
02-17 13:00,11489.329028528571
02-17 13:15,9061.670924742855
02-17 13:30,7996.522857885714
02-17 13:45,9213.0255643
02-17 14:00,10150.688933614285
02-17 14:15,10698.615578742856
02-17 14:30,9739.883527914286
02-17 14:45,5489.039555657144
02-17 15:00,10616.581275657143
02-17 15:15,9959.327268285711
02-17 15:30,8894.9598547
02-17 15:45,10349.874713671428
02-17 16:00,7268.341801957143
02-17 16:15,8866.0521566
02-17 16:30,8274.190322900002
02-17 16:45,5145.033774185715
02-17 17:00,3496.318278357144
02-17 17:15,1921.136232928572
02-17 17:30,11020.52573162857
02-17 17:45,3779.779457042857
02-17 18:00,0.0
02-17 18:15,2690.0322522285715
02-17 18:30,8695.350492828573
02-17 18:45,655.166821957143
02-17 19:00,4795.355464442859
02-17 19:15,0.0
02-17 19:30,418.68838838571446
02-17 19:45,3694.2988481
02-17 20:00,7284.064983900001
02-17 20:15,3548.2102280000004
02-17 20:30,8629.256315985716
02-17 20:45,1074.718681414286
02-17 21:00,1484.2857142857142
02-17 21:15,6766.135996857143
02-17 21:30,2349.672962472857
02-17 21:45,1484.2857142857142
02-17 22:00,0.0
02-17 22:15,0.0
02-17 22:30,0.0
02-17 22:45,3935.629746657143
02-17 23:00,2082.857988764286
02-17 23:15,2066.4841006857146
02-17 23:30,1484.2857142857142
02-17 23:45,2302.4944099257145
02-18 00:00,0.0
02-18 00:15,0.0
02-18 00:30,0.0
02-18 00:45,0.0
02-18 01:00,1484.2857142857142
02-18 01:15,1484.2857142857142
02-18 01:30,1484.2857142857142
02-18 01:45,1484.2857142857142
02-18 02:00,1484.2857142857142
02-18 02:15,1484.2857142857142
02-18 02:30,1484.2857142857142
02-18 02:45,1484.2857142857142
02-18 03:00,1484.2857142857142
02-18 03:15,1954.6731368271428
02-18 03:30,1484.2857142857142
02-18 03:45,1484.2857142857142
02-18 04:00,0.0
02-18 04:15,1212.98848502571
02-18 04:30,1484.2857142857142
02-18 04:45,7942.098614428572
02-18 05:00,0.0
02-18 05:15,1856.2337967085768
02-18 05:30,7757.766268657144
02-18 05:45,1943.5733530671428
02-18 06:00,10534.972428957144
02-18 06:15,5978.944225057144
02-18 06:30,10992.16372087143
02-18 06:45,2710.5416290571434
02-18 07:00,9754.648175657145
02-18 07:15,9140.788896371429
02-18 07:30,12055.347233542858
02-18 07:45,13391.473488714286
02-18 08:00,14792.486746857145
02-18 08:15,21921.312876714288
02-18 08:30,6277.532982328572
02-18 08:45,25019.12359914285
02-18 09:00,6927.789017628572
02-18 09:15,1764.794117214286
02-18 09:30,8259.420983914286
02-18 09:45,17755.04811014286
02-18 10:00,5860.867672614287
02-18 10:15,5026.289178928572
02-18 10:30,2507.605531428572
02-18 10:45,28.5610029857145
02-18 11:00,3679.450878428572
02-18 11:15,8423.432874142858
02-18 11:30,1255.113209642857
02-18 11:45,13085.908797428572
02-18 12:00,5964.528031285715
02-18 12:15,6338.685049785714
02-18 12:30,17349.328743
02-18 12:45,7498.811184657143
02-18 13:00,14180.65269132857
02-18 13:15,17354.465337714286
02-18 13:30,13376.142439542857
02-18 13:45,6192.0991779000005
02-18 14:00,15641.48603471433
02-18 14:15,17061.866042142858
02-18 14:30,3494.3404284571425
02-18 14:45,14778.123581414284
02-18 15:00,1730.1315516285715
02-18 15:15,21132.21373814286
02-18 15:30,6004.572568071429
02-18 15:45,2646.868764928571
02-18 16:00,23483.33335628571
02-18 16:15,2592.959864414286
02-18 16:30,6324.615309471429
02-18 16:45,1285.571782614286
02-18 17:00,7637.708092328571
02-18 17:15,5466.641992814287
02-18 17:30,14058.540518428572
02-18 17:45,7383.58478197143
02-18 18:00,8409.444027814287
02-18 18:15,2604.6742688
02-18 18:30,7349.106924428572
02-18 18:45,875.3126442285716
02-18 19:00,9642.8501296
02-18 19:15,3503.091929471429
02-18 19:30,1969.4857359428568
02-18 19:45,8389.876975885716
02-18 20:00,4499.592302357143
02-18 20:15,5676.018761100001
02-18 20:30,0.0
02-18 20:45,296.8002060714288
02-18 21:00,4588.832649414286
02-18 21:15,2578.4843556200003
02-18 21:30,0.0
02-18 21:45,5398.580032657143
02-18 22:00,3764.319287071429
02-18 22:15,0.0
02-18 22:30,195.7090000785716
02-18 22:45,0.0
02-18 23:00,1859.01478668
02-18 23:15,1484.2857142857142
02-18 23:30,1484.2857142857142
02-18 23:45,1937.71069886
02-19 00:00,6068.922617114286
02-19 00:15,1484.2857142857142
02-19 00:30,1484.2857142857142
02-19 00:45,1484.2857142857142
02-19 01:00,1484.2857142857142
02-19 01:15,1484.2857142857142
02-19 01:30,1484.2857142857142
02-19 01:45,1484.2857142857142
02-19 02:00,1484.2857142857142
02-19 02:15,1484.2857142857142
02-19 02:30,2177.520117308571
02-19 02:45,1484.2857142857142
02-19 03:00,1484.2857142857142
02-19 03:15,2238.066769432857
02-19 03:30,1970.2148649728567
02-19 03:45,5592.488626228572
02-19 04:00,2115.0823654557144
02-19 04:15,1484.2857142857142
02-19 04:30,1484.2857142857142
02-19 04:45,2189.9022818814283
02-19 05:00,1953.3136328457144
02-19 05:15,1484.2857142857142
02-19 05:30,1484.2857142857142
02-19 05:45,7324.4686544
02-19 06:00,1800.6691798714285
02-19 06:15,1862.8395234857144
02-19 06:30,5926.305207942859
02-19 06:45,770.0398561285717
02-19 07:00,10995.293703228572
02-19 07:15,7159.178763728572
02-19 07:30,3233.7934588000003
02-19 07:45,7680.633633285715
02-19 08:00,11774.6265207
02-19 08:15,5066.846597757143
02-19 08:30,7376.631282600001
02-19 08:45,2998.5048055142856
02-19 09:00,8362.623136342858
02-19 09:15,15236.895312714283
02-19 09:30,9365.252861028574
02-19 09:45,5922.359031257143
02-19 10:00,4408.058102342858
02-19 10:15,12960.633126285717
02-19 10:30,5297.233276714286
02-19 10:45,1000.3246655714288
02-19 11:00,3941.489857228572
02-19 11:15,15209.799938085716
02-19 11:30,5391.497246914287
02-19 11:45,5880.833540914286
02-19 12:00,10890.279271414289
02-19 12:15,12585.168758185717
02-19 12:30,17427.106480857143
02-19 12:45,13007.8562819
02-19 13:00,9277.442447542857
02-19 13:15,19020.82514985714
02-19 13:30,15661.302950185716
02-19 13:45,11389.015416985714
02-19 14:00,18036.83156571429
02-19 14:15,3121.8690447714284
02-19 14:30,13289.028160085714
02-19 14:45,10456.367092557142
02-19 15:00,8966.136411142857
02-19 15:15,4727.581231257143
02-19 15:30,19351.72486642857
02-19 15:45,11386.844165557142
02-19 16:00,3816.5459263571424
02-19 16:15,3033.6631639428574
02-19 16:30,7542.021762
02-19 16:45,3219.1667959285714
02-19 17:00,6643.861156257143
02-19 17:15,6124.19103017143
02-19 17:30,10916.703080171428
02-19 17:45,2491.5188991000005
02-19 18:00,525.1835445285716
02-19 18:15,5646.44041157143
02-19 18:30,10546.19148
02-19 18:45,2351.030127742857
02-19 19:00,431.79387744285714
02-19 19:15,0.0
02-19 19:30,3211.145238957143
02-19 19:45,4579.654741557143
02-19 20:00,0.0
02-19 20:15,0.0
02-19 20:30,3328.1293720142867
02-19 20:45,0.0
02-19 21:00,0.0
02-19 21:15,3560.638779371429
02-19 21:30,11402.990489514288
02-19 21:45,0.0
02-19 22:00,2638.788829134286
02-19 22:15,2007.2556131014285
02-19 22:30,3784.097156642811
02-19 22:45,2145.3521770314287
02-19 23:00,2081.7744604071427
02-19 23:15,3761.2073646428576
02-19 23:30,2133.2430174557144
02-19 23:45,1985.260646867143
02-20 00:00,1484.2857142857142
02-20 00:15,1956.932319818572
02-20 00:30,1484.2857142857142
02-20 00:45,1484.2857142857142
02-20 01:00,1484.2857142857142
02-20 01:15,1484.2857142857142
02-20 01:30,1484.2857142857142
02-20 01:45,1484.2857142857142
02-20 02:00,1484.2857142857142
02-20 02:15,1484.2857142857142
02-20 02:30,1484.2857142857142
02-20 02:45,4755.286284371428
02-20 03:00,1484.2857142857142
02-20 03:15,1484.2857142857142
02-20 03:30,1972.88750541
02-20 03:45,5509.883611057142
02-20 04:00,1484.2857142857142
02-20 04:15,2107.0719855042857
02-20 04:30,2203.9839353614284
02-20 04:45,1950.7309538885715
02-20 05:00,1484.2857142857142
02-20 05:15,1484.2857142857142
02-20 05:30,6356.266764471429
02-20 05:45,2031.9350741842857
02-20 06:00,17387.479790857145
02-20 06:15,10718.504671042858
02-20 06:30,1649.6927539285716
02-20 06:45,1209.0613002428574
02-20 07:00,2129.828865571429
02-20 07:15,3386.2652113
02-20 07:30,1428.5627043999998
02-20 07:45,9831.1597174
02-20 08:00,1107.6694770571432
02-20 08:15,5147.7334691000015
02-20 08:30,12578.153298085716
02-20 08:45,12634.205124757143
02-20 09:00,7279.452313857144
02-20 09:15,2851.7933675000004
02-20 09:30,11352.988654014289
02-20 09:45,11392.651615428573
02-20 10:00,2563.704425457144
02-20 10:15,10726.236625
02-20 10:30,6652.429093642857
02-20 10:45,4805.008278971429
02-20 11:00,11281.524153200002
02-20 11:15,18656.99521214286
02-20 11:30,7765.555124142857
02-20 11:45,5725.935697942858
02-20 12:00,10135.496769585714
02-20 12:15,8364.149567971428
02-20 12:30,8263.696155042859
02-20 12:45,9877.356103285712
02-20 13:00,3115.8654552571425
02-20 13:15,5487.233882814286
02-20 13:30,4864.004171928571
02-20 13:45,13175.54451215714
02-20 14:00,13440.280423642856
02-20 14:15,3353.790192271428
02-20 14:30,2190.555077574331
02-20 14:45,12189.933511357143
02-20 15:00,24193.26564228571
02-20 15:15,2886.796427314286
02-20 15:30,2276.3963296
02-20 15:45,2291.959104914286
02-20 16:00,8824.367473128572
02-20 16:15,12264.521651585714
02-20 16:30,16885.129591571433
02-20 16:45,21424.98378857143
02-20 17:00,20054.051237571428
02-20 17:15,18740.890574857145
02-20 17:30,2965.450389442857
02-20 17:45,8213.119749457144
02-20 18:00,0.0
02-20 18:15,2903.5000092142864
02-20 18:30,0.0
02-20 18:45,5984.303642885715
02-20 19:00,0.0
02-20 19:15,643.5862562428573
02-20 19:30,1726.2420969857144
02-20 19:45,2404.875843942857
02-20 20:00,4231.152612728572
02-20 20:15,3546.0969503
02-20 20:30,0.0
02-20 20:45,558.5005622714286
02-20 21:00,5114.1902175714295
02-20 21:15,2815.7983670857143
02-20 21:30,317.7915955442857
02-20 21:45,384.72242599142857
02-20 22:00,0.0
02-20 22:15,0.0
02-20 22:30,3489.078559071429
02-20 22:45,0.0
02-20 23:00,1484.2857142857142
02-20 23:15,1484.2857142857142
02-20 23:30,1909.6351911628567
02-20 23:45,1484.2857142857142
02-21 00:00,1923.981816604286
02-21 00:15,1484.2857142857142
02-21 00:30,1484.2857142857142
02-21 00:45,1997.553606365714
02-21 01:00,1484.2857142857142
02-21 01:15,1484.2857142857142
02-21 01:30,1484.2857142857142
02-21 01:45,1484.2857142857142
02-21 02:00,1484.2857142857142
02-21 02:15,1484.2857142857142
02-21 02:30,1484.2857142857142
02-21 02:45,1484.2857142857142
02-21 03:00,1484.2857142857142
02-21 03:15,1484.2857142857142
02-21 03:30,2281.45550871
02-21 03:45,1973.6846771857145
02-21 04:00,1484.2857142857142
02-21 04:15,7801.006550571427
02-21 04:30,2137.8550154157147
02-21 04:45,2593.93884743
02-21 05:00,2780.15577827
02-21 05:15,8728.578845557144
02-21 05:30,1854.055770112857
02-21 05:45,3172.788441342857
02-21 06:00,8635.550380214287
02-21 06:15,713.4175421714287
02-21 06:30,3484.457228771429
02-21 06:45,219.49191040000008
02-21 07:00,800.479931314286
02-21 07:15,4112.7192879
02-21 07:30,6628.375506200001
02-21 07:45,8517.35015167143
02-21 08:00,5127.863666528572
02-21 08:15,3322.206841685715
02-21 08:30,6019.497620828572
02-21 08:45,17279.066943142858
02-21 09:00,12228.8302329
02-21 09:15,3497.1694084
02-21 09:30,10875.412356685714
02-21 09:45,3447.8115618142856
02-21 10:00,12166.283913542857
02-21 10:15,11559.332433800002
02-21 10:30,6263.71839552138
02-21 10:45,3373.0777328714294
02-21 11:00,5884.179301328571
02-21 11:15,6320.961873828572
02-21 11:30,6913.968078157142
02-21 11:45,5577.442797542857
02-21 12:00,7938.281110785714
02-21 12:15,8393.605711742855
02-21 12:30,3717.702210042857
02-21 12:45,3793.9460194142857
02-21 13:00,12119.005006942858
02-21 13:15,3889.343858142857
02-21 13:30,12666.8109316
02-21 13:45,15490.378013357144
02-21 14:00,4794.081434142857
02-21 14:15,3896.2278107
02-21 14:30,7302.833828014285
02-21 14:45,5410.9303996
02-21 15:00,18020.022461428573
02-21 15:15,6392.9915240142855
02-21 15:30,16459.861652
02-21 15:45,9323.68434192857
02-21 16:00,20199.365050714285
02-21 16:15,2781.2439025714284
02-21 16:30,3008.0670622714283
02-21 16:45,12183.384195814288
02-21 17:00,3168.9039031
02-21 17:15,7919.309986728573
02-21 17:30,9412.57282774286
02-21 17:45,3285.771543200001
02-21 18:00,9170.329249514283
02-21 18:15,9587.354947471433
02-21 18:30,6621.101588057143
02-21 18:45,9518.219220528574
02-21 19:00,1986.713169928572
02-21 19:15,0.0
02-21 19:30,0.0
02-21 19:45,4518.278315485714
02-21 20:00,0.0
02-21 20:15,0.0
02-21 20:30,0.0
02-21 20:45,0.0
02-21 21:00,0.0
02-21 21:15,0.0
02-21 21:30,5816.843700314286
02-21 21:45,947.366512114286
02-21 22:00,0.0
02-21 22:15,0.0
02-21 22:30,0.0
02-21 22:45,3332.1929651857145
02-21 23:00,1484.2857142857142
02-21 23:15,1864.98540886
02-21 23:30,1908.242746235714
02-21 23:45,1484.2857142857142
02-22 00:00,2191.626049474286
02-22 00:15,1484.2857142857142
02-22 00:30,2089.804194838571
02-22 00:45,2940.8994810142863
02-22 01:00,2072.2282036457145
02-22 01:15,1484.2857142857142
02-22 01:30,1484.2857142857142
02-22 01:45,2237.5750931971425
02-22 02:00,1484.2857142857142
02-22 02:15,1484.2857142857142
02-22 02:30,5703.057769285714
02-22 02:45,1484.2857142857142
02-22 03:00,1484.2857142857142
02-22 03:15,1484.2857142857142
02-22 03:30,1484.2857142857142
02-22 03:45,1484.2857142857142
02-22 04:00,1484.2857142857142
02-22 04:15,1484.2857142857142
02-22 04:30,1484.2857142857142
02-22 04:45,1484.2857142857142
02-22 05:00,1484.2857142857142
02-22 05:15,1484.2857142857142
02-22 05:30,5830.997317428572
02-22 05:45,2011.9948872714283
02-22 06:00,22250.997129142856
02-22 06:15,4631.8933508
02-22 06:30,0.0
02-22 06:45,12914.021038428573
02-22 07:00,6440.977091028572
02-22 07:15,16476.24713114286
02-22 07:30,0.0
02-22 07:45,8538.938249057144
02-22 08:00,12021.062355985716
02-22 08:15,10815.95535
02-22 08:30,5296.801085242858
02-22 08:45,15445.509416142855
02-22 09:00,17307.68587428572
02-22 09:15,8778.597075457143
02-22 09:30,8598.671501114286
02-22 09:45,18429.34673342857
02-22 10:00,3106.8374593
02-22 10:15,10522.968872357143
02-22 10:30,7023.355119757143
02-22 10:45,10455.422563942857
02-22 11:00,3286.705643014286
02-22 11:15,18509.51791971429
02-22 11:30,16684.707531285716
02-22 11:45,18155.16814
02-22 12:00,6930.938105457143
02-22 12:15,8093.065985385715
02-22 12:30,2790.821014914286
02-22 12:45,13184.048125
02-22 13:00,12779.2904289
02-22 13:15,18948.489894714286
02-22 13:30,3260.0865710714293
02-22 13:45,2793.031770171429
02-22 14:00,5384.6213428142855
02-22 14:15,15430.943514771428
02-22 14:30,9298.7483048
02-22 14:45,12157.184006985712
02-22 15:00,6173.972923
02-22 15:15,5958.973346671428
02-22 15:30,16772.437213285717
02-22 15:45,15645.211187971428
02-22 16:00,11835.826538128573
02-22 16:15,6166.839770185714
02-22 16:30,6947.343030885714
02-22 16:45,15021.304724024329
02-22 17:00,4670.666770542858
02-22 17:15,19407.30744642857
02-22 17:30,7412.834332771429
02-22 17:45,23790.04249571428
02-22 18:00,24077.412446
02-22 18:15,2065.883344257143
02-22 18:30,5544.033565014287
02-22 18:45,3089.056311057143
02-22 19:00,6378.3174686
02-22 19:15,56.53572085714296
02-22 19:30,166.31967804285728
02-22 19:45,0.0
02-22 20:00,2554.5734307942857
02-22 20:15,11618.672806328572
02-22 20:30,1876.3118639214283
02-22 20:45,7308.8459504
02-22 21:00,2891.824202537143
02-22 21:15,4482.0992695714285
02-22 21:30,1922.678434542857
02-22 21:45,2502.2848501357144
02-22 22:00,182.56592661428587
02-22 22:15,0.0
02-22 22:30,0.0
02-22 22:45,510.9713502000002
02-22 23:00,1775.9356522857145
02-22 23:15,1747.704896394286
02-22 23:30,0.0
02-22 23:45,4964.412651514286
02-23 00:00,1115.3206067657145
02-23 00:15,5463.108913041428
02-23 00:30,0.0
02-23 00:45,0.0
02-23 01:00,1484.2857142857142
02-23 01:15,1484.2857142857142
02-23 01:30,2031.6582089542856
02-23 01:45,1484.2857142857142
02-23 02:00,1755.0523275085711
02-23 02:15,2369.5133755014285
02-23 02:30,1484.2857142857142
02-23 02:45,2561.18702147
02-23 03:00,1484.2857142857142
02-23 03:15,1484.2857142857142
02-23 03:30,7542.216843242857
02-23 03:45,5013.5381752
02-23 04:00,2200.6605681285714
02-23 04:15,1484.2857142857142
02-23 04:30,1484.2857142857142
02-23 04:45,2155.200646594286
02-23 05:00,7205.427603342857
02-23 05:15,6371.792556185714
02-23 05:30,1971.749463918572
02-23 05:45,7545.894400628571
02-23 06:00,1829.736618728572
02-23 06:15,2895.806517134286
02-23 06:30,7174.705006800001
02-23 06:45,2567.3227007971427
02-23 07:00,0.0
02-23 07:15,2342.399981214286
02-23 07:30,2093.865953728572
02-23 07:45,1482.0587484285716
02-23 08:00,4714.739019614286
02-23 08:15,10260.737153985714
02-23 08:30,12019.4872852
02-23 08:45,1525.0313209
02-23 09:00,8844.427981542858
02-23 09:15,3607.8622941857134
02-23 09:30,8314.265591042858
02-23 09:45,7480.831793785715
02-23 10:00,3381.8773355142857
02-23 10:15,10549.695016642858
02-23 10:30,3180.6036623
02-23 10:45,6746.207582042857
02-23 11:00,7021.614935642857
02-23 11:15,8135.371930685715
02-23 11:30,4305.869846171428
02-23 11:45,16684.446327081423
02-23 12:00,17536.82509242857
02-23 12:15,8564.738801114287
02-23 12:30,11705.320816471429
02-23 12:45,5376.218217957144
02-23 13:00,21496.61364528572
02-23 13:15,12283.961836328572
02-23 13:30,5287.420806357143
02-23 13:45,6728.355605714286
02-23 14:00,16330.115714714286
02-23 14:15,11472.861348571429
02-23 14:30,6248.904417457143
02-23 14:45,7161.755627814287
02-23 15:00,12579.182236071429
02-23 15:15,6204.036165185715
02-23 15:30,6715.696842328572
02-23 15:45,13070.1887497
02-23 16:00,5338.208514657144
02-23 16:15,12990.82473814286
02-23 16:30,16788.52947957143
02-23 16:45,9843.438368728572
02-23 17:00,13814.878598857144
02-23 17:15,6452.149352742857
02-23 17:30,11201.121747657144
02-23 17:45,2572.228587828572
02-23 18:00,4207.337961828572
02-23 18:15,0.0
02-23 18:30,210.09405824285724
02-23 18:45,3120.0959654
02-23 19:00,2790.2609556
02-23 19:15,5003.265603942858
02-23 19:30,2045.6251420571432
02-23 19:45,3341.289945485714
02-23 20:00,512.0985846857143
02-23 20:15,0.0
02-23 20:30,376.0952909857144
02-23 20:45,0.0
02-23 21:00,152.43412260000002
02-23 21:15,0.0
02-23 21:30,0.0
02-23 21:45,0.0
02-23 22:00,3619.1842162000007
02-23 22:15,10940.594062842858
02-23 22:30,0.0
02-23 22:45,6143.946227200001
02-23 23:00,0.0
02-23 23:15,0.0
02-23 23:30,0.0
02-23 23:45,0.0
02-24 00:00,0.0
02-24 00:15,1913.2590776
02-24 00:30,0.0
02-24 00:45,0.0
02-24 01:00,1484.2857142857142
02-24 01:15,1484.2857142857142
02-24 01:30,1484.2857142857142
02-24 01:45,1484.2857142857142
02-24 02:00,2831.120078717143
02-24 02:15,1484.2857142857142
02-24 02:30,7993.930483357142
02-24 02:45,4800.749772900001
02-24 03:00,1484.2857142857142
02-24 03:15,1484.2857142857142
02-24 03:30,1484.2857142857142
02-24 03:45,1484.2857142857142
02-24 04:00,1945.4683347571429
02-24 04:15,1484.2857142857142
02-24 04:30,1484.2857142857142
02-24 04:45,1484.2857142857142
02-24 05:00,1484.2857142857142
02-24 05:15,1484.2857142857142
02-24 05:30,1484.2857142857142
02-24 05:45,1484.2857142857142
02-24 06:00,1484.2857142857142
02-24 06:15,2003.8069864614288
02-24 06:30,1988.5993860957144
02-24 06:45,1484.2857142857142
02-24 07:00,5710.8901986142855
02-24 07:15,1439.7277763
02-24 07:30,0.0
02-24 07:45,111.36434238571454
02-24 08:00,1261.4256732
02-24 08:15,5284.750676514286
02-24 08:30,9315.455214385716
02-24 08:45,0.0
02-24 09:00,13391.519961714286
02-24 09:15,10551.001052414284
02-24 09:30,9327.767811314288
02-24 09:45,17503.402463285718
02-24 10:00,5223.450995442857
02-24 10:15,21342.989986668523
02-24 10:30,19724.481708
02-24 10:45,4708.965609528572
02-24 11:00,11976.999380457144
02-24 11:15,23994.657868
02-24 11:30,20057.68524157143
02-24 11:45,15847.355673
02-24 12:00,16482.954504999998
02-24 12:15,13833.8134173
02-24 12:30,19062.74740914286
02-24 12:45,25068.37059114286
02-24 13:00,6124.983010571428
02-24 13:15,17934.690818714284
02-24 13:30,3953.963401657143
02-24 13:45,25537.333980285715
02-24 14:00,9688.513625671429
02-24 14:15,11020.228148171427
02-24 14:30,10026.535254585711
02-24 14:45,12234.75611764286
02-24 15:00,24256.109240857146
02-24 15:15,28464.129840857146
02-24 15:30,5916.342186114285
02-24 15:45,22478.68778342857
02-24 16:00,21955.28602742857
02-24 16:15,9809.2482629
02-24 16:30,11127.542411842856
02-24 16:45,12465.41955085714
02-24 17:00,939.2443043857144
02-24 17:15,5849.674485542857
02-24 17:30,1981.5130541
02-24 17:45,306.36278617142864
02-24 18:00,1950.974369671429
02-24 18:15,7302.169737971429
02-24 18:30,8539.466281271429
02-24 18:45,0.0
02-24 19:00,0.0
02-24 19:15,6470.942595742858
02-24 19:30,2001.326916928572
02-24 19:45,0.0
02-24 20:00,863.2656801857145
02-24 20:15,364.5064765142858
02-24 20:30,0.0
02-24 20:45,8356.509678042856
02-24 21:00,0.0
02-24 21:15,0.0
02-24 21:30,0.0
02-24 21:45,0.0
02-24 22:00,0.0
02-24 22:15,0.0
02-24 22:30,0.0
02-24 22:45,0.0
02-24 23:00,0.0
02-24 23:15,0.0
02-24 23:30,0.0
02-24 23:45,0.0
02-25 00:00,1484.2857142857142
02-25 00:15,261.57401164713434
02-25 00:30,0.0
02-25 00:45,0.0
02-25 01:00,1484.2857142857142
02-25 01:15,1484.2857142857142
02-25 01:30,1484.2857142857142
02-25 01:45,1484.2857142857142
02-25 02:00,1484.2857142857142
02-25 02:15,1484.2857142857142
02-25 02:30,1484.2857142857142
02-25 02:45,1484.2857142857142
02-25 03:00,1484.2857142857142
02-25 03:15,1484.2857142857142
02-25 03:30,1484.2857142857142
02-25 03:45,1484.2857142857142
02-25 04:00,1911.9815189971428
02-25 04:15,2142.9233200214285
02-25 04:30,2119.094469598572
02-25 04:45,2033.452274898572
02-25 05:00,0.0
02-25 05:15,1148.4329229285731
02-25 05:30,143.41712285714283
02-25 05:45,1731.666152545714
02-25 06:00,703.5073136857143
02-25 06:15,0.0
02-25 06:30,6714.930305657143
02-25 06:45,1967.0959433000005
02-25 07:00,6065.711571700001
02-25 07:15,14033.103677571433
02-25 07:30,1711.4760482857146
02-25 07:45,18599.64692214286
02-25 08:00,2015.1449078428573
02-25 08:15,3783.3052592857152
02-25 08:30,4083.027524114286
02-25 08:45,8937.114747414285
02-25 09:00,9468.739519200002
02-25 09:15,1462.8751766571434
02-25 09:30,5709.361891542859
02-25 09:45,2292.2950299857143
02-25 10:00,8588.443766042858
02-25 10:15,6949.273659371429
02-25 10:30,13243.587017714286
02-25 10:45,3086.1054930857144
02-25 11:00,10378.014260385717
02-25 11:15,11520.090408128572
02-25 11:30,8693.568338957144
02-25 11:45,15971.883188884323
02-25 12:00,3530.6114402000003
02-25 12:15,3200.346212114285
02-25 12:30,3978.205160971428
02-25 12:45,3176.8796562714283
02-25 13:00,18914.845587857144
02-25 13:15,17293.56468585714
02-25 13:30,14196.702095357145
02-25 13:45,7241.651833857142
02-25 14:00,3714.7448710857134
02-25 14:15,26228.13393771429
02-25 14:30,11143.7951635
02-25 14:45,16766.597522285716
02-25 15:00,10447.4537427
02-25 15:15,10395.362246228571
02-25 15:30,6129.584327800001
02-25 15:45,5834.504985828572
02-25 16:00,9184.069504914283
02-25 16:15,1499.442539042857
02-25 16:30,5489.731764271429
02-25 16:45,20760.09242714286
02-25 17:00,7752.2431541
02-25 17:15,1206.7851578285715
02-25 17:30,13403.361308857144
02-25 17:45,8964.434524042857
02-25 18:00,6806.32292457143
02-25 18:15,16720.552953714287
02-25 18:30,0.0
02-25 18:45,7774.166928628571
02-25 19:00,9417.5757963
02-25 19:15,2734.5039327
02-25 19:30,1794.9868400714286
02-25 19:45,7321.9113851142865
02-25 20:00,7154.011827000001
02-25 20:15,0.0
02-25 20:30,89.8675459857144
02-25 20:45,6741.2924505857145
02-25 21:00,0.0
02-25 21:15,0.0
02-25 21:30,0.0
02-25 21:45,0.0
02-25 22:00,0.0
02-25 22:15,4114.906877014286
02-25 22:30,14169.382863857143
02-25 22:45,0.0
02-25 23:00,2302.230547611429
02-25 23:15,1484.2857142857142
02-25 23:30,1900.808729952857
02-25 23:45,2631.120210522857
02-26 00:00,1484.2857142857142
02-26 00:15,5630.447167585715
02-26 00:30,1484.2857142857142
02-26 00:45,1484.2857142857142
02-26 01:00,1484.2857142857142
02-26 01:15,1484.2857142857142
02-26 01:30,1484.2857142857142
02-26 01:45,2030.634149485714
02-26 02:00,1484.2857142857142
02-26 02:15,1484.2857142857142
02-26 02:30,1926.348150482857
02-26 02:45,1484.2857142857142
02-26 03:00,2197.038317104286
02-26 03:15,1484.2857142857142
02-26 03:30,2799.863341994286
02-26 03:45,1484.2857142857142
02-26 04:00,1770.3737264014285
02-26 04:15,1887.3498948
02-26 04:30,1994.8061469171428
02-26 04:45,2192.522812891428
02-26 05:00,1484.2857142857142
02-26 05:15,2298.56088068
02-26 05:30,4719.233980185715
02-26 05:45,1807.1042944814285
02-26 06:00,4811.82414437143
02-26 06:15,6064.074450814287
02-26 06:30,2423.546017271429
02-26 06:45,3217.9965313142857
02-26 07:00,11062.32534987143
02-26 07:15,3303.597227957144
02-26 07:30,1646.505845157143
02-26 07:45,3922.144434457143
02-26 08:00,5990.6916498142855
02-26 08:15,10573.084846157142
02-26 08:30,12357.75321422857
02-26 08:45,11791.584497985716
02-26 09:00,15775.195224428571
02-26 09:15,9063.599987385714
02-26 09:30,5472.365212514287
02-26 09:45,6555.301766442858
02-26 10:00,3197.3874745142857
02-26 10:15,1128.8120954285714
02-26 10:30,3128.6587004000007
02-26 10:45,5011.151769800002
02-26 11:00,11269.069446542857
02-26 11:15,14873.688136000002
02-26 11:30,11310.244824097144
02-26 11:45,17542.691785000003
02-26 12:00,15367.094817385714
02-26 12:15,8654.568919071427
02-26 12:30,5096.918522099999
02-26 12:45,7457.548284714285
02-26 13:00,4930.267689185714
02-26 13:15,10225.576423971428
02-26 13:30,9993.331586442857
02-26 13:45,9380.1477579
02-26 14:00,18810.892591857144
02-26 14:15,13298.942481371429
02-26 14:30,4897.1190526142855
02-26 14:45,17092.911633571428
02-26 15:00,3688.2853833285712
02-26 15:15,16860.786702428573
02-26 15:30,10976.231842214283
02-26 15:45,11083.354325842856
02-26 16:00,13314.680351
02-26 16:15,5817.502828057144
02-26 16:30,14936.42559457143
02-26 16:45,5274.1893025
02-26 17:00,18783.66987457143
02-26 17:15,1759.3441323000004
02-26 17:30,14846.871420857144
02-26 17:45,9038.193236957144
02-26 18:00,1592.983447842857
02-26 18:15,1000.639951114286
02-26 18:30,6328.349308685714
02-26 18:45,6845.177374285715
02-26 19:00,0.0
02-26 19:15,0.0
02-26 19:30,0.0
02-26 19:45,395.00460800000025
02-26 20:00,8866.7390187
02-26 20:15,0.0
02-26 20:30,2281.3923939714286
02-26 20:45,0.0
02-26 21:00,1534.580564414286
02-26 21:15,0.0
02-26 21:30,0.0
02-26 21:45,1878.5660202142856
02-26 22:00,406.6327291571431
02-26 22:15,0.0
02-26 22:30,0.0
02-26 22:45,0.0
02-26 23:00,2536.0545533971426
02-26 23:15,5059.863612871428
02-26 23:30,1484.2857142857142
02-26 23:45,1484.2857142857142
02-27 00:00,1484.2857142857142
02-27 00:15,1484.2857142857142
02-27 00:30,1484.2857142857142
02-27 00:45,7180.2265655
02-27 01:00,1484.2857142857142
02-27 01:15,2089.346920034286
02-27 01:30,1484.2857142857142
02-27 01:45,1484.2857142857142
02-27 02:00,1484.2857142857142
02-27 02:15,1484.2857142857142
02-27 02:30,1484.2857142857142
02-27 02:45,1484.2857142857142
02-27 03:00,1484.2857142857142
02-27 03:15,1484.2857142857142
02-27 03:30,1484.2857142857142
02-27 03:45,1484.2857142857142
02-27 04:00,1484.2857142857142
02-27 04:15,1950.2813353542856
02-27 04:30,7145.383016585714
02-27 04:45,2162.831809541429
02-27 05:00,3168.606170957144
02-27 05:15,0.0
02-27 05:30,0.0
02-27 05:45,230.78154964713755
02-27 06:00,2352.8537768857145
02-27 06:15,3482.109837128571
02-27 06:30,5045.093137042859
02-27 06:45,6391.209919999999
02-27 07:00,1905.2367270857144
02-27 07:15,542.0212283
02-27 07:30,12797.34822894286
02-27 07:45,11560.31384067143
02-27 08:00,1375.9307356857144
02-27 08:15,2388.2697601714285
02-27 08:30,10173.796542185715
02-27 08:45,15140.642565285714
02-27 09:00,6994.627831857144
02-27 09:15,12078.2176748
02-27 09:30,6302.46759997143
02-27 09:45,717.8676813000002
02-27 10:00,0.0
02-27 10:15,7853.039165828572
02-27 10:30,10709.207848585716
02-27 10:45,18599.777678714287
02-27 11:00,10718.017166285714
02-27 11:15,8480.939605814285
02-27 11:30,16133.997178999998
02-27 11:45,10642.2260935
02-27 12:00,11057.3912044
02-27 12:15,2632.5262228
02-27 12:30,2827.944874304286
02-27 12:45,8970.067119399999
02-27 13:00,7756.653176685714
02-27 13:15,11013.429070471428
02-27 13:30,11610.707860014283
02-27 13:45,5792.4290134
02-27 14:00,5733.766994528571
02-27 14:15,16522.38059742857
02-27 14:30,12284.498327828573
02-27 14:45,5087.8143827
02-27 15:00,8459.821575057143
02-27 15:15,4889.616103585714
02-27 15:30,7530.51078802857
02-27 15:45,13132.163742428573
02-27 16:00,2079.831038357144
02-27 16:15,8328.261720142857
02-27 16:30,18053.58074642857
02-27 16:45,2905.963422057143
02-27 17:00,3918.2158321714287
02-27 17:15,1029.1210507857145
02-27 17:30,3430.864250314285
02-27 17:45,3529.6146403142857
02-27 18:00,11479.070380014286
02-27 18:15,7179.540949528571
02-27 18:30,3610.587748657143
02-27 18:45,7382.0926944
02-27 19:00,4988.090505742857
02-27 19:15,4899.169943185715
02-27 19:30,8128.500992714286
02-27 19:45,5102.604876857144
02-27 20:00,3372.7949217000005
02-27 20:15,0.0
02-27 20:30,0.0
02-27 20:45,0.0
02-27 21:00,0.0
02-27 21:15,0.0
02-27 21:30,10327.261200414288
02-27 21:45,2000.4389156142856
02-27 22:00,2037.3709720942857
02-27 22:15,5746.585909857143
02-27 22:30,8712.652952357143
02-27 22:45,7368.205375742857
02-27 23:00,1484.2857142857142
02-27 23:15,1863.992411667143
02-27 23:30,1484.2857142857142
02-27 23:45,2019.2835790757144
02-28 00:00,1484.2857142857142
02-28 00:15,6383.159690914285
02-28 00:30,1484.2857142857142
02-28 00:45,1484.2857142857142
02-28 01:00,1484.2857142857142
02-28 01:15,2685.4075715014287
02-28 01:30,1484.2857142857142
02-28 01:45,1484.2857142857142
02-28 02:00,1484.2857142857142
02-28 02:15,2279.0516774328566
02-28 02:30,1484.2857142857142
02-28 02:45,1484.2857142857142
02-28 03:00,1806.977136495714
02-28 03:15,1484.2857142857142
02-28 03:30,1484.2857142857142
02-28 03:45,1484.2857142857142
02-28 04:00,2304.118904514285
02-28 04:15,2027.09899931
02-28 04:30,1906.6657870285712
02-28 04:45,2045.901189305714
02-28 05:00,2697.224384934286
02-28 05:15,2067.9826311285715
02-28 05:30,1887.3159808971427
02-28 05:45,3617.872080642857
02-28 06:00,987.1206127
02-28 06:15,1814.1472483428568
02-28 06:30,3156.313450014286
02-28 06:45,12098.688933
02-28 07:00,8596.433133157143
02-28 07:15,13250.704619857144
02-28 07:30,8941.239291400001
02-28 07:45,11651.158040157145
02-28 08:00,2077.050921928571
02-28 08:15,9815.831328485714
02-28 08:30,5860.3819786
02-28 08:45,7250.938311642858
02-28 09:00,20716.951361285715
02-28 09:15,654.0613343714288
02-28 09:30,2103.479975814286
02-28 09:45,5343.782307571429
02-28 10:00,4741.721813385714
02-28 10:15,0.0
02-28 10:30,12063.269614628573
02-28 10:45,10114.106395414286
02-28 11:00,6060.192959814286
02-28 11:15,3330.654158928572
02-28 11:30,4788.109728657143
02-28 11:45,6307.339636057142
02-28 12:00,9036.58525522857
02-28 12:15,19343.62745714286
02-28 12:30,17055.183906714286
02-28 12:45,5905.718822157143
02-28 13:00,6701.736734414286
02-28 13:15,3372.0978207571434
02-28 13:30,5814.796667571429
02-28 13:45,5412.575086885714
02-28 14:00,16808.556631714284
02-28 14:15,11027.278217185714
02-28 14:30,12177.458309957145
02-28 14:45,6663.249998957143
02-28 15:00,6183.336097014286
02-28 15:15,11419.255026742856
02-28 15:30,8052.653854057143
02-28 15:45,11760.297334028572
02-28 16:00,5337.109886700001
02-28 16:15,6622.304972371428
02-28 16:30,3199.1979605571432
02-28 16:45,14475.665071428572
02-28 17:00,3127.209008742857
02-28 17:15,13668.478443857144
02-28 17:30,3005.374807028571
02-28 17:45,2092.253070942857
02-28 18:00,3494.2411353428565
02-28 18:15,142.5230895571431
02-28 18:30,1112.8395248
02-28 18:45,10987.19786707143
02-28 19:00,0.0
02-28 19:15,8841.596493242858
02-28 19:30,0.0
02-28 19:45,68.74877601428592
02-28 20:00,0.0
02-28 20:15,185.9233953285717
02-28 20:30,2163.647907642857
02-28 20:45,0.0
02-28 21:00,5294.306241442858
02-28 21:15,0.0
02-28 21:30,0.0
02-28 21:45,0.0
02-28 22:00,0.0
02-28 22:15,0.0
02-28 22:30,0.0
02-28 22:45,3941.425023214286
02-28 23:00,1806.8093645271429
02-28 23:15,217.8249922442405
02-28 23:30,1484.2857142857142
02-28 23:45,1484.2857142857142
03-01 00:00,1484.2857142857142
03-01 00:15,1484.2857142857142
03-01 00:30,1942.4876064
03-01 00:45,2168.70452528
03-01 01:00,1921.848537248572
03-01 01:15,1484.2857142857142
03-01 01:30,1484.2857142857142
03-01 01:45,1484.2857142857142
03-01 02:00,1484.2857142857142
03-01 02:15,2195.649489505714
03-01 02:30,1899.9611023142857
03-01 02:45,1484.2857142857142
03-01 03:00,1484.2857142857142
03-01 03:15,1484.2857142857142
03-01 03:30,1484.2857142857142
03-01 03:45,1484.2857142857142
03-01 04:00,1484.2857142857142
03-01 04:15,1484.2857142857142
03-01 04:30,1484.2857142857142
03-01 04:45,1484.2857142857142
03-01 05:00,1484.2857142857142
03-01 05:15,1924.6016257542856
03-01 05:30,1484.2857142857142
03-01 05:45,2080.791085828572
03-01 06:00,13768.022535
03-01 06:15,13559.888784285717
03-01 06:30,5336.443500442857
03-01 06:45,14317.865626942856
03-01 07:00,4173.199060328571
03-01 07:15,5125.82067
03-01 07:30,9830.531208071428
03-01 07:45,1832.528883771429
03-01 08:00,720.4728421857145
03-01 08:15,1302.1404419714286
03-01 08:30,4815.740462457144
03-01 08:45,181.65960691428583
03-01 09:00,9236.209363885717
03-01 09:15,495.3242970285714
03-01 09:30,5820.695665142858
03-01 09:45,4378.247546
03-01 10:00,3485.052837914286
03-01 10:15,7849.880641300001
03-01 10:30,7811.621758714286
03-01 10:45,7468.548151728572
03-01 11:00,18742.663974000003
03-01 11:15,10769.855793385716
03-01 11:30,2613.1578976
03-01 11:45,983.627874014286
03-01 12:00,13741.39615085714
03-01 12:15,4052.002274442857
03-01 12:30,12490.980239785717
03-01 12:45,4005.588129328572
03-01 13:00,10112.765441071428
03-01 13:15,21048.795952000004
03-01 13:30,5121.890862657143
03-01 13:45,10213.86841204286
03-01 14:00,18565.44294171429
03-01 14:15,23052.136679857147
03-01 14:30,8552.488501000002
03-01 14:45,5862.006334721475
03-01 15:00,15795.899874714283
03-01 15:15,10522.922798657144
03-01 15:30,11434.115698128571
03-01 15:45,12212.93660057143
03-01 16:00,9479.487376542858
03-01 16:15,17817.950061857144
03-01 16:30,17965.861138
03-01 16:45,17927.87854757143
03-01 17:00,14177.03096957143
03-01 17:15,1530.456803257143
03-01 17:30,11387.742877199998
03-01 17:45,6329.913499328572
03-01 18:00,0.0
03-01 18:15,0.0
03-01 18:30,14774.485850285711
03-01 18:45,6222.621908828572
03-01 19:00,4469.935506457143
03-01 19:15,774.2592775857145
03-01 19:30,2701.534868985714
03-01 19:45,0.0
03-01 20:00,4415.200486585714
03-01 20:15,114.58803441428594
03-01 20:30,1543.9486684714286
03-01 20:45,0.0
03-01 21:00,7595.619222157144
03-01 21:15,6277.685633185715
03-01 21:30,10223.30817292857
03-01 21:45,0.0
03-01 22:00,3158.9491081857145
03-01 22:15,2613.07613836
03-01 22:30,5790.152092385714
03-01 22:45,0.0
03-01 23:00,2478.1010460114285
03-01 23:15,2943.1766498428574
03-01 23:30,4907.864822271429
03-01 23:45,592.0155653442857
03-02 00:00,2647.70765976
03-02 00:15,173.31547303999994
03-02 00:30,0.0
03-02 00:45,0.0
03-02 01:00,2813.782272492857
03-02 01:15,1484.2857142857142
03-02 01:30,97.84819523999931
03-02 01:45,1484.2857142857142
03-02 02:00,1484.2857142857142
03-02 02:15,1484.2857142857142
03-02 02:30,1941.24776808
03-02 02:45,1484.2857142857142
03-02 03:00,2099.527669431429
03-02 03:15,1484.2857142857142
03-02 03:30,1484.2857142857142
03-02 03:45,1484.2857142857142
03-02 04:00,1912.4793494028568
03-02 04:15,3490.8980645428574
03-02 04:30,2160.8854385857144
03-02 04:45,1953.030382432857
03-02 05:00,1484.2857142857142
03-02 05:15,1484.2857142857142
03-02 05:30,2123.898115614286
03-02 05:45,2230.4985273
03-02 06:00,2062.845894964285
03-02 06:15,1484.2857142857142
03-02 06:30,2875.57365221
03-02 06:45,2212.4949490371428
03-02 07:00,2438.1413150857147
03-02 07:15,0.0
03-02 07:30,4399.26748487143
03-02 07:45,2399.7697618285715
03-02 08:00,6011.690210728572
03-02 08:15,1376.2220137285713
03-02 08:30,0.0
03-02 08:45,0.0
03-02 09:00,12049.56278212857
03-02 09:15,1611.8476181714286
03-02 09:30,2426.490539257143
03-02 09:45,6971.823239800001
03-02 10:00,15919.931000857145
03-02 10:15,3412.640536857143
03-02 10:30,4695.714014471429
03-02 10:45,5407.374300014286
03-02 11:00,10790.630201185711
03-02 11:15,11256.056990414289
03-02 11:30,14864.790923428573
03-02 11:45,5370.015463728572
03-02 12:00,3286.075998571429
03-02 12:15,5151.168948128572
03-02 12:30,15070.54321514286
03-02 12:45,7040.704555442858
03-02 13:00,12762.804711014289
03-02 13:15,6366.547537471429
03-02 13:30,15231.49754352857
03-02 13:45,10880.1011519
03-02 14:00,20519.11085214285
03-02 14:15,9061.901972042857
03-02 14:30,15985.70614942857
03-02 14:45,7659.680372642858
03-02 15:00,6485.374899128571
03-02 15:15,12810.886771228572
03-02 15:30,14618.126707514286
03-02 15:45,19467.562034285715
03-02 16:00,13487.2544714
03-02 16:15,13609.66407909714
03-02 16:30,6371.340463785715
03-02 16:45,3068.4508754857147
03-02 17:00,6949.344849585716
03-02 17:15,12842.63920557143
03-02 17:30,2846.328538585715
03-02 17:45,5890.492350642858
03-02 18:00,4531.136200171429
03-02 18:15,0.0
03-02 18:30,0.0
03-02 18:45,765.2161097285717
03-02 19:00,4747.486216514286
03-02 19:15,5259.325096028572
03-02 19:30,694.7670071428573
03-02 19:45,0.0
03-02 20:00,6465.110750828572
03-02 20:15,2452.851220785714
03-02 20:30,3299.3503441000003
03-02 20:45,610.0748792042857
03-02 21:00,2094.5928591742854
03-02 21:15,660.5618469585717
03-02 21:30,0.0
03-02 21:45,0.0
03-02 22:00,2202.2128506285712
03-02 22:15,1303.6434188714286
03-02 22:30,3828.892503457143
03-02 22:45,4545.130187528572
03-02 23:00,335.3897645671429
03-02 23:15,8672.015441785714
03-02 23:30,6717.039991284286
03-02 23:45,0.0
03-03 00:00,0.0
03-03 00:15,624.1758285814285
03-03 00:30,1725.542281947143
03-03 00:45,0.0
03-03 01:00,0.0
03-03 01:15,0.0
03-03 01:30,0.0
03-03 01:45,0.0
03-03 02:00,1484.2857142857142
03-03 02:15,5593.894881600001
03-03 02:30,1484.2857142857142
03-03 02:45,1484.2857142857142
03-03 03:00,1484.2857142857142
03-03 03:15,1484.2857142857142
03-03 03:30,1484.2857142857142
03-03 03:45,6716.822962099999
03-03 04:00,2040.7666495542856
03-03 04:15,1484.2857142857142
03-03 04:30,1484.2857142857142
03-03 04:45,1484.2857142857142
03-03 05:00,1484.2857142857142
03-03 05:15,1484.2857142857142
03-03 05:30,1484.2857142857142
03-03 05:45,1484.2857142857142
03-03 06:00,1484.2857142857142
03-03 06:15,1962.85494426
03-03 06:30,1484.2857142857142
03-03 06:45,2806.49886868
03-03 07:00,1735.4882419342855
03-03 07:15,2217.3923674542857
03-03 07:30,4769.858871757142
03-03 07:45,9010.585002771428
03-03 08:00,3837.826418571429
03-03 08:15,4713.263744542857
03-03 08:30,8822.555145228573
03-03 08:45,7724.269558457142
03-03 09:00,7173.4770275142855
03-03 09:15,6487.789225342857
03-03 09:30,14999.932364842858
03-03 09:45,5834.324711971428
03-03 10:00,14733.409270900002
03-03 10:15,13718.166039428572
03-03 10:30,9148.817590285717
03-03 10:45,6055.136055457144
03-03 11:00,16972.869001285715
03-03 11:15,5434.502544228572
03-03 11:30,9583.107423985672
03-03 11:45,22839.95619928572
03-03 12:00,8206.077564185716
03-03 12:15,23381.48798971429
03-03 12:30,10703.249964228571
03-03 12:45,15046.573644857144
03-03 13:00,5710.526585057142
03-03 13:15,10998.702348085715
03-03 13:30,5914.151661857143
03-03 13:45,24937.52052957143
03-03 14:00,6665.6356863142855
03-03 14:15,8961.970939357143
03-03 14:30,4362.178943842858
03-03 14:45,3400.0060377142854
03-03 15:00,10222.421354014285
03-03 15:15,7748.444684200001
03-03 15:30,15302.880518428572
03-03 15:45,8869.825917785714
03-03 16:00,6290.618713528572
03-03 16:15,10307.017544914286
03-03 16:30,8893.119568500002
03-03 16:45,6022.896800371429
03-03 17:00,11734.431973714289
03-03 17:15,2229.0017843857145
03-03 17:30,10823.804431142857
03-03 17:45,15631.24859442857
03-03 18:00,641.6607787714287
03-03 18:15,3923.4422872
03-03 18:30,939.9198217428572
03-03 18:45,6305.631678771429
03-03 19:00,0.0
03-03 19:15,325.4383622714285
03-03 19:30,1352.0278457
03-03 19:45,595.0777922857145
03-03 20:00,5910.5234542
03-03 20:15,11615.17625922857
03-03 20:30,0.0
03-03 20:45,6085.137535614287
03-03 21:00,0.0
03-03 21:15,4601.704848200001
03-03 21:30,0.0
03-03 21:45,0.0
03-03 22:00,0.0
03-03 22:15,0.0
03-03 22:30,0.0
03-03 22:45,0.0
03-03 23:00,0.0
03-03 23:15,0.0
03-03 23:30,0.0
03-03 23:45,0.0
03-04 00:00,1850.75331521
03-04 00:15,1484.2857142857142
03-04 00:30,2419.186233497143
03-04 00:45,1484.2857142857142
03-04 01:00,1484.2857142857142
03-04 01:15,1484.2857142857142
03-04 01:30,1484.2857142857142
03-04 01:45,1484.2857142857142
03-04 02:00,1484.2857142857142
03-04 02:15,1484.2857142857142
03-04 02:30,1484.2857142857142
03-04 02:45,1484.2857142857142
03-04 03:00,7361.959067657141
03-04 03:15,2179.27664596
03-04 03:30,1484.2857142857142
03-04 03:45,1484.2857142857142
03-04 04:00,2188.7847627257142
03-04 04:15,2017.3858991942857
03-04 04:30,1484.2857142857142
03-04 04:45,1484.2857142857142
03-04 05:00,1159.1346366757084
03-04 05:15,2032.4688805914284
03-04 05:30,0.0
03-04 05:45,2395.331075781429
03-04 06:00,9777.697344457143
03-04 06:15,0.0
03-04 06:30,3089.288456200001
03-04 06:45,7604.53386957143
03-04 07:00,2666.593739557143
03-04 07:15,13.176084214285844
03-04 07:30,3737.902993628572
03-04 07:45,1030.6764491714289
03-04 08:00,5364.623654114286
03-04 08:15,5789.536182842858
03-04 08:30,1240.595877914286
03-04 08:45,3282.028973471429
03-04 09:00,6073.097491942858
03-04 09:15,9416.585341871429
03-04 09:30,2801.8732968000004
03-04 09:45,9641.715020457144
03-04 10:00,2423.4331373857144
03-04 10:15,16130.173564285717
03-04 10:30,3026.705093442857
03-04 10:45,6739.838148285714
03-04 11:00,15266.853855128573
03-04 11:15,4018.737208271429
03-04 11:30,10418.279694042856
03-04 11:45,8022.084710585715
03-04 12:00,9239.6100913
03-04 12:15,3567.7965797857146
03-04 12:30,5065.892655914286
03-04 12:45,10374.501391857142
03-04 13:00,4355.780046414285
03-04 13:15,5229.141133757143
03-04 13:30,5087.611409442858
03-04 13:45,9602.487114085716
03-04 14:00,12756.746102914283
03-04 14:15,3555.778018857143
03-04 14:30,8689.081583714285
03-04 14:45,15964.702510142855
03-04 15:00,12652.175496828571
03-04 15:15,7656.941136971429
03-04 15:30,6298.332717085715
03-04 15:45,6717.533074885715
03-04 16:00,11164.419607085716
03-04 16:15,12737.5850271
03-04 16:30,3076.8891122000005
03-04 16:45,2561.615384428572
03-04 17:00,6400.251534714286
03-04 17:15,7485.992724357144
03-04 17:30,17037.360702142858
03-04 17:45,3545.242837957143
03-04 18:00,5972.897669057144
03-04 18:15,1397.3746690428572
03-04 18:30,6414.355437614286
03-04 18:45,7850.354313000001
03-04 19:00,4251.923727
03-04 19:15,504.80015220000007
03-04 19:30,6291.292582557143
03-04 19:45,6751.158753114286
03-04 20:00,1001.283774614286
03-04 20:15,3210.4671366142857
03-04 20:30,145.17678995714306
03-04 20:45,2530.835378614286
03-04 21:00,0.0
03-04 21:15,0.0
03-04 21:30,592.6981785714288
03-04 21:45,0.0
03-04 22:00,1484.2857142857142
03-04 22:15,6820.347247185715
03-04 22:30,1484.2857142857142
03-04 22:45,1779.6739949614282
03-04 23:00,7400.847550871428
03-04 23:15,1484.2857142857142
03-04 23:30,2003.0362162314289
03-04 23:45,1484.2857142857142
03-05 00:00,1484.2857142857142
03-05 00:15,1871.7909958457144
03-05 00:30,2475.943393942857
03-05 00:45,1484.2857142857142
03-05 01:00,1484.2857142857142
03-05 01:15,1484.2857142857142
03-05 01:30,1484.2857142857142
03-05 01:45,1484.2857142857142
03-05 02:00,1484.2857142857142
03-05 02:15,4508.411794371429
03-05 02:30,1484.2857142857142
03-05 02:45,2264.73935774
03-05 03:00,2055.443555915714
03-05 03:15,1484.2857142857142
03-05 03:30,1484.2857142857142
03-05 03:45,1912.7679126314283
03-05 04:00,3132.267374942857
03-05 04:15,2194.485212768572
03-05 04:30,2586.1861486528574
03-05 04:45,1484.2857142857142
03-05 05:00,0.0
03-05 05:15,0.0
03-05 05:30,0.0
03-05 05:45,1512.5493528599968
03-05 06:00,7882.887535242859
03-05 06:15,2856.087151714285
03-05 06:30,7744.674138257144
03-05 06:45,5852.365899952903
03-05 07:00,2379.456671785714
03-05 07:15,2452.1831626857143
03-05 07:30,1710.821253857143
03-05 07:45,2702.3574020714286
03-05 08:00,5049.954099885715
03-05 08:15,6338.054156157143
03-05 08:30,14020.728218571432
03-05 08:45,1543.8196858571428
03-05 09:00,12280.983216285716
03-05 09:15,2194.1163739857147
03-05 09:30,5514.042858714287
03-05 09:45,3406.116287928572
03-05 10:00,11478.502922514288
03-05 10:15,7524.439848942857
03-05 10:30,4212.305001271428
03-05 10:45,13891.322184185714
03-05 11:00,3203.309783585714
03-05 11:15,4475.010959414286
03-05 11:30,9899.11463787143
03-05 11:45,13304.531878257145
03-05 12:00,11982.120344942856
03-05 12:15,4929.719034142857
03-05 12:30,7339.782798442857
03-05 12:45,11498.525065557144
03-05 13:00,19909.720754857142
03-05 13:15,5308.688657642859
03-05 13:30,5082.705789028571
03-05 13:45,5542.321108971429
03-05 14:00,19368.89532457143
03-05 14:15,5558.5924515
03-05 14:30,8769.24615354286
03-05 14:45,2817.8206838571427
03-05 15:00,5313.294438828572
03-05 15:15,7749.763013
03-05 15:30,560.1968861142859
03-05 15:45,20192.647002
03-05 16:00,12943.733278
03-05 16:15,9611.019034
03-05 16:30,2920.0530782571427
03-05 16:45,5898.794681357143
03-05 17:00,10761.439986300002
03-05 17:15,5386.780491085714
03-05 17:30,15950.234735285714
03-05 17:45,8383.85761877143
03-05 18:00,5237.022145328573
03-05 18:15,9571.909211885712
03-05 18:30,3051.294188457143
03-05 18:45,2623.856597142857
03-05 19:00,1331.3545001571429
03-05 19:15,670.4282887000002
03-05 19:30,74.0947546428572
03-05 19:45,9475.738775857144
03-05 20:00,231.4587613428573
03-05 20:15,3232.1734290428567
03-05 20:30,1393.7193327714283
03-05 20:45,0.0
03-05 21:00,0.0
03-05 21:15,0.0
03-05 21:30,0.0
03-05 21:45,0.0
03-05 22:00,0.0
03-05 22:15,0.0
03-05 22:30,0.0
03-05 22:45,0.0
03-05 23:00,0.0
03-05 23:15,0.0
03-05 23:30,0.0
03-05 23:45,0.0
03-06 00:00,0.0
03-06 00:15,0.0
03-06 00:30,0.0
03-06 00:45,0.0
03-06 01:00,1484.2857142857142
03-06 01:15,1484.2857142857142
03-06 01:30,1484.2857142857142
03-06 01:45,1484.2857142857142
03-06 02:00,1484.2857142857142
03-06 02:15,1484.2857142857142
03-06 02:30,1484.2857142857142
03-06 02:45,1484.2857142857142
03-06 03:00,1484.2857142857142
03-06 03:15,1968.7497526314285
03-06 03:30,1484.2857142857142
03-06 03:45,1484.2857142857142
03-06 04:00,1911.5875516371425
03-06 04:15,1484.2857142857142
03-06 04:30,1484.2857142857142
03-06 04:45,5504.309712985714
03-06 05:00,2301.976292242857
03-06 05:15,4387.609423157142
03-06 05:30,1809.683995687143
03-06 05:45,2143.5297382000003
03-06 06:00,219.60475828571447
03-06 06:15,2512.2476955714287
03-06 06:30,834.8708624428574
03-06 06:45,1192.9182207285717
03-06 07:00,13609.364840142858
03-06 07:15,899.4936387285715
03-06 07:30,8366.382862885715
03-06 07:45,5896.559502714286
03-06 08:00,9074.220895371427
03-06 08:15,5023.948301400001
03-06 08:30,2308.6410041857143
03-06 08:45,9618.262327457143
03-06 09:00,4586.7532944
03-06 09:15,16781.04628214286
03-06 09:30,5168.185437242858
03-06 09:45,6156.056479585715
03-06 10:00,7420.905997442854
03-06 10:15,6539.704569271428
03-06 10:30,2164.246495785714
03-06 10:45,1233.4416071571427
03-06 11:00,9050.321441042855
03-06 11:15,10553.307046185717
03-06 11:30,8685.502813271429
03-06 11:45,8984.598906842857
03-06 12:00,12411.120223871429
03-06 12:15,3164.291369585714
03-06 12:30,14200.648277699998
03-06 12:45,11207.32204322857
03-06 13:00,9740.412515242857
03-06 13:15,6858.642906614286
03-06 13:30,5556.351224128572
03-06 13:45,8647.573583414285
03-06 14:00,18019.005207
03-06 14:15,14750.139669900002
03-06 14:30,16055.600714285712
03-06 14:45,11697.931807071427
03-06 15:00,12119.446319028571
03-06 15:15,19591.41805928572
03-06 15:30,17882.220139714285
03-06 15:45,3550.648725728571
03-06 16:00,12737.953183
03-06 16:15,10135.594438714286
03-06 16:30,12764.952603028572
03-06 16:45,9701.602144685716
03-06 17:00,14474.138123857145
03-06 17:15,7928.3023793
03-06 17:30,11102.55265652857
03-06 17:45,15156.115112285715
03-06 18:00,8357.961931257143
03-06 18:15,21038.797223142858
03-06 18:30,9193.589141714288
03-06 18:45,933.3846977428572
03-06 19:00,4958.235639614286
03-06 19:15,2422.046953542857
03-06 19:30,4333.215980057143
03-06 19:45,3126.211494128571
03-06 20:00,1903.6246460142856
03-06 20:15,0.0
03-06 20:30,5191.468663085716
03-06 20:45,73.47674214285726
03-06 21:00,3793.432826
03-06 21:15,2203.4308102742857
03-06 21:30,2593.659883355714
03-06 21:45,1484.2857142857142
03-06 22:00,455.3728929714288
03-06 22:15,71.6088825000002
03-06 22:30,381.92341084285744
03-06 22:45,4310.382700542858
03-06 23:00,2125.6570348971427
03-06 23:15,1484.2857142857142
03-06 23:30,1484.2857142857142
03-06 23:45,5257.059608542857
03-07 00:00,1484.2857142857142
03-07 00:15,5171.289337285714
03-07 00:30,1484.2857142857142
03-07 00:45,1484.2857142857142
03-07 01:00,1484.2857142857142
03-07 01:15,1484.2857142857142
03-07 01:30,1484.2857142857142
03-07 01:45,1484.2857142857142
03-07 02:00,1484.2857142857142
03-07 02:15,1484.2857142857142
03-07 02:30,1484.2857142857142
03-07 02:45,2027.761116048572
03-07 03:00,1484.2857142857142
03-07 03:15,7714.660964742857
03-07 03:30,1484.2857142857142
03-07 03:45,1484.2857142857142
03-07 04:00,1484.2857142857142
03-07 04:15,2114.635557717143
03-07 04:30,2069.913963688571
03-07 04:45,1790.77610563
03-07 05:00,6051.052344757143
03-07 05:15,2302.690736282857
03-07 05:30,3102.386250471428
03-07 05:45,1842.9186182742856
03-07 06:00,5166.344218928572
03-07 06:15,8497.1050219
03-07 06:30,5531.2874489000005
03-07 06:45,16178.059668285716
03-07 07:00,3239.0592556142856
03-07 07:15,12277.721262157143
03-07 07:30,1735.8083154571434
03-07 07:45,1833.701389714286
03-07 08:00,685.9255004857145
03-07 08:15,3735.886560485714
03-07 08:30,10349.76799944286
03-07 08:45,17254.968975714288
03-07 09:00,10393.558403614288
03-07 09:15,12276.45622824286
03-07 09:30,4841.415432042858
03-07 09:45,4193.296496114286
03-07 10:00,2646.216349614286
03-07 10:15,2003.740921528572
03-07 10:30,14253.974968714285
03-07 10:45,0.0
03-07 11:00,2830.868730728572
03-07 11:15,6604.844409828571
03-07 11:30,1197.0877766142858
03-07 11:45,3502.243420971429
03-07 12:00,2541.1351262371427
03-07 12:15,9049.554891385716
03-07 12:30,5558.224125997141
03-07 12:45,7923.782287171429
03-07 13:00,9137.326526685716
03-07 13:15,15934.294716285713
03-07 13:30,5116.6420807
03-07 13:45,3277.626909971428
03-07 14:00,6062.515926485714
03-07 14:15,11537.354950242858
03-07 14:30,14880.54478635714
03-07 14:45,8171.141921814285
03-07 15:00,11236.642581128572
03-07 15:15,15352.341412171429
03-07 15:30,9749.038270942856
03-07 15:45,16653.841204
03-07 16:00,11115.057327914286
03-07 16:15,2210.7299951714285
03-07 16:30,10933.702386028574
03-07 16:45,3445.2630678571427
03-07 17:00,17370.970942571428
03-07 17:15,9316.964512542858
03-07 17:30,7195.62947987143
03-07 17:45,11698.503173457144
03-07 18:00,11978.503809314288
03-07 18:15,6284.211743
03-07 18:30,8908.077012985716
03-07 18:45,3520.579478000001
03-07 19:00,0.0
03-07 19:15,2500.0833421714287
03-07 19:30,1307.3054960571428
03-07 19:45,6643.679601457144
03-07 20:00,10597.89616732857
03-07 20:15,0.0
03-07 20:30,4006.806632871429
03-07 20:45,1247.740080814286
03-07 21:00,9582.750050014283
03-07 21:15,7134.327044271428
03-07 21:30,483.2745106285717
03-07 21:45,0.0
03-07 22:00,0.0
03-07 22:15,0.0
03-07 22:30,571.5165739428572
03-07 22:45,0.0
03-07 23:00,1484.2857142857142
03-07 23:15,2742.2689086914284
03-07 23:30,2270.394577704285
03-07 23:45,1484.2857142857142
03-08 00:00,1484.2857142857142
03-08 00:15,1484.2857142857142
03-08 00:30,1812.772553178572
03-08 00:45,2044.7884481328567
03-08 01:00,2030.1133347742857
03-08 01:15,2097.3265179185714
03-08 01:30,1484.2857142857142
03-08 01:45,1484.2857142857142
03-08 02:00,1484.2857142857142
03-08 02:15,1484.2857142857142
03-08 02:30,2456.720325557143
03-08 02:45,1484.2857142857142
03-08 03:00,1484.2857142857142
03-08 03:15,1484.2857142857142
03-08 03:30,1484.2857142857142
03-08 03:45,1484.2857142857142
03-08 04:00,1484.2857142857142
03-08 04:15,1484.2857142857142
03-08 04:30,1484.2857142857142
03-08 04:45,1484.2857142857142
03-08 05:00,1484.2857142857142
03-08 05:15,1970.777749595714
03-08 05:30,1484.2857142857142
03-08 05:45,3011.7019187857136
03-08 06:00,4633.563703685714
03-08 06:15,9241.656103885714
03-08 06:30,4905.086812814287
03-08 06:45,3146.147509685715
03-08 07:00,12272.954111414288
03-08 07:15,4166.098488014287
03-08 07:30,15155.656312428571
03-08 07:45,3296.330013857143
03-08 08:00,11553.865614014288
03-08 08:15,5234.437484657144
03-08 08:30,1073.0731692
03-08 08:45,6579.05033017143
03-08 09:00,9462.06363682857
03-08 09:15,11009.20629194286
03-08 09:30,6534.0736388000005
03-08 09:45,16626.495544142857
03-08 10:00,20355.541303714286
03-08 10:15,15443.100958471428
03-08 10:30,9923.876589614289
03-08 10:45,11827.57246637143
03-08 11:00,7858.004821085715
03-08 11:15,6616.894930238573
03-08 11:30,9525.702558014284
03-08 11:45,11213.240471485717
03-08 12:00,14840.626154471429
03-08 12:15,8635.196696542858
03-08 12:30,10009.2957658
03-08 12:45,14546.380275685711
03-08 13:00,12491.543348985711
03-08 13:15,10269.756847814286
03-08 13:30,10236.310892928572
03-08 13:45,15975.334744857144
03-08 14:00,21022.97690214285
03-08 14:15,14156.563422171426
03-08 14:30,11888.2953427
03-08 14:45,8206.796525242858
03-08 15:00,9226.1222571
03-08 15:15,14637.172720142857
03-08 15:30,8151.579193400002
03-08 15:45,20338.599864714288
03-08 16:00,8706.618786228571
03-08 16:15,18145.064683
03-08 16:30,9102.904458614286
03-08 16:45,15198.454689285714
03-08 17:00,7244.250343714287
03-08 17:15,12133.022365671428
03-08 17:30,5020.270326814286
03-08 17:45,9489.53119307143
03-08 18:00,7041.728239885716
03-08 18:15,6533.833467157144
03-08 18:30,15094.419164857143
03-08 18:45,2241.126024157143
03-08 19:00,4782.222967014286
03-08 19:15,0.0
03-08 19:30,1752.5292206857146
03-08 19:45,5672.281032642857
03-08 20:00,3051.002949057144
03-08 20:15,4806.848354971429
03-08 20:30,0.0
03-08 20:45,0.0
03-08 21:00,0.0
03-08 21:15,5173.756049314286
03-08 21:30,0.0
03-08 21:45,0.0
03-08 22:00,0.0
03-08 22:15,148.06262245714288
03-08 22:30,0.0
03-08 22:45,0.0
03-08 23:00,2173.8169326428574
03-08 23:15,0.0
03-08 23:30,0.0
03-08 23:45,486.843581057143
03-09 00:00,0.0
03-09 00:15,0.0
03-09 00:30,0.0
03-09 00:45,2404.304956085715
03-09 01:00,0.0
03-09 01:15,1547.8359851028572
03-09 01:30,0.0
03-09 01:45,4717.528790071428
03-09 02:00,6296.487140414285
03-09 02:15,704.4135381371059
03-09 02:30,6315.530821799999
03-09 02:45,2164.7516860414285
03-09 03:00,2085.16774421
03-09 03:15,1634.0450638814286
03-09 03:30,2223.0830594728573
03-09 03:45,1484.2857142857142
03-09 04:00,1782.3099031571428
03-09 04:15,1484.2857142857142
03-09 04:30,1484.2857142857142
03-09 04:45,1484.2857142857142
03-09 05:00,1904.444348278572
03-09 05:15,1872.5089371685715
03-09 05:30,1484.2857142857142
03-09 05:45,1909.0788937714285
03-09 06:00,4099.130668642857
03-09 06:15,1760.000858562857
03-09 06:30,2028.1068631814287
03-09 06:45,2046.8403246814285
03-09 07:00,9735.0589837
03-09 07:15,7052.1268669857145
03-09 07:30,7933.097921585714
03-09 07:45,4148.767214271428
03-09 08:00,9778.291736628573
03-09 08:15,0.0
03-09 08:30,8911.787331714286
03-09 08:45,1978.649867957143
03-09 09:00,12788.75684814286
03-09 09:15,10126.585798628572
03-09 09:30,779.7816522285715
03-09 09:45,1192.7210661285717
03-09 10:00,11159.420253885715
03-09 10:15,7206.548040114287
03-09 10:30,14243.569585
03-09 10:45,11289.550697414286
03-09 11:00,6417.020999514287
03-09 11:15,17838.330412000003
03-09 11:30,9171.07186747143
03-09 11:45,17105.487200285716
03-09 12:00,14081.95159637143
03-09 12:15,6735.741625928571
03-09 12:30,12492.929244028574
03-09 12:45,13249.899082085714
03-09 13:00,3356.843396357143
03-09 13:15,8501.460129142855
03-09 13:30,8862.70583277143
03-09 13:45,9923.86902477143
03-09 14:00,12288.755361971427
03-09 14:15,6841.727279357143
03-09 14:30,3941.5140147714287
03-09 14:45,5458.974948214286
03-09 15:00,14321.900578185714
03-09 15:15,11379.543368171428
03-09 15:30,12493.36206645714
03-09 15:45,17956.038535714284
03-09 16:00,6137.123951142857
03-09 16:15,5914.336600442857
03-09 16:30,14311.8664252
03-09 16:45,12463.97685427143
03-09 17:00,1450.847565571429
03-09 17:15,907.7122476571428
03-09 17:30,3615.6996869285713
03-09 17:45,1013.4146260000005
03-09 18:00,1343.826171842857
03-09 18:15,0.0
03-09 18:30,568.4449933142857
03-09 18:45,431.62912904285736
03-09 19:00,10177.559403157144
03-09 19:15,0.0
03-09 19:30,660.1676862
03-09 19:45,5581.71807807143
03-09 20:00,0.0
03-09 20:15,0.0
03-09 20:30,0.0
03-09 20:45,610.6341902714288
03-09 21:00,0.0
03-09 21:15,0.0
03-09 21:30,2.9339942428571346
03-09 21:45,0.0
03-09 22:00,0.0
03-09 22:15,3167.382087157143
03-09 22:30,673.2089599571431
03-09 22:45,0.0
03-09 23:00,1484.2857142857142
03-09 23:15,1948.846390195714
03-09 23:30,2496.1616087757143
03-09 23:45,4139.031176985714
03-10 00:00,1926.5922354685715
03-10 00:15,1484.2857142857142
03-10 00:30,2593.23774682
03-10 00:45,1484.2857142857142
03-10 01:00,1484.2857142857142
03-10 01:15,1484.2857142857142
03-10 01:30,1484.2857142857142
03-10 01:45,1484.2857142857142
03-10 02:00,1484.2857142857142
03-10 02:15,1484.2857142857142
03-10 02:30,1484.2857142857142
03-10 02:45,1484.2857142857142
03-10 03:00,1484.2857142857142
03-10 03:15,1484.2857142857142
03-10 03:30,1484.2857142857142
03-10 03:45,1484.2857142857142
03-10 04:00,1484.2857142857142
03-10 04:15,2399.5806874742857
03-10 04:30,1484.2857142857142
03-10 04:45,1484.2857142857142
03-10 05:00,1484.2857142857142
03-10 05:15,1484.2857142857142
03-10 05:30,1484.2857142857142
03-10 05:45,1484.2857142857142
03-10 06:00,0.0
03-10 06:15,0.0
03-10 06:30,0.0
03-10 06:45,1085.4649290414277
03-10 07:00,0.0
03-10 07:15,8244.74514816571
03-10 07:30,495.2233876542857
03-10 07:45,1473.5223599571432
03-10 08:00,0.0
03-10 08:15,5776.363917914287
03-10 08:30,870.7408560142859
03-10 08:45,7666.199679185715
03-10 09:00,10173.895189057142
03-10 09:15,3795.324554014286
03-10 09:30,869.1547554000003
03-10 09:45,4300.816482957144
03-10 10:00,2453.5677391571426
03-10 10:15,8330.939552514288
03-10 10:30,15448.631812428572
03-10 10:45,12444.801880042858
03-10 11:00,2266.5124928857144
03-10 11:15,17715.726345714287
03-10 11:30,3505.2957508714285
03-10 11:45,21838.414124571427
03-10 12:00,15277.723331857143
03-10 12:15,17073.700907714287
03-10 12:30,12037.9546367
03-10 12:45,4385.680389642857
03-10 13:00,9432.806998057144
03-10 13:15,11669.084430385716
03-10 13:30,2792.003314585714
03-10 13:45,9203.068886857143
03-10 14:00,4508.722118542858
03-10 14:15,10978.766784585714
03-10 14:30,4181.334649442857
03-10 14:45,6562.777679428571
03-10 15:00,24575.90553314286
03-10 15:15,9943.037643971427
03-10 15:30,14475.352820428572
03-10 15:45,8337.495808071428
03-10 16:00,18598.78749842857
03-10 16:15,17326.981625714285
03-10 16:30,5729.562063657143
03-10 16:45,5343.966244342857
03-10 17:00,1289.974949157143
03-10 17:15,16238.375821571428
03-10 17:30,11700.055490028572
03-10 17:45,7546.697629128572
03-10 18:00,3308.945035314285
03-10 18:15,0.0
03-10 18:30,9814.061255314286
03-10 18:45,758.1598815428573
03-10 19:00,169.02899944285733
03-10 19:15,0.0
03-10 19:30,9261.933030957143
03-10 19:45,8115.087989285716
03-10 20:00,90.13265981428596
03-10 20:15,3876.162599942857
03-10 20:30,0.0
03-10 20:45,0.0
03-10 21:00,0.0
03-10 21:15,0.0
03-10 21:30,0.0
03-10 21:45,2696.2058514885653
03-10 22:00,0.0
03-10 22:15,3530.840371
03-10 22:30,0.0
03-10 22:45,0.0
03-10 23:00,1484.2857142857142
03-10 23:15,1484.2857142857142
03-10 23:30,2135.15097632
03-10 23:45,1484.2857142857142
03-11 00:00,1484.2857142857142
03-11 00:15,1484.2857142857142
03-11 00:30,1915.713537295714
03-11 00:45,1484.2857142857142
03-11 01:00,1484.2857142857142
03-11 01:15,2161.8347162671425
03-11 01:30,2545.195188977143
03-11 01:45,1484.2857142857142
03-11 02:00,1484.2857142857142
03-11 02:15,1484.2857142857142
03-11 02:30,1484.2857142857142
03-11 02:45,1484.2857142857142
03-11 03:00,1963.373192448572
03-11 03:15,1484.2857142857142
03-11 03:30,1484.2857142857142
03-11 03:45,1484.2857142857142
03-11 04:00,1964.414025128572
03-11 04:15,1484.2857142857142
03-11 04:30,2373.99807636
03-11 04:45,2765.5015499057145
03-11 05:00,1785.5177054742858
03-11 05:15,6105.329008785715
03-11 05:30,1484.2857142857142
03-11 05:45,8612.211314257142
03-11 06:00,6743.594810628572
03-11 06:15,8680.586947428574
03-11 06:30,4871.602220585714
03-11 06:45,9444.381573842858
03-11 07:00,10813.759947514289
03-11 07:15,8875.096676771429
03-11 07:30,1262.3741190428573
03-11 07:45,4954.530816771429
03-11 08:00,8020.257689400001
03-11 08:15,10025.090017685714
03-11 08:30,7913.801576800001
03-11 08:45,6590.2361362
03-11 09:00,16975.958018428573
03-11 09:15,10281.31570714286
03-11 09:30,7928.212883785714
03-11 09:45,954.5037575857144
03-11 10:00,21161.44712
03-11 10:15,9774.993490342858
03-11 10:30,0.0
03-11 10:45,0.0
03-11 11:00,13885.279211714284
03-11 11:15,5343.208449071429
03-11 11:30,445.6536717428573
03-11 11:45,0.0
03-11 12:00,8793.088014500001
03-11 12:15,10974.152378571427
03-11 12:30,4003.575326142858
03-11 12:45,2059.123393971429
03-11 13:00,16691.293571857146
03-11 13:15,5873.767357528571
03-11 13:30,11126.9004423
03-11 13:45,6507.037836185715
03-11 14:00,9250.332951157145
03-11 14:15,4996.732526071428
03-11 14:30,3999.054176885714
03-11 14:45,4973.511362528571
03-11 15:00,8727.4528755
03-11 15:15,15700.251305457145
03-11 15:30,10362.814645714288
03-11 15:45,12025.164365357145
03-11 16:00,3218.8873917428573
03-11 16:15,3810.3009098000007
03-11 16:30,4441.427262370044
03-11 16:45,22818.58033557143
03-11 17:00,1331.4605691428571
03-11 17:15,1170.1480643857142
03-11 17:30,11244.100174971429
03-11 17:45,11665.643859614289
03-11 18:00,782.8023690857143
03-11 18:15,3930.023416600001
03-11 18:30,13950.021871428571
03-11 18:45,3565.988537271429
03-11 19:00,0.0
03-11 19:15,0.0
03-11 19:30,6183.201090614286
03-11 19:45,2835.5047023428574
03-11 20:00,501.40639910000016
03-11 20:15,2987.4259441142863
03-11 20:30,793.0431392428571
03-11 20:45,2428.8548537142856
03-11 21:00,0.0
03-11 21:15,0.0
03-11 21:30,0.0
03-11 21:45,2500.7039279
03-11 22:00,0.0
03-11 22:15,0.0
03-11 22:30,0.0
03-11 22:45,0.0
03-11 23:00,0.0
03-11 23:15,0.0
03-11 23:30,0.0
03-11 23:45,0.0
03-12 00:00,0.0
03-12 00:15,1902.2679940000005
03-12 00:30,0.0
03-12 00:45,0.0
03-12 01:00,1484.2857142857142
03-12 01:15,531.5109949014328
03-12 01:30,1484.2857142857142
03-12 01:45,1484.2857142857142
03-12 02:00,1484.2857142857142
03-12 02:15,6564.428305514286
03-12 02:30,1484.2857142857142
03-12 02:45,1484.2857142857142
03-12 03:00,1484.2857142857142
03-12 03:15,1484.2857142857142
03-12 03:30,1484.2857142857142
03-12 03:45,1484.2857142857142
03-12 04:00,1484.2857142857142
03-12 04:15,1837.943991718572
03-12 04:30,1484.2857142857142
03-12 04:45,10158.925719
03-12 05:00,2975.144140642857
03-12 05:15,7790.412583185714
03-12 05:30,1484.2857142857142
03-12 05:45,2099.3386242414285
03-12 06:00,1700.8850442714288
03-12 06:15,3769.781426642857
03-12 06:30,1887.3077102142856
03-12 06:45,10590.778679057144
03-12 07:00,10514.737789
03-12 07:15,5854.232169085715
03-12 07:30,2388.6185240714285
03-12 07:45,13415.125621571431
03-12 08:00,17972.727395428574
03-12 08:15,6106.739392485715
03-12 08:30,7118.662714885715
03-12 08:45,2716.989636014286
03-12 09:00,9540.853811057144
03-12 09:15,1642.6973019142856
03-12 09:30,1047.9795715714288
03-12 09:45,12220.45786282857
03-12 10:00,0.0
03-12 10:15,0.0
03-12 10:30,0.0
03-12 10:45,14310.053135285714
03-12 11:00,9316.390394185715
03-12 11:15,23273.357663857143
03-12 11:30,16628.382177
03-12 11:45,5617.661537842858
03-12 12:00,13308.133743242855
03-12 12:15,7008.600426599999
03-12 12:30,13054.889773742856
03-12 12:45,9835.979118114286
03-12 13:00,3853.1094084142856
03-12 13:15,3378.8971413714285
03-12 13:30,12069.789567214286
03-12 13:45,20020.58051457143
03-12 14:00,12734.89727537143
03-12 14:15,7644.390870342856
03-12 14:30,13085.218309942857
03-12 14:45,4557.390195957142
03-12 15:00,9702.213754899998
03-12 15:15,9524.92992047143
03-12 15:30,20773.81926614286
03-12 15:45,10079.210511371428
03-12 16:00,9543.398824214288
03-12 16:15,10492.99896477143
03-12 16:30,6484.603256385714
03-12 16:45,9012.44211517143
03-12 17:00,9192.396310200002
03-12 17:15,1514.1235554285713
03-12 17:30,17543.806985
03-12 17:45,1087.9626393142858
03-12 18:00,12857.550600000002
03-12 18:15,13388.014906000002
03-12 18:30,7995.0675215
03-12 18:45,11969.643350271432
03-12 19:00,1045.139419057143
03-12 19:15,153.1990112857143
03-12 19:30,9683.864688214288
03-12 19:45,2069.246451628572
03-12 20:00,2868.9929810657145
03-12 20:15,9496.494890857144
03-12 20:30,2598.734020071429
03-12 20:45,9368.930294557142
03-12 21:00,2823.13602194
03-12 21:15,1484.2857142857142
03-12 21:30,307.93130987142854
03-12 21:45,479.1574377000003
03-12 22:00,2936.055333228572
03-12 22:15,579.564892922857
03-12 22:30,0.0
03-12 22:45,0.0
03-12 23:00,1484.2857142857142
03-12 23:15,3452.3326698285714
03-12 23:30,2609.4687158942857
03-12 23:45,7994.806506742857
03-13 00:00,1484.2857142857142
03-13 00:15,1484.2857142857142
03-13 00:30,1484.2857142857142
03-13 00:45,1484.2857142857142
03-13 01:00,1484.2857142857142
03-13 01:15,2013.11497521
03-13 01:30,1484.2857142857142
03-13 01:45,2175.0486221614283
03-13 02:00,1484.2857142857142
03-13 02:15,1484.2857142857142
03-13 02:30,1484.2857142857142
03-13 02:45,1484.2857142857142
03-13 03:00,1484.2857142857142
03-13 03:15,1484.2857142857142
03-13 03:30,1934.0122730542853
03-13 03:45,1484.2857142857142
03-13 04:00,1484.2857142857142
03-13 04:15,2217.8108487871427
03-13 04:30,1484.2857142857142
03-13 04:45,1484.2857142857142
03-13 05:00,0.0
03-13 05:15,2381.447211858572
03-13 05:30,2096.975441378571
03-13 05:45,5449.067811711385
03-13 06:00,14908.226884285714
03-13 06:15,0.0
03-13 06:30,6044.603435171429
03-13 06:45,5885.998894000001
03-13 07:00,8724.076275457144
03-13 07:15,9980.638666100003
03-13 07:30,1733.5493476857143
03-13 07:45,7588.086020485715
03-13 08:00,17873.37377857143
03-13 08:15,5565.08693487143
03-13 08:30,14469.792947571428
03-13 08:45,6284.632078628572
03-13 09:00,16331.758797428574
03-13 09:15,10033.149780742857
03-13 09:30,5445.8593633
03-13 09:45,6204.919633971429
03-13 10:00,5620.843966914286
03-13 10:15,14042.99967642857
03-13 10:30,12957.846974285716
03-13 10:45,11629.068096385714
03-13 11:00,6527.647570914287
03-13 11:15,9829.106934371428
03-13 11:30,8531.070812028573
03-13 11:45,11418.894363171428
03-13 12:00,8310.467533257142
03-13 12:15,9973.40837652857
03-13 12:30,7432.9541451
03-13 12:45,4077.331607742857
03-13 13:00,22501.50893271429
03-13 13:15,6567.546241600001
03-13 13:30,18582.41441942857
03-13 13:45,18398.305274571427
03-13 14:00,10676.156722642856
03-13 14:15,16840.520062
03-13 14:30,6568.114098942858
03-13 14:45,16437.75097528571
03-13 15:00,19226.50728757143
03-13 15:15,9083.037916928572
03-13 15:30,4610.743976871429
03-13 15:45,10639.269937514286
03-13 16:00,4387.213917200001
03-13 16:15,18487.75943157143
03-13 16:30,10178.418749585717
03-13 16:45,8393.450304669985
03-13 17:00,5681.559453914286
03-13 17:15,6274.009386785714
03-13 17:30,3414.541768
03-13 17:45,1429.1052050142855
03-13 18:00,8451.997213085715
03-13 18:15,10976.098952542858
03-13 18:30,8256.678522028573
03-13 18:45,6509.818526500001
03-13 19:00,0.0
03-13 19:15,0.0
03-13 19:30,919.9466875285716
03-13 19:45,11455.11470017143
03-13 20:00,0.0
03-13 20:15,2089.611194628572
03-13 20:30,559.7708100714287
03-13 20:45,0.0
03-13 21:00,0.0
03-13 21:15,0.0
03-13 21:30,4956.261571685714
03-13 21:45,0.0
03-13 22:00,0.0
03-13 22:15,4696.947083214286
03-13 22:30,0.0
03-13 22:45,4956.080094600001
03-13 23:00,1484.2857142857142
03-13 23:15,1761.898299647143
03-13 23:30,2207.422375358572
03-13 23:45,2005.50665182
03-14 00:00,0.0
03-14 00:15,0.0
03-14 00:30,0.0
03-14 00:45,0.0
03-14 01:00,1484.2857142857142
03-14 01:15,1484.2857142857142
03-14 01:30,2031.9141361157144
03-14 01:45,1484.2857142857142
03-14 02:00,2016.8362266314284
03-14 02:15,1484.2857142857142
03-14 02:30,1484.2857142857142
03-14 02:45,1484.2857142857142
03-14 03:00,1484.2857142857142
03-14 03:15,1484.2857142857142
03-14 03:30,1484.2857142857142
03-14 03:45,1484.2857142857142
03-14 04:00,1484.2857142857142
03-14 04:15,2298.00554296
03-14 04:30,2315.562105155714
03-14 04:45,1484.2857142857142
03-14 05:00,0.0
03-14 05:15,4641.389631471429
03-14 05:30,1873.4154192500016
03-14 05:45,1484.2857142857142
03-14 06:00,13261.228880142857
03-14 06:15,7654.858991528572
03-14 06:30,9701.7164043
03-14 06:45,7113.4786467428585
03-14 07:00,2025.1167441428568
03-14 07:15,167.78138691428586
03-14 07:30,10671.443381042856
03-14 07:45,11209.633086714288
03-14 08:00,1681.4409636857142
03-14 08:15,8308.301686757144
03-14 08:30,3451.680016157143
03-14 08:45,5064.909928957143
03-14 09:00,7007.450782228572
03-14 09:15,3448.5838072
03-14 09:30,6549.032269171429
03-14 09:45,4867.312151200001
03-14 10:00,4465.913595942859
03-14 10:15,0.0
03-14 10:30,1639.0720656285716
03-14 10:45,1005.5085400285716
03-14 11:00,5484.461766557142
03-14 11:15,12872.67542414286
03-14 11:30,18400.153226857143
03-14 11:45,12562.1316756
03-14 12:00,6367.680730057144
03-14 12:15,9578.090795142858
03-14 12:30,2156.600769528571
03-14 12:45,4132.182270071428
03-14 13:00,6132.587490057143
03-14 13:15,2611.217890928572
03-14 13:30,9683.737071128571
03-14 13:45,968.8123608714288
03-14 14:00,3505.9854752571428
03-14 14:15,4888.92144827143
03-14 14:30,6575.7243494714285
03-14 14:45,7436.153133228572
03-14 15:00,8840.965139474325
03-14 15:15,1291.0724012428573
03-14 15:30,3048.8782404
03-14 15:45,2668.1970413000004
03-14 16:00,6297.547395642857
03-14 16:15,18580.274425857144
03-14 16:30,9717.981980442855
03-14 16:45,23993.18586171429
03-14 17:00,15041.038023471428
03-14 17:15,3132.814673984286
03-14 17:30,11160.545441014285
03-14 17:45,4382.6301424428575
03-14 18:00,1864.3265457285715
03-14 18:15,7049.373928157143
03-14 18:30,4185.478277385715
03-14 18:45,5337.093193057143
03-14 19:00,0.0
03-14 19:15,0.0
03-14 19:30,4063.582158442857
03-14 19:45,3949.8868910714286
03-14 20:00,4845.730341657143
03-14 20:15,367.02757626
03-14 20:30,2748.5892815714287
03-14 20:45,5286.205888300001
03-14 21:00,1484.2857142857142
03-14 21:15,1526.9776554114285
03-14 21:30,4572.837289771429
03-14 21:45,0.0
03-14 22:00,4932.2594827
03-14 22:15,6119.3485601
03-14 22:30,1484.2857142857142
03-14 22:45,6771.754492328571
03-14 23:00,2260.9149210657147
03-14 23:15,1484.2857142857142
03-14 23:30,1484.2857142857142
03-14 23:45,1484.2857142857142
03-15 00:00,1484.2857142857142
03-15 00:15,1916.841721357143
03-15 00:30,2317.9330395714283
03-15 00:45,2614.97421469
03-15 01:00,2157.922193837143
03-15 01:15,1484.2857142857142
03-15 01:30,2072.24275123
03-15 01:45,1484.2857142857142
03-15 02:00,2532.6983733014285
03-15 02:15,6076.361692114286
03-15 02:30,5193.724971814286
03-15 02:45,2421.5306097842854
03-15 03:00,1484.2857142857142
03-15 03:15,1484.2857142857142
03-15 03:30,1484.2857142857142
03-15 03:45,1484.2857142857142
03-15 04:00,1484.2857142857142
03-15 04:15,1484.2857142857142
03-15 04:30,1484.2857142857142
03-15 04:45,1484.2857142857142
03-15 05:00,1484.2857142857142
03-15 05:15,1738.0455516157142
03-15 05:30,1484.2857142857142
03-15 05:45,1484.2857142857142
03-15 06:00,12251.166471685716
03-15 06:15,3455.272540871429
03-15 06:30,219.4732465428571
03-15 06:45,11170.116560657145
03-15 07:00,6909.931725385715
03-15 07:15,3008.7892504285714
03-15 07:30,7145.928657942857
03-15 07:45,1534.1134669000005
03-15 08:00,1443.8956628
03-15 08:15,7498.224872500001
03-15 08:30,601.0077830857144
03-15 08:45,12735.07076547143
03-15 09:00,3768.971985528572
03-15 09:15,11284.678193014284
03-15 09:30,3468.747605542858
03-15 09:45,2772.496972485715
03-15 10:00,5990.046217557144
03-15 10:15,4232.197492114286
03-15 10:30,11086.751675485715
03-15 10:45,2628.120654042857
03-15 11:00,10417.975385414284
03-15 11:15,2952.9362144000006
03-15 11:30,9188.214511828572
03-15 11:45,3621.5556483857135
03-15 12:00,838.2727395857145
03-15 12:15,10173.285130571428
03-15 12:30,14447.572975714284
03-15 12:45,10676.549887157142
03-15 13:00,20526.55654057143
03-15 13:15,6661.872293500001
03-15 13:30,20766.38028028572
03-15 13:45,10377.627072128573
03-15 14:00,9478.336025485716
03-15 14:15,637.5047824428574
03-15 14:30,7486.933946357142
03-15 14:45,16167.981011285714
03-15 15:00,18632.508128142857
03-15 15:15,4211.242817557143
03-15 15:30,12713.694755057142
03-15 15:45,14516.906808428572
03-15 16:00,14208.37946185714
03-15 16:15,20832.19820942857
03-15 16:30,18993.790974714288
03-15 16:45,9796.554464414285
03-15 17:00,11195.817648342856
03-15 17:15,14569.178289385713
03-15 17:30,10187.147465042855
03-15 17:45,9549.46456096
03-15 18:00,3731.336923085714
03-15 18:15,14934.955785857142
03-15 18:30,338.43567800000005
03-15 18:45,11187.9662772
03-15 19:00,0.0
03-15 19:15,2554.360625957143
03-15 19:30,3101.156382942857
03-15 19:45,860.1699606285714
03-15 20:00,1973.4132408642856
03-15 20:15,4961.944339557143
03-15 20:30,1521.1115182142858
03-15 20:45,475.90059740714287
03-15 21:00,2967.6289257
03-15 21:15,3649.836154585714
03-15 21:30,2913.0784252857143
03-15 21:45,1005.8599098571
03-15 22:00,4807.170933842857
03-15 22:15,5185.941418042858
03-15 22:30,3451.040628642857
03-15 22:45,4591.224960242857
03-15 23:00,2450.91098232
03-15 23:15,9039.902122385714
03-15 23:30,10800.5123222
03-15 23:45,4806.314981800001
03-16 00:00,2003.417908748572
03-16 00:15,2156.9721185142857
03-16 00:30,2036.7819336828568
03-16 00:45,2908.0541830528573
03-16 01:00,2015.1231964214285
03-16 01:15,7715.0815639
03-16 01:30,1484.2857142857142
03-16 01:45,1484.2857142857142
03-16 02:00,2109.568364752857
03-16 02:15,2033.9110276814283
03-16 02:30,3107.8166860999995
03-16 02:45,1484.2857142857142
03-16 03:00,5758.190093842857
03-16 03:15,1484.2857142857142
03-16 03:30,1484.2857142857142
03-16 03:45,3024.064506528572
03-16 04:00,2082.59019403
03-16 04:15,1484.2857142857142
03-16 04:30,2107.725927428572
03-16 04:45,1484.2857142857142
03-16 05:00,5171.309567228572
03-16 05:15,1484.2857142857142
03-16 05:30,1484.2857142857142
03-16 05:45,1926.569736452857
03-16 06:00,1484.2857142857142
03-16 06:15,6469.934636871428
03-16 06:30,2622.0535850957144
03-16 06:45,2495.018029904286
03-16 07:00,0.0
03-16 07:15,2018.6251859400008
03-16 07:30,3623.556623471428
03-16 07:45,7130.510034185715
03-16 08:00,9667.425434328572
03-16 08:15,5806.963083128572
03-16 08:30,0.0
03-16 08:45,1331.916558814286
03-16 09:00,12888.83825757143
03-16 09:15,1840.4109709142856
03-16 09:30,15279.382882428572
03-16 09:45,2775.2747203428576
03-16 10:00,16211.774660714287
03-16 10:15,8041.343483914286
03-16 10:30,16865.304051571427
03-16 10:45,15693.567158142856
03-16 11:00,2524.7337861
03-16 11:15,10634.47675914286
03-16 11:30,460.1333655000002
03-16 11:45,11461.60164704286
03-16 12:00,1753.6968232857146
03-16 12:15,9154.521810457143
03-16 12:30,15505.415398714287
03-16 12:45,2457.935007914286
03-16 13:00,7807.269262500001
03-16 13:15,7326.307869528572
03-16 13:30,9087.583859842858
03-16 13:45,3027.848858242857
03-16 14:00,3833.0021823142856
03-16 14:15,1001.4121279
03-16 14:30,1886.782261520044
03-16 14:45,3014.9382443857144
03-16 15:00,8931.0381125
03-16 15:15,5733.048882357143
03-16 15:30,4559.970309928572
03-16 15:45,19249.42744628572
03-16 16:00,4434.927972028571
03-16 16:15,21286.609803857147
03-16 16:30,13209.301762714287
03-16 16:45,6631.035892128572
03-16 17:00,10121.960639257144
03-16 17:15,0.0
03-16 17:30,1.9734390428571835
03-16 17:45,0.0
03-16 18:00,10630.234951228573
03-16 18:15,1078.7352518571429
03-16 18:30,6037.9760719000005
03-16 18:45,2867.1506676857143
03-16 19:00,8311.642622385714
03-16 19:15,4824.009048071429
03-16 19:30,11648.909530614286
03-16 19:45,1739.7780479428577
03-16 20:00,3962.2148013285714
03-16 20:15,930.1384905142858
03-16 20:30,5852.441121297144
03-16 20:45,0.0
03-16 21:00,3495.1560892285715
03-16 21:15,1712.6207197271426
03-16 21:30,2138.8762481814283
03-16 21:45,1922.8853518757144
03-16 22:00,271.6335579000002
03-16 22:15,0.0
03-16 22:30,0.0
03-16 22:45,67.21941438571427
03-16 23:00,0.0
03-16 23:15,2724.955412127143
03-16 23:30,0.0
03-16 23:45,0.0
03-17 00:00,0.0
03-17 00:15,424.9772693185714
03-17 00:30,464.4017927714286
03-17 00:45,0.0
03-17 01:00,0.0
03-17 01:15,0.0
03-17 01:30,0.0
03-17 01:45,0.0
03-17 02:00,2174.9875880142854
03-17 02:15,5268.066216728571
03-17 02:30,1484.2857142857142
03-17 02:45,1484.2857142857142
03-17 03:00,1484.2857142857142
03-17 03:15,1484.2857142857142
03-17 03:30,1484.2857142857142
03-17 03:45,1484.2857142857142
03-17 04:00,0.0
03-17 04:15,0.0
03-17 04:30,0.0
03-17 04:45,0.0
03-17 05:00,1484.2857142857142
03-17 05:15,1484.2857142857142
03-17 05:30,1484.2857142857142
03-17 05:45,1484.2857142857142
03-17 06:00,1484.2857142857142
03-17 06:15,1795.272528632857
03-17 06:30,2746.1954939442858
03-17 06:45,2095.7422548614286
03-17 07:00,2679.463162817143
03-17 07:15,3075.603457942857
03-17 07:30,8213.4247764
03-17 07:45,6848.070539828571
03-17 08:00,2529.1522910071426
03-17 08:15,7890.753413128571
03-17 08:30,3848.097127671428
03-17 08:45,4841.153680142857
03-17 09:00,11755.390291842858
03-17 09:15,13472.4745254
03-17 09:30,19155.83226428572
03-17 09:45,10165.083049671428
03-17 10:00,3137.690092257143
03-17 10:15,16790.509277714285
03-17 10:30,1417.0870698999995
03-17 10:45,9314.034395542856
03-17 11:00,19027.942583714288
03-17 11:15,18567.77728114286
03-17 11:30,11378.9680508
03-17 11:45,13898.137539285715
03-17 12:00,11957.57058502857
03-17 12:15,15924.169271571429
03-17 12:30,14854.258474085716
03-17 12:45,7675.724652828525
03-17 13:00,11989.515366742857
03-17 13:15,13373.048856614289
03-17 13:30,10970.725265742856
03-17 13:45,6250.334260885715
03-17 14:00,17017.316445000004
03-17 14:15,20306.797451857143
03-17 14:30,11210.763077114289
03-17 14:45,12513.573656314284
03-17 15:00,18046.101408
03-17 15:15,5113.8190706714295
03-17 15:30,5682.352247114286
03-17 15:45,5888.352537742858
03-17 16:00,9291.876576714283
03-17 16:15,6922.445918971429
03-17 16:30,6054.222936442857
03-17 16:45,10323.74859707143
03-17 17:00,9919.67186737143
03-17 17:15,16551.46017385714
03-17 17:30,992.443308299998
03-17 17:45,5081.655143342858
03-17 18:00,0.0
03-17 18:15,3148.0778159714287
03-17 18:30,10290.2706391
03-17 18:45,454.59352770000015
03-17 19:00,0.0
03-17 19:15,0.0
03-17 19:30,727.0248347857145
03-17 19:45,0.0
03-17 20:00,0.0
03-17 20:15,846.9886642571429
03-17 20:30,0.0
03-17 20:45,3122.0209183
03-17 21:00,0.0
03-17 21:15,0.0
03-17 21:30,0.0
03-17 21:45,2367.301643028572
03-17 22:00,0.0
03-17 22:15,0.0
03-17 22:30,0.0
03-17 22:45,7017.883991828572
03-17 23:00,0.0
03-17 23:15,0.0
03-17 23:30,1342.5086030857144
03-17 23:45,0.0
03-18 00:00,1397.7649631142858
03-18 00:15,0.0
03-18 00:30,0.0
03-18 00:45,0.0
03-18 01:00,1484.2857142857142
03-18 01:15,1966.5805911714283
03-18 01:30,1484.2857142857142
03-18 01:45,1484.2857142857142
03-18 02:00,1484.2857142857142
03-18 02:15,1484.2857142857142
03-18 02:30,1484.2857142857142
03-18 02:45,1484.2857142857142
03-18 03:00,1484.2857142857142
03-18 03:15,1484.2857142857142
03-18 03:30,5538.371366342857
03-18 03:45,4862.147432674282
03-18 04:00,6770.2339802
03-18 04:15,1484.2857142857142
03-18 04:30,1484.2857142857142
03-18 04:45,6274.466397514286
03-18 05:00,392.3625450571427
03-18 05:15,1344.2267576071429
03-18 05:30,3991.739763757144
03-18 05:45,1484.2857142857142
03-18 06:00,679.4841993857143
03-18 06:15,7468.923866314286
03-18 06:30,2276.919026714286
03-18 06:45,5710.37291617143
03-18 07:00,3441.061891557144
03-18 07:15,2332.588364857143
03-18 07:30,9527.20528897143
03-18 07:45,2504.9267502142857
03-18 08:00,2848.7866720428574
03-18 08:15,10424.295086200002
03-18 08:30,10861.262596185714
03-18 08:45,5348.375205257143
03-18 09:00,7654.789792957144
03-18 09:15,805.5586370714288
03-18 09:30,11543.303515828571
03-18 09:45,5973.627162885714
03-18 10:00,7382.213366971429
03-18 10:15,10435.195033785714
03-18 10:30,1108.162508857143
03-18 10:45,3196.084001028572
03-18 11:00,21258.83713128572
03-18 11:15,6710.027718657143
03-18 11:30,4101.493725114287
03-18 11:45,6466.197798628571
03-18 12:00,4361.115741828572
03-18 12:15,11188.527939457144
03-18 12:30,9215.1211922
03-18 12:45,10375.4942253
03-18 13:00,7663.603110657143
03-18 13:15,16985.526255285713
03-18 13:30,15621.826719871427
03-18 13:45,8933.358790514285
03-18 14:00,15008.640181342857
03-18 14:15,5206.394946800001
03-18 14:30,8585.126806157143
03-18 14:45,16429.325883857142
03-18 15:00,12904.27014517143
03-18 15:15,9144.102763585714
03-18 15:30,17341.469496428574
03-18 15:45,9500.654041185711
03-18 16:00,8301.261798685715
03-18 16:15,15191.741980899998
03-18 16:30,9519.70392512857
03-18 16:45,14292.660285728569
03-18 17:00,12147.628891657145
03-18 17:15,21172.461372
03-18 17:30,16198.920679285717
03-18 17:45,9326.822778028572
03-18 18:00,7202.726976485716
03-18 18:15,16830.59879657143
03-18 18:30,15821.179316571432
03-18 18:45,2771.999194728572
03-18 19:00,1741.4647376857145
03-18 19:15,54.258744000000064
03-18 19:30,5114.705490828573
03-18 19:45,1877.3784152857145
03-18 20:00,1042.9122954571428
03-18 20:15,0.0
03-18 20:30,0.0
03-18 20:45,0.0
03-18 21:00,0.0
03-18 21:15,0.0
03-18 21:30,5205.573769871429
03-18 21:45,0.0
03-18 22:00,0.0
03-18 22:15,0.0
03-18 22:30,0.0
03-18 22:45,0.0
03-18 23:00,2198.5672080242857
03-18 23:15,1996.911546592857
03-18 23:30,2422.6669361242857
03-18 23:45,1484.2857142857142
03-19 00:00,0.0
03-19 00:15,0.0
03-19 00:30,0.0
03-19 00:45,0.0
03-19 01:00,1484.2857142857142
03-19 01:15,0.0
03-19 01:30,1484.2857142857142
03-19 01:45,302.86541494285353
03-19 02:00,1484.2857142857142
03-19 02:15,1484.2857142857142
03-19 02:30,1484.2857142857142
03-19 02:45,1484.2857142857142
03-19 03:00,1830.082579142857
03-19 03:15,1484.2857142857142
03-19 03:30,2447.323341825714
03-19 03:45,6279.249458428571
03-19 04:00,1716.876502832857
03-19 04:15,2179.1689743114284
03-19 04:30,1758.8064353514285
03-19 04:45,2584.092969034286
03-19 05:00,613.9866508800001
03-19 05:15,812.8347437857144
03-19 05:30,0.0
03-19 05:45,3279.3183392428573
03-19 06:00,10040.452130214288
03-19 06:15,416.63271744285714
03-19 06:30,0.0
03-19 06:45,6182.668088514286
03-19 07:00,11658.97775477143
03-19 07:15,6909.489302414287
03-19 07:30,6010.667256600002
03-19 07:45,2943.6722733714287
03-19 08:00,3608.530745228572
03-19 08:15,5172.090115757143
03-19 08:30,5835.473976071429
03-19 08:45,2180.836999828571
03-19 09:00,13736.349520142858
03-19 09:15,11545.79141324286
03-19 09:30,7649.433801000001
03-19 09:45,9767.460078657145
03-19 10:00,10079.425295514287
03-19 10:15,5555.891114914286
03-19 10:30,4448.789352942858
03-19 10:45,5204.171583028572
03-19 11:00,3702.667775614286
03-19 11:15,2395.1646237857144
03-19 11:30,6572.486199171429
03-19 11:45,9390.6594003
03-19 12:00,2393.291447007143
03-19 12:15,2358.729937224331
03-19 12:30,4178.6872025
03-19 12:45,4846.8935337428575
03-19 13:00,13722.636097399998
03-19 13:15,9079.681009571428
03-19 13:30,8725.403637557141
03-19 13:45,20859.88560057143
03-19 14:00,8832.900887471429
03-19 14:15,7335.141849857143
03-19 14:30,8686.172374
03-19 14:45,16908.962859
03-19 15:00,19508.94712271429
03-19 15:15,2777.287007028572
03-19 15:30,2871.656739057142
03-19 15:45,966.629341714286
03-19 16:00,8770.382436242857
03-19 16:15,19613.51821728572
03-19 16:30,2591.4022361
03-19 16:45,7343.591704757143
03-19 17:00,8113.823963400002
03-19 17:15,9272.619993842858
03-19 17:30,8993.717135628573
03-19 17:45,7172.873666528572
03-19 18:00,1970.167414
03-19 18:15,3276.2842508142853
03-19 18:30,18060.548565714285
03-19 18:45,11854.274721871428
03-19 19:00,0.0
03-19 19:15,1275.8315093285717
03-19 19:30,0.0
03-19 19:45,7404.554822542858
03-19 20:00,0.0
03-19 20:15,1702.2962115857142
03-19 20:30,6884.846727600001
03-19 20:45,4596.838700057144
03-19 21:00,3297.645000357142
03-19 21:15,0.0
03-19 21:30,0.0
03-19 21:45,342.09568195714286
03-19 22:00,0.0
03-19 22:15,312.51667867142874
03-19 22:30,0.0
03-19 22:45,0.0
03-19 23:00,579.6480749471428
03-19 23:15,0.0
03-19 23:30,0.0
03-19 23:45,0.0
03-20 00:00,1484.2857142857142
03-20 00:15,1484.2857142857142
03-20 00:30,1484.2857142857142
03-20 00:45,1484.2857142857142
03-20 01:00,4320.541383371428
03-20 01:15,1484.2857142857142
03-20 01:30,1484.2857142857142
03-20 01:45,1484.2857142857142
03-20 02:00,1484.2857142857142
03-20 02:15,1484.2857142857142
03-20 02:30,1484.2857142857142
03-20 02:45,1484.2857142857142
03-20 03:00,1484.2857142857142
03-20 03:15,1484.2857142857142
03-20 03:30,1484.2857142857142
03-20 03:45,1484.2857142857142
03-20 04:00,2250.3484309271425
03-20 04:15,2274.55499601
03-20 04:30,2908.76702067
03-20 04:45,3042.2980803857145
03-20 05:00,1756.867446562857
03-20 05:15,2071.068862368571
03-20 05:30,2199.3196885628568
03-20 05:45,2529.16460188
03-20 06:00,0.0
03-20 06:15,13022.945137571429
03-20 06:30,2520.8483362714287
03-20 06:45,7722.636348214286
03-20 07:00,1891.1158816714287
03-20 07:15,9963.193678642858
03-20 07:30,13643.88324457143
03-20 07:45,5745.055675828572
03-20 08:00,15220.735720857145
03-20 08:15,13455.493669714286
03-20 08:30,12914.305063857144
03-20 08:45,1936.318701157144
03-20 09:00,9983.903857385716
03-20 09:15,7799.573138585715
03-20 09:30,11457.462449385715
03-20 09:45,1880.898680257143
03-20 10:00,19709.487565571428
03-20 10:15,3818.9161765857134
03-20 10:30,5338.297047671428
03-20 10:45,20159.58935057143
03-20 11:00,11649.226611285716
03-20 11:15,4860.4437695471415
03-20 11:30,14590.305942942858
03-20 11:45,5845.610826785714
03-20 12:00,14665.6203338
03-20 12:15,3672.058113114286
03-20 12:30,3591.0480213857145
03-20 12:45,10133.4698447
03-20 13:00,2280.803599292857
03-20 13:15,10831.9881164
03-20 13:30,5547.657759814285
03-20 13:45,15172.381922414286
03-20 14:00,22002.62887
03-20 14:15,10596.2529999
03-20 14:30,18077.74258557143
03-20 14:45,10548.062057814284
03-20 15:00,16936.089297285715
03-20 15:15,4968.404304442858
03-20 15:30,13349.840439714284
03-20 15:45,11409.373766657143
03-20 16:00,17584.242063857142
03-20 16:15,6188.586984357144
03-20 16:30,11495.017138628573
03-20 16:45,13616.979243000002
03-20 17:00,2347.2128199857148
03-20 17:15,14158.02559342857
03-20 17:30,14922.286367000002
03-20 17:45,2387.841030014285
03-20 18:00,6896.562282357143
03-20 18:15,16784.055696000003
03-20 18:30,5327.989396757143
03-20 18:45,1724.0492693857143
03-20 19:00,6276.1220367714295
03-20 19:15,0.0
03-20 19:30,2369.70382
03-20 19:45,1113.6035121571429
03-20 20:00,1208.9214920428572
03-20 20:15,2362.6176474857148
03-20 20:30,861.142391557143
03-20 20:45,0.0
03-20 21:00,3784.629484357144
03-20 21:15,0.0
03-20 21:30,2212.8605074285715
03-20 21:45,0.0
03-20 22:00,0.0
03-20 22:15,0.0
03-20 22:30,0.0
03-20 22:45,580.1652247
03-20 23:00,476.9457216757143
03-20 23:15,2742.284278314286
03-20 23:30,0.0
03-20 23:45,0.0
03-21 00:00,1484.2857142857142
03-21 00:15,7102.044415585715
03-21 00:30,1484.2857142857142
03-21 00:45,1484.2857142857142
03-21 01:00,1484.2857142857142
03-21 01:15,1484.2857142857142
03-21 01:30,1484.2857142857142
03-21 01:45,1484.2857142857142
03-21 02:00,1484.2857142857142
03-21 02:15,1484.2857142857142
03-21 02:30,1484.2857142857142
03-21 02:45,1996.919623748572
03-21 03:00,2009.19302824
03-21 03:15,1484.2857142857142
03-21 03:30,1484.2857142857142
03-21 03:45,1484.2857142857142
03-21 04:00,2881.3504505428577
03-21 04:15,1484.2857142857142
03-21 04:30,1484.2857142857142
03-21 04:45,1484.2857142857142
03-21 05:00,1484.2857142857142
03-21 05:15,1484.2857142857142
03-21 05:30,1892.5637734157144
03-21 05:45,1484.2857142857142
03-21 06:00,3804.825932228571
03-21 06:15,5361.981042985714
03-21 06:30,2918.180334842857
03-21 06:45,4824.6938325142855
03-21 07:00,15305.701070142855
03-21 07:15,3559.131501642857
03-21 07:30,1672.2919999714286
03-21 07:45,10724.952661871428
03-21 08:00,8427.995686057142
03-21 08:15,6094.165367657143
03-21 08:30,7988.194218614287
03-21 08:45,3621.166249314286
03-21 09:00,7725.934488042857
03-21 09:15,7706.142125757144
03-21 09:30,9841.335174771428
03-21 09:45,13110.684398428572
03-21 10:00,12108.3095575
03-21 10:15,9197.15312015428
03-21 10:30,4843.803178828571
03-21 10:45,14269.667481371427
03-21 11:00,4959.448488485715
03-21 11:15,22865.927575
03-21 11:30,13964.60881862857
03-21 11:45,4486.981246957143
03-21 12:00,4059.145290757143
03-21 12:15,3389.3961761
03-21 12:30,3688.508728971429
03-21 12:45,7993.416440299999
03-21 13:00,4461.457655
03-21 13:15,8384.239510671428
03-21 13:30,12254.939015814289
03-21 13:45,11823.744742442856
03-21 14:00,12170.424324271427
03-21 14:15,9455.3086765
03-21 14:30,18015.348033571427
03-21 14:45,10895.030336114283
03-21 15:00,15921.358374428572
03-21 15:15,4228.867339171429
03-21 15:30,15208.2663937
03-21 15:45,6797.966001657143
03-21 16:00,1917.3904503571428
03-21 16:15,18950.976721714287
03-21 16:30,7836.668252228573
03-21 16:45,9067.752309028572
03-21 17:00,1961.1827545142864
03-21 17:15,2792.6696556857146
03-21 17:30,3487.8096916000004
03-21 17:45,11338.228797242858
03-21 18:00,1160.9443189
03-21 18:15,905.0037961285714
03-21 18:30,14459.144550857143
03-21 18:45,6656.420365342858
03-21 19:00,4105.810984957144
03-21 19:15,0.0
03-21 19:30,2951.188580885714
03-21 19:45,2493.408534614286
03-21 20:00,0.0
03-21 20:15,3885.862040542857
03-21 20:30,0.0
03-21 20:45,410.9698958857143
03-21 21:00,0.0
03-21 21:15,3003.167833185715
03-21 21:30,4648.677822471429
03-21 21:45,0.0
03-21 22:00,0.0
03-21 22:15,4848.134396071429
03-21 22:30,0.0
03-21 22:45,0.0
03-21 23:00,0.0
03-21 23:15,0.0
03-21 23:30,0.0
03-21 23:45,359.4088059000002
03-22 00:00,0.0
03-22 00:15,0.0
03-22 00:30,0.0
03-22 00:45,0.0
03-22 01:00,1484.2857142857142
03-22 01:15,1484.2857142857142
03-22 01:30,1484.2857142857142
03-22 01:45,1484.2857142857142
03-22 02:00,1802.8120291014288
03-22 02:15,1484.2857142857142
03-22 02:30,1484.2857142857142
03-22 02:45,1984.4121114685715
03-22 03:00,1484.2857142857142
03-22 03:15,1484.2857142857142
03-22 03:30,1484.2857142857142
03-22 03:45,1484.2857142857142
03-22 04:00,1484.2857142857142
03-22 04:15,1484.2857142857142
03-22 04:30,1484.2857142857142
03-22 04:45,1484.2857142857142
03-22 05:00,0.0
03-22 05:15,0.0
03-22 05:30,2708.110647442857
03-22 05:45,0.0
03-22 06:00,1291.812360557143
03-22 06:15,11056.193216214288
03-22 06:30,3918.564900557143
03-22 06:45,8915.852269
03-22 07:00,351.0091786142858
03-22 07:15,2798.332751628572
03-22 07:30,15006.071921285717
03-22 07:45,16120.855809285717
03-22 08:00,2298.402299928572
03-22 08:15,4782.891645885716
03-22 08:30,2809.3895248857143
03-22 08:45,5934.409031857143
03-22 09:00,9580.599752342858
03-22 09:15,131.8894445285717
03-22 09:30,64.5609280142859
03-22 09:45,12853.172243428571
03-22 10:00,8011.011502071429
03-22 10:15,6807.963955014287
03-22 10:30,10415.316849728571
03-22 10:45,3096.662046057143
03-22 11:00,25129.115917714287
03-22 11:15,2548.3219352614287
03-22 11:30,14156.205571114284
03-22 11:45,5519.7474599
03-22 12:00,15664.575427942857
03-22 12:15,15483.451530742856
03-22 12:30,11153.065206271429
03-22 12:45,14655.877986457142
03-22 13:00,10912.766384128572
03-22 13:15,5022.3337793
03-22 13:30,21148.58820242857
03-22 13:45,8663.857710371427
03-22 14:00,9991.573065814284
03-22 14:15,13379.389642357142
03-22 14:30,6198.677953585714
03-22 14:45,15225.915740614286
03-22 15:00,9332.316974542857
03-22 15:15,28369.742192857146
03-22 15:30,23300.599490142857
03-22 15:45,8699.282978828573
03-22 16:00,16207.37138531143
03-22 16:15,3105.662661942857
03-22 16:30,12884.549287614287
03-22 16:45,17295.278962714285
03-22 17:00,9529.434314457145
03-22 17:15,2097.369115957143
03-22 17:30,1513.5420698857145
03-22 17:45,3099.6501330428573
03-22 18:00,7003.092894528572
03-22 18:15,11700.339957285716
03-22 18:30,2528.281198485715
03-22 18:45,5745.364892257143
03-22 19:00,0.0
03-22 19:15,0.0
03-22 19:30,0.0
03-22 19:45,3665.867893071429
03-22 20:00,5008.113195757143
03-22 20:15,5948.501996385715
03-22 20:30,8340.465736
03-22 20:45,8266.148636714286
03-22 21:00,3784.381696157143
03-22 21:15,436.270628257143
03-22 21:30,1594.1837562857147
03-22 21:45,0.0
03-22 22:00,0.0
03-22 22:15,0.0
03-22 22:30,33.30315935714312
03-22 22:45,2645.999210828572
03-22 23:00,2031.8230881171423
03-22 23:15,7245.535197185715
03-22 23:30,1658.826114285714
03-22 23:45,5632.941864271428
03-23 00:00,7328.322040071428
03-23 00:15,7988.118825235714
03-23 00:30,0.0
03-23 00:45,0.0
03-23 01:00,8211.878652028572
03-23 01:15,207.3583513728572
03-23 01:30,0.0
03-23 01:45,0.0
03-23 02:00,2119.3481779985714
03-23 02:15,273.2979261685742
03-23 02:30,0.0
03-23 02:45,1484.2857142857142
03-23 03:00,1484.2857142857142
03-23 03:15,1484.2857142857142
03-23 03:30,1484.2857142857142
03-23 03:45,1484.2857142857142
03-23 04:00,1484.2857142857142
03-23 04:15,1484.2857142857142
03-23 04:30,1484.2857142857142
03-23 04:45,1484.2857142857142
03-23 05:00,2650.6841772271428
03-23 05:15,6887.755153942857
03-23 05:30,1484.2857142857142
03-23 05:45,6834.436649971429
03-23 06:00,0.0
03-23 06:15,0.0
03-23 06:30,0.0
03-23 06:45,2030.426002757144
03-23 07:00,1723.927239
03-23 07:15,10002.136441785717
03-23 07:30,397.4712970428573
03-23 07:45,0.0
03-23 08:00,0.0
03-23 08:15,3486.612115657143
03-23 08:30,0.0
03-23 08:45,5495.948920257143
03-23 09:00,2532.002340357143
03-23 09:15,1571.5228071
03-23 09:30,9681.479946728572
03-23 09:45,9388.09493587143
03-23 10:00,16210.856281000002
03-23 10:15,11423.109586285716
03-23 10:30,3629.384749542857
03-23 10:45,12450.316562528573
03-23 11:00,4927.537565014285
03-23 11:15,8286.382515485715
03-23 11:30,14246.181769014283
03-23 11:45,16777.458506
03-23 12:00,3365.0589850857136
03-23 12:15,10831.1764849
03-23 12:30,5132.456136742858
03-23 12:45,5401.923730371429
03-23 13:00,21250.462772
03-23 13:15,5354.727027700001
03-23 13:30,8303.56253822857
03-23 13:45,15004.160054814283
03-23 14:00,4294.307594428572
03-23 14:15,12350.64435972857
03-23 14:30,4906.536942442857
03-23 14:45,4674.607413271429
03-23 15:00,2286.1895432971432
03-23 15:15,11536.465813657143
03-23 15:30,7823.793702557142
03-23 15:45,10032.090999914284
03-23 16:00,4105.933475542857
03-23 16:15,9833.931735514285
03-23 16:30,6099.877154657143
03-23 16:45,3342.0681627714284
03-23 17:00,0.0
03-23 17:15,0.0
03-23 17:30,1293.7485512428575
03-23 17:45,4762.333621828572
03-23 18:00,0.0
03-23 18:15,0.0
03-23 18:30,793.5191533428572
03-23 18:45,6076.838989414286
03-23 19:00,597.0558943000001
03-23 19:15,10.129667971428637
03-23 19:30,1898.7205995142856
03-23 19:45,290.2108357000003
03-23 20:00,0.0
03-23 20:15,5248.407534771428
03-23 20:30,4993.639324314287
03-23 20:45,0.0
03-23 21:00,0.0
03-23 21:15,0.0
03-23 21:30,0.0
03-23 21:45,0.0
03-23 22:00,0.0
03-23 22:15,0.0
03-23 22:30,0.0
03-23 22:45,0.0
03-23 23:00,0.0
03-23 23:15,2385.277345971429
03-23 23:30,0.0
03-23 23:45,3152.544820471429
03-24 00:00,2137.2750483857144
03-24 00:15,0.0
03-24 00:30,0.0
03-24 00:45,4211.259050042857
03-24 01:00,0.0
03-24 01:15,0.0
03-24 01:30,0.0
03-24 01:45,0.0
03-24 02:00,3482.748125728572
03-24 02:15,0.0
03-24 02:30,0.0
03-24 02:45,0.0
03-24 03:00,1484.2857142857142
03-24 03:15,1927.9862976628567
03-24 03:30,1484.2857142857142
03-24 03:45,1484.2857142857142
03-24 04:00,1484.2857142857142
03-24 04:15,2680.564765115714
03-24 04:30,1874.4053343414284
03-24 04:45,1484.2857142857142
03-24 05:00,1484.2857142857142
03-24 05:15,1484.2857142857142
03-24 05:30,1484.2857142857142
03-24 05:45,1484.2857142857142
03-24 06:00,103.91785577142868
03-24 06:15,794.2810975285714
03-24 06:30,805.7395918914222
03-24 06:45,6093.628072471429
03-24 07:00,528.0059709714286
03-24 07:15,2073.2429787
03-24 07:30,33.06741725714308
03-24 07:45,0.0
03-24 08:00,2440.8318362
03-24 08:15,3752.032981157143
03-24 08:30,1426.336428857143
03-24 08:45,5859.222123128571
03-24 09:00,2068.5995757000005
03-24 09:15,373.5362083857144
03-24 09:30,3093.314223571429
03-24 09:45,12376.222880342855
03-24 10:00,11044.702393885716
03-24 10:15,23529.478593
03-24 10:30,7214.485995
03-24 10:45,11127.714046942858
03-24 11:00,18211.232857857143
03-24 11:15,8944.508189971428
03-24 11:30,25331.425019857143
03-24 11:45,18871.58624328572
03-24 12:00,11870.221164971428
03-24 12:15,25777.090502571427
03-24 12:30,10945.885050957144
03-24 12:45,9040.735555514288
03-24 13:00,20705.915429
03-24 13:15,14483.779848885712
03-24 13:30,13768.440220414284
03-24 13:45,11662.6314323
03-24 14:00,6615.754519757143
03-24 14:15,5993.646707157142
03-24 14:30,15447.822447
03-24 14:45,9101.018609814286
03-24 15:00,4798.983770157143
03-24 15:15,6850.670657657142
03-24 15:30,3444.441195485714
03-24 15:45,9021.457631728572
03-24 16:00,9643.2383715
03-24 16:15,10386.866043571428
03-24 16:30,16621.320492285715
03-24 16:45,11515.81457205714
03-24 17:00,12543.130596642855
03-24 17:15,20712.86710528572
03-24 17:30,2631.8174118714287
03-24 17:45,5426.412004100001
03-24 18:00,4333.5957408
03-24 18:15,559.0374582428574
03-24 18:30,0.0
03-24 18:45,1215.3539916857146
03-24 19:00,873.2955298142857
03-24 19:15,10545.117351971428
03-24 19:30,6293.579971571429
03-24 19:45,635.4795455000002
03-24 20:00,1867.6509976428567
03-24 20:15,7364.1265214
03-24 20:30,10602.0301824
03-24 20:45,0.0
03-24 21:00,0.0
03-24 21:15,0.0
03-24 21:30,0.0
03-24 21:45,0.0
03-24 22:00,0.0
03-24 22:15,0.0
03-24 22:30,0.0
03-24 22:45,0.0
03-24 23:00,1484.2857142857142
03-24 23:15,1484.2857142857142
03-24 23:30,2048.8612980757143
03-24 23:45,1484.2857142857142
03-25 00:00,1484.2857142857142
03-25 00:15,1484.2857142857142
03-25 00:30,2106.1692906071426
03-25 00:45,2293.7156392700003
03-25 01:00,1484.2857142857142
03-25 01:15,1484.2857142857142
03-25 01:30,1484.2857142857142
03-25 01:45,1484.2857142857142
03-25 02:00,2030.4058470742848
03-25 02:15,1484.2857142857142
03-25 02:30,1484.2857142857142
03-25 02:45,1484.2857142857142
03-25 03:00,1796.2363439714284
03-25 03:15,2380.4148398714283
03-25 03:30,1953.0102755614284
03-25 03:45,1484.2857142857142
03-25 04:00,2711.89396961
03-25 04:15,2673.6107821514283
03-25 04:30,2580.0351555442853
03-25 04:45,2677.924554908572
03-25 05:00,3157.1177959571423
03-25 05:15,2612.0672617585715
03-25 05:30,1960.9790157742848
03-25 05:45,1484.2857142857142
03-25 06:00,1571.8574248714283
03-25 06:15,11240.853927128572
03-25 06:30,5648.810626657143
03-25 06:45,11799.723918185717
03-25 07:00,12065.045561585715
03-25 07:15,6587.026527100001
03-25 07:30,8278.873835057142
03-25 07:45,18264.001673857143
03-25 08:00,436.1145906714288
03-25 08:15,20039.98263557143
03-25 08:30,18020.939322857143
03-25 08:45,4936.696705985714
03-25 09:00,3139.463001942857
03-25 09:15,12735.312627728572
03-25 09:30,6780.278425971428
03-25 09:45,19326.53860457143
03-25 10:00,11771.138822771429
03-25 10:15,4561.094038014286
03-25 10:30,4982.440701900001
03-25 10:45,5768.6250187
03-25 11:00,6365.538317514285
03-25 11:15,4900.128094614286
03-25 11:30,4054.0427980285713
03-25 11:45,7833.614559661381
03-25 12:00,10853.85025747143
03-25 12:15,8169.1912374428575
03-25 12:30,7588.077706114285
03-25 12:45,4466.8972342
03-25 13:00,3417.8759547142854
03-25 13:15,6003.821722685715
03-25 13:30,5185.670862085715
03-25 13:45,2192.5239117714286
03-25 14:00,3527.8295691142857
03-25 14:15,20687.33586914285
03-25 14:30,14600.9642764
03-25 14:45,9890.838749885716
03-25 15:00,11118.174487685714
03-25 15:15,14453.498899028573
03-25 15:30,20930.017271428573
03-25 15:45,3721.6630676
03-25 16:00,6516.714088428572
03-25 16:15,9874.548095957143
03-25 16:30,6564.968696228572
03-25 16:45,6322.639741157143
03-25 17:00,12257.190640171428
03-25 17:15,13812.611905857144
03-25 17:30,9002.7367874
03-25 17:45,1340.3446053000002
03-25 18:00,8889.52296667143
03-25 18:15,3096.1224517142864
03-25 18:30,837.6923200000001
03-25 18:45,2434.0603648285714
03-25 19:00,773.2248261142859
03-25 19:15,4834.502884385714
03-25 19:30,0.0
03-25 19:45,230.5076844714285
03-25 20:00,1659.3074366
03-25 20:15,4309.8802002
03-25 20:30,4405.042087942858
03-25 20:45,0.0
03-25 21:00,3204.2524984000006
03-25 21:15,0.0
03-25 21:30,4469.633975557143
03-25 21:45,0.0
03-25 22:00,0.0
03-25 22:15,0.0
03-25 22:30,0.0
03-25 22:45,2325.161270214286
03-25 23:00,0.0
03-25 23:15,0.0
03-25 23:30,0.0
03-25 23:45,0.0
03-26 00:00,0.0
03-26 00:15,0.0
03-26 00:30,0.0
03-26 00:45,0.0
03-26 01:00,1484.2857142857142
03-26 01:15,1484.2857142857142
03-26 01:30,1484.2857142857142
03-26 01:45,1484.2857142857142
03-26 02:00,1762.871506637143
03-26 02:15,1484.2857142857142
03-26 02:30,1484.2857142857142
03-26 02:45,1484.2857142857142
03-26 03:00,1484.2857142857142
03-26 03:15,1484.2857142857142
03-26 03:30,1484.2857142857142
03-26 03:45,2021.9839559328573
03-26 04:00,1715.2661196142856
03-26 04:15,1484.2857142857142
03-26 04:30,1484.2857142857142
03-26 04:45,2978.150677071428
03-26 05:00,2430.87846661
03-26 05:15,3764.290272085714
03-26 05:30,2308.52711439
03-26 05:45,1870.753624427136
03-26 06:00,4811.691151985714
03-26 06:15,5033.569399342858
03-26 06:30,6486.276695414285
03-26 06:45,0.0
03-26 07:00,18677.143627142857
03-26 07:15,13587.324848285716
03-26 07:30,6220.896199728572
03-26 07:45,3326.070199671429
03-26 08:00,3348.8276877857147
03-26 08:15,9274.099439942856
03-26 08:30,7525.178341200001
03-26 08:45,3688.9659935428576
03-26 09:00,7213.51949917143
03-26 09:15,13894.884736285716
03-26 09:30,7887.156045557143
03-26 09:45,6581.842555857143
03-26 10:00,4678.648822700001
03-26 10:15,7194.739696757143
03-26 10:30,2117.9855762485763
03-26 10:45,5610.130428957143
03-26 11:00,2018.5747797428576
03-26 11:15,6463.580422457143
03-26 11:30,9002.670891685713
03-26 11:45,2935.733043528571
03-26 12:00,7214.563326371429
03-26 12:15,11803.4432741
03-26 12:30,11281.962327114286
03-26 12:45,3864.250085414285
03-26 13:00,3117.0165651
03-26 13:15,16853.03372814286
03-26 13:30,8294.483787628571
03-26 13:45,11149.325915742857
03-26 14:00,9248.513532685714
03-26 14:15,14760.570970685714
03-26 14:30,21339.292735857143
03-26 14:45,5399.108338357143
03-26 15:00,6409.438056271428
03-26 15:15,13665.097075857144
03-26 15:30,8085.307781642858
03-26 15:45,6746.431292057142
03-26 16:00,13776.262348685714
03-26 16:15,4143.749277557143
03-26 16:30,4954.564687042856
03-26 16:45,15981.877962714289
03-26 17:00,2537.1265307
03-26 17:15,1685.1543704857145
03-26 17:30,20598.860534285715
03-26 17:45,15927.20895514286
03-26 18:00,6624.431949928573
03-26 18:15,9684.642294157144
03-26 18:30,7047.617932428572
03-26 18:45,560.3845605000001
03-26 19:00,2591.3842604142865
03-26 19:15,8840.631958128572
03-26 19:30,574.8374170142858
03-26 19:45,7101.407762357143
03-26 20:00,1031.3542908000002
03-26 20:15,5124.538711400001
03-26 20:30,489.57219545714287
03-26 20:45,9233.282327714289
03-26 21:00,0.0
03-26 21:15,659.4952215428573
03-26 21:30,0.0
03-26 21:45,0.0
03-26 22:00,0.0
03-26 22:15,2424.604029128572
03-26 22:30,0.0
03-26 22:45,0.0
03-26 23:00,0.0
03-26 23:15,0.0
03-26 23:30,0.0
03-26 23:45,0.0
03-27 00:00,1484.2857142857142
03-27 00:15,1484.2857142857142
03-27 00:30,2037.0904303442856
03-27 00:45,1484.2857142857142
03-27 01:00,1484.2857142857142
03-27 01:15,1484.2857142857142
03-27 01:30,1484.2857142857142
03-27 01:45,4997.740326157144
03-27 02:00,1484.2857142857142
03-27 02:15,1853.8389734871428
03-27 02:30,1484.2857142857142
03-27 02:45,1821.4890644857144
03-27 03:00,1484.2857142857142
03-27 03:15,1484.2857142857142
03-27 03:30,1484.2857142857142
03-27 03:45,1484.2857142857142
03-27 04:00,1617.484883516
03-27 04:15,1484.2857142857142
03-27 04:30,1986.9571891
03-27 04:45,1484.2857142857142
03-27 05:00,4838.313906231427
03-27 05:15,2044.79224231
03-27 05:30,1484.2857142857142
03-27 05:45,598.9845489285715
03-27 06:00,5906.613824085715
03-27 06:15,1211.504826457143
03-27 06:30,5956.995924242858
03-27 06:45,3013.9525653285714
03-27 07:00,3994.0046676428574
03-27 07:15,3457.3491723714283
03-27 07:30,22289.001049285715
03-27 07:45,16074.463339714284
03-27 08:00,13348.572110428571
03-27 08:15,6638.711207857144
03-27 08:30,13614.336716857144
03-27 08:45,911.3178277571428
03-27 09:00,2316.295114842858
03-27 09:15,97.26969811428587
03-27 09:30,7352.157478542857
03-27 09:45,5181.899212914287
03-27 10:00,259.98889411428564
03-27 10:15,16643.07750042857
03-27 10:30,16233.181713857146
03-27 10:45,5157.8052758428585
03-27 11:00,8494.7397478
03-27 11:15,6478.542976342858
03-27 11:30,7888.929307200001
03-27 11:45,1773.0224703
03-27 12:00,1344.6404795428573
03-27 12:15,0.0
03-27 12:30,2036.607306589998
03-27 12:45,4193.092261399999
03-27 13:00,17686.38735542857
03-27 13:15,5378.994763657143
03-27 13:30,16949.77733514286
03-27 13:45,10002.940149528573
03-27 14:00,9624.058159385711
03-27 14:15,3249.449948442857
03-27 14:30,5233.119054928571
03-27 14:45,5514.921028042858
03-27 15:00,14074.219439285716
03-27 15:15,9586.150126985714
03-27 15:30,9313.761662357145
03-27 15:45,14540.659530514286
03-27 16:00,11317.2362834
03-27 16:15,18168.975439857142
03-27 16:30,18410.862518571423
03-27 16:45,23968.163837857144
03-27 17:00,9215.406176757144
03-27 17:15,7915.1817601428575
03-27 17:30,16349.241313142858
03-27 17:45,24389.80183085714
03-27 18:00,18279.491827142858
03-27 18:15,2918.966140900001
03-27 18:30,8401.497052271428
03-27 18:45,1697.975689357143
03-27 19:00,9159.10466234286
03-27 19:15,1031.6027904714288
03-27 19:30,0.0
03-27 19:45,4448.727607614286
03-27 20:00,10649.701446057144
03-27 20:15,0.0
03-27 20:30,2183.2298703428573
03-27 20:45,0.0
03-27 21:00,0.0
03-27 21:15,9015.956841242858
03-27 21:30,90.43357687142864
03-27 21:45,0.0
03-27 22:00,0.0
03-27 22:15,0.0
03-27 22:30,0.0
03-27 22:45,0.0
03-27 23:00,2144.071517814285
03-27 23:15,1484.2857142857142
03-27 23:30,2857.82848534
03-27 23:45,1790.208297065714
03-28 00:00,1484.2857142857142
03-28 00:15,1484.2857142857142
03-28 00:30,1484.2857142857142
03-28 00:45,1886.9036013214284
03-28 01:00,1484.2857142857142
03-28 01:15,1484.2857142857142
03-28 01:30,1484.2857142857142
03-28 01:45,1484.2857142857142
03-28 02:00,1484.2857142857142
03-28 02:15,1484.2857142857142
03-28 02:30,1484.2857142857142
03-28 02:45,1484.2857142857142
03-28 03:00,1866.825218568572
03-28 03:15,1484.2857142857142
03-28 03:30,1976.719193367143
03-28 03:45,1484.2857142857142
03-28 04:00,1484.2857142857142
03-28 04:15,3623.699285271429
03-28 04:30,1484.2857142857142
03-28 04:45,2102.8064442214286
03-28 05:00,4898.956871128572
03-28 05:15,2519.944274467143
03-28 05:30,2797.643529082857
03-28 05:45,3402.387310614285
03-28 06:00,2327.6244851285715
03-28 06:15,1182.8298604571428
03-28 06:30,7268.959784914286
03-28 06:45,6855.774342457144
03-28 07:00,5985.1248592
03-28 07:15,9245.716241985714
03-28 07:30,11993.48084387143
03-28 07:45,1947.3728430571432
03-28 08:00,3857.5041827428577
03-28 08:15,1230.4303655285717
03-28 08:30,6363.684627028571
03-28 08:45,9053.953105485716
03-28 09:00,1853.1326384
03-28 09:15,1660.2429931857148
03-28 09:30,6886.038494642858
03-28 09:45,6282.676968928572
03-28 10:00,5682.7320497857145
03-28 10:15,12344.172027142857
03-28 10:30,1467.3964279571433
03-28 10:45,9823.927797742856
03-28 11:00,8249.427170500001
03-28 11:15,12328.53311452857
03-28 11:30,7093.139338157143
03-28 11:45,8142.640286514286
03-28 12:00,4467.419342185715
03-28 12:15,14378.35227137143
03-28 12:30,7703.422306914285
03-28 12:45,6960.550710099999
03-28 13:00,4768.439721257142
03-28 13:15,14224.615675614285
03-28 13:30,3024.2312347714283
03-28 13:45,9838.0120751
03-28 14:00,11261.290516657142
03-28 14:15,18208.564289
03-28 14:30,3430.8040534428574
03-28 14:45,14344.939263368617
03-28 15:00,12464.348406185716
03-28 15:15,7326.175151085715
03-28 15:30,7018.126232142858
03-28 15:45,2234.3800511571426
03-28 16:00,11587.4731948
03-28 16:15,19725.488120571423
03-28 16:30,1429.3423958571432
03-28 16:45,16746.920136142857
03-28 17:00,9903.176023057144
03-28 17:15,1804.6828666857143
03-28 17:30,19527.63575828572
03-28 17:45,16489.55681857143
03-28 18:00,2440.692199914286
03-28 18:15,16637.218915857145
03-28 18:30,3268.0977642142866
03-28 18:45,10671.392700971428
03-28 19:00,305.0936288142858
03-28 19:15,4916.060225200001
03-28 19:30,179.75565361428573
03-28 19:45,2213.179265157143
03-28 20:00,8030.140702285716
03-28 20:15,0.0
03-28 20:30,0.0
03-28 20:45,4466.262553457143
03-28 21:00,1536.4471266285716
03-28 21:15,0.0
03-28 21:30,0.0
03-28 21:45,0.0
03-28 22:00,2134.7930564014287
03-28 22:15,1902.3503744857144
03-28 22:30,1484.2857142857142
03-28 22:45,4383.093531514286
03-28 23:00,439.1936075442857
03-28 23:15,0.0
03-28 23:30,6749.724035657143
03-28 23:45,0.0
03-29 00:00,0.0
03-29 00:15,426.86456336
03-29 00:30,0.0
03-29 00:45,678.8469417657144
03-29 01:00,1484.2857142857142
03-29 01:15,1484.2857142857142
03-29 01:30,1484.2857142857142
03-29 01:45,1484.2857142857142
03-29 02:00,1819.8028639957145
03-29 02:15,1812.709666505714
03-29 02:30,7888.468879414286
03-29 02:45,1484.2857142857142
03-29 03:00,1484.2857142857142
03-29 03:15,1484.2857142857142
03-29 03:30,1484.2857142857142
03-29 03:45,1484.2857142857142
03-29 04:00,1484.2857142857142
03-29 04:15,1484.2857142857142
03-29 04:30,1484.2857142857142
03-29 04:45,1484.2857142857142
03-29 05:00,2018.8012437442856
03-29 05:15,1484.2857142857142
03-29 05:30,2801.0491814657144
03-29 05:45,1484.2857142857142
03-29 06:00,2330.1561386857147
03-29 06:15,13523.890855285714
03-29 06:30,3989.152235600001
03-29 06:45,5547.619643071429
03-29 07:00,19380.594598857144
03-29 07:15,5804.969318528572
03-29 07:30,7987.482971300001
03-29 07:45,2913.0960838
03-29 08:00,2424.0608306857143
03-29 08:15,7791.178787871428
03-29 08:30,12927.650254857144
03-29 08:45,644.4248702428574
03-29 09:00,2680.340025357143
03-29 09:15,2111.9258669428573
03-29 09:30,13927.236127
03-29 09:45,3906.6602760285714
03-29 10:00,10185.846530385714
03-29 10:15,1886.6713431142853
03-29 10:30,3732.0918420142857
03-29 10:45,6867.076255785715
03-29 11:00,9932.253579814287
03-29 11:15,5441.963792257143
03-29 11:30,13702.806737957142
03-29 11:45,15593.2413767
03-29 12:00,6738.583868928571
03-29 12:15,5780.5640561857135
03-29 12:30,5944.644443042857
03-29 12:45,4523.347577814286
03-29 13:00,14591.28077885714
03-29 13:15,8202.12339582857
03-29 13:30,12461.60889247143
03-29 13:45,14591.83386397143
03-29 14:00,25397.49460342857
03-29 14:15,14091.354174814289
03-29 14:30,15255.767165671428
03-29 14:45,10495.486964385716
03-29 15:00,15078.721628657144
03-29 15:15,8100.725175999999
03-29 15:30,6943.898893485714
03-29 15:45,11400.0167087
03-29 16:00,6132.159376971428
03-29 16:15,6185.628893142857
03-29 16:30,12217.218089414286
03-29 16:45,14154.194017371428
03-29 17:00,11036.878926885714
03-29 17:15,15197.392897142858
03-29 17:30,15198.355052571427
03-29 17:45,10415.181349214286
03-29 18:00,4876.32908957143
03-29 18:15,6681.610985557144
03-29 18:30,13654.158904714286
03-29 18:45,10217.286224814288
03-29 19:00,4628.845911585715
03-29 19:15,584.8548855285715
03-29 19:30,9645.005945342858
03-29 19:45,5551.210697514287
03-29 20:00,0.0
03-29 20:15,0.0
03-29 20:30,0.0
03-29 20:45,1066.7057996714286
03-29 21:00,2536.4377297285714
03-29 21:15,536.046188514286
03-29 21:30,0.0
03-29 21:45,81.66502921428588
03-29 22:00,0.0
03-29 22:15,0.0
03-29 22:30,0.0
03-29 22:45,0.0
03-29 23:00,1208.8662714857144
03-29 23:15,3163.404878128572
03-29 23:30,0.0
03-29 23:45,0.0
03-30 00:00,0.0
03-30 00:15,0.0
03-30 00:30,0.0
03-30 00:45,0.0
03-30 01:00,2005.703818481429
03-30 01:15,1668.579151114286
03-30 01:30,1008.9222178757128
03-30 01:45,0.0
03-30 02:00,1832.980140502857
03-30 02:15,0.0
03-30 02:30,2000.59587685
03-30 02:45,2165.2847571942857
03-30 03:00,0.0
03-30 03:15,0.0
03-30 03:30,0.0
03-30 03:45,0.0
03-30 04:00,0.0
03-30 04:15,0.0
03-30 04:30,0.0
03-30 04:45,0.0
03-30 05:00,0.0
03-30 05:15,0.0
03-30 05:30,0.0
03-30 05:45,0.0
03-30 06:00,3488.0990786428574
03-30 06:15,2439.744875185714
03-30 06:30,0.0
03-30 06:45,435.24284296
03-30 07:00,5271.033278542857
03-30 07:15,3136.3150063714284
03-30 07:30,8340.538540342857
03-30 07:45,13839.580765385714
03-30 08:00,3602.788005814285
03-30 08:15,6924.153277057143
03-30 08:30,667.130913
03-30 08:45,0.0
03-30 09:00,1959.8197572857143
03-30 09:15,5098.6292799
03-30 09:30,2118.7045471171427
03-30 09:45,8533.668785985714
03-30 10:00,8405.408538942856
03-30 10:15,13497.614313442857
03-30 10:30,18964.28149642857
03-30 10:45,21739.985128857144
03-30 11:00,14610.644566071427
03-30 11:15,8798.635482514286
03-30 11:30,14972.449262485714
03-30 11:45,11433.860582314286
03-30 12:00,16477.291700142858
03-30 12:15,13676.830999300002
03-30 12:30,9994.01609082857
03-30 12:45,4066.6038295
03-30 13:00,15506.296083614285
03-30 13:15,15366.783972342855
03-30 13:30,11240.144974314286
03-30 13:45,8760.343160657141
03-30 14:00,11984.9994851
03-30 14:15,6307.0032887
03-30 14:30,4247.271049585714
03-30 14:45,4198.7084964714295
03-30 15:00,6019.342074085715
03-30 15:15,14010.431386871427
03-30 15:30,16688.968390857146
03-30 15:45,13380.1173565
03-30 16:00,15204.895996271429
03-30 16:15,2823.9002750799987
03-30 16:30,1170.058192571429
03-30 16:45,14399.591055657142
03-30 17:00,3299.245153942857
03-30 17:15,4819.326579414286
03-30 17:30,1162.309315571429
03-30 17:45,2530.957262342857
03-30 18:00,2534.1354264
03-30 18:15,2232.478967214286
03-30 18:30,2616.497627242857
03-30 18:45,10488.563222928571
03-30 19:00,6252.624541428572
03-30 19:15,7727.836334757144
03-30 19:30,92.16826935714305
03-30 19:45,1571.2263103714283
03-30 20:00,4319.786595957143
03-30 20:15,248.5506823285715
03-30 20:30,0.0
03-30 20:45,253.408853714286
03-30 21:00,4175.789157042857
03-30 21:15,0.0
03-30 21:30,4652.196569342858
03-30 21:45,0.0
03-30 22:00,48.79350611428571
03-30 22:15,267.63431315714286
03-30 22:30,0.0
03-30 22:45,0.0
03-30 23:00,0.0
03-30 23:15,0.0
03-30 23:30,0.0
03-30 23:45,0.0
03-31 00:00,0.0
03-31 00:15,0.0
03-31 00:30,0.0
03-31 00:45,2125.684034314286
03-31 01:00,0.0
03-31 01:15,0.0
03-31 01:30,0.0
03-31 01:45,0.0
03-31 02:00,508.0485584199548
03-31 02:15,0.0
03-31 02:30,2583.3602554942854
03-31 02:45,2374.6522954385714
03-31 03:00,1484.2857142857142
03-31 03:15,1484.2857142857142
03-31 03:30,1484.2857142857142
03-31 03:45,1484.2857142857142
03-31 04:00,1917.27009569
03-31 04:15,1484.2857142857142
03-31 04:30,2373.9832895257146
03-31 04:45,1484.2857142857142
03-31 05:00,1484.2857142857142
03-31 05:15,1484.2857142857142
03-31 05:30,1484.2857142857142
03-31 05:45,1484.2857142857142
03-31 06:00,0.0
03-31 06:15,0.0
03-31 06:30,0.0
03-31 06:45,2036.5313759
03-31 07:00,0.0
03-31 07:15,0.0
03-31 07:30,0.0
03-31 07:45,0.0
03-31 08:00,5761.451554014286
03-31 08:15,4981.965804028571
03-31 08:30,7680.246618514287
03-31 08:45,6560.3552755
03-31 09:00,3835.706011742857
03-31 09:15,16150.638909285712
03-31 09:30,6970.801109885714
03-31 09:45,11372.989314142857
03-31 10:00,5454.820473985715
03-31 10:15,6417.173693785714
03-31 10:30,13726.741038314283
03-31 10:45,15490.708756814283
03-31 11:00,22402.459865
03-31 11:15,5551.883395357144
03-31 11:30,25066.39120771429
03-31 11:45,15986.608117285716
03-31 12:00,18521.44759528572
03-31 12:15,16009.801638571427
03-31 12:30,11349.916013842856
03-31 12:45,11761.104705571428
03-31 13:00,9754.720522
03-31 13:15,20120.07646157143
03-31 13:30,9589.566290771429
03-31 13:45,9825.039267185712
03-31 14:00,20921.01321942857
03-31 14:15,14284.926424542857
03-31 14:30,4878.236792114287
03-31 14:45,17634.936770142856
03-31 15:00,14066.213871642856
03-31 15:15,11748.084442100002
03-31 15:30,9660.314683128572
03-31 15:45,18905.234407857144
03-31 16:00,4695.4102808
03-31 16:15,7128.224493657142
03-31 16:30,17682.99670285714
03-31 16:45,5355.750421814286
03-31 17:00,9990.898266114284
03-31 17:15,17875.74179057143
03-31 17:30,9051.731789157144
03-31 17:45,2565.8425213142864
03-31 18:00,14587.95246457143
03-31 18:15,9.907494071428642
03-31 18:30,631.835244314286
03-31 18:45,592.5865653428574
03-31 19:00,1178.228984814286
03-31 19:15,6967.239451985715
03-31 19:30,305.791144214286
03-31 19:45,0.0
03-31 20:00,9173.785719442858
03-31 20:15,179.16782897142872
03-31 20:30,11229.011544257142
03-31 20:45,1354.8331158714286
03-31 21:00,0.0
03-31 21:15,0.0
03-31 21:30,0.0
03-31 21:45,0.0
03-31 22:00,207.86993367142864
03-31 22:15,0.0
03-31 22:30,0.0
03-31 22:45,3276.4473660142867
03-31 23:00,2388.60109756
03-31 23:15,1484.2857142857142
03-31 23:30,1484.2857142857142
03-31 23:45,1484.2857142857142
04-01 00:00,1484.2857142857142
04-01 00:15,1484.2857142857142
04-01 00:30,2193.366860664286
04-01 00:45,1484.2857142857142
04-01 01:00,4912.671198442857
04-01 01:15,1484.2857142857142
04-01 01:30,1484.2857142857142
04-01 01:45,6217.643033171429
04-01 02:00,1484.2857142857142
04-01 02:15,1484.2857142857142
04-01 02:30,1484.2857142857142
04-01 02:45,1484.2857142857142
04-01 03:00,1484.2857142857142
04-01 03:15,1484.2857142857142
04-01 03:30,1954.88075248
04-01 03:45,6550.9959678000005
04-01 04:00,0.0
04-01 04:15,0.0
04-01 04:30,0.0
04-01 04:45,0.0
04-01 05:00,0.0
04-01 05:15,0.0
04-01 05:30,4137.100538314286
04-01 05:45,77.06264145714309
04-01 06:00,3399.3273904142857
04-01 06:15,0.0
04-01 06:30,922.996176
04-01 06:45,15029.670116
04-01 07:00,1393.8139648285712
04-01 07:15,6499.047234228573
04-01 07:30,17219.848126714285
04-01 07:45,1698.5399264428574
04-01 08:00,12327.197332857142
04-01 08:15,14263.797384285715
04-01 08:30,9403.910752714286
04-01 08:45,11502.6772624
04-01 09:00,7478.714311228573
04-01 09:15,284.32374032857143
04-01 09:30,1401.9133116714286
04-01 09:45,1464.0314834428573
04-01 10:00,4979.0236129
04-01 10:15,10241.697672657145
04-01 10:30,8297.219709342859
04-01 10:45,5432.6631237
04-01 11:00,14829.61606357143
04-01 11:15,1001.561339957143
04-01 11:30,7313.247738442858
04-01 11:45,2840.9336261857147
04-01 12:00,2929.1006826142866
04-01 12:15,6799.455675007149
04-01 12:30,4362.6312011857135
04-01 12:45,14577.596218285717
04-01 13:00,10949.156117157145
04-01 13:15,24859.29886342857
04-01 13:30,18891.94502328572
04-01 13:45,9760.490395042856
04-01 14:00,6121.158914085714
04-01 14:15,12088.508096342855
04-01 14:30,14442.1459714
04-01 14:45,10858.888189271427
04-01 15:00,18833.34494685714
04-01 15:15,13055.498378214284
04-01 15:30,5305.3193965857145
04-01 15:45,12121.801467042858
04-01 16:00,12798.753330514286
04-01 16:15,2408.496123957143
04-01 16:30,9909.984881514289
04-01 16:45,2710.803121671429
04-01 17:00,7529.1062279
04-01 17:15,1436.3224874
04-01 17:30,17901.213787857145
04-01 17:45,2498.513098714286
04-01 18:00,21093.430738714287
04-01 18:15,5016.101391385715
04-01 18:30,14427.138654
04-01 18:45,8288.671771342857
04-01 19:00,664.2784131142857
04-01 19:15,7121.6383319
04-01 19:30,32.4082559000002
04-01 19:45,0.0
04-01 20:00,0.0
04-01 20:15,23.30030551428568
04-01 20:30,0.0
04-01 20:45,0.0
04-01 21:00,0.0
04-01 21:15,0.0
04-01 21:30,7287.971833785715
04-01 21:45,0.0
04-01 22:00,11682.96071827143
04-01 22:15,2527.0932601985714
04-01 22:30,10038.099905685714
04-01 22:45,2713.7839578628573
04-01 23:00,9113.126141714283
04-01 23:15,1484.2857142857142
04-01 23:30,2566.201569717143
04-01 23:45,1484.2857142857142
04-02 00:00,1866.717738698571
04-02 00:15,1484.2857142857142
04-02 00:30,6167.198887528572
04-02 00:45,1484.2857142857142
04-02 01:00,1484.2857142857142
04-02 01:15,1484.2857142857142
04-02 01:30,1484.2857142857142
04-02 01:45,2082.267446762857
04-02 02:00,1484.2857142857142
04-02 02:15,1484.2857142857142
04-02 02:30,2021.368179568572
04-02 02:45,2265.8077068114285
04-02 03:00,6960.722414599999
04-02 03:15,1938.9723204342847
04-02 03:30,2645.143936832857
04-02 03:45,1484.2857142857142
04-02 04:00,4754.731046871428
04-02 04:15,1484.2857142857142
04-02 04:30,7409.733694271428
04-02 04:45,1484.2857142857142
04-02 05:00,0.0
04-02 05:15,0.0
04-02 05:30,138.88106438571447
04-02 05:45,2812.200468771429
04-02 06:00,8730.148102714287
04-02 06:15,798.2671802000001
04-02 06:30,807.5411824285716
04-02 06:45,0.0
04-02 07:00,9664.585239614287
04-02 07:15,6467.605125185715
04-02 07:30,7055.4528476000005
04-02 07:45,11559.496553328572
04-02 08:00,15125.971467857144
04-02 08:15,8913.97020817143
04-02 08:30,2180.761282042857
04-02 08:45,6356.688274842858
04-02 09:00,2365.288149728571
04-02 09:15,6468.356000571429
04-02 09:30,0.0
04-02 09:45,8834.065064114286
04-02 10:00,2995.2656335714287
04-02 10:15,19550.053125571427
04-02 10:30,3151.766109642857
04-02 10:45,10668.40933042857
04-02 11:00,22412.148124714284
04-02 11:15,11041.8002308
04-02 11:30,5780.031503142856
04-02 11:45,17586.214336285713
04-02 12:00,8179.203747899999
04-02 12:15,11981.787394557145
04-02 12:30,4865.111663557143
04-02 12:45,4327.129983171429
04-02 13:00,16906.331461
04-02 13:15,9813.70803287143
04-02 13:30,10765.881930099998
04-02 13:45,6613.556530257142
04-02 14:00,11678.329598414286
04-02 14:15,12078.88861297143
04-02 14:30,12448.359307757144
04-02 14:45,8310.619013257145
04-02 15:00,9312.254411542855
04-02 15:15,7528.025440528571
04-02 15:30,3537.122970514286
04-02 15:45,16180.768307857144
04-02 16:00,7264.525734342858
04-02 16:15,9381.518200128572
04-02 16:30,11298.959049928571
04-02 16:45,16446.53747857143
04-02 17:00,11539.035628514286
04-02 17:15,6499.746517242857
04-02 17:30,3536.4989946571422
04-02 17:45,8036.069406985715
04-02 18:00,914.6911347428572
04-02 18:15,1728.8068882285716
04-02 18:30,5770.49050797143
04-02 18:45,8777.986190328571
04-02 19:00,11093.266372285714
04-02 19:15,4460.209809357144
04-02 19:30,0.0
04-02 19:45,0.0
04-02 20:00,1146.1035661142855
04-02 20:15,0.0
04-02 20:30,5653.268051842858
04-02 20:45,0.0
04-02 21:00,4311.284365642857
04-02 21:15,6174.541902685714
04-02 21:30,0.0
04-02 21:45,0.0
04-02 22:00,1992.9653839342857
04-02 22:15,1916.8592771442857
04-02 22:30,1484.2857142857142
04-02 22:45,5834.1644468714285
04-02 23:00,2129.319454502857
04-02 23:15,1484.2857142857142
04-02 23:30,2106.076762688572
04-02 23:45,1484.2857142857142
04-03 00:00,3827.524486871429
04-03 00:15,2788.787327597143
04-03 00:30,1484.2857142857142
04-03 00:45,1859.3644863228567
04-03 01:00,1484.2857142857142
04-03 01:15,2067.7296711885715
04-03 01:30,1901.2401342585715
04-03 01:45,1484.2857142857142
04-03 02:00,1484.2857142857142
04-03 02:15,1484.2857142857142
04-03 02:30,1484.2857142857142
04-03 02:45,1484.2857142857142
04-03 03:00,0.0
04-03 03:15,1484.2857142857142
04-03 03:30,120.94773690713671
04-03 03:45,931.7275141842856
04-03 04:00,0.0
04-03 04:15,654.9011094871404
04-03 04:30,0.0
04-03 04:45,1484.2857142857142
04-03 05:00,3402.8115576
04-03 05:15,0.0
04-03 05:30,0.0
04-03 05:45,0.0
04-03 06:00,6745.964355928572
04-03 06:15,1792.060507585714
04-03 06:30,5334.037234514287
04-03 06:45,14147.880163285714
04-03 07:00,5653.5737494
04-03 07:15,11390.499633014286
04-03 07:30,21399.767082
04-03 07:45,6558.816523828572
04-03 08:00,245.5639024142859
04-03 08:15,7703.906485728572
04-03 08:30,2895.926942242858
04-03 08:45,6681.896345571429
04-03 09:00,12231.84133225714
04-03 09:15,3347.336527628572
04-03 09:30,6034.674194257143
04-03 09:45,7709.273710000001
04-03 10:00,9614.18953957143
04-03 10:15,5949.485382542858
04-03 10:30,10411.220097628571
04-03 10:45,4947.1671978714285
04-03 11:00,0.0
04-03 11:15,4364.8786065714285
04-03 11:30,12685.187527514288
04-03 11:45,8550.363078957143
04-03 12:00,8948.943886157143
04-03 12:15,4366.136957028572
04-03 12:30,6319.157336557144
04-03 12:45,1171.0054583428573
04-03 13:00,9758.084584728573
04-03 13:15,11772.015947342858
04-03 13:30,3490.564806585714
04-03 13:45,4295.025724041474
04-03 14:00,9884.048182342856
04-03 14:15,14313.58947062857
04-03 14:30,5152.066525242857
04-03 14:45,5488.675205514285
04-03 15:00,5252.525898728572
04-03 15:15,6078.457747771428
04-03 15:30,11685.806436585715
04-03 15:45,9699.232701314286
04-03 16:00,13238.82559
04-03 16:15,4148.875896114286
04-03 16:30,16953.806487285714
04-03 16:45,23239.70701528571
04-03 17:00,8751.629999328574
04-03 17:15,3890.578686928572
04-03 17:30,9186.882424257145
04-03 17:45,12128.952273042858
04-03 18:00,6649.265561357143
04-03 18:15,6186.501693614286
04-03 18:30,10811.761402771428
04-03 18:45,4887.147212700001
04-03 19:00,180.39685807142865
04-03 19:15,1848.3074608571428
04-03 19:30,509.6143217857144
04-03 19:45,3752.503142628572
04-03 20:00,0.0
04-03 20:15,3642.804434057143
04-03 20:30,0.0
04-03 20:45,3369.7754121714293
04-03 21:00,6454.272125899999
04-03 21:15,1484.2857142857142
04-03 21:30,2598.2726928271422
04-03 21:45,6321.458757428572
04-03 22:00,1740.1017354257142
04-03 22:15,2077.82855223
04-03 22:30,2115.00288306
04-03 22:45,5176.926236857143
04-03 23:00,1484.2857142857142
04-03 23:15,2180.0444375214283
04-03 23:30,2968.929608714285
04-03 23:45,1683.1427832671427
04-04 00:00,1484.2857142857142
04-04 00:15,1596.571379923714
04-04 00:30,1484.2857142857142
04-04 00:45,2776.5923394157144
04-04 01:00,1484.2857142857142
04-04 01:15,1484.2857142857142
04-04 01:30,1484.2857142857142
04-04 01:45,2016.21151689
04-04 02:00,1484.2857142857142
04-04 02:15,1484.2857142857142
04-04 02:30,1484.2857142857142
04-04 02:45,1484.2857142857142
04-04 03:00,1484.2857142857142
04-04 03:15,1484.2857142857142
04-04 03:30,1730.8943729671428
04-04 03:45,1484.2857142857142
04-04 04:00,2257.8312257271427
04-04 04:15,2187.175581202857
04-04 04:30,2318.304359747143
04-04 04:45,1484.2857142857142
04-04 05:00,0.0
04-04 05:15,0.0
04-04 05:30,0.0
04-04 05:45,0.0
04-04 06:00,1319.8894550571429
04-04 06:15,21568.108418857144
04-04 06:30,868.8239764714286
04-04 06:45,670.5262484000001
04-04 07:00,6916.4586746714285
04-04 07:15,22687.69286142857
04-04 07:30,12518.81374327143
04-04 07:45,11869.317439385712
04-04 08:00,8920.193815385715
04-04 08:15,8848.476344814288
04-04 08:30,1015.4773191285716
04-04 08:45,19322.263945
04-04 09:00,4477.978664571429
04-04 09:15,2813.188440971429
04-04 09:30,4178.061236914286
04-04 09:45,3058.622856057142
04-04 10:00,0.0
04-04 10:15,803.3522505857145
04-04 10:30,7016.705595928572
04-04 10:45,1145.7471429714287
04-04 11:00,2893.694258
04-04 11:15,4635.821557600001
04-04 11:30,5140.128436042858
04-04 11:45,5071.358419571429
04-04 12:00,14424.274539428574
04-04 12:15,458.3592871142859
04-04 12:30,3430.1423751428574
04-04 12:45,3801.190222971428
04-04 13:00,5642.834052742857
04-04 13:15,8300.611221114286
04-04 13:30,4186.715371171428
04-04 13:45,6397.846755885715
04-04 14:00,13524.2539314
04-04 14:15,2855.7341167985714
04-04 14:30,20171.657798714285
04-04 14:45,6974.985377242857
04-04 15:00,15510.813580985716
04-04 15:15,6381.244795742857
04-04 15:30,20266.14235014285
04-04 15:45,6152.417462171428
04-04 16:00,10089.484710671428
04-04 16:15,11062.804188685714
04-04 16:30,15291.087819114287
04-04 16:45,10042.14219732857
04-04 17:00,3028.4858719428576
04-04 17:15,9356.281906885712
04-04 17:30,3315.712752271428
04-04 17:45,14085.60877514286
04-04 18:00,10898.804238442855
04-04 18:15,1447.8512096714285
04-04 18:30,11463.815663785716
04-04 18:45,2050.268874971429
04-04 19:00,1262.2098805
04-04 19:15,0.0
04-04 19:30,2880.9267873857143
04-04 19:45,6652.0410147
04-04 20:00,0.0
04-04 20:15,0.0
04-04 20:30,1885.472922714286
04-04 20:45,0.0
04-04 21:00,11829.724141185716
04-04 21:15,3198.2832051999994
04-04 21:30,2497.406640714285
04-04 21:45,8967.763688257144
04-04 22:00,3986.6764422857145
04-04 22:15,2067.4312781242857
04-04 22:30,8376.004025857143
04-04 22:45,2124.907289845714
04-04 23:00,1484.2857142857142
04-04 23:15,2256.857116188572
04-04 23:30,1977.8900740942847
04-04 23:45,1814.0074740314285
04-05 00:00,1484.2857142857142
04-05 00:15,8693.7577666
04-05 00:30,1484.2857142857142
04-05 00:45,6821.105590085714
04-05 01:00,1484.2857142857142
04-05 01:15,1484.2857142857142
04-05 01:30,1484.2857142857142
04-05 01:45,1990.360458992857
04-05 02:00,1484.2857142857142
04-05 02:15,3025.8690477428568
04-05 02:30,1955.616028432857
04-05 02:45,1484.2857142857142
04-05 03:00,1484.2857142857142
04-05 03:15,1484.2857142857142
04-05 03:30,1484.2857142857142
04-05 03:45,1484.2857142857142
04-05 04:00,1484.2857142857142
04-05 04:15,1484.2857142857142
04-05 04:30,1484.2857142857142
04-05 04:45,1484.2857142857142
04-05 05:00,0.0
04-05 05:15,0.0
04-05 05:30,3440.166972685714
04-05 05:45,0.0
04-05 06:00,10262.777396614289
04-05 06:15,294.02588721428583
04-05 06:30,1854.0823377142856
04-05 06:45,5134.568655528572
04-05 07:00,4006.918960371429
04-05 07:15,12081.487051414288
04-05 07:30,2804.9937450428574
04-05 07:45,6291.363488685714
04-05 08:00,8694.08209787143
04-05 08:15,8789.995559385714
04-05 08:30,6136.611560071429
04-05 08:45,4963.810197171429
04-05 09:00,5538.894145442858
04-05 09:15,6269.590933914285
04-05 09:30,14272.357943857143
04-05 09:45,2155.115306414286
04-05 10:00,8837.202353042858
04-05 10:15,3036.1541791571435
04-05 10:30,3493.1674948571435
04-05 10:45,534.9042107857144
04-05 11:00,5602.967010028571
04-05 11:15,1567.2179009571428
04-05 11:30,5013.260553200001
04-05 11:45,2551.490449157143
04-05 12:00,17192.517554571426
04-05 12:15,20448.672001857143
04-05 12:30,9175.5211813
04-05 12:45,14114.370463028572
04-05 13:00,21264.945140857144
04-05 13:15,7451.145676514285
04-05 13:30,11059.394803542858
04-05 13:45,18162.461130714288
04-05 14:00,20158.847998714285
04-05 14:15,11686.844986071428
04-05 14:30,3804.1323299
04-05 14:45,20646.81407057143
04-05 15:00,8388.516904557144
04-05 15:15,11071.542932528571
04-05 15:30,9056.4456918
04-05 15:45,15418.810545242855
04-05 16:00,18436.71816714285
04-05 16:15,8387.344181542858
04-05 16:30,7290.217484957143
04-05 16:45,2962.449637571429
04-05 17:00,8794.794338585716
04-05 17:15,1864.5131916428568
04-05 17:30,1786.2952434857143
04-05 17:45,5710.6473390142855
04-05 18:00,6770.118279385714
04-05 18:15,13377.100394714287
04-05 18:30,2850.114929785714
04-05 18:45,1267.7129013000003
04-05 19:00,0.0
04-05 19:15,1492.3050698571428
04-05 19:30,0.0
04-05 19:45,1022.2581761285714
04-05 20:00,5182.185021128571
04-05 20:15,70.2970876285715
04-05 20:30,1918.7420581857143
04-05 20:45,122.38654731428568
04-05 21:00,5187.562791757143
04-05 21:15,0.0
04-05 21:30,0.0
04-05 21:45,305.0302439142857
04-05 22:00,7860.63920091714
04-05 22:15,0.0
04-05 22:30,1914.9898444014284
04-05 22:45,4855.2141151714295
04-05 23:00,1235.0404306142857
04-05 23:15,1173.0635381857144
04-05 23:30,0.0
04-05 23:45,0.0
04-06 00:00,1445.2456089428572
04-06 00:15,1484.2857142857142
04-06 00:30,102.1791811314286
04-06 00:45,0.0
04-06 01:00,2102.55467786
04-06 01:15,1484.2857142857142
04-06 01:30,7382.6142767
04-06 01:45,1484.2857142857142
04-06 02:00,2919.9373829714286
04-06 02:15,1484.2857142857142
04-06 02:30,1967.4387084657144
04-06 02:45,1484.2857142857142
04-06 03:00,1484.2857142857142
04-06 03:15,1484.2857142857142
04-06 03:30,1484.2857142857142
04-06 03:45,2163.8155767114285
04-06 04:00,2289.2324636228573
04-06 04:15,1484.2857142857142
04-06 04:30,1484.2857142857142
04-06 04:45,1484.2857142857142
04-06 05:00,0.0
04-06 05:15,630.2268104071406
04-06 05:30,0.0
04-06 05:45,2081.2515190728573
04-06 06:00,0.0
04-06 06:15,0.0
04-06 06:30,3561.208765328571
04-06 06:45,0.0
04-06 07:00,0.0
04-06 07:15,3444.782831842857
04-06 07:30,6368.261653171429
04-06 07:45,5921.115240228572
04-06 08:00,1333.8199939857143
04-06 08:15,0.0
04-06 08:30,13592.168947857144
04-06 08:45,6787.496411214287
04-06 09:00,11184.42896367143
04-06 09:15,1306.1622919857143
04-06 09:30,12365.12235052857
04-06 09:45,4504.517036528572
04-06 10:00,6693.071615714286
04-06 10:15,10624.5059841
04-06 10:30,1969.7374171857143
04-06 10:45,7129.9839578
04-06 11:00,11883.170374057145
04-06 11:15,14233.311538385711
04-06 11:30,11414.9181753
04-06 11:45,21473.56649085714
04-06 12:00,3876.2374979
04-06 12:15,11558.22692177143
04-06 12:30,12626.056681757143
04-06 12:45,8674.332801800001
04-06 13:00,19028.779670571428
04-06 13:15,18027.81556942857
04-06 13:30,6461.33646407143
04-06 13:45,4682.226828642856
04-06 14:00,6819.7224436285705
04-06 14:15,18073.708977285714
04-06 14:30,3689.399838857142
04-06 14:45,5153.359107928571
04-06 15:00,11762.973085
04-06 15:15,6746.436577714287
04-06 15:30,3840.8445353428574
04-06 15:45,14021.927749457142
04-06 16:00,3688.142401857143
04-06 16:15,7319.437081485714
04-06 16:30,7626.999135585714
04-06 16:45,7772.074500614285
04-06 17:00,9919.15732557143
04-06 17:15,1426.177492314286
04-06 17:30,1374.6067902285713
04-06 17:45,1442.5025223000002
04-06 18:00,0.0
04-06 18:15,0.0
04-06 18:30,537.7127935428572
04-06 18:45,1780.1903152571433
04-06 19:00,4392.845490800001
04-06 19:15,0.0
04-06 19:30,0.0
04-06 19:45,13217.000437142857
04-06 20:00,0.0
04-06 20:15,0.0
04-06 20:30,0.0
04-06 20:45,0.0
04-06 21:00,222.6416898571431
04-06 21:15,0.0
04-06 21:30,0.0
04-06 21:45,12554.538857228572
04-06 22:00,1484.2857142857142
04-06 22:15,0.0
04-06 22:30,0.0
04-06 22:45,433.7904621813841
04-06 23:00,2220.5710886671427
04-06 23:15,1956.2755636485715
04-06 23:30,2949.3820580428574
04-06 23:45,7481.014720742857
04-07 00:00,0.0
04-07 00:15,0.0
04-07 00:30,0.0
04-07 00:45,0.0
04-07 01:00,0.0
04-07 01:15,0.0
04-07 01:30,0.0
04-07 01:45,0.0
04-07 02:00,1681.1929558585712
04-07 02:15,1484.2857142857142
04-07 02:30,2410.6171039914284
04-07 02:45,2186.397439895714
04-07 03:00,1484.2857142857142
04-07 03:15,1484.2857142857142
04-07 03:30,2251.261544577143
04-07 03:45,2329.1977149242857
04-07 04:00,1484.2857142857142
04-07 04:15,1484.2857142857142
04-07 04:30,1879.2309755114284
04-07 04:45,1484.2857142857142
04-07 05:00,0.0
04-07 05:15,0.0
04-07 05:30,0.0
04-07 05:45,0.0
04-07 06:00,0.0
04-07 06:15,0.0
04-07 06:30,0.0
04-07 06:45,0.0
04-07 07:00,4217.9911509428575
04-07 07:15,3976.667701028571
04-07 07:30,0.0
04-07 07:45,5158.906379142858
04-07 08:00,6330.66075087143
04-07 08:15,5099.677480171429
04-07 08:30,6315.715847471429
04-07 08:45,0.0
04-07 09:00,5090.877395171429
04-07 09:15,16262.152414857144
04-07 09:30,6104.7989236
04-07 09:45,2828.9904379
04-07 10:00,12563.812852842855
04-07 10:15,12042.881009042858
04-07 10:30,7155.1996276857135
04-07 10:45,17111.900300857145
04-07 11:00,12863.081467228572
04-07 11:15,8489.206114657141
04-07 11:30,8981.559246285715
04-07 11:45,15946.863389
04-07 12:00,24939.45170342857
04-07 12:15,10945.032656042857
04-07 12:30,18870.202562714283
04-07 12:45,10644.9868147
04-07 13:00,9955.88363567143
04-07 13:15,17365.400712285715
04-07 13:30,9532.823140914285
04-07 13:45,13690.890343928571
04-07 14:00,17754.273721
04-07 14:15,17860.178505714284
04-07 14:30,7981.975225657143
04-07 14:45,9433.3417883
04-07 15:00,21720.962602
04-07 15:15,18808.959618142857
04-07 15:30,12456.855699800002
04-07 15:45,10479.403907671429
04-07 16:00,8604.228423542856
04-07 16:15,17598.31692871429
04-07 16:30,12788.573987285716
04-07 16:45,3374.7659459
04-07 17:00,3249.305142871428
04-07 17:15,10006.050026685716
04-07 17:30,7905.292130242858
04-07 17:45,1148.3633911285715
04-07 18:00,1633.8788802285717
04-07 18:15,927.2335342714288
04-07 18:30,3719.7763063714287
04-07 18:45,0.0
04-07 19:00,0.0
04-07 19:15,12316.590232714289
04-07 19:30,806.2327214142858
04-07 19:45,352.2758687571431
04-07 20:00,0.0
04-07 20:15,0.0
04-07 20:30,1297.8329598714286
04-07 20:45,0.0
04-07 21:00,0.0
04-07 21:15,0.0
04-07 21:30,0.0
04-07 21:45,1105.9355969285716
04-07 22:00,0.0
04-07 22:15,0.0
04-07 22:30,0.0
04-07 22:45,0.0
04-07 23:00,238.16632141998488
04-07 23:15,0.0
04-07 23:30,0.0
04-07 23:45,0.0
04-08 00:00,1484.2857142857142
04-08 00:15,1484.2857142857142
04-08 00:30,1484.2857142857142
04-08 00:45,1484.2857142857142
04-08 01:00,5118.163212242858
04-08 01:15,1484.2857142857142
04-08 01:30,1484.2857142857142
04-08 01:45,1484.2857142857142
04-08 02:00,1484.2857142857142
04-08 02:15,1484.2857142857142
04-08 02:30,1484.2857142857142
04-08 02:45,2002.2097632542857
04-08 03:00,1759.4947519514285
04-08 03:15,1919.118679768572
04-08 03:30,1484.2857142857142
04-08 03:45,1966.6671886871427
04-08 04:00,594.7617605571428
04-08 04:15,0.0
04-08 04:30,0.0
04-08 04:45,803.8920425185713
04-08 05:00,6118.467156728572
04-08 05:15,20.14440957142856
04-08 05:30,0.0
04-08 05:45,0.0
04-08 06:00,90.73307871428588
04-08 06:15,6630.891919300001
04-08 06:30,811.5933809285716
04-08 06:45,2734.7355649
04-08 07:00,14594.51032757143
04-08 07:15,8690.564099214287
04-08 07:30,5629.443776942858
04-08 07:45,17545.710457285713
04-08 08:00,6246.789171242858
04-08 08:15,2690.5948477428574
04-08 08:30,2646.458865657143
04-08 08:45,4598.330172971429
04-08 09:00,17770.130400714286
04-08 09:15,7414.11385917143
04-08 09:30,2232.7291057714287
04-08 09:45,5804.743454842857
04-08 10:00,11863.521962528574
04-08 10:15,4735.483124600001
04-08 10:30,322.59482595714286
04-08 10:45,5145.208175157144
04-08 11:00,4811.583517485716
04-08 11:15,8820.131923257144
04-08 11:30,8755.212869
04-08 11:45,8215.987833228572
04-08 12:00,1284.4908598857146
04-08 12:15,8431.927223814326
04-08 12:30,21848.542235
04-08 12:45,6463.867235457144
04-08 13:00,3872.472775214285
04-08 13:15,5201.748143157143
04-08 13:30,6331.142927785714
04-08 13:45,7895.062065971429
04-08 14:00,17661.289965285716
04-08 14:15,3744.207158928572
04-08 14:30,6148.519046542857
04-08 14:45,14521.420606442858
04-08 15:00,22613.444736857145
04-08 15:15,3695.7705515
04-08 15:30,8443.334439057142
04-08 15:45,15656.326377214284
04-08 16:00,11802.47985134286
04-08 16:15,16824.076486285714
04-08 16:30,9940.370698571429
04-08 16:45,19358.73541828572
04-08 17:00,21068.916109
04-08 17:15,3178.2346142
04-08 17:30,7291.837908842857
04-08 17:45,2149.542458428572
04-08 18:00,2240.550960285714
04-08 18:15,2506.1204718428576
04-08 18:30,8707.040287742859
04-08 18:45,2573.2104983428576
04-08 19:00,4442.722525
04-08 19:15,0.0
04-08 19:30,429.3426461714286
04-08 19:45,6583.109838642857
04-08 20:00,0.0
04-08 20:15,7402.372971228572
04-08 20:30,4036.863513557144
04-08 20:45,6273.718126285714
04-08 21:00,3477.1990038571435
04-08 21:15,0.0
04-08 21:30,0.0
04-08 21:45,3724.4098246428575
04-08 22:00,2016.098086924286
04-08 22:15,2306.6164228457146
04-08 22:30,1975.6315426342856
04-08 22:45,1484.2857142857142
04-08 23:00,2641.8815765142854
04-08 23:15,1484.2857142857142
04-08 23:30,2619.528976708571
04-08 23:45,1484.2857142857142
04-09 00:00,1724.2512972414286
04-09 00:15,1484.2857142857142
04-09 00:30,1484.2857142857142
04-09 00:45,8449.5268352
04-09 01:00,1944.5159940828569
04-09 01:15,1484.2857142857142
04-09 01:30,1484.2857142857142
04-09 01:45,1484.2857142857142
04-09 02:00,1484.2857142857142
04-09 02:15,1484.2857142857142
04-09 02:30,1484.2857142857142
04-09 02:45,1484.2857142857142
04-09 03:00,1556.2903188925711
04-09 03:15,1484.2857142857142
04-09 03:30,1889.55701151
04-09 03:45,1484.2857142857142
04-09 04:00,1725.4359724942856
04-09 04:15,1484.2857142857142
04-09 04:30,1484.2857142857142
04-09 04:45,1484.2857142857142
04-09 05:00,0.0
04-09 05:15,0.0
04-09 05:30,0.0
04-09 05:45,0.0
04-09 06:00,5411.872308328572
04-09 06:15,6650.985013771428
04-09 06:30,0.0
04-09 06:45,6563.726894985715
04-09 07:00,11020.212102657142
04-09 07:15,10353.778540114286
04-09 07:30,1929.7030315571424
04-09 07:45,13582.035170428571
04-09 08:00,3370.8140265571424
04-09 08:15,6803.896292314286
04-09 08:30,1859.3329821714285
04-09 08:45,7261.486683242859
04-09 09:00,6813.484462285715
04-09 09:15,4751.597254085715
04-09 09:30,7846.411611714287
04-09 09:45,13829.962452142858
04-09 10:00,3382.7932793714285
04-09 10:15,2022.7612815285715
04-09 10:30,560.3863544285716
04-09 10:45,802.5444779714288
04-09 11:00,848.4762453571431
04-09 11:15,3431.417927042857
04-09 11:30,5981.636064257143
04-09 11:45,1905.6253174
04-09 12:00,6364.595513371429
04-09 12:15,12308.6926638
04-09 12:30,10271.590639771428
04-09 12:45,4433.204569185714
04-09 13:00,11616.315025414286
04-09 13:15,5965.616340771428
04-09 13:30,9354.059622742858
04-09 13:45,8733.898094428572
04-09 14:00,4909.295880357142
04-09 14:15,4105.304151428572
04-09 14:30,4144.8777439000005
04-09 14:45,12857.569398628571
04-09 15:00,4221.517182128571
04-09 15:15,9068.326188542856
04-09 15:30,5588.304209128572
04-09 15:45,9451.297549714283
04-09 16:00,16459.023457857144
04-09 16:15,10042.1845219
04-09 16:30,14593.849178528571
04-09 16:45,5099.7556295
04-09 17:00,13475.665776142858
04-09 17:15,6897.676667542857
04-09 17:30,19336.559195142858
04-09 17:45,4946.403578742858
04-09 18:00,7664.948529542858
04-09 18:15,3674.1561314
04-09 18:30,2573.783890814286
04-09 18:45,7303.14670577143
04-09 19:00,0.0
04-09 19:15,5011.258125400001
04-09 19:30,4890.390033771429
04-09 19:45,0.0
04-09 20:00,0.0
04-09 20:15,0.0
04-09 20:30,0.0
04-09 20:45,0.0
04-09 21:00,0.0
04-09 21:15,0.0
04-09 21:30,0.0
04-09 21:45,0.0
04-09 22:00,2620.14590184
04-09 22:15,1484.2857142857142
04-09 22:30,2824.3332160171426
04-09 22:45,1484.2857142857142
04-09 23:00,1484.2857142857142
04-09 23:15,1484.2857142857142
04-09 23:30,1801.596090458572
04-09 23:45,2148.0749666214283
04-10 00:00,1484.2857142857142
04-10 00:15,2162.7231067842854
04-10 00:30,5559.077563828571
04-10 00:45,1484.2857142857142
04-10 01:00,1484.2857142857142
04-10 01:15,1484.2857142857142
04-10 01:30,1484.2857142857142
04-10 01:45,1484.2857142857142
04-10 02:00,6612.589478
04-10 02:15,2384.035665328571
04-10 02:30,1484.2857142857142
04-10 02:45,2405.8607064942858
04-10 03:00,1484.2857142857142
04-10 03:15,1484.2857142857142
04-10 03:30,1484.2857142857142
04-10 03:45,2458.4313191557144
04-10 04:00,2473.638506932857
04-10 04:15,1484.2857142857142
04-10 04:30,1965.3128458871429
04-10 04:45,1914.6275387071423
04-10 05:00,0.0
04-10 05:15,0.0
04-10 05:30,0.0
04-10 05:45,5280.25517707143
04-10 06:00,0.0
04-10 06:15,1586.3337515714286
04-10 06:30,2924.638228014286
04-10 06:45,7730.332911057144
04-10 07:00,3492.9057171857144
04-10 07:15,10606.720604928572
04-10 07:30,3693.5971277857134
04-10 07:45,6967.382738985715
04-10 08:00,12641.2394995
04-10 08:15,2507.1122609857143
04-10 08:30,16369.252522
04-10 08:45,12317.535820185714
04-10 09:00,17252.083512999998
04-10 09:15,7558.700688242859
04-10 09:30,12558.810150714286
04-10 09:45,14167.166120000002
04-10 10:00,3678.4574111857146
04-10 10:15,10981.087164142858
04-10 10:30,6427.324152528571
04-10 10:45,211.1157677571431
04-10 11:00,18050.16864457143
04-10 11:15,8024.242845871429
04-10 11:30,4368.993167729945
04-10 11:45,6309.195238571429
04-10 12:00,20831.17856157143
04-10 12:15,9807.450151742858
04-10 12:30,4110.999591114286
04-10 12:45,3285.589827
04-10 13:00,9614.453907671428
04-10 13:15,10554.685584642855
04-10 13:30,12337.475701385716
04-10 13:45,9009.796902042855
04-10 14:00,19582.785729857143
04-10 14:15,3404.054560585714
04-10 14:30,5875.83347
04-10 14:45,8080.803025742858
04-10 15:00,10979.390699985714
04-10 15:15,12310.418628242858
04-10 15:30,20747.84771214286
04-10 15:45,9244.595042771429
04-10 16:00,5885.212445900001
04-10 16:15,4222.777966114286
04-10 16:30,3132.362478028572
04-10 16:45,8299.151883928573
04-10 17:00,8445.638446057144
04-10 17:15,13412.701915142858
04-10 17:30,8082.82125547143
04-10 17:45,6168.5020443428575
04-10 18:00,2733.0982951857145
04-10 18:15,9227.966581628572
04-10 18:30,3387.330739514286
04-10 18:45,9808.2050259
04-10 19:00,0.0
04-10 19:15,0.0
04-10 19:30,5807.637163157144
04-10 19:45,6042.810746228572
04-10 20:00,2400.824460728572
04-10 20:15,0.0
04-10 20:30,1415.2009732285717
04-10 20:45,853.8043756285717
04-10 21:00,0.0
04-10 21:15,0.0
04-10 21:30,0.0
04-10 21:45,89.4383220000001
04-10 22:00,1966.19258614
04-10 22:15,8148.605561842856
04-10 22:30,3725.248185542857
04-10 22:45,3971.689882728572
04-10 23:00,6146.679672257143
04-10 23:15,1971.36808307
04-10 23:30,1978.883165988572
04-10 23:45,7488.709599128571
04-11 00:00,2187.018997098572
04-11 00:15,1484.2857142857142
04-11 00:30,2352.694955335714
04-11 00:45,1484.2857142857142
04-11 01:00,1484.2857142857142
04-11 01:15,1484.2857142857142
04-11 01:30,1484.2857142857142
04-11 01:45,1484.2857142857142
04-11 02:00,1484.2857142857142
04-11 02:15,1484.2857142857142
04-11 02:30,1484.2857142857142
04-11 02:45,1484.2857142857142
04-11 03:00,2135.8721615457143
04-11 03:15,1484.2857142857142
04-11 03:30,1484.2857142857142
04-11 03:45,1484.2857142857142
04-11 04:00,3134.2908050285714
04-11 04:15,1484.2857142857142
04-11 04:30,7453.451953614284
04-11 04:45,1484.2857142857142
04-11 05:00,0.0
04-11 05:15,0.0
04-11 05:30,0.0
04-11 05:45,1320.1500430285714
04-11 06:00,6918.4059483142855
04-11 06:15,7644.026382457143
04-11 06:30,12941.525515714287
04-11 06:45,2666.276277842857
04-11 07:00,11378.81374412857
04-11 07:15,5280.292722485715
04-11 07:30,13174.358057714286
04-11 07:45,8440.884296957143
04-11 08:00,6294.094217100001
04-11 08:15,8652.858226900002
04-11 08:30,9431.5224276
04-11 08:45,8340.24275947143
04-11 09:00,17745.71248242857
04-11 09:15,8796.800689742857
04-11 09:30,7353.336358985714
04-11 09:45,15630.084370571429
04-11 10:00,8152.957028071429
04-11 10:15,3010.836901285714
04-11 10:30,8399.922919471428
04-11 10:45,11222.25881792857
04-11 11:00,4449.062112014286
04-11 11:15,6864.206551242858
04-11 11:30,8380.230867857144
04-11 11:45,10523.33405614286
04-11 12:00,3339.7003128714287
04-11 12:15,5642.294795914286
04-11 12:30,9659.604243785714
04-11 12:45,7582.846587771428
04-11 13:00,3776.5365124
04-11 13:15,19404.49986485714
04-11 13:30,4831.271012514286
04-11 13:45,10723.653718785714
04-11 14:00,9308.758687142856
04-11 14:15,17903.968841285714
04-11 14:30,14158.877216257142
04-11 14:45,9444.125058071428
04-11 15:00,6734.898183728571
04-11 15:15,6073.549538985713
04-11 15:30,6410.522088957142
04-11 15:45,10943.146629428573
04-11 16:00,2843.657453528572
04-11 16:15,15234.088647000002
04-11 16:30,15179.9296156229
04-11 16:45,7733.411876957142
04-11 17:00,460.2446093714287
04-11 17:15,11749.976053085711
04-11 17:30,7084.093362600001
04-11 17:45,1613.9850625857143
04-11 18:00,10760.873135942857
04-11 18:15,13235.168190285714
04-11 18:30,4914.387824985715
04-11 18:45,7583.5947477
04-11 19:00,1205.4231779428574
04-11 19:15,5449.421785571429
04-11 19:30,233.7039500428571
04-11 19:45,207.17503874285725
04-11 20:00,0.0
04-11 20:15,3185.081920128572
04-11 20:30,100.7389832428572
04-11 20:45,0.0
04-11 21:00,847.5046736714287
04-11 21:15,634.5204108142858
04-11 21:30,0.0
04-11 21:45,0.0
04-11 22:00,0.0
04-11 22:15,4285.500292428572
04-11 22:30,0.0
04-11 22:45,629.3519040000002
04-11 23:00,1484.2857142857142
04-11 23:15,2068.716645264286
04-11 23:30,2604.4422063557145
04-11 23:45,1922.916495755714
04-12 00:00,1484.2857142857142
04-12 00:15,2065.8251015457145
04-12 00:30,1484.2857142857142
04-12 00:45,1484.2857142857142
04-12 01:00,1484.2857142857142
04-12 01:15,1958.1528830542857
04-12 01:30,1484.2857142857142
04-12 01:45,1484.2857142857142
04-12 02:00,1484.2857142857142
04-12 02:15,1484.2857142857142
04-12 02:30,1484.2857142857142
04-12 02:45,1484.2857142857142
04-12 03:00,1484.2857142857142
04-12 03:15,1484.2857142857142
04-12 03:30,1484.2857142857142
04-12 03:45,1484.2857142857142
04-12 04:00,1484.2857142857142
04-12 04:15,1484.2857142857142
04-12 04:30,1484.2857142857142
04-12 04:45,1484.2857142857142
04-12 05:00,0.0
04-12 05:15,4526.792938885715
04-12 05:30,0.0
04-12 05:45,0.0
04-12 06:00,8488.72532544286
04-12 06:15,1698.7098035285717
04-12 06:30,3299.7218387571425
04-12 06:45,6778.151689242857
04-12 07:00,663.2810794000003
04-12 07:15,14811.048827142858
04-12 07:30,2122.235795914285
04-12 07:45,7628.246987828572
04-12 08:00,4815.964359828571
04-12 08:15,16477.331510857144
04-12 08:30,7115.318407914287
04-12 08:45,7189.747602942858
04-12 09:00,1146.3750325857145
04-12 09:15,1753.5778404571429
04-12 09:30,5413.797561628572
04-12 09:45,2672.690863028572
04-12 10:00,16548.859532857143
04-12 10:15,3042.697193000001
04-12 10:30,1915.173731842857
04-12 10:45,783.8726825714286
04-12 11:00,3588.5560321142866
04-12 11:15,5467.970861457143
04-12 11:30,14620.423977857145
04-12 11:45,12679.602128342858
04-12 12:00,2869.7579228142863
04-12 12:15,6522.529207228572
04-12 12:30,17929.283786142856
04-12 12:45,7173.550491014285
04-12 13:00,15127.918651757142
04-12 13:15,16354.618830857142
04-12 13:30,12321.925326785717
04-12 13:45,18613.471801142856
04-12 14:00,17061.23512428571
04-12 14:15,23642.005487714287
04-12 14:30,10064.872497114287
04-12 14:45,9101.228017814286
04-12 15:00,17544.593173428573
04-12 15:15,10216.499612628571
04-12 15:30,11438.54831897143
04-12 15:45,10701.861451214289
04-12 16:00,13765.834481014286
04-12 16:15,24873.61612414286
04-12 16:30,21109.34163957143
04-12 16:45,9642.0286664
04-12 17:00,3231.4738424428565
04-12 17:15,4797.479184814287
04-12 17:30,3960.3789254428575
04-12 17:45,12907.527238571429
04-12 18:00,3094.476296028572
04-12 18:15,6962.2625118000005
04-12 18:30,5068.186212071429
04-12 18:45,13191.642100142855
04-12 19:00,785.4650611714287
04-12 19:15,952.6745005714288
04-12 19:30,703.541370757143
04-12 19:45,1269.7156693142856
04-12 20:00,2108.104199114286
04-12 20:15,4991.491178828573
04-12 20:30,0.0
04-12 20:45,428.67058831428574
04-12 21:00,5704.638480528572
04-12 21:15,0.0
04-12 21:30,4827.312815285715
04-12 21:45,0.0
04-12 22:00,2300.722809572857
04-12 22:15,2926.636986614285
04-12 22:30,6653.191581428571
04-12 22:45,8138.090916357143
04-12 23:00,1208.8866176
04-12 23:15,0.0
04-12 23:30,0.0
04-12 23:45,263.19036245714284
04-13 00:00,1580.2622390157144
04-13 00:15,1440.8050565428573
04-13 00:30,306.6823431614286
04-13 00:45,0.0
04-13 01:00,1484.2857142857142
04-13 01:15,1877.6919448471428
04-13 01:30,5976.055423772856
04-13 01:45,2304.5041583457146
04-13 02:00,1484.2857142857142
04-13 02:15,2588.8903781628574
04-13 02:30,2057.215207151429
04-13 02:45,1827.5121098085715
04-13 03:00,1484.2857142857142
04-13 03:15,1484.2857142857142
04-13 03:30,1484.2857142857142
04-13 03:45,1484.2857142857142
04-13 04:00,2613.08620522
04-13 04:15,1484.2857142857142
04-13 04:30,1484.2857142857142
04-13 04:45,1484.2857142857142
04-13 05:00,0.0
04-13 05:15,0.0
04-13 05:30,0.0
04-13 05:45,0.0
04-13 06:00,612.7357906285716
04-13 06:15,10811.334902199998
04-13 06:30,0.0
04-13 06:45,752.3342042142858
04-13 07:00,91.24027627142864
04-13 07:15,1498.7868918857143
04-13 07:30,4424.501594942857
04-13 07:45,0.0
04-13 08:00,1065.313944557143
04-13 08:15,272.3382325857144
04-13 08:30,7975.536814285714
04-13 08:45,1812.924283
04-13 09:00,2266.4741019571434
04-13 09:15,6550.125911785715
04-13 09:30,2434.254459714285
04-13 09:45,6154.935569157143
04-13 10:00,6766.373080157143
04-13 10:15,11818.722424657142
04-13 10:30,21219.672429285714
04-13 10:45,11262.404709285714
04-13 11:00,13086.805888985711
04-13 11:15,10119.510021157144
04-13 11:30,3953.259493842857
04-13 11:45,1362.7224557571428
04-13 12:00,17918.58399914286
04-13 12:15,6436.374119342857
04-13 12:30,5707.5595046
04-13 12:45,12880.895221442855
04-13 13:00,4682.1326923
04-13 13:15,22625.38565471429
04-13 13:30,12289.629869914286
04-13 13:45,21275.282267
04-13 14:00,8910.117482614283
04-13 14:15,4884.200012585715
04-13 14:30,7789.8457069
04-13 14:45,17079.95261942857
04-13 15:00,7444.128510071428
04-13 15:15,9834.063566871428
04-13 15:30,8845.5422178
04-13 15:45,11722.681093942856
04-13 16:00,9318.2590517
04-13 16:15,10383.294960371428
04-13 16:30,22779.444267000003
04-13 16:45,4784.664672295714
04-13 17:00,8415.006030342858
04-13 17:15,5726.035500185714
04-13 17:30,9563.7684691
04-13 17:45,14648.244180714286
04-13 18:00,2258.460020657144
04-13 18:15,0.0
04-13 18:30,323.81016267142866
04-13 18:45,0.0
04-13 19:00,12346.685527485715
04-13 19:15,5359.181844014286
04-13 19:30,1270.9030144857145
04-13 19:45,345.2205457428573
04-13 20:00,1399.1252943571428
04-13 20:15,0.0
04-13 20:30,7818.184492842858
04-13 20:45,0.0
04-13 21:00,0.0
04-13 21:15,0.0
04-13 21:30,0.0
04-13 21:45,0.0
04-13 22:00,2558.283049052857
04-13 22:15,2708.0553526242857
04-13 22:30,2052.990150617143
04-13 22:45,2038.308999107143
04-13 23:00,3120.902411328571
04-13 23:15,1914.609075235714
04-13 23:30,1484.2857142857142
04-13 23:45,1889.6114627471427
04-14 00:00,1979.27832064
04-14 00:15,1484.2857142857142
04-14 00:30,2446.7286412385715
04-14 00:45,1944.3336494085715
04-14 01:00,1484.2857142857142
04-14 01:15,1484.2857142857142
04-14 01:30,1484.2857142857142
04-14 01:45,1484.2857142857142
04-14 02:00,1484.2857142857142
04-14 02:15,2054.725784258572
04-14 02:30,1484.2857142857142
04-14 02:45,2101.2213176328573
04-14 03:00,0.0
04-14 03:15,0.0
04-14 03:30,0.0
04-14 03:45,0.0
04-14 04:00,2102.320333227143
04-14 04:15,1484.2857142857142
04-14 04:30,1484.2857142857142
04-14 04:45,1484.2857142857142
04-14 05:00,0.0
04-14 05:15,0.0
04-14 05:30,0.0
04-14 05:45,0.0
04-14 06:00,0.0
04-14 06:15,0.0
04-14 06:30,246.7141950857145
04-14 06:45,0.0
04-14 07:00,502.5849622428573
04-14 07:15,0.0
04-14 07:30,5812.959803914287
04-14 07:45,2761.9578032428567
04-14 08:00,2118.929681828572
04-14 08:15,8776.430751014286
04-14 08:30,7365.421443185715
04-14 08:45,11360.18289497143
04-14 09:00,3207.685395328521
04-14 09:15,14309.590362857143
04-14 09:30,14183.790512142858
04-14 09:45,8747.392456714288
04-14 10:00,10459.839938114286
04-14 10:15,18138.030448857146
04-14 10:30,7958.8007107714275
04-14 10:45,4145.532258828572
04-14 11:00,18885.441969571428
04-14 11:15,12909.059785742857
04-14 11:30,9380.232953785717
04-14 11:45,11590.994449657142
04-14 12:00,13346.7536591
04-14 12:15,6519.430123585715
04-14 12:30,10607.224110557145
04-14 12:45,15925.989028714286
04-14 13:00,17614.322881428572
04-14 13:15,8952.770117285714
04-14 13:30,15528.97386615714
04-14 13:45,18117.312920857144
04-14 14:00,9112.447954785714
04-14 14:15,5914.675482471428
04-14 14:30,15736.750219571428
04-14 14:45,21478.941701
04-14 15:00,12403.492196485717
04-14 15:15,19645.144027285714
04-14 15:30,9336.168638442856
04-14 15:45,13932.78002764286
04-14 16:00,12225.189027685714
04-14 16:15,4472.864589971428
04-14 16:30,3411.0963689571427
04-14 16:45,17909.024111857143
04-14 17:00,7296.911190928572
04-14 17:15,10343.6784972
04-14 17:30,4123.330554014287
04-14 17:45,2766.2535190571434
04-14 18:00,449.6745796285714
04-14 18:15,9035.42493704286
04-14 18:30,0.0
04-14 18:45,2435.347420628572
04-14 19:00,0.0
04-14 19:15,8712.25736222857
04-14 19:30,958.5128998857144
04-14 19:45,938.0297617000002
04-14 20:00,0.0
04-14 20:15,730.9422194000002
04-14 20:30,798.5835385142859
04-14 20:45,11188.84053447143
04-14 21:00,0.0
04-14 21:15,0.0
04-14 21:30,0.0
04-14 21:45,0.0
04-14 22:00,3457.1821775
04-14 22:15,0.0
04-14 22:30,0.0
04-14 22:45,0.0
04-14 23:00,1484.2857142857142
04-14 23:15,1484.2857142857142
04-14 23:30,1484.2857142857142
04-14 23:45,2991.900760314285
04-15 00:00,1484.2857142857142
04-15 00:15,1484.2857142857142
04-15 00:30,2837.7167478
04-15 00:45,1484.2857142857142
04-15 01:00,1484.2857142857142
04-15 01:15,1484.2857142857142
04-15 01:30,1484.2857142857142
04-15 01:45,1484.2857142857142
04-15 02:00,4140.571193328572
04-15 02:15,0.0
04-15 02:30,0.0
04-15 02:45,0.0
04-15 03:00,0.0
04-15 03:15,0.0
04-15 03:30,0.0
04-15 03:45,0.0
04-15 04:00,3796.695949457144
04-15 04:15,0.0
04-15 04:30,0.0
04-15 04:45,130.86876714285737
04-15 05:00,0.0
04-15 05:15,237.7868069571429
04-15 05:30,0.0
04-15 05:45,9247.952089157145
04-15 06:00,1934.3300440000005
04-15 06:15,9812.217051557143
04-15 06:30,7592.206539500001
04-15 06:45,4381.010331500001
04-15 07:00,14065.84825357143
04-15 07:15,2874.729474614286
04-15 07:30,5595.880767928572
04-15 07:45,12172.026257414283
04-15 08:00,1453.1740332000002
04-15 08:15,805.9753584571431
04-15 08:30,8559.363145957144
04-15 08:45,17276.382301142858
04-15 09:00,9270.599361928573
04-15 09:15,17335.449038
04-15 09:30,10378.078388885711
04-15 09:45,6972.929404314286
04-15 10:00,3114.231726371429
04-15 10:15,6472.942374257144
04-15 10:30,10846.635233742858
04-15 10:45,6983.214876914287
04-15 11:00,7678.958823314286
04-15 11:15,10976.48080937143
04-15 11:30,5427.891214342857
04-15 11:45,6513.1890745857145
04-15 12:00,5145.170812800001
04-15 12:15,12292.882247157144
04-15 12:30,6500.660980499999
04-15 12:45,9426.664345628573
04-15 13:00,21129.190646000003
04-15 13:15,4466.918546857142
04-15 13:30,17904.82358814286
04-15 13:45,20563.79418328571
04-15 14:00,17019.33329657143
04-15 14:15,10239.156958314285
04-15 14:30,15228.918408342855
04-15 14:45,2584.0819098357147
04-15 15:00,8550.891242985714
04-15 15:15,10246.814506057142
04-15 15:30,23685.70079114286
04-15 15:45,9434.470668414288
04-15 16:00,8463.280474857143
04-15 16:15,7154.790936342858
04-15 16:30,7516.933379657144
04-15 16:45,11226.617896985716
04-15 17:00,12511.2917868
04-15 17:15,14367.05841957143
04-15 17:30,6271.4878284000015
04-15 17:45,3171.6726192714286
04-15 18:00,14045.393541857144
04-15 18:15,502.2833078857143
04-15 18:30,6915.439710071429
04-15 18:45,1905.387052428572
04-15 19:00,994.3657739428572
04-15 19:15,0.0
04-15 19:30,0.0
04-15 19:45,3297.503877842857
04-15 20:00,0.0
04-15 20:15,438.1838371714286
04-15 20:30,87.05212052857142
04-15 20:45,814.4899375142858
04-15 21:00,0.0
04-15 21:15,0.0
04-15 21:30,5404.057249385714
04-15 21:45,0.0
04-15 22:00,1484.2857142857142
04-15 22:15,1947.1617548742856
04-15 22:30,2106.46084511
04-15 22:45,1484.2857142857142
04-15 23:00,2146.516058988572
04-15 23:15,1484.2857142857142
04-15 23:30,2026.1908907542856
04-15 23:45,1484.2857142857142
04-16 00:00,2083.757339195714
04-16 00:15,1484.2857142857142
04-16 00:30,1484.2857142857142
04-16 00:45,1484.2857142857142
04-16 01:00,1484.2857142857142
04-16 01:15,1484.2857142857142
04-16 01:30,1484.2857142857142
04-16 01:45,1484.2857142857142
04-16 02:00,1484.2857142857142
04-16 02:15,1781.310920292857
04-16 02:30,1484.2857142857142
04-16 02:45,1484.2857142857142
04-16 03:00,1484.2857142857142
04-16 03:15,1484.2857142857142
04-16 03:30,1484.2857142857142
04-16 03:45,1484.2857142857142
04-16 04:00,4862.609911028571
04-16 04:15,1484.2857142857142
04-16 04:30,5340.859154814286
04-16 04:45,2052.092383611429
04-16 05:00,5240.614486314285
04-16 05:15,0.0
04-16 05:30,0.0
04-16 05:45,0.0
04-16 06:00,6713.523594728572
04-16 06:15,14285.945092428574
04-16 06:30,11513.5908816
04-16 06:45,0.0
04-16 07:00,7061.331715228573
04-16 07:15,10578.447729885716
04-16 07:30,6148.094379671429
04-16 07:45,7140.525679957143
04-16 08:00,5808.75607397143
04-16 08:15,9751.580718928572
04-16 08:30,3228.097225557143
04-16 08:45,2715.6979222714285
04-16 09:00,10558.409555228573
04-16 09:15,1392.8840363714287
04-16 09:30,1078.9017857857143
04-16 09:45,6191.804110342858
04-16 10:00,5670.657157114286
04-16 10:15,3565.5142199857146
04-16 10:30,11250.398454571428
04-16 10:45,11428.720104785714
04-16 11:00,13982.55710157143
04-16 11:15,10683.386787142856
04-16 11:30,9799.4118677
04-16 11:45,16329.659284571428
04-16 12:00,3526.468858485714
04-16 12:15,16948.6018
04-16 12:30,16798.818681
04-16 12:45,4844.039943242858
04-16 13:00,10503.584715514286
04-16 13:15,9376.094947371428
04-16 13:30,14091.409302171429
04-16 13:45,15301.211400514288
04-16 14:00,9518.3463522
04-16 14:15,17464.131310999997
04-16 14:30,15572.513522828573
04-16 14:45,4004.831262571429
04-16 15:00,8761.352330928572
04-16 15:15,8498.919207385714
04-16 15:30,5345.069303285715
04-16 15:45,2884.787237028572
04-16 16:00,7362.490333557143
04-16 16:15,9752.872964200002
04-16 16:30,12624.814438028572
04-16 16:45,14213.440307142857
04-16 17:00,11798.466580985714
04-16 17:15,1001.0961825571432
04-16 17:30,10981.401050914286
04-16 17:45,8943.594794385715
04-16 18:00,1048.3470345000003
04-16 18:15,2242.0765966
04-16 18:30,6290.01815507143
04-16 18:45,23262.573418285712
04-16 19:00,4315.375001928572
04-16 19:15,3865.407065685714
04-16 19:30,1979.6703560142864
04-16 19:45,211.9481844428574
04-16 20:00,0.0
04-16 20:15,2062.492245628572
04-16 20:30,0.0
04-16 20:45,0.0
04-16 21:00,0.0
04-16 21:15,0.0
04-16 21:30,193.3675758285717
04-16 21:45,0.0
04-16 22:00,0.0
04-16 22:15,0.0
04-16 22:30,0.0
04-16 22:45,0.0
04-16 23:00,2027.835205258571
04-16 23:15,2627.333415582857
04-16 23:30,6609.422841542857
04-16 23:45,1796.8499927542855
04-17 00:00,1484.2857142857142
04-17 00:15,1484.2857142857142
04-17 00:30,1927.9739605171424
04-17 00:45,2006.5550162328568
04-17 01:00,1484.2857142857142
04-17 01:15,7601.532800585714
04-17 01:30,1484.2857142857142
04-17 01:45,1484.2857142857142
04-17 02:00,1484.2857142857142
04-17 02:15,1484.2857142857142
04-17 02:30,1484.2857142857142
04-17 02:45,1484.2857142857142
04-17 03:00,1994.8604717328567
04-17 03:15,1484.2857142857142
04-17 03:30,7468.328635514286
04-17 03:45,1911.2550864971429
04-17 04:00,5177.935387985715
04-17 04:15,0.0
04-17 04:30,0.0
04-17 04:45,0.0
04-17 05:00,0.0
04-17 05:15,0.0
04-17 05:30,0.0
04-17 05:45,0.0
04-17 06:00,1640.9890035714286
04-17 06:15,2049.274014828572
04-17 06:30,1766.1296382857145
04-17 06:45,5424.909770742857
04-17 07:00,3005.2868665714286
04-17 07:15,9036.7265079
04-17 07:30,16344.869485714287
04-17 07:45,8144.133407042858
04-17 08:00,7199.8447162
04-17 08:15,12813.764958
04-17 08:30,6430.702485871429
04-17 08:45,12676.622824857144
04-17 09:00,3073.699969971428
04-17 09:15,3966.618000614286
04-17 09:30,2352.6762655
04-17 09:45,2732.137415828571
04-17 10:00,5208.462587914286
04-17 10:15,0.0
04-17 10:30,7442.372717214287
04-17 10:45,12154.673654114287
04-17 11:00,5921.692447228572
04-17 11:15,3971.047888114286
04-17 11:30,10782.680209142856
04-17 11:45,15453.4165711
04-17 12:00,9226.133503942856
04-17 12:15,3584.217246785714
04-17 12:30,9362.489746385714
04-17 12:45,4558.772700028571
04-17 13:00,20228.78773642857
04-17 13:15,3186.0391828857146
04-17 13:30,13840.698330114285
04-17 13:45,6849.9177122142855
04-17 14:00,15557.8343123
04-17 14:15,3554.672403914285
04-17 14:30,17105.393711571425
04-17 14:45,13082.311266357145
04-17 15:00,26078.98092771429
04-17 15:15,17538.350359285716
04-17 15:30,13443.039408085711
04-17 15:45,4390.341620257143
04-17 16:00,9344.45245217143
04-17 16:15,7648.047078128572
04-17 16:30,13193.387027428573
04-17 16:45,13878.881673142858
04-17 17:00,10371.3710682
04-17 17:15,1421.8847993714287
04-17 17:30,12316.954763585716
04-17 17:45,11557.652949185716
04-17 18:00,6562.557528228572
04-17 18:15,8895.878102071429
04-17 18:30,12284.692756
04-17 18:45,8717.642109142858
04-17 19:00,3130.9673129857147
04-17 19:15,769.5096023714286
04-17 19:30,0.0
04-17 19:45,877.9768020857143
04-17 20:00,0.0
04-17 20:15,2404.8616120285715
04-17 20:30,6573.331767700001
04-17 20:45,0.0
04-17 21:00,0.0
04-17 21:15,0.0
04-17 21:30,3913.477730157144
04-17 21:45,2951.1709564714283
04-17 22:00,2553.601772822857
04-17 22:15,1944.67802139
04-17 22:30,1484.2857142857142
04-17 22:45,6388.742485171429
04-17 23:00,1970.6526653314288
04-17 23:15,160.2587198571429
04-17 23:30,1337.2669718128782
04-17 23:45,1484.2857142857142
04-18 00:00,1484.2857142857142
04-18 00:15,1484.2857142857142
04-18 00:30,2037.2995040628573
04-18 00:45,1484.2857142857142
04-18 01:00,1484.2857142857142
04-18 01:15,1484.2857142857142
04-18 01:30,1484.2857142857142
04-18 01:45,1484.2857142857142
04-18 02:00,1484.2857142857142
04-18 02:15,1934.76376432
04-18 02:30,1484.2857142857142
04-18 02:45,1484.2857142857142
04-18 03:00,2082.2120682585714
04-18 03:15,1484.2857142857142
04-18 03:30,1484.2857142857142
04-18 03:45,1484.2857142857142
04-18 04:00,4815.9300149857145
04-18 04:15,0.0
04-18 04:30,0.0
04-18 04:45,0.0
04-18 05:00,0.0
04-18 05:15,388.6440290857144
04-18 05:30,0.0
04-18 05:45,0.0
04-18 06:00,6084.627210342858
04-18 06:15,2713.760387857143
04-18 06:30,9220.079010571428
04-18 06:45,4587.952464057143
04-18 07:00,7392.2218523
04-18 07:15,10077.994500571427
04-18 07:30,7620.401396228573
04-18 07:45,17035.074364285712
04-18 08:00,6014.526400642858
04-18 08:15,9786.246729885715
04-18 08:30,8840.525213257142
04-18 08:45,8559.086633357143
04-18 09:00,15779.091775571427
04-18 09:15,3734.781392357143
04-18 09:30,9492.057860285717
04-18 09:45,16604.182878714288
04-18 10:00,9261.053717814286
04-18 10:15,286.0047682857144
04-18 10:30,5580.5828533428585
04-18 10:45,8396.127249014286
04-18 11:00,3549.690627728572
04-18 11:15,8218.916798714286
04-18 11:30,8662.808988571429
04-18 11:45,10768.776010657144
04-18 12:00,6503.366116585714
04-18 12:15,8373.233009042859
04-18 12:30,4095.703219228572
04-18 12:45,9397.098050828572
04-18 13:00,18493.84866942857
04-18 13:15,13288.715774485714
04-18 13:30,11747.4137091
04-18 13:45,15702.912511042858
04-18 14:00,5753.805351728572
04-18 14:15,8450.345762171428
04-18 14:30,6908.096104257143
04-18 14:45,19029.17519728572
04-18 15:00,6071.569778457143
04-18 15:15,9062.2706959
04-18 15:30,14286.635153942858
04-18 15:45,8940.1677867
04-18 16:00,11049.852262728573
04-18 16:15,14923.43381657143
04-18 16:30,2893.3335411714293
04-18 16:45,7146.984728300001
04-18 17:00,8546.790064414285
04-18 17:15,12683.970038628571
04-18 17:30,6577.404212628572
04-18 17:45,2690.491197028572
04-18 18:00,487.37724951428567
04-18 18:15,6326.050079342857
04-18 18:30,637.6411501571429
04-18 18:45,14693.98975
04-18 19:00,4878.934822357143
04-18 19:15,4418.514230685714
04-18 19:30,5138.792259742857
04-18 19:45,0.0
04-18 20:00,9919.635363542857
04-18 20:15,3052.4549572285714
04-18 20:30,1057.0466171714288
04-18 20:45,4746.375529657143
04-18 21:00,169.79967008571452
04-18 21:15,0.0
04-18 21:30,0.0
04-18 21:45,0.0
04-18 22:00,0.0
04-18 22:15,0.0
04-18 22:30,0.0
04-18 22:45,0.0
04-18 23:00,4084.019534828571
04-18 23:15,0.0
04-18 23:30,4826.387420314286
04-18 23:45,0.0
04-19 00:00,1484.2857142857142
04-19 00:15,1484.2857142857142
04-19 00:30,2453.002604568572
04-19 00:45,1484.2857142857142
04-19 01:00,1484.2857142857142
04-19 01:15,2035.3331479142853
04-19 01:30,1484.2857142857142
04-19 01:45,1484.2857142857142
04-19 02:00,7432.768090357142
04-19 02:15,2789.2456762385714
04-19 02:30,1484.2857142857142
04-19 02:45,4510.872326471428
04-19 03:00,1484.2857142857142
04-19 03:15,1484.2857142857142
04-19 03:30,1484.2857142857142
04-19 03:45,1484.2857142857142
04-19 04:00,1484.2857142857142
04-19 04:15,1484.2857142857142
04-19 04:30,1484.2857142857142
04-19 04:45,1484.2857142857142
04-19 05:00,0.0
04-19 05:15,0.0
04-19 05:30,0.0
04-19 05:45,0.0
04-19 06:00,5946.048117728572
04-19 06:15,16084.399076
04-19 06:30,5073.4628597142855
04-19 06:45,2184.051178742857
04-19 07:00,5210.978733785716
04-19 07:15,9663.67273557143
04-19 07:30,14728.482926428573
04-19 07:45,2919.026676742857
04-19 08:00,7890.131837042858
04-19 08:15,8492.283970828572
04-19 08:30,7917.175294442857
04-19 08:45,18607.190882857143
04-19 09:00,15529.353893
04-19 09:15,9027.237543214287
04-19 09:30,2380.224756871429
04-19 09:45,11158.026489014284
04-19 10:00,4709.328418928571
04-19 10:15,6350.175796828571
04-19 10:30,7371.119511999999
04-19 10:45,5747.018843119994
04-19 11:00,5964.534801085714
04-19 11:15,8356.306632785714
04-19 11:30,3150.8612746714284
04-19 11:45,9100.891817428572
04-19 12:00,13824.383166314286
04-19 12:15,5356.38551217143
04-19 12:30,5974.489468771429
04-19 12:45,5352.237069614285
04-19 13:00,6187.898674814285
04-19 13:15,20025.569670142857
04-19 13:30,4422.973720871429
04-19 13:45,10882.939963228571
04-19 14:00,19899.40410128572
04-19 14:15,7278.753434942857
04-19 14:30,5871.639391728571
04-19 14:45,15962.077508
04-19 15:00,19938.772997714284
04-19 15:15,4616.407809042857
04-19 15:30,15821.920951571428
04-19 15:45,13745.549629142855
04-19 16:00,12212.01371434286
04-19 16:15,19145.215368857145
04-19 16:30,6729.853148871429
04-19 16:45,13148.069463571428
04-19 17:00,21292.65217757143
04-19 17:15,7767.246494185714
04-19 17:30,2488.7128634428577
04-19 17:45,6848.491314428572
04-19 18:00,12069.4800282
04-19 18:15,0.0
04-19 18:30,13793.054945285714
04-19 18:45,9416.06994517143
04-19 19:00,3121.075330842857
04-19 19:15,810.6580948285716
04-19 19:30,412.8618245714288
04-19 19:45,3891.2850323142857
04-19 20:00,8822.698334585715
04-19 20:15,0.0
04-19 20:30,0.0
04-19 20:45,456.4542296857144
04-19 21:00,2796.416560228571
04-19 21:15,3202.885751100001
04-19 21:30,2403.7676427714287
04-19 21:45,2196.1834054
04-19 22:00,0.0
04-19 22:15,0.0
04-19 22:30,0.0
04-19 22:45,3959.698936871429
04-19 23:00,5541.387764800001
04-19 23:15,2150.1036098
04-19 23:30,3269.373924371429
04-19 23:45,2744.9489806714287
04-20 00:00,989.8295568857144
04-20 00:15,3679.155900428571
04-20 00:30,593.0619512857143
04-20 00:45,0.0
04-20 01:00,1484.2857142857142
04-20 01:15,1484.2857142857142
04-20 01:30,2193.4331336071427
04-20 01:45,1951.793366
04-20 02:00,2983.409255885714
04-20 02:15,3844.045193042857
04-20 02:30,6656.788717157142
04-20 02:45,1928.0881006042853
04-20 03:00,0.0
04-20 03:15,1135.8112057385736
04-20 03:30,1484.2857142857142
04-20 03:45,1484.2857142857142
04-20 04:00,0.0
04-20 04:15,0.0
04-20 04:30,0.0
04-20 04:45,0.0
04-20 05:00,0.0
04-20 05:15,0.0
04-20 05:30,0.0
04-20 05:45,0.0
04-20 06:00,0.0
04-20 06:15,0.0
04-20 06:30,416.3141811285717
04-20 06:45,0.0
04-20 07:00,2225.963342657143
04-20 07:15,0.0
04-20 07:30,3556.217019028572
04-20 07:45,0.0
04-20 08:00,9924.219153542856
04-20 08:15,5563.903978842858
04-20 08:30,354.03846148571444
04-20 08:45,9895.202907285717
04-20 09:00,12105.080329757144
04-20 09:15,13573.773624042857
04-20 09:30,5559.681382857144
04-20 09:45,10721.848589628573
04-20 10:00,6030.508951685714
04-20 10:15,23153.227622
04-20 10:30,6144.494235414285
04-20 10:45,7351.250437385714
04-20 11:00,6433.887369200001
04-20 11:15,10712.924044128573
04-20 11:30,22315.16813057143
04-20 11:45,8219.789813914285
04-20 12:00,8566.02101232857
04-20 12:15,8759.362745457143
04-20 12:30,14189.076214185714
04-20 12:45,23329.54667457144
04-20 13:00,13597.073088071427
04-20 13:15,9100.062271528572
04-20 13:30,6516.527159285713
04-20 13:45,12226.798521185714
04-20 14:00,6167.852514757144
04-20 14:15,13701.681902214286
04-20 14:30,8588.213606285715
04-20 14:45,1848.3070417371428
04-20 15:00,9489.363905028573
04-20 15:15,20176.483609285715
04-20 15:30,5044.006278557143
04-20 15:45,10246.472472771427
04-20 16:00,2178.3332029857143
04-20 16:15,24933.76862442857
04-20 16:30,9957.21442737143
04-20 16:45,5021.946755157143
04-20 17:00,9980.4463199
04-20 17:15,896.0528549000002
04-20 17:30,11902.59103007143
04-20 17:45,10616.148071628571
04-20 18:00,4505.560951257144
04-20 18:15,0.0
04-20 18:30,0.0
04-20 18:45,0.0
04-20 19:00,4132.921705014286
04-20 19:15,3930.1501991
04-20 19:30,5161.498772757143
04-20 19:45,5108.749933028571
04-20 20:00,0.0
04-20 20:15,2898.573599685715
04-20 20:30,0.0
04-20 20:45,4655.2922004
04-20 21:00,0.0
04-20 21:15,1516.920755914286
04-20 21:30,0.0
04-20 21:45,0.0
04-20 22:00,0.0
04-20 22:15,9670.1745795
04-20 22:30,0.0
04-20 22:45,0.0
04-20 23:00,0.0
04-20 23:15,4901.727495214286
04-20 23:30,1945.5224984285712
04-20 23:45,0.0
04-21 00:00,3149.9414595857143
04-21 00:15,0.0
04-21 00:30,0.0
04-21 00:45,0.0
04-21 01:00,1484.2857142857142
04-21 01:15,1484.2857142857142
04-21 01:30,1484.2857142857142
04-21 01:45,1484.2857142857142
04-21 02:00,275.3183754214231
04-21 02:15,1961.2231197842848
04-21 02:30,1484.2857142857142
04-21 02:45,6793.324062685714
04-21 03:00,0.0
04-21 03:15,0.0
04-21 03:30,0.0
04-21 03:45,0.0
04-21 04:00,0.0
04-21 04:15,0.0
04-21 04:30,0.0
04-21 04:45,0.0
04-21 05:00,0.0
04-21 05:15,0.0
04-21 05:30,0.0
04-21 05:45,0.0
04-21 06:00,0.0
04-21 06:15,0.0
04-21 06:30,0.0
04-21 06:45,3265.757098328572
04-21 07:00,4811.312873014287
04-21 07:15,0.0
04-21 07:30,471.6087149285715
04-21 07:45,9574.33237237143
04-21 08:00,7686.088473242858
04-21 08:15,0.0
04-21 08:30,326.45053524285737
04-21 08:45,5367.177388842858
04-21 09:00,4412.983219971428
04-21 09:15,3055.8914319714286
04-21 09:30,12020.030605771428
04-21 09:45,12784.624298857145
04-21 10:00,12876.0514039
04-21 10:15,7532.942745757143
04-21 10:30,9038.9793574
04-21 10:45,16213.824062067146
04-21 11:00,4680.752384528571
04-21 11:15,26873.441131571428
04-21 11:30,8486.618875928572
04-21 11:45,15312.675742657144
04-21 12:00,27614.140576000005
04-21 12:15,15067.475438671428
04-21 12:30,12668.02135707143
04-21 12:45,18950.313541571428
04-21 13:00,10723.632135114289
04-21 13:15,5421.126358557142
04-21 13:30,21131.47248471429
04-21 13:45,15386.659616471428
04-21 14:00,4118.7458172
04-21 14:15,7953.171441557142
04-21 14:30,10552.183880585711
04-21 14:45,16167.164196571428
04-21 15:00,6356.859172071429
04-21 15:15,25021.33572471429
04-21 15:30,16302.92815142857
04-21 15:45,9767.136592385712
04-21 16:00,11535.876513357143
04-21 16:15,8358.463481228571
04-21 16:30,15373.640968142858
04-21 16:45,3047.2670637285723
04-21 17:00,2221.687636271429
04-21 17:15,5624.440526157144
04-21 17:30,7807.933685357143
04-21 17:45,6521.109764557143
04-21 18:00,4120.731943442858
04-21 18:15,162.92208770000022
04-21 18:30,4571.345806528572
04-21 18:45,0.0
04-21 19:00,4542.338946
04-21 19:15,612.2316223
04-21 19:30,5178.82498
04-21 19:45,0.0
04-21 20:00,1494.2539027857144
04-21 20:15,5735.9060096
04-21 20:30,3848.542553671429
04-21 20:45,5543.032285
04-21 21:00,0.0
04-21 21:15,0.0
04-21 21:30,0.0
04-21 21:45,0.0
04-21 22:00,0.0
04-21 22:15,0.0
04-21 22:30,0.0
04-21 22:45,0.0
04-21 23:00,0.0
04-21 23:15,0.0
04-21 23:30,0.0
04-21 23:45,712.6428137342857
04-22 00:00,0.0
04-22 00:15,564.758641487143
04-22 00:30,922.8870065285714
04-22 00:45,0.0
04-22 01:00,0.0
04-22 01:15,0.0
04-22 01:30,0.0
04-22 01:45,0.0
04-22 02:00,0.0
04-22 02:15,456.8365867157143
04-22 02:30,0.0
04-22 02:45,0.0
04-22 03:00,1207.54518957
04-22 03:15,605.9706191857142
04-22 03:30,0.0
04-22 03:45,1535.7225280171426
04-22 04:00,0.0
04-22 04:15,0.0
04-22 04:30,0.0
04-22 04:45,0.0
04-22 05:00,2035.45967719
04-22 05:15,5689.60708371
04-22 05:30,1777.8476203485714
04-22 05:45,1484.2857142857142
04-22 06:00,2347.356563034286
04-22 06:15,7741.084860428572
04-22 06:30,14410.9982196
04-22 06:45,14151.4590039
04-22 07:00,0.0
04-22 07:15,11573.68169184286
04-22 07:30,10116.053870685717
04-22 07:45,6845.964904342858
04-22 08:00,454.5295150285716
04-22 08:15,7845.881917157143
04-22 08:30,1581.2295748142856
04-22 08:45,3097.507569157143
04-22 09:00,2065.6732133771425
04-22 09:15,18664.043042
04-22 09:30,5051.480022442857
04-22 09:45,8265.970199557143
04-22 10:00,7659.560798557143
04-22 10:15,6561.402843914286
04-22 10:30,6422.145687957143
04-22 10:45,16350.789723857144
04-22 11:00,12560.91484057143
04-22 11:15,13734.443429485713
04-22 11:30,16259.859543285716
04-22 11:45,10876.923061857144
04-22 12:00,2183.71269116
04-22 12:15,7724.736214785714
04-22 12:30,3126.1600154714283
04-22 12:45,6851.184225342857
04-22 13:00,15496.004508785714
04-22 13:15,9942.4616064
04-22 13:30,11782.048946357145
04-22 13:45,6849.9018528
04-22 14:00,6497.471488657143
04-22 14:15,7432.87940692857
04-22 14:30,15389.4516521
04-22 14:45,18927.09402057143
04-22 15:00,11544.237302342855
04-22 15:15,22012.02273114286
04-22 15:30,11864.476209414286
04-22 15:45,5997.144908157143
04-22 16:00,17106.809750428572
04-22 16:15,19407.784432
04-22 16:30,13404.421726785711
04-22 16:45,6196.971882857142
04-22 17:00,2620.3881101428574
04-22 17:15,6419.832544328571
04-22 17:30,7311.3307475
04-22 17:45,1041.3654344513832
04-22 18:00,6853.042768157144
04-22 18:15,10873.869031628572
04-22 18:30,10882.431011385715
04-22 18:45,6635.970211057143
04-22 19:00,1352.4633554714287
04-22 19:15,0.0
04-22 19:30,10126.350253285716
04-22 19:45,3169.357199685715
04-22 20:00,2352.5795164428573
04-22 20:15,2626.6079875000005
04-22 20:30,0.0
04-22 20:45,171.95450380000003
04-22 21:00,0.0
04-22 21:15,3068.3992310285707
04-22 21:30,1072.0118689714288
04-22 21:45,0.0
04-22 22:00,1484.2857142857142
04-22 22:15,2574.38296175
04-22 22:30,1867.772788928572
04-22 22:45,3317.251541614285
04-22 23:00,1484.2857142857142
04-22 23:15,1484.2857142857142
04-22 23:30,2262.0005665671424
04-22 23:45,1484.2857142857142
04-23 00:00,1484.2857142857142
04-23 00:15,1982.5720820114284
04-23 00:30,1484.2857142857142
04-23 00:45,1484.2857142857142
04-23 01:00,1484.2857142857142
04-23 01:15,1484.2857142857142
04-23 01:30,1484.2857142857142
04-23 01:45,1484.2857142857142
04-23 02:00,1484.2857142857142
04-23 02:15,1484.2857142857142
04-23 02:30,1484.2857142857142
04-23 02:45,1484.2857142857142
04-23 03:00,1484.2857142857142
04-23 03:15,1484.2857142857142
04-23 03:30,1740.6495411442856
04-23 03:45,1484.2857142857142
04-23 04:00,0.0
04-23 04:15,0.0
04-23 04:30,0.0
04-23 04:45,0.0
04-23 05:00,3285.553843528572
04-23 05:15,0.0
04-23 05:30,219.36424281428583
04-23 05:45,0.0
04-23 06:00,12559.46671307143
04-23 06:15,1245.1514619571428
04-23 06:30,2543.9053594142856
04-23 06:45,6235.010175971429
04-23 07:00,12938.507445857143
04-23 07:15,9822.333503000002
04-23 07:30,6795.322181914287
04-23 07:45,13193.28962342857
04-23 08:00,5854.356922814286
04-23 08:15,11611.834948242858
04-23 08:30,8900.246964314287
04-23 08:45,1635.3075462000004
04-23 09:00,6532.67977927143
04-23 09:15,5461.794749371428
04-23 09:30,3738.644417514285
04-23 09:45,8702.348427242858
04-23 10:00,5875.8251849
04-23 10:15,11562.069872142856
04-23 10:30,10195.440464628571
04-23 10:45,9726.113570485712
04-23 11:00,8055.435780371429
04-23 11:15,8354.859309714286
04-23 11:30,13033.101240042855
04-23 11:45,26605.783420857148
04-23 12:00,14294.923576728572
04-23 12:15,11533.1443058
04-23 12:30,8716.5848025
04-23 12:45,3077.505521985714
04-23 13:00,12004.072281128572
04-23 13:15,9904.092283885711
04-23 13:30,10219.651554828572
04-23 13:45,7851.715275685714
04-23 14:00,10324.07195892857
04-23 14:15,16127.310207
04-23 14:30,10836.225884285714
04-23 14:45,12886.52956564285
04-23 15:00,8776.168786714285
04-23 15:15,11361.053794942858
04-23 15:30,3616.342265271429
04-23 15:45,10266.792240528572
04-23 16:00,9483.789972014289
04-23 16:15,7902.516672685714
04-23 16:30,7748.237042785714
04-23 16:45,9420.534731185717
04-23 17:00,15558.814005285714
04-23 17:15,2697.8224359857145
04-23 17:30,10368.933971128572
04-23 17:45,4387.220008685716
04-23 18:00,7315.0945746285715
04-23 18:15,3198.6915493428573
04-23 18:30,8089.939839500002
04-23 18:45,13056.07658157143
04-23 19:00,868.5878269857146
04-23 19:15,17.177495814285784
04-23 19:30,918.159001357143
04-23 19:45,0.0
04-23 20:00,0.0
04-23 20:15,5690.702238657143
04-23 20:30,0.0
04-23 20:45,162.23922138571442
04-23 21:00,0.0
04-23 21:15,0.0
04-23 21:30,0.0
04-23 21:45,0.0
04-23 22:00,0.0
04-23 22:15,176.6717483142858
04-23 22:30,0.0
04-23 22:45,2454.495974885714
04-23 23:00,6177.712627685713
04-23 23:15,1913.04878167
04-23 23:30,1484.2857142857142
04-23 23:45,1808.5245228357144
04-24 00:00,1484.2857142857142
04-24 00:15,1484.2857142857142
04-24 00:30,2083.915782457143
04-24 00:45,2014.798898372857
04-24 01:00,1484.2857142857142
04-24 01:15,1484.2857142857142
04-24 01:30,1484.2857142857142
04-24 01:45,1484.2857142857142
04-24 02:00,1484.2857142857142
04-24 02:15,2068.7364513357143
04-24 02:30,1484.2857142857142
04-24 02:45,1484.2857142857142
04-24 03:00,1484.2857142857142
04-24 03:15,6466.408122328572
04-24 03:30,5554.534749157142
04-24 03:45,1484.2857142857142
04-24 04:00,2501.2159917342856
04-24 04:15,2272.898772195714
04-24 04:30,1484.2857142857142
04-24 04:45,1043.9005954714282
04-24 05:00,386.9582964428573
04-24 05:15,216.33753435714308
04-24 05:30,0.0
04-24 05:45,0.0
04-24 06:00,1250.7049763285715
04-24 06:15,2273.990088857143
04-24 06:30,0.0
04-24 06:45,3917.9057422285714
04-24 07:00,15738.695796714286
04-24 07:15,1944.8164813857145
04-24 07:30,5819.872175771429
04-24 07:45,6962.708913100001
04-24 08:00,1836.2592458571428
04-24 08:15,5343.421567142858
04-24 08:30,2652.151285485714
04-24 08:45,4014.9235650142855
04-24 09:00,16751.759697
04-24 09:15,5613.398803457143
04-24 09:30,6028.6763189428575
04-24 09:45,5704.696463457143
04-24 10:00,1489.3594371000004
04-24 10:15,935.0176339
04-24 10:30,13273.182957428571
04-24 10:45,7167.512357167141
04-24 11:00,16985.200543714283
04-24 11:15,18474.35469328572
04-24 11:30,11102.57555507143
04-24 11:45,7495.380760514286
04-24 12:00,3204.536455071429
04-24 12:15,7976.117153514285
04-24 12:30,4900.083585971429
04-24 12:45,15449.243252557142
04-24 13:00,13220.170189914284
04-24 13:15,3808.319451071429
04-24 13:30,5098.870161614286
04-24 13:45,4619.000914157143
04-24 14:00,8139.546393842857
04-24 14:15,7549.271936871429
04-24 14:30,9740.365454428573
04-24 14:45,4388.622942057144
04-24 15:00,4965.678436257143
04-24 15:15,6177.825916500001
04-24 15:30,9374.86510927143
04-24 15:45,16254.802873428574
04-24 16:00,14681.236516285717
04-24 16:15,1168.0867797
04-24 16:30,8683.5643201
04-24 16:45,8620.410583971428
04-24 17:00,12341.590236585716
04-24 17:15,14170.836113714286
04-24 17:30,10760.968901685716
04-24 17:45,3196.3466546142854
04-24 18:00,6564.140967457144
04-24 18:15,2559.255706671429
04-24 18:30,1980.999556957143
04-24 18:45,0.0
04-24 19:00,422.39332682857145
04-24 19:15,0.0
04-24 19:30,39.81465587142883
04-24 19:45,5237.025224428573
04-24 20:00,3173.5643509857146
04-24 20:15,35.75235938571453
04-24 20:30,687.0261517857142
04-24 20:45,1808.443324228572
04-24 21:00,4772.494253357143
04-24 21:15,333.35223258571426
04-24 21:30,0.0
04-24 21:45,0.0
04-24 22:00,2324.347232547143
04-24 22:15,2859.2786447971425
04-24 22:30,3023.287651871429
04-24 22:45,2226.7136007371428
04-24 23:00,1938.458098418572
04-24 23:15,1484.2857142857142
04-24 23:30,1936.145149472857
04-24 23:45,2136.0848433814285
04-25 00:00,1484.2857142857142
04-25 00:15,1484.2857142857142
04-25 00:30,1484.2857142857142
04-25 00:45,1484.2857142857142
04-25 01:00,1484.2857142857142
04-25 01:15,1772.9395632414285
04-25 01:30,2001.276996778572
04-25 01:45,1484.2857142857142
04-25 02:00,1484.2857142857142
04-25 02:15,1484.2857142857142
04-25 02:30,1484.2857142857142
04-25 02:45,1484.2857142857142
04-25 03:00,1484.2857142857142
04-25 03:15,1484.2857142857142
04-25 03:30,2033.550419305714
04-25 03:45,2060.9894120085714
04-25 04:00,0.0
04-25 04:15,0.0
04-25 04:30,2029.8161299
04-25 04:45,0.0
04-25 05:00,0.0
04-25 05:15,0.0
04-25 05:30,1899.169408271429
04-25 05:45,0.0
04-25 06:00,8401.48229267143
04-25 06:15,5915.00173147143
04-25 06:30,0.0
04-25 06:45,1878.9989765
04-25 07:00,12018.250434342855
04-25 07:15,19043.864630714284
04-25 07:30,15213.064605714286
04-25 07:45,5584.205841057143
04-25 08:00,10927.792763185716
04-25 08:15,4484.775625271429
04-25 08:30,6418.760471642857
04-25 08:45,9147.81293317143
04-25 09:00,11481.5628978
04-25 09:15,6180.075665957144
04-25 09:30,6184.993868928572
04-25 09:45,3882.131324057143
04-25 10:00,5684.717358271429
04-25 10:15,5849.308591554291
04-25 10:30,5564.200990085716
04-25 10:45,12473.783803771428
04-25 11:00,5184.067053242857
04-25 11:15,2600.270592124285
04-25 11:30,2273.27297129
04-25 11:45,3075.5702792428574
04-25 12:00,7549.618777028571
04-25 12:15,8700.4412856
04-25 12:30,3901.9540194857145
04-25 12:45,6014.857194328572
04-25 13:00,4071.698261342857
04-25 13:15,19239.354769857146
04-25 13:30,9247.117301342856
04-25 13:45,5612.633535728572
04-25 14:00,6164.1093656
04-25 14:15,3964.4227845285714
04-25 14:30,13187.186398385717
04-25 14:45,20735.228813
04-25 15:00,3224.623896471428
04-25 15:15,12156.996027542858
04-25 15:30,14834.016258385716
04-25 15:45,13686.515845957145
04-25 16:00,8330.196763214288
04-25 16:15,12919.191198142858
04-25 16:30,13440.380316571427
04-25 16:45,5254.478134328572
04-25 17:00,13714.743568285716
04-25 17:15,2366.0401771
04-25 17:30,18934.80212614286
04-25 17:45,7748.153033071429
04-25 18:00,15449.983936142857
04-25 18:15,14758.996273714283
04-25 18:30,396.9427444428573
04-25 18:45,10077.168759385717
04-25 19:00,5320.884238500001
04-25 19:15,0.0
04-25 19:30,10656.131549057143
04-25 19:45,4738.561196028571
04-25 20:00,0.0
04-25 20:15,574.1510843000002
04-25 20:30,0.0
04-25 20:45,791.8406004142857
04-25 21:00,0.0
04-25 21:15,3689.130006485714
04-25 21:30,0.0
04-25 21:45,6307.374370671429
04-25 22:00,7031.439445871429
04-25 22:15,238.45096568998812
04-25 22:30,2746.506213477143
04-25 22:45,0.0
04-25 23:00,10003.7814808
04-25 23:15,4662.633919942858
04-25 23:30,1484.2857142857142
04-25 23:45,1751.6207986142856
04-26 00:00,2626.1134254614285
04-26 00:15,1484.2857142857142
04-26 00:30,1815.7167608542848
04-26 00:45,1484.2857142857142
04-26 01:00,1484.2857142857142
04-26 01:15,1484.2857142857142
04-26 01:30,1484.2857142857142
04-26 01:45,1484.2857142857142
04-26 02:00,1484.2857142857142
04-26 02:15,2170.531987752857
04-26 02:30,1484.2857142857142
04-26 02:45,1484.2857142857142
04-26 03:00,1484.2857142857142
04-26 03:15,1484.2857142857142
04-26 03:30,1484.2857142857142
04-26 03:45,1484.2857142857142
04-26 04:00,0.0
04-26 04:15,0.0
04-26 04:30,0.0
04-26 04:45,0.0
04-26 05:00,0.0
04-26 05:15,5418.230277428572
04-26 05:30,0.0
04-26 05:45,0.0
04-26 06:00,6746.840248142858
04-26 06:15,11231.901511142858
04-26 06:30,8534.626703428572
04-26 06:45,7840.369903428572
04-26 07:00,5425.589137785715
04-26 07:15,10560.53744004286
04-26 07:30,6534.37977357143
04-26 07:45,359.45030037142857
04-26 08:00,17507.860937857145
04-26 08:15,5595.210940757144
04-26 08:30,9051.196555357144
04-26 08:45,4210.736090199999
04-26 09:00,4846.80151087143
04-26 09:15,4712.634912242858
04-26 09:30,2840.4459354428577
04-26 09:45,5944.724340557144
04-26 10:00,8303.188065614286
04-26 10:15,5836.576278942858
04-26 10:30,17462.403925
04-26 10:45,2620.0047873857143
04-26 11:00,8654.817938042857
04-26 11:15,13129.397980428574
04-26 11:30,17715.881858857145
04-26 11:45,7108.246831857143
04-26 12:00,14726.113327
04-26 12:15,13044.295813714289
04-26 12:30,7645.3148439000015
04-26 12:45,9139.645972057144
04-26 13:00,17889.176192571427
04-26 13:15,6748.078023200001
04-26 13:30,12247.394093371428
04-26 13:45,9531.814251685715
04-26 14:00,9945.159506885717
04-26 14:15,11308.9893091
04-26 14:30,17367.733948999998
04-26 14:45,10517.200394171428
04-26 15:00,5995.6866799
04-26 15:15,8833.540379642856
04-26 15:30,10635.217762914286
04-26 15:45,9788.655358250046
04-26 16:00,7107.931515471429
04-26 16:15,14085.396127428572
04-26 16:30,22788.509034857143
04-26 16:45,19868.785674
04-26 17:00,7583.876637300001
04-26 17:15,13705.547883285712
04-26 17:30,21485.045789714288
04-26 17:45,2948.9196370428567
04-26 18:00,0.0
04-26 18:15,9522.847831814286
04-26 18:30,6631.347004885715
04-26 18:45,3290.1046493000003
04-26 19:00,0.0
04-26 19:15,3025.877550771429
04-26 19:30,0.0
04-26 19:45,171.89051311428594
04-26 20:00,0.0
04-26 20:15,5198.887855742858
04-26 20:30,1600.1520069000003
04-26 20:45,0.0
04-26 21:00,3679.737559571429
04-26 21:15,327.3286721000002
04-26 21:30,1262.4630884142855
04-26 21:45,0.0
04-26 22:00,3107.714775971429
04-26 22:15,1119.062671992857
04-26 22:30,353.52282265285714
04-26 22:45,0.0
04-26 23:00,2556.591996697143
04-26 23:15,5961.8303415857135
04-26 23:30,118.94422590000018
04-26 23:45,0.0
04-27 00:00,1810.330018057143
04-27 00:15,1896.6346079114285
04-27 00:30,4860.760366971428
04-27 00:45,6115.6124669857145
04-27 01:00,1484.2857142857142
04-27 01:15,5333.682327642858
04-27 01:30,1778.38714509
04-27 01:45,1964.138833808572
04-27 02:00,3288.9419893428567
04-27 02:15,2252.176945792857
04-27 02:30,1484.2857142857142
04-27 02:45,5682.926706942857
04-27 03:00,1484.2857142857142
04-27 03:15,1484.2857142857142
04-27 03:30,1484.2857142857142
04-27 03:45,1484.2857142857142
04-27 04:00,1484.2857142857142
04-27 04:15,1484.2857142857142
04-27 04:30,1484.2857142857142
04-27 04:45,1484.2857142857142
04-27 05:00,1484.2857142857142
04-27 05:15,1484.2857142857142
04-27 05:30,1961.436433218572
04-27 05:45,1484.2857142857142
04-27 06:00,0.0
04-27 06:15,0.0
04-27 06:30,0.0
04-27 06:45,0.0
04-27 07:00,1643.4208973285718
04-27 07:15,1342.632331742857
04-27 07:30,0.0
04-27 07:45,1178.3736486571431
04-27 08:00,5533.096315285716
04-27 08:15,0.0
04-27 08:30,3515.505929800001
04-27 08:45,1627.180157657143
04-27 09:00,5362.024454028573
04-27 09:15,3478.090749842858
04-27 09:30,8528.656209985716
04-27 09:45,11736.450629214283
04-27 10:00,9808.704853085714
04-27 10:15,17705.940369285716
04-27 10:30,6085.466034685715
04-27 10:45,3158.654377985715
04-27 11:00,5802.904768957144
04-27 11:15,13140.097756371428
04-27 11:30,10237.1768927
04-27 11:45,8344.935142485714
04-27 12:00,17626.53776157143
04-27 12:15,13057.618300014285
04-27 12:30,10304.218453128571
04-27 12:45,10400.492809042857
04-27 13:00,13089.996067385711
04-27 13:15,15286.629070428571
04-27 13:30,6598.159566657143
04-27 13:45,13258.45411842857
04-27 14:00,12096.466885328571
04-27 14:15,13466.392722157145
04-27 14:30,11800.82583977143
04-27 14:45,4231.557842557143
04-27 15:00,9624.045101314285
04-27 15:15,24701.823139714288
04-27 15:30,13122.0969321
04-27 15:45,9881.673549028572
04-27 16:00,9073.559672671428
04-27 16:15,4900.609656171429
04-27 16:30,1548.0496626428571
04-27 16:45,1293.604986
04-27 17:00,6369.803832985715
04-27 17:15,9686.287765057144
04-27 17:30,448.4770398857143
04-27 17:45,6035.703290714287
04-27 18:00,2464.666951
04-27 18:15,1677.462003714286
04-27 18:30,0.0
04-27 18:45,2537.525571028571
04-27 19:00,2522.498106128571
04-27 19:15,43.79276214285736
04-27 19:30,4962.784551442857
04-27 19:45,10907.903457828572
04-27 20:00,4452.777085685715
04-27 20:15,5118.115942328571
04-27 20:30,0.0
04-27 20:45,3175.386744514285
04-27 21:00,0.0
04-27 21:15,0.0
04-27 21:30,2293.0750919428574
04-27 21:45,99.84924600000016
04-27 22:00,2567.115469852857
04-27 22:15,2122.2810000057143
04-27 22:30,1484.2857142857142
04-27 22:45,2091.1693174814286
04-27 23:00,7021.559298357142
04-27 23:15,2552.2531178414283
04-27 23:30,6023.536835985715
04-27 23:45,1484.2857142857142
04-28 00:00,1484.2857142857142
04-28 00:15,1484.2857142857142
04-28 00:30,2033.9954492414288
04-28 00:45,1484.2857142857142
04-28 01:00,1484.2857142857142
04-28 01:15,1484.2857142857142
04-28 01:30,1484.2857142857142
04-28 01:45,1484.2857142857142
04-28 02:00,1958.38898809
04-28 02:15,1484.2857142857142
04-28 02:30,2110.859051254285
04-28 02:45,1484.2857142857142
04-28 03:00,1484.2857142857142
04-28 03:15,1484.2857142857142
04-28 03:30,1484.2857142857142
04-28 03:45,1943.86805937
04-28 04:00,1484.2857142857142
04-28 04:15,1484.2857142857142
04-28 04:30,1484.2857142857142
04-28 04:45,1484.2857142857142
04-28 05:00,1484.2857142857142
04-28 05:15,1484.2857142857142
04-28 05:30,1484.2857142857142
04-28 05:45,1484.2857142857142
04-28 06:00,2528.710361554286
04-28 06:15,1216.638465999955
04-28 06:30,0.0
04-28 06:45,2004.009582658572
04-28 07:00,1458.948537857143
04-28 07:15,3898.6258652
04-28 07:30,1738.275029158711
04-28 07:45,2673.7668733428573
04-28 08:00,820.5622233571429
04-28 08:15,0.0
04-28 08:30,1150.9251167857146
04-28 08:45,7076.412373157144
04-28 09:00,2759.4831979
04-28 09:15,12566.304567414289
04-28 09:30,2383.1652846
04-28 09:45,3319.0166469428573
04-28 10:00,1180.1014358714283
04-28 10:15,12734.75907682857
04-28 10:30,1928.0496763000003
04-28 10:45,0.0
04-28 11:00,2937.8711552142863
04-28 11:15,12614.169996757144
04-28 11:30,13619.605100714283
04-28 11:45,19832.605107714287
04-28 12:00,18149.702097857145
04-28 12:15,17269.328955999998
04-28 12:30,22136.09039328571
04-28 12:45,23535.63918971429
04-28 13:00,15310.508586842858
04-28 13:15,19824.05641314286
04-28 13:30,10190.302242471427
04-28 13:45,6335.141481185715
04-28 14:00,3664.594105285714
04-28 14:15,8527.101385542857
04-28 14:30,11356.836458442856
04-28 14:45,13386.807059414286
04-28 15:00,12209.315298028572
04-28 15:15,11954.360821685714
04-28 15:30,4683.417790185714
04-28 15:45,10685.007718771429
04-28 16:00,12719.942413585715
04-28 16:15,19346.09839671429
04-28 16:30,12527.708012414289
04-28 16:45,4645.222191471429
04-28 17:00,11115.60932764286
04-28 17:15,1171.0345156428575
04-28 17:30,7974.394449714287
04-28 17:45,6704.275001771428
04-28 18:00,0.0
04-28 18:15,3816.8273459857146
04-28 18:30,0.0
04-28 18:45,268.4310052000002
04-28 19:00,0.0
04-28 19:15,0.0
04-28 19:30,0.0
04-28 19:45,0.0
04-28 20:00,367.49019341428567
04-28 20:15,4557.729689385714
04-28 20:30,0.0
04-28 20:45,3253.3039230142854
04-28 21:00,0.0
04-28 21:15,512.807611657143
04-28 21:30,0.0
04-28 21:45,0.0
04-28 22:00,0.0
04-28 22:15,0.0
04-28 22:30,0.0
04-28 22:45,0.0
04-28 23:00,0.0
04-28 23:15,0.0
04-28 23:30,0.0
04-28 23:45,0.0
04-29 00:00,1484.2857142857142
04-29 00:15,2068.7826790514287
04-29 00:30,1484.2857142857142
04-29 00:45,2658.420900175694
04-29 01:00,1484.2857142857142
04-29 01:15,1484.2857142857142
04-29 01:30,1484.2857142857142
04-29 01:45,2012.7029035842857
04-29 02:00,1484.2857142857142
04-29 02:15,1484.2857142857142
04-29 02:30,1484.2857142857142
04-29 02:45,1484.2857142857142
04-29 03:00,13697.128768042858
04-29 03:15,1484.2857142857142
04-29 03:30,1484.2857142857142
04-29 03:45,2053.282467238572
04-29 04:00,862.2983452628571
04-29 04:15,0.0
04-29 04:30,2856.328681557141
04-29 04:45,8031.183938785714
04-29 05:00,5524.311236471429
04-29 05:15,3013.657182928572
04-29 05:30,0.0
04-29 05:45,0.0
04-29 06:00,1288.0774272285717
04-29 06:15,1406.3861595571432
04-29 06:30,8171.7350949857155
04-29 06:45,4356.680050100001
04-29 07:00,5123.642466242858
04-29 07:15,2872.089457314286
04-29 07:30,8664.028608285715
04-29 07:45,7482.470771185714
04-29 08:00,8608.397881642859
04-29 08:15,5776.606111971429
04-29 08:30,1419.851744771429
04-29 08:45,1934.0864260428573
04-29 09:00,3975.3394847857153
04-29 09:15,20665.326809
04-29 09:30,5788.088743157144
04-29 09:45,10050.150469528571
04-29 10:00,2803.8133308714287
04-29 10:15,1498.4267482714286
04-29 10:30,17335.77564314286
04-29 10:45,6987.684682128572
04-29 11:00,2558.6745556714286
04-29 11:15,5765.432832728571
04-29 11:30,9685.543465742856
04-29 11:45,10717.723029485716
04-29 12:00,3940.366307928572
04-29 12:15,3144.508362528572
04-29 12:30,16441.010579428574
04-29 12:45,5490.6126829
04-29 13:00,12785.9725016
04-29 13:15,11096.450707114289
04-29 13:30,9300.164007914284
04-29 13:45,9986.848161757143
04-29 14:00,14030.802881642856
04-29 14:15,9810.75442067143
04-29 14:30,10264.873238657145
04-29 14:45,7913.294363942857
04-29 15:00,18830.175707571427
04-29 15:15,11768.490235814284
04-29 15:30,19893.564228857143
04-29 15:45,6271.6026555
04-29 16:00,9930.32197957143
04-29 16:15,11538.839913714286
04-29 16:30,20674.567422
04-29 16:45,3089.840311814285
04-29 17:00,11181.254147785716
04-29 17:15,6693.968740571429
04-29 17:30,5559.5174087000005
04-29 17:45,2256.4224183142856
04-29 18:00,14887.554596714286
04-29 18:15,2610.802908571429
04-29 18:30,690.3886036857143
04-29 18:45,5055.902594585715
04-29 19:00,3525.351277957144
04-29 19:15,4935.457979085715
04-29 19:30,5458.20131827143
04-29 19:45,5316.158443528573
04-29 20:00,3482.779328542857
04-29 20:15,5067.461649328572
04-29 20:30,0.0
04-29 20:45,0.0
04-29 21:00,0.0
04-29 21:15,0.0
04-29 21:30,0.0
04-29 21:45,0.0
04-29 22:00,2529.005188257143
04-29 22:15,3224.9744227714286
04-29 22:30,7031.7056355
04-29 22:45,1747.0129248842857
04-29 23:00,1854.7106343228568
04-29 23:15,1921.4775626457144
04-29 23:30,2562.4259822485715
04-29 23:45,1484.2857142857142
04-30 00:00,6879.891025542856
04-30 00:15,1484.2857142857142
04-30 00:30,1484.2857142857142
04-30 00:45,1484.2857142857142
04-30 01:00,7779.080116642857
04-30 01:15,1484.2857142857142
04-30 01:30,1484.2857142857142
04-30 01:45,1484.2857142857142
04-30 02:00,1484.2857142857142
04-30 02:15,1484.2857142857142
04-30 02:30,1484.2857142857142
04-30 02:45,1484.2857142857142
04-30 03:00,2172.1517908942856
04-30 03:15,2371.657669878572
04-30 03:30,1484.2857142857142
04-30 03:45,1484.2857142857142
04-30 04:00,1484.2857142857142
04-30 04:15,1484.2857142857142
04-30 04:30,2139.365949507143
04-30 04:45,1615.6177851757143
04-30 05:00,0.0
04-30 05:15,0.0
04-30 05:30,3125.8836100857147
04-30 05:45,755.8270029142857
04-30 06:00,4026.9713095571433
04-30 06:15,752.2389152428574
04-30 06:30,3477.846952828572
04-30 06:45,7420.441861314287
04-30 07:00,1924.1333608714287
04-30 07:15,9640.078658
04-30 07:30,10010.702375885714
04-30 07:45,13646.418265714286
04-30 08:00,3320.2285164428577
04-30 08:15,18780.73238457143
04-30 08:30,4603.442206442858
04-30 08:45,0.0
04-30 09:00,1444.5649522857143
04-30 09:15,6024.468289771429
04-30 09:30,10044.4887924
04-30 09:45,10364.78691037143
04-30 10:00,7193.603808471429
04-30 10:15,6011.194491442859
04-30 10:30,2879.505664428572
04-30 10:45,11361.14580977143
04-30 11:00,7664.690905228572
04-30 11:15,20249.78216871429
04-30 11:30,8284.854000374326
04-30 11:45,5290.529579628572
04-30 12:00,4274.225801014286
04-30 12:15,9148.258953242856
04-30 12:30,14695.192639571427
04-30 12:45,4859.796463871428
04-30 13:00,2675.521755522857
04-30 13:15,7608.196208971428
04-30 13:30,4484.879446257142
04-30 13:45,16829.255592857146
04-30 14:00,15012.5600624
04-30 14:15,12623.53607587143
04-30 14:30,9577.7183083
04-30 14:45,10683.060883542856
04-30 15:00,17495.65616557143
04-30 15:15,11950.079377842856
04-30 15:30,18618.503924
04-30 15:45,4649.374963300001
04-30 16:00,4048.415509414286
04-30 16:15,2324.3231277857144
04-30 16:30,6203.2892256000005
04-30 16:45,6858.114645728571
04-30 17:00,5457.4645842
04-30 17:15,9079.53821317143
04-30 17:30,3239.804812142858
04-30 17:45,1681.391752128572
04-30 18:00,6275.066944485715
04-30 18:15,3227.666781142858
04-30 18:30,8385.518622628571
04-30 18:45,9889.987194671428
04-30 19:00,0.0
04-30 19:15,0.0
04-30 19:30,0.0
04-30 19:45,12141.45548562857
04-30 20:00,1075.2818771857146
04-30 20:15,8410.45458637143
04-30 20:30,3673.605153385715
04-30 20:45,0.0
04-30 21:00,801.4198881285716
04-30 21:15,0.0
04-30 21:30,0.0
04-30 21:45,3324.844193571429
04-30 22:00,0.0
04-30 22:15,0.0
04-30 22:30,1044.134484757143
04-30 22:45,26.378259028571524
04-30 23:00,0.0
04-30 23:15,1484.2857142857142
04-30 23:30,0.0
04-30 23:45,1625.8592549428572
05-01 00:00,0.0
05-01 00:15,2270.920076028572
05-01 00:30,0.0
05-01 00:45,0.0
05-01 01:00,0.0
05-01 01:15,0.0
05-01 01:30,634.7490006285715
05-01 01:45,0.0
05-01 02:00,6473.661236
05-01 02:15,0.0
05-01 02:30,0.0
05-01 02:45,0.0
05-01 03:00,1484.2857142857142
05-01 03:15,1484.2857142857142
05-01 03:30,1484.2857142857142
05-01 03:45,142.5137726771422
05-01 04:00,3893.756155771429
05-01 04:15,0.0
05-01 04:30,0.0
05-01 04:45,3841.0830410857134
05-01 05:00,1977.8825991185715
05-01 05:15,2392.9316531185714
05-01 05:30,2010.5069531557144
05-01 05:45,2148.803581704285
05-01 06:00,4209.8458393857145
05-01 06:15,4846.590564528571
05-01 06:30,9328.9415766
05-01 06:45,4296.092924785715
05-01 07:00,7396.500962142857
05-01 07:15,7124.003953757144
05-01 07:30,8042.464918057142
05-01 07:45,3376.664506185715
05-01 08:00,17103.036098142813
05-01 08:15,9667.759416371428
05-01 08:30,18962.225573
05-01 08:45,15736.990752371428
05-01 09:00,26693.137882857143
05-01 09:15,21974.621406714286
05-01 09:30,8610.5220013
05-01 09:45,24263.174614
05-01 10:00,7539.249048914286
05-01 10:15,9560.9398992
05-01 10:30,8907.449571242858
05-01 10:45,7413.594814714285
05-01 11:00,10471.877893171428
05-01 11:15,8375.0419489
05-01 11:30,3725.393481842857
05-01 11:45,14276.584719257142
05-01 12:00,8941.319210942858
05-01 12:15,3542.257441957143
05-01 12:30,9038.425601185714
05-01 12:45,8402.074739757143
05-01 13:00,6344.354251714286
05-01 13:15,4201.563972742857
05-01 13:30,2832.7280135657143
05-01 13:45,8734.615236457143
05-01 14:00,6032.364186457144
05-01 14:15,15800.658991142856
05-01 14:30,7129.508554628572
05-01 14:45,9111.95624697143
05-01 15:00,7984.223001842857
05-01 15:15,7645.789717042856
05-01 15:30,4002.6418216857146
05-01 15:45,18295.002046857146
05-01 16:00,13419.390250514289
05-01 16:15,9867.089603728571
05-01 16:30,13168.788350757144
05-01 16:45,18356.07614585714
05-01 17:00,5049.658119371429
05-01 17:15,9170.043942914286
05-01 17:30,4346.898955342856
05-01 17:45,11055.218046342856
05-01 18:00,17386.780743857144
05-01 18:15,16580.930459000003
05-01 18:30,1961.8709275857143
05-01 18:45,9187.244481128571
05-01 19:00,2723.178195671429
05-01 19:15,4564.508093385715
05-01 19:30,372.8444240428571
05-01 19:45,0.0
05-01 20:00,0.0
05-01 20:15,3847.346950171429
05-01 20:30,0.0
05-01 20:45,13426.03502257143
05-01 21:00,0.0
05-01 21:15,0.7583203285716728
05-01 21:30,4436.953697685715
05-01 21:45,3341.9320375714296
05-01 22:00,5803.256113084293
05-01 22:15,5316.1661314
05-01 22:30,1484.2857142857142
05-01 22:45,4982.616906100001
05-01 23:00,0.0
05-01 23:15,0.0
05-01 23:30,1526.8290509571427
05-01 23:45,0.0
05-02 00:00,1484.2857142857142
05-02 00:15,1484.2857142857142
05-02 00:30,1484.2857142857142
05-02 00:45,1484.2857142857142
05-02 01:00,1484.2857142857142
05-02 01:15,1484.2857142857142
05-02 01:30,1484.2857142857142
05-02 01:45,1484.2857142857142
05-02 02:00,6165.066505942857
05-02 02:15,1484.2857142857142
05-02 02:30,5585.7100362857145
05-02 02:45,1484.2857142857142
05-02 03:00,1484.2857142857142
05-02 03:15,5258.059331957143
05-02 03:30,1484.2857142857142
05-02 03:45,6722.4276620142855
05-02 04:00,828.0697081714287
05-02 04:15,2374.6139948657137
05-02 04:30,3977.867732857141
05-02 04:45,2262.8530111557143
05-02 05:00,0.0
05-02 05:15,0.0
05-02 05:30,0.0
05-02 05:45,65.28283401428573
05-02 06:00,5334.098120571429
05-02 06:15,4682.163247857144
05-02 06:30,4647.262907385715
05-02 06:45,710.7114136142858
05-02 07:00,10345.793333385716
05-02 07:15,2717.3776483285715
05-02 07:30,11729.561847600002
05-02 07:45,13022.022246285716
05-02 08:00,5779.5116799
05-02 08:15,11804.851196514286
05-02 08:30,2619.1405329
05-02 08:45,9149.744009342858
05-02 09:00,12646.238576242858
05-02 09:15,19453.88928142857
05-02 09:30,877.5283668
05-02 09:45,15326.770482857144
05-02 10:00,11146.527608742856
05-02 10:15,4852.472973885714
05-02 10:30,3672.996942442857
05-02 10:45,16382.057137431424
05-02 11:00,20638.16422057143
05-02 11:15,7287.437609728571
05-02 11:30,5274.549770142858
05-02 11:45,7015.4345510428575
05-02 12:00,6983.309493257143
05-02 12:15,5341.918358057143
05-02 12:30,15311.341176342856
05-02 12:45,9083.851226885714
05-02 13:00,4816.101238585715
05-02 13:15,11183.431956871427
05-02 13:30,11368.645097342858
05-02 13:45,8100.599640585713
05-02 14:00,12359.864348414289
05-02 14:15,10420.928214542855
05-02 14:30,6224.773480271428
05-02 14:45,12145.950047628572
05-02 15:00,7509.06499307143
05-02 15:15,2659.370881391415
05-02 15:30,13120.549578571432
05-02 15:45,3232.9408233571426
05-02 16:00,6113.935989614287
05-02 16:15,3645.760737842857
05-02 16:30,2911.6830211714287
05-02 16:45,2691.346208442857
05-02 17:00,17554.865879428573
05-02 17:15,3753.965919757143
05-02 17:30,7022.926441571429
05-02 17:45,6279.263756157144
05-02 18:00,4875.429176542857
05-02 18:15,500.0787169428571
05-02 18:30,6847.223494371429
05-02 18:45,7935.95049087143
05-02 19:00,143.2109440571429
05-02 19:15,0.0
05-02 19:30,5762.42295947143
05-02 19:45,1184.4438375428574
05-02 20:00,0.0
05-02 20:15,126.78590661428592
05-02 20:30,5364.304670514286
05-02 20:45,0.0
05-02 21:00,0.0
05-02 21:15,0.0
05-02 21:30,0.0
05-02 21:45,0.0
05-02 22:00,0.0
05-02 22:15,0.0
05-02 22:30,0.0
05-02 22:45,726.5472989857145
05-02 23:00,1484.2857142857142
05-02 23:15,2365.6696046057145
05-02 23:30,2097.321133137143
05-02 23:45,1484.2857142857142
05-03 00:00,1937.5515082142856
05-03 00:15,1484.2857142857142
05-03 00:30,1843.265199502857
05-03 00:45,1484.2857142857142
05-03 01:00,1484.2857142857142
05-03 01:15,1484.2857142857142
05-03 01:30,1484.2857142857142
05-03 01:45,1484.2857142857142
05-03 02:00,1484.2857142857142
05-03 02:15,1926.09501842
05-03 02:30,2094.638149227143
05-03 02:45,1484.2857142857142
05-03 03:00,1484.2857142857142
05-03 03:15,1484.2857142857142
05-03 03:30,1484.2857142857142
05-03 03:45,1484.2857142857142
05-03 04:00,1484.2857142857142
05-03 04:15,1484.2857142857142
05-03 04:30,1484.2857142857142
05-03 04:45,1484.2857142857142
05-03 05:00,0.0
05-03 05:15,0.0
05-03 05:30,0.0
05-03 05:45,0.0
05-03 06:00,2909.196965828572
05-03 06:15,6606.413185828572
05-03 06:30,2674.686195942857
05-03 06:45,3243.673682471429
05-03 07:00,12392.310516614283
05-03 07:15,16147.70536457143
05-03 07:30,703.9431347000002
05-03 07:45,8453.158367585715
05-03 08:00,7936.295807757144
05-03 08:15,8183.009732957144
05-03 08:30,7744.539416185715
05-03 08:45,1499.5299714285711
05-03 09:00,8087.016570757143
05-03 09:15,7417.349976614286
05-03 09:30,7009.75719277143
05-03 09:45,4284.205832042858
05-03 10:00,8780.773528828571
05-03 10:15,8122.551468542857
05-03 10:30,972.5231347
05-03 10:45,13191.658720142856
05-03 11:00,2046.3399536142856
05-03 11:15,9269.2353294
05-03 11:30,15339.645144714288
05-03 11:45,564.6612568285717
05-03 12:00,8399.608055085715
05-03 12:15,8538.43518294286
05-03 12:30,16370.74106457143
05-03 12:45,13733.72224
05-03 13:00,5679.8784884
05-03 13:15,9482.8027656
05-03 13:30,15348.294653557145
05-03 13:45,13890.602856285714
05-03 14:00,14869.963192842855
05-03 14:15,14029.342277985716
05-03 14:30,5366.863023028572
05-03 14:45,10665.207767442858
05-03 15:00,12631.952475257143
05-03 15:15,9354.763630614289
05-03 15:30,16560.607236857144
05-03 15:45,9613.3409056
05-03 16:00,14709.158992742858
05-03 16:15,22560.04461585714
05-03 16:30,14860.683700242857
05-03 16:45,7915.803974612899
05-03 17:00,7671.942711685714
05-03 17:15,9523.5408586
05-03 17:30,6861.793795857144
05-03 17:45,14354.56627214286
05-03 18:00,2612.238382157143
05-03 18:15,6536.089487214286
05-03 18:30,1761.8559917428572
05-03 18:45,11307.416724728571
05-03 19:00,5555.534550114287
05-03 19:15,1349.8943403714286
05-03 19:30,3156.0039427428574
05-03 19:45,0.0
05-03 20:00,763.4660202285714
05-03 20:15,2662.0190562
05-03 20:30,12677.5109073
05-03 20:45,3812.330754428571
05-03 21:00,0.0
05-03 21:15,6755.784269900001
05-03 21:30,5025.334210128572
05-03 21:45,4042.408861985714
05-03 22:00,0.0
05-03 22:15,0.0
05-03 22:30,0.0
05-03 22:45,3233.1082458142864
05-03 23:00,298.1820817142857
05-03 23:15,837.7441961000001
05-03 23:30,0.0
05-03 23:45,0.0
05-04 00:00,2457.8358070528566
05-04 00:15,1484.2857142857142
05-04 00:30,2033.3780007771427
05-04 00:45,6807.604170585714
05-04 01:00,1484.2857142857142
05-04 01:15,2104.770409538571
05-04 01:30,1484.2857142857142
05-04 01:45,1878.1289028571423
05-04 02:00,2068.6871389014286
05-04 02:15,2648.702106952857
05-04 02:30,4969.78983872857
05-04 02:45,1484.2857142857142
05-04 03:00,1484.2857142857142
05-04 03:15,1484.2857142857142
05-04 03:30,1806.8746427757144
05-04 03:45,1484.2857142857142
05-04 04:00,1484.2857142857142
05-04 04:15,1484.2857142857142
05-04 04:30,2131.6247727314285
05-04 04:45,2817.1298666885714
05-04 05:00,2747.486469721429
05-04 05:15,5752.256359271429
05-04 05:30,1484.2857142857142
05-04 05:45,2702.6675108957143
05-04 06:00,0.0
05-04 06:15,0.0
05-04 06:30,0.0
05-04 06:45,4268.474566
05-04 07:00,0.0
05-04 07:15,4873.269700571429
05-04 07:30,4312.777885728573
05-04 07:45,198.24833967142868
05-04 08:00,1030.7716573142857
05-04 08:15,707.2644855857143
05-04 08:30,1.6211331428572784
05-04 08:45,0.0
05-04 09:00,5378.3421293857145
05-04 09:15,2768.3191607857143
05-04 09:30,0.0
05-04 09:45,2437.142931942857
05-04 10:00,6822.637624942857
05-04 10:15,24856.012343
05-04 10:30,12638.569495685711
05-04 10:45,2475.8026852714283
05-04 11:00,6856.763716128571
05-04 11:15,5872.417773200001
05-04 11:30,7215.0290821571425
05-04 11:45,8455.914692442857
05-04 12:00,14160.122698285715
05-04 12:15,8707.9000607
05-04 12:30,7897.462814822853
05-04 12:45,11039.89042207143
05-04 13:00,3855.653203842857
05-04 13:15,11863.980806128571
05-04 13:30,4738.531321442857
05-04 13:45,5892.6788344
05-04 14:00,1736.2461435814284
05-04 14:15,2909.073405412857
05-04 14:30,10666.0906061
05-04 14:45,17360.315718857142
05-04 15:00,10347.293706842856
05-04 15:15,13959.9722693
05-04 15:30,13916.303421585715
05-04 15:45,20172.582238714287
05-04 16:00,4539.980719628571
05-04 16:15,15394.634090642858
05-04 16:30,5888.933134971428
05-04 16:45,6942.727232628571
05-04 17:00,5793.511656500001
05-04 17:15,0.0
05-04 17:30,0.0
05-04 17:45,5973.005300271429
05-04 18:00,0.0
05-04 18:15,12757.226746457143
05-04 18:30,14897.653515000002
05-04 18:45,0.0
05-04 19:00,673.0837201999999
05-04 19:15,1183.903348142857
05-04 19:30,4102.620411557144
05-04 19:45,4373.274042871429
05-04 20:00,0.0
05-04 20:15,6525.508748457144
05-04 20:30,0.0
05-04 20:45,1064.7000286285718
05-04 21:00,0.0
05-04 21:15,0.0
05-04 21:30,0.0
05-04 21:45,6340.0691800714285
05-04 22:00,5146.430002571429
05-04 22:15,0.0
05-04 22:30,0.0
05-04 22:45,3021.477845000001
05-04 23:00,5861.461047685713
05-04 23:15,0.0
05-04 23:30,0.0
05-04 23:45,0.0
05-05 00:00,0.0
05-05 00:15,415.9559996871428
05-05 00:30,334.32705299
05-05 00:45,0.0
05-05 01:00,0.0
05-05 01:15,0.0
05-05 01:30,0.0
05-05 01:45,0.0
05-05 02:00,1484.2857142857142
05-05 02:15,1484.2857142857142
05-05 02:30,8195.305096814285
05-05 02:45,1484.2857142857142
05-05 03:00,826.260502184674
05-05 03:15,0.0
05-05 03:30,1484.2857142857142
05-05 03:45,0.0
05-05 04:00,1484.2857142857142
05-05 04:15,1484.2857142857142
05-05 04:30,1484.2857142857142
05-05 04:45,1964.0245119342856
05-05 05:00,1484.2857142857142
05-05 05:15,1484.2857142857142
05-05 05:30,1484.2857142857142
05-05 05:45,1484.2857142857142
05-05 06:00,1484.2857142857142
05-05 06:15,1484.2857142857142
05-05 06:30,1484.2857142857142
05-05 06:45,1694.436833765714
05-05 07:00,5965.168227700001
05-05 07:15,115.80628015714308
05-05 07:30,2965.156859985714
05-05 07:45,3980.947874928571
05-05 08:00,5769.075394342857
05-05 08:15,3340.264071457143
05-05 08:30,1119.1260070000003
05-05 08:45,0.0
05-05 09:00,8064.932156485714
05-05 09:15,5399.344103714287
05-05 09:30,7333.625087657142
05-05 09:45,7784.415215028571
05-05 10:00,9594.516411942855
05-05 10:15,22062.085640142857
05-05 10:30,9762.6633759
05-05 10:45,13011.033280371428
05-05 11:00,5742.484232771429
05-05 11:15,5574.627688671429
05-05 11:30,23586.74821114285
05-05 11:45,14250.664509157144
05-05 12:00,11657.80423817143
05-05 12:15,14222.646684114285
05-05 12:30,21809.112820285714
05-05 12:45,5636.156055414286
05-05 13:00,8860.129102528572
05-05 13:15,20512.795752
05-05 13:30,10583.668475214285
05-05 13:45,5705.193723342857
05-05 14:00,18438.20195842857
05-05 14:15,20395.67503385714
05-05 14:30,7044.889964957143
05-05 14:45,9892.225854514283
05-05 15:00,6285.392725757142
05-05 15:15,12150.345014371427
05-05 15:30,23887.30721242857
05-05 15:45,8605.859678842859
05-05 16:00,6596.304219900001
05-05 16:15,15220.060621271428
05-05 16:30,7817.95919197143
05-05 16:45,14661.426240585712
05-05 17:00,8238.491354557142
05-05 17:15,10483.296030642858
05-05 17:30,4675.588190414285
05-05 17:45,13978.626068771428
05-05 18:00,15403.344984714286
05-05 18:15,2469.7936192857146
05-05 18:30,4400.900390442858
05-05 18:45,880.3885153142858
05-05 19:00,0.0
05-05 19:15,0.0
05-05 19:30,0.0
05-05 19:45,83.04438615714282
05-05 20:00,0.0
05-05 20:15,11456.920754614288
05-05 20:30,15579.223029571427
05-05 20:45,115.67771861428592
05-05 21:00,0.0
05-05 21:15,0.0
05-05 21:30,0.0
05-05 21:45,0.0
05-05 22:00,0.0
05-05 22:15,0.0
05-05 22:30,0.0
05-05 22:45,0.0
05-05 23:00,0.0
05-05 23:15,2151.6064245000007
05-05 23:30,0.0
05-05 23:45,0.0
05-06 00:00,1043.1904118757122
05-06 00:15,0.0
05-06 00:30,1484.2857142857142
05-06 00:45,2439.343884042857
05-06 01:00,1986.6830019614283
05-06 01:15,1484.2857142857142
05-06 01:30,1484.2857142857142
05-06 01:45,1855.0848581271428
05-06 02:00,1484.2857142857142
05-06 02:15,1484.2857142857142
05-06 02:30,6151.625937842858
05-06 02:45,1484.2857142857142
05-06 03:00,1484.2857142857142
05-06 03:15,2044.8421452171428
05-06 03:30,1909.2523288742848
05-06 03:45,6847.381975128572
05-06 04:00,1059.182001752857
05-06 04:15,504.20377196857146
05-06 04:30,0.0
05-06 04:45,0.0
05-06 05:00,0.0
05-06 05:15,0.0
05-06 05:30,2518.227080571429
05-06 05:45,0.0
05-06 06:00,2011.3715284714283
05-06 06:15,4220.436437471429
05-06 06:30,345.68019308571434
05-06 06:45,2166.743901657143
05-06 07:00,5649.914052057144
05-06 07:15,1190.0142310142855
05-06 07:30,6885.2593159285725
05-06 07:45,6949.608357257143
05-06 08:00,8027.361517828572
05-06 08:15,3812.430299257143
05-06 08:30,13540.718266857142
05-06 08:45,2154.499871357142
05-06 09:00,14479.246452
05-06 09:15,263.0297871857144
05-06 09:30,9544.6498212
05-06 09:45,10797.486559742858
05-06 10:00,4229.240578942858
05-06 10:15,4853.188559585714
05-06 10:30,2319.523914357143
05-06 10:45,414.0878087857144
05-06 11:00,2803.8690556428573
05-06 11:15,6073.583790385715
05-06 11:30,7984.255500185714
05-06 11:45,13053.573191409982
05-06 12:00,5463.806941614286
05-06 12:15,12683.927273142855
05-06 12:30,12618.513139585715
05-06 12:45,2822.284455637143
05-06 13:00,12258.021205485711
05-06 13:15,10420.553803385716
05-06 13:30,6348.563892828571
05-06 13:45,6276.158354057143
05-06 14:00,4618.618335857143
05-06 14:15,4212.355427942857
05-06 14:30,6394.340721571429
05-06 14:45,3974.125541528572
05-06 15:00,16497.449327714286
05-06 15:15,24581.586236285715
05-06 15:30,14325.9408294
05-06 15:45,9770.583610285714
05-06 16:00,12711.839105057144
05-06 16:15,12147.968437971427
05-06 16:30,17963.59367757143
05-06 16:45,5469.742905857142
05-06 17:00,37.28117425714312
05-06 17:15,2831.8187029571427
05-06 17:30,7961.065409314287
05-06 17:45,8726.332840571431
05-06 18:00,1077.1834468000002
05-06 18:15,6360.109067685715
05-06 18:30,1979.954182457143
05-06 18:45,2520.293791428572
05-06 19:00,0.0
05-06 19:15,4961.953082342858
05-06 19:30,2671.917078142857
05-06 19:45,0.0
05-06 20:00,3348.9862190571425
05-06 20:15,0.0
05-06 20:30,29.342682371428705
05-06 20:45,157.7653579285714
05-06 21:00,4848.76560667143
05-06 21:15,98.56884505714282
05-06 21:30,0.0
05-06 21:45,0.0
05-06 22:00,1900.8287325
05-06 22:15,0.0
05-06 22:30,0.0
05-06 22:45,0.0
05-06 23:00,2003.0925004914284
05-06 23:15,2896.511993115714
05-06 23:30,1913.7411525642856
05-06 23:45,1484.2857142857142
05-07 00:00,1484.2857142857142
05-07 00:15,2016.3454838
05-07 00:30,2239.939793167143
05-07 00:45,1991.578059712857
05-07 01:00,1484.2857142857142
05-07 01:15,1484.2857142857142
05-07 01:30,1484.2857142857142
05-07 01:45,1484.2857142857142
05-07 02:00,1484.2857142857142
05-07 02:15,2033.6106977771424
05-07 02:30,1484.2857142857142
05-07 02:45,1484.2857142857142
05-07 03:00,1484.2857142857142
05-07 03:15,1800.3776293342858
05-07 03:30,1484.2857142857142
05-07 03:45,1811.871470812857
05-07 04:00,1979.7073500157144
05-07 04:15,1787.4305780514285
05-07 04:30,2742.2660945271427
05-07 04:45,1484.2857142857142
05-07 05:00,0.0
05-07 05:15,0.0
05-07 05:30,3565.815154828572
05-07 05:45,0.0
05-07 06:00,4743.370928728572
05-07 06:15,2439.109831242857
05-07 06:30,4854.443767057143
05-07 06:45,4857.914139300001
05-07 07:00,3676.547516628572
05-07 07:15,11469.28259112857
05-07 07:30,17958.097746428575
05-07 07:45,1063.8045185142855
05-07 08:00,8739.701388814286
05-07 08:15,2671.274277528571
05-07 08:30,8297.516643100002
05-07 08:45,6193.162895400001
05-07 09:00,11593.4370112
05-07 09:15,7728.788892
05-07 09:30,1146.152029814286
05-07 09:45,5784.838943042858
05-07 10:00,18716.229474857144
05-07 10:15,1523.4629390000002
05-07 10:30,12730.894609957144
05-07 10:45,7676.643036085714
05-07 11:00,3391.2888818
05-07 11:15,7262.7776397
05-07 11:30,15874.338455571427
05-07 11:45,7986.448614945758
05-07 12:00,6203.844661000002
05-07 12:15,5498.151438742858
05-07 12:30,0.0
05-07 12:45,15657.742883285717
05-07 13:00,11471.325463242858
05-07 13:15,16065.473233714289
05-07 13:30,6408.295266571429
05-07 13:45,7944.264850514286
05-07 14:00,8802.740664114286
05-07 14:15,6271.856706585715
05-07 14:30,4231.860748757143
05-07 14:45,10828.855327414283
05-07 15:00,12342.267516800002
05-07 15:15,5373.835368400001
05-07 15:30,16958.335700428575
05-07 15:45,16234.945484714288
05-07 16:00,2828.0666722857145
05-07 16:15,2536.8426301142863
05-07 16:30,14604.616136142857
05-07 16:45,14574.059570285715
05-07 17:00,3984.800651271428
05-07 17:15,12297.875236828571
05-07 17:30,5273.077553528573
05-07 17:45,6304.965634914286
05-07 18:00,3455.2106124
05-07 18:15,2841.4213639857144
05-07 18:30,20094.125806714288
05-07 18:45,3322.777998585715
05-07 19:00,0.0
05-07 19:15,0.0
05-07 19:30,0.0
05-07 19:45,0.0
05-07 20:00,0.0
05-07 20:15,0.0
05-07 20:30,853.4580753428573
05-07 20:45,0.0
05-07 21:00,0.0
05-07 21:15,0.0
05-07 21:30,0.0
05-07 21:45,0.0
05-07 22:00,1484.2857142857142
05-07 22:15,4337.972078785715
05-07 22:30,1484.2857142857142
05-07 22:45,2400.6362140714286
05-07 23:00,0.0
05-07 23:15,668.74793016
05-07 23:30,0.0
05-07 23:45,538.1766903157144
05-08 00:00,1484.2857142857142
05-08 00:15,2512.0974509014286
05-08 00:30,1484.2857142857142
05-08 00:45,1484.2857142857142
05-08 01:00,1484.2857142857142
05-08 01:15,1484.2857142857142
05-08 01:30,1484.2857142857142
05-08 01:45,1484.2857142857142
05-08 02:00,1484.2857142857142
05-08 02:15,1484.2857142857142
05-08 02:30,1484.2857142857142
05-08 02:45,1484.2857142857142
05-08 03:00,1484.2857142857142
05-08 03:15,1484.2857142857142
05-08 03:30,1484.2857142857142
05-08 03:45,1484.2857142857142
05-08 04:00,1879.602240802857
05-08 04:15,1484.2857142857142
05-08 04:30,2060.032063402857
05-08 04:45,1484.2857142857142
05-08 05:00,0.0
05-08 05:15,2736.841823528572
05-08 05:30,0.0
05-08 05:45,0.0
05-08 06:00,18114.96821585714
05-08 06:15,6263.628691714286
05-08 06:30,5049.4082871
05-08 06:45,12457.127461328571
05-08 07:00,9659.022071357143
05-08 07:15,4318.718691028573
05-08 07:30,16336.865738571429
05-08 07:45,8622.025786985714
05-08 08:00,16513.197273428574
05-08 08:15,2257.215857557143
05-08 08:30,6321.404605971429
05-08 08:45,0.0
05-08 09:00,14850.494782714286
05-08 09:15,17209.980544142858
05-08 09:30,991.2408143428572
05-08 09:45,3162.8785023142864
05-08 10:00,9912.524697228571
05-08 10:15,5592.554870065709
05-08 10:30,9849.301326557144
05-08 10:45,1520.765694942857
05-08 11:00,7189.887064157142
05-08 11:15,1348.6431479857144
05-08 11:30,2941.600799585715
05-08 11:45,3218.3448147857143
05-08 12:00,3161.0248934428573
05-08 12:15,6244.67281507143
05-08 12:30,949.7284095714286
05-08 12:45,6718.037006957142
05-08 13:00,6827.065033228571
05-08 13:15,9019.14472024286
05-08 13:30,9198.088093528571
05-08 13:45,12452.39897037143
05-08 14:00,3533.1720513
05-08 14:15,4411.859458542857
05-08 14:30,7620.154261942857
05-08 14:45,5546.966143542857
05-08 15:00,25757.607505857148
05-08 15:15,8967.817093914284
05-08 15:30,20722.08666185714
05-08 15:45,8906.8824873
05-08 16:00,16046.403916
05-08 16:15,16931.565264142857
05-08 16:30,20736.598226285714
05-08 16:45,6819.453207799999
05-08 17:00,6047.0965314714285
05-08 17:15,20742.83242428572
05-08 17:30,10089.308816071383
05-08 17:45,4503.535061400001
05-08 18:00,2407.367104314286
05-08 18:15,16797.219153142858
05-08 18:30,2205.6356464
05-08 18:45,9602.74726934286
05-08 19:00,4987.009034442857
05-08 19:15,9884.349233657143
05-08 19:30,0.0
05-08 19:45,16832.488925714286
05-08 20:00,2.597835642857189
05-08 20:15,0.0
05-08 20:30,0.0
05-08 20:45,0.0
05-08 21:00,8988.287018071429
05-08 21:15,2005.2188762271423
05-08 21:30,2565.067307928571
05-08 21:45,1973.911621875714
05-08 22:00,1484.2857142857142
05-08 22:15,1817.4301377971428
05-08 22:30,3336.577157757143
05-08 22:45,2149.0539722757144
05-08 23:00,2629.3665233014285
05-08 23:15,1484.2857142857142
05-08 23:30,2253.7301490228574
05-08 23:45,1915.8800753157143
05-09 00:00,6619.603499899999
05-09 00:15,1484.2857142857142
05-09 00:30,1484.2857142857142
05-09 00:45,1484.2857142857142
05-09 01:00,1484.2857142857142
05-09 01:15,1484.2857142857142
05-09 01:30,1484.2857142857142
05-09 01:45,1484.2857142857142
05-09 02:00,1484.2857142857142
05-09 02:15,1484.2857142857142
05-09 02:30,1484.2857142857142
05-09 02:45,1484.2857142857142
05-09 03:00,1698.8995360214285
05-09 03:15,1484.2857142857142
05-09 03:30,2617.0330622857145
05-09 03:45,1484.2857142857142
05-09 04:00,2124.380496401429
05-09 04:15,1484.2857142857142
05-09 04:30,1484.2857142857142
05-09 04:45,1754.3944692242856
05-09 05:00,4114.494190085714
05-09 05:15,859.0592485586126
05-09 05:30,4457.143343500001
05-09 05:45,1852.8849300214283
05-09 06:00,2353.4019081142865
05-09 06:15,276.2876954714285
05-09 06:30,2684.115995685714
05-09 06:45,6369.964059671428
05-09 07:00,18571.897572857142
05-09 07:15,2181.1822572428573
05-09 07:30,7869.486359842858
05-09 07:45,1227.4582425714286
05-09 08:00,3027.7228455571426
05-09 08:15,2428.5370225142865
05-09 08:30,6216.5975982
05-09 08:45,7375.290368471429
05-09 09:00,10884.771597457144
05-09 09:15,2408.0717967857145
05-09 09:30,4268.569769957144
05-09 09:45,3866.121315671429
05-09 10:00,11642.987824585716
05-09 10:15,11088.374744071429
05-09 10:30,4532.451431485715
05-09 10:45,608.1598672000002
05-09 11:00,12557.302846971428
05-09 11:15,7101.421844785716
05-09 11:30,11439.46972427143
05-09 11:45,11088.7408106
05-09 12:00,10457.162744428571
05-09 12:15,4337.362737500001
05-09 12:30,61.24868581428578
05-09 12:45,1215.8578841
05-09 13:00,5568.825256085714
05-09 13:15,13409.76142302857
05-09 13:30,4103.483253614286
05-09 13:45,5722.405188057143
05-09 14:00,11768.25981177143
05-09 14:15,10743.824145485714
05-09 14:30,9096.342758157143
05-09 14:45,21989.035435142858
05-09 15:00,8184.427477142856
05-09 15:15,10084.167711885711
05-09 15:30,4594.180875342857
05-09 15:45,18258.134983857144
05-09 16:00,2608.716799742857
05-09 16:15,6262.2583947428575
05-09 16:30,7822.616828214285
05-09 16:45,5414.674302771429
05-09 17:00,2197.653196714285
05-09 17:15,7861.039636942858
05-09 17:30,5717.381087842858
05-09 17:45,9577.368811900002
05-09 18:00,12487.163159014286
05-09 18:15,7994.829024742858
05-09 18:30,22398.36302942857
05-09 18:45,11925.186438257142
05-09 19:00,4386.787429757143
05-09 19:15,3724.4640344142863
05-09 19:30,80.97954325714284
05-09 19:45,5662.257909614286
05-09 20:00,0.0
05-09 20:15,0.0
05-09 20:30,3012.7445506142853
05-09 20:45,4937.421178357144
05-09 21:00,0.0
05-09 21:15,659.9066992285715
05-09 21:30,5844.9693459
05-09 21:45,3215.8639638571426
05-09 22:00,5510.441678
05-09 22:15,5295.445652474286
05-09 22:30,0.0
05-09 22:45,1831.415610757143
05-09 23:00,1484.2857142857142
05-09 23:15,1484.2857142857142
05-09 23:30,1908.9565202014285
05-09 23:45,2003.3017111742856
05-10 00:00,1484.2857142857142
05-10 00:15,1484.2857142857142
05-10 00:30,6609.514788442858
05-10 00:45,1484.2857142857142
05-10 01:00,2652.715618287143
05-10 01:15,1824.1218460171428
05-10 01:30,1484.2857142857142
05-10 01:45,2153.3855317542857
05-10 02:00,2020.4203171028569
05-10 02:15,1484.2857142857142
05-10 02:30,1484.2857142857142
05-10 02:45,1484.2857142857142
05-10 03:00,1484.2857142857142
05-10 03:15,1484.2857142857142
05-10 03:30,1484.2857142857142
05-10 03:45,1484.2857142857142
05-10 04:00,1484.2857142857142
05-10 04:15,1484.2857142857142
05-10 04:30,1484.2857142857142
05-10 04:45,1484.2857142857142
05-10 05:00,1997.2592265714284
05-10 05:15,0.0
05-10 05:30,0.0
05-10 05:45,0.0
05-10 06:00,11913.972245257144
05-10 06:15,4959.620672800001
05-10 06:30,9532.776004442856
05-10 06:45,5914.181050528573
05-10 07:00,2559.0737393571426
05-10 07:15,2042.5553155714288
05-10 07:30,1806.1010086142865
05-10 07:45,2123.6386103857144
05-10 08:00,21411.987824285712
05-10 08:15,2509.6161438000004
05-10 08:30,19740.148362142856
05-10 08:45,8521.061882
05-10 09:00,7558.196055800001
05-10 09:15,1007.6488676714288
05-10 09:30,9946.48914512857
05-10 09:45,8568.300904442858
05-10 10:00,7871.212577857144
05-10 10:15,18079.019460142856
05-10 10:30,9990.290548314288
05-10 10:45,2254.8789526857145
05-10 11:00,10147.80715357143
05-10 11:15,9673.172954991427
05-10 11:30,6703.4317905
05-10 11:45,17215.481520714286
05-10 12:00,8082.956086142857
05-10 12:15,13208.370322814286
05-10 12:30,13819.327202071428
05-10 12:45,10437.984099314284
05-10 13:00,10458.3771054
05-10 13:15,9651.88604267143
05-10 13:30,23374.85211571429
05-10 13:45,21675.91935157143
05-10 14:00,14476.607917242858
05-10 14:15,10420.5866352
05-10 14:30,22102.687958285715
05-10 14:45,14044.314468742858
05-10 15:00,16402.04611514286
05-10 15:15,6241.515092157143
05-10 15:30,6833.030713200001
05-10 15:45,22397.05725585714
05-10 16:00,10804.169089071427
05-10 16:15,12087.8399936
05-10 16:30,13774.807946171428
05-10 16:45,4844.7434646
05-10 17:00,15381.703317714286
05-10 17:15,8739.59883347143
05-10 17:30,4857.107871642857
05-10 17:45,4461.508380942858
05-10 18:00,13192.813382428572
05-10 18:15,4797.134231042857
05-10 18:30,6205.743761971429
05-10 18:45,10835.7007826
05-10 19:00,5507.935644428571
05-10 19:15,7596.593801200001
05-10 19:30,643.5289416142857
05-10 19:45,4637.189346071428
05-10 20:00,4344.565605385715
05-10 20:15,4744.044005928571
05-10 20:30,565.6419192428573
05-10 20:45,0.0
05-10 21:00,2109.491318985714
05-10 21:15,522.0441025571431
05-10 21:30,5535.340768885714
05-10 21:45,0.0
05-10 22:00,0.0
05-10 22:15,0.0
05-10 22:30,0.0
05-10 22:45,0.0
05-10 23:00,469.5280190142857
05-10 23:15,0.0
05-10 23:30,0.0
05-10 23:45,0.0
05-11 00:00,1951.9959230457143
05-11 00:15,0.0
05-11 00:30,0.0
05-11 00:45,0.0
05-11 01:00,1733.628127577143
05-11 01:15,0.0
05-11 01:30,0.0
05-11 01:45,0.0
05-11 02:00,2261.776819605714
05-11 02:15,2297.1546645085714
05-11 02:30,2546.5717880528573
05-11 02:45,1484.2857142857142
05-11 03:00,1484.2857142857142
05-11 03:15,1484.2857142857142
05-11 03:30,1940.5574686614289
05-11 03:45,2100.8800985242856
05-11 04:00,1484.2857142857142
05-11 04:15,1979.9205722414283
05-11 04:30,1865.9720507642853
05-11 04:45,1605.235677369
05-11 05:00,1484.2857142857142
05-11 05:15,2037.9388999257144
05-11 05:30,1484.2857142857142
05-11 05:45,728.7905612900003
05-11 06:00,0.0
05-11 06:15,0.0
05-11 06:30,0.0
05-11 06:45,0.0
05-11 07:00,843.3800469571429
05-11 07:15,0.0
05-11 07:30,675.199712842857
05-11 07:45,0.0
05-11 08:00,498.79527902857154
05-11 08:15,0.0
05-11 08:30,1259.570010214286
05-11 08:45,5042.948016457143
05-11 09:00,7975.425471871429
05-11 09:15,271.644663257143
05-11 09:30,5394.814452057143
05-11 09:45,941.8565174285714
05-11 10:00,8439.611398542858
05-11 10:15,2927.089495914285
05-11 10:30,777.1797986285715
05-11 10:45,10947.617725085714
05-11 11:00,4180.793728671429
05-11 11:15,5432.454003485715
05-11 11:30,14919.919530714284
05-11 11:45,1232.6580145
05-11 12:00,8739.424047442857
05-11 12:15,236.90980015714285
05-11 12:30,7554.780862571429
05-11 12:45,15472.260660428572
05-11 13:00,5348.096990828572
05-11 13:15,15708.85374062857
05-11 13:30,9130.950905914286
05-11 13:45,15898.167606714287
05-11 14:00,7673.392987285714
05-11 14:15,7958.408438014286
05-11 14:30,3338.3473097
05-11 14:45,3622.854633785714
05-11 15:00,6655.904824757143
05-11 15:15,6271.082441571428
05-11 15:30,5964.3631439857145
05-11 15:45,8938.473706242858
05-11 16:00,11446.86615124286
05-11 16:15,8738.112649485714
05-11 16:30,16733.095158714284
05-11 16:45,5706.5010306
05-11 17:00,11056.030691185715
05-11 17:15,2931.4407392000003
05-11 17:30,3565.990740271429
05-11 17:45,9200.363687057144
05-11 18:00,0.0
05-11 18:15,0.0
05-11 18:30,24.17612778571427
05-11 18:45,0.0
05-11 19:00,0.0
05-11 19:15,8108.930337185715
05-11 19:30,5973.127057142858
05-11 19:45,1140.4288413428574
05-11 20:00,0.0
05-11 20:15,1651.8745553285717
05-11 20:30,3410.6726783285712
05-11 20:45,0.0
05-11 21:00,0.0
05-11 21:15,0.0
05-11 21:30,0.0
05-11 21:45,203.22200827142868
05-11 22:00,6584.273095685715
05-11 22:15,6380.094684857142
05-11 22:30,0.0
05-11 22:45,1385.2240283428544
05-11 23:00,3042.1696568142856
05-11 23:15,0.0
05-11 23:30,0.0
05-11 23:45,0.0
05-12 00:00,0.0
05-12 00:15,0.0
05-12 00:30,0.0
05-12 00:45,0.0
05-12 01:00,0.0
05-12 01:15,0.0
05-12 01:30,0.0
05-12 01:45,0.0
05-12 02:00,1484.2857142857142
05-12 02:15,4346.309751515672
05-12 02:30,2415.2187100371425
05-12 02:45,0.0
05-12 03:00,1484.2857142857142
05-12 03:15,1484.2857142857142
05-12 03:30,1484.2857142857142
05-12 03:45,1484.2857142857142
05-12 04:00,1846.5685308771424
05-12 04:15,1484.2857142857142
05-12 04:30,1922.5239947242856
05-12 04:45,1484.2857142857142
05-12 05:00,0.0
05-12 05:15,0.0
05-12 05:30,0.0
05-12 05:45,0.0
05-12 06:00,0.0
05-12 06:15,0.0
05-12 06:30,0.0
05-12 06:45,3544.3305081
05-12 07:00,281.3981862285716
05-12 07:15,0.0
05-12 07:30,181.9178435
05-12 07:45,380.7408595285716
05-12 08:00,2662.7760712114286
05-12 08:15,5369.003401771429
05-12 08:30,4318.711043557143
05-12 08:45,8642.093851414285
05-12 09:00,8781.5222169
05-12 09:15,7928.56395382857
05-12 09:30,9154.919361085716
05-12 09:45,6042.8977144
05-12 10:00,5128.868787685714
05-12 10:15,19462.03862714285
05-12 10:30,15967.467318
05-12 10:45,11599.989368185716
05-12 11:00,6129.989863842857
05-12 11:15,24795.105345428576
05-12 11:30,13845.306682185714
05-12 11:45,14645.151813942855
05-12 12:00,18888.04867342857
05-12 12:15,9447.83921
05-12 12:30,18261.165045857146
05-12 12:45,7579.822180971428
05-12 13:00,19556.12699542857
05-12 13:15,5351.985091328572
05-12 13:30,20664.00776328572
05-12 13:45,23942.625812142865
05-12 14:00,20713.97692414286
05-12 14:15,13550.158919157144
05-12 14:30,16524.52910842857
05-12 14:45,5188.754082099999
05-12 15:00,9414.294511842856
05-12 15:15,12240.7710293
05-12 15:30,4384.8659622714285
05-12 15:45,7595.184094171428
05-12 16:00,21620.17469914286
05-12 16:15,5960.340049614287
05-12 16:30,21135.093179714284
05-12 16:45,14307.381782285713
05-12 17:00,4046.963523642857
05-12 17:15,1460.0808036571432
05-12 17:30,4999.8660526428575
05-12 17:45,19839.210305428573
05-12 18:00,1222.6537816000002
05-12 18:15,21539.347274
05-12 18:30,8954.457745785714
05-12 18:45,354.8431824142858
05-12 19:00,4891.367906942857
05-12 19:15,1254.0869580857143
05-12 19:30,0.0
05-12 19:45,3548.0943979428566
05-12 20:00,758.6059634714288
05-12 20:15,335.16803701428586
05-12 20:30,4824.165457728573
05-12 20:45,2628.0817882857145
05-12 21:00,0.0
05-12 21:15,0.0
05-12 21:30,0.0
05-12 21:45,0.0
05-12 22:00,0.0
05-12 22:15,0.0
05-12 22:30,0.0
05-12 22:45,0.0
05-12 23:00,0.0
05-12 23:15,0.0
05-12 23:30,0.0
05-12 23:45,0.0
05-13 00:00,1976.508862328572
05-13 00:15,1484.2857142857142
05-13 00:30,2466.457328571428
05-13 00:45,4693.911303542857
05-13 01:00,1484.2857142857142
05-13 01:15,2277.683237602857
05-13 01:30,1484.2857142857142
05-13 01:45,1484.2857142857142
05-13 02:00,1484.2857142857142
05-13 02:15,1484.2857142857142
05-13 02:30,1484.2857142857142
05-13 02:45,1484.2857142857142
05-13 03:00,1392.4275841171357
05-13 03:15,0.0
05-13 03:30,0.0
05-13 03:45,1512.295274901427
05-13 04:00,4720.290358385714
05-13 04:15,352.39939972714285
05-13 04:30,1157.1160092414286
05-13 04:45,11982.45060967143
05-13 05:00,0.0
05-13 05:15,0.0
05-13 05:30,0.0
05-13 05:45,0.0
05-13 06:00,2633.8452714428577
05-13 06:15,4013.1144757
05-13 06:30,14079.695540857145
05-13 06:45,7905.1922898
05-13 07:00,1830.3391564142853
05-13 07:15,21308.291240285715
05-13 07:30,22201.66196942857
05-13 07:45,3109.313950428572
05-13 08:00,9200.798071085715
05-13 08:15,3667.851396114286
05-13 08:30,8561.406233257143
05-13 08:45,2276.929296557143
05-13 09:00,16488.60415314286
05-13 09:15,9722.1975777
05-13 09:30,6856.943018785714
05-13 09:45,7269.857016214287
05-13 10:00,4944.567993100001
05-13 10:15,285.51017072857155
05-13 10:30,13568.978367285714
05-13 10:45,5577.079170842858
05-13 11:00,5775.3409637
05-13 11:15,4440.9649422
05-13 11:30,8710.388664514285
05-13 11:45,8462.759207214287
05-13 12:00,5562.366603028572
05-13 12:15,8575.583632
05-13 12:30,15814.630383714286
05-13 12:45,9484.193826414286
05-13 13:00,13223.5967185
05-13 13:15,11075.400037328573
05-13 13:30,7792.655318485714
05-13 13:45,4915.984620300001
05-13 14:00,4616.51861277143
05-13 14:15,11023.654706585714
05-13 14:30,6059.055188442857
05-13 14:45,15981.987124999998
05-13 15:00,11475.513302314284
05-13 15:15,10024.221610842857
05-13 15:30,12398.191520142858
05-13 15:45,10960.393006071428
05-13 16:00,6122.462665178568
05-13 16:15,14658.935573871428
05-13 16:30,15074.662593285711
05-13 16:45,11523.6550447
05-13 17:00,7192.078683342858
05-13 17:15,3018.222895714285
05-13 17:30,18973.51702357143
05-13 17:45,19202.02332814286
05-13 18:00,10894.529679957142
05-13 18:15,13361.304406285715
05-13 18:30,3622.4703000142863
05-13 18:45,0.0
05-13 19:00,505.30462407142863
05-13 19:15,0.0
05-13 19:30,5655.064166042857
05-13 19:45,0.0
05-13 20:00,3455.028520442857
05-13 20:15,4529.084483328572
05-13 20:30,2813.195692328571
05-13 20:45,4174.359507871429
05-13 21:00,1114.923200914286
05-13 21:15,0.0
05-13 21:30,0.0
05-13 21:45,0.0
05-13 22:00,0.0
05-13 22:15,0.0
05-13 22:30,0.0
05-13 22:45,13.51905165714294
05-13 23:00,0.0
05-13 23:15,0.0
05-13 23:30,0.0
05-13 23:45,0.0
05-14 00:00,1484.2857142857142
05-14 00:15,1484.2857142857142
05-14 00:30,1484.2857142857142
05-14 00:45,1991.1433619742857
05-14 01:00,1484.2857142857142
05-14 01:15,1484.2857142857142
05-14 01:30,1826.3743344414283
05-14 01:45,2833.0182410457146
05-14 02:00,1484.2857142857142
05-14 02:15,1484.2857142857142
05-14 02:30,1484.2857142857142
05-14 02:45,1484.2857142857142
05-14 03:00,5870.936641528571
05-14 03:15,1484.2857142857142
05-14 03:30,1484.2857142857142
05-14 03:45,1484.2857142857142
05-14 04:00,1049.420030114286
05-14 04:15,0.0
05-14 04:30,0.0
05-14 04:45,0.0
05-14 05:00,0.0
05-14 05:15,2203.723286157143
05-14 05:30,5135.9056353714295
05-14 05:45,0.0
05-14 06:00,7301.202568657142
05-14 06:15,7141.641706585714
05-14 06:30,1955.996492728572
05-14 06:45,495.5473467714287
05-14 07:00,7970.998225971429
05-14 07:15,5509.849975228572
05-14 07:30,2351.697593228572
05-14 07:45,7414.951021057143
05-14 08:00,14649.42681585714
05-14 08:15,9256.5248461
05-14 08:30,11219.064627442858
05-14 08:45,7519.586830642858
05-14 09:00,1790.0990293285718
05-14 09:15,10701.789154657146
05-14 09:30,2194.641326557143
05-14 09:45,14040.707896285714
05-14 10:00,3534.514935328571
05-14 10:15,8346.682973485715
05-14 10:30,14704.7276308
05-14 10:45,5224.551823942857
05-14 11:00,5573.9392809
05-14 11:15,7204.889147871428
05-14 11:30,16765.298540428572
05-14 11:45,6299.0802334
05-14 12:00,8391.840156185715
05-14 12:15,5317.787386057144
05-14 12:30,3946.512671314286
05-14 12:45,7573.871559142857
05-14 13:00,9139.248455214283
05-14 13:15,14582.751874742858
05-14 13:30,19767.34736914286
05-14 13:45,12265.773553414288
05-14 14:00,4952.966413185715
05-14 14:15,5081.171883671429
05-14 14:30,6131.401173628571
05-14 14:45,5100.500190757143
05-14 15:00,12909.592443028572
05-14 15:15,5841.780466485714
05-14 15:30,12176.04481447143
05-14 15:45,24814.469479857144
05-14 16:00,7453.4707638
05-14 16:15,2914.761310028571
05-14 16:30,14381.814697285714
05-14 16:45,10484.919029285717
05-14 17:00,3433.6281001714283
05-14 17:15,12411.981738914286
05-14 17:30,3103.383561842858
05-14 17:45,19592.337676571427
05-14 18:00,7069.6258467
05-14 18:15,1611.0807765142858
05-14 18:30,4162.553548314287
05-14 18:45,2301.426499242857
05-14 19:00,342.7803311285716
05-14 19:15,3721.4994119
05-14 19:30,948.4386306285716
05-14 19:45,2849.1930947285714
05-14 20:00,10488.708489557142
05-14 20:15,0.0
05-14 20:30,4237.422048757144
05-14 20:45,6489.708252371429
05-14 21:00,0.0
05-14 21:15,0.0
05-14 21:30,0.0
05-14 21:45,0.0
05-14 22:00,0.0
05-14 22:15,0.0
05-14 22:30,0.0
05-14 22:45,0.0
05-14 23:00,7290.608137228571
05-14 23:15,988.703289107122
05-14 23:30,1484.2857142857142
05-14 23:45,1484.2857142857142
05-15 00:00,1484.2857142857142
05-15 00:15,1484.2857142857142
05-15 00:30,7148.474152542858
05-15 00:45,1484.2857142857142
05-15 01:00,1484.2857142857142
05-15 01:15,1484.2857142857142
05-15 01:30,1484.2857142857142
05-15 01:45,1484.2857142857142
05-15 02:00,1484.2857142857142
05-15 02:15,1484.2857142857142
05-15 02:30,1484.2857142857142
05-15 02:45,1484.2857142857142
05-15 03:00,1484.2857142857142
05-15 03:15,3180.1159458428574
05-15 03:30,2329.166411628571
05-15 03:45,3607.401277185714
05-15 04:00,2159.9130350014284
05-15 04:15,2157.550365042857
05-15 04:30,2098.2232015
05-15 04:45,1484.2857142857142
05-15 05:00,0.0
05-15 05:15,0.0
05-15 05:30,1001.1065395285716
05-15 05:45,3057.3377672285715
05-15 06:00,6117.274309542857
05-15 06:15,1131.5839397857146
05-15 06:30,2242.1271728428574
05-15 06:45,972.4653231428574
05-15 07:00,13208.515631285714
05-15 07:15,5074.635832628573
05-15 07:30,17702.977205285715
05-15 07:45,1498.977248271429
05-15 08:00,7979.148622171428
05-15 08:15,7746.175829585714
05-15 08:30,16395.810813428572
05-15 08:45,8552.537906742858
05-15 09:00,6104.870189271429
05-15 09:15,606.0987099
05-15 09:30,6059.817545828571
05-15 09:45,14353.581843857144
05-15 10:00,2550.527405328572
05-15 10:15,2606.1088968142863
05-15 10:30,2103.9992857714287
05-15 10:45,7517.874075057143
05-15 11:00,5773.389852857142
05-15 11:15,9206.754912285714
05-15 11:30,14966.192316842857
05-15 11:45,8963.3487517
05-15 12:00,10591.5294044
05-15 12:15,16041.612122285716
05-15 12:30,5924.4262925
05-15 12:45,14789.978204914289
05-15 13:00,18339.743152857143
05-15 13:15,5753.745975657143
05-15 13:30,9215.800504371427
05-15 13:45,9024.095453528573
05-15 14:00,5658.936816485715
05-15 14:15,2963.7380498142857
05-15 14:30,4985.731078628572
05-15 14:45,17956.41553042857
05-15 15:00,11566.627833257144
05-15 15:15,14033.281850171428
05-15 15:30,24525.00290742857
05-15 15:45,5007.016791142857
05-15 16:00,2332.087450314286
05-15 16:15,12965.787156714288
05-15 16:30,10561.3184871
05-15 16:45,12951.897142
05-15 17:00,3058.9754817714293
05-15 17:15,9846.386611957145
05-15 17:30,6707.358169157143
05-15 17:45,4376.720857357143
05-15 18:00,11029.12273797143
05-15 18:15,12149.961942114289
05-15 18:30,6353.9879434428585
05-15 18:45,9443.144090614283
05-15 19:00,610.1704629285714
05-15 19:15,0.0
05-15 19:30,933.5772703285716
05-15 19:45,860.6382401285716
05-15 20:00,0.0
05-15 20:15,0.0
05-15 20:30,5005.393036728573
05-15 20:45,407.6565984285715
05-15 21:00,4703.935478414286
05-15 21:15,0.0
05-15 21:30,216.34425357142868
05-15 21:45,0.0
05-15 22:00,0.0
05-15 22:15,0.0
05-15 22:30,1016.66465526142
05-15 22:45,0.0
05-15 23:00,1926.4639157742856
05-15 23:15,1484.2857142857142
05-15 23:30,2351.146742397143
05-15 23:45,1484.2857142857142
05-16 00:00,2186.0987051028574
05-16 00:15,3166.441688728572
05-16 00:30,1484.2857142857142
05-16 00:45,1484.2857142857142
05-16 01:00,1484.2857142857142
05-16 01:15,1484.2857142857142
05-16 01:30,1484.2857142857142
05-16 01:45,1484.2857142857142
05-16 02:00,1484.2857142857142
05-16 02:15,1484.2857142857142
05-16 02:30,1833.6967606342853
05-16 02:45,1484.2857142857142
05-16 03:00,1484.2857142857142
05-16 03:15,1484.2857142857142
05-16 03:30,2035.120458567143
05-16 03:45,1484.2857142857142
05-16 04:00,2067.649068448571
05-16 04:15,1484.2857142857142
05-16 04:30,1484.2857142857142
05-16 04:45,2292.3045516985712
05-16 05:00,0.0
05-16 05:15,280.22976651428576
05-16 05:30,4636.737974414286
05-16 05:45,0.0
05-16 06:00,6242.4139483
05-16 06:15,78.50760772857164
05-16 06:30,21835.394002714285
05-16 06:45,976.6983635714288
05-16 07:00,4372.689735328571
05-16 07:15,8188.5136952428575
05-16 07:30,6247.877313657144
05-16 07:45,16405.236921428575
05-16 08:00,568.1815296285715
05-16 08:15,5276.161219328571
05-16 08:30,6305.464551257143
05-16 08:45,5039.136440285715
05-16 09:00,3547.600281171429
05-16 09:15,451.6821612000003
05-16 09:30,7021.371431157143
05-16 09:45,9056.464820957142
05-16 10:00,6945.692892285715
05-16 10:15,2901.584994928572
05-16 10:30,7226.924960385714
05-16 10:45,613.6466146142859
05-16 11:00,2716.287037385715
05-16 11:15,5578.705080685715
05-16 11:30,3910.1080448
05-16 11:45,10405.7086921
05-16 12:00,3713.3583684442847
05-16 12:15,11007.649503842857
05-16 12:30,9842.25476162857
05-16 12:45,10084.545884357143
05-16 13:00,14942.65124797143
05-16 13:15,2966.049618985714
05-16 13:30,5583.4556446
05-16 13:45,16389.992508428575
05-16 14:00,11060.478828728572
05-16 14:15,11326.984604457144
05-16 14:30,4209.947416814286
05-16 14:45,14954.322737528571
05-16 15:00,21092.03311885714
05-16 15:15,14047.614904542856
05-16 15:30,9468.963265628572
05-16 15:45,9548.408824457145
05-16 16:00,5893.835868814285
05-16 16:15,15257.75598007143
05-16 16:30,15672.776686185714
05-16 16:45,9230.003897085717
05-16 17:00,10075.320613757143
05-16 17:15,11902.570967042857
05-16 17:30,3307.818208414286
05-16 17:45,11678.969395142858
05-16 18:00,646.6714610428572
05-16 18:15,1800.3416888285717
05-16 18:30,0.0
05-16 18:45,8711.985079857144
05-16 19:00,4082.886609342858
05-16 19:15,1314.1423743285716
05-16 19:30,911.688189814286
05-16 19:45,2552.992714528572
05-16 20:00,729.1397220142858
05-16 20:15,3051.042633328572
05-16 20:30,0.0
05-16 20:45,427.9065127142858
05-16 21:00,0.0
05-16 21:15,756.1610044857143
05-16 21:30,0.0
05-16 21:45,0.0
05-16 22:00,1484.2857142857142
05-16 22:15,2980.898250771428
05-16 22:30,1484.2857142857142
05-16 22:45,1912.705760097143
05-16 23:00,1904.4901172757145
05-16 23:15,2353.0146262885714
05-16 23:30,1484.2857142857142
05-16 23:45,3406.9643474000004
05-17 00:00,2200.876914378571
05-17 00:15,1484.2857142857142
05-17 00:30,1484.2857142857142
05-17 00:45,2060.336876294286
05-17 01:00,1484.2857142857142
05-17 01:15,1484.2857142857142
05-17 01:30,1484.2857142857142
05-17 01:45,2219.4697427542856
05-17 02:00,1484.2857142857142
05-17 02:15,5823.873385185714
05-17 02:30,2054.18645396
05-17 02:45,1484.2857142857142
05-17 03:00,1484.2857142857142
05-17 03:15,1484.2857142857142
05-17 03:30,1484.2857142857142
05-17 03:45,1484.2857142857142
05-17 04:00,1484.2857142857142
05-17 04:15,1484.2857142857142
05-17 04:30,1484.2857142857142
05-17 04:45,1484.2857142857142
05-17 05:00,0.0
05-17 05:15,391.3609353971429
05-17 05:30,0.0
05-17 05:45,877.4195500628578
05-17 06:00,4204.304832714286
05-17 06:15,0.0
05-17 06:30,1753.801207014286
05-17 06:45,3596.9697121285712
05-17 07:00,888.7891647571429
05-17 07:15,10051.099640128574
05-17 07:30,6546.386879057143
05-17 07:45,3443.6202563142856
05-17 08:00,6099.082286142858
05-17 08:15,13602.708521142858
05-17 08:30,6271.763862171429
05-17 08:45,1995.5414115428568
05-17 09:00,1417.8414390714286
05-17 09:15,6303.833565414287
05-17 09:30,3626.872651071429
05-17 09:45,19797.305213857144
05-17 10:00,1399.3241056285715
05-17 10:15,12324.774461042858
05-17 10:30,8017.694286899999
05-17 10:45,7757.713906528571
05-17 11:00,2167.886506042857
05-17 11:15,6848.343642014287
05-17 11:30,6816.000384214286
05-17 11:45,4111.1202719
05-17 12:00,11275.166263842855
05-17 12:15,22679.40640043004
05-17 12:30,2061.329615942857
05-17 12:45,14219.211475000002
05-17 13:00,10473.053386842856
05-17 13:15,6453.5834817
05-17 13:30,13571.0465113
05-17 13:45,12982.310357757144
05-17 14:00,7918.416800742857
05-17 14:15,17178.21416185714
05-17 14:30,7768.888665528571
05-17 14:45,12113.095110071428
05-17 15:00,23920.02592657144
05-17 15:15,24200.472489142856
05-17 15:30,7742.394766485713
05-17 15:45,17770.67752514286
05-17 16:00,3112.553368657143
05-17 16:15,13019.852390857144
05-17 16:30,15615.162931571427
05-17 16:45,20174.201022857145
05-17 17:00,8745.098501171431
05-17 17:15,7796.349937314287
05-17 17:30,17332.067991714288
05-17 17:45,26142.762457857138
05-17 18:00,0.0
05-17 18:15,0.0
05-17 18:30,3828.167026028572
05-17 18:45,12758.009467785716
05-17 19:00,551.2052762714286
05-17 19:15,8198.098382114287
05-17 19:30,0.0
05-17 19:45,7528.344255614286
05-17 20:00,955.9094682000002
05-17 20:15,0.0
05-17 20:30,970.502518714286
05-17 20:45,5452.173481414287
05-17 21:00,3509.634862557143
05-17 21:15,0.0
05-17 21:30,4754.289961228572
05-17 21:45,2005.968324714286
05-17 22:00,1793.2641047142858
05-17 22:15,0.0
05-17 22:30,0.0
05-17 22:45,0.0
05-17 23:00,5653.495528914286
05-17 23:15,2001.0975788571427
05-17 23:30,415.93573177
05-17 23:45,570.9844981857143
05-18 00:00,1484.2857142857142
05-18 00:15,2163.1441178814284
05-18 00:30,1926.5151852471429
05-18 00:45,2712.5144070257143
05-18 01:00,0.0
05-18 01:15,0.0
05-18 01:30,0.0
05-18 01:45,0.0
05-18 02:00,1484.2857142857142
05-18 02:15,2078.241645761429
05-18 02:30,3134.342228571429
05-18 02:45,2586.7779904814283
05-18 03:00,1679.305169812857
05-18 03:15,1686.2068940142858
05-18 03:30,2056.523488275714
05-18 03:45,1484.2857142857142
05-18 04:00,2201.7947001514285
05-18 04:15,8948.217078942856
05-18 04:30,1836.0347802642848
05-18 04:45,2917.9502614142857
05-18 05:00,2296.3315784757137
05-18 05:15,1863.5958835328568
05-18 05:30,1484.2857142857142
05-18 05:45,8623.90071862857
05-18 06:00,0.0
05-18 06:15,0.0
05-18 06:30,0.0
05-18 06:45,0.0
05-18 07:00,1894.8487717
05-18 07:15,0.0
05-18 07:30,1767.8138837285717
05-18 07:45,1507.6928354285717
05-18 08:00,10513.110097785717
05-18 08:15,0.0
05-18 08:30,2069.0253269857144
05-18 08:45,1045.8917399000002
05-18 09:00,10822.060522114289
05-18 09:15,9819.617547757143
05-18 09:30,11293.361015614286
05-18 09:45,9162.608108542858
05-18 10:00,5821.016618257144
05-18 10:15,4225.822965028572
05-18 10:30,7588.189797785693
05-18 10:45,19877.303893
05-18 11:00,5615.823495271428
05-18 11:15,21104.93256114286
05-18 11:30,5761.888486971428
05-18 11:45,5991.295780099999
05-18 12:00,10650.227107585712
05-18 12:15,20917.867648142856
05-18 12:30,12366.466780171431
05-18 12:45,10063.669387171429
05-18 13:00,19650.19808728572
05-18 13:15,6694.442794014286
05-18 13:30,24888.448064000004
05-18 13:45,10191.230131457143
05-18 14:00,4789.92814
05-18 14:15,6966.431245385714
05-18 14:30,7876.008848671428
05-18 14:45,20229.260513
05-18 15:00,5972.0478782
05-18 15:15,8849.810242599999
05-18 15:30,7202.311516457142
05-18 15:45,4271.004258928571
05-18 16:00,6222.837613685715
05-18 16:15,17252.71601171429
05-18 16:30,1573.1983873999998
05-18 16:45,6783.322827042858
05-18 17:00,4579.951904128571
05-18 17:15,1206.587640114286
05-18 17:30,6398.353655742858
05-18 17:45,16244.153727285711
05-18 18:00,4004.985579400001
05-18 18:15,0.0
05-18 18:30,0.0
05-18 18:45,10185.367935157145
05-18 19:00,12108.153053085714
05-18 19:15,4817.916377057143
05-18 19:30,7121.284520600001
05-18 19:45,625.9158857428573
05-18 20:00,4272.330169500001
05-18 20:15,440.1927648285715
05-18 20:30,0.0
05-18 20:45,3138.2229994857144
05-18 21:00,1794.4578459571433
05-18 21:15,0.0
05-18 21:30,0.0
05-18 21:45,0.0
05-18 22:00,0.0
05-18 22:15,0.0
05-18 22:30,4045.0214129714295
05-18 22:45,0.0
05-18 23:00,0.0
05-18 23:15,0.0
05-18 23:30,0.0
05-18 23:45,0.0
05-19 00:00,0.0
05-19 00:15,0.0
05-19 00:30,0.0
05-19 00:45,3186.9961165142854
05-19 01:00,0.0
05-19 01:15,0.0
05-19 01:30,0.0
05-19 01:45,0.0
05-19 02:00,1484.2857142857142
05-19 02:15,3244.3446270571426
05-19 02:30,1484.2857142857142
05-19 02:45,1949.6082792614284
05-19 03:00,0.0
05-19 03:15,1484.2857142857142
05-19 03:30,0.0
05-19 03:45,1278.503178235669
05-19 04:00,1484.2857142857142
05-19 04:15,2013.144159882857
05-19 04:30,1484.2857142857142
05-19 04:45,1484.2857142857142
05-19 05:00,1484.2857142857142
05-19 05:15,1484.2857142857142
05-19 05:30,1484.2857142857142
05-19 05:45,1484.2857142857142
05-19 06:00,1825.49337282
05-19 06:15,1484.2857142857142
05-19 06:30,2407.445294632857
05-19 06:45,7281.0484523
05-19 07:00,5811.937540100001
05-19 07:15,0.0
05-19 07:30,0.0
05-19 07:45,1623.9538796000004
05-19 08:00,13171.746867285716
05-19 08:15,3157.347708157143
05-19 08:30,3913.830669785714
05-19 08:45,3341.337102485714
05-19 09:00,11149.517402542857
05-19 09:15,9317.829575085714
05-19 09:30,12618.911157771428
05-19 09:45,2290.558582438572
05-19 10:00,18846.25399028572
05-19 10:15,15539.45423152857
05-19 10:30,6247.113798071429
05-19 10:45,16944.823105857144
05-19 11:00,22061.419119285714
05-19 11:15,12600.922875142858
05-19 11:30,14701.047281557145
05-19 11:45,13410.323284842856
05-19 12:00,18621.998857285715
05-19 12:15,8435.308761742857
05-19 12:30,15054.925995157144
05-19 12:45,13926.336095757144
05-19 13:00,10199.66058285714
05-19 13:15,12746.244759957144
05-19 13:30,12837.855657928572
05-19 13:45,3148.3800637
05-19 14:00,8532.240375242856
05-19 14:15,10700.971727671427
05-19 14:30,15130.478316928573
05-19 14:45,21680.623052714283
05-19 15:00,9425.0890666
05-19 15:15,16469.253554000003
05-19 15:30,13347.468361814284
05-19 15:45,15976.942484999998
05-19 16:00,12807.644049428573
05-19 16:15,9044.089133685717
05-19 16:30,17849.56542885714
05-19 16:45,7993.344513185713
05-19 17:00,15975.276174
05-19 17:15,9303.575825071428
05-19 17:30,7334.181115928573
05-19 17:45,5239.898435285714
05-19 18:00,5444.974146557143
05-19 18:15,7351.405543685715
05-19 18:30,0.0
05-19 18:45,7232.139341628573
05-19 19:00,466.3306261285714
05-19 19:15,3188.1815394142864
05-19 19:30,863.9431431714287
05-19 19:45,0.0
05-19 20:00,512.0873675
05-19 20:15,712.011538157143
05-19 20:30,0.0
05-19 20:45,0.0
05-19 21:00,0.0
05-19 21:15,0.0
05-19 21:30,0.0
05-19 21:45,0.0
05-19 22:00,0.0
05-19 22:15,119.35347975714303
05-19 22:30,0.0
05-19 22:45,2617.5724193714286
05-19 23:00,0.0
05-19 23:15,0.0
05-19 23:30,0.0
05-19 23:45,0.0
05-20 00:00,1928.5960982085712
05-20 00:15,1484.2857142857142
05-20 00:30,1484.2857142857142
05-20 00:45,2200.653030152857
05-20 01:00,1484.2857142857142
05-20 01:15,1484.2857142857142
05-20 01:30,1484.2857142857142
05-20 01:45,1484.2857142857142
05-20 02:00,1484.2857142857142
05-20 02:15,1484.2857142857142
05-20 02:30,1484.2857142857142
05-20 02:45,1484.2857142857142
05-20 03:00,6402.848879385715
05-20 03:15,1484.2857142857142
05-20 03:30,1484.2857142857142
05-20 03:45,2274.3954438357146
05-20 04:00,7580.368390914286
05-20 04:15,0.0
05-20 04:30,369.2340293499947
05-20 04:45,1484.2857142857142
05-20 05:00,0.0
05-20 05:15,3733.779362257144
05-20 05:30,0.0
05-20 05:45,2430.2754587428576
05-20 06:00,194.5922932285717
05-20 06:15,14763.422412428574
05-20 06:30,2183.360187414286
05-20 06:45,2391.7656053428577
05-20 07:00,5073.800365742857
05-20 07:15,1999.691605814286
05-20 07:30,9156.099183
05-20 07:45,1007.5305866571427
05-20 08:00,3726.9159391
05-20 08:15,6896.921289671429
05-20 08:30,3804.924721071429
05-20 08:45,14539.209921142858
05-20 09:00,8834.38196404286
05-20 09:15,11725.830065500002
05-20 09:30,14947.067392857143
05-20 09:45,11455.9574709
05-20 10:00,3700.889055757144
05-20 10:15,0.0
05-20 10:30,6461.190756971429
05-20 10:45,7602.1025871142865
05-20 11:00,16672.420575428572
05-20 11:15,13938.795723
05-20 11:30,6961.122647042857
05-20 11:45,1265.9283121428573
05-20 12:00,3501.3942885142856
05-20 12:15,5542.55542067143
05-20 12:30,4446.254780828572
05-20 12:45,3797.448363842858
05-20 13:00,9436.491922357143
05-20 13:15,9914.451269428571
05-20 13:30,9049.922920914289
05-20 13:45,7358.186092257143
05-20 14:00,2514.932589772857
05-20 14:15,5219.113332671429
05-20 14:30,15131.622445042858
05-20 14:45,9449.716102371429
05-20 15:00,26656.009779857148
05-20 15:15,14987.193730171426
05-20 15:30,7904.434341599999
05-20 15:45,5829.423514914286
05-20 16:00,13749.240564418607
05-20 16:15,7487.047912614285
05-20 16:30,5536.261916171429
05-20 16:45,9563.036890085716
05-20 17:00,8759.029077300002
05-20 17:15,5399.117033757143
05-20 17:30,15133.367705714283
05-20 17:45,7467.68034077143
05-20 18:00,4819.367356528572
05-20 18:15,10787.13072914286
05-20 18:30,2959.8441806571427
05-20 18:45,11975.755830685715
05-20 19:00,4904.487678542857
05-20 19:15,0.0
05-20 19:30,5613.984371385714
05-20 19:45,0.0
05-20 20:00,2013.729133652857
05-20 20:15,0.0
05-20 20:30,1316.3118967642856
05-20 20:45,2556.207317628572
05-20 21:00,7417.055575699999
05-20 21:15,1988.8753070542857
05-20 21:30,3835.919851814285
05-20 21:45,10240.002095685712
05-20 22:00,1484.2857142857142
05-20 22:15,4580.9104649
05-20 22:30,2100.263517691428
05-20 22:45,2396.6568559442853
05-20 23:00,1947.5412967928569
05-20 23:15,2013.71133362
05-20 23:30,2156.600377991429
05-20 23:45,1484.2857142857142
05-21 00:00,1484.2857142857142
05-21 00:15,1655.79817697
05-21 00:30,1484.2857142857142
05-21 00:45,1484.2857142857142
05-21 01:00,1484.2857142857142
05-21 01:15,1484.2857142857142
05-21 01:30,1484.2857142857142
05-21 01:45,1484.2857142857142
05-21 02:00,1484.2857142857142
05-21 02:15,1484.2857142857142
05-21 02:30,2231.3345069771426
05-21 02:45,1484.2857142857142
05-21 03:00,1484.2857142857142
05-21 03:15,2049.7855212114287
05-21 03:30,1484.2857142857142
05-21 03:45,1484.2857142857142
05-21 04:00,1484.2857142857142
05-21 04:15,1484.2857142857142
05-21 04:30,1484.2857142857142
05-21 04:45,2723.644775882857
05-21 05:00,2502.375087604286
05-21 05:15,2639.576060198571
05-21 05:30,2137.705762132857
05-21 05:45,1861.7770351842853
05-21 06:00,764.4746737
05-21 06:15,4136.690161171429
05-21 06:30,6538.209328957143
05-21 06:45,5596.066489185715
05-21 07:00,2795.062881742857
05-21 07:15,17450.47078457143
05-21 07:30,4171.842982957143
05-21 07:45,7540.215157357144
05-21 08:00,7493.558581171428
05-21 08:15,2350.5214929857143
05-21 08:30,2660.2008930857146
05-21 08:45,4645.313288028572
05-21 09:00,22636.183892428573
05-21 09:15,9393.109644614286
05-21 09:30,12697.325695014286
05-21 09:45,5840.239689214286
05-21 10:00,8940.136408628572
05-21 10:15,3892.782370742857
05-21 10:30,12937.298241571429
05-21 10:45,455.4316464428572
05-21 11:00,1721.056630142857
05-21 11:15,2329.8155346714284
05-21 11:30,4149.682569200001
05-21 11:45,8094.023972628572
05-21 12:00,2287.2019732857148
05-21 12:15,680.4799542285715
05-21 12:30,7657.3791948
05-21 12:45,721.2170638000002
05-21 13:00,22198.44906042857
05-21 13:15,7052.445913227145
05-21 13:30,715.7928879142858
05-21 13:45,9502.438553071428
05-21 14:00,3245.7691535000004
05-21 14:15,17992.781656142855
05-21 14:30,6728.648370042857
05-21 14:45,16184.441157714286
05-21 15:00,21285.23093414285
05-21 15:15,10864.142260857145
05-21 15:30,16233.60726157143
05-21 15:45,26757.462905857145
05-21 16:00,11283.247980100004
05-21 16:15,9036.461906857145
05-21 16:30,2778.201271042857
05-21 16:45,9966.506148271428
05-21 17:00,3049.3025827
05-21 17:15,3998.723448885714
05-21 17:30,15056.080895714287
05-21 17:45,5818.842617228573
05-21 18:00,2431.1489522857146
05-21 18:15,0.0
05-21 18:30,9111.229908271427
05-21 18:45,7609.449725928572
05-21 19:00,1746.084163157143
05-21 19:15,10337.387462385715
05-21 19:30,0.0
05-21 19:45,3085.7825226857144
05-21 20:00,2364.899994904285
05-21 20:15,7940.0606167
05-21 20:30,293.74193445714286
05-21 20:45,5241.3109872
05-21 21:00,1030.1696081671428
05-21 21:15,1178.63791865
05-21 21:30,7168.090458600001
05-21 21:45,0.0
05-21 22:00,4704.079645942857
05-21 22:15,1484.2857142857142
05-21 22:30,2790.9333852471427
05-21 22:45,1752.7300775328572
05-21 23:00,2162.896012267143
05-21 23:15,1484.2857142857142
05-21 23:30,5058.028141428571
05-21 23:45,2927.615045257143
05-22 00:00,2138.4192841614285
05-22 00:15,1484.2857142857142
05-22 00:30,1484.2857142857142
05-22 00:45,2413.30561328
05-22 01:00,1484.2857142857142
05-22 01:15,2280.4678649914285
05-22 01:30,1484.2857142857142
05-22 01:45,1484.2857142857142
05-22 02:00,1878.7187522742856
05-22 02:15,2573.225228952857
05-22 02:30,1484.2857142857142
05-22 02:45,1484.2857142857142
05-22 03:00,1484.2857142857142
05-22 03:15,1484.2857142857142
05-22 03:30,2177.089490482857
05-22 03:45,1484.2857142857142
05-22 04:00,7046.1116206
05-22 04:15,2076.2154435657144
05-22 04:30,5943.296327028571
05-22 04:45,6404.939302457144
05-22 05:00,7453.207517471428
05-22 05:15,1875.9854000057144
05-22 05:30,1971.5327636571424
05-22 05:45,1484.2857142857142
05-22 06:00,1075.5304591
05-22 06:15,6348.248275657144
05-22 06:30,2697.712532142857
05-22 06:45,7743.903521300001
05-22 07:00,10975.441561585714
05-22 07:15,6725.648579042858
05-22 07:30,10728.7841559
05-22 07:45,1579.6513444857146
05-22 08:00,4382.639313757143
05-22 08:15,15345.894666142858
05-22 08:30,6086.120313671428
05-22 08:45,13993.918223428573
05-22 09:00,8822.186512114286
05-22 09:15,5382.123706857144
05-22 09:30,7921.837449
05-22 09:45,6833.645225685716
05-22 10:00,1110.784070957143
05-22 10:15,15780.411210285714
05-22 10:30,5014.252317642857
05-22 10:45,6614.469796528571
05-22 11:00,6734.720842285715
05-22 11:15,3302.0617227
05-22 11:30,1011.0220675857144
05-22 11:45,9105.156050514286
05-22 12:00,7993.643784928571
05-22 12:15,20579.350656714287
05-22 12:30,17997.508560460003
05-22 12:45,4009.769958057144
05-22 13:00,13286.60294965714
05-22 13:15,3351.7597006571427
05-22 13:30,3998.775223271429
05-22 13:45,5576.536311185714
05-22 14:00,11839.810211542856
05-22 14:15,19053.985550142857
05-22 14:30,14267.381211671429
05-22 14:45,3542.897712342857
05-22 15:00,16620.308362428572
05-22 15:15,13839.606065085714
05-22 15:30,5326.3008564
05-22 15:45,4209.348705485714
05-22 16:00,19496.19560671429
05-22 16:15,2310.465130828571
05-22 16:30,23500.244264142853
05-22 16:45,4130.643342385715
05-22 17:00,192.39686730000017
05-22 17:15,7904.752383728572
05-22 17:30,2270.8043129714288
05-22 17:45,13615.990659571433
05-22 18:00,18783.16304128572
05-22 18:15,17479.06261985714
05-22 18:30,12094.170620957144
05-22 18:45,11499.0636008
05-22 19:00,1752.7036529142856
05-22 19:15,4128.239313200001
05-22 19:30,0.0
05-22 19:45,2387.7111939142856
05-22 20:00,0.0
05-22 20:15,4738.473876042859
05-22 20:30,0.0
05-22 20:45,499.9701943428571
05-22 21:00,0.0
05-22 21:15,0.0
05-22 21:30,0.0
05-22 21:45,0.0
05-22 22:00,0.0
05-22 22:15,0.0
05-22 22:30,2990.822410842858
05-22 22:45,169.06508025714285
05-22 23:00,1484.2857142857142
05-22 23:15,1730.1187931814284
05-22 23:30,1484.2857142857142
05-22 23:45,1484.2857142857142
05-23 00:00,1484.2857142857142
05-23 00:15,1940.6566303628567
05-23 00:30,2010.4578051557144
05-23 00:45,1484.2857142857142
05-23 01:00,1484.2857142857142
05-23 01:15,1484.2857142857142
05-23 01:30,1484.2857142857142
05-23 01:45,1484.2857142857142
05-23 02:00,1484.2857142857142
05-23 02:15,1484.2857142857142
05-23 02:30,2026.8287693542857
05-23 02:45,1484.2857142857142
05-23 03:00,1484.2857142857142
05-23 03:15,1846.5647655957143
05-23 03:30,2306.1323110142857
05-23 03:45,2020.7986802171424
05-23 04:00,10740.6267325
05-23 04:15,1484.2857142857142
05-23 04:30,1484.2857142857142
05-23 04:45,7440.269208071428
05-23 05:00,0.0
05-23 05:15,0.0
05-23 05:30,0.0
05-23 05:45,0.0
05-23 06:00,1266.7881762428572
05-23 06:15,1154.0021342857142
05-23 06:30,536.6214597428572
05-23 06:45,2591.8615793428576
05-23 07:00,9787.522008085714
05-23 07:15,20099.00866657144
05-23 07:30,3099.2072252142857
05-23 07:45,3918.4318572
05-23 08:00,2687.9305702142856
05-23 08:15,4314.497788671429
05-23 08:30,10513.208951371427
05-23 08:45,2426.848244185715
05-23 09:00,7817.478862014285
05-23 09:15,4124.994795585714
05-23 09:30,8604.778782914285
05-23 09:45,7147.833911628572
05-23 10:00,5749.1439124
05-23 10:15,8736.8401191
05-23 10:30,7403.157676185714
05-23 10:45,12022.6364858
05-23 11:00,9953.727499242856
05-23 11:15,20230.59616314285
05-23 11:30,11145.402419814283
05-23 11:45,5575.530404957142
05-23 12:00,8997.846021
05-23 12:15,8944.782867499998
05-23 12:30,3610.7960836428574
05-23 12:45,9892.693775085714
05-23 13:00,8711.134387057144
05-23 13:15,4127.164957357142
05-23 13:30,11539.89402794286
05-23 13:45,17406.937582714287
05-23 14:00,6818.207454485714
05-23 14:15,6096.845104971429
05-23 14:30,7816.916179114285
05-23 14:45,15705.893165985712
05-23 15:00,11784.692212785714
05-23 15:15,3746.6888586857135
05-23 15:30,5884.902668357143
05-23 15:45,6507.2571367
05-23 16:00,2089.324265014286
05-23 16:15,3491.9574706285725
05-23 16:30,12070.125071085717
05-23 16:45,6109.1246234571445
05-23 17:00,15278.290606857145
05-23 17:15,6525.590984
05-23 17:30,13790.837695428574
05-23 17:45,2471.8369842857146
05-23 18:00,11256.375239099998
05-23 18:15,663.9187152571428
05-23 18:30,5333.7211476
05-23 18:45,4100.168093571429
05-23 19:00,614.4999060285717
05-23 19:15,65.44580768571436
05-23 19:30,3635.672870128572
05-23 19:45,0.0
05-23 20:00,0.0
05-23 20:15,5351.237571871429
05-23 20:30,0.0
05-23 20:45,5421.420114628572
05-23 21:00,0.0
05-23 21:15,0.0
05-23 21:30,4.649923814285766
05-23 21:45,84.5530765857145
05-23 22:00,0.0
05-23 22:15,4565.268939971429
05-23 22:30,0.0
05-23 22:45,0.0
05-23 23:00,0.0
05-23 23:15,0.0
05-23 23:30,0.0
05-23 23:45,0.0
05-24 00:00,2555.5981489457145
05-24 00:15,1484.2857142857142
05-24 00:30,1484.2857142857142
05-24 00:45,5720.506545085715
05-24 01:00,2211.523420177143
05-24 01:15,2001.634874912857
05-24 01:30,1484.2857142857142
05-24 01:45,1484.2857142857142
05-24 02:00,1774.7006767342857
05-24 02:15,5836.061504271429
05-24 02:30,2191.451090457143
05-24 02:45,2114.266537654285
05-24 03:00,1484.2857142857142
05-24 03:15,1484.2857142857142
05-24 03:30,1484.2857142857142
05-24 03:45,1484.2857142857142
05-24 04:00,1484.2857142857142
05-24 04:15,1484.2857142857142
05-24 04:30,1484.2857142857142
05-24 04:45,1484.2857142857142
05-24 05:00,0.0
05-24 05:15,0.0
05-24 05:30,0.0
05-24 05:45,159.4688928571429
05-24 06:00,4791.86703537143
05-24 06:15,3971.001258057143
05-24 06:30,6577.089204742858
05-24 06:45,4429.098911842857
05-24 07:00,2328.088128814286
05-24 07:15,5162.761803885715
05-24 07:30,2485.6982906
05-24 07:45,762.8310298857147
05-24 08:00,6246.668989885715
05-24 08:15,17432.250668285713
05-24 08:30,13021.952596142855
05-24 08:45,4626.921864457143
05-24 09:00,9519.464378828574
05-24 09:15,5055.027737300002
05-24 09:30,2658.708910728572
05-24 09:45,13688.199226714283
05-24 10:00,7757.762148257144
05-24 10:15,13746.068989857144
05-24 10:30,7525.373319042858
05-24 10:45,12766.915994557145
05-24 11:00,13835.932583498572
05-24 11:15,3281.5310184000004
05-24 11:30,11632.44415962857
05-24 11:45,1505.6309292428568
05-24 12:00,8769.958273357142
05-24 12:15,15848.75226942857
05-24 12:30,12810.272320871429
05-24 12:45,13691.92130982857
05-24 13:00,10852.0890508
05-24 13:15,19765.83679128572
05-24 13:30,23519.966310714284
05-24 13:45,21714.67600528572
05-24 14:00,5308.664133871428
05-24 14:15,5932.554759314286
05-24 14:30,10776.190530442856
05-24 14:45,6114.2379136
05-24 15:00,9391.377016557144
05-24 15:15,17882.114966714285
05-24 15:30,23020.30148542857
05-24 15:45,13666.437530871426
05-24 16:00,14688.706618857144
05-24 16:15,13581.263660671426
05-24 16:30,20444.867333285714
05-24 16:45,19670.773357
05-24 17:00,4282.3538801
05-24 17:15,6325.912049957143
05-24 17:30,13613.180400857143
05-24 17:45,7919.259149385714
05-24 18:00,2160.6022159142854
05-24 18:15,5415.3307326
05-24 18:30,2310.998686942857
05-24 18:45,9055.08030394286
05-24 19:00,3715.9191714428566
05-24 19:15,939.1874885714288
05-24 19:30,14809.001766714286
05-24 19:45,0.0
05-24 20:00,0.0
05-24 20:15,0.0
05-24 20:30,3421.344569157143
05-24 20:45,646.353844157143
05-24 21:00,0.0
05-24 21:15,0.0
05-24 21:30,572.3211147000001
05-24 21:45,9289.416044557143
05-24 22:00,0.0
05-24 22:15,4713.218533714286
05-24 22:30,119.17524427142874
05-24 22:45,0.0
05-24 23:00,4151.040972771429
05-24 23:15,5869.828743728572
05-24 23:30,0.0
05-24 23:45,0.0
05-25 00:00,3724.7358643
05-25 00:15,2246.0441771014284
05-25 00:30,4773.926357671428
05-25 00:45,1615.3919116571428
05-25 01:00,1484.2857142857142
05-25 01:15,1484.2857142857142
05-25 01:30,1383.054074347148
05-25 01:45,0.0
05-25 02:00,2496.023683952857
05-25 02:15,1484.2857142857142
05-25 02:30,1484.2857142857142
05-25 02:45,1880.992711332857
05-25 03:00,1484.2857142857142
05-25 03:15,2079.3579247757143
05-25 03:30,1484.2857142857142
05-25 03:45,8457.6113698
05-25 04:00,1934.7431469285712
05-25 04:15,6843.834348099999
05-25 04:30,2001.238705492857
05-25 04:45,1484.2857142857142
05-25 05:00,1484.2857142857142
05-25 05:15,1484.2857142857142
05-25 05:30,1484.2857142857142
05-25 05:45,6547.204038685714
05-25 06:00,3459.7407988857144
05-25 06:15,0.0
05-25 06:30,0.0
05-25 06:45,0.0
05-25 07:00,11269.665895942857
05-25 07:15,0.0
05-25 07:30,1124.7696687000002
05-25 07:45,0.0
05-25 08:00,13573.634376428572
05-25 08:15,2358.3581999857142
05-25 08:30,1330.4652483285715
05-25 08:45,371.14999770000026
05-25 09:00,4372.867641528572
05-25 09:15,11599.610659914288
05-25 09:30,12218.826681585717
05-25 09:45,7479.3109231
05-25 10:00,9631.097167385717
05-25 10:15,15246.492466571428
05-25 10:30,9496.661691
05-25 10:45,15757.401633
05-25 11:00,12187.743733457144
05-25 11:15,18380.55622658572
05-25 11:30,5798.6862956
05-25 11:45,4025.089527757143
05-25 12:00,14000.628680871429
05-25 12:15,13420.284590314286
05-25 12:30,11625.91602547143
05-25 12:45,11561.382567
05-25 13:00,10698.960440957142
05-25 13:15,9350.363034442857
05-25 13:30,10247.026644171428
05-25 13:45,7369.131423928572
05-25 14:00,10854.9728271
05-25 14:15,7581.427589957142
05-25 14:30,10875.9441962
05-25 14:45,5741.822140757143
05-25 15:00,9082.362954357142
05-25 15:15,6022.907342528571
05-25 15:30,17214.511307285717
05-25 15:45,13760.403561299998
05-25 16:00,4992.911563228572
05-25 16:15,9596.826351828571
05-25 16:30,6258.000104985715
05-25 16:45,9394.833566271427
05-25 17:00,416.7244136
05-25 17:15,5047.033342942857
05-25 17:30,12284.068024542858
05-25 17:45,8002.788855842858
05-25 18:00,1557.2419360142858
05-25 18:15,2585.743939642857
05-25 18:30,223.9309197857144
05-25 18:45,10522.120023028572
05-25 19:00,4806.164909828572
05-25 19:15,0.0
05-25 19:30,1315.7290972285716
05-25 19:45,393.7402017142858
05-25 20:00,548.5703859000001
05-25 20:15,0.0
05-25 20:30,0.0
05-25 20:45,38.96585452857141
05-25 21:00,6.094746000000167
05-25 21:15,0.0
05-25 21:30,150.91343465714314
05-25 21:45,2403.4422303857145
05-25 22:00,864.1120285285716
05-25 22:15,340.68905020000005
05-25 22:30,195.0747470000001
05-25 22:45,0.0
05-25 23:00,668.8329663857145
05-25 23:15,0.0
05-25 23:30,0.0
05-25 23:45,0.0
05-26 00:00,0.0
05-26 00:15,633.6950347228571
05-26 00:30,0.0
05-26 00:45,763.9050234171428
05-26 01:00,0.0
05-26 01:15,0.0
05-26 01:30,0.0
05-26 01:45,0.0
05-26 02:00,1918.9891341642856
05-26 02:15,2714.428810328572
05-26 02:30,415.4004283857143
05-26 02:45,1341.0632301585715
05-26 03:00,0.0
05-26 03:15,0.0
05-26 03:30,1104.9574157000002
05-26 03:45,0.0
05-26 04:00,1484.2857142857142
05-26 04:15,1484.2857142857142
05-26 04:30,1484.2857142857142
05-26 04:45,1484.2857142857142
05-26 05:00,1484.2857142857142
05-26 05:15,1484.2857142857142
05-26 05:30,1484.2857142857142
05-26 05:45,1484.2857142857142
05-26 06:00,1484.2857142857142
05-26 06:15,1484.2857142857142
05-26 06:30,1484.2857142857142
05-26 06:45,6114.136335971429
05-26 07:00,1597.2769558714288
05-26 07:15,3060.812716242857
05-26 07:30,1595.0562896857143
05-26 07:45,231.8718995714288
05-26 08:00,3985.749338842857
05-26 08:15,0.0
05-26 08:30,2988.9082705428573
05-26 08:45,0.0
05-26 09:00,8919.176685885714
05-26 09:15,6505.926933014286
05-26 09:30,4109.791343442857
05-26 09:45,17177.869570714287
05-26 10:00,3050.4538462428573
05-26 10:15,11690.1918247
05-26 10:30,10753.6453593
05-26 10:45,16917.095613714286
05-26 11:00,9992.155617871427
05-26 11:15,16930.673928714285
05-26 11:30,20959.721819285714
05-26 11:45,21020.12148028572
05-26 12:00,24184.910129142856
05-26 12:15,16488.526629714288
05-26 12:30,11262.00590297143
05-26 12:45,5568.989334042858
05-26 13:00,10797.007323085714
05-26 13:15,17012.120009
05-26 13:30,6768.269511200001
05-26 13:45,12410.425021542858
05-26 14:00,5915.048354742857
05-26 14:15,11858.545551071427
05-26 14:30,2523.46673322
05-26 14:45,2478.9326239771426
05-26 15:00,9292.503073714286
05-26 15:15,18103.625930857143
05-26 15:30,2852.849607058572
05-26 15:45,14676.6196481
05-26 16:00,4257.4898374714285
05-26 16:15,6625.715103128572
05-26 16:30,5193.112041871428
05-26 16:45,4592.316572744246
05-26 17:00,7975.539518314287
05-26 17:15,14736.89698742857
05-26 17:30,6952.288444042857
05-26 17:45,2743.6786743
05-26 18:00,4874.110318657144
05-26 18:15,3472.9831455714284
05-26 18:30,6048.339388642858
05-26 18:45,4565.968872985714
05-26 19:00,907.0336591000002
05-26 19:15,0.0
05-26 19:30,1574.0955750857145
05-26 19:45,5578.5882758
05-26 20:00,9122.333046014286
05-26 20:15,0.0
05-26 20:30,10084.0937741
05-26 20:45,10496.54180657143
05-26 21:00,0.0
05-26 21:15,3652.7295499714287
05-26 21:30,0.0
05-26 21:45,0.0
05-26 22:00,0.0
05-26 22:15,0.0
05-26 22:30,0.0
05-26 22:45,2327.8060239714287
05-26 23:00,1484.2857142857142
05-26 23:15,1484.2857142857142
05-26 23:30,2437.916949098572
05-26 23:45,1484.2857142857142
05-27 00:00,1484.2857142857142
05-27 00:15,2005.2082084971428
05-27 00:30,1484.2857142857142
05-27 00:45,2154.589938658572
05-27 01:00,1484.2857142857142
05-27 01:15,1484.2857142857142
05-27 01:30,2194.424630512857
05-27 01:45,2005.4456763785715
05-27 02:00,1484.2857142857142
05-27 02:15,3561.3800160285714
05-27 02:30,1484.2857142857142
05-27 02:45,1484.2857142857142
05-27 03:00,1484.2857142857142
05-27 03:15,6694.857499771429
05-27 03:30,2116.477808842857
05-27 03:45,1484.2857142857142
05-27 04:00,2328.139655071429
05-27 04:15,0.0
05-27 04:30,1484.2857142857142
05-27 04:45,1066.3304945271443
05-27 05:00,1560.2422319571428
05-27 05:15,1743.0924166428572
05-27 05:30,2259.2956889285715
05-27 05:45,2060.7882110442856
05-27 06:00,1780.2581479571431
05-27 06:15,599.5575219142859
05-27 06:30,2123.738907142857
05-27 06:45,16157.351410285715
05-27 07:00,11038.534494414287
05-27 07:15,7667.437468700001
05-27 07:30,7017.453778985715
05-27 07:45,2442.329892014286
05-27 08:00,2912.047821614285
05-27 08:15,16149.826659428572
05-27 08:30,6518.403695214287
05-27 08:45,2301.6230941142853
05-27 09:00,3317.0260135571425
05-27 09:15,6914.801517957144
05-27 09:30,6168.988958157143
05-27 09:45,2837.790854214285
05-27 10:00,6028.3145633
05-27 10:15,6161.494596414286
05-27 10:30,3538.9694585285715
05-27 10:45,3920.2117408
05-27 11:00,12009.135656971428
05-27 11:15,12249.687580671429
05-27 11:30,5433.275556785715
05-27 11:45,12674.6975836
05-27 12:00,11790.90875735714
05-27 12:15,11663.401042342855
05-27 12:30,6665.6917344428575
05-27 12:45,3784.255788328571
05-27 13:00,3946.571127228572
05-27 13:15,5482.477873342857
05-27 13:30,9362.942402328572
05-27 13:45,4309.414529685714
05-27 14:00,8852.878761328573
05-27 14:15,16059.337983
05-27 14:30,12917.13276462857
05-27 14:45,9431.617353042857
05-27 15:00,9655.757793757142
05-27 15:15,5357.540721257143
05-27 15:30,5899.415389185715
05-27 15:45,12780.717715314286
05-27 16:00,7452.377562928572
05-27 16:15,8561.655386762843
05-27 16:30,7320.200114514286
05-27 16:45,1283.129212142857
05-27 17:00,10658.409214814284
05-27 17:15,4899.656627942858
05-27 17:30,4695.99813377143
05-27 17:45,8904.289706914285
05-27 18:00,3549.3071552142856
05-27 18:15,6642.033513814286
05-27 18:30,5103.844393542858
05-27 18:45,2896.1905289714286
05-27 19:00,4386.500539342857
05-27 19:15,5486.2711642714285
05-27 19:30,2640.009914342857
05-27 19:45,61.057916142857366
05-27 20:00,4606.589163757143
05-27 20:15,0.0
05-27 20:30,0.0
05-27 20:45,0.0
05-27 21:00,0.0
05-27 21:15,3932.354899785714
05-27 21:30,3715.9307691
05-27 21:45,894.1045569285715
05-27 22:00,0.0
05-27 22:15,4016.280847485716
05-27 22:30,4463.880358328573
05-27 22:45,0.0
05-27 23:00,1484.2857142857142
05-27 23:15,5580.699489771428
05-27 23:30,7826.433010371429
05-27 23:45,1484.2857142857142
05-28 00:00,2319.375651894285
05-28 00:15,1484.2857142857142
05-28 00:30,1484.2857142857142
05-28 00:45,1484.2857142857142
05-28 01:00,1484.2857142857142
05-28 01:15,1484.2857142857142
05-28 01:30,1484.2857142857142
05-28 01:45,1484.2857142857142
05-28 02:00,1484.2857142857142
05-28 02:15,1484.2857142857142
05-28 02:30,1864.7840795285715
05-28 02:45,1484.2857142857142
05-28 03:00,1484.2857142857142
05-28 03:15,1754.68922603
05-28 03:30,1484.2857142857142
05-28 03:45,1919.9824281614283
05-28 04:00,3067.9437428
05-28 04:15,1854.8924385514283
05-28 04:30,2550.823003227142
05-28 04:45,5967.9775011
05-28 05:00,0.0
05-28 05:15,324.7226957857143
05-28 05:30,0.0
05-28 05:45,0.0
05-28 06:00,0.0
05-28 06:15,6383.852309
05-28 06:30,0.0
05-28 06:45,15528.012680000002
05-28 07:00,10476.560697771429
05-28 07:15,6390.457754085714
05-28 07:30,9632.85917727143
05-28 07:45,14877.098389857145
05-28 08:00,1888.847598342857
05-28 08:15,1932.5903784142856
05-28 08:30,2601.6555797000005
05-28 08:45,14852.457645857145
05-28 09:00,3373.7920829714294
05-28 09:15,596.5932047
05-28 09:30,6731.153587899999
05-28 09:45,4246.440559128571
05-28 10:00,109.94542205714306
05-28 10:15,16261.254067
05-28 10:30,3551.4146205428574
05-28 10:45,1076.4872097000002
05-28 11:00,7134.367707385715
05-28 11:15,8266.574750914288
05-28 11:30,1465.0606596
05-28 11:45,4421.758384828571
05-28 12:00,883.4800359000001
05-28 12:15,8063.346386214286
05-28 12:30,5219.414941085714
05-28 12:45,4502.3166418142855
05-28 13:00,8052.239096842857
05-28 13:15,3945.200815985714
05-28 13:30,2651.5199521857144
05-28 13:45,2293.426340828572
05-28 14:00,23333.73448828572
05-28 14:15,4240.472666928572
05-28 14:30,20136.757526142857
05-28 14:45,5903.583181942857
05-28 15:00,27294.345864857143
05-28 15:15,16694.392217428573
05-28 15:30,9678.80399212857
05-28 15:45,14267.807161385716
05-28 16:00,10379.682114614285
05-28 16:15,8805.852280507177
05-28 16:30,7212.548529928572
05-28 16:45,1495.754059457143
05-28 17:00,6364.510013128572
05-28 17:15,14872.990292142857
05-28 17:30,5201.235610271428
05-28 17:45,10354.189353771428
05-28 18:00,17457.86511457143
05-28 18:15,8607.418687257143
05-28 18:30,18170.86350528572
05-28 18:45,7859.960316457144
05-28 19:00,5420.67547647143
05-28 19:15,6016.193783842858
05-28 19:30,1010.8854408142856
05-28 19:45,2757.676118642857
05-28 20:00,5091.954810528572
05-28 20:15,12156.384846528572
05-28 20:30,2667.184904944286
05-28 20:45,0.0
05-28 21:00,2896.429988814285
05-28 21:15,2604.0101562071427
05-28 21:30,5687.7424273
05-28 21:45,1799.2683657342857
05-28 22:00,2189.0421706442853
05-28 22:15,6180.9085902
05-28 22:30,1484.2857142857142
05-28 22:45,1783.1744353171428
05-28 23:00,1484.2857142857142
05-28 23:15,2140.534131352857
05-28 23:30,6002.754405171429
05-28 23:45,1484.2857142857142
05-29 00:00,2295.9839938057144
05-29 00:15,2020.8435328371431
05-29 00:30,1987.631067822857
05-29 00:45,2084.306801041429
05-29 01:00,1484.2857142857142
05-29 01:15,1484.2857142857142
05-29 01:30,1484.2857142857142
05-29 01:45,1484.2857142857142
05-29 02:00,1484.2857142857142
05-29 02:15,1484.2857142857142
05-29 02:30,1484.2857142857142
05-29 02:45,1484.2857142857142
05-29 03:00,1679.935383867143
05-29 03:15,2058.2009274671427
05-29 03:30,6431.7441355
05-29 03:45,2082.112170552857
05-29 04:00,1817.410794087143
05-29 04:15,3109.360355785715
05-29 04:30,2154.01668108
05-29 04:45,1484.2857142857142
05-29 05:00,0.0
05-29 05:15,0.0
05-29 05:30,0.0
05-29 05:45,0.0
05-29 06:00,9333.20500094286
05-29 06:15,437.9616257714287
05-29 06:30,2552.5706807142856
05-29 06:45,1544.2501108142856
05-29 07:00,5297.821044957143
05-29 07:15,7605.798574828573
05-29 07:30,7476.822052442857
05-29 07:45,953.1160826
05-29 08:00,18410.575510714283
05-29 08:15,13081.968751714288
05-29 08:30,10782.151598085711
05-29 08:45,9568.3712892
05-29 09:00,7353.768044357143
05-29 09:15,8700.255999314286
05-29 09:30,4911.959793714287
05-29 09:45,6222.957602314286
05-29 10:00,5773.994403742858
05-29 10:15,14976.17759457143
05-29 10:30,1393.590205571429
05-29 10:45,3126.198714771429
05-29 11:00,9399.6019245
05-29 11:15,3586.2363617000005
05-29 11:30,0.0
05-29 11:45,12636.866070585716
05-29 12:00,5781.0194080857145
05-29 12:15,3405.4575389428574
05-29 12:30,4158.039893442857
05-29 12:45,3912.0711615
05-29 13:00,11031.6176591
05-29 13:15,21095.951705285715
05-29 13:30,11207.656365757142
05-29 13:45,4385.412115557143
05-29 14:00,12038.042764428572
05-29 14:15,16258.661433285712
05-29 14:30,15962.194245142857
05-29 14:45,9265.061762442856
05-29 15:00,10839.328254842856
05-29 15:15,18713.41694228572
05-29 15:30,6996.801575414282
05-29 15:45,2041.874493128572
05-29 16:00,6950.7066866000005
05-29 16:15,13748.546559714288
05-29 16:30,9350.053270742856
05-29 16:45,5804.035987157143
05-29 17:00,13012.394985285717
05-29 17:15,7831.839202357144
05-29 17:30,12524.69020157143
05-29 17:45,5787.160896957143
05-29 18:00,3389.360328414286
05-29 18:15,7682.995443314287
05-29 18:30,8131.428065485714
05-29 18:45,3777.5362173428575
05-29 19:00,0.0
05-29 19:15,3018.343072685715
05-29 19:30,4644.886960300001
05-29 19:45,2470.0394309142857
05-29 20:00,0.0
05-29 20:15,0.0
05-29 20:30,0.0
05-29 20:45,5758.405926128572
05-29 21:00,0.0
05-29 21:15,0.0
05-29 21:30,4241.988385785715
05-29 21:45,0.0
05-29 22:00,3341.8115493
05-29 22:15,660.3101521857143
05-29 22:30,0.0
05-29 22:45,3070.705312442857
05-29 23:00,1484.2857142857142
05-29 23:15,0.0
05-29 23:30,1920.1134814142856
05-29 23:45,455.18540673
05-30 00:00,0.0
05-30 00:15,0.0
05-30 00:30,680.7746193828572
05-30 00:45,0.0
05-30 01:00,1301.52943672
05-30 01:15,0.0
05-30 01:30,0.0
05-30 01:45,0.0
05-30 02:00,578.3855682371429
05-30 02:15,0.0
05-30 02:30,0.0
05-30 02:45,0.0
05-30 03:00,1484.2857142857142
05-30 03:15,1977.11099651
05-30 03:30,1484.2857142857142
05-30 03:45,1484.2857142857142
05-30 04:00,1484.2857142857142
05-30 04:15,1795.6364616728567
05-30 04:30,7456.487819442857
05-30 04:45,2330.469581828571
05-30 05:00,2991.1372264571423
05-30 05:15,4012.329952357143
05-30 05:30,1848.050931052857
05-30 05:45,1484.2857142857142
05-30 06:00,5733.6068793
05-30 06:15,5690.301648914286
05-30 06:30,10245.436452099955
05-30 06:45,12404.459036714286
05-30 07:00,2557.4958767857147
05-30 07:15,4597.348628000001
05-30 07:30,2386.3203932
05-30 07:45,1515.713715057143
05-30 08:00,7330.560860885715
05-30 08:15,7921.627997271428
05-30 08:30,15955.661646428573
05-30 08:45,2846.0622859214286
05-30 09:00,5176.575007471429
05-30 09:15,9435.218582528572
05-30 09:30,4469.4636915857145
05-30 09:45,8385.054028171427
05-30 10:00,7398.731550328572
05-30 10:15,11196.429388157145
05-30 10:30,2275.954234418571
05-30 10:45,12661.076826714288
05-30 11:00,13819.1489324
05-30 11:15,11689.404169985715
05-30 11:30,19997.43248142857
05-30 11:45,6707.453589742858
05-30 12:00,5120.321934042857
05-30 12:15,9096.919915471428
05-30 12:30,5772.969090814286
05-30 12:45,13138.852915542857
05-30 13:00,3695.3426887285714
05-30 13:15,14824.313709185712
05-30 13:30,9536.246280857142
05-30 13:45,12181.94423687143
05-30 14:00,4605.963695314286
05-30 14:15,7366.176767628571
05-30 14:30,5030.734025057143
05-30 14:45,8041.160098242857
05-30 15:00,12886.209005814286
05-30 15:15,5489.266541171428
05-30 15:30,6476.973646114285
05-30 15:45,6522.757847528571
05-30 16:00,8411.203175028573
05-30 16:15,2889.3394973857144
05-30 16:30,11689.537468585717
05-30 16:45,6421.0918204857135
05-30 17:00,2813.8182802857145
05-30 17:15,2205.698137042857
05-30 17:30,5762.780435657143
05-30 17:45,7017.691846271429
05-30 18:00,2213.8458207142858
05-30 18:15,12474.014077114283
05-30 18:30,3661.9877591428576
05-30 18:45,6208.169693928571
05-30 19:00,529.2810283
05-30 19:15,805.7903268714286
05-30 19:30,521.7533130428575
05-30 19:45,2200.0705019857146
05-30 20:00,0.0
05-30 20:15,7652.396593514287
05-30 20:30,3573.919836985714
05-30 20:45,6150.408594285715
05-30 21:00,0.0
05-30 21:15,0.0
05-30 21:30,0.0
05-30 21:45,0.0
05-30 22:00,0.0
05-30 22:15,0.0
05-30 22:30,0.0
05-30 22:45,0.0
05-30 23:00,0.0
05-30 23:15,0.0
05-30 23:30,0.0
05-30 23:45,0.0
05-31 00:00,0.0
05-31 00:15,0.0
05-31 00:30,2289.0075302499968
05-31 00:45,1484.2857142857142
05-31 01:00,1484.2857142857142
05-31 01:15,1484.2857142857142
05-31 01:30,1484.2857142857142
05-31 01:45,1484.2857142857142
05-31 02:00,1484.2857142857142
05-31 02:15,1484.2857142857142
05-31 02:30,2447.677895497143
05-31 02:45,1484.2857142857142
05-31 03:00,1484.2857142857142
05-31 03:15,1484.2857142857142
05-31 03:30,1484.2857142857142
05-31 03:45,1484.2857142857142
05-31 04:00,1484.2857142857142
05-31 04:15,1484.2857142857142
05-31 04:30,1484.2857142857142
05-31 04:45,1484.2857142857142
05-31 05:00,0.0
05-31 05:15,0.0
05-31 05:30,0.0
05-31 05:45,0.0
05-31 06:00,424.4336755714286
05-31 06:15,1492.780039571429
05-31 06:30,4631.733694971428
05-31 06:45,11178.002957514287
05-31 07:00,199.7242805857145
05-31 07:15,2575.995837171429
05-31 07:30,10518.426817157144
05-31 07:45,4351.7407251
05-31 08:00,9874.217001728572
05-31 08:15,6731.678363014286
05-31 08:30,6885.805128328572
05-31 08:45,1511.9766549857145
05-31 09:00,6412.089955428572
05-31 09:15,12928.295857285715
05-31 09:30,8620.707021200002
05-31 09:45,9121.751397442857
05-31 10:00,11711.084783300004
05-31 10:15,12273.280277471433
05-31 10:30,7841.082992828572
05-31 10:45,7680.2809089
05-31 11:00,2715.9179180285714
05-31 11:15,0.0
05-31 11:30,838.705017057143
05-31 11:45,5315.954883185716
05-31 12:00,1894.5376633
05-31 12:15,5968.863460048607
05-31 12:30,2342.779014487143
05-31 12:45,15147.25676142857
05-31 13:00,6025.413210371428
05-31 13:15,16588.25005128571
05-31 13:30,11411.673784428573
05-31 13:45,15310.6707846
05-31 14:00,21494.62559914286
05-31 14:15,7252.989129642857
05-31 14:30,10723.891504300002
05-31 14:45,6006.392053628571
05-31 15:00,13271.187334557142
05-31 15:15,18594.466255142856
05-31 15:30,10784.599592371427
05-31 15:45,16438.54660885714
05-31 16:00,13590.763549571431
05-31 16:15,13220.886260285715
05-31 16:30,12320.352448171428
05-31 16:45,11193.72423607143
05-31 17:00,2243.2905547571427
05-31 17:15,6372.925661071429
05-31 17:30,6267.817801457144
05-31 17:45,17008.30441514286
05-31 18:00,2586.968789628572
05-31 18:15,17086.467378857145
05-31 18:30,9673.982879714284
05-31 18:45,6825.747213700001
05-31 19:00,0.0
05-31 19:15,202.28961188571444
05-31 19:30,1838.132227514286
05-31 19:45,0.0
05-31 20:00,0.0
05-31 20:15,6562.6827097000005
05-31 20:30,0.0
05-31 20:45,0.0
05-31 21:00,0.0
05-31 21:15,11574.654080357144
05-31 21:30,0.0
05-31 21:45,1483.7855269857146
05-31 22:00,0.0
05-31 22:15,0.0
05-31 22:30,0.0
05-31 22:45,0.0
05-31 23:00,4854.6501134
05-31 23:15,5774.837599514286
05-31 23:30,8094.486181357142
05-31 23:45,0.0
06-01 00:00,0.0
06-01 00:15,0.0
06-01 00:30,0.0
06-01 00:45,0.0
06-01 01:00,166.8992098914286
06-01 01:15,300.39997476857144
06-01 01:30,983.2614560471428
06-01 01:45,0.0
06-01 02:00,1520.5597879657143
06-01 02:15,0.0
06-01 02:30,719.77957839
06-01 02:45,5100.593720928572
06-01 03:00,2389.700226174286
06-01 03:15,1484.2857142857142
06-01 03:30,2036.6696941257144
06-01 03:45,1484.2857142857142
06-01 04:00,1484.2857142857142
06-01 04:15,2547.225529735714
06-01 04:30,1484.2857142857142
06-01 04:45,1940.7984180757144
06-01 05:00,1984.4316009
06-01 05:15,2002.125642597143
06-01 05:30,1484.2857142857142
06-01 05:45,1484.2857142857142
06-01 06:00,2165.26886396
06-01 06:15,2302.898810211429
06-01 06:30,1982.4693163871425
06-01 06:45,2127.7284133171424
06-01 07:00,274.5301493000001
06-01 07:15,1749.7159961142856
06-01 07:30,2684.620737128572
06-01 07:45,5485.651187871429
06-01 08:00,6158.636766342858
06-01 08:15,6385.780375114287
06-01 08:30,13256.218745714286
06-01 08:45,0.0
06-01 09:00,20149.47227542857
06-01 09:15,11872.030595214286
06-01 09:30,6017.3133707
06-01 09:45,15186.591098085712
06-01 10:00,9936.466115428571
06-01 10:15,5358.511486471429
06-01 10:30,6033.670003771428
06-01 10:45,17924.07961071429
06-01 11:00,14157.606253185711
06-01 11:15,13600.612584471428
06-01 11:30,6539.572401971428
06-01 11:45,14564.974769985714
06-01 12:00,5681.282072414286
06-01 12:15,3291.6659531
06-01 12:30,13038.129099085716
06-01 12:45,3165.677514728572
06-01 13:00,11887.760606057142
06-01 13:15,13266.971208614284
06-01 13:30,4809.364599557142
06-01 13:45,11402.15208472857
06-01 14:00,9877.200707328571
06-01 14:15,15283.737875157143
06-01 14:30,9233.380175871427
06-01 14:45,5341.839769942857
06-01 15:00,6622.548891614286
06-01 15:15,14836.802593968554
06-01 15:30,2769.3801316857143
06-01 15:45,13341.697871428572
06-01 16:00,9963.9096289
06-01 16:15,6216.277492242858
06-01 16:30,15198.924160857145
06-01 16:45,4676.416044757143
06-01 17:00,10116.935567942855
06-01 17:15,1689.2001053571432
06-01 17:30,5457.804949942858
06-01 17:45,606.0033687428572
06-01 18:00,883.0006890142857
06-01 18:15,1607.5606415571428
06-01 18:30,0.0
06-01 18:45,0.0
06-01 19:00,1050.5502585142858
06-01 19:15,0.0
06-01 19:30,9267.887223985716
06-01 19:45,9419.712835714286
06-01 20:00,0.0
06-01 20:15,0.0
06-01 20:30,0.0
06-01 20:45,0.0
06-01 21:00,97.66907587142872
06-01 21:15,2871.559908442857
06-01 21:30,0.0
06-01 21:45,7677.920178214285
06-01 22:00,0.0
06-01 22:15,0.0
06-01 22:30,0.0
06-01 22:45,1624.5104396000004
06-01 23:00,0.0
06-01 23:15,0.0
06-01 23:30,0.0
06-01 23:45,4623.101015128573
06-02 00:00,2030.095801557143
06-02 00:15,3276.077669028572
06-02 00:30,0.0
06-02 00:45,0.0
06-02 01:00,0.0
06-02 01:15,0.0
06-02 01:30,0.0
06-02 01:45,0.0
06-02 02:00,5521.657190228571
06-02 02:15,3064.320422428571
06-02 02:30,0.0
06-02 02:45,0.0
06-02 03:00,0.0
06-02 03:15,0.0
06-02 03:30,0.0
06-02 03:45,0.0
06-02 04:00,0.0
06-02 04:15,778.2564181114285
06-02 04:30,332.6757313585714
06-02 04:45,0.0
06-02 05:00,0.0
06-02 05:15,546.3699476056615
06-02 05:30,0.0
06-02 05:45,0.0
06-02 06:00,5532.319357300001
06-02 06:15,1925.1774953814288
06-02 06:30,2021.0294312514284
06-02 06:45,2979.7634914999994
06-02 07:00,7058.463464214286
06-02 07:15,0.0
06-02 07:30,0.0
06-02 07:45,5405.872131328571
06-02 08:00,5401.404342942857
06-02 08:15,15846.937020999998
06-02 08:30,9933.773596071427
06-02 08:45,7673.359858214285
06-02 09:00,6968.456806071428
06-02 09:15,15003.048833528572
06-02 09:30,23146.50271557143
06-02 09:45,10738.2766088
06-02 10:00,6547.724926171429
06-02 10:15,9477.186939657144
06-02 10:30,5978.339392057143
06-02 10:45,5798.550303942857
06-02 11:00,6159.962194285715
06-02 11:15,16143.57319542857
06-02 11:30,9636.814989585711
06-02 11:45,5655.824287757143
06-02 12:00,9528.508556857145
06-02 12:15,11720.85476407143
06-02 12:30,17348.065932285717
06-02 12:45,16705.028791
06-02 13:00,16173.189676571428
06-02 13:15,13456.12392762857
06-02 13:30,6320.0672223
06-02 13:45,16304.516723571429
06-02 14:00,23184.725662857145
06-02 14:15,14721.509587528572
06-02 14:30,6736.881275685713
06-02 14:45,9483.345154085711
06-02 15:00,11127.560464214286
06-02 15:15,16175.926194571428
06-02 15:30,12495.922054628572
06-02 15:45,14513.942931685711
06-02 16:00,21772.742121714284
06-02 16:15,5025.479340428571
06-02 16:30,6579.993204971428
06-02 16:45,11981.160419428572
06-02 17:00,8987.491525214287
06-02 17:15,157.8537690428572
06-02 17:30,14456.79401
06-02 17:45,6852.6019062714295
06-02 18:00,6222.75238437143
06-02 18:15,2873.643223285715
06-02 18:30,1024.908929857143
06-02 18:45,5818.414041642858
06-02 19:00,1349.6341228285717
06-02 19:15,0.0
06-02 19:30,2103.765613214286
06-02 19:45,3495.032809928572
06-02 20:00,4478.172827142857
06-02 20:15,3840.333093085714
06-02 20:30,0.0
06-02 20:45,8168.850157142858
06-02 21:00,0.0
06-02 21:15,0.0
06-02 21:30,0.0
06-02 21:45,0.0
06-02 22:00,0.0
06-02 22:15,0.0
06-02 22:30,0.0
06-02 22:45,0.0
06-02 23:00,0.0
06-02 23:15,2278.102177114286
06-02 23:30,0.0
06-02 23:45,0.0
06-03 00:00,3668.348998014285
06-03 00:15,1923.7668129728568
06-03 00:30,1484.2857142857142
06-03 00:45,1943.813240802857
06-03 01:00,1484.2857142857142
06-03 01:15,1484.2857142857142
06-03 01:30,1484.2857142857142
06-03 01:45,1484.2857142857142
06-03 02:00,1484.2857142857142
06-03 02:15,1484.2857142857142
06-03 02:30,1484.2857142857142
06-03 02:45,1484.2857142857142
06-03 03:00,2006.3468882042853
06-03 03:15,2628.172431224286
06-03 03:30,1864.38586489
06-03 03:45,2375.1177826400003
06-03 04:00,2028.650005975714
06-03 04:15,1484.2857142857142
06-03 04:30,1484.2857142857142
06-03 04:45,2095.809119152857
06-03 05:00,0.0
06-03 05:15,0.0
06-03 05:30,3086.588118742857
06-03 05:45,0.0
06-03 06:00,81.18305532857148
06-03 06:15,0.0
06-03 06:30,11704.420158428573
06-03 06:45,1727.7232337142862
06-03 07:00,18704.83689342857
06-03 07:15,17469.390908428573
06-03 07:30,1973.0311137857143
06-03 07:45,8341.051676742858
06-03 08:00,13673.501688285714
06-03 08:15,3100.8482902428573
06-03 08:30,7701.58180637143
06-03 08:45,5930.290458171429
06-03 09:00,1401.054772314286
06-03 09:15,3318.8792009857148
06-03 09:30,8431.838139928572
06-03 09:45,7883.769286928573
06-03 10:00,2798.661971128572
06-03 10:15,1548.410600671429
06-03 10:30,1098.6628718857146
06-03 10:45,0.0
06-03 11:00,10241.535358271429
06-03 11:15,16846.140651142858
06-03 11:30,14816.615189142858
06-03 11:45,13106.912558342856
06-03 12:00,11352.946949285712
06-03 12:15,8883.565868114285
06-03 12:30,12957.740437385715
06-03 12:45,7644.958728285714
06-03 13:00,13678.090484614286
06-03 13:15,12030.003085071428
06-03 13:30,8891.715364642858
06-03 13:45,7208.8285635142865
06-03 14:00,15099.7626572
06-03 14:15,10103.568526157142
06-03 14:30,8589.29903307143
06-03 14:45,5646.631581057143
06-03 15:00,18429.38868914286
06-03 15:15,20165.73283357143
06-03 15:30,15668.949177728571
06-03 15:45,7755.550862985713
06-03 16:00,20752.261564142857
06-03 16:15,16135.143419857144
06-03 16:30,3149.4081922857144
06-03 16:45,7577.971068885715
06-03 17:00,10571.426477585715
06-03 17:15,14417.930497428571
06-03 17:30,4280.386841728572
06-03 17:45,7331.462074028572
06-03 18:00,6545.292284671428
06-03 18:15,6772.896267485715
06-03 18:30,16944.15507642857
06-03 18:45,9882.148525414284
06-03 19:00,604.3043326714288
06-03 19:15,8182.084575000001
06-03 19:30,0.0
06-03 19:45,6023.388311842858
06-03 20:00,4069.8069934714295
06-03 20:15,1.831158242857305
06-03 20:30,0.0
06-03 20:45,466.7478706285716
06-03 21:00,0.0
06-03 21:15,49.48586208571447
06-03 21:30,2579.9381705857145
06-03 21:45,264.64128750000003
06-03 22:00,0.0
06-03 22:15,0.0
06-03 22:30,0.0
06-03 22:45,0.0
06-03 23:00,1484.2857142857142
06-03 23:15,2593.304873217143
06-03 23:30,1484.2857142857142
06-03 23:45,14853.197578014286
06-04 00:00,2238.393882368571
06-04 00:15,1484.2857142857142
06-04 00:30,6696.614729471429
06-04 00:45,1484.2857142857142
06-04 01:00,1484.2857142857142
06-04 01:15,1484.2857142857142
06-04 01:30,1484.2857142857142
06-04 01:45,1484.2857142857142
06-04 02:00,1484.2857142857142
06-04 02:15,1484.2857142857142
06-04 02:30,1484.2857142857142
06-04 02:45,7836.625122571428
06-04 03:00,2025.310130858572
06-04 03:15,1995.5011743585712
06-04 03:30,1733.1246679814285
06-04 03:45,1961.368596
06-04 04:00,1484.2857142857142
06-04 04:15,1484.2857142857142
06-04 04:30,2801.0848226614285
06-04 04:45,1484.2857142857142
06-04 05:00,0.0
06-04 05:15,0.0
06-04 05:30,0.0
06-04 05:45,6424.635293771429
06-04 06:00,11772.197396457144
06-04 06:15,1045.7074391285714
06-04 06:30,0.0
06-04 06:45,15069.994703142856
06-04 07:00,12509.263405500002
06-04 07:15,17379.024248714282
06-04 07:30,7460.467918885715
06-04 07:45,4014.877954828571
06-04 08:00,13340.845198714287
06-04 08:15,11880.773166185716
06-04 08:30,11723.681384057145
06-04 08:45,3049.206675742857
06-04 09:00,3132.005607771428
06-04 09:15,10977.444287414286
06-04 09:30,15705.903849000002
06-04 09:45,12855.219965142858
06-04 10:00,14680.933488
06-04 10:15,10129.446592900002
06-04 10:30,10880.155845785714
06-04 10:45,3217.749795228572
06-04 11:00,6061.675921671429
06-04 11:15,11011.989637585715
06-04 11:30,6898.286545800001
06-04 11:45,7228.681804928572
06-04 12:00,9474.656159742855
06-04 12:15,19967.18134857143
06-04 12:30,4578.822573942857
06-04 12:45,6028.058831171429
06-04 13:00,16269.787272285716
06-04 13:15,14197.227963557145
06-04 13:30,4818.480840828572
06-04 13:45,12455.563759842858
06-04 14:00,18201.94697942857
06-04 14:15,7351.162073685714
06-04 14:30,4580.0916656
06-04 14:45,12103.7000503
06-04 15:00,20581.49876342857
06-04 15:15,3318.2327000538576
06-04 15:30,6806.263585542857
06-04 15:45,10657.086986114286
06-04 16:00,3055.320912371429
06-04 16:15,6393.304193571429
06-04 16:30,9806.136501228571
06-04 16:45,16129.855594857145
06-04 17:00,2846.401126114286
06-04 17:15,14454.717542428572
06-04 17:30,8250.348551457144
06-04 17:45,12184.98392147143
06-04 18:00,13116.305793999998
06-04 18:15,298.27851495714305
06-04 18:30,9540.211307942858
06-04 18:45,486.10126242857166
06-04 19:00,3958.901260585714
06-04 19:15,0.0
06-04 19:30,0.0
06-04 19:45,1033.8661273571431
06-04 20:00,1605.7514885857142
06-04 20:15,2892.9322751857144
06-04 20:30,681.4485205142857
06-04 20:45,1398.5860238428577
06-04 21:00,2690.7927308414287
06-04 21:15,2274.673620008572
06-04 21:30,2900.257773897143
06-04 21:45,7781.791512442856
06-04 22:00,1948.7432404128567
06-04 22:15,1892.5812919271427
06-04 22:30,2639.2711195314287
06-04 22:45,1484.2857142857142
06-04 23:00,1484.2857142857142
06-04 23:15,1484.2857142857142
06-04 23:30,2669.1821053685712
06-04 23:45,1484.2857142857142
06-05 00:00,1484.2857142857142
06-05 00:15,7495.710583042856
06-05 00:30,1484.2857142857142
06-05 00:45,1484.2857142857142
06-05 01:00,1484.2857142857142
06-05 01:15,1484.2857142857142
06-05 01:30,1484.2857142857142
06-05 01:45,1484.2857142857142
06-05 02:00,1484.2857142857142
06-05 02:15,1484.2857142857142
06-05 02:30,1484.2857142857142
06-05 02:45,1484.2857142857142
06-05 03:00,1849.15334902
06-05 03:15,2050.235395335714
06-05 03:30,1484.2857142857142
06-05 03:45,1484.2857142857142
06-05 04:00,1484.2857142857142
06-05 04:15,2034.8014721314285
06-05 04:30,2045.4401606771428
06-05 04:45,1842.913349932857
06-05 05:00,1313.9009419542858
06-05 05:15,4116.0325305
06-05 05:30,4980.264844342857
06-05 05:45,1484.2857142857142
06-05 06:00,8797.262963942858
06-05 06:15,1961.4196931857143
06-05 06:30,1089.150915914286
06-05 06:45,11559.37074434286
06-05 07:00,2244.069457857144
06-05 07:15,9386.373937785716
06-05 07:30,2454.995172271429
06-05 07:45,6177.121527414286
06-05 08:00,12056.909861785716
06-05 08:15,2889.011093228572
06-05 08:30,13875.63415457143
06-05 08:45,19121.02519928572
06-05 09:00,8367.8477531
06-05 09:15,9491.129563200002
06-05 09:30,3320.5330141428567
06-05 09:45,5423.561150528572
06-05 10:00,5868.036807085714
06-05 10:15,15340.189270428573
06-05 10:30,2655.4315527571434
06-05 10:45,4745.430536442858
06-05 11:00,2234.741508271429
06-05 11:15,5796.149029942858
06-05 11:30,4339.458083600001
06-05 11:45,8654.603836400001
06-05 12:00,12734.007824185714
06-05 12:15,12380.945601457142
06-05 12:30,13171.567211385716
06-05 12:45,8392.408418714285
06-05 13:00,6918.6087323428565
06-05 13:15,4115.239738442857
06-05 13:30,16651.760072428573
06-05 13:45,4608.624252614286
06-05 14:00,6748.633899157143
06-05 14:15,6018.475642571429
06-05 14:30,6869.927877211472
06-05 14:45,7960.760335785715
06-05 15:00,16768.036865285714
06-05 15:15,3715.4630626
06-05 15:30,5439.273906257143
06-05 15:45,8018.583690928573
06-05 16:00,25522.728346
06-05 16:15,12992.817051142858
06-05 16:30,3290.8197187714286
06-05 16:45,15913.577764285716
06-05 17:00,10406.362507385717
06-05 17:15,3631.376058971429
06-05 17:30,20598.211133714285
06-05 17:45,2621.383954442857
06-05 18:00,15405.768045285717
06-05 18:15,6636.636938371429
06-05 18:30,1694.865606171429
06-05 18:45,0.0
06-05 19:00,0.0
06-05 19:15,0.0
06-05 19:30,4286.386947342858
06-05 19:45,6688.370696000001
06-05 20:00,0.0
06-05 20:15,0.0
06-05 20:30,0.0
06-05 20:45,0.0
06-05 21:00,0.0
06-05 21:15,0.0
06-05 21:30,0.0
06-05 21:45,0.0
06-05 22:00,2778.725166632857
06-05 22:15,1484.2857142857142
06-05 22:30,2671.644134131429
06-05 22:45,1990.9120270714284
06-05 23:00,1484.2857142857142
06-05 23:15,2550.301413035714
06-05 23:30,1986.945306962857
06-05 23:45,1966.9154543928569
06-06 00:00,1484.2857142857142
06-06 00:15,1484.2857142857142
06-06 00:30,1484.2857142857142
06-06 00:45,2139.272370712857
06-06 01:00,1484.2857142857142
06-06 01:15,1484.2857142857142
06-06 01:30,1484.2857142857142
06-06 01:45,1959.8515038342853
06-06 02:00,1484.2857142857142
06-06 02:15,1484.2857142857142
06-06 02:30,1484.2857142857142
06-06 02:45,1484.2857142857142
06-06 03:00,1484.2857142857142
06-06 03:15,1484.2857142857142
06-06 03:30,1484.2857142857142
06-06 03:45,2075.732656721428
06-06 04:00,2501.36374443
06-06 04:15,2340.8468570014284
06-06 04:30,2060.645448048572
06-06 04:45,1484.2857142857142
06-06 05:00,1939.4987679242856
06-06 05:15,2227.436749664286
06-06 05:30,1484.2857142857142
06-06 05:45,9738.431423557142
06-06 06:00,1959.359571185715
06-06 06:15,9129.804089257144
06-06 06:30,11804.974665457145
06-06 06:45,0.0
06-06 07:00,7805.057952985714
06-06 07:15,7952.485057042858
06-06 07:30,5683.067763028572
06-06 07:45,7615.145993114286
06-06 08:00,17150.74048
06-06 08:15,3455.113914928572
06-06 08:30,8179.206117528573
06-06 08:45,15074.927947142858
06-06 09:00,20811.495499857145
06-06 09:15,22552.41497314285
06-06 09:30,5467.380512600001
06-06 09:45,1862.9308696857147
06-06 10:00,5803.623357357143
06-06 10:15,1831.6199558857145
06-06 10:30,2883.4519938142857
06-06 10:45,2599.200258671429
06-06 11:00,10584.9850396
06-06 11:15,5647.737115528572
06-06 11:30,14031.135927742858
06-06 11:45,16805.591187857142
06-06 12:00,16082.636422857142
06-06 12:15,5303.362370357142
06-06 12:30,2804.1645624814287
06-06 12:45,2646.871142367143
06-06 13:00,12703.736403042858
06-06 13:15,3735.966386157143
06-06 13:30,6915.400273542857
06-06 13:45,9621.720187428573
06-06 14:00,9411.357516328571
06-06 14:15,7319.5010734
06-06 14:30,12542.111472371427
06-06 14:45,3138.591902728572
06-06 15:00,12490.53258974286
06-06 15:15,15517.724110285712
06-06 15:30,3225.084571471429
06-06 15:45,23122.45816062858
06-06 16:00,3845.031832814286
06-06 16:15,8761.813972114285
06-06 16:30,3709.362833642857
06-06 16:45,13115.27415
06-06 17:00,10355.561017357144
06-06 17:15,16117.189414571429
06-06 17:30,2754.850036242857
06-06 17:45,9269.428275585717
06-06 18:00,12109.748488042858
06-06 18:15,8878.054947314286
06-06 18:30,2289.6932397428573
06-06 18:45,3315.7233996
06-06 19:00,0.0
06-06 19:15,5353.976553357144
06-06 19:30,3554.629606857143
06-06 19:45,354.06524290000004
06-06 20:00,6589.65534
06-06 20:15,0.0
06-06 20:30,0.0
06-06 20:45,0.0
06-06 21:00,3740.898006114287
06-06 21:15,0.0
06-06 21:30,0.0
06-06 21:45,0.0
06-06 22:00,0.0
06-06 22:15,0.0
06-06 22:30,0.0
06-06 22:45,0.0
06-06 23:00,0.0
06-06 23:15,3640.715359942857
06-06 23:30,0.0
06-06 23:45,0.0
06-07 00:00,1312.3854629714288
06-07 00:15,0.0
06-07 00:30,1918.203878714286
06-07 00:45,0.0
06-07 01:00,1946.479908102857
06-07 01:15,1484.2857142857142
06-07 01:30,1484.2857142857142
06-07 01:45,1916.8678569442857
06-07 02:00,2699.14817588
06-07 02:15,1484.2857142857142
06-07 02:30,1771.628644557143
06-07 02:45,2649.9687591314287
06-07 03:00,1484.2857142857142
06-07 03:15,1484.2857142857142
06-07 03:30,1484.2857142857142
06-07 03:45,1484.2857142857142
06-07 04:00,1484.2857142857142
06-07 04:15,1484.2857142857142
06-07 04:30,1484.2857142857142
06-07 04:45,1484.2857142857142
06-07 05:00,0.0
06-07 05:15,0.0
06-07 05:30,0.0
06-07 05:45,0.0
06-07 06:00,2570.7216313142853
06-07 06:15,12596.397749914287
06-07 06:30,5832.6377700428575
06-07 06:45,10495.246252042858
06-07 07:00,643.6228553714288
06-07 07:15,2858.951167
06-07 07:30,3470.235987657143
06-07 07:45,16888.670686714286
06-07 08:00,7946.541512628572
06-07 08:15,6852.677764742857
06-07 08:30,958.0457532428574
06-07 08:45,8177.444645157143
06-07 09:00,11467.612905657144
06-07 09:15,11150.330548428572
06-07 09:30,5894.640511085715
06-07 09:45,7520.100825471429
06-07 10:00,15498.447911428571
06-07 10:15,6081.408656614286
06-07 10:30,7293.413233457143
06-07 10:45,5891.21452177143
06-07 11:00,14123.763441358577
06-07 11:15,13318.154291485713
06-07 11:30,13574.581694157145
06-07 11:45,5234.255209771428
06-07 12:00,12246.069737885717
06-07 12:15,10544.066037857145
06-07 12:30,10792.338331485716
06-07 12:45,10562.316714271428
06-07 13:00,20869.814059142856
06-07 13:15,5887.607431799999
06-07 13:30,4577.61477422857
06-07 13:45,19223.071063142856
06-07 14:00,13072.682126342856
06-07 14:15,17471.111323
06-07 14:30,15053.03628462857
06-07 14:45,13093.897233471427
06-07 15:00,25485.76641457144
06-07 15:15,14911.611903371428
06-07 15:30,6170.333493785714
06-07 15:45,21221.618374
06-07 16:00,12090.003723157144
06-07 16:15,2537.0440330857145
06-07 16:30,7089.226510171429
06-07 16:45,8136.944353842857
06-07 17:00,0.0
06-07 17:15,15581.388436714287
06-07 17:30,11053.689109857143
06-07 17:45,5275.448694628572
06-07 18:00,8719.458286085715
06-07 18:15,3331.4458685428567
06-07 18:30,386.62635161428574
06-07 18:45,4090.489352171429
06-07 19:00,5157.748551300001
06-07 19:15,6809.7838403000005
06-07 19:30,1374.1758249857144
06-07 19:45,6223.179578428571
06-07 20:00,6377.679058842858
06-07 20:15,0.0
06-07 20:30,2810.500107957143
06-07 20:45,0.0
06-07 21:00,1291.7068226642857
06-07 21:15,6529.646333542857
06-07 21:30,8338.78903597143
06-07 21:45,2521.866790242857
06-07 22:00,2377.97587589
06-07 22:15,0.0
06-07 22:30,1859.7846103285715
06-07 22:45,5893.432989885715
06-07 23:00,7548.244614514286
06-07 23:15,3201.8132608
06-07 23:30,1595.4022365714286
06-07 23:45,12775.369311628572
06-08 00:00,867.9625818485714
06-08 00:15,1759.2796576
06-08 00:30,0.0
06-08 00:45,481.3247110457143
06-08 01:00,2126.6292938842857
06-08 01:15,688.2850625371431
06-08 01:30,0.0
06-08 01:45,33.66168850000026
06-08 02:00,6145.139563971428
06-08 02:15,316.47231725142854
06-08 02:30,343.5459675457143
06-08 02:45,0.0
06-08 03:00,0.0
06-08 03:15,0.0
06-08 03:30,0.0
06-08 03:45,0.0
06-08 04:00,5172.911060298572
06-08 04:15,0.0
06-08 04:30,0.0
06-08 04:45,0.0
06-08 05:00,532.5202275142857
06-08 05:15,0.0
06-08 05:30,475.60396086714286
06-08 05:45,0.0
06-08 06:00,1758.3821252185717
06-08 06:15,0.0
06-08 06:30,0.0
06-08 06:45,0.0
06-08 07:00,8354.023089442859
06-08 07:15,5590.8054246713855
06-08 07:30,2339.2654927900003
06-08 07:45,3777.705666971429
06-08 08:00,11965.894030857144
06-08 08:15,3756.7088589857135
06-08 08:30,2769.566550217143
06-08 08:45,14480.137309085712
06-08 09:00,24235.785644571428
06-08 09:15,9816.58499772857
06-08 09:30,8780.543748342858
06-08 09:45,18358.40766
06-08 10:00,17737.627157285715
06-08 10:15,10584.978107728572
06-08 10:30,8269.039920742858
06-08 10:45,4438.490780300001
06-08 11:00,8819.594638585715
06-08 11:15,4851.0406093
06-08 11:30,4719.652241542857
06-08 11:45,7069.5321677
06-08 12:00,11190.100581657143
06-08 12:15,10560.476129242856
06-08 12:30,5191.046937542857
06-08 12:45,10425.168944285711
06-08 13:00,10662.975610214286
06-08 13:15,12529.089449185714
06-08 13:30,11853.0013644
06-08 13:45,9243.547710442856
06-08 14:00,8527.159159071427
06-08 14:15,8017.905416785714
06-08 14:30,5609.952559285714
06-08 14:45,7693.128227557142
06-08 15:00,5418.544145871429
06-08 15:15,7880.386767414285
06-08 15:30,9198.145371114286
06-08 15:45,8700.810984742857
06-08 16:00,11684.924457571433
06-08 16:15,10455.153406
06-08 16:30,10227.571171585714
06-08 16:45,11612.657887657142
06-08 17:00,1283.427324742857
06-08 17:15,5373.985520171429
06-08 17:30,6934.876362042858
06-08 17:45,7616.596264071429
06-08 18:00,2065.7849797857143
06-08 18:15,6024.842271985714
06-08 18:30,4356.891322642858
06-08 18:45,2468.8262517071425
06-08 19:00,492.3549285857143
06-08 19:15,291.64160592857144
06-08 19:30,1652.2862825285713
06-08 19:45,638.4337173000002
06-08 20:00,3677.501653371428
06-08 20:15,4452.7109389
06-08 20:30,8449.136958428571
06-08 20:45,9828.411207785715
06-08 21:00,0.0
06-08 21:15,0.0
06-08 21:30,0.0
06-08 21:45,0.0
06-08 22:00,4815.724154314286
06-08 22:15,4261.043934671429
06-08 22:30,1102.375494671429
06-08 22:45,0.0
06-08 23:00,0.0
06-08 23:15,0.0
06-08 23:30,0.0
06-08 23:45,0.0
06-09 00:00,0.0
06-09 00:15,0.0
06-09 00:30,0.0
06-09 00:45,0.0
06-09 01:00,0.0
06-09 01:15,0.0
06-09 01:30,1280.0107286257046
06-09 01:45,0.0
06-09 02:00,2491.3437636771423
06-09 02:15,7020.767043542856
06-09 02:30,2113.073030017142
06-09 02:45,2362.257486734286
06-09 03:00,1791.047998265714
06-09 03:15,2894.9751095957145
06-09 03:30,1484.2857142857142
06-09 03:45,5200.920817928572
06-09 04:00,1972.4957839242857
06-09 04:15,1484.2857142857142
06-09 04:30,1484.2857142857142
06-09 04:45,2210.2289704214286
06-09 05:00,0.0
06-09 05:15,0.0
06-09 05:30,0.0
06-09 05:45,0.0
06-09 06:00,761.8154088142859
06-09 06:15,3695.010915442857
06-09 06:30,0.0
06-09 06:45,0.0
06-09 07:00,0.0
06-09 07:15,16791.51266985714
06-09 07:30,3062.163127328572
06-09 07:45,8662.842450657143
06-09 08:00,9032.942804114286
06-09 08:15,15372.521941428571
06-09 08:30,7457.733915257142
06-09 08:45,10674.936604842856
06-09 09:00,4223.766675242858
06-09 09:15,12147.187519314286
06-09 09:30,5771.862021885713
06-09 09:45,13330.8721861
06-09 10:00,4175.698078242857
06-09 10:15,2265.132201742857
06-09 10:30,6735.841400228572
06-09 10:45,3186.379590771429
06-09 11:00,25068.29065828571
06-09 11:15,11944.932153985714
06-09 11:30,11194.4413381
06-09 11:45,15682.753782142858
06-09 12:00,11961.30302794286
06-09 12:15,10747.707797542856
06-09 12:30,21853.74278371429
06-09 12:45,20672.33803942857
06-09 13:00,22439.59812657143
06-09 13:15,19822.063251571428
06-09 13:30,4163.528399257143
06-09 13:45,8638.07701052857
06-09 14:00,3292.195312714286
06-09 14:15,20714.686535142857
06-09 14:30,9426.8933606
06-09 14:45,7039.323286871429
06-09 15:00,3731.296621614285
06-09 15:15,21770.643369
06-09 15:30,13459.902437385716
06-09 15:45,14437.818897428571
06-09 16:00,8472.838922385714
06-09 16:15,20022.51846557143
06-09 16:30,18276.704529857147
06-09 16:45,5857.714288342859
06-09 17:00,2732.4540026000004
06-09 17:15,5955.779089714287
06-09 17:30,2172.561731414286
06-09 17:45,5137.184738357143
06-09 18:00,1070.643457414286
06-09 18:15,1611.2536049000005
06-09 18:30,8083.8451889
06-09 18:45,1942.371371
06-09 19:00,0.0
06-09 19:15,4575.037232285715
06-09 19:30,4644.144276514286
06-09 19:45,0.0
06-09 20:00,6413.559425728572
06-09 20:15,6362.423104442858
06-09 20:30,2601.016553042857
06-09 20:45,6509.807464571429
06-09 21:00,0.0
06-09 21:15,0.0
06-09 21:30,0.0
06-09 21:45,0.0
06-09 22:00,0.0
06-09 22:15,0.0
06-09 22:30,0.0
06-09 22:45,0.0
06-09 23:00,0.0
06-09 23:15,0.0
06-09 23:30,0.0
06-09 23:45,0.0
06-10 00:00,1738.988917742857
06-10 00:15,432.5390821885632
06-10 00:30,0.0
06-10 00:45,0.0
06-10 01:00,1484.2857142857142
06-10 01:15,1484.2857142857142
06-10 01:30,2095.410218081429
06-10 01:45,1484.2857142857142
06-10 02:00,1484.2857142857142
06-10 02:15,1484.2857142857142
06-10 02:30,1484.2857142857142
06-10 02:45,1484.2857142857142
06-10 03:00,1484.2857142857142
06-10 03:15,1902.6561685042857
06-10 03:30,1484.2857142857142
06-10 03:45,1484.2857142857142
06-10 04:00,5226.320737642857
06-10 04:15,2441.356844237143
06-10 04:30,1484.2857142857142
06-10 04:45,1484.2857142857142
06-10 05:00,1484.2857142857142
06-10 05:15,2303.5547711642857
06-10 05:30,6234.532981114287
06-10 05:45,2413.6009730114283
06-10 06:00,3778.6882536428566
06-10 06:15,12699.065346485711
06-10 06:30,0.0
06-10 06:45,926.2163806142858
06-10 07:00,839.5670938714288
06-10 07:15,7476.863411985714
06-10 07:30,8367.002349257144
06-10 07:45,1718.814095942857
06-10 08:00,8377.144039828572
06-10 08:15,9372.997960257144
06-10 08:30,17949.597873428575
06-10 08:45,2043.581716657143
06-10 09:00,9748.980378557144
06-10 09:15,11280.3022985
06-10 09:30,3819.838304842857
06-10 09:45,5682.584644685715
06-10 10:00,1701.8320904714287
06-10 10:15,5710.820667385716
06-10 10:30,4572.1540715
06-10 10:45,282.55549705714293
06-10 11:00,15553.917030400002
06-10 11:15,13862.642237442857
06-10 11:30,12652.974128942857
06-10 11:45,5963.4395531857135
06-10 12:00,8376.588054442856
06-10 12:15,10696.958494185716
06-10 12:30,14318.946591657144
06-10 12:45,6000.6398619
06-10 13:00,7617.054046028571
06-10 13:15,5687.069888014285
06-10 13:30,1484.2857142857142
06-10 13:45,13528.529110042857
06-10 14:00,8549.335013685713
06-10 14:15,9943.729314614286
06-10 14:30,6130.622583785715
06-10 14:45,14630.24343212857
06-10 15:00,22125.266579285715
06-10 15:15,5398.517653242857
06-10 15:30,14150.974889285715
06-10 15:45,8513.193486428572
06-10 16:00,5927.007765242858
06-10 16:15,5599.953365471429
06-10 16:30,16156.963429285714
06-10 16:45,5330.610686442858
06-10 17:00,1734.4886923428571
06-10 17:15,9827.630601257142
06-10 17:30,11032.620512928574
06-10 17:45,7809.184250171429
06-10 18:00,11579.177932428573
06-10 18:15,11705.5003014
06-10 18:30,311.4612387571432
06-10 18:45,2634.694166428572
06-10 19:00,0.0
06-10 19:15,7584.825281400001
06-10 19:30,771.5735934428574
06-10 19:45,5589.2855555
06-10 20:00,0.0
06-10 20:15,0.0
06-10 20:30,1166.831750157143
06-10 20:45,0.0
06-10 21:00,964.3237157000002
06-10 21:15,0.0
06-10 21:30,621.8823893857144
06-10 21:45,0.0
06-10 22:00,0.0
06-10 22:15,0.0
06-10 22:30,0.0
06-10 22:45,0.0
06-10 23:00,209.06906450856505
06-10 23:15,1484.2857142857142
06-10 23:30,1948.7204716557144
06-10 23:45,1484.2857142857142
06-11 00:00,1484.2857142857142
06-11 00:15,1869.912931355714
06-11 00:30,1484.2857142857142
06-11 00:45,1484.2857142857142
06-11 01:00,1484.2857142857142
06-11 01:15,1484.2857142857142
06-11 01:30,1484.2857142857142
06-11 01:45,1484.2857142857142
06-11 02:00,1484.2857142857142
06-11 02:15,1877.7581212457144
06-11 02:30,1484.2857142857142
06-11 02:45,1890.5089956114284
06-11 03:00,2189.67420459
06-11 03:15,1484.2857142857142
06-11 03:30,1484.2857142857142
06-11 03:45,1484.2857142857142
06-11 04:00,11152.385797685714
06-11 04:15,2273.519433997143
06-11 04:30,2358.15205171
06-11 04:45,2529.40926503
06-11 05:00,3959.8073253
06-11 05:15,0.0
06-11 05:30,0.0
06-11 05:45,1123.5953359428572
06-11 06:00,934.5433322428572
06-11 06:15,235.5337116428572
06-11 06:30,5230.587773800001
06-11 06:45,2445.8504784285715
06-11 07:00,6874.582933085715
06-11 07:15,6959.88829897143
06-11 07:30,7585.65823797143
06-11 07:45,17063.536407
06-11 08:00,7650.2621828142865
06-11 08:15,6767.559131528572
06-11 08:30,6346.770249928572
06-11 08:45,2361.795343942857
06-11 09:00,10152.135348257145
06-11 09:15,14181.24015514286
06-11 09:30,9144.553855228573
06-11 09:45,5826.298531385714
06-11 10:00,6047.14392777143
06-11 10:15,2451.667510928572
06-11 10:30,1471.537674957143
06-11 10:45,8387.291022914287
06-11 11:00,13928.669555714288
06-11 11:15,5196.148340500001
06-11 11:30,2389.7099201428573
06-11 11:45,4772.703236857143
06-11 12:00,5131.992456471428
06-11 12:15,17410.675139571427
06-11 12:30,2626.084139201429
06-11 12:45,5406.471116614286
06-11 13:00,15580.535582942855
06-11 13:15,8787.740262757143
06-11 13:30,4906.788838271429
06-11 13:45,10524.372643642855
06-11 14:00,8923.49759997143
06-11 14:15,1480.4420795943277
06-11 14:30,5659.215277028571
06-11 14:45,25927.75954014286
06-11 15:00,8125.934581371428
06-11 15:15,6518.710727857144
06-11 15:30,2717.4121573428574
06-11 15:45,6833.497423657143
06-11 16:00,10234.194168142856
06-11 16:15,6549.914268614287
06-11 16:30,14883.862371142855
06-11 16:45,11453.986999285717
06-11 17:00,2760.1694610142863
06-11 17:15,7845.329745257142
06-11 17:30,10482.33464824286
06-11 17:45,1822.6087103714287
06-11 18:00,12385.84251402857
06-11 18:15,14660.502560428573
06-11 18:30,2358.9240099142858
06-11 18:45,0.0
06-11 19:00,0.0
06-11 19:15,626.8404179428574
06-11 19:30,637.8730209857144
06-11 19:45,1681.818358628571
06-11 20:00,485.33245811428577
06-11 20:15,4717.865425485715
06-11 20:30,5411.2579670000005
06-11 20:45,0.0
06-11 21:00,983.8600881485714
06-11 21:15,0.0
06-11 21:30,6561.0118953957135
06-11 21:45,0.0
06-11 22:00,3791.9993027285714
06-11 22:15,2693.4069375014287
06-11 22:30,2035.8584780414287
06-11 22:45,2853.8756670728567
06-11 23:00,1484.2857142857142
06-11 23:15,1851.58536567
06-11 23:30,7670.4946502428575
06-11 23:45,2283.7854749485714
06-12 00:00,2283.698813034286
06-12 00:15,1484.2857142857142
06-12 00:30,1880.784432308572
06-12 00:45,17490.007086285714
06-12 01:00,1484.2857142857142
06-12 01:15,1484.2857142857142
06-12 01:30,1484.2857142857142
06-12 01:45,1484.2857142857142
06-12 02:00,1689.0917243928573
06-12 02:15,1484.2857142857142
06-12 02:30,1484.2857142857142
06-12 02:45,1484.2857142857142
06-12 03:00,1484.2857142857142
06-12 03:15,5519.4048373000005
06-12 03:30,1950.8544126128568
06-12 03:45,1935.4705015957145
06-12 04:00,1484.2857142857142
06-12 04:15,1484.2857142857142
06-12 04:30,2016.51584119
06-12 04:45,1484.2857142857142
06-12 05:00,116.71944861428577
06-12 05:15,812.605989214286
06-12 05:30,2440.349456657143
06-12 05:45,0.0
06-12 06:00,17561.219915142858
06-12 06:15,0.0
06-12 06:30,8502.23975247143
06-12 06:45,4642.475130357143
06-12 07:00,3098.8207104571434
06-12 07:15,7768.970479714286
06-12 07:30,12833.188068428572
06-12 07:45,21657.65563842857
06-12 08:00,2862.0713528285714
06-12 08:15,6282.702586242857
06-12 08:30,7652.533005771429
06-12 08:45,6378.700544185715
06-12 09:00,1476.2390486714287
06-12 09:15,8993.404030328571
06-12 09:30,12158.394858328573
06-12 09:45,2726.758955371429
06-12 10:00,3048.0722040428573
06-12 10:15,6151.719222314286
06-12 10:30,6916.1566447000005
06-12 10:45,702.0564583571428
06-12 11:00,3371.6448555000006
06-12 11:15,8006.081494514286
06-12 11:30,9182.274035328572
06-12 11:45,17545.963379
06-12 12:00,5008.402449571429
06-12 12:15,2092.504660699992
06-12 12:30,14005.719251450004
06-12 12:45,4795.782847814287
06-12 13:00,9050.308853728571
06-12 13:15,5964.058266471428
06-12 13:30,16998.148743857142
06-12 13:45,5407.767028071427
06-12 14:00,9399.844731
06-12 14:15,10777.3013323
06-12 14:30,5534.531136628571
06-12 14:45,10429.844938042856
06-12 15:00,15527.224545271429
06-12 15:15,9879.958432442856
06-12 15:30,17601.909319000002
06-12 15:45,11391.533527085714
06-12 16:00,5498.2883705
06-12 16:15,20755.663844857143
06-12 16:30,13550.183236514284
06-12 16:45,10376.477301814286
06-12 17:00,13026.160718142855
06-12 17:15,12911.506016
06-12 17:30,15349.589096714286
06-12 17:45,9921.028022714288
06-12 18:00,5206.8507523
06-12 18:15,2087.0788171428576
06-12 18:30,1131.1747297285715
06-12 18:45,7444.274815242858
06-12 19:00,0.0
06-12 19:15,11941.416946114286
06-12 19:30,0.0
06-12 19:45,707.8260695428572
06-12 20:00,0.0
06-12 20:15,3236.949012957144
06-12 20:30,0.0
06-12 20:45,369.4681556714285
06-12 21:00,3081.120821028572
06-12 21:15,0.0
06-12 21:30,1982.6536208
06-12 21:45,0.0
06-12 22:00,403.11318443571423
06-12 22:15,1308.77608254
06-12 22:30,0.0
06-12 22:45,907.3449837457144
06-12 23:00,1944.141627068571
06-12 23:15,7512.853715057143
06-12 23:30,1484.2857142857142
06-12 23:45,1484.2857142857142
06-13 00:00,5316.933896257143
06-13 00:15,1996.3405903642856
06-13 00:30,1812.245954462857
06-13 00:45,1967.06139656
06-13 01:00,1484.2857142857142
06-13 01:15,1484.2857142857142
06-13 01:30,1484.2857142857142
06-13 01:45,1484.2857142857142
06-13 02:00,1484.2857142857142
06-13 02:15,1484.2857142857142
06-13 02:30,1484.2857142857142
06-13 02:45,2087.24448169
06-13 03:00,1484.2857142857142
06-13 03:15,1484.2857142857142
06-13 03:30,1991.064232452857
06-13 03:45,1972.2185208157143
06-13 04:00,1484.2857142857142
06-13 04:15,2112.6764694857143
06-13 04:30,1484.2857142857142
06-13 04:45,2643.7369550914286
06-13 05:00,399.9471341285716
06-13 05:15,4023.9988007857146
06-13 05:30,0.0
06-13 05:45,497.9286365285716
06-13 06:00,528.8601085571428
06-13 06:15,11698.924287500002
06-13 06:30,591.0768238857145
06-13 06:45,0.0
06-13 07:00,23305.225723428568
06-13 07:15,1815.5149256857144
06-13 07:30,2200.202002314285
06-13 07:45,8882.347704857144
06-13 08:00,14252.71898314286
06-13 08:15,663.0490573571428
06-13 08:30,845.7892649
06-13 08:45,625.4384951428573
06-13 09:00,23181.665838428577
06-13 09:15,8866.846174485716
06-13 09:30,8488.9042668
06-13 09:45,5991.7721551714285
06-13 10:00,9692.411486399998
06-13 10:15,8334.20194102857
06-13 10:30,14035.85924192857
06-13 10:45,12900.72302667143
06-13 11:00,4108.242828257143
06-13 11:15,14113.540188685713
06-13 11:30,6871.993886628571
06-13 11:45,8079.635773671429
06-13 12:00,4051.521041171429
06-13 12:15,11161.126485957142
06-13 12:30,11527.397076357143
06-13 12:45,14574.12011625714
06-13 13:00,10024.648384842858
06-13 13:15,10512.871225485716
06-13 13:30,8408.2408331
06-13 13:45,14657.982317671427
06-13 14:00,5691.960895557143
06-13 14:15,4879.239143857143
06-13 14:30,8112.401016642856
06-13 14:45,15175.321412771427
06-13 15:00,15291.959148342856
06-13 15:15,4298.561957128572
06-13 15:30,14940.469412842856
06-13 15:45,15366.512030528573
06-13 16:00,7177.457839914287
06-13 16:15,7938.587874142857
06-13 16:30,790.6204926285716
06-13 16:45,6319.2657089714285
06-13 17:00,3068.745538814286
06-13 17:15,13444.513921285716
06-13 17:30,3056.982238071428
06-13 17:45,17728.870932857146
06-13 18:00,1611.1057951571431
06-13 18:15,952.689392
06-13 18:30,19991.483923
06-13 18:45,3819.482576628572
06-13 19:00,168.62051191428583
06-13 19:15,0.0
06-13 19:30,3487.8950308857143
06-13 19:45,0.0
06-13 20:00,0.0
06-13 20:15,723.1051238428573
06-13 20:30,0.0
06-13 20:45,0.0
06-13 21:00,0.0
06-13 21:15,0.0
06-13 21:30,0.0
06-13 21:45,0.0
06-13 22:00,0.0
06-13 22:15,0.0
06-13 22:30,0.0
06-13 22:45,0.0
06-13 23:00,585.4018447570882
06-13 23:15,1879.61289167
06-13 23:30,1993.95878075
06-13 23:45,2396.7081961
06-14 00:00,1862.8531792514284
06-14 00:15,1484.2857142857142
06-14 00:30,1761.09944547
06-14 00:45,1535.978957142857
06-14 01:00,1484.2857142857142
06-14 01:15,1484.2857142857142
06-14 01:30,1484.2857142857142
06-14 01:45,1484.2857142857142
06-14 02:00,1881.0752024771427
06-14 02:15,2286.2743005642856
06-14 02:30,2039.9041104514288
06-14 02:45,1484.2857142857142
06-14 03:00,1484.2857142857142
06-14 03:15,1484.2857142857142
06-14 03:30,1484.2857142857142
06-14 03:45,1484.2857142857142
06-14 04:00,1484.2857142857142
06-14 04:15,1484.2857142857142
06-14 04:30,1484.2857142857142
06-14 04:45,1484.2857142857142
06-14 05:00,0.0
06-14 05:15,274.46029508571445
06-14 05:30,1299.214488
06-14 05:45,1194.678745157143
06-14 06:00,7816.099171057144
06-14 06:15,14659.074486285714
06-14 06:30,2221.316969742857
06-14 06:45,1918.360128271429
06-14 07:00,7549.082165057143
06-14 07:15,12054.49731694286
06-14 07:30,8600.097427914287
06-14 07:45,10623.383075342856
06-14 08:00,8843.870372785714
06-14 08:15,6420.7455538
06-14 08:30,2367.8254972857144
06-14 08:45,11610.97074417143
06-14 09:00,2998.551051600001
06-14 09:15,8572.9398616
06-14 09:30,2295.5652416857147
06-14 09:45,4698.309164128572
06-14 10:00,3264.2980866714283
06-14 10:15,15059.769902000002
06-14 10:30,2399.177245357143
06-14 10:45,8094.747881171429
06-14 11:00,16612.573341142855
06-14 11:15,2307.6460817029
06-14 11:30,5783.683592757143
06-14 11:45,12079.63960017143
06-14 12:00,6868.084244542857
06-14 12:15,23518.67918914286
06-14 12:30,9574.306740542856
06-14 12:45,10424.384725985714
06-14 13:00,6682.285240285714
06-14 13:15,23178.653938857147
06-14 13:30,21000.38012657143
06-14 13:45,5686.98769007143
06-14 14:00,10302.800858228573
06-14 14:15,11665.932015014285
06-14 14:30,14088.228209042856
06-14 14:45,17162.151388142855
06-14 15:00,9619.69717594286
06-14 15:15,2740.878592614286
06-14 15:30,8877.985713957143
06-14 15:45,15608.963419285716
06-14 16:00,22970.71251442857
06-14 16:15,7857.252485142857
06-14 16:30,9266.073847714286
06-14 16:45,15824.647395285716
06-14 17:00,9730.301501757143
06-14 17:15,4911.358654357144
06-14 17:30,1093.0217816571428
06-14 17:45,11880.310873928573
06-14 18:00,6853.363061242858
06-14 18:15,5802.803398842858
06-14 18:30,4787.123398671429
06-14 18:45,15169.591772000002
06-14 19:00,2428.6954743571428
06-14 19:15,6246.011602271428
06-14 19:30,3721.838660757144
06-14 19:45,0.0
06-14 20:00,110.18198181428572
06-14 20:15,2243.036734028572
06-14 20:30,376.7576050857145
06-14 20:45,8073.312000614287
06-14 21:00,5310.741343157144
06-14 21:15,4225.676312728572
06-14 21:30,0.0
06-14 21:45,3752.5416764857146
06-14 22:00,0.0
06-14 22:15,0.0
06-14 22:30,2498.035999057143
06-14 22:45,6635.291721
06-14 23:00,3764.335205157143
06-14 23:15,14368.517088614284
06-14 23:30,0.0
06-14 23:45,4747.044703442857
06-15 00:00,1484.2857142857142
06-15 00:15,531.2810400014287
06-15 00:30,0.0
06-15 00:45,9859.902492157144
06-15 01:00,4801.904450128572
06-15 01:15,0.0
06-15 01:30,0.0
06-15 01:45,7097.191478985714
06-15 02:00,1981.668839828572
06-15 02:15,3267.845503871428
06-15 02:30,6914.541597300001
06-15 02:45,88.27753174857503
06-15 03:00,1484.2857142857142
06-15 03:15,7421.07163792857
06-15 03:30,1967.2632401342853
06-15 03:45,1484.2857142857142
06-15 04:00,11284.497632442855
06-15 04:15,1484.2857142857142
06-15 04:30,1484.2857142857142
06-15 04:45,1954.866739002857
06-15 05:00,2066.5044634714286
06-15 05:15,1484.2857142857142
06-15 05:30,1484.2857142857142
06-15 05:45,2073.478272911428
06-15 06:00,3529.904464171429
06-15 06:15,0.0
06-15 06:30,0.0
06-15 06:45,0.0
06-15 07:00,1935.3520936857144
06-15 07:15,0.0
06-15 07:30,7715.9098600285715
06-15 07:45,0.0
06-15 08:00,8028.030525528573
06-15 08:15,0.0
06-15 08:30,2894.009657057143
06-15 08:45,14658.846721428572
06-15 09:00,5559.235639242858
06-15 09:15,8000.732015357144
06-15 09:30,10655.682486300002
06-15 09:45,1267.8378519428572
06-15 10:00,12241.009813814288
06-15 10:15,14260.062802628572
06-15 10:30,12440.340761285714
06-15 10:45,5529.8121718
06-15 11:00,13048.3479537
06-15 11:15,21338.70488642857
06-15 11:30,16835.88200342857
06-15 11:45,8751.585093914286
06-15 12:00,4505.874881857143
06-15 12:15,18190.20999457143
06-15 12:30,14392.3370198
06-15 12:45,23408.03955614286
06-15 13:00,7656.55204612857
06-15 13:15,4256.531726457142
06-15 13:30,9927.12823572857
06-15 13:45,9477.3646878
06-15 14:00,12839.627589914286
06-15 14:15,11158.417092142858
06-15 14:30,12646.843362985715
06-15 14:45,2927.7850733
06-15 15:00,6147.808760757142
06-15 15:15,5989.149900471429
06-15 15:30,11531.456500157145
06-15 15:45,7594.304848785714
06-15 16:00,4856.466620828572
06-15 16:15,7302.629921828571
06-15 16:30,3717.3221628
06-15 16:45,4799.0599245428575
06-15 17:00,1766.2004715285718
06-15 17:15,831.1931965571429
06-15 17:30,997.2785832285716
06-15 17:45,1542.4947767571427
06-15 18:00,10125.647998942855
06-15 18:15,0.0
06-15 18:30,0.0
06-15 18:45,1340.6280876714286
06-15 19:00,510.5554179714288
06-15 19:15,6995.7898513
06-15 19:30,328.8687760857144
06-15 19:45,0.0
06-15 20:00,699.9175845571431
06-15 20:15,0.0
06-15 20:30,0.0
06-15 20:45,0.0
06-15 21:00,0.0
06-15 21:15,0.0
06-15 21:30,4078.1283817428575
06-15 21:45,0.0
06-15 22:00,5956.669203757143
06-15 22:15,0.0
06-15 22:30,3736.387037157144
06-15 22:45,9602.784878157145
06-15 23:00,0.0
06-15 23:15,0.0
06-15 23:30,0.0
06-15 23:45,240.141362614286
06-16 00:00,469.23464372285713
06-16 00:15,964.6041306113884
06-16 00:30,1484.2857142857142
06-16 00:45,1484.2857142857142
06-16 01:00,1484.2857142857142
06-16 01:15,1484.2857142857142
06-16 01:30,1484.2857142857142
06-16 01:45,1484.2857142857142
06-16 02:00,1484.2857142857142
06-16 02:15,6511.240081757143
06-16 02:30,1633.2861760442856
06-16 02:45,2038.38134504
06-16 03:00,1875.2090878142856
06-16 03:15,1484.2857142857142
06-16 03:30,2487.667551137143
06-16 03:45,1484.2857142857142
06-16 04:00,2358.376727495714
06-16 04:15,1484.2857142857142
06-16 04:30,1484.2857142857142
06-16 04:45,1484.2857142857142
06-16 05:00,1484.2857142857142
06-16 05:15,1484.2857142857142
06-16 05:30,1484.2857142857142
06-16 05:45,1484.2857142857142
06-16 06:00,2018.6639254614288
06-16 06:15,1948.7927701271428
06-16 06:30,2994.1399068
06-16 06:45,1744.68260128
06-16 07:00,7284.6911102
06-16 07:15,569.2533855857145
06-16 07:30,9435.988103714288
06-16 07:45,2179.503718428571
06-16 08:00,1305.1061878142857
06-16 08:15,2099.1641122
06-16 08:30,5703.992203285715
06-16 08:45,0.0
06-16 09:00,8369.089979642857
06-16 09:15,3566.961694257144
06-16 09:30,13319.754312257144
06-16 09:45,14685.493669942856
06-16 10:00,16675.46711442857
06-16 10:15,11417.0293757
06-16 10:30,15618.801652857144
06-16 10:45,18607.38329857143
06-16 11:00,13296.9394739
06-16 11:15,11281.520611742855
06-16 11:30,12184.242020542855
06-16 11:45,24429.284052571427
06-16 12:00,6218.125400671429
06-16 12:15,8647.642233585713
06-16 12:30,11601.348651871427
06-16 12:45,20161.10001
06-16 13:00,9316.8214449
06-16 13:15,11430.0598321
06-16 13:30,18768.276527
06-16 13:45,8450.774870842857
06-16 14:00,6321.183102942858
06-16 14:15,19808.74878242857
06-16 14:30,15142.548965114283
06-16 14:45,9467.498614828572
06-16 15:00,14778.780928314289
06-16 15:15,11330.580901814285
06-16 15:30,21630.069722571432
06-16 15:45,16186.608530857142
06-16 16:00,4397.949052257143
06-16 16:15,5002.777643571428
06-16 16:30,10278.078037542857
06-16 16:45,17362.111852142858
06-16 17:00,3435.012113642858
06-16 17:15,1391.6386334
06-16 17:30,1589.8334916000003
06-16 17:45,9930.198383314286
06-16 18:00,6951.080631414287
06-16 18:15,859.4545721428574
06-16 18:30,0.0
06-16 18:45,5056.734150285715
06-16 19:00,31.647952414285896
06-16 19:15,0.0
06-16 19:30,191.7845791571432
06-16 19:45,3643.321271628571
06-16 20:00,1610.8670624000003
06-16 20:15,12234.959181
06-16 20:30,2291.9969414714287
06-16 20:45,8308.348502800001
06-16 21:00,0.0
06-16 21:15,0.0
06-16 21:30,0.0
06-16 21:45,0.0
06-16 22:00,0.0
06-16 22:15,0.0
06-16 22:30,0.0
06-16 22:45,0.0
06-16 23:00,2520.1025269857146
06-16 23:15,0.0
06-16 23:30,0.0
06-16 23:45,0.0
06-17 00:00,1484.2857142857142
06-17 00:15,1484.2857142857142
06-17 00:30,1958.1233192585712
06-17 00:45,1484.2857142857142
06-17 01:00,2044.504214817143
06-17 01:15,1484.2857142857142
06-17 01:30,1484.2857142857142
06-17 01:45,1484.2857142857142
06-17 02:00,1484.2857142857142
06-17 02:15,1484.2857142857142
06-17 02:30,1484.2857142857142
06-17 02:45,1484.2857142857142
06-17 03:00,2483.01453941
06-17 03:15,2493.7866493685715
06-17 03:30,1484.2857142857142
06-17 03:45,1484.2857142857142
06-17 04:00,282.2003297942745
06-17 04:15,1484.2857142857142
06-17 04:30,5736.858416971428
06-17 04:45,0.0
06-17 05:00,0.0
06-17 05:15,0.0
06-17 05:30,0.0
06-17 05:45,0.0
06-17 06:00,161.52109058571452
06-17 06:15,3554.3610091428577
06-17 06:30,1521.4608103142857
06-17 06:45,12245.572065885715
06-17 07:00,20708.42601371429
06-17 07:15,975.9258042285716
06-17 07:30,2169.036873957143
06-17 07:45,2134.7002045285712
06-17 08:00,7497.518030114286
06-17 08:15,7617.396455385714
06-17 08:30,4774.429368000001
06-17 08:45,14549.383416428573
06-17 09:00,9422.098465214283
06-17 09:15,5072.9228306
06-17 09:30,3709.6082702428566
06-17 09:45,13969.218121171429
06-17 10:00,13458.396630528572
06-17 10:15,5687.338989828571
06-17 10:30,17821.21776585714
06-17 10:45,4671.733867542856
06-17 11:00,6753.9442917285705
06-17 11:15,2599.232561625714
06-17 11:30,8300.272835242857
06-17 11:45,15301.552048485712
06-17 12:00,5596.345300814287
06-17 12:15,6665.472490859999
06-17 12:30,450.8692603714287
06-17 12:45,1072.323050114286
06-17 13:00,7866.329752028571
06-17 13:15,4275.069295942857
06-17 13:30,8082.878494814287
06-17 13:45,12339.270155457143
06-17 14:00,2931.662759114286
06-17 14:15,6712.3910385
06-17 14:30,10344.406919871428
06-17 14:45,8859.026276614288
06-17 15:00,3429.191091128572
06-17 15:15,8196.005856757143
06-17 15:30,8076.2070854
06-17 15:45,491.3599180000002
06-17 16:00,5705.195317528573
06-17 16:15,10072.122106500005
06-17 16:30,6535.705132128573
06-17 16:45,5416.292110957143
06-17 17:00,14988.485753285717
06-17 17:15,7757.272020642858
06-17 17:30,253.022192314286
06-17 17:45,10423.426058542858
06-17 18:00,2647.062720985715
06-17 18:15,2666.7548644857147
06-17 18:30,14764.28024
06-17 18:45,5804.875245585715
06-17 19:00,0.0
06-17 19:15,0.0
06-17 19:30,8461.760025685715
06-17 19:45,8983.5644617
06-17 20:00,3992.6598249857134
06-17 20:15,228.1283692428574
06-17 20:30,7814.5925871
06-17 20:45,658.5999349857143
06-17 21:00,0.0
06-17 21:15,0.0
06-17 21:30,0.0
06-17 21:45,4443.101487328571
06-17 22:00,0.0
06-17 22:15,0.0
06-17 22:30,0.0
06-17 22:45,0.0
06-17 23:00,1484.2857142857142
06-17 23:15,1484.2857142857142
06-17 23:30,6069.833477071428
06-17 23:45,1484.2857142857142
06-18 00:00,1484.2857142857142
06-18 00:15,1484.2857142857142
06-18 00:30,1484.2857142857142
06-18 00:45,1484.2857142857142
06-18 01:00,1484.2857142857142
06-18 01:15,1963.7894489271428
06-18 01:30,1484.2857142857142
06-18 01:45,1484.2857142857142
06-18 02:00,1948.8928667171429
06-18 02:15,1484.2857142857142
06-18 02:30,1484.2857142857142
06-18 02:45,1484.2857142857142
06-18 03:00,1484.2857142857142
06-18 03:15,2100.18601027
06-18 03:30,1484.2857142857142
06-18 03:45,2573.1975966614286
06-18 04:00,1484.2857142857142
06-18 04:15,1914.552207142857
06-18 04:30,1961.9435425385711
06-18 04:45,1914.9275886628573
06-18 05:00,606.4717697285715
06-18 05:15,2944.7352296857143
06-18 05:30,0.0
06-18 05:45,0.0
06-18 06:00,11632.901733585712
06-18 06:15,1392.719752657143
06-18 06:30,363.0562945
06-18 06:45,368.4514311428574
06-18 07:00,17160.133238428574
06-18 07:15,631.36747
06-18 07:30,1914.490424028572
06-18 07:45,4783.404748357143
06-18 08:00,1662.634573557143
06-18 08:15,8312.629424457144
06-18 08:30,13133.299605714286
06-18 08:45,16413.033222285714
06-18 09:00,376.2203165571429
06-18 09:15,5553.533970257144
06-18 09:30,18301.304264857143
06-18 09:45,559.3258845428571
06-18 10:00,7266.896155557143
06-18 10:15,6615.019500785715
06-18 10:30,206.9450074285717
06-18 10:45,4734.813241771429
06-18 11:00,11756.758888557144
06-18 11:15,8669.5869776
06-18 11:30,4659.289711099999
06-18 11:45,13809.278751700002
06-18 12:00,8448.095002942857
06-18 12:15,2862.8487126957143
06-18 12:30,2881.7468854128574
06-18 12:45,10463.260768742855
06-18 13:00,3917.5532059
06-18 13:15,5449.4012359
06-18 13:30,6684.252892
06-18 13:45,9429.277231842856
06-18 14:00,8928.176082257141
06-18 14:15,10943.035820125762
06-18 14:30,6003.571499585715
06-18 14:45,3297.890643985714
06-18 15:00,3040.587478757143
06-18 15:15,17560.351464571428
06-18 15:30,13825.814777285714
06-18 15:45,15015.836922857145
06-18 16:00,11564.019486557145
06-18 16:15,10685.053462685715
06-18 16:30,20604.583532857145
06-18 16:45,13228.020290857145
06-18 17:00,7434.760098114286
06-18 17:15,21529.21942028572
06-18 17:30,2901.958660385714
06-18 17:45,11346.430809871428
06-18 18:00,2742.934933028572
06-18 18:15,10197.965463485716
06-18 18:30,652.9998148571428
06-18 18:45,6499.044745071429
06-18 19:00,5237.873722871429
06-18 19:15,152.86473834285718
06-18 19:30,1441.1539935714284
06-18 19:45,0.0
06-18 20:00,0.0
06-18 20:15,0.0
06-18 20:30,65.02103600000015
06-18 20:45,6497.235524371429
06-18 21:00,0.0
06-18 21:15,1742.0478387285716
06-18 21:30,5782.820159714286
06-18 21:45,0.0
06-18 22:00,1023.885613082857
06-18 22:15,0.0
06-18 22:30,5703.092559928572
06-18 22:45,0.0
06-18 23:00,3223.908576942857
06-18 23:15,1484.2857142857142
06-18 23:30,2877.1307913285714
06-18 23:45,1484.2857142857142
06-19 00:00,1484.2857142857142
06-19 00:15,1484.2857142857142
06-19 00:30,1484.2857142857142
06-19 00:45,1484.2857142857142
06-19 01:00,1484.2857142857142
06-19 01:15,1484.2857142857142
06-19 01:30,2186.144648574286
06-19 01:45,1484.2857142857142
06-19 02:00,1484.2857142857142
06-19 02:15,7430.000442114286
06-19 02:30,1484.2857142857142
06-19 02:45,1484.2857142857142
06-19 03:00,1484.2857142857142
06-19 03:15,1484.2857142857142
06-19 03:30,2493.189207548571
06-19 03:45,1484.2857142857142
06-19 04:00,2451.103603438572
06-19 04:15,2075.36840436
06-19 04:30,1484.2857142857142
06-19 04:45,1813.9076813485715
06-19 05:00,0.0
06-19 05:15,0.0
06-19 05:30,0.0
06-19 05:45,378.5308274142858
06-19 06:00,1327.0663699000002
06-19 06:15,7129.288461071429
06-19 06:30,3521.911537057143
06-19 06:45,908.2903905285716
06-19 07:00,14972.778807428573
06-19 07:15,9783.34355317143
06-19 07:30,3153.897944085714
06-19 07:45,1625.0265029285715
06-19 08:00,6875.993714385714
06-19 08:15,13195.609566428571
06-19 08:30,5160.769432785714
06-19 08:45,12333.247863228573
06-19 09:00,10447.041509585715
06-19 09:15,16596.50331142857
06-19 09:30,2215.108824671429
06-19 09:45,3641.0302453
06-19 10:00,3779.531001657144
06-19 10:15,0.0
06-19 10:30,11018.975528442856
06-19 10:45,148.3541102
06-19 11:00,10567.40127857857
06-19 11:15,13933.853543214287
06-19 11:30,16869.358184428573
06-19 11:45,9174.394776585714
06-19 12:00,5349.219189985715
06-19 12:15,4773.051855399999
06-19 12:30,4303.2606986142855
06-19 12:45,5038.573331928572
06-19 13:00,13945.502646171428
06-19 13:15,5595.697734028571
06-19 13:30,5662.602400257143
06-19 13:45,23163.428273857146
06-19 14:00,8293.253490771429
06-19 14:15,8863.494486471429
06-19 14:30,4168.632083571429
06-19 14:45,2605.7271719842856
06-19 15:00,5698.717965342857
06-19 15:15,9190.250799914284
06-19 15:30,7795.043662828571
06-19 15:45,3916.6073367
06-19 16:00,22301.099080142856
06-19 16:15,3051.430699342857
06-19 16:30,8675.163960214286
06-19 16:45,3426.636335342857
06-19 17:00,24808.494777285712
06-19 17:15,15201.491859428574
06-19 17:30,11784.920775428573
06-19 17:45,11005.454696442855
06-19 18:00,2342.966133385715
06-19 18:15,16447.29686314286
06-19 18:30,2565.3725039
06-19 18:45,20813.04924028572
06-19 19:00,5036.028441728572
06-19 19:15,734.7856251142858
06-19 19:30,5337.482412785715
06-19 19:45,0.0
06-19 20:00,2.6908540142857515
06-19 20:15,36.652895585714354
06-19 20:30,0.0
06-19 20:45,0.0
06-19 21:00,4092.060966228572
06-19 21:15,0.0
06-19 21:30,0.0
06-19 21:45,0.0
06-19 22:00,1770.4373815385711
06-19 22:15,7523.788037314285
06-19 22:30,12706.904066528572
06-19 22:45,2533.7057778242856
06-19 23:00,7488.587286428571
06-19 23:15,7022.2983674
06-19 23:30,2125.7475684614287
06-19 23:45,1484.2857142857142
06-20 00:00,1484.2857142857142
06-20 00:15,1484.2857142857142
06-20 00:30,1484.2857142857142
06-20 00:45,2007.09574705
06-20 01:00,1484.2857142857142
06-20 01:15,1484.2857142857142
06-20 01:30,1484.2857142857142
06-20 01:45,1484.2857142857142
06-20 02:00,1484.2857142857142
06-20 02:15,1484.2857142857142
06-20 02:30,1484.2857142857142
06-20 02:45,2173.3577175657147
06-20 03:00,1484.2857142857142
06-20 03:15,1484.2857142857142
06-20 03:30,1840.2321691171423
06-20 03:45,2165.556757292857
06-20 04:00,1484.2857142857142
06-20 04:15,2658.86073232
06-20 04:30,2656.1084170957147
06-20 04:45,6211.620796471429
06-20 05:00,2058.6575270885714
06-20 05:15,2411.9507013514285
06-20 05:30,1484.2857142857142
06-20 05:45,7500.437291957142
06-20 06:00,10903.813456857144
06-20 06:15,9810.479686357145
06-20 06:30,4767.94189027143
06-20 06:45,15162.73393614286
06-20 07:00,1025.912670557143
06-20 07:15,7983.906344414287
06-20 07:30,951.5536149428572
06-20 07:45,5998.227342528572
06-20 08:00,282.98547967142866
06-20 08:15,912.1154472285716
06-20 08:30,2803.493592442857
06-20 08:45,7582.281194071429
06-20 09:00,9855.30859557144
06-20 09:15,1919.7702579714287
06-20 09:30,9900.401434928572
06-20 09:45,7070.270248828573
06-20 10:00,9898.889943828572
06-20 10:15,1569.8090764428575
06-20 10:30,6659.155049985715
06-20 10:45,12795.454005114285
06-20 11:00,3685.869453942857
06-20 11:15,15889.690072285715
06-20 11:30,16996.090414285714
06-20 11:45,2862.3458130428567
06-20 12:00,14048.950319957145
06-20 12:15,9141.227086
06-20 12:30,10009.319661614283
06-20 12:45,13691.755130985714
06-20 13:00,13410.039458857142
06-20 13:15,5404.028919857143
06-20 13:30,14868.098817185715
06-20 13:45,9174.133191757142
06-20 14:00,7393.627847228571
06-20 14:15,14591.387485357143
06-20 14:30,3671.351669414286
06-20 14:45,6012.246168957143
06-20 15:00,6154.995436128571
06-20 15:15,9873.400301
06-20 15:30,6706.480021185714
06-20 15:45,11542.634382257143
06-20 16:00,2881.8128225000005
06-20 16:15,5783.692518742857
06-20 16:30,12194.555141185714
06-20 16:45,12813.615386
06-20 17:00,14939.966604
06-20 17:15,17689.593410142857
06-20 17:30,7424.136522314286
06-20 17:45,8389.14013437143
06-20 18:00,9421.095315528572
06-20 18:15,7170.2085858142855
06-20 18:30,3214.238789857144
06-20 18:45,15956.965455714286
06-20 19:00,0.0
06-20 19:15,4327.759097871429
06-20 19:30,0.0
06-20 19:45,251.1215582571429
06-20 20:00,0.0
06-20 20:15,8838.636611357144
06-20 20:30,863.2949214
06-20 20:45,5874.434035414286
06-20 21:00,0.0
06-20 21:15,0.0
06-20 21:30,0.0
06-20 21:45,6537.291581514285
06-20 22:00,2779.289534728572
06-20 22:15,189.80981718571448
06-20 22:30,5679.350463971429
06-20 22:45,0.0
06-20 23:00,2307.738965272857
06-20 23:15,6644.810165385715
06-20 23:30,2111.4566372657146
06-20 23:45,7638.734287285713
06-21 00:00,1484.2857142857142
06-21 00:15,1484.2857142857142
06-21 00:30,1484.2857142857142
06-21 00:45,1484.2857142857142
06-21 01:00,1484.2857142857142
06-21 01:15,1975.175959588572
06-21 01:30,7133.8927924
06-21 01:45,1484.2857142857142
06-21 02:00,1484.2857142857142
06-21 02:15,1484.2857142857142
06-21 02:30,2104.7369971157145
06-21 02:45,2929.5819779857143
06-21 03:00,1484.2857142857142
06-21 03:15,1484.2857142857142
06-21 03:30,1484.2857142857142
06-21 03:45,1484.2857142857142
06-21 04:00,1484.2857142857142
06-21 04:15,1484.2857142857142
06-21 04:30,1484.2857142857142
06-21 04:45,1484.2857142857142
06-21 05:00,0.0
06-21 05:15,0.0
06-21 05:30,4063.463508257144
06-21 05:45,0.0
06-21 06:00,971.3975042428572
06-21 06:15,0.0
06-21 06:30,4855.548744785715
06-21 06:45,19117.73591671429
06-21 07:00,4366.235863628572
06-21 07:15,10799.217459628571
06-21 07:30,3520.597322557143
06-21 07:45,4984.244823328572
06-21 08:00,6536.544712842858
06-21 08:15,5649.972726528573
06-21 08:30,6923.780555542857
06-21 08:45,7906.459064128571
06-21 09:00,904.0095687142856
06-21 09:15,7064.761344157144
06-21 09:30,2924.341513157144
06-21 09:45,4076.6930431
06-21 10:00,1526.2489436285714
06-21 10:15,10859.5078106
06-21 10:30,16707.975451
06-21 10:45,13104.192673857144
06-21 11:00,16397.065523
06-21 11:15,14437.39940314286
06-21 11:30,2775.747829385715
06-21 11:45,291.6359005714288
06-21 12:00,5574.940066414285
06-21 12:15,6076.025375442858
06-21 12:30,18180.090556571427
06-21 12:45,10057.7611292
06-21 13:00,19216.600916714284
06-21 13:15,17908.017207142853
06-21 13:30,19237.71599842857
06-21 13:45,14513.546158228572
06-21 14:00,12662.80407237143
06-21 14:15,6216.5395995
06-21 14:30,15429.202456542856
06-21 14:45,6836.909257699999
06-21 15:00,11423.888233685717
06-21 15:15,20859.98608771429
06-21 15:30,17131.877633285716
06-21 15:45,21116.69568557143
06-21 16:00,22426.955237285714
06-21 16:15,12734.129539014286
06-21 16:30,10671.705307014285
06-21 16:45,6104.859662285715
06-21 17:00,13733.985164714286
06-21 17:15,2993.820445942857
06-21 17:30,11864.22470194286
06-21 17:45,9823.033571457145
06-21 18:00,15453.022223714286
06-21 18:15,8444.622035557144
06-21 18:30,5074.865556771429
06-21 18:45,1413.9468941714283
06-21 19:00,7476.9144795142865
06-21 19:15,0.0
06-21 19:30,0.0
06-21 19:45,7910.841342785714
06-21 20:00,6213.851522471429
06-21 20:15,767.509091857143
06-21 20:30,0.0
06-21 20:45,0.0
06-21 21:00,0.0
06-21 21:15,0.0
06-21 21:30,3037.5293538571427
06-21 21:45,0.0
06-21 22:00,0.0
06-21 22:15,7626.761706642858
06-21 22:30,0.0
06-21 22:45,0.0
06-21 23:00,850.2597070071392
06-21 23:15,501.97370163428576
06-21 23:30,2658.08081025
06-21 23:45,1010.0269049714288
06-22 00:00,2402.249252182857
06-22 00:15,525.5173251857144
06-22 00:30,1906.0930657957144
06-22 00:45,0.0
06-22 01:00,0.0
06-22 01:15,991.3605106985716
06-22 01:30,0.0
06-22 01:45,0.0
06-22 02:00,1864.6877733142856
06-22 02:15,1484.2857142857142
06-22 02:30,2609.7531275842853
06-22 02:45,5512.5972497
06-22 03:00,1484.2857142857142
06-22 03:15,1484.2857142857142
06-22 03:30,5523.382120957142
06-22 03:45,1484.2857142857142
06-22 04:00,1484.2857142857142
06-22 04:15,6960.647624628571
06-22 04:30,1484.2857142857142
06-22 04:45,2108.59855019
06-22 05:00,5336.911801957142
06-22 05:15,1484.2857142857142
06-22 05:30,1895.2103763542857
06-22 05:45,1484.2857142857142
06-22 06:00,0.0
06-22 06:15,171.04072270000026
06-22 06:30,5174.839792028572
06-22 06:45,0.0
06-22 07:00,6083.401897728572
06-22 07:15,4948.734006185715
06-22 07:30,3617.195471714286
06-22 07:45,10393.924395942857
06-22 08:00,6084.847084071429
06-22 08:15,0.0
06-22 08:30,6384.413596028573
06-22 08:45,0.0
06-22 09:00,6220.763475657143
06-22 09:15,2851.6610533857142
06-22 09:30,8173.52734192857
06-22 09:45,11742.217771971433
06-22 10:00,7851.027284700001
06-22 10:15,6474.865376421428
06-22 10:30,19457.282955714287
06-22 10:45,7865.986429091427
06-22 11:00,10078.976054142857
06-22 11:15,15674.532917085711
06-22 11:30,5033.9359033142855
06-22 11:45,18744.459879
06-22 12:00,15423.871936514286
06-22 12:15,18429.581292571427
06-22 12:30,11454.281154642858
06-22 12:45,8384.66510332857
06-22 13:00,10563.986202828572
06-22 13:15,13201.273101114286
06-22 13:30,8960.305084485715
06-22 13:45,8208.15289897143
06-22 14:00,6088.387098057144
06-22 14:15,4050.984834671429
06-22 14:30,8959.642790842856
06-22 14:45,18620.35809642857
06-22 15:00,11520.2781358
06-22 15:15,8925.24010372857
06-22 15:30,25023.146742428573
06-22 15:45,6122.721252428572
06-22 16:00,9071.909980428572
06-22 16:15,6042.106461728572
06-22 16:30,0.0
06-22 16:45,6924.923554671428
06-22 17:00,12010.578563085715
06-22 17:15,4796.771104028572
06-22 17:30,1497.8916405714288
06-22 17:45,9315.115301142858
06-22 18:00,7743.975029700001
06-22 18:15,8773.626255814286
06-22 18:30,1900.885275871429
06-22 18:45,1163.032343657143
06-22 19:00,16122.941641
06-22 19:15,5091.633909100001
06-22 19:30,3117.912981714286
06-22 19:45,1517.813597314286
06-22 20:00,0.0
06-22 20:15,0.0
06-22 20:30,333.0128474714288
06-22 20:45,7953.8729662
06-22 21:00,0.0
06-22 21:15,199.2450190285717
06-22 21:30,0.0
06-22 21:45,0.0
06-22 22:00,6723.747439228571
06-22 22:15,0.0
06-22 22:30,0.0
06-22 22:45,6675.149201414286
06-22 23:00,2970.899890428572
06-22 23:15,4416.674890071428
06-22 23:30,1174.203476931429
06-22 23:45,6659.700637414287
06-23 00:00,0.0
06-23 00:15,289.46332769
06-23 00:30,0.0
06-23 00:45,0.0
06-23 01:00,0.0
06-23 01:15,0.0
06-23 01:30,0.0
06-23 01:45,0.0
06-23 02:00,1484.2857142857142
06-23 02:15,135.08810037142865
06-23 02:30,1921.373164502857
06-23 02:45,0.0
06-23 03:00,1484.2857142857142
06-23 03:15,1484.2857142857142
06-23 03:30,2260.354475798571
06-23 03:45,1484.2857142857142
06-23 04:00,1484.2857142857142
06-23 04:15,1484.2857142857142
06-23 04:30,1873.9739363671429
06-23 04:45,1484.2857142857142
06-23 05:00,1484.2857142857142
06-23 05:15,1484.2857142857142
06-23 05:30,1484.2857142857142
06-23 05:45,1484.2857142857142
06-23 06:00,3020.280988371429
06-23 06:15,1484.2857142857142
06-23 06:30,1484.2857142857142
06-23 06:45,2657.970637457143
06-23 07:00,1149.1650935428572
06-23 07:15,0.0
06-23 07:30,1692.672500757143
06-23 07:45,0.0
06-23 08:00,2873.311212319951
06-23 08:15,186.72671134285724
06-23 08:30,2965.147392571429
06-23 08:45,5059.042190585714
06-23 09:00,6351.259465828572
06-23 09:15,3706.015585228572
06-23 09:30,11225.65087507143
06-23 09:45,4437.1576188
06-23 10:00,19949.018873142857
06-23 10:15,6623.745274414287
06-23 10:30,9935.830596171429
06-23 10:45,5577.484283971429
06-23 11:00,7743.883794885714
06-23 11:15,10932.333481814288
06-23 11:30,16886.34337142857
06-23 11:45,14313.277982985715
06-23 12:00,22575.761720285715
06-23 12:15,22002.738182571426
06-23 12:30,13438.933599757143
06-23 12:45,9609.583831885717
06-23 13:00,5869.609220714287
06-23 13:15,10960.555346128573
06-23 13:30,6302.329831142857
06-23 13:45,15956.218739285716
06-23 14:00,13513.836881785714
06-23 14:15,3651.5397556428575
06-23 14:30,3616.2302892571424
06-23 14:45,4790.580994857142
06-23 15:00,11220.265872471427
06-23 15:15,6304.703625171429
06-23 15:30,10606.007520785712
06-23 15:45,6519.127631657143
06-23 16:00,11936.917649057144
06-23 16:15,4215.649983485714
06-23 16:30,3261.870958999998
06-23 16:45,5863.571413214286
06-23 17:00,5759.581713200001
06-23 17:15,1563.155873585714
06-23 17:30,10667.119060485717
06-23 17:45,6293.062273271428
06-23 18:00,161.853127357143
06-23 18:15,0.0
06-23 18:30,0.0
06-23 18:45,290.609334157143
06-23 19:00,2664.220044357144
06-23 19:15,0.0
06-23 19:30,10850.954718685714
06-23 19:45,0.0
06-23 20:00,0.0
06-23 20:15,2195.713407428572
06-23 20:30,7708.735455914286
06-23 20:45,105.9134404142857
06-23 21:00,0.0
06-23 21:15,0.0
06-23 21:30,2241.776499671429
06-23 21:45,4275.337178442857
06-23 22:00,0.0
06-23 22:15,0.0
06-23 22:30,0.0
06-23 22:45,0.0
06-23 23:00,0.0
06-23 23:15,0.0
06-23 23:30,0.0
06-23 23:45,0.0
06-24 00:00,1484.2857142857142
06-24 00:15,1964.46368351
06-24 00:30,5849.212620057142
06-24 00:45,1890.519699592857
06-24 01:00,1484.2857142857142
06-24 01:15,1484.2857142857142
06-24 01:30,1484.2857142857142
06-24 01:45,1484.2857142857142
06-24 02:00,1484.2857142857142
06-24 02:15,1484.2857142857142
06-24 02:30,1484.2857142857142
06-24 02:45,1484.2857142857142
06-24 03:00,1484.2857142857142
06-24 03:15,1484.2857142857142
06-24 03:30,2282.1357590785715
06-24 03:45,2199.408063297143
06-24 04:00,0.0
06-24 04:15,1295.0993007271347
06-24 04:30,999.18153226
06-24 04:45,358.47100527428563
06-24 05:00,0.0
06-24 05:15,0.0
06-24 05:30,0.0
06-24 05:45,0.0
06-24 06:00,844.7467795428572
06-24 06:15,0.0
06-24 06:30,8507.05713242857
06-24 06:45,14810.08415114286
06-24 07:00,1924.966790471429
06-24 07:15,8661.04483904286
06-24 07:30,7900.476542242858
06-24 07:45,20706.98245042857
06-24 08:00,8660.789795285715
06-24 08:15,6097.62298147143
06-24 08:30,3132.464835428572
06-24 08:45,4043.8924930714297
06-24 09:00,795.2423621285714
06-24 09:15,3816.2491710142863
06-24 09:30,10992.292205842856
06-24 09:45,4571.392485842857
06-24 10:00,1494.8877273857142
06-24 10:15,2596.636881942857
06-24 10:30,6142.488172142857
06-24 10:45,5048.922424114286
06-24 11:00,9182.270389085714
06-24 11:15,10957.788734314285
06-24 11:30,1780.96678429
06-24 11:45,5940.571487671429
06-24 12:00,10658.49116982857
06-24 12:15,3445.348149828572
06-24 12:30,6727.77033372857
06-24 12:45,6599.913497057143
06-24 13:00,11326.520392914284
06-24 13:15,7901.653682385714
06-24 13:30,21645.869306714285
06-24 13:45,4491.429796014286
06-24 14:00,6374.618717414286
06-24 14:15,14255.33850257143
06-24 14:30,15587.528341942856
06-24 14:45,21105.787109428573
06-24 15:00,2695.8226522
06-24 15:15,10554.360061972846
06-24 15:30,5633.954309085714
06-24 15:45,2621.044351028572
06-24 16:00,16950.78539628571
06-24 16:15,6012.2672032
06-24 16:30,13903.406600142856
06-24 16:45,15565.40693157143
06-24 17:00,10342.602157842855
06-24 17:15,7922.611103800001
06-24 17:30,14051.339644285714
06-24 17:45,2782.9019942714285
06-24 18:00,3058.0830830714285
06-24 18:15,5775.019679314287
06-24 18:30,10332.40684317143
06-24 18:45,3562.3811568999995
06-24 19:00,381.1925993857144
06-24 19:15,261.0506805857143
06-24 19:30,0.0
06-24 19:45,1219.981536014286
06-24 20:00,0.0
06-24 20:15,0.0
06-24 20:30,192.1101576
06-24 20:45,4838.062061485715
06-24 21:00,0.0
06-24 21:15,0.0
06-24 21:30,93.63281918571452
06-24 21:45,0.0
06-24 22:00,2165.3631266628568
06-24 22:15,1484.2857142857142
06-24 22:30,10330.221202399998
06-24 22:45,1484.2857142857142
06-24 23:00,1484.2857142857142
06-24 23:15,1961.5918135785712
06-24 23:30,2315.911207884285
06-24 23:45,2021.288147374286
06-25 00:00,2014.1797082385715
06-25 00:15,1785.8350549571426
06-25 00:30,2231.391318297143
06-25 00:45,1484.2857142857142
06-25 01:00,2074.001253927143
06-25 01:15,1484.2857142857142
06-25 01:30,1484.2857142857142
06-25 01:45,1484.2857142857142
06-25 02:00,1484.2857142857142
06-25 02:15,1484.2857142857142
06-25 02:30,5395.7827586
06-25 02:45,1484.2857142857142
06-25 03:00,1484.2857142857142
06-25 03:15,1484.2857142857142
06-25 03:30,8254.263824542857
06-25 03:45,1484.2857142857142
06-25 04:00,1484.2857142857142
06-25 04:15,2312.229022817143
06-25 04:30,1484.2857142857142
06-25 04:45,1484.2857142857142
06-25 05:00,5004.016135542857
06-25 05:15,2050.3537402814286
06-25 05:30,2867.138414742856
06-25 05:45,1484.2857142857142
06-25 06:00,607.5895452714288
06-25 06:15,8248.370599085714
06-25 06:30,3126.638948528572
06-25 06:45,7953.571617528572
06-25 07:00,6700.661743214287
06-25 07:15,3274.210967928572
06-25 07:30,2914.357889385714
06-25 07:45,240.4867315428572
06-25 08:00,2454.4382670000005
06-25 08:15,3154.808038442857
06-25 08:30,0.0
06-25 08:45,5282.6113093428585
06-25 09:00,9173.013555414287
06-25 09:15,4957.617191257144
06-25 09:30,6786.6746669
06-25 09:45,1697.4748786428572
06-25 10:00,0.0
06-25 10:15,4666.223830542858
06-25 10:30,5810.474437385715
06-25 10:45,11619.431689885716
06-25 11:00,5763.069322457143
06-25 11:15,13809.420059499998
06-25 11:30,5801.541848642857
06-25 11:45,9138.399153742856
06-25 12:00,5794.967147542857
06-25 12:15,3701.946336942857
06-25 12:30,5739.295217814286
06-25 12:45,8074.040742757143
06-25 13:00,8785.1902723
06-25 13:15,5373.651784928572
06-25 13:30,12006.07999382857
06-25 13:45,9576.634596671429
06-25 14:00,9463.602469842855
06-25 14:15,9459.481618314285
06-25 14:30,9464.504716842855
06-25 14:45,15163.521351971429
06-25 15:00,2201.851754257143
06-25 15:15,19356.03604628572
06-25 15:30,10272.026105642855
06-25 15:45,7383.344325057143
06-25 16:00,8328.449659828573
06-25 16:15,12332.613005285715
06-25 16:30,5926.556022142858
06-25 16:45,17184.15216257143
06-25 17:00,12523.643348285716
06-25 17:15,9014.982698757143
06-25 17:30,7372.45411047143
06-25 17:45,6627.79173147143
06-25 18:00,2685.7119412428574
06-25 18:15,8426.099671357144
06-25 18:30,8162.202514457143
06-25 18:45,9918.425159242855
06-25 19:00,24.1827410142857
06-25 19:15,4051.275425957143
06-25 19:30,4216.065356357143
06-25 19:45,5407.731452542858
06-25 20:00,7148.932488471429
06-25 20:15,30.32771561428576
06-25 20:30,6025.111335242858
06-25 20:45,9842.026503271429
06-25 21:00,0.0
06-25 21:15,0.0
06-25 21:30,0.0
06-25 21:45,0.0
06-25 22:00,0.0
06-25 22:15,0.0
06-25 22:30,2192.315234442857
06-25 22:45,581.0510470714287
06-25 23:00,0.0
06-25 23:15,0.0
06-25 23:30,0.0
06-25 23:45,0.0
06-26 00:00,1484.2857142857142
06-26 00:15,2002.8387107457145
06-26 00:30,1484.2857142857142
06-26 00:45,5160.0541279
06-26 01:00,1484.2857142857142
06-26 01:15,1484.2857142857142
06-26 01:30,2160.907086955714
06-26 01:45,1484.2857142857142
06-26 02:00,1484.2857142857142
06-26 02:15,1713.896742475714
06-26 02:30,1484.2857142857142
06-26 02:45,1484.2857142857142
06-26 03:00,2106.8284048171427
06-26 03:15,1484.2857142857142
06-26 03:30,2294.152897851429
06-26 03:45,2664.5460079557142
06-26 04:00,1484.2857142857142
06-26 04:15,1484.2857142857142
06-26 04:30,1484.2857142857142
06-26 04:45,2279.94097342
06-26 05:00,0.0
06-26 05:15,4783.624625100001
06-26 05:30,0.0
06-26 05:45,0.0
06-26 06:00,965.6530082
06-26 06:15,15888.221046571429
06-26 06:30,3122.607175700001
06-26 06:45,1575.6706110428572
06-26 07:00,9453.286016685714
06-26 07:15,17499.791370857147
06-26 07:30,2925.236084785715
06-26 07:45,2946.509277971428
06-26 08:00,8089.815955685715
06-26 08:15,3915.318674271428
06-26 08:30,630.4038232000003
06-26 08:45,21028.55034657143
06-26 09:00,8034.338726414287
06-26 09:15,8386.824927900001
06-26 09:30,16916.708855285717
06-26 09:45,33.76216811428571
06-26 10:00,674.0716761285714
06-26 10:15,4385.902543671429
06-26 10:30,6160.513569414286
06-26 10:45,9767.769821428572
06-26 11:00,14121.34788687576
06-26 11:15,11374.081022257142
06-26 11:30,6031.858021114286
06-26 11:45,5157.5926495
06-26 12:00,8563.6722507
06-26 12:15,7708.423666071428
06-26 12:30,3848.0669595
06-26 12:45,11484.877369842858
06-26 13:00,3050.3370536
06-26 13:15,4434.597638585714
06-26 13:30,4555.86018882857
06-26 13:45,2545.83259096
06-26 14:00,4093.946641657142
06-26 14:15,2675.1455314214286
06-26 14:30,3938.5104508142863
06-26 14:45,11374.1875324
06-26 15:00,4982.014685357143
06-26 15:15,7644.036608828572
06-26 15:30,10909.798516585715
06-26 15:45,3342.265362471428
06-26 16:00,18632.59145428572
06-26 16:15,12949.9197272
06-26 16:30,19920.213986857143
06-26 16:45,10441.464844885711
06-26 17:00,3742.785120600001
06-26 17:15,1786.047828057143
06-26 17:30,6814.549819585714
06-26 17:45,7341.073542771429
06-26 18:00,4792.133287500002
06-26 18:15,7221.558780800001
06-26 18:30,2288.579835685715
06-26 18:45,6285.699079400001
06-26 19:00,614.1043722285715
06-26 19:15,3101.3485012
06-26 19:30,7959.121692000001
06-26 19:45,0.0
06-26 20:00,2734.037675957144
06-26 20:15,0.0
06-26 20:30,2148.7424588571434
06-26 20:45,553.727395157143
06-26 21:00,0.0
06-26 21:15,0.0
06-26 21:30,0.0
06-26 21:45,1964.2835768857144
06-26 22:00,1484.2857142857142
06-26 22:15,1484.2857142857142
06-26 22:30,8677.295331514286
06-26 22:45,2756.350197602857
06-26 23:00,1930.6672034071428
06-26 23:15,2205.229252607143
06-26 23:30,1484.2857142857142
06-26 23:45,1731.965129582857
06-27 00:00,1484.2857142857142
06-27 00:15,1484.2857142857142
06-27 00:30,1826.6599380757143
06-27 00:45,1716.80131398
06-27 01:00,1484.2857142857142
06-27 01:15,1484.2857142857142
06-27 01:30,1484.2857142857142
06-27 01:45,1484.2857142857142
06-27 02:00,1484.2857142857142
06-27 02:15,1484.2857142857142
06-27 02:30,1484.2857142857142
06-27 02:45,1484.2857142857142
06-27 03:00,1484.2857142857142
06-27 03:15,4016.410070957143
06-27 03:30,1484.2857142857142
06-27 03:45,1484.2857142857142
06-27 04:00,1889.314475777143
06-27 04:15,2294.47901155
06-27 04:30,2990.398990728572
06-27 04:45,1484.2857142857142
06-27 05:00,0.0
06-27 05:15,0.0
06-27 05:30,0.0
06-27 05:45,0.0
06-27 06:00,13389.55431
06-27 06:15,4179.124639157143
06-27 06:30,1187.5534823857145
06-27 06:45,7715.724059985715
06-27 07:00,16413.900567714285
06-27 07:15,4424.612226100001
06-27 07:30,5746.979385414287
06-27 07:45,4895.140738285715
06-27 08:00,1069.7093835285714
06-27 08:15,12771.034745885714
06-27 08:30,22501.84343971429
06-27 08:45,9340.789263414286
06-27 09:00,3458.835080242857
06-27 09:15,7915.602405900001
06-27 09:30,11525.017081557144
06-27 09:45,3316.043843514286
06-27 10:00,1818.502582485714
06-27 10:15,6650.514773234259
06-27 10:30,3825.786007042857
06-27 10:45,9032.847560142856
06-27 11:00,5534.351000485714
06-27 11:15,3500.500697342857
06-27 11:30,7914.446189414285
06-27 11:45,9916.606421
06-27 12:00,3951.4714732571424
06-27 12:15,6865.224372614286
06-27 12:30,17495.810069285715
06-27 12:45,13292.040096742858
06-27 13:00,9435.812025485717
06-27 13:15,10341.00683325714
06-27 13:30,7480.348176285714
06-27 13:45,4738.0910366
06-27 14:00,9985.388777
06-27 14:15,12666.432715242858
06-27 14:30,2759.64238853
06-27 14:45,10449.7209055
06-27 15:00,6225.155181385714
06-27 15:15,7041.470253342858
06-27 15:30,5634.256288085714
06-27 15:45,10122.012855985717
06-27 16:00,13051.690194857145
06-27 16:15,11647.745088157144
06-27 16:30,7444.047508457143
06-27 16:45,17735.793904285718
06-27 17:00,8481.707812328572
06-27 17:15,10546.242710014289
06-27 17:30,14866.053621
06-27 17:45,7141.825117142858
06-27 18:00,11164.208584957143
06-27 18:15,958.725281
06-27 18:30,6727.1881539000005
06-27 18:45,5431.72012327143
06-27 19:00,12622.022761557144
06-27 19:15,0.0
06-27 19:30,7079.237231057144
06-27 19:45,6104.336452157144
06-27 20:00,620.4458262714287
06-27 20:15,0.0
06-27 20:30,1379.1855067571432
06-27 20:45,0.0
06-27 21:00,0.0
06-27 21:15,1099.2271307428573
06-27 21:30,0.0
06-27 21:45,0.0
06-27 22:00,0.0
06-27 22:15,0.0
06-27 22:30,458.6683614285717
06-27 22:45,0.0
06-27 23:00,1484.2857142857142
06-27 23:15,2004.7976408642853
06-27 23:30,1484.2857142857142
06-27 23:45,2772.40284812
06-28 00:00,2180.3911750842854
06-28 00:15,2248.330419915714
06-28 00:30,1849.493407012857
06-28 00:45,2108.7135816971427
06-28 01:00,1996.4336518857144
06-28 01:15,1484.2857142857142
06-28 01:30,2027.1074081371428
06-28 01:45,1913.13905441
06-28 02:00,3176.0889641142853
06-28 02:15,1484.2857142857142
06-28 02:30,2531.474844215714
06-28 02:45,1484.2857142857142
06-28 03:00,1484.2857142857142
06-28 03:15,1484.2857142857142
06-28 03:30,1484.2857142857142
06-28 03:45,1484.2857142857142
06-28 04:00,1484.2857142857142
06-28 04:15,1484.2857142857142
06-28 04:30,1484.2857142857142
06-28 04:45,1484.2857142857142
06-28 05:00,4221.922157342857
06-28 05:15,0.0
06-28 05:30,0.0
06-28 05:45,219.71644487142856
06-28 06:00,9629.801982585715
06-28 06:15,7390.0200481
06-28 06:30,7570.3322586
06-28 06:45,1006.6190780285716
06-28 07:00,8084.5060656
06-28 07:15,11001.8931831
06-28 07:30,8260.230423642857
06-28 07:45,10516.384021471433
06-28 08:00,5122.911811042858
06-28 08:15,5399.469389242858
06-28 08:30,1200.370729271429
06-28 08:45,17490.489835428572
06-28 09:00,6665.934807457144
06-28 09:15,13367.071113285716
06-28 09:30,12759.6842468
06-28 09:45,2800.6049993142865
06-28 10:00,16686.833853285716
06-28 10:15,6278.3612371
06-28 10:30,6310.490054271429
06-28 10:45,15727.29420342857
06-28 11:00,3543.822670642857
06-28 11:15,5467.485036728572
06-28 11:30,5917.510550471429
06-28 11:45,8391.642069528572
06-28 12:00,15615.998113
06-28 12:15,16726.99281185714
06-28 12:30,9888.25194572857
06-28 12:45,10577.959865614286
06-28 13:00,20330.68359814286
06-28 13:15,7096.673004328572
06-28 13:30,7906.873880157143
06-28 13:45,12429.780196185711
06-28 14:00,13328.8819425
06-28 14:15,16053.43969157143
06-28 14:30,12930.14001822857
06-28 14:45,21847.02780842857
06-28 15:00,24336.859139714285
06-28 15:15,22352.181361571427
06-28 15:30,5875.345513142857
06-28 15:45,6265.972960942858
06-28 16:00,11326.990267914289
06-28 16:15,12329.431351814286
06-28 16:30,6641.612033442858
06-28 16:45,9836.89201997143
06-28 17:00,3334.0012005857147
06-28 17:15,5875.730013271429
06-28 17:30,3474.4321248857145
06-28 17:45,12027.787944428572
06-28 18:00,11600.555605185717
06-28 18:15,21459.18095942857
06-28 18:30,4655.255057257144
06-28 18:45,10846.643297271428
06-28 19:00,2815.433849285714
06-28 19:15,3641.5147649857145
06-28 19:30,0.0
06-28 19:45,362.7131647714288
06-28 20:00,0.0
06-28 20:15,0.0
06-28 20:30,64.25829229999998
06-28 20:45,4854.599152228571
06-28 21:00,178.93703148571433
06-28 21:15,0.0
06-28 21:30,5012.508853971429
06-28 21:45,5150.378606885715
06-28 22:00,0.0
06-28 22:15,0.0
06-28 22:30,612.8848700428573
06-28 22:45,0.0
06-28 23:00,749.4028251857143
06-28 23:15,0.0
06-28 23:30,220.5761646571431
06-28 23:45,3296.8774530285714
06-29 00:00,1858.966948952857
06-29 00:15,4122.946740871429
06-29 00:30,2149.637835768572
06-29 00:45,4357.701698442857
06-29 01:00,0.0
06-29 01:15,1073.1304560785716
06-29 01:30,0.0
06-29 01:45,0.0
06-29 02:00,1768.3758455214286
06-29 02:15,1484.2857142857142
06-29 02:30,1484.2857142857142
06-29 02:45,1484.2857142857142
06-29 03:00,1484.2857142857142
06-29 03:15,1484.2857142857142
06-29 03:30,1484.2857142857142
06-29 03:45,951.7412227328608
06-29 04:00,1484.2857142857142
06-29 04:15,1484.2857142857142
06-29 04:30,1484.2857142857142
06-29 04:45,1484.2857142857142
06-29 05:00,0.0
06-29 05:15,0.0
06-29 05:30,4066.534590328572
06-29 05:45,0.0
06-29 06:00,0.0
06-29 06:15,0.0
06-29 06:30,5388.7824144000015
06-29 06:45,81.71805495714311
06-29 07:00,4454.720170414286
06-29 07:15,3849.969901757144
06-29 07:30,5156.635217771429
06-29 07:45,3866.308026285715
06-29 08:00,840.3054649857144
06-29 08:15,0.0
06-29 08:30,9413.281721128573
06-29 08:45,2547.6351661142858
06-29 09:00,3160.340311771429
06-29 09:15,17949.130414142855
06-29 09:30,7229.598678699999
06-29 09:45,14662.970037475714
06-29 10:00,6736.744003457143
06-29 10:15,10982.6629238
06-29 10:30,10648.809129128573
06-29 10:45,16748.716277571428
06-29 11:00,6247.301940871429
06-29 11:15,9117.217982942857
06-29 11:30,16576.826354428573
06-29 11:45,6707.422628900001
06-29 12:00,5171.974670057144
06-29 12:15,13960.392743928573
06-29 12:30,14391.267349000002
06-29 12:45,11955.643242357142
06-29 13:00,17853.460304714285
06-29 13:15,15180.368982442857
06-29 13:30,17810.61626
06-29 13:45,14160.997226028572
06-29 14:00,11185.13205042857
06-29 14:15,8146.525582914286
06-29 14:30,7399.750345957143
06-29 14:45,5142.292215785714
06-29 15:00,11794.738726799998
06-29 15:15,4577.191736157143
06-29 15:30,13418.168460928571
06-29 15:45,8024.456057128571
06-29 16:00,11834.985189771429
06-29 16:15,5490.150791271429
06-29 16:30,13176.483692285714
06-29 16:45,4762.756321171429
06-29 17:00,0.0
06-29 17:15,1936.864846757143
06-29 17:30,12277.560699357142
06-29 17:45,3486.4332486857147
06-29 18:00,0.0
06-29 18:15,8067.453028528572
06-29 18:30,1920.6029543142856
06-29 18:45,5381.291577171429
06-29 19:00,3445.571357328572
06-29 19:15,276.2322713285714
06-29 19:30,1504.6679195
06-29 19:45,0.0
06-29 20:00,5755.227153771429
06-29 20:15,0.0
06-29 20:30,0.0
06-29 20:45,0.0
06-29 21:00,728.8886914285715
06-29 21:15,0.0
06-29 21:30,4283.545799785715
06-29 21:45,0.0
06-29 22:00,0.0
06-29 22:15,0.0
06-29 22:30,0.0
06-29 22:45,0.0
06-29 23:00,0.0
06-29 23:15,3343.190063628572
06-29 23:30,0.0
06-29 23:45,0.0
06-30 00:00,0.0
06-30 00:15,348.48674232
06-30 00:30,0.0
06-30 00:45,413.9035059514286
06-30 01:00,0.0
06-30 01:15,0.0
06-30 01:30,0.0
06-30 01:45,0.0
06-30 02:00,306.09159448285715
06-30 02:15,362.6657761142857
06-30 02:30,1139.7774064728158
06-30 02:45,1484.2857142857142
06-30 03:00,1484.2857142857142
06-30 03:15,1484.2857142857142
06-30 03:30,1484.2857142857142
06-30 03:45,1484.2857142857142
06-30 04:00,1484.2857142857142
06-30 04:15,1484.2857142857142
06-30 04:30,1484.2857142857142
06-30 04:45,1484.2857142857142
06-30 05:00,1484.2857142857142
06-30 05:15,1484.2857142857142
06-30 05:30,1484.2857142857142
06-30 05:45,1484.2857142857142
06-30 06:00,1484.2857142857142
06-30 06:15,1842.4135590142853
06-30 06:30,1484.2857142857142
06-30 06:45,2901.921500732857
06-30 07:00,10026.3880678
06-30 07:15,0.0
06-30 07:30,480.646636457143
06-30 07:45,4011.764968771429
06-30 08:00,8022.460589371429
06-30 08:15,6692.5087227
06-30 08:30,2193.910668814286
06-30 08:45,579.6487259857143
06-30 09:00,6311.221910914286
06-30 09:15,12528.284360828571
06-30 09:30,10947.73565282857
06-30 09:45,3870.1100010285713
06-30 10:00,27659.280680000007
06-30 10:15,11337.166256071429
06-30 10:30,14494.11748982857
06-30 10:45,9477.696061342858
06-30 11:00,6822.059714385715
06-30 11:15,5589.341500614285
06-30 11:30,11215.8454633
06-30 11:45,11311.23711972857
06-30 12:00,17049.979226000003
06-30 12:15,16258.398907285717
06-30 12:30,15759.433575214289
06-30 12:45,15417.074643014286
06-30 13:00,8808.557379
06-30 13:15,12169.099904557144
06-30 13:30,19572.12824942857
06-30 13:45,13848.447017471428
06-30 14:00,12199.745106971428
06-30 14:15,11590.4016764
06-30 14:30,7414.645380071428
06-30 14:45,16100.064292428571
06-30 15:00,5331.014985828572
06-30 15:15,15250.68156792857
06-30 15:30,6769.647607057143
06-30 15:45,9284.009899
06-30 16:00,17680.32044342857
06-30 16:15,18653.648979857146
06-30 16:30,13552.809618857142
06-30 16:45,10890.638638528571
06-30 17:00,12842.495345285712
06-30 17:15,13387.707995714289
06-30 17:30,9110.888425185714
06-30 17:45,6565.940235814287
06-30 18:00,4240.156003314286
06-30 18:15,2742.4789062000004
06-30 18:30,2232.041428057142
06-30 18:45,6182.983097585714
06-30 19:00,0.0
06-30 19:15,3442.670149671429
06-30 19:30,787.1605885428575
06-30 19:45,8339.555191528572
06-30 20:00,1135.4473280000002
06-30 20:15,0.0
06-30 20:30,2488.9733094571425
06-30 20:45,0.0
06-30 21:00,0.0
06-30 21:15,0.0
06-30 21:30,0.0
06-30 21:45,0.0
06-30 22:00,0.0
06-30 22:15,0.0
06-30 22:30,0.0
06-30 22:45,0.0
06-30 23:00,0.0
06-30 23:15,0.0
06-30 23:30,0.0
06-30 23:45,0.0
07-01 00:00,5909.414186985714
07-01 00:15,1976.6772427585715
07-01 00:30,1484.2857142857142
07-01 00:45,1484.2857142857142
07-01 01:00,1484.2857142857142
07-01 01:15,1484.2857142857142
07-01 01:30,1484.2857142857142
07-01 01:45,1484.2857142857142
07-01 02:00,3839.902202185715
07-01 02:15,1484.2857142857142
07-01 02:30,1484.2857142857142
07-01 02:45,1484.2857142857142
07-01 03:00,1484.2857142857142
07-01 03:15,1921.3236644214287
07-01 03:30,1776.7300625285714
07-01 03:45,1484.2857142857142
07-01 04:00,1484.2857142857142
07-01 04:15,0.0
07-01 04:30,311.93756926713587
07-01 04:45,7241.768697814285
07-01 05:00,0.0
07-01 05:15,0.0
07-01 05:30,0.0
07-01 05:45,0.0
07-01 06:00,2911.6675027428573
07-01 06:15,0.0
07-01 06:30,6185.9241362428575
07-01 06:45,1880.2710685
07-01 07:00,7536.4846630857155
07-01 07:15,2406.3507962714284
07-01 07:30,13920.247239571429
07-01 07:45,3592.382322557143
07-01 08:00,2013.8917262714283
07-01 08:15,14353.281757428573
07-01 08:30,15920.564712285715
07-01 08:45,0.0
07-01 09:00,8458.516830100001
07-01 09:15,12793.299981428572
07-01 09:30,6944.541299828572
07-01 09:45,11027.426629500003
07-01 10:00,6203.2303732
07-01 10:15,2716.7560834000005
07-01 10:30,1472.1711266714287
07-01 10:45,0.0
07-01 11:00,5899.289507985715
07-01 11:15,5830.129323528572
07-01 11:30,18523.67580128572
07-01 11:45,7421.832676671428
07-01 12:00,6234.720103914286
07-01 12:15,6000.4952199142845
07-01 12:30,15422.387999628572
07-01 12:45,7714.757072714286
07-01 13:00,11533.605583571429
07-01 13:15,5551.449018142856
07-01 13:30,4697.467715271429
07-01 13:45,8272.086263042856
07-01 14:00,13127.194851214286
07-01 14:15,3569.564244871429
07-01 14:30,5252.700446442857
07-01 14:45,19847.71348571429
07-01 15:00,18347.725971571428
07-01 15:15,6058.313908585715
07-01 15:30,19752.602963571426
07-01 15:45,7098.552596185715
07-01 16:00,6518.513778771429
07-01 16:15,10110.077256642857
07-01 16:30,17696.072773857144
07-01 16:45,13759.841597457144
07-01 17:00,56.86854641428596
07-01 17:15,7129.685988814286
07-01 17:30,3158.7417277142868
07-01 17:45,4524.428137528572
07-01 18:00,18493.34586642857
07-01 18:15,1883.700899885714
07-01 18:30,1622.0931382285714
07-01 18:45,12712.196746128571
07-01 19:00,0.0
07-01 19:15,2087.5837935857144
07-01 19:30,11176.785154028572
07-01 19:45,0.0
07-01 20:00,0.0
07-01 20:15,0.0
07-01 20:30,0.0
07-01 20:45,0.0
07-01 21:00,3604.3882419571432
07-01 21:15,0.0
07-01 21:30,0.0
07-01 21:45,0.0
07-01 22:00,0.0
07-01 22:15,0.0
07-01 22:30,292.82582740000004
07-01 22:45,7159.132532257144
07-01 23:00,1484.2857142857142
07-01 23:15,1484.2857142857142
07-01 23:30,1484.2857142857142
07-01 23:45,1211.4864380785582
07-02 00:00,1484.2857142857142
07-02 00:15,1484.2857142857142
07-02 00:30,1484.2857142857142
07-02 00:45,1991.4360159628573
07-02 01:00,1484.2857142857142
07-02 01:15,1484.2857142857142
07-02 01:30,1484.2857142857142
07-02 01:45,1484.2857142857142
07-02 02:00,1484.2857142857142
07-02 02:15,1484.2857142857142
07-02 02:30,1484.2857142857142
07-02 02:45,1484.2857142857142
07-02 03:00,1484.2857142857142
07-02 03:15,1484.2857142857142
07-02 03:30,1484.2857142857142
07-02 03:45,1484.2857142857142
07-02 04:00,1484.2857142857142
07-02 04:15,3186.7385453
07-02 04:30,1952.4606771671424
07-02 04:45,1960.1245310871427
07-02 05:00,1349.8065185028572
07-02 05:15,380.7683587857144
07-02 05:30,1255.4629182614212
07-02 05:45,4269.926668671428
07-02 06:00,7990.523364885715
07-02 06:15,3890.991126357144
07-02 06:30,5213.976272300001
07-02 06:45,2459.076612
07-02 07:00,4356.275353514287
07-02 07:15,16949.262412714288
07-02 07:30,13133.396676571429
07-02 07:45,3136.018996057144
07-02 08:00,5094.37427317143
07-02 08:15,6684.811355542858
07-02 08:30,7774.0804968
07-02 08:45,3404.5284601857147
07-02 09:00,903.2256017714288
07-02 09:15,10100.55299922857
07-02 09:30,3508.1122734571427
07-02 09:45,1693.8424454428573
07-02 10:00,1506.8310049285717
07-02 10:15,4822.886612085714
07-02 10:30,8013.321267742858
07-02 10:45,6834.486646671429
07-02 11:00,7349.2974152
07-02 11:15,14009.11226702857
07-02 11:30,8298.95491182857
07-02 11:45,16502.380337142855
07-02 12:00,7368.833096814285
07-02 12:15,10177.185228371429
07-02 12:30,5915.656558157142
07-02 12:45,8905.767466342857
07-02 13:00,14470.271746414286
07-02 13:15,14240.719626442857
07-02 13:30,18956.52841814285
07-02 13:45,19777.95681271429
07-02 14:00,4643.083061971429
07-02 14:15,10950.441314142858
07-02 14:30,10881.109354457143
07-02 14:45,8576.484109314284
07-02 15:00,12018.373290185717
07-02 15:15,3725.506780157143
07-02 15:30,9349.433803614284
07-02 15:45,8076.738973757143
07-02 16:00,8698.956529271429
07-02 16:15,19634.807852857142
07-02 16:30,7184.667963242858
07-02 16:45,20264.782226285715
07-02 17:00,1175.2861078857145
07-02 17:15,836.6706049428574
07-02 17:30,8380.761232685716
07-02 17:45,15706.456447142857
07-02 18:00,5305.637808485715
07-02 18:15,1795.6833120714286
07-02 18:30,11411.745995728572
07-02 18:45,10312.901795185717
07-02 19:00,0.0
07-02 19:15,0.0
07-02 19:30,2884.1834848714284
07-02 19:45,1105.3098367285716
07-02 20:00,817.8766244285716
07-02 20:15,328.4045899857145
07-02 20:30,399.78546985714286
07-02 20:45,0.0
07-02 21:00,0.0
07-02 21:15,0.0
07-02 21:30,0.0
07-02 21:45,5951.762760857143
07-02 22:00,6173.112998114286
07-02 22:15,4464.87175107143
07-02 22:30,0.0
07-02 22:45,152.18180085714295
07-02 23:00,1484.2857142857142
07-02 23:15,1904.2622875528573
07-02 23:30,6453.794031357143
07-02 23:45,2099.700364558572
07-03 00:00,1484.2857142857142
07-03 00:15,8033.628891600001
07-03 00:30,1484.2857142857142
07-03 00:45,2214.789466242857
07-03 01:00,1484.2857142857142
07-03 01:15,1484.2857142857142
07-03 01:30,1975.3891144271429
07-03 01:45,1484.2857142857142
07-03 02:00,1883.884189308572
07-03 02:15,1484.2857142857142
07-03 02:30,1484.2857142857142
07-03 02:45,1484.2857142857142
07-03 03:00,1706.3352571271428
07-03 03:15,1484.2857142857142
07-03 03:30,1484.2857142857142
07-03 03:45,1484.2857142857142
07-03 04:00,2547.744092257143
07-03 04:15,1484.2857142857142
07-03 04:30,2315.447024727143
07-03 04:45,1957.5603921114289
07-03 05:00,0.0
07-03 05:15,2352.5174693
07-03 05:30,0.0
07-03 05:45,0.0
07-03 06:00,511.2647737000001
07-03 06:15,10168.984619185714
07-03 06:30,0.0
07-03 06:45,5328.775584885715
07-03 07:00,11229.569290485715
07-03 07:15,3124.729671442857
07-03 07:30,10809.885931257142
07-03 07:45,6477.448781428571
07-03 08:00,8482.855229885714
07-03 08:15,0.0
07-03 08:30,23410.733879571428
07-03 08:45,3688.143111114286
07-03 09:00,10611.954093000002
07-03 09:15,9226.009899571429
07-03 09:30,6861.887702471429
07-03 09:45,9594.969246028571
07-03 10:00,5631.4426082571445
07-03 10:15,1488.0756008714286
07-03 10:30,1630.501680042857
07-03 10:45,7460.792232714286
07-03 11:00,4553.352142425705
07-03 11:15,5144.206716257144
07-03 11:30,4314.560045585715
07-03 11:45,9533.95723397143
07-03 12:00,16569.178097857144
07-03 12:15,10914.043241
07-03 12:30,3181.1497456857146
07-03 12:45,17047.169636
07-03 13:00,6994.875576757143
07-03 13:15,5406.036053742858
07-03 13:30,6989.8294875
07-03 13:45,14385.401347385714
07-03 14:00,12898.023426657144
07-03 14:15,15289.766913442856
07-03 14:30,4128.527851700001
07-03 14:45,9086.104859985711
07-03 15:00,6220.8806502
07-03 15:15,11351.10785332857
07-03 15:30,19233.867047714284
07-03 15:45,9517.653270642855
07-03 16:00,11406.425098857144
07-03 16:15,8592.200306785715
07-03 16:30,10131.001369014286
07-03 16:45,3214.067337328571
07-03 17:00,22829.682115
07-03 17:15,18866.511207000003
07-03 17:30,14523.506056714286
07-03 17:45,13368.90102657143
07-03 18:00,8104.798528757144
07-03 18:15,2675.8192929714287
07-03 18:30,7.696861542857266
07-03 18:45,2291.724908128572
07-03 19:00,931.9532752857144
07-03 19:15,3243.1196394142858
07-03 19:30,9636.663326757143
07-03 19:45,4526.69906247143
07-03 20:00,4701.742354714286
07-03 20:15,5520.821354628572
07-03 20:30,60.58008304285728
07-03 20:45,0.0
07-03 21:00,1397.7981598285714
07-03 21:15,0.0
07-03 21:30,0.0
07-03 21:45,856.7695281000001
07-03 22:00,0.0
07-03 22:15,0.0
07-03 22:30,3134.457333342857
07-03 22:45,0.0
07-03 23:00,1484.2857142857142
07-03 23:15,1484.2857142857142
07-03 23:30,2693.2484426114283
07-03 23:45,2043.3337621514288
07-04 00:00,1484.2857142857142
07-04 00:15,1484.2857142857142
07-04 00:30,1484.2857142857142
07-04 00:45,1880.0112988242847
07-04 01:00,1484.2857142857142
07-04 01:15,1484.2857142857142
07-04 01:30,1484.2857142857142
07-04 01:45,1484.2857142857142
07-04 02:00,1484.2857142857142
07-04 02:15,1484.2857142857142
07-04 02:30,1484.2857142857142
07-04 02:45,1484.2857142857142
07-04 03:00,1484.2857142857142
07-04 03:15,1484.2857142857142
07-04 03:30,1825.988102822857
07-04 03:45,1484.2857142857142
07-04 04:00,1484.2857142857142
07-04 04:15,5891.950992214285
07-04 04:30,4461.3082725714285
07-04 04:45,1484.2857142857142
07-04 05:00,0.0
07-04 05:15,0.0
07-04 05:30,2084.3078427428577
07-04 05:45,0.0
07-04 06:00,77.01985672857165
07-04 06:15,6419.471991557144
07-04 06:30,6386.577974785714
07-04 06:45,4102.122165085714
07-04 07:00,3355.9147448857148
07-04 07:15,10938.954432771428
07-04 07:30,15766.290762714289
07-04 07:45,11073.70828134286
07-04 08:00,144.1821720428571
07-04 08:15,9635.4681656
07-04 08:30,15492.17560057143
07-04 08:45,7211.711990728571
07-04 09:00,8899.940912857144
07-04 09:15,3619.668511142858
07-04 09:30,13605.027501571429
07-04 09:45,19286.82482342857
07-04 10:00,4337.996480128571
07-04 10:15,7770.35433652857
07-04 10:30,4239.350590414286
07-04 10:45,16918.619582714284
07-04 11:00,14146.206692085712
07-04 11:15,17179.93955871429
07-04 11:30,5520.036449985714
07-04 11:45,8090.379720928572
07-04 12:00,5396.800187714286
07-04 12:15,7347.999275157143
07-04 12:30,8293.962997157143
07-04 12:45,5486.310882442857
07-04 13:00,2774.8199543657142
07-04 13:15,5819.966189928571
07-04 13:30,16264.59926514286
07-04 13:45,9753.208791985717
07-04 14:00,7869.541574357142
07-04 14:15,6453.3180521
07-04 14:30,7814.533887385714
07-04 14:45,10960.774181928571
07-04 15:00,10116.6707323
07-04 15:15,10999.385765814284
07-04 15:30,4157.480121257144
07-04 15:45,10326.578842657142
07-04 16:00,3166.8346616857143
07-04 16:15,3282.653203185714
07-04 16:30,7273.452206171429
07-04 16:45,11682.230160385714
07-04 17:00,11422.6333296
07-04 17:15,7511.367468014287
07-04 17:30,12005.68858347143
07-04 17:45,17214.54795357143
07-04 18:00,5809.873573014285
07-04 18:15,17495.63301857143
07-04 18:30,2910.135094500001
07-04 18:45,9845.721818357144
07-04 19:00,168.78220578571452
07-04 19:15,0.0
07-04 19:30,84.03277995714292
07-04 19:45,12888.827926428572
07-04 20:00,0.0
07-04 20:15,0.0
07-04 20:30,1546.2385275714284
07-04 20:45,3319.6176473285723
07-04 21:00,0.0
07-04 21:15,3138.0153830142863
07-04 21:30,0.0
07-04 21:45,2711.318294357143
07-04 22:00,0.0
07-04 22:15,0.0
07-04 22:30,0.0
07-04 22:45,0.0
07-04 23:00,3050.0141636
07-04 23:15,1484.2857142857142
07-04 23:30,1484.2857142857142
07-04 23:45,1484.2857142857142
07-05 00:00,8014.175177357142
07-05 00:15,2086.867606747143
07-05 00:30,1484.2857142857142
07-05 00:45,2826.987769365714
07-05 01:00,2492.973539025714
07-05 01:15,1484.2857142857142
07-05 01:30,2466.457328571428
07-05 01:45,2175.290977738571
07-05 02:00,1484.2857142857142
07-05 02:15,1673.2714207714284
07-05 02:30,1484.2857142857142
07-05 02:45,2148.530742704286
07-05 03:00,1484.2857142857142
07-05 03:15,1484.2857142857142
07-05 03:30,1484.2857142857142
07-05 03:45,1484.2857142857142
07-05 04:00,1484.2857142857142
07-05 04:15,1484.2857142857142
07-05 04:30,1484.2857142857142
07-05 04:45,1484.2857142857142
07-05 05:00,5103.345728300001
07-05 05:15,0.0
07-05 05:30,0.0
07-05 05:45,2161.774595242857
07-05 06:00,2001.808742457143
07-05 06:15,4182.139611171429
07-05 06:30,9831.063654242858
07-05 06:45,3110.963276728572
07-05 07:00,13463.12144757143
07-05 07:15,1592.089691542857
07-05 07:30,7954.635914128572
07-05 07:45,6663.249171842856
07-05 08:00,20197.120861
07-05 08:15,6331.599392571429
07-05 08:30,11545.426524871433
07-05 08:45,18182.17903457143
07-05 09:00,8076.801487428572
07-05 09:15,2700.5098312
07-05 09:30,14135.689821428572
07-05 09:45,4766.6083592714285
07-05 10:00,3587.714582271429
07-05 10:15,15326.875559428572
07-05 10:30,10845.48538182857
07-05 10:45,1200.087474957143
07-05 11:00,6165.479933057144
07-05 11:15,7727.948592114286
07-05 11:30,12187.862403985711
07-05 11:45,4807.177086614287
07-05 12:00,11052.070033614284
07-05 12:15,10115.78845722857
07-05 12:30,7129.188253142857
07-05 12:45,6144.172296171429
07-05 13:00,14646.434172614285
07-05 13:15,16268.436856428572
07-05 13:30,20566.618085857142
07-05 13:45,11430.787136457146
07-05 14:00,14650.150594214289
07-05 14:15,9676.974028271428
07-05 14:30,21640.303415714287
07-05 14:45,9148.962834057142
07-05 15:00,11207.4447805
07-05 15:15,11047.450559185714
07-05 15:30,9185.509143171428
07-05 15:45,20371.541281142858
07-05 16:00,2476.905730014286
07-05 16:15,6981.2898918
07-05 16:30,17854.218526590037
07-05 16:45,14093.8015546
07-05 17:00,1975.130724514286
07-05 17:15,20127.03125528572
07-05 17:30,3372.7153004142856
07-05 17:45,6257.906795442857
07-05 18:00,9103.359536357142
07-05 18:15,4111.867466457144
07-05 18:30,0.0
07-05 18:45,2664.5878206428574
07-05 19:00,6415.909728400001
07-05 19:15,0.0
07-05 19:30,486.9718091285717
07-05 19:45,242.30545695714304
07-05 20:00,5836.9976174
07-05 20:15,2727.2646520857147
07-05 20:30,2830.4029367857147
07-05 20:45,2828.3937212571427
07-05 21:00,0.0
07-05 21:15,656.2180983714286
07-05 21:30,0.0
07-05 21:45,1436.817342471429
07-05 22:00,0.0
07-05 22:15,0.0
07-05 22:30,0.0
07-05 22:45,0.0
07-05 23:00,2121.6049506571435
07-05 23:15,4717.591773257143
07-05 23:30,4788.9464990000015
07-05 23:45,23.405161814285933
07-06 00:00,2109.329222657143
07-06 00:15,229.06775825714303
07-06 00:30,5285.074821942859
07-06 00:45,0.0
07-06 01:00,457.2991856828572
07-06 01:15,994.0482486757144
07-06 01:30,0.0
07-06 01:45,0.0
07-06 02:00,1488.4565229685716
07-06 02:15,0.0
07-06 02:30,2453.736792227144
07-06 02:45,11.877505900000124
07-06 03:00,0.0
07-06 03:15,0.0
07-06 03:30,552.2010603728571
07-06 03:45,0.0
07-06 04:00,5468.169266242858
07-06 04:15,1484.2857142857142
07-06 04:30,2206.239734748571
07-06 04:45,3110.604137957143
07-06 05:00,2332.0022837714287
07-06 05:15,1484.2857142857142
07-06 05:30,2682.8693317285715
07-06 05:45,1484.2857142857142
07-06 06:00,0.0
07-06 06:15,1450.0758065885705
07-06 06:30,76.1721778142859
07-06 06:45,2813.670555114286
07-06 07:00,5633.6244544857145
07-06 07:15,1422.7062922000005
07-06 07:30,1559.8596786
07-06 07:45,0.0
07-06 08:00,0.0
07-06 08:15,5615.599421185715
07-06 08:30,0.0
07-06 08:45,0.0
07-06 09:00,18002.707341714286
07-06 09:15,2691.985906971429
07-06 09:30,9057.868962071429
07-06 09:45,8916.660151942859
07-06 10:00,19468.646917734288
07-06 10:15,9707.997832
07-06 10:30,18520.29609257143
07-06 10:45,13623.481773342855
07-06 11:00,10656.7244293
07-06 11:15,7202.893419271428
07-06 11:30,19715.12612128572
07-06 11:45,5237.100748185714
07-06 12:00,3766.860312585714
07-06 12:15,2961.2775810714284
07-06 12:30,4483.141462885714
07-06 12:45,11478.613624814288
07-06 13:00,11458.585336585717
07-06 13:15,9087.6719651
07-06 13:30,11459.052268671428
07-06 13:45,12195.356560985714
07-06 14:00,16641.620548857143
07-06 14:15,3769.387936157143
07-06 14:30,10699.679499971428
07-06 14:45,19741.096000428573
07-06 15:00,9090.791256699998
07-06 15:15,16059.783040285713
07-06 15:30,17228.51434314286
07-06 15:45,9296.054267085716
07-06 16:00,2938.2559914142857
07-06 16:15,11476.845826014289
07-06 16:30,2756.423822157143
07-06 16:45,4696.658555571428
07-06 17:00,10987.557753414289
07-06 17:15,8477.418143942858
07-06 17:30,1956.3803528285712
07-06 17:45,6911.563170314286
07-06 18:00,2301.6571633000003
07-06 18:15,1904.8776879857144
07-06 18:30,5945.048477457144
07-06 18:45,0.7832419000001042
07-06 19:00,0.0
07-06 19:15,1521.1144173000002
07-06 19:30,2151.6711008142856
07-06 19:45,2925.7913256
07-06 20:00,2877.451761871429
07-06 20:15,351.3562730000002
07-06 20:30,0.0
07-06 20:45,0.0
07-06 21:00,0.0
07-06 21:15,0.0
07-06 21:30,4422.990892057143
07-06 21:45,0.0
07-06 22:00,293.4321135428572
07-06 22:15,3654.5718355
07-06 22:30,0.0
07-06 22:45,4431.122315171428
07-06 23:00,4975.443966957143
07-06 23:15,0.0
07-06 23:30,402.74286168428574
07-06 23:45,0.0
07-07 00:00,840.3895382100001
07-07 00:15,504.7381019442857
07-07 00:30,3190.265296514286
07-07 00:45,0.0
07-07 01:00,1484.2857142857142
07-07 01:15,1484.2857142857142
07-07 01:30,1484.2857142857142
07-07 01:45,1484.2857142857142
07-07 02:00,2003.897781808572
07-07 02:15,1484.2857142857142
07-07 02:30,1852.026138815714
07-07 02:45,5573.2358517
07-07 03:00,1484.2857142857142
07-07 03:15,1484.2857142857142
07-07 03:30,1484.2857142857142
07-07 03:45,1484.2857142857142
07-07 04:00,1484.2857142857142
07-07 04:15,4739.408774114286
07-07 04:30,6453.262767571429
07-07 04:45,1484.2857142857142
07-07 05:00,1484.2857142857142
07-07 05:15,1484.2857142857142
07-07 05:30,1484.2857142857142
07-07 05:45,1484.2857142857142
07-07 06:00,1914.923252375714
07-07 06:15,1484.2857142857142
07-07 06:30,1944.9025665614283
07-07 06:45,1484.2857142857142
07-07 07:00,6291.223761371429
07-07 07:15,9090.4289385
07-07 07:30,2620.8702510385715
07-07 07:45,6600.767793528572
07-07 08:00,13145.679905385712
07-07 08:15,13003.4203469
07-07 08:30,3952.129063414286
07-07 08:45,2829.250965371387
07-07 09:00,17188.251961714286
07-07 09:15,5488.88199237143
07-07 09:30,4354.497197342857
07-07 09:45,410.3462611142859
07-07 10:00,15206.01440214286
07-07 10:15,4015.246033214286
07-07 10:30,7704.797691085714
07-07 10:45,5153.399822000001
07-07 11:00,3813.454234842857
07-07 11:15,16477.50393414286
07-07 11:30,9103.306745042855
07-07 11:45,17184.00385442857
07-07 12:00,19701.408298857143
07-07 12:15,15364.163764828572
07-07 12:30,18393.116703714288
07-07 12:45,18951.64679728572
07-07 13:00,15820.482767
07-07 13:15,18331.87894114286
07-07 13:30,22533.691697714286
07-07 13:45,16900.36965642857
07-07 14:00,9074.367218014284
07-07 14:15,10903.349587785711
07-07 14:30,12097.542231357143
07-07 14:45,9528.800001814285
07-07 15:00,12125.138202714288
07-07 15:15,5547.144697000001
07-07 15:30,7816.703781557142
07-07 15:45,12525.90604242857
07-07 16:00,13604.354627957144
07-07 16:15,11857.464706285717
07-07 16:30,5182.678231100001
07-07 16:45,15727.588313042856
07-07 17:00,919.0974813142856
07-07 17:15,9038.99411887143
07-07 17:30,4861.907305928569
07-07 17:45,10121.918191757142
07-07 18:00,6374.565406142858
07-07 18:15,2264.202055985714
07-07 18:30,142.5679837857143
07-07 18:45,7916.180893357143
07-07 19:00,852.5792824571431
07-07 19:15,0.0
07-07 19:30,111.39711900000007
07-07 19:45,676.1590924285714
07-07 20:00,2112.523336657144
07-07 20:15,1214.9860281285717
07-07 20:30,0.0
07-07 20:45,0.0
07-07 21:00,0.0
07-07 21:15,3597.5325214571426
07-07 21:30,0.0
07-07 21:45,0.0
07-07 22:00,0.0
07-07 22:15,0.0
07-07 22:30,0.0
07-07 22:45,0.0
07-07 23:00,0.0
07-07 23:15,2873.524644828572
07-07 23:30,0.0
07-07 23:45,0.0
07-08 00:00,1484.2857142857142
07-08 00:15,2322.119279138562
07-08 00:30,1484.2857142857142
07-08 00:45,1484.2857142857142
07-08 01:00,1484.2857142857142
07-08 01:15,1484.2857142857142
07-08 01:30,2190.31833921
07-08 01:45,1484.2857142857142
07-08 02:00,0.0
07-08 02:15,0.0
07-08 02:30,0.0
07-08 02:45,0.0
07-08 03:00,1484.2857142857142
07-08 03:15,1484.2857142857142
07-08 03:30,1484.2857142857142
07-08 03:45,1484.2857142857142
07-08 04:00,1484.2857142857142
07-08 04:15,2467.3736522814283
07-08 04:30,8219.175049928572
07-08 04:45,2465.534358992857
07-08 05:00,363.6407540385725
07-08 05:15,0.0
07-08 05:30,3446.4077635142853
07-08 05:45,0.0
07-08 06:00,0.0
07-08 06:15,689.2353233428574
07-08 06:30,4504.354611842858
07-08 06:45,2854.6156027285715
07-08 07:00,3172.307976842857
07-08 07:15,3385.073846
07-08 07:30,4781.927367014286
07-08 07:45,2740.969657285714
07-08 08:00,2419.8630754000005
07-08 08:15,7666.836860542858
07-08 08:30,8398.2832656
07-08 08:45,14244.518351428573
07-08 09:00,9435.226294585716
07-08 09:15,876.7176661285716
07-08 09:30,15093.31942057143
07-08 09:45,12736.368710942856
07-08 10:00,6416.646110742858
07-08 10:15,3905.562073114286
07-08 10:30,3576.6380129857152
07-08 10:45,10742.602145600002
07-08 11:00,1673.0229368
07-08 11:15,8236.4065771
07-08 11:30,6042.641946814286
07-08 11:45,16455.716560428573
07-08 12:00,1562.1493788285716
07-08 12:15,5728.014324457143
07-08 12:30,2479.92716915
07-08 12:45,12999.638982328574
07-08 13:00,3999.809009157144
07-08 13:15,10333.149434142855
07-08 13:30,24214.394644000004
07-08 13:45,13262.910394657143
07-08 14:00,16456.192735285716
07-08 14:15,9018.977224185715
07-08 14:30,11363.268056942858
07-08 14:45,8940.173503285714
07-08 15:00,9440.040894314285
07-08 15:15,14287.217221542856
07-08 15:30,9209.216995214285
07-08 15:45,14735.197472028573
07-08 16:00,13316.618667114288
07-08 16:15,6928.6204254714285
07-08 16:30,9388.470316257142
07-08 16:45,10201.858684885714
07-08 17:00,7557.691628957144
07-08 17:15,9945.9852482
07-08 17:30,2871.4902880428576
07-08 17:45,6195.285704614285
07-08 18:00,5642.503132957144
07-08 18:15,8829.473485328572
07-08 18:30,5836.1327664
07-08 18:45,10067.136451385712
07-08 19:00,10540.535837657144
07-08 19:15,3076.673474828572
07-08 19:30,3085.454396514285
07-08 19:45,0.0
07-08 20:00,3031.405675942857
07-08 20:15,365.62767944285736
07-08 20:30,7235.336784357144
07-08 20:45,0.0
07-08 21:00,0.0
07-08 21:15,4293.489299142857
07-08 21:30,0.0
07-08 21:45,10811.089882314283
07-08 22:00,1484.2857142857142
07-08 22:15,1906.1164985928567
07-08 22:30,3559.4248914857144
07-08 22:45,3872.9876668571424
07-08 23:00,2221.9183976642857
07-08 23:15,2557.3762628857144
07-08 23:30,2384.8940784657143
07-08 23:45,1484.2857142857142
07-09 00:00,1484.2857142857142
07-09 00:15,2062.6963966314283
07-09 00:30,1484.2857142857142
07-09 00:45,1484.2857142857142
07-09 01:00,1484.2857142857142
07-09 01:15,1484.2857142857142
07-09 01:30,1907.243067628572
07-09 01:45,1484.2857142857142
07-09 02:00,1699.2763443328572
07-09 02:15,1484.2857142857142
07-09 02:30,1484.2857142857142
07-09 02:45,1484.2857142857142
07-09 03:00,1734.768106975714
07-09 03:15,1484.2857142857142
07-09 03:30,5901.236395628571
07-09 03:45,2007.8798473671432
07-09 04:00,2067.4478724185715
07-09 04:15,1484.2857142857142
07-09 04:30,2616.489881904285
07-09 04:45,1600.958737944857
07-09 05:00,0.0
07-09 05:15,1497.162302389999
07-09 05:30,1002.1785565314289
07-09 05:45,0.0
07-09 06:00,7759.480724785715
07-09 06:15,5709.950649457144
07-09 06:30,8172.454561614288
07-09 06:45,6205.854285742858
07-09 07:00,2141.676776385714
07-09 07:15,8227.525815785715
07-09 07:30,19014.98903642857
07-09 07:45,18712.831140857143
07-09 08:00,8361.353345900001
07-09 08:15,607.6808970142857
07-09 08:30,10638.701538357143
07-09 08:45,10578.722578371428
07-09 09:00,171.30894825714282
07-09 09:15,8715.820063771429
07-09 09:30,28.078741742857247
07-09 09:45,11462.1701555
07-09 10:00,5784.002304057143
07-09 10:15,0.0
07-09 10:30,1056.0534783571431
07-09 10:45,6049.643796714287
07-09 11:00,6001.095696500001
07-09 11:15,15719.785705428574
07-09 11:30,12822.093391714288
07-09 11:45,4476.5146036
07-09 12:00,10130.509493942856
07-09 12:15,4223.510316985714
07-09 12:30,8884.414878328573
07-09 12:45,4009.648328357143
07-09 13:00,14982.559868
07-09 13:15,3873.180127728572
07-09 13:30,8526.831167900002
07-09 13:45,6409.711068471428
07-09 14:00,5524.536870385714
07-09 14:15,15590.019982371428
07-09 14:30,8678.892232328571
07-09 14:45,7482.764756185715
07-09 15:00,5371.833137571429
07-09 15:15,6046.265424557143
07-09 15:30,9922.047537699998
07-09 15:45,10763.494976828571
07-09 16:00,5849.277455457144
07-09 16:15,3648.616714828572
07-09 16:30,11376.882162457145
07-09 16:45,10278.884988767146
07-09 17:00,12085.061121714289
07-09 17:15,6682.7416997
07-09 17:30,13884.506469285716
07-09 17:45,14533.741582142857
07-09 18:00,6416.470560185715
07-09 18:15,2301.1936856285715
07-09 18:30,8305.608601214286
07-09 18:45,6260.349809642858
07-09 19:00,1919.833956442857
07-09 19:15,4590.482372942859
07-09 19:30,10201.14576677143
07-09 19:45,1928.6134262857145
07-09 20:00,0.0
07-09 20:15,386.6788994857145
07-09 20:30,0.0
07-09 20:45,0.0
07-09 21:00,1958.6697821142848
07-09 21:15,798.2746492285717
07-09 21:30,0.0
07-09 21:45,4258.419885042858
07-09 22:00,2839.3286678971426
07-09 22:15,6233.904619428571
07-09 22:30,7074.371757071429
07-09 22:45,2037.59042495
07-09 23:00,2138.15609345
07-09 23:15,2397.72453046
07-09 23:30,2018.2706495757143
07-09 23:45,1484.2857142857142
07-10 00:00,1484.2857142857142
07-10 00:15,1484.2857142857142
07-10 00:30,1484.2857142857142
07-10 00:45,1484.2857142857142
07-10 01:00,1484.2857142857142
07-10 01:15,1484.2857142857142
07-10 01:30,2124.348048955714
07-10 01:45,1484.2857142857142
07-10 02:00,1484.2857142857142
07-10 02:15,1484.2857142857142
07-10 02:30,1484.2857142857142
07-10 02:45,1982.75333898
07-10 03:00,1484.2857142857142
07-10 03:15,1905.858884655714
07-10 03:30,1484.2857142857142
07-10 03:45,1484.2857142857142
07-10 04:00,7455.072021785713
07-10 04:15,1756.6455530128571
07-10 04:30,4843.591127114285
07-10 04:45,5780.255789842859
07-10 05:00,0.0
07-10 05:15,574.4931154285715
07-10 05:30,0.0
07-10 05:45,0.0
07-10 06:00,4021.646039200001
07-10 06:15,3063.2476801000003
07-10 06:30,1030.7272081571432
07-10 06:45,0.0
07-10 07:00,1371.8570751000002
07-10 07:15,5997.660474714287
07-10 07:30,5508.9672356857145
07-10 07:45,20353.53026957143
07-10 08:00,12287.881195928574
07-10 08:15,7514.539194328572
07-10 08:30,3779.2503530142862
07-10 08:45,8692.824893985713
07-10 09:00,16035.972920285716
07-10 09:15,7791.993731942857
07-10 09:30,12690.973148528574
07-10 09:45,10821.473967242857
07-10 10:00,16663.552490000002
07-10 10:15,5463.204132642858
07-10 10:30,6772.589372128571
07-10 10:45,9574.366972028572
07-10 11:00,9546.38844087143
07-10 11:15,17942.710945428567
07-10 11:30,11139.079493257144
07-10 11:45,4211.385840000708
07-10 12:00,6875.881432785714
07-10 12:15,9034.671475814284
07-10 12:30,2640.08955601
07-10 12:45,10042.872347
07-10 13:00,7867.295473185714
07-10 13:15,8632.916267771428
07-10 13:30,12067.533215485715
07-10 13:45,5363.300025514285
07-10 14:00,7711.310518214285
07-10 14:15,12015.630130385716
07-10 14:30,9898.961588642856
07-10 14:45,20963.16124828572
07-10 15:00,5723.098617814286
07-10 15:15,6466.293579414286
07-10 15:30,5437.539014242857
07-10 15:45,5959.811429371428
07-10 16:00,3270.7860975000003
07-10 16:15,13596.10303
07-10 16:30,12910.594698857143
07-10 16:45,3214.560485914286
07-10 17:00,2868.5252879000004
07-10 17:15,11875.883951471427
07-10 17:30,4848.028022671429
07-10 17:45,2284.474944928572
07-10 18:00,9833.246817457144
07-10 18:15,3685.0311136142864
07-10 18:30,1660.7423722142855
07-10 18:45,7731.379559742857
07-10 19:00,75.71919678571452
07-10 19:15,0.0
07-10 19:30,0.0
07-10 19:45,8078.15556597143
07-10 20:00,0.0
07-10 20:15,0.0
07-10 20:30,6260.159252814286
07-10 20:45,676.6425307714288
07-10 21:00,3743.1727181142855
07-10 21:15,0.0
07-10 21:30,0.0
07-10 21:45,0.0
07-10 22:00,63.03083250000016
07-10 22:15,0.0
07-10 22:30,0.0
07-10 22:45,2702.579824457143
07-10 23:00,2767.2249270757143
07-10 23:15,1484.2857142857142
07-10 23:30,1484.2857142857142
07-10 23:45,3019.1640344
07-11 00:00,1484.2857142857142
07-11 00:15,2178.524396482857
07-11 00:30,1484.2857142857142
07-11 00:45,1843.3790989
07-11 01:00,1484.2857142857142
07-11 01:15,1484.2857142857142
07-11 01:30,1484.2857142857142
07-11 01:45,1484.2857142857142
07-11 02:00,1484.2857142857142
07-11 02:15,2049.533038427143
07-11 02:30,1484.2857142857142
07-11 02:45,1484.2857142857142
07-11 03:00,2073.130501728572
07-11 03:15,1484.2857142857142
07-11 03:30,5660.280508328571
07-11 03:45,1484.2857142857142
07-11 04:00,2211.0839000914284
07-11 04:15,2312.907465362857
07-11 04:30,6405.031630857143
07-11 04:45,3002.9839666
07-11 05:00,0.0
07-11 05:15,0.0
07-11 05:30,5109.062150201433
07-11 05:45,3254.754735142857
07-11 06:00,4916.87841367143
07-11 06:15,3397.241888042857
07-11 06:30,2289.3375812857144
07-11 06:45,8250.532976657143
07-11 07:00,1462.1993274142858
07-11 07:15,13619.333544857143
07-11 07:30,3599.494240057142
07-11 07:45,7019.560690471429
07-11 08:00,5152.339004357144
07-11 08:15,1324.096469457143
07-11 08:30,8153.701374200001
07-11 08:45,18436.50682242857
07-11 09:00,6931.941646442858
07-11 09:15,3118.987721685715
07-11 09:30,9205.289098614288
07-11 09:45,4893.586574842858
07-11 10:00,12349.439245485715
07-11 10:15,2845.3083136428577
07-11 10:30,5732.835192014287
07-11 10:45,1891.4977819428573
07-11 11:00,1614.286815142857
07-11 11:15,10530.6627977
07-11 11:30,7630.054866871429
07-11 11:45,1295.303087857143
07-11 12:00,540.2991326142859
07-11 12:15,20521.846653428573
07-11 12:30,3432.8105833714294
07-11 12:45,6045.963073357144
07-11 13:00,14751.7438952
07-11 13:15,8097.864928128571
07-11 13:30,8911.5930498
07-11 13:45,4864.509867948619
07-11 14:00,6026.320182928571
07-11 14:15,4854.822411585715
07-11 14:30,6529.174906271429
07-11 14:45,18032.343727857144
07-11 15:00,16781.581422857143
07-11 15:15,10369.730093171427
07-11 15:30,17946.010682142856
07-11 15:45,16275.158631571428
07-11 16:00,19211.00740014286
07-11 16:15,14236.612308
07-11 16:30,8309.1576807
07-11 16:45,4236.853749485716
07-11 17:00,17120.487765428574
07-11 17:15,6787.922626942857
07-11 17:30,15492.588924857144
07-11 17:45,22733.18838142857
07-11 18:00,7049.4970479
07-11 18:15,5921.558597957143
07-11 18:30,6972.1072902714295
07-11 18:45,10196.557990914283
07-11 19:00,3790.4591104714286
07-11 19:15,4463.34794067143
07-11 19:30,3752.944620442857
07-11 19:45,0.0
07-11 20:00,0.0
07-11 20:15,5419.409378857143
07-11 20:30,0.0
07-11 20:45,5551.654025014286
07-11 21:00,290.7146520428573
07-11 21:15,0.0
07-11 21:30,128.771869057143
07-11 21:45,0.0
07-11 22:00,2057.148334642857
07-11 22:15,1857.2502038314285
07-11 22:30,1484.2857142857142
07-11 22:45,3141.295968585714
07-11 23:00,3602.587591914285
07-11 23:15,1766.301419322857
07-11 23:30,1484.2857142857142
07-11 23:45,2053.043950187143
07-12 00:00,1918.31020964
07-12 00:15,1484.2857142857142
07-12 00:30,6184.632095185715
07-12 00:45,5636.539736914286
07-12 01:00,1484.2857142857142
07-12 01:15,1484.2857142857142
07-12 01:30,2179.843812122857
07-12 01:45,1484.2857142857142
07-12 02:00,1484.2857142857142
07-12 02:15,1484.2857142857142
07-12 02:30,1484.2857142857142
07-12 02:45,2048.7161400214286
07-12 03:00,1484.2857142857142
07-12 03:15,1484.2857142857142
07-12 03:30,1484.2857142857142
07-12 03:45,1484.2857142857142
07-12 04:00,1484.2857142857142
07-12 04:15,1484.2857142857142
07-12 04:30,1484.2857142857142
07-12 04:45,1484.2857142857142
07-12 05:00,0.0
07-12 05:15,0.0
07-12 05:30,0.0
07-12 05:45,0.0
07-12 06:00,10345.454156742857
07-12 06:15,1918.4900964
07-12 06:30,1984.4608618
07-12 06:45,8342.894888242858
07-12 07:00,2899.8579433142854
07-12 07:15,0.0
07-12 07:30,7544.854110057143
07-12 07:45,1527.956491685714
07-12 08:00,2258.1233564285712
07-12 08:15,7916.691357742858
07-12 08:30,3178.104812728572
07-12 08:45,15067.064837285716
07-12 09:00,7686.904084871428
07-12 09:15,3108.4927242428566
07-12 09:30,6777.574857200001
07-12 09:45,14882.056752857145
07-12 10:00,2682.5680331142858
07-12 10:15,9065.347195528571
07-12 10:30,12371.628283542856
07-12 10:45,1851.654934342857
07-12 11:00,2146.1606498285714
07-12 11:15,13012.630763142855
07-12 11:30,2919.7068626
07-12 11:45,2940.802695142857
07-12 12:00,11233.719418397144
07-12 12:15,18204.223930142856
07-12 12:30,10246.525708042856
07-12 12:45,21261.82277385714
07-12 13:00,5886.879850685715
07-12 13:15,23096.83911157143
07-12 13:30,9486.844549242856
07-12 13:45,16184.955560142856
07-12 14:00,20835.617235857146
07-12 14:15,23344.838538714288
07-12 14:30,11261.98462632857
07-12 14:45,5437.421747728571
07-12 15:00,6331.2968206000005
07-12 15:15,8698.019152057142
07-12 15:30,11754.478193185716
07-12 15:45,6866.828116185714
07-12 16:00,15024.528335142855
07-12 16:15,13436.051471285717
07-12 16:30,3007.1078661
07-12 16:45,13102.820498142855
07-12 17:00,7405.358303600001
07-12 17:15,12873.932873285714
07-12 17:30,8535.709972542858
07-12 17:45,4511.241383257143
07-12 18:00,6581.203315071429
07-12 18:15,12755.807311242856
07-12 18:30,1141.7797533285716
07-12 18:45,15655.653126142855
07-12 19:00,344.8165421142857
07-12 19:15,172.9167965857143
07-12 19:30,0.0
07-12 19:45,1063.7322718714286
07-12 20:00,6680.155428000001
07-12 20:15,564.6875637285716
07-12 20:30,0.0
07-12 20:45,0.0
07-12 21:00,0.0
07-12 21:15,387.6654496714286
07-12 21:30,637.5668769857144
07-12 21:45,0.0
07-12 22:00,4892.702210485715
07-12 22:15,622.3418101628572
07-12 22:30,2750.666479064286
07-12 22:45,56.1402035857144
07-12 23:00,0.0
07-12 23:15,1071.2900865528572
07-12 23:30,0.0
07-12 23:45,812.3279046885715
07-13 00:00,222.61631633714288
07-13 00:15,462.3351141871429
07-13 00:30,4263.257863321429
07-13 00:45,0.0
07-13 01:00,1484.2857142857142
07-13 01:15,1484.2857142857142
07-13 01:30,7398.639905628572
07-13 01:45,1484.2857142857142
07-13 02:00,2886.554748587143
07-13 02:15,2356.8609525314287
07-13 02:30,2094.4392697485714
07-13 02:45,2519.927464174286
07-13 03:00,1904.706299884286
07-13 03:15,1484.2857142857142
07-13 03:30,1484.2857142857142
07-13 03:45,2074.5244823242856
07-13 04:00,1484.2857142857142
07-13 04:15,1484.2857142857142
07-13 04:30,2586.36975159
07-13 04:45,1484.2857142857142
07-13 05:00,1905.9467099214287
07-13 05:15,1484.2857142857142
07-13 05:30,2092.603366452857
07-13 05:45,1484.2857142857142
07-13 06:00,1484.2857142857142
07-13 06:15,2125.915301835714
07-13 06:30,3324.3767534571425
07-13 06:45,251.1859640571431
07-13 07:00,65.11295408571443
07-13 07:15,2515.8563455857147
07-13 07:30,2196.747724842857
07-13 07:45,3856.808167014286
07-13 08:00,2981.402422957144
07-13 08:15,4334.200905428572
07-13 08:30,1691.303160385714
07-13 08:45,4070.068781742858
07-13 09:00,2539.147573114285
07-13 09:15,2628.712192014286
07-13 09:30,4815.134475299999
07-13 09:45,4803.688237514286
07-13 10:00,2910.349001428572
07-13 10:15,2079.6023113
07-13 10:30,2921.3546533142853
07-13 10:45,10704.960807328573
07-13 11:00,7841.4007679000015
07-13 11:15,1898.282089
07-13 11:30,8728.339955185713
07-13 11:45,9055.87492087143
07-13 12:00,6970.061511328571
07-13 12:15,4933.133335
07-13 12:30,10167.9248683
07-13 12:45,6028.6684696428565
07-13 13:00,9482.373560385711
07-13 13:15,15791.99472442857
07-13 13:30,6998.097583514285
07-13 13:45,3382.530480871428
07-13 14:00,7371.717293114285
07-13 14:15,6149.604559714286
07-13 14:30,5744.2400173000005
07-13 14:45,4862.901705385714
07-13 15:00,13713.765935971427
07-13 15:15,11471.025909342856
07-13 15:30,10352.131807242857
07-13 15:45,9107.80852502857
07-13 16:00,5483.517628471428
07-13 16:15,11159.207105114285
07-13 16:30,15714.624945928572
07-13 16:45,20747.77467257143
07-13 17:00,5268.121523385715
07-13 17:15,4220.375457728572
07-13 17:30,300.1396774285716
07-13 17:45,5199.897374000001
07-13 18:00,0.0
07-13 18:15,1289.245778614286
07-13 18:30,921.7860103571433
07-13 18:45,644.1960410142857
07-13 19:00,3581.2274256714286
07-13 19:15,1648.0996831285715
07-13 19:30,3508.245819685715
07-13 19:45,0.0
07-13 20:00,0.0
07-13 20:15,0.0
07-13 20:30,4825.168337985716
07-13 20:45,144.12386131428573
07-13 21:00,4396.345818471429
07-13 21:15,0.0
07-13 21:30,0.0
07-13 21:45,0.0
07-13 22:00,0.0
07-13 22:15,10.77959285714287
07-13 22:30,3600.246740271429
07-13 22:45,3021.132834742857
07-13 23:00,0.0
07-13 23:15,6567.766375225663
07-13 23:30,0.0
07-13 23:45,4364.603295085715
07-14 00:00,1484.2857142857142
07-14 00:15,1484.2857142857142
07-14 00:30,1928.6214169771429
07-14 00:45,2049.3364630771425
07-14 01:00,1484.2857142857142
07-14 01:15,1484.2857142857142
07-14 01:30,1484.2857142857142
07-14 01:45,1484.2857142857142
07-14 02:00,2192.847731792857
07-14 02:15,2660.174126582857
07-14 02:30,2017.2005863814288
07-14 02:45,1484.2857142857142
07-14 03:00,1484.2857142857142
07-14 03:15,1484.2857142857142
07-14 03:30,2762.243331375714
07-14 03:45,2108.327537722857
07-14 04:00,1484.2857142857142
07-14 04:15,8569.450639285715
07-14 04:30,1484.2857142857142
07-14 04:45,2475.4839645685715
07-14 05:00,1484.2857142857142
07-14 05:15,1484.2857142857142
07-14 05:30,1484.2857142857142
07-14 05:45,1484.2857142857142
07-14 06:00,2600.5187883542853
07-14 06:15,1855.584269587143
07-14 06:30,2790.708756328572
07-14 06:45,1484.2857142857142
07-14 07:00,11389.020622842856
07-14 07:15,13385.289854299996
07-14 07:30,2748.80210608
07-14 07:45,11099.242831742857
07-14 08:00,6753.899150842857
07-14 08:15,0.0
07-14 08:30,4350.215397457143
07-14 08:45,1583.9767737000004
07-14 09:00,2204.198282228572
07-14 09:15,8233.61688007143
07-14 09:30,5106.878255057143
07-14 09:45,7514.116988842858
07-14 10:00,3597.9385024714284
07-14 10:15,3265.640686957143
07-14 10:30,2700.264323314286
07-14 10:45,14328.281443428572
07-14 11:00,14449.266961428571
07-14 11:15,9389.329830200002
07-14 11:30,17010.013332714287
07-14 11:45,16581.603551285712
07-14 12:00,15200.707710757144
07-14 12:15,6284.034334242857
07-14 12:30,25646.132100142862
07-14 12:45,14397.483854142858
07-14 13:00,6496.341075471429
07-14 13:15,10298.85815782857
07-14 13:30,20182.183426857144
07-14 13:45,14975.654661342858
07-14 14:00,16491.331889
07-14 14:15,15183.931348
07-14 14:30,13193.851977171427
07-14 14:45,24877.49032271429
07-14 15:00,10600.531285342857
07-14 15:15,17113.18270757143
07-14 15:30,6251.859781342857
07-14 15:45,13805.377207957144
07-14 16:00,10946.398859814286
07-14 16:15,3351.266864157143
07-14 16:30,21239.26882042857
07-14 16:45,13367.811512471428
07-14 17:00,10885.30535547143
07-14 17:15,3342.4104109142863
07-14 17:30,6895.760302142859
07-14 17:45,11400.721618828573
07-14 18:00,9781.583289528571
07-14 18:15,3723.3981567142864
07-14 18:30,11644.349030614288
07-14 18:45,4685.664725228572
07-14 19:00,19.44809204285715
07-14 19:15,0.0
07-14 19:30,2567.676004657143
07-14 19:45,9534.542047614286
07-14 20:00,0.0
07-14 20:15,473.530379957143
07-14 20:30,0.0
07-14 20:45,310.9399775428574
07-14 21:00,0.0
07-14 21:15,0.0
07-14 21:30,0.0
07-14 21:45,0.0
07-14 22:00,292.25462845714287
07-14 22:15,0.0
07-14 22:30,0.0
07-14 22:45,0.0
07-14 23:00,0.0
07-14 23:15,0.0
07-14 23:30,0.0
07-14 23:45,0.0
07-15 00:00,2548.6750353042853
07-15 00:15,1484.2857142857142
07-15 00:30,1484.2857142857142
07-15 00:45,1864.947516895708
07-15 01:00,1484.2857142857142
07-15 01:15,1484.2857142857142
07-15 01:30,1484.2857142857142
07-15 01:45,1484.2857142857142
07-15 02:00,1945.8226119414285
07-15 02:15,1484.2857142857142
07-15 02:30,1484.2857142857142
07-15 02:45,1484.2857142857142
07-15 03:00,1749.6834512385713
07-15 03:15,1484.2857142857142
07-15 03:30,1484.2857142857142
07-15 03:45,1992.2073408571423
07-15 04:00,0.0
07-15 04:15,0.0
07-15 04:30,492.98004062714136
07-15 04:45,463.95396894
07-15 05:00,0.0
07-15 05:15,1061.782014357143
07-15 05:30,1280.6427274142857
07-15 05:45,5361.499928428571
07-15 06:00,12669.099436285716
07-15 06:15,4037.2109144857136
07-15 06:30,2201.938577485714
07-15 06:45,7534.971280542857
07-15 07:00,3465.434675571428
07-15 07:15,1841.366479357143
07-15 07:30,6503.901372914286
07-15 07:45,10041.250331857143
07-15 08:00,11861.842382557144
07-15 08:15,12306.421888385716
07-15 08:30,302.7668725142859
07-15 08:45,2326.932012728572
07-15 09:00,8127.14637667143
07-15 09:15,8668.024243671429
07-15 09:30,7291.937664942857
07-15 09:45,9499.932522071427
07-15 10:00,13277.600812428573
07-15 10:15,356.58000191428584
07-15 10:30,2592.0112045285714
07-15 10:45,5163.151292971429
07-15 11:00,6004.004476128573
07-15 11:15,6885.824164400001
07-15 11:30,3203.323199671428
07-15 11:45,8972.012214157145
07-15 12:00,4449.863977857143
07-15 12:15,118.48650188571445
07-15 12:30,8144.794693485715
07-15 12:45,9031.421719014288
07-15 13:00,3995.4285033142855
07-15 13:15,5617.489467
07-15 13:30,5306.408391485715
07-15 13:45,10518.842631928572
07-15 14:00,10284.040650814286
07-15 14:15,8936.923743857144
07-15 14:30,8042.068643371427
07-15 14:45,9076.219434171428
07-15 15:00,5129.568601628571
07-15 15:15,13386.98431255714
07-15 15:30,16800.775860142858
07-15 15:45,19937.912261142857
07-15 16:00,16592.585640999998
07-15 16:15,13219.738263042858
07-15 16:30,19375.03367557143
07-15 16:45,10927.060786499998
07-15 17:00,13783.374360142856
07-15 17:15,12100.81288367143
07-15 17:30,5804.678064842858
07-15 17:45,5539.311541100001
07-15 18:00,6066.75295887143
07-15 18:15,12227.766977857144
07-15 18:30,15540.970127428573
07-15 18:45,9932.563158414288
07-15 19:00,9221.47470187143
07-15 19:15,4.748447071428582
07-15 19:30,534.8054763142859
07-15 19:45,0.0
07-15 20:00,0.0
07-15 20:15,3340.7420592142857
07-15 20:30,283.0851690857144
07-15 20:45,0.0
07-15 21:00,0.0
07-15 21:15,0.0
07-15 21:30,2772.877074028572
07-15 21:45,0.0
07-15 22:00,6067.358792914286
07-15 22:15,6392.251338114286
07-15 22:30,6479.994674414285
07-15 22:45,2115.4756989
07-15 23:00,1484.2857142857142
07-15 23:15,2061.069429487143
07-15 23:30,1484.2857142857142
07-15 23:45,1916.3015134985712
07-16 00:00,1841.0568617142856
07-16 00:15,1484.2857142857142
07-16 00:30,3235.001175228571
07-16 00:45,1484.2857142857142
07-16 01:00,1484.2857142857142
07-16 01:15,1484.2857142857142
07-16 01:30,1950.5871051957145
07-16 01:45,1484.2857142857142
07-16 02:00,1484.2857142857142
07-16 02:15,1484.2857142857142
07-16 02:30,1484.2857142857142
07-16 02:45,1484.2857142857142
07-16 03:00,2371.416647522857
07-16 03:15,2047.702970991428
07-16 03:30,1484.2857142857142
07-16 03:45,1484.2857142857142
07-16 04:00,1484.2857142857142
07-16 04:15,6250.8195370428575
07-16 04:30,2085.954809871428
07-16 04:45,2054.6384358
07-16 05:00,3290.170560071429
07-16 05:15,2691.402080565714
07-16 05:30,3006.351858614285
07-16 05:45,1904.0063729614285
07-16 06:00,291.8963977
07-16 06:15,7008.378473671429
07-16 06:30,12389.84784597143
07-16 06:45,12306.636909228571
07-16 07:00,6689.138943100001
07-16 07:15,5624.540121914286
07-16 07:30,2722.0539893857144
07-16 07:45,3071.268406357143
07-16 08:00,16932.85199685714
07-16 08:15,5790.974094371431
07-16 08:30,7220.489449114286
07-16 08:45,2916.6057479428573
07-16 09:00,3711.011322814285
07-16 09:15,6995.150949285715
07-16 09:30,12922.894603428573
07-16 09:45,12114.522600314289
07-16 10:00,8993.559937528571
07-16 10:15,6252.975641028572
07-16 10:30,10093.2075304
07-16 10:45,21926.35953757143
07-16 11:00,10979.898990138552
07-16 11:15,9811.733276442856
07-16 11:30,8020.121849628572
07-16 11:45,8284.100584400001
07-16 12:00,7004.297886957143
07-16 12:15,13155.813939042857
07-16 12:30,11156.632500142858
07-16 12:45,14941.041476014288
07-16 13:00,7194.922829885714
07-16 13:15,13949.088588142857
07-16 13:30,7780.000295871428
07-16 13:45,11519.440612085717
07-16 14:00,5728.707134271429
07-16 14:15,10265.993378042858
07-16 14:30,12444.287487014288
07-16 14:45,5662.722930485714
07-16 15:00,4133.1126669
07-16 15:15,10631.0927013
07-16 15:30,5707.694942957142
07-16 15:45,14233.171137185716
07-16 16:00,21009.818649714285
07-16 16:15,8474.161705100001
07-16 16:30,17927.889829285716
07-16 16:45,18863.10318885714
07-16 17:00,1493.8723281571429
07-16 17:15,3931.934458642857
07-16 17:30,7259.414095271429
07-16 17:45,7080.023337628572
07-16 18:00,142.14151805714295
07-16 18:15,1335.3763453428571
07-16 18:30,5416.949684542857
07-16 18:45,3408.509600057143
07-16 19:00,0.0
07-16 19:15,0.0
07-16 19:30,339.18382752857144
07-16 19:45,0.0
07-16 20:00,0.0
07-16 20:15,5411.247341557143
07-16 20:30,6382.301292342858
07-16 20:45,0.0
07-16 21:00,0.0
07-16 21:15,0.0
07-16 21:30,0.0
07-16 21:45,0.0
07-16 22:00,0.0
07-16 22:15,0.0
07-16 22:30,0.0
07-16 22:45,5414.6784806714295
07-16 23:00,1484.2857142857142
07-16 23:15,1484.2857142857142
07-16 23:30,1484.2857142857142
07-16 23:45,2488.72788514
07-17 00:00,1484.2857142857142
07-17 00:15,1484.2857142857142
07-17 00:30,1484.2857142857142
07-17 00:45,1484.2857142857142
07-17 01:00,5420.425379299999
07-17 01:15,1484.2857142857142
07-17 01:30,1484.2857142857142
07-17 01:45,1484.2857142857142
07-17 02:00,1484.2857142857142
07-17 02:15,1484.2857142857142
07-17 02:30,1484.2857142857142
07-17 02:45,1484.2857142857142
07-17 03:00,2099.870153234285
07-17 03:15,1484.2857142857142
07-17 03:30,1484.2857142857142
07-17 03:45,1997.5199366528568
07-17 04:00,2627.41745593
07-17 04:15,1484.2857142857142
07-17 04:30,2322.5410579585714
07-17 04:45,1484.2857142857142
07-17 05:00,0.0
07-17 05:15,0.0
07-17 05:30,0.0
07-17 05:45,0.0
07-17 06:00,7952.8504147428575
07-17 06:15,14692.004582428572
07-17 06:30,11676.435804042856
07-17 06:45,18426.90866742857
07-17 07:00,115.39237178571447
07-17 07:15,2787.963386771429
07-17 07:30,1703.0562676999998
07-17 07:45,15002.728475000002
07-17 08:00,6622.179122228572
07-17 08:15,7376.749530557144
07-17 08:30,6514.2520721571445
07-17 08:45,4783.567484228572
07-17 09:00,11160.17408622857
07-17 09:15,17190.585440857147
07-17 09:30,8800.915512685715
07-17 09:45,794.3449455428572
07-17 10:00,5327.493004485715
07-17 10:15,3835.388030285714
07-17 10:30,5400.657463914286
07-17 10:45,7960.0262846
07-17 11:00,9546.8256758
07-17 11:15,4333.875069857144
07-17 11:30,1356.7027439857145
07-17 11:45,12515.249541614286
07-17 12:00,4842.241316085714
07-17 12:15,8516.240789171428
07-17 12:30,5782.982687857142
07-17 12:45,12501.285800085714
07-17 13:00,2409.734101317143
07-17 13:15,12456.827072885715
07-17 13:30,10410.396130785712
07-17 13:45,7603.503532842856
07-17 14:00,18724.965726714283
07-17 14:15,3540.012478014286
07-17 14:30,24517.040403142862
07-17 14:45,6507.113319085714
07-17 15:00,8652.332914614286
07-17 15:15,10186.360748514286
07-17 15:30,7921.719064542857
07-17 15:45,9295.248460028572
07-17 16:00,5658.9377561857145
07-17 16:15,7989.892823514286
07-17 16:30,2752.5547400857145
07-17 16:45,10140.861150714289
07-17 17:00,12863.089558428572
07-17 17:15,4976.622619728571
07-17 17:30,3480.307955928571
07-17 17:45,14041.050582714286
07-17 18:00,2890.4847040428576
07-17 18:15,3257.5371159714286
07-17 18:30,1919.238180928572
07-17 18:45,2854.6803919428576
07-17 19:00,8013.535202828572
07-17 19:15,4764.871178671429
07-17 19:30,2646.6983304857145
07-17 19:45,2545.9598970857146
07-17 20:00,0.0
07-17 20:15,663.7116712428574
07-17 20:30,8162.659548171429
07-17 20:45,132.16029625714285
07-17 21:00,2656.778387028572
07-17 21:15,0.0
07-17 21:30,0.0
07-17 21:45,0.0
07-17 22:00,4131.446489685714
07-17 22:15,0.0
07-17 22:30,0.0
07-17 22:45,4871.096264728572
07-17 23:00,1484.2857142857142
07-17 23:15,1965.2375141142857
07-17 23:30,2730.743918438571
07-17 23:45,2084.6080322385715
07-18 00:00,1484.2857142857142
07-18 00:15,1484.2857142857142
07-18 00:30,1484.2857142857142
07-18 00:45,1484.2857142857142
07-18 01:00,1484.2857142857142
07-18 01:15,2188.5120535514284
07-18 01:30,1484.2857142857142
07-18 01:45,1484.2857142857142
07-18 02:00,1484.2857142857142
07-18 02:15,1484.2857142857142
07-18 02:30,1484.2857142857142
07-18 02:45,1484.2857142857142
07-18 03:00,2538.8176287828574
07-18 03:15,1484.2857142857142
07-18 03:30,2108.1492445114286
07-18 03:45,1484.2857142857142
07-18 04:00,1484.2857142857142
07-18 04:15,2155.9050057314284
07-18 04:30,2056.72580915
07-18 04:45,1943.6645186685712
07-18 05:00,2019.8092297000003
07-18 05:15,0.0
07-18 05:30,3384.661442214286
07-18 05:45,0.0
07-18 06:00,463.0583143285714
07-18 06:15,6336.489194357144
07-18 06:30,1479.2892547714284
07-18 06:45,13972.692841857144
07-18 07:00,6608.1574526
07-18 07:15,1716.4742133571433
07-18 07:30,14394.349901285714
07-18 07:45,11907.921173200002
07-18 08:00,4253.853098342859
07-18 08:15,6216.96299577143
07-18 08:30,8124.407130657143
07-18 08:45,17546.00667314286
07-18 09:00,2651.2528364714285
07-18 09:15,8880.428816685715
07-18 09:30,1036.834933557143
07-18 09:45,6472.389788885715
07-18 10:00,5217.708542220051
07-18 10:15,13807.633173714286
07-18 10:30,2087.7820716428573
07-18 10:45,7375.364691942858
07-18 11:00,10135.046585985714
07-18 11:15,8739.722704342856
07-18 11:30,5718.931775500001
07-18 11:45,10314.108259071429
07-18 12:00,3516.433225185714
07-18 12:15,10460.4520446
07-18 12:30,6567.013511614286
07-18 12:45,8724.053275642858
07-18 13:00,6420.302214857144
07-18 13:15,9899.676456414283
07-18 13:30,8002.484753571428
07-18 13:45,9528.533684071428
07-18 14:00,5413.199503085714
07-18 14:15,9434.727274942856
07-18 14:30,5588.382433614285
07-18 14:45,9001.308676800001
07-18 15:00,24818.96239342857
07-18 15:15,9830.061419214286
07-18 15:30,15639.9785152
07-18 15:45,5273.098201185714
07-18 16:00,11602.702634485717
07-18 16:15,9528.7394606
07-18 16:30,8944.205126285715
07-18 16:45,12889.738171714283
07-18 17:00,22125.051338142857
07-18 17:15,9374.770067814286
07-18 17:30,16412.22437914286
07-18 17:45,7548.193835771428
07-18 18:00,7295.083540600001
07-18 18:15,893.6420559142858
07-18 18:30,1837.3261941428573
07-18 18:45,376.0403051428573
07-18 19:00,3256.3789080714287
07-18 19:15,2245.3841060428576
07-18 19:30,1377.6787589285716
07-18 19:45,0.0
07-18 20:00,12247.621479042857
07-18 20:15,303.91629727142873
07-18 20:30,0.0
07-18 20:45,0.0
07-18 21:00,0.0
07-18 21:15,0.0
07-18 21:30,0.0
07-18 21:45,0.0
07-18 22:00,359.05080268571453
07-18 22:15,0.0
07-18 22:30,0.0
07-18 22:45,0.0
07-18 23:00,1484.2857142857142
07-18 23:15,2227.68396709
07-18 23:30,1484.2857142857142
07-18 23:45,1694.4499338328571
07-19 00:00,2143.162276431429
07-19 00:15,1484.2857142857142
07-19 00:30,1484.2857142857142
07-19 00:45,1484.2857142857142
07-19 01:00,1484.2857142857142
07-19 01:15,1929.82265818
07-19 01:30,1484.2857142857142
07-19 01:45,2080.042604431429
07-19 02:00,6906.0429329
07-19 02:15,2369.093402328572
07-19 02:30,1484.2857142857142
07-19 02:45,2459.7504585414285
07-19 03:00,1484.2857142857142
07-19 03:15,1484.2857142857142
07-19 03:30,1484.2857142857142
07-19 03:45,1484.2857142857142
07-19 04:00,1484.2857142857142
07-19 04:15,1484.2857142857142
07-19 04:30,1484.2857142857142
07-19 04:45,1484.2857142857142
07-19 05:00,1484.2857142857142
07-19 05:15,2104.7100116314286
07-19 05:30,1484.2857142857142
07-19 05:45,1484.2857142857142
07-19 06:00,9757.044812614287
07-19 06:15,9786.788717828573
07-19 06:30,4284.808290642857
07-19 06:45,2300.998620285715
07-19 07:00,7097.388831514286
07-19 07:15,12781.673672042858
07-19 07:30,683.4345736714287
07-19 07:45,6225.301134314286
07-19 08:00,8799.565921414287
07-19 08:15,4283.574839957144
07-19 08:30,15437.488567142858
07-19 08:45,2886.207873171429
07-19 09:00,8019.710304557144
07-19 09:15,4757.762317942857
07-19 09:30,5938.962813157144
07-19 09:45,7607.095632800001
07-19 10:00,5840.6741727
07-19 10:15,1535.6237939714283
07-19 10:30,988.3156233857144
07-19 10:45,16713.219178428575
07-19 11:00,11470.331170971427
07-19 11:15,14407.244371714289
07-19 11:30,2898.2635690000006
07-19 11:45,10104.777875214286
07-19 12:00,15016.756916814284
07-19 12:15,14678.5537886
07-19 12:30,8181.430651428572
07-19 12:45,17835.885093428573
07-19 13:00,24426.710198
07-19 13:15,13576.379652571428
07-19 13:30,9686.190764085712
07-19 13:45,10945.967157442856
07-19 14:00,12867.816341042855
07-19 14:15,3928.5290153857145
07-19 14:30,8582.854714285715
07-19 14:45,4344.149874028572
07-19 15:00,9264.050238985714
07-19 15:15,16743.83240042857
07-19 15:30,12738.042920842858
07-19 15:45,18425.42660657143
07-19 16:00,11766.671832457145
07-19 16:15,7138.890261414285
07-19 16:30,14246.482242857142
07-19 16:45,2809.4784949
07-19 17:00,6503.944467985715
07-19 17:15,9007.604256528572
07-19 17:30,22629.198025428574
07-19 17:45,1614.3958379285718
07-19 18:00,6271.030392685715
07-19 18:15,7487.720730814286
07-19 18:30,2036.713831214286
07-19 18:45,4967.561973000001
07-19 19:00,0.0
07-19 19:15,0.0
07-19 19:30,3946.015460600001
07-19 19:45,613.6817109571429
07-19 20:00,472.9575613571429
07-19 20:15,2246.576349385715
07-19 20:30,0.0
07-19 20:45,6326.296750457143
07-19 21:00,0.0
07-19 21:15,511.3344150714288
07-19 21:30,0.0
07-19 21:45,4427.1886027857145
07-19 22:00,36.86637992857162
07-19 22:15,0.0
07-19 22:30,0.0
07-19 22:45,3339.478345257143
07-19 23:00,1837.653997022857
07-19 23:15,1279.6619286714288
07-19 23:30,1521.4089275714286
07-19 23:45,7050.063365642857
07-20 00:00,811.5317816500001
07-20 00:15,755.8193471014285
07-20 00:30,2232.386696627143
07-20 00:45,0.0
07-20 01:00,0.0
07-20 01:15,529.4193826614286
07-20 01:30,0.0
07-20 01:45,0.0
07-20 02:00,1484.2857142857142
07-20 02:15,0.0
07-20 02:30,2554.1271555857143
07-20 02:45,0.0
07-20 03:00,1484.2857142857142
07-20 03:15,1484.2857142857142
07-20 03:30,1484.2857142857142
07-20 03:45,2167.041101788572
07-20 04:00,2094.344426732857
07-20 04:15,1484.2857142857142
07-20 04:30,1484.2857142857142
07-20 04:45,1484.2857142857142
07-20 05:00,0.0
07-20 05:15,1633.8594914685743
07-20 05:30,1484.2857142857142
07-20 05:45,1625.7092036108572
07-20 06:00,0.0
07-20 06:15,0.0
07-20 06:30,0.0
07-20 06:45,0.0
07-20 07:00,1016.379447414286
07-20 07:15,0.0
07-20 07:30,0.0
07-20 07:45,4971.819954300001
07-20 08:00,732.2618827714288
07-20 08:15,0.0
07-20 08:30,2938.118234185715
07-20 08:45,0.0
07-20 09:00,16831.34617657143
07-20 09:15,7464.485344471429
07-20 09:30,5679.583402628572
07-20 09:45,1919.6505772571431
07-20 10:00,11646.16948592857
07-20 10:15,8461.145716885716
07-20 10:30,14487.237097414289
07-20 10:45,9302.0632277
07-20 11:00,9955.829200485714
07-20 11:15,9130.902990971428
07-20 11:30,10125.670643285714
07-20 11:45,3719.191791342857
07-20 12:00,11455.208888642856
07-20 12:15,18801.95134842857
07-20 12:30,14356.261442142855
07-20 12:45,15541.729186814286
07-20 13:00,16990.645402
07-20 13:15,5079.108932328572
07-20 13:30,10196.02679264286
07-20 13:45,12851.646279828572
07-20 14:00,8181.143729357143
07-20 14:15,7800.183612057142
07-20 14:30,6468.880049142857
07-20 14:45,1484.2857142857142
07-20 15:00,6043.630609800001
07-20 15:15,3354.889333571429
07-20 15:30,7917.624865485714
07-20 15:45,10779.464124885715
07-20 16:00,10203.778867642855
07-20 16:15,942.659009314286
07-20 16:30,7150.7518933
07-20 16:45,14209.581919
07-20 17:00,16195.377387714288
07-20 17:15,712.3447156285716
07-20 17:30,6068.084777085715
07-20 17:45,0.0
07-20 18:00,0.0
07-20 18:15,8851.539904257144
07-20 18:30,0.0
07-20 18:45,2316.1365927428574
07-20 19:00,12419.819974857142
07-20 19:15,858.2797146285715
07-20 19:30,152.5060241571428
07-20 19:45,10043.832071214289
07-20 20:00,0.0
07-20 20:15,0.0
07-20 20:30,0.0
07-20 20:45,91.0507581285715
07-20 21:00,0.0
07-20 21:15,0.0
07-20 21:30,1727.7385961714288
07-20 21:45,4899.789019342858
07-20 22:00,282.5002833000001
07-20 22:15,0.0
07-20 22:30,4657.887957414286
07-20 22:45,0.0
07-20 23:00,1484.2857142857142
07-20 23:15,2765.8656807714287
07-20 23:30,0.0
07-20 23:45,329.5279991028575
07-21 00:00,0.0
07-21 00:15,0.0
07-21 00:30,6275.384110214285
07-21 00:45,0.0
07-21 01:00,0.0
07-21 01:15,0.0
07-21 01:30,0.0
07-21 01:45,0.0
07-21 02:00,2439.212764952857
07-21 02:15,2026.981199702857
07-21 02:30,1805.7333969014285
07-21 02:45,1484.2857142857142
07-21 03:00,1484.2857142857142
07-21 03:15,1484.2857142857142
07-21 03:30,1803.7825815
07-21 03:45,1484.2857142857142
07-21 04:00,1484.2857142857142
07-21 04:15,1484.2857142857142
07-21 04:30,1484.2857142857142
07-21 04:45,1484.2857142857142
07-21 05:00,1484.2857142857142
07-21 05:15,1484.2857142857142
07-21 05:30,1484.2857142857142
07-21 05:45,1484.2857142857142
07-21 06:00,1484.2857142857142
07-21 06:15,1819.9789280028567
07-21 06:30,3572.027729185666
07-21 06:45,2808.60474232
07-21 07:00,1858.192341428572
07-21 07:15,1661.9310018857143
07-21 07:30,828.5664386857145
07-21 07:45,0.0
07-21 08:00,449.69033825714297
07-21 08:15,280.7162861714287
07-21 08:30,369.1038543428572
07-21 08:45,78.21939774285738
07-21 09:00,5168.219287642858
07-21 09:15,9391.20862882857
07-21 09:30,4098.282934014285
07-21 09:45,9983.051553157144
07-21 10:00,10505.782916271428
07-21 10:15,4892.4734563428565
07-21 10:30,22700.81802385714
07-21 10:45,9681.10737677143
07-21 11:00,10936.853840757143
07-21 11:15,21951.208807285715
07-21 11:30,16093.00403357143
07-21 11:45,17036.98620814286
07-21 12:00,20879.739654714285
07-21 12:15,19461.366152714283
07-21 12:30,26345.342172714285
07-21 12:45,11924.794922914289
07-21 13:00,13471.65466487143
07-21 13:15,11319.681141714284
07-21 13:30,23641.755921428576
07-21 13:45,11734.237976157145
07-21 14:00,23005.607996857143
07-21 14:15,19657.74121614285
07-21 14:30,14376.69439615714
07-21 14:45,24318.76626342857
07-21 15:00,5539.387071371429
07-21 15:15,16777.31099785714
07-21 15:30,5943.555042114286
07-21 15:45,3773.7674346
07-21 16:00,10295.530268385715
07-21 16:15,10952.660255085711
07-21 16:30,8726.217618099998
07-21 16:45,6128.839597485715
07-21 17:00,4508.063785285714
07-21 17:15,5358.21003785714
07-21 17:30,3499.911516442857
07-21 17:45,3101.060524957143
07-21 18:00,422.0667071857145
07-21 18:15,1604.1768327142863
07-21 18:30,5509.906267214285
07-21 18:45,2180.469729614286
07-21 19:00,0.0
07-21 19:15,136.39308845714294
07-21 19:30,0.0
07-21 19:45,4399.609355814287
07-21 20:00,7796.530003628572
07-21 20:15,0.0
07-21 20:30,4606.773022400001
07-21 20:45,4263.5267038
07-21 21:00,0.0
07-21 21:15,0.0
07-21 21:30,0.0
07-21 21:45,0.0
07-21 22:00,0.0
07-21 22:15,0.0
07-21 22:30,0.0
07-21 22:45,2675.005488828572
07-21 23:00,0.0
07-21 23:15,3238.3167666142854
07-21 23:30,0.0
07-21 23:45,0.0
07-22 00:00,1968.04634586
07-22 00:15,2086.7191074114285
07-22 00:30,1484.2857142857142
07-22 00:45,1484.2857142857142
07-22 01:00,1484.2857142857142
07-22 01:15,1484.2857142857142
07-22 01:30,2219.498773085714
07-22 01:45,5839.7109477
07-22 02:00,1484.2857142857142
07-22 02:15,2102.1364968914286
07-22 02:30,1484.2857142857142
07-22 02:45,1484.2857142857142
07-22 03:00,1484.2857142857142
07-22 03:15,1484.2857142857142
07-22 03:30,2229.230271095714
07-22 03:45,1484.2857142857142
07-22 04:00,481.9339351685716
07-22 04:15,0.0
07-22 04:30,0.0
07-22 04:45,6629.109876514286
07-22 05:00,0.0
07-22 05:15,0.0
07-22 05:30,3563.1643416714287
07-22 05:45,0.0
07-22 06:00,3999.6325744285714
07-22 06:15,0.0
07-22 06:30,883.9526205857145
07-22 06:45,4564.851119057144
07-22 07:00,6581.018680642858
07-22 07:15,4989.3008542
07-22 07:30,1020.3863750285716
07-22 07:45,7787.583816028572
07-22 08:00,21343.824051857144
07-22 08:15,7495.268094728573
07-22 08:30,10025.910430585714
07-22 08:45,691.0192929571431
07-22 09:00,571.1062933142858
07-22 09:15,11099.975181228572
07-22 09:30,2051.6692609142856
07-22 09:45,1231.3329929857146
07-22 10:00,1758.5116240000002
07-22 10:15,5112.967033200001
07-22 10:30,9845.24179922428
07-22 10:45,1730.0228285285716
07-22 11:00,9371.915342585717
07-22 11:15,5505.679676828571
07-22 11:30,11851.628548
07-22 11:45,19311.004571428573
07-22 12:00,9975.02417312857
07-22 12:15,4470.322815
07-22 12:30,5587.352631442857
07-22 12:45,5225.981559228572
07-22 13:00,17171.885336571428
07-22 13:15,9989.180308185714
07-22 13:30,5977.627609685715
07-22 13:45,13475.129832014283
07-22 14:00,9679.837189571428
07-22 14:15,10647.559438157145
07-22 14:30,4968.222095785714
07-22 14:45,6864.459165342857
07-22 15:00,5882.677061942857
07-22 15:15,14673.023930928572
07-22 15:30,16247.262854142857
07-22 15:45,13587.777782714284
07-22 16:00,8642.086280357145
07-22 16:15,6804.279917171429
07-22 16:30,12636.700916057143
07-22 16:45,20446.71797128572
07-22 17:00,3206.271955671429
07-22 17:15,11449.963256928571
07-22 17:30,12726.356676714286
07-22 17:45,5826.714234942857
07-22 18:00,10955.394451628572
07-22 18:15,20013.84718357144
07-22 18:30,11544.774740685716
07-22 18:45,643.6680617000002
07-22 19:00,3629.680780957143
07-22 19:15,6870.793031742857
07-22 19:30,6594.6993700428575
07-22 19:45,1906.1442274571427
07-22 20:00,5112.797681671429
07-22 20:15,5270.296756814287
07-22 20:30,1354.9943992857145
07-22 20:45,0.0
07-22 21:00,6004.620719642858
07-22 21:15,0.0
07-22 21:30,0.0
07-22 21:45,0.0
07-22 22:00,6576.85726472285
07-22 22:15,2908.9113044
07-22 22:30,0.0
07-22 22:45,0.0
07-22 23:00,1484.2857142857142
07-22 23:15,1484.2857142857142
07-22 23:30,1484.2857142857142
07-22 23:45,2826.474108961429
07-23 00:00,1484.2857142857142
07-23 00:15,1906.5578084957144
07-23 00:30,1484.2857142857142
07-23 00:45,1484.2857142857142
07-23 01:00,1484.2857142857142
07-23 01:15,1484.2857142857142
07-23 01:30,1484.2857142857142
07-23 01:45,1484.2857142857142
07-23 02:00,1484.2857142857142
07-23 02:15,1484.2857142857142
07-23 02:30,1484.2857142857142
07-23 02:45,1484.2857142857142
07-23 03:00,5409.860838014286
07-23 03:15,1484.2857142857142
07-23 03:30,1484.2857142857142
07-23 03:45,1484.2857142857142
07-23 04:00,1484.2857142857142
07-23 04:15,6235.339277628572
07-23 04:30,2063.333781734286
07-23 04:45,1484.2857142857142
07-23 05:00,286.8357708571431
07-23 05:15,0.0
07-23 05:30,0.0
07-23 05:45,0.0
07-23 06:00,0.0
07-23 06:15,2036.550731514286
07-23 06:30,6188.205055742858
07-23 06:45,1984.0150708000003
07-23 07:00,5105.6559523000005
07-23 07:15,6365.171195628572
07-23 07:30,15302.959529285716
07-23 07:45,6699.918916571429
07-23 08:00,5881.665574571429
07-23 08:15,11602.158572057142
07-23 08:30,10330.81694974286
07-23 08:45,4048.195823542858
07-23 09:00,6147.024949142858
07-23 09:15,20905.891574428573
07-23 09:30,14783.519353571428
07-23 09:45,1002.3745587000002
07-23 10:00,9399.184289928571
07-23 10:15,5256.937818357143
07-23 10:30,3437.626567084285
07-23 10:45,1667.5020691285715
07-23 11:00,12718.488391428573
07-23 11:15,4456.7786864
07-23 11:30,11759.584824842856
07-23 11:45,14007.871855871426
07-23 12:00,2980.3749058142857
07-23 12:15,9459.859524042857
07-23 12:30,4454.3722418
07-23 12:45,9627.680969585714
07-23 13:00,19957.795104428573
07-23 13:15,10224.38540414286
07-23 13:30,15210.781342242855
07-23 13:45,4211.252660642857
07-23 14:00,8811.907943828572
07-23 14:15,5642.370341485714
07-23 14:30,2910.625686628571
07-23 14:45,24756.83817528572
07-23 15:00,1064.0571401157151
07-23 15:15,4121.281354771428
07-23 15:30,3297.949849085714
07-23 15:45,13913.441029142858
07-23 16:00,14463.584086714289
07-23 16:15,8529.869359571429
07-23 16:30,10979.649425942858
07-23 16:45,9819.797979814286
07-23 17:00,18025.533784714287
07-23 17:15,18642.423891
07-23 17:30,2994.083971271429
07-23 17:45,4681.988339714287
07-23 18:00,11703.885536057143
07-23 18:15,7075.828974814286
07-23 18:30,4870.2843456142855
07-23 18:45,2382.3711515428568
07-23 19:00,4964.5179149000005
07-23 19:15,1053.010560857143
07-23 19:30,7378.677109685716
07-23 19:45,6649.1360320428585
07-23 20:00,3708.627468357144
07-23 20:15,712.7901861428572
07-23 20:30,0.0
07-23 20:45,0.0
07-23 21:00,0.0
07-23 21:15,0.0
07-23 21:30,0.0
07-23 21:45,0.0
07-23 22:00,2874.3219260428573
07-23 22:15,0.0
07-23 22:30,0.0
07-23 22:45,0.0
07-23 23:00,1760.319687632857
07-23 23:15,1484.2857142857142
07-23 23:30,1716.9325673357143
07-23 23:45,2203.4809602042856
07-24 00:00,1484.2857142857142
07-24 00:15,1484.2857142857142
07-24 00:30,1484.2857142857142
07-24 00:45,1484.2857142857142
07-24 01:00,1484.2857142857142
07-24 01:15,1484.2857142857142
07-24 01:30,1484.2857142857142
07-24 01:45,2014.758468262857
07-24 02:00,1565.678414067714
07-24 02:15,1800.1645419385711
07-24 02:30,1484.2857142857142
07-24 02:45,1484.2857142857142
07-24 03:00,1484.2857142857142
07-24 03:15,1484.2857142857142
07-24 03:30,1484.2857142857142
07-24 03:45,1484.2857142857142
07-24 04:00,1484.2857142857142
07-24 04:15,2594.856778482857
07-24 04:30,2183.121900035714
07-24 04:45,1887.5351463314285
07-24 05:00,0.0
07-24 05:15,2518.0255916142846
07-24 05:30,1103.2940910157142
07-24 05:45,0.0
07-24 06:00,7268.065236842857
07-24 06:15,15056.192907285717
07-24 06:30,13776.495688857143
07-24 06:45,4242.532588100001
07-24 07:00,965.271847114286
07-24 07:15,14933.325205714287
07-24 07:30,8625.105458371429
07-24 07:45,10713.0110416
07-24 08:00,6676.745068414286
07-24 08:15,7904.200399342857
07-24 08:30,0.0
07-24 08:45,10060.42786474286
07-24 09:00,13474.916480428572
07-24 09:15,6530.975333871429
07-24 09:30,10391.9138941
07-24 09:45,3051.3679982142858
07-24 10:00,10892.468279114286
07-24 10:15,8353.091826885715
07-24 10:30,2450.825999708574
07-24 10:45,3557.4533252571428
07-24 11:00,17574.123627714285
07-24 11:15,23772.47076857143
07-24 11:30,7889.567912671428
07-24 11:45,4882.308792357144
07-24 12:00,18718.47656
07-24 12:15,9864.0473329
07-24 12:30,5867.192038000001
07-24 12:45,4618.172398014286
07-24 13:00,8252.540218242857
07-24 13:15,13576.789482757142
07-24 13:30,13531.813176657142
07-24 13:45,11230.9534525
07-24 14:00,7691.586468885715
07-24 14:15,12692.87204617143
07-24 14:30,20470.359926428573
07-24 14:45,5590.882379414286
07-24 15:00,18702.04594957143
07-24 15:15,16289.648644142855
07-24 15:30,2581.496735928572
07-24 15:45,17151.852848714283
07-24 16:00,9694.207353000002
07-24 16:15,2757.8905788142856
07-24 16:30,10298.331709014286
07-24 16:45,10655.5671497
07-24 17:00,11092.146651228571
07-24 17:15,14296.041927857144
07-24 17:30,10872.47773282857
07-24 17:45,10076.415224314287
07-24 18:00,10404.446682585716
07-24 18:15,10016.123751742858
07-24 18:30,3917.537198542857
07-24 18:45,15677.795782
07-24 19:00,7590.817104842858
07-24 19:15,8383.60828817143
07-24 19:30,7638.679774614287
07-24 19:45,11233.415579528571
07-24 20:00,3867.970518957143
07-24 20:15,0.0
07-24 20:30,0.0
07-24 20:45,0.0
07-24 21:00,362.5931363428573
07-24 21:15,0.0
07-24 21:30,10773.350741142858
07-24 21:45,0.0
07-24 22:00,3986.669484157144
07-24 22:15,0.0
07-24 22:30,0.0
07-24 22:45,0.0
07-24 23:00,2284.8003310014287
07-24 23:15,1484.2857142857142
07-24 23:30,2318.559883477142
07-24 23:45,5550.2767190714285
07-25 00:00,7575.298310128572
07-25 00:15,2095.451932981429
07-25 00:30,1484.2857142857142
07-25 00:45,1484.2857142857142
07-25 01:00,1484.2857142857142
07-25 01:15,1484.2857142857142
07-25 01:30,1484.2857142857142
07-25 01:45,1484.2857142857142
07-25 02:00,1484.2857142857142
07-25 02:15,1484.2857142857142
07-25 02:30,1484.2857142857142
07-25 02:45,1484.2857142857142
07-25 03:00,2053.6319566157144
07-25 03:15,2240.755352038572
07-25 03:30,2317.42724614
07-25 03:45,1484.2857142857142
07-25 04:00,1484.2857142857142
07-25 04:15,2028.983080892857
07-25 04:30,6831.174961185715
07-25 04:45,2062.061328268572
07-25 05:00,1484.2857142857142
07-25 05:15,4118.011747942857
07-25 05:30,7631.841368385714
07-25 05:45,2497.233315328572
07-25 06:00,2743.522629657143
07-25 06:15,5181.225386557143
07-25 06:30,802.3100709285717
07-25 06:45,0.0
07-25 07:00,5461.542948014286
07-25 07:15,2541.2035485285714
07-25 07:30,15317.450509142856
07-25 07:45,2738.688011857143
07-25 08:00,10986.373292114286
07-25 08:15,3476.3460041857147
07-25 08:30,3357.201065985715
07-25 08:45,4066.925883842857
07-25 09:00,9479.44648044286
07-25 09:15,6393.932949728572
07-25 09:30,10557.98834352857
07-25 09:45,2542.498921742857
07-25 10:00,0.0
07-25 10:15,1323.760292485715
07-25 10:30,0.0
07-25 10:45,6069.967700614287
07-25 11:00,1978.1000386857145
07-25 11:15,6705.373635128572
07-25 11:30,18694.339932857143
07-25 11:45,5956.222788457144
07-25 12:00,9137.986046585716
07-25 12:15,3780.670843085714
07-25 12:30,4549.228580800001
07-25 12:45,5701.966063514285
07-25 13:00,11129.5362473
07-25 13:15,6651.265989528572
07-25 13:30,17017.714318285714
07-25 13:45,4713.2861705714295
07-25 14:00,3208.3178463543227
07-25 14:15,8684.002520371429
07-25 14:30,8897.397465157143
07-25 14:45,9240.068437842858
07-25 15:00,2718.070613
07-25 15:15,8539.948762442858
07-25 15:30,8944.86871657143
07-25 15:45,223.2799432571429
07-25 16:00,4784.940043085714
07-25 16:15,7725.301558457144
07-25 16:30,11129.655241957142
07-25 16:45,8176.4244426
07-25 17:00,19087.692925142856
07-25 17:15,8830.171506057142
07-25 17:30,8450.548444742857
07-25 17:45,19070.962090428573
07-25 18:00,2965.391170928572
07-25 18:15,6758.107506628572
07-25 18:30,1899.597827428572
07-25 18:45,253.4285773714288
07-25 19:00,0.0
07-25 19:15,0.0
07-25 19:30,1308.5739658857144
07-25 19:45,319.5014803857145
07-25 20:00,574.2115317285717
07-25 20:15,0.0
07-25 20:30,3898.6897769571424
07-25 20:45,702.0922475285714
07-25 21:00,7465.886374542857
07-25 21:15,0.0
07-25 21:30,3941.0756516714296
07-25 21:45,0.0
07-25 22:00,5450.309281142857
07-25 22:15,823.9788586785714
07-25 22:30,475.4550766714286
07-25 22:45,283.55078552857145
07-25 23:00,2014.8041979342856
07-25 23:15,2075.725905447143
07-25 23:30,2252.6133529071426
07-25 23:45,2827.1435625414283
07-26 00:00,1484.2857142857142
07-26 00:15,1484.2857142857142
07-26 00:30,1484.2857142857142
07-26 00:45,1484.2857142857142
07-26 01:00,2264.1124654357145
07-26 01:15,1936.53963056
07-26 01:30,1484.2857142857142
07-26 01:45,1484.2857142857142
07-26 02:00,1955.6000417757143
07-26 02:15,1484.2857142857142
07-26 02:30,1484.2857142857142
07-26 02:45,1904.25636839
07-26 03:00,1484.2857142857142
07-26 03:15,1484.2857142857142
07-26 03:30,1484.2857142857142
07-26 03:45,1484.2857142857142
07-26 04:00,1484.2857142857142
07-26 04:15,1484.2857142857142
07-26 04:30,1484.2857142857142
07-26 04:45,1484.2857142857142
07-26 05:00,0.0
07-26 05:15,0.0
07-26 05:30,0.0
07-26 05:45,0.0
07-26 06:00,7411.440746471429
07-26 06:15,3248.1642169428565
07-26 06:30,2008.560683771429
07-26 06:45,8161.3711904857155
07-26 07:00,16348.990703142856
07-26 07:15,9105.828469557144
07-26 07:30,8151.325296571429
07-26 07:45,15156.147256142856
07-26 08:00,9546.903194785717
07-26 08:15,2901.4477687714293
07-26 08:30,3223.446251757144
07-26 08:45,6073.8585969714295
07-26 09:00,2358.251667228571
07-26 09:15,483.2181750000001
07-26 09:30,1569.3563094571432
07-26 09:45,2313.062365157143
07-26 10:00,14312.617840714289
07-26 10:15,1793.524857442857
07-26 10:30,8876.948464142857
07-26 10:45,950.3254151428574
07-26 11:00,12296.304970071433
07-26 11:15,2257.8276654214287
07-26 11:30,10021.5377997
07-26 11:45,3011.3797977885665
07-26 12:00,21426.13407142857
07-26 12:15,18721.37198814285
07-26 12:30,20869.44522142857
07-26 12:45,16506.011657857143
07-26 13:00,11274.357550885714
07-26 13:15,12305.397219057146
07-26 13:30,17747.781652857142
07-26 13:45,10124.725369014286
07-26 14:00,4635.171616014285
07-26 14:15,21207.959449571423
07-26 14:30,6182.642529557144
07-26 14:45,18945.607234285715
07-26 15:00,11427.009589485711
07-26 15:15,9899.494560628573
07-26 15:30,23962.561705571432
07-26 15:45,12875.713415914286
07-26 16:00,8456.629081128573
07-26 16:15,3010.687002357143
07-26 16:30,10021.189958514286
07-26 16:45,2912.1327901571435
07-26 17:00,17042.86257657143
07-26 17:15,17712.75808642857
07-26 17:30,1166.4779948
07-26 17:45,8671.873142685714
07-26 18:00,6070.633256757144
07-26 18:15,7156.751368428573
07-26 18:30,4830.4152873428575
07-26 18:45,4883.170093628572
07-26 19:00,0.0
07-26 19:15,4069.1830172
07-26 19:30,3352.3942315
07-26 19:45,8544.079695371429
07-26 20:00,0.0
07-26 20:15,0.0
07-26 20:30,12289.8604005
07-26 20:45,4497.883154542858
07-26 21:00,5111.781232771429
07-26 21:15,0.0
07-26 21:30,316.36492098571443
07-26 21:45,0.0
07-26 22:00,4770.902539548571
07-26 22:15,2070.9807590471423
07-26 22:30,2160.154357442857
07-26 22:45,1484.2857142857142
07-26 23:00,97.30676351428592
07-26 23:15,5547.582315271428
07-26 23:30,0.0
07-26 23:45,0.0
07-27 00:00,1484.2857142857142
07-27 00:15,2403.6259925342856
07-27 00:30,0.0
07-27 00:45,0.0
07-27 01:00,1522.630545314286
07-27 01:15,0.0
07-27 01:30,0.0
07-27 01:45,834.7787083714286
07-27 02:00,1484.2857142857142
07-27 02:15,3410.282417942857
07-27 02:30,2091.080580248571
07-27 02:45,2555.3588775657145
07-27 03:00,1484.2857142857142
07-27 03:15,1484.2857142857142
07-27 03:30,1484.2857142857142
07-27 03:45,1484.2857142857142
07-27 04:00,4211.269035842857
07-27 04:15,1484.2857142857142
07-27 04:30,2293.0201623614284
07-27 04:45,1484.2857142857142
07-27 05:00,1484.2857142857142
07-27 05:15,1997.519338272857
07-27 05:30,1484.2857142857142
07-27 05:45,10484.747318085714
07-27 06:00,6065.420665885714
07-27 06:15,1036.721798621424
07-27 06:30,0.0
07-27 06:45,460.5560025285715
07-27 07:00,558.3627941142859
07-27 07:15,2219.502116857143
07-27 07:30,5722.4615343000005
07-27 07:45,509.1795019571432
07-27 08:00,882.9598207857143
07-27 08:15,7093.215488785715
07-27 08:30,3943.301058471429
07-27 08:45,0.0
07-27 09:00,3344.6079108571425
07-27 09:15,7514.155983957143
07-27 09:30,13053.460838857143
07-27 09:45,12884.210255999998
07-27 10:00,1432.7246512285717
07-27 10:15,2095.676383728572
07-27 10:30,3128.332418714286
07-27 10:45,11742.137158514286
07-27 11:00,9236.637868357142
07-27 11:15,8136.576405999999
07-27 11:30,9605.454869599998
07-27 11:45,9258.5395388
07-27 12:00,7932.867272657142
07-27 12:15,6964.735534642858
07-27 12:30,13618.5435033
07-27 12:45,16854.343149999997
07-27 13:00,4567.196611428572
07-27 13:15,14945.56251905714
07-27 13:30,19049.810392285715
07-27 13:45,8563.7882718
07-27 14:00,4693.5162478428565
07-27 14:15,5922.054423971428
07-27 14:30,4538.657140285714
07-27 14:45,3945.2140466285714
07-27 15:00,20887.513538
07-27 15:15,12013.168373242856
07-27 15:30,20800.58886628572
07-27 15:45,16186.481531428572
07-27 16:00,3682.509999362861
07-27 16:15,1795.720705542857
07-27 16:30,9699.9338249
07-27 16:45,2540.6702299000003
07-27 17:00,3881.935644314286
07-27 17:15,6032.542527114287
07-27 17:30,4835.362116314287
07-27 17:45,3082.5416272714297
07-27 18:00,3731.886466642858
07-27 18:15,3089.5592696571434
07-27 18:30,0.0
07-27 18:45,2369.6825549857144
07-27 19:00,1265.4745975285714
07-27 19:15,4291.209062228572
07-27 19:30,6924.843696542858
07-27 19:45,4687.004647971428
07-27 20:00,5860.813001685715
07-27 20:15,482.8166171142859
07-27 20:30,466.7242397142858
07-27 20:45,0.0
07-27 21:00,0.0
07-27 21:15,0.0
07-27 21:30,270.8840809285716
07-27 21:45,4091.257593657144
07-27 22:00,468.7936919857143
07-27 22:15,3468.1313672285714
07-27 22:30,1182.53614566
07-27 22:45,0.0
07-27 23:00,462.5532857357143
07-27 23:15,0.0
07-27 23:30,0.0
07-27 23:45,527.8368954414285
07-28 00:00,2133.822975632857
07-28 00:15,1484.2857142857142
07-28 00:30,6208.668932185715
07-28 00:45,1484.2857142857142
07-28 01:00,1484.2857142857142
07-28 01:15,1484.2857142857142
07-28 01:30,1484.2857142857142
07-28 01:45,1484.2857142857142
07-28 02:00,1484.2857142857142
07-28 02:15,1484.2857142857142
07-28 02:30,1970.7001095771427
07-28 02:45,3452.885260585714
07-28 03:00,1484.2857142857142
07-28 03:15,1484.2857142857142
07-28 03:30,2279.714733962857
07-28 03:45,1484.2857142857142
07-28 04:00,1484.2857142857142
07-28 04:15,1484.2857142857142
07-28 04:30,4725.9099871
07-28 04:45,2706.8572716771428
07-28 05:00,1484.2857142857142
07-28 05:15,1484.2857142857142
07-28 05:30,1484.2857142857142
07-28 05:45,1484.2857142857142
07-28 06:00,2594.4370356
07-28 06:15,1484.2857142857142
07-28 06:30,5187.989737399999
07-28 06:45,2798.753999978572
07-28 07:00,3407.9901530857146
07-28 07:15,7332.145826314286
07-28 07:30,2251.047573145714
07-28 07:45,3007.1022089
07-28 08:00,12602.319604757144
07-28 08:15,3758.780740471429
07-28 08:30,6531.7449830000005
07-28 08:45,6073.827446785673
07-28 09:00,5200.581889257144
07-28 09:15,7059.111540657143
07-28 09:30,16267.609147999998
07-28 09:45,2756.951388471429
07-28 10:00,12715.16616437143
07-28 10:15,4241.354089257144
07-28 10:30,9606.250787857143
07-28 10:45,3159.8827694
07-28 11:00,13670.621481571428
07-28 11:15,3948.1728120571433
07-28 11:30,6187.456472828572
07-28 11:45,10326.810029814284
07-28 12:00,7506.883952885713
07-28 12:15,16362.592474142855
07-28 12:30,21221.09170185714
07-28 12:45,6331.475395228571
07-28 13:00,16250.038665714286
07-28 13:15,11320.08864092857
07-28 13:30,5390.609082042857
07-28 13:45,18787.76868042857
07-28 14:00,19442.603520714285
07-28 14:15,15004.98468654286
07-28 14:30,12859.466968942856
07-28 14:45,14386.106184614284
07-28 15:00,19571.139547857143
07-28 15:15,6382.013105428571
07-28 15:30,15406.719248471429
07-28 15:45,5965.785882185714
07-28 16:00,20749.671466857144
07-28 16:15,4123.238743242857
07-28 16:30,3482.567764099998
07-28 16:45,9401.113817185713
07-28 17:00,7226.5371794
07-28 17:15,837.104846314286
07-28 17:30,388.4053418428571
07-28 17:45,15063.02577657143
07-28 18:00,6827.335020385714
07-28 18:15,4744.815424485715
07-28 18:30,1152.7967957571432
07-28 18:45,5776.665616528572
07-28 19:00,30.329113271428795
07-28 19:15,0.0
07-28 19:30,3188.798573957143
07-28 19:45,1782.6144603428572
07-28 20:00,5467.924134642858
07-28 20:15,508.80524280000026
07-28 20:30,317.8901412857143
07-28 20:45,5840.6046722142855
07-28 21:00,0.0
07-28 21:15,0.0
07-28 21:30,0.0
07-28 21:45,0.0
07-28 22:00,0.0
07-28 22:15,0.0
07-28 22:30,0.0
07-28 22:45,0.0
07-28 23:00,0.0
07-28 23:15,0.0
07-28 23:30,0.0
07-28 23:45,0.0
07-29 00:00,1484.2857142857142
07-29 00:15,1484.2857142857142
07-29 00:30,1484.2857142857142
07-29 00:45,1484.2857142857142
07-29 01:00,1484.2857142857142
07-29 01:15,1484.2857142857142
07-29 01:30,1484.2857142857142
07-29 01:45,1944.76077925
07-29 02:00,1484.2857142857142
07-29 02:15,1484.2857142857142
07-29 02:30,1484.2857142857142
07-29 02:45,1484.2857142857142
07-29 03:00,1928.93238212
07-29 03:15,1821.949387542857
07-29 03:30,1791.5887305514284
07-29 03:45,1803.33334128
07-29 04:00,6819.361720942858
07-29 04:15,87.6450962928537
07-29 04:30,1484.2857142857142
07-29 04:45,1484.2857142857142
07-29 05:00,0.0
07-29 05:15,0.0
07-29 05:30,7752.466207042854
07-29 05:45,0.0
07-29 06:00,5550.858690928572
07-29 06:15,495.42947735714296
07-29 06:30,7193.556116685714
07-29 06:45,0.0
07-29 07:00,13140.624579571428
07-29 07:15,7770.238351028572
07-29 07:30,5354.145372971429
07-29 07:45,7587.73364597143
07-29 08:00,10437.613751085715
07-29 08:15,15020.300026428573
07-29 08:30,3016.8972675714285
07-29 08:45,6901.846337857143
07-29 09:00,1444.1961002
07-29 09:15,2079.040259528572
07-29 09:30,3639.367669814285
07-29 09:45,3177.565375771428
07-29 10:00,15291.69219442857
07-29 10:15,9420.43521817143
07-29 10:30,8970.939740542859
07-29 10:45,8664.122322385716
07-29 11:00,20520.35963728572
07-29 11:15,3239.875039585714
07-29 11:30,6237.755628628573
07-29 11:45,7429.8867358285725
07-29 12:00,8320.622822414287
07-29 12:15,6716.083372942858
07-29 12:30,5507.062350828573
07-29 12:45,4583.081422757144
07-29 13:00,9065.5634357
07-29 13:15,11060.509434428574
07-29 13:30,19086.954217
07-29 13:45,4715.406042942858
07-29 14:00,9279.497852628572
07-29 14:15,17418.643873
07-29 14:30,7508.278827671428
07-29 14:45,10786.298717857144
07-29 15:00,10572.983440614284
07-29 15:15,9706.8223156
07-29 15:30,5302.631458871429
07-29 15:45,5555.790601671428
07-29 16:00,9607.53823237143
07-29 16:15,18276.32031857143
07-29 16:30,9632.355577785713
07-29 16:45,19439.9600153772
07-29 17:00,2544.506100257144
07-29 17:15,1792.3544275857143
07-29 17:30,6862.553930700001
07-29 17:45,19200.006947857142
07-29 18:00,4479.0394007714285
07-29 18:15,13784.629639714283
07-29 18:30,2426.039714057143
07-29 18:45,12742.575501857144
07-29 19:00,8374.893042671429
07-29 19:15,7126.377453457144
07-29 19:30,11333.221704914287
07-29 19:45,4446.469578885714
07-29 20:00,250.65456862857155
07-29 20:15,8197.3355219
07-29 20:30,0.0
07-29 20:45,0.0
07-29 21:00,63.557226442857285
07-29 21:15,363.1891518285716
07-29 21:30,3006.639732042857
07-29 21:45,321.4733766857144
07-29 22:00,6385.131410314286
07-29 22:15,1786.4967068
07-29 22:30,60.07198063423948
07-29 22:45,0.0
07-29 23:00,5819.788086128572
07-29 23:15,1484.2857142857142
07-29 23:30,1484.2857142857142
07-29 23:45,1484.2857142857142
07-30 00:00,5824.649361771428
07-30 00:15,1484.2857142857142
07-30 00:30,2255.895873611428
07-30 00:45,1484.2857142857142
07-30 01:00,5818.170716342857
07-30 01:15,1484.2857142857142
07-30 01:30,1484.2857142857142
07-30 01:45,1484.2857142857142
07-30 02:00,1484.2857142857142
07-30 02:15,1484.2857142857142
07-30 02:30,1484.2857142857142
07-30 02:45,1484.2857142857142
07-30 03:00,1484.2857142857142
07-30 03:15,4683.5183161
07-30 03:30,1484.2857142857142
07-30 03:45,1484.2857142857142
07-30 04:00,2313.507884737143
07-30 04:15,5300.379350814285
07-30 04:30,8183.991624657143
07-30 04:45,3017.506033014285
07-30 05:00,0.0
07-30 05:15,0.0
07-30 05:30,0.0
07-30 05:45,0.0
07-30 06:00,3451.6822510714283
07-30 06:15,4467.9762874
07-30 06:30,4152.146343857143
07-30 06:45,0.0
07-30 07:00,14595.306852428572
07-30 07:15,3287.3286149142864
07-30 07:30,8238.254187771428
07-30 07:45,3309.2634211571426
07-30 08:00,511.8741111428573
07-30 08:15,10560.115800957145
07-30 08:30,4740.871556942858
07-30 08:45,4635.015840542857
07-30 09:00,6519.514349828572
07-30 09:15,12910.128117714285
07-30 09:30,11125.850446885714
07-30 09:45,12850.506986571429
07-30 10:00,622.6795786000002
07-30 10:15,15221.503926000005
07-30 10:30,1900.487736728572
07-30 10:45,1782.931249957143
07-30 11:00,6391.979679071428
07-30 11:15,4337.2982073428575
07-30 11:30,9742.15042144286
07-30 11:45,4730.645480571429
07-30 12:00,17606.50566671429
07-30 12:15,2266.327018242857
07-30 12:30,15166.06297712857
07-30 12:45,14142.094971585717
07-30 13:00,3795.5310528
07-30 13:15,5240.074303028571
07-30 13:30,10945.990747485714
07-30 13:45,4914.026956328572
07-30 14:00,8047.259349599999
07-30 14:15,16943.729186285716
07-30 14:30,6513.7589948714285
07-30 14:45,9721.568837171428
07-30 15:00,9928.284695585711
07-30 15:15,12517.834608785715
07-30 15:30,7877.001737071429
07-30 15:45,5116.130889471429
07-30 16:00,20477.842695857144
07-30 16:15,6891.366571385714
07-30 16:30,4050.691887314286
07-30 16:45,11885.663541700002
07-30 17:00,13363.744075571429
07-30 17:15,943.0579758
07-30 17:30,6008.845779514286
07-30 17:45,9632.212298385715
07-30 18:00,2536.5966713142857
07-30 18:15,703.5633545285716
07-30 18:30,2414.9948851142863
07-30 18:45,11168.290953914286
07-30 19:00,4969.918399485715
07-30 19:15,8832.486135342859
07-30 19:30,0.0
07-30 19:45,190.4548772428573
07-30 20:00,5193.07037607143
07-30 20:15,0.0
07-30 20:30,857.2626954285714
07-30 20:45,0.0
07-30 21:00,0.0
07-30 21:15,84.76564205714298
07-30 21:30,0.0
07-30 21:45,6527.258347742857
07-30 22:00,2503.476314582857
07-30 22:15,7428.295503771428
07-30 22:30,1484.2857142857142
07-30 22:45,1484.2857142857142
07-30 23:00,6194.566519728572
07-30 23:15,1484.2857142857142
07-30 23:30,2676.6793580714284
07-30 23:45,7094.282478157143
07-31 00:00,1484.2857142857142
07-31 00:15,1949.7019516657144
07-31 00:30,2188.2147025
07-31 00:45,1769.6406699042857
07-31 01:00,1484.2857142857142
07-31 01:15,1484.2857142857142
07-31 01:30,1484.2857142857142
07-31 01:45,1484.2857142857142
07-31 02:00,1484.2857142857142
07-31 02:15,1484.2857142857142
07-31 02:30,1484.2857142857142
07-31 02:45,1484.2857142857142
07-31 03:00,2108.769358765714
07-31 03:15,1484.2857142857142
07-31 03:30,1949.5896575328568
07-31 03:45,5283.960975228571
07-31 04:00,2925.0324663142856
07-31 04:15,7631.918447171428
07-31 04:30,2723.5776515257144
07-31 04:45,7369.474657671429
07-31 05:00,0.0
07-31 05:15,2240.4514742428573
07-31 05:30,556.0793638714756
07-31 05:45,0.0
07-31 06:00,0.0
07-31 06:15,6850.193261500001
07-31 06:30,16320.588957285714
07-31 06:45,6681.556465714286
07-31 07:00,7880.188619957143
07-31 07:15,11497.375572142855
07-31 07:30,14182.899032142856
07-31 07:45,5361.543766285714
07-31 08:00,10651.250808157143
07-31 08:15,7909.2938215
07-31 08:30,5858.139250714286
07-31 08:45,6707.749326757144
07-31 09:00,18576.40101957143
07-31 09:15,6803.116906657144
07-31 09:30,1558.9752325285715
07-31 09:45,1175.4055948714288
07-31 10:00,3536.190263228572
07-31 10:15,2852.278579742857
07-31 10:30,2870.474547928571
07-31 10:45,6205.978591685715
07-31 11:00,10579.564082642855
07-31 11:15,2262.5007607714288
07-31 11:30,14447.462434857143
07-31 11:45,6535.2409365
07-31 12:00,1952.9477808857148
07-31 12:15,1180.047481171429
07-31 12:30,504.4684302142859
07-31 12:45,12115.414069785716
07-31 13:00,3881.5026192428577
07-31 13:15,4751.054407228572
07-31 13:30,5492.433113871428
07-31 13:45,4331.043459157143
07-31 14:00,5999.849855842857
07-31 14:15,13264.898370828572
07-31 14:30,12396.091372957144
07-31 14:45,4522.0386682
07-31 15:00,19939.129833571427
07-31 15:15,8949.1837818
07-31 15:30,13850.868803085714
07-31 15:45,28169.602366714287
07-31 16:00,17000.70475357143
07-31 16:15,4477.661791114287
07-31 16:30,2688.2965497857144
07-31 16:45,12501.928781614288
07-31 17:00,5251.637588328572
07-31 17:15,3423.372840328571
07-31 17:30,10584.214095871428
07-31 17:45,1874.7031513857144
07-31 18:00,6074.5948645285725
07-31 18:15,648.7504468714286
07-31 18:30,9393.45679534286
07-31 18:45,11598.747188742858
07-31 19:00,4436.040728485715
07-31 19:15,4508.700665071429
07-31 19:30,0.0
07-31 19:45,0.0
07-31 20:00,0.0
07-31 20:15,7385.315230928572
07-31 20:30,0.0
07-31 20:45,422.1856822142857
07-31 21:00,692.5316749000001
07-31 21:15,3922.0529751428567
07-31 21:30,1663.589809214286
07-31 21:45,3786.5353364000007
07-31 22:00,1484.2857142857142
07-31 22:15,0.0
07-31 22:30,1175.377869217143
07-31 22:45,2557.7456452428573
07-31 23:00,2080.5875318014287
07-31 23:15,5260.9408849
07-31 23:30,2063.27731167
07-31 23:45,1484.2857142857142
08-01 00:00,1484.2857142857142
08-01 00:15,2162.023299498572
08-01 00:30,2451.619078662857
08-01 00:45,1484.2857142857142
08-01 01:00,1484.2857142857142
08-01 01:15,1484.2857142857142
08-01 01:30,1484.2857142857142
08-01 01:45,1484.2857142857142
08-01 02:00,1484.2857142857142
08-01 02:15,1484.2857142857142
08-01 02:30,1484.2857142857142
08-01 02:45,1484.2857142857142
08-01 03:00,1484.2857142857142
08-01 03:15,6205.833215914286
08-01 03:30,6304.3034465142855
08-01 03:45,1484.2857142857142
08-01 04:00,1484.2857142857142
08-01 04:15,2575.5891055257143
08-01 04:30,2631.9499118128574
08-01 04:45,1484.2857142857142
08-01 05:00,0.0
08-01 05:15,0.0
08-01 05:30,0.0
08-01 05:45,3374.5659184857145
08-01 06:00,1785.3176338142855
08-01 06:15,5580.9556367714285
08-01 06:30,1850.960343171429
08-01 06:45,0.0
08-01 07:00,7602.020859242857
08-01 07:15,520.6633181857145
08-01 07:30,8154.712090928571
08-01 07:45,5794.163317528572
08-01 08:00,1980.4595795571431
08-01 08:15,18004.09930342857
08-01 08:30,6746.458219300001
08-01 08:45,12641.723347357143
08-01 09:00,17320.92479457143
08-01 09:15,11809.797233871428
08-01 09:30,19085.440411
08-01 09:45,10489.7124557728
08-01 10:00,4128.551635614285
08-01 10:15,9810.777535214283
08-01 10:30,6195.973467585714
08-01 10:45,3147.555774528571
08-01 11:00,6435.353148514287
08-01 11:15,8400.603957057143
08-01 11:30,5300.0763456
08-01 11:45,5463.262747228572
08-01 12:00,2779.678775698572
08-01 12:15,8179.354904599999
08-01 12:30,4577.044154
08-01 12:45,9473.177417257142
08-01 13:00,7983.312192514286
08-01 13:15,2764.0229530714287
08-01 13:30,10618.062055742856
08-01 13:45,4333.875294071429
08-01 14:00,11304.995244685717
08-01 14:15,6688.371035099999
08-01 14:30,13797.259289171428
08-01 14:45,6930.241532285715
08-01 15:00,10949.152643785714
08-01 15:15,11869.687132642855
08-01 15:30,7789.568526342858
08-01 15:45,5357.752746114285
08-01 16:00,6659.061480085715
08-01 16:15,4643.4496103
08-01 16:30,3378.1317864857147
08-01 16:45,7505.836211642857
08-01 17:00,19143.481021571428
08-01 17:15,24320.35707985714
08-01 17:30,7873.983649785714
08-01 17:45,12196.413647985715
08-01 18:00,3051.7800580142853
08-01 18:15,2301.5309331
08-01 18:30,7071.423254885715
08-01 18:45,7906.265599628572
08-01 19:00,8492.111842571428
08-01 19:15,5158.076508614287
08-01 19:30,9911.479549485714
08-01 19:45,0.0
08-01 20:00,501.28656607142864
08-01 20:15,843.396263114286
08-01 20:30,0.0
08-01 20:45,0.0
08-01 21:00,971.8333978285714
08-01 21:15,0.0
08-01 21:30,0.0
08-01 21:45,455.22785172857147
08-01 22:00,0.0
08-01 22:15,5686.67598067143
08-01 22:30,0.0
08-01 22:45,0.0
08-01 23:00,1484.2857142857142
08-01 23:15,1484.2857142857142
08-01 23:30,1986.180424241429
08-01 23:45,2502.827998335714
08-02 00:00,3829.919854471428
08-02 00:15,6180.052075885714
08-02 00:30,1484.2857142857142
08-02 00:45,1484.2857142857142
08-02 01:00,1484.2857142857142
08-02 01:15,1484.2857142857142
08-02 01:30,1989.930355567143
08-02 01:45,2317.605051941429
08-02 02:00,2091.275651272857
08-02 02:15,1484.2857142857142
08-02 02:30,1484.2857142857142
08-02 02:45,1850.7924500685715
08-02 03:00,1484.2857142857142
08-02 03:15,1484.2857142857142
08-02 03:30,1484.2857142857142
08-02 03:45,1484.2857142857142
08-02 04:00,1484.2857142857142
08-02 04:15,1484.2857142857142
08-02 04:30,1484.2857142857142
08-02 04:45,1484.2857142857142
08-02 05:00,0.0
08-02 05:15,0.0
08-02 05:30,0.0
08-02 05:45,0.0
08-02 06:00,6739.213552642858
08-02 06:15,5016.623104685716
08-02 06:30,10262.422144114287
08-02 06:45,745.7090499857144
08-02 07:00,15959.231184714286
08-02 07:15,0.0
08-02 07:30,26220.86213214285
08-02 07:45,4244.930897728573
08-02 08:00,7187.018810785715
08-02 08:15,876.0134783714287
08-02 08:30,119.48142894285712
08-02 08:45,737.4723510714288
08-02 09:00,6233.036196757144
08-02 09:15,157.4790381285715
08-02 09:30,6156.353855900001
08-02 09:45,8059.433555928573
08-02 10:00,8340.760514542857
08-02 10:15,1380.3130572714283
08-02 10:30,14765.691924571429
08-02 10:45,18028.586782857143
08-02 11:00,8255.480198214285
08-02 11:15,17810.98451714286
08-02 11:30,8794.166321285715
08-02 11:45,16683.403601428574
08-02 12:00,9937.849107571428
08-02 12:15,16359.828061000002
08-02 12:30,13925.19936202857
08-02 12:45,25011.19142957143
08-02 13:00,6183.961524800001
08-02 13:15,6486.066155342857
08-02 13:30,9616.720525857145
08-02 13:45,14668.731252514284
08-02 14:00,9036.913222542857
08-02 14:15,23796.12058928572
08-02 14:30,12843.5707001
08-02 14:45,6016.6086203714285
08-02 15:00,8316.052302314287
08-02 15:15,8457.059729371429
08-02 15:30,6345.232121600001
08-02 15:45,21642.99825510289
08-02 16:00,22431.904815857142
08-02 16:15,3033.941018585714
08-02 16:30,21724.792625857142
08-02 16:45,22729.769118
08-02 17:00,3158.632213357143
08-02 17:15,6741.026597528572
08-02 17:30,11352.533600185714
08-02 17:45,18306.688711
08-02 18:00,2878.714972828572
08-02 18:15,16229.471926428574
08-02 18:30,7963.362810357144
08-02 18:45,6253.4223062
08-02 19:00,577.314317757143
08-02 19:15,3495.1876481571426
08-02 19:30,138.33390297142876
08-02 19:45,0.0
08-02 20:00,6441.704760128572
08-02 20:15,0.0
08-02 20:30,5007.910816042858
08-02 20:45,0.0
08-02 21:00,0.0
08-02 21:15,0.0
08-02 21:30,79.06917250000019
08-02 21:45,0.0
08-02 22:00,1034.24400622
08-02 22:15,2146.6016178
08-02 22:30,0.0
08-02 22:45,0.0
08-02 23:00,5174.157866057142
08-02 23:15,2327.7041908714286
08-02 23:30,882.4148633
08-02 23:45,5198.342723042857
08-03 00:00,1272.53470816
08-03 00:15,0.0
08-03 00:30,1282.753211284286
08-03 00:45,0.0
08-03 01:00,1484.2857142857142
08-03 01:15,1484.2857142857142
08-03 01:30,1484.2857142857142
08-03 01:45,1484.2857142857142
08-03 02:00,11527.730995771428
08-03 02:15,2527.01129202
08-03 02:30,1957.4678706914283
08-03 02:45,1484.2857142857142
08-03 03:00,0.0
08-03 03:15,0.0
08-03 03:30,0.0
08-03 03:45,0.0
08-03 04:00,0.0
08-03 04:15,1484.2857142857142
08-03 04:30,289.63666924714784
08-03 04:45,1484.2857142857142
08-03 05:00,2057.4152138771424
08-03 05:15,3840.5041565571423
08-03 05:30,2015.2503096642856
08-03 05:45,1484.2857142857142
08-03 06:00,1484.2857142857142
08-03 06:15,2069.239722022857
08-03 06:30,7652.989929714285
08-03 06:45,5996.4501593
08-03 07:00,403.2228452285715
08-03 07:15,1865.797674728572
08-03 07:30,6699.458524942858
08-03 07:45,75.5574792285715
08-03 08:00,1331.3819915285717
08-03 08:15,7911.596508985715
08-03 08:30,6749.433273814287
08-03 08:45,0.0
08-03 09:00,6552.514273171429
08-03 09:15,669.0337854285715
08-03 09:30,17772.043881571426
08-03 09:45,499.9813673857144
08-03 10:00,8095.893730714286
08-03 10:15,8206.447091242857
08-03 10:30,9008.442012957144
08-03 10:45,9289.09672077143
08-03 11:00,9193.978638714285
08-03 11:15,10352.063784340004
08-03 11:30,10282.36368287143
08-03 11:45,8751.295955500002
08-03 12:00,14065.4923279
08-03 12:15,13839.866407785716
08-03 12:30,13047.3901908
08-03 12:45,14978.489549642856
08-03 13:00,9677.2188938
08-03 13:15,11338.103250028573
08-03 13:30,8431.685001342858
08-03 13:45,21070.88865914286
08-03 14:00,8711.783727514287
08-03 14:15,17578.775107857145
08-03 14:30,5954.212300885714
08-03 14:45,3364.034775185714
08-03 15:00,7357.766964214285
08-03 15:15,10108.746066
08-03 15:30,15533.362821600002
08-03 15:45,13232.731952857144
08-03 16:00,18565.92603214286
08-03 16:15,3176.573470757143
08-03 16:30,3468.458582614286
08-03 16:45,13492.765714314286
08-03 17:00,11763.417668942857
08-03 17:15,899.9494848142857
08-03 17:30,11243.060818228572
08-03 17:45,1662.6641305714288
08-03 18:00,5262.488647100001
08-03 18:15,4244.872406500001
08-03 18:30,1548.4007886142856
08-03 18:45,0.0
08-03 19:00,0.0
08-03 19:15,0.0
08-03 19:30,12934.854241857143
08-03 19:45,9060.095386814288
08-03 20:00,7415.080178142858
08-03 20:15,375.31262122857146
08-03 20:30,0.0
08-03 20:45,3160.984427571429
08-03 21:00,298.5588111428572
08-03 21:15,0.0
08-03 21:30,0.0
08-03 21:45,0.0
08-03 22:00,0.0
08-03 22:15,222.00622678571432
08-03 22:30,0.0
08-03 22:45,4666.416896228572
08-03 23:00,0.0
08-03 23:15,440.9608379857145
08-03 23:30,0.0
08-03 23:45,4522.16265267143
08-04 00:00,3146.711198585714
08-04 00:15,3016.449153142857
08-04 00:30,1910.6552195571428
08-04 00:45,2749.20640514
08-04 01:00,0.0
08-04 01:15,0.0
08-04 01:30,0.0
08-04 01:45,0.0
08-04 02:00,0.0
08-04 02:15,5050.523592685716
08-04 02:30,0.0
08-04 02:45,100.26102190000012
08-04 03:00,0.0
08-04 03:15,0.0
08-04 03:30,0.0
08-04 03:45,0.0
08-04 04:00,1484.2857142857142
08-04 04:15,1484.2857142857142
08-04 04:30,1484.2857142857142
08-04 04:45,1426.4037345113857
08-04 05:00,0.0
08-04 05:15,0.0
08-04 05:30,0.0
08-04 05:45,0.0
08-04 06:00,0.0
08-04 06:15,8384.817259442856
08-04 06:30,0.0
08-04 06:45,0.0
08-04 07:00,3483.066066385714
08-04 07:15,21364.223803
08-04 07:30,3159.0851835
08-04 07:45,2438.686330222857
08-04 08:00,9480.889344542857
08-04 08:15,8658.764124842857
08-04 08:30,2505.6107915
08-04 08:45,8858.399345085714
08-04 09:00,6765.359258257144
08-04 09:15,3432.849480571429
08-04 09:30,12833.982891985714
08-04 09:45,14918.819143985716
08-04 10:00,5870.826585142857
08-04 10:15,6100.8550239
08-04 10:30,10548.380631114283
08-04 10:45,8183.973988957142
08-04 11:00,24582.774489000003
08-04 11:15,23515.973500571432
08-04 11:30,12845.675819642856
08-04 11:45,14193.82516767143
08-04 12:00,17126.76339385714
08-04 12:15,21457.78510685714
08-04 12:30,12925.901623557142
08-04 12:45,14888.003343342858
08-04 13:00,6085.72165607143
08-04 13:15,10101.315696257145
08-04 13:30,24175.263287142858
08-04 13:45,6174.2925805
08-04 14:00,10836.384035
08-04 14:15,24462.64523657143
08-04 14:30,6699.984705585715
08-04 14:45,9824.712359385714
08-04 15:00,9071.484647185713
08-04 15:15,5640.875364214286
08-04 15:30,11368.88982357143
08-04 15:45,10390.990935871429
08-04 16:00,16580.19980214286
08-04 16:15,13556.373604357144
08-04 16:30,8940.086956285713
08-04 16:45,14290.5803807
08-04 17:00,585.1033003428574
08-04 17:15,1818.315829157143
08-04 17:30,6405.586814571429
08-04 17:45,17419.380896285715
08-04 18:00,0.0
08-04 18:15,294.0237829142859
08-04 18:30,7432.798352514286
08-04 18:45,1723.781225071429
08-04 19:00,1633.774402271429
08-04 19:15,191.1551835571428
08-04 19:30,0.0
08-04 19:45,5285.219835042858
08-04 20:00,0.0
08-04 20:15,4597.314534357143
08-04 20:30,6300.706861157144
08-04 20:45,2098.6198043142863
08-04 21:00,3453.2678149571425
08-04 21:15,0.0
08-04 21:30,0.0
08-04 21:45,0.0
08-04 22:00,3077.821038671429
08-04 22:15,0.0
08-04 22:30,3616.845768857143
08-04 22:45,0.0
08-04 23:00,1484.2857142857142
08-04 23:15,1484.2857142857142
08-04 23:30,1484.2857142857142
08-04 23:45,425.01307421714176
08-05 00:00,1484.2857142857142
08-05 00:15,1484.2857142857142
08-05 00:30,1484.2857142857142
08-05 00:45,1484.2857142857142
08-05 01:00,1484.2857142857142
08-05 01:15,1484.2857142857142
08-05 01:30,1484.2857142857142
08-05 01:45,1484.2857142857142
08-05 02:00,1484.2857142857142
08-05 02:15,1484.2857142857142
08-05 02:30,1484.2857142857142
08-05 02:45,1484.2857142857142
08-05 03:00,1484.2857142857142
08-05 03:15,1484.2857142857142
08-05 03:30,1484.2857142857142
08-05 03:45,2094.45009328
08-05 04:00,0.0
08-05 04:15,1527.1709411314291
08-05 04:30,0.0
08-05 04:45,878.8587132971466
08-05 05:00,0.0
08-05 05:15,0.0
08-05 05:30,0.0
08-05 05:45,0.0
08-05 06:00,13196.173390428574
08-05 06:15,5891.536629357142
08-05 06:30,4332.655075428573
08-05 06:45,12106.5559117
08-05 07:00,7748.476034442859
08-05 07:15,1472.4160519571433
08-05 07:30,8616.083940885714
08-05 07:45,1075.8747610857142
08-05 08:00,2518.3348519285714
08-05 08:15,3504.512806357143
08-05 08:30,6055.035264028573
08-05 08:45,3386.310257300001
08-05 09:00,5329.517372200001
08-05 09:15,1761.540086171429
08-05 09:30,3556.6559460571425
08-05 09:45,5682.590896414287
08-05 10:00,2241.885697457143
08-05 10:15,5835.935512557144
08-05 10:30,2992.6391435714286
08-05 10:45,98.79111811428596
08-05 11:00,9873.147047571429
08-05 11:15,19808.56684557143
08-05 11:30,6296.1524724
08-05 11:45,7657.691689514288
08-05 12:00,616.5915864285714
08-05 12:15,13489.282592999998
08-05 12:30,9150.498231728572
08-05 12:45,8679.048057942857
08-05 13:00,10259.186970614286
08-05 13:15,2772.470812877143
08-05 13:30,17456.666299428573
08-05 13:45,13878.364565028573
08-05 14:00,4115.4806526428565
08-05 14:15,4030.459155185714
08-05 14:30,14673.704779171429
08-05 14:45,6313.823886742857
08-05 15:00,15153.270100271428
08-05 15:15,10847.142905314286
08-05 15:30,10926.068142642856
08-05 15:45,14364.897340785714
08-05 16:00,17465.067283142856
08-05 16:15,16498.99804114286
08-05 16:30,18084.18369642857
08-05 16:45,6243.316010271428
08-05 17:00,3030.3762310285724
08-05 17:15,1644.1501269857142
08-05 17:30,8419.0226201
08-05 17:45,7514.062556928573
08-05 18:00,8030.873485657145
08-05 18:15,1632.8043882428572
08-05 18:30,7319.902634328571
08-05 18:45,12055.350118414286
08-05 19:00,0.0
08-05 19:15,668.2352858142858
08-05 19:30,0.0
08-05 19:45,406.4370874857144
08-05 20:00,2291.743996528572
08-05 20:15,4251.430223157144
08-05 20:30,0.0
08-05 20:45,0.0
08-05 21:00,3371.988403971429
08-05 21:15,3818.427658585714
08-05 21:30,10441.09989447575
08-05 21:45,1361.30570138
08-05 22:00,1799.6060121285716
08-05 22:15,7409.580269799999
08-05 22:30,2004.95865803
08-05 22:45,2393.878603732857
08-05 23:00,5858.919623571429
08-05 23:15,1484.2857142857142
08-05 23:30,1484.2857142857142
08-05 23:45,5444.718912057143
08-06 00:00,1484.2857142857142
08-06 00:15,1484.2857142857142
08-06 00:30,1484.2857142857142
08-06 00:45,1484.2857142857142
08-06 01:00,1484.2857142857142
08-06 01:15,1484.2857142857142
08-06 01:30,1484.2857142857142
08-06 01:45,1484.2857142857142
08-06 02:00,2147.6382565642857
08-06 02:15,1484.2857142857142
08-06 02:30,1484.2857142857142
08-06 02:45,1881.5183815914288
08-06 03:00,2196.227685341428
08-06 03:15,1484.2857142857142
08-06 03:30,5234.439918785715
08-06 03:45,5879.761897357143
08-06 04:00,1932.2217626185711
08-06 04:15,1484.2857142857142
08-06 04:30,1831.04189449
08-06 04:45,1484.2857142857142
08-06 05:00,4509.835535171429
08-06 05:15,4286.707102857143
08-06 05:30,7978.229707399999
08-06 05:45,8306.610832185715
08-06 06:00,650.0431522285714
08-06 06:15,0.0
08-06 06:30,0.0
08-06 06:45,733.6903863714286
08-06 07:00,4632.670929371428
08-06 07:15,7381.492577700002
08-06 07:30,22912.815558714286
08-06 07:45,11983.556835514288
08-06 08:00,2538.8424954
08-06 08:15,2708.903976357143
08-06 08:30,3767.083867028571
08-06 08:45,2562.075911114286
08-06 09:00,7308.726385900001
08-06 09:15,6141.751359500001
08-06 09:30,18174.39307642857
08-06 09:45,16132.805682428572
08-06 10:00,6959.632100414286
08-06 10:15,4710.596902585716
08-06 10:30,2962.4870557428576
08-06 10:45,5558.502446414287
08-06 11:00,12302.570628385714
08-06 11:15,3227.1261292285712
08-06 11:30,2807.015294292857
08-06 11:45,10252.992279914286
08-06 12:00,5841.974829314287
08-06 12:15,7089.612672342858
08-06 12:30,8349.0871184
08-06 12:45,1484.2857142857142
08-06 13:00,4129.345708385714
08-06 13:15,4029.8286699428577
08-06 13:30,8464.478919928571
08-06 13:45,14975.502073071428
08-06 14:00,8464.330421271428
08-06 14:15,9030.856143228571
08-06 14:30,16717.652589142857
08-06 14:45,10069.163158042857
08-06 15:00,15225.257878185716
08-06 15:15,10144.25179307143
08-06 15:30,5891.436714514286
08-06 15:45,6334.869811242857
08-06 16:00,7233.796277114287
08-06 16:15,7783.25937057143
08-06 16:30,5457.998803728572
08-06 16:45,8439.061083185716
08-06 17:00,2592.146164057143
08-06 17:15,20059.631765714286
08-06 17:30,1457.394911928572
08-06 17:45,3360.244987671429
08-06 18:00,7302.0047320428575
08-06 18:15,8714.254998742857
08-06 18:30,2683.996392614286
08-06 18:45,7975.495853728572
08-06 19:00,9011.823141828574
08-06 19:15,0.0
08-06 19:30,0.0
08-06 19:45,993.5844440142856
08-06 20:00,6725.835027800002
08-06 20:15,1572.2645872
08-06 20:30,0.0
08-06 20:45,0.0
08-06 21:00,0.0
08-06 21:15,0.0
08-06 21:30,0.0
08-06 21:45,4908.431694757142
08-06 22:00,0.0
08-06 22:15,0.0
08-06 22:30,55.7879848714287
08-06 22:45,0.0
08-06 23:00,5478.577535514286
08-06 23:15,1484.2857142857142
08-06 23:30,5028.6296533
08-06 23:45,2060.41235455
08-07 00:00,1484.2857142857142
08-07 00:15,2182.542737958572
08-07 00:30,1955.01015976
08-07 00:45,1484.2857142857142
08-07 01:00,1484.2857142857142
08-07 01:15,1484.2857142857142
08-07 01:30,1484.2857142857142
08-07 01:45,1484.2857142857142
08-07 02:00,1821.846108175714
08-07 02:15,2058.6431424
08-07 02:30,1484.2857142857142
08-07 02:45,1484.2857142857142
08-07 03:00,1484.2857142857142
08-07 03:15,2069.2631708957138
08-07 03:30,1902.604663635714
08-07 03:45,6272.616262014286
08-07 04:00,1484.2857142857142
08-07 04:15,2017.9422260314284
08-07 04:30,2416.5775429557143
08-07 04:45,1484.2857142857142
08-07 05:00,1484.2857142857142
08-07 05:15,2735.992109391428
08-07 05:30,1893.5390718757144
08-07 05:45,364.9588025628248
08-07 06:00,13506.45771157143
08-07 06:15,6564.563906285715
08-07 06:30,5096.014689485715
08-07 06:45,5153.459713742857
08-07 07:00,10087.444850014286
08-07 07:15,17831.265830142856
08-07 07:30,17598.441905714288
08-07 07:45,17153.426196857145
08-07 08:00,10365.146759528572
08-07 08:15,8107.47746797143
08-07 08:30,7440.556188514286
08-07 08:45,15094.680825142856
08-07 09:00,8079.28665077143
08-07 09:15,1683.3043640714286
08-07 09:30,10202.547000228573
08-07 09:45,1641.9402487142863
08-07 10:00,2105.556599714286
08-07 10:15,11105.481644085716
08-07 10:30,23078.844304428567
08-07 10:45,2181.197654557144
08-07 11:00,10200.498998057144
08-07 11:15,5809.113016385714
08-07 11:30,10527.595477028572
08-07 11:45,11117.952114385716
08-07 12:00,265.89119237142864
08-07 12:15,5966.956996957144
08-07 12:30,2878.8540071857137
08-07 12:45,115.58557877142884
08-07 13:00,5693.322385771428
08-07 13:15,3927.7606835
08-07 13:30,8611.55224202857
08-07 13:45,6599.170718
08-07 14:00,9386.110352185711
08-07 14:15,15544.985688471428
08-07 14:30,10038.670347714286
08-07 14:45,7900.015585257142
08-07 15:00,9912.351532542856
08-07 15:15,2965.1162825571428
08-07 15:30,10112.264774857143
08-07 15:45,8940.295091404332
08-07 16:00,7542.811185128572
08-07 16:15,10733.0689833
08-07 16:30,15401.985448142856
08-07 16:45,7742.6186390428575
08-07 17:00,3592.929638528572
08-07 17:15,12474.536273285714
08-07 17:30,7789.061647228571
08-07 17:45,8864.037998257145
08-07 18:00,1914.3371479571429
08-07 18:15,2518.1991234428574
08-07 18:30,7511.0874781
08-07 18:45,12958.63253514286
08-07 19:00,4787.589763600002
08-07 19:15,0.0
08-07 19:30,2804.438380857144
08-07 19:45,1258.3738692714287
08-07 20:00,6067.665751257143
08-07 20:15,2320.1877148142858
08-07 20:30,2004.7974352528568
08-07 20:45,0.0
08-07 21:00,1484.2857142857142
08-07 21:15,1246.11749549
08-07 21:30,85.20567954285717
08-07 21:45,0.0
08-07 22:00,3629.6492651142858
08-07 22:15,1932.5632091085715
08-07 22:30,1405.530310794286
08-07 22:45,1466.9363265857144
08-07 23:00,1783.8170608342857
08-07 23:15,7599.1369249
08-07 23:30,1484.2857142857142
08-07 23:45,1484.2857142857142
08-08 00:00,2793.141698174286
08-08 00:15,1484.2857142857142
08-08 00:30,2532.2640731914285
08-08 00:45,1484.2857142857142
08-08 01:00,1484.2857142857142
08-08 01:15,1484.2857142857142
08-08 01:30,2610.8906671514283
08-08 01:45,1484.2857142857142
08-08 02:00,1484.2857142857142
08-08 02:15,1484.2857142857142
08-08 02:30,1484.2857142857142
08-08 02:45,1484.2857142857142
08-08 03:00,2384.7745464557142
08-08 03:15,2101.521194824285
08-08 03:30,1484.2857142857142
08-08 03:45,1535.978957142857
08-08 04:00,5903.220007957144
08-08 04:15,2977.166614942857
08-08 04:30,1484.2857142857142
08-08 04:45,2135.3099657057146
08-08 05:00,0.0
08-08 05:15,915.9471552428572
08-08 05:30,0.0
08-08 05:45,0.0
08-08 06:00,1844.2194455428576
08-08 06:15,5311.502213685714
08-08 06:30,7511.098247614287
08-08 06:45,7438.967859157144
08-08 07:00,6739.868047414287
08-08 07:15,1757.8813765285718
08-08 07:30,5351.086577857143
08-08 07:45,20988.363774428573
08-08 08:00,20118.233668714285
08-08 08:15,1037.1542603
08-08 08:30,3233.301886685714
08-08 08:45,2853.167131
08-08 09:00,5416.5213106142855
08-08 09:15,4872.983026385714
08-08 09:30,5787.4863229428565
08-08 09:45,11734.120562185712
08-08 10:00,11596.466250785714
08-08 10:15,17848.032603714284
08-08 10:30,10009.730716942857
08-08 10:45,7440.642196057142
08-08 11:00,10547.312656014286
08-08 11:15,14157.506567742856
08-08 11:30,12619.086912714289
08-08 11:45,19497.222633142857
08-08 12:00,12321.166839114288
08-08 12:15,11520.518265771429
08-08 12:30,17074.875601285716
08-08 12:45,4821.664279057142
08-08 13:00,6207.513101728571
08-08 13:15,3751.871900057143
08-08 13:30,17340.85273757143
08-08 13:45,17742.422863285716
08-08 14:00,6975.764419200001
08-08 14:15,8122.777704314286
08-08 14:30,4853.015699628571
08-08 14:45,24312.260053857142
08-08 15:00,9674.26347022857
08-08 15:15,4849.025996957143
08-08 15:30,12597.8227635
08-08 15:45,8980.812922742856
08-08 16:00,8211.325769771429
08-08 16:15,3118.9991407142857
08-08 16:30,3277.188326100001
08-08 16:45,7125.273058342857
08-08 17:00,7963.426953342857
08-08 17:15,7906.619630557144
08-08 17:30,7365.980807628573
08-08 17:45,5082.464282242858
08-08 18:00,925.3156846857144
08-08 18:15,2011.2534954714288
08-08 18:30,539.2581815142858
08-08 18:45,3174.297523457144
08-08 19:00,0.0
08-08 19:15,0.0
08-08 19:30,1011.1496695428572
08-08 19:45,4252.564669028572
08-08 20:00,0.0
08-08 20:15,0.0
08-08 20:30,5554.429111571429
08-08 20:45,6187.671573928572
08-08 21:00,0.0
08-08 21:15,0.0
08-08 21:30,0.0
08-08 21:45,0.0
08-08 22:00,0.0
08-08 22:15,0.0
08-08 22:30,0.0
08-08 22:45,0.0
08-08 23:00,1821.32946868
08-08 23:15,6227.144743728572
08-08 23:30,2305.170845131429
08-08 23:45,1882.49728536
08-09 00:00,1484.2857142857142
08-09 00:15,2357.556726438572
08-09 00:30,1484.2857142857142
08-09 00:45,1484.2857142857142
08-09 01:00,1484.2857142857142
08-09 01:15,1484.2857142857142
08-09 01:30,2002.09933517
08-09 01:45,1484.2857142857142
08-09 02:00,7259.223515328571
08-09 02:15,1484.2857142857142
08-09 02:30,1484.2857142857142
08-09 02:45,2052.964641901429
08-09 03:00,1484.2857142857142
08-09 03:15,1484.2857142857142
08-09 03:30,1484.2857142857142
08-09 03:45,1484.2857142857142
08-09 04:00,0.0
08-09 04:15,0.0
08-09 04:30,0.0
08-09 04:45,0.0
08-09 05:00,0.0
08-09 05:15,0.0
08-09 05:30,0.0
08-09 05:45,0.0
08-09 06:00,13138.111057571428
08-09 06:15,6187.738222071429
08-09 06:30,2986.283896442857
08-09 06:45,1029.1339572428574
08-09 07:00,20758.46875457144
08-09 07:15,7442.905598942859
08-09 07:30,8310.081540242858
08-09 07:45,12684.063649014286
08-09 08:00,100.4021291285714
08-09 08:15,23901.107614714285
08-09 08:30,7252.899464842859
08-09 08:45,11212.006204157142
08-09 09:00,13822.370558857145
08-09 09:15,13209.680336142856
08-09 09:30,3236.9781114142856
08-09 09:45,8785.023042885716
08-09 10:00,900.1038446428573
08-09 10:15,19577.64030014286
08-09 10:30,9957.00232652857
08-09 10:45,14005.332134285714
08-09 11:00,6944.4525481
08-09 11:15,8331.456623928572
08-09 11:30,13979.772742428571
08-09 11:45,1701.4193738000004
08-09 12:00,5621.8029047
08-09 12:15,4088.2143351
08-09 12:30,14959.433460558565
08-09 12:45,10776.396026157145
08-09 13:00,5383.9283308
08-09 13:15,15261.716158542857
08-09 13:30,3221.2080514714285
08-09 13:45,3796.750395728572
08-09 14:00,4939.483495057143
08-09 14:15,12014.074663757145
08-09 14:30,14455.088685657143
08-09 14:45,5271.678509028572
08-09 15:00,6609.819682871429
08-09 15:15,3801.0146773000006
08-09 15:30,11732.885431585715
08-09 15:45,4811.489988571429
08-09 16:00,14842.716691857144
08-09 16:15,7424.555988600001
08-09 16:30,3037.1443522
08-09 16:45,2507.150755157143
08-09 17:00,2672.905428071429
08-09 17:15,2108.0667018
08-09 17:30,1148.4911841
08-09 17:45,8186.067083314287
08-09 18:00,2966.766129228572
08-09 18:15,10252.349979014289
08-09 18:30,6666.465417357144
08-09 18:45,16138.846713
08-09 19:00,364.2507298285715
08-09 19:15,3650.674666071429
08-09 19:30,320.3774839
08-09 19:45,4602.729958242859
08-09 20:00,0.0
08-09 20:15,1115.7759715000002
08-09 20:30,3768.494122785714
08-09 20:45,2726.0992107714287
08-09 21:00,2633.40700417
08-09 21:15,2745.6441601714287
08-09 21:30,6240.485675585715
08-09 21:45,8176.542265785714
08-09 22:00,1827.6869534742857
08-09 22:15,2646.3374497214286
08-09 22:30,3332.4325325142854
08-09 22:45,1306.983306432857
08-09 23:00,198.1469416142859
08-09 23:15,0.0
08-09 23:30,3089.6677178857144
08-09 23:45,4884.3427056
08-10 00:00,329.5582408371429
08-10 00:15,0.0
08-10 00:30,393.4768798957143
08-10 00:45,476.6223831542857
08-10 01:00,388.2461445157143
08-10 01:15,1026.1324583000005
08-10 01:30,0.0
08-10 01:45,0.0
08-10 02:00,2746.312590735715
08-10 02:15,0.0
08-10 02:30,5657.01500149
08-10 02:45,0.0
08-10 03:00,1484.2857142857142
08-10 03:15,1484.2857142857142
08-10 03:30,1.5458740857148583
08-10 03:45,1484.2857142857142
08-10 04:00,1484.2857142857142
08-10 04:15,1484.2857142857142
08-10 04:30,1484.2857142857142
08-10 04:45,4209.101667857142
08-10 05:00,1484.2857142857142
08-10 05:15,1484.2857142857142
08-10 05:30,1901.7251091114288
08-10 05:45,1884.146774578572
08-10 06:00,0.0
08-10 06:15,5166.181390985715
08-10 06:30,0.0
08-10 06:45,0.0
08-10 07:00,2472.799311842857
08-10 07:15,6582.994185871428
08-10 07:30,520.683257942857
08-10 07:45,3951.049886571429
08-10 08:00,41.91654718571446
08-10 08:15,5400.467668485715
08-10 08:30,0.0
08-10 08:45,532.4035340142858
08-10 09:00,16979.251315142857
08-10 09:15,5632.520240771429
08-10 09:30,4912.2898508
08-10 09:45,720.9366050857145
08-10 10:00,4497.923738771429
08-10 10:15,13687.37425242857
08-10 10:30,19116.608475857145
08-10 10:45,15144.560211557144
08-10 11:00,6067.871661314286
08-10 11:15,10717.287407385717
08-10 11:30,13723.816544942858
08-10 11:45,10813.591763657145
08-10 12:00,8904.302289671428
08-10 12:15,23355.52516728572
08-10 12:30,11274.5165052
08-10 12:45,3375.4427307
08-10 13:00,25441.517858000003
08-10 13:15,15926.810403857144
08-10 13:30,11713.659047
08-10 13:45,2269.785176408572
08-10 14:00,4143.180100257143
08-10 14:15,8946.949257514285
08-10 14:30,5874.250589814285
08-10 14:45,5182.866116200001
08-10 15:00,5704.680502957142
08-10 15:15,12752.904921085714
08-10 15:30,8175.1957718
08-10 15:45,8447.0745116
08-10 16:00,3283.7889968714285
08-10 16:15,5807.960006657143
08-10 16:30,7357.955617828571
08-10 16:45,4200.018700514286
08-10 17:00,13704.776574042857
08-10 17:15,4446.318447428572
08-10 17:30,855.8525005142858
08-10 17:45,3648.490399727094
08-10 18:00,953.282734842857
08-10 18:15,0.0
08-10 18:30,6195.443526714286
08-10 18:45,5332.405219142858
08-10 19:00,11813.845165814286
08-10 19:15,595.3227544428571
08-10 19:30,0.0
08-10 19:45,5562.583298485715
08-10 20:00,0.0
08-10 20:15,1471.2931878428574
08-10 20:30,0.0
08-10 20:45,3864.983946728572
08-10 21:00,0.0
08-10 21:15,0.0
08-10 21:30,320.2056855
08-10 21:45,3729.0429260285714
08-10 22:00,5603.807597385714
08-10 22:15,0.0
08-10 22:30,4278.385040157144
08-10 22:45,0.0
08-10 23:00,0.0
08-10 23:15,0.0
08-10 23:30,0.0
08-10 23:45,0.0
08-11 00:00,0.0
08-11 00:15,0.0
08-11 00:30,0.0
08-11 00:45,0.0
08-11 01:00,0.0
08-11 01:15,0.0
08-11 01:30,0.0
08-11 01:45,0.0
08-11 02:00,3821.635074642857
08-11 02:15,0.0
08-11 02:30,0.0
08-11 02:45,2800.479752042857
08-11 03:00,0.0
08-11 03:15,0.0
08-11 03:30,0.0
08-11 03:45,0.0
08-11 04:00,4811.6965738
08-11 04:15,0.0
08-11 04:30,0.0
08-11 04:45,0.0
08-11 05:00,0.0
08-11 05:15,0.0
08-11 05:30,0.0
08-11 05:45,0.0
08-11 06:00,1484.2857142857142
08-11 06:15,2226.628821597142
08-11 06:30,2358.14853997
08-11 06:45,2000.4896352457145
08-11 07:00,4780.109326057143
08-11 07:15,0.0
08-11 07:30,153.54230837142856
08-11 07:45,472.4545615142858
08-11 08:00,8074.819853185714
08-11 08:15,9341.205223957142
08-11 08:30,1484.2857142857142
08-11 08:45,12330.419674114286
08-11 09:00,13004.8101235
08-11 09:15,6158.331094028571
08-11 09:30,5688.743354171428
08-11 09:45,6595.272787471428
08-11 10:00,11203.600691857142
08-11 10:15,4023.2474534
08-11 10:30,6078.559035285714
08-11 10:45,8735.050273757142
08-11 11:00,19693.668780285712
08-11 11:15,14856.571147357145
08-11 11:30,10878.168468185717
08-11 11:45,16183.79622442857
08-11 12:00,10210.884656314289
08-11 12:15,22186.89258557143
08-11 12:30,6192.374279414286
08-11 12:45,8922.08492507143
08-11 13:00,17840.222965714285
08-11 13:15,21241.022608428568
08-11 13:30,18285.676897
08-11 13:45,8659.066420042856
08-11 14:00,10456.708719742855
08-11 14:15,11976.697963185714
08-11 14:30,11521.1674341
08-11 14:45,13148.368850985711
08-11 15:00,13828.923506928571
08-11 15:15,16331.661386428572
08-11 15:30,7390.947797685714
08-11 15:45,4959.144114028572
08-11 16:00,12473.977331142856
08-11 16:15,7668.691648057143
08-11 16:30,16563.79917128571
08-11 16:45,12073.025577785716
08-11 17:00,2052.3373362
08-11 17:15,6316.429080571429
08-11 17:30,1884.9829246142856
08-11 17:45,2447.3793234714285
08-11 18:00,1370.7841645142855
08-11 18:15,369.5244852571429
08-11 18:30,1240.3208787714289
08-11 18:45,7501.106672342858
08-11 19:00,3935.673692214285
08-11 19:15,0.0
08-11 19:30,853.8655446000001
08-11 19:45,1593.8014036
08-11 20:00,645.1867004857144
08-11 20:15,6063.363112628572
08-11 20:30,1581.650121328572
08-11 20:45,9363.197452157145
08-11 21:00,0.0
08-11 21:15,14026.32623314286
08-11 21:30,0.0
08-11 21:45,0.0
08-11 22:00,3806.4023844142857
08-11 22:15,0.0
08-11 22:30,0.0
08-11 22:45,0.0
08-11 23:00,1484.2857142857142
08-11 23:15,0.0
08-11 23:30,1472.1275809728595
08-11 23:45,2069.3033854385712
08-12 00:00,2091.2546405314283
08-12 00:15,2168.249683814286
08-12 00:30,5936.208555699999
08-12 00:45,1484.2857142857142
08-12 01:00,1484.2857142857142
08-12 01:15,2315.83972738
08-12 01:30,1484.2857142857142
08-12 01:45,1484.2857142857142
08-12 02:00,1484.2857142857142
08-12 02:15,1484.2857142857142
08-12 02:30,4880.357610814286
08-12 02:45,1484.2857142857142
08-12 03:00,2067.1905040914285
08-12 03:15,1484.2857142857142
08-12 03:30,1484.2857142857142
08-12 03:45,1484.2857142857142
08-12 04:00,0.0
08-12 04:15,1149.0311232842855
08-12 04:30,0.0
08-12 04:45,570.2349029799999
08-12 05:00,0.0
08-12 05:15,0.0
08-12 05:30,4612.799592485715
08-12 05:45,0.0
08-12 06:00,7351.103736671429
08-12 06:15,35.29185111428587
08-12 06:30,538.6681770857142
08-12 06:45,1289.1287772285718
08-12 07:00,13909.256019428574
08-12 07:15,0.0
08-12 07:30,2121.3609510857145
08-12 07:45,9136.4146226
08-12 08:00,4333.4329886714295
08-12 08:15,3323.943813157144
08-12 08:30,14799.28355
08-12 08:45,3029.467533642857
08-12 09:00,10599.146261771428
08-12 09:15,16387.419485571427
08-12 09:30,15213.0945184
08-12 09:45,18834.90060657143
08-12 10:00,4810.354242042858
08-12 10:15,7649.649723228571
08-12 10:30,2221.631609671429
08-12 10:45,423.4426328714288
08-12 11:00,10760.1559471
08-12 11:15,14921.987146
08-12 11:30,12511.0408158
08-12 11:45,4667.641907471429
08-12 12:00,6238.087908242857
08-12 12:15,4244.098745428571
08-12 12:30,13734.73306337143
08-12 12:45,3717.762133157143
08-12 13:00,10682.763606285713
08-12 13:15,8229.330638064333
08-12 13:30,903.2590764714288
08-12 13:45,846.6530511000002
08-12 14:00,11492.1830477
08-12 14:15,3617.643244171429
08-12 14:30,10126.452511557143
08-12 14:45,1403.1616006428576
08-12 15:00,18135.86376042857
08-12 15:15,12517.553640314289
08-12 15:30,11755.760668585715
08-12 15:45,3481.9691904
08-12 16:00,1868.038298828572
08-12 16:15,17724.432072714288
08-12 16:30,11804.430509628572
08-12 16:45,3770.660761628571
08-12 17:00,15144.737753714287
08-12 17:15,7632.470182614286
08-12 17:30,16001.474348999998
08-12 17:45,16986.743775
08-12 18:00,8348.260340157143
08-12 18:15,8026.482986242858
08-12 18:30,1289.6567099714289
08-12 18:45,9704.6796528
08-12 19:00,7351.5317272857155
08-12 19:15,141.34100332857162
08-12 19:30,864.8384014714286
08-12 19:45,866.8041425285716
08-12 20:00,6244.813304800001
08-12 20:15,7485.457424657144
08-12 20:30,0.0
08-12 20:45,94.81395147142857
08-12 21:00,583.4235780428571
08-12 21:15,3924.697805728572
08-12 21:30,7316.867270257144
08-12 21:45,0.0
08-12 22:00,2415.564092924286
08-12 22:15,0.0
08-12 22:30,0.0
08-12 22:45,6345.058310057142
08-12 23:00,1387.981449942856
08-12 23:15,1484.2857142857142
08-12 23:30,1484.2857142857142
08-12 23:45,2026.8414012942856
08-13 00:00,1933.2851718771428
08-13 00:15,6081.120804914286
08-13 00:30,1484.2857142857142
08-13 00:45,1484.2857142857142
08-13 01:00,1484.2857142857142
08-13 01:15,1484.2857142857142
08-13 01:30,1484.2857142857142
08-13 01:45,1484.2857142857142
08-13 02:00,1484.2857142857142
08-13 02:15,1484.2857142857142
08-13 02:30,2011.373075615714
08-13 02:45,1484.2857142857142
08-13 03:00,1484.2857142857142
08-13 03:15,7215.129980957142
08-13 03:30,1484.2857142857142
08-13 03:45,1777.1384764685713
08-13 04:00,0.0
08-13 04:15,3133.7726600999995
08-13 04:30,0.0
08-13 04:45,0.0
08-13 05:00,5406.4419553
08-13 05:15,0.0
08-13 05:30,0.0
08-13 05:45,0.0
08-13 06:00,3073.9704051714284
08-13 06:15,0.0
08-13 06:30,602.3448922571429
08-13 06:45,1362.601727714286
08-13 07:00,5884.566838657143
08-13 07:15,14909.99980657143
08-13 07:30,5171.4070036
08-13 07:45,12734.7115021
08-13 08:00,6419.578475828572
08-13 08:15,7592.537643771428
08-13 08:30,4795.056820442858
08-13 08:45,11682.584359342858
08-13 09:00,10113.330712857143
08-13 09:15,13084.228343714283
08-13 09:30,1186.4101727428572
08-13 09:45,0.0
08-13 10:00,11145.103241457144
08-13 10:15,10444.685304871427
08-13 10:30,4709.160728657143
08-13 10:45,2347.9788106414285
08-13 11:00,7484.828466957142
08-13 11:15,4461.415869028571
08-13 11:30,8943.139679671429
08-13 11:45,9367.30299682857
08-13 12:00,2657.2477971442854
08-13 12:15,14019.045662742856
08-13 12:30,7947.379738771428
08-13 12:45,2723.6460526242854
08-13 13:00,11011.184106685714
08-13 13:15,12519.798763028572
08-13 13:30,11213.540807514286
08-13 13:45,10596.327507485714
08-13 14:00,5655.806818071428
08-13 14:15,3235.442135728571
08-13 14:30,10466.156319671429
08-13 14:45,7524.263807171429
08-13 15:00,13580.727080357145
08-13 15:15,9811.946206971428
08-13 15:30,20254.64810542857
08-13 15:45,4948.056614042857
08-13 16:00,2781.5733918
08-13 16:15,18484.29330085714
08-13 16:30,13309.041135142856
08-13 16:45,15344.623034714286
08-13 17:00,5664.169651457143
08-13 17:15,12338.774204328573
08-13 17:30,9660.115733985716
08-13 17:45,2563.631698114286
08-13 18:00,9813.049576942858
08-13 18:15,6712.689202371429
08-13 18:30,4902.597716457143
08-13 18:45,5629.428506971429
08-13 19:00,6439.700760371429
08-13 19:15,928.5109230714288
08-13 19:30,7068.752003114287
08-13 19:45,3029.4917469714287
08-13 20:00,4966.649500928572
08-13 20:15,0.0
08-13 20:30,0.0
08-13 20:45,0.0
08-13 21:00,540.880499114286
08-13 21:15,5125.145415028572
08-13 21:30,0.0
08-13 21:45,3470.510020171429
08-13 22:00,2552.8374209857147
08-13 22:15,3770.1859651857135
08-13 22:30,0.0
08-13 22:45,0.0
08-13 23:00,1860.8781420657144
08-13 23:15,2527.9001176942857
08-13 23:30,2342.771086338572
08-13 23:45,2115.136316545714
08-14 00:00,1484.2857142857142
08-14 00:15,1484.2857142857142
08-14 00:30,1484.2857142857142
08-14 00:45,2157.9924346885714
08-14 01:00,1484.2857142857142
08-14 01:15,1484.2857142857142
08-14 01:30,1484.2857142857142
08-14 01:45,1945.360554812857
08-14 02:00,1484.2857142857142
08-14 02:15,1484.2857142857142
08-14 02:30,1484.2857142857142
08-14 02:45,1484.2857142857142
08-14 03:00,1484.2857142857142
08-14 03:15,1484.2857142857142
08-14 03:30,1484.2857142857142
08-14 03:45,4505.104327785713
08-14 04:00,1484.2857142857142
08-14 04:15,1484.2857142857142
08-14 04:30,1484.2857142857142
08-14 04:45,1484.2857142857142
08-14 05:00,2660.148085414286
08-14 05:15,7864.393951471428
08-14 05:30,0.0
08-14 05:45,0.0
08-14 06:00,2358.5213917428573
08-14 06:15,1143.8023346857144
08-14 06:30,0.0
08-14 06:45,1097.9617395857142
08-14 07:00,6070.853636985716
08-14 07:15,6366.559566700001
08-14 07:30,3290.696419085715
08-14 07:45,6939.0793698
08-14 08:00,10857.041770414287
08-14 08:15,8487.662911771431
08-14 08:30,3151.3632206285715
08-14 08:45,2494.783233257143
08-14 09:00,14307.782544857144
08-14 09:15,9001.4725884
08-14 09:30,7482.107789871428
08-14 09:45,6106.596876242857
08-14 10:00,6014.474608642859
08-14 10:15,5876.26653547143
08-14 10:30,4699.1390902
08-14 10:45,4169.207816778564
08-14 11:00,4107.623926328572
08-14 11:15,8938.090661542858
08-14 11:30,20059.961284
08-14 11:45,7751.803277942857
08-14 12:00,4771.509753414286
08-14 12:15,9747.4491733
08-14 12:30,13173.744162085712
08-14 12:45,4154.644900414286
08-14 13:00,7826.446653871428
08-14 13:15,15424.1695969
08-14 13:30,4013.172419028572
08-14 13:45,5800.278310357143
08-14 14:00,4853.904267628571
08-14 14:15,5517.408609842857
08-14 14:30,6459.3202207714285
08-14 14:45,3692.720879614286
08-14 15:00,5427.976973142858
08-14 15:15,4444.513270785715
08-14 15:30,14104.69991522857
08-14 15:45,18051.50936957143
08-14 16:00,2636.2961116
08-14 16:15,3035.401079042857
08-14 16:30,5720.840063714286
08-14 16:45,7273.4240785
08-14 17:00,9448.550725028574
08-14 17:15,8154.891695814287
08-14 17:30,6871.734844585715
08-14 17:45,16284.526841428573
08-14 18:00,4343.499768242858
08-14 18:15,6768.819971685714
08-14 18:30,12779.4410065
08-14 18:45,3507.8779234857143
08-14 19:00,0.0
08-14 19:15,800.3763570714287
08-14 19:30,6059.605863357144
08-14 19:45,689.9121940142858
08-14 20:00,5183.1455027
08-14 20:15,4022.149134671429
08-14 20:30,0.0
08-14 20:45,0.0
08-14 21:00,0.0
08-14 21:15,4557.381278985714
08-14 21:30,0.0
08-14 21:45,4789.3529967
08-14 22:00,0.0
08-14 22:15,0.0
08-14 22:30,0.0
08-14 22:45,0.0
08-14 23:00,1484.2857142857142
08-14 23:15,1484.2857142857142
08-14 23:30,1484.2857142857142
08-14 23:45,3292.5896469142863
08-15 00:00,1484.2857142857142
08-15 00:15,1484.2857142857142
08-15 00:30,2078.121236425714
08-15 00:45,1484.2857142857142
08-15 01:00,1484.2857142857142
08-15 01:15,1484.2857142857142
08-15 01:30,1906.9407070657144
08-15 01:45,1484.2857142857142
08-15 02:00,1484.2857142857142
08-15 02:15,1484.2857142857142
08-15 02:30,1484.2857142857142
08-15 02:45,5973.823181157142
08-15 03:00,2022.0936831771428
08-15 03:15,1484.2857142857142
08-15 03:30,1484.2857142857142
08-15 03:45,1484.2857142857142
08-15 04:00,1484.2857142857142
08-15 04:15,5163.6968487
08-15 04:30,2216.322030302857
08-15 04:45,2154.7285599514285
08-15 05:00,2260.1716346014287
08-15 05:15,1484.2857142857142
08-15 05:30,1484.2857142857142
08-15 05:45,4155.344473657143
08-15 06:00,4206.438011442858
08-15 06:15,10808.941931514286
08-15 06:30,6205.8713606857145
08-15 06:45,1484.2857142857142
08-15 07:00,10418.035039614286
08-15 07:15,9173.772932342858
08-15 07:30,6202.743602757144
08-15 07:45,2735.544285942857
08-15 08:00,8055.57920257143
08-15 08:15,8028.444254
08-15 08:30,7408.632119157143
08-15 08:45,3336.076300085714
08-15 09:00,795.6773340857144
08-15 09:15,818.7180216857143
08-15 09:30,2807.7167675571427
08-15 09:45,8715.380753914287
08-15 10:00,5032.297695457143
08-15 10:15,3780.869206128572
08-15 10:30,13114.821613371389
08-15 10:45,7329.192499614286
08-15 11:00,2587.193464192857
08-15 11:15,16728.53411157143
08-15 11:30,5088.431071128572
08-15 11:45,12444.47494224286
08-15 12:00,12840.923192914288
08-15 12:15,14981.051790614283
08-15 12:30,10225.10330872857
08-15 12:45,3930.9748019857134
08-15 13:00,3465.501554185714
08-15 13:15,7964.373054314286
08-15 13:30,13536.41571757143
08-15 13:45,14209.647696157142
08-15 14:00,13792.030716942858
08-15 14:15,12347.820607514286
08-15 14:30,3791.152058928572
08-15 14:45,4489.906204357143
08-15 15:00,10517.521572114283
08-15 15:15,20082.02614014285
08-15 15:30,7070.9747104
08-15 15:45,6335.374260657142
08-15 16:00,6517.071602685715
08-15 16:15,13883.662226571429
08-15 16:30,8527.255846014286
08-15 16:45,4271.384493814286
08-15 17:00,10113.623855842858
08-15 17:15,2398.050038757144
08-15 17:30,2584.2432450714286
08-15 17:45,12817.852353285714
08-15 18:00,4687.393901742857
08-15 18:15,10453.60496445714
08-15 18:30,7607.635335642859
08-15 18:45,5891.469031742857
08-15 19:00,152.95649187142865
08-15 19:15,0.0
08-15 19:30,6134.002847871429
08-15 19:45,784.6927258142857
08-15 20:00,2346.9135055714287
08-15 20:15,0.0
08-15 20:30,2996.351671628572
08-15 20:45,0.0
08-15 21:00,400.3322312142859
08-15 21:15,109.67789375714298
08-15 21:30,0.0
08-15 21:45,0.0
08-15 22:00,506.12887130000007
08-15 22:15,0.0
08-15 22:30,0.0
08-15 22:45,0.0
08-15 23:00,1484.2857142857142
08-15 23:15,6321.580533942858
08-15 23:30,2186.811377454286
08-15 23:45,2016.6060632842857
08-16 00:00,1484.2857142857142
08-16 00:15,1484.2857142857142
08-16 00:30,2111.4201786414287
08-16 00:45,1962.406762297143
08-16 01:00,1484.2857142857142
08-16 01:15,1484.2857142857142
08-16 01:30,1484.2857142857142
08-16 01:45,1484.2857142857142
08-16 02:00,2012.515153042857
08-16 02:15,5403.709252042858
08-16 02:30,1484.2857142857142
08-16 02:45,2071.3764922814285
08-16 03:00,1484.2857142857142
08-16 03:15,1484.2857142857142
08-16 03:30,1484.2857142857142
08-16 03:45,1484.2857142857142
08-16 04:00,1484.2857142857142
08-16 04:15,1484.2857142857142
08-16 04:30,1484.2857142857142
08-16 04:45,1484.2857142857142
08-16 05:00,0.0
08-16 05:15,0.0
08-16 05:30,4483.254260728571
08-16 05:45,0.0
08-16 06:00,2895.2292066857144
08-16 06:15,849.1529397142857
08-16 06:30,0.0
08-16 06:45,22382.213494000003
08-16 07:00,9383.117094785714
08-16 07:15,2600.6193681857144
08-16 07:30,3622.433541071429
08-16 07:45,15005.31726142857
08-16 08:00,3247.7080947
08-16 08:15,199.4015823142857
08-16 08:30,5901.435941357143
08-16 08:45,5144.228986928572
08-16 09:00,5993.421020557144
08-16 09:15,10344.160364571428
08-16 09:30,7616.376845542858
08-16 09:45,3188.473149428572
08-16 10:00,5857.670488642858
08-16 10:15,1405.1246522857143
08-16 10:30,1351.6932027000005
08-16 10:45,8317.183700928572
08-16 11:00,5548.389342771429
08-16 11:15,5577.5761259857145
08-16 11:30,8526.392776342858
08-16 11:45,11780.013394928574
08-16 12:00,9068.101510785717
08-16 12:15,14560.0906882
08-16 12:30,19540.763938857144
08-16 12:45,17310.64685442857
08-16 13:00,15451.272271785714
08-16 13:15,10470.117739814285
08-16 13:30,14607.501269071428
08-16 13:45,23392.53759042857
08-16 14:00,13404.487138414284
08-16 14:15,19276.632649857143
08-16 14:30,12038.81923017143
08-16 14:45,19020.581631142857
08-16 15:00,11643.881317628571
08-16 15:15,19549.38587114286
08-16 15:30,21844.10262742857
08-16 15:45,16019.977769072875
08-16 16:00,21063.68375257144
08-16 16:15,19997.506347714287
08-16 16:30,7752.3235129
08-16 16:45,6597.142825142858
08-16 17:00,15771.643353
08-16 17:15,9384.275874985717
08-16 17:30,8880.098919371429
08-16 17:45,7908.482573442858
08-16 18:00,6145.143406628572
08-16 18:15,3456.817836971429
08-16 18:30,15474.940702857144
08-16 18:45,2309.648810057143
08-16 19:00,0.0
08-16 19:15,8586.753939157144
08-16 19:30,3958.3180093428577
08-16 19:45,7148.091816785714
08-16 20:00,3471.2524833714283
08-16 20:15,247.5690766857145
08-16 20:30,3557.1723625142863
08-16 20:45,98.7084931428574
08-16 21:00,267.9526040857144
08-16 21:15,219.0918291714288
08-16 21:30,0.0
08-16 21:45,8456.847280357144
08-16 22:00,0.0
08-16 22:15,0.0
08-16 22:30,0.0
08-16 22:45,326.9163072142857
08-16 23:00,2022.1839368485712
08-16 23:15,253.7744960142858
08-16 23:30,1439.6704455142858
08-16 23:45,941.8043987257143
08-17 00:00,1484.2857142857142
08-17 00:15,1484.2857142857142
08-17 00:30,1484.2857142857142
08-17 00:45,2118.178660588572
08-17 01:00,1953.4611525
08-17 01:15,1484.2857142857142
08-17 01:30,1484.2857142857142
08-17 01:45,1484.2857142857142
08-17 02:00,1484.2857142857142
08-17 02:15,1484.2857142857142
08-17 02:30,2090.4153196714287
08-17 02:45,5759.368248971427
08-17 03:00,2140.00054322
08-17 03:15,2237.695200867143
08-17 03:30,1862.264818872857
08-17 03:45,1484.2857142857142
08-17 04:00,7309.564039514286
08-17 04:15,1663.5647072085712
08-17 04:30,8147.386149414285
08-17 04:45,1484.2857142857142
08-17 05:00,1484.2857142857142
08-17 05:15,1484.2857142857142
08-17 05:30,1484.2857142857142
08-17 05:45,2123.4557822542856
08-17 06:00,2070.523672304286
08-17 06:15,3752.938947442857
08-17 06:30,1888.73050445
08-17 06:45,2277.5816948857146
08-17 07:00,8480.014766214286
08-17 07:15,10128.287038914284
08-17 07:30,6392.238778614285
08-17 07:45,6689.290308071429
08-17 08:00,0.0
08-17 08:15,326.2336055571431
08-17 08:30,481.5459764000003
08-17 08:45,5682.9963011
08-17 09:00,15690.765004142855
08-17 09:15,8911.791825914288
08-17 09:30,4590.3658488142855
08-17 09:45,0.0
08-17 10:00,5731.050710271429
08-17 10:15,373.7823294285717
08-17 10:30,5149.883214428572
08-17 10:45,7572.657131100001
08-17 11:00,6017.26420132857
08-17 11:15,6094.524225415672
08-17 11:30,17489.607859142856
08-17 11:45,13782.118098757142
08-17 12:00,11357.491891985715
08-17 12:15,10449.221728785717
08-17 12:30,14351.058525685716
08-17 12:45,16802.850127142858
08-17 13:00,15667.118295714285
08-17 13:15,10888.919243785716
08-17 13:30,9648.688405671428
08-17 13:45,14366.506144714283
08-17 14:00,4003.3034117857137
08-17 14:15,10228.33083637143
08-17 14:30,6243.2664047
08-17 14:45,21597.97939814286
08-17 15:00,16628.32774185714
08-17 15:15,20851.791124142856
08-17 15:30,6338.024827928572
08-17 15:45,10010.028123414286
08-17 16:00,11142.254969342855
08-17 16:15,11632.5566665
08-17 16:30,927.6795530285716
08-17 16:45,4057.631705557142
08-17 17:00,1919.3456768571432
08-17 17:15,8723.481265128572
08-17 17:30,1518.1110652428574
08-17 17:45,18517.832860142866
08-17 18:00,0.0
08-17 18:15,0.0
08-17 18:30,399.23611957142856
08-17 18:45,0.0
08-17 19:00,5399.160552657144
08-17 19:15,4907.959442914286
08-17 19:30,4968.588306300001
08-17 19:45,1746.463103257143
08-17 20:00,5596.923886014286
08-17 20:15,3032.1390042857147
08-17 20:30,0.0
08-17 20:45,4373.420067000001
08-17 21:00,0.0
08-17 21:15,3972.9989047
08-17 21:30,0.0
08-17 21:45,1048.2918899714286
08-17 22:00,2381.4902683428577
08-17 22:15,4957.674102700001
08-17 22:30,0.0
08-17 22:45,0.0
08-17 23:00,4889.135234728572
08-17 23:15,0.0
08-17 23:30,0.0
08-17 23:45,0.0
08-18 00:00,1484.2857142857142
08-18 00:15,2118.5309721357144
08-18 00:30,2175.161833768572
08-18 00:45,1932.7468319871427
08-18 01:00,0.0
08-18 01:15,0.0
08-18 01:30,0.0
08-18 01:45,0.0
08-18 02:00,0.0
08-18 02:15,294.8699647714286
08-18 02:30,0.0
08-18 02:45,0.0
08-18 03:00,0.0
08-18 03:15,0.0
08-18 03:30,0.0
08-18 03:45,0.0
08-18 04:00,1484.2857142857142
08-18 04:15,1484.2857142857142
08-18 04:30,1484.2857142857142
08-18 04:45,1484.2857142857142
08-18 05:00,1484.2857142857142
08-18 05:15,1484.2857142857142
08-18 05:30,1484.2857142857142
08-18 05:45,1484.2857142857142
08-18 06:00,3543.664063528572
08-18 06:15,0.0
08-18 06:30,0.0
08-18 06:45,0.0
08-18 07:00,8349.349790200002
08-18 07:15,2642.566936828572
08-18 07:30,0.0
08-18 07:45,0.0
08-18 08:00,11.086061500000165
08-18 08:15,1386.0464871285717
08-18 08:30,2106.928177814286
08-18 08:45,311.5348514142857
08-18 09:00,8972.996686214286
08-18 09:15,11837.252878542857
08-18 09:30,5230.415514485715
08-18 09:45,676.9742082285716
08-18 10:00,16332.021191714286
08-18 10:15,17611.911827857144
08-18 10:30,6857.409043571429
08-18 10:45,4337.707375385715
08-18 11:00,10700.160348342855
08-18 11:15,10608.818659085717
08-18 11:30,9799.15035472857
08-18 11:45,20294.63275314285
08-18 12:00,10477.168574642856
08-18 12:15,6131.875285785714
08-18 12:30,25277.75489714286
08-18 12:45,22601.74163414285
08-18 13:00,5618.694383628571
08-18 13:15,6791.107041757142
08-18 13:30,19940.302279714284
08-18 13:45,17115.140157857142
08-18 14:00,5168.115804671428
08-18 14:15,9235.177919442856
08-18 14:30,10693.549958142856
08-18 14:45,8648.063477528573
08-18 15:00,9463.658187357143
08-18 15:15,23554.83511428572
08-18 15:30,6003.424173157143
08-18 15:45,4290.053790257142
08-18 16:00,14086.439278957145
08-18 16:15,22308.791367857146
08-18 16:30,17488.409667714288
08-18 16:45,15658.47289385714
08-18 17:00,7795.857886757143
08-18 17:15,4946.972577214286
08-18 17:30,6058.000757057143
08-18 17:45,7907.114626671429
08-18 18:00,2510.5997087714286
08-18 18:15,610.2937897714288
08-18 18:30,474.7354954142859
08-18 18:45,2590.0455099857145
08-18 19:00,6693.164080485714
08-18 19:15,463.03289631428567
08-18 19:30,34.297631514285904
08-18 19:45,5403.307009671429
08-18 20:00,0.0
08-18 20:15,2927.1775500571425
08-18 20:30,10119.21163024286
08-18 20:45,5921.435044385716
08-18 21:00,0.0
08-18 21:15,0.0
08-18 21:30,0.0
08-18 21:45,0.0
08-18 22:00,0.0
08-18 22:15,0.0
08-18 22:30,0.0
08-18 22:45,0.0
08-18 23:00,0.0
08-18 23:15,179.6482036914122
08-18 23:30,2015.8892980285711
08-18 23:45,1484.2857142857142
08-19 00:00,1484.2857142857142
08-19 00:15,1484.2857142857142
08-19 00:30,1484.2857142857142
08-19 00:45,2119.9911620157145
08-19 01:00,1484.2857142857142
08-19 01:15,1484.2857142857142
08-19 01:30,1484.2857142857142
08-19 01:45,1484.2857142857142
08-19 02:00,1484.2857142857142
08-19 02:15,1484.2857142857142
08-19 02:30,1484.2857142857142
08-19 02:45,1484.2857142857142
08-19 03:00,2016.7658032357144
08-19 03:15,1484.2857142857142
08-19 03:30,2271.9690532414284
08-19 03:45,1484.2857142857142
08-19 04:00,0.0
08-19 04:15,0.0
08-19 04:30,7692.233448728576
08-19 04:45,563.8104574142857
08-19 05:00,0.0
08-19 05:15,0.0
08-19 05:30,0.0
08-19 05:45,9902.7708365
08-19 06:00,3327.810919128572
08-19 06:15,5194.0058438000015
08-19 06:30,8444.79077017143
08-19 06:45,5537.336523957143
08-19 07:00,1200.4756110142855
08-19 07:15,17034.48848657143
08-19 07:30,5642.928590628572
08-19 07:45,8091.534534828572
08-19 08:00,6357.787463371428
08-19 08:15,10382.5273307
08-19 08:30,6885.244314442858
08-19 08:45,5009.969883571429
08-19 09:00,12695.715777900004
08-19 09:15,947.7480938714288
08-19 09:30,3349.2576350857144
08-19 09:45,5472.8984911285725
08-19 10:00,3549.809999814286
08-19 10:15,5885.085667185716
08-19 10:30,7347.708111659997
08-19 10:45,18499.242732285715
08-19 11:00,7380.089303857143
08-19 11:15,15373.923271171428
08-19 11:30,3714.480504271429
08-19 11:45,4395.073245714286
08-19 12:00,25422.856662
08-19 12:15,4915.179842285715
08-19 12:30,6787.051440042857
08-19 12:45,8443.43316307143
08-19 13:00,12250.105218614286
08-19 13:15,11949.841523771427
08-19 13:30,9928.91823437143
08-19 13:45,10249.739393928572
08-19 14:00,13408.25051877143
08-19 14:15,10552.539690814285
08-19 14:30,6058.509726214286
08-19 14:45,6377.489523942857
08-19 15:00,17145.297731
08-19 15:15,3050.491816
08-19 15:30,15864.053157428572
08-19 15:45,11379.110526957142
08-19 16:00,15434.421982
08-19 16:15,14286.151812428572
08-19 16:30,21846.70229004428
08-19 16:45,2935.235716271429
08-19 17:00,3142.4634242571424
08-19 17:15,8513.14258022857
08-19 17:30,10593.4991105
08-19 17:45,2934.0758698000004
08-19 18:00,10417.172500442855
08-19 18:15,10464.147067057143
08-19 18:30,5994.724124100001
08-19 18:45,2662.540510957143
08-19 19:00,37.5841171857145
08-19 19:15,0.0
08-19 19:30,9415.394996542858
08-19 19:45,0.0
08-19 20:00,4957.248181728572
08-19 20:15,0.0
08-19 20:30,4122.663405071429
08-19 20:45,0.0
08-19 21:00,1647.8802168000002
08-19 21:15,20.01539994285714
08-19 21:30,2994.8577537
08-19 21:45,0.0
08-19 22:00,2314.995357428572
08-19 22:15,0.0
08-19 22:30,0.0
08-19 22:45,0.0
08-19 23:00,1934.3978634071427
08-19 23:15,1484.2857142857142
08-19 23:30,6741.978460114286
08-19 23:45,2012.0477301714288
08-20 00:00,2269.1637754042854
08-20 00:15,1484.2857142857142
08-20 00:30,1484.2857142857142
08-20 00:45,1484.2857142857142
08-20 01:00,1484.2857142857142
08-20 01:15,1484.2857142857142
08-20 01:30,1484.2857142857142
08-20 01:45,4715.204655828572
08-20 02:00,1484.2857142857142
08-20 02:15,1484.2857142857142
08-20 02:30,1484.2857142857142
08-20 02:45,1484.2857142857142
08-20 03:00,2381.685797704286
08-20 03:15,1934.2254327157143
08-20 03:30,1484.2857142857142
08-20 03:45,1484.2857142857142
08-20 04:00,2105.107933448571
08-20 04:15,1484.2857142857142
08-20 04:30,1484.2857142857142
08-20 04:45,5713.284336728572
08-20 05:00,0.0
08-20 05:15,0.0
08-20 05:30,0.0
08-20 05:45,0.0
08-20 06:00,3181.8827242571424
08-20 06:15,719.1109085571431
08-20 06:30,3680.425075557143
08-20 06:45,3227.649002528572
08-20 07:00,13243.215483857144
08-20 07:15,14863.316134
08-20 07:30,730.044746
08-20 07:45,8837.74414767143
08-20 08:00,1616.2972778714286
08-20 08:15,7947.98685097143
08-20 08:30,12323.680737671431
08-20 08:45,6197.490701057143
08-20 09:00,8385.137699057144
08-20 09:15,6773.329574414285
08-20 09:30,16812.073130285713
08-20 09:45,1174.400913857143
08-20 10:00,704.6694626571431
08-20 10:15,4047.312649771429
08-20 10:30,6766.514605342858
08-20 10:45,1834.841608428572
08-20 11:00,10124.550670014289
08-20 11:15,2835.924142257142
08-20 11:30,3568.3248595471864
08-20 11:45,4462.022442385715
08-20 12:00,4619.326668828571
08-20 12:15,5187.232316371428
08-20 12:30,3001.2630502285715
08-20 12:45,17548.02422257143
08-20 13:00,9088.892010571428
08-20 13:15,7220.915125442857
08-20 13:30,10397.24679692857
08-20 13:45,10395.618226157145
08-20 14:00,6101.716749528571
08-20 14:15,1410.1571835571433
08-20 14:30,5297.012293271429
08-20 14:45,9292.8741545
08-20 15:00,9438.614819342858
08-20 15:15,18446.07199242857
08-20 15:30,15622.867548628574
08-20 15:45,8380.479055628572
08-20 16:00,11819.509826728572
08-20 16:15,12920.803845714285
08-20 16:30,15748.163961714286
08-20 16:45,15324.743260571431
08-20 17:00,21895.62808628572
08-20 17:15,7401.3793045857155
08-20 17:30,9417.318838057145
08-20 17:45,5101.181528271429
08-20 18:00,4713.640307457144
08-20 18:15,553.133413514286
08-20 18:30,2704.5130773
08-20 18:45,5764.515925714286
08-20 19:00,5343.351801785714
08-20 19:15,423.0874592142857
08-20 19:30,0.0
08-20 19:45,0.0
08-20 20:00,0.0
08-20 20:15,708.5811544142857
08-20 20:30,745.7269052142859
08-20 20:45,0.0
08-20 21:00,3309.524033871429
08-20 21:15,0.0
08-20 21:30,0.0
08-20 21:45,473.0082082571431
08-20 22:00,7330.182236385714
08-20 22:15,2989.785492072854
08-20 22:30,0.0
08-20 22:45,0.0
08-20 23:00,1484.2857142857142
08-20 23:15,2283.9828740357143
08-20 23:30,2250.19186859
08-20 23:45,1825.2546872742853
08-21 00:00,1484.2857142857142
08-21 00:15,1810.8465991685712
08-21 00:30,1484.2857142857142
08-21 00:45,1484.2857142857142
08-21 01:00,5509.004721414286
08-21 01:15,1484.2857142857142
08-21 01:30,1484.2857142857142
08-21 01:45,1484.2857142857142
08-21 02:00,1484.2857142857142
08-21 02:15,1484.2857142857142
08-21 02:30,1902.5887947414285
08-21 02:45,1484.2857142857142
08-21 03:00,1484.2857142857142
08-21 03:15,1484.2857142857142
08-21 03:30,1948.8732019771428
08-21 03:45,1484.2857142857142
08-21 04:00,1484.2857142857142
08-21 04:15,1484.2857142857142
08-21 04:30,6444.682271471429
08-21 04:45,1952.436364815714
08-21 05:00,0.0
08-21 05:15,0.0
08-21 05:30,0.0
08-21 05:45,0.0
08-21 06:00,755.2737448714288
08-21 06:15,2668.8050864428574
08-21 06:30,5589.7106035000015
08-21 06:45,4806.321167185715
08-21 07:00,23132.21595871429
08-21 07:15,12310.811205514286
08-21 07:30,11958.668778642856
08-21 07:45,19125.786821
08-21 08:00,7454.7629252
08-21 08:15,2220.473931914286
08-21 08:30,6989.322551657144
08-21 08:45,7720.328991028572
08-21 09:00,12528.455659128573
08-21 09:15,9757.946951271428
08-21 09:30,13919.061350428572
08-21 09:45,6802.856116114286
08-21 10:00,6393.2113423
08-21 10:15,15.902524871428565
08-21 10:30,6090.8571957428585
08-21 10:45,6764.949095514287
08-21 11:00,8534.794745
08-21 11:15,6560.636819471428
08-21 11:30,9980.402896771428
08-21 11:45,6868.636488414287
08-21 12:00,13080.799227314288
08-21 12:15,7959.807262042857
08-21 12:30,7669.323605828572
08-21 12:45,9223.17379847143
08-21 13:00,13870.27449007143
08-21 13:15,16908.458866285717
08-21 13:30,11130.341835085714
08-21 13:45,17152.82238357143
08-21 14:00,10423.32326102857
08-21 14:15,9534.524414742858
08-21 14:30,8280.100191114287
08-21 14:45,11408.929254685714
08-21 15:00,5995.871275214287
08-21 15:15,27422.72225528572
08-21 15:30,8697.874409757143
08-21 15:45,9473.147749228572
08-21 16:00,1436.1755165428574
08-21 16:15,8052.010546600002
08-21 16:30,16988.086121
08-21 16:45,12934.651778857144
08-21 17:00,18294.468956
08-21 17:15,8555.326193314286
08-21 17:30,21354.463889
08-21 17:45,9830.688690685714
08-21 18:00,206.2273560428572
08-21 18:15,5692.273406942857
08-21 18:30,11187.61130494286
08-21 18:45,11444.91455242857
08-21 19:00,1876.899152328572
08-21 19:15,9191.953776057144
08-21 19:30,0.0
08-21 19:45,583.1433438714288
08-21 20:00,0.0
08-21 20:15,227.3556082142858
08-21 20:30,5560.607311014286
08-21 20:45,5930.875509228572
08-21 21:00,1997.765838142857
08-21 21:15,1058.642572557143
08-21 21:30,0.0
08-21 21:45,0.0
08-21 22:00,0.0
08-21 22:15,0.0
08-21 22:30,0.0
08-21 22:45,0.0
08-21 23:00,1484.2857142857142
08-21 23:15,1484.2857142857142
08-21 23:30,3653.1991578857146
08-21 23:45,1484.2857142857142
08-22 00:00,1790.102137572857
08-22 00:15,1484.2857142857142
08-22 00:30,1484.2857142857142
08-22 00:45,2153.9535759971427
08-22 01:00,1484.2857142857142
08-22 01:15,1484.2857142857142
08-22 01:30,2146.712869075714
08-22 01:45,1484.2857142857142
08-22 02:00,2083.369389524285
08-22 02:15,1484.2857142857142
08-22 02:30,1484.2857142857142
08-22 02:45,1484.2857142857142
08-22 03:00,1484.2857142857142
08-22 03:15,1484.2857142857142
08-22 03:30,1974.4287420557143
08-22 03:45,1484.2857142857142
08-22 04:00,1484.2857142857142
08-22 04:15,1484.2857142857142
08-22 04:30,1484.2857142857142
08-22 04:45,2496.85566174
08-22 05:00,107.47846232857152
08-22 05:15,5582.0127351857145
08-22 05:30,0.0
08-22 05:45,115.25272127142858
08-22 06:00,11619.254724071428
08-22 06:15,285.40805965714304
08-22 06:30,0.0
08-22 06:45,5769.357665814286
08-22 07:00,20777.990735000003
08-22 07:15,8857.148857285714
08-22 07:30,6813.147635828572
08-22 07:45,8825.320880385714
08-22 08:00,10049.584252185716
08-22 08:15,6467.609594742858
08-22 08:30,15357.254244714286
08-22 08:45,7233.384367171428
08-22 09:00,14015.879301714289
08-22 09:15,12381.649792042856
08-22 09:30,7847.964343771429
08-22 09:45,2450.3633429
08-22 10:00,5909.924594457143
08-22 10:15,5167.151178914286
08-22 10:30,3741.1504112142857
08-22 10:45,9796.189218571428
08-22 11:00,8882.329501685714
08-22 11:15,17197.035393714286
08-22 11:30,13377.547888857142
08-22 11:45,11842.961009885714
08-22 12:00,7718.632471485715
08-22 12:15,9033.979607971429
08-22 12:30,11459.591823571429
08-22 12:45,13930.70119905714
08-22 13:00,14466.362840499998
08-22 13:15,8497.863437799999
08-22 13:30,3374.1831718142853
08-22 13:45,15018.839156885717
08-22 14:00,4908.482168985714
08-22 14:15,20197.61021157143
08-22 14:30,17646.369347285712
08-22 14:45,9548.350286957142
08-22 15:00,10148.0327751
08-22 15:15,11279.770135042856
08-22 15:30,12226.72492424286
08-22 15:45,18495.561261714287
08-22 16:00,3319.942274142858
08-22 16:15,6519.902386457144
08-22 16:30,18370.64452771429
08-22 16:45,11994.314521728573
08-22 17:00,9952.731161914284
08-22 17:15,7585.747546271429
08-22 17:30,3812.1789457428576
08-22 17:45,11430.687702242856
08-22 18:00,2379.117794385714
08-22 18:15,7878.211971257144
08-22 18:30,38.540134714285685
08-22 18:45,6585.297894671429
08-22 19:00,9943.948759357145
08-22 19:15,519.9855841142858
08-22 19:30,6681.358498814287
08-22 19:45,6700.144746700001
08-22 20:00,1383.3636407
08-22 20:15,0.0
08-22 20:30,6697.882210471429
08-22 20:45,568.7317519000002
08-22 21:00,1371.1522971000002
08-22 21:15,3582.456553857144
08-22 21:30,446.2547221428572
08-22 21:45,0.0
08-22 22:00,2017.674102688572
08-22 22:15,1484.2857142857142
08-22 22:30,94.22541773284738
08-22 22:45,0.0
08-22 23:00,2001.2893720271427
08-22 23:15,1484.2857142857142
08-22 23:30,2150.877787407143
08-22 23:45,1484.2857142857142
08-23 00:00,1484.2857142857142
08-23 00:15,1484.2857142857142
08-23 00:30,1766.01698893
08-23 00:45,2010.151406732857
08-23 01:00,1484.2857142857142
08-23 01:15,1484.2857142857142
08-23 01:30,1484.2857142857142
08-23 01:45,1943.40206486
08-23 02:00,1484.2857142857142
08-23 02:15,1484.2857142857142
08-23 02:30,1484.2857142857142
08-23 02:45,1484.2857142857142
08-23 03:00,1484.2857142857142
08-23 03:15,1484.2857142857142
08-23 03:30,1484.2857142857142
08-23 03:45,1484.2857142857142
08-23 04:00,1484.2857142857142
08-23 04:15,1484.2857142857142
08-23 04:30,1484.2857142857142
08-23 04:45,1484.2857142857142
08-23 05:00,0.0
08-23 05:15,0.0
08-23 05:30,3017.2016580571435
08-23 05:45,0.0
08-23 06:00,5228.045018299999
08-23 06:15,1815.331325471429
08-23 06:30,23254.90364442857
08-23 06:45,1344.8655381142858
08-23 07:00,6348.399045057145
08-23 07:15,18619.008964857145
08-23 07:30,1095.4848730285717
08-23 07:45,18164.67039142857
08-23 08:00,6678.931084142858
08-23 08:15,4636.401533100001
08-23 08:30,6773.382800342859
08-23 08:45,1027.9286618285714
08-23 09:00,7637.083206985714
08-23 09:15,1104.9844430000005
08-23 09:30,11318.269257657144
08-23 09:45,22909.978818571424
08-23 10:00,10379.19312094286
08-23 10:15,3645.496773871429
08-23 10:30,11725.321619157145
08-23 10:45,8011.740597814287
08-23 11:00,21073.66682971428
08-23 11:15,11153.630256985714
08-23 11:30,17811.72062914286
08-23 11:45,6325.555819971429
08-23 12:00,5343.895092171429
08-23 12:15,4005.4763710142856
08-23 12:30,5860.405288785714
08-23 12:45,4879.2475468
08-23 13:00,14318.879736485716
08-23 13:15,6671.706537557143
08-23 13:30,13398.390281142856
08-23 13:45,5889.881741671428
08-23 14:00,9396.579152571428
08-23 14:15,10503.717373814286
08-23 14:30,16994.847956714286
08-23 14:45,16523.118511142853
08-23 15:00,23155.739868
08-23 15:15,12516.711261928574
08-23 15:30,9316.2138594
08-23 15:45,11782.0346198
08-23 16:00,12630.429074057143
08-23 16:15,19314.586859285715
08-23 16:30,7800.46617737143
08-23 16:45,8100.637538400001
08-23 17:00,5490.720979414286
08-23 17:15,10244.004346914287
08-23 17:30,11495.010182357146
08-23 17:45,3685.339212342858
08-23 18:00,10197.189610957144
08-23 18:15,4814.687937414286
08-23 18:30,13772.923323285711
08-23 18:45,8578.845927414286
08-23 19:00,13339.732325428571
08-23 19:15,3781.7691575857134
08-23 19:30,760.7639868857143
08-23 19:45,5125.5126396714295
08-23 20:00,3259.5446672714284
08-23 20:15,4619.622407500001
08-23 20:30,2246.4581100428577
08-23 20:45,0.0
08-23 21:00,7893.238650742858
08-23 21:15,1600.0141124142858
08-23 21:30,0.0
08-23 21:45,9487.303264871429
08-23 22:00,2793.7678974142864
08-23 22:15,0.0
08-23 22:30,0.0
08-23 22:45,0.0
08-23 23:00,2794.4199444714286
08-23 23:15,1061.148346414286
08-23 23:30,188.1405216714288
08-23 23:45,0.0
08-24 00:00,673.1864334457143
08-24 00:15,5790.848322425714
08-24 00:30,0.0
08-24 00:45,0.0
08-24 01:00,664.6567236428571
08-24 01:15,958.24440477
08-24 01:30,0.0
08-24 01:45,0.0
08-24 02:00,7664.134683214285
08-24 02:15,2495.863978904285
08-24 02:30,260.32443056285905
08-24 02:45,0.0
08-24 03:00,2318.252950545714
08-24 03:15,1484.2857142857142
08-24 03:30,1484.2857142857142
08-24 03:45,1484.2857142857142
08-24 04:00,1484.2857142857142
08-24 04:15,1484.2857142857142
08-24 04:30,1484.2857142857142
08-24 04:45,1484.2857142857142
08-24 05:00,0.0
08-24 05:15,0.0
08-24 05:30,0.0
08-24 05:45,0.0
08-24 06:00,6222.915082128572
08-24 06:15,111.34597929999998
08-24 06:30,0.0
08-24 06:45,0.0
08-24 07:00,0.0
08-24 07:15,724.1090386714287
08-24 07:30,1376.0112510285717
08-24 07:45,7265.870312385714
08-24 08:00,1001.0189848571432
08-24 08:15,1178.8619440285715
08-24 08:30,9503.3158796
08-24 08:45,0.0
08-24 09:00,14359.303067314286
08-24 09:15,3990.599720407145
08-24 09:30,12267.41284887143
08-24 09:45,3524.484155085714
08-24 10:00,15031.32207387143
08-24 10:15,9019.022501142856
08-24 10:30,12332.385880500002
08-24 10:45,14816.31396772857
08-24 11:00,6473.106227514285
08-24 11:15,20560.430747285714
08-24 11:30,4035.756895828572
08-24 11:45,3426.438449042857
08-24 12:00,13834.441339442856
08-24 12:15,23813.35941400001
08-24 12:30,14661.048783
08-24 12:45,15483.581398985712
08-24 13:00,9146.1969712
08-24 13:15,14123.187751671428
08-24 13:30,12182.105608271428
08-24 13:45,10263.588514142855
08-24 14:00,7308.214728814285
08-24 14:15,9191.362651628571
08-24 14:30,8716.99556422857
08-24 14:45,3959.5643222999993
08-24 15:00,10646.573024042857
08-24 15:15,6363.031283385713
08-24 15:30,18396.912835714287
08-24 15:45,11665.768000000002
08-24 16:00,2174.3524568857147
08-24 16:15,1573.9938523285716
08-24 16:30,9262.500391128571
08-24 16:45,8352.660480371429
08-24 17:00,9287.282178100002
08-24 17:15,16282.073497285715
08-24 17:30,2927.8948684714287
08-24 17:45,2111.9612439285715
08-24 18:00,2267.213857414286
08-24 18:15,0.0
08-24 18:30,989.6707975857144
08-24 18:45,0.0
08-24 19:00,6022.336876985715
08-24 19:15,825.469804214286
08-24 19:30,1896.699959614286
08-24 19:45,0.0
08-24 20:00,108.98951264285736
08-24 20:15,11307.96397484286
08-24 20:30,914.9617735
08-24 20:45,6087.955047228572
08-24 21:00,0.0
08-24 21:15,0.0
08-24 21:30,5702.1266172000005
08-24 21:45,0.0
08-24 22:00,3086.308762242857
08-24 22:15,0.0
08-24 22:30,3743.0626451
08-24 22:45,876.4717014285717
08-24 23:00,1056.5929927328573
08-24 23:15,491.33306236857146
08-24 23:30,2079.319849814286
08-24 23:45,328.4576961142857
08-25 00:00,4457.380472428572
08-25 00:15,0.0
08-25 00:30,0.0
08-25 00:45,650.647205207143
08-25 01:00,0.0
08-25 01:15,0.0
08-25 01:30,0.0
08-25 01:45,0.0
08-25 02:00,2396.623117028572
08-25 02:15,2073.9859829342854
08-25 02:30,4786.6090817428585
08-25 02:45,5602.886610557143
08-25 03:00,1484.2857142857142
08-25 03:15,2135.84187506
08-25 03:30,1484.2857142857142
08-25 03:45,1484.2857142857142
08-25 04:00,1484.2857142857142
08-25 04:15,1484.2857142857142
08-25 04:30,1484.2857142857142
08-25 04:45,4647.239596928572
08-25 05:00,1484.2857142857142
08-25 05:15,1484.2857142857142
08-25 05:30,1484.2857142857142
08-25 05:45,1484.2857142857142
08-25 06:00,1484.2857142857142
08-25 06:15,169.2735760857143
08-25 06:30,1484.2857142857142
08-25 06:45,265.12853746995336
08-25 07:00,239.29837551428588
08-25 07:15,6026.7242429285725
08-25 07:30,0.0
08-25 07:45,0.0
08-25 08:00,9912.346685585711
08-25 08:15,6965.554423514287
08-25 08:30,8010.173646200002
08-25 08:45,0.0
08-25 09:00,7481.5323553571425
08-25 09:15,6929.893902657143
08-25 09:30,11477.849385171428
08-25 09:45,4875.422207271429
08-25 10:00,17597.712199714286
08-25 10:15,18769.144406857144
08-25 10:30,3747.7322195142856
08-25 10:45,7079.2329546857145
08-25 11:00,14852.628043514283
08-25 11:15,15918.32613742857
08-25 11:30,9809.571548128572
08-25 11:45,11069.381376314286
08-25 12:00,18434.148874714287
08-25 12:15,14045.538946914285
08-25 12:30,18585.361873
08-25 12:45,11511.05711722857
08-25 13:00,11331.576284228571
08-25 13:15,5318.675006500001
08-25 13:30,8545.418684185714
08-25 13:45,7487.112289099999
08-25 14:00,8612.810881014288
08-25 14:15,17227.94250457143
08-25 14:30,11764.114877714288
08-25 14:45,17644.653518142855
08-25 15:00,13529.5946427
08-25 15:15,11495.737895542858
08-25 15:30,9644.700720685714
08-25 15:45,18932.667394857144
08-25 16:00,6079.097097914283
08-25 16:15,8846.977845585714
08-25 16:30,4505.189402757143
08-25 16:45,2348.4553088142857
08-25 17:00,473.615774414286
08-25 17:15,9223.602521571427
08-25 17:30,13407.43730314286
08-25 17:45,3241.8290732
08-25 18:00,2867.646017014285
08-25 18:15,3162.187374614285
08-25 18:30,3792.723646742857
08-25 18:45,12434.857644685717
08-25 19:00,5093.337716257144
08-25 19:15,409.86017672857145
08-25 19:30,0.0
08-25 19:45,1886.3620589714285
08-25 20:00,0.0
08-25 20:15,0.0
08-25 20:30,7911.267253714286
08-25 20:45,2357.6866158000007
08-25 21:00,0.0
08-25 21:15,0.0
08-25 21:30,3838.174493528572
08-25 21:45,0.0
08-25 22:00,0.0
08-25 22:15,0.0
08-25 22:30,740.4331657857144
08-25 22:45,0.0
08-25 23:00,1484.2857142857142
08-25 23:15,0.0
08-25 23:30,142.24820708141883
08-25 23:45,0.0
08-26 00:00,1971.3321077157143
08-26 00:15,1484.2857142857142
08-26 00:30,1484.2857142857142
08-26 00:45,1484.2857142857142
08-26 01:00,1484.2857142857142
08-26 01:15,2172.302543642857
08-26 01:30,1484.2857142857142
08-26 01:45,1484.2857142857142
08-26 02:00,1929.0529488114285
08-26 02:15,1484.2857142857142
08-26 02:30,1484.2857142857142
08-26 02:45,1742.5830141485717
08-26 03:00,1484.2857142857142
08-26 03:15,2215.0776224214283
08-26 03:30,1484.2857142857142
08-26 03:45,2045.5214177928567
08-26 04:00,572.6408017828571
08-26 04:15,738.5786600800001
08-26 04:30,0.0
08-26 04:45,5909.395889300001
08-26 05:00,0.0
08-26 05:15,0.0
08-26 05:30,0.0
08-26 05:45,0.0
08-26 06:00,12627.527013571427
08-26 06:15,6053.467687057144
08-26 06:30,5072.763644357143
08-26 06:45,15709.326588285716
08-26 07:00,16877.814509857144
08-26 07:15,6458.784245242859
08-26 07:30,1002.2244415857144
08-26 07:45,11690.484990385716
08-26 08:00,2311.412903642857
08-26 08:15,6372.251576328572
08-26 08:30,9323.465470414289
08-26 08:45,10456.209361271429
08-26 09:00,6118.616362514286
08-26 09:15,5097.440828142858
08-26 09:30,2530.206619814285
08-26 09:45,5293.051928100001
08-26 10:00,2328.721838328572
08-26 10:15,1191.9459496142858
08-26 10:30,6575.9507951000005
08-26 10:45,5816.865603114286
08-26 11:00,5107.797595142857
08-26 11:15,7518.566078785715
08-26 11:30,7967.282733171428
08-26 11:45,3413.2125730142857
08-26 12:00,7621.633629842857
08-26 12:15,5889.925773185714
08-26 12:30,14250.814508485711
08-26 12:45,17653.898238142858
08-26 13:00,9505.3476349
08-26 13:15,14140.985031342858
08-26 13:30,12095.749754614288
08-26 13:45,14730.772720100002
08-26 14:00,4543.145431042857
08-26 14:15,20761.209788571432
08-26 14:30,23604.235958
08-26 14:45,19197.17184742857
08-26 15:00,9207.146959208572
08-26 15:15,19683.178509428573
08-26 15:30,11871.5228302
08-26 15:45,16826.833361999998
08-26 16:00,3872.5373145857134
08-26 16:15,11913.409891214284
08-26 16:30,13591.306084571428
08-26 16:45,16186.670408428572
08-26 17:00,10661.919192085716
08-26 17:15,4539.226364271428
08-26 17:30,6780.688352628571
08-26 17:45,15932.832612285714
08-26 18:00,6254.9933836
08-26 18:15,15780.862966142857
08-26 18:30,14656.831580571428
08-26 18:45,14629.403592
08-26 19:00,0.0
08-26 19:15,0.0
08-26 19:30,2348.8050298000003
08-26 19:45,6369.295080500001
08-26 20:00,466.56147520000025
08-26 20:15,1195.1684603142858
08-26 20:30,0.0
08-26 20:45,916.9818790285714
08-26 21:00,36.08271024285736
08-26 21:15,0.0
08-26 21:30,0.0
08-26 21:45,0.0
08-26 22:00,2421.833603597143
08-26 22:15,2060.979253477143
08-26 22:30,1935.041471838572
08-26 22:45,1484.2857142857142
08-26 23:00,1484.2857142857142
08-26 23:15,1484.2857142857142
08-26 23:30,1484.2857142857142
08-26 23:45,8043.659590142857
08-27 00:00,1484.2857142857142
08-27 00:15,1484.2857142857142
08-27 00:30,8441.350825342857
08-27 00:45,1484.2857142857142
08-27 01:00,4657.446106414285
08-27 01:15,1484.2857142857142
08-27 01:30,2110.171314642857
08-27 01:45,5880.7136311714285
08-27 02:00,1484.2857142857142
08-27 02:15,9294.355389685714
08-27 02:30,1484.2857142857142
08-27 02:45,1484.2857142857142
08-27 03:00,2107.804753692857
08-27 03:15,1484.2857142857142
08-27 03:30,1484.2857142857142
08-27 03:45,1484.2857142857142
08-27 04:00,1484.2857142857142
08-27 04:15,1484.2857142857142
08-27 04:30,1484.2857142857142
08-27 04:45,2109.5658147857143
08-27 05:00,2940.6888801
08-27 05:15,1484.2857142857142
08-27 05:30,950.6715909457145
08-27 05:45,1673.343635157143
08-27 06:00,1680.4298210285715
08-27 06:15,1358.1165450714288
08-27 06:30,1117.700689
08-27 06:45,12847.221306428572
08-27 07:00,10814.983746585714
08-27 07:15,2631.0954818571427
08-27 07:30,2866.3386877
08-27 07:45,5478.024273842857
08-27 08:00,6725.916461885714
08-27 08:15,4864.256074485715
08-27 08:30,12076.81475767143
08-27 08:45,11408.842094028574
08-27 09:00,5483.9735528857145
08-27 09:15,13463.516975714288
08-27 09:30,1640.0714533285714
08-27 09:45,2195.3324658000006
08-27 10:00,5789.140826314286
08-27 10:15,11999.69447332857
08-27 10:30,7217.304252528572
08-27 10:45,10301.763885471431
08-27 11:00,10023.467226942856
08-27 11:15,20778.666004714287
08-27 11:30,4350.4503722857135
08-27 11:45,6401.263756528571
08-27 12:00,3266.774573685714
08-27 12:15,11106.421146228571
08-27 12:30,2945.855317042857
08-27 12:45,5450.131584442857
08-27 13:00,9849.380345442856
08-27 13:15,14467.199242971428
08-27 13:30,11412.668620071428
08-27 13:45,12969.354211442856
08-27 14:00,11766.985772885717
08-27 14:15,5370.166776571428
08-27 14:30,5392.957871457143
08-27 14:45,4244.648986842858
08-27 15:00,5974.873364557143
08-27 15:15,0.0
08-27 15:30,4801.302745614286
08-27 15:45,3810.570585757144
08-27 16:00,13062.194585714287
08-27 16:15,19978.53107157143
08-27 16:30,17223.94350971429
08-27 16:45,18776.379273714287
08-27 17:00,8820.63789347143
08-27 17:15,8098.108266185715
08-27 17:30,11355.681779157145
08-27 17:45,15405.508078714283
08-27 18:00,4959.148030585715
08-27 18:15,5383.668500428573
08-27 18:30,0.0
08-27 18:45,10412.275817885717
08-27 19:00,3749.4244008714286
08-27 19:15,4821.574830185715
08-27 19:30,4835.970858299999
08-27 19:45,0.0
08-27 20:00,362.5712046571431
08-27 20:15,4809.9032257
08-27 20:30,0.0
08-27 20:45,0.0
08-27 21:00,0.0
08-27 21:15,11963.1842052
08-27 21:30,188.36758621428567
08-27 21:45,2048.1185655971376
08-27 22:00,2341.553593788572
08-27 22:15,1484.2857142857142
08-27 22:30,6896.931614057144
08-27 22:45,3862.5284844571424
08-27 23:00,2186.1394970042857
08-27 23:15,2483.949458725714
08-27 23:30,2190.155482798571
08-27 23:45,2120.911551748571
08-28 00:00,1484.2857142857142
08-28 00:15,2124.324176444285
08-28 00:30,1484.2857142857142
08-28 00:45,2609.0564189614283
08-28 01:00,1484.2857142857142
08-28 01:15,1484.2857142857142
08-28 01:30,2074.12594531
08-28 01:45,1962.2066519171428
08-28 02:00,1484.2857142857142
08-28 02:15,1484.2857142857142
08-28 02:30,1994.9364702814285
08-28 02:45,2042.2394035171428
08-28 03:00,1900.0813885442856
08-28 03:15,1484.2857142857142
08-28 03:30,1484.2857142857142
08-28 03:45,1484.2857142857142
08-28 04:00,5796.4374330142855
08-28 04:15,1484.2857142857142
08-28 04:30,1892.83155749
08-28 04:45,1484.2857142857142
08-28 05:00,0.0
08-28 05:15,0.0
08-28 05:30,0.0
08-28 05:45,0.0
08-28 06:00,1686.680575271429
08-28 06:15,12977.672755857144
08-28 06:30,6194.340699185715
08-28 06:45,13750.50788257143
08-28 07:00,10719.36650407143
08-28 07:15,23283.90172214285
08-28 07:30,9082.56460947143
08-28 07:45,5953.4319625
08-28 08:00,2868.800647271429
08-28 08:15,10983.518535828573
08-28 08:30,14912.179205714285
08-28 08:45,18482.838461285715
08-28 09:00,13378.590512
08-28 09:15,6160.233314314287
08-28 09:30,7012.664376442858
08-28 09:45,4857.133830042859
08-28 10:00,11345.76019607143
08-28 10:15,10585.615464842858
08-28 10:30,0.0
08-28 10:45,7510.895160314286
08-28 11:00,4506.3196400357465
08-28 11:15,13847.62887
08-28 11:30,8307.963847242858
08-28 11:45,2783.609055957143
08-28 12:00,5178.414346928571
08-28 12:15,2572.13276032
08-28 12:30,17942.103096
08-28 12:45,2723.551878691429
08-28 13:00,16096.592033428573
08-28 13:15,5706.285996342857
08-28 13:30,10167.499610357145
08-28 13:45,7671.910270657142
08-28 14:00,13544.191201714284
08-28 14:15,2964.6928717285714
08-28 14:30,6545.244012271429
08-28 14:45,12069.800456085712
08-28 15:00,4757.927882642858
08-28 15:15,1122.599998457143
08-28 15:30,2499.4546908714287
08-28 15:45,11407.392264414286
08-28 16:00,5529.689161142858
08-28 16:15,6354.5849487714295
08-28 16:30,13385.743299857146
08-28 16:45,20703.94639014286
08-28 17:00,16616.526734714287
08-28 17:15,6668.525306585715
08-28 17:30,5926.602751157144
08-28 17:45,13239.326614285716
08-28 18:00,17273.47150457143
08-28 18:15,11104.044864371428
08-28 18:30,10794.153329085717
08-28 18:45,8331.810929957142
08-28 19:00,3327.8786326571426
08-28 19:15,0.0
08-28 19:30,8416.265798728573
08-28 19:45,6376.204426014287
08-28 20:00,3731.365415357143
08-28 20:15,0.0
08-28 20:30,2381.502495842857
08-28 20:45,4203.575357814286
08-28 21:00,185.2400546857145
08-28 21:15,0.0
08-28 21:30,0.0
08-28 21:45,0.0
08-28 22:00,1977.500887335714
08-28 22:15,1634.5305912128572
08-28 22:30,4807.203224814287
08-28 22:45,0.0
08-28 23:00,1484.2857142857142
08-28 23:15,2005.0331232299995
08-28 23:30,1664.3210086657143
08-28 23:45,1484.2857142857142
08-29 00:00,1484.2857142857142
08-29 00:15,1636.5388615957145
08-29 00:30,2234.844546532857
08-29 00:45,1484.2857142857142
08-29 01:00,1484.2857142857142
08-29 01:15,1484.2857142857142
08-29 01:30,1484.2857142857142
08-29 01:45,1484.2857142857142
08-29 02:00,1484.2857142857142
08-29 02:15,1484.2857142857142
08-29 02:30,5300.100922757143
08-29 02:45,1484.2857142857142
08-29 03:00,1484.2857142857142
08-29 03:15,1484.2857142857142
08-29 03:30,1484.2857142857142
08-29 03:45,2108.570882702857
08-29 04:00,1896.9086495357144
08-29 04:15,1656.4728006271428
08-29 04:30,2996.685671771428
08-29 04:45,3061.9220326571426
08-29 05:00,0.0
08-29 05:15,0.0
08-29 05:30,368.1458360714286
08-29 05:45,3039.882298228571
08-29 06:00,816.8379457428572
08-29 06:15,9100.87927084286
08-29 06:30,6553.016105471429
08-29 06:45,6338.275883600001
08-29 07:00,3120.4589355000007
08-29 07:15,1358.1946861000004
08-29 07:30,978.3265546428572
08-29 07:45,2130.525813057144
08-29 08:00,6164.6003577
08-29 08:15,13511.424930285715
08-29 08:30,10855.547129228573
08-29 08:45,1374.8357298285716
08-29 09:00,4503.048456328573
08-29 09:15,5432.278600585714
08-29 09:30,6908.600769271429
08-29 09:45,2614.065485171429
08-29 10:00,7060.5082651
08-29 10:15,2716.5784199714285
08-29 10:30,5755.660186985715
08-29 10:45,1091.6839545714288
08-29 11:00,11193.4293095
08-29 11:15,7191.470327169999
08-29 11:30,9899.970485000002
08-29 11:45,10704.180299957145
08-29 12:00,12546.921739442856
08-29 12:15,17188.28082714286
08-29 12:30,16669.137698857143
08-29 12:45,5353.860208557143
08-29 13:00,10787.808583742855
08-29 13:15,13088.421770585714
08-29 13:30,4310.638431014286
08-29 13:45,9917.142975742858
08-29 14:00,14879.242172657145
08-29 14:15,21433.12432728572
08-29 14:30,11504.663599728572
08-29 14:45,7672.896737671427
08-29 15:00,15012.055139885711
08-29 15:15,9310.908159614286
08-29 15:30,15235.560178442856
08-29 15:45,9856.992948914283
08-29 16:00,8400.9271101
08-29 16:15,11897.695729342857
08-29 16:30,5970.4044426857145
08-29 16:45,7576.440060814286
08-29 17:00,3735.351960242857
08-29 17:15,19025.277564428576
08-29 17:30,4180.568080071429
08-29 17:45,3101.578495057143
08-29 18:00,12067.067975414288
08-29 18:15,3107.5780263857146
08-29 18:30,1873.668367628572
08-29 18:45,19986.740593857143
08-29 19:00,146.21439980000017
08-29 19:15,1248.430237257143
08-29 19:30,539.7386441428572
08-29 19:45,8015.657152357143
08-29 20:00,0.0
08-29 20:15,0.0
08-29 20:30,0.0
08-29 20:45,3410.8226236714286
08-29 21:00,0.0
08-29 21:15,0.0
08-29 21:30,0.0
08-29 21:45,5798.883479385714
08-29 22:00,1484.2857142857142
08-29 22:15,246.0041317228626
08-29 22:30,1882.5396170071424
08-29 22:45,1539.0120752714286
08-29 23:00,2186.694818822857
08-29 23:15,2086.350765102857
08-29 23:30,1687.1466664142858
08-29 23:45,6117.948563800001
08-30 00:00,1484.2857142857142
08-30 00:15,1484.2857142857142
08-30 00:30,3026.823186171429
08-30 00:45,1484.2857142857142
08-30 01:00,1484.2857142857142
08-30 01:15,2277.9602846542857
08-30 01:30,1484.2857142857142
08-30 01:45,4423.470184728571
08-30 02:00,1484.2857142857142
08-30 02:15,1484.2857142857142
08-30 02:30,7645.921884271429
08-30 02:45,1484.2857142857142
08-30 03:00,1484.2857142857142
08-30 03:15,1484.2857142857142
08-30 03:30,1484.2857142857142
08-30 03:45,1484.2857142857142
08-30 04:00,1484.2857142857142
08-30 04:15,1484.2857142857142
08-30 04:30,1484.2857142857142
08-30 04:45,1484.2857142857142
08-30 05:00,0.0
08-30 05:15,0.0
08-30 05:30,0.0
08-30 05:45,0.0
08-30 06:00,7597.2854377
08-30 06:15,4671.038124228572
08-30 06:30,19584.84257542857
08-30 06:45,13344.371817285715
08-30 07:00,5749.804733928571
08-30 07:15,7962.083736142857
08-30 07:30,6319.080889457143
08-30 07:45,9069.729944042858
08-30 08:00,29.020232400000115
08-30 08:15,10534.075921728572
08-30 08:30,8236.474860871429
08-30 08:45,1252.8291964428572
08-30 09:00,0.0
08-30 09:15,9555.193356057143
08-30 09:30,3004.419710228571
08-30 09:45,9354.94224497143
08-30 10:00,13004.392092285716
08-30 10:15,6959.413206728572
08-30 10:30,10227.246200500002
08-30 10:45,15201.710046000002
08-30 11:00,4360.407220114285
08-30 11:15,3229.842491857143
08-30 11:30,2611.66568937
08-30 11:45,10232.094212885717
08-30 12:00,6004.3008086857135
08-30 12:15,11045.995944014285
08-30 12:30,9617.85123527143
08-30 12:45,4466.167097757143
08-30 13:00,24421.39551628572
08-30 13:15,21127.705910142857
08-30 13:30,18084.283260285712
08-30 13:45,11072.879912028571
08-30 14:00,11781.78524672857
08-30 14:15,16956.93878057143
08-30 14:30,9487.868091685714
08-30 14:45,17672.047206000003
08-30 15:00,8042.194023071428
08-30 15:15,13110.860057871429
08-30 15:30,11977.993019342855
08-30 15:45,15626.660533214286
08-30 16:00,11060.351580128572
08-30 16:15,3473.068865971429
08-30 16:30,2997.490905242857
08-30 16:45,12376.34831487143
08-30 17:00,8667.030170957143
08-30 17:15,4357.3441825
08-30 17:30,19338.96921814285
08-30 17:45,0.0
08-30 18:00,17284.126974714287
08-30 18:15,4167.605886014286
08-30 18:30,3851.561410728572
08-30 18:45,2733.0369085
08-30 19:00,272.3243094571431
08-30 19:15,0.0
08-30 19:30,1326.851642057143
08-30 19:45,310.6575522428574
08-30 20:00,5652.170717157143
08-30 20:15,6061.77746577143
08-30 20:30,8851.913309042859
08-30 20:45,0.0
08-30 21:00,4439.296078485715
08-30 21:15,0.0
08-30 21:30,0.0
08-30 21:45,0.0
08-30 22:00,0.0
08-30 22:15,5471.011463942858
08-30 22:30,0.0
08-30 22:45,0.0
08-30 23:00,5235.227305342857
08-30 23:15,1689.4407342142856
08-30 23:30,637.8242028685714
08-30 23:45,2657.5744085285714
08-31 00:00,1852.6763054857145
08-31 00:15,5313.737800128572
08-31 00:30,773.5928768928571
08-31 00:45,492.7918673628572
08-31 01:00,1484.2857142857142
08-31 01:15,1484.2857142857142
08-31 01:30,2158.16217228
08-31 01:45,5793.142590585714
08-31 02:00,1484.2857142857142
08-31 02:15,6207.089775508575
08-31 02:30,2038.4392697528567
08-31 02:45,1881.27649856
08-31 03:00,1484.2857142857142
08-31 03:15,3858.778469385714
08-31 03:30,1895.727213942857
08-31 03:45,5606.131245571428
08-31 04:00,1484.2857142857142
08-31 04:15,1924.271188032857
08-31 04:30,2101.330377334286
08-31 04:45,2048.219644844285
08-31 05:00,0.0
08-31 05:15,0.0
08-31 05:30,0.0
08-31 05:45,0.0
08-31 06:00,213.0154856000001
08-31 06:15,261.9044200428571
08-31 06:30,0.0
08-31 06:45,4143.325639600001
08-31 07:00,4910.817943228572
08-31 07:15,0.0
08-31 07:30,15101.121867857142
08-31 07:45,3737.572109028572
08-31 08:00,4575.046744457142
08-31 08:15,1024.0706793857144
08-31 08:30,527.2334132857145
08-31 08:45,2610.7175692
08-31 09:00,12236.5659382
08-31 09:15,10507.95041277143
08-31 09:30,4272.849015014287
08-31 09:45,4358.8502051000005
08-31 10:00,14956.015558714284
08-31 10:15,4544.3691813000005
08-31 10:30,11847.158897905718
08-31 10:45,9919.542507328571
08-31 11:00,6018.852782500001
08-31 11:15,11100.047032457143
08-31 11:30,5171.426872614286
08-31 11:45,5709.597796071429
08-31 12:00,10575.845637385715
08-31 12:15,10467.7382188
08-31 12:30,5895.292140542857
08-31 12:45,9951.545274685714
08-31 13:00,17853.33227857143
08-31 13:15,12815.32684437143
08-31 13:30,5074.539847571428
08-31 13:45,12023.803707985717
08-31 14:00,8778.384948757142
08-31 14:15,8497.041116914286
08-31 14:30,2892.582354224286
08-31 14:45,4081.968512285714
08-31 15:00,6449.354116214285
08-31 15:15,10377.044571657145
08-31 15:30,11566.6901732
08-31 15:45,14297.39214287143
08-31 16:00,8640.546343585715
08-31 16:15,1526.2525087285717
08-31 16:30,1628.753182457143
08-31 16:45,6106.953968314286
08-31 17:00,2991.0851764571435
08-31 17:15,4532.503193928571
08-31 17:30,1337.556062814286
08-31 17:45,3180.099086242857
08-31 18:00,740.0831045714286
08-31 18:15,9359.689221828572
08-31 18:30,1622.4586278428574
08-31 18:45,0.0
08-31 19:00,1104.7656147
08-31 19:15,134.57379211428596
08-31 19:30,2984.221098985714
08-31 19:45,2571.5969500428573
08-31 20:00,0.0
08-31 20:15,3628.6595155428577
08-31 20:30,1677.4359864285718
08-31 20:45,0.0
08-31 21:00,0.0
08-31 21:15,0.0
08-31 21:30,0.0
08-31 21:45,0.0
08-31 22:00,0.0
08-31 22:15,0.0
08-31 22:30,0.0
08-31 22:45,541.9112263
08-31 23:00,3620.330952314286
08-31 23:15,5563.563320142857
08-31 23:30,2598.80484312
08-31 23:45,2490.9040984857143
09-01 00:00,1484.2857142857142
09-01 00:15,1484.2857142857142
09-01 00:30,2171.7983578614285
09-01 00:45,1484.2857142857142
09-01 01:00,1484.2857142857142
09-01 01:15,1484.2857142857142
09-01 01:30,1484.2857142857142
09-01 01:45,1484.2857142857142
09-01 02:00,9214.450618814286
09-01 02:15,3919.968571871428
09-01 02:30,5629.561103628572
09-01 02:45,1969.885135628572
09-01 03:00,1484.2857142857142
09-01 03:15,1484.2857142857142
09-01 03:30,2465.08033018
09-01 03:45,1484.2857142857142
09-01 04:00,1484.2857142857142
09-01 04:15,1484.2857142857142
09-01 04:30,1484.2857142857142
09-01 04:45,2000.181111492857
09-01 05:00,1484.2857142857142
09-01 05:15,1484.2857142857142
09-01 05:30,1484.2857142857142
09-01 05:45,1484.2857142857142
09-01 06:00,5725.520296714286
09-01 06:15,1484.2857142857142
09-01 06:30,2082.8048181457143
09-01 06:45,2371.303559144286
09-01 07:00,3921.1273323
09-01 07:15,1890.9267978642856
09-01 07:30,2477.343193225714
09-01 07:45,7190.5474454000005
09-01 08:00,11132.532639385716
09-01 08:15,4392.255016828572
09-01 08:30,11488.292851714286
09-01 08:45,6715.936179328572
09-01 09:00,4990.665006314285
09-01 09:15,15026.334968557145
09-01 09:30,6063.483089157143
09-01 09:45,6357.345319228572
09-01 10:00,2953.8646090857146
09-01 10:15,3060.240771628572
09-01 10:30,14041.996747285712
09-01 10:45,13486.713049000002
09-01 11:00,20334.84895357144
09-01 11:15,12713.913970428574
09-01 11:30,3593.7843645
09-01 11:45,14842.571688285714
09-01 12:00,12656.836267242858
09-01 12:15,7273.907354414287
09-01 12:30,19948.39484885714
09-01 12:45,7843.034629728571
09-01 13:00,5694.998624028571
09-01 13:15,10416.434565071428
09-01 13:30,9814.6006626
09-01 13:45,16303.21325
09-01 14:00,14518.929454814286
09-01 14:15,16307.983873142855
09-01 14:30,23176.51275357143
09-01 14:45,18172.20232714285
09-01 15:00,19209.93069914286
09-01 15:15,10886.785090414283
09-01 15:30,9500.841317571429
09-01 15:45,5399.0354523
09-01 16:00,24475.292575565672
09-01 16:15,9485.253398071429
09-01 16:30,6565.195974314285
09-01 16:45,265.50684890000025
09-01 17:00,6073.099494014286
09-01 17:15,8530.425203185714
09-01 17:30,18779.557020000004
09-01 17:45,11900.422568757143
09-01 18:00,0.0
09-01 18:15,5557.634907500001
09-01 18:30,4415.412434057144
09-01 18:45,4686.482537614286
09-01 19:00,573.5274712571429
09-01 19:15,2407.753911728572
09-01 19:30,5272.830342071429
09-01 19:45,1258.917659957143
09-01 20:00,818.2472159714285
09-01 20:15,0.0
09-01 20:30,473.0884391428572
09-01 20:45,0.0
09-01 21:00,0.0
09-01 21:15,0.0
09-01 21:30,0.0
09-01 21:45,0.0
09-01 22:00,0.0
09-01 22:15,321.4160227285715
09-01 22:30,6417.133629714286
09-01 22:45,0.0
09-01 23:00,2172.5496756471425
09-01 23:15,1992.50533879
09-01 23:30,1484.2857142857142
09-01 23:45,8554.867052257143
09-02 00:00,1484.2857142857142
09-02 00:15,2142.0775334057143
09-02 00:30,1484.2857142857142
09-02 00:45,1484.2857142857142
09-02 01:00,1484.2857142857142
09-02 01:15,1484.2857142857142
09-02 01:30,1484.2857142857142
09-02 01:45,1706.3872413242857
09-02 02:00,1484.2857142857142
09-02 02:15,1484.2857142857142
09-02 02:30,1484.2857142857142
09-02 02:45,1484.2857142857142
09-02 03:00,1484.2857142857142
09-02 03:15,1952.987135498572
09-02 03:30,2475.056917984286
09-02 03:45,2229.359504135715
09-02 04:00,2003.235547648572
09-02 04:15,1484.2857142857142
09-02 04:30,1484.2857142857142
09-02 04:45,2187.5976154785712
09-02 05:00,0.0
09-02 05:15,0.0
09-02 05:30,0.0
09-02 05:45,0.0
09-02 06:00,0.0
09-02 06:15,10515.914291985717
09-02 06:30,1692.4092161714286
09-02 06:45,1215.3423318857144
09-02 07:00,3220.015934485714
09-02 07:15,4200.047235185714
09-02 07:30,4139.888698185714
09-02 07:45,11808.736405128571
09-02 08:00,13517.020787142856
09-02 08:15,3389.6406542857144
09-02 08:30,11211.637578314288
09-02 08:45,10759.750716828572
09-02 09:00,1340.8834953857145
09-02 09:15,5182.601915528572
09-02 09:30,6713.022124314287
09-02 09:45,10953.456863857144
09-02 10:00,12075.55654737143
09-02 10:15,1559.5089403428574
09-02 10:30,1212.5537327428572
09-02 10:45,5274.555310928572
09-02 11:00,7287.833979142857
09-02 11:15,2408.278897228572
09-02 11:30,1846.377082571429
09-02 11:45,6235.1662843
09-02 12:00,14990.778088571427
09-02 12:15,230.6104243100461
09-02 12:30,1269.8734288285716
09-02 12:45,6370.429020157143
09-02 13:00,19070.516489142858
09-02 13:15,4480.840289028571
09-02 13:30,18828.295625857143
09-02 13:45,13184.257443071428
09-02 14:00,5157.710220428572
09-02 14:15,11991.561206142856
09-02 14:30,8363.898606142857
09-02 14:45,3766.8284173142856
09-02 15:00,9140.278765685714
09-02 15:15,5782.620202814286
09-02 15:30,12755.395342185717
09-02 15:45,15227.696124885711
09-02 16:00,19564.258578
09-02 16:15,2469.794940285714
09-02 16:30,2816.722084428572
09-02 16:45,7960.665314614286
09-02 17:00,17266.730585571426
09-02 17:15,6429.312715242858
09-02 17:30,13034.801504285711
09-02 17:45,17548.024500285712
09-02 18:00,7452.227434457143
09-02 18:15,9442.21188234286
09-02 18:30,12170.319995971431
09-02 18:45,5846.30554337143
09-02 19:00,213.5441579428573
09-02 19:15,0.0
09-02 19:30,0.0
09-02 19:45,158.29285178571453
09-02 20:00,3458.2901654285715
09-02 20:15,0.0
09-02 20:30,5128.030945642858
09-02 20:45,0.0
09-02 21:00,493.1576197428573
09-02 21:15,0.0
09-02 21:30,4494.73458507143
09-02 21:45,2537.106077857143
09-02 22:00,1457.0906248614283
09-02 22:15,0.0
09-02 22:30,1988.220877978572
09-02 22:45,375.8060428714288
09-02 23:00,1484.2857142857142
09-02 23:15,2029.7888038185715
09-02 23:30,1664.5654718057144
09-02 23:45,2262.09756602
09-03 00:00,2017.0909755842847
09-03 00:15,1484.2857142857142
09-03 00:30,1484.2857142857142
09-03 00:45,2225.3136644214283
09-03 01:00,1484.2857142857142
09-03 01:15,1484.2857142857142
09-03 01:30,1484.2857142857142
09-03 01:45,1484.2857142857142
09-03 02:00,2151.083782608572
09-03 02:15,1484.2857142857142
09-03 02:30,1484.2857142857142
09-03 02:45,1484.2857142857142
09-03 03:00,1484.2857142857142
09-03 03:15,1484.2857142857142
09-03 03:30,2093.822614622857
09-03 03:45,1484.2857142857142
09-03 04:00,1484.2857142857142
09-03 04:15,1484.2857142857142
09-03 04:30,2304.6331057657144
09-03 04:45,3038.178104514286
09-03 05:00,3983.604995614286
09-03 05:15,1432.9111697957069
09-03 05:30,0.0
09-03 05:45,0.0
09-03 06:00,85.83775658571443
09-03 06:15,7073.0575521857145
09-03 06:30,6201.794688457144
09-03 06:45,0.0
09-03 07:00,2258.559566585715
09-03 07:15,6038.359959700001
09-03 07:30,6736.010685442858
09-03 07:45,11340.921639885715
09-03 08:00,5611.608980514287
09-03 08:15,1250.0899219
09-03 08:30,9497.506466428573
09-03 08:45,8047.6176371
09-03 09:00,2562.2317991714285
09-03 09:15,4519.404373457144
09-03 09:30,1747.6981932714289
09-03 09:45,8061.583500957145
09-03 10:00,8919.865935299998
09-03 10:15,5481.327442600001
09-03 10:30,3976.574404428571
09-03 10:45,8159.6684434571425
09-03 11:00,10485.001568
09-03 11:15,5483.477726414285
09-03 11:30,5210.385366885715
09-03 11:45,7483.4993201285715
09-03 12:00,9759.260627242857
09-03 12:15,9948.955863142855
09-03 12:30,5198.520093128571
09-03 12:45,5849.5500222
09-03 13:00,9196.547787414283
09-03 13:15,13659.103801214284
09-03 13:30,22643.98785342857
09-03 13:45,4267.355165914285
09-03 14:00,9977.581331
09-03 14:15,14678.648111642857
09-03 14:30,14173.747938071429
09-03 14:45,9717.677844971427
09-03 15:00,12924.746472285717
09-03 15:15,2958.652550771428
09-03 15:30,5726.052530485714
09-03 15:45,13744.159267857143
09-03 16:00,5604.188587314286
09-03 16:15,13038.904844857145
09-03 16:30,2066.1924386
09-03 16:45,6752.645920671429
09-03 17:00,1585.7397593714288
09-03 17:15,15385.962010285715
09-03 17:30,13982.692460000002
09-03 17:45,12625.863920028572
09-03 18:00,1164.0641903285716
09-03 18:15,6912.882546571429
09-03 18:30,2210.970484928572
09-03 18:45,8490.47137667143
09-03 19:00,3082.389696671429
09-03 19:15,4858.060751142858
09-03 19:30,2374.616603728572
09-03 19:45,13035.66593614286
09-03 20:00,0.0
09-03 20:15,6794.365223985715
09-03 20:30,3680.5346923
09-03 20:45,7547.184751414286
09-03 21:00,0.0
09-03 21:15,402.2584046857143
09-03 21:30,2868.6529356285714
09-03 21:45,0.0
09-03 22:00,646.8712999428571
09-03 22:15,0.0
09-03 22:30,0.0
09-03 22:45,0.0
09-03 23:00,1932.58285278
09-03 23:15,1484.2857142857142
09-03 23:30,1936.46388357
09-03 23:45,1484.2857142857142
09-04 00:00,1484.2857142857142
09-04 00:15,1484.2857142857142
09-04 00:30,2132.1182775257143
09-04 00:45,7490.705017628571
09-04 01:00,1484.2857142857142
09-04 01:15,1484.2857142857142
09-04 01:30,1484.2857142857142
09-04 01:45,1484.2857142857142
09-04 02:00,1484.2857142857142
09-04 02:15,1484.2857142857142
09-04 02:30,1484.2857142857142
09-04 02:45,1484.2857142857142
09-04 03:00,1484.2857142857142
09-04 03:15,1780.203715877143
09-04 03:30,2072.8453946857144
09-04 03:45,1484.2857142857142
09-04 04:00,2220.156537845714
09-04 04:15,1484.2857142857142
09-04 04:30,1730.8651401842856
09-04 04:45,2102.2696672714287
09-04 05:00,0.0
09-04 05:15,2887.9016683
09-04 05:30,4465.776998028572
09-04 05:45,83.44081170000025
09-04 06:00,7853.062736257144
09-04 06:15,0.0
09-04 06:30,2837.913316685715
09-04 06:45,1883.946400928572
09-04 07:00,7979.786834300001
09-04 07:15,7846.566644400001
09-04 07:30,19806.767290571428
09-04 07:45,10772.903664585716
09-04 08:00,13354.78285457143
09-04 08:15,1933.0692854857148
09-04 08:30,1291.2837537714288
09-04 08:45,5125.275199057143
09-04 09:00,11157.231384242858
09-04 09:15,2732.871141785714
09-04 09:30,0.0
09-04 09:45,991.7167147285714
09-04 10:00,5005.310423414287
09-04 10:15,2145.903792285714
09-04 10:30,2966.7784657
09-04 10:45,7470.123224000001
09-04 11:00,9636.155234942857
09-04 11:15,1484.2857142857142
09-04 11:30,7713.543556799999
09-04 11:45,12332.081831585714
09-04 12:00,9252.59196027143
09-04 12:15,8241.156098800002
09-04 12:30,1823.9839013657145
09-04 12:45,5235.4896410857145
09-04 13:00,6043.574349757143
09-04 13:15,13205.071332928572
09-04 13:30,5456.662236671429
09-04 13:45,4471.098535385715
09-04 14:00,15159.690349642857
09-04 14:15,8456.644858614285
09-04 14:30,7417.215159028571
09-04 14:45,15564.101616557142
09-04 15:00,20959.29282328572
09-04 15:15,12482.809175871427
09-04 15:30,16492.585898142857
09-04 15:45,9541.3866138
09-04 16:00,5522.306182257144
09-04 16:15,9810.722243428572
09-04 16:30,3267.1427565342724
09-04 16:45,2672.201292428572
09-04 17:00,15386.274892714287
09-04 17:15,25511.51192414285
09-04 17:30,12605.055289557144
09-04 17:45,16118.78553557143
09-04 18:00,1728.686442514286
09-04 18:15,3950.372440471429
09-04 18:30,10213.892459
09-04 18:45,6973.569422885715
09-04 19:00,2258.404510442857
09-04 19:15,3881.509614671429
09-04 19:30,0.0
09-04 19:45,1388.838184542857
09-04 20:00,9810.66303172857
09-04 20:15,0.0
09-04 20:30,751.8300138285716
09-04 20:45,0.0
09-04 21:00,0.0
09-04 21:15,3536.6822519714283
09-04 21:30,22.16330997142865
09-04 21:45,0.0
09-04 22:00,1916.4290865814287
09-04 22:15,2069.7394466742853
09-04 22:30,2588.1568416357145
09-04 22:45,1484.2857142857142
09-04 23:00,1484.2857142857142
09-04 23:15,1850.8866038271428
09-04 23:30,2047.682995724285
09-04 23:45,2567.788427855714
09-05 00:00,2112.218309095714
09-05 00:15,1484.2857142857142
09-05 00:30,1484.2857142857142
09-05 00:45,1484.2857142857142
09-05 01:00,1484.2857142857142
09-05 01:15,1484.2857142857142
09-05 01:30,7519.438355057142
09-05 01:45,1484.2857142857142
09-05 02:00,1484.2857142857142
09-05 02:15,1484.2857142857142
09-05 02:30,1484.2857142857142
09-05 02:45,1484.2857142857142
09-05 03:00,1723.6387856714286
09-05 03:15,2180.4143284371426
09-05 03:30,1484.2857142857142
09-05 03:45,1484.2857142857142
09-05 04:00,2398.2152288157145
09-05 04:15,1907.77350433
09-05 04:30,1484.2857142857142
09-05 04:45,3566.7298396571427
09-05 05:00,0.0
09-05 05:15,5132.589663971429
09-05 05:30,4308.8233989
09-05 05:45,3732.350444857143
09-05 06:00,1822.8403241857147
09-05 06:15,7978.388732357143
09-05 06:30,0.0
09-05 06:45,11637.747171014287
09-05 07:00,5640.748087085715
09-05 07:15,11336.114835071428
09-05 07:30,5870.774512814286
09-05 07:45,7250.88566877143
09-05 08:00,8984.977845428572
09-05 08:15,583.1960146285716
09-05 08:30,15864.504111142856
09-05 08:45,3146.1500464428573
09-05 09:00,4719.7227204857145
09-05 09:15,2188.247541457143
09-05 09:30,11146.567965514289
09-05 09:45,6279.168691328571
09-05 10:00,19430.399491857144
09-05 10:15,8401.422246742857
09-05 10:30,12731.627697285716
09-05 10:45,6981.210445771428
09-05 11:00,9931.2793955
09-05 11:15,3446.402151928571
09-05 11:30,4379.6006594142855
09-05 11:45,7081.244518342856
09-05 12:00,5933.755456
09-05 12:15,9484.577317871428
09-05 12:30,8407.29245252857
09-05 12:45,8860.051400685714
09-05 13:00,13389.871905742855
09-05 13:15,6351.827396142858
09-05 13:30,6275.133975185714
09-05 13:45,2911.3001017957145
09-05 14:00,2416.0047628271427
09-05 14:15,5970.446308357144
09-05 14:30,2625.8348021528573
09-05 14:45,13081.5475019
09-05 15:00,15940.004209571429
09-05 15:15,6041.111812357143
09-05 15:30,12189.15038747143
09-05 15:45,17627.807513142856
09-05 16:00,7945.36977597143
09-05 16:15,5913.549625985715
09-05 16:30,6434.171451157144
09-05 16:45,16551.910875857142
09-05 17:00,7429.424141100001
09-05 17:15,16817.562893000002
09-05 17:30,6276.026383642858
09-05 17:45,3006.997601071429
09-05 18:00,0.0
09-05 18:15,3644.8031301714286
09-05 18:30,5578.214181771429
09-05 18:45,10145.816452257144
09-05 19:00,0.0
09-05 19:15,47.47157348571435
09-05 19:30,922.1629455714288
09-05 19:45,0.0
09-05 20:00,8993.62312347143
09-05 20:15,5867.835858028571
09-05 20:30,0.0
09-05 20:45,2876.268247628572
09-05 21:00,0.0
09-05 21:15,0.0
09-05 21:30,538.2464729428573
09-05 21:45,0.0
09-05 22:00,0.0
09-05 22:15,3088.4443604
09-05 22:30,1881.3948491742344
09-05 22:45,2201.3103492228565
09-05 23:00,1823.053835757143
09-05 23:15,5493.966957871428
09-05 23:30,2055.549693768571
09-05 23:45,2003.7915873942857
09-06 00:00,1484.2857142857142
09-06 00:15,1958.039916418571
09-06 00:30,2106.4908156628567
09-06 00:45,1484.2857142857142
09-06 01:00,1484.2857142857142
09-06 01:15,1995.095278072857
09-06 01:30,1484.2857142857142
09-06 01:45,1484.2857142857142
09-06 02:00,1484.2857142857142
09-06 02:15,1681.833639867143
09-06 02:30,2072.886990957143
09-06 02:45,1484.2857142857142
09-06 03:00,1484.2857142857142
09-06 03:15,1484.2857142857142
09-06 03:30,1484.2857142857142
09-06 03:45,1484.2857142857142
09-06 04:00,1484.2857142857142
09-06 04:15,1484.2857142857142
09-06 04:30,1484.2857142857142
09-06 04:45,1484.2857142857142
09-06 05:00,0.0
09-06 05:15,1664.0649602
09-06 05:30,5531.121747571428
09-06 05:45,0.0
09-06 06:00,615.9479424714287
09-06 06:15,3077.805850842857
09-06 06:30,13485.341646714283
09-06 06:45,2019.617716028572
09-06 07:00,4762.719083942859
09-06 07:15,6923.394994985715
09-06 07:30,3623.124587571428
09-06 07:45,8582.066359157143
09-06 08:00,3131.308523771429
09-06 08:15,315.79922255714297
09-06 08:30,5584.202053285715
09-06 08:45,13060.55017757143
09-06 09:00,4392.447667400001
09-06 09:15,4586.717764514286
09-06 09:30,16512.311960142855
09-06 09:45,12801.169351342858
09-06 10:00,6389.295857700001
09-06 10:15,7190.962220657143
09-06 10:30,9930.5188914
09-06 10:45,4712.917229857144
09-06 11:00,3226.2920535714284
09-06 11:15,18251.14834457143
09-06 11:30,7554.614470314285
09-06 11:45,5491.254340357143
09-06 12:00,9513.895036642858
09-06 12:15,10739.645814014284
09-06 12:30,14878.51369262857
09-06 12:45,8454.611553214285
09-06 13:00,6633.227834642857
09-06 13:15,23911.28651314286
09-06 13:30,5596.531582014285
09-06 13:45,22414.104482571427
09-06 14:00,15466.527544685714
09-06 14:15,22698.984378714285
09-06 14:30,11374.882540942855
09-06 14:45,16271.189132142854
09-06 15:00,12534.359089428572
09-06 15:15,12189.207173714289
09-06 15:30,16970.110599285716
09-06 15:45,6690.083356914285
09-06 16:00,9607.672109928571
09-06 16:15,21007.85742814285
09-06 16:30,20238.520817428573
09-06 16:45,3021.8356655
09-06 17:00,16482.204608
09-06 17:15,19099.26987857143
09-06 17:30,9408.513976557144
09-06 17:45,8689.61272722857
09-06 18:00,8305.223301085714
09-06 18:15,11747.60655477143
09-06 18:30,10683.141693857142
09-06 18:45,10762.296022514289
09-06 19:00,832.0119983857146
09-06 19:15,5017.559566514286
09-06 19:30,317.5479142285715
09-06 19:45,1181.7508725285716
09-06 20:00,599.6389757714286
09-06 20:15,4876.557364185715
09-06 20:30,0.0
09-06 20:45,4240.421030514287
09-06 21:00,1108.400191957143
09-06 21:15,8576.541621685716
09-06 21:30,0.0
09-06 21:45,636.8672665142859
09-06 22:00,0.0
09-06 22:15,1007.9781616000004
09-06 22:30,0.0
09-06 22:45,0.0
09-06 23:00,1484.2857142857142
09-06 23:15,2620.111351087143
09-06 23:30,2513.04407601
09-06 23:45,2543.156223155714
09-07 00:00,1484.2857142857142
09-07 00:15,2448.1249094857144
09-07 00:30,2439.684957505714
09-07 00:45,2978.8421038142856
09-07 01:00,2020.3260180814289
09-07 01:15,1484.2857142857142
09-07 01:30,6518.8529795714285
09-07 01:45,1484.2857142857142
09-07 02:00,1484.2857142857142
09-07 02:15,2157.7032178242857
09-07 02:30,1896.8419757914285
09-07 02:45,2118.277525185714
09-07 03:00,1484.2857142857142
09-07 03:15,2162.0551775857143
09-07 03:30,2033.3553198314287
09-07 03:45,1484.2857142857142
09-07 04:00,1484.2857142857142
09-07 04:15,1484.2857142857142
09-07 04:30,1484.2857142857142
09-07 04:45,2774.784405177143
09-07 05:00,1484.2857142857142
09-07 05:15,805.0478304642853
09-07 05:30,1893.5035735214287
09-07 05:45,1858.3004184042848
09-07 06:00,3333.4846037428574
09-07 06:15,0.0
09-07 06:30,0.0
09-07 06:45,0.0
09-07 07:00,7219.820947742858
09-07 07:15,33.98660050000002
09-07 07:30,11433.38104804286
09-07 07:45,5864.273017514287
09-07 08:00,4713.654284785715
09-07 08:15,0.0
09-07 08:30,1917.244454371429
09-07 08:45,6368.483732428573
09-07 09:00,10614.37550192857
09-07 09:15,9555.33076594286
09-07 09:30,0.0
09-07 09:45,9207.405069542858
09-07 10:00,1368.4855467714287
09-07 10:15,4074.6359092142848
09-07 10:30,18292.99877242857
09-07 10:45,11614.125473357144
09-07 11:00,1276.5029224000002
09-07 11:15,4618.769431742858
09-07 11:30,15924.564932
09-07 11:45,1320.7440834285717
09-07 12:00,13207.40799557143
09-07 12:15,5050.423654614287
09-07 12:30,1544.7522744571431
09-07 12:45,12832.764744857144
09-07 13:00,8161.070076285714
09-07 13:15,7449.001015814286
09-07 13:30,14044.603702128572
09-07 13:45,3784.920327928572
09-07 14:00,3778.931373442857
09-07 14:15,7314.156118500001
09-07 14:30,19530.957335714284
09-07 14:45,11872.766858271429
09-07 15:00,20860.772155714283
09-07 15:15,16786.38642642857
09-07 15:30,17294.285298285715
09-07 15:45,10506.3205797
09-07 16:00,1424.6199637714287
09-07 16:15,7609.451728
09-07 16:30,6256.1543214428575
09-07 16:45,2142.5531823714286
09-07 17:00,11811.259170257144
09-07 17:15,3669.7644241142857
09-07 17:30,2063.680487128572
09-07 17:45,10771.366340728571
09-07 18:00,7945.817946314285
09-07 18:15,20237.00985
09-07 18:30,48.51723408571429
09-07 18:45,1255.749787871429
09-07 19:00,2640.3501693714293
09-07 19:15,0.0
09-07 19:30,1589.0551038285714
09-07 19:45,3868.157986442858
09-07 20:00,0.0
09-07 20:15,0.0
09-07 20:30,0.0
09-07 20:45,6112.767876142859
09-07 21:00,0.0
09-07 21:15,0.0
09-07 21:30,0.0
09-07 21:45,0.0
09-07 22:00,7003.404142649994
09-07 22:15,8031.133773657142
09-07 22:30,0.0
09-07 22:45,0.0
09-07 23:00,6186.189537657144
09-07 23:15,2196.224267112857
09-07 23:30,1484.2857142857142
09-07 23:45,6581.430039471429
09-08 00:00,1484.2857142857142
09-08 00:15,1484.2857142857142
09-08 00:30,1962.131016954285
09-08 00:45,1948.2343465971428
09-08 01:00,1484.2857142857142
09-08 01:15,1484.2857142857142
09-08 01:30,1484.2857142857142
09-08 01:45,1484.2857142857142
09-08 02:00,1934.1380316728569
09-08 02:15,2532.279447071429
09-08 02:30,1484.2857142857142
09-08 02:45,2017.6420147000003
09-08 03:00,1747.8377860614285
09-08 03:15,1484.2857142857142
09-08 03:30,1484.2857142857142
09-08 03:45,2475.84726164
09-08 04:00,1484.2857142857142
09-08 04:15,1484.2857142857142
09-08 04:30,1484.2857142857142
09-08 04:45,1484.2857142857142
09-08 05:00,1484.2857142857142
09-08 05:15,1484.2857142857142
09-08 05:30,1484.2857142857142
09-08 05:45,1484.2857142857142
09-08 06:00,1484.2857142857142
09-08 06:15,2016.9140895414284
09-08 06:30,2300.211030078571
09-08 06:45,5262.839998828572
09-08 07:00,431.7448961828572
09-08 07:15,1227.3683192814285
09-08 07:30,1238.8870991714266
09-08 07:45,8993.898865714285
09-08 08:00,4669.425043328572
09-08 08:15,1223.013433214286
09-08 08:30,748.9789942857145
09-08 08:45,5399.6797575142855
09-08 09:00,15371.173740142858
09-08 09:15,7523.4752592
09-08 09:30,3769.777112328571
09-08 09:45,9538.3363481
09-08 10:00,3033.2582553142856
09-08 10:15,7134.271300828571
09-08 10:30,8728.048093585714
09-08 10:45,5961.094007628572
09-08 11:00,11944.7682926
09-08 11:15,10875.641210457145
09-08 11:30,20440.267888857143
09-08 11:45,10001.89939512857
09-08 12:00,5670.664154814286
09-08 12:15,14665.535833328571
09-08 12:30,5716.358905714286
09-08 12:45,19263.295910142857
09-08 13:00,10563.665673885716
09-08 13:15,19976.29478342857
09-08 13:30,12963.80920337143
09-08 13:45,16374.87652114286
09-08 14:00,3858.649290071429
09-08 14:15,3235.7817158
09-08 14:30,10612.5169926
09-08 14:45,13295.9898312
09-08 15:00,8692.423797271427
09-08 15:15,16796.122182857143
09-08 15:30,15607.226146885714
09-08 15:45,5946.539425314287
09-08 16:00,8944.351845857143
09-08 16:15,21822.162027571427
09-08 16:30,2707.0470539142857
09-08 16:45,16487.161858
09-08 17:00,13517.908439571427
09-08 17:15,0.0
09-08 17:30,9050.536249771429
09-08 17:45,12455.392179128572
09-08 18:00,10486.154018814286
09-08 18:15,3873.977166714286
09-08 18:30,3773.8546607000007
09-08 18:45,3404.711625514285
09-08 19:00,992.8652263714288
09-08 19:15,0.0
09-08 19:30,2267.5358670857145
09-08 19:45,0.0
09-08 20:00,0.0
09-08 20:15,809.2928140714287
09-08 20:30,11552.92474187143
09-08 20:45,1068.4213599714285
09-08 21:00,0.0
09-08 21:15,3761.545997700001
09-08 21:30,0.0
09-08 21:45,0.0
09-08 22:00,6443.387299885715
09-08 22:15,0.0
09-08 22:30,1175.400507102857
09-08 22:45,3978.016805557143
09-08 23:00,0.0
09-08 23:15,0.0
09-08 23:30,285.9486160000002
09-08 23:45,0.0
09-09 00:00,1805.3197145871427
09-09 00:15,1484.2857142857142
09-09 00:30,1484.2857142857142
09-09 00:45,4732.790790128571
09-09 01:00,1923.674667722857
09-09 01:15,1484.2857142857142
09-09 01:30,2069.324072818571
09-09 01:45,1484.2857142857142
09-09 02:00,1484.2857142857142
09-09 02:15,1484.2857142857142
09-09 02:30,1484.2857142857142
09-09 02:45,1484.2857142857142
09-09 03:00,1484.2857142857142
09-09 03:15,1484.2857142857142
09-09 03:30,1484.2857142857142
09-09 03:45,1484.2857142857142
09-09 04:00,1484.2857142857142
09-09 04:15,1484.2857142857142
09-09 04:30,1484.2857142857142
09-09 04:45,1718.9831142385713
09-09 05:00,0.0
09-09 05:15,0.0
09-09 05:30,0.0
09-09 05:45,0.0
09-09 06:00,0.0
09-09 06:15,1160.803690257143
09-09 06:30,17753.68176757143
09-09 06:45,403.4295139428574
09-09 07:00,7287.122189928572
09-09 07:15,8504.4534127
09-09 07:30,316.19516642857167
09-09 07:45,1180.910308114286
09-09 08:00,13302.48366914286
09-09 08:15,10181.439648128571
09-09 08:30,8028.549287214286
09-09 08:45,4652.706258785714
09-09 09:00,8099.750048428572
09-09 09:15,10442.522536385715
09-09 09:30,2459.4051099
09-09 09:45,7179.732944771428
09-09 10:00,13475.078261857145
09-09 10:15,883.8158626000002
09-09 10:30,11339.350111442858
09-09 10:45,809.0514662142859
09-09 11:00,19185.215678857145
09-09 11:15,1551.1311896285715
09-09 11:30,726.9959112
09-09 11:45,7081.998677400001
09-09 12:00,4850.823184842858
09-09 12:15,4008.3356983
09-09 12:30,1146.0388837000005
09-09 12:45,2929.2742233428576
09-09 13:00,7278.760088
09-09 13:15,7407.479948488609
09-09 13:30,10051.36306122857
09-09 13:45,3997.607365385714
09-09 14:00,10644.246953385717
09-09 14:15,8373.406552214286
09-09 14:30,9980.7533982
09-09 14:45,3942.930619471429
09-09 15:00,16392.03960857143
09-09 15:15,13756.203737057142
09-09 15:30,8871.063302014285
09-09 15:45,6155.257542757143
09-09 16:00,3622.334710714285
09-09 16:15,22301.71935814286
09-09 16:30,6265.807171414286
09-09 16:45,12538.738810457144
09-09 17:00,1932.018218657143
09-09 17:15,12934.316442
09-09 17:30,5170.061844828572
09-09 17:45,12140.891008057142
09-09 18:00,897.3677091428572
09-09 18:15,7350.949587728572
09-09 18:30,3694.411704528572
09-09 18:45,10417.865540957146
09-09 19:00,1166.210610228571
09-09 19:15,0.0
09-09 19:30,0.0
09-09 19:45,3018.508459628572
09-09 20:00,0.0
09-09 20:15,0.0
09-09 20:30,0.0
09-09 20:45,8337.289527185716
09-09 21:00,811.1851621971429
09-09 21:15,5976.829784614285
09-09 21:30,443.19065487285735
09-09 21:45,0.0
09-09 22:00,17263.880247285717
09-09 22:15,2741.224891588571
09-09 22:30,3982.217147071429
09-09 22:45,336.2503481214286
09-09 23:00,1484.2857142857142
09-09 23:15,1918.6955446214283
09-09 23:30,2027.1058317114284
09-09 23:45,4131.076344642856
09-10 00:00,1928.857532838572
09-10 00:15,1484.2857142857142
09-10 00:30,1484.2857142857142
09-10 00:45,1484.2857142857142
09-10 01:00,1926.59578533
09-10 01:15,1484.2857142857142
09-10 01:30,1484.2857142857142
09-10 01:45,1484.2857142857142
09-10 02:00,1484.2857142857142
09-10 02:15,1484.2857142857142
09-10 02:30,1535.978957142857
09-10 02:45,1484.2857142857142
09-10 03:00,1484.2857142857142
09-10 03:15,1484.2857142857142
09-10 03:30,6271.380180142858
09-10 03:45,2253.3217585128573
09-10 04:00,3195.843975728572
09-10 04:15,2635.1352116357143
09-10 04:30,1484.2857142857142
09-10 04:45,3333.632438685714
09-10 05:00,3413.8749472000004
09-10 05:15,24.06777224285728
09-10 05:30,0.0
09-10 05:45,0.0
09-10 06:00,7280.073649757144
09-10 06:15,697.0085473428574
09-10 06:30,10804.042305685714
09-10 06:45,1278.099632557143
09-10 07:00,12817.356459428573
09-10 07:15,8542.856730042859
09-10 07:30,3314.652750128572
09-10 07:45,1485.0441123571431
09-10 08:00,9306.219826585717
09-10 08:15,11727.803501714288
09-10 08:30,17513.107776428573
09-10 08:45,2577.9524561857143
09-10 09:00,5925.599028785715
09-10 09:15,9115.568923385714
09-10 09:30,3817.682124871429
09-10 09:45,9043.41514727143
09-10 10:00,11150.841981985714
09-10 10:15,4117.843755028571
09-10 10:30,9014.698199157145
09-10 10:45,7171.035300014286
09-10 11:00,4124.322272099999
09-10 11:15,27747.536742000004
09-10 11:30,8560.554558242859
09-10 11:45,12949.514654057144
09-10 12:00,13981.562670285712
09-10 12:15,6756.083908171429
09-10 12:30,6789.311906985714
09-10 12:45,5099.428585728572
09-10 13:00,11459.425890142858
09-10 13:15,4731.199839342857
09-10 13:30,20741.740161
09-10 13:45,10650.822136557144
09-10 14:00,5339.756288328571
09-10 14:15,8841.190219
09-10 14:30,2018.4709547614284
09-10 14:45,8513.211058842857
09-10 15:00,0.0
09-10 15:15,12542.858299528572
09-10 15:30,11009.9435
09-10 15:45,7587.630485771429
09-10 16:00,6510.558766585716
09-10 16:15,1959.9133594857149
09-10 16:30,7083.3503244428575
09-10 16:45,12935.224894571433
09-10 17:00,11864.243483628572
09-10 17:15,2802.7439226714287
09-10 17:30,8291.923144571429
09-10 17:45,13625.32166842857
09-10 18:00,12605.327940542857
09-10 18:15,4993.546862771429
09-10 18:30,10427.405875000002
09-10 18:45,869.0392025428572
09-10 19:00,679.0887759000002
09-10 19:15,0.0
09-10 19:30,359.4363420857144
09-10 19:45,6968.766263614287
09-10 20:00,164.93912420000026
09-10 20:15,0.0
09-10 20:30,0.0
09-10 20:45,1367.4352218714284
09-10 21:00,9375.620941757144
09-10 21:15,0.0
09-10 21:30,0.0
09-10 21:45,4393.023450428572
09-10 22:00,1484.2857142857142
09-10 22:15,7374.652584585714
09-10 22:30,10651.414267071428
09-10 22:45,8232.577175471428
09-10 23:00,1484.2857142857142
09-10 23:15,1484.2857142857142
09-10 23:30,11646.119576871428
09-10 23:45,1484.2857142857142
09-11 00:00,1484.2857142857142
09-11 00:15,1484.2857142857142
09-11 00:30,1484.2857142857142
09-11 00:45,1484.2857142857142
09-11 01:00,1484.2857142857142
09-11 01:15,1484.2857142857142
09-11 01:30,1484.2857142857142
09-11 01:45,1484.2857142857142
09-11 02:00,1484.2857142857142
09-11 02:15,1484.2857142857142
09-11 02:30,1484.2857142857142
09-11 02:45,1484.2857142857142
09-11 03:00,1484.2857142857142
09-11 03:15,2934.238296171429
09-11 03:30,2152.6165981157137
09-11 03:45,1971.3608071228573
09-11 04:00,3497.136625614286
09-11 04:15,1484.2857142857142
09-11 04:30,2327.9362621342857
09-11 04:45,1484.2857142857142
09-11 05:00,0.0
09-11 05:15,349.2453945428573
09-11 05:30,2222.8872625285712
09-11 05:45,0.0
09-11 06:00,3470.1905739571425
09-11 06:15,0.0
09-11 06:30,0.0
09-11 06:45,7227.203144528573
09-11 07:00,10922.637401128572
09-11 07:15,11798.994681114287
09-11 07:30,7988.278757442858
09-11 07:45,2632.9925032857145
09-11 08:00,3161.5130624714284
09-11 08:15,13034.720287000002
09-11 08:30,4891.940791542858
09-11 08:45,9725.286909985716
09-11 09:00,8120.517446900001
09-11 09:15,8731.84324452857
09-11 09:30,7992.966845585715
09-11 09:45,5987.612985685715
09-11 10:00,11520.82875987143
09-11 10:15,7788.418684171429
09-11 10:30,1531.2463774714283
09-11 10:45,3062.3353256428577
09-11 11:00,12702.399229857145
09-11 11:15,6129.441948514285
09-11 11:30,8402.214368142855
09-11 11:45,5672.886894557143
09-11 12:00,9146.576986557144
09-11 12:15,15643.43933317143
09-11 12:30,9312.194945285715
09-11 12:45,2916.063695457143
09-11 13:00,3051.4485155
09-11 13:15,8211.921260528572
09-11 13:30,3428.4316880714287
09-11 13:45,15161.690156142857
09-11 14:00,1484.2857142857142
09-11 14:15,12879.780498471428
09-11 14:30,11583.00953277143
09-11 14:45,15273.985165685714
09-11 15:00,5741.885333971428
09-11 15:15,5065.125731528571
09-11 15:30,18122.000111142857
09-11 15:45,10898.392902971427
09-11 16:00,14279.584284285716
09-11 16:15,6707.27365027143
09-11 16:30,6509.963244642858
09-11 16:45,8304.86406937143
09-11 17:00,4712.733957642858
09-11 17:15,1370.7832275714286
09-11 17:30,19066.19361
09-11 17:45,7173.505848171429
09-11 18:00,5880.955635157144
09-11 18:15,16571.46157385714
09-11 18:30,10522.716983542858
09-11 18:45,3624.678693085714
09-11 19:00,6841.577501271428
09-11 19:15,0.0
09-11 19:30,0.0
09-11 19:45,2329.783546842857
09-11 20:00,41.58241328571455
09-11 20:15,0.0
09-11 20:30,1592.4839445000002
09-11 20:45,0.0
09-11 21:00,4486.708106509948
09-11 21:15,7110.209339228572
09-11 21:30,2105.54595852
09-11 21:45,2500.502458445714
09-11 22:00,1484.2857142857142
09-11 22:15,1895.58706338
09-11 22:30,8522.598268042857
09-11 22:45,1484.2857142857142
09-11 23:00,1484.2857142857142
09-11 23:15,6713.710045842858
09-11 23:30,2169.235674172857
09-11 23:45,1484.2857142857142
09-12 00:00,1879.9457672542856
09-12 00:15,6301.444840228572
09-12 00:30,1484.2857142857142
09-12 00:45,1484.2857142857142
09-12 01:00,1484.2857142857142
09-12 01:15,2074.72987657
09-12 01:30,1484.2857142857142
09-12 01:45,1484.2857142857142
09-12 02:00,1484.2857142857142
09-12 02:15,1484.2857142857142
09-12 02:30,1484.2857142857142
09-12 02:45,1484.2857142857142
09-12 03:00,2343.7690035828573
09-12 03:15,1484.2857142857142
09-12 03:30,1484.2857142857142
09-12 03:45,2120.4421798385715
09-12 04:00,1484.2857142857142
09-12 04:15,1484.2857142857142
09-12 04:30,2000.1075805914288
09-12 04:45,2216.9407150385714
09-12 05:00,0.0
09-12 05:15,0.0
09-12 05:30,0.0
09-12 05:45,0.0970270000001859
09-12 06:00,0.0
09-12 06:15,5829.614323500001
09-12 06:30,505.4093070285717
09-12 06:45,740.9461252
09-12 07:00,4840.552816828572
09-12 07:15,14518.176728714288
09-12 07:30,17454.87357014286
09-12 07:45,6295.324029571429
09-12 08:00,6016.914745671429
09-12 08:15,9351.1049114
09-12 08:30,2297.435428114286
09-12 08:45,2297.950232628571
09-12 09:00,7640.3794719285725
09-12 09:15,10904.433285257142
09-12 09:30,13311.775936857146
09-12 09:45,2824.832125671429
09-12 10:00,3355.733753457143
09-12 10:15,10540.595534285716
09-12 10:30,8121.700846300001
09-12 10:45,14929.30426057143
09-12 11:00,14851.747629142856
09-12 11:15,9674.008939671428
09-12 11:30,2376.056046671429
09-12 11:45,12176.4604073
09-12 12:00,6839.003976428571
09-12 12:15,3312.725892942857
09-12 12:30,21417.079009
09-12 12:45,7438.983126942857
09-12 13:00,18717.601325
09-12 13:15,4655.598694914285
09-12 13:30,18293.96481171429
09-12 13:45,18102.479939
09-12 14:00,14945.620108814286
09-12 14:15,6938.818453714285
09-12 14:30,10800.292640014286
09-12 14:45,9840.46465147143
09-12 15:00,23048.09508142857
09-12 15:15,14882.327750971428
09-12 15:30,22023.33497485714
09-12 15:45,13145.902651171427
09-12 16:00,7148.81303047143
09-12 16:15,5427.0259573
09-12 16:30,3450.2226812571434
09-12 16:45,13826.062013
09-12 17:00,6061.189823857144
09-12 17:15,5022.610206485715
09-12 17:30,2829.933901142858
09-12 17:45,17269.631040285716
09-12 18:00,2481.175305328571
09-12 18:15,2947.020205228572
09-12 18:30,674.1904832000002
09-12 18:45,7569.261366428572
09-12 19:00,1307.2173873285717
09-12 19:15,124.35943182857154
09-12 19:30,0.0
09-12 19:45,0.0
09-12 20:00,0.0
09-12 20:15,3839.5778222428576
09-12 20:30,644.7493264285715
09-12 20:45,2589.619516457143
09-12 21:00,0.0
09-12 21:15,0.0
09-12 21:30,6788.170305174285
09-12 21:45,6667.5540663
09-12 22:00,6274.240700585715
09-12 22:15,2975.480583285714
09-12 22:30,2606.7182240442858
09-12 22:45,4774.6436205
09-12 23:00,1484.2857142857142
09-12 23:15,1893.2553186942853
09-12 23:30,1484.2857142857142
09-12 23:45,1484.2857142857142
09-13 00:00,1484.2857142857142
09-13 00:15,1983.6895531214288
09-13 00:30,2292.0813453671426
09-13 00:45,2051.46122786
09-13 01:00,9947.930703628572
09-13 01:15,1805.3099989942857
09-13 01:30,1994.7041713542856
09-13 01:45,1484.2857142857142
09-13 02:00,4901.158821671428
09-13 02:15,2217.622805428571
09-13 02:30,2073.587984535714
09-13 02:45,1484.2857142857142
09-13 03:00,1484.2857142857142
09-13 03:15,1484.2857142857142
09-13 03:30,1484.2857142857142
09-13 03:45,1484.2857142857142
09-13 04:00,1484.2857142857142
09-13 04:15,1484.2857142857142
09-13 04:30,1484.2857142857142
09-13 04:45,1484.2857142857142
09-13 05:00,0.0
09-13 05:15,0.0
09-13 05:30,0.0
09-13 05:45,0.0
09-13 06:00,6511.260390300001
09-13 06:15,5860.1831549
09-13 06:30,6532.010463600001
09-13 06:45,1378.1631453571429
09-13 07:00,1520.8119867571431
09-13 07:15,5757.981594485715
09-13 07:30,5996.261936628573
09-13 07:45,0.0
09-13 08:00,3598.703190228572
09-13 08:15,3721.477951514287
09-13 08:30,5747.101515300001
09-13 08:45,13972.320090714284
09-13 09:00,3077.3912391714284
09-13 09:15,13531.41767157143
09-13 09:30,7844.216131742858
09-13 09:45,10870.752652871428
09-13 10:00,3228.292811057143
09-13 10:15,10777.076592228572
09-13 10:30,8004.453239542859
09-13 10:45,8235.797628814285
09-13 11:00,7374.416862700001
09-13 11:15,9974.520868885713
09-13 11:30,1167.8186049
09-13 11:45,9721.784586785714
09-13 12:00,5633.356226455766
09-13 12:15,13690.987737714288
09-13 12:30,1796.5343305857143
09-13 12:45,24337.852505285715
09-13 13:00,7027.957143128572
09-13 13:15,15857.335279
09-13 13:30,12222.854194614283
09-13 13:45,17732.12064842857
09-13 14:00,8697.910647157143
09-13 14:15,5394.4140708
09-13 14:30,21077.09631057143
09-13 14:45,12380.438559357144
09-13 15:00,14283.916896914288
09-13 15:15,7869.984301114285
09-13 15:30,16371.878055
09-13 15:45,10233.455793657144
09-13 16:00,14364.036778857144
09-13 16:15,6956.146202342858
09-13 16:30,18543.337550285712
09-13 16:45,3155.5767756000005
09-13 17:00,1640.3359527142857
09-13 17:15,7437.113211257143
09-13 17:30,8825.350167700002
09-13 17:45,2409.192246328572
09-13 18:00,7814.4194545
09-13 18:15,7581.206948385715
09-13 18:30,6091.246984171429
09-13 18:45,5433.180079442858
09-13 19:00,3768.0440598
09-13 19:15,0.0
09-13 19:30,6019.262275628572
09-13 19:45,1751.3389627428576
09-13 20:00,0.0
09-13 20:15,0.0
09-13 20:30,134.73484311428587
09-13 20:45,0.0
09-13 21:00,0.0
09-13 21:15,0.0
09-13 21:30,381.6871135857143
09-13 21:45,0.0
09-13 22:00,0.0
09-13 22:15,0.0
09-13 22:30,0.0
09-13 22:45,0.0
09-13 23:00,0.0
09-13 23:15,3474.862099685714
09-13 23:30,3793.1147317285713
09-13 23:45,752.7652084142859
09-14 00:00,3368.9099293142854
09-14 00:15,1484.2857142857142
09-14 00:30,6929.875917671428
09-14 00:45,2212.8687572071426
09-14 01:00,1484.2857142857142
09-14 01:15,1484.2857142857142
09-14 01:30,1484.2857142857142
09-14 01:45,1484.2857142857142
09-14 02:00,2774.4023699342856
09-14 02:15,2342.5228988371427
09-14 02:30,2010.615300828572
09-14 02:45,1484.2857142857142
09-14 03:00,2036.3106692771428
09-14 03:15,2435.9651419914285
09-14 03:30,1484.2857142857142
09-14 03:45,2237.8727478014284
09-14 04:00,1484.2857142857142
09-14 04:15,1484.2857142857142
09-14 04:30,2352.954895415714
09-14 04:45,1484.2857142857142
09-14 05:00,0.0
09-14 05:15,0.0
09-14 05:30,0.0
09-14 05:45,0.0
09-14 06:00,3576.249187157143
09-14 06:15,0.0
09-14 06:30,0.0
09-14 06:45,0.0
09-14 07:00,0.0
09-14 07:15,8066.184733442857
09-14 07:30,715.7624593714287
09-14 07:45,3407.781646257143
09-14 08:00,11035.249649642858
09-14 08:15,15062.914439714288
09-14 08:30,738.5290716000001
09-14 08:45,6136.312510400001
09-14 09:00,1425.8653781000005
09-14 09:15,2202.886797942857
09-14 09:30,2088.5190271
09-14 09:45,4022.917929328571
09-14 10:00,9645.430597528572
09-14 10:15,2237.977477161423
09-14 10:30,8537.488742842857
09-14 10:45,5286.306586628572
09-14 11:00,5643.487267014286
09-14 11:15,4811.678928014287
09-14 11:30,10461.137839142855
09-14 11:45,16197.85648157143
09-14 12:00,7741.351103257143
09-14 12:15,17734.875402
09-14 12:30,11912.162347757145
09-14 12:45,11949.413087885714
09-14 13:00,11953.610046528573
09-14 13:15,15456.499581685715
09-14 13:30,15971.64493942857
09-14 13:45,4450.307538914286
09-14 14:00,4701.283536014285
09-14 14:15,8623.011503157142
09-14 14:30,5296.308726214287
09-14 14:45,6523.743375857143
09-14 15:00,12057.645306214285
09-14 15:15,14769.4666906
09-14 15:30,5105.293475357143
09-14 15:45,16189.389096142855
09-14 16:00,9573.108061871428
09-14 16:15,5119.2348428714295
09-14 16:30,1537.7377323285716
09-14 16:45,5951.256544742858
09-14 17:00,4968.794743485715
09-14 17:15,884.3698102285716
09-14 17:30,2315.1351463
09-14 17:45,10403.34343137143
09-14 18:00,0.0
09-14 18:15,4865.851769242857
09-14 18:30,5599.277367657142
09-14 18:45,0.0
09-14 19:00,10471.600502628571
09-14 19:15,26.192359085714298
09-14 19:30,12627.31125867143
09-14 19:45,2899.5782689714288
09-14 20:00,0.0
09-14 20:15,0.0
09-14 20:30,970.7193392
09-14 20:45,0.0
09-14 21:00,834.7901815571428
09-14 21:15,2874.053144885714
09-14 21:30,0.0
09-14 21:45,0.0
09-14 22:00,5748.338406842859
09-14 22:15,12158.8895655
09-14 22:30,3381.4568995428576
09-14 22:45,0.0
09-14 23:00,0.0
09-14 23:15,5495.066974685715
09-14 23:30,22.306598071428763
09-14 23:45,0.0
09-15 00:00,0.0
09-15 00:15,0.0
09-15 00:30,0.0
09-15 00:45,1325.7435135014289
09-15 01:00,0.0
09-15 01:15,0.0
09-15 01:30,0.0
09-15 01:45,0.0
09-15 02:00,6488.5519952
09-15 02:15,1484.2857142857142
09-15 02:30,2625.0593069514284
09-15 02:45,1484.2857142857142
09-15 03:00,1484.2857142857142
09-15 03:15,1484.2857142857142
09-15 03:30,1484.2857142857142
09-15 03:45,1484.2857142857142
09-15 04:00,2277.497137621429
09-15 04:15,1484.2857142857142
09-15 04:30,1484.2857142857142
09-15 04:45,1484.2857142857142
09-15 05:00,1484.2857142857142
09-15 05:15,1484.2857142857142
09-15 05:30,1484.2857142857142
09-15 05:45,1484.2857142857142
09-15 06:00,2005.801232454286
09-15 06:15,1783.0590790771428
09-15 06:30,1484.2857142857142
09-15 06:45,1484.2857142857142
09-15 07:00,5524.576937785715
09-15 07:15,5878.144005571428
09-15 07:30,4498.950385757143
09-15 07:45,1301.247993617096
09-15 08:00,2023.326490757143
09-15 08:15,600.4044325428572
09-15 08:30,0.0
09-15 08:45,0.0
09-15 09:00,19216.40697428572
09-15 09:15,10826.364058514286
09-15 09:30,4027.561874428572
09-15 09:45,16277.66106457143
09-15 10:00,10284.113658014288
09-15 10:15,14341.161286071429
09-15 10:30,6146.211918571429
09-15 10:45,14601.425934885714
09-15 11:00,10572.618867571427
09-15 11:15,29281.31119857143
09-15 11:30,15801.378687
09-15 11:45,16295.890890428573
09-15 12:00,22721.97036342857
09-15 12:15,11164.739979171429
09-15 12:30,15540.112002771428
09-15 12:45,10625.164242985711
09-15 13:00,11184.633736999998
09-15 13:15,12540.625169742856
09-15 13:30,22715.224751
09-15 13:45,12084.763346228572
09-15 14:00,25360.03773471429
09-15 14:15,16560.731444857145
09-15 14:30,8934.474991142857
09-15 14:45,11259.610802342855
09-15 15:00,9348.505210242858
09-15 15:15,18937.61460742857
09-15 15:30,11991.910558885713
09-15 15:45,8519.535897599999
09-15 16:00,7941.9738459
09-15 16:15,3903.4170178
09-15 16:30,11828.3060234
09-15 16:45,11707.065484857145
09-15 17:00,6570.504527085715
09-15 17:15,1240.499124557143
09-15 17:30,7386.616632214286
09-15 17:45,5609.025840500001
09-15 18:00,3250.356656914286
09-15 18:15,1867.6665138142853
09-15 18:30,0.0
09-15 18:45,6773.677224128572
09-15 19:00,6738.773989871429
09-15 19:15,4646.166996942858
09-15 19:30,3181.361134485714
09-15 19:45,7081.647177928572
09-15 20:00,0.0
09-15 20:15,4823.889979214287
09-15 20:30,318.9962782000002
09-15 20:45,176.78638421428568
09-15 21:00,5220.778894028572
09-15 21:15,0.0
09-15 21:30,0.0
09-15 21:45,0.0
09-15 22:00,0.0
09-15 22:15,0.0
09-15 22:30,0.0
09-15 22:45,0.0
09-15 23:00,2053.5614994942857
09-15 23:15,6157.534565414286
09-15 23:30,1484.2857142857142
09-15 23:45,1879.2765477471428
09-16 00:00,0.0
09-16 00:15,0.0
09-16 00:30,1954.4256583757144
09-16 00:45,3018.1902845642826
09-16 01:00,1484.2857142857142
09-16 01:15,2030.074426582857
09-16 01:30,1484.2857142857142
09-16 01:45,1484.2857142857142
09-16 02:00,1484.2857142857142
09-16 02:15,1484.2857142857142
09-16 02:30,2121.523405978572
09-16 02:45,1484.2857142857142
09-16 03:00,1855.8296674928567
09-16 03:15,1484.2857142857142
09-16 03:30,1484.2857142857142
09-16 03:45,1484.2857142857142
09-16 04:00,0.0
09-16 04:15,0.0
09-16 04:30,0.0
09-16 04:45,0.0
09-16 05:00,174.2763439714287
09-16 05:15,0.0
09-16 05:30,3294.752520371429
09-16 05:45,0.0
09-16 06:00,6428.699466985715
09-16 06:15,1817.5086857142865
09-16 06:30,6900.076460142857
09-16 06:45,5421.437406757143
09-16 07:00,1813.7078850857145
09-16 07:15,1392.505812157143
09-16 07:30,15906.812319714283
09-16 07:45,16340.960401571429
09-16 08:00,1465.0180320000004
09-16 08:15,1680.1692004857143
09-16 08:30,4817.468643514286
09-16 08:45,14165.690122714286
09-16 09:00,23560.17311485713
09-16 09:15,11622.694866314288
09-16 09:30,5504.801954942857
09-16 09:45,12738.081241285716
09-16 10:00,7884.991805271429
09-16 10:15,4945.400980042857
09-16 10:30,11138.2793971
09-16 10:45,1456.3834493000004
09-16 11:00,9487.464646485714
09-16 11:15,2377.664194042857
09-16 11:30,14332.412053714288
09-16 11:45,391.44496051428575
09-16 12:00,10096.78561562857
09-16 12:15,8386.851679742858
09-16 12:30,6424.167073685715
09-16 12:45,2755.588102528572
09-16 13:00,16269.341500808609
09-16 13:15,17089.54724642857
09-16 13:30,4656.922201657142
09-16 13:45,13397.475977957143
09-16 14:00,13437.276892357144
09-16 14:15,15742.896586214289
09-16 14:30,11932.975036114283
09-16 14:45,14646.50606037143
09-16 15:00,4743.798700628571
09-16 15:15,9901.938312328572
09-16 15:30,3169.827810057143
09-16 15:45,8834.823532771428
09-16 16:00,13541.982945428572
09-16 16:15,8479.012602585715
09-16 16:30,16878.23782571429
09-16 16:45,20571.611577000003
09-16 17:00,1780.380796057143
09-16 17:15,1491.6335890285714
09-16 17:30,3583.094333571429
09-16 17:45,10915.6585568
09-16 18:00,7326.056930771429
09-16 18:15,7460.6567609428575
09-16 18:30,6539.825473628573
09-16 18:45,7642.644780685715
09-16 19:00,2785.5879130857147
09-16 19:15,2411.8105412428577
09-16 19:30,1914.288754328572
09-16 19:45,3999.102674842857
09-16 20:00,0.0
09-16 20:15,0.0
09-16 20:30,0.0
09-16 20:45,3734.926038157144
09-16 21:00,2301.687663372857
09-16 21:15,2854.1656668157143
09-16 21:30,595.7757951000001
09-16 21:45,2794.3526289000006
09-16 22:00,7016.935533885715
09-16 22:15,0.0
09-16 22:30,3018.850548451429
09-16 22:45,0.0
09-16 23:00,756.5883884028572
09-16 23:15,0.0
09-16 23:30,0.0
09-16 23:45,0.0
09-17 00:00,1484.2857142857142
09-17 00:15,2400.5024403928574
09-17 00:30,1484.2857142857142
09-17 00:45,2125.674111864286
09-17 01:00,1484.2857142857142
09-17 01:15,1484.2857142857142
09-17 01:30,1484.2857142857142
09-17 01:45,2735.800755328571
09-17 02:00,1484.2857142857142
09-17 02:15,1484.2857142857142
09-17 02:30,1484.2857142857142
09-17 02:45,1484.2857142857142
09-17 03:00,1484.2857142857142
09-17 03:15,1484.2857142857142
09-17 03:30,2701.18640017
09-17 03:45,1484.2857142857142
09-17 04:00,0.0
09-17 04:15,0.0
09-17 04:30,2119.1926013042857
09-17 04:45,1484.2857142857142
09-17 05:00,8686.111719528571
09-17 05:15,0.0
09-17 05:30,0.0
09-17 05:45,0.0
09-17 06:00,11360.6464561
09-17 06:15,7420.427458185715
09-17 06:30,10467.28859587143
09-17 06:45,9966.095053985717
09-17 07:00,5536.376181357144
09-17 07:15,3214.247949857144
09-17 07:30,7846.960682028573
09-17 07:45,8213.166592357142
09-17 08:00,4990.9892262
09-17 08:15,5753.144102571428
09-17 08:30,12282.909253457145
09-17 08:45,6334.376212100001
09-17 09:00,6559.261296171429
09-17 09:15,3226.7905201857147
09-17 09:30,5887.098837128572
09-17 09:45,8809.118197428574
09-17 10:00,2097.568401885714
09-17 10:15,8368.962464
09-17 10:30,8132.220438014287
09-17 10:45,8004.46341308424
09-17 11:00,13701.839059242857
09-17 11:15,16684.444600285715
09-17 11:30,6395.7906757857145
09-17 11:45,22740.94328914285
09-17 12:00,5323.869728571428
09-17 12:15,5242.870896857143
09-17 12:30,13607.47264432857
09-17 12:45,10041.405260585714
09-17 13:00,27902.84303557144
09-17 13:15,4446.2368382714285
09-17 13:30,10887.550268285717
09-17 13:45,7039.710434471429
09-17 14:00,6127.282274357143
09-17 14:15,10045.047930585712
09-17 14:30,15030.458853642856
09-17 14:45,5187.532201914285
09-17 15:00,11020.2121498
09-17 15:15,9554.513545842858
09-17 15:30,16448.670403142856
09-17 15:45,8910.674982814286
09-17 16:00,3023.036627828571
09-17 16:15,4248.286425857144
09-17 16:30,13802.609616885717
09-17 16:45,13902.085694014286
09-17 17:00,2171.352007942857
09-17 17:15,12295.405704228571
09-17 17:30,7943.324455857142
09-17 17:45,7830.237870528572
09-17 18:00,9244.820786657145
09-17 18:15,7630.108049157143
09-17 18:30,1813.588885857143
09-17 18:45,11295.413705285717
09-17 19:00,8884.4567259
09-17 19:15,579.3923528285716
09-17 19:30,287.92241282857145
09-17 19:45,0.0
09-17 20:00,6048.134942800001
09-17 20:15,1326.4296476000002
09-17 20:30,0.0
09-17 20:45,399.6343073571431
09-17 21:00,2207.9507480714287
09-17 21:15,0.0
09-17 21:30,569.1692481714286
09-17 21:45,0.0
09-17 22:00,2207.535270622857
09-17 22:15,2944.383028228571
09-17 22:30,2436.5998510542854
09-17 22:45,2130.13912974
09-17 23:00,1484.2857142857142
09-17 23:15,2018.1562451742857
09-17 23:30,1484.2857142857142
09-17 23:45,5133.401879742857
09-18 00:00,1884.818662107143
09-18 00:15,1484.2857142857142
09-18 00:30,3768.930745285714
09-18 00:45,1484.2857142857142
09-18 01:00,1484.2857142857142
09-18 01:15,2058.34021915
09-18 01:30,1484.2857142857142
09-18 01:45,1484.2857142857142
09-18 02:00,2096.4325235028573
09-18 02:15,1484.2857142857142
09-18 02:30,2181.6351906457144
09-18 02:45,1484.2857142857142
09-18 03:00,1484.2857142857142
09-18 03:15,1484.2857142857142
09-18 03:30,1484.2857142857142
09-18 03:45,1484.2857142857142
09-18 04:00,6505.272318871429
09-18 04:15,2060.669679144285
09-18 04:30,4400.564003328572
09-18 04:45,2327.1370852814284
09-18 05:00,0.0
09-18 05:15,0.0
09-18 05:30,0.0
09-18 05:45,3444.405039442857
09-18 06:00,6890.352855628572
09-18 06:15,19904.22196557143
09-18 06:30,9871.543326842855
09-18 06:45,59.90996434285721
09-18 07:00,6195.165736414288
09-18 07:15,832.9658420000001
09-18 07:30,6602.742624471429
09-18 07:45,6334.074533742857
09-18 08:00,8921.478596057144
09-18 08:15,1883.402576657143
09-18 08:30,13249.738359285717
09-18 08:45,2202.342782714285
09-18 09:00,9469.152881914286
09-18 09:15,2394.0861079285714
09-18 09:30,5434.180774128571
09-18 09:45,7776.544247442857
09-18 10:00,19574.945740714287
09-18 10:15,16921.128605142858
09-18 10:30,7014.754275400001
09-18 10:45,7364.198756542857
09-18 11:00,4102.585547742858
09-18 11:15,4533.0923694428575
09-18 11:30,6247.871086557144
09-18 11:45,9300.876476471429
09-18 12:00,7218.760967499999
09-18 12:15,15844.890658428572
09-18 12:30,5426.307759414286
09-18 12:45,7139.798423042857
09-18 13:00,10406.838252814285
09-18 13:15,2749.0693285671427
09-18 13:30,3738.8137657
09-18 13:45,11155.623937814284
09-18 14:00,6055.420194142857
09-18 14:15,6560.1660846714285
09-18 14:30,4357.900552514286
09-18 14:45,7194.500006371429
09-18 15:00,10396.607090714286
09-18 15:15,16153.54300985714
09-18 15:30,11844.935525785717
09-18 15:45,22298.976252000004
09-18 16:00,10271.532364414288
09-18 16:15,9481.453677014286
09-18 16:30,12396.31433037143
09-18 16:45,6482.806661985715
09-18 17:00,11385.782523800002
09-18 17:15,9831.146186785714
09-18 17:30,6384.3370013428585
09-18 17:45,4323.837564928572
09-18 18:00,7401.293261871429
09-18 18:15,0.0
09-18 18:30,5106.959450757144
09-18 18:45,13453.534692142855
09-18 19:00,4050.606115371428
09-18 19:15,0.0
09-18 19:30,5069.15674297143
09-18 19:45,0.0
09-18 20:00,5913.855464328572
09-18 20:15,0.0
09-18 20:30,0.0
09-18 20:45,0.0
09-18 21:00,5663.299127085715
09-18 21:15,1692.0890001857144
09-18 21:30,9423.606443657143
09-18 21:45,4801.862943928571
09-18 22:00,3087.731240614286
09-18 22:15,0.0
09-18 22:30,2101.4088429857143
09-18 22:45,0.0
09-18 23:00,2518.304743435714
09-18 23:15,5133.361180100001
09-18 23:30,1484.2857142857142
09-18 23:45,2464.675796031429
09-19 00:00,1484.2857142857142
09-19 00:15,7565.274310257142
09-19 00:30,1484.2857142857142
09-19 00:45,2588.1356088285715
09-19 01:00,1777.06366904
09-19 01:15,1484.2857142857142
09-19 01:30,1484.2857142857142
09-19 01:45,1484.2857142857142
09-19 02:00,1484.2857142857142
09-19 02:15,1484.2857142857142
09-19 02:30,1484.2857142857142
09-19 02:45,3887.9905920285714
09-19 03:00,1800.031840124286
09-19 03:15,2116.126995768572
09-19 03:30,1484.2857142857142
09-19 03:45,2363.664759342857
09-19 04:00,2304.0269944528573
09-19 04:15,2014.214507387143
09-19 04:30,2124.41619775
09-19 04:45,2683.315698708569
09-19 05:00,0.0
09-19 05:15,4045.890384528572
09-19 05:30,133.46420557142875
09-19 05:45,2799.414753771429
09-19 06:00,0.0
09-19 06:15,9421.6784782
09-19 06:30,6864.030688542858
09-19 06:45,8411.422203142858
09-19 07:00,7882.660528014286
09-19 07:15,13541.514214571427
09-19 07:30,5223.3300616000015
09-19 07:45,5178.909797885714
09-19 08:00,2637.6750865000004
09-19 08:15,13400.35389614286
09-19 08:30,3656.3877131142863
09-19 08:45,11448.798453214287
09-19 09:00,5910.844738714286
09-19 09:15,13451.32559057143
09-19 09:30,6722.364567414287
09-19 09:45,13886.802211857144
09-19 10:00,4290.023071242858
09-19 10:15,8417.675163714286
09-19 10:30,9256.642061685716
09-19 10:45,1601.4718064
09-19 11:00,9717.014553985717
09-19 11:15,3338.646308371468
09-19 11:30,8134.9426338428575
09-19 11:45,5315.7333125
09-19 12:00,2554.104065978572
09-19 12:15,9160.972154628573
09-19 12:30,9820.41125412857
09-19 12:45,6377.916736871429
09-19 13:00,10830.1258909
09-19 13:15,3562.216102642857
09-19 13:30,10356.776981242856
09-19 13:45,13002.129122828572
09-19 14:00,5648.7343155
09-19 14:15,9188.012907342856
09-19 14:30,17541.616941
09-19 14:45,6221.402876871428
09-19 15:00,7174.169829014287
09-19 15:15,4769.210369200001
09-19 15:30,3022.9162689000004
09-19 15:45,7455.715471157144
09-19 16:00,7598.898944928572
09-19 16:15,2562.0703898142856
09-19 16:30,13615.642740571431
09-19 16:45,9023.35984087143
09-19 17:00,12375.893997200004
09-19 17:15,13714.632904857144
09-19 17:30,12313.98930537143
09-19 17:45,7626.523777157143
09-19 18:00,4723.590268728572
09-19 18:15,24863.342919857143
09-19 18:30,13053.98268314286
09-19 18:45,1580.8193630571427
09-19 19:00,8620.780382628573
09-19 19:15,0.0
09-19 19:30,8902.650196828572
09-19 19:45,3787.902005842857
09-19 20:00,70.44164928571453
09-19 20:15,0.0
09-19 20:30,39.68189381428574
09-19 20:45,279.88453611428577
09-19 21:00,0.0
09-19 21:15,0.0
09-19 21:30,0.0
09-19 21:45,0.0
09-19 22:00,0.0
09-19 22:15,0.0
09-19 22:30,562.6475569285715
09-19 22:45,0.0
09-19 23:00,2149.85538211
09-19 23:15,1913.9931467657143
09-19 23:30,1484.2857142857142
09-19 23:45,1484.2857142857142
09-20 00:00,1484.2857142857142
09-20 00:15,2068.7910318914287
09-20 00:30,2369.0124245614284
09-20 00:45,1484.2857142857142
09-20 01:00,2524.7151548671427
09-20 01:15,2011.795050415714
09-20 01:30,1484.2857142857142
09-20 01:45,4374.297627614286
09-20 02:00,1484.2857142857142
09-20 02:15,1484.2857142857142
09-20 02:30,1995.2589068357145
09-20 02:45,2537.8951363742854
09-20 03:00,1484.2857142857142
09-20 03:15,1484.2857142857142
09-20 03:30,1484.2857142857142
09-20 03:45,1484.2857142857142
09-20 04:00,1484.2857142857142
09-20 04:15,1484.2857142857142
09-20 04:30,1484.2857142857142
09-20 04:45,1484.2857142857142
09-20 05:00,0.0
09-20 05:15,0.0
09-20 05:30,0.0
09-20 05:45,0.0
09-20 06:00,5132.566963671429
09-20 06:15,2117.803626828571
09-20 06:30,1647.3831152285716
09-20 06:45,10349.763697885715
09-20 07:00,11754.15883522857
09-20 07:15,14345.142797285716
09-20 07:30,1679.775381542857
09-20 07:45,11204.34756054286
09-20 08:00,6051.946267714287
09-20 08:15,10223.5513414
09-20 08:30,9518.584758642855
09-20 08:45,8404.64335414286
09-20 09:00,7284.840537071429
09-20 09:15,7869.878894857143
09-20 09:30,10262.346103385717
09-20 09:45,6047.2848246
09-20 10:00,3354.516028285714
09-20 10:15,4968.049048414287
09-20 10:30,3307.5699058142864
09-20 10:45,6901.216664242857
09-20 11:00,5989.696678971429
09-20 11:15,9051.231495342858
09-20 11:30,10584.675731171428
09-20 11:45,15141.764917585717
09-20 12:00,6910.325845471429
09-20 12:15,17041.687306571428
09-20 12:30,4257.491516157143
09-20 12:45,6082.062312928571
09-20 13:00,11984.163810614287
09-20 13:15,27328.979555857142
09-20 13:30,9181.9323927
09-20 13:45,13871.510306871429
09-20 14:00,5616.448578157144
09-20 14:15,10281.772264042856
09-20 14:30,10237.086122385714
09-20 14:45,6717.212623485713
09-20 15:00,16121.67992485714
09-20 15:15,12201.475583700005
09-20 15:30,10159.340364285716
09-20 15:45,9545.162052628571
09-20 16:00,15174.89882357143
09-20 16:15,3221.621364114286
09-20 16:30,14480.339003428571
09-20 16:45,12441.189034085715
09-20 17:00,4070.462794371429
09-20 17:15,4703.545542242858
09-20 17:30,10096.1529421
09-20 17:45,8521.427910485716
09-20 18:00,14373.011338285716
09-20 18:15,9800.9675886
09-20 18:30,10437.374691457144
09-20 18:45,14224.524770714286
09-20 19:00,265.76399895714286
09-20 19:15,2967.118148885714
09-20 19:30,571.5713266285715
09-20 19:45,0.0
09-20 20:00,330.5774721714288
09-20 20:15,7080.361558185716
09-20 20:30,3388.4421412285715
09-20 20:45,3553.4607803428576
09-20 21:00,0.0
09-20 21:15,0.0
09-20 21:30,2633.9858446142857
09-20 21:45,5827.889952699999
09-20 22:00,578.1767654871429
09-20 22:15,2350.005281997143
09-20 22:30,0.0
09-20 22:45,0.0
09-20 23:00,4779.627173014286
09-20 23:15,2047.5827682714284
09-20 23:30,0.0
09-20 23:45,842.4771295257143
09-21 00:00,1484.2857142857142
09-21 00:15,4387.350551557142
09-21 00:30,2394.7820637457144
09-21 00:45,2239.022358932857
09-21 01:00,1484.2857142857142
09-21 01:15,1844.3582392314288
09-21 01:30,6374.707223514286
09-21 01:45,5669.502714357143
09-21 02:00,2902.3010632771425
09-21 02:15,3005.8324326
09-21 02:30,2082.911702488572
09-21 02:45,1484.2857142857142
09-21 03:00,0.0
09-21 03:15,0.0
09-21 03:30,0.0
09-21 03:45,0.0
09-21 04:00,0.0
09-21 04:15,0.0
09-21 04:30,0.0
09-21 04:45,0.0
09-21 05:00,0.0
09-21 05:15,0.0
09-21 05:30,0.0
09-21 05:45,0.0
09-21 06:00,0.0
09-21 06:15,3491.382011128572
09-21 06:30,4569.808894057144
09-21 06:45,2819.9008914714286
09-21 07:00,0.0
09-21 07:15,879.5480725714287
09-21 07:30,0.0
09-21 07:45,0.0
09-21 08:00,0.0
09-21 08:15,8732.272399342857
09-21 08:30,24.584042171428763
09-21 08:45,4943.898345328572
09-21 09:00,1081.4252374714283
09-21 09:15,3585.5375531557142
09-21 09:30,5356.426681828571
09-21 09:45,3704.6591707714288
09-21 10:00,3834.193310432858
09-21 10:15,6219.129244600001
09-21 10:30,7308.9135773571425
09-21 10:45,8084.925342814286
09-21 11:00,15549.81205977143
09-21 11:15,11574.870097542858
09-21 11:30,7655.123311328571
09-21 11:45,5392.237694642858
09-21 12:00,9597.668129057143
09-21 12:15,19327.46414385714
09-21 12:30,9743.303063857144
09-21 12:45,5852.643518171429
09-21 13:00,22326.93898871429
09-21 13:15,18056.52448628572
09-21 13:30,15052.168068085715
09-21 13:45,4426.960359271428
09-21 14:00,4410.910695114287
09-21 14:15,8062.931959185715
09-21 14:30,13832.898937928572
09-21 14:45,5875.809714957142
09-21 15:00,3852.7771246
09-21 15:15,12238.288191871428
09-21 15:30,7443.886121671429
09-21 15:45,12166.8276216
09-21 16:00,3652.062878700001
09-21 16:15,5515.7050740714285
09-21 16:30,0.0
09-21 16:45,5744.481173214287
09-21 17:00,9259.004541085716
09-21 17:15,7834.983626185714
09-21 17:30,6897.070414042858
09-21 17:45,7077.471263614286
09-21 18:00,4127.589302714286
09-21 18:15,6251.811364800001
09-21 18:30,0.0
09-21 18:45,0.0
09-21 19:00,2137.197445328572
09-21 19:15,1070.428489442857
09-21 19:30,4117.128147528571
09-21 19:45,167.5260486285714
09-21 20:00,519.7323567285715
09-21 20:15,1345.7769573714286
09-21 20:30,0.0
09-21 20:45,0.0
09-21 21:00,20.94271785714292
09-21 21:15,3214.6852214714286
09-21 21:30,300.97102055714305
09-21 21:45,4169.006159942857
09-21 22:00,0.0
09-21 22:15,0.0
09-21 22:30,0.0
09-21 22:45,0.0
09-21 23:00,2168.93698829
09-21 23:15,1805.3326355414283
09-21 23:30,1391.1450331085712
09-21 23:45,2241.299692048572
09-22 00:00,0.0
09-22 00:15,2826.383727
09-22 00:30,0.0
09-22 00:45,0.0
09-22 01:00,0.0
09-22 01:15,0.0
09-22 01:30,0.0
09-22 01:45,0.0
09-22 02:00,0.0
09-22 02:15,0.0
09-22 02:30,0.0
09-22 02:45,0.0
09-22 03:00,0.0
09-22 03:15,0.0
09-22 03:30,0.0
09-22 03:45,0.0
09-22 04:00,0.0
09-22 04:15,0.0
09-22 04:30,0.0
09-22 04:45,0.0
09-22 05:00,1484.2857142857142
09-22 05:15,1484.2857142857142
09-22 05:30,1484.2857142857142
09-22 05:45,1484.2857142857142
09-22 06:00,1484.2857142857142
09-22 06:15,1484.2857142857142
09-22 06:30,5942.387736414286
09-22 06:45,2140.8146877414288
09-22 07:00,2365.4181803842857
09-22 07:15,3683.427429257143
09-22 07:30,2960.1815538428573
09-22 07:45,6932.367122914286
09-22 08:00,1893.60338567
09-22 08:15,4494.809688528572
09-22 08:30,2305.901774972857
09-22 08:45,2525.063995854286
09-22 09:00,7980.264720014286
09-22 09:15,5637.069785257142
09-22 09:30,9758.900522514285
09-22 09:45,5828.924180814286
09-22 10:00,12141.973297014283
09-22 10:15,10714.731001528524
09-22 10:30,6510.004304171429
09-22 10:45,9123.028878471428
09-22 11:00,14166.796446514289
09-22 11:15,7063.017095885714
09-22 11:30,13419.0992151
09-22 11:45,20615.16824
09-22 12:00,11840.047532985716
09-22 12:15,12857.47821174286
09-22 12:30,17423.973285714284
09-22 12:45,19974.623290285715
09-22 13:00,11458.410479971428
09-22 13:15,3559.607017242857
09-22 13:30,17707.33898142857
09-22 13:45,10379.671180085714
09-22 14:00,10484.265754985714
09-22 14:15,5894.532536042857
09-22 14:30,14903.170541757145
09-22 14:45,12329.7808942
09-22 15:00,5730.879830228572
09-22 15:15,16180.818896571427
09-22 15:30,8380.740423071427
09-22 15:45,14052.612459728569
09-22 16:00,7575.963467657143
09-22 16:15,2631.5393121714287
09-22 16:30,13614.548285571427
09-22 16:45,17822.846475285714
09-22 17:00,6292.80237277143
09-22 17:15,12498.843848485716
09-22 17:30,10392.608260057144
09-22 17:45,10301.775553814286
09-22 18:00,0.0
09-22 18:15,593.4736215285715
09-22 18:30,856.519374614286
09-22 18:45,0.0
09-22 19:00,2763.5020329000004
09-22 19:15,0.0
09-22 19:30,4725.230775957143
09-22 19:45,7199.096322928572
09-22 20:00,919.3175560000002
09-22 20:15,6538.449501814286
09-22 20:30,1941.5738522571428
09-22 20:45,730.0270263428572
09-22 21:00,0.0
09-22 21:15,0.0
09-22 21:30,4405.800918085714
09-22 21:45,4637.709266114286
09-22 22:00,0.0
09-22 22:15,0.0
09-22 22:30,0.0
09-22 22:45,3556.5922609285712
09-22 23:00,1484.2857142857142
09-22 23:15,1753.3029962685714
09-22 23:30,1484.2857142857142
09-22 23:45,1484.2857142857142
09-23 00:00,1484.2857142857142
09-23 00:15,2787.87873263
09-23 00:30,2028.8189137814288
09-23 00:45,1484.2857142857142
09-23 01:00,1484.2857142857142
09-23 01:15,1484.2857142857142
09-23 01:30,1484.2857142857142
09-23 01:45,1484.2857142857142
09-23 02:00,1484.2857142857142
09-23 02:15,1484.2857142857142
09-23 02:30,1914.552207142857
09-23 02:45,1484.2857142857142
09-23 03:00,2217.4120845042858
09-23 03:15,1484.2857142857142
09-23 03:30,1484.2857142857142
09-23 03:45,4754.281914257143
09-23 04:00,1193.957538062855
09-23 04:15,0.0
09-23 04:30,2199.340726101428
09-23 04:45,1484.2857142857142
09-23 05:00,2151.9899379571434
09-23 05:15,1367.9520294857143
09-23 05:30,2731.5801624128576
09-23 05:45,1484.2857142857142
09-23 06:00,13707.05513757143
09-23 06:15,12626.4253314
09-23 06:30,8865.790701000002
09-23 06:45,6217.895561357143
09-23 07:00,3688.4746066142857
09-23 07:15,15208.101145
09-23 07:30,3763.986875671429
09-23 07:45,1137.7064601000002
09-23 08:00,6667.202166985715
09-23 08:15,1595.3925762142858
09-23 08:30,2357.210638128572
09-23 08:45,6268.668401328572
09-23 09:00,2769.016586157144
09-23 09:15,5724.607385542857
09-23 09:30,6230.221482885716
09-23 09:45,1408.0909512428573
09-23 10:00,8291.348624428572
09-23 10:15,13182.480170857143
09-23 10:30,11714.582030828573
09-23 10:45,11915.699842114283
09-23 11:00,5184.122267271428
09-23 11:15,5819.6689886428585
09-23 11:30,3962.434238071429
09-23 11:45,7548.800876942858
09-23 12:00,2886.8259659214286
09-23 12:15,2871.4582896299994
09-23 12:30,4161.583926957143
09-23 12:45,8626.949082814284
09-23 13:00,5627.943056814286
09-23 13:15,11398.14967657143
09-23 13:30,10717.6486443
09-23 13:45,10400.959547557142
09-23 14:00,5571.506480928571
09-23 14:15,8830.90110685572
09-23 14:30,12390.185624014286
09-23 14:45,1556.6666710142856
09-23 15:00,9626.72744857143
09-23 15:15,8662.705004500001
09-23 15:30,7401.783840457143
09-23 15:45,1199.3178119571428
09-23 16:00,24040.437771714285
09-23 16:15,2058.6545803
09-23 16:30,12771.953151485715
09-23 16:45,4551.601885085715
09-23 17:00,22684.92261814286
09-23 17:15,5743.906390185714
09-23 17:30,6414.315908200001
09-23 17:45,1652.2484179428577
09-23 18:00,7505.220092285715
09-23 18:15,9756.203323814289
09-23 18:30,7443.557523585715
09-23 18:45,2696.5483934857148
09-23 19:00,6891.2938896714295
09-23 19:15,0.0
09-23 19:30,0.0
09-23 19:45,0.0
09-23 20:00,4960.928714142858
09-23 20:15,0.0
09-23 20:30,4355.958951271429
09-23 20:45,3591.625813028572
09-23 21:00,1484.2857142857142
09-23 21:15,2647.3968649442854
09-23 21:30,2221.4963562800003
09-23 21:45,5011.413825785714
09-23 22:00,2093.218894557143
09-23 22:15,2552.905032215714
09-23 22:30,1994.414701902857
09-23 22:45,1484.2857142857142
09-23 23:00,1484.2857142857142
09-23 23:15,1484.2857142857142
09-23 23:30,1484.2857142857142
09-23 23:45,1484.2857142857142
09-24 00:00,1484.2857142857142
09-24 00:15,1484.2857142857142
09-24 00:30,1484.2857142857142
09-24 00:45,2223.1309694157144
09-24 01:00,1484.2857142857142
09-24 01:15,1484.2857142857142
09-24 01:30,1484.2857142857142
09-24 01:45,1484.2857142857142
09-24 02:00,1484.2857142857142
09-24 02:15,1484.2857142857142
09-24 02:30,1484.2857142857142
09-24 02:45,1484.2857142857142
09-24 03:00,1484.2857142857142
09-24 03:15,1484.2857142857142
09-24 03:30,1742.0389996142858
09-24 03:45,2162.570640232857
09-24 04:00,2460.479496797143
09-24 04:15,1484.2857142857142
09-24 04:30,1484.2857142857142
09-24 04:45,1912.0746893714288
09-24 05:00,0.0
09-24 05:15,558.7051958571428
09-24 05:30,0.0
09-24 05:45,0.0
09-24 06:00,1552.302533571429
09-24 06:15,6412.198521300001
09-24 06:30,0.0
09-24 06:45,7517.479482799999
09-24 07:00,2756.6545729000004
09-24 07:15,738.8140003142857
09-24 07:30,2731.2099992142857
09-24 07:45,11196.168381471429
09-24 08:00,9471.055628
09-24 08:15,14705.902040285717
09-24 08:30,14473.88627614286
09-24 08:45,1719.6459206
09-24 09:00,10031.592649028573
09-24 09:15,9686.285438014283
09-24 09:30,2513.715726728572
09-24 09:45,3304.532253985715
09-24 10:00,12344.253895871429
09-24 10:15,12721.737649714289
09-24 10:30,1371.5712087714287
09-24 10:45,3377.260070914286
09-24 11:00,1459.2826631999997
09-24 11:15,4179.606053114286
09-24 11:30,5661.104431385715
09-24 11:45,1449.073675771429
09-24 12:00,5857.268236457142
09-24 12:15,3587.3946937
09-24 12:30,7800.348953514285
09-24 12:45,1974.0949422571427
09-24 13:00,16970.597426571432
09-24 13:15,4233.860098314286
09-24 13:30,16661.141053
09-24 13:45,7002.745624685715
09-24 14:00,9005.363402157143
09-24 14:15,13775.5834881
09-24 14:30,13023.564007142855
09-24 14:45,5337.179032414286
09-24 15:00,12425.69139267143
09-24 15:15,8447.041812914285
09-24 15:30,10457.1675639
09-24 15:45,11976.864748671427
09-24 16:00,1978.231627971429
09-24 16:15,13968.89596642857
09-24 16:30,1692.5396436857145
09-24 16:45,2181.4099798
09-24 17:00,5119.092648857143
09-24 17:15,4521.273885214286
09-24 17:30,7064.5880392
09-24 17:45,8009.269850728571
09-24 18:00,3033.593969857143
09-24 18:15,7158.168962571429
09-24 18:30,8596.062814028572
09-24 18:45,959.856559114286
09-24 19:00,3233.9571196000006
09-24 19:15,0.0
09-24 19:30,0.0
09-24 19:45,102.56666848571452
09-24 20:00,1484.2857142857142
09-24 20:15,8392.709639642855
09-24 20:30,12225.3445163
09-24 20:45,2377.4204738885715
09-24 21:00,2830.328795162857
09-24 21:15,1832.3092354642847
09-24 21:30,1997.6521865614288
09-24 21:45,3113.803098157144
09-24 22:00,1484.2857142857142
09-24 22:15,8155.49434
09-24 22:30,2235.468891928571
09-24 22:45,8577.095353714287
09-24 23:00,1484.2857142857142
09-24 23:15,7194.272628085715
09-24 23:30,2710.14735211
09-24 23:45,1484.2857142857142
09-25 00:00,1484.2857142857142
09-25 00:15,1484.2857142857142
09-25 00:30,1941.4954475342856
09-25 00:45,1484.2857142857142
09-25 01:00,2045.642232248572
09-25 01:15,1484.2857142857142
09-25 01:30,1952.9764235914288
09-25 01:45,1484.2857142857142
09-25 02:00,1484.2857142857142
09-25 02:15,1484.2857142857142
09-25 02:30,1484.2857142857142
09-25 02:45,1484.2857142857142
09-25 03:00,1484.2857142857142
09-25 03:15,2103.990007111429
09-25 03:30,1484.2857142857142
09-25 03:45,1998.38247459
09-25 04:00,1484.2857142857142
09-25 04:15,1484.2857142857142
09-25 04:30,1484.2857142857142
09-25 04:45,2056.3352673314284
09-25 05:00,0.0
09-25 05:15,0.0
09-25 05:30,0.0
09-25 05:45,4222.636257085715
09-25 06:00,2556.7002375285715
09-25 06:15,5653.918802457144
09-25 06:30,549.9034134285715
09-25 06:45,6339.464472828571
09-25 07:00,24129.133185571427
09-25 07:15,537.5465402428573
09-25 07:30,1902.913520628572
09-25 07:45,5413.998143385716
09-25 08:00,20925.728996857142
09-25 08:15,6122.963455642857
09-25 08:30,2035.3719493857143
09-25 08:45,1776.8051218285716
09-25 09:00,16490.860641285715
09-25 09:15,11309.688020614289
09-25 09:30,11060.32923772857
09-25 09:45,2151.357827142858
09-25 10:00,6133.223525414285
09-25 10:15,6988.8747126285725
09-25 10:30,1660.9199986571427
09-25 10:45,6768.104926999999
09-25 11:00,15316.963902185713
09-25 11:15,8801.963611014286
09-25 11:30,15977.757579
09-25 11:45,12183.2594253
09-25 12:00,6887.76691467143
09-25 12:15,5689.945518714286
09-25 12:30,13322.075772428572
09-25 12:45,0.0
09-25 13:00,13087.544248714286
09-25 13:15,5230.493320128572
09-25 13:30,6863.142029028572
09-25 13:45,3225.2487256714285
09-25 14:00,6866.131215257143
09-25 14:15,11007.48394668575
09-25 14:30,17152.742338857144
09-25 14:45,16946.770607285718
09-25 15:00,5878.540447599999
09-25 15:15,9797.419359214284
09-25 15:30,9905.435396257144
09-25 15:45,9986.578965814286
09-25 16:00,3202.7223026142856
09-25 16:15,16906.124594857145
09-25 16:30,10297.629260514286
09-25 16:45,13044.363875857143
09-25 17:00,1121.1580298142858
09-25 17:15,3259.904853057144
09-25 17:30,2390.943617271429
09-25 17:45,13547.39192857143
09-25 18:00,13934.563598285717
09-25 18:15,7063.570548771429
09-25 18:30,5563.395203371429
09-25 18:45,3740.4909065571433
09-25 19:00,0.0
09-25 19:15,2348.7422743714287
09-25 19:30,7599.470032385715
09-25 19:45,3511.2386300857142
09-25 20:00,1000.292016347143
09-25 20:15,6248.614177085715
09-25 20:30,3914.20153243
09-25 20:45,0.0
09-25 21:00,6802.129987842857
09-25 21:15,5203.59901
09-25 21:30,8463.224272128573
09-25 21:45,1484.2857142857142
09-25 22:00,1884.51151723
09-25 22:15,2482.074393078572
09-25 22:30,6775.552252357144
09-25 22:45,1954.74258965
09-25 23:00,2089.8558592028567
09-25 23:15,5904.540569228572
09-25 23:30,1484.2857142857142
09-25 23:45,6492.482888742857
09-26 00:00,1484.2857142857142
09-26 00:15,1484.2857142857142
09-26 00:30,5888.222998442857
09-26 00:45,1484.2857142857142
09-26 01:00,1484.2857142857142
09-26 01:15,1484.2857142857142
09-26 01:30,1793.6872340842856
09-26 01:45,1484.2857142857142
09-26 02:00,1484.2857142857142
09-26 02:15,1484.2857142857142
09-26 02:30,1484.2857142857142
09-26 02:45,1484.2857142857142
09-26 03:00,1832.240860848572
09-26 03:15,1484.2857142857142
09-26 03:30,1484.2857142857142
09-26 03:45,5465.005243157143
09-26 04:00,4308.132964799999
09-26 04:15,1484.2857142857142
09-26 04:30,1851.0079235342853
09-26 04:45,5492.834766457142
09-26 05:00,0.0
09-26 05:15,0.0
09-26 05:30,0.0
09-26 05:45,100.65420180000024
09-26 06:00,1639.8745805571432
09-26 06:15,13881.449511571427
09-26 06:30,7659.453870685715
09-26 06:45,9984.038400128573
09-26 07:00,5939.3237234
09-26 07:15,9429.880766571428
09-26 07:30,3122.6788491857146
09-26 07:45,6013.436138857143
09-26 08:00,3151.6670621714293
09-26 08:15,8367.030566514288
09-26 08:30,12090.780103457142
09-26 08:45,9299.80058964286
09-26 09:00,14937.478314428572
09-26 09:15,11173.667582585716
09-26 09:30,12981.262520285714
09-26 09:45,6597.370196314287
09-26 10:00,5145.183127557144
09-26 10:15,5948.735089857143
09-26 10:30,9791.374876828571
09-26 10:45,18541.229937857144
09-26 11:00,1054.3949878571427
09-26 11:15,8329.539528085714
09-26 11:30,1123.203343414286
09-26 11:45,1054.1735095857146
09-26 12:00,8281.770865842858
09-26 12:15,7224.777479157144
09-26 12:30,3081.1367624857144
09-26 12:45,0.0
09-26 13:00,7302.556626471428
09-26 13:15,15427.74881608
09-26 13:30,6547.6899154
09-26 13:45,2510.5794193285715
09-26 14:00,4509.923691914286
09-26 14:15,17910.13270942857
09-26 14:30,6469.866132700001
09-26 14:45,10294.70949822857
09-26 15:00,16082.18738514286
09-26 15:15,7768.211672114286
09-26 15:30,13116.956948428571
09-26 15:45,6925.225587214285
09-26 16:00,22659.26457842857
09-26 16:15,6514.632678342858
09-26 16:30,5648.703912185715
09-26 16:45,4381.741410842858
09-26 17:00,12100.443992157145
09-26 17:15,9962.384091828571
09-26 17:30,16579.303387142856
09-26 17:45,7748.900336128572
09-26 18:00,9069.468717371428
09-26 18:15,1313.7220147857142
09-26 18:30,2841.0804975571427
09-26 18:45,988.2921819728572
09-26 19:00,10835.902440314285
09-26 19:15,2276.6987022900007
09-26 19:30,0.0
09-26 19:45,0.0
09-26 20:00,5448.922195171429
09-26 20:15,2803.1109816814283
09-26 20:30,5549.3715612714295
09-26 20:45,3438.598058874285
09-26 21:00,1484.2857142857142
09-26 21:15,2433.012303405714
09-26 21:30,1484.2857142857142
09-26 21:45,2082.501332398572
09-26 22:00,1920.333359118572
09-26 22:15,1484.2857142857142
09-26 22:30,2608.347968354286
09-26 22:45,2507.21157919
09-26 23:00,1484.2857142857142
09-26 23:15,2121.0666592114285
09-26 23:30,5651.390012471428
09-26 23:45,2548.7062813671428
09-27 00:00,1484.2857142857142
09-27 00:15,1484.2857142857142
09-27 00:30,2118.627923417143
09-27 00:45,1484.2857142857142
09-27 01:00,1484.2857142857142
09-27 01:15,1484.2857142857142
09-27 01:30,1484.2857142857142
09-27 01:45,2120.906358732857
09-27 02:00,1484.2857142857142
09-27 02:15,1484.2857142857142
09-27 02:30,1926.6302069957144
09-27 02:45,1484.2857142857142
09-27 03:00,1484.2857142857142
09-27 03:15,1484.2857142857142
09-27 03:30,1484.2857142857142
09-27 03:45,1484.2857142857142
09-27 04:00,1484.2857142857142
09-27 04:15,1484.2857142857142
09-27 04:30,1484.2857142857142
09-27 04:45,1484.2857142857142
09-27 05:00,0.0
09-27 05:15,0.0
09-27 05:30,0.0
09-27 05:45,0.0
09-27 06:00,9563.644049142857
09-27 06:15,917.906655757143
09-27 06:30,2847.7786647857147
09-27 06:45,14244.709878714286
09-27 07:00,6097.838977171428
09-27 07:15,4196.420022085716
09-27 07:30,11736.064633385717
09-27 07:45,9952.355769557144
09-27 08:00,0.0
09-27 08:15,14115.818032285715
09-27 08:30,2691.526602742857
09-27 08:45,13361.785183142858
09-27 09:00,7803.781231385715
09-27 09:15,3078.672863028572
09-27 09:30,6047.354326257144
09-27 09:45,14346.191009714288
09-27 10:00,17638.167222285716
09-27 10:15,20761.229955285715
09-27 10:30,3148.0996405000005
09-27 10:45,608.9711076000001
09-27 11:00,11361.770378257144
09-27 11:15,8743.287814057145
09-27 11:30,2329.9475409857146
09-27 11:45,7510.669081600001
09-27 12:00,7639.135817371428
09-27 12:15,3527.499639528572
09-27 12:30,14992.68914974286
09-27 12:45,11734.808176057144
09-27 13:00,9176.342199471428
09-27 13:15,16644.818787999997
09-27 13:30,18546.240855285712
09-27 13:45,21814.13591128572
09-27 14:00,9018.797919471428
09-27 14:15,10661.540078357142
09-27 14:30,9806.16357742857
09-27 14:45,17451.782707857146
09-27 15:00,19212.11470028572
09-27 15:15,13956.46044514286
09-27 15:30,8104.361474014287
09-27 15:45,19177.24946428572
09-27 16:00,19436.43045085714
09-27 16:15,14449.808457285711
09-27 16:30,10483.215775271428
09-27 16:45,23818.058466714283
09-27 17:00,9386.1201013
09-27 17:15,10041.76749407143
09-27 17:30,7558.0661257857155
09-27 17:45,8555.096312757143
09-27 18:00,5802.4695347
09-27 18:15,2169.509203228572
09-27 18:30,199.3898872714287
09-27 18:45,1468.9935071000002
09-27 19:00,944.576641014286
09-27 19:15,768.8290685857144
09-27 19:30,10779.637119914283
09-27 19:45,4072.884835871428
09-27 20:00,1484.2857142857142
09-27 20:15,5537.091882014286
09-27 20:30,2178.3715010857145
09-27 20:45,1323.9289298185715
09-27 21:00,6615.916412328572
09-27 21:15,0.0
09-27 21:30,0.0
09-27 21:45,2221.1737413285714
09-27 22:00,10611.526915757142
09-27 22:15,526.6607375257142
09-27 22:30,505.26552983428576
09-27 22:45,0.0
09-27 23:00,1714.734023157143
09-27 23:15,5658.4826657428575
09-27 23:30,975.5568105271428
09-27 23:45,1586.1654195428573
09-28 00:00,0.0
09-28 00:15,2750.1868284285715
09-28 00:30,837.9839961528595
09-28 00:45,6396.558880400001
09-28 01:00,2352.3886290314285
09-28 01:15,1484.2857142857142
09-28 01:30,1754.3868368614285
09-28 01:45,1484.2857142857142
09-28 02:00,2894.438083702857
09-28 02:15,3227.776378371429
09-28 02:30,2917.3968743999994
09-28 02:45,3639.5001907
09-28 03:00,1484.2857142857142
09-28 03:15,2012.6591525328568
09-28 03:30,1484.2857142857142
09-28 03:45,1484.2857142857142
09-28 04:00,1484.2857142857142
09-28 04:15,2055.5969140385714
09-28 04:30,1990.5886265714284
09-28 04:45,2195.0472673242857
09-28 05:00,0.0
09-28 05:15,0.0
09-28 05:30,0.0
09-28 05:45,0.0
09-28 06:00,0.0
09-28 06:15,0.0
09-28 06:30,0.0
09-28 06:45,3737.544547314286
09-28 07:00,0.0
09-28 07:15,14320.113084000002
09-28 07:30,8724.572214342857
09-28 07:45,8573.943060242858
09-28 08:00,0.0
09-28 08:15,0.0
09-28 08:30,3828.054246771429
09-28 08:45,5307.933624142856
09-28 09:00,2603.5634377142856
09-28 09:15,2498.1471675857147
09-28 09:30,12424.818381985717
09-28 09:45,14919.463114285716
09-28 10:00,8964.476547228573
09-28 10:15,3609.063309457144
09-28 10:30,16879.598545142857
09-28 10:45,8522.291787914286
09-28 11:00,10802.783165757142
09-28 11:15,6829.285169114285
09-28 11:30,18607.77754728572
09-28 11:45,23129.35755257143
09-28 12:00,5953.3529169428575
09-28 12:15,5051.910757957143
09-28 12:30,11175.372662485715
09-28 12:45,5579.656943057143
09-28 13:00,6230.771520471429
09-28 13:15,16768.291746571427
09-28 13:30,11114.765627399998
09-28 13:45,5649.047052414286
09-28 14:00,5922.579269257142
09-28 14:15,5248.664458757143
09-28 14:30,2891.718459828571
09-28 14:45,3868.8691406142857
09-28 15:00,8282.797681685715
09-28 15:15,6721.056883842857
09-28 15:30,8379.265676657144
09-28 15:45,15271.332995845713
09-28 16:00,7631.349636000001
09-28 16:15,3088.502898
09-28 16:30,8788.975003442858
09-28 16:45,6486.0507180714285
09-28 17:00,8198.451905985716
09-28 17:15,104.65769748571432
09-28 17:30,1045.3266829857143
09-28 17:45,15127.78133
09-28 18:00,1530.6114556000002
09-28 18:15,4665.760176542858
09-28 18:30,0.0
09-28 18:45,5733.692052671429
09-28 19:00,396.0307955857144
09-28 19:15,0.0
09-28 19:30,490.63789650000007
09-28 19:45,3463.7296817
09-28 20:00,0.0
09-28 20:15,3261.176689514286
09-28 20:30,0.0
09-28 20:45,0.0
09-28 21:00,1840.6740074985712
09-28 21:15,5096.862362114286
09-28 21:30,3640.828907871429
09-28 21:45,460.1888566442857
09-28 22:00,2004.352562278572
09-28 22:15,571.0637494157145
09-28 22:30,81.9295941285717
09-28 22:45,0.0
09-28 23:00,2199.960502437143
09-28 23:15,1484.2857142857142
09-28 23:30,1484.2857142857142
09-28 23:45,2649.3717271600003
09-29 00:00,2648.091720368572
09-29 00:15,1484.2857142857142
09-29 00:30,4874.492515671428
09-29 00:45,1484.2857142857142
09-29 01:00,1484.2857142857142
09-29 01:15,1484.2857142857142
09-29 01:30,1484.2857142857142
09-29 01:45,1484.2857142857142
09-29 02:00,2041.881084555714
09-29 02:15,1484.2857142857142
09-29 02:30,1954.5562555142856
09-29 02:45,1484.2857142857142
09-29 03:00,0.0
09-29 03:15,0.0
09-29 03:30,0.0
09-29 03:45,0.0
09-29 04:00,1484.2857142857142
09-29 04:15,1827.56386137
09-29 04:30,1484.2857142857142
09-29 04:45,1484.2857142857142
09-29 05:00,0.0
09-29 05:15,0.0
09-29 05:30,0.0
09-29 05:45,0.0
09-29 06:00,0.0
09-29 06:15,0.0
09-29 06:30,0.0
09-29 06:45,0.0
09-29 07:00,6191.2091034000005
09-29 07:15,12280.78126087143
09-29 07:30,257.2904442714287
09-29 07:45,11498.5459868
09-29 08:00,6113.569644628572
09-29 08:15,2542.8900782000005
09-29 08:30,7457.614851614286
09-29 08:45,4614.479769128573
09-29 09:00,7724.650948342857
09-29 09:15,12871.419267714287
09-29 09:30,11662.913472457143
09-29 09:45,5904.281508157144
09-29 10:00,2502.6469333142863
09-29 10:15,7397.631012100001
09-29 10:30,11629.440466057144
09-29 10:45,10690.595341814284
09-29 11:00,19827.50695485714
09-29 11:15,20545.117785714287
09-29 11:30,27871.540979
09-29 11:45,10986.279259214283
09-29 12:00,10735.277042328573
09-29 12:15,11514.830740728574
09-29 12:30,29176.911139857148
09-29 12:45,16249.861554142855
09-29 13:00,19026.515637857145
09-29 13:15,15024.359989485713
09-29 13:30,16134.321935857144
09-29 13:45,16233.734981142856
09-29 14:00,9983.580555457142
09-29 14:15,17755.157710571428
09-29 14:30,11598.826108571428
09-29 14:45,9681.3011553
09-29 15:00,5141.173847657143
09-29 15:15,6020.825548428571
09-29 15:30,22598.73348328572
09-29 15:45,28671.98376071429
09-29 16:00,23578.784388142856
09-29 16:15,9923.123507142856
09-29 16:30,24461.539500000003
09-29 16:45,5873.014399985714
09-29 17:00,15773.353976714288
09-29 17:15,2024.120364014285
09-29 17:30,9809.3688692
09-29 17:45,13007.435676571433
09-29 18:00,8578.464476157144
09-29 18:15,220.18511764285745
09-29 18:30,3290.3887849571424
09-29 18:45,3632.118920142858
09-29 19:00,2012.5481370428568
09-29 19:15,4031.911910971428
09-29 19:30,555.2844824285714
09-29 19:45,648.8529258000002
09-29 20:00,2011.5028334142864
09-29 20:15,1002.729677957143
09-29 20:30,4289.446151557144
09-29 20:45,2267.1940614
09-29 21:00,1971.9204974157144
09-29 21:15,0.0
09-29 21:30,141.64800344285734
09-29 21:45,204.15110556995108
09-29 22:00,3006.475148614286
09-29 22:15,2017.5142711671429
09-29 22:30,1759.9691990457145
09-29 22:45,1950.16520784
09-29 23:00,2143.531338214286
09-29 23:15,1484.2857142857142
09-29 23:30,1770.3636804271428
09-29 23:45,1484.2857142857142
09-30 00:00,1484.2857142857142
09-30 00:15,1484.2857142857142
09-30 00:30,1484.2857142857142
09-30 00:45,2192.053688227143
09-30 01:00,1484.2857142857142
09-30 01:15,1484.2857142857142
09-30 01:30,1484.2857142857142
09-30 01:45,1484.2857142857142
09-30 02:00,1484.2857142857142
09-30 02:15,1484.2857142857142
09-30 02:30,1484.2857142857142
09-30 02:45,1484.2857142857142
09-30 03:00,1484.2857142857142
09-30 03:15,1484.2857142857142
09-30 03:30,1484.2857142857142
09-30 03:45,2159.88632136
09-30 04:00,1956.505615105714
09-30 04:15,1958.8613882342856
09-30 04:30,1484.2857142857142
09-30 04:45,2108.30881025
09-30 05:00,232.62532287142852
09-30 05:15,0.0
09-30 05:30,2601.258433757143
09-30 05:45,2583.894062414286
09-30 06:00,1518.8494886000003
09-30 06:15,5655.982033357143
09-30 06:30,1794.4852841714285
09-30 06:45,12032.546128514286
09-30 07:00,12335.750118871429
09-30 07:15,1050.703699385714
09-30 07:30,12002.891319900002
09-30 07:45,11466.507051357145
09-30 08:00,18921.89694914285
09-30 08:15,11908.464924042855
09-30 08:30,1496.6219393428576
09-30 08:45,4813.2324358000005
09-30 09:00,7660.8745728
09-30 09:15,3637.619916357143
09-30 09:30,4877.89160687143
09-30 09:45,1181.9953242714284
09-30 10:00,4266.361487042857
09-30 10:15,5185.943041757144
09-30 10:30,8375.499806314285
09-30 10:45,3149.9125038714287
09-30 11:00,4156.020033142857
09-30 11:15,7306.024941271428
09-30 11:30,4776.026027342857
09-30 11:45,17435.42738442857
09-30 12:00,7482.266568328572
09-30 12:15,3318.611984
09-30 12:30,4156.346087428571
09-30 12:45,4367.540107885715
09-30 13:00,13425.845661585716
09-30 13:15,5815.522497314286
09-30 13:30,12549.790772114287
09-30 13:45,10446.814919185714
09-30 14:00,4510.899048357143
09-30 14:15,5754.491522485715
09-30 14:30,8617.769495757142
09-30 14:45,19258.57419728572
09-30 15:00,3088.7950771857145
09-30 15:15,9111.292296042857
09-30 15:30,8023.518690542858
09-30 15:45,11361.835018000002
09-30 16:00,11788.79150067143
09-30 16:15,13696.686975285716
09-30 16:30,3094.7056556
09-30 16:45,10543.171174600002
09-30 17:00,11103.056410628573
09-30 17:15,6080.154307542858
09-30 17:30,11868.69366537143
09-30 17:45,14563.263101
09-30 18:00,3085.061038828571
09-30 18:15,0.0
09-30 18:30,4684.100030428573
09-30 18:45,2054.881166142857
09-30 19:00,3606.1981537571432
09-30 19:15,1782.8628438000003
09-30 19:30,0.0
09-30 19:45,6473.251126928572
09-30 20:00,0.0
09-30 20:15,1316.5296486571428
09-30 20:30,0.0
09-30 20:45,2085.351743657144
09-30 21:00,776.4226420285717
09-30 21:15,0.0
09-30 21:30,0.0
09-30 21:45,1884.034099171429
09-30 22:00,0.0
09-30 22:15,0.0
09-30 22:30,3125.4816534571423
09-30 22:45,5530.627253128572
09-30 23:00,1826.9560009357144
09-30 23:15,717.9598647442782
09-30 23:30,1484.2857142857142
09-30 23:45,1484.2857142857142
10-01 00:00,1484.2857142857142
10-01 00:15,1926.7497352442856
10-01 00:30,1484.2857142857142
10-01 00:45,2144.099403494285
10-01 01:00,1484.2857142857142
10-01 01:15,1484.2857142857142
10-01 01:30,1484.2857142857142
10-01 01:45,1484.2857142857142
10-01 02:00,1484.2857142857142
10-01 02:15,1484.2857142857142
10-01 02:30,1484.2857142857142
10-01 02:45,1484.2857142857142
10-01 03:00,1484.2857142857142
10-01 03:15,5430.5807576
10-01 03:30,1484.2857142857142
10-01 03:45,1484.2857142857142
10-01 04:00,1838.7953543671424
10-01 04:15,1484.2857142857142
10-01 04:30,1484.2857142857142
10-01 04:45,1484.2857142857142
10-01 05:00,0.0
10-01 05:15,0.0
10-01 05:30,138.70267337142852
10-01 05:45,0.0
10-01 06:00,190.2902537571429
10-01 06:15,6053.921552271429
10-01 06:30,7078.558526842859
10-01 06:45,1456.8177323285718
10-01 07:00,8146.774070885715
10-01 07:15,12993.77525657143
10-01 07:30,18256.908090714285
10-01 07:45,6860.6251096
10-01 08:00,3770.2182335571433
10-01 08:15,15354.667010428571
10-01 08:30,10760.427291014286
10-01 08:45,1645.6892201285714
10-01 09:00,11485.464243614286
10-01 09:15,3491.7526622571427
10-01 09:30,104.32142237142855
10-01 09:45,2985.3247487857147
10-01 10:00,10482.63611917143
10-01 10:15,6286.075475728572
10-01 10:30,14708.177664428573
10-01 10:45,2071.283898971429
10-01 11:00,1790.9202984857147
10-01 11:15,8863.419745557143
10-01 11:30,6570.667081685715
10-01 11:45,8975.997516925758
10-01 12:00,6125.659889857143
10-01 12:15,7661.913735214286
10-01 12:30,11782.3067159
10-01 12:45,18816.504917857143
10-01 13:00,5745.506968214287
10-01 13:15,17064.247286714286
10-01 13:30,14558.7001823
10-01 13:45,6055.438169671429
10-01 14:00,21917.55031857143
10-01 14:15,5700.299465728571
10-01 14:30,10812.914719914286
10-01 14:45,6832.874668942858
10-01 15:00,21399.021019142856
10-01 15:15,18730.901159714285
10-01 15:30,4985.806748785715
10-01 15:45,2855.319479385714
10-01 16:00,11126.562790514285
10-01 16:15,8044.431029542859
10-01 16:30,12183.34122967143
10-01 16:45,2520.0453221
10-01 17:00,21250.282516714287
10-01 17:15,10250.555248
10-01 17:30,2801.271937457143
10-01 17:45,9354.262222714286
10-01 18:00,4019.975419414286
10-01 18:15,7007.101837057143
10-01 18:30,0.0
10-01 18:45,13746.332440714285
10-01 19:00,6225.693494457144
10-01 19:15,4627.650401242857
10-01 19:30,548.337158657143
10-01 19:45,0.0
10-01 20:00,0.0
10-01 20:15,3775.049994428572
10-01 20:30,0.0
10-01 20:45,5164.6819701
10-01 21:00,0.0
10-01 21:15,223.9341215428573
10-01 21:30,0.0
10-01 21:45,0.0
10-01 22:00,1484.2857142857142
10-01 22:15,1484.2857142857142
10-01 22:30,12857.580644242857
10-01 22:45,2449.808349994285
10-01 23:00,2099.258570402857
10-01 23:15,3277.126809542857
10-01 23:30,1484.2857142857142
10-01 23:45,2452.956826442857
10-02 00:00,1484.2857142857142
10-02 00:15,1897.34264635
10-02 00:30,1484.2857142857142
10-02 00:45,2912.49839407
10-02 01:00,1484.2857142857142
10-02 01:15,1484.2857142857142
10-02 01:30,1484.2857142857142
10-02 01:45,1884.9516341814283
10-02 02:00,2130.0587653714283
10-02 02:15,1484.2857142857142
10-02 02:30,1484.2857142857142
10-02 02:45,1484.2857142857142
10-02 03:00,5877.580534057142
10-02 03:15,1484.2857142857142
10-02 03:30,1484.2857142857142
10-02 03:45,2043.539058214286
10-02 04:00,1951.804801822857
10-02 04:15,2957.1335452142857
10-02 04:30,1484.2857142857142
10-02 04:45,2027.9370379371428
10-02 05:00,3234.7415444000003
10-02 05:15,0.0
10-02 05:30,0.0
10-02 05:45,2145.8672260000003
10-02 06:00,13897.472054142858
10-02 06:15,6337.793361885715
10-02 06:30,3897.943690742857
10-02 06:45,13415.812091571428
10-02 07:00,10904.21479367143
10-02 07:15,5759.410295171429
10-02 07:30,5038.013757085714
10-02 07:45,2758.258071885715
10-02 08:00,14940.524935000003
10-02 08:15,3162.1858539428567
10-02 08:30,5646.846209442857
10-02 08:45,18308.73027414286
10-02 09:00,6097.496568242857
10-02 09:15,15770.975226285716
10-02 09:30,13011.302053857144
10-02 09:45,8797.180072628573
10-02 10:00,3061.035040500001
10-02 10:15,15695.308484428571
10-02 10:30,7943.449280000001
10-02 10:45,3036.534112557142
10-02 11:00,12142.253410614288
10-02 11:15,9970.351825085714
10-02 11:30,1576.1130709000004
10-02 11:45,4560.290674842858
10-02 12:00,4139.114730271428
10-02 12:15,4049.1797570428575
10-02 12:30,2785.630414945714
10-02 12:45,9333.287276185714
10-02 13:00,12804.808195642856
10-02 13:15,11492.459829914287
10-02 13:30,17028.77397214286
10-02 13:45,11428.309663442857
10-02 14:00,8102.728591385715
10-02 14:15,14987.471663242855
10-02 14:30,14043.919582957142
10-02 14:45,8134.417530085715
10-02 15:00,8306.626659514286
10-02 15:15,6520.303891871428
10-02 15:30,9865.371108142856
10-02 15:45,19389.561713714287
10-02 16:00,21581.03628
10-02 16:15,8929.353061628572
10-02 16:30,7580.695935071429
10-02 16:45,10188.775385771429
10-02 17:00,2081.2043574000004
10-02 17:15,4629.197445185715
10-02 17:30,6866.357891914287
10-02 17:45,6592.153274628571
10-02 18:00,6539.647549914286
10-02 18:15,20625.65924642857
10-02 18:30,19723.48813157143
10-02 18:45,413.235284757143
10-02 19:00,10273.829107714286
10-02 19:15,0.0
10-02 19:30,920.9475146285714
10-02 19:45,0.0
10-02 20:00,1939.8614562328075
10-02 20:15,5307.288654600001
10-02 20:30,1914.61649872
10-02 20:45,0.0
10-02 21:00,1484.2857142857142
10-02 21:15,1819.11899267
10-02 21:30,1966.5594966257145
10-02 21:45,6118.907256085715
10-02 22:00,2034.3999293914285
10-02 22:15,2648.457072968571
10-02 22:30,2581.221802017142
10-02 22:45,8064.715004571429
10-02 23:00,1484.2857142857142
10-02 23:15,3289.768354428572
10-02 23:30,1484.2857142857142
10-02 23:45,2470.0937872471422
10-03 00:00,5425.666557085714
10-03 00:15,1940.244224472857
10-03 00:30,1484.2857142857142
10-03 00:45,1484.2857142857142
10-03 01:00,1484.2857142857142
10-03 01:15,1785.971367768571
10-03 01:30,1484.2857142857142
10-03 01:45,1484.2857142857142
10-03 02:00,1484.2857142857142
10-03 02:15,1484.2857142857142
10-03 02:30,1484.2857142857142
10-03 02:45,1484.2857142857142
10-03 03:00,1655.964723152857
10-03 03:15,1484.2857142857142
10-03 03:30,1484.2857142857142
10-03 03:45,1886.9251695671428
10-03 04:00,1484.2857142857142
10-03 04:15,3275.3372627
10-03 04:30,1484.2857142857142
10-03 04:45,1484.2857142857142
10-03 05:00,2744.0789684685715
10-03 05:15,1965.4927577514288
10-03 05:30,2829.2109808471428
10-03 05:45,1484.2857142857142
10-03 06:00,7692.922339071429
10-03 06:15,6577.9367976
10-03 06:30,0.0
10-03 06:45,185.93355992857147
10-03 07:00,7638.973582071429
10-03 07:15,10026.737714057144
10-03 07:30,10965.016238642856
10-03 07:45,1545.8702740285717
10-03 08:00,7116.144354342859
10-03 08:15,16320.618972714286
10-03 08:30,3205.548909571429
10-03 08:45,12364.921190757144
10-03 09:00,461.16110112857166
10-03 09:15,2281.6826361857147
10-03 09:30,1364.2409043571429
10-03 09:45,15332.019204428572
10-03 10:00,8300.038576157143
10-03 10:15,2548.8491728571435
10-03 10:30,10078.090387828572
10-03 10:45,8040.730955842857
10-03 11:00,8212.95134057143
10-03 11:15,18596.61667442857
10-03 11:30,1295.414242514286
10-03 11:45,1950.194451028572
10-03 12:00,3941.665400228572
10-03 12:15,7128.813950214286
10-03 12:30,4395.360185342857
10-03 12:45,4482.093718
10-03 13:00,7511.013056557143
10-03 13:15,5479.473313057143
10-03 13:30,12828.717679785716
10-03 13:45,4263.536272757144
10-03 14:00,16472.463920285714
10-03 14:15,9297.672061985715
10-03 14:30,11965.429522528571
10-03 14:45,10954.99546922857
10-03 15:00,5094.211401828572
10-03 15:15,4255.447173042857
10-03 15:30,16016.424171857145
10-03 15:45,8450.543895850002
10-03 16:00,3594.2273024
10-03 16:15,8716.622492885715
10-03 16:30,1923.9446481714288
10-03 16:45,4026.123362914286
10-03 17:00,12699.41838074286
10-03 17:15,9599.837860828571
10-03 17:30,2947.683100342857
10-03 17:45,18316.336614714284
10-03 18:00,9449.4653705
10-03 18:15,10850.597249785716
10-03 18:30,5831.781316814287
10-03 18:45,3127.942580742857
10-03 19:00,4462.534252928571
10-03 19:15,1869.3576869714288
10-03 19:30,41.88613151428568
10-03 19:45,560.4748801857145
10-03 20:00,3539.5444446285715
10-03 20:15,0.0
10-03 20:30,425.2152929142859
10-03 20:45,940.1549240142858
10-03 21:00,0.0
10-03 21:15,609.1628331000001
10-03 21:30,0.0
10-03 21:45,0.0
10-03 22:00,3419.550823471429
10-03 22:15,2381.664073254285
10-03 22:30,3524.3710694
10-03 22:45,1484.2857142857142
10-03 23:00,1873.0056116642847
10-03 23:15,4294.8970308
10-03 23:30,2800.18987423
10-03 23:45,1484.2857142857142
10-04 00:00,1484.2857142857142
10-04 00:15,1484.2857142857142
10-04 00:30,1484.2857142857142
10-04 00:45,2376.59804081
10-04 01:00,2510.0458044471425
10-04 01:15,5186.378748557143
10-04 01:30,1484.2857142857142
10-04 01:45,2171.700383372857
10-04 02:00,6251.3848681
10-04 02:15,1484.2857142857142
10-04 02:30,1484.2857142857142
10-04 02:45,1484.2857142857142
10-04 03:00,1484.2857142857142
10-04 03:15,1484.2857142857142
10-04 03:30,1484.2857142857142
10-04 03:45,1484.2857142857142
10-04 04:00,1484.2857142857142
10-04 04:15,1484.2857142857142
10-04 04:30,1484.2857142857142
10-04 04:45,1484.2857142857142
10-04 05:00,0.0
10-04 05:15,2287.7074637200008
10-04 05:30,431.3856783742857
10-04 05:45,1076.0764927414286
10-04 06:00,6330.283973842857
10-04 06:15,0.0
10-04 06:30,14038.627011857145
10-04 06:45,10678.373256542858
10-04 07:00,1832.7632282571428
10-04 07:15,7345.431507857143
10-04 07:30,11341.22289387143
10-04 07:45,2988.7731242
10-04 08:00,2264.1983912285714
10-04 08:15,2121.669269657143
10-04 08:30,10367.550033028572
10-04 08:45,10391.662063785714
10-04 09:00,6979.975764914287
10-04 09:15,2145.3924670857145
10-04 09:30,16281.632298000002
10-04 09:45,11334.47198724286
10-04 10:00,17514.033474428572
10-04 10:15,7519.745847557143
10-04 10:30,11426.483922814286
10-04 10:45,20834.37933314286
10-04 11:00,6507.748359728573
10-04 11:15,12282.057533885714
10-04 11:30,11848.645263242855
10-04 11:45,7872.904340571429
10-04 12:00,5805.705887528571
10-04 12:15,15011.467078242857
10-04 12:30,6156.927382157144
10-04 12:45,22844.999862857145
10-04 13:00,12626.79007322857
10-04 13:15,4364.548996100001
10-04 13:30,4977.877111328572
10-04 13:45,10544.1692754
10-04 14:00,4782.7284404
10-04 14:15,2566.809455857144
10-04 14:30,8163.938650314288
10-04 14:45,15004.53442472576
10-04 15:00,3702.9978307142856
10-04 15:15,3155.9299766142854
10-04 15:30,10994.94608654286
10-04 15:45,20492.03739157143
10-04 16:00,11991.695275057144
10-04 16:15,3408.715208157143
10-04 16:30,2673.193440271429
10-04 16:45,9841.65982547143
10-04 17:00,2934.290487528572
10-04 17:15,8424.720552957144
10-04 17:30,1828.462608985714
10-04 17:45,19048.306519857146
10-04 18:00,10121.151359214287
10-04 18:15,301.77061710000027
10-04 18:30,1575.7878745714288
10-04 18:45,142.20119680000002
10-04 19:00,0.0
10-04 19:15,3810.2857566714288
10-04 19:30,4956.777294128572
10-04 19:45,352.5286923142858
10-04 20:00,5911.708444657143
10-04 20:15,2447.196952517143
10-04 20:30,687.054305257143
10-04 20:45,834.376745242857
10-04 21:00,8526.230274814285
10-04 21:15,6203.488016771429
10-04 21:30,2461.4124858171426
10-04 21:45,6509.879328428528
10-04 22:00,2573.165040464285
10-04 22:15,1484.2857142857142
10-04 22:30,2017.867974858572
10-04 22:45,1484.2857142857142
10-04 23:00,2084.917889134286
10-04 23:15,2799.6098367242857
10-04 23:30,2050.79638129
10-04 23:45,9337.3425032
10-05 00:00,2799.1263910757143
10-05 00:15,2129.2778177871423
10-05 00:30,2514.949259192857
10-05 00:45,1969.0004575185712
10-05 01:00,1484.2857142857142
10-05 01:15,1484.2857142857142
10-05 01:30,1959.4212592157144
10-05 01:45,1484.2857142857142
10-05 02:00,2602.4291379457145
10-05 02:15,1977.8111022985715
10-05 02:30,8258.996469585714
10-05 02:45,1959.5334755171427
10-05 03:00,1484.2857142857142
10-05 03:15,1484.2857142857142
10-05 03:30,1484.2857142857142
10-05 03:45,1929.4893167714283
10-05 04:00,1484.2857142857142
10-05 04:15,1484.2857142857142
10-05 04:30,5569.029877014285
10-05 04:45,3602.162686485714
10-05 05:00,1484.2857142857142
10-05 05:15,1484.2857142857142
10-05 05:30,1484.2857142857142
10-05 05:45,6845.3977255
10-05 06:00,3305.7697205714285
10-05 06:15,2052.1035000657143
10-05 06:30,1484.2857142857142
10-05 06:45,1811.7783490514284
10-05 07:00,0.0
10-05 07:15,0.0
10-05 07:30,0.0
10-05 07:45,133.09550641428598
10-05 08:00,0.0
10-05 08:15,1885.294752742857
10-05 08:30,5420.475581585714
10-05 08:45,4050.6643044571433
10-05 09:00,5951.132677957143
10-05 09:15,16609.833716
10-05 09:30,3392.5227757
10-05 09:45,3680.301239800001
10-05 10:00,15581.134611428572
10-05 10:15,2525.7343032
10-05 10:30,16007.147742285715
10-05 10:45,7346.13738277143
10-05 11:00,2112.036926928572
10-05 11:15,1283.0190201000005
10-05 11:30,7356.312873585714
10-05 11:45,7508.927610957143
10-05 12:00,9749.779868971433
10-05 12:15,5994.517480314286
10-05 12:30,7716.16367805719
10-05 12:45,14380.311555142856
10-05 13:00,9483.783161928572
10-05 13:15,4399.6741611
10-05 13:30,19999.186535142857
10-05 13:45,14480.342541242857
10-05 14:00,8754.631040371429
10-05 14:15,10924.150929214284
10-05 14:30,11452.83254482857
10-05 14:45,7001.976085971429
10-05 15:00,14787.055845857143
10-05 15:15,21143.870697
10-05 15:30,7373.778421257143
10-05 15:45,6220.249746542858
10-05 16:00,4629.083286857144
10-05 16:15,14687.981569571431
10-05 16:30,6941.084748871429
10-05 16:45,3135.018430900001
10-05 17:00,9136.156910657144
10-05 17:15,2597.4203695571427
10-05 17:30,9392.499219285712
10-05 17:45,6338.791532285714
10-05 18:00,224.74246497142863
10-05 18:15,0.0
10-05 18:30,9075.997216142858
10-05 18:45,575.4059682142858
10-05 19:00,1514.0216929285714
10-05 19:15,6202.387629114287
10-05 19:30,0.0
10-05 19:45,501.4732868285717
10-05 20:00,0.0
10-05 20:15,0.0
10-05 20:30,0.0
10-05 20:45,0.0
10-05 21:00,0.0
10-05 21:15,296.06406902857145
10-05 21:30,0.0
10-05 21:45,6121.550869857144
10-05 22:00,9012.74389814286
10-05 22:15,7264.3297441
10-05 22:30,1484.2857142857142
10-05 22:45,2142.917124657143
10-05 23:00,1004.6363290442856
10-05 23:15,7609.943278985713
10-05 23:30,625.4819802942859
10-05 23:45,0.0
10-06 00:00,6535.416865771429
10-06 00:15,2399.03471473
10-06 00:30,5412.224054442858
10-06 00:45,1484.2857142857142
10-06 01:00,1484.2857142857142
10-06 01:15,1484.2857142857142
10-06 01:30,1484.2857142857142
10-06 01:45,1484.2857142857142
10-06 02:00,2453.47468948
10-06 02:15,2213.6781124728577
10-06 02:30,1484.2857142857142
10-06 02:45,1913.63691023
10-06 03:00,1484.2857142857142
10-06 03:15,1484.2857142857142
10-06 03:30,1977.1836784685715
10-06 03:45,1535.978957142857
10-06 04:00,1484.2857142857142
10-06 04:15,1484.2857142857142
10-06 04:30,1484.2857142857142
10-06 04:45,9377.3201134
10-06 05:00,1484.2857142857142
10-06 05:15,1484.2857142857142
10-06 05:30,1484.2857142857142
10-06 05:45,1484.2857142857142
10-06 06:00,1484.2857142857142
10-06 06:15,6286.665255414287
10-06 06:30,2946.5918631000004
10-06 06:45,1484.2857142857142
10-06 07:00,2982.8998948142857
10-06 07:15,2051.216838992857
10-06 07:30,4377.781615728571
10-06 07:45,4271.665876485715
10-06 08:00,3742.2558789
10-06 08:15,7469.308183399999
10-06 08:30,7830.775361311384
10-06 08:45,3411.639526728572
10-06 09:00,9752.236339214289
10-06 09:15,5893.3642009714285
10-06 09:30,5957.245932185715
10-06 09:45,6185.201908257142
10-06 10:00,2754.7985240857142
10-06 10:15,5088.801704514287
10-06 10:30,12981.495385428574
10-06 10:45,6961.478702328572
10-06 11:00,2426.3158449142857
10-06 11:15,11036.888722057143
10-06 11:30,8413.028889014286
10-06 11:45,9484.849895357143
10-06 12:00,12329.763708657145
10-06 12:15,16237.689452428573
10-06 12:30,17086.470376428573
10-06 12:45,14417.338081257143
10-06 13:00,12276.183719971428
10-06 13:15,8605.256802057143
10-06 13:30,14374.5851731
10-06 13:45,21868.89101771429
10-06 14:00,14946.007145985714
10-06 14:15,10505.674348228573
10-06 14:30,3919.796677357143
10-06 14:45,7895.353145257143
10-06 15:00,5733.155551071429
10-06 15:15,15058.0607169
10-06 15:30,10954.407521814286
10-06 15:45,13440.408353385714
10-06 16:00,8917.245037300001
10-06 16:15,19563.33914728572
10-06 16:30,6246.7444015857145
10-06 16:45,2092.9988022714288
10-06 17:00,10426.623093642858
10-06 17:15,11987.962143785717
10-06 17:30,503.2505612428572
10-06 17:45,17203.514891714283
10-06 18:00,2345.384788942857
10-06 18:15,2899.4347098857143
10-06 18:30,1879.3365068857145
10-06 18:45,119.84730091428578
10-06 19:00,5892.4046585714295
10-06 19:15,383.8612314714287
10-06 19:30,1745.3880951571432
10-06 19:45,31.00858907142877
10-06 20:00,0.0
10-06 20:15,441.5637592285715
10-06 20:30,3182.7651324571425
10-06 20:45,12671.580170028574
10-06 21:00,0.0
10-06 21:15,0.0
10-06 21:30,0.0
10-06 21:45,3497.2874015285715
10-06 22:00,0.0
10-06 22:15,0.0
10-06 22:30,0.0
10-06 22:45,0.0
10-06 23:00,1484.2857142857142
10-06 23:15,1484.2857142857142
10-06 23:30,1484.2857142857142
10-06 23:45,2079.074477101429
10-07 00:00,1484.2857142857142
10-07 00:15,1891.57116536
10-07 00:30,2043.4248292557145
10-07 00:45,1971.007029208572
10-07 01:00,7501.428594028571
10-07 01:15,1484.2857142857142
10-07 01:30,1484.2857142857142
10-07 01:45,1484.2857142857142
10-07 02:00,1484.2857142857142
10-07 02:15,1484.2857142857142
10-07 02:30,1484.2857142857142
10-07 02:45,1484.2857142857142
10-07 03:00,5002.589143042856
10-07 03:15,1912.2924449142856
10-07 03:30,1484.2857142857142
10-07 03:45,1484.2857142857142
10-07 04:00,1980.98808475
10-07 04:15,1962.8609419128568
10-07 04:30,3637.628577085715
10-07 04:45,1484.2857142857142
10-07 05:00,3287.732161785714
10-07 05:15,0.0
10-07 05:30,2944.7346981428577
10-07 05:45,0.0
10-07 06:00,11348.108397757143
10-07 06:15,3332.692833085715
10-07 06:30,0.0
10-07 06:45,4142.058433485716
10-07 07:00,16379.777711428573
10-07 07:15,13245.70920157143
10-07 07:30,7774.053776014286
10-07 07:45,3647.311192142857
10-07 08:00,7365.299801442858
10-07 08:15,13797.554255857143
10-07 08:30,2396.7474835714293
10-07 08:45,17512.523494000005
10-07 09:00,9750.386386685715
10-07 09:15,6065.738257257144
10-07 09:30,7828.659537442857
10-07 09:45,3112.601630671429
10-07 10:00,6251.669557171429
10-07 10:15,1617.1655933428572
10-07 10:30,18068.378988142857
10-07 10:45,2284.373250614286
10-07 11:00,5015.952814857144
10-07 11:15,13068.212874285717
10-07 11:30,6875.588885557144
10-07 11:45,2178.336006442857
10-07 12:00,3046.8693701714287
10-07 12:15,11644.032992842858
10-07 12:30,7801.097209685715
10-07 12:45,4127.551086128571
10-07 13:00,12554.026977328573
10-07 13:15,5317.781870142857
10-07 13:30,10629.84730702857
10-07 13:45,8928.6159163
10-07 14:00,11660.258503
10-07 14:15,7938.108064171428
10-07 14:30,9518.902991457142
10-07 14:45,3713.5903441285714
10-07 15:00,11437.728749014284
10-07 15:15,13144.822367292902
10-07 15:30,372.5540405571429
10-07 15:45,16662.653277142857
10-07 16:00,2980.471537028572
10-07 16:15,11360.9477408
10-07 16:30,11713.2079293
10-07 16:45,7006.396836042858
10-07 17:00,2755.4768454857144
10-07 17:15,5038.339314785714
10-07 17:30,6123.133205842859
10-07 17:45,5944.8121815
10-07 18:00,7263.6937137
10-07 18:15,3507.7762807
10-07 18:30,2649.409676842857
10-07 18:45,5771.306158314286
10-07 19:00,758.1602098428572
10-07 19:15,0.0
10-07 19:30,493.9836250285715
10-07 19:45,1987.078174771429
10-07 20:00,593.7446343985714
10-07 20:15,0.0
10-07 20:30,0.0
10-07 20:45,2780.146764828572
10-07 21:00,6785.930240200001
10-07 21:15,5828.4502639
10-07 21:30,0.0
10-07 21:45,2861.604053471429
10-07 22:00,2786.973693614286
10-07 22:15,1484.2857142857142
10-07 22:30,1484.2857142857142
10-07 22:45,2346.682778974286
10-07 23:00,1484.2857142857142
10-07 23:15,1965.4563342114284
10-07 23:30,1484.2857142857142
10-07 23:45,1484.2857142857142
10-08 00:00,2315.407252925714
10-08 00:15,1484.2857142857142
10-08 00:30,1484.2857142857142
10-08 00:45,1484.2857142857142
10-08 01:00,1484.2857142857142
10-08 01:15,1484.2857142857142
10-08 01:30,1484.2857142857142
10-08 01:45,1484.2857142857142
10-08 02:00,1677.5030041557145
10-08 02:15,1484.2857142857142
10-08 02:30,1484.2857142857142
10-08 02:45,1484.2857142857142
10-08 03:00,1484.2857142857142
10-08 03:15,4369.251675414285
10-08 03:30,4093.7410009428568
10-08 03:45,1957.0180441871428
10-08 04:00,1484.2857142857142
10-08 04:15,5331.364897142857
10-08 04:30,4428.251113842857
10-08 04:45,2502.5954525628567
10-08 05:00,2460.510768652857
10-08 05:15,1913.4685671142856
10-08 05:30,1484.2857142857142
10-08 05:45,2054.9297305814284
10-08 06:00,12099.266008928573
10-08 06:15,19858.924348714285
10-08 06:30,682.2702403
10-08 06:45,1311.8837967285715
10-08 07:00,6382.884211957143
10-08 07:15,7720.259724928573
10-08 07:30,4609.3121092
10-08 07:45,1324.191040957143
10-08 08:00,1290.5285093285718
10-08 08:15,5922.834658157144
10-08 08:30,2233.774829442857
10-08 08:45,4185.338942128572
10-08 09:00,22520.764415571422
10-08 09:15,9854.097415157144
10-08 09:30,21939.10842285714
10-08 09:45,9863.85785587143
10-08 10:00,561.5785265000002
10-08 10:15,549.8669350714287
10-08 10:30,16553.632352428573
10-08 10:45,11141.484195214283
10-08 11:00,4918.5807615428575
10-08 11:15,0.0
10-08 11:30,11250.14693944286
10-08 11:45,5754.4181004
10-08 12:00,3554.0834829857145
10-08 12:15,5277.105454285715
10-08 12:30,11828.6773438
10-08 12:45,5977.291146171429
10-08 13:00,17653.92614742857
10-08 13:15,8843.772541214285
10-08 13:30,13915.290957685716
10-08 13:45,9790.920714085714
10-08 14:00,11421.8882298
10-08 14:15,8984.189167414286
10-08 14:30,11623.9800422
10-08 14:45,4240.318842388578
10-08 15:00,10639.842839728572
10-08 15:15,9434.91306252857
10-08 15:30,4912.611206999999
10-08 15:45,11594.110140542858
10-08 16:00,8114.98673977143
10-08 16:15,4512.477572271429
10-08 16:30,6926.921759714286
10-08 16:45,2446.143531514286
10-08 17:00,13854.200477857145
10-08 17:15,21981.233077857145
10-08 17:30,10120.397266557144
10-08 17:45,17381.986064857145
10-08 18:00,5135.358546385714
10-08 18:15,3796.843980885714
10-08 18:30,967.9212657285716
10-08 18:45,9542.432021700002
10-08 19:00,8934.638222657144
10-08 19:15,6786.454954957144
10-08 19:30,550.7795813000001
10-08 19:45,5806.083331485716
10-08 20:00,665.6578586471429
10-08 20:15,1720.012741919957
10-08 20:30,3214.7778247999995
10-08 20:45,6402.478682571428
10-08 21:00,1484.2857142857142
10-08 21:15,2319.44673599
10-08 21:30,1906.766590768572
10-08 21:45,2594.902638772857
10-08 22:00,2055.8970827642856
10-08 22:15,2002.9249775842857
10-08 22:30,3192.740158214285
10-08 22:45,2846.06880654
10-08 23:00,2038.78036548
10-08 23:15,8358.889155342858
10-08 23:30,1484.2857142857142
10-08 23:45,2654.1197726200003
10-09 00:00,1484.2857142857142
10-09 00:15,2010.5373089171428
10-09 00:30,1484.2857142857142
10-09 00:45,1484.2857142857142
10-09 01:00,1484.2857142857142
10-09 01:15,1484.2857142857142
10-09 01:30,1484.2857142857142
10-09 01:45,1484.2857142857142
10-09 02:00,1484.2857142857142
10-09 02:15,1484.2857142857142
10-09 02:30,1484.2857142857142
10-09 02:45,1962.8028327
10-09 03:00,1928.3975418285715
10-09 03:15,1860.785116235714
10-09 03:30,1484.2857142857142
10-09 03:45,2305.8078678371426
10-09 04:00,1484.2857142857142
10-09 04:15,1484.2857142857142
10-09 04:30,1484.2857142857142
10-09 04:45,2176.251616505714
10-09 05:00,1484.2857142857142
10-09 05:15,1484.2857142857142
10-09 05:30,2500.4248671057144
10-09 05:45,1484.2857142857142
10-09 06:00,6301.014127342858
10-09 06:15,158.63525558571448
10-09 06:30,1534.6673961142858
10-09 06:45,1033.0304721285718
10-09 07:00,7087.835749657143
10-09 07:15,9949.840433742858
10-09 07:30,9353.190347871428
10-09 07:45,19792.89753614286
10-09 08:00,1389.2256203857146
10-09 08:15,807.5649287857144
10-09 08:30,7487.309344485714
10-09 08:45,9344.153153714286
10-09 09:00,5235.520558457143
10-09 09:15,4257.976272485716
10-09 09:30,4649.788039014286
10-09 09:45,5625.0305977285725
10-09 10:00,6915.860917342857
10-09 10:15,7720.608151071429
10-09 10:30,6955.112511814285
10-09 10:45,8514.983617485716
10-09 11:00,8328.732700328572
10-09 11:15,9440.713117342855
10-09 11:30,661.5709849000002
10-09 11:45,9225.708414928573
10-09 12:00,9302.2815097
10-09 12:15,4269.632258271429
10-09 12:30,14767.319055571428
10-09 12:45,297.6645631428572
10-09 13:00,7944.266147928572
10-09 13:15,12200.662169114285
10-09 13:30,8798.920693340044
10-09 13:45,20792.11624228572
10-09 14:00,10616.9451433
10-09 14:15,20392.50548742857
10-09 14:30,4889.960470742857
10-09 14:45,11743.472771185716
10-09 15:00,4571.424227185714
10-09 15:15,7585.159580042858
10-09 15:30,4202.673582171429
10-09 15:45,13866.347635557142
10-09 16:00,8513.734263371429
10-09 16:15,12528.652423642858
10-09 16:30,9344.482587014289
10-09 16:45,20081.591285285715
10-09 17:00,10659.64080392857
10-09 17:15,2143.939723314286
10-09 17:30,13156.411271
10-09 17:45,17365.085628142857
10-09 18:00,14952.495197142858
10-09 18:15,2322.2237762000004
10-09 18:30,13764.434582714286
10-09 18:45,2005.3166041000004
10-09 19:00,450.6769885285714
10-09 19:15,1152.6585231428571
10-09 19:30,2438.9203125142853
10-09 19:45,0.0
10-09 20:00,0.0
10-09 20:15,3403.073278514285
10-09 20:30,9010.426184342858
10-09 20:45,238.98233745714285
10-09 21:00,432.57323332
10-09 21:15,1473.3733871571428
10-09 21:30,0.0
10-09 21:45,0.0
10-09 22:00,1484.2857142857142
10-09 22:15,2710.191194614285
10-09 22:30,1135.6314314642857
10-09 22:45,0.0
10-09 23:00,1917.43815018
10-09 23:15,1872.9891600157143
10-09 23:30,1484.2857142857142
10-09 23:45,1484.2857142857142
10-10 00:00,1993.084615682857
10-10 00:15,1977.9646853257143
10-10 00:30,1484.2857142857142
10-10 00:45,2126.013140647143
10-10 01:00,1484.2857142857142
10-10 01:15,1967.4619167714284
10-10 01:30,2057.0170976057143
10-10 01:45,1484.2857142857142
10-10 02:00,1484.2857142857142
10-10 02:15,1484.2857142857142
10-10 02:30,1484.2857142857142
10-10 02:45,1484.2857142857142
10-10 03:00,2066.1246464042856
10-10 03:15,1484.2857142857142
10-10 03:30,7411.75196572857
10-10 03:45,2140.102974028571
10-10 04:00,6654.947787914287
10-10 04:15,2293.0703231557145
10-10 04:30,4309.3013791428575
10-10 04:45,2460.960924738571
10-10 05:00,0.0
10-10 05:15,0.0
10-10 05:30,2716.3565003
10-10 05:45,0.0
10-10 06:00,10283.903194985714
10-10 06:15,0.0
10-10 06:30,642.954851857143
10-10 06:45,6355.327402685715
10-10 07:00,2552.374376585714
10-10 07:15,3205.8481314428573
10-10 07:30,2474.4009958857146
10-10 07:45,2552.0257957
10-10 08:00,603.1346321000001
10-10 08:15,1780.377280157143
10-10 08:30,12482.039976057144
10-10 08:45,6690.136158885715
10-10 09:00,0.0
10-10 09:15,11480.852288685714
10-10 09:30,2653.0514538142857
10-10 09:45,2715.033099614286
10-10 10:00,3731.3053371285714
10-10 10:15,2819.824602092846
10-10 10:30,12067.09467197143
10-10 10:45,3304.313638771428
10-10 11:00,4570.764517157143
10-10 11:15,15904.98651357143
10-10 11:30,7741.6928042
10-10 11:45,3354.1942318714287
10-10 12:00,5571.3089374857145
10-10 12:15,4332.932434657144
10-10 12:30,4816.453883142856
10-10 12:45,4144.412399185715
10-10 13:00,17060.30447242857
10-10 13:15,11341.398035357142
10-10 13:30,10430.402238057142
10-10 13:45,3807.847676971429
10-10 14:00,18899.384560571427
10-10 14:15,8649.717939357142
10-10 14:30,4250.858395028571
10-10 14:45,4611.808114
10-10 15:00,7167.015100257143
10-10 15:15,6179.28218497143
10-10 15:30,8481.11874987143
10-10 15:45,11553.54588917143
10-10 16:00,20502.014034857144
10-10 16:15,10808.214413871428
10-10 16:30,3884.8555246714286
10-10 16:45,4482.890108657144
10-10 17:00,7424.297365214286
10-10 17:15,15154.27859657143
10-10 17:30,12386.877798385714
10-10 17:45,6134.058864514286
10-10 18:00,7671.4300132
10-10 18:15,2044.8049857428573
10-10 18:30,3232.587934742857
10-10 18:45,7248.144702057143
10-10 19:00,6462.531611528572
10-10 19:15,17259.404983285716
10-10 19:30,2870.848766614285
10-10 19:45,3859.2935450285713
10-10 20:00,0.0
10-10 20:15,0.0
10-10 20:30,2243.205453528571
10-10 20:45,1057.2261589428574
10-10 21:00,2569.1215113571434
10-10 21:15,254.076253314286
10-10 21:30,0.0
10-10 21:45,0.0
10-10 22:00,1484.2857142857142
10-10 22:15,123.17178001428589
10-10 22:30,5597.548302042857
10-10 22:45,578.8311416085714
10-10 23:00,1973.7229500842848
10-10 23:15,1484.2857142857142
10-10 23:30,1963.459971185714
10-10 23:45,2022.5723646942856
10-11 00:00,1484.2857142857142
10-11 00:15,1484.2857142857142
10-11 00:30,1484.2857142857142
10-11 00:45,1484.2857142857142
10-11 01:00,2305.8259770757145
10-11 01:15,1484.2857142857142
10-11 01:30,1484.2857142857142
10-11 01:45,1484.2857142857142
10-11 02:00,1809.7765685171428
10-11 02:15,2834.0899797157144
10-11 02:30,1800.998863588571
10-11 02:45,1484.2857142857142
10-11 03:00,1484.2857142857142
10-11 03:15,1484.2857142857142
10-11 03:30,1484.2857142857142
10-11 03:45,1484.2857142857142
10-11 04:00,1484.2857142857142
10-11 04:15,1484.2857142857142
10-11 04:30,1484.2857142857142
10-11 04:45,1484.2857142857142
10-11 05:00,0.0
10-11 05:15,0.0
10-11 05:30,0.0
10-11 05:45,0.0
10-11 06:00,1727.1649918000005
10-11 06:15,7258.683098771429
10-11 06:30,0.0
10-11 06:45,1504.3991626428574
10-11 07:00,12466.059314214284
10-11 07:15,1701.8898618571427
10-11 07:30,2084.218909728572
10-11 07:45,1472.861478214286
10-11 08:00,11154.152911457142
10-11 08:15,4528.777091428572
10-11 08:30,3495.4497380142857
10-11 08:45,12446.353891071429
10-11 09:00,7654.8617659
10-11 09:15,9965.3696873
10-11 09:30,13098.050480857144
10-11 09:45,7103.425628471429
10-11 10:00,7921.844708442857
10-11 10:15,1904.814262971429
10-11 10:30,2899.9680351714283
10-11 10:45,5643.935668328572
10-11 11:00,10116.155534685711
10-11 11:15,17167.92683642857
10-11 11:30,7362.871418
10-11 11:45,5915.052829728572
10-11 12:00,15336.693352857144
10-11 12:15,6213.267476828572
10-11 12:30,16002.677127142855
10-11 12:45,11755.377719714286
10-11 13:00,11460.853488214285
10-11 13:15,16640.937535857145
10-11 13:30,18358.85777871429
10-11 13:45,12705.786620400002
10-11 14:00,5287.424335914286
10-11 14:15,9615.126867042856
10-11 14:30,12371.006868485714
10-11 14:45,13772.266641114284
10-11 15:00,25681.478751857147
10-11 15:15,19747.349316457137
10-11 15:30,3681.803644100001
10-11 15:45,2711.7100330857143
10-11 16:00,16310.028581
10-11 16:15,7329.496258157143
10-11 16:30,22285.887189142853
10-11 16:45,15367.705868
10-11 17:00,13349.838535285717
10-11 17:15,11872.955169300005
10-11 17:30,649.4337035000001
10-11 17:45,6504.634863528571
10-11 18:00,8098.282110857143
10-11 18:15,6988.9047129142855
10-11 18:30,3351.6587741571425
10-11 18:45,0.0
10-11 19:00,3497.477111857143
10-11 19:15,4515.312302142857
10-11 19:30,1387.5736660142857
10-11 19:45,7868.449679942859
10-11 20:00,0.0
10-11 20:15,245.1734426571432
10-11 20:30,761.4866318285715
10-11 20:45,0.0
10-11 21:00,1866.2311220157144
10-11 21:15,604.3090268285714
10-11 21:30,2631.338655217143
10-11 21:45,8955.343560028572
10-11 22:00,1484.2857142857142
10-11 22:15,5045.972070757143
10-11 22:30,1768.1730145928568
10-11 22:45,2041.785894058572
10-11 23:00,2915.322417142857
10-11 23:15,2358.089658587144
10-11 23:30,2885.802551928571
10-11 23:45,3040.472694228571
10-12 00:00,2468.199694054286
10-12 00:15,2032.038500937143
10-12 00:30,1484.2857142857142
10-12 00:45,5682.618184471429
10-12 01:00,4655.0105014857145
10-12 01:15,2820.8452005514287
10-12 01:30,1484.2857142857142
10-12 01:45,1484.2857142857142
10-12 02:00,1484.2857142857142
10-12 02:15,1484.2857142857142
10-12 02:30,2033.0680740828573
10-12 02:45,2056.538595205714
10-12 03:00,1484.2857142857142
10-12 03:15,1484.2857142857142
10-12 03:30,2153.7298239942857
10-12 03:45,1908.23871562
10-12 04:00,1830.7357106828567
10-12 04:15,1484.2857142857142
10-12 04:30,2066.5999302814284
10-12 04:45,2061.047765034286
10-12 05:00,1484.2857142857142
10-12 05:15,2090.802217604286
10-12 05:30,2341.8038428114287
10-12 05:45,1484.2857142857142
10-12 06:00,0.0
10-12 06:15,0.0
10-12 06:30,0.0
10-12 06:45,436.9018497142859
10-12 07:00,10337.553404271428
10-12 07:15,4248.535946214286
10-12 07:30,116.73010521428569
10-12 07:45,0.0
10-12 08:00,538.2512892714288
10-12 08:15,951.297022957143
10-12 08:30,0.0
10-12 08:45,642.1247838428575
10-12 09:00,7715.147958085714
10-12 09:15,4929.126281914286
10-12 09:30,6306.426394314286
10-12 09:45,5598.520551328571
10-12 10:00,11468.615586
10-12 10:15,6141.4355405
10-12 10:30,24753.84327357143
10-12 10:45,10804.796465585714
10-12 11:00,20083.28711057143
10-12 11:15,6477.080889785714
10-12 11:30,5071.868150157143
10-12 11:45,14878.045763571428
10-12 12:00,18671.922905
10-12 12:15,10025.947728085715
10-12 12:30,9929.11326305714
10-12 12:45,17183.13136642857
10-12 13:00,5828.419885928572
10-12 13:15,7772.09118865568
10-12 13:30,4689.613190871429
10-12 13:45,6584.373749185714
10-12 14:00,1826.5483522571428
10-12 14:15,9538.050795242856
10-12 14:30,2541.372271528572
10-12 14:45,15339.733125071429
10-12 15:00,12011.203018485716
10-12 15:15,2696.931787357143
10-12 15:30,8544.102378742858
10-12 15:45,2332.4645079714287
10-12 16:00,11823.820421385715
10-12 16:15,1269.4121337
10-12 16:30,734.5180340714288
10-12 16:45,5462.917039342858
10-12 17:00,424.5409453428573
10-12 17:15,196.5556343
10-12 17:30,638.0658476285715
10-12 17:45,2455.024707771429
10-12 18:00,148.38041864285722
10-12 18:15,6427.245351042858
10-12 18:30,5691.581059028573
10-12 18:45,433.6949239000001
10-12 19:00,12851.441043142857
10-12 19:15,3757.516736328571
10-12 19:30,550.7383970428572
10-12 19:45,696.5210629571432
10-12 20:00,6952.249628271429
10-12 20:15,0.0
10-12 20:30,0.0
10-12 20:45,0.0
10-12 21:00,0.0
10-12 21:15,0.0
10-12 21:30,2990.636551285715
10-12 21:45,3830.866908785714
10-12 22:00,0.0
10-12 22:15,4532.786727014286
10-12 22:30,2958.9609571285714
10-12 22:45,0.0
10-12 23:00,172.83877061428595
10-12 23:15,0.0
10-12 23:30,0.0
10-12 23:45,0.0
10-13 00:00,0.0
10-13 00:15,0.0
10-13 00:30,0.0
10-13 00:45,0.0
10-13 01:00,1484.2857142857142
10-13 01:15,1484.2857142857142
10-13 01:30,1484.2857142857142
10-13 01:45,1484.2857142857142
10-13 02:00,1484.2857142857142
10-13 02:15,1484.2857142857142
10-13 02:30,2155.545670948572
10-13 02:45,2201.0678021342856
10-13 03:00,0.0
10-13 03:15,0.0
10-13 03:30,0.0
10-13 03:45,0.0
10-13 04:00,0.0
10-13 04:15,0.0
10-13 04:30,0.0
10-13 04:45,0.0
10-13 05:00,0.0
10-13 05:15,0.0
10-13 05:30,0.0
10-13 05:45,0.0
10-13 06:00,0.0
10-13 06:15,0.0
10-13 06:30,4688.025048500001
10-13 06:45,0.0
10-13 07:00,4500.926438671429
10-13 07:15,0.0
10-13 07:30,175.87043192857152
10-13 07:45,4316.443637342857
10-13 08:00,0.0
10-13 08:15,908.6965490285714
10-13 08:30,880.2483098285717
10-13 08:45,1437.560830857143
10-13 09:00,8646.3102449329
10-13 09:15,5968.441292028572
10-13 09:30,8237.236783757144
10-13 09:45,2245.7805326857147
10-13 10:00,8567.982218771429
10-13 10:15,9623.1908214
10-13 10:30,7518.326646942856
10-13 10:45,11793.786742528571
10-13 11:00,13297.740309185712
10-13 11:15,16636.300026428573
10-13 11:30,15153.250695185716
10-13 11:45,22705.352717428574
10-13 12:00,25681.60908128572
10-13 12:15,17244.025847285717
10-13 12:30,6014.395469214285
10-13 12:45,5889.069793742858
10-13 13:00,5283.315469457143
10-13 13:15,14905.808384857142
10-13 13:30,15496.2671967
10-13 13:45,8685.009780114287
10-13 14:00,11491.399252214287
10-13 14:15,13887.377466342856
10-13 14:30,5036.921719714286
10-13 14:45,11985.038037128572
10-13 15:00,8573.2141307
10-13 15:15,10534.84430322857
10-13 15:30,3834.604887042857
10-13 15:45,11743.526845085717
10-13 16:00,21178.505809285714
10-13 16:15,6878.30883517143
10-13 16:30,9120.962952357144
10-13 16:45,6022.615385357143
10-13 17:00,2354.2970585000003
10-13 17:15,4206.949560100001
10-13 17:30,12518.827126357146
10-13 17:45,14271.835520142857
10-13 18:00,5828.741785457143
10-13 18:15,4121.532321371429
10-13 18:30,11268.444220128573
10-13 18:45,0.0
10-13 19:00,3317.309729828571
10-13 19:15,681.5789427985255
10-13 19:30,4772.1722599
10-13 19:45,8044.3495691
10-13 20:00,6487.527809942858
10-13 20:15,3691.528220471428
10-13 20:30,1996.520212068572
10-13 20:45,2859.6711022242857
10-13 21:00,1484.2857142857142
10-13 21:15,1952.494882012857
10-13 21:30,2041.9050773028573
10-13 21:45,1846.785371775714
10-13 22:00,1846.6077308914284
10-13 22:15,2620.893088407144
10-13 22:30,1484.2857142857142
10-13 22:45,1484.2857142857142
10-13 23:00,1484.2857142857142
10-13 23:15,1484.2857142857142
10-13 23:30,1484.2857142857142
10-13 23:45,2935.621441657143
10-14 00:00,1484.2857142857142
10-14 00:15,1484.2857142857142
10-14 00:30,1484.2857142857142
10-14 00:45,1484.2857142857142
10-14 01:00,1935.6323532342856
10-14 01:15,1484.2857142857142
10-14 01:30,1484.2857142857142
10-14 01:45,1484.2857142857142
10-14 02:00,1484.2857142857142
10-14 02:15,1484.2857142857142
10-14 02:30,5324.631394700001
10-14 02:45,1484.2857142857142
10-14 03:00,2086.810930115714
10-14 03:15,1484.2857142857142
10-14 03:30,2147.520492012857
10-14 03:45,1484.2857142857142
10-14 04:00,0.0
10-14 04:15,0.0
10-14 04:30,0.0
10-14 04:45,4237.588446748568
10-14 05:00,536.2101439185715
10-14 05:15,0.0
10-14 05:30,153.90413418285303
10-14 05:45,2085.3044403257145
10-14 06:00,6180.905787457144
10-14 06:15,6161.967311614286
10-14 06:30,2849.9020417714287
10-14 06:45,537.0498758857144
10-14 07:00,8752.295876400001
10-14 07:15,6196.807352214287
10-14 07:30,8515.152382014287
10-14 07:45,9843.680517228571
10-14 08:00,1753.9344861142863
10-14 08:15,6633.980148528572
10-14 08:30,21595.90557957143
10-14 08:45,17162.51064542857
10-14 09:00,8516.451779614286
10-14 09:15,3534.5569429714287
10-14 09:30,10806.6877574
10-14 09:45,12450.184417885714
10-14 10:00,1034.6326788
10-14 10:15,1266.878145857143
10-14 10:30,6222.541590614287
10-14 10:45,16852.230443
10-14 11:00,8088.3954769
10-14 11:15,6049.498729757143
10-14 11:30,3685.1662570428575
10-14 11:45,7425.840211871428
10-14 12:00,4300.012861542858
10-14 12:15,3939.027037371429
10-14 12:30,4252.560188871428
10-14 12:45,3279.011005345756
10-14 13:00,19032.24321514286
10-14 13:15,16729.523578
10-14 13:30,12910.384010785714
10-14 13:45,7639.3804959
10-14 14:00,18562.51866757143
10-14 14:15,6187.810026099999
10-14 14:30,18768.536856714283
10-14 14:45,13504.320837142855
10-14 15:00,4187.155739185714
10-14 15:15,19663.308842285714
10-14 15:30,0.0
10-14 15:45,3112.052621228572
10-14 16:00,9500.343414357145
10-14 16:15,9604.365278885714
10-14 16:30,6687.2763205
10-14 16:45,15488.722240285717
10-14 17:00,6775.576550285715
10-14 17:15,1516.3268270714289
10-14 17:30,13854.791834857144
10-14 17:45,3507.668596828571
10-14 18:00,8895.285248714288
10-14 18:15,7110.704746557143
10-14 18:30,7474.864369685715
10-14 18:45,7888.885314314287
10-14 19:00,0.0
10-14 19:15,795.0138381142859
10-14 19:30,7774.831182600001
10-14 19:45,253.21000141428573
10-14 20:00,4273.013464028571
10-14 20:15,1484.2857142857142
10-14 20:30,6206.184310557143
10-14 20:45,7151.667666671428
10-14 21:00,2228.8643100485715
10-14 21:15,1484.2857142857142
10-14 21:30,1899.1711382642848
10-14 21:45,4943.830884942857
10-14 22:00,3352.096749928572
10-14 22:15,2421.631550128572
10-14 22:30,1484.2857142857142
10-14 22:45,1936.421796198572
10-14 23:00,5501.501863028572
10-14 23:15,1484.2857142857142
10-14 23:30,1727.9437862214284
10-14 23:45,2499.2427307314288
10-15 00:00,1484.2857142857142
10-15 00:15,1484.2857142857142
10-15 00:30,1484.2857142857142
10-15 00:45,1873.15519631
10-15 01:00,1484.2857142857142
10-15 01:15,1484.2857142857142
10-15 01:30,1484.2857142857142
10-15 01:45,1484.2857142857142
10-15 02:00,1484.2857142857142
10-15 02:15,2154.042213034286
10-15 02:30,1484.2857142857142
10-15 02:45,1484.2857142857142
10-15 03:00,1900.81839457
10-15 03:15,1933.6907949557144
10-15 03:30,2008.209102838572
10-15 03:45,5331.088403585714
10-15 04:00,6507.856965357143
10-15 04:15,2287.1390791857143
10-15 04:30,2039.6198475557144
10-15 04:45,1484.2857142857142
10-15 05:00,1327.044456195675
10-15 05:15,0.0
10-15 05:30,3052.7574709571427
10-15 05:45,2346.4300555871428
10-15 06:00,5229.5926254000005
10-15 06:15,0.0
10-15 06:30,3606.225658214285
10-15 06:45,361.1561518285716
10-15 07:00,6319.692161014286
10-15 07:15,2320.457248757143
10-15 07:30,12152.672392114288
10-15 07:45,14640.653902
10-15 08:00,11568.190586
10-15 08:15,12667.161713971427
10-15 08:30,1791.8813493857142
10-15 08:45,10946.658408628577
10-15 09:00,13858.504275142855
10-15 09:15,13210.23452414286
10-15 09:30,1829.7993965
10-15 09:45,1340.9178964714288
10-15 10:00,7275.188868528572
10-15 10:15,8689.342684228572
10-15 10:30,3077.599941900001
10-15 10:45,8391.635340614286
10-15 11:00,1625.540590642857
10-15 11:15,2629.6101946000003
10-15 11:30,5658.987958614286
10-15 11:45,2589.1985064857145
10-15 12:00,8233.393041042858
10-15 12:15,14460.95710457143
10-15 12:30,5929.403845385715
10-15 12:45,6559.031065387187
10-15 13:00,11061.377355071429
10-15 13:15,19535.845446571428
10-15 13:30,12103.774791942858
10-15 13:45,3877.3254401285712
10-15 14:00,9362.775235
10-15 14:15,12657.072055042856
10-15 14:30,16164.248915000002
10-15 14:45,7845.530362085714
10-15 15:00,3935.406491100001
10-15 15:15,12756.174745057144
10-15 15:30,9795.190818100002
10-15 15:45,2567.9082876
10-15 16:00,8837.769076685716
10-15 16:15,18670.22896328572
10-15 16:30,2478.416993542857
10-15 16:45,11954.711501257145
10-15 17:00,947.4522505857144
10-15 17:15,20862.42264071429
10-15 17:30,12061.930736328572
10-15 17:45,2539.149521814285
10-15 18:00,4747.1399938428585
10-15 18:15,15504.393676714286
10-15 18:30,7165.636009471429
10-15 18:45,10227.57543307143
10-15 19:00,2568.863637557143
10-15 19:15,728.7094428285717
10-15 19:30,0.0
10-15 19:45,0.0
10-15 20:00,2286.4407221485712
10-15 20:15,1876.5792610714288
10-15 20:30,1484.2857142857142
10-15 20:45,1895.670725657143
10-15 21:00,1777.538985802857
10-15 21:15,6243.896151057144
10-15 21:30,845.2378923142858
10-15 21:45,1401.823502591429
10-15 22:00,2055.721826044285
10-15 22:15,1833.9973636857144
10-15 22:30,1484.2857142857142
10-15 22:45,1484.2857142857142
10-15 23:00,1484.2857142857142
10-15 23:15,1484.2857142857142
10-15 23:30,2424.937440547143
10-15 23:45,1484.2857142857142
10-16 00:00,1484.2857142857142
10-16 00:15,2061.475938497143
10-16 00:30,1821.3274581542853
10-16 00:45,1484.2857142857142
10-16 01:00,1484.2857142857142
10-16 01:15,1484.2857142857142
10-16 01:30,1484.2857142857142
10-16 01:45,1484.2857142857142
10-16 02:00,1484.2857142857142
10-16 02:15,1484.2857142857142
10-16 02:30,1484.2857142857142
10-16 02:45,1484.2857142857142
10-16 03:00,2076.7181279314286
10-16 03:15,2108.432867017143
10-16 03:30,1484.2857142857142
10-16 03:45,2689.362824294285
10-16 04:00,1484.2857142857142
10-16 04:15,2636.483404712857
10-16 04:30,1717.0407468385715
10-16 04:45,6109.399888942857
10-16 05:00,0.0
10-16 05:15,0.0
10-16 05:30,3634.525956071429
10-16 05:45,0.0
10-16 06:00,6565.052341357144
10-16 06:15,5823.628678428572
10-16 06:30,3150.433399728572
10-16 06:45,6723.799538585714
10-16 07:00,2808.300857414286
10-16 07:15,8570.320119628572
10-16 07:30,12089.4360085
10-16 07:45,2837.9652258428573
10-16 08:00,8685.68753812857
10-16 08:15,1052.9036254571429
10-16 08:30,14483.193196
10-16 08:45,4977.3668295
10-16 09:00,13406.677508857145
10-16 09:15,21677.32914957143
10-16 09:30,6427.9837199428575
10-16 09:45,7996.573297642859
10-16 10:00,0.0
10-16 10:15,0.0
10-16 10:30,5395.10041707143
10-16 10:45,13059.481277142855
10-16 11:00,1568.779992635669
10-16 11:15,7610.855527928572
10-16 11:30,19509.64534485714
10-16 11:45,4338.709178714285
10-16 12:00,5118.531388357143
10-16 12:15,16140.34633557143
10-16 12:30,4589.868167500001
10-16 12:45,16007.71162942857
10-16 13:00,13238.006457685711
10-16 13:15,5856.399143214286
10-16 13:30,11756.602982785716
10-16 13:45,22165.04042114285
10-16 14:00,7101.393805457143
10-16 14:15,8075.627463857144
10-16 14:30,3592.397170142857
10-16 14:45,11492.7102016
10-16 15:00,530.0405342428571
10-16 15:15,6089.150222642858
10-16 15:30,10600.85059787143
10-16 15:45,3136.269170057144
10-16 16:00,5754.594430328571
10-16 16:15,8387.214984642858
10-16 16:30,17888.45840057143
10-16 16:45,8337.905134942857
10-16 17:00,7259.369864371429
10-16 17:15,3346.212126914286
10-16 17:30,4222.222036985714
10-16 17:45,10856.611489528572
10-16 18:00,19392.665228
10-16 18:15,8909.149683742857
10-16 18:30,4379.51870357143
10-16 18:45,9975.223367114286
10-16 19:00,0.0
10-16 19:15,902.0436482285714
10-16 19:30,1331.497068314286
10-16 19:45,0.0
10-16 20:00,2576.1018360257144
10-16 20:15,1825.6405449
10-16 20:30,4757.153164114287
10-16 20:45,1640.1306099714286
10-16 21:00,1857.5451347842848
10-16 21:15,11280.643667814284
10-16 21:30,1484.2857142857142
10-16 21:45,12448.17609417143
10-16 22:00,2572.658308022857
10-16 22:15,2980.770751442857
10-16 22:30,1484.2857142857142
10-16 22:45,3121.2300846571434
10-16 23:00,2420.4501611428573
10-16 23:15,3765.545210857143
10-16 23:30,7117.672088785714
10-16 23:45,1484.2857142857142
10-17 00:00,1849.2220038142857
10-17 00:15,1484.2857142857142
10-17 00:30,1484.2857142857142
10-17 00:45,1484.2857142857142
10-17 01:00,1484.2857142857142
10-17 01:15,1484.2857142857142
10-17 01:30,2068.7304879514286
10-17 01:45,1484.2857142857142
10-17 02:00,1484.2857142857142
10-17 02:15,1484.2857142857142
10-17 02:30,1484.2857142857142
10-17 02:45,1484.2857142857142
10-17 03:00,2239.8268751914284
10-17 03:15,1954.4679912085712
10-17 03:30,1484.2857142857142
10-17 03:45,1484.2857142857142
10-17 04:00,4912.383024042857
10-17 04:15,2054.9052812514287
10-17 04:30,1484.2857142857142
10-17 04:45,1484.2857142857142
10-17 05:00,0.0
10-17 05:15,3255.3602192999992
10-17 05:30,0.0
10-17 05:45,9559.3738634
10-17 06:00,1672.099612885714
10-17 06:15,5010.565760942857
10-17 06:30,242.0578859714286
10-17 06:45,8068.692916157143
10-17 07:00,2611.0078744714283
10-17 07:15,8302.048315514287
10-17 07:30,11330.746917014289
10-17 07:45,6785.933243357144
10-17 08:00,16697.55508714286
10-17 08:15,16436.923574285713
10-17 08:30,7805.662436671429
10-17 08:45,1481.704704785714
10-17 09:00,3116.6996512285714
10-17 09:15,11742.720447000002
10-17 09:30,11056.547423242857
10-17 09:45,0.0
10-17 10:00,3190.596392114286
10-17 10:15,11340.408960642855
10-17 10:30,6025.644177114285
10-17 10:45,5850.920290342858
10-17 11:00,5064.887215385715
10-17 11:15,19455.731387714288
10-17 11:30,1628.9395361285715
10-17 11:45,3176.5270705
10-17 12:00,15774.324114428571
10-17 12:15,15906.990666999998
10-17 12:30,3741.7946888
10-17 12:45,8759.771248714285
10-17 13:00,21767.24707985714
10-17 13:15,6187.574847414285
10-17 13:30,6861.552854885714
10-17 13:45,4491.846455714285
10-17 14:00,10137.364120028573
10-17 14:15,19023.684982571427
10-17 14:30,2241.2538919814688
10-17 14:45,11421.8587906
10-17 15:00,17098.794603285714
10-17 15:15,3796.421628414285
10-17 15:30,13167.859782857142
10-17 15:45,1618.2391510857142
10-17 16:00,13555.376063000002
10-17 16:15,5958.362718928572
10-17 16:30,23028.484150714285
10-17 16:45,5662.734270214286
10-17 17:00,7666.883879857143
10-17 17:15,6885.005978528572
10-17 17:30,1193.0504484571431
10-17 17:45,15027.891984714288
10-17 18:00,7051.120452957144
10-17 18:15,1013.612921357143
10-17 18:30,1603.5163283857146
10-17 18:45,631.6200554428574
10-17 19:00,1012.2618491428574
10-17 19:15,10271.296586085717
10-17 19:30,2579.898003385714
10-17 19:45,0.0
10-17 20:00,8658.282548242858
10-17 20:15,5799.224411100001
10-17 20:30,8850.878363085716
10-17 20:45,660.6395910714286
10-17 21:00,0.0
10-17 21:15,0.0
10-17 21:30,222.42865674571428
10-17 21:45,413.20774138285714
10-17 22:00,1756.9550342285715
10-17 22:15,913.9833986457144
10-17 22:30,0.0
10-17 22:45,0.0
10-17 23:00,2436.31349305
10-17 23:15,1819.810659677143
10-17 23:30,2149.33251741
10-17 23:45,1484.2857142857142
10-18 00:00,3018.629662957143
10-18 00:15,1898.715349225714
10-18 00:30,1484.2857142857142
10-18 00:45,4785.906026285715
10-18 01:00,1484.2857142857142
10-18 01:15,1484.2857142857142
10-18 01:30,2388.684446791429
10-18 01:45,1484.2857142857142
10-18 02:00,1484.2857142857142
10-18 02:15,1484.2857142857142
10-18 02:30,5356.941051885714
10-18 02:45,1484.2857142857142
10-18 03:00,1484.2857142857142
10-18 03:15,1484.2857142857142
10-18 03:30,1484.2857142857142
10-18 03:45,1484.2857142857142
10-18 04:00,1484.2857142857142
10-18 04:15,1484.2857142857142
10-18 04:30,1484.2857142857142
10-18 04:45,1484.2857142857142
10-18 05:00,0.0
10-18 05:15,0.0
10-18 05:30,3068.6889522571432
10-18 05:45,0.0
10-18 06:00,9626.629925757145
10-18 06:15,2046.460979828572
10-18 06:30,11516.03939715714
10-18 06:45,10592.354509928571
10-18 07:00,7450.419447414286
10-18 07:15,6082.9931038
10-18 07:30,6930.742444585714
10-18 07:45,8262.6947684
10-18 08:00,4203.1197956000005
10-18 08:15,5093.360718828572
10-18 08:30,7477.161481242858
10-18 08:45,1011.226569914286
10-18 09:00,20502.27698442857
10-18 09:15,17753.190458571433
10-18 09:30,10161.918841085717
10-18 09:45,10005.38751592857
10-18 10:00,8599.690377557143
10-18 10:15,7111.496207642857
10-18 10:30,7446.770111257143
10-18 10:45,5145.706997828572
10-18 11:00,5683.601754071428
10-18 11:15,15328.319202
10-18 11:30,4569.030268608572
10-18 11:45,7162.9130510714285
10-18 12:00,16019.820116857143
10-18 12:15,14963.031762357145
10-18 12:30,6425.423692742857
10-18 12:45,20565.236542714283
10-18 13:00,19758.228151285715
10-18 13:15,12440.799916528573
10-18 13:30,10444.578579414285
10-18 13:45,8250.368650542858
10-18 14:00,7979.355579585714
10-18 14:15,6167.450787957144
10-18 14:30,11392.450200342855
10-18 14:45,10093.709784214285
10-18 15:00,10979.930443528572
10-18 15:15,17683.269384857143
10-18 15:30,9680.821396485711
10-18 15:45,20286.450581714285
10-18 16:00,22638.99884957143
10-18 16:15,2582.274328528572
10-18 16:30,8387.70332407143
10-18 16:45,3507.6179821285714
10-18 17:00,21293.049308142858
10-18 17:15,13511.919742285714
10-18 17:30,15245.736969714286
10-18 17:45,4974.113633414288
10-18 18:00,7195.202490214287
10-18 18:15,7702.407478342858
10-18 18:30,897.9393821285717
10-18 18:45,7952.814294085714
10-18 19:00,2023.9662109000003
10-18 19:15,0.0
10-18 19:30,809.7010835857144
10-18 19:45,0.0
10-18 20:00,3044.471995514285
10-18 20:15,4022.5383915142856
10-18 20:30,7453.905828185713
10-18 20:45,2143.64681424
10-18 21:00,0.0
10-18 21:15,2414.767548958529
10-18 21:30,0.0
10-18 21:45,0.0
10-18 22:00,1837.5301327628567
10-18 22:15,1484.2857142857142
10-18 22:30,5873.595688785714
10-18 22:45,9103.443705814285
10-18 23:00,3603.5960961285714
10-18 23:15,4195.1451127
10-18 23:30,1653.0499704028568
10-18 23:45,7853.527566028571
10-19 00:00,7986.531902442856
10-19 00:15,2982.571313057143
10-19 00:30,2311.4299470099995
10-19 00:45,5924.167368857143
10-19 01:00,1852.76950312
10-19 01:15,1484.2857142857142
10-19 01:30,4248.489454114285
10-19 01:45,1484.2857142857142
10-19 02:00,7262.3321477
10-19 02:15,1484.2857142857142
10-19 02:30,1484.2857142857142
10-19 02:45,2699.8061796928573
10-19 03:00,1484.2857142857142
10-19 03:15,1484.2857142857142
10-19 03:30,1925.0272624685715
10-19 03:45,2409.658490152857
10-19 04:00,1484.2857142857142
10-19 04:15,1484.2857142857142
10-19 04:30,1484.2857142857142
10-19 04:45,2126.2120674314287
10-19 05:00,1484.2857142857142
10-19 05:15,2108.4273943814287
10-19 05:30,1484.2857142857142
10-19 05:45,1927.6621996328568
10-19 06:00,7050.291344814286
10-19 06:15,1484.2857142857142
10-19 06:30,1484.2857142857142
10-19 06:45,1484.2857142857142
10-19 07:00,6447.971572071428
10-19 07:15,0.0
10-19 07:30,4686.776537557143
10-19 07:45,3321.1456685000003
10-19 08:00,3873.735886800001
10-19 08:15,0.0
10-19 08:30,2382.499090100001
10-19 08:45,0.0
10-19 09:00,8527.408736128573
10-19 09:15,8622.696496528572
10-19 09:30,11706.476406471427
10-19 09:45,15519.55233614286
10-19 10:00,9599.070466057145
10-19 10:15,8027.007613685715
10-19 10:30,6149.937943471428
10-19 10:45,6458.014172285715
10-19 11:00,3908.8826254285714
10-19 11:15,2322.9689968
10-19 11:30,5651.8880231428575
10-19 11:45,1349.9813583714288
10-19 12:00,10954.7483926
10-19 12:15,2870.6153859714286
10-19 12:30,6686.035551100001
10-19 12:45,816.9673605428574
10-19 13:00,11107.206675542857
10-19 13:15,3836.221979432894
10-19 13:30,12402.492243814286
10-19 13:45,10997.845896328572
10-19 14:00,5128.9415649428565
10-19 14:15,13323.527095457142
10-19 14:30,8196.861702842856
10-19 14:45,9884.563702785714
10-19 15:00,23462.84190885714
10-19 15:15,6449.763112257143
10-19 15:30,8057.339782457143
10-19 15:45,3285.537900328571
10-19 16:00,5217.539911571428
10-19 16:15,5114.547565785715
10-19 16:30,1002.8771591857142
10-19 16:45,11157.364587371429
10-19 17:00,484.5420985714287
10-19 17:15,479.1819595285714
10-19 17:30,4957.7402927
10-19 17:45,6739.027511985714
10-19 18:00,2045.431678628572
10-19 18:15,958.5980573
10-19 18:30,275.66832332857155
10-19 18:45,0.0
10-19 19:00,11575.95019547143
10-19 19:15,84.99482588571425
10-19 19:30,9365.811522985714
10-19 19:45,1941.3852595142853
10-19 20:00,0.0
10-19 20:15,5289.356569971429
10-19 20:30,4743.212235571429
10-19 20:45,0.0
10-19 21:00,191.4401796428573
10-19 21:15,48.40017248571447
10-19 21:30,0.0
10-19 21:45,0.0
10-19 22:00,2594.7834920271425
10-19 22:15,2140.848328202814
10-19 22:30,0.0
10-19 22:45,5019.866035757143
10-19 23:00,1484.2857142857142
10-19 23:15,1707.629682322857
10-19 23:30,2001.038700254286
10-19 23:45,8365.502394042856
10-20 00:00,3344.0034803142853
10-20 00:15,1484.2857142857142
10-20 00:30,1484.2857142857142
10-20 00:45,1484.2857142857142
10-20 01:00,1484.2857142857142
10-20 01:15,1484.2857142857142
10-20 01:30,1484.2857142857142
10-20 01:45,1484.2857142857142
10-20 02:00,2691.16156215
10-20 02:15,2367.350644041428
10-20 02:30,1484.2857142857142
10-20 02:45,1947.198746388572
10-20 03:00,1484.2857142857142
10-20 03:15,1484.2857142857142
10-20 03:30,1484.2857142857142
10-20 03:45,1484.2857142857142
10-20 04:00,2093.358639314286
10-20 04:15,6139.6444534
10-20 04:30,1484.2857142857142
10-20 04:45,1981.2802676185715
10-20 05:00,1484.2857142857142
10-20 05:15,1484.2857142857142
10-20 05:30,1484.2857142857142
10-20 05:45,1484.2857142857142
10-20 06:00,2732.760497537143
10-20 06:15,1484.2857142857142
10-20 06:30,2136.90367486
10-20 06:45,2476.272923542857
10-20 07:00,7260.727780385713
10-20 07:15,6246.397954385714
10-20 07:30,13178.5439738
10-20 07:45,14117.246354514284
10-20 08:00,1937.2936315857144
10-20 08:15,4486.666970228572
10-20 08:30,15128.43498914286
10-20 08:45,1840.7289726142856
10-20 09:00,327.8062805285715
10-20 09:15,1421.556941642857
10-20 09:30,7263.359602885714
10-20 09:45,1782.0425230285714
10-20 10:00,4623.439051371429
10-20 10:15,1486.0098699857142
10-20 10:30,11156.624424157144
10-20 10:45,21397.425093142858
10-20 11:00,20206.00141957143
10-20 11:15,19198.79425142857
10-20 11:30,2927.7420270000007
10-20 11:45,21852.80067014286
10-20 12:00,14315.272679042857
10-20 12:15,15849.337611428571
10-20 12:30,9690.52217065714
10-20 12:45,6443.963799100001
10-20 13:00,12980.077249814283
10-20 13:15,6058.020553028571
10-20 13:30,6192.376533328572
10-20 13:45,7367.824013128571
10-20 14:00,7093.243807042858
10-20 14:15,11917.136271657144
10-20 14:30,17566.950042999997
10-20 14:45,14798.301473814285
10-20 15:00,15242.122643428573
10-20 15:15,8176.776887342858
10-20 15:30,7185.537861342857
10-20 15:45,7870.2637514657135
10-20 16:00,11383.276019485716
10-20 16:15,8257.483965357142
10-20 16:30,6958.323724400001
10-20 16:45,9578.710271614284
10-20 17:00,3158.676909042857
10-20 17:15,5217.853119485715
10-20 17:30,2496.234351314286
10-20 17:45,3714.7210518714287
10-20 18:00,1642.9094872857145
10-20 18:15,2570.327905342857
10-20 18:30,8560.789377228572
10-20 18:45,2871.463872042857
10-20 19:00,6315.906181385714
10-20 19:15,0.0
10-20 19:30,1285.9444338714288
10-20 19:45,1335.3475888571431
10-20 20:00,7692.528739357143
10-20 20:15,0.0
10-20 20:30,0.0
10-20 20:45,2130.3849754857147
10-20 21:00,0.0
10-20 21:15,0.0
10-20 21:30,0.0
10-20 21:45,3858.688170857144
10-20 22:00,0.0
10-20 22:15,0.0
10-20 22:30,0.0
10-20 22:45,0.0
10-20 23:00,2044.4794966714285
10-20 23:15,1484.2857142857142
10-20 23:30,1484.2857142857142
10-20 23:45,1484.2857142857142
10-21 00:00,2056.0962322442856
10-21 00:15,1484.2857142857142
10-21 00:30,1484.2857142857142
10-21 00:45,1484.2857142857142
10-21 01:00,1484.2857142857142
10-21 01:15,1484.2857142857142
10-21 01:30,2025.656374608572
10-21 01:45,1484.2857142857142
10-21 02:00,1484.2857142857142
10-21 02:15,1484.2857142857142
10-21 02:30,1484.2857142857142
10-21 02:45,1484.2857142857142
10-21 03:00,1484.2857142857142
10-21 03:15,1484.2857142857142
10-21 03:30,1745.549901392857
10-21 03:45,2075.986001562857
10-21 04:00,2066.812450662857
10-21 04:15,8737.946568414285
10-21 04:30,2609.8065795042853
10-21 04:45,1484.2857142857142
10-21 05:00,0.0
10-21 05:15,6792.703043942858
10-21 05:30,913.0074735371428
10-21 05:45,0.0
10-21 06:00,0.0
10-21 06:15,2371.664853542857
10-21 06:30,970.4094982
10-21 06:45,6069.297746557144
10-21 07:00,7271.932915285714
10-21 07:15,2180.297324457143
10-21 07:30,2962.7685008714293
10-21 07:45,9971.012556057143
10-21 08:00,7485.997775957144
10-21 08:15,8928.219172357143
10-21 08:30,1410.3406914285715
10-21 08:45,9910.352139857145
10-21 09:00,7915.6399734000015
10-21 09:15,11946.170117028572
10-21 09:30,18826.568838714287
10-21 09:45,2239.863507371429
10-21 10:00,8756.293769700002
10-21 10:15,3220.446785942858
10-21 10:30,5571.334605028573
10-21 10:45,9032.684924442858
10-21 11:00,11293.477546654329
10-21 11:15,10633.734213014286
10-21 11:30,10203.474240214286
10-21 11:45,16240.976546285716
10-21 12:00,14549.0899999
10-21 12:15,4374.000263114285
10-21 12:30,7762.518602085714
10-21 12:45,5282.919596257143
10-21 13:00,9380.964434157142
10-21 13:15,9091.410887557142
10-21 13:30,5617.410994728572
10-21 13:45,2316.249597767143
10-21 14:00,8488.7764154
10-21 14:15,1091.7765754142858
10-21 14:30,2122.295255257144
10-21 14:45,6625.520218200001
10-21 15:00,2208.0830399000006
10-21 15:15,7300.548380228573
10-21 15:30,9002.323962257144
10-21 15:45,9670.834702642856
10-21 16:00,3075.666222557144
10-21 16:15,6356.856368728571
10-21 16:30,16391.283237000003
10-21 16:45,7274.396390300001
10-21 17:00,3770.563032128571
10-21 17:15,3968.134734285714
10-21 17:30,5505.864275914286
10-21 17:45,1694.288452614286
10-21 18:00,15340.029959428572
10-21 18:15,8392.919121657143
10-21 18:30,11850.518644714286
10-21 18:45,6034.474990114286
10-21 19:00,0.0
10-21 19:15,860.8351992428572
10-21 19:30,1574.4291475285715
10-21 19:45,0.0
10-21 20:00,10103.576743785714
10-21 20:15,4062.7652448428566
10-21 20:30,0.0
10-21 20:45,0.0
10-21 21:00,1914.949041032857
10-21 21:15,7703.619231185714
10-21 21:30,2973.7621303285714
10-21 21:45,1787.0586143814285
10-21 22:00,2100.506679515714
10-21 22:15,2863.2695170842853
10-21 22:30,1484.2857142857142
10-21 22:45,2214.2373193457142
10-21 23:00,2066.441477351428
10-21 23:15,2182.8036697671428
10-21 23:30,1484.2857142857142
10-21 23:45,2050.859279022857
10-22 00:00,1484.2857142857142
10-22 00:15,2641.132134832857
10-22 00:30,1484.2857142857142
10-22 00:45,1995.2476596471429
10-22 01:00,1484.2857142857142
10-22 01:15,2010.7676219871423
10-22 01:30,1484.2857142857142
10-22 01:45,1484.2857142857142
10-22 02:00,1484.2857142857142
10-22 02:15,1838.0637361257145
10-22 02:30,1484.2857142857142
10-22 02:45,1484.2857142857142
10-22 03:00,1484.2857142857142
10-22 03:15,1484.2857142857142
10-22 03:30,2155.263819085714
10-22 03:45,1484.2857142857142
10-22 04:00,1484.2857142857142
10-22 04:15,2276.1402954742857
10-22 04:30,2075.90297881
10-22 04:45,1913.9549590857143
10-22 05:00,0.0
10-22 05:15,0.0
10-22 05:30,0.0
10-22 05:45,0.0
10-22 06:00,3422.965840628572
10-22 06:15,12956.255966571429
10-22 06:30,861.2212935571431
10-22 06:45,11420.992904728571
10-22 07:00,10982.84160747143
10-22 07:15,3276.402975957142
10-22 07:30,6553.829567814287
10-22 07:45,1704.2880970714289
10-22 08:00,10692.803202928571
10-22 08:15,23663.434799
10-22 08:30,12521.20837047143
10-22 08:45,6317.95880347143
10-22 09:00,16319.098277142855
10-22 09:15,6266.043102257143
10-22 09:30,7819.100535057143
10-22 09:45,10685.976586571427
10-22 10:00,2383.2021411142864
10-22 10:15,10489.72292
10-22 10:30,15854.271397857145
10-22 10:45,5277.094259328571
10-22 11:00,6934.549987385715
10-22 11:15,13357.239893999998
10-22 11:30,3769.527995685714
10-22 11:45,584.6824230571428
10-22 12:00,11036.408770271428
10-22 12:15,8899.093609342857
10-22 12:30,8758.045747371429
10-22 12:45,3788.945497985715
10-22 13:00,6020.514288757143
10-22 13:15,13741.21564502857
10-22 13:30,18477.73304057143
10-22 13:45,8139.7310497285725
10-22 14:00,12265.222678057144
10-22 14:15,14597.65718947143
10-22 14:30,9242.227559971428
10-22 14:45,10632.29694787143
10-22 15:00,3552.1254837000006
10-22 15:15,3071.944174214286
10-22 15:30,6349.272376571428
10-22 15:45,8041.001477371429
10-22 16:00,8128.040716757145
10-22 16:15,12604.150913942858
10-22 16:30,7645.4045260428575
10-22 16:45,11147.587312814288
10-22 17:00,7874.353569014286
10-22 17:15,17433.87609214286
10-22 17:30,11220.083204914286
10-22 17:45,2657.3447173571426
10-22 18:00,19313.45329957143
10-22 18:15,7362.537599057143
10-22 18:30,13723.385008142855
10-22 18:45,17138.428050000002
10-22 19:00,0.0
10-22 19:15,1925.912883057143
10-22 19:30,1329.8150419428573
10-22 19:45,5391.140319971429
10-22 20:00,0.0
10-22 20:15,3715.952934671429
10-22 20:30,0.0
10-22 20:45,0.0
10-22 21:00,4099.647819000001
10-22 21:15,1484.2857142857142
10-22 21:30,6019.303288
10-22 21:45,2649.570450631428
10-22 22:00,5549.377308071428
10-22 22:15,3256.677963228572
10-22 22:30,2324.449628332857
10-22 22:45,2811.1739676642856
10-22 23:00,10509.586574614286
10-22 23:15,2011.9525957728567
10-22 23:30,2023.95902519
10-22 23:45,1484.2857142857142
10-23 00:00,2023.1030856414284
10-23 00:15,2088.7845762614284
10-23 00:30,1484.2857142857142
10-23 00:45,1484.2857142857142
10-23 01:00,1484.2857142857142
10-23 01:15,1484.2857142857142
10-23 01:30,1484.2857142857142
10-23 01:45,7227.916031914286
10-23 02:00,2300.888224857142
10-23 02:15,2153.5351027871425
10-23 02:30,1484.2857142857142
10-23 02:45,1484.2857142857142
10-23 03:00,1484.2857142857142
10-23 03:15,2159.664493174286
10-23 03:30,1484.2857142857142
10-23 03:45,2640.8701824985715
10-23 04:00,2010.1705433557145
10-23 04:15,1484.2857142857142
10-23 04:30,2022.0408545371429
10-23 04:45,2704.280842574285
10-23 05:00,5778.043202214287
10-23 05:15,3160.161358042857
10-23 05:30,2649.30114094
10-23 05:45,1782.810971537143
10-23 06:00,1565.6229369714283
10-23 06:15,958.0314396142858
10-23 06:30,9661.724167485716
10-23 06:45,9702.223862742858
10-23 07:00,5174.19946867143
10-23 07:15,13633.440217
10-23 07:30,13290.732301142858
10-23 07:45,9789.142863071427
10-23 08:00,15569.568947714286
10-23 08:15,10389.4199194
10-23 08:30,8611.973308428573
10-23 08:45,19064.113856142856
10-23 09:00,3490.836696114285
10-23 09:15,16017.99164371429
10-23 09:30,7780.501464114286
10-23 09:45,5599.2231449
10-23 10:00,0.0
10-23 10:15,0.0
10-23 10:30,3525.206532528572
10-23 10:45,3623.0759899428567
10-23 11:00,10669.588595457142
10-23 11:15,3352.9437136
10-23 11:30,8230.920950357144
10-23 11:45,2497.697122757143
10-23 12:00,6271.900128328572
10-23 12:15,10391.241640142856
10-23 12:30,10064.57863355714
10-23 12:45,4393.003261428571
10-23 13:00,11886.042622685714
10-23 13:15,7680.450241757143
10-23 13:30,3653.1969024428577
10-23 13:45,3461.8912447714283
10-23 14:00,10037.689836671429
10-23 14:15,23711.700781
10-23 14:30,2127.408292285716
10-23 14:45,10026.401929514286
10-23 15:00,6711.305352285714
10-23 15:15,7333.902397428572
10-23 15:30,11882.708283871429
10-23 15:45,4911.2896801000015
10-23 16:00,16959.936745428575
10-23 16:15,11477.708347328571
10-23 16:30,3277.091956471429
10-23 16:45,13047.772542285717
10-23 17:00,12226.690771085716
10-23 17:15,13051.006979000002
10-23 17:30,10365.110402200002
10-23 17:45,10252.905532885716
10-23 18:00,4858.349803285715
10-23 18:15,23315.83713642857
10-23 18:30,1387.5080138000003
10-23 18:45,9958.660492028572
10-23 19:00,4870.479488228571
10-23 19:15,373.9739958571429
10-23 19:30,601.1578520285716
10-23 19:45,81.17804359999997
10-23 20:00,5653.484650828572
10-23 20:15,2352.1101230214285
10-23 20:30,1689.9044860285717
10-23 20:45,6336.533310871429
10-23 21:00,2391.8400296014283
10-23 21:15,2937.164704942857
10-23 21:30,8615.361732871428
10-23 21:45,2565.069345585714
10-23 22:00,2319.008547228571
10-23 22:15,2769.875723551429
10-23 22:30,1484.2857142857142
10-23 22:45,13423.825163385713
10-23 23:00,1984.4261229071424
10-23 23:15,1484.2857142857142
10-23 23:30,1484.2857142857142
10-23 23:45,1484.2857142857142
10-24 00:00,1484.2857142857142
10-24 00:15,1484.2857142857142
10-24 00:30,1484.2857142857142
10-24 00:45,1484.2857142857142
10-24 01:00,1484.2857142857142
10-24 01:15,1484.2857142857142
10-24 01:30,1484.2857142857142
10-24 01:45,1484.2857142857142
10-24 02:00,1484.2857142857142
10-24 02:15,1484.2857142857142
10-24 02:30,1484.2857142857142
10-24 02:45,1484.2857142857142
10-24 03:00,1484.2857142857142
10-24 03:15,1484.2857142857142
10-24 03:30,1484.2857142857142
10-24 03:45,1484.2857142857142
10-24 04:00,7912.828404871429
10-24 04:15,1484.2857142857142
10-24 04:30,1950.6845794114288
10-24 04:45,2223.8329310714284
10-24 05:00,856.6775814285717
10-24 05:15,0.0
10-24 05:30,0.0
10-24 05:45,0.0
10-24 06:00,1199.8484586
10-24 06:15,1587.8699734571426
10-24 06:30,332.6640651571429
10-24 06:45,6980.979166285715
10-24 07:00,17259.740730714286
10-24 07:15,14054.827129142855
10-24 07:30,6725.583272042858
10-24 07:45,5784.699427171429
10-24 08:00,3510.279851828572
10-24 08:15,13592.723194571428
10-24 08:30,16411.118080571432
10-24 08:45,16852.511315
10-24 09:00,6876.527538214285
10-24 09:15,10775.854261842858
10-24 09:30,6741.545711128571
10-24 09:45,3338.847084085715
10-24 10:00,4241.232302857144
10-24 10:15,2533.868471271429
10-24 10:30,14881.28231714286
10-24 10:45,0.0
10-24 11:00,13363.440537714288
10-24 11:15,3854.366758614286
10-24 11:30,16403.15602328572
10-24 11:45,3184.0582162428573
10-24 12:00,9865.279894957142
10-24 12:15,0.0
10-24 12:30,8675.352724928573
10-24 12:45,880.7993170000002
10-24 13:00,11032.8267816
10-24 13:15,11141.173499685716
10-24 13:30,3194.388163842857
10-24 13:45,5874.172820257144
10-24 14:00,9054.411959157143
10-24 14:15,14677.266131257144
10-24 14:30,15104.840821342856
10-24 14:45,10225.971154085715
10-24 15:00,5050.410403595711
10-24 15:15,18619.933328857143
10-24 15:30,5646.723222471429
10-24 15:45,3699.363950985714
10-24 16:00,5578.610171257144
10-24 16:15,12099.85946434286
10-24 16:30,21464.450991
10-24 16:45,9899.090536557143
10-24 17:00,11491.451610171427
10-24 17:15,14233.021055142855
10-24 17:30,14308.730982714287
10-24 17:45,4696.5073666
10-24 18:00,0.0
10-24 18:15,975.7666321142858
10-24 18:30,6849.981340314286
10-24 18:45,4283.474832214286
10-24 19:00,4967.684014065715
10-24 19:15,0.0
10-24 19:30,1632.0498173857145
10-24 19:45,332.23114040571426
10-24 20:00,3412.918592028572
10-24 20:15,3088.997187085714
10-24 20:30,9889.564552414286
10-24 20:45,2476.8169560842853
10-24 21:00,1484.2857142857142
10-24 21:15,2939.747254414286
10-24 21:30,7887.929343728571
10-24 21:45,2173.867740362857
10-24 22:00,1971.71548372
10-24 22:15,1484.2857142857142
10-24 22:30,14132.511967342858
10-24 22:45,5104.1921314857145
10-24 23:00,1909.905855818572
10-24 23:15,2722.826034815714
10-24 23:30,1484.2857142857142
10-24 23:45,1484.2857142857142
10-25 00:00,1484.2857142857142
10-25 00:15,1484.2857142857142
10-25 00:30,1872.5627329514289
10-25 00:45,1484.2857142857142
10-25 01:00,1484.2857142857142
10-25 01:15,2217.4897906457145
10-25 01:30,1484.2857142857142
10-25 01:45,1484.2857142857142
10-25 02:00,2841.995173048572
10-25 02:15,2540.0110499714287
10-25 02:30,1945.004917195714
10-25 02:45,1917.6722877542857
10-25 03:00,1484.2857142857142
10-25 03:15,1484.2857142857142
10-25 03:30,1484.2857142857142
10-25 03:45,1484.2857142857142
10-25 04:00,1484.2857142857142
10-25 04:15,1484.2857142857142
10-25 04:30,1484.2857142857142
10-25 04:45,1484.2857142857142
10-25 05:00,0.0
10-25 05:15,0.0
10-25 05:30,0.0
10-25 05:45,0.0
10-25 06:00,12853.561055285714
10-25 06:15,10775.492436314284
10-25 06:30,1179.8800462428574
10-25 06:45,5309.817135657143
10-25 07:00,11749.925575742856
10-25 07:15,14246.537365571428
10-25 07:30,2739.729891428572
10-25 07:45,2653.730813471429
10-25 08:00,751.0957616000003
10-25 08:15,20693.82731814286
10-25 08:30,6661.771068842859
10-25 08:45,1527.9168222
10-25 09:00,8592.7788409
10-25 09:15,5418.842338328572
10-25 09:30,5101.084887057143
10-25 09:45,3846.1109103428576
10-25 10:00,664.3419541571429
10-25 10:15,9592.788825757145
10-25 10:30,19554.387765
10-25 10:45,9975.101007285715
10-25 11:00,23801.82960042857
10-25 11:15,17082.954737714284
10-25 11:30,3016.387357585714
10-25 11:45,2449.8485810314387
10-25 12:00,18447.837027
10-25 12:15,11753.103826457143
10-25 12:30,15632.008347142855
10-25 12:45,18566.76711742857
10-25 13:00,16665.747297142858
10-25 13:15,6277.120735828571
10-25 13:30,11743.274587514286
10-25 13:45,5217.704790642857
10-25 14:00,15422.916530985713
10-25 14:15,6064.637501657144
10-25 14:30,14858.833436385716
10-25 14:45,12540.6212817
10-25 15:00,3348.835790242857
10-25 15:15,10979.367522028571
10-25 15:30,11871.767755242858
10-25 15:45,20621.54009828572
10-25 16:00,4845.772027042858
10-25 16:15,2577.9703234000003
10-25 16:30,10723.6512478
10-25 16:45,3555.4456894142854
10-25 17:00,8645.548163285715
10-25 17:15,1933.5357302000004
10-25 17:30,2792.5881436
10-25 17:45,3331.259343785715
10-25 18:00,11101.491407985714
10-25 18:15,2237.449016728572
10-25 18:30,4534.714689314285
10-25 18:45,8345.018519614287
10-25 19:00,11330.3612361
10-25 19:15,0.0
10-25 19:30,4730.981001885714
10-25 19:45,6743.3325628
10-25 20:00,2795.507395118572
10-25 20:15,797.3270569714285
10-25 20:30,1847.5126925428567
10-25 20:45,1720.5773695428572
10-25 21:00,4381.081214314286
10-25 21:15,2535.3122821299994
10-25 21:30,3764.0356975857135
10-25 21:45,0.0
10-25 22:00,2731.45813777
10-25 22:15,2347.606714881429
10-25 22:30,0.0
10-25 22:45,716.7903055428573
10-25 23:00,6207.214239771428
10-25 23:15,6122.7079237
10-25 23:30,5627.5228054
10-25 23:45,1451.742067157143
10-26 00:00,8570.781177542856
10-26 00:15,2538.328454252857
10-26 00:30,8254.382598185714
10-26 00:45,4225.0209964
10-26 01:00,2071.89499697
10-26 01:15,6481.005516100001
10-26 01:30,2221.072116352857
10-26 01:45,1753.445160121429
10-26 02:00,2427.1900516657142
10-26 02:15,2876.55556737
10-26 02:30,2440.5477282914285
10-26 02:45,5476.6170539
10-26 03:00,2074.76878384
10-26 03:15,1484.2857142857142
10-26 03:30,1484.2857142857142
10-26 03:45,1484.2857142857142
10-26 04:00,1484.2857142857142
10-26 04:15,1484.2857142857142
10-26 04:30,1484.2857142857142
10-26 04:45,2073.9124907114283
10-26 05:00,2177.012775487143
10-26 05:15,1484.2857142857142
10-26 05:30,1484.2857142857142
10-26 05:45,1484.2857142857142
10-26 06:00,0.0
10-26 06:15,0.0
10-26 06:30,0.0
10-26 06:45,0.0
10-26 07:00,3503.450709085715
10-26 07:15,12290.5140559
10-26 07:30,0.0
10-26 07:45,0.0
10-26 08:00,4458.369969314286
10-26 08:15,6620.825190628571
10-26 08:30,0.0
10-26 08:45,90.675817457143
10-26 09:00,13508.174903714284
10-26 09:15,2498.997545957144
10-26 09:30,5808.333296385715
10-26 09:45,6761.604195257143
10-26 10:00,11220.9045885
10-26 10:15,14769.875052342855
10-26 10:30,19682.490429571422
10-26 10:45,6322.986910514286
10-26 11:00,12944.279298371428
10-26 11:15,19947.03073114285
10-26 11:30,6757.979668728572
10-26 11:45,19065.567694
10-26 12:00,8489.04091382857
10-26 12:15,23097.941559000003
10-26 12:30,12088.307339057144
10-26 12:45,4037.5630167142863
10-26 13:00,4806.221514542858
10-26 13:15,19126.70493814286
10-26 13:30,4276.501021657143
10-26 13:45,8985.169320228571
10-26 14:00,8055.154696742857
10-26 14:15,7273.905999214285
10-26 14:30,6979.150745957143
10-26 14:45,6068.731367285714
10-26 15:00,6775.242186314287
10-26 15:15,5593.986743914286
10-26 15:30,12020.838391571431
10-26 15:45,7304.944956800001
10-26 16:00,2698.848526942857
10-26 16:15,0.0
10-26 16:30,14950.495419571427
10-26 16:45,5630.296046842857
10-26 17:00,12814.60446
10-26 17:15,11515.084019057143
10-26 17:30,6877.924195085715
10-26 17:45,9931.887551585716
10-26 18:00,2702.168241485715
10-26 18:15,0.0
10-26 18:30,977.522796914286
10-26 18:45,0.0
10-26 19:00,581.7973630714285
10-26 19:15,6277.145052142858
10-26 19:30,7288.686882042858
10-26 19:45,535.0704786142857
10-26 20:00,0.0
10-26 20:15,0.0
10-26 20:30,310.91356247142875
10-26 20:45,1170.4891900857144
10-26 21:00,3643.392144085715
10-26 21:15,4116.26121512857
10-26 21:30,0.0
10-26 21:45,607.9425040285716
10-26 22:00,6702.343666000001
10-26 22:15,3062.641692471428
10-26 22:30,2117.7529549014284
10-26 22:45,2195.4398156214284
10-26 23:00,1484.2857142857142
10-26 23:15,1484.2857142857142
10-26 23:30,2073.7750296514287
10-26 23:45,1855.7310595257145
10-27 00:00,1484.2857142857142
10-27 00:15,2032.69993515
10-27 00:30,1484.2857142857142
10-27 00:45,1484.2857142857142
10-27 01:00,1484.2857142857142
10-27 01:15,1484.2857142857142
10-27 01:30,1484.2857142857142
10-27 01:45,1484.2857142857142
10-27 02:00,1484.2857142857142
10-27 02:15,6751.733885957142
10-27 02:30,1484.2857142857142
10-27 02:45,2118.207051214285
10-27 03:00,1859.159596182857
10-27 03:15,1484.2857142857142
10-27 03:30,2028.345159902857
10-27 03:45,1484.2857142857142
10-27 04:00,1484.2857142857142
10-27 04:15,1484.2857142857142
10-27 04:30,7214.499278971428
10-27 04:45,1952.3524743542853
10-27 05:00,1484.2857142857142
10-27 05:15,1484.2857142857142
10-27 05:30,1484.2857142857142
10-27 05:45,1484.2857142857142
10-27 06:00,679.4615570942345
10-27 06:15,0.0
10-27 06:30,0.0
10-27 06:45,5632.285738374284
10-27 07:00,0.0
10-27 07:15,0.0
10-27 07:30,106.19997628571242
10-27 07:45,3342.4523369714284
10-27 08:00,1207.1680002285716
10-27 08:15,5043.182681600001
10-27 08:30,2690.0341293714287
10-27 08:45,0.0
10-27 09:00,7273.527386199999
10-27 09:15,17523.599916714287
10-27 09:30,9826.992667228573
10-27 09:45,11136.490033485716
10-27 10:00,3352.699088285714
10-27 10:15,9099.959526014289
10-27 10:30,5360.345483
10-27 10:45,9863.627385299998
10-27 11:00,4834.374329614286
10-27 11:15,19085.184975714288
10-27 11:30,15557.360843714285
10-27 11:45,21868.14961228572
10-27 12:00,16597.60798528571
10-27 12:15,18329.022324920003
10-27 12:30,17680.430857714284
10-27 12:45,24633.280836
10-27 13:00,14106.338093342856
10-27 13:15,6424.8341878
10-27 13:30,13124.823691985714
10-27 13:45,11391.160716028571
10-27 14:00,11999.057429771428
10-27 14:15,12914.093168128573
10-27 14:30,22174.78624785714
10-27 14:45,11382.148087742857
10-27 15:00,6823.726553757143
10-27 15:15,19173.968418
10-27 15:30,9818.886347257145
10-27 15:45,2531.455627528572
10-27 16:00,10337.96097667143
10-27 16:15,7055.105669214286
10-27 16:30,9474.435435285715
10-27 16:45,7457.152509685715
10-27 17:00,18802.522906
10-27 17:15,18554.344754
10-27 17:30,1429.020627414286
10-27 17:45,16545.24490442857
10-27 18:00,8693.337533571428
10-27 18:15,5668.912636271429
10-27 18:30,9804.863935928572
10-27 18:45,9424.409409285716
10-27 19:00,952.4851330428572
10-27 19:15,3376.269867642857
10-27 19:30,1362.6578353
10-27 19:45,0.0
10-27 20:00,128.41214464285736
10-27 20:15,5026.223747599999
10-27 20:30,57.9341126571431
10-27 20:45,5959.243624900001
10-27 21:00,0.0
10-27 21:15,0.0
10-27 21:30,0.0
10-27 21:45,0.0
10-27 22:00,536.3996792457159
10-27 22:15,1484.2857142857142
10-27 22:30,241.5937869714286
10-27 22:45,0.0
10-27 23:00,1484.2857142857142
10-27 23:15,1812.7495594285715
10-27 23:30,1667.6805830485712
10-27 23:45,1484.2857142857142
10-28 00:00,2010.8717452371425
10-28 00:15,1912.5917628428567
10-28 00:30,2056.439204087143
10-28 00:45,2057.5230800742856
10-28 01:00,1484.2857142857142
10-28 01:15,2330.932860368572
10-28 01:30,1484.2857142857142
10-28 01:45,1484.2857142857142
10-28 02:00,1484.2857142857142
10-28 02:15,1484.2857142857142
10-28 02:30,2181.3747258471426
10-28 02:45,1484.2857142857142
10-28 03:00,1484.2857142857142
10-28 03:15,2145.939183387143
10-28 03:30,1484.2857142857142
10-28 03:45,1971.4268103128568
10-28 04:00,1484.2857142857142
10-28 04:15,1484.2857142857142
10-28 04:30,1484.2857142857142
10-28 04:45,2105.465402998572
10-28 05:00,1074.91576503
10-28 05:15,563.4371290142859
10-28 05:30,1697.117314707143
10-28 05:45,0.0
10-28 06:00,1694.0066371142857
10-28 06:15,11798.25948837143
10-28 06:30,13606.689302285717
10-28 06:45,7751.497732757141
10-28 07:00,15032.136152857143
10-28 07:15,6582.512962257144
10-28 07:30,2426.955413285715
10-28 07:45,18372.123162857144
10-28 08:00,4666.1819226285725
10-28 08:15,5929.374092085714
10-28 08:30,11847.285969214288
10-28 08:45,5184.234397071429
10-28 09:00,9370.862239428572
10-28 09:15,9489.911240314286
10-28 09:30,18385.114234
10-28 09:45,11885.687330957144
10-28 10:00,2401.697003228572
10-28 10:15,6198.691612185716
10-28 10:30,1294.8789136
10-28 10:45,3615.299219372853
10-28 11:00,6217.989835228572
10-28 11:15,4696.756593842857
10-28 11:30,12528.167762857143
10-28 11:45,6009.405131614287
10-28 12:00,4639.752251428571
10-28 12:15,7955.952049842856
10-28 12:30,10572.961023328571
10-28 12:45,3886.35054932857
10-28 13:00,5548.821602842858
10-28 13:15,12370.640746957144
10-28 13:30,311.36396095714315
10-28 13:45,8416.963653242858
10-28 14:00,2733.4356479142857
10-28 14:15,3192.436203128571
10-28 14:30,2344.798093214286
10-28 14:45,5464.855419514286
10-28 15:00,2511.747952871429
10-28 15:15,2994.5484990000004
10-28 15:30,1840.834461228572
10-28 15:45,15380.877912285716
10-28 16:00,12620.994075714289
10-28 16:15,7043.121645257143
10-28 16:30,22027.54195242857
10-28 16:45,16297.511346857144
10-28 17:00,3276.2685876000005
10-28 17:15,19470.32807414286
10-28 17:30,13511.506649428571
10-28 17:45,15616.352478428573
10-28 18:00,6385.323347385715
10-28 18:15,2821.4524143857143
10-28 18:30,6269.747631828573
10-28 18:45,14006.377823285711
10-28 19:00,1054.751331014286
10-28 19:15,0.0
10-28 19:30,4049.959920285715
10-28 19:45,1997.919043728572
10-28 20:00,0.0
10-28 20:15,2989.906510014286
10-28 20:30,0.0
10-28 20:45,0.0
10-28 21:00,2441.64871582
10-28 21:15,5210.5660422857145
10-28 21:30,2472.810695111428
10-28 21:45,1900.6008076428568
10-28 22:00,1484.2857142857142
10-28 22:15,2626.703804985714
10-28 22:30,2450.3000808928573
10-28 22:45,2438.017473554285
10-28 23:00,1484.2857142857142
10-28 23:15,1998.9852120771427
10-28 23:30,1799.34396037
10-28 23:45,2203.323635328571
10-29 00:00,1888.560089185714
10-29 00:15,1484.2857142857142
10-29 00:30,1484.2857142857142
10-29 00:45,1484.2857142857142
10-29 01:00,1948.832921467143
10-29 01:15,2265.143436115714
10-29 01:30,1484.2857142857142
10-29 01:45,1484.2857142857142
10-29 02:00,4488.743017385714
10-29 02:15,1484.2857142857142
10-29 02:30,1484.2857142857142
10-29 02:45,1484.2857142857142
10-29 03:00,1887.081504205714
10-29 03:15,1484.2857142857142
10-29 03:30,1484.2857142857142
10-29 03:45,1977.69726665
10-29 04:00,2255.429414277143
10-29 04:15,1484.2857142857142
10-29 04:30,5172.929701214286
10-29 04:45,1484.2857142857142
10-29 05:00,1484.2857142857142
10-29 05:15,8063.041953042857
10-29 05:30,3071.913770342857
10-29 05:45,3217.9403746
10-29 06:00,2764.499544157143
10-29 06:15,12972.300925285715
10-29 06:30,10995.5286014
10-29 06:45,9403.682470742857
10-29 07:00,12024.072112671429
10-29 07:15,3166.4943801428576
10-29 07:30,1672.3934229571432
10-29 07:45,6192.641245285715
10-29 08:00,8018.349240600001
10-29 08:15,6487.5618794
10-29 08:30,5147.100197428571
10-29 08:45,10293.2412699
10-29 09:00,22641.806615857146
10-29 09:15,3294.5821944714294
10-29 09:30,12743.533591385714
10-29 09:45,5565.995494585715
10-29 10:00,0.0
10-29 10:15,2843.8003877714286
10-29 10:30,7342.804231242858
10-29 10:45,1152.9843246285714
10-29 11:00,8041.459170797182
10-29 11:15,3740.464318428571
10-29 11:30,16200.624007142856
10-29 11:45,7548.394785685714
10-29 12:00,5561.252104557143
10-29 12:15,13527.603008642856
10-29 12:30,10725.3179924
10-29 12:45,4425.641595257142
10-29 13:00,11985.416363314289
10-29 13:15,13455.7603059
10-29 13:30,10040.393819342857
10-29 13:45,3123.678746557143
10-29 14:00,8889.670552828573
10-29 14:15,6420.377571857143
10-29 14:30,1672.235020214286
10-29 14:45,13559.173037857145
10-29 15:00,1506.9161776714288
10-29 15:15,11393.8261947
10-29 15:30,12893.320695428572
10-29 15:45,2750.082776985714
10-29 16:00,9503.311088257144
10-29 16:15,2676.240431357143
10-29 16:30,9642.375087314287
10-29 16:45,13746.808682
10-29 17:00,10483.8072406
10-29 17:15,2763.911962742857
10-29 17:30,13458.400576142858
10-29 17:45,2590.6024099571428
10-29 18:00,3790.197243771429
10-29 18:15,3370.549900857144
10-29 18:30,11597.504017857142
10-29 18:45,5032.22033947143
10-29 19:00,0.0
10-29 19:15,0.0
10-29 19:30,313.30754711428574
10-29 19:45,67.20227311428596
10-29 20:00,6727.290596214287
10-29 20:15,40.87818111428586
10-29 20:30,0.0
10-29 20:45,4226.494803271428
10-29 21:00,3088.8617653571428
10-29 21:15,1484.2857142857142
10-29 21:30,2132.05584165
10-29 21:45,3727.679396328571
10-29 22:00,1484.2857142857142
10-29 22:15,1937.4362307528568
10-29 22:30,5928.539917842857
10-29 22:45,6190.236653757142
10-29 23:00,1484.2857142857142
10-29 23:15,1484.2857142857142
10-29 23:30,1484.2857142857142
10-29 23:45,7862.483860571428
10-30 00:00,1484.2857142857142
10-30 00:15,1484.2857142857142
10-30 00:30,1977.3488011357144
10-30 00:45,1484.2857142857142
10-30 01:00,1484.2857142857142
10-30 01:15,1484.2857142857142
10-30 01:30,1484.2857142857142
10-30 01:45,1484.2857142857142
10-30 02:00,1484.2857142857142
10-30 02:15,2080.243717351428
10-30 02:30,1484.2857142857142
10-30 02:45,1484.2857142857142
10-30 03:00,1786.065679035714
10-30 03:15,1974.8014305442853
10-30 03:30,2737.1134605214284
10-30 03:45,2104.872752584285
10-30 04:00,2144.8946644314283
10-30 04:15,8116.536648414286
10-30 04:30,1965.5847806742856
10-30 04:45,1484.2857142857142
10-30 05:00,5536.645616957143
10-30 05:15,1484.2857142857142
10-30 05:30,1856.0339488171423
10-30 05:45,9756.010457
10-30 06:00,729.4242224285297
10-30 06:15,7809.781461585714
10-30 06:30,7011.982329085715
10-30 06:45,3334.575387157144
10-30 07:00,13302.794670571428
10-30 07:15,8598.23540777143
10-30 07:30,5487.841387828572
10-30 07:45,9557.605396457144
10-30 08:00,15152.806235285714
10-30 08:15,6703.946729928572
10-30 08:30,9998.288468257144
10-30 08:45,1557.6326901000002
10-30 09:00,2795.676358357144
10-30 09:15,4830.315432128573
10-30 09:30,9775.894450057143
10-30 09:45,12464.053281328572
10-30 10:00,3867.068865228571
10-30 10:15,7820.893058842858
10-30 10:30,724.6173879428574
10-30 10:45,8199.496678542857
10-30 11:00,3690.710910208612
10-30 11:15,4859.707262528573
10-30 11:30,2280.761482314286
10-30 11:45,8271.36189232857
10-30 12:00,7271.750824957144
10-30 12:15,3437.412579028572
10-30 12:30,2993.5064518000004
10-30 12:45,4228.141128557143
10-30 13:00,10388.076028185716
10-30 13:15,9335.707831314285
10-30 13:30,5802.992021785714
10-30 13:45,5750.678416371428
10-30 14:00,8942.798901342858
10-30 14:15,2176.073877528572
10-30 14:30,19207.451987000004
10-30 14:45,5947.223454542857
10-30 15:00,5977.144165957144
10-30 15:15,1547.240677842857
10-30 15:30,9682.382995014286
10-30 15:45,18746.319898142858
10-30 16:00,7792.541463585716
10-30 16:15,19112.26728114286
10-30 16:30,21381.845188
10-30 16:45,6637.756957171429
10-30 17:00,12717.830458271428
10-30 17:15,11522.803873085715
10-30 17:30,15918.205372428572
10-30 17:45,12226.115733500004
10-30 18:00,3298.178699185715
10-30 18:15,10997.191142028572
10-30 18:30,6062.909056628571
10-30 18:45,12957.678677285718
10-30 19:00,402.2332520285715
10-30 19:15,6881.6512914
10-30 19:30,876.1343201000001
10-30 19:45,1435.0589075428577
10-30 20:00,2610.5528138857144
10-30 20:15,0.0
10-30 20:30,0.0
10-30 20:45,8023.241812985715
10-30 21:00,7301.830856328572
10-30 21:15,7022.0617102
10-30 21:30,0.0
10-30 21:45,0.0
10-30 22:00,1429.4141723528571
10-30 22:15,0.0
10-30 22:30,0.0
10-30 22:45,482.26896201428855
10-30 23:00,1484.2857142857142
10-30 23:15,1484.2857142857142
10-30 23:30,2058.5806371428566
10-30 23:45,1484.2857142857142
10-31 00:00,1484.2857142857142
10-31 00:15,1484.2857142857142
10-31 00:30,1484.2857142857142
10-31 00:45,1484.2857142857142
10-31 01:00,1484.2857142857142
10-31 01:15,1484.2857142857142
10-31 01:30,2101.1776925257145
10-31 01:45,1484.2857142857142
10-31 02:00,1484.2857142857142
10-31 02:15,1484.2857142857142
10-31 02:30,1484.2857142857142
10-31 02:45,1484.2857142857142
10-31 03:00,1889.2524735685715
10-31 03:15,2535.190987642857
10-31 03:30,1484.2857142857142
10-31 03:45,1484.2857142857142
10-31 04:00,1484.2857142857142
10-31 04:15,2140.2133831
10-31 04:30,1484.2857142857142
10-31 04:45,1484.2857142857142
10-31 05:00,1484.2857142857142
10-31 05:15,7677.679295314286
10-31 05:30,1484.2857142857142
10-31 05:45,3030.9055072285714
10-31 06:00,0.0
10-31 06:15,6122.119921228572
10-31 06:30,6794.4415275857145
10-31 06:45,0.0
10-31 07:00,6577.668447271429
10-31 07:15,4171.613666014287
10-31 07:30,6203.198607157144
10-31 07:45,15914.381979142858
10-31 08:00,12899.896225714288
10-31 08:15,11297.177852142857
10-31 08:30,15251.64919314286
10-31 08:45,1795.4936493428572
10-31 09:00,2707.782211414286
10-31 09:15,1763.3440153857148
10-31 09:30,7577.561092342858
10-31 09:45,3244.822154957143
10-31 10:00,14514.544670585714
10-31 10:15,4770.9449963
10-31 10:30,2600.346446671428
10-31 10:45,2402.534279574286
10-31 11:00,8405.864652085715
10-31 11:15,4463.002311071428
10-31 11:30,16813.122351
10-31 11:45,14081.581603385715
10-31 12:00,7075.581141042857
10-31 12:15,3802.151240628572
10-31 12:30,4589.978713928572
10-31 12:45,8829.377099928572
10-31 13:00,10764.117772157142
10-31 13:15,9097.6358037
10-31 13:30,2640.0435572114284
10-31 13:45,3894.189800914286
10-31 14:00,3354.4898249857147
10-31 14:15,651.7505077
10-31 14:30,5035.386763857144
10-31 14:45,8688.880255828572
10-31 15:00,15599.66118
10-31 15:15,3169.365568357143
10-31 15:30,1931.4439666714288
10-31 15:45,8684.958477885715
10-31 16:00,15950.587872714286
10-31 16:15,8567.773552300001
10-31 16:30,17942.65404342857
10-31 16:45,13018.050074857145
10-31 17:00,6057.450263400001
10-31 17:15,9316.316164914288
10-31 17:30,1879.1328152857147
10-31 17:45,16272.204130000002
10-31 18:00,8079.942607528572
10-31 18:15,2980.7585755000005
10-31 18:30,0.0
10-31 18:45,6490.367230785715
10-31 19:00,0.0
10-31 19:15,314.063443157143
10-31 19:30,0.0
10-31 19:45,743.8951250428571
10-31 20:00,0.0
10-31 20:15,0.0
10-31 20:30,0.0
10-31 20:45,0.0
10-31 21:00,2723.576025142857
10-31 21:15,0.0
10-31 21:30,4876.016289585715
10-31 21:45,3989.974612485714
10-31 22:00,1181.957747911429
10-31 22:15,0.0
10-31 22:30,1978.4327311942848
10-31 22:45,3887.575372042858
10-31 23:00,448.0724789585714
10-31 23:15,0.0
10-31 23:30,0.0
10-31 23:45,1007.8864323742856
11-01 00:00,0.0
11-01 00:15,800.8893611300001
11-01 00:30,0.0
11-01 00:45,0.0
11-01 01:00,0.0
11-01 01:15,0.0
11-01 01:30,0.0
11-01 01:45,0.0
11-01 02:00,5282.5291784142855
11-01 02:15,1484.2857142857142
11-01 02:30,2000.7635894471427
11-01 02:45,1484.2857142857142
11-01 03:00,1484.2857142857142
11-01 03:15,1484.2857142857142
11-01 03:30,1484.2857142857142
11-01 03:45,1484.2857142857142
11-01 04:00,1484.2857142857142
11-01 04:15,1484.2857142857142
11-01 04:30,1484.2857142857142
11-01 04:45,1484.2857142857142
11-01 05:00,2080.0833168485715
11-01 05:15,1484.2857142857142
11-01 05:30,2602.4869166771427
11-01 05:45,1749.779051222857
11-01 06:00,15150.1498213
11-01 06:15,4846.427349028571
11-01 06:30,11108.2254625
11-01 06:45,9053.492085585713
11-01 07:00,5632.819496257142
11-01 07:15,6786.248802042857
11-01 07:30,4828.704611757143
11-01 07:45,12803.961742800002
11-01 08:00,14328.570225428572
11-01 08:15,4829.393534242858
11-01 08:30,2061.5464934142856
11-01 08:45,6482.85907607143
11-01 09:00,3413.121878985714
11-01 09:15,7754.839845271428
11-01 09:30,8605.986970357144
11-01 09:45,3380.711469942857
11-01 10:00,3787.4663876285695
11-01 10:15,1837.9930883142856
11-01 10:30,9785.194813585716
11-01 10:45,1374.262947942857
11-01 11:00,2791.236358014286
11-01 11:15,8530.883308085717
11-01 11:30,8239.389238614287
11-01 11:45,2509.6962379
11-01 12:00,1997.9270186714289
11-01 12:15,2133.523187385714
11-01 12:30,11828.912118771428
11-01 12:45,10997.6199411
11-01 13:00,12480.726593414289
11-01 13:15,7677.129852142858
11-01 13:30,21019.12645528572
11-01 13:45,7304.510953414287
11-01 14:00,6054.8982177
11-01 14:15,6323.773861985714
11-01 14:30,12471.270700957144
11-01 14:45,8438.056154542857
11-01 15:00,12262.5367905
11-01 15:15,9156.116024157143
11-01 15:30,10385.851034685717
11-01 15:45,18405.28937214285
11-01 16:00,12772.287364757143
11-01 16:15,17966.555901857144
11-01 16:30,11660.934025528572
11-01 16:45,20967.867815857146
11-01 17:00,4188.547856771429
11-01 17:15,10579.892147914286
11-01 17:30,9877.646592600002
11-01 17:45,937.067411314286
11-01 18:00,282.17215791428566
11-01 18:15,4614.664156400001
11-01 18:30,9382.940955657145
11-01 18:45,4577.064478714286
11-01 19:00,706.7671542571429
11-01 19:15,0.0
11-01 19:30,0.0
11-01 19:45,3285.3499697714283
11-01 20:00,7224.38463531857
11-01 20:15,3552.962070371429
11-01 20:30,6217.393156414287
11-01 20:45,1833.6378843
11-01 21:00,3009.6365734857145
11-01 21:15,3486.508386457143
11-01 21:30,1484.2857142857142
11-01 21:45,1633.3641703
11-01 22:00,4870.907906600001
11-01 22:15,840.7018990285715
11-01 22:30,4627.402340785715
11-01 22:45,0.0
11-01 23:00,7015.817830285714
11-01 23:15,2201.315042645714
11-01 23:30,1929.2145883642856
11-01 23:45,2673.410526895714
11-02 00:00,1484.2857142857142
11-02 00:15,1484.2857142857142
11-02 00:30,8013.953971742856
11-02 00:45,2021.3852746528569
11-02 01:00,1484.2857142857142
11-02 01:15,1819.1541554257144
11-02 01:30,1484.2857142857142
11-02 01:45,1484.2857142857142
11-02 02:00,5785.8837868
11-02 02:15,5956.039542957143
11-02 02:30,1484.2857142857142
11-02 02:45,1975.686391055714
11-02 03:00,1484.2857142857142
11-02 03:15,1484.2857142857142
11-02 03:30,1484.2857142857142
11-02 03:45,1484.2857142857142
11-02 04:00,2880.039416964286
11-02 04:15,1857.248230872857
11-02 04:30,1965.0150565514284
11-02 04:45,2035.4876302442856
11-02 05:00,1939.476030168572
11-02 05:15,1484.2857142857142
11-02 05:30,1484.2857142857142
11-02 05:45,1884.4935999014283
11-02 06:00,2911.28361188
11-02 06:15,2047.6149035371427
11-02 06:30,6960.178414985715
11-02 06:45,8421.656924885714
11-02 07:00,3058.475996828571
11-02 07:15,5214.5617038857135
11-02 07:30,4003.937569528572
11-02 07:45,9280.094348685716
11-02 08:00,14377.77559014286
11-02 08:15,3239.381540172857
11-02 08:30,7959.753430057142
11-02 08:45,6993.762648557143
11-02 09:00,981.5866718285716
11-02 09:15,8731.7995881
11-02 09:30,2646.394016957143
11-02 09:45,17543.323879857144
11-02 10:00,8674.97715557143
11-02 10:15,7050.4611571000005
11-02 10:30,2831.182001214286
11-02 10:45,2549.1413304142857
11-02 11:00,5368.849719657143
11-02 11:15,3339.431169271429
11-02 11:30,2829.491229657143
11-02 11:45,5539.689645457143
11-02 12:00,15105.432781285715
11-02 12:15,11419.122619357144
11-02 12:30,6360.064167285715
11-02 12:45,4347.307893928572
11-02 13:00,11922.232274871429
11-02 13:15,5546.680999357143
11-02 13:30,15130.184388757143
11-02 13:45,12447.507931185715
11-02 14:00,12505.50873522857
11-02 14:15,12174.706154414289
11-02 14:30,9491.469109314286
11-02 14:45,8337.1385221
11-02 15:00,6291.363701885715
11-02 15:15,6740.762280314287
11-02 15:30,8168.021284785715
11-02 15:45,12303.486280100002
11-02 16:00,8106.369141485715
11-02 16:15,582.7473519285717
11-02 16:30,0.0
11-02 16:45,7121.087527142859
11-02 17:00,5858.5406493
11-02 17:15,1302.3195363142856
11-02 17:30,892.7974986428572
11-02 17:45,3202.306610242857
11-02 18:00,2579.974385
11-02 18:15,4572.455203614286
11-02 18:30,0.0
11-02 18:45,5822.332845057143
11-02 19:00,7856.8725761
11-02 19:15,0.0
11-02 19:30,5669.504726728573
11-02 19:45,5454.780749828571
11-02 20:00,1616.1274688000003
11-02 20:15,2030.4096517142857
11-02 20:30,0.0
11-02 20:45,2543.8905080142854
11-02 21:00,492.5612335571431
11-02 21:15,45.35923760000004
11-02 21:30,0.0
11-02 21:45,2837.1492514
11-02 22:00,0.0
11-02 22:15,2855.604693542857
11-02 22:30,0.0
11-02 22:45,5835.805181428573
11-02 23:00,2662.1713811313857
11-02 23:15,3387.1746462
11-02 23:30,3977.256915771428
11-02 23:45,0.0
11-03 00:00,1484.2857142857142
11-03 00:15,1484.2857142857142
11-03 00:30,1484.2857142857142
11-03 00:45,2112.5052620428573
11-03 01:00,1484.2857142857142
11-03 01:15,1484.2857142857142
11-03 01:30,1484.2857142857142
11-03 01:45,1484.2857142857142
11-03 02:00,1484.2857142857142
11-03 02:15,1810.8392935814284
11-03 02:30,1484.2857142857142
11-03 02:45,1484.2857142857142
11-03 03:00,1484.2857142857142
11-03 03:15,1484.2857142857142
11-03 03:30,1984.7627116871429
11-03 03:45,1484.2857142857142
11-03 04:00,1484.2857142857142
11-03 04:15,1484.2857142857142
11-03 04:30,1484.2857142857142
11-03 04:45,1954.9423029728573
11-03 05:00,1484.2857142857142
11-03 05:15,1484.2857142857142
11-03 05:30,1484.2857142857142
11-03 05:45,1484.2857142857142
11-03 06:00,1763.5802588399995
11-03 06:15,2086.8831916799995
11-03 06:30,2229.8003664271428
11-03 06:45,2122.683637282857
11-03 07:00,2682.145160232857
11-03 07:15,3921.5731383571424
11-03 07:30,7487.360855885713
11-03 07:45,7936.809921014285
11-03 08:00,2008.0891868
11-03 08:15,9873.491530657142
11-03 08:30,7558.68481302857
11-03 08:45,4561.3273256
11-03 09:00,12153.883895928571
11-03 09:15,14549.611793571428
11-03 09:30,11287.80431584286
11-03 09:45,10266.013193171431
11-03 10:00,5412.347090071429
11-03 10:15,3868.780867228572
11-03 10:30,5620.091976671429
11-03 10:45,17751.904042285714
11-03 11:00,4655.276091442857
11-03 11:15,12953.953630157142
11-03 11:30,19683.90731728572
11-03 11:45,13837.926929584291
11-03 12:00,13744.571044285714
11-03 12:15,14493.214678
11-03 12:30,10156.994425157143
11-03 12:45,9444.001471442858
11-03 13:00,14380.88989
11-03 13:15,3888.158576828572
11-03 13:30,19639.43576742857
11-03 13:45,11010.56050174286
11-03 14:00,8309.82175757143
11-03 14:15,18578.48320728572
11-03 14:30,59.64123927142882
11-03 14:45,1504.6427176999998
11-03 15:00,8870.964235928572
11-03 15:15,3856.142955100001
11-03 15:30,14231.856220428572
11-03 15:45,2409.886600028572
11-03 16:00,6143.223583428572
11-03 16:15,2603.9385922857145
11-03 16:30,8139.222435328572
11-03 16:45,17590.522910285712
11-03 17:00,518.3055674000002
11-03 17:15,1706.8006812714289
11-03 17:30,12117.77042824286
11-03 17:45,10479.516790842858
11-03 18:00,4993.8060611857145
11-03 18:15,0.0
11-03 18:30,1284.900031
11-03 18:45,0.0
11-03 19:00,6944.360181157144
11-03 19:15,0.0
11-03 19:30,1269.4539445285718
11-03 19:45,607.9831726000002
11-03 20:00,1218.827367714286
11-03 20:15,5622.3947924
11-03 20:30,6912.573504628572
11-03 20:45,0.0
11-03 21:00,1484.2857142857142
11-03 21:15,1484.2857142857142
11-03 21:30,5963.785729442857
11-03 21:45,1484.2857142857142
11-03 22:00,1484.2857142857142
11-03 22:15,1484.2857142857142
11-03 22:30,2005.7956517942853
11-03 22:45,5029.656504114286
11-03 23:00,1484.2857142857142
11-03 23:15,6754.594561928571
11-03 23:30,2255.6666802914283
11-03 23:45,1484.2857142857142
11-04 00:00,1484.2857142857142
11-04 00:15,1484.2857142857142
11-04 00:30,1484.2857142857142
11-04 00:45,1484.2857142857142
11-04 01:00,2394.5092529671424
11-04 01:15,1484.2857142857142
11-04 01:30,1484.2857142857142
11-04 01:45,1484.2857142857142
11-04 02:00,1484.2857142857142
11-04 02:15,1484.2857142857142
11-04 02:30,1484.2857142857142
11-04 02:45,1484.2857142857142
11-04 03:00,1918.5168397642856
11-04 03:15,1484.2857142857142
11-04 03:30,5892.077455385714
11-04 03:45,1484.2857142857142
11-04 04:00,1946.0714515771424
11-04 04:15,1484.2857142857142
11-04 04:30,1484.2857142857142
11-04 04:45,1730.0419905185713
11-04 05:00,2489.235038971429
11-04 05:15,5511.454522642857
11-04 05:30,1955.7246818171427
11-04 05:45,2770.106797768572
11-04 06:00,18423.94517485714
11-04 06:15,10796.875201371431
11-04 06:30,4683.722328600001
11-04 06:45,4980.389819757143
11-04 07:00,21585.626199390044
11-04 07:15,2207.8377786428573
11-04 07:30,4260.996114928572
11-04 07:45,10734.329757514288
11-04 08:00,6993.272654871429
11-04 08:15,714.7670166714286
11-04 08:30,8254.91296207143
11-04 08:45,2058.457331657143
11-04 09:00,6318.520566185714
11-04 09:15,5114.103672328572
11-04 09:30,5074.741502214287
11-04 09:45,2892.7308533
11-04 10:00,2549.517143914286
11-04 10:15,2099.0302200857145
11-04 10:30,4071.621448885715
11-04 10:45,5403.205804314286
11-04 11:00,9409.703803485714
11-04 11:15,21920.08567742857
11-04 11:30,6466.695122285714
11-04 11:45,12425.9131166
11-04 12:00,4237.282893057143
11-04 12:15,7318.953374328571
11-04 12:30,6594.4271879
11-04 12:45,5669.4462523
11-04 13:00,143.58498759999998
11-04 13:15,11361.669050942855
11-04 13:30,13704.53826514286
11-04 13:45,5032.436126371428
11-04 14:00,891.8649848142857
11-04 14:15,8206.274802114287
11-04 14:30,2349.276469528572
11-04 14:45,513.3561445857142
11-04 15:00,13429.870216285715
11-04 15:15,10188.465574000002
11-04 15:30,4302.662690914286
11-04 15:45,5639.849742514287
11-04 16:00,2571.285240785714
11-04 16:15,18115.90000028572
11-04 16:30,7456.797894857144
11-04 16:45,18864.51715457143
11-04 17:00,9564.048580985716
11-04 17:15,2920.7446937
11-04 17:30,20230.30948757143
11-04 17:45,17281.851204285715
11-04 18:00,6534.832224885714
11-04 18:15,2688.346482442857
11-04 18:30,23557.739081428568
11-04 18:45,14538.395016571429
11-04 19:00,0.0
11-04 19:15,0.0
11-04 19:30,7260.454674114287
11-04 19:45,0.0
11-04 20:00,9423.75449684286
11-04 20:15,0.0
11-04 20:30,13863.341776
11-04 20:45,0.0
11-04 21:00,3320.486921657143
11-04 21:15,1484.2857142857142
11-04 21:30,10069.584872157144
11-04 21:45,2001.8742406642857
11-04 22:00,2624.1201363071427
11-04 22:15,1484.2857142857142
11-04 22:30,3282.9573331142856
11-04 22:45,6427.804608971428
11-04 23:00,2429.046645957143
11-04 23:15,1484.2857142857142
11-04 23:30,1484.2857142857142
11-04 23:45,2277.024177265714
11-05 00:00,2176.528641887143
11-05 00:15,1484.2857142857142
11-05 00:30,2175.5080302428573
11-05 00:45,1484.2857142857142
11-05 01:00,1484.2857142857142
11-05 01:15,1484.2857142857142
11-05 01:30,1484.2857142857142
11-05 01:45,2123.0602084628567
11-05 02:00,2567.701856145714
11-05 02:15,1484.2857142857142
11-05 02:30,1484.2857142857142
11-05 02:45,2073.1781229357143
11-05 03:00,1484.2857142857142
11-05 03:15,1484.2857142857142
11-05 03:30,7285.704129728571
11-05 03:45,1484.2857142857142
11-05 04:00,6611.735157728571
11-05 04:15,1484.2857142857142
11-05 04:30,2341.1284792228566
11-05 04:45,1773.8403125542854
11-05 05:00,2126.0447244057145
11-05 05:15,6611.5379835
11-05 05:30,6294.669686485713
11-05 05:45,5615.215684042857
11-05 06:00,505.7477936342439
11-05 06:15,13269.549457042856
11-05 06:30,3262.1534329571427
11-05 06:45,9613.80159734286
11-05 07:00,2077.933848542857
11-05 07:15,3561.3510077571427
11-05 07:30,7781.6002422142865
11-05 07:45,6072.587226128571
11-05 08:00,8221.346714700001
11-05 08:15,0.0
11-05 08:30,9030.146497814289
11-05 08:45,944.6276559285716
11-05 09:00,17176.37063057143
11-05 09:15,7543.464910785715
11-05 09:30,7186.6644272257545
11-05 09:45,14528.244645157143
11-05 10:00,7499.321626157143
11-05 10:15,6407.334405028572
11-05 10:30,692.6940968142858
11-05 10:45,11161.26026987143
11-05 11:00,8806.643657371429
11-05 11:15,1324.4838510000002
11-05 11:30,6461.871182385715
11-05 11:45,7663.626606657144
11-05 12:00,8160.139812371428
11-05 12:15,6057.546967085715
11-05 12:30,8755.982997314286
11-05 12:45,5347.142353957142
11-05 13:00,11960.899073628572
11-05 13:15,9608.053274042855
11-05 13:30,12236.543665014286
11-05 13:45,6390.772345414287
11-05 14:00,6817.129382557144
11-05 14:15,1361.434377842857
11-05 14:30,6985.721809857143
11-05 14:45,7870.704891542858
11-05 15:00,10907.792697014287
11-05 15:15,1012.6812872428573
11-05 15:30,1524.5558100571427
11-05 15:45,7465.0075664
11-05 16:00,3435.578861071429
11-05 16:15,13943.91859942857
11-05 16:30,5776.905959457144
11-05 16:45,3289.8834057
11-05 17:00,10578.01084777143
11-05 17:15,10892.702903328573
11-05 17:30,5855.501522414285
11-05 17:45,4805.213854042858
11-05 18:00,6110.159194314286
11-05 18:15,7117.793475342857
11-05 18:30,9094.927972657144
11-05 18:45,4791.655749842857
11-05 19:00,1209.8074471428572
11-05 19:15,6573.780625842857
11-05 19:30,6141.221819857143
11-05 19:45,0.0
11-05 20:00,0.0
11-05 20:15,0.0
11-05 20:30,1113.6871833714283
11-05 20:45,0.0
11-05 21:00,5194.851945214286
11-05 21:15,3005.9529641
11-05 21:30,2282.632601018571
11-05 21:45,3103.181334485715
11-05 22:00,2863.818119047143
11-05 22:15,6405.942951414287
11-05 22:30,2105.469631018572
11-05 22:45,3652.0579379714286
11-05 23:00,1843.6853277171424
11-05 23:15,1484.2857142857142
11-05 23:30,7134.5394852
11-05 23:45,2818.082057097143
11-06 00:00,2092.5236997714287
11-06 00:15,1972.2867061671427
11-06 00:30,1484.2857142857142
11-06 00:45,1484.2857142857142
11-06 01:00,1484.2857142857142
11-06 01:15,1769.943186327143
11-06 01:30,1484.2857142857142
11-06 01:45,1484.2857142857142
11-06 02:00,1484.2857142857142
11-06 02:15,1484.2857142857142
11-06 02:30,1484.2857142857142
11-06 02:45,1484.2857142857142
11-06 03:00,1484.2857142857142
11-06 03:15,1484.2857142857142
11-06 03:30,1484.2857142857142
11-06 03:45,2077.0462898942856
11-06 04:00,1903.5244625442856
11-06 04:15,2416.186408755714
11-06 04:30,1909.8706948942847
11-06 04:45,1484.2857142857142
11-06 05:00,2075.419219972857
11-06 05:15,2042.0924626957144
11-06 05:30,5787.375522900001
11-06 05:45,1484.2857142857142
11-06 06:00,12588.313812828572
11-06 06:15,5590.762696971429
11-06 06:30,3552.9220228713893
11-06 06:45,4806.954033742858
11-06 07:00,18056.432631
11-06 07:15,1339.1448774428573
11-06 07:30,15967.395563428572
11-06 07:45,11383.929192957145
11-06 08:00,13459.504436428571
11-06 08:15,6373.045295957145
11-06 08:30,12834.977992571428
11-06 08:45,11687.56923224286
11-06 09:00,7193.2066088
11-06 09:15,13886.554188000002
11-06 09:30,16660.00099714286
11-06 09:45,9430.9158024
11-06 10:00,8956.28997007143
11-06 10:15,1903.562917328572
11-06 10:30,1708.0882553285717
11-06 10:45,3361.996142128572
11-06 11:00,6443.6538550714295
11-06 11:15,10842.853346828571
11-06 11:30,11113.493473185714
11-06 11:45,1225.9612484428571
11-06 12:00,3825.5775341
11-06 12:15,5743.949412657143
11-06 12:30,9102.797728014286
11-06 12:45,7015.1486505428575
11-06 13:00,288.4727663900468
11-06 13:15,6374.449772342858
11-06 13:30,0.0
11-06 13:45,2529.6711303142856
11-06 14:00,5518.856107785715
11-06 14:15,11847.69448057143
11-06 14:30,11744.92225247143
11-06 14:45,10473.328993928571
11-06 15:00,10504.802624542855
11-06 15:15,10532.294226657144
11-06 15:30,7210.367908742857
11-06 15:45,9103.30204197143
11-06 16:00,5675.4305732428575
11-06 16:15,5224.151264442858
11-06 16:30,919.2376163428572
11-06 16:45,11278.620546585713
11-06 17:00,3323.435779157144
11-06 17:15,4070.5814183571424
11-06 17:30,22586.012379142856
11-06 17:45,6383.829465457144
11-06 18:00,10666.271181085714
11-06 18:15,7772.295193914286
11-06 18:30,3676.6685222142864
11-06 18:45,9687.890259557144
11-06 19:00,459.7260462857143
11-06 19:15,2238.9584006
11-06 19:30,5536.841176642858
11-06 19:45,976.5880885000004
11-06 20:00,1718.4511766428573
11-06 20:15,11090.757463842858
11-06 20:30,1696.6837419142855
11-06 20:45,1888.4516667714283
11-06 21:00,1985.7926887685712
11-06 21:15,4930.9499783
11-06 21:30,1414.8995116428575
11-06 21:45,307.5567913142857
11-06 22:00,3661.1621275
11-06 22:15,3147.887593871428
11-06 22:30,6050.932662714285
11-06 22:45,2168.441799348572
11-06 23:00,1484.2857142857142
11-06 23:15,1695.486521395714
11-06 23:30,2162.8421399985714
11-06 23:45,1696.8438130371426
11-07 00:00,2482.478613321429
11-07 00:15,1484.2857142857142
11-07 00:30,6019.935018785714
11-07 00:45,2009.077205694286
11-07 01:00,1484.2857142857142
11-07 01:15,1484.2857142857142
11-07 01:30,1948.705708065714
11-07 01:45,1484.2857142857142
11-07 02:00,2052.0367284085714
11-07 02:15,1978.864002375714
11-07 02:30,5095.908908357142
11-07 02:45,1484.2857142857142
11-07 03:00,1484.2857142857142
11-07 03:15,1484.2857142857142
11-07 03:30,2759.9390222557145
11-07 03:45,2103.5081889757143
11-07 04:00,2449.8150622114285
11-07 04:15,1926.018552957143
11-07 04:30,3760.104213442857
11-07 04:45,6551.764977585714
11-07 05:00,2135.16614013
11-07 05:15,2935.296361128572
11-07 05:30,2956.358350642857
11-07 05:45,2750.1078478257145
11-07 06:00,20242.203022
11-07 06:15,8580.118325485713
11-07 06:30,5046.7876857142855
11-07 06:45,16049.417019714285
11-07 07:00,12975.723029857145
11-07 07:15,3540.984117028572
11-07 07:30,2688.960984828572
11-07 07:45,5854.407252600001
11-07 08:00,8065.129892200001
11-07 08:15,11002.3142633
11-07 08:30,17976.118336142856
11-07 08:45,12489.904801842857
11-07 09:00,1611.3586469714287
11-07 09:15,2730.9818715857145
11-07 09:30,25485.21486171429
11-07 09:45,0.0
11-07 10:00,288.57592754285724
11-07 10:15,865.8401664857143
11-07 10:30,2581.225981214286
11-07 10:45,1350.5305077
11-07 11:00,2278.0851655857145
11-07 11:15,645.6805483000002
11-07 11:30,5218.836309414287
11-07 11:45,2977.2039174000006
11-07 12:00,13161.359440871429
11-07 12:15,5463.545393528571
11-07 12:30,10529.549703971428
11-07 12:45,5726.9376516
11-07 13:00,14863.346644
11-07 13:15,4382.117075985714
11-07 13:30,9043.598447728573
11-07 13:45,5230.2331079
11-07 14:00,560.4014856857144
11-07 14:15,6238.911169257143
11-07 14:30,6956.960359585714
11-07 14:45,9410.321719214286
11-07 15:00,13603.825550142858
11-07 15:15,6883.1607140714295
11-07 15:30,5734.783212228572
11-07 15:45,6392.2494730285725
11-07 16:00,8691.932118742858
11-07 16:15,1706.6346216714285
11-07 16:30,5793.702654228572
11-07 16:45,16523.463324428572
11-07 17:00,16123.29305157143
11-07 17:15,4680.304088600001
11-07 17:30,3691.089045442857
11-07 17:45,11961.986865128572
11-07 18:00,6113.450870471429
11-07 18:15,2439.861753385714
11-07 18:30,0.0
11-07 18:45,6196.878708085715
11-07 19:00,6563.647605371429
11-07 19:15,2816.189989357143
11-07 19:30,0.0
11-07 19:45,0.0
11-07 20:00,2743.0561527071427
11-07 20:15,2852.3051157699583
11-07 20:30,2350.1450982042857
11-07 20:45,451.91668708571456
11-07 21:00,1764.2706340585712
11-07 21:15,2067.460111297143
11-07 21:30,1484.2857142857142
11-07 21:45,2416.367972925714
11-07 22:00,1895.469077025714
11-07 22:15,1971.8775239242857
11-07 22:30,2318.182291161429
11-07 22:45,1484.2857142857142
11-07 23:00,3474.0970171142853
11-07 23:15,1484.2857142857142
11-07 23:30,1949.572419645714
11-07 23:45,1645.1885793114282
11-08 00:00,1484.2857142857142
11-08 00:15,1484.2857142857142
11-08 00:30,1484.2857142857142
11-08 00:45,1484.2857142857142
11-08 01:00,1484.2857142857142
11-08 01:15,5796.8976292571415
11-08 01:30,1484.2857142857142
11-08 01:45,1886.7669384914288
11-08 02:00,2595.6340734514283
11-08 02:15,2105.842126104286
11-08 02:30,5204.611431014286
11-08 02:45,1484.2857142857142
11-08 03:00,1484.2857142857142
11-08 03:15,1484.2857142857142
11-08 03:30,1484.2857142857142
11-08 03:45,1484.2857142857142
11-08 04:00,1484.2857142857142
11-08 04:15,1484.2857142857142
11-08 04:30,1484.2857142857142
11-08 04:45,1484.2857142857142
11-08 05:00,7586.451892257143
11-08 05:15,1484.2857142857142
11-08 05:30,1484.2857142857142
11-08 05:45,2005.3756488314284
11-08 06:00,3843.061016485715
11-08 06:15,1879.6400158142856
11-08 06:30,8820.109572428571
11-08 06:45,4935.024465085714
11-08 07:00,5242.892858657143
11-08 07:15,11335.904170157142
11-08 07:30,13713.326291714286
11-08 07:45,10260.207279457143
11-08 08:00,563.9311098857146
11-08 08:15,13103.91314757143
11-08 08:30,648.6280261571432
11-08 08:45,12521.880762042858
11-08 09:00,3083.209052542857
11-08 09:15,1485.232430842857
11-08 09:30,2251.353991542857
11-08 09:45,18533.28898457143
11-08 10:00,8719.082576285717
11-08 10:15,2044.4819604428567
11-08 10:30,7570.646602600001
11-08 10:45,5948.397183857142
11-08 11:00,12822.210698142855
11-08 11:15,5044.63622747143
11-08 11:30,6149.1424032
11-08 11:45,15828.824203285714
11-08 12:00,6244.856478542857
11-08 12:15,12164.6200335
11-08 12:30,14288.671773285716
11-08 12:45,6389.647986085714
11-08 13:00,4037.8136413571433
11-08 13:15,7527.244699842858
11-08 13:30,17046.787857285715
11-08 13:45,7761.344084785715
11-08 14:00,11907.469599642858
11-08 14:15,7517.515568528571
11-08 14:30,21027.486553714287
11-08 14:45,26747.67850214285
11-08 15:00,9856.117181014286
11-08 15:15,15697.37695165714
11-08 15:30,5417.45434191433
11-08 15:45,6596.142031542858
11-08 16:00,7142.630630642858
11-08 16:15,4003.530735057143
11-08 16:30,6906.66362657143
11-08 16:45,23784.02539242857
11-08 17:00,8204.658456628571
11-08 17:15,6325.069812057144
11-08 17:30,4959.857017314286
11-08 17:45,10857.590773014288
11-08 18:00,6335.883701657143
11-08 18:15,2073.664975185715
11-08 18:30,8396.656305128572
11-08 18:45,2831.2498067
11-08 19:00,12067.744682157145
11-08 19:15,10007.114166442858
11-08 19:30,13390.209830485714
11-08 19:45,4783.668488342857
11-08 20:00,2511.059248885714
11-08 20:15,2116.652849415714
11-08 20:30,195.8706308285715
11-08 20:45,2153.2350467
11-08 21:00,648.5038990400001
11-08 21:15,9727.277874615716
11-08 21:30,2710.8113766914284
11-08 21:45,3545.689180242857
11-08 22:00,0.0
11-08 22:15,0.0
11-08 22:30,3038.398315814286
11-08 22:45,0.0
11-08 23:00,3311.648400642857
11-08 23:15,2383.041026952857
11-08 23:30,2716.063197081429
11-08 23:45,11515.154355000002
11-09 00:00,3851.2492292142856
11-09 00:15,0.0
11-09 00:30,549.6628522857143
11-09 00:45,0.0
11-09 01:00,6995.554366385714
11-09 01:15,2113.089951788571
11-09 01:30,1484.2857142857142
11-09 01:45,2152.8912868757143
11-09 02:00,1484.2857142857142
11-09 02:15,1484.2857142857142
11-09 02:30,2280.998175684286
11-09 02:45,1484.2857142857142
11-09 03:00,1484.2857142857142
11-09 03:15,1484.2857142857142
11-09 03:30,6862.149878457142
11-09 03:45,1484.2857142857142
11-09 04:00,6161.473985528572
11-09 04:15,1484.2857142857142
11-09 04:30,2060.3744605257143
11-09 04:45,1484.2857142857142
11-09 05:00,1484.2857142857142
11-09 05:15,1484.2857142857142
11-09 05:30,1484.2857142857142
11-09 05:45,1484.2857142857142
11-09 06:00,1946.1807899871428
11-09 06:15,2340.181279827143
11-09 06:30,5632.137410128571
11-09 06:45,1484.2857142857142
11-09 07:00,7757.347692942857
11-09 07:15,0.0
11-09 07:30,1367.7035228428574
11-09 07:45,1615.7207969042831
11-09 08:00,5144.667387357143
11-09 08:15,2330.2462211
11-09 08:30,946.9398159428574
11-09 08:45,692.760069057143
11-09 09:00,6358.544142928572
11-09 09:15,2189.7103887
11-09 09:30,14605.775011
11-09 09:45,1017.0461544428572
11-09 10:00,6105.407253171429
11-09 10:15,22862.236404
11-09 10:30,6530.109578714287
11-09 10:45,2522.7319480428573
11-09 11:00,8171.070165085714
11-09 11:15,2803.2029128000004
11-09 11:30,2748.2091642571427
11-09 11:45,1456.3207955428572
11-09 12:00,9884.493784485714
11-09 12:15,6228.565230257143
11-09 12:30,10471.6929269
11-09 12:45,12480.881718657143
11-09 13:00,12493.40038704286
11-09 13:15,6081.445032971429
11-09 13:30,11460.155428185715
11-09 13:45,6546.641783171429
11-09 14:00,4867.646502757143
11-09 14:15,2696.577434364286
11-09 14:30,6559.435206642858
11-09 14:45,15334.103486885711
11-09 15:00,1192.0988091857146
11-09 15:15,6676.579739357144
11-09 15:30,9306.874867785717
11-09 15:45,13844.695317285716
11-09 16:00,5257.592035271429
11-09 16:15,10694.696140185712
11-09 16:30,4991.3613775
11-09 16:45,10057.535121671428
11-09 17:00,9711.310643642855
11-09 17:15,1084.508142157143
11-09 17:30,5137.690409971428
11-09 17:45,2192.1230555
11-09 18:00,13.27780282857167
11-09 18:15,0.0
11-09 18:30,0.0
11-09 18:45,0.0
11-09 19:00,5986.538710000001
11-09 19:15,861.9123147571431
11-09 19:30,11533.351807942858
11-09 19:45,279.6082170714285
11-09 20:00,0.0
11-09 20:15,0.0
11-09 20:30,0.0
11-09 20:45,0.0
11-09 21:00,1624.6395850142856
11-09 21:15,0.0
11-09 21:30,1544.674259057143
11-09 21:45,4652.402140885714
11-09 22:00,1484.2857142857142
11-09 22:15,2025.8331271
11-09 22:30,851.2024567142859
11-09 22:45,1157.5268114057144
11-09 23:00,1484.2857142857142
11-09 23:15,1484.2857142857142
11-09 23:30,2126.7207240657144
11-09 23:45,2304.015392492857
11-10 00:00,1484.2857142857142
11-10 00:15,1484.2857142857142
11-10 00:30,0.0
11-10 00:45,739.9999999999566
11-10 01:00,1484.2857142857142
11-10 01:15,1484.2857142857142
11-10 01:30,1484.2857142857142
11-10 01:45,1484.2857142857142
11-10 02:00,1484.2857142857142
11-10 02:15,1484.2857142857142
11-10 02:30,1780.75316039
11-10 02:45,1484.2857142857142
11-10 03:00,2115.4393507457144
11-10 03:15,2104.6004100500004
11-10 03:30,1910.106634558572
11-10 03:45,1941.943846798572
11-10 04:00,1484.2857142857142
11-10 04:15,1484.2857142857142
11-10 04:30,1484.2857142857142
11-10 04:45,1484.2857142857142
11-10 05:00,1484.2857142857142
11-10 05:15,1484.2857142857142
11-10 05:30,1484.2857142857142
11-10 05:45,1484.2857142857142
11-10 06:00,5568.9621457428575
11-10 06:15,1484.2857142857142
11-10 06:30,1484.2857142857142
11-10 06:45,1955.13053845
11-10 07:00,3618.5613310142858
11-10 07:15,2944.609460871429
11-10 07:30,3833.814079871429
11-10 07:45,2090.994813275714
11-10 08:00,6188.545265671429
11-10 08:15,8255.034498471428
11-10 08:30,2361.6770505185714
11-10 08:45,2646.3661269214285
11-10 09:00,844.1429228857144
11-10 09:15,5191.413480728573
11-10 09:30,727.4792715571429
11-10 09:45,20937.899779857144
11-10 10:00,12840.102044785715
11-10 10:15,5836.440527528572
11-10 10:30,6461.677876257143
11-10 10:45,9643.413291185714
11-10 11:00,19815.00952114286
11-10 11:15,13925.001242714286
11-10 11:30,20869.248384714287
11-10 11:45,14139.138826085717
11-10 12:00,14331.603303142858
11-10 12:15,19282.80310928572
11-10 12:30,21513.559886285715
11-10 12:45,15099.238473285715
11-10 13:00,13615.509871285713
11-10 13:15,19228.601648
11-10 13:30,11565.575356085714
11-10 13:45,10681.620305285714
11-10 14:00,5952.9783714000005
11-10 14:15,12712.2581207
11-10 14:30,10488.98994514286
11-10 14:45,18190.839195142857
11-10 15:00,7443.392992000002
11-10 15:15,5695.094487485714
11-10 15:30,7535.415697585715
11-10 15:45,2221.4009029000003
11-10 16:00,3755.064998085714
11-10 16:15,14940.902918999998
11-10 16:30,7946.305373357143
11-10 16:45,7477.113685557144
11-10 17:00,7811.07069517143
11-10 17:15,9708.550896757144
11-10 17:30,848.1224410000001
11-10 17:45,11297.472265514289
11-10 18:00,252.4586453
11-10 18:15,892.5033948142858
11-10 18:30,9311.284797128572
11-10 18:45,6798.5503286428575
11-10 19:00,1638.5410667428573
11-10 19:15,1236.590821028571
11-10 19:30,5594.281212857143
11-10 19:45,27.785414000000166
11-10 20:00,7566.891061728572
11-10 20:15,198.31217830000003
11-10 20:30,0.0
11-10 20:45,707.5067187714287
11-10 21:00,0.0
11-10 21:15,0.0
11-10 21:30,0.0
11-10 21:45,0.0
11-10 22:00,0.0
11-10 22:15,0.0
11-10 22:30,0.0
11-10 22:45,0.0
11-10 23:00,1484.2857142857142
11-10 23:15,490.64428326285736
11-10 23:30,0.0
11-10 23:45,2299.50714709
11-11 00:00,1484.2857142857142
11-11 00:15,2127.517799022857
11-11 00:30,1484.2857142857142
11-11 00:45,1484.2857142857142
11-11 01:00,1484.2857142857142
11-11 01:15,1484.2857142857142
11-11 01:30,1484.2857142857142
11-11 01:45,1484.2857142857142
11-11 02:00,1484.2857142857142
11-11 02:15,1484.2857142857142
11-11 02:30,2389.8725494728574
11-11 02:45,1484.2857142857142
11-11 03:00,1484.2857142857142
11-11 03:15,1979.165093855714
11-11 03:30,1484.2857142857142
11-11 03:45,1484.2857142857142
11-11 04:00,1484.2857142857142
11-11 04:15,1484.2857142857142
11-11 04:30,1741.3669826599998
11-11 04:45,1484.2857142857142
11-11 05:00,1941.5433456514288
11-11 05:15,2386.504469298571
11-11 05:30,2168.2970764128568
11-11 05:45,2642.302795225714
11-11 06:00,9312.258760985713
11-11 06:15,8535.081591285716
11-11 06:30,3737.482983542857
11-11 06:45,1664.197148342857
11-11 07:00,9982.107368842857
11-11 07:15,2333.925348257143
11-11 07:30,10465.340696600002
11-11 07:45,2563.9339063
11-11 08:00,16724.924782285714
11-11 08:15,13878.287191857144
11-11 08:30,11392.482758171427
11-11 08:45,6242.031780657143
11-11 09:00,5718.373660171429
11-11 09:15,5504.714031085715
11-11 09:30,11920.75797374286
11-11 09:45,8671.231076957143
11-11 10:00,8093.049846785714
11-11 10:15,9907.010908885715
11-11 10:30,19291.13827657143
11-11 10:45,5295.4076210428575
11-11 11:00,18939.94159314286
11-11 11:15,14189.358049714288
11-11 11:30,4609.472364142857
11-11 11:45,11401.389885642857
11-11 12:00,6993.551333057144
11-11 12:15,2007.148413028572
11-11 12:30,0.0
11-11 12:45,11949.518304957144
11-11 13:00,2587.8471856428573
11-11 13:15,12074.665683514286
11-11 13:30,3473.7280679428577
11-11 13:45,1941.832110414286
11-11 14:00,4903.784909800001
11-11 14:15,3420.370327628572
11-11 14:30,5232.025436857142
11-11 14:45,5318.588681228572
11-11 15:00,10785.375859195756
11-11 15:15,3361.7785311857137
11-11 15:30,1417.5446420428575
11-11 15:45,9004.455726014286
11-11 16:00,10270.985538614286
11-11 16:15,3308.8561722857144
11-11 16:30,3141.630588028572
11-11 16:45,2540.7477541714284
11-11 17:00,10167.284632814286
11-11 17:15,10947.1508239
11-11 17:30,11154.758488057145
11-11 17:45,7418.0294971
11-11 18:00,4366.2362974285725
11-11 18:15,7212.117419728571
11-11 18:30,1143.5973617000002
11-11 18:45,6335.3072234
11-11 19:00,569.5114005442857
11-11 19:15,5361.018962785714
11-11 19:30,7634.861971214285
11-11 19:45,13240.813148185714
11-11 20:00,2312.781381118571
11-11 20:15,2578.813973497143
11-11 20:30,1484.2857142857142
11-11 20:45,3721.209840657143
11-11 21:00,1484.2857142857142
11-11 21:15,5657.879926257143
11-11 21:30,2535.418622722857
11-11 21:45,4032.463844714286
11-11 22:00,3306.775916157143
11-11 22:15,2031.8167581357145
11-11 22:30,1484.2857142857142
11-11 22:45,5654.8105376
11-11 23:00,2523.673912431429
11-11 23:15,6532.353671128572
11-11 23:30,1837.4933391242853
11-11 23:45,1484.2857142857142
11-12 00:00,1484.2857142857142
11-12 00:15,1484.2857142857142
11-12 00:30,1484.2857142857142
11-12 00:45,1484.2857142857142
11-12 01:00,1484.2857142857142
11-12 01:15,1484.2857142857142
11-12 01:30,2011.311079544285
11-12 01:45,1484.2857142857142
11-12 02:00,1484.2857142857142
11-12 02:15,2062.5626189857144
11-12 02:30,1484.2857142857142
11-12 02:45,1484.2857142857142
11-12 03:00,2256.4718955142857
11-12 03:15,1484.2857142857142
11-12 03:30,4227.2963782
11-12 03:45,1774.95637751
11-12 04:00,2623.694820592857
11-12 04:15,1484.2857142857142
11-12 04:30,1484.2857142857142
11-12 04:45,2885.0501560142857
11-12 05:00,1691.485582468532
11-12 05:15,0.0
11-12 05:30,2666.1831068614283
11-12 05:45,2060.3708788
11-12 06:00,2056.571197942857
11-12 06:15,10407.272774714287
11-12 06:30,7016.937386842857
11-12 06:45,3173.947658014285
11-12 07:00,23206.810902
11-12 07:15,717.2839100000001
11-12 07:30,1560.690417614286
11-12 07:45,5472.47306347143
11-12 08:00,16188.666947571428
11-12 08:15,5272.329412414287
11-12 08:30,21133.24804442857
11-12 08:45,20395.112229285714
11-12 09:00,11539.670644428572
11-12 09:15,736.4907532714285
11-12 09:30,5958.058195671429
11-12 09:45,2349.7113001
11-12 10:00,8530.727492342858
11-12 10:15,1326.4012554714286
11-12 10:30,9454.663886442857
11-12 10:45,4778.184158328573
11-12 11:00,14626.7943987
11-12 11:15,16228.214876000002
11-12 11:30,3894.8862
11-12 11:45,15272.238853190043
11-12 12:00,10949.998609885712
11-12 12:15,3910.2909456
11-12 12:30,9049.4310696
11-12 12:45,7471.270640314286
11-12 13:00,2702.223074985714
11-12 13:15,5781.594355642857
11-12 13:30,10342.324463542856
11-12 13:45,6360.078196171429
11-12 14:00,5599.131946642858
11-12 14:15,4769.727420357143
11-12 14:30,14602.24419414286
11-12 14:45,11997.752971814289
11-12 15:00,7829.578715242858
11-12 15:15,2381.023961628571
11-12 15:30,9392.766576757143
11-12 15:45,11160.831282914283
11-12 16:00,5524.379822371429
11-12 16:15,9425.437810114288
11-12 16:30,2567.3066762000003
11-12 16:45,1706.5486630428572
11-12 17:00,7840.813061514286
11-12 17:15,6871.736412514286
11-12 17:30,3053.356452628572
11-12 17:45,19095.135388857143
11-12 18:00,8646.656865285715
11-12 18:15,9496.150451914287
11-12 18:30,16991.69177885714
11-12 18:45,18650.844290857145
11-12 19:00,0.0
11-12 19:15,526.329989357143
11-12 19:30,8680.689188314285
11-12 19:45,0.0
11-12 20:00,8405.299654
11-12 20:15,0.0
11-12 20:30,0.0
11-12 20:45,1991.8173592000005
11-12 21:00,6599.345622685714
11-12 21:15,2090.667379611385
11-12 21:30,1484.2857142857142
11-12 21:45,0.0
11-12 22:00,2151.3039287671427
11-12 22:15,2570.1608089571428
11-12 22:30,2287.3226358442857
11-12 22:45,2083.6717337157143
11-12 23:00,1484.2857142857142
11-12 23:15,1720.1771810214286
11-12 23:30,1484.2857142857142
11-12 23:45,5988.483099000001
11-13 00:00,1484.2857142857142
11-13 00:15,1484.2857142857142
11-13 00:30,1484.2857142857142
11-13 00:45,1484.2857142857142
11-13 01:00,1914.5303311985715
11-13 01:15,1484.2857142857142
11-13 01:30,1484.2857142857142
11-13 01:45,1484.2857142857142
11-13 02:00,1484.2857142857142
11-13 02:15,1484.2857142857142
11-13 02:30,1484.2857142857142
11-13 02:45,1484.2857142857142
11-13 03:00,1484.2857142857142
11-13 03:15,2193.0782530371425
11-13 03:30,2100.313977467142
11-13 03:45,1484.2857142857142
11-13 04:00,7573.063291657142
11-13 04:15,2237.672258728572
11-13 04:30,1484.2857142857142
11-13 04:45,2032.0586659085711
11-13 05:00,1484.2857142857142
11-13 05:15,1484.2857142857142
11-13 05:30,1484.2857142857142
11-13 05:45,2091.906297795714
11-13 06:00,7205.539374457143
11-13 06:15,9745.148003785713
11-13 06:30,5069.528808571428
11-13 06:45,3191.214765714285
11-13 07:00,9464.906382014286
11-13 07:15,10884.145202285716
11-13 07:30,4299.258317600001
11-13 07:45,10635.956199371429
11-13 08:00,6401.612447785716
11-13 08:15,12383.284629285716
11-13 08:30,21089.544875
11-13 08:45,7440.090085828572
11-13 09:00,7293.488170542857
11-13 09:15,17348.92273242857
11-13 09:30,6286.5799892
11-13 09:45,6467.646643357143
11-13 10:00,4685.222902471429
11-13 10:15,1823.3272457142857
11-13 10:30,6026.458405414286
11-13 10:45,8778.673186034328
11-13 11:00,10641.75607197143
11-13 11:15,11572.322018900002
11-13 11:30,6700.295005800001
11-13 11:45,8050.846210685714
11-13 12:00,21534.164871428573
11-13 12:15,14182.360891885715
11-13 12:30,2746.1058570000005
11-13 12:45,5074.105415285714
11-13 13:00,266.23764345714307
11-13 13:15,870.3743092857144
11-13 13:30,2624.0575700428576
11-13 13:45,11840.1668936
11-13 14:00,13232.388067714286
11-13 14:15,5027.827006071429
11-13 14:30,2369.275006671429
11-13 14:45,12154.707758614286
11-13 15:00,7523.848439414286
11-13 15:15,9945.1760942
11-13 15:30,6378.671964214287
11-13 15:45,4710.002274857143
11-13 16:00,5646.887786857144
11-13 16:15,14073.151002571429
11-13 16:30,6431.404049285716
11-13 16:45,10053.587141528576
11-13 17:00,15288.804830285717
11-13 17:15,10709.57626867143
11-13 17:30,6354.300650671429
11-13 17:45,2285.4248160142856
11-13 18:00,2905.113098128572
11-13 18:15,8667.948157014285
11-13 18:30,5785.040003942858
11-13 18:45,6288.560209742858
11-13 19:00,4579.301739500001
11-13 19:15,1037.368133757143
11-13 19:30,0.0
11-13 19:45,1007.5858428142856
11-13 20:00,964.043500277143
11-13 20:15,0.0
11-13 20:30,1659.1485781385716
11-13 20:45,0.0
11-13 21:00,1987.135843077143
11-13 21:15,7982.098002485714
11-13 21:30,3054.490718385715
11-13 21:45,8345.02916802857
11-13 22:00,2320.6634405957143
11-13 22:15,1484.2857142857142
11-13 22:30,1967.5392229085712
11-13 22:45,4522.813755028571
11-13 23:00,1894.8956133742856
11-13 23:15,6473.865021971428
11-13 23:30,2368.312588082857
11-13 23:45,1484.2857142857142
11-14 00:00,1484.2857142857142
11-14 00:15,1484.2857142857142
11-14 00:30,2061.64964293
11-14 00:45,2008.65211451
11-14 01:00,1484.2857142857142
11-14 01:15,2053.74479857
11-14 01:30,1484.2857142857142
11-14 01:45,1484.2857142857142
11-14 02:00,1484.2857142857142
11-14 02:15,1484.2857142857142
11-14 02:30,1484.2857142857142
11-14 02:45,1484.2857142857142
11-14 03:00,2473.22756883
11-14 03:15,1484.2857142857142
11-14 03:30,1484.2857142857142
11-14 03:45,1962.4692135257144
11-14 04:00,2435.027353942857
11-14 04:15,1484.2857142857142
11-14 04:30,2058.963570437143
11-14 04:45,2811.7601659314287
11-14 05:00,1991.1591464642856
11-14 05:15,4926.254394342857
11-14 05:30,1484.2857142857142
11-14 05:45,5903.428835257142
11-14 06:00,9927.296644314243
11-14 06:15,9839.877365242855
11-14 06:30,21770.78195414285
11-14 06:45,4252.289878871428
11-14 07:00,6084.513623871429
11-14 07:15,12832.02838414286
11-14 07:30,3077.1228425142854
11-14 07:45,7143.298545457144
11-14 08:00,7362.802131585715
11-14 08:15,796.2053233285715
11-14 08:30,4193.589715957142
11-14 08:45,7385.282616600001
11-14 09:00,10310.618867428571
11-14 09:15,5555.101756414287
11-14 09:30,8734.069360428572
11-14 09:45,1175.6426892428574
11-14 10:00,9807.081777928572
11-14 10:15,4518.198470314285
11-14 10:30,9228.660311342855
11-14 10:45,9423.771163985712
11-14 11:00,12626.091929714328
11-14 11:15,9178.704644042858
11-14 11:30,2700.5338985142857
11-14 11:45,2651.7957312000003
11-14 12:00,13098.723074142858
11-14 12:15,1152.1561791571428
11-14 12:30,955.156634957143
11-14 12:45,2532.1936088000007
11-14 13:00,6368.069387457143
11-14 13:15,17341.110803571428
11-14 13:30,7270.076206157142
11-14 13:45,9654.792618942858
11-14 14:00,7728.675367971428
11-14 14:15,5924.491676514286
11-14 14:30,6790.677386785716
11-14 14:45,12125.627654442858
11-14 15:00,11053.38781047143
11-14 15:15,3524.469683942858
11-14 15:30,6532.922873985715
11-14 15:45,7607.829364814286
11-14 16:00,14687.211140857142
11-14 16:15,17791.14920814286
11-14 16:30,18183.334360857145
11-14 16:45,13231.476054428573
11-14 17:00,10996.1500183
11-14 17:15,8405.220318928572
11-14 17:30,6157.862362271429
11-14 17:45,1805.2525436000003
11-14 18:00,3539.6445192571427
11-14 18:15,14423.123468285716
11-14 18:30,19312.970230714287
11-14 18:45,8748.472044057144
11-14 19:00,3043.948398542857
11-14 19:15,2440.875218398571
11-14 19:30,5827.397831200001
11-14 19:45,1657.328661028571
11-14 20:00,18295.253479714287
11-14 20:15,127.22625573285724
11-14 20:30,0.0
11-14 20:45,307.8444278485714
11-14 21:00,5856.410318785714
11-14 21:15,3195.0472874214297
11-14 21:30,3843.2491186428574
11-14 21:45,2965.6640331142853
11-14 22:00,0.0
11-14 22:15,0.0
11-14 22:30,0.0
11-14 22:45,0.0
11-14 23:00,1484.2857142857142
11-14 23:15,1484.2857142857142
11-14 23:30,2004.1007063271427
11-14 23:45,1484.2857142857142
11-15 00:00,1484.2857142857142
11-15 00:15,1484.2857142857142
11-15 00:30,2052.972189191428
11-15 00:45,1484.2857142857142
11-15 01:00,1484.2857142857142
11-15 01:15,1484.2857142857142
11-15 01:30,2026.32616523
11-15 01:45,2282.3585227814287
11-15 02:00,3960.300472242857
11-15 02:15,6181.836898971428
11-15 02:30,2083.283894345714
11-15 02:45,1818.89837649
11-15 03:00,1484.2857142857142
11-15 03:15,1484.2857142857142
11-15 03:30,1484.2857142857142
11-15 03:45,1484.2857142857142
11-15 04:00,1484.2857142857142
11-15 04:15,1484.2857142857142
11-15 04:30,1484.2857142857142
11-15 04:45,1484.2857142857142
11-15 05:00,1484.2857142857142
11-15 05:15,1484.2857142857142
11-15 05:30,1782.9775287314285
11-15 05:45,1974.4216858028567
11-15 06:00,13575.45032192857
11-15 06:15,11662.401649314286
11-15 06:30,14681.700477914286
11-15 06:45,10578.0147523
11-15 07:00,9352.592917728573
11-15 07:15,9382.604174085714
11-15 07:30,1476.9750462428572
11-15 07:45,3896.946704914285
11-15 08:00,3630.018682442857
11-15 08:15,13218.889696142858
11-15 08:30,5635.759256928571
11-15 08:45,3225.8146243428573
11-15 09:00,19592.71786057143
11-15 09:15,9627.8012749
11-15 09:30,12450.934042828572
11-15 09:45,5113.1452193714285
11-15 10:00,9308.926412242856
11-15 10:15,6461.077534757143
11-15 10:30,15408.093173914289
11-15 10:45,6128.4211478
11-15 11:00,6792.543420471428
11-15 11:15,4236.830397585714
11-15 11:30,6408.2199489
11-15 11:45,4994.432509771428
11-15 12:00,10744.811696157143
11-15 12:15,8645.779759342859
11-15 12:30,6532.0632439571045
11-15 12:45,20952.20698857143
11-15 13:00,7524.172969285715
11-15 13:15,2843.839402657143
11-15 13:30,5620.012767914287
11-15 13:45,3056.0330637
11-15 14:00,11830.26567334286
11-15 14:15,20928.361004
11-15 14:30,7815.301387685715
11-15 14:45,6186.935090257143
11-15 15:00,9733.6387121
11-15 15:15,7850.176063857143
11-15 15:30,12131.500826214286
11-15 15:45,10837.621076557143
11-15 16:00,7645.503597685715
11-15 16:15,20789.404509714288
11-15 16:30,8923.192742671428
11-15 16:45,5792.794640214286
11-15 17:00,8270.136612914286
11-15 17:15,7289.283913000001
11-15 17:30,4837.656926214287
11-15 17:45,3590.1445388428574
11-15 18:00,2645.021877257143
11-15 18:15,18099.48258757143
11-15 18:30,6438.508783728573
11-15 18:45,5667.707359342857
11-15 19:00,0.0
11-15 19:15,3679.494631071429
11-15 19:30,5709.547025185714
11-15 19:45,0.0
11-15 20:00,0.0
11-15 20:15,760.6858546428571
11-15 20:30,7086.200758800001
11-15 20:45,2491.183062842857
11-15 21:00,6023.048551457143
11-15 21:15,6104.653843157144
11-15 21:30,5466.473589828572
11-15 21:45,0.0
11-15 22:00,0.0
11-15 22:15,0.0
11-15 22:30,0.0
11-15 22:45,0.0
11-15 23:00,1129.9641291142857
11-15 23:15,1484.2857142857142
11-15 23:30,877.3759262714287
11-15 23:45,6491.733640752901
11-16 00:00,1827.597038888572
11-16 00:15,5160.006549600001
11-16 00:30,12547.91598417143
11-16 00:45,2599.1174774842857
11-16 01:00,2093.3595850871425
11-16 01:15,1484.2857142857142
11-16 01:30,1484.2857142857142
11-16 01:45,2002.7888973842853
11-16 02:00,2641.152793515714
11-16 02:15,1484.2857142857142
11-16 02:30,2164.269050662857
11-16 02:45,1484.2857142857142
11-16 03:00,1959.13486196
11-16 03:15,1797.5119401457143
11-16 03:30,1484.2857142857142
11-16 03:45,2217.3178639442854
11-16 04:00,1484.2857142857142
11-16 04:15,2041.975170292857
11-16 04:30,1484.2857142857142
11-16 04:45,1484.2857142857142
11-16 05:00,1999.9693321085715
11-16 05:15,2054.473581828572
11-16 05:30,1484.2857142857142
11-16 05:45,1484.2857142857142
11-16 06:00,541.3068544399976
11-16 06:15,1484.2857142857142
11-16 06:30,2124.260343342857
11-16 06:45,1846.0267275
11-16 07:00,0.0
11-16 07:15,3215.594164614286
11-16 07:30,0.0
11-16 07:45,1462.6565268
11-16 08:00,3636.192386328571
11-16 08:15,0.0
11-16 08:30,6829.900596157144
11-16 08:45,6690.777650000001
11-16 09:00,457.2849085571429
11-16 09:15,5762.792541700001
11-16 09:30,7494.428810300002
11-16 09:45,10081.692444257144
11-16 10:00,26571.379518428566
11-16 10:15,12409.403914528571
11-16 10:30,10794.947822285716
11-16 10:45,7216.028301557143
11-16 11:00,2110.2125000285714
11-16 11:15,1053.911157857143
11-16 11:30,12139.026732357144
11-16 11:45,15756.203003428574
11-16 12:00,10750.8092861
11-16 12:15,10678.49982777143
11-16 12:30,2116.076730728572
11-16 12:45,11296.640520142855
11-16 13:00,9867.941780642856
11-16 13:15,13416.480141957143
11-16 13:30,21714.130332142853
11-16 13:45,4181.473879214286
11-16 14:00,4393.1697905142855
11-16 14:15,17687.029872
11-16 14:30,14000.231787228571
11-16 14:45,11806.92957187143
11-16 15:00,5017.089852857143
11-16 15:15,11981.135782657142
11-16 15:30,14968.397316657143
11-16 15:45,14934.96863232857
11-16 16:00,5573.721416457143
11-16 16:15,6586.67340277143
11-16 16:30,14340.645480285715
11-16 16:45,2368.040538528572
11-16 17:00,4201.383278028572
11-16 17:15,1832.2578758
11-16 17:30,2271.8184699857143
11-16 17:45,1633.1870535285716
11-16 18:00,0.0
11-16 18:15,0.0
11-16 18:30,66.31793678571427
11-16 18:45,4722.523130742858
11-16 19:00,781.6267732428574
11-16 19:15,843.7434095428574
11-16 19:30,0.0
11-16 19:45,13532.64267
11-16 20:00,2580.282780505714
11-16 20:15,11380.628350542856
11-16 20:30,587.650486857143
11-16 20:45,234.56496631857144
11-16 21:00,2335.589874737143
11-16 21:15,6293.241252842858
11-16 21:30,2119.708123925714
11-16 21:45,1764.8525478828572
11-16 22:00,4080.3260536428143
11-16 22:15,4575.852615128572
11-16 22:30,1484.2857142857142
11-16 22:45,429.625418814286
11-16 23:00,1949.000207145714
11-16 23:15,1484.2857142857142
11-16 23:30,2317.961317365714
11-16 23:45,1484.2857142857142
11-17 00:00,1484.2857142857142
11-17 00:15,1484.2857142857142
11-17 00:30,1484.2857142857142
11-17 00:45,1484.2857142857142
11-17 01:00,1484.2857142857142
11-17 01:15,1484.2857142857142
11-17 01:30,1484.2857142857142
11-17 01:45,1484.2857142857142
11-17 02:00,3027.332758871429
11-17 02:15,3903.6529575
11-17 02:30,1484.2857142857142
11-17 02:45,2878.76670245
11-17 03:00,1484.2857142857142
11-17 03:15,1484.2857142857142
11-17 03:30,1484.2857142857142
11-17 03:45,1935.0807869542857
11-17 04:00,1484.2857142857142
11-17 04:15,1484.2857142857142
11-17 04:30,4352.071737057143
11-17 04:45,1484.2857142857142
11-17 05:00,1484.2857142857142
11-17 05:15,1484.2857142857142
11-17 05:30,1484.2857142857142
11-17 05:45,1484.2857142857142
11-17 06:00,1973.38118218
11-17 06:15,1484.2857142857142
11-17 06:30,6101.023847428572
11-17 06:45,1484.2857142857142
11-17 07:00,6694.480736971429
11-17 07:15,2394.8917763057143
11-17 07:30,2030.0418214514284
11-17 07:45,2013.3224134157144
11-17 08:00,4457.138458314285
11-17 08:15,6885.309674757142
11-17 08:30,6185.383807414286
11-17 08:45,7961.8590489571425
11-17 09:00,2976.5616465714293
11-17 09:15,9392.971240685714
11-17 09:30,6933.260505857144
11-17 09:45,2644.348927137143
11-17 10:00,5540.2928013571445
11-17 10:15,17558.837284571433
11-17 10:30,6298.873174585715
11-17 10:45,6248.0614444428575
11-17 11:00,13470.332662428573
11-17 11:15,11698.5668042
11-17 11:30,11404.663998857144
11-17 11:45,7483.718956114286
11-17 12:00,15018.958207142858
11-17 12:15,7247.891093028572
11-17 12:30,12129.730629014286
11-17 12:45,8259.611242142859
11-17 13:00,9239.3920766
11-17 13:15,8514.231498314286
11-17 13:30,6520.065563042857
11-17 13:45,11617.583875200002
11-17 14:00,9909.490808664326
11-17 14:15,10469.960032357145
11-17 14:30,8701.215191157145
11-17 14:45,12736.449438671429
11-17 15:00,8355.209493642858
11-17 15:15,6046.10850877143
11-17 15:30,24300.61239628572
11-17 15:45,7473.82965917143
11-17 16:00,6468.534086442858
11-17 16:15,3504.398910585714
11-17 16:30,5963.30200107143
11-17 16:45,5314.017323485715
11-17 17:00,7968.160899557143
11-17 17:15,10048.5080469
11-17 17:30,2541.648433342857
11-17 17:45,7144.853449285714
11-17 18:00,576.8646730142857
11-17 18:15,3224.0299518142865
11-17 18:30,6678.4959237
11-17 18:45,9661.720077014286
11-17 19:00,0.0
11-17 19:15,1896.6934847571429
11-17 19:30,2113.0141454000004
11-17 19:45,427.33508172857165
11-17 20:00,875.2449337985715
11-17 20:15,1893.4047859142431
11-17 20:30,11356.6286236
11-17 20:45,3199.3652492
11-17 21:00,1484.2857142857142
11-17 21:15,1484.2857142857142
11-17 21:30,1484.2857142857142
11-17 21:45,1484.2857142857142
11-17 22:00,1484.2857142857142
11-17 22:15,2683.1290022857143
11-17 22:30,2154.6029169885715
11-17 22:45,2618.3741300971424
11-17 23:00,2533.92624072
11-17 23:15,2451.5795111642856
11-17 23:30,1484.2857142857142
11-17 23:45,1484.2857142857142
11-18 00:00,1973.3354795371424
11-18 00:15,1484.2857142857142
11-18 00:30,1484.2857142857142
11-18 00:45,1484.2857142857142
11-18 01:00,1484.2857142857142
11-18 01:15,1484.2857142857142
11-18 01:30,2001.596873675714
11-18 01:45,1484.2857142857142
11-18 02:00,1484.2857142857142
11-18 02:15,1484.2857142857142
11-18 02:30,1484.2857142857142
11-18 02:45,1484.2857142857142
11-18 03:00,1803.937020575714
11-18 03:15,2020.8406571857145
11-18 03:30,2098.661172945714
11-18 03:45,1484.2857142857142
11-18 04:00,2010.96216804
11-18 04:15,1960.2092655128567
11-18 04:30,1950.9478699957144
11-18 04:45,1484.2857142857142
11-18 05:00,7600.551604085714
11-18 05:15,3326.772100928571
11-18 05:30,3039.014990357143
11-18 05:45,1484.2857142857142
11-18 06:00,9148.328541685714
11-18 06:15,12528.826120542855
11-18 06:30,12220.050456385714
11-18 06:45,9985.797136542857
11-18 07:00,2241.9051328571427
11-18 07:15,2899.6429820857147
11-18 07:30,1530.184372642857
11-18 07:45,7467.647448514285
11-18 08:00,5873.334472642858
11-18 08:15,2055.0920734857145
11-18 08:30,11169.760959557145
11-18 08:45,16522.162021
11-18 09:00,12452.828341814286
11-18 09:15,2123.088352271429
11-18 09:30,3635.415201814285
11-18 09:45,6197.965186814286
11-18 10:00,5035.353135757144
11-18 10:15,4500.797201811472
11-18 10:30,8933.370830685713
11-18 10:45,10182.84572177143
11-18 11:00,2870.8742728285715
11-18 11:15,12206.297017314286
11-18 11:30,11629.311828585716
11-18 11:45,10823.155478200002
11-18 12:00,3678.6735091142855
11-18 12:15,4877.683090157143
11-18 12:30,0.0
11-18 12:45,2307.1274858428574
11-18 13:00,13756.428656571428
11-18 13:15,126.47451994285724
11-18 13:30,4254.409634400001
11-18 13:45,1509.8586629142858
11-18 14:00,8396.508163114288
11-18 14:15,16901.414912857144
11-18 14:30,3457.6548365000003
11-18 14:45,12302.494672085715
11-18 15:00,1811.217556157143
11-18 15:15,2513.388513157143
11-18 15:30,0.0
11-18 15:45,3482.113110228572
11-18 16:00,2208.907055971428
11-18 16:15,12793.171802385714
11-18 16:30,14127.757850285716
11-18 16:45,5456.258946342858
11-18 17:00,14938.383448571429
11-18 17:15,18348.11084628572
11-18 17:30,1971.505783414286
11-18 17:45,4553.379895028572
11-18 18:00,2835.134325028572
11-18 18:15,2739.3683139
11-18 18:30,10589.905921314286
11-18 18:45,4251.7530753
11-18 19:00,1755.2942983
11-18 19:15,10256.015826614286
11-18 19:30,2101.538599455714
11-18 19:45,7505.252895128572
11-18 20:00,10201.5312726
11-18 20:15,3217.313458757142
11-18 20:30,2652.129307327101
11-18 20:45,0.0
11-18 21:00,1484.2857142857142
11-18 21:15,1662.473229052857
11-18 21:30,1936.2115959814284
11-18 21:45,1910.543678542857
11-18 22:00,1844.5426078342853
11-18 22:15,1484.2857142857142
11-18 22:30,2122.283737961429
11-18 22:45,2230.3499376457144
11-18 23:00,4993.047970542857
11-18 23:15,1484.2857142857142
11-18 23:30,2014.8231704142856
11-18 23:45,1747.0163365671426
11-19 00:00,1897.8956956242853
11-19 00:15,1484.2857142857142
11-19 00:30,1484.2857142857142
11-19 00:45,1484.2857142857142
11-19 01:00,1484.2857142857142
11-19 01:15,1484.2857142857142
11-19 01:30,1484.2857142857142
11-19 01:45,1484.2857142857142
11-19 02:00,1484.2857142857142
11-19 02:15,1484.2857142857142
11-19 02:30,1484.2857142857142
11-19 02:45,1484.2857142857142
11-19 03:00,1987.7925979085712
11-19 03:15,1951.3378624857144
11-19 03:30,2228.8806271471426
11-19 03:45,1484.2857142857142
11-19 04:00,1773.7209854599998
11-19 04:15,1484.2857142857142
11-19 04:30,2884.239941001428
11-19 04:45,2386.562450084285
11-19 05:00,1916.4838967614287
11-19 05:15,12107.064176971431
11-19 05:30,2493.495202022857
11-19 05:45,6373.545577657143
11-19 06:00,2478.1542210142857
11-19 06:15,5616.60442987143
11-19 06:30,6793.734619328572
11-19 06:45,1494.2862742857144
11-19 07:00,2749.575695457143
11-19 07:15,640.5048246428573
11-19 07:30,5852.6211134
11-19 07:45,12740.139742585714
11-19 08:00,7763.753190928572
11-19 08:15,10943.13110494286
11-19 08:30,5221.387833614287
11-19 08:45,7338.768321628571
11-19 09:00,1073.1711260000002
11-19 09:15,1172.9699768571431
11-19 09:30,4336.565760228572
11-19 09:45,12931.820432714288
11-19 10:00,5771.427442885714
11-19 10:15,1484.2857142857142
11-19 10:30,6783.567480757142
11-19 10:45,8062.720578557142
11-19 11:00,11791.962236857144
11-19 11:15,19057.468962857143
11-19 11:30,9209.497729042858
11-19 11:45,7661.729045485714
11-19 12:00,3458.100144585714
11-19 12:15,5781.211509728571
11-19 12:30,7511.826308585713
11-19 12:45,10032.455081571428
11-19 13:00,11875.198068185717
11-19 13:15,3496.206463042857
11-19 13:30,6745.588155857144
11-19 13:45,6056.705204928571
11-19 14:00,12235.393668914288
11-19 14:15,6645.850870385714
11-19 14:30,7865.414217614287
11-19 14:45,6631.535247314287
11-19 15:00,1713.5189250714286
11-19 15:15,7363.697970757144
11-19 15:30,9072.9393497
11-19 15:45,1561.7753398142856
11-19 16:00,12456.515184385717
11-19 16:15,9547.558252257144
11-19 16:30,14933.838736285716
11-19 16:45,19923.63684771429
11-19 17:00,418.1310812857144
11-19 17:15,2812.6689027
11-19 17:30,13115.102225
11-19 17:45,3281.7677467857147
11-19 18:00,9681.974049357144
11-19 18:15,5239.972035900001
11-19 18:30,9922.560640671429
11-19 18:45,3517.163297814285
11-19 19:00,799.0436700285716
11-19 19:15,2888.5453021714293
11-19 19:30,0.2872056714285444
11-19 19:45,53.712649400000174
11-19 20:00,0.0
11-19 20:15,0.0
11-19 20:30,0.0
11-19 20:45,0.0
11-19 21:00,0.0
11-19 21:15,0.0
11-19 21:30,0.0
11-19 21:45,0.0
11-19 22:00,1977.10998915
11-19 22:15,1484.2857142857142
11-19 22:30,5227.537346987143
11-19 22:45,1484.2857142857142
11-19 23:00,1484.2857142857142
11-19 23:15,1484.2857142857142
11-19 23:30,2998.1175109285714
11-19 23:45,1484.2857142857142
11-20 00:00,1484.2857142857142
11-20 00:15,2137.1067604971427
11-20 00:30,2072.286066287143
11-20 00:45,2018.59526923
11-20 01:00,1484.2857142857142
11-20 01:15,1484.2857142857142
11-20 01:30,1484.2857142857142
11-20 01:45,1484.2857142857142
11-20 02:00,1484.2857142857142
11-20 02:15,1484.2857142857142
11-20 02:30,1484.2857142857142
11-20 02:45,1484.2857142857142
11-20 03:00,2270.614303825714
11-20 03:15,1484.2857142857142
11-20 03:30,2115.24211722
11-20 03:45,1484.2857142857142
11-20 04:00,2180.3041902814284
11-20 04:15,1484.2857142857142
11-20 04:30,1484.2857142857142
11-20 04:45,2734.438717837143
11-20 05:00,3070.8225752000003
11-20 05:15,2334.91728609
11-20 05:30,1484.2857142857142
11-20 05:45,2050.6299790771427
11-20 06:00,7010.918201442857
11-20 06:15,18278.00191042857
11-20 06:30,3105.928559428572
11-20 06:45,2113.3028975442858
11-20 07:00,6001.838843371429
11-20 07:15,9068.427002857145
11-20 07:30,12274.20209602857
11-20 07:45,1728.6849666428573
11-20 08:00,6368.140904142858
11-20 08:15,9417.01660474286
11-20 08:30,412.9531685571429
11-20 08:45,2753.5459039428574
11-20 09:00,3205.612774271429
11-20 09:15,9085.713630728573
11-20 09:30,9245.87238944286
11-20 09:45,1881.8564097571427
11-20 10:00,1608.1373911
11-20 10:15,2164.7822543714287
11-20 10:30,2419.444449885714
11-20 10:45,0.0
11-20 11:00,1762.432193214286
11-20 11:15,8835.7605937
11-20 11:30,4881.068180114287
11-20 11:45,6967.933533271428
11-20 12:00,2226.642480228572
11-20 12:15,7253.089454614286
11-20 12:30,4323.965045357143
11-20 12:45,2866.0003855829027
11-20 13:00,9120.316536185714
11-20 13:15,14030.214476857143
11-20 13:30,5641.265719242858
11-20 13:45,13375.69742115714
11-20 14:00,13880.813565
11-20 14:15,16230.431263142858
11-20 14:30,4936.674339857143
11-20 14:45,3734.063533685715
11-20 15:00,1601.0364771428574
11-20 15:15,12050.726805642858
11-20 15:30,2111.0813289857147
11-20 15:45,4099.502997657144
11-20 16:00,14013.502909571427
11-20 16:15,4228.531325314286
11-20 16:30,9863.7795221
11-20 16:45,11667.523515985711
11-20 17:00,10517.720260585713
11-20 17:15,8096.06755127143
11-20 17:30,9784.978407742858
11-20 17:45,2413.4299008142857
11-20 18:00,16377.765403
11-20 18:15,11388.080105700004
11-20 18:30,5242.7512916714295
11-20 18:45,1846.7537055428568
11-20 19:00,4647.561995
11-20 19:15,1096.6146963257145
11-20 19:30,4562.834585742858
11-20 19:45,7304.433630685715
11-20 20:00,1959.7698264
11-20 20:15,2071.2002335285715
11-20 20:30,1024.7571084228573
11-20 20:45,636.82366765
11-20 21:00,5714.658431528571
11-20 21:15,1877.6660290214284
11-20 21:30,2038.5792656828569
11-20 21:45,6646.674629200001
11-20 22:00,7691.051530185714
11-20 22:15,3178.9035923142856
11-20 22:30,1687.713335402857
11-20 22:45,2057.645689668572
11-20 23:00,2258.6535419814286
11-20 23:15,1990.98537474
11-20 23:30,2136.0808494185712
11-20 23:45,2603.2527300785714
11-21 00:00,1484.2857142857142
11-21 00:15,2083.0900090500004
11-21 00:30,1484.2857142857142
11-21 00:45,1484.2857142857142
11-21 01:00,1484.2857142857142
11-21 01:15,1484.2857142857142
11-21 01:30,1484.2857142857142
11-21 01:45,1484.2857142857142
11-21 02:00,1484.2857142857142
11-21 02:15,1484.2857142857142
11-21 02:30,2097.892589857143
11-21 02:45,1484.2857142857142
11-21 03:00,2104.9750035771426
11-21 03:15,1874.897978592857
11-21 03:30,2155.078354504286
11-21 03:45,1484.2857142857142
11-21 04:00,2373.2165676485715
11-21 04:15,1484.2857142857142
11-21 04:30,1484.2857142857142
11-21 04:45,1484.2857142857142
11-21 05:00,1484.2857142857142
11-21 05:15,1964.7333426228568
11-21 05:30,9165.908689142856
11-21 05:45,2156.236010621428
11-21 06:00,3721.678045257143
11-21 06:15,9285.1871672
11-21 06:30,9961.195581728532
11-21 06:45,3093.292265885714
11-21 07:00,11234.902682342856
11-21 07:15,8162.762928814287
11-21 07:30,6187.472954857143
11-21 07:45,6077.262573571429
11-21 08:00,3135.4966137142856
11-21 08:15,15868.98076785714
11-21 08:30,8405.444123557143
11-21 08:45,0.0
11-21 09:00,8754.195624771428
11-21 09:15,11464.721569971429
11-21 09:30,10154.550740228571
11-21 09:45,13627.04267614286
11-21 10:00,9722.145895985715
11-21 10:15,2303.6784333
11-21 10:30,11020.173698714283
11-21 10:45,6229.979724685715
11-21 11:00,6332.815767800002
11-21 11:15,11393.816701028572
11-21 11:30,15359.849601142858
11-21 11:45,8118.7011503428575
11-21 12:00,16471.84309214286
11-21 12:15,2927.4521964
11-21 12:30,25665.25352042861
11-21 12:45,1372.3120463714288
11-21 13:00,1309.7397937571432
11-21 13:15,7511.470951385715
11-21 13:30,4381.814201942858
11-21 13:45,12862.975283999998
11-21 14:00,4968.490452357143
11-21 14:15,6766.381498142859
11-21 14:30,2886.404309128571
11-21 14:45,2672.485685528571
11-21 15:00,627.9857013000001
11-21 15:15,11551.0191215
11-21 15:30,7065.747350157144
11-21 15:45,12779.269825242856
11-21 16:00,18448.104379142856
11-21 16:15,4782.372791471429
11-21 16:30,3689.883353557143
11-21 16:45,2197.2507301571427
11-21 17:00,16540.06962157143
11-21 17:15,3136.5952545142864
11-21 17:30,7567.278698985715
11-21 17:45,12366.077272400002
11-21 18:00,7162.595884014286
11-21 18:15,15714.982330714289
11-21 18:30,10651.4395172
11-21 18:45,1619.8642677428572
11-21 19:00,942.9577184928572
11-21 19:15,8187.8993443
11-21 19:30,6051.640430442857
11-21 19:45,6159.801291014286
11-21 20:00,4324.075353985714
11-21 20:15,3684.719895414286
11-21 20:30,1656.471911842857
11-21 20:45,1863.8145830857145
11-21 21:00,5682.1019864857135
11-21 21:15,584.0804410613858
11-21 21:30,2372.425726482857
11-21 21:45,2706.89751915
11-21 22:00,2293.347449437143
11-21 22:15,2741.474358578572
11-21 22:30,5221.023015285715
11-21 22:45,2047.4559928842857
11-21 23:00,1484.2857142857142
11-21 23:15,1939.8075184714285
11-21 23:30,1968.78193844
11-21 23:45,1484.2857142857142
11-22 00:00,2159.552124034285
11-22 00:15,5184.728148914285
11-22 00:30,2117.846291585714
11-22 00:45,2007.3377270557144
11-22 01:00,1484.2857142857142
11-22 01:15,1484.2857142857142
11-22 01:30,2283.722645342857
11-22 01:45,2028.2381866200003
11-22 02:00,2642.9895709557145
11-22 02:15,1818.3658386228567
11-22 02:30,4265.7752868
11-22 02:45,2252.6117202671426
11-22 03:00,1484.2857142857142
11-22 03:15,1484.2857142857142
11-22 03:30,1484.2857142857142
11-22 03:45,1484.2857142857142
11-22 04:00,1484.2857142857142
11-22 04:15,1484.2857142857142
11-22 04:30,1484.2857142857142
11-22 04:45,1484.2857142857142
11-22 05:00,1484.2857142857142
11-22 05:15,1484.2857142857142
11-22 05:30,1886.48535622
11-22 05:45,1871.1928627485715
11-22 06:00,13224.098383585711
11-22 06:15,8301.995160299999
11-22 06:30,3628.585074371428
11-22 06:45,18028.343662714287
11-22 07:00,6822.584000642857
11-22 07:15,6304.448058328573
11-22 07:30,3251.692105642857
11-22 07:45,1392.960410428571
11-22 08:00,9689.1724832
11-22 08:15,10006.728189014288
11-22 08:30,10193.884216442855
11-22 08:45,5004.2056921
11-22 09:00,3773.581917142857
11-22 09:15,0.0
11-22 09:30,18437.00163142857
11-22 09:45,412.5009253857145
11-22 10:00,9438.483799457144
11-22 10:15,13121.933432428574
11-22 10:30,8184.818335828572
11-22 10:45,10904.5368568
11-22 11:00,3643.371264742857
11-22 11:15,2255.6591326
11-22 11:30,7905.562417057144
11-22 11:45,8550.296232728571
11-22 12:00,10471.001135985714
11-22 12:15,6780.703463658619
11-22 12:30,6138.526925357142
11-22 12:45,13328.766847857143
11-22 13:00,5551.815438557144
11-22 13:15,12205.27657687143
11-22 13:30,12517.306018728574
11-22 13:45,20011.957633
11-22 14:00,3541.443329371429
11-22 14:15,15515.857784285714
11-22 14:30,11228.138452671428
11-22 14:45,5549.351941685716
11-22 15:00,3362.2928687714284
11-22 15:15,6454.783905014286
11-22 15:30,12448.341246857144
11-22 15:45,17119.296193142858
11-22 16:00,16792.641758857142
11-22 16:15,22770.022495142857
11-22 16:30,15256.960878285716
11-22 16:45,10858.792808985716
11-22 17:00,6310.518890342858
11-22 17:15,5479.073859285715
11-22 17:30,12017.23648652857
11-22 17:45,5546.538166514286
11-22 18:00,11388.888259457144
11-22 18:15,2273.468777442857
11-22 18:30,2776.6838515
11-22 18:45,4172.028975185714
11-22 19:00,1240.0728490385711
11-22 19:15,5353.952923114286
11-22 19:30,2411.396951824286
11-22 19:45,3372.4177901142866
11-22 20:00,5405.873286514286
11-22 20:15,6537.664246485715
11-22 20:30,2024.881200457143
11-22 20:45,11853.482428300002
11-22 21:00,1771.7232284571433
11-22 21:15,1589.9417096714287
11-22 21:30,811.9131160985714
11-22 21:45,7034.399074342857
11-22 22:00,3144.430159842857
11-22 22:15,0.0
11-22 22:30,515.1531916914287
11-22 22:45,0.0
11-22 23:00,1484.2857142857142
11-22 23:15,254.62553461428595
11-22 23:30,0.0
11-22 23:45,0.0
11-23 00:00,529.0054023085715
11-23 00:15,1169.8575606557142
11-23 00:30,0.0
11-23 00:45,0.0
11-23 01:00,1484.2857142857142
11-23 01:15,2521.33984385
11-23 01:30,2416.441408762857
11-23 01:45,2241.6049681714285
11-23 02:00,6719.830255771428
11-23 02:15,5022.928581842857
11-23 02:30,2079.3452636814286
11-23 02:45,6267.467078542857
11-23 03:00,1484.2857142857142
11-23 03:15,1484.2857142857142
11-23 03:30,1484.2857142857142
11-23 03:45,1484.2857142857142
11-23 04:00,4955.072709185714
11-23 04:15,1484.2857142857142
11-23 04:30,1484.2857142857142
11-23 04:45,1484.2857142857142
11-23 05:00,1484.2857142857142
11-23 05:15,2624.7017513714286
11-23 05:30,1928.2363639328569
11-23 05:45,2393.6040546671425
11-23 06:00,4852.5672962
11-23 06:15,2061.8661191314286
11-23 06:30,8501.143579485713
11-23 06:45,1484.2857142857142
11-23 07:00,7615.168474171429
11-23 07:15,4922.319122914287
11-23 07:30,1937.4584765157144
11-23 07:45,4854.435906471428
11-23 08:00,0.0
11-23 08:15,0.0
11-23 08:30,5678.967324614286
11-23 08:45,0.0
11-23 09:00,10529.468241528572
11-23 09:15,2384.414622961427
11-23 09:30,1256.2980542571431
11-23 09:45,2659.5729587571427
11-23 10:00,15446.281557571428
11-23 10:15,10270.039390171429
11-23 10:30,12474.108658542857
11-23 10:45,25257.556342857148
11-23 11:00,8405.097611757143
11-23 11:15,6624.843407757144
11-23 11:30,11839.448992642858
11-23 11:45,10826.801256128572
11-23 12:00,4412.802933114285
11-23 12:15,6111.986941628572
11-23 12:30,5446.390678428571
11-23 12:45,7084.1960558857145
11-23 13:00,3851.207454114285
11-23 13:15,15251.961499428571
11-23 13:30,5567.726642657143
11-23 13:45,3708.003985685714
11-23 14:00,2839.858591357143
11-23 14:15,3285.2933513714283
11-23 14:30,11667.80310012857
11-23 14:45,1306.4096826571429
11-23 15:00,12040.375510671429
11-23 15:15,16336.486127
11-23 15:30,0.0
11-23 15:45,2146.260619014286
11-23 16:00,413.444436614286
11-23 16:15,12485.647457585714
11-23 16:30,4225.198974271429
11-23 16:45,6100.907008457144
11-23 17:00,389.14246392857154
11-23 17:15,2734.6994338857144
11-23 17:30,1835.6939865000004
11-23 17:45,4700.089818500001
11-23 18:00,27.943887585714247
11-23 18:15,0.0
11-23 18:30,0.0
11-23 18:45,39.32373691428578
11-23 19:00,0.0
11-23 19:15,1121.2352902
11-23 19:30,3722.070542228572
11-23 19:45,562.1117310285714
11-23 20:00,1484.2857142857142
11-23 20:15,3359.682879014286
11-23 20:30,5745.037378928572
11-23 20:45,326.1706961357143
11-23 21:00,4203.869460485714
11-23 21:15,1856.2270842971427
11-23 21:30,2676.2116422228573
11-23 21:45,7077.846124685714
11-23 22:00,0.0
11-23 22:15,0.0
11-23 22:30,0.0
11-23 22:45,7064.72097274853
11-23 23:00,2951.8441911714285
11-23 23:15,6582.703576671428
11-23 23:30,1484.2857142857142
11-23 23:45,2095.97319373
11-24 00:00,1484.2857142857142
11-24 00:15,1484.2857142857142
11-24 00:30,1484.2857142857142
11-24 00:45,1484.2857142857142
11-24 01:00,1484.2857142857142
11-24 01:15,1484.2857142857142
11-24 01:30,1484.2857142857142
11-24 01:45,1484.2857142857142
11-24 02:00,5932.075297628572
11-24 02:15,1484.2857142857142
11-24 02:30,2064.9016177614285
11-24 02:45,1903.5483029014283
11-24 03:00,1484.2857142857142
11-24 03:15,1929.8722607171424
11-24 03:30,1484.2857142857142
11-24 03:45,1484.2857142857142
11-24 04:00,1484.2857142857142
11-24 04:15,1484.2857142857142
11-24 04:30,1484.2857142857142
11-24 04:45,5832.062540542857
11-24 05:00,1484.2857142857142
11-24 05:15,1484.2857142857142
11-24 05:30,1484.2857142857142
11-24 05:45,1484.2857142857142
11-24 06:00,1484.2857142857142
11-24 06:15,1484.2857142857142
11-24 06:30,2433.307418832857
11-24 06:45,1484.2857142857142
11-24 07:00,12179.2971126
11-24 07:15,2677.0600097928573
11-24 07:30,1484.2857142857142
11-24 07:45,10682.489965385716
11-24 08:00,6560.561549142857
11-24 08:15,2622.4098769857146
11-24 08:30,1584.6203530857144
11-24 08:45,2450.7654741285714
11-24 09:00,2065.817984971429
11-24 09:15,13493.785660657142
11-24 09:30,14240.6147599
11-24 09:45,8487.4159816
11-24 10:00,3494.183044528572
11-24 10:15,15140.024503857145
11-24 10:30,20561.66960414286
11-24 10:45,6219.6828519857145
11-24 11:00,15976.50439
11-24 11:15,13567.651862842857
11-24 11:30,12412.071641128572
11-24 11:45,15365.010674842855
11-24 12:00,22178.40387828571
11-24 12:15,21856.704086
11-24 12:30,18098.09650771429
11-24 12:45,22625.07834357143
11-24 13:00,7460.2316140428575
11-24 13:15,6114.344631785714
11-24 13:30,11046.463145585714
11-24 13:45,5443.2014827
11-24 14:00,12111.00841407143
11-24 14:15,7721.063423958571
11-24 14:30,846.9174878714288
11-24 14:45,9313.891077514289
11-24 15:00,7287.465915442858
11-24 15:15,10115.731948314287
11-24 15:30,7182.109183114286
11-24 15:45,13964.486882285715
11-24 16:00,20599.81449314285
11-24 16:15,23377.14715228572
11-24 16:30,5707.948868685715
11-24 16:45,8579.981981685714
11-24 17:00,5354.967010257144
11-24 17:15,10559.522034585714
11-24 17:30,7783.292602457143
11-24 17:45,6913.320059914287
11-24 18:00,0.0
11-24 18:15,4039.7154343571424
11-24 18:30,779.8717091571431
11-24 18:45,834.8604502714285
11-24 19:00,4690.3221762428575
11-24 19:15,5794.3807882142855
11-24 19:30,0.0
11-24 19:45,1071.2637974857143
11-24 20:00,1625.2673543000003
11-24 20:15,0.0
11-24 20:30,4012.5648704428577
11-24 20:45,1360.6287731000002
11-24 21:00,0.0
11-24 21:15,0.0
11-24 21:30,0.0
11-24 21:45,0.0
11-24 22:00,0.0
11-24 22:15,0.0
11-24 22:30,0.0
11-24 22:45,0.0
11-24 23:00,1484.2857142857142
11-24 23:15,1484.2857142857142
11-24 23:30,2616.251755005714
11-24 23:45,1484.2857142857142
11-25 00:00,3691.286075828572
11-25 00:15,1484.2857142857142
11-25 00:30,1484.2857142857142
11-25 00:45,1484.2857142857142
11-25 01:00,1484.2857142857142
11-25 01:15,1484.2857142857142
11-25 01:30,1484.2857142857142
11-25 01:45,2184.745212718572
11-25 02:00,1484.2857142857142
11-25 02:15,1484.2857142857142
11-25 02:30,1484.2857142857142
11-25 02:45,1484.2857142857142
11-25 03:00,2026.9568360514288
11-25 03:15,1484.2857142857142
11-25 03:30,1976.8112240171429
11-25 03:45,2190.8030325728573
11-25 04:00,2280.939072815714
11-25 04:15,3018.1452634428574
11-25 04:30,1985.4330341542857
11-25 04:45,1484.2857142857142
11-25 05:00,1484.2857142857142
11-25 05:15,2049.35863444
11-25 05:30,2306.3374986242857
11-25 05:45,2720.3324027342856
11-25 06:00,1240.2445955714286
11-25 06:15,7592.5452393428595
11-25 06:30,5570.111509242858
11-25 06:45,3207.0680614571424
11-25 07:00,1263.294220757143
11-25 07:15,978.5919268428572
11-25 07:30,7680.643457085714
11-25 07:45,2650.4656239571427
11-25 08:00,10386.193049957144
11-25 08:15,3994.475303228572
11-25 08:30,9876.300462114285
11-25 08:45,4336.584778657143
11-25 09:00,16297.561444428571
11-25 09:15,6032.231241214287
11-25 09:30,503.9389338571431
11-25 09:45,6851.889259200001
11-25 10:00,2780.5792365428574
11-25 10:15,11532.882535771472
11-25 10:30,13199.692321457143
11-25 10:45,3089.9151235
11-25 11:00,727.1050123285715
11-25 11:15,6507.364898828571
11-25 11:30,5633.043598028572
11-25 11:45,2137.1372773142857
11-25 12:00,1528.402173457143
11-25 12:15,19826.557358857142
11-25 12:30,6337.504323842857
11-25 12:45,9970.722993328573
11-25 13:00,12791.423569071429
11-25 13:15,3334.217535471428
11-25 13:30,10299.735130457144
11-25 13:45,3115.112553342857
11-25 14:00,19581.52801828572
11-25 14:15,6058.974240128571
11-25 14:30,4611.022700214286
11-25 14:45,11239.73107552857
11-25 15:00,4010.0880614142857
11-25 15:15,11443.024649885716
11-25 15:30,10417.77898704286
11-25 15:45,6277.0646658714295
11-25 16:00,21369.120048
11-25 16:15,5455.302453628572
11-25 16:30,22578.54511157143
11-25 16:45,13015.131802000002
11-25 17:00,1477.5754799285714
11-25 17:15,12112.601770057145
11-25 17:30,11609.839913214288
11-25 17:45,9765.774191128572
11-25 18:00,9553.38652347143
11-25 18:15,7541.302435685715
11-25 18:30,5307.186413557143
11-25 18:45,5022.700205928571
11-25 19:00,3405.299786942857
11-25 19:15,0.0
11-25 19:30,740.6884454000002
11-25 19:45,524.9586950714288
11-25 20:00,6775.672989642858
11-25 20:15,2870.089092308572
11-25 20:30,216.7724384000001
11-25 20:45,9443.917417828572
11-25 21:00,6607.410603314285
11-25 21:15,4996.446319971428
11-25 21:30,89.61998698424306
11-25 21:45,1782.4113275399998
11-25 22:00,2739.127358287143
11-25 22:15,4966.037614742858
11-25 22:30,1484.2857142857142
11-25 22:45,3925.963140428572
11-25 23:00,1484.2857142857142
11-25 23:15,2811.7280980957144
11-25 23:30,2437.1936895057142
11-25 23:45,1484.2857142857142
11-26 00:00,2010.2363700728567
11-26 00:15,1484.2857142857142
11-26 00:30,1484.2857142857142
11-26 00:45,1484.2857142857142
11-26 01:00,1484.2857142857142
11-26 01:15,1484.2857142857142
11-26 01:30,2008.192038288572
11-26 01:45,1928.1763841571428
11-26 02:00,1484.2857142857142
11-26 02:15,1484.2857142857142
11-26 02:30,1484.2857142857142
11-26 02:45,2340.895755547143
11-26 03:00,1975.092530568572
11-26 03:15,2210.9940334842854
11-26 03:30,1484.2857142857142
11-26 03:45,1484.2857142857142
11-26 04:00,1484.2857142857142
11-26 04:15,2619.4522327171426
11-26 04:30,1484.2857142857142
11-26 04:45,4953.3340871
11-26 05:00,1805.0467517242853
11-26 05:15,1718.464598142857
11-26 05:30,2108.0100230857142
11-26 05:45,1893.3002086171427
11-26 06:00,15925.681260142856
11-26 06:15,3127.851181314286
11-26 06:30,5694.798350914286
11-26 06:45,5969.559213742857
11-26 07:00,1695.6455625857143
11-26 07:15,2750.487896385714
11-26 07:30,13167.642727714288
11-26 07:45,1817.0340596857147
11-26 08:00,13318.569079428577
11-26 08:15,11077.99332977143
11-26 08:30,4359.035080228572
11-26 08:45,14745.859750857146
11-26 09:00,6179.532706471429
11-26 09:15,3252.187677557143
11-26 09:30,9094.003865685714
11-26 09:45,3614.496359885715
11-26 10:00,6413.876145285714
11-26 10:15,418.3006319
11-26 10:30,1192.9533717714287
11-26 10:45,9055.078247242856
11-26 11:00,4782.712482842859
11-26 11:15,2610.428957557143
11-26 11:30,2574.082450785714
11-26 11:45,1814.453470842857
11-26 12:00,4073.391295257143
11-26 12:15,863.7556229000002
11-26 12:30,1663.3363719142858
11-26 12:45,8236.69799817143
11-26 13:00,10915.978827200002
11-26 13:15,6940.3943672000005
11-26 13:30,4599.760396757143
11-26 13:45,16565.887250428575
11-26 14:00,10976.773231542857
11-26 14:15,12492.472592642856
11-26 14:30,17462.812035857143
11-26 14:45,5713.687857185715
11-26 15:00,9064.640332014284
11-26 15:15,15465.687976142855
11-26 15:30,18097.88872357143
11-26 15:45,16286.07450557143
11-26 16:00,16622.061050142856
11-26 16:15,10784.927816352903
11-26 16:30,26425.293608428576
11-26 16:45,3230.060926471429
11-26 17:00,14285.901401714284
11-26 17:15,5328.763549285715
11-26 17:30,2186.1186130857145
11-26 17:45,16947.816800428573
11-26 18:00,7458.9534468142865
11-26 18:15,25541.238798
11-26 18:30,706.041476614286
11-26 18:45,4182.666457071429
11-26 19:00,4175.888214085714
11-26 19:15,218.4436901714288
11-26 19:30,0.0
11-26 19:45,5238.920064685715
11-26 20:00,1330.065697087143
11-26 20:15,0.0
11-26 20:30,7290.714926771428
11-26 20:45,1699.8986690428571
11-26 21:00,2250.96293275
11-26 21:15,1484.2857142857142
11-26 21:30,114.04154501428572
11-26 21:45,126.70443472857156
11-26 22:00,2175.138239532857
11-26 22:15,1848.6686121271428
11-26 22:30,4567.658620714286
11-26 22:45,2109.214825161428
11-26 23:00,2647.9201113028566
11-26 23:15,1484.2857142857142
11-26 23:30,1484.2857142857142
11-26 23:45,1484.2857142857142
11-27 00:00,6124.7714193
11-27 00:15,2016.323305277143
11-27 00:30,2043.4238978714288
11-27 00:45,1484.2857142857142
11-27 01:00,1484.2857142857142
11-27 01:15,1484.2857142857142
11-27 01:30,1484.2857142857142
11-27 01:45,1484.2857142857142
11-27 02:00,1484.2857142857142
11-27 02:15,1484.2857142857142
11-27 02:30,1484.2857142857142
11-27 02:45,1484.2857142857142
11-27 03:00,1484.2857142857142
11-27 03:15,2221.2749397771427
11-27 03:30,1484.2857142857142
11-27 03:45,1484.2857142857142
11-27 04:00,1484.2857142857142
11-27 04:15,2032.0011592928568
11-27 04:30,1484.2857142857142
11-27 04:45,1484.2857142857142
11-27 05:00,2576.5110750614285
11-27 05:15,4880.899844899999
11-27 05:30,1484.2857142857142
11-27 05:45,1964.0203891514288
11-27 06:00,14180.251989728573
11-27 06:15,9828.11160382857
11-27 06:30,16011.159131857145
11-27 06:45,6332.359016571429
11-27 07:00,20476.557314142858
11-27 07:15,2022.975704328572
11-27 07:30,11500.712109585716
11-27 07:45,5678.860071971429
11-27 08:00,12281.146923842858
11-27 08:15,3185.3760689857145
11-27 08:30,10170.427864214284
11-27 08:45,2327.886883528571
11-27 09:00,2142.4608564571427
11-27 09:15,16005.787761428572
11-27 09:30,15539.601472857144
11-27 09:45,12504.345705057143
11-27 10:00,5158.702377071429
11-27 10:15,13454.537153428571
11-27 10:30,5508.436745371429
11-27 10:45,7271.730881342858
11-27 11:00,12065.849305699998
11-27 11:15,4732.175553885715
11-27 11:30,3074.7942995857143
11-27 11:45,5206.420858471429
11-27 12:00,6827.891616957144
11-27 12:15,4034.666414914287
11-27 12:30,1202.8103589285715
11-27 12:45,0.0
11-27 13:00,3525.6098573571435
11-27 13:15,9995.137710942856
11-27 13:30,6820.835860057144
11-27 13:45,12805.35648257143
11-27 14:00,3478.9133796
11-27 14:15,5247.958717571428
11-27 14:30,15214.212708157143
11-27 14:45,2350.860488574285
11-27 15:00,10646.689986928572
11-27 15:15,13112.006218
11-27 15:30,5114.170260714286
11-27 15:45,8430.417900800001
11-27 16:00,20352.55206357143
11-27 16:15,2271.1077629142856
11-27 16:30,20309.27861514286
11-27 16:45,8712.583073628572
11-27 17:00,7789.277782057144
11-27 17:15,6300.474167157144
11-27 17:30,6862.917133357143
11-27 17:45,8045.025888814287
11-27 18:00,16200.707215920002
11-27 18:15,6473.219670557143
11-27 18:30,5114.847349442858
11-27 18:45,14149.402253714285
11-27 19:00,1632.7705631714284
11-27 19:15,10013.086734242856
11-27 19:30,11275.420825385714
11-27 19:45,6975.2047646857145
11-27 20:00,1129.3480626857142
11-27 20:15,10664.706464331428
11-27 20:30,0.0
11-27 20:45,0.0
11-27 21:00,2081.0761914071427
11-27 21:15,0.0
11-27 21:30,2101.068849908572
11-27 21:45,5840.956704565671
11-27 22:00,1484.2857142857142
11-27 22:15,2501.9844825757136
11-27 22:30,1484.2857142857142
11-27 22:45,1484.2857142857142
11-27 23:00,2054.686254324286
11-27 23:15,2094.807321862857
11-27 23:30,1484.2857142857142
11-27 23:45,2062.406182852857
11-28 00:00,1484.2857142857142
11-28 00:15,1484.2857142857142
11-28 00:30,1484.2857142857142
11-28 00:45,6240.6299996
11-28 01:00,1484.2857142857142
11-28 01:15,1484.2857142857142
11-28 01:30,1484.2857142857142
11-28 01:45,1484.2857142857142
11-28 02:00,1484.2857142857142
11-28 02:15,1484.2857142857142
11-28 02:30,1484.2857142857142
11-28 02:45,1484.2857142857142
11-28 03:00,1484.2857142857142
11-28 03:15,1484.2857142857142
11-28 03:30,1923.769815992857
11-28 03:45,1484.2857142857142
11-28 04:00,2191.021155781428
11-28 04:15,1484.2857142857142
11-28 04:30,1735.754622865714
11-28 04:45,1803.0495966385715
11-28 05:00,2654.4848765157144
11-28 05:15,1883.29217886
11-28 05:30,1484.2857142857142
11-28 05:45,1484.2857142857142
11-28 06:00,10342.325176257144
11-28 06:15,4946.6855976
11-28 06:30,9225.458929271428
11-28 06:45,14837.7799087
11-28 07:00,9602.536805571428
11-28 07:15,15089.603810714283
11-28 07:30,8823.569510171428
11-28 07:45,4422.611552328572
11-28 08:00,10508.981269828571
11-28 08:15,4407.611189985714
11-28 08:30,9090.349568357142
11-28 08:45,6074.349784314287
11-28 09:00,8159.490293442857
11-28 09:15,2203.837437671429
11-28 09:30,1713.4665890857143
11-28 09:45,2197.225580971429
11-28 10:00,9634.132917185714
11-28 10:15,700.3148944857144
11-28 10:30,2192.554966357143
11-28 10:45,3816.816648528573
11-28 11:00,6804.86621147143
11-28 11:15,4981.2295297857145
11-28 11:30,1937.3618447000008
11-28 11:45,4530.545717100001
11-28 12:00,6874.973119085715
11-28 12:15,11007.419927467146
11-28 12:30,3563.4699621857144
11-28 12:45,11249.274416871427
11-28 13:00,4969.687512614286
11-28 13:15,10388.25721937143
11-28 13:30,4140.7973312
11-28 13:45,5682.547673457143
11-28 14:00,9819.870533642856
11-28 14:15,6851.3511251
11-28 14:30,8552.618138114287
11-28 14:45,4287.442199500001
11-28 15:00,3372.255931914285
11-28 15:15,1398.5296998000003
11-28 15:30,9213.955006385717
11-28 15:45,6214.860045057144
11-28 16:00,7891.515848714286
11-28 16:15,7048.992655614286
11-28 16:30,11956.4947884
11-28 16:45,9878.0888198
11-28 17:00,4450.157679928572
11-28 17:15,6453.4795166
11-28 17:30,16555.48260142857
11-28 17:45,5676.0722952714295
11-28 18:00,1571.5517940000004
11-28 18:15,11847.852603071433
11-28 18:30,18564.016402142857
11-28 18:45,2363.2820106285712
11-28 19:00,144.40610411428585
11-28 19:15,885.9328469714286
11-28 19:30,0.0
11-28 19:45,0.0
11-28 20:00,4493.1623677
11-28 20:15,3224.1293446428567
11-28 20:30,102.20052585714282
11-28 20:45,0.0
11-28 21:00,2118.52947513
11-28 21:15,1950.203234418572
11-28 21:30,1884.863766625714
11-28 21:45,2442.0410346671424
11-28 22:00,1849.171763798572
11-28 22:15,2617.462276665714
11-28 22:30,1889.47197298
11-28 22:45,3312.1618192285714
11-28 23:00,2092.210039572857
11-28 23:15,1799.0016531328572
11-28 23:30,1859.3679041842856
11-28 23:45,1484.2857142857142
11-29 00:00,5778.935290885714
11-29 00:15,1484.2857142857142
11-29 00:30,1789.6676273442856
11-29 00:45,1484.2857142857142
11-29 01:00,1900.5618092285715
11-29 01:15,1894.46955576
11-29 01:30,2421.703369094286
11-29 01:45,2214.2971963171426
11-29 02:00,1484.2857142857142
11-29 02:15,2421.0934796300003
11-29 02:30,3050.988066842857
11-29 02:45,3460.8223631714286
11-29 03:00,1484.2857142857142
11-29 03:15,1484.2857142857142
11-29 03:30,1484.2857142857142
11-29 03:45,1484.2857142857142
11-29 04:00,1484.2857142857142
11-29 04:15,1484.2857142857142
11-29 04:30,1484.2857142857142
11-29 04:45,1484.2857142857142
11-29 05:00,1484.2857142857142
11-29 05:15,6518.566543985715
11-29 05:30,1484.2857142857142
11-29 05:45,1484.2857142857142
11-29 06:00,6662.878653957144
11-29 06:15,13987.227295285717
11-29 06:30,4016.339828114285
11-29 06:45,14449.898444971432
11-29 07:00,7761.2821846285715
11-29 07:15,2525.1429367857145
11-29 07:30,1717.6133889000002
11-29 07:45,2860.400364257144
11-29 08:00,7321.448792528573
11-29 08:15,5543.760261000001
11-29 08:30,15067.490067285717
11-29 08:45,4818.555019571429
11-29 09:00,3719.4985566
11-29 09:15,13478.297007571427
11-29 09:30,5954.144125757143
11-29 09:45,8075.912722785714
11-29 10:00,2146.0264931
11-29 10:15,5765.005197142858
11-29 10:30,0.0
11-29 10:45,17766.802456428573
11-29 11:00,15406.280324442858
11-29 11:15,2121.4132346
11-29 11:30,9705.193916658616
11-29 11:45,11852.2415883
11-29 12:00,6366.9749842857145
11-29 12:15,10433.244334657144
11-29 12:30,16213.498304000002
11-29 12:45,3770.988961542857
11-29 13:00,5992.522875557143
11-29 13:15,10365.0525479
11-29 13:30,15158.957394942856
11-29 13:45,14836.319401771429
11-29 14:00,10393.899361528573
11-29 14:15,12954.113877714286
11-29 14:30,12845.320834142856
11-29 14:45,15199.925068142857
11-29 15:00,8708.034026257144
11-29 15:15,16993.96912142857
11-29 15:30,6443.023514414285
11-29 15:45,3334.801222914286
11-29 16:00,6891.3358577
11-29 16:15,16750.649649857143
11-29 16:30,5833.355234357143
11-29 16:45,14881.23644157143
11-29 17:00,2919.6155235999995
11-29 17:15,7707.712060714286
11-29 17:30,12495.867804814285
11-29 17:45,15736.405578571428
11-29 18:00,6610.674821114286
11-29 18:15,3145.8748295000005
11-29 18:30,3094.9489516857147
11-29 18:45,2202.181828328572
11-29 19:00,4887.959135071428
11-29 19:15,0.0
11-29 19:30,0.0
11-29 19:45,4361.070609614286
11-29 20:00,1086.5730920428573
11-29 20:15,4505.937889214286
11-29 20:30,6365.478870871429
11-29 20:45,792.3064719000001
11-29 21:00,1974.0769476857145
11-29 21:15,1008.6649332714288
11-29 21:30,3490.6856479
11-29 21:45,6681.836898028572
11-29 22:00,916.62923652
11-29 22:15,403.74704353
11-29 22:30,0.0
11-29 22:45,1308.507335404286
11-29 23:00,2236.69937917
11-29 23:15,3598.9100033428567
11-29 23:30,1995.206434865714
11-29 23:45,3089.481575842857
11-30 00:00,2339.15223088
11-30 00:15,1484.2857142857142
11-30 00:30,6823.952464342857
11-30 00:45,6330.747585900001
11-30 01:00,2190.154918077143
11-30 01:15,1929.029628807143
11-30 01:30,1484.2857142857142
11-30 01:45,1484.2857142857142
11-30 02:00,1484.2857142857142
11-30 02:15,7808.735649457143
11-30 02:30,2370.559927474286
11-30 02:45,1484.2857142857142
11-30 03:00,1484.2857142857142
11-30 03:15,1484.2857142857142
11-30 03:30,1484.2857142857142
11-30 03:45,1484.2857142857142
11-30 04:00,1847.10556815
11-30 04:15,2293.769954752857
11-30 04:30,1484.2857142857142
11-30 04:45,1484.2857142857142
11-30 05:00,1484.2857142857142
11-30 05:15,2527.432510221429
11-30 05:30,2186.87879635
11-30 05:45,3997.084062671429
11-30 06:00,2207.19365207
11-30 06:15,10926.973136971428
11-30 06:30,2050.7546797742857
11-30 06:45,7151.554146371429
11-30 07:00,3127.356470142857
11-30 07:15,5350.876775242857
11-30 07:30,2239.881061038572
11-30 07:45,3651.5763447
11-30 08:00,5555.274596528571
11-30 08:15,184.58336824285723
11-30 08:30,1289.8648536142855
11-30 08:45,0.0
11-30 09:00,15127.402934714286
11-30 09:15,10667.541941614283
11-30 09:30,16051.852105285714
11-30 09:45,3949.588176442858
11-30 10:00,451.95000862857154
11-30 10:15,18383.423052285714
11-30 10:30,12227.860465128571
11-30 10:45,6448.562537128571
11-30 11:00,7837.345477514286
11-30 11:15,16888.591171714284
11-30 11:30,1947.616517628572
11-30 11:45,11330.384607642858
11-30 12:00,13780.655698000002
11-30 12:15,13312.86671587715
11-30 12:30,1145.7169501428573
11-30 12:45,4816.386042271429
11-30 13:00,11973.876923185711
11-30 13:15,10447.7339087
11-30 13:30,5464.388671642857
11-30 13:45,8382.883704857142
11-30 14:00,13046.970644957144
11-30 14:15,6909.731931914286
11-30 14:30,2957.788782785715
11-30 14:45,11145.298946728572
11-30 15:00,2954.628052128572
11-30 15:15,15833.817216714287
11-30 15:30,2427.7404734857146
11-30 15:45,3349.746712685714
11-30 16:00,352.59922315714306
11-30 16:15,10250.763741857145
11-30 16:30,7266.22158767143
11-30 16:45,11005.97153907143
11-30 17:00,3688.4970678
11-30 17:15,10323.088393685715
11-30 17:30,11950.0877684
11-30 17:45,359.315752857143
11-30 18:00,3359.789356828572
11-30 18:15,3958.456920371428
11-30 18:30,0.0
11-30 18:45,10506.6606699
11-30 19:00,0.0
11-30 19:15,1867.693437728572
11-30 19:30,5467.157143942858
11-30 19:45,0.0
11-30 20:00,0.0
11-30 20:15,5034.408843771429
11-30 20:30,5037.511279642858
11-30 20:45,0.0
11-30 21:00,3313.216895571429
11-30 21:15,2.8977057857144346
11-30 21:30,0.0
11-30 21:45,0.0
11-30 22:00,16766.16074857143
11-30 22:15,0.0
11-30 22:30,0.0
11-30 22:45,0.0
11-30 23:00,2376.6649508985715
11-30 23:15,3073.9783752571
11-30 23:30,1957.493365182857
11-30 23:45,1821.3207307
12-01 00:00,2072.0942371771425
12-01 00:15,1484.2857142857142
12-01 00:30,1484.2857142857142
12-01 00:45,1484.2857142857142
12-01 01:00,1484.2857142857142
12-01 01:15,1484.2857142857142
12-01 01:30,1484.2857142857142
12-01 01:45,1484.2857142857142
12-01 02:00,1484.2857142857142
12-01 02:15,2436.1833879957144
12-01 02:30,1484.2857142857142
12-01 02:45,2024.3877451342853
12-01 03:00,1484.2857142857142
12-01 03:15,1484.2857142857142
12-01 03:30,1728.63405803
12-01 03:45,1484.2857142857142
12-01 04:00,1484.2857142857142
12-01 04:15,1484.2857142857142
12-01 04:30,2633.845392592857
12-01 04:45,1484.2857142857142
12-01 05:00,1484.2857142857142
12-01 05:15,1484.2857142857142
12-01 05:30,1484.2857142857142
12-01 05:45,1484.2857142857142
12-01 06:00,2331.221708402857
12-01 06:15,8824.926327228572
12-01 06:30,7012.3913646857145
12-01 06:45,4574.144187957143
12-01 07:00,5358.296671142858
12-01 07:15,2280.8300663614286
12-01 07:30,2296.753855775715
12-01 07:45,1957.471778718572
12-01 08:00,3875.1221601428574
12-01 08:15,7777.483320814285
12-01 08:30,10246.318851071428
12-01 08:45,2779.406590885714
12-01 09:00,4873.503691742857
12-01 09:15,2889.3868179571427
12-01 09:30,7882.992032314286
12-01 09:45,13030.19839492857
12-01 10:00,2314.226793214286
12-01 10:15,3080.4978851714286
12-01 10:30,9552.487789614286
12-01 10:45,7652.261860185716
12-01 11:00,11004.343408357145
12-01 11:15,12978.52148414286
12-01 11:30,3509.997948657143
12-01 11:45,10874.57070024286
12-01 12:00,3137.9067638285715
12-01 12:15,11804.036035314286
12-01 12:30,6023.886734514286
12-01 12:45,9340.071384971428
12-01 13:00,6749.3061351000015
12-01 13:15,8509.813341514286
12-01 13:30,15720.698585285716
12-01 13:45,3144.3963189571427
12-01 14:00,8797.98031870286
12-01 14:15,17316.249143285717
12-01 14:30,10330.1307757
12-01 14:45,6062.344832471428
12-01 15:00,8738.561572157143
12-01 15:15,18640.777000714286
12-01 15:30,8345.6033768
12-01 15:45,6160.6494516
12-01 16:00,3759.742780771429
12-01 16:15,12430.51507517143
12-01 16:30,3068.649777285714
12-01 16:45,7811.055341500001
12-01 17:00,6370.693727728572
12-01 17:15,1740.220472914286
12-01 17:30,0.0
12-01 17:45,6047.403000328572
12-01 18:00,4505.767382128572
12-01 18:15,3947.554296857143
12-01 18:30,0.0
12-01 18:45,686.6039100285715
12-01 19:00,450.15858451428574
12-01 19:15,1043.3065793714286
12-01 19:30,249.41299314285715
12-01 19:45,0.0
12-01 20:00,1397.463794057143
12-01 20:15,701.6541913000001
12-01 20:30,9600.292012442857
12-01 20:45,0.0
12-01 21:00,10708.175654385714
12-01 21:15,2862.563544777143
12-01 21:30,2936.417892957143
12-01 21:45,7495.459213971429
12-01 22:00,1484.2857142857142
12-01 22:15,5770.645566900001
12-01 22:30,1484.2857142857142
12-01 22:45,1484.2857142857142
12-01 23:00,1484.2857142857142
12-01 23:15,1484.2857142857142
12-01 23:30,2009.86661325
12-01 23:45,1484.2857142857142
12-02 00:00,1484.2857142857142
12-02 00:15,1484.2857142857142
12-02 00:30,1484.2857142857142
12-02 00:45,1484.2857142857142
12-02 01:00,1484.2857142857142
12-02 01:15,1891.134558318572
12-02 01:30,1484.2857142857142
12-02 01:45,1484.2857142857142
12-02 02:00,1869.3473764
12-02 02:15,2037.6403265571428
12-02 02:30,1484.2857142857142
12-02 02:45,1484.2857142857142
12-02 03:00,1925.084716712857
12-02 03:15,1484.2857142857142
12-02 03:30,2183.42674667
12-02 03:45,1484.2857142857142
12-02 04:00,1484.2857142857142
12-02 04:15,1484.2857142857142
12-02 04:30,1484.2857142857142
12-02 04:45,2115.61895576
12-02 05:00,2052.7853102571426
12-02 05:15,2047.2802029742857
12-02 05:30,3089.236972528572
12-02 05:45,3581.7640306
12-02 06:00,1063.9429572428571
12-02 06:15,6712.203517928572
12-02 06:30,895.6645035000003
12-02 06:45,10175.623959042858
12-02 07:00,7519.300738528572
12-02 07:15,9856.501758542858
12-02 07:30,8792.9668084
12-02 07:45,14362.375699714288
12-02 08:00,1890.899888728572
12-02 08:15,5476.104629257144
12-02 08:30,11953.66490147143
12-02 08:45,6175.637535628573
12-02 09:00,4696.355920785715
12-02 09:15,7328.977443971428
12-02 09:30,2387.7297153428576
12-02 09:45,8064.113407585715
12-02 10:00,14982.07693257143
12-02 10:15,595.8950384857146
12-02 10:30,4678.927366542857
12-02 10:45,1043.542048314286
12-02 11:00,5957.573328014286
12-02 11:15,7649.381674157143
12-02 11:30,5570.69799562857
12-02 11:45,5542.78997987143
12-02 12:00,10964.246448957145
12-02 12:15,4634.8715805
12-02 12:30,2320.376355837143
12-02 12:45,2809.168785617143
12-02 13:00,10851.944886771427
12-02 13:15,10520.881936585714
12-02 13:30,6090.530377342857
12-02 13:45,11113.44510647143
12-02 14:00,16170.137944142858
12-02 14:15,6909.747173757143
12-02 14:30,10488.671203057143
12-02 14:45,1471.6846533428577
12-02 15:00,15796.240966714284
12-02 15:15,4706.475454085715
12-02 15:30,7732.973008857143
12-02 15:45,9225.414385114284
12-02 16:00,9823.92507977143
12-02 16:15,3229.4287270571435
12-02 16:30,1697.2317081714286
12-02 16:45,3016.1214850428573
12-02 17:00,2453.9232119571425
12-02 17:15,2075.315283714286
12-02 17:30,4012.437707642856
12-02 17:45,8753.378781057143
12-02 18:00,4966.931398385715
12-02 18:15,13086.529274
12-02 18:30,5055.399646785714
12-02 18:45,2139.3548683571425
12-02 19:00,0.0
12-02 19:15,0.0
12-02 19:30,0.0
12-02 19:45,5231.320375171429
12-02 20:00,2975.4151568428574
12-02 20:15,0.0
12-02 20:30,4989.3952753
12-02 20:45,6177.978638200001
12-02 21:00,0.0
12-02 21:15,0.0
12-02 21:30,0.0
12-02 21:45,42.859810442857125
12-02 22:00,4796.654505822856
12-02 22:15,5881.598808114286
12-02 22:30,2705.5573266257143
12-02 22:45,2083.316927865714
12-02 23:00,5414.7414723
12-02 23:15,1484.2857142857142
12-02 23:30,1484.2857142857142
12-02 23:45,2615.618958342857
12-03 00:00,1795.9543187457143
12-03 00:15,1484.2857142857142
12-03 00:30,2027.285188317143
12-03 00:45,5951.871014628572
12-03 01:00,1484.2857142857142
12-03 01:15,1484.2857142857142
12-03 01:30,1484.2857142857142
12-03 01:45,1484.2857142857142
12-03 02:00,1944.850806255714
12-03 02:15,1484.2857142857142
12-03 02:30,3332.7462132428573
12-03 02:45,2010.2264510314285
12-03 03:00,1796.6076002499997
12-03 03:15,1484.2857142857142
12-03 03:30,1484.2857142857142
12-03 03:45,1484.2857142857142
12-03 04:00,1484.2857142857142
12-03 04:15,1484.2857142857142
12-03 04:30,1484.2857142857142
12-03 04:45,2059.10664239
12-03 05:00,1484.2857142857142
12-03 05:15,2545.70564314
12-03 05:30,1484.2857142857142
12-03 05:45,7955.495539585714
12-03 06:00,5593.685980371429
12-03 06:15,0.0
12-03 06:30,0.0
12-03 06:45,6261.395819900001
12-03 07:00,2121.9467836571434
12-03 07:15,4761.630452871429
12-03 07:30,11874.279984814286
12-03 07:45,18129.230811857145
12-03 08:00,7306.221651700001
12-03 08:15,3403.055302685714
12-03 08:30,13297.742192714286
12-03 08:45,4474.558310857144
12-03 09:00,3316.1426345428576
12-03 09:15,0.0
12-03 09:30,11020.798980900005
12-03 09:45,5231.1684026
12-03 10:00,1136.5709504000004
12-03 10:15,2025.5024143571432
12-03 10:30,790.3595603285717
12-03 10:45,11395.549865742858
12-03 11:00,14160.47088014286
12-03 11:15,6605.216029514287
12-03 11:30,9054.105789285712
12-03 11:45,6043.972433828572
12-03 12:00,3978.513777285714
12-03 12:15,5552.852292028571
12-03 12:30,16714.03484814286
12-03 12:45,6904.876798414286
12-03 13:00,3460.505782600043
12-03 13:15,7856.016234528571
12-03 13:30,9165.337947542856
12-03 13:45,4279.816823699999
12-03 14:00,9203.365635342858
12-03 14:15,2166.7710864285714
12-03 14:30,3010.214157785715
12-03 14:45,7711.771454171429
12-03 15:00,6494.969896342857
12-03 15:15,12995.998612428572
12-03 15:30,9607.14748584286
12-03 15:45,22636.84106328572
12-03 16:00,16344.803227142858
12-03 16:15,11576.262581457144
12-03 16:30,18662.83163
12-03 16:45,17790.97746714286
12-03 17:00,18477.943710857144
12-03 17:15,8535.202891985715
12-03 17:30,15077.828671
12-03 17:45,6371.438324428572
12-03 18:00,11707.790441985717
12-03 18:15,9527.245131314286
12-03 18:30,16914.857399142857
12-03 18:45,2895.256262742857
12-03 19:00,0.0
12-03 19:15,2016.5767134428568
12-03 19:30,5918.704810385714
12-03 19:45,2400.0973516
12-03 20:00,3943.455397757143
12-03 20:15,12894.953097528572
12-03 20:30,2433.635005172857
12-03 20:45,302.55792800709986
12-03 21:00,2853.5734506514286
12-03 21:15,2201.1835029685712
12-03 21:30,5962.632651328571
12-03 21:45,6012.379585057143
12-03 22:00,5410.696790914286
12-03 22:15,5111.347844528572
12-03 22:30,2336.238834267143
12-03 22:45,2438.8614582857144
12-03 23:00,1484.2857142857142
12-03 23:15,3245.2699586571425
12-03 23:30,2140.09470734
12-03 23:45,2591.606430474286
12-04 00:00,1976.032764325714
12-04 00:15,1872.0857601257144
12-04 00:30,4165.7115227714285
12-04 00:45,4794.3870161714285
12-04 01:00,2090.1434436957143
12-04 01:15,1484.2857142857142
12-04 01:30,1484.2857142857142
12-04 01:45,1484.2857142857142
12-04 02:00,1484.2857142857142
12-04 02:15,1484.2857142857142
12-04 02:30,1484.2857142857142
12-04 02:45,1484.2857142857142
12-04 03:00,1484.2857142857142
12-04 03:15,1484.2857142857142
12-04 03:30,2260.7352702885714
12-04 03:45,1484.2857142857142
12-04 04:00,8678.99642792857
12-04 04:15,1484.2857142857142
12-04 04:30,2258.8987604414287
12-04 04:45,1484.2857142857142
12-04 05:00,1955.43187327
12-04 05:15,2993.499991342857
12-04 05:30,7190.681044100001
12-04 05:45,1970.1488327414284
12-04 06:00,10273.672961314289
12-04 06:15,2791.4910685
12-04 06:30,7530.024335285714
12-04 06:45,9147.33867342857
12-04 07:00,939.3636345571432
12-04 07:15,2633.578963885715
12-04 07:30,2671.862766
12-04 07:45,5386.364156000001
12-04 08:00,7906.827841214285
12-04 08:15,3856.2291479285714
12-04 08:30,6064.978279642858
12-04 08:45,7060.476914514286
12-04 09:00,2715.093348228572
12-04 09:15,6410.151698114286
12-04 09:30,4467.331934185715
12-04 09:45,5174.966269371429
12-04 10:00,1120.4652369714286
12-04 10:15,1859.3438243714288
12-04 10:30,17161.07433286862
12-04 10:45,6531.911963542857
12-04 11:00,13249.954142457143
12-04 11:15,6175.983263542857
12-04 11:30,14333.9796227
12-04 11:45,9668.050981814284
12-04 12:00,10148.563826085712
12-04 12:15,1816.5386413928568
12-04 12:30,4833.294889742857
12-04 12:45,7983.55702312857
12-04 13:00,2980.376649628571
12-04 13:15,5124.242527200001
12-04 13:30,6122.344849742858
12-04 13:45,7901.586692614287
12-04 14:00,2031.4716613142864
12-04 14:15,5225.664469871429
12-04 14:30,8106.185966914287
12-04 14:45,9292.074163357143
12-04 15:00,3133.935704528571
12-04 15:15,3318.3485351142867
12-04 15:30,10215.475628914288
12-04 15:45,2878.2014559571426
12-04 16:00,13796.938650714286
12-04 16:15,14763.754319857144
12-04 16:30,9821.866929671429
12-04 16:45,9575.32896184286
12-04 17:00,20865.68776742857
12-04 17:15,8693.565936728572
12-04 17:30,9631.796922871428
12-04 17:45,6489.783257814286
12-04 18:00,13042.51320757143
12-04 18:15,7816.6939789
12-04 18:30,2219.6265517
12-04 18:45,1284.9818693000002
12-04 19:00,0.0
12-04 19:15,4900.040662871429
12-04 19:30,266.0711983285715
12-04 19:45,5345.290507557143
12-04 20:00,0.0
12-04 20:15,874.0081493714287
12-04 20:30,0.0
12-04 20:45,263.78683738571425
12-04 21:00,56.47471060000012
12-04 21:15,3181.713330900001
12-04 21:30,6326.888054128573
12-04 21:45,0.0
12-04 22:00,1842.4572049642857
12-04 22:15,2816.2941068842856
12-04 22:30,2051.64031712
12-04 22:45,8238.143295085714
12-04 23:00,1908.1723321885715
12-04 23:15,1484.2857142857142
12-04 23:30,1484.2857142857142
12-04 23:45,1484.2857142857142
12-05 00:00,1484.2857142857142
12-05 00:15,1484.2857142857142
12-05 00:30,8421.385390071428
12-05 00:45,2542.820192564285
12-05 01:00,1484.2857142857142
12-05 01:15,1484.2857142857142
12-05 01:30,1484.2857142857142
12-05 01:45,1484.2857142857142
12-05 02:00,1484.2857142857142
12-05 02:15,1484.2857142857142
12-05 02:30,1484.2857142857142
12-05 02:45,1484.2857142857142
12-05 03:00,2284.82698331
12-05 03:15,1484.2857142857142
12-05 03:30,1484.2857142857142
12-05 03:45,1484.2857142857142
12-05 04:00,1484.2857142857142
12-05 04:15,2610.330072885715
12-05 04:30,1484.2857142857142
12-05 04:45,1828.439204134285
12-05 05:00,2044.951982867143
12-05 05:15,2387.7814658
12-05 05:30,1919.094408902857
12-05 05:45,2466.4098839228573
12-05 06:00,4173.136908585715
12-05 06:15,1736.4486418285717
12-05 06:30,7574.228194042858
12-05 06:45,11690.987780228574
12-05 07:00,10298.8783112
12-05 07:15,13531.40116
12-05 07:30,7518.917612471429
12-05 07:45,2943.388677857143
12-05 08:00,1557.987558571429
12-05 08:15,9750.024311657144
12-05 08:30,15734.858066142857
12-05 08:45,9892.997242171428
12-05 09:00,2794.912753357143
12-05 09:15,9009.913070400002
12-05 09:30,6120.222100471428
12-05 09:45,6135.589986800001
12-05 10:00,6161.225212114287
12-05 10:15,1139.8105310857145
12-05 10:30,3719.556767442857
12-05 10:45,1498.8919951
12-05 11:00,10353.206262542855
12-05 11:15,9553.745434628572
12-05 11:30,5899.445673157144
12-05 11:45,16114.043987142855
12-05 12:00,10733.306740714284
12-05 12:15,4423.281133914285
12-05 12:30,9592.409681071427
12-05 12:45,4178.1630048
12-05 13:00,10630.7026215
12-05 13:15,6324.402611585714
12-05 13:30,5530.884591985714
12-05 13:45,4233.988351828572
12-05 14:00,5994.709074014286
12-05 14:15,8601.890346214286
12-05 14:30,21865.029882714287
12-05 14:45,5476.551366042858
12-05 15:00,1875.034276828572
12-05 15:15,5512.283900657144
12-05 15:30,19058.644108142857
12-05 15:45,13788.600157714289
12-05 16:00,1435.4640595285712
12-05 16:15,4659.275561185716
12-05 16:30,10463.386348442858
12-05 16:45,1900.0083789714288
12-05 17:00,10012.959148057143
12-05 17:15,10408.2157516
12-05 17:30,2931.550988328572
12-05 17:45,9673.864248885717
12-05 18:00,3507.889312385715
12-05 18:15,12497.9392756
12-05 18:30,14825.809934571427
12-05 18:45,9190.350049642857
12-05 19:00,1851.676014522857
12-05 19:15,1948.9560555571427
12-05 19:30,6492.154796842859
12-05 19:45,0.0
12-05 20:00,4410.318576685714
12-05 20:15,1594.4716995857143
12-05 20:30,1841.5315144857143
12-05 20:45,1767.067376557143
12-05 21:00,7630.751889385714
12-05 21:15,0.0
12-05 21:30,1372.388871934243
12-05 21:45,2174.893828861428
12-05 22:00,2221.932532425714
12-05 22:15,4903.475217514286
12-05 22:30,2576.5758768457144
12-05 22:45,2260.104580294286
12-05 23:00,2042.727859178572
12-05 23:15,8003.092221714287
12-05 23:30,1484.2857142857142
12-05 23:45,1484.2857142857142
12-06 00:00,1484.2857142857142
12-06 00:15,1484.2857142857142
12-06 00:30,1484.2857142857142
12-06 00:45,1484.2857142857142
12-06 01:00,1484.2857142857142
12-06 01:15,1909.098338788572
12-06 01:30,1484.2857142857142
12-06 01:45,1484.2857142857142
12-06 02:00,6151.7953064
12-06 02:15,4336.607588985715
12-06 02:30,1959.478997122857
12-06 02:45,2072.0975521985715
12-06 03:00,1484.2857142857142
12-06 03:15,1484.2857142857142
12-06 03:30,1484.2857142857142
12-06 03:45,1484.2857142857142
12-06 04:00,1484.2857142857142
12-06 04:15,1484.2857142857142
12-06 04:30,1484.2857142857142
12-06 04:45,1484.2857142857142
12-06 05:00,2137.0024337
12-06 05:15,1484.2857142857142
12-06 05:30,1484.2857142857142
12-06 05:45,1974.644050738572
12-06 06:00,12805.821247242857
12-06 06:15,10763.341723042857
12-06 06:30,3243.162559385714
12-06 06:45,15910.912259571429
12-06 07:00,5868.858673914286
12-06 07:15,10833.4837498
12-06 07:30,579.5756597000002
12-06 07:45,1651.5424064714289
12-06 08:00,8799.3276986
12-06 08:15,10066.2769144
12-06 08:30,18144.66252114285
12-06 08:45,6718.766365642858
12-06 09:00,7021.861903500001
12-06 09:15,2996.1247854857147
12-06 09:30,10675.106076842858
12-06 09:45,3751.9059619857135
12-06 10:00,7551.838227300001
12-06 10:15,5915.947704971429
12-06 10:30,1302.2322902428573
12-06 10:45,5000.137912285715
12-06 11:00,22633.823135714283
12-06 11:15,1879.4391819714288
12-06 11:30,5384.256916328572
12-06 11:45,1339.5311062
12-06 12:00,23991.835841857188
12-06 12:15,10246.33743652857
12-06 12:30,10826.223187357144
12-06 12:45,15612.060755285716
12-06 13:00,13915.547805571428
12-06 13:15,20458.72384314286
12-06 13:30,1997.1002516428573
12-06 13:45,16255.507747857146
12-06 14:00,1776.7509492000002
12-06 14:15,9159.450183342857
12-06 14:30,17659.65958457143
12-06 14:45,3294.374364385714
12-06 15:00,12881.846963557144
12-06 15:15,16398.405526000002
12-06 15:30,13474.0855875
12-06 15:45,21572.109148714288
12-06 16:00,15852.191054714283
12-06 16:15,13251.321135285714
12-06 16:30,10523.597860257143
12-06 16:45,10633.82994022857
12-06 17:00,3348.164193142858
12-06 17:15,3671.4908427857135
12-06 17:30,865.5569151571432
12-06 17:45,3705.651046385715
12-06 18:00,8295.286354057143
12-06 18:15,7870.978002085715
12-06 18:30,6614.908018942858
12-06 18:45,8964.102780971429
12-06 19:00,1913.616801642857
12-06 19:15,2875.577311084285
12-06 19:30,0.0
12-06 19:45,2339.8883229142857
12-06 20:00,6366.277388257144
12-06 20:15,3225.707933528571
12-06 20:30,1508.4371425428571
12-06 20:45,516.1277736014285
12-06 21:00,3328.1199219428577
12-06 21:15,0.0
12-06 21:30,9269.165396212857
12-06 21:45,0.0
12-06 22:00,7284.329250414285
12-06 22:15,5721.584508214285
12-06 22:30,0.0
12-06 22:45,1871.0788438571
12-06 23:00,2286.696793431428
12-06 23:15,1842.43560551
12-06 23:30,3488.248769471428
12-06 23:45,3220.7115231714283
12-07 00:00,2653.961384968572
12-07 00:15,6236.586291642858
12-07 00:30,1852.5216821985712
12-07 00:45,1882.7947332614283
12-07 01:00,1484.2857142857142
12-07 01:15,1484.2857142857142
12-07 01:30,1484.2857142857142
12-07 01:45,1484.2857142857142
12-07 02:00,2136.790730544285
12-07 02:15,1484.2857142857142
12-07 02:30,9699.669711485714
12-07 02:45,2510.636523658572
12-07 03:00,1484.2857142857142
12-07 03:15,1484.2857142857142
12-07 03:30,1484.2857142857142
12-07 03:45,1797.8849075771427
12-07 04:00,1484.2857142857142
12-07 04:15,1484.2857142857142
12-07 04:30,7251.6873614
12-07 04:45,1909.7850471114284
12-07 05:00,2249.9600105457143
12-07 05:15,1578.546642631
12-07 05:30,2234.365796868572
12-07 05:45,1484.2857142857142
12-07 06:00,3647.213823157142
12-07 06:15,1484.2857142857142
12-07 06:30,6942.289058871428
12-07 06:45,2134.5902610885714
12-07 07:00,3924.582565885714
12-07 07:15,3004.543835614286
12-07 07:30,2579.0594321914286
12-07 07:45,2287.530636065714
12-07 08:00,0.0
12-07 08:15,12238.063033408578
12-07 08:30,6356.73740497143
12-07 08:45,4197.099562442857
12-07 09:00,15819.005704714284
12-07 09:15,10278.281891142857
12-07 09:30,4123.622447714285
12-07 09:45,1611.7627782571428
12-07 10:00,14593.433936857144
12-07 10:15,12164.033951928572
12-07 10:30,9486.495327328572
12-07 10:45,628.9681960743192
12-07 11:00,10430.145947285717
12-07 11:15,1814.6501129000003
12-07 11:30,7622.223597257144
12-07 11:45,2151.911900014286
12-07 12:00,9427.841799814289
12-07 12:15,13914.789120285715
12-07 12:30,12168.782178228572
12-07 12:45,9695.063409814287
12-07 13:00,7810.436346214286
12-07 13:15,8260.537917928572
12-07 13:30,13396.766009585714
12-07 13:45,15075.581380228572
12-07 14:00,5746.04069897143
12-07 14:15,20325.37099657143
12-07 14:30,0.0
12-07 14:45,7119.12681557143
12-07 15:00,3683.956607057144
12-07 15:15,11727.891255157145
12-07 15:30,4925.3544537285725
12-07 15:45,6758.142570871429
12-07 16:00,3847.1338879428567
12-07 16:15,2770.5384769714287
12-07 16:30,1839.2017724
12-07 16:45,14628.814703285714
12-07 17:00,0.0
12-07 17:15,5558.296975542858
12-07 17:30,388.7123682285714
12-07 17:45,1009.7912960285712
12-07 18:00,2282.3881769000004
12-07 18:15,425.5866097428572
12-07 18:30,4392.002148228571
12-07 18:45,1929.1019249142853
12-07 19:00,8274.767083314286
12-07 19:15,8818.538311514287
12-07 19:30,40.43445542857167
12-07 19:45,4847.7015326857145
12-07 20:00,0.0
12-07 20:15,0.0
12-07 20:30,0.0
12-07 20:45,3.475297485714243
12-07 21:00,0.0
12-07 21:15,9181.335002142858
12-07 21:30,0.0
12-07 21:45,0.0
12-07 22:00,0.0
12-07 22:15,0.0
12-07 22:30,0.0
12-07 22:45,0.0
12-07 23:00,1241.569531514286
12-07 23:15,0.0
12-07 23:30,2070.32180889
12-07 23:45,454.1374145857145
12-08 00:00,950.4008069357144
12-08 00:15,0.0
12-08 00:30,0.0
12-08 00:45,0.0
12-08 01:00,0.0
12-08 01:15,0.0
12-08 01:30,0.0
12-08 01:45,0.0
12-08 02:00,1484.2857142857142
12-08 02:15,3127.7241785285714
12-08 02:30,510.1248049585715
12-08 02:45,2072.5611397
12-08 03:00,0.0
12-08 03:15,5470.6679506
12-08 03:30,2176.0014024714283
12-08 03:45,739.9999999999573
12-08 04:00,1484.2857142857142
12-08 04:15,1484.2857142857142
12-08 04:30,1837.86034801
12-08 04:45,1484.2857142857142
12-08 05:00,1484.2857142857142
12-08 05:15,1484.2857142857142
12-08 05:30,1484.2857142857142
12-08 05:45,1484.2857142857142
12-08 06:00,1484.2857142857142
12-08 06:15,7068.1393031
12-08 06:30,3073.5744980714285
12-08 06:45,5771.799809585714
12-08 07:00,3256.8255077
12-08 07:15,3290.6672647
12-08 07:30,8419.260856614284
12-08 07:45,3531.499686742857
12-08 08:00,2685.850480792857
12-08 08:15,5389.666118671429
12-08 08:30,3867.667127285714
12-08 08:45,13080.670158571427
12-08 09:00,18263.74782814286
12-08 09:15,6112.475067385713
12-08 09:30,19193.958994857145
12-08 09:45,5494.568037985713
12-08 10:00,3469.852246257143
12-08 10:15,11077.593876771429
12-08 10:30,7518.312875742857
12-08 10:45,9113.960350085714
12-08 11:00,7766.986876371428
12-08 11:15,16462.263163142856
12-08 11:30,13281.067339371428
12-08 11:45,9435.693711728572
12-08 12:00,18451.230012857144
12-08 12:15,13483.721623285714
12-08 12:30,16117.424875
12-08 12:45,18459.73840142857
12-08 13:00,17898.204377000002
12-08 13:15,6026.423079957143
12-08 13:30,5289.859380585714
12-08 13:45,4195.751037242857
12-08 14:00,2782.2460249285714
12-08 14:15,2777.259869928572
12-08 14:30,9203.1762137
12-08 14:45,16337.50805152571
12-08 15:00,10802.225956157145
12-08 15:15,13760.397847571428
12-08 15:30,11061.647651485717
12-08 15:45,14082.728971857145
12-08 16:00,23534.99639614285
12-08 16:15,19782.130457
12-08 16:30,10904.971547114286
12-08 16:45,15659.28843157143
12-08 17:00,5177.380424942859
12-08 17:15,1234.5033148428572
12-08 17:30,7820.942013428572
12-08 17:45,1865.931445157144
12-08 18:00,13316.014695714286
12-08 18:15,764.376102357143
12-08 18:30,13343.55536914286
12-08 18:45,81.9187325857145
12-08 19:00,2537.5883514428574
12-08 19:15,2353.663842442857
12-08 19:30,0.0
12-08 19:45,11762.802423771427
12-08 20:00,2574.628589471429
12-08 20:15,2368.795832657144
12-08 20:30,0.0
12-08 20:45,6675.749084542857
12-08 21:00,0.0
12-08 21:15,0.0
12-08 21:30,2013.4265130714289
12-08 21:45,0.0
12-08 22:00,0.0
12-08 22:15,0.0
12-08 22:30,0.0
12-08 22:45,0.0
12-08 23:00,2221.8459169
12-08 23:15,2077.239762092857
12-08 23:30,1484.2857142857142
12-08 23:45,1484.2857142857142
12-09 00:00,1883.8051146114285
12-09 00:15,1484.2857142857142
12-09 00:30,2010.9353912357144
12-09 00:45,1484.2857142857142
12-09 01:00,1484.2857142857142
12-09 01:15,1484.2857142857142
12-09 01:30,1484.2857142857142
12-09 01:45,1484.2857142857142
12-09 02:00,1484.2857142857142
12-09 02:15,2174.6708547485714
12-09 02:30,1484.2857142857142
12-09 02:45,1484.2857142857142
12-09 03:00,1484.2857142857142
12-09 03:15,1484.2857142857142
12-09 03:30,2086.748090284286
12-09 03:45,3476.876398642857
12-09 04:00,1831.2206159914283
12-09 04:15,2016.1032390914288
12-09 04:30,2910.683208245714
12-09 04:45,2039.79517675
12-09 05:00,5928.741075385714
12-09 05:15,1484.2857142857142
12-09 05:30,5078.808842857143
12-09 05:45,2009.763486647143
12-09 06:00,3680.462256085714
12-09 06:15,12068.984186300002
12-09 06:30,5272.775525542858
12-09 06:45,4038.149917442857
12-09 07:00,5553.110695271429
12-09 07:15,5736.460699742857
12-09 07:30,10443.094477228571
12-09 07:45,9026.849312214285
12-09 08:00,2492.291592571429
12-09 08:15,0.0
12-09 08:30,8134.060436085715
12-09 08:45,4998.920883142859
12-09 09:00,1789.0112124571426
12-09 09:15,7841.517032742858
12-09 09:30,2133.416733671429
12-09 09:45,9174.432412257143
12-09 10:00,8445.14949374286
12-09 10:15,3306.5789646142857
12-09 10:30,9102.77647372857
12-09 10:45,2280.174406800045
12-09 11:00,16925.92017
12-09 11:15,7898.933444585715
12-09 11:30,3934.234015014286
12-09 11:45,4207.172202657142
12-09 12:00,2052.2073379857147
12-09 12:15,7312.429679114286
12-09 12:30,12199.704421471431
12-09 12:45,153.61853352857162
12-09 13:00,11492.680360785716
12-09 13:15,11470.461840671427
12-09 13:30,11231.700838385716
12-09 13:45,1665.752613857143
12-09 14:00,15197.443978142855
12-09 14:15,2066.556054242857
12-09 14:30,6131.551455328571
12-09 14:45,12482.472617985712
12-09 15:00,15177.886950285716
12-09 15:15,15282.48469414286
12-09 15:30,10080.158620157144
12-09 15:45,2937.5698037428574
12-09 16:00,15756.199644428572
12-09 16:15,2888.786407828572
12-09 16:30,3426.6731275285715
12-09 16:45,3798.549027728571
12-09 17:00,8210.423282471429
12-09 17:15,15484.902456
12-09 17:30,6368.068040414286
12-09 17:45,6522.694359200001
12-09 18:00,1677.9427883428573
12-09 18:15,9825.9431383
12-09 18:30,12190.439943085714
12-09 18:45,8239.609509114287
12-09 19:00,1845.936538128572
12-09 19:15,6651.281578142857
12-09 19:30,5406.820423157143
12-09 19:45,4453.972684857143
12-09 20:00,3072.305835428572
12-09 20:15,2571.999986382857
12-09 20:30,5685.369357371428
12-09 20:45,2158.0475103514286
12-09 21:00,2277.999004747143
12-09 21:15,2292.048343082857
12-09 21:30,1788.4266727942854
12-09 21:45,2581.24914364
12-09 22:00,3117.4350660428568
12-09 22:15,1484.2857142857142
12-09 22:30,1906.1026616742856
12-09 22:45,2160.721896927143
12-09 23:00,2623.6928395314285
12-09 23:15,1484.2857142857142
12-09 23:30,1484.2857142857142
12-09 23:45,1484.2857142857142
12-10 00:00,1988.9981752328567
12-10 00:15,1484.2857142857142
12-10 00:30,1484.2857142857142
12-10 00:45,1484.2857142857142
12-10 01:00,1484.2857142857142
12-10 01:15,1484.2857142857142
12-10 01:30,1484.2857142857142
12-10 01:45,1484.2857142857142
12-10 02:00,1484.2857142857142
12-10 02:15,1484.2857142857142
12-10 02:30,1484.2857142857142
12-10 02:45,1484.2857142857142
12-10 03:00,1784.5766297242858
12-10 03:15,2091.137639785714
12-10 03:30,1484.2857142857142
12-10 03:45,1484.2857142857142
12-10 04:00,2013.6374675757145
12-10 04:15,1484.2857142857142
12-10 04:30,2586.7507214128573
12-10 04:45,1484.2857142857142
12-10 05:00,0.0
12-10 05:15,1692.4856568599553
12-10 05:30,6801.053521142857
12-10 05:45,1905.2482648585712
12-10 06:00,10220.3684435
12-10 06:15,710.5942690428571
12-10 06:30,2291.889109357144
12-10 06:45,10482.088067037184
12-10 07:00,12692.87585557143
12-10 07:15,7449.8214604
12-10 07:30,6270.723180528572
12-10 07:45,2672.6016675428573
12-10 08:00,8335.393418900001
12-10 08:15,1524.8083238142856
12-10 08:30,4917.354367114287
12-10 08:45,1625.1019562142858
12-10 09:00,7811.881963214287
12-10 09:15,2360.9594090000005
12-10 09:30,1173.8555557428574
12-10 09:45,15355.802914142858
12-10 10:00,1971.492873171429
12-10 10:15,11870.966399742858
12-10 10:30,0.0
12-10 10:45,1797.6246244
12-10 11:00,4474.076607057144
12-10 11:15,5493.25634147143
12-10 11:30,1900.2855545
12-10 11:45,15577.454307142856
12-10 12:00,10028.058704
12-10 12:15,7204.703599871429
12-10 12:30,10847.562882057144
12-10 12:45,1345.117360242857
12-10 13:00,13496.308219714285
12-10 13:15,4140.772928442858
12-10 13:30,10167.658686528574
12-10 13:45,3059.2990687285724
12-10 14:00,6754.278622957143
12-10 14:15,501.0595614857143
12-10 14:30,5639.128203628572
12-10 14:45,10011.3426951
12-10 15:00,4138.616346228572
12-10 15:15,3465.942207757143
12-10 15:30,15938.277698
12-10 15:45,7877.207311928572
12-10 16:00,21789.616100571428
12-10 16:15,11795.082793157144
12-10 16:30,14403.665883157142
12-10 16:45,10019.52504805714
12-10 17:00,4324.676639014286
12-10 17:15,3588.606206928572
12-10 17:30,10866.145451228573
12-10 17:45,2064.9395318
12-10 18:00,12969.58568987143
12-10 18:15,6076.589260914286
12-10 18:30,4370.309870914285
12-10 18:45,2395.0451863571425
12-10 19:00,1499.8694535714287
12-10 19:15,1300.2142487685717
12-10 19:30,2635.94358012
12-10 19:45,14927.06793514286
12-10 20:00,691.9472282371429
12-10 20:15,6001.958484057143
12-10 20:30,1512.5168640714287
12-10 20:45,9500.035936785716
12-10 21:00,2474.683997457143
12-10 21:15,1484.2857142857142
12-10 21:30,1484.2857142857142
12-10 21:45,9669.434079642811
12-10 22:00,2522.718064587142
12-10 22:15,6266.581462557143
12-10 22:30,1484.2857142857142
12-10 22:45,1484.2857142857142
12-10 23:00,1484.2857142857142
12-10 23:15,1484.2857142857142
12-10 23:30,1484.2857142857142
12-10 23:45,1484.2857142857142
12-11 00:00,1484.2857142857142
12-11 00:15,1484.2857142857142
12-11 00:30,1484.2857142857142
12-11 00:45,1484.2857142857142
12-11 01:00,1484.2857142857142
12-11 01:15,1484.2857142857142
12-11 01:30,1484.2857142857142
12-11 01:45,1484.2857142857142
12-11 02:00,1484.2857142857142
12-11 02:15,1484.2857142857142
12-11 02:30,1956.205182907143
12-11 02:45,1484.2857142857142
12-11 03:00,2020.4586766171428
12-11 03:15,2282.5501739042857
12-11 03:30,1902.3757491471424
12-11 03:45,1484.2857142857142
12-11 04:00,1484.2857142857142
12-11 04:15,1484.2857142857142
12-11 04:30,1484.2857142857142
12-11 04:45,2772.651050588572
12-11 05:00,2185.9679877514286
12-11 05:15,3565.631306942857
12-11 05:30,1948.6927318471428
12-11 05:45,2349.033502452857
12-11 06:00,7565.663051714285
12-11 06:15,5905.158877614286
12-11 06:30,3486.8591773142857
12-11 06:45,7497.642117185715
12-11 07:00,11202.890901928571
12-11 07:15,4836.726708328572
12-11 07:30,20326.26066542857
12-11 07:45,10787.769493757143
12-11 08:00,7529.917951571428
12-11 08:15,7150.520239699999
12-11 08:30,13922.694243857142
12-11 08:45,16718.451427285716
12-11 09:00,7510.312569714286
12-11 09:15,4746.363281185714
12-11 09:30,6619.960076528571
12-11 09:45,10624.308881685714
12-11 10:00,1784.1060038857142
12-11 10:15,11867.149977785715
12-11 10:30,10132.905735528571
12-11 10:45,3156.5656668142856
12-11 11:00,10754.845257971429
12-11 11:15,8333.318700257143
12-11 11:30,497.0576554142858
12-11 11:45,1658.2251697428574
12-11 12:00,8106.348492100001
12-11 12:15,3733.2145703142864
12-11 12:30,2630.502341685715
12-11 12:45,248.6798087857145
12-11 13:00,7314.580627171429
12-11 13:15,24252.37510742857
12-11 13:30,5024.0920954428575
12-11 13:45,13649.418753714286
12-11 14:00,2786.916611985714
12-11 14:15,7530.780030128572
12-11 14:30,7717.301352528572
12-11 14:45,6983.087449314287
12-11 15:00,7619.5899950428575
12-11 15:15,11314.94085502857
12-11 15:30,2543.266584871429
12-11 15:45,5778.044388142858
12-11 16:00,7531.414488457143
12-11 16:15,10813.24413467143
12-11 16:30,11094.912304014286
12-11 16:45,15776.69385614286
12-11 17:00,2897.367078957143
12-11 17:15,14778.167700285714
12-11 17:30,10723.14462487143
12-11 17:45,11522.318824757143
12-11 18:00,1133.2706923285716
12-11 18:15,3690.901132414286
12-11 18:30,7185.327516
12-11 18:45,16338.890039571428
12-11 19:00,0.0
12-11 19:15,4728.487748142858
12-11 19:30,214.55038620000025
12-11 19:45,6920.879427157142
12-11 20:00,655.4947024285715
12-11 20:15,515.0111745
12-11 20:30,277.68936084285724
12-11 20:45,12639.7137771429
12-11 21:00,2294.4422997142856
12-11 21:15,2502.7231692814285
12-11 21:30,1640.7577120328572
12-11 21:45,6454.5424074
12-11 22:00,1484.2857142857142
12-11 22:15,2547.769922412857
12-11 22:30,5585.485869900001
12-11 22:45,1484.2857142857142
12-11 23:00,1484.2857142857142
12-11 23:15,5679.781077000001
12-11 23:30,1484.2857142857142
12-11 23:45,1885.92955822
12-12 00:00,1484.2857142857142
12-12 00:15,1484.2857142857142
12-12 00:30,3985.424654128572
12-12 00:45,1947.35720036
12-12 01:00,1484.2857142857142
12-12 01:15,1484.2857142857142
12-12 01:30,2066.987629688572
12-12 01:45,1484.2857142857142
12-12 02:00,1484.2857142857142
12-12 02:15,1484.2857142857142
12-12 02:30,1484.2857142857142
12-12 02:45,1484.2857142857142
12-12 03:00,6128.952385900001
12-12 03:15,2067.1002305942857
12-12 03:30,2244.3830813057143
12-12 03:45,1484.2857142857142
12-12 04:00,1484.2857142857142
12-12 04:15,2074.3035349285715
12-12 04:30,1808.13329018
12-12 04:45,1484.2857142857142
12-12 05:00,6292.194696271428
12-12 05:15,1484.2857142857142
12-12 05:30,2445.2787657114286
12-12 05:45,6600.764449557143
12-12 06:00,5075.932453142858
12-12 06:15,8572.759147614286
12-12 06:30,1309.340872457143
12-12 06:45,5979.8671678142855
12-12 07:00,20051.90251328572
12-12 07:15,7695.614160228572
12-12 07:30,2768.676605142857
12-12 07:45,5473.937918614286
12-12 08:00,8943.318116628572
12-12 08:15,9470.700049228572
12-12 08:30,6645.385610714287
12-12 08:45,1244.6423229142858
12-12 09:00,8056.368014485714
12-12 09:15,8493.985568185713
12-12 09:30,8372.965010114287
12-12 09:45,13299.993912142856
12-12 10:00,1262.3407614000002
12-12 10:15,13323.477560285715
12-12 10:30,1729.2794919000005
12-12 10:45,10221.632350157144
12-12 11:00,16227.21794
12-12 11:15,10582.566401700002
12-12 11:30,7583.371747557143
12-12 11:45,5719.584071100001
12-12 12:00,1763.4187216142857
12-12 12:15,5529.711245042858
12-12 12:30,8730.267612257145
12-12 12:45,1087.4006502428572
12-12 13:00,3873.376213471429
12-12 13:15,3038.300169357143
12-12 13:30,6300.3851686
12-12 13:45,17200.687039999997
12-12 14:00,23225.38567971429
12-12 14:15,12660.732552000003
12-12 14:30,11944.273601585714
12-12 14:45,20517.66552757143
12-12 15:00,4154.5110682714285
12-12 15:15,697.0991064428571
12-12 15:30,18807.329245142857
12-12 15:45,12636.731579800002
12-12 16:00,2202.522710871429
12-12 16:15,7827.418652514287
12-12 16:30,6377.650062985716
12-12 16:45,15619.133774142858
12-12 17:00,2287.9044515714286
12-12 17:15,14252.189546142858
12-12 17:30,6644.614509542858
12-12 17:45,7093.017257514286
12-12 18:00,4733.988868514286
12-12 18:15,9010.41012647143
12-12 18:30,4357.526677814286
12-12 18:45,9690.800357785714
12-12 19:00,2018.8067969157144
12-12 19:15,0.0
12-12 19:30,7041.053976728572
12-12 19:45,4275.393185399999
12-12 20:00,1655.58240121
12-12 20:15,1428.286309857143
12-12 20:30,1372.0301150585717
12-12 20:45,0.0
12-12 21:00,3276.076582428571
12-12 21:15,2685.99652718
12-12 21:30,0.0
12-12 21:45,1223.2609576213858
12-12 22:00,1484.2857142857142
12-12 22:15,2876.301539727143
12-12 22:30,2254.08913738
12-12 22:45,2034.021930927143
12-12 23:00,1484.2857142857142
12-12 23:15,1484.2857142857142
12-12 23:30,1484.2857142857142
12-12 23:45,1484.2857142857142
12-13 00:00,1484.2857142857142
12-13 00:15,1484.2857142857142
12-13 00:30,1484.2857142857142
12-13 00:45,1484.2857142857142
12-13 01:00,1484.2857142857142
12-13 01:15,1484.2857142857142
12-13 01:30,1484.2857142857142
12-13 01:45,1484.2857142857142
12-13 02:00,1484.2857142857142
12-13 02:15,1734.5504892642855
12-13 02:30,1484.2857142857142
12-13 02:45,9798.853601514284
12-13 03:00,1484.2857142857142
12-13 03:15,1484.2857142857142
12-13 03:30,1484.2857142857142
12-13 03:45,1484.2857142857142
12-13 04:00,1484.2857142857142
12-13 04:15,1484.2857142857142
12-13 04:30,1484.2857142857142
12-13 04:45,1484.2857142857142
12-13 05:00,1484.2857142857142
12-13 05:15,1484.2857142857142
12-13 05:30,1484.2857142857142
12-13 05:45,1933.5967298071423
12-13 06:00,7984.708237085713
12-13 06:15,8399.849520828571
12-13 06:30,3861.638614214286
12-13 06:45,12922.511114528572
12-13 07:00,9462.404486628571
12-13 07:15,3613.992013642857
12-13 07:30,6002.533319428572
12-13 07:45,9839.213729585716
12-13 08:00,5749.095946128572
12-13 08:15,1359.975118557143
12-13 08:30,6721.753857114286
12-13 08:45,9817.530063214286
12-13 09:00,4759.018511657145
12-13 09:15,5384.706252557144
12-13 09:30,11688.592994342858
12-13 09:45,4949.542208471428
12-13 10:00,3929.935074428572
12-13 10:15,12898.855371082902
12-13 10:30,14362.292935428572
12-13 10:45,12637.397059857143
12-13 11:00,9858.313578657144
12-13 11:15,10998.430276785715
12-13 11:30,17356.703157428572
12-13 11:45,11312.4452341
12-13 12:00,5321.190702442857
12-13 12:15,8050.734036242858
12-13 12:30,11525.061117757145
12-13 12:45,15276.383656142858
12-13 13:00,13883.93965057143
12-13 13:15,3631.833870757144
12-13 13:30,20026.12768314285
12-13 13:45,8755.508609828572
12-13 14:00,11750.257951485715
12-13 14:15,4827.227924228571
12-13 14:30,11465.863013185715
12-13 14:45,12495.282813985716
12-13 15:00,25048.47042185714
12-13 15:15,7783.082777657143
12-13 15:30,5247.781841771429
12-13 15:45,9044.094647142858
12-13 16:00,9243.952636714286
12-13 16:15,14040.987509
12-13 16:30,16036.261007857142
12-13 16:45,16219.684674857146
12-13 17:00,17798.967834714287
12-13 17:15,2104.514393114286
12-13 17:30,767.1012689000003
12-13 17:45,2880.6645996428565
12-13 18:00,0.0
12-13 18:15,5768.814054728572
12-13 18:30,5678.611729000001
12-13 18:45,10563.086901571429
12-13 19:00,12005.433154842858
12-13 19:15,0.0
12-13 19:30,752.6774100428571
12-13 19:45,3882.068414785714
12-13 20:00,6085.025276985715
12-13 20:15,3675.5872161428574
12-13 20:30,5433.094797851429
12-13 20:45,0.0
12-13 21:00,1956.6612315357145
12-13 21:15,1604.7274250542855
12-13 21:30,0.0
12-13 21:45,16.744950085714514
12-13 22:00,1805.540239228572
12-13 22:15,530.8874298428574
12-13 22:30,11382.556390671429
12-13 22:45,1050.7316685428573
12-13 23:00,2124.6889979242856
12-13 23:15,1326.0624316114283
12-13 23:30,0.0
12-13 23:45,4249.833006685714
12-14 00:00,0.0
12-14 00:15,3606.155181342857
12-14 00:30,0.0
12-14 00:45,0.0
12-14 01:00,0.0
12-14 01:15,0.0
12-14 01:30,4220.660232185714
12-14 01:45,0.0
12-14 02:00,1629.4848820585714
12-14 02:15,0.0
12-14 02:30,1211.5095256642858
12-14 02:45,3937.9053764285713
12-14 03:00,1484.2857142857142
12-14 03:15,2069.3062307714285
12-14 03:30,2002.881590847143
12-14 03:45,1484.2857142857142
12-14 04:00,2034.0354811671427
12-14 04:15,1484.2857142857142
12-14 04:30,8095.944293628571
12-14 04:45,1484.2857142857142
12-14 05:00,2814.8821438342857
12-14 05:15,1484.2857142857142
12-14 05:30,1484.2857142857142
12-14 05:45,2290.979220374286
12-14 06:00,7172.857308671429
12-14 06:15,2157.234951674286
12-14 06:30,1484.2857142857142
12-14 06:45,1959.1567570457144
12-14 07:00,791.1649672857145
12-14 07:15,2311.6911238642856
12-14 07:30,2206.9079116757143
12-14 07:45,133.95227602857145
12-14 08:00,586.1614319142859
12-14 08:15,1012.7528356285718
12-14 08:30,8056.680442328572
12-14 08:45,51.65408234285732
12-14 09:00,2704.4543502714287
12-14 09:15,4666.201402385715
12-14 09:30,7971.541229828573
12-14 09:45,2117.203441914286
12-14 10:00,3409.1161311428573
12-14 10:15,13212.692833428571
12-14 10:30,11345.237382457144
12-14 10:45,7511.950714242857
12-14 11:00,13550.830543142858
12-14 11:15,6785.246525485714
12-14 11:30,6550.259550571429
12-14 11:45,9252.638624957144
12-14 12:00,2464.970433451429
12-14 12:15,3267.466075971429
12-14 12:30,6659.642730942858
12-14 12:45,4136.229458842858
12-14 13:00,5007.089652228572
12-14 13:15,20781.25180328571
12-14 13:30,19405.85188428572
12-14 13:45,6411.719995500001
12-14 14:00,6481.4809522000005
12-14 14:15,4131.2171766
12-14 14:30,5650.383473528571
12-14 14:45,3481.708508871429
12-14 15:00,14863.12990502857
12-14 15:15,12453.943672928572
12-14 15:30,11992.3310765
12-14 15:45,6277.247560857143
12-14 16:00,3013.4768367428574
12-14 16:15,3536.775338068569
12-14 16:30,5193.90158107143
12-14 16:45,13137.482379814286
12-14 17:00,3791.777183857143
12-14 17:15,0.0
12-14 17:30,2011.595108428572
12-14 17:45,137.56888670000006
12-14 18:00,1105.5550520714287
12-14 18:15,561.9136491142858
12-14 18:30,0.0
12-14 18:45,0.0
12-14 19:00,1059.2006156857144
12-14 19:15,0.0
12-14 19:30,3667.234614428571
12-14 19:45,8035.271823614285
12-14 20:00,10095.3764126
12-14 20:15,1824.081203728572
12-14 20:30,4424.0758786
12-14 20:45,2854.9702319814287
12-14 21:00,3643.596256557144
12-14 21:15,1484.2857142857142
12-14 21:30,578.5797868285713
12-14 21:45,0.0
12-14 22:00,419.7977912428571
12-14 22:15,0.0
12-14 22:30,0.0
12-14 22:45,1896.3178907142856
12-14 23:00,293.5483611357143
12-14 23:15,526.7735822642858
12-14 23:30,0.0
12-14 23:45,286.08580699714287
12-15 00:00,1484.2857142857142
12-15 00:15,1484.2857142857142
12-15 00:30,1914.2033960157144
12-15 00:45,1484.2857142857142
12-15 01:00,1484.2857142857142
12-15 01:15,1484.2857142857142
12-15 01:30,1484.2857142857142
12-15 01:45,1484.2857142857142
12-15 02:00,1484.2857142857142
12-15 02:15,2232.733493702857
12-15 02:30,1728.99666433567
12-15 02:45,0.0
12-15 03:00,0.0
12-15 03:15,0.0
12-15 03:30,0.0
12-15 03:45,0.0
12-15 04:00,1936.7731128285711
12-15 04:15,1484.2857142857142
12-15 04:30,1484.2857142857142
12-15 04:45,1774.7275344085715
12-15 05:00,1484.2857142857142
12-15 05:15,1484.2857142857142
12-15 05:30,1484.2857142857142
12-15 05:45,1484.2857142857142
12-15 06:00,1484.2857142857142
12-15 06:15,1484.2857142857142
12-15 06:30,1484.2857142857142
12-15 06:45,1484.2857142857142
12-15 07:00,3675.823412114285
12-15 07:15,14254.931469714284
12-15 07:30,1747.462753027143
12-15 07:45,3278.084224442857
12-15 08:00,8278.399254885715
12-15 08:15,5658.411606328572
12-15 08:30,3070.8204056857144
12-15 08:45,11523.634931271428
12-15 09:00,5648.453111128572
12-15 09:15,3670.4823123142855
12-15 09:30,5928.421894071429
12-15 09:45,5880.985191500001
12-15 10:00,16525.620120571428
12-15 10:15,4993.1814954
12-15 10:30,4879.051503999999
12-15 10:45,10311.568601971429
12-15 11:00,14273.042786
12-15 11:15,2637.6408106714284
12-15 11:30,9257.39564477143
12-15 11:45,16289.22945
12-15 12:00,17683.514976000002
12-15 12:15,12389.63995117143
12-15 12:30,17796.23058757143
12-15 12:45,16894.587697714287
12-15 13:00,17610.015239285716
12-15 13:15,10529.093065557145
12-15 13:30,13374.765670428573
12-15 13:45,8995.908527057143
12-15 14:00,5102.530135514286
12-15 14:15,4147.080828857143
12-15 14:30,7651.509496642858
12-15 14:45,4772.169737142857
12-15 15:00,11412.035058042857
12-15 15:15,16395.812028285716
12-15 15:30,8794.6625558
12-15 15:45,6280.356918228571
12-15 16:00,7564.829156771429
12-15 16:15,10320.098893328572
12-15 16:30,13485.27059212857
12-15 16:45,16579.616652285717
12-15 17:00,9535.856340857144
12-15 17:15,6278.044073114286
12-15 17:30,12331.503119985717
12-15 17:45,4524.677059228572
12-15 18:00,0.0
12-15 18:15,5976.477970257144
12-15 18:30,0.0
12-15 18:45,0.0
12-15 19:00,6099.983716614287
12-15 19:15,0.0
12-15 19:30,0.0
12-15 19:45,0.0
12-15 20:00,8921.917038
12-15 20:15,3537.049037542857
12-15 20:30,0.0
12-15 20:45,0.0
12-15 21:00,1950.0129341114284
12-15 21:15,2147.5320048814287
12-15 21:30,1535.978957142857
12-15 21:45,5361.968439971429
12-15 22:00,0.0
12-15 22:15,0.0
12-15 22:30,1635.3096981714286
12-15 22:45,3080.3940470000007
12-15 23:00,917.2316705071336
12-15 23:15,0.0
12-15 23:30,3058.0978255142863
12-15 23:45,1484.2857142857142
12-16 00:00,1484.2857142857142
12-16 00:15,1801.1389836242856
12-16 00:30,1484.2857142857142
12-16 00:45,2036.7250915285715
12-16 01:00,0.0
12-16 01:15,0.0
12-16 01:30,0.0
12-16 01:45,1280.3367760857143
12-16 02:00,0.0
12-16 02:15,0.0
12-16 02:30,0.0
12-16 02:45,0.0
12-16 03:00,1484.2857142857142
12-16 03:15,2213.138483424286
12-16 03:30,1911.987284108572
12-16 03:45,1484.2857142857142
12-16 04:00,7499.219625514286
12-16 04:15,2168.811299444286
12-16 04:30,1484.2857142857142
12-16 04:45,1484.2857142857142
12-16 05:00,1276.9413064700002
12-16 05:15,3240.259702371427
12-16 05:30,1484.2857142857142
12-16 05:45,1942.446401071429
12-16 06:00,5391.9915032
12-16 06:15,2271.918911685714
12-16 06:30,2297.636333485714
12-16 06:45,9488.872128085715
12-16 07:00,8315.373848328572
12-16 07:15,7053.246806385715
12-16 07:30,4233.523787785714
12-16 07:45,5601.462213514286
12-16 08:00,12093.785509485717
12-16 08:15,2348.4838312
12-16 08:30,8423.610996914287
12-16 08:45,19727.90728428572
12-16 09:00,2629.444735028572
12-16 09:15,6965.196984528571
12-16 09:30,3461.871718271429
12-16 09:45,17898.355354714287
12-16 10:00,3842.918403814286
12-16 10:15,6819.740169771429
12-16 10:30,14171.356102357142
12-16 10:45,9526.946327757145
12-16 11:00,3077.0882053500354
12-16 11:15,9238.72124347143
12-16 11:30,9584.99636682857
12-16 11:45,13337.667703542858
12-16 12:00,0.0
12-16 12:15,4283.185481057143
12-16 12:30,16353.066585857146
12-16 12:45,8605.41086597143
12-16 13:00,8226.760912485715
12-16 13:15,19070.277523428573
12-16 13:30,11482.086643942856
12-16 13:45,2167.2813202142856
12-16 14:00,7374.381830242858
12-16 14:15,2200.849840457143
12-16 14:30,0.0
12-16 14:45,2814.483069314286
12-16 15:00,3934.015847214286
12-16 15:15,4580.045755885715
12-16 15:30,5460.356631457144
12-16 15:45,10154.586435985711
12-16 16:00,6582.306716228572
12-16 16:15,1664.603092657143
12-16 16:30,9975.342738100002
12-16 16:45,2079.1933023571432
12-16 17:00,5722.439745400001
12-16 17:15,7534.063087328573
12-16 17:30,1999.9325970857144
12-16 17:45,6696.562295814286
12-16 18:00,11685.635134542856
12-16 18:15,17609.77690971429
12-16 18:30,1347.484569657143
12-16 18:45,6466.389725142857
12-16 19:00,428.1952570428573
12-16 19:15,3275.472606214286
12-16 19:30,0.0
12-16 19:45,0.0
12-16 20:00,0.0
12-16 20:15,1853.727696442857
12-16 20:30,3675.3345117142862
12-16 20:45,0.0
12-16 21:00,499.2998787757143
12-16 21:15,319.6092137271429
12-16 21:30,822.0238077385715
12-16 21:45,0.0
12-16 22:00,1484.2857142857142
12-16 22:15,2174.0444356842854
12-16 22:30,1857.34094295
12-16 22:45,2199.961860065714
12-16 23:00,1484.2857142857142
12-16 23:15,1484.2857142857142
12-16 23:30,1484.2857142857142
12-16 23:45,1968.7478016642856
12-17 00:00,2087.527285894286
12-17 00:15,1484.2857142857142
12-17 00:30,1484.2857142857142
12-17 00:45,6080.256976299999
12-17 01:00,1484.2857142857142
12-17 01:15,1484.2857142857142
12-17 01:30,1484.2857142857142
12-17 01:45,1484.2857142857142
12-17 02:00,1484.2857142857142
12-17 02:15,1484.2857142857142
12-17 02:30,1484.2857142857142
12-17 02:45,1484.2857142857142
12-17 03:00,1484.2857142857142
12-17 03:15,1484.2857142857142
12-17 03:30,3143.0632224999995
12-17 03:45,5197.323629928572
12-17 04:00,2661.678637108572
12-17 04:15,5762.448094614285
12-17 04:30,1484.2857142857142
12-17 04:45,1484.2857142857142
12-17 05:00,1834.1320181571427
12-17 05:15,1984.4318861271431
12-17 05:30,1484.2857142857142
12-17 05:45,3457.017862728572
12-17 06:00,3156.7627739142854
12-17 06:15,3774.6983431142858
12-17 06:30,13965.044578757144
12-17 06:45,5087.011223
12-17 07:00,8683.578127071429
12-17 07:15,2447.3963115571432
12-17 07:30,9657.695835685714
12-17 07:45,9379.743033985716
12-17 08:00,12845.284863
12-17 08:15,2326.848617357143
12-17 08:30,11029.675230085715
12-17 08:45,3779.266404442857
12-17 09:00,6662.429254428572
12-17 09:15,12783.38526845714
12-17 09:30,250.4608187142859
12-17 09:45,22041.409832428573
12-17 10:00,12351.11188377143
12-17 10:15,1926.2283536857144
12-17 10:30,1032.0169066714288
12-17 10:45,7427.259755100002
12-17 11:00,16188.475520428572
12-17 11:15,3683.9002379142858
12-17 11:30,9039.7007338
12-17 11:45,9092.28817847143
12-17 12:00,18816.979069714285
12-17 12:15,0.0
12-17 12:30,2430.396515357143
12-17 12:45,578.5068083714287
12-17 13:00,3682.7029718
12-17 13:15,16530.976883285715
12-17 13:30,7297.011915457142
12-17 13:45,7001.049889557143
12-17 14:00,2856.576074328572
12-17 14:15,7476.339038285715
12-17 14:30,10973.3604333
12-17 14:45,10131.111394757145
12-17 15:00,15975.243328714289
12-17 15:15,12872.282839857144
12-17 15:30,5946.7198556
12-17 15:45,9644.993444242858
12-17 16:00,5629.1307992
12-17 16:15,3429.233024457143
12-17 16:30,15449.538313
12-17 16:45,6086.242003842858
12-17 17:00,17175.149054857146
12-17 17:15,11124.83769882857
12-17 17:30,7336.7309898428575
12-17 17:45,13389.941496285715
12-17 18:00,8357.229260085714
12-17 18:15,8776.78658477143
12-17 18:30,12640.46791904286
12-17 18:45,4838.851385971429
12-17 19:00,2659.6027277114285
12-17 19:15,0.0
12-17 19:30,2666.820681685714
12-17 19:45,0.0
12-17 20:00,3670.471294142857
12-17 20:15,3050.3363242857145
12-17 20:30,5306.694278200001
12-17 20:45,1600.6189310428142
12-17 21:00,5416.068234799999
12-17 21:15,2723.4581650157143
12-17 21:30,2126.9050653242857
12-17 21:45,3033.234382714286
12-17 22:00,2535.215058374286
12-17 22:15,3062.300470114286
12-17 22:30,2079.4048315471427
12-17 22:45,2402.8849927157144
12-17 23:00,2443.356555368572
12-17 23:15,1938.8424778171427
12-17 23:30,1484.2857142857142
12-17 23:45,9223.724461657142
12-18 00:00,2522.673727552857
12-18 00:15,1484.2857142857142
12-18 00:30,1980.2223272471429
12-18 00:45,1484.2857142857142
12-18 01:00,1484.2857142857142
12-18 01:15,1484.2857142857142
12-18 01:30,1484.2857142857142
12-18 01:45,1484.2857142857142
12-18 02:00,1484.2857142857142
12-18 02:15,1484.2857142857142
12-18 02:30,1484.2857142857142
12-18 02:45,2054.188402068572
12-18 03:00,1484.2857142857142
12-18 03:15,2556.7327341714285
12-18 03:30,1484.2857142857142
12-18 03:45,1484.2857142857142
12-18 04:00,2373.9347628714286
12-18 04:15,1484.2857142857142
12-18 04:30,1877.0437953414284
12-18 04:45,1818.5632905871428
12-18 05:00,1836.2403129042848
12-18 05:15,6282.155281300001
12-18 05:30,3521.3554674571424
12-18 05:45,1900.6138889285712
12-18 06:00,0.0
12-18 06:15,7734.236842689996
12-18 06:30,4024.070398042856
12-18 06:45,5067.016261085714
12-18 07:00,18110.949880714288
12-18 07:15,7461.882623914285
12-18 07:30,7839.833096471429
12-18 07:45,13054.7628929
12-18 08:00,6828.820683357144
12-18 08:15,7646.570566614287
12-18 08:30,9753.588631114288
12-18 08:45,9983.085386457144
12-18 09:00,9032.715593885716
12-18 09:15,10180.429926485716
12-18 09:30,12130.916688471429
12-18 09:45,11600.934142128615
12-18 10:00,13995.808456257142
12-18 10:15,16489.09322757143
12-18 10:30,3010.017364128571
12-18 10:45,7089.103903228571
12-18 11:00,10251.045550971428
12-18 11:15,18078.431076
12-18 11:30,11672.970275785714
12-18 11:45,3056.3043436142857
12-18 12:00,179.20312212857152
12-18 12:15,2495.867634528572
12-18 12:30,5549.685839228572
12-18 12:45,9001.304024828572
12-18 13:00,4217.820031
12-18 13:15,16680.99334814286
12-18 13:30,16589.838124142858
12-18 13:45,6672.590112857144
12-18 14:00,18591.87942242857
12-18 14:15,2752.5426858285714
12-18 14:30,5366.045369657144
12-18 14:45,8598.544179757142
12-18 15:00,11357.333837028573
12-18 15:15,2658.107972028571
12-18 15:30,20740.176541857145
12-18 15:45,1256.151957514286
12-18 16:00,5938.387147042858
12-18 16:15,17511.41546057143
12-18 16:30,6681.036011300001
12-18 16:45,1653.1325002857145
12-18 17:00,3837.6991770285713
12-18 17:15,12252.32815152857
12-18 17:30,23052.17716528572
12-18 17:45,3015.742457742857
12-18 18:00,21100.995636714288
12-18 18:15,9312.2638482
12-18 18:30,8373.0939921
12-18 18:45,943.736499
12-18 19:00,5254.458207200001
12-18 19:15,12963.838265000002
12-18 19:30,10853.454610614286
12-18 19:45,13600.718328
12-18 20:00,3835.6193261428575
12-18 20:15,0.0
12-18 20:30,427.8736682528572
12-18 20:45,0.0
12-18 21:00,342.6572582357143
12-18 21:15,506.4218405771429
12-18 21:30,6416.11871479
12-18 21:45,0.0
12-18 22:00,1484.2857142857142
12-18 22:15,6468.170903414286
12-18 22:30,2246.537791775714
12-18 22:45,5791.897225414286
12-18 23:00,1484.2857142857142
12-18 23:15,3479.562571214286
12-18 23:30,7381.550876057142
12-18 23:45,1978.293593482857
12-19 00:00,1484.2857142857142
12-19 00:15,1775.134652245714
12-19 00:30,1484.2857142857142
12-19 00:45,1484.2857142857142
12-19 01:00,1484.2857142857142
12-19 01:15,1484.2857142857142
12-19 01:30,1484.2857142857142
12-19 01:45,1484.2857142857142
12-19 02:00,1484.2857142857142
12-19 02:15,1484.2857142857142
12-19 02:30,1484.2857142857142
12-19 02:45,1484.2857142857142
12-19 03:00,1484.2857142857142
12-19 03:15,4778.112708071429
12-19 03:30,1484.2857142857142
12-19 03:45,2379.1758882657145
12-19 04:00,1484.2857142857142
12-19 04:15,1484.2857142857142
12-19 04:30,1484.2857142857142
12-19 04:45,1484.2857142857142
12-19 05:00,2477.6944386
12-19 05:15,2292.239728502857
12-19 05:30,2943.635512671429
12-19 05:45,5591.964241685714
12-19 06:00,12399.341103071429
12-19 06:15,8180.2259160428575
12-19 06:30,8030.587638542856
12-19 06:45,2670.651028647143
12-19 07:00,18755.34511114286
12-19 07:15,2235.0780051428574
12-19 07:30,9486.185823628572
12-19 07:45,6771.076590457144
12-19 08:00,3737.054952757144
12-19 08:15,6098.592741828572
12-19 08:30,12953.593277142858
12-19 08:45,4688.698821000001
12-19 09:00,10818.338290314285
12-19 09:15,16425.707260714287
12-19 09:30,3688.9595531857153
12-19 09:45,7799.5241544
12-19 10:00,11647.2851635
12-19 10:15,7845.098936242857
12-19 10:30,6058.520997471429
12-19 10:45,7503.3172696142865
12-19 11:00,7922.714371700001
12-19 11:15,5218.443862871428
12-19 11:30,603.4372114142858
12-19 11:45,1568.9089110285713
12-19 12:00,14099.745062342858
12-19 12:15,6012.457637242857
12-19 12:30,7802.233987628571
12-19 12:45,4365.0417295
12-19 13:00,4326.325143011431
12-19 13:15,5816.388638157143
12-19 13:30,10937.4991433
12-19 13:45,11225.1329224
12-19 14:00,15818.914960428572
12-19 14:15,4108.004614757143
12-19 14:30,420.30278177142856
12-19 14:45,0.0
12-19 15:00,6756.129906842858
12-19 15:15,15547.970664
12-19 15:30,6502.552369814286
12-19 15:45,6773.644367542858
12-19 16:00,6751.351012342858
12-19 16:15,14556.023477
12-19 16:30,15733.511313714287
12-19 16:45,15925.491833571428
12-19 17:00,13277.631880857143
12-19 17:15,733.243184014286
12-19 17:30,8463.1461843
12-19 17:45,11129.063730985716
12-19 18:00,16741.365269285714
12-19 18:15,6078.693251785714
12-19 18:30,996.5694098857144
12-19 18:45,4524.479855628573
12-19 19:00,0.0
12-19 19:15,4308.563879842858
12-19 19:30,7211.140346000001
12-19 19:45,269.95054928571443
12-19 20:00,2201.53296416
12-19 20:15,5204.8857617428575
12-19 20:30,397.3371232428574
12-19 20:45,1279.05675748
12-19 21:00,0.0
12-19 21:15,757.0780141185714
12-19 21:30,4647.799237142857
12-19 21:45,8665.158761014287
12-19 22:00,0.0
12-19 22:15,617.7583106200001
12-19 22:30,717.423371582857
12-19 22:45,0.0
12-19 23:00,2071.37333619
12-19 23:15,1484.2857142857142
12-19 23:30,1484.2857142857142
12-19 23:45,1957.6084465842853
12-20 00:00,2114.3114437485715
12-20 00:15,1870.540037827143
12-20 00:30,2177.6564112414285
12-20 00:45,2090.3969835757143
12-20 01:00,1484.2857142857142
12-20 01:15,1484.2857142857142
12-20 01:30,4606.877052085715
12-20 01:45,1484.2857142857142
12-20 02:00,1484.2857142857142
12-20 02:15,5447.5778046
12-20 02:30,1484.2857142857142
12-20 02:45,1484.2857142857142
12-20 03:00,1484.2857142857142
12-20 03:15,1484.2857142857142
12-20 03:30,1484.2857142857142
12-20 03:45,1484.2857142857142
12-20 04:00,1484.2857142857142
12-20 04:15,1484.2857142857142
12-20 04:30,1484.2857142857142
12-20 04:45,1484.2857142857142
12-20 05:00,2164.185738584285
12-20 05:15,2424.6265915914287
12-20 05:30,1694.708913372857
12-20 05:45,1484.2857142857142
12-20 06:00,4683.8927085000005
12-20 06:15,7397.017930942857
12-20 06:30,8390.821317357142
12-20 06:45,9711.869837214286
12-20 07:00,7877.858829142857
12-20 07:15,1887.8253267714283
12-20 07:30,7755.948202771429
12-20 07:45,10977.376583914289
12-20 08:00,6318.432138571428
12-20 08:15,1292.149626857143
12-20 08:30,9533.858382685714
12-20 08:45,5599.817429085715
12-20 09:00,497.93542774285714
12-20 09:15,7120.960513685714
12-20 09:30,6173.7390096
12-20 09:45,7126.078212928573
12-20 10:00,2012.3189540857145
12-20 10:15,2701.3496155142857
12-20 10:30,2772.889843757143
12-20 10:45,3187.236771342857
12-20 11:00,8537.394730085716
12-20 11:15,0.0
12-20 11:30,13285.653933714288
12-20 11:45,5854.53406347143
12-20 12:00,14831.638546842858
12-20 12:15,19219.487160142857
12-20 12:30,9254.610343367149
12-20 12:45,6648.717693728571
12-20 13:00,8715.578450242858
12-20 13:15,9209.771760757145
12-20 13:30,16798.659741857144
12-20 13:45,17456.334156285713
12-20 14:00,14502.288888071427
12-20 14:15,9374.893960457142
12-20 14:30,6854.260452528572
12-20 14:45,10527.799977728571
12-20 15:00,11359.263632114287
12-20 15:15,10311.24622134286
12-20 15:30,3042.4124717142854
12-20 15:45,19267.31372142857
12-20 16:00,6764.251551957143
12-20 16:15,6136.689584142858
12-20 16:30,14025.053285142856
12-20 16:45,12917.276289142856
12-20 17:00,11558.457388985713
12-20 17:15,3411.347123057142
12-20 17:30,10987.747488042856
12-20 17:45,2089.9815868714286
12-20 18:00,803.0146638000001
12-20 18:15,11144.3765175
12-20 18:30,1076.984176857143
12-20 18:45,13977.748190857144
12-20 19:00,0.0
12-20 19:15,16479.699201285715
12-20 19:30,4199.1499204
12-20 19:45,0.0
12-20 20:00,2350.6493954
12-20 20:15,815.8984203714288
12-20 20:30,1461.1836731857145
12-20 20:45,989.8865698428572
12-20 21:00,1308.3440159771428
12-20 21:15,5975.466284499999
12-20 21:30,1075.1082353199572
12-20 21:45,11908.919486257142
12-20 22:00,2941.8000605
12-20 22:15,1484.2857142857142
12-20 22:30,3564.9803608428574
12-20 22:45,1484.2857142857142
12-20 23:00,3077.622995342857
12-20 23:15,3316.3224182714284
12-20 23:30,7123.9062133
12-20 23:45,5619.250116485715
12-21 00:00,2072.359326408571
12-21 00:15,1999.9726036485715
12-21 00:30,1484.2857142857142
12-21 00:45,1484.2857142857142
12-21 01:00,2248.2269487242856
12-21 01:15,7285.305811657143
12-21 01:30,1484.2857142857142
12-21 01:45,1828.9496228314283
12-21 02:00,1484.2857142857142
12-21 02:15,7814.709705757142
12-21 02:30,2514.4842609714287
12-21 02:45,1484.2857142857142
12-21 03:00,1484.2857142857142
12-21 03:15,1484.2857142857142
12-21 03:30,2734.862257237143
12-21 03:45,1484.2857142857142
12-21 04:00,5154.314046400001
12-21 04:15,1484.2857142857142
12-21 04:30,1925.5735192771424
12-21 04:45,1484.2857142857142
12-21 05:00,1484.2857142857142
12-21 05:15,1484.2857142857142
12-21 05:30,1484.2857142857142
12-21 05:45,1864.1228177314283
12-21 06:00,1484.2857142857142
12-21 06:15,1484.2857142857142
12-21 06:30,3068.454376885714
12-21 06:45,1484.2857142857142
12-21 07:00,2759.327785757143
12-21 07:15,3678.5755470428567
12-21 07:30,2125.7694885314286
12-21 07:45,2619.038944514285
12-21 08:00,1142.002880758571
12-21 08:15,2903.0462306142867
12-21 08:30,8416.174673357142
12-21 08:45,4357.701190142857
12-21 09:00,4782.581969728572
12-21 09:15,17796.12546242857
12-21 09:30,6232.606173328618
12-21 09:45,1176.676680857143
12-21 10:00,20350.80296314285
12-21 10:15,4027.139219528571
12-21 10:30,1497.7153149999997
12-21 10:45,12997.311186571427
12-21 11:00,6277.695133814286
12-21 11:15,6105.54801607143
12-21 11:30,7169.882491800001
12-21 11:45,2958.049849728572
12-21 12:00,6191.708131657144
12-21 12:15,1949.688722957143
12-21 12:30,13376.656838428573
12-21 12:45,14860.52733257143
12-21 13:00,6481.443349985716
12-21 13:15,4660.2341307
12-21 13:30,172.70948078571453
12-21 13:45,2991.093383685714
12-21 14:00,2264.452317971429
12-21 14:15,6502.123713342858
12-21 14:30,10374.6995011
12-21 14:45,2793.174883557143
12-21 15:00,7479.616180885715
12-21 15:15,2422.5383945000003
12-21 15:30,5240.087574357143
12-21 15:45,13782.834984285715
12-21 16:00,18830.221613857146
12-21 16:15,9011.181291714289
12-21 16:30,7660.399525257143
12-21 16:45,6392.37611577143
12-21 17:00,3448.013554628571
12-21 17:15,5529.782755342858
12-21 17:30,624.9946561142857
12-21 17:45,601.3570974285714
12-21 18:00,0.0
12-21 18:15,0.0
12-21 18:30,6518.956857057144
12-21 18:45,0.0
12-21 19:00,0.0
12-21 19:15,8000.539472614287
12-21 19:30,0.0
12-21 19:45,522.2435428285717
12-21 20:00,2189.6975540014287
12-21 20:15,2596.21269144
12-21 20:30,56.76557531428594
12-21 20:45,3863.0464032142863
12-21 21:00,2118.823596764286
12-21 21:15,1660.849522421429
12-21 21:30,7730.139631257143
12-21 21:45,0.0
12-21 22:00,2734.516821832857
12-21 22:15,2818.223316442857
12-21 22:30,2145.0111481813856
12-21 22:45,0.0
12-21 23:00,1982.66518216
12-21 23:15,1484.2857142857142
12-21 23:30,2457.034257082857
12-21 23:45,2970.834961828571
12-22 00:00,1911.7521980071424
12-22 00:15,1484.2857142857142
12-22 00:30,1484.2857142857142
12-22 00:45,1484.2857142857142
12-22 01:00,1484.2857142857142
12-22 01:15,1484.2857142857142
12-22 01:30,1484.2857142857142
12-22 01:45,1484.2857142857142
12-22 02:00,2084.2278061514285
12-22 02:15,1484.2857142857142
12-22 02:30,1886.0559337414284
12-22 02:45,1814.1351615485712
12-22 03:00,1484.2857142857142
12-22 03:15,1484.2857142857142
12-22 03:30,1484.2857142857142
12-22 03:45,1484.2857142857142
12-22 04:00,2035.8206119542856
12-22 04:15,1484.2857142857142
12-22 04:30,1484.2857142857142
12-22 04:45,1484.2857142857142
12-22 05:00,1484.2857142857142
12-22 05:15,1484.2857142857142
12-22 05:30,1484.2857142857142
12-22 05:45,1484.2857142857142
12-22 06:00,2019.63686848
12-22 06:15,1484.2857142857142
12-22 06:30,2763.240103162857
12-22 06:45,2487.8312623757142
12-22 07:00,3975.949765457143
12-22 07:15,11631.8070463
12-22 07:30,3124.2187556857143
12-22 07:45,3145.359950914285
12-22 08:00,2440.298657357143
12-22 08:15,0.0
12-22 08:30,7691.600877070001
12-22 08:45,7045.982294171429
12-22 09:00,2126.207535914286
12-22 09:15,13732.1396305
12-22 09:30,2512.777647814285
12-22 09:45,2479.541932457143
12-22 10:00,10930.927264185711
12-22 10:15,2982.224353528571
12-22 10:30,5601.458300557143
12-22 10:45,8941.604446825753
12-22 11:00,10464.346527828571
12-22 11:15,10789.75588324286
12-22 11:30,6255.959037757144
12-22 11:45,9670.7791888
12-22 12:00,15023.102873000002
12-22 12:15,23203.80765671428
12-22 12:30,17696.249339142854
12-22 12:45,10915.565415742858
12-22 13:00,5725.397868614286
12-22 13:15,19177.668532714284
12-22 13:30,8377.937675014286
12-22 13:45,8531.805381642858
12-22 14:00,10968.891214585716
12-22 14:15,0.0
12-22 14:30,8748.151104457143
12-22 14:45,19552.118081142857
12-22 15:00,11777.42352444286
12-22 15:15,12990.762613
12-22 15:30,1666.3195546714285
12-22 15:45,6302.461872685715
12-22 16:00,8387.680931342858
12-22 16:15,17524.869288428574
12-22 16:30,2918.225216785714
12-22 16:45,10830.8404016
12-22 17:00,0.0
12-22 17:15,18634.826017142856
12-22 17:30,2110.998333728572
12-22 17:45,15073.15239014286
12-22 18:00,5465.324565457143
12-22 18:15,7053.079336928572
12-22 18:30,942.0030511000002
12-22 18:45,602.6027464571431
12-22 19:00,5869.56027907143
12-22 19:15,5900.910657328572
12-22 19:30,4012.945171914287
12-22 19:45,7602.18751947143
12-22 20:00,5626.833420000001
12-22 20:15,4954.236241485714
12-22 20:30,7334.027119100001
12-22 20:45,3115.505794114285
12-22 21:00,821.1770449757144
12-22 21:15,0.0
12-22 21:30,4620.748028672858
12-22 21:45,0.0
12-22 22:00,1789.159249612857
12-22 22:15,2392.916259102857
12-22 22:30,1484.2857142857142
12-22 22:45,6137.285338242857
12-22 23:00,1484.2857142857142
12-22 23:15,1484.2857142857142
12-22 23:30,1484.2857142857142
12-22 23:45,6320.981327642858
12-23 00:00,1484.2857142857142
12-23 00:15,1484.2857142857142
12-23 00:30,1484.2857142857142
12-23 00:45,1484.2857142857142
12-23 01:00,1484.2857142857142
12-23 01:15,1484.2857142857142
12-23 01:30,1484.2857142857142
12-23 01:45,2120.311208181429
12-23 02:00,1484.2857142857142
12-23 02:15,1484.2857142857142
12-23 02:30,1859.887197808571
12-23 02:45,5044.165370671429
12-23 03:00,1484.2857142857142
12-23 03:15,2080.371425942857
12-23 03:30,1484.2857142857142
12-23 03:45,2053.1445856014284
12-23 04:00,1484.2857142857142
12-23 04:15,1484.2857142857142
12-23 04:30,1484.2857142857142
12-23 04:45,2218.965820514285
12-23 05:00,1484.2857142857142
12-23 05:15,5771.62997402857
12-23 05:30,2881.82455096
12-23 05:45,2961.2808015285714
12-23 06:00,3575.3351019428574
12-23 06:15,3257.540877257143
12-23 06:30,4687.599194828571
12-23 06:45,3898.216239642857
12-23 07:00,7750.647421042816
12-23 07:15,12285.357685642855
12-23 07:30,12219.732867642855
12-23 07:45,8699.997496757142
12-23 08:00,9854.5049329
12-23 08:15,9520.478410285714
12-23 08:30,4155.152256442857
12-23 08:45,2074.191323928572
12-23 09:00,7355.823915371428
12-23 09:15,9637.96957047143
12-23 09:30,12513.0565181
12-23 09:45,5567.008991928572
12-23 10:00,5137.445954357143
12-23 10:15,12742.207043057144
12-23 10:30,12744.302648642855
12-23 10:45,3270.582890742857
12-23 11:00,6793.0470382
12-23 11:15,1047.2482594428575
12-23 11:30,10041.377826800002
12-23 11:45,2745.8988415714284
12-23 12:00,1649.252394257143
12-23 12:15,5737.6541764286185
12-23 12:30,8691.56488092857
12-23 12:45,9061.271914557145
12-23 13:00,12429.892991685716
12-23 13:15,14879.250279614287
12-23 13:30,21311.34850471429
12-23 13:45,15927.016059714288
12-23 14:00,14570.768350714285
12-23 14:15,954.4766359571432
12-23 14:30,2840.181072
12-23 14:45,15379.128305142858
12-23 15:00,9951.940560300003
12-23 15:15,8264.187685600002
12-23 15:30,18148.312682
12-23 15:45,5640.953196142858
12-23 16:00,11375.734578385714
12-23 16:15,12994.132980285714
12-23 16:30,2791.477557428572
12-23 16:45,22229.14139214286
12-23 17:00,19293.178868000003
12-23 17:15,11463.509349771428
12-23 17:30,14391.049653000002
12-23 17:45,6128.659274600001
12-23 18:00,7961.896721128573
12-23 18:15,13086.16613457143
12-23 18:30,758.8513494857144
12-23 18:45,1569.025104528571
12-23 19:00,3404.984638057143
12-23 19:15,1271.2571732714289
12-23 19:30,14124.156908857143
12-23 19:45,1982.343078585714
12-23 20:00,906.0331979000002
12-23 20:15,6160.311323142859
12-23 20:30,424.6548604714286
12-23 20:45,5342.62172547143
12-23 21:00,2344.366418797143
12-23 21:15,568.090144
12-23 21:30,1322.3791389514286
12-23 21:45,0.0
12-23 22:00,511.4993712971429
12-23 22:15,1462.4248638657143
12-23 22:30,0.0
12-23 22:45,0.0
12-23 23:00,1484.2857142857142
12-23 23:15,7907.749837728571
12-23 23:30,1717.2572259857145
12-23 23:45,2352.5263007728568
12-24 00:00,4110.906842414286
12-24 00:15,2523.6569472214283
12-24 00:30,1484.2857142857142
12-24 00:45,1484.2857142857142
12-24 01:00,1484.2857142857142
12-24 01:15,1484.2857142857142
12-24 01:30,2522.092394445714
12-24 01:45,1484.2857142857142
12-24 02:00,1484.2857142857142
12-24 02:15,1484.2857142857142
12-24 02:30,1484.2857142857142
12-24 02:45,1484.2857142857142
12-24 03:00,2013.799683628572
12-24 03:15,1484.2857142857142
12-24 03:30,2038.7417754742853
12-24 03:45,6062.184376971429
12-24 04:00,1919.67975832
12-24 04:15,3202.325223542857
12-24 04:30,2263.697108148572
12-24 04:45,1484.2857142857142
12-24 05:00,4939.097914528571
12-24 05:15,7274.1062642285715
12-24 05:30,2061.520181947142
12-24 05:45,2161.8150772314284
12-24 06:00,4693.2241196714285
12-24 06:15,8311.237878514286
12-24 06:30,2940.3151397857146
12-24 06:45,6377.93057
12-24 07:00,15441.035193285714
12-24 07:15,15782.546504285714
12-24 07:30,13924.762261414287
12-24 07:45,10990.218547157145
12-24 08:00,4425.697026057143
12-24 08:15,14199.240035785711
12-24 08:30,10004.250455799958
12-24 08:45,4974.832601328571
12-24 09:00,18558.246317714285
12-24 09:15,2489.245043457144
12-24 09:30,25507.405528857144
12-24 09:45,2110.9503547757554
12-24 10:00,12407.8589287
12-24 10:15,6081.355820228572
12-24 10:30,3251.6720922
12-24 10:45,5834.052407885715
12-24 11:00,17497.405734857144
12-24 11:15,15854.478186142858
12-24 11:30,9638.306428614284
12-24 11:45,0.0
12-24 12:00,8693.668987285715
12-24 12:15,0.0
12-24 12:30,795.9745801142858
12-24 12:45,0.0
12-24 13:00,6505.2617157
12-24 13:15,8347.415300814286
12-24 13:30,2177.2960939571426
12-24 13:45,23804.108594142857
12-24 14:00,2165.933419642857
12-24 14:15,18472.79791028572
12-24 14:30,4194.511211014285
12-24 14:45,2725.919018985714
12-24 15:00,8029.2745776857155
12-24 15:15,6767.169996714285
12-24 15:30,9550.242155914286
12-24 15:45,3251.343382928571
12-24 16:00,6787.088153714287
12-24 16:15,2283.208593757144
12-24 16:30,16222.283680285716
12-24 16:45,15965.834643
12-24 17:00,20525.586252142857
12-24 17:15,6220.996748442857
12-24 17:30,9701.354652200002
12-24 17:45,7782.353583500001
12-24 18:00,1151.4700547857146
12-24 18:15,8298.927353771429
12-24 18:30,11373.20426637143
12-24 18:45,8631.416726085716
12-24 19:00,915.4637911714284
12-24 19:15,0.0
12-24 19:30,658.1539652428572
12-24 19:45,4324.069855785714
12-24 20:00,8942.910585485715
12-24 20:15,6493.3904041000005
12-24 20:30,5720.578601200001
12-24 20:45,4952.0311707857145
12-24 21:00,2246.525838957143
12-24 21:15,0.0
12-24 21:30,1728.3822861557142
12-24 21:45,0.0
12-24 22:00,1127.125317531429
12-24 22:15,0.0
12-24 22:30,3195.9070192142854
12-24 22:45,1821.7953337571428
12-24 23:00,3381.310235685714
12-24 23:15,2834.28884507
12-24 23:30,2395.7913741642856
12-24 23:45,2391.074342621428
12-25 00:00,2343.91767581
12-25 00:15,1484.2857142857142
12-25 00:30,1484.2857142857142
12-25 00:45,1484.2857142857142
12-25 01:00,1484.2857142857142
12-25 01:15,1484.2857142857142
12-25 01:30,1484.2857142857142
12-25 01:45,1484.2857142857142
12-25 02:00,1484.2857142857142
12-25 02:15,1484.2857142857142
12-25 02:30,1484.2857142857142
12-25 02:45,1484.2857142857142
12-25 03:00,1484.2857142857142
12-25 03:15,1484.2857142857142
12-25 03:30,1484.2857142857142
12-25 03:45,1484.2857142857142
12-25 04:00,4736.6415777
12-25 04:15,2416.782417264286
12-25 04:30,2271.251167291429
12-25 04:45,2111.289630794286
12-25 05:00,1853.2497861942857
12-25 05:15,2687.970122868572
12-25 05:30,4873.498779657143
12-25 05:45,1484.2857142857142
12-25 06:00,3827.127756885714
12-25 06:15,7839.731804914285
12-25 06:30,14918.300608
12-25 06:45,8470.8429418
12-25 07:00,6926.8216723
12-25 07:15,9347.087553114285
12-25 07:30,3621.667399928572
12-25 07:45,21678.88506042857
12-25 08:00,12069.805958414248
12-25 08:15,17337.401627285715
12-25 08:30,14347.3163477
12-25 08:45,16770.601363
12-25 09:00,1457.146377514286
12-25 09:15,3076.516672
12-25 09:30,750.5077124714288
12-25 09:45,11684.931092185716
12-25 10:00,10349.08758127143
12-25 10:15,10902.144545628573
12-25 10:30,2625.794610071429
12-25 10:45,5900.221345471428
12-25 11:00,1262.456335885715
12-25 11:15,0.0
12-25 11:30,5869.253088700001
12-25 11:45,8936.845681757142
12-25 12:00,8091.53988907714
12-25 12:15,4218.965698942858
12-25 12:30,6622.359341114287
12-25 12:45,4840.5346593
12-25 13:00,12424.192420485711
12-25 13:15,7425.040389414285
12-25 13:30,6180.3609102142855
12-25 13:45,13069.66820585714
12-25 14:00,5238.604986228571
12-25 14:15,19422.17678028572
12-25 14:30,19995.088134
12-25 14:45,3511.5338741714286
12-25 15:00,998.433464814286
12-25 15:15,5502.106294057144
12-25 15:30,6833.613449614286
12-25 15:45,10501.47173082857
12-25 16:00,5719.672007428571
12-25 16:15,2702.8192684
12-25 16:30,13042.091517571427
12-25 16:45,10987.79758964286
12-25 17:00,17347.83498857143
12-25 17:15,13757.842458428571
12-25 17:30,3089.4552628
12-25 17:45,15215.509539
12-25 18:00,5385.028490485715
12-25 18:15,3441.4100744857137
12-25 18:30,6345.855199471429
12-25 18:45,2000.111208628572
12-25 19:00,861.0979188714288
12-25 19:15,6716.6202321857145
12-25 19:30,728.703104757143
12-25 19:45,364.0861492285717
12-25 20:00,0.0
12-25 20:15,11543.42554404286
12-25 20:30,1744.238044771429
12-25 20:45,3343.2488613428573
12-25 21:00,5485.339057828572
12-25 21:15,0.0
12-25 21:30,0.0
12-25 21:45,1110.1941769714283
12-25 22:00,265.7913143857143
12-25 22:15,0.0
12-25 22:30,0.0
12-25 22:45,0.0
12-25 23:00,0.0
12-25 23:15,0.0
12-25 23:30,0.0
12-25 23:45,2323.686640428572
12-26 00:00,1484.2857142857142
12-26 00:15,1484.2857142857142
12-26 00:30,1484.2857142857142
12-26 00:45,1484.2857142857142
12-26 01:00,1484.2857142857142
12-26 01:15,1484.2857142857142
12-26 01:30,1920.819618748572
12-26 01:45,1484.2857142857142
12-26 02:00,1484.2857142857142
12-26 02:15,1484.2857142857142
12-26 02:30,1484.2857142857142
12-26 02:45,1484.2857142857142
12-26 03:00,1788.497744825714
12-26 03:15,1484.2857142857142
12-26 03:30,2513.749755918572
12-26 03:45,1484.2857142857142
12-26 04:00,1484.2857142857142
12-26 04:15,2087.1087985585714
12-26 04:30,1484.2857142857142
12-26 04:45,6844.4241758
12-26 05:00,6062.924503614286
12-26 05:15,1484.2857142857142
12-26 05:30,2653.5820574242853
12-26 05:45,2518.4759610700003
12-26 06:00,9902.0119752
12-26 06:15,10131.569680585711
12-26 06:30,4267.257558814285
12-26 06:45,13482.2325411
12-26 07:00,15034.63944182857
12-26 07:15,3637.869842957143
12-26 07:30,12112.467560157143
12-26 07:45,10991.8203983
12-26 08:00,14463.476373642858
12-26 08:15,14292.827455085711
12-26 08:30,10076.277803657144
12-26 08:45,6135.441268414284
12-26 09:00,1926.9562684571429
12-26 09:15,8516.928617128573
12-26 09:30,5419.498047785715
12-26 09:45,6690.110115114287
12-26 10:00,1325.3403261642857
12-26 10:15,5721.129041928572
12-26 10:30,5477.216086742855
12-26 10:45,10171.798007957144
12-26 11:00,10403.051444314286
12-26 11:15,9626.807774185714
12-26 11:30,6924.9554903285725
12-26 11:45,2440.391146342857
12-26 12:00,11230.439376757144
12-26 12:15,6740.083233500001
12-26 12:30,4999.927933861425
12-26 12:45,8299.120627971428
12-26 13:00,14395.722241542857
12-26 13:15,4373.552075671429
12-26 13:30,5255.634333542857
12-26 13:45,18599.81168014285
12-26 14:00,8159.600462128573
12-26 14:15,789.8251817285715
12-26 14:30,412.9426575142858
12-26 14:45,3164.7584143571426
12-26 15:00,13372.553825714283
12-26 15:15,2723.5582682857143
12-26 15:30,8475.937292028571
12-26 15:45,5194.740551814286
12-26 16:00,13855.531020142858
12-26 16:15,9336.951872171428
12-26 16:30,6246.661690985715
12-26 16:45,14026.064516285714
12-26 17:00,2492.866462657143
12-26 17:15,26013.813687428574
12-26 17:30,5631.150323685715
12-26 17:45,10655.69968027143
12-26 18:00,11146.750007185714
12-26 18:15,14971.761543142858
12-26 18:30,16110.32787742857
12-26 18:45,790.5385876571429
12-26 19:00,651.7248719
12-26 19:15,26.12112932857157
12-26 19:30,2359.0176775000004
12-26 19:45,6197.789058257144
12-26 20:00,2139.5453702571426
12-26 20:15,1483.8026555857143
12-26 20:30,0.0
12-26 20:45,9811.325375271428
12-26 21:00,0.0
12-26 21:15,0.0
12-26 21:30,9640.633168242855
12-26 21:45,0.0
12-26 22:00,0.0
12-26 22:15,0.0
12-26 22:30,0.0
12-26 22:45,0.0
12-26 23:00,1484.2857142857142
12-26 23:15,1715.9172223914286
12-26 23:30,2106.274986612857
12-26 23:45,1484.2857142857142
12-27 00:00,1484.2857142857142
12-27 00:15,1877.926002104285
12-27 00:30,1484.2857142857142
12-27 00:45,1484.2857142857142
12-27 01:00,5836.758673457142
12-27 01:15,8960.928351071427
12-27 01:30,1484.2857142857142
12-27 01:45,2096.5037296971427
12-27 02:00,1484.2857142857142
12-27 02:15,1878.937462374285
12-27 02:30,1651.96023024
12-27 02:45,3525.7475999857143
12-27 03:00,1484.2857142857142
12-27 03:15,1484.2857142857142
12-27 03:30,1484.2857142857142
12-27 03:45,1484.2857142857142
12-27 04:00,1484.2857142857142
12-27 04:15,1484.2857142857142
12-27 04:30,1484.2857142857142
12-27 04:45,1484.2857142857142
12-27 05:00,3609.3481284857135
12-27 05:15,1484.2857142857142
12-27 05:30,7976.52359262857
12-27 05:45,6535.772996871428
12-27 06:00,15287.622529728573
12-27 06:15,18670.12061971429
12-27 06:30,12212.200705414289
12-27 06:45,5520.307666142857
12-27 07:00,7647.8603378285725
12-27 07:15,13354.05367842857
12-27 07:30,9782.964188657144
12-27 07:45,13067.511247714288
12-27 08:00,24497.261894857147
12-27 08:15,10224.285418314286
12-27 08:30,13520.076938014286
12-27 08:45,12941.060258785716
12-27 09:00,0.0
12-27 09:15,15238.684913184286
12-27 09:30,5515.210212728572
12-27 09:45,8691.349655657143
12-27 10:00,4172.770873299999
12-27 10:15,4887.588375385715
12-27 10:30,10869.770926600002
12-27 10:45,6513.8568299286135
12-27 11:00,2979.257105128572
12-27 11:15,13349.101879285716
12-27 11:30,6690.448352185715
12-27 11:45,8942.7981252
12-27 12:00,5249.4501415
12-27 12:15,7099.979516185714
12-27 12:30,16090.320461857147
12-27 12:45,6772.9010355142855
12-27 13:00,19906.639186857145
12-27 13:15,11829.527089885716
12-27 13:30,21584.00465900001
12-27 13:45,7844.4631474
12-27 14:00,6623.46397307143
12-27 14:15,6364.6208328
12-27 14:30,7988.652056714287
12-27 14:45,5761.710581000001
12-27 15:00,2445.4319869000005
12-27 15:15,11367.4810388
12-27 15:30,7690.482154342858
12-27 15:45,11618.813192842856
12-27 16:00,11855.0652047
12-27 16:15,19836.69853114285
12-27 16:30,12614.473313285716
12-27 16:45,4855.513753771429
12-27 17:00,12471.392952157144
12-27 17:15,6807.276446728572
12-27 17:30,7414.301719214286
12-27 17:45,12093.919264257143
12-27 18:00,13090.104035285716
12-27 18:15,2334.3442743714286
12-27 18:30,267.6233378285715
12-27 18:45,1891.9739545142857
12-27 19:00,2610.457707257143
12-27 19:15,337.7206184857145
12-27 19:30,5803.525703842857
12-27 19:45,551.744916657143
12-27 20:00,2519.12633292
12-27 20:15,1138.4490186
12-27 20:30,8855.981310899999
12-27 20:45,798.1643465342856
12-27 21:00,1918.7300421
12-27 21:15,1051.3600621685714
12-27 21:30,17991.80810490429
12-27 21:45,0.0
12-27 22:00,592.3094994385715
12-27 22:15,1484.2857142857142
12-27 22:30,6424.384179714287
12-27 22:45,0.0
12-27 23:00,2044.201374498572
12-27 23:15,1968.709099187143
12-27 23:30,3166.616363457143
12-27 23:45,3405.630225628571
12-28 00:00,4462.871405785714
12-28 00:15,1484.2857142857142
12-28 00:30,1848.1859725114284
12-28 00:45,3230.9098910000007
12-28 01:00,1484.2857142857142
12-28 01:15,6073.019867099999
12-28 01:30,1484.2857142857142
12-28 01:45,1484.2857142857142
12-28 02:00,2121.80121481
12-28 02:15,1484.2857142857142
12-28 02:30,1980.18672111
12-28 02:45,2042.78690717
12-28 03:00,1484.2857142857142
12-28 03:15,2031.223196294286
12-28 03:30,2283.8433646485714
12-28 03:45,1484.2857142857142
12-28 04:00,1484.2857142857142
12-28 04:15,1659.1103610914283
12-28 04:30,1484.2857142857142
12-28 04:45,2887.902575118572
12-28 05:00,1928.589524327143
12-28 05:15,1484.2857142857142
12-28 05:30,1484.2857142857142
12-28 05:45,1484.2857142857142
12-28 06:00,2695.999753335714
12-28 06:15,1484.2857142857142
12-28 06:30,1484.2857142857142
12-28 06:45,2468.364226505714
12-28 07:00,8959.721473614285
12-28 07:15,3097.8432276857143
12-28 07:30,9834.605223742858
12-28 07:45,9320.46976112857
12-28 08:00,3719.957526771429
12-28 08:15,1929.1348961856727
12-28 08:30,8524.138178842857
12-28 08:45,2296.1413746757144
12-28 09:00,7364.660732600001
12-28 09:15,5253.203993942858
12-28 09:30,4131.326715657144
12-28 09:45,10000.595119114285
12-28 10:00,19663.919062428573
12-28 10:15,1560.8445429
12-28 10:30,12502.419634442856
12-28 10:45,12221.364513714288
12-28 11:00,1660.1752708142858
12-28 11:15,4652.255927242858
12-28 11:30,3170.972385085714
12-28 11:45,5061.227680614285
12-28 12:00,10776.068623691468
12-28 12:15,2452.9363721014283
12-28 12:30,7874.065983928572
12-28 12:45,6891.784948385714
12-28 13:00,12438.174520371427
12-28 13:15,12168.327876742858
12-28 13:30,9835.581496914285
12-28 13:45,15262.179225142858
12-28 14:00,1729.965069914286
12-28 14:15,7983.5498851
12-28 14:30,5911.210120714287
12-28 14:45,6536.984711628572
12-28 15:00,20575.149506428574
12-28 15:15,13479.266354428572
12-28 15:30,22532.73083585714
12-28 15:45,12243.452760271428
12-28 16:00,12575.335712200002
12-28 16:15,16547.558261857146
12-28 16:30,10571.361449685714
12-28 16:45,15854.898017142856
12-28 17:00,0.0
12-28 17:15,5287.932262600001
12-28 17:30,1315.8939053142858
12-28 17:45,679.3380715857144
12-28 18:00,7345.815028971429
12-28 18:15,0.0
12-28 18:30,0.0
12-28 18:45,6952.6078124000005
12-28 19:00,3950.750553071429
12-28 19:15,0.0
12-28 19:30,2947.5696766
12-28 19:45,8952.483141785715
12-28 20:00,0.0
12-28 20:15,3452.665663357144
12-28 20:30,0.0
12-28 20:45,0.0
12-28 21:00,0.0
12-28 21:15,5478.384699157143
12-28 21:30,0.0
12-28 21:45,5570.431293714287
12-28 22:00,0.0
12-28 22:15,8179.3320378
12-28 22:30,0.0
12-28 22:45,0.0
12-28 23:00,6981.759603771428
12-28 23:15,978.872557344243
12-28 23:30,1484.2857142857142
12-28 23:45,6505.121073228572
12-29 00:00,0.0
12-29 00:15,0.0
12-29 00:30,0.0
12-29 00:45,0.0
12-29 01:00,1484.2857142857142
12-29 01:15,1484.2857142857142
12-29 01:30,1484.2857142857142
12-29 01:45,1484.2857142857142
12-29 02:00,1484.2857142857142
12-29 02:15,2799.3215039
12-29 02:30,3752.321365142857
12-29 02:45,1484.2857142857142
12-29 03:00,1484.2857142857142
12-29 03:15,1484.2857142857142
12-29 03:30,1693.7386105028572
12-29 03:45,2349.5370360685715
12-29 04:00,1484.2857142857142
12-29 04:15,1484.2857142857142
12-29 04:30,1484.2857142857142
12-29 04:45,1484.2857142857142
12-29 05:00,1484.2857142857142
12-29 05:15,1484.2857142857142
12-29 05:30,1484.2857142857142
12-29 05:45,1484.2857142857142
12-29 06:00,1887.400011015714
12-29 06:15,1484.2857142857142
12-29 06:30,1955.175602458572
12-29 06:45,2006.1551562957145
12-29 07:00,3762.614949071429
12-29 07:15,12402.280847357144
12-29 07:30,4201.503322642857
12-29 07:45,8359.993869485716
12-29 08:00,15462.4981035
12-29 08:15,3133.4490282285715
12-29 08:30,10550.715976528572
12-29 08:45,4371.489778971428
12-29 09:00,7242.278799942856
12-29 09:15,8489.817231285713
12-29 09:30,14272.6627759
12-29 09:45,8690.071096057143
12-29 10:00,12520.72179864286
12-29 10:15,16697.688512714285
12-29 10:30,3469.354139814286
12-29 10:45,5389.860115342857
12-29 11:00,17248.290516428573
12-29 11:15,17865.44923857143
12-29 11:30,3498.783273542858
12-29 11:45,9734.813306842858
12-29 12:00,15126.229758428572
12-29 12:15,17257.442444285716
12-29 12:30,7152.172182085715
12-29 12:45,12814.93552357143
12-29 13:00,4945.728850944325
12-29 13:15,7240.539400957143
12-29 13:30,9725.468609742858
12-29 13:45,11616.653644357144
12-29 14:00,8155.347864942858
12-29 14:15,7762.440535957144
12-29 14:30,2918.0876267857147
12-29 14:45,6559.209624157143
12-29 15:00,2925.5759064571434
12-29 15:15,6451.3931812142855
12-29 15:30,15513.23892457143
12-29 15:45,7285.890520228571
12-29 16:00,17560.041509000002
12-29 16:15,10686.247540457143
12-29 16:30,26247.966887999995
12-29 16:45,12204.172131585714
12-29 17:00,1595.131809142857
12-29 17:15,6552.002493928571
12-29 17:30,2295.2299251000004
12-29 17:45,14597.671126857143
12-29 18:00,730.0753632142857
12-29 18:15,885.9900224428574
12-29 18:30,272.6390973714286
12-29 18:45,7682.896404442858
12-29 19:00,5371.830876171429
12-29 19:15,375.6486187142857
12-29 19:30,0.0
12-29 19:45,2810.5844502
12-29 20:00,284.54822907142886
12-29 20:15,5915.701455114287
12-29 20:30,952.0527397571428
12-29 20:45,997.3284326857143
12-29 21:00,0.0
12-29 21:15,0.0
12-29 21:30,0.0
12-29 21:45,0.0
12-29 22:00,1484.2857142857142
12-29 22:15,1484.2857142857142
12-29 22:30,2436.2864929557145
12-29 22:45,1857.57677531
12-29 23:00,1484.2857142857142
12-29 23:15,1484.2857142857142
12-29 23:30,1484.2857142857142
12-29 23:45,1484.2857142857142
12-30 00:00,1859.63049989
12-30 00:15,1484.2857142857142
12-30 00:30,1535.978957142857
12-30 00:45,1484.2857142857142
12-30 01:00,1484.2857142857142
12-30 01:15,1484.2857142857142
12-30 01:30,1484.2857142857142
12-30 01:45,1484.2857142857142
12-30 02:00,1484.2857142857142
12-30 02:15,1484.2857142857142
12-30 02:30,1949.3791804614284
12-30 02:45,2155.989706658572
12-30 03:00,1484.2857142857142
12-30 03:15,1484.2857142857142
12-30 03:30,2103.5377157514285
12-30 03:45,2076.5514774357143
12-30 04:00,1878.5973559614283
12-30 04:15,1484.2857142857142
12-30 04:30,1919.8497223328573
12-30 04:45,6921.988494614287
12-30 05:00,1484.2857142857142
12-30 05:15,6999.763044142856
12-30 05:30,2047.09369438
12-30 05:45,2851.4480274028574
12-30 06:00,3610.5478242
12-30 06:15,9313.36723632857
12-30 06:30,4242.456810442857
12-30 06:45,7925.29343562857
12-30 07:00,1260.9292339428573
12-30 07:15,2516.283445757143
12-30 07:30,11081.704132642855
12-30 07:45,3787.023096428572
12-30 08:00,11872.99868504286
12-30 08:15,12225.10894504286
12-30 08:30,955.5723811000004
12-30 08:45,6485.928383357144
12-30 09:00,6864.811655128572
12-30 09:15,287.76814284285723
12-30 09:30,10348.41421377143
12-30 09:45,11169.84371427143
12-30 10:00,2103.027936067143
12-30 10:15,7964.451306185713
12-30 10:30,5797.750472857142
12-30 10:45,11094.489897157142
12-30 11:00,9663.164696685712
12-30 11:15,4427.467639942858
12-30 11:30,9414.546502842855
12-30 11:45,6272.673538342858
12-30 12:00,6018.4199796428575
12-30 12:15,3684.35499317571
12-30 12:30,7365.7973310285715
12-30 12:45,8687.3666059
12-30 13:00,2977.922758142857
12-30 13:15,5096.29979517143
12-30 13:30,5190.455190228571
12-30 13:45,2339.2413937857145
12-30 14:00,8784.82941244286
12-30 14:15,7654.719052285715
12-30 14:30,15426.884474
12-30 14:45,2507.437142957143
12-30 15:00,8090.7162962
12-30 15:15,4982.000889371429
12-30 15:30,3391.007219428572
12-30 15:45,6404.601195285714
12-30 16:00,4963.027804957143
12-30 16:15,3345.976780957142
12-30 16:30,3857.573233
12-30 16:45,3225.1233449571423
12-30 17:00,5452.451045271429
12-30 17:15,3881.167758057143
12-30 17:30,6791.847249457143
12-30 17:45,13666.155687571429
12-30 18:00,13915.141917142855
12-30 18:15,2394.6804806000005
12-30 18:30,13280.648270285716
12-30 18:45,2796.107774071429
12-30 19:00,0.0
12-30 19:15,3668.8030890428577
12-30 19:30,869.3182951857144
12-30 19:45,3861.444056971429
12-30 20:00,5285.178609185716
12-30 20:15,0.0
12-30 20:30,4533.366092242858
12-30 20:45,13060.915933571428
12-30 21:00,2871.783924297143
12-30 21:15,2582.2293878328574
12-30 21:30,1838.392629737143
12-30 21:45,4986.998114099957
12-30 22:00,0.0
12-30 22:15,0.0
12-30 22:30,0.0
12-30 22:45,0.0
12-30 23:00,1790.1988893885714
12-30 23:15,2130.8715383214285
12-30 23:30,1484.2857142857142
12-30 23:45,2976.5088680857143
12-31 00:00,1484.2857142857142
12-31 00:15,1821.9781528257145
12-31 00:30,1484.2857142857142
12-31 00:45,1913.467102767143
12-31 01:00,1484.2857142857142
12-31 01:15,1484.2857142857142
12-31 01:30,1484.2857142857142
12-31 01:45,1484.2857142857142
12-31 02:00,1484.2857142857142
12-31 02:15,1484.2857142857142
12-31 02:30,1484.2857142857142
12-31 02:45,1484.2857142857142
12-31 03:00,1484.2857142857142
12-31 03:15,1484.2857142857142
12-31 03:30,1484.2857142857142
12-31 03:45,1484.2857142857142
12-31 04:00,2283.304200852857
12-31 04:15,1484.2857142857142
12-31 04:30,1484.2857142857142
12-31 04:45,6026.485895185714
12-31 05:00,12025.801599657145
12-31 05:15,2590.357478792857
12-31 05:30,1484.2857142857142
12-31 05:45,2460.46979514
12-31 06:00,6477.944180014286
12-31 06:15,6976.620468557144
12-31 06:30,8131.9698174
12-31 06:45,13964.523721
12-31 07:00,12450.729564057145
12-31 07:15,20925.92750985714
12-31 07:30,19722.552205714288
12-31 07:45,11868.117071028571
12-31 08:00,21466.303198
12-31 08:15,3052.5554857
12-31 08:30,8440.964218499998
12-31 08:45,16619.81740257143
12-31 09:00,16710.441787
12-31 09:15,11853.967287442858
12-31 09:30,2749.247409585714
12-31 09:45,5103.424576700001
12-31 10:00,15254.006189014286
12-31 10:15,2599.473732094286
12-31 10:30,16989.863714285715
12-31 10:45,8582.541522942856
12-31 11:00,6394.687340471429
12-31 11:15,7282.310806514286
12-31 11:30,2479.2167908714287
12-31 11:45,11672.575208485714
12-31 12:00,7662.2813306571425
12-31 12:15,4437.587625300001
12-31 12:30,1339.3560013857143
12-31 12:45,7581.782713057142
12-31 13:00,11722.9717008
12-31 13:15,4839.962290814286
12-31 13:30,7042.712768542858
12-31 13:45,9636.853827451472
12-31 14:00,3216.213551342858
12-31 14:15,832.0429569428571
12-31 14:30,13413.74243457143
12-31 14:45,714.8731693428572
12-31 15:00,1904.594604428572
12-31 15:15,4724.804820557144
12-31 15:30,7803.282548885715
12-31 15:45,3486.845776528572
12-31 16:00,9812.699741700002
12-31 16:15,10794.748770428572
12-31 16:30,2342.143031057143
12-31 16:45,3481.3273376571424
12-31 17:00,17143.663309857144
12-31 17:15,8977.7102882
12-31 17:30,6911.993342214286
12-31 17:45,6777.023111028572
12-31 18:00,14577.10775442857
12-31 18:15,2141.868474214286
12-31 18:30,10136.012447557145
12-31 18:45,5814.3663999142855
12-31 19:00,8010.651174285716
12-31 19:15,1478.6296209428574
12-31 19:30,2808.561935114285
12-31 19:45,11143.708745657144
12-31 20:00,0.0
12-31 20:15,5098.898739071428
12-31 20:30,0.0
12-31 20:45,0.0
12-31 21:00,0.0
12-31 21:15,0.0
12-31 21:30,0.0
12-31 21:45,643.2559737857143
12-31 22:00,0.0
12-31 22:15,2802.941956814286
12-31 22:30,0.0
12-31 22:45,0.0
12-31 23:00,711.5638689657143
12-31 23:15,0.0
12-31 23:30,1484.2857142857142
12-31 23:45,288.3390767857143
