Timestamp,Strombezug (kW)
01.01. 00:00,98.2
01.01. 00:15,98.2
01.01. 00:30,98.2
01.01. 00:45,98.2
01.01. 01:00,84.7
01.01. 01:15,84.7
01.01. 01:30,84.7
01.01. 01:45,84.7
01.01. 02:00,68.1
01.01. 02:15,68.1
01.01. 02:30,68.1
01.01. 02:45,68.1
01.01. 03:00,66.9
01.01. 03:15,66.9
01.01. 03:30,66.9
01.01. 03:45,66.9
01.01. 04:00,61.8
01.01. 04:15,61.8
01.01. 04:30,61.8
01.01. 04:45,61.8
01.01. 05:00,67.4
01.01. 05:15,67.4
01.01. 05:30,67.4
01.01. 05:45,67.4
01.01. 06:00,74.9
01.01. 06:15,74.9
01.01. 06:30,74.9
01.01. 06:45,74.9
01.01. 07:00,86.2
01.01. 07:15,86.2
01.01. 07:30,86.2
01.01. 07:45,86.2
01.01. 08:00,128.2
01.01. 08:15,128.2
01.01. 08:30,128.2
01.01. 08:45,128.2
01.01. 09:00,217.4
01.01. 09:15,217.4
01.01. 09:30,217.4
01.01. 09:45,217.4
01.01. 10:00,286.7
01.01. 10:15,286.7
01.01. 10:30,286.7
01.01. 10:45,286.7
01.01. 11:00,305.0
01.01. 11:15,305.0
01.01. 11:30,305.0
01.01. 11:45,305.0
01.01. 12:00,307.0
01.01. 12:15,307.0
01.01. 12:30,307.0
01.01. 12:45,307.0
01.01. 13:00,286.9
01.01. 13:15,286.9
01.01. 13:30,286.9
01.01. 13:45,286.9
01.01. 14:00,277.4
01.01. 14:15,277.4
01.01. 14:30,277.4
01.01. 14:45,277.4
01.01. 15:00,232.7
01.01. 15:15,232.7
01.01. 15:30,232.7
01.01. 15:45,232.7
01.01. 16:00,194.5
01.01. 16:15,194.5
01.01. 16:30,194.5
01.01. 16:45,194.5
01.01. 17:00,182.5
01.01. 17:15,182.5
01.01. 17:30,182.5
01.01. 17:45,182.5
01.01. 18:00,195.0
01.01. 18:15,195.0
01.01. 18:30,195.0
01.01. 18:45,195.0
01.01. 19:00,217.2
01.01. 19:15,217.2
01.01. 19:30,217.2
01.01. 19:45,217.2
01.01. 20:00,245.8
01.01. 20:15,245.8
01.01. 20:30,245.8
01.01. 20:45,245.8
01.01. 21:00,238.9
01.01. 21:15,238.9
01.01. 21:30,238.9
01.01. 21:45,238.9
01.01. 22:00,201.9
01.01. 22:15,201.9
01.01. 22:30,201.9
01.01. 22:45,201.9
01.01. 23:00,139.9
01.01. 23:15,139.9
01.01. 23:30,139.9
01.01. 23:45,139.9
02.01. 00:00,84.9
02.01. 00:15,84.9
02.01. 00:30,84.9
02.01. 00:45,84.9
02.01. 01:00,74.8
02.01. 01:15,74.8
02.01. 01:30,74.8
02.01. 01:45,74.8
02.01. 02:00,64.0
02.01. 02:15,64.0
02.01. 02:30,64.0
02.01. 02:45,64.0
02.01. 03:00,69.3
02.01. 03:15,69.3
02.01. 03:30,69.3
02.01. 03:45,69.3
02.01. 04:00,79.7
02.01. 04:15,79.7
02.01. 04:30,79.7
02.01. 04:45,79.7
02.01. 05:00,106.3
02.01. 05:15,106.3
02.01. 05:30,106.3
02.01. 05:45,106.3
02.01. 06:00,209.5
02.01. 06:15,209.5
02.01. 06:30,209.5
02.01. 06:45,209.5
02.01. 07:00,248.4
02.01. 07:15,248.4
02.01. 07:30,248.4
02.01. 07:45,248.4
02.01. 08:00,248.1
02.01. 08:15,248.1
02.01. 08:30,248.1
02.01. 08:45,248.1
02.01. 09:00,232.9
02.01. 09:15,232.9
02.01. 09:30,232.9
02.01. 09:45,232.9
02.01. 10:00,212.0
02.01. 10:15,212.0
02.01. 10:30,212.0
02.01. 10:45,212.0
02.01. 11:00,206.2
02.01. 11:15,206.2
02.01. 11:30,206.2
02.01. 11:45,206.2
02.01. 12:00,224.0
02.01. 12:15,224.0
02.01. 12:30,224.0
02.01. 12:45,224.0
02.01. 13:00,230.4
02.01. 13:15,230.4
02.01. 13:30,230.4
02.01. 13:45,230.4
02.01. 14:00,189.4
02.01. 14:15,189.4
02.01. 14:30,189.4
02.01. 14:45,189.4
02.01. 15:00,185.5
02.01. 15:15,185.5
02.01. 15:30,185.5
02.01. 15:45,185.5
02.01. 16:00,183.1
02.01. 16:15,183.1
02.01. 16:30,183.1
02.01. 16:45,183.1
02.01. 17:00,200.5
02.01. 17:15,200.5
02.01. 17:30,200.5
02.01. 17:45,200.5
02.01. 18:00,257.4
02.01. 18:15,257.4
02.01. 18:30,257.4
02.01. 18:45,257.4
02.01. 19:00,290.5
02.01. 19:15,290.5
02.01. 19:30,290.5
02.01. 19:45,290.5
02.01. 20:00,294.0
02.01. 20:15,294.0
02.01. 20:30,294.0
02.01. 20:45,294.0
02.01. 21:00,289.1
02.01. 21:15,289.1
02.01. 21:30,289.1
02.01. 21:45,289.1
02.01. 22:00,216.9
02.01. 22:15,216.9
02.01. 22:30,216.9
02.01. 22:45,216.9
02.01. 23:00,162.9
02.01. 23:15,162.9
02.01. 23:30,162.9
02.01. 23:45,162.9
03.01. 00:00,90.6
03.01. 00:15,90.6
03.01. 00:30,90.6
03.01. 00:45,90.6
03.01. 01:00,72.5
03.01. 01:15,72.5
03.01. 01:30,72.5
03.01. 01:45,72.5
03.01. 02:00,67.9
03.01. 02:15,67.9
03.01. 02:30,67.9
03.01. 02:45,67.9
03.01. 03:00,64.9
03.01. 03:15,64.9
03.01. 03:30,64.9
03.01. 03:45,64.9
03.01. 04:00,82.2
03.01. 04:15,82.2
03.01. 04:30,82.2
03.01. 04:45,82.2
03.01. 05:00,129.9
03.01. 05:15,129.9
03.01. 05:30,129.9
03.01. 05:45,129.9
03.01. 06:00,224.7
03.01. 06:15,224.7
03.01. 06:30,224.7
03.01. 06:45,224.7
03.01. 07:00,273.7
03.01. 07:15,273.7
03.01. 07:30,273.7
03.01. 07:45,273.7
03.01. 08:00,252.7
03.01. 08:15,252.7
03.01. 08:30,252.7
03.01. 08:45,252.7
03.01. 09:00,217.7
03.01. 09:15,217.7
03.01. 09:30,217.7
03.01. 09:45,217.7
03.01. 10:00,237.5
03.01. 10:15,237.5
03.01. 10:30,237.5
03.01. 10:45,237.5
03.01. 11:00,219.2
03.01. 11:15,219.2
03.01. 11:30,219.2
03.01. 11:45,219.2
03.01. 12:00,237.3
03.01. 12:15,237.3
03.01. 12:30,237.3
03.01. 12:45,237.3
03.01. 13:00,243.2
03.01. 13:15,243.2
03.01. 13:30,243.2
03.01. 13:45,243.2
03.01. 14:00,224.7
03.01. 14:15,224.7
03.01. 14:30,224.7
03.01. 14:45,224.7
03.01. 15:00,205.1
03.01. 15:15,205.1
03.01. 15:30,205.1
03.01. 15:45,205.1
03.01. 16:00,206.1
03.01. 16:15,206.1
03.01. 16:30,206.1
03.01. 16:45,206.1
03.01. 17:00,240.7
03.01. 17:15,240.7
03.01. 17:30,240.7
03.01. 17:45,240.7
03.01. 18:00,260.1
03.01. 18:15,260.1
03.01. 18:30,260.1
03.01. 18:45,260.1
03.01. 19:00,317.1
03.01. 19:15,317.1
03.01. 19:30,317.1
03.01. 19:45,317.1
03.01. 20:00,319.4
03.01. 20:15,319.4
03.01. 20:30,319.4
03.01. 20:45,319.4
03.01. 21:00,261.8
03.01. 21:15,261.8
03.01. 21:30,261.8
03.01. 21:45,261.8
03.01. 22:00,233.9
03.01. 22:15,233.9
03.01. 22:30,233.9
03.01. 22:45,233.9
03.01. 23:00,160.0
03.01. 23:15,160.0
03.01. 23:30,160.0
03.01. 23:45,160.0
04.01. 00:00,97.1
04.01. 00:15,97.1
04.01. 00:30,97.1
04.01. 00:45,97.1
04.01. 01:00,82.8
04.01. 01:15,82.8
04.01. 01:30,82.8
04.01. 01:45,82.8
04.01. 02:00,82.0
04.01. 02:15,82.0
04.01. 02:30,82.0
04.01. 02:45,82.0
04.01. 03:00,81.6
04.01. 03:15,81.6
04.01. 03:30,81.6
04.01. 03:45,81.6
04.01. 04:00,91.5
04.01. 04:15,91.5
04.01. 04:30,91.5
04.01. 04:45,91.5
04.01. 05:00,135.4
04.01. 05:15,135.4
04.01. 05:30,135.4
04.01. 05:45,135.4
04.01. 06:00,228.2
04.01. 06:15,228.2
04.01. 06:30,228.2
04.01. 06:45,228.2
04.01. 07:00,307.6
04.01. 07:15,307.6
04.01. 07:30,307.6
04.01. 07:45,307.6
04.01. 08:00,275.9
04.01. 08:15,275.9
04.01. 08:30,275.9
04.01. 08:45,275.9
04.01. 09:00,231.3
04.01. 09:15,231.3
04.01. 09:30,231.3
04.01. 09:45,231.3
04.01. 10:00,240.2
04.01. 10:15,240.2
04.01. 10:30,240.2
04.01. 10:45,240.2
04.01. 11:00,244.4
04.01. 11:15,244.4
04.01. 11:30,244.4
04.01. 11:45,244.4
04.01. 12:00,260.5
04.01. 12:15,260.5
04.01. 12:30,260.5
04.01. 12:45,260.5
04.01. 13:00,252.0
04.01. 13:15,252.0
04.01. 13:30,252.0
04.01. 13:45,252.0
04.01. 14:00,227.2
04.01. 14:15,227.2
04.01. 14:30,227.2
04.01. 14:45,227.2
04.01. 15:00,217.6
04.01. 15:15,217.6
04.01. 15:30,217.6
04.01. 15:45,217.6
04.01. 16:00,229.0
04.01. 16:15,229.0
04.01. 16:30,229.0
04.01. 16:45,229.0
04.01. 17:00,235.4
04.01. 17:15,235.4
04.01. 17:30,235.4
04.01. 17:45,235.4
04.01. 18:00,277.6
04.01. 18:15,277.6
04.01. 18:30,277.6
04.01. 18:45,277.6
04.01. 19:00,316.0
04.01. 19:15,316.0
04.01. 19:30,316.0
04.01. 19:45,316.0
04.01. 20:00,346.1
04.01. 20:15,346.1
04.01. 20:30,346.1
04.01. 20:45,346.1
04.01. 21:00,317.5
04.01. 21:15,317.5
04.01. 21:30,317.5
04.01. 21:45,317.5
04.01. 22:00,239.2
04.01. 22:15,239.2
04.01. 22:30,239.2
04.01. 22:45,239.2
04.01. 23:00,196.1
04.01. 23:15,196.1
04.01. 23:30,196.1
04.01. 23:45,196.1
05.01. 00:00,116.0
05.01. 00:15,116.0
05.01. 00:30,116.0
05.01. 00:45,116.0
05.01. 01:00,102.5
05.01. 01:15,102.5
05.01. 01:30,102.5
05.01. 01:45,102.5
05.01. 02:00,87.5
05.01. 02:15,87.5
05.01. 02:30,87.5
05.01. 02:45,87.5
05.01. 03:00,97.4
05.01. 03:15,97.4
05.01. 03:30,97.4
05.01. 03:45,97.4
05.01. 04:00,107.8
05.01. 04:15,107.8
05.01. 04:30,107.8
05.01. 04:45,107.8
05.01. 05:00,163.0
05.01. 05:15,163.0
05.01. 05:30,163.0
05.01. 05:45,163.0
05.01. 06:00,266.4
05.01. 06:15,266.4
05.01. 06:30,266.4
05.01. 06:45,266.4
05.01. 07:00,343.8
05.01. 07:15,343.8
05.01. 07:30,343.8
05.01. 07:45,343.8
05.01. 08:00,287.8
05.01. 08:15,287.8
05.01. 08:30,287.8
05.01. 08:45,287.8
05.01. 09:00,269.1
05.01. 09:15,269.1
05.01. 09:30,269.1
05.01. 09:45,269.1
05.01. 10:00,289.1
05.01. 10:15,289.1
05.01. 10:30,289.1
05.01. 10:45,289.1
05.01. 11:00,280.4
05.01. 11:15,280.4
05.01. 11:30,280.4
05.01. 11:45,280.4
05.01. 12:00,251.8
05.01. 12:15,251.8
05.01. 12:30,251.8
05.01. 12:45,251.8
05.01. 13:00,257.1
05.01. 13:15,257.1
05.01. 13:30,257.1
05.01. 13:45,257.1
05.01. 14:00,247.9
05.01. 14:15,247.9
05.01. 14:30,247.9
05.01. 14:45,247.9
05.01. 15:00,226.2
05.01. 15:15,226.2
05.01. 15:30,226.2
05.01. 15:45,226.2
05.01. 16:00,229.1
05.01. 16:15,229.1
05.01. 16:30,229.1
05.01. 16:45,229.1
05.01. 17:00,242.1
05.01. 17:15,242.1
05.01. 17:30,242.1
05.01. 17:45,242.1
05.01. 18:00,309.9
05.01. 18:15,309.9
05.01. 18:30,309.9
05.01. 18:45,309.9
05.01. 19:00,364.7
05.01. 19:15,364.7
05.01. 19:30,364.7
05.01. 19:45,364.7
05.01. 20:00,366.7
05.01. 20:15,366.7
05.01. 20:30,366.7
05.01. 20:45,366.7
05.01. 21:00,341.1
05.01. 21:15,341.1
05.01. 21:30,341.1
05.01. 21:45,341.1
05.01. 22:00,228.0
05.01. 22:15,228.0
05.01. 22:30,228.0
05.01. 22:45,228.0
05.01. 23:00,179.1
05.01. 23:15,179.1
05.01. 23:30,179.1
05.01. 23:45,179.1
06.01. 00:00,125.9
06.01. 00:15,125.9
06.01. 00:30,125.9
06.01. 00:45,125.9
06.01. 01:00,115.9
06.01. 01:15,115.9
06.01. 01:30,115.9
06.01. 01:45,115.9
06.01. 02:00,99.4
06.01. 02:15,99.4
06.01. 02:30,99.4
06.01. 02:45,99.4
06.01. 03:00,93.5
06.01. 03:15,93.5
06.01. 03:30,93.5
06.01. 03:45,93.5
06.01. 04:00,113.2
06.01. 04:15,113.2
06.01. 04:30,113.2
06.01. 04:45,113.2
06.01. 05:00,139.7
06.01. 05:15,139.7
06.01. 05:30,139.7
06.01. 05:45,139.7
06.01. 06:00,183.2
06.01. 06:15,183.2
06.01. 06:30,183.2
06.01. 06:45,183.2
06.01. 07:00,220.8
06.01. 07:15,220.8
06.01. 07:30,220.8
06.01. 07:45,220.8
06.01. 08:00,285.9
06.01. 08:15,285.9
06.01. 08:30,285.9
06.01. 08:45,285.9
06.01. 09:00,357.9
06.01. 09:15,357.9
06.01. 09:30,357.9
06.01. 09:45,357.9
06.01. 10:00,362.7
06.01. 10:15,362.7
06.01. 10:30,362.7
06.01. 10:45,362.7
06.01. 11:00,366.6
06.01. 11:15,366.6
06.01. 11:30,366.6
06.01. 11:45,366.6
06.01. 12:00,337.3
06.01. 12:15,337.3
06.01. 12:30,337.3
06.01. 12:45,337.3
06.01. 13:00,324.5
06.01. 13:15,324.5
06.01. 13:30,324.5
06.01. 13:45,324.5
06.01. 14:00,311.1
06.01. 14:15,311.1
06.01. 14:30,311.1
06.01. 14:45,311.1
06.01. 15:00,292.5
06.01. 15:15,292.5
06.01. 15:30,292.5
06.01. 15:45,292.5
06.01. 16:00,282.0
06.01. 16:15,282.0
06.01. 16:30,282.0
06.01. 16:45,282.0
06.01. 17:00,327.2
06.01. 17:15,327.2
06.01. 17:30,327.2
06.01. 17:45,327.2
06.01. 18:00,363.4
06.01. 18:15,363.4
06.01. 18:30,363.4
06.01. 18:45,363.4
06.01. 19:00,368.6
06.01. 19:15,368.6
06.01. 19:30,368.6
06.01. 19:45,368.6
06.01. 20:00,376.2
06.01. 20:15,376.2
06.01. 20:30,376.2
06.01. 20:45,376.2
06.01. 21:00,311.9
06.01. 21:15,311.9
06.01. 21:30,311.9
06.01. 21:45,311.9
06.01. 22:00,216.6
06.01. 22:15,216.6
06.01. 22:30,216.6
06.01. 22:45,216.6
06.01. 23:00,177.3
06.01. 23:15,177.3
06.01. 23:30,177.3
06.01. 23:45,177.3
07.01. 00:00,122.3
07.01. 00:15,122.3
07.01. 00:30,122.3
07.01. 00:45,122.3
07.01. 01:00,115.9
07.01. 01:15,115.9
07.01. 01:30,115.9
07.01. 01:45,115.9
07.01. 02:00,101.6
07.01. 02:15,101.6
07.01. 02:30,101.6
07.01. 02:45,101.6
07.01. 03:00,101.1
07.01. 03:15,101.1
07.01. 03:30,101.1
07.01. 03:45,101.1
07.01. 04:00,105.8
07.01. 04:15,105.8
07.01. 04:30,105.8
07.01. 04:45,105.8
07.01. 05:00,120.1
07.01. 05:15,120.1
07.01. 05:30,120.1
07.01. 05:45,120.1
07.01. 06:00,153.5
07.01. 06:15,153.5
07.01. 06:30,153.5
07.01. 06:45,153.5
07.01. 07:00,162.8
07.01. 07:15,162.8
07.01. 07:30,162.8
07.01. 07:45,162.8
07.01. 08:00,208.9
07.01. 08:15,208.9
07.01. 08:30,208.9
07.01. 08:45,208.9
07.01. 09:00,269.0
07.01. 09:15,269.0
07.01. 09:30,269.0
07.01. 09:45,269.0
07.01. 10:00,335.6
07.01. 10:15,335.6
07.01. 10:30,335.6
07.01. 10:45,335.6
07.01. 11:00,381.0
07.01. 11:15,381.0
07.01. 11:30,381.0
07.01. 11:45,381.0
07.01. 12:00,378.6
07.01. 12:15,378.6
07.01. 12:30,378.6
07.01. 12:45,378.6
07.01. 13:00,374.3
07.01. 13:15,374.3
07.01. 13:30,374.3
07.01. 13:45,374.3
07.01. 14:00,285.8
07.01. 14:15,285.8
07.01. 14:30,285.8
07.01. 14:45,285.8
07.01. 15:00,293.7
07.01. 15:15,293.7
07.01. 15:30,293.7
07.01. 15:45,293.7
07.01. 16:00,256.1
07.01. 16:15,256.1
07.01. 16:30,256.1
07.01. 16:45,256.1
07.01. 17:00,263.6
07.01. 17:15,263.6
07.01. 17:30,263.6
07.01. 17:45,263.6
07.01. 18:00,286.7
07.01. 18:15,286.7
07.01. 18:30,286.7
07.01. 18:45,286.7
07.01. 19:00,324.7
07.01. 19:15,324.7
07.01. 19:30,324.7
07.01. 19:45,324.7
07.01. 20:00,334.0
07.01. 20:15,334.0
07.01. 20:30,334.0
07.01. 20:45,334.0
07.01. 21:00,292.8
07.01. 21:15,292.8
07.01. 21:30,292.8
07.01. 21:45,292.8
07.01. 22:00,223.3
07.01. 22:15,223.3
07.01. 22:30,223.3
07.01. 22:45,223.3
07.01. 23:00,174.2
07.01. 23:15,174.2
07.01. 23:30,174.2
07.01. 23:45,174.2
08.01. 00:00,119.0
08.01. 00:15,119.0
08.01. 00:30,119.0
08.01. 00:45,119.0
08.01. 01:00,107.2
08.01. 01:15,107.2
08.01. 01:30,107.2
08.01. 01:45,107.2
08.01. 02:00,92.4
08.01. 02:15,92.4
08.01. 02:30,92.4
08.01. 02:45,92.4
08.01. 03:00,95.4
08.01. 03:15,95.4
08.01. 03:30,95.4
08.01. 03:45,95.4
08.01. 04:00,114.3
08.01. 04:15,114.3
08.01. 04:30,114.3
08.01. 04:45,114.3
08.01. 05:00,184.3
08.01. 05:15,184.3
08.01. 05:30,184.3
08.01. 05:45,184.3
08.01. 06:00,281.6
08.01. 06:15,281.6
08.01. 06:30,281.6
08.01. 06:45,281.6
08.01. 07:00,348.4
08.01. 07:15,348.4
08.01. 07:30,348.4
08.01. 07:45,348.4
08.01. 08:00,314.5
08.01. 08:15,314.5
08.01. 08:30,314.5
08.01. 08:45,314.5
08.01. 09:00,307.8
08.01. 09:15,307.8
08.01. 09:30,307.8
08.01. 09:45,307.8
08.01. 10:00,281.0
08.01. 10:15,281.0
08.01. 10:30,281.0
08.01. 10:45,281.0
08.01. 11:00,284.3
08.01. 11:15,284.3
08.01. 11:30,284.3
08.01. 11:45,284.3
08.01. 12:00,281.4
08.01. 12:15,281.4
08.01. 12:30,281.4
08.01. 12:45,281.4
08.01. 13:00,265.2
08.01. 13:15,265.2
08.01. 13:30,265.2
08.01. 13:45,265.2
08.01. 14:00,269.2
08.01. 14:15,269.2
08.01. 14:30,269.2
08.01. 14:45,269.2
08.01. 15:00,246.3
08.01. 15:15,246.3
08.01. 15:30,246.3
08.01. 15:45,246.3
08.01. 16:00,254.5
08.01. 16:15,254.5
08.01. 16:30,254.5
08.01. 16:45,254.5
08.01. 17:00,269.5
08.01. 17:15,269.5
08.01. 17:30,269.5
08.01. 17:45,269.5
08.01. 18:00,321.9
08.01. 18:15,321.9
08.01. 18:30,321.9
08.01. 18:45,321.9
08.01. 19:00,359.5
08.01. 19:15,359.5
08.01. 19:30,359.5
08.01. 19:45,359.5
08.01. 20:00,380.0
08.01. 20:15,380.0
08.01. 20:30,380.0
08.01. 20:45,380.0
08.01. 21:00,341.1
08.01. 21:15,341.1
08.01. 21:30,341.1
08.01. 21:45,341.1
08.01. 22:00,243.2
08.01. 22:15,243.2
08.01. 22:30,243.2
08.01. 22:45,243.2
08.01. 23:00,181.7
08.01. 23:15,181.7
08.01. 23:30,181.7
08.01. 23:45,181.7
09.01. 00:00,106.0
09.01. 00:15,106.0
09.01. 00:30,106.0
09.01. 00:45,106.0
09.01. 01:00,89.9
09.01. 01:15,89.9
09.01. 01:30,89.9
09.01. 01:45,89.9
09.01. 02:00,90.1
09.01. 02:15,90.1
09.01. 02:30,90.1
09.01. 02:45,90.1
09.01. 03:00,87.3
09.01. 03:15,87.3
09.01. 03:30,87.3
09.01. 03:45,87.3
09.01. 04:00,98.2
09.01. 04:15,98.2
09.01. 04:30,98.2
09.01. 04:45,98.2
09.01. 05:00,134.0
09.01. 05:15,134.0
09.01. 05:30,134.0
09.01. 05:45,134.0
09.01. 06:00,260.0
09.01. 06:15,260.0
09.01. 06:30,260.0
09.01. 06:45,260.0
09.01. 07:00,317.7
09.01. 07:15,317.7
09.01. 07:30,317.7
09.01. 07:45,317.7
09.01. 08:00,294.3
09.01. 08:15,294.3
09.01. 08:30,294.3
09.01. 08:45,294.3
09.01. 09:00,287.4
09.01. 09:15,287.4
09.01. 09:30,287.4
09.01. 09:45,287.4
09.01. 10:00,268.7
09.01. 10:15,268.7
09.01. 10:30,268.7
09.01. 10:45,268.7
09.01. 11:00,270.3
09.01. 11:15,270.3
09.01. 11:30,270.3
09.01. 11:45,270.3
09.01. 12:00,267.6
09.01. 12:15,267.6
09.01. 12:30,267.6
09.01. 12:45,267.6
09.01. 13:00,268.0
09.01. 13:15,268.0
09.01. 13:30,268.0
09.01. 13:45,268.0
09.01. 14:00,253.7
09.01. 14:15,253.7
09.01. 14:30,253.7
09.01. 14:45,253.7
09.01. 15:00,225.1
09.01. 15:15,225.1
09.01. 15:30,225.1
09.01. 15:45,225.1
09.01. 16:00,226.7
09.01. 16:15,226.7
09.01. 16:30,226.7
09.01. 16:45,226.7
09.01. 17:00,240.1
09.01. 17:15,240.1
09.01. 17:30,240.1
09.01. 17:45,240.1
09.01. 18:00,312.9
09.01. 18:15,312.9
09.01. 18:30,312.9
09.01. 18:45,312.9
09.01. 19:00,360.7
09.01. 19:15,360.7
09.01. 19:30,360.7
09.01. 19:45,360.7
09.01. 20:00,364.7
09.01. 20:15,364.7
09.01. 20:30,364.7
09.01. 20:45,364.7
09.01. 21:00,345.8
09.01. 21:15,345.8
09.01. 21:30,345.8
09.01. 21:45,345.8
09.01. 22:00,286.0
09.01. 22:15,286.0
09.01. 22:30,286.0
09.01. 22:45,286.0
09.01. 23:00,203.8
09.01. 23:15,203.8
09.01. 23:30,203.8
09.01. 23:45,203.8
10.01. 00:00,127.0
10.01. 00:15,127.0
10.01. 00:30,127.0
10.01. 00:45,127.0
10.01. 01:00,110.4
10.01. 01:15,110.4
10.01. 01:30,110.4
10.01. 01:45,110.4
10.01. 02:00,104.5
10.01. 02:15,104.5
10.01. 02:30,104.5
10.01. 02:45,104.5
10.01. 03:00,116.1
10.01. 03:15,116.1
10.01. 03:30,116.1
10.01. 03:45,116.1
10.01. 04:00,121.8
10.01. 04:15,121.8
10.01. 04:30,121.8
10.01. 04:45,121.8
10.01. 05:00,169.3
10.01. 05:15,169.3
10.01. 05:30,169.3
10.01. 05:45,169.3
10.01. 06:00,306.3
10.01. 06:15,306.3
10.01. 06:30,306.3
10.01. 06:45,306.3
10.01. 07:00,351.9
10.01. 07:15,351.9
10.01. 07:30,351.9
10.01. 07:45,351.9
10.01. 08:00,325.8
10.01. 08:15,325.8
10.01. 08:30,325.8
10.01. 08:45,325.8
10.01. 09:00,297.9
10.01. 09:15,297.9
10.01. 09:30,297.9
10.01. 09:45,297.9
10.01. 10:00,283.1
10.01. 10:15,283.1
10.01. 10:30,283.1
10.01. 10:45,283.1
10.01. 11:00,269.0
10.01. 11:15,269.0
10.01. 11:30,269.0
10.01. 11:45,269.0
10.01. 12:00,292.9
10.01. 12:15,292.9
10.01. 12:30,292.9
10.01. 12:45,292.9
10.01. 13:00,261.0
10.01. 13:15,261.0
10.01. 13:30,261.0
10.01. 13:45,261.0
10.01. 14:00,266.8
10.01. 14:15,266.8
10.01. 14:30,266.8
10.01. 14:45,266.8
10.01. 15:00,219.6
10.01. 15:15,219.6
10.01. 15:30,219.6
10.01. 15:45,219.6
10.01. 16:00,247.0
10.01. 16:15,247.0
10.01. 16:30,247.0
10.01. 16:45,247.0
10.01. 17:00,284.2
10.01. 17:15,284.2
10.01. 17:30,284.2
10.01. 17:45,284.2
10.01. 18:00,356.7
10.01. 18:15,356.7
10.01. 18:30,356.7
10.01. 18:45,356.7
10.01. 19:00,385.4
10.01. 19:15,385.4
10.01. 19:30,385.4
10.01. 19:45,385.4
10.01. 20:00,402.4
10.01. 20:15,402.4
10.01. 20:30,402.4
10.01. 20:45,402.4
10.01. 21:00,379.0
10.01. 21:15,379.0
10.01. 21:30,379.0
10.01. 21:45,379.0
10.01. 22:00,265.8
10.01. 22:15,265.8
10.01. 22:30,265.8
10.01. 22:45,265.8
10.01. 23:00,201.6
10.01. 23:15,201.6
10.01. 23:30,201.6
10.01. 23:45,201.6
11.01. 00:00,130.3
11.01. 00:15,130.3
11.01. 00:30,130.3
11.01. 00:45,130.3
11.01. 01:00,111.3
11.01. 01:15,111.3
11.01. 01:30,111.3
11.01. 01:45,111.3
11.01. 02:00,104.8
11.01. 02:15,104.8
11.01. 02:30,104.8
11.01. 02:45,104.8
11.01. 03:00,104.0
11.01. 03:15,104.0
11.01. 03:30,104.0
11.01. 03:45,104.0
11.01. 04:00,119.1
11.01. 04:15,119.1
11.01. 04:30,119.1
11.01. 04:45,119.1
11.01. 05:00,180.8
11.01. 05:15,180.8
11.01. 05:30,180.8
11.01. 05:45,180.8
11.01. 06:00,334.4
11.01. 06:15,334.4
11.01. 06:30,334.4
11.01. 06:45,334.4
11.01. 07:00,348.3
11.01. 07:15,348.3
11.01. 07:30,348.3
11.01. 07:45,348.3
11.01. 08:00,337.7
11.01. 08:15,337.7
11.01. 08:30,337.7
11.01. 08:45,337.7
11.01. 09:00,307.2
11.01. 09:15,307.2
11.01. 09:30,307.2
11.01. 09:45,307.2
11.01. 10:00,284.2
11.01. 10:15,284.2
11.01. 10:30,284.2
11.01. 10:45,284.2
11.01. 11:00,312.4
11.01. 11:15,312.4
11.01. 11:30,312.4
11.01. 11:45,312.4
11.01. 12:00,296.3
11.01. 12:15,296.3
11.01. 12:30,296.3
11.01. 12:45,296.3
11.01. 13:00,296.4
11.01. 13:15,296.4
11.01. 13:30,296.4
11.01. 13:45,296.4
11.01. 14:00,246.4
11.01. 14:15,246.4
11.01. 14:30,246.4
11.01. 14:45,246.4
11.01. 15:00,235.7
11.01. 15:15,235.7
11.01. 15:30,235.7
11.01. 15:45,235.7
11.01. 16:00,248.7
11.01. 16:15,248.7
11.01. 16:30,248.7
11.01. 16:45,248.7
11.01. 17:00,273.4
11.01. 17:15,273.4
11.01. 17:30,273.4
11.01. 17:45,273.4
11.01. 18:00,333.2
11.01. 18:15,333.2
11.01. 18:30,333.2
11.01. 18:45,333.2
11.01. 19:00,377.5
11.01. 19:15,377.5
11.01. 19:30,377.5
11.01. 19:45,377.5
11.01. 20:00,386.2
11.01. 20:15,386.2
11.01. 20:30,386.2
11.01. 20:45,386.2
11.01. 21:00,319.7
11.01. 21:15,319.7
11.01. 21:30,319.7
11.01. 21:45,319.7
11.01. 22:00,271.3
11.01. 22:15,271.3
11.01. 22:30,271.3
11.01. 22:45,271.3
11.01. 23:00,201.5
11.01. 23:15,201.5
11.01. 23:30,201.5
11.01. 23:45,201.5
12.01. 00:00,116.8
12.01. 00:15,116.8
12.01. 00:30,116.8
12.01. 00:45,116.8
12.01. 01:00,99.9
12.01. 01:15,99.9
12.01. 01:30,99.9
12.01. 01:45,99.9
12.01. 02:00,96.0
12.01. 02:15,96.0
12.01. 02:30,96.0
12.01. 02:45,96.0
12.01. 03:00,100.2
12.01. 03:15,100.2
12.01. 03:30,100.2
12.01. 03:45,100.2
12.01. 04:00,107.3
12.01. 04:15,107.3
12.01. 04:30,107.3
12.01. 04:45,107.3
12.01. 05:00,166.7
12.01. 05:15,166.7
12.01. 05:30,166.7
12.01. 05:45,166.7
12.01. 06:00,279.5
12.01. 06:15,279.5
12.01. 06:30,279.5
12.01. 06:45,279.5
12.01. 07:00,335.0
12.01. 07:15,335.0
12.01. 07:30,335.0
12.01. 07:45,335.0
12.01. 08:00,305.6
12.01. 08:15,305.6
12.01. 08:30,305.6
12.01. 08:45,305.6
12.01. 09:00,299.4
12.01. 09:15,299.4
12.01. 09:30,299.4
12.01. 09:45,299.4
12.01. 10:00,276.5
12.01. 10:15,276.5
12.01. 10:30,276.5
12.01. 10:45,276.5
12.01. 11:00,301.9
12.01. 11:15,301.9
12.01. 11:30,301.9
12.01. 11:45,301.9
12.01. 12:00,295.2
12.01. 12:15,295.2
12.01. 12:30,295.2
12.01. 12:45,295.2
12.01. 13:00,279.4
12.01. 13:15,279.4
12.01. 13:30,279.4
12.01. 13:45,279.4
12.01. 14:00,259.1
12.01. 14:15,259.1
12.01. 14:30,259.1
12.01. 14:45,259.1
12.01. 15:00,235.0
12.01. 15:15,235.0
12.01. 15:30,235.0
12.01. 15:45,235.0
12.01. 16:00,273.4
12.01. 16:15,273.4
12.01. 16:30,273.4
12.01. 16:45,273.4
12.01. 17:00,264.3
12.01. 17:15,264.3
12.01. 17:30,264.3
12.01. 17:45,264.3
12.01. 18:00,329.4
12.01. 18:15,329.4
12.01. 18:30,329.4
12.01. 18:45,329.4
12.01. 19:00,341.3
12.01. 19:15,341.3
12.01. 19:30,341.3
12.01. 19:45,341.3
12.01. 20:00,371.2
12.01. 20:15,371.2
12.01. 20:30,371.2
12.01. 20:45,371.2
12.01. 21:00,334.9
12.01. 21:15,334.9
12.01. 21:30,334.9
12.01. 21:45,334.9
12.01. 22:00,266.1
12.01. 22:15,266.1
12.01. 22:30,266.1
12.01. 22:45,266.1
12.01. 23:00,188.3
12.01. 23:15,188.3
12.01. 23:30,188.3
12.01. 23:45,188.3
13.01. 00:00,127.5
13.01. 00:15,127.5
13.01. 00:30,127.5
13.01. 00:45,127.5
13.01. 01:00,121.1
13.01. 01:15,121.1
13.01. 01:30,121.1
13.01. 01:45,121.1
13.01. 02:00,116.8
13.01. 02:15,116.8
13.01. 02:30,116.8
13.01. 02:45,116.8
13.01. 03:00,102.8
13.01. 03:15,102.8
13.01. 03:30,102.8
13.01. 03:45,102.8
13.01. 04:00,113.8
13.01. 04:15,113.8
13.01. 04:30,113.8
13.01. 04:45,113.8
13.01. 05:00,155.2
13.01. 05:15,155.2
13.01. 05:30,155.2
13.01. 05:45,155.2
13.01. 06:00,186.6
13.01. 06:15,186.6
13.01. 06:30,186.6
13.01. 06:45,186.6
13.01. 07:00,225.2
13.01. 07:15,225.2
13.01. 07:30,225.2
13.01. 07:45,225.2
13.01. 08:00,285.4
13.01. 08:15,285.4
13.01. 08:30,285.4
13.01. 08:45,285.4
13.01. 09:00,334.9
13.01. 09:15,334.9
13.01. 09:30,334.9
13.01. 09:45,334.9
13.01. 10:00,360.8
13.01. 10:15,360.8
13.01. 10:30,360.8
13.01. 10:45,360.8
13.01. 11:00,383.6
13.01. 11:15,383.6
13.01. 11:30,383.6
13.01. 11:45,383.6
13.01. 12:00,370.0
13.01. 12:15,370.0
13.01. 12:30,370.0
13.01. 12:45,370.0
13.01. 13:00,368.8
13.01. 13:15,368.8
13.01. 13:30,368.8
13.01. 13:45,368.8
13.01. 14:00,313.8
13.01. 14:15,313.8
13.01. 14:30,313.8
13.01. 14:45,313.8
13.01. 15:00,276.6
13.01. 15:15,276.6
13.01. 15:30,276.6
13.01. 15:45,276.6
13.01. 16:00,325.8
13.01. 16:15,325.8
13.01. 16:30,325.8
13.01. 16:45,325.8
13.01. 17:00,330.8
13.01. 17:15,330.8
13.01. 17:30,330.8
13.01. 17:45,330.8
13.01. 18:00,343.4
13.01. 18:15,343.4
13.01. 18:30,343.4
13.01. 18:45,343.4
13.01. 19:00,394.6
13.01. 19:15,394.6
13.01. 19:30,394.6
13.01. 19:45,394.6
13.01. 20:00,395.9
13.01. 20:15,395.9
13.01. 20:30,395.9
13.01. 20:45,395.9
13.01. 21:00,349.3
13.01. 21:15,349.3
13.01. 21:30,349.3
13.01. 21:45,349.3
13.01. 22:00,234.2
13.01. 22:15,234.2
13.01. 22:30,234.2
13.01. 22:45,234.2
13.01. 23:00,167.4
13.01. 23:15,167.4
13.01. 23:30,167.4
13.01. 23:45,167.4
14.01. 00:00,144.2
14.01. 00:15,144.2
14.01. 00:30,144.2
14.01. 00:45,144.2
14.01. 01:00,127.0
14.01. 01:15,127.0
14.01. 01:30,127.0
14.01. 01:45,127.0
14.01. 02:00,111.6
14.01. 02:15,111.6
14.01. 02:30,111.6
14.01. 02:45,111.6
14.01. 03:00,106.9
14.01. 03:15,106.9
14.01. 03:30,106.9
14.01. 03:45,106.9
14.01. 04:00,113.9
14.01. 04:15,113.9
14.01. 04:30,113.9
14.01. 04:45,113.9
14.01. 05:00,130.8
14.01. 05:15,130.8
14.01. 05:30,130.8
14.01. 05:45,130.8
14.01. 06:00,162.8
14.01. 06:15,162.8
14.01. 06:30,162.8
14.01. 06:45,162.8
14.01. 07:00,160.9
14.01. 07:15,160.9
14.01. 07:30,160.9
14.01. 07:45,160.9
14.01. 08:00,188.4
14.01. 08:15,188.4
14.01. 08:30,188.4
14.01. 08:45,188.4
14.01. 09:00,309.2
14.01. 09:15,309.2
14.01. 09:30,309.2
14.01. 09:45,309.2
14.01. 10:00,381.4
14.01. 10:15,381.4
14.01. 10:30,381.4
14.01. 10:45,381.4
14.01. 11:00,389.2
14.01. 11:15,389.2
14.01. 11:30,389.2
14.01. 11:45,389.2
14.01. 12:00,413.0
14.01. 12:15,413.0
14.01. 12:30,413.0
14.01. 12:45,413.0
14.01. 13:00,372.4
14.01. 13:15,372.4
14.01. 13:30,372.4
14.01. 13:45,372.4
14.01. 14:00,303.8
14.01. 14:15,303.8
14.01. 14:30,303.8
14.01. 14:45,303.8
14.01. 15:00,287.9
14.01. 15:15,287.9
14.01. 15:30,287.9
14.01. 15:45,287.9
14.01. 16:00,268.9
14.01. 16:15,268.9
14.01. 16:30,268.9
14.01. 16:45,268.9
14.01. 17:00,276.1
14.01. 17:15,276.1
14.01. 17:30,276.1
14.01. 17:45,276.1
14.01. 18:00,268.4
14.01. 18:15,268.4
14.01. 18:30,268.4
14.01. 18:45,268.4
14.01. 19:00,292.8
14.01. 19:15,292.8
14.01. 19:30,292.8
14.01. 19:45,292.8
14.01. 20:00,353.6
14.01. 20:15,353.6
14.01. 20:30,353.6
14.01. 20:45,353.6
14.01. 21:00,310.1
14.01. 21:15,310.1
14.01. 21:30,310.1
14.01. 21:45,310.1
14.01. 22:00,248.8
14.01. 22:15,248.8
14.01. 22:30,248.8
14.01. 22:45,248.8
14.01. 23:00,177.0
14.01. 23:15,177.0
14.01. 23:30,177.0
14.01. 23:45,177.0
15.01. 00:00,117.4
15.01. 00:15,117.4
15.01. 00:30,117.4
15.01. 00:45,117.4
15.01. 01:00,103.4
15.01. 01:15,103.4
15.01. 01:30,103.4
15.01. 01:45,103.4
15.01. 02:00,90.3
15.01. 02:15,90.3
15.01. 02:30,90.3
15.01. 02:45,90.3
15.01. 03:00,92.8
15.01. 03:15,92.8
15.01. 03:30,92.8
15.01. 03:45,92.8
15.01. 04:00,125.1
15.01. 04:15,125.1
15.01. 04:30,125.1
15.01. 04:45,125.1
15.01. 05:00,177.0
15.01. 05:15,177.0
15.01. 05:30,177.0
15.01. 05:45,177.0
15.01. 06:00,286.8
15.01. 06:15,286.8
15.01. 06:30,286.8
15.01. 06:45,286.8
15.01. 07:00,328.0
15.01. 07:15,328.0
15.01. 07:30,328.0
15.01. 07:45,328.0
15.01. 08:00,301.0
15.01. 08:15,301.0
15.01. 08:30,301.0
15.01. 08:45,301.0
15.01. 09:00,303.1
15.01. 09:15,303.1
15.01. 09:30,303.1
15.01. 09:45,303.1
15.01. 10:00,289.7
15.01. 10:15,289.7
15.01. 10:30,289.7
15.01. 10:45,289.7
15.01. 11:00,304.2
15.01. 11:15,304.2
15.01. 11:30,304.2
15.01. 11:45,304.2
15.01. 12:00,263.8
15.01. 12:15,263.8
15.01. 12:30,263.8
15.01. 12:45,263.8
15.01. 13:00,294.5
15.01. 13:15,294.5
15.01. 13:30,294.5
15.01. 13:45,294.5
15.01. 14:00,252.2
15.01. 14:15,252.2
15.01. 14:30,252.2
15.01. 14:45,252.2
15.01. 15:00,244.6
15.01. 15:15,244.6
15.01. 15:30,244.6
15.01. 15:45,244.6
15.01. 16:00,244.3
15.01. 16:15,244.3
15.01. 16:30,244.3
15.01. 16:45,244.3
15.01. 17:00,259.8
15.01. 17:15,259.8
15.01. 17:30,259.8
15.01. 17:45,259.8
15.01. 18:00,302.1
15.01. 18:15,302.1
15.01. 18:30,302.1
15.01. 18:45,302.1
15.01. 19:00,382.0
15.01. 19:15,382.0
15.01. 19:30,382.0
15.01. 19:45,382.0
15.01. 20:00,353.6
15.01. 20:15,353.6
15.01. 20:30,353.6
15.01. 20:45,353.6
15.01. 21:00,374.5
15.01. 21:15,374.5
15.01. 21:30,374.5
15.01. 21:45,374.5
15.01. 22:00,263.1
15.01. 22:15,263.1
15.01. 22:30,263.1
15.01. 22:45,263.1
15.01. 23:00,197.9
15.01. 23:15,197.9
15.01. 23:30,197.9
15.01. 23:45,197.9
16.01. 00:00,124.1
16.01. 00:15,124.1
16.01. 00:30,124.1
16.01. 00:45,124.1
16.01. 01:00,102.7
16.01. 01:15,102.7
16.01. 01:30,102.7
16.01. 01:45,102.7
16.01. 02:00,93.3
16.01. 02:15,93.3
16.01. 02:30,93.3
16.01. 02:45,93.3
16.01. 03:00,90.6
16.01. 03:15,90.6
16.01. 03:30,90.6
16.01. 03:45,90.6
16.01. 04:00,103.3
16.01. 04:15,103.3
16.01. 04:30,103.3
16.01. 04:45,103.3
16.01. 05:00,154.1
16.01. 05:15,154.1
16.01. 05:30,154.1
16.01. 05:45,154.1
16.01. 06:00,282.0
16.01. 06:15,282.0
16.01. 06:30,282.0
16.01. 06:45,282.0
16.01. 07:00,331.9
16.01. 07:15,331.9
16.01. 07:30,331.9
16.01. 07:45,331.9
16.01. 08:00,295.3
16.01. 08:15,295.3
16.01. 08:30,295.3
16.01. 08:45,295.3
16.01. 09:00,276.4
16.01. 09:15,276.4
16.01. 09:30,276.4
16.01. 09:45,276.4
16.01. 10:00,280.0
16.01. 10:15,280.0
16.01. 10:30,280.0
16.01. 10:45,280.0
16.01. 11:00,268.5
16.01. 11:15,268.5
16.01. 11:30,268.5
16.01. 11:45,268.5
16.01. 12:00,278.5
16.01. 12:15,278.5
16.01. 12:30,278.5
16.01. 12:45,278.5
16.01. 13:00,267.5
16.01. 13:15,267.5
16.01. 13:30,267.5
16.01. 13:45,267.5
16.01. 14:00,243.1
16.01. 14:15,243.1
16.01. 14:30,243.1
16.01. 14:45,243.1
16.01. 15:00,241.9
16.01. 15:15,241.9
16.01. 15:30,241.9
16.01. 15:45,241.9
16.01. 16:00,238.9
16.01. 16:15,238.9
16.01. 16:30,238.9
16.01. 16:45,238.9
16.01. 17:00,253.6
16.01. 17:15,253.6
16.01. 17:30,253.6
16.01. 17:45,253.6
16.01. 18:00,299.3
16.01. 18:15,299.3
16.01. 18:30,299.3
16.01. 18:45,299.3
16.01. 19:00,339.0
16.01. 19:15,339.0
16.01. 19:30,339.0
16.01. 19:45,339.0
16.01. 20:00,352.1
16.01. 20:15,352.1
16.01. 20:30,352.1
16.01. 20:45,352.1
16.01. 21:00,322.5
16.01. 21:15,322.5
16.01. 21:30,322.5
16.01. 21:45,322.5
16.01. 22:00,244.9
16.01. 22:15,244.9
16.01. 22:30,244.9
16.01. 22:45,244.9
16.01. 23:00,179.8
16.01. 23:15,179.8
16.01. 23:30,179.8
16.01. 23:45,179.8
17.01. 00:00,106.5
17.01. 00:15,106.5
17.01. 00:30,106.5
17.01. 00:45,106.5
17.01. 01:00,82.4
17.01. 01:15,82.4
17.01. 01:30,82.4
17.01. 01:45,82.4
17.01. 02:00,84.9
17.01. 02:15,84.9
17.01. 02:30,84.9
17.01. 02:45,84.9
17.01. 03:00,78.3
17.01. 03:15,78.3
17.01. 03:30,78.3
17.01. 03:45,78.3
17.01. 04:00,95.9
17.01. 04:15,95.9
17.01. 04:30,95.9
17.01. 04:45,95.9
17.01. 05:00,137.9
17.01. 05:15,137.9
17.01. 05:30,137.9
17.01. 05:45,137.9
17.01. 06:00,239.4
17.01. 06:15,239.4
17.01. 06:30,239.4
17.01. 06:45,239.4
17.01. 07:00,316.9
17.01. 07:15,316.9
17.01. 07:30,316.9
17.01. 07:45,316.9
17.01. 08:00,289.5
17.01. 08:15,289.5
17.01. 08:30,289.5
17.01. 08:45,289.5
17.01. 09:00,274.2
17.01. 09:15,274.2
17.01. 09:30,274.2
17.01. 09:45,274.2
17.01. 10:00,252.1
17.01. 10:15,252.1
17.01. 10:30,252.1
17.01. 10:45,252.1
17.01. 11:00,256.2
17.01. 11:15,256.2
17.01. 11:30,256.2
17.01. 11:45,256.2
17.01. 12:00,258.6
17.01. 12:15,258.6
17.01. 12:30,258.6
17.01. 12:45,258.6
17.01. 13:00,271.0
17.01. 13:15,271.0
17.01. 13:30,271.0
17.01. 13:45,271.0
17.01. 14:00,234.5
17.01. 14:15,234.5
17.01. 14:30,234.5
17.01. 14:45,234.5
17.01. 15:00,211.9
17.01. 15:15,211.9
17.01. 15:30,211.9
17.01. 15:45,211.9
17.01. 16:00,229.1
17.01. 16:15,229.1
17.01. 16:30,229.1
17.01. 16:45,229.1
17.01. 17:00,229.2
17.01. 17:15,229.2
17.01. 17:30,229.2
17.01. 17:45,229.2
17.01. 18:00,281.4
17.01. 18:15,281.4
17.01. 18:30,281.4
17.01. 18:45,281.4
17.01. 19:00,346.3
17.01. 19:15,346.3
17.01. 19:30,346.3
17.01. 19:45,346.3
17.01. 20:00,360.8
17.01. 20:15,360.8
17.01. 20:30,360.8
17.01. 20:45,360.8
17.01. 21:00,289.1
17.01. 21:15,289.1
17.01. 21:30,289.1
17.01. 21:45,289.1
17.01. 22:00,236.6
17.01. 22:15,236.6
17.01. 22:30,236.6
17.01. 22:45,236.6
17.01. 23:00,178.2
17.01. 23:15,178.2
17.01. 23:30,178.2
17.01. 23:45,178.2
18.01. 00:00,102.5
18.01. 00:15,102.5
18.01. 00:30,102.5
18.01. 00:45,102.5
18.01. 01:00,87.5
18.01. 01:15,87.5
18.01. 01:30,87.5
18.01. 01:45,87.5
18.01. 02:00,78.3
18.01. 02:15,78.3
18.01. 02:30,78.3
18.01. 02:45,78.3
18.01. 03:00,80.6
18.01. 03:15,80.6
18.01. 03:30,80.6
18.01. 03:45,80.6
18.01. 04:00,93.9
18.01. 04:15,93.9
18.01. 04:30,93.9
18.01. 04:45,93.9
18.01. 05:00,133.6
18.01. 05:15,133.6
18.01. 05:30,133.6
18.01. 05:45,133.6
18.01. 06:00,242.1
18.01. 06:15,242.1
18.01. 06:30,242.1
18.01. 06:45,242.1
18.01. 07:00,283.9
18.01. 07:15,283.9
18.01. 07:30,283.9
18.01. 07:45,283.9
18.01. 08:00,284.2
18.01. 08:15,284.2
18.01. 08:30,284.2
18.01. 08:45,284.2
18.01. 09:00,257.7
18.01. 09:15,257.7
18.01. 09:30,257.7
18.01. 09:45,257.7
18.01. 10:00,230.9
18.01. 10:15,230.9
18.01. 10:30,230.9
18.01. 10:45,230.9
18.01. 11:00,258.2
18.01. 11:15,258.2
18.01. 11:30,258.2
18.01. 11:45,258.2
18.01. 12:00,269.4
18.01. 12:15,269.4
18.01. 12:30,269.4
18.01. 12:45,269.4
18.01. 13:00,253.3
18.01. 13:15,253.3
18.01. 13:30,253.3
18.01. 13:45,253.3
18.01. 14:00,229.4
18.01. 14:15,229.4
18.01. 14:30,229.4
18.01. 14:45,229.4
18.01. 15:00,200.8
18.01. 15:15,200.8
18.01. 15:30,200.8
18.01. 15:45,200.8
18.01. 16:00,231.9
18.01. 16:15,231.9
18.01. 16:30,231.9
18.01. 16:45,231.9
18.01. 17:00,243.7
18.01. 17:15,243.7
18.01. 17:30,243.7
18.01. 17:45,243.7
18.01. 18:00,300.1
18.01. 18:15,300.1
18.01. 18:30,300.1
18.01. 18:45,300.1
18.01. 19:00,320.4
18.01. 19:15,320.4
18.01. 19:30,320.4
18.01. 19:45,320.4
18.01. 20:00,338.4
18.01. 20:15,338.4
18.01. 20:30,338.4
18.01. 20:45,338.4
18.01. 21:00,332.0
18.01. 21:15,332.0
18.01. 21:30,332.0
18.01. 21:45,332.0
18.01. 22:00,247.2
18.01. 22:15,247.2
18.01. 22:30,247.2
18.01. 22:45,247.2
18.01. 23:00,201.2
18.01. 23:15,201.2
18.01. 23:30,201.2
18.01. 23:45,201.2
19.01. 00:00,119.3
19.01. 00:15,119.3
19.01. 00:30,119.3
19.01. 00:45,119.3
19.01. 01:00,105.8
19.01. 01:15,105.8
19.01. 01:30,105.8
19.01. 01:45,105.8
19.01. 02:00,88.3
19.01. 02:15,88.3
19.01. 02:30,88.3
19.01. 02:45,88.3
19.01. 03:00,98.8
19.01. 03:15,98.8
19.01. 03:30,98.8
19.01. 03:45,98.8
19.01. 04:00,95.1
19.01. 04:15,95.1
19.01. 04:30,95.1
19.01. 04:45,95.1
19.01. 05:00,144.8
19.01. 05:15,144.8
19.01. 05:30,144.8
19.01. 05:45,144.8
19.01. 06:00,268.0
19.01. 06:15,268.0
19.01. 06:30,268.0
19.01. 06:45,268.0
19.01. 07:00,311.9
19.01. 07:15,311.9
19.01. 07:30,311.9
19.01. 07:45,311.9
19.01. 08:00,310.2
19.01. 08:15,310.2
19.01. 08:30,310.2
19.01. 08:45,310.2
19.01. 09:00,279.8
19.01. 09:15,279.8
19.01. 09:30,279.8
19.01. 09:45,279.8
19.01. 10:00,275.9
19.01. 10:15,275.9
19.01. 10:30,275.9
19.01. 10:45,275.9
19.01. 11:00,272.1
19.01. 11:15,272.1
19.01. 11:30,272.1
19.01. 11:45,272.1
19.01. 12:00,275.7
19.01. 12:15,275.7
19.01. 12:30,275.7
19.01. 12:45,275.7
19.01. 13:00,284.0
19.01. 13:15,284.0
19.01. 13:30,284.0
19.01. 13:45,284.0
19.01. 14:00,246.1
19.01. 14:15,246.1
19.01. 14:30,246.1
19.01. 14:45,246.1
19.01. 15:00,229.2
19.01. 15:15,229.2
19.01. 15:30,229.2
19.01. 15:45,229.2
19.01. 16:00,244.9
19.01. 16:15,244.9
19.01. 16:30,244.9
19.01. 16:45,244.9
19.01. 17:00,242.4
19.01. 17:15,242.4
19.01. 17:30,242.4
19.01. 17:45,242.4
19.01. 18:00,323.1
19.01. 18:15,323.1
19.01. 18:30,323.1
19.01. 18:45,323.1
19.01. 19:00,327.4
19.01. 19:15,327.4
19.01. 19:30,327.4
19.01. 19:45,327.4
19.01. 20:00,338.7
19.01. 20:15,338.7
19.01. 20:30,338.7
19.01. 20:45,338.7
19.01. 21:00,325.7
19.01. 21:15,325.7
19.01. 21:30,325.7
19.01. 21:45,325.7
19.01. 22:00,236.7
19.01. 22:15,236.7
19.01. 22:30,236.7
19.01. 22:45,236.7
19.01. 23:00,185.4
19.01. 23:15,185.4
19.01. 23:30,185.4
19.01. 23:45,185.4
20.01. 00:00,120.4
20.01. 00:15,120.4
20.01. 00:30,120.4
20.01. 00:45,120.4
20.01. 01:00,106.4
20.01. 01:15,106.4
20.01. 01:30,106.4
20.01. 01:45,106.4
20.01. 02:00,107.5
20.01. 02:15,107.5
20.01. 02:30,107.5
20.01. 02:45,107.5
20.01. 03:00,94.3
20.01. 03:15,94.3
20.01. 03:30,94.3
20.01. 03:45,94.3
20.01. 04:00,95.8
20.01. 04:15,95.8
20.01. 04:30,95.8
20.01. 04:45,95.8
20.01. 05:00,139.1
20.01. 05:15,139.1
20.01. 05:30,139.1
20.01. 05:45,139.1
20.01. 06:00,156.1
20.01. 06:15,156.1
20.01. 06:30,156.1
20.01. 06:45,156.1
20.01. 07:00,207.6
20.01. 07:15,207.6
20.01. 07:30,207.6
20.01. 07:45,207.6
20.01. 08:00,277.9
20.01. 08:15,277.9
20.01. 08:30,277.9
20.01. 08:45,277.9
20.01. 09:00,329.7
20.01. 09:15,329.7
20.01. 09:30,329.7
20.01. 09:45,329.7
20.01. 10:00,370.2
20.01. 10:15,370.2
20.01. 10:30,370.2
20.01. 10:45,370.2
20.01. 11:00,351.9
20.01. 11:15,351.9
20.01. 11:30,351.9
20.01. 11:45,351.9
20.01. 12:00,354.3
20.01. 12:15,354.3
20.01. 12:30,354.3
20.01. 12:45,354.3
20.01. 13:00,333.2
20.01. 13:15,333.2
20.01. 13:30,333.2
20.01. 13:45,333.2
20.01. 14:00,309.5
20.01. 14:15,309.5
20.01. 14:30,309.5
20.01. 14:45,309.5
20.01. 15:00,293.0
20.01. 15:15,293.0
20.01. 15:30,293.0
20.01. 15:45,293.0
20.01. 16:00,292.7
20.01. 16:15,292.7
20.01. 16:30,292.7
20.01. 16:45,292.7
20.01. 17:00,299.1
20.01. 17:15,299.1
20.01. 17:30,299.1
20.01. 17:45,299.1
20.01. 18:00,334.4
20.01. 18:15,334.4
20.01. 18:30,334.4
20.01. 18:45,334.4
20.01. 19:00,373.1
20.01. 19:15,373.1
20.01. 19:30,373.1
20.01. 19:45,373.1
20.01. 20:00,394.6
20.01. 20:15,394.6
20.01. 20:30,394.6
20.01. 20:45,394.6
20.01. 21:00,327.2
20.01. 21:15,327.2
20.01. 21:30,327.2
20.01. 21:45,327.2
20.01. 22:00,236.3
20.01. 22:15,236.3
20.01. 22:30,236.3
20.01. 22:45,236.3
20.01. 23:00,173.0
20.01. 23:15,173.0
20.01. 23:30,173.0
20.01. 23:45,173.0
21.01. 00:00,141.6
21.01. 00:15,141.6
21.01. 00:30,141.6
21.01. 00:45,141.6
21.01. 01:00,124.1
21.01. 01:15,124.1
21.01. 01:30,124.1
21.01. 01:45,124.1
21.01. 02:00,113.3
21.01. 02:15,113.3
21.01. 02:30,113.3
21.01. 02:45,113.3
21.01. 03:00,115.9
21.01. 03:15,115.9
21.01. 03:30,115.9
21.01. 03:45,115.9
21.01. 04:00,123.6
21.01. 04:15,123.6
21.01. 04:30,123.6
21.01. 04:45,123.6
21.01. 05:00,131.3
21.01. 05:15,131.3
21.01. 05:30,131.3
21.01. 05:45,131.3
21.01. 06:00,160.4
21.01. 06:15,160.4
21.01. 06:30,160.4
21.01. 06:45,160.4
21.01. 07:00,173.3
21.01. 07:15,173.3
21.01. 07:30,173.3
21.01. 07:45,173.3
21.01. 08:00,230.4
21.01. 08:15,230.4
21.01. 08:30,230.4
21.01. 08:45,230.4
21.01. 09:00,277.9
21.01. 09:15,277.9
21.01. 09:30,277.9
21.01. 09:45,277.9
21.01. 10:00,320.3
21.01. 10:15,320.3
21.01. 10:30,320.3
21.01. 10:45,320.3
21.01. 11:00,364.2
21.01. 11:15,364.2
21.01. 11:30,364.2
21.01. 11:45,364.2
21.01. 12:00,371.4
21.01. 12:15,371.4
21.01. 12:30,371.4
21.01. 12:45,371.4
21.01. 13:00,358.0
21.01. 13:15,358.0
21.01. 13:30,358.0
21.01. 13:45,358.0
21.01. 14:00,314.5
21.01. 14:15,314.5
21.01. 14:30,314.5
21.01. 14:45,314.5
21.01. 15:00,272.7
21.01. 15:15,272.7
21.01. 15:30,272.7
21.01. 15:45,272.7
21.01. 16:00,248.8
21.01. 16:15,248.8
21.01. 16:30,248.8
21.01. 16:45,248.8
21.01. 17:00,245.1
21.01. 17:15,245.1
21.01. 17:30,245.1
21.01. 17:45,245.1
21.01. 18:00,276.4
21.01. 18:15,276.4
21.01. 18:30,276.4
21.01. 18:45,276.4
21.01. 19:00,290.0
21.01. 19:15,290.0
21.01. 19:30,290.0
21.01. 19:45,290.0
21.01. 20:00,315.0
21.01. 20:15,315.0
21.01. 20:30,315.0
21.01. 20:45,315.0
21.01. 21:00,288.8
21.01. 21:15,288.8
21.01. 21:30,288.8
21.01. 21:45,288.8
21.01. 22:00,235.7
21.01. 22:15,235.7
21.01. 22:30,235.7
21.01. 22:45,235.7
21.01. 23:00,162.8
21.01. 23:15,162.8
21.01. 23:30,162.8
21.01. 23:45,162.8
22.01. 00:00,109.9
22.01. 00:15,109.9
22.01. 00:30,109.9
22.01. 00:45,109.9
22.01. 01:00,92.7
22.01. 01:15,92.7
22.01. 01:30,92.7
22.01. 01:45,92.7
22.01. 02:00,86.8
22.01. 02:15,86.8
22.01. 02:30,86.8
22.01. 02:45,86.8
22.01. 03:00,93.6
22.01. 03:15,93.6
22.01. 03:30,93.6
22.01. 03:45,93.6
22.01. 04:00,102.5
22.01. 04:15,102.5
22.01. 04:30,102.5
22.01. 04:45,102.5
22.01. 05:00,144.9
22.01. 05:15,144.9
22.01. 05:30,144.9
22.01. 05:45,144.9
22.01. 06:00,246.0
22.01. 06:15,246.0
22.01. 06:30,246.0
22.01. 06:45,246.0
22.01. 07:00,296.6
22.01. 07:15,296.6
22.01. 07:30,296.6
22.01. 07:45,296.6
22.01. 08:00,290.5
22.01. 08:15,290.5
22.01. 08:30,290.5
22.01. 08:45,290.5
22.01. 09:00,272.9
22.01. 09:15,272.9
22.01. 09:30,272.9
22.01. 09:45,272.9
22.01. 10:00,267.9
22.01. 10:15,267.9
22.01. 10:30,267.9
22.01. 10:45,267.9
22.01. 11:00,274.1
22.01. 11:15,274.1
22.01. 11:30,274.1
22.01. 11:45,274.1
22.01. 12:00,254.0
22.01. 12:15,254.0
22.01. 12:30,254.0
22.01. 12:45,254.0
22.01. 13:00,260.0
22.01. 13:15,260.0
22.01. 13:30,260.0
22.01. 13:45,260.0
22.01. 14:00,242.2
22.01. 14:15,242.2
22.01. 14:30,242.2
22.01. 14:45,242.2
22.01. 15:00,232.2
22.01. 15:15,232.2
22.01. 15:30,232.2
22.01. 15:45,232.2
22.01. 16:00,234.7
22.01. 16:15,234.7
22.01. 16:30,234.7
22.01. 16:45,234.7
22.01. 17:00,234.5
22.01. 17:15,234.5
22.01. 17:30,234.5
22.01. 17:45,234.5
22.01. 18:00,301.1
22.01. 18:15,301.1
22.01. 18:30,301.1
22.01. 18:45,301.1
22.01. 19:00,332.8
22.01. 19:15,332.8
22.01. 19:30,332.8
22.01. 19:45,332.8
22.01. 20:00,343.8
22.01. 20:15,343.8
22.01. 20:30,343.8
22.01. 20:45,343.8
22.01. 21:00,342.1
22.01. 21:15,342.1
22.01. 21:30,342.1
22.01. 21:45,342.1
22.01. 22:00,225.3
22.01. 22:15,225.3
22.01. 22:30,225.3
22.01. 22:45,225.3
22.01. 23:00,190.1
22.01. 23:15,190.1
22.01. 23:30,190.1
22.01. 23:45,190.1
23.01. 00:00,101.3
23.01. 00:15,101.3
23.01. 00:30,101.3
23.01. 00:45,101.3
23.01. 01:00,89.1
23.01. 01:15,89.1
23.01. 01:30,89.1
23.01. 01:45,89.1
23.01. 02:00,93.8
23.01. 02:15,93.8
23.01. 02:30,93.8
23.01. 02:45,93.8
23.01. 03:00,86.2
23.01. 03:15,86.2
23.01. 03:30,86.2
23.01. 03:45,86.2
23.01. 04:00,102.5
23.01. 04:15,102.5
23.01. 04:30,102.5
23.01. 04:45,102.5
23.01. 05:00,152.7
23.01. 05:15,152.7
23.01. 05:30,152.7
23.01. 05:45,152.7
23.01. 06:00,259.9
23.01. 06:15,259.9
23.01. 06:30,259.9
23.01. 06:45,259.9
23.01. 07:00,299.4
23.01. 07:15,299.4
23.01. 07:30,299.4
23.01. 07:45,299.4
23.01. 08:00,272.5
23.01. 08:15,272.5
23.01. 08:30,272.5
23.01. 08:45,272.5
23.01. 09:00,269.3
23.01. 09:15,269.3
23.01. 09:30,269.3
23.01. 09:45,269.3
23.01. 10:00,281.5
23.01. 10:15,281.5
23.01. 10:30,281.5
23.01. 10:45,281.5
23.01. 11:00,283.2
23.01. 11:15,283.2
23.01. 11:30,283.2
23.01. 11:45,283.2
23.01. 12:00,269.4
23.01. 12:15,269.4
23.01. 12:30,269.4
23.01. 12:45,269.4
23.01. 13:00,271.2
23.01. 13:15,271.2
23.01. 13:30,271.2
23.01. 13:45,271.2
23.01. 14:00,227.9
23.01. 14:15,227.9
23.01. 14:30,227.9
23.01. 14:45,227.9
23.01. 15:00,224.2
23.01. 15:15,224.2
23.01. 15:30,224.2
23.01. 15:45,224.2
23.01. 16:00,236.1
23.01. 16:15,236.1
23.01. 16:30,236.1
23.01. 16:45,236.1
23.01. 17:00,257.8
23.01. 17:15,257.8
23.01. 17:30,257.8
23.01. 17:45,257.8
23.01. 18:00,272.8
23.01. 18:15,272.8
23.01. 18:30,272.8
23.01. 18:45,272.8
23.01. 19:00,318.4
23.01. 19:15,318.4
23.01. 19:30,318.4
23.01. 19:45,318.4
23.01. 20:00,342.7
23.01. 20:15,342.7
23.01. 20:30,342.7
23.01. 20:45,342.7
23.01. 21:00,314.2
23.01. 21:15,314.2
23.01. 21:30,314.2
23.01. 21:45,314.2
23.01. 22:00,252.9
23.01. 22:15,252.9
23.01. 22:30,252.9
23.01. 22:45,252.9
23.01. 23:00,189.2
23.01. 23:15,189.2
23.01. 23:30,189.2
23.01. 23:45,189.2
24.01. 00:00,109.9
24.01. 00:15,109.9
24.01. 00:30,109.9
24.01. 00:45,109.9
24.01. 01:00,97.8
24.01. 01:15,97.8
24.01. 01:30,97.8
24.01. 01:45,97.8
24.01. 02:00,86.7
24.01. 02:15,86.7
24.01. 02:30,86.7
24.01. 02:45,86.7
24.01. 03:00,86.0
24.01. 03:15,86.0
24.01. 03:30,86.0
24.01. 03:45,86.0
24.01. 04:00,100.2
24.01. 04:15,100.2
24.01. 04:30,100.2
24.01. 04:45,100.2
24.01. 05:00,159.9
24.01. 05:15,159.9
24.01. 05:30,159.9
24.01. 05:45,159.9
24.01. 06:00,267.9
24.01. 06:15,267.9
24.01. 06:30,267.9
24.01. 06:45,267.9
24.01. 07:00,298.1
24.01. 07:15,298.1
24.01. 07:30,298.1
24.01. 07:45,298.1
24.01. 08:00,302.4
24.01. 08:15,302.4
24.01. 08:30,302.4
24.01. 08:45,302.4
24.01. 09:00,269.3
24.01. 09:15,269.3
24.01. 09:30,269.3
24.01. 09:45,269.3
24.01. 10:00,262.7
24.01. 10:15,262.7
24.01. 10:30,262.7
24.01. 10:45,262.7
24.01. 11:00,236.9
24.01. 11:15,236.9
24.01. 11:30,236.9
24.01. 11:45,236.9
24.01. 12:00,281.5
24.01. 12:15,281.5
24.01. 12:30,281.5
24.01. 12:45,281.5
24.01. 13:00,282.7
24.01. 13:15,282.7
24.01. 13:30,282.7
24.01. 13:45,282.7
24.01. 14:00,253.1
24.01. 14:15,253.1
24.01. 14:30,253.1
24.01. 14:45,253.1
24.01. 15:00,235.9
24.01. 15:15,235.9
24.01. 15:30,235.9
24.01. 15:45,235.9
24.01. 16:00,229.0
24.01. 16:15,229.0
24.01. 16:30,229.0
24.01. 16:45,229.0
24.01. 17:00,245.4
24.01. 17:15,245.4
24.01. 17:30,245.4
24.01. 17:45,245.4
24.01. 18:00,299.1
24.01. 18:15,299.1
24.01. 18:30,299.1
24.01. 18:45,299.1
24.01. 19:00,319.0
24.01. 19:15,319.0
24.01. 19:30,319.0
24.01. 19:45,319.0
24.01. 20:00,318.2
24.01. 20:15,318.2
24.01. 20:30,318.2
24.01. 20:45,318.2
24.01. 21:00,325.1
24.01. 21:15,325.1
24.01. 21:30,325.1
24.01. 21:45,325.1
24.01. 22:00,263.5
24.01. 22:15,263.5
24.01. 22:30,263.5
24.01. 22:45,263.5
24.01. 23:00,171.9
24.01. 23:15,171.9
24.01. 23:30,171.9
24.01. 23:45,171.9
25.01. 00:00,106.0
25.01. 00:15,106.0
25.01. 00:30,106.0
25.01. 00:45,106.0
25.01. 01:00,99.2
25.01. 01:15,99.2
25.01. 01:30,99.2
25.01. 01:45,99.2
25.01. 02:00,88.9
25.01. 02:15,88.9
25.01. 02:30,88.9
25.01. 02:45,88.9
25.01. 03:00,96.8
25.01. 03:15,96.8
25.01. 03:30,96.8
25.01. 03:45,96.8
25.01. 04:00,107.1
25.01. 04:15,107.1
25.01. 04:30,107.1
25.01. 04:45,107.1
25.01. 05:00,154.7
25.01. 05:15,154.7
25.01. 05:30,154.7
25.01. 05:45,154.7
25.01. 06:00,267.8
25.01. 06:15,267.8
25.01. 06:30,267.8
25.01. 06:45,267.8
25.01. 07:00,337.3
25.01. 07:15,337.3
25.01. 07:30,337.3
25.01. 07:45,337.3
25.01. 08:00,313.6
25.01. 08:15,313.6
25.01. 08:30,313.6
25.01. 08:45,313.6
25.01. 09:00,262.6
25.01. 09:15,262.6
25.01. 09:30,262.6
25.01. 09:45,262.6
25.01. 10:00,263.6
25.01. 10:15,263.6
25.01. 10:30,263.6
25.01. 10:45,263.6
25.01. 11:00,277.8
25.01. 11:15,277.8
25.01. 11:30,277.8
25.01. 11:45,277.8
25.01. 12:00,283.1
25.01. 12:15,283.1
25.01. 12:30,283.1
25.01. 12:45,283.1
25.01. 13:00,310.6
25.01. 13:15,310.6
25.01. 13:30,310.6
25.01. 13:45,310.6
25.01. 14:00,261.7
25.01. 14:15,261.7
25.01. 14:30,261.7
25.01. 14:45,261.7
25.01. 15:00,223.4
25.01. 15:15,223.4
25.01. 15:30,223.4
25.01. 15:45,223.4
25.01. 16:00,248.1
25.01. 16:15,248.1
25.01. 16:30,248.1
25.01. 16:45,248.1
25.01. 17:00,277.2
25.01. 17:15,277.2
25.01. 17:30,277.2
25.01. 17:45,277.2
25.01. 18:00,313.2
25.01. 18:15,313.2
25.01. 18:30,313.2
25.01. 18:45,313.2
25.01. 19:00,372.1
25.01. 19:15,372.1
25.01. 19:30,372.1
25.01. 19:45,372.1
25.01. 20:00,346.8
25.01. 20:15,346.8
25.01. 20:30,346.8
25.01. 20:45,346.8
25.01. 21:00,352.5
25.01. 21:15,352.5
25.01. 21:30,352.5
25.01. 21:45,352.5
25.01. 22:00,260.1
25.01. 22:15,260.1
25.01. 22:30,260.1
25.01. 22:45,260.1
25.01. 23:00,182.6
25.01. 23:15,182.6
25.01. 23:30,182.6
25.01. 23:45,182.6
26.01. 00:00,109.5
26.01. 00:15,109.5
26.01. 00:30,109.5
26.01. 00:45,109.5
26.01. 01:00,95.2
26.01. 01:15,95.2
26.01. 01:30,95.2
26.01. 01:45,95.2
26.01. 02:00,95.9
26.01. 02:15,95.9
26.01. 02:30,95.9
26.01. 02:45,95.9
26.01. 03:00,99.5
26.01. 03:15,99.5
26.01. 03:30,99.5
26.01. 03:45,99.5
26.01. 04:00,108.5
26.01. 04:15,108.5
26.01. 04:30,108.5
26.01. 04:45,108.5
26.01. 05:00,165.5
26.01. 05:15,165.5
26.01. 05:30,165.5
26.01. 05:45,165.5
26.01. 06:00,298.2
26.01. 06:15,298.2
26.01. 06:30,298.2
26.01. 06:45,298.2
26.01. 07:00,330.6
26.01. 07:15,330.6
26.01. 07:30,330.6
26.01. 07:45,330.6
26.01. 08:00,324.2
26.01. 08:15,324.2
26.01. 08:30,324.2
26.01. 08:45,324.2
26.01. 09:00,289.7
26.01. 09:15,289.7
26.01. 09:30,289.7
26.01. 09:45,289.7
26.01. 10:00,264.4
26.01. 10:15,264.4
26.01. 10:30,264.4
26.01. 10:45,264.4
26.01. 11:00,280.7
26.01. 11:15,280.7
26.01. 11:30,280.7
26.01. 11:45,280.7
26.01. 12:00,300.1
26.01. 12:15,300.1
26.01. 12:30,300.1
26.01. 12:45,300.1
26.01. 13:00,267.7
26.01. 13:15,267.7
26.01. 13:30,267.7
26.01. 13:45,267.7
26.01. 14:00,264.3
26.01. 14:15,264.3
26.01. 14:30,264.3
26.01. 14:45,264.3
26.01. 15:00,240.6
26.01. 15:15,240.6
26.01. 15:30,240.6
26.01. 15:45,240.6
26.01. 16:00,242.1
26.01. 16:15,242.1
26.01. 16:30,242.1
26.01. 16:45,242.1
26.01. 17:00,283.9
26.01. 17:15,283.9
26.01. 17:30,283.9
26.01. 17:45,283.9
26.01. 18:00,318.9
26.01. 18:15,318.9
26.01. 18:30,318.9
26.01. 18:45,318.9
26.01. 19:00,371.2
26.01. 19:15,371.2
26.01. 19:30,371.2
26.01. 19:45,371.2
26.01. 20:00,363.6
26.01. 20:15,363.6
26.01. 20:30,363.6
26.01. 20:45,363.6
26.01. 21:00,357.2
26.01. 21:15,357.2
26.01. 21:30,357.2
26.01. 21:45,357.2
26.01. 22:00,257.7
26.01. 22:15,257.7
26.01. 22:30,257.7
26.01. 22:45,257.7
26.01. 23:00,185.8
26.01. 23:15,185.8
26.01. 23:30,185.8
26.01. 23:45,185.8
27.01. 00:00,120.2
27.01. 00:15,120.2
27.01. 00:30,120.2
27.01. 00:45,120.2
27.01. 01:00,111.0
27.01. 01:15,111.0
27.01. 01:30,111.0
27.01. 01:45,111.0
27.01. 02:00,108.0
27.01. 02:15,108.0
27.01. 02:30,108.0
27.01. 02:45,108.0
27.01. 03:00,92.0
27.01. 03:15,92.0
27.01. 03:30,92.0
27.01. 03:45,92.0
27.01. 04:00,101.2
27.01. 04:15,101.2
27.01. 04:30,101.2
27.01. 04:45,101.2
27.01. 05:00,123.5
27.01. 05:15,123.5
27.01. 05:30,123.5
27.01. 05:45,123.5
27.01. 06:00,156.4
27.01. 06:15,156.4
27.01. 06:30,156.4
27.01. 06:45,156.4
27.01. 07:00,188.5
27.01. 07:15,188.5
27.01. 07:30,188.5
27.01. 07:45,188.5
27.01. 08:00,262.2
27.01. 08:15,262.2
27.01. 08:30,262.2
27.01. 08:45,262.2
27.01. 09:00,301.8
27.01. 09:15,301.8
27.01. 09:30,301.8
27.01. 09:45,301.8
27.01. 10:00,322.7
27.01. 10:15,322.7
27.01. 10:30,322.7
27.01. 10:45,322.7
27.01. 11:00,333.9
27.01. 11:15,333.9
27.01. 11:30,333.9
27.01. 11:45,333.9
27.01. 12:00,347.8
27.01. 12:15,347.8
27.01. 12:30,347.8
27.01. 12:45,347.8
27.01. 13:00,333.0
27.01. 13:15,333.0
27.01. 13:30,333.0
27.01. 13:45,333.0
27.01. 14:00,297.1
27.01. 14:15,297.1
27.01. 14:30,297.1
27.01. 14:45,297.1
27.01. 15:00,268.6
27.01. 15:15,268.6
27.01. 15:30,268.6
27.01. 15:45,268.6
27.01. 16:00,255.2
27.01. 16:15,255.2
27.01. 16:30,255.2
27.01. 16:45,255.2
27.01. 17:00,272.8
27.01. 17:15,272.8
27.01. 17:30,272.8
27.01. 17:45,272.8
27.01. 18:00,347.8
27.01. 18:15,347.8
27.01. 18:30,347.8
27.01. 18:45,347.8
27.01. 19:00,329.5
27.01. 19:15,329.5
27.01. 19:30,329.5
27.01. 19:45,329.5
27.01. 20:00,329.6
27.01. 20:15,329.6
27.01. 20:30,329.6
27.01. 20:45,329.6
27.01. 21:00,295.9
27.01. 21:15,295.9
27.01. 21:30,295.9
27.01. 21:45,295.9
27.01. 22:00,203.1
27.01. 22:15,203.1
27.01. 22:30,203.1
27.01. 22:45,203.1
27.01. 23:00,149.4
27.01. 23:15,149.4
27.01. 23:30,149.4
27.01. 23:45,149.4
28.01. 00:00,126.6
28.01. 00:15,126.6
28.01. 00:30,126.6
28.01. 00:45,126.6
28.01. 01:00,100.9
28.01. 01:15,100.9
28.01. 01:30,100.9
28.01. 01:45,100.9
28.01. 02:00,97.9
28.01. 02:15,97.9
28.01. 02:30,97.9
28.01. 02:45,97.9
28.01. 03:00,94.9
28.01. 03:15,94.9
28.01. 03:30,94.9
28.01. 03:45,94.9
28.01. 04:00,95.0
28.01. 04:15,95.0
28.01. 04:30,95.0
28.01. 04:45,95.0
28.01. 05:00,115.7
28.01. 05:15,115.7
28.01. 05:30,115.7
28.01. 05:45,115.7
28.01. 06:00,152.2
28.01. 06:15,152.2
28.01. 06:30,152.2
28.01. 06:45,152.2
28.01. 07:00,149.8
28.01. 07:15,149.8
28.01. 07:30,149.8
28.01. 07:45,149.8
28.01. 08:00,175.8
28.01. 08:15,175.8
28.01. 08:30,175.8
28.01. 08:45,175.8
28.01. 09:00,276.5
28.01. 09:15,276.5
28.01. 09:30,276.5
28.01. 09:45,276.5
28.01. 10:00,331.6
28.01. 10:15,331.6
28.01. 10:30,331.6
28.01. 10:45,331.6
28.01. 11:00,374.2
28.01. 11:15,374.2
28.01. 11:30,374.2
28.01. 11:45,374.2
28.01. 12:00,357.2
28.01. 12:15,357.2
28.01. 12:30,357.2
28.01. 12:45,357.2
28.01. 13:00,336.7
28.01. 13:15,336.7
28.01. 13:30,336.7
28.01. 13:45,336.7
28.01. 14:00,276.0
28.01. 14:15,276.0
28.01. 14:30,276.0
28.01. 14:45,276.0
28.01. 15:00,240.4
28.01. 15:15,240.4
28.01. 15:30,240.4
28.01. 15:45,240.4
28.01. 16:00,237.0
28.01. 16:15,237.0
28.01. 16:30,237.0
28.01. 16:45,237.0
28.01. 17:00,238.8
28.01. 17:15,238.8
28.01. 17:30,238.8
28.01. 17:45,238.8
28.01. 18:00,256.2
28.01. 18:15,256.2
28.01. 18:30,256.2
28.01. 18:45,256.2
28.01. 19:00,297.0
28.01. 19:15,297.0
28.01. 19:30,297.0
28.01. 19:45,297.0
28.01. 20:00,305.6
28.01. 20:15,305.6
28.01. 20:30,305.6
28.01. 20:45,305.6
28.01. 21:00,268.6
28.01. 21:15,268.6
28.01. 21:30,268.6
28.01. 21:45,268.6
28.01. 22:00,214.2
28.01. 22:15,214.2
28.01. 22:30,214.2
28.01. 22:45,214.2
28.01. 23:00,157.5
28.01. 23:15,157.5
28.01. 23:30,157.5
28.01. 23:45,157.5
29.01. 00:00,111.0
29.01. 00:15,111.0
29.01. 00:30,111.0
29.01. 00:45,111.0
29.01. 01:00,88.8
29.01. 01:15,88.8
29.01. 01:30,88.8
29.01. 01:45,88.8
29.01. 02:00,75.0
29.01. 02:15,75.0
29.01. 02:30,75.0
29.01. 02:45,75.0
29.01. 03:00,84.8
29.01. 03:15,84.8
29.01. 03:30,84.8
29.01. 03:45,84.8
29.01. 04:00,93.1
29.01. 04:15,93.1
29.01. 04:30,93.1
29.01. 04:45,93.1
29.01. 05:00,134.7
29.01. 05:15,134.7
29.01. 05:30,134.7
29.01. 05:45,134.7
29.01. 06:00,230.0
29.01. 06:15,230.0
29.01. 06:30,230.0
29.01. 06:45,230.0
29.01. 07:00,266.5
29.01. 07:15,266.5
29.01. 07:30,266.5
29.01. 07:45,266.5
29.01. 08:00,264.8
29.01. 08:15,264.8
29.01. 08:30,264.8
29.01. 08:45,264.8
29.01. 09:00,257.9
29.01. 09:15,257.9
29.01. 09:30,257.9
29.01. 09:45,257.9
29.01. 10:00,224.6
29.01. 10:15,224.6
29.01. 10:30,224.6
29.01. 10:45,224.6
29.01. 11:00,229.3
29.01. 11:15,229.3
29.01. 11:30,229.3
29.01. 11:45,229.3
29.01. 12:00,242.9
29.01. 12:15,242.9
29.01. 12:30,242.9
29.01. 12:45,242.9
29.01. 13:00,236.3
29.01. 13:15,236.3
29.01. 13:30,236.3
29.01. 13:45,236.3
29.01. 14:00,198.1
29.01. 14:15,198.1
29.01. 14:30,198.1
29.01. 14:45,198.1
29.01. 15:00,195.9
29.01. 15:15,195.9
29.01. 15:30,195.9
29.01. 15:45,195.9
29.01. 16:00,196.8
29.01. 16:15,196.8
29.01. 16:30,196.8
29.01. 16:45,196.8
29.01. 17:00,207.3
29.01. 17:15,207.3
29.01. 17:30,207.3
29.01. 17:45,207.3
29.01. 18:00,278.0
29.01. 18:15,278.0
29.01. 18:30,278.0
29.01. 18:45,278.0
29.01. 19:00,289.1
29.01. 19:15,289.1
29.01. 19:30,289.1
29.01. 19:45,289.1
29.01. 20:00,336.3
29.01. 20:15,336.3
29.01. 20:30,336.3
29.01. 20:45,336.3
29.01. 21:00,303.4
29.01. 21:15,303.4
29.01. 21:30,303.4
29.01. 21:45,303.4
29.01. 22:00,233.5
29.01. 22:15,233.5
29.01. 22:30,233.5
29.01. 22:45,233.5
29.01. 23:00,172.8
29.01. 23:15,172.8
29.01. 23:30,172.8
29.01. 23:45,172.8
30.01. 00:00,93.7
30.01. 00:15,93.7
30.01. 00:30,93.7
30.01. 00:45,93.7
30.01. 01:00,86.6
30.01. 01:15,86.6
30.01. 01:30,86.6
30.01. 01:45,86.6
30.01. 02:00,85.2
30.01. 02:15,85.2
30.01. 02:30,85.2
30.01. 02:45,85.2
30.01. 03:00,83.2
30.01. 03:15,83.2
30.01. 03:30,83.2
30.01. 03:45,83.2
30.01. 04:00,97.4
30.01. 04:15,97.4
30.01. 04:30,97.4
30.01. 04:45,97.4
30.01. 05:00,149.7
30.01. 05:15,149.7
30.01. 05:30,149.7
30.01. 05:45,149.7
30.01. 06:00,237.3
30.01. 06:15,237.3
30.01. 06:30,237.3
30.01. 06:45,237.3
30.01. 07:00,285.6
30.01. 07:15,285.6
30.01. 07:30,285.6
30.01. 07:45,285.6
30.01. 08:00,291.7
30.01. 08:15,291.7
30.01. 08:30,291.7
30.01. 08:45,291.7
30.01. 09:00,264.3
30.01. 09:15,264.3
30.01. 09:30,264.3
30.01. 09:45,264.3
30.01. 10:00,260.3
30.01. 10:15,260.3
30.01. 10:30,260.3
30.01. 10:45,260.3
30.01. 11:00,254.4
30.01. 11:15,254.4
30.01. 11:30,254.4
30.01. 11:45,254.4
30.01. 12:00,264.8
30.01. 12:15,264.8
30.01. 12:30,264.8
30.01. 12:45,264.8
30.01. 13:00,257.2
30.01. 13:15,257.2
30.01. 13:30,257.2
30.01. 13:45,257.2
30.01. 14:00,225.6
30.01. 14:15,225.6
30.01. 14:30,225.6
30.01. 14:45,225.6
30.01. 15:00,220.6
30.01. 15:15,220.6
30.01. 15:30,220.6
30.01. 15:45,220.6
30.01. 16:00,238.0
30.01. 16:15,238.0
30.01. 16:30,238.0
30.01. 16:45,238.0
30.01. 17:00,259.3
30.01. 17:15,259.3
30.01. 17:30,259.3
30.01. 17:45,259.3
30.01. 18:00,302.4
30.01. 18:15,302.4
30.01. 18:30,302.4
30.01. 18:45,302.4
30.01. 19:00,371.6
30.01. 19:15,371.6
30.01. 19:30,371.6
30.01. 19:45,371.6
30.01. 20:00,349.0
30.01. 20:15,349.0
30.01. 20:30,349.0
30.01. 20:45,349.0
30.01. 21:00,293.6
30.01. 21:15,293.6
30.01. 21:30,293.6
30.01. 21:45,293.6
30.01. 22:00,222.9
30.01. 22:15,222.9
30.01. 22:30,222.9
30.01. 22:45,222.9
30.01. 23:00,178.1
30.01. 23:15,178.1
30.01. 23:30,178.1
30.01. 23:45,178.1
31.01. 00:00,105.6
31.01. 00:15,105.6
31.01. 00:30,105.6
31.01. 00:45,105.6
31.01. 01:00,88.3
31.01. 01:15,88.3
31.01. 01:30,88.3
31.01. 01:45,88.3
31.01. 02:00,84.3
31.01. 02:15,84.3
31.01. 02:30,84.3
31.01. 02:45,84.3
31.01. 03:00,88.2
31.01. 03:15,88.2
31.01. 03:30,88.2
31.01. 03:45,88.2
31.01. 04:00,99.2
31.01. 04:15,99.2
31.01. 04:30,99.2
31.01. 04:45,99.2
31.01. 05:00,138.9
31.01. 05:15,138.9
31.01. 05:30,138.9
31.01. 05:45,138.9
31.01. 06:00,245.0
31.01. 06:15,245.0
31.01. 06:30,245.0
31.01. 06:45,245.0
31.01. 07:00,296.5
31.01. 07:15,296.5
31.01. 07:30,296.5
31.01. 07:45,296.5
31.01. 08:00,284.6
31.01. 08:15,284.6
31.01. 08:30,284.6
31.01. 08:45,284.6
31.01. 09:00,276.3
31.01. 09:15,276.3
31.01. 09:30,276.3
31.01. 09:45,276.3
31.01. 10:00,259.0
31.01. 10:15,259.0
31.01. 10:30,259.0
31.01. 10:45,259.0
31.01. 11:00,263.9
31.01. 11:15,263.9
31.01. 11:30,263.9
31.01. 11:45,263.9
31.01. 12:00,293.9
31.01. 12:15,293.9
31.01. 12:30,293.9
31.01. 12:45,293.9
31.01. 13:00,253.9
31.01. 13:15,253.9
31.01. 13:30,253.9
31.01. 13:45,253.9
31.01. 14:00,237.2
31.01. 14:15,237.2
31.01. 14:30,237.2
31.01. 14:45,237.2
31.01. 15:00,234.5
31.01. 15:15,234.5
31.01. 15:30,234.5
31.01. 15:45,234.5
31.01. 16:00,219.9
31.01. 16:15,219.9
31.01. 16:30,219.9
31.01. 16:45,219.9
31.01. 17:00,237.2
31.01. 17:15,237.2
31.01. 17:30,237.2
31.01. 17:45,237.2
31.01. 18:00,274.1
31.01. 18:15,274.1
31.01. 18:30,274.1
31.01. 18:45,274.1
31.01. 19:00,345.9
31.01. 19:15,345.9
31.01. 19:30,345.9
31.01. 19:45,345.9
31.01. 20:00,348.8
31.01. 20:15,348.8
31.01. 20:30,348.8
31.01. 20:45,348.8
31.01. 21:00,331.6
31.01. 21:15,331.6
31.01. 21:30,331.6
31.01. 21:45,331.6
31.01. 22:00,235.2
31.01. 22:15,235.2
31.01. 22:30,235.2
31.01. 22:45,235.2
31.01. 23:00,180.8
31.01. 23:15,180.8
31.01. 23:30,180.8
31.01. 23:45,180.8
01.02. 00:00,112.4
01.02. 00:15,112.4
01.02. 00:30,112.4
01.02. 00:45,112.4
01.02. 01:00,99.6
01.02. 01:15,99.6
01.02. 01:30,99.6
01.02. 01:45,99.6
01.02. 02:00,87.5
01.02. 02:15,87.5
01.02. 02:30,87.5
01.02. 02:45,87.5
01.02. 03:00,86.6
01.02. 03:15,86.6
01.02. 03:30,86.6
01.02. 03:45,86.6
01.02. 04:00,103.0
01.02. 04:15,103.0
01.02. 04:30,103.0
01.02. 04:45,103.0
01.02. 05:00,153.1
01.02. 05:15,153.1
01.02. 05:30,153.1
01.02. 05:45,153.1
01.02. 06:00,266.9
01.02. 06:15,266.9
01.02. 06:30,266.9
01.02. 06:45,266.9
01.02. 07:00,303.4
01.02. 07:15,303.4
01.02. 07:30,303.4
01.02. 07:45,303.4
01.02. 08:00,302.1
01.02. 08:15,302.1
01.02. 08:30,302.1
01.02. 08:45,302.1
01.02. 09:00,271.0
01.02. 09:15,271.0
01.02. 09:30,271.0
01.02. 09:45,271.0
01.02. 10:00,268.3
01.02. 10:15,268.3
01.02. 10:30,268.3
01.02. 10:45,268.3
01.02. 11:00,257.0
01.02. 11:15,257.0
01.02. 11:30,257.0
01.02. 11:45,257.0
01.02. 12:00,263.2
01.02. 12:15,263.2
01.02. 12:30,263.2
01.02. 12:45,263.2
01.02. 13:00,253.9
01.02. 13:15,253.9
01.02. 13:30,253.9
01.02. 13:45,253.9
01.02. 14:00,234.2
01.02. 14:15,234.2
01.02. 14:30,234.2
01.02. 14:45,234.2
01.02. 15:00,221.6
01.02. 15:15,221.6
01.02. 15:30,221.6
01.02. 15:45,221.6
01.02. 16:00,216.0
01.02. 16:15,216.0
01.02. 16:30,216.0
01.02. 16:45,216.0
01.02. 17:00,242.7
01.02. 17:15,242.7
01.02. 17:30,242.7
01.02. 17:45,242.7
01.02. 18:00,269.1
01.02. 18:15,269.1
01.02. 18:30,269.1
01.02. 18:45,269.1
01.02. 19:00,305.8
01.02. 19:15,305.8
01.02. 19:30,305.8
01.02. 19:45,305.8
01.02. 20:00,317.8
01.02. 20:15,317.8
01.02. 20:30,317.8
01.02. 20:45,317.8
01.02. 21:00,318.1
01.02. 21:15,318.1
01.02. 21:30,318.1
01.02. 21:45,318.1
01.02. 22:00,218.6
01.02. 22:15,218.6
01.02. 22:30,218.6
01.02. 22:45,218.6
01.02. 23:00,170.8
01.02. 23:15,170.8
01.02. 23:30,170.8
01.02. 23:45,170.8
02.02. 00:00,95.0
02.02. 00:15,95.0
02.02. 00:30,95.0
02.02. 00:45,95.0
02.02. 01:00,73.2
02.02. 01:15,73.2
02.02. 01:30,73.2
02.02. 01:45,73.2
02.02. 02:00,76.4
02.02. 02:15,76.4
02.02. 02:30,76.4
02.02. 02:45,76.4
02.02. 03:00,73.7
02.02. 03:15,73.7
02.02. 03:30,73.7
02.02. 03:45,73.7
02.02. 04:00,89.6
02.02. 04:15,89.6
02.02. 04:30,89.6
02.02. 04:45,89.6
02.02. 05:00,120.2
02.02. 05:15,120.2
02.02. 05:30,120.2
02.02. 05:45,120.2
02.02. 06:00,232.2
02.02. 06:15,232.2
02.02. 06:30,232.2
02.02. 06:45,232.2
02.02. 07:00,297.2
02.02. 07:15,297.2
02.02. 07:30,297.2
02.02. 07:45,297.2
02.02. 08:00,246.1
02.02. 08:15,246.1
02.02. 08:30,246.1
02.02. 08:45,246.1
02.02. 09:00,237.8
02.02. 09:15,237.8
02.02. 09:30,237.8
02.02. 09:45,237.8
02.02. 10:00,232.8
02.02. 10:15,232.8
02.02. 10:30,232.8
02.02. 10:45,232.8
02.02. 11:00,243.7
02.02. 11:15,243.7
02.02. 11:30,243.7
02.02. 11:45,243.7
02.02. 12:00,264.2
02.02. 12:15,264.2
02.02. 12:30,264.2
02.02. 12:45,264.2
02.02. 13:00,236.9
02.02. 13:15,236.9
02.02. 13:30,236.9
02.02. 13:45,236.9
02.02. 14:00,217.9
02.02. 14:15,217.9
02.02. 14:30,217.9
02.02. 14:45,217.9
02.02. 15:00,207.3
02.02. 15:15,207.3
02.02. 15:30,207.3
02.02. 15:45,207.3
02.02. 16:00,203.8
02.02. 16:15,203.8
02.02. 16:30,203.8
02.02. 16:45,203.8
02.02. 17:00,247.7
02.02. 17:15,247.7
02.02. 17:30,247.7
02.02. 17:45,247.7
02.02. 18:00,267.5
02.02. 18:15,267.5
02.02. 18:30,267.5
02.02. 18:45,267.5
02.02. 19:00,304.6
02.02. 19:15,304.6
02.02. 19:30,304.6
02.02. 19:45,304.6
02.02. 20:00,332.8
02.02. 20:15,332.8
02.02. 20:30,332.8
02.02. 20:45,332.8
02.02. 21:00,296.7
02.02. 21:15,296.7
02.02. 21:30,296.7
02.02. 21:45,296.7
02.02. 22:00,225.4
02.02. 22:15,225.4
02.02. 22:30,225.4
02.02. 22:45,225.4
02.02. 23:00,159.8
02.02. 23:15,159.8
02.02. 23:30,159.8
02.02. 23:45,159.8
03.02. 00:00,107.9
03.02. 00:15,107.9
03.02. 00:30,107.9
03.02. 00:45,107.9
03.02. 01:00,94.4
03.02. 01:15,94.4
03.02. 01:30,94.4
03.02. 01:45,94.4
03.02. 02:00,83.9
03.02. 02:15,83.9
03.02. 02:30,83.9
03.02. 02:45,83.9
03.02. 03:00,73.3
03.02. 03:15,73.3
03.02. 03:30,73.3
03.02. 03:45,73.3
03.02. 04:00,82.3
03.02. 04:15,82.3
03.02. 04:30,82.3
03.02. 04:45,82.3
03.02. 05:00,98.8
03.02. 05:15,98.8
03.02. 05:30,98.8
03.02. 05:45,98.8
03.02. 06:00,140.6
03.02. 06:15,140.6
03.02. 06:30,140.6
03.02. 06:45,140.6
03.02. 07:00,179.7
03.02. 07:15,179.7
03.02. 07:30,179.7
03.02. 07:45,179.7
03.02. 08:00,239.9
03.02. 08:15,239.9
03.02. 08:30,239.9
03.02. 08:45,239.9
03.02. 09:00,295.7
03.02. 09:15,295.7
03.02. 09:30,295.7
03.02. 09:45,295.7
03.02. 10:00,297.0
03.02. 10:15,297.0
03.02. 10:30,297.0
03.02. 10:45,297.0
03.02. 11:00,310.4
03.02. 11:15,310.4
03.02. 11:30,310.4
03.02. 11:45,310.4
03.02. 12:00,323.2
03.02. 12:15,323.2
03.02. 12:30,323.2
03.02. 12:45,323.2
03.02. 13:00,299.3
03.02. 13:15,299.3
03.02. 13:30,299.3
03.02. 13:45,299.3
03.02. 14:00,277.5
03.02. 14:15,277.5
03.02. 14:30,277.5
03.02. 14:45,277.5
03.02. 15:00,276.2
03.02. 15:15,276.2
03.02. 15:30,276.2
03.02. 15:45,276.2
03.02. 16:00,264.0
03.02. 16:15,264.0
03.02. 16:30,264.0
03.02. 16:45,264.0
03.02. 17:00,279.6
03.02. 17:15,279.6
03.02. 17:30,279.6
03.02. 17:45,279.6
03.02. 18:00,307.7
03.02. 18:15,307.7
03.02. 18:30,307.7
03.02. 18:45,307.7
03.02. 19:00,359.7
03.02. 19:15,359.7
03.02. 19:30,359.7
03.02. 19:45,359.7
03.02. 20:00,333.3
03.02. 20:15,333.3
03.02. 20:30,333.3
03.02. 20:45,333.3
03.02. 21:00,267.8
03.02. 21:15,267.8
03.02. 21:30,267.8
03.02. 21:45,267.8
03.02. 22:00,192.9
03.02. 22:15,192.9
03.02. 22:30,192.9
03.02. 22:45,192.9
03.02. 23:00,154.0
03.02. 23:15,154.0
03.02. 23:30,154.0
03.02. 23:45,154.0
04.02. 00:00,118.5
04.02. 00:15,118.5
04.02. 00:30,118.5
04.02. 00:45,118.5
04.02. 01:00,103.3
04.02. 01:15,103.3
04.02. 01:30,103.3
04.02. 01:45,103.3
04.02. 02:00,80.3
04.02. 02:15,80.3
04.02. 02:30,80.3
04.02. 02:45,80.3
04.02. 03:00,86.5
04.02. 03:15,86.5
04.02. 03:30,86.5
04.02. 03:45,86.5
04.02. 04:00,84.4
04.02. 04:15,84.4
04.02. 04:30,84.4
04.02. 04:45,84.4
04.02. 05:00,90.4
04.02. 05:15,90.4
04.02. 05:30,90.4
04.02. 05:45,90.4
04.02. 06:00,116.7
04.02. 06:15,116.7
04.02. 06:30,116.7
04.02. 06:45,116.7
04.02. 07:00,140.7
04.02. 07:15,140.7
04.02. 07:30,140.7
04.02. 07:45,140.7
04.02. 08:00,171.1
04.02. 08:15,171.1
04.02. 08:30,171.1
04.02. 08:45,171.1
04.02. 09:00,243.5
04.02. 09:15,243.5
04.02. 09:30,243.5
04.02. 09:45,243.5
04.02. 10:00,305.2
04.02. 10:15,305.2
04.02. 10:30,305.2
04.02. 10:45,305.2
04.02. 11:00,339.0
04.02. 11:15,339.0
04.02. 11:30,339.0
04.02. 11:45,339.0
04.02. 12:00,368.2
04.02. 12:15,368.2
04.02. 12:30,368.2
04.02. 12:45,368.2
04.02. 13:00,329.2
04.02. 13:15,329.2
04.02. 13:30,329.2
04.02. 13:45,329.2
04.02. 14:00,284.8
04.02. 14:15,284.8
04.02. 14:30,284.8
04.02. 14:45,284.8
04.02. 15:00,248.9
04.02. 15:15,248.9
04.02. 15:30,248.9
04.02. 15:45,248.9
04.02. 16:00,225.2
04.02. 16:15,225.2
04.02. 16:30,225.2
04.02. 16:45,225.2
04.02. 17:00,227.5
04.02. 17:15,227.5
04.02. 17:30,227.5
04.02. 17:45,227.5
04.02. 18:00,254.7
04.02. 18:15,254.7
04.02. 18:30,254.7
04.02. 18:45,254.7
04.02. 19:00,302.3
04.02. 19:15,302.3
04.02. 19:30,302.3
04.02. 19:45,302.3
04.02. 20:00,291.8
04.02. 20:15,291.8
04.02. 20:30,291.8
04.02. 20:45,291.8
04.02. 21:00,276.8
04.02. 21:15,276.8
04.02. 21:30,276.8
04.02. 21:45,276.8
04.02. 22:00,207.8
04.02. 22:15,207.8
04.02. 22:30,207.8
04.02. 22:45,207.8
04.02. 23:00,159.8
04.02. 23:15,159.8
04.02. 23:30,159.8
04.02. 23:45,159.8
05.02. 00:00,105.2
05.02. 00:15,105.2
05.02. 00:30,105.2
05.02. 00:45,105.2
05.02. 01:00,93.6
05.02. 01:15,93.6
05.02. 01:30,93.6
05.02. 01:45,93.6
05.02. 02:00,84.5
05.02. 02:15,84.5
05.02. 02:30,84.5
05.02. 02:45,84.5
05.02. 03:00,85.4
05.02. 03:15,85.4
05.02. 03:30,85.4
05.02. 03:45,85.4
05.02. 04:00,96.2
05.02. 04:15,96.2
05.02. 04:30,96.2
05.02. 04:45,96.2
05.02. 05:00,158.9
05.02. 05:15,158.9
05.02. 05:30,158.9
05.02. 05:45,158.9
05.02. 06:00,257.8
05.02. 06:15,257.8
05.02. 06:30,257.8
05.02. 06:45,257.8
05.02. 07:00,324.6
05.02. 07:15,324.6
05.02. 07:30,324.6
05.02. 07:45,324.6
05.02. 08:00,296.6
05.02. 08:15,296.6
05.02. 08:30,296.6
05.02. 08:45,296.6
05.02. 09:00,262.6
05.02. 09:15,262.6
05.02. 09:30,262.6
05.02. 09:45,262.6
05.02. 10:00,243.9
05.02. 10:15,243.9
05.02. 10:30,243.9
05.02. 10:45,243.9
05.02. 11:00,264.8
05.02. 11:15,264.8
05.02. 11:30,264.8
05.02. 11:45,264.8
05.02. 12:00,261.9
05.02. 12:15,261.9
05.02. 12:30,261.9
05.02. 12:45,261.9
05.02. 13:00,244.2
05.02. 13:15,244.2
05.02. 13:30,244.2
05.02. 13:45,244.2
05.02. 14:00,228.2
05.02. 14:15,228.2
05.02. 14:30,228.2
05.02. 14:45,228.2
05.02. 15:00,225.6
05.02. 15:15,225.6
05.02. 15:30,225.6
05.02. 15:45,225.6
05.02. 16:00,225.0
05.02. 16:15,225.0
05.02. 16:30,225.0
05.02. 16:45,225.0
05.02. 17:00,229.4
05.02. 17:15,229.4
05.02. 17:30,229.4
05.02. 17:45,229.4
05.02. 18:00,293.2
05.02. 18:15,293.2
05.02. 18:30,293.2
05.02. 18:45,293.2
05.02. 19:00,310.0
05.02. 19:15,310.0
05.02. 19:30,310.0
05.02. 19:45,310.0
05.02. 20:00,327.8
05.02. 20:15,327.8
05.02. 20:30,327.8
05.02. 20:45,327.8
05.02. 21:00,305.4
05.02. 21:15,305.4
05.02. 21:30,305.4
05.02. 21:45,305.4
05.02. 22:00,233.9
05.02. 22:15,233.9
05.02. 22:30,233.9
05.02. 22:45,233.9
05.02. 23:00,172.9
05.02. 23:15,172.9
05.02. 23:30,172.9
05.02. 23:45,172.9
06.02. 00:00,92.0
06.02. 00:15,92.0
06.02. 00:30,92.0
06.02. 00:45,92.0
06.02. 01:00,89.2
06.02. 01:15,89.2
06.02. 01:30,89.2
06.02. 01:45,89.2
06.02. 02:00,81.9
06.02. 02:15,81.9
06.02. 02:30,81.9
06.02. 02:45,81.9
06.02. 03:00,81.6
06.02. 03:15,81.6
06.02. 03:30,81.6
06.02. 03:45,81.6
06.02. 04:00,92.1
06.02. 04:15,92.1
06.02. 04:30,92.1
06.02. 04:45,92.1
06.02. 05:00,130.1
06.02. 05:15,130.1
06.02. 05:30,130.1
06.02. 05:45,130.1
06.02. 06:00,224.8
06.02. 06:15,224.8
06.02. 06:30,224.8
06.02. 06:45,224.8
06.02. 07:00,277.1
06.02. 07:15,277.1
06.02. 07:30,277.1
06.02. 07:45,277.1
06.02. 08:00,262.7
06.02. 08:15,262.7
06.02. 08:30,262.7
06.02. 08:45,262.7
06.02. 09:00,248.6
06.02. 09:15,248.6
06.02. 09:30,248.6
06.02. 09:45,248.6
06.02. 10:00,260.2
06.02. 10:15,260.2
06.02. 10:30,260.2
06.02. 10:45,260.2
06.02. 11:00,246.3
06.02. 11:15,246.3
06.02. 11:30,246.3
06.02. 11:45,246.3
06.02. 12:00,249.0
06.02. 12:15,249.0
06.02. 12:30,249.0
06.02. 12:45,249.0
06.02. 13:00,264.8
06.02. 13:15,264.8
06.02. 13:30,264.8
06.02. 13:45,264.8
06.02. 14:00,232.7
06.02. 14:15,232.7
06.02. 14:30,232.7
06.02. 14:45,232.7
06.02. 15:00,217.6
06.02. 15:15,217.6
06.02. 15:30,217.6
06.02. 15:45,217.6
06.02. 16:00,218.9
06.02. 16:15,218.9
06.02. 16:30,218.9
06.02. 16:45,218.9
06.02. 17:00,223.8
06.02. 17:15,223.8
06.02. 17:30,223.8
06.02. 17:45,223.8
06.02. 18:00,287.6
06.02. 18:15,287.6
06.02. 18:30,287.6
06.02. 18:45,287.6
06.02. 19:00,340.8
06.02. 19:15,340.8
06.02. 19:30,340.8
06.02. 19:45,340.8
06.02. 20:00,344.2
06.02. 20:15,344.2
06.02. 20:30,344.2
06.02. 20:45,344.2
06.02. 21:00,309.4
06.02. 21:15,309.4
06.02. 21:30,309.4
06.02. 21:45,309.4
06.02. 22:00,244.2
06.02. 22:15,244.2
06.02. 22:30,244.2
06.02. 22:45,244.2
06.02. 23:00,178.0
06.02. 23:15,178.0
06.02. 23:30,178.0
06.02. 23:45,178.0
07.02. 00:00,109.4
07.02. 00:15,109.4
07.02. 00:30,109.4
07.02. 00:45,109.4
07.02. 01:00,97.4
07.02. 01:15,97.4
07.02. 01:30,97.4
07.02. 01:45,97.4
07.02. 02:00,81.1
07.02. 02:15,81.1
07.02. 02:30,81.1
07.02. 02:45,81.1
07.02. 03:00,97.1
07.02. 03:15,97.1
07.02. 03:30,97.1
07.02. 03:45,97.1
07.02. 04:00,98.1
07.02. 04:15,98.1
07.02. 04:30,98.1
07.02. 04:45,98.1
07.02. 05:00,150.8
07.02. 05:15,150.8
07.02. 05:30,150.8
07.02. 05:45,150.8
07.02. 06:00,264.7
07.02. 06:15,264.7
07.02. 06:30,264.7
07.02. 06:45,264.7
07.02. 07:00,312.5
07.02. 07:15,312.5
07.02. 07:30,312.5
07.02. 07:45,312.5
07.02. 08:00,282.4
07.02. 08:15,282.4
07.02. 08:30,282.4
07.02. 08:45,282.4
07.02. 09:00,270.4
07.02. 09:15,270.4
07.02. 09:30,270.4
07.02. 09:45,270.4
07.02. 10:00,244.0
07.02. 10:15,244.0
07.02. 10:30,244.0
07.02. 10:45,244.0
07.02. 11:00,254.1
07.02. 11:15,254.1
07.02. 11:30,254.1
07.02. 11:45,254.1
07.02. 12:00,246.5
07.02. 12:15,246.5
07.02. 12:30,246.5
07.02. 12:45,246.5
07.02. 13:00,250.0
07.02. 13:15,250.0
07.02. 13:30,250.0
07.02. 13:45,250.0
07.02. 14:00,223.3
07.02. 14:15,223.3
07.02. 14:30,223.3
07.02. 14:45,223.3
07.02. 15:00,217.2
07.02. 15:15,217.2
07.02. 15:30,217.2
07.02. 15:45,217.2
07.02. 16:00,216.0
07.02. 16:15,216.0
07.02. 16:30,216.0
07.02. 16:45,216.0
07.02. 17:00,245.9
07.02. 17:15,245.9
07.02. 17:30,245.9
07.02. 17:45,245.9
07.02. 18:00,293.2
07.02. 18:15,293.2
07.02. 18:30,293.2
07.02. 18:45,293.2
07.02. 19:00,315.1
07.02. 19:15,315.1
07.02. 19:30,315.1
07.02. 19:45,315.1
07.02. 20:00,364.4
07.02. 20:15,364.4
07.02. 20:30,364.4
07.02. 20:45,364.4
07.02. 21:00,333.5
07.02. 21:15,333.5
07.02. 21:30,333.5
07.02. 21:45,333.5
07.02. 22:00,225.4
07.02. 22:15,225.4
07.02. 22:30,225.4
07.02. 22:45,225.4
07.02. 23:00,176.3
07.02. 23:15,176.3
07.02. 23:30,176.3
07.02. 23:45,176.3
08.02. 00:00,101.0
08.02. 00:15,101.0
08.02. 00:30,101.0
08.02. 00:45,101.0
08.02. 01:00,87.4
08.02. 01:15,87.4
08.02. 01:30,87.4
08.02. 01:45,87.4
08.02. 02:00,80.7
08.02. 02:15,80.7
08.02. 02:30,80.7
08.02. 02:45,80.7
08.02. 03:00,80.4
08.02. 03:15,80.4
08.02. 03:30,80.4
08.02. 03:45,80.4
08.02. 04:00,87.4
08.02. 04:15,87.4
08.02. 04:30,87.4
08.02. 04:45,87.4
08.02. 05:00,134.3
08.02. 05:15,134.3
08.02. 05:30,134.3
08.02. 05:45,134.3
08.02. 06:00,226.1
08.02. 06:15,226.1
08.02. 06:30,226.1
08.02. 06:45,226.1
08.02. 07:00,276.5
08.02. 07:15,276.5
08.02. 07:30,276.5
08.02. 07:45,276.5
08.02. 08:00,262.9
08.02. 08:15,262.9
08.02. 08:30,262.9
08.02. 08:45,262.9
08.02. 09:00,252.8
08.02. 09:15,252.8
08.02. 09:30,252.8
08.02. 09:45,252.8
08.02. 10:00,220.6
08.02. 10:15,220.6
08.02. 10:30,220.6
08.02. 10:45,220.6
08.02. 11:00,219.6
08.02. 11:15,219.6
08.02. 11:30,219.6
08.02. 11:45,219.6
08.02. 12:00,261.4
08.02. 12:15,261.4
08.02. 12:30,261.4
08.02. 12:45,261.4
08.02. 13:00,262.1
08.02. 13:15,262.1
08.02. 13:30,262.1
08.02. 13:45,262.1
08.02. 14:00,202.7
08.02. 14:15,202.7
08.02. 14:30,202.7
08.02. 14:45,202.7
08.02. 15:00,187.6
08.02. 15:15,187.6
08.02. 15:30,187.6
08.02. 15:45,187.6
08.02. 16:00,185.2
08.02. 16:15,185.2
08.02. 16:30,185.2
08.02. 16:45,185.2
08.02. 17:00,211.1
08.02. 17:15,211.1
08.02. 17:30,211.1
08.02. 17:45,211.1
08.02. 18:00,256.5
08.02. 18:15,256.5
08.02. 18:30,256.5
08.02. 18:45,256.5
08.02. 19:00,298.5
08.02. 19:15,298.5
08.02. 19:30,298.5
08.02. 19:45,298.5
08.02. 20:00,320.3
08.02. 20:15,320.3
08.02. 20:30,320.3
08.02. 20:45,320.3
08.02. 21:00,311.9
08.02. 21:15,311.9
08.02. 21:30,311.9
08.02. 21:45,311.9
08.02. 22:00,221.0
08.02. 22:15,221.0
08.02. 22:30,221.0
08.02. 22:45,221.0
08.02. 23:00,168.9
08.02. 23:15,168.9
08.02. 23:30,168.9
08.02. 23:45,168.9
09.02. 00:00,92.9
09.02. 00:15,92.9
09.02. 00:30,92.9
09.02. 00:45,92.9
09.02. 01:00,77.0
09.02. 01:15,77.0
09.02. 01:30,77.0
09.02. 01:45,77.0
09.02. 02:00,70.3
09.02. 02:15,70.3
09.02. 02:30,70.3
09.02. 02:45,70.3
09.02. 03:00,73.7
09.02. 03:15,73.7
09.02. 03:30,73.7
09.02. 03:45,73.7
09.02. 04:00,81.3
09.02. 04:15,81.3
09.02. 04:30,81.3
09.02. 04:45,81.3
09.02. 05:00,127.2
09.02. 05:15,127.2
09.02. 05:30,127.2
09.02. 05:45,127.2
09.02. 06:00,227.4
09.02. 06:15,227.4
09.02. 06:30,227.4
09.02. 06:45,227.4
09.02. 07:00,253.2
09.02. 07:15,253.2
09.02. 07:30,253.2
09.02. 07:45,253.2
09.02. 08:00,257.4
09.02. 08:15,257.4
09.02. 08:30,257.4
09.02. 08:45,257.4
09.02. 09:00,239.6
09.02. 09:15,239.6
09.02. 09:30,239.6
09.02. 09:45,239.6
09.02. 10:00,226.1
09.02. 10:15,226.1
09.02. 10:30,226.1
09.02. 10:45,226.1
09.02. 11:00,235.5
09.02. 11:15,235.5
09.02. 11:30,235.5
09.02. 11:45,235.5
09.02. 12:00,236.2
09.02. 12:15,236.2
09.02. 12:30,236.2
09.02. 12:45,236.2
09.02. 13:00,259.7
09.02. 13:15,259.7
09.02. 13:30,259.7
09.02. 13:45,259.7
09.02. 14:00,217.4
09.02. 14:15,217.4
09.02. 14:30,217.4
09.02. 14:45,217.4
09.02. 15:00,183.7
09.02. 15:15,183.7
09.02. 15:30,183.7
09.02. 15:45,183.7
09.02. 16:00,203.3
09.02. 16:15,203.3
09.02. 16:30,203.3
09.02. 16:45,203.3
09.02. 17:00,221.3
09.02. 17:15,221.3
09.02. 17:30,221.3
09.02. 17:45,221.3
09.02. 18:00,263.4
09.02. 18:15,263.4
09.02. 18:30,263.4
09.02. 18:45,263.4
09.02. 19:00,274.2
09.02. 19:15,274.2
09.02. 19:30,274.2
09.02. 19:45,274.2
09.02. 20:00,321.5
09.02. 20:15,321.5
09.02. 20:30,321.5
09.02. 20:45,321.5
09.02. 21:00,302.8
09.02. 21:15,302.8
09.02. 21:30,302.8
09.02. 21:45,302.8
09.02. 22:00,238.6
09.02. 22:15,238.6
09.02. 22:30,238.6
09.02. 22:45,238.6
09.02. 23:00,175.8
09.02. 23:15,175.8
09.02. 23:30,175.8
09.02. 23:45,175.8
10.02. 00:00,112.8
10.02. 00:15,112.8
10.02. 00:30,112.8
10.02. 00:45,112.8
10.02. 01:00,101.0
10.02. 01:15,101.0
10.02. 01:30,101.0
10.02. 01:45,101.0
10.02. 02:00,91.0
10.02. 02:15,91.0
10.02. 02:30,91.0
10.02. 02:45,91.0
10.02. 03:00,79.9
10.02. 03:15,79.9
10.02. 03:30,79.9
10.02. 03:45,79.9
10.02. 04:00,97.3
10.02. 04:15,97.3
10.02. 04:30,97.3
10.02. 04:45,97.3
10.02. 05:00,114.5
10.02. 05:15,114.5
10.02. 05:30,114.5
10.02. 05:45,114.5
10.02. 06:00,142.0
10.02. 06:15,142.0
10.02. 06:30,142.0
10.02. 06:45,142.0
10.02. 07:00,189.1
10.02. 07:15,189.1
10.02. 07:30,189.1
10.02. 07:45,189.1
10.02. 08:00,249.5
10.02. 08:15,249.5
10.02. 08:30,249.5
10.02. 08:45,249.5
10.02. 09:00,292.2
10.02. 09:15,292.2
10.02. 09:30,292.2
10.02. 09:45,292.2
10.02. 10:00,324.0
10.02. 10:15,324.0
10.02. 10:30,324.0
10.02. 10:45,324.0
10.02. 11:00,327.5
10.02. 11:15,327.5
10.02. 11:30,327.5
10.02. 11:45,327.5
10.02. 12:00,326.0
10.02. 12:15,326.0
10.02. 12:30,326.0
10.02. 12:45,326.0
10.02. 13:00,320.0
10.02. 13:15,320.0
10.02. 13:30,320.0
10.02. 13:45,320.0
10.02. 14:00,265.6
10.02. 14:15,265.6
10.02. 14:30,265.6
10.02. 14:45,265.6
10.02. 15:00,284.0
10.02. 15:15,284.0
10.02. 15:30,284.0
10.02. 15:45,284.0
10.02. 16:00,259.6
10.02. 16:15,259.6
10.02. 16:30,259.6
10.02. 16:45,259.6
10.02. 17:00,307.2
10.02. 17:15,307.2
10.02. 17:30,307.2
10.02. 17:45,307.2
10.02. 18:00,315.3
10.02. 18:15,315.3
10.02. 18:30,315.3
10.02. 18:45,315.3
10.02. 19:00,338.4
10.02. 19:15,338.4
10.02. 19:30,338.4
10.02. 19:45,338.4
10.02. 20:00,362.6
10.02. 20:15,362.6
10.02. 20:30,362.6
10.02. 20:45,362.6
10.02. 21:00,299.3
10.02. 21:15,299.3
10.02. 21:30,299.3
10.02. 21:45,299.3
10.02. 22:00,229.0
10.02. 22:15,229.0
10.02. 22:30,229.0
10.02. 22:45,229.0
10.02. 23:00,158.8
10.02. 23:15,158.8
10.02. 23:30,158.8
10.02. 23:45,158.8
11.02. 00:00,138.9
11.02. 00:15,138.9
11.02. 00:30,138.9
11.02. 00:45,138.9
11.02. 01:00,118.5
11.02. 01:15,118.5
11.02. 01:30,118.5
11.02. 01:45,118.5
11.02. 02:00,95.2
11.02. 02:15,95.2
11.02. 02:30,95.2
11.02. 02:45,95.2
11.02. 03:00,96.4
11.02. 03:15,96.4
11.02. 03:30,96.4
11.02. 03:45,96.4
11.02. 04:00,102.8
11.02. 04:15,102.8
11.02. 04:30,102.8
11.02. 04:45,102.8
11.02. 05:00,117.9
11.02. 05:15,117.9
11.02. 05:30,117.9
11.02. 05:45,117.9
11.02. 06:00,135.8
11.02. 06:15,135.8
11.02. 06:30,135.8
11.02. 06:45,135.8
11.02. 07:00,148.1
11.02. 07:15,148.1
11.02. 07:30,148.1
11.02. 07:45,148.1
11.02. 08:00,173.5
11.02. 08:15,173.5
11.02. 08:30,173.5
11.02. 08:45,173.5
11.02. 09:00,247.0
11.02. 09:15,247.0
11.02. 09:30,247.0
11.02. 09:45,247.0
11.02. 10:00,303.2
11.02. 10:15,303.2
11.02. 10:30,303.2
11.02. 10:45,303.2
11.02. 11:00,355.3
11.02. 11:15,355.3
11.02. 11:30,355.3
11.02. 11:45,355.3
11.02. 12:00,351.2
11.02. 12:15,351.2
11.02. 12:30,351.2
11.02. 12:45,351.2
11.02. 13:00,347.4
11.02. 13:15,347.4
11.02. 13:30,347.4
11.02. 13:45,347.4
11.02. 14:00,326.4
11.02. 14:15,326.4
11.02. 14:30,326.4
11.02. 14:45,326.4
11.02. 15:00,253.8
11.02. 15:15,253.8
11.02. 15:30,253.8
11.02. 15:45,253.8
11.02. 16:00,240.2
11.02. 16:15,240.2
11.02. 16:30,240.2
11.02. 16:45,240.2
11.02. 17:00,247.4
11.02. 17:15,247.4
11.02. 17:30,247.4
11.02. 17:45,247.4
11.02. 18:00,268.6
11.02. 18:15,268.6
11.02. 18:30,268.6
11.02. 18:45,268.6
11.02. 19:00,302.5
11.02. 19:15,302.5
11.02. 19:30,302.5
11.02. 19:45,302.5
11.02. 20:00,351.3
11.02. 20:15,351.3
11.02. 20:30,351.3
11.02. 20:45,351.3
11.02. 21:00,293.8
11.02. 21:15,293.8
11.02. 21:30,293.8
11.02. 21:45,293.8
11.02. 22:00,264.8
11.02. 22:15,264.8
11.02. 22:30,264.8
11.02. 22:45,264.8
11.02. 23:00,190.9
11.02. 23:15,190.9
11.02. 23:30,190.9
11.02. 23:45,190.9
12.02. 00:00,128.3
12.02. 00:15,128.3
12.02. 00:30,128.3
12.02. 00:45,128.3
12.02. 01:00,117.0
12.02. 01:15,117.0
12.02. 01:30,117.0
12.02. 01:45,117.0
12.02. 02:00,108.3
12.02. 02:15,108.3
12.02. 02:30,108.3
12.02. 02:45,108.3
12.02. 03:00,105.5
12.02. 03:15,105.5
12.02. 03:30,105.5
12.02. 03:45,105.5
12.02. 04:00,118.2
12.02. 04:15,118.2
12.02. 04:30,118.2
12.02. 04:45,118.2
12.02. 05:00,163.5
12.02. 05:15,163.5
12.02. 05:30,163.5
12.02. 05:45,163.5
12.02. 06:00,284.8
12.02. 06:15,284.8
12.02. 06:30,284.8
12.02. 06:45,284.8
12.02. 07:00,340.5
12.02. 07:15,340.5
12.02. 07:30,340.5
12.02. 07:45,340.5
12.02. 08:00,317.3
12.02. 08:15,317.3
12.02. 08:30,317.3
12.02. 08:45,317.3
12.02. 09:00,299.2
12.02. 09:15,299.2
12.02. 09:30,299.2
12.02. 09:45,299.2
12.02. 10:00,284.5
12.02. 10:15,284.5
12.02. 10:30,284.5
12.02. 10:45,284.5
12.02. 11:00,277.4
12.02. 11:15,277.4
12.02. 11:30,277.4
12.02. 11:45,277.4
12.02. 12:00,272.4
12.02. 12:15,272.4
12.02. 12:30,272.4
12.02. 12:45,272.4
12.02. 13:00,274.0
12.02. 13:15,274.0
12.02. 13:30,274.0
12.02. 13:45,274.0
12.02. 14:00,241.0
12.02. 14:15,241.0
12.02. 14:30,241.0
12.02. 14:45,241.0
12.02. 15:00,233.6
12.02. 15:15,233.6
12.02. 15:30,233.6
12.02. 15:45,233.6
12.02. 16:00,229.8
12.02. 16:15,229.8
12.02. 16:30,229.8
12.02. 16:45,229.8
12.02. 17:00,266.9
12.02. 17:15,266.9
12.02. 17:30,266.9
12.02. 17:45,266.9
12.02. 18:00,320.5
12.02. 18:15,320.5
12.02. 18:30,320.5
12.02. 18:45,320.5
12.02. 19:00,347.9
12.02. 19:15,347.9
12.02. 19:30,347.9
12.02. 19:45,347.9
12.02. 20:00,357.7
12.02. 20:15,357.7
12.02. 20:30,357.7
12.02. 20:45,357.7
12.02. 21:00,330.5
12.02. 21:15,330.5
12.02. 21:30,330.5
12.02. 21:45,330.5
12.02. 22:00,248.7
12.02. 22:15,248.7
12.02. 22:30,248.7
12.02. 22:45,248.7
12.02. 23:00,201.9
12.02. 23:15,201.9
12.02. 23:30,201.9
12.02. 23:45,201.9
13.02. 00:00,115.2
13.02. 00:15,115.2
13.02. 00:30,115.2
13.02. 00:45,115.2
13.02. 01:00,103.1
13.02. 01:15,103.1
13.02. 01:30,103.1
13.02. 01:45,103.1
13.02. 02:00,94.6
13.02. 02:15,94.6
13.02. 02:30,94.6
13.02. 02:45,94.6
13.02. 03:00,94.3
13.02. 03:15,94.3
13.02. 03:30,94.3
13.02. 03:45,94.3
13.02. 04:00,111.1
13.02. 04:15,111.1
13.02. 04:30,111.1
13.02. 04:45,111.1
13.02. 05:00,159.8
13.02. 05:15,159.8
13.02. 05:30,159.8
13.02. 05:45,159.8
13.02. 06:00,263.6
13.02. 06:15,263.6
13.02. 06:30,263.6
13.02. 06:45,263.6
13.02. 07:00,333.7
13.02. 07:15,333.7
13.02. 07:30,333.7
13.02. 07:45,333.7
13.02. 08:00,302.8
13.02. 08:15,302.8
13.02. 08:30,302.8
13.02. 08:45,302.8
13.02. 09:00,284.6
13.02. 09:15,284.6
13.02. 09:30,284.6
13.02. 09:45,284.6
13.02. 10:00,240.0
13.02. 10:15,240.0
13.02. 10:30,240.0
13.02. 10:45,240.0
13.02. 11:00,245.2
13.02. 11:15,245.2
13.02. 11:30,245.2
13.02. 11:45,245.2
13.02. 12:00,243.9
13.02. 12:15,243.9
13.02. 12:30,243.9
13.02. 12:45,243.9
13.02. 13:00,254.3
13.02. 13:15,254.3
13.02. 13:30,254.3
13.02. 13:45,254.3
13.02. 14:00,218.5
13.02. 14:15,218.5
13.02. 14:30,218.5
13.02. 14:45,218.5
13.02. 15:00,201.7
13.02. 15:15,201.7
13.02. 15:30,201.7
13.02. 15:45,201.7
13.02. 16:00,210.3
13.02. 16:15,210.3
13.02. 16:30,210.3
13.02. 16:45,210.3
13.02. 17:00,224.9
13.02. 17:15,224.9
13.02. 17:30,224.9
13.02. 17:45,224.9
13.02. 18:00,269.4
13.02. 18:15,269.4
13.02. 18:30,269.4
13.02. 18:45,269.4
13.02. 19:00,315.5
13.02. 19:15,315.5
13.02. 19:30,315.5
13.02. 19:45,315.5
13.02. 20:00,294.2
13.02. 20:15,294.2
13.02. 20:30,294.2
13.02. 20:45,294.2
13.02. 21:00,301.6
13.02. 21:15,301.6
13.02. 21:30,301.6
13.02. 21:45,301.6
13.02. 22:00,230.9
13.02. 22:15,230.9
13.02. 22:30,230.9
13.02. 22:45,230.9
13.02. 23:00,173.6
13.02. 23:15,173.6
13.02. 23:30,173.6
13.02. 23:45,173.6
14.02. 00:00,91.8
14.02. 00:15,91.8
14.02. 00:30,91.8
14.02. 00:45,91.8
14.02. 01:00,76.7
14.02. 01:15,76.7
14.02. 01:30,76.7
14.02. 01:45,76.7
14.02. 02:00,68.5
14.02. 02:15,68.5
14.02. 02:30,68.5
14.02. 02:45,68.5
14.02. 03:00,65.5
14.02. 03:15,65.5
14.02. 03:30,65.5
14.02. 03:45,65.5
14.02. 04:00,80.8
14.02. 04:15,80.8
14.02. 04:30,80.8
14.02. 04:45,80.8
14.02. 05:00,123.0
14.02. 05:15,123.0
14.02. 05:30,123.0
14.02. 05:45,123.0
14.02. 06:00,205.0
14.02. 06:15,205.0
14.02. 06:30,205.0
14.02. 06:45,205.0
14.02. 07:00,246.9
14.02. 07:15,246.9
14.02. 07:30,246.9
14.02. 07:45,246.9
14.02. 08:00,228.9
14.02. 08:15,228.9
14.02. 08:30,228.9
14.02. 08:45,228.9
14.02. 09:00,241.0
14.02. 09:15,241.0
14.02. 09:30,241.0
14.02. 09:45,241.0
14.02. 10:00,231.5
14.02. 10:15,231.5
14.02. 10:30,231.5
14.02. 10:45,231.5
14.02. 11:00,220.5
14.02. 11:15,220.5
14.02. 11:30,220.5
14.02. 11:45,220.5
14.02. 12:00,249.4
14.02. 12:15,249.4
14.02. 12:30,249.4
14.02. 12:45,249.4
14.02. 13:00,231.3
14.02. 13:15,231.3
14.02. 13:30,231.3
14.02. 13:45,231.3
14.02. 14:00,199.7
14.02. 14:15,199.7
14.02. 14:30,199.7
14.02. 14:45,199.7
14.02. 15:00,195.2
14.02. 15:15,195.2
14.02. 15:30,195.2
14.02. 15:45,195.2
14.02. 16:00,203.2
14.02. 16:15,203.2
14.02. 16:30,203.2
14.02. 16:45,203.2
14.02. 17:00,215.8
14.02. 17:15,215.8
14.02. 17:30,215.8
14.02. 17:45,215.8
14.02. 18:00,262.1
14.02. 18:15,262.1
14.02. 18:30,262.1
14.02. 18:45,262.1
14.02. 19:00,313.8
14.02. 19:15,313.8
14.02. 19:30,313.8
14.02. 19:45,313.8
14.02. 20:00,331.4
14.02. 20:15,331.4
14.02. 20:30,331.4
14.02. 20:45,331.4
14.02. 21:00,303.1
14.02. 21:15,303.1
14.02. 21:30,303.1
14.02. 21:45,303.1
14.02. 22:00,242.7
14.02. 22:15,242.7
14.02. 22:30,242.7
14.02. 22:45,242.7
14.02. 23:00,174.8
14.02. 23:15,174.8
14.02. 23:30,174.8
14.02. 23:45,174.8
15.02. 00:00,107.2
15.02. 00:15,107.2
15.02. 00:30,107.2
15.02. 00:45,107.2
15.02. 01:00,91.2
15.02. 01:15,91.2
15.02. 01:30,91.2
15.02. 01:45,91.2
15.02. 02:00,71.8
15.02. 02:15,71.8
15.02. 02:30,71.8
15.02. 02:45,71.8
15.02. 03:00,77.1
15.02. 03:15,77.1
15.02. 03:30,77.1
15.02. 03:45,77.1
15.02. 04:00,88.6
15.02. 04:15,88.6
15.02. 04:30,88.6
15.02. 04:45,88.6
15.02. 05:00,135.8
15.02. 05:15,135.8
15.02. 05:30,135.8
15.02. 05:45,135.8
15.02. 06:00,224.8
15.02. 06:15,224.8
15.02. 06:30,224.8
15.02. 06:45,224.8
15.02. 07:00,262.0
15.02. 07:15,262.0
15.02. 07:30,262.0
15.02. 07:45,262.0
15.02. 08:00,272.2
15.02. 08:15,272.2
15.02. 08:30,272.2
15.02. 08:45,272.2
15.02. 09:00,240.1
15.02. 09:15,240.1
15.02. 09:30,240.1
15.02. 09:45,240.1
15.02. 10:00,241.3
15.02. 10:15,241.3
15.02. 10:30,241.3
15.02. 10:45,241.3
15.02. 11:00,257.8
15.02. 11:15,257.8
15.02. 11:30,257.8
15.02. 11:45,257.8
15.02. 12:00,245.1
15.02. 12:15,245.1
15.02. 12:30,245.1
15.02. 12:45,245.1
15.02. 13:00,246.8
15.02. 13:15,246.8
15.02. 13:30,246.8
15.02. 13:45,246.8
15.02. 14:00,216.4
15.02. 14:15,216.4
15.02. 14:30,216.4
15.02. 14:45,216.4
15.02. 15:00,200.8
15.02. 15:15,200.8
15.02. 15:30,200.8
15.02. 15:45,200.8
15.02. 16:00,203.9
15.02. 16:15,203.9
15.02. 16:30,203.9
15.02. 16:45,203.9
15.02. 17:00,211.6
15.02. 17:15,211.6
15.02. 17:30,211.6
15.02. 17:45,211.6
15.02. 18:00,247.0
15.02. 18:15,247.0
15.02. 18:30,247.0
15.02. 18:45,247.0
15.02. 19:00,293.9
15.02. 19:15,293.9
15.02. 19:30,293.9
15.02. 19:45,293.9
15.02. 20:00,302.5
15.02. 20:15,302.5
15.02. 20:30,302.5
15.02. 20:45,302.5
15.02. 21:00,288.4
15.02. 21:15,288.4
15.02. 21:30,288.4
15.02. 21:45,288.4
15.02. 22:00,224.5
15.02. 22:15,224.5
15.02. 22:30,224.5
15.02. 22:45,224.5
15.02. 23:00,159.8
15.02. 23:15,159.8
15.02. 23:30,159.8
15.02. 23:45,159.8
16.02. 00:00,86.2
16.02. 00:15,86.2
16.02. 00:30,86.2
16.02. 00:45,86.2
16.02. 01:00,79.0
16.02. 01:15,79.0
16.02. 01:30,79.0
16.02. 01:45,79.0
16.02. 02:00,73.2
16.02. 02:15,73.2
16.02. 02:30,73.2
16.02. 02:45,73.2
16.02. 03:00,67.8
16.02. 03:15,67.8
16.02. 03:30,67.8
16.02. 03:45,67.8
16.02. 04:00,77.0
16.02. 04:15,77.0
16.02. 04:30,77.0
16.02. 04:45,77.0
16.02. 05:00,107.1
16.02. 05:15,107.1
16.02. 05:30,107.1
16.02. 05:45,107.1
16.02. 06:00,205.4
16.02. 06:15,205.4
16.02. 06:30,205.4
16.02. 06:45,205.4
16.02. 07:00,241.3
16.02. 07:15,241.3
16.02. 07:30,241.3
16.02. 07:45,241.3
16.02. 08:00,230.8
16.02. 08:15,230.8
16.02. 08:30,230.8
16.02. 08:45,230.8
16.02. 09:00,218.9
16.02. 09:15,218.9
16.02. 09:30,218.9
16.02. 09:45,218.9
16.02. 10:00,207.3
16.02. 10:15,207.3
16.02. 10:30,207.3
16.02. 10:45,207.3
16.02. 11:00,228.2
16.02. 11:15,228.2
16.02. 11:30,228.2
16.02. 11:45,228.2
16.02. 12:00,234.2
16.02. 12:15,234.2
16.02. 12:30,234.2
16.02. 12:45,234.2
16.02. 13:00,221.3
16.02. 13:15,221.3
16.02. 13:30,221.3
16.02. 13:45,221.3
16.02. 14:00,204.0
16.02. 14:15,204.0
16.02. 14:30,204.0
16.02. 14:45,204.0
16.02. 15:00,183.9
16.02. 15:15,183.9
16.02. 15:30,183.9
16.02. 15:45,183.9
16.02. 16:00,183.2
16.02. 16:15,183.2
16.02. 16:30,183.2
16.02. 16:45,183.2
16.02. 17:00,191.2
16.02. 17:15,191.2
16.02. 17:30,191.2
16.02. 17:45,191.2
16.02. 18:00,246.5
16.02. 18:15,246.5
16.02. 18:30,246.5
16.02. 18:45,246.5
16.02. 19:00,297.0
16.02. 19:15,297.0
16.02. 19:30,297.0
16.02. 19:45,297.0
16.02. 20:00,290.5
16.02. 20:15,290.5
16.02. 20:30,290.5
16.02. 20:45,290.5
16.02. 21:00,245.7
16.02. 21:15,245.7
16.02. 21:30,245.7
16.02. 21:45,245.7
16.02. 22:00,203.2
16.02. 22:15,203.2
16.02. 22:30,203.2
16.02. 22:45,203.2
16.02. 23:00,146.2
16.02. 23:15,146.2
16.02. 23:30,146.2
16.02. 23:45,146.2
17.02. 00:00,89.5
17.02. 00:15,89.5
17.02. 00:30,89.5
17.02. 00:45,89.5
17.02. 01:00,85.1
17.02. 01:15,85.1
17.02. 01:30,85.1
17.02. 01:45,85.1
17.02. 02:00,77.4
17.02. 02:15,77.4
17.02. 02:30,77.4
17.02. 02:45,77.4
17.02. 03:00,64.8
17.02. 03:15,64.8
17.02. 03:30,64.8
17.02. 03:45,64.8
17.02. 04:00,70.3
17.02. 04:15,70.3
17.02. 04:30,70.3
17.02. 04:45,70.3
17.02. 05:00,85.7
17.02. 05:15,85.7
17.02. 05:30,85.7
17.02. 05:45,85.7
17.02. 06:00,114.0
17.02. 06:15,114.0
17.02. 06:30,114.0
17.02. 06:45,114.0
17.02. 07:00,151.6
17.02. 07:15,151.6
17.02. 07:30,151.6
17.02. 07:45,151.6
17.02. 08:00,230.3
17.02. 08:15,230.3
17.02. 08:30,230.3
17.02. 08:45,230.3
17.02. 09:00,258.2
17.02. 09:15,258.2
17.02. 09:30,258.2
17.02. 09:45,258.2
17.02. 10:00,279.3
17.02. 10:15,279.3
17.02. 10:30,279.3
17.02. 10:45,279.3
17.02. 11:00,309.2
17.02. 11:15,309.2
17.02. 11:30,309.2
17.02. 11:45,309.2
17.02. 12:00,318.5
17.02. 12:15,318.5
17.02. 12:30,318.5
17.02. 12:45,318.5
17.02. 13:00,280.5
17.02. 13:15,280.5
17.02. 13:30,280.5
17.02. 13:45,280.5
17.02. 14:00,286.4
17.02. 14:15,286.4
17.02. 14:30,286.4
17.02. 14:45,286.4
17.02. 15:00,237.2
17.02. 15:15,237.2
17.02. 15:30,237.2
17.02. 15:45,237.2
17.02. 16:00,248.4
17.02. 16:15,248.4
17.02. 16:30,248.4
17.02. 16:45,248.4
17.02. 17:00,251.9
17.02. 17:15,251.9
17.02. 17:30,251.9
17.02. 17:45,251.9
17.02. 18:00,294.9
17.02. 18:15,294.9
17.02. 18:30,294.9
17.02. 18:45,294.9
17.02. 19:00,330.6
17.02. 19:15,330.6
17.02. 19:30,330.6
17.02. 19:45,330.6
17.02. 20:00,305.8
17.02. 20:15,305.8
17.02. 20:30,305.8
17.02. 20:45,305.8
17.02. 21:00,252.5
17.02. 21:15,252.5
17.02. 21:30,252.5
17.02. 21:45,252.5
17.02. 22:00,188.9
17.02. 22:15,188.9
17.02. 22:30,188.9
17.02. 22:45,188.9
17.02. 23:00,146.9
17.02. 23:15,146.9
17.02. 23:30,146.9
17.02. 23:45,146.9
18.02. 00:00,111.0
18.02. 00:15,111.0
18.02. 00:30,111.0
18.02. 00:45,111.0
18.02. 01:00,100.5
18.02. 01:15,100.5
18.02. 01:30,100.5
18.02. 01:45,100.5
18.02. 02:00,89.3
18.02. 02:15,89.3
18.02. 02:30,89.3
18.02. 02:45,89.3
18.02. 03:00,82.5
18.02. 03:15,82.5
18.02. 03:30,82.5
18.02. 03:45,82.5
18.02. 04:00,83.7
18.02. 04:15,83.7
18.02. 04:30,83.7
18.02. 04:45,83.7
18.02. 05:00,86.3
18.02. 05:15,86.3
18.02. 05:30,86.3
18.02. 05:45,86.3
18.02. 06:00,109.1
18.02. 06:15,109.1
18.02. 06:30,109.1
18.02. 06:45,109.1
18.02. 07:00,117.7
18.02. 07:15,117.7
18.02. 07:30,117.7
18.02. 07:45,117.7
18.02. 08:00,149.4
18.02. 08:15,149.4
18.02. 08:30,149.4
18.02. 08:45,149.4
18.02. 09:00,220.3
18.02. 09:15,220.3
18.02. 09:30,220.3
18.02. 09:45,220.3
18.02. 10:00,294.0
18.02. 10:15,294.0
18.02. 10:30,294.0
18.02. 10:45,294.0
18.02. 11:00,299.3
18.02. 11:15,299.3
18.02. 11:30,299.3
18.02. 11:45,299.3
18.02. 12:00,326.3
18.02. 12:15,326.3
18.02. 12:30,326.3
18.02. 12:45,326.3
18.02. 13:00,273.2
18.02. 13:15,273.2
18.02. 13:30,273.2
18.02. 13:45,273.2
18.02. 14:00,271.9
18.02. 14:15,271.9
18.02. 14:30,271.9
18.02. 14:45,271.9
18.02. 15:00,231.3
18.02. 15:15,231.3
18.02. 15:30,231.3
18.02. 15:45,231.3
18.02. 16:00,201.5
18.02. 16:15,201.5
18.02. 16:30,201.5
18.02. 16:45,201.5
18.02. 17:00,209.1
18.02. 17:15,209.1
18.02. 17:30,209.1
18.02. 17:45,209.1
18.02. 18:00,220.8
18.02. 18:15,220.8
18.02. 18:30,220.8
18.02. 18:45,220.8
18.02. 19:00,234.9
18.02. 19:15,234.9
18.02. 19:30,234.9
18.02. 19:45,234.9
18.02. 20:00,273.1
18.02. 20:15,273.1
18.02. 20:30,273.1
18.02. 20:45,273.1
18.02. 21:00,258.6
18.02. 21:15,258.6
18.02. 21:30,258.6
18.02. 21:45,258.6
18.02. 22:00,202.1
18.02. 22:15,202.1
18.02. 22:30,202.1
18.02. 22:45,202.1
18.02. 23:00,149.9
18.02. 23:15,149.9
18.02. 23:30,149.9
18.02. 23:45,149.9
19.02. 00:00,96.1
19.02. 00:15,96.1
19.02. 00:30,96.1
19.02. 00:45,96.1
19.02. 01:00,95.1
19.02. 01:15,95.1
19.02. 01:30,95.1
19.02. 01:45,95.1
19.02. 02:00,81.5
19.02. 02:15,81.5
19.02. 02:30,81.5
19.02. 02:45,81.5
19.02. 03:00,82.5
19.02. 03:15,82.5
19.02. 03:30,82.5
19.02. 03:45,82.5
19.02. 04:00,93.2
19.02. 04:15,93.2
19.02. 04:30,93.2
19.02. 04:45,93.2
19.02. 05:00,142.7
19.02. 05:15,142.7
19.02. 05:30,142.7
19.02. 05:45,142.7
19.02. 06:00,242.4
19.02. 06:15,242.4
19.02. 06:30,242.4
19.02. 06:45,242.4
19.02. 07:00,280.5
19.02. 07:15,280.5
19.02. 07:30,280.5
19.02. 07:45,280.5
19.02. 08:00,282.0
19.02. 08:15,282.0
19.02. 08:30,282.0
19.02. 08:45,282.0
19.02. 09:00,247.0
19.02. 09:15,247.0
19.02. 09:30,247.0
19.02. 09:45,247.0
19.02. 10:00,242.3
19.02. 10:15,242.3
19.02. 10:30,242.3
19.02. 10:45,242.3
19.02. 11:00,258.4
19.02. 11:15,258.4
19.02. 11:30,258.4
19.02. 11:45,258.4
19.02. 12:00,252.8
19.02. 12:15,252.8
19.02. 12:30,252.8
19.02. 12:45,252.8
19.02. 13:00,257.1
19.02. 13:15,257.1
19.02. 13:30,257.1
19.02. 13:45,257.1
19.02. 14:00,215.6
19.02. 14:15,215.6
19.02. 14:30,215.6
19.02. 14:45,215.6
19.02. 15:00,185.0
19.02. 15:15,185.0
19.02. 15:30,185.0
19.02. 15:45,185.0
19.02. 16:00,215.8
19.02. 16:15,215.8
19.02. 16:30,215.8
19.02. 16:45,215.8
19.02. 17:00,227.5
19.02. 17:15,227.5
19.02. 17:30,227.5
19.02. 17:45,227.5
19.02. 18:00,261.7
19.02. 18:15,261.7
19.02. 18:30,261.7
19.02. 18:45,261.7
19.02. 19:00,318.5
19.02. 19:15,318.5
19.02. 19:30,318.5
19.02. 19:45,318.5
19.02. 20:00,320.4
19.02. 20:15,320.4
19.02. 20:30,320.4
19.02. 20:45,320.4
19.02. 21:00,328.9
19.02. 21:15,328.9
19.02. 21:30,328.9
19.02. 21:45,328.9
19.02. 22:00,226.6
19.02. 22:15,226.6
19.02. 22:30,226.6
19.02. 22:45,226.6
19.02. 23:00,178.5
19.02. 23:15,178.5
19.02. 23:30,178.5
19.02. 23:45,178.5
20.02. 00:00,101.3
20.02. 00:15,101.3
20.02. 00:30,101.3
20.02. 00:45,101.3
20.02. 01:00,89.2
20.02. 01:15,89.2
20.02. 01:30,89.2
20.02. 01:45,89.2
20.02. 02:00,75.8
20.02. 02:15,75.8
20.02. 02:30,75.8
20.02. 02:45,75.8
20.02. 03:00,81.8
20.02. 03:15,81.8
20.02. 03:30,81.8
20.02. 03:45,81.8
20.02. 04:00,90.9
20.02. 04:15,90.9
20.02. 04:30,90.9
20.02. 04:45,90.9
20.02. 05:00,127.3
20.02. 05:15,127.3
20.02. 05:30,127.3
20.02. 05:45,127.3
20.02. 06:00,234.3
20.02. 06:15,234.3
20.02. 06:30,234.3
20.02. 06:45,234.3
20.02. 07:00,271.4
20.02. 07:15,271.4
20.02. 07:30,271.4
20.02. 07:45,271.4
20.02. 08:00,261.2
20.02. 08:15,261.2
20.02. 08:30,261.2
20.02. 08:45,261.2
20.02. 09:00,253.0
20.02. 09:15,253.0
20.02. 09:30,253.0
20.02. 09:45,253.0
20.02. 10:00,253.1
20.02. 10:15,253.1
20.02. 10:30,253.1
20.02. 10:45,253.1
20.02. 11:00,240.1
20.02. 11:15,240.1
20.02. 11:30,240.1
20.02. 11:45,240.1
20.02. 12:00,240.3
20.02. 12:15,240.3
20.02. 12:30,240.3
20.02. 12:45,240.3
20.02. 13:00,235.3
20.02. 13:15,235.3
20.02. 13:30,235.3
20.02. 13:45,235.3
20.02. 14:00,215.7
20.02. 14:15,215.7
20.02. 14:30,215.7
20.02. 14:45,215.7
20.02. 15:00,199.6
20.02. 15:15,199.6
20.02. 15:30,199.6
20.02. 15:45,199.6
20.02. 16:00,193.4
20.02. 16:15,193.4
20.02. 16:30,193.4
20.02. 16:45,193.4
20.02. 17:00,203.5
20.02. 17:15,203.5
20.02. 17:30,203.5
20.02. 17:45,203.5
20.02. 18:00,250.4
20.02. 18:15,250.4
20.02. 18:30,250.4
20.02. 18:45,250.4
20.02. 19:00,282.0
20.02. 19:15,282.0
20.02. 19:30,282.0
20.02. 19:45,282.0
20.02. 20:00,295.0
20.02. 20:15,295.0
20.02. 20:30,295.0
20.02. 20:45,295.0
20.02. 21:00,267.2
20.02. 21:15,267.2
20.02. 21:30,267.2
20.02. 21:45,267.2
20.02. 22:00,211.1
20.02. 22:15,211.1
20.02. 22:30,211.1
20.02. 22:45,211.1
20.02. 23:00,166.1
20.02. 23:15,166.1
20.02. 23:30,166.1
20.02. 23:45,166.1
21.02. 00:00,94.4
21.02. 00:15,94.4
21.02. 00:30,94.4
21.02. 00:45,94.4
21.02. 01:00,95.0
21.02. 01:15,95.0
21.02. 01:30,95.0
21.02. 01:45,95.0
21.02. 02:00,80.2
21.02. 02:15,80.2
21.02. 02:30,80.2
21.02. 02:45,80.2
21.02. 03:00,86.6
21.02. 03:15,86.6
21.02. 03:30,86.6
21.02. 03:45,86.6
21.02. 04:00,99.2
21.02. 04:15,99.2
21.02. 04:30,99.2
21.02. 04:45,99.2
21.02. 05:00,142.8
21.02. 05:15,142.8
21.02. 05:30,142.8
21.02. 05:45,142.8
21.02. 06:00,264.4
21.02. 06:15,264.4
21.02. 06:30,264.4
21.02. 06:45,264.4
21.02. 07:00,301.5
21.02. 07:15,301.5
21.02. 07:30,301.5
21.02. 07:45,301.5
21.02. 08:00,296.1
21.02. 08:15,296.1
21.02. 08:30,296.1
21.02. 08:45,296.1
21.02. 09:00,262.7
21.02. 09:15,262.7
21.02. 09:30,262.7
21.02. 09:45,262.7
21.02. 10:00,227.2
21.02. 10:15,227.2
21.02. 10:30,227.2
21.02. 10:45,227.2
21.02. 11:00,256.7
21.02. 11:15,256.7
21.02. 11:30,256.7
21.02. 11:45,256.7
21.02. 12:00,263.8
21.02. 12:15,263.8
21.02. 12:30,263.8
21.02. 12:45,263.8
21.02. 13:00,284.0
21.02. 13:15,284.0
21.02. 13:30,284.0
21.02. 13:45,284.0
21.02. 14:00,230.3
21.02. 14:15,230.3
21.02. 14:30,230.3
21.02. 14:45,230.3
21.02. 15:00,234.0
21.02. 15:15,234.0
21.02. 15:30,234.0
21.02. 15:45,234.0
21.02. 16:00,213.5
21.02. 16:15,213.5
21.02. 16:30,213.5
21.02. 16:45,213.5
21.02. 17:00,230.5
21.02. 17:15,230.5
21.02. 17:30,230.5
21.02. 17:45,230.5
21.02. 18:00,263.5
21.02. 18:15,263.5
21.02. 18:30,263.5
21.02. 18:45,263.5
21.02. 19:00,311.4
21.02. 19:15,311.4
21.02. 19:30,311.4
21.02. 19:45,311.4
21.02. 20:00,309.3
21.02. 20:15,309.3
21.02. 20:30,309.3
21.02. 20:45,309.3
21.02. 21:00,324.2
21.02. 21:15,324.2
21.02. 21:30,324.2
21.02. 21:45,324.2
21.02. 22:00,225.3
21.02. 22:15,225.3
21.02. 22:30,225.3
21.02. 22:45,225.3
21.02. 23:00,166.9
21.02. 23:15,166.9
21.02. 23:30,166.9
21.02. 23:45,166.9
22.02. 00:00,100.8
22.02. 00:15,100.8
22.02. 00:30,100.8
22.02. 00:45,100.8
22.02. 01:00,85.4
22.02. 01:15,85.4
22.02. 01:30,85.4
22.02. 01:45,85.4
22.02. 02:00,85.0
22.02. 02:15,85.0
22.02. 02:30,85.0
22.02. 02:45,85.0
22.02. 03:00,82.1
22.02. 03:15,82.1
22.02. 03:30,82.1
22.02. 03:45,82.1
22.02. 04:00,99.8
22.02. 04:15,99.8
22.02. 04:30,99.8
22.02. 04:45,99.8
22.02. 05:00,141.0
22.02. 05:15,141.0
22.02. 05:30,141.0
22.02. 05:45,141.0
22.02. 06:00,239.5
22.02. 06:15,239.5
22.02. 06:30,239.5
22.02. 06:45,239.5
22.02. 07:00,284.7
22.02. 07:15,284.7
22.02. 07:30,284.7
22.02. 07:45,284.7
22.02. 08:00,247.7
22.02. 08:15,247.7
22.02. 08:30,247.7
22.02. 08:45,247.7
22.02. 09:00,244.6
22.02. 09:15,244.6
22.02. 09:30,244.6
22.02. 09:45,244.6
22.02. 10:00,242.1
22.02. 10:15,242.1
22.02. 10:30,242.1
22.02. 10:45,242.1
22.02. 11:00,224.2
22.02. 11:15,224.2
22.02. 11:30,224.2
22.02. 11:45,224.2
22.02. 12:00,255.4
22.02. 12:15,255.4
22.02. 12:30,255.4
22.02. 12:45,255.4
22.02. 13:00,242.5
22.02. 13:15,242.5
22.02. 13:30,242.5
22.02. 13:45,242.5
22.02. 14:00,216.6
22.02. 14:15,216.6
22.02. 14:30,216.6
22.02. 14:45,216.6
22.02. 15:00,196.1
22.02. 15:15,196.1
22.02. 15:30,196.1
22.02. 15:45,196.1
22.02. 16:00,190.9
22.02. 16:15,190.9
22.02. 16:30,190.9
22.02. 16:45,190.9
22.02. 17:00,215.8
22.02. 17:15,215.8
22.02. 17:30,215.8
22.02. 17:45,215.8
22.02. 18:00,258.8
22.02. 18:15,258.8
22.02. 18:30,258.8
22.02. 18:45,258.8
22.02. 19:00,319.2
22.02. 19:15,319.2
22.02. 19:30,319.2
22.02. 19:45,319.2
22.02. 20:00,308.5
22.02. 20:15,308.5
22.02. 20:30,308.5
22.02. 20:45,308.5
22.02. 21:00,299.5
22.02. 21:15,299.5
22.02. 21:30,299.5
22.02. 21:45,299.5
22.02. 22:00,235.9
22.02. 22:15,235.9
22.02. 22:30,235.9
22.02. 22:45,235.9
22.02. 23:00,170.8
22.02. 23:15,170.8
22.02. 23:30,170.8
22.02. 23:45,170.8
23.02. 00:00,97.6
23.02. 00:15,97.6
23.02. 00:30,97.6
23.02. 00:45,97.6
23.02. 01:00,89.3
23.02. 01:15,89.3
23.02. 01:30,89.3
23.02. 01:45,89.3
23.02. 02:00,85.6
23.02. 02:15,85.6
23.02. 02:30,85.6
23.02. 02:45,85.6
23.02. 03:00,88.1
23.02. 03:15,88.1
23.02. 03:30,88.1
23.02. 03:45,88.1
23.02. 04:00,98.2
23.02. 04:15,98.2
23.02. 04:30,98.2
23.02. 04:45,98.2
23.02. 05:00,154.8
23.02. 05:15,154.8
23.02. 05:30,154.8
23.02. 05:45,154.8
23.02. 06:00,252.0
23.02. 06:15,252.0
23.02. 06:30,252.0
23.02. 06:45,252.0
23.02. 07:00,287.6
23.02. 07:15,287.6
23.02. 07:30,287.6
23.02. 07:45,287.6
23.02. 08:00,270.2
23.02. 08:15,270.2
23.02. 08:30,270.2
23.02. 08:45,270.2
23.02. 09:00,251.0
23.02. 09:15,251.0
23.02. 09:30,251.0
23.02. 09:45,251.0
23.02. 10:00,229.4
23.02. 10:15,229.4
23.02. 10:30,229.4
23.02. 10:45,229.4
23.02. 11:00,222.9
23.02. 11:15,222.9
23.02. 11:30,222.9
23.02. 11:45,222.9
23.02. 12:00,237.2
23.02. 12:15,237.2
23.02. 12:30,237.2
23.02. 12:45,237.2
23.02. 13:00,223.5
23.02. 13:15,223.5
23.02. 13:30,223.5
23.02. 13:45,223.5
23.02. 14:00,199.1
23.02. 14:15,199.1
23.02. 14:30,199.1
23.02. 14:45,199.1
23.02. 15:00,188.9
23.02. 15:15,188.9
23.02. 15:30,188.9
23.02. 15:45,188.9
23.02. 16:00,193.1
23.02. 16:15,193.1
23.02. 16:30,193.1
23.02. 16:45,193.1
23.02. 17:00,223.3
23.02. 17:15,223.3
23.02. 17:30,223.3
23.02. 17:45,223.3
23.02. 18:00,267.5
23.02. 18:15,267.5
23.02. 18:30,267.5
23.02. 18:45,267.5
23.02. 19:00,316.4
23.02. 19:15,316.4
23.02. 19:30,316.4
23.02. 19:45,316.4
23.02. 20:00,321.6
23.02. 20:15,321.6
23.02. 20:30,321.6
23.02. 20:45,321.6
23.02. 21:00,304.3
23.02. 21:15,304.3
23.02. 21:30,304.3
23.02. 21:45,304.3
23.02. 22:00,222.1
23.02. 22:15,222.1
23.02. 22:30,222.1
23.02. 22:45,222.1
23.02. 23:00,167.9
23.02. 23:15,167.9
23.02. 23:30,167.9
23.02. 23:45,167.9
24.02. 00:00,90.9
24.02. 00:15,90.9
24.02. 00:30,90.9
24.02. 00:45,90.9
24.02. 01:00,95.1
24.02. 01:15,95.1
24.02. 01:30,95.1
24.02. 01:45,95.1
24.02. 02:00,85.7
24.02. 02:15,85.7
24.02. 02:30,85.7
24.02. 02:45,85.7
24.02. 03:00,76.4
24.02. 03:15,76.4
24.02. 03:30,76.4
24.02. 03:45,76.4
24.02. 04:00,82.3
24.02. 04:15,82.3
24.02. 04:30,82.3
24.02. 04:45,82.3
24.02. 05:00,101.8
24.02. 05:15,101.8
24.02. 05:30,101.8
24.02. 05:45,101.8
24.02. 06:00,133.4
24.02. 06:15,133.4
24.02. 06:30,133.4
24.02. 06:45,133.4
24.02. 07:00,170.1
24.02. 07:15,170.1
24.02. 07:30,170.1
24.02. 07:45,170.1
24.02. 08:00,225.5
24.02. 08:15,225.5
24.02. 08:30,225.5
24.02. 08:45,225.5
24.02. 09:00,285.1
24.02. 09:15,285.1
24.02. 09:30,285.1
24.02. 09:45,285.1
24.02. 10:00,309.2
24.02. 10:15,309.2
24.02. 10:30,309.2
24.02. 10:45,309.2
24.02. 11:00,308.7
24.02. 11:15,308.7
24.02. 11:30,308.7
24.02. 11:45,308.7
24.02. 12:00,325.6
24.02. 12:15,325.6
24.02. 12:30,325.6
24.02. 12:45,325.6
24.02. 13:00,299.0
24.02. 13:15,299.0
24.02. 13:30,299.0
24.02. 13:45,299.0
24.02. 14:00,256.0
24.02. 14:15,256.0
24.02. 14:30,256.0
24.02. 14:45,256.0
24.02. 15:00,263.1
24.02. 15:15,263.1
24.02. 15:30,263.1
24.02. 15:45,263.1
24.02. 16:00,285.8
24.02. 16:15,285.8
24.02. 16:30,285.8
24.02. 16:45,285.8
24.02. 17:00,279.8
24.02. 17:15,279.8
24.02. 17:30,279.8
24.02. 17:45,279.8
24.02. 18:00,302.6
24.02. 18:15,302.6
24.02. 18:30,302.6
24.02. 18:45,302.6
24.02. 19:00,321.3
24.02. 19:15,321.3
24.02. 19:30,321.3
24.02. 19:45,321.3
24.02. 20:00,330.3
24.02. 20:15,330.3
24.02. 20:30,330.3
24.02. 20:45,330.3
24.02. 21:00,280.1
24.02. 21:15,280.1
24.02. 21:30,280.1
24.02. 21:45,280.1
24.02. 22:00,216.9
24.02. 22:15,216.9
24.02. 22:30,216.9
24.02. 22:45,216.9
24.02. 23:00,168.4
24.02. 23:15,168.4
24.02. 23:30,168.4
24.02. 23:45,168.4
25.02. 00:00,127.9
25.02. 00:15,127.9
25.02. 00:30,127.9
25.02. 00:45,127.9
25.02. 01:00,114.8
25.02. 01:15,114.8
25.02. 01:30,114.8
25.02. 01:45,114.8
25.02. 02:00,104.2
25.02. 02:15,104.2
25.02. 02:30,104.2
25.02. 02:45,104.2
25.02. 03:00,106.5
25.02. 03:15,106.5
25.02. 03:30,106.5
25.02. 03:45,106.5
25.02. 04:00,103.8
25.02. 04:15,103.8
25.02. 04:30,103.8
25.02. 04:45,103.8
25.02. 05:00,131.0
25.02. 05:15,131.0
25.02. 05:30,131.0
25.02. 05:45,131.0
25.02. 06:00,143.9
25.02. 06:15,143.9
25.02. 06:30,143.9
25.02. 06:45,143.9
25.02. 07:00,152.2
25.02. 07:15,152.2
25.02. 07:30,152.2
25.02. 07:45,152.2
25.02. 08:00,180.8
25.02. 08:15,180.8
25.02. 08:30,180.8
25.02. 08:45,180.8
25.02. 09:00,260.9
25.02. 09:15,260.9
25.02. 09:30,260.9
25.02. 09:45,260.9
25.02. 10:00,310.0
25.02. 10:15,310.0
25.02. 10:30,310.0
25.02. 10:45,310.0
25.02. 11:00,336.8
25.02. 11:15,336.8
25.02. 11:30,336.8
25.02. 11:45,336.8
25.02. 12:00,365.2
25.02. 12:15,365.2
25.02. 12:30,365.2
25.02. 12:45,365.2
25.02. 13:00,332.0
25.02. 13:15,332.0
25.02. 13:30,332.0
25.02. 13:45,332.0
25.02. 14:00,319.7
25.02. 14:15,319.7
25.02. 14:30,319.7
25.02. 14:45,319.7
25.02. 15:00,248.2
25.02. 15:15,248.2
25.02. 15:30,248.2
25.02. 15:45,248.2
25.02. 16:00,233.1
25.02. 16:15,233.1
25.02. 16:30,233.1
25.02. 16:45,233.1
25.02. 17:00,245.5
25.02. 17:15,245.5
25.02. 17:30,245.5
25.02. 17:45,245.5
25.02. 18:00,251.8
25.02. 18:15,251.8
25.02. 18:30,251.8
25.02. 18:45,251.8
25.02. 19:00,287.6
25.02. 19:15,287.6
25.02. 19:30,287.6
25.02. 19:45,287.6
25.02. 20:00,319.6
25.02. 20:15,319.6
25.02. 20:30,319.6
25.02. 20:45,319.6
25.02. 21:00,274.3
25.02. 21:15,274.3
25.02. 21:30,274.3
25.02. 21:45,274.3
25.02. 22:00,244.3
25.02. 22:15,244.3
25.02. 22:30,244.3
25.02. 22:45,244.3
25.02. 23:00,187.0
25.02. 23:15,187.0
25.02. 23:30,187.0
25.02. 23:45,187.0
26.02. 00:00,118.1
26.02. 00:15,118.1
26.02. 00:30,118.1
26.02. 00:45,118.1
26.02. 01:00,104.6
26.02. 01:15,104.6
26.02. 01:30,104.6
26.02. 01:45,104.6
26.02. 02:00,104.1
26.02. 02:15,104.1
26.02. 02:30,104.1
26.02. 02:45,104.1
26.02. 03:00,96.3
26.02. 03:15,96.3
26.02. 03:30,96.3
26.02. 03:45,96.3
26.02. 04:00,116.2
26.02. 04:15,116.2
26.02. 04:30,116.2
26.02. 04:45,116.2
26.02. 05:00,186.8
26.02. 05:15,186.8
26.02. 05:30,186.8
26.02. 05:45,186.8
26.02. 06:00,292.5
26.02. 06:15,292.5
26.02. 06:30,292.5
26.02. 06:45,292.5
26.02. 07:00,301.7
26.02. 07:15,301.7
26.02. 07:30,301.7
26.02. 07:45,301.7
26.02. 08:00,296.2
26.02. 08:15,296.2
26.02. 08:30,296.2
26.02. 08:45,296.2
26.02. 09:00,284.3
26.02. 09:15,284.3
26.02. 09:30,284.3
26.02. 09:45,284.3
26.02. 10:00,270.0
26.02. 10:15,270.0
26.02. 10:30,270.0
26.02. 10:45,270.0
26.02. 11:00,246.2
26.02. 11:15,246.2
26.02. 11:30,246.2
26.02. 11:45,246.2
26.02. 12:00,255.3
26.02. 12:15,255.3
26.02. 12:30,255.3
26.02. 12:45,255.3
26.02. 13:00,248.3
26.02. 13:15,248.3
26.02. 13:30,248.3
26.02. 13:45,248.3
26.02. 14:00,229.9
26.02. 14:15,229.9
26.02. 14:30,229.9
26.02. 14:45,229.9
26.02. 15:00,221.0
26.02. 15:15,221.0
26.02. 15:30,221.0
26.02. 15:45,221.0
26.02. 16:00,238.5
26.02. 16:15,238.5
26.02. 16:30,238.5
26.02. 16:45,238.5
26.02. 17:00,259.4
26.02. 17:15,259.4
26.02. 17:30,259.4
26.02. 17:45,259.4
26.02. 18:00,308.7
26.02. 18:15,308.7
26.02. 18:30,308.7
26.02. 18:45,308.7
26.02. 19:00,360.6
26.02. 19:15,360.6
26.02. 19:30,360.6
26.02. 19:45,360.6
26.02. 20:00,352.0
26.02. 20:15,352.0
26.02. 20:30,352.0
26.02. 20:45,352.0
26.02. 21:00,341.6
26.02. 21:15,341.6
26.02. 21:30,341.6
26.02. 21:45,341.6
26.02. 22:00,242.1
26.02. 22:15,242.1
26.02. 22:30,242.1
26.02. 22:45,242.1
26.02. 23:00,202.1
26.02. 23:15,202.1
26.02. 23:30,202.1
26.02. 23:45,202.1
27.02. 00:00,121.6
27.02. 00:15,121.6
27.02. 00:30,121.6
27.02. 00:45,121.6
27.02. 01:00,108.5
27.02. 01:15,108.5
27.02. 01:30,108.5
27.02. 01:45,108.5
27.02. 02:00,97.7
27.02. 02:15,97.7
27.02. 02:30,97.7
27.02. 02:45,97.7
27.02. 03:00,101.1
27.02. 03:15,101.1
27.02. 03:30,101.1
27.02. 03:45,101.1
27.02. 04:00,113.8
27.02. 04:15,113.8
27.02. 04:30,113.8
27.02. 04:45,113.8
27.02. 05:00,168.9
27.02. 05:15,168.9
27.02. 05:30,168.9
27.02. 05:45,168.9
27.02. 06:00,293.7
27.02. 06:15,293.7
27.02. 06:30,293.7
27.02. 06:45,293.7
27.02. 07:00,308.1
27.02. 07:15,308.1
27.02. 07:30,308.1
27.02. 07:45,308.1
27.02. 08:00,295.5
27.02. 08:15,295.5
27.02. 08:30,295.5
27.02. 08:45,295.5
27.02. 09:00,248.2
27.02. 09:15,248.2
27.02. 09:30,248.2
27.02. 09:45,248.2
27.02. 10:00,246.2
27.02. 10:15,246.2
27.02. 10:30,246.2
27.02. 10:45,246.2
27.02. 11:00,240.3
27.02. 11:15,240.3
27.02. 11:30,240.3
27.02. 11:45,240.3
27.02. 12:00,253.4
27.02. 12:15,253.4
27.02. 12:30,253.4
27.02. 12:45,253.4
27.02. 13:00,250.2
27.02. 13:15,250.2
27.02. 13:30,250.2
27.02. 13:45,250.2
27.02. 14:00,210.0
27.02. 14:15,210.0
27.02. 14:30,210.0
27.02. 14:45,210.0
27.02. 15:00,212.9
27.02. 15:15,212.9
27.02. 15:30,212.9
27.02. 15:45,212.9
27.02. 16:00,225.8
27.02. 16:15,225.8
27.02. 16:30,225.8
27.02. 16:45,225.8
27.02. 17:00,224.2
27.02. 17:15,224.2
27.02. 17:30,224.2
27.02. 17:45,224.2
27.02. 18:00,271.7
27.02. 18:15,271.7
27.02. 18:30,271.7
27.02. 18:45,271.7
27.02. 19:00,319.3
27.02. 19:15,319.3
27.02. 19:30,319.3
27.02. 19:45,319.3
27.02. 20:00,329.3
27.02. 20:15,329.3
27.02. 20:30,329.3
27.02. 20:45,329.3
27.02. 21:00,312.0
27.02. 21:15,312.0
27.02. 21:30,312.0
27.02. 21:45,312.0
27.02. 22:00,242.8
27.02. 22:15,242.8
27.02. 22:30,242.8
27.02. 22:45,242.8
27.02. 23:00,171.9
27.02. 23:15,171.9
27.02. 23:30,171.9
27.02. 23:45,171.9
28.02. 00:00,103.6
28.02. 00:15,103.6
28.02. 00:30,103.6
28.02. 00:45,103.6
28.02. 01:00,92.2
28.02. 01:15,92.2
28.02. 01:30,92.2
28.02. 01:45,92.2
28.02. 02:00,88.4
28.02. 02:15,88.4
28.02. 02:30,88.4
28.02. 02:45,88.4
28.02. 03:00,84.2
28.02. 03:15,84.2
28.02. 03:30,84.2
28.02. 03:45,84.2
28.02. 04:00,112.5
28.02. 04:15,112.5
28.02. 04:30,112.5
28.02. 04:45,112.5
28.02. 05:00,158.4
28.02. 05:15,158.4
28.02. 05:30,158.4
28.02. 05:45,158.4
28.02. 06:00,269.6
28.02. 06:15,269.6
28.02. 06:30,269.6
28.02. 06:45,269.6
28.02. 07:00,290.6
28.02. 07:15,290.6
28.02. 07:30,290.6
28.02. 07:45,290.6
28.02. 08:00,275.3
28.02. 08:15,275.3
28.02. 08:30,275.3
28.02. 08:45,275.3
28.02. 09:00,250.2
28.02. 09:15,250.2
28.02. 09:30,250.2
28.02. 09:45,250.2
28.02. 10:00,228.2
28.02. 10:15,228.2
28.02. 10:30,228.2
28.02. 10:45,228.2
28.02. 11:00,237.8
28.02. 11:15,237.8
28.02. 11:30,237.8
28.02. 11:45,237.8
28.02. 12:00,247.5
28.02. 12:15,247.5
28.02. 12:30,247.5
28.02. 12:45,247.5
28.02. 13:00,233.4
28.02. 13:15,233.4
28.02. 13:30,233.4
28.02. 13:45,233.4
28.02. 14:00,202.3
28.02. 14:15,202.3
28.02. 14:30,202.3
28.02. 14:45,202.3
28.02. 15:00,200.2
28.02. 15:15,200.2
28.02. 15:30,200.2
28.02. 15:45,200.2
28.02. 16:00,216.8
28.02. 16:15,216.8
28.02. 16:30,216.8
28.02. 16:45,216.8
28.02. 17:00,231.2
28.02. 17:15,231.2
28.02. 17:30,231.2
28.02. 17:45,231.2
28.02. 18:00,270.4
28.02. 18:15,270.4
28.02. 18:30,270.4
28.02. 18:45,270.4
28.02. 19:00,313.4
28.02. 19:15,313.4
28.02. 19:30,313.4
28.02. 19:45,313.4
28.02. 20:00,321.0
28.02. 20:15,321.0
28.02. 20:30,321.0
28.02. 20:45,321.0
28.02. 21:00,320.7
28.02. 21:15,320.7
28.02. 21:30,320.7
28.02. 21:45,320.7
28.02. 22:00,235.7
28.02. 22:15,235.7
28.02. 22:30,235.7
28.02. 22:45,235.7
28.02. 23:00,166.6
28.02. 23:15,166.6
28.02. 23:30,166.6
28.02. 23:45,166.6
01.03. 00:00,114.1
01.03. 00:15,114.1
01.03. 00:30,114.1
01.03. 00:45,114.1
01.03. 01:00,94.8
01.03. 01:15,94.8
01.03. 01:30,94.8
01.03. 01:45,94.8
01.03. 02:00,86.2
01.03. 02:15,86.2
01.03. 02:30,86.2
01.03. 02:45,86.2
01.03. 03:00,83.4
01.03. 03:15,83.4
01.03. 03:30,83.4
01.03. 03:45,83.4
01.03. 04:00,95.9
01.03. 04:15,95.9
01.03. 04:30,95.9
01.03. 04:45,95.9
01.03. 05:00,144.5
01.03. 05:15,144.5
01.03. 05:30,144.5
01.03. 05:45,144.5
01.03. 06:00,245.5
01.03. 06:15,245.5
01.03. 06:30,245.5
01.03. 06:45,245.5
01.03. 07:00,292.3
01.03. 07:15,292.3
01.03. 07:30,292.3
01.03. 07:45,292.3
01.03. 08:00,288.3
01.03. 08:15,288.3
01.03. 08:30,288.3
01.03. 08:45,288.3
01.03. 09:00,256.1
01.03. 09:15,256.1
01.03. 09:30,256.1
01.03. 09:45,256.1
01.03. 10:00,241.0
01.03. 10:15,241.0
01.03. 10:30,241.0
01.03. 10:45,241.0
01.03. 11:00,232.9
01.03. 11:15,232.9
01.03. 11:30,232.9
01.03. 11:45,232.9
01.03. 12:00,232.0
01.03. 12:15,232.0
01.03. 12:30,232.0
01.03. 12:45,232.0
01.03. 13:00,253.2
01.03. 13:15,253.2
01.03. 13:30,253.2
01.03. 13:45,253.2
01.03. 14:00,205.4
01.03. 14:15,205.4
01.03. 14:30,205.4
01.03. 14:45,205.4
01.03. 15:00,209.3
01.03. 15:15,209.3
01.03. 15:30,209.3
01.03. 15:45,209.3
01.03. 16:00,202.1
01.03. 16:15,202.1
01.03. 16:30,202.1
01.03. 16:45,202.1
01.03. 17:00,229.2
01.03. 17:15,229.2
01.03. 17:30,229.2
01.03. 17:45,229.2
01.03. 18:00,265.9
01.03. 18:15,265.9
01.03. 18:30,265.9
01.03. 18:45,265.9
01.03. 19:00,337.3
01.03. 19:15,337.3
01.03. 19:30,337.3
01.03. 19:45,337.3
01.03. 20:00,330.0
01.03. 20:15,330.0
01.03. 20:30,330.0
01.03. 20:45,330.0
01.03. 21:00,303.2
01.03. 21:15,303.2
01.03. 21:30,303.2
01.03. 21:45,303.2
01.03. 22:00,229.8
01.03. 22:15,229.8
01.03. 22:30,229.8
01.03. 22:45,229.8
01.03. 23:00,168.6
01.03. 23:15,168.6
01.03. 23:30,168.6
01.03. 23:45,168.6
02.03. 00:00,113.5
02.03. 00:15,113.5
02.03. 00:30,113.5
02.03. 00:45,113.5
02.03. 01:00,96.1
02.03. 01:15,96.1
02.03. 01:30,96.1
02.03. 01:45,96.1
02.03. 02:00,93.1
02.03. 02:15,93.1
02.03. 02:30,93.1
02.03. 02:45,93.1
02.03. 03:00,95.0
02.03. 03:15,95.0
02.03. 03:30,95.0
02.03. 03:45,95.0
02.03. 04:00,102.7
02.03. 04:15,102.7
02.03. 04:30,102.7
02.03. 04:45,102.7
02.03. 05:00,153.5
02.03. 05:15,153.5
02.03. 05:30,153.5
02.03. 05:45,153.5
02.03. 06:00,274.7
02.03. 06:15,274.7
02.03. 06:30,274.7
02.03. 06:45,274.7
02.03. 07:00,286.6
02.03. 07:15,286.6
02.03. 07:30,286.6
02.03. 07:45,286.6
02.03. 08:00,261.5
02.03. 08:15,261.5
02.03. 08:30,261.5
02.03. 08:45,261.5
02.03. 09:00,258.0
02.03. 09:15,258.0
02.03. 09:30,258.0
02.03. 09:45,258.0
02.03. 10:00,234.5
02.03. 10:15,234.5
02.03. 10:30,234.5
02.03. 10:45,234.5
02.03. 11:00,228.0
02.03. 11:15,228.0
02.03. 11:30,228.0
02.03. 11:45,228.0
02.03. 12:00,242.4
02.03. 12:15,242.4
02.03. 12:30,242.4
02.03. 12:45,242.4
02.03. 13:00,235.6
02.03. 13:15,235.6
02.03. 13:30,235.6
02.03. 13:45,235.6
02.03. 14:00,201.6
02.03. 14:15,201.6
02.03. 14:30,201.6
02.03. 14:45,201.6
02.03. 15:00,200.5
02.03. 15:15,200.5
02.03. 15:30,200.5
02.03. 15:45,200.5
02.03. 16:00,191.4
02.03. 16:15,191.4
02.03. 16:30,191.4
02.03. 16:45,191.4
02.03. 17:00,219.1
02.03. 17:15,219.1
02.03. 17:30,219.1
02.03. 17:45,219.1
02.03. 18:00,268.0
02.03. 18:15,268.0
02.03. 18:30,268.0
02.03. 18:45,268.0
02.03. 19:00,329.0
02.03. 19:15,329.0
02.03. 19:30,329.0
02.03. 19:45,329.0
02.03. 20:00,332.2
02.03. 20:15,332.2
02.03. 20:30,332.2
02.03. 20:45,332.2
02.03. 21:00,309.0
02.03. 21:15,309.0
02.03. 21:30,309.0
02.03. 21:45,309.0
02.03. 22:00,242.7
02.03. 22:15,242.7
02.03. 22:30,242.7
02.03. 22:45,242.7
02.03. 23:00,200.6
02.03. 23:15,200.6
02.03. 23:30,200.6
02.03. 23:45,200.6
03.03. 00:00,118.6
03.03. 00:15,118.6
03.03. 00:30,118.6
03.03. 00:45,118.6
03.03. 01:00,115.1
03.03. 01:15,115.1
03.03. 01:30,115.1
03.03. 01:45,115.1
03.03. 02:00,113.9
03.03. 02:15,113.9
03.03. 02:30,113.9
03.03. 02:45,113.9
03.03. 03:00,111.4
03.03. 03:15,111.4
03.03. 03:30,111.4
03.03. 03:45,111.4
03.03. 04:00,110.7
03.03. 04:15,110.7
03.03. 04:30,110.7
03.03. 04:45,110.7
03.03. 05:00,142.0
03.03. 05:15,142.0
03.03. 05:30,142.0
03.03. 05:45,142.0
03.03. 06:00,183.9
03.03. 06:15,183.9
03.03. 06:30,183.9
03.03. 06:45,183.9
03.03. 07:00,211.0
03.03. 07:15,211.0
03.03. 07:30,211.0
03.03. 07:45,211.0
03.03. 08:00,241.8
03.03. 08:15,241.8
03.03. 08:30,241.8
03.03. 08:45,241.8
03.03. 09:00,288.0
03.03. 09:15,288.0
03.03. 09:30,288.0
03.03. 09:45,288.0
03.03. 10:00,291.1
03.03. 10:15,291.1
03.03. 10:30,291.1
03.03. 10:45,291.1
03.03. 11:00,305.0
03.03. 11:15,305.0
03.03. 11:30,305.0
03.03. 11:45,305.0
03.03. 12:00,294.0
03.03. 12:15,294.0
03.03. 12:30,294.0
03.03. 12:45,294.0
03.03. 13:00,266.0
03.03. 13:15,266.0
03.03. 13:30,266.0
03.03. 13:45,266.0
03.03. 14:00,252.4
03.03. 14:15,252.4
03.03. 14:30,252.4
03.03. 14:45,252.4
03.03. 15:00,238.7
03.03. 15:15,238.7
03.03. 15:30,238.7
03.03. 15:45,238.7
03.03. 16:00,241.0
03.03. 16:15,241.0
03.03. 16:30,241.0
03.03. 16:45,241.0
03.03. 17:00,277.8
03.03. 17:15,277.8
03.03. 17:30,277.8
03.03. 17:45,277.8
03.03. 18:00,334.2
03.03. 18:15,334.2
03.03. 18:30,334.2
03.03. 18:45,334.2
03.03. 19:00,353.9
03.03. 19:15,353.9
03.03. 19:30,353.9
03.03. 19:45,353.9
03.03. 20:00,336.3
03.03. 20:15,336.3
03.03. 20:30,336.3
03.03. 20:45,336.3
03.03. 21:00,308.1
03.03. 21:15,308.1
03.03. 21:30,308.1
03.03. 21:45,308.1
03.03. 22:00,220.3
03.03. 22:15,220.3
03.03. 22:30,220.3
03.03. 22:45,220.3
03.03. 23:00,177.2
03.03. 23:15,177.2
03.03. 23:30,177.2
03.03. 23:45,177.2
04.03. 00:00,141.4
04.03. 00:15,141.4
04.03. 00:30,141.4
04.03. 00:45,141.4
04.03. 01:00,129.6
04.03. 01:15,129.6
04.03. 01:30,129.6
04.03. 01:45,129.6
04.03. 02:00,117.2
04.03. 02:15,117.2
04.03. 02:30,117.2
04.03. 02:45,117.2
04.03. 03:00,113.3
04.03. 03:15,113.3
04.03. 03:30,113.3
04.03. 03:45,113.3
04.03. 04:00,127.4
04.03. 04:15,127.4
04.03. 04:30,127.4
04.03. 04:45,127.4
04.03. 05:00,140.6
04.03. 05:15,140.6
04.03. 05:30,140.6
04.03. 05:45,140.6
04.03. 06:00,175.5
04.03. 06:15,175.5
04.03. 06:30,175.5
04.03. 06:45,175.5
04.03. 07:00,166.9
04.03. 07:15,166.9
04.03. 07:30,166.9
04.03. 07:45,166.9
04.03. 08:00,175.9
04.03. 08:15,175.9
04.03. 08:30,175.9
04.03. 08:45,175.9
04.03. 09:00,246.4
04.03. 09:15,246.4
04.03. 09:30,246.4
04.03. 09:45,246.4
04.03. 10:00,300.8
04.03. 10:15,300.8
04.03. 10:30,300.8
04.03. 10:45,300.8
04.03. 11:00,327.4
04.03. 11:15,327.4
04.03. 11:30,327.4
04.03. 11:45,327.4
04.03. 12:00,323.7
04.03. 12:15,323.7
04.03. 12:30,323.7
04.03. 12:45,323.7
04.03. 13:00,295.8
04.03. 13:15,295.8
04.03. 13:30,295.8
04.03. 13:45,295.8
04.03. 14:00,286.2
04.03. 14:15,286.2
04.03. 14:30,286.2
04.03. 14:45,286.2
04.03. 15:00,244.4
04.03. 15:15,244.4
04.03. 15:30,244.4
04.03. 15:45,244.4
04.03. 16:00,223.8
04.03. 16:15,223.8
04.03. 16:30,223.8
04.03. 16:45,223.8
04.03. 17:00,251.5
04.03. 17:15,251.5
04.03. 17:30,251.5
04.03. 17:45,251.5
04.03. 18:00,261.9
04.03. 18:15,261.9
04.03. 18:30,261.9
04.03. 18:45,261.9
04.03. 19:00,292.4
04.03. 19:15,292.4
04.03. 19:30,292.4
04.03. 19:45,292.4
04.03. 20:00,324.4
04.03. 20:15,324.4
04.03. 20:30,324.4
04.03. 20:45,324.4
04.03. 21:00,277.2
04.03. 21:15,277.2
04.03. 21:30,277.2
04.03. 21:45,277.2
04.03. 22:00,229.2
04.03. 22:15,229.2
04.03. 22:30,229.2
04.03. 22:45,229.2
04.03. 23:00,180.2
04.03. 23:15,180.2
04.03. 23:30,180.2
04.03. 23:45,180.2
05.03. 00:00,132.7
05.03. 00:15,132.7
05.03. 00:30,132.7
05.03. 00:45,132.7
05.03. 01:00,104.6
05.03. 01:15,104.6
05.03. 01:30,104.6
05.03. 01:45,104.6
05.03. 02:00,103.0
05.03. 02:15,103.0
05.03. 02:30,103.0
05.03. 02:45,103.0
05.03. 03:00,103.5
05.03. 03:15,103.5
05.03. 03:30,103.5
05.03. 03:45,103.5
05.03. 04:00,111.1
05.03. 04:15,111.1
05.03. 04:30,111.1
05.03. 04:45,111.1
05.03. 05:00,172.7
05.03. 05:15,172.7
05.03. 05:30,172.7
05.03. 05:45,172.7
05.03. 06:00,251.7
05.03. 06:15,251.7
05.03. 06:30,251.7
05.03. 06:45,251.7
05.03. 07:00,324.8
05.03. 07:15,324.8
05.03. 07:30,324.8
05.03. 07:45,324.8
05.03. 08:00,286.5
05.03. 08:15,286.5
05.03. 08:30,286.5
05.03. 08:45,286.5
05.03. 09:00,262.9
05.03. 09:15,262.9
05.03. 09:30,262.9
05.03. 09:45,262.9
05.03. 10:00,274.4
05.03. 10:15,274.4
05.03. 10:30,274.4
05.03. 10:45,274.4
05.03. 11:00,253.8
05.03. 11:15,253.8
05.03. 11:30,253.8
05.03. 11:45,253.8
05.03. 12:00,241.5
05.03. 12:15,241.5
05.03. 12:30,241.5
05.03. 12:45,241.5
05.03. 13:00,245.1
05.03. 13:15,245.1
05.03. 13:30,245.1
05.03. 13:45,245.1
05.03. 14:00,218.2
05.03. 14:15,218.2
05.03. 14:30,218.2
05.03. 14:45,218.2
05.03. 15:00,219.2
05.03. 15:15,219.2
05.03. 15:30,219.2
05.03. 15:45,219.2
05.03. 16:00,203.7
05.03. 16:15,203.7
05.03. 16:30,203.7
05.03. 16:45,203.7
05.03. 17:00,267.7
05.03. 17:15,267.7
05.03. 17:30,267.7
05.03. 17:45,267.7
05.03. 18:00,309.3
05.03. 18:15,309.3
05.03. 18:30,309.3
05.03. 18:45,309.3
05.03. 19:00,367.1
05.03. 19:15,367.1
05.03. 19:30,367.1
05.03. 19:45,367.1
05.03. 20:00,357.5
05.03. 20:15,357.5
05.03. 20:30,357.5
05.03. 20:45,357.5
05.03. 21:00,337.7
05.03. 21:15,337.7
05.03. 21:30,337.7
05.03. 21:45,337.7
05.03. 22:00,258.7
05.03. 22:15,258.7
05.03. 22:30,258.7
05.03. 22:45,258.7
05.03. 23:00,195.1
05.03. 23:15,195.1
05.03. 23:30,195.1
05.03. 23:45,195.1
06.03. 00:00,128.9
06.03. 00:15,128.9
06.03. 00:30,128.9
06.03. 00:45,128.9
06.03. 01:00,121.2
06.03. 01:15,121.2
06.03. 01:30,121.2
06.03. 01:45,121.2
06.03. 02:00,112.7
06.03. 02:15,112.7
06.03. 02:30,112.7
06.03. 02:45,112.7
06.03. 03:00,114.5
06.03. 03:15,114.5
06.03. 03:30,114.5
06.03. 03:45,114.5
06.03. 04:00,136.3
06.03. 04:15,136.3
06.03. 04:30,136.3
06.03. 04:45,136.3
06.03. 05:00,183.2
06.03. 05:15,183.2
06.03. 05:30,183.2
06.03. 05:45,183.2
06.03. 06:00,295.8
06.03. 06:15,295.8
06.03. 06:30,295.8
06.03. 06:45,295.8
06.03. 07:00,327.2
06.03. 07:15,327.2
06.03. 07:30,327.2
06.03. 07:45,327.2
06.03. 08:00,317.2
06.03. 08:15,317.2
06.03. 08:30,317.2
06.03. 08:45,317.2
06.03. 09:00,281.4
06.03. 09:15,281.4
06.03. 09:30,281.4
06.03. 09:45,281.4
06.03. 10:00,258.6
06.03. 10:15,258.6
06.03. 10:30,258.6
06.03. 10:45,258.6
06.03. 11:00,244.2
06.03. 11:15,244.2
06.03. 11:30,244.2
06.03. 11:45,244.2
06.03. 12:00,293.5
06.03. 12:15,293.5
06.03. 12:30,293.5
06.03. 12:45,293.5
06.03. 13:00,267.7
06.03. 13:15,267.7
06.03. 13:30,267.7
06.03. 13:45,267.7
06.03. 14:00,234.9
06.03. 14:15,234.9
06.03. 14:30,234.9
06.03. 14:45,234.9
06.03. 15:00,218.8
06.03. 15:15,218.8
06.03. 15:30,218.8
06.03. 15:45,218.8
06.03. 16:00,230.0
06.03. 16:15,230.0
06.03. 16:30,230.0
06.03. 16:45,230.0
06.03. 17:00,260.9
06.03. 17:15,260.9
06.03. 17:30,260.9
06.03. 17:45,260.9
06.03. 18:00,278.5
06.03. 18:15,278.5
06.03. 18:30,278.5
06.03. 18:45,278.5
06.03. 19:00,367.1
06.03. 19:15,367.1
06.03. 19:30,367.1
06.03. 19:45,367.1
06.03. 20:00,378.7
06.03. 20:15,378.7
06.03. 20:30,378.7
06.03. 20:45,378.7
06.03. 21:00,369.6
06.03. 21:15,369.6
06.03. 21:30,369.6
06.03. 21:45,369.6
06.03. 22:00,260.8
06.03. 22:15,260.8
06.03. 22:30,260.8
06.03. 22:45,260.8
06.03. 23:00,213.6
06.03. 23:15,213.6
06.03. 23:30,213.6
06.03. 23:45,213.6
07.03. 00:00,135.6
07.03. 00:15,135.6
07.03. 00:30,135.6
07.03. 00:45,135.6
07.03. 01:00,112.8
07.03. 01:15,112.8
07.03. 01:30,112.8
07.03. 01:45,112.8
07.03. 02:00,100.5
07.03. 02:15,100.5
07.03. 02:30,100.5
07.03. 02:45,100.5
07.03. 03:00,101.3
07.03. 03:15,101.3
07.03. 03:30,101.3
07.03. 03:45,101.3
07.03. 04:00,121.9
07.03. 04:15,121.9
07.03. 04:30,121.9
07.03. 04:45,121.9
07.03. 05:00,171.9
07.03. 05:15,171.9
07.03. 05:30,171.9
07.03. 05:45,171.9
07.03. 06:00,274.6
07.03. 06:15,274.6
07.03. 06:30,274.6
07.03. 06:45,274.6
07.03. 07:00,308.6
07.03. 07:15,308.6
07.03. 07:30,308.6
07.03. 07:45,308.6
07.03. 08:00,297.6
07.03. 08:15,297.6
07.03. 08:30,297.6
07.03. 08:45,297.6
07.03. 09:00,279.8
07.03. 09:15,279.8
07.03. 09:30,279.8
07.03. 09:45,279.8
07.03. 10:00,282.9
07.03. 10:15,282.9
07.03. 10:30,282.9
07.03. 10:45,282.9
07.03. 11:00,252.9
07.03. 11:15,252.9
07.03. 11:30,252.9
07.03. 11:45,252.9
07.03. 12:00,260.8
07.03. 12:15,260.8
07.03. 12:30,260.8
07.03. 12:45,260.8
07.03. 13:00,250.0
07.03. 13:15,250.0
07.03. 13:30,250.0
07.03. 13:45,250.0
07.03. 14:00,243.8
07.03. 14:15,243.8
07.03. 14:30,243.8
07.03. 14:45,243.8
07.03. 15:00,208.5
07.03. 15:15,208.5
07.03. 15:30,208.5
07.03. 15:45,208.5
07.03. 16:00,209.1
07.03. 16:15,209.1
07.03. 16:30,209.1
07.03. 16:45,209.1
07.03. 17:00,241.5
07.03. 17:15,241.5
07.03. 17:30,241.5
07.03. 17:45,241.5
07.03. 18:00,294.1
07.03. 18:15,294.1
07.03. 18:30,294.1
07.03. 18:45,294.1
07.03. 19:00,354.2
07.03. 19:15,354.2
07.03. 19:30,354.2
07.03. 19:45,354.2
07.03. 20:00,343.7
07.03. 20:15,343.7
07.03. 20:30,343.7
07.03. 20:45,343.7
07.03. 21:00,350.4
07.03. 21:15,350.4
07.03. 21:30,350.4
07.03. 21:45,350.4
07.03. 22:00,255.8
07.03. 22:15,255.8
07.03. 22:30,255.8
07.03. 22:45,255.8
07.03. 23:00,183.8
07.03. 23:15,183.8
07.03. 23:30,183.8
07.03. 23:45,183.8
08.03. 00:00,117.6
08.03. 00:15,117.6
08.03. 00:30,117.6
08.03. 00:45,117.6
08.03. 01:00,107.0
08.03. 01:15,107.0
08.03. 01:30,107.0
08.03. 01:45,107.0
08.03. 02:00,95.9
08.03. 02:15,95.9
08.03. 02:30,95.9
08.03. 02:45,95.9
08.03. 03:00,91.8
08.03. 03:15,91.8
08.03. 03:30,91.8
08.03. 03:45,91.8
08.03. 04:00,104.9
08.03. 04:15,104.9
08.03. 04:30,104.9
08.03. 04:45,104.9
08.03. 05:00,156.6
08.03. 05:15,156.6
08.03. 05:30,156.6
08.03. 05:45,156.6
08.03. 06:00,271.6
08.03. 06:15,271.6
08.03. 06:30,271.6
08.03. 06:45,271.6
08.03. 07:00,304.2
08.03. 07:15,304.2
08.03. 07:30,304.2
08.03. 07:45,304.2
08.03. 08:00,257.9
08.03. 08:15,257.9
08.03. 08:30,257.9
08.03. 08:45,257.9
08.03. 09:00,239.1
08.03. 09:15,239.1
08.03. 09:30,239.1
08.03. 09:45,239.1
08.03. 10:00,225.6
08.03. 10:15,225.6
08.03. 10:30,225.6
08.03. 10:45,225.6
08.03. 11:00,234.8
08.03. 11:15,234.8
08.03. 11:30,234.8
08.03. 11:45,234.8
08.03. 12:00,237.6
08.03. 12:15,237.6
08.03. 12:30,237.6
08.03. 12:45,237.6
08.03. 13:00,228.6
08.03. 13:15,228.6
08.03. 13:30,228.6
08.03. 13:45,228.6
08.03. 14:00,212.4
08.03. 14:15,212.4
08.03. 14:30,212.4
08.03. 14:45,212.4
08.03. 15:00,195.9
08.03. 15:15,195.9
08.03. 15:30,195.9
08.03. 15:45,195.9
08.03. 16:00,206.8
08.03. 16:15,206.8
08.03. 16:30,206.8
08.03. 16:45,206.8
08.03. 17:00,218.1
08.03. 17:15,218.1
08.03. 17:30,218.1
08.03. 17:45,218.1
08.03. 18:00,277.4
08.03. 18:15,277.4
08.03. 18:30,277.4
08.03. 18:45,277.4
08.03. 19:00,284.8
08.03. 19:15,284.8
08.03. 19:30,284.8
08.03. 19:45,284.8
08.03. 20:00,316.8
08.03. 20:15,316.8
08.03. 20:30,316.8
08.03. 20:45,316.8
08.03. 21:00,311.7
08.03. 21:15,311.7
08.03. 21:30,311.7
08.03. 21:45,311.7
08.03. 22:00,225.9
08.03. 22:15,225.9
08.03. 22:30,225.9
08.03. 22:45,225.9
08.03. 23:00,173.7
08.03. 23:15,173.7
08.03. 23:30,173.7
08.03. 23:45,173.7
09.03. 00:00,102.5
09.03. 00:15,102.5
09.03. 00:30,102.5
09.03. 00:45,102.5
09.03. 01:00,93.4
09.03. 01:15,93.4
09.03. 01:30,93.4
09.03. 01:45,93.4
09.03. 02:00,83.8
09.03. 02:15,83.8
09.03. 02:30,83.8
09.03. 02:45,83.8
09.03. 03:00,87.2
09.03. 03:15,87.2
09.03. 03:30,87.2
09.03. 03:45,87.2
09.03. 04:00,98.3
09.03. 04:15,98.3
09.03. 04:30,98.3
09.03. 04:45,98.3
09.03. 05:00,150.6
09.03. 05:15,150.6
09.03. 05:30,150.6
09.03. 05:45,150.6
09.03. 06:00,230.6
09.03. 06:15,230.6
09.03. 06:30,230.6
09.03. 06:45,230.6
09.03. 07:00,271.8
09.03. 07:15,271.8
09.03. 07:30,271.8
09.03. 07:45,271.8
09.03. 08:00,267.5
09.03. 08:15,267.5
09.03. 08:30,267.5
09.03. 08:45,267.5
09.03. 09:00,239.2
09.03. 09:15,239.2
09.03. 09:30,239.2
09.03. 09:45,239.2
09.03. 10:00,209.1
09.03. 10:15,209.1
09.03. 10:30,209.1
09.03. 10:45,209.1
09.03. 11:00,216.8
09.03. 11:15,216.8
09.03. 11:30,216.8
09.03. 11:45,216.8
09.03. 12:00,226.4
09.03. 12:15,226.4
09.03. 12:30,226.4
09.03. 12:45,226.4
09.03. 13:00,219.0
09.03. 13:15,219.0
09.03. 13:30,219.0
09.03. 13:45,219.0
09.03. 14:00,192.3
09.03. 14:15,192.3
09.03. 14:30,192.3
09.03. 14:45,192.3
09.03. 15:00,187.4
09.03. 15:15,187.4
09.03. 15:30,187.4
09.03. 15:45,187.4
09.03. 16:00,184.2
09.03. 16:15,184.2
09.03. 16:30,184.2
09.03. 16:45,184.2
09.03. 17:00,187.0
09.03. 17:15,187.0
09.03. 17:30,187.0
09.03. 17:45,187.0
09.03. 18:00,259.2
09.03. 18:15,259.2
09.03. 18:30,259.2
09.03. 18:45,259.2
09.03. 19:00,290.5
09.03. 19:15,290.5
09.03. 19:30,290.5
09.03. 19:45,290.5
09.03. 20:00,281.9
09.03. 20:15,281.9
09.03. 20:30,281.9
09.03. 20:45,281.9
09.03. 21:00,272.0
09.03. 21:15,272.0
09.03. 21:30,272.0
09.03. 21:45,272.0
09.03. 22:00,228.6
09.03. 22:15,228.6
09.03. 22:30,228.6
09.03. 22:45,228.6
09.03. 23:00,164.8
09.03. 23:15,164.8
09.03. 23:30,164.8
09.03. 23:45,164.8
10.03. 00:00,97.4
10.03. 00:15,97.4
10.03. 00:30,97.4
10.03. 00:45,97.4
10.03. 01:00,95.1
10.03. 01:15,95.1
10.03. 01:30,95.1
10.03. 01:45,95.1
10.03. 02:00,90.6
10.03. 02:15,90.6
10.03. 02:30,90.6
10.03. 02:45,90.6
10.03. 03:00,83.9
10.03. 03:15,83.9
10.03. 03:30,83.9
10.03. 03:45,83.9
10.03. 04:00,91.9
10.03. 04:15,91.9
10.03. 04:30,91.9
10.03. 04:45,91.9
10.03. 05:00,105.6
10.03. 05:15,105.6
10.03. 05:30,105.6
10.03. 05:45,105.6
10.03. 06:00,130.6
10.03. 06:15,130.6
10.03. 06:30,130.6
10.03. 06:45,130.6
10.03. 07:00,160.8
10.03. 07:15,160.8
10.03. 07:30,160.8
10.03. 07:45,160.8
10.03. 08:00,221.4
10.03. 08:15,221.4
10.03. 08:30,221.4
10.03. 08:45,221.4
10.03. 09:00,252.7
10.03. 09:15,252.7
10.03. 09:30,252.7
10.03. 09:45,252.7
10.03. 10:00,274.4
10.03. 10:15,274.4
10.03. 10:30,274.4
10.03. 10:45,274.4
10.03. 11:00,275.4
10.03. 11:15,275.4
10.03. 11:30,275.4
10.03. 11:45,275.4
10.03. 12:00,277.8
10.03. 12:15,277.8
10.03. 12:30,277.8
10.03. 12:45,277.8
10.03. 13:00,260.9
10.03. 13:15,260.9
10.03. 13:30,260.9
10.03. 13:45,260.9
10.03. 14:00,241.5
10.03. 14:15,241.5
10.03. 14:30,241.5
10.03. 14:45,241.5
10.03. 15:00,205.8
10.03. 15:15,205.8
10.03. 15:30,205.8
10.03. 15:45,205.8
10.03. 16:00,212.2
10.03. 16:15,212.2
10.03. 16:30,212.2
10.03. 16:45,212.2
10.03. 17:00,234.6
10.03. 17:15,234.6
10.03. 17:30,234.6
10.03. 17:45,234.6
10.03. 18:00,289.4
10.03. 18:15,289.4
10.03. 18:30,289.4
10.03. 18:45,289.4
10.03. 19:00,315.8
10.03. 19:15,315.8
10.03. 19:30,315.8
10.03. 19:45,315.8
10.03. 20:00,281.2
10.03. 20:15,281.2
10.03. 20:30,281.2
10.03. 20:45,281.2
10.03. 21:00,244.8
10.03. 21:15,244.8
10.03. 21:30,244.8
10.03. 21:45,244.8
10.03. 22:00,183.9
10.03. 22:15,183.9
10.03. 22:30,183.9
10.03. 22:45,183.9
10.03. 23:00,134.3
10.03. 23:15,134.3
10.03. 23:30,134.3
10.03. 23:45,134.3
11.03. 00:00,103.7
11.03. 00:15,103.7
11.03. 00:30,103.7
11.03. 00:45,103.7
11.03. 01:00,82.9
11.03. 01:15,82.9
11.03. 01:30,82.9
11.03. 01:45,82.9
11.03. 02:00,80.9
11.03. 02:15,80.9
11.03. 02:30,80.9
11.03. 02:45,80.9
11.03. 03:00,78.4
11.03. 03:15,78.4
11.03. 03:30,78.4
11.03. 03:45,78.4
11.03. 04:00,77.3
11.03. 04:15,77.3
11.03. 04:30,77.3
11.03. 04:45,77.3
11.03. 05:00,89.1
11.03. 05:15,89.1
11.03. 05:30,89.1
11.03. 05:45,89.1
11.03. 06:00,108.5
11.03. 06:15,108.5
11.03. 06:30,108.5
11.03. 06:45,108.5
11.03. 07:00,113.0
11.03. 07:15,113.0
11.03. 07:30,113.0
11.03. 07:45,113.0
11.03. 08:00,155.4
11.03. 08:15,155.4
11.03. 08:30,155.4
11.03. 08:45,155.4
11.03. 09:00,231.6
11.03. 09:15,231.6
11.03. 09:30,231.6
11.03. 09:45,231.6
11.03. 10:00,272.4
11.03. 10:15,272.4
11.03. 10:30,272.4
11.03. 10:45,272.4
11.03. 11:00,315.1
11.03. 11:15,315.1
11.03. 11:30,315.1
11.03. 11:45,315.1
11.03. 12:00,320.9
11.03. 12:15,320.9
11.03. 12:30,320.9
11.03. 12:45,320.9
11.03. 13:00,270.6
11.03. 13:15,270.6
11.03. 13:30,270.6
11.03. 13:45,270.6
11.03. 14:00,245.0
11.03. 14:15,245.0
11.03. 14:30,245.0
11.03. 14:45,245.0
11.03. 15:00,203.8
11.03. 15:15,203.8
11.03. 15:30,203.8
11.03. 15:45,203.8
11.03. 16:00,180.5
11.03. 16:15,180.5
11.03. 16:30,180.5
11.03. 16:45,180.5
11.03. 17:00,186.8
11.03. 17:15,186.8
11.03. 17:30,186.8
11.03. 17:45,186.8
11.03. 18:00,189.0
11.03. 18:15,189.0
11.03. 18:30,189.0
11.03. 18:45,189.0
11.03. 19:00,236.6
11.03. 19:15,236.6
11.03. 19:30,236.6
11.03. 19:45,236.6
11.03. 20:00,258.5
11.03. 20:15,258.5
11.03. 20:30,258.5
11.03. 20:45,258.5
11.03. 21:00,235.5
11.03. 21:15,235.5
11.03. 21:30,235.5
11.03. 21:45,235.5
11.03. 22:00,173.9
11.03. 22:15,173.9
11.03. 22:30,173.9
11.03. 22:45,173.9
11.03. 23:00,137.8
11.03. 23:15,137.8
11.03. 23:30,137.8
11.03. 23:45,137.8
12.03. 00:00,87.6
12.03. 00:15,87.6
12.03. 00:30,87.6
12.03. 00:45,87.6
12.03. 01:00,72.4
12.03. 01:15,72.4
12.03. 01:30,72.4
12.03. 01:45,72.4
12.03. 02:00,64.9
12.03. 02:15,64.9
12.03. 02:30,64.9
12.03. 02:45,64.9
12.03. 03:00,62.8
12.03. 03:15,62.8
12.03. 03:30,62.8
12.03. 03:45,62.8
12.03. 04:00,76.9
12.03. 04:15,76.9
12.03. 04:30,76.9
12.03. 04:45,76.9
12.03. 05:00,112.7
12.03. 05:15,112.7
12.03. 05:30,112.7
12.03. 05:45,112.7
12.03. 06:00,191.0
12.03. 06:15,191.0
12.03. 06:30,191.0
12.03. 06:45,191.0
12.03. 07:00,238.9
12.03. 07:15,238.9
12.03. 07:30,238.9
12.03. 07:45,238.9
12.03. 08:00,216.4
12.03. 08:15,216.4
12.03. 08:30,216.4
12.03. 08:45,216.4
12.03. 09:00,211.3
12.03. 09:15,211.3
12.03. 09:30,211.3
12.03. 09:45,211.3
12.03. 10:00,200.7
12.03. 10:15,200.7
12.03. 10:30,200.7
12.03. 10:45,200.7
12.03. 11:00,206.5
12.03. 11:15,206.5
12.03. 11:30,206.5
12.03. 11:45,206.5
12.03. 12:00,215.3
12.03. 12:15,215.3
12.03. 12:30,215.3
12.03. 12:45,215.3
12.03. 13:00,197.8
12.03. 13:15,197.8
12.03. 13:30,197.8
12.03. 13:45,197.8
12.03. 14:00,185.7
12.03. 14:15,185.7
12.03. 14:30,185.7
12.03. 14:45,185.7
12.03. 15:00,172.9
12.03. 15:15,172.9
12.03. 15:30,172.9
12.03. 15:45,172.9
12.03. 16:00,161.0
12.03. 16:15,161.0
12.03. 16:30,161.0
12.03. 16:45,161.0
12.03. 17:00,180.7
12.03. 17:15,180.7
12.03. 17:30,180.7
12.03. 17:45,180.7
12.03. 18:00,223.8
12.03. 18:15,223.8
12.03. 18:30,223.8
12.03. 18:45,223.8
12.03. 19:00,276.8
12.03. 19:15,276.8
12.03. 19:30,276.8
12.03. 19:45,276.8
12.03. 20:00,248.5
12.03. 20:15,248.5
12.03. 20:30,248.5
12.03. 20:45,248.5
12.03. 21:00,269.2
12.03. 21:15,269.2
12.03. 21:30,269.2
12.03. 21:45,269.2
12.03. 22:00,213.8
12.03. 22:15,213.8
12.03. 22:30,213.8
12.03. 22:45,213.8
12.03. 23:00,156.7
12.03. 23:15,156.7
12.03. 23:30,156.7
12.03. 23:45,156.7
13.03. 00:00,86.6
13.03. 00:15,86.6
13.03. 00:30,86.6
13.03. 00:45,86.6
13.03. 01:00,77.6
13.03. 01:15,77.6
13.03. 01:30,77.6
13.03. 01:45,77.6
13.03. 02:00,68.0
13.03. 02:15,68.0
13.03. 02:30,68.0
13.03. 02:45,68.0
13.03. 03:00,66.6
13.03. 03:15,66.6
13.03. 03:30,66.6
13.03. 03:45,66.6
13.03. 04:00,79.0
13.03. 04:15,79.0
13.03. 04:30,79.0
13.03. 04:45,79.0
13.03. 05:00,114.6
13.03. 05:15,114.6
13.03. 05:30,114.6
13.03. 05:45,114.6
13.03. 06:00,208.8
13.03. 06:15,208.8
13.03. 06:30,208.8
13.03. 06:45,208.8
13.03. 07:00,248.0
13.03. 07:15,248.0
13.03. 07:30,248.0
13.03. 07:45,248.0
13.03. 08:00,246.7
13.03. 08:15,246.7
13.03. 08:30,246.7
13.03. 08:45,246.7
13.03. 09:00,224.1
13.03. 09:15,224.1
13.03. 09:30,224.1
13.03. 09:45,224.1
13.03. 10:00,181.9
13.03. 10:15,181.9
13.03. 10:30,181.9
13.03. 10:45,181.9
13.03. 11:00,190.7
13.03. 11:15,190.7
13.03. 11:30,190.7
13.03. 11:45,190.7
13.03. 12:00,205.3
13.03. 12:15,205.3
13.03. 12:30,205.3
13.03. 12:45,205.3
13.03. 13:00,202.5
13.03. 13:15,202.5
13.03. 13:30,202.5
13.03. 13:45,202.5
13.03. 14:00,168.8
13.03. 14:15,168.8
13.03. 14:30,168.8
13.03. 14:45,168.8
13.03. 15:00,159.9
13.03. 15:15,159.9
13.03. 15:30,159.9
13.03. 15:45,159.9
13.03. 16:00,162.6
13.03. 16:15,162.6
13.03. 16:30,162.6
13.03. 16:45,162.6
13.03. 17:00,177.4
13.03. 17:15,177.4
13.03. 17:30,177.4
13.03. 17:45,177.4
13.03. 18:00,219.6
13.03. 18:15,219.6
13.03. 18:30,219.6
13.03. 18:45,219.6
13.03. 19:00,258.1
13.03. 19:15,258.1
13.03. 19:30,258.1
13.03. 19:45,258.1
13.03. 20:00,265.0
13.03. 20:15,265.0
13.03. 20:30,265.0
13.03. 20:45,265.0
13.03. 21:00,259.2
13.03. 21:15,259.2
13.03. 21:30,259.2
13.03. 21:45,259.2
13.03. 22:00,208.3
13.03. 22:15,208.3
13.03. 22:30,208.3
13.03. 22:45,208.3
13.03. 23:00,153.9
13.03. 23:15,153.9
13.03. 23:30,153.9
13.03. 23:45,153.9
14.03. 00:00,86.3
14.03. 00:15,86.3
14.03. 00:30,86.3
14.03. 00:45,86.3
14.03. 01:00,69.0
14.03. 01:15,69.0
14.03. 01:30,69.0
14.03. 01:45,69.0
14.03. 02:00,64.5
14.03. 02:15,64.5
14.03. 02:30,64.5
14.03. 02:45,64.5
14.03. 03:00,64.2
14.03. 03:15,64.2
14.03. 03:30,64.2
14.03. 03:45,64.2
14.03. 04:00,81.7
14.03. 04:15,81.7
14.03. 04:30,81.7
14.03. 04:45,81.7
14.03. 05:00,123.1
14.03. 05:15,123.1
14.03. 05:30,123.1
14.03. 05:45,123.1
14.03. 06:00,196.4
14.03. 06:15,196.4
14.03. 06:30,196.4
14.03. 06:45,196.4
14.03. 07:00,246.6
14.03. 07:15,246.6
14.03. 07:30,246.6
14.03. 07:45,246.6
14.03. 08:00,238.1
14.03. 08:15,238.1
14.03. 08:30,238.1
14.03. 08:45,238.1
14.03. 09:00,226.7
14.03. 09:15,226.7
14.03. 09:30,226.7
14.03. 09:45,226.7
14.03. 10:00,209.3
14.03. 10:15,209.3
14.03. 10:30,209.3
14.03. 10:45,209.3
14.03. 11:00,205.3
14.03. 11:15,205.3
14.03. 11:30,205.3
14.03. 11:45,205.3
14.03. 12:00,206.5
14.03. 12:15,206.5
14.03. 12:30,206.5
14.03. 12:45,206.5
14.03. 13:00,204.6
14.03. 13:15,204.6
14.03. 13:30,204.6
14.03. 13:45,204.6
14.03. 14:00,199.9
14.03. 14:15,199.9
14.03. 14:30,199.9
14.03. 14:45,199.9
14.03. 15:00,186.2
14.03. 15:15,186.2
14.03. 15:30,186.2
14.03. 15:45,186.2
14.03. 16:00,172.2
14.03. 16:15,172.2
14.03. 16:30,172.2
14.03. 16:45,172.2
14.03. 17:00,198.3
14.03. 17:15,198.3
14.03. 17:30,198.3
14.03. 17:45,198.3
14.03. 18:00,247.7
14.03. 18:15,247.7
14.03. 18:30,247.7
14.03. 18:45,247.7
14.03. 19:00,302.9
14.03. 19:15,302.9
14.03. 19:30,302.9
14.03. 19:45,302.9
14.03. 20:00,288.4
14.03. 20:15,288.4
14.03. 20:30,288.4
14.03. 20:45,288.4
14.03. 21:00,284.2
14.03. 21:15,284.2
14.03. 21:30,284.2
14.03. 21:45,284.2
14.03. 22:00,217.0
14.03. 22:15,217.0
14.03. 22:30,217.0
14.03. 22:45,217.0
14.03. 23:00,159.7
14.03. 23:15,159.7
14.03. 23:30,159.7
14.03. 23:45,159.7
15.03. 00:00,91.8
15.03. 00:15,91.8
15.03. 00:30,91.8
15.03. 00:45,91.8
15.03. 01:00,86.6
15.03. 01:15,86.6
15.03. 01:30,86.6
15.03. 01:45,86.6
15.03. 02:00,74.9
15.03. 02:15,74.9
15.03. 02:30,74.9
15.03. 02:45,74.9
15.03. 03:00,70.0
15.03. 03:15,70.0
15.03. 03:30,70.0
15.03. 03:45,70.0
15.03. 04:00,77.1
15.03. 04:15,77.1
15.03. 04:30,77.1
15.03. 04:45,77.1
15.03. 05:00,118.0
15.03. 05:15,118.0
15.03. 05:30,118.0
15.03. 05:45,118.0
15.03. 06:00,209.2
15.03. 06:15,209.2
15.03. 06:30,209.2
15.03. 06:45,209.2
15.03. 07:00,263.7
15.03. 07:15,263.7
15.03. 07:30,263.7
15.03. 07:45,263.7
15.03. 08:00,251.2
15.03. 08:15,251.2
15.03. 08:30,251.2
15.03. 08:45,251.2
15.03. 09:00,249.7
15.03. 09:15,249.7
15.03. 09:30,249.7
15.03. 09:45,249.7
15.03. 10:00,217.2
15.03. 10:15,217.2
15.03. 10:30,217.2
15.03. 10:45,217.2
15.03. 11:00,228.2
15.03. 11:15,228.2
15.03. 11:30,228.2
15.03. 11:45,228.2
15.03. 12:00,239.5
15.03. 12:15,239.5
15.03. 12:30,239.5
15.03. 12:45,239.5
15.03. 13:00,238.9
15.03. 13:15,238.9
15.03. 13:30,238.9
15.03. 13:45,238.9
15.03. 14:00,197.2
15.03. 14:15,197.2
15.03. 14:30,197.2
15.03. 14:45,197.2
15.03. 15:00,190.4
15.03. 15:15,190.4
15.03. 15:30,190.4
15.03. 15:45,190.4
15.03. 16:00,184.6
15.03. 16:15,184.6
15.03. 16:30,184.6
15.03. 16:45,184.6
15.03. 17:00,219.9
15.03. 17:15,219.9
15.03. 17:30,219.9
15.03. 17:45,219.9
15.03. 18:00,233.5
15.03. 18:15,233.5
15.03. 18:30,233.5
15.03. 18:45,233.5
15.03. 19:00,305.8
15.03. 19:15,305.8
15.03. 19:30,305.8
15.03. 19:45,305.8
15.03. 20:00,306.8
15.03. 20:15,306.8
15.03. 20:30,306.8
15.03. 20:45,306.8
15.03. 21:00,299.7
15.03. 21:15,299.7
15.03. 21:30,299.7
15.03. 21:45,299.7
15.03. 22:00,221.0
15.03. 22:15,221.0
15.03. 22:30,221.0
15.03. 22:45,221.0
15.03. 23:00,177.3
15.03. 23:15,177.3
15.03. 23:30,177.3
15.03. 23:45,177.3
16.03. 00:00,110.4
16.03. 00:15,110.4
16.03. 00:30,110.4
16.03. 00:45,110.4
16.03. 01:00,98.3
16.03. 01:15,98.3
16.03. 01:30,98.3
16.03. 01:45,98.3
16.03. 02:00,87.5
16.03. 02:15,87.5
16.03. 02:30,87.5
16.03. 02:45,87.5
16.03. 03:00,96.9
16.03. 03:15,96.9
16.03. 03:30,96.9
16.03. 03:45,96.9
16.03. 04:00,106.3
16.03. 04:15,106.3
16.03. 04:30,106.3
16.03. 04:45,106.3
16.03. 05:00,150.3
16.03. 05:15,150.3
16.03. 05:30,150.3
16.03. 05:45,150.3
16.03. 06:00,235.8
16.03. 06:15,235.8
16.03. 06:30,235.8
16.03. 06:45,235.8
16.03. 07:00,265.2
16.03. 07:15,265.2
16.03. 07:30,265.2
16.03. 07:45,265.2
16.03. 08:00,231.9
16.03. 08:15,231.9
16.03. 08:30,231.9
16.03. 08:45,231.9
16.03. 09:00,227.4
16.03. 09:15,227.4
16.03. 09:30,227.4
16.03. 09:45,227.4
16.03. 10:00,219.2
16.03. 10:15,219.2
16.03. 10:30,219.2
16.03. 10:45,219.2
16.03. 11:00,211.8
16.03. 11:15,211.8
16.03. 11:30,211.8
16.03. 11:45,211.8
16.03. 12:00,203.2
16.03. 12:15,203.2
16.03. 12:30,203.2
16.03. 12:45,203.2
16.03. 13:00,216.2
16.03. 13:15,216.2
16.03. 13:30,216.2
16.03. 13:45,216.2
16.03. 14:00,183.5
16.03. 14:15,183.5
16.03. 14:30,183.5
16.03. 14:45,183.5
16.03. 15:00,186.9
16.03. 15:15,186.9
16.03. 15:30,186.9
16.03. 15:45,186.9
16.03. 16:00,175.2
16.03. 16:15,175.2
16.03. 16:30,175.2
16.03. 16:45,175.2
16.03. 17:00,203.5
16.03. 17:15,203.5
16.03. 17:30,203.5
16.03. 17:45,203.5
16.03. 18:00,226.2
16.03. 18:15,226.2
16.03. 18:30,226.2
16.03. 18:45,226.2
16.03. 19:00,279.3
16.03. 19:15,279.3
16.03. 19:30,279.3
16.03. 19:45,279.3
16.03. 20:00,282.1
16.03. 20:15,282.1
16.03. 20:30,282.1
16.03. 20:45,282.1
16.03. 21:00,262.4
16.03. 21:15,262.4
16.03. 21:30,262.4
16.03. 21:45,262.4
16.03. 22:00,209.5
16.03. 22:15,209.5
16.03. 22:30,209.5
16.03. 22:45,209.5
16.03. 23:00,141.4
16.03. 23:15,141.4
16.03. 23:30,141.4
16.03. 23:45,141.4
17.03. 00:00,87.1
17.03. 00:15,87.1
17.03. 00:30,87.1
17.03. 00:45,87.1
17.03. 01:00,77.5
17.03. 01:15,77.5
17.03. 01:30,77.5
17.03. 01:45,77.5
17.03. 02:00,65.9
17.03. 02:15,65.9
17.03. 02:30,65.9
17.03. 02:45,65.9
17.03. 03:00,67.4
17.03. 03:15,67.4
17.03. 03:30,67.4
17.03. 03:45,67.4
17.03. 04:00,71.0
17.03. 04:15,71.0
17.03. 04:30,71.0
17.03. 04:45,71.0
17.03. 05:00,83.2
17.03. 05:15,83.2
17.03. 05:30,83.2
17.03. 05:45,83.2
17.03. 06:00,114.6
17.03. 06:15,114.6
17.03. 06:30,114.6
17.03. 06:45,114.6
17.03. 07:00,162.2
17.03. 07:15,162.2
17.03. 07:30,162.2
17.03. 07:45,162.2
17.03. 08:00,204.2
17.03. 08:15,204.2
17.03. 08:30,204.2
17.03. 08:45,204.2
17.03. 09:00,283.9
17.03. 09:15,283.9
17.03. 09:30,283.9
17.03. 09:45,283.9
17.03. 10:00,276.8
17.03. 10:15,276.8
17.03. 10:30,276.8
17.03. 10:45,276.8
17.03. 11:00,292.7
17.03. 11:15,292.7
17.03. 11:30,292.7
17.03. 11:45,292.7
17.03. 12:00,304.2
17.03. 12:15,304.2
17.03. 12:30,304.2
17.03. 12:45,304.2
17.03. 13:00,254.0
17.03. 13:15,254.0
17.03. 13:30,254.0
17.03. 13:45,254.0
17.03. 14:00,252.4
17.03. 14:15,252.4
17.03. 14:30,252.4
17.03. 14:45,252.4
17.03. 15:00,236.1
17.03. 15:15,236.1
17.03. 15:30,236.1
17.03. 15:45,236.1
17.03. 16:00,211.8
17.03. 16:15,211.8
17.03. 16:30,211.8
17.03. 16:45,211.8
17.03. 17:00,266.3
17.03. 17:15,266.3
17.03. 17:30,266.3
17.03. 17:45,266.3
17.03. 18:00,329.0
17.03. 18:15,329.0
17.03. 18:30,329.0
17.03. 18:45,329.0
17.03. 19:00,291.6
17.03. 19:15,291.6
17.03. 19:30,291.6
17.03. 19:45,291.6
17.03. 20:00,298.7
17.03. 20:15,298.7
17.03. 20:30,298.7
17.03. 20:45,298.7
17.03. 21:00,273.4
17.03. 21:15,273.4
17.03. 21:30,273.4
17.03. 21:45,273.4
17.03. 22:00,186.5
17.03. 22:15,186.5
17.03. 22:30,186.5
17.03. 22:45,186.5
17.03. 23:00,165.0
17.03. 23:15,165.0
17.03. 23:30,165.0
17.03. 23:45,165.0
18.03. 00:00,123.6
18.03. 00:15,123.6
18.03. 00:30,123.6
18.03. 00:45,123.6
18.03. 01:00,122.4
18.03. 01:15,122.4
18.03. 01:30,122.4
18.03. 01:45,122.4
18.03. 02:00,106.6
18.03. 02:15,106.6
18.03. 02:30,106.6
18.03. 02:45,106.6
18.03. 03:00,107.5
18.03. 03:15,107.5
18.03. 03:30,107.5
18.03. 03:45,107.5
18.03. 04:00,99.3
18.03. 04:15,99.3
18.03. 04:30,99.3
18.03. 04:45,99.3
18.03. 05:00,116.4
18.03. 05:15,116.4
18.03. 05:30,116.4
18.03. 05:45,116.4
18.03. 06:00,134.2
18.03. 06:15,134.2
18.03. 06:30,134.2
18.03. 06:45,134.2
18.03. 07:00,129.8
18.03. 07:15,129.8
18.03. 07:30,129.8
18.03. 07:45,129.8
18.03. 08:00,155.4
18.03. 08:15,155.4
18.03. 08:30,155.4
18.03. 08:45,155.4
18.03. 09:00,215.6
18.03. 09:15,215.6
18.03. 09:30,215.6
18.03. 09:45,215.6
18.03. 10:00,253.7
18.03. 10:15,253.7
18.03. 10:30,253.7
18.03. 10:45,253.7
18.03. 11:00,294.8
18.03. 11:15,294.8
18.03. 11:30,294.8
18.03. 11:45,294.8
18.03. 12:00,296.0
18.03. 12:15,296.0
18.03. 12:30,296.0
18.03. 12:45,296.0
18.03. 13:00,285.4
18.03. 13:15,285.4
18.03. 13:30,285.4
18.03. 13:45,285.4
18.03. 14:00,249.3
18.03. 14:15,249.3
18.03. 14:30,249.3
18.03. 14:45,249.3
18.03. 15:00,203.8
18.03. 15:15,203.8
18.03. 15:30,203.8
18.03. 15:45,203.8
18.03. 16:00,200.6
18.03. 16:15,200.6
18.03. 16:30,200.6
18.03. 16:45,200.6
18.03. 17:00,178.3
18.03. 17:15,178.3
18.03. 17:30,178.3
18.03. 17:45,178.3
18.03. 18:00,215.6
18.03. 18:15,215.6
18.03. 18:30,215.6
18.03. 18:45,215.6
18.03. 19:00,240.3
18.03. 19:15,240.3
18.03. 19:30,240.3
18.03. 19:45,240.3
18.03. 20:00,275.7
18.03. 20:15,275.7
18.03. 20:30,275.7
18.03. 20:45,275.7
18.03. 21:00,215.5
18.03. 21:15,215.5
18.03. 21:30,215.5
18.03. 21:45,215.5
18.03. 22:00,196.3
18.03. 22:15,196.3
18.03. 22:30,196.3
18.03. 22:45,196.3
18.03. 23:00,143.2
18.03. 23:15,143.2
18.03. 23:30,143.2
18.03. 23:45,143.2
19.03. 00:00,93.0
19.03. 00:15,93.0
19.03. 00:30,93.0
19.03. 00:45,93.0
19.03. 01:00,75.0
19.03. 01:15,75.0
19.03. 01:30,75.0
19.03. 01:45,75.0
19.03. 02:00,74.4
19.03. 02:15,74.4
19.03. 02:30,74.4
19.03. 02:45,74.4
19.03. 03:00,76.8
19.03. 03:15,76.8
19.03. 03:30,76.8
19.03. 03:45,76.8
19.03. 04:00,85.2
19.03. 04:15,85.2
19.03. 04:30,85.2
19.03. 04:45,85.2
19.03. 05:00,134.1
19.03. 05:15,134.1
19.03. 05:30,134.1
19.03. 05:45,134.1
19.03. 06:00,227.2
19.03. 06:15,227.2
19.03. 06:30,227.2
19.03. 06:45,227.2
19.03. 07:00,254.2
19.03. 07:15,254.2
19.03. 07:30,254.2
19.03. 07:45,254.2
19.03. 08:00,241.9
19.03. 08:15,241.9
19.03. 08:30,241.9
19.03. 08:45,241.9
19.03. 09:00,229.9
19.03. 09:15,229.9
19.03. 09:30,229.9
19.03. 09:45,229.9
19.03. 10:00,208.4
19.03. 10:15,208.4
19.03. 10:30,208.4
19.03. 10:45,208.4
19.03. 11:00,213.0
19.03. 11:15,213.0
19.03. 11:30,213.0
19.03. 11:45,213.0
19.03. 12:00,211.7
19.03. 12:15,211.7
19.03. 12:30,211.7
19.03. 12:45,211.7
19.03. 13:00,187.8
19.03. 13:15,187.8
19.03. 13:30,187.8
19.03. 13:45,187.8
19.03. 14:00,198.2
19.03. 14:15,198.2
19.03. 14:30,198.2
19.03. 14:45,198.2
19.03. 15:00,180.5
19.03. 15:15,180.5
19.03. 15:30,180.5
19.03. 15:45,180.5
19.03. 16:00,179.9
19.03. 16:15,179.9
19.03. 16:30,179.9
19.03. 16:45,179.9
19.03. 17:00,221.2
19.03. 17:15,221.2
19.03. 17:30,221.2
19.03. 17:45,221.2
19.03. 18:00,247.7
19.03. 18:15,247.7
19.03. 18:30,247.7
19.03. 18:45,247.7
19.03. 19:00,287.2
19.03. 19:15,287.2
19.03. 19:30,287.2
19.03. 19:45,287.2
19.03. 20:00,300.6
19.03. 20:15,300.6
19.03. 20:30,300.6
19.03. 20:45,300.6
19.03. 21:00,307.3
19.03. 21:15,307.3
19.03. 21:30,307.3
19.03. 21:45,307.3
19.03. 22:00,215.9
19.03. 22:15,215.9
19.03. 22:30,215.9
19.03. 22:45,215.9
19.03. 23:00,160.6
19.03. 23:15,160.6
19.03. 23:30,160.6
19.03. 23:45,160.6
20.03. 00:00,95.8
20.03. 00:15,95.8
20.03. 00:30,95.8
20.03. 00:45,95.8
20.03. 01:00,85.3
20.03. 01:15,85.3
20.03. 01:30,85.3
20.03. 01:45,85.3
20.03. 02:00,79.2
20.03. 02:15,79.2
20.03. 02:30,79.2
20.03. 02:45,79.2
20.03. 03:00,82.2
20.03. 03:15,82.2
20.03. 03:30,82.2
20.03. 03:45,82.2
20.03. 04:00,85.7
20.03. 04:15,85.7
20.03. 04:30,85.7
20.03. 04:45,85.7
20.03. 05:00,136.3
20.03. 05:15,136.3
20.03. 05:30,136.3
20.03. 05:45,136.3
20.03. 06:00,226.3
20.03. 06:15,226.3
20.03. 06:30,226.3
20.03. 06:45,226.3
20.03. 07:00,267.4
20.03. 07:15,267.4
20.03. 07:30,267.4
20.03. 07:45,267.4
20.03. 08:00,242.0
20.03. 08:15,242.0
20.03. 08:30,242.0
20.03. 08:45,242.0
20.03. 09:00,231.4
20.03. 09:15,231.4
20.03. 09:30,231.4
20.03. 09:45,231.4
20.03. 10:00,209.8
20.03. 10:15,209.8
20.03. 10:30,209.8
20.03. 10:45,209.8
20.03. 11:00,211.0
20.03. 11:15,211.0
20.03. 11:30,211.0
20.03. 11:45,211.0
20.03. 12:00,221.2
20.03. 12:15,221.2
20.03. 12:30,221.2
20.03. 12:45,221.2
20.03. 13:00,230.8
20.03. 13:15,230.8
20.03. 13:30,230.8
20.03. 13:45,230.8
20.03. 14:00,190.8
20.03. 14:15,190.8
20.03. 14:30,190.8
20.03. 14:45,190.8
20.03. 15:00,181.9
20.03. 15:15,181.9
20.03. 15:30,181.9
20.03. 15:45,181.9
20.03. 16:00,181.2
20.03. 16:15,181.2
20.03. 16:30,181.2
20.03. 16:45,181.2
20.03. 17:00,207.4
20.03. 17:15,207.4
20.03. 17:30,207.4
20.03. 17:45,207.4
20.03. 18:00,248.9
20.03. 18:15,248.9
20.03. 18:30,248.9
20.03. 18:45,248.9
20.03. 19:00,286.3
20.03. 19:15,286.3
20.03. 19:30,286.3
20.03. 19:45,286.3
20.03. 20:00,293.4
20.03. 20:15,293.4
20.03. 20:30,293.4
20.03. 20:45,293.4
20.03. 21:00,287.6
20.03. 21:15,287.6
20.03. 21:30,287.6
20.03. 21:45,287.6
20.03. 22:00,205.4
20.03. 22:15,205.4
20.03. 22:30,205.4
20.03. 22:45,205.4
20.03. 23:00,163.0
20.03. 23:15,163.0
20.03. 23:30,163.0
20.03. 23:45,163.0
21.03. 00:00,88.6
21.03. 00:15,88.6
21.03. 00:30,88.6
21.03. 00:45,88.6
21.03. 01:00,82.5
21.03. 01:15,82.5
21.03. 01:30,82.5
21.03. 01:45,82.5
21.03. 02:00,73.4
21.03. 02:15,73.4
21.03. 02:30,73.4
21.03. 02:45,73.4
21.03. 03:00,75.4
21.03. 03:15,75.4
21.03. 03:30,75.4
21.03. 03:45,75.4
21.03. 04:00,84.2
21.03. 04:15,84.2
21.03. 04:30,84.2
21.03. 04:45,84.2
21.03. 05:00,134.1
21.03. 05:15,134.1
21.03. 05:30,134.1
21.03. 05:45,134.1
21.03. 06:00,208.9
21.03. 06:15,208.9
21.03. 06:30,208.9
21.03. 06:45,208.9
21.03. 07:00,259.9
21.03. 07:15,259.9
21.03. 07:30,259.9
21.03. 07:45,259.9
21.03. 08:00,240.4
21.03. 08:15,240.4
21.03. 08:30,240.4
21.03. 08:45,240.4
21.03. 09:00,221.4
21.03. 09:15,221.4
21.03. 09:30,221.4
21.03. 09:45,221.4
21.03. 10:00,198.0
21.03. 10:15,198.0
21.03. 10:30,198.0
21.03. 10:45,198.0
21.03. 11:00,203.5
21.03. 11:15,203.5
21.03. 11:30,203.5
21.03. 11:45,203.5
21.03. 12:00,196.0
21.03. 12:15,196.0
21.03. 12:30,196.0
21.03. 12:45,196.0
21.03. 13:00,185.6
21.03. 13:15,185.6
21.03. 13:30,185.6
21.03. 13:45,185.6
21.03. 14:00,167.8
21.03. 14:15,167.8
21.03. 14:30,167.8
21.03. 14:45,167.8
21.03. 15:00,160.1
21.03. 15:15,160.1
21.03. 15:30,160.1
21.03. 15:45,160.1
21.03. 16:00,151.0
21.03. 16:15,151.0
21.03. 16:30,151.0
21.03. 16:45,151.0
21.03. 17:00,177.9
21.03. 17:15,177.9
21.03. 17:30,177.9
21.03. 17:45,177.9
21.03. 18:00,219.3
21.03. 18:15,219.3
21.03. 18:30,219.3
21.03. 18:45,219.3
21.03. 19:00,267.5
21.03. 19:15,267.5
21.03. 19:30,267.5
21.03. 19:45,267.5
21.03. 20:00,290.3
21.03. 20:15,290.3
21.03. 20:30,290.3
21.03. 20:45,290.3
21.03. 21:00,247.8
21.03. 21:15,247.8
21.03. 21:30,247.8
21.03. 21:45,247.8
21.03. 22:00,202.3
21.03. 22:15,202.3
21.03. 22:30,202.3
21.03. 22:45,202.3
21.03. 23:00,129.0
21.03. 23:15,129.0
21.03. 23:30,129.0
21.03. 23:45,129.0
22.03. 00:00,79.8
22.03. 00:15,79.8
22.03. 00:30,79.8
22.03. 00:45,79.8
22.03. 01:00,64.4
22.03. 01:15,64.4
22.03. 01:30,64.4
22.03. 01:45,64.4
22.03. 02:00,58.5
22.03. 02:15,58.5
22.03. 02:30,58.5
22.03. 02:45,58.5
22.03. 03:00,64.9
22.03. 03:15,64.9
22.03. 03:30,64.9
22.03. 03:45,64.9
22.03. 04:00,72.7
22.03. 04:15,72.7
22.03. 04:30,72.7
22.03. 04:45,72.7
22.03. 05:00,108.1
22.03. 05:15,108.1
22.03. 05:30,108.1
22.03. 05:45,108.1
22.03. 06:00,180.3
22.03. 06:15,180.3
22.03. 06:30,180.3
22.03. 06:45,180.3
22.03. 07:00,214.7
22.03. 07:15,214.7
22.03. 07:30,214.7
22.03. 07:45,214.7
22.03. 08:00,226.4
22.03. 08:15,226.4
22.03. 08:30,226.4
22.03. 08:45,226.4
22.03. 09:00,194.3
22.03. 09:15,194.3
22.03. 09:30,194.3
22.03. 09:45,194.3
22.03. 10:00,190.8
22.03. 10:15,190.8
22.03. 10:30,190.8
22.03. 10:45,190.8
22.03. 11:00,185.9
22.03. 11:15,185.9
22.03. 11:30,185.9
22.03. 11:45,185.9
22.03. 12:00,206.0
22.03. 12:15,206.0
22.03. 12:30,206.0
22.03. 12:45,206.0
22.03. 13:00,187.3
22.03. 13:15,187.3
22.03. 13:30,187.3
22.03. 13:45,187.3
22.03. 14:00,178.4
22.03. 14:15,178.4
22.03. 14:30,178.4
22.03. 14:45,178.4
22.03. 15:00,166.7
22.03. 15:15,166.7
22.03. 15:30,166.7
22.03. 15:45,166.7
22.03. 16:00,154.7
22.03. 16:15,154.7
22.03. 16:30,154.7
22.03. 16:45,154.7
22.03. 17:00,161.2
22.03. 17:15,161.2
22.03. 17:30,161.2
22.03. 17:45,161.2
22.03. 18:00,206.3
22.03. 18:15,206.3
22.03. 18:30,206.3
22.03. 18:45,206.3
22.03. 19:00,277.9
22.03. 19:15,277.9
22.03. 19:30,277.9
22.03. 19:45,277.9
22.03. 20:00,279.7
22.03. 20:15,279.7
22.03. 20:30,279.7
22.03. 20:45,279.7
22.03. 21:00,263.0
22.03. 21:15,263.0
22.03. 21:30,263.0
22.03. 21:45,263.0
22.03. 22:00,197.7
22.03. 22:15,197.7
22.03. 22:30,197.7
22.03. 22:45,197.7
22.03. 23:00,156.5
22.03. 23:15,156.5
22.03. 23:30,156.5
22.03. 23:45,156.5
23.03. 00:00,93.4
23.03. 00:15,93.4
23.03. 00:30,93.4
23.03. 00:45,93.4
23.03. 01:00,90.8
23.03. 01:15,90.8
23.03. 01:30,90.8
23.03. 01:45,90.8
23.03. 02:00,80.0
23.03. 02:15,80.0
23.03. 02:30,80.0
23.03. 02:45,80.0
23.03. 03:00,83.4
23.03. 03:15,83.4
23.03. 03:30,83.4
23.03. 03:45,83.4
23.03. 04:00,89.7
23.03. 04:15,89.7
23.03. 04:30,89.7
23.03. 04:45,89.7
23.03. 05:00,125.5
23.03. 05:15,125.5
23.03. 05:30,125.5
23.03. 05:45,125.5
23.03. 06:00,229.9
23.03. 06:15,229.9
23.03. 06:30,229.9
23.03. 06:45,229.9
23.03. 07:00,239.3
23.03. 07:15,239.3
23.03. 07:30,239.3
23.03. 07:45,239.3
23.03. 08:00,227.4
23.03. 08:15,227.4
23.03. 08:30,227.4
23.03. 08:45,227.4
23.03. 09:00,205.0
23.03. 09:15,205.0
23.03. 09:30,205.0
23.03. 09:45,205.0
23.03. 10:00,196.3
23.03. 10:15,196.3
23.03. 10:30,196.3
23.03. 10:45,196.3
23.03. 11:00,189.9
23.03. 11:15,189.9
23.03. 11:30,189.9
23.03. 11:45,189.9
23.03. 12:00,196.0
23.03. 12:15,196.0
23.03. 12:30,196.0
23.03. 12:45,196.0
23.03. 13:00,200.4
23.03. 13:15,200.4
23.03. 13:30,200.4
23.03. 13:45,200.4
23.03. 14:00,158.5
23.03. 14:15,158.5
23.03. 14:30,158.5
23.03. 14:45,158.5
23.03. 15:00,163.2
23.03. 15:15,163.2
23.03. 15:30,163.2
23.03. 15:45,163.2
23.03. 16:00,162.6
23.03. 16:15,162.6
23.03. 16:30,162.6
23.03. 16:45,162.6
23.03. 17:00,169.9
23.03. 17:15,169.9
23.03. 17:30,169.9
23.03. 17:45,169.9
23.03. 18:00,233.9
23.03. 18:15,233.9
23.03. 18:30,233.9
23.03. 18:45,233.9
23.03. 19:00,255.1
23.03. 19:15,255.1
23.03. 19:30,255.1
23.03. 19:45,255.1
23.03. 20:00,296.4
23.03. 20:15,296.4
23.03. 20:30,296.4
23.03. 20:45,296.4
23.03. 21:00,265.1
23.03. 21:15,265.1
23.03. 21:30,265.1
23.03. 21:45,265.1
23.03. 22:00,225.1
23.03. 22:15,225.1
23.03. 22:30,225.1
23.03. 22:45,225.1
23.03. 23:00,147.5
23.03. 23:15,147.5
23.03. 23:30,147.5
23.03. 23:45,147.5
24.03. 00:00,107.6
24.03. 00:15,107.6
24.03. 00:30,107.6
24.03. 00:45,107.6
24.03. 01:00,102.9
24.03. 01:15,102.9
24.03. 01:30,102.9
24.03. 01:45,102.9
24.03. 02:00,90.0
24.03. 02:15,90.0
24.03. 02:30,90.0
24.03. 02:45,90.0
24.03. 03:00,90.8
24.03. 03:15,90.8
24.03. 03:30,90.8
24.03. 03:45,90.8
24.03. 04:00,95.0
24.03. 04:15,95.0
24.03. 04:30,95.0
24.03. 04:45,95.0
24.03. 05:00,111.6
24.03. 05:15,111.6
24.03. 05:30,111.6
24.03. 05:45,111.6
24.03. 06:00,133.7
24.03. 06:15,133.7
24.03. 06:30,133.7
24.03. 06:45,133.7
24.03. 07:00,161.7
24.03. 07:15,161.7
24.03. 07:30,161.7
24.03. 07:45,161.7
24.03. 08:00,206.7
24.03. 08:15,206.7
24.03. 08:30,206.7
24.03. 08:45,206.7
24.03. 09:00,234.6
24.03. 09:15,234.6
24.03. 09:30,234.6
24.03. 09:45,234.6
24.03. 10:00,248.4
24.03. 10:15,248.4
24.03. 10:30,248.4
24.03. 10:45,248.4
24.03. 11:00,266.9
24.03. 11:15,266.9
24.03. 11:30,266.9
24.03. 11:45,266.9
24.03. 12:00,260.0
24.03. 12:15,260.0
24.03. 12:30,260.0
24.03. 12:45,260.0
24.03. 13:00,272.3
24.03. 13:15,272.3
24.03. 13:30,272.3
24.03. 13:45,272.3
24.03. 14:00,233.7
24.03. 14:15,233.7
24.03. 14:30,233.7
24.03. 14:45,233.7
24.03. 15:00,211.0
24.03. 15:15,211.0
24.03. 15:30,211.0
24.03. 15:45,211.0
24.03. 16:00,195.0
24.03. 16:15,195.0
24.03. 16:30,195.0
24.03. 16:45,195.0
24.03. 17:00,238.5
24.03. 17:15,238.5
24.03. 17:30,238.5
24.03. 17:45,238.5
24.03. 18:00,273.8
24.03. 18:15,273.8
24.03. 18:30,273.8
24.03. 18:45,273.8
24.03. 19:00,284.7
24.03. 19:15,284.7
24.03. 19:30,284.7
24.03. 19:45,284.7
24.03. 20:00,280.0
24.03. 20:15,280.0
24.03. 20:30,280.0
24.03. 20:45,280.0
24.03. 21:00,244.4
24.03. 21:15,244.4
24.03. 21:30,244.4
24.03. 21:45,244.4
24.03. 22:00,194.3
24.03. 22:15,194.3
24.03. 22:30,194.3
24.03. 22:45,194.3
24.03. 23:00,144.4
24.03. 23:15,144.4
24.03. 23:30,144.4
24.03. 23:45,144.4
25.03. 00:00,100.5
25.03. 00:15,100.5
25.03. 00:30,100.5
25.03. 00:45,100.5
25.03. 01:00,104.8
25.03. 01:15,104.8
25.03. 01:30,104.8
25.03. 01:45,104.8
25.03. 02:00,99.0
25.03. 02:15,99.0
25.03. 02:30,99.0
25.03. 02:45,99.0
25.03. 03:00,94.2
25.03. 03:15,94.2
25.03. 03:30,94.2
25.03. 03:45,94.2
25.03. 04:00,95.9
25.03. 04:15,95.9
25.03. 04:30,95.9
25.03. 04:45,95.9
25.03. 05:00,102.8
25.03. 05:15,102.8
25.03. 05:30,102.8
25.03. 05:45,102.8
25.03. 06:00,120.1
25.03. 06:15,120.1
25.03. 06:30,120.1
25.03. 06:45,120.1
25.03. 07:00,117.1
25.03. 07:15,117.1
25.03. 07:30,117.1
25.03. 07:45,117.1
25.03. 08:00,132.9
25.03. 08:15,132.9
25.03. 08:30,132.9
25.03. 08:45,132.9
25.03. 09:00,195.6
25.03. 09:15,195.6
25.03. 09:30,195.6
25.03. 09:45,195.6
25.03. 10:00,252.8
25.03. 10:15,252.8
25.03. 10:30,252.8
25.03. 10:45,252.8
25.03. 11:00,271.1
25.03. 11:15,271.1
25.03. 11:30,271.1
25.03. 11:45,271.1
25.03. 12:00,250.8
25.03. 12:15,250.8
25.03. 12:30,250.8
25.03. 12:45,250.8
25.03. 13:00,248.7
25.03. 13:15,248.7
25.03. 13:30,248.7
25.03. 13:45,248.7
25.03. 14:00,229.0
25.03. 14:15,229.0
25.03. 14:30,229.0
25.03. 14:45,229.0
25.03. 15:00,189.5
25.03. 15:15,189.5
25.03. 15:30,189.5
25.03. 15:45,189.5
25.03. 16:00,169.0
25.03. 16:15,169.0
25.03. 16:30,169.0
25.03. 16:45,169.0
25.03. 17:00,176.3
25.03. 17:15,176.3
25.03. 17:30,176.3
25.03. 17:45,176.3
25.03. 18:00,192.6
25.03. 18:15,192.6
25.03. 18:30,192.6
25.03. 18:45,192.6
25.03. 19:00,212.7
25.03. 19:15,212.7
25.03. 19:30,212.7
25.03. 19:45,212.7
25.03. 20:00,238.7
25.03. 20:15,238.7
25.03. 20:30,238.7
25.03. 20:45,238.7
25.03. 21:00,227.9
25.03. 21:15,227.9
25.03. 21:30,227.9
25.03. 21:45,227.9
25.03. 22:00,192.0
25.03. 22:15,192.0
25.03. 22:30,192.0
25.03. 22:45,192.0
25.03. 23:00,146.0
25.03. 23:15,146.0
25.03. 23:30,146.0
25.03. 23:45,146.0
26.03. 00:00,97.9
26.03. 00:15,97.9
26.03. 00:30,97.9
26.03. 00:45,97.9
26.03. 01:00,82.3
26.03. 01:15,82.3
26.03. 01:30,82.3
26.03. 01:45,82.3
26.03. 02:00,76.7
26.03. 02:15,76.7
26.03. 02:30,76.7
26.03. 02:45,76.7
26.03. 03:00,75.3
26.03. 03:15,75.3
26.03. 03:30,75.3
26.03. 03:45,75.3
26.03. 04:00,95.9
26.03. 04:15,95.9
26.03. 04:30,95.9
26.03. 04:45,95.9
26.03. 05:00,125.1
26.03. 05:15,125.1
26.03. 05:30,125.1
26.03. 05:45,125.1
26.03. 06:00,203.2
26.03. 06:15,203.2
26.03. 06:30,203.2
26.03. 06:45,203.2
26.03. 07:00,237.3
26.03. 07:15,237.3
26.03. 07:30,237.3
26.03. 07:45,237.3
26.03. 08:00,222.5
26.03. 08:15,222.5
26.03. 08:30,222.5
26.03. 08:45,222.5
26.03. 09:00,199.8
26.03. 09:15,199.8
26.03. 09:30,199.8
26.03. 09:45,199.8
26.03. 10:00,170.5
26.03. 10:15,170.5
26.03. 10:30,170.5
26.03. 10:45,170.5
26.03. 11:00,190.0
26.03. 11:15,190.0
26.03. 11:30,190.0
26.03. 11:45,190.0
26.03. 12:00,186.5
26.03. 12:15,186.5
26.03. 12:30,186.5
26.03. 12:45,186.5
26.03. 13:00,199.8
26.03. 13:15,199.8
26.03. 13:30,199.8
26.03. 13:45,199.8
26.03. 14:00,169.3
26.03. 14:15,169.3
26.03. 14:30,169.3
26.03. 14:45,169.3
26.03. 15:00,146.9
26.03. 15:15,146.9
26.03. 15:30,146.9
26.03. 15:45,146.9
26.03. 16:00,159.4
26.03. 16:15,159.4
26.03. 16:30,159.4
26.03. 16:45,159.4
26.03. 17:00,165.5
26.03. 17:15,165.5
26.03. 17:30,165.5
26.03. 17:45,165.5
26.03. 18:00,207.9
26.03. 18:15,207.9
26.03. 18:30,207.9
26.03. 18:45,207.9
26.03. 19:00,258.4
26.03. 19:15,258.4
26.03. 19:30,258.4
26.03. 19:45,258.4
26.03. 20:00,264.4
26.03. 20:15,264.4
26.03. 20:30,264.4
26.03. 20:45,264.4
26.03. 21:00,244.0
26.03. 21:15,244.0
26.03. 21:30,244.0
26.03. 21:45,244.0
26.03. 22:00,195.2
26.03. 22:15,195.2
26.03. 22:30,195.2
26.03. 22:45,195.2
26.03. 23:00,152.2
26.03. 23:15,152.2
26.03. 23:30,152.2
26.03. 23:45,152.2
27.03. 00:00,83.8
27.03. 00:15,83.8
27.03. 00:30,83.8
27.03. 00:45,83.8
27.03. 01:00,74.0
27.03. 01:15,74.0
27.03. 01:30,74.0
27.03. 01:45,74.0
27.03. 02:00,68.5
27.03. 02:15,68.5
27.03. 02:30,68.5
27.03. 02:45,68.5
27.03. 03:00,67.7
27.03. 03:15,67.7
27.03. 03:30,67.7
27.03. 03:45,67.7
27.03. 04:00,81.4
27.03. 04:15,81.4
27.03. 04:30,81.4
27.03. 04:45,81.4
27.03. 05:00,109.3
27.03. 05:15,109.3
27.03. 05:30,109.3
27.03. 05:45,109.3
27.03. 06:00,195.3
27.03. 06:15,195.3
27.03. 06:30,195.3
27.03. 06:45,195.3
27.03. 07:00,238.6
27.03. 07:15,238.6
27.03. 07:30,238.6
27.03. 07:45,238.6
27.03. 08:00,227.3
27.03. 08:15,227.3
27.03. 08:30,227.3
27.03. 08:45,227.3
27.03. 09:00,193.9
27.03. 09:15,193.9
27.03. 09:30,193.9
27.03. 09:45,193.9
27.03. 10:00,183.6
27.03. 10:15,183.6
27.03. 10:30,183.6
27.03. 10:45,183.6
27.03. 11:00,194.7
27.03. 11:15,194.7
27.03. 11:30,194.7
27.03. 11:45,194.7
27.03. 12:00,190.7
27.03. 12:15,190.7
27.03. 12:30,190.7
27.03. 12:45,190.7
27.03. 13:00,200.6
27.03. 13:15,200.6
27.03. 13:30,200.6
27.03. 13:45,200.6
27.03. 14:00,182.7
27.03. 14:15,182.7
27.03. 14:30,182.7
27.03. 14:45,182.7
27.03. 15:00,159.8
27.03. 15:15,159.8
27.03. 15:30,159.8
27.03. 15:45,159.8
27.03. 16:00,162.1
27.03. 16:15,162.1
27.03. 16:30,162.1
27.03. 16:45,162.1
27.03. 17:00,172.2
27.03. 17:15,172.2
27.03. 17:30,172.2
27.03. 17:45,172.2
27.03. 18:00,224.0
27.03. 18:15,224.0
27.03. 18:30,224.0
27.03. 18:45,224.0
27.03. 19:00,270.6
27.03. 19:15,270.6
27.03. 19:30,270.6
27.03. 19:45,270.6
27.03. 20:00,269.1
27.03. 20:15,269.1
27.03. 20:30,269.1
27.03. 20:45,269.1
27.03. 21:00,260.0
27.03. 21:15,260.0
27.03. 21:30,260.0
27.03. 21:45,260.0
27.03. 22:00,203.9
27.03. 22:15,203.9
27.03. 22:30,203.9
27.03. 22:45,203.9
27.03. 23:00,146.6
27.03. 23:15,146.6
27.03. 23:30,146.6
27.03. 23:45,146.6
28.03. 00:00,100.0
28.03. 00:15,100.0
28.03. 00:30,100.0
28.03. 00:45,100.0
28.03. 01:00,81.4
28.03. 01:15,81.4
28.03. 01:30,81.4
28.03. 01:45,81.4
28.03. 02:00,73.3
28.03. 02:15,73.3
28.03. 02:30,73.3
28.03. 02:45,73.3
28.03. 03:00,78.4
28.03. 03:15,78.4
28.03. 03:30,78.4
28.03. 03:45,78.4
28.03. 04:00,93.6
28.03. 04:15,93.6
28.03. 04:30,93.6
28.03. 04:45,93.6
28.03. 05:00,132.8
28.03. 05:15,132.8
28.03. 05:30,132.8
28.03. 05:45,132.8
28.03. 06:00,217.5
28.03. 06:15,217.5
28.03. 06:30,217.5
28.03. 06:45,217.5
28.03. 07:00,243.9
28.03. 07:15,243.9
28.03. 07:30,243.9
28.03. 07:45,243.9
28.03. 08:00,215.1
28.03. 08:15,215.1
28.03. 08:30,215.1
28.03. 08:45,215.1
28.03. 09:00,189.4
28.03. 09:15,189.4
28.03. 09:30,189.4
28.03. 09:45,189.4
28.03. 10:00,182.6
28.03. 10:15,182.6
28.03. 10:30,182.6
28.03. 10:45,182.6
28.03. 11:00,188.1
28.03. 11:15,188.1
28.03. 11:30,188.1
28.03. 11:45,188.1
28.03. 12:00,188.4
28.03. 12:15,188.4
28.03. 12:30,188.4
28.03. 12:45,188.4
28.03. 13:00,209.8
28.03. 13:15,209.8
28.03. 13:30,209.8
28.03. 13:45,209.8
28.03. 14:00,169.0
28.03. 14:15,169.0
28.03. 14:30,169.0
28.03. 14:45,169.0
28.03. 15:00,163.8
28.03. 15:15,163.8
28.03. 15:30,163.8
28.03. 15:45,163.8
28.03. 16:00,153.9
28.03. 16:15,153.9
28.03. 16:30,153.9
28.03. 16:45,153.9
28.03. 17:00,185.5
28.03. 17:15,185.5
28.03. 17:30,185.5
28.03. 17:45,185.5
28.03. 18:00,218.4
28.03. 18:15,218.4
28.03. 18:30,218.4
28.03. 18:45,218.4
28.03. 19:00,267.4
28.03. 19:15,267.4
28.03. 19:30,267.4
28.03. 19:45,267.4
28.03. 20:00,272.5
28.03. 20:15,272.5
28.03. 20:30,272.5
28.03. 20:45,272.5
28.03. 21:00,273.5
28.03. 21:15,273.5
28.03. 21:30,273.5
28.03. 21:45,273.5
28.03. 22:00,206.5
28.03. 22:15,206.5
28.03. 22:30,206.5
28.03. 22:45,206.5
28.03. 23:00,151.8
28.03. 23:15,151.8
28.03. 23:30,151.8
28.03. 23:45,151.8
29.03. 00:00,86.5
29.03. 00:15,86.5
29.03. 00:30,86.5
29.03. 00:45,86.5
29.03. 01:00,75.0
29.03. 01:15,75.0
29.03. 01:30,75.0
29.03. 01:45,75.0
29.03. 02:00,70.0
29.03. 02:15,70.0
29.03. 02:30,70.0
29.03. 02:45,70.0
29.03. 03:00,72.3
29.03. 03:15,72.3
29.03. 03:30,72.3
29.03. 03:45,72.3
29.03. 04:00,77.4
29.03. 04:15,77.4
29.03. 04:30,77.4
29.03. 04:45,77.4
29.03. 05:00,113.0
29.03. 05:15,113.0
29.03. 05:30,113.0
29.03. 05:45,113.0
29.03. 06:00,187.8
29.03. 06:15,187.8
29.03. 06:30,187.8
29.03. 06:45,187.8
29.03. 07:00,240.0
29.03. 07:15,240.0
29.03. 07:30,240.0
29.03. 07:45,240.0
29.03. 08:00,236.4
29.03. 08:15,236.4
29.03. 08:30,236.4
29.03. 08:45,236.4
29.03. 09:00,204.9
29.03. 09:15,204.9
29.03. 09:30,204.9
29.03. 09:45,204.9
29.03. 10:00,202.8
29.03. 10:15,202.8
29.03. 10:30,202.8
29.03. 10:45,202.8
29.03. 11:00,211.8
29.03. 11:15,211.8
29.03. 11:30,211.8
29.03. 11:45,211.8
29.03. 12:00,216.2
29.03. 12:15,216.2
29.03. 12:30,216.2
29.03. 12:45,216.2
29.03. 13:00,211.6
29.03. 13:15,211.6
29.03. 13:30,211.6
29.03. 13:45,211.6
29.03. 14:00,179.7
29.03. 14:15,179.7
29.03. 14:30,179.7
29.03. 14:45,179.7
29.03. 15:00,168.6
29.03. 15:15,168.6
29.03. 15:30,168.6
29.03. 15:45,168.6
29.03. 16:00,173.5
29.03. 16:15,173.5
29.03. 16:30,173.5
29.03. 16:45,173.5
29.03. 17:00,192.8
29.03. 17:15,192.8
29.03. 17:30,192.8
29.03. 17:45,192.8
29.03. 18:00,245.3
29.03. 18:15,245.3
29.03. 18:30,245.3
29.03. 18:45,245.3
29.03. 19:00,277.4
29.03. 19:15,277.4
29.03. 19:30,277.4
29.03. 19:45,277.4
29.03. 20:00,294.8
29.03. 20:15,294.8
29.03. 20:30,294.8
29.03. 20:45,294.8
29.03. 21:00,269.2
29.03. 21:15,269.2
29.03. 21:30,269.2
29.03. 21:45,269.2
29.03. 22:00,203.0
29.03. 22:15,203.0
29.03. 22:30,203.0
29.03. 22:45,203.0
29.03. 23:00,144.4
29.03. 23:15,144.4
29.03. 23:30,144.4
29.03. 23:45,144.4
30.03. 00:00,102.9
30.03. 00:15,102.9
30.03. 00:30,102.9
30.03. 00:45,102.9
30.03. 01:00,86.3
30.03. 01:15,86.3
30.03. 01:30,86.3
30.03. 01:45,86.3
30.03. 02:00,81.3
30.03. 02:15,81.3
30.03. 02:30,81.3
30.03. 02:45,81.3
30.03. 03:00,74.9
30.03. 03:15,74.9
30.03. 03:30,74.9
30.03. 03:45,74.9
30.03. 04:00,83.4
30.03. 04:15,83.4
30.03. 04:30,83.4
30.03. 04:45,83.4
30.03. 05:00,104.2
30.03. 05:15,104.2
30.03. 05:30,104.2
30.03. 05:45,104.2
30.03. 06:00,106.7
30.03. 06:15,106.7
30.03. 06:30,106.7
30.03. 06:45,106.7
30.03. 07:00,125.5
30.03. 07:15,125.5
30.03. 07:30,125.5
30.03. 07:45,125.5
30.03. 08:00,149.2
30.03. 08:15,149.2
30.03. 08:30,149.2
30.03. 08:45,149.2
30.03. 09:00,216.7
30.03. 09:15,216.7
30.03. 09:30,216.7
30.03. 09:45,216.7
30.03. 10:00,257.8
30.03. 10:15,257.8
30.03. 10:30,257.8
30.03. 10:45,257.8
30.03. 11:00,304.7
30.03. 11:15,304.7
30.03. 11:30,304.7
30.03. 11:45,304.7
30.03. 12:00,289.0
30.03. 12:15,289.0
30.03. 12:30,289.0
30.03. 12:45,289.0
30.03. 13:00,288.2
30.03. 13:15,288.2
30.03. 13:30,288.2
30.03. 13:45,288.2
30.03. 14:00,232.1
30.03. 14:15,232.1
30.03. 14:30,232.1
30.03. 14:45,232.1
30.03. 15:00,203.7
30.03. 15:15,203.7
30.03. 15:30,203.7
30.03. 15:45,203.7
30.03. 16:00,187.1
30.03. 16:15,187.1
30.03. 16:30,187.1
30.03. 16:45,187.1
30.03. 17:00,197.2
30.03. 17:15,197.2
30.03. 17:30,197.2
30.03. 17:45,197.2
30.03. 18:00,212.4
30.03. 18:15,212.4
30.03. 18:30,212.4
30.03. 18:45,212.4
30.03. 19:00,230.1
30.03. 19:15,230.1
30.03. 19:30,230.1
30.03. 19:45,230.1
30.03. 20:00,258.6
30.03. 20:15,258.6
30.03. 20:30,258.6
30.03. 20:45,258.6
30.03. 21:00,210.5
30.03. 21:15,210.5
30.03. 21:30,210.5
30.03. 21:45,210.5
30.03. 22:00,186.6
30.03. 22:15,186.6
30.03. 22:30,186.6
30.03. 22:45,186.6
30.03. 23:00,123.4
30.03. 23:15,123.4
30.03. 23:30,123.4
30.03. 23:45,123.4
31.03. 00:00,99.0
31.03. 00:15,99.0
31.03. 00:30,99.0
31.03. 00:45,99.0
31.03. 01:00,92.0
31.03. 01:15,92.0
31.03. 01:30,92.0
31.03. 01:45,92.0
31.03. 02:00,88.4
31.03. 02:15,88.4
31.03. 02:30,88.4
31.03. 02:45,88.4
31.03. 03:00,75.8
31.03. 03:15,75.8
31.03. 03:30,75.8
31.03. 03:45,75.8
31.03. 04:00,82.3
31.03. 04:15,82.3
31.03. 04:30,82.3
31.03. 04:45,82.3
31.03. 05:00,112.8
31.03. 05:15,112.8
31.03. 05:30,112.8
31.03. 05:45,112.8
31.03. 06:00,145.4
31.03. 06:15,145.4
31.03. 06:30,145.4
31.03. 06:45,145.4
31.03. 07:00,175.4
31.03. 07:15,175.4
31.03. 07:30,175.4
31.03. 07:45,175.4
31.03. 08:00,244.5
31.03. 08:15,244.5
31.03. 08:30,244.5
31.03. 08:45,244.5
31.03. 09:00,287.0
31.03. 09:15,287.0
31.03. 09:30,287.0
31.03. 09:45,287.0
31.03. 10:00,308.9
31.03. 10:15,308.9
31.03. 10:30,308.9
31.03. 10:45,308.9
31.03. 11:00,317.9
31.03. 11:15,317.9
31.03. 11:30,317.9
31.03. 11:45,317.9
31.03. 12:00,284.0
31.03. 12:15,284.0
31.03. 12:30,284.0
31.03. 12:45,284.0
31.03. 13:00,296.8
31.03. 13:15,296.8
31.03. 13:30,296.8
31.03. 13:45,296.8
31.03. 14:00,258.5
31.03. 14:15,258.5
31.03. 14:30,258.5
31.03. 14:45,258.5
31.03. 15:00,248.0
31.03. 15:15,248.0
31.03. 15:30,248.0
31.03. 15:45,248.0
31.03. 16:00,269.0
31.03. 16:15,269.0
31.03. 16:30,269.0
31.03. 16:45,269.0
31.03. 17:00,261.2
31.03. 17:15,261.2
31.03. 17:30,261.2
31.03. 17:45,261.2
31.03. 18:00,281.4
31.03. 18:15,281.4
31.03. 18:30,281.4
31.03. 18:45,281.4
31.03. 19:00,308.0
31.03. 19:15,308.0
31.03. 19:30,308.0
31.03. 19:45,308.0
31.03. 20:00,315.1
31.03. 20:15,315.1
31.03. 20:30,315.1
31.03. 20:45,315.1
31.03. 21:00,268.4
31.03. 21:15,268.4
31.03. 21:30,268.4
31.03. 21:45,268.4
31.03. 22:00,215.7
31.03. 22:15,215.7
31.03. 22:30,215.7
31.03. 22:45,215.7
31.03. 23:00,148.0
31.03. 23:15,148.0
31.03. 23:30,148.0
31.03. 23:45,148.0
01.04. 00:00,131.3
01.04. 00:15,131.3
01.04. 00:30,131.3
01.04. 00:45,131.3
01.04. 01:00,111.2
01.04. 01:15,111.2
01.04. 01:30,111.2
01.04. 01:45,111.2
01.04. 02:00,101.6
01.04. 02:15,101.6
01.04. 02:30,101.6
01.04. 02:45,101.6
01.04. 03:00,100.5
01.04. 03:15,100.5
01.04. 03:30,100.5
01.04. 03:45,100.5
01.04. 04:00,102.7
01.04. 04:15,102.7
01.04. 04:30,102.7
01.04. 04:45,102.7
01.04. 05:00,128.5
01.04. 05:15,128.5
01.04. 05:30,128.5
01.04. 05:45,128.5
01.04. 06:00,160.5
01.04. 06:15,160.5
01.04. 06:30,160.5
01.04. 06:45,160.5
01.04. 07:00,167.9
01.04. 07:15,167.9
01.04. 07:30,167.9
01.04. 07:45,167.9
01.04. 08:00,191.8
01.04. 08:15,191.8
01.04. 08:30,191.8
01.04. 08:45,191.8
01.04. 09:00,266.6
01.04. 09:15,266.6
01.04. 09:30,266.6
01.04. 09:45,266.6
01.04. 10:00,317.1
01.04. 10:15,317.1
01.04. 10:30,317.1
01.04. 10:45,317.1
01.04. 11:00,347.1
01.04. 11:15,347.1
01.04. 11:30,347.1
01.04. 11:45,347.1
01.04. 12:00,334.2
01.04. 12:15,334.2
01.04. 12:30,334.2
01.04. 12:45,334.2
01.04. 13:00,322.6
01.04. 13:15,322.6
01.04. 13:30,322.6
01.04. 13:45,322.6
01.04. 14:00,317.2
01.04. 14:15,317.2
01.04. 14:30,317.2
01.04. 14:45,317.2
01.04. 15:00,261.1
01.04. 15:15,261.1
01.04. 15:30,261.1
01.04. 15:45,261.1
01.04. 16:00,251.6
01.04. 16:15,251.6
01.04. 16:30,251.6
01.04. 16:45,251.6
01.04. 17:00,230.2
01.04. 17:15,230.2
01.04. 17:30,230.2
01.04. 17:45,230.2
01.04. 18:00,286.0
01.04. 18:15,286.0
01.04. 18:30,286.0
01.04. 18:45,286.0
01.04. 19:00,310.2
01.04. 19:15,310.2
01.04. 19:30,310.2
01.04. 19:45,310.2
01.04. 20:00,331.0
01.04. 20:15,331.0
01.04. 20:30,331.0
01.04. 20:45,331.0
01.04. 21:00,281.0
01.04. 21:15,281.0
01.04. 21:30,281.0
01.04. 21:45,281.0
01.04. 22:00,229.2
01.04. 22:15,229.2
01.04. 22:30,229.2
01.04. 22:45,229.2
01.04. 23:00,181.4
01.04. 23:15,181.4
01.04. 23:30,181.4
01.04. 23:45,181.4
02.04. 00:00,129.6
02.04. 00:15,129.6
02.04. 00:30,129.6
02.04. 00:45,129.6
02.04. 01:00,110.7
02.04. 01:15,110.7
02.04. 01:30,110.7
02.04. 01:45,110.7
02.04. 02:00,97.4
02.04. 02:15,97.4
02.04. 02:30,97.4
02.04. 02:45,97.4
02.04. 03:00,98.2
02.04. 03:15,98.2
02.04. 03:30,98.2
02.04. 03:45,98.2
02.04. 04:00,99.2
02.04. 04:15,99.2
02.04. 04:30,99.2
02.04. 04:45,99.2
02.04. 05:00,120.0
02.04. 05:15,120.0
02.04. 05:30,120.0
02.04. 05:45,120.0
02.04. 06:00,157.9
02.04. 06:15,157.9
02.04. 06:30,157.9
02.04. 06:45,157.9
02.04. 07:00,140.9
02.04. 07:15,140.9
02.04. 07:30,140.9
02.04. 07:45,140.9
02.04. 08:00,181.8
02.04. 08:15,181.8
02.04. 08:30,181.8
02.04. 08:45,181.8
02.04. 09:00,260.6
02.04. 09:15,260.6
02.04. 09:30,260.6
02.04. 09:45,260.6
02.04. 10:00,288.0
02.04. 10:15,288.0
02.04. 10:30,288.0
02.04. 10:45,288.0
02.04. 11:00,318.5
02.04. 11:15,318.5
02.04. 11:30,318.5
02.04. 11:45,318.5
02.04. 12:00,353.4
02.04. 12:15,353.4
02.04. 12:30,353.4
02.04. 12:45,353.4
02.04. 13:00,312.3
02.04. 13:15,312.3
02.04. 13:30,312.3
02.04. 13:45,312.3
02.04. 14:00,280.9
02.04. 14:15,280.9
02.04. 14:30,280.9
02.04. 14:45,280.9
02.04. 15:00,228.6
02.04. 15:15,228.6
02.04. 15:30,228.6
02.04. 15:45,228.6
02.04. 16:00,218.5
02.04. 16:15,218.5
02.04. 16:30,218.5
02.04. 16:45,218.5
02.04. 17:00,215.6
02.04. 17:15,215.6
02.04. 17:30,215.6
02.04. 17:45,215.6
02.04. 18:00,233.7
02.04. 18:15,233.7
02.04. 18:30,233.7
02.04. 18:45,233.7
02.04. 19:00,248.7
02.04. 19:15,248.7
02.04. 19:30,248.7
02.04. 19:45,248.7
02.04. 20:00,274.7
02.04. 20:15,274.7
02.04. 20:30,274.7
02.04. 20:45,274.7
02.04. 21:00,259.4
02.04. 21:15,259.4
02.04. 21:30,259.4
02.04. 21:45,259.4
02.04. 22:00,205.0
02.04. 22:15,205.0
02.04. 22:30,205.0
02.04. 22:45,205.0
02.04. 23:00,156.6
02.04. 23:15,156.6
02.04. 23:30,156.6
02.04. 23:45,156.6
03.04. 00:00,114.5
03.04. 00:15,114.5
03.04. 00:30,114.5
03.04. 00:45,114.5
03.04. 01:00,92.9
03.04. 01:15,92.9
03.04. 01:30,92.9
03.04. 01:45,92.9
03.04. 02:00,91.9
03.04. 02:15,91.9
03.04. 02:30,91.9
03.04. 02:45,91.9
03.04. 03:00,95.3
03.04. 03:15,95.3
03.04. 03:30,95.3
03.04. 03:45,95.3
03.04. 04:00,115.2
03.04. 04:15,115.2
03.04. 04:30,115.2
03.04. 04:45,115.2
03.04. 05:00,157.2
03.04. 05:15,157.2
03.04. 05:30,157.2
03.04. 05:45,157.2
03.04. 06:00,263.2
03.04. 06:15,263.2
03.04. 06:30,263.2
03.04. 06:45,263.2
03.04. 07:00,290.7
03.04. 07:15,290.7
03.04. 07:30,290.7
03.04. 07:45,290.7
03.04. 08:00,280.7
03.04. 08:15,280.7
03.04. 08:30,280.7
03.04. 08:45,280.7
03.04. 09:00,273.0
03.04. 09:15,273.0
03.04. 09:30,273.0
03.04. 09:45,273.0
03.04. 10:00,252.6
03.04. 10:15,252.6
03.04. 10:30,252.6
03.04. 10:45,252.6
03.04. 11:00,246.6
03.04. 11:15,246.6
03.04. 11:30,246.6
03.04. 11:45,246.6
03.04. 12:00,234.1
03.04. 12:15,234.1
03.04. 12:30,234.1
03.04. 12:45,234.1
03.04. 13:00,250.0
03.04. 13:15,250.0
03.04. 13:30,250.0
03.04. 13:45,250.0
03.04. 14:00,226.0
03.04. 14:15,226.0
03.04. 14:30,226.0
03.04. 14:45,226.0
03.04. 15:00,201.2
03.04. 15:15,201.2
03.04. 15:30,201.2
03.04. 15:45,201.2
03.04. 16:00,189.5
03.04. 16:15,189.5
03.04. 16:30,189.5
03.04. 16:45,189.5
03.04. 17:00,247.8
03.04. 17:15,247.8
03.04. 17:30,247.8
03.04. 17:45,247.8
03.04. 18:00,274.6
03.04. 18:15,274.6
03.04. 18:30,274.6
03.04. 18:45,274.6
03.04. 19:00,320.3
03.04. 19:15,320.3
03.04. 19:30,320.3
03.04. 19:45,320.3
03.04. 20:00,318.7
03.04. 20:15,318.7
03.04. 20:30,318.7
03.04. 20:45,318.7
03.04. 21:00,323.0
03.04. 21:15,323.0
03.04. 21:30,323.0
03.04. 21:45,323.0
03.04. 22:00,238.6
03.04. 22:15,238.6
03.04. 22:30,238.6
03.04. 22:45,238.6
03.04. 23:00,183.6
03.04. 23:15,183.6
03.04. 23:30,183.6
03.04. 23:45,183.6
04.04. 00:00,111.1
04.04. 00:15,111.1
04.04. 00:30,111.1
04.04. 00:45,111.1
04.04. 01:00,104.8
04.04. 01:15,104.8
04.04. 01:30,104.8
04.04. 01:45,104.8
04.04. 02:00,85.0
04.04. 02:15,85.0
04.04. 02:30,85.0
04.04. 02:45,85.0
04.04. 03:00,90.1
04.04. 03:15,90.1
04.04. 03:30,90.1
04.04. 03:45,90.1
04.04. 04:00,100.8
04.04. 04:15,100.8
04.04. 04:30,100.8
04.04. 04:45,100.8
04.04. 05:00,148.6
04.04. 05:15,148.6
04.04. 05:30,148.6
04.04. 05:45,148.6
04.04. 06:00,228.7
04.04. 06:15,228.7
04.04. 06:30,228.7
04.04. 06:45,228.7
04.04. 07:00,265.5
04.04. 07:15,265.5
04.04. 07:30,265.5
04.04. 07:45,265.5
04.04. 08:00,252.2
04.04. 08:15,252.2
04.04. 08:30,252.2
04.04. 08:45,252.2
04.04. 09:00,205.0
04.04. 09:15,205.0
04.04. 09:30,205.0
04.04. 09:45,205.0
04.04. 10:00,237.1
04.04. 10:15,237.1
04.04. 10:30,237.1
04.04. 10:45,237.1
04.04. 11:00,243.4
04.04. 11:15,243.4
04.04. 11:30,243.4
04.04. 11:45,243.4
04.04. 12:00,240.0
04.04. 12:15,240.0
04.04. 12:30,240.0
04.04. 12:45,240.0
04.04. 13:00,261.1
04.04. 13:15,261.1
04.04. 13:30,261.1
04.04. 13:45,261.1
04.04. 14:00,213.3
04.04. 14:15,213.3
04.04. 14:30,213.3
04.04. 14:45,213.3
04.04. 15:00,206.5
04.04. 15:15,206.5
04.04. 15:30,206.5
04.04. 15:45,206.5
04.04. 16:00,192.4
04.04. 16:15,192.4
04.04. 16:30,192.4
04.04. 16:45,192.4
04.04. 17:00,227.0
04.04. 17:15,227.0
04.04. 17:30,227.0
04.04. 17:45,227.0
04.04. 18:00,249.2
04.04. 18:15,249.2
04.04. 18:30,249.2
04.04. 18:45,249.2
04.04. 19:00,299.1
04.04. 19:15,299.1
04.04. 19:30,299.1
04.04. 19:45,299.1
04.04. 20:00,321.6
04.04. 20:15,321.6
04.04. 20:30,321.6
04.04. 20:45,321.6
04.04. 21:00,296.4
04.04. 21:15,296.4
04.04. 21:30,296.4
04.04. 21:45,296.4
04.04. 22:00,214.7
04.04. 22:15,214.7
04.04. 22:30,214.7
04.04. 22:45,214.7
04.04. 23:00,147.3
04.04. 23:15,147.3
04.04. 23:30,147.3
04.04. 23:45,147.3
05.04. 00:00,75.7
05.04. 00:15,75.7
05.04. 00:30,75.7
05.04. 00:45,75.7
05.04. 01:00,74.9
05.04. 01:15,74.9
05.04. 01:30,74.9
05.04. 01:45,74.9
05.04. 02:00,59.1
05.04. 02:15,59.1
05.04. 02:30,59.1
05.04. 02:45,59.1
05.04. 03:00,62.9
05.04. 03:15,62.9
05.04. 03:30,62.9
05.04. 03:45,62.9
05.04. 04:00,71.2
05.04. 04:15,71.2
05.04. 04:30,71.2
05.04. 04:45,71.2
05.04. 05:00,103.6
05.04. 05:15,103.6
05.04. 05:30,103.6
05.04. 05:45,103.6
05.04. 06:00,181.2
05.04. 06:15,181.2
05.04. 06:30,181.2
05.04. 06:45,181.2
05.04. 07:00,212.0
05.04. 07:15,212.0
05.04. 07:30,212.0
05.04. 07:45,212.0
05.04. 08:00,227.2
05.04. 08:15,227.2
05.04. 08:30,227.2
05.04. 08:45,227.2
05.04. 09:00,195.0
05.04. 09:15,195.0
05.04. 09:30,195.0
05.04. 09:45,195.0
05.04. 10:00,196.6
05.04. 10:15,196.6
05.04. 10:30,196.6
05.04. 10:45,196.6
05.04. 11:00,196.2
05.04. 11:15,196.2
05.04. 11:30,196.2
05.04. 11:45,196.2
05.04. 12:00,212.2
05.04. 12:15,212.2
05.04. 12:30,212.2
05.04. 12:45,212.2
05.04. 13:00,201.0
05.04. 13:15,201.0
05.04. 13:30,201.0
05.04. 13:45,201.0
05.04. 14:00,174.7
05.04. 14:15,174.7
05.04. 14:30,174.7
05.04. 14:45,174.7
05.04. 15:00,167.4
05.04. 15:15,167.4
05.04. 15:30,167.4
05.04. 15:45,167.4
05.04. 16:00,169.8
05.04. 16:15,169.8
05.04. 16:30,169.8
05.04. 16:45,169.8
05.04. 17:00,181.0
05.04. 17:15,181.0
05.04. 17:30,181.0
05.04. 17:45,181.0
05.04. 18:00,238.6
05.04. 18:15,238.6
05.04. 18:30,238.6
05.04. 18:45,238.6
05.04. 19:00,274.9
05.04. 19:15,274.9
05.04. 19:30,274.9
05.04. 19:45,274.9
05.04. 20:00,252.2
05.04. 20:15,252.2
05.04. 20:30,252.2
05.04. 20:45,252.2
05.04. 21:00,240.8
05.04. 21:15,240.8
05.04. 21:30,240.8
05.04. 21:45,240.8
05.04. 22:00,195.8
05.04. 22:15,195.8
05.04. 22:30,195.8
05.04. 22:45,195.8
05.04. 23:00,136.0
05.04. 23:15,136.0
05.04. 23:30,136.0
05.04. 23:45,136.0
06.04. 00:00,81.0
06.04. 00:15,81.0
06.04. 00:30,81.0
06.04. 00:45,81.0
06.04. 01:00,72.1
06.04. 01:15,72.1
06.04. 01:30,72.1
06.04. 01:45,72.1
06.04. 02:00,63.4
06.04. 02:15,63.4
06.04. 02:30,63.4
06.04. 02:45,63.4
06.04. 03:00,64.5
06.04. 03:15,64.5
06.04. 03:30,64.5
06.04. 03:45,64.5
06.04. 04:00,64.8
06.04. 04:15,64.8
06.04. 04:30,64.8
06.04. 04:45,64.8
06.04. 05:00,103.2
06.04. 05:15,103.2
06.04. 05:30,103.2
06.04. 05:45,103.2
06.04. 06:00,181.4
06.04. 06:15,181.4
06.04. 06:30,181.4
06.04. 06:45,181.4
06.04. 07:00,227.3
06.04. 07:15,227.3
06.04. 07:30,227.3
06.04. 07:45,227.3
06.04. 08:00,204.2
06.04. 08:15,204.2
06.04. 08:30,204.2
06.04. 08:45,204.2
06.04. 09:00,205.0
06.04. 09:15,205.0
06.04. 09:30,205.0
06.04. 09:45,205.0
06.04. 10:00,203.0
06.04. 10:15,203.0
06.04. 10:30,203.0
06.04. 10:45,203.0
06.04. 11:00,207.6
06.04. 11:15,207.6
06.04. 11:30,207.6
06.04. 11:45,207.6
06.04. 12:00,221.6
06.04. 12:15,221.6
06.04. 12:30,221.6
06.04. 12:45,221.6
06.04. 13:00,189.2
06.04. 13:15,189.2
06.04. 13:30,189.2
06.04. 13:45,189.2
06.04. 14:00,193.3
06.04. 14:15,193.3
06.04. 14:30,193.3
06.04. 14:45,193.3
06.04. 15:00,172.0
06.04. 15:15,172.0
06.04. 15:30,172.0
06.04. 15:45,172.0
06.04. 16:00,160.5
06.04. 16:15,160.5
06.04. 16:30,160.5
06.04. 16:45,160.5
06.04. 17:00,188.9
06.04. 17:15,188.9
06.04. 17:30,188.9
06.04. 17:45,188.9
06.04. 18:00,227.6
06.04. 18:15,227.6
06.04. 18:30,227.6
06.04. 18:45,227.6
06.04. 19:00,253.7
06.04. 19:15,253.7
06.04. 19:30,253.7
06.04. 19:45,253.7
06.04. 20:00,264.2
06.04. 20:15,264.2
06.04. 20:30,264.2
06.04. 20:45,264.2
06.04. 21:00,257.2
06.04. 21:15,257.2
06.04. 21:30,257.2
06.04. 21:45,257.2
06.04. 22:00,189.2
06.04. 22:15,189.2
06.04. 22:30,189.2
06.04. 22:45,189.2
06.04. 23:00,145.7
06.04. 23:15,145.7
06.04. 23:30,145.7
06.04. 23:45,145.7
07.04. 00:00,87.8
07.04. 00:15,87.8
07.04. 00:30,87.8
07.04. 00:45,87.8
07.04. 01:00,81.8
07.04. 01:15,81.8
07.04. 01:30,81.8
07.04. 01:45,81.8
07.04. 02:00,66.9
07.04. 02:15,66.9
07.04. 02:30,66.9
07.04. 02:45,66.9
07.04. 03:00,64.3
07.04. 03:15,64.3
07.04. 03:30,64.3
07.04. 03:45,64.3
07.04. 04:00,65.6
07.04. 04:15,65.6
07.04. 04:30,65.6
07.04. 04:45,65.6
07.04. 05:00,85.6
07.04. 05:15,85.6
07.04. 05:30,85.6
07.04. 05:45,85.6
07.04. 06:00,100.2
07.04. 06:15,100.2
07.04. 06:30,100.2
07.04. 06:45,100.2
07.04. 07:00,145.4
07.04. 07:15,145.4
07.04. 07:30,145.4
07.04. 07:45,145.4
07.04. 08:00,199.4
07.04. 08:15,199.4
07.04. 08:30,199.4
07.04. 08:45,199.4
07.04. 09:00,259.0
07.04. 09:15,259.0
07.04. 09:30,259.0
07.04. 09:45,259.0
07.04. 10:00,262.4
07.04. 10:15,262.4
07.04. 10:30,262.4
07.04. 10:45,262.4
07.04. 11:00,264.5
07.04. 11:15,264.5
07.04. 11:30,264.5
07.04. 11:45,264.5
07.04. 12:00,269.4
07.04. 12:15,269.4
07.04. 12:30,269.4
07.04. 12:45,269.4
07.04. 13:00,268.6
07.04. 13:15,268.6
07.04. 13:30,268.6
07.04. 13:45,268.6
07.04. 14:00,236.0
07.04. 14:15,236.0
07.04. 14:30,236.0
07.04. 14:45,236.0
07.04. 15:00,217.4
07.04. 15:15,217.4
07.04. 15:30,217.4
07.04. 15:45,217.4
07.04. 16:00,229.3
07.04. 16:15,229.3
07.04. 16:30,229.3
07.04. 16:45,229.3
07.04. 17:00,250.1
07.04. 17:15,250.1
07.04. 17:30,250.1
07.04. 17:45,250.1
07.04. 18:00,280.6
07.04. 18:15,280.6
07.04. 18:30,280.6
07.04. 18:45,280.6
07.04. 19:00,282.3
07.04. 19:15,282.3
07.04. 19:30,282.3
07.04. 19:45,282.3
07.04. 20:00,281.4
07.04. 20:15,281.4
07.04. 20:30,281.4
07.04. 20:45,281.4
07.04. 21:00,236.0
07.04. 21:15,236.0
07.04. 21:30,236.0
07.04. 21:45,236.0
07.04. 22:00,171.8
07.04. 22:15,171.8
07.04. 22:30,171.8
07.04. 22:45,171.8
07.04. 23:00,134.0
07.04. 23:15,134.0
07.04. 23:30,134.0
07.04. 23:45,134.0
08.04. 00:00,104.8
08.04. 00:15,104.8
08.04. 00:30,104.8
08.04. 00:45,104.8
08.04. 01:00,89.8
08.04. 01:15,89.8
08.04. 01:30,89.8
08.04. 01:45,89.8
08.04. 02:00,85.6
08.04. 02:15,85.6
08.04. 02:30,85.6
08.04. 02:45,85.6
08.04. 03:00,77.9
08.04. 03:15,77.9
08.04. 03:30,77.9
08.04. 03:45,77.9
08.04. 04:00,92.3
08.04. 04:15,92.3
08.04. 04:30,92.3
08.04. 04:45,92.3
08.04. 05:00,107.6
08.04. 05:15,107.6
08.04. 05:30,107.6
08.04. 05:45,107.6
08.04. 06:00,117.1
08.04. 06:15,117.1
08.04. 06:30,117.1
08.04. 06:45,117.1
08.04. 07:00,122.4
08.04. 07:15,122.4
08.04. 07:30,122.4
08.04. 07:45,122.4
08.04. 08:00,159.7
08.04. 08:15,159.7
08.04. 08:30,159.7
08.04. 08:45,159.7
08.04. 09:00,220.8
08.04. 09:15,220.8
08.04. 09:30,220.8
08.04. 09:45,220.8
08.04. 10:00,279.8
08.04. 10:15,279.8
08.04. 10:30,279.8
08.04. 10:45,279.8
08.04. 11:00,294.8
08.04. 11:15,294.8
08.04. 11:30,294.8
08.04. 11:45,294.8
08.04. 12:00,300.0
08.04. 12:15,300.0
08.04. 12:30,300.0
08.04. 12:45,300.0
08.04. 13:00,290.0
08.04. 13:15,290.0
08.04. 13:30,290.0
08.04. 13:45,290.0
08.04. 14:00,245.0
08.04. 14:15,245.0
08.04. 14:30,245.0
08.04. 14:45,245.0
08.04. 15:00,220.0
08.04. 15:15,220.0
08.04. 15:30,220.0
08.04. 15:45,220.0
08.04. 16:00,193.7
08.04. 16:15,193.7
08.04. 16:30,193.7
08.04. 16:45,193.7
08.04. 17:00,193.9
08.04. 17:15,193.9
08.04. 17:30,193.9
08.04. 17:45,193.9
08.04. 18:00,226.2
08.04. 18:15,226.2
08.04. 18:30,226.2
08.04. 18:45,226.2
08.04. 19:00,215.8
08.04. 19:15,215.8
08.04. 19:30,215.8
08.04. 19:45,215.8
08.04. 20:00,256.8
08.04. 20:15,256.8
08.04. 20:30,256.8
08.04. 20:45,256.8
08.04. 21:00,222.5
08.04. 21:15,222.5
08.04. 21:30,222.5
08.04. 21:45,222.5
08.04. 22:00,192.6
08.04. 22:15,192.6
08.04. 22:30,192.6
08.04. 22:45,192.6
08.04. 23:00,143.3
08.04. 23:15,143.3
08.04. 23:30,143.3
08.04. 23:45,143.3
09.04. 00:00,97.0
09.04. 00:15,97.0
09.04. 00:30,97.0
09.04. 00:45,97.0
09.04. 01:00,86.8
09.04. 01:15,86.8
09.04. 01:30,86.8
09.04. 01:45,86.8
09.04. 02:00,83.5
09.04. 02:15,83.5
09.04. 02:30,83.5
09.04. 02:45,83.5
09.04. 03:00,79.2
09.04. 03:15,79.2
09.04. 03:30,79.2
09.04. 03:45,79.2
09.04. 04:00,91.3
09.04. 04:15,91.3
09.04. 04:30,91.3
09.04. 04:45,91.3
09.04. 05:00,141.2
09.04. 05:15,141.2
09.04. 05:30,141.2
09.04. 05:45,141.2
09.04. 06:00,225.1
09.04. 06:15,225.1
09.04. 06:30,225.1
09.04. 06:45,225.1
09.04. 07:00,258.6
09.04. 07:15,258.6
09.04. 07:30,258.6
09.04. 07:45,258.6
09.04. 08:00,254.1
09.04. 08:15,254.1
09.04. 08:30,254.1
09.04. 08:45,254.1
09.04. 09:00,230.6
09.04. 09:15,230.6
09.04. 09:30,230.6
09.04. 09:45,230.6
09.04. 10:00,233.4
09.04. 10:15,233.4
09.04. 10:30,233.4
09.04. 10:45,233.4
09.04. 11:00,203.9
09.04. 11:15,203.9
09.04. 11:30,203.9
09.04. 11:45,203.9
09.04. 12:00,221.8
09.04. 12:15,221.8
09.04. 12:30,221.8
09.04. 12:45,221.8
09.04. 13:00,215.6
09.04. 13:15,215.6
09.04. 13:30,215.6
09.04. 13:45,215.6
09.04. 14:00,187.4
09.04. 14:15,187.4
09.04. 14:30,187.4
09.04. 14:45,187.4
09.04. 15:00,172.4
09.04. 15:15,172.4
09.04. 15:30,172.4
09.04. 15:45,172.4
09.04. 16:00,191.6
09.04. 16:15,191.6
09.04. 16:30,191.6
09.04. 16:45,191.6
09.04. 17:00,204.6
09.04. 17:15,204.6
09.04. 17:30,204.6
09.04. 17:45,204.6
09.04. 18:00,237.2
09.04. 18:15,237.2
09.04. 18:30,237.2
09.04. 18:45,237.2
09.04. 19:00,297.2
09.04. 19:15,297.2
09.04. 19:30,297.2
09.04. 19:45,297.2
09.04. 20:00,302.0
09.04. 20:15,302.0
09.04. 20:30,302.0
09.04. 20:45,302.0
09.04. 21:00,290.7
09.04. 21:15,290.7
09.04. 21:30,290.7
09.04. 21:45,290.7
09.04. 22:00,220.1
09.04. 22:15,220.1
09.04. 22:30,220.1
09.04. 22:45,220.1
09.04. 23:00,168.4
09.04. 23:15,168.4
09.04. 23:30,168.4
09.04. 23:45,168.4
10.04. 00:00,98.8
10.04. 00:15,98.8
10.04. 00:30,98.8
10.04. 00:45,98.8
10.04. 01:00,90.4
10.04. 01:15,90.4
10.04. 01:30,90.4
10.04. 01:45,90.4
10.04. 02:00,90.3
10.04. 02:15,90.3
10.04. 02:30,90.3
10.04. 02:45,90.3
10.04. 03:00,92.6
10.04. 03:15,92.6
10.04. 03:30,92.6
10.04. 03:45,92.6
10.04. 04:00,112.1
10.04. 04:15,112.1
10.04. 04:30,112.1
10.04. 04:45,112.1
10.04. 05:00,147.1
10.04. 05:15,147.1
10.04. 05:30,147.1
10.04. 05:45,147.1
10.04. 06:00,222.6
10.04. 06:15,222.6
10.04. 06:30,222.6
10.04. 06:45,222.6
10.04. 07:00,278.3
10.04. 07:15,278.3
10.04. 07:30,278.3
10.04. 07:45,278.3
10.04. 08:00,242.6
10.04. 08:15,242.6
10.04. 08:30,242.6
10.04. 08:45,242.6
10.04. 09:00,226.9
10.04. 09:15,226.9
10.04. 09:30,226.9
10.04. 09:45,226.9
10.04. 10:00,207.5
10.04. 10:15,207.5
10.04. 10:30,207.5
10.04. 10:45,207.5
10.04. 11:00,211.6
10.04. 11:15,211.6
10.04. 11:30,211.6
10.04. 11:45,211.6
10.04. 12:00,210.3
10.04. 12:15,210.3
10.04. 12:30,210.3
10.04. 12:45,210.3
10.04. 13:00,213.9
10.04. 13:15,213.9
10.04. 13:30,213.9
10.04. 13:45,213.9
10.04. 14:00,194.8
10.04. 14:15,194.8
10.04. 14:30,194.8
10.04. 14:45,194.8
10.04. 15:00,178.9
10.04. 15:15,178.9
10.04. 15:30,178.9
10.04. 15:45,178.9
10.04. 16:00,183.2
10.04. 16:15,183.2
10.04. 16:30,183.2
10.04. 16:45,183.2
10.04. 17:00,191.5
10.04. 17:15,191.5
10.04. 17:30,191.5
10.04. 17:45,191.5
10.04. 18:00,239.7
10.04. 18:15,239.7
10.04. 18:30,239.7
10.04. 18:45,239.7
10.04. 19:00,289.7
10.04. 19:15,289.7
10.04. 19:30,289.7
10.04. 19:45,289.7
10.04. 20:00,298.5
10.04. 20:15,298.5
10.04. 20:30,298.5
10.04. 20:45,298.5
10.04. 21:00,271.9
10.04. 21:15,271.9
10.04. 21:30,271.9
10.04. 21:45,271.9
10.04. 22:00,216.4
10.04. 22:15,216.4
10.04. 22:30,216.4
10.04. 22:45,216.4
10.04. 23:00,167.0
10.04. 23:15,167.0
10.04. 23:30,167.0
10.04. 23:45,167.0
11.04. 00:00,91.6
11.04. 00:15,91.6
11.04. 00:30,91.6
11.04. 00:45,91.6
11.04. 01:00,84.1
11.04. 01:15,84.1
11.04. 01:30,84.1
11.04. 01:45,84.1
11.04. 02:00,68.9
11.04. 02:15,68.9
11.04. 02:30,68.9
11.04. 02:45,68.9
11.04. 03:00,76.9
11.04. 03:15,76.9
11.04. 03:30,76.9
11.04. 03:45,76.9
11.04. 04:00,86.6
11.04. 04:15,86.6
11.04. 04:30,86.6
11.04. 04:45,86.6
11.04. 05:00,117.3
11.04. 05:15,117.3
11.04. 05:30,117.3
11.04. 05:45,117.3
11.04. 06:00,187.0
11.04. 06:15,187.0
11.04. 06:30,187.0
11.04. 06:45,187.0
11.04. 07:00,241.3
11.04. 07:15,241.3
11.04. 07:30,241.3
11.04. 07:45,241.3
11.04. 08:00,197.3
11.04. 08:15,197.3
11.04. 08:30,197.3
11.04. 08:45,197.3
11.04. 09:00,190.1
11.04. 09:15,190.1
11.04. 09:30,190.1
11.04. 09:45,190.1
11.04. 10:00,186.7
11.04. 10:15,186.7
11.04. 10:30,186.7
11.04. 10:45,186.7
11.04. 11:00,188.0
11.04. 11:15,188.0
11.04. 11:30,188.0
11.04. 11:45,188.0
11.04. 12:00,184.2
11.04. 12:15,184.2
11.04. 12:30,184.2
11.04. 12:45,184.2
11.04. 13:00,193.9
11.04. 13:15,193.9
11.04. 13:30,193.9
11.04. 13:45,193.9
11.04. 14:00,160.3
11.04. 14:15,160.3
11.04. 14:30,160.3
11.04. 14:45,160.3
11.04. 15:00,151.7
11.04. 15:15,151.7
11.04. 15:30,151.7
11.04. 15:45,151.7
11.04. 16:00,153.5
11.04. 16:15,153.5
11.04. 16:30,153.5
11.04. 16:45,153.5
11.04. 17:00,173.8
11.04. 17:15,173.8
11.04. 17:30,173.8
11.04. 17:45,173.8
11.04. 18:00,214.4
11.04. 18:15,214.4
11.04. 18:30,214.4
11.04. 18:45,214.4
11.04. 19:00,257.7
11.04. 19:15,257.7
11.04. 19:30,257.7
11.04. 19:45,257.7
11.04. 20:00,244.4
11.04. 20:15,244.4
11.04. 20:30,244.4
11.04. 20:45,244.4
11.04. 21:00,235.7
11.04. 21:15,235.7
11.04. 21:30,235.7
11.04. 21:45,235.7
11.04. 22:00,179.4
11.04. 22:15,179.4
11.04. 22:30,179.4
11.04. 22:45,179.4
11.04. 23:00,132.5
11.04. 23:15,132.5
11.04. 23:30,132.5
11.04. 23:45,132.5
12.04. 00:00,79.4
12.04. 00:15,79.4
12.04. 00:30,79.4
12.04. 00:45,79.4
12.04. 01:00,66.6
12.04. 01:15,66.6
12.04. 01:30,66.6
12.04. 01:45,66.6
12.04. 02:00,54.1
12.04. 02:15,54.1
12.04. 02:30,54.1
12.04. 02:45,54.1
12.04. 03:00,56.6
12.04. 03:15,56.6
12.04. 03:30,56.6
12.04. 03:45,56.6
12.04. 04:00,63.3
12.04. 04:15,63.3
12.04. 04:30,63.3
12.04. 04:45,63.3
12.04. 05:00,91.0
12.04. 05:15,91.0
12.04. 05:30,91.0
12.04. 05:45,91.0
12.04. 06:00,157.7
12.04. 06:15,157.7
12.04. 06:30,157.7
12.04. 06:45,157.7
12.04. 07:00,199.7
12.04. 07:15,199.7
12.04. 07:30,199.7
12.04. 07:45,199.7
12.04. 08:00,185.8
12.04. 08:15,185.8
12.04. 08:30,185.8
12.04. 08:45,185.8
12.04. 09:00,193.0
12.04. 09:15,193.0
12.04. 09:30,193.0
12.04. 09:45,193.0
12.04. 10:00,180.8
12.04. 10:15,180.8
12.04. 10:30,180.8
12.04. 10:45,180.8
12.04. 11:00,207.7
12.04. 11:15,207.7
12.04. 11:30,207.7
12.04. 11:45,207.7
12.04. 12:00,197.9
12.04. 12:15,197.9
12.04. 12:30,197.9
12.04. 12:45,197.9
12.04. 13:00,213.0
12.04. 13:15,213.0
12.04. 13:30,213.0
12.04. 13:45,213.0
12.04. 14:00,200.7
12.04. 14:15,200.7
12.04. 14:30,200.7
12.04. 14:45,200.7
12.04. 15:00,191.6
12.04. 15:15,191.6
12.04. 15:30,191.6
12.04. 15:45,191.6
12.04. 16:00,177.9
12.04. 16:15,177.9
12.04. 16:30,177.9
12.04. 16:45,177.9
12.04. 17:00,188.0
12.04. 17:15,188.0
12.04. 17:30,188.0
12.04. 17:45,188.0
12.04. 18:00,227.2
12.04. 18:15,227.2
12.04. 18:30,227.2
12.04. 18:45,227.2
12.04. 19:00,230.5
12.04. 19:15,230.5
12.04. 19:30,230.5
12.04. 19:45,230.5
12.04. 20:00,249.3
12.04. 20:15,249.3
12.04. 20:30,249.3
12.04. 20:45,249.3
12.04. 21:00,232.1
12.04. 21:15,232.1
12.04. 21:30,232.1
12.04. 21:45,232.1
12.04. 22:00,190.6
12.04. 22:15,190.6
12.04. 22:30,190.6
12.04. 22:45,190.6
12.04. 23:00,121.5
12.04. 23:15,121.5
12.04. 23:30,121.5
12.04. 23:45,121.5
13.04. 00:00,71.5
13.04. 00:15,71.5
13.04. 00:30,71.5
13.04. 00:45,71.5
13.04. 01:00,54.4
13.04. 01:15,54.4
13.04. 01:30,54.4
13.04. 01:45,54.4
13.04. 02:00,50.2
13.04. 02:15,50.2
13.04. 02:30,50.2
13.04. 02:45,50.2
13.04. 03:00,52.5
13.04. 03:15,52.5
13.04. 03:30,52.5
13.04. 03:45,52.5
13.04. 04:00,58.5
13.04. 04:15,58.5
13.04. 04:30,58.5
13.04. 04:45,58.5
13.04. 05:00,89.3
13.04. 05:15,89.3
13.04. 05:30,89.3
13.04. 05:45,89.3
13.04. 06:00,151.6
13.04. 06:15,151.6
13.04. 06:30,151.6
13.04. 06:45,151.6
13.04. 07:00,168.3
13.04. 07:15,168.3
13.04. 07:30,168.3
13.04. 07:45,168.3
13.04. 08:00,185.4
13.04. 08:15,185.4
13.04. 08:30,185.4
13.04. 08:45,185.4
13.04. 09:00,172.9
13.04. 09:15,172.9
13.04. 09:30,172.9
13.04. 09:45,172.9
13.04. 10:00,177.3
13.04. 10:15,177.3
13.04. 10:30,177.3
13.04. 10:45,177.3
13.04. 11:00,180.3
13.04. 11:15,180.3
13.04. 11:30,180.3
13.04. 11:45,180.3
13.04. 12:00,194.6
13.04. 12:15,194.6
13.04. 12:30,194.6
13.04. 12:45,194.6
13.04. 13:00,177.6
13.04. 13:15,177.6
13.04. 13:30,177.6
13.04. 13:45,177.6
13.04. 14:00,154.9
13.04. 14:15,154.9
13.04. 14:30,154.9
13.04. 14:45,154.9
13.04. 15:00,155.7
13.04. 15:15,155.7
13.04. 15:30,155.7
13.04. 15:45,155.7
13.04. 16:00,158.0
13.04. 16:15,158.0
13.04. 16:30,158.0
13.04. 16:45,158.0
13.04. 17:00,156.6
13.04. 17:15,156.6
13.04. 17:30,156.6
13.04. 17:45,156.6
13.04. 18:00,198.4
13.04. 18:15,198.4
13.04. 18:30,198.4
13.04. 18:45,198.4
13.04. 19:00,215.3
13.04. 19:15,215.3
13.04. 19:30,215.3
13.04. 19:45,215.3
13.04. 20:00,222.7
13.04. 20:15,222.7
13.04. 20:30,222.7
13.04. 20:45,222.7
13.04. 21:00,220.7
13.04. 21:15,220.7
13.04. 21:30,220.7
13.04. 21:45,220.7
13.04. 22:00,174.0
13.04. 22:15,174.0
13.04. 22:30,174.0
13.04. 22:45,174.0
13.04. 23:00,129.7
13.04. 23:15,129.7
13.04. 23:30,129.7
13.04. 23:45,129.7
14.04. 00:00,78.4
14.04. 00:15,78.4
14.04. 00:30,78.4
14.04. 00:45,78.4
14.04. 01:00,69.1
14.04. 01:15,69.1
14.04. 01:30,69.1
14.04. 01:45,69.1
14.04. 02:00,59.5
14.04. 02:15,59.5
14.04. 02:30,59.5
14.04. 02:45,59.5
14.04. 03:00,53.9
14.04. 03:15,53.9
14.04. 03:30,53.9
14.04. 03:45,53.9
14.04. 04:00,56.5
14.04. 04:15,56.5
14.04. 04:30,56.5
14.04. 04:45,56.5
14.04. 05:00,62.3
14.04. 05:15,62.3
14.04. 05:30,62.3
14.04. 05:45,62.3
14.04. 06:00,75.6
14.04. 06:15,75.6
14.04. 06:30,75.6
14.04. 06:45,75.6
14.04. 07:00,125.0
14.04. 07:15,125.0
14.04. 07:30,125.0
14.04. 07:45,125.0
14.04. 08:00,166.0
14.04. 08:15,166.0
14.04. 08:30,166.0
14.04. 08:45,166.0
14.04. 09:00,223.0
14.04. 09:15,223.0
14.04. 09:30,223.0
14.04. 09:45,223.0
14.04. 10:00,233.8
14.04. 10:15,233.8
14.04. 10:30,233.8
14.04. 10:45,233.8
14.04. 11:00,239.8
14.04. 11:15,239.8
14.04. 11:30,239.8
14.04. 11:45,239.8
14.04. 12:00,255.3
14.04. 12:15,255.3
14.04. 12:30,255.3
14.04. 12:45,255.3
14.04. 13:00,212.0
14.04. 13:15,212.0
14.04. 13:30,212.0
14.04. 13:45,212.0
14.04. 14:00,212.4
14.04. 14:15,212.4
14.04. 14:30,212.4
14.04. 14:45,212.4
14.04. 15:00,194.4
14.04. 15:15,194.4
14.04. 15:30,194.4
14.04. 15:45,194.4
14.04. 16:00,190.9
14.04. 16:15,190.9
14.04. 16:30,190.9
14.04. 16:45,190.9
14.04. 17:00,202.5
14.04. 17:15,202.5
14.04. 17:30,202.5
14.04. 17:45,202.5
14.04. 18:00,226.5
14.04. 18:15,226.5
14.04. 18:30,226.5
14.04. 18:45,226.5
14.04. 19:00,234.1
14.04. 19:15,234.1
14.04. 19:30,234.1
14.04. 19:45,234.1
14.04. 20:00,228.8
14.04. 20:15,228.8
14.04. 20:30,228.8
14.04. 20:45,228.8
14.04. 21:00,210.7
14.04. 21:15,210.7
14.04. 21:30,210.7
14.04. 21:45,210.7
14.04. 22:00,154.9
14.04. 22:15,154.9
14.04. 22:30,154.9
14.04. 22:45,154.9
14.04. 23:00,122.6
14.04. 23:15,122.6
14.04. 23:30,122.6
14.04. 23:45,122.6
15.04. 00:00,98.1
15.04. 00:15,98.1
15.04. 00:30,98.1
15.04. 00:45,98.1
15.04. 01:00,84.7
15.04. 01:15,84.7
15.04. 01:30,84.7
15.04. 01:45,84.7
15.04. 02:00,82.0
15.04. 02:15,82.0
15.04. 02:30,82.0
15.04. 02:45,82.0
15.04. 03:00,78.5
15.04. 03:15,78.5
15.04. 03:30,78.5
15.04. 03:45,78.5
15.04. 04:00,81.1
15.04. 04:15,81.1
15.04. 04:30,81.1
15.04. 04:45,81.1
15.04. 05:00,84.8
15.04. 05:15,84.8
15.04. 05:30,84.8
15.04. 05:45,84.8
15.04. 06:00,94.0
15.04. 06:15,94.0
15.04. 06:30,94.0
15.04. 06:45,94.0
15.04. 07:00,107.9
15.04. 07:15,107.9
15.04. 07:30,107.9
15.04. 07:45,107.9
15.04. 08:00,148.0
15.04. 08:15,148.0
15.04. 08:30,148.0
15.04. 08:45,148.0
15.04. 09:00,205.6
15.04. 09:15,205.6
15.04. 09:30,205.6
15.04. 09:45,205.6
15.04. 10:00,249.6
15.04. 10:15,249.6
15.04. 10:30,249.6
15.04. 10:45,249.6
15.04. 11:00,269.6
15.04. 11:15,269.6
15.04. 11:30,269.6
15.04. 11:45,269.6
15.04. 12:00,281.0
15.04. 12:15,281.0
15.04. 12:30,281.0
15.04. 12:45,281.0
15.04. 13:00,266.9
15.04. 13:15,266.9
15.04. 13:30,266.9
15.04. 13:45,266.9
15.04. 14:00,243.9
15.04. 14:15,243.9
15.04. 14:30,243.9
15.04. 14:45,243.9
15.04. 15:00,200.3
15.04. 15:15,200.3
15.04. 15:30,200.3
15.04. 15:45,200.3
15.04. 16:00,172.3
15.04. 16:15,172.3
15.04. 16:30,172.3
15.04. 16:45,172.3
15.04. 17:00,175.4
15.04. 17:15,175.4
15.04. 17:30,175.4
15.04. 17:45,175.4
15.04. 18:00,203.9
15.04. 18:15,203.9
15.04. 18:30,203.9
15.04. 18:45,203.9
15.04. 19:00,220.8
15.04. 19:15,220.8
15.04. 19:30,220.8
15.04. 19:45,220.8
15.04. 20:00,238.9
15.04. 20:15,238.9
15.04. 20:30,238.9
15.04. 20:45,238.9
15.04. 21:00,229.3
15.04. 21:15,229.3
15.04. 21:30,229.3
15.04. 21:45,229.3
15.04. 22:00,195.6
15.04. 22:15,195.6
15.04. 22:30,195.6
15.04. 22:45,195.6
15.04. 23:00,134.9
15.04. 23:15,134.9
15.04. 23:30,134.9
15.04. 23:45,134.9
16.04. 00:00,88.1
16.04. 00:15,88.1
16.04. 00:30,88.1
16.04. 00:45,88.1
16.04. 01:00,77.0
16.04. 01:15,77.0
16.04. 01:30,77.0
16.04. 01:45,77.0
16.04. 02:00,69.0
16.04. 02:15,69.0
16.04. 02:30,69.0
16.04. 02:45,69.0
16.04. 03:00,73.0
16.04. 03:15,73.0
16.04. 03:30,73.0
16.04. 03:45,73.0
16.04. 04:00,79.2
16.04. 04:15,79.2
16.04. 04:30,79.2
16.04. 04:45,79.2
16.04. 05:00,110.8
16.04. 05:15,110.8
16.04. 05:30,110.8
16.04. 05:45,110.8
16.04. 06:00,188.8
16.04. 06:15,188.8
16.04. 06:30,188.8
16.04. 06:45,188.8
16.04. 07:00,211.8
16.04. 07:15,211.8
16.04. 07:30,211.8
16.04. 07:45,211.8
16.04. 08:00,229.2
16.04. 08:15,229.2
16.04. 08:30,229.2
16.04. 08:45,229.2
16.04. 09:00,189.4
16.04. 09:15,189.4
16.04. 09:30,189.4
16.04. 09:45,189.4
16.04. 10:00,177.5
16.04. 10:15,177.5
16.04. 10:30,177.5
16.04. 10:45,177.5
16.04. 11:00,191.4
16.04. 11:15,191.4
16.04. 11:30,191.4
16.04. 11:45,191.4
16.04. 12:00,195.4
16.04. 12:15,195.4
16.04. 12:30,195.4
16.04. 12:45,195.4
16.04. 13:00,173.1
16.04. 13:15,173.1
16.04. 13:30,173.1
16.04. 13:45,173.1
16.04. 14:00,164.7
16.04. 14:15,164.7
16.04. 14:30,164.7
16.04. 14:45,164.7
16.04. 15:00,156.3
16.04. 15:15,156.3
16.04. 15:30,156.3
16.04. 15:45,156.3
16.04. 16:00,159.4
16.04. 16:15,159.4
16.04. 16:30,159.4
16.04. 16:45,159.4
16.04. 17:00,166.6
16.04. 17:15,166.6
16.04. 17:30,166.6
16.04. 17:45,166.6
16.04. 18:00,213.3
16.04. 18:15,213.3
16.04. 18:30,213.3
16.04. 18:45,213.3
16.04. 19:00,259.5
16.04. 19:15,259.5
16.04. 19:30,259.5
16.04. 19:45,259.5
16.04. 20:00,268.2
16.04. 20:15,268.2
16.04. 20:30,268.2
16.04. 20:45,268.2
16.04. 21:00,266.6
16.04. 21:15,266.6
16.04. 21:30,266.6
16.04. 21:45,266.6
16.04. 22:00,209.4
16.04. 22:15,209.4
16.04. 22:30,209.4
16.04. 22:45,209.4
16.04. 23:00,151.0
16.04. 23:15,151.0
16.04. 23:30,151.0
16.04. 23:45,151.0
17.04. 00:00,95.6
17.04. 00:15,95.6
17.04. 00:30,95.6
17.04. 00:45,95.6
17.04. 01:00,83.4
17.04. 01:15,83.4
17.04. 01:30,83.4
17.04. 01:45,83.4
17.04. 02:00,81.2
17.04. 02:15,81.2
17.04. 02:30,81.2
17.04. 02:45,81.2
17.04. 03:00,77.7
17.04. 03:15,77.7
17.04. 03:30,77.7
17.04. 03:45,77.7
17.04. 04:00,81.0
17.04. 04:15,81.0
17.04. 04:30,81.0
17.04. 04:45,81.0
17.04. 05:00,112.8
17.04. 05:15,112.8
17.04. 05:30,112.8
17.04. 05:45,112.8
17.04. 06:00,185.2
17.04. 06:15,185.2
17.04. 06:30,185.2
17.04. 06:45,185.2
17.04. 07:00,209.1
17.04. 07:15,209.1
17.04. 07:30,209.1
17.04. 07:45,209.1
17.04. 08:00,220.3
17.04. 08:15,220.3
17.04. 08:30,220.3
17.04. 08:45,220.3
17.04. 09:00,183.5
17.04. 09:15,183.5
17.04. 09:30,183.5
17.04. 09:45,183.5
17.04. 10:00,176.1
17.04. 10:15,176.1
17.04. 10:30,176.1
17.04. 10:45,176.1
17.04. 11:00,176.4
17.04. 11:15,176.4
17.04. 11:30,176.4
17.04. 11:45,176.4
17.04. 12:00,191.1
17.04. 12:15,191.1
17.04. 12:30,191.1
17.04. 12:45,191.1
17.04. 13:00,186.6
17.04. 13:15,186.6
17.04. 13:30,186.6
17.04. 13:45,186.6
17.04. 14:00,166.1
17.04. 14:15,166.1
17.04. 14:30,166.1
17.04. 14:45,166.1
17.04. 15:00,156.8
17.04. 15:15,156.8
17.04. 15:30,156.8
17.04. 15:45,156.8
17.04. 16:00,150.1
17.04. 16:15,150.1
17.04. 16:30,150.1
17.04. 16:45,150.1
17.04. 17:00,159.6
17.04. 17:15,159.6
17.04. 17:30,159.6
17.04. 17:45,159.6
17.04. 18:00,212.1
17.04. 18:15,212.1
17.04. 18:30,212.1
17.04. 18:45,212.1
17.04. 19:00,237.5
17.04. 19:15,237.5
17.04. 19:30,237.5
17.04. 19:45,237.5
17.04. 20:00,255.0
17.04. 20:15,255.0
17.04. 20:30,255.0
17.04. 20:45,255.0
17.04. 21:00,247.5
17.04. 21:15,247.5
17.04. 21:30,247.5
17.04. 21:45,247.5
17.04. 22:00,196.6
17.04. 22:15,196.6
17.04. 22:30,196.6
17.04. 22:45,196.6
17.04. 23:00,140.8
17.04. 23:15,140.8
17.04. 23:30,140.8
17.04. 23:45,140.8
18.04. 00:00,80.7
18.04. 00:15,80.7
18.04. 00:30,80.7
18.04. 00:45,80.7
18.04. 01:00,71.4
18.04. 01:15,71.4
18.04. 01:30,71.4
18.04. 01:45,71.4
18.04. 02:00,66.3
18.04. 02:15,66.3
18.04. 02:30,66.3
18.04. 02:45,66.3
18.04. 03:00,62.4
18.04. 03:15,62.4
18.04. 03:30,62.4
18.04. 03:45,62.4
18.04. 04:00,74.5
18.04. 04:15,74.5
18.04. 04:30,74.5
18.04. 04:45,74.5
18.04. 05:00,105.1
18.04. 05:15,105.1
18.04. 05:30,105.1
18.04. 05:45,105.1
18.04. 06:00,175.4
18.04. 06:15,175.4
18.04. 06:30,175.4
18.04. 06:45,175.4
18.04. 07:00,202.5
18.04. 07:15,202.5
18.04. 07:30,202.5
18.04. 07:45,202.5
18.04. 08:00,195.8
18.04. 08:15,195.8
18.04. 08:30,195.8
18.04. 08:45,195.8
18.04. 09:00,182.2
18.04. 09:15,182.2
18.04. 09:30,182.2
18.04. 09:45,182.2
18.04. 10:00,170.4
18.04. 10:15,170.4
18.04. 10:30,170.4
18.04. 10:45,170.4
18.04. 11:00,169.7
18.04. 11:15,169.7
18.04. 11:30,169.7
18.04. 11:45,169.7
18.04. 12:00,178.1
18.04. 12:15,178.1
18.04. 12:30,178.1
18.04. 12:45,178.1
18.04. 13:00,168.7
18.04. 13:15,168.7
18.04. 13:30,168.7
18.04. 13:45,168.7
18.04. 14:00,178.5
18.04. 14:15,178.5
18.04. 14:30,178.5
18.04. 14:45,178.5
18.04. 15:00,162.2
18.04. 15:15,162.2
18.04. 15:30,162.2
18.04. 15:45,162.2
18.04. 16:00,147.9
18.04. 16:15,147.9
18.04. 16:30,147.9
18.04. 16:45,147.9
18.04. 17:00,158.8
18.04. 17:15,158.8
18.04. 17:30,158.8
18.04. 17:45,158.8
18.04. 18:00,203.4
18.04. 18:15,203.4
18.04. 18:30,203.4
18.04. 18:45,203.4
18.04. 19:00,232.9
18.04. 19:15,232.9
18.04. 19:30,232.9
18.04. 19:45,232.9
18.04. 20:00,247.8
18.04. 20:15,247.8
18.04. 20:30,247.8
18.04. 20:45,247.8
18.04. 21:00,250.6
18.04. 21:15,250.6
18.04. 21:30,250.6
18.04. 21:45,250.6
18.04. 22:00,197.3
18.04. 22:15,197.3
18.04. 22:30,197.3
18.04. 22:45,197.3
18.04. 23:00,147.0
18.04. 23:15,147.0
18.04. 23:30,147.0
18.04. 23:45,147.0
19.04. 00:00,93.9
19.04. 00:15,93.9
19.04. 00:30,93.9
19.04. 00:45,93.9
19.04. 01:00,84.7
19.04. 01:15,84.7
19.04. 01:30,84.7
19.04. 01:45,84.7
19.04. 02:00,78.0
19.04. 02:15,78.0
19.04. 02:30,78.0
19.04. 02:45,78.0
19.04. 03:00,81.6
19.04. 03:15,81.6
19.04. 03:30,81.6
19.04. 03:45,81.6
19.04. 04:00,81.1
19.04. 04:15,81.1
19.04. 04:30,81.1
19.04. 04:45,81.1
19.04. 05:00,110.8
19.04. 05:15,110.8
19.04. 05:30,110.8
19.04. 05:45,110.8
19.04. 06:00,171.8
19.04. 06:15,171.8
19.04. 06:30,171.8
19.04. 06:45,171.8
19.04. 07:00,189.2
19.04. 07:15,189.2
19.04. 07:30,189.2
19.04. 07:45,189.2
19.04. 08:00,182.2
19.04. 08:15,182.2
19.04. 08:30,182.2
19.04. 08:45,182.2
19.04. 09:00,183.1
19.04. 09:15,183.1
19.04. 09:30,183.1
19.04. 09:45,183.1
19.04. 10:00,166.2
19.04. 10:15,166.2
19.04. 10:30,166.2
19.04. 10:45,166.2
19.04. 11:00,184.2
19.04. 11:15,184.2
19.04. 11:30,184.2
19.04. 11:45,184.2
19.04. 12:00,181.6
19.04. 12:15,181.6
19.04. 12:30,181.6
19.04. 12:45,181.6
19.04. 13:00,175.8
19.04. 13:15,175.8
19.04. 13:30,175.8
19.04. 13:45,175.8
19.04. 14:00,163.1
19.04. 14:15,163.1
19.04. 14:30,163.1
19.04. 14:45,163.1
19.04. 15:00,158.3
19.04. 15:15,158.3
19.04. 15:30,158.3
19.04. 15:45,158.3
19.04. 16:00,143.2
19.04. 16:15,143.2
19.04. 16:30,143.2
19.04. 16:45,143.2
19.04. 17:00,158.5
19.04. 17:15,158.5
19.04. 17:30,158.5
19.04. 17:45,158.5
19.04. 18:00,205.3
19.04. 18:15,205.3
19.04. 18:30,205.3
19.04. 18:45,205.3
19.04. 19:00,236.7
19.04. 19:15,236.7
19.04. 19:30,236.7
19.04. 19:45,236.7
19.04. 20:00,246.0
19.04. 20:15,246.0
19.04. 20:30,246.0
19.04. 20:45,246.0
19.04. 21:00,238.2
19.04. 21:15,238.2
19.04. 21:30,238.2
19.04. 21:45,238.2
19.04. 22:00,195.2
19.04. 22:15,195.2
19.04. 22:30,195.2
19.04. 22:45,195.2
19.04. 23:00,142.5
19.04. 23:15,142.5
19.04. 23:30,142.5
19.04. 23:45,142.5
20.04. 00:00,89.3
20.04. 00:15,89.3
20.04. 00:30,89.3
20.04. 00:45,89.3
20.04. 01:00,82.9
20.04. 01:15,82.9
20.04. 01:30,82.9
20.04. 01:45,82.9
20.04. 02:00,71.6
20.04. 02:15,71.6
20.04. 02:30,71.6
20.04. 02:45,71.6
20.04. 03:00,72.7
20.04. 03:15,72.7
20.04. 03:30,72.7
20.04. 03:45,72.7
20.04. 04:00,87.2
20.04. 04:15,87.2
20.04. 04:30,87.2
20.04. 04:45,87.2
20.04. 05:00,100.8
20.04. 05:15,100.8
20.04. 05:30,100.8
20.04. 05:45,100.8
20.04. 06:00,171.6
20.04. 06:15,171.6
20.04. 06:30,171.6
20.04. 06:45,171.6
20.04. 07:00,207.7
20.04. 07:15,207.7
20.04. 07:30,207.7
20.04. 07:45,207.7
20.04. 08:00,214.1
20.04. 08:15,214.1
20.04. 08:30,214.1
20.04. 08:45,214.1
20.04. 09:00,198.8
20.04. 09:15,198.8
20.04. 09:30,198.8
20.04. 09:45,198.8
20.04. 10:00,163.3
20.04. 10:15,163.3
20.04. 10:30,163.3
20.04. 10:45,163.3
20.04. 11:00,170.2
20.04. 11:15,170.2
20.04. 11:30,170.2
20.04. 11:45,170.2
20.04. 12:00,185.0
20.04. 12:15,185.0
20.04. 12:30,185.0
20.04. 12:45,185.0
20.04. 13:00,175.5
20.04. 13:15,175.5
20.04. 13:30,175.5
20.04. 13:45,175.5
20.04. 14:00,155.5
20.04. 14:15,155.5
20.04. 14:30,155.5
20.04. 14:45,155.5
20.04. 15:00,153.1
20.04. 15:15,153.1
20.04. 15:30,153.1
20.04. 15:45,153.1
20.04. 16:00,135.2
20.04. 16:15,135.2
20.04. 16:30,135.2
20.04. 16:45,135.2
20.04. 17:00,159.9
20.04. 17:15,159.9
20.04. 17:30,159.9
20.04. 17:45,159.9
20.04. 18:00,200.1
20.04. 18:15,200.1
20.04. 18:30,200.1
20.04. 18:45,200.1
20.04. 19:00,218.2
20.04. 19:15,218.2
20.04. 19:30,218.2
20.04. 19:45,218.2
20.04. 20:00,243.3
20.04. 20:15,243.3
20.04. 20:30,243.3
20.04. 20:45,243.3
20.04. 21:00,235.8
20.04. 21:15,235.8
20.04. 21:30,235.8
20.04. 21:45,235.8
20.04. 22:00,169.5
20.04. 22:15,169.5
20.04. 22:30,169.5
20.04. 22:45,169.5
20.04. 23:00,135.3
20.04. 23:15,135.3
20.04. 23:30,135.3
20.04. 23:45,135.3
21.04. 00:00,87.7
21.04. 00:15,87.7
21.04. 00:30,87.7
21.04. 00:45,87.7
21.04. 01:00,81.2
21.04. 01:15,81.2
21.04. 01:30,81.2
21.04. 01:45,81.2
21.04. 02:00,70.1
21.04. 02:15,70.1
21.04. 02:30,70.1
21.04. 02:45,70.1
21.04. 03:00,70.4
21.04. 03:15,70.4
21.04. 03:30,70.4
21.04. 03:45,70.4
21.04. 04:00,73.8
21.04. 04:15,73.8
21.04. 04:30,73.8
21.04. 04:45,73.8
21.04. 05:00,78.7
21.04. 05:15,78.7
21.04. 05:30,78.7
21.04. 05:45,78.7
21.04. 06:00,88.2
21.04. 06:15,88.2
21.04. 06:30,88.2
21.04. 06:45,88.2
21.04. 07:00,118.2
21.04. 07:15,118.2
21.04. 07:30,118.2
21.04. 07:45,118.2
21.04. 08:00,172.8
21.04. 08:15,172.8
21.04. 08:30,172.8
21.04. 08:45,172.8
21.04. 09:00,201.1
21.04. 09:15,201.1
21.04. 09:30,201.1
21.04. 09:45,201.1
21.04. 10:00,214.1
21.04. 10:15,214.1
21.04. 10:30,214.1
21.04. 10:45,214.1
21.04. 11:00,257.3
21.04. 11:15,257.3
21.04. 11:30,257.3
21.04. 11:45,257.3
21.04. 12:00,256.8
21.04. 12:15,256.8
21.04. 12:30,256.8
21.04. 12:45,256.8
21.04. 13:00,215.5
21.04. 13:15,215.5
21.04. 13:30,215.5
21.04. 13:45,215.5
21.04. 14:00,183.0
21.04. 14:15,183.0
21.04. 14:30,183.0
21.04. 14:45,183.0
21.04. 15:00,188.8
21.04. 15:15,188.8
21.04. 15:30,188.8
21.04. 15:45,188.8
21.04. 16:00,196.9
21.04. 16:15,196.9
21.04. 16:30,196.9
21.04. 16:45,196.9
21.04. 17:00,205.1
21.04. 17:15,205.1
21.04. 17:30,205.1
21.04. 17:45,205.1
21.04. 18:00,234.0
21.04. 18:15,234.0
21.04. 18:30,234.0
21.04. 18:45,234.0
21.04. 19:00,249.1
21.04. 19:15,249.1
21.04. 19:30,249.1
21.04. 19:45,249.1
21.04. 20:00,230.7
21.04. 20:15,230.7
21.04. 20:30,230.7
21.04. 20:45,230.7
21.04. 21:00,205.3
21.04. 21:15,205.3
21.04. 21:30,205.3
21.04. 21:45,205.3
21.04. 22:00,167.2
21.04. 22:15,167.2
21.04. 22:30,167.2
21.04. 22:45,167.2
21.04. 23:00,111.6
21.04. 23:15,111.6
21.04. 23:30,111.6
21.04. 23:45,111.6
22.04. 00:00,92.5
22.04. 00:15,92.5
22.04. 00:30,92.5
22.04. 00:45,92.5
22.04. 01:00,75.0
22.04. 01:15,75.0
22.04. 01:30,75.0
22.04. 01:45,75.0
22.04. 02:00,69.8
22.04. 02:15,69.8
22.04. 02:30,69.8
22.04. 02:45,69.8
22.04. 03:00,66.8
22.04. 03:15,66.8
22.04. 03:30,66.8
22.04. 03:45,66.8
22.04. 04:00,65.4
22.04. 04:15,65.4
22.04. 04:30,65.4
22.04. 04:45,65.4
22.04. 05:00,73.4
22.04. 05:15,73.4
22.04. 05:30,73.4
22.04. 05:45,73.4
22.04. 06:00,76.8
22.04. 06:15,76.8
22.04. 06:30,76.8
22.04. 06:45,76.8
22.04. 07:00,80.4
22.04. 07:15,80.4
22.04. 07:30,80.4
22.04. 07:45,80.4
22.04. 08:00,111.0
22.04. 08:15,111.0
22.04. 08:30,111.0
22.04. 08:45,111.0
22.04. 09:00,171.6
22.04. 09:15,171.6
22.04. 09:30,171.6
22.04. 09:45,171.6
22.04. 10:00,224.0
22.04. 10:15,224.0
22.04. 10:30,224.0
22.04. 10:45,224.0
22.04. 11:00,267.6
22.04. 11:15,267.6
22.04. 11:30,267.6
22.04. 11:45,267.6
22.04. 12:00,250.3
22.04. 12:15,250.3
22.04. 12:30,250.3
22.04. 12:45,250.3
22.04. 13:00,242.7
22.04. 13:15,242.7
22.04. 13:30,242.7
22.04. 13:45,242.7
22.04. 14:00,198.8
22.04. 14:15,198.8
22.04. 14:30,198.8
22.04. 14:45,198.8
22.04. 15:00,184.8
22.04. 15:15,184.8
22.04. 15:30,184.8
22.04. 15:45,184.8
22.04. 16:00,162.9
22.04. 16:15,162.9
22.04. 16:30,162.9
22.04. 16:45,162.9
22.04. 17:00,160.7
22.04. 17:15,160.7
22.04. 17:30,160.7
22.04. 17:45,160.7
22.04. 18:00,169.2
22.04. 18:15,169.2
22.04. 18:30,169.2
22.04. 18:45,169.2
22.04. 19:00,206.5
22.04. 19:15,206.5
22.04. 19:30,206.5
22.04. 19:45,206.5
22.04. 20:00,219.5
22.04. 20:15,219.5
22.04. 20:30,219.5
22.04. 20:45,219.5
22.04. 21:00,192.7
22.04. 21:15,192.7
22.04. 21:30,192.7
22.04. 21:45,192.7
22.04. 22:00,178.7
22.04. 22:15,178.7
22.04. 22:30,178.7
22.04. 22:45,178.7
22.04. 23:00,120.9
22.04. 23:15,120.9
22.04. 23:30,120.9
22.04. 23:45,120.9
23.04. 00:00,73.6
23.04. 00:15,73.6
23.04. 00:30,73.6
23.04. 00:45,73.6
23.04. 01:00,63.4
23.04. 01:15,63.4
23.04. 01:30,63.4
23.04. 01:45,63.4
23.04. 02:00,61.2
23.04. 02:15,61.2
23.04. 02:30,61.2
23.04. 02:45,61.2
23.04. 03:00,61.4
23.04. 03:15,61.4
23.04. 03:30,61.4
23.04. 03:45,61.4
23.04. 04:00,69.6
23.04. 04:15,69.6
23.04. 04:30,69.6
23.04. 04:45,69.6
23.04. 05:00,98.3
23.04. 05:15,98.3
23.04. 05:30,98.3
23.04. 05:45,98.3
23.04. 06:00,164.6
23.04. 06:15,164.6
23.04. 06:30,164.6
23.04. 06:45,164.6
23.04. 07:00,192.0
23.04. 07:15,192.0
23.04. 07:30,192.0
23.04. 07:45,192.0
23.04. 08:00,183.2
23.04. 08:15,183.2
23.04. 08:30,183.2
23.04. 08:45,183.2
23.04. 09:00,175.0
23.04. 09:15,175.0
23.04. 09:30,175.0
23.04. 09:45,175.0
23.04. 10:00,174.5
23.04. 10:15,174.5
23.04. 10:30,174.5
23.04. 10:45,174.5
23.04. 11:00,153.8
23.04. 11:15,153.8
23.04. 11:30,153.8
23.04. 11:45,153.8
23.04. 12:00,169.5
23.04. 12:15,169.5
23.04. 12:30,169.5
23.04. 12:45,169.5
23.04. 13:00,171.9
23.04. 13:15,171.9
23.04. 13:30,171.9
23.04. 13:45,171.9
23.04. 14:00,146.1
23.04. 14:15,146.1
23.04. 14:30,146.1
23.04. 14:45,146.1
23.04. 15:00,144.5
23.04. 15:15,144.5
23.04. 15:30,144.5
23.04. 15:45,144.5
23.04. 16:00,140.8
23.04. 16:15,140.8
23.04. 16:30,140.8
23.04. 16:45,140.8
23.04. 17:00,155.4
23.04. 17:15,155.4
23.04. 17:30,155.4
23.04. 17:45,155.4
23.04. 18:00,175.7
23.04. 18:15,175.7
23.04. 18:30,175.7
23.04. 18:45,175.7
23.04. 19:00,215.9
23.04. 19:15,215.9
23.04. 19:30,215.9
23.04. 19:45,215.9
23.04. 20:00,225.2
23.04. 20:15,225.2
23.04. 20:30,225.2
23.04. 20:45,225.2
23.04. 21:00,224.9
23.04. 21:15,224.9
23.04. 21:30,224.9
23.04. 21:45,224.9
23.04. 22:00,159.2
23.04. 22:15,159.2
23.04. 22:30,159.2
23.04. 22:45,159.2
23.04. 23:00,113.7
23.04. 23:15,113.7
23.04. 23:30,113.7
23.04. 23:45,113.7
24.04. 00:00,70.2
24.04. 00:15,70.2
24.04. 00:30,70.2
24.04. 00:45,70.2
24.04. 01:00,64.2
24.04. 01:15,64.2
24.04. 01:30,64.2
24.04. 01:45,64.2
24.04. 02:00,55.0
24.04. 02:15,55.0
24.04. 02:30,55.0
24.04. 02:45,55.0
24.04. 03:00,56.4
24.04. 03:15,56.4
24.04. 03:30,56.4
24.04. 03:45,56.4
24.04. 04:00,69.4
24.04. 04:15,69.4
24.04. 04:30,69.4
24.04. 04:45,69.4
24.04. 05:00,91.4
24.04. 05:15,91.4
24.04. 05:30,91.4
24.04. 05:45,91.4
24.04. 06:00,154.0
24.04. 06:15,154.0
24.04. 06:30,154.0
24.04. 06:45,154.0
24.04. 07:00,198.4
24.04. 07:15,198.4
24.04. 07:30,198.4
24.04. 07:45,198.4
24.04. 08:00,176.5
24.04. 08:15,176.5
24.04. 08:30,176.5
24.04. 08:45,176.5
24.04. 09:00,176.2
24.04. 09:15,176.2
24.04. 09:30,176.2
24.04. 09:45,176.2
24.04. 10:00,169.1
24.04. 10:15,169.1
24.04. 10:30,169.1
24.04. 10:45,169.1
24.04. 11:00,162.9
24.04. 11:15,162.9
24.04. 11:30,162.9
24.04. 11:45,162.9
24.04. 12:00,159.8
24.04. 12:15,159.8
24.04. 12:30,159.8
24.04. 12:45,159.8
24.04. 13:00,163.5
24.04. 13:15,163.5
24.04. 13:30,163.5
24.04. 13:45,163.5
24.04. 14:00,155.9
24.04. 14:15,155.9
24.04. 14:30,155.9
24.04. 14:45,155.9
24.04. 15:00,138.7
24.04. 15:15,138.7
24.04. 15:30,138.7
24.04. 15:45,138.7
24.04. 16:00,143.9
24.04. 16:15,143.9
24.04. 16:30,143.9
24.04. 16:45,143.9
24.04. 17:00,157.9
24.04. 17:15,157.9
24.04. 17:30,157.9
24.04. 17:45,157.9
24.04. 18:00,182.6
24.04. 18:15,182.6
24.04. 18:30,182.6
24.04. 18:45,182.6
24.04. 19:00,230.9
24.04. 19:15,230.9
24.04. 19:30,230.9
24.04. 19:45,230.9
24.04. 20:00,245.3
24.04. 20:15,245.3
24.04. 20:30,245.3
24.04. 20:45,245.3
24.04. 21:00,216.0
24.04. 21:15,216.0
24.04. 21:30,216.0
24.04. 21:45,216.0
24.04. 22:00,185.8
24.04. 22:15,185.8
24.04. 22:30,185.8
24.04. 22:45,185.8
24.04. 23:00,136.7
24.04. 23:15,136.7
24.04. 23:30,136.7
24.04. 23:45,136.7
25.04. 00:00,76.3
25.04. 00:15,76.3
25.04. 00:30,76.3
25.04. 00:45,76.3
25.04. 01:00,67.8
25.04. 01:15,67.8
25.04. 01:30,67.8
25.04. 01:45,67.8
25.04. 02:00,63.5
25.04. 02:15,63.5
25.04. 02:30,63.5
25.04. 02:45,63.5
25.04. 03:00,68.0
25.04. 03:15,68.0
25.04. 03:30,68.0
25.04. 03:45,68.0
25.04. 04:00,84.9
25.04. 04:15,84.9
25.04. 04:30,84.9
25.04. 04:45,84.9
25.04. 05:00,112.3
25.04. 05:15,112.3
25.04. 05:30,112.3
25.04. 05:45,112.3
25.04. 06:00,197.1
25.04. 06:15,197.1
25.04. 06:30,197.1
25.04. 06:45,197.1
25.04. 07:00,223.8
25.04. 07:15,223.8
25.04. 07:30,223.8
25.04. 07:45,223.8
25.04. 08:00,221.3
25.04. 08:15,221.3
25.04. 08:30,221.3
25.04. 08:45,221.3
25.04. 09:00,215.3
25.04. 09:15,215.3
25.04. 09:30,215.3
25.04. 09:45,215.3
25.04. 10:00,192.3
25.04. 10:15,192.3
25.04. 10:30,192.3
25.04. 10:45,192.3
25.04. 11:00,178.4
25.04. 11:15,178.4
25.04. 11:30,178.4
25.04. 11:45,178.4
25.04. 12:00,201.8
25.04. 12:15,201.8
25.04. 12:30,201.8
25.04. 12:45,201.8
25.04. 13:00,195.9
25.04. 13:15,195.9
25.04. 13:30,195.9
25.04. 13:45,195.9
25.04. 14:00,168.1
25.04. 14:15,168.1
25.04. 14:30,168.1
25.04. 14:45,168.1
25.04. 15:00,159.7
25.04. 15:15,159.7
25.04. 15:30,159.7
25.04. 15:45,159.7
25.04. 16:00,154.1
25.04. 16:15,154.1
25.04. 16:30,154.1
25.04. 16:45,154.1
25.04. 17:00,183.1
25.04. 17:15,183.1
25.04. 17:30,183.1
25.04. 17:45,183.1
25.04. 18:00,227.0
25.04. 18:15,227.0
25.04. 18:30,227.0
25.04. 18:45,227.0
25.04. 19:00,260.0
25.04. 19:15,260.0
25.04. 19:30,260.0
25.04. 19:45,260.0
25.04. 20:00,273.6
25.04. 20:15,273.6
25.04. 20:30,273.6
25.04. 20:45,273.6
25.04. 21:00,242.4
25.04. 21:15,242.4
25.04. 21:30,242.4
25.04. 21:45,242.4
25.04. 22:00,185.9
25.04. 22:15,185.9
25.04. 22:30,185.9
25.04. 22:45,185.9
25.04. 23:00,132.8
25.04. 23:15,132.8
25.04. 23:30,132.8
25.04. 23:45,132.8
26.04. 00:00,80.4
26.04. 00:15,80.4
26.04. 00:30,80.4
26.04. 00:45,80.4
26.04. 01:00,67.6
26.04. 01:15,67.6
26.04. 01:30,67.6
26.04. 01:45,67.6
26.04. 02:00,64.1
26.04. 02:15,64.1
26.04. 02:30,64.1
26.04. 02:45,64.1
26.04. 03:00,63.8
26.04. 03:15,63.8
26.04. 03:30,63.8
26.04. 03:45,63.8
26.04. 04:00,73.9
26.04. 04:15,73.9
26.04. 04:30,73.9
26.04. 04:45,73.9
26.04. 05:00,106.6
26.04. 05:15,106.6
26.04. 05:30,106.6
26.04. 05:45,106.6
26.04. 06:00,189.3
26.04. 06:15,189.3
26.04. 06:30,189.3
26.04. 06:45,189.3
26.04. 07:00,214.0
26.04. 07:15,214.0
26.04. 07:30,214.0
26.04. 07:45,214.0
26.04. 08:00,219.9
26.04. 08:15,219.9
26.04. 08:30,219.9
26.04. 08:45,219.9
26.04. 09:00,198.4
26.04. 09:15,198.4
26.04. 09:30,198.4
26.04. 09:45,198.4
26.04. 10:00,172.2
26.04. 10:15,172.2
26.04. 10:30,172.2
26.04. 10:45,172.2
26.04. 11:00,183.0
26.04. 11:15,183.0
26.04. 11:30,183.0
26.04. 11:45,183.0
26.04. 12:00,182.3
26.04. 12:15,182.3
26.04. 12:30,182.3
26.04. 12:45,182.3
26.04. 13:00,181.8
26.04. 13:15,181.8
26.04. 13:30,181.8
26.04. 13:45,181.8
26.04. 14:00,159.7
26.04. 14:15,159.7
26.04. 14:30,159.7
26.04. 14:45,159.7
26.04. 15:00,153.9
26.04. 15:15,153.9
26.04. 15:30,153.9
26.04. 15:45,153.9
26.04. 16:00,158.4
26.04. 16:15,158.4
26.04. 16:30,158.4
26.04. 16:45,158.4
26.04. 17:00,157.2
26.04. 17:15,157.2
26.04. 17:30,157.2
26.04. 17:45,157.2
26.04. 18:00,196.0
26.04. 18:15,196.0
26.04. 18:30,196.0
26.04. 18:45,196.0
26.04. 19:00,246.8
26.04. 19:15,246.8
26.04. 19:30,246.8
26.04. 19:45,246.8
26.04. 20:00,258.3
26.04. 20:15,258.3
26.04. 20:30,258.3
26.04. 20:45,258.3
26.04. 21:00,228.5
26.04. 21:15,228.5
26.04. 21:30,228.5
26.04. 21:45,228.5
26.04. 22:00,197.4
26.04. 22:15,197.4
26.04. 22:30,197.4
26.04. 22:45,197.4
26.04. 23:00,135.2
26.04. 23:15,135.2
26.04. 23:30,135.2
26.04. 23:45,135.2
27.04. 00:00,79.2
27.04. 00:15,79.2
27.04. 00:30,79.2
27.04. 00:45,79.2
27.04. 01:00,74.2
27.04. 01:15,74.2
27.04. 01:30,74.2
27.04. 01:45,74.2
27.04. 02:00,67.0
27.04. 02:15,67.0
27.04. 02:30,67.0
27.04. 02:45,67.0
27.04. 03:00,72.2
27.04. 03:15,72.2
27.04. 03:30,72.2
27.04. 03:45,72.2
27.04. 04:00,81.4
27.04. 04:15,81.4
27.04. 04:30,81.4
27.04. 04:45,81.4
27.04. 05:00,107.0
27.04. 05:15,107.0
27.04. 05:30,107.0
27.04. 05:45,107.0
27.04. 06:00,189.4
27.04. 06:15,189.4
27.04. 06:30,189.4
27.04. 06:45,189.4
27.04. 07:00,212.6
27.04. 07:15,212.6
27.04. 07:30,212.6
27.04. 07:45,212.6
27.04. 08:00,223.1
27.04. 08:15,223.1
27.04. 08:30,223.1
27.04. 08:45,223.1
27.04. 09:00,177.5
27.04. 09:15,177.5
27.04. 09:30,177.5
27.04. 09:45,177.5
27.04. 10:00,173.3
27.04. 10:15,173.3
27.04. 10:30,173.3
27.04. 10:45,173.3
27.04. 11:00,175.3
27.04. 11:15,175.3
27.04. 11:30,175.3
27.04. 11:45,175.3
27.04. 12:00,175.9
27.04. 12:15,175.9
27.04. 12:30,175.9
27.04. 12:45,175.9
27.04. 13:00,185.6
27.04. 13:15,185.6
27.04. 13:30,185.6
27.04. 13:45,185.6
27.04. 14:00,159.7
27.04. 14:15,159.7
27.04. 14:30,159.7
27.04. 14:45,159.7
27.04. 15:00,146.8
27.04. 15:15,146.8
27.04. 15:30,146.8
27.04. 15:45,146.8
27.04. 16:00,143.6
27.04. 16:15,143.6
27.04. 16:30,143.6
27.04. 16:45,143.6
27.04. 17:00,152.0
27.04. 17:15,152.0
27.04. 17:30,152.0
27.04. 17:45,152.0
27.04. 18:00,190.4
27.04. 18:15,190.4
27.04. 18:30,190.4
27.04. 18:45,190.4
27.04. 19:00,237.0
27.04. 19:15,237.0
27.04. 19:30,237.0
27.04. 19:45,237.0
27.04. 20:00,262.5
27.04. 20:15,262.5
27.04. 20:30,262.5
27.04. 20:45,262.5
27.04. 21:00,254.4
27.04. 21:15,254.4
27.04. 21:30,254.4
27.04. 21:45,254.4
27.04. 22:00,198.9
27.04. 22:15,198.9
27.04. 22:30,198.9
27.04. 22:45,198.9
27.04. 23:00,137.0
27.04. 23:15,137.0
27.04. 23:30,137.0
27.04. 23:45,137.0
28.04. 00:00,90.5
28.04. 00:15,90.5
28.04. 00:30,90.5
28.04. 00:45,90.5
28.04. 01:00,82.6
28.04. 01:15,82.6
28.04. 01:30,82.6
28.04. 01:45,82.6
28.04. 02:00,76.6
28.04. 02:15,76.6
28.04. 02:30,76.6
28.04. 02:45,76.6
28.04. 03:00,72.9
28.04. 03:15,72.9
28.04. 03:30,72.9
28.04. 03:45,72.9
28.04. 04:00,77.7
28.04. 04:15,77.7
28.04. 04:30,77.7
28.04. 04:45,77.7
28.04. 05:00,84.3
28.04. 05:15,84.3
28.04. 05:30,84.3
28.04. 05:45,84.3
28.04. 06:00,94.9
28.04. 06:15,94.9
28.04. 06:30,94.9
28.04. 06:45,94.9
28.04. 07:00,130.4
28.04. 07:15,130.4
28.04. 07:30,130.4
28.04. 07:45,130.4
28.04. 08:00,193.0
28.04. 08:15,193.0
28.04. 08:30,193.0
28.04. 08:45,193.0
28.04. 09:00,199.9
28.04. 09:15,199.9
28.04. 09:30,199.9
28.04. 09:45,199.9
28.04. 10:00,233.6
28.04. 10:15,233.6
28.04. 10:30,233.6
28.04. 10:45,233.6
28.04. 11:00,232.2
28.04. 11:15,232.2
28.04. 11:30,232.2
28.04. 11:45,232.2
28.04. 12:00,256.8
28.04. 12:15,256.8
28.04. 12:30,256.8
28.04. 12:45,256.8
28.04. 13:00,227.1
28.04. 13:15,227.1
28.04. 13:30,227.1
28.04. 13:45,227.1
28.04. 14:00,209.8
28.04. 14:15,209.8
28.04. 14:30,209.8
28.04. 14:45,209.8
28.04. 15:00,179.7
28.04. 15:15,179.7
28.04. 15:30,179.7
28.04. 15:45,179.7
28.04. 16:00,187.0
28.04. 16:15,187.0
28.04. 16:30,187.0
28.04. 16:45,187.0
28.04. 17:00,194.5
28.04. 17:15,194.5
28.04. 17:30,194.5
28.04. 17:45,194.5
28.04. 18:00,239.9
28.04. 18:15,239.9
28.04. 18:30,239.9
28.04. 18:45,239.9
28.04. 19:00,244.3
28.04. 19:15,244.3
28.04. 19:30,244.3
28.04. 19:45,244.3
28.04. 20:00,242.9
28.04. 20:15,242.9
28.04. 20:30,242.9
28.04. 20:45,242.9
28.04. 21:00,200.4
28.04. 21:15,200.4
28.04. 21:30,200.4
28.04. 21:45,200.4
28.04. 22:00,165.0
28.04. 22:15,165.0
28.04. 22:30,165.0
28.04. 22:45,165.0
28.04. 23:00,119.5
28.04. 23:15,119.5
28.04. 23:30,119.5
28.04. 23:45,119.5
29.04. 00:00,101.0
29.04. 00:15,101.0
29.04. 00:30,101.0
29.04. 00:45,101.0
29.04. 01:00,83.2
29.04. 01:15,83.2
29.04. 01:30,83.2
29.04. 01:45,83.2
29.04. 02:00,72.4
29.04. 02:15,72.4
29.04. 02:30,72.4
29.04. 02:45,72.4
29.04. 03:00,68.1
29.04. 03:15,68.1
29.04. 03:30,68.1
29.04. 03:45,68.1
29.04. 04:00,68.1
29.04. 04:15,68.1
29.04. 04:30,68.1
29.04. 04:45,68.1
29.04. 05:00,76.6
29.04. 05:15,76.6
29.04. 05:30,76.6
29.04. 05:45,76.6
29.04. 06:00,84.1
29.04. 06:15,84.1
29.04. 06:30,84.1
29.04. 06:45,84.1
29.04. 07:00,86.2
29.04. 07:15,86.2
29.04. 07:30,86.2
29.04. 07:45,86.2
29.04. 08:00,118.7
29.04. 08:15,118.7
29.04. 08:30,118.7
29.04. 08:45,118.7
29.04. 09:00,166.3
29.04. 09:15,166.3
29.04. 09:30,166.3
29.04. 09:45,166.3
29.04. 10:00,240.0
29.04. 10:15,240.0
29.04. 10:30,240.0
29.04. 10:45,240.0
29.04. 11:00,228.0
29.04. 11:15,228.0
29.04. 11:30,228.0
29.04. 11:45,228.0
29.04. 12:00,230.0
29.04. 12:15,230.0
29.04. 12:30,230.0
29.04. 12:45,230.0
29.04. 13:00,245.5
29.04. 13:15,245.5
29.04. 13:30,245.5
29.04. 13:45,245.5
29.04. 14:00,219.5
29.04. 14:15,219.5
29.04. 14:30,219.5
29.04. 14:45,219.5
29.04. 15:00,171.9
29.04. 15:15,171.9
29.04. 15:30,171.9
29.04. 15:45,171.9
29.04. 16:00,170.0
29.04. 16:15,170.0
29.04. 16:30,170.0
29.04. 16:45,170.0
29.04. 17:00,161.5
29.04. 17:15,161.5
29.04. 17:30,161.5
29.04. 17:45,161.5
29.04. 18:00,187.6
29.04. 18:15,187.6
29.04. 18:30,187.6
29.04. 18:45,187.6
29.04. 19:00,200.1
29.04. 19:15,200.1
29.04. 19:30,200.1
29.04. 19:45,200.1
29.04. 20:00,222.5
29.04. 20:15,222.5
29.04. 20:30,222.5
29.04. 20:45,222.5
29.04. 21:00,198.7
29.04. 21:15,198.7
29.04. 21:30,198.7
29.04. 21:45,198.7
29.04. 22:00,178.5
29.04. 22:15,178.5
29.04. 22:30,178.5
29.04. 22:45,178.5
29.04. 23:00,113.1
29.04. 23:15,113.1
29.04. 23:30,113.1
29.04. 23:45,113.1
30.04. 00:00,83.1
30.04. 00:15,83.1
30.04. 00:30,83.1
30.04. 00:45,83.1
30.04. 01:00,72.2
30.04. 01:15,72.2
30.04. 01:30,72.2
30.04. 01:45,72.2
30.04. 02:00,68.0
30.04. 02:15,68.0
30.04. 02:30,68.0
30.04. 02:45,68.0
30.04. 03:00,63.3
30.04. 03:15,63.3
30.04. 03:30,63.3
30.04. 03:45,63.3
30.04. 04:00,81.7
30.04. 04:15,81.7
30.04. 04:30,81.7
30.04. 04:45,81.7
30.04. 05:00,116.5
30.04. 05:15,116.5
30.04. 05:30,116.5
30.04. 05:45,116.5
30.04. 06:00,188.2
30.04. 06:15,188.2
30.04. 06:30,188.2
30.04. 06:45,188.2
30.04. 07:00,223.2
30.04. 07:15,223.2
30.04. 07:30,223.2
30.04. 07:45,223.2
30.04. 08:00,210.0
30.04. 08:15,210.0
30.04. 08:30,210.0
30.04. 08:45,210.0
30.04. 09:00,193.3
30.04. 09:15,193.3
30.04. 09:30,193.3
30.04. 09:45,193.3
30.04. 10:00,180.6
30.04. 10:15,180.6
30.04. 10:30,180.6
30.04. 10:45,180.6
30.04. 11:00,179.0
30.04. 11:15,179.0
30.04. 11:30,179.0
30.04. 11:45,179.0
30.04. 12:00,191.8
30.04. 12:15,191.8
30.04. 12:30,191.8
30.04. 12:45,191.8
30.04. 13:00,179.9
30.04. 13:15,179.9
30.04. 13:30,179.9
30.04. 13:45,179.9
30.04. 14:00,155.6
30.04. 14:15,155.6
30.04. 14:30,155.6
30.04. 14:45,155.6
30.04. 15:00,157.3
30.04. 15:15,157.3
30.04. 15:30,157.3
30.04. 15:45,157.3
30.04. 16:00,153.2
30.04. 16:15,153.2
30.04. 16:30,153.2
30.04. 16:45,153.2
30.04. 17:00,175.4
30.04. 17:15,175.4
30.04. 17:30,175.4
30.04. 17:45,175.4
30.04. 18:00,187.1
30.04. 18:15,187.1
30.04. 18:30,187.1
30.04. 18:45,187.1
30.04. 19:00,248.4
30.04. 19:15,248.4
30.04. 19:30,248.4
30.04. 19:45,248.4
30.04. 20:00,232.7
30.04. 20:15,232.7
30.04. 20:30,232.7
30.04. 20:45,232.7
30.04. 21:00,239.9
30.04. 21:15,239.9
30.04. 21:30,239.9
30.04. 21:45,239.9
30.04. 22:00,190.5
30.04. 22:15,190.5
30.04. 22:30,190.5
30.04. 22:45,190.5
30.04. 23:00,130.1
30.04. 23:15,130.1
30.04. 23:30,130.1
30.04. 23:45,130.1
01.05. 00:00,83.8
01.05. 00:15,83.8
01.05. 00:30,83.8
01.05. 00:45,83.8
01.05. 01:00,65.9
01.05. 01:15,65.9
01.05. 01:30,65.9
01.05. 01:45,65.9
01.05. 02:00,72.2
01.05. 02:15,72.2
01.05. 02:30,72.2
01.05. 02:45,72.2
01.05. 03:00,65.7
01.05. 03:15,65.7
01.05. 03:30,65.7
01.05. 03:45,65.7
01.05. 04:00,76.5
01.05. 04:15,76.5
01.05. 04:30,76.5
01.05. 04:45,76.5
01.05. 05:00,72.7
01.05. 05:15,72.7
01.05. 05:30,72.7
01.05. 05:45,72.7
01.05. 06:00,80.2
01.05. 06:15,80.2
01.05. 06:30,80.2
01.05. 06:45,80.2
01.05. 07:00,88.5
01.05. 07:15,88.5
01.05. 07:30,88.5
01.05. 07:45,88.5
01.05. 08:00,116.1
01.05. 08:15,116.1
01.05. 08:30,116.1
01.05. 08:45,116.1
01.05. 09:00,166.6
01.05. 09:15,166.6
01.05. 09:30,166.6
01.05. 09:45,166.6
01.05. 10:00,222.8
01.05. 10:15,222.8
01.05. 10:30,222.8
01.05. 10:45,222.8
01.05. 11:00,232.7
01.05. 11:15,232.7
01.05. 11:30,232.7
01.05. 11:45,232.7
01.05. 12:00,260.5
01.05. 12:15,260.5
01.05. 12:30,260.5
01.05. 12:45,260.5
01.05. 13:00,224.2
01.05. 13:15,224.2
01.05. 13:30,224.2
01.05. 13:45,224.2
01.05. 14:00,210.6
01.05. 14:15,210.6
01.05. 14:30,210.6
01.05. 14:45,210.6
01.05. 15:00,169.6
01.05. 15:15,169.6
01.05. 15:30,169.6
01.05. 15:45,169.6
01.05. 16:00,147.5
01.05. 16:15,147.5
01.05. 16:30,147.5
01.05. 16:45,147.5
01.05. 17:00,166.4
01.05. 17:15,166.4
01.05. 17:30,166.4
01.05. 17:45,166.4
01.05. 18:00,165.2
01.05. 18:15,165.2
01.05. 18:30,165.2
01.05. 18:45,165.2
01.05. 19:00,201.2
01.05. 19:15,201.2
01.05. 19:30,201.2
01.05. 19:45,201.2
01.05. 20:00,231.6
01.05. 20:15,231.6
01.05. 20:30,231.6
01.05. 20:45,231.6
01.05. 21:00,201.2
01.05. 21:15,201.2
01.05. 21:30,201.2
01.05. 21:45,201.2
01.05. 22:00,175.0
01.05. 22:15,175.0
01.05. 22:30,175.0
01.05. 22:45,175.0
01.05. 23:00,122.1
01.05. 23:15,122.1
01.05. 23:30,122.1
01.05. 23:45,122.1
02.05. 00:00,79.8
02.05. 00:15,79.8
02.05. 00:30,79.8
02.05. 00:45,79.8
02.05. 01:00,75.4
02.05. 01:15,75.4
02.05. 01:30,75.4
02.05. 01:45,75.4
02.05. 02:00,66.5
02.05. 02:15,66.5
02.05. 02:30,66.5
02.05. 02:45,66.5
02.05. 03:00,62.2
02.05. 03:15,62.2
02.05. 03:30,62.2
02.05. 03:45,62.2
02.05. 04:00,72.9
02.05. 04:15,72.9
02.05. 04:30,72.9
02.05. 04:45,72.9
02.05. 05:00,108.2
02.05. 05:15,108.2
02.05. 05:30,108.2
02.05. 05:45,108.2
02.05. 06:00,167.0
02.05. 06:15,167.0
02.05. 06:30,167.0
02.05. 06:45,167.0
02.05. 07:00,207.0
02.05. 07:15,207.0
02.05. 07:30,207.0
02.05. 07:45,207.0
02.05. 08:00,168.5
02.05. 08:15,168.5
02.05. 08:30,168.5
02.05. 08:45,168.5
02.05. 09:00,177.5
02.05. 09:15,177.5
02.05. 09:30,177.5
02.05. 09:45,177.5
02.05. 10:00,174.3
02.05. 10:15,174.3
02.05. 10:30,174.3
02.05. 10:45,174.3
02.05. 11:00,170.0
02.05. 11:15,170.0
02.05. 11:30,170.0
02.05. 11:45,170.0
02.05. 12:00,188.8
02.05. 12:15,188.8
02.05. 12:30,188.8
02.05. 12:45,188.8
02.05. 13:00,180.9
02.05. 13:15,180.9
02.05. 13:30,180.9
02.05. 13:45,180.9
02.05. 14:00,146.0
02.05. 14:15,146.0
02.05. 14:30,146.0
02.05. 14:45,146.0
02.05. 15:00,153.9
02.05. 15:15,153.9
02.05. 15:30,153.9
02.05. 15:45,153.9
02.05. 16:00,143.0
02.05. 16:15,143.0
02.05. 16:30,143.0
02.05. 16:45,143.0
02.05. 17:00,154.7
02.05. 17:15,154.7
02.05. 17:30,154.7
02.05. 17:45,154.7
02.05. 18:00,173.9
02.05. 18:15,173.9
02.05. 18:30,173.9
02.05. 18:45,173.9
02.05. 19:00,212.1
02.05. 19:15,212.1
02.05. 19:30,212.1
02.05. 19:45,212.1
02.05. 20:00,230.8
02.05. 20:15,230.8
02.05. 20:30,230.8
02.05. 20:45,230.8
02.05. 21:00,225.6
02.05. 21:15,225.6
02.05. 21:30,225.6
02.05. 21:45,225.6
02.05. 22:00,175.0
02.05. 22:15,175.0
02.05. 22:30,175.0
02.05. 22:45,175.0
02.05. 23:00,127.4
02.05. 23:15,127.4
02.05. 23:30,127.4
02.05. 23:45,127.4
03.05. 00:00,78.9
03.05. 00:15,78.9
03.05. 00:30,78.9
03.05. 00:45,78.9
03.05. 01:00,65.4
03.05. 01:15,65.4
03.05. 01:30,65.4
03.05. 01:45,65.4
03.05. 02:00,62.1
03.05. 02:15,62.1
03.05. 02:30,62.1
03.05. 02:45,62.1
03.05. 03:00,64.3
03.05. 03:15,64.3
03.05. 03:30,64.3
03.05. 03:45,64.3
03.05. 04:00,66.6
03.05. 04:15,66.6
03.05. 04:30,66.6
03.05. 04:45,66.6
03.05. 05:00,93.4
03.05. 05:15,93.4
03.05. 05:30,93.4
03.05. 05:45,93.4
03.05. 06:00,161.5
03.05. 06:15,161.5
03.05. 06:30,161.5
03.05. 06:45,161.5
03.05. 07:00,199.2
03.05. 07:15,199.2
03.05. 07:30,199.2
03.05. 07:45,199.2
03.05. 08:00,187.9
03.05. 08:15,187.9
03.05. 08:30,187.9
03.05. 08:45,187.9
03.05. 09:00,170.5
03.05. 09:15,170.5
03.05. 09:30,170.5
03.05. 09:45,170.5
03.05. 10:00,159.6
03.05. 10:15,159.6
03.05. 10:30,159.6
03.05. 10:45,159.6
03.05. 11:00,166.7
03.05. 11:15,166.7
03.05. 11:30,166.7
03.05. 11:45,166.7
03.05. 12:00,179.5
03.05. 12:15,179.5
03.05. 12:30,179.5
03.05. 12:45,179.5
03.05. 13:00,173.6
03.05. 13:15,173.6
03.05. 13:30,173.6
03.05. 13:45,173.6
03.05. 14:00,156.3
03.05. 14:15,156.3
03.05. 14:30,156.3
03.05. 14:45,156.3
03.05. 15:00,140.7
03.05. 15:15,140.7
03.05. 15:30,140.7
03.05. 15:45,140.7
03.05. 16:00,136.4
03.05. 16:15,136.4
03.05. 16:30,136.4
03.05. 16:45,136.4
03.05. 17:00,158.6
03.05. 17:15,158.6
03.05. 17:30,158.6
03.05. 17:45,158.6
03.05. 18:00,193.6
03.05. 18:15,193.6
03.05. 18:30,193.6
03.05. 18:45,193.6
03.05. 19:00,216.4
03.05. 19:15,216.4
03.05. 19:30,216.4
03.05. 19:45,216.4
03.05. 20:00,237.1
03.05. 20:15,237.1
03.05. 20:30,237.1
03.05. 20:45,237.1
03.05. 21:00,225.1
03.05. 21:15,225.1
03.05. 21:30,225.1
03.05. 21:45,225.1
03.05. 22:00,189.9
03.05. 22:15,189.9
03.05. 22:30,189.9
03.05. 22:45,189.9
03.05. 23:00,130.9
03.05. 23:15,130.9
03.05. 23:30,130.9
03.05. 23:45,130.9
04.05. 00:00,79.6
04.05. 00:15,79.6
04.05. 00:30,79.6
04.05. 00:45,79.6
04.05. 01:00,67.4
04.05. 01:15,67.4
04.05. 01:30,67.4
04.05. 01:45,67.4
04.05. 02:00,59.3
04.05. 02:15,59.3
04.05. 02:30,59.3
04.05. 02:45,59.3
04.05. 03:00,64.2
04.05. 03:15,64.2
04.05. 03:30,64.2
04.05. 03:45,64.2
04.05. 04:00,73.5
04.05. 04:15,73.5
04.05. 04:30,73.5
04.05. 04:45,73.5
04.05. 05:00,106.8
04.05. 05:15,106.8
04.05. 05:30,106.8
04.05. 05:45,106.8
04.05. 06:00,179.6
04.05. 06:15,179.6
04.05. 06:30,179.6
04.05. 06:45,179.6
04.05. 07:00,206.0
04.05. 07:15,206.0
04.05. 07:30,206.0
04.05. 07:45,206.0
04.05. 08:00,197.2
04.05. 08:15,197.2
04.05. 08:30,197.2
04.05. 08:45,197.2
04.05. 09:00,191.1
04.05. 09:15,191.1
04.05. 09:30,191.1
04.05. 09:45,191.1
04.05. 10:00,161.6
04.05. 10:15,161.6
04.05. 10:30,161.6
04.05. 10:45,161.6
04.05. 11:00,174.1
04.05. 11:15,174.1
04.05. 11:30,174.1
04.05. 11:45,174.1
04.05. 12:00,170.8
04.05. 12:15,170.8
04.05. 12:30,170.8
04.05. 12:45,170.8
04.05. 13:00,168.2
04.05. 13:15,168.2
04.05. 13:30,168.2
04.05. 13:45,168.2
04.05. 14:00,149.2
04.05. 14:15,149.2
04.05. 14:30,149.2
04.05. 14:45,149.2
04.05. 15:00,136.8
04.05. 15:15,136.8
04.05. 15:30,136.8
04.05. 15:45,136.8
04.05. 16:00,143.3
04.05. 16:15,143.3
04.05. 16:30,143.3
04.05. 16:45,143.3
04.05. 17:00,160.2
04.05. 17:15,160.2
04.05. 17:30,160.2
04.05. 17:45,160.2
04.05. 18:00,183.4
04.05. 18:15,183.4
04.05. 18:30,183.4
04.05. 18:45,183.4
04.05. 19:00,229.8
04.05. 19:15,229.8
04.05. 19:30,229.8
04.05. 19:45,229.8
04.05. 20:00,240.8
04.05. 20:15,240.8
04.05. 20:30,240.8
04.05. 20:45,240.8
04.05. 21:00,225.4
04.05. 21:15,225.4
04.05. 21:30,225.4
04.05. 21:45,225.4
04.05. 22:00,182.2
04.05. 22:15,182.2
04.05. 22:30,182.2
04.05. 22:45,182.2
04.05. 23:00,132.6
04.05. 23:15,132.6
04.05. 23:30,132.6
04.05. 23:45,132.6
05.05. 00:00,82.5
05.05. 00:15,82.5
05.05. 00:30,82.5
05.05. 00:45,82.5
05.05. 01:00,71.5
05.05. 01:15,71.5
05.05. 01:30,71.5
05.05. 01:45,71.5
05.05. 02:00,64.5
05.05. 02:15,64.5
05.05. 02:30,64.5
05.05. 02:45,64.5
05.05. 03:00,63.3
05.05. 03:15,63.3
05.05. 03:30,63.3
05.05. 03:45,63.3
05.05. 04:00,70.8
05.05. 04:15,70.8
05.05. 04:30,70.8
05.05. 04:45,70.8
05.05. 05:00,70.7
05.05. 05:15,70.7
05.05. 05:30,70.7
05.05. 05:45,70.7
05.05. 06:00,81.4
05.05. 06:15,81.4
05.05. 06:30,81.4
05.05. 06:45,81.4
05.05. 07:00,109.0
05.05. 07:15,109.0
05.05. 07:30,109.0
05.05. 07:45,109.0
05.05. 08:00,161.6
05.05. 08:15,161.6
05.05. 08:30,161.6
05.05. 08:45,161.6
05.05. 09:00,191.2
05.05. 09:15,191.2
05.05. 09:30,191.2
05.05. 09:45,191.2
05.05. 10:00,225.7
05.05. 10:15,225.7
05.05. 10:30,225.7
05.05. 10:45,225.7
05.05. 11:00,222.7
05.05. 11:15,222.7
05.05. 11:30,222.7
05.05. 11:45,222.7
05.05. 12:00,222.8
05.05. 12:15,222.8
05.05. 12:30,222.8
05.05. 12:45,222.8
05.05. 13:00,223.1
05.05. 13:15,223.1
05.05. 13:30,223.1
05.05. 13:45,223.1
05.05. 14:00,199.2
05.05. 14:15,199.2
05.05. 14:30,199.2
05.05. 14:45,199.2
05.05. 15:00,178.0
05.05. 15:15,178.0
05.05. 15:30,178.0
05.05. 15:45,178.0
05.05. 16:00,178.3
05.05. 16:15,178.3
05.05. 16:30,178.3
05.05. 16:45,178.3
05.05. 17:00,191.5
05.05. 17:15,191.5
05.05. 17:30,191.5
05.05. 17:45,191.5
05.05. 18:00,227.3
05.05. 18:15,227.3
05.05. 18:30,227.3
05.05. 18:45,227.3
05.05. 19:00,227.9
05.05. 19:15,227.9
05.05. 19:30,227.9
05.05. 19:45,227.9
05.05. 20:00,231.0
05.05. 20:15,231.0
05.05. 20:30,231.0
05.05. 20:45,231.0
05.05. 21:00,209.8
05.05. 21:15,209.8
05.05. 21:30,209.8
05.05. 21:45,209.8
05.05. 22:00,154.6
05.05. 22:15,154.6
05.05. 22:30,154.6
05.05. 22:45,154.6
05.05. 23:00,112.6
05.05. 23:15,112.6
05.05. 23:30,112.6
05.05. 23:45,112.6
06.05. 00:00,103.2
06.05. 00:15,103.2
06.05. 00:30,103.2
06.05. 00:45,103.2
06.05. 01:00,86.9
06.05. 01:15,86.9
06.05. 01:30,86.9
06.05. 01:45,86.9
06.05. 02:00,80.5
06.05. 02:15,80.5
06.05. 02:30,80.5
06.05. 02:45,80.5
06.05. 03:00,69.0
06.05. 03:15,69.0
06.05. 03:30,69.0
06.05. 03:45,69.0
06.05. 04:00,73.0
06.05. 04:15,73.0
06.05. 04:30,73.0
06.05. 04:45,73.0
06.05. 05:00,69.6
06.05. 05:15,69.6
06.05. 05:30,69.6
06.05. 05:45,69.6
06.05. 06:00,65.9
06.05. 06:15,65.9
06.05. 06:30,65.9
06.05. 06:45,65.9
06.05. 07:00,73.2
06.05. 07:15,73.2
06.05. 07:30,73.2
06.05. 07:45,73.2
06.05. 08:00,101.4
06.05. 08:15,101.4
06.05. 08:30,101.4
06.05. 08:45,101.4
06.05. 09:00,168.6
06.05. 09:15,168.6
06.05. 09:30,168.6
06.05. 09:45,168.6
06.05. 10:00,236.4
06.05. 10:15,236.4
06.05. 10:30,236.4
06.05. 10:45,236.4
06.05. 11:00,250.8
06.05. 11:15,250.8
06.05. 11:30,250.8
06.05. 11:45,250.8
06.05. 12:00,266.6
06.05. 12:15,266.6
06.05. 12:30,266.6
06.05. 12:45,266.6
06.05. 13:00,253.0
06.05. 13:15,253.0
06.05. 13:30,253.0
06.05. 13:45,253.0
06.05. 14:00,242.0
06.05. 14:15,242.0
06.05. 14:30,242.0
06.05. 14:45,242.0
06.05. 15:00,204.2
06.05. 15:15,204.2
06.05. 15:30,204.2
06.05. 15:45,204.2
06.05. 16:00,173.0
06.05. 16:15,173.0
06.05. 16:30,173.0
06.05. 16:45,173.0
06.05. 17:00,177.8
06.05. 17:15,177.8
06.05. 17:30,177.8
06.05. 17:45,177.8
06.05. 18:00,165.0
06.05. 18:15,165.0
06.05. 18:30,165.0
06.05. 18:45,165.0
06.05. 19:00,185.3
06.05. 19:15,185.3
06.05. 19:30,185.3
06.05. 19:45,185.3
06.05. 20:00,211.5
06.05. 20:15,211.5
06.05. 20:30,211.5
06.05. 20:45,211.5
06.05. 21:00,205.1
06.05. 21:15,205.1
06.05. 21:30,205.1
06.05. 21:45,205.1
06.05. 22:00,171.8
06.05. 22:15,171.8
06.05. 22:30,171.8
06.05. 22:45,171.8
06.05. 23:00,121.6
06.05. 23:15,121.6
06.05. 23:30,121.6
06.05. 23:45,121.6
07.05. 00:00,74.3
07.05. 00:15,74.3
07.05. 00:30,74.3
07.05. 00:45,74.3
07.05. 01:00,65.4
07.05. 01:15,65.4
07.05. 01:30,65.4
07.05. 01:45,65.4
07.05. 02:00,56.2
07.05. 02:15,56.2
07.05. 02:30,56.2
07.05. 02:45,56.2
07.05. 03:00,54.8
07.05. 03:15,54.8
07.05. 03:30,54.8
07.05. 03:45,54.8
07.05. 04:00,57.1
07.05. 04:15,57.1
07.05. 04:30,57.1
07.05. 04:45,57.1
07.05. 05:00,84.2
07.05. 05:15,84.2
07.05. 05:30,84.2
07.05. 05:45,84.2
07.05. 06:00,149.1
07.05. 06:15,149.1
07.05. 06:30,149.1
07.05. 06:45,149.1
07.05. 07:00,176.7
07.05. 07:15,176.7
07.05. 07:30,176.7
07.05. 07:45,176.7
07.05. 08:00,169.5
07.05. 08:15,169.5
07.05. 08:30,169.5
07.05. 08:45,169.5
07.05. 09:00,181.5
07.05. 09:15,181.5
07.05. 09:30,181.5
07.05. 09:45,181.5
07.05. 10:00,184.3
07.05. 10:15,184.3
07.05. 10:30,184.3
07.05. 10:45,184.3
07.05. 11:00,188.4
07.05. 11:15,188.4
07.05. 11:30,188.4
07.05. 11:45,188.4
07.05. 12:00,204.5
07.05. 12:15,204.5
07.05. 12:30,204.5
07.05. 12:45,204.5
07.05. 13:00,198.2
07.05. 13:15,198.2
07.05. 13:30,198.2
07.05. 13:45,198.2
07.05. 14:00,169.9
07.05. 14:15,169.9
07.05. 14:30,169.9
07.05. 14:45,169.9
07.05. 15:00,137.3
07.05. 15:15,137.3
07.05. 15:30,137.3
07.05. 15:45,137.3
07.05. 16:00,139.4
07.05. 16:15,139.4
07.05. 16:30,139.4
07.05. 16:45,139.4
07.05. 17:00,162.4
07.05. 17:15,162.4
07.05. 17:30,162.4
07.05. 17:45,162.4
07.05. 18:00,179.9
07.05. 18:15,179.9
07.05. 18:30,179.9
07.05. 18:45,179.9
07.05. 19:00,227.8
07.05. 19:15,227.8
07.05. 19:30,227.8
07.05. 19:45,227.8
07.05. 20:00,249.6
07.05. 20:15,249.6
07.05. 20:30,249.6
07.05. 20:45,249.6
07.05. 21:00,219.9
07.05. 21:15,219.9
07.05. 21:30,219.9
07.05. 21:45,219.9
07.05. 22:00,170.3
07.05. 22:15,170.3
07.05. 22:30,170.3
07.05. 22:45,170.3
07.05. 23:00,117.4
07.05. 23:15,117.4
07.05. 23:30,117.4
07.05. 23:45,117.4
08.05. 00:00,64.5
08.05. 00:15,64.5
08.05. 00:30,64.5
08.05. 00:45,64.5
08.05. 01:00,54.8
08.05. 01:15,54.8
08.05. 01:30,54.8
08.05. 01:45,54.8
08.05. 02:00,55.1
08.05. 02:15,55.1
08.05. 02:30,55.1
08.05. 02:45,55.1
08.05. 03:00,55.8
08.05. 03:15,55.8
08.05. 03:30,55.8
08.05. 03:45,55.8
08.05. 04:00,62.7
08.05. 04:15,62.7
08.05. 04:30,62.7
08.05. 04:45,62.7
08.05. 05:00,88.1
08.05. 05:15,88.1
08.05. 05:30,88.1
08.05. 05:45,88.1
08.05. 06:00,163.6
08.05. 06:15,163.6
08.05. 06:30,163.6
08.05. 06:45,163.6
08.05. 07:00,183.4
08.05. 07:15,183.4
08.05. 07:30,183.4
08.05. 07:45,183.4
08.05. 08:00,191.0
08.05. 08:15,191.0
08.05. 08:30,191.0
08.05. 08:45,191.0
08.05. 09:00,175.2
08.05. 09:15,175.2
08.05. 09:30,175.2
08.05. 09:45,175.2
08.05. 10:00,168.0
08.05. 10:15,168.0
08.05. 10:30,168.0
08.05. 10:45,168.0
08.05. 11:00,157.7
08.05. 11:15,157.7
08.05. 11:30,157.7
08.05. 11:45,157.7
08.05. 12:00,161.3
08.05. 12:15,161.3
08.05. 12:30,161.3
08.05. 12:45,161.3
08.05. 13:00,173.0
08.05. 13:15,173.0
08.05. 13:30,173.0
08.05. 13:45,173.0
08.05. 14:00,155.8
08.05. 14:15,155.8
08.05. 14:30,155.8
08.05. 14:45,155.8
08.05. 15:00,147.4
08.05. 15:15,147.4
08.05. 15:30,147.4
08.05. 15:45,147.4
08.05. 16:00,136.1
08.05. 16:15,136.1
08.05. 16:30,136.1
08.05. 16:45,136.1
08.05. 17:00,145.8
08.05. 17:15,145.8
08.05. 17:30,145.8
08.05. 17:45,145.8
08.05. 18:00,179.0
08.05. 18:15,179.0
08.05. 18:30,179.0
08.05. 18:45,179.0
08.05. 19:00,215.2
08.05. 19:15,215.2
08.05. 19:30,215.2
08.05. 19:45,215.2
08.05. 20:00,223.3
08.05. 20:15,223.3
08.05. 20:30,223.3
08.05. 20:45,223.3
08.05. 21:00,232.6
08.05. 21:15,232.6
08.05. 21:30,232.6
08.05. 21:45,232.6
08.05. 22:00,184.4
08.05. 22:15,184.4
08.05. 22:30,184.4
08.05. 22:45,184.4
08.05. 23:00,123.6
08.05. 23:15,123.6
08.05. 23:30,123.6
08.05. 23:45,123.6
09.05. 00:00,88.9
09.05. 00:15,88.9
09.05. 00:30,88.9
09.05. 00:45,88.9
09.05. 01:00,78.0
09.05. 01:15,78.0
09.05. 01:30,78.0
09.05. 01:45,78.0
09.05. 02:00,64.3
09.05. 02:15,64.3
09.05. 02:30,64.3
09.05. 02:45,64.3
09.05. 03:00,62.6
09.05. 03:15,62.6
09.05. 03:30,62.6
09.05. 03:45,62.6
09.05. 04:00,74.8
09.05. 04:15,74.8
09.05. 04:30,74.8
09.05. 04:45,74.8
09.05. 05:00,93.4
09.05. 05:15,93.4
09.05. 05:30,93.4
09.05. 05:45,93.4
09.05. 06:00,147.4
09.05. 06:15,147.4
09.05. 06:30,147.4
09.05. 06:45,147.4
09.05. 07:00,174.3
09.05. 07:15,174.3
09.05. 07:30,174.3
09.05. 07:45,174.3
09.05. 08:00,170.2
09.05. 08:15,170.2
09.05. 08:30,170.2
09.05. 08:45,170.2
09.05. 09:00,181.0
09.05. 09:15,181.0
09.05. 09:30,181.0
09.05. 09:45,181.0
09.05. 10:00,205.0
09.05. 10:15,205.0
09.05. 10:30,205.0
09.05. 10:45,205.0
09.05. 11:00,206.2
09.05. 11:15,206.2
09.05. 11:30,206.2
09.05. 11:45,206.2
09.05. 12:00,207.7
09.05. 12:15,207.7
09.05. 12:30,207.7
09.05. 12:45,207.7
09.05. 13:00,236.3
09.05. 13:15,236.3
09.05. 13:30,236.3
09.05. 13:45,236.3
09.05. 14:00,199.2
09.05. 14:15,199.2
09.05. 14:30,199.2
09.05. 14:45,199.2
09.05. 15:00,191.4
09.05. 15:15,191.4
09.05. 15:30,191.4
09.05. 15:45,191.4
09.05. 16:00,191.9
09.05. 16:15,191.9
09.05. 16:30,191.9
09.05. 16:45,191.9
09.05. 17:00,192.1
09.05. 17:15,192.1
09.05. 17:30,192.1
09.05. 17:45,192.1
09.05. 18:00,208.6
09.05. 18:15,208.6
09.05. 18:30,208.6
09.05. 18:45,208.6
09.05. 19:00,225.5
09.05. 19:15,225.5
09.05. 19:30,225.5
09.05. 19:45,225.5
09.05. 20:00,229.5
09.05. 20:15,229.5
09.05. 20:30,229.5
09.05. 20:45,229.5
09.05. 21:00,219.7
09.05. 21:15,219.7
09.05. 21:30,219.7
09.05. 21:45,219.7
09.05. 22:00,166.6
09.05. 22:15,166.6
09.05. 22:30,166.6
09.05. 22:45,166.6
09.05. 23:00,134.6
09.05. 23:15,134.6
09.05. 23:30,134.6
09.05. 23:45,134.6
10.05. 00:00,87.0
10.05. 00:15,87.0
10.05. 00:30,87.0
10.05. 00:45,87.0
10.05. 01:00,71.3
10.05. 01:15,71.3
10.05. 01:30,71.3
10.05. 01:45,71.3
10.05. 02:00,62.8
10.05. 02:15,62.8
10.05. 02:30,62.8
10.05. 02:45,62.8
10.05. 03:00,62.1
10.05. 03:15,62.1
10.05. 03:30,62.1
10.05. 03:45,62.1
10.05. 04:00,52.6
10.05. 04:15,52.6
10.05. 04:30,52.6
10.05. 04:45,52.6
10.05. 05:00,53.2
10.05. 05:15,53.2
10.05. 05:30,53.2
10.05. 05:45,53.2
10.05. 06:00,52.3
10.05. 06:15,52.3
10.05. 06:30,52.3
10.05. 06:45,52.3
10.05. 07:00,77.1
10.05. 07:15,77.1
10.05. 07:30,77.1
10.05. 07:45,77.1
10.05. 08:00,130.5
10.05. 08:15,130.5
10.05. 08:30,130.5
10.05. 08:45,130.5
10.05. 09:00,191.5
10.05. 09:15,191.5
10.05. 09:30,191.5
10.05. 09:45,191.5
10.05. 10:00,280.4
10.05. 10:15,280.4
10.05. 10:30,280.4
10.05. 10:45,280.4
10.05. 11:00,304.9
10.05. 11:15,304.9
10.05. 11:30,304.9
10.05. 11:45,304.9
10.05. 12:00,329.6
10.05. 12:15,329.6
10.05. 12:30,329.6
10.05. 12:45,329.6
10.05. 13:00,324.2
10.05. 13:15,324.2
10.05. 13:30,324.2
10.05. 13:45,324.2
10.05. 14:00,285.4
10.05. 14:15,285.4
10.05. 14:30,285.4
10.05. 14:45,285.4
10.05. 15:00,264.3
10.05. 15:15,264.3
10.05. 15:30,264.3
10.05. 15:45,264.3
10.05. 16:00,236.3
10.05. 16:15,236.3
10.05. 16:30,236.3
10.05. 16:45,236.3
10.05. 17:00,210.7
10.05. 17:15,210.7
10.05. 17:30,210.7
10.05. 17:45,210.7
10.05. 18:00,217.6
10.05. 18:15,217.6
10.05. 18:30,217.6
10.05. 18:45,217.6
10.05. 19:00,229.1
10.05. 19:15,229.1
10.05. 19:30,229.1
10.05. 19:45,229.1
10.05. 20:00,219.1
10.05. 20:15,219.1
10.05. 20:30,219.1
10.05. 20:45,219.1
10.05. 21:00,186.6
10.05. 21:15,186.6
10.05. 21:30,186.6
10.05. 21:45,186.6
10.05. 22:00,173.4
10.05. 22:15,173.4
10.05. 22:30,173.4
10.05. 22:45,173.4
10.05. 23:00,115.1
10.05. 23:15,115.1
10.05. 23:30,115.1
10.05. 23:45,115.1
11.05. 00:00,69.3
11.05. 00:15,69.3
11.05. 00:30,69.3
11.05. 00:45,69.3
11.05. 01:00,57.2
11.05. 01:15,57.2
11.05. 01:30,57.2
11.05. 01:45,57.2
11.05. 02:00,48.9
11.05. 02:15,48.9
11.05. 02:30,48.9
11.05. 02:45,48.9
11.05. 03:00,47.2
11.05. 03:15,47.2
11.05. 03:30,47.2
11.05. 03:45,47.2
11.05. 04:00,57.6
11.05. 04:15,57.6
11.05. 04:30,57.6
11.05. 04:45,57.6
11.05. 05:00,72.1
11.05. 05:15,72.1
11.05. 05:30,72.1
11.05. 05:45,72.1
11.05. 06:00,138.3
11.05. 06:15,138.3
11.05. 06:30,138.3
11.05. 06:45,138.3
11.05. 07:00,189.8
11.05. 07:15,189.8
11.05. 07:30,189.8
11.05. 07:45,189.8
11.05. 08:00,200.0
11.05. 08:15,200.0
11.05. 08:30,200.0
11.05. 08:45,200.0
11.05. 09:00,193.9
11.05. 09:15,193.9
11.05. 09:30,193.9
11.05. 09:45,193.9
11.05. 10:00,194.9
11.05. 10:15,194.9
11.05. 10:30,194.9
11.05. 10:45,194.9
11.05. 11:00,219.7
11.05. 11:15,219.7
11.05. 11:30,219.7
11.05. 11:45,219.7
11.05. 12:00,236.9
11.05. 12:15,236.9
11.05. 12:30,236.9
11.05. 12:45,236.9
11.05. 13:00,228.3
11.05. 13:15,228.3
11.05. 13:30,228.3
11.05. 13:45,228.3
11.05. 14:00,229.8
11.05. 14:15,229.8
11.05. 14:30,229.8
11.05. 14:45,229.8
11.05. 15:00,223.6
11.05. 15:15,223.6
11.05. 15:30,223.6
11.05. 15:45,223.6
11.05. 16:00,212.6
11.05. 16:15,212.6
11.05. 16:30,212.6
11.05. 16:45,212.6
11.05. 17:00,203.2
11.05. 17:15,203.2
11.05. 17:30,203.2
11.05. 17:45,203.2
11.05. 18:00,230.9
11.05. 18:15,230.9
11.05. 18:30,230.9
11.05. 18:45,230.9
11.05. 19:00,238.2
11.05. 19:15,238.2
11.05. 19:30,238.2
11.05. 19:45,238.2
11.05. 20:00,254.2
11.05. 20:15,254.2
11.05. 20:30,254.2
11.05. 20:45,254.2
11.05. 21:00,199.5
11.05. 21:15,199.5
11.05. 21:30,199.5
11.05. 21:45,199.5
11.05. 22:00,169.2
11.05. 22:15,169.2
11.05. 22:30,169.2
11.05. 22:45,169.2
11.05. 23:00,122.2
11.05. 23:15,122.2
11.05. 23:30,122.2
11.05. 23:45,122.2
12.05. 00:00,69.2
12.05. 00:15,69.2
12.05. 00:30,69.2
12.05. 00:45,69.2
12.05. 01:00,63.4
12.05. 01:15,63.4
12.05. 01:30,63.4
12.05. 01:45,63.4
12.05. 02:00,59.8
12.05. 02:15,59.8
12.05. 02:30,59.8
12.05. 02:45,59.8
12.05. 03:00,55.8
12.05. 03:15,55.8
12.05. 03:30,55.8
12.05. 03:45,55.8
12.05. 04:00,60.7
12.05. 04:15,60.7
12.05. 04:30,60.7
12.05. 04:45,60.7
12.05. 05:00,58.3
12.05. 05:15,58.3
12.05. 05:30,58.3
12.05. 05:45,58.3
12.05. 06:00,62.3
12.05. 06:15,62.3
12.05. 06:30,62.3
12.05. 06:45,62.3
12.05. 07:00,96.9
12.05. 07:15,96.9
12.05. 07:30,96.9
12.05. 07:45,96.9
12.05. 08:00,150.6
12.05. 08:15,150.6
12.05. 08:30,150.6
12.05. 08:45,150.6
12.05. 09:00,183.9
12.05. 09:15,183.9
12.05. 09:30,183.9
12.05. 09:45,183.9
12.05. 10:00,225.6
12.05. 10:15,225.6
12.05. 10:30,225.6
12.05. 10:45,225.6
12.05. 11:00,217.1
12.05. 11:15,217.1
12.05. 11:30,217.1
12.05. 11:45,217.1
12.05. 12:00,229.5
12.05. 12:15,229.5
12.05. 12:30,229.5
12.05. 12:45,229.5
12.05. 13:00,215.5
12.05. 13:15,215.5
12.05. 13:30,215.5
12.05. 13:45,215.5
12.05. 14:00,184.2
12.05. 14:15,184.2
12.05. 14:30,184.2
12.05. 14:45,184.2
12.05. 15:00,170.8
12.05. 15:15,170.8
12.05. 15:30,170.8
12.05. 15:45,170.8
12.05. 16:00,186.3
12.05. 16:15,186.3
12.05. 16:30,186.3
12.05. 16:45,186.3
12.05. 17:00,201.6
12.05. 17:15,201.6
12.05. 17:30,201.6
12.05. 17:45,201.6
12.05. 18:00,210.1
12.05. 18:15,210.1
12.05. 18:30,210.1
12.05. 18:45,210.1
12.05. 19:00,222.1
12.05. 19:15,222.1
12.05. 19:30,222.1
12.05. 19:45,222.1
12.05. 20:00,231.5
12.05. 20:15,231.5
12.05. 20:30,231.5
12.05. 20:45,231.5
12.05. 21:00,176.5
12.05. 21:15,176.5
12.05. 21:30,176.5
12.05. 21:45,176.5
12.05. 22:00,136.5
12.05. 22:15,136.5
12.05. 22:30,136.5
12.05. 22:45,136.5
12.05. 23:00,114.4
12.05. 23:15,114.4
12.05. 23:30,114.4
12.05. 23:45,114.4
13.05. 00:00,94.2
13.05. 00:15,94.2
13.05. 00:30,94.2
13.05. 00:45,94.2
13.05. 01:00,80.3
13.05. 01:15,80.3
13.05. 01:30,80.3
13.05. 01:45,80.3
13.05. 02:00,66.0
13.05. 02:15,66.0
13.05. 02:30,66.0
13.05. 02:45,66.0
13.05. 03:00,62.5
13.05. 03:15,62.5
13.05. 03:30,62.5
13.05. 03:45,62.5
13.05. 04:00,61.4
13.05. 04:15,61.4
13.05. 04:30,61.4
13.05. 04:45,61.4
13.05. 05:00,63.7
13.05. 05:15,63.7
13.05. 05:30,63.7
13.05. 05:45,63.7
13.05. 06:00,62.1
13.05. 06:15,62.1
13.05. 06:30,62.1
13.05. 06:45,62.1
13.05. 07:00,72.0
13.05. 07:15,72.0
13.05. 07:30,72.0
13.05. 07:45,72.0
13.05. 08:00,94.5
13.05. 08:15,94.5
13.05. 08:30,94.5
13.05. 08:45,94.5
13.05. 09:00,154.4
13.05. 09:15,154.4
13.05. 09:30,154.4
13.05. 09:45,154.4
13.05. 10:00,219.0
13.05. 10:15,219.0
13.05. 10:30,219.0
13.05. 10:45,219.0
13.05. 11:00,225.6
13.05. 11:15,225.6
13.05. 11:30,225.6
13.05. 11:45,225.6
13.05. 12:00,242.3
13.05. 12:15,242.3
13.05. 12:30,242.3
13.05. 12:45,242.3
13.05. 13:00,233.6
13.05. 13:15,233.6
13.05. 13:30,233.6
13.05. 13:45,233.6
13.05. 14:00,199.3
13.05. 14:15,199.3
13.05. 14:30,199.3
13.05. 14:45,199.3
13.05. 15:00,180.1
13.05. 15:15,180.1
13.05. 15:30,180.1
13.05. 15:45,180.1
13.05. 16:00,163.4
13.05. 16:15,163.4
13.05. 16:30,163.4
13.05. 16:45,163.4
13.05. 17:00,145.6
13.05. 17:15,145.6
13.05. 17:30,145.6
13.05. 17:45,145.6
13.05. 18:00,162.6
13.05. 18:15,162.6
13.05. 18:30,162.6
13.05. 18:45,162.6
13.05. 19:00,176.5
13.05. 19:15,176.5
13.05. 19:30,176.5
13.05. 19:45,176.5
13.05. 20:00,206.1
13.05. 20:15,206.1
13.05. 20:30,206.1
13.05. 20:45,206.1
13.05. 21:00,186.0
13.05. 21:15,186.0
13.05. 21:30,186.0
13.05. 21:45,186.0
13.05. 22:00,149.7
13.05. 22:15,149.7
13.05. 22:30,149.7
13.05. 22:45,149.7
13.05. 23:00,116.4
13.05. 23:15,116.4
13.05. 23:30,116.4
13.05. 23:45,116.4
14.05. 00:00,80.9
14.05. 00:15,80.9
14.05. 00:30,80.9
14.05. 00:45,80.9
14.05. 01:00,65.1
14.05. 01:15,65.1
14.05. 01:30,65.1
14.05. 01:45,65.1
14.05. 02:00,59.8
14.05. 02:15,59.8
14.05. 02:30,59.8
14.05. 02:45,59.8
14.05. 03:00,59.3
14.05. 03:15,59.3
14.05. 03:30,59.3
14.05. 03:45,59.3
14.05. 04:00,64.5
14.05. 04:15,64.5
14.05. 04:30,64.5
14.05. 04:45,64.5
14.05. 05:00,88.5
14.05. 05:15,88.5
14.05. 05:30,88.5
14.05. 05:45,88.5
14.05. 06:00,156.6
14.05. 06:15,156.6
14.05. 06:30,156.6
14.05. 06:45,156.6
14.05. 07:00,175.0
14.05. 07:15,175.0
14.05. 07:30,175.0
14.05. 07:45,175.0
14.05. 08:00,186.9
14.05. 08:15,186.9
14.05. 08:30,186.9
14.05. 08:45,186.9
14.05. 09:00,170.6
14.05. 09:15,170.6
14.05. 09:30,170.6
14.05. 09:45,170.6
14.05. 10:00,172.8
14.05. 10:15,172.8
14.05. 10:30,172.8
14.05. 10:45,172.8
14.05. 11:00,185.0
14.05. 11:15,185.0
14.05. 11:30,185.0
14.05. 11:45,185.0
14.05. 12:00,175.1
14.05. 12:15,175.1
14.05. 12:30,175.1
14.05. 12:45,175.1
14.05. 13:00,190.2
14.05. 13:15,190.2
14.05. 13:30,190.2
14.05. 13:45,190.2
14.05. 14:00,184.6
14.05. 14:15,184.6
14.05. 14:30,184.6
14.05. 14:45,184.6
14.05. 15:00,177.3
14.05. 15:15,177.3
14.05. 15:30,177.3
14.05. 15:45,177.3
14.05. 16:00,163.5
14.05. 16:15,163.5
14.05. 16:30,163.5
14.05. 16:45,163.5
14.05. 17:00,177.4
14.05. 17:15,177.4
14.05. 17:30,177.4
14.05. 17:45,177.4
14.05. 18:00,203.8
14.05. 18:15,203.8
14.05. 18:30,203.8
14.05. 18:45,203.8
14.05. 19:00,229.9
14.05. 19:15,229.9
14.05. 19:30,229.9
14.05. 19:45,229.9
14.05. 20:00,231.5
14.05. 20:15,231.5
14.05. 20:30,231.5
14.05. 20:45,231.5
14.05. 21:00,214.5
14.05. 21:15,214.5
14.05. 21:30,214.5
14.05. 21:45,214.5
14.05. 22:00,170.0
14.05. 22:15,170.0
14.05. 22:30,170.0
14.05. 22:45,170.0
14.05. 23:00,126.3
14.05. 23:15,126.3
14.05. 23:30,126.3
14.05. 23:45,126.3
15.05. 00:00,88.8
15.05. 00:15,88.8
15.05. 00:30,88.8
15.05. 00:45,88.8
15.05. 01:00,75.8
15.05. 01:15,75.8
15.05. 01:30,75.8
15.05. 01:45,75.8
15.05. 02:00,66.0
15.05. 02:15,66.0
15.05. 02:30,66.0
15.05. 02:45,66.0
15.05. 03:00,67.2
15.05. 03:15,67.2
15.05. 03:30,67.2
15.05. 03:45,67.2
15.05. 04:00,70.8
15.05. 04:15,70.8
15.05. 04:30,70.8
15.05. 04:45,70.8
15.05. 05:00,86.4
15.05. 05:15,86.4
15.05. 05:30,86.4
15.05. 05:45,86.4
15.05. 06:00,137.3
15.05. 06:15,137.3
15.05. 06:30,137.3
15.05. 06:45,137.3
15.05. 07:00,176.6
15.05. 07:15,176.6
15.05. 07:30,176.6
15.05. 07:45,176.6
15.05. 08:00,188.5
15.05. 08:15,188.5
15.05. 08:30,188.5
15.05. 08:45,188.5
15.05. 09:00,205.6
15.05. 09:15,205.6
15.05. 09:30,205.6
15.05. 09:45,205.6
15.05. 10:00,210.7
15.05. 10:15,210.7
15.05. 10:30,210.7
15.05. 10:45,210.7
15.05. 11:00,215.6
15.05. 11:15,215.6
15.05. 11:30,215.6
15.05. 11:45,215.6
15.05. 12:00,252.6
15.05. 12:15,252.6
15.05. 12:30,252.6
15.05. 12:45,252.6
15.05. 13:00,262.8
15.05. 13:15,262.8
15.05. 13:30,262.8
15.05. 13:45,262.8
15.05. 14:00,242.3
15.05. 14:15,242.3
15.05. 14:30,242.3
15.05. 14:45,242.3
15.05. 15:00,225.8
15.05. 15:15,225.8
15.05. 15:30,225.8
15.05. 15:45,225.8
15.05. 16:00,215.7
15.05. 16:15,215.7
15.05. 16:30,215.7
15.05. 16:45,215.7
15.05. 17:00,230.1
15.05. 17:15,230.1
15.05. 17:30,230.1
15.05. 17:45,230.1
15.05. 18:00,225.4
15.05. 18:15,225.4
15.05. 18:30,225.4
15.05. 18:45,225.4
15.05. 19:00,220.8
15.05. 19:15,220.8
15.05. 19:30,220.8
15.05. 19:45,220.8
15.05. 20:00,242.9
15.05. 20:15,242.9
15.05. 20:30,242.9
15.05. 20:45,242.9
15.05. 21:00,218.2
15.05. 21:15,218.2
15.05. 21:30,218.2
15.05. 21:45,218.2
15.05. 22:00,166.1
15.05. 22:15,166.1
15.05. 22:30,166.1
15.05. 22:45,166.1
15.05. 23:00,122.2
15.05. 23:15,122.2
15.05. 23:30,122.2
15.05. 23:45,122.2
16.05. 00:00,68.2
16.05. 00:15,68.2
16.05. 00:30,68.2
16.05. 00:45,68.2
16.05. 01:00,57.8
16.05. 01:15,57.8
16.05. 01:30,57.8
16.05. 01:45,57.8
16.05. 02:00,49.6
16.05. 02:15,49.6
16.05. 02:30,49.6
16.05. 02:45,49.6
16.05. 03:00,45.3
16.05. 03:15,45.3
16.05. 03:30,45.3
16.05. 03:45,45.3
16.05. 04:00,51.1
16.05. 04:15,51.1
16.05. 04:30,51.1
16.05. 04:45,51.1
16.05. 05:00,77.8
16.05. 05:15,77.8
16.05. 05:30,77.8
16.05. 05:45,77.8
16.05. 06:00,136.3
16.05. 06:15,136.3
16.05. 06:30,136.3
16.05. 06:45,136.3
16.05. 07:00,182.9
16.05. 07:15,182.9
16.05. 07:30,182.9
16.05. 07:45,182.9
16.05. 08:00,182.3
16.05. 08:15,182.3
16.05. 08:30,182.3
16.05. 08:45,182.3
16.05. 09:00,180.6
16.05. 09:15,180.6
16.05. 09:30,180.6
16.05. 09:45,180.6
16.05. 10:00,209.6
16.05. 10:15,209.6
16.05. 10:30,209.6
16.05. 10:45,209.6
16.05. 11:00,212.6
16.05. 11:15,212.6
16.05. 11:30,212.6
16.05. 11:45,212.6
16.05. 12:00,235.3
16.05. 12:15,235.3
16.05. 12:30,235.3
16.05. 12:45,235.3
16.05. 13:00,230.1
16.05. 13:15,230.1
16.05. 13:30,230.1
16.05. 13:45,230.1
16.05. 14:00,200.3
16.05. 14:15,200.3
16.05. 14:30,200.3
16.05. 14:45,200.3
16.05. 15:00,172.4
16.05. 15:15,172.4
16.05. 15:30,172.4
16.05. 15:45,172.4
16.05. 16:00,172.3
16.05. 16:15,172.3
16.05. 16:30,172.3
16.05. 16:45,172.3
16.05. 17:00,173.2
16.05. 17:15,173.2
16.05. 17:30,173.2
16.05. 17:45,173.2
16.05. 18:00,206.8
16.05. 18:15,206.8
16.05. 18:30,206.8
16.05. 18:45,206.8
16.05. 19:00,224.2
16.05. 19:15,224.2
16.05. 19:30,224.2
16.05. 19:45,224.2
16.05. 20:00,243.7
16.05. 20:15,243.7
16.05. 20:30,243.7
16.05. 20:45,243.7
16.05. 21:00,217.6
16.05. 21:15,217.6
16.05. 21:30,217.6
16.05. 21:45,217.6
16.05. 22:00,172.5
16.05. 22:15,172.5
16.05. 22:30,172.5
16.05. 22:45,172.5
16.05. 23:00,120.8
16.05. 23:15,120.8
16.05. 23:30,120.8
16.05. 23:45,120.8
17.05. 00:00,71.2
17.05. 00:15,71.2
17.05. 00:30,71.2
17.05. 00:45,71.2
17.05. 01:00,66.0
17.05. 01:15,66.0
17.05. 01:30,66.0
17.05. 01:45,66.0
17.05. 02:00,56.0
17.05. 02:15,56.0
17.05. 02:30,56.0
17.05. 02:45,56.0
17.05. 03:00,53.2
17.05. 03:15,53.2
17.05. 03:30,53.2
17.05. 03:45,53.2
17.05. 04:00,57.4
17.05. 04:15,57.4
17.05. 04:30,57.4
17.05. 04:45,57.4
17.05. 05:00,76.0
17.05. 05:15,76.0
17.05. 05:30,76.0
17.05. 05:45,76.0
17.05. 06:00,133.3
17.05. 06:15,133.3
17.05. 06:30,133.3
17.05. 06:45,133.3
17.05. 07:00,174.9
17.05. 07:15,174.9
17.05. 07:30,174.9
17.05. 07:45,174.9
17.05. 08:00,173.2
17.05. 08:15,173.2
17.05. 08:30,173.2
17.05. 08:45,173.2
17.05. 09:00,184.0
17.05. 09:15,184.0
17.05. 09:30,184.0
17.05. 09:45,184.0
17.05. 10:00,191.6
17.05. 10:15,191.6
17.05. 10:30,191.6
17.05. 10:45,191.6
17.05. 11:00,210.2
17.05. 11:15,210.2
17.05. 11:30,210.2
17.05. 11:45,210.2
17.05. 12:00,214.0
17.05. 12:15,214.0
17.05. 12:30,214.0
17.05. 12:45,214.0
17.05. 13:00,237.2
17.05. 13:15,237.2
17.05. 13:30,237.2
17.05. 13:45,237.2
17.05. 14:00,229.8
17.05. 14:15,229.8
17.05. 14:30,229.8
17.05. 14:45,229.8
17.05. 15:00,206.8
17.05. 15:15,206.8
17.05. 15:30,206.8
17.05. 15:45,206.8
17.05. 16:00,201.3
17.05. 16:15,201.3
17.05. 16:30,201.3
17.05. 16:45,201.3
17.05. 17:00,195.7
17.05. 17:15,195.7
17.05. 17:30,195.7
17.05. 17:45,195.7
17.05. 18:00,232.0
17.05. 18:15,232.0
17.05. 18:30,232.0
17.05. 18:45,232.0
17.05. 19:00,252.9
17.05. 19:15,252.9
17.05. 19:30,252.9
17.05. 19:45,252.9
17.05. 20:00,229.6
17.05. 20:15,229.6
17.05. 20:30,229.6
17.05. 20:45,229.6
17.05. 21:00,235.4
17.05. 21:15,235.4
17.05. 21:30,235.4
17.05. 21:45,235.4
17.05. 22:00,178.5
17.05. 22:15,178.5
17.05. 22:30,178.5
17.05. 22:45,178.5
17.05. 23:00,134.4
17.05. 23:15,134.4
17.05. 23:30,134.4
17.05. 23:45,134.4
18.05. 00:00,91.2
18.05. 00:15,91.2
18.05. 00:30,91.2
18.05. 00:45,91.2
18.05. 01:00,72.6
18.05. 01:15,72.6
18.05. 01:30,72.6
18.05. 01:45,72.6
18.05. 02:00,62.7
18.05. 02:15,62.7
18.05. 02:30,62.7
18.05. 02:45,62.7
18.05. 03:00,57.3
18.05. 03:15,57.3
18.05. 03:30,57.3
18.05. 03:45,57.3
18.05. 04:00,57.2
18.05. 04:15,57.2
18.05. 04:30,57.2
18.05. 04:45,57.2
18.05. 05:00,89.2
18.05. 05:15,89.2
18.05. 05:30,89.2
18.05. 05:45,89.2
18.05. 06:00,148.4
18.05. 06:15,148.4
18.05. 06:30,148.4
18.05. 06:45,148.4
18.05. 07:00,208.7
18.05. 07:15,208.7
18.05. 07:30,208.7
18.05. 07:45,208.7
18.05. 08:00,242.5
18.05. 08:15,242.5
18.05. 08:30,242.5
18.05. 08:45,242.5
18.05. 09:00,244.2
18.05. 09:15,244.2
18.05. 09:30,244.2
18.05. 09:45,244.2
18.05. 10:00,252.8
18.05. 10:15,252.8
18.05. 10:30,252.8
18.05. 10:45,252.8
18.05. 11:00,293.5
18.05. 11:15,293.5
18.05. 11:30,293.5
18.05. 11:45,293.5
18.05. 12:00,309.4
18.05. 12:15,309.4
18.05. 12:30,309.4
18.05. 12:45,309.4
18.05. 13:00,322.8
18.05. 13:15,322.8
18.05. 13:30,322.8
18.05. 13:45,322.8
18.05. 14:00,295.3
18.05. 14:15,295.3
18.05. 14:30,295.3
18.05. 14:45,295.3
18.05. 15:00,301.8
18.05. 15:15,301.8
18.05. 15:30,301.8
18.05. 15:45,301.8
18.05. 16:00,266.2
18.05. 16:15,266.2
18.05. 16:30,266.2
18.05. 16:45,266.2
18.05. 17:00,251.2
18.05. 17:15,251.2
18.05. 17:30,251.2
18.05. 17:45,251.2
18.05. 18:00,274.7
18.05. 18:15,274.7
18.05. 18:30,274.7
18.05. 18:45,274.7
18.05. 19:00,290.3
18.05. 19:15,290.3
18.05. 19:30,290.3
18.05. 19:45,290.3
18.05. 20:00,296.6
18.05. 20:15,296.6
18.05. 20:30,296.6
18.05. 20:45,296.6
18.05. 21:00,256.7
18.05. 21:15,256.7
18.05. 21:30,256.7
18.05. 21:45,256.7
18.05. 22:00,185.5
18.05. 22:15,185.5
18.05. 22:30,185.5
18.05. 22:45,185.5
18.05. 23:00,139.4
18.05. 23:15,139.4
18.05. 23:30,139.4
18.05. 23:45,139.4
19.05. 00:00,103.5
19.05. 00:15,103.5
19.05. 00:30,103.5
19.05. 00:45,103.5
19.05. 01:00,96.7
19.05. 01:15,96.7
19.05. 01:30,96.7
19.05. 01:45,96.7
19.05. 02:00,78.3
19.05. 02:15,78.3
19.05. 02:30,78.3
19.05. 02:45,78.3
19.05. 03:00,66.5
19.05. 03:15,66.5
19.05. 03:30,66.5
19.05. 03:45,66.5
19.05. 04:00,68.7
19.05. 04:15,68.7
19.05. 04:30,68.7
19.05. 04:45,68.7
19.05. 05:00,73.5
19.05. 05:15,73.5
19.05. 05:30,73.5
19.05. 05:45,73.5
19.05. 06:00,92.0
19.05. 06:15,92.0
19.05. 06:30,92.0
19.05. 06:45,92.0
19.05. 07:00,137.5
19.05. 07:15,137.5
19.05. 07:30,137.5
19.05. 07:45,137.5
19.05. 08:00,190.2
19.05. 08:15,190.2
19.05. 08:30,190.2
19.05. 08:45,190.2
19.05. 09:00,268.9
19.05. 09:15,268.9
19.05. 09:30,268.9
19.05. 09:45,268.9
19.05. 10:00,287.2
19.05. 10:15,287.2
19.05. 10:30,287.2
19.05. 10:45,287.2
19.05. 11:00,292.9
19.05. 11:15,292.9
19.05. 11:30,292.9
19.05. 11:45,292.9
19.05. 12:00,323.5
19.05. 12:15,323.5
19.05. 12:30,323.5
19.05. 12:45,323.5
19.05. 13:00,241.1
19.05. 13:15,241.1
19.05. 13:30,241.1
19.05. 13:45,241.1
19.05. 14:00,206.7
19.05. 14:15,206.7
19.05. 14:30,206.7
19.05. 14:45,206.7
19.05. 15:00,197.9
19.05. 15:15,197.9
19.05. 15:30,197.9
19.05. 15:45,197.9
19.05. 16:00,211.7
19.05. 16:15,211.7
19.05. 16:30,211.7
19.05. 16:45,211.7
19.05. 17:00,246.6
19.05. 17:15,246.6
19.05. 17:30,246.6
19.05. 17:45,246.6
19.05. 18:00,247.4
19.05. 18:15,247.4
19.05. 18:30,247.4
19.05. 18:45,247.4
19.05. 19:00,242.0
19.05. 19:15,242.0
19.05. 19:30,242.0
19.05. 19:45,242.0
19.05. 20:00,237.6
19.05. 20:15,237.6
19.05. 20:30,237.6
19.05. 20:45,237.6
19.05. 21:00,180.8
19.05. 21:15,180.8
19.05. 21:30,180.8
19.05. 21:45,180.8
19.05. 22:00,153.4
19.05. 22:15,153.4
19.05. 22:30,153.4
19.05. 22:45,153.4
19.05. 23:00,105.3
19.05. 23:15,105.3
19.05. 23:30,105.3
19.05. 23:45,105.3
20.05. 00:00,80.3
20.05. 00:15,80.3
20.05. 00:30,80.3
20.05. 00:45,80.3
20.05. 01:00,65.7
20.05. 01:15,65.7
20.05. 01:30,65.7
20.05. 01:45,65.7
20.05. 02:00,57.2
20.05. 02:15,57.2
20.05. 02:30,57.2
20.05. 02:45,57.2
20.05. 03:00,55.3
20.05. 03:15,55.3
20.05. 03:30,55.3
20.05. 03:45,55.3
20.05. 04:00,49.0
20.05. 04:15,49.0
20.05. 04:30,49.0
20.05. 04:45,49.0
20.05. 05:00,50.9
20.05. 05:15,50.9
20.05. 05:30,50.9
20.05. 05:45,50.9
20.05. 06:00,51.2
20.05. 06:15,51.2
20.05. 06:30,51.2
20.05. 06:45,51.2
20.05. 07:00,65.0
20.05. 07:15,65.0
20.05. 07:30,65.0
20.05. 07:45,65.0
20.05. 08:00,99.1
20.05. 08:15,99.1
20.05. 08:30,99.1
20.05. 08:45,99.1
20.05. 09:00,186.5
20.05. 09:15,186.5
20.05. 09:30,186.5
20.05. 09:45,186.5
20.05. 10:00,236.3
20.05. 10:15,236.3
20.05. 10:30,236.3
20.05. 10:45,236.3
20.05. 11:00,278.4
20.05. 11:15,278.4
20.05. 11:30,278.4
20.05. 11:45,278.4
20.05. 12:00,290.0
20.05. 12:15,290.0
20.05. 12:30,290.0
20.05. 12:45,290.0
20.05. 13:00,282.8
20.05. 13:15,282.8
20.05. 13:30,282.8
20.05. 13:45,282.8
20.05. 14:00,249.1
20.05. 14:15,249.1
20.05. 14:30,249.1
20.05. 14:45,249.1
20.05. 15:00,191.5
20.05. 15:15,191.5
20.05. 15:30,191.5
20.05. 15:45,191.5
20.05. 16:00,162.9
20.05. 16:15,162.9
20.05. 16:30,162.9
20.05. 16:45,162.9
20.05. 17:00,162.0
20.05. 17:15,162.0
20.05. 17:30,162.0
20.05. 17:45,162.0
20.05. 18:00,150.7
20.05. 18:15,150.7
20.05. 18:30,150.7
20.05. 18:45,150.7
20.05. 19:00,181.5
20.05. 19:15,181.5
20.05. 19:30,181.5
20.05. 19:45,181.5
20.05. 20:00,198.4
20.05. 20:15,198.4
20.05. 20:30,198.4
20.05. 20:45,198.4
20.05. 21:00,171.4
20.05. 21:15,171.4
20.05. 21:30,171.4
20.05. 21:45,171.4
20.05. 22:00,167.3
20.05. 22:15,167.3
20.05. 22:30,167.3
20.05. 22:45,167.3
20.05. 23:00,105.2
20.05. 23:15,105.2
20.05. 23:30,105.2
20.05. 23:45,105.2
21.05. 00:00,81.1
21.05. 00:15,81.1
21.05. 00:30,81.1
21.05. 00:45,81.1
21.05. 01:00,67.0
21.05. 01:15,67.0
21.05. 01:30,67.0
21.05. 01:45,67.0
21.05. 02:00,57.8
21.05. 02:15,57.8
21.05. 02:30,57.8
21.05. 02:45,57.8
21.05. 03:00,53.0
21.05. 03:15,53.0
21.05. 03:30,53.0
21.05. 03:45,53.0
21.05. 04:00,51.3
21.05. 04:15,51.3
21.05. 04:30,51.3
21.05. 04:45,51.3
21.05. 05:00,52.0
21.05. 05:15,52.0
21.05. 05:30,52.0
21.05. 05:45,52.0
21.05. 06:00,56.1
21.05. 06:15,56.1
21.05. 06:30,56.1
21.05. 06:45,56.1
21.05. 07:00,68.1
21.05. 07:15,68.1
21.05. 07:30,68.1
21.05. 07:45,68.1
21.05. 08:00,98.4
21.05. 08:15,98.4
21.05. 08:30,98.4
21.05. 08:45,98.4
21.05. 09:00,150.9
21.05. 09:15,150.9
21.05. 09:30,150.9
21.05. 09:45,150.9
21.05. 10:00,212.7
21.05. 10:15,212.7
21.05. 10:30,212.7
21.05. 10:45,212.7
21.05. 11:00,244.1
21.05. 11:15,244.1
21.05. 11:30,244.1
21.05. 11:45,244.1
21.05. 12:00,222.5
21.05. 12:15,222.5
21.05. 12:30,222.5
21.05. 12:45,222.5
21.05. 13:00,211.1
21.05. 13:15,211.1
21.05. 13:30,211.1
21.05. 13:45,211.1
21.05. 14:00,195.9
21.05. 14:15,195.9
21.05. 14:30,195.9
21.05. 14:45,195.9
21.05. 15:00,159.4
21.05. 15:15,159.4
21.05. 15:30,159.4
21.05. 15:45,159.4
21.05. 16:00,152.5
21.05. 16:15,152.5
21.05. 16:30,152.5
21.05. 16:45,152.5
21.05. 17:00,144.3
21.05. 17:15,144.3
21.05. 17:30,144.3
21.05. 17:45,144.3
21.05. 18:00,138.0
21.05. 18:15,138.0
21.05. 18:30,138.0
21.05. 18:45,138.0
21.05. 19:00,159.0
21.05. 19:15,159.0
21.05. 19:30,159.0
21.05. 19:45,159.0
21.05. 20:00,178.9
21.05. 20:15,178.9
21.05. 20:30,178.9
21.05. 20:45,178.9
21.05. 21:00,183.4
21.05. 21:15,183.4
21.05. 21:30,183.4
21.05. 21:45,183.4
21.05. 22:00,146.7
21.05. 22:15,146.7
21.05. 22:30,146.7
21.05. 22:45,146.7
21.05. 23:00,115.7
21.05. 23:15,115.7
21.05. 23:30,115.7
21.05. 23:45,115.7
22.05. 00:00,72.6
22.05. 00:15,72.6
22.05. 00:30,72.6
22.05. 00:45,72.6
22.05. 01:00,65.6
22.05. 01:15,65.6
22.05. 01:30,65.6
22.05. 01:45,65.6
22.05. 02:00,52.8
22.05. 02:15,52.8
22.05. 02:30,52.8
22.05. 02:45,52.8
22.05. 03:00,55.8
22.05. 03:15,55.8
22.05. 03:30,55.8
22.05. 03:45,55.8
22.05. 04:00,64.4
22.05. 04:15,64.4
22.05. 04:30,64.4
22.05. 04:45,64.4
22.05. 05:00,78.6
22.05. 05:15,78.6
22.05. 05:30,78.6
22.05. 05:45,78.6
22.05. 06:00,131.4
22.05. 06:15,131.4
22.05. 06:30,131.4
22.05. 06:45,131.4
22.05. 07:00,169.9
22.05. 07:15,169.9
22.05. 07:30,169.9
22.05. 07:45,169.9
22.05. 08:00,169.5
22.05. 08:15,169.5
22.05. 08:30,169.5
22.05. 08:45,169.5
22.05. 09:00,169.0
22.05. 09:15,169.0
22.05. 09:30,169.0
22.05. 09:45,169.0
22.05. 10:00,173.9
22.05. 10:15,173.9
22.05. 10:30,173.9
22.05. 10:45,173.9
22.05. 11:00,193.2
22.05. 11:15,193.2
22.05. 11:30,193.2
22.05. 11:45,193.2
22.05. 12:00,195.7
22.05. 12:15,195.7
22.05. 12:30,195.7
22.05. 12:45,195.7
22.05. 13:00,211.0
22.05. 13:15,211.0
22.05. 13:30,211.0
22.05. 13:45,211.0
22.05. 14:00,179.4
22.05. 14:15,179.4
22.05. 14:30,179.4
22.05. 14:45,179.4
22.05. 15:00,180.6
22.05. 15:15,180.6
22.05. 15:30,180.6
22.05. 15:45,180.6
22.05. 16:00,157.2
22.05. 16:15,157.2
22.05. 16:30,157.2
22.05. 16:45,157.2
22.05. 17:00,172.4
22.05. 17:15,172.4
22.05. 17:30,172.4
22.05. 17:45,172.4
22.05. 18:00,187.4
22.05. 18:15,187.4
22.05. 18:30,187.4
22.05. 18:45,187.4
22.05. 19:00,221.1
22.05. 19:15,221.1
22.05. 19:30,221.1
22.05. 19:45,221.1
22.05. 20:00,214.7
22.05. 20:15,214.7
22.05. 20:30,214.7
22.05. 20:45,214.7
22.05. 21:00,214.8
22.05. 21:15,214.8
22.05. 21:30,214.8
22.05. 21:45,214.8
22.05. 22:00,151.0
22.05. 22:15,151.0
22.05. 22:30,151.0
22.05. 22:45,151.0
22.05. 23:00,112.2
22.05. 23:15,112.2
22.05. 23:30,112.2
22.05. 23:45,112.2
23.05. 00:00,65.0
23.05. 00:15,65.0
23.05. 00:30,65.0
23.05. 00:45,65.0
23.05. 01:00,52.1
23.05. 01:15,52.1
23.05. 01:30,52.1
23.05. 01:45,52.1
23.05. 02:00,38.4
23.05. 02:15,38.4
23.05. 02:30,38.4
23.05. 02:45,38.4
23.05. 03:00,44.4
23.05. 03:15,44.4
23.05. 03:30,44.4
23.05. 03:45,44.4
23.05. 04:00,45.8
23.05. 04:15,45.8
23.05. 04:30,45.8
23.05. 04:45,45.8
23.05. 05:00,65.8
23.05. 05:15,65.8
23.05. 05:30,65.8
23.05. 05:45,65.8
23.05. 06:00,124.0
23.05. 06:15,124.0
23.05. 06:30,124.0
23.05. 06:45,124.0
23.05. 07:00,181.2
23.05. 07:15,181.2
23.05. 07:30,181.2
23.05. 07:45,181.2
23.05. 08:00,198.5
23.05. 08:15,198.5
23.05. 08:30,198.5
23.05. 08:45,198.5
23.05. 09:00,195.6
23.05. 09:15,195.6
23.05. 09:30,195.6
23.05. 09:45,195.6
23.05. 10:00,186.0
23.05. 10:15,186.0
23.05. 10:30,186.0
23.05. 10:45,186.0
23.05. 11:00,206.9
23.05. 11:15,206.9
23.05. 11:30,206.9
23.05. 11:45,206.9
23.05. 12:00,229.4
23.05. 12:15,229.4
23.05. 12:30,229.4
23.05. 12:45,229.4
23.05. 13:00,204.3
23.05. 13:15,204.3
23.05. 13:30,204.3
23.05. 13:45,204.3
23.05. 14:00,177.2
23.05. 14:15,177.2
23.05. 14:30,177.2
23.05. 14:45,177.2
23.05. 15:00,169.8
23.05. 15:15,169.8
23.05. 15:30,169.8
23.05. 15:45,169.8
23.05. 16:00,140.6
23.05. 16:15,140.6
23.05. 16:30,140.6
23.05. 16:45,140.6
23.05. 17:00,159.8
23.05. 17:15,159.8
23.05. 17:30,159.8
23.05. 17:45,159.8
23.05. 18:00,182.2
23.05. 18:15,182.2
23.05. 18:30,182.2
23.05. 18:45,182.2
23.05. 19:00,215.0
23.05. 19:15,215.0
23.05. 19:30,215.0
23.05. 19:45,215.0
23.05. 20:00,217.2
23.05. 20:15,217.2
23.05. 20:30,217.2
23.05. 20:45,217.2
23.05. 21:00,204.4
23.05. 21:15,204.4
23.05. 21:30,204.4
23.05. 21:45,204.4
23.05. 22:00,152.3
23.05. 22:15,152.3
23.05. 22:30,152.3
23.05. 22:45,152.3
23.05. 23:00,118.3
23.05. 23:15,118.3
23.05. 23:30,118.3
23.05. 23:45,118.3
24.05. 00:00,51.9
24.05. 00:15,51.9
24.05. 00:30,51.9
24.05. 00:45,51.9
24.05. 01:00,47.0
24.05. 01:15,47.0
24.05. 01:30,47.0
24.05. 01:45,47.0
24.05. 02:00,43.9
24.05. 02:15,43.9
24.05. 02:30,43.9
24.05. 02:45,43.9
24.05. 03:00,46.6
24.05. 03:15,46.6
24.05. 03:30,46.6
24.05. 03:45,46.6
24.05. 04:00,50.3
24.05. 04:15,50.3
24.05. 04:30,50.3
24.05. 04:45,50.3
24.05. 05:00,80.0
24.05. 05:15,80.0
24.05. 05:30,80.0
24.05. 05:45,80.0
24.05. 06:00,148.7
24.05. 06:15,148.7
24.05. 06:30,148.7
24.05. 06:45,148.7
24.05. 07:00,178.1
24.05. 07:15,178.1
24.05. 07:30,178.1
24.05. 07:45,178.1
24.05. 08:00,166.3
24.05. 08:15,166.3
24.05. 08:30,166.3
24.05. 08:45,166.3
24.05. 09:00,161.5
24.05. 09:15,161.5
24.05. 09:30,161.5
24.05. 09:45,161.5
24.05. 10:00,162.7
24.05. 10:15,162.7
24.05. 10:30,162.7
24.05. 10:45,162.7
24.05. 11:00,152.8
24.05. 11:15,152.8
24.05. 11:30,152.8
24.05. 11:45,152.8
24.05. 12:00,150.3
24.05. 12:15,150.3
24.05. 12:30,150.3
24.05. 12:45,150.3
24.05. 13:00,163.2
24.05. 13:15,163.2
24.05. 13:30,163.2
24.05. 13:45,163.2
24.05. 14:00,133.5
24.05. 14:15,133.5
24.05. 14:30,133.5
24.05. 14:45,133.5
24.05. 15:00,134.7
24.05. 15:15,134.7
24.05. 15:30,134.7
24.05. 15:45,134.7
24.05. 16:00,129.1
24.05. 16:15,129.1
24.05. 16:30,129.1
24.05. 16:45,129.1
24.05. 17:00,137.8
24.05. 17:15,137.8
24.05. 17:30,137.8
24.05. 17:45,137.8
24.05. 18:00,168.6
24.05. 18:15,168.6
24.05. 18:30,168.6
24.05. 18:45,168.6
24.05. 19:00,212.1
24.05. 19:15,212.1
24.05. 19:30,212.1
24.05. 19:45,212.1
24.05. 20:00,222.2
24.05. 20:15,222.2
24.05. 20:30,222.2
24.05. 20:45,222.2
24.05. 21:00,199.6
24.05. 21:15,199.6
24.05. 21:30,199.6
24.05. 21:45,199.6
24.05. 22:00,162.0
24.05. 22:15,162.0
24.05. 22:30,162.0
24.05. 22:45,162.0
24.05. 23:00,119.7
24.05. 23:15,119.7
24.05. 23:30,119.7
24.05. 23:45,119.7
25.05. 00:00,68.9
25.05. 00:15,68.9
25.05. 00:30,68.9
25.05. 00:45,68.9
25.05. 01:00,59.4
25.05. 01:15,59.4
25.05. 01:30,59.4
25.05. 01:45,59.4
25.05. 02:00,52.8
25.05. 02:15,52.8
25.05. 02:30,52.8
25.05. 02:45,52.8
25.05. 03:00,57.1
25.05. 03:15,57.1
25.05. 03:30,57.1
25.05. 03:45,57.1
25.05. 04:00,62.3
25.05. 04:15,62.3
25.05. 04:30,62.3
25.05. 04:45,62.3
25.05. 05:00,84.0
25.05. 05:15,84.0
25.05. 05:30,84.0
25.05. 05:45,84.0
25.05. 06:00,143.6
25.05. 06:15,143.6
25.05. 06:30,143.6
25.05. 06:45,143.6
25.05. 07:00,185.3
25.05. 07:15,185.3
25.05. 07:30,185.3
25.05. 07:45,185.3
25.05. 08:00,162.7
25.05. 08:15,162.7
25.05. 08:30,162.7
25.05. 08:45,162.7
25.05. 09:00,157.2
25.05. 09:15,157.2
25.05. 09:30,157.2
25.05. 09:45,157.2
25.05. 10:00,140.5
25.05. 10:15,140.5
25.05. 10:30,140.5
25.05. 10:45,140.5
25.05. 11:00,154.0
25.05. 11:15,154.0
25.05. 11:30,154.0
25.05. 11:45,154.0
25.05. 12:00,159.9
25.05. 12:15,159.9
25.05. 12:30,159.9
25.05. 12:45,159.9
25.05. 13:00,177.9
25.05. 13:15,177.9
25.05. 13:30,177.9
25.05. 13:45,177.9
25.05. 14:00,142.8
25.05. 14:15,142.8
25.05. 14:30,142.8
25.05. 14:45,142.8
25.05. 15:00,131.9
25.05. 15:15,131.9
25.05. 15:30,131.9
25.05. 15:45,131.9
25.05. 16:00,136.0
25.05. 16:15,136.0
25.05. 16:30,136.0
25.05. 16:45,136.0
25.05. 17:00,144.0
25.05. 17:15,144.0
25.05. 17:30,144.0
25.05. 17:45,144.0
25.05. 18:00,160.4
25.05. 18:15,160.4
25.05. 18:30,160.4
25.05. 18:45,160.4
25.05. 19:00,215.4
25.05. 19:15,215.4
25.05. 19:30,215.4
25.05. 19:45,215.4
25.05. 20:00,203.6
25.05. 20:15,203.6
25.05. 20:30,203.6
25.05. 20:45,203.6
25.05. 21:00,181.6
25.05. 21:15,181.6
25.05. 21:30,181.6
25.05. 21:45,181.6
25.05. 22:00,147.9
25.05. 22:15,147.9
25.05. 22:30,147.9
25.05. 22:45,147.9
25.05. 23:00,103.0
25.05. 23:15,103.0
25.05. 23:30,103.0
25.05. 23:45,103.0
26.05. 00:00,68.4
26.05. 00:15,68.4
26.05. 00:30,68.4
26.05. 00:45,68.4
26.05. 01:00,55.2
26.05. 01:15,55.2
26.05. 01:30,55.2
26.05. 01:45,55.2
26.05. 02:00,46.0
26.05. 02:15,46.0
26.05. 02:30,46.0
26.05. 02:45,46.0
26.05. 03:00,43.8
26.05. 03:15,43.8
26.05. 03:30,43.8
26.05. 03:45,43.8
26.05. 04:00,47.6
26.05. 04:15,47.6
26.05. 04:30,47.6
26.05. 04:45,47.6
26.05. 05:00,51.1
26.05. 05:15,51.1
26.05. 05:30,51.1
26.05. 05:45,51.1
26.05. 06:00,57.5
26.05. 06:15,57.5
26.05. 06:30,57.5
26.05. 06:45,57.5
26.05. 07:00,92.1
26.05. 07:15,92.1
26.05. 07:30,92.1
26.05. 07:45,92.1
26.05. 08:00,133.6
26.05. 08:15,133.6
26.05. 08:30,133.6
26.05. 08:45,133.6
26.05. 09:00,170.6
26.05. 09:15,170.6
26.05. 09:30,170.6
26.05. 09:45,170.6
26.05. 10:00,198.0
26.05. 10:15,198.0
26.05. 10:30,198.0
26.05. 10:45,198.0
26.05. 11:00,216.2
26.05. 11:15,216.2
26.05. 11:30,216.2
26.05. 11:45,216.2
26.05. 12:00,225.1
26.05. 12:15,225.1
26.05. 12:30,225.1
26.05. 12:45,225.1
26.05. 13:00,185.9
26.05. 13:15,185.9
26.05. 13:30,185.9
26.05. 13:45,185.9
26.05. 14:00,200.8
26.05. 14:15,200.8
26.05. 14:30,200.8
26.05. 14:45,200.8
26.05. 15:00,176.4
26.05. 15:15,176.4
26.05. 15:30,176.4
26.05. 15:45,176.4
26.05. 16:00,173.5
26.05. 16:15,173.5
26.05. 16:30,173.5
26.05. 16:45,173.5
26.05. 17:00,184.4
26.05. 17:15,184.4
26.05. 17:30,184.4
26.05. 17:45,184.4
26.05. 18:00,199.6
26.05. 18:15,199.6
26.05. 18:30,199.6
26.05. 18:45,199.6
26.05. 19:00,228.0
26.05. 19:15,228.0
26.05. 19:30,228.0
26.05. 19:45,228.0
26.05. 20:00,200.7
26.05. 20:15,200.7
26.05. 20:30,200.7
26.05. 20:45,200.7
26.05. 21:00,157.3
26.05. 21:15,157.3
26.05. 21:30,157.3
26.05. 21:45,157.3
26.05. 22:00,133.5
26.05. 22:15,133.5
26.05. 22:30,133.5
26.05. 22:45,133.5
26.05. 23:00,94.7
26.05. 23:15,94.7
26.05. 23:30,94.7
26.05. 23:45,94.7
27.05. 00:00,67.9
27.05. 00:15,67.9
27.05. 00:30,67.9
27.05. 00:45,67.9
27.05. 01:00,59.6
27.05. 01:15,59.6
27.05. 01:30,59.6
27.05. 01:45,59.6
27.05. 02:00,52.6
27.05. 02:15,52.6
27.05. 02:30,52.6
27.05. 02:45,52.6
27.05. 03:00,47.6
27.05. 03:15,47.6
27.05. 03:30,47.6
27.05. 03:45,47.6
27.05. 04:00,50.0
27.05. 04:15,50.0
27.05. 04:30,50.0
27.05. 04:45,50.0
27.05. 05:00,48.5
27.05. 05:15,48.5
27.05. 05:30,48.5
27.05. 05:45,48.5
27.05. 06:00,53.2
27.05. 06:15,53.2
27.05. 06:30,53.2
27.05. 06:45,53.2
27.05. 07:00,63.9
27.05. 07:15,63.9
27.05. 07:30,63.9
27.05. 07:45,63.9
27.05. 08:00,90.5
27.05. 08:15,90.5
27.05. 08:30,90.5
27.05. 08:45,90.5
27.05. 09:00,151.4
27.05. 09:15,151.4
27.05. 09:30,151.4
27.05. 09:45,151.4
27.05. 10:00,198.5
27.05. 10:15,198.5
27.05. 10:30,198.5
27.05. 10:45,198.5
27.05. 11:00,219.6
27.05. 11:15,219.6
27.05. 11:30,219.6
27.05. 11:45,219.6
27.05. 12:00,224.3
27.05. 12:15,224.3
27.05. 12:30,224.3
27.05. 12:45,224.3
27.05. 13:00,213.0
27.05. 13:15,213.0
27.05. 13:30,213.0
27.05. 13:45,213.0
27.05. 14:00,180.8
27.05. 14:15,180.8
27.05. 14:30,180.8
27.05. 14:45,180.8
27.05. 15:00,152.7
27.05. 15:15,152.7
27.05. 15:30,152.7
27.05. 15:45,152.7
27.05. 16:00,139.4
27.05. 16:15,139.4
27.05. 16:30,139.4
27.05. 16:45,139.4
27.05. 17:00,124.0
27.05. 17:15,124.0
27.05. 17:30,124.0
27.05. 17:45,124.0
27.05. 18:00,147.7
27.05. 18:15,147.7
27.05. 18:30,147.7
27.05. 18:45,147.7
27.05. 19:00,170.6
27.05. 19:15,170.6
27.05. 19:30,170.6
27.05. 19:45,170.6
27.05. 20:00,185.8
27.05. 20:15,185.8
27.05. 20:30,185.8
27.05. 20:45,185.8
27.05. 21:00,174.4
27.05. 21:15,174.4
27.05. 21:30,174.4
27.05. 21:45,174.4
27.05. 22:00,162.1
27.05. 22:15,162.1
27.05. 22:30,162.1
27.05. 22:45,162.1
27.05. 23:00,104.5
27.05. 23:15,104.5
27.05. 23:30,104.5
27.05. 23:45,104.5
28.05. 00:00,72.6
28.05. 00:15,72.6
28.05. 00:30,72.6
28.05. 00:45,72.6
28.05. 01:00,55.4
28.05. 01:15,55.4
28.05. 01:30,55.4
28.05. 01:45,55.4
28.05. 02:00,49.1
28.05. 02:15,49.1
28.05. 02:30,49.1
28.05. 02:45,49.1
28.05. 03:00,54.0
28.05. 03:15,54.0
28.05. 03:30,54.0
28.05. 03:45,54.0
28.05. 04:00,58.1
28.05. 04:15,58.1
28.05. 04:30,58.1
28.05. 04:45,58.1
28.05. 05:00,80.7
28.05. 05:15,80.7
28.05. 05:30,80.7
28.05. 05:45,80.7
28.05. 06:00,142.4
28.05. 06:15,142.4
28.05. 06:30,142.4
28.05. 06:45,142.4
28.05. 07:00,183.2
28.05. 07:15,183.2
28.05. 07:30,183.2
28.05. 07:45,183.2
28.05. 08:00,172.8
28.05. 08:15,172.8
28.05. 08:30,172.8
28.05. 08:45,172.8
28.05. 09:00,168.9
28.05. 09:15,168.9
28.05. 09:30,168.9
28.05. 09:45,168.9
28.05. 10:00,147.1
28.05. 10:15,147.1
28.05. 10:30,147.1
28.05. 10:45,147.1
28.05. 11:00,147.9
28.05. 11:15,147.9
28.05. 11:30,147.9
28.05. 11:45,147.9
28.05. 12:00,151.0
28.05. 12:15,151.0
28.05. 12:30,151.0
28.05. 12:45,151.0
28.05. 13:00,163.6
28.05. 13:15,163.6
28.05. 13:30,163.6
28.05. 13:45,163.6
28.05. 14:00,139.6
28.05. 14:15,139.6
28.05. 14:30,139.6
28.05. 14:45,139.6
28.05. 15:00,131.6
28.05. 15:15,131.6
28.05. 15:30,131.6
28.05. 15:45,131.6
28.05. 16:00,126.7
28.05. 16:15,126.7
28.05. 16:30,126.7
28.05. 16:45,126.7
28.05. 17:00,141.8
28.05. 17:15,141.8
28.05. 17:30,141.8
28.05. 17:45,141.8
28.05. 18:00,179.2
28.05. 18:15,179.2
28.05. 18:30,179.2
28.05. 18:45,179.2
28.05. 19:00,202.9
28.05. 19:15,202.9
28.05. 19:30,202.9
28.05. 19:45,202.9
28.05. 20:00,216.4
28.05. 20:15,216.4
28.05. 20:30,216.4
28.05. 20:45,216.4
28.05. 21:00,212.2
28.05. 21:15,212.2
28.05. 21:30,212.2
28.05. 21:45,212.2
28.05. 22:00,149.2
28.05. 22:15,149.2
28.05. 22:30,149.2
28.05. 22:45,149.2
28.05. 23:00,120.1
28.05. 23:15,120.1
28.05. 23:30,120.1
28.05. 23:45,120.1
29.05. 00:00,72.8
29.05. 00:15,72.8
29.05. 00:30,72.8
29.05. 00:45,72.8
29.05. 01:00,71.0
29.05. 01:15,71.0
29.05. 01:30,71.0
29.05. 01:45,71.0
29.05. 02:00,66.2
29.05. 02:15,66.2
29.05. 02:30,66.2
29.05. 02:45,66.2
29.05. 03:00,63.6
29.05. 03:15,63.6
29.05. 03:30,63.6
29.05. 03:45,63.6
29.05. 04:00,75.4
29.05. 04:15,75.4
29.05. 04:30,75.4
29.05. 04:45,75.4
29.05. 05:00,91.7
29.05. 05:15,91.7
29.05. 05:30,91.7
29.05. 05:45,91.7
29.05. 06:00,167.6
29.05. 06:15,167.6
29.05. 06:30,167.6
29.05. 06:45,167.6
29.05. 07:00,203.5
29.05. 07:15,203.5
29.05. 07:30,203.5
29.05. 07:45,203.5
29.05. 08:00,193.6
29.05. 08:15,193.6
29.05. 08:30,193.6
29.05. 08:45,193.6
29.05. 09:00,186.8
29.05. 09:15,186.8
29.05. 09:30,186.8
29.05. 09:45,186.8
29.05. 10:00,166.7
29.05. 10:15,166.7
29.05. 10:30,166.7
29.05. 10:45,166.7
29.05. 11:00,166.9
29.05. 11:15,166.9
29.05. 11:30,166.9
29.05. 11:45,166.9
29.05. 12:00,163.6
29.05. 12:15,163.6
29.05. 12:30,163.6
29.05. 12:45,163.6
29.05. 13:00,176.9
29.05. 13:15,176.9
29.05. 13:30,176.9
29.05. 13:45,176.9
29.05. 14:00,151.4
29.05. 14:15,151.4
29.05. 14:30,151.4
29.05. 14:45,151.4
29.05. 15:00,149.1
29.05. 15:15,149.1
29.05. 15:30,149.1
29.05. 15:45,149.1
29.05. 16:00,146.6
29.05. 16:15,146.6
29.05. 16:30,146.6
29.05. 16:45,146.6
29.05. 17:00,159.9
29.05. 17:15,159.9
29.05. 17:30,159.9
29.05. 17:45,159.9
29.05. 18:00,185.6
29.05. 18:15,185.6
29.05. 18:30,185.6
29.05. 18:45,185.6
29.05. 19:00,218.8
29.05. 19:15,218.8
29.05. 19:30,218.8
29.05. 19:45,218.8
29.05. 20:00,233.7
29.05. 20:15,233.7
29.05. 20:30,233.7
29.05. 20:45,233.7
29.05. 21:00,224.7
29.05. 21:15,224.7
29.05. 21:30,224.7
29.05. 21:45,224.7
29.05. 22:00,165.5
29.05. 22:15,165.5
29.05. 22:30,165.5
29.05. 22:45,165.5
29.05. 23:00,119.3
29.05. 23:15,119.3
29.05. 23:30,119.3
29.05. 23:45,119.3
30.05. 00:00,68.9
30.05. 00:15,68.9
30.05. 00:30,68.9
30.05. 00:45,68.9
30.05. 01:00,56.9
30.05. 01:15,56.9
30.05. 01:30,56.9
30.05. 01:45,56.9
30.05. 02:00,54.5
30.05. 02:15,54.5
30.05. 02:30,54.5
30.05. 02:45,54.5
30.05. 03:00,54.8
30.05. 03:15,54.8
30.05. 03:30,54.8
30.05. 03:45,54.8
30.05. 04:00,63.0
30.05. 04:15,63.0
30.05. 04:30,63.0
30.05. 04:45,63.0
30.05. 05:00,89.3
30.05. 05:15,89.3
30.05. 05:30,89.3
30.05. 05:45,89.3
30.05. 06:00,144.2
30.05. 06:15,144.2
30.05. 06:30,144.2
30.05. 06:45,144.2
30.05. 07:00,188.9
30.05. 07:15,188.9
30.05. 07:30,188.9
30.05. 07:45,188.9
30.05. 08:00,186.5
30.05. 08:15,186.5
30.05. 08:30,186.5
30.05. 08:45,186.5
30.05. 09:00,162.9
30.05. 09:15,162.9
30.05. 09:30,162.9
30.05. 09:45,162.9
30.05. 10:00,146.2
30.05. 10:15,146.2
30.05. 10:30,146.2
30.05. 10:45,146.2
30.05. 11:00,161.3
30.05. 11:15,161.3
30.05. 11:30,161.3
30.05. 11:45,161.3
30.05. 12:00,171.6
30.05. 12:15,171.6
30.05. 12:30,171.6
30.05. 12:45,171.6
30.05. 13:00,161.6
30.05. 13:15,161.6
30.05. 13:30,161.6
30.05. 13:45,161.6
30.05. 14:00,143.1
30.05. 14:15,143.1
30.05. 14:30,143.1
30.05. 14:45,143.1
30.05. 15:00,137.1
30.05. 15:15,137.1
30.05. 15:30,137.1
30.05. 15:45,137.1
30.05. 16:00,130.8
30.05. 16:15,130.8
30.05. 16:30,130.8
30.05. 16:45,130.8
30.05. 17:00,147.0
30.05. 17:15,147.0
30.05. 17:30,147.0
30.05. 17:45,147.0
30.05. 18:00,180.3
30.05. 18:15,180.3
30.05. 18:30,180.3
30.05. 18:45,180.3
30.05. 19:00,211.2
30.05. 19:15,211.2
30.05. 19:30,211.2
30.05. 19:45,211.2
30.05. 20:00,219.3
30.05. 20:15,219.3
30.05. 20:30,219.3
30.05. 20:45,219.3
30.05. 21:00,224.8
30.05. 21:15,224.8
30.05. 21:30,224.8
30.05. 21:45,224.8
30.05. 22:00,180.9
30.05. 22:15,180.9
30.05. 22:30,180.9
30.05. 22:45,180.9
30.05. 23:00,122.9
30.05. 23:15,122.9
30.05. 23:30,122.9
30.05. 23:45,122.9
31.05. 00:00,86.5
31.05. 00:15,86.5
31.05. 00:30,86.5
31.05. 00:45,86.5
31.05. 01:00,69.6
31.05. 01:15,69.6
31.05. 01:30,69.6
31.05. 01:45,69.6
31.05. 02:00,61.5
31.05. 02:15,61.5
31.05. 02:30,61.5
31.05. 02:45,61.5
31.05. 03:00,59.5
31.05. 03:15,59.5
31.05. 03:30,59.5
31.05. 03:45,59.5
31.05. 04:00,56.0
31.05. 04:15,56.0
31.05. 04:30,56.0
31.05. 04:45,56.0
31.05. 05:00,59.6
31.05. 05:15,59.6
31.05. 05:30,59.6
31.05. 05:45,59.6
31.05. 06:00,68.2
31.05. 06:15,68.2
31.05. 06:30,68.2
31.05. 06:45,68.2
31.05. 07:00,70.4
31.05. 07:15,70.4
31.05. 07:30,70.4
31.05. 07:45,70.4
31.05. 08:00,107.4
31.05. 08:15,107.4
31.05. 08:30,107.4
31.05. 08:45,107.4
31.05. 09:00,153.0
31.05. 09:15,153.0
31.05. 09:30,153.0
31.05. 09:45,153.0
31.05. 10:00,205.3
31.05. 10:15,205.3
31.05. 10:30,205.3
31.05. 10:45,205.3
31.05. 11:00,230.2
31.05. 11:15,230.2
31.05. 11:30,230.2
31.05. 11:45,230.2
31.05. 12:00,217.3
31.05. 12:15,217.3
31.05. 12:30,217.3
31.05. 12:45,217.3
31.05. 13:00,212.1
31.05. 13:15,212.1
31.05. 13:30,212.1
31.05. 13:45,212.1
31.05. 14:00,182.4
31.05. 14:15,182.4
31.05. 14:30,182.4
31.05. 14:45,182.4
31.05. 15:00,167.7
31.05. 15:15,167.7
31.05. 15:30,167.7
31.05. 15:45,167.7
31.05. 16:00,137.9
31.05. 16:15,137.9
31.05. 16:30,137.9
31.05. 16:45,137.9
31.05. 17:00,136.4
31.05. 17:15,136.4
31.05. 17:30,136.4
31.05. 17:45,136.4
31.05. 18:00,147.7
31.05. 18:15,147.7
31.05. 18:30,147.7
31.05. 18:45,147.7
31.05. 19:00,171.2
31.05. 19:15,171.2
31.05. 19:30,171.2
31.05. 19:45,171.2
31.05. 20:00,199.1
31.05. 20:15,199.1
31.05. 20:30,199.1
31.05. 20:45,199.1
31.05. 21:00,182.2
31.05. 21:15,182.2
31.05. 21:30,182.2
31.05. 21:45,182.2
31.05. 22:00,155.0
31.05. 22:15,155.0
31.05. 22:30,155.0
31.05. 22:45,155.0
31.05. 23:00,103.1
31.05. 23:15,103.1
31.05. 23:30,103.1
31.05. 23:45,103.1
01.06. 00:00,65.6
01.06. 00:15,65.6
01.06. 00:30,65.6
01.06. 00:45,65.6
01.06. 01:00,58.5
01.06. 01:15,58.5
01.06. 01:30,58.5
01.06. 01:45,58.5
01.06. 02:00,58.2
01.06. 02:15,58.2
01.06. 02:30,58.2
01.06. 02:45,58.2
01.06. 03:00,58.0
01.06. 03:15,58.0
01.06. 03:30,58.0
01.06. 03:45,58.0
01.06. 04:00,62.6
01.06. 04:15,62.6
01.06. 04:30,62.6
01.06. 04:45,62.6
01.06. 05:00,81.7
01.06. 05:15,81.7
01.06. 05:30,81.7
01.06. 05:45,81.7
01.06. 06:00,150.0
01.06. 06:15,150.0
01.06. 06:30,150.0
01.06. 06:45,150.0
01.06. 07:00,181.2
01.06. 07:15,181.2
01.06. 07:30,181.2
01.06. 07:45,181.2
01.06. 08:00,175.4
01.06. 08:15,175.4
01.06. 08:30,175.4
01.06. 08:45,175.4
01.06. 09:00,149.7
01.06. 09:15,149.7
01.06. 09:30,149.7
01.06. 09:45,149.7
01.06. 10:00,153.8
01.06. 10:15,153.8
01.06. 10:30,153.8
01.06. 10:45,153.8
01.06. 11:00,154.9
01.06. 11:15,154.9
01.06. 11:30,154.9
01.06. 11:45,154.9
01.06. 12:00,170.4
01.06. 12:15,170.4
01.06. 12:30,170.4
01.06. 12:45,170.4
01.06. 13:00,155.9
01.06. 13:15,155.9
01.06. 13:30,155.9
01.06. 13:45,155.9
01.06. 14:00,159.6
01.06. 14:15,159.6
01.06. 14:30,159.6
01.06. 14:45,159.6
01.06. 15:00,137.6
01.06. 15:15,137.6
01.06. 15:30,137.6
01.06. 15:45,137.6
01.06. 16:00,136.9
01.06. 16:15,136.9
01.06. 16:30,136.9
01.06. 16:45,136.9
01.06. 17:00,147.1
01.06. 17:15,147.1
01.06. 17:30,147.1
01.06. 17:45,147.1
01.06. 18:00,165.3
01.06. 18:15,165.3
01.06. 18:30,165.3
01.06. 18:45,165.3
01.06. 19:00,211.6
01.06. 19:15,211.6
01.06. 19:30,211.6
01.06. 19:45,211.6
01.06. 20:00,215.7
01.06. 20:15,215.7
01.06. 20:30,215.7
01.06. 20:45,215.7
01.06. 21:00,216.6
01.06. 21:15,216.6
01.06. 21:30,216.6
01.06. 21:45,216.6
01.06. 22:00,164.4
01.06. 22:15,164.4
01.06. 22:30,164.4
01.06. 22:45,164.4
01.06. 23:00,122.8
01.06. 23:15,122.8
01.06. 23:30,122.8
01.06. 23:45,122.8
02.06. 00:00,90.0
02.06. 00:15,90.0
02.06. 00:30,90.0
02.06. 00:45,90.0
02.06. 01:00,79.4
02.06. 01:15,79.4
02.06. 01:30,79.4
02.06. 01:45,79.4
02.06. 02:00,77.2
02.06. 02:15,77.2
02.06. 02:30,77.2
02.06. 02:45,77.2
02.06. 03:00,65.8
02.06. 03:15,65.8
02.06. 03:30,65.8
02.06. 03:45,65.8
02.06. 04:00,62.3
02.06. 04:15,62.3
02.06. 04:30,62.3
02.06. 04:45,62.3
02.06. 05:00,62.4
02.06. 05:15,62.4
02.06. 05:30,62.4
02.06. 05:45,62.4
02.06. 06:00,82.8
02.06. 06:15,82.8
02.06. 06:30,82.8
02.06. 06:45,82.8
02.06. 07:00,103.3
02.06. 07:15,103.3
02.06. 07:30,103.3
02.06. 07:45,103.3
02.06. 08:00,155.0
02.06. 08:15,155.0
02.06. 08:30,155.0
02.06. 08:45,155.0
02.06. 09:00,192.3
02.06. 09:15,192.3
02.06. 09:30,192.3
02.06. 09:45,192.3
02.06. 10:00,203.9
02.06. 10:15,203.9
02.06. 10:30,203.9
02.06. 10:45,203.9
02.06. 11:00,219.4
02.06. 11:15,219.4
02.06. 11:30,219.4
02.06. 11:45,219.4
02.06. 12:00,230.7
02.06. 12:15,230.7
02.06. 12:30,230.7
02.06. 12:45,230.7
02.06. 13:00,205.1
02.06. 13:15,205.1
02.06. 13:30,205.1
02.06. 13:45,205.1
02.06. 14:00,198.6
02.06. 14:15,198.6
02.06. 14:30,198.6
02.06. 14:45,198.6
02.06. 15:00,179.1
02.06. 15:15,179.1
02.06. 15:30,179.1
02.06. 15:45,179.1
02.06. 16:00,192.7
02.06. 16:15,192.7
02.06. 16:30,192.7
02.06. 16:45,192.7
02.06. 17:00,192.9
02.06. 17:15,192.9
02.06. 17:30,192.9
02.06. 17:45,192.9
02.06. 18:00,227.1
02.06. 18:15,227.1
02.06. 18:30,227.1
02.06. 18:45,227.1
02.06. 19:00,232.6
02.06. 19:15,232.6
02.06. 19:30,232.6
02.06. 19:45,232.6
02.06. 20:00,207.7
02.06. 20:15,207.7
02.06. 20:30,207.7
02.06. 20:45,207.7
02.06. 21:00,166.9
02.06. 21:15,166.9
02.06. 21:30,166.9
02.06. 21:45,166.9
02.06. 22:00,142.1
02.06. 22:15,142.1
02.06. 22:30,142.1
02.06. 22:45,142.1
02.06. 23:00,92.9
02.06. 23:15,92.9
02.06. 23:30,92.9
02.06. 23:45,92.9
03.06. 00:00,94.8
03.06. 00:15,94.8
03.06. 00:30,94.8
03.06. 00:45,94.8
03.06. 01:00,84.1
03.06. 01:15,84.1
03.06. 01:30,84.1
03.06. 01:45,84.1
03.06. 02:00,74.2
03.06. 02:15,74.2
03.06. 02:30,74.2
03.06. 02:45,74.2
03.06. 03:00,65.4
03.06. 03:15,65.4
03.06. 03:30,65.4
03.06. 03:45,65.4
03.06. 04:00,67.4
03.06. 04:15,67.4
03.06. 04:30,67.4
03.06. 04:45,67.4
03.06. 05:00,55.1
03.06. 05:15,55.1
03.06. 05:30,55.1
03.06. 05:45,55.1
03.06. 06:00,58.8
03.06. 06:15,58.8
03.06. 06:30,58.8
03.06. 06:45,58.8
03.06. 07:00,65.2
03.06. 07:15,65.2
03.06. 07:30,65.2
03.06. 07:45,65.2
03.06. 08:00,110.0
03.06. 08:15,110.0
03.06. 08:30,110.0
03.06. 08:45,110.0
03.06. 09:00,197.5
03.06. 09:15,197.5
03.06. 09:30,197.5
03.06. 09:45,197.5
03.06. 10:00,263.3
03.06. 10:15,263.3
03.06. 10:30,263.3
03.06. 10:45,263.3
03.06. 11:00,288.1
03.06. 11:15,288.1
03.06. 11:30,288.1
03.06. 11:45,288.1
03.06. 12:00,286.1
03.06. 12:15,286.1
03.06. 12:30,286.1
03.06. 12:45,286.1
03.06. 13:00,316.7
03.06. 13:15,316.7
03.06. 13:30,316.7
03.06. 13:45,316.7
03.06. 14:00,244.9
03.06. 14:15,244.9
03.06. 14:30,244.9
03.06. 14:45,244.9
03.06. 15:00,236.7
03.06. 15:15,236.7
03.06. 15:30,236.7
03.06. 15:45,236.7
03.06. 16:00,203.7
03.06. 16:15,203.7
03.06. 16:30,203.7
03.06. 16:45,203.7
03.06. 17:00,198.8
03.06. 17:15,198.8
03.06. 17:30,198.8
03.06. 17:45,198.8
03.06. 18:00,209.1
03.06. 18:15,209.1
03.06. 18:30,209.1
03.06. 18:45,209.1
03.06. 19:00,209.1
03.06. 19:15,209.1
03.06. 19:30,209.1
03.06. 19:45,209.1
03.06. 20:00,216.3
03.06. 20:15,216.3
03.06. 20:30,216.3
03.06. 20:45,216.3
03.06. 21:00,186.1
03.06. 21:15,186.1
03.06. 21:30,186.1
03.06. 21:45,186.1
03.06. 22:00,158.4
03.06. 22:15,158.4
03.06. 22:30,158.4
03.06. 22:45,158.4
03.06. 23:00,116.6
03.06. 23:15,116.6
03.06. 23:30,116.6
03.06. 23:45,116.6
04.06. 00:00,63.0
04.06. 00:15,63.0
04.06. 00:30,63.0
04.06. 00:45,63.0
04.06. 01:00,49.8
04.06. 01:15,49.8
04.06. 01:30,49.8
04.06. 01:45,49.8
04.06. 02:00,41.7
04.06. 02:15,41.7
04.06. 02:30,41.7
04.06. 02:45,41.7
04.06. 03:00,43.1
04.06. 03:15,43.1
04.06. 03:30,43.1
04.06. 03:45,43.1
04.06. 04:00,50.6
04.06. 04:15,50.6
04.06. 04:30,50.6
04.06. 04:45,50.6
04.06. 05:00,71.0
04.06. 05:15,71.0
04.06. 05:30,71.0
04.06. 05:45,71.0
04.06. 06:00,124.2
04.06. 06:15,124.2
04.06. 06:30,124.2
04.06. 06:45,124.2
04.06. 07:00,167.4
04.06. 07:15,167.4
04.06. 07:30,167.4
04.06. 07:45,167.4
04.06. 08:00,166.5
04.06. 08:15,166.5
04.06. 08:30,166.5
04.06. 08:45,166.5
04.06. 09:00,163.2
04.06. 09:15,163.2
04.06. 09:30,163.2
04.06. 09:45,163.2
04.06. 10:00,187.4
04.06. 10:15,187.4
04.06. 10:30,187.4
04.06. 10:45,187.4
04.06. 11:00,216.5
04.06. 11:15,216.5
04.06. 11:30,216.5
04.06. 11:45,216.5
04.06. 12:00,211.8
04.06. 12:15,211.8
04.06. 12:30,211.8
04.06. 12:45,211.8
04.06. 13:00,225.9
04.06. 13:15,225.9
04.06. 13:30,225.9
04.06. 13:45,225.9
04.06. 14:00,213.4
04.06. 14:15,213.4
04.06. 14:30,213.4
04.06. 14:45,213.4
04.06. 15:00,191.6
04.06. 15:15,191.6
04.06. 15:30,191.6
04.06. 15:45,191.6
04.06. 16:00,193.7
04.06. 16:15,193.7
04.06. 16:30,193.7
04.06. 16:45,193.7
04.06. 17:00,197.0
04.06. 17:15,197.0
04.06. 17:30,197.0
04.06. 17:45,197.0
04.06. 18:00,229.5
04.06. 18:15,229.5
04.06. 18:30,229.5
04.06. 18:45,229.5
04.06. 19:00,239.5
04.06. 19:15,239.5
04.06. 19:30,239.5
04.06. 19:45,239.5
04.06. 20:00,215.6
04.06. 20:15,215.6
04.06. 20:30,215.6
04.06. 20:45,215.6
04.06. 21:00,212.9
04.06. 21:15,212.9
04.06. 21:30,212.9
04.06. 21:45,212.9
04.06. 22:00,152.2
04.06. 22:15,152.2
04.06. 22:30,152.2
04.06. 22:45,152.2
04.06. 23:00,107.6
04.06. 23:15,107.6
04.06. 23:30,107.6
04.06. 23:45,107.6
05.06. 00:00,55.9
05.06. 00:15,55.9
05.06. 00:30,55.9
05.06. 00:45,55.9
05.06. 01:00,46.5
05.06. 01:15,46.5
05.06. 01:30,46.5
05.06. 01:45,46.5
05.06. 02:00,39.4
05.06. 02:15,39.4
05.06. 02:30,39.4
05.06. 02:45,39.4
05.06. 03:00,38.3
05.06. 03:15,38.3
05.06. 03:30,38.3
05.06. 03:45,38.3
05.06. 04:00,42.1
05.06. 04:15,42.1
05.06. 04:30,42.1
05.06. 04:45,42.1
05.06. 05:00,66.0
05.06. 05:15,66.0
05.06. 05:30,66.0
05.06. 05:45,66.0
05.06. 06:00,131.5
05.06. 06:15,131.5
05.06. 06:30,131.5
05.06. 06:45,131.5
05.06. 07:00,161.8
05.06. 07:15,161.8
05.06. 07:30,161.8
05.06. 07:45,161.8
05.06. 08:00,180.8
05.06. 08:15,180.8
05.06. 08:30,180.8
05.06. 08:45,180.8
05.06. 09:00,169.6
05.06. 09:15,169.6
05.06. 09:30,169.6
05.06. 09:45,169.6
05.06. 10:00,142.5
05.06. 10:15,142.5
05.06. 10:30,142.5
05.06. 10:45,142.5
05.06. 11:00,153.8
05.06. 11:15,153.8
05.06. 11:30,153.8
05.06. 11:45,153.8
05.06. 12:00,181.0
05.06. 12:15,181.0
05.06. 12:30,181.0
05.06. 12:45,181.0
05.06. 13:00,176.3
05.06. 13:15,176.3
05.06. 13:30,176.3
05.06. 13:45,176.3
05.06. 14:00,149.1
05.06. 14:15,149.1
05.06. 14:30,149.1
05.06. 14:45,149.1
05.06. 15:00,136.2
05.06. 15:15,136.2
05.06. 15:30,136.2
05.06. 15:45,136.2
05.06. 16:00,133.4
05.06. 16:15,133.4
05.06. 16:30,133.4
05.06. 16:45,133.4
05.06. 17:00,143.2
05.06. 17:15,143.2
05.06. 17:30,143.2
05.06. 17:45,143.2
05.06. 18:00,163.2
05.06. 18:15,163.2
05.06. 18:30,163.2
05.06. 18:45,163.2
05.06. 19:00,201.5
05.06. 19:15,201.5
05.06. 19:30,201.5
05.06. 19:45,201.5
05.06. 20:00,186.9
05.06. 20:15,186.9
05.06. 20:30,186.9
05.06. 20:45,186.9
05.06. 21:00,193.7
05.06. 21:15,193.7
05.06. 21:30,193.7
05.06. 21:45,193.7
05.06. 22:00,138.3
05.06. 22:15,138.3
05.06. 22:30,138.3
05.06. 22:45,138.3
05.06. 23:00,105.5
05.06. 23:15,105.5
05.06. 23:30,105.5
05.06. 23:45,105.5
06.06. 00:00,54.6
06.06. 00:15,54.6
06.06. 00:30,54.6
06.06. 00:45,54.6
06.06. 01:00,49.0
06.06. 01:15,49.0
06.06. 01:30,49.0
06.06. 01:45,49.0
06.06. 02:00,41.3
06.06. 02:15,41.3
06.06. 02:30,41.3
06.06. 02:45,41.3
06.06. 03:00,37.0
06.06. 03:15,37.0
06.06. 03:30,37.0
06.06. 03:45,37.0
06.06. 04:00,43.5
06.06. 04:15,43.5
06.06. 04:30,43.5
06.06. 04:45,43.5
06.06. 05:00,67.7
06.06. 05:15,67.7
06.06. 05:30,67.7
06.06. 05:45,67.7
06.06. 06:00,118.0
06.06. 06:15,118.0
06.06. 06:30,118.0
06.06. 06:45,118.0
06.06. 07:00,144.8
06.06. 07:15,144.8
06.06. 07:30,144.8
06.06. 07:45,144.8
06.06. 08:00,160.7
06.06. 08:15,160.7
06.06. 08:30,160.7
06.06. 08:45,160.7
06.06. 09:00,159.6
06.06. 09:15,159.6
06.06. 09:30,159.6
06.06. 09:45,159.6
06.06. 10:00,149.6
06.06. 10:15,149.6
06.06. 10:30,149.6
06.06. 10:45,149.6
06.06. 11:00,143.1
06.06. 11:15,143.1
06.06. 11:30,143.1
06.06. 11:45,143.1
06.06. 12:00,159.6
06.06. 12:15,159.6
06.06. 12:30,159.6
06.06. 12:45,159.6
06.06. 13:00,179.8
06.06. 13:15,179.8
06.06. 13:30,179.8
06.06. 13:45,179.8
06.06. 14:00,140.6
06.06. 14:15,140.6
06.06. 14:30,140.6
06.06. 14:45,140.6
06.06. 15:00,143.2
06.06. 15:15,143.2
06.06. 15:30,143.2
06.06. 15:45,143.2
06.06. 16:00,129.3
06.06. 16:15,129.3
06.06. 16:30,129.3
06.06. 16:45,129.3
06.06. 17:00,145.9
06.06. 17:15,145.9
06.06. 17:30,145.9
06.06. 17:45,145.9
06.06. 18:00,164.9
06.06. 18:15,164.9
06.06. 18:30,164.9
06.06. 18:45,164.9
06.06. 19:00,189.5
06.06. 19:15,189.5
06.06. 19:30,189.5
06.06. 19:45,189.5
06.06. 20:00,205.5
06.06. 20:15,205.5
06.06. 20:30,205.5
06.06. 20:45,205.5
06.06. 21:00,190.5
06.06. 21:15,190.5
06.06. 21:30,190.5
06.06. 21:45,190.5
06.06. 22:00,155.2
06.06. 22:15,155.2
06.06. 22:30,155.2
06.06. 22:45,155.2
06.06. 23:00,119.4
06.06. 23:15,119.4
06.06. 23:30,119.4
06.06. 23:45,119.4
07.06. 00:00,62.0
07.06. 00:15,62.0
07.06. 00:30,62.0
07.06. 00:45,62.0
07.06. 01:00,49.3
07.06. 01:15,49.3
07.06. 01:30,49.3
07.06. 01:45,49.3
07.06. 02:00,50.9
07.06. 02:15,50.9
07.06. 02:30,50.9
07.06. 02:45,50.9
07.06. 03:00,49.0
07.06. 03:15,49.0
07.06. 03:30,49.0
07.06. 03:45,49.0
07.06. 04:00,46.9
07.06. 04:15,46.9
07.06. 04:30,46.9
07.06. 04:45,46.9
07.06. 05:00,72.7
07.06. 05:15,72.7
07.06. 05:30,72.7
07.06. 05:45,72.7
07.06. 06:00,118.4
07.06. 06:15,118.4
07.06. 06:30,118.4
07.06. 06:45,118.4
07.06. 07:00,148.6
07.06. 07:15,148.6
07.06. 07:30,148.6
07.06. 07:45,148.6
07.06. 08:00,158.3
07.06. 08:15,158.3
07.06. 08:30,158.3
07.06. 08:45,158.3
07.06. 09:00,152.0
07.06. 09:15,152.0
07.06. 09:30,152.0
07.06. 09:45,152.0
07.06. 10:00,157.0
07.06. 10:15,157.0
07.06. 10:30,157.0
07.06. 10:45,157.0
07.06. 11:00,157.0
07.06. 11:15,157.0
07.06. 11:30,157.0
07.06. 11:45,157.0
07.06. 12:00,162.9
07.06. 12:15,162.9
07.06. 12:30,162.9
07.06. 12:45,162.9
07.06. 13:00,161.0
07.06. 13:15,161.0
07.06. 13:30,161.0
07.06. 13:45,161.0
07.06. 14:00,146.2
07.06. 14:15,146.2
07.06. 14:30,146.2
07.06. 14:45,146.2
07.06. 15:00,126.5
07.06. 15:15,126.5
07.06. 15:30,126.5
07.06. 15:45,126.5
07.06. 16:00,124.8
07.06. 16:15,124.8
07.06. 16:30,124.8
07.06. 16:45,124.8
07.06. 17:00,135.2
07.06. 17:15,135.2
07.06. 17:30,135.2
07.06. 17:45,135.2
07.06. 18:00,161.4
07.06. 18:15,161.4
07.06. 18:30,161.4
07.06. 18:45,161.4
07.06. 19:00,200.1
07.06. 19:15,200.1
07.06. 19:30,200.1
07.06. 19:45,200.1
07.06. 20:00,194.6
07.06. 20:15,194.6
07.06. 20:30,194.6
07.06. 20:45,194.6
07.06. 21:00,188.4
07.06. 21:15,188.4
07.06. 21:30,188.4
07.06. 21:45,188.4
07.06. 22:00,159.2
07.06. 22:15,159.2
07.06. 22:30,159.2
07.06. 22:45,159.2
07.06. 23:00,98.0
07.06. 23:15,98.0
07.06. 23:30,98.0
07.06. 23:45,98.0
08.06. 00:00,56.0
08.06. 00:15,56.0
08.06. 00:30,56.0
08.06. 00:45,56.0
08.06. 01:00,48.9
08.06. 01:15,48.9
08.06. 01:30,48.9
08.06. 01:45,48.9
08.06. 02:00,43.1
08.06. 02:15,43.1
08.06. 02:30,43.1
08.06. 02:45,43.1
08.06. 03:00,40.1
08.06. 03:15,40.1
08.06. 03:30,40.1
08.06. 03:45,40.1
08.06. 04:00,42.2
08.06. 04:15,42.2
08.06. 04:30,42.2
08.06. 04:45,42.2
08.06. 05:00,64.2
08.06. 05:15,64.2
08.06. 05:30,64.2
08.06. 05:45,64.2
08.06. 06:00,119.9
08.06. 06:15,119.9
08.06. 06:30,119.9
08.06. 06:45,119.9
08.06. 07:00,149.4
08.06. 07:15,149.4
08.06. 07:30,149.4
08.06. 07:45,149.4
08.06. 08:00,169.0
08.06. 08:15,169.0
08.06. 08:30,169.0
08.06. 08:45,169.0
08.06. 09:00,175.0
08.06. 09:15,175.0
08.06. 09:30,175.0
08.06. 09:45,175.0
08.06. 10:00,145.2
08.06. 10:15,145.2
08.06. 10:30,145.2
08.06. 10:45,145.2
08.06. 11:00,143.0
08.06. 11:15,143.0
08.06. 11:30,143.0
08.06. 11:45,143.0
08.06. 12:00,167.2
08.06. 12:15,167.2
08.06. 12:30,167.2
08.06. 12:45,167.2
08.06. 13:00,148.2
08.06. 13:15,148.2
08.06. 13:30,148.2
08.06. 13:45,148.2
08.06. 14:00,134.9
08.06. 14:15,134.9
08.06. 14:30,134.9
08.06. 14:45,134.9
08.06. 15:00,124.8
08.06. 15:15,124.8
08.06. 15:30,124.8
08.06. 15:45,124.8
08.06. 16:00,121.4
08.06. 16:15,121.4
08.06. 16:30,121.4
08.06. 16:45,121.4
08.06. 17:00,132.7
08.06. 17:15,132.7
08.06. 17:30,132.7
08.06. 17:45,132.7
08.06. 18:00,171.2
08.06. 18:15,171.2
08.06. 18:30,171.2
08.06. 18:45,171.2
08.06. 19:00,190.0
08.06. 19:15,190.0
08.06. 19:30,190.0
08.06. 19:45,190.0
08.06. 20:00,193.7
08.06. 20:15,193.7
08.06. 20:30,193.7
08.06. 20:45,193.7
08.06. 21:00,183.5
08.06. 21:15,183.5
08.06. 21:30,183.5
08.06. 21:45,183.5
08.06. 22:00,145.8
08.06. 22:15,145.8
08.06. 22:30,145.8
08.06. 22:45,145.8
08.06. 23:00,107.6
08.06. 23:15,107.6
08.06. 23:30,107.6
08.06. 23:45,107.6
09.06. 00:00,68.9
09.06. 00:15,68.9
09.06. 00:30,68.9
09.06. 00:45,68.9
09.06. 01:00,59.4
09.06. 01:15,59.4
09.06. 01:30,59.4
09.06. 01:45,59.4
09.06. 02:00,51.0
09.06. 02:15,51.0
09.06. 02:30,51.0
09.06. 02:45,51.0
09.06. 03:00,43.4
09.06. 03:15,43.4
09.06. 03:30,43.4
09.06. 03:45,43.4
09.06. 04:00,44.3
09.06. 04:15,44.3
09.06. 04:30,44.3
09.06. 04:45,44.3
09.06. 05:00,50.3
09.06. 05:15,50.3
09.06. 05:30,50.3
09.06. 05:45,50.3
09.06. 06:00,59.2
09.06. 06:15,59.2
09.06. 06:30,59.2
09.06. 06:45,59.2
09.06. 07:00,89.5
09.06. 07:15,89.5
09.06. 07:30,89.5
09.06. 07:45,89.5
09.06. 08:00,146.9
09.06. 08:15,146.9
09.06. 08:30,146.9
09.06. 08:45,146.9
09.06. 09:00,177.4
09.06. 09:15,177.4
09.06. 09:30,177.4
09.06. 09:45,177.4
09.06. 10:00,194.7
09.06. 10:15,194.7
09.06. 10:30,194.7
09.06. 10:45,194.7
09.06. 11:00,198.5
09.06. 11:15,198.5
09.06. 11:30,198.5
09.06. 11:45,198.5
09.06. 12:00,199.5
09.06. 12:15,199.5
09.06. 12:30,199.5
09.06. 12:45,199.5
09.06. 13:00,198.7
09.06. 13:15,198.7
09.06. 13:30,198.7
09.06. 13:45,198.7
09.06. 14:00,173.5
09.06. 14:15,173.5
09.06. 14:30,173.5
09.06. 14:45,173.5
09.06. 15:00,162.6
09.06. 15:15,162.6
09.06. 15:30,162.6
09.06. 15:45,162.6
09.06. 16:00,152.2
09.06. 16:15,152.2
09.06. 16:30,152.2
09.06. 16:45,152.2
09.06. 17:00,181.7
09.06. 17:15,181.7
09.06. 17:30,181.7
09.06. 17:45,181.7
09.06. 18:00,193.0
09.06. 18:15,193.0
09.06. 18:30,193.0
09.06. 18:45,193.0
09.06. 19:00,204.1
09.06. 19:15,204.1
09.06. 19:30,204.1
09.06. 19:45,204.1
09.06. 20:00,206.4
09.06. 20:15,206.4
09.06. 20:30,206.4
09.06. 20:45,206.4
09.06. 21:00,177.4
09.06. 21:15,177.4
09.06. 21:30,177.4
09.06. 21:45,177.4
09.06. 22:00,132.7
09.06. 22:15,132.7
09.06. 22:30,132.7
09.06. 22:45,132.7
09.06. 23:00,102.5
09.06. 23:15,102.5
09.06. 23:30,102.5
09.06. 23:45,102.5
10.06. 00:00,82.6
10.06. 00:15,82.6
10.06. 00:30,82.6
10.06. 00:45,82.6
10.06. 01:00,79.6
10.06. 01:15,79.6
10.06. 01:30,79.6
10.06. 01:45,79.6
10.06. 02:00,59.5
10.06. 02:15,59.5
10.06. 02:30,59.5
10.06. 02:45,59.5
10.06. 03:00,59.0
10.06. 03:15,59.0
10.06. 03:30,59.0
10.06. 03:45,59.0
10.06. 04:00,55.5
10.06. 04:15,55.5
10.06. 04:30,55.5
10.06. 04:45,55.5
10.06. 05:00,53.9
10.06. 05:15,53.9
10.06. 05:30,53.9
10.06. 05:45,53.9
10.06. 06:00,51.9
10.06. 06:15,51.9
10.06. 06:30,51.9
10.06. 06:45,51.9
10.06. 07:00,63.0
10.06. 07:15,63.0
10.06. 07:30,63.0
10.06. 07:45,63.0
10.06. 08:00,98.3
10.06. 08:15,98.3
10.06. 08:30,98.3
10.06. 08:45,98.3
10.06. 09:00,167.7
10.06. 09:15,167.7
10.06. 09:30,167.7
10.06. 09:45,167.7
10.06. 10:00,224.7
10.06. 10:15,224.7
10.06. 10:30,224.7
10.06. 10:45,224.7
10.06. 11:00,263.8
10.06. 11:15,263.8
10.06. 11:30,263.8
10.06. 11:45,263.8
10.06. 12:00,287.2
10.06. 12:15,287.2
10.06. 12:30,287.2
10.06. 12:45,287.2
10.06. 13:00,260.9
10.06. 13:15,260.9
10.06. 13:30,260.9
10.06. 13:45,260.9
10.06. 14:00,258.2
10.06. 14:15,258.2
10.06. 14:30,258.2
10.06. 14:45,258.2
10.06. 15:00,212.3
10.06. 15:15,212.3
10.06. 15:30,212.3
10.06. 15:45,212.3
10.06. 16:00,208.9
10.06. 16:15,208.9
10.06. 16:30,208.9
10.06. 16:45,208.9
10.06. 17:00,198.2
10.06. 17:15,198.2
10.06. 17:30,198.2
10.06. 17:45,198.2
10.06. 18:00,186.8
10.06. 18:15,186.8
10.06. 18:30,186.8
10.06. 18:45,186.8
10.06. 19:00,202.8
10.06. 19:15,202.8
10.06. 19:30,202.8
10.06. 19:45,202.8
10.06. 20:00,215.1
10.06. 20:15,215.1
10.06. 20:30,215.1
10.06. 20:45,215.1
10.06. 21:00,191.4
10.06. 21:15,191.4
10.06. 21:30,191.4
10.06. 21:45,191.4
10.06. 22:00,161.2
10.06. 22:15,161.2
10.06. 22:30,161.2
10.06. 22:45,161.2
10.06. 23:00,113.6
10.06. 23:15,113.6
10.06. 23:30,113.6
10.06. 23:45,113.6
11.06. 00:00,65.9
11.06. 00:15,65.9
11.06. 00:30,65.9
11.06. 00:45,65.9
11.06. 01:00,62.4
11.06. 01:15,62.4
11.06. 01:30,62.4
11.06. 01:45,62.4
11.06. 02:00,43.4
11.06. 02:15,43.4
11.06. 02:30,43.4
11.06. 02:45,43.4
11.06. 03:00,44.6
11.06. 03:15,44.6
11.06. 03:30,44.6
11.06. 03:45,44.6
11.06. 04:00,48.7
11.06. 04:15,48.7
11.06. 04:30,48.7
11.06. 04:45,48.7
11.06. 05:00,68.0
11.06. 05:15,68.0
11.06. 05:30,68.0
11.06. 05:45,68.0
11.06. 06:00,133.3
11.06. 06:15,133.3
11.06. 06:30,133.3
11.06. 06:45,133.3
11.06. 07:00,168.9
11.06. 07:15,168.9
11.06. 07:30,168.9
11.06. 07:45,168.9
11.06. 08:00,177.4
11.06. 08:15,177.4
11.06. 08:30,177.4
11.06. 08:45,177.4
11.06. 09:00,176.8
11.06. 09:15,176.8
11.06. 09:30,176.8
11.06. 09:45,176.8
11.06. 10:00,182.0
11.06. 10:15,182.0
11.06. 10:30,182.0
11.06. 10:45,182.0
11.06. 11:00,189.0
11.06. 11:15,189.0
11.06. 11:30,189.0
11.06. 11:45,189.0
11.06. 12:00,209.4
11.06. 12:15,209.4
11.06. 12:30,209.4
11.06. 12:45,209.4
11.06. 13:00,217.3
11.06. 13:15,217.3
11.06. 13:30,217.3
11.06. 13:45,217.3
11.06. 14:00,210.1
11.06. 14:15,210.1
11.06. 14:30,210.1
11.06. 14:45,210.1
11.06. 15:00,196.6
11.06. 15:15,196.6
11.06. 15:30,196.6
11.06. 15:45,196.6
11.06. 16:00,179.1
11.06. 16:15,179.1
11.06. 16:30,179.1
11.06. 16:45,179.1
11.06. 17:00,198.7
11.06. 17:15,198.7
11.06. 17:30,198.7
11.06. 17:45,198.7
11.06. 18:00,210.0
11.06. 18:15,210.0
11.06. 18:30,210.0
11.06. 18:45,210.0
11.06. 19:00,242.8
11.06. 19:15,242.8
11.06. 19:30,242.8
11.06. 19:45,242.8
11.06. 20:00,232.3
11.06. 20:15,232.3
11.06. 20:30,232.3
11.06. 20:45,232.3
11.06. 21:00,209.8
11.06. 21:15,209.8
11.06. 21:30,209.8
11.06. 21:45,209.8
11.06. 22:00,162.4
11.06. 22:15,162.4
11.06. 22:30,162.4
11.06. 22:45,162.4
11.06. 23:00,118.4
11.06. 23:15,118.4
11.06. 23:30,118.4
11.06. 23:45,118.4
12.06. 00:00,57.4
12.06. 00:15,57.4
12.06. 00:30,57.4
12.06. 00:45,57.4
12.06. 01:00,53.4
12.06. 01:15,53.4
12.06. 01:30,53.4
12.06. 01:45,53.4
12.06. 02:00,47.6
12.06. 02:15,47.6
12.06. 02:30,47.6
12.06. 02:45,47.6
12.06. 03:00,53.1
12.06. 03:15,53.1
12.06. 03:30,53.1
12.06. 03:45,53.1
12.06. 04:00,53.7
12.06. 04:15,53.7
12.06. 04:30,53.7
12.06. 04:45,53.7
12.06. 05:00,65.7
12.06. 05:15,65.7
12.06. 05:30,65.7
12.06. 05:45,65.7
12.06. 06:00,126.8
12.06. 06:15,126.8
12.06. 06:30,126.8
12.06. 06:45,126.8
12.06. 07:00,165.5
12.06. 07:15,165.5
12.06. 07:30,165.5
12.06. 07:45,165.5
12.06. 08:00,156.6
12.06. 08:15,156.6
12.06. 08:30,156.6
12.06. 08:45,156.6
12.06. 09:00,173.2
12.06. 09:15,173.2
12.06. 09:30,173.2
12.06. 09:45,173.2
12.06. 10:00,180.1
12.06. 10:15,180.1
12.06. 10:30,180.1
12.06. 10:45,180.1
12.06. 11:00,182.8
12.06. 11:15,182.8
12.06. 11:30,182.8
12.06. 11:45,182.8
12.06. 12:00,210.1
12.06. 12:15,210.1
12.06. 12:30,210.1
12.06. 12:45,210.1
12.06. 13:00,213.3
12.06. 13:15,213.3
12.06. 13:30,213.3
12.06. 13:45,213.3
12.06. 14:00,181.6
12.06. 14:15,181.6
12.06. 14:30,181.6
12.06. 14:45,181.6
12.06. 15:00,172.5
12.06. 15:15,172.5
12.06. 15:30,172.5
12.06. 15:45,172.5
12.06. 16:00,168.6
12.06. 16:15,168.6
12.06. 16:30,168.6
12.06. 16:45,168.6
12.06. 17:00,163.4
12.06. 17:15,163.4
12.06. 17:30,163.4
12.06. 17:45,163.4
12.06. 18:00,193.0
12.06. 18:15,193.0
12.06. 18:30,193.0
12.06. 18:45,193.0
12.06. 19:00,214.1
12.06. 19:15,214.1
12.06. 19:30,214.1
12.06. 19:45,214.1
12.06. 20:00,206.3
12.06. 20:15,206.3
12.06. 20:30,206.3
12.06. 20:45,206.3
12.06. 21:00,186.9
12.06. 21:15,186.9
12.06. 21:30,186.9
12.06. 21:45,186.9
12.06. 22:00,149.4
12.06. 22:15,149.4
12.06. 22:30,149.4
12.06. 22:45,149.4
12.06. 23:00,110.2
12.06. 23:15,110.2
12.06. 23:30,110.2
12.06. 23:45,110.2
13.06. 00:00,67.6
13.06. 00:15,67.6
13.06. 00:30,67.6
13.06. 00:45,67.6
13.06. 01:00,57.3
13.06. 01:15,57.3
13.06. 01:30,57.3
13.06. 01:45,57.3
13.06. 02:00,48.1
13.06. 02:15,48.1
13.06. 02:30,48.1
13.06. 02:45,48.1
13.06. 03:00,47.4
13.06. 03:15,47.4
13.06. 03:30,47.4
13.06. 03:45,47.4
13.06. 04:00,48.2
13.06. 04:15,48.2
13.06. 04:30,48.2
13.06. 04:45,48.2
13.06. 05:00,72.4
13.06. 05:15,72.4
13.06. 05:30,72.4
13.06. 05:45,72.4
13.06. 06:00,129.4
13.06. 06:15,129.4
13.06. 06:30,129.4
13.06. 06:45,129.4
13.06. 07:00,169.0
13.06. 07:15,169.0
13.06. 07:30,169.0
13.06. 07:45,169.0
13.06. 08:00,164.6
13.06. 08:15,164.6
13.06. 08:30,164.6
13.06. 08:45,164.6
13.06. 09:00,151.2
13.06. 09:15,151.2
13.06. 09:30,151.2
13.06. 09:45,151.2
13.06. 10:00,143.0
13.06. 10:15,143.0
13.06. 10:30,143.0
13.06. 10:45,143.0
13.06. 11:00,155.3
13.06. 11:15,155.3
13.06. 11:30,155.3
13.06. 11:45,155.3
13.06. 12:00,159.4
13.06. 12:15,159.4
13.06. 12:30,159.4
13.06. 12:45,159.4
13.06. 13:00,156.9
13.06. 13:15,156.9
13.06. 13:30,156.9
13.06. 13:45,156.9
13.06. 14:00,137.8
13.06. 14:15,137.8
13.06. 14:30,137.8
13.06. 14:45,137.8
13.06. 15:00,131.1
13.06. 15:15,131.1
13.06. 15:30,131.1
13.06. 15:45,131.1
13.06. 16:00,140.0
13.06. 16:15,140.0
13.06. 16:30,140.0
13.06. 16:45,140.0
13.06. 17:00,144.1
13.06. 17:15,144.1
13.06. 17:30,144.1
13.06. 17:45,144.1
13.06. 18:00,176.1
13.06. 18:15,176.1
13.06. 18:30,176.1
13.06. 18:45,176.1
13.06. 19:00,186.9
13.06. 19:15,186.9
13.06. 19:30,186.9
13.06. 19:45,186.9
13.06. 20:00,192.7
13.06. 20:15,192.7
13.06. 20:30,192.7
13.06. 20:45,192.7
13.06. 21:00,214.6
13.06. 21:15,214.6
13.06. 21:30,214.6
13.06. 21:45,214.6
13.06. 22:00,161.0
13.06. 22:15,161.0
13.06. 22:30,161.0
13.06. 22:45,161.0
13.06. 23:00,122.0
13.06. 23:15,122.0
13.06. 23:30,122.0
13.06. 23:45,122.0
14.06. 00:00,80.9
14.06. 00:15,80.9
14.06. 00:30,80.9
14.06. 00:45,80.9
14.06. 01:00,63.6
14.06. 01:15,63.6
14.06. 01:30,63.6
14.06. 01:45,63.6
14.06. 02:00,61.3
14.06. 02:15,61.3
14.06. 02:30,61.3
14.06. 02:45,61.3
14.06. 03:00,64.3
14.06. 03:15,64.3
14.06. 03:30,64.3
14.06. 03:45,64.3
14.06. 04:00,63.9
14.06. 04:15,63.9
14.06. 04:30,63.9
14.06. 04:45,63.9
14.06. 05:00,79.8
14.06. 05:15,79.8
14.06. 05:30,79.8
14.06. 05:45,79.8
14.06. 06:00,145.4
14.06. 06:15,145.4
14.06. 06:30,145.4
14.06. 06:45,145.4
14.06. 07:00,178.2
14.06. 07:15,178.2
14.06. 07:30,178.2
14.06. 07:45,178.2
14.06. 08:00,178.7
14.06. 08:15,178.7
14.06. 08:30,178.7
14.06. 08:45,178.7
14.06. 09:00,163.9
14.06. 09:15,163.9
14.06. 09:30,163.9
14.06. 09:45,163.9
14.06. 10:00,152.3
14.06. 10:15,152.3
14.06. 10:30,152.3
14.06. 10:45,152.3
14.06. 11:00,154.3
14.06. 11:15,154.3
14.06. 11:30,154.3
14.06. 11:45,154.3
14.06. 12:00,192.0
14.06. 12:15,192.0
14.06. 12:30,192.0
14.06. 12:45,192.0
14.06. 13:00,186.2
14.06. 13:15,186.2
14.06. 13:30,186.2
14.06. 13:45,186.2
14.06. 14:00,170.6
14.06. 14:15,170.6
14.06. 14:30,170.6
14.06. 14:45,170.6
14.06. 15:00,156.5
14.06. 15:15,156.5
14.06. 15:30,156.5
14.06. 15:45,156.5
14.06. 16:00,161.9
14.06. 16:15,161.9
14.06. 16:30,161.9
14.06. 16:45,161.9
14.06. 17:00,180.4
14.06. 17:15,180.4
14.06. 17:30,180.4
14.06. 17:45,180.4
14.06. 18:00,211.3
14.06. 18:15,211.3
14.06. 18:30,211.3
14.06. 18:45,211.3
14.06. 19:00,210.5
14.06. 19:15,210.5
14.06. 19:30,210.5
14.06. 19:45,210.5
14.06. 20:00,210.7
14.06. 20:15,210.7
14.06. 20:30,210.7
14.06. 20:45,210.7
14.06. 21:00,188.6
14.06. 21:15,188.6
14.06. 21:30,188.6
14.06. 21:45,188.6
14.06. 22:00,160.1
14.06. 22:15,160.1
14.06. 22:30,160.1
14.06. 22:45,160.1
14.06. 23:00,110.5
14.06. 23:15,110.5
14.06. 23:30,110.5
14.06. 23:45,110.5
15.06. 00:00,71.7
15.06. 00:15,71.7
15.06. 00:30,71.7
15.06. 00:45,71.7
15.06. 01:00,62.8
15.06. 01:15,62.8
15.06. 01:30,62.8
15.06. 01:45,62.8
15.06. 02:00,60.2
15.06. 02:15,60.2
15.06. 02:30,60.2
15.06. 02:45,60.2
15.06. 03:00,57.0
15.06. 03:15,57.0
15.06. 03:30,57.0
15.06. 03:45,57.0
15.06. 04:00,57.4
15.06. 04:15,57.4
15.06. 04:30,57.4
15.06. 04:45,57.4
15.06. 05:00,68.9
15.06. 05:15,68.9
15.06. 05:30,68.9
15.06. 05:45,68.9
15.06. 06:00,129.4
15.06. 06:15,129.4
15.06. 06:30,129.4
15.06. 06:45,129.4
15.06. 07:00,163.5
15.06. 07:15,163.5
15.06. 07:30,163.5
15.06. 07:45,163.5
15.06. 08:00,192.6
15.06. 08:15,192.6
15.06. 08:30,192.6
15.06. 08:45,192.6
15.06. 09:00,202.6
15.06. 09:15,202.6
15.06. 09:30,202.6
15.06. 09:45,202.6
15.06. 10:00,208.1
15.06. 10:15,208.1
15.06. 10:30,208.1
15.06. 10:45,208.1
15.06. 11:00,233.2
15.06. 11:15,233.2
15.06. 11:30,233.2
15.06. 11:45,233.2
15.06. 12:00,256.5
15.06. 12:15,256.5
15.06. 12:30,256.5
15.06. 12:45,256.5
15.06. 13:00,243.0
15.06. 13:15,243.0
15.06. 13:30,243.0
15.06. 13:45,243.0
15.06. 14:00,238.1
15.06. 14:15,238.1
15.06. 14:30,238.1
15.06. 14:45,238.1
15.06. 15:00,235.5
15.06. 15:15,235.5
15.06. 15:30,235.5
15.06. 15:45,235.5
15.06. 16:00,231.9
15.06. 16:15,231.9
15.06. 16:30,231.9
15.06. 16:45,231.9
15.06. 17:00,236.5
15.06. 17:15,236.5
15.06. 17:30,236.5
15.06. 17:45,236.5
15.06. 18:00,237.4
15.06. 18:15,237.4
15.06. 18:30,237.4
15.06. 18:45,237.4
15.06. 19:00,252.8
15.06. 19:15,252.8
15.06. 19:30,252.8
15.06. 19:45,252.8
15.06. 20:00,236.3
15.06. 20:15,236.3
15.06. 20:30,236.3
15.06. 20:45,236.3
15.06. 21:00,222.4
15.06. 21:15,222.4
15.06. 21:30,222.4
15.06. 21:45,222.4
15.06. 22:00,162.1
15.06. 22:15,162.1
15.06. 22:30,162.1
15.06. 22:45,162.1
15.06. 23:00,119.2
15.06. 23:15,119.2
15.06. 23:30,119.2
15.06. 23:45,119.2
16.06. 00:00,74.6
16.06. 00:15,74.6
16.06. 00:30,74.6
16.06. 00:45,74.6
16.06. 01:00,56.2
16.06. 01:15,56.2
16.06. 01:30,56.2
16.06. 01:45,56.2
16.06. 02:00,50.5
16.06. 02:15,50.5
16.06. 02:30,50.5
16.06. 02:45,50.5
16.06. 03:00,46.8
16.06. 03:15,46.8
16.06. 03:30,46.8
16.06. 03:45,46.8
16.06. 04:00,48.9
16.06. 04:15,48.9
16.06. 04:30,48.9
16.06. 04:45,48.9
16.06. 05:00,47.9
16.06. 05:15,47.9
16.06. 05:30,47.9
16.06. 05:45,47.9
16.06. 06:00,62.1
16.06. 06:15,62.1
16.06. 06:30,62.1
16.06. 06:45,62.1
16.06. 07:00,96.3
16.06. 07:15,96.3
16.06. 07:30,96.3
16.06. 07:45,96.3
16.06. 08:00,149.9
16.06. 08:15,149.9
16.06. 08:30,149.9
16.06. 08:45,149.9
16.06. 09:00,211.1
16.06. 09:15,211.1
16.06. 09:30,211.1
16.06. 09:45,211.1
16.06. 10:00,231.8
16.06. 10:15,231.8
16.06. 10:30,231.8
16.06. 10:45,231.8
16.06. 11:00,239.4
16.06. 11:15,239.4
16.06. 11:30,239.4
16.06. 11:45,239.4
16.06. 12:00,255.5
16.06. 12:15,255.5
16.06. 12:30,255.5
16.06. 12:45,255.5
16.06. 13:00,258.2
16.06. 13:15,258.2
16.06. 13:30,258.2
16.06. 13:45,258.2
16.06. 14:00,245.4
16.06. 14:15,245.4
16.06. 14:30,245.4
16.06. 14:45,245.4
16.06. 15:00,242.2
16.06. 15:15,242.2
16.06. 15:30,242.2
16.06. 15:45,242.2
16.06. 16:00,209.2
16.06. 16:15,209.2
16.06. 16:30,209.2
16.06. 16:45,209.2
16.06. 17:00,238.7
16.06. 17:15,238.7
16.06. 17:30,238.7
16.06. 17:45,238.7
16.06. 18:00,240.5
16.06. 18:15,240.5
16.06. 18:30,240.5
16.06. 18:45,240.5
16.06. 19:00,244.6
16.06. 19:15,244.6
16.06. 19:30,244.6
16.06. 19:45,244.6
16.06. 20:00,213.6
16.06. 20:15,213.6
16.06. 20:30,213.6
16.06. 20:45,213.6
16.06. 21:00,168.9
16.06. 21:15,168.9
16.06. 21:30,168.9
16.06. 21:45,168.9
16.06. 22:00,139.6
16.06. 22:15,139.6
16.06. 22:30,139.6
16.06. 22:45,139.6
16.06. 23:00,101.9
16.06. 23:15,101.9
16.06. 23:30,101.9
16.06. 23:45,101.9
17.06. 00:00,102.9
17.06. 00:15,102.9
17.06. 00:30,102.9
17.06. 00:45,102.9
17.06. 01:00,96.0
17.06. 01:15,96.0
17.06. 01:30,96.0
17.06. 01:45,96.0
17.06. 02:00,74.0
17.06. 02:15,74.0
17.06. 02:30,74.0
17.06. 02:45,74.0
17.06. 03:00,67.5
17.06. 03:15,67.5
17.06. 03:30,67.5
17.06. 03:45,67.5
17.06. 04:00,63.2
17.06. 04:15,63.2
17.06. 04:30,63.2
17.06. 04:45,63.2
17.06. 05:00,56.2
17.06. 05:15,56.2
17.06. 05:30,56.2
17.06. 05:45,56.2
17.06. 06:00,67.9
17.06. 06:15,67.9
17.06. 06:30,67.9
17.06. 06:45,67.9
17.06. 07:00,96.6
17.06. 07:15,96.6
17.06. 07:30,96.6
17.06. 07:45,96.6
17.06. 08:00,144.4
17.06. 08:15,144.4
17.06. 08:30,144.4
17.06. 08:45,144.4
17.06. 09:00,230.3
17.06. 09:15,230.3
17.06. 09:30,230.3
17.06. 09:45,230.3
17.06. 10:00,280.0
17.06. 10:15,280.0
17.06. 10:30,280.0
17.06. 10:45,280.0
17.06. 11:00,345.5
17.06. 11:15,345.5
17.06. 11:30,345.5
17.06. 11:45,345.5
17.06. 12:00,363.6
17.06. 12:15,363.6
17.06. 12:30,363.6
17.06. 12:45,363.6
17.06. 13:00,394.6
17.06. 13:15,394.6
17.06. 13:30,394.6
17.06. 13:45,394.6
17.06. 14:00,353.4
17.06. 14:15,353.4
17.06. 14:30,353.4
17.06. 14:45,353.4
17.06. 15:00,371.4
17.06. 15:15,371.4
17.06. 15:30,371.4
17.06. 15:45,371.4
17.06. 16:00,325.6
17.06. 16:15,325.6
17.06. 16:30,325.6
17.06. 16:45,325.6
17.06. 17:00,325.2
17.06. 17:15,325.2
17.06. 17:30,325.2
17.06. 17:45,325.2
17.06. 18:00,328.2
17.06. 18:15,328.2
17.06. 18:30,328.2
17.06. 18:45,328.2
17.06. 19:00,311.2
17.06. 19:15,311.2
17.06. 19:30,311.2
17.06. 19:45,311.2
17.06. 20:00,308.8
17.06. 20:15,308.8
17.06. 20:30,308.8
17.06. 20:45,308.8
17.06. 21:00,233.4
17.06. 21:15,233.4
17.06. 21:30,233.4
17.06. 21:45,233.4
17.06. 22:00,198.8
17.06. 22:15,198.8
17.06. 22:30,198.8
17.06. 22:45,198.8
17.06. 23:00,150.9
17.06. 23:15,150.9
17.06. 23:30,150.9
17.06. 23:45,150.9
18.06. 00:00,99.3
18.06. 00:15,99.3
18.06. 00:30,99.3
18.06. 00:45,99.3
18.06. 01:00,96.2
18.06. 01:15,96.2
18.06. 01:30,96.2
18.06. 01:45,96.2
18.06. 02:00,73.6
18.06. 02:15,73.6
18.06. 02:30,73.6
18.06. 02:45,73.6
18.06. 03:00,83.3
18.06. 03:15,83.3
18.06. 03:30,83.3
18.06. 03:45,83.3
18.06. 04:00,74.7
18.06. 04:15,74.7
18.06. 04:30,74.7
18.06. 04:45,74.7
18.06. 05:00,112.0
18.06. 05:15,112.0
18.06. 05:30,112.0
18.06. 05:45,112.0
18.06. 06:00,170.1
18.06. 06:15,170.1
18.06. 06:30,170.1
18.06. 06:45,170.1
18.06. 07:00,219.8
18.06. 07:15,219.8
18.06. 07:30,219.8
18.06. 07:45,219.8
18.06. 08:00,237.8
18.06. 08:15,237.8
18.06. 08:30,237.8
18.06. 08:45,237.8
18.06. 09:00,284.0
18.06. 09:15,284.0
18.06. 09:30,284.0
18.06. 09:45,284.0
18.06. 10:00,305.6
18.06. 10:15,305.6
18.06. 10:30,305.6
18.06. 10:45,305.6
18.06. 11:00,335.5
18.06. 11:15,335.5
18.06. 11:30,335.5
18.06. 11:45,335.5
18.06. 12:00,420.4
18.06. 12:15,420.4
18.06. 12:30,420.4
18.06. 12:45,420.4
18.06. 13:00,391.9
18.06. 13:15,391.9
18.06. 13:30,391.9
18.06. 13:45,391.9
18.06. 14:00,419.4
18.06. 14:15,419.4
18.06. 14:30,419.4
18.06. 14:45,419.4
18.06. 15:00,425.6
18.06. 15:15,425.6
18.06. 15:30,425.6
18.06. 15:45,425.6
18.06. 16:00,413.6
18.06. 16:15,413.6
18.06. 16:30,413.6
18.06. 16:45,413.6
18.06. 17:00,389.0
18.06. 17:15,389.0
18.06. 17:30,389.0
18.06. 17:45,389.0
18.06. 18:00,390.8
18.06. 18:15,390.8
18.06. 18:30,390.8
18.06. 18:45,390.8
18.06. 19:00,357.7
18.06. 19:15,357.7
18.06. 19:30,357.7
18.06. 19:45,357.7
18.06. 20:00,334.8
18.06. 20:15,334.8
18.06. 20:30,334.8
18.06. 20:45,334.8
18.06. 21:00,290.1
18.06. 21:15,290.1
18.06. 21:30,290.1
18.06. 21:45,290.1
18.06. 22:00,250.9
18.06. 22:15,250.9
18.06. 22:30,250.9
18.06. 22:45,250.9
18.06. 23:00,184.7
18.06. 23:15,184.7
18.06. 23:30,184.7
18.06. 23:45,184.7
19.06. 00:00,92.0
19.06. 00:15,92.0
19.06. 00:30,92.0
19.06. 00:45,92.0
19.06. 01:00,69.3
19.06. 01:15,69.3
19.06. 01:30,69.3
19.06. 01:45,69.3
19.06. 02:00,55.3
19.06. 02:15,55.3
19.06. 02:30,55.3
19.06. 02:45,55.3
19.06. 03:00,42.3
19.06. 03:15,42.3
19.06. 03:30,42.3
19.06. 03:45,42.3
19.06. 04:00,43.2
19.06. 04:15,43.2
19.06. 04:30,43.2
19.06. 04:45,43.2
19.06. 05:00,67.8
19.06. 05:15,67.8
19.06. 05:30,67.8
19.06. 05:45,67.8
19.06. 06:00,126.1
19.06. 06:15,126.1
19.06. 06:30,126.1
19.06. 06:45,126.1
19.06. 07:00,163.8
19.06. 07:15,163.8
19.06. 07:30,163.8
19.06. 07:45,163.8
19.06. 08:00,158.6
19.06. 08:15,158.6
19.06. 08:30,158.6
19.06. 08:45,158.6
19.06. 09:00,167.1
19.06. 09:15,167.1
19.06. 09:30,167.1
19.06. 09:45,167.1
19.06. 10:00,155.5
19.06. 10:15,155.5
19.06. 10:30,155.5
19.06. 10:45,155.5
19.06. 11:00,179.7
19.06. 11:15,179.7
19.06. 11:30,179.7
19.06. 11:45,179.7
19.06. 12:00,185.4
19.06. 12:15,185.4
19.06. 12:30,185.4
19.06. 12:45,185.4
19.06. 13:00,189.7
19.06. 13:15,189.7
19.06. 13:30,189.7
19.06. 13:45,189.7
19.06. 14:00,176.1
19.06. 14:15,176.1
19.06. 14:30,176.1
19.06. 14:45,176.1
19.06. 15:00,149.5
19.06. 15:15,149.5
19.06. 15:30,149.5
19.06. 15:45,149.5
19.06. 16:00,151.5
19.06. 16:15,151.5
19.06. 16:30,151.5
19.06. 16:45,151.5
19.06. 17:00,161.8
19.06. 17:15,161.8
19.06. 17:30,161.8
19.06. 17:45,161.8
19.06. 18:00,176.0
19.06. 18:15,176.0
19.06. 18:30,176.0
19.06. 18:45,176.0
19.06. 19:00,194.8
19.06. 19:15,194.8
19.06. 19:30,194.8
19.06. 19:45,194.8
19.06. 20:00,203.6
19.06. 20:15,203.6
19.06. 20:30,203.6
19.06. 20:45,203.6
19.06. 21:00,190.9
19.06. 21:15,190.9
19.06. 21:30,190.9
19.06. 21:45,190.9
19.06. 22:00,164.1
19.06. 22:15,164.1
19.06. 22:30,164.1
19.06. 22:45,164.1
19.06. 23:00,111.6
19.06. 23:15,111.6
19.06. 23:30,111.6
19.06. 23:45,111.6
20.06. 00:00,63.5
20.06. 00:15,63.5
20.06. 00:30,63.5
20.06. 00:45,63.5
20.06. 01:00,45.3
20.06. 01:15,45.3
20.06. 01:30,45.3
20.06. 01:45,45.3
20.06. 02:00,45.7
20.06. 02:15,45.7
20.06. 02:30,45.7
20.06. 02:45,45.7
20.06. 03:00,42.9
20.06. 03:15,42.9
20.06. 03:30,42.9
20.06. 03:45,42.9
20.06. 04:00,46.1
20.06. 04:15,46.1
20.06. 04:30,46.1
20.06. 04:45,46.1
20.06. 05:00,71.8
20.06. 05:15,71.8
20.06. 05:30,71.8
20.06. 05:45,71.8
20.06. 06:00,132.4
20.06. 06:15,132.4
20.06. 06:30,132.4
20.06. 06:45,132.4
20.06. 07:00,169.1
20.06. 07:15,169.1
20.06. 07:30,169.1
20.06. 07:45,169.1
20.06. 08:00,164.0
20.06. 08:15,164.0
20.06. 08:30,164.0
20.06. 08:45,164.0
20.06. 09:00,150.2
20.06. 09:15,150.2
20.06. 09:30,150.2
20.06. 09:45,150.2
20.06. 10:00,143.8
20.06. 10:15,143.8
20.06. 10:30,143.8
20.06. 10:45,143.8
20.06. 11:00,154.2
20.06. 11:15,154.2
20.06. 11:30,154.2
20.06. 11:45,154.2
20.06. 12:00,164.0
20.06. 12:15,164.0
20.06. 12:30,164.0
20.06. 12:45,164.0
20.06. 13:00,163.1
20.06. 13:15,163.1
20.06. 13:30,163.1
20.06. 13:45,163.1
20.06. 14:00,153.0
20.06. 14:15,153.0
20.06. 14:30,153.0
20.06. 14:45,153.0
20.06. 15:00,153.3
20.06. 15:15,153.3
20.06. 15:30,153.3
20.06. 15:45,153.3
20.06. 16:00,144.0
20.06. 16:15,144.0
20.06. 16:30,144.0
20.06. 16:45,144.0
20.06. 17:00,140.8
20.06. 17:15,140.8
20.06. 17:30,140.8
20.06. 17:45,140.8
20.06. 18:00,169.4
20.06. 18:15,169.4
20.06. 18:30,169.4
20.06. 18:45,169.4
20.06. 19:00,197.0
20.06. 19:15,197.0
20.06. 19:30,197.0
20.06. 19:45,197.0
20.06. 20:00,210.7
20.06. 20:15,210.7
20.06. 20:30,210.7
20.06. 20:45,210.7
20.06. 21:00,184.6
20.06. 21:15,184.6
20.06. 21:30,184.6
20.06. 21:45,184.6
20.06. 22:00,152.3
20.06. 22:15,152.3
20.06. 22:30,152.3
20.06. 22:45,152.3
20.06. 23:00,122.9
20.06. 23:15,122.9
20.06. 23:30,122.9
20.06. 23:45,122.9
21.06. 00:00,78.3
21.06. 00:15,78.3
21.06. 00:30,78.3
21.06. 00:45,78.3
21.06. 01:00,63.4
21.06. 01:15,63.4
21.06. 01:30,63.4
21.06. 01:45,63.4
21.06. 02:00,56.3
21.06. 02:15,56.3
21.06. 02:30,56.3
21.06. 02:45,56.3
21.06. 03:00,56.2
21.06. 03:15,56.2
21.06. 03:30,56.2
21.06. 03:45,56.2
21.06. 04:00,58.7
21.06. 04:15,58.7
21.06. 04:30,58.7
21.06. 04:45,58.7
21.06. 05:00,77.2
21.06. 05:15,77.2
21.06. 05:30,77.2
21.06. 05:45,77.2
21.06. 06:00,129.4
21.06. 06:15,129.4
21.06. 06:30,129.4
21.06. 06:45,129.4
21.06. 07:00,150.2
21.06. 07:15,150.2
21.06. 07:30,150.2
21.06. 07:45,150.2
21.06. 08:00,163.2
21.06. 08:15,163.2
21.06. 08:30,163.2
21.06. 08:45,163.2
21.06. 09:00,157.7
21.06. 09:15,157.7
21.06. 09:30,157.7
21.06. 09:45,157.7
21.06. 10:00,163.6
21.06. 10:15,163.6
21.06. 10:30,163.6
21.06. 10:45,163.6
21.06. 11:00,169.4
21.06. 11:15,169.4
21.06. 11:30,169.4
21.06. 11:45,169.4
21.06. 12:00,188.5
21.06. 12:15,188.5
21.06. 12:30,188.5
21.06. 12:45,188.5
21.06. 13:00,195.4
21.06. 13:15,195.4
21.06. 13:30,195.4
21.06. 13:45,195.4
21.06. 14:00,176.0
21.06. 14:15,176.0
21.06. 14:30,176.0
21.06. 14:45,176.0
21.06. 15:00,158.0
21.06. 15:15,158.0
21.06. 15:30,158.0
21.06. 15:45,158.0
21.06. 16:00,156.7
21.06. 16:15,156.7
21.06. 16:30,156.7
21.06. 16:45,156.7
21.06. 17:00,177.9
21.06. 17:15,177.9
21.06. 17:30,177.9
21.06. 17:45,177.9
21.06. 18:00,192.2
21.06. 18:15,192.2
21.06. 18:30,192.2
21.06. 18:45,192.2
21.06. 19:00,205.9
21.06. 19:15,205.9
21.06. 19:30,205.9
21.06. 19:45,205.9
21.06. 20:00,202.9
21.06. 20:15,202.9
21.06. 20:30,202.9
21.06. 20:45,202.9
21.06. 21:00,199.9
21.06. 21:15,199.9
21.06. 21:30,199.9
21.06. 21:45,199.9
21.06. 22:00,154.4
21.06. 22:15,154.4
21.06. 22:30,154.4
21.06. 22:45,154.4
21.06. 23:00,112.9
21.06. 23:15,112.9
21.06. 23:30,112.9
21.06. 23:45,112.9
22.06. 00:00,80.7
22.06. 00:15,80.7
22.06. 00:30,80.7
22.06. 00:45,80.7
22.06. 01:00,64.9
22.06. 01:15,64.9
22.06. 01:30,64.9
22.06. 01:45,64.9
22.06. 02:00,56.5
22.06. 02:15,56.5
22.06. 02:30,56.5
22.06. 02:45,56.5
22.06. 03:00,57.6
22.06. 03:15,57.6
22.06. 03:30,57.6
22.06. 03:45,57.6
22.06. 04:00,59.2
22.06. 04:15,59.2
22.06. 04:30,59.2
22.06. 04:45,59.2
22.06. 05:00,73.6
22.06. 05:15,73.6
22.06. 05:30,73.6
22.06. 05:45,73.6
22.06. 06:00,139.6
22.06. 06:15,139.6
22.06. 06:30,139.6
22.06. 06:45,139.6
22.06. 07:00,171.5
22.06. 07:15,171.5
22.06. 07:30,171.5
22.06. 07:45,171.5
22.06. 08:00,199.3
22.06. 08:15,199.3
22.06. 08:30,199.3
22.06. 08:45,199.3
22.06. 09:00,209.4
22.06. 09:15,209.4
22.06. 09:30,209.4
22.06. 09:45,209.4
22.06. 10:00,192.5
22.06. 10:15,192.5
22.06. 10:30,192.5
22.06. 10:45,192.5
22.06. 11:00,239.3
22.06. 11:15,239.3
22.06. 11:30,239.3
22.06. 11:45,239.3
22.06. 12:00,226.8
22.06. 12:15,226.8
22.06. 12:30,226.8
22.06. 12:45,226.8
22.06. 13:00,255.5
22.06. 13:15,255.5
22.06. 13:30,255.5
22.06. 13:45,255.5
22.06. 14:00,245.8
22.06. 14:15,245.8
22.06. 14:30,245.8
22.06. 14:45,245.8
22.06. 15:00,231.7
22.06. 15:15,231.7
22.06. 15:30,231.7
22.06. 15:45,231.7
22.06. 16:00,251.8
22.06. 16:15,251.8
22.06. 16:30,251.8
22.06. 16:45,251.8
22.06. 17:00,245.6
22.06. 17:15,245.6
22.06. 17:30,245.6
22.06. 17:45,245.6
22.06. 18:00,277.8
22.06. 18:15,277.8
22.06. 18:30,277.8
22.06. 18:45,277.8
22.06. 19:00,278.0
22.06. 19:15,278.0
22.06. 19:30,278.0
22.06. 19:45,278.0
22.06. 20:00,274.6
22.06. 20:15,274.6
22.06. 20:30,274.6
22.06. 20:45,274.6
22.06. 21:00,226.4
22.06. 21:15,226.4
22.06. 21:30,226.4
22.06. 21:45,226.4
22.06. 22:00,172.4
22.06. 22:15,172.4
22.06. 22:30,172.4
22.06. 22:45,172.4
22.06. 23:00,127.8
22.06. 23:15,127.8
22.06. 23:30,127.8
22.06. 23:45,127.8
23.06. 00:00,89.1
23.06. 00:15,89.1
23.06. 00:30,89.1
23.06. 00:45,89.1
23.06. 01:00,76.8
23.06. 01:15,76.8
23.06. 01:30,76.8
23.06. 01:45,76.8
23.06. 02:00,61.6
23.06. 02:15,61.6
23.06. 02:30,61.6
23.06. 02:45,61.6
23.06. 03:00,57.2
23.06. 03:15,57.2
23.06. 03:30,57.2
23.06. 03:45,57.2
23.06. 04:00,53.9
23.06. 04:15,53.9
23.06. 04:30,53.9
23.06. 04:45,53.9
23.06. 05:00,76.1
23.06. 05:15,76.1
23.06. 05:30,76.1
23.06. 05:45,76.1
23.06. 06:00,107.3
23.06. 06:15,107.3
23.06. 06:30,107.3
23.06. 06:45,107.3
23.06. 07:00,156.2
23.06. 07:15,156.2
23.06. 07:30,156.2
23.06. 07:45,156.2
23.06. 08:00,224.8
23.06. 08:15,224.8
23.06. 08:30,224.8
23.06. 08:45,224.8
23.06. 09:00,291.5
23.06. 09:15,291.5
23.06. 09:30,291.5
23.06. 09:45,291.5
23.06. 10:00,322.9
23.06. 10:15,322.9
23.06. 10:30,322.9
23.06. 10:45,322.9
23.06. 11:00,392.7
23.06. 11:15,392.7
23.06. 11:30,392.7
23.06. 11:45,392.7
23.06. 12:00,385.9
23.06. 12:15,385.9
23.06. 12:30,385.9
23.06. 12:45,385.9
23.06. 13:00,380.6
23.06. 13:15,380.6
23.06. 13:30,380.6
23.06. 13:45,380.6
23.06. 14:00,396.8
23.06. 14:15,396.8
23.06. 14:30,396.8
23.06. 14:45,396.8
23.06. 15:00,372.1
23.06. 15:15,372.1
23.06. 15:30,372.1
23.06. 15:45,372.1
23.06. 16:00,374.5
23.06. 16:15,374.5
23.06. 16:30,374.5
23.06. 16:45,374.5
23.06. 17:00,343.6
23.06. 17:15,343.6
23.06. 17:30,343.6
23.06. 17:45,343.6
23.06. 18:00,370.3
23.06. 18:15,370.3
23.06. 18:30,370.3
23.06. 18:45,370.3
23.06. 19:00,316.9
23.06. 19:15,316.9
23.06. 19:30,316.9
23.06. 19:45,316.9
23.06. 20:00,281.9
23.06. 20:15,281.9
23.06. 20:30,281.9
23.06. 20:45,281.9
23.06. 21:00,238.2
23.06. 21:15,238.2
23.06. 21:30,238.2
23.06. 21:45,238.2
23.06. 22:00,208.8
23.06. 22:15,208.8
23.06. 22:30,208.8
23.06. 22:45,208.8
23.06. 23:00,147.0
23.06. 23:15,147.0
23.06. 23:30,147.0
23.06. 23:45,147.0
24.06. 00:00,103.7
24.06. 00:15,103.7
24.06. 00:30,103.7
24.06. 00:45,103.7
24.06. 01:00,85.8
24.06. 01:15,85.8
24.06. 01:30,85.8
24.06. 01:45,85.8
24.06. 02:00,66.7
24.06. 02:15,66.7
24.06. 02:30,66.7
24.06. 02:45,66.7
24.06. 03:00,61.3
24.06. 03:15,61.3
24.06. 03:30,61.3
24.06. 03:45,61.3
24.06. 04:00,58.0
24.06. 04:15,58.0
24.06. 04:30,58.0
24.06. 04:45,58.0
24.06. 05:00,53.6
24.06. 05:15,53.6
24.06. 05:30,53.6
24.06. 05:45,53.6
24.06. 06:00,59.5
24.06. 06:15,59.5
24.06. 06:30,59.5
24.06. 06:45,59.5
24.06. 07:00,61.2
24.06. 07:15,61.2
24.06. 07:30,61.2
24.06. 07:45,61.2
24.06. 08:00,92.8
24.06. 08:15,92.8
24.06. 08:30,92.8
24.06. 08:45,92.8
24.06. 09:00,176.6
24.06. 09:15,176.6
24.06. 09:30,176.6
24.06. 09:45,176.6
24.06. 10:00,228.1
24.06. 10:15,228.1
24.06. 10:30,228.1
24.06. 10:45,228.1
24.06. 11:00,269.9
24.06. 11:15,269.9
24.06. 11:30,269.9
24.06. 11:45,269.9
24.06. 12:00,287.5
24.06. 12:15,287.5
24.06. 12:30,287.5
24.06. 12:45,287.5
24.06. 13:00,302.4
24.06. 13:15,302.4
24.06. 13:30,302.4
24.06. 13:45,302.4
24.06. 14:00,268.2
24.06. 14:15,268.2
24.06. 14:30,268.2
24.06. 14:45,268.2
24.06. 15:00,242.2
24.06. 15:15,242.2
24.06. 15:30,242.2
24.06. 15:45,242.2
24.06. 16:00,190.1
24.06. 16:15,190.1
24.06. 16:30,190.1
24.06. 16:45,190.1
24.06. 17:00,203.5
24.06. 17:15,203.5
24.06. 17:30,203.5
24.06. 17:45,203.5
24.06. 18:00,185.0
24.06. 18:15,185.0
24.06. 18:30,185.0
24.06. 18:45,185.0
24.06. 19:00,210.5
24.06. 19:15,210.5
24.06. 19:30,210.5
24.06. 19:45,210.5
24.06. 20:00,212.7
24.06. 20:15,212.7
24.06. 20:30,212.7
24.06. 20:45,212.7
24.06. 21:00,184.2
24.06. 21:15,184.2
24.06. 21:30,184.2
24.06. 21:45,184.2
24.06. 22:00,148.0
24.06. 22:15,148.0
24.06. 22:30,148.0
24.06. 22:45,148.0
24.06. 23:00,113.3
24.06. 23:15,113.3
24.06. 23:30,113.3
24.06. 23:45,113.3
25.06. 00:00,66.4
25.06. 00:15,66.4
25.06. 00:30,66.4
25.06. 00:45,66.4
25.06. 01:00,53.3
25.06. 01:15,53.3
25.06. 01:30,53.3
25.06. 01:45,53.3
25.06. 02:00,44.3
25.06. 02:15,44.3
25.06. 02:30,44.3
25.06. 02:45,44.3
25.06. 03:00,44.8
25.06. 03:15,44.8
25.06. 03:30,44.8
25.06. 03:45,44.8
25.06. 04:00,52.4
25.06. 04:15,52.4
25.06. 04:30,52.4
25.06. 04:45,52.4
25.06. 05:00,69.9
25.06. 05:15,69.9
25.06. 05:30,69.9
25.06. 05:45,69.9
25.06. 06:00,150.8
25.06. 06:15,150.8
25.06. 06:30,150.8
25.06. 06:45,150.8
25.06. 07:00,181.3
25.06. 07:15,181.3
25.06. 07:30,181.3
25.06. 07:45,181.3
25.06. 08:00,207.8
25.06. 08:15,207.8
25.06. 08:30,207.8
25.06. 08:45,207.8
25.06. 09:00,192.2
25.06. 09:15,192.2
25.06. 09:30,192.2
25.06. 09:45,192.2
25.06. 10:00,204.9
25.06. 10:15,204.9
25.06. 10:30,204.9
25.06. 10:45,204.9
25.06. 11:00,214.6
25.06. 11:15,214.6
25.06. 11:30,214.6
25.06. 11:45,214.6
25.06. 12:00,227.7
25.06. 12:15,227.7
25.06. 12:30,227.7
25.06. 12:45,227.7
25.06. 13:00,235.1
25.06. 13:15,235.1
25.06. 13:30,235.1
25.06. 13:45,235.1
25.06. 14:00,204.5
25.06. 14:15,204.5
25.06. 14:30,204.5
25.06. 14:45,204.5
25.06. 15:00,209.0
25.06. 15:15,209.0
25.06. 15:30,209.0
25.06. 15:45,209.0
25.06. 16:00,196.8
25.06. 16:15,196.8
25.06. 16:30,196.8
25.06. 16:45,196.8
25.06. 17:00,203.6
25.06. 17:15,203.6
25.06. 17:30,203.6
25.06. 17:45,203.6
25.06. 18:00,212.9
25.06. 18:15,212.9
25.06. 18:30,212.9
25.06. 18:45,212.9
25.06. 19:00,248.8
25.06. 19:15,248.8
25.06. 19:30,248.8
25.06. 19:45,248.8
25.06. 20:00,252.4
25.06. 20:15,252.4
25.06. 20:30,252.4
25.06. 20:45,252.4
25.06. 21:00,200.8
25.06. 21:15,200.8
25.06. 21:30,200.8
25.06. 21:45,200.8
25.06. 22:00,171.6
25.06. 22:15,171.6
25.06. 22:30,171.6
25.06. 22:45,171.6
25.06. 23:00,128.6
25.06. 23:15,128.6
25.06. 23:30,128.6
25.06. 23:45,128.6
26.06. 00:00,56.3
26.06. 00:15,56.3
26.06. 00:30,56.3
26.06. 00:45,56.3
26.06. 01:00,44.1
26.06. 01:15,44.1
26.06. 01:30,44.1
26.06. 01:45,44.1
26.06. 02:00,37.0
26.06. 02:15,37.0
26.06. 02:30,37.0
26.06. 02:45,37.0
26.06. 03:00,38.7
26.06. 03:15,38.7
26.06. 03:30,38.7
26.06. 03:45,38.7
26.06. 04:00,43.6
26.06. 04:15,43.6
26.06. 04:30,43.6
26.06. 04:45,43.6
26.06. 05:00,65.8
26.06. 05:15,65.8
26.06. 05:30,65.8
26.06. 05:45,65.8
26.06. 06:00,119.5
26.06. 06:15,119.5
26.06. 06:30,119.5
26.06. 06:45,119.5
26.06. 07:00,143.9
26.06. 07:15,143.9
26.06. 07:30,143.9
26.06. 07:45,143.9
26.06. 08:00,179.1
26.06. 08:15,179.1
26.06. 08:30,179.1
26.06. 08:45,179.1
26.06. 09:00,157.9
26.06. 09:15,157.9
26.06. 09:30,157.9
26.06. 09:45,157.9
26.06. 10:00,168.4
26.06. 10:15,168.4
26.06. 10:30,168.4
26.06. 10:45,168.4
26.06. 11:00,163.3
26.06. 11:15,163.3
26.06. 11:30,163.3
26.06. 11:45,163.3
26.06. 12:00,158.0
26.06. 12:15,158.0
26.06. 12:30,158.0
26.06. 12:45,158.0
26.06. 13:00,164.4
26.06. 13:15,164.4
26.06. 13:30,164.4
26.06. 13:45,164.4
26.06. 14:00,138.4
26.06. 14:15,138.4
26.06. 14:30,138.4
26.06. 14:45,138.4
26.06. 15:00,139.8
26.06. 15:15,139.8
26.06. 15:30,139.8
26.06. 15:45,139.8
26.06. 16:00,128.0
26.06. 16:15,128.0
26.06. 16:30,128.0
26.06. 16:45,128.0
26.06. 17:00,148.8
26.06. 17:15,148.8
26.06. 17:30,148.8
26.06. 17:45,148.8
26.06. 18:00,186.8
26.06. 18:15,186.8
26.06. 18:30,186.8
26.06. 18:45,186.8
26.06. 19:00,196.8
26.06. 19:15,196.8
26.06. 19:30,196.8
26.06. 19:45,196.8
26.06. 20:00,201.6
26.06. 20:15,201.6
26.06. 20:30,201.6
26.06. 20:45,201.6
26.06. 21:00,181.0
26.06. 21:15,181.0
26.06. 21:30,181.0
26.06. 21:45,181.0
26.06. 22:00,152.3
26.06. 22:15,152.3
26.06. 22:30,152.3
26.06. 22:45,152.3
26.06. 23:00,100.2
26.06. 23:15,100.2
26.06. 23:30,100.2
26.06. 23:45,100.2
27.06. 00:00,53.5
27.06. 00:15,53.5
27.06. 00:30,53.5
27.06. 00:45,53.5
27.06. 01:00,44.1
27.06. 01:15,44.1
27.06. 01:30,44.1
27.06. 01:45,44.1
27.06. 02:00,39.2
27.06. 02:15,39.2
27.06. 02:30,39.2
27.06. 02:45,39.2
27.06. 03:00,38.3
27.06. 03:15,38.3
27.06. 03:30,38.3
27.06. 03:45,38.3
27.06. 04:00,46.0
27.06. 04:15,46.0
27.06. 04:30,46.0
27.06. 04:45,46.0
27.06. 05:00,61.8
27.06. 05:15,61.8
27.06. 05:30,61.8
27.06. 05:45,61.8
27.06. 06:00,124.0
27.06. 06:15,124.0
27.06. 06:30,124.0
27.06. 06:45,124.0
27.06. 07:00,152.8
27.06. 07:15,152.8
27.06. 07:30,152.8
27.06. 07:45,152.8
27.06. 08:00,162.1
27.06. 08:15,162.1
27.06. 08:30,162.1
27.06. 08:45,162.1
27.06. 09:00,152.3
27.06. 09:15,152.3
27.06. 09:30,152.3
27.06. 09:45,152.3
27.06. 10:00,151.9
27.06. 10:15,151.9
27.06. 10:30,151.9
27.06. 10:45,151.9
27.06. 11:00,149.3
27.06. 11:15,149.3
27.06. 11:30,149.3
27.06. 11:45,149.3
27.06. 12:00,184.9
27.06. 12:15,184.9
27.06. 12:30,184.9
27.06. 12:45,184.9
27.06. 13:00,184.8
27.06. 13:15,184.8
27.06. 13:30,184.8
27.06. 13:45,184.8
27.06. 14:00,146.1
27.06. 14:15,146.1
27.06. 14:30,146.1
27.06. 14:45,146.1
27.06. 15:00,132.3
27.06. 15:15,132.3
27.06. 15:30,132.3
27.06. 15:45,132.3
27.06. 16:00,124.5
27.06. 16:15,124.5
27.06. 16:30,124.5
27.06. 16:45,124.5
27.06. 17:00,136.4
27.06. 17:15,136.4
27.06. 17:30,136.4
27.06. 17:45,136.4
27.06. 18:00,164.5
27.06. 18:15,164.5
27.06. 18:30,164.5
27.06. 18:45,164.5
27.06. 19:00,191.8
27.06. 19:15,191.8
27.06. 19:30,191.8
27.06. 19:45,191.8
27.06. 20:00,204.9
27.06. 20:15,204.9
27.06. 20:30,204.9
27.06. 20:45,204.9
27.06. 21:00,185.4
27.06. 21:15,185.4
27.06. 21:30,185.4
27.06. 21:45,185.4
27.06. 22:00,146.4
27.06. 22:15,146.4
27.06. 22:30,146.4
27.06. 22:45,146.4
27.06. 23:00,112.8
27.06. 23:15,112.8
27.06. 23:30,112.8
27.06. 23:45,112.8
28.06. 00:00,65.2
28.06. 00:15,65.2
28.06. 00:30,65.2
28.06. 00:45,65.2
28.06. 01:00,52.0
28.06. 01:15,52.0
28.06. 01:30,52.0
28.06. 01:45,52.0
28.06. 02:00,44.8
28.06. 02:15,44.8
28.06. 02:30,44.8
28.06. 02:45,44.8
28.06. 03:00,46.8
28.06. 03:15,46.8
28.06. 03:30,46.8
28.06. 03:45,46.8
28.06. 04:00,48.6
28.06. 04:15,48.6
28.06. 04:30,48.6
28.06. 04:45,48.6
28.06. 05:00,69.8
28.06. 05:15,69.8
28.06. 05:30,69.8
28.06. 05:45,69.8
28.06. 06:00,137.5
28.06. 06:15,137.5
28.06. 06:30,137.5
28.06. 06:45,137.5
28.06. 07:00,151.0
28.06. 07:15,151.0
28.06. 07:30,151.0
28.06. 07:45,151.0
28.06. 08:00,176.6
28.06. 08:15,176.6
28.06. 08:30,176.6
28.06. 08:45,176.6
28.06. 09:00,179.4
28.06. 09:15,179.4
28.06. 09:30,179.4
28.06. 09:45,179.4
28.06. 10:00,177.3
28.06. 10:15,177.3
28.06. 10:30,177.3
28.06. 10:45,177.3
28.06. 11:00,188.2
28.06. 11:15,188.2
28.06. 11:30,188.2
28.06. 11:45,188.2
28.06. 12:00,200.4
28.06. 12:15,200.4
28.06. 12:30,200.4
28.06. 12:45,200.4
28.06. 13:00,214.2
28.06. 13:15,214.2
28.06. 13:30,214.2
28.06. 13:45,214.2
28.06. 14:00,178.3
28.06. 14:15,178.3
28.06. 14:30,178.3
28.06. 14:45,178.3
28.06. 15:00,189.3
28.06. 15:15,189.3
28.06. 15:30,189.3
28.06. 15:45,189.3
28.06. 16:00,193.9
28.06. 16:15,193.9
28.06. 16:30,193.9
28.06. 16:45,193.9
28.06. 17:00,197.7
28.06. 17:15,197.7
28.06. 17:30,197.7
28.06. 17:45,197.7
28.06. 18:00,214.4
28.06. 18:15,214.4
28.06. 18:30,214.4
28.06. 18:45,214.4
28.06. 19:00,232.6
28.06. 19:15,232.6
28.06. 19:30,232.6
28.06. 19:45,232.6
28.06. 20:00,223.2
28.06. 20:15,223.2
28.06. 20:30,223.2
28.06. 20:45,223.2
28.06. 21:00,185.6
28.06. 21:15,185.6
28.06. 21:30,185.6
28.06. 21:45,185.6
28.06. 22:00,153.2
28.06. 22:15,153.2
28.06. 22:30,153.2
28.06. 22:45,153.2
28.06. 23:00,110.0
28.06. 23:15,110.0
28.06. 23:30,110.0
28.06. 23:45,110.0
29.06. 00:00,65.7
29.06. 00:15,65.7
29.06. 00:30,65.7
29.06. 00:45,65.7
29.06. 01:00,58.8
29.06. 01:15,58.8
29.06. 01:30,58.8
29.06. 01:45,58.8
29.06. 02:00,51.3
29.06. 02:15,51.3
29.06. 02:30,51.3
29.06. 02:45,51.3
29.06. 03:00,49.0
29.06. 03:15,49.0
29.06. 03:30,49.0
29.06. 03:45,49.0
29.06. 04:00,53.8
29.06. 04:15,53.8
29.06. 04:30,53.8
29.06. 04:45,53.8
29.06. 05:00,73.6
29.06. 05:15,73.6
29.06. 05:30,73.6
29.06. 05:45,73.6
29.06. 06:00,125.2
29.06. 06:15,125.2
29.06. 06:30,125.2
29.06. 06:45,125.2
29.06. 07:00,174.0
29.06. 07:15,174.0
29.06. 07:30,174.0
29.06. 07:45,174.0
29.06. 08:00,181.2
29.06. 08:15,181.2
29.06. 08:30,181.2
29.06. 08:45,181.2
29.06. 09:00,192.4
29.06. 09:15,192.4
29.06. 09:30,192.4
29.06. 09:45,192.4
29.06. 10:00,200.5
29.06. 10:15,200.5
29.06. 10:30,200.5
29.06. 10:45,200.5
29.06. 11:00,222.3
29.06. 11:15,222.3
29.06. 11:30,222.3
29.06. 11:45,222.3
29.06. 12:00,230.7
29.06. 12:15,230.7
29.06. 12:30,230.7
29.06. 12:45,230.7
29.06. 13:00,253.1
29.06. 13:15,253.1
29.06. 13:30,253.1
29.06. 13:45,253.1
29.06. 14:00,249.7
29.06. 14:15,249.7
29.06. 14:30,249.7
29.06. 14:45,249.7
29.06. 15:00,235.2
29.06. 15:15,235.2
29.06. 15:30,235.2
29.06. 15:45,235.2
29.06. 16:00,223.5
29.06. 16:15,223.5
29.06. 16:30,223.5
29.06. 16:45,223.5
29.06. 17:00,235.9
29.06. 17:15,235.9
29.06. 17:30,235.9
29.06. 17:45,235.9
29.06. 18:00,255.8
29.06. 18:15,255.8
29.06. 18:30,255.8
29.06. 18:45,255.8
29.06. 19:00,244.0
29.06. 19:15,244.0
29.06. 19:30,244.0
29.06. 19:45,244.0
29.06. 20:00,247.4
29.06. 20:15,247.4
29.06. 20:30,247.4
29.06. 20:45,247.4
29.06. 21:00,228.1
29.06. 21:15,228.1
29.06. 21:30,228.1
29.06. 21:45,228.1
29.06. 22:00,169.1
29.06. 22:15,169.1
29.06. 22:30,169.1
29.06. 22:45,169.1
29.06. 23:00,110.6
29.06. 23:15,110.6
29.06. 23:30,110.6
29.06. 23:45,110.6
30.06. 00:00,72.6
30.06. 00:15,72.6
30.06. 00:30,72.6
30.06. 00:45,72.6
30.06. 01:00,61.9
30.06. 01:15,61.9
30.06. 01:30,61.9
30.06. 01:45,61.9
30.06. 02:00,54.9
30.06. 02:15,54.9
30.06. 02:30,54.9
30.06. 02:45,54.9
30.06. 03:00,47.7
30.06. 03:15,47.7
30.06. 03:30,47.7
30.06. 03:45,47.7
30.06. 04:00,60.0
30.06. 04:15,60.0
30.06. 04:30,60.0
30.06. 04:45,60.0
30.06. 05:00,70.7
30.06. 05:15,70.7
30.06. 05:30,70.7
30.06. 05:45,70.7
30.06. 06:00,96.2
30.06. 06:15,96.2
30.06. 06:30,96.2
30.06. 06:45,96.2
30.06. 07:00,137.7
30.06. 07:15,137.7
30.06. 07:30,137.7
30.06. 07:45,137.7
30.06. 08:00,193.9
30.06. 08:15,193.9
30.06. 08:30,193.9
30.06. 08:45,193.9
30.06. 09:00,251.8
30.06. 09:15,251.8
30.06. 09:30,251.8
30.06. 09:45,251.8
30.06. 10:00,262.6
30.06. 10:15,262.6
30.06. 10:30,262.6
30.06. 10:45,262.6
30.06. 11:00,310.6
30.06. 11:15,310.6
30.06. 11:30,310.6
30.06. 11:45,310.6
30.06. 12:00,322.2
30.06. 12:15,322.2
30.06. 12:30,322.2
30.06. 12:45,322.2
30.06. 13:00,302.9
30.06. 13:15,302.9
30.06. 13:30,302.9
30.06. 13:45,302.9
30.06. 14:00,313.1
30.06. 14:15,313.1
30.06. 14:30,313.1
30.06. 14:45,313.1
30.06. 15:00,302.8
30.06. 15:15,302.8
30.06. 15:30,302.8
30.06. 15:45,302.8
30.06. 16:00,243.7
30.06. 16:15,243.7
30.06. 16:30,243.7
30.06. 16:45,243.7
30.06. 17:00,210.6
30.06. 17:15,210.6
30.06. 17:30,210.6
30.06. 17:45,210.6
30.06. 18:00,234.6
30.06. 18:15,234.6
30.06. 18:30,234.6
30.06. 18:45,234.6
30.06. 19:00,246.6
30.06. 19:15,246.6
30.06. 19:30,246.6
30.06. 19:45,246.6
30.06. 20:00,229.2
30.06. 20:15,229.2
30.06. 20:30,229.2
30.06. 20:45,229.2
30.06. 21:00,206.1
30.06. 21:15,206.1
30.06. 21:30,206.1
30.06. 21:45,206.1
30.06. 22:00,147.4
30.06. 22:15,147.4
30.06. 22:30,147.4
30.06. 22:45,147.4
30.06. 23:00,110.4
30.06. 23:15,110.4
30.06. 23:30,110.4
30.06. 23:45,110.4
01.07. 00:00,78.3
01.07. 00:15,78.3
01.07. 00:30,78.3
01.07. 00:45,78.3
01.07. 01:00,63.1
01.07. 01:15,63.1
01.07. 01:30,63.1
01.07. 01:45,63.1
01.07. 02:00,53.2
01.07. 02:15,53.2
01.07. 02:30,53.2
01.07. 02:45,53.2
01.07. 03:00,44.9
01.07. 03:15,44.9
01.07. 03:30,44.9
01.07. 03:45,44.9
01.07. 04:00,44.2
01.07. 04:15,44.2
01.07. 04:30,44.2
01.07. 04:45,44.2
01.07. 05:00,49.0
01.07. 05:15,49.0
01.07. 05:30,49.0
01.07. 05:45,49.0
01.07. 06:00,48.5
01.07. 06:15,48.5
01.07. 06:30,48.5
01.07. 06:45,48.5
01.07. 07:00,55.9
01.07. 07:15,55.9
01.07. 07:30,55.9
01.07. 07:45,55.9
01.07. 08:00,87.9
01.07. 08:15,87.9
01.07. 08:30,87.9
01.07. 08:45,87.9
01.07. 09:00,157.1
01.07. 09:15,157.1
01.07. 09:30,157.1
01.07. 09:45,157.1
01.07. 10:00,208.5
01.07. 10:15,208.5
01.07. 10:30,208.5
01.07. 10:45,208.5
01.07. 11:00,246.1
01.07. 11:15,246.1
01.07. 11:30,246.1
01.07. 11:45,246.1
01.07. 12:00,241.0
01.07. 12:15,241.0
01.07. 12:30,241.0
01.07. 12:45,241.0
01.07. 13:00,236.5
01.07. 13:15,236.5
01.07. 13:30,236.5
01.07. 13:45,236.5
01.07. 14:00,193.3
01.07. 14:15,193.3
01.07. 14:30,193.3
01.07. 14:45,193.3
01.07. 15:00,178.0
01.07. 15:15,178.0
01.07. 15:30,178.0
01.07. 15:45,178.0
01.07. 16:00,162.8
01.07. 16:15,162.8
01.07. 16:30,162.8
01.07. 16:45,162.8
01.07. 17:00,164.0
01.07. 17:15,164.0
01.07. 17:30,164.0
01.07. 17:45,164.0
01.07. 18:00,169.7
01.07. 18:15,169.7
01.07. 18:30,169.7
01.07. 18:45,169.7
01.07. 19:00,161.2
01.07. 19:15,161.2
01.07. 19:30,161.2
01.07. 19:45,161.2
01.07. 20:00,175.6
01.07. 20:15,175.6
01.07. 20:30,175.6
01.07. 20:45,175.6
01.07. 21:00,163.0
01.07. 21:15,163.0
01.07. 21:30,163.0
01.07. 21:45,163.0
01.07. 22:00,139.3
01.07. 22:15,139.3
01.07. 22:30,139.3
01.07. 22:45,139.3
01.07. 23:00,107.0
01.07. 23:15,107.0
01.07. 23:30,107.0
01.07. 23:45,107.0
02.07. 00:00,73.5
02.07. 00:15,73.5
02.07. 00:30,73.5
02.07. 00:45,73.5
02.07. 01:00,66.9
02.07. 01:15,66.9
02.07. 01:30,66.9
02.07. 01:45,66.9
02.07. 02:00,55.0
02.07. 02:15,55.0
02.07. 02:30,55.0
02.07. 02:45,55.0
02.07. 03:00,52.4
02.07. 03:15,52.4
02.07. 03:30,52.4
02.07. 03:45,52.4
02.07. 04:00,53.7
02.07. 04:15,53.7
02.07. 04:30,53.7
02.07. 04:45,53.7
02.07. 05:00,72.7
02.07. 05:15,72.7
02.07. 05:30,72.7
02.07. 05:45,72.7
02.07. 06:00,129.2
02.07. 06:15,129.2
02.07. 06:30,129.2
02.07. 06:45,129.2
02.07. 07:00,175.2
02.07. 07:15,175.2
02.07. 07:30,175.2
02.07. 07:45,175.2
02.07. 08:00,177.9
02.07. 08:15,177.9
02.07. 08:30,177.9
02.07. 08:45,177.9
02.07. 09:00,203.0
02.07. 09:15,203.0
02.07. 09:30,203.0
02.07. 09:45,203.0
02.07. 10:00,189.5
02.07. 10:15,189.5
02.07. 10:30,189.5
02.07. 10:45,189.5
02.07. 11:00,209.9
02.07. 11:15,209.9
02.07. 11:30,209.9
02.07. 11:45,209.9
02.07. 12:00,242.0
02.07. 12:15,242.0
02.07. 12:30,242.0
02.07. 12:45,242.0
02.07. 13:00,246.8
02.07. 13:15,246.8
02.07. 13:30,246.8
02.07. 13:45,246.8
02.07. 14:00,223.1
02.07. 14:15,223.1
02.07. 14:30,223.1
02.07. 14:45,223.1
02.07. 15:00,213.8
02.07. 15:15,213.8
02.07. 15:30,213.8
02.07. 15:45,213.8
02.07. 16:00,222.9
02.07. 16:15,222.9
02.07. 16:30,222.9
02.07. 16:45,222.9
02.07. 17:00,226.1
02.07. 17:15,226.1
02.07. 17:30,226.1
02.07. 17:45,226.1
02.07. 18:00,256.8
02.07. 18:15,256.8
02.07. 18:30,256.8
02.07. 18:45,256.8
02.07. 19:00,245.3
02.07. 19:15,245.3
02.07. 19:30,245.3
02.07. 19:45,245.3
02.07. 20:00,247.9
02.07. 20:15,247.9
02.07. 20:30,247.9
02.07. 20:45,247.9
02.07. 21:00,214.2
02.07. 21:15,214.2
02.07. 21:30,214.2
02.07. 21:45,214.2
02.07. 22:00,153.5
02.07. 22:15,153.5
02.07. 22:30,153.5
02.07. 22:45,153.5
02.07. 23:00,119.4
02.07. 23:15,119.4
02.07. 23:30,119.4
02.07. 23:45,119.4
03.07. 00:00,59.5
03.07. 00:15,59.5
03.07. 00:30,59.5
03.07. 00:45,59.5
03.07. 01:00,54.5
03.07. 01:15,54.5
03.07. 01:30,54.5
03.07. 01:45,54.5
03.07. 02:00,45.2
03.07. 02:15,45.2
03.07. 02:30,45.2
03.07. 02:45,45.2
03.07. 03:00,47.0
03.07. 03:15,47.0
03.07. 03:30,47.0
03.07. 03:45,47.0
03.07. 04:00,46.8
03.07. 04:15,46.8
03.07. 04:30,46.8
03.07. 04:45,46.8
03.07. 05:00,62.9
03.07. 05:15,62.9
03.07. 05:30,62.9
03.07. 05:45,62.9
03.07. 06:00,146.8
03.07. 06:15,146.8
03.07. 06:30,146.8
03.07. 06:45,146.8
03.07. 07:00,190.7
03.07. 07:15,190.7
03.07. 07:30,190.7
03.07. 07:45,190.7
03.07. 08:00,195.0
03.07. 08:15,195.0
03.07. 08:30,195.0
03.07. 08:45,195.0
03.07. 09:00,209.0
03.07. 09:15,209.0
03.07. 09:30,209.0
03.07. 09:45,209.0
03.07. 10:00,193.0
03.07. 10:15,193.0
03.07. 10:30,193.0
03.07. 10:45,193.0
03.07. 11:00,204.2
03.07. 11:15,204.2
03.07. 11:30,204.2
03.07. 11:45,204.2
03.07. 12:00,226.0
03.07. 12:15,226.0
03.07. 12:30,226.0
03.07. 12:45,226.0
03.07. 13:00,220.8
03.07. 13:15,220.8
03.07. 13:30,220.8
03.07. 13:45,220.8
03.07. 14:00,196.1
03.07. 14:15,196.1
03.07. 14:30,196.1
03.07. 14:45,196.1
03.07. 15:00,194.7
03.07. 15:15,194.7
03.07. 15:30,194.7
03.07. 15:45,194.7
03.07. 16:00,188.4
03.07. 16:15,188.4
03.07. 16:30,188.4
03.07. 16:45,188.4
03.07. 17:00,201.2
03.07. 17:15,201.2
03.07. 17:30,201.2
03.07. 17:45,201.2
03.07. 18:00,201.2
03.07. 18:15,201.2
03.07. 18:30,201.2
03.07. 18:45,201.2
03.07. 19:00,227.3
03.07. 19:15,227.3
03.07. 19:30,227.3
03.07. 19:45,227.3
03.07. 20:00,221.2
03.07. 20:15,221.2
03.07. 20:30,221.2
03.07. 20:45,221.2
03.07. 21:00,185.5
03.07. 21:15,185.5
03.07. 21:30,185.5
03.07. 21:45,185.5
03.07. 22:00,152.5
03.07. 22:15,152.5
03.07. 22:30,152.5
03.07. 22:45,152.5
03.07. 23:00,112.8
03.07. 23:15,112.8
03.07. 23:30,112.8
03.07. 23:45,112.8
04.07. 00:00,69.2
04.07. 00:15,69.2
04.07. 00:30,69.2
04.07. 00:45,69.2
04.07. 01:00,60.0
04.07. 01:15,60.0
04.07. 01:30,60.0
04.07. 01:45,60.0
04.07. 02:00,52.9
04.07. 02:15,52.9
04.07. 02:30,52.9
04.07. 02:45,52.9
04.07. 03:00,48.1
04.07. 03:15,48.1
04.07. 03:30,48.1
04.07. 03:45,48.1
04.07. 04:00,52.8
04.07. 04:15,52.8
04.07. 04:30,52.8
04.07. 04:45,52.8
04.07. 05:00,64.7
04.07. 05:15,64.7
04.07. 05:30,64.7
04.07. 05:45,64.7
04.07. 06:00,126.2
04.07. 06:15,126.2
04.07. 06:30,126.2
04.07. 06:45,126.2
04.07. 07:00,165.1
04.07. 07:15,165.1
04.07. 07:30,165.1
04.07. 07:45,165.1
04.07. 08:00,172.9
04.07. 08:15,172.9
04.07. 08:30,172.9
04.07. 08:45,172.9
04.07. 09:00,166.4
04.07. 09:15,166.4
04.07. 09:30,166.4
04.07. 09:45,166.4
04.07. 10:00,185.6
04.07. 10:15,185.6
04.07. 10:30,185.6
04.07. 10:45,185.6
04.07. 11:00,196.5
04.07. 11:15,196.5
04.07. 11:30,196.5
04.07. 11:45,196.5
04.07. 12:00,205.0
04.07. 12:15,205.0
04.07. 12:30,205.0
04.07. 12:45,205.0
04.07. 13:00,212.5
04.07. 13:15,212.5
04.07. 13:30,212.5
04.07. 13:45,212.5
04.07. 14:00,195.8
04.07. 14:15,195.8
04.07. 14:30,195.8
04.07. 14:45,195.8
04.07. 15:00,188.9
04.07. 15:15,188.9
04.07. 15:30,188.9
04.07. 15:45,188.9
04.07. 16:00,187.6
04.07. 16:15,187.6
04.07. 16:30,187.6
04.07. 16:45,187.6
04.07. 17:00,194.0
04.07. 17:15,194.0
04.07. 17:30,194.0
04.07. 17:45,194.0
04.07. 18:00,211.2
04.07. 18:15,211.2
04.07. 18:30,211.2
04.07. 18:45,211.2
04.07. 19:00,250.0
04.07. 19:15,250.0
04.07. 19:30,250.0
04.07. 19:45,250.0
04.07. 20:00,221.1
04.07. 20:15,221.1
04.07. 20:30,221.1
04.07. 20:45,221.1
04.07. 21:00,205.3
04.07. 21:15,205.3
04.07. 21:30,205.3
04.07. 21:45,205.3
04.07. 22:00,153.2
04.07. 22:15,153.2
04.07. 22:30,153.2
04.07. 22:45,153.2
04.07. 23:00,110.2
04.07. 23:15,110.2
04.07. 23:30,110.2
04.07. 23:45,110.2
05.07. 00:00,55.4
05.07. 00:15,55.4
05.07. 00:30,55.4
05.07. 00:45,55.4
05.07. 01:00,50.0
05.07. 01:15,50.0
05.07. 01:30,50.0
05.07. 01:45,50.0
05.07. 02:00,43.0
05.07. 02:15,43.0
05.07. 02:30,43.0
05.07. 02:45,43.0
05.07. 03:00,45.0
05.07. 03:15,45.0
05.07. 03:30,45.0
05.07. 03:45,45.0
05.07. 04:00,47.4
05.07. 04:15,47.4
05.07. 04:30,47.4
05.07. 04:45,47.4
05.07. 05:00,66.1
05.07. 05:15,66.1
05.07. 05:30,66.1
05.07. 05:45,66.1
05.07. 06:00,120.4
05.07. 06:15,120.4
05.07. 06:30,120.4
05.07. 06:45,120.4
05.07. 07:00,169.5
05.07. 07:15,169.5
05.07. 07:30,169.5
05.07. 07:45,169.5
05.07. 08:00,169.6
05.07. 08:15,169.6
05.07. 08:30,169.6
05.07. 08:45,169.6
05.07. 09:00,181.4
05.07. 09:15,181.4
05.07. 09:30,181.4
05.07. 09:45,181.4
05.07. 10:00,190.1
05.07. 10:15,190.1
05.07. 10:30,190.1
05.07. 10:45,190.1
05.07. 11:00,191.0
05.07. 11:15,191.0
05.07. 11:30,191.0
05.07. 11:45,191.0
05.07. 12:00,209.8
05.07. 12:15,209.8
05.07. 12:30,209.8
05.07. 12:45,209.8
05.07. 13:00,194.4
05.07. 13:15,194.4
05.07. 13:30,194.4
05.07. 13:45,194.4
05.07. 14:00,174.2
05.07. 14:15,174.2
05.07. 14:30,174.2
05.07. 14:45,174.2
05.07. 15:00,167.7
05.07. 15:15,167.7
05.07. 15:30,167.7
05.07. 15:45,167.7
05.07. 16:00,173.2
05.07. 16:15,173.2
05.07. 16:30,173.2
05.07. 16:45,173.2
05.07. 17:00,158.6
05.07. 17:15,158.6
05.07. 17:30,158.6
05.07. 17:45,158.6
05.07. 18:00,190.4
05.07. 18:15,190.4
05.07. 18:30,190.4
05.07. 18:45,190.4
05.07. 19:00,202.3
05.07. 19:15,202.3
05.07. 19:30,202.3
05.07. 19:45,202.3
05.07. 20:00,212.9
05.07. 20:15,212.9
05.07. 20:30,212.9
05.07. 20:45,212.9
05.07. 21:00,202.5
05.07. 21:15,202.5
05.07. 21:30,202.5
05.07. 21:45,202.5
05.07. 22:00,144.3
05.07. 22:15,144.3
05.07. 22:30,144.3
05.07. 22:45,144.3
05.07. 23:00,106.2
05.07. 23:15,106.2
05.07. 23:30,106.2
05.07. 23:45,106.2
06.07. 00:00,60.7
06.07. 00:15,60.7
06.07. 00:30,60.7
06.07. 00:45,60.7
06.07. 01:00,58.2
06.07. 01:15,58.2
06.07. 01:30,58.2
06.07. 01:45,58.2
06.07. 02:00,50.2
06.07. 02:15,50.2
06.07. 02:30,50.2
06.07. 02:45,50.2
06.07. 03:00,49.0
06.07. 03:15,49.0
06.07. 03:30,49.0
06.07. 03:45,49.0
06.07. 04:00,55.1
06.07. 04:15,55.1
06.07. 04:30,55.1
06.07. 04:45,55.1
06.07. 05:00,72.5
06.07. 05:15,72.5
06.07. 05:30,72.5
06.07. 05:45,72.5
06.07. 06:00,134.4
06.07. 06:15,134.4
06.07. 06:30,134.4
06.07. 06:45,134.4
06.07. 07:00,159.2
06.07. 07:15,159.2
06.07. 07:30,159.2
06.07. 07:45,159.2
06.07. 08:00,163.6
06.07. 08:15,163.6
06.07. 08:30,163.6
06.07. 08:45,163.6
06.07. 09:00,149.5
06.07. 09:15,149.5
06.07. 09:30,149.5
06.07. 09:45,149.5
06.07. 10:00,140.9
06.07. 10:15,140.9
06.07. 10:30,140.9
06.07. 10:45,140.9
06.07. 11:00,158.7
06.07. 11:15,158.7
06.07. 11:30,158.7
06.07. 11:45,158.7
06.07. 12:00,170.0
06.07. 12:15,170.0
06.07. 12:30,170.0
06.07. 12:45,170.0
06.07. 13:00,168.9
06.07. 13:15,168.9
06.07. 13:30,168.9
06.07. 13:45,168.9
06.07. 14:00,157.0
06.07. 14:15,157.0
06.07. 14:30,157.0
06.07. 14:45,157.0
06.07. 15:00,148.5
06.07. 15:15,148.5
06.07. 15:30,148.5
06.07. 15:45,148.5
06.07. 16:00,152.4
06.07. 16:15,152.4
06.07. 16:30,152.4
06.07. 16:45,152.4
06.07. 17:00,159.6
06.07. 17:15,159.6
06.07. 17:30,159.6
06.07. 17:45,159.6
06.07. 18:00,193.2
06.07. 18:15,193.2
06.07. 18:30,193.2
06.07. 18:45,193.2
06.07. 19:00,206.9
06.07. 19:15,206.9
06.07. 19:30,206.9
06.07. 19:45,206.9
06.07. 20:00,205.8
06.07. 20:15,205.8
06.07. 20:30,205.8
06.07. 20:45,205.8
06.07. 21:00,184.6
06.07. 21:15,184.6
06.07. 21:30,184.6
06.07. 21:45,184.6
06.07. 22:00,160.2
06.07. 22:15,160.2
06.07. 22:30,160.2
06.07. 22:45,160.2
06.07. 23:00,103.0
06.07. 23:15,103.0
06.07. 23:30,103.0
06.07. 23:45,103.0
07.07. 00:00,57.8
07.07. 00:15,57.8
07.07. 00:30,57.8
07.07. 00:45,57.8
07.07. 01:00,49.6
07.07. 01:15,49.6
07.07. 01:30,49.6
07.07. 01:45,49.6
07.07. 02:00,44.8
07.07. 02:15,44.8
07.07. 02:30,44.8
07.07. 02:45,44.8
07.07. 03:00,36.4
07.07. 03:15,36.4
07.07. 03:30,36.4
07.07. 03:45,36.4
07.07. 04:00,41.1
07.07. 04:15,41.1
07.07. 04:30,41.1
07.07. 04:45,41.1
07.07. 05:00,45.5
07.07. 05:15,45.5
07.07. 05:30,45.5
07.07. 05:45,45.5
07.07. 06:00,51.7
07.07. 06:15,51.7
07.07. 06:30,51.7
07.07. 06:45,51.7
07.07. 07:00,81.2
07.07. 07:15,81.2
07.07. 07:30,81.2
07.07. 07:45,81.2
07.07. 08:00,144.3
07.07. 08:15,144.3
07.07. 08:30,144.3
07.07. 08:45,144.3
07.07. 09:00,172.1
07.07. 09:15,172.1
07.07. 09:30,172.1
07.07. 09:45,172.1
07.07. 10:00,194.6
07.07. 10:15,194.6
07.07. 10:30,194.6
07.07. 10:45,194.6
07.07. 11:00,195.2
07.07. 11:15,195.2
07.07. 11:30,195.2
07.07. 11:45,195.2
07.07. 12:00,192.2
07.07. 12:15,192.2
07.07. 12:30,192.2
07.07. 12:45,192.2
07.07. 13:00,187.7
07.07. 13:15,187.7
07.07. 13:30,187.7
07.07. 13:45,187.7
07.07. 14:00,178.6
07.07. 14:15,178.6
07.07. 14:30,178.6
07.07. 14:45,178.6
07.07. 15:00,179.1
07.07. 15:15,179.1
07.07. 15:30,179.1
07.07. 15:45,179.1
07.07. 16:00,161.8
07.07. 16:15,161.8
07.07. 16:30,161.8
07.07. 16:45,161.8
07.07. 17:00,157.6
07.07. 17:15,157.6
07.07. 17:30,157.6
07.07. 17:45,157.6
07.07. 18:00,192.2
07.07. 18:15,192.2
07.07. 18:30,192.2
07.07. 18:45,192.2
07.07. 19:00,190.5
07.07. 19:15,190.5
07.07. 19:30,190.5
07.07. 19:45,190.5
07.07. 20:00,183.6
07.07. 20:15,183.6
07.07. 20:30,183.6
07.07. 20:45,183.6
07.07. 21:00,152.4
07.07. 21:15,152.4
07.07. 21:30,152.4
07.07. 21:45,152.4
07.07. 22:00,123.0
07.07. 22:15,123.0
07.07. 22:30,123.0
07.07. 22:45,123.0
07.07. 23:00,87.8
07.07. 23:15,87.8
07.07. 23:30,87.8
07.07. 23:45,87.8
08.07. 00:00,75.6
08.07. 00:15,75.6
08.07. 00:30,75.6
08.07. 00:45,75.6
08.07. 01:00,64.1
08.07. 01:15,64.1
08.07. 01:30,64.1
08.07. 01:45,64.1
08.07. 02:00,52.8
08.07. 02:15,52.8
08.07. 02:30,52.8
08.07. 02:45,52.8
08.07. 03:00,50.5
08.07. 03:15,50.5
08.07. 03:30,50.5
08.07. 03:45,50.5
08.07. 04:00,45.0
08.07. 04:15,45.0
08.07. 04:30,45.0
08.07. 04:45,45.0
08.07. 05:00,48.4
08.07. 05:15,48.4
08.07. 05:30,48.4
08.07. 05:45,48.4
08.07. 06:00,46.1
08.07. 06:15,46.1
08.07. 06:30,46.1
08.07. 06:45,46.1
08.07. 07:00,58.8
08.07. 07:15,58.8
08.07. 07:30,58.8
08.07. 07:45,58.8
08.07. 08:00,86.4
08.07. 08:15,86.4
08.07. 08:30,86.4
08.07. 08:45,86.4
08.07. 09:00,156.6
08.07. 09:15,156.6
08.07. 09:30,156.6
08.07. 09:45,156.6
08.07. 10:00,204.3
08.07. 10:15,204.3
08.07. 10:30,204.3
08.07. 10:45,204.3
08.07. 11:00,251.9
08.07. 11:15,251.9
08.07. 11:30,251.9
08.07. 11:45,251.9
08.07. 12:00,250.2
08.07. 12:15,250.2
08.07. 12:30,250.2
08.07. 12:45,250.2
08.07. 13:00,253.6
08.07. 13:15,253.6
08.07. 13:30,253.6
08.07. 13:45,253.6
08.07. 14:00,244.9
08.07. 14:15,244.9
08.07. 14:30,244.9
08.07. 14:45,244.9
08.07. 15:00,214.2
08.07. 15:15,214.2
08.07. 15:30,214.2
08.07. 15:45,214.2
08.07. 16:00,195.1
08.07. 16:15,195.1
08.07. 16:30,195.1
08.07. 16:45,195.1
08.07. 17:00,207.6
08.07. 17:15,207.6
08.07. 17:30,207.6
08.07. 17:45,207.6
08.07. 18:00,201.2
08.07. 18:15,201.2
08.07. 18:30,201.2
08.07. 18:45,201.2
08.07. 19:00,201.4
08.07. 19:15,201.4
08.07. 19:30,201.4
08.07. 19:45,201.4
08.07. 20:00,219.3
08.07. 20:15,219.3
08.07. 20:30,219.3
08.07. 20:45,219.3
08.07. 21:00,173.9
08.07. 21:15,173.9
08.07. 21:30,173.9
08.07. 21:45,173.9
08.07. 22:00,138.8
08.07. 22:15,138.8
08.07. 22:30,138.8
08.07. 22:45,138.8
08.07. 23:00,105.0
08.07. 23:15,105.0
08.07. 23:30,105.0
08.07. 23:45,105.0
09.07. 00:00,64.6
09.07. 00:15,64.6
09.07. 00:30,64.6
09.07. 00:45,64.6
09.07. 01:00,54.0
09.07. 01:15,54.0
09.07. 01:30,54.0
09.07. 01:45,54.0
09.07. 02:00,44.1
09.07. 02:15,44.1
09.07. 02:30,44.1
09.07. 02:45,44.1
09.07. 03:00,43.1
09.07. 03:15,43.1
09.07. 03:30,43.1
09.07. 03:45,43.1
09.07. 04:00,47.5
09.07. 04:15,47.5
09.07. 04:30,47.5
09.07. 04:45,47.5
09.07. 05:00,65.7
09.07. 05:15,65.7
09.07. 05:30,65.7
09.07. 05:45,65.7
09.07. 06:00,123.9
09.07. 06:15,123.9
09.07. 06:30,123.9
09.07. 06:45,123.9
09.07. 07:00,175.2
09.07. 07:15,175.2
09.07. 07:30,175.2
09.07. 07:45,175.2
09.07. 08:00,180.0
09.07. 08:15,180.0
09.07. 08:30,180.0
09.07. 08:45,180.0
09.07. 09:00,185.2
09.07. 09:15,185.2
09.07. 09:30,185.2
09.07. 09:45,185.2
09.07. 10:00,183.2
09.07. 10:15,183.2
09.07. 10:30,183.2
09.07. 10:45,183.2
09.07. 11:00,197.1
09.07. 11:15,197.1
09.07. 11:30,197.1
09.07. 11:45,197.1
09.07. 12:00,204.2
09.07. 12:15,204.2
09.07. 12:30,204.2
09.07. 12:45,204.2
09.07. 13:00,208.4
09.07. 13:15,208.4
09.07. 13:30,208.4
09.07. 13:45,208.4
09.07. 14:00,191.9
09.07. 14:15,191.9
09.07. 14:30,191.9
09.07. 14:45,191.9
09.07. 15:00,178.5
09.07. 15:15,178.5
09.07. 15:30,178.5
09.07. 15:45,178.5
09.07. 16:00,178.5
09.07. 16:15,178.5
09.07. 16:30,178.5
09.07. 16:45,178.5
09.07. 17:00,178.0
09.07. 17:15,178.0
09.07. 17:30,178.0
09.07. 17:45,178.0
09.07. 18:00,196.1
09.07. 18:15,196.1
09.07. 18:30,196.1
09.07. 18:45,196.1
09.07. 19:00,215.9
09.07. 19:15,215.9
09.07. 19:30,215.9
09.07. 19:45,215.9
09.07. 20:00,212.3
09.07. 20:15,212.3
09.07. 20:30,212.3
09.07. 20:45,212.3
09.07. 21:00,178.3
09.07. 21:15,178.3
09.07. 21:30,178.3
09.07. 21:45,178.3
09.07. 22:00,144.7
09.07. 22:15,144.7
09.07. 22:30,144.7
09.07. 22:45,144.7
09.07. 23:00,106.0
09.07. 23:15,106.0
09.07. 23:30,106.0
09.07. 23:45,106.0
10.07. 00:00,56.1
10.07. 00:15,56.1
10.07. 00:30,56.1
10.07. 00:45,56.1
10.07. 01:00,46.0
10.07. 01:15,46.0
10.07. 01:30,46.0
10.07. 01:45,46.0
10.07. 02:00,40.9
10.07. 02:15,40.9
10.07. 02:30,40.9
10.07. 02:45,40.9
10.07. 03:00,42.2
10.07. 03:15,42.2
10.07. 03:30,42.2
10.07. 03:45,42.2
10.07. 04:00,48.4
10.07. 04:15,48.4
10.07. 04:30,48.4
10.07. 04:45,48.4
10.07. 05:00,61.8
10.07. 05:15,61.8
10.07. 05:30,61.8
10.07. 05:45,61.8
10.07. 06:00,121.5
10.07. 06:15,121.5
10.07. 06:30,121.5
10.07. 06:45,121.5
10.07. 07:00,160.8
10.07. 07:15,160.8
10.07. 07:30,160.8
10.07. 07:45,160.8
10.07. 08:00,161.1
10.07. 08:15,161.1
10.07. 08:30,161.1
10.07. 08:45,161.1
10.07. 09:00,143.0
10.07. 09:15,143.0
10.07. 09:30,143.0
10.07. 09:45,143.0
10.07. 10:00,138.2
10.07. 10:15,138.2
10.07. 10:30,138.2
10.07. 10:45,138.2
10.07. 11:00,144.2
10.07. 11:15,144.2
10.07. 11:30,144.2
10.07. 11:45,144.2
10.07. 12:00,152.2
10.07. 12:15,152.2
10.07. 12:30,152.2
10.07. 12:45,152.2
10.07. 13:00,157.8
10.07. 13:15,157.8
10.07. 13:30,157.8
10.07. 13:45,157.8
10.07. 14:00,139.4
10.07. 14:15,139.4
10.07. 14:30,139.4
10.07. 14:45,139.4
10.07. 15:00,127.6
10.07. 15:15,127.6
10.07. 15:30,127.6
10.07. 15:45,127.6
10.07. 16:00,138.6
10.07. 16:15,138.6
10.07. 16:30,138.6
10.07. 16:45,138.6
10.07. 17:00,146.9
10.07. 17:15,146.9
10.07. 17:30,146.9
10.07. 17:45,146.9
10.07. 18:00,171.6
10.07. 18:15,171.6
10.07. 18:30,171.6
10.07. 18:45,171.6
10.07. 19:00,193.3
10.07. 19:15,193.3
10.07. 19:30,193.3
10.07. 19:45,193.3
10.07. 20:00,203.9
10.07. 20:15,203.9
10.07. 20:30,203.9
10.07. 20:45,203.9
10.07. 21:00,185.9
10.07. 21:15,185.9
10.07. 21:30,185.9
10.07. 21:45,185.9
10.07. 22:00,161.7
10.07. 22:15,161.7
10.07. 22:30,161.7
10.07. 22:45,161.7
10.07. 23:00,96.1
10.07. 23:15,96.1
10.07. 23:30,96.1
10.07. 23:45,96.1
11.07. 00:00,56.9
11.07. 00:15,56.9
11.07. 00:30,56.9
11.07. 00:45,56.9
11.07. 01:00,46.2
11.07. 01:15,46.2
11.07. 01:30,46.2
11.07. 01:45,46.2
11.07. 02:00,36.9
11.07. 02:15,36.9
11.07. 02:30,36.9
11.07. 02:45,36.9
11.07. 03:00,37.2
11.07. 03:15,37.2
11.07. 03:30,37.2
11.07. 03:45,37.2
11.07. 04:00,39.4
11.07. 04:15,39.4
11.07. 04:30,39.4
11.07. 04:45,39.4
11.07. 05:00,60.3
11.07. 05:15,60.3
11.07. 05:30,60.3
11.07. 05:45,60.3
11.07. 06:00,126.3
11.07. 06:15,126.3
11.07. 06:30,126.3
11.07. 06:45,126.3
11.07. 07:00,148.1
11.07. 07:15,148.1
11.07. 07:30,148.1
11.07. 07:45,148.1
11.07. 08:00,147.2
11.07. 08:15,147.2
11.07. 08:30,147.2
11.07. 08:45,147.2
11.07. 09:00,151.2
11.07. 09:15,151.2
11.07. 09:30,151.2
11.07. 09:45,151.2
11.07. 10:00,159.1
11.07. 10:15,159.1
11.07. 10:30,159.1
11.07. 10:45,159.1
11.07. 11:00,157.1
11.07. 11:15,157.1
11.07. 11:30,157.1
11.07. 11:45,157.1
11.07. 12:00,169.5
11.07. 12:15,169.5
11.07. 12:30,169.5
11.07. 12:45,169.5
11.07. 13:00,156.8
11.07. 13:15,156.8
11.07. 13:30,156.8
11.07. 13:45,156.8
11.07. 14:00,148.9
11.07. 14:15,148.9
11.07. 14:30,148.9
11.07. 14:45,148.9
11.07. 15:00,144.3
11.07. 15:15,144.3
11.07. 15:30,144.3
11.07. 15:45,144.3
11.07. 16:00,147.2
11.07. 16:15,147.2
11.07. 16:30,147.2
11.07. 16:45,147.2
11.07. 17:00,157.1
11.07. 17:15,157.1
11.07. 17:30,157.1
11.07. 17:45,157.1
11.07. 18:00,191.6
11.07. 18:15,191.6
11.07. 18:30,191.6
11.07. 18:45,191.6
11.07. 19:00,197.3
11.07. 19:15,197.3
11.07. 19:30,197.3
11.07. 19:45,197.3
11.07. 20:00,189.1
11.07. 20:15,189.1
11.07. 20:30,189.1
11.07. 20:45,189.1
11.07. 21:00,187.3
11.07. 21:15,187.3
11.07. 21:30,187.3
11.07. 21:45,187.3
11.07. 22:00,148.0
11.07. 22:15,148.0
11.07. 22:30,148.0
11.07. 22:45,148.0
11.07. 23:00,111.3
11.07. 23:15,111.3
11.07. 23:30,111.3
11.07. 23:45,111.3
12.07. 00:00,83.0
12.07. 00:15,83.0
12.07. 00:30,83.0
12.07. 00:45,83.0
12.07. 01:00,66.0
12.07. 01:15,66.0
12.07. 01:30,66.0
12.07. 01:45,66.0
12.07. 02:00,53.3
12.07. 02:15,53.3
12.07. 02:30,53.3
12.07. 02:45,53.3
12.07. 03:00,51.0
12.07. 03:15,51.0
12.07. 03:30,51.0
12.07. 03:45,51.0
12.07. 04:00,57.5
12.07. 04:15,57.5
12.07. 04:30,57.5
12.07. 04:45,57.5
12.07. 05:00,69.6
12.07. 05:15,69.6
12.07. 05:30,69.6
12.07. 05:45,69.6
12.07. 06:00,149.1
12.07. 06:15,149.1
12.07. 06:30,149.1
12.07. 06:45,149.1
12.07. 07:00,179.0
12.07. 07:15,179.0
12.07. 07:30,179.0
12.07. 07:45,179.0
12.07. 08:00,193.3
12.07. 08:15,193.3
12.07. 08:30,193.3
12.07. 08:45,193.3
12.07. 09:00,206.9
12.07. 09:15,206.9
12.07. 09:30,206.9
12.07. 09:45,206.9
12.07. 10:00,224.3
12.07. 10:15,224.3
12.07. 10:30,224.3
12.07. 10:45,224.3
12.07. 11:00,237.4
12.07. 11:15,237.4
12.07. 11:30,237.4
12.07. 11:45,237.4
12.07. 12:00,260.3
12.07. 12:15,260.3
12.07. 12:30,260.3
12.07. 12:45,260.3
12.07. 13:00,266.6
12.07. 13:15,266.6
12.07. 13:30,266.6
12.07. 13:45,266.6
12.07. 14:00,251.6
12.07. 14:15,251.6
12.07. 14:30,251.6
12.07. 14:45,251.6
12.07. 15:00,250.0
12.07. 15:15,250.0
12.07. 15:30,250.0
12.07. 15:45,250.0
12.07. 16:00,285.0
12.07. 16:15,285.0
12.07. 16:30,285.0
12.07. 16:45,285.0
12.07. 17:00,257.8
12.07. 17:15,257.8
12.07. 17:30,257.8
12.07. 17:45,257.8
12.07. 18:00,254.1
12.07. 18:15,254.1
12.07. 18:30,254.1
12.07. 18:45,254.1
12.07. 19:00,287.7
12.07. 19:15,287.7
12.07. 19:30,287.7
12.07. 19:45,287.7
12.07. 20:00,274.9
12.07. 20:15,274.9
12.07. 20:30,274.9
12.07. 20:45,274.9
12.07. 21:00,217.0
12.07. 21:15,217.0
12.07. 21:30,217.0
12.07. 21:45,217.0
12.07. 22:00,183.1
12.07. 22:15,183.1
12.07. 22:30,183.1
12.07. 22:45,183.1
12.07. 23:00,124.3
12.07. 23:15,124.3
12.07. 23:30,124.3
12.07. 23:45,124.3
13.07. 00:00,101.4
13.07. 00:15,101.4
13.07. 00:30,101.4
13.07. 00:45,101.4
13.07. 01:00,86.7
13.07. 01:15,86.7
13.07. 01:30,86.7
13.07. 01:45,86.7
13.07. 02:00,81.1
13.07. 02:15,81.1
13.07. 02:30,81.1
13.07. 02:45,81.1
13.07. 03:00,81.1
13.07. 03:15,81.1
13.07. 03:30,81.1
13.07. 03:45,81.1
13.07. 04:00,82.2
13.07. 04:15,82.2
13.07. 04:30,82.2
13.07. 04:45,82.2
13.07. 05:00,104.5
13.07. 05:15,104.5
13.07. 05:30,104.5
13.07. 05:45,104.5
13.07. 06:00,165.3
13.07. 06:15,165.3
13.07. 06:30,165.3
13.07. 06:45,165.3
13.07. 07:00,215.2
13.07. 07:15,215.2
13.07. 07:30,215.2
13.07. 07:45,215.2
13.07. 08:00,222.9
13.07. 08:15,222.9
13.07. 08:30,222.9
13.07. 08:45,222.9
13.07. 09:00,247.3
13.07. 09:15,247.3
13.07. 09:30,247.3
13.07. 09:45,247.3
13.07. 10:00,251.6
13.07. 10:15,251.6
13.07. 10:30,251.6
13.07. 10:45,251.6
13.07. 11:00,277.0
13.07. 11:15,277.0
13.07. 11:30,277.0
13.07. 11:45,277.0
13.07. 12:00,302.1
13.07. 12:15,302.1
13.07. 12:30,302.1
13.07. 12:45,302.1
13.07. 13:00,320.6
13.07. 13:15,320.6
13.07. 13:30,320.6
13.07. 13:45,320.6
13.07. 14:00,284.3
13.07. 14:15,284.3
13.07. 14:30,284.3
13.07. 14:45,284.3
13.07. 15:00,263.7
13.07. 15:15,263.7
13.07. 15:30,263.7
13.07. 15:45,263.7
13.07. 16:00,236.0
13.07. 16:15,236.0
13.07. 16:30,236.0
13.07. 16:45,236.0
13.07. 17:00,247.7
13.07. 17:15,247.7
13.07. 17:30,247.7
13.07. 17:45,247.7
13.07. 18:00,267.2
13.07. 18:15,267.2
13.07. 18:30,267.2
13.07. 18:45,267.2
13.07. 19:00,280.3
13.07. 19:15,280.3
13.07. 19:30,280.3
13.07. 19:45,280.3
13.07. 20:00,270.1
13.07. 20:15,270.1
13.07. 20:30,270.1
13.07. 20:45,270.1
13.07. 21:00,258.1
13.07. 21:15,258.1
13.07. 21:30,258.1
13.07. 21:45,258.1
13.07. 22:00,180.3
13.07. 22:15,180.3
13.07. 22:30,180.3
13.07. 22:45,180.3
13.07. 23:00,131.8
13.07. 23:15,131.8
13.07. 23:30,131.8
13.07. 23:45,131.8
14.07. 00:00,67.2
14.07. 00:15,67.2
14.07. 00:30,67.2
14.07. 00:45,67.2
14.07. 01:00,53.4
14.07. 01:15,53.4
14.07. 01:30,53.4
14.07. 01:45,53.4
14.07. 02:00,50.6
14.07. 02:15,50.6
14.07. 02:30,50.6
14.07. 02:45,50.6
14.07. 03:00,42.0
14.07. 03:15,42.0
14.07. 03:30,42.0
14.07. 03:45,42.0
14.07. 04:00,47.4
14.07. 04:15,47.4
14.07. 04:30,47.4
14.07. 04:45,47.4
14.07. 05:00,49.6
14.07. 05:15,49.6
14.07. 05:30,49.6
14.07. 05:45,49.6
14.07. 06:00,59.5
14.07. 06:15,59.5
14.07. 06:30,59.5
14.07. 06:45,59.5
14.07. 07:00,94.5
14.07. 07:15,94.5
14.07. 07:30,94.5
14.07. 07:45,94.5
14.07. 08:00,154.4
14.07. 08:15,154.4
14.07. 08:30,154.4
14.07. 08:45,154.4
14.07. 09:00,203.8
14.07. 09:15,203.8
14.07. 09:30,203.8
14.07. 09:45,203.8
14.07. 10:00,242.5
14.07. 10:15,242.5
14.07. 10:30,242.5
14.07. 10:45,242.5
14.07. 11:00,257.3
14.07. 11:15,257.3
14.07. 11:30,257.3
14.07. 11:45,257.3
14.07. 12:00,251.3
14.07. 12:15,251.3
14.07. 12:30,251.3
14.07. 12:45,251.3
14.07. 13:00,266.5
14.07. 13:15,266.5
14.07. 13:30,266.5
14.07. 13:45,266.5
14.07. 14:00,237.9
14.07. 14:15,237.9
14.07. 14:30,237.9
14.07. 14:45,237.9
14.07. 15:00,218.5
14.07. 15:15,218.5
14.07. 15:30,218.5
14.07. 15:45,218.5
14.07. 16:00,204.7
14.07. 16:15,204.7
14.07. 16:30,204.7
14.07. 16:45,204.7
14.07. 17:00,219.0
14.07. 17:15,219.0
14.07. 17:30,219.0
14.07. 17:45,219.0
14.07. 18:00,244.9
14.07. 18:15,244.9
14.07. 18:30,244.9
14.07. 18:45,244.9
14.07. 19:00,232.1
14.07. 19:15,232.1
14.07. 19:30,232.1
14.07. 19:45,232.1
14.07. 20:00,215.3
14.07. 20:15,215.3
14.07. 20:30,215.3
14.07. 20:45,215.3
14.07. 21:00,182.8
14.07. 21:15,182.8
14.07. 21:30,182.8
14.07. 21:45,182.8
14.07. 22:00,129.2
14.07. 22:15,129.2
14.07. 22:30,129.2
14.07. 22:45,129.2
14.07. 23:00,95.3
14.07. 23:15,95.3
14.07. 23:30,95.3
14.07. 23:45,95.3
15.07. 00:00,76.4
15.07. 00:15,76.4
15.07. 00:30,76.4
15.07. 00:45,76.4
15.07. 01:00,60.8
15.07. 01:15,60.8
15.07. 01:30,60.8
15.07. 01:45,60.8
15.07. 02:00,52.0
15.07. 02:15,52.0
15.07. 02:30,52.0
15.07. 02:45,52.0
15.07. 03:00,50.0
15.07. 03:15,50.0
15.07. 03:30,50.0
15.07. 03:45,50.0
15.07. 04:00,48.2
15.07. 04:15,48.2
15.07. 04:30,48.2
15.07. 04:45,48.2
15.07. 05:00,48.0
15.07. 05:15,48.0
15.07. 05:30,48.0
15.07. 05:45,48.0
15.07. 06:00,47.1
15.07. 06:15,47.1
15.07. 06:30,47.1
15.07. 06:45,47.1
15.07. 07:00,55.7
15.07. 07:15,55.7
15.07. 07:30,55.7
15.07. 07:45,55.7
15.07. 08:00,87.4
15.07. 08:15,87.4
15.07. 08:30,87.4
15.07. 08:45,87.4
15.07. 09:00,160.2
15.07. 09:15,160.2
15.07. 09:30,160.2
15.07. 09:45,160.2
15.07. 10:00,205.9
15.07. 10:15,205.9
15.07. 10:30,205.9
15.07. 10:45,205.9
15.07. 11:00,224.0
15.07. 11:15,224.0
15.07. 11:30,224.0
15.07. 11:45,224.0
15.07. 12:00,252.7
15.07. 12:15,252.7
15.07. 12:30,252.7
15.07. 12:45,252.7
15.07. 13:00,246.1
15.07. 13:15,246.1
15.07. 13:30,246.1
15.07. 13:45,246.1
15.07. 14:00,219.1
15.07. 14:15,219.1
15.07. 14:30,219.1
15.07. 14:45,219.1
15.07. 15:00,191.3
15.07. 15:15,191.3
15.07. 15:30,191.3
15.07. 15:45,191.3
15.07. 16:00,173.1
15.07. 16:15,173.1
15.07. 16:30,173.1
15.07. 16:45,173.1
15.07. 17:00,166.4
15.07. 17:15,166.4
15.07. 17:30,166.4
15.07. 17:45,166.4
15.07. 18:00,190.6
15.07. 18:15,190.6
15.07. 18:30,190.6
15.07. 18:45,190.6
15.07. 19:00,180.8
15.07. 19:15,180.8
15.07. 19:30,180.8
15.07. 19:45,180.8
15.07. 20:00,185.1
15.07. 20:15,185.1
15.07. 20:30,185.1
15.07. 20:45,185.1
15.07. 21:00,159.6
15.07. 21:15,159.6
15.07. 21:30,159.6
15.07. 21:45,159.6
15.07. 22:00,144.6
15.07. 22:15,144.6
15.07. 22:30,144.6
15.07. 22:45,144.6
15.07. 23:00,107.4
15.07. 23:15,107.4
15.07. 23:30,107.4
15.07. 23:45,107.4
16.07. 00:00,62.8
16.07. 00:15,62.8
16.07. 00:30,62.8
16.07. 00:45,62.8
16.07. 01:00,50.9
16.07. 01:15,50.9
16.07. 01:30,50.9
16.07. 01:45,50.9
16.07. 02:00,43.9
16.07. 02:15,43.9
16.07. 02:30,43.9
16.07. 02:45,43.9
16.07. 03:00,39.6
16.07. 03:15,39.6
16.07. 03:30,39.6
16.07. 03:45,39.6
16.07. 04:00,48.4
16.07. 04:15,48.4
16.07. 04:30,48.4
16.07. 04:45,48.4
16.07. 05:00,71.9
16.07. 05:15,71.9
16.07. 05:30,71.9
16.07. 05:45,71.9
16.07. 06:00,125.8
16.07. 06:15,125.8
16.07. 06:30,125.8
16.07. 06:45,125.8
16.07. 07:00,163.6
16.07. 07:15,163.6
16.07. 07:30,163.6
16.07. 07:45,163.6
16.07. 08:00,173.5
16.07. 08:15,173.5
16.07. 08:30,173.5
16.07. 08:45,173.5
16.07. 09:00,169.7
16.07. 09:15,169.7
16.07. 09:30,169.7
16.07. 09:45,169.7
16.07. 10:00,183.9
16.07. 10:15,183.9
16.07. 10:30,183.9
16.07. 10:45,183.9
16.07. 11:00,198.8
16.07. 11:15,198.8
16.07. 11:30,198.8
16.07. 11:45,198.8
16.07. 12:00,201.3
16.07. 12:15,201.3
16.07. 12:30,201.3
16.07. 12:45,201.3
16.07. 13:00,204.2
16.07. 13:15,204.2
16.07. 13:30,204.2
16.07. 13:45,204.2
16.07. 14:00,200.0
16.07. 14:15,200.0
16.07. 14:30,200.0
16.07. 14:45,200.0
16.07. 15:00,181.9
16.07. 15:15,181.9
16.07. 15:30,181.9
16.07. 15:45,181.9
16.07. 16:00,171.1
16.07. 16:15,171.1
16.07. 16:30,171.1
16.07. 16:45,171.1
16.07. 17:00,181.1
16.07. 17:15,181.1
16.07. 17:30,181.1
16.07. 17:45,181.1
16.07. 18:00,207.9
16.07. 18:15,207.9
16.07. 18:30,207.9
16.07. 18:45,207.9
16.07. 19:00,205.8
16.07. 19:15,205.8
16.07. 19:30,205.8
16.07. 19:45,205.8
16.07. 20:00,205.6
16.07. 20:15,205.6
16.07. 20:30,205.6
16.07. 20:45,205.6
16.07. 21:00,179.3
16.07. 21:15,179.3
16.07. 21:30,179.3
16.07. 21:45,179.3
16.07. 22:00,146.5
16.07. 22:15,146.5
16.07. 22:30,146.5
16.07. 22:45,146.5
16.07. 23:00,114.6
16.07. 23:15,114.6
16.07. 23:30,114.6
16.07. 23:45,114.6
17.07. 00:00,81.0
17.07. 00:15,81.0
17.07. 00:30,81.0
17.07. 00:45,81.0
17.07. 01:00,61.4
17.07. 01:15,61.4
17.07. 01:30,61.4
17.07. 01:45,61.4
17.07. 02:00,57.7
17.07. 02:15,57.7
17.07. 02:30,57.7
17.07. 02:45,57.7
17.07. 03:00,62.0
17.07. 03:15,62.0
17.07. 03:30,62.0
17.07. 03:45,62.0
17.07. 04:00,58.3
17.07. 04:15,58.3
17.07. 04:30,58.3
17.07. 04:45,58.3
17.07. 05:00,79.6
17.07. 05:15,79.6
17.07. 05:30,79.6
17.07. 05:45,79.6
17.07. 06:00,129.0
17.07. 06:15,129.0
17.07. 06:30,129.0
17.07. 06:45,129.0
17.07. 07:00,161.7
17.07. 07:15,161.7
17.07. 07:30,161.7
17.07. 07:45,161.7
17.07. 08:00,191.9
17.07. 08:15,191.9
17.07. 08:30,191.9
17.07. 08:45,191.9
17.07. 09:00,205.7
17.07. 09:15,205.7
17.07. 09:30,205.7
17.07. 09:45,205.7
17.07. 10:00,207.1
17.07. 10:15,207.1
17.07. 10:30,207.1
17.07. 10:45,207.1
17.07. 11:00,213.3
17.07. 11:15,213.3
17.07. 11:30,213.3
17.07. 11:45,213.3
17.07. 12:00,210.3
17.07. 12:15,210.3
17.07. 12:30,210.3
17.07. 12:45,210.3
17.07. 13:00,221.6
17.07. 13:15,221.6
17.07. 13:30,221.6
17.07. 13:45,221.6
17.07. 14:00,224.9
17.07. 14:15,224.9
17.07. 14:30,224.9
17.07. 14:45,224.9
17.07. 15:00,201.0
17.07. 15:15,201.0
17.07. 15:30,201.0
17.07. 15:45,201.0
17.07. 16:00,232.6
17.07. 16:15,232.6
17.07. 16:30,232.6
17.07. 16:45,232.6
17.07. 17:00,229.0
17.07. 17:15,229.0
17.07. 17:30,229.0
17.07. 17:45,229.0
17.07. 18:00,261.2
17.07. 18:15,261.2
17.07. 18:30,261.2
17.07. 18:45,261.2
17.07. 19:00,240.3
17.07. 19:15,240.3
17.07. 19:30,240.3
17.07. 19:45,240.3
17.07. 20:00,237.9
17.07. 20:15,237.9
17.07. 20:30,237.9
17.07. 20:45,237.9
17.07. 21:00,205.2
17.07. 21:15,205.2
17.07. 21:30,205.2
17.07. 21:45,205.2
17.07. 22:00,169.9
17.07. 22:15,169.9
17.07. 22:30,169.9
17.07. 22:45,169.9
17.07. 23:00,105.1
17.07. 23:15,105.1
17.07. 23:30,105.1
17.07. 23:45,105.1
18.07. 00:00,82.2
18.07. 00:15,82.2
18.07. 00:30,82.2
18.07. 00:45,82.2
18.07. 01:00,67.2
18.07. 01:15,67.2
18.07. 01:30,67.2
18.07. 01:45,67.2
18.07. 02:00,63.2
18.07. 02:15,63.2
18.07. 02:30,63.2
18.07. 02:45,63.2
18.07. 03:00,59.3
18.07. 03:15,59.3
18.07. 03:30,59.3
18.07. 03:45,59.3
18.07. 04:00,57.2
18.07. 04:15,57.2
18.07. 04:30,57.2
18.07. 04:45,57.2
18.07. 05:00,76.6
18.07. 05:15,76.6
18.07. 05:30,76.6
18.07. 05:45,76.6
18.07. 06:00,160.6
18.07. 06:15,160.6
18.07. 06:30,160.6
18.07. 06:45,160.6
18.07. 07:00,217.7
18.07. 07:15,217.7
18.07. 07:30,217.7
18.07. 07:45,217.7
18.07. 08:00,241.9
18.07. 08:15,241.9
18.07. 08:30,241.9
18.07. 08:45,241.9
18.07. 09:00,236.8
18.07. 09:15,236.8
18.07. 09:30,236.8
18.07. 09:45,236.8
18.07. 10:00,277.5
18.07. 10:15,277.5
18.07. 10:30,277.5
18.07. 10:45,277.5
18.07. 11:00,323.4
18.07. 11:15,323.4
18.07. 11:30,323.4
18.07. 11:45,323.4
18.07. 12:00,359.5
18.07. 12:15,359.5
18.07. 12:30,359.5
18.07. 12:45,359.5
18.07. 13:00,405.5
18.07. 13:15,405.5
18.07. 13:30,405.5
18.07. 13:45,405.5
18.07. 14:00,356.0
18.07. 14:15,356.0
18.07. 14:30,356.0
18.07. 14:45,356.0
18.07. 15:00,369.0
18.07. 15:15,369.0
18.07. 15:30,369.0
18.07. 15:45,369.0
18.07. 16:00,387.7
18.07. 16:15,387.7
18.07. 16:30,387.7
18.07. 16:45,387.7
18.07. 17:00,398.2
18.07. 17:15,398.2
18.07. 17:30,398.2
18.07. 17:45,398.2
18.07. 18:00,351.3
18.07. 18:15,351.3
18.07. 18:30,351.3
18.07. 18:45,351.3
18.07. 19:00,309.8
18.07. 19:15,309.8
18.07. 19:30,309.8
18.07. 19:45,309.8
18.07. 20:00,282.7
18.07. 20:15,282.7
18.07. 20:30,282.7
18.07. 20:45,282.7
18.07. 21:00,265.4
18.07. 21:15,265.4
18.07. 21:30,265.4
18.07. 21:45,265.4
18.07. 22:00,191.1
18.07. 22:15,191.1
18.07. 22:30,191.1
18.07. 22:45,191.1
18.07. 23:00,145.5
18.07. 23:15,145.5
18.07. 23:30,145.5
18.07. 23:45,145.5
19.07. 00:00,92.4
19.07. 00:15,92.4
19.07. 00:30,92.4
19.07. 00:45,92.4
19.07. 01:00,79.7
19.07. 01:15,79.7
19.07. 01:30,79.7
19.07. 01:45,79.7
19.07. 02:00,63.5
19.07. 02:15,63.5
19.07. 02:30,63.5
19.07. 02:45,63.5
19.07. 03:00,58.5
19.07. 03:15,58.5
19.07. 03:30,58.5
19.07. 03:45,58.5
19.07. 04:00,65.1
19.07. 04:15,65.1
19.07. 04:30,65.1
19.07. 04:45,65.1
19.07. 05:00,106.2
19.07. 05:15,106.2
19.07. 05:30,106.2
19.07. 05:45,106.2
19.07. 06:00,202.9
19.07. 06:15,202.9
19.07. 06:30,202.9
19.07. 06:45,202.9
19.07. 07:00,229.3
19.07. 07:15,229.3
19.07. 07:30,229.3
19.07. 07:45,229.3
19.07. 08:00,295.3
19.07. 08:15,295.3
19.07. 08:30,295.3
19.07. 08:45,295.3
19.07. 09:00,383.0
19.07. 09:15,383.0
19.07. 09:30,383.0
19.07. 09:45,383.0
19.07. 10:00,397.1
19.07. 10:15,397.1
19.07. 10:30,397.1
19.07. 10:45,397.1
19.07. 11:00,458.0
19.07. 11:15,458.0
19.07. 11:30,458.0
19.07. 11:45,458.0
19.07. 12:00,523.3
19.07. 12:15,523.3
19.07. 12:30,523.3
19.07. 12:45,523.3
19.07. 13:00,518.6
19.07. 13:15,518.6
19.07. 13:30,518.6
19.07. 13:45,518.6
19.07. 14:00,503.8
19.07. 14:15,503.8
19.07. 14:30,503.8
19.07. 14:45,503.8
19.07. 15:00,558.9
19.07. 15:15,558.9
19.07. 15:30,558.9
19.07. 15:45,558.9
19.07. 16:00,513.3
19.07. 16:15,513.3
19.07. 16:30,513.3
19.07. 16:45,513.3
19.07. 17:00,516.3
19.07. 17:15,516.3
19.07. 17:30,516.3
19.07. 17:45,516.3
19.07. 18:00,468.2
19.07. 18:15,468.2
19.07. 18:30,468.2
19.07. 18:45,468.2
19.07. 19:00,425.7
19.07. 19:15,425.7
19.07. 19:30,425.7
19.07. 19:45,425.7
19.07. 20:00,341.7
19.07. 20:15,341.7
19.07. 20:30,341.7
19.07. 20:45,341.7
19.07. 21:00,319.6
19.07. 21:15,319.6
19.07. 21:30,319.6
19.07. 21:45,319.6
19.07. 22:00,240.1
19.07. 22:15,240.1
19.07. 22:30,240.1
19.07. 22:45,240.1
19.07. 23:00,196.7
19.07. 23:15,196.7
19.07. 23:30,196.7
19.07. 23:45,196.7
20.07. 00:00,127.2
20.07. 00:15,127.2
20.07. 00:30,127.2
20.07. 00:45,127.2
20.07. 01:00,114.5
20.07. 01:15,114.5
20.07. 01:30,114.5
20.07. 01:45,114.5
20.07. 02:00,120.8
20.07. 02:15,120.8
20.07. 02:30,120.8
20.07. 02:45,120.8
20.07. 03:00,112.4
20.07. 03:15,112.4
20.07. 03:30,112.4
20.07. 03:45,112.4
20.07. 04:00,105.6
20.07. 04:15,105.6
20.07. 04:30,105.6
20.07. 04:45,105.6
20.07. 05:00,123.3
20.07. 05:15,123.3
20.07. 05:30,123.3
20.07. 05:45,123.3
20.07. 06:00,174.5
20.07. 06:15,174.5
20.07. 06:30,174.5
20.07. 06:45,174.5
20.07. 07:00,231.8
20.07. 07:15,231.8
20.07. 07:30,231.8
20.07. 07:45,231.8
20.07. 08:00,246.0
20.07. 08:15,246.0
20.07. 08:30,246.0
20.07. 08:45,246.0
20.07. 09:00,261.0
20.07. 09:15,261.0
20.07. 09:30,261.0
20.07. 09:45,261.0
20.07. 10:00,260.2
20.07. 10:15,260.2
20.07. 10:30,260.2
20.07. 10:45,260.2
20.07. 11:00,334.8
20.07. 11:15,334.8
20.07. 11:30,334.8
20.07. 11:45,334.8
20.07. 12:00,361.0
20.07. 12:15,361.0
20.07. 12:30,361.0
20.07. 12:45,361.0
20.07. 13:00,339.5
20.07. 13:15,339.5
20.07. 13:30,339.5
20.07. 13:45,339.5
20.07. 14:00,313.4
20.07. 14:15,313.4
20.07. 14:30,313.4
20.07. 14:45,313.4
20.07. 15:00,340.3
20.07. 15:15,340.3
20.07. 15:30,340.3
20.07. 15:45,340.3
20.07. 16:00,325.0
20.07. 16:15,325.0
20.07. 16:30,325.0
20.07. 16:45,325.0
20.07. 17:00,281.2
20.07. 17:15,281.2
20.07. 17:30,281.2
20.07. 17:45,281.2
20.07. 18:00,298.7
20.07. 18:15,298.7
20.07. 18:30,298.7
20.07. 18:45,298.7
20.07. 19:00,332.1
20.07. 19:15,332.1
20.07. 19:30,332.1
20.07. 19:45,332.1
20.07. 20:00,302.4
20.07. 20:15,302.4
20.07. 20:30,302.4
20.07. 20:45,302.4
20.07. 21:00,260.2
20.07. 21:15,260.2
20.07. 21:30,260.2
20.07. 21:45,260.2
20.07. 22:00,195.3
20.07. 22:15,195.3
20.07. 22:30,195.3
20.07. 22:45,195.3
20.07. 23:00,145.4
20.07. 23:15,145.4
20.07. 23:30,145.4
20.07. 23:45,145.4
21.07. 00:00,60.9
21.07. 00:15,60.9
21.07. 00:30,60.9
21.07. 00:45,60.9
21.07. 01:00,58.0
21.07. 01:15,58.0
21.07. 01:30,58.0
21.07. 01:45,58.0
21.07. 02:00,49.8
21.07. 02:15,49.8
21.07. 02:30,49.8
21.07. 02:45,49.8
21.07. 03:00,41.9
21.07. 03:15,41.9
21.07. 03:30,41.9
21.07. 03:45,41.9
21.07. 04:00,45.6
21.07. 04:15,45.6
21.07. 04:30,45.6
21.07. 04:45,45.6
21.07. 05:00,47.0
21.07. 05:15,47.0
21.07. 05:30,47.0
21.07. 05:45,47.0
21.07. 06:00,62.8
21.07. 06:15,62.8
21.07. 06:30,62.8
21.07. 06:45,62.8
21.07. 07:00,108.4
21.07. 07:15,108.4
21.07. 07:30,108.4
21.07. 07:45,108.4
21.07. 08:00,155.4
21.07. 08:15,155.4
21.07. 08:30,155.4
21.07. 08:45,155.4
21.07. 09:00,202.5
21.07. 09:15,202.5
21.07. 09:30,202.5
21.07. 09:45,202.5
21.07. 10:00,208.9
21.07. 10:15,208.9
21.07. 10:30,208.9
21.07. 10:45,208.9
21.07. 11:00,224.5
21.07. 11:15,224.5
21.07. 11:30,224.5
21.07. 11:45,224.5
21.07. 12:00,196.4
21.07. 12:15,196.4
21.07. 12:30,196.4
21.07. 12:45,196.4
21.07. 13:00,189.7
21.07. 13:15,189.7
21.07. 13:30,189.7
21.07. 13:45,189.7
21.07. 14:00,176.9
21.07. 14:15,176.9
21.07. 14:30,176.9
21.07. 14:45,176.9
21.07. 15:00,167.1
21.07. 15:15,167.1
21.07. 15:30,167.1
21.07. 15:45,167.1
21.07. 16:00,168.1
21.07. 16:15,168.1
21.07. 16:30,168.1
21.07. 16:45,168.1
21.07. 17:00,174.0
21.07. 17:15,174.0
21.07. 17:30,174.0
21.07. 17:45,174.0
21.07. 18:00,196.1
21.07. 18:15,196.1
21.07. 18:30,196.1
21.07. 18:45,196.1
21.07. 19:00,215.6
21.07. 19:15,215.6
21.07. 19:30,215.6
21.07. 19:45,215.6
21.07. 20:00,197.4
21.07. 20:15,197.4
21.07. 20:30,197.4
21.07. 20:45,197.4
21.07. 21:00,154.0
21.07. 21:15,154.0
21.07. 21:30,154.0
21.07. 21:45,154.0
21.07. 22:00,119.2
21.07. 22:15,119.2
21.07. 22:30,119.2
21.07. 22:45,119.2
21.07. 23:00,85.2
21.07. 23:15,85.2
21.07. 23:30,85.2
21.07. 23:45,85.2
22.07. 00:00,78.3
22.07. 00:15,78.3
22.07. 00:30,78.3
22.07. 00:45,78.3
22.07. 01:00,63.8
22.07. 01:15,63.8
22.07. 01:30,63.8
22.07. 01:45,63.8
22.07. 02:00,50.0
22.07. 02:15,50.0
22.07. 02:30,50.0
22.07. 02:45,50.0
22.07. 03:00,46.4
22.07. 03:15,46.4
22.07. 03:30,46.4
22.07. 03:45,46.4
22.07. 04:00,40.8
22.07. 04:15,40.8
22.07. 04:30,40.8
22.07. 04:45,40.8
22.07. 05:00,43.9
22.07. 05:15,43.9
22.07. 05:30,43.9
22.07. 05:45,43.9
22.07. 06:00,46.0
22.07. 06:15,46.0
22.07. 06:30,46.0
22.07. 06:45,46.0
22.07. 07:00,57.4
22.07. 07:15,57.4
22.07. 07:30,57.4
22.07. 07:45,57.4
22.07. 08:00,87.9
22.07. 08:15,87.9
22.07. 08:30,87.9
22.07. 08:45,87.9
22.07. 09:00,150.5
22.07. 09:15,150.5
22.07. 09:30,150.5
22.07. 09:45,150.5
22.07. 10:00,194.2
22.07. 10:15,194.2
22.07. 10:30,194.2
22.07. 10:45,194.2
22.07. 11:00,223.1
22.07. 11:15,223.1
22.07. 11:30,223.1
22.07. 11:45,223.1
22.07. 12:00,236.4
22.07. 12:15,236.4
22.07. 12:30,236.4
22.07. 12:45,236.4
22.07. 13:00,239.4
22.07. 13:15,239.4
22.07. 13:30,239.4
22.07. 13:45,239.4
22.07. 14:00,221.7
22.07. 14:15,221.7
22.07. 14:30,221.7
22.07. 14:45,221.7
22.07. 15:00,201.1
22.07. 15:15,201.1
22.07. 15:30,201.1
22.07. 15:45,201.1
22.07. 16:00,171.5
22.07. 16:15,171.5
22.07. 16:30,171.5
22.07. 16:45,171.5
22.07. 17:00,184.0
22.07. 17:15,184.0
22.07. 17:30,184.0
22.07. 17:45,184.0
22.07. 18:00,175.1
22.07. 18:15,175.1
22.07. 18:30,175.1
22.07. 18:45,175.1
22.07. 19:00,184.5
22.07. 19:15,184.5
22.07. 19:30,184.5
22.07. 19:45,184.5
22.07. 20:00,197.0
22.07. 20:15,197.0
22.07. 20:30,197.0
22.07. 20:45,197.0
22.07. 21:00,170.6
22.07. 21:15,170.6
22.07. 21:30,170.6
22.07. 21:45,170.6
22.07. 22:00,142.1
22.07. 22:15,142.1
22.07. 22:30,142.1
22.07. 22:45,142.1
22.07. 23:00,100.8
22.07. 23:15,100.8
22.07. 23:30,100.8
22.07. 23:45,100.8
23.07. 00:00,60.3
23.07. 00:15,60.3
23.07. 00:30,60.3
23.07. 00:45,60.3
23.07. 01:00,49.5
23.07. 01:15,49.5
23.07. 01:30,49.5
23.07. 01:45,49.5
23.07. 02:00,40.1
23.07. 02:15,40.1
23.07. 02:30,40.1
23.07. 02:45,40.1
23.07. 03:00,42.7
23.07. 03:15,42.7
23.07. 03:30,42.7
23.07. 03:45,42.7
23.07. 04:00,48.6
23.07. 04:15,48.6
23.07. 04:30,48.6
23.07. 04:45,48.6
23.07. 05:00,67.8
23.07. 05:15,67.8
23.07. 05:30,67.8
23.07. 05:45,67.8
23.07. 06:00,138.3
23.07. 06:15,138.3
23.07. 06:30,138.3
23.07. 06:45,138.3
23.07. 07:00,158.8
23.07. 07:15,158.8
23.07. 07:30,158.8
23.07. 07:45,158.8
23.07. 08:00,164.8
23.07. 08:15,164.8
23.07. 08:30,164.8
23.07. 08:45,164.8
23.07. 09:00,180.0
23.07. 09:15,180.0
23.07. 09:30,180.0
23.07. 09:45,180.0
23.07. 10:00,188.1
23.07. 10:15,188.1
23.07. 10:30,188.1
23.07. 10:45,188.1
23.07. 11:00,212.4
23.07. 11:15,212.4
23.07. 11:30,212.4
23.07. 11:45,212.4
23.07. 12:00,209.0
23.07. 12:15,209.0
23.07. 12:30,209.0
23.07. 12:45,209.0
23.07. 13:00,208.7
23.07. 13:15,208.7
23.07. 13:30,208.7
23.07. 13:45,208.7
23.07. 14:00,222.6
23.07. 14:15,222.6
23.07. 14:30,222.6
23.07. 14:45,222.6
23.07. 15:00,196.0
23.07. 15:15,196.0
23.07. 15:30,196.0
23.07. 15:45,196.0
23.07. 16:00,203.3
23.07. 16:15,203.3
23.07. 16:30,203.3
23.07. 16:45,203.3
23.07. 17:00,222.0
23.07. 17:15,222.0
23.07. 17:30,222.0
23.07. 17:45,222.0
23.07. 18:00,215.8
23.07. 18:15,215.8
23.07. 18:30,215.8
23.07. 18:45,215.8
23.07. 19:00,240.4
23.07. 19:15,240.4
23.07. 19:30,240.4
23.07. 19:45,240.4
23.07. 20:00,222.7
23.07. 20:15,222.7
23.07. 20:30,222.7
23.07. 20:45,222.7
23.07. 21:00,197.0
23.07. 21:15,197.0
23.07. 21:30,197.0
23.07. 21:45,197.0
23.07. 22:00,155.0
23.07. 22:15,155.0
23.07. 22:30,155.0
23.07. 22:45,155.0
23.07. 23:00,110.7
23.07. 23:15,110.7
23.07. 23:30,110.7
23.07. 23:45,110.7
24.07. 00:00,81.2
24.07. 00:15,81.2
24.07. 00:30,81.2
24.07. 00:45,81.2
24.07. 01:00,67.7
24.07. 01:15,67.7
24.07. 01:30,67.7
24.07. 01:45,67.7
24.07. 02:00,55.5
24.07. 02:15,55.5
24.07. 02:30,55.5
24.07. 02:45,55.5
24.07. 03:00,51.6
24.07. 03:15,51.6
24.07. 03:30,51.6
24.07. 03:45,51.6
24.07. 04:00,59.6
24.07. 04:15,59.6
24.07. 04:30,59.6
24.07. 04:45,59.6
24.07. 05:00,79.4
24.07. 05:15,79.4
24.07. 05:30,79.4
24.07. 05:45,79.4
24.07. 06:00,141.3
24.07. 06:15,141.3
24.07. 06:30,141.3
24.07. 06:45,141.3
24.07. 07:00,194.6
24.07. 07:15,194.6
24.07. 07:30,194.6
24.07. 07:45,194.6
24.07. 08:00,221.3
24.07. 08:15,221.3
24.07. 08:30,221.3
24.07. 08:45,221.3
24.07. 09:00,239.8
24.07. 09:15,239.8
24.07. 09:30,239.8
24.07. 09:45,239.8
24.07. 10:00,255.1
24.07. 10:15,255.1
24.07. 10:30,255.1
24.07. 10:45,255.1
24.07. 11:00,294.1
24.07. 11:15,294.1
24.07. 11:30,294.1
24.07. 11:45,294.1
24.07. 12:00,303.7
24.07. 12:15,303.7
24.07. 12:30,303.7
24.07. 12:45,303.7
24.07. 13:00,363.4
24.07. 13:15,363.4
24.07. 13:30,363.4
24.07. 13:45,363.4
24.07. 14:00,320.9
24.07. 14:15,320.9
24.07. 14:30,320.9
24.07. 14:45,320.9
24.07. 15:00,319.0
24.07. 15:15,319.0
24.07. 15:30,319.0
24.07. 15:45,319.0
24.07. 16:00,300.4
24.07. 16:15,300.4
24.07. 16:30,300.4
24.07. 16:45,300.4
24.07. 17:00,329.8
24.07. 17:15,329.8
24.07. 17:30,329.8
24.07. 17:45,329.8
24.07. 18:00,339.9
24.07. 18:15,339.9
24.07. 18:30,339.9
24.07. 18:45,339.9
24.07. 19:00,294.8
24.07. 19:15,294.8
24.07. 19:30,294.8
24.07. 19:45,294.8
24.07. 20:00,284.5
24.07. 20:15,284.5
24.07. 20:30,284.5
24.07. 20:45,284.5
24.07. 21:00,254.0
24.07. 21:15,254.0
24.07. 21:30,254.0
24.07. 21:45,254.0
24.07. 22:00,188.8
24.07. 22:15,188.8
24.07. 22:30,188.8
24.07. 22:45,188.8
24.07. 23:00,176.5
24.07. 23:15,176.5
24.07. 23:30,176.5
24.07. 23:45,176.5
25.07. 00:00,112.2
25.07. 00:15,112.2
25.07. 00:30,112.2
25.07. 00:45,112.2
25.07. 01:00,90.1
25.07. 01:15,90.1
25.07. 01:30,90.1
25.07. 01:45,90.1
25.07. 02:00,75.9
25.07. 02:15,75.9
25.07. 02:30,75.9
25.07. 02:45,75.9
25.07. 03:00,76.8
25.07. 03:15,76.8
25.07. 03:30,76.8
25.07. 03:45,76.8
25.07. 04:00,94.3
25.07. 04:15,94.3
25.07. 04:30,94.3
25.07. 04:45,94.3
25.07. 05:00,101.6
25.07. 05:15,101.6
25.07. 05:30,101.6
25.07. 05:45,101.6
25.07. 06:00,166.0
25.07. 06:15,166.0
25.07. 06:30,166.0
25.07. 06:45,166.0
25.07. 07:00,229.2
25.07. 07:15,229.2
25.07. 07:30,229.2
25.07. 07:45,229.2
25.07. 08:00,233.1
25.07. 08:15,233.1
25.07. 08:30,233.1
25.07. 08:45,233.1
25.07. 09:00,233.6
25.07. 09:15,233.6
25.07. 09:30,233.6
25.07. 09:45,233.6
25.07. 10:00,221.3
25.07. 10:15,221.3
25.07. 10:30,221.3
25.07. 10:45,221.3
25.07. 11:00,246.6
25.07. 11:15,246.6
25.07. 11:30,246.6
25.07. 11:45,246.6
25.07. 12:00,254.6
25.07. 12:15,254.6
25.07. 12:30,254.6
25.07. 12:45,254.6
25.07. 13:00,275.8
25.07. 13:15,275.8
25.07. 13:30,275.8
25.07. 13:45,275.8
25.07. 14:00,253.8
25.07. 14:15,253.8
25.07. 14:30,253.8
25.07. 14:45,253.8
25.07. 15:00,224.3
25.07. 15:15,224.3
25.07. 15:30,224.3
25.07. 15:45,224.3
25.07. 16:00,215.3
25.07. 16:15,215.3
25.07. 16:30,215.3
25.07. 16:45,215.3
25.07. 17:00,238.5
25.07. 17:15,238.5
25.07. 17:30,238.5
25.07. 17:45,238.5
25.07. 18:00,269.0
25.07. 18:15,269.0
25.07. 18:30,269.0
25.07. 18:45,269.0
25.07. 19:00,279.9
25.07. 19:15,279.9
25.07. 19:30,279.9
25.07. 19:45,279.9
25.07. 20:00,260.5
25.07. 20:15,260.5
25.07. 20:30,260.5
25.07. 20:45,260.5
25.07. 21:00,221.5
25.07. 21:15,221.5
25.07. 21:30,221.5
25.07. 21:45,221.5
25.07. 22:00,204.0
25.07. 22:15,204.0
25.07. 22:30,204.0
25.07. 22:45,204.0
25.07. 23:00,138.6
25.07. 23:15,138.6
25.07. 23:30,138.6
25.07. 23:45,138.6
26.07. 00:00,51.6
26.07. 00:15,51.6
26.07. 00:30,51.6
26.07. 00:45,51.6
26.07. 01:00,47.4
26.07. 01:15,47.4
26.07. 01:30,47.4
26.07. 01:45,47.4
26.07. 02:00,39.0
26.07. 02:15,39.0
26.07. 02:30,39.0
26.07. 02:45,39.0
26.07. 03:00,41.7
26.07. 03:15,41.7
26.07. 03:30,41.7
26.07. 03:45,41.7
26.07. 04:00,45.2
26.07. 04:15,45.2
26.07. 04:30,45.2
26.07. 04:45,45.2
26.07. 05:00,68.1
26.07. 05:15,68.1
26.07. 05:30,68.1
26.07. 05:45,68.1
26.07. 06:00,121.6
26.07. 06:15,121.6
26.07. 06:30,121.6
26.07. 06:45,121.6
26.07. 07:00,159.2
26.07. 07:15,159.2
26.07. 07:30,159.2
26.07. 07:45,159.2
26.07. 08:00,174.1
26.07. 08:15,174.1
26.07. 08:30,174.1
26.07. 08:45,174.1
26.07. 09:00,175.1
26.07. 09:15,175.1
26.07. 09:30,175.1
26.07. 09:45,175.1
26.07. 10:00,165.9
26.07. 10:15,165.9
26.07. 10:30,165.9
26.07. 10:45,165.9
26.07. 11:00,170.5
26.07. 11:15,170.5
26.07. 11:30,170.5
26.07. 11:45,170.5
26.07. 12:00,202.9
26.07. 12:15,202.9
26.07. 12:30,202.9
26.07. 12:45,202.9
26.07. 13:00,190.0
26.07. 13:15,190.0
26.07. 13:30,190.0
26.07. 13:45,190.0
26.07. 14:00,168.8
26.07. 14:15,168.8
26.07. 14:30,168.8
26.07. 14:45,168.8
26.07. 15:00,149.6
26.07. 15:15,149.6
26.07. 15:30,149.6
26.07. 15:45,149.6
26.07. 16:00,131.4
26.07. 16:15,131.4
26.07. 16:30,131.4
26.07. 16:45,131.4
26.07. 17:00,148.6
26.07. 17:15,148.6
26.07. 17:30,148.6
26.07. 17:45,148.6
26.07. 18:00,169.1
26.07. 18:15,169.1
26.07. 18:30,169.1
26.07. 18:45,169.1
26.07. 19:00,205.6
26.07. 19:15,205.6
26.07. 19:30,205.6
26.07. 19:45,205.6
26.07. 20:00,203.5
26.07. 20:15,203.5
26.07. 20:30,203.5
26.07. 20:45,203.5
26.07. 21:00,192.0
26.07. 21:15,192.0
26.07. 21:30,192.0
26.07. 21:45,192.0
26.07. 22:00,146.6
26.07. 22:15,146.6
26.07. 22:30,146.6
26.07. 22:45,146.6
26.07. 23:00,110.9
26.07. 23:15,110.9
26.07. 23:30,110.9
26.07. 23:45,110.9
27.07. 00:00,53.4
27.07. 00:15,53.4
27.07. 00:30,53.4
27.07. 00:45,53.4
27.07. 01:00,47.6
27.07. 01:15,47.6
27.07. 01:30,47.6
27.07. 01:45,47.6
27.07. 02:00,45.6
27.07. 02:15,45.6
27.07. 02:30,45.6
27.07. 02:45,45.6
27.07. 03:00,46.3
27.07. 03:15,46.3
27.07. 03:30,46.3
27.07. 03:45,46.3
27.07. 04:00,51.8
27.07. 04:15,51.8
27.07. 04:30,51.8
27.07. 04:45,51.8
27.07. 05:00,70.8
27.07. 05:15,70.8
27.07. 05:30,70.8
27.07. 05:45,70.8
27.07. 06:00,126.0
27.07. 06:15,126.0
27.07. 06:30,126.0
27.07. 06:45,126.0
27.07. 07:00,160.0
27.07. 07:15,160.0
27.07. 07:30,160.0
27.07. 07:45,160.0
27.07. 08:00,160.1
27.07. 08:15,160.1
27.07. 08:30,160.1
27.07. 08:45,160.1
27.07. 09:00,163.3
27.07. 09:15,163.3
27.07. 09:30,163.3
27.07. 09:45,163.3
27.07. 10:00,148.4
27.07. 10:15,148.4
27.07. 10:30,148.4
27.07. 10:45,148.4
27.07. 11:00,160.4
27.07. 11:15,160.4
27.07. 11:30,160.4
27.07. 11:45,160.4
27.07. 12:00,169.2
27.07. 12:15,169.2
27.07. 12:30,169.2
27.07. 12:45,169.2
27.07. 13:00,165.8
27.07. 13:15,165.8
27.07. 13:30,165.8
27.07. 13:45,165.8
27.07. 14:00,159.2
27.07. 14:15,159.2
27.07. 14:30,159.2
27.07. 14:45,159.2
27.07. 15:00,137.6
27.07. 15:15,137.6
27.07. 15:30,137.6
27.07. 15:45,137.6
27.07. 16:00,134.6
27.07. 16:15,134.6
27.07. 16:30,134.6
27.07. 16:45,134.6
27.07. 17:00,149.1
27.07. 17:15,149.1
27.07. 17:30,149.1
27.07. 17:45,149.1
27.07. 18:00,175.7
27.07. 18:15,175.7
27.07. 18:30,175.7
27.07. 18:45,175.7
27.07. 19:00,188.3
27.07. 19:15,188.3
27.07. 19:30,188.3
27.07. 19:45,188.3
27.07. 20:00,205.8
27.07. 20:15,205.8
27.07. 20:30,205.8
27.07. 20:45,205.8
27.07. 21:00,186.9
27.07. 21:15,186.9
27.07. 21:30,186.9
27.07. 21:45,186.9
27.07. 22:00,142.2
27.07. 22:15,142.2
27.07. 22:30,142.2
27.07. 22:45,142.2
27.07. 23:00,107.1
27.07. 23:15,107.1
27.07. 23:30,107.1
27.07. 23:45,107.1
28.07. 00:00,71.2
28.07. 00:15,71.2
28.07. 00:30,71.2
28.07. 00:45,71.2
28.07. 01:00,62.5
28.07. 01:15,62.5
28.07. 01:30,62.5
28.07. 01:45,62.5
28.07. 02:00,55.0
28.07. 02:15,55.0
28.07. 02:30,55.0
28.07. 02:45,55.0
28.07. 03:00,52.4
28.07. 03:15,52.4
28.07. 03:30,52.4
28.07. 03:45,52.4
28.07. 04:00,53.8
28.07. 04:15,53.8
28.07. 04:30,53.8
28.07. 04:45,53.8
28.07. 05:00,55.2
28.07. 05:15,55.2
28.07. 05:30,55.2
28.07. 05:45,55.2
28.07. 06:00,55.0
28.07. 06:15,55.0
28.07. 06:30,55.0
28.07. 06:45,55.0
28.07. 07:00,93.7
28.07. 07:15,93.7
28.07. 07:30,93.7
28.07. 07:45,93.7
28.07. 08:00,150.6
28.07. 08:15,150.6
28.07. 08:30,150.6
28.07. 08:45,150.6
28.07. 09:00,220.2
28.07. 09:15,220.2
28.07. 09:30,220.2
28.07. 09:45,220.2
28.07. 10:00,228.0
28.07. 10:15,228.0
28.07. 10:30,228.0
28.07. 10:45,228.0
28.07. 11:00,261.4
28.07. 11:15,261.4
28.07. 11:30,261.4
28.07. 11:45,261.4
28.07. 12:00,266.0
28.07. 12:15,266.0
28.07. 12:30,266.0
28.07. 12:45,266.0
28.07. 13:00,278.0
28.07. 13:15,278.0
28.07. 13:30,278.0
28.07. 13:45,278.0
28.07. 14:00,240.9
28.07. 14:15,240.9
28.07. 14:30,240.9
28.07. 14:45,240.9
28.07. 15:00,237.0
28.07. 15:15,237.0
28.07. 15:30,237.0
28.07. 15:45,237.0
28.07. 16:00,206.7
28.07. 16:15,206.7
28.07. 16:30,206.7
28.07. 16:45,206.7
28.07. 17:00,242.9
28.07. 17:15,242.9
28.07. 17:30,242.9
28.07. 17:45,242.9
28.07. 18:00,258.1
28.07. 18:15,258.1
28.07. 18:30,258.1
28.07. 18:45,258.1
28.07. 19:00,253.6
28.07. 19:15,253.6
28.07. 19:30,253.6
28.07. 19:45,253.6
28.07. 20:00,244.6
28.07. 20:15,244.6
28.07. 20:30,244.6
28.07. 20:45,244.6
28.07. 21:00,188.7
28.07. 21:15,188.7
28.07. 21:30,188.7
28.07. 21:45,188.7
28.07. 22:00,157.6
28.07. 22:15,157.6
28.07. 22:30,157.6
28.07. 22:45,157.6
28.07. 23:00,108.0
28.07. 23:15,108.0
28.07. 23:30,108.0
28.07. 23:45,108.0
29.07. 00:00,86.7
29.07. 00:15,86.7
29.07. 00:30,86.7
29.07. 00:45,86.7
29.07. 01:00,71.9
29.07. 01:15,71.9
29.07. 01:30,71.9
29.07. 01:45,71.9
29.07. 02:00,56.2
29.07. 02:15,56.2
29.07. 02:30,56.2
29.07. 02:45,56.2
29.07. 03:00,50.1
29.07. 03:15,50.1
29.07. 03:30,50.1
29.07. 03:45,50.1
29.07. 04:00,44.9
29.07. 04:15,44.9
29.07. 04:30,44.9
29.07. 04:45,44.9
29.07. 05:00,45.2
29.07. 05:15,45.2
29.07. 05:30,45.2
29.07. 05:45,45.2
29.07. 06:00,45.8
29.07. 06:15,45.8
29.07. 06:30,45.8
29.07. 06:45,45.8
29.07. 07:00,54.2
29.07. 07:15,54.2
29.07. 07:30,54.2
29.07. 07:45,54.2
29.07. 08:00,88.6
29.07. 08:15,88.6
29.07. 08:30,88.6
29.07. 08:45,88.6
29.07. 09:00,165.2
29.07. 09:15,165.2
29.07. 09:30,165.2
29.07. 09:45,165.2
29.07. 10:00,222.2
29.07. 10:15,222.2
29.07. 10:30,222.2
29.07. 10:45,222.2
29.07. 11:00,257.6
29.07. 11:15,257.6
29.07. 11:30,257.6
29.07. 11:45,257.6
29.07. 12:00,277.6
29.07. 12:15,277.6
29.07. 12:30,277.6
29.07. 12:45,277.6
29.07. 13:00,259.0
29.07. 13:15,259.0
29.07. 13:30,259.0
29.07. 13:45,259.0
29.07. 14:00,248.6
29.07. 14:15,248.6
29.07. 14:30,248.6
29.07. 14:45,248.6
29.07. 15:00,213.3
29.07. 15:15,213.3
29.07. 15:30,213.3
29.07. 15:45,213.3
29.07. 16:00,227.0
29.07. 16:15,227.0
29.07. 16:30,227.0
29.07. 16:45,227.0
29.07. 17:00,215.0
29.07. 17:15,215.0
29.07. 17:30,215.0
29.07. 17:45,215.0
29.07. 18:00,210.7
29.07. 18:15,210.7
29.07. 18:30,210.7
29.07. 18:45,210.7
29.07. 19:00,207.5
29.07. 19:15,207.5
29.07. 19:30,207.5
29.07. 19:45,207.5
29.07. 20:00,209.1
29.07. 20:15,209.1
29.07. 20:30,209.1
29.07. 20:45,209.1
29.07. 21:00,167.4
29.07. 21:15,167.4
29.07. 21:30,167.4
29.07. 21:45,167.4
29.07. 22:00,150.7
29.07. 22:15,150.7
29.07. 22:30,150.7
29.07. 22:45,150.7
29.07. 23:00,102.2
29.07. 23:15,102.2
29.07. 23:30,102.2
29.07. 23:45,102.2
30.07. 00:00,65.0
30.07. 00:15,65.0
30.07. 00:30,65.0
30.07. 00:45,65.0
30.07. 01:00,56.9
30.07. 01:15,56.9
30.07. 01:30,56.9
30.07. 01:45,56.9
30.07. 02:00,45.7
30.07. 02:15,45.7
30.07. 02:30,45.7
30.07. 02:45,45.7
30.07. 03:00,49.6
30.07. 03:15,49.6
30.07. 03:30,49.6
30.07. 03:45,49.6
30.07. 04:00,54.8
30.07. 04:15,54.8
30.07. 04:30,54.8
30.07. 04:45,54.8
30.07. 05:00,69.1
30.07. 05:15,69.1
30.07. 05:30,69.1
30.07. 05:45,69.1
30.07. 06:00,126.6
30.07. 06:15,126.6
30.07. 06:30,126.6
30.07. 06:45,126.6
30.07. 07:00,159.4
30.07. 07:15,159.4
30.07. 07:30,159.4
30.07. 07:45,159.4
30.07. 08:00,176.4
30.07. 08:15,176.4
30.07. 08:30,176.4
30.07. 08:45,176.4
30.07. 09:00,186.9
30.07. 09:15,186.9
30.07. 09:30,186.9
30.07. 09:45,186.9
30.07. 10:00,191.4
30.07. 10:15,191.4
30.07. 10:30,191.4
30.07. 10:45,191.4
30.07. 11:00,206.8
30.07. 11:15,206.8
30.07. 11:30,206.8
30.07. 11:45,206.8
30.07. 12:00,220.3
30.07. 12:15,220.3
30.07. 12:30,220.3
30.07. 12:45,220.3
30.07. 13:00,232.8
30.07. 13:15,232.8
30.07. 13:30,232.8
30.07. 13:45,232.8
30.07. 14:00,227.1
30.07. 14:15,227.1
30.07. 14:30,227.1
30.07. 14:45,227.1
30.07. 15:00,197.6
30.07. 15:15,197.6
30.07. 15:30,197.6
30.07. 15:45,197.6
30.07. 16:00,194.0
30.07. 16:15,194.0
30.07. 16:30,194.0
30.07. 16:45,194.0
30.07. 17:00,224.9
30.07. 17:15,224.9
30.07. 17:30,224.9
30.07. 17:45,224.9
30.07. 18:00,242.6
30.07. 18:15,242.6
30.07. 18:30,242.6
30.07. 18:45,242.6
30.07. 19:00,253.6
30.07. 19:15,253.6
30.07. 19:30,253.6
30.07. 19:45,253.6
30.07. 20:00,246.6
30.07. 20:15,246.6
30.07. 20:30,246.6
30.07. 20:45,246.6
30.07. 21:00,227.2
30.07. 21:15,227.2
30.07. 21:30,227.2
30.07. 21:45,227.2
30.07. 22:00,185.4
30.07. 22:15,185.4
30.07. 22:30,185.4
30.07. 22:45,185.4
30.07. 23:00,132.5
30.07. 23:15,132.5
30.07. 23:30,132.5
30.07. 23:45,132.5
31.07. 00:00,77.2
31.07. 00:15,77.2
31.07. 00:30,77.2
31.07. 00:45,77.2
31.07. 01:00,66.7
31.07. 01:15,66.7
31.07. 01:30,66.7
31.07. 01:45,66.7
31.07. 02:00,59.7
31.07. 02:15,59.7
31.07. 02:30,59.7
31.07. 02:45,59.7
31.07. 03:00,62.1
31.07. 03:15,62.1
31.07. 03:30,62.1
31.07. 03:45,62.1
31.07. 04:00,65.4
31.07. 04:15,65.4
31.07. 04:30,65.4
31.07. 04:45,65.4
31.07. 05:00,82.4
31.07. 05:15,82.4
31.07. 05:30,82.4
31.07. 05:45,82.4
31.07. 06:00,143.6
31.07. 06:15,143.6
31.07. 06:30,143.6
31.07. 06:45,143.6
31.07. 07:00,167.3
31.07. 07:15,167.3
31.07. 07:30,167.3
31.07. 07:45,167.3
31.07. 08:00,183.6
31.07. 08:15,183.6
31.07. 08:30,183.6
31.07. 08:45,183.6
31.07. 09:00,205.0
31.07. 09:15,205.0
31.07. 09:30,205.0
31.07. 09:45,205.0
31.07. 10:00,189.5
31.07. 10:15,189.5
31.07. 10:30,189.5
31.07. 10:45,189.5
31.07. 11:00,210.3
31.07. 11:15,210.3
31.07. 11:30,210.3
31.07. 11:45,210.3
31.07. 12:00,233.5
31.07. 12:15,233.5
31.07. 12:30,233.5
31.07. 12:45,233.5
31.07. 13:00,231.6
31.07. 13:15,231.6
31.07. 13:30,231.6
31.07. 13:45,231.6
31.07. 14:00,231.7
31.07. 14:15,231.7
31.07. 14:30,231.7
31.07. 14:45,231.7
31.07. 15:00,230.1
31.07. 15:15,230.1
31.07. 15:30,230.1
31.07. 15:45,230.1
31.07. 16:00,215.7
31.07. 16:15,215.7
31.07. 16:30,215.7
31.07. 16:45,215.7
31.07. 17:00,220.0
31.07. 17:15,220.0
31.07. 17:30,220.0
31.07. 17:45,220.0
31.07. 18:00,213.6
31.07. 18:15,213.6
31.07. 18:30,213.6
31.07. 18:45,213.6
31.07. 19:00,251.1
31.07. 19:15,251.1
31.07. 19:30,251.1
31.07. 19:45,251.1
31.07. 20:00,238.4
31.07. 20:15,238.4
31.07. 20:30,238.4
31.07. 20:45,238.4
31.07. 21:00,236.5
31.07. 21:15,236.5
31.07. 21:30,236.5
31.07. 21:45,236.5
31.07. 22:00,168.2
31.07. 22:15,168.2
31.07. 22:30,168.2
31.07. 22:45,168.2
31.07. 23:00,122.6
31.07. 23:15,122.6
31.07. 23:30,122.6
31.07. 23:45,122.6
01.08. 00:00,76.4
01.08. 00:15,76.4
01.08. 00:30,76.4
01.08. 00:45,76.4
01.08. 01:00,60.2
01.08. 01:15,60.2
01.08. 01:30,60.2
01.08. 01:45,60.2
01.08. 02:00,53.5
01.08. 02:15,53.5
01.08. 02:30,53.5
01.08. 02:45,53.5
01.08. 03:00,54.3
01.08. 03:15,54.3
01.08. 03:30,54.3
01.08. 03:45,54.3
01.08. 04:00,54.5
01.08. 04:15,54.5
01.08. 04:30,54.5
01.08. 04:45,54.5
01.08. 05:00,72.4
01.08. 05:15,72.4
01.08. 05:30,72.4
01.08. 05:45,72.4
01.08. 06:00,136.4
01.08. 06:15,136.4
01.08. 06:30,136.4
01.08. 06:45,136.4
01.08. 07:00,181.4
01.08. 07:15,181.4
01.08. 07:30,181.4
01.08. 07:45,181.4
01.08. 08:00,189.8
01.08. 08:15,189.8
01.08. 08:30,189.8
01.08. 08:45,189.8
01.08. 09:00,177.6
01.08. 09:15,177.6
01.08. 09:30,177.6
01.08. 09:45,177.6
01.08. 10:00,209.2
01.08. 10:15,209.2
01.08. 10:30,209.2
01.08. 10:45,209.2
01.08. 11:00,219.1
01.08. 11:15,219.1
01.08. 11:30,219.1
01.08. 11:45,219.1
01.08. 12:00,220.6
01.08. 12:15,220.6
01.08. 12:30,220.6
01.08. 12:45,220.6
01.08. 13:00,220.1
01.08. 13:15,220.1
01.08. 13:30,220.1
01.08. 13:45,220.1
01.08. 14:00,196.9
01.08. 14:15,196.9
01.08. 14:30,196.9
01.08. 14:45,196.9
01.08. 15:00,200.3
01.08. 15:15,200.3
01.08. 15:30,200.3
01.08. 15:45,200.3
01.08. 16:00,197.9
01.08. 16:15,197.9
01.08. 16:30,197.9
01.08. 16:45,197.9
01.08. 17:00,202.4
01.08. 17:15,202.4
01.08. 17:30,202.4
01.08. 17:45,202.4
01.08. 18:00,226.7
01.08. 18:15,226.7
01.08. 18:30,226.7
01.08. 18:45,226.7
01.08. 19:00,238.0
01.08. 19:15,238.0
01.08. 19:30,238.0
01.08. 19:45,238.0
01.08. 20:00,229.2
01.08. 20:15,229.2
01.08. 20:30,229.2
01.08. 20:45,229.2
01.08. 21:00,202.3
01.08. 21:15,202.3
01.08. 21:30,202.3
01.08. 21:45,202.3
01.08. 22:00,157.8
01.08. 22:15,157.8
01.08. 22:30,157.8
01.08. 22:45,157.8
01.08. 23:00,118.9
01.08. 23:15,118.9
01.08. 23:30,118.9
01.08. 23:45,118.9
02.08. 00:00,73.6
02.08. 00:15,73.6
02.08. 00:30,73.6
02.08. 00:45,73.6
02.08. 01:00,63.8
02.08. 01:15,63.8
02.08. 01:30,63.8
02.08. 01:45,63.8
02.08. 02:00,57.1
02.08. 02:15,57.1
02.08. 02:30,57.1
02.08. 02:45,57.1
02.08. 03:00,58.2
02.08. 03:15,58.2
02.08. 03:30,58.2
02.08. 03:45,58.2
02.08. 04:00,55.5
02.08. 04:15,55.5
02.08. 04:30,55.5
02.08. 04:45,55.5
02.08. 05:00,72.4
02.08. 05:15,72.4
02.08. 05:30,72.4
02.08. 05:45,72.4
02.08. 06:00,132.3
02.08. 06:15,132.3
02.08. 06:30,132.3
02.08. 06:45,132.3
02.08. 07:00,176.7
02.08. 07:15,176.7
02.08. 07:30,176.7
02.08. 07:45,176.7
02.08. 08:00,196.8
02.08. 08:15,196.8
02.08. 08:30,196.8
02.08. 08:45,196.8
02.08. 09:00,230.9
02.08. 09:15,230.9
02.08. 09:30,230.9
02.08. 09:45,230.9
02.08. 10:00,239.0
02.08. 10:15,239.0
02.08. 10:30,239.0
02.08. 10:45,239.0
02.08. 11:00,278.9
02.08. 11:15,278.9
02.08. 11:30,278.9
02.08. 11:45,278.9
02.08. 12:00,278.2
02.08. 12:15,278.2
02.08. 12:30,278.2
02.08. 12:45,278.2
02.08. 13:00,283.9
02.08. 13:15,283.9
02.08. 13:30,283.9
02.08. 13:45,283.9
02.08. 14:00,276.8
02.08. 14:15,276.8
02.08. 14:30,276.8
02.08. 14:45,276.8
02.08. 15:00,290.4
02.08. 15:15,290.4
02.08. 15:30,290.4
02.08. 15:45,290.4
02.08. 16:00,255.0
02.08. 16:15,255.0
02.08. 16:30,255.0
02.08. 16:45,255.0
02.08. 17:00,271.4
02.08. 17:15,271.4
02.08. 17:30,271.4
02.08. 17:45,271.4
02.08. 18:00,262.2
02.08. 18:15,262.2
02.08. 18:30,262.2
02.08. 18:45,262.2
02.08. 19:00,280.4
02.08. 19:15,280.4
02.08. 19:30,280.4
02.08. 19:45,280.4
02.08. 20:00,263.0
02.08. 20:15,263.0
02.08. 20:30,263.0
02.08. 20:45,263.0
02.08. 21:00,234.6
02.08. 21:15,234.6
02.08. 21:30,234.6
02.08. 21:45,234.6
02.08. 22:00,194.3
02.08. 22:15,194.3
02.08. 22:30,194.3
02.08. 22:45,194.3
02.08. 23:00,126.4
02.08. 23:15,126.4
02.08. 23:30,126.4
02.08. 23:45,126.4
03.08. 00:00,87.5
03.08. 00:15,87.5
03.08. 00:30,87.5
03.08. 00:45,87.5
03.08. 01:00,80.8
03.08. 01:15,80.8
03.08. 01:30,80.8
03.08. 01:45,80.8
03.08. 02:00,71.0
03.08. 02:15,71.0
03.08. 02:30,71.0
03.08. 02:45,71.0
03.08. 03:00,58.8
03.08. 03:15,58.8
03.08. 03:30,58.8
03.08. 03:45,58.8
03.08. 04:00,69.8
03.08. 04:15,69.8
03.08. 04:30,69.8
03.08. 04:45,69.8
03.08. 05:00,94.5
03.08. 05:15,94.5
03.08. 05:30,94.5
03.08. 05:45,94.5
03.08. 06:00,164.9
03.08. 06:15,164.9
03.08. 06:30,164.9
03.08. 06:45,164.9
03.08. 07:00,227.0
03.08. 07:15,227.0
03.08. 07:30,227.0
03.08. 07:45,227.0
03.08. 08:00,238.0
03.08. 08:15,238.0
03.08. 08:30,238.0
03.08. 08:45,238.0
03.08. 09:00,273.6
03.08. 09:15,273.6
03.08. 09:30,273.6
03.08. 09:45,273.6
03.08. 10:00,294.8
03.08. 10:15,294.8
03.08. 10:30,294.8
03.08. 10:45,294.8
03.08. 11:00,317.2
03.08. 11:15,317.2
03.08. 11:30,317.2
03.08. 11:45,317.2
03.08. 12:00,377.1
03.08. 12:15,377.1
03.08. 12:30,377.1
03.08. 12:45,377.1
03.08. 13:00,393.8
03.08. 13:15,393.8
03.08. 13:30,393.8
03.08. 13:45,393.8
03.08. 14:00,383.2
03.08. 14:15,383.2
03.08. 14:30,383.2
03.08. 14:45,383.2
03.08. 15:00,353.9
03.08. 15:15,353.9
03.08. 15:30,353.9
03.08. 15:45,353.9
03.08. 16:00,341.8
03.08. 16:15,341.8
03.08. 16:30,341.8
03.08. 16:45,341.8
03.08. 17:00,368.4
03.08. 17:15,368.4
03.08. 17:30,368.4
03.08. 17:45,368.4
03.08. 18:00,340.3
03.08. 18:15,340.3
03.08. 18:30,340.3
03.08. 18:45,340.3
03.08. 19:00,327.2
03.08. 19:15,327.2
03.08. 19:30,327.2
03.08. 19:45,327.2
03.08. 20:00,301.2
03.08. 20:15,301.2
03.08. 20:30,301.2
03.08. 20:45,301.2
03.08. 21:00,283.8
03.08. 21:15,283.8
03.08. 21:30,283.8
03.08. 21:45,283.8
03.08. 22:00,225.5
03.08. 22:15,225.5
03.08. 22:30,225.5
03.08. 22:45,225.5
03.08. 23:00,177.0
03.08. 23:15,177.0
03.08. 23:30,177.0
03.08. 23:45,177.0
04.08. 00:00,135.5
04.08. 00:15,135.5
04.08. 00:30,135.5
04.08. 00:45,135.5
04.08. 01:00,116.8
04.08. 01:15,116.8
04.08. 01:30,116.8
04.08. 01:45,116.8
04.08. 02:00,96.2
04.08. 02:15,96.2
04.08. 02:30,96.2
04.08. 02:45,96.2
04.08. 03:00,72.8
04.08. 03:15,72.8
04.08. 03:30,72.8
04.08. 03:45,72.8
04.08. 04:00,79.6
04.08. 04:15,79.6
04.08. 04:30,79.6
04.08. 04:45,79.6
04.08. 05:00,100.6
04.08. 05:15,100.6
04.08. 05:30,100.6
04.08. 05:45,100.6
04.08. 06:00,117.0
04.08. 06:15,117.0
04.08. 06:30,117.0
04.08. 06:45,117.0
04.08. 07:00,177.0
04.08. 07:15,177.0
04.08. 07:30,177.0
04.08. 07:45,177.0
04.08. 08:00,283.2
04.08. 08:15,283.2
04.08. 08:30,283.2
04.08. 08:45,283.2
04.08. 09:00,335.8
04.08. 09:15,335.8
04.08. 09:30,335.8
04.08. 09:45,335.8
04.08. 10:00,372.5
04.08. 10:15,372.5
04.08. 10:30,372.5
04.08. 10:45,372.5
04.08. 11:00,418.5
04.08. 11:15,418.5
04.08. 11:30,418.5
04.08. 11:45,418.5
04.08. 12:00,398.9
04.08. 12:15,398.9
04.08. 12:30,398.9
04.08. 12:45,398.9
04.08. 13:00,373.6
04.08. 13:15,373.6
04.08. 13:30,373.6
04.08. 13:45,373.6
04.08. 14:00,337.1
04.08. 14:15,337.1
04.08. 14:30,337.1
04.08. 14:45,337.1
04.08. 15:00,318.3
04.08. 15:15,318.3
04.08. 15:30,318.3
04.08. 15:45,318.3
04.08. 16:00,333.5
04.08. 16:15,333.5
04.08. 16:30,333.5
04.08. 16:45,333.5
04.08. 17:00,338.0
04.08. 17:15,338.0
04.08. 17:30,338.0
04.08. 17:45,338.0
04.08. 18:00,348.0
04.08. 18:15,348.0
04.08. 18:30,348.0
04.08. 18:45,348.0
04.08. 19:00,319.5
04.08. 19:15,319.5
04.08. 19:30,319.5
04.08. 19:45,319.5
04.08. 20:00,296.4
04.08. 20:15,296.4
04.08. 20:30,296.4
04.08. 20:45,296.4
04.08. 21:00,248.3
04.08. 21:15,248.3
04.08. 21:30,248.3
04.08. 21:45,248.3
04.08. 22:00,194.6
04.08. 22:15,194.6
04.08. 22:30,194.6
04.08. 22:45,194.6
04.08. 23:00,134.8
04.08. 23:15,134.8
04.08. 23:30,134.8
04.08. 23:45,134.8
05.08. 00:00,75.2
05.08. 00:15,75.2
05.08. 00:30,75.2
05.08. 00:45,75.2
05.08. 01:00,62.0
05.08. 01:15,62.0
05.08. 01:30,62.0
05.08. 01:45,62.0
05.08. 02:00,52.8
05.08. 02:15,52.8
05.08. 02:30,52.8
05.08. 02:45,52.8
05.08. 03:00,45.0
05.08. 03:15,45.0
05.08. 03:30,45.0
05.08. 03:45,45.0
05.08. 04:00,43.3
05.08. 04:15,43.3
05.08. 04:30,43.3
05.08. 04:45,43.3
05.08. 05:00,45.3
05.08. 05:15,45.3
05.08. 05:30,45.3
05.08. 05:45,45.3
05.08. 06:00,45.4
05.08. 06:15,45.4
05.08. 06:30,45.4
05.08. 06:45,45.4
05.08. 07:00,54.8
05.08. 07:15,54.8
05.08. 07:30,54.8
05.08. 07:45,54.8
05.08. 08:00,85.8
05.08. 08:15,85.8
05.08. 08:30,85.8
05.08. 08:45,85.8
05.08. 09:00,148.4
05.08. 09:15,148.4
05.08. 09:30,148.4
05.08. 09:45,148.4
05.08. 10:00,205.3
05.08. 10:15,205.3
05.08. 10:30,205.3
05.08. 10:45,205.3
05.08. 11:00,233.2
05.08. 11:15,233.2
05.08. 11:30,233.2
05.08. 11:45,233.2
05.08. 12:00,247.5
05.08. 12:15,247.5
05.08. 12:30,247.5
05.08. 12:45,247.5
05.08. 13:00,223.7
05.08. 13:15,223.7
05.08. 13:30,223.7
05.08. 13:45,223.7
05.08. 14:00,237.5
05.08. 14:15,237.5
05.08. 14:30,237.5
05.08. 14:45,237.5
05.08. 15:00,193.8
05.08. 15:15,193.8
05.08. 15:30,193.8
05.08. 15:45,193.8
05.08. 16:00,192.3
05.08. 16:15,192.3
05.08. 16:30,192.3
05.08. 16:45,192.3
05.08. 17:00,177.5
05.08. 17:15,177.5
05.08. 17:30,177.5
05.08. 17:45,177.5
05.08. 18:00,177.5
05.08. 18:15,177.5
05.08. 18:30,177.5
05.08. 18:45,177.5
05.08. 19:00,166.1
05.08. 19:15,166.1
05.08. 19:30,166.1
05.08. 19:45,166.1
05.08. 20:00,192.0
05.08. 20:15,192.0
05.08. 20:30,192.0
05.08. 20:45,192.0
05.08. 21:00,164.5
05.08. 21:15,164.5
05.08. 21:30,164.5
05.08. 21:45,164.5
05.08. 22:00,156.2
05.08. 22:15,156.2
05.08. 22:30,156.2
05.08. 22:45,156.2
05.08. 23:00,101.6
05.08. 23:15,101.6
05.08. 23:30,101.6
05.08. 23:45,101.6
06.08. 00:00,60.7
06.08. 00:15,60.7
06.08. 00:30,60.7
06.08. 00:45,60.7
06.08. 01:00,56.2
06.08. 01:15,56.2
06.08. 01:30,56.2
06.08. 01:45,56.2
06.08. 02:00,50.3
06.08. 02:15,50.3
06.08. 02:30,50.3
06.08. 02:45,50.3
06.08. 03:00,53.4
06.08. 03:15,53.4
06.08. 03:30,53.4
06.08. 03:45,53.4
06.08. 04:00,63.0
06.08. 04:15,63.0
06.08. 04:30,63.0
06.08. 04:45,63.0
06.08. 05:00,77.5
06.08. 05:15,77.5
06.08. 05:30,77.5
06.08. 05:45,77.5
06.08. 06:00,140.8
06.08. 06:15,140.8
06.08. 06:30,140.8
06.08. 06:45,140.8
06.08. 07:00,168.6
06.08. 07:15,168.6
06.08. 07:30,168.6
06.08. 07:45,168.6
06.08. 08:00,158.0
06.08. 08:15,158.0
06.08. 08:30,158.0
06.08. 08:45,158.0
06.08. 09:00,164.7
06.08. 09:15,164.7
06.08. 09:30,164.7
06.08. 09:45,164.7
06.08. 10:00,164.1
06.08. 10:15,164.1
06.08. 10:30,164.1
06.08. 10:45,164.1
06.08. 11:00,167.6
06.08. 11:15,167.6
06.08. 11:30,167.6
06.08. 11:45,167.6
06.08. 12:00,194.0
06.08. 12:15,194.0
06.08. 12:30,194.0
06.08. 12:45,194.0
06.08. 13:00,190.2
06.08. 13:15,190.2
06.08. 13:30,190.2
06.08. 13:45,190.2
06.08. 14:00,161.1
06.08. 14:15,161.1
06.08. 14:30,161.1
06.08. 14:45,161.1
06.08. 15:00,153.6
06.08. 15:15,153.6
06.08. 15:30,153.6
06.08. 15:45,153.6
06.08. 16:00,146.4
06.08. 16:15,146.4
06.08. 16:30,146.4
06.08. 16:45,146.4
06.08. 17:00,165.8
06.08. 17:15,165.8
06.08. 17:30,165.8
06.08. 17:45,165.8
06.08. 18:00,191.6
06.08. 18:15,191.6
06.08. 18:30,191.6
06.08. 18:45,191.6
06.08. 19:00,208.4
06.08. 19:15,208.4
06.08. 19:30,208.4
06.08. 19:45,208.4
06.08. 20:00,198.7
06.08. 20:15,198.7
06.08. 20:30,198.7
06.08. 20:45,198.7
06.08. 21:00,200.0
06.08. 21:15,200.0
06.08. 21:30,200.0
06.08. 21:45,200.0
06.08. 22:00,152.9
06.08. 22:15,152.9
06.08. 22:30,152.9
06.08. 22:45,152.9
06.08. 23:00,122.0
06.08. 23:15,122.0
06.08. 23:30,122.0
06.08. 23:45,122.0
07.08. 00:00,77.4
07.08. 00:15,77.4
07.08. 00:30,77.4
07.08. 00:45,77.4
07.08. 01:00,62.7
07.08. 01:15,62.7
07.08. 01:30,62.7
07.08. 01:45,62.7
07.08. 02:00,54.8
07.08. 02:15,54.8
07.08. 02:30,54.8
07.08. 02:45,54.8
07.08. 03:00,53.4
07.08. 03:15,53.4
07.08. 03:30,53.4
07.08. 03:45,53.4
07.08. 04:00,58.6
07.08. 04:15,58.6
07.08. 04:30,58.6
07.08. 04:45,58.6
07.08. 05:00,86.5
07.08. 05:15,86.5
07.08. 05:30,86.5
07.08. 05:45,86.5
07.08. 06:00,133.2
07.08. 06:15,133.2
07.08. 06:30,133.2
07.08. 06:45,133.2
07.08. 07:00,171.8
07.08. 07:15,171.8
07.08. 07:30,171.8
07.08. 07:45,171.8
07.08. 08:00,191.8
07.08. 08:15,191.8
07.08. 08:30,191.8
07.08. 08:45,191.8
07.08. 09:00,195.0
07.08. 09:15,195.0
07.08. 09:30,195.0
07.08. 09:45,195.0
07.08. 10:00,200.5
07.08. 10:15,200.5
07.08. 10:30,200.5
07.08. 10:45,200.5
07.08. 11:00,199.9
07.08. 11:15,199.9
07.08. 11:30,199.9
07.08. 11:45,199.9
07.08. 12:00,246.9
07.08. 12:15,246.9
07.08. 12:30,246.9
07.08. 12:45,246.9
07.08. 13:00,233.6
07.08. 13:15,233.6
07.08. 13:30,233.6
07.08. 13:45,233.6
07.08. 14:00,239.0
07.08. 14:15,239.0
07.08. 14:30,239.0
07.08. 14:45,239.0
07.08. 15:00,200.9
07.08. 15:15,200.9
07.08. 15:30,200.9
07.08. 15:45,200.9
07.08. 16:00,193.0
07.08. 16:15,193.0
07.08. 16:30,193.0
07.08. 16:45,193.0
07.08. 17:00,208.7
07.08. 17:15,208.7
07.08. 17:30,208.7
07.08. 17:45,208.7
07.08. 18:00,221.4
07.08. 18:15,221.4
07.08. 18:30,221.4
07.08. 18:45,221.4
07.08. 19:00,257.6
07.08. 19:15,257.6
07.08. 19:30,257.6
07.08. 19:45,257.6
07.08. 20:00,223.3
07.08. 20:15,223.3
07.08. 20:30,223.3
07.08. 20:45,223.3
07.08. 21:00,193.0
07.08. 21:15,193.0
07.08. 21:30,193.0
07.08. 21:45,193.0
07.08. 22:00,155.1
07.08. 22:15,155.1
07.08. 22:30,155.1
07.08. 22:45,155.1
07.08. 23:00,113.0
07.08. 23:15,113.0
07.08. 23:30,113.0
07.08. 23:45,113.0
08.08. 00:00,69.1
08.08. 00:15,69.1
08.08. 00:30,69.1
08.08. 00:45,69.1
08.08. 01:00,55.4
08.08. 01:15,55.4
08.08. 01:30,55.4
08.08. 01:45,55.4
08.08. 02:00,51.0
08.08. 02:15,51.0
08.08. 02:30,51.0
08.08. 02:45,51.0
08.08. 03:00,48.4
08.08. 03:15,48.4
08.08. 03:30,48.4
08.08. 03:45,48.4
08.08. 04:00,57.8
08.08. 04:15,57.8
08.08. 04:30,57.8
08.08. 04:45,57.8
08.08. 05:00,77.4
08.08. 05:15,77.4
08.08. 05:30,77.4
08.08. 05:45,77.4
08.08. 06:00,130.0
08.08. 06:15,130.0
08.08. 06:30,130.0
08.08. 06:45,130.0
08.08. 07:00,175.2
08.08. 07:15,175.2
08.08. 07:30,175.2
08.08. 07:45,175.2
08.08. 08:00,184.1
08.08. 08:15,184.1
08.08. 08:30,184.1
08.08. 08:45,184.1
08.08. 09:00,197.5
08.08. 09:15,197.5
08.08. 09:30,197.5
08.08. 09:45,197.5
08.08. 10:00,219.7
08.08. 10:15,219.7
08.08. 10:30,219.7
08.08. 10:45,219.7
08.08. 11:00,220.5
08.08. 11:15,220.5
08.08. 11:30,220.5
08.08. 11:45,220.5
08.08. 12:00,244.4
08.08. 12:15,244.4
08.08. 12:30,244.4
08.08. 12:45,244.4
08.08. 13:00,243.1
08.08. 13:15,243.1
08.08. 13:30,243.1
08.08. 13:45,243.1
08.08. 14:00,228.1
08.08. 14:15,228.1
08.08. 14:30,228.1
08.08. 14:45,228.1
08.08. 15:00,217.8
08.08. 15:15,217.8
08.08. 15:30,217.8
08.08. 15:45,217.8
08.08. 16:00,212.2
08.08. 16:15,212.2
08.08. 16:30,212.2
08.08. 16:45,212.2
08.08. 17:00,215.2
08.08. 17:15,215.2
08.08. 17:30,215.2
08.08. 17:45,215.2
08.08. 18:00,232.3
08.08. 18:15,232.3
08.08. 18:30,232.3
08.08. 18:45,232.3
08.08. 19:00,239.5
08.08. 19:15,239.5
08.08. 19:30,239.5
08.08. 19:45,239.5
08.08. 20:00,262.9
08.08. 20:15,262.9
08.08. 20:30,262.9
08.08. 20:45,262.9
08.08. 21:00,216.8
08.08. 21:15,216.8
08.08. 21:30,216.8
08.08. 21:45,216.8
08.08. 22:00,166.0
08.08. 22:15,166.0
08.08. 22:30,166.0
08.08. 22:45,166.0
08.08. 23:00,117.8
08.08. 23:15,117.8
08.08. 23:30,117.8
08.08. 23:45,117.8
09.08. 00:00,76.2
09.08. 00:15,76.2
09.08. 00:30,76.2
09.08. 00:45,76.2
09.08. 01:00,58.1
09.08. 01:15,58.1
09.08. 01:30,58.1
09.08. 01:45,58.1
09.08. 02:00,49.8
09.08. 02:15,49.8
09.08. 02:30,49.8
09.08. 02:45,49.8
09.08. 03:00,47.6
09.08. 03:15,47.6
09.08. 03:30,47.6
09.08. 03:45,47.6
09.08. 04:00,56.6
09.08. 04:15,56.6
09.08. 04:30,56.6
09.08. 04:45,56.6
09.08. 05:00,77.2
09.08. 05:15,77.2
09.08. 05:30,77.2
09.08. 05:45,77.2
09.08. 06:00,139.0
09.08. 06:15,139.0
09.08. 06:30,139.0
09.08. 06:45,139.0
09.08. 07:00,180.9
09.08. 07:15,180.9
09.08. 07:30,180.9
09.08. 07:45,180.9
09.08. 08:00,203.9
09.08. 08:15,203.9
09.08. 08:30,203.9
09.08. 08:45,203.9
09.08. 09:00,227.1
09.08. 09:15,227.1
09.08. 09:30,227.1
09.08. 09:45,227.1
09.08. 10:00,237.7
09.08. 10:15,237.7
09.08. 10:30,237.7
09.08. 10:45,237.7
09.08. 11:00,233.4
09.08. 11:15,233.4
09.08. 11:30,233.4
09.08. 11:45,233.4
09.08. 12:00,268.0
09.08. 12:15,268.0
09.08. 12:30,268.0
09.08. 12:45,268.0
09.08. 13:00,258.0
09.08. 13:15,258.0
09.08. 13:30,258.0
09.08. 13:45,258.0
09.08. 14:00,276.9
09.08. 14:15,276.9
09.08. 14:30,276.9
09.08. 14:45,276.9
09.08. 15:00,249.9
09.08. 15:15,249.9
09.08. 15:30,249.9
09.08. 15:45,249.9
09.08. 16:00,265.3
09.08. 16:15,265.3
09.08. 16:30,265.3
09.08. 16:45,265.3
09.08. 17:00,240.6
09.08. 17:15,240.6
09.08. 17:30,240.6
09.08. 17:45,240.6
09.08. 18:00,270.9
09.08. 18:15,270.9
09.08. 18:30,270.9
09.08. 18:45,270.9
09.08. 19:00,260.9
09.08. 19:15,260.9
09.08. 19:30,260.9
09.08. 19:45,260.9
09.08. 20:00,277.4
09.08. 20:15,277.4
09.08. 20:30,277.4
09.08. 20:45,277.4
09.08. 21:00,252.6
09.08. 21:15,252.6
09.08. 21:30,252.6
09.08. 21:45,252.6
09.08. 22:00,185.3
09.08. 22:15,185.3
09.08. 22:30,185.3
09.08. 22:45,185.3
09.08. 23:00,127.1
09.08. 23:15,127.1
09.08. 23:30,127.1
09.08. 23:45,127.1
10.08. 00:00,89.3
10.08. 00:15,89.3
10.08. 00:30,89.3
10.08. 00:45,89.3
10.08. 01:00,69.0
10.08. 01:15,69.0
10.08. 01:30,69.0
10.08. 01:45,69.0
10.08. 02:00,53.6
10.08. 02:15,53.6
10.08. 02:30,53.6
10.08. 02:45,53.6
10.08. 03:00,50.2
10.08. 03:15,50.2
10.08. 03:30,50.2
10.08. 03:45,50.2
10.08. 04:00,59.6
10.08. 04:15,59.6
10.08. 04:30,59.6
10.08. 04:45,59.6
10.08. 05:00,77.2
10.08. 05:15,77.2
10.08. 05:30,77.2
10.08. 05:45,77.2
10.08. 06:00,133.3
10.08. 06:15,133.3
10.08. 06:30,133.3
10.08. 06:45,133.3
10.08. 07:00,209.0
10.08. 07:15,209.0
10.08. 07:30,209.0
10.08. 07:45,209.0
10.08. 08:00,229.5
10.08. 08:15,229.5
10.08. 08:30,229.5
10.08. 08:45,229.5
10.08. 09:00,240.6
10.08. 09:15,240.6
10.08. 09:30,240.6
10.08. 09:45,240.6
10.08. 10:00,266.8
10.08. 10:15,266.8
10.08. 10:30,266.8
10.08. 10:45,266.8
10.08. 11:00,289.3
10.08. 11:15,289.3
10.08. 11:30,289.3
10.08. 11:45,289.3
10.08. 12:00,314.4
10.08. 12:15,314.4
10.08. 12:30,314.4
10.08. 12:45,314.4
10.08. 13:00,352.7
10.08. 13:15,352.7
10.08. 13:30,352.7
10.08. 13:45,352.7
10.08. 14:00,309.4
10.08. 14:15,309.4
10.08. 14:30,309.4
10.08. 14:45,309.4
10.08. 15:00,306.9
10.08. 15:15,306.9
10.08. 15:30,306.9
10.08. 15:45,306.9
10.08. 16:00,321.3
10.08. 16:15,321.3
10.08. 16:30,321.3
10.08. 16:45,321.3
10.08. 17:00,279.3
10.08. 17:15,279.3
10.08. 17:30,279.3
10.08. 17:45,279.3
10.08. 18:00,304.8
10.08. 18:15,304.8
10.08. 18:30,304.8
10.08. 18:45,304.8
10.08. 19:00,325.4
10.08. 19:15,325.4
10.08. 19:30,325.4
10.08. 19:45,325.4
10.08. 20:00,290.6
10.08. 20:15,290.6
10.08. 20:30,290.6
10.08. 20:45,290.6
10.08. 21:00,269.2
10.08. 21:15,269.2
10.08. 21:30,269.2
10.08. 21:45,269.2
10.08. 22:00,205.0
10.08. 22:15,205.0
10.08. 22:30,205.0
10.08. 22:45,205.0
10.08. 23:00,156.4
10.08. 23:15,156.4
10.08. 23:30,156.4
10.08. 23:45,156.4
11.08. 00:00,97.0
11.08. 00:15,97.0
11.08. 00:30,97.0
11.08. 00:45,97.0
11.08. 01:00,76.6
11.08. 01:15,76.6
11.08. 01:30,76.6
11.08. 01:45,76.6
11.08. 02:00,63.9
11.08. 02:15,63.9
11.08. 02:30,63.9
11.08. 02:45,63.9
11.08. 03:00,50.6
11.08. 03:15,50.6
11.08. 03:30,50.6
11.08. 03:45,50.6
11.08. 04:00,57.4
11.08. 04:15,57.4
11.08. 04:30,57.4
11.08. 04:45,57.4
11.08. 05:00,59.1
11.08. 05:15,59.1
11.08. 05:30,59.1
11.08. 05:45,59.1
11.08. 06:00,92.7
11.08. 06:15,92.7
11.08. 06:30,92.7
11.08. 06:45,92.7
11.08. 07:00,161.4
11.08. 07:15,161.4
11.08. 07:30,161.4
11.08. 07:45,161.4
11.08. 08:00,221.5
11.08. 08:15,221.5
11.08. 08:30,221.5
11.08. 08:45,221.5
11.08. 09:00,282.4
11.08. 09:15,282.4
11.08. 09:30,282.4
11.08. 09:45,282.4
11.08. 10:00,322.5
11.08. 10:15,322.5
11.08. 10:30,322.5
11.08. 10:45,322.5
11.08. 11:00,365.9
11.08. 11:15,365.9
11.08. 11:30,365.9
11.08. 11:45,365.9
11.08. 12:00,404.5
11.08. 12:15,404.5
11.08. 12:30,404.5
11.08. 12:45,404.5
11.08. 13:00,367.0
11.08. 13:15,367.0
11.08. 13:30,367.0
11.08. 13:45,367.0
11.08. 14:00,410.8
11.08. 14:15,410.8
11.08. 14:30,410.8
11.08. 14:45,410.8
11.08. 15:00,396.8
11.08. 15:15,396.8
11.08. 15:30,396.8
11.08. 15:45,396.8
11.08. 16:00,395.3
11.08. 16:15,395.3
11.08. 16:30,395.3
11.08. 16:45,395.3
11.08. 17:00,330.9
11.08. 17:15,330.9
11.08. 17:30,330.9
11.08. 17:45,330.9
11.08. 18:00,347.3
11.08. 18:15,347.3
11.08. 18:30,347.3
11.08. 18:45,347.3
11.08. 19:00,350.1
11.08. 19:15,350.1
11.08. 19:30,350.1
11.08. 19:45,350.1
11.08. 20:00,322.2
11.08. 20:15,322.2
11.08. 20:30,322.2
11.08. 20:45,322.2
11.08. 21:00,265.2
11.08. 21:15,265.2
11.08. 21:30,265.2
11.08. 21:45,265.2
11.08. 22:00,207.7
11.08. 22:15,207.7
11.08. 22:30,207.7
11.08. 22:45,207.7
11.08. 23:00,146.3
11.08. 23:15,146.3
11.08. 23:30,146.3
11.08. 23:45,146.3
12.08. 00:00,109.7
12.08. 00:15,109.7
12.08. 00:30,109.7
12.08. 00:45,109.7
12.08. 01:00,91.8
12.08. 01:15,91.8
12.08. 01:30,91.8
12.08. 01:45,91.8
12.08. 02:00,78.4
12.08. 02:15,78.4
12.08. 02:30,78.4
12.08. 02:45,78.4
12.08. 03:00,70.0
12.08. 03:15,70.0
12.08. 03:30,70.0
12.08. 03:45,70.0
12.08. 04:00,64.5
12.08. 04:15,64.5
12.08. 04:30,64.5
12.08. 04:45,64.5
12.08. 05:00,66.1
12.08. 05:15,66.1
12.08. 05:30,66.1
12.08. 05:45,66.1
12.08. 06:00,96.2
12.08. 06:15,96.2
12.08. 06:30,96.2
12.08. 06:45,96.2
12.08. 07:00,133.7
12.08. 07:15,133.7
12.08. 07:30,133.7
12.08. 07:45,133.7
12.08. 08:00,200.5
12.08. 08:15,200.5
12.08. 08:30,200.5
12.08. 08:45,200.5
12.08. 09:00,295.1
12.08. 09:15,295.1
12.08. 09:30,295.1
12.08. 09:45,295.1
12.08. 10:00,363.2
12.08. 10:15,363.2
12.08. 10:30,363.2
12.08. 10:45,363.2
12.08. 11:00,428.4
12.08. 11:15,428.4
12.08. 11:30,428.4
12.08. 11:45,428.4
12.08. 12:00,516.9
12.08. 12:15,516.9
12.08. 12:30,516.9
12.08. 12:45,516.9
12.08. 13:00,496.3
12.08. 13:15,496.3
12.08. 13:30,496.3
12.08. 13:45,496.3
12.08. 14:00,453.4
12.08. 14:15,453.4
12.08. 14:30,453.4
12.08. 14:45,453.4
12.08. 15:00,418.0
12.08. 15:15,418.0
12.08. 15:30,418.0
12.08. 15:45,418.0
12.08. 16:00,385.1
12.08. 16:15,385.1
12.08. 16:30,385.1
12.08. 16:45,385.1
12.08. 17:00,367.0
12.08. 17:15,367.0
12.08. 17:30,367.0
12.08. 17:45,367.0
12.08. 18:00,328.7
12.08. 18:15,328.7
12.08. 18:30,328.7
12.08. 18:45,328.7
12.08. 19:00,321.3
12.08. 19:15,321.3
12.08. 19:30,321.3
12.08. 19:45,321.3
12.08. 20:00,298.0
12.08. 20:15,298.0
12.08. 20:30,298.0
12.08. 20:45,298.0
12.08. 21:00,249.4
12.08. 21:15,249.4
12.08. 21:30,249.4
12.08. 21:45,249.4
12.08. 22:00,193.3
12.08. 22:15,193.3
12.08. 22:30,193.3
12.08. 22:45,193.3
12.08. 23:00,158.2
12.08. 23:15,158.2
12.08. 23:30,158.2
12.08. 23:45,158.2
13.08. 00:00,106.6
13.08. 00:15,106.6
13.08. 00:30,106.6
13.08. 00:45,106.6
13.08. 01:00,85.4
13.08. 01:15,85.4
13.08. 01:30,85.4
13.08. 01:45,85.4
13.08. 02:00,59.8
13.08. 02:15,59.8
13.08. 02:30,59.8
13.08. 02:45,59.8
13.08. 03:00,50.4
13.08. 03:15,50.4
13.08. 03:30,50.4
13.08. 03:45,50.4
13.08. 04:00,62.5
13.08. 04:15,62.5
13.08. 04:30,62.5
13.08. 04:45,62.5
13.08. 05:00,80.4
13.08. 05:15,80.4
13.08. 05:30,80.4
13.08. 05:45,80.4
13.08. 06:00,170.5
13.08. 06:15,170.5
13.08. 06:30,170.5
13.08. 06:45,170.5
13.08. 07:00,240.0
13.08. 07:15,240.0
13.08. 07:30,240.0
13.08. 07:45,240.0
13.08. 08:00,246.0
13.08. 08:15,246.0
13.08. 08:30,246.0
13.08. 08:45,246.0
13.08. 09:00,263.7
13.08. 09:15,263.7
13.08. 09:30,263.7
13.08. 09:45,263.7
13.08. 10:00,317.8
13.08. 10:15,317.8
13.08. 10:30,317.8
13.08. 10:45,317.8
13.08. 11:00,336.3
13.08. 11:15,336.3
13.08. 11:30,336.3
13.08. 11:45,336.3
13.08. 12:00,342.0
13.08. 12:15,342.0
13.08. 12:30,342.0
13.08. 12:45,342.0
13.08. 13:00,371.6
13.08. 13:15,371.6
13.08. 13:30,371.6
13.08. 13:45,371.6
13.08. 14:00,364.1
13.08. 14:15,364.1
13.08. 14:30,364.1
13.08. 14:45,364.1
13.08. 15:00,376.7
13.08. 15:15,376.7
13.08. 15:30,376.7
13.08. 15:45,376.7
13.08. 16:00,361.1
13.08. 16:15,361.1
13.08. 16:30,361.1
13.08. 16:45,361.1
13.08. 17:00,342.3
13.08. 17:15,342.3
13.08. 17:30,342.3
13.08. 17:45,342.3
13.08. 18:00,317.4
13.08. 18:15,317.4
13.08. 18:30,317.4
13.08. 18:45,317.4
13.08. 19:00,342.6
13.08. 19:15,342.6
13.08. 19:30,342.6
13.08. 19:45,342.6
13.08. 20:00,302.1
13.08. 20:15,302.1
13.08. 20:30,302.1
13.08. 20:45,302.1
13.08. 21:00,257.3
13.08. 21:15,257.3
13.08. 21:30,257.3
13.08. 21:45,257.3
13.08. 22:00,216.8
13.08. 22:15,216.8
13.08. 22:30,216.8
13.08. 22:45,216.8
13.08. 23:00,172.6
13.08. 23:15,172.6
13.08. 23:30,172.6
13.08. 23:45,172.6
14.08. 00:00,118.0
14.08. 00:15,118.0
14.08. 00:30,118.0
14.08. 00:45,118.0
14.08. 01:00,89.4
14.08. 01:15,89.4
14.08. 01:30,89.4
14.08. 01:45,89.4
14.08. 02:00,60.2
14.08. 02:15,60.2
14.08. 02:30,60.2
14.08. 02:45,60.2
14.08. 03:00,58.5
14.08. 03:15,58.5
14.08. 03:30,58.5
14.08. 03:45,58.5
14.08. 04:00,60.0
14.08. 04:15,60.0
14.08. 04:30,60.0
14.08. 04:45,60.0
14.08. 05:00,83.9
14.08. 05:15,83.9
14.08. 05:30,83.9
14.08. 05:45,83.9
14.08. 06:00,180.4
14.08. 06:15,180.4
14.08. 06:30,180.4
14.08. 06:45,180.4
14.08. 07:00,214.8
14.08. 07:15,214.8
14.08. 07:30,214.8
14.08. 07:45,214.8
14.08. 08:00,238.2
14.08. 08:15,238.2
14.08. 08:30,238.2
14.08. 08:45,238.2
14.08. 09:00,267.6
14.08. 09:15,267.6
14.08. 09:30,267.6
14.08. 09:45,267.6
14.08. 10:00,285.4
14.08. 10:15,285.4
14.08. 10:30,285.4
14.08. 10:45,285.4
14.08. 11:00,324.1
14.08. 11:15,324.1
14.08. 11:30,324.1
14.08. 11:45,324.1
14.08. 12:00,342.5
14.08. 12:15,342.5
14.08. 12:30,342.5
14.08. 12:45,342.5
14.08. 13:00,395.1
14.08. 13:15,395.1
14.08. 13:30,395.1
14.08. 13:45,395.1
14.08. 14:00,386.6
14.08. 14:15,386.6
14.08. 14:30,386.6
14.08. 14:45,386.6
14.08. 15:00,372.1
14.08. 15:15,372.1
14.08. 15:30,372.1
14.08. 15:45,372.1
14.08. 16:00,336.0
14.08. 16:15,336.0
14.08. 16:30,336.0
14.08. 16:45,336.0
14.08. 17:00,353.5
14.08. 17:15,353.5
14.08. 17:30,353.5
14.08. 17:45,353.5
14.08. 18:00,338.0
14.08. 18:15,338.0
14.08. 18:30,338.0
14.08. 18:45,338.0
14.08. 19:00,333.5
14.08. 19:15,333.5
14.08. 19:30,333.5
14.08. 19:45,333.5
14.08. 20:00,310.9
14.08. 20:15,310.9
14.08. 20:30,310.9
14.08. 20:45,310.9
14.08. 21:00,273.3
14.08. 21:15,273.3
14.08. 21:30,273.3
14.08. 21:45,273.3
14.08. 22:00,215.0
14.08. 22:15,215.0
14.08. 22:30,215.0
14.08. 22:45,215.0
14.08. 23:00,165.8
14.08. 23:15,165.8
14.08. 23:30,165.8
14.08. 23:45,165.8
15.08. 00:00,105.0
15.08. 00:15,105.0
15.08. 00:30,105.0
15.08. 00:45,105.0
15.08. 01:00,100.2
15.08. 01:15,100.2
15.08. 01:30,100.2
15.08. 01:45,100.2
15.08. 02:00,83.4
15.08. 02:15,83.4
15.08. 02:30,83.4
15.08. 02:45,83.4
15.08. 03:00,74.9
15.08. 03:15,74.9
15.08. 03:30,74.9
15.08. 03:45,74.9
15.08. 04:00,88.6
15.08. 04:15,88.6
15.08. 04:30,88.6
15.08. 04:45,88.6
15.08. 05:00,105.4
15.08. 05:15,105.4
15.08. 05:30,105.4
15.08. 05:45,105.4
15.08. 06:00,161.5
15.08. 06:15,161.5
15.08. 06:30,161.5
15.08. 06:45,161.5
15.08. 07:00,200.7
15.08. 07:15,200.7
15.08. 07:30,200.7
15.08. 07:45,200.7
15.08. 08:00,214.5
15.08. 08:15,214.5
15.08. 08:30,214.5
15.08. 08:45,214.5
15.08. 09:00,217.2
15.08. 09:15,217.2
15.08. 09:30,217.2
15.08. 09:45,217.2
15.08. 10:00,223.0
15.08. 10:15,223.0
15.08. 10:30,223.0
15.08. 10:45,223.0
15.08. 11:00,216.0
15.08. 11:15,216.0
15.08. 11:30,216.0
15.08. 11:45,216.0
15.08. 12:00,244.8
15.08. 12:15,244.8
15.08. 12:30,244.8
15.08. 12:45,244.8
15.08. 13:00,250.3
15.08. 13:15,250.3
15.08. 13:30,250.3
15.08. 13:45,250.3
15.08. 14:00,253.7
15.08. 14:15,253.7
15.08. 14:30,253.7
15.08. 14:45,253.7
15.08. 15:00,231.3
15.08. 15:15,231.3
15.08. 15:30,231.3
15.08. 15:45,231.3
15.08. 16:00,248.6
15.08. 16:15,248.6
15.08. 16:30,248.6
15.08. 16:45,248.6
15.08. 17:00,223.8
15.08. 17:15,223.8
15.08. 17:30,223.8
15.08. 17:45,223.8
15.08. 18:00,254.7
15.08. 18:15,254.7
15.08. 18:30,254.7
15.08. 18:45,254.7
15.08. 19:00,259.3
15.08. 19:15,259.3
15.08. 19:30,259.3
15.08. 19:45,259.3
15.08. 20:00,289.5
15.08. 20:15,289.5
15.08. 20:30,289.5
15.08. 20:45,289.5
15.08. 21:00,233.4
15.08. 21:15,233.4
15.08. 21:30,233.4
15.08. 21:45,233.4
15.08. 22:00,185.5
15.08. 22:15,185.5
15.08. 22:30,185.5
15.08. 22:45,185.5
15.08. 23:00,140.0
15.08. 23:15,140.0
15.08. 23:30,140.0
15.08. 23:45,140.0
16.08. 00:00,89.5
16.08. 00:15,89.5
16.08. 00:30,89.5
16.08. 00:45,89.5
16.08. 01:00,95.5
16.08. 01:15,95.5
16.08. 01:30,95.5
16.08. 01:45,95.5
16.08. 02:00,77.4
16.08. 02:15,77.4
16.08. 02:30,77.4
16.08. 02:45,77.4
16.08. 03:00,57.7
16.08. 03:15,57.7
16.08. 03:30,57.7
16.08. 03:45,57.7
16.08. 04:00,59.8
16.08. 04:15,59.8
16.08. 04:30,59.8
16.08. 04:45,59.8
16.08. 05:00,79.0
16.08. 05:15,79.0
16.08. 05:30,79.0
16.08. 05:45,79.0
16.08. 06:00,158.9
16.08. 06:15,158.9
16.08. 06:30,158.9
16.08. 06:45,158.9
16.08. 07:00,198.0
16.08. 07:15,198.0
16.08. 07:30,198.0
16.08. 07:45,198.0
16.08. 08:00,199.2
16.08. 08:15,199.2
16.08. 08:30,199.2
16.08. 08:45,199.2
16.08. 09:00,251.9
16.08. 09:15,251.9
16.08. 09:30,251.9
16.08. 09:45,251.9
16.08. 10:00,260.2
16.08. 10:15,260.2
16.08. 10:30,260.2
16.08. 10:45,260.2
16.08. 11:00,300.5
16.08. 11:15,300.5
16.08. 11:30,300.5
16.08. 11:45,300.5
16.08. 12:00,331.0
16.08. 12:15,331.0
16.08. 12:30,331.0
16.08. 12:45,331.0
16.08. 13:00,342.0
16.08. 13:15,342.0
16.08. 13:30,342.0
16.08. 13:45,342.0
16.08. 14:00,300.4
16.08. 14:15,300.4
16.08. 14:30,300.4
16.08. 14:45,300.4
16.08. 15:00,301.1
16.08. 15:15,301.1
16.08. 15:30,301.1
16.08. 15:45,301.1
16.08. 16:00,281.1
16.08. 16:15,281.1
16.08. 16:30,281.1
16.08. 16:45,281.1
16.08. 17:00,294.1
16.08. 17:15,294.1
16.08. 17:30,294.1
16.08. 17:45,294.1
16.08. 18:00,280.2
16.08. 18:15,280.2
16.08. 18:30,280.2
16.08. 18:45,280.2
16.08. 19:00,331.2
16.08. 19:15,331.2
16.08. 19:30,331.2
16.08. 19:45,331.2
16.08. 20:00,302.4
16.08. 20:15,302.4
16.08. 20:30,302.4
16.08. 20:45,302.4
16.08. 21:00,268.4
16.08. 21:15,268.4
16.08. 21:30,268.4
16.08. 21:45,268.4
16.08. 22:00,216.6
16.08. 22:15,216.6
16.08. 22:30,216.6
16.08. 22:45,216.6
16.08. 23:00,160.1
16.08. 23:15,160.1
16.08. 23:30,160.1
16.08. 23:45,160.1
17.08. 00:00,88.0
17.08. 00:15,88.0
17.08. 00:30,88.0
17.08. 00:45,88.0
17.08. 01:00,63.8
17.08. 01:15,63.8
17.08. 01:30,63.8
17.08. 01:45,63.8
17.08. 02:00,51.2
17.08. 02:15,51.2
17.08. 02:30,51.2
17.08. 02:45,51.2
17.08. 03:00,44.6
17.08. 03:15,44.6
17.08. 03:30,44.6
17.08. 03:45,44.6
17.08. 04:00,55.5
17.08. 04:15,55.5
17.08. 04:30,55.5
17.08. 04:45,55.5
17.08. 05:00,80.6
17.08. 05:15,80.6
17.08. 05:30,80.6
17.08. 05:45,80.6
17.08. 06:00,157.9
17.08. 06:15,157.9
17.08. 06:30,157.9
17.08. 06:45,157.9
17.08. 07:00,190.6
17.08. 07:15,190.6
17.08. 07:30,190.6
17.08. 07:45,190.6
17.08. 08:00,212.6
17.08. 08:15,212.6
17.08. 08:30,212.6
17.08. 08:45,212.6
17.08. 09:00,204.5
17.08. 09:15,204.5
17.08. 09:30,204.5
17.08. 09:45,204.5
17.08. 10:00,205.3
17.08. 10:15,205.3
17.08. 10:30,205.3
17.08. 10:45,205.3
17.08. 11:00,196.9
17.08. 11:15,196.9
17.08. 11:30,196.9
17.08. 11:45,196.9
17.08. 12:00,230.8
17.08. 12:15,230.8
17.08. 12:30,230.8
17.08. 12:45,230.8
17.08. 13:00,224.3
17.08. 13:15,224.3
17.08. 13:30,224.3
17.08. 13:45,224.3
17.08. 14:00,202.3
17.08. 14:15,202.3
17.08. 14:30,202.3
17.08. 14:45,202.3
17.08. 15:00,205.1
17.08. 15:15,205.1
17.08. 15:30,205.1
17.08. 15:45,205.1
17.08. 16:00,212.0
17.08. 16:15,212.0
17.08. 16:30,212.0
17.08. 16:45,212.0
17.08. 17:00,209.4
17.08. 17:15,209.4
17.08. 17:30,209.4
17.08. 17:45,209.4
17.08. 18:00,216.6
17.08. 18:15,216.6
17.08. 18:30,216.6
17.08. 18:45,216.6
17.08. 19:00,237.7
17.08. 19:15,237.7
17.08. 19:30,237.7
17.08. 19:45,237.7
17.08. 20:00,235.1
17.08. 20:15,235.1
17.08. 20:30,235.1
17.08. 20:45,235.1
17.08. 21:00,222.2
17.08. 21:15,222.2
17.08. 21:30,222.2
17.08. 21:45,222.2
17.08. 22:00,177.7
17.08. 22:15,177.7
17.08. 22:30,177.7
17.08. 22:45,177.7
17.08. 23:00,123.3
17.08. 23:15,123.3
17.08. 23:30,123.3
17.08. 23:45,123.3
18.08. 00:00,74.5
18.08. 00:15,74.5
18.08. 00:30,74.5
18.08. 00:45,74.5
18.08. 01:00,60.7
18.08. 01:15,60.7
18.08. 01:30,60.7
18.08. 01:45,60.7
18.08. 02:00,54.5
18.08. 02:15,54.5
18.08. 02:30,54.5
18.08. 02:45,54.5
18.08. 03:00,43.8
18.08. 03:15,43.8
18.08. 03:30,43.8
18.08. 03:45,43.8
18.08. 04:00,47.8
18.08. 04:15,47.8
18.08. 04:30,47.8
18.08. 04:45,47.8
18.08. 05:00,55.3
18.08. 05:15,55.3
18.08. 05:30,55.3
18.08. 05:45,55.3
18.08. 06:00,65.9
18.08. 06:15,65.9
18.08. 06:30,65.9
18.08. 06:45,65.9
18.08. 07:00,98.4
18.08. 07:15,98.4
18.08. 07:30,98.4
18.08. 07:45,98.4
18.08. 08:00,160.5
18.08. 08:15,160.5
18.08. 08:30,160.5
18.08. 08:45,160.5
18.08. 09:00,228.2
18.08. 09:15,228.2
18.08. 09:30,228.2
18.08. 09:45,228.2
18.08. 10:00,251.0
18.08. 10:15,251.0
18.08. 10:30,251.0
18.08. 10:45,251.0
18.08. 11:00,277.1
18.08. 11:15,277.1
18.08. 11:30,277.1
18.08. 11:45,277.1
18.08. 12:00,266.8
18.08. 12:15,266.8
18.08. 12:30,266.8
18.08. 12:45,266.8
18.08. 13:00,287.9
18.08. 13:15,287.9
18.08. 13:30,287.9
18.08. 13:45,287.9
18.08. 14:00,275.2
18.08. 14:15,275.2
18.08. 14:30,275.2
18.08. 14:45,275.2
18.08. 15:00,250.5
18.08. 15:15,250.5
18.08. 15:30,250.5
18.08. 15:45,250.5
18.08. 16:00,237.1
18.08. 16:15,237.1
18.08. 16:30,237.1
18.08. 16:45,237.1
18.08. 17:00,275.4
18.08. 17:15,275.4
18.08. 17:30,275.4
18.08. 17:45,275.4
18.08. 18:00,271.8
18.08. 18:15,271.8
18.08. 18:30,271.8
18.08. 18:45,271.8
18.08. 19:00,278.5
18.08. 19:15,278.5
18.08. 19:30,278.5
18.08. 19:45,278.5
18.08. 20:00,231.9
18.08. 20:15,231.9
18.08. 20:30,231.9
18.08. 20:45,231.9
18.08. 21:00,205.2
18.08. 21:15,205.2
18.08. 21:30,205.2
18.08. 21:45,205.2
18.08. 22:00,132.9
18.08. 22:15,132.9
18.08. 22:30,132.9
18.08. 22:45,132.9
18.08. 23:00,103.0
18.08. 23:15,103.0
18.08. 23:30,103.0
18.08. 23:45,103.0
19.08. 00:00,90.1
19.08. 00:15,90.1
19.08. 00:30,90.1
19.08. 00:45,90.1
19.08. 01:00,74.4
19.08. 01:15,74.4
19.08. 01:30,74.4
19.08. 01:45,74.4
19.08. 02:00,63.0
19.08. 02:15,63.0
19.08. 02:30,63.0
19.08. 02:45,63.0
19.08. 03:00,56.1
19.08. 03:15,56.1
19.08. 03:30,56.1
19.08. 03:45,56.1
19.08. 04:00,51.1
19.08. 04:15,51.1
19.08. 04:30,51.1
19.08. 04:45,51.1
19.08. 05:00,52.4
19.08. 05:15,52.4
19.08. 05:30,52.4
19.08. 05:45,52.4
19.08. 06:00,57.2
19.08. 06:15,57.2
19.08. 06:30,57.2
19.08. 06:45,57.2
19.08. 07:00,82.7
19.08. 07:15,82.7
19.08. 07:30,82.7
19.08. 07:45,82.7
19.08. 08:00,127.6
19.08. 08:15,127.6
19.08. 08:30,127.6
19.08. 08:45,127.6
19.08. 09:00,199.2
19.08. 09:15,199.2
19.08. 09:30,199.2
19.08. 09:45,199.2
19.08. 10:00,286.7
19.08. 10:15,286.7
19.08. 10:30,286.7
19.08. 10:45,286.7
19.08. 11:00,296.1
19.08. 11:15,296.1
19.08. 11:30,296.1
19.08. 11:45,296.1
19.08. 12:00,326.7
19.08. 12:15,326.7
19.08. 12:30,326.7
19.08. 12:45,326.7
19.08. 13:00,319.4
19.08. 13:15,319.4
19.08. 13:30,319.4
19.08. 13:45,319.4
19.08. 14:00,299.0
19.08. 14:15,299.0
19.08. 14:30,299.0
19.08. 14:45,299.0
19.08. 15:00,278.3
19.08. 15:15,278.3
19.08. 15:30,278.3
19.08. 15:45,278.3
19.08. 16:00,262.8
19.08. 16:15,262.8
19.08. 16:30,262.8
19.08. 16:45,262.8
19.08. 17:00,252.7
19.08. 17:15,252.7
19.08. 17:30,252.7
19.08. 17:45,252.7
19.08. 18:00,221.5
19.08. 18:15,221.5
19.08. 18:30,221.5
19.08. 18:45,221.5
19.08. 19:00,233.9
19.08. 19:15,233.9
19.08. 19:30,233.9
19.08. 19:45,233.9
19.08. 20:00,248.1
19.08. 20:15,248.1
19.08. 20:30,248.1
19.08. 20:45,248.1
19.08. 21:00,216.7
19.08. 21:15,216.7
19.08. 21:30,216.7
19.08. 21:45,216.7
19.08. 22:00,176.5
19.08. 22:15,176.5
19.08. 22:30,176.5
19.08. 22:45,176.5
19.08. 23:00,131.3
19.08. 23:15,131.3
19.08. 23:30,131.3
19.08. 23:45,131.3
20.08. 00:00,68.5
20.08. 00:15,68.5
20.08. 00:30,68.5
20.08. 00:45,68.5
20.08. 01:00,61.9
20.08. 01:15,61.9
20.08. 01:30,61.9
20.08. 01:45,61.9
20.08. 02:00,53.6
20.08. 02:15,53.6
20.08. 02:30,53.6
20.08. 02:45,53.6
20.08. 03:00,44.8
20.08. 03:15,44.8
20.08. 03:30,44.8
20.08. 03:45,44.8
20.08. 04:00,56.3
20.08. 04:15,56.3
20.08. 04:30,56.3
20.08. 04:45,56.3
20.08. 05:00,68.8
20.08. 05:15,68.8
20.08. 05:30,68.8
20.08. 05:45,68.8
20.08. 06:00,123.5
20.08. 06:15,123.5
20.08. 06:30,123.5
20.08. 06:45,123.5
20.08. 07:00,169.8
20.08. 07:15,169.8
20.08. 07:30,169.8
20.08. 07:45,169.8
20.08. 08:00,161.1
20.08. 08:15,161.1
20.08. 08:30,161.1
20.08. 08:45,161.1
20.08. 09:00,171.1
20.08. 09:15,171.1
20.08. 09:30,171.1
20.08. 09:45,171.1
20.08. 10:00,165.4
20.08. 10:15,165.4
20.08. 10:30,165.4
20.08. 10:45,165.4
20.08. 11:00,194.1
20.08. 11:15,194.1
20.08. 11:30,194.1
20.08. 11:45,194.1
20.08. 12:00,221.8
20.08. 12:15,221.8
20.08. 12:30,221.8
20.08. 12:45,221.8
20.08. 13:00,231.1
20.08. 13:15,231.1
20.08. 13:30,231.1
20.08. 13:45,231.1
20.08. 14:00,197.0
20.08. 14:15,197.0
20.08. 14:30,197.0
20.08. 14:45,197.0
20.08. 15:00,201.0
20.08. 15:15,201.0
20.08. 15:30,201.0
20.08. 15:45,201.0
20.08. 16:00,198.6
20.08. 16:15,198.6
20.08. 16:30,198.6
20.08. 16:45,198.6
20.08. 17:00,188.7
20.08. 17:15,188.7
20.08. 17:30,188.7
20.08. 17:45,188.7
20.08. 18:00,203.0
20.08. 18:15,203.0
20.08. 18:30,203.0
20.08. 18:45,203.0
20.08. 19:00,216.2
20.08. 19:15,216.2
20.08. 19:30,216.2
20.08. 19:45,216.2
20.08. 20:00,221.9
20.08. 20:15,221.9
20.08. 20:30,221.9
20.08. 20:45,221.9
20.08. 21:00,203.4
20.08. 21:15,203.4
20.08. 21:30,203.4
20.08. 21:45,203.4
20.08. 22:00,168.0
20.08. 22:15,168.0
20.08. 22:30,168.0
20.08. 22:45,168.0
20.08. 23:00,109.5
20.08. 23:15,109.5
20.08. 23:30,109.5
20.08. 23:45,109.5
21.08. 00:00,62.0
21.08. 00:15,62.0
21.08. 00:30,62.0
21.08. 00:45,62.0
21.08. 01:00,56.6
21.08. 01:15,56.6
21.08. 01:30,56.6
21.08. 01:45,56.6
21.08. 02:00,45.0
21.08. 02:15,45.0
21.08. 02:30,45.0
21.08. 02:45,45.0
21.08. 03:00,44.2
21.08. 03:15,44.2
21.08. 03:30,44.2
21.08. 03:45,44.2
21.08. 04:00,55.0
21.08. 04:15,55.0
21.08. 04:30,55.0
21.08. 04:45,55.0
21.08. 05:00,68.7
21.08. 05:15,68.7
21.08. 05:30,68.7
21.08. 05:45,68.7
21.08. 06:00,124.9
21.08. 06:15,124.9
21.08. 06:30,124.9
21.08. 06:45,124.9
21.08. 07:00,165.0
21.08. 07:15,165.0
21.08. 07:30,165.0
21.08. 07:45,165.0
21.08. 08:00,175.5
21.08. 08:15,175.5
21.08. 08:30,175.5
21.08. 08:45,175.5
21.08. 09:00,180.8
21.08. 09:15,180.8
21.08. 09:30,180.8
21.08. 09:45,180.8
21.08. 10:00,197.4
21.08. 10:15,197.4
21.08. 10:30,197.4
21.08. 10:45,197.4
21.08. 11:00,227.0
21.08. 11:15,227.0
21.08. 11:30,227.0
21.08. 11:45,227.0
21.08. 12:00,220.2
21.08. 12:15,220.2
21.08. 12:30,220.2
21.08. 12:45,220.2
21.08. 13:00,222.8
21.08. 13:15,222.8
21.08. 13:30,222.8
21.08. 13:45,222.8
21.08. 14:00,222.1
21.08. 14:15,222.1
21.08. 14:30,222.1
21.08. 14:45,222.1
21.08. 15:00,198.9
21.08. 15:15,198.9
21.08. 15:30,198.9
21.08. 15:45,198.9
21.08. 16:00,200.2
21.08. 16:15,200.2
21.08. 16:30,200.2
21.08. 16:45,200.2
21.08. 17:00,212.7
21.08. 17:15,212.7
21.08. 17:30,212.7
21.08. 17:45,212.7
21.08. 18:00,227.1
21.08. 18:15,227.1
21.08. 18:30,227.1
21.08. 18:45,227.1
21.08. 19:00,225.3
21.08. 19:15,225.3
21.08. 19:30,225.3
21.08. 19:45,225.3
21.08. 20:00,230.8
21.08. 20:15,230.8
21.08. 20:30,230.8
21.08. 20:45,230.8
21.08. 21:00,208.6
21.08. 21:15,208.6
21.08. 21:30,208.6
21.08. 21:45,208.6
21.08. 22:00,169.9
21.08. 22:15,169.9
21.08. 22:30,169.9
21.08. 22:45,169.9
21.08. 23:00,124.5
21.08. 23:15,124.5
21.08. 23:30,124.5
21.08. 23:45,124.5
22.08. 00:00,74.6
22.08. 00:15,74.6
22.08. 00:30,74.6
22.08. 00:45,74.6
22.08. 01:00,63.2
22.08. 01:15,63.2
22.08. 01:30,63.2
22.08. 01:45,63.2
22.08. 02:00,49.6
22.08. 02:15,49.6
22.08. 02:30,49.6
22.08. 02:45,49.6
22.08. 03:00,51.7
22.08. 03:15,51.7
22.08. 03:30,51.7
22.08. 03:45,51.7
22.08. 04:00,55.9
22.08. 04:15,55.9
22.08. 04:30,55.9
22.08. 04:45,55.9
22.08. 05:00,77.7
22.08. 05:15,77.7
22.08. 05:30,77.7
22.08. 05:45,77.7
22.08. 06:00,127.0
22.08. 06:15,127.0
22.08. 06:30,127.0
22.08. 06:45,127.0
22.08. 07:00,183.3
22.08. 07:15,183.3
22.08. 07:30,183.3
22.08. 07:45,183.3
22.08. 08:00,193.1
22.08. 08:15,193.1
22.08. 08:30,193.1
22.08. 08:45,193.1
22.08. 09:00,224.8
22.08. 09:15,224.8
22.08. 09:30,224.8
22.08. 09:45,224.8
22.08. 10:00,237.0
22.08. 10:15,237.0
22.08. 10:30,237.0
22.08. 10:45,237.0
22.08. 11:00,257.0
22.08. 11:15,257.0
22.08. 11:30,257.0
22.08. 11:45,257.0
22.08. 12:00,261.7
22.08. 12:15,261.7
22.08. 12:30,261.7
22.08. 12:45,261.7
22.08. 13:00,267.1
22.08. 13:15,267.1
22.08. 13:30,267.1
22.08. 13:45,267.1
22.08. 14:00,258.3
22.08. 14:15,258.3
22.08. 14:30,258.3
22.08. 14:45,258.3
22.08. 15:00,237.9
22.08. 15:15,237.9
22.08. 15:30,237.9
22.08. 15:45,237.9
22.08. 16:00,259.2
22.08. 16:15,259.2
22.08. 16:30,259.2
22.08. 16:45,259.2
22.08. 17:00,239.1
22.08. 17:15,239.1
22.08. 17:30,239.1
22.08. 17:45,239.1
22.08. 18:00,271.6
22.08. 18:15,271.6
22.08. 18:30,271.6
22.08. 18:45,271.6
22.08. 19:00,269.2
22.08. 19:15,269.2
22.08. 19:30,269.2
22.08. 19:45,269.2
22.08. 20:00,272.5
22.08. 20:15,272.5
22.08. 20:30,272.5
22.08. 20:45,272.5
22.08. 21:00,251.1
22.08. 21:15,251.1
22.08. 21:30,251.1
22.08. 21:45,251.1
22.08. 22:00,181.6
22.08. 22:15,181.6
22.08. 22:30,181.6
22.08. 22:45,181.6
22.08. 23:00,134.6
22.08. 23:15,134.6
22.08. 23:30,134.6
22.08. 23:45,134.6
23.08. 00:00,77.8
23.08. 00:15,77.8
23.08. 00:30,77.8
23.08. 00:45,77.8
23.08. 01:00,64.3
23.08. 01:15,64.3
23.08. 01:30,64.3
23.08. 01:45,64.3
23.08. 02:00,56.2
23.08. 02:15,56.2
23.08. 02:30,56.2
23.08. 02:45,56.2
23.08. 03:00,55.0
23.08. 03:15,55.0
23.08. 03:30,55.0
23.08. 03:45,55.0
23.08. 04:00,57.8
23.08. 04:15,57.8
23.08. 04:30,57.8
23.08. 04:45,57.8
23.08. 05:00,78.0
23.08. 05:15,78.0
23.08. 05:30,78.0
23.08. 05:45,78.0
23.08. 06:00,152.1
23.08. 06:15,152.1
23.08. 06:30,152.1
23.08. 06:45,152.1
23.08. 07:00,212.1
23.08. 07:15,212.1
23.08. 07:30,212.1
23.08. 07:45,212.1
23.08. 08:00,232.7
23.08. 08:15,232.7
23.08. 08:30,232.7
23.08. 08:45,232.7
23.08. 09:00,253.8
23.08. 09:15,253.8
23.08. 09:30,253.8
23.08. 09:45,253.8
23.08. 10:00,247.1
23.08. 10:15,247.1
23.08. 10:30,247.1
23.08. 10:45,247.1
23.08. 11:00,291.2
23.08. 11:15,291.2
23.08. 11:30,291.2
23.08. 11:45,291.2
23.08. 12:00,297.7
23.08. 12:15,297.7
23.08. 12:30,297.7
23.08. 12:45,297.7
23.08. 13:00,324.7
23.08. 13:15,324.7
23.08. 13:30,324.7
23.08. 13:45,324.7
23.08. 14:00,296.3
23.08. 14:15,296.3
23.08. 14:30,296.3
23.08. 14:45,296.3
23.08. 15:00,287.5
23.08. 15:15,287.5
23.08. 15:30,287.5
23.08. 15:45,287.5
23.08. 16:00,286.1
23.08. 16:15,286.1
23.08. 16:30,286.1
23.08. 16:45,286.1
23.08. 17:00,272.0
23.08. 17:15,272.0
23.08. 17:30,272.0
23.08. 17:45,272.0
23.08. 18:00,274.2
23.08. 18:15,274.2
23.08. 18:30,274.2
23.08. 18:45,274.2
23.08. 19:00,287.5
23.08. 19:15,287.5
23.08. 19:30,287.5
23.08. 19:45,287.5
23.08. 20:00,285.1
23.08. 20:15,285.1
23.08. 20:30,285.1
23.08. 20:45,285.1
23.08. 21:00,241.7
23.08. 21:15,241.7
23.08. 21:30,241.7
23.08. 21:45,241.7
23.08. 22:00,178.5
23.08. 22:15,178.5
23.08. 22:30,178.5
23.08. 22:45,178.5
23.08. 23:00,139.4
23.08. 23:15,139.4
23.08. 23:30,139.4
23.08. 23:45,139.4
24.08. 00:00,90.2
24.08. 00:15,90.2
24.08. 00:30,90.2
24.08. 00:45,90.2
24.08. 01:00,74.7
24.08. 01:15,74.7
24.08. 01:30,74.7
24.08. 01:45,74.7
24.08. 02:00,63.4
24.08. 02:15,63.4
24.08. 02:30,63.4
24.08. 02:45,63.4
24.08. 03:00,54.8
24.08. 03:15,54.8
24.08. 03:30,54.8
24.08. 03:45,54.8
24.08. 04:00,62.0
24.08. 04:15,62.0
24.08. 04:30,62.0
24.08. 04:45,62.0
24.08. 05:00,87.8
24.08. 05:15,87.8
24.08. 05:30,87.8
24.08. 05:45,87.8
24.08. 06:00,164.6
24.08. 06:15,164.6
24.08. 06:30,164.6
24.08. 06:45,164.6
24.08. 07:00,218.3
24.08. 07:15,218.3
24.08. 07:30,218.3
24.08. 07:45,218.3
24.08. 08:00,233.2
24.08. 08:15,233.2
24.08. 08:30,233.2
24.08. 08:45,233.2
24.08. 09:00,287.9
24.08. 09:15,287.9
24.08. 09:30,287.9
24.08. 09:45,287.9
24.08. 10:00,294.0
24.08. 10:15,294.0
24.08. 10:30,294.0
24.08. 10:45,294.0
24.08. 11:00,316.7
24.08. 11:15,316.7
24.08. 11:30,316.7
24.08. 11:45,316.7
24.08. 12:00,384.6
24.08. 12:15,384.6
24.08. 12:30,384.6
24.08. 12:45,384.6
24.08. 13:00,406.8
24.08. 13:15,406.8
24.08. 13:30,406.8
24.08. 13:45,406.8
24.08. 14:00,358.6
24.08. 14:15,358.6
24.08. 14:30,358.6
24.08. 14:45,358.6
24.08. 15:00,413.3
24.08. 15:15,413.3
24.08. 15:30,413.3
24.08. 15:45,413.3
24.08. 16:00,343.3
24.08. 16:15,343.3
24.08. 16:30,343.3
24.08. 16:45,343.3
24.08. 17:00,343.4
24.08. 17:15,343.4
24.08. 17:30,343.4
24.08. 17:45,343.4
24.08. 18:00,354.9
24.08. 18:15,354.9
24.08. 18:30,354.9
24.08. 18:45,354.9
24.08. 19:00,351.7
24.08. 19:15,351.7
24.08. 19:30,351.7
24.08. 19:45,351.7
24.08. 20:00,309.1
24.08. 20:15,309.1
24.08. 20:30,309.1
24.08. 20:45,309.1
24.08. 21:00,294.5
24.08. 21:15,294.5
24.08. 21:30,294.5
24.08. 21:45,294.5
24.08. 22:00,247.5
24.08. 22:15,247.5
24.08. 22:30,247.5
24.08. 22:45,247.5
24.08. 23:00,175.0
24.08. 23:15,175.0
24.08. 23:30,175.0
24.08. 23:45,175.0
25.08. 00:00,129.0
25.08. 00:15,129.0
25.08. 00:30,129.0
25.08. 00:45,129.0
25.08. 01:00,106.3
25.08. 01:15,106.3
25.08. 01:30,106.3
25.08. 01:45,106.3
25.08. 02:00,86.8
25.08. 02:15,86.8
25.08. 02:30,86.8
25.08. 02:45,86.8
25.08. 03:00,66.6
25.08. 03:15,66.6
25.08. 03:30,66.6
25.08. 03:45,66.6
25.08. 04:00,56.0
25.08. 04:15,56.0
25.08. 04:30,56.0
25.08. 04:45,56.0
25.08. 05:00,75.2
25.08. 05:15,75.2
25.08. 05:30,75.2
25.08. 05:45,75.2
25.08. 06:00,100.6
25.08. 06:15,100.6
25.08. 06:30,100.6
25.08. 06:45,100.6
25.08. 07:00,160.2
25.08. 07:15,160.2
25.08. 07:30,160.2
25.08. 07:45,160.2
25.08. 08:00,240.4
25.08. 08:15,240.4
25.08. 08:30,240.4
25.08. 08:45,240.4
25.08. 09:00,300.1
25.08. 09:15,300.1
25.08. 09:30,300.1
25.08. 09:45,300.1
25.08. 10:00,372.9
25.08. 10:15,372.9
25.08. 10:30,372.9
25.08. 10:45,372.9
25.08. 11:00,424.6
25.08. 11:15,424.6
25.08. 11:30,424.6
25.08. 11:45,424.6
25.08. 12:00,414.2
25.08. 12:15,414.2
25.08. 12:30,414.2
25.08. 12:45,414.2
25.08. 13:00,440.6
25.08. 13:15,440.6
25.08. 13:30,440.6
25.08. 13:45,440.6
25.08. 14:00,405.1
25.08. 14:15,405.1
25.08. 14:30,405.1
25.08. 14:45,405.1
25.08. 15:00,406.5
25.08. 15:15,406.5
25.08. 15:30,406.5
25.08. 15:45,406.5
25.08. 16:00,434.2
25.08. 16:15,434.2
25.08. 16:30,434.2
25.08. 16:45,434.2
25.08. 17:00,417.6
25.08. 17:15,417.6
25.08. 17:30,417.6
25.08. 17:45,417.6
25.08. 18:00,378.1
25.08. 18:15,378.1
25.08. 18:30,378.1
25.08. 18:45,378.1
25.08. 19:00,363.1
25.08. 19:15,363.1
25.08. 19:30,363.1
25.08. 19:45,363.1
25.08. 20:00,310.2
25.08. 20:15,310.2
25.08. 20:30,310.2
25.08. 20:45,310.2
25.08. 21:00,257.2
25.08. 21:15,257.2
25.08. 21:30,257.2
25.08. 21:45,257.2
25.08. 22:00,190.6
25.08. 22:15,190.6
25.08. 22:30,190.6
25.08. 22:45,190.6
25.08. 23:00,149.6
25.08. 23:15,149.6
25.08. 23:30,149.6
25.08. 23:45,149.6
26.08. 00:00,114.1
26.08. 00:15,114.1
26.08. 00:30,114.1
26.08. 00:45,114.1
26.08. 01:00,95.7
26.08. 01:15,95.7
26.08. 01:30,95.7
26.08. 01:45,95.7
26.08. 02:00,78.0
26.08. 02:15,78.0
26.08. 02:30,78.0
26.08. 02:45,78.0
26.08. 03:00,72.4
26.08. 03:15,72.4
26.08. 03:30,72.4
26.08. 03:45,72.4
26.08. 04:00,76.9
26.08. 04:15,76.9
26.08. 04:30,76.9
26.08. 04:45,76.9
26.08. 05:00,74.3
26.08. 05:15,74.3
26.08. 05:30,74.3
26.08. 05:45,74.3
26.08. 06:00,81.3
26.08. 06:15,81.3
26.08. 06:30,81.3
26.08. 06:45,81.3
26.08. 07:00,83.6
26.08. 07:15,83.6
26.08. 07:30,83.6
26.08. 07:45,83.6
26.08. 08:00,122.3
26.08. 08:15,122.3
26.08. 08:30,122.3
26.08. 08:45,122.3
26.08. 09:00,208.8
26.08. 09:15,208.8
26.08. 09:30,208.8
26.08. 09:45,208.8
26.08. 10:00,263.8
26.08. 10:15,263.8
26.08. 10:30,263.8
26.08. 10:45,263.8
26.08. 11:00,276.7
26.08. 11:15,276.7
26.08. 11:30,276.7
26.08. 11:45,276.7
26.08. 12:00,304.1
26.08. 12:15,304.1
26.08. 12:30,304.1
26.08. 12:45,304.1
26.08. 13:00,308.6
26.08. 13:15,308.6
26.08. 13:30,308.6
26.08. 13:45,308.6
26.08. 14:00,270.4
26.08. 14:15,270.4
26.08. 14:30,270.4
26.08. 14:45,270.4
26.08. 15:00,244.6
26.08. 15:15,244.6
26.08. 15:30,244.6
26.08. 15:45,244.6
26.08. 16:00,220.6
26.08. 16:15,220.6
26.08. 16:30,220.6
26.08. 16:45,220.6
26.08. 17:00,214.4
26.08. 17:15,214.4
26.08. 17:30,214.4
26.08. 17:45,214.4
26.08. 18:00,224.4
26.08. 18:15,224.4
26.08. 18:30,224.4
26.08. 18:45,224.4
26.08. 19:00,245.1
26.08. 19:15,245.1
26.08. 19:30,245.1
26.08. 19:45,245.1
26.08. 20:00,243.6
26.08. 20:15,243.6
26.08. 20:30,243.6
26.08. 20:45,243.6
26.08. 21:00,196.0
26.08. 21:15,196.0
26.08. 21:30,196.0
26.08. 21:45,196.0
26.08. 22:00,171.7
26.08. 22:15,171.7
26.08. 22:30,171.7
26.08. 22:45,171.7
26.08. 23:00,117.1
26.08. 23:15,117.1
26.08. 23:30,117.1
26.08. 23:45,117.1
27.08. 00:00,62.0
27.08. 00:15,62.0
27.08. 00:30,62.0
27.08. 00:45,62.0
27.08. 01:00,47.9
27.08. 01:15,47.9
27.08. 01:30,47.9
27.08. 01:45,47.9
27.08. 02:00,39.7
27.08. 02:15,39.7
27.08. 02:30,39.7
27.08. 02:45,39.7
27.08. 03:00,44.3
27.08. 03:15,44.3
27.08. 03:30,44.3
27.08. 03:45,44.3
27.08. 04:00,46.8
27.08. 04:15,46.8
27.08. 04:30,46.8
27.08. 04:45,46.8
27.08. 05:00,66.2
27.08. 05:15,66.2
27.08. 05:30,66.2
27.08. 05:45,66.2
27.08. 06:00,119.9
27.08. 06:15,119.9
27.08. 06:30,119.9
27.08. 06:45,119.9
27.08. 07:00,165.0
27.08. 07:15,165.0
27.08. 07:30,165.0
27.08. 07:45,165.0
27.08. 08:00,168.6
27.08. 08:15,168.6
27.08. 08:30,168.6
27.08. 08:45,168.6
27.08. 09:00,164.9
27.08. 09:15,164.9
27.08. 09:30,164.9
27.08. 09:45,164.9
27.08. 10:00,165.0
27.08. 10:15,165.0
27.08. 10:30,165.0
27.08. 10:45,165.0
27.08. 11:00,166.0
27.08. 11:15,166.0
27.08. 11:30,166.0
27.08. 11:45,166.0
27.08. 12:00,190.0
27.08. 12:15,190.0
27.08. 12:30,190.0
27.08. 12:45,190.0
27.08. 13:00,185.3
27.08. 13:15,185.3
27.08. 13:30,185.3
27.08. 13:45,185.3
27.08. 14:00,170.6
27.08. 14:15,170.6
27.08. 14:30,170.6
27.08. 14:45,170.6
27.08. 15:00,160.7
27.08. 15:15,160.7
27.08. 15:30,160.7
27.08. 15:45,160.7
27.08. 16:00,159.6
27.08. 16:15,159.6
27.08. 16:30,159.6
27.08. 16:45,159.6
27.08. 17:00,176.7
27.08. 17:15,176.7
27.08. 17:30,176.7
27.08. 17:45,176.7
27.08. 18:00,206.4
27.08. 18:15,206.4
27.08. 18:30,206.4
27.08. 18:45,206.4
27.08. 19:00,237.2
27.08. 19:15,237.2
27.08. 19:30,237.2
27.08. 19:45,237.2
27.08. 20:00,234.7
27.08. 20:15,234.7
27.08. 20:30,234.7
27.08. 20:45,234.7
27.08. 21:00,226.0
27.08. 21:15,226.0
27.08. 21:30,226.0
27.08. 21:45,226.0
27.08. 22:00,173.8
27.08. 22:15,173.8
27.08. 22:30,173.8
27.08. 22:45,173.8
27.08. 23:00,113.9
27.08. 23:15,113.9
27.08. 23:30,113.9
27.08. 23:45,113.9
28.08. 00:00,58.0
28.08. 00:15,58.0
28.08. 00:30,58.0
28.08. 00:45,58.0
28.08. 01:00,48.2
28.08. 01:15,48.2
28.08. 01:30,48.2
28.08. 01:45,48.2
28.08. 02:00,42.6
28.08. 02:15,42.6
28.08. 02:30,42.6
28.08. 02:45,42.6
28.08. 03:00,42.4
28.08. 03:15,42.4
28.08. 03:30,42.4
28.08. 03:45,42.4
28.08. 04:00,49.7
28.08. 04:15,49.7
28.08. 04:30,49.7
28.08. 04:45,49.7
28.08. 05:00,70.4
28.08. 05:15,70.4
28.08. 05:30,70.4
28.08. 05:45,70.4
28.08. 06:00,137.3
28.08. 06:15,137.3
28.08. 06:30,137.3
28.08. 06:45,137.3
28.08. 07:00,168.2
28.08. 07:15,168.2
28.08. 07:30,168.2
28.08. 07:45,168.2
28.08. 08:00,172.6
28.08. 08:15,172.6
28.08. 08:30,172.6
28.08. 08:45,172.6
28.08. 09:00,176.6
28.08. 09:15,176.6
28.08. 09:30,176.6
28.08. 09:45,176.6
28.08. 10:00,183.8
28.08. 10:15,183.8
28.08. 10:30,183.8
28.08. 10:45,183.8
28.08. 11:00,196.0
28.08. 11:15,196.0
28.08. 11:30,196.0
28.08. 11:45,196.0
28.08. 12:00,202.2
28.08. 12:15,202.2
28.08. 12:30,202.2
28.08. 12:45,202.2
28.08. 13:00,217.0
28.08. 13:15,217.0
28.08. 13:30,217.0
28.08. 13:45,217.0
28.08. 14:00,204.6
28.08. 14:15,204.6
28.08. 14:30,204.6
28.08. 14:45,204.6
28.08. 15:00,197.9
28.08. 15:15,197.9
28.08. 15:30,197.9
28.08. 15:45,197.9
28.08. 16:00,180.5
28.08. 16:15,180.5
28.08. 16:30,180.5
28.08. 16:45,180.5
28.08. 17:00,174.7
28.08. 17:15,174.7
28.08. 17:30,174.7
28.08. 17:45,174.7
28.08. 18:00,186.2
28.08. 18:15,186.2
28.08. 18:30,186.2
28.08. 18:45,186.2
28.08. 19:00,206.7
28.08. 19:15,206.7
28.08. 19:30,206.7
28.08. 19:45,206.7
28.08. 20:00,221.0
28.08. 20:15,221.0
28.08. 20:30,221.0
28.08. 20:45,221.0
28.08. 21:00,212.4
28.08. 21:15,212.4
28.08. 21:30,212.4
28.08. 21:45,212.4
28.08. 22:00,172.9
28.08. 22:15,172.9
28.08. 22:30,172.9
28.08. 22:45,172.9
28.08. 23:00,114.2
28.08. 23:15,114.2
28.08. 23:30,114.2
28.08. 23:45,114.2
29.08. 00:00,67.9
29.08. 00:15,67.9
29.08. 00:30,67.9
29.08. 00:45,67.9
29.08. 01:00,58.6
29.08. 01:15,58.6
29.08. 01:30,58.6
29.08. 01:45,58.6
29.08. 02:00,53.2
29.08. 02:15,53.2
29.08. 02:30,53.2
29.08. 02:45,53.2
29.08. 03:00,57.5
29.08. 03:15,57.5
29.08. 03:30,57.5
29.08. 03:45,57.5
29.08. 04:00,63.7
29.08. 04:15,63.7
29.08. 04:30,63.7
29.08. 04:45,63.7
29.08. 05:00,80.2
29.08. 05:15,80.2
29.08. 05:30,80.2
29.08. 05:45,80.2
29.08. 06:00,147.0
29.08. 06:15,147.0
29.08. 06:30,147.0
29.08. 06:45,147.0
29.08. 07:00,170.2
29.08. 07:15,170.2
29.08. 07:30,170.2
29.08. 07:45,170.2
29.08. 08:00,179.0
29.08. 08:15,179.0
29.08. 08:30,179.0
29.08. 08:45,179.0
29.08. 09:00,162.4
29.08. 09:15,162.4
29.08. 09:30,162.4
29.08. 09:45,162.4
29.08. 10:00,170.7
29.08. 10:15,170.7
29.08. 10:30,170.7
29.08. 10:45,170.7
29.08. 11:00,201.2
29.08. 11:15,201.2
29.08. 11:30,201.2
29.08. 11:45,201.2
29.08. 12:00,215.9
29.08. 12:15,215.9
29.08. 12:30,215.9
29.08. 12:45,215.9
29.08. 13:00,213.1
29.08. 13:15,213.1
29.08. 13:30,213.1
29.08. 13:45,213.1
29.08. 14:00,204.9
29.08. 14:15,204.9
29.08. 14:30,204.9
29.08. 14:45,204.9
29.08. 15:00,173.3
29.08. 15:15,173.3
29.08. 15:30,173.3
29.08. 15:45,173.3
29.08. 16:00,190.9
29.08. 16:15,190.9
29.08. 16:30,190.9
29.08. 16:45,190.9
29.08. 17:00,185.9
29.08. 17:15,185.9
29.08. 17:30,185.9
29.08. 17:45,185.9
29.08. 18:00,209.6
29.08. 18:15,209.6
29.08. 18:30,209.6
29.08. 18:45,209.6
29.08. 19:00,235.8
29.08. 19:15,235.8
29.08. 19:30,235.8
29.08. 19:45,235.8
29.08. 20:00,202.8
29.08. 20:15,202.8
29.08. 20:30,202.8
29.08. 20:45,202.8
29.08. 21:00,201.5
29.08. 21:15,201.5
29.08. 21:30,201.5
29.08. 21:45,201.5
29.08. 22:00,161.2
29.08. 22:15,161.2
29.08. 22:30,161.2
29.08. 22:45,161.2
29.08. 23:00,111.1
29.08. 23:15,111.1
29.08. 23:30,111.1
29.08. 23:45,111.1
30.08. 00:00,68.8
30.08. 00:15,68.8
30.08. 00:30,68.8
30.08. 00:45,68.8
30.08. 01:00,61.3
30.08. 01:15,61.3
30.08. 01:30,61.3
30.08. 01:45,61.3
30.08. 02:00,47.8
30.08. 02:15,47.8
30.08. 02:30,47.8
30.08. 02:45,47.8
30.08. 03:00,45.1
30.08. 03:15,45.1
30.08. 03:30,45.1
30.08. 03:45,45.1
30.08. 04:00,47.7
30.08. 04:15,47.7
30.08. 04:30,47.7
30.08. 04:45,47.7
30.08. 05:00,72.7
30.08. 05:15,72.7
30.08. 05:30,72.7
30.08. 05:45,72.7
30.08. 06:00,126.4
30.08. 06:15,126.4
30.08. 06:30,126.4
30.08. 06:45,126.4
30.08. 07:00,187.9
30.08. 07:15,187.9
30.08. 07:30,187.9
30.08. 07:45,187.9
30.08. 08:00,191.2
30.08. 08:15,191.2
30.08. 08:30,191.2
30.08. 08:45,191.2
30.08. 09:00,203.4
30.08. 09:15,203.4
30.08. 09:30,203.4
30.08. 09:45,203.4
30.08. 10:00,214.0
30.08. 10:15,214.0
30.08. 10:30,214.0
30.08. 10:45,214.0
30.08. 11:00,228.3
30.08. 11:15,228.3
30.08. 11:30,228.3
30.08. 11:45,228.3
30.08. 12:00,250.8
30.08. 12:15,250.8
30.08. 12:30,250.8
30.08. 12:45,250.8
30.08. 13:00,223.2
30.08. 13:15,223.2
30.08. 13:30,223.2
30.08. 13:45,223.2
30.08. 14:00,242.0
30.08. 14:15,242.0
30.08. 14:30,242.0
30.08. 14:45,242.0
30.08. 15:00,230.8
30.08. 15:15,230.8
30.08. 15:30,230.8
30.08. 15:45,230.8
30.08. 16:00,221.9
30.08. 16:15,221.9
30.08. 16:30,221.9
30.08. 16:45,221.9
30.08. 17:00,193.0
30.08. 17:15,193.0
30.08. 17:30,193.0
30.08. 17:45,193.0
30.08. 18:00,230.9
30.08. 18:15,230.9
30.08. 18:30,230.9
30.08. 18:45,230.9
30.08. 19:00,254.8
30.08. 19:15,254.8
30.08. 19:30,254.8
30.08. 19:45,254.8
30.08. 20:00,257.1
30.08. 20:15,257.1
30.08. 20:30,257.1
30.08. 20:45,257.1
30.08. 21:00,236.8
30.08. 21:15,236.8
30.08. 21:30,236.8
30.08. 21:45,236.8
30.08. 22:00,187.6
30.08. 22:15,187.6
30.08. 22:30,187.6
30.08. 22:45,187.6
30.08. 23:00,133.7
30.08. 23:15,133.7
30.08. 23:30,133.7
30.08. 23:45,133.7
31.08. 00:00,71.2
31.08. 00:15,71.2
31.08. 00:30,71.2
31.08. 00:45,71.2
31.08. 01:00,56.2
31.08. 01:15,56.2
31.08. 01:30,56.2
31.08. 01:45,56.2
31.08. 02:00,46.3
31.08. 02:15,46.3
31.08. 02:30,46.3
31.08. 02:45,46.3
31.08. 03:00,40.8
31.08. 03:15,40.8
31.08. 03:30,40.8
31.08. 03:45,40.8
31.08. 04:00,49.4
31.08. 04:15,49.4
31.08. 04:30,49.4
31.08. 04:45,49.4
31.08. 05:00,68.6
31.08. 05:15,68.6
31.08. 05:30,68.6
31.08. 05:45,68.6
31.08. 06:00,117.9
31.08. 06:15,117.9
31.08. 06:30,117.9
31.08. 06:45,117.9
31.08. 07:00,174.4
31.08. 07:15,174.4
31.08. 07:30,174.4
31.08. 07:45,174.4
31.08. 08:00,184.5
31.08. 08:15,184.5
31.08. 08:30,184.5
31.08. 08:45,184.5
31.08. 09:00,186.4
31.08. 09:15,186.4
31.08. 09:30,186.4
31.08. 09:45,186.4
31.08. 10:00,205.1
31.08. 10:15,205.1
31.08. 10:30,205.1
31.08. 10:45,205.1
31.08. 11:00,223.7
31.08. 11:15,223.7
31.08. 11:30,223.7
31.08. 11:45,223.7
31.08. 12:00,251.4
31.08. 12:15,251.4
31.08. 12:30,251.4
31.08. 12:45,251.4
31.08. 13:00,223.4
31.08. 13:15,223.4
31.08. 13:30,223.4
31.08. 13:45,223.4
31.08. 14:00,220.3
31.08. 14:15,220.3
31.08. 14:30,220.3
31.08. 14:45,220.3
31.08. 15:00,201.0
31.08. 15:15,201.0
31.08. 15:30,201.0
31.08. 15:45,201.0
31.08. 16:00,207.6
31.08. 16:15,207.6
31.08. 16:30,207.6
31.08. 16:45,207.6
31.08. 17:00,201.3
31.08. 17:15,201.3
31.08. 17:30,201.3
31.08. 17:45,201.3
31.08. 18:00,219.2
31.08. 18:15,219.2
31.08. 18:30,219.2
31.08. 18:45,219.2
31.08. 19:00,253.1
31.08. 19:15,253.1
31.08. 19:30,253.1
31.08. 19:45,253.1
31.08. 20:00,250.3
31.08. 20:15,250.3
31.08. 20:30,250.3
31.08. 20:45,250.3
31.08. 21:00,207.8
31.08. 21:15,207.8
31.08. 21:30,207.8
31.08. 21:45,207.8
31.08. 22:00,177.1
31.08. 22:15,177.1
31.08. 22:30,177.1
31.08. 22:45,177.1
31.08. 23:00,112.4
31.08. 23:15,112.4
31.08. 23:30,112.4
31.08. 23:45,112.4
01.09. 00:00,73.2
01.09. 00:15,73.2
01.09. 00:30,73.2
01.09. 00:45,73.2
01.09. 01:00,63.0
01.09. 01:15,63.0
01.09. 01:30,63.0
01.09. 01:45,63.0
01.09. 02:00,51.9
01.09. 02:15,51.9
01.09. 02:30,51.9
01.09. 02:45,51.9
01.09. 03:00,46.9
01.09. 03:15,46.9
01.09. 03:30,46.9
01.09. 03:45,46.9
01.09. 04:00,49.5
01.09. 04:15,49.5
01.09. 04:30,49.5
01.09. 04:45,49.5
01.09. 05:00,51.5
01.09. 05:15,51.5
01.09. 05:30,51.5
01.09. 05:45,51.5
01.09. 06:00,61.8
01.09. 06:15,61.8
01.09. 06:30,61.8
01.09. 06:45,61.8
01.09. 07:00,106.0
01.09. 07:15,106.0
01.09. 07:30,106.0
01.09. 07:45,106.0
01.09. 08:00,184.3
01.09. 08:15,184.3
01.09. 08:30,184.3
01.09. 08:45,184.3
01.09. 09:00,239.4
01.09. 09:15,239.4
01.09. 09:30,239.4
01.09. 09:45,239.4
01.09. 10:00,250.2
01.09. 10:15,250.2
01.09. 10:30,250.2
01.09. 10:45,250.2
01.09. 11:00,296.8
01.09. 11:15,296.8
01.09. 11:30,296.8
01.09. 11:45,296.8
01.09. 12:00,297.6
01.09. 12:15,297.6
01.09. 12:30,297.6
01.09. 12:45,297.6
01.09. 13:00,291.8
01.09. 13:15,291.8
01.09. 13:30,291.8
01.09. 13:45,291.8
01.09. 14:00,265.7
01.09. 14:15,265.7
01.09. 14:30,265.7
01.09. 14:45,265.7
01.09. 15:00,246.4
01.09. 15:15,246.4
01.09. 15:30,246.4
01.09. 15:45,246.4
01.09. 16:00,245.3
01.09. 16:15,245.3
01.09. 16:30,245.3
01.09. 16:45,245.3
01.09. 17:00,229.0
01.09. 17:15,229.0
01.09. 17:30,229.0
01.09. 17:45,229.0
01.09. 18:00,263.5
01.09. 18:15,263.5
01.09. 18:30,263.5
01.09. 18:45,263.5
01.09. 19:00,276.3
01.09. 19:15,276.3
01.09. 19:30,276.3
01.09. 19:45,276.3
01.09. 20:00,222.6
01.09. 20:15,222.6
01.09. 20:30,222.6
01.09. 20:45,222.6
01.09. 21:00,187.8
01.09. 21:15,187.8
01.09. 21:30,187.8
01.09. 21:45,187.8
01.09. 22:00,144.3
01.09. 22:15,144.3
01.09. 22:30,144.3
01.09. 22:45,144.3
01.09. 23:00,105.6
01.09. 23:15,105.6
01.09. 23:30,105.6
01.09. 23:45,105.6
02.09. 00:00,90.4
02.09. 00:15,90.4
02.09. 00:30,90.4
02.09. 00:45,90.4
02.09. 01:00,78.0
02.09. 01:15,78.0
02.09. 01:30,78.0
02.09. 01:45,78.0
02.09. 02:00,59.2
02.09. 02:15,59.2
02.09. 02:30,59.2
02.09. 02:45,59.2
02.09. 03:00,58.6
02.09. 03:15,58.6
02.09. 03:30,58.6
02.09. 03:45,58.6
02.09. 04:00,60.2
02.09. 04:15,60.2
02.09. 04:30,60.2
02.09. 04:45,60.2
02.09. 05:00,55.2
02.09. 05:15,55.2
02.09. 05:30,55.2
02.09. 05:45,55.2
02.09. 06:00,59.5
02.09. 06:15,59.5
02.09. 06:30,59.5
02.09. 06:45,59.5
02.09. 07:00,88.8
02.09. 07:15,88.8
02.09. 07:30,88.8
02.09. 07:45,88.8
02.09. 08:00,127.5
02.09. 08:15,127.5
02.09. 08:30,127.5
02.09. 08:45,127.5
02.09. 09:00,218.7
02.09. 09:15,218.7
02.09. 09:30,218.7
02.09. 09:45,218.7
02.09. 10:00,295.1
02.09. 10:15,295.1
02.09. 10:30,295.1
02.09. 10:45,295.1
02.09. 11:00,335.9
02.09. 11:15,335.9
02.09. 11:30,335.9
02.09. 11:45,335.9
02.09. 12:00,338.4
02.09. 12:15,338.4
02.09. 12:30,338.4
02.09. 12:45,338.4
02.09. 13:00,329.4
02.09. 13:15,329.4
02.09. 13:30,329.4
02.09. 13:45,329.4
02.09. 14:00,320.7
02.09. 14:15,320.7
02.09. 14:30,320.7
02.09. 14:45,320.7
02.09. 15:00,266.9
02.09. 15:15,266.9
02.09. 15:30,266.9
02.09. 15:45,266.9
02.09. 16:00,247.8
02.09. 16:15,247.8
02.09. 16:30,247.8
02.09. 16:45,247.8
02.09. 17:00,232.7
02.09. 17:15,232.7
02.09. 17:30,232.7
02.09. 17:45,232.7
02.09. 18:00,226.3
02.09. 18:15,226.3
02.09. 18:30,226.3
02.09. 18:45,226.3
02.09. 19:00,220.5
02.09. 19:15,220.5
02.09. 19:30,220.5
02.09. 19:45,220.5
02.09. 20:00,240.2
02.09. 20:15,240.2
02.09. 20:30,240.2
02.09. 20:45,240.2
02.09. 21:00,198.6
02.09. 21:15,198.6
02.09. 21:30,198.6
02.09. 21:45,198.6
02.09. 22:00,175.9
02.09. 22:15,175.9
02.09. 22:30,175.9
02.09. 22:45,175.9
02.09. 23:00,126.5
02.09. 23:15,126.5
02.09. 23:30,126.5
02.09. 23:45,126.5
03.09. 00:00,69.4
03.09. 00:15,69.4
03.09. 00:30,69.4
03.09. 00:45,69.4
03.09. 01:00,55.4
03.09. 01:15,55.4
03.09. 01:30,55.4
03.09. 01:45,55.4
03.09. 02:00,48.0
03.09. 02:15,48.0
03.09. 02:30,48.0
03.09. 02:45,48.0
03.09. 03:00,50.3
03.09. 03:15,50.3
03.09. 03:30,50.3
03.09. 03:45,50.3
03.09. 04:00,51.4
03.09. 04:15,51.4
03.09. 04:30,51.4
03.09. 04:45,51.4
03.09. 05:00,74.0
03.09. 05:15,74.0
03.09. 05:30,74.0
03.09. 05:45,74.0
03.09. 06:00,131.4
03.09. 06:15,131.4
03.09. 06:30,131.4
03.09. 06:45,131.4
03.09. 07:00,175.8
03.09. 07:15,175.8
03.09. 07:30,175.8
03.09. 07:45,175.8
03.09. 08:00,203.8
03.09. 08:15,203.8
03.09. 08:30,203.8
03.09. 08:45,203.8
03.09. 09:00,196.0
03.09. 09:15,196.0
03.09. 09:30,196.0
03.09. 09:45,196.0
03.09. 10:00,198.2
03.09. 10:15,198.2
03.09. 10:30,198.2
03.09. 10:45,198.2
03.09. 11:00,219.9
03.09. 11:15,219.9
03.09. 11:30,219.9
03.09. 11:45,219.9
03.09. 12:00,237.5
03.09. 12:15,237.5
03.09. 12:30,237.5
03.09. 12:45,237.5
03.09. 13:00,223.1
03.09. 13:15,223.1
03.09. 13:30,223.1
03.09. 13:45,223.1
03.09. 14:00,236.2
03.09. 14:15,236.2
03.09. 14:30,236.2
03.09. 14:45,236.2
03.09. 15:00,238.2
03.09. 15:15,238.2
03.09. 15:30,238.2
03.09. 15:45,238.2
03.09. 16:00,222.6
03.09. 16:15,222.6
03.09. 16:30,222.6
03.09. 16:45,222.6
03.09. 17:00,219.0
03.09. 17:15,219.0
03.09. 17:30,219.0
03.09. 17:45,219.0
03.09. 18:00,224.5
03.09. 18:15,224.5
03.09. 18:30,224.5
03.09. 18:45,224.5
03.09. 19:00,235.9
03.09. 19:15,235.9
03.09. 19:30,235.9
03.09. 19:45,235.9
03.09. 20:00,231.2
03.09. 20:15,231.2
03.09. 20:30,231.2
03.09. 20:45,231.2
03.09. 21:00,224.1
03.09. 21:15,224.1
03.09. 21:30,224.1
03.09. 21:45,224.1
03.09. 22:00,178.5
03.09. 22:15,178.5
03.09. 22:30,178.5
03.09. 22:45,178.5
03.09. 23:00,116.6
03.09. 23:15,116.6
03.09. 23:30,116.6
03.09. 23:45,116.6
04.09. 00:00,75.0
04.09. 00:15,75.0
04.09. 00:30,75.0
04.09. 00:45,75.0
04.09. 01:00,55.7
04.09. 01:15,55.7
04.09. 01:30,55.7
04.09. 01:45,55.7
04.09. 02:00,49.8
04.09. 02:15,49.8
04.09. 02:30,49.8
04.09. 02:45,49.8
04.09. 03:00,48.8
04.09. 03:15,48.8
04.09. 03:30,48.8
04.09. 03:45,48.8
04.09. 04:00,50.4
04.09. 04:15,50.4
04.09. 04:30,50.4
04.09. 04:45,50.4
04.09. 05:00,73.2
04.09. 05:15,73.2
04.09. 05:30,73.2
04.09. 05:45,73.2
04.09. 06:00,137.6
04.09. 06:15,137.6
04.09. 06:30,137.6
04.09. 06:45,137.6
04.09. 07:00,195.0
04.09. 07:15,195.0
04.09. 07:30,195.0
04.09. 07:45,195.0
04.09. 08:00,208.0
04.09. 08:15,208.0
04.09. 08:30,208.0
04.09. 08:45,208.0
04.09. 09:00,218.4
04.09. 09:15,218.4
04.09. 09:30,218.4
04.09. 09:45,218.4
04.09. 10:00,230.1
04.09. 10:15,230.1
04.09. 10:30,230.1
04.09. 10:45,230.1
04.09. 11:00,255.8
04.09. 11:15,255.8
04.09. 11:30,255.8
04.09. 11:45,255.8
04.09. 12:00,271.7
04.09. 12:15,271.7
04.09. 12:30,271.7
04.09. 12:45,271.7
04.09. 13:00,293.1
04.09. 13:15,293.1
04.09. 13:30,293.1
04.09. 13:45,293.1
04.09. 14:00,262.7
04.09. 14:15,262.7
04.09. 14:30,262.7
04.09. 14:45,262.7
04.09. 15:00,250.8
04.09. 15:15,250.8
04.09. 15:30,250.8
04.09. 15:45,250.8
04.09. 16:00,243.2
04.09. 16:15,243.2
04.09. 16:30,243.2
04.09. 16:45,243.2
04.09. 17:00,244.4
04.09. 17:15,244.4
04.09. 17:30,244.4
04.09. 17:45,244.4
04.09. 18:00,247.6
04.09. 18:15,247.6
04.09. 18:30,247.6
04.09. 18:45,247.6
04.09. 19:00,278.5
04.09. 19:15,278.5
04.09. 19:30,278.5
04.09. 19:45,278.5
04.09. 20:00,263.8
04.09. 20:15,263.8
04.09. 20:30,263.8
04.09. 20:45,263.8
04.09. 21:00,249.8
04.09. 21:15,249.8
04.09. 21:30,249.8
04.09. 21:45,249.8
04.09. 22:00,184.2
04.09. 22:15,184.2
04.09. 22:30,184.2
04.09. 22:45,184.2
04.09. 23:00,130.0
04.09. 23:15,130.0
04.09. 23:30,130.0
04.09. 23:45,130.0
05.09. 00:00,79.5
05.09. 00:15,79.5
05.09. 00:30,79.5
05.09. 00:45,79.5
05.09. 01:00,70.7
05.09. 01:15,70.7
05.09. 01:30,70.7
05.09. 01:45,70.7
05.09. 02:00,52.3
05.09. 02:15,52.3
05.09. 02:30,52.3
05.09. 02:45,52.3
05.09. 03:00,56.4
05.09. 03:15,56.4
05.09. 03:30,56.4
05.09. 03:45,56.4
05.09. 04:00,65.3
05.09. 04:15,65.3
05.09. 04:30,65.3
05.09. 04:45,65.3
05.09. 05:00,88.4
05.09. 05:15,88.4
05.09. 05:30,88.4
05.09. 05:45,88.4
05.09. 06:00,162.8
05.09. 06:15,162.8
05.09. 06:30,162.8
05.09. 06:45,162.8
05.09. 07:00,209.3
05.09. 07:15,209.3
05.09. 07:30,209.3
05.09. 07:45,209.3
05.09. 08:00,242.9
05.09. 08:15,242.9
05.09. 08:30,242.9
05.09. 08:45,242.9
05.09. 09:00,271.5
05.09. 09:15,271.5
05.09. 09:30,271.5
05.09. 09:45,271.5
05.09. 10:00,279.9
05.09. 10:15,279.9
05.09. 10:30,279.9
05.09. 10:45,279.9
05.09. 11:00,291.8
05.09. 11:15,291.8
05.09. 11:30,291.8
05.09. 11:45,291.8
05.09. 12:00,313.4
05.09. 12:15,313.4
05.09. 12:30,313.4
05.09. 12:45,313.4
05.09. 13:00,330.3
05.09. 13:15,330.3
05.09. 13:30,330.3
05.09. 13:45,330.3
05.09. 14:00,310.1
05.09. 14:15,310.1
05.09. 14:30,310.1
05.09. 14:45,310.1
05.09. 15:00,321.6
05.09. 15:15,321.6
05.09. 15:30,321.6
05.09. 15:45,321.6
05.09. 16:00,275.7
05.09. 16:15,275.7
05.09. 16:30,275.7
05.09. 16:45,275.7
05.09. 17:00,276.0
05.09. 17:15,276.0
05.09. 17:30,276.0
05.09. 17:45,276.0
05.09. 18:00,254.5
05.09. 18:15,254.5
05.09. 18:30,254.5
05.09. 18:45,254.5
05.09. 19:00,307.7
05.09. 19:15,307.7
05.09. 19:30,307.7
05.09. 19:45,307.7
05.09. 20:00,284.9
05.09. 20:15,284.9
05.09. 20:30,284.9
05.09. 20:45,284.9
05.09. 21:00,260.7
05.09. 21:15,260.7
05.09. 21:30,260.7
05.09. 21:45,260.7
05.09. 22:00,207.2
05.09. 22:15,207.2
05.09. 22:30,207.2
05.09. 22:45,207.2
05.09. 23:00,169.6
05.09. 23:15,169.6
05.09. 23:30,169.6
05.09. 23:45,169.6
06.09. 00:00,105.4
06.09. 00:15,105.4
06.09. 00:30,105.4
06.09. 00:45,105.4
06.09. 01:00,81.8
06.09. 01:15,81.8
06.09. 01:30,81.8
06.09. 01:45,81.8
06.09. 02:00,59.5
06.09. 02:15,59.5
06.09. 02:30,59.5
06.09. 02:45,59.5
06.09. 03:00,54.7
06.09. 03:15,54.7
06.09. 03:30,54.7
06.09. 03:45,54.7
06.09. 04:00,59.7
06.09. 04:15,59.7
06.09. 04:30,59.7
06.09. 04:45,59.7
06.09. 05:00,75.3
06.09. 05:15,75.3
06.09. 05:30,75.3
06.09. 05:45,75.3
06.09. 06:00,143.7
06.09. 06:15,143.7
06.09. 06:30,143.7
06.09. 06:45,143.7
06.09. 07:00,201.2
06.09. 07:15,201.2
06.09. 07:30,201.2
06.09. 07:45,201.2
06.09. 08:00,234.6
06.09. 08:15,234.6
06.09. 08:30,234.6
06.09. 08:45,234.6
06.09. 09:00,238.5
06.09. 09:15,238.5
06.09. 09:30,238.5
06.09. 09:45,238.5
06.09. 10:00,265.3
06.09. 10:15,265.3
06.09. 10:30,265.3
06.09. 10:45,265.3
06.09. 11:00,270.5
06.09. 11:15,270.5
06.09. 11:30,270.5
06.09. 11:45,270.5
06.09. 12:00,344.6
06.09. 12:15,344.6
06.09. 12:30,344.6
06.09. 12:45,344.6
06.09. 13:00,345.9
06.09. 13:15,345.9
06.09. 13:30,345.9
06.09. 13:45,345.9
06.09. 14:00,343.2
06.09. 14:15,343.2
06.09. 14:30,343.2
06.09. 14:45,343.2
06.09. 15:00,324.1
06.09. 15:15,324.1
06.09. 15:30,324.1
06.09. 15:45,324.1
06.09. 16:00,301.3
06.09. 16:15,301.3
06.09. 16:30,301.3
06.09. 16:45,301.3
06.09. 17:00,285.7
06.09. 17:15,285.7
06.09. 17:30,285.7
06.09. 17:45,285.7
06.09. 18:00,277.0
06.09. 18:15,277.0
06.09. 18:30,277.0
06.09. 18:45,277.0
06.09. 19:00,298.8
06.09. 19:15,298.8
06.09. 19:30,298.8
06.09. 19:45,298.8
06.09. 20:00,283.5
06.09. 20:15,283.5
06.09. 20:30,283.5
06.09. 20:45,283.5
06.09. 21:00,298.7
06.09. 21:15,298.7
06.09. 21:30,298.7
06.09. 21:45,298.7
06.09. 22:00,227.0
06.09. 22:15,227.0
06.09. 22:30,227.0
06.09. 22:45,227.0
06.09. 23:00,151.3
06.09. 23:15,151.3
06.09. 23:30,151.3
06.09. 23:45,151.3
07.09. 00:00,65.9
07.09. 00:15,65.9
07.09. 00:30,65.9
07.09. 00:45,65.9
07.09. 01:00,54.6
07.09. 01:15,54.6
07.09. 01:30,54.6
07.09. 01:45,54.6
07.09. 02:00,46.5
07.09. 02:15,46.5
07.09. 02:30,46.5
07.09. 02:45,46.5
07.09. 03:00,46.7
07.09. 03:15,46.7
07.09. 03:30,46.7
07.09. 03:45,46.7
07.09. 04:00,51.5
07.09. 04:15,51.5
07.09. 04:30,51.5
07.09. 04:45,51.5
07.09. 05:00,75.6
07.09. 05:15,75.6
07.09. 05:30,75.6
07.09. 05:45,75.6
07.09. 06:00,134.0
07.09. 06:15,134.0
07.09. 06:30,134.0
07.09. 06:45,134.0
07.09. 07:00,172.6
07.09. 07:15,172.6
07.09. 07:30,172.6
07.09. 07:45,172.6
07.09. 08:00,180.6
07.09. 08:15,180.6
07.09. 08:30,180.6
07.09. 08:45,180.6
07.09. 09:00,172.5
07.09. 09:15,172.5
07.09. 09:30,172.5
07.09. 09:45,172.5
07.09. 10:00,179.0
07.09. 10:15,179.0
07.09. 10:30,179.0
07.09. 10:45,179.0
07.09. 11:00,216.7
07.09. 11:15,216.7
07.09. 11:30,216.7
07.09. 11:45,216.7
07.09. 12:00,233.8
07.09. 12:15,233.8
07.09. 12:30,233.8
07.09. 12:45,233.8
07.09. 13:00,221.4
07.09. 13:15,221.4
07.09. 13:30,221.4
07.09. 13:45,221.4
07.09. 14:00,217.0
07.09. 14:15,217.0
07.09. 14:30,217.0
07.09. 14:45,217.0
07.09. 15:00,203.1
07.09. 15:15,203.1
07.09. 15:30,203.1
07.09. 15:45,203.1
07.09. 16:00,207.5
07.09. 16:15,207.5
07.09. 16:30,207.5
07.09. 16:45,207.5
07.09. 17:00,202.9
07.09. 17:15,202.9
07.09. 17:30,202.9
07.09. 17:45,202.9
07.09. 18:00,196.8
07.09. 18:15,196.8
07.09. 18:30,196.8
07.09. 18:45,196.8
07.09. 19:00,221.9
07.09. 19:15,221.9
07.09. 19:30,221.9
07.09. 19:45,221.9
07.09. 20:00,221.9
07.09. 20:15,221.9
07.09. 20:30,221.9
07.09. 20:45,221.9
07.09. 21:00,212.4
07.09. 21:15,212.4
07.09. 21:30,212.4
07.09. 21:45,212.4
07.09. 22:00,161.0
07.09. 22:15,161.0
07.09. 22:30,161.0
07.09. 22:45,161.0
07.09. 23:00,116.6
07.09. 23:15,116.6
07.09. 23:30,116.6
07.09. 23:45,116.6
08.09. 00:00,69.3
08.09. 00:15,69.3
08.09. 00:30,69.3
08.09. 00:45,69.3
08.09. 01:00,67.0
08.09. 01:15,67.0
08.09. 01:30,67.0
08.09. 01:45,67.0
08.09. 02:00,56.8
08.09. 02:15,56.8
08.09. 02:30,56.8
08.09. 02:45,56.8
08.09. 03:00,46.9
08.09. 03:15,46.9
08.09. 03:30,46.9
08.09. 03:45,46.9
08.09. 04:00,45.0
08.09. 04:15,45.0
08.09. 04:30,45.0
08.09. 04:45,45.0
08.09. 05:00,51.4
08.09. 05:15,51.4
08.09. 05:30,51.4
08.09. 05:45,51.4
08.09. 06:00,56.5
08.09. 06:15,56.5
08.09. 06:30,56.5
08.09. 06:45,56.5
08.09. 07:00,88.8
08.09. 07:15,88.8
08.09. 07:30,88.8
08.09. 07:45,88.8
08.09. 08:00,152.9
08.09. 08:15,152.9
08.09. 08:30,152.9
08.09. 08:45,152.9
08.09. 09:00,186.1
08.09. 09:15,186.1
08.09. 09:30,186.1
08.09. 09:45,186.1
08.09. 10:00,202.5
08.09. 10:15,202.5
08.09. 10:30,202.5
08.09. 10:45,202.5
08.09. 11:00,239.2
08.09. 11:15,239.2
08.09. 11:30,239.2
08.09. 11:45,239.2
08.09. 12:00,245.5
08.09. 12:15,245.5
08.09. 12:30,245.5
08.09. 12:45,245.5
08.09. 13:00,245.4
08.09. 13:15,245.4
08.09. 13:30,245.4
08.09. 13:45,245.4
08.09. 14:00,221.7
08.09. 14:15,221.7
08.09. 14:30,221.7
08.09. 14:45,221.7
08.09. 15:00,199.3
08.09. 15:15,199.3
08.09. 15:30,199.3
08.09. 15:45,199.3
08.09. 16:00,190.1
08.09. 16:15,190.1
08.09. 16:30,190.1
08.09. 16:45,190.1
08.09. 17:00,184.6
08.09. 17:15,184.6
08.09. 17:30,184.6
08.09. 17:45,184.6
08.09. 18:00,225.6
08.09. 18:15,225.6
08.09. 18:30,225.6
08.09. 18:45,225.6
08.09. 19:00,238.4
08.09. 19:15,238.4
08.09. 19:30,238.4
08.09. 19:45,238.4
08.09. 20:00,214.7
08.09. 20:15,214.7
08.09. 20:30,214.7
08.09. 20:45,214.7
08.09. 21:00,179.2
08.09. 21:15,179.2
08.09. 21:30,179.2
08.09. 21:45,179.2
08.09. 22:00,140.6
08.09. 22:15,140.6
08.09. 22:30,140.6
08.09. 22:45,140.6
08.09. 23:00,102.9
08.09. 23:15,102.9
08.09. 23:30,102.9
08.09. 23:45,102.9
09.09. 00:00,77.4
09.09. 00:15,77.4
09.09. 00:30,77.4
09.09. 00:45,77.4
09.09. 01:00,58.0
09.09. 01:15,58.0
09.09. 01:30,58.0
09.09. 01:45,58.0
09.09. 02:00,49.2
09.09. 02:15,49.2
09.09. 02:30,49.2
09.09. 02:45,49.2
09.09. 03:00,44.1
09.09. 03:15,44.1
09.09. 03:30,44.1
09.09. 03:45,44.1
09.09. 04:00,46.0
09.09. 04:15,46.0
09.09. 04:30,46.0
09.09. 04:45,46.0
09.09. 05:00,48.6
09.09. 05:15,48.6
09.09. 05:30,48.6
09.09. 05:45,48.6
09.09. 06:00,45.7
09.09. 06:15,45.7
09.09. 06:30,45.7
09.09. 06:45,45.7
09.09. 07:00,57.9
09.09. 07:15,57.9
09.09. 07:30,57.9
09.09. 07:45,57.9
09.09. 08:00,100.1
09.09. 08:15,100.1
09.09. 08:30,100.1
09.09. 08:45,100.1
09.09. 09:00,161.7
09.09. 09:15,161.7
09.09. 09:30,161.7
09.09. 09:45,161.7
09.09. 10:00,232.6
09.09. 10:15,232.6
09.09. 10:30,232.6
09.09. 10:45,232.6
09.09. 11:00,257.6
09.09. 11:15,257.6
09.09. 11:30,257.6
09.09. 11:45,257.6
09.09. 12:00,260.6
09.09. 12:15,260.6
09.09. 12:30,260.6
09.09. 12:45,260.6
09.09. 13:00,258.6
09.09. 13:15,258.6
09.09. 13:30,258.6
09.09. 13:45,258.6
09.09. 14:00,210.8
09.09. 14:15,210.8
09.09. 14:30,210.8
09.09. 14:45,210.8
09.09. 15:00,157.1
09.09. 15:15,157.1
09.09. 15:30,157.1
09.09. 15:45,157.1
09.09. 16:00,150.2
09.09. 16:15,150.2
09.09. 16:30,150.2
09.09. 16:45,150.2
09.09. 17:00,154.4
09.09. 17:15,154.4
09.09. 17:30,154.4
09.09. 17:45,154.4
09.09. 18:00,148.9
09.09. 18:15,148.9
09.09. 18:30,148.9
09.09. 18:45,148.9
09.09. 19:00,174.0
09.09. 19:15,174.0
09.09. 19:30,174.0
09.09. 19:45,174.0
09.09. 20:00,184.9
09.09. 20:15,184.9
09.09. 20:30,184.9
09.09. 20:45,184.9
09.09. 21:00,165.6
09.09. 21:15,165.6
09.09. 21:30,165.6
09.09. 21:45,165.6
09.09. 22:00,147.4
09.09. 22:15,147.4
09.09. 22:30,147.4
09.09. 22:45,147.4
09.09. 23:00,102.6
09.09. 23:15,102.6
09.09. 23:30,102.6
09.09. 23:45,102.6
10.09. 00:00,53.9
10.09. 00:15,53.9
10.09. 00:30,53.9
10.09. 00:45,53.9
10.09. 01:00,46.7
10.09. 01:15,46.7
10.09. 01:30,46.7
10.09. 01:45,46.7
10.09. 02:00,40.6
10.09. 02:15,40.6
10.09. 02:30,40.6
10.09. 02:45,40.6
10.09. 03:00,40.2
10.09. 03:15,40.2
10.09. 03:30,40.2
10.09. 03:45,40.2
10.09. 04:00,46.6
10.09. 04:15,46.6
10.09. 04:30,46.6
10.09. 04:45,46.6
10.09. 05:00,68.6
10.09. 05:15,68.6
10.09. 05:30,68.6
10.09. 05:45,68.6
10.09. 06:00,134.9
10.09. 06:15,134.9
10.09. 06:30,134.9
10.09. 06:45,134.9
10.09. 07:00,168.4
10.09. 07:15,168.4
10.09. 07:30,168.4
10.09. 07:45,168.4
10.09. 08:00,176.7
10.09. 08:15,176.7
10.09. 08:30,176.7
10.09. 08:45,176.7
10.09. 09:00,160.7
10.09. 09:15,160.7
10.09. 09:30,160.7
10.09. 09:45,160.7
10.09. 10:00,151.5
10.09. 10:15,151.5
10.09. 10:30,151.5
10.09. 10:45,151.5
10.09. 11:00,144.8
10.09. 11:15,144.8
10.09. 11:30,144.8
10.09. 11:45,144.8
10.09. 12:00,156.6
10.09. 12:15,156.6
10.09. 12:30,156.6
10.09. 12:45,156.6
10.09. 13:00,158.0
10.09. 13:15,158.0
10.09. 13:30,158.0
10.09. 13:45,158.0
10.09. 14:00,147.0
10.09. 14:15,147.0
10.09. 14:30,147.0
10.09. 14:45,147.0
10.09. 15:00,127.5
10.09. 15:15,127.5
10.09. 15:30,127.5
10.09. 15:45,127.5
10.09. 16:00,130.6
10.09. 16:15,130.6
10.09. 16:30,130.6
10.09. 16:45,130.6
10.09. 17:00,140.9
10.09. 17:15,140.9
10.09. 17:30,140.9
10.09. 17:45,140.9
10.09. 18:00,176.1
10.09. 18:15,176.1
10.09. 18:30,176.1
10.09. 18:45,176.1
10.09. 19:00,210.2
10.09. 19:15,210.2
10.09. 19:30,210.2
10.09. 19:45,210.2
10.09. 20:00,223.0
10.09. 20:15,223.0
10.09. 20:30,223.0
10.09. 20:45,223.0
10.09. 21:00,191.8
10.09. 21:15,191.8
10.09. 21:30,191.8
10.09. 21:45,191.8
10.09. 22:00,161.7
10.09. 22:15,161.7
10.09. 22:30,161.7
10.09. 22:45,161.7
10.09. 23:00,119.2
10.09. 23:15,119.2
10.09. 23:30,119.2
10.09. 23:45,119.2
11.09. 00:00,60.0
11.09. 00:15,60.0
11.09. 00:30,60.0
11.09. 00:45,60.0
11.09. 01:00,48.8
11.09. 01:15,48.8
11.09. 01:30,48.8
11.09. 01:45,48.8
11.09. 02:00,42.2
11.09. 02:15,42.2
11.09. 02:30,42.2
11.09. 02:45,42.2
11.09. 03:00,46.3
11.09. 03:15,46.3
11.09. 03:30,46.3
11.09. 03:45,46.3
11.09. 04:00,47.4
11.09. 04:15,47.4
11.09. 04:30,47.4
11.09. 04:45,47.4
11.09. 05:00,70.8
11.09. 05:15,70.8
11.09. 05:30,70.8
11.09. 05:45,70.8
11.09. 06:00,139.2
11.09. 06:15,139.2
11.09. 06:30,139.2
11.09. 06:45,139.2
11.09. 07:00,162.6
11.09. 07:15,162.6
11.09. 07:30,162.6
11.09. 07:45,162.6
11.09. 08:00,179.2
11.09. 08:15,179.2
11.09. 08:30,179.2
11.09. 08:45,179.2
11.09. 09:00,172.5
11.09. 09:15,172.5
11.09. 09:30,172.5
11.09. 09:45,172.5
11.09. 10:00,159.8
11.09. 10:15,159.8
11.09. 10:30,159.8
11.09. 10:45,159.8
11.09. 11:00,158.2
11.09. 11:15,158.2
11.09. 11:30,158.2
11.09. 11:45,158.2
11.09. 12:00,177.9
11.09. 12:15,177.9
11.09. 12:30,177.9
11.09. 12:45,177.9
11.09. 13:00,182.6
11.09. 13:15,182.6
11.09. 13:30,182.6
11.09. 13:45,182.6
11.09. 14:00,175.8
11.09. 14:15,175.8
11.09. 14:30,175.8
11.09. 14:45,175.8
11.09. 15:00,162.4
11.09. 15:15,162.4
11.09. 15:30,162.4
11.09. 15:45,162.4
11.09. 16:00,154.2
11.09. 16:15,154.2
11.09. 16:30,154.2
11.09. 16:45,154.2
11.09. 17:00,165.3
11.09. 17:15,165.3
11.09. 17:30,165.3
11.09. 17:45,165.3
11.09. 18:00,188.6
11.09. 18:15,188.6
11.09. 18:30,188.6
11.09. 18:45,188.6
11.09. 19:00,200.8
11.09. 19:15,200.8
11.09. 19:30,200.8
11.09. 19:45,200.8
11.09. 20:00,238.6
11.09. 20:15,238.6
11.09. 20:30,238.6
11.09. 20:45,238.6
11.09. 21:00,219.1
11.09. 21:15,219.1
11.09. 21:30,219.1
11.09. 21:45,219.1
11.09. 22:00,168.3
11.09. 22:15,168.3
11.09. 22:30,168.3
11.09. 22:45,168.3
11.09. 23:00,108.8
11.09. 23:15,108.8
11.09. 23:30,108.8
11.09. 23:45,108.8
12.09. 00:00,70.0
12.09. 00:15,70.0
12.09. 00:30,70.0
12.09. 00:45,70.0
12.09. 01:00,67.0
12.09. 01:15,67.0
12.09. 01:30,67.0
12.09. 01:45,67.0
12.09. 02:00,53.7
12.09. 02:15,53.7
12.09. 02:30,53.7
12.09. 02:45,53.7
12.09. 03:00,54.4
12.09. 03:15,54.4
12.09. 03:30,54.4
12.09. 03:45,54.4
12.09. 04:00,64.2
12.09. 04:15,64.2
12.09. 04:30,64.2
12.09. 04:45,64.2
12.09. 05:00,80.2
12.09. 05:15,80.2
12.09. 05:30,80.2
12.09. 05:45,80.2
12.09. 06:00,142.5
12.09. 06:15,142.5
12.09. 06:30,142.5
12.09. 06:45,142.5
12.09. 07:00,185.9
12.09. 07:15,185.9
12.09. 07:30,185.9
12.09. 07:45,185.9
12.09. 08:00,180.4
12.09. 08:15,180.4
12.09. 08:30,180.4
12.09. 08:45,180.4
12.09. 09:00,185.6
12.09. 09:15,185.6
12.09. 09:30,185.6
12.09. 09:45,185.6
12.09. 10:00,199.5
12.09. 10:15,199.5
12.09. 10:30,199.5
12.09. 10:45,199.5
12.09. 11:00,215.9
12.09. 11:15,215.9
12.09. 11:30,215.9
12.09. 11:45,215.9
12.09. 12:00,223.8
12.09. 12:15,223.8
12.09. 12:30,223.8
12.09. 12:45,223.8
12.09. 13:00,239.3
12.09. 13:15,239.3
12.09. 13:30,239.3
12.09. 13:45,239.3
12.09. 14:00,218.8
12.09. 14:15,218.8
12.09. 14:30,218.8
12.09. 14:45,218.8
12.09. 15:00,209.3
12.09. 15:15,209.3
12.09. 15:30,209.3
12.09. 15:45,209.3
12.09. 16:00,215.1
12.09. 16:15,215.1
12.09. 16:30,215.1
12.09. 16:45,215.1
12.09. 17:00,217.6
12.09. 17:15,217.6
12.09. 17:30,217.6
12.09. 17:45,217.6
12.09. 18:00,231.7
12.09. 18:15,231.7
12.09. 18:30,231.7
12.09. 18:45,231.7
12.09. 19:00,245.7
12.09. 19:15,245.7
12.09. 19:30,245.7
12.09. 19:45,245.7
12.09. 20:00,248.1
12.09. 20:15,248.1
12.09. 20:30,248.1
12.09. 20:45,248.1
12.09. 21:00,231.4
12.09. 21:15,231.4
12.09. 21:30,231.4
12.09. 21:45,231.4
12.09. 22:00,186.5
12.09. 22:15,186.5
12.09. 22:30,186.5
12.09. 22:45,186.5
12.09. 23:00,127.8
12.09. 23:15,127.8
12.09. 23:30,127.8
12.09. 23:45,127.8
13.09. 00:00,67.1
13.09. 00:15,67.1
13.09. 00:30,67.1
13.09. 00:45,67.1
13.09. 01:00,60.0
13.09. 01:15,60.0
13.09. 01:30,60.0
13.09. 01:45,60.0
13.09. 02:00,47.6
13.09. 02:15,47.6
13.09. 02:30,47.6
13.09. 02:45,47.6
13.09. 03:00,48.5
13.09. 03:15,48.5
13.09. 03:30,48.5
13.09. 03:45,48.5
13.09. 04:00,55.4
13.09. 04:15,55.4
13.09. 04:30,55.4
13.09. 04:45,55.4
13.09. 05:00,76.0
13.09. 05:15,76.0
13.09. 05:30,76.0
13.09. 05:45,76.0
13.09. 06:00,135.2
13.09. 06:15,135.2
13.09. 06:30,135.2
13.09. 06:45,135.2
13.09. 07:00,182.9
13.09. 07:15,182.9
13.09. 07:30,182.9
13.09. 07:45,182.9
13.09. 08:00,191.1
13.09. 08:15,191.1
13.09. 08:30,191.1
13.09. 08:45,191.1
13.09. 09:00,204.6
13.09. 09:15,204.6
13.09. 09:30,204.6
13.09. 09:45,204.6
13.09. 10:00,228.8
13.09. 10:15,228.8
13.09. 10:30,228.8
13.09. 10:45,228.8
13.09. 11:00,222.5
13.09. 11:15,222.5
13.09. 11:30,222.5
13.09. 11:45,222.5
13.09. 12:00,247.9
13.09. 12:15,247.9
13.09. 12:30,247.9
13.09. 12:45,247.9
13.09. 13:00,235.7
13.09. 13:15,235.7
13.09. 13:30,235.7
13.09. 13:45,235.7
13.09. 14:00,233.7
13.09. 14:15,233.7
13.09. 14:30,233.7
13.09. 14:45,233.7
13.09. 15:00,211.5
13.09. 15:15,211.5
13.09. 15:30,211.5
13.09. 15:45,211.5
13.09. 16:00,200.1
13.09. 16:15,200.1
13.09. 16:30,200.1
13.09. 16:45,200.1
13.09. 17:00,209.8
13.09. 17:15,209.8
13.09. 17:30,209.8
13.09. 17:45,209.8
13.09. 18:00,226.0
13.09. 18:15,226.0
13.09. 18:30,226.0
13.09. 18:45,226.0
13.09. 19:00,250.3
13.09. 19:15,250.3
13.09. 19:30,250.3
13.09. 19:45,250.3
13.09. 20:00,240.9
13.09. 20:15,240.9
13.09. 20:30,240.9
13.09. 20:45,240.9
13.09. 21:00,216.4
13.09. 21:15,216.4
13.09. 21:30,216.4
13.09. 21:45,216.4
13.09. 22:00,173.8
13.09. 22:15,173.8
13.09. 22:30,173.8
13.09. 22:45,173.8
13.09. 23:00,119.1
13.09. 23:15,119.1
13.09. 23:30,119.1
13.09. 23:45,119.1
14.09. 00:00,56.8
14.09. 00:15,56.8
14.09. 00:30,56.8
14.09. 00:45,56.8
14.09. 01:00,49.3
14.09. 01:15,49.3
14.09. 01:30,49.3
14.09. 01:45,49.3
14.09. 02:00,41.6
14.09. 02:15,41.6
14.09. 02:30,41.6
14.09. 02:45,41.6
14.09. 03:00,45.9
14.09. 03:15,45.9
14.09. 03:30,45.9
14.09. 03:45,45.9
14.09. 04:00,51.1
14.09. 04:15,51.1
14.09. 04:30,51.1
14.09. 04:45,51.1
14.09. 05:00,72.2
14.09. 05:15,72.2
14.09. 05:30,72.2
14.09. 05:45,72.2
14.09. 06:00,142.7
14.09. 06:15,142.7
14.09. 06:30,142.7
14.09. 06:45,142.7
14.09. 07:00,184.6
14.09. 07:15,184.6
14.09. 07:30,184.6
14.09. 07:45,184.6
14.09. 08:00,175.3
14.09. 08:15,175.3
14.09. 08:30,175.3
14.09. 08:45,175.3
14.09. 09:00,172.2
14.09. 09:15,172.2
14.09. 09:30,172.2
14.09. 09:45,172.2
14.09. 10:00,158.9
14.09. 10:15,158.9
14.09. 10:30,158.9
14.09. 10:45,158.9
14.09. 11:00,153.0
14.09. 11:15,153.0
14.09. 11:30,153.0
14.09. 11:45,153.0
14.09. 12:00,163.6
14.09. 12:15,163.6
14.09. 12:30,163.6
14.09. 12:45,163.6
14.09. 13:00,174.7
14.09. 13:15,174.7
14.09. 13:30,174.7
14.09. 13:45,174.7
14.09. 14:00,144.9
14.09. 14:15,144.9
14.09. 14:30,144.9
14.09. 14:45,144.9
14.09. 15:00,143.0
14.09. 15:15,143.0
14.09. 15:30,143.0
14.09. 15:45,143.0
14.09. 16:00,130.4
14.09. 16:15,130.4
14.09. 16:30,130.4
14.09. 16:45,130.4
14.09. 17:00,151.0
14.09. 17:15,151.0
14.09. 17:30,151.0
14.09. 17:45,151.0
14.09. 18:00,186.2
14.09. 18:15,186.2
14.09. 18:30,186.2
14.09. 18:45,186.2
14.09. 19:00,218.3
14.09. 19:15,218.3
14.09. 19:30,218.3
14.09. 19:45,218.3
14.09. 20:00,230.6
14.09. 20:15,230.6
14.09. 20:30,230.6
14.09. 20:45,230.6
14.09. 21:00,209.4
14.09. 21:15,209.4
14.09. 21:30,209.4
14.09. 21:45,209.4
14.09. 22:00,167.1
14.09. 22:15,167.1
14.09. 22:30,167.1
14.09. 22:45,167.1
14.09. 23:00,115.7
14.09. 23:15,115.7
14.09. 23:30,115.7
14.09. 23:45,115.7
15.09. 00:00,74.8
15.09. 00:15,74.8
15.09. 00:30,74.8
15.09. 00:45,74.8
15.09. 01:00,70.1
15.09. 01:15,70.1
15.09. 01:30,70.1
15.09. 01:45,70.1
15.09. 02:00,61.6
15.09. 02:15,61.6
15.09. 02:30,61.6
15.09. 02:45,61.6
15.09. 03:00,49.4
15.09. 03:15,49.4
15.09. 03:30,49.4
15.09. 03:45,49.4
15.09. 04:00,56.2
15.09. 04:15,56.2
15.09. 04:30,56.2
15.09. 04:45,56.2
15.09. 05:00,59.2
15.09. 05:15,59.2
15.09. 05:30,59.2
15.09. 05:45,59.2
15.09. 06:00,68.8
15.09. 06:15,68.8
15.09. 06:30,68.8
15.09. 06:45,68.8
15.09. 07:00,104.7
15.09. 07:15,104.7
15.09. 07:30,104.7
15.09. 07:45,104.7
15.09. 08:00,154.1
15.09. 08:15,154.1
15.09. 08:30,154.1
15.09. 08:45,154.1
15.09. 09:00,198.3
15.09. 09:15,198.3
15.09. 09:30,198.3
15.09. 09:45,198.3
15.09. 10:00,206.3
15.09. 10:15,206.3
15.09. 10:30,206.3
15.09. 10:45,206.3
15.09. 11:00,228.1
15.09. 11:15,228.1
15.09. 11:30,228.1
15.09. 11:45,228.1
15.09. 12:00,222.0
15.09. 12:15,222.0
15.09. 12:30,222.0
15.09. 12:45,222.0
15.09. 13:00,213.4
15.09. 13:15,213.4
15.09. 13:30,213.4
15.09. 13:45,213.4
15.09. 14:00,179.9
15.09. 14:15,179.9
15.09. 14:30,179.9
15.09. 14:45,179.9
15.09. 15:00,178.4
15.09. 15:15,178.4
15.09. 15:30,178.4
15.09. 15:45,178.4
15.09. 16:00,170.7
15.09. 16:15,170.7
15.09. 16:30,170.7
15.09. 16:45,170.7
15.09. 17:00,189.4
15.09. 17:15,189.4
15.09. 17:30,189.4
15.09. 17:45,189.4
15.09. 18:00,224.4
15.09. 18:15,224.4
15.09. 18:30,224.4
15.09. 18:45,224.4
15.09. 19:00,219.1
15.09. 19:15,219.1
15.09. 19:30,219.1
15.09. 19:45,219.1
15.09. 20:00,227.1
15.09. 20:15,227.1
15.09. 20:30,227.1
15.09. 20:45,227.1
15.09. 21:00,170.5
15.09. 21:15,170.5
15.09. 21:30,170.5
15.09. 21:45,170.5
15.09. 22:00,146.6
15.09. 22:15,146.6
15.09. 22:30,146.6
15.09. 22:45,146.6
15.09. 23:00,106.2
15.09. 23:15,106.2
15.09. 23:30,106.2
15.09. 23:45,106.2
16.09. 00:00,75.6
16.09. 00:15,75.6
16.09. 00:30,75.6
16.09. 00:45,75.6
16.09. 01:00,72.8
16.09. 01:15,72.8
16.09. 01:30,72.8
16.09. 01:45,72.8
16.09. 02:00,60.2
16.09. 02:15,60.2
16.09. 02:30,60.2
16.09. 02:45,60.2
16.09. 03:00,55.5
16.09. 03:15,55.5
16.09. 03:30,55.5
16.09. 03:45,55.5
16.09. 04:00,55.8
16.09. 04:15,55.8
16.09. 04:30,55.8
16.09. 04:45,55.8
16.09. 05:00,63.1
16.09. 05:15,63.1
16.09. 05:30,63.1
16.09. 05:45,63.1
16.09. 06:00,60.6
16.09. 06:15,60.6
16.09. 06:30,60.6
16.09. 06:45,60.6
16.09. 07:00,75.1
16.09. 07:15,75.1
16.09. 07:30,75.1
16.09. 07:45,75.1
16.09. 08:00,98.5
16.09. 08:15,98.5
16.09. 08:30,98.5
16.09. 08:45,98.5
16.09. 09:00,176.8
16.09. 09:15,176.8
16.09. 09:30,176.8
16.09. 09:45,176.8
16.09. 10:00,225.4
16.09. 10:15,225.4
16.09. 10:30,225.4
16.09. 10:45,225.4
16.09. 11:00,211.8
16.09. 11:15,211.8
16.09. 11:30,211.8
16.09. 11:45,211.8
16.09. 12:00,272.6
16.09. 12:15,272.6
16.09. 12:30,272.6
16.09. 12:45,272.6
16.09. 13:00,235.1
16.09. 13:15,235.1
16.09. 13:30,235.1
16.09. 13:45,235.1
16.09. 14:00,206.0
16.09. 14:15,206.0
16.09. 14:30,206.0
16.09. 14:45,206.0
16.09. 15:00,168.6
16.09. 15:15,168.6
16.09. 15:30,168.6
16.09. 15:45,168.6
16.09. 16:00,164.0
16.09. 16:15,164.0
16.09. 16:30,164.0
16.09. 16:45,164.0
16.09. 17:00,155.1
16.09. 17:15,155.1
16.09. 17:30,155.1
16.09. 17:45,155.1
16.09. 18:00,170.0
16.09. 18:15,170.0
16.09. 18:30,170.0
16.09. 18:45,170.0
16.09. 19:00,178.4
16.09. 19:15,178.4
16.09. 19:30,178.4
16.09. 19:45,178.4
16.09. 20:00,216.4
16.09. 20:15,216.4
16.09. 20:30,216.4
16.09. 20:45,216.4
16.09. 21:00,197.1
16.09. 21:15,197.1
16.09. 21:30,197.1
16.09. 21:45,197.1
16.09. 22:00,169.7
16.09. 22:15,169.7
16.09. 22:30,169.7
16.09. 22:45,169.7
16.09. 23:00,119.8
16.09. 23:15,119.8
16.09. 23:30,119.8
16.09. 23:45,119.8
17.09. 00:00,68.0
17.09. 00:15,68.0
17.09. 00:30,68.0
17.09. 00:45,68.0
17.09. 01:00,62.2
17.09. 01:15,62.2
17.09. 01:30,62.2
17.09. 01:45,62.2
17.09. 02:00,58.8
17.09. 02:15,58.8
17.09. 02:30,58.8
17.09. 02:45,58.8
17.09. 03:00,50.7
17.09. 03:15,50.7
17.09. 03:30,50.7
17.09. 03:45,50.7
17.09. 04:00,59.1
17.09. 04:15,59.1
17.09. 04:30,59.1
17.09. 04:45,59.1
17.09. 05:00,89.4
17.09. 05:15,89.4
17.09. 05:30,89.4
17.09. 05:45,89.4
17.09. 06:00,171.7
17.09. 06:15,171.7
17.09. 06:30,171.7
17.09. 06:45,171.7
17.09. 07:00,200.0
17.09. 07:15,200.0
17.09. 07:30,200.0
17.09. 07:45,200.0
17.09. 08:00,183.7
17.09. 08:15,183.7
17.09. 08:30,183.7
17.09. 08:45,183.7
17.09. 09:00,169.4
17.09. 09:15,169.4
17.09. 09:30,169.4
17.09. 09:45,169.4
17.09. 10:00,168.3
17.09. 10:15,168.3
17.09. 10:30,168.3
17.09. 10:45,168.3
17.09. 11:00,177.8
17.09. 11:15,177.8
17.09. 11:30,177.8
17.09. 11:45,177.8
17.09. 12:00,186.8
17.09. 12:15,186.8
17.09. 12:30,186.8
17.09. 12:45,186.8
17.09. 13:00,183.8
17.09. 13:15,183.8
17.09. 13:30,183.8
17.09. 13:45,183.8
17.09. 14:00,168.5
17.09. 14:15,168.5
17.09. 14:30,168.5
17.09. 14:45,168.5
17.09. 15:00,141.9
17.09. 15:15,141.9
17.09. 15:30,141.9
17.09. 15:45,141.9
17.09. 16:00,147.2
17.09. 16:15,147.2
17.09. 16:30,147.2
17.09. 16:45,147.2
17.09. 17:00,165.8
17.09. 17:15,165.8
17.09. 17:30,165.8
17.09. 17:45,165.8
17.09. 18:00,194.3
17.09. 18:15,194.3
17.09. 18:30,194.3
17.09. 18:45,194.3
17.09. 19:00,227.6
17.09. 19:15,227.6
17.09. 19:30,227.6
17.09. 19:45,227.6
17.09. 20:00,220.6
17.09. 20:15,220.6
17.09. 20:30,220.6
17.09. 20:45,220.6
17.09. 21:00,228.5
17.09. 21:15,228.5
17.09. 21:30,228.5
17.09. 21:45,228.5
17.09. 22:00,169.5
17.09. 22:15,169.5
17.09. 22:30,169.5
17.09. 22:45,169.5
17.09. 23:00,128.7
17.09. 23:15,128.7
17.09. 23:30,128.7
17.09. 23:45,128.7
18.09. 00:00,66.5
18.09. 00:15,66.5
18.09. 00:30,66.5
18.09. 00:45,66.5
18.09. 01:00,57.6
18.09. 01:15,57.6
18.09. 01:30,57.6
18.09. 01:45,57.6
18.09. 02:00,52.0
18.09. 02:15,52.0
18.09. 02:30,52.0
18.09. 02:45,52.0
18.09. 03:00,53.0
18.09. 03:15,53.0
18.09. 03:30,53.0
18.09. 03:45,53.0
18.09. 04:00,64.6
18.09. 04:15,64.6
18.09. 04:30,64.6
18.09. 04:45,64.6
18.09. 05:00,82.6
18.09. 05:15,82.6
18.09. 05:30,82.6
18.09. 05:45,82.6
18.09. 06:00,162.9
18.09. 06:15,162.9
18.09. 06:30,162.9
18.09. 06:45,162.9
18.09. 07:00,202.8
18.09. 07:15,202.8
18.09. 07:30,202.8
18.09. 07:45,202.8
18.09. 08:00,197.9
18.09. 08:15,197.9
18.09. 08:30,197.9
18.09. 08:45,197.9
18.09. 09:00,167.8
18.09. 09:15,167.8
18.09. 09:30,167.8
18.09. 09:45,167.8
18.09. 10:00,170.4
18.09. 10:15,170.4
18.09. 10:30,170.4
18.09. 10:45,170.4
18.09. 11:00,174.1
18.09. 11:15,174.1
18.09. 11:30,174.1
18.09. 11:45,174.1
18.09. 12:00,200.7
18.09. 12:15,200.7
18.09. 12:30,200.7
18.09. 12:45,200.7
18.09. 13:00,173.2
18.09. 13:15,173.2
18.09. 13:30,173.2
18.09. 13:45,173.2
18.09. 14:00,159.7
18.09. 14:15,159.7
18.09. 14:30,159.7
18.09. 14:45,159.7
18.09. 15:00,159.1
18.09. 15:15,159.1
18.09. 15:30,159.1
18.09. 15:45,159.1
18.09. 16:00,160.4
18.09. 16:15,160.4
18.09. 16:30,160.4
18.09. 16:45,160.4
18.09. 17:00,164.8
18.09. 17:15,164.8
18.09. 17:30,164.8
18.09. 17:45,164.8
18.09. 18:00,197.3
18.09. 18:15,197.3
18.09. 18:30,197.3
18.09. 18:45,197.3
18.09. 19:00,232.5
18.09. 19:15,232.5
18.09. 19:30,232.5
18.09. 19:45,232.5
18.09. 20:00,255.7
18.09. 20:15,255.7
18.09. 20:30,255.7
18.09. 20:45,255.7
18.09. 21:00,236.5
18.09. 21:15,236.5
18.09. 21:30,236.5
18.09. 21:45,236.5
18.09. 22:00,189.4
18.09. 22:15,189.4
18.09. 22:30,189.4
18.09. 22:45,189.4
18.09. 23:00,129.3
18.09. 23:15,129.3
18.09. 23:30,129.3
18.09. 23:45,129.3
19.09. 00:00,73.4
19.09. 00:15,73.4
19.09. 00:30,73.4
19.09. 00:45,73.4
19.09. 01:00,67.5
19.09. 01:15,67.5
19.09. 01:30,67.5
19.09. 01:45,67.5
19.09. 02:00,59.7
19.09. 02:15,59.7
19.09. 02:30,59.7
19.09. 02:45,59.7
19.09. 03:00,55.6
19.09. 03:15,55.6
19.09. 03:30,55.6
19.09. 03:45,55.6
19.09. 04:00,67.0
19.09. 04:15,67.0
19.09. 04:30,67.0
19.09. 04:45,67.0
19.09. 05:00,92.4
19.09. 05:15,92.4
19.09. 05:30,92.4
19.09. 05:45,92.4
19.09. 06:00,175.2
19.09. 06:15,175.2
19.09. 06:30,175.2
19.09. 06:45,175.2
19.09. 07:00,193.9
19.09. 07:15,193.9
19.09. 07:30,193.9
19.09. 07:45,193.9
19.09. 08:00,182.7
19.09. 08:15,182.7
19.09. 08:30,182.7
19.09. 08:45,182.7
19.09. 09:00,179.8
19.09. 09:15,179.8
19.09. 09:30,179.8
19.09. 09:45,179.8
19.09. 10:00,170.7
19.09. 10:15,170.7
19.09. 10:30,170.7
19.09. 10:45,170.7
19.09. 11:00,161.0
19.09. 11:15,161.0
19.09. 11:30,161.0
19.09. 11:45,161.0
19.09. 12:00,175.7
19.09. 12:15,175.7
19.09. 12:30,175.7
19.09. 12:45,175.7
19.09. 13:00,175.8
19.09. 13:15,175.8
19.09. 13:30,175.8
19.09. 13:45,175.8
19.09. 14:00,146.6
19.09. 14:15,146.6
19.09. 14:30,146.6
19.09. 14:45,146.6
19.09. 15:00,143.1
19.09. 15:15,143.1
19.09. 15:30,143.1
19.09. 15:45,143.1
19.09. 16:00,146.7
19.09. 16:15,146.7
19.09. 16:30,146.7
19.09. 16:45,146.7
19.09. 17:00,153.8
19.09. 17:15,153.8
19.09. 17:30,153.8
19.09. 17:45,153.8
19.09. 18:00,180.8
19.09. 18:15,180.8
19.09. 18:30,180.8
19.09. 18:45,180.8
19.09. 19:00,239.7
19.09. 19:15,239.7
19.09. 19:30,239.7
19.09. 19:45,239.7
19.09. 20:00,234.3
19.09. 20:15,234.3
19.09. 20:30,234.3
19.09. 20:45,234.3
19.09. 21:00,220.4
19.09. 21:15,220.4
19.09. 21:30,220.4
19.09. 21:45,220.4
19.09. 22:00,170.3
19.09. 22:15,170.3
19.09. 22:30,170.3
19.09. 22:45,170.3
19.09. 23:00,115.6
19.09. 23:15,115.6
19.09. 23:30,115.6
19.09. 23:45,115.6
20.09. 00:00,69.2
20.09. 00:15,69.2
20.09. 00:30,69.2
20.09. 00:45,69.2
20.09. 01:00,58.7
20.09. 01:15,58.7
20.09. 01:30,58.7
20.09. 01:45,58.7
20.09. 02:00,49.7
20.09. 02:15,49.7
20.09. 02:30,49.7
20.09. 02:45,49.7
20.09. 03:00,53.9
20.09. 03:15,53.9
20.09. 03:30,53.9
20.09. 03:45,53.9
20.09. 04:00,62.8
20.09. 04:15,62.8
20.09. 04:30,62.8
20.09. 04:45,62.8
20.09. 05:00,85.5
20.09. 05:15,85.5
20.09. 05:30,85.5
20.09. 05:45,85.5
20.09. 06:00,166.1
20.09. 06:15,166.1
20.09. 06:30,166.1
20.09. 06:45,166.1
20.09. 07:00,198.0
20.09. 07:15,198.0
20.09. 07:30,198.0
20.09. 07:45,198.0
20.09. 08:00,190.9
20.09. 08:15,190.9
20.09. 08:30,190.9
20.09. 08:45,190.9
20.09. 09:00,172.9
20.09. 09:15,172.9
20.09. 09:30,172.9
20.09. 09:45,172.9
20.09. 10:00,176.5
20.09. 10:15,176.5
20.09. 10:30,176.5
20.09. 10:45,176.5
20.09. 11:00,163.3
20.09. 11:15,163.3
20.09. 11:30,163.3
20.09. 11:45,163.3
20.09. 12:00,185.8
20.09. 12:15,185.8
20.09. 12:30,185.8
20.09. 12:45,185.8
20.09. 13:00,170.5
20.09. 13:15,170.5
20.09. 13:30,170.5
20.09. 13:45,170.5
20.09. 14:00,155.4
20.09. 14:15,155.4
20.09. 14:30,155.4
20.09. 14:45,155.4
20.09. 15:00,148.8
20.09. 15:15,148.8
20.09. 15:30,148.8
20.09. 15:45,148.8
20.09. 16:00,142.3
20.09. 16:15,142.3
20.09. 16:30,142.3
20.09. 16:45,142.3
20.09. 17:00,149.6
20.09. 17:15,149.6
20.09. 17:30,149.6
20.09. 17:45,149.6
20.09. 18:00,209.0
20.09. 18:15,209.0
20.09. 18:30,209.0
20.09. 18:45,209.0
20.09. 19:00,233.0
20.09. 19:15,233.0
20.09. 19:30,233.0
20.09. 19:45,233.0
20.09. 20:00,249.4
20.09. 20:15,249.4
20.09. 20:30,249.4
20.09. 20:45,249.4
20.09. 21:00,222.2
20.09. 21:15,222.2
20.09. 21:30,222.2
20.09. 21:45,222.2
20.09. 22:00,186.8
20.09. 22:15,186.8
20.09. 22:30,186.8
20.09. 22:45,186.8
20.09. 23:00,137.0
20.09. 23:15,137.0
20.09. 23:30,137.0
20.09. 23:45,137.0
21.09. 00:00,73.6
21.09. 00:15,73.6
21.09. 00:30,73.6
21.09. 00:45,73.6
21.09. 01:00,68.4
21.09. 01:15,68.4
21.09. 01:30,68.4
21.09. 01:45,68.4
21.09. 02:00,65.1
21.09. 02:15,65.1
21.09. 02:30,65.1
21.09. 02:45,65.1
21.09. 03:00,70.4
21.09. 03:15,70.4
21.09. 03:30,70.4
21.09. 03:45,70.4
21.09. 04:00,76.0
21.09. 04:15,76.0
21.09. 04:30,76.0
21.09. 04:45,76.0
21.09. 05:00,110.6
21.09. 05:15,110.6
21.09. 05:30,110.6
21.09. 05:45,110.6
21.09. 06:00,192.5
21.09. 06:15,192.5
21.09. 06:30,192.5
21.09. 06:45,192.5
21.09. 07:00,213.7
21.09. 07:15,213.7
21.09. 07:30,213.7
21.09. 07:45,213.7
21.09. 08:00,199.0
21.09. 08:15,199.0
21.09. 08:30,199.0
21.09. 08:45,199.0
21.09. 09:00,178.1
21.09. 09:15,178.1
21.09. 09:30,178.1
21.09. 09:45,178.1
21.09. 10:00,176.4
21.09. 10:15,176.4
21.09. 10:30,176.4
21.09. 10:45,176.4
21.09. 11:00,165.8
21.09. 11:15,165.8
21.09. 11:30,165.8
21.09. 11:45,165.8
21.09. 12:00,179.0
21.09. 12:15,179.0
21.09. 12:30,179.0
21.09. 12:45,179.0
21.09. 13:00,175.1
21.09. 13:15,175.1
21.09. 13:30,175.1
21.09. 13:45,175.1
21.09. 14:00,150.5
21.09. 14:15,150.5
21.09. 14:30,150.5
21.09. 14:45,150.5
21.09. 15:00,145.3
21.09. 15:15,145.3
21.09. 15:30,145.3
21.09. 15:45,145.3
21.09. 16:00,150.8
21.09. 16:15,150.8
21.09. 16:30,150.8
21.09. 16:45,150.8
21.09. 17:00,162.3
21.09. 17:15,162.3
21.09. 17:30,162.3
21.09. 17:45,162.3
21.09. 18:00,206.0
21.09. 18:15,206.0
21.09. 18:30,206.0
21.09. 18:45,206.0
21.09. 19:00,245.4
21.09. 19:15,245.4
21.09. 19:30,245.4
21.09. 19:45,245.4
21.09. 20:00,254.9
21.09. 20:15,254.9
21.09. 20:30,254.9
21.09. 20:45,254.9
21.09. 21:00,246.2
21.09. 21:15,246.2
21.09. 21:30,246.2
21.09. 21:45,246.2
21.09. 22:00,183.4
21.09. 22:15,183.4
21.09. 22:30,183.4
21.09. 22:45,183.4
21.09. 23:00,147.1
21.09. 23:15,147.1
21.09. 23:30,147.1
21.09. 23:45,147.1
22.09. 00:00,91.2
22.09. 00:15,91.2
22.09. 00:30,91.2
22.09. 00:45,91.2
22.09. 01:00,86.9
22.09. 01:15,86.9
22.09. 01:30,86.9
22.09. 01:45,86.9
22.09. 02:00,74.0
22.09. 02:15,74.0
22.09. 02:30,74.0
22.09. 02:45,74.0
22.09. 03:00,68.4
22.09. 03:15,68.4
22.09. 03:30,68.4
22.09. 03:45,68.4
22.09. 04:00,67.8
22.09. 04:15,67.8
22.09. 04:30,67.8
22.09. 04:45,67.8
22.09. 05:00,80.8
22.09. 05:15,80.8
22.09. 05:30,80.8
22.09. 05:45,80.8
22.09. 06:00,98.5
22.09. 06:15,98.5
22.09. 06:30,98.5
22.09. 06:45,98.5
22.09. 07:00,119.5
22.09. 07:15,119.5
22.09. 07:30,119.5
22.09. 07:45,119.5
22.09. 08:00,169.8
22.09. 08:15,169.8
22.09. 08:30,169.8
22.09. 08:45,169.8
22.09. 09:00,215.5
22.09. 09:15,215.5
22.09. 09:30,215.5
22.09. 09:45,215.5
22.09. 10:00,217.1
22.09. 10:15,217.1
22.09. 10:30,217.1
22.09. 10:45,217.1
22.09. 11:00,228.4
22.09. 11:15,228.4
22.09. 11:30,228.4
22.09. 11:45,228.4
22.09. 12:00,236.3
22.09. 12:15,236.3
22.09. 12:30,236.3
22.09. 12:45,236.3
22.09. 13:00,223.0
22.09. 13:15,223.0
22.09. 13:30,223.0
22.09. 13:45,223.0
22.09. 14:00,192.7
22.09. 14:15,192.7
22.09. 14:30,192.7
22.09. 14:45,192.7
22.09. 15:00,191.6
22.09. 15:15,191.6
22.09. 15:30,191.6
22.09. 15:45,191.6
22.09. 16:00,187.0
22.09. 16:15,187.0
22.09. 16:30,187.0
22.09. 16:45,187.0
22.09. 17:00,212.4
22.09. 17:15,212.4
22.09. 17:30,212.4
22.09. 17:45,212.4
22.09. 18:00,237.5
22.09. 18:15,237.5
22.09. 18:30,237.5
22.09. 18:45,237.5
22.09. 19:00,229.9
22.09. 19:15,229.9
22.09. 19:30,229.9
22.09. 19:45,229.9
22.09. 20:00,246.6
22.09. 20:15,246.6
22.09. 20:30,246.6
22.09. 20:45,246.6
22.09. 21:00,197.3
22.09. 21:15,197.3
22.09. 21:30,197.3
22.09. 21:45,197.3
22.09. 22:00,141.1
22.09. 22:15,141.1
22.09. 22:30,141.1
22.09. 22:45,141.1
22.09. 23:00,104.3
22.09. 23:15,104.3
22.09. 23:30,104.3
22.09. 23:45,104.3
23.09. 00:00,73.0
23.09. 00:15,73.0
23.09. 00:30,73.0
23.09. 00:45,73.0
23.09. 01:00,73.7
23.09. 01:15,73.7
23.09. 01:30,73.7
23.09. 01:45,73.7
23.09. 02:00,61.1
23.09. 02:15,61.1
23.09. 02:30,61.1
23.09. 02:45,61.1
23.09. 03:00,57.0
23.09. 03:15,57.0
23.09. 03:30,57.0
23.09. 03:45,57.0
23.09. 04:00,59.5
23.09. 04:15,59.5
23.09. 04:30,59.5
23.09. 04:45,59.5
23.09. 05:00,58.8
23.09. 05:15,58.8
23.09. 05:30,58.8
23.09. 05:45,58.8
23.09. 06:00,63.7
23.09. 06:15,63.7
23.09. 06:30,63.7
23.09. 06:45,63.7
23.09. 07:00,77.4
23.09. 07:15,77.4
23.09. 07:30,77.4
23.09. 07:45,77.4
23.09. 08:00,107.1
23.09. 08:15,107.1
23.09. 08:30,107.1
23.09. 08:45,107.1
23.09. 09:00,170.2
23.09. 09:15,170.2
23.09. 09:30,170.2
23.09. 09:45,170.2
23.09. 10:00,233.5
23.09. 10:15,233.5
23.09. 10:30,233.5
23.09. 10:45,233.5
23.09. 11:00,245.6
23.09. 11:15,245.6
23.09. 11:30,245.6
23.09. 11:45,245.6
23.09. 12:00,254.8
23.09. 12:15,254.8
23.09. 12:30,254.8
23.09. 12:45,254.8
23.09. 13:00,239.9
23.09. 13:15,239.9
23.09. 13:30,239.9
23.09. 13:45,239.9
23.09. 14:00,194.9
23.09. 14:15,194.9
23.09. 14:30,194.9
23.09. 14:45,194.9
23.09. 15:00,155.1
23.09. 15:15,155.1
23.09. 15:30,155.1
23.09. 15:45,155.1
23.09. 16:00,143.6
23.09. 16:15,143.6
23.09. 16:30,143.6
23.09. 16:45,143.6
23.09. 17:00,156.0
23.09. 17:15,156.0
23.09. 17:30,156.0
23.09. 17:45,156.0
23.09. 18:00,164.3
23.09. 18:15,164.3
23.09. 18:30,164.3
23.09. 18:45,164.3
23.09. 19:00,179.6
23.09. 19:15,179.6
23.09. 19:30,179.6
23.09. 19:45,179.6
23.09. 20:00,201.6
23.09. 20:15,201.6
23.09. 20:30,201.6
23.09. 20:45,201.6
23.09. 21:00,177.1
23.09. 21:15,177.1
23.09. 21:30,177.1
23.09. 21:45,177.1
23.09. 22:00,166.2
23.09. 22:15,166.2
23.09. 22:30,166.2
23.09. 22:45,166.2
23.09. 23:00,103.3
23.09. 23:15,103.3
23.09. 23:30,103.3
23.09. 23:45,103.3
24.09. 00:00,61.7
24.09. 00:15,61.7
24.09. 00:30,61.7
24.09. 00:45,61.7
24.09. 01:00,55.9
24.09. 01:15,55.9
24.09. 01:30,55.9
24.09. 01:45,55.9
24.09. 02:00,44.9
24.09. 02:15,44.9
24.09. 02:30,44.9
24.09. 02:45,44.9
24.09. 03:00,51.1
24.09. 03:15,51.1
24.09. 03:30,51.1
24.09. 03:45,51.1
24.09. 04:00,56.0
24.09. 04:15,56.0
24.09. 04:30,56.0
24.09. 04:45,56.0
24.09. 05:00,79.5
24.09. 05:15,79.5
24.09. 05:30,79.5
24.09. 05:45,79.5
24.09. 06:00,146.2
24.09. 06:15,146.2
24.09. 06:30,146.2
24.09. 06:45,146.2
24.09. 07:00,200.5
24.09. 07:15,200.5
24.09. 07:30,200.5
24.09. 07:45,200.5
24.09. 08:00,182.5
24.09. 08:15,182.5
24.09. 08:30,182.5
24.09. 08:45,182.5
24.09. 09:00,180.2
24.09. 09:15,180.2
24.09. 09:30,180.2
24.09. 09:45,180.2
24.09. 10:00,162.2
24.09. 10:15,162.2
24.09. 10:30,162.2
24.09. 10:45,162.2
24.09. 11:00,152.2
24.09. 11:15,152.2
24.09. 11:30,152.2
24.09. 11:45,152.2
24.09. 12:00,170.8
24.09. 12:15,170.8
24.09. 12:30,170.8
24.09. 12:45,170.8
24.09. 13:00,172.2
24.09. 13:15,172.2
24.09. 13:30,172.2
24.09. 13:45,172.2
24.09. 14:00,156.2
24.09. 14:15,156.2
24.09. 14:30,156.2
24.09. 14:45,156.2
24.09. 15:00,140.0
24.09. 15:15,140.0
24.09. 15:30,140.0
24.09. 15:45,140.0
24.09. 16:00,128.6
24.09. 16:15,128.6
24.09. 16:30,128.6
24.09. 16:45,128.6
24.09. 17:00,145.7
24.09. 17:15,145.7
24.09. 17:30,145.7
24.09. 17:45,145.7
24.09. 18:00,201.2
24.09. 18:15,201.2
24.09. 18:30,201.2
24.09. 18:45,201.2
24.09. 19:00,206.9
24.09. 19:15,206.9
24.09. 19:30,206.9
24.09. 19:45,206.9
24.09. 20:00,235.6
24.09. 20:15,235.6
24.09. 20:30,235.6
24.09. 20:45,235.6
24.09. 21:00,222.5
24.09. 21:15,222.5
24.09. 21:30,222.5
24.09. 21:45,222.5
24.09. 22:00,179.7
24.09. 22:15,179.7
24.09. 22:30,179.7
24.09. 22:45,179.7
24.09. 23:00,105.9
24.09. 23:15,105.9
24.09. 23:30,105.9
24.09. 23:45,105.9
25.09. 00:00,62.0
25.09. 00:15,62.0
25.09. 00:30,62.0
25.09. 00:45,62.0
25.09. 01:00,56.7
25.09. 01:15,56.7
25.09. 01:30,56.7
25.09. 01:45,56.7
25.09. 02:00,50.6
25.09. 02:15,50.6
25.09. 02:30,50.6
25.09. 02:45,50.6
25.09. 03:00,52.4
25.09. 03:15,52.4
25.09. 03:30,52.4
25.09. 03:45,52.4
25.09. 04:00,60.6
25.09. 04:15,60.6
25.09. 04:30,60.6
25.09. 04:45,60.6
25.09. 05:00,86.1
25.09. 05:15,86.1
25.09. 05:30,86.1
25.09. 05:45,86.1
25.09. 06:00,159.5
25.09. 06:15,159.5
25.09. 06:30,159.5
25.09. 06:45,159.5
25.09. 07:00,203.2
25.09. 07:15,203.2
25.09. 07:30,203.2
25.09. 07:45,203.2
25.09. 08:00,194.5
25.09. 08:15,194.5
25.09. 08:30,194.5
25.09. 08:45,194.5
25.09. 09:00,191.8
25.09. 09:15,191.8
25.09. 09:30,191.8
25.09. 09:45,191.8
25.09. 10:00,161.4
25.09. 10:15,161.4
25.09. 10:30,161.4
25.09. 10:45,161.4
25.09. 11:00,180.4
25.09. 11:15,180.4
25.09. 11:30,180.4
25.09. 11:45,180.4
25.09. 12:00,184.0
25.09. 12:15,184.0
25.09. 12:30,184.0
25.09. 12:45,184.0
25.09. 13:00,168.9
25.09. 13:15,168.9
25.09. 13:30,168.9
25.09. 13:45,168.9
25.09. 14:00,154.7
25.09. 14:15,154.7
25.09. 14:30,154.7
25.09. 14:45,154.7
25.09. 15:00,139.1
25.09. 15:15,139.1
25.09. 15:30,139.1
25.09. 15:45,139.1
25.09. 16:00,146.3
25.09. 16:15,146.3
25.09. 16:30,146.3
25.09. 16:45,146.3
25.09. 17:00,160.6
25.09. 17:15,160.6
25.09. 17:30,160.6
25.09. 17:45,160.6
25.09. 18:00,198.5
25.09. 18:15,198.5
25.09. 18:30,198.5
25.09. 18:45,198.5
25.09. 19:00,226.2
25.09. 19:15,226.2
25.09. 19:30,226.2
25.09. 19:45,226.2
25.09. 20:00,256.2
25.09. 20:15,256.2
25.09. 20:30,256.2
25.09. 20:45,256.2
25.09. 21:00,217.9
25.09. 21:15,217.9
25.09. 21:30,217.9
25.09. 21:45,217.9
25.09. 22:00,172.1
25.09. 22:15,172.1
25.09. 22:30,172.1
25.09. 22:45,172.1
25.09. 23:00,130.9
25.09. 23:15,130.9
25.09. 23:30,130.9
25.09. 23:45,130.9
26.09. 00:00,73.0
26.09. 00:15,73.0
26.09. 00:30,73.0
26.09. 00:45,73.0
26.09. 01:00,59.4
26.09. 01:15,59.4
26.09. 01:30,59.4
26.09. 01:45,59.4
26.09. 02:00,49.5
26.09. 02:15,49.5
26.09. 02:30,49.5
26.09. 02:45,49.5
26.09. 03:00,55.3
26.09. 03:15,55.3
26.09. 03:30,55.3
26.09. 03:45,55.3
26.09. 04:00,61.9
26.09. 04:15,61.9
26.09. 04:30,61.9
26.09. 04:45,61.9
26.09. 05:00,91.4
26.09. 05:15,91.4
26.09. 05:30,91.4
26.09. 05:45,91.4
26.09. 06:00,172.9
26.09. 06:15,172.9
26.09. 06:30,172.9
26.09. 06:45,172.9
26.09. 07:00,201.0
26.09. 07:15,201.0
26.09. 07:30,201.0
26.09. 07:45,201.0
26.09. 08:00,187.5
26.09. 08:15,187.5
26.09. 08:30,187.5
26.09. 08:45,187.5
26.09. 09:00,191.3
26.09. 09:15,191.3
26.09. 09:30,191.3
26.09. 09:45,191.3
26.09. 10:00,170.0
26.09. 10:15,170.0
26.09. 10:30,170.0
26.09. 10:45,170.0
26.09. 11:00,201.1
26.09. 11:15,201.1
26.09. 11:30,201.1
26.09. 11:45,201.1
26.09. 12:00,184.1
26.09. 12:15,184.1
26.09. 12:30,184.1
26.09. 12:45,184.1
26.09. 13:00,187.0
26.09. 13:15,187.0
26.09. 13:30,187.0
26.09. 13:45,187.0
26.09. 14:00,171.1
26.09. 14:15,171.1
26.09. 14:30,171.1
26.09. 14:45,171.1
26.09. 15:00,155.1
26.09. 15:15,155.1
26.09. 15:30,155.1
26.09. 15:45,155.1
26.09. 16:00,157.5
26.09. 16:15,157.5
26.09. 16:30,157.5
26.09. 16:45,157.5
26.09. 17:00,172.1
26.09. 17:15,172.1
26.09. 17:30,172.1
26.09. 17:45,172.1
26.09. 18:00,198.7
26.09. 18:15,198.7
26.09. 18:30,198.7
26.09. 18:45,198.7
26.09. 19:00,235.2
26.09. 19:15,235.2
26.09. 19:30,235.2
26.09. 19:45,235.2
26.09. 20:00,265.2
26.09. 20:15,265.2
26.09. 20:30,265.2
26.09. 20:45,265.2
26.09. 21:00,238.6
26.09. 21:15,238.6
26.09. 21:30,238.6
26.09. 21:45,238.6
26.09. 22:00,182.6
26.09. 22:15,182.6
26.09. 22:30,182.6
26.09. 22:45,182.6
26.09. 23:00,119.3
26.09. 23:15,119.3
26.09. 23:30,119.3
26.09. 23:45,119.3
27.09. 00:00,77.9
27.09. 00:15,77.9
27.09. 00:30,77.9
27.09. 00:45,77.9
27.09. 01:00,63.5
27.09. 01:15,63.5
27.09. 01:30,63.5
27.09. 01:45,63.5
27.09. 02:00,62.8
27.09. 02:15,62.8
27.09. 02:30,62.8
27.09. 02:45,62.8
27.09. 03:00,61.4
27.09. 03:15,61.4
27.09. 03:30,61.4
27.09. 03:45,61.4
27.09. 04:00,70.9
27.09. 04:15,70.9
27.09. 04:30,70.9
27.09. 04:45,70.9
27.09. 05:00,103.3
27.09. 05:15,103.3
27.09. 05:30,103.3
27.09. 05:45,103.3
27.09. 06:00,177.4
27.09. 06:15,177.4
27.09. 06:30,177.4
27.09. 06:45,177.4
27.09. 07:00,229.5
27.09. 07:15,229.5
27.09. 07:30,229.5
27.09. 07:45,229.5
27.09. 08:00,224.1
27.09. 08:15,224.1
27.09. 08:30,224.1
27.09. 08:45,224.1
27.09. 09:00,206.0
27.09. 09:15,206.0
27.09. 09:30,206.0
27.09. 09:45,206.0
27.09. 10:00,190.4
27.09. 10:15,190.4
27.09. 10:30,190.4
27.09. 10:45,190.4
27.09. 11:00,198.4
27.09. 11:15,198.4
27.09. 11:30,198.4
27.09. 11:45,198.4
27.09. 12:00,199.4
27.09. 12:15,199.4
27.09. 12:30,199.4
27.09. 12:45,199.4
27.09. 13:00,205.0
27.09. 13:15,205.0
27.09. 13:30,205.0
27.09. 13:45,205.0
27.09. 14:00,172.7
27.09. 14:15,172.7
27.09. 14:30,172.7
27.09. 14:45,172.7
27.09. 15:00,168.4
27.09. 15:15,168.4
27.09. 15:30,168.4
27.09. 15:45,168.4
27.09. 16:00,176.2
27.09. 16:15,176.2
27.09. 16:30,176.2
27.09. 16:45,176.2
27.09. 17:00,179.7
27.09. 17:15,179.7
27.09. 17:30,179.7
27.09. 17:45,179.7
27.09. 18:00,215.7
27.09. 18:15,215.7
27.09. 18:30,215.7
27.09. 18:45,215.7
27.09. 19:00,261.8
27.09. 19:15,261.8
27.09. 19:30,261.8
27.09. 19:45,261.8
27.09. 20:00,250.3
27.09. 20:15,250.3
27.09. 20:30,250.3
27.09. 20:45,250.3
27.09. 21:00,237.3
27.09. 21:15,237.3
27.09. 21:30,237.3
27.09. 21:45,237.3
27.09. 22:00,186.6
27.09. 22:15,186.6
27.09. 22:30,186.6
27.09. 22:45,186.6
27.09. 23:00,139.0
27.09. 23:15,139.0
27.09. 23:30,139.0
27.09. 23:45,139.0
28.09. 00:00,79.6
28.09. 00:15,79.6
28.09. 00:30,79.6
28.09. 00:45,79.6
28.09. 01:00,74.1
28.09. 01:15,74.1
28.09. 01:30,74.1
28.09. 01:45,74.1
28.09. 02:00,63.0
28.09. 02:15,63.0
28.09. 02:30,63.0
28.09. 02:45,63.0
28.09. 03:00,61.9
28.09. 03:15,61.9
28.09. 03:30,61.9
28.09. 03:45,61.9
28.09. 04:00,67.5
28.09. 04:15,67.5
28.09. 04:30,67.5
28.09. 04:45,67.5
28.09. 05:00,105.8
28.09. 05:15,105.8
28.09. 05:30,105.8
28.09. 05:45,105.8
28.09. 06:00,198.6
28.09. 06:15,198.6
28.09. 06:30,198.6
28.09. 06:45,198.6
28.09. 07:00,239.0
28.09. 07:15,239.0
28.09. 07:30,239.0
28.09. 07:45,239.0
28.09. 08:00,232.9
28.09. 08:15,232.9
28.09. 08:30,232.9
28.09. 08:45,232.9
28.09. 09:00,210.6
28.09. 09:15,210.6
28.09. 09:30,210.6
28.09. 09:45,210.6
28.09. 10:00,203.8
28.09. 10:15,203.8
28.09. 10:30,203.8
28.09. 10:45,203.8
28.09. 11:00,167.0
28.09. 11:15,167.0
28.09. 11:30,167.0
28.09. 11:45,167.0
28.09. 12:00,188.8
28.09. 12:15,188.8
28.09. 12:30,188.8
28.09. 12:45,188.8
28.09. 13:00,188.0
28.09. 13:15,188.0
28.09. 13:30,188.0
28.09. 13:45,188.0
28.09. 14:00,162.7
28.09. 14:15,162.7
28.09. 14:30,162.7
28.09. 14:45,162.7
28.09. 15:00,178.2
28.09. 15:15,178.2
28.09. 15:30,178.2
28.09. 15:45,178.2
28.09. 16:00,164.4
28.09. 16:15,164.4
28.09. 16:30,164.4
28.09. 16:45,164.4
28.09. 17:00,180.5
28.09. 17:15,180.5
28.09. 17:30,180.5
28.09. 17:45,180.5
28.09. 18:00,210.3
28.09. 18:15,210.3
28.09. 18:30,210.3
28.09. 18:45,210.3
28.09. 19:00,238.3
28.09. 19:15,238.3
28.09. 19:30,238.3
28.09. 19:45,238.3
28.09. 20:00,251.9
28.09. 20:15,251.9
28.09. 20:30,251.9
28.09. 20:45,251.9
28.09. 21:00,245.4
28.09. 21:15,245.4
28.09. 21:30,245.4
28.09. 21:45,245.4
28.09. 22:00,206.6
28.09. 22:15,206.6
28.09. 22:30,206.6
28.09. 22:45,206.6
28.09. 23:00,155.3
28.09. 23:15,155.3
28.09. 23:30,155.3
28.09. 23:45,155.3
29.09. 00:00,101.4
29.09. 00:15,101.4
29.09. 00:30,101.4
29.09. 00:45,101.4
29.09. 01:00,82.9
29.09. 01:15,82.9
29.09. 01:30,82.9
29.09. 01:45,82.9
29.09. 02:00,80.0
29.09. 02:15,80.0
29.09. 02:30,80.0
29.09. 02:45,80.0
29.09. 03:00,75.1
29.09. 03:15,75.1
29.09. 03:30,75.1
29.09. 03:45,75.1
29.09. 04:00,74.1
29.09. 04:15,74.1
29.09. 04:30,74.1
29.09. 04:45,74.1
29.09. 05:00,91.3
29.09. 05:15,91.3
29.09. 05:30,91.3
29.09. 05:45,91.3
29.09. 06:00,108.9
29.09. 06:15,108.9
29.09. 06:30,108.9
29.09. 06:45,108.9
29.09. 07:00,143.2
29.09. 07:15,143.2
29.09. 07:30,143.2
29.09. 07:45,143.2
29.09. 08:00,177.2
29.09. 08:15,177.2
29.09. 08:30,177.2
29.09. 08:45,177.2
29.09. 09:00,223.7
29.09. 09:15,223.7
29.09. 09:30,223.7
29.09. 09:45,223.7
29.09. 10:00,238.0
29.09. 10:15,238.0
29.09. 10:30,238.0
29.09. 10:45,238.0
29.09. 11:00,233.1
29.09. 11:15,233.1
29.09. 11:30,233.1
29.09. 11:45,233.1
29.09. 12:00,232.6
29.09. 12:15,232.6
29.09. 12:30,232.6
29.09. 12:45,232.6
29.09. 13:00,234.2
29.09. 13:15,234.2
29.09. 13:30,234.2
29.09. 13:45,234.2
29.09. 14:00,215.0
29.09. 14:15,215.0
29.09. 14:30,215.0
29.09. 14:45,215.0
29.09. 15:00,196.1
29.09. 15:15,196.1
29.09. 15:30,196.1
29.09. 15:45,196.1
29.09. 16:00,196.9
29.09. 16:15,196.9
29.09. 16:30,196.9
29.09. 16:45,196.9
29.09. 17:00,222.4
29.09. 17:15,222.4
29.09. 17:30,222.4
29.09. 17:45,222.4
29.09. 18:00,259.5
29.09. 18:15,259.5
29.09. 18:30,259.5
29.09. 18:45,259.5
29.09. 19:00,270.3
29.09. 19:15,270.3
29.09. 19:30,270.3
29.09. 19:45,270.3
29.09. 20:00,260.2
29.09. 20:15,260.2
29.09. 20:30,260.2
29.09. 20:45,260.2
29.09. 21:00,228.8
29.09. 21:15,228.8
29.09. 21:30,228.8
29.09. 21:45,228.8
29.09. 22:00,176.4
29.09. 22:15,176.4
29.09. 22:30,176.4
29.09. 22:45,176.4
29.09. 23:00,133.7
29.09. 23:15,133.7
29.09. 23:30,133.7
29.09. 23:45,133.7
30.09. 00:00,107.8
30.09. 00:15,107.8
30.09. 00:30,107.8
30.09. 00:45,107.8
30.09. 01:00,96.0
30.09. 01:15,96.0
30.09. 01:30,96.0
30.09. 01:45,96.0
30.09. 02:00,88.0
30.09. 02:15,88.0
30.09. 02:30,88.0
30.09. 02:45,88.0
30.09. 03:00,67.7
30.09. 03:15,67.7
30.09. 03:30,67.7
30.09. 03:45,67.7
30.09. 04:00,78.0
30.09. 04:15,78.0
30.09. 04:30,78.0
30.09. 04:45,78.0
30.09. 05:00,79.4
30.09. 05:15,79.4
30.09. 05:30,79.4
30.09. 05:45,79.4
30.09. 06:00,88.3
30.09. 06:15,88.3
30.09. 06:30,88.3
30.09. 06:45,88.3
30.09. 07:00,99.3
30.09. 07:15,99.3
30.09. 07:30,99.3
30.09. 07:45,99.3
30.09. 08:00,111.2
30.09. 08:15,111.2
30.09. 08:30,111.2
30.09. 08:45,111.2
30.09. 09:00,186.1
30.09. 09:15,186.1
30.09. 09:30,186.1
30.09. 09:45,186.1
30.09. 10:00,232.9
30.09. 10:15,232.9
30.09. 10:30,232.9
30.09. 10:45,232.9
30.09. 11:00,269.0
30.09. 11:15,269.0
30.09. 11:30,269.0
30.09. 11:45,269.0
30.09. 12:00,255.4
30.09. 12:15,255.4
30.09. 12:30,255.4
30.09. 12:45,255.4
30.09. 13:00,246.8
30.09. 13:15,246.8
30.09. 13:30,246.8
30.09. 13:45,246.8
30.09. 14:00,213.2
30.09. 14:15,213.2
30.09. 14:30,213.2
30.09. 14:45,213.2
30.09. 15:00,167.4
30.09. 15:15,167.4
30.09. 15:30,167.4
30.09. 15:45,167.4
30.09. 16:00,162.8
30.09. 16:15,162.8
30.09. 16:30,162.8
30.09. 16:45,162.8
30.09. 17:00,174.7
30.09. 17:15,174.7
30.09. 17:30,174.7
30.09. 17:45,174.7
30.09. 18:00,169.0
30.09. 18:15,169.0
30.09. 18:30,169.0
30.09. 18:45,169.0
30.09. 19:00,205.2
30.09. 19:15,205.2
30.09. 19:30,205.2
30.09. 19:45,205.2
30.09. 20:00,220.0
30.09. 20:15,220.0
30.09. 20:30,220.0
30.09. 20:45,220.0
30.09. 21:00,200.4
30.09. 21:15,200.4
30.09. 21:30,200.4
30.09. 21:45,200.4
30.09. 22:00,164.8
30.09. 22:15,164.8
30.09. 22:30,164.8
30.09. 22:45,164.8
30.09. 23:00,117.5
30.09. 23:15,117.5
30.09. 23:30,117.5
30.09. 23:45,117.5
01.10. 00:00,67.8
01.10. 00:15,67.8
01.10. 00:30,67.8
01.10. 00:45,67.8
01.10. 01:00,63.8
01.10. 01:15,63.8
01.10. 01:30,63.8
01.10. 01:45,63.8
01.10. 02:00,52.6
01.10. 02:15,52.6
01.10. 02:30,52.6
01.10. 02:45,52.6
01.10. 03:00,53.3
01.10. 03:15,53.3
01.10. 03:30,53.3
01.10. 03:45,53.3
01.10. 04:00,62.7
01.10. 04:15,62.7
01.10. 04:30,62.7
01.10. 04:45,62.7
01.10. 05:00,92.0
01.10. 05:15,92.0
01.10. 05:30,92.0
01.10. 05:45,92.0
01.10. 06:00,162.8
01.10. 06:15,162.8
01.10. 06:30,162.8
01.10. 06:45,162.8
01.10. 07:00,195.2
01.10. 07:15,195.2
01.10. 07:30,195.2
01.10. 07:45,195.2
01.10. 08:00,189.5
01.10. 08:15,189.5
01.10. 08:30,189.5
01.10. 08:45,189.5
01.10. 09:00,180.4
01.10. 09:15,180.4
01.10. 09:30,180.4
01.10. 09:45,180.4
01.10. 10:00,164.1
01.10. 10:15,164.1
01.10. 10:30,164.1
01.10. 10:45,164.1
01.10. 11:00,171.7
01.10. 11:15,171.7
01.10. 11:30,171.7
01.10. 11:45,171.7
01.10. 12:00,188.6
01.10. 12:15,188.6
01.10. 12:30,188.6
01.10. 12:45,188.6
01.10. 13:00,189.0
01.10. 13:15,189.0
01.10. 13:30,189.0
01.10. 13:45,189.0
01.10. 14:00,155.1
01.10. 14:15,155.1
01.10. 14:30,155.1
01.10. 14:45,155.1
01.10. 15:00,144.4
01.10. 15:15,144.4
01.10. 15:30,144.4
01.10. 15:45,144.4
01.10. 16:00,150.8
01.10. 16:15,150.8
01.10. 16:30,150.8
01.10. 16:45,150.8
01.10. 17:00,150.1
01.10. 17:15,150.1
01.10. 17:30,150.1
01.10. 17:45,150.1
01.10. 18:00,187.8
01.10. 18:15,187.8
01.10. 18:30,187.8
01.10. 18:45,187.8
01.10. 19:00,211.2
01.10. 19:15,211.2
01.10. 19:30,211.2
01.10. 19:45,211.2
01.10. 20:00,248.1
01.10. 20:15,248.1
01.10. 20:30,248.1
01.10. 20:45,248.1
01.10. 21:00,228.4
01.10. 21:15,228.4
01.10. 21:30,228.4
01.10. 21:45,228.4
01.10. 22:00,180.2
01.10. 22:15,180.2
01.10. 22:30,180.2
01.10. 22:45,180.2
01.10. 23:00,130.8
01.10. 23:15,130.8
01.10. 23:30,130.8
01.10. 23:45,130.8
02.10. 00:00,66.0
02.10. 00:15,66.0
02.10. 00:30,66.0
02.10. 00:45,66.0
02.10. 01:00,56.3
02.10. 01:15,56.3
02.10. 01:30,56.3
02.10. 01:45,56.3
02.10. 02:00,47.6
02.10. 02:15,47.6
02.10. 02:30,47.6
02.10. 02:45,47.6
02.10. 03:00,44.0
02.10. 03:15,44.0
02.10. 03:30,44.0
02.10. 03:45,44.0
02.10. 04:00,55.5
02.10. 04:15,55.5
02.10. 04:30,55.5
02.10. 04:45,55.5
02.10. 05:00,85.6
02.10. 05:15,85.6
02.10. 05:30,85.6
02.10. 05:45,85.6
02.10. 06:00,143.1
02.10. 06:15,143.1
02.10. 06:30,143.1
02.10. 06:45,143.1
02.10. 07:00,196.7
02.10. 07:15,196.7
02.10. 07:30,196.7
02.10. 07:45,196.7
02.10. 08:00,179.2
02.10. 08:15,179.2
02.10. 08:30,179.2
02.10. 08:45,179.2
02.10. 09:00,187.9
02.10. 09:15,187.9
02.10. 09:30,187.9
02.10. 09:45,187.9
02.10. 10:00,167.7
02.10. 10:15,167.7
02.10. 10:30,167.7
02.10. 10:45,167.7
02.10. 11:00,167.7
02.10. 11:15,167.7
02.10. 11:30,167.7
02.10. 11:45,167.7
02.10. 12:00,186.7
02.10. 12:15,186.7
02.10. 12:30,186.7
02.10. 12:45,186.7
02.10. 13:00,173.9
02.10. 13:15,173.9
02.10. 13:30,173.9
02.10. 13:45,173.9
02.10. 14:00,165.2
02.10. 14:15,165.2
02.10. 14:30,165.2
02.10. 14:45,165.2
02.10. 15:00,142.4
02.10. 15:15,142.4
02.10. 15:30,142.4
02.10. 15:45,142.4
02.10. 16:00,147.4
02.10. 16:15,147.4
02.10. 16:30,147.4
02.10. 16:45,147.4
02.10. 17:00,144.3
02.10. 17:15,144.3
02.10. 17:30,144.3
02.10. 17:45,144.3
02.10. 18:00,182.9
02.10. 18:15,182.9
02.10. 18:30,182.9
02.10. 18:45,182.9
02.10. 19:00,226.0
02.10. 19:15,226.0
02.10. 19:30,226.0
02.10. 19:45,226.0
02.10. 20:00,237.9
02.10. 20:15,237.9
02.10. 20:30,237.9
02.10. 20:45,237.9
02.10. 21:00,231.7
02.10. 21:15,231.7
02.10. 21:30,231.7
02.10. 21:45,231.7
02.10. 22:00,188.2
02.10. 22:15,188.2
02.10. 22:30,188.2
02.10. 22:45,188.2
02.10. 23:00,142.9
02.10. 23:15,142.9
02.10. 23:30,142.9
02.10. 23:45,142.9
03.10. 00:00,100.2
03.10. 00:15,100.2
03.10. 00:30,100.2
03.10. 00:45,100.2
03.10. 01:00,80.8
03.10. 01:15,80.8
03.10. 01:30,80.8
03.10. 01:45,80.8
03.10. 02:00,75.6
03.10. 02:15,75.6
03.10. 02:30,75.6
03.10. 02:45,75.6
03.10. 03:00,69.6
03.10. 03:15,69.6
03.10. 03:30,69.6
03.10. 03:45,69.6
03.10. 04:00,65.2
03.10. 04:15,65.2
03.10. 04:30,65.2
03.10. 04:45,65.2
03.10. 05:00,70.0
03.10. 05:15,70.0
03.10. 05:30,70.0
03.10. 05:45,70.0
03.10. 06:00,81.4
03.10. 06:15,81.4
03.10. 06:30,81.4
03.10. 06:45,81.4
03.10. 07:00,90.6
03.10. 07:15,90.6
03.10. 07:30,90.6
03.10. 07:45,90.6
03.10. 08:00,124.6
03.10. 08:15,124.6
03.10. 08:30,124.6
03.10. 08:45,124.6
03.10. 09:00,179.8
03.10. 09:15,179.8
03.10. 09:30,179.8
03.10. 09:45,179.8
03.10. 10:00,238.8
03.10. 10:15,238.8
03.10. 10:30,238.8
03.10. 10:45,238.8
03.10. 11:00,249.3
03.10. 11:15,249.3
03.10. 11:30,249.3
03.10. 11:45,249.3
03.10. 12:00,263.5
03.10. 12:15,263.5
03.10. 12:30,263.5
03.10. 12:45,263.5
03.10. 13:00,230.9
03.10. 13:15,230.9
03.10. 13:30,230.9
03.10. 13:45,230.9
03.10. 14:00,205.3
03.10. 14:15,205.3
03.10. 14:30,205.3
03.10. 14:45,205.3
03.10. 15:00,193.0
03.10. 15:15,193.0
03.10. 15:30,193.0
03.10. 15:45,193.0
03.10. 16:00,175.0
03.10. 16:15,175.0
03.10. 16:30,175.0
03.10. 16:45,175.0
03.10. 17:00,159.3
03.10. 17:15,159.3
03.10. 17:30,159.3
03.10. 17:45,159.3
03.10. 18:00,179.3
03.10. 18:15,179.3
03.10. 18:30,179.3
03.10. 18:45,179.3
03.10. 19:00,211.0
03.10. 19:15,211.0
03.10. 19:30,211.0
03.10. 19:45,211.0
03.10. 20:00,207.0
03.10. 20:15,207.0
03.10. 20:30,207.0
03.10. 20:45,207.0
03.10. 21:00,211.4
03.10. 21:15,211.4
03.10. 21:30,211.4
03.10. 21:45,211.4
03.10. 22:00,181.2
03.10. 22:15,181.2
03.10. 22:30,181.2
03.10. 22:45,181.2
03.10. 23:00,122.0
03.10. 23:15,122.0
03.10. 23:30,122.0
03.10. 23:45,122.0
04.10. 00:00,70.9
04.10. 00:15,70.9
04.10. 00:30,70.9
04.10. 00:45,70.9
04.10. 01:00,63.5
04.10. 01:15,63.5
04.10. 01:30,63.5
04.10. 01:45,63.5
04.10. 02:00,53.7
04.10. 02:15,53.7
04.10. 02:30,53.7
04.10. 02:45,53.7
04.10. 03:00,53.9
04.10. 03:15,53.9
04.10. 03:30,53.9
04.10. 03:45,53.9
04.10. 04:00,65.4
04.10. 04:15,65.4
04.10. 04:30,65.4
04.10. 04:45,65.4
04.10. 05:00,95.4
04.10. 05:15,95.4
04.10. 05:30,95.4
04.10. 05:45,95.4
04.10. 06:00,180.0
04.10. 06:15,180.0
04.10. 06:30,180.0
04.10. 06:45,180.0
04.10. 07:00,205.3
04.10. 07:15,205.3
04.10. 07:30,205.3
04.10. 07:45,205.3
04.10. 08:00,210.2
04.10. 08:15,210.2
04.10. 08:30,210.2
04.10. 08:45,210.2
04.10. 09:00,181.2
04.10. 09:15,181.2
04.10. 09:30,181.2
04.10. 09:45,181.2
04.10. 10:00,174.4
04.10. 10:15,174.4
04.10. 10:30,174.4
04.10. 10:45,174.4
04.10. 11:00,175.9
04.10. 11:15,175.9
04.10. 11:30,175.9
04.10. 11:45,175.9
04.10. 12:00,184.1
04.10. 12:15,184.1
04.10. 12:30,184.1
04.10. 12:45,184.1
04.10. 13:00,178.8
04.10. 13:15,178.8
04.10. 13:30,178.8
04.10. 13:45,178.8
04.10. 14:00,167.2
04.10. 14:15,167.2
04.10. 14:30,167.2
04.10. 14:45,167.2
04.10. 15:00,157.3
04.10. 15:15,157.3
04.10. 15:30,157.3
04.10. 15:45,157.3
04.10. 16:00,145.9
04.10. 16:15,145.9
04.10. 16:30,145.9
04.10. 16:45,145.9
04.10. 17:00,161.5
04.10. 17:15,161.5
04.10. 17:30,161.5
04.10. 17:45,161.5
04.10. 18:00,208.0
04.10. 18:15,208.0
04.10. 18:30,208.0
04.10. 18:45,208.0
04.10. 19:00,241.6
04.10. 19:15,241.6
04.10. 19:30,241.6
04.10. 19:45,241.6
04.10. 20:00,246.9
04.10. 20:15,246.9
04.10. 20:30,246.9
04.10. 20:45,246.9
04.10. 21:00,244.7
04.10. 21:15,244.7
04.10. 21:30,244.7
04.10. 21:45,244.7
04.10. 22:00,185.9
04.10. 22:15,185.9
04.10. 22:30,185.9
04.10. 22:45,185.9
04.10. 23:00,133.0
04.10. 23:15,133.0
04.10. 23:30,133.0
04.10. 23:45,133.0
05.10. 00:00,69.7
05.10. 00:15,69.7
05.10. 00:30,69.7
05.10. 00:45,69.7
05.10. 01:00,63.3
05.10. 01:15,63.3
05.10. 01:30,63.3
05.10. 01:45,63.3
05.10. 02:00,50.8
05.10. 02:15,50.8
05.10. 02:30,50.8
05.10. 02:45,50.8
05.10. 03:00,54.4
05.10. 03:15,54.4
05.10. 03:30,54.4
05.10. 03:45,54.4
05.10. 04:00,58.0
05.10. 04:15,58.0
05.10. 04:30,58.0
05.10. 04:45,58.0
05.10. 05:00,80.7
05.10. 05:15,80.7
05.10. 05:30,80.7
05.10. 05:45,80.7
05.10. 06:00,156.4
05.10. 06:15,156.4
05.10. 06:30,156.4
05.10. 06:45,156.4
05.10. 07:00,200.2
05.10. 07:15,200.2
05.10. 07:30,200.2
05.10. 07:45,200.2
05.10. 08:00,191.5
05.10. 08:15,191.5
05.10. 08:30,191.5
05.10. 08:45,191.5
05.10. 09:00,178.4
05.10. 09:15,178.4
05.10. 09:30,178.4
05.10. 09:45,178.4
05.10. 10:00,179.0
05.10. 10:15,179.0
05.10. 10:30,179.0
05.10. 10:45,179.0
05.10. 11:00,177.9
05.10. 11:15,177.9
05.10. 11:30,177.9
05.10. 11:45,177.9
05.10. 12:00,200.6
05.10. 12:15,200.6
05.10. 12:30,200.6
05.10. 12:45,200.6
05.10. 13:00,215.3
05.10. 13:15,215.3
05.10. 13:30,215.3
05.10. 13:45,215.3
05.10. 14:00,191.0
05.10. 14:15,191.0
05.10. 14:30,191.0
05.10. 14:45,191.0
05.10. 15:00,181.5
05.10. 15:15,181.5
05.10. 15:30,181.5
05.10. 15:45,181.5
05.10. 16:00,166.1
05.10. 16:15,166.1
05.10. 16:30,166.1
05.10. 16:45,166.1
05.10. 17:00,177.2
05.10. 17:15,177.2
05.10. 17:30,177.2
05.10. 17:45,177.2
05.10. 18:00,189.5
05.10. 18:15,189.5
05.10. 18:30,189.5
05.10. 18:45,189.5
05.10. 19:00,246.8
05.10. 19:15,246.8
05.10. 19:30,246.8
05.10. 19:45,246.8
05.10. 20:00,231.4
05.10. 20:15,231.4
05.10. 20:30,231.4
05.10. 20:45,231.4
05.10. 21:00,213.5
05.10. 21:15,213.5
05.10. 21:30,213.5
05.10. 21:45,213.5
05.10. 22:00,166.5
05.10. 22:15,166.5
05.10. 22:30,166.5
05.10. 22:45,166.5
05.10. 23:00,139.5
05.10. 23:15,139.5
05.10. 23:30,139.5
05.10. 23:45,139.5
06.10. 00:00,73.6
06.10. 00:15,73.6
06.10. 00:30,73.6
06.10. 00:45,73.6
06.10. 01:00,63.3
06.10. 01:15,63.3
06.10. 01:30,63.3
06.10. 01:45,63.3
06.10. 02:00,56.4
06.10. 02:15,56.4
06.10. 02:30,56.4
06.10. 02:45,56.4
06.10. 03:00,53.0
06.10. 03:15,53.0
06.10. 03:30,53.0
06.10. 03:45,53.0
06.10. 04:00,59.7
06.10. 04:15,59.7
06.10. 04:30,59.7
06.10. 04:45,59.7
06.10. 05:00,65.7
06.10. 05:15,65.7
06.10. 05:30,65.7
06.10. 05:45,65.7
06.10. 06:00,80.9
06.10. 06:15,80.9
06.10. 06:30,80.9
06.10. 06:45,80.9
06.10. 07:00,118.6
06.10. 07:15,118.6
06.10. 07:30,118.6
06.10. 07:45,118.6
06.10. 08:00,172.0
06.10. 08:15,172.0
06.10. 08:30,172.0
06.10. 08:45,172.0
06.10. 09:00,214.8
06.10. 09:15,214.8
06.10. 09:30,214.8
06.10. 09:45,214.8
06.10. 10:00,234.7
06.10. 10:15,234.7
06.10. 10:30,234.7
06.10. 10:45,234.7
06.10. 11:00,232.9
06.10. 11:15,232.9
06.10. 11:30,232.9
06.10. 11:45,232.9
06.10. 12:00,249.6
06.10. 12:15,249.6
06.10. 12:30,249.6
06.10. 12:45,249.6
06.10. 13:00,232.1
06.10. 13:15,232.1
06.10. 13:30,232.1
06.10. 13:45,232.1
06.10. 14:00,206.7
06.10. 14:15,206.7
06.10. 14:30,206.7
06.10. 14:45,206.7
06.10. 15:00,188.0
06.10. 15:15,188.0
06.10. 15:30,188.0
06.10. 15:45,188.0
06.10. 16:00,201.1
06.10. 16:15,201.1
06.10. 16:30,201.1
06.10. 16:45,201.1
06.10. 17:00,204.3
06.10. 17:15,204.3
06.10. 17:30,204.3
06.10. 17:45,204.3
06.10. 18:00,241.2
06.10. 18:15,241.2
06.10. 18:30,241.2
06.10. 18:45,241.2
06.10. 19:00,284.1
06.10. 19:15,284.1
06.10. 19:30,284.1
06.10. 19:45,284.1
06.10. 20:00,267.2
06.10. 20:15,267.2
06.10. 20:30,267.2
06.10. 20:45,267.2
06.10. 21:00,209.2
06.10. 21:15,209.2
06.10. 21:30,209.2
06.10. 21:45,209.2
06.10. 22:00,164.9
06.10. 22:15,164.9
06.10. 22:30,164.9
06.10. 22:45,164.9
06.10. 23:00,125.0
06.10. 23:15,125.0
06.10. 23:30,125.0
06.10. 23:45,125.0
07.10. 00:00,96.9
07.10. 00:15,96.9
07.10. 00:30,96.9
07.10. 00:45,96.9
07.10. 01:00,82.1
07.10. 01:15,82.1
07.10. 01:30,82.1
07.10. 01:45,82.1
07.10. 02:00,74.3
07.10. 02:15,74.3
07.10. 02:30,74.3
07.10. 02:45,74.3
07.10. 03:00,68.2
07.10. 03:15,68.2
07.10. 03:30,68.2
07.10. 03:45,68.2
07.10. 04:00,71.1
07.10. 04:15,71.1
07.10. 04:30,71.1
07.10. 04:45,71.1
07.10. 05:00,75.4
07.10. 05:15,75.4
07.10. 05:30,75.4
07.10. 05:45,75.4
07.10. 06:00,82.3
07.10. 06:15,82.3
07.10. 06:30,82.3
07.10. 06:45,82.3
07.10. 07:00,92.5
07.10. 07:15,92.5
07.10. 07:30,92.5
07.10. 07:45,92.5
07.10. 08:00,120.5
07.10. 08:15,120.5
07.10. 08:30,120.5
07.10. 08:45,120.5
07.10. 09:00,183.0
07.10. 09:15,183.0
07.10. 09:30,183.0
07.10. 09:45,183.0
07.10. 10:00,211.8
07.10. 10:15,211.8
07.10. 10:30,211.8
07.10. 10:45,211.8
07.10. 11:00,255.9
07.10. 11:15,255.9
07.10. 11:30,255.9
07.10. 11:45,255.9
07.10. 12:00,265.2
07.10. 12:15,265.2
07.10. 12:30,265.2
07.10. 12:45,265.2
07.10. 13:00,252.0
07.10. 13:15,252.0
07.10. 13:30,252.0
07.10. 13:45,252.0
07.10. 14:00,217.7
07.10. 14:15,217.7
07.10. 14:30,217.7
07.10. 14:45,217.7
07.10. 15:00,187.5
07.10. 15:15,187.5
07.10. 15:30,187.5
07.10. 15:45,187.5
07.10. 16:00,156.6
07.10. 16:15,156.6
07.10. 16:30,156.6
07.10. 16:45,156.6
07.10. 17:00,165.4
07.10. 17:15,165.4
07.10. 17:30,165.4
07.10. 17:45,165.4
07.10. 18:00,188.5
07.10. 18:15,188.5
07.10. 18:30,188.5
07.10. 18:45,188.5
07.10. 19:00,200.3
07.10. 19:15,200.3
07.10. 19:30,200.3
07.10. 19:45,200.3
07.10. 20:00,236.9
07.10. 20:15,236.9
07.10. 20:30,236.9
07.10. 20:45,236.9
07.10. 21:00,204.4
07.10. 21:15,204.4
07.10. 21:30,204.4
07.10. 21:45,204.4
07.10. 22:00,174.5
07.10. 22:15,174.5
07.10. 22:30,174.5
07.10. 22:45,174.5
07.10. 23:00,124.5
07.10. 23:15,124.5
07.10. 23:30,124.5
07.10. 23:45,124.5
08.10. 00:00,68.2
08.10. 00:15,68.2
08.10. 00:30,68.2
08.10. 00:45,68.2
08.10. 01:00,62.6
08.10. 01:15,62.6
08.10. 01:30,62.6
08.10. 01:45,62.6
08.10. 02:00,54.8
08.10. 02:15,54.8
08.10. 02:30,54.8
08.10. 02:45,54.8
08.10. 03:00,58.4
08.10. 03:15,58.4
08.10. 03:30,58.4
08.10. 03:45,58.4
08.10. 04:00,66.0
08.10. 04:15,66.0
08.10. 04:30,66.0
08.10. 04:45,66.0
08.10. 05:00,99.4
08.10. 05:15,99.4
08.10. 05:30,99.4
08.10. 05:45,99.4
08.10. 06:00,169.8
08.10. 06:15,169.8
08.10. 06:30,169.8
08.10. 06:45,169.8
08.10. 07:00,196.8
08.10. 07:15,196.8
08.10. 07:30,196.8
08.10. 07:45,196.8
08.10. 08:00,213.4
08.10. 08:15,213.4
08.10. 08:30,213.4
08.10. 08:45,213.4
08.10. 09:00,196.9
08.10. 09:15,196.9
08.10. 09:30,196.9
08.10. 09:45,196.9
08.10. 10:00,194.5
08.10. 10:15,194.5
08.10. 10:30,194.5
08.10. 10:45,194.5
08.10. 11:00,185.1
08.10. 11:15,185.1
08.10. 11:30,185.1
08.10. 11:45,185.1
08.10. 12:00,184.4
08.10. 12:15,184.4
08.10. 12:30,184.4
08.10. 12:45,184.4
08.10. 13:00,190.9
08.10. 13:15,190.9
08.10. 13:30,190.9
08.10. 13:45,190.9
08.10. 14:00,154.6
08.10. 14:15,154.6
08.10. 14:30,154.6
08.10. 14:45,154.6
08.10. 15:00,151.0
08.10. 15:15,151.0
08.10. 15:30,151.0
08.10. 15:45,151.0
08.10. 16:00,152.6
08.10. 16:15,152.6
08.10. 16:30,152.6
08.10. 16:45,152.6
08.10. 17:00,174.3
08.10. 17:15,174.3
08.10. 17:30,174.3
08.10. 17:45,174.3
08.10. 18:00,210.3
08.10. 18:15,210.3
08.10. 18:30,210.3
08.10. 18:45,210.3
08.10. 19:00,282.1
08.10. 19:15,282.1
08.10. 19:30,282.1
08.10. 19:45,282.1
08.10. 20:00,283.4
08.10. 20:15,283.4
08.10. 20:30,283.4
08.10. 20:45,283.4
08.10. 21:00,241.9
08.10. 21:15,241.9
08.10. 21:30,241.9
08.10. 21:45,241.9
08.10. 22:00,187.8
08.10. 22:15,187.8
08.10. 22:30,187.8
08.10. 22:45,187.8
08.10. 23:00,150.1
08.10. 23:15,150.1
08.10. 23:30,150.1
08.10. 23:45,150.1
09.10. 00:00,88.0
09.10. 00:15,88.0
09.10. 00:30,88.0
09.10. 00:45,88.0
09.10. 01:00,80.5
09.10. 01:15,80.5
09.10. 01:30,80.5
09.10. 01:45,80.5
09.10. 02:00,69.0
09.10. 02:15,69.0
09.10. 02:30,69.0
09.10. 02:45,69.0
09.10. 03:00,73.2
09.10. 03:15,73.2
09.10. 03:30,73.2
09.10. 03:45,73.2
09.10. 04:00,83.8
09.10. 04:15,83.8
09.10. 04:30,83.8
09.10. 04:45,83.8
09.10. 05:00,112.5
09.10. 05:15,112.5
09.10. 05:30,112.5
09.10. 05:45,112.5
09.10. 06:00,191.2
09.10. 06:15,191.2
09.10. 06:30,191.2
09.10. 06:45,191.2
09.10. 07:00,232.8
09.10. 07:15,232.8
09.10. 07:30,232.8
09.10. 07:45,232.8
09.10. 08:00,207.5
09.10. 08:15,207.5
09.10. 08:30,207.5
09.10. 08:45,207.5
09.10. 09:00,202.0
09.10. 09:15,202.0
09.10. 09:30,202.0
09.10. 09:45,202.0
09.10. 10:00,187.3
09.10. 10:15,187.3
09.10. 10:30,187.3
09.10. 10:45,187.3
09.10. 11:00,187.7
09.10. 11:15,187.7
09.10. 11:30,187.7
09.10. 11:45,187.7
09.10. 12:00,195.8
09.10. 12:15,195.8
09.10. 12:30,195.8
09.10. 12:45,195.8
09.10. 13:00,195.2
09.10. 13:15,195.2
09.10. 13:30,195.2
09.10. 13:45,195.2
09.10. 14:00,171.7
09.10. 14:15,171.7
09.10. 14:30,171.7
09.10. 14:45,171.7
09.10. 15:00,149.0
09.10. 15:15,149.0
09.10. 15:30,149.0
09.10. 15:45,149.0
09.10. 16:00,154.2
09.10. 16:15,154.2
09.10. 16:30,154.2
09.10. 16:45,154.2
09.10. 17:00,166.5
09.10. 17:15,166.5
09.10. 17:30,166.5
09.10. 17:45,166.5
09.10. 18:00,230.2
09.10. 18:15,230.2
09.10. 18:30,230.2
09.10. 18:45,230.2
09.10. 19:00,261.1
09.10. 19:15,261.1
09.10. 19:30,261.1
09.10. 19:45,261.1
09.10. 20:00,283.2
09.10. 20:15,283.2
09.10. 20:30,283.2
09.10. 20:45,283.2
09.10. 21:00,245.6
09.10. 21:15,245.6
09.10. 21:30,245.6
09.10. 21:45,245.6
09.10. 22:00,188.6
09.10. 22:15,188.6
09.10. 22:30,188.6
09.10. 22:45,188.6
09.10. 23:00,140.2
09.10. 23:15,140.2
09.10. 23:30,140.2
09.10. 23:45,140.2
10.10. 00:00,80.0
10.10. 00:15,80.0
10.10. 00:30,80.0
10.10. 00:45,80.0
10.10. 01:00,64.8
10.10. 01:15,64.8
10.10. 01:30,64.8
10.10. 01:45,64.8
10.10. 02:00,61.0
10.10. 02:15,61.0
10.10. 02:30,61.0
10.10. 02:45,61.0
10.10. 03:00,58.4
10.10. 03:15,58.4
10.10. 03:30,58.4
10.10. 03:45,58.4
10.10. 04:00,69.7
10.10. 04:15,69.7
10.10. 04:30,69.7
10.10. 04:45,69.7
10.10. 05:00,95.7
10.10. 05:15,95.7
10.10. 05:30,95.7
10.10. 05:45,95.7
10.10. 06:00,179.6
10.10. 06:15,179.6
10.10. 06:30,179.6
10.10. 06:45,179.6
10.10. 07:00,213.9
10.10. 07:15,213.9
10.10. 07:30,213.9
10.10. 07:45,213.9
10.10. 08:00,200.0
10.10. 08:15,200.0
10.10. 08:30,200.0
10.10. 08:45,200.0
10.10. 09:00,187.6
10.10. 09:15,187.6
10.10. 09:30,187.6
10.10. 09:45,187.6
10.10. 10:00,183.2
10.10. 10:15,183.2
10.10. 10:30,183.2
10.10. 10:45,183.2
10.10. 11:00,180.1
10.10. 11:15,180.1
10.10. 11:30,180.1
10.10. 11:45,180.1
10.10. 12:00,175.5
10.10. 12:15,175.5
10.10. 12:30,175.5
10.10. 12:45,175.5
10.10. 13:00,189.1
10.10. 13:15,189.1
10.10. 13:30,189.1
10.10. 13:45,189.1
10.10. 14:00,166.9
10.10. 14:15,166.9
10.10. 14:30,166.9
10.10. 14:45,166.9
10.10. 15:00,151.0
10.10. 15:15,151.0
10.10. 15:30,151.0
10.10. 15:45,151.0
10.10. 16:00,153.8
10.10. 16:15,153.8
10.10. 16:30,153.8
10.10. 16:45,153.8
10.10. 17:00,167.6
10.10. 17:15,167.6
10.10. 17:30,167.6
10.10. 17:45,167.6
10.10. 18:00,205.2
10.10. 18:15,205.2
10.10. 18:30,205.2
10.10. 18:45,205.2
10.10. 19:00,233.6
10.10. 19:15,233.6
10.10. 19:30,233.6
10.10. 19:45,233.6
10.10. 20:00,262.0
10.10. 20:15,262.0
10.10. 20:30,262.0
10.10. 20:45,262.0
10.10. 21:00,266.9
10.10. 21:15,266.9
10.10. 21:30,266.9
10.10. 21:45,266.9
10.10. 22:00,197.0
10.10. 22:15,197.0
10.10. 22:30,197.0
10.10. 22:45,197.0
10.10. 23:00,164.1
10.10. 23:15,164.1
10.10. 23:30,164.1
10.10. 23:45,164.1
11.10. 00:00,92.4
11.10. 00:15,92.4
11.10. 00:30,92.4
11.10. 00:45,92.4
11.10. 01:00,80.9
11.10. 01:15,80.9
11.10. 01:30,80.9
11.10. 01:45,80.9
11.10. 02:00,75.2
11.10. 02:15,75.2
11.10. 02:30,75.2
11.10. 02:45,75.2
11.10. 03:00,74.8
11.10. 03:15,74.8
11.10. 03:30,74.8
11.10. 03:45,74.8
11.10. 04:00,87.8
11.10. 04:15,87.8
11.10. 04:30,87.8
11.10. 04:45,87.8
11.10. 05:00,120.9
11.10. 05:15,120.9
11.10. 05:30,120.9
11.10. 05:45,120.9
11.10. 06:00,203.8
11.10. 06:15,203.8
11.10. 06:30,203.8
11.10. 06:45,203.8
11.10. 07:00,223.1
11.10. 07:15,223.1
11.10. 07:30,223.1
11.10. 07:45,223.1
11.10. 08:00,222.4
11.10. 08:15,222.4
11.10. 08:30,222.4
11.10. 08:45,222.4
11.10. 09:00,209.4
11.10. 09:15,209.4
11.10. 09:30,209.4
11.10. 09:45,209.4
11.10. 10:00,206.3
11.10. 10:15,206.3
11.10. 10:30,206.3
11.10. 10:45,206.3
11.10. 11:00,182.0
11.10. 11:15,182.0
11.10. 11:30,182.0
11.10. 11:45,182.0
11.10. 12:00,203.7
11.10. 12:15,203.7
11.10. 12:30,203.7
11.10. 12:45,203.7
11.10. 13:00,186.1
11.10. 13:15,186.1
11.10. 13:30,186.1
11.10. 13:45,186.1
11.10. 14:00,179.1
11.10. 14:15,179.1
11.10. 14:30,179.1
11.10. 14:45,179.1
11.10. 15:00,175.5
11.10. 15:15,175.5
11.10. 15:30,175.5
11.10. 15:45,175.5
11.10. 16:00,166.2
11.10. 16:15,166.2
11.10. 16:30,166.2
11.10. 16:45,166.2
11.10. 17:00,190.9
11.10. 17:15,190.9
11.10. 17:30,190.9
11.10. 17:45,190.9
11.10. 18:00,240.8
11.10. 18:15,240.8
11.10. 18:30,240.8
11.10. 18:45,240.8
11.10. 19:00,282.3
11.10. 19:15,282.3
11.10. 19:30,282.3
11.10. 19:45,282.3
11.10. 20:00,279.4
11.10. 20:15,279.4
11.10. 20:30,279.4
11.10. 20:45,279.4
11.10. 21:00,284.1
11.10. 21:15,284.1
11.10. 21:30,284.1
11.10. 21:45,284.1
11.10. 22:00,214.6
11.10. 22:15,214.6
11.10. 22:30,214.6
11.10. 22:45,214.6
11.10. 23:00,147.1
11.10. 23:15,147.1
11.10. 23:30,147.1
11.10. 23:45,147.1
12.10. 00:00,92.7
12.10. 00:15,92.7
12.10. 00:30,92.7
12.10. 00:45,92.7
12.10. 01:00,80.8
12.10. 01:15,80.8
12.10. 01:30,80.8
12.10. 01:45,80.8
12.10. 02:00,79.0
12.10. 02:15,79.0
12.10. 02:30,79.0
12.10. 02:45,79.0
12.10. 03:00,72.2
12.10. 03:15,72.2
12.10. 03:30,72.2
12.10. 03:45,72.2
12.10. 04:00,86.5
12.10. 04:15,86.5
12.10. 04:30,86.5
12.10. 04:45,86.5
12.10. 05:00,119.7
12.10. 05:15,119.7
12.10. 05:30,119.7
12.10. 05:45,119.7
12.10. 06:00,229.3
12.10. 06:15,229.3
12.10. 06:30,229.3
12.10. 06:45,229.3
12.10. 07:00,238.2
12.10. 07:15,238.2
12.10. 07:30,238.2
12.10. 07:45,238.2
12.10. 08:00,218.8
12.10. 08:15,218.8
12.10. 08:30,218.8
12.10. 08:45,218.8
12.10. 09:00,214.7
12.10. 09:15,214.7
12.10. 09:30,214.7
12.10. 09:45,214.7
12.10. 10:00,189.7
12.10. 10:15,189.7
12.10. 10:30,189.7
12.10. 10:45,189.7
12.10. 11:00,192.6
12.10. 11:15,192.6
12.10. 11:30,192.6
12.10. 11:45,192.6
12.10. 12:00,182.4
12.10. 12:15,182.4
12.10. 12:30,182.4
12.10. 12:45,182.4
12.10. 13:00,188.9
12.10. 13:15,188.9
12.10. 13:30,188.9
12.10. 13:45,188.9
12.10. 14:00,175.2
12.10. 14:15,175.2
12.10. 14:30,175.2
12.10. 14:45,175.2
12.10. 15:00,161.9
12.10. 15:15,161.9
12.10. 15:30,161.9
12.10. 15:45,161.9
12.10. 16:00,152.6
12.10. 16:15,152.6
12.10. 16:30,152.6
12.10. 16:45,152.6
12.10. 17:00,182.3
12.10. 17:15,182.3
12.10. 17:30,182.3
12.10. 17:45,182.3
12.10. 18:00,231.9
12.10. 18:15,231.9
12.10. 18:30,231.9
12.10. 18:45,231.9
12.10. 19:00,270.5
12.10. 19:15,270.5
12.10. 19:30,270.5
12.10. 19:45,270.5
12.10. 20:00,279.1
12.10. 20:15,279.1
12.10. 20:30,279.1
12.10. 20:45,279.1
12.10. 21:00,273.2
12.10. 21:15,273.2
12.10. 21:30,273.2
12.10. 21:45,273.2
12.10. 22:00,194.5
12.10. 22:15,194.5
12.10. 22:30,194.5
12.10. 22:45,194.5
12.10. 23:00,148.9
12.10. 23:15,148.9
12.10. 23:30,148.9
12.10. 23:45,148.9
13.10. 00:00,85.2
13.10. 00:15,85.2
13.10. 00:30,85.2
13.10. 00:45,85.2
13.10. 01:00,75.0
13.10. 01:15,75.0
13.10. 01:30,75.0
13.10. 01:45,75.0
13.10. 02:00,69.3
13.10. 02:15,69.3
13.10. 02:30,69.3
13.10. 02:45,69.3
13.10. 03:00,61.3
13.10. 03:15,61.3
13.10. 03:30,61.3
13.10. 03:45,61.3
13.10. 04:00,63.2
13.10. 04:15,63.2
13.10. 04:30,63.2
13.10. 04:45,63.2
13.10. 05:00,69.2
13.10. 05:15,69.2
13.10. 05:30,69.2
13.10. 05:45,69.2
13.10. 06:00,87.1
13.10. 06:15,87.1
13.10. 06:30,87.1
13.10. 06:45,87.1
13.10. 07:00,123.4
13.10. 07:15,123.4
13.10. 07:30,123.4
13.10. 07:45,123.4
13.10. 08:00,192.8
13.10. 08:15,192.8
13.10. 08:30,192.8
13.10. 08:45,192.8
13.10. 09:00,217.5
13.10. 09:15,217.5
13.10. 09:30,217.5
13.10. 09:45,217.5
13.10. 10:00,208.6
13.10. 10:15,208.6
13.10. 10:30,208.6
13.10. 10:45,208.6
13.10. 11:00,230.1
13.10. 11:15,230.1
13.10. 11:30,230.1
13.10. 11:45,230.1
13.10. 12:00,249.6
13.10. 12:15,249.6
13.10. 12:30,249.6
13.10. 12:45,249.6
13.10. 13:00,215.5
13.10. 13:15,215.5
13.10. 13:30,215.5
13.10. 13:45,215.5
13.10. 14:00,230.3
13.10. 14:15,230.3
13.10. 14:30,230.3
13.10. 14:45,230.3
13.10. 15:00,202.1
13.10. 15:15,202.1
13.10. 15:30,202.1
13.10. 15:45,202.1
13.10. 16:00,181.9
13.10. 16:15,181.9
13.10. 16:30,181.9
13.10. 16:45,181.9
13.10. 17:00,224.8
13.10. 17:15,224.8
13.10. 17:30,224.8
13.10. 17:45,224.8
13.10. 18:00,249.0
13.10. 18:15,249.0
13.10. 18:30,249.0
13.10. 18:45,249.0
13.10. 19:00,253.2
13.10. 19:15,253.2
13.10. 19:30,253.2
13.10. 19:45,253.2
13.10. 20:00,249.5
13.10. 20:15,249.5
13.10. 20:30,249.5
13.10. 20:45,249.5
13.10. 21:00,201.0
13.10. 21:15,201.0
13.10. 21:30,201.0
13.10. 21:45,201.0
13.10. 22:00,160.2
13.10. 22:15,160.2
13.10. 22:30,160.2
13.10. 22:45,160.2
13.10. 23:00,110.7
13.10. 23:15,110.7
13.10. 23:30,110.7
13.10. 23:45,110.7
14.10. 00:00,83.3
14.10. 00:15,83.3
14.10. 00:30,83.3
14.10. 00:45,83.3
14.10. 01:00,72.8
14.10. 01:15,72.8
14.10. 01:30,72.8
14.10. 01:45,72.8
14.10. 02:00,62.6
14.10. 02:15,62.6
14.10. 02:30,62.6
14.10. 02:45,62.6
14.10. 03:00,52.4
14.10. 03:15,52.4
14.10. 03:30,52.4
14.10. 03:45,52.4
14.10. 04:00,51.8
14.10. 04:15,51.8
14.10. 04:30,51.8
14.10. 04:45,51.8
14.10. 05:00,61.0
14.10. 05:15,61.0
14.10. 05:30,61.0
14.10. 05:45,61.0
14.10. 06:00,56.6
14.10. 06:15,56.6
14.10. 06:30,56.6
14.10. 06:45,56.6
14.10. 07:00,77.1
14.10. 07:15,77.1
14.10. 07:30,77.1
14.10. 07:45,77.1
14.10. 08:00,112.3
14.10. 08:15,112.3
14.10. 08:30,112.3
14.10. 08:45,112.3
14.10. 09:00,175.5
14.10. 09:15,175.5
14.10. 09:30,175.5
14.10. 09:45,175.5
14.10. 10:00,234.1
14.10. 10:15,234.1
14.10. 10:30,234.1
14.10. 10:45,234.1
14.10. 11:00,281.3
14.10. 11:15,281.3
14.10. 11:30,281.3
14.10. 11:45,281.3
14.10. 12:00,262.7
14.10. 12:15,262.7
14.10. 12:30,262.7
14.10. 12:45,262.7
14.10. 13:00,258.7
14.10. 13:15,258.7
14.10. 13:30,258.7
14.10. 13:45,258.7
14.10. 14:00,210.0
14.10. 14:15,210.0
14.10. 14:30,210.0
14.10. 14:45,210.0
14.10. 15:00,184.6
14.10. 15:15,184.6
14.10. 15:30,184.6
14.10. 15:45,184.6
14.10. 16:00,156.4
14.10. 16:15,156.4
14.10. 16:30,156.4
14.10. 16:45,156.4
14.10. 17:00,170.3
14.10. 17:15,170.3
14.10. 17:30,170.3
14.10. 17:45,170.3
14.10. 18:00,167.2
14.10. 18:15,167.2
14.10. 18:30,167.2
14.10. 18:45,167.2
14.10. 19:00,190.2
14.10. 19:15,190.2
14.10. 19:30,190.2
14.10. 19:45,190.2
14.10. 20:00,224.9
14.10. 20:15,224.9
14.10. 20:30,224.9
14.10. 20:45,224.9
14.10. 21:00,192.4
14.10. 21:15,192.4
14.10. 21:30,192.4
14.10. 21:45,192.4
14.10. 22:00,164.6
14.10. 22:15,164.6
14.10. 22:30,164.6
14.10. 22:45,164.6
14.10. 23:00,114.1
14.10. 23:15,114.1
14.10. 23:30,114.1
14.10. 23:45,114.1
15.10. 00:00,69.9
15.10. 00:15,69.9
15.10. 00:30,69.9
15.10. 00:45,69.9
15.10. 01:00,59.8
15.10. 01:15,59.8
15.10. 01:30,59.8
15.10. 01:45,59.8
15.10. 02:00,53.6
15.10. 02:15,53.6
15.10. 02:30,53.6
15.10. 02:45,53.6
15.10. 03:00,51.7
15.10. 03:15,51.7
15.10. 03:30,51.7
15.10. 03:45,51.7
15.10. 04:00,58.2
15.10. 04:15,58.2
15.10. 04:30,58.2
15.10. 04:45,58.2
15.10. 05:00,90.2
15.10. 05:15,90.2
15.10. 05:30,90.2
15.10. 05:45,90.2
15.10. 06:00,151.5
15.10. 06:15,151.5
15.10. 06:30,151.5
15.10. 06:45,151.5
15.10. 07:00,208.8
15.10. 07:15,208.8
15.10. 07:30,208.8
15.10. 07:45,208.8
15.10. 08:00,192.9
15.10. 08:15,192.9
15.10. 08:30,192.9
15.10. 08:45,192.9
15.10. 09:00,177.0
15.10. 09:15,177.0
15.10. 09:30,177.0
15.10. 09:45,177.0
15.10. 10:00,156.3
15.10. 10:15,156.3
15.10. 10:30,156.3
15.10. 10:45,156.3
15.10. 11:00,173.6
15.10. 11:15,173.6
15.10. 11:30,173.6
15.10. 11:45,173.6
15.10. 12:00,204.5
15.10. 12:15,204.5
15.10. 12:30,204.5
15.10. 12:45,204.5
15.10. 13:00,192.8
15.10. 13:15,192.8
15.10. 13:30,192.8
15.10. 13:45,192.8
15.10. 14:00,167.2
15.10. 14:15,167.2
15.10. 14:30,167.2
15.10. 14:45,167.2
15.10. 15:00,151.6
15.10. 15:15,151.6
15.10. 15:30,151.6
15.10. 15:45,151.6
15.10. 16:00,152.0
15.10. 16:15,152.0
15.10. 16:30,152.0
15.10. 16:45,152.0
15.10. 17:00,161.2
15.10. 17:15,161.2
15.10. 17:30,161.2
15.10. 17:45,161.2
15.10. 18:00,185.7
15.10. 18:15,185.7
15.10. 18:30,185.7
15.10. 18:45,185.7
15.10. 19:00,233.0
15.10. 19:15,233.0
15.10. 19:30,233.0
15.10. 19:45,233.0
15.10. 20:00,240.0
15.10. 20:15,240.0
15.10. 20:30,240.0
15.10. 20:45,240.0
15.10. 21:00,226.0
15.10. 21:15,226.0
15.10. 21:30,226.0
15.10. 21:45,226.0
15.10. 22:00,174.2
15.10. 22:15,174.2
15.10. 22:30,174.2
15.10. 22:45,174.2
15.10. 23:00,128.5
15.10. 23:15,128.5
15.10. 23:30,128.5
15.10. 23:45,128.5
16.10. 00:00,65.4
16.10. 00:15,65.4
16.10. 00:30,65.4
16.10. 00:45,65.4
16.10. 01:00,61.9
16.10. 01:15,61.9
16.10. 01:30,61.9
16.10. 01:45,61.9
16.10. 02:00,49.9
16.10. 02:15,49.9
16.10. 02:30,49.9
16.10. 02:45,49.9
16.10. 03:00,48.5
16.10. 03:15,48.5
16.10. 03:30,48.5
16.10. 03:45,48.5
16.10. 04:00,55.1
16.10. 04:15,55.1
16.10. 04:30,55.1
16.10. 04:45,55.1
16.10. 05:00,83.5
16.10. 05:15,83.5
16.10. 05:30,83.5
16.10. 05:45,83.5
16.10. 06:00,157.2
16.10. 06:15,157.2
16.10. 06:30,157.2
16.10. 06:45,157.2
16.10. 07:00,183.2
16.10. 07:15,183.2
16.10. 07:30,183.2
16.10. 07:45,183.2
16.10. 08:00,188.1
16.10. 08:15,188.1
16.10. 08:30,188.1
16.10. 08:45,188.1
16.10. 09:00,193.4
16.10. 09:15,193.4
16.10. 09:30,193.4
16.10. 09:45,193.4
16.10. 10:00,175.4
16.10. 10:15,175.4
16.10. 10:30,175.4
16.10. 10:45,175.4
16.10. 11:00,167.9
16.10. 11:15,167.9
16.10. 11:30,167.9
16.10. 11:45,167.9
16.10. 12:00,192.3
16.10. 12:15,192.3
16.10. 12:30,192.3
16.10. 12:45,192.3
16.10. 13:00,196.5
16.10. 13:15,196.5
16.10. 13:30,196.5
16.10. 13:45,196.5
16.10. 14:00,151.4
16.10. 14:15,151.4
16.10. 14:30,151.4
16.10. 14:45,151.4
16.10. 15:00,149.4
16.10. 15:15,149.4
16.10. 15:30,149.4
16.10. 15:45,149.4
16.10. 16:00,144.0
16.10. 16:15,144.0
16.10. 16:30,144.0
16.10. 16:45,144.0
16.10. 17:00,165.6
16.10. 17:15,165.6
16.10. 17:30,165.6
16.10. 17:45,165.6
16.10. 18:00,193.9
16.10. 18:15,193.9
16.10. 18:30,193.9
16.10. 18:45,193.9
16.10. 19:00,228.2
16.10. 19:15,228.2
16.10. 19:30,228.2
16.10. 19:45,228.2
16.10. 20:00,249.1
16.10. 20:15,249.1
16.10. 20:30,249.1
16.10. 20:45,249.1
16.10. 21:00,214.5
16.10. 21:15,214.5
16.10. 21:30,214.5
16.10. 21:45,214.5
16.10. 22:00,165.7
16.10. 22:15,165.7
16.10. 22:30,165.7
16.10. 22:45,165.7
16.10. 23:00,124.5
16.10. 23:15,124.5
16.10. 23:30,124.5
16.10. 23:45,124.5
17.10. 00:00,66.2
17.10. 00:15,66.2
17.10. 00:30,66.2
17.10. 00:45,66.2
17.10. 01:00,56.2
17.10. 01:15,56.2
17.10. 01:30,56.2
17.10. 01:45,56.2
17.10. 02:00,48.0
17.10. 02:15,48.0
17.10. 02:30,48.0
17.10. 02:45,48.0
17.10. 03:00,45.0
17.10. 03:15,45.0
17.10. 03:30,45.0
17.10. 03:45,45.0
17.10. 04:00,54.8
17.10. 04:15,54.8
17.10. 04:30,54.8
17.10. 04:45,54.8
17.10. 05:00,80.4
17.10. 05:15,80.4
17.10. 05:30,80.4
17.10. 05:45,80.4
17.10. 06:00,151.0
17.10. 06:15,151.0
17.10. 06:30,151.0
17.10. 06:45,151.0
17.10. 07:00,172.8
17.10. 07:15,172.8
17.10. 07:30,172.8
17.10. 07:45,172.8
17.10. 08:00,184.9
17.10. 08:15,184.9
17.10. 08:30,184.9
17.10. 08:45,184.9
17.10. 09:00,208.0
17.10. 09:15,208.0
17.10. 09:30,208.0
17.10. 09:45,208.0
17.10. 10:00,184.3
17.10. 10:15,184.3
17.10. 10:30,184.3
17.10. 10:45,184.3
17.10. 11:00,205.9
17.10. 11:15,205.9
17.10. 11:30,205.9
17.10. 11:45,205.9
17.10. 12:00,198.6
17.10. 12:15,198.6
17.10. 12:30,198.6
17.10. 12:45,198.6
17.10. 13:00,185.8
17.10. 13:15,185.8
17.10. 13:30,185.8
17.10. 13:45,185.8
17.10. 14:00,182.5
17.10. 14:15,182.5
17.10. 14:30,182.5
17.10. 14:45,182.5
17.10. 15:00,160.9
17.10. 15:15,160.9
17.10. 15:30,160.9
17.10. 15:45,160.9
17.10. 16:00,142.6
17.10. 16:15,142.6
17.10. 16:30,142.6
17.10. 16:45,142.6
17.10. 17:00,162.0
17.10. 17:15,162.0
17.10. 17:30,162.0
17.10. 17:45,162.0
17.10. 18:00,193.6
17.10. 18:15,193.6
17.10. 18:30,193.6
17.10. 18:45,193.6
17.10. 19:00,235.4
17.10. 19:15,235.4
17.10. 19:30,235.4
17.10. 19:45,235.4
17.10. 20:00,227.8
17.10. 20:15,227.8
17.10. 20:30,227.8
17.10. 20:45,227.8
17.10. 21:00,229.5
17.10. 21:15,229.5
17.10. 21:30,229.5
17.10. 21:45,229.5
17.10. 22:00,174.1
17.10. 22:15,174.1
17.10. 22:30,174.1
17.10. 22:45,174.1
17.10. 23:00,135.3
17.10. 23:15,135.3
17.10. 23:30,135.3
17.10. 23:45,135.3
18.10. 00:00,61.2
18.10. 00:15,61.2
18.10. 00:30,61.2
18.10. 00:45,61.2
18.10. 01:00,56.3
18.10. 01:15,56.3
18.10. 01:30,56.3
18.10. 01:45,56.3
18.10. 02:00,45.0
18.10. 02:15,45.0
18.10. 02:30,45.0
18.10. 02:45,45.0
18.10. 03:00,51.4
18.10. 03:15,51.4
18.10. 03:30,51.4
18.10. 03:45,51.4
18.10. 04:00,57.2
18.10. 04:15,57.2
18.10. 04:30,57.2
18.10. 04:45,57.2
18.10. 05:00,84.7
18.10. 05:15,84.7
18.10. 05:30,84.7
18.10. 05:45,84.7
18.10. 06:00,162.1
18.10. 06:15,162.1
18.10. 06:30,162.1
18.10. 06:45,162.1
18.10. 07:00,201.4
18.10. 07:15,201.4
18.10. 07:30,201.4
18.10. 07:45,201.4
18.10. 08:00,190.7
18.10. 08:15,190.7
18.10. 08:30,190.7
18.10. 08:45,190.7
18.10. 09:00,196.4
18.10. 09:15,196.4
18.10. 09:30,196.4
18.10. 09:45,196.4
18.10. 10:00,181.7
18.10. 10:15,181.7
18.10. 10:30,181.7
18.10. 10:45,181.7
18.10. 11:00,186.4
18.10. 11:15,186.4
18.10. 11:30,186.4
18.10. 11:45,186.4
18.10. 12:00,178.4
18.10. 12:15,178.4
18.10. 12:30,178.4
18.10. 12:45,178.4
18.10. 13:00,189.6
18.10. 13:15,189.6
18.10. 13:30,189.6
18.10. 13:45,189.6
18.10. 14:00,169.4
18.10. 14:15,169.4
18.10. 14:30,169.4
18.10. 14:45,169.4
18.10. 15:00,155.3
18.10. 15:15,155.3
18.10. 15:30,155.3
18.10. 15:45,155.3
18.10. 16:00,148.3
18.10. 16:15,148.3
18.10. 16:30,148.3
18.10. 16:45,148.3
18.10. 17:00,184.5
18.10. 17:15,184.5
18.10. 17:30,184.5
18.10. 17:45,184.5
18.10. 18:00,224.3
18.10. 18:15,224.3
18.10. 18:30,224.3
18.10. 18:45,224.3
18.10. 19:00,247.6
18.10. 19:15,247.6
18.10. 19:30,247.6
18.10. 19:45,247.6
18.10. 20:00,274.2
18.10. 20:15,274.2
18.10. 20:30,274.2
18.10. 20:45,274.2
18.10. 21:00,259.3
18.10. 21:15,259.3
18.10. 21:30,259.3
18.10. 21:45,259.3
18.10. 22:00,193.8
18.10. 22:15,193.8
18.10. 22:30,193.8
18.10. 22:45,193.8
18.10. 23:00,153.3
18.10. 23:15,153.3
18.10. 23:30,153.3
18.10. 23:45,153.3
19.10. 00:00,85.8
19.10. 00:15,85.8
19.10. 00:30,85.8
19.10. 00:45,85.8
19.10. 01:00,77.8
19.10. 01:15,77.8
19.10. 01:30,77.8
19.10. 01:45,77.8
19.10. 02:00,70.1
19.10. 02:15,70.1
19.10. 02:30,70.1
19.10. 02:45,70.1
19.10. 03:00,67.9
19.10. 03:15,67.9
19.10. 03:30,67.9
19.10. 03:45,67.9
19.10. 04:00,82.7
19.10. 04:15,82.7
19.10. 04:30,82.7
19.10. 04:45,82.7
19.10. 05:00,108.2
19.10. 05:15,108.2
19.10. 05:30,108.2
19.10. 05:45,108.2
19.10. 06:00,186.9
19.10. 06:15,186.9
19.10. 06:30,186.9
19.10. 06:45,186.9
19.10. 07:00,245.6
19.10. 07:15,245.6
19.10. 07:30,245.6
19.10. 07:45,245.6
19.10. 08:00,214.0
19.10. 08:15,214.0
19.10. 08:30,214.0
19.10. 08:45,214.0
19.10. 09:00,195.8
19.10. 09:15,195.8
19.10. 09:30,195.8
19.10. 09:45,195.8
19.10. 10:00,198.9
19.10. 10:15,198.9
19.10. 10:30,198.9
19.10. 10:45,198.9
19.10. 11:00,188.0
19.10. 11:15,188.0
19.10. 11:30,188.0
19.10. 11:45,188.0
19.10. 12:00,204.7
19.10. 12:15,204.7
19.10. 12:30,204.7
19.10. 12:45,204.7
19.10. 13:00,201.7
19.10. 13:15,201.7
19.10. 13:30,201.7
19.10. 13:45,201.7
19.10. 14:00,178.5
19.10. 14:15,178.5
19.10. 14:30,178.5
19.10. 14:45,178.5
19.10. 15:00,151.7
19.10. 15:15,151.7
19.10. 15:30,151.7
19.10. 15:45,151.7
19.10. 16:00,165.1
19.10. 16:15,165.1
19.10. 16:30,165.1
19.10. 16:45,165.1
19.10. 17:00,170.9
19.10. 17:15,170.9
19.10. 17:30,170.9
19.10. 17:45,170.9
19.10. 18:00,218.6
19.10. 18:15,218.6
19.10. 18:30,218.6
19.10. 18:45,218.6
19.10. 19:00,249.6
19.10. 19:15,249.6
19.10. 19:30,249.6
19.10. 19:45,249.6
19.10. 20:00,264.4
19.10. 20:15,264.4
19.10. 20:30,264.4
19.10. 20:45,264.4
19.10. 21:00,258.1
19.10. 21:15,258.1
19.10. 21:30,258.1
19.10. 21:45,258.1
19.10. 22:00,206.8
19.10. 22:15,206.8
19.10. 22:30,206.8
19.10. 22:45,206.8
19.10. 23:00,146.1
19.10. 23:15,146.1
19.10. 23:30,146.1
19.10. 23:45,146.1
20.10. 00:00,83.2
20.10. 00:15,83.2
20.10. 00:30,83.2
20.10. 00:45,83.2
20.10. 01:00,75.4
20.10. 01:15,75.4
20.10. 01:30,75.4
20.10. 01:45,75.4
20.10. 02:00,66.8
20.10. 02:15,66.8
20.10. 02:30,66.8
20.10. 02:45,66.8
20.10. 03:00,57.2
20.10. 03:15,57.2
20.10. 03:30,57.2
20.10. 03:45,57.2
20.10. 04:00,59.1
20.10. 04:15,59.1
20.10. 04:30,59.1
20.10. 04:45,59.1
20.10. 05:00,67.0
20.10. 05:15,67.0
20.10. 05:30,67.0
20.10. 05:45,67.0
20.10. 06:00,88.1
20.10. 06:15,88.1
20.10. 06:30,88.1
20.10. 06:45,88.1
20.10. 07:00,123.1
20.10. 07:15,123.1
20.10. 07:30,123.1
20.10. 07:45,123.1
20.10. 08:00,169.5
20.10. 08:15,169.5
20.10. 08:30,169.5
20.10. 08:45,169.5
20.10. 09:00,214.1
20.10. 09:15,214.1
20.10. 09:30,214.1
20.10. 09:45,214.1
20.10. 10:00,243.7
20.10. 10:15,243.7
20.10. 10:30,243.7
20.10. 10:45,243.7
20.10. 11:00,252.1
20.10. 11:15,252.1
20.10. 11:30,252.1
20.10. 11:45,252.1
20.10. 12:00,260.3
20.10. 12:15,260.3
20.10. 12:30,260.3
20.10. 12:45,260.3
20.10. 13:00,230.0
20.10. 13:15,230.0
20.10. 13:30,230.0
20.10. 13:45,230.0
20.10. 14:00,216.9
20.10. 14:15,216.9
20.10. 14:30,216.9
20.10. 14:45,216.9
20.10. 15:00,186.4
20.10. 15:15,186.4
20.10. 15:30,186.4
20.10. 15:45,186.4
20.10. 16:00,199.6
20.10. 16:15,199.6
20.10. 16:30,199.6
20.10. 16:45,199.6
20.10. 17:00,229.8
20.10. 17:15,229.8
20.10. 17:30,229.8
20.10. 17:45,229.8
20.10. 18:00,235.9
20.10. 18:15,235.9
20.10. 18:30,235.9
20.10. 18:45,235.9
20.10. 19:00,263.3
20.10. 19:15,263.3
20.10. 19:30,263.3
20.10. 19:45,263.3
20.10. 20:00,258.6
20.10. 20:15,258.6
20.10. 20:30,258.6
20.10. 20:45,258.6
20.10. 21:00,192.7
20.10. 21:15,192.7
20.10. 21:30,192.7
20.10. 21:45,192.7
20.10. 22:00,153.0
20.10. 22:15,153.0
20.10. 22:30,153.0
20.10. 22:45,153.0
20.10. 23:00,106.6
20.10. 23:15,106.6
20.10. 23:30,106.6
20.10. 23:45,106.6
21.10. 00:00,80.4
21.10. 00:15,80.4
21.10. 00:30,80.4
21.10. 00:45,80.4
21.10. 01:00,69.4
21.10. 01:15,69.4
21.10. 01:30,69.4
21.10. 01:45,69.4
21.10. 02:00,60.2
21.10. 02:15,60.2
21.10. 02:30,60.2
21.10. 02:45,60.2
21.10. 03:00,54.6
21.10. 03:15,54.6
21.10. 03:30,54.6
21.10. 03:45,54.6
21.10. 04:00,55.8
21.10. 04:15,55.8
21.10. 04:30,55.8
21.10. 04:45,55.8
21.10. 05:00,48.9
21.10. 05:15,48.9
21.10. 05:30,48.9
21.10. 05:45,48.9
21.10. 06:00,57.1
21.10. 06:15,57.1
21.10. 06:30,57.1
21.10. 06:45,57.1
21.10. 07:00,68.9
21.10. 07:15,68.9
21.10. 07:30,68.9
21.10. 07:45,68.9
21.10. 08:00,107.5
21.10. 08:15,107.5
21.10. 08:30,107.5
21.10. 08:45,107.5
21.10. 09:00,176.7
21.10. 09:15,176.7
21.10. 09:30,176.7
21.10. 09:45,176.7
21.10. 10:00,244.7
21.10. 10:15,244.7
21.10. 10:30,244.7
21.10. 10:45,244.7
21.10. 11:00,250.9
21.10. 11:15,250.9
21.10. 11:30,250.9
21.10. 11:45,250.9
21.10. 12:00,259.9
21.10. 12:15,259.9
21.10. 12:30,259.9
21.10. 12:45,259.9
21.10. 13:00,266.8
21.10. 13:15,266.8
21.10. 13:30,266.8
21.10. 13:45,266.8
21.10. 14:00,225.1
21.10. 14:15,225.1
21.10. 14:30,225.1
21.10. 14:45,225.1
21.10. 15:00,172.0
21.10. 15:15,172.0
21.10. 15:30,172.0
21.10. 15:45,172.0
21.10. 16:00,155.2
21.10. 16:15,155.2
21.10. 16:30,155.2
21.10. 16:45,155.2
21.10. 17:00,162.9
21.10. 17:15,162.9
21.10. 17:30,162.9
21.10. 17:45,162.9
21.10. 18:00,180.1
21.10. 18:15,180.1
21.10. 18:30,180.1
21.10. 18:45,180.1
21.10. 19:00,195.2
21.10. 19:15,195.2
21.10. 19:30,195.2
21.10. 19:45,195.2
21.10. 20:00,213.1
21.10. 20:15,213.1
21.10. 20:30,213.1
21.10. 20:45,213.1
21.10. 21:00,192.8
21.10. 21:15,192.8
21.10. 21:30,192.8
21.10. 21:45,192.8
21.10. 22:00,164.6
21.10. 22:15,164.6
21.10. 22:30,164.6
21.10. 22:45,164.6
21.10. 23:00,116.3
21.10. 23:15,116.3
21.10. 23:30,116.3
21.10. 23:45,116.3
22.10. 00:00,59.7
22.10. 00:15,59.7
22.10. 00:30,59.7
22.10. 00:45,59.7
22.10. 01:00,57.2
22.10. 01:15,57.2
22.10. 01:30,57.2
22.10. 01:45,57.2
22.10. 02:00,48.1
22.10. 02:15,48.1
22.10. 02:30,48.1
22.10. 02:45,48.1
22.10. 03:00,49.7
22.10. 03:15,49.7
22.10. 03:30,49.7
22.10. 03:45,49.7
22.10. 04:00,56.6
22.10. 04:15,56.6
22.10. 04:30,56.6
22.10. 04:45,56.6
22.10. 05:00,85.1
22.10. 05:15,85.1
22.10. 05:30,85.1
22.10. 05:45,85.1
22.10. 06:00,160.6
22.10. 06:15,160.6
22.10. 06:30,160.6
22.10. 06:45,160.6
22.10. 07:00,185.7
22.10. 07:15,185.7
22.10. 07:30,185.7
22.10. 07:45,185.7
22.10. 08:00,181.7
22.10. 08:15,181.7
22.10. 08:30,181.7
22.10. 08:45,181.7
22.10. 09:00,193.6
22.10. 09:15,193.6
22.10. 09:30,193.6
22.10. 09:45,193.6
22.10. 10:00,179.0
22.10. 10:15,179.0
22.10. 10:30,179.0
22.10. 10:45,179.0
22.10. 11:00,189.5
22.10. 11:15,189.5
22.10. 11:30,189.5
22.10. 11:45,189.5
22.10. 12:00,188.2
22.10. 12:15,188.2
22.10. 12:30,188.2
22.10. 12:45,188.2
22.10. 13:00,191.5
22.10. 13:15,191.5
22.10. 13:30,191.5
22.10. 13:45,191.5
22.10. 14:00,153.1
22.10. 14:15,153.1
22.10. 14:30,153.1
22.10. 14:45,153.1
22.10. 15:00,150.2
22.10. 15:15,150.2
22.10. 15:30,150.2
22.10. 15:45,150.2
22.10. 16:00,148.4
22.10. 16:15,148.4
22.10. 16:30,148.4
22.10. 16:45,148.4
22.10. 17:00,157.7
22.10. 17:15,157.7
22.10. 17:30,157.7
22.10. 17:45,157.7
22.10. 18:00,191.9
22.10. 18:15,191.9
22.10. 18:30,191.9
22.10. 18:45,191.9
22.10. 19:00,236.2
22.10. 19:15,236.2
22.10. 19:30,236.2
22.10. 19:45,236.2
22.10. 20:00,230.5
22.10. 20:15,230.5
22.10. 20:30,230.5
22.10. 20:45,230.5
22.10. 21:00,239.8
22.10. 21:15,239.8
22.10. 21:30,239.8
22.10. 21:45,239.8
22.10. 22:00,187.4
22.10. 22:15,187.4
22.10. 22:30,187.4
22.10. 22:45,187.4
22.10. 23:00,124.6
22.10. 23:15,124.6
22.10. 23:30,124.6
22.10. 23:45,124.6
23.10. 00:00,65.7
23.10. 00:15,65.7
23.10. 00:30,65.7
23.10. 00:45,65.7
23.10. 01:00,55.4
23.10. 01:15,55.4
23.10. 01:30,55.4
23.10. 01:45,55.4
23.10. 02:00,46.2
23.10. 02:15,46.2
23.10. 02:30,46.2
23.10. 02:45,46.2
23.10. 03:00,51.3
23.10. 03:15,51.3
23.10. 03:30,51.3
23.10. 03:45,51.3
23.10. 04:00,53.0
23.10. 04:15,53.0
23.10. 04:30,53.0
23.10. 04:45,53.0
23.10. 05:00,82.0
23.10. 05:15,82.0
23.10. 05:30,82.0
23.10. 05:45,82.0
23.10. 06:00,146.6
23.10. 06:15,146.6
23.10. 06:30,146.6
23.10. 06:45,146.6
23.10. 07:00,192.8
23.10. 07:15,192.8
23.10. 07:30,192.8
23.10. 07:45,192.8
23.10. 08:00,192.4
23.10. 08:15,192.4
23.10. 08:30,192.4
23.10. 08:45,192.4
23.10. 09:00,172.5
23.10. 09:15,172.5
23.10. 09:30,172.5
23.10. 09:45,172.5
23.10. 10:00,174.8
23.10. 10:15,174.8
23.10. 10:30,174.8
23.10. 10:45,174.8
23.10. 11:00,197.5
23.10. 11:15,197.5
23.10. 11:30,197.5
23.10. 11:45,197.5
23.10. 12:00,188.9
23.10. 12:15,188.9
23.10. 12:30,188.9
23.10. 12:45,188.9
23.10. 13:00,187.6
23.10. 13:15,187.6
23.10. 13:30,187.6
23.10. 13:45,187.6
23.10. 14:00,172.8
23.10. 14:15,172.8
23.10. 14:30,172.8
23.10. 14:45,172.8
23.10. 15:00,158.2
23.10. 15:15,158.2
23.10. 15:30,158.2
23.10. 15:45,158.2
23.10. 16:00,140.9
23.10. 16:15,140.9
23.10. 16:30,140.9
23.10. 16:45,140.9
23.10. 17:00,166.2
23.10. 17:15,166.2
23.10. 17:30,166.2
23.10. 17:45,166.2
23.10. 18:00,211.7
23.10. 18:15,211.7
23.10. 18:30,211.7
23.10. 18:45,211.7
23.10. 19:00,225.7
23.10. 19:15,225.7
23.10. 19:30,225.7
23.10. 19:45,225.7
23.10. 20:00,244.8
23.10. 20:15,244.8
23.10. 20:30,244.8
23.10. 20:45,244.8
23.10. 21:00,221.4
23.10. 21:15,221.4
23.10. 21:30,221.4
23.10. 21:45,221.4
23.10. 22:00,181.4
23.10. 22:15,181.4
23.10. 22:30,181.4
23.10. 22:45,181.4
23.10. 23:00,133.8
23.10. 23:15,133.8
23.10. 23:30,133.8
23.10. 23:45,133.8
24.10. 00:00,63.2
24.10. 00:15,63.2
24.10. 00:30,63.2
24.10. 00:45,63.2
24.10. 01:00,54.7
24.10. 01:15,54.7
24.10. 01:30,54.7
24.10. 01:45,54.7
24.10. 02:00,48.8
24.10. 02:15,48.8
24.10. 02:30,48.8
24.10. 02:45,48.8
24.10. 03:00,44.5
24.10. 03:15,44.5
24.10. 03:30,44.5
24.10. 03:45,44.5
24.10. 04:00,57.4
24.10. 04:15,57.4
24.10. 04:30,57.4
24.10. 04:45,57.4
24.10. 05:00,78.2
24.10. 05:15,78.2
24.10. 05:30,78.2
24.10. 05:45,78.2
24.10. 06:00,151.5
24.10. 06:15,151.5
24.10. 06:30,151.5
24.10. 06:45,151.5
24.10. 07:00,199.8
24.10. 07:15,199.8
24.10. 07:30,199.8
24.10. 07:45,199.8
24.10. 08:00,204.1
24.10. 08:15,204.1
24.10. 08:30,204.1
24.10. 08:45,204.1
24.10. 09:00,198.3
24.10. 09:15,198.3
24.10. 09:30,198.3
24.10. 09:45,198.3
24.10. 10:00,170.0
24.10. 10:15,170.0
24.10. 10:30,170.0
24.10. 10:45,170.0
24.10. 11:00,184.3
24.10. 11:15,184.3
24.10. 11:30,184.3
24.10. 11:45,184.3
24.10. 12:00,192.3
24.10. 12:15,192.3
24.10. 12:30,192.3
24.10. 12:45,192.3
24.10. 13:00,182.7
24.10. 13:15,182.7
24.10. 13:30,182.7
24.10. 13:45,182.7
24.10. 14:00,157.0
24.10. 14:15,157.0
24.10. 14:30,157.0
24.10. 14:45,157.0
24.10. 15:00,146.2
24.10. 15:15,146.2
24.10. 15:30,146.2
24.10. 15:45,146.2
24.10. 16:00,149.8
24.10. 16:15,149.8
24.10. 16:30,149.8
24.10. 16:45,149.8
24.10. 17:00,173.2
24.10. 17:15,173.2
24.10. 17:30,173.2
24.10. 17:45,173.2
24.10. 18:00,213.2
24.10. 18:15,213.2
24.10. 18:30,213.2
24.10. 18:45,213.2
24.10. 19:00,236.3
24.10. 19:15,236.3
24.10. 19:30,236.3
24.10. 19:45,236.3
24.10. 20:00,237.5
24.10. 20:15,237.5
24.10. 20:30,237.5
24.10. 20:45,237.5
24.10. 21:00,234.7
24.10. 21:15,234.7
24.10. 21:30,234.7
24.10. 21:45,234.7
24.10. 22:00,182.9
24.10. 22:15,182.9
24.10. 22:30,182.9
24.10. 22:45,182.9
24.10. 23:00,126.1
24.10. 23:15,126.1
24.10. 23:30,126.1
24.10. 23:45,126.1
25.10. 00:00,69.4
25.10. 00:15,69.4
25.10. 00:30,69.4
25.10. 00:45,69.4
25.10. 01:00,56.4
25.10. 01:15,56.4
25.10. 01:30,56.4
25.10. 01:45,56.4
25.10. 02:00,51.2
25.10. 02:15,51.2
25.10. 02:30,51.2
25.10. 02:45,51.2
25.10. 03:00,53.9
25.10. 03:15,53.9
25.10. 03:30,53.9
25.10. 03:45,53.9
25.10. 04:00,62.2
25.10. 04:15,62.2
25.10. 04:30,62.2
25.10. 04:45,62.2
25.10. 05:00,91.2
25.10. 05:15,91.2
25.10. 05:30,91.2
25.10. 05:45,91.2
25.10. 06:00,168.3
25.10. 06:15,168.3
25.10. 06:30,168.3
25.10. 06:45,168.3
25.10. 07:00,206.0
25.10. 07:15,206.0
25.10. 07:30,206.0
25.10. 07:45,206.0
25.10. 08:00,201.5
25.10. 08:15,201.5
25.10. 08:30,201.5
25.10. 08:45,201.5
25.10. 09:00,178.4
25.10. 09:15,178.4
25.10. 09:30,178.4
25.10. 09:45,178.4
25.10. 10:00,178.5
25.10. 10:15,178.5
25.10. 10:30,178.5
25.10. 10:45,178.5
25.10. 11:00,181.2
25.10. 11:15,181.2
25.10. 11:30,181.2
25.10. 11:45,181.2
25.10. 12:00,184.7
25.10. 12:15,184.7
25.10. 12:30,184.7
25.10. 12:45,184.7
25.10. 13:00,192.3
25.10. 13:15,192.3
25.10. 13:30,192.3
25.10. 13:45,192.3
25.10. 14:00,165.5
25.10. 14:15,165.5
25.10. 14:30,165.5
25.10. 14:45,165.5
25.10. 15:00,158.2
25.10. 15:15,158.2
25.10. 15:30,158.2
25.10. 15:45,158.2
25.10. 16:00,159.1
25.10. 16:15,159.1
25.10. 16:30,159.1
25.10. 16:45,159.1
25.10. 17:00,168.5
25.10. 17:15,168.5
25.10. 17:30,168.5
25.10. 17:45,168.5
25.10. 18:00,212.0
25.10. 18:15,212.0
25.10. 18:30,212.0
25.10. 18:45,212.0
25.10. 19:00,239.8
25.10. 19:15,239.8
25.10. 19:30,239.8
25.10. 19:45,239.8
25.10. 20:00,260.6
25.10. 20:15,260.6
25.10. 20:30,260.6
25.10. 20:45,260.6
25.10. 21:00,229.6
25.10. 21:15,229.6
25.10. 21:30,229.6
25.10. 21:45,229.6
25.10. 22:00,193.9
25.10. 22:15,193.9
25.10. 22:30,193.9
25.10. 22:45,193.9
25.10. 23:00,143.7
25.10. 23:15,143.7
25.10. 23:30,143.7
25.10. 23:45,143.7
26.10. 00:00,70.9
26.10. 00:15,70.9
26.10. 00:30,70.9
26.10. 00:45,70.9
26.10. 01:00,57.9
26.10. 01:15,57.9
26.10. 01:30,57.9
26.10. 01:45,57.9
26.10. 02:00,51.2
26.10. 02:15,51.2
26.10. 02:30,51.2
26.10. 02:45,51.2
26.10. 03:00,56.4
26.10. 03:15,56.4
26.10. 03:30,56.4
26.10. 03:45,56.4
26.10. 04:00,55.4
26.10. 04:15,55.4
26.10. 04:30,55.4
26.10. 04:45,55.4
26.10. 05:00,78.3
26.10. 05:15,78.3
26.10. 05:30,78.3
26.10. 05:45,78.3
26.10. 06:00,152.0
26.10. 06:15,152.0
26.10. 06:30,152.0
26.10. 06:45,152.0
26.10. 07:00,200.8
26.10. 07:15,200.8
26.10. 07:30,200.8
26.10. 07:45,200.8
26.10. 08:00,190.3
26.10. 08:15,190.3
26.10. 08:30,190.3
26.10. 08:45,190.3
26.10. 09:00,176.4
26.10. 09:15,176.4
26.10. 09:30,176.4
26.10. 09:45,176.4
26.10. 10:00,188.3
26.10. 10:15,188.3
26.10. 10:30,188.3
26.10. 10:45,188.3
26.10. 11:00,213.0
26.10. 11:15,213.0
26.10. 11:30,213.0
26.10. 11:45,213.0
26.10. 12:00,214.4
26.10. 12:15,214.4
26.10. 12:30,214.4
26.10. 12:45,214.4
26.10. 13:00,208.6
26.10. 13:15,208.6
26.10. 13:30,208.6
26.10. 13:45,208.6
26.10. 14:00,190.6
26.10. 14:15,190.6
26.10. 14:30,190.6
26.10. 14:45,190.6
26.10. 15:00,156.8
26.10. 15:15,156.8
26.10. 15:30,156.8
26.10. 15:45,156.8
26.10. 16:00,156.1
26.10. 16:15,156.1
26.10. 16:30,156.1
26.10. 16:45,156.1
26.10. 17:00,176.7
26.10. 17:15,176.7
26.10. 17:30,176.7
26.10. 17:45,176.7
26.10. 18:00,210.4
26.10. 18:15,210.4
26.10. 18:30,210.4
26.10. 18:45,210.4
26.10. 19:00,228.5
26.10. 19:15,228.5
26.10. 19:30,228.5
26.10. 19:45,228.5
26.10. 20:00,262.0
26.10. 20:15,262.0
26.10. 20:30,262.0
26.10. 20:45,262.0
26.10. 21:00,234.3
26.10. 21:15,234.3
26.10. 21:30,234.3
26.10. 21:45,234.3
26.10. 22:00,193.8
26.10. 22:15,193.8
26.10. 22:30,193.8
26.10. 22:45,193.8
26.10. 23:00,121.8
26.10. 23:15,121.8
26.10. 23:30,121.8
26.10. 23:45,121.8
27.10. 00:00,77.9
27.10. 00:15,77.9
27.10. 00:30,77.9
27.10. 00:45,77.9
27.10. 01:00,70.1
27.10. 01:15,70.1
27.10. 01:30,70.1
27.10. 01:45,70.1
27.10. 02:00,61.3
27.10. 02:15,61.3
27.10. 02:30,61.3
27.10. 02:45,61.3
27.10. 03:00,50.1
27.10. 03:15,50.1
27.10. 03:30,50.1
27.10. 03:45,50.1
27.10. 04:00,57.4
27.10. 04:15,57.4
27.10. 04:30,57.4
27.10. 04:45,57.4
27.10. 05:00,59.0
27.10. 05:15,59.0
27.10. 05:30,59.0
27.10. 05:45,59.0
27.10. 06:00,72.3
27.10. 06:15,72.3
27.10. 06:30,72.3
27.10. 06:45,72.3
27.10. 07:00,104.6
27.10. 07:15,104.6
27.10. 07:30,104.6
27.10. 07:45,104.6
27.10. 08:00,179.6
27.10. 08:15,179.6
27.10. 08:30,179.6
27.10. 08:45,179.6
27.10. 09:00,216.1
27.10. 09:15,216.1
27.10. 09:30,216.1
27.10. 09:45,216.1
27.10. 10:00,260.2
27.10. 10:15,260.2
27.10. 10:30,260.2
27.10. 10:45,260.2
27.10. 11:00,275.1
27.10. 11:15,275.1
27.10. 11:30,275.1
27.10. 11:45,275.1
27.10. 12:00,270.3
27.10. 12:15,270.3
27.10. 12:30,270.3
27.10. 12:45,270.3
27.10. 13:00,280.5
27.10. 13:15,280.5
27.10. 13:30,280.5
27.10. 13:45,280.5
27.10. 14:00,244.3
27.10. 14:15,244.3
27.10. 14:30,244.3
27.10. 14:45,244.3
27.10. 15:00,219.8
27.10. 15:15,219.8
27.10. 15:30,219.8
27.10. 15:45,219.8
27.10. 16:00,208.4
27.10. 16:15,208.4
27.10. 16:30,208.4
27.10. 16:45,208.4
27.10. 17:00,230.9
27.10. 17:15,230.9
27.10. 17:30,230.9
27.10. 17:45,230.9
27.10. 18:00,248.7
27.10. 18:15,248.7
27.10. 18:30,248.7
27.10. 18:45,248.7
27.10. 19:00,271.4
27.10. 19:15,271.4
27.10. 19:30,271.4
27.10. 19:45,271.4
27.10. 20:00,263.8
27.10. 20:15,263.8
27.10. 20:30,263.8
27.10. 20:45,263.8
27.10. 21:00,207.6
27.10. 21:15,207.6
27.10. 21:30,207.6
27.10. 21:45,207.6
27.10. 22:00,164.4
27.10. 22:15,164.4
27.10. 22:30,164.4
27.10. 22:45,164.4
27.10. 23:00,113.5
27.10. 23:15,113.5
27.10. 23:30,113.5
27.10. 23:45,113.5
28.10. 00:00,104.3
28.10. 00:15,104.3
28.10. 00:30,104.3
28.10. 00:45,104.3
28.10. 01:00,80.3
28.10. 01:15,80.3
28.10. 01:30,80.3
28.10. 01:45,80.3
28.10. 02:00,66.2
28.10. 02:15,66.2
28.10. 02:30,66.2
28.10. 02:45,66.2
28.10. 03:00,57.9
28.10. 03:15,57.9
28.10. 03:30,57.9
28.10. 03:45,57.9
28.10. 04:00,58.4
28.10. 04:15,58.4
28.10. 04:30,58.4
28.10. 04:45,58.4
28.10. 05:00,56.3
28.10. 05:15,56.3
28.10. 05:30,56.3
28.10. 05:45,56.3
28.10. 06:00,58.1
28.10. 06:15,58.1
28.10. 06:30,58.1
28.10. 06:45,58.1
28.10. 07:00,73.6
28.10. 07:15,73.6
28.10. 07:30,73.6
28.10. 07:45,73.6
28.10. 08:00,122.1
28.10. 08:15,122.1
28.10. 08:30,122.1
28.10. 08:45,122.1
28.10. 09:00,214.6
28.10. 09:15,214.6
28.10. 09:30,214.6
28.10. 09:45,214.6
28.10. 10:00,260.7
28.10. 10:15,260.7
28.10. 10:30,260.7
28.10. 10:45,260.7
28.10. 11:00,289.4
28.10. 11:15,289.4
28.10. 11:30,289.4
28.10. 11:45,289.4
28.10. 12:00,311.0
28.10. 12:15,311.0
28.10. 12:30,311.0
28.10. 12:45,311.0
28.10. 13:00,314.9
28.10. 13:15,314.9
28.10. 13:30,314.9
28.10. 13:45,314.9
28.10. 14:00,278.0
28.10. 14:15,278.0
28.10. 14:30,278.0
28.10. 14:45,278.0
28.10. 15:00,244.3
28.10. 15:15,244.3
28.10. 15:30,244.3
28.10. 15:45,244.3
28.10. 16:00,208.4
28.10. 16:15,208.4
28.10. 16:30,208.4
28.10. 16:45,208.4
28.10. 17:00,192.2
28.10. 17:15,192.2
28.10. 17:30,192.2
28.10. 17:45,192.2
28.10. 18:00,195.6
28.10. 18:15,195.6
28.10. 18:30,195.6
28.10. 18:45,195.6
28.10. 19:00,217.1
28.10. 19:15,217.1
28.10. 19:30,217.1
28.10. 19:45,217.1
28.10. 20:00,229.1
28.10. 20:15,229.1
28.10. 20:30,229.1
28.10. 20:45,229.1
28.10. 21:00,214.4
28.10. 21:15,214.4
28.10. 21:30,214.4
28.10. 21:45,214.4
28.10. 22:00,174.4
28.10. 22:15,174.4
28.10. 22:30,174.4
28.10. 22:45,174.4
28.10. 23:00,118.4
28.10. 23:15,118.4
28.10. 23:30,118.4
28.10. 23:45,118.4
29.10. 00:00,66.4
29.10. 00:15,66.4
29.10. 00:30,66.4
29.10. 00:45,66.4
29.10. 01:00,57.6
29.10. 01:15,57.6
29.10. 01:30,57.6
29.10. 01:45,57.6
29.10. 02:00,53.5
29.10. 02:15,53.5
29.10. 02:30,53.5
29.10. 02:45,53.5
29.10. 03:00,54.5
29.10. 03:15,54.5
29.10. 03:30,54.5
29.10. 03:45,54.5
29.10. 04:00,61.4
29.10. 04:15,61.4
29.10. 04:30,61.4
29.10. 04:45,61.4
29.10. 05:00,79.6
29.10. 05:15,79.6
29.10. 05:30,79.6
29.10. 05:45,79.6
29.10. 06:00,163.5
29.10. 06:15,163.5
29.10. 06:30,163.5
29.10. 06:45,163.5
29.10. 07:00,191.4
29.10. 07:15,191.4
29.10. 07:30,191.4
29.10. 07:45,191.4
29.10. 08:00,195.7
29.10. 08:15,195.7
29.10. 08:30,195.7
29.10. 08:45,195.7
29.10. 09:00,176.0
29.10. 09:15,176.0
29.10. 09:30,176.0
29.10. 09:45,176.0
29.10. 10:00,201.1
29.10. 10:15,201.1
29.10. 10:30,201.1
29.10. 10:45,201.1
29.10. 11:00,223.4
29.10. 11:15,223.4
29.10. 11:30,223.4
29.10. 11:45,223.4
29.10. 12:00,228.2
29.10. 12:15,228.2
29.10. 12:30,228.2
29.10. 12:45,228.2
29.10. 13:00,223.6
29.10. 13:15,223.6
29.10. 13:30,223.6
29.10. 13:45,223.6
29.10. 14:00,193.7
29.10. 14:15,193.7
29.10. 14:30,193.7
29.10. 14:45,193.7
29.10. 15:00,193.2
29.10. 15:15,193.2
29.10. 15:30,193.2
29.10. 15:45,193.2
29.10. 16:00,179.4
29.10. 16:15,179.4
29.10. 16:30,179.4
29.10. 16:45,179.4
29.10. 17:00,191.7
29.10. 17:15,191.7
29.10. 17:30,191.7
29.10. 17:45,191.7
29.10. 18:00,226.0
29.10. 18:15,226.0
29.10. 18:30,226.0
29.10. 18:45,226.0
29.10. 19:00,251.7
29.10. 19:15,251.7
29.10. 19:30,251.7
29.10. 19:45,251.7
29.10. 20:00,270.0
29.10. 20:15,270.0
29.10. 20:30,270.0
29.10. 20:45,270.0
29.10. 21:00,225.4
29.10. 21:15,225.4
29.10. 21:30,225.4
29.10. 21:45,225.4
29.10. 22:00,182.0
29.10. 22:15,182.0
29.10. 22:30,182.0
29.10. 22:45,182.0
29.10. 23:00,141.2
29.10. 23:15,141.2
29.10. 23:30,141.2
29.10. 23:45,141.2
30.10. 00:00,65.0
30.10. 00:15,65.0
30.10. 00:30,65.0
30.10. 00:45,65.0
30.10. 01:00,54.3
30.10. 01:15,54.3
30.10. 01:30,54.3
30.10. 01:45,54.3
30.10. 02:00,50.0
30.10. 02:15,50.0
30.10. 02:30,50.0
30.10. 02:45,50.0
30.10. 03:00,51.8
30.10. 03:15,51.8
30.10. 03:30,51.8
30.10. 03:45,51.8
30.10. 04:00,58.9
30.10. 04:15,58.9
30.10. 04:30,58.9
30.10. 04:45,58.9
30.10. 05:00,85.9
30.10. 05:15,85.9
30.10. 05:30,85.9
30.10. 05:45,85.9
30.10. 06:00,158.0
30.10. 06:15,158.0
30.10. 06:30,158.0
30.10. 06:45,158.0
30.10. 07:00,193.8
30.10. 07:15,193.8
30.10. 07:30,193.8
30.10. 07:45,193.8
30.10. 08:00,201.7
30.10. 08:15,201.7
30.10. 08:30,201.7
30.10. 08:45,201.7
30.10. 09:00,172.4
30.10. 09:15,172.4
30.10. 09:30,172.4
30.10. 09:45,172.4
30.10. 10:00,193.3
30.10. 10:15,193.3
30.10. 10:30,193.3
30.10. 10:45,193.3
30.10. 11:00,207.9
30.10. 11:15,207.9
30.10. 11:30,207.9
30.10. 11:45,207.9
30.10. 12:00,224.0
30.10. 12:15,224.0
30.10. 12:30,224.0
30.10. 12:45,224.0
30.10. 13:00,230.4
30.10. 13:15,230.4
30.10. 13:30,230.4
30.10. 13:45,230.4
30.10. 14:00,195.0
30.10. 14:15,195.0
30.10. 14:30,195.0
30.10. 14:45,195.0
30.10. 15:00,179.1
30.10. 15:15,179.1
30.10. 15:30,179.1
30.10. 15:45,179.1
30.10. 16:00,158.0
30.10. 16:15,158.0
30.10. 16:30,158.0
30.10. 16:45,158.0
30.10. 17:00,174.7
30.10. 17:15,174.7
30.10. 17:30,174.7
30.10. 17:45,174.7
30.10. 18:00,225.8
30.10. 18:15,225.8
30.10. 18:30,225.8
30.10. 18:45,225.8
30.10. 19:00,255.7
30.10. 19:15,255.7
30.10. 19:30,255.7
30.10. 19:45,255.7
30.10. 20:00,238.8
30.10. 20:15,238.8
30.10. 20:30,238.8
30.10. 20:45,238.8
30.10. 21:00,242.9
30.10. 21:15,242.9
30.10. 21:30,242.9
30.10. 21:45,242.9
30.10. 22:00,189.4
30.10. 22:15,189.4
30.10. 22:30,189.4
30.10. 22:45,189.4
30.10. 23:00,143.7
30.10. 23:15,143.7
30.10. 23:30,143.7
30.10. 23:45,143.7
31.10. 00:00,75.5
31.10. 00:15,75.5
31.10. 00:30,75.5
31.10. 00:45,75.5
31.10. 01:00,65.3
31.10. 01:15,65.3
31.10. 01:30,65.3
31.10. 01:45,65.3
31.10. 02:00,55.0
31.10. 02:15,55.0
31.10. 02:30,55.0
31.10. 02:45,55.0
31.10. 03:00,59.0
31.10. 03:15,59.0
31.10. 03:30,59.0
31.10. 03:45,59.0
31.10. 04:00,62.7
31.10. 04:15,62.7
31.10. 04:30,62.7
31.10. 04:45,62.7
31.10. 05:00,90.9
31.10. 05:15,90.9
31.10. 05:30,90.9
31.10. 05:45,90.9
31.10. 06:00,170.9
31.10. 06:15,170.9
31.10. 06:30,170.9
31.10. 06:45,170.9
31.10. 07:00,219.0
31.10. 07:15,219.0
31.10. 07:30,219.0
31.10. 07:45,219.0
31.10. 08:00,223.9
31.10. 08:15,223.9
31.10. 08:30,223.9
31.10. 08:45,223.9
31.10. 09:00,199.4
31.10. 09:15,199.4
31.10. 09:30,199.4
31.10. 09:45,199.4
31.10. 10:00,184.7
31.10. 10:15,184.7
31.10. 10:30,184.7
31.10. 10:45,184.7
31.10. 11:00,178.5
31.10. 11:15,178.5
31.10. 11:30,178.5
31.10. 11:45,178.5
31.10. 12:00,199.0
31.10. 12:15,199.0
31.10. 12:30,199.0
31.10. 12:45,199.0
31.10. 13:00,198.5
31.10. 13:15,198.5
31.10. 13:30,198.5
31.10. 13:45,198.5
31.10. 14:00,179.3
31.10. 14:15,179.3
31.10. 14:30,179.3
31.10. 14:45,179.3
31.10. 15:00,164.0
31.10. 15:15,164.0
31.10. 15:30,164.0
31.10. 15:45,164.0
31.10. 16:00,161.9
31.10. 16:15,161.9
31.10. 16:30,161.9
31.10. 16:45,161.9
31.10. 17:00,162.4
31.10. 17:15,162.4
31.10. 17:30,162.4
31.10. 17:45,162.4
31.10. 18:00,218.8
31.10. 18:15,218.8
31.10. 18:30,218.8
31.10. 18:45,218.8
31.10. 19:00,238.9
31.10. 19:15,238.9
31.10. 19:30,238.9
31.10. 19:45,238.9
31.10. 20:00,250.9
31.10. 20:15,250.9
31.10. 20:30,250.9
31.10. 20:45,250.9
31.10. 21:00,220.7
31.10. 21:15,220.7
31.10. 21:30,220.7
31.10. 21:45,220.7
31.10. 22:00,178.5
31.10. 22:15,178.5
31.10. 22:30,178.5
31.10. 22:45,178.5
31.10. 23:00,126.7
31.10. 23:15,126.7
31.10. 23:30,126.7
31.10. 23:45,126.7
01.11. 00:00,91.0
01.11. 00:15,91.0
01.11. 00:30,91.0
01.11. 00:45,91.0
01.11. 01:00,66.8
01.11. 01:15,66.8
01.11. 01:30,66.8
01.11. 01:45,66.8
01.11. 02:00,59.7
01.11. 02:15,59.7
01.11. 02:30,59.7
01.11. 02:45,59.7
01.11. 03:00,54.4
01.11. 03:15,54.4
01.11. 03:30,54.4
01.11. 03:45,54.4
01.11. 04:00,48.1
01.11. 04:15,48.1
01.11. 04:30,48.1
01.11. 04:45,48.1
01.11. 05:00,55.1
01.11. 05:15,55.1
01.11. 05:30,55.1
01.11. 05:45,55.1
01.11. 06:00,58.0
01.11. 06:15,58.0
01.11. 06:30,58.0
01.11. 06:45,58.0
01.11. 07:00,74.0
01.11. 07:15,74.0
01.11. 07:30,74.0
01.11. 07:45,74.0
01.11. 08:00,107.1
01.11. 08:15,107.1
01.11. 08:30,107.1
01.11. 08:45,107.1
01.11. 09:00,188.0
01.11. 09:15,188.0
01.11. 09:30,188.0
01.11. 09:45,188.0
01.11. 10:00,245.4
01.11. 10:15,245.4
01.11. 10:30,245.4
01.11. 10:45,245.4
01.11. 11:00,272.2
01.11. 11:15,272.2
01.11. 11:30,272.2
01.11. 11:45,272.2
01.11. 12:00,275.4
01.11. 12:15,275.4
01.11. 12:30,275.4
01.11. 12:45,275.4
01.11. 13:00,256.3
01.11. 13:15,256.3
01.11. 13:30,256.3
01.11. 13:45,256.3
01.11. 14:00,237.2
01.11. 14:15,237.2
01.11. 14:30,237.2
01.11. 14:45,237.2
01.11. 15:00,189.4
01.11. 15:15,189.4
01.11. 15:30,189.4
01.11. 15:45,189.4
01.11. 16:00,167.2
01.11. 16:15,167.2
01.11. 16:30,167.2
01.11. 16:45,167.2
01.11. 17:00,169.5
01.11. 17:15,169.5
01.11. 17:30,169.5
01.11. 17:45,169.5
01.11. 18:00,180.2
01.11. 18:15,180.2
01.11. 18:30,180.2
01.11. 18:45,180.2
01.11. 19:00,203.1
01.11. 19:15,203.1
01.11. 19:30,203.1
01.11. 19:45,203.1
01.11. 20:00,230.5
01.11. 20:15,230.5
01.11. 20:30,230.5
01.11. 20:45,230.5
01.11. 21:00,210.0
01.11. 21:15,210.0
01.11. 21:30,210.0
01.11. 21:45,210.0
01.11. 22:00,182.0
01.11. 22:15,182.0
01.11. 22:30,182.0
01.11. 22:45,182.0
01.11. 23:00,124.5
01.11. 23:15,124.5
01.11. 23:30,124.5
01.11. 23:45,124.5
02.11. 00:00,72.4
02.11. 00:15,72.4
02.11. 00:30,72.4
02.11. 00:45,72.4
02.11. 01:00,56.3
02.11. 01:15,56.3
02.11. 01:30,56.3
02.11. 01:45,56.3
02.11. 02:00,54.7
02.11. 02:15,54.7
02.11. 02:30,54.7
02.11. 02:45,54.7
02.11. 03:00,57.3
02.11. 03:15,57.3
02.11. 03:30,57.3
02.11. 03:45,57.3
02.11. 04:00,61.5
02.11. 04:15,61.5
02.11. 04:30,61.5
02.11. 04:45,61.5
02.11. 05:00,95.1
02.11. 05:15,95.1
02.11. 05:30,95.1
02.11. 05:45,95.1
02.11. 06:00,173.1
02.11. 06:15,173.1
02.11. 06:30,173.1
02.11. 06:45,173.1
02.11. 07:00,218.2
02.11. 07:15,218.2
02.11. 07:30,218.2
02.11. 07:45,218.2
02.11. 08:00,213.4
02.11. 08:15,213.4
02.11. 08:30,213.4
02.11. 08:45,213.4
02.11. 09:00,209.8
02.11. 09:15,209.8
02.11. 09:30,209.8
02.11. 09:45,209.8
02.11. 10:00,194.5
02.11. 10:15,194.5
02.11. 10:30,194.5
02.11. 10:45,194.5
02.11. 11:00,204.0
02.11. 11:15,204.0
02.11. 11:30,204.0
02.11. 11:45,204.0
02.11. 12:00,197.6
02.11. 12:15,197.6
02.11. 12:30,197.6
02.11. 12:45,197.6
02.11. 13:00,189.2
02.11. 13:15,189.2
02.11. 13:30,189.2
02.11. 13:45,189.2
02.11. 14:00,168.3
02.11. 14:15,168.3
02.11. 14:30,168.3
02.11. 14:45,168.3
02.11. 15:00,177.1
02.11. 15:15,177.1
02.11. 15:30,177.1
02.11. 15:45,177.1
02.11. 16:00,175.9
02.11. 16:15,175.9
02.11. 16:30,175.9
02.11. 16:45,175.9
02.11. 17:00,176.6
02.11. 17:15,176.6
02.11. 17:30,176.6
02.11. 17:45,176.6
02.11. 18:00,215.2
02.11. 18:15,215.2
02.11. 18:30,215.2
02.11. 18:45,215.2
02.11. 19:00,271.0
02.11. 19:15,271.0
02.11. 19:30,271.0
02.11. 19:45,271.0
02.11. 20:00,259.5
02.11. 20:15,259.5
02.11. 20:30,259.5
02.11. 20:45,259.5
02.11. 21:00,257.5
02.11. 21:15,257.5
02.11. 21:30,257.5
02.11. 21:45,257.5
02.11. 22:00,204.6
02.11. 22:15,204.6
02.11. 22:30,204.6
02.11. 22:45,204.6
02.11. 23:00,144.3
02.11. 23:15,144.3
02.11. 23:30,144.3
02.11. 23:45,144.3
03.11. 00:00,85.2
03.11. 00:15,85.2
03.11. 00:30,85.2
03.11. 00:45,85.2
03.11. 01:00,77.0
03.11. 01:15,77.0
03.11. 01:30,77.0
03.11. 01:45,77.0
03.11. 02:00,70.3
03.11. 02:15,70.3
03.11. 02:30,70.3
03.11. 02:45,70.3
03.11. 03:00,63.0
03.11. 03:15,63.0
03.11. 03:30,63.0
03.11. 03:45,63.0
03.11. 04:00,62.6
03.11. 04:15,62.6
03.11. 04:30,62.6
03.11. 04:45,62.6
03.11. 05:00,76.2
03.11. 05:15,76.2
03.11. 05:30,76.2
03.11. 05:45,76.2
03.11. 06:00,91.1
03.11. 06:15,91.1
03.11. 06:30,91.1
03.11. 06:45,91.1
03.11. 07:00,139.6
03.11. 07:15,139.6
03.11. 07:30,139.6
03.11. 07:45,139.6
03.11. 08:00,192.6
03.11. 08:15,192.6
03.11. 08:30,192.6
03.11. 08:45,192.6
03.11. 09:00,243.5
03.11. 09:15,243.5
03.11. 09:30,243.5
03.11. 09:45,243.5
03.11. 10:00,250.3
03.11. 10:15,250.3
03.11. 10:30,250.3
03.11. 10:45,250.3
03.11. 11:00,264.4
03.11. 11:15,264.4
03.11. 11:30,264.4
03.11. 11:45,264.4
03.11. 12:00,274.7
03.11. 12:15,274.7
03.11. 12:30,274.7
03.11. 12:45,274.7
03.11. 13:00,246.4
03.11. 13:15,246.4
03.11. 13:30,246.4
03.11. 13:45,246.4
03.11. 14:00,239.1
03.11. 14:15,239.1
03.11. 14:30,239.1
03.11. 14:45,239.1
03.11. 15:00,213.4
03.11. 15:15,213.4
03.11. 15:30,213.4
03.11. 15:45,213.4
03.11. 16:00,212.8
03.11. 16:15,212.8
03.11. 16:30,212.8
03.11. 16:45,212.8
03.11. 17:00,240.0
03.11. 17:15,240.0
03.11. 17:30,240.0
03.11. 17:45,240.0
03.11. 18:00,251.6
03.11. 18:15,251.6
03.11. 18:30,251.6
03.11. 18:45,251.6
03.11. 19:00,300.8
03.11. 19:15,300.8
03.11. 19:30,300.8
03.11. 19:45,300.8
03.11. 20:00,268.7
03.11. 20:15,268.7
03.11. 20:30,268.7
03.11. 20:45,268.7
03.11. 21:00,230.0
03.11. 21:15,230.0
03.11. 21:30,230.0
03.11. 21:45,230.0
03.11. 22:00,179.8
03.11. 22:15,179.8
03.11. 22:30,179.8
03.11. 22:45,179.8
03.11. 23:00,112.2
03.11. 23:15,112.2
03.11. 23:30,112.2
03.11. 23:45,112.2
04.11. 00:00,103.2
04.11. 00:15,103.2
04.11. 00:30,103.2
04.11. 00:45,103.2
04.11. 01:00,85.6
04.11. 01:15,85.6
04.11. 01:30,85.6
04.11. 01:45,85.6
04.11. 02:00,76.1
04.11. 02:15,76.1
04.11. 02:30,76.1
04.11. 02:45,76.1
04.11. 03:00,73.5
04.11. 03:15,73.5
04.11. 03:30,73.5
04.11. 03:45,73.5
04.11. 04:00,73.6
04.11. 04:15,73.6
04.11. 04:30,73.6
04.11. 04:45,73.6
04.11. 05:00,81.7
04.11. 05:15,81.7
04.11. 05:30,81.7
04.11. 05:45,81.7
04.11. 06:00,97.3
04.11. 06:15,97.3
04.11. 06:30,97.3
04.11. 06:45,97.3
04.11. 07:00,105.9
04.11. 07:15,105.9
04.11. 07:30,105.9
04.11. 07:45,105.9
04.11. 08:00,136.2
04.11. 08:15,136.2
04.11. 08:30,136.2
04.11. 08:45,136.2
04.11. 09:00,225.4
04.11. 09:15,225.4
04.11. 09:30,225.4
04.11. 09:45,225.4
04.11. 10:00,280.3
04.11. 10:15,280.3
04.11. 10:30,280.3
04.11. 10:45,280.3
04.11. 11:00,291.8
04.11. 11:15,291.8
04.11. 11:30,291.8
04.11. 11:45,291.8
04.11. 12:00,281.3
04.11. 12:15,281.3
04.11. 12:30,281.3
04.11. 12:45,281.3
04.11. 13:00,270.8
04.11. 13:15,270.8
04.11. 13:30,270.8
04.11. 13:45,270.8
04.11. 14:00,263.8
04.11. 14:15,263.8
04.11. 14:30,263.8
04.11. 14:45,263.8
04.11. 15:00,212.1
04.11. 15:15,212.1
04.11. 15:30,212.1
04.11. 15:45,212.1
04.11. 16:00,191.9
04.11. 16:15,191.9
04.11. 16:30,191.9
04.11. 16:45,191.9
04.11. 17:00,205.4
04.11. 17:15,205.4
04.11. 17:30,205.4
04.11. 17:45,205.4
04.11. 18:00,214.7
04.11. 18:15,214.7
04.11. 18:30,214.7
04.11. 18:45,214.7
04.11. 19:00,223.7
04.11. 19:15,223.7
04.11. 19:30,223.7
04.11. 19:45,223.7
04.11. 20:00,264.4
04.11. 20:15,264.4
04.11. 20:30,264.4
04.11. 20:45,264.4
04.11. 21:00,234.2
04.11. 21:15,234.2
04.11. 21:30,234.2
04.11. 21:45,234.2
04.11. 22:00,184.7
04.11. 22:15,184.7
04.11. 22:30,184.7
04.11. 22:45,184.7
04.11. 23:00,141.5
04.11. 23:15,141.5
04.11. 23:30,141.5
04.11. 23:45,141.5
05.11. 00:00,95.4
05.11. 00:15,95.4
05.11. 00:30,95.4
05.11. 00:45,95.4
05.11. 01:00,88.6
05.11. 01:15,88.6
05.11. 01:30,88.6
05.11. 01:45,88.6
05.11. 02:00,74.9
05.11. 02:15,74.9
05.11. 02:30,74.9
05.11. 02:45,74.9
05.11. 03:00,73.8
05.11. 03:15,73.8
05.11. 03:30,73.8
05.11. 03:45,73.8
05.11. 04:00,88.9
05.11. 04:15,88.9
05.11. 04:30,88.9
05.11. 04:45,88.9
05.11. 05:00,127.1
05.11. 05:15,127.1
05.11. 05:30,127.1
05.11. 05:45,127.1
05.11. 06:00,226.4
05.11. 06:15,226.4
05.11. 06:30,226.4
05.11. 06:45,226.4
05.11. 07:00,253.2
05.11. 07:15,253.2
05.11. 07:30,253.2
05.11. 07:45,253.2
05.11. 08:00,241.4
05.11. 08:15,241.4
05.11. 08:30,241.4
05.11. 08:45,241.4
05.11. 09:00,219.9
05.11. 09:15,219.9
05.11. 09:30,219.9
05.11. 09:45,219.9
05.11. 10:00,215.8
05.11. 10:15,215.8
05.11. 10:30,215.8
05.11. 10:45,215.8
05.11. 11:00,211.3
05.11. 11:15,211.3
05.11. 11:30,211.3
05.11. 11:45,211.3
05.11. 12:00,220.6
05.11. 12:15,220.6
05.11. 12:30,220.6
05.11. 12:45,220.6
05.11. 13:00,218.8
05.11. 13:15,218.8
05.11. 13:30,218.8
05.11. 13:45,218.8
05.11. 14:00,212.6
05.11. 14:15,212.6
05.11. 14:30,212.6
05.11. 14:45,212.6
05.11. 15:00,182.4
05.11. 15:15,182.4
05.11. 15:30,182.4
05.11. 15:45,182.4
05.11. 16:00,182.9
05.11. 16:15,182.9
05.11. 16:30,182.9
05.11. 16:45,182.9
05.11. 17:00,193.7
05.11. 17:15,193.7
05.11. 17:30,193.7
05.11. 17:45,193.7
05.11. 18:00,245.1
05.11. 18:15,245.1
05.11. 18:30,245.1
05.11. 18:45,245.1
05.11. 19:00,278.1
05.11. 19:15,278.1
05.11. 19:30,278.1
05.11. 19:45,278.1
05.11. 20:00,267.6
05.11. 20:15,267.6
05.11. 20:30,267.6
05.11. 20:45,267.6
05.11. 21:00,279.9
05.11. 21:15,279.9
05.11. 21:30,279.9
05.11. 21:45,279.9
05.11. 22:00,201.7
05.11. 22:15,201.7
05.11. 22:30,201.7
05.11. 22:45,201.7
05.11. 23:00,146.3
05.11. 23:15,146.3
05.11. 23:30,146.3
05.11. 23:45,146.3
06.11. 00:00,87.1
06.11. 00:15,87.1
06.11. 00:30,87.1
06.11. 00:45,87.1
06.11. 01:00,78.8
06.11. 01:15,78.8
06.11. 01:30,78.8
06.11. 01:45,78.8
06.11. 02:00,72.8
06.11. 02:15,72.8
06.11. 02:30,72.8
06.11. 02:45,72.8
06.11. 03:00,65.0
06.11. 03:15,65.0
06.11. 03:30,65.0
06.11. 03:45,65.0
06.11. 04:00,80.3
06.11. 04:15,80.3
06.11. 04:30,80.3
06.11. 04:45,80.3
06.11. 05:00,116.9
06.11. 05:15,116.9
06.11. 05:30,116.9
06.11. 05:45,116.9
06.11. 06:00,198.6
06.11. 06:15,198.6
06.11. 06:30,198.6
06.11. 06:45,198.6
06.11. 07:00,262.9
06.11. 07:15,262.9
06.11. 07:30,262.9
06.11. 07:45,262.9
06.11. 08:00,249.7
06.11. 08:15,249.7
06.11. 08:30,249.7
06.11. 08:45,249.7
06.11. 09:00,223.6
06.11. 09:15,223.6
06.11. 09:30,223.6
06.11. 09:45,223.6
06.11. 10:00,208.6
06.11. 10:15,208.6
06.11. 10:30,208.6
06.11. 10:45,208.6
06.11. 11:00,216.9
06.11. 11:15,216.9
06.11. 11:30,216.9
06.11. 11:45,216.9
06.11. 12:00,209.5
06.11. 12:15,209.5
06.11. 12:30,209.5
06.11. 12:45,209.5
06.11. 13:00,212.2
06.11. 13:15,212.2
06.11. 13:30,212.2
06.11. 13:45,212.2
06.11. 14:00,206.4
06.11. 14:15,206.4
06.11. 14:30,206.4
06.11. 14:45,206.4
06.11. 15:00,178.8
06.11. 15:15,178.8
06.11. 15:30,178.8
06.11. 15:45,178.8
06.11. 16:00,190.9
06.11. 16:15,190.9
06.11. 16:30,190.9
06.11. 16:45,190.9
06.11. 17:00,201.3
06.11. 17:15,201.3
06.11. 17:30,201.3
06.11. 17:45,201.3
06.11. 18:00,226.8
06.11. 18:15,226.8
06.11. 18:30,226.8
06.11. 18:45,226.8
06.11. 19:00,274.5
06.11. 19:15,274.5
06.11. 19:30,274.5
06.11. 19:45,274.5
06.11. 20:00,296.3
06.11. 20:15,296.3
06.11. 20:30,296.3
06.11. 20:45,296.3
06.11. 21:00,266.2
06.11. 21:15,266.2
06.11. 21:30,266.2
06.11. 21:45,266.2
06.11. 22:00,201.6
06.11. 22:15,201.6
06.11. 22:30,201.6
06.11. 22:45,201.6
06.11. 23:00,145.7
06.11. 23:15,145.7
06.11. 23:30,145.7
06.11. 23:45,145.7
07.11. 00:00,72.2
07.11. 00:15,72.2
07.11. 00:30,72.2
07.11. 00:45,72.2
07.11. 01:00,71.3
07.11. 01:15,71.3
07.11. 01:30,71.3
07.11. 01:45,71.3
07.11. 02:00,61.1
07.11. 02:15,61.1
07.11. 02:30,61.1
07.11. 02:45,61.1
07.11. 03:00,59.2
07.11. 03:15,59.2
07.11. 03:30,59.2
07.11. 03:45,59.2
07.11. 04:00,73.5
07.11. 04:15,73.5
07.11. 04:30,73.5
07.11. 04:45,73.5
07.11. 05:00,104.2
07.11. 05:15,104.2
07.11. 05:30,104.2
07.11. 05:45,104.2
07.11. 06:00,179.2
07.11. 06:15,179.2
07.11. 06:30,179.2
07.11. 06:45,179.2
07.11. 07:00,220.6
07.11. 07:15,220.6
07.11. 07:30,220.6
07.11. 07:45,220.6
07.11. 08:00,233.4
07.11. 08:15,233.4
07.11. 08:30,233.4
07.11. 08:45,233.4
07.11. 09:00,219.2
07.11. 09:15,219.2
07.11. 09:30,219.2
07.11. 09:45,219.2
07.11. 10:00,203.4
07.11. 10:15,203.4
07.11. 10:30,203.4
07.11. 10:45,203.4
07.11. 11:00,191.7
07.11. 11:15,191.7
07.11. 11:30,191.7
07.11. 11:45,191.7
07.11. 12:00,205.6
07.11. 12:15,205.6
07.11. 12:30,205.6
07.11. 12:45,205.6
07.11. 13:00,211.0
07.11. 13:15,211.0
07.11. 13:30,211.0
07.11. 13:45,211.0
07.11. 14:00,178.2
07.11. 14:15,178.2
07.11. 14:30,178.2
07.11. 14:45,178.2
07.11. 15:00,159.2
07.11. 15:15,159.2
07.11. 15:30,159.2
07.11. 15:45,159.2
07.11. 16:00,153.0
07.11. 16:15,153.0
07.11. 16:30,153.0
07.11. 16:45,153.0
07.11. 17:00,187.4
07.11. 17:15,187.4
07.11. 17:30,187.4
07.11. 17:45,187.4
07.11. 18:00,225.1
07.11. 18:15,225.1
07.11. 18:30,225.1
07.11. 18:45,225.1
07.11. 19:00,249.8
07.11. 19:15,249.8
07.11. 19:30,249.8
07.11. 19:45,249.8
07.11. 20:00,271.8
07.11. 20:15,271.8
07.11. 20:30,271.8
07.11. 20:45,271.8
07.11. 21:00,260.8
07.11. 21:15,260.8
07.11. 21:30,260.8
07.11. 21:45,260.8
07.11. 22:00,188.1
07.11. 22:15,188.1
07.11. 22:30,188.1
07.11. 22:45,188.1
07.11. 23:00,131.9
07.11. 23:15,131.9
07.11. 23:30,131.9
07.11. 23:45,131.9
08.11. 00:00,72.2
08.11. 00:15,72.2
08.11. 00:30,72.2
08.11. 00:45,72.2
08.11. 01:00,62.6
08.11. 01:15,62.6
08.11. 01:30,62.6
08.11. 01:45,62.6
08.11. 02:00,57.6
08.11. 02:15,57.6
08.11. 02:30,57.6
08.11. 02:45,57.6
08.11. 03:00,59.8
08.11. 03:15,59.8
08.11. 03:30,59.8
08.11. 03:45,59.8
08.11. 04:00,61.2
08.11. 04:15,61.2
08.11. 04:30,61.2
08.11. 04:45,61.2
08.11. 05:00,101.4
08.11. 05:15,101.4
08.11. 05:30,101.4
08.11. 05:45,101.4
08.11. 06:00,161.0
08.11. 06:15,161.0
08.11. 06:30,161.0
08.11. 06:45,161.0
08.11. 07:00,225.9
08.11. 07:15,225.9
08.11. 07:30,225.9
08.11. 07:45,225.9
08.11. 08:00,208.6
08.11. 08:15,208.6
08.11. 08:30,208.6
08.11. 08:45,208.6
08.11. 09:00,209.7
08.11. 09:15,209.7
08.11. 09:30,209.7
08.11. 09:45,209.7
08.11. 10:00,189.6
08.11. 10:15,189.6
08.11. 10:30,189.6
08.11. 10:45,189.6
08.11. 11:00,207.2
08.11. 11:15,207.2
08.11. 11:30,207.2
08.11. 11:45,207.2
08.11. 12:00,208.0
08.11. 12:15,208.0
08.11. 12:30,208.0
08.11. 12:45,208.0
08.11. 13:00,201.4
08.11. 13:15,201.4
08.11. 13:30,201.4
08.11. 13:45,201.4
08.11. 14:00,176.9
08.11. 14:15,176.9
08.11. 14:30,176.9
08.11. 14:45,176.9
08.11. 15:00,166.0
08.11. 15:15,166.0
08.11. 15:30,166.0
08.11. 15:45,166.0
08.11. 16:00,154.7
08.11. 16:15,154.7
08.11. 16:30,154.7
08.11. 16:45,154.7
08.11. 17:00,170.3
08.11. 17:15,170.3
08.11. 17:30,170.3
08.11. 17:45,170.3
08.11. 18:00,215.1
08.11. 18:15,215.1
08.11. 18:30,215.1
08.11. 18:45,215.1
08.11. 19:00,238.3
08.11. 19:15,238.3
08.11. 19:30,238.3
08.11. 19:45,238.3
08.11. 20:00,238.2
08.11. 20:15,238.2
08.11. 20:30,238.2
08.11. 20:45,238.2
08.11. 21:00,236.5
08.11. 21:15,236.5
08.11. 21:30,236.5
08.11. 21:45,236.5
08.11. 22:00,190.3
08.11. 22:15,190.3
08.11. 22:30,190.3
08.11. 22:45,190.3
08.11. 23:00,127.1
08.11. 23:15,127.1
08.11. 23:30,127.1
08.11. 23:45,127.1
09.11. 00:00,61.1
09.11. 00:15,61.1
09.11. 00:30,61.1
09.11. 00:45,61.1
09.11. 01:00,62.7
09.11. 01:15,62.7
09.11. 01:30,62.7
09.11. 01:45,62.7
09.11. 02:00,55.8
09.11. 02:15,55.8
09.11. 02:30,55.8
09.11. 02:45,55.8
09.11. 03:00,52.7
09.11. 03:15,52.7
09.11. 03:30,52.7
09.11. 03:45,52.7
09.11. 04:00,61.1
09.11. 04:15,61.1
09.11. 04:30,61.1
09.11. 04:45,61.1
09.11. 05:00,93.5
09.11. 05:15,93.5
09.11. 05:30,93.5
09.11. 05:45,93.5
09.11. 06:00,178.6
09.11. 06:15,178.6
09.11. 06:30,178.6
09.11. 06:45,178.6
09.11. 07:00,225.1
09.11. 07:15,225.1
09.11. 07:30,225.1
09.11. 07:45,225.1
09.11. 08:00,210.0
09.11. 08:15,210.0
09.11. 08:30,210.0
09.11. 08:45,210.0
09.11. 09:00,205.8
09.11. 09:15,205.8
09.11. 09:30,205.8
09.11. 09:45,205.8
09.11. 10:00,195.3
09.11. 10:15,195.3
09.11. 10:30,195.3
09.11. 10:45,195.3
09.11. 11:00,197.0
09.11. 11:15,197.0
09.11. 11:30,197.0
09.11. 11:45,197.0
09.11. 12:00,196.3
09.11. 12:15,196.3
09.11. 12:30,196.3
09.11. 12:45,196.3
09.11. 13:00,208.6
09.11. 13:15,208.6
09.11. 13:30,208.6
09.11. 13:45,208.6
09.11. 14:00,184.6
09.11. 14:15,184.6
09.11. 14:30,184.6
09.11. 14:45,184.6
09.11. 15:00,172.8
09.11. 15:15,172.8
09.11. 15:30,172.8
09.11. 15:45,172.8
09.11. 16:00,180.6
09.11. 16:15,180.6
09.11. 16:30,180.6
09.11. 16:45,180.6
09.11. 17:00,189.4
09.11. 17:15,189.4
09.11. 17:30,189.4
09.11. 17:45,189.4
09.11. 18:00,226.6
09.11. 18:15,226.6
09.11. 18:30,226.6
09.11. 18:45,226.6
09.11. 19:00,269.0
09.11. 19:15,269.0
09.11. 19:30,269.0
09.11. 19:45,269.0
09.11. 20:00,273.4
09.11. 20:15,273.4
09.11. 20:30,273.4
09.11. 20:45,273.4
09.11. 21:00,251.9
09.11. 21:15,251.9
09.11. 21:30,251.9
09.11. 21:45,251.9
09.11. 22:00,203.1
09.11. 22:15,203.1
09.11. 22:30,203.1
09.11. 22:45,203.1
09.11. 23:00,153.6
09.11. 23:15,153.6
09.11. 23:30,153.6
09.11. 23:45,153.6
10.11. 00:00,96.7
10.11. 00:15,96.7
10.11. 00:30,96.7
10.11. 00:45,96.7
10.11. 01:00,80.2
10.11. 01:15,80.2
10.11. 01:30,80.2
10.11. 01:45,80.2
10.11. 02:00,72.0
10.11. 02:15,72.0
10.11. 02:30,72.0
10.11. 02:45,72.0
10.11. 03:00,64.4
10.11. 03:15,64.4
10.11. 03:30,64.4
10.11. 03:45,64.4
10.11. 04:00,74.2
10.11. 04:15,74.2
10.11. 04:30,74.2
10.11. 04:45,74.2
10.11. 05:00,80.1
10.11. 05:15,80.1
10.11. 05:30,80.1
10.11. 05:45,80.1
10.11. 06:00,108.1
10.11. 06:15,108.1
10.11. 06:30,108.1
10.11. 06:45,108.1
10.11. 07:00,144.5
10.11. 07:15,144.5
10.11. 07:30,144.5
10.11. 07:45,144.5
10.11. 08:00,199.6
10.11. 08:15,199.6
10.11. 08:30,199.6
10.11. 08:45,199.6
10.11. 09:00,262.1
10.11. 09:15,262.1
10.11. 09:30,262.1
10.11. 09:45,262.1
10.11. 10:00,269.2
10.11. 10:15,269.2
10.11. 10:30,269.2
10.11. 10:45,269.2
10.11. 11:00,270.5
10.11. 11:15,270.5
10.11. 11:30,270.5
10.11. 11:45,270.5
10.11. 12:00,266.1
10.11. 12:15,266.1
10.11. 12:30,266.1
10.11. 12:45,266.1
10.11. 13:00,265.8
10.11. 13:15,265.8
10.11. 13:30,265.8
10.11. 13:45,265.8
10.11. 14:00,245.9
10.11. 14:15,245.9
10.11. 14:30,245.9
10.11. 14:45,245.9
10.11. 15:00,210.2
10.11. 15:15,210.2
10.11. 15:30,210.2
10.11. 15:45,210.2
10.11. 16:00,229.4
10.11. 16:15,229.4
10.11. 16:30,229.4
10.11. 16:45,229.4
10.11. 17:00,245.3
10.11. 17:15,245.3
10.11. 17:30,245.3
10.11. 17:45,245.3
10.11. 18:00,264.8
10.11. 18:15,264.8
10.11. 18:30,264.8
10.11. 18:45,264.8
10.11. 19:00,282.8
10.11. 19:15,282.8
10.11. 19:30,282.8
10.11. 19:45,282.8
10.11. 20:00,283.6
10.11. 20:15,283.6
10.11. 20:30,283.6
10.11. 20:45,283.6
10.11. 21:00,238.6
10.11. 21:15,238.6
10.11. 21:30,238.6
10.11. 21:45,238.6
10.11. 22:00,185.0
10.11. 22:15,185.0
10.11. 22:30,185.0
10.11. 22:45,185.0
10.11. 23:00,139.3
10.11. 23:15,139.3
10.11. 23:30,139.3
10.11. 23:45,139.3
11.11. 00:00,106.7
11.11. 00:15,106.7
11.11. 00:30,106.7
11.11. 00:45,106.7
11.11. 01:00,89.2
11.11. 01:15,89.2
11.11. 01:30,89.2
11.11. 01:45,89.2
11.11. 02:00,84.0
11.11. 02:15,84.0
11.11. 02:30,84.0
11.11. 02:45,84.0
11.11. 03:00,79.1
11.11. 03:15,79.1
11.11. 03:30,79.1
11.11. 03:45,79.1
11.11. 04:00,77.6
11.11. 04:15,77.6
11.11. 04:30,77.6
11.11. 04:45,77.6
11.11. 05:00,84.4
11.11. 05:15,84.4
11.11. 05:30,84.4
11.11. 05:45,84.4
11.11. 06:00,96.7
11.11. 06:15,96.7
11.11. 06:30,96.7
11.11. 06:45,96.7
11.11. 07:00,113.0
11.11. 07:15,113.0
11.11. 07:30,113.0
11.11. 07:45,113.0
11.11. 08:00,137.2
11.11. 08:15,137.2
11.11. 08:30,137.2
11.11. 08:45,137.2
11.11. 09:00,215.7
11.11. 09:15,215.7
11.11. 09:30,215.7
11.11. 09:45,215.7
11.11. 10:00,275.1
11.11. 10:15,275.1
11.11. 10:30,275.1
11.11. 10:45,275.1
11.11. 11:00,283.6
11.11. 11:15,283.6
11.11. 11:30,283.6
11.11. 11:45,283.6
11.11. 12:00,308.1
11.11. 12:15,308.1
11.11. 12:30,308.1
11.11. 12:45,308.1
11.11. 13:00,296.5
11.11. 13:15,296.5
11.11. 13:30,296.5
11.11. 13:45,296.5
11.11. 14:00,253.4
11.11. 14:15,253.4
11.11. 14:30,253.4
11.11. 14:45,253.4
11.11. 15:00,210.5
11.11. 15:15,210.5
11.11. 15:30,210.5
11.11. 15:45,210.5
11.11. 16:00,210.4
11.11. 16:15,210.4
11.11. 16:30,210.4
11.11. 16:45,210.4
11.11. 17:00,189.7
11.11. 17:15,189.7
11.11. 17:30,189.7
11.11. 17:45,189.7
11.11. 18:00,188.7
11.11. 18:15,188.7
11.11. 18:30,188.7
11.11. 18:45,188.7
11.11. 19:00,235.5
11.11. 19:15,235.5
11.11. 19:30,235.5
11.11. 19:45,235.5
11.11. 20:00,254.8
11.11. 20:15,254.8
11.11. 20:30,254.8
11.11. 20:45,254.8
11.11. 21:00,242.5
11.11. 21:15,242.5
11.11. 21:30,242.5
11.11. 21:45,242.5
11.11. 22:00,187.9
11.11. 22:15,187.9
11.11. 22:30,187.9
11.11. 22:45,187.9
11.11. 23:00,134.9
11.11. 23:15,134.9
11.11. 23:30,134.9
11.11. 23:45,134.9
12.11. 00:00,89.8
12.11. 00:15,89.8
12.11. 00:30,89.8
12.11. 00:45,89.8
12.11. 01:00,78.0
12.11. 01:15,78.0
12.11. 01:30,78.0
12.11. 01:45,78.0
12.11. 02:00,70.4
12.11. 02:15,70.4
12.11. 02:30,70.4
12.11. 02:45,70.4
12.11. 03:00,68.7
12.11. 03:15,68.7
12.11. 03:30,68.7
12.11. 03:45,68.7
12.11. 04:00,82.8
12.11. 04:15,82.8
12.11. 04:30,82.8
12.11. 04:45,82.8
12.11. 05:00,118.2
12.11. 05:15,118.2
12.11. 05:30,118.2
12.11. 05:45,118.2
12.11. 06:00,230.1
12.11. 06:15,230.1
12.11. 06:30,230.1
12.11. 06:45,230.1
12.11. 07:00,267.4
12.11. 07:15,267.4
12.11. 07:30,267.4
12.11. 07:45,267.4
12.11. 08:00,236.1
12.11. 08:15,236.1
12.11. 08:30,236.1
12.11. 08:45,236.1
12.11. 09:00,218.8
12.11. 09:15,218.8
12.11. 09:30,218.8
12.11. 09:45,218.8
12.11. 10:00,203.2
12.11. 10:15,203.2
12.11. 10:30,203.2
12.11. 10:45,203.2
12.11. 11:00,216.8
12.11. 11:15,216.8
12.11. 11:30,216.8
12.11. 11:45,216.8
12.11. 12:00,211.9
12.11. 12:15,211.9
12.11. 12:30,211.9
12.11. 12:45,211.9
12.11. 13:00,222.9
12.11. 13:15,222.9
12.11. 13:30,222.9
12.11. 13:45,222.9
12.11. 14:00,184.5
12.11. 14:15,184.5
12.11. 14:30,184.5
12.11. 14:45,184.5
12.11. 15:00,183.6
12.11. 15:15,183.6
12.11. 15:30,183.6
12.11. 15:45,183.6
12.11. 16:00,168.3
12.11. 16:15,168.3
12.11. 16:30,168.3
12.11. 16:45,168.3
12.11. 17:00,193.4
12.11. 17:15,193.4
12.11. 17:30,193.4
12.11. 17:45,193.4
12.11. 18:00,256.1
12.11. 18:15,256.1
12.11. 18:30,256.1
12.11. 18:45,256.1
12.11. 19:00,283.6
12.11. 19:15,283.6
12.11. 19:30,283.6
12.11. 19:45,283.6
12.11. 20:00,272.9
12.11. 20:15,272.9
12.11. 20:30,272.9
12.11. 20:45,272.9
12.11. 21:00,263.9
12.11. 21:15,263.9
12.11. 21:30,263.9
12.11. 21:45,263.9
12.11. 22:00,216.7
12.11. 22:15,216.7
12.11. 22:30,216.7
12.11. 22:45,216.7
12.11. 23:00,159.6
12.11. 23:15,159.6
12.11. 23:30,159.6
12.11. 23:45,159.6
13.11. 00:00,90.1
13.11. 00:15,90.1
13.11. 00:30,90.1
13.11. 00:45,90.1
13.11. 01:00,80.0
13.11. 01:15,80.0
13.11. 01:30,80.0
13.11. 01:45,80.0
13.11. 02:00,76.1
13.11. 02:15,76.1
13.11. 02:30,76.1
13.11. 02:45,76.1
13.11. 03:00,80.0
13.11. 03:15,80.0
13.11. 03:30,80.0
13.11. 03:45,80.0
13.11. 04:00,87.4
13.11. 04:15,87.4
13.11. 04:30,87.4
13.11. 04:45,87.4
13.11. 05:00,132.9
13.11. 05:15,132.9
13.11. 05:30,132.9
13.11. 05:45,132.9
13.11. 06:00,214.1
13.11. 06:15,214.1
13.11. 06:30,214.1
13.11. 06:45,214.1
13.11. 07:00,280.2
13.11. 07:15,280.2
13.11. 07:30,280.2
13.11. 07:45,280.2
13.11. 08:00,256.1
13.11. 08:15,256.1
13.11. 08:30,256.1
13.11. 08:45,256.1
13.11. 09:00,230.2
13.11. 09:15,230.2
13.11. 09:30,230.2
13.11. 09:45,230.2
13.11. 10:00,209.7
13.11. 10:15,209.7
13.11. 10:30,209.7
13.11. 10:45,209.7
13.11. 11:00,201.5
13.11. 11:15,201.5
13.11. 11:30,201.5
13.11. 11:45,201.5
13.11. 12:00,208.9
13.11. 12:15,208.9
13.11. 12:30,208.9
13.11. 12:45,208.9
13.11. 13:00,203.8
13.11. 13:15,203.8
13.11. 13:30,203.8
13.11. 13:45,203.8
13.11. 14:00,178.0
13.11. 14:15,178.0
13.11. 14:30,178.0
13.11. 14:45,178.0
13.11. 15:00,171.9
13.11. 15:15,171.9
13.11. 15:30,171.9
13.11. 15:45,171.9
13.11. 16:00,193.3
13.11. 16:15,193.3
13.11. 16:30,193.3
13.11. 16:45,193.3
13.11. 17:00,216.2
13.11. 17:15,216.2
13.11. 17:30,216.2
13.11. 17:45,216.2
13.11. 18:00,261.8
13.11. 18:15,261.8
13.11. 18:30,261.8
13.11. 18:45,261.8
13.11. 19:00,292.4
13.11. 19:15,292.4
13.11. 19:30,292.4
13.11. 19:45,292.4
13.11. 20:00,290.2
13.11. 20:15,290.2
13.11. 20:30,290.2
13.11. 20:45,290.2
13.11. 21:00,321.5
13.11. 21:15,321.5
13.11. 21:30,321.5
13.11. 21:45,321.5
13.11. 22:00,234.5
13.11. 22:15,234.5
13.11. 22:30,234.5
13.11. 22:45,234.5
13.11. 23:00,180.9
13.11. 23:15,180.9
13.11. 23:30,180.9
13.11. 23:45,180.9
14.11. 00:00,112.0
14.11. 00:15,112.0
14.11. 00:30,112.0
14.11. 00:45,112.0
14.11. 01:00,98.0
14.11. 01:15,98.0
14.11. 01:30,98.0
14.11. 01:45,98.0
14.11. 02:00,91.6
14.11. 02:15,91.6
14.11. 02:30,91.6
14.11. 02:45,91.6
14.11. 03:00,105.0
14.11. 03:15,105.0
14.11. 03:30,105.0
14.11. 03:45,105.0
14.11. 04:00,105.9
14.11. 04:15,105.9
14.11. 04:30,105.9
14.11. 04:45,105.9
14.11. 05:00,151.8
14.11. 05:15,151.8
14.11. 05:30,151.8
14.11. 05:45,151.8
14.11. 06:00,257.2
14.11. 06:15,257.2
14.11. 06:30,257.2
14.11. 06:45,257.2
14.11. 07:00,277.0
14.11. 07:15,277.0
14.11. 07:30,277.0
14.11. 07:45,277.0
14.11. 08:00,248.8
14.11. 08:15,248.8
14.11. 08:30,248.8
14.11. 08:45,248.8
14.11. 09:00,237.9
14.11. 09:15,237.9
14.11. 09:30,237.9
14.11. 09:45,237.9
14.11. 10:00,241.8
14.11. 10:15,241.8
14.11. 10:30,241.8
14.11. 10:45,241.8
14.11. 11:00,239.2
14.11. 11:15,239.2
14.11. 11:30,239.2
14.11. 11:45,239.2
14.11. 12:00,253.0
14.11. 12:15,253.0
14.11. 12:30,253.0
14.11. 12:45,253.0
14.11. 13:00,239.6
14.11. 13:15,239.6
14.11. 13:30,239.6
14.11. 13:45,239.6
14.11. 14:00,207.2
14.11. 14:15,207.2
14.11. 14:30,207.2
14.11. 14:45,207.2
14.11. 15:00,194.9
14.11. 15:15,194.9
14.11. 15:30,194.9
14.11. 15:45,194.9
14.11. 16:00,195.8
14.11. 16:15,195.8
14.11. 16:30,195.8
14.11. 16:45,195.8
14.11. 17:00,224.2
14.11. 17:15,224.2
14.11. 17:30,224.2
14.11. 17:45,224.2
14.11. 18:00,279.6
14.11. 18:15,279.6
14.11. 18:30,279.6
14.11. 18:45,279.6
14.11. 19:00,320.0
14.11. 19:15,320.0
14.11. 19:30,320.0
14.11. 19:45,320.0
14.11. 20:00,314.5
14.11. 20:15,314.5
14.11. 20:30,314.5
14.11. 20:45,314.5
14.11. 21:00,295.4
14.11. 21:15,295.4
14.11. 21:30,295.4
14.11. 21:45,295.4
14.11. 22:00,214.5
14.11. 22:15,214.5
14.11. 22:30,214.5
14.11. 22:45,214.5
14.11. 23:00,145.7
14.11. 23:15,145.7
14.11. 23:30,145.7
14.11. 23:45,145.7
15.11. 00:00,78.6
15.11. 00:15,78.6
15.11. 00:30,78.6
15.11. 00:45,78.6
15.11. 01:00,65.9
15.11. 01:15,65.9
15.11. 01:30,65.9
15.11. 01:45,65.9
15.11. 02:00,57.9
15.11. 02:15,57.9
15.11. 02:30,57.9
15.11. 02:45,57.9
15.11. 03:00,56.0
15.11. 03:15,56.0
15.11. 03:30,56.0
15.11. 03:45,56.0
15.11. 04:00,62.9
15.11. 04:15,62.9
15.11. 04:30,62.9
15.11. 04:45,62.9
15.11. 05:00,97.9
15.11. 05:15,97.9
15.11. 05:30,97.9
15.11. 05:45,97.9
15.11. 06:00,176.9
15.11. 06:15,176.9
15.11. 06:30,176.9
15.11. 06:45,176.9
15.11. 07:00,223.8
15.11. 07:15,223.8
15.11. 07:30,223.8
15.11. 07:45,223.8
15.11. 08:00,230.2
15.11. 08:15,230.2
15.11. 08:30,230.2
15.11. 08:45,230.2
15.11. 09:00,232.4
15.11. 09:15,232.4
15.11. 09:30,232.4
15.11. 09:45,232.4
15.11. 10:00,196.3
15.11. 10:15,196.3
15.11. 10:30,196.3
15.11. 10:45,196.3
15.11. 11:00,200.5
15.11. 11:15,200.5
15.11. 11:30,200.5
15.11. 11:45,200.5
15.11. 12:00,216.1
15.11. 12:15,216.1
15.11. 12:30,216.1
15.11. 12:45,216.1
15.11. 13:00,211.9
15.11. 13:15,211.9
15.11. 13:30,211.9
15.11. 13:45,211.9
15.11. 14:00,183.2
15.11. 14:15,183.2
15.11. 14:30,183.2
15.11. 14:45,183.2
15.11. 15:00,154.6
15.11. 15:15,154.6
15.11. 15:30,154.6
15.11. 15:45,154.6
15.11. 16:00,170.9
15.11. 16:15,170.9
15.11. 16:30,170.9
15.11. 16:45,170.9
15.11. 17:00,186.0
15.11. 17:15,186.0
15.11. 17:30,186.0
15.11. 17:45,186.0
15.11. 18:00,222.8
15.11. 18:15,222.8
15.11. 18:30,222.8
15.11. 18:45,222.8
15.11. 19:00,281.6
15.11. 19:15,281.6
15.11. 19:30,281.6
15.11. 19:45,281.6
15.11. 20:00,271.7
15.11. 20:15,271.7
15.11. 20:30,271.7
15.11. 20:45,271.7
15.11. 21:00,255.6
15.11. 21:15,255.6
15.11. 21:30,255.6
15.11. 21:45,255.6
15.11. 22:00,202.7
15.11. 22:15,202.7
15.11. 22:30,202.7
15.11. 22:45,202.7
15.11. 23:00,145.7
15.11. 23:15,145.7
15.11. 23:30,145.7
15.11. 23:45,145.7
16.11. 00:00,83.2
16.11. 00:15,83.2
16.11. 00:30,83.2
16.11. 00:45,83.2
16.11. 01:00,71.3
16.11. 01:15,71.3
16.11. 01:30,71.3
16.11. 01:45,71.3
16.11. 02:00,62.6
16.11. 02:15,62.6
16.11. 02:30,62.6
16.11. 02:45,62.6
16.11. 03:00,62.9
16.11. 03:15,62.9
16.11. 03:30,62.9
16.11. 03:45,62.9
16.11. 04:00,74.6
16.11. 04:15,74.6
16.11. 04:30,74.6
16.11. 04:45,74.6
16.11. 05:00,102.1
16.11. 05:15,102.1
16.11. 05:30,102.1
16.11. 05:45,102.1
16.11. 06:00,190.2
16.11. 06:15,190.2
16.11. 06:30,190.2
16.11. 06:45,190.2
16.11. 07:00,238.6
16.11. 07:15,238.6
16.11. 07:30,238.6
16.11. 07:45,238.6
16.11. 08:00,257.8
16.11. 08:15,257.8
16.11. 08:30,257.8
16.11. 08:45,257.8
16.11. 09:00,209.1
16.11. 09:15,209.1
16.11. 09:30,209.1
16.11. 09:45,209.1
16.11. 10:00,206.6
16.11. 10:15,206.6
16.11. 10:30,206.6
16.11. 10:45,206.6
16.11. 11:00,214.6
16.11. 11:15,214.6
16.11. 11:30,214.6
16.11. 11:45,214.6
16.11. 12:00,223.3
16.11. 12:15,223.3
16.11. 12:30,223.3
16.11. 12:45,223.3
16.11. 13:00,216.5
16.11. 13:15,216.5
16.11. 13:30,216.5
16.11. 13:45,216.5
16.11. 14:00,186.8
16.11. 14:15,186.8
16.11. 14:30,186.8
16.11. 14:45,186.8
16.11. 15:00,180.5
16.11. 15:15,180.5
16.11. 15:30,180.5
16.11. 15:45,180.5
16.11. 16:00,186.0
16.11. 16:15,186.0
16.11. 16:30,186.0
16.11. 16:45,186.0
16.11. 17:00,203.8
16.11. 17:15,203.8
16.11. 17:30,203.8
16.11. 17:45,203.8
16.11. 18:00,235.8
16.11. 18:15,235.8
16.11. 18:30,235.8
16.11. 18:45,235.8
16.11. 19:00,281.4
16.11. 19:15,281.4
16.11. 19:30,281.4
16.11. 19:45,281.4
16.11. 20:00,278.2
16.11. 20:15,278.2
16.11. 20:30,278.2
16.11. 20:45,278.2
16.11. 21:00,273.6
16.11. 21:15,273.6
16.11. 21:30,273.6
16.11. 21:45,273.6
16.11. 22:00,195.9
16.11. 22:15,195.9
16.11. 22:30,195.9
16.11. 22:45,195.9
16.11. 23:00,146.2
16.11. 23:15,146.2
16.11. 23:30,146.2
16.11. 23:45,146.2
17.11. 00:00,86.1
17.11. 00:15,86.1
17.11. 00:30,86.1
17.11. 00:45,86.1
17.11. 01:00,78.5
17.11. 01:15,78.5
17.11. 01:30,78.5
17.11. 01:45,78.5
17.11. 02:00,76.2
17.11. 02:15,76.2
17.11. 02:30,76.2
17.11. 02:45,76.2
17.11. 03:00,66.0
17.11. 03:15,66.0
17.11. 03:30,66.0
17.11. 03:45,66.0
17.11. 04:00,72.3
17.11. 04:15,72.3
17.11. 04:30,72.3
17.11. 04:45,72.3
17.11. 05:00,80.5
17.11. 05:15,80.5
17.11. 05:30,80.5
17.11. 05:45,80.5
17.11. 06:00,106.3
17.11. 06:15,106.3
17.11. 06:30,106.3
17.11. 06:45,106.3
17.11. 07:00,146.6
17.11. 07:15,146.6
17.11. 07:30,146.6
17.11. 07:45,146.6
17.11. 08:00,210.0
17.11. 08:15,210.0
17.11. 08:30,210.0
17.11. 08:45,210.0
17.11. 09:00,281.0
17.11. 09:15,281.0
17.11. 09:30,281.0
17.11. 09:45,281.0
17.11. 10:00,270.3
17.11. 10:15,270.3
17.11. 10:30,270.3
17.11. 10:45,270.3
17.11. 11:00,267.6
17.11. 11:15,267.6
17.11. 11:30,267.6
17.11. 11:45,267.6
17.11. 12:00,282.0
17.11. 12:15,282.0
17.11. 12:30,282.0
17.11. 12:45,282.0
17.11. 13:00,257.0
17.11. 13:15,257.0
17.11. 13:30,257.0
17.11. 13:45,257.0
17.11. 14:00,239.6
17.11. 14:15,239.6
17.11. 14:30,239.6
17.11. 14:45,239.6
17.11. 15:00,216.0
17.11. 15:15,216.0
17.11. 15:30,216.0
17.11. 15:45,216.0
17.11. 16:00,215.7
17.11. 16:15,215.7
17.11. 16:30,215.7
17.11. 16:45,215.7
17.11. 17:00,240.1
17.11. 17:15,240.1
17.11. 17:30,240.1
17.11. 17:45,240.1
17.11. 18:00,300.4
17.11. 18:15,300.4
17.11. 18:30,300.4
17.11. 18:45,300.4
17.11. 19:00,312.2
17.11. 19:15,312.2
17.11. 19:30,312.2
17.11. 19:45,312.2
17.11. 20:00,269.8
17.11. 20:15,269.8
17.11. 20:30,269.8
17.11. 20:45,269.8
17.11. 21:00,237.5
17.11. 21:15,237.5
17.11. 21:30,237.5
17.11. 21:45,237.5
17.11. 22:00,173.4
17.11. 22:15,173.4
17.11. 22:30,173.4
17.11. 22:45,173.4
17.11. 23:00,134.2
17.11. 23:15,134.2
17.11. 23:30,134.2
17.11. 23:45,134.2
18.11. 00:00,101.4
18.11. 00:15,101.4
18.11. 00:30,101.4
18.11. 00:45,101.4
18.11. 01:00,94.1
18.11. 01:15,94.1
18.11. 01:30,94.1
18.11. 01:45,94.1
18.11. 02:00,82.5
18.11. 02:15,82.5
18.11. 02:30,82.5
18.11. 02:45,82.5
18.11. 03:00,70.1
18.11. 03:15,70.1
18.11. 03:30,70.1
18.11. 03:45,70.1
18.11. 04:00,76.7
18.11. 04:15,76.7
18.11. 04:30,76.7
18.11. 04:45,76.7
18.11. 05:00,86.8
18.11. 05:15,86.8
18.11. 05:30,86.8
18.11. 05:45,86.8
18.11. 06:00,99.5
18.11. 06:15,99.5
18.11. 06:30,99.5
18.11. 06:45,99.5
18.11. 07:00,111.5
18.11. 07:15,111.5
18.11. 07:30,111.5
18.11. 07:45,111.5
18.11. 08:00,153.4
18.11. 08:15,153.4
18.11. 08:30,153.4
18.11. 08:45,153.4
18.11. 09:00,201.1
18.11. 09:15,201.1
18.11. 09:30,201.1
18.11. 09:45,201.1
18.11. 10:00,291.2
18.11. 10:15,291.2
18.11. 10:30,291.2
18.11. 10:45,291.2
18.11. 11:00,297.8
18.11. 11:15,297.8
18.11. 11:30,297.8
18.11. 11:45,297.8
18.11. 12:00,349.2
18.11. 12:15,349.2
18.11. 12:30,349.2
18.11. 12:45,349.2
18.11. 13:00,299.3
18.11. 13:15,299.3
18.11. 13:30,299.3
18.11. 13:45,299.3
18.11. 14:00,288.1
18.11. 14:15,288.1
18.11. 14:30,288.1
18.11. 14:45,288.1
18.11. 15:00,231.4
18.11. 15:15,231.4
18.11. 15:30,231.4
18.11. 15:45,231.4
18.11. 16:00,220.8
18.11. 16:15,220.8
18.11. 16:30,220.8
18.11. 16:45,220.8
18.11. 17:00,217.7
18.11. 17:15,217.7
18.11. 17:30,217.7
18.11. 17:45,217.7
18.11. 18:00,226.4
18.11. 18:15,226.4
18.11. 18:30,226.4
18.11. 18:45,226.4
18.11. 19:00,227.9
18.11. 19:15,227.9
18.11. 19:30,227.9
18.11. 19:45,227.9
18.11. 20:00,273.7
18.11. 20:15,273.7
18.11. 20:30,273.7
18.11. 20:45,273.7
18.11. 21:00,234.9
18.11. 21:15,234.9
18.11. 21:30,234.9
18.11. 21:45,234.9
18.11. 22:00,214.8
18.11. 22:15,214.8
18.11. 22:30,214.8
18.11. 22:45,214.8
18.11. 23:00,150.2
18.11. 23:15,150.2
18.11. 23:30,150.2
18.11. 23:45,150.2
19.11. 00:00,97.6
19.11. 00:15,97.6
19.11. 00:30,97.6
19.11. 00:45,97.6
19.11. 01:00,96.4
19.11. 01:15,96.4
19.11. 01:30,96.4
19.11. 01:45,96.4
19.11. 02:00,91.0
19.11. 02:15,91.0
19.11. 02:30,91.0
19.11. 02:45,91.0
19.11. 03:00,91.8
19.11. 03:15,91.8
19.11. 03:30,91.8
19.11. 03:45,91.8
19.11. 04:00,108.5
19.11. 04:15,108.5
19.11. 04:30,108.5
19.11. 04:45,108.5
19.11. 05:00,154.4
19.11. 05:15,154.4
19.11. 05:30,154.4
19.11. 05:45,154.4
19.11. 06:00,260.8
19.11. 06:15,260.8
19.11. 06:30,260.8
19.11. 06:45,260.8
19.11. 07:00,330.5
19.11. 07:15,330.5
19.11. 07:30,330.5
19.11. 07:45,330.5
19.11. 08:00,296.7
19.11. 08:15,296.7
19.11. 08:30,296.7
19.11. 08:45,296.7
19.11. 09:00,273.5
19.11. 09:15,273.5
19.11. 09:30,273.5
19.11. 09:45,273.5
19.11. 10:00,250.9
19.11. 10:15,250.9
19.11. 10:30,250.9
19.11. 10:45,250.9
19.11. 11:00,283.2
19.11. 11:15,283.2
19.11. 11:30,283.2
19.11. 11:45,283.2
19.11. 12:00,304.6
19.11. 12:15,304.6
19.11. 12:30,304.6
19.11. 12:45,304.6
19.11. 13:00,269.3
19.11. 13:15,269.3
19.11. 13:30,269.3
19.11. 13:45,269.3
19.11. 14:00,238.9
19.11. 14:15,238.9
19.11. 14:30,238.9
19.11. 14:45,238.9
19.11. 15:00,241.7
19.11. 15:15,241.7
19.11. 15:30,241.7
19.11. 15:45,241.7
19.11. 16:00,233.2
19.11. 16:15,233.2
19.11. 16:30,233.2
19.11. 16:45,233.2
19.11. 17:00,264.2
19.11. 17:15,264.2
19.11. 17:30,264.2
19.11. 17:45,264.2
19.11. 18:00,321.6
19.11. 18:15,321.6
19.11. 18:30,321.6
19.11. 18:45,321.6
19.11. 19:00,352.1
19.11. 19:15,352.1
19.11. 19:30,352.1
19.11. 19:45,352.1
19.11. 20:00,351.6
19.11. 20:15,351.6
19.11. 20:30,351.6
19.11. 20:45,351.6
19.11. 21:00,388.2
19.11. 21:15,388.2
19.11. 21:30,388.2
19.11. 21:45,388.2
19.11. 22:00,265.5
19.11. 22:15,265.5
19.11. 22:30,265.5
19.11. 22:45,265.5
19.11. 23:00,210.9
19.11. 23:15,210.9
19.11. 23:30,210.9
19.11. 23:45,210.9
20.11. 00:00,123.3
20.11. 00:15,123.3
20.11. 00:30,123.3
20.11. 00:45,123.3
20.11. 01:00,104.9
20.11. 01:15,104.9
20.11. 01:30,104.9
20.11. 01:45,104.9
20.11. 02:00,90.4
20.11. 02:15,90.4
20.11. 02:30,90.4
20.11. 02:45,90.4
20.11. 03:00,103.4
20.11. 03:15,103.4
20.11. 03:30,103.4
20.11. 03:45,103.4
20.11. 04:00,108.6
20.11. 04:15,108.6
20.11. 04:30,108.6
20.11. 04:45,108.6
20.11. 05:00,162.1
20.11. 05:15,162.1
20.11. 05:30,162.1
20.11. 05:45,162.1
20.11. 06:00,269.3
20.11. 06:15,269.3
20.11. 06:30,269.3
20.11. 06:45,269.3
20.11. 07:00,321.4
20.11. 07:15,321.4
20.11. 07:30,321.4
20.11. 07:45,321.4
20.11. 08:00,304.3
20.11. 08:15,304.3
20.11. 08:30,304.3
20.11. 08:45,304.3
20.11. 09:00,289.2
20.11. 09:15,289.2
20.11. 09:30,289.2
20.11. 09:45,289.2
20.11. 10:00,277.8
20.11. 10:15,277.8
20.11. 10:30,277.8
20.11. 10:45,277.8
20.11. 11:00,244.5
20.11. 11:15,244.5
20.11. 11:30,244.5
20.11. 11:45,244.5
20.11. 12:00,261.5
20.11. 12:15,261.5
20.11. 12:30,261.5
20.11. 12:45,261.5
20.11. 13:00,266.1
20.11. 13:15,266.1
20.11. 13:30,266.1
20.11. 13:45,266.1
20.11. 14:00,226.6
20.11. 14:15,226.6
20.11. 14:30,226.6
20.11. 14:45,226.6
20.11. 15:00,222.6
20.11. 15:15,222.6
20.11. 15:30,222.6
20.11. 15:45,222.6
20.11. 16:00,233.6
20.11. 16:15,233.6
20.11. 16:30,233.6
20.11. 16:45,233.6
20.11. 17:00,229.0
20.11. 17:15,229.0
20.11. 17:30,229.0
20.11. 17:45,229.0
20.11. 18:00,272.4
20.11. 18:15,272.4
20.11. 18:30,272.4
20.11. 18:45,272.4
20.11. 19:00,309.8
20.11. 19:15,309.8
20.11. 19:30,309.8
20.11. 19:45,309.8
20.11. 20:00,329.7
20.11. 20:15,329.7
20.11. 20:30,329.7
20.11. 20:45,329.7
20.11. 21:00,312.0
20.11. 21:15,312.0
20.11. 21:30,312.0
20.11. 21:45,312.0
20.11. 22:00,230.9
20.11. 22:15,230.9
20.11. 22:30,230.9
20.11. 22:45,230.9
20.11. 23:00,167.8
20.11. 23:15,167.8
20.11. 23:30,167.8
20.11. 23:45,167.8
21.11. 00:00,99.9
21.11. 00:15,99.9
21.11. 00:30,99.9
21.11. 00:45,99.9
21.11. 01:00,90.3
21.11. 01:15,90.3
21.11. 01:30,90.3
21.11. 01:45,90.3
21.11. 02:00,86.0
21.11. 02:15,86.0
21.11. 02:30,86.0
21.11. 02:45,86.0
21.11. 03:00,83.6
21.11. 03:15,83.6
21.11. 03:30,83.6
21.11. 03:45,83.6
21.11. 04:00,99.9
21.11. 04:15,99.9
21.11. 04:30,99.9
21.11. 04:45,99.9
21.11. 05:00,133.6
21.11. 05:15,133.6
21.11. 05:30,133.6
21.11. 05:45,133.6
21.11. 06:00,247.0
21.11. 06:15,247.0
21.11. 06:30,247.0
21.11. 06:45,247.0
21.11. 07:00,267.3
21.11. 07:15,267.3
21.11. 07:30,267.3
21.11. 07:45,267.3
21.11. 08:00,286.1
21.11. 08:15,286.1
21.11. 08:30,286.1
21.11. 08:45,286.1
21.11. 09:00,246.1
21.11. 09:15,246.1
21.11. 09:30,246.1
21.11. 09:45,246.1
21.11. 10:00,235.1
21.11. 10:15,235.1
21.11. 10:30,235.1
21.11. 10:45,235.1
21.11. 11:00,241.9
21.11. 11:15,241.9
21.11. 11:30,241.9
21.11. 11:45,241.9
21.11. 12:00,242.2
21.11. 12:15,242.2
21.11. 12:30,242.2
21.11. 12:45,242.2
21.11. 13:00,252.7
21.11. 13:15,252.7
21.11. 13:30,252.7
21.11. 13:45,252.7
21.11. 14:00,227.4
21.11. 14:15,227.4
21.11. 14:30,227.4
21.11. 14:45,227.4
21.11. 15:00,209.3
21.11. 15:15,209.3
21.11. 15:30,209.3
21.11. 15:45,209.3
21.11. 16:00,215.7
21.11. 16:15,215.7
21.11. 16:30,215.7
21.11. 16:45,215.7
21.11. 17:00,227.1
21.11. 17:15,227.1
21.11. 17:30,227.1
21.11. 17:45,227.1
21.11. 18:00,267.1
21.11. 18:15,267.1
21.11. 18:30,267.1
21.11. 18:45,267.1
21.11. 19:00,313.1
21.11. 19:15,313.1
21.11. 19:30,313.1
21.11. 19:45,313.1
21.11. 20:00,328.7
21.11. 20:15,328.7
21.11. 20:30,328.7
21.11. 20:45,328.7
21.11. 21:00,292.2
21.11. 21:15,292.2
21.11. 21:30,292.2
21.11. 21:45,292.2
21.11. 22:00,208.7
21.11. 22:15,208.7
21.11. 22:30,208.7
21.11. 22:45,208.7
21.11. 23:00,157.6
21.11. 23:15,157.6
21.11. 23:30,157.6
21.11. 23:45,157.6
22.11. 00:00,92.3
22.11. 00:15,92.3
22.11. 00:30,92.3
22.11. 00:45,92.3
22.11. 01:00,85.6
22.11. 01:15,85.6
22.11. 01:30,85.6
22.11. 01:45,85.6
22.11. 02:00,70.7
22.11. 02:15,70.7
22.11. 02:30,70.7
22.11. 02:45,70.7
22.11. 03:00,81.5
22.11. 03:15,81.5
22.11. 03:30,81.5
22.11. 03:45,81.5
22.11. 04:00,89.4
22.11. 04:15,89.4
22.11. 04:30,89.4
22.11. 04:45,89.4
22.11. 05:00,134.4
22.11. 05:15,134.4
22.11. 05:30,134.4
22.11. 05:45,134.4
22.11. 06:00,227.6
22.11. 06:15,227.6
22.11. 06:30,227.6
22.11. 06:45,227.6
22.11. 07:00,279.1
22.11. 07:15,279.1
22.11. 07:30,279.1
22.11. 07:45,279.1
22.11. 08:00,282.0
22.11. 08:15,282.0
22.11. 08:30,282.0
22.11. 08:45,282.0
22.11. 09:00,250.7
22.11. 09:15,250.7
22.11. 09:30,250.7
22.11. 09:45,250.7
22.11. 10:00,222.3
22.11. 10:15,222.3
22.11. 10:30,222.3
22.11. 10:45,222.3
22.11. 11:00,241.9
22.11. 11:15,241.9
22.11. 11:30,241.9
22.11. 11:45,241.9
22.11. 12:00,247.4
22.11. 12:15,247.4
22.11. 12:30,247.4
22.11. 12:45,247.4
22.11. 13:00,247.2
22.11. 13:15,247.2
22.11. 13:30,247.2
22.11. 13:45,247.2
22.11. 14:00,216.5
22.11. 14:15,216.5
22.11. 14:30,216.5
22.11. 14:45,216.5
22.11. 15:00,207.1
22.11. 15:15,207.1
22.11. 15:30,207.1
22.11. 15:45,207.1
22.11. 16:00,201.7
22.11. 16:15,201.7
22.11. 16:30,201.7
22.11. 16:45,201.7
22.11. 17:00,216.4
22.11. 17:15,216.4
22.11. 17:30,216.4
22.11. 17:45,216.4
22.11. 18:00,254.9
22.11. 18:15,254.9
22.11. 18:30,254.9
22.11. 18:45,254.9
22.11. 19:00,299.1
22.11. 19:15,299.1
22.11. 19:30,299.1
22.11. 19:45,299.1
22.11. 20:00,317.8
22.11. 20:15,317.8
22.11. 20:30,317.8
22.11. 20:45,317.8
22.11. 21:00,271.9
22.11. 21:15,271.9
22.11. 21:30,271.9
22.11. 21:45,271.9
22.11. 22:00,230.6
22.11. 22:15,230.6
22.11. 22:30,230.6
22.11. 22:45,230.6
22.11. 23:00,157.6
22.11. 23:15,157.6
22.11. 23:30,157.6
22.11. 23:45,157.6
23.11. 00:00,79.7
23.11. 00:15,79.7
23.11. 00:30,79.7
23.11. 00:45,79.7
23.11. 01:00,76.6
23.11. 01:15,76.6
23.11. 01:30,76.6
23.11. 01:45,76.6
23.11. 02:00,66.4
23.11. 02:15,66.4
23.11. 02:30,66.4
23.11. 02:45,66.4
23.11. 03:00,76.0
23.11. 03:15,76.0
23.11. 03:30,76.0
23.11. 03:45,76.0
23.11. 04:00,84.0
23.11. 04:15,84.0
23.11. 04:30,84.0
23.11. 04:45,84.0
23.11. 05:00,121.4
23.11. 05:15,121.4
23.11. 05:30,121.4
23.11. 05:45,121.4
23.11. 06:00,211.9
23.11. 06:15,211.9
23.11. 06:30,211.9
23.11. 06:45,211.9
23.11. 07:00,263.0
23.11. 07:15,263.0
23.11. 07:30,263.0
23.11. 07:45,263.0
23.11. 08:00,263.3
23.11. 08:15,263.3
23.11. 08:30,263.3
23.11. 08:45,263.3
23.11. 09:00,227.9
23.11. 09:15,227.9
23.11. 09:30,227.9
23.11. 09:45,227.9
23.11. 10:00,238.8
23.11. 10:15,238.8
23.11. 10:30,238.8
23.11. 10:45,238.8
23.11. 11:00,234.6
23.11. 11:15,234.6
23.11. 11:30,234.6
23.11. 11:45,234.6
23.11. 12:00,237.6
23.11. 12:15,237.6
23.11. 12:30,237.6
23.11. 12:45,237.6
23.11. 13:00,223.0
23.11. 13:15,223.0
23.11. 13:30,223.0
23.11. 13:45,223.0
23.11. 14:00,215.6
23.11. 14:15,215.6
23.11. 14:30,215.6
23.11. 14:45,215.6
23.11. 15:00,183.0
23.11. 15:15,183.0
23.11. 15:30,183.0
23.11. 15:45,183.0
23.11. 16:00,200.5
23.11. 16:15,200.5
23.11. 16:30,200.5
23.11. 16:45,200.5
23.11. 17:00,222.5
23.11. 17:15,222.5
23.11. 17:30,222.5
23.11. 17:45,222.5
23.11. 18:00,263.3
23.11. 18:15,263.3
23.11. 18:30,263.3
23.11. 18:45,263.3
23.11. 19:00,302.7
23.11. 19:15,302.7
23.11. 19:30,302.7
23.11. 19:45,302.7
23.11. 20:00,315.5
23.11. 20:15,315.5
23.11. 20:30,315.5
23.11. 20:45,315.5
23.11. 21:00,292.6
23.11. 21:15,292.6
23.11. 21:30,292.6
23.11. 21:45,292.6
23.11. 22:00,237.8
23.11. 22:15,237.8
23.11. 22:30,237.8
23.11. 22:45,237.8
23.11. 23:00,156.8
23.11. 23:15,156.8
23.11. 23:30,156.8
23.11. 23:45,156.8
24.11. 00:00,108.6
24.11. 00:15,108.6
24.11. 00:30,108.6
24.11. 00:45,108.6
24.11. 01:00,88.1
24.11. 01:15,88.1
24.11. 01:30,88.1
24.11. 01:45,88.1
24.11. 02:00,82.0
24.11. 02:15,82.0
24.11. 02:30,82.0
24.11. 02:45,82.0
24.11. 03:00,76.5
24.11. 03:15,76.5
24.11. 03:30,76.5
24.11. 03:45,76.5
24.11. 04:00,77.4
24.11. 04:15,77.4
24.11. 04:30,77.4
24.11. 04:45,77.4
24.11. 05:00,92.4
24.11. 05:15,92.4
24.11. 05:30,92.4
24.11. 05:45,92.4
24.11. 06:00,123.0
24.11. 06:15,123.0
24.11. 06:30,123.0
24.11. 06:45,123.0
24.11. 07:00,158.6
24.11. 07:15,158.6
24.11. 07:30,158.6
24.11. 07:45,158.6
24.11. 08:00,240.4
24.11. 08:15,240.4
24.11. 08:30,240.4
24.11. 08:45,240.4
24.11. 09:00,267.6
24.11. 09:15,267.6
24.11. 09:30,267.6
24.11. 09:45,267.6
24.11. 10:00,301.7
24.11. 10:15,301.7
24.11. 10:30,301.7
24.11. 10:45,301.7
24.11. 11:00,309.1
24.11. 11:15,309.1
24.11. 11:30,309.1
24.11. 11:45,309.1
24.11. 12:00,279.7
24.11. 12:15,279.7
24.11. 12:30,279.7
24.11. 12:45,279.7
24.11. 13:00,272.1
24.11. 13:15,272.1
24.11. 13:30,272.1
24.11. 13:45,272.1
24.11. 14:00,258.6
24.11. 14:15,258.6
24.11. 14:30,258.6
24.11. 14:45,258.6
24.11. 15:00,234.3
24.11. 15:15,234.3
24.11. 15:30,234.3
24.11. 15:45,234.3
24.11. 16:00,232.9
24.11. 16:15,232.9
24.11. 16:30,232.9
24.11. 16:45,232.9
24.11. 17:00,264.7
24.11. 17:15,264.7
24.11. 17:30,264.7
24.11. 17:45,264.7
24.11. 18:00,273.3
24.11. 18:15,273.3
24.11. 18:30,273.3
24.11. 18:45,273.3
24.11. 19:00,321.4
24.11. 19:15,321.4
24.11. 19:30,321.4
24.11. 19:45,321.4
24.11. 20:00,298.5
24.11. 20:15,298.5
24.11. 20:30,298.5
24.11. 20:45,298.5
24.11. 21:00,243.6
24.11. 21:15,243.6
24.11. 21:30,243.6
24.11. 21:45,243.6
24.11. 22:00,199.6
24.11. 22:15,199.6
24.11. 22:30,199.6
24.11. 22:45,199.6
24.11. 23:00,138.5
24.11. 23:15,138.5
24.11. 23:30,138.5
24.11. 23:45,138.5
25.11. 00:00,101.4
25.11. 00:15,101.4
25.11. 00:30,101.4
25.11. 00:45,101.4
25.11. 01:00,97.5
25.11. 01:15,97.5
25.11. 01:30,97.5
25.11. 01:45,97.5
25.11. 02:00,77.2
25.11. 02:15,77.2
25.11. 02:30,77.2
25.11. 02:45,77.2
25.11. 03:00,74.6
25.11. 03:15,74.6
25.11. 03:30,74.6
25.11. 03:45,74.6
25.11. 04:00,81.4
25.11. 04:15,81.4
25.11. 04:30,81.4
25.11. 04:45,81.4
25.11. 05:00,92.8
25.11. 05:15,92.8
25.11. 05:30,92.8
25.11. 05:45,92.8
25.11. 06:00,104.7
25.11. 06:15,104.7
25.11. 06:30,104.7
25.11. 06:45,104.7
25.11. 07:00,116.8
25.11. 07:15,116.8
25.11. 07:30,116.8
25.11. 07:45,116.8
25.11. 08:00,154.5
25.11. 08:15,154.5
25.11. 08:30,154.5
25.11. 08:45,154.5
25.11. 09:00,241.9
25.11. 09:15,241.9
25.11. 09:30,241.9
25.11. 09:45,241.9
25.11. 10:00,278.0
25.11. 10:15,278.0
25.11. 10:30,278.0
25.11. 10:45,278.0
25.11. 11:00,311.4
25.11. 11:15,311.4
25.11. 11:30,311.4
25.11. 11:45,311.4
25.11. 12:00,337.6
25.11. 12:15,337.6
25.11. 12:30,337.6
25.11. 12:45,337.6
25.11. 13:00,300.3
25.11. 13:15,300.3
25.11. 13:30,300.3
25.11. 13:45,300.3
25.11. 14:00,249.9
25.11. 14:15,249.9
25.11. 14:30,249.9
25.11. 14:45,249.9
25.11. 15:00,235.2
25.11. 15:15,235.2
25.11. 15:30,235.2
25.11. 15:45,235.2
25.11. 16:00,200.9
25.11. 16:15,200.9
25.11. 16:30,200.9
25.11. 16:45,200.9
25.11. 17:00,197.7
25.11. 17:15,197.7
25.11. 17:30,197.7
25.11. 17:45,197.7
25.11. 18:00,220.9
25.11. 18:15,220.9
25.11. 18:30,220.9
25.11. 18:45,220.9
25.11. 19:00,239.6
25.11. 19:15,239.6
25.11. 19:30,239.6
25.11. 19:45,239.6
25.11. 20:00,287.4
25.11. 20:15,287.4
25.11. 20:30,287.4
25.11. 20:45,287.4
25.11. 21:00,255.4
25.11. 21:15,255.4
25.11. 21:30,255.4
25.11. 21:45,255.4
25.11. 22:00,221.8
25.11. 22:15,221.8
25.11. 22:30,221.8
25.11. 22:45,221.8
25.11. 23:00,154.5
25.11. 23:15,154.5
25.11. 23:30,154.5
25.11. 23:45,154.5
26.11. 00:00,107.8
26.11. 00:15,107.8
26.11. 00:30,107.8
26.11. 00:45,107.8
26.11. 01:00,97.7
26.11. 01:15,97.7
26.11. 01:30,97.7
26.11. 01:45,97.7
26.11. 02:00,83.3
26.11. 02:15,83.3
26.11. 02:30,83.3
26.11. 02:45,83.3
26.11. 03:00,86.7
26.11. 03:15,86.7
26.11. 03:30,86.7
26.11. 03:45,86.7
26.11. 04:00,93.1
26.11. 04:15,93.1
26.11. 04:30,93.1
26.11. 04:45,93.1
26.11. 05:00,136.5
26.11. 05:15,136.5
26.11. 05:30,136.5
26.11. 05:45,136.5
26.11. 06:00,243.2
26.11. 06:15,243.2
26.11. 06:30,243.2
26.11. 06:45,243.2
26.11. 07:00,289.8
26.11. 07:15,289.8
26.11. 07:30,289.8
26.11. 07:45,289.8
26.11. 08:00,277.0
26.11. 08:15,277.0
26.11. 08:30,277.0
26.11. 08:45,277.0
26.11. 09:00,264.2
26.11. 09:15,264.2
26.11. 09:30,264.2
26.11. 09:45,264.2
26.11. 10:00,225.2
26.11. 10:15,225.2
26.11. 10:30,225.2
26.11. 10:45,225.2
26.11. 11:00,246.3
26.11. 11:15,246.3
26.11. 11:30,246.3
26.11. 11:45,246.3
26.11. 12:00,260.5
26.11. 12:15,260.5
26.11. 12:30,260.5
26.11. 12:45,260.5
26.11. 13:00,234.6
26.11. 13:15,234.6
26.11. 13:30,234.6
26.11. 13:45,234.6
26.11. 14:00,220.9
26.11. 14:15,220.9
26.11. 14:30,220.9
26.11. 14:45,220.9
26.11. 15:00,205.2
26.11. 15:15,205.2
26.11. 15:30,205.2
26.11. 15:45,205.2
26.11. 16:00,210.5
26.11. 16:15,210.5
26.11. 16:30,210.5
26.11. 16:45,210.5
26.11. 17:00,226.2
26.11. 17:15,226.2
26.11. 17:30,226.2
26.11. 17:45,226.2
26.11. 18:00,267.8
26.11. 18:15,267.8
26.11. 18:30,267.8
26.11. 18:45,267.8
26.11. 19:00,309.2
26.11. 19:15,309.2
26.11. 19:30,309.2
26.11. 19:45,309.2
26.11. 20:00,325.9
26.11. 20:15,325.9
26.11. 20:30,325.9
26.11. 20:45,325.9
26.11. 21:00,311.6
26.11. 21:15,311.6
26.11. 21:30,311.6
26.11. 21:45,311.6
26.11. 22:00,244.5
26.11. 22:15,244.5
26.11. 22:30,244.5
26.11. 22:45,244.5
26.11. 23:00,173.0
26.11. 23:15,173.0
26.11. 23:30,173.0
26.11. 23:45,173.0
27.11. 00:00,99.8
27.11. 00:15,99.8
27.11. 00:30,99.8
27.11. 00:45,99.8
27.11. 01:00,83.3
27.11. 01:15,83.3
27.11. 01:30,83.3
27.11. 01:45,83.3
27.11. 02:00,82.4
27.11. 02:15,82.4
27.11. 02:30,82.4
27.11. 02:45,82.4
27.11. 03:00,85.0
27.11. 03:15,85.0
27.11. 03:30,85.0
27.11. 03:45,85.0
27.11. 04:00,91.7
27.11. 04:15,91.7
27.11. 04:30,91.7
27.11. 04:45,91.7
27.11. 05:00,128.4
27.11. 05:15,128.4
27.11. 05:30,128.4
27.11. 05:45,128.4
27.11. 06:00,242.5
27.11. 06:15,242.5
27.11. 06:30,242.5
27.11. 06:45,242.5
27.11. 07:00,275.8
27.11. 07:15,275.8
27.11. 07:30,275.8
27.11. 07:45,275.8
27.11. 08:00,257.7
27.11. 08:15,257.7
27.11. 08:30,257.7
27.11. 08:45,257.7
27.11. 09:00,257.2
27.11. 09:15,257.2
27.11. 09:30,257.2
27.11. 09:45,257.2
27.11. 10:00,259.6
27.11. 10:15,259.6
27.11. 10:30,259.6
27.11. 10:45,259.6
27.11. 11:00,230.8
27.11. 11:15,230.8
27.11. 11:30,230.8
27.11. 11:45,230.8
27.11. 12:00,234.5
27.11. 12:15,234.5
27.11. 12:30,234.5
27.11. 12:45,234.5
27.11. 13:00,257.2
27.11. 13:15,257.2
27.11. 13:30,257.2
27.11. 13:45,257.2
27.11. 14:00,214.8
27.11. 14:15,214.8
27.11. 14:30,214.8
27.11. 14:45,214.8
27.11. 15:00,207.2
27.11. 15:15,207.2
27.11. 15:30,207.2
27.11. 15:45,207.2
27.11. 16:00,205.0
27.11. 16:15,205.0
27.11. 16:30,205.0
27.11. 16:45,205.0
27.11. 17:00,220.5
27.11. 17:15,220.5
27.11. 17:30,220.5
27.11. 17:45,220.5
27.11. 18:00,292.8
27.11. 18:15,292.8
27.11. 18:30,292.8
27.11. 18:45,292.8
27.11. 19:00,328.7
27.11. 19:15,328.7
27.11. 19:30,328.7
27.11. 19:45,328.7
27.11. 20:00,288.3
27.11. 20:15,288.3
27.11. 20:30,288.3
27.11. 20:45,288.3
27.11. 21:00,307.3
27.11. 21:15,307.3
27.11. 21:30,307.3
27.11. 21:45,307.3
27.11. 22:00,222.0
27.11. 22:15,222.0
27.11. 22:30,222.0
27.11. 22:45,222.0
27.11. 23:00,173.1
27.11. 23:15,173.1
27.11. 23:30,173.1
27.11. 23:45,173.1
28.11. 00:00,93.3
28.11. 00:15,93.3
28.11. 00:30,93.3
28.11. 00:45,93.3
28.11. 01:00,85.9
28.11. 01:15,85.9
28.11. 01:30,85.9
28.11. 01:45,85.9
28.11. 02:00,72.8
28.11. 02:15,72.8
28.11. 02:30,72.8
28.11. 02:45,72.8
28.11. 03:00,76.4
28.11. 03:15,76.4
28.11. 03:30,76.4
28.11. 03:45,76.4
28.11. 04:00,92.7
28.11. 04:15,92.7
28.11. 04:30,92.7
28.11. 04:45,92.7
28.11. 05:00,133.0
28.11. 05:15,133.0
28.11. 05:30,133.0
28.11. 05:45,133.0
28.11. 06:00,241.3
28.11. 06:15,241.3
28.11. 06:30,241.3
28.11. 06:45,241.3
28.11. 07:00,252.8
28.11. 07:15,252.8
28.11. 07:30,252.8
28.11. 07:45,252.8
28.11. 08:00,283.6
28.11. 08:15,283.6
28.11. 08:30,283.6
28.11. 08:45,283.6
28.11. 09:00,251.4
28.11. 09:15,251.4
28.11. 09:30,251.4
28.11. 09:45,251.4
28.11. 10:00,242.1
28.11. 10:15,242.1
28.11. 10:30,242.1
28.11. 10:45,242.1
28.11. 11:00,251.8
28.11. 11:15,251.8
28.11. 11:30,251.8
28.11. 11:45,251.8
28.11. 12:00,239.0
28.11. 12:15,239.0
28.11. 12:30,239.0
28.11. 12:45,239.0
28.11. 13:00,255.6
28.11. 13:15,255.6
28.11. 13:30,255.6
28.11. 13:45,255.6
28.11. 14:00,216.3
28.11. 14:15,216.3
28.11. 14:30,216.3
28.11. 14:45,216.3
28.11. 15:00,196.0
28.11. 15:15,196.0
28.11. 15:30,196.0
28.11. 15:45,196.0
28.11. 16:00,224.6
28.11. 16:15,224.6
28.11. 16:30,224.6
28.11. 16:45,224.6
28.11. 17:00,229.1
28.11. 17:15,229.1
28.11. 17:30,229.1
28.11. 17:45,229.1
28.11. 18:00,264.0
28.11. 18:15,264.0
28.11. 18:30,264.0
28.11. 18:45,264.0
28.11. 19:00,303.9
28.11. 19:15,303.9
28.11. 19:30,303.9
28.11. 19:45,303.9
28.11. 20:00,325.7
28.11. 20:15,325.7
28.11. 20:30,325.7
28.11. 20:45,325.7
28.11. 21:00,313.9
28.11. 21:15,313.9
28.11. 21:30,313.9
28.11. 21:45,313.9
28.11. 22:00,225.1
28.11. 22:15,225.1
28.11. 22:30,225.1
28.11. 22:45,225.1
28.11. 23:00,166.3
28.11. 23:15,166.3
28.11. 23:30,166.3
28.11. 23:45,166.3
29.11. 00:00,82.4
29.11. 00:15,82.4
29.11. 00:30,82.4
29.11. 00:45,82.4
29.11. 01:00,78.2
29.11. 01:15,78.2
29.11. 01:30,78.2
29.11. 01:45,78.2
29.11. 02:00,70.7
29.11. 02:15,70.7
29.11. 02:30,70.7
29.11. 02:45,70.7
29.11. 03:00,69.3
29.11. 03:15,69.3
29.11. 03:30,69.3
29.11. 03:45,69.3
29.11. 04:00,80.3
29.11. 04:15,80.3
29.11. 04:30,80.3
29.11. 04:45,80.3
29.11. 05:00,139.7
29.11. 05:15,139.7
29.11. 05:30,139.7
29.11. 05:45,139.7
29.11. 06:00,241.7
29.11. 06:15,241.7
29.11. 06:30,241.7
29.11. 06:45,241.7
29.11. 07:00,267.1
29.11. 07:15,267.1
29.11. 07:30,267.1
29.11. 07:45,267.1
29.11. 08:00,254.4
29.11. 08:15,254.4
29.11. 08:30,254.4
29.11. 08:45,254.4
29.11. 09:00,251.0
29.11. 09:15,251.0
29.11. 09:30,251.0
29.11. 09:45,251.0
29.11. 10:00,249.2
29.11. 10:15,249.2
29.11. 10:30,249.2
29.11. 10:45,249.2
29.11. 11:00,235.3
29.11. 11:15,235.3
29.11. 11:30,235.3
29.11. 11:45,235.3
29.11. 12:00,258.2
29.11. 12:15,258.2
29.11. 12:30,258.2
29.11. 12:45,258.2
29.11. 13:00,235.9
29.11. 13:15,235.9
29.11. 13:30,235.9
29.11. 13:45,235.9
29.11. 14:00,204.5
29.11. 14:15,204.5
29.11. 14:30,204.5
29.11. 14:45,204.5
29.11. 15:00,203.5
29.11. 15:15,203.5
29.11. 15:30,203.5
29.11. 15:45,203.5
29.11. 16:00,195.9
29.11. 16:15,195.9
29.11. 16:30,195.9
29.11. 16:45,195.9
29.11. 17:00,220.7
29.11. 17:15,220.7
29.11. 17:30,220.7
29.11. 17:45,220.7
29.11. 18:00,273.4
29.11. 18:15,273.4
29.11. 18:30,273.4
29.11. 18:45,273.4
29.11. 19:00,331.1
29.11. 19:15,331.1
29.11. 19:30,331.1
29.11. 19:45,331.1
29.11. 20:00,326.9
29.11. 20:15,326.9
29.11. 20:30,326.9
29.11. 20:45,326.9
29.11. 21:00,304.2
29.11. 21:15,304.2
29.11. 21:30,304.2
29.11. 21:45,304.2
29.11. 22:00,218.9
29.11. 22:15,218.9
29.11. 22:30,218.9
29.11. 22:45,218.9
29.11. 23:00,159.2
29.11. 23:15,159.2
29.11. 23:30,159.2
29.11. 23:45,159.2
30.11. 00:00,94.4
30.11. 00:15,94.4
30.11. 00:30,94.4
30.11. 00:45,94.4
30.11. 01:00,84.4
30.11. 01:15,84.4
30.11. 01:30,84.4
30.11. 01:45,84.4
30.11. 02:00,78.6
30.11. 02:15,78.6
30.11. 02:30,78.6
30.11. 02:45,78.6
30.11. 03:00,77.4
30.11. 03:15,77.4
30.11. 03:30,77.4
30.11. 03:45,77.4
30.11. 04:00,88.9
30.11. 04:15,88.9
30.11. 04:30,88.9
30.11. 04:45,88.9
30.11. 05:00,133.9
30.11. 05:15,133.9
30.11. 05:30,133.9
30.11. 05:45,133.9
30.11. 06:00,224.0
30.11. 06:15,224.0
30.11. 06:30,224.0
30.11. 06:45,224.0
30.11. 07:00,271.1
30.11. 07:15,271.1
30.11. 07:30,271.1
30.11. 07:45,271.1
30.11. 08:00,275.0
30.11. 08:15,275.0
30.11. 08:30,275.0
30.11. 08:45,275.0
30.11. 09:00,261.9
30.11. 09:15,261.9
30.11. 09:30,261.9
30.11. 09:45,261.9
30.11. 10:00,255.8
30.11. 10:15,255.8
30.11. 10:30,255.8
30.11. 10:45,255.8
30.11. 11:00,260.3
30.11. 11:15,260.3
30.11. 11:30,260.3
30.11. 11:45,260.3
30.11. 12:00,261.3
30.11. 12:15,261.3
30.11. 12:30,261.3
30.11. 12:45,261.3
30.11. 13:00,242.9
30.11. 13:15,242.9
30.11. 13:30,242.9
30.11. 13:45,242.9
30.11. 14:00,219.4
30.11. 14:15,219.4
30.11. 14:30,219.4
30.11. 14:45,219.4
30.11. 15:00,222.3
30.11. 15:15,222.3
30.11. 15:30,222.3
30.11. 15:45,222.3
30.11. 16:00,217.0
30.11. 16:15,217.0
30.11. 16:30,217.0
30.11. 16:45,217.0
30.11. 17:00,218.8
30.11. 17:15,218.8
30.11. 17:30,218.8
30.11. 17:45,218.8
30.11. 18:00,293.6
30.11. 18:15,293.6
30.11. 18:30,293.6
30.11. 18:45,293.6
30.11. 19:00,315.5
30.11. 19:15,315.5
30.11. 19:30,315.5
30.11. 19:45,315.5
30.11. 20:00,328.3
30.11. 20:15,328.3
30.11. 20:30,328.3
30.11. 20:45,328.3
30.11. 21:00,314.1
30.11. 21:15,314.1
30.11. 21:30,314.1
30.11. 21:45,314.1
30.11. 22:00,220.9
30.11. 22:15,220.9
30.11. 22:30,220.9
30.11. 22:45,220.9
30.11. 23:00,181.9
30.11. 23:15,181.9
30.11. 23:30,181.9
30.11. 23:45,181.9
01.12. 00:00,108.2
01.12. 00:15,108.2
01.12. 00:30,108.2
01.12. 00:45,108.2
01.12. 01:00,98.2
01.12. 01:15,98.2
01.12. 01:30,98.2
01.12. 01:45,98.2
01.12. 02:00,93.2
01.12. 02:15,93.2
01.12. 02:30,93.2
01.12. 02:45,93.2
01.12. 03:00,86.9
01.12. 03:15,86.9
01.12. 03:30,86.9
01.12. 03:45,86.9
01.12. 04:00,89.5
01.12. 04:15,89.5
01.12. 04:30,89.5
01.12. 04:45,89.5
01.12. 05:00,113.4
01.12. 05:15,113.4
01.12. 05:30,113.4
01.12. 05:45,113.4
01.12. 06:00,143.0
01.12. 06:15,143.0
01.12. 06:30,143.0
01.12. 06:45,143.0
01.12. 07:00,191.2
01.12. 07:15,191.2
01.12. 07:30,191.2
01.12. 07:45,191.2
01.12. 08:00,244.6
01.12. 08:15,244.6
01.12. 08:30,244.6
01.12. 08:45,244.6
01.12. 09:00,292.3
01.12. 09:15,292.3
01.12. 09:30,292.3
01.12. 09:45,292.3
01.12. 10:00,305.9
01.12. 10:15,305.9
01.12. 10:30,305.9
01.12. 10:45,305.9
01.12. 11:00,349.1
01.12. 11:15,349.1
01.12. 11:30,349.1
01.12. 11:45,349.1
01.12. 12:00,334.5
01.12. 12:15,334.5
01.12. 12:30,334.5
01.12. 12:45,334.5
01.12. 13:00,318.1
01.12. 13:15,318.1
01.12. 13:30,318.1
01.12. 13:45,318.1
01.12. 14:00,292.3
01.12. 14:15,292.3
01.12. 14:30,292.3
01.12. 14:45,292.3
01.12. 15:00,276.2
01.12. 15:15,276.2
01.12. 15:30,276.2
01.12. 15:45,276.2
01.12. 16:00,275.8
01.12. 16:15,275.8
01.12. 16:30,275.8
01.12. 16:45,275.8
01.12. 17:00,322.0
01.12. 17:15,322.0
01.12. 17:30,322.0
01.12. 17:45,322.0
01.12. 18:00,337.6
01.12. 18:15,337.6
01.12. 18:30,337.6
01.12. 18:45,337.6
01.12. 19:00,351.4
01.12. 19:15,351.4
01.12. 19:30,351.4
01.12. 19:45,351.4
01.12. 20:00,371.0
01.12. 20:15,371.0
01.12. 20:30,371.0
01.12. 20:45,371.0
01.12. 21:00,281.8
01.12. 21:15,281.8
01.12. 21:30,281.8
01.12. 21:45,281.8
01.12. 22:00,202.1
01.12. 22:15,202.1
01.12. 22:30,202.1
01.12. 22:45,202.1
01.12. 23:00,164.1
01.12. 23:15,164.1
01.12. 23:30,164.1
01.12. 23:45,164.1
02.12. 00:00,128.1
02.12. 00:15,128.1
02.12. 00:30,128.1
02.12. 00:45,128.1
02.12. 01:00,106.9
02.12. 01:15,106.9
02.12. 01:30,106.9
02.12. 01:45,106.9
02.12. 02:00,108.4
02.12. 02:15,108.4
02.12. 02:30,108.4
02.12. 02:45,108.4
02.12. 03:00,101.9
02.12. 03:15,101.9
02.12. 03:30,101.9
02.12. 03:45,101.9
02.12. 04:00,99.3
02.12. 04:15,99.3
02.12. 04:30,99.3
02.12. 04:45,99.3
02.12. 05:00,120.8
02.12. 05:15,120.8
02.12. 05:30,120.8
02.12. 05:45,120.8
02.12. 06:00,142.3
02.12. 06:15,142.3
02.12. 06:30,142.3
02.12. 06:45,142.3
02.12. 07:00,165.8
02.12. 07:15,165.8
02.12. 07:30,165.8
02.12. 07:45,165.8
02.12. 08:00,169.5
02.12. 08:15,169.5
02.12. 08:30,169.5
02.12. 08:45,169.5
02.12. 09:00,273.1
02.12. 09:15,273.1
02.12. 09:30,273.1
02.12. 09:45,273.1
02.12. 10:00,318.3
02.12. 10:15,318.3
02.12. 10:30,318.3
02.12. 10:45,318.3
02.12. 11:00,367.4
02.12. 11:15,367.4
02.12. 11:30,367.4
02.12. 11:45,367.4
02.12. 12:00,365.7
02.12. 12:15,365.7
02.12. 12:30,365.7
02.12. 12:45,365.7
02.12. 13:00,358.5
02.12. 13:15,358.5
02.12. 13:30,358.5
02.12. 13:45,358.5
02.12. 14:00,284.7
02.12. 14:15,284.7
02.12. 14:30,284.7
02.12. 14:45,284.7
02.12. 15:00,276.5
02.12. 15:15,276.5
02.12. 15:30,276.5
02.12. 15:45,276.5
02.12. 16:00,251.6
02.12. 16:15,251.6
02.12. 16:30,251.6
02.12. 16:45,251.6
02.12. 17:00,262.4
02.12. 17:15,262.4
02.12. 17:30,262.4
02.12. 17:45,262.4
02.12. 18:00,282.8
02.12. 18:15,282.8
02.12. 18:30,282.8
02.12. 18:45,282.8
02.12. 19:00,283.8
02.12. 19:15,283.8
02.12. 19:30,283.8
02.12. 19:45,283.8
02.12. 20:00,339.7
02.12. 20:15,339.7
02.12. 20:30,339.7
02.12. 20:45,339.7
02.12. 21:00,320.1
02.12. 21:15,320.1
02.12. 21:30,320.1
02.12. 21:45,320.1
02.12. 22:00,243.0
02.12. 22:15,243.0
02.12. 22:30,243.0
02.12. 22:45,243.0
02.12. 23:00,169.3
02.12. 23:15,169.3
02.12. 23:30,169.3
02.12. 23:45,169.3
03.12. 00:00,113.6
03.12. 00:15,113.6
03.12. 00:30,113.6
03.12. 00:45,113.6
03.12. 01:00,105.3
03.12. 01:15,105.3
03.12. 01:30,105.3
03.12. 01:45,105.3
03.12. 02:00,92.5
03.12. 02:15,92.5
03.12. 02:30,92.5
03.12. 02:45,92.5
03.12. 03:00,95.2
03.12. 03:15,95.2
03.12. 03:30,95.2
03.12. 03:45,95.2
03.12. 04:00,115.7
03.12. 04:15,115.7
03.12. 04:30,115.7
03.12. 04:45,115.7
03.12. 05:00,162.4
03.12. 05:15,162.4
03.12. 05:30,162.4
03.12. 05:45,162.4
03.12. 06:00,289.9
03.12. 06:15,289.9
03.12. 06:30,289.9
03.12. 06:45,289.9
03.12. 07:00,328.3
03.12. 07:15,328.3
03.12. 07:30,328.3
03.12. 07:45,328.3
03.12. 08:00,327.2
03.12. 08:15,327.2
03.12. 08:30,327.2
03.12. 08:45,327.2
03.12. 09:00,275.4
03.12. 09:15,275.4
03.12. 09:30,275.4
03.12. 09:45,275.4
03.12. 10:00,290.0
03.12. 10:15,290.0
03.12. 10:30,290.0
03.12. 10:45,290.0
03.12. 11:00,274.2
03.12. 11:15,274.2
03.12. 11:30,274.2
03.12. 11:45,274.2
03.12. 12:00,279.3
03.12. 12:15,279.3
03.12. 12:30,279.3
03.12. 12:45,279.3
03.12. 13:00,277.0
03.12. 13:15,277.0
03.12. 13:30,277.0
03.12. 13:45,277.0
03.12. 14:00,263.7
03.12. 14:15,263.7
03.12. 14:30,263.7
03.12. 14:45,263.7
03.12. 15:00,248.7
03.12. 15:15,248.7
03.12. 15:30,248.7
03.12. 15:45,248.7
03.12. 16:00,241.6
03.12. 16:15,241.6
03.12. 16:30,241.6
03.12. 16:45,241.6
03.12. 17:00,269.8
03.12. 17:15,269.8
03.12. 17:30,269.8
03.12. 17:45,269.8
03.12. 18:00,319.9
03.12. 18:15,319.9
03.12. 18:30,319.9
03.12. 18:45,319.9
03.12. 19:00,353.7
03.12. 19:15,353.7
03.12. 19:30,353.7
03.12. 19:45,353.7
03.12. 20:00,391.4
03.12. 20:15,391.4
03.12. 20:30,391.4
03.12. 20:45,391.4
03.12. 21:00,353.1
03.12. 21:15,353.1
03.12. 21:30,353.1
03.12. 21:45,353.1
03.12. 22:00,249.2
03.12. 22:15,249.2
03.12. 22:30,249.2
03.12. 22:45,249.2
03.12. 23:00,205.5
03.12. 23:15,205.5
03.12. 23:30,205.5
03.12. 23:45,205.5
04.12. 00:00,109.9
04.12. 00:15,109.9
04.12. 00:30,109.9
04.12. 00:45,109.9
04.12. 01:00,103.5
04.12. 01:15,103.5
04.12. 01:30,103.5
04.12. 01:45,103.5
04.12. 02:00,99.7
04.12. 02:15,99.7
04.12. 02:30,99.7
04.12. 02:45,99.7
04.12. 03:00,99.3
04.12. 03:15,99.3
04.12. 03:30,99.3
04.12. 03:45,99.3
04.12. 04:00,118.3
04.12. 04:15,118.3
04.12. 04:30,118.3
04.12. 04:45,118.3
04.12. 05:00,188.4
04.12. 05:15,188.4
04.12. 05:30,188.4
04.12. 05:45,188.4
04.12. 06:00,289.9
04.12. 06:15,289.9
04.12. 06:30,289.9
04.12. 06:45,289.9
04.12. 07:00,333.5
04.12. 07:15,333.5
04.12. 07:30,333.5
04.12. 07:45,333.5
04.12. 08:00,321.5
04.12. 08:15,321.5
04.12. 08:30,321.5
04.12. 08:45,321.5
04.12. 09:00,300.6
04.12. 09:15,300.6
04.12. 09:30,300.6
04.12. 09:45,300.6
04.12. 10:00,293.8
04.12. 10:15,293.8
04.12. 10:30,293.8
04.12. 10:45,293.8
04.12. 11:00,284.9
04.12. 11:15,284.9
04.12. 11:30,284.9
04.12. 11:45,284.9
04.12. 12:00,290.6
04.12. 12:15,290.6
04.12. 12:30,290.6
04.12. 12:45,290.6
04.12. 13:00,272.6
04.12. 13:15,272.6
04.12. 13:30,272.6
04.12. 13:45,272.6
04.12. 14:00,258.4
04.12. 14:15,258.4
04.12. 14:30,258.4
04.12. 14:45,258.4
04.12. 15:00,261.6
04.12. 15:15,261.6
04.12. 15:30,261.6
04.12. 15:45,261.6
04.12. 16:00,244.1
04.12. 16:15,244.1
04.12. 16:30,244.1
04.12. 16:45,244.1
04.12. 17:00,281.5
04.12. 17:15,281.5
04.12. 17:30,281.5
04.12. 17:45,281.5
04.12. 18:00,301.2
04.12. 18:15,301.2
04.12. 18:30,301.2
04.12. 18:45,301.2
04.12. 19:00,369.4
04.12. 19:15,369.4
04.12. 19:30,369.4
04.12. 19:45,369.4
04.12. 20:00,365.9
04.12. 20:15,365.9
04.12. 20:30,365.9
04.12. 20:45,365.9
04.12. 21:00,325.7
04.12. 21:15,325.7
04.12. 21:30,325.7
04.12. 21:45,325.7
04.12. 22:00,264.0
04.12. 22:15,264.0
04.12. 22:30,264.0
04.12. 22:45,264.0
04.12. 23:00,182.0
04.12. 23:15,182.0
04.12. 23:30,182.0
04.12. 23:45,182.0
05.12. 00:00,111.8
05.12. 00:15,111.8
05.12. 00:30,111.8
05.12. 00:45,111.8
05.12. 01:00,99.4
05.12. 01:15,99.4
05.12. 01:30,99.4
05.12. 01:45,99.4
05.12. 02:00,94.4
05.12. 02:15,94.4
05.12. 02:30,94.4
05.12. 02:45,94.4
05.12. 03:00,99.6
05.12. 03:15,99.6
05.12. 03:30,99.6
05.12. 03:45,99.6
05.12. 04:00,101.3
05.12. 04:15,101.3
05.12. 04:30,101.3
05.12. 04:45,101.3
05.12. 05:00,176.3
05.12. 05:15,176.3
05.12. 05:30,176.3
05.12. 05:45,176.3
05.12. 06:00,269.2
05.12. 06:15,269.2
05.12. 06:30,269.2
05.12. 06:45,269.2
05.12. 07:00,302.9
05.12. 07:15,302.9
05.12. 07:30,302.9
05.12. 07:45,302.9
05.12. 08:00,321.4
05.12. 08:15,321.4
05.12. 08:30,321.4
05.12. 08:45,321.4
05.12. 09:00,299.3
05.12. 09:15,299.3
05.12. 09:30,299.3
05.12. 09:45,299.3
05.12. 10:00,290.7
05.12. 10:15,290.7
05.12. 10:30,290.7
05.12. 10:45,290.7
05.12. 11:00,295.4
05.12. 11:15,295.4
05.12. 11:30,295.4
05.12. 11:45,295.4
05.12. 12:00,291.3
05.12. 12:15,291.3
05.12. 12:30,291.3
05.12. 12:45,291.3
05.12. 13:00,294.1
05.12. 13:15,294.1
05.12. 13:30,294.1
05.12. 13:45,294.1
05.12. 14:00,251.2
05.12. 14:15,251.2
05.12. 14:30,251.2
05.12. 14:45,251.2
05.12. 15:00,259.6
05.12. 15:15,259.6
05.12. 15:30,259.6
05.12. 15:45,259.6
05.12. 16:00,259.8
05.12. 16:15,259.8
05.12. 16:30,259.8
05.12. 16:45,259.8
05.12. 17:00,283.5
05.12. 17:15,283.5
05.12. 17:30,283.5
05.12. 17:45,283.5
05.12. 18:00,320.6
05.12. 18:15,320.6
05.12. 18:30,320.6
05.12. 18:45,320.6
05.12. 19:00,363.6
05.12. 19:15,363.6
05.12. 19:30,363.6
05.12. 19:45,363.6
05.12. 20:00,389.8
05.12. 20:15,389.8
05.12. 20:30,389.8
05.12. 20:45,389.8
05.12. 21:00,353.7
05.12. 21:15,353.7
05.12. 21:30,353.7
05.12. 21:45,353.7
05.12. 22:00,230.3
05.12. 22:15,230.3
05.12. 22:30,230.3
05.12. 22:45,230.3
05.12. 23:00,197.4
05.12. 23:15,197.4
05.12. 23:30,197.4
05.12. 23:45,197.4
06.12. 00:00,118.7
06.12. 00:15,118.7
06.12. 00:30,118.7
06.12. 00:45,118.7
06.12. 01:00,105.2
06.12. 01:15,105.2
06.12. 01:30,105.2
06.12. 01:45,105.2
06.12. 02:00,89.0
06.12. 02:15,89.0
06.12. 02:30,89.0
06.12. 02:45,89.0
06.12. 03:00,89.1
06.12. 03:15,89.1
06.12. 03:30,89.1
06.12. 03:45,89.1
06.12. 04:00,110.8
06.12. 04:15,110.8
06.12. 04:30,110.8
06.12. 04:45,110.8
06.12. 05:00,173.6
06.12. 05:15,173.6
06.12. 05:30,173.6
06.12. 05:45,173.6
06.12. 06:00,260.1
06.12. 06:15,260.1
06.12. 06:30,260.1
06.12. 06:45,260.1
06.12. 07:00,305.8
06.12. 07:15,305.8
06.12. 07:30,305.8
06.12. 07:45,305.8
06.12. 08:00,301.8
06.12. 08:15,301.8
06.12. 08:30,301.8
06.12. 08:45,301.8
06.12. 09:00,299.9
06.12. 09:15,299.9
06.12. 09:30,299.9
06.12. 09:45,299.9
06.12. 10:00,266.4
06.12. 10:15,266.4
06.12. 10:30,266.4
06.12. 10:45,266.4
06.12. 11:00,243.6
06.12. 11:15,243.6
06.12. 11:30,243.6
06.12. 11:45,243.6
06.12. 12:00,285.2
06.12. 12:15,285.2
06.12. 12:30,285.2
06.12. 12:45,285.2
06.12. 13:00,280.1
06.12. 13:15,280.1
06.12. 13:30,280.1
06.12. 13:45,280.1
06.12. 14:00,263.6
06.12. 14:15,263.6
06.12. 14:30,263.6
06.12. 14:45,263.6
06.12. 15:00,239.9
06.12. 15:15,239.9
06.12. 15:30,239.9
06.12. 15:45,239.9
06.12. 16:00,217.7
06.12. 16:15,217.7
06.12. 16:30,217.7
06.12. 16:45,217.7
06.12. 17:00,270.3
06.12. 17:15,270.3
06.12. 17:30,270.3
06.12. 17:45,270.3
06.12. 18:00,286.7
06.12. 18:15,286.7
06.12. 18:30,286.7
06.12. 18:45,286.7
06.12. 19:00,318.2
06.12. 19:15,318.2
06.12. 19:30,318.2
06.12. 19:45,318.2
06.12. 20:00,359.2
06.12. 20:15,359.2
06.12. 20:30,359.2
06.12. 20:45,359.2
06.12. 21:00,327.1
06.12. 21:15,327.1
06.12. 21:30,327.1
06.12. 21:45,327.1
06.12. 22:00,243.0
06.12. 22:15,243.0
06.12. 22:30,243.0
06.12. 22:45,243.0
06.12. 23:00,176.6
06.12. 23:15,176.6
06.12. 23:30,176.6
06.12. 23:45,176.6
07.12. 00:00,103.0
07.12. 00:15,103.0
07.12. 00:30,103.0
07.12. 00:45,103.0
07.12. 01:00,89.5
07.12. 01:15,89.5
07.12. 01:30,89.5
07.12. 01:45,89.5
07.12. 02:00,85.8
07.12. 02:15,85.8
07.12. 02:30,85.8
07.12. 02:45,85.8
07.12. 03:00,82.2
07.12. 03:15,82.2
07.12. 03:30,82.2
07.12. 03:45,82.2
07.12. 04:00,104.6
07.12. 04:15,104.6
07.12. 04:30,104.6
07.12. 04:45,104.6
07.12. 05:00,156.8
07.12. 05:15,156.8
07.12. 05:30,156.8
07.12. 05:45,156.8
07.12. 06:00,251.5
07.12. 06:15,251.5
07.12. 06:30,251.5
07.12. 06:45,251.5
07.12. 07:00,305.5
07.12. 07:15,305.5
07.12. 07:30,305.5
07.12. 07:45,305.5
07.12. 08:00,300.9
07.12. 08:15,300.9
07.12. 08:30,300.9
07.12. 08:45,300.9
07.12. 09:00,284.8
07.12. 09:15,284.8
07.12. 09:30,284.8
07.12. 09:45,284.8
07.12. 10:00,244.6
07.12. 10:15,244.6
07.12. 10:30,244.6
07.12. 10:45,244.6
07.12. 11:00,251.8
07.12. 11:15,251.8
07.12. 11:30,251.8
07.12. 11:45,251.8
07.12. 12:00,253.4
07.12. 12:15,253.4
07.12. 12:30,253.4
07.12. 12:45,253.4
07.12. 13:00,253.6
07.12. 13:15,253.6
07.12. 13:30,253.6
07.12. 13:45,253.6
07.12. 14:00,232.4
07.12. 14:15,232.4
07.12. 14:30,232.4
07.12. 14:45,232.4
07.12. 15:00,232.3
07.12. 15:15,232.3
07.12. 15:30,232.3
07.12. 15:45,232.3
07.12. 16:00,209.7
07.12. 16:15,209.7
07.12. 16:30,209.7
07.12. 16:45,209.7
07.12. 17:00,243.2
07.12. 17:15,243.2
07.12. 17:30,243.2
07.12. 17:45,243.2
07.12. 18:00,312.4
07.12. 18:15,312.4
07.12. 18:30,312.4
07.12. 18:45,312.4
07.12. 19:00,366.5
07.12. 19:15,366.5
07.12. 19:30,366.5
07.12. 19:45,366.5
07.12. 20:00,346.1
07.12. 20:15,346.1
07.12. 20:30,346.1
07.12. 20:45,346.1
07.12. 21:00,312.5
07.12. 21:15,312.5
07.12. 21:30,312.5
07.12. 21:45,312.5
07.12. 22:00,258.2
07.12. 22:15,258.2
07.12. 22:30,258.2
07.12. 22:45,258.2
07.12. 23:00,171.2
07.12. 23:15,171.2
07.12. 23:30,171.2
07.12. 23:45,171.2
08.12. 00:00,124.9
08.12. 00:15,124.9
08.12. 00:30,124.9
08.12. 00:45,124.9
08.12. 01:00,109.4
08.12. 01:15,109.4
08.12. 01:30,109.4
08.12. 01:45,109.4
08.12. 02:00,98.9
08.12. 02:15,98.9
08.12. 02:30,98.9
08.12. 02:45,98.9
08.12. 03:00,83.5
08.12. 03:15,83.5
08.12. 03:30,83.5
08.12. 03:45,83.5
08.12. 04:00,95.0
08.12. 04:15,95.0
08.12. 04:30,95.0
08.12. 04:45,95.0
08.12. 05:00,122.0
08.12. 05:15,122.0
08.12. 05:30,122.0
08.12. 05:45,122.0
08.12. 06:00,148.8
08.12. 06:15,148.8
08.12. 06:30,148.8
08.12. 06:45,148.8
08.12. 07:00,216.0
08.12. 07:15,216.0
08.12. 07:30,216.0
08.12. 07:45,216.0
08.12. 08:00,271.8
08.12. 08:15,271.8
08.12. 08:30,271.8
08.12. 08:45,271.8
08.12. 09:00,318.7
08.12. 09:15,318.7
08.12. 09:30,318.7
08.12. 09:45,318.7
08.12. 10:00,347.6
08.12. 10:15,347.6
08.12. 10:30,347.6
08.12. 10:45,347.6
08.12. 11:00,352.2
08.12. 11:15,352.2
08.12. 11:30,352.2
08.12. 11:45,352.2
08.12. 12:00,370.9
08.12. 12:15,370.9
08.12. 12:30,370.9
08.12. 12:45,370.9
08.12. 13:00,320.2
08.12. 13:15,320.2
08.12. 13:30,320.2
08.12. 13:45,320.2
08.12. 14:00,299.7
08.12. 14:15,299.7
08.12. 14:30,299.7
08.12. 14:45,299.7
08.12. 15:00,304.0
08.12. 15:15,304.0
08.12. 15:30,304.0
08.12. 15:45,304.0
08.12. 16:00,277.0
08.12. 16:15,277.0
08.12. 16:30,277.0
08.12. 16:45,277.0
08.12. 17:00,301.6
08.12. 17:15,301.6
08.12. 17:30,301.6
08.12. 17:45,301.6
08.12. 18:00,348.0
08.12. 18:15,348.0
08.12. 18:30,348.0
08.12. 18:45,348.0
08.12. 19:00,358.2
08.12. 19:15,358.2
08.12. 19:30,358.2
08.12. 19:45,358.2
08.12. 20:00,369.6
08.12. 20:15,369.6
08.12. 20:30,369.6
08.12. 20:45,369.6
08.12. 21:00,299.8
08.12. 21:15,299.8
08.12. 21:30,299.8
08.12. 21:45,299.8
08.12. 22:00,218.3
08.12. 22:15,218.3
08.12. 22:30,218.3
08.12. 22:45,218.3
08.12. 23:00,171.9
08.12. 23:15,171.9
08.12. 23:30,171.9
08.12. 23:45,171.9
09.12. 00:00,135.0
09.12. 00:15,135.0
09.12. 00:30,135.0
09.12. 00:45,135.0
09.12. 01:00,117.0
09.12. 01:15,117.0
09.12. 01:30,117.0
09.12. 01:45,117.0
09.12. 02:00,102.5
09.12. 02:15,102.5
09.12. 02:30,102.5
09.12. 02:45,102.5
09.12. 03:00,105.2
09.12. 03:15,105.2
09.12. 03:30,105.2
09.12. 03:45,105.2
09.12. 04:00,97.8
09.12. 04:15,97.8
09.12. 04:30,97.8
09.12. 04:45,97.8
09.12. 05:00,128.7
09.12. 05:15,128.7
09.12. 05:30,128.7
09.12. 05:45,128.7
09.12. 06:00,150.1
09.12. 06:15,150.1
09.12. 06:30,150.1
09.12. 06:45,150.1
09.12. 07:00,190.2
09.12. 07:15,190.2
09.12. 07:30,190.2
09.12. 07:45,190.2
09.12. 08:00,214.2
09.12. 08:15,214.2
09.12. 08:30,214.2
09.12. 08:45,214.2
09.12. 09:00,306.0
09.12. 09:15,306.0
09.12. 09:30,306.0
09.12. 09:45,306.0
09.12. 10:00,370.3
09.12. 10:15,370.3
09.12. 10:30,370.3
09.12. 10:45,370.3
09.12. 11:00,376.7
09.12. 11:15,376.7
09.12. 11:30,376.7
09.12. 11:45,376.7
09.12. 12:00,378.4
09.12. 12:15,378.4
09.12. 12:30,378.4
09.12. 12:45,378.4
09.12. 13:00,354.7
09.12. 13:15,354.7
09.12. 13:30,354.7
09.12. 13:45,354.7
09.12. 14:00,338.2
09.12. 14:15,338.2
09.12. 14:30,338.2
09.12. 14:45,338.2
09.12. 15:00,319.2
09.12. 15:15,319.2
09.12. 15:30,319.2
09.12. 15:45,319.2
09.12. 16:00,297.0
09.12. 16:15,297.0
09.12. 16:30,297.0
09.12. 16:45,297.0
09.12. 17:00,284.8
09.12. 17:15,284.8
09.12. 17:30,284.8
09.12. 17:45,284.8
09.12. 18:00,287.8
09.12. 18:15,287.8
09.12. 18:30,287.8
09.12. 18:45,287.8
09.12. 19:00,293.5
09.12. 19:15,293.5
09.12. 19:30,293.5
09.12. 19:45,293.5
09.12. 20:00,351.9
09.12. 20:15,351.9
09.12. 20:30,351.9
09.12. 20:45,351.9
09.12. 21:00,305.8
09.12. 21:15,305.8
09.12. 21:30,305.8
09.12. 21:45,305.8
09.12. 22:00,260.5
09.12. 22:15,260.5
09.12. 22:30,260.5
09.12. 22:45,260.5
09.12. 23:00,181.4
09.12. 23:15,181.4
09.12. 23:30,181.4
09.12. 23:45,181.4
10.12. 00:00,141.6
10.12. 00:15,141.6
10.12. 00:30,141.6
10.12. 00:45,141.6
10.12. 01:00,126.4
10.12. 01:15,126.4
10.12. 01:30,126.4
10.12. 01:45,126.4
10.12. 02:00,124.2
10.12. 02:15,124.2
10.12. 02:30,124.2
10.12. 02:45,124.2
10.12. 03:00,110.5
10.12. 03:15,110.5
10.12. 03:30,110.5
10.12. 03:45,110.5
10.12. 04:00,131.5
10.12. 04:15,131.5
10.12. 04:30,131.5
10.12. 04:45,131.5
10.12. 05:00,201.4
10.12. 05:15,201.4
10.12. 05:30,201.4
10.12. 05:45,201.4
10.12. 06:00,339.6
10.12. 06:15,339.6
10.12. 06:30,339.6
10.12. 06:45,339.6
10.12. 07:00,367.5
10.12. 07:15,367.5
10.12. 07:30,367.5
10.12. 07:45,367.5
10.12. 08:00,351.4
10.12. 08:15,351.4
10.12. 08:30,351.4
10.12. 08:45,351.4
10.12. 09:00,313.2
10.12. 09:15,313.2
10.12. 09:30,313.2
10.12. 09:45,313.2
10.12. 10:00,311.1
10.12. 10:15,311.1
10.12. 10:30,311.1
10.12. 10:45,311.1
10.12. 11:00,282.6
10.12. 11:15,282.6
10.12. 11:30,282.6
10.12. 11:45,282.6
10.12. 12:00,302.6
10.12. 12:15,302.6
10.12. 12:30,302.6
10.12. 12:45,302.6
10.12. 13:00,329.3
10.12. 13:15,329.3
10.12. 13:30,329.3
10.12. 13:45,329.3
10.12. 14:00,259.9
10.12. 14:15,259.9
10.12. 14:30,259.9
10.12. 14:45,259.9
10.12. 15:00,273.2
10.12. 15:15,273.2
10.12. 15:30,273.2
10.12. 15:45,273.2
10.12. 16:00,281.1
10.12. 16:15,281.1
10.12. 16:30,281.1
10.12. 16:45,281.1
10.12. 17:00,298.0
10.12. 17:15,298.0
10.12. 17:30,298.0
10.12. 17:45,298.0
10.12. 18:00,326.5
10.12. 18:15,326.5
10.12. 18:30,326.5
10.12. 18:45,326.5
10.12. 19:00,393.9
10.12. 19:15,393.9
10.12. 19:30,393.9
10.12. 19:45,393.9
10.12. 20:00,383.1
10.12. 20:15,383.1
10.12. 20:30,383.1
10.12. 20:45,383.1
10.12. 21:00,360.6
10.12. 21:15,360.6
10.12. 21:30,360.6
10.12. 21:45,360.6
10.12. 22:00,268.4
10.12. 22:15,268.4
10.12. 22:30,268.4
10.12. 22:45,268.4
10.12. 23:00,216.2
10.12. 23:15,216.2
10.12. 23:30,216.2
10.12. 23:45,216.2
11.12. 00:00,122.4
11.12. 00:15,122.4
11.12. 00:30,122.4
11.12. 00:45,122.4
11.12. 01:00,104.0
11.12. 01:15,104.0
11.12. 01:30,104.0
11.12. 01:45,104.0
11.12. 02:00,101.3
11.12. 02:15,101.3
11.12. 02:30,101.3
11.12. 02:45,101.3
11.12. 03:00,106.2
11.12. 03:15,106.2
11.12. 03:30,106.2
11.12. 03:45,106.2
11.12. 04:00,117.6
11.12. 04:15,117.6
11.12. 04:30,117.6
11.12. 04:45,117.6
11.12. 05:00,175.0
11.12. 05:15,175.0
11.12. 05:30,175.0
11.12. 05:45,175.0
11.12. 06:00,311.8
11.12. 06:15,311.8
11.12. 06:30,311.8
11.12. 06:45,311.8
11.12. 07:00,328.1
11.12. 07:15,328.1
11.12. 07:30,328.1
11.12. 07:45,328.1
11.12. 08:00,321.2
11.12. 08:15,321.2
11.12. 08:30,321.2
11.12. 08:45,321.2
11.12. 09:00,307.9
11.12. 09:15,307.9
11.12. 09:30,307.9
11.12. 09:45,307.9
11.12. 10:00,313.5
11.12. 10:15,313.5
11.12. 10:30,313.5
11.12. 10:45,313.5
11.12. 11:00,288.8
11.12. 11:15,288.8
11.12. 11:30,288.8
11.12. 11:45,288.8
11.12. 12:00,323.3
11.12. 12:15,323.3
11.12. 12:30,323.3
11.12. 12:45,323.3
11.12. 13:00,283.2
11.12. 13:15,283.2
11.12. 13:30,283.2
11.12. 13:45,283.2
11.12. 14:00,275.4
11.12. 14:15,275.4
11.12. 14:30,275.4
11.12. 14:45,275.4
11.12. 15:00,235.8
11.12. 15:15,235.8
11.12. 15:30,235.8
11.12. 15:45,235.8
11.12. 16:00,247.5
11.12. 16:15,247.5
11.12. 16:30,247.5
11.12. 16:45,247.5
11.12. 17:00,288.1
11.12. 17:15,288.1
11.12. 17:30,288.1
11.12. 17:45,288.1
11.12. 18:00,306.8
11.12. 18:15,306.8
11.12. 18:30,306.8
11.12. 18:45,306.8
11.12. 19:00,387.3
11.12. 19:15,387.3
11.12. 19:30,387.3
11.12. 19:45,387.3
11.12. 20:00,395.0
11.12. 20:15,395.0
11.12. 20:30,395.0
11.12. 20:45,395.0
11.12. 21:00,362.5
11.12. 21:15,362.5
11.12. 21:30,362.5
11.12. 21:45,362.5
11.12. 22:00,261.6
11.12. 22:15,261.6
11.12. 22:30,261.6
11.12. 22:45,261.6
11.12. 23:00,201.7
11.12. 23:15,201.7
11.12. 23:30,201.7
11.12. 23:45,201.7
12.12. 00:00,121.3
12.12. 00:15,121.3
12.12. 00:30,121.3
12.12. 00:45,121.3
12.12. 01:00,108.9
12.12. 01:15,108.9
12.12. 01:30,108.9
12.12. 01:45,108.9
12.12. 02:00,108.4
12.12. 02:15,108.4
12.12. 02:30,108.4
12.12. 02:45,108.4
12.12. 03:00,109.5
12.12. 03:15,109.5
12.12. 03:30,109.5
12.12. 03:45,109.5
12.12. 04:00,121.8
12.12. 04:15,121.8
12.12. 04:30,121.8
12.12. 04:45,121.8
12.12. 05:00,196.6
12.12. 05:15,196.6
12.12. 05:30,196.6
12.12. 05:45,196.6
12.12. 06:00,328.6
12.12. 06:15,328.6
12.12. 06:30,328.6
12.12. 06:45,328.6
12.12. 07:00,342.4
12.12. 07:15,342.4
12.12. 07:30,342.4
12.12. 07:45,342.4
12.12. 08:00,343.4
12.12. 08:15,343.4
12.12. 08:30,343.4
12.12. 08:45,343.4
12.12. 09:00,313.6
12.12. 09:15,313.6
12.12. 09:30,313.6
12.12. 09:45,313.6
12.12. 10:00,293.4
12.12. 10:15,293.4
12.12. 10:30,293.4
12.12. 10:45,293.4
12.12. 11:00,300.6
12.12. 11:15,300.6
12.12. 11:30,300.6
12.12. 11:45,300.6
12.12. 12:00,299.5
12.12. 12:15,299.5
12.12. 12:30,299.5
12.12. 12:45,299.5
12.12. 13:00,305.4
12.12. 13:15,305.4
12.12. 13:30,305.4
12.12. 13:45,305.4
12.12. 14:00,261.7
12.12. 14:15,261.7
12.12. 14:30,261.7
12.12. 14:45,261.7
12.12. 15:00,277.8
12.12. 15:15,277.8
12.12. 15:30,277.8
12.12. 15:45,277.8
12.12. 16:00,280.8
12.12. 16:15,280.8
12.12. 16:30,280.8
12.12. 16:45,280.8
12.12. 17:00,297.9
12.12. 17:15,297.9
12.12. 17:30,297.9
12.12. 17:45,297.9
12.12. 18:00,364.4
12.12. 18:15,364.4
12.12. 18:30,364.4
12.12. 18:45,364.4
12.12. 19:00,398.3
12.12. 19:15,398.3
12.12. 19:30,398.3
12.12. 19:45,398.3
12.12. 20:00,410.5
12.12. 20:15,410.5
12.12. 20:30,410.5
12.12. 20:45,410.5
12.12. 21:00,410.7
12.12. 21:15,410.7
12.12. 21:30,410.7
12.12. 21:45,410.7
12.12. 22:00,283.1
12.12. 22:15,283.1
12.12. 22:30,283.1
12.12. 22:45,283.1
12.12. 23:00,197.9
12.12. 23:15,197.9
12.12. 23:30,197.9
12.12. 23:45,197.9
13.12. 00:00,152.0
13.12. 00:15,152.0
13.12. 00:30,152.0
13.12. 00:45,152.0
13.12. 01:00,122.0
13.12. 01:15,122.0
13.12. 01:30,122.0
13.12. 01:45,122.0
13.12. 02:00,125.9
13.12. 02:15,125.9
13.12. 02:30,125.9
13.12. 02:45,125.9
13.12. 03:00,134.4
13.12. 03:15,134.4
13.12. 03:30,134.4
13.12. 03:45,134.4
13.12. 04:00,163.3
13.12. 04:15,163.3
13.12. 04:30,163.3
13.12. 04:45,163.3
13.12. 05:00,212.4
13.12. 05:15,212.4
13.12. 05:30,212.4
13.12. 05:45,212.4
13.12. 06:00,372.7
13.12. 06:15,372.7
13.12. 06:30,372.7
13.12. 06:45,372.7
13.12. 07:00,382.8
13.12. 07:15,382.8
13.12. 07:30,382.8
13.12. 07:45,382.8
13.12. 08:00,382.9
13.12. 08:15,382.9
13.12. 08:30,382.9
13.12. 08:45,382.9
13.12. 09:00,338.0
13.12. 09:15,338.0
13.12. 09:30,338.0
13.12. 09:45,338.0
13.12. 10:00,314.2
13.12. 10:15,314.2
13.12. 10:30,314.2
13.12. 10:45,314.2
13.12. 11:00,302.7
13.12. 11:15,302.7
13.12. 11:30,302.7
13.12. 11:45,302.7
13.12. 12:00,306.2
13.12. 12:15,306.2
13.12. 12:30,306.2
13.12. 12:45,306.2
13.12. 13:00,296.5
13.12. 13:15,296.5
13.12. 13:30,296.5
13.12. 13:45,296.5
13.12. 14:00,299.2
13.12. 14:15,299.2
13.12. 14:30,299.2
13.12. 14:45,299.2
13.12. 15:00,265.5
13.12. 15:15,265.5
13.12. 15:30,265.5
13.12. 15:45,265.5
13.12. 16:00,273.9
13.12. 16:15,273.9
13.12. 16:30,273.9
13.12. 16:45,273.9
13.12. 17:00,313.4
13.12. 17:15,313.4
13.12. 17:30,313.4
13.12. 17:45,313.4
13.12. 18:00,369.4
13.12. 18:15,369.4
13.12. 18:30,369.4
13.12. 18:45,369.4
13.12. 19:00,382.2
13.12. 19:15,382.2
13.12. 19:30,382.2
13.12. 19:45,382.2
13.12. 20:00,391.4
13.12. 20:15,391.4
13.12. 20:30,391.4
13.12. 20:45,391.4
13.12. 21:00,411.5
13.12. 21:15,411.5
13.12. 21:30,411.5
13.12. 21:45,411.5
13.12. 22:00,280.1
13.12. 22:15,280.1
13.12. 22:30,280.1
13.12. 22:45,280.1
13.12. 23:00,219.3
13.12. 23:15,219.3
13.12. 23:30,219.3
13.12. 23:45,219.3
14.12. 00:00,144.9
14.12. 00:15,144.9
14.12. 00:30,144.9
14.12. 00:45,144.9
14.12. 01:00,128.2
14.12. 01:15,128.2
14.12. 01:30,128.2
14.12. 01:45,128.2
14.12. 02:00,133.7
14.12. 02:15,133.7
14.12. 02:30,133.7
14.12. 02:45,133.7
14.12. 03:00,132.1
14.12. 03:15,132.1
14.12. 03:30,132.1
14.12. 03:45,132.1
14.12. 04:00,149.5
14.12. 04:15,149.5
14.12. 04:30,149.5
14.12. 04:45,149.5
14.12. 05:00,221.5
14.12. 05:15,221.5
14.12. 05:30,221.5
14.12. 05:45,221.5
14.12. 06:00,331.4
14.12. 06:15,331.4
14.12. 06:30,331.4
14.12. 06:45,331.4
14.12. 07:00,409.3
14.12. 07:15,409.3
14.12. 07:30,409.3
14.12. 07:45,409.3
14.12. 08:00,358.4
14.12. 08:15,358.4
14.12. 08:30,358.4
14.12. 08:45,358.4
14.12. 09:00,327.3
14.12. 09:15,327.3
14.12. 09:30,327.3
14.12. 09:45,327.3
14.12. 10:00,314.1
14.12. 10:15,314.1
14.12. 10:30,314.1
14.12. 10:45,314.1
14.12. 11:00,336.7
14.12. 11:15,336.7
14.12. 11:30,336.7
14.12. 11:45,336.7
14.12. 12:00,340.6
14.12. 12:15,340.6
14.12. 12:30,340.6
14.12. 12:45,340.6
14.12. 13:00,294.5
14.12. 13:15,294.5
14.12. 13:30,294.5
14.12. 13:45,294.5
14.12. 14:00,274.8
14.12. 14:15,274.8
14.12. 14:30,274.8
14.12. 14:45,274.8
14.12. 15:00,271.4
14.12. 15:15,271.4
14.12. 15:30,271.4
14.12. 15:45,271.4
14.12. 16:00,280.2
14.12. 16:15,280.2
14.12. 16:30,280.2
14.12. 16:45,280.2
14.12. 17:00,318.1
14.12. 17:15,318.1
14.12. 17:30,318.1
14.12. 17:45,318.1
14.12. 18:00,340.3
14.12. 18:15,340.3
14.12. 18:30,340.3
14.12. 18:45,340.3
14.12. 19:00,422.6
14.12. 19:15,422.6
14.12. 19:30,422.6
14.12. 19:45,422.6
14.12. 20:00,452.0
14.12. 20:15,452.0
14.12. 20:30,452.0
14.12. 20:45,452.0
14.12. 21:00,404.8
14.12. 21:15,404.8
14.12. 21:30,404.8
14.12. 21:45,404.8
14.12. 22:00,297.7
14.12. 22:15,297.7
14.12. 22:30,297.7
14.12. 22:45,297.7
14.12. 23:00,249.9
14.12. 23:15,249.9
14.12. 23:30,249.9
14.12. 23:45,249.9
15.12. 00:00,179.4
15.12. 00:15,179.4
15.12. 00:30,179.4
15.12. 00:45,179.4
15.12. 01:00,164.8
15.12. 01:15,164.8
15.12. 01:30,164.8
15.12. 01:45,164.8
15.12. 02:00,140.5
15.12. 02:15,140.5
15.12. 02:30,140.5
15.12. 02:45,140.5
15.12. 03:00,144.0
15.12. 03:15,144.0
15.12. 03:30,144.0
15.12. 03:45,144.0
15.12. 04:00,154.1
15.12. 04:15,154.1
15.12. 04:30,154.1
15.12. 04:45,154.1
15.12. 05:00,203.4
15.12. 05:15,203.4
15.12. 05:30,203.4
15.12. 05:45,203.4
15.12. 06:00,257.1
15.12. 06:15,257.1
15.12. 06:30,257.1
15.12. 06:45,257.1
15.12. 07:00,304.8
15.12. 07:15,304.8
15.12. 07:30,304.8
15.12. 07:45,304.8
15.12. 08:00,316.9
15.12. 08:15,316.9
15.12. 08:30,316.9
15.12. 08:45,316.9
15.12. 09:00,422.2
15.12. 09:15,422.2
15.12. 09:30,422.2
15.12. 09:45,422.2
15.12. 10:00,411.8
15.12. 10:15,411.8
15.12. 10:30,411.8
15.12. 10:45,411.8
15.12. 11:00,409.9
15.12. 11:15,409.9
15.12. 11:30,409.9
15.12. 11:45,409.9
15.12. 12:00,411.7
15.12. 12:15,411.7
15.12. 12:30,411.7
15.12. 12:45,411.7
15.12. 13:00,411.1
15.12. 13:15,411.1
15.12. 13:30,411.1
15.12. 13:45,411.1
15.12. 14:00,339.0
15.12. 14:15,339.0
15.12. 14:30,339.0
15.12. 14:45,339.0
15.12. 15:00,325.6
15.12. 15:15,325.6
15.12. 15:30,325.6
15.12. 15:45,325.6
15.12. 16:00,373.2
15.12. 16:15,373.2
15.12. 16:30,373.2
15.12. 16:45,373.2
15.12. 17:00,418.7
15.12. 17:15,418.7
15.12. 17:30,418.7
15.12. 17:45,418.7
15.12. 18:00,437.5
15.12. 18:15,437.5
15.12. 18:30,437.5
15.12. 18:45,437.5
15.12. 19:00,475.5
15.12. 19:15,475.5
15.12. 19:30,475.5
15.12. 19:45,475.5
15.12. 20:00,454.8
15.12. 20:15,454.8
15.12. 20:30,454.8
15.12. 20:45,454.8
15.12. 21:00,422.6
15.12. 21:15,422.6
15.12. 21:30,422.6
15.12. 21:45,422.6
15.12. 22:00,282.7
15.12. 22:15,282.7
15.12. 22:30,282.7
15.12. 22:45,282.7
15.12. 23:00,205.1
15.12. 23:15,205.1
15.12. 23:30,205.1
15.12. 23:45,205.1
16.12. 00:00,186.4
16.12. 00:15,186.4
16.12. 00:30,186.4
16.12. 00:45,186.4
16.12. 01:00,151.9
16.12. 01:15,151.9
16.12. 01:30,151.9
16.12. 01:45,151.9
16.12. 02:00,150.7
16.12. 02:15,150.7
16.12. 02:30,150.7
16.12. 02:45,150.7
16.12. 03:00,146.9
16.12. 03:15,146.9
16.12. 03:30,146.9
16.12. 03:45,146.9
16.12. 04:00,160.8
16.12. 04:15,160.8
16.12. 04:30,160.8
16.12. 04:45,160.8
16.12. 05:00,196.8
16.12. 05:15,196.8
16.12. 05:30,196.8
16.12. 05:45,196.8
16.12. 06:00,261.6
16.12. 06:15,261.6
16.12. 06:30,261.6
16.12. 06:45,261.6
16.12. 07:00,228.6
16.12. 07:15,228.6
16.12. 07:30,228.6
16.12. 07:45,228.6
16.12. 08:00,278.2
16.12. 08:15,278.2
16.12. 08:30,278.2
16.12. 08:45,278.2
16.12. 09:00,336.6
16.12. 09:15,336.6
16.12. 09:30,336.6
16.12. 09:45,336.6
16.12. 10:00,380.2
16.12. 10:15,380.2
16.12. 10:30,380.2
16.12. 10:45,380.2
16.12. 11:00,431.9
16.12. 11:15,431.9
16.12. 11:30,431.9
16.12. 11:45,431.9
16.12. 12:00,412.0
16.12. 12:15,412.0
16.12. 12:30,412.0
16.12. 12:45,412.0
16.12. 13:00,420.1
16.12. 13:15,420.1
16.12. 13:30,420.1
16.12. 13:45,420.1
16.12. 14:00,353.3
16.12. 14:15,353.3
16.12. 14:30,353.3
16.12. 14:45,353.3
16.12. 15:00,320.3
16.12. 15:15,320.3
16.12. 15:30,320.3
16.12. 15:45,320.3
16.12. 16:00,309.0
16.12. 16:15,309.0
16.12. 16:30,309.0
16.12. 16:45,309.0
16.12. 17:00,307.5
16.12. 17:15,307.5
16.12. 17:30,307.5
16.12. 17:45,307.5
16.12. 18:00,324.2
16.12. 18:15,324.2
16.12. 18:30,324.2
16.12. 18:45,324.2
16.12. 19:00,355.3
16.12. 19:15,355.3
16.12. 19:30,355.3
16.12. 19:45,355.3
16.12. 20:00,391.1
16.12. 20:15,391.1
16.12. 20:30,391.1
16.12. 20:45,391.1
16.12. 21:00,349.4
16.12. 21:15,349.4
16.12. 21:30,349.4
16.12. 21:45,349.4
16.12. 22:00,264.7
16.12. 22:15,264.7
16.12. 22:30,264.7
16.12. 22:45,264.7
16.12. 23:00,182.8
16.12. 23:15,182.8
16.12. 23:30,182.8
16.12. 23:45,182.8
17.12. 00:00,135.5
17.12. 00:15,135.5
17.12. 00:30,135.5
17.12. 00:45,135.5
17.12. 01:00,130.4
17.12. 01:15,130.4
17.12. 01:30,130.4
17.12. 01:45,130.4
17.12. 02:00,120.6
17.12. 02:15,120.6
17.12. 02:30,120.6
17.12. 02:45,120.6
17.12. 03:00,112.4
17.12. 03:15,112.4
17.12. 03:30,112.4
17.12. 03:45,112.4
17.12. 04:00,132.2
17.12. 04:15,132.2
17.12. 04:30,132.2
17.12. 04:45,132.2
17.12. 05:00,199.5
17.12. 05:15,199.5
17.12. 05:30,199.5
17.12. 05:45,199.5
17.12. 06:00,340.2
17.12. 06:15,340.2
17.12. 06:30,340.2
17.12. 06:45,340.2
17.12. 07:00,375.1
17.12. 07:15,375.1
17.12. 07:30,375.1
17.12. 07:45,375.1
17.12. 08:00,376.4
17.12. 08:15,376.4
17.12. 08:30,376.4
17.12. 08:45,376.4
17.12. 09:00,371.2
17.12. 09:15,371.2
17.12. 09:30,371.2
17.12. 09:45,371.2
17.12. 10:00,350.8
17.12. 10:15,350.8
17.12. 10:30,350.8
17.12. 10:45,350.8
17.12. 11:00,353.9
17.12. 11:15,353.9
17.12. 11:30,353.9
17.12. 11:45,353.9
17.12. 12:00,362.7
17.12. 12:15,362.7
17.12. 12:30,362.7
17.12. 12:45,362.7
17.12. 13:00,335.1
17.12. 13:15,335.1
17.12. 13:30,335.1
17.12. 13:45,335.1
17.12. 14:00,302.0
17.12. 14:15,302.0
17.12. 14:30,302.0
17.12. 14:45,302.0
17.12. 15:00,302.6
17.12. 15:15,302.6
17.12. 15:30,302.6
17.12. 15:45,302.6
17.12. 16:00,322.2
17.12. 16:15,322.2
17.12. 16:30,322.2
17.12. 16:45,322.2
17.12. 17:00,336.2
17.12. 17:15,336.2
17.12. 17:30,336.2
17.12. 17:45,336.2
17.12. 18:00,378.4
17.12. 18:15,378.4
17.12. 18:30,378.4
17.12. 18:45,378.4
17.12. 19:00,458.0
17.12. 19:15,458.0
17.12. 19:30,458.0
17.12. 19:45,458.0
17.12. 20:00,421.9
17.12. 20:15,421.9
17.12. 20:30,421.9
17.12. 20:45,421.9
17.12. 21:00,376.2
17.12. 21:15,376.2
17.12. 21:30,376.2
17.12. 21:45,376.2
17.12. 22:00,305.7
17.12. 22:15,305.7
17.12. 22:30,305.7
17.12. 22:45,305.7
17.12. 23:00,218.8
17.12. 23:15,218.8
17.12. 23:30,218.8
17.12. 23:45,218.8
18.12. 00:00,140.5
18.12. 00:15,140.5
18.12. 00:30,140.5
18.12. 00:45,140.5
18.12. 01:00,126.2
18.12. 01:15,126.2
18.12. 01:30,126.2
18.12. 01:45,126.2
18.12. 02:00,118.5
18.12. 02:15,118.5
18.12. 02:30,118.5
18.12. 02:45,118.5
18.12. 03:00,112.9
18.12. 03:15,112.9
18.12. 03:30,112.9
18.12. 03:45,112.9
18.12. 04:00,130.4
18.12. 04:15,130.4
18.12. 04:30,130.4
18.12. 04:45,130.4
18.12. 05:00,201.8
18.12. 05:15,201.8
18.12. 05:30,201.8
18.12. 05:45,201.8
18.12. 06:00,355.3
18.12. 06:15,355.3
18.12. 06:30,355.3
18.12. 06:45,355.3
18.12. 07:00,362.5
18.12. 07:15,362.5
18.12. 07:30,362.5
18.12. 07:45,362.5
18.12. 08:00,339.1
18.12. 08:15,339.1
18.12. 08:30,339.1
18.12. 08:45,339.1
18.12. 09:00,316.0
18.12. 09:15,316.0
18.12. 09:30,316.0
18.12. 09:45,316.0
18.12. 10:00,337.5
18.12. 10:15,337.5
18.12. 10:30,337.5
18.12. 10:45,337.5
18.12. 11:00,306.6
18.12. 11:15,306.6
18.12. 11:30,306.6
18.12. 11:45,306.6
18.12. 12:00,297.3
18.12. 12:15,297.3
18.12. 12:30,297.3
18.12. 12:45,297.3
18.12. 13:00,307.6
18.12. 13:15,307.6
18.12. 13:30,307.6
18.12. 13:45,307.6
18.12. 14:00,274.0
18.12. 14:15,274.0
18.12. 14:30,274.0
18.12. 14:45,274.0
18.12. 15:00,275.9
18.12. 15:15,275.9
18.12. 15:30,275.9
18.12. 15:45,275.9
18.12. 16:00,275.8
18.12. 16:15,275.8
18.12. 16:30,275.8
18.12. 16:45,275.8
18.12. 17:00,296.0
18.12. 17:15,296.0
18.12. 17:30,296.0
18.12. 17:45,296.0
18.12. 18:00,344.3
18.12. 18:15,344.3
18.12. 18:30,344.3
18.12. 18:45,344.3
18.12. 19:00,398.6
18.12. 19:15,398.6
18.12. 19:30,398.6
18.12. 19:45,398.6
18.12. 20:00,369.2
18.12. 20:15,369.2
18.12. 20:30,369.2
18.12. 20:45,369.2
18.12. 21:00,375.6
18.12. 21:15,375.6
18.12. 21:30,375.6
18.12. 21:45,375.6
18.12. 22:00,270.7
18.12. 22:15,270.7
18.12. 22:30,270.7
18.12. 22:45,270.7
18.12. 23:00,199.1
18.12. 23:15,199.1
18.12. 23:30,199.1
18.12. 23:45,199.1
19.12. 00:00,117.9
19.12. 00:15,117.9
19.12. 00:30,117.9
19.12. 00:45,117.9
19.12. 01:00,99.4
19.12. 01:15,99.4
19.12. 01:30,99.4
19.12. 01:45,99.4
19.12. 02:00,98.9
19.12. 02:15,98.9
19.12. 02:30,98.9
19.12. 02:45,98.9
19.12. 03:00,91.3
19.12. 03:15,91.3
19.12. 03:30,91.3
19.12. 03:45,91.3
19.12. 04:00,99.4
19.12. 04:15,99.4
19.12. 04:30,99.4
19.12. 04:45,99.4
19.12. 05:00,168.4
19.12. 05:15,168.4
19.12. 05:30,168.4
19.12. 05:45,168.4
19.12. 06:00,260.0
19.12. 06:15,260.0
19.12. 06:30,260.0
19.12. 06:45,260.0
19.12. 07:00,322.7
19.12. 07:15,322.7
19.12. 07:30,322.7
19.12. 07:45,322.7
19.12. 08:00,265.0
19.12. 08:15,265.0
19.12. 08:30,265.0
19.12. 08:45,265.0
19.12. 09:00,258.4
19.12. 09:15,258.4
19.12. 09:30,258.4
19.12. 09:45,258.4
19.12. 10:00,241.5
19.12. 10:15,241.5
19.12. 10:30,241.5
19.12. 10:45,241.5
19.12. 11:00,273.9
19.12. 11:15,273.9
19.12. 11:30,273.9
19.12. 11:45,273.9
19.12. 12:00,270.3
19.12. 12:15,270.3
19.12. 12:30,270.3
19.12. 12:45,270.3
19.12. 13:00,255.7
19.12. 13:15,255.7
19.12. 13:30,255.7
19.12. 13:45,255.7
19.12. 14:00,226.0
19.12. 14:15,226.0
19.12. 14:30,226.0
19.12. 14:45,226.0
19.12. 15:00,229.9
19.12. 15:15,229.9
19.12. 15:30,229.9
19.12. 15:45,229.9
19.12. 16:00,210.1
19.12. 16:15,210.1
19.12. 16:30,210.1
19.12. 16:45,210.1
19.12. 17:00,227.4
19.12. 17:15,227.4
19.12. 17:30,227.4
19.12. 17:45,227.4
19.12. 18:00,285.4
19.12. 18:15,285.4
19.12. 18:30,285.4
19.12. 18:45,285.4
19.12. 19:00,326.7
19.12. 19:15,326.7
19.12. 19:30,326.7
19.12. 19:45,326.7
19.12. 20:00,320.0
19.12. 20:15,320.0
19.12. 20:30,320.0
19.12. 20:45,320.0
19.12. 21:00,314.1
19.12. 21:15,314.1
19.12. 21:30,314.1
19.12. 21:45,314.1
19.12. 22:00,214.2
19.12. 22:15,214.2
19.12. 22:30,214.2
19.12. 22:45,214.2
19.12. 23:00,165.7
19.12. 23:15,165.7
19.12. 23:30,165.7
19.12. 23:45,165.7
20.12. 00:00,89.6
20.12. 00:15,89.6
20.12. 00:30,89.6
20.12. 00:45,89.6
20.12. 01:00,71.2
20.12. 01:15,71.2
20.12. 01:30,71.2
20.12. 01:45,71.2
20.12. 02:00,69.2
20.12. 02:15,69.2
20.12. 02:30,69.2
20.12. 02:45,69.2
20.12. 03:00,72.2
20.12. 03:15,72.2
20.12. 03:30,72.2
20.12. 03:45,72.2
20.12. 04:00,76.0
20.12. 04:15,76.0
20.12. 04:30,76.0
20.12. 04:45,76.0
20.12. 05:00,118.9
20.12. 05:15,118.9
20.12. 05:30,118.9
20.12. 05:45,118.9
20.12. 06:00,206.6
20.12. 06:15,206.6
20.12. 06:30,206.6
20.12. 06:45,206.6
20.12. 07:00,246.8
20.12. 07:15,246.8
20.12. 07:30,246.8
20.12. 07:45,246.8
20.12. 08:00,241.8
20.12. 08:15,241.8
20.12. 08:30,241.8
20.12. 08:45,241.8
20.12. 09:00,222.8
20.12. 09:15,222.8
20.12. 09:30,222.8
20.12. 09:45,222.8
20.12. 10:00,231.8
20.12. 10:15,231.8
20.12. 10:30,231.8
20.12. 10:45,231.8
20.12. 11:00,220.8
20.12. 11:15,220.8
20.12. 11:30,220.8
20.12. 11:45,220.8
20.12. 12:00,239.1
20.12. 12:15,239.1
20.12. 12:30,239.1
20.12. 12:45,239.1
20.12. 13:00,216.2
20.12. 13:15,216.2
20.12. 13:30,216.2
20.12. 13:45,216.2
20.12. 14:00,201.6
20.12. 14:15,201.6
20.12. 14:30,201.6
20.12. 14:45,201.6
20.12. 15:00,191.0
20.12. 15:15,191.0
20.12. 15:30,191.0
20.12. 15:45,191.0
20.12. 16:00,194.2
20.12. 16:15,194.2
20.12. 16:30,194.2
20.12. 16:45,194.2
20.12. 17:00,201.9
20.12. 17:15,201.9
20.12. 17:30,201.9
20.12. 17:45,201.9
20.12. 18:00,257.2
20.12. 18:15,257.2
20.12. 18:30,257.2
20.12. 18:45,257.2
20.12. 19:00,309.9
20.12. 19:15,309.9
20.12. 19:30,309.9
20.12. 19:45,309.9
20.12. 20:00,285.6
20.12. 20:15,285.6
20.12. 20:30,285.6
20.12. 20:45,285.6
20.12. 21:00,280.0
20.12. 21:15,280.0
20.12. 21:30,280.0
20.12. 21:45,280.0
20.12. 22:00,234.3
20.12. 22:15,234.3
20.12. 22:30,234.3
20.12. 22:45,234.3
20.12. 23:00,155.2
20.12. 23:15,155.2
20.12. 23:30,155.2
20.12. 23:45,155.2
21.12. 00:00,91.3
21.12. 00:15,91.3
21.12. 00:30,91.3
21.12. 00:45,91.3
21.12. 01:00,73.4
21.12. 01:15,73.4
21.12. 01:30,73.4
21.12. 01:45,73.4
21.12. 02:00,68.9
21.12. 02:15,68.9
21.12. 02:30,68.9
21.12. 02:45,68.9
21.12. 03:00,73.9
21.12. 03:15,73.9
21.12. 03:30,73.9
21.12. 03:45,73.9
21.12. 04:00,76.8
21.12. 04:15,76.8
21.12. 04:30,76.8
21.12. 04:45,76.8
21.12. 05:00,114.4
21.12. 05:15,114.4
21.12. 05:30,114.4
21.12. 05:45,114.4
21.12. 06:00,203.9
21.12. 06:15,203.9
21.12. 06:30,203.9
21.12. 06:45,203.9
21.12. 07:00,241.7
21.12. 07:15,241.7
21.12. 07:30,241.7
21.12. 07:45,241.7
21.12. 08:00,272.5
21.12. 08:15,272.5
21.12. 08:30,272.5
21.12. 08:45,272.5
21.12. 09:00,238.1
21.12. 09:15,238.1
21.12. 09:30,238.1
21.12. 09:45,238.1
21.12. 10:00,219.5
21.12. 10:15,219.5
21.12. 10:30,219.5
21.12. 10:45,219.5
21.12. 11:00,239.0
21.12. 11:15,239.0
21.12. 11:30,239.0
21.12. 11:45,239.0
21.12. 12:00,246.3
21.12. 12:15,246.3
21.12. 12:30,246.3
21.12. 12:45,246.3
21.12. 13:00,246.2
21.12. 13:15,246.2
21.12. 13:30,246.2
21.12. 13:45,246.2
21.12. 14:00,239.7
21.12. 14:15,239.7
21.12. 14:30,239.7
21.12. 14:45,239.7
21.12. 15:00,209.5
21.12. 15:15,209.5
21.12. 15:30,209.5
21.12. 15:45,209.5
21.12. 16:00,194.3
21.12. 16:15,194.3
21.12. 16:30,194.3
21.12. 16:45,194.3
21.12. 17:00,220.5
21.12. 17:15,220.5
21.12. 17:30,220.5
21.12. 17:45,220.5
21.12. 18:00,249.3
21.12. 18:15,249.3
21.12. 18:30,249.3
21.12. 18:45,249.3
21.12. 19:00,291.4
21.12. 19:15,291.4
21.12. 19:30,291.4
21.12. 19:45,291.4
21.12. 20:00,319.2
21.12. 20:15,319.2
21.12. 20:30,319.2
21.12. 20:45,319.2
21.12. 21:00,300.3
21.12. 21:15,300.3
21.12. 21:30,300.3
21.12. 21:45,300.3
21.12. 22:00,218.4
21.12. 22:15,218.4
21.12. 22:30,218.4
21.12. 22:45,218.4
21.12. 23:00,159.9
21.12. 23:15,159.9
21.12. 23:30,159.9
21.12. 23:45,159.9
22.12. 00:00,101.2
22.12. 00:15,101.2
22.12. 00:30,101.2
22.12. 00:45,101.2
22.12. 01:00,94.6
22.12. 01:15,94.6
22.12. 01:30,94.6
22.12. 01:45,94.6
22.12. 02:00,79.1
22.12. 02:15,79.1
22.12. 02:30,79.1
22.12. 02:45,79.1
22.12. 03:00,73.2
22.12. 03:15,73.2
22.12. 03:30,73.2
22.12. 03:45,73.2
22.12. 04:00,81.2
22.12. 04:15,81.2
22.12. 04:30,81.2
22.12. 04:45,81.2
22.12. 05:00,96.0
22.12. 05:15,96.0
22.12. 05:30,96.0
22.12. 05:45,96.0
22.12. 06:00,118.5
22.12. 06:15,118.5
22.12. 06:30,118.5
22.12. 06:45,118.5
22.12. 07:00,159.4
22.12. 07:15,159.4
22.12. 07:30,159.4
22.12. 07:45,159.4
22.12. 08:00,210.2
22.12. 08:15,210.2
22.12. 08:30,210.2
22.12. 08:45,210.2
22.12. 09:00,261.5
22.12. 09:15,261.5
22.12. 09:30,261.5
22.12. 09:45,261.5
22.12. 10:00,299.3
22.12. 10:15,299.3
22.12. 10:30,299.3
22.12. 10:45,299.3
22.12. 11:00,323.6
22.12. 11:15,323.6
22.12. 11:30,323.6
22.12. 11:45,323.6
22.12. 12:00,307.6
22.12. 12:15,307.6
22.12. 12:30,307.6
22.12. 12:45,307.6
22.12. 13:00,282.0
22.12. 13:15,282.0
22.12. 13:30,282.0
22.12. 13:45,282.0
22.12. 14:00,266.3
22.12. 14:15,266.3
22.12. 14:30,266.3
22.12. 14:45,266.3
22.12. 15:00,251.9
22.12. 15:15,251.9
22.12. 15:30,251.9
22.12. 15:45,251.9
22.12. 16:00,253.4
22.12. 16:15,253.4
22.12. 16:30,253.4
22.12. 16:45,253.4
22.12. 17:00,266.4
22.12. 17:15,266.4
22.12. 17:30,266.4
22.12. 17:45,266.4
22.12. 18:00,317.7
22.12. 18:15,317.7
22.12. 18:30,317.7
22.12. 18:45,317.7
22.12. 19:00,320.2
22.12. 19:15,320.2
22.12. 19:30,320.2
22.12. 19:45,320.2
22.12. 20:00,308.5
22.12. 20:15,308.5
22.12. 20:30,308.5
22.12. 20:45,308.5
22.12. 21:00,267.2
22.12. 21:15,267.2
22.12. 21:30,267.2
22.12. 21:45,267.2
22.12. 22:00,191.2
22.12. 22:15,191.2
22.12. 22:30,191.2
22.12. 22:45,191.2
22.12. 23:00,145.8
22.12. 23:15,145.8
22.12. 23:30,145.8
22.12. 23:45,145.8
23.12. 00:00,107.9
23.12. 00:15,107.9
23.12. 00:30,107.9
23.12. 00:45,107.9
23.12. 01:00,92.6
23.12. 01:15,92.6
23.12. 01:30,92.6
23.12. 01:45,92.6
23.12. 02:00,76.0
23.12. 02:15,76.0
23.12. 02:30,76.0
23.12. 02:45,76.0
23.12. 03:00,74.3
23.12. 03:15,74.3
23.12. 03:30,74.3
23.12. 03:45,74.3
23.12. 04:00,74.8
23.12. 04:15,74.8
23.12. 04:30,74.8
23.12. 04:45,74.8
23.12. 05:00,84.3
23.12. 05:15,84.3
23.12. 05:30,84.3
23.12. 05:45,84.3
23.12. 06:00,92.5
23.12. 06:15,92.5
23.12. 06:30,92.5
23.12. 06:45,92.5
23.12. 07:00,104.9
23.12. 07:15,104.9
23.12. 07:30,104.9
23.12. 07:45,104.9
23.12. 08:00,140.6
23.12. 08:15,140.6
23.12. 08:30,140.6
23.12. 08:45,140.6
23.12. 09:00,209.6
23.12. 09:15,209.6
23.12. 09:30,209.6
23.12. 09:45,209.6
23.12. 10:00,283.5
23.12. 10:15,283.5
23.12. 10:30,283.5
23.12. 10:45,283.5
23.12. 11:00,338.8
23.12. 11:15,338.8
23.12. 11:30,338.8
23.12. 11:45,338.8
23.12. 12:00,337.8
23.12. 12:15,337.8
23.12. 12:30,337.8
23.12. 12:45,337.8
23.12. 13:00,326.6
23.12. 13:15,326.6
23.12. 13:30,326.6
23.12. 13:45,326.6
23.12. 14:00,281.5
23.12. 14:15,281.5
23.12. 14:30,281.5
23.12. 14:45,281.5
23.12. 15:00,231.4
23.12. 15:15,231.4
23.12. 15:30,231.4
23.12. 15:45,231.4
23.12. 16:00,201.3
23.12. 16:15,201.3
23.12. 16:30,201.3
23.12. 16:45,201.3
23.12. 17:00,214.4
23.12. 17:15,214.4
23.12. 17:30,214.4
23.12. 17:45,214.4
23.12. 18:00,198.0
23.12. 18:15,198.0
23.12. 18:30,198.0
23.12. 18:45,198.0
23.12. 19:00,222.1
23.12. 19:15,222.1
23.12. 19:30,222.1
23.12. 19:45,222.1
23.12. 20:00,231.9
23.12. 20:15,231.9
23.12. 20:30,231.9
23.12. 20:45,231.9
23.12. 21:00,248.5
23.12. 21:15,248.5
23.12. 21:30,248.5
23.12. 21:45,248.5
23.12. 22:00,202.6
23.12. 22:15,202.6
23.12. 22:30,202.6
23.12. 22:45,202.6
23.12. 23:00,144.4
23.12. 23:15,144.4
23.12. 23:30,144.4
23.12. 23:45,144.4
24.12. 00:00,101.9
24.12. 00:15,101.9
24.12. 00:30,101.9
24.12. 00:45,101.9
24.12. 01:00,89.1
24.12. 01:15,89.1
24.12. 01:30,89.1
24.12. 01:45,89.1
24.12. 02:00,84.0
24.12. 02:15,84.0
24.12. 02:30,84.0
24.12. 02:45,84.0
24.12. 03:00,77.8
24.12. 03:15,77.8
24.12. 03:30,77.8
24.12. 03:45,77.8
24.12. 04:00,79.2
24.12. 04:15,79.2
24.12. 04:30,79.2
24.12. 04:45,79.2
24.12. 05:00,79.7
24.12. 05:15,79.7
24.12. 05:30,79.7
24.12. 05:45,79.7
24.12. 06:00,87.9
24.12. 06:15,87.9
24.12. 06:30,87.9
24.12. 06:45,87.9
24.12. 07:00,110.6
24.12. 07:15,110.6
24.12. 07:30,110.6
24.12. 07:45,110.6
24.12. 08:00,151.0
24.12. 08:15,151.0
24.12. 08:30,151.0
24.12. 08:45,151.0
24.12. 09:00,223.9
24.12. 09:15,223.9
24.12. 09:30,223.9
24.12. 09:45,223.9
24.12. 10:00,299.0
24.12. 10:15,299.0
24.12. 10:30,299.0
24.12. 10:45,299.0
24.12. 11:00,341.2
24.12. 11:15,341.2
24.12. 11:30,341.2
24.12. 11:45,341.2
24.12. 12:00,316.8
24.12. 12:15,316.8
24.12. 12:30,316.8
24.12. 12:45,316.8
24.12. 13:00,307.6
24.12. 13:15,307.6
24.12. 13:30,307.6
24.12. 13:45,307.6
24.12. 14:00,263.9
24.12. 14:15,263.9
24.12. 14:30,263.9
24.12. 14:45,263.9
24.12. 15:00,232.9
24.12. 15:15,232.9
24.12. 15:30,232.9
24.12. 15:45,232.9
24.12. 16:00,231.3
24.12. 16:15,231.3
24.12. 16:30,231.3
24.12. 16:45,231.3
24.12. 17:00,225.3
24.12. 17:15,225.3
24.12. 17:30,225.3
24.12. 17:45,225.3
24.12. 18:00,243.8
24.12. 18:15,243.8
24.12. 18:30,243.8
24.12. 18:45,243.8
24.12. 19:00,238.9
24.12. 19:15,238.9
24.12. 19:30,238.9
24.12. 19:45,238.9
24.12. 20:00,280.9
24.12. 20:15,280.9
24.12. 20:30,280.9
24.12. 20:45,280.9
24.12. 21:00,257.0
24.12. 21:15,257.0
24.12. 21:30,257.0
24.12. 21:45,257.0
24.12. 22:00,207.7
24.12. 22:15,207.7
24.12. 22:30,207.7
24.12. 22:45,207.7
24.12. 23:00,147.8
24.12. 23:15,147.8
24.12. 23:30,147.8
24.12. 23:45,147.8
25.12. 00:00,106.3
25.12. 00:15,106.3
25.12. 00:30,106.3
25.12. 00:45,106.3
25.12. 01:00,89.6
25.12. 01:15,89.6
25.12. 01:30,89.6
25.12. 01:45,89.6
25.12. 02:00,79.8
25.12. 02:15,79.8
25.12. 02:30,79.8
25.12. 02:45,79.8
25.12. 03:00,84.4
25.12. 03:15,84.4
25.12. 03:30,84.4
25.12. 03:45,84.4
25.12. 04:00,72.9
25.12. 04:15,72.9
25.12. 04:30,72.9
25.12. 04:45,72.9
25.12. 05:00,82.2
25.12. 05:15,82.2
25.12. 05:30,82.2
25.12. 05:45,82.2
25.12. 06:00,101.8
25.12. 06:15,101.8
25.12. 06:30,101.8
25.12. 06:45,101.8
25.12. 07:00,109.3
25.12. 07:15,109.3
25.12. 07:30,109.3
25.12. 07:45,109.3
25.12. 08:00,148.5
25.12. 08:15,148.5
25.12. 08:30,148.5
25.12. 08:45,148.5
25.12. 09:00,216.5
25.12. 09:15,216.5
25.12. 09:30,216.5
25.12. 09:45,216.5
25.12. 10:00,298.5
25.12. 10:15,298.5
25.12. 10:30,298.5
25.12. 10:45,298.5
25.12. 11:00,328.4
25.12. 11:15,328.4
25.12. 11:30,328.4
25.12. 11:45,328.4
25.12. 12:00,313.0
25.12. 12:15,313.0
25.12. 12:30,313.0
25.12. 12:45,313.0
25.12. 13:00,303.0
25.12. 13:15,303.0
25.12. 13:30,303.0
25.12. 13:45,303.0
25.12. 14:00,275.4
25.12. 14:15,275.4
25.12. 14:30,275.4
25.12. 14:45,275.4
25.12. 15:00,237.8
25.12. 15:15,237.8
25.12. 15:30,237.8
25.12. 15:45,237.8
25.12. 16:00,205.2
25.12. 16:15,205.2
25.12. 16:30,205.2
25.12. 16:45,205.2
25.12. 17:00,204.0
25.12. 17:15,204.0
25.12. 17:30,204.0
25.12. 17:45,204.0
25.12. 18:00,222.3
25.12. 18:15,222.3
25.12. 18:30,222.3
25.12. 18:45,222.3
25.12. 19:00,244.8
25.12. 19:15,244.8
25.12. 19:30,244.8
25.12. 19:45,244.8
25.12. 20:00,261.2
25.12. 20:15,261.2
25.12. 20:30,261.2
25.12. 20:45,261.2
25.12. 21:00,242.6
25.12. 21:15,242.6
25.12. 21:30,242.6
25.12. 21:45,242.6
25.12. 22:00,179.8
25.12. 22:15,179.8
25.12. 22:30,179.8
25.12. 22:45,179.8
25.12. 23:00,145.9
25.12. 23:15,145.9
25.12. 23:30,145.9
25.12. 23:45,145.9
26.12. 00:00,100.7
26.12. 00:15,100.7
26.12. 00:30,100.7
26.12. 00:45,100.7
26.12. 01:00,88.7
26.12. 01:15,88.7
26.12. 01:30,88.7
26.12. 01:45,88.7
26.12. 02:00,83.2
26.12. 02:15,83.2
26.12. 02:30,83.2
26.12. 02:45,83.2
26.12. 03:00,80.1
26.12. 03:15,80.1
26.12. 03:30,80.1
26.12. 03:45,80.1
26.12. 04:00,72.7
26.12. 04:15,72.7
26.12. 04:30,72.7
26.12. 04:45,72.7
26.12. 05:00,78.0
26.12. 05:15,78.0
26.12. 05:30,78.0
26.12. 05:45,78.0
26.12. 06:00,101.7
26.12. 06:15,101.7
26.12. 06:30,101.7
26.12. 06:45,101.7
26.12. 07:00,105.4
26.12. 07:15,105.4
26.12. 07:30,105.4
26.12. 07:45,105.4
26.12. 08:00,153.8
26.12. 08:15,153.8
26.12. 08:30,153.8
26.12. 08:45,153.8
26.12. 09:00,260.9
26.12. 09:15,260.9
26.12. 09:30,260.9
26.12. 09:45,260.9
26.12. 10:00,287.7
26.12. 10:15,287.7
26.12. 10:30,287.7
26.12. 10:45,287.7
26.12. 11:00,340.5
26.12. 11:15,340.5
26.12. 11:30,340.5
26.12. 11:45,340.5
26.12. 12:00,293.9
26.12. 12:15,293.9
26.12. 12:30,293.9
26.12. 12:45,293.9
26.12. 13:00,324.8
26.12. 13:15,324.8
26.12. 13:30,324.8
26.12. 13:45,324.8
26.12. 14:00,296.4
26.12. 14:15,296.4
26.12. 14:30,296.4
26.12. 14:45,296.4
26.12. 15:00,261.8
26.12. 15:15,261.8
26.12. 15:30,261.8
26.12. 15:45,261.8
26.12. 16:00,229.3
26.12. 16:15,229.3
26.12. 16:30,229.3
26.12. 16:45,229.3
26.12. 17:00,241.9
26.12. 17:15,241.9
26.12. 17:30,241.9
26.12. 17:45,241.9
26.12. 18:00,250.4
26.12. 18:15,250.4
26.12. 18:30,250.4
26.12. 18:45,250.4
26.12. 19:00,278.9
26.12. 19:15,278.9
26.12. 19:30,278.9
26.12. 19:45,278.9
26.12. 20:00,305.1
26.12. 20:15,305.1
26.12. 20:30,305.1
26.12. 20:45,305.1
26.12. 21:00,274.0
26.12. 21:15,274.0
26.12. 21:30,274.0
26.12. 21:45,274.0
26.12. 22:00,223.6
26.12. 22:15,223.6
26.12. 22:30,223.6
26.12. 22:45,223.6
26.12. 23:00,160.3
26.12. 23:15,160.3
26.12. 23:30,160.3
26.12. 23:45,160.3
27.12. 00:00,117.6
27.12. 00:15,117.6
27.12. 00:30,117.6
27.12. 00:45,117.6
27.12. 01:00,96.9
27.12. 01:15,96.9
27.12. 01:30,96.9
27.12. 01:45,96.9
27.12. 02:00,84.4
27.12. 02:15,84.4
27.12. 02:30,84.4
27.12. 02:45,84.4
27.12. 03:00,91.4
27.12. 03:15,91.4
27.12. 03:30,91.4
27.12. 03:45,91.4
27.12. 04:00,100.8
27.12. 04:15,100.8
27.12. 04:30,100.8
27.12. 04:45,100.8
27.12. 05:00,149.0
27.12. 05:15,149.0
27.12. 05:30,149.0
27.12. 05:45,149.0
27.12. 06:00,246.8
27.12. 06:15,246.8
27.12. 06:30,246.8
27.12. 06:45,246.8
27.12. 07:00,316.3
27.12. 07:15,316.3
27.12. 07:30,316.3
27.12. 07:45,316.3
27.12. 08:00,285.6
27.12. 08:15,285.6
27.12. 08:30,285.6
27.12. 08:45,285.6
27.12. 09:00,277.6
27.12. 09:15,277.6
27.12. 09:30,277.6
27.12. 09:45,277.6
27.12. 10:00,272.7
27.12. 10:15,272.7
27.12. 10:30,272.7
27.12. 10:45,272.7
27.12. 11:00,261.4
27.12. 11:15,261.4
27.12. 11:30,261.4
27.12. 11:45,261.4
27.12. 12:00,266.2
27.12. 12:15,266.2
27.12. 12:30,266.2
27.12. 12:45,266.2
27.12. 13:00,260.7
27.12. 13:15,260.7
27.12. 13:30,260.7
27.12. 13:45,260.7
27.12. 14:00,226.2
27.12. 14:15,226.2
27.12. 14:30,226.2
27.12. 14:45,226.2
27.12. 15:00,220.1
27.12. 15:15,220.1
27.12. 15:30,220.1
27.12. 15:45,220.1
27.12. 16:00,208.5
27.12. 16:15,208.5
27.12. 16:30,208.5
27.12. 16:45,208.5
27.12. 17:00,235.0
27.12. 17:15,235.0
27.12. 17:30,235.0
27.12. 17:45,235.0
27.12. 18:00,307.8
27.12. 18:15,307.8
27.12. 18:30,307.8
27.12. 18:45,307.8
27.12. 19:00,337.5
27.12. 19:15,337.5
27.12. 19:30,337.5
27.12. 19:45,337.5
27.12. 20:00,382.2
27.12. 20:15,382.2
27.12. 20:30,382.2
27.12. 20:45,382.2
27.12. 21:00,334.3
27.12. 21:15,334.3
27.12. 21:30,334.3
27.12. 21:45,334.3
27.12. 22:00,257.1
27.12. 22:15,257.1
27.12. 22:30,257.1
27.12. 22:45,257.1
27.12. 23:00,179.2
27.12. 23:15,179.2
27.12. 23:30,179.2
27.12. 23:45,179.2
28.12. 00:00,104.3
28.12. 00:15,104.3
28.12. 00:30,104.3
28.12. 00:45,104.3
28.12. 01:00,90.9
28.12. 01:15,90.9
28.12. 01:30,90.9
28.12. 01:45,90.9
28.12. 02:00,79.6
28.12. 02:15,79.6
28.12. 02:30,79.6
28.12. 02:45,79.6
28.12. 03:00,77.7
28.12. 03:15,77.7
28.12. 03:30,77.7
28.12. 03:45,77.7
28.12. 04:00,89.4
28.12. 04:15,89.4
28.12. 04:30,89.4
28.12. 04:45,89.4
28.12. 05:00,131.1
28.12. 05:15,131.1
28.12. 05:30,131.1
28.12. 05:45,131.1
28.12. 06:00,214.8
28.12. 06:15,214.8
28.12. 06:30,214.8
28.12. 06:45,214.8
28.12. 07:00,265.3
28.12. 07:15,265.3
28.12. 07:30,265.3
28.12. 07:45,265.3
28.12. 08:00,270.7
28.12. 08:15,270.7
28.12. 08:30,270.7
28.12. 08:45,270.7
28.12. 09:00,253.6
28.12. 09:15,253.6
28.12. 09:30,253.6
28.12. 09:45,253.6
28.12. 10:00,236.0
28.12. 10:15,236.0
28.12. 10:30,236.0
28.12. 10:45,236.0
28.12. 11:00,229.4
28.12. 11:15,229.4
28.12. 11:30,229.4
28.12. 11:45,229.4
28.12. 12:00,241.7
28.12. 12:15,241.7
28.12. 12:30,241.7
28.12. 12:45,241.7
28.12. 13:00,247.4
28.12. 13:15,247.4
28.12. 13:30,247.4
28.12. 13:45,247.4
28.12. 14:00,214.5
28.12. 14:15,214.5
28.12. 14:30,214.5
28.12. 14:45,214.5
28.12. 15:00,198.2
28.12. 15:15,198.2
28.12. 15:30,198.2
28.12. 15:45,198.2
28.12. 16:00,193.6
28.12. 16:15,193.6
28.12. 16:30,193.6
28.12. 16:45,193.6
28.12. 17:00,220.3
28.12. 17:15,220.3
28.12. 17:30,220.3
28.12. 17:45,220.3
28.12. 18:00,278.7
28.12. 18:15,278.7
28.12. 18:30,278.7
28.12. 18:45,278.7
28.12. 19:00,319.4
28.12. 19:15,319.4
28.12. 19:30,319.4
28.12. 19:45,319.4
28.12. 20:00,310.7
28.12. 20:15,310.7
28.12. 20:30,310.7
28.12. 20:45,310.7
28.12. 21:00,277.4
28.12. 21:15,277.4
28.12. 21:30,277.4
28.12. 21:45,277.4
28.12. 22:00,222.2
28.12. 22:15,222.2
28.12. 22:30,222.2
28.12. 22:45,222.2
28.12. 23:00,165.9
28.12. 23:15,165.9
28.12. 23:30,165.9
28.12. 23:45,165.9
29.12. 00:00,98.1
29.12. 00:15,98.1
29.12. 00:30,98.1
29.12. 00:45,98.1
29.12. 01:00,82.9
29.12. 01:15,82.9
29.12. 01:30,82.9
29.12. 01:45,82.9
29.12. 02:00,76.0
29.12. 02:15,76.0
29.12. 02:30,76.0
29.12. 02:45,76.0
29.12. 03:00,63.5
29.12. 03:15,63.5
29.12. 03:30,63.5
29.12. 03:45,63.5
29.12. 04:00,71.3
29.12. 04:15,71.3
29.12. 04:30,71.3
29.12. 04:45,71.3
29.12. 05:00,81.3
29.12. 05:15,81.3
29.12. 05:30,81.3
29.12. 05:45,81.3
29.12. 06:00,108.6
29.12. 06:15,108.6
29.12. 06:30,108.6
29.12. 06:45,108.6
29.12. 07:00,146.6
29.12. 07:15,146.6
29.12. 07:30,146.6
29.12. 07:45,146.6
29.12. 08:00,216.1
29.12. 08:15,216.1
29.12. 08:30,216.1
29.12. 08:45,216.1
29.12. 09:00,257.5
29.12. 09:15,257.5
29.12. 09:30,257.5
29.12. 09:45,257.5
29.12. 10:00,302.8
29.12. 10:15,302.8
29.12. 10:30,302.8
29.12. 10:45,302.8
29.12. 11:00,310.6
29.12. 11:15,310.6
29.12. 11:30,310.6
29.12. 11:45,310.6
29.12. 12:00,314.9
29.12. 12:15,314.9
29.12. 12:30,314.9
29.12. 12:45,314.9
29.12. 13:00,303.7
29.12. 13:15,303.7
29.12. 13:30,303.7
29.12. 13:45,303.7
29.12. 14:00,266.5
29.12. 14:15,266.5
29.12. 14:30,266.5
29.12. 14:45,266.5
29.12. 15:00,254.9
29.12. 15:15,254.9
29.12. 15:30,254.9
29.12. 15:45,254.9
29.12. 16:00,250.8
29.12. 16:15,250.8
29.12. 16:30,250.8
29.12. 16:45,250.8
29.12. 17:00,274.5
29.12. 17:15,274.5
29.12. 17:30,274.5
29.12. 17:45,274.5
29.12. 18:00,322.9
29.12. 18:15,322.9
29.12. 18:30,322.9
29.12. 18:45,322.9
29.12. 19:00,324.7
29.12. 19:15,324.7
29.12. 19:30,324.7
29.12. 19:45,324.7
29.12. 20:00,300.7
29.12. 20:15,300.7
29.12. 20:30,300.7
29.12. 20:45,300.7
29.12. 21:00,271.0
29.12. 21:15,271.0
29.12. 21:30,271.0
29.12. 21:45,271.0
29.12. 22:00,215.3
29.12. 22:15,215.3
29.12. 22:30,215.3
29.12. 22:45,215.3
29.12. 23:00,151.9
29.12. 23:15,151.9
29.12. 23:30,151.9
29.12. 23:45,151.9
30.12. 00:00,106.2
30.12. 00:15,106.2
30.12. 00:30,106.2
30.12. 00:45,106.2
30.12. 01:00,105.3
30.12. 01:15,105.3
30.12. 01:30,105.3
30.12. 01:45,105.3
30.12. 02:00,89.8
30.12. 02:15,89.8
30.12. 02:30,89.8
30.12. 02:45,89.8
30.12. 03:00,89.8
30.12. 03:15,89.8
30.12. 03:30,89.8
30.12. 03:45,89.8
30.12. 04:00,89.4
30.12. 04:15,89.4
30.12. 04:30,89.4
30.12. 04:45,89.4
30.12. 05:00,104.5
30.12. 05:15,104.5
30.12. 05:30,104.5
30.12. 05:45,104.5
30.12. 06:00,122.6
30.12. 06:15,122.6
30.12. 06:30,122.6
30.12. 06:45,122.6
30.12. 07:00,134.5
30.12. 07:15,134.5
30.12. 07:30,134.5
30.12. 07:45,134.5
30.12. 08:00,154.0
30.12. 08:15,154.0
30.12. 08:30,154.0
30.12. 08:45,154.0
30.12. 09:00,215.4
30.12. 09:15,215.4
30.12. 09:30,215.4
30.12. 09:45,215.4
30.12. 10:00,301.4
30.12. 10:15,301.4
30.12. 10:30,301.4
30.12. 10:45,301.4
30.12. 11:00,322.9
30.12. 11:15,322.9
30.12. 11:30,322.9
30.12. 11:45,322.9
30.12. 12:00,317.2
30.12. 12:15,317.2
30.12. 12:30,317.2
30.12. 12:45,317.2
30.12. 13:00,325.6
30.12. 13:15,325.6
30.12. 13:30,325.6
30.12. 13:45,325.6
30.12. 14:00,294.5
30.12. 14:15,294.5
30.12. 14:30,294.5
30.12. 14:45,294.5
30.12. 15:00,244.7
30.12. 15:15,244.7
30.12. 15:30,244.7
30.12. 15:45,244.7
30.12. 16:00,241.4
30.12. 16:15,241.4
30.12. 16:30,241.4
30.12. 16:45,241.4
30.12. 17:00,219.6
30.12. 17:15,219.6
30.12. 17:30,219.6
30.12. 17:45,219.6
30.12. 18:00,207.6
30.12. 18:15,207.6
30.12. 18:30,207.6
30.12. 18:45,207.6
30.12. 19:00,234.3
30.12. 19:15,234.3
30.12. 19:30,234.3
30.12. 19:45,234.3
30.12. 20:00,284.7
30.12. 20:15,284.7
30.12. 20:30,284.7
30.12. 20:45,284.7
30.12. 21:00,229.0
30.12. 21:15,229.0
30.12. 21:30,229.0
30.12. 21:45,229.0
30.12. 22:00,195.1
30.12. 22:15,195.1
30.12. 22:30,195.1
30.12. 22:45,195.1
30.12. 23:00,129.7
30.12. 23:15,129.7
30.12. 23:30,129.7
30.12. 23:45,129.7
31.12. 00:00,101.9
31.12. 00:15,101.9
31.12. 00:30,101.9
31.12. 00:45,101.9
31.12. 01:00,84.5
31.12. 01:15,84.5
31.12. 01:30,84.5
31.12. 01:45,84.5
31.12. 02:00,70.6
31.12. 02:15,70.6
31.12. 02:30,70.6
31.12. 02:45,70.6
31.12. 03:00,64.6
31.12. 03:15,64.6
31.12. 03:30,64.6
31.12. 03:45,64.6
31.12. 04:00,67.3
31.12. 04:15,67.3
31.12. 04:30,67.3
31.12. 04:45,67.3
31.12. 05:00,66.8
31.12. 05:15,66.8
31.12. 05:30,66.8
31.12. 05:45,66.8
31.12. 06:00,72.7
31.12. 06:15,72.7
31.12. 06:30,72.7
31.12. 06:45,72.7
31.12. 07:00,84.9
31.12. 07:15,84.9
31.12. 07:30,84.9
31.12. 07:45,84.9
31.12. 08:00,127.1
31.12. 08:15,127.1
31.12. 08:30,127.1
31.12. 08:45,127.1
31.12. 09:00,212.1
31.12. 09:15,212.1
31.12. 09:30,212.1
31.12. 09:45,212.1
31.12. 10:00,272.8
31.12. 10:15,272.8
31.12. 10:30,272.8
31.12. 10:45,272.8
31.12. 11:00,302.7
31.12. 11:15,302.7
31.12. 11:30,302.7
31.12. 11:45,302.7
31.12. 12:00,298.9
31.12. 12:15,298.9
31.12. 12:30,298.9
31.12. 12:45,298.9
31.12. 13:00,295.0
31.12. 13:15,295.0
31.12. 13:30,295.0
31.12. 13:45,295.0
31.12. 14:00,275.1
31.12. 14:15,275.1
31.12. 14:30,275.1
31.12. 14:45,275.1
31.12. 15:00,223.7
31.12. 15:15,223.7
31.12. 15:30,223.7
31.12. 15:45,223.7
31.12. 16:00,195.3
31.12. 16:15,195.3
31.12. 16:30,195.3
31.12. 16:45,195.3
31.12. 17:00,198.4
31.12. 17:15,198.4
31.12. 17:30,198.4
31.12. 17:45,198.4
31.12. 18:00,212.4
31.12. 18:15,212.4
31.12. 18:30,212.4
31.12. 18:45,212.4
31.12. 19:00,220.9
31.12. 19:15,220.9
31.12. 19:30,220.9
31.12. 19:45,220.9
31.12. 20:00,253.6
31.12. 20:15,253.6
31.12. 20:30,253.6
31.12. 20:45,253.6
31.12. 21:00,214.8
31.12. 21:15,214.8
31.12. 21:30,214.8
31.12. 21:45,214.8
31.12. 22:00,201.4
31.12. 22:15,201.4
31.12. 22:30,201.4
31.12. 22:45,201.4
31.12. 23:00,147.9
31.12. 23:15,147.9
31.12. 23:30,147.9
31.12. 23:45,147.9
