{
  "features": [
    {
      "geometry": {
        "coordinates": [
          [
            6.481333041419758,
            51.037329902431026
          ],
          [
            6.481588228687443,
            51.03733540512477
          ]
        ],
        "type": "LineString"
      },
      "properties": {
        "length_m": 17.909,
        "orientation": "EW",
        "row": 0,
        "segment": 0
      },
      "type": "Feature"
    },
    {
      "geometry": {
        "coordinates": [
          [
            6.480377287863731,
            51.03749996646201
          ],
          [
            6.481693017763831,
            51.03752834277369
          ]
        ],
        "type": "LineString"
      },
      "properties": {
        "length_m": 92.339,
        "orientation": "EW",
        "row": 1,
        "segment": 0
      },
      "type": "Feature"
    },
    {
      "geometry": {
        "coordinates": [
          [
            6.479365025744006,
            51.03766880320062
          ],
          [
            6.481797807686122,
            51.0377212803351
          ]
        ],
        "type": "LineString"
      },
      "properties": {
        "length_m": 170.734,
        "orientation": "EW",
        "row": 2,
        "segment": 0
      },
      "type": "Feature"
    },
    {
      "geometry": {
        "coordinates": [
          [
            6.478321609760764,
            51.03783695859578
          ],
          [
            6.48190259845433,
            51.037914217808975
          ]
        ],
        "type": "LineString"
      },
      "properties": {
        "length_m": 251.315,
        "orientation": "EW",
        "row": 3,
        "segment": 0
      },
      "type": "Feature"
    },
    {
      "geometry": {
        "coordinates": [
          [
            6.4772965987599225,
            51.03800550224334
          ],
          [
            6.4820073900684685,
            51.03810715519533
          ]
        ],
        "type": "LineString"
      },
      "properties": {
        "length_m": 330.604,
        "orientation": "EW",
        "row": 4,
        "segment": 0
      },
      "type": "Feature"
    },
    {
      "geometry": {
        "coordinates": [
          [
            6.47631305703063,
            51.03817493298734
          ],
          [
            6.482045922552749,
            51.03829866406849
          ]
        ],
        "type": "LineString"
      },
      "properties": {
        "length_m": 402.332,
        "orientation": "EW",
        "row": 5,
        "segment": 0
      },
      "type": "Feature"
    },
    {
      "geometry": {
        "coordinates": [
          [
            6.475329508394647,
            51.03834435534196
          ],
          [
            6.482053397648975,
            51.0384895033878
          ]
        ],
        "type": "LineString"
      },
      "properties": {
        "length_m": 471.88,
        "orientation": "EW",
        "row": 6,
        "segment": 0
      },
      "type": "Feature"
    },
    {
      "geometry": {
        "coordinates": [
          [
            6.474345952852342,
            51.03851376930706
          ],
          [
            6.482062490660172,
            51.0386803775801
          ]
        ],
        "type": "LineString"
      },
      "properties": {
        "length_m": 541.542,
        "orientation": "EW",
        "row": 7,
        "segment": 0
      },
      "type": "Feature"
    },
    {
      "geometry": {
        "coordinates": [
          [
            6.473201095614044,
            51.03867968555173
          ],
          [
            6.48215872568698,
            51.03887313032942
          ]
        ],
        "type": "LineString"
      },
      "properties": {
        "length_m": 628.639,
        "orientation": "EW",
        "row": 8,
        "segment": 0
      },
      "type": "Feature"
    },
    {
      "geometry": {
        "coordinates": [
          [
            6.471965813264404,
            51.03884363344994
          ],
          [
            6.4822720339534206,
            51.03906625102225
          ]
        ],
        "type": "LineString"
      },
      "properties": {
        "length_m": 723.279,
        "orientation": "EW",
        "row": 9,
        "segment": 0
      },
      "type": "Feature"
    },
    {
      "geometry": {
        "coordinates": [
          [
            6.469868902275173,
            51.03898890652168
          ],
          [
            6.470206332200647,
            51.038996215595446
          ]
        ],
        "type": "LineString"
      },
      "properties": {
        "length_m": 23.681,
        "orientation": "EW",
        "row": 10,
        "segment": 0
      },
      "type": "Feature"
    },
    {
      "geometry": {
        "coordinates": [
          [
            6.470430053780789,
            51.039001061092975
          ],
          [
            6.482385343138042,
            51.03925937161263
          ]
        ],
        "type": "LineString"
      },
      "properties": {
        "length_m": 839.007,
        "orientation": "EW",
        "row": 10,
        "segment": 1
      },
      "type": "Feature"
    },
    {
      "geometry": {
        "coordinates": [
          [
            6.469443306489005,
            51.03917036483251
          ],
          [
            6.482498653240855,
            51.03945249210058
          ]
        ],
        "type": "LineString"
      },
      "properties": {
        "length_m": 916.204,
        "orientation": "EW",
        "row": 11,
        "segment": 0
      },
      "type": "Feature"
    },
    {
      "geometry": {
        "coordinates": [
          [
            6.469010168209099,
            51.03935165816768
          ],
          [
            6.482611964261874,
            51.039645612486076
          ]
        ],
        "type": "LineString"
      },
      "properties": {
        "length_m": 954.549,
        "orientation": "EW",
        "row": 12,
        "segment": 0
      },
      "type": "Feature"
    },
    {
      "geometry": {
        "coordinates": [
          [
            6.468565920339906,
            51.03953270913233
          ],
          [
            6.482725276201116,
            51.03983873276915
          ]
        ],
        "type": "LineString"
      },
      "properties": {
        "length_m": 993.674,
        "orientation": "EW",
        "row": 13,
        "segment": 0
      },
      "type": "Feature"
    },
    {
      "geometry": {
        "coordinates": [
          [
            6.468121669040372,
            51.0397137583528
          ],
          [
            6.482838589058593,
            51.04003185294976
          ]
        ],
        "type": "LineString"
      },
      "properties": {
        "length_m": 1032.798,
        "orientation": "EW",
        "row": 14,
        "segment": 0
      },
      "type": "Feature"
    },
    {
      "geometry": {
        "coordinates": [
          [
            6.4676774143104865,
            51.03989480582906
          ],
          [
            6.482951902834321,
            51.04022497302792
          ]
        ],
        "type": "LineString"
      },
      "properties": {
        "length_m": 1071.923,
        "orientation": "EW",
        "row": 15,
        "segment": 0
      },
      "type": "Feature"
    },
    {
      "geometry": {
        "coordinates": [
          [
            6.467233156150239,
            51.04007585156108
          ],
          [
            6.483065217528317,
            51.04041809300364
          ]
        ],
        "type": "LineString"
      },
      "properties": {
        "length_m": 1111.048,
        "orientation": "EW",
        "row": 16,
        "segment": 0
      },
      "type": "Feature"
    },
    {
      "geometry": {
        "coordinates": [
          [
            6.466803128789436,
            51.04025720426924
          ],
          [
            6.483178533140592,
            51.040611212876904
          ]
        ],
        "type": "LineString"
      },
      "properties": {
        "length_m": 1149.173,
        "orientation": "EW",
        "row": 17,
        "segment": 0
      },
      "type": "Feature"
    },
    {
      "geometry": {
        "coordinates": [
          [
            6.466376592216159,
            51.04043863113614
          ],
          [
            6.483296659534396,
            51.04080443628616
          ]
        ],
        "type": "LineString"
      },
      "properties": {
        "length_m": 1187.392,
        "orientation": "EW",
        "row": 18,
        "segment": 0
      },
      "type": "Feature"
    },
    {
      "geometry": {
        "coordinates": [
          [
            6.465950052338886,
            51.040620056392726
          ],
          [
            6.483416238462973,
            51.04099769085964
          ]
        ],
        "type": "LineString"
      },
      "properties": {
        "length_m": 1225.711,
        "orientation": "EW",
        "row": 19,
        "segment": 0
      },
      "type": "Feature"
    },
    {
      "geometry": {
        "coordinates": [
          [
            6.465529717817485,
            51.0408016147631
          ],
          [
            6.483535818363078,
            51.0411909453189
          ]
        ],
        "type": "LineString"
      },
      "properties": {
        "length_m": 1263.596,
        "orientation": "EW",
        "row": 20,
        "segment": 0
      },
      "type": "Feature"
    },
    {
      "geometry": {
        "coordinates": [
          [
            6.465113560702146,
            51.04098326230142
          ],
          [
            6.4836553992347215,
            51.04138419966396
          ]
        ],
        "type": "LineString"
      },
      "properties": {
        "length_m": 1301.187,
        "orientation": "EW",
        "row": 21,
        "segment": 0
      },
      "type": "Feature"
    },
    {
      "geometry": {
        "coordinates": [
          [
            6.464697400357203,
            51.04116490830539
          ],
          [
            6.483763095844642,
            51.041577197852746
          ]
        ],
        "type": "LineString"
      },
      "properties": {
        "length_m": 1337.943,
        "orientation": "EW",
        "row": 22,
        "segment": 0
      },
      "type": "Feature"
    },
    {
      "geometry": {
        "coordinates": [
          [
            6.4642812367826386,
            51.04134655277499
          ],
          [
            6.483838523294434,
            51.04176950078459
          ]
        ],
        "type": "LineString"
      },
      "properties": {
        "length_m": 1372.436,
        "orientation": "EW",
        "row": 23,
        "segment": 0
      },
      "type": "Feature"
    },
    {
      "geometry": {
        "coordinates": [
          [
            6.464295530026466,
            51.04153754171497
          ],
          [
            6.483913951342699,
            51.041961803670794
          ]
        ],
        "type": "LineString"
      },
      "properties": {
        "length_m": 1376.72,
        "orientation": "EW",
        "row": 24,
        "segment": 0
      },
      "type": "Feature"
    },
    {
      "geometry": {
        "coordinates": [
          [
            6.464318579331779,
            51.04172872073812
          ],
          [
            6.48398937998945,
            51.042154106511326
          ]
        ],
        "type": "LineString"
      },
      "properties": {
        "length_m": 1380.39,
        "orientation": "EW",
        "row": 25,
        "segment": 0
      },
      "type": "Feature"
    },
    {
      "geometry": {
        "coordinates": [
          [
            6.464341628798987,
            51.041919899753736
          ],
          [
            6.484064809234694,
            51.0423464093062
          ]
        ],
        "type": "LineString"
      },
      "properties": {
        "length_m": 1384.06,
        "orientation": "EW",
        "row": 26,
        "segment": 0
      },
      "type": "Feature"
    },
    {
      "geometry": {
        "coordinates": [
          [
            6.464364678428095,
            51.04211107876182
          ],
          [
            6.48423575440298,
            51.042540769371755
          ]
        ],
        "type": "LineString"
      },
      "properties": {
        "length_m": 1394.432,
        "orientation": "EW",
        "row": 27,
        "segment": 0
      },
      "type": "Feature"
    },
    {
      "geometry": {
        "coordinates": [
          [
            6.464387728219106,
            51.04230225776238
          ],
          [
            6.484537763885105,
            51.042737951857816
          ]
        ],
        "type": "LineString"
      },
      "properties": {
        "length_m": 1414.002,
        "orientation": "EW",
        "row": 28,
        "segment": 0
      },
      "type": "Feature"
    },
    {
      "geometry": {
        "coordinates": [
          [
            6.46442400190742,
            51.042493723824435
          ],
          [
            6.484839775931288,
            51.042935133593005
          ]
        ],
        "type": "LineString"
      },
      "properties": {
        "length_m": 1432.644,
        "orientation": "EW",
        "row": 29,
        "segment": 0
      },
      "type": "Feature"
    },
    {
      "geometry": {
        "coordinates": [
          [
            6.464463172053888,
            51.04268525274479
          ],
          [
            6.4851344219314395,
            51.04313215592462
          ]
        ],
        "type": "LineString"
      },
      "properties": {
        "length_m": 1450.565,
        "orientation": "EW",
        "row": 30,
        "segment": 0
      },
      "type": "Feature"
    },
    {
      "geometry": {
        "coordinates": [
          [
            6.464502342495859,
            51.04287678165092
          ],
          [
            6.485416015615145,
            51.04332889649264
          ]
        ],
        "type": "LineString"
      },
      "properties": {
        "length_m": 1467.57,
        "orientation": "EW",
        "row": 31,
        "segment": 0
      },
      "type": "Feature"
    },
    {
      "geometry": {
        "coordinates": [
          [
            6.464541513233339,
            51.04306831054278
          ],
          [
            6.4856976116806475,
            51.04352563640929
          ]
        ],
        "type": "LineString"
      },
      "properties": {
        "length_m": 1484.576,
        "orientation": "EW",
        "row": 32,
        "segment": 0
      },
      "type": "Feature"
    },
    {
      "geometry": {
        "coordinates": [
          [
            6.464580684266332,
            51.043259839420415
          ],
          [
            6.48597921012798,
            51.04372237567456
          ]
        ],
        "type": "LineString"
      },
      "properties": {
        "length_m": 1501.581,
        "orientation": "EW",
        "row": 33,
        "segment": 0
      },
      "type": "Feature"
    },
    {
      "geometry": {
        "coordinates": [
          [
            6.464619855594845,
            51.043451368283804
          ],
          [
            6.486260810957172,
            51.04391911428843
          ]
        ],
        "type": "LineString"
      },
      "properties": {
        "length_m": 1518.586,
        "orientation": "EW",
        "row": 34,
        "segment": 0
      },
      "type": "Feature"
    },
    {
      "geometry": {
        "coordinates": [
          [
            6.464662508466519,
            51.04364297269811
          ],
          [
            6.486542414168252,
            51.0441158522509
          ]
        ],
        "type": "LineString"
      },
      "properties": {
        "length_m": 1535.347,
        "orientation": "EW",
        "row": 35,
        "segment": 0
      },
      "type": "Feature"
    },
    {
      "geometry": {
        "coordinates": [
          [
            6.4647058124090355,
            51.04383459122118
          ],
          [
            6.486824019761248,
            51.04431258956193
          ]
        ],
        "type": "LineString"
      },
      "properties": {
        "length_m": 1552.062,
        "orientation": "EW",
        "row": 36,
        "segment": 0
      },
      "type": "Feature"
    },
    {
      "geometry": {
        "coordinates": [
          [
            6.464749116681435,
            51.04402620972757
          ],
          [
            6.487107458925676,
            51.044509365617344
          ]
        ],
        "type": "LineString"
      },
      "properties": {
        "length_m": 1568.906,
        "orientation": "EW",
        "row": 37,
        "segment": 0
      },
      "type": "Feature"
    },
    {
      "geometry": {
        "coordinates": [
          [
            6.464792421283722,
            51.04421782821728
          ],
          [
            6.487391289663434,
            51.044706149384325
          ]
        ],
        "type": "LineString"
      },
      "properties": {
        "length_m": 1585.777,
        "orientation": "EW",
        "row": 38,
        "segment": 0
      },
      "type": "Feature"
    },
    {
      "geometry": {
        "coordinates": [
          [
            6.464835726215903,
            51.04440944669032
          ],
          [
            6.4876751228029725,
            51.04490293248938
          ]
        ],
        "type": "LineString"
      },
      "properties": {
        "length_m": 1602.649,
        "orientation": "EW",
        "row": 39,
        "segment": 0
      },
      "type": "Feature"
    },
    {
      "geometry": {
        "coordinates": [
          [
            6.4648812529197475,
            51.04460111336151
          ],
          [
            6.487996691565884,
            51.0451005264313
          ]
        ],
        "type": "LineString"
      },
      "properties": {
        "length_m": 1622.011,
        "orientation": "EW",
        "row": 40,
        "segment": 0
      },
      "type": "Feature"
    },
    {
      "geometry": {
        "coordinates": [
          [
            6.464937120788117,
            51.04479300444988
          ],
          [
            6.488546490257316,
            51.045303026926895
          ]
        ],
        "type": "LineString"
      },
      "properties": {
        "length_m": 1656.663,
        "orientation": "EW",
        "row": 41,
        "segment": 0
      },
      "type": "Feature"
    },
    {
      "geometry": {
        "coordinates": [
          [
            6.4649929890910895,
            51.044984895512385
          ],
          [
            6.488820225411416,
            51.045499590046965
          ]
        ],
        "type": "LineString"
      },
      "properties": {
        "length_m": 1671.944,
        "orientation": "EW",
        "row": 42,
        "segment": 0
      },
      "type": "Feature"
    },
    {
      "geometry": {
        "coordinates": [
          [
            6.465048857828673,
            51.045176786548986
          ],
          [
            6.4890939628775115,
            51.045696152552026
          ]
        ],
        "type": "LineString"
      },
      "properties": {
        "length_m": 1687.224,
        "orientation": "EW",
        "row": 43,
        "segment": 0
      },
      "type": "Feature"
    },
    {
      "geometry": {
        "coordinates": [
          [
            6.465104727000872,
            51.045368677559715
          ],
          [
            6.489367702655631,
            51.045892714442076
          ]
        ],
        "type": "LineString"
      },
      "properties": {
        "length_m": 1702.505,
        "orientation": "EW",
        "row": 44,
        "segment": 0
      },
      "type": "Feature"
    },
    {
      "geometry": {
        "coordinates": [
          [
            6.465160596607698,
            51.04556056854454
          ],
          [
            6.489641444745803,
            51.046089275717115
          ]
        ],
        "type": "LineString"
      },
      "properties": {
        "length_m": 1717.785,
        "orientation": "EW",
        "row": 45,
        "segment": 0
      },
      "type": "Feature"
    },
    {
      "geometry": {
        "coordinates": [
          [
            6.465195691268532,
            51.04575200865031
          ],
          [
            6.489915189148058,
            51.04628583637712
          ]
        ],
        "type": "LineString"
      },
      "properties": {
        "length_m": 1734.523,
        "orientation": "EW",
        "row": 46,
        "segment": 0
      },
      "type": "Feature"
    },
    {
      "geometry": {
        "coordinates": [
          [
            6.465026001386844,
            51.04593900451342
          ],
          [
            6.4901889358624265,
            51.04648239642207
          ]
        ],
        "type": "LineString"
      },
      "properties": {
        "length_m": 1765.631,
        "orientation": "EW",
        "row": 47,
        "segment": 0
      },
      "type": "Feature"
    },
    {
      "geometry": {
        "coordinates": [
          [
            6.463974021671247,
            51.04610684735222
          ],
          [
            6.490462684888935,
            51.04667895585195
          ]
        ],
        "type": "LineString"
      },
      "properties": {
        "length_m": 1858.648,
        "orientation": "EW",
        "row": 48,
        "segment": 0
      },
      "type": "Feature"
    },
    {
      "geometry": {
        "coordinates": [
          [
            6.46424208096692,
            51.04630334561081
          ],
          [
            6.490736436227614,
            51.04687551466678
          ]
        ],
        "type": "LineString"
      },
      "properties": {
        "length_m": 1859.039,
        "orientation": "EW",
        "row": 49,
        "segment": 0
      },
      "type": "Feature"
    },
    {
      "geometry": {
        "coordinates": [
          [
            6.4645101425248725,
            51.04649984328038
          ],
          [
            6.4910101898784935,
            51.04707207286651
          ]
        ],
        "type": "LineString"
      },
      "properties": {
        "length_m": 1859.43,
        "orientation": "EW",
        "row": 50,
        "segment": 0
      },
      "type": "Feature"
    },
    {
      "geometry": {
        "coordinates": [
          [
            6.46477820634513,
            51.0466963403609
          ],
          [
            6.491283945841602,
            51.047268630451136
          ]
        ],
        "type": "LineString"
      },
      "properties": {
        "length_m": 1859.821,
        "orientation": "EW",
        "row": 51,
        "segment": 0
      },
      "type": "Feature"
    },
    {
      "geometry": {
        "coordinates": [
          [
            6.465046272427725,
            51.04689283685238
          ],
          [
            6.4915577041169685,
            51.04746518742065
          ]
        ],
        "type": "LineString"
      },
      "properties": {
        "length_m": 1860.213,
        "orientation": "EW",
        "row": 52,
        "segment": 0
      },
      "type": "Feature"
    },
    {
      "geometry": {
        "coordinates": [
          [
            6.465314340772686,
            51.047089332754766
          ],
          [
            6.491888329810653,
            51.0476629648122
          ]
        ],
        "type": "LineString"
      },
      "properties": {
        "length_m": 1864.594,
        "orientation": "EW",
        "row": 53,
        "segment": 0
      },
      "type": "Feature"
    },
    {
      "geometry": {
        "coordinates": [
          [
            6.46558241138004,
            51.04728582806809
          ],
          [
            6.49237528266757,
            51.047864097387965
          ]
        ],
        "type": "LineString"
      },
      "properties": {
        "length_m": 1879.943,
        "orientation": "EW",
        "row": 54,
        "segment": 0
      },
      "type": "Feature"
    },
    {
      "geometry": {
        "coordinates": [
          [
            6.465850484249817,
            51.04748232279233
          ],
          [
            6.492862239786523,
            51.04806522798638
          ]
        ],
        "type": "LineString"
      },
      "properties": {
        "length_m": 1895.293,
        "orientation": "EW",
        "row": 55,
        "segment": 0
      },
      "type": "Feature"
    },
    {
      "geometry": {
        "coordinates": [
          [
            6.466118559382045,
            51.04767881692745
          ],
          [
            6.4933492011675265,
            51.04826635660743
          ]
        ],
        "type": "LineString"
      },
      "properties": {
        "length_m": 1910.642,
        "orientation": "EW",
        "row": 56,
        "segment": 0
      },
      "type": "Feature"
    },
    {
      "geometry": {
        "coordinates": [
          [
            6.4663866367767575,
            51.047875310473465
          ],
          [
            6.493836166810601,
            51.048467483251045
          ]
        ],
        "type": "LineString"
      },
      "properties": {
        "length_m": 1925.992,
        "orientation": "EW",
        "row": 57,
        "segment": 0
      },
      "type": "Feature"
    },
    {
      "geometry": {
        "coordinates": [
          [
            6.46665471643398,
            51.04807180343034
          ],
          [
            6.494323136715763,
            51.048668607917186
          ]
        ],
        "type": "LineString"
      },
      "properties": {
        "length_m": 1941.341,
        "orientation": "EW",
        "row": 58,
        "segment": 0
      },
      "type": "Feature"
    },
    {
      "geometry": {
        "coordinates": [
          [
            6.466922798353742,
            51.048268295798074
          ],
          [
            6.494810110883032,
            51.04886973060582
          ]
        ],
        "type": "LineString"
      },
      "properties": {
        "length_m": 1956.691,
        "orientation": "EW",
        "row": 59,
        "segment": 0
      },
      "type": "Feature"
    },
    {
      "geometry": {
        "coordinates": [
          [
            6.467190882536072,
            51.04846478757664
          ],
          [
            6.495297089312423,
            51.0490708513169
          ]
        ],
        "type": "LineString"
      },
      "properties": {
        "length_m": 1972.04,
        "orientation": "EW",
        "row": 60,
        "segment": 0
      },
      "type": "Feature"
    },
    {
      "geometry": {
        "coordinates": [
          [
            6.467458968981002,
            51.048661278766055
          ],
          [
            6.495784072003955,
            51.04927197005038
          ]
        ],
        "type": "LineString"
      },
      "properties": {
        "length_m": 1987.39,
        "orientation": "EW",
        "row": 61,
        "segment": 0
      },
      "type": "Feature"
    },
    {
      "geometry": {
        "coordinates": [
          [
            6.467727057688558,
            51.04885776936627
          ],
          [
            6.496271058957648,
            51.04947308680621
          ]
        ],
        "type": "LineString"
      },
      "properties": {
        "length_m": 2002.739,
        "orientation": "EW",
        "row": 62,
        "segment": 0
      },
      "type": "Feature"
    },
    {
      "geometry": {
        "coordinates": [
          [
            6.467995148658771,
            51.049054259377314
          ],
          [
            6.496758050173518,
            51.04967420158436
          ]
        ],
        "type": "LineString"
      },
      "properties": {
        "length_m": 2018.089,
        "orientation": "EW",
        "row": 63,
        "segment": 0
      },
      "type": "Feature"
    },
    {
      "geometry": {
        "coordinates": [
          [
            6.468263241891669,
            51.04925074879911
          ],
          [
            6.4972450456515825,
            51.049875314384764
          ]
        ],
        "type": "LineString"
      },
      "properties": {
        "length_m": 2033.438,
        "orientation": "EW",
        "row": 64,
        "segment": 0
      },
      "type": "Feature"
    },
    {
      "geometry": {
        "coordinates": [
          [
            6.468531337387283,
            51.04944723763171
          ],
          [
            6.497732045391858,
            51.0500764252074
          ]
        ],
        "type": "LineString"
      },
      "properties": {
        "length_m": 2048.788,
        "orientation": "EW",
        "row": 65,
        "segment": 0
      },
      "type": "Feature"
    },
    {
      "geometry": {
        "coordinates": [
          [
            6.4688044710472825,
            51.04964383500232
          ],
          [
            6.498219049394368,
            51.05027753405221
          ]
        ],
        "type": "LineString"
      },
      "properties": {
        "length_m": 2063.784,
        "orientation": "EW",
        "row": 66,
        "segment": 0
      },
      "type": "Feature"
    },
    {
      "geometry": {
        "coordinates": [
          [
            6.469078657890499,
            51.049840454530774
          ],
          [
            6.498706057659123,
            51.050478640919174
          ]
        ],
        "type": "LineString"
      },
      "properties": {
        "length_m": 2078.707,
        "orientation": "EW",
        "row": 67,
        "segment": 0
      },
      "type": "Feature"
    },
    {
      "geometry": {
        "coordinates": [
          [
            6.469352847050593,
            51.050037073442425
          ],
          [
            6.499176195725739,
            51.050679384538796
          ]
        ],
        "type": "LineString"
      },
      "properties": {
        "length_m": 2092.445,
        "orientation": "EW",
        "row": 68,
        "segment": 0
      },
      "type": "Feature"
    },
    {
      "geometry": {
        "coordinates": [
          [
            6.469627038527594,
            51.05023369173732
          ],
          [
            6.499628066127728,
            51.05087973520342
          ]
        ],
        "type": "LineString"
      },
      "properties": {
        "length_m": 2104.902,
        "orientation": "EW",
        "row": 69,
        "segment": 0
      },
      "type": "Feature"
    },
    {
      "geometry": {
        "coordinates": [
          [
            6.46990123232153,
            51.05043030941536
          ],
          [
            6.499693135145172,
            51.0510718053117
          ]
        ],
        "type": "LineString"
      },
      "properties": {
        "length_m": 2090.22,
        "orientation": "EW",
        "row": 70,
        "segment": 0
      },
      "type": "Feature"
    },
    {
      "geometry": {
        "coordinates": [
          [
            6.470175428432432,
            51.05062692647663
          ],
          [
            6.499695140902283,
            51.05126252553699
          ]
        ],
        "type": "LineString"
      },
      "properties": {
        "length_m": 2071.114,
        "orientation": "EW",
        "row": 71,
        "segment": 0
      },
      "type": "Feature"
    },
    {
      "geometry": {
        "coordinates": [
          [
            6.47044962686033,
            51.05082354292104
          ],
          [
            6.499679536889396,
            51.05145286882347
          ]
        ],
        "type": "LineString"
      },
      "properties": {
        "length_m": 2050.773,
        "orientation": "EW",
        "row": 72,
        "segment": 0
      },
      "type": "Feature"
    },
    {
      "geometry": {
        "coordinates": [
          [
            6.4707238276052506,
            51.05102015874859
          ],
          [
            6.499666383014513,
            51.051643264548865
          ]
        ],
        "type": "LineString"
      },
      "properties": {
        "length_m": 2030.603,
        "orientation": "EW",
        "row": 73,
        "segment": 0
      },
      "type": "Feature"
    },
    {
      "geometry": {
        "coordinates": [
          [
            6.501528587530471,
            51.05168311008536
          ],
          [
            6.501599670725523,
            51.051684630461224
          ]
        ],
        "type": "LineString"
      },
      "properties": {
        "length_m": 4.987,
        "orientation": "EW",
        "row": 73,
        "segment": 1
      },
      "type": "Feature"
    },
    {
      "geometry": {
        "coordinates": [
          [
            6.470998030667226,
            51.051216773959304
          ],
          [
            6.499654175057134,
            51.051833680515934
          ]
        ],
        "type": "LineString"
      },
      "properties": {
        "length_m": 2010.5,
        "orientation": "EW",
        "row": 74,
        "segment": 0
      },
      "type": "Feature"
    },
    {
      "geometry": {
        "coordinates": [
          [
            6.50151841835281,
            51.0518735697972
          ],
          [
            6.502109386032825,
            51.05188620853293
          ]
        ],
        "type": "LineString"
      },
      "properties": {
        "length_m": 41.461,
        "orientation": "EW",
        "row": 74,
        "segment": 1
      },
      "type": "Feature"
    },
    {
      "geometry": {
        "coordinates": [
          [
            6.4712722360462855,
            51.05141338855313
          ],
          [
            6.499640974171676,
            51.05202407522367
          ]
        ],
        "type": "LineString"
      },
      "properties": {
        "length_m": 1990.328,
        "orientation": "EW",
        "row": 75,
        "segment": 0
      },
      "type": "Feature"
    },
    {
      "geometry": {
        "coordinates": [
          [
            6.501508249064174,
            51.05206402950132
          ],
          [
            6.502609038791779,
            51.05208756920663
          ]
        ],
        "type": "LineString"
      },
      "properties": {
        "length_m": 77.229,
        "orientation": "EW",
        "row": 75,
        "segment": 1
      },
      "type": "Feature"
    },
    {
      "geometry": {
        "coordinates": [
          [
            6.471546443742456,
            51.051610002530076
          ],
          [
            6.499612678073115,
            51.05221414680872
          ]
        ],
        "type": "LineString"
      },
      "properties": {
        "length_m": 1969.096,
        "orientation": "EW",
        "row": 76,
        "segment": 0
      },
      "type": "Feature"
    },
    {
      "geometry": {
        "coordinates": [
          [
            6.501498079664562,
            51.05225448919774
          ],
          [
            6.503097662923129,
            51.052288691962254
          ]
        ],
        "type": "LineString"
      },
      "properties": {
        "length_m": 112.223,
        "orientation": "EW",
        "row": 76,
        "segment": 1
      },
      "type": "Feature"
    },
    {
      "geometry": {
        "coordinates": [
          [
            6.47182065375577,
            51.051806615890115
          ],
          [
            6.499584381715538,
            51.05240421837806
          ]
        ],
        "type": "LineString"
      },
      "properties": {
        "length_m": 1947.864,
        "orientation": "EW",
        "row": 77,
        "segment": 0
      },
      "type": "Feature"
    },
    {
      "geometry": {
        "coordinates": [
          [
            6.501474649243292,
            51.052444665245275
          ],
          [
            6.503577361720062,
            51.05248962188957
          ]
        ],
        "type": "LineString"
      },
      "properties": {
        "length_m": 147.52,
        "orientation": "EW",
        "row": 77,
        "segment": 1
      },
      "type": "Feature"
    },
    {
      "geometry": {
        "coordinates": [
          [
            6.4720948660862545,
            51.05200322863325
          ],
          [
            6.49955608509894,
            51.05259428993166
          ]
        ],
        "type": "LineString"
      },
      "properties": {
        "length_m": 1926.632,
        "orientation": "EW",
        "row": 78,
        "segment": 0
      },
      "type": "Feature"
    },
    {
      "geometry": {
        "coordinates": [
          [
            6.501439210342514,
            51.05263458442856
          ],
          [
            6.504057064710373,
            51.05269054989846
          ]
        ],
        "type": "LineString"
      },
      "properties": {
        "length_m": 183.66,
        "orientation": "EW",
        "row": 78,
        "segment": 1
      },
      "type": "Feature"
    },
    {
      "geometry": {
        "coordinates": [
          [
            6.472369080733939,
            51.05219984075946
          ],
          [
            6.499527788223318,
            51.05278436146954
          ]
        ],
        "type": "LineString"
      },
      "properties": {
        "length_m": 1905.4,
        "orientation": "EW",
        "row": 79,
        "segment": 0
      },
      "type": "Feature"
    },
    {
      "geometry": {
        "coordinates": [
          [
            6.501403771124628,
            51.05282450359141
          ],
          [
            6.504536771894077,
            51.0528914759889
          ]
        ],
        "type": "LineString"
      },
      "properties": {
        "length_m": 219.8,
        "orientation": "EW",
        "row": 79,
        "segment": 1
      },
      "type": "Feature"
    },
    {
      "geometry": {
        "coordinates": [
          [
            6.472643297698855,
            51.05239645226872
          ],
          [
            6.4994953667099065,
            51.05297434470447
          ]
        ],
        "type": "LineString"
      },
      "properties": {
        "length_m": 1883.879,
        "orientation": "EW",
        "row": 80,
        "segment": 0
      },
      "type": "Feature"
    },
    {
      "geometry": {
        "coordinates": [
          [
            6.50136833158963,
            51.05301442273384
          ],
          [
            6.5050136679829755,
            51.05309234002944
          ]
        ],
        "type": "LineString"
      },
      "properties": {
        "length_m": 255.743,
        "orientation": "EW",
        "row": 80,
        "segment": 1
      },
      "type": "Feature"
    },
    {
      "geometry": {
        "coordinates": [
          [
            6.47291751698103,
            51.05259306316103
          ],
          [
            6.499458667199686,
            51.05316423635051
          ]
        ],
        "type": "LineString"
      },
      "properties": {
        "length_m": 1862.058,
        "orientation": "EW",
        "row": 81,
        "segment": 0
      },
      "type": "Feature"
    },
    {
      "geometry": {
        "coordinates": [
          [
            6.501332891737513,
            51.05320434185583
          ],
          [
            6.50548113712941,
            51.05329300077464
          ]
        ],
        "type": "LineString"
      },
      "properties": {
        "length_m": 291.024,
        "orientation": "EW",
        "row": 81,
        "segment": 1
      },
      "type": "Feature"
    },
    {
      "geometry": {
        "coordinates": [
          [
            6.4731917385804945,
            51.05278967343635
          ],
          [
            6.499421967362089,
            51.05335412797521
          ]
        ],
        "type": "LineString"
      },
      "properties": {
        "length_m": 1840.237,
        "orientation": "EW",
        "row": 82,
        "segment": 0
      },
      "type": "Feature"
    },
    {
      "geometry": {
        "coordinates": [
          [
            6.501297451568275,
            51.053394260957404
          ],
          [
            6.505948610354551,
            51.05349365969902
          ]
        ],
        "type": "LineString"
      },
      "properties": {
        "length_m": 326.305,
        "orientation": "EW",
        "row": 82,
        "segment": 1
      },
      "type": "Feature"
    },
    {
      "geometry": {
        "coordinates": [
          [
            6.473465962497277,
            51.05298628309472
          ],
          [
            6.4993852671971135,
            51.05354401957855
          ]
        ],
        "type": "LineString"
      },
      "properties": {
        "length_m": 1818.415,
        "orientation": "EW",
        "row": 83,
        "segment": 0
      },
      "type": "Feature"
    },
    {
      "geometry": {
        "coordinates": [
          [
            6.501262011081911,
            51.053584180038534
          ],
          [
            6.506416087658423,
            51.05369431680254
          ]
        ],
        "type": "LineString"
      },
      "properties": {
        "length_m": 361.586,
        "orientation": "EW",
        "row": 83,
        "segment": 1
      },
      "type": "Feature"
    },
    {
      "geometry": {
        "coordinates": [
          [
            6.473740188731408,
            51.05318289213608
          ],
          [
            6.499348566704748,
            51.05373391116055
          ]
        ],
        "type": "LineString"
      },
      "properties": {
        "length_m": 1796.594,
        "orientation": "EW",
        "row": 84,
        "segment": 0
      },
      "type": "Feature"
    },
    {
      "geometry": {
        "coordinates": [
          [
            6.501226570278413,
            51.05377409909925
          ],
          [
            6.506883506083804,
            51.053894970741496
          ]
        ],
        "type": "LineString"
      },
      "properties": {
        "length_m": 396.862,
        "orientation": "EW",
        "row": 84,
        "segment": 1
      },
      "type": "Feature"
    },
    {
      "geometry": {
        "coordinates": [
          [
            6.474014417282915,
            51.053379500560425
          ],
          [
            6.499289698647839,
            51.05392332817121
          ]
        ],
        "type": "LineString"
      },
      "properties": {
        "length_m": 1773.218,
        "orientation": "EW",
        "row": 85,
        "segment": 0
      },
      "type": "Feature"
    },
    {
      "geometry": {
        "coordinates": [
          [
            6.501191129157779,
            51.05396401813953
          ],
          [
            6.5073504092010666,
            51.05409561177699
          ]
        ],
        "type": "LineString"
      },
      "properties": {
        "length_m": 432.102,
        "orientation": "EW",
        "row": 85,
        "segment": 1
      },
      "type": "Feature"
    },
    {
      "geometry": {
        "coordinates": [
          [
            6.4742886481518305,
            51.053576108367736
          ],
          [
            6.499227910385128,
            51.05411268263412
          ]
        ],
        "type": "LineString"
      },
      "properties": {
        "length_m": 1749.636,
        "orientation": "EW",
        "row": 86,
        "segment": 0
      },
      "type": "Feature"
    },
    {
      "geometry": {
        "coordinates": [
          [
            6.501155687720003,
            51.054153937159384
          ],
          [
            6.507817316391674,
            51.05429625099607
          ]
        ],
        "type": "LineString"
      },
      "properties": {
        "length_m": 467.342,
        "orientation": "EW",
        "row": 86,
        "segment": 1
      },
      "type": "Feature"
    },
    {
      "geometry": {
        "coordinates": [
          [
            6.474562881338181,
            51.05377271555804
          ],
          [
            6.49916612159199,
            51.05430203705168
          ]
        ],
        "type": "LineString"
      },
      "properties": {
        "length_m": 1726.055,
        "orientation": "EW",
        "row": 87,
        "segment": 0
      },
      "type": "Feature"
    },
    {
      "geometry": {
        "coordinates": [
          [
            6.501098464447417,
            51.05434339020537
          ],
          [
            6.508284227655648,
            51.05449688839874
          ]
        ],
        "type": "LineString"
      },
      "properties": {
        "length_m": 504.111,
        "orientation": "EW",
        "row": 87,
        "segment": 1
      },
      "type": "Feature"
    },
    {
      "geometry": {
        "coordinates": [
          [
            6.4748371168419965,
            51.05396932213127
          ],
          [
            6.4991043322684146,
            51.05449139142392
          ]
        ],
        "type": "LineString"
      },
      "properties": {
        "length_m": 1702.474,
        "orientation": "EW",
        "row": 88,
        "segment": 0
      },
      "type": "Feature"
    },
    {
      "geometry": {
        "coordinates": [
          [
            6.501032510536203,
            51.054532656449474
          ],
          [
            6.508751142993009,
            51.054697523984935
          ]
        ],
        "type": "LineString"
      },
      "properties": {
        "length_m": 541.491,
        "orientation": "EW",
        "row": 88,
        "segment": 1
      },
      "type": "Feature"
    },
    {
      "geometry": {
        "coordinates": [
          [
            6.475111354663308,
            51.05416592808745
          ],
          [
            6.499028122828329,
            51.05468043702936
          ]
        ],
        "type": "LineString"
      },
      "properties": {
        "length_m": 1677.881,
        "orientation": "EW",
        "row": 89,
        "segment": 0
      },
      "type": "Feature"
    },
    {
      "geometry": {
        "coordinates": [
          [
            6.5009665560610035,
            51.054721922643246
          ],
          [
            6.50921806240378,
            51.054898157754614
          ]
        ],
        "type": "LineString"
      },
      "properties": {
        "length_m": 578.872,
        "orientation": "EW",
        "row": 89,
        "segment": 1
      },
      "type": "Feature"
    },
    {
      "geometry": {
        "coordinates": [
          [
            6.475385594802144,
            51.05436253342654
          ],
          [
            6.498946608868382,
            51.054869369011826
          ]
        ],
        "type": "LineString"
      },
      "properties": {
        "length_m": 1652.916,
        "orientation": "EW",
        "row": 90,
        "segment": 0
      },
      "type": "Feature"
    },
    {
      "geometry": {
        "coordinates": [
          [
            6.500900601021814,
            51.05491118878667
          ],
          [
            6.509684985887979,
            51.05509878970774
          ]
        ],
        "type": "LineString"
      },
      "properties": {
        "length_m": 616.252,
        "orientation": "EW",
        "row": 90,
        "segment": 1
      },
      "type": "Feature"
    },
    {
      "geometry": {
        "coordinates": [
          [
            6.475673851503991,
            51.05455944099918
          ],
          [
            6.498865094219431,
            51.05505830092255
          ]
        ],
        "type": "LineString"
      },
      "properties": {
        "length_m": 1626.968,
        "orientation": "EW",
        "row": 91,
        "segment": 0
      },
      "type": "Feature"
    },
    {
      "geometry": {
        "coordinates": [
          [
            6.500834645418624,
            51.05510045487973
          ],
          [
            6.51015191344563,
            51.055299419844275
          ]
        ],
        "type": "LineString"
      },
      "properties": {
        "length_m": 653.633,
        "orientation": "EW",
        "row": 91,
        "segment": 1
      },
      "type": "Feature"
    },
    {
      "geometry": {
        "coordinates": [
          [
            6.475965402100882,
            51.05475641900939
          ],
          [
            6.498783578881465,
            51.05524723276153
          ]
        ],
        "type": "LineString"
      },
      "properties": {
        "length_m": 1600.789,
        "orientation": "EW",
        "row": 92,
        "segment": 0
      },
      "type": "Feature"
    },
    {
      "geometry": {
        "coordinates": [
          [
            6.500761281080318,
            51.055289562425024
          ],
          [
            6.510618845076753,
            51.05550004816418
          ]
        ],
        "type": "LineString"
      },
      "properties": {
        "length_m": 691.533,
        "orientation": "EW",
        "row": 92,
        "segment": 1
      },
      "type": "Feature"
    },
    {
      "geometry": {
        "coordinates": [
          [
            6.476256955169625,
            51.05495339632075
          ],
          [
            6.498702062854473,
            51.05543616452878
          ]
        ],
        "type": "LineString"
      },
      "properties": {
        "length_m": 1574.61,
        "orientation": "EW",
        "row": 93,
        "segment": 0
      },
      "type": "Feature"
    },
    {
      "geometry": {
        "coordinates": [
          [
            6.500685280127632,
            51.05547861351175
          ],
          [
            6.511118467348964,
            51.0557013710964
          ]
        ],
        "type": "LineString"
      },
      "properties": {
        "length_m": 731.911,
        "orientation": "EW",
        "row": 93,
        "segment": 1
      },
      "type": "Feature"
    },
    {
      "geometry": {
        "coordinates": [
          [
            6.476548510710255,
            51.05515037293328
          ],
          [
            6.498620546138447,
            51.05562509622429
          ]
        ],
        "type": "LineString"
      },
      "properties": {
        "length_m": 1548.431,
        "orientation": "EW",
        "row": 94,
        "segment": 0
      },
      "type": "Feature"
    },
    {
      "geometry": {
        "coordinates": [
          [
            6.500609278530163,
            51.055667664534795
          ],
          [
            6.511619380827064,
            51.055902719357235
          ]
        ],
        "type": "LineString"
      },
      "properties": {
        "length_m": 772.38,
        "orientation": "EW",
        "row": 94,
        "segment": 1
      },
      "type": "Feature"
    },
    {
      "geometry": {
        "coordinates": [
          [
            6.4768400687227965,
            51.05534734884692
          ],
          [
            6.498539028733375,
            51.05581402784805
          ]
        ],
        "type": "LineString"
      },
      "properties": {
        "length_m": 1522.252,
        "orientation": "EW",
        "row": 95,
        "segment": 0
      },
      "type": "Feature"
    },
    {
      "geometry": {
        "coordinates": [
          [
            6.5005332762879,
            51.055856715494144
          ],
          [
            6.512120298697804,
            51.05610406552406
          ]
        ],
        "type": "LineString"
      },
      "properties": {
        "length_m": 812.848,
        "orientation": "EW",
        "row": 95,
        "segment": 1
      },
      "type": "Feature"
    },
    {
      "geometry": {
        "coordinates": [
          [
            6.477131629207284,
            51.05554432406169
          ],
          [
            6.498440796132201,
            51.05600260146425
          ]
        ],
        "type": "LineString"
      },
      "properties": {
        "length_m": 1494.901,
        "orientation": "EW",
        "row": 96,
        "segment": 0
      },
      "type": "Feature"
    },
    {
      "geometry": {
        "coordinates": [
          [
            6.5004572734008335,
            51.0560457663898
          ],
          [
            6.512621220961198,
            51.05630540959683
          ]
        ],
        "type": "LineString"
      },
      "properties": {
        "length_m": 853.317,
        "orientation": "EW",
        "row": 96,
        "segment": 1
      },
      "type": "Feature"
    },
    {
      "geometry": {
        "coordinates": [
          [
            6.522056579783171,
            51.056505936482445
          ],
          [
            6.522174200245809,
            51.05650843141796
          ]
        ],
        "type": "LineString"
      },
      "properties": {
        "length_m": 8.251,
        "orientation": "EW",
        "row": 96,
        "segment": 2
      },
      "type": "Feature"
    },
    {
      "geometry": {
        "coordinates": [
          [
            6.4774231921637435,
            51.05574129857756
          ],
          [
            6.498336166636073,
            51.05619103800546
          ]
        ],
        "type": "LineString"
      },
      "properties": {
        "length_m": 1467.1,
        "orientation": "EW",
        "row": 97,
        "segment": 0
      },
      "type": "Feature"
    },
    {
      "geometry": {
        "coordinates": [
          [
            6.500381269868953,
            51.0562348172218
          ],
          [
            6.513122147617264,
            51.0565067515755
          ]
        ],
        "type": "LineString"
      },
      "properties": {
        "length_m": 893.786,
        "orientation": "EW",
        "row": 97,
        "segment": 1
      },
      "type": "Feature"
    },
    {
      "geometry": {
        "coordinates": [
          [
            6.521567894512824,
            51.05668624582833
          ],
          [
            6.522349748571826,
            51.05670283134453
          ]
        ],
        "type": "LineString"
      },
      "properties": {
        "length_m": 54.847,
        "orientation": "EW",
        "row": 97,
        "segment": 2
      },
      "type": "Feature"
    },
    {
      "geometry": {
        "coordinates": [
          [
            6.477714131265474,
            51.05593825887059
          ],
          [
            6.498231536266304,
            51.05637947443551
          ]
        ],
        "type": "LineString"
      },
      "properties": {
        "length_m": 1439.344,
        "orientation": "EW",
        "row": 98,
        "segment": 0
      },
      "type": "Feature"
    },
    {
      "geometry": {
        "coordinates": [
          [
            6.500305265692247,
            51.05642386799009
          ],
          [
            6.513623078666017,
            51.05670809146
          ]
        ],
        "type": "LineString"
      },
      "properties": {
        "length_m": 934.254,
        "orientation": "EW",
        "row": 98,
        "segment": 1
      },
      "type": "Feature"
    },
    {
      "geometry": {
        "coordinates": [
          [
            6.521079205490716,
            51.05686655307186
          ],
          [
            6.522525298349849,
            51.05689723102175
          ]
        ],
        "type": "LineString"
      },
      "properties": {
        "length_m": 101.443,
        "orientation": "EW",
        "row": 98,
        "segment": 2
      },
      "type": "Feature"
    },
    {
      "geometry": {
        "coordinates": [
          [
            6.477826813708046,
            51.0561313697354
          ],
          [
            6.498126905022879,
            51.056567910754424
          ]
        ],
        "type": "LineString"
      },
      "properties": {
        "length_m": 1424.093,
        "orientation": "EW",
        "row": 99,
        "segment": 0
      },
      "type": "Feature"
    },
    {
      "geometry": {
        "coordinates": [
          [
            6.500211409575928,
            51.05661253668773
          ],
          [
            6.514124014107469,
            51.056909429250304
          ]
        ],
        "type": "LineString"
      },
      "properties": {
        "length_m": 975.975,
        "orientation": "EW",
        "row": 99,
        "segment": 1
      },
      "type": "Feature"
    },
    {
      "geometry": {
        "coordinates": [
          [
            6.520590512716851,
            51.05704685821302
          ],
          [
            6.522698941698826,
            51.05709158998987
          ]
        ],
        "type": "LineString"
      },
      "properties": {
        "length_m": 147.905,
        "orientation": "EW",
        "row": 99,
        "segment": 2
      },
      "type": "Feature"
    },
    {
      "geometry": {
        "coordinates": [
          [
            6.477701159251886,
            51.05631933444004
          ],
          [
            6.498047733189913,
            51.05675689227324
          ]
        ],
        "type": "LineString"
      },
      "properties": {
        "length_m": 1427.348,
        "orientation": "EW",
        "row": 100,
        "segment": 0
      },
      "type": "Feature"
    },
    {
      "geometry": {
        "coordinates": [
          [
            6.500117864405001,
            51.0568012119649
          ],
          [
            6.514624953941637,
            51.05711076494638
          ]
        ],
        "type": "LineString"
      },
      "properties": {
        "length_m": 1017.674,
        "orientation": "EW",
        "row": 100,
        "segment": 1
      },
      "type": "Feature"
    },
    {
      "geometry": {
        "coordinates": [
          [
            6.520747743515037,
            51.05724087178281
          ],
          [
            6.522848938829241,
            51.05728544726012
          ]
        ],
        "type": "LineString"
      },
      "properties": {
        "length_m": 147.396,
        "orientation": "EW",
        "row": 100,
        "segment": 2
      },
      "type": "Feature"
    },
    {
      "geometry": {
        "coordinates": [
          [
            6.4774415939888135,
            51.05650440732983
          ],
          [
            6.4979708122195206,
            51.05694592194858
          ]
        ],
        "type": "LineString"
      },
      "properties": {
        "length_m": 1440.155,
        "orientation": "EW",
        "row": 101,
        "segment": 0
      },
      "type": "Feature"
    },
    {
      "geometry": {
        "coordinates": [
          [
            6.5000287248846105,
            51.05698998145309
          ],
          [
            6.515126439473355,
            51.05731211006253
          ]
        ],
        "type": "LineString"
      },
      "properties": {
        "length_m": 1059.102,
        "orientation": "EW",
        "row": 101,
        "segment": 1
      },
      "type": "Feature"
    },
    {
      "geometry": {
        "coordinates": [
          [
            6.5207973824896,
            51.057432601765534
          ],
          [
            6.522998937191717,
            51.05747930434924
          ]
        ],
        "type": "LineString"
      },
      "properties": {
        "length_m": 154.436,
        "orientation": "EW",
        "row": 101,
        "segment": 2
      },
      "type": "Feature"
    },
    {
      "geometry": {
        "coordinates": [
          [
            6.524963723711609,
            51.05752094916628
          ],
          [
            6.525316915928233,
            51.05752843177512
          ]
        ],
        "type": "LineString"
      },
      "properties": {
        "length_m": 24.776,
        "orientation": "EW",
        "row": 101,
        "segment": 3
      },
      "type": "Feature"
    },
    {
      "geometry": {
        "coordinates": [
          [
            6.477182026648979,
            51.056689479608245
          ],
          [
            6.497828307610351,
            51.0571335468018
          ]
        ],
        "type": "LineString"
      },
      "properties": {
        "length_m": 1448.362,
        "orientation": "EW",
        "row": 102,
        "segment": 0
      },
      "type": "Feature"
    },
    {
      "geometry": {
        "coordinates": [
          [
            6.499997204041296,
            51.05717998399776
          ],
          [
            6.515628444663199,
            51.05751346403792
          ]
        ],
        "type": "LineString"
      },
      "properties": {
        "length_m": 1096.523,
        "orientation": "EW",
        "row": 102,
        "segment": 1
      },
      "type": "Feature"
    },
    {
      "geometry": {
        "coordinates": [
          [
            6.520603061505719,
            51.057619154038704
          ],
          [
            6.523180184801048,
            51.05767382379537
          ]
        ],
        "type": "LineString"
      },
      "properties": {
        "length_m": 180.781,
        "orientation": "EW",
        "row": 102,
        "segment": 2
      },
      "type": "Feature"
    },
    {
      "geometry": {
        "coordinates": [
          [
            6.523924454400533,
            51.05768960174644
          ],
          [
            6.5253308249238415,
            51.05771940276783
          ]
        ],
        "type": "LineString"
      },
      "properties": {
        "length_m": 98.654,
        "orientation": "EW",
        "row": 102,
        "segment": 3
      },
      "type": "Feature"
    },
    {
      "geometry": {
        "coordinates": [
          [
            6.47692245723236,
            51.05687455127524
          ],
          [
            6.49769918557884,
            51.05732145815219
          ]
        ],
        "type": "LineString"
      },
      "properties": {
        "length_m": 1457.507,
        "orientation": "EW",
        "row": 103,
        "segment": 0
      },
      "type": "Feature"
    },
    {
      "geometry": {
        "coordinates": [
          [
            6.499959107030538,
            51.05736984579104
          ],
          [
            6.516130454255774,
            51.05771481590996
          ]
        ],
        "type": "LineString"
      },
      "properties": {
        "length_m": 1134.407,
        "orientation": "EW",
        "row": 103,
        "segment": 1
      },
      "type": "Feature"
    },
    {
      "geometry": {
        "coordinates": [
          [
            6.520286758219956,
            51.05780311671464
          ],
          [
            6.525344734006622,
            51.05791037375476
          ]
        ],
        "type": "LineString"
      },
      "properties": {
        "length_m": 354.806,
        "orientation": "EW",
        "row": 103,
        "segment": 2
      },
      "type": "Feature"
    },
    {
      "geometry": {
        "coordinates": [
          [
            6.476662885738932,
            51.05705962233082
          ],
          [
            6.497576624650133,
            51.057509509914134
          ]
        ],
        "type": "LineString"
      },
      "properties": {
        "length_m": 1467.113,
        "orientation": "EW",
        "row": 104,
        "segment": 0
      },
      "type": "Feature"
    },
    {
      "geometry": {
        "coordinates": [
          [
            6.499853967715221,
            51.05755827272323
          ],
          [
            6.5166324682510925,
            51.05791616567864
          ]
        ],
        "type": "LineString"
      },
      "properties": {
        "length_m": 1176.993,
        "orientation": "EW",
        "row": 104,
        "segment": 1
      },
      "type": "Feature"
    },
    {
      "geometry": {
        "coordinates": [
          [
            6.519970452429995,
            51.057987078493966
          ],
          [
            6.525358643176571,
            51.058101344735924
          ]
        ],
        "type": "LineString"
      },
      "properties": {
        "length_m": 377.969,
        "orientation": "EW",
        "row": 104,
        "segment": 2
      },
      "type": "Feature"
    },
    {
      "geometry": {
        "coordinates": [
          [
            6.476403312168673,
            51.05724469277497
          ],
          [
            6.497454062705434,
            51.05769756152806
          ]
        ],
        "type": "LineString"
      },
      "properties": {
        "length_m": 1476.719,
        "orientation": "EW",
        "row": 105,
        "segment": 0
      },
      "type": "Feature"
    },
    {
      "geometry": {
        "coordinates": [
          [
            6.499727505970115,
            51.057746243190714
          ],
          [
            6.517142014336142,
            51.058117673338465
          ]
        ],
        "type": "LineString"
      },
      "properties": {
        "length_m": 1221.603,
        "orientation": "EW",
        "row": 105,
        "segment": 1
      },
      "type": "Feature"
    },
    {
      "geometry": {
        "coordinates": [
          [
            6.519654144135814,
            51.058171039376624
          ],
          [
            6.5253725524336925,
            51.05829231571133
          ]
        ],
        "type": "LineString"
      },
      "properties": {
        "length_m": 401.131,
        "orientation": "EW",
        "row": 105,
        "segment": 2
      },
      "type": "Feature"
    },
    {
      "geometry": {
        "coordinates": [
          [
            6.476143736521556,
            51.05742976260768
          ],
          [
            6.494409903951823,
            51.057822984267304
          ]
        ],
        "type": "LineString"
      },
      "properties": {
        "length_m": 1281.377,
        "orientation": "EW",
        "row": 106,
        "segment": 0
      },
      "type": "Feature"
    },
    {
      "geometry": {
        "coordinates": [
          [
            6.495289954425995,
            51.057841857153846
          ],
          [
            6.497331499744726,
            51.05788561299395
          ]
        ],
        "type": "LineString"
      },
      "properties": {
        "length_m": 143.213,
        "orientation": "EW",
        "row": 106,
        "segment": 1
      },
      "type": "Feature"
    },
    {
      "geometry": {
        "coordinates": [
          [
            6.499601043178162,
            51.05793421350143
          ],
          [
            6.517659430931422,
            51.05831934598134
          ]
        ],
        "type": "LineString"
      },
      "properties": {
        "length_m": 1266.765,
        "orientation": "EW",
        "row": 106,
        "segment": 2
      },
      "type": "Feature"
    },
    {
      "geometry": {
        "coordinates": [
          [
            6.519337833337388,
            51.05835499936262
          ],
          [
            6.525386461777989,
            51.05848328668097
          ]
        ],
        "type": "LineString"
      },
      "properties": {
        "length_m": 424.294,
        "orientation": "EW",
        "row": 106,
        "segment": 3
      },
      "type": "Feature"
    },
    {
      "geometry": {
        "coordinates": [
          [
            6.475884158797559,
            51.05761483182894
          ],
          [
            6.494245388563866,
            51.05801013273915
          ]
        ],
        "type": "LineString"
      },
      "properties": {
        "length_m": 1288.04,
        "orientation": "EW",
        "row": 107,
        "segment": 0
      },
      "type": "Feature"
    },
    {
      "geometry": {
        "coordinates": [
          [
            6.496233162177834,
            51.058052754307134
          ],
          [
            6.497208935767994,
            51.05807366431182
          ]
        ],
        "type": "LineString"
      },
      "properties": {
        "length_m": 68.45,
        "orientation": "EW",
        "row": 107,
        "segment": 1
      },
      "type": "Feature"
    },
    {
      "geometry": {
        "coordinates": [
          [
            6.499474579339346,
            51.0581221836554
          ],
          [
            6.518176852075013,
            51.05852101638828
          ]
        ],
        "type": "LineString"
      },
      "properties": {
        "length_m": 1311.926,
        "orientation": "EW",
        "row": 107,
        "segment": 2
      },
      "type": "Feature"
    },
    {
      "geometry": {
        "coordinates": [
          [
            6.519021520034695,
            51.058538958451926
          ],
          [
            6.525400371209458,
            51.058674257644846
          ]
        ],
        "type": "LineString"
      },
      "properties": {
        "length_m": 447.456,
        "orientation": "EW",
        "row": 107,
        "segment": 3
      },
      "type": "Feature"
    },
    {
      "geometry": {
        "coordinates": [
          [
            6.475624578996656,
            51.05779990043875
          ],
          [
            6.4941035545663075,
            51.05819776753772
          ]
        ],
        "type": "LineString"
      },
      "properties": {
        "length_m": 1296.295,
        "orientation": "EW",
        "row": 108,
        "segment": 0
      },
      "type": "Feature"
    },
    {
      "geometry": {
        "coordinates": [
          [
            6.49934811445365,
            51.05831015365261
          ],
          [
            6.525414280728106,
            51.05886522860298
          ]
        ],
        "type": "LineString"
      },
      "properties": {
        "length_m": 1828.473,
        "orientation": "EW",
        "row": 108,
        "segment": 1
      },
      "type": "Feature"
    },
    {
      "geometry": {
        "coordinates": [
          [
            6.475364997118825,
            51.05798496843708
          ],
          [
            6.493961719400649,
            51.0583854021425
          ]
        ],
        "type": "LineString"
      },
      "properties": {
        "length_m": 1304.55,
        "orientation": "EW",
        "row": 109,
        "segment": 0
      },
      "type": "Feature"
    },
    {
      "geometry": {
        "coordinates": [
          [
            6.499221648521059,
            51.05849812349304
          ],
          [
            6.5254281903339315,
            51.059056199555336
          ]
        ],
        "type": "LineString"
      },
      "properties": {
        "length_m": 1838.312,
        "orientation": "EW",
        "row": 109,
        "segment": 1
      },
      "type": "Feature"
    },
    {
      "geometry": {
        "coordinates": [
          [
            6.475105413164041,
            51.05817003582393
          ],
          [
            6.4938198830668705,
            51.058573036553476
          ]
        ],
        "type": "LineString"
      },
      "properties": {
        "length_m": 1312.805,
        "orientation": "EW",
        "row": 110,
        "segment": 0
      },
      "type": "Feature"
    },
    {
      "geometry": {
        "coordinates": [
          [
            6.499095181541559,
            51.05868609317671
          ],
          [
            6.525442100026938,
            51.05924717050193
          ]
        ],
        "type": "LineString"
      },
      "properties": {
        "length_m": 1848.152,
        "orientation": "EW",
        "row": 110,
        "segment": 1
      },
      "type": "Feature"
    },
    {
      "geometry": {
        "coordinates": [
          [
            6.471213364246326,
            51.0582765244843
          ],
          [
            6.471448191962138,
            51.058281607742174
          ]
        ],
        "type": "LineString"
      },
      "properties": {
        "length_m": 16.473,
        "orientation": "EW",
        "row": 111,
        "segment": 0
      },
      "type": "Feature"
    },
    {
      "geometry": {
        "coordinates": [
          [
            6.474845827132279,
            51.05835510259928
          ],
          [
            6.493678045564959,
            51.058760670770646
          ]
        ],
        "type": "LineString"
      },
      "properties": {
        "length_m": 1321.06,
        "orientation": "EW",
        "row": 111,
        "segment": 1
      },
      "type": "Feature"
    },
    {
      "geometry": {
        "coordinates": [
          [
            6.498968713515135,
            51.05887406270359
          ],
          [
            6.525456009807127,
            51.059438141442754
          ]
        ],
        "type": "LineString"
      },
      "properties": {
        "length_m": 1857.992,
        "orientation": "EW",
        "row": 111,
        "segment": 2
      },
      "type": "Feature"
    },
    {
      "geometry": {
        "coordinates": [
          [
            6.470677567224545,
            51.05845560243832
          ],
          [
            6.471733576554965,
            51.05847846271356
          ]
        ],
        "type": "LineString"
      },
      "properties": {
        "length_m": 74.079,
        "orientation": "EW",
        "row": 112,
        "segment": 0
      },
      "type": "Feature"
    },
    {
      "geometry": {
        "coordinates": [
          [
            6.474586239023518,
            51.05854016876313
          ],
          [
            6.493536206894893,
            51.05894830479402
          ]
        ],
        "type": "LineString"
      },
      "properties": {
        "length_m": 1329.315,
        "orientation": "EW",
        "row": 112,
        "segment": 1
      },
      "type": "Feature"
    },
    {
      "geometry": {
        "coordinates": [
          [
            6.498827257773673,
            51.05906171119603
          ],
          [
            6.525469919674498,
            51.05962911237784
          ]
        ],
        "type": "LineString"
      },
      "properties": {
        "length_m": 1868.882,
        "orientation": "EW",
        "row": 112,
        "segment": 2
      },
      "type": "Feature"
    },
    {
      "geometry": {
        "coordinates": [
          [
            6.470141766128871,
            51.05863467787096
          ],
          [
            6.472018963565044,
            51.058675317015876
          ]
        ],
        "type": "LineString"
      },
      "properties": {
        "length_m": 131.684,
        "orientation": "EW",
        "row": 113,
        "segment": 0
      },
      "type": "Feature"
    },
    {
      "geometry": {
        "coordinates": [
          [
            6.474326648837731,
            51.05872523431546
          ],
          [
            6.493394367056657,
            51.059135938623584
          ]
        ],
        "type": "LineString"
      },
      "properties": {
        "length_m": 1337.569,
        "orientation": "EW",
        "row": 113,
        "segment": 1
      },
      "type": "Feature"
    },
    {
      "geometry": {
        "coordinates": [
          [
            6.498672976233756,
            51.059249084892315
          ],
          [
            6.525483829629055,
            51.05982008330713
          ]
        ],
        "type": "LineString"
      },
      "properties": {
        "length_m": 1880.673,
        "orientation": "EW",
        "row": 113,
        "segment": 2
      },
      "type": "Feature"
    },
    {
      "geometry": {
        "coordinates": [
          [
            6.469605960959319,
            51.05881375078218
          ],
          [
            6.472304352992407,
            51.0588721706491
          ]
        ],
        "type": "LineString"
      },
      "properties": {
        "length_m": 189.29,
        "orientation": "EW",
        "row": 114,
        "segment": 0
      },
      "type": "Feature"
    },
    {
      "geometry": {
        "coordinates": [
          [
            6.474067056574895,
            51.058910299256276
          ],
          [
            6.4932525260502345,
            51.05932357225933
          ]
        ],
        "type": "LineString"
      },
      "properties": {
        "length_m": 1345.824,
        "orientation": "EW",
        "row": 114,
        "segment": 1
      },
      "type": "Feature"
    },
    {
      "geometry": {
        "coordinates": [
          [
            6.498518693427957,
            51.05943645836192
          ],
          [
            6.525497739670797,
            51.060011054230685
          ]
        ],
        "type": "LineString"
      },
      "properties": {
        "length_m": 1892.463,
        "orientation": "EW",
        "row": 114,
        "segment": 2
      },
      "type": "Feature"
    },
    {
      "geometry": {
        "coordinates": [
          [
            6.469070151715901,
            51.058992821171934
          ],
          [
            6.472589744837082,
            51.05906902361325
          ]
        ],
        "type": "LineString"
      },
      "properties": {
        "length_m": 246.896,
        "orientation": "EW",
        "row": 115,
        "segment": 0
      },
      "type": "Feature"
    },
    {
      "geometry": {
        "coordinates": [
          [
            6.473807462234987,
            51.059095363585534
          ],
          [
            6.493110683875609,
            51.05951120570126
          ]
        ],
        "type": "LineString"
      },
      "properties": {
        "length_m": 1354.079,
        "orientation": "EW",
        "row": 115,
        "segment": 1
      },
      "type": "Feature"
    },
    {
      "geometry": {
        "coordinates": [
          [
            6.498364409356258,
            51.05962383160483
          ],
          [
            6.525511649799729,
            51.06020202514847
          ]
        ],
        "type": "LineString"
      },
      "properties": {
        "length_m": 1904.254,
        "orientation": "EW",
        "row": 115,
        "segment": 2
      },
      "type": "Feature"
    },
    {
      "geometry": {
        "coordinates": [
          [
            6.468534338398632,
            51.05917188904015
          ],
          [
            6.472875139099098,
            51.059265875908274
          ]
        ],
        "type": "LineString"
      },
      "properties": {
        "length_m": 304.501,
        "orientation": "EW",
        "row": 116,
        "segment": 0
      },
      "type": "Feature"
    },
    {
      "geometry": {
        "coordinates": [
          [
            6.473547319572768,
            51.05928041548927
          ],
          [
            6.492968840532763,
            51.05969883894936
          ]
        ],
        "type": "LineString"
      },
      "properties": {
        "length_m": 1362.372,
        "orientation": "EW",
        "row": 116,
        "segment": 1
      },
      "type": "Feature"
    },
    {
      "geometry": {
        "coordinates": [
          [
            6.498210124018644,
            51.059811204621035
          ],
          [
            6.525525560015851,
            51.06039299606049
          ]
        ],
        "type": "LineString"
      },
      "properties": {
        "length_m": 1916.044,
        "orientation": "EW",
        "row": 116,
        "segment": 2
      },
      "type": "Feature"
    },
    {
      "geometry": {
        "coordinates": [
          [
            6.467998521007524,
            51.05935095438682
          ],
          [
            6.492826996021677,
            51.059886472003654
          ]
        ],
        "type": "LineString"
      },
      "properties": {
        "length_m": 1741.656,
        "orientation": "EW",
        "row": 117,
        "segment": 0
      },
      "type": "Feature"
    },
    {
      "geometry": {
        "coordinates": [
          [
            6.498058870704281,
            51.05999864237567
          ],
          [
            6.525539470319164,
            51.06058396696676
          ]
        ],
        "type": "LineString"
      },
      "properties": {
        "length_m": 1927.622,
        "orientation": "EW",
        "row": 117,
        "segment": 1
      },
      "type": "Feature"
    },
    {
      "geometry": {
        "coordinates": [
          [
            6.467462699542593,
            51.05953001721188
          ],
          [
            6.492685150342337,
            51.06007410486409
          ]
        ],
        "type": "LineString"
      },
      "properties": {
        "length_m": 1769.286,
        "orientation": "EW",
        "row": 118,
        "segment": 0
      },
      "type": "Feature"
    },
    {
      "geometry": {
        "coordinates": [
          [
            6.497918167322054,
            51.060186305903166
          ],
          [
            6.525553380709672,
            51.06077493786725
          ]
        ],
        "type": "LineString"
      },
      "properties": {
        "length_m": 1938.459,
        "orientation": "EW",
        "row": 118,
        "segment": 1
      },
      "type": "Feature"
    },
    {
      "geometry": {
        "coordinates": [
          [
            6.46692687400385,
            51.05970907751528
          ],
          [
            6.492543303494722,
            51.06026173753073
          ]
        ],
        "type": "LineString"
      },
      "properties": {
        "length_m": 1796.916,
        "orientation": "EW",
        "row": 119,
        "segment": 0
      },
      "type": "Feature"
    },
    {
      "geometry": {
        "coordinates": [
          [
            6.497777462780547,
            51.06037396923977
          ],
          [
            6.525567941782052,
            51.06096592254252
          ]
        ],
        "type": "LineString"
      },
      "properties": {
        "length_m": 1949.343,
        "orientation": "EW",
        "row": 119,
        "segment": 1
      },
      "type": "Feature"
    },
    {
      "geometry": {
        "coordinates": [
          [
            6.466391044391308,
            51.05988813529697
          ],
          [
            6.49240145547882,
            51.06044937000352
          ]
        ],
        "type": "LineString"
      },
      "properties": {
        "length_m": 1824.546,
        "orientation": "EW",
        "row": 120,
        "segment": 0
      },
      "type": "Feature"
    },
    {
      "geometry": {
        "coordinates": [
          [
            6.497636757079741,
            51.06056163238545
          ],
          [
            6.525599406382435,
            51.06115726524712
          ]
        ],
        "type": "LineString"
      },
      "properties": {
        "length_m": 1961.411,
        "orientation": "EW",
        "row": 120,
        "segment": 1
      },
      "type": "Feature"
    },
    {
      "geometry": {
        "coordinates": [
          [
            6.4658552107049845,
            51.060067190556936
          ],
          [
            6.492242821318307,
            51.060636641958574
          ]
        ],
        "type": "LineString"
      },
      "properties": {
        "length_m": 1850.998,
        "orientation": "EW",
        "row": 121,
        "segment": 0
      },
      "type": "Feature"
    },
    {
      "geometry": {
        "coordinates": [
          [
            6.497496050219621,
            51.06074929534022
          ],
          [
            6.525630958191018,
            51.06134860978335
          ]
        ],
        "type": "LineString"
      },
      "properties": {
        "length_m": 1973.486,
        "orientation": "EW",
        "row": 121,
        "segment": 1
      },
      "type": "Feature"
    },
    {
      "geometry": {
        "coordinates": [
          [
            6.46531937294489,
            51.06024624329509
          ],
          [
            6.492083553090449,
            51.060823900090234
          ]
        ],
        "type": "LineString"
      },
      "properties": {
        "length_m": 1877.406,
        "orientation": "EW",
        "row": 122,
        "segment": 0
      },
      "type": "Feature"
    },
    {
      "geometry": {
        "coordinates": [
          [
            6.4973553422001675,
            51.060936958104065
          ],
          [
            6.525662510232704,
            51.06153995430894
          ]
        ],
        "type": "LineString"
      },
      "properties": {
        "length_m": 1985.561,
        "orientation": "EW",
        "row": 122,
        "segment": 1
      },
      "type": "Feature"
    },
    {
      "geometry": {
        "coordinates": [
          [
            6.464783531111038,
            51.060425293511415
          ],
          [
            6.491924283557594,
            51.06101115798121
          ]
        ],
        "type": "LineString"
      },
      "properties": {
        "length_m": 1903.814,
        "orientation": "EW",
        "row": 123,
        "segment": 0
      },
      "type": "Feature"
    },
    {
      "geometry": {
        "coordinates": [
          [
            6.497214633021365,
            51.06112462067699
          ],
          [
            6.5256940625074975,
            51.06173129882391
          ]
        ],
        "type": "LineString"
      },
      "properties": {
        "length_m": 1997.636,
        "orientation": "EW",
        "row": 123,
        "segment": 1
      },
      "type": "Feature"
    },
    {
      "geometry": {
        "coordinates": [
          [
            6.452320287800031,
            51.0603448222079
          ],
          [
            6.453117580105663,
            51.060362207922026
          ]
        ],
        "type": "LineString"
      },
      "properties": {
        "length_m": 55.928,
        "orientation": "EW",
        "row": 124,
        "segment": 0
      },
      "type": "Feature"
    },
    {
      "geometry": {
        "coordinates": [
          [
            6.464525553037301,
            51.06061037257541
          ],
          [
            6.491765012719725,
            51.06119841563152
          ]
        ],
        "type": "LineString"
      },
      "properties": {
        "length_m": 1910.731,
        "orientation": "EW",
        "row": 124,
        "segment": 1
      },
      "type": "Feature"
    },
    {
      "geometry": {
        "coordinates": [
          [
            6.4970565577942,
            51.0613119110045
          ],
          [
            6.525725615015402,
            51.06192264332824
          ]
        ],
        "type": "LineString"
      },
      "properties": {
        "length_m": 2010.929,
        "orientation": "EW",
        "row": 124,
        "segment": 2
      },
      "type": "Feature"
    },
    {
      "geometry": {
        "coordinates": [
          [
            6.452218736752013,
            51.06053328590725
          ],
          [
            6.454221605970421,
            51.06057695169583
          ]
        ],
        "type": "LineString"
      },
      "properties": {
        "length_m": 140.496,
        "orientation": "EW",
        "row": 125,
        "segment": 0
      },
      "type": "Feature"
    },
    {
      "geometry": {
        "coordinates": [
          [
            6.464487248792485,
            51.06080021930702
          ],
          [
            6.49160574057682,
            51.061385673041165
          ]
        ],
        "type": "LineString"
      },
      "properties": {
        "length_m": 1902.238,
        "orientation": "EW",
        "row": 125,
        "segment": 1
      },
      "type": "Feature"
    },
    {
      "geometry": {
        "coordinates": [
          [
            6.496896276882447,
            51.06149915386112
          ],
          [
            6.525757167756422,
            51.06211398782193
          ]
        ],
        "type": "LineString"
      },
      "properties": {
        "length_m": 2024.377,
        "orientation": "EW",
        "row": 125,
        "segment": 2
      },
      "type": "Feature"
    },
    {
      "geometry": {
        "coordinates": [
          [
            6.452117184854452,
            51.06072174950105
          ],
          [
            6.455325642396157,
            51.06079168517252
          ]
        ],
        "type": "LineString"
      },
      "properties": {
        "length_m": 225.064,
        "orientation": "EW",
        "row": 126,
        "segment": 0
      },
      "type": "Feature"
    },
    {
      "geometry": {
        "coordinates": [
          [
            6.4640006100242,
            51.06098033392814
          ],
          [
            6.491446467128864,
            51.06157293021012
          ]
        ],
        "type": "LineString"
      },
      "properties": {
        "length_m": 1925.194,
        "orientation": "EW",
        "row": 126,
        "segment": 1
      },
      "type": "Feature"
    },
    {
      "geometry": {
        "coordinates": [
          [
            6.496735994657737,
            51.06168639647423
          ],
          [
            6.525788720730561,
            51.06230533230498
          ]
        ],
        "type": "LineString"
      },
      "properties": {
        "length_m": 2037.824,
        "orientation": "EW",
        "row": 126,
        "segment": 2
      },
      "type": "Feature"
    },
    {
      "geometry": {
        "coordinates": [
          [
            6.452015632107335,
            51.06091021298926
          ],
          [
            6.456429689382412,
            51.06100640835183
          ]
        ],
        "type": "LineString"
      },
      "properties": {
        "length_m": 309.633,
        "orientation": "EW",
        "row": 127,
        "segment": 0
      },
      "type": "Feature"
    },
    {
      "geometry": {
        "coordinates": [
          [
            6.463010461811488,
            51.06114951261464
          ],
          [
            6.491287192375836,
            51.06176018713839
          ]
        ],
        "type": "LineString"
      },
      "properties": {
        "length_m": 1983.469,
        "orientation": "EW",
        "row": 127,
        "segment": 1
      },
      "type": "Feature"
    },
    {
      "geometry": {
        "coordinates": [
          [
            6.49657571112005,
            51.06187363884382
          ],
          [
            6.525820273937822,
            51.06249667677741
          ]
        ],
        "type": "LineString"
      },
      "properties": {
        "length_m": 2051.272,
        "orientation": "EW",
        "row": 127,
        "segment": 2
      },
      "type": "Feature"
    },
    {
      "geometry": {
        "coordinates": [
          [
            6.451914078510645,
            51.06109867637193
          ],
          [
            6.457533746928722,
            51.06122112123354
          ]
        ],
        "type": "LineString"
      },
      "properties": {
        "length_m": 394.201,
        "orientation": "EW",
        "row": 128,
        "segment": 0
      },
      "type": "Feature"
    },
    {
      "geometry": {
        "coordinates": [
          [
            6.46202030665382,
            51.06131868280055
          ],
          [
            6.491127916317717,
            51.061947443825986
          ]
        ],
        "type": "LineString"
      },
      "properties": {
        "length_m": 2041.744,
        "orientation": "EW",
        "row": 128,
        "segment": 1
      },
      "type": "Feature"
    },
    {
      "geometry": {
        "coordinates": [
          [
            6.496415426269371,
            51.06206088096988
          ],
          [
            6.525851827378212,
            51.062688021239204
          ]
        ],
        "type": "LineString"
      },
      "properties": {
        "length_m": 2064.72,
        "orientation": "EW",
        "row": 128,
        "segment": 2
      },
      "type": "Feature"
    },
    {
      "geometry": {
        "coordinates": [
          [
            6.451812524064373,
            51.06128713964902
          ],
          [
            6.45863781503463,
            51.06143582381738
          ]
        ],
        "type": "LineString"
      },
      "properties": {
        "length_m": 478.769,
        "orientation": "EW",
        "row": 129,
        "segment": 0
      },
      "type": "Feature"
    },
    {
      "geometry": {
        "coordinates": [
          [
            6.461030144551571,
            51.06148784448576
          ],
          [
            6.490968638954491,
            51.06213470027288
          ]
        ],
        "type": "LineString"
      },
      "properties": {
        "length_m": 2100.019,
        "orientation": "EW",
        "row": 129,
        "segment": 1
      },
      "type": "Feature"
    },
    {
      "geometry": {
        "coordinates": [
          [
            6.496255140105677,
            51.062248122852424
          ],
          [
            6.525883381051733,
            51.06287936569036
          ]
        ],
        "type": "LineString"
      },
      "properties": {
        "length_m": 2078.167,
        "orientation": "EW",
        "row": 129,
        "segment": 2
      },
      "type": "Feature"
    },
    {
      "geometry": {
        "coordinates": [
          [
            6.451710968768503,
            51.06147560282055
          ],
          [
            6.459741893699677,
            51.06165051610314
          ]
        ],
        "type": "LineString"
      },
      "properties": {
        "length_m": 563.337,
        "orientation": "EW",
        "row": 130,
        "segment": 0
      },
      "type": "Feature"
    },
    {
      "geometry": {
        "coordinates": [
          [
            6.4600399755051185,
            51.0616569976701
          ],
          [
            6.4908093602861365,
            51.062321956479074
          ]
        ],
        "type": "LineString"
      },
      "properties": {
        "length_m": 2158.294,
        "orientation": "EW",
        "row": 130,
        "segment": 1
      },
      "type": "Feature"
    },
    {
      "geometry": {
        "coordinates": [
          [
            6.496095367234514,
            51.06243537552139
          ],
          [
            6.5259149349583865,
            51.06307071013089
          ]
        ],
        "type": "LineString"
      },
      "properties": {
        "length_m": 2091.579,
        "orientation": "EW",
        "row": 130,
        "segment": 2
      },
      "type": "Feature"
    },
    {
      "geometry": {
        "coordinates": [
          [
            6.451609412623027,
            51.061664065886504
          ],
          [
            6.490650080312635,
            51.06250921244459
          ]
        ],
        "type": "LineString"
      },
      "properties": {
        "length_m": 2738.48,
        "orientation": "EW",
        "row": 131,
        "segment": 0
      },
      "type": "Feature"
    },
    {
      "geometry": {
        "coordinates": [
          [
            6.495935817896861,
            51.06262263276782
          ],
          [
            6.525946489098183,
            51.06326205456077
          ]
        ],
        "type": "LineString"
      },
      "properties": {
        "length_m": 2104.974,
        "orientation": "EW",
        "row": 131,
        "segment": 1
      },
      "type": "Feature"
    },
    {
      "geometry": {
        "coordinates": [
          [
            6.451507855627928,
            51.061852528846885
          ],
          [
            6.49049079903397,
            51.06269646816937
          ]
        ],
        "type": "LineString"
      },
      "properties": {
        "length_m": 2734.42,
        "orientation": "EW",
        "row": 132,
        "segment": 0
      },
      "type": "Feature"
    },
    {
      "geometry": {
        "coordinates": [
          [
            6.495776267251923,
            51.06280988977281
          ],
          [
            6.525979631305187,
            51.063453432606394
          ]
        ],
        "type": "LineString"
      },
      "properties": {
        "length_m": 2118.481,
        "orientation": "EW",
        "row": 132,
        "segment": 1
      },
      "type": "Feature"
    },
    {
      "geometry": {
        "coordinates": [
          [
            6.451406297783194,
            51.06204099170171
          ],
          [
            6.49033151645012,
            51.06288372365346
          ]
        ],
        "type": "LineString"
      },
      "properties": {
        "length_m": 2730.36,
        "orientation": "EW",
        "row": 133,
        "segment": 0
      },
      "type": "Feature"
    },
    {
      "geometry": {
        "coordinates": [
          [
            6.4956167152996835,
            51.06299714653636
          ],
          [
            6.526044907381653,
            51.063645491136164
          ]
        ],
        "type": "LineString"
      },
      "properties": {
        "length_m": 2134.242,
        "orientation": "EW",
        "row": 133,
        "segment": 1
      },
      "type": "Feature"
    },
    {
      "geometry": {
        "coordinates": [
          [
            6.451304739088811,
            51.06222945445095
          ],
          [
            6.4901722325610685,
            51.063070978896825
          ]
        ],
        "type": "LineString"
      },
      "properties": {
        "length_m": 2726.301,
        "orientation": "EW",
        "row": 134,
        "segment": 0
      },
      "type": "Feature"
    },
    {
      "geometry": {
        "coordinates": [
          [
            6.49545716204012,
            51.06318440305848
          ],
          [
            6.526111374416932,
            51.06383757484041
          ]
        ],
        "type": "LineString"
      },
      "properties": {
        "length_m": 2150.087,
        "orientation": "EW",
        "row": 134,
        "segment": 1
      },
      "type": "Feature"
    },
    {
      "geometry": {
        "coordinates": [
          [
            6.451203179544768,
            51.062417917094606
          ],
          [
            6.490031701841796,
            51.06325863685295
          ]
        ],
        "type": "LineString"
      },
      "properties": {
        "length_m": 2723.556,
        "orientation": "EW",
        "row": 135,
        "segment": 0
      },
      "type": "Feature"
    },
    {
      "geometry": {
        "coordinates": [
          [
            6.495297607473217,
            51.06337165933913
          ],
          [
            6.52617784197636,
            51.06402965850869
          ]
        ],
        "type": "LineString"
      },
      "properties": {
        "length_m": 2165.931,
        "orientation": "EW",
        "row": 135,
        "segment": 1
      },
      "type": "Feature"
    },
    {
      "geometry": {
        "coordinates": [
          [
            6.45110161915105,
            51.0626063796327
          ],
          [
            6.490073138092699,
            51.06345020439257
          ]
        ],
        "type": "LineString"
      },
      "properties": {
        "length_m": 2733.575,
        "orientation": "EW",
        "row": 136,
        "segment": 0
      },
      "type": "Feature"
    },
    {
      "geometry": {
        "coordinates": [
          [
            6.495138051598954,
            51.063558915378344
          ],
          [
            6.526244310059943,
            51.064221742141015
          ]
        ],
        "type": "LineString"
      },
      "properties": {
        "length_m": 2181.776,
        "orientation": "EW",
        "row": 136,
        "segment": 1
      },
      "type": "Feature"
    },
    {
      "geometry": {
        "coordinates": [
          [
            6.451000057907647,
            51.06279484206519
          ],
          [
            6.490602649944317,
            51.06365225712966
          ]
        ],
        "type": "LineString"
      },
      "properties": {
        "length_m": 2777.828,
        "orientation": "EW",
        "row": 137,
        "segment": 0
      },
      "type": "Feature"
    },
    {
      "geometry": {
        "coordinates": [
          [
            6.494978494417316,
            51.063746171176106
          ],
          [
            6.5263107786676935,
            51.06441382573737
          ]
        ],
        "type": "LineString"
      },
      "properties": {
        "length_m": 2197.62,
        "orientation": "EW",
        "row": 137,
        "segment": 1
      },
      "type": "Feature"
    },
    {
      "geometry": {
        "coordinates": [
          [
            6.450898495814542,
            51.06298330439212
          ],
          [
            6.491454931424768,
            51.06386123881522
          ]
        ],
        "type": "LineString"
      },
      "properties": {
        "length_m": 2844.721,
        "orientation": "EW",
        "row": 138,
        "segment": 0
      },
      "type": "Feature"
    },
    {
      "geometry": {
        "coordinates": [
          [
            6.494818935928279,
            51.0639334267324
          ],
          [
            6.5263772477996165,
            51.06460590929776
          ]
        ],
        "type": "LineString"
      },
      "properties": {
        "length_m": 2213.464,
        "orientation": "EW",
        "row": 138,
        "segment": 1
      },
      "type": "Feature"
    },
    {
      "geometry": {
        "coordinates": [
          [
            6.447290045265514,
            51.063095186741855
          ],
          [
            6.448408610772965,
            51.06311962430075
          ]
        ],
        "type": "LineString"
      },
      "properties": {
        "length_m": 78.461,
        "orientation": "EW",
        "row": 139,
        "segment": 0
      },
      "type": "Feature"
    },
    {
      "geometry": {
        "coordinates": [
          [
            6.450796932871725,
            51.06317176661346
          ],
          [
            6.492307220772191,
            51.064070214382994
          ]
        ],
        "type": "LineString"
      },
      "properties": {
        "length_m": 2911.613,
        "orientation": "EW",
        "row": 139,
        "segment": 1
      },
      "type": "Feature"
    },
    {
      "geometry": {
        "coordinates": [
          [
            6.494659376131827,
            51.064120682047225
          ],
          [
            6.526443717455723,
            51.06479799282218
          ]
        ],
        "type": "LineString"
      },
      "properties": {
        "length_m": 2229.309,
        "orientation": "EW",
        "row": 139,
        "segment": 2
      },
      "type": "Feature"
    },
    {
      "geometry": {
        "coordinates": [
          [
            6.4471593237413485,
            51.06328300873087
          ],
          [
            6.449441146283511,
            51.06333285133934
          ]
        ],
        "type": "LineString"
      },
      "properties": {
        "length_m": 160.055,
        "orientation": "EW",
        "row": 140,
        "segment": 0
      },
      "type": "Feature"
    },
    {
      "geometry": {
        "coordinates": [
          [
            6.450685206863221,
            51.06336000696082
          ],
          [
            6.492276866110173,
            51.06426023995913
          ]
        ],
        "type": "LineString"
      },
      "properties": {
        "length_m": 2917.308,
        "orientation": "EW",
        "row": 140,
        "segment": 1
      },
      "type": "Feature"
    },
    {
      "geometry": {
        "coordinates": [
          [
            6.494499815027942,
            51.06430793712059
          ],
          [
            6.5265101876360205,
            51.06499007631064
          ]
        ],
        "type": "LineString"
      },
      "properties": {
        "length_m": 2245.153,
        "orientation": "EW",
        "row": 140,
        "segment": 2
      },
      "type": "Feature"
    },
    {
      "geometry": {
        "coordinates": [
          [
            6.447028601136327,
            51.063470830552994
          ],
          [
            6.492105670560657,
            51.064447242083084
          ]
        ],
        "type": "LineString"
      },
      "properties": {
        "length_m": 3161.775,
        "orientation": "EW",
        "row": 141,
        "segment": 0
      },
      "type": "Feature"
    },
    {
      "geometry": {
        "coordinates": [
          [
            6.4943402526166025,
            51.06449519195248
          ],
          [
            6.5265766583405185,
            51.065182159763125
          ]
        ],
        "type": "LineString"
      },
      "properties": {
        "length_m": 2260.998,
        "orientation": "EW",
        "row": 141,
        "segment": 1
      },
      "type": "Feature"
    },
    {
      "geometry": {
        "coordinates": [
          [
            6.446897877450428,
            51.06365865220825
          ],
          [
            6.491934473612814,
            51.06463424393134
          ]
        ],
        "type": "LineString"
      },
      "properties": {
        "length_m": 3158.924,
        "orientation": "EW",
        "row": 142,
        "segment": 0
      },
      "type": "Feature"
    },
    {
      "geometry": {
        "coordinates": [
          [
            6.494180688897793,
            51.06468244654289
          ],
          [
            6.526644623947047,
            51.065374274817884
          ]
        ],
        "type": "LineString"
      },
      "properties": {
        "length_m": 2276.947,
        "orientation": "EW",
        "row": 142,
        "segment": 1
      },
      "type": "Feature"
    },
    {
      "geometry": {
        "coordinates": [
          [
            6.446767152683639,
            51.0638464736966
          ],
          [
            6.491763275266626,
            51.06482124550388
          ]
        ],
        "type": "LineString"
      },
      "properties": {
        "length_m": 3156.073,
        "orientation": "EW",
        "row": 143,
        "segment": 0
      },
      "type": "Feature"
    },
    {
      "geometry": {
        "coordinates": [
          [
            6.4940211238714936,
            51.06486970089181
          ],
          [
            6.526717599234463,
            51.06556649588301
          ]
        ],
        "type": "LineString"
      },
      "properties": {
        "length_m": 2293.248,
        "orientation": "EW",
        "row": 143,
        "segment": 1
      },
      "type": "Feature"
    },
    {
      "geometry": {
        "coordinates": [
          [
            6.446636426835945,
            51.064034295018075
          ],
          [
            6.491592075522073,
            51.065008246800694
          ]
        ],
        "type": "LineString"
      },
      "properties": {
        "length_m": 3153.222,
        "orientation": "EW",
        "row": 144,
        "segment": 0
      },
      "type": "Feature"
    },
    {
      "geometry": {
        "coordinates": [
          [
            6.493854606937321,
            51.065056805891146
          ],
          [
            6.526790575100642,
            51.065758716905144
          ]
        ],
        "type": "LineString"
      },
      "properties": {
        "length_m": 2310.036,
        "orientation": "EW",
        "row": 144,
        "segment": 1
      },
      "type": "Feature"
    },
    {
      "geometry": {
        "coordinates": [
          [
            6.446505699907326,
            51.064222116172665
          ],
          [
            6.4914212455555305,
            51.06519525579221
          ]
        ],
        "type": "LineString"
      },
      "properties": {
        "length_m": 3150.396,
        "orientation": "EW",
        "row": 145,
        "segment": 0
      },
      "type": "Feature"
    },
    {
      "geometry": {
        "coordinates": [
          [
            6.493680661843066,
            51.06524375129418
          ],
          [
            6.526863551545593,
            51.06595093788431
          ]
        ],
        "type": "LineString"
      },
      "properties": {
        "length_m": 2327.345,
        "orientation": "EW",
        "row": 145,
        "segment": 1
      },
      "type": "Feature"
    },
    {
      "geometry": {
        "coordinates": [
          [
            6.44637497189777,
            51.06440993716034
          ],
          [
            6.491251375926486,
            51.0653822851622
          ]
        ],
        "type": "LineString"
      },
      "properties": {
        "length_m": 3147.639,
        "orientation": "EW",
        "row": 146,
        "segment": 0
      },
      "type": "Feature"
    },
    {
      "geometry": {
        "coordinates": [
          [
            6.493506715329013,
            51.0654306964131
          ],
          [
            6.526936528569325,
            51.06614315882047
          ]
        ],
        "type": "LineString"
      },
      "properties": {
        "length_m": 2344.654,
        "orientation": "EW",
        "row": 146,
        "segment": 1
      },
      "type": "Feature"
    },
    {
      "geometry": {
        "coordinates": [
          [
            6.446244242807258,
            51.064597757981126
          ],
          [
            6.491081504909407,
            51.065569314260486
          ]
        ],
        "type": "LineString"
      },
      "properties": {
        "length_m": 3144.881,
        "orientation": "EW",
        "row": 147,
        "segment": 0
      },
      "type": "Feature"
    },
    {
      "geometry": {
        "coordinates": [
          [
            6.493332767395143,
            51.0656176412479
          ],
          [
            6.527009506171849,
            51.06633537971362
          ]
        ],
        "type": "LineString"
      },
      "properties": {
        "length_m": 2361.962,
        "orientation": "EW",
        "row": 147,
        "segment": 1
      },
      "type": "Feature"
    },
    {
      "geometry": {
        "coordinates": [
          [
            6.446113512635775,
            51.06478557863499
          ],
          [
            6.487887762436167,
            51.06569135813215
          ]
        ],
        "type": "LineString"
      },
      "properties": {
        "length_m": 2930.036,
        "orientation": "EW",
        "row": 148,
        "segment": 0
      },
      "type": "Feature"
    },
    {
      "geometry": {
        "coordinates": [
          [
            6.488487330432378,
            51.06570424947405
          ],
          [
            6.490911632504281,
            51.06575634308706
          ]
        ],
        "type": "LineString"
      },
      "properties": {
        "length_m": 170.035,
        "orientation": "EW",
        "row": 148,
        "segment": 1
      },
      "type": "Feature"
    },
    {
      "geometry": {
        "coordinates": [
          [
            6.493158818041434,
            51.06580458579855
          ],
          [
            6.527082484353174,
            51.06652760056379
          ]
        ],
        "type": "LineString"
      },
      "properties": {
        "length_m": 2379.271,
        "orientation": "EW",
        "row": 148,
        "segment": 2
      },
      "type": "Feature"
    },
    {
      "geometry": {
        "coordinates": [
          [
            6.445982781383304,
            51.06497339912198
          ],
          [
            6.487663184699599,
            51.06587720595324
          ]
        ],
        "type": "LineString"
      },
      "properties": {
        "length_m": 2923.442,
        "orientation": "EW",
        "row": 149,
        "segment": 0
      },
      "type": "Feature"
    },
    {
      "geometry": {
        "coordinates": [
          [
            6.489450461018573,
            51.06591562855708
          ],
          [
            6.490741758711082,
            51.06594337164194
          ]
        ],
        "type": "LineString"
      },
      "properties": {
        "length_m": 90.568,
        "orientation": "EW",
        "row": 149,
        "segment": 1
      },
      "type": "Feature"
    },
    {
      "geometry": {
        "coordinates": [
          [
            6.492984867267867,
            51.06599153006507
          ],
          [
            6.527155463113309,
            51.06671982137097
          ]
        ],
        "type": "LineString"
      },
      "properties": {
        "length_m": 2396.58,
        "orientation": "EW",
        "row": 149,
        "segment": 2
      },
      "type": "Feature"
    },
    {
      "geometry": {
        "coordinates": [
          [
            6.446571737109422,
            51.06517695248744
          ],
          [
            6.487487639768911,
            51.0660641079092
          ]
        ],
        "type": "LineString"
      },
      "properties": {
        "length_m": 2869.808,
        "orientation": "EW",
        "row": 150,
        "segment": 0
      },
      "type": "Feature"
    },
    {
      "geometry": {
        "coordinates": [
          [
            6.490428951794756,
            51.06612732958611
          ],
          [
            6.490571883529799,
            51.0661303999251
          ]
        ],
        "type": "LineString"
      },
      "properties": {
        "length_m": 10.025,
        "orientation": "EW",
        "row": 150,
        "segment": 1
      },
      "type": "Feature"
    },
    {
      "geometry": {
        "coordinates": [
          [
            6.492810915074425,
            51.066178474047454
          ],
          [
            6.527228442452264,
            51.06691204213514
          ]
        ],
        "type": "LineString"
      },
      "properties": {
        "length_m": 2413.889,
        "orientation": "EW",
        "row": 150,
        "segment": 2
      },
      "type": "Feature"
    },
    {
      "geometry": {
        "coordinates": [
          [
            6.446753134848572,
            51.065371595858885
          ],
          [
            6.487312093405947,
            51.06625100957604
          ]
        ],
        "type": "LineString"
      },
      "properties": {
        "length_m": 2844.76,
        "orientation": "EW",
        "row": 151,
        "segment": 0
      },
      "type": "Feature"
    },
    {
      "geometry": {
        "coordinates": [
          [
            6.492636961461083,
            51.066365417745686
          ],
          [
            6.527301422370049,
            51.06710426285632
          ]
        ],
        "type": "LineString"
      },
      "properties": {
        "length_m": 2431.198,
        "orientation": "EW",
        "row": 151,
        "segment": 1
      },
      "type": "Feature"
    },
    {
      "geometry": {
        "coordinates": [
          [
            6.446684462200832,
            51.06556077345947
          ],
          [
            6.4871365456106895,
            51.066437910953745
          ]
        ],
        "type": "LineString"
      },
      "properties": {
        "length_m": 2837.253,
        "orientation": "EW",
        "row": 152,
        "segment": 0
      },
      "type": "Feature"
    },
    {
      "geometry": {
        "coordinates": [
          [
            6.492463006427824,
            51.06655236115976
          ],
          [
            6.527374402866673,
            51.0672964835345
          ]
        ],
        "type": "LineString"
      },
      "properties": {
        "length_m": 2448.507,
        "orientation": "EW",
        "row": 152,
        "segment": 1
      },
      "type": "Feature"
    },
    {
      "geometry": {
        "coordinates": [
          [
            6.446542117271458,
            51.06574834071377
          ],
          [
            6.486960996383116,
            51.06662481204231
          ]
        ],
        "type": "LineString"
      },
      "properties": {
        "length_m": 2834.913,
        "orientation": "EW",
        "row": 153,
        "segment": 0
      },
      "type": "Feature"
    },
    {
      "geometry": {
        "coordinates": [
          [
            6.492289049974628,
            51.06673930428969
          ],
          [
            6.527470032963418,
            51.06748918351763
          ]
        ],
        "type": "LineString"
      },
      "properties": {
        "length_m": 2467.405,
        "orientation": "EW",
        "row": 153,
        "segment": 1
      },
      "type": "Feature"
    },
    {
      "geometry": {
        "coordinates": [
          [
            6.446399771169589,
            51.06593590777272
          ],
          [
            6.486785445723207,
            51.06681171284172
          ]
        ],
        "type": "LineString"
      },
      "properties": {
        "length_m": 2832.573,
        "orientation": "EW",
        "row": 154,
        "segment": 0
      },
      "type": "Feature"
    },
    {
      "geometry": {
        "coordinates": [
          [
            6.492900774610506,
            51.0669431108823
          ],
          [
            6.527585317472896,
            51.06768229936061
          ]
        ],
        "type": "LineString"
      },
      "properties": {
        "length_m": 2432.576,
        "orientation": "EW",
        "row": 154,
        "segment": 1
      },
      "type": "Feature"
    },
    {
      "geometry": {
        "coordinates": [
          [
            6.44625742389521,
            51.0661234746363
          ],
          [
            6.486609893630944,
            51.066998613352006
          ]
        ],
        "type": "LineString"
      },
      "properties": {
        "length_m": 2830.233,
        "orientation": "EW",
        "row": 155,
        "segment": 0
      },
      "type": "Feature"
    },
    {
      "geometry": {
        "coordinates": [
          [
            6.493537022479602,
            51.06714744037077
          ],
          [
            6.527700602918502,
            51.067875415097255
          ]
        ],
        "type": "LineString"
      },
      "properties": {
        "length_m": 2396.028,
        "orientation": "EW",
        "row": 155,
        "segment": 1
      },
      "type": "Feature"
    },
    {
      "geometry": {
        "coordinates": [
          [
            6.4461150754483,
            51.06631104130451
          ],
          [
            6.486434340106303,
            51.067185513573115
          ]
        ],
        "type": "LineString"
      },
      "properties": {
        "length_m": 2827.893,
        "orientation": "EW",
        "row": 156,
        "segment": 0
      },
      "type": "Feature"
    },
    {
      "geometry": {
        "coordinates": [
          [
            6.4941732760459905,
            51.06735176646573
          ],
          [
            6.52781588930025,
            51.06806853072758
          ]
        ],
        "type": "LineString"
      },
      "properties": {
        "length_m": 2359.479,
        "orientation": "EW",
        "row": 156,
        "segment": 1
      },
      "type": "Feature"
    },
    {
      "geometry": {
        "coordinates": [
          [
            6.445972725828841,
            51.066498607777355
          ],
          [
            6.486262353686645,
            51.06737249029034
          ]
        ],
        "type": "LineString"
      },
      "properties": {
        "length_m": 2825.803,
        "orientation": "EW",
        "row": 157,
        "segment": 0
      },
      "type": "Feature"
    },
    {
      "geometry": {
        "coordinates": [
          [
            6.494517516878199,
            51.06754982676107
          ],
          [
            6.5279311766181545,
            51.068261646251564
          ]
        ],
        "type": "LineString"
      },
      "properties": {
        "length_m": 2343.412,
        "orientation": "EW",
        "row": 157,
        "segment": 1
      },
      "type": "Feature"
    },
    {
      "geometry": {
        "coordinates": [
          [
            6.445830375036822,
            51.06668617405482
          ],
          [
            6.486098345419204,
            51.067559638438986
          ]
        ],
        "type": "LineString"
      },
      "properties": {
        "length_m": 2824.273,
        "orientation": "EW",
        "row": 158,
        "segment": 0
      },
      "type": "Feature"
    },
    {
      "geometry": {
        "coordinates": [
          [
            6.494512884651695,
            51.06774040442859
          ],
          [
            6.528046464872229,
            51.06845476166922
          ]
        ],
        "type": "LineString"
      },
      "properties": {
        "length_m": 2351.812,
        "orientation": "EW",
        "row": 158,
        "segment": 1
      },
      "type": "Feature"
    },
    {
      "geometry": {
        "coordinates": [
          [
            6.445688023072222,
            51.06687374013692
          ],
          [
            6.485934335809396,
            51.06774678633331
          ]
        ],
        "type": "LineString"
      },
      "properties": {
        "length_m": 2822.743,
        "orientation": "EW",
        "row": 159,
        "segment": 0
      },
      "type": "Feature"
    },
    {
      "geometry": {
        "coordinates": [
          [
            6.494362339018416,
            51.06792785266632
          ],
          [
            6.528161754062492,
            51.06864787698055
          ]
        ],
        "type": "LineString"
      },
      "properties": {
        "length_m": 2370.447,
        "orientation": "EW",
        "row": 159,
        "segment": 1
      },
      "type": "Feature"
    },
    {
      "geometry": {
        "coordinates": [
          [
            6.445545669935022,
            51.06706130602363
          ],
          [
            6.485770324857201,
            51.067933933973286
          ]
        ],
        "type": "LineString"
      },
      "properties": {
        "length_m": 2821.213,
        "orientation": "EW",
        "row": 160,
        "segment": 0
      },
      "type": "Feature"
    },
    {
      "geometry": {
        "coordinates": [
          [
            6.494208399392682,
            51.06811522791618
          ],
          [
            6.5282770441889575,
            51.06884099218554
          ]
        ],
        "type": "LineString"
      },
      "properties": {
        "length_m": 2389.319,
        "orientation": "EW",
        "row": 160,
        "segment": 1
      },
      "type": "Feature"
    },
    {
      "geometry": {
        "coordinates": [
          [
            6.445403315625209,
            51.067248871714945
          ],
          [
            6.485606312562601,
            51.06812108135894
          ]
        ],
        "type": "LineString"
      },
      "properties": {
        "length_m": 2819.683,
        "orientation": "EW",
        "row": 161,
        "segment": 0
      },
      "type": "Feature"
    },
    {
      "geometry": {
        "coordinates": [
          [
            6.494054458503353,
            51.068302602940285
          ],
          [
            6.528397239026277,
            51.06903421102798
          ]
        ],
        "type": "LineString"
      },
      "properties": {
        "length_m": 2408.535,
        "orientation": "EW",
        "row": 161,
        "segment": 1
      },
      "type": "Feature"
    },
    {
      "geometry": {
        "coordinates": [
          [
            6.445260960142762,
            51.06743643721088
          ],
          [
            6.485442298925578,
            51.06830822849023
          ]
        ],
        "type": "LineString"
      },
      "properties": {
        "length_m": 2818.153,
        "orientation": "EW",
        "row": 162,
        "segment": 0
      },
      "type": "Feature"
    },
    {
      "geometry": {
        "coordinates": [
          [
            6.493900516350407,
            51.068489977738615
          ],
          [
            6.528712948600446,
            51.06923156565034
          ]
        ],
        "type": "LineString"
      },
      "properties": {
        "length_m": 2441.462,
        "orientation": "EW",
        "row": 162,
        "segment": 1
      },
      "type": "Feature"
    },
    {
      "geometry": {
        "coordinates": [
          [
            6.445372580208785,
            51.06762955667664
          ],
          [
            6.44682063853336,
            51.06766121340211
          ]
        ],
        "type": "LineString"
      },
      "properties": {
        "length_m": 101.563,
        "orientation": "EW",
        "row": 163,
        "segment": 0
      },
      "type": "Feature"
    },
    {
      "geometry": {
        "coordinates": [
          [
            6.447541431590892,
            51.06767696431609
          ],
          [
            6.485278283946115,
            51.068495375367185
          ]
        ],
        "type": "LineString"
      },
      "properties": {
        "length_m": 2646.692,
        "orientation": "EW",
        "row": 163,
        "segment": 1
      },
      "type": "Feature"
    },
    {
      "geometry": {
        "coordinates": [
          [
            6.493746572933828,
            51.06867735231118
          ],
          [
            6.529073986940121,
            51.06942987810688
          ]
        ],
        "type": "LineString"
      },
      "properties": {
        "length_m": 2477.568,
        "orientation": "EW",
        "row": 163,
        "segment": 2
      },
      "type": "Feature"
    },
    {
      "geometry": {
        "coordinates": [
          [
            6.446193574524651,
            51.06783818555299
          ],
          [
            6.4466076130542005,
            51.06784723596345
          ]
        ],
        "type": "LineString"
      },
      "properties": {
        "length_m": 29.039,
        "orientation": "EW",
        "row": 164,
        "segment": 0
      },
      "type": "Feature"
    },
    {
      "geometry": {
        "coordinates": [
          [
            6.447708861457689,
            51.06787130084401
          ],
          [
            6.485114267624187,
            51.068682521989786
          ]
        ],
        "type": "LineString"
      },
      "properties": {
        "length_m": 2623.435,
        "orientation": "EW",
        "row": 164,
        "segment": 1
      },
      "type": "Feature"
    },
    {
      "geometry": {
        "coordinates": [
          [
            6.4935926282536,
            51.06886472665797
          ],
          [
            6.529435028377174,
            51.06962818948405
          ]
        ],
        "type": "LineString"
      },
      "properties": {
        "length_m": 2513.674,
        "orientation": "EW",
        "row": 164,
        "segment": 2
      },
      "type": "Feature"
    },
    {
      "geometry": {
        "coordinates": [
          [
            6.447874081478803,
            51.0680655888392
          ],
          [
            6.484950249959778,
            51.06886966835803
          ]
        ],
        "type": "LineString"
      },
      "properties": {
        "length_m": 2600.334,
        "orientation": "EW",
        "row": 165,
        "segment": 0
      },
      "type": "Feature"
    },
    {
      "geometry": {
        "coordinates": [
          [
            6.493438682309699,
            51.06905210077899
          ],
          [
            6.529796072911632,
            51.06982649978185
          ]
        ],
        "type": "LineString"
      },
      "properties": {
        "length_m": 2549.78,
        "orientation": "EW",
        "row": 165,
        "segment": 1
      },
      "type": "Feature"
    },
    {
      "geometry": {
        "coordinates": [
          [
            6.44803930286356,
            51.06825987661458
          ],
          [
            6.484785675304631,
            51.069056802509
          ]
        ],
        "type": "LineString"
      },
      "properties": {
        "length_m": 2577.193,
        "orientation": "EW",
        "row": 166,
        "segment": 0
      },
      "type": "Feature"
    },
    {
      "geometry": {
        "coordinates": [
          [
            6.493284735102112,
            51.06923947467423
          ],
          [
            6.530157120543526,
            51.07002480900025
          ]
        ],
        "type": "LineString"
      },
      "properties": {
        "length_m": 2585.887,
        "orientation": "EW",
        "row": 166,
        "segment": 1
      },
      "type": "Feature"
    },
    {
      "geometry": {
        "coordinates": [
          [
            6.44820452561198,
            51.068454164170156
          ],
          [
            6.484620663014873,
            51.06924392701025
          ]
        ],
        "type": "LineString"
      },
      "properties": {
        "length_m": 2554.021,
        "orientation": "EW",
        "row": 167,
        "segment": 0
      },
      "type": "Feature"
    },
    {
      "geometry": {
        "coordinates": [
          [
            6.493130786630819,
            51.069426848343674
          ],
          [
            6.530518171272887,
            51.07022311713921
          ]
        ],
        "type": "LineString"
      },
      "properties": {
        "length_m": 2621.993,
        "orientation": "EW",
        "row": 167,
        "segment": 1
      },
      "type": "Feature"
    },
    {
      "geometry": {
        "coordinates": [
          [
            6.448360737689204,
            51.06864825466608
          ],
          [
            6.484455649374828,
            51.069431051254234
          ]
        ],
        "type": "LineString"
      },
      "properties": {
        "length_m": 2531.482,
        "orientation": "EW",
        "row": 168,
        "segment": 0
      },
      "type": "Feature"
    },
    {
      "geometry": {
        "coordinates": [
          [
            6.492976836895801,
            51.06961422178735
          ],
          [
            6.53266021074998,
            51.070459050650406
          ]
        ],
        "type": "LineString"
      },
      "properties": {
        "length_m": 2782.997,
        "orientation": "EW",
        "row": 168,
        "segment": 1
      },
      "type": "Feature"
    },
    {
      "geometry": {
        "coordinates": [
          [
            6.448515337235994,
            51.06884230971925
          ],
          [
            6.484290634384475,
            51.069618175240926
          ]
        ],
        "type": "LineString"
      },
      "properties": {
        "length_m": 2509.056,
        "orientation": "EW",
        "row": 169,
        "segment": 0
      },
      "type": "Feature"
    },
    {
      "geometry": {
        "coordinates": [
          [
            6.492822885897043,
            51.0698015950052
          ],
          [
            6.532681302542433,
            51.070650171864685
          ]
        ],
        "type": "LineString"
      },
      "properties": {
        "length_m": 2795.261,
        "orientation": "EW",
        "row": 169,
        "segment": 1
      },
      "type": "Feature"
    },
    {
      "geometry": {
        "coordinates": [
          [
            6.448669938054942,
            51.06903636458042
          ],
          [
            6.484125618043795,
            51.06980529897035
          ]
        ],
        "type": "LineString"
      },
      "properties": {
        "length_m": 2486.63,
        "orientation": "EW",
        "row": 170,
        "segment": 0
      },
      "type": "Feature"
    },
    {
      "geometry": {
        "coordinates": [
          [
            6.492668933634521,
            51.06998896799728
          ],
          [
            6.53270239448152,
            51.07084129307187
          ]
        ],
        "type": "LineString"
      },
      "properties": {
        "length_m": 2807.526,
        "orientation": "EW",
        "row": 170,
        "segment": 1
      },
      "type": "Feature"
    },
    {
      "geometry": {
        "coordinates": [
          [
            6.44882454014607,
            51.069230419249585
          ],
          [
            6.48396060035277,
            51.06999242244246
          ]
        ],
        "type": "LineString"
      },
      "properties": {
        "length_m": 2464.204,
        "orientation": "EW",
        "row": 171,
        "segment": 0
      },
      "type": "Feature"
    },
    {
      "geometry": {
        "coordinates": [
          [
            6.492512506083531,
            51.07017628766297
          ],
          [
            6.532723486567244,
            51.071032414271926
          ]
        ],
        "type": "LineString"
      },
      "properties": {
        "length_m": 2819.964,
        "orientation": "EW",
        "row": 171,
        "segment": 1
      },
      "type": "Feature"
    },
    {
      "geometry": {
        "coordinates": [
          [
            6.448982554049885,
            51.06942454820093
          ],
          [
            6.483795581311379,
            51.070179545657304
          ]
        ],
        "type": "LineString"
      },
      "properties": {
        "length_m": 2441.538,
        "orientation": "EW",
        "row": 172,
        "segment": 0
      },
      "type": "Feature"
    },
    {
      "geometry": {
        "coordinates": [
          [
            6.4923554017814595,
            51.07036359259738
          ],
          [
            6.53274457879961,
            51.071223535464874
          ]
        ],
        "type": "LineString"
      },
      "properties": {
        "length_m": 2832.449,
        "orientation": "EW",
        "row": 172,
        "segment": 1
      },
      "type": "Feature"
    },
    {
      "geometry": {
        "coordinates": [
          [
            6.449141379217301,
            51.06961869463713
          ],
          [
            6.483630560919605,
            51.070366668614845
          ]
        ],
        "type": "LineString"
      },
      "properties": {
        "length_m": 2418.816,
        "orientation": "EW",
        "row": 173,
        "segment": 0
      },
      "type": "Feature"
    },
    {
      "geometry": {
        "coordinates": [
          [
            6.4921982961908915,
            51.07055089729726
          ],
          [
            6.532765671178618,
            51.07141465665071
          ]
        ],
        "type": "LineString"
      },
      "properties": {
        "length_m": 2844.934,
        "orientation": "EW",
        "row": 173,
        "segment": 1
      },
      "type": "Feature"
    },
    {
      "geometry": {
        "coordinates": [
          [
            6.449300205693292,
            51.06981284087048
          ],
          [
            6.483465539177427,
            51.07055379131507
          ]
        ],
        "type": "LineString"
      },
      "properties": {
        "length_m": 2396.094,
        "orientation": "EW",
        "row": 174,
        "segment": 0
      },
      "type": "Feature"
    },
    {
      "geometry": {
        "coordinates": [
          [
            6.492041189311808,
            51.070738201762595
          ],
          [
            6.532786763704273,
            51.07160577782941
          ]
        ],
        "type": "LineString"
      },
      "properties": {
        "length_m": 2857.42,
        "orientation": "EW",
        "row": 174,
        "segment": 1
      },
      "type": "Feature"
    },
    {
      "geometry": {
        "coordinates": [
          [
            6.449459033477876,
            51.07000698690102
          ],
          [
            6.483289550415303,
            51.07074067753384
          ]
        ],
        "type": "LineString"
      },
      "properties": {
        "length_m": 2372.603,
        "orientation": "EW",
        "row": 175,
        "segment": 0
      },
      "type": "Feature"
    },
    {
      "geometry": {
        "coordinates": [
          [
            6.491884081144193,
            51.070925505993365
          ],
          [
            6.532807856376575,
            51.07179689900103
          ]
        ],
        "type": "LineString"
      },
      "properties": {
        "length_m": 2869.905,
        "orientation": "EW",
        "row": 175,
        "segment": 1
      },
      "type": "Feature"
    },
    {
      "geometry": {
        "coordinates": [
          [
            6.449617862571076,
            51.07020113272867
          ],
          [
            6.483110981853246,
            51.070927507914575
          ]
        ],
        "type": "LineString"
      },
      "properties": {
        "length_m": 2348.931,
        "orientation": "EW",
        "row": 176,
        "segment": 0
      },
      "type": "Feature"
    },
    {
      "geometry": {
        "coordinates": [
          [
            6.491726971688026,
            51.071112809989586
          ],
          [
            6.53282894919553,
            51.0719880201655
          ]
        ],
        "type": "LineString"
      },
      "properties": {
        "length_m": 2882.391,
        "orientation": "EW",
        "row": 176,
        "segment": 1
      },
      "type": "Feature"
    },
    {
      "geometry": {
        "coordinates": [
          [
            6.449776692972911,
            51.07039527835351
          ],
          [
            6.482932411835154,
            51.0711143379967
          ]
        ],
        "type": "LineString"
      },
      "properties": {
        "length_m": 2325.259,
        "orientation": "EW",
        "row": 177,
        "segment": 0
      },
      "type": "Feature"
    },
    {
      "geometry": {
        "coordinates": [
          [
            6.491569860943288,
            51.071300113751256
          ],
          [
            6.532973532076414,
            51.072181749021084
          ]
        ],
        "type": "LineString"
      },
      "properties": {
        "length_m": 2903.536,
        "orientation": "EW",
        "row": 177,
        "segment": 1
      },
      "type": "Feature"
    },
    {
      "geometry": {
        "coordinates": [
          [
            6.533987982743662,
            51.072203165912335
          ],
          [
            6.5344185585383725,
            51.07221225348021
          ]
        ],
        "type": "LineString"
      },
      "properties": {
        "length_m": 30.194,
        "orientation": "EW",
        "row": 177,
        "segment": 2
      },
      "type": "Feature"
    },
    {
      "geometry": {
        "coordinates": [
          [
            6.449935524683402,
            51.070589423775466
          ],
          [
            6.482753840361004,
            51.07130116778014
          ]
        ],
        "type": "LineString"
      },
      "properties": {
        "length_m": 2301.587,
        "orientation": "EW",
        "row": 178,
        "segment": 0
      },
      "type": "Feature"
    },
    {
      "geometry": {
        "coordinates": [
          [
            6.491412748909962,
            51.07148741727835
          ],
          [
            6.534412023509035,
            51.072402791243256
          ]
        ],
        "type": "LineString"
      },
      "properties": {
        "length_m": 3015.417,
        "orientation": "EW",
        "row": 178,
        "segment": 1
      },
      "type": "Feature"
    },
    {
      "geometry": {
        "coordinates": [
          [
            6.450094357702566,
            51.07078356899457
          ],
          [
            6.482575267430776,
            51.071487997264946
          ]
        ],
        "type": "LineString"
      },
      "properties": {
        "length_m": 2277.915,
        "orientation": "EW",
        "row": 179,
        "segment": 0
      },
      "type": "Feature"
    },
    {
      "geometry": {
        "coordinates": [
          [
            6.491255635588028,
            51.07167472057088
          ],
          [
            6.534405488398821,
            51.07259332899954
          ]
        ],
        "type": "LineString"
      },
      "properties": {
        "length_m": 3025.964,
        "orientation": "EW",
        "row": 179,
        "segment": 1
      },
      "type": "Feature"
    },
    {
      "geometry": {
        "coordinates": [
          [
            6.450253192030429,
            51.0709777140108
          ],
          [
            6.482396693044451,
            51.0716748264511
          ]
        ],
        "type": "LineString"
      },
      "properties": {
        "length_m": 2254.243,
        "orientation": "EW",
        "row": 180,
        "segment": 0
      },
      "type": "Feature"
    },
    {
      "geometry": {
        "coordinates": [
          [
            6.491098520977468,
            51.071862023628846
          ],
          [
            6.534398953207729,
            51.07278386674902
          ]
        ],
        "type": "LineString"
      },
      "properties": {
        "length_m": 3036.512,
        "orientation": "EW",
        "row": 180,
        "segment": 1
      },
      "type": "Feature"
    },
    {
      "geometry": {
        "coordinates": [
          [
            6.450412027667006,
            51.07117185882419
          ],
          [
            6.482218117202008,
            51.07186165533857
          ]
        ],
        "type": "LineString"
      },
      "properties": {
        "length_m": 2230.571,
        "orientation": "EW",
        "row": 181,
        "segment": 0
      },
      "type": "Feature"
    },
    {
      "geometry": {
        "coordinates": [
          [
            6.4909414050782654,
            51.07204932645224
          ],
          [
            6.534392417935754,
            51.07297440449176
          ]
        ],
        "type": "LineString"
      },
      "properties": {
        "length_m": 3047.059,
        "orientation": "EW",
        "row": 181,
        "segment": 1
      },
      "type": "Feature"
    },
    {
      "geometry": {
        "coordinates": [
          [
            6.4505708646123185,
            51.071366003434676
          ],
          [
            6.482039539903426,
            51.07204848392738
          ]
        ],
        "type": "LineString"
      },
      "properties": {
        "length_m": 2206.899,
        "orientation": "EW",
        "row": 182,
        "segment": 0
      },
      "type": "Feature"
    },
    {
      "geometry": {
        "coordinates": [
          [
            6.487402831373237,
            51.0721639540335
          ],
          [
            6.488182398758661,
            51.07218071736289
          ]
        ],
        "type": "LineString"
      },
      "properties": {
        "length_m": 54.67,
        "orientation": "EW",
        "row": 182,
        "segment": 1
      },
      "type": "Feature"
    },
    {
      "geometry": {
        "coordinates": [
          [
            6.490784287890399,
            51.072236629041036
          ],
          [
            6.5343858825828995,
            51.073164942227706
          ]
        ],
        "type": "LineString"
      },
      "properties": {
        "length_m": 3057.607,
        "orientation": "EW",
        "row": 182,
        "segment": 2
      },
      "type": "Feature"
    },
    {
      "geometry": {
        "coordinates": [
          [
            6.450729702866386,
            51.071560147842305
          ],
          [
            6.481891649228879,
            51.07223597367056
          ]
        ],
        "type": "LineString"
      },
      "properties": {
        "length_m": 2185.379,
        "orientation": "EW",
        "row": 183,
        "segment": 0
      },
      "type": "Feature"
    },
    {
      "geometry": {
        "coordinates": [
          [
            6.4872383790143955,
            51.0723510942005
          ],
          [
            6.488976964440679,
            51.07238847490308
          ]
        ],
        "type": "LineString"
      },
      "properties": {
        "length_m": 121.923,
        "orientation": "EW",
        "row": 183,
        "segment": 1
      },
      "type": "Feature"
    },
    {
      "geometry": {
        "coordinates": [
          [
            6.49062716941385,
            51.07242393139527
          ],
          [
            6.5343793471491605,
            51.07335547995689
          ]
        ],
        "type": "LineString"
      },
      "properties": {
        "length_m": 3068.154,
        "orientation": "EW",
        "row": 183,
        "segment": 2
      },
      "type": "Feature"
    },
    {
      "geometry": {
        "coordinates": [
          [
            6.45088854242923,
            51.07175429204703
          ],
          [
            6.481941108112759,
            51.07242771696783
          ]
        ],
        "type": "LineString"
      },
      "properties": {
        "length_m": 2177.699,
        "orientation": "EW",
        "row": 184,
        "segment": 0
      },
      "type": "Feature"
    },
    {
      "geometry": {
        "coordinates": [
          [
            6.4870739253094865,
            51.07253823411188
          ],
          [
            6.489771537401528,
            51.072596227131825
          ]
        ],
        "type": "LineString"
      },
      "properties": {
        "length_m": 189.177,
        "orientation": "EW",
        "row": 184,
        "segment": 1
      },
      "type": "Feature"
    },
    {
      "geometry": {
        "coordinates": [
          [
            6.490430406859958,
            51.072610381966975
          ],
          [
            6.534372811634538,
            51.073546017679284
          ]
        ],
        "type": "LineString"
      },
      "properties": {
        "length_m": 3081.482,
        "orientation": "EW",
        "row": 184,
        "segment": 2
      },
      "type": "Feature"
    },
    {
      "geometry": {
        "coordinates": [
          [
            6.451047383300871,
            51.07194843604888
          ],
          [
            6.482785313945037,
            51.0726365867314
          ]
        ],
        "type": "LineString"
      },
      "properties": {
        "length_m": 2225.752,
        "orientation": "EW",
        "row": 185,
        "segment": 0
      },
      "type": "Feature"
    },
    {
      "geometry": {
        "coordinates": [
          [
            6.48690947025849,
            51.07272537376765
          ],
          [
            6.534366276039031,
            51.073736555394916
          ]
        ],
        "type": "LineString"
      },
      "properties": {
        "length_m": 3327.924,
        "orientation": "EW",
        "row": 185,
        "segment": 1
      },
      "type": "Feature"
    },
    {
      "geometry": {
        "coordinates": [
          [
            6.451206225481328,
            51.072142579847835
          ],
          [
            6.484480592548915,
            51.072863778429976
          ]
        ],
        "type": "LineString"
      },
      "properties": {
        "length_m": 2333.489,
        "orientation": "EW",
        "row": 186,
        "segment": 0
      },
      "type": "Feature"
    },
    {
      "geometry": {
        "coordinates": [
          [
            6.4867450138613885,
            51.07291251316781
          ],
          [
            6.534359740362639,
            51.07392709310376
          ]
        ],
        "type": "LineString"
      },
      "properties": {
        "length_m": 3338.985,
        "orientation": "EW",
        "row": 186,
        "segment": 1
      },
      "type": "Feature"
    },
    {
      "geometry": {
        "coordinates": [
          [
            6.451365068970621,
            51.07233672344391
          ],
          [
            6.484416456980327,
            51.07305307464921
          ]
        ],
        "type": "LineString"
      },
      "properties": {
        "length_m": 2317.842,
        "orientation": "EW",
        "row": 187,
        "segment": 0
      },
      "type": "Feature"
    },
    {
      "geometry": {
        "coordinates": [
          [
            6.48658055611816,
            51.073099652312344
          ],
          [
            6.534353204605358,
            51.07411763080584
          ]
        ],
        "type": "LineString"
      },
      "properties": {
        "length_m": 3350.046,
        "orientation": "EW",
        "row": 187,
        "segment": 1
      },
      "type": "Feature"
    },
    {
      "geometry": {
        "coordinates": [
          [
            6.451523913768771,
            51.07253086683706
          ],
          [
            6.484245246214754,
            51.0732400651666
          ]
        ],
        "type": "LineString"
      },
      "properties": {
        "length_m": 2294.686,
        "orientation": "EW",
        "row": 188,
        "segment": 0
      },
      "type": "Feature"
    },
    {
      "geometry": {
        "coordinates": [
          [
            6.486416097028788,
            51.07328679120126
          ],
          [
            6.534346668767189,
            51.07430816850114
          ]
        ],
        "type": "LineString"
      },
      "properties": {
        "length_m": 3361.107,
        "orientation": "EW",
        "row": 188,
        "segment": 1
      },
      "type": "Feature"
    },
    {
      "geometry": {
        "coordinates": [
          [
            6.451682759875799,
            51.07272501002731
          ],
          [
            6.484074034050325,
            51.07342705540819
          ]
        ],
        "type": "LineString"
      },
      "properties": {
        "length_m": 2271.531,
        "orientation": "EW",
        "row": 189,
        "segment": 0
      },
      "type": "Feature"
    },
    {
      "geometry": {
        "coordinates": [
          [
            6.486242347417992,
            51.07347372996486
          ],
          [
            6.534347457978652,
            51.07449886077955
          ]
        ],
        "type": "LineString"
      },
      "properties": {
        "length_m": 3373.333,
        "orientation": "EW",
        "row": 189,
        "segment": 1
      },
      "type": "Feature"
    },
    {
      "geometry": {
        "coordinates": [
          [
            6.451841607291722,
            51.07291915301466
          ],
          [
            6.483902820487017,
            51.07361404537399
          ]
        ],
        "type": "LineString"
      },
      "properties": {
        "length_m": 2248.375,
        "orientation": "EW",
        "row": 190,
        "segment": 0
      },
      "type": "Feature"
    },
    {
      "geometry": {
        "coordinates": [
          [
            6.48606393105053,
            51.07366056805651
          ],
          [
            6.534412020046078,
            51.07469089889613
          ]
        ],
        "type": "LineString"
      },
      "properties": {
        "length_m": 3390.358,
        "orientation": "EW",
        "row": 190,
        "segment": 1
      },
      "type": "Feature"
    },
    {
      "geometry": {
        "coordinates": [
          [
            6.452000456016563,
            51.07311329579909
          ],
          [
            6.483731605524813,
            51.073801035063994
          ]
        ],
        "type": "LineString"
      },
      "properties": {
        "length_m": 2225.219,
        "orientation": "EW",
        "row": 191,
        "segment": 0
      },
      "type": "Feature"
    },
    {
      "geometry": {
        "coordinates": [
          [
            6.485885513228061,
            51.07384740585004
          ],
          [
            6.5344782699934,
            51.07488297258696
          ]
        ],
        "type": "LineString"
      },
      "properties": {
        "length_m": 3407.501,
        "orientation": "EW",
        "row": 191,
        "segment": 1
      },
      "type": "Feature"
    },
    {
      "geometry": {
        "coordinates": [
          [
            6.4521593060503415,
            51.073307438380596
          ],
          [
            6.48356038916369,
            51.0739880244782
          ]
        ],
        "type": "LineString"
      },
      "properties": {
        "length_m": 2202.064,
        "orientation": "EW",
        "row": 192,
        "segment": 0
      },
      "type": "Feature"
    },
    {
      "geometry": {
        "coordinates": [
          [
            6.4857070939505626,
            51.074034243345416
          ],
          [
            6.534544520463343,
            51.07507504624203
          ]
        ],
        "type": "LineString"
      },
      "properties": {
        "length_m": 3424.644,
        "orientation": "EW",
        "row": 192,
        "segment": 1
      },
      "type": "Feature"
    },
    {
      "geometry": {
        "coordinates": [
          [
            6.4523181573930755,
            51.073501580759185
          ],
          [
            6.483389171403633,
            51.07417501361659
          ]
        ],
        "type": "LineString"
      },
      "properties": {
        "length_m": 2178.908,
        "orientation": "EW",
        "row": 193,
        "segment": 0
      },
      "type": "Feature"
    },
    {
      "geometry": {
        "coordinates": [
          [
            6.485528673218016,
            51.07422108054266
          ],
          [
            6.534610771455911,
            51.07526711986132
          ]
        ],
        "type": "LineString"
      },
      "properties": {
        "length_m": 3441.788,
        "orientation": "EW",
        "row": 193,
        "segment": 1
      },
      "type": "Feature"
    },
    {
      "geometry": {
        "coordinates": [
          [
            6.452477010044788,
            51.07369572293485
          ],
          [
            6.483217952244618,
            51.07436200247917
          ]
        ],
        "type": "LineString"
      },
      "properties": {
        "length_m": 2155.752,
        "orientation": "EW",
        "row": 194,
        "segment": 0
      },
      "type": "Feature"
    },
    {
      "geometry": {
        "coordinates": [
          [
            6.4853650062371635,
            51.07440823503101
          ],
          [
            6.534677022971114,
            51.07545919344485
          ]
        ],
        "type": "LineString"
      },
      "properties": {
        "length_m": 3457.896,
        "orientation": "EW",
        "row": 194,
        "segment": 1
      },
      "type": "Feature"
    },
    {
      "geometry": {
        "coordinates": [
          [
            6.452635864005499,
            51.07388986490758
          ],
          [
            6.483046731686627,
            51.074548991065924
          ]
        ],
        "type": "LineString"
      },
      "properties": {
        "length_m": 2132.597,
        "orientation": "EW",
        "row": 195,
        "segment": 0
      },
      "type": "Feature"
    },
    {
      "geometry": {
        "coordinates": [
          [
            6.485204966945483,
            51.0745954673815
          ],
          [
            6.534743275008964,
            51.07565126699259
          ]
        ],
        "type": "LineString"
      },
      "properties": {
        "length_m": 3473.75,
        "orientation": "EW",
        "row": 195,
        "segment": 1
      },
      "type": "Feature"
    },
    {
      "geometry": {
        "coordinates": [
          [
            6.452786796574726,
            51.07408383393834
          ],
          [
            6.4828755097296415,
            51.07473597937687
          ]
        ],
        "type": "LineString"
      },
      "properties": {
        "length_m": 2109.997,
        "orientation": "EW",
        "row": 196,
        "segment": 0
      },
      "type": "Feature"
    },
    {
      "geometry": {
        "coordinates": [
          [
            6.485044926342139,
            51.07478269948913
          ],
          [
            6.534809527569465,
            51.07584334050457
          ]
        ],
        "type": "LineString"
      },
      "properties": {
        "length_m": 3489.604,
        "orientation": "EW",
        "row": 196,
        "segment": 1
      },
      "type": "Feature"
    },
    {
      "geometry": {
        "coordinates": [
          [
            6.452773238984597,
            51.07427421646842
          ],
          [
            6.4827042863736395,
            51.07492296741197
          ]
        ],
        "type": "LineString"
      },
      "properties": {
        "length_m": 2098.932,
        "orientation": "EW",
        "row": 197,
        "segment": 0
      },
      "type": "Feature"
    },
    {
      "geometry": {
        "coordinates": [
          [
            6.4848848844271165,
            51.07496993135386
          ],
          [
            6.534875780652628,
            51.07603541398076
          ]
        ],
        "type": "LineString"
      },
      "properties": {
        "length_m": 3505.458,
        "orientation": "EW",
        "row": 197,
        "segment": 1
      },
      "type": "Feature"
    },
    {
      "geometry": {
        "coordinates": [
          [
            6.452471622663021,
            51.074458318019474
          ],
          [
            6.482533061618603,
            51.07510995517124
          ]
        ],
        "type": "LineString"
      },
      "properties": {
        "length_m": 2108.067,
        "orientation": "EW",
        "row": 198,
        "segment": 0
      },
      "type": "Feature"
    },
    {
      "geometry": {
        "coordinates": [
          [
            6.484724841200394,
            51.075157162975735
          ],
          [
            6.534942034258461,
            51.0762274874212
          ]
        ],
        "type": "LineString"
      },
      "properties": {
        "length_m": 3521.313,
        "orientation": "EW",
        "row": 198,
        "segment": 1
      },
      "type": "Feature"
    },
    {
      "geometry": {
        "coordinates": [
          [
            6.452048188946547,
            51.074639762113364
          ],
          [
            6.482361835464509,
            51.07529694265468
          ]
        ],
        "type": "LineString"
      },
      "properties": {
        "length_m": 2125.746,
        "orientation": "EW",
        "row": 199,
        "segment": 0
      },
      "type": "Feature"
    },
    {
      "geometry": {
        "coordinates": [
          [
            6.486379018026037,
            51.07538344136989
          ],
          [
            6.5350081096039725,
            51.076419557053875
          ]
        ],
        "type": "LineString"
      },
      "properties": {
        "length_m": 3409.935,
        "orientation": "EW",
        "row": 199,
        "segment": 1
      },
      "type": "Feature"
    },
    {
      "geometry": {
        "coordinates": [
          [
            6.451624751945207,
            51.074821204620086
          ],
          [
            6.4821906079113445,
            51.07548392986229
          ]
        ],
        "type": "LineString"
      },
      "properties": {
        "length_m": 2143.424,
        "orientation": "EW",
        "row": 200,
        "segment": 0
      },
      "type": "Feature"
    },
    {
      "geometry": {
        "coordinates": [
          [
            6.48707237255089,
            51.07558903383816
          ],
          [
            6.535073430697814,
            51.076611610727184
          ]
        ],
        "type": "LineString"
      },
      "properties": {
        "length_m": 3365.881,
        "orientation": "EW",
        "row": 200,
        "segment": 1
      },
      "type": "Feature"
    },
    {
      "geometry": {
        "coordinates": [
          [
            6.45120131165899,
            51.07500264553957
          ],
          [
            6.482019378959084,
            51.07567091679403
          ]
        ],
        "type": "LineString"
      },
      "properties": {
        "length_m": 2161.102,
        "orientation": "EW",
        "row": 201,
        "segment": 0
      },
      "type": "Feature"
    },
    {
      "geometry": {
        "coordinates": [
          [
            6.487095035009738,
            51.075780198309104
          ],
          [
            6.535138752306531,
            51.07680366436565
          ]
        ],
        "type": "LineString"
      },
      "properties": {
        "length_m": 3368.858,
        "orientation": "EW",
        "row": 201,
        "segment": 1
      },
      "type": "Feature"
    },
    {
      "geometry": {
        "coordinates": [
          [
            6.451133817112708,
            51.07519185117894
          ],
          [
            6.4818481486077095,
            51.075857903449915
          ]
        ],
        "type": "LineString"
      },
      "properties": {
        "length_m": 2153.819,
        "orientation": "EW",
        "row": 202,
        "segment": 0
      },
      "type": "Feature"
    },
    {
      "geometry": {
        "coordinates": [
          [
            6.4869449445927705,
            51.07596764697989
          ],
          [
            6.535204074430132,
            51.07699571796929
          ]
        ],
        "type": "LineString"
      },
      "properties": {
        "length_m": 3383.949,
        "orientation": "EW",
        "row": 202,
        "segment": 1
      },
      "type": "Feature"
    },
    {
      "geometry": {
        "coordinates": [
          [
            6.451282559952398,
            51.075385774361976
          ],
          [
            6.481676916857201,
            51.076044889829966
          ]
        ],
        "type": "LineString"
      },
      "properties": {
        "length_m": 2131.372,
        "orientation": "EW",
        "row": 203,
        "segment": 0
      },
      "type": "Feature"
    },
    {
      "geometry": {
        "coordinates": [
          [
            6.486781959161713,
            51.07615481807298
          ],
          [
            6.535269397068621,
            51.0771877715381
          ]
        ],
        "type": "LineString"
      },
      "properties": {
        "length_m": 3399.944,
        "orientation": "EW",
        "row": 203,
        "segment": 1
      },
      "type": "Feature"
    },
    {
      "geometry": {
        "coordinates": [
          [
            6.451431304014187,
            51.075579697367495
          ],
          [
            6.481505683707541,
            51.076231875934134
          ]
        ],
        "type": "LineString"
      },
      "properties": {
        "length_m": 2108.926,
        "orientation": "EW",
        "row": 204,
        "segment": 0
      },
      "type": "Feature"
    },
    {
      "geometry": {
        "coordinates": [
          [
            6.486618972395875,
            51.07634198891475
          ],
          [
            6.535334720222013,
            51.07737982507207
          ]
        ],
        "type": "LineString"
      },
      "properties": {
        "length_m": 3415.94,
        "orientation": "EW",
        "row": 204,
        "segment": 1
      },
      "type": "Feature"
    },
    {
      "geometry": {
        "coordinates": [
          [
            6.451580049298091,
            51.0757736201955
          ],
          [
            6.481334449158705,
            51.07641886176244
          ]
        ],
        "type": "LineString"
      },
      "properties": {
        "length_m": 2086.479,
        "orientation": "EW",
        "row": 205,
        "segment": 0
      },
      "type": "Feature"
    },
    {
      "geometry": {
        "coordinates": [
          [
            6.486455984295233,
            51.07652915950519
          ],
          [
            6.5354000438903155,
            51.077571878571206
          ]
        ],
        "type": "LineString"
      },
      "properties": {
        "length_m": 3431.935,
        "orientation": "EW",
        "row": 205,
        "segment": 1
      },
      "type": "Feature"
    },
    {
      "geometry": {
        "coordinates": [
          [
            6.451728795804132,
            51.07596754284599
          ],
          [
            6.48116321321068,
            51.076605847314866
          ]
        ],
        "type": "LineString"
      },
      "properties": {
        "length_m": 2064.032,
        "orientation": "EW",
        "row": 206,
        "segment": 0
      },
      "type": "Feature"
    },
    {
      "geometry": {
        "coordinates": [
          [
            6.486292994859774,
            51.07671632984429
          ],
          [
            6.532560099270257,
            51.07770261238578
          ]
        ],
        "type": "LineString"
      },
      "properties": {
        "length_m": 3244.221,
        "orientation": "EW",
        "row": 206,
        "segment": 1
      },
      "type": "Feature"
    },
    {
      "geometry": {
        "coordinates": [
          [
            6.5347937026356995,
            51.07774976205363
          ],
          [
            6.535465368073533,
            51.07776393203551
          ]
        ],
        "type": "LineString"
      },
      "properties": {
        "length_m": 47.095,
        "orientation": "EW",
        "row": 206,
        "segment": 2
      },
      "type": "Feature"
    },
    {
      "geometry": {
        "coordinates": [
          [
            6.451793945861782,
            51.07615964197934
          ],
          [
            6.480991975863439,
            51.07679283259143
          ]
        ],
        "type": "LineString"
      },
      "properties": {
        "length_m": 2047.448,
        "orientation": "EW",
        "row": 207,
        "segment": 0
      },
      "type": "Feature"
    },
    {
      "geometry": {
        "coordinates": [
          [
            6.486130004089475,
            51.07690349993205
          ],
          [
            6.532484809560366,
            51.077891697920386
          ]
        ],
        "type": "LineString"
      },
      "properties": {
        "length_m": 3250.357,
        "orientation": "EW",
        "row": 207,
        "segment": 1
      },
      "type": "Feature"
    },
    {
      "geometry": {
        "coordinates": [
          [
            6.451627448228825,
            51.07634668844846
          ],
          [
            6.452306876620882,
            51.076361506599355
          ]
        ],
        "type": "LineString"
      },
      "properties": {
        "length_m": 47.644,
        "orientation": "EW",
        "row": 208,
        "segment": 0
      },
      "type": "Feature"
    },
    {
      "geometry": {
        "coordinates": [
          [
            6.453178103216314,
            51.076380502025714
          ],
          [
            6.480822930306345,
            51.07697986488236
          ]
        ],
        "type": "LineString"
      },
      "properties": {
        "length_m": 1938.523,
        "orientation": "EW",
        "row": 208,
        "segment": 1
      },
      "type": "Feature"
    },
    {
      "geometry": {
        "coordinates": [
          [
            6.485967011984315,
            51.07709066976846
          ],
          [
            6.5324222652163515,
            51.07808105258788
          ]
        ],
        "type": "LineString"
      },
      "properties": {
        "length_m": 3257.388,
        "orientation": "EW",
        "row": 208,
        "segment": 2
      },
      "type": "Feature"
    },
    {
      "geometry": {
        "coordinates": [
          [
            6.451349943504355,
            51.07653131311944
          ],
          [
            6.451558422119169,
            51.07653586089245
          ]
        ],
        "type": "LineString"
      },
      "properties": {
        "length_m": 14.619,
        "orientation": "EW",
        "row": 209,
        "segment": 0
      },
      "type": "Feature"
    },
    {
      "geometry": {
        "coordinates": [
          [
            6.453262053570646,
            51.07657301011088
          ],
          [
            6.480660981605929,
            51.077167049968374
          ]
        ],
        "type": "LineString"
      },
      "properties": {
        "length_m": 1921.272,
        "orientation": "EW",
        "row": 209,
        "segment": 1
      },
      "type": "Feature"
    },
    {
      "geometry": {
        "coordinates": [
          [
            6.485804018544281,
            51.07727783935354
          ],
          [
            6.532359720335683,
            51.07827040720927
          ]
        ],
        "type": "LineString"
      },
      "properties": {
        "length_m": 3264.418,
        "orientation": "EW",
        "row": 209,
        "segment": 2
      },
      "type": "Feature"
    },
    {
      "geometry": {
        "coordinates": [
          [
            6.453279366434727,
            51.07676406555251
          ],
          [
            6.480499031578801,
            51.077354234806016
          ]
        ],
        "type": "LineString"
      },
      "properties": {
        "length_m": 1908.694,
        "orientation": "EW",
        "row": 210,
        "segment": 0
      },
      "type": "Feature"
    },
    {
      "geometry": {
        "coordinates": [
          [
            6.4856410237693485,
            51.07746500868725
          ],
          [
            6.53229717491835,
            51.078459761784515
          ]
        ],
        "type": "LineString"
      },
      "properties": {
        "length_m": 3271.448,
        "orientation": "EW",
        "row": 210,
        "segment": 1
      },
      "type": "Feature"
    },
    {
      "geometry": {
        "coordinates": [
          [
            6.453296679413377,
            51.07695512098795
          ],
          [
            6.480337080224939,
            51.0775414193953
          ]
        ],
        "type": "LineString"
      },
      "properties": {
        "length_m": 1896.117,
        "orientation": "EW",
        "row": 211,
        "segment": 0
      },
      "type": "Feature"
    },
    {
      "geometry": {
        "coordinates": [
          [
            6.485478027659501,
            51.07765217776961
          ],
          [
            6.532234628964343,
            51.07864911631365
          ]
        ],
        "type": "LineString"
      },
      "properties": {
        "length_m": 3278.479,
        "orientation": "EW",
        "row": 211,
        "segment": 1
      },
      "type": "Feature"
    },
    {
      "geometry": {
        "coordinates": [
          [
            6.453313992506603,
            51.07714617641718
          ],
          [
            6.48017512754433,
            51.07772860373619
          ]
        ],
        "type": "LineString"
      },
      "properties": {
        "length_m": 1883.539,
        "orientation": "EW",
        "row": 212,
        "segment": 0
      },
      "type": "Feature"
    },
    {
      "geometry": {
        "coordinates": [
          [
            6.4853150302147204,
            51.0778393466006
          ],
          [
            6.532172082473656,
            51.07883847079663
          ]
        ],
        "type": "LineString"
      },
      "properties": {
        "length_m": 3285.509,
        "orientation": "EW",
        "row": 212,
        "segment": 1
      },
      "type": "Feature"
    },
    {
      "geometry": {
        "coordinates": [
          [
            6.453331305714405,
            51.07733723184023
          ],
          [
            6.48001317353695,
            51.07791578782871
          ]
        ],
        "type": "LineString"
      },
      "properties": {
        "length_m": 1870.961,
        "orientation": "EW",
        "row": 213,
        "segment": 0
      },
      "type": "Feature"
    },
    {
      "geometry": {
        "coordinates": [
          [
            6.485152031434984,
            51.07802651518023
          ],
          [
            6.5321095354462795,
            51.07902782523351
          ]
        ],
        "type": "LineString"
      },
      "properties": {
        "length_m": 3292.54,
        "orientation": "EW",
        "row": 213,
        "segment": 1
      },
      "type": "Feature"
    },
    {
      "geometry": {
        "coordinates": [
          [
            6.4533486190367855,
            51.077528287257074
          ],
          [
            6.47985121820278,
            51.07810297167284
          ]
        ],
        "type": "LineString"
      },
      "properties": {
        "length_m": 1858.383,
        "orientation": "EW",
        "row": 214,
        "segment": 0
      },
      "type": "Feature"
    },
    {
      "geometry": {
        "coordinates": [
          [
            6.484989031320277,
            51.07821368350848
          ],
          [
            6.53096851751393,
            51.07919439414516
          ]
        ],
        "type": "LineString"
      },
      "properties": {
        "length_m": 3223.953,
        "orientation": "EW",
        "row": 214,
        "segment": 1
      },
      "type": "Feature"
    },
    {
      "geometry": {
        "coordinates": [
          [
            6.531567304024097,
            51.07920704629187
          ],
          [
            6.53170985192985,
            51.079210057825605
          ]
        ],
        "type": "LineString"
      },
      "properties": {
        "length_m": 9.995,
        "orientation": "EW",
        "row": 214,
        "segment": 2
      },
      "type": "Feature"
    },
    {
      "geometry": {
        "coordinates": [
          [
            6.453365932473747,
            51.07771934266773
          ],
          [
            6.479689261541804,
            51.07829015526858
          ]
        ],
        "type": "LineString"
      },
      "properties": {
        "length_m": 1845.805,
        "orientation": "EW",
        "row": 215,
        "segment": 0
      },
      "type": "Feature"
    },
    {
      "geometry": {
        "coordinates": [
          [
            6.484826029870579,
            51.07840085158536
          ],
          [
            6.530387420785907,
            51.07937278845032
          ]
        ],
        "type": "LineString"
      },
      "properties": {
        "length_m": 3194.625,
        "orientation": "EW",
        "row": 215,
        "segment": 1
      },
      "type": "Feature"
    },
    {
      "geometry": {
        "coordinates": [
          [
            6.45338324602529,
            51.077910398072184
          ],
          [
            6.4795273035540015,
            51.07847733861592
          ]
        ],
        "type": "LineString"
      },
      "properties": {
        "length_m": 1833.227,
        "orientation": "EW",
        "row": 216,
        "segment": 0
      },
      "type": "Feature"
    },
    {
      "geometry": {
        "coordinates": [
          [
            6.48466302708587,
            51.078588019410844
          ],
          [
            6.529809407010783,
            51.07955124507137
          ]
        ],
        "type": "LineString"
      },
      "properties": {
        "length_m": 3165.515,
        "orientation": "EW",
        "row": 216,
        "segment": 1
      },
      "type": "Feature"
    },
    {
      "geometry": {
        "coordinates": [
          [
            6.453400559691419,
            51.07810145347043
          ],
          [
            6.479365344239353,
            51.07866452171488
          ]
        ],
        "type": "LineString"
      },
      "properties": {
        "length_m": 1820.649,
        "orientation": "EW",
        "row": 217,
        "segment": 0
      },
      "type": "Feature"
    },
    {
      "geometry": {
        "coordinates": [
          [
            6.4844995724351415,
            51.0787751772848
          ],
          [
            6.529231388860718,
            51.079729698766194
          ]
        ],
        "type": "LineString"
      },
      "properties": {
        "length_m": 3136.435,
        "orientation": "EW",
        "row": 217,
        "segment": 1
      },
      "type": "Feature"
    },
    {
      "geometry": {
        "coordinates": [
          [
            6.453417873472135,
            51.078292508862496
          ],
          [
            6.454126323644734,
            51.07830794878179
          ]
        ],
        "type": "LineString"
      },
      "properties": {
        "length_m": 49.677,
        "orientation": "EW",
        "row": 218,
        "segment": 0
      },
      "type": "Feature"
    },
    {
      "geometry": {
        "coordinates": [
          [
            6.454709091123981,
            51.07832064635425
          ],
          [
            6.479203383597841,
            51.078851704565416
          ]
        ],
        "type": "LineString"
      },
      "properties": {
        "length_m": 1717.53,
        "orientation": "EW",
        "row": 218,
        "segment": 1
      },
      "type": "Feature"
    },
    {
      "geometry": {
        "coordinates": [
          [
            6.484331464741599,
            51.078962234746015
          ],
          [
            6.528653366335742,
            51.079908149534695
          ]
        ],
        "type": "LineString"
      },
      "properties": {
        "length_m": 3107.682,
        "orientation": "EW",
        "row": 218,
        "segment": 2
      },
      "type": "Feature"
    },
    {
      "geometry": {
        "coordinates": [
          [
            6.454924885763572,
            51.0785160253853
          ],
          [
            6.479041421629446,
            51.079038887167556
          ]
        ],
        "type": "LineString"
      },
      "properties": {
        "length_m": 1691.034,
        "orientation": "EW",
        "row": 219,
        "segment": 0
      },
      "type": "Feature"
    },
    {
      "geometry": {
        "coordinates": [
          [
            6.484163355673126,
            51.079149291940794
          ],
          [
            6.528075339435884,
            51.08008659737684
          ]
        ],
        "type": "LineString"
      },
      "properties": {
        "length_m": 3078.929,
        "orientation": "EW",
        "row": 219,
        "segment": 1
      },
      "type": "Feature"
    },
    {
      "geometry": {
        "coordinates": [
          [
            6.454941703685007,
            51.07870706968985
          ],
          [
            6.478879458334148,
            51.079226069521276
          ]
        ],
        "type": "LineString"
      },
      "properties": {
        "length_m": 1678.492,
        "orientation": "EW",
        "row": 220,
        "segment": 0
      },
      "type": "Feature"
    },
    {
      "geometry": {
        "coordinates": [
          [
            6.483995245229701,
            51.07933634886916
          ],
          [
            6.527497308161172,
            51.08026504229258
          ]
        ],
        "type": "LineString"
      },
      "properties": {
        "length_m": 3050.176,
        "orientation": "EW",
        "row": 220,
        "segment": 1
      },
      "type": "Feature"
    },
    {
      "geometry": {
        "coordinates": [
          [
            6.454954776264933,
            51.07889803239852
          ],
          [
            6.478717493711929,
            51.079413251626576
          ]
        ],
        "type": "LineString"
      },
      "properties": {
        "length_m": 1666.212,
        "orientation": "EW",
        "row": 221,
        "segment": 0
      },
      "type": "Feature"
    },
    {
      "geometry": {
        "coordinates": [
          [
            6.483827133411308,
            51.07952340553111
          ],
          [
            6.525920731324371,
            51.080422344175524
          ]
        ],
        "type": "LineString"
      },
      "properties": {
        "length_m": 2951.411,
        "orientation": "EW",
        "row": 221,
        "segment": 1
      },
      "type": "Feature"
    },
    {
      "geometry": {
        "coordinates": [
          [
            6.454967848924441,
            51.079088995101614
          ],
          [
            6.4785555277627696,
            51.07960043348347
          ]
        ],
        "type": "LineString"
      },
      "properties": {
        "length_m": 1653.931,
        "orientation": "EW",
        "row": 222,
        "segment": 0
      },
      "type": "Feature"
    },
    {
      "geometry": {
        "coordinates": [
          [
            6.4836590202179245,
            51.07971046192662
          ],
          [
            6.525665413902512,
            51.08060761320223
          ]
        ],
        "type": "LineString"
      },
      "properties": {
        "length_m": 2945.286,
        "orientation": "EW",
        "row": 222,
        "segment": 1
      },
      "type": "Feature"
    },
    {
      "geometry": {
        "coordinates": [
          [
            6.454980921663532,
            51.07927995779912
          ],
          [
            6.478393560486651,
            51.079787615091924
          ]
        ],
        "type": "LineString"
      },
      "properties": {
        "length_m": 1641.651,
        "orientation": "EW",
        "row": 223,
        "segment": 0
      },
      "type": "Feature"
    },
    {
      "geometry": {
        "coordinates": [
          [
            6.483490905649535,
            51.079897518055674
          ],
          [
            6.52563969577059,
            51.08079774427293
          ]
        ],
        "type": "LineString"
      },
      "properties": {
        "length_m": 2955.258,
        "orientation": "EW",
        "row": 223,
        "segment": 1
      },
      "type": "Feature"
    },
    {
      "geometry": {
        "coordinates": [
          [
            6.454993994482209,
            51.079470920491026
          ],
          [
            6.478231217513275,
            51.07997478837154
          ]
        ],
        "type": "LineString"
      },
      "properties": {
        "length_m": 1629.345,
        "orientation": "EW",
        "row": 224,
        "segment": 0
      },
      "type": "Feature"
    },
    {
      "geometry": {
        "coordinates": [
          [
            6.483322789706116,
            51.08008457391831
          ],
          [
            6.525623253292459,
            51.08098807177211
          ]
        ],
        "type": "LineString"
      },
      "properties": {
        "length_m": 2965.881,
        "orientation": "EW",
        "row": 224,
        "segment": 1
      },
      "type": "Feature"
    },
    {
      "geometry": {
        "coordinates": [
          [
            6.455007067380472,
            51.07966188317736
          ],
          [
            6.478065231522621,
            51.0801618827943
          ]
        ],
        "type": "LineString"
      },
      "properties": {
        "length_m": 1616.783,
        "orientation": "EW",
        "row": 225,
        "segment": 0
      },
      "type": "Feature"
    },
    {
      "geometry": {
        "coordinates": [
          [
            6.4831546723876485,
            51.08027162951449
          ],
          [
            6.52560681065216,
            51.08117839926143
          ]
        ],
        "type": "LineString"
      },
      "properties": {
        "length_m": 2976.504,
        "orientation": "EW",
        "row": 225,
        "segment": 1
      },
      "type": "Feature"
    },
    {
      "geometry": {
        "coordinates": [
          [
            6.455020140358323,
            51.079852845858106
          ],
          [
            6.4778992441735594,
            51.08034897695693
          ]
        ],
        "type": "LineString"
      },
      "properties": {
        "length_m": 1604.221,
        "orientation": "EW",
        "row": 226,
        "segment": 0
      },
      "type": "Feature"
    },
    {
      "geometry": {
        "coordinates": [
          [
            6.482986553694117,
            51.08045868484423
          ],
          [
            6.525590367849691,
            51.08136872674093
          ]
        ],
        "type": "LineString"
      },
      "properties": {
        "length_m": 2987.126,
        "orientation": "EW",
        "row": 226,
        "segment": 1
      },
      "type": "Feature"
    },
    {
      "geometry": {
        "coordinates": [
          [
            6.455033213415767,
            51.080043808533254
          ],
          [
            6.477733255466076,
            51.08053607085938
          ]
        ],
        "type": "LineString"
      },
      "properties": {
        "length_m": 1591.66,
        "orientation": "EW",
        "row": 227,
        "segment": 0
      },
      "type": "Feature"
    },
    {
      "geometry": {
        "coordinates": [
          [
            6.4828184336254955,
            51.0806457399075
          ],
          [
            6.525239802604955,
            51.081551977670664
          ]
        ],
        "type": "LineString"
      },
      "properties": {
        "length_m": 2974.323,
        "orientation": "EW",
        "row": 227,
        "segment": 1
      },
      "type": "Feature"
    },
    {
      "geometry": {
        "coordinates": [
          [
            6.4550462865527996,
            51.080234771202825
          ],
          [
            6.477567265400145,
            51.08072316450166
          ]
        ],
        "type": "LineString"
      },
      "properties": {
        "length_m": 1579.098,
        "orientation": "EW",
        "row": 228,
        "segment": 0
      },
      "type": "Feature"
    },
    {
      "geometry": {
        "coordinates": [
          [
            6.482650312181771,
            51.08083279470432
          ],
          [
            6.52452242030705,
            51.08172745637153
          ]
        ],
        "type": "LineString"
      },
      "properties": {
        "length_m": 2935.802,
        "orientation": "EW",
        "row": 228,
        "segment": 1
      },
      "type": "Feature"
    },
    {
      "geometry": {
        "coordinates": [
          [
            6.455059359769428,
            51.0804257338668
          ],
          [
            6.477401427215273,
            51.080910261192365
          ]
        ],
        "type": "LineString"
      },
      "properties": {
        "length_m": 1566.547,
        "orientation": "EW",
        "row": 229,
        "segment": 0
      },
      "type": "Feature"
    },
    {
      "geometry": {
        "coordinates": [
          [
            6.482482189362919,
            51.08101984923467
          ],
          [
            6.523805032707662,
            51.0819029305873
          ]
        ],
        "type": "LineString"
      },
      "properties": {
        "length_m": 2897.28,
        "orientation": "EW",
        "row": 229,
        "segment": 1
      },
      "type": "Feature"
    },
    {
      "geometry": {
        "coordinates": [
          [
            6.455072433065648,
            51.08061669652519
          ],
          [
            6.477236134144906,
            51.081097369422984
          ]
        ],
        "type": "LineString"
      },
      "properties": {
        "length_m": 1554.034,
        "orientation": "EW",
        "row": 230,
        "segment": 0
      },
      "type": "Feature"
    },
    {
      "geometry": {
        "coordinates": [
          [
            6.482314065168924,
            51.081206903498554
          ],
          [
            6.5230876398068975,
            51.08207840031789
          ]
        ],
        "type": "LineString"
      },
      "properties": {
        "length_m": 2858.759,
        "orientation": "EW",
        "row": 230,
        "segment": 1
      },
      "type": "Feature"
    },
    {
      "geometry": {
        "coordinates": [
          [
            6.455085506441466,
            51.08080765917797
          ],
          [
            6.477070839721505,
            51.08128447739547
          ]
        ],
        "type": "LineString"
      },
      "properties": {
        "length_m": 1541.522,
        "orientation": "EW",
        "row": 231,
        "segment": 0
      },
      "type": "Feature"
    },
    {
      "geometry": {
        "coordinates": [
          [
            6.482145939599764,
            51.081393957495955
          ],
          [
            6.52268316080515,
            51.082260500720444
          ]
        ],
        "type": "LineString"
      },
      "properties": {
        "length_m": 2842.177,
        "orientation": "EW",
        "row": 231,
        "segment": 1
      },
      "type": "Feature"
    },
    {
      "geometry": {
        "coordinates": [
          [
            6.455098579896881,
            51.080998621825195
          ],
          [
            6.4769055439450485,
            51.08147158510986
          ]
        ],
        "type": "LineString"
      },
      "properties": {
        "length_m": 1529.009,
        "orientation": "EW",
        "row": 232,
        "segment": 0
      },
      "type": "Feature"
    },
    {
      "geometry": {
        "coordinates": [
          [
            6.481977812655421,
            51.08158101122688
          ],
          [
            6.522499466049511,
            51.08244728151625
          ]
        ],
        "type": "LineString"
      },
      "properties": {
        "length_m": 2841.075,
        "orientation": "EW",
        "row": 232,
        "segment": 1
      },
      "type": "Feature"
    },
    {
      "geometry": {
        "coordinates": [
          [
            6.455111653431896,
            51.08118958446682
          ],
          [
            6.476740246815515,
            51.0816586925661
          ]
        ],
        "type": "LineString"
      },
      "properties": {
        "length_m": 1516.496,
        "orientation": "EW",
        "row": 233,
        "segment": 0
      },
      "type": "Feature"
    },
    {
      "geometry": {
        "coordinates": [
          [
            6.481809924799347,
            51.08176806987406
          ],
          [
            6.522315769797172,
            51.0826340619973
          ]
        ],
        "type": "LineString"
      },
      "properties": {
        "length_m": 2839.955,
        "orientation": "EW",
        "row": 233,
        "segment": 1
      },
      "type": "Feature"
    },
    {
      "geometry": {
        "coordinates": [
          [
            6.4551247270465115,
            51.08138054710285
          ],
          [
            6.476574948332891,
            51.08184579976421
          ]
        ],
        "type": "LineString"
      },
      "properties": {
        "length_m": 1503.984,
        "orientation": "EW",
        "row": 234,
        "segment": 0
      },
      "type": "Feature"
    },
    {
      "geometry": {
        "coordinates": [
          [
            6.481648350983665,
            51.08195526438074
          ],
          [
            6.5221320720481115,
            51.08282084216358
          ]
        ],
        "type": "LineString"
      },
      "properties": {
        "length_m": 2838.393,
        "orientation": "EW",
        "row": 234,
        "segment": 1
      },
      "type": "Feature"
    },
    {
      "geometry": {
        "coordinates": [
          [
            6.45208098864487,
            51.08150488714405
          ],
          [
            6.4527473519945495,
            51.08151941722466
          ]
        ],
        "type": "LineString"
      },
      "properties": {
        "length_m": 46.723,
        "orientation": "EW",
        "row": 235,
        "segment": 0
      },
      "type": "Feature"
    },
    {
      "geometry": {
        "coordinates": [
          [
            6.455137800740728,
            51.0815715097333
          ],
          [
            6.47643293760691,
            51.08203340973053
          ]
        ],
        "type": "LineString"
      },
      "properties": {
        "length_m": 1493.104,
        "orientation": "EW",
        "row": 235,
        "segment": 1
      },
      "type": "Feature"
    },
    {
      "geometry": {
        "coordinates": [
          [
            6.481486775843977,
            51.08214245864014
          ],
          [
            6.52194837280231,
            51.08300762201508
          ]
        ],
        "type": "LineString"
      },
      "properties": {
        "length_m": 2836.831,
        "orientation": "EW",
        "row": 235,
        "segment": 2
      },
      "type": "Feature"
    },
    {
      "geometry": {
        "coordinates": [
          [
            6.452096417973969,
            51.08169590157794
          ],
          [
            6.453594860865125,
            51.08172856959667
          ]
        ],
        "type": "LineString"
      },
      "properties": {
        "length_m": 105.064,
        "orientation": "EW",
        "row": 236,
        "segment": 0
      },
      "type": "Feature"
    },
    {
      "geometry": {
        "coordinates": [
          [
            6.455135771684922,
            51.08176214339421
          ],
          [
            6.47629498018723,
            51.08222110708034
          ]
        ],
        "type": "LineString"
      },
      "properties": {
        "length_m": 1483.567,
        "orientation": "EW",
        "row": 236,
        "segment": 1
      },
      "type": "Feature"
    },
    {
      "geometry": {
        "coordinates": [
          [
            6.481325199380263,
            51.08232965265228
          ],
          [
            6.521764672059747,
            51.083194401551786
          ]
        ],
        "type": "LineString"
      },
      "properties": {
        "length_m": 2835.268,
        "orientation": "EW",
        "row": 236,
        "segment": 2
      },
      "type": "Feature"
    },
    {
      "geometry": {
        "coordinates": [
          [
            6.452111847402089,
            51.08188691600594
          ],
          [
            6.454442377571062,
            51.08193771592207
          ]
        ],
        "type": "LineString"
      },
      "properties": {
        "length_m": 163.406,
        "orientation": "EW",
        "row": 237,
        "segment": 0
      },
      "type": "Feature"
    },
    {
      "geometry": {
        "coordinates": [
          [
            6.454913906709757,
            51.08194798845164
          ],
          [
            6.476157021628963,
            51.08240880424605
          ]
        ],
        "type": "LineString"
      },
      "properties": {
        "length_m": 1489.445,
        "orientation": "EW",
        "row": 237,
        "segment": 1
      },
      "type": "Feature"
    },
    {
      "geometry": {
        "coordinates": [
          [
            6.481163621592502,
            51.08251684641715
          ],
          [
            6.521580969820398,
            51.08338118077372
          ]
        ],
        "type": "LineString"
      },
      "properties": {
        "length_m": 2833.706,
        "orientation": "EW",
        "row": 237,
        "segment": 2
      },
      "type": "Feature"
    },
    {
      "geometry": {
        "coordinates": [
          [
            6.452127276929235,
            51.08207793042806
          ],
          [
            6.476019061932094,
            51.0825965012276
          ]
        ],
        "type": "LineString"
      },
      "properties": {
        "length_m": 1675.15,
        "orientation": "EW",
        "row": 238,
        "segment": 0
      },
      "type": "Feature"
    },
    {
      "geometry": {
        "coordinates": [
          [
            6.481002074810952,
            51.08270404063175
          ],
          [
            6.521397266084249,
            51.08356795968086
          ]
        ],
        "type": "LineString"
      },
      "properties": {
        "length_m": 2832.142,
        "orientation": "EW",
        "row": 238,
        "segment": 1
      },
      "type": "Feature"
    },
    {
      "geometry": {
        "coordinates": [
          [
            6.452142706555406,
            51.082268944844294
          ],
          [
            6.475881101096602,
            51.08278419802501
          ]
        ],
        "type": "LineString"
      },
      "properties": {
        "length_m": 1664.389,
        "orientation": "EW",
        "row": 239,
        "segment": 0
      },
      "type": "Feature"
    },
    {
      "geometry": {
        "coordinates": [
          [
            6.480856909005793,
            51.08289158781997
          ],
          [
            6.521213560851274,
            51.0837547382732
          ]
        ],
        "type": "LineString"
      },
      "properties": {
        "length_m": 2829.429,
        "orientation": "EW",
        "row": 239,
        "segment": 1
      },
      "type": "Feature"
    },
    {
      "geometry": {
        "coordinates": [
          [
            6.452158136280604,
            51.08245995925465
          ],
          [
            6.475745977670928,
            51.082971955964695
          ]
        ],
        "type": "LineString"
      },
      "properties": {
        "length_m": 1653.826,
        "orientation": "EW",
        "row": 240,
        "segment": 0
      },
      "type": "Feature"
    },
    {
      "geometry": {
        "coordinates": [
          [
            6.48071174200528,
            51.08307913480581
          ],
          [
            6.521029854121455,
            51.08394151655074
          ]
        ],
        "type": "LineString"
      },
      "properties": {
        "length_m": 2826.716,
        "orientation": "EW",
        "row": 240,
        "segment": 1
      },
      "type": "Feature"
    },
    {
      "geometry": {
        "coordinates": [
          [
            6.452173566104832,
            51.082650973659106
          ],
          [
            6.475614154797528,
            51.08315978506289
          ]
        ],
        "type": "LineString"
      },
      "properties": {
        "length_m": 1643.495,
        "orientation": "EW",
        "row": 241,
        "segment": 0
      },
      "type": "Feature"
    },
    {
      "geometry": {
        "coordinates": [
          [
            6.480566573809394,
            51.08326668158927
          ],
          [
            6.52084614589477,
            51.08412829451348
          ]
        ],
        "type": "LineString"
      },
      "properties": {
        "length_m": 2824.002,
        "orientation": "EW",
        "row": 241,
        "segment": 1
      },
      "type": "Feature"
    },
    {
      "geometry": {
        "coordinates": [
          [
            6.452188996028091,
            51.08284198805769
          ],
          [
            6.475482330833896,
            51.083347613991776
          ]
        ],
        "type": "LineString"
      },
      "properties": {
        "length_m": 1633.164,
        "orientation": "EW",
        "row": 242,
        "segment": 0
      },
      "type": "Feature"
    },
    {
      "geometry": {
        "coordinates": [
          [
            6.480421404418123,
            51.083454228170346
          ],
          [
            6.520626137900141,
            51.084314301917274
          ]
        ],
        "type": "LineString"
      },
      "properties": {
        "length_m": 2818.745,
        "orientation": "EW",
        "row": 242,
        "segment": 1
      },
      "type": "Feature"
    },
    {
      "geometry": {
        "coordinates": [
          [
            6.452204426050381,
            51.08303300245037
          ],
          [
            6.475370242790949,
            51.08353586922975
          ]
        ],
        "type": "LineString"
      },
      "properties": {
        "length_m": 1624.217,
        "orientation": "EW",
        "row": 243,
        "segment": 0
      },
      "type": "Feature"
    },
    {
      "geometry": {
        "coordinates": [
          [
            6.480280089235823,
            51.08364185769425
          ],
          [
            6.5203989277491905,
            51.08450015607122
          ]
        ],
        "type": "LineString"
      },
      "properties": {
        "length_m": 2812.712,
        "orientation": "EW",
        "row": 243,
        "segment": 1
      },
      "type": "Feature"
    },
    {
      "geometry": {
        "coordinates": [
          [
            6.452219856171707,
            51.08322401683718
          ],
          [
            6.475284432099887,
            51.083724692183644
          ]
        ],
        "type": "LineString"
      },
      "properties": {
        "length_m": 1617.112,
        "orientation": "EW",
        "row": 244,
        "segment": 0
      },
      "type": "Feature"
    },
    {
      "geometry": {
        "coordinates": [
          [
            6.480143558930994,
            51.0838295902464
          ],
          [
            6.520171715765354,
            51.08468600975264
          ]
        ],
        "type": "LineString"
      },
      "properties": {
        "length_m": 2806.343,
        "orientation": "EW",
        "row": 244,
        "segment": 1
      },
      "type": "Feature"
    },
    {
      "geometry": {
        "coordinates": [
          [
            6.452235286392071,
            51.083415031218095
          ],
          [
            6.475198620684506,
            51.08391351505912
          ]
        ],
        "type": "LineString"
      },
      "properties": {
        "length_m": 1610.007,
        "orientation": "EW",
        "row": 245,
        "segment": 0
      },
      "type": "Feature"
    },
    {
      "geometry": {
        "coordinates": [
          [
            6.4800070274987736,
            51.08401732261794
          ],
          [
            6.519944501948608,
            51.084871862961556
          ]
        ],
        "type": "LineString"
      },
      "properties": {
        "length_m": 2799.974,
        "orientation": "EW",
        "row": 245,
        "segment": 1
      },
      "type": "Feature"
    },
    {
      "geometry": {
        "coordinates": [
          [
            6.452250716711472,
            51.083606045593136
          ],
          [
            6.4751128085447975,
            51.08410233785619
          ]
        ],
        "type": "LineString"
      },
      "properties": {
        "length_m": 1602.902,
        "orientation": "EW",
        "row": 246,
        "segment": 0
      },
      "type": "Feature"
    },
    {
      "geometry": {
        "coordinates": [
          [
            6.479874729614745,
            51.08420514614775
          ],
          [
            6.519717286298931,
            51.085057715697964
          ]
        ],
        "type": "LineString"
      },
      "properties": {
        "length_m": 2793.309,
        "orientation": "EW",
        "row": 246,
        "segment": 1
      },
      "type": "Feature"
    },
    {
      "geometry": {
        "coordinates": [
          [
            6.452266147129914,
            51.083797059962265
          ],
          [
            6.475026995680751,
            51.0842911605748
          ]
        ],
        "type": "LineString"
      },
      "properties": {
        "length_m": 1595.798,
        "orientation": "EW",
        "row": 247,
        "segment": 0
      },
      "type": "Feature"
    },
    {
      "geometry": {
        "coordinates": [
          [
            6.479757554262298,
            51.08439329572818
          ],
          [
            6.519490068816299,
            51.08524356796183
          ]
        ],
        "type": "LineString"
      },
      "properties": {
        "length_m": 2785.583,
        "orientation": "EW",
        "row": 247,
        "segment": 1
      },
      "type": "Feature"
    },
    {
      "geometry": {
        "coordinates": [
          [
            6.452281577647398,
            51.08398807432553
          ],
          [
            6.474949156550305,
            51.08448015555463
          ]
        ],
        "type": "LineString"
      },
      "properties": {
        "length_m": 1589.252,
        "orientation": "EW",
        "row": 248,
        "segment": 0
      },
      "type": "Feature"
    },
    {
      "geometry": {
        "coordinates": [
          [
            6.479640377935516,
            51.084581445172205
          ],
          [
            6.519262849500689,
            51.085429419753176
          ]
        ],
        "type": "LineString"
      },
      "properties": {
        "length_m": 2777.857,
        "orientation": "EW",
        "row": 248,
        "segment": 1
      },
      "type": "Feature"
    },
    {
      "geometry": {
        "coordinates": [
          [
            6.452297008263925,
            51.0841790886829
          ],
          [
            6.474887007877936,
            51.08466948958437
          ]
        ],
        "type": "LineString"
      },
      "properties": {
        "length_m": 1583.806,
        "orientation": "EW",
        "row": 249,
        "segment": 0
      },
      "type": "Feature"
    },
    {
      "geometry": {
        "coordinates": [
          [
            6.479541937306241,
            51.084769998669046
          ],
          [
            6.519035628352077,
            51.08561527107195
          ]
        ],
        "type": "LineString"
      },
      "properties": {
        "length_m": 2768.818,
        "orientation": "EW",
        "row": 249,
        "segment": 1
      },
      "type": "Feature"
    },
    {
      "geometry": {
        "coordinates": [
          [
            6.452312438979499,
            51.08437010303438
          ],
          [
            6.474824858671456,
            51.084858823568325
          ]
        ],
        "type": "LineString"
      },
      "properties": {
        "length_m": 1578.36,
        "orientation": "EW",
        "row": 250,
        "segment": 0
      },
      "type": "Feature"
    },
    {
      "geometry": {
        "coordinates": [
          [
            6.479455202161057,
            51.08495880460372
          ],
          [
            6.518808405370439,
            51.08580112191819
          ]
        ],
        "type": "LineString"
      },
      "properties": {
        "length_m": 2758.958,
        "orientation": "EW",
        "row": 250,
        "segment": 1
      },
      "type": "Feature"
    },
    {
      "geometry": {
        "coordinates": [
          [
            6.45232786979412,
            51.084561117379984
          ],
          [
            6.474762708930852,
            51.085048157506485
          ]
        ],
        "type": "LineString"
      },
      "properties": {
        "length_m": 1572.915,
        "orientation": "EW",
        "row": 251,
        "segment": 0
      },
      "type": "Feature"
    },
    {
      "geometry": {
        "coordinates": [
          [
            6.479385688129908,
            51.08514798199166
          ],
          [
            6.5186782828135446,
            51.08598903443782
          ]
        ],
        "type": "LineString"
      },
      "properties": {
        "length_m": 2754.698,
        "orientation": "EW",
        "row": 251,
        "segment": 1
      },
      "type": "Feature"
    },
    {
      "geometry": {
        "coordinates": [
          [
            6.452343300707791,
            51.08475213171969
          ],
          [
            6.474700558656119,
            51.085237491398864
          ]
        ],
        "type": "LineString"
      },
      "properties": {
        "length_m": 1567.469,
        "orientation": "EW",
        "row": 252,
        "segment": 0
      },
      "type": "Feature"
    },
    {
      "geometry": {
        "coordinates": [
          [
            6.479334883639571,
            51.085337562972896
          ],
          [
            6.5187814703139075,
            51.086181901508276
          ]
        ],
        "type": "LineString"
      },
      "properties": {
        "length_m": 2765.482,
        "orientation": "EW",
        "row": 252,
        "segment": 1
      },
      "type": "Feature"
    },
    {
      "geometry": {
        "coordinates": [
          [
            6.452358731720514,
            51.08494314605351
          ],
          [
            6.474652289025122,
            51.08542712527139
          ]
        ],
        "type": "LineString"
      },
      "properties": {
        "length_m": 1562.997,
        "orientation": "EW",
        "row": 253,
        "segment": 0
      },
      "type": "Feature"
    },
    {
      "geometry": {
        "coordinates": [
          [
            6.479284078706846,
            51.0855271439206
          ],
          [
            6.51937751350257,
            51.086385233028885
          ]
        ],
        "type": "LineString"
      },
      "properties": {
        "length_m": 2810.818,
        "orientation": "EW",
        "row": 253,
        "segment": 1
      },
      "type": "Feature"
    },
    {
      "geometry": {
        "coordinates": [
          [
            6.452374162832291,
            51.08513416038145
          ],
          [
            6.474630403870337,
            51.085617329398055
          ]
        ],
        "type": "LineString"
      },
      "properties": {
        "length_m": 1560.374,
        "orientation": "EW",
        "row": 254,
        "segment": 0
      },
      "type": "Feature"
    },
    {
      "geometry": {
        "coordinates": [
          [
            6.479233273331727,
            51.08571672483478
          ],
          [
            6.520082385197686,
            51.08659087132188
          ]
        ],
        "type": "LineString"
      },
      "properties": {
        "length_m": 2863.783,
        "orientation": "EW",
        "row": 254,
        "segment": 1
      },
      "type": "Feature"
    },
    {
      "geometry": {
        "coordinates": [
          [
            6.452350144462709,
            51.085324314513834
          ],
          [
            6.474608518508308,
            51.08580753351245
          ]
        ],
        "type": "LineString"
      },
      "properties": {
        "length_m": 1560.517,
        "orientation": "EW",
        "row": 255,
        "segment": 0
      },
      "type": "Feature"
    },
    {
      "geometry": {
        "coordinates": [
          [
            6.479182467514206,
            51.085906305715426
          ],
          [
            6.520787263264874,
            51.086796505442095
          ]
        ],
        "type": "LineString"
      },
      "properties": {
        "length_m": 2916.749,
        "orientation": "EW",
        "row": 255,
        "segment": 1
      },
      "type": "Feature"
    },
    {
      "geometry": {
        "coordinates": [
          [
            6.452300200642645,
            51.085513903327104
          ],
          [
            6.474586632939035,
            51.08599773761462
          ]
        ],
        "type": "LineString"
      },
      "properties": {
        "length_m": 1562.478,
        "orientation": "EW",
        "row": 256,
        "segment": 0
      },
      "type": "Feature"
    },
    {
      "geometry": {
        "coordinates": [
          [
            6.479049733663702,
            51.08609411892058
          ],
          [
            6.521492147704076,
            51.08700213538945
          ]
        ],
        "type": "LineString"
      },
      "properties": {
        "length_m": 2975.457,
        "orientation": "EW",
        "row": 256,
        "segment": 1
      },
      "type": "Feature"
    },
    {
      "geometry": {
        "coordinates": [
          [
            6.452250256386893,
            51.08570349210762
          ],
          [
            6.474564747162512,
            51.0861879417045
          ]
        ],
        "type": "LineString"
      },
      "properties": {
        "length_m": 1564.439,
        "orientation": "EW",
        "row": 257,
        "segment": 0
      },
      "type": "Feature"
    },
    {
      "geometry": {
        "coordinates": [
          [
            6.4781969786385565,
            51.08626639377283
          ],
          [
            6.5221970385152375,
            51.08720776116384
          ]
        ],
        "type": "LineString"
      },
      "properties": {
        "length_m": 3084.645,
        "orientation": "EW",
        "row": 257,
        "segment": 1
      },
      "type": "Feature"
    },
    {
      "geometry": {
        "coordinates": [
          [
            6.452200311695448,
            51.085893080855406
          ],
          [
            6.474548502017844,
            51.08637826770645
          ]
        ],
        "type": "LineString"
      },
      "properties": {
        "length_m": 1566.795,
        "orientation": "EW",
        "row": 258,
        "segment": 0
      },
      "type": "Feature"
    },
    {
      "geometry": {
        "coordinates": [
          [
            6.4769328849377175,
            51.08642978067671
          ],
          [
            6.5229019356982985,
            51.08741338276519
          ]
        ],
        "type": "LineString"
      },
      "properties": {
        "length_m": 3222.67,
        "orientation": "EW",
        "row": 258,
        "segment": 1
      },
      "type": "Feature"
    },
    {
      "geometry": {
        "coordinates": [
          [
            6.452150366568301,
            51.08608266957044
          ],
          [
            6.474544473760486,
            51.086568857765165
          ]
        ],
        "type": "LineString"
      },
      "properties": {
        "length_m": 1570.008,
        "orientation": "EW",
        "row": 259,
        "segment": 0
      },
      "type": "Feature"
    },
    {
      "geometry": {
        "coordinates": [
          [
            6.476735910187011,
            51.08661620407696
          ],
          [
            6.523606839253202,
            51.08761900019338
          ]
        ],
        "type": "LineString"
      },
      "properties": {
        "length_m": 3285.882,
        "orientation": "EW",
        "row": 259,
        "segment": 1
      },
      "type": "Feature"
    },
    {
      "geometry": {
        "coordinates": [
          [
            6.452100421005445,
            51.086272258252755
          ],
          [
            6.474540445442143,
            51.08675944781765
          ]
        ],
        "type": "LineString"
      },
      "properties": {
        "length_m": 1573.221,
        "orientation": "EW",
        "row": 260,
        "segment": 0
      },
      "type": "Feature"
    },
    {
      "geometry": {
        "coordinates": [
          [
            6.476909311716656,
            51.086810625733335
          ],
          [
            6.52393578870235,
            51.08781664704424
          ]
        ],
        "type": "LineString"
      },
      "properties": {
        "length_m": 3296.772,
        "orientation": "EW",
        "row": 260,
        "segment": 1
      },
      "type": "Feature"
    },
    {
      "geometry": {
        "coordinates": [
          [
            6.4520504750068755,
            51.08646184690233
          ],
          [
            6.474536417062813,
            51.086950037863886
          ]
        ],
        "type": "LineString"
      },
      "properties": {
        "length_m": 1576.433,
        "orientation": "EW",
        "row": 261,
        "segment": 0
      },
      "type": "Feature"
    },
    {
      "geometry": {
        "coordinates": [
          [
            6.477066820810525,
            51.08700470395397
          ],
          [
            6.52423211185257,
            51.088013601643894
          ]
        ],
        "type": "LineString"
      },
      "properties": {
        "length_m": 3306.489,
        "orientation": "EW",
        "row": 261,
        "segment": 1
      },
      "type": "Feature"
    },
    {
      "geometry": {
        "coordinates": [
          [
            6.452000528572586,
            51.08665143551915
          ],
          [
            6.474532388622499,
            51.087140627903864
          ]
        ],
        "type": "LineString"
      },
      "properties": {
        "length_m": 1579.646,
        "orientation": "EW",
        "row": 262,
        "segment": 0
      },
      "type": "Feature"
    },
    {
      "geometry": {
        "coordinates": [
          [
            6.477224331202405,
            51.087198781974976
          ],
          [
            6.524528437518675,
            51.08821055552071
          ]
        ],
        "type": "LineString"
      },
      "properties": {
        "length_m": 3316.206,
        "orientation": "EW",
        "row": 262,
        "segment": 1
      },
      "type": "Feature"
    },
    {
      "geometry": {
        "coordinates": [
          [
            6.451950581702567,
            51.08684102410325
          ],
          [
            6.474529524318842,
            51.08733124310121
          ]
        ],
        "type": "LineString"
      },
      "properties": {
        "length_m": 1582.94,
        "orientation": "EW",
        "row": 263,
        "segment": 0
      },
      "type": "Feature"
    },
    {
      "geometry": {
        "coordinates": [
          [
            6.477382102533584,
            51.087392865402016
          ],
          [
            6.524824765700693,
            51.088407508674685
          ]
        ],
        "type": "LineString"
      },
      "properties": {
        "length_m": 3325.905,
        "orientation": "EW",
        "row": 263,
        "segment": 1
      },
      "type": "Feature"
    },
    {
      "geometry": {
        "coordinates": [
          [
            6.451900634396813,
            51.0870306126546
          ],
          [
            6.474563526381591,
            51.08752265513729
          ]
        ],
        "type": "LineString"
      },
      "properties": {
        "length_m": 1588.819,
        "orientation": "EW",
        "row": 264,
        "segment": 0
      },
      "type": "Feature"
    },
    {
      "geometry": {
        "coordinates": [
          [
            6.4775667030329815,
            51.08758752780461
          ],
          [
            6.525121096398655,
            51.08860446110582
          ]
        ],
        "type": "LineString"
      },
      "properties": {
        "length_m": 3333.723,
        "orientation": "EW",
        "row": 264,
        "segment": 1
      },
      "type": "Feature"
    },
    {
      "geometry": {
        "coordinates": [
          [
            6.451850686655317,
            51.087220201173224
          ],
          [
            6.474600354327485,
            51.0877141282346
          ]
        ],
        "type": "LineString"
      },
      "properties": {
        "length_m": 1594.896,
        "orientation": "EW",
        "row": 265,
        "segment": 0
      },
      "type": "Feature"
    },
    {
      "geometry": {
        "coordinates": [
          [
            6.477751305064646,
            51.08778218993145
          ],
          [
            6.525369641395384,
            51.08880040073451
          ]
        ],
        "type": "LineString"
      },
      "properties": {
        "length_m": 3338.191,
        "orientation": "EW",
        "row": 265,
        "segment": 1
      },
      "type": "Feature"
    },
    {
      "geometry": {
        "coordinates": [
          [
            6.451800738478074,
            51.087409789659084
          ],
          [
            6.474637182550027,
            51.08790560131889
          ]
        ],
        "type": "LineString"
      },
      "properties": {
        "length_m": 1600.973,
        "orientation": "EW",
        "row": 266,
        "segment": 0
      },
      "type": "Feature"
    },
    {
      "geometry": {
        "coordinates": [
          [
            6.477935908628599,
            51.087976851782535
          ],
          [
            6.52558841247988,
            51.088995709302864
          ]
        ],
        "type": "LineString"
      },
      "properties": {
        "length_m": 3340.571,
        "orientation": "EW",
        "row": 266,
        "segment": 1
      },
      "type": "Feature"
    },
    {
      "geometry": {
        "coordinates": [
          [
            6.451750789865075,
            51.087599378112216
          ],
          [
            6.474674011049219,
            51.088097074390156
          ]
        ],
        "type": "LineString"
      },
      "properties": {
        "length_m": 1607.05,
        "orientation": "EW",
        "row": 267,
        "segment": 0
      },
      "type": "Feature"
    },
    {
      "geometry": {
        "coordinates": [
          [
            6.478120513724862,
            51.08817151335788
          ],
          [
            6.52580718539414,
            51.08919101748107
          ]
        ],
        "type": "LineString"
      },
      "properties": {
        "length_m": 3342.952,
        "orientation": "EW",
        "row": 267,
        "segment": 1
      },
      "type": "Feature"
    },
    {
      "geometry": {
        "coordinates": [
          [
            6.451700840816314,
            51.0877889665326
          ],
          [
            6.474716815367699,
            51.088288676596676
          ]
        ],
        "type": "LineString"
      },
      "properties": {
        "length_m": 1613.546,
        "orientation": "EW",
        "row": 268,
        "segment": 0
      },
      "type": "Feature"
    },
    {
      "geometry": {
        "coordinates": [
          [
            6.478427298650013,
            51.088368811447765
          ],
          [
            6.526637550103146,
            51.08939927281053
          ]
        ],
        "type": "LineString"
      },
      "properties": {
        "length_m": 3379.64,
        "orientation": "EW",
        "row": 268,
        "segment": 1
      },
      "type": "Feature"
    },
    {
      "geometry": {
        "coordinates": [
          [
            6.451650891331783,
            51.087978554920255
          ],
          [
            6.47482132103515,
            51.08848161227666
          ]
        ],
        "type": "LineString"
      },
      "properties": {
        "length_m": 1624.368,
        "orientation": "EW",
        "row": 269,
        "segment": 0
      },
      "type": "Feature"
    },
    {
      "geometry": {
        "coordinates": [
          [
            6.478743166260082,
            51.08856630469508
          ],
          [
            6.528756378821272,
            51.08963477963465
          ]
        ],
        "type": "LineString"
      },
      "properties": {
        "length_m": 3506.012,
        "orientation": "EW",
        "row": 269,
        "segment": 1
      },
      "type": "Feature"
    },
    {
      "geometry": {
        "coordinates": [
          [
            6.451600941411478,
            51.08816814327515
          ],
          [
            6.474927272443732,
            51.088674579095176
          ]
        ],
        "type": "LineString"
      },
      "properties": {
        "length_m": 1635.29,
        "orientation": "EW",
        "row": 270,
        "segment": 0
      },
      "type": "Feature"
    },
    {
      "geometry": {
        "coordinates": [
          [
            6.479059036563057,
            51.08876379712019
          ],
          [
            6.529534484572694,
            51.08984190893082
          ]
        ],
        "type": "LineString"
      },
      "properties": {
        "length_m": 3538.398,
        "orientation": "EW",
        "row": 270,
        "segment": 1
      },
      "type": "Feature"
    },
    {
      "geometry": {
        "coordinates": [
          [
            6.45155099105539,
            51.08835773159733
          ],
          [
            6.47503322470962,
            51.088867545824264
          ]
        ],
        "type": "LineString"
      },
      "properties": {
        "length_m": 1646.213,
        "orientation": "EW",
        "row": 271,
        "segment": 0
      },
      "type": "Feature"
    },
    {
      "geometry": {
        "coordinates": [
          [
            6.479377086054177,
            51.08896133567605
          ],
          [
            6.500465903835908,
            51.0894143727696
          ]
        ],
        "type": "LineString"
      },
      "properties": {
        "length_m": 1478.375,
        "orientation": "EW",
        "row": 271,
        "segment": 1
      },
      "type": "Feature"
    },
    {
      "geometry": {
        "coordinates": [
          [
            6.502731010441552,
            51.08946280580435
          ],
          [
            6.503754427648544,
            51.089484674322506
          ]
        ],
        "type": "LineString"
      },
      "properties": {
        "length_m": 71.743,
        "orientation": "EW",
        "row": 271,
        "segment": 2
      },
      "type": "Feature"
    },
    {
      "geometry": {
        "coordinates": [
          [
            6.509230550211353,
            51.08960153629385
          ],
          [
            6.52956049108064,
            51.09003313412976
          ]
        ],
        "type": "LineString"
      },
      "properties": {
        "length_m": 1425.125,
        "orientation": "EW",
        "row": 271,
        "segment": 3
      },
      "type": "Feature"
    },
    {
      "geometry": {
        "coordinates": [
          [
            6.531137085999069,
            51.09006645667656
          ],
          [
            6.532221523915624,
            51.09008936473783
          ]
        ],
        "type": "LineString"
      },
      "properties": {
        "length_m": 76.018,
        "orientation": "EW",
        "row": 271,
        "segment": 4
      },
      "type": "Feature"
    },
    {
      "geometry": {
        "coordinates": [
          [
            6.451501040263511,
            51.08854731988673
          ],
          [
            6.475139177832828,
            51.0890605124639
          ]
        ],
        "type": "LineString"
      },
      "properties": {
        "length_m": 1657.136,
        "orientation": "EW",
        "row": 272,
        "segment": 0
      },
      "type": "Feature"
    },
    {
      "geometry": {
        "coordinates": [
          [
            6.479695691765718,
            51.08915888533731
          ],
          [
            6.498186340421311,
            51.08955626253004
          ]
        ],
        "type": "LineString"
      },
      "properties": {
        "length_m": 1296.234,
        "orientation": "EW",
        "row": 272,
        "segment": 1
      },
      "type": "Feature"
    },
    {
      "geometry": {
        "coordinates": [
          [
            6.5132798761070765,
            51.08987846054965
          ],
          [
            6.530069493373134,
            51.090234569945146
          ]
        ],
        "type": "LineString"
      },
      "properties": {
        "length_m": 1176.941,
        "orientation": "EW",
        "row": 272,
        "segment": 2
      },
      "type": "Feature"
    },
    {
      "geometry": {
        "coordinates": [
          [
            6.530990607917614,
            51.090254036950206
          ],
          [
            6.532611632510959,
            51.090288278321076
          ]
        ],
        "type": "LineString"
      },
      "properties": {
        "length_m": 113.631,
        "orientation": "EW",
        "row": 272,
        "segment": 3
      },
      "type": "Feature"
    },
    {
      "geometry": {
        "coordinates": [
          [
            6.451451089035838,
            51.08873690814341
          ],
          [
            6.475245131813368,
            51.08925347901411
          ]
        ],
        "type": "LineString"
      },
      "properties": {
        "length_m": 1668.059,
        "orientation": "EW",
        "row": 273,
        "segment": 0
      },
      "type": "Feature"
    },
    {
      "geometry": {
        "coordinates": [
          [
            6.480010556306792,
            51.08935635341655
          ],
          [
            6.498017261055818,
            51.089743318493426
          ]
        ],
        "type": "LineString"
      },
      "properties": {
        "length_m": 1262.303,
        "orientation": "EW",
        "row": 273,
        "segment": 1
      },
      "type": "Feature"
    },
    {
      "geometry": {
        "coordinates": [
          [
            6.51367049920088,
            51.090077448993114
          ],
          [
            6.533001744471182,
            51.09048719064169
          ]
        ],
        "type": "LineString"
      },
      "properties": {
        "length_m": 1355.099,
        "orientation": "EW",
        "row": 273,
        "segment": 2
      },
      "type": "Feature"
    },
    {
      "geometry": {
        "coordinates": [
          [
            6.451401137372361,
            51.08892649636733
          ],
          [
            6.475343914568116,
            51.089446290506324
          ]
        ],
        "type": "LineString"
      },
      "properties": {
        "length_m": 1678.479,
        "orientation": "EW",
        "row": 274,
        "segment": 0
      },
      "type": "Feature"
    },
    {
      "geometry": {
        "coordinates": [
          [
            6.4802034708127465,
            51.08955119076449
          ],
          [
            6.497648213370029,
            51.08992609186651
          ]
        ],
        "type": "LineString"
      },
      "properties": {
        "length_m": 1222.903,
        "orientation": "EW",
        "row": 274,
        "segment": 1
      },
      "type": "Feature"
    },
    {
      "geometry": {
        "coordinates": [
          [
            6.514002859096474,
            51.090275196517574
          ],
          [
            6.533391859796324,
            51.09068610169962
          ]
        ],
        "type": "LineString"
      },
      "properties": {
        "length_m": 1359.141,
        "orientation": "EW",
        "row": 274,
        "segment": 2
      },
      "type": "Feature"
    },
    {
      "geometry": {
        "coordinates": [
          [
            6.451351185273075,
            51.08911608455853
          ],
          [
            6.475441609562726,
            51.0896390784011
          ]
        ],
        "type": "LineString"
      },
      "properties": {
        "length_m": 1688.822,
        "orientation": "EW",
        "row": 275,
        "segment": 0
      },
      "type": "Feature"
    },
    {
      "geometry": {
        "coordinates": [
          [
            6.480390290376979,
            51.08974589634551
          ],
          [
            6.496490085052853,
            51.09009195999624
          ]
        ],
        "type": "LineString"
      },
      "properties": {
        "length_m": 1128.616,
        "orientation": "EW",
        "row": 275,
        "segment": 1
      },
      "type": "Feature"
    },
    {
      "geometry": {
        "coordinates": [
          [
            6.51432477437497,
            51.090472720881415
          ],
          [
            6.533781978486411,
            51.09088501149485
          ]
        ],
        "type": "LineString"
      },
      "properties": {
        "length_m": 1363.916,
        "orientation": "EW",
        "row": 275,
        "segment": 2
      },
      "type": "Feature"
    },
    {
      "geometry": {
        "coordinates": [
          [
            6.451301232737972,
            51.08930567271697
          ],
          [
            6.475476680615395,
            51.08983051316577
          ]
        ],
        "type": "LineString"
      },
      "properties": {
        "length_m": 1694.776,
        "orientation": "EW",
        "row": 276,
        "segment": 0
      },
      "type": "Feature"
    },
    {
      "geometry": {
        "coordinates": [
          [
            6.4805506292982615,
            51.08994003062423
          ],
          [
            6.495331948827953,
            51.090257816525444
          ]
        ],
        "type": "LineString"
      },
      "properties": {
        "length_m": 1036.186,
        "orientation": "EW",
        "row": 276,
        "segment": 1
      },
      "type": "Feature"
    },
    {
      "geometry": {
        "coordinates": [
          [
            6.514411428953062,
            51.09066524004798
          ],
          [
            6.534172100541474,
            51.09108392002735
          ]
        ],
        "type": "LineString"
      },
      "properties": {
        "length_m": 1385.182,
        "orientation": "EW",
        "row": 276,
        "segment": 2
      },
      "type": "Feature"
    },
    {
      "geometry": {
        "coordinates": [
          [
            6.451251279767046,
            51.08949526084266
          ],
          [
            6.475490423517953,
            51.090021487101424
          ]
        ],
        "type": "LineString"
      },
      "properties": {
        "length_m": 1699.234,
        "orientation": "EW",
        "row": 277,
        "segment": 0
      },
      "type": "Feature"
    },
    {
      "geometry": {
        "coordinates": [
          [
            6.480611799178089,
            51.09013202643058
          ],
          [
            6.494173804695981,
            51.09042366145388
          ]
        ],
        "type": "LineString"
      },
      "properties": {
        "length_m": 950.708,
        "orientation": "EW",
        "row": 277,
        "segment": 1
      },
      "type": "Feature"
    },
    {
      "geometry": {
        "coordinates": [
          [
            6.514402299367891,
            51.09085572163121
          ],
          [
            6.5345622259615395,
            51.09128282729708
          ]
        ],
        "type": "LineString"
      },
      "properties": {
        "length_m": 1413.163,
        "orientation": "EW",
        "row": 277,
        "segment": 2
      },
      "type": "Feature"
    },
    {
      "geometry": {
        "coordinates": [
          [
            6.451201326360291,
            51.08968484893562
          ],
          [
            6.475439995653208,
            51.090211074556464
          ]
        ],
        "type": "LineString"
      },
      "properties": {
        "length_m": 1699.194,
        "orientation": "EW",
        "row": 278,
        "segment": 0
      },
      "type": "Feature"
    },
    {
      "geometry": {
        "coordinates": [
          [
            6.480672336030096,
            51.09032400854701
          ],
          [
            6.49369814928266,
            51.090604136153765
          ]
        ],
        "type": "LineString"
      },
      "properties": {
        "length_m": 913.116,
        "orientation": "EW",
        "row": 278,
        "segment": 1
      },
      "type": "Feature"
    },
    {
      "geometry": {
        "coordinates": [
          [
            6.514393169680294,
            51.09104620320704
          ],
          [
            6.534952354746638,
            51.09148173330403
          ]
        ],
        "type": "LineString"
      },
      "properties": {
        "length_m": 1441.144,
        "orientation": "EW",
        "row": 278,
        "segment": 2
      },
      "type": "Feature"
    },
    {
      "geometry": {
        "coordinates": [
          [
            6.451151372517697,
            51.08987443699582
          ],
          [
            6.475389567349016,
            51.09040066197831
          ]
        ],
        "type": "LineString"
      },
      "properties": {
        "length_m": 1699.154,
        "orientation": "EW",
        "row": 279,
        "segment": 0
      },
      "type": "Feature"
    },
    {
      "geometry": {
        "coordinates": [
          [
            6.480709495513627,
            51.09051548658464
          ],
          [
            6.4936058236874,
            51.09079283218528
          ]
        ],
        "type": "LineString"
      },
      "properties": {
        "length_m": 904.036,
        "orientation": "EW",
        "row": 279,
        "segment": 1
      },
      "type": "Feature"
    },
    {
      "geometry": {
        "coordinates": [
          [
            6.514384039890275,
            51.09123668477546
          ],
          [
            6.535342486896801,
            51.091680638048175
          ]
        ],
        "type": "LineString"
      },
      "properties": {
        "length_m": 1469.125,
        "orientation": "EW",
        "row": 279,
        "segment": 2
      },
      "type": "Feature"
    },
    {
      "geometry": {
        "coordinates": [
          [
            6.451101418239261,
            51.09006402502328
          ],
          [
            6.475245134294791,
            51.0905882181715
          ]
        ],
        "type": "LineString"
      },
      "properties": {
        "length_m": 1692.524,
        "orientation": "EW",
        "row": 280,
        "segment": 0
      },
      "type": "Feature"
    },
    {
      "geometry": {
        "coordinates": [
          [
            6.480727014031903,
            51.090706541128256
          ],
          [
            6.493518971126962,
            51.0909816455478
          ]
        ],
        "type": "LineString"
      },
      "properties": {
        "length_m": 896.716,
        "orientation": "EW",
        "row": 280,
        "segment": 1
      },
      "type": "Feature"
    },
    {
      "geometry": {
        "coordinates": [
          [
            6.514374909997829,
            51.09142716633647
          ],
          [
            6.535732622412054,
            51.091879541529465
          ]
        ],
        "type": "LineString"
      },
      "properties": {
        "length_m": 1497.106,
        "orientation": "EW",
        "row": 280,
        "segment": 2
      },
      "type": "Feature"
    },
    {
      "geometry": {
        "coordinates": [
          [
            6.4510514635249745,
            51.09025361301799
          ],
          [
            6.475071908267946,
            51.09077515199667
          ]
        ],
        "type": "LineString"
      },
      "properties": {
        "length_m": 1683.876,
        "orientation": "EW",
        "row": 281,
        "segment": 0
      },
      "type": "Feature"
    },
    {
      "geometry": {
        "coordinates": [
          [
            6.480744532666823,
            51.09089759566558
          ],
          [
            6.493432117833815,
            51.09117045883032
          ]
        ],
        "type": "LineString"
      },
      "properties": {
        "length_m": 889.396,
        "orientation": "EW",
        "row": 281,
        "segment": 1
      },
      "type": "Feature"
    },
    {
      "geometry": {
        "coordinates": [
          [
            6.514365780002957,
            51.09161764789006
          ],
          [
            6.536122761292426,
            51.09207844374789
          ]
        ],
        "type": "LineString"
      },
      "properties": {
        "length_m": 1525.086,
        "orientation": "EW",
        "row": 281,
        "segment": 2
      },
      "type": "Feature"
    },
    {
      "geometry": {
        "coordinates": [
          [
            6.444598838342201,
            51.0903033467785
          ],
          [
            6.447691906874693,
            51.09037095288593
          ]
        ],
        "type": "LineString"
      },
      "properties": {
        "length_m": 216.833,
        "orientation": "EW",
        "row": 282,
        "segment": 0
      },
      "type": "Feature"
    },
    {
      "geometry": {
        "coordinates": [
          [
            6.450914498686816,
            51.09044130277378
          ],
          [
            6.474837208557045,
            51.09096075705987
          ]
        ],
        "type": "LineString"
      },
      "properties": {
        "length_m": 1677.018,
        "orientation": "EW",
        "row": 282,
        "segment": 1
      },
      "type": "Feature"
    },
    {
      "geometry": {
        "coordinates": [
          [
            6.480675455134827,
            51.09108678310401
          ],
          [
            6.493345263807948,
            51.091359272032825
          ]
        ],
        "type": "LineString"
      },
      "properties": {
        "length_m": 888.146,
        "orientation": "EW",
        "row": 282,
        "segment": 2
      },
      "type": "Feature"
    },
    {
      "geometry": {
        "coordinates": [
          [
            6.514356649905656,
            51.09180812943625
          ],
          [
            6.536454046531807,
            51.092276103830365
          ]
        ],
        "type": "LineString"
      },
      "properties": {
        "length_m": 1548.942,
        "orientation": "EW",
        "row": 282,
        "segment": 3
      },
      "type": "Feature"
    },
    {
      "geometry": {
        "coordinates": [
          [
            6.444496802045661,
            51.09049179310325
          ],
          [
            6.474602506956149,
            51.09114636161972
          ]
        ],
        "type": "LineString"
      },
      "properties": {
        "length_m": 2110.455,
        "orientation": "EW",
        "row": 283,
        "segment": 0
      },
      "type": "Feature"
    },
    {
      "geometry": {
        "coordinates": [
          [
            6.480567292933374,
            51.09127512775775
          ],
          [
            6.493258409049349,
            51.091548085155296
          ]
        ],
        "type": "LineString"
      },
      "properties": {
        "length_m": 889.636,
        "orientation": "EW",
        "row": 283,
        "segment": 1
      },
      "type": "Feature"
    },
    {
      "geometry": {
        "coordinates": [
          [
            6.514347176863443,
            51.09199860368187
          ],
          [
            6.536763190818383,
            51.09247329620822
          ]
        ],
        "type": "LineString"
      },
      "properties": {
        "length_m": 1571.269,
        "orientation": "EW",
        "row": 283,
        "segment": 2
      },
      "type": "Feature"
    },
    {
      "geometry": {
        "coordinates": [
          [
            6.444394764894773,
            51.09068023932155
          ],
          [
            6.474001182768761,
            51.091324040494676
          ]
        ],
        "type": "LineString"
      },
      "properties": {
        "length_m": 2075.446,
        "orientation": "EW",
        "row": 284,
        "segment": 0
      },
      "type": "Feature"
    },
    {
      "geometry": {
        "coordinates": [
          [
            6.480582769107789,
            51.091466138267805
          ],
          [
            6.493171553558007,
            51.09173689819775
          ]
        ],
        "type": "LineString"
      },
      "properties": {
        "length_m": 882.459,
        "orientation": "EW",
        "row": 284,
        "segment": 1
      },
      "type": "Feature"
    },
    {
      "geometry": {
        "coordinates": [
          [
            6.514333403294477,
            51.09218898643871
          ],
          [
            6.5370723377356414,
            51.092670487798166
          ]
        ],
        "type": "LineString"
      },
      "properties": {
        "length_m": 1593.897,
        "orientation": "EW",
        "row": 284,
        "segment": 2
      },
      "type": "Feature"
    },
    {
      "geometry": {
        "coordinates": [
          [
            6.444292726889526,
            51.090868685433385
          ],
          [
            6.472776200508468,
            51.09148822894195
          ]
        ],
        "type": "LineString"
      },
      "properties": {
        "length_m": 1996.72,
        "orientation": "EW",
        "row": 285,
        "segment": 0
      },
      "type": "Feature"
    },
    {
      "geometry": {
        "coordinates": [
          [
            6.480993391396651,
            51.09166566817188
          ],
          [
            6.493084697333909,
            51.0919257111602
          ]
        ],
        "type": "LineString"
      },
      "properties": {
        "length_m": 847.583,
        "orientation": "EW",
        "row": 285,
        "segment": 1
      },
      "type": "Feature"
    },
    {
      "geometry": {
        "coordinates": [
          [
            6.5143196295850165,
            51.09237936918668
          ],
          [
            6.537381487283615,
            51.09286767860021
          ]
        ],
        "type": "LineString"
      },
      "properties": {
        "length_m": 1616.526,
        "orientation": "EW",
        "row": 285,
        "segment": 2
      },
      "type": "Feature"
    },
    {
      "geometry": {
        "coordinates": [
          [
            6.444190688029905,
            51.09105713143878
          ],
          [
            6.458822522424322,
            51.09137626933247
          ]
        ],
        "type": "LineString"
      },
      "properties": {
        "length_m": 1025.711,
        "orientation": "EW",
        "row": 286,
        "segment": 0
      },
      "type": "Feature"
    },
    {
      "geometry": {
        "coordinates": [
          [
            6.465629597228178,
            51.0915241142331
          ],
          [
            6.4704284663887295,
            51.09162810356856
          ]
        ],
        "type": "LineString"
      },
      "properties": {
        "length_m": 336.4,
        "orientation": "EW",
        "row": 286,
        "segment": 1
      },
      "type": "Feature"
    },
    {
      "geometry": {
        "coordinates": [
          [
            6.481404017242845,
            51.09186519667627
          ],
          [
            6.492997840377047,
            51.09211452404263
          ]
        ],
        "type": "LineString"
      },
      "properties": {
        "length_m": 812.706,
        "orientation": "EW",
        "row": 286,
        "segment": 2
      },
      "type": "Feature"
    },
    {
      "geometry": {
        "coordinates": [
          [
            6.514305855735061,
            51.09256975192583
          ],
          [
            6.537659551058214,
            51.09306421350371
          ]
        ],
        "type": "LineString"
      },
      "properties": {
        "length_m": 1636.975,
        "orientation": "EW",
        "row": 286,
        "segment": 3
      },
      "type": "Feature"
    },
    {
      "geometry": {
        "coordinates": [
          [
            6.444088648315899,
            51.09124557733769
          ],
          [
            6.456635362665743,
            51.091519358980314
          ]
        ],
        "type": "LineString"
      },
      "properties": {
        "length_m": 879.539,
        "orientation": "EW",
        "row": 287,
        "segment": 0
      },
      "type": "Feature"
    },
    {
      "geometry": {
        "coordinates": [
          [
            6.481814646646403,
            51.09206472378093
          ],
          [
            6.492910982687406,
            51.092303336845035
          ]
        ],
        "type": "LineString"
      },
      "properties": {
        "length_m": 777.83,
        "orientation": "EW",
        "row": 287,
        "segment": 1
      },
      "type": "Feature"
    },
    {
      "geometry": {
        "coordinates": [
          [
            6.51429208174461,
            51.09276013465612
          ],
          [
            6.537463283837255,
            51.09325075249727
          ]
        ],
        "type": "LineString"
      },
      "properties": {
        "length_m": 1624.177,
        "orientation": "EW",
        "row": 287,
        "segment": 2
      },
      "type": "Feature"
    },
    {
      "geometry": {
        "coordinates": [
          [
            6.443986607747494,
            51.091434023130155
          ],
          [
            6.454490594260563,
            51.091663331276905
          ]
        ],
        "type": "LineString"
      },
      "properties": {
        "length_m": 736.339,
        "orientation": "EW",
        "row": 288,
        "segment": 0
      },
      "type": "Feature"
    },
    {
      "geometry": {
        "coordinates": [
          [
            6.4821786462288316,
            51.09226324463064
          ],
          [
            6.4928241242649785,
            51.09249214956741
          ]
        ],
        "type": "LineString"
      },
      "properties": {
        "length_m": 746.223,
        "orientation": "EW",
        "row": 288,
        "segment": 1
      },
      "type": "Feature"
    },
    {
      "geometry": {
        "coordinates": [
          [
            6.514278307613661,
            51.09295051737757
          ],
          [
            6.537267015021293,
            51.093437291133974
          ]
        ],
        "type": "LineString"
      },
      "properties": {
        "length_m": 1611.379,
        "orientation": "EW",
        "row": 288,
        "segment": 2
      },
      "type": "Feature"
    },
    {
      "geometry": {
        "coordinates": [
          [
            6.443884566324676,
            51.09162246881614
          ],
          [
            6.4531323446074955,
            51.09182441080035
          ]
        ],
        "type": "LineString"
      },
      "properties": {
        "length_m": 648.276,
        "orientation": "EW",
        "row": 289,
        "segment": 0
      },
      "type": "Feature"
    },
    {
      "geometry": {
        "coordinates": [
          [
            6.483691415552409,
            51.092486508938535
          ],
          [
            6.492737265109751,
            51.092680962209776
          ]
        ],
        "type": "LineString"
      },
      "properties": {
        "length_m": 634.089,
        "orientation": "EW",
        "row": 289,
        "segment": 1
      },
      "type": "Feature"
    },
    {
      "geometry": {
        "coordinates": [
          [
            6.51426453334221,
            51.09314090009018
          ],
          [
            6.537070744610307,
            51.09362382941381
          ]
        ],
        "type": "LineString"
      },
      "properties": {
        "length_m": 1598.58,
        "orientation": "EW",
        "row": 289,
        "segment": 2
      },
      "type": "Feature"
    },
    {
      "geometry": {
        "coordinates": [
          [
            6.4437825240474345,
            51.09181091439568
          ],
          [
            6.451858660458353,
            51.091987318828544
          ]
        ],
        "type": "LineString"
      },
      "properties": {
        "length_m": 566.141,
        "orientation": "EW",
        "row": 290,
        "segment": 0
      },
      "type": "Feature"
    },
    {
      "geometry": {
        "coordinates": [
          [
            6.485515424411656,
            51.09271645166626
          ],
          [
            6.4926504052217116,
            51.092869774772105
          ]
        ],
        "type": "LineString"
      },
      "properties": {
        "length_m": 500.14,
        "orientation": "EW",
        "row": 290,
        "segment": 1
      },
      "type": "Feature"
    },
    {
      "geometry": {
        "coordinates": [
          [
            6.514250758930258,
            51.09333128279394
          ],
          [
            6.536874472604275,
            51.09381036733681
          ]
        ],
        "type": "LineString"
      },
      "properties": {
        "length_m": 1585.782,
        "orientation": "EW",
        "row": 290,
        "segment": 2
      },
      "type": "Feature"
    },
    {
      "geometry": {
        "coordinates": [
          [
            6.443680480915755,
            51.09199935986874
          ],
          [
            6.450722201707018,
            51.09215320705696
          ]
        ],
        "type": "LineString"
      },
      "properties": {
        "length_m": 493.626,
        "orientation": "EW",
        "row": 291,
        "segment": 0
      },
      "type": "Feature"
    },
    {
      "geometry": {
        "coordinates": [
          [
            6.4866655758358505,
            51.09293187328015
          ],
          [
            6.492563544600849,
            51.09305858725442
          ]
        ],
        "type": "LineString"
      },
      "properties": {
        "length_m": 413.427,
        "orientation": "EW",
        "row": 291,
        "segment": 1
      },
      "type": "Feature"
    },
    {
      "geometry": {
        "coordinates": [
          [
            6.514236984377799,
            51.09352166548887
          ],
          [
            6.5366712739902955,
            51.09399675891723
          ]
        ],
        "type": "LineString"
      },
      "properties": {
        "length_m": 1572.498,
        "orientation": "EW",
        "row": 291,
        "segment": 2
      },
      "type": "Feature"
    },
    {
      "geometry": {
        "coordinates": [
          [
            6.443578436929624,
            51.09218780523531
          ],
          [
            6.449622741455985,
            51.09231989185795
          ]
        ],
        "type": "LineString"
      },
      "properties": {
        "length_m": 423.706,
        "orientation": "EW",
        "row": 292,
        "segment": 0
      },
      "type": "Feature"
    },
    {
      "geometry": {
        "coordinates": [
          [
            6.488055242146812,
            51.093152432736005
          ],
          [
            6.492476683247155,
            51.09324739965669
          ]
        ],
        "type": "LineString"
      },
      "properties": {
        "length_m": 309.926,
        "orientation": "EW",
        "row": 292,
        "segment": 1
      },
      "type": "Feature"
    },
    {
      "geometry": {
        "coordinates": [
          [
            6.514223209684834,
            51.093712048174936
          ],
          [
            6.536434056200505,
            51.09418243293119
          ]
        ],
        "type": "LineString"
      },
      "properties": {
        "length_m": 1556.83,
        "orientation": "EW",
        "row": 292,
        "segment": 2
      },
      "type": "Feature"
    },
    {
      "geometry": {
        "coordinates": [
          [
            6.4434763920890274,
            51.09237625049544
          ],
          [
            6.44787302073227,
            51.092472365098445
          ]
        ],
        "type": "LineString"
      },
      "properties": {
        "length_m": 308.203,
        "orientation": "EW",
        "row": 293,
        "segment": 0
      },
      "type": "Feature"
    },
    {
      "geometry": {
        "coordinates": [
          [
            6.489740077526839,
            51.093379317094566
          ],
          [
            6.492389821160614,
            51.09343621197894
          ]
        ],
        "type": "LineString"
      },
      "properties": {
        "length_m": 185.736,
        "orientation": "EW",
        "row": 293,
        "segment": 1
      },
      "type": "Feature"
    },
    {
      "geometry": {
        "coordinates": [
          [
            6.51420943485136,
            51.09390243085218
          ],
          [
            6.536196836500259,
            51.094368106432015
          ]
        ],
        "type": "LineString"
      },
      "properties": {
        "length_m": 1541.162,
        "orientation": "EW",
        "row": 293,
        "segment": 2
      },
      "type": "Feature"
    },
    {
      "geometry": {
        "coordinates": [
          [
            6.443374346393955,
            51.09256469564908
          ],
          [
            6.446723657853661,
            51.092637932734284
          ]
        ],
        "type": "LineString"
      },
      "properties": {
        "length_m": 234.785,
        "orientation": "EW",
        "row": 294,
        "segment": 0
      },
      "type": "Feature"
    },
    {
      "geometry": {
        "coordinates": [
          [
            6.490673786001171,
            51.09359004885005
          ],
          [
            6.492302958341218,
            51.093625024221154
          ]
        ],
        "type": "LineString"
      },
      "properties": {
        "length_m": 114.198,
        "orientation": "EW",
        "row": 294,
        "segment": 1
      },
      "type": "Feature"
    },
    {
      "geometry": {
        "coordinates": [
          [
            6.514195659877376,
            51.09409281352057
          ],
          [
            6.535959614889535,
            51.09455377941966
          ]
        ],
        "type": "LineString"
      },
      "properties": {
        "length_m": 1525.494,
        "orientation": "EW",
        "row": 294,
        "segment": 2
      },
      "type": "Feature"
    },
    {
      "geometry": {
        "coordinates": [
          [
            6.443272299844392,
            51.092753140696246
          ],
          [
            6.444603914051011,
            51.092782270826376
          ]
        ],
        "type": "LineString"
      },
      "properties": {
        "length_m": 93.345,
        "orientation": "EW",
        "row": 295,
        "segment": 0
      },
      "type": "Feature"
    },
    {
      "geometry": {
        "coordinates": [
          [
            6.491452935887365,
            51.09379745503632
          ],
          [
            6.492216094788954,
            51.09381383638334
          ]
        ],
        "type": "LineString"
      },
      "properties": {
        "length_m": 53.494,
        "orientation": "EW",
        "row": 295,
        "segment": 1
      },
      "type": "Feature"
    },
    {
      "geometry": {
        "coordinates": [
          [
            6.514181884762878,
            51.094283196180115
          ],
          [
            6.535722391368307,
            51.09473945189415
          ]
        ],
        "type": "LineString"
      },
      "properties": {
        "length_m": 1509.826,
        "orientation": "EW",
        "row": 295,
        "segment": 2
      },
      "type": "Feature"
    },
    {
      "geometry": {
        "coordinates": [
          [
            6.514168109507865,
            51.094473578830815
          ],
          [
            6.535485165936553,
            51.094925123855454
          ]
        ],
        "type": "LineString"
      },
      "properties": {
        "length_m": 1494.158,
        "orientation": "EW",
        "row": 296,
        "segment": 0
      },
      "type": "Feature"
    },
    {
      "geometry": {
        "coordinates": [
          [
            6.514154334112334,
            51.09466396147268
          ],
          [
            6.535247938594249,
            51.09511079530359
          ]
        ],
        "type": "LineString"
      },
      "properties": {
        "length_m": 1478.49,
        "orientation": "EW",
        "row": 297,
        "segment": 0
      },
      "type": "Feature"
    },
    {
      "geometry": {
        "coordinates": [
          [
            6.5140567271434895,
            51.094852560656165
          ],
          [
            6.514518503482485,
            51.09486238384609
          ]
        ],
        "type": "LineString"
      },
      "properties": {
        "length_m": 32.367,
        "orientation": "EW",
        "row": 298,
        "segment": 0
      },
      "type": "Feature"
    },
    {
      "geometry": {
        "coordinates": [
          [
            6.514828742815215,
            51.09486898242116
          ],
          [
            6.535010709341371,
            51.09529646623852
          ]
        ],
        "type": "LineString"
      },
      "properties": {
        "length_m": 1414.585,
        "orientation": "EW",
        "row": 298,
        "segment": 1
      },
      "type": "Feature"
    },
    {
      "geometry": {
        "coordinates": [
          [
            6.516603155734374,
            51.095097382706996
          ],
          [
            6.517070680557605,
            51.09510731795085
          ]
        ],
        "type": "LineString"
      },
      "properties": {
        "length_m": 32.77,
        "orientation": "EW",
        "row": 299,
        "segment": 0
      },
      "type": "Feature"
    },
    {
      "geometry": {
        "coordinates": [
          [
            6.517897316430829,
            51.095124879981455
          ],
          [
            6.534773478177897,
            51.09548213666025
          ]
        ],
        "type": "LineString"
      },
      "properties": {
        "length_m": 1182.869,
        "orientation": "EW",
        "row": 299,
        "segment": 1
      },
      "type": "Feature"
    },
    {
      "geometry": {
        "coordinates": [
          [
            6.518392703283117,
            51.095326077308485
          ],
          [
            6.534536245103801,
            51.09566780656878
          ]
        ],
        "type": "LineString"
      },
      "properties": {
        "length_m": 1131.514,
        "orientation": "EW",
        "row": 300,
        "segment": 0
      },
      "type": "Feature"
    },
    {
      "geometry": {
        "coordinates": [
          [
            6.51847345085664,
            51.09551846768802
          ],
          [
            6.534302884620963,
            51.09585355771981
          ]
        ],
        "type": "LineString"
      },
      "properties": {
        "length_m": 1109.494,
        "orientation": "EW",
        "row": 301,
        "segment": 0
      },
      "type": "Feature"
    },
    {
      "geometry": {
        "coordinates": [
          [
            6.518518365557956,
            51.09571009705218
          ],
          [
            6.534071410923084,
            51.09603934822998
          ]
        ],
        "type": "LineString"
      },
      "properties": {
        "length_m": 1090.117,
        "orientation": "EW",
        "row": 302,
        "segment": 0
      },
      "type": "Feature"
    },
    {
      "geometry": {
        "coordinates": [
          [
            6.518598248430755,
            51.0959024689633
          ],
          [
            6.533839935358658,
            51.09622513825064
          ]
        ],
        "type": "LineString"
      },
      "properties": {
        "length_m": 1068.29,
        "orientation": "EW",
        "row": 303,
        "segment": 0
      },
      "type": "Feature"
    },
    {
      "geometry": {
        "coordinates": [
          [
            6.519723283377027,
            51.09611702971477
          ],
          [
            6.53360845792766,
            51.096410927781776
          ]
        ],
        "type": "LineString"
      },
      "properties": {
        "length_m": 973.207,
        "orientation": "EW",
        "row": 304,
        "segment": 0
      },
      "type": "Feature"
    },
    {
      "geometry": {
        "coordinates": [
          [
            6.52084832908753,
            51.09633157977014
          ],
          [
            6.533376978630069,
            51.09659671682339
          ]
        ],
        "type": "LineString"
      },
      "properties": {
        "length_m": 878.125,
        "orientation": "EW",
        "row": 305,
        "segment": 0
      },
      "type": "Feature"
    },
    {
      "geometry": {
        "coordinates": [
          [
            6.521973385561769,
            51.096546119129165
          ],
          [
            6.533145497465859,
            51.09678250537548
          ]
        ],
        "type": "LineString"
      },
      "properties": {
        "length_m": 783.042,
        "orientation": "EW",
        "row": 306,
        "segment": 0
      },
      "type": "Feature"
    },
    {
      "geometry": {
        "coordinates": [
          [
            6.523098452799249,
            51.09676064779159
          ],
          [
            6.53291401443501,
            51.096968293437996
          ]
        ],
        "type": "LineString"
      },
      "properties": {
        "length_m": 687.96,
        "orientation": "EW",
        "row": 307,
        "segment": 0
      },
      "type": "Feature"
    },
    {
      "geometry": {
        "coordinates": [
          [
            6.524174268968877,
            51.09697412202979
          ],
          [
            6.532682529537497,
            51.09715408101098
          ]
        ],
        "type": "LineString"
      },
      "properties": {
        "length_m": 596.33,
        "orientation": "EW",
        "row": 308,
        "segment": 0
      },
      "type": "Feature"
    },
    {
      "geometry": {
        "coordinates": [
          [
            6.525227069451837,
            51.097187098839925
          ],
          [
            6.532451042773295,
            51.09733986809439
          ]
        ],
        "type": "LineString"
      },
      "properties": {
        "length_m": 506.314,
        "orientation": "EW",
        "row": 309,
        "segment": 0
      },
      "type": "Feature"
    },
    {
      "geometry": {
        "coordinates": [
          [
            6.526311832170784,
            51.09740074269728
          ],
          [
            6.532219554142384,
            51.097525654688226
          ]
        ],
        "type": "LineString"
      },
      "properties": {
        "length_m": 414.059,
        "orientation": "EW",
        "row": 310,
        "segment": 0
      },
      "type": "Feature"
    },
    {
      "geometry": {
        "coordinates": [
          [
            6.527841511026233,
            51.09762378990233
          ],
          [
            6.531988063644737,
            51.09771144079247
          ]
        ],
        "type": "LineString"
      },
      "properties": {
        "length_m": 290.621,
        "orientation": "EW",
        "row": 311,
        "segment": 0
      },
      "type": "Feature"
    },
    {
      "geometry": {
        "coordinates": [
          [
            6.528764289508023,
            51.09783398374729
          ],
          [
            6.531756571280333,
            51.09789722640715
          ]
        ],
        "type": "LineString"
      },
      "properties": {
        "length_m": 209.72,
        "orientation": "EW",
        "row": 312,
        "segment": 0
      },
      "type": "Feature"
    },
    {
      "geometry": {
        "coordinates": [
          [
            6.529603271067454,
            51.09804239872185
          ],
          [
            6.531525077049148,
            51.09808301153221
          ]
        ],
        "type": "LineString"
      },
      "properties": {
        "length_m": 134.693,
        "orientation": "EW",
        "row": 313,
        "segment": 0
      },
      "type": "Feature"
    },
    {
      "geometry": {
        "coordinates": [
          [
            6.530442260352894,
            51.098250807769205
          ],
          [
            6.531293580951159,
            51.09826879616768
          ]
        ],
        "type": "LineString"
      },
      "properties": {
        "length_m": 59.666,
        "orientation": "EW",
        "row": 314,
        "segment": 0
      },
      "type": "Feature"
    }
  ],
  "type": "FeatureCollection"
}