{
  "features": [
    {
      "geometry": {
        "coordinates": [
          [
            6.480860182113316,
            51.03755724749653
          ],
          [
            6.481490044445536,
            51.03757083095978
          ]
        ],
        "type": "LineString"
      },
      "properties": {
        "length_m": 44.204,
        "orientation": "EW",
        "row": 0,
        "segment": 0
      },
      "type": "Feature"
    },
    {
      "geometry": {
        "coordinates": [
          [
            6.479624044608982,
            51.0377662289068
          ],
          [
            6.481619548155673,
            51.037809272860734
          ]
        ],
        "type": "LineString"
      },
      "properties": {
        "length_m": 140.045,
        "orientation": "EW",
        "row": 1,
        "segment": 0
      },
      "type": "Feature"
    },
    {
      "geometry": {
        "coordinates": [
          [
            6.478334537230031,
            51.0379740450535
          ],
          [
            6.4817490531577935,
            51.038047714628014
          ]
        ],
        "type": "LineString"
      },
      "properties": {
        "length_m": 239.631,
        "orientation": "EW",
        "row": 2,
        "segment": 0
      },
      "type": "Feature"
    },
    {
      "geometry": {
        "coordinates": [
          [
            6.477079951636846,
            51.038182601373535
          ],
          [
            6.481831465629284,
            51.03828514092733
          ]
        ],
        "type": "LineString"
      },
      "properties": {
        "length_m": 333.461,
        "orientation": "EW",
        "row": 3,
        "segment": 0
      },
      "type": "Feature"
    },
    {
      "geometry": {
        "coordinates": [
          [
            6.4758644359494,
            51.03839198863592
          ],
          [
            6.481840702634375,
            51.03852098952135
          ]
        ],
        "type": "LineString"
      },
      "properties": {
        "length_m": 419.412,
        "orientation": "EW",
        "row": 4,
        "segment": 0
      },
      "type": "Feature"
    },
    {
      "geometry": {
        "coordinates": [
          [
            6.474648909713379,
            51.03860136308488
          ],
          [
            6.481866689112325,
            51.038757199220036
          ]
        ],
        "type": "LineString"
      },
      "properties": {
        "length_m": 506.539,
        "orientation": "EW",
        "row": 5,
        "segment": 0
      },
      "type": "Feature"
    },
    {
      "geometry": {
        "coordinates": [
          [
            6.473275413988391,
            51.03880730765627
          ],
          [
            6.482002658764099,
            51.03899578002038
          ]
        ],
        "type": "LineString"
      },
      "properties": {
        "length_m": 612.469,
        "orientation": "EW",
        "row": 6,
        "segment": 0
      },
      "type": "Feature"
    },
    {
      "geometry": {
        "coordinates": [
          [
            6.471688907977164,
            51.03900862533889
          ],
          [
            6.482142690350652,
            51.039234448207964
          ]
        ],
        "type": "LineString"
      },
      "properties": {
        "length_m": 733.633,
        "orientation": "EW",
        "row": 7,
        "segment": 0
      },
      "type": "Feature"
    },
    {
      "geometry": {
        "coordinates": [
          [
            6.469750194446179,
            51.03920229205432
          ],
          [
            6.482282723339564,
            51.039473116239094
          ]
        ],
        "type": "LineString"
      },
      "properties": {
        "length_m": 879.513,
        "orientation": "EW",
        "row": 8,
        "segment": 0
      },
      "type": "Feature"
    },
    {
      "geometry": {
        "coordinates": [
          [
            6.469220558693859,
            51.03942646701136
          ],
          [
            6.482422757730862,
            51.03971178411378
          ]
        ],
        "type": "LineString"
      },
      "properties": {
        "length_m": 926.505,
        "orientation": "EW",
        "row": 9,
        "segment": 0
      },
      "type": "Feature"
    },
    {
      "geometry": {
        "coordinates": [
          [
            6.468671534965063,
            51.03965021940936
          ],
          [
            6.482562793524575,
            51.039950451832
          ]
        ],
        "type": "LineString"
      },
      "properties": {
        "length_m": 974.857,
        "orientation": "EW",
        "row": 10,
        "segment": 0
      },
      "type": "Feature"
    },
    {
      "geometry": {
        "coordinates": [
          [
            6.468122505996985,
            51.03987396914341
          ],
          [
            6.482702830720731,
            51.040189119393744
          ]
        ],
        "type": "LineString"
      },
      "properties": {
        "length_m": 1023.209,
        "orientation": "EW",
        "row": 11,
        "segment": 0
      },
      "type": "Feature"
    },
    {
      "geometry": {
        "coordinates": [
          [
            6.467573471789603,
            51.040097716213495
          ],
          [
            6.482842869319357,
            51.04042778679903
          ]
        ],
        "type": "LineString"
      },
      "properties": {
        "length_m": 1071.561,
        "orientation": "EW",
        "row": 12,
        "segment": 0
      },
      "type": "Feature"
    },
    {
      "geometry": {
        "coordinates": [
          [
            6.467033971034909,
            51.04032166748116
          ],
          [
            6.482982909320482,
            51.04066645404783
          ]
        ],
        "type": "LineString"
      },
      "properties": {
        "length_m": 1119.244,
        "orientation": "EW",
        "row": 13,
        "segment": 0
      },
      "type": "Feature"
    },
    {
      "geometry": {
        "coordinates": [
          [
            6.466506836066372,
            51.04054588451392
          ],
          [
            6.483129475549308,
            51.0409052617403
          ]
        ],
        "type": "LineString"
      },
      "properties": {
        "length_m": 1166.516,
        "orientation": "EW",
        "row": 14,
        "segment": 0
      },
      "type": "Feature"
    },
    {
      "geometry": {
        "coordinates": [
          [
            6.465979696051526,
            51.04077009908724
          ],
          [
            6.4832772566318395,
            51.04114409540619
          ]
        ],
        "type": "LineString"
      },
      "properties": {
        "length_m": 1213.874,
        "orientation": "EW",
        "row": 15,
        "segment": 0
      },
      "type": "Feature"
    },
    {
      "geometry": {
        "coordinates": [
          [
            6.465463427484807,
            51.040994547220365
          ],
          [
            6.48342503919821,
            51.04138292889763
          ]
        ],
        "type": "LineString"
      },
      "properties": {
        "length_m": 1260.468,
        "orientation": "EW",
        "row": 16,
        "segment": 0
      },
      "type": "Feature"
    },
    {
      "geometry": {
        "coordinates": [
          [
            6.46494911715449,
            51.04121903560205
          ],
          [
            6.48356014909114,
            51.04162148915499
          ]
        ],
        "type": "LineString"
      },
      "properties": {
        "length_m": 1306.036,
        "orientation": "EW",
        "row": 17,
        "segment": 0
      },
      "type": "Feature"
    },
    {
      "geometry": {
        "coordinates": [
          [
            6.4644988546593956,
            51.04144491212124
          ],
          [
            6.483653365157064,
            51.041859146692204
          ]
        ],
        "type": "LineString"
      },
      "properties": {
        "length_m": 1344.168,
        "orientation": "EW",
        "row": 18,
        "segment": 0
      },
      "type": "Feature"
    },
    {
      "geometry": {
        "coordinates": [
          [
            6.464527341141973,
            51.04168118050323
          ],
          [
            6.483746582137045,
            51.042096804159684
          ]
        ],
        "type": "LineString"
      },
      "properties": {
        "length_m": 1348.703,
        "orientation": "EW",
        "row": 19,
        "segment": 0
      },
      "type": "Feature"
    },
    {
      "geometry": {
        "coordinates": [
          [
            6.464555827871832,
            51.04191744887372
          ],
          [
            6.4838398000311,
            51.042334461557424
          ]
        ],
        "type": "LineString"
      },
      "properties": {
        "length_m": 1353.239,
        "orientation": "EW",
        "row": 20,
        "segment": 0
      },
      "type": "Feature"
    },
    {
      "geometry": {
        "coordinates": [
          [
            6.464584314848977,
            51.042153717232715
          ],
          [
            6.483993326974077,
            51.04257341798568
          ]
        ],
        "type": "LineString"
      },
      "properties": {
        "length_m": 1362.007,
        "orientation": "EW",
        "row": 21,
        "segment": 0
      },
      "type": "Feature"
    },
    {
      "geometry": {
        "coordinates": [
          [
            6.464618461469295,
            51.04239010842836
          ],
          [
            6.484361519477514,
            51.04281699776877
          ]
        ],
        "type": "LineString"
      },
      "properties": {
        "length_m": 1385.44,
        "orientation": "EW",
        "row": 22,
        "segment": 0
      },
      "type": "Feature"
    },
    {
      "geometry": {
        "coordinates": [
          [
            6.464666870806314,
            51.04262680919758
          ],
          [
            6.484734760829196,
            51.04306068507694
          ]
        ],
        "type": "LineString"
      },
      "properties": {
        "length_m": 1408.228,
        "orientation": "EW",
        "row": 23,
        "segment": 0
      },
      "type": "Feature"
    },
    {
      "geometry": {
        "coordinates": [
          [
            6.464715280594676,
            51.04286350994503
          ],
          [
            6.485092347389147,
            51.04330403408776
          ]
        ],
        "type": "LineString"
      },
      "properties": {
        "length_m": 1429.916,
        "orientation": "EW",
        "row": 24,
        "segment": 0
      },
      "type": "Feature"
    },
    {
      "geometry": {
        "coordinates": [
          [
            6.4647636908343875,
            51.043100210670744
          ],
          [
            6.485440356056597,
            51.04354717577215
          ]
        ],
        "type": "LineString"
      },
      "properties": {
        "length_m": 1450.932,
        "orientation": "EW",
        "row": 25,
        "segment": 0
      },
      "type": "Feature"
    },
    {
      "geometry": {
        "coordinates": [
          [
            6.464812101525463,
            51.04333691137469
          ],
          [
            6.48578836836187,
            51.04379031646166
          ]
        ],
        "type": "LineString"
      },
      "properties": {
        "length_m": 1471.948,
        "orientation": "EW",
        "row": 26,
        "segment": 0
      },
      "type": "Feature"
    },
    {
      "geometry": {
        "coordinates": [
          [
            6.464862890313262,
            51.043573663662805
          ],
          [
            6.486136384305019,
            51.04403345615629
          ]
        ],
        "type": "LineString"
      },
      "properties": {
        "length_m": 1492.797,
        "orientation": "EW",
        "row": 27,
        "segment": 0
      },
      "type": "Feature"
    },
    {
      "geometry": {
        "coordinates": [
          [
            6.464916408456265,
            51.04381047515545
          ],
          [
            6.486484403886104,
            51.04427659485601
          ]
        ],
        "type": "LineString"
      },
      "properties": {
        "length_m": 1513.454,
        "orientation": "EW",
        "row": 28,
        "segment": 0
      },
      "type": "Feature"
    },
    {
      "geometry": {
        "coordinates": [
          [
            6.464969927103117,
            51.04404728662261
          ],
          [
            6.48683335414754,
            51.04451975250715
          ]
        ],
        "type": "LineString"
      },
      "properties": {
        "length_m": 1534.177,
        "orientation": "EW",
        "row": 29,
        "segment": 0
      },
      "type": "Feature"
    },
    {
      "geometry": {
        "coordinates": [
          [
            6.465023446253832,
            51.044284098064296
          ],
          [
            6.487184125058166,
            51.04476294824723
          ]
        ],
        "type": "LineString"
      },
      "properties": {
        "length_m": 1555.027,
        "orientation": "EW",
        "row": 30,
        "segment": 0
      },
      "type": "Feature"
    },
    {
      "geometry": {
        "coordinates": [
          [
            6.46507696590842,
            51.04452090948049
          ],
          [
            6.4875348996371,
            51.0450061429763
          ]
        ],
        "type": "LineString"
      },
      "properties": {
        "length_m": 1575.877,
        "orientation": "EW",
        "row": 31,
        "segment": 0
      },
      "type": "Feature"
    },
    {
      "geometry": {
        "coordinates": [
          [
            6.465144399478877,
            51.0447580228211
          ],
          [
            6.488026573171354,
            51.045252366841694
          ]
        ],
        "type": "LineString"
      },
      "properties": {
        "length_m": 1605.638,
        "orientation": "EW",
        "row": 32,
        "segment": 0
      },
      "type": "Feature"
    },
    {
      "geometry": {
        "coordinates": [
          [
            6.465213445349623,
            51.04499517109892
          ],
          [
            6.488534700992696,
            51.04549894237938
          ]
        ],
        "type": "LineString"
      },
      "properties": {
        "length_m": 1636.439,
        "orientation": "EW",
        "row": 33,
        "segment": 0
      },
      "type": "Feature"
    },
    {
      "geometry": {
        "coordinates": [
          [
            6.4652824918841745,
            51.04523231933718
          ],
          [
            6.488872997990483,
            51.04574186468219
          ]
        ],
        "type": "LineString"
      },
      "properties": {
        "length_m": 1655.323,
        "orientation": "EW",
        "row": 34,
        "segment": 0
      },
      "type": "Feature"
    },
    {
      "geometry": {
        "coordinates": [
          [
            6.465351539082542,
            51.045469467535945
          ],
          [
            6.489211298519481,
            51.0459847860457
          ]
        ],
        "type": "LineString"
      },
      "properties": {
        "length_m": 1674.208,
        "orientation": "EW",
        "row": 35,
        "segment": 0
      },
      "type": "Feature"
    },
    {
      "geometry": {
        "coordinates": [
          [
            6.465411863034645,
            51.045706426390424
          ],
          [
            6.4895496025797454,
            51.046227706469885
          ]
        ],
        "type": "LineString"
      },
      "properties": {
        "length_m": 1693.704,
        "orientation": "EW",
        "row": 36,
        "segment": 0
      },
      "type": "Feature"
    },
    {
      "geometry": {
        "coordinates": [
          [
            6.465309563687848,
            51.04593985632382
          ],
          [
            6.489887910171334,
            51.046470625954704
          ]
        ],
        "type": "LineString"
      },
      "properties": {
        "length_m": 1724.612,
        "orientation": "EW",
        "row": 37,
        "segment": 0
      },
      "type": "Feature"
    },
    {
      "geometry": {
        "coordinates": [
          [
            6.464513880543883,
            51.04615823681768
          ],
          [
            6.490226221294301,
            51.04671354450016
          ]
        ],
        "type": "LineString"
      },
      "properties": {
        "length_m": 1804.173,
        "orientation": "EW",
        "row": 38,
        "segment": 0
      },
      "type": "Feature"
    },
    {
      "geometry": {
        "coordinates": [
          [
            6.464651791491259,
            51.04639688023439
          ],
          [
            6.490564535948704,
            51.046956462106195
          ]
        ],
        "type": "LineString"
      },
      "properties": {
        "length_m": 1818.225,
        "orientation": "EW",
        "row": 39,
        "segment": 0
      },
      "type": "Feature"
    },
    {
      "geometry": {
        "coordinates": [
          [
            6.464983078280143,
            51.046639720482304
          ],
          [
            6.490902854134593,
            51.04719937877279
          ]
        ],
        "type": "LineString"
      },
      "properties": {
        "length_m": 1818.709,
        "orientation": "EW",
        "row": 40,
        "segment": 0
      },
      "type": "Feature"
    },
    {
      "geometry": {
        "coordinates": [
          [
            6.4653143685243375,
            51.046882559830536
          ],
          [
            6.491241175852027,
            51.047442294499945
          ]
        ],
        "type": "LineString"
      },
      "properties": {
        "length_m": 1819.192,
        "orientation": "EW",
        "row": 41,
        "segment": 0
      },
      "type": "Feature"
    },
    {
      "geometry": {
        "coordinates": [
          [
            6.465645662223897,
            51.04712539827905
          ],
          [
            6.491581600379113,
            51.04768525436941
          ]
        ],
        "type": "LineString"
      },
      "properties": {
        "length_m": 1819.823,
        "orientation": "EW",
        "row": 42,
        "segment": 0
      },
      "type": "Feature"
    },
    {
      "geometry": {
        "coordinates": [
          [
            6.465976959378877,
            51.04736823582784
          ],
          [
            6.492152190551567,
            51.04793315508806
          ]
        ],
        "type": "LineString"
      },
      "properties": {
        "length_m": 1836.603,
        "orientation": "EW",
        "row": 43,
        "segment": 0
      },
      "type": "Feature"
    },
    {
      "geometry": {
        "coordinates": [
          [
            6.466308259989334,
            51.04761107247686
          ],
          [
            6.492753996315685,
            51.04818172300286
          ]
        ],
        "type": "LineString"
      },
      "properties": {
        "length_m": 1855.573,
        "orientation": "EW",
        "row": 44,
        "segment": 0
      },
      "type": "Feature"
    },
    {
      "geometry": {
        "coordinates": [
          [
            6.466639564055321,
            51.04785390822612
          ],
          [
            6.493355808589385,
            51.04843028789756
          ]
        ],
        "type": "LineString"
      },
      "properties": {
        "length_m": 1874.542,
        "orientation": "EW",
        "row": 45,
        "segment": 0
      },
      "type": "Feature"
    },
    {
      "geometry": {
        "coordinates": [
          [
            6.466970871576892,
            51.048096743075575
          ],
          [
            6.493957627372702,
            51.04867884977208
          ]
        ],
        "type": "LineString"
      },
      "properties": {
        "length_m": 1893.512,
        "orientation": "EW",
        "row": 46,
        "segment": 0
      },
      "type": "Feature"
    },
    {
      "geometry": {
        "coordinates": [
          [
            6.467302182554106,
            51.04833957702518
          ],
          [
            6.49455945266567,
            51.04892740862632
          ]
        ],
        "type": "LineString"
      },
      "properties": {
        "length_m": 1912.482,
        "orientation": "EW",
        "row": 47,
        "segment": 0
      },
      "type": "Feature"
    },
    {
      "geometry": {
        "coordinates": [
          [
            6.4676334969870135,
            51.04858241007494
          ],
          [
            6.495161284468323,
            51.04917596446023
          ]
        ],
        "type": "LineString"
      },
      "properties": {
        "length_m": 1931.451,
        "orientation": "EW",
        "row": 48,
        "segment": 0
      },
      "type": "Feature"
    },
    {
      "geometry": {
        "coordinates": [
          [
            6.467964814875672,
            51.04882524222483
          ],
          [
            6.495763122780694,
            51.04942451727369
          ]
        ],
        "type": "LineString"
      },
      "properties": {
        "length_m": 1950.421,
        "orientation": "EW",
        "row": 49,
        "segment": 0
      },
      "type": "Feature"
    },
    {
      "geometry": {
        "coordinates": [
          [
            6.468296136220136,
            51.04906807347481
          ],
          [
            6.496364967602819,
            51.04967306706664
          ]
        ],
        "type": "LineString"
      },
      "properties": {
        "length_m": 1969.391,
        "orientation": "EW",
        "row": 50,
        "segment": 0
      },
      "type": "Feature"
    },
    {
      "geometry": {
        "coordinates": [
          [
            6.46862746102046,
            51.04931090382487
          ],
          [
            6.4969668189347285,
            51.04992161383899
          ]
        ],
        "type": "LineString"
      },
      "properties": {
        "length_m": 1988.36,
        "orientation": "EW",
        "row": 51,
        "segment": 0
      },
      "type": "Feature"
    },
    {
      "geometry": {
        "coordinates": [
          [
            6.468963778037194,
            51.04955384137393
          ],
          [
            6.497568676776457,
            51.05017015759065
          ]
        ],
        "type": "LineString"
      },
      "properties": {
        "length_m": 2006.98,
        "orientation": "EW",
        "row": 52,
        "segment": 0
      },
      "type": "Feature"
    },
    {
      "geometry": {
        "coordinates": [
          [
            6.469302632136708,
            51.04979683288648
          ],
          [
            6.498170541128038,
            51.05041869832154
          ]
        ],
        "type": "LineString"
      },
      "properties": {
        "length_m": 2025.422,
        "orientation": "EW",
        "row": 53,
        "segment": 0
      },
      "type": "Feature"
    },
    {
      "geometry": {
        "coordinates": [
          [
            6.469641489774837,
            51.050039823457
          ],
          [
            6.498772411989508,
            51.0506672360316
          ]
        ],
        "type": "LineString"
      },
      "properties": {
        "length_m": 2043.864,
        "orientation": "EW",
        "row": 54,
        "segment": 0
      },
      "type": "Feature"
    },
    {
      "geometry": {
        "coordinates": [
          [
            6.469980350951636,
            51.050282813085474
          ],
          [
            6.499339207337679,
            51.050915019694294
          ]
        ],
        "type": "LineString"
      },
      "properties": {
        "length_m": 2059.844,
        "orientation": "EW",
        "row": 55,
        "segment": 0
      },
      "type": "Feature"
    },
    {
      "geometry": {
        "coordinates": [
          [
            6.470319215667161,
            51.050525801771855
          ],
          [
            6.499480069058962,
            51.051153683524234
          ]
        ],
        "type": "LineString"
      },
      "properties": {
        "length_m": 2045.941,
        "orientation": "EW",
        "row": 56,
        "segment": 0
      },
      "type": "Feature"
    },
    {
      "geometry": {
        "coordinates": [
          [
            6.470658083921469,
            51.05076878951612
          ],
          [
            6.499472912152903,
            51.05138917867565
          ]
        ],
        "type": "LineString"
      },
      "properties": {
        "length_m": 2021.653,
        "orientation": "EW",
        "row": 57,
        "segment": 0
      },
      "type": "Feature"
    },
    {
      "geometry": {
        "coordinates": [
          [
            6.470996955714613,
            51.05101177631828
          ],
          [
            6.49945349247554,
            51.051624411313604
          ]
        ],
        "type": "LineString"
      },
      "properties": {
        "length_m": 1996.505,
        "orientation": "EW",
        "row": 58,
        "segment": 0
      },
      "type": "Feature"
    },
    {
      "geometry": {
        "coordinates": [
          [
            6.47133583104665,
            51.05125476217827
          ],
          [
            6.499438404195073,
            51.05185973666381
          ]
        ],
        "type": "LineString"
      },
      "properties": {
        "length_m": 1971.661,
        "orientation": "EW",
        "row": 59,
        "segment": 0
      },
      "type": "Feature"
    },
    {
      "geometry": {
        "coordinates": [
          [
            6.501730585422166,
            51.05190878257246
          ],
          [
            6.5017638136128575,
            51.05190949322631
          ]
        ],
        "type": "LineString"
      },
      "properties": {
        "length_m": 2.331,
        "orientation": "EW",
        "row": 59,
        "segment": 1
      },
      "type": "Feature"
    },
    {
      "geometry": {
        "coordinates": [
          [
            6.471674709917637,
            51.05149774709606
          ],
          [
            6.499415564527423,
            51.05209489607154
          ]
        ],
        "type": "LineString"
      },
      "properties": {
        "length_m": 1946.272,
        "orientation": "EW",
        "row": 60,
        "segment": 0
      },
      "type": "Feature"
    },
    {
      "geometry": {
        "coordinates": [
          [
            6.501718018759904,
            51.05214416205346
          ],
          [
            6.502389525202363,
            51.05215852182187
          ]
        ],
        "type": "LineString"
      },
      "properties": {
        "length_m": 47.111,
        "orientation": "EW",
        "row": 60,
        "segment": 1
      },
      "type": "Feature"
    },
    {
      "geometry": {
        "coordinates": [
          [
            6.472013592327624,
            51.05174073107166
          ],
          [
            6.499380593578171,
            51.052329795771534
          ]
        ],
        "type": "LineString"
      },
      "properties": {
        "length_m": 1920.033,
        "orientation": "EW",
        "row": 61,
        "segment": 0
      },
      "type": "Feature"
    },
    {
      "geometry": {
        "coordinates": [
          [
            6.501702216845018,
            51.05237947233277
          ],
          [
            6.502993815294825,
            51.05240708909389
          ]
        ],
        "type": "LineString"
      },
      "properties": {
        "length_m": 90.615,
        "orientation": "EW",
        "row": 61,
        "segment": 1
      },
      "type": "Feature"
    },
    {
      "geometry": {
        "coordinates": [
          [
            6.4723524782766715,
            51.05198371410502
          ],
          [
            6.499345622233299,
            51.052564695447494
          ]
        ],
        "type": "LineString"
      },
      "properties": {
        "length_m": 1893.794,
        "orientation": "EW",
        "row": 62,
        "segment": 0
      },
      "type": "Feature"
    },
    {
      "geometry": {
        "coordinates": [
          [
            6.501658420888029,
            51.05261418387795
          ],
          [
            6.503586652127757,
            51.052655408411304
          ]
        ],
        "type": "LineString"
      },
      "properties": {
        "length_m": 135.279,
        "orientation": "EW",
        "row": 62,
        "segment": 1
      },
      "type": "Feature"
    },
    {
      "geometry": {
        "coordinates": [
          [
            6.472691367764836,
            51.052226696196115
          ],
          [
            6.499310650492798,
            51.05279959509945
          ]
        ],
        "type": "LineString"
      },
      "properties": {
        "length_m": 1867.554,
        "orientation": "EW",
        "row": 63,
        "segment": 0
      },
      "type": "Feature"
    },
    {
      "geometry": {
        "coordinates": [
          [
            6.50161462444673,
            51.05284889539194
          ],
          [
            6.504179495365388,
            51.05290372479867
          ]
        ],
        "type": "LineString"
      },
      "properties": {
        "length_m": 179.942,
        "orientation": "EW",
        "row": 63,
        "segment": 1
      },
      "type": "Feature"
    },
    {
      "geometry": {
        "coordinates": [
          [
            6.473030260792168,
            51.05246967734493
          ],
          [
            6.499268260052786,
            51.05303433591551
          ]
        ],
        "type": "LineString"
      },
      "properties": {
        "length_m": 1840.795,
        "orientation": "EW",
        "row": 64,
        "segment": 0
      },
      "type": "Feature"
    },
    {
      "geometry": {
        "coordinates": [
          [
            6.5015708275211095,
            51.05308360687473
          ],
          [
            6.504772345007756,
            51.053152038255895
          ]
        ],
        "type": "LineString"
      },
      "properties": {
        "length_m": 224.606,
        "orientation": "EW",
        "row": 64,
        "segment": 1
      },
      "type": "Feature"
    },
    {
      "geometry": {
        "coordinates": [
          [
            6.473369157358727,
            51.052712657551425
          ],
          [
            6.499222903735059,
            51.05326901321674
          ]
        ],
        "type": "LineString"
      },
      "properties": {
        "length_m": 1813.827,
        "orientation": "EW",
        "row": 65,
        "segment": 0
      },
      "type": "Feature"
    },
    {
      "geometry": {
        "coordinates": [
          [
            6.501527030111163,
            51.05331831832631
          ],
          [
            6.50535043492235,
            51.05340003343905
          ]
        ],
        "type": "LineString"
      },
      "properties": {
        "length_m": 268.234,
        "orientation": "EW",
        "row": 65,
        "segment": 1
      },
      "type": "Feature"
    },
    {
      "geometry": {
        "coordinates": [
          [
            6.473708057464568,
            51.05295563681558
          ],
          [
            6.499177546917306,
            51.05350369048536
          ]
        ],
        "type": "LineString"
      },
      "properties": {
        "length_m": 1786.859,
        "orientation": "EW",
        "row": 66,
        "segment": 0
      },
      "type": "Feature"
    },
    {
      "geometry": {
        "coordinates": [
          [
            6.501483232216875,
            51.053553029746695
          ],
          [
            6.505928162452407,
            51.0536480179673
          ]
        ],
        "type": "LineString"
      },
      "properties": {
        "length_m": 311.836,
        "orientation": "EW",
        "row": 66,
        "segment": 1
      },
      "type": "Feature"
    },
    {
      "geometry": {
        "coordinates": [
          [
            6.474046961109743,
            51.05319861513739
          ],
          [
            6.499131644539639,
            51.053738356052065
          ]
        ],
        "type": "LineString"
      },
      "properties": {
        "length_m": 1759.853,
        "orientation": "EW",
        "row": 67,
        "segment": 0
      },
      "type": "Feature"
    },
    {
      "geometry": {
        "coordinates": [
          [
            6.501439433838242,
            51.05378774113589
          ],
          [
            6.506505896212059,
            51.053895999714484
          ]
        ],
        "type": "LineString"
      },
      "properties": {
        "length_m": 355.438,
        "orientation": "EW",
        "row": 67,
        "segment": 1
      },
      "type": "Feature"
    },
    {
      "geometry": {
        "coordinates": [
          [
            6.474385868294312,
            51.053441592516805
          ],
          [
            6.4990552830399055,
            51.05397236947632
          ]
        ],
        "type": "LineString"
      },
      "properties": {
        "length_m": 1730.71,
        "orientation": "EW",
        "row": 68,
        "segment": 0
      },
      "type": "Feature"
    },
    {
      "geometry": {
        "coordinates": [
          [
            6.501395634975252,
            51.054022452493875
          ],
          [
            6.507083173951397,
            51.05414396881571
          ]
        ],
        "type": "LineString"
      },
      "properties": {
        "length_m": 399.007,
        "orientation": "EW",
        "row": 68,
        "segment": 1
      },
      "type": "Feature"
    },
    {
      "geometry": {
        "coordinates": [
          [
            6.474724779018329,
            51.053684568953805
          ],
          [
            6.498978920730033,
            51.054206382831325
          ]
        ],
        "type": "LineString"
      },
      "properties": {
        "length_m": 1701.567,
        "orientation": "EW",
        "row": 69,
        "segment": 0
      },
      "type": "Feature"
    },
    {
      "geometry": {
        "coordinates": [
          [
            6.5013475791383994,
            51.05425707277393
          ],
          [
            6.507660200473832,
            51.05439192964745
          ]
        ],
        "type": "LineString"
      },
      "properties": {
        "length_m": 442.857,
        "orientation": "EW",
        "row": 69,
        "segment": 1
      },
      "type": "Feature"
    },
    {
      "geometry": {
        "coordinates": [
          [
            6.475063693281851,
            51.05392754444834
          ],
          [
            6.498902557610004,
            51.05444039611709
          ]
        ],
        "type": "LineString"
      },
      "properties": {
        "length_m": 1672.425,
        "orientation": "EW",
        "row": 70,
        "segment": 0
      },
      "type": "Feature"
    },
    {
      "geometry": {
        "coordinates": [
          [
            6.501266071394025,
            51.05449097747248
          ],
          [
            6.508237233217661,
            51.054639887704916
          ]
        ],
        "type": "LineString"
      },
      "properties": {
        "length_m": 489.054,
        "orientation": "EW",
        "row": 70,
        "segment": 1
      },
      "type": "Feature"
    },
    {
      "geometry": {
        "coordinates": [
          [
            6.475402611084928,
            51.054170519000444
          ],
          [
            6.498809173661966,
            51.05467404490548
          ]
        ],
        "type": "LineString"
      },
      "properties": {
        "length_m": 1642.088,
        "orientation": "EW",
        "row": 71,
        "segment": 0
      },
      "type": "Feature"
    },
    {
      "geometry": {
        "coordinates": [
          [
            6.501184562788284,
            51.05472488209416
          ],
          [
            6.5088142721829225,
            51.05488784298803
          ]
        ],
        "type": "LineString"
      },
      "properties": {
        "length_m": 535.251,
        "orientation": "EW",
        "row": 71,
        "segment": 1
      },
      "type": "Feature"
    },
    {
      "geometry": {
        "coordinates": [
          [
            6.475750694336264,
            51.0544136905947
          ],
          [
            6.498708433530807,
            51.05490753610347
          ]
        ],
        "type": "LineString"
      },
      "properties": {
        "length_m": 1610.592,
        "orientation": "EW",
        "row": 72,
        "segment": 0
      },
      "type": "Feature"
    },
    {
      "geometry": {
        "coordinates": [
          [
            6.501103053321159,
            51.05495878663895
          ],
          [
            6.509391317369657,
            51.05513579549674
          ]
        ],
        "type": "LineString"
      },
      "properties": {
        "length_m": 581.447,
        "orientation": "EW",
        "row": 72,
        "segment": 1
      },
      "type": "Feature"
    },
    {
      "geometry": {
        "coordinates": [
          [
            6.476111006533499,
            51.054657125339105
          ],
          [
            6.4986076923473,
            51.0551410271919
          ]
        ],
        "type": "LineString"
      },
      "properties": {
        "length_m": 1578.239,
        "orientation": "EW",
        "row": 73,
        "segment": 0
      },
      "type": "Feature"
    },
    {
      "geometry": {
        "coordinates": [
          [
            6.501020930718945,
            51.0551926780086
          ],
          [
            6.509968368777903,
            51.05538374523093
          ]
        ],
        "type": "LineString"
      },
      "properties": {
        "length_m": 627.687,
        "orientation": "EW",
        "row": 73,
        "segment": 1
      },
      "type": "Feature"
    },
    {
      "geometry": {
        "coordinates": [
          [
            6.476471322506033,
            51.05490055901616
          ],
          [
            6.498506950111425,
            51.05537451817075
          ]
        ],
        "type": "LineString"
      },
      "properties": {
        "length_m": 1545.885,
        "orientation": "EW",
        "row": 74,
        "segment": 0
      },
      "type": "Feature"
    },
    {
      "geometry": {
        "coordinates": [
          [
            6.500927006432868,
            51.05542631683984
          ],
          [
            6.510547369306305,
            51.05563173359576
          ]
        ],
        "type": "LineString"
      },
      "properties": {
        "length_m": 674.891,
        "orientation": "EW",
        "row": 74,
        "segment": 1
      },
      "type": "Feature"
    },
    {
      "geometry": {
        "coordinates": [
          [
            6.476831642253924,
            51.05514399162583
          ],
          [
            6.4984062068231605,
            51.05560800904002
          ]
        ],
        "type": "LineString"
      },
      "properties": {
        "length_m": 1513.532,
        "orientation": "EW",
        "row": 75,
        "segment": 0
      },
      "type": "Feature"
    },
    {
      "geometry": {
        "coordinates": [
          [
            6.500833081162017,
            51.05565995557383
          ],
          [
            6.511166419310424,
            51.05588057232275
          ]
        ],
        "type": "LineString"
      },
      "properties": {
        "length_m": 724.904,
        "orientation": "EW",
        "row": 75,
        "segment": 1
      },
      "type": "Feature"
    },
    {
      "geometry": {
        "coordinates": [
          [
            6.477191965777227,
            51.05538742316809
          ],
          [
            6.498303604132887,
            51.05584146000141
          ]
        ],
        "type": "LineString"
      },
      "properties": {
        "length_m": 1481.048,
        "orientation": "EW",
        "row": 76,
        "segment": 0
      },
      "type": "Feature"
    },
    {
      "geometry": {
        "coordinates": [
          [
            6.5007391549063716,
            51.05589359421055
          ],
          [
            6.511785476023563,
            51.05612940785154
          ]
        ],
        "type": "LineString"
      },
      "properties": {
        "length_m": 774.917,
        "orientation": "EW",
        "row": 76,
        "segment": 1
      },
      "type": "Feature"
    },
    {
      "geometry": {
        "coordinates": [
          [
            6.477552293076001,
            51.05563085364291
          ],
          [
            6.498174297535809,
            51.056074338957494
          ]
        ],
        "type": "LineString"
      },
      "properties": {
        "length_m": 1446.692,
        "orientation": "EW",
        "row": 77,
        "segment": 0
      },
      "type": "Feature"
    },
    {
      "geometry": {
        "coordinates": [
          [
            6.500645227665912,
            51.05612723275
          ],
          [
            6.512404539445752,
            51.05637824018207
          ]
        ],
        "type": "LineString"
      },
      "properties": {
        "length_m": 824.93,
        "orientation": "EW",
        "row": 77,
        "segment": 1
      },
      "type": "Feature"
    },
    {
      "geometry": {
        "coordinates": [
          [
            6.477907668471526,
            51.055874176053415
          ],
          [
            6.498044989604398,
            51.05630721774383
          ]
        ],
        "type": "LineString"
      },
      "properties": {
        "length_m": 1412.682,
        "orientation": "EW",
        "row": 78,
        "segment": 0
      },
      "type": "Feature"
    },
    {
      "geometry": {
        "coordinates": [
          [
            6.50055129944062,
            51.0563608711922
          ],
          [
            6.513023609577017,
            51.05662706931424
          ]
        ],
        "type": "LineString"
      },
      "properties": {
        "length_m": 874.943,
        "orientation": "EW",
        "row": 78,
        "segment": 1
      },
      "type": "Feature"
    },
    {
      "geometry": {
        "coordinates": [
          [
            6.5216545954296885,
            51.05681050064755
          ],
          [
            6.52221147357942,
            51.05682231384867
          ]
        ],
        "type": "LineString"
      },
      "properties": {
        "length_m": 39.065,
        "orientation": "EW",
        "row": 78,
        "segment": 2
      },
      "type": "Feature"
    },
    {
      "geometry": {
        "coordinates": [
          [
            6.478040120458092,
            51.05611268473154
          ],
          [
            6.4979166228481695,
            51.056540116548135
          ]
        ],
        "type": "LineString"
      },
      "properties": {
        "length_m": 1394.378,
        "orientation": "EW",
        "row": 79,
        "segment": 0
      },
      "type": "Feature"
    },
    {
      "geometry": {
        "coordinates": [
          [
            6.500445387755332,
            51.056594253143054
          ],
          [
            6.513642686417389,
            51.05687589524795
          ]
        ],
        "type": "LineString"
      },
      "properties": {
        "length_m": 925.796,
        "orientation": "EW",
        "row": 79,
        "segment": 1
      },
      "type": "Feature"
    },
    {
      "geometry": {
        "coordinates": [
          [
            6.521050647778329,
            51.0570333333053
          ],
          [
            6.522428426630715,
            51.057062562720205
          ]
        ],
        "type": "LineString"
      },
      "properties": {
        "length_m": 96.65,
        "orientation": "EW",
        "row": 79,
        "segment": 2
      },
      "type": "Feature"
    },
    {
      "geometry": {
        "coordinates": [
          [
            6.477937486896749,
            51.056346117877474
          ],
          [
            6.497820023641767,
            51.056773695676824
          ]
        ],
        "type": "LineString"
      },
      "properties": {
        "length_m": 1394.795,
        "orientation": "EW",
        "row": 80,
        "segment": 0
      },
      "type": "Feature"
    },
    {
      "geometry": {
        "coordinates": [
          [
            6.500328717656003,
            51.05682740478538
          ],
          [
            6.514261769966895,
            51.05712471798313
          ]
        ],
        "type": "LineString"
      },
      "properties": {
        "length_m": 977.405,
        "orientation": "EW",
        "row": 80,
        "segment": 1
      },
      "type": "Feature"
    },
    {
      "geometry": {
        "coordinates": [
          [
            6.520995250749629,
            51.057267805080016
          ],
          [
            6.522623989002002,
            51.05730235752814
          ]
        ],
        "type": "LineString"
      },
      "properties": {
        "length_m": 114.254,
        "orientation": "EW",
        "row": 80,
        "segment": 2
      },
      "type": "Feature"
    },
    {
      "geometry": {
        "coordinates": [
          [
            6.477628010065705,
            51.05657508473833
          ],
          [
            6.4976887942014985,
            51.0570065329149
          ]
        ],
        "type": "LineString"
      },
      "properties": {
        "length_m": 1407.292,
        "orientation": "EW",
        "row": 81,
        "segment": 0
      },
      "type": "Feature"
    },
    {
      "geometry": {
        "coordinates": [
          [
            6.500231192111231,
            51.05706096599254
          ],
          [
            6.514881127338003,
            51.05737354320213
          ]
        ],
        "type": "LineString"
      },
      "properties": {
        "length_m": 1027.688,
        "orientation": "EW",
        "row": 81,
        "segment": 1
      },
      "type": "Feature"
    },
    {
      "geometry": {
        "coordinates": [
          [
            6.520989019881409,
            51.05750332020216
          ],
          [
            6.522809363406667,
            51.05754193594367
          ]
        ],
        "type": "LineString"
      },
      "properties": {
        "length_m": 127.694,
        "orientation": "EW",
        "row": 81,
        "segment": 2
      },
      "type": "Feature"
    },
    {
      "geometry": {
        "coordinates": [
          [
            6.4773072241107705,
            51.05680380656543
          ],
          [
            6.497521888898251,
            51.057238605749575
          ]
        ],
        "type": "LineString"
      },
      "properties": {
        "length_m": 1418.08,
        "orientation": "EW",
        "row": 82,
        "segment": 0
      },
      "type": "Feature"
    },
    {
      "geometry": {
        "coordinates": [
          [
            6.500189665361288,
            51.05729572548035
          ],
          [
            6.515501530015591,
            51.05762238730871
          ]
        ],
        "type": "LineString"
      },
      "properties": {
        "length_m": 1074.117,
        "orientation": "EW",
        "row": 82,
        "segment": 1
      },
      "type": "Feature"
    },
    {
      "geometry": {
        "coordinates": [
          [
            6.5207222638921065,
            51.057733306355374
          ],
          [
            6.52305136476363,
            51.057782714747084
          ]
        ],
        "type": "LineString"
      },
      "properties": {
        "length_m": 163.382,
        "orientation": "EW",
        "row": 82,
        "segment": 2
      },
      "type": "Feature"
    },
    {
      "geometry": {
        "coordinates": [
          [
            6.524074954096744,
            51.057804413951125
          ],
          [
            6.525124456181903,
            51.057826653155175
          ]
        ],
        "type": "LineString"
      },
      "properties": {
        "length_m": 73.62,
        "orientation": "EW",
        "row": 82,
        "segment": 3
      },
      "type": "Feature"
    },
    {
      "geometry": {
        "coordinates": [
          [
            6.476986434983898,
            51.05703252745872
          ],
          [
            6.497370421347108,
            51.05747100908501
          ]
        ],
        "type": "LineString"
      },
      "properties": {
        "length_m": 1429.952,
        "orientation": "EW",
        "row": 83,
        "segment": 0
      },
      "type": "Feature"
    },
    {
      "geometry": {
        "coordinates": [
          [
            6.500105863710912,
            51.057529580263854
          ],
          [
            6.516121939417623,
            51.05787122820283
          ]
        ],
        "type": "LineString"
      },
      "properties": {
        "length_m": 1123.511,
        "orientation": "EW",
        "row": 83,
        "segment": 1
      },
      "type": "Feature"
    },
    {
      "geometry": {
        "coordinates": [
          [
            6.52033135999866,
            51.05796065671386
          ],
          [
            6.525141644691191,
            51.0580626644808
          ]
        ],
        "type": "LineString"
      },
      "properties": {
        "length_m": 337.43,
        "orientation": "EW",
        "row": 83,
        "segment": 2
      },
      "type": "Feature"
    },
    {
      "geometry": {
        "coordinates": [
          [
            6.476665642685039,
            51.05726124741819
          ],
          [
            6.494438792442024,
            51.057643814278656
          ]
        ],
        "type": "LineString"
      },
      "properties": {
        "length_m": 1246.796,
        "orientation": "EW",
        "row": 84,
        "segment": 0
      },
      "type": "Feature"
    },
    {
      "geometry": {
        "coordinates": [
          [
            6.495108320895707,
            51.05765817292975
          ],
          [
            6.497218952244207,
            51.05770341219439
          ]
        ],
        "type": "LineString"
      },
      "properties": {
        "length_m": 148.06,
        "orientation": "EW",
        "row": 84,
        "segment": 1
      },
      "type": "Feature"
    },
    {
      "geometry": {
        "coordinates": [
          [
            6.4999493757610445,
            51.05776187941018
          ],
          [
            6.516742355544126,
            51.058120065884424
          ]
        ],
        "type": "LineString"
      },
      "properties": {
        "length_m": 1178.003,
        "orientation": "EW",
        "row": 84,
        "segment": 2
      },
      "type": "Feature"
    },
    {
      "geometry": {
        "coordinates": [
          [
            6.51994045228046,
            51.0581880057029
          ],
          [
            6.5251588333336015,
            51.05829867579763
          ]
        ],
        "type": "LineString"
      },
      "properties": {
        "length_m": 366.056,
        "orientation": "EW",
        "row": 84,
        "segment": 3
      },
      "type": "Feature"
    },
    {
      "geometry": {
        "coordinates": [
          [
            6.4763448472141505,
            51.057489966443804
          ],
          [
            6.494112463658895,
            51.057872462811595
          ]
        ],
        "type": "LineString"
      },
      "properties": {
        "length_m": 1246.402,
        "orientation": "EW",
        "row": 85,
        "segment": 0
      },
      "type": "Feature"
    },
    {
      "geometry": {
        "coordinates": [
          [
            6.496273978926475,
            51.057918810625324
          ],
          [
            6.497067481589521,
            51.057935815077656
          ]
        ],
        "type": "LineString"
      },
      "properties": {
        "length_m": 55.664,
        "orientation": "EW",
        "row": 85,
        "segment": 1
      },
      "type": "Feature"
    },
    {
      "geometry": {
        "coordinates": [
          [
            6.499793087731505,
            51.05799418262962
          ],
          [
            6.517380793247712,
            51.0583692832069
          ]
        ],
        "type": "LineString"
      },
      "properties": {
        "length_m": 1233.746,
        "orientation": "EW",
        "row": 85,
        "segment": 2
      },
      "type": "Feature"
    },
    {
      "geometry": {
        "coordinates": [
          [
            6.519549540737464,
            51.05841535332245
          ],
          [
            6.5251760221091395,
            51.05853468710567
          ]
        ],
        "type": "LineString"
      },
      "properties": {
        "length_m": 394.681,
        "orientation": "EW",
        "row": 85,
        "segment": 3
      },
      "type": "Feature"
    },
    {
      "geometry": {
        "coordinates": [
          [
            6.476024048571183,
            51.05771868453555
          ],
          [
            6.493937177963654,
            51.05810435087562
          ]
        ],
        "type": "LineString"
      },
      "properties": {
        "length_m": 1256.603,
        "orientation": "EW",
        "row": 86,
        "segment": 0
      },
      "type": "Feature"
    },
    {
      "geometry": {
        "coordinates": [
          [
            6.499636798103072,
            51.05822648560965
          ],
          [
            6.518020247471363,
            51.058618518575464
          ]
        ],
        "type": "LineString"
      },
      "properties": {
        "length_m": 1289.559,
        "orientation": "EW",
        "row": 86,
        "segment": 1
      },
      "type": "Feature"
    },
    {
      "geometry": {
        "coordinates": [
          [
            6.519158625369627,
            51.05864269957248
          ],
          [
            6.525193211017809,
            51.05877069840489
          ]
        ],
        "type": "LineString"
      },
      "properties": {
        "length_m": 423.306,
        "orientation": "EW",
        "row": 86,
        "segment": 2
      },
      "type": "Feature"
    },
    {
      "geometry": {
        "coordinates": [
          [
            6.4757032467560975,
            51.05794740169339
          ],
          [
            6.493761890484348,
            51.05833623864367
          ]
        ],
        "type": "LineString"
      },
      "properties": {
        "length_m": 1266.805,
        "orientation": "EW",
        "row": 87,
        "segment": 0
      },
      "type": "Feature"
    },
    {
      "geometry": {
        "coordinates": [
          [
            6.4994805068757175,
            51.05845878835026
          ],
          [
            6.5252104000596125,
            51.05900670969532
          ]
        ],
        "type": "LineString"
      },
      "properties": {
        "length_m": 1804.879,
        "orientation": "EW",
        "row": 87,
        "segment": 1
      },
      "type": "Feature"
    },
    {
      "geometry": {
        "coordinates": [
          [
            6.475382441768845,
            51.05817611791731
          ],
          [
            6.493586601220944,
            51.05856812611569
          ]
        ],
        "type": "LineString"
      },
      "properties": {
        "length_m": 1277.007,
        "orientation": "EW",
        "row": 88,
        "segment": 0
      },
      "type": "Feature"
    },
    {
      "geometry": {
        "coordinates": [
          [
            6.499324214049411,
            51.058691090851426
          ],
          [
            6.525227589234554,
            51.05924272097694
          ]
        ],
        "type": "LineString"
      },
      "properties": {
        "length_m": 1817.039,
        "orientation": "EW",
        "row": 88,
        "segment": 1
      },
      "type": "Feature"
    },
    {
      "geometry": {
        "coordinates": [
          [
            6.475061633609379,
            51.058404833207305
          ],
          [
            6.493411310173407,
            51.05880001329172
          ]
        ],
        "type": "LineString"
      },
      "properties": {
        "length_m": 1287.209,
        "orientation": "EW",
        "row": 89,
        "segment": 0
      },
      "type": "Feature"
    },
    {
      "geometry": {
        "coordinates": [
          [
            6.499167919624122,
            51.058923393113155
          ],
          [
            6.525244778542634,
            51.05947873224977
          ]
        ],
        "type": "LineString"
      },
      "properties": {
        "length_m": 1829.199,
        "orientation": "EW",
        "row": 89,
        "segment": 1
      },
      "type": "Feature"
    },
    {
      "geometry": {
        "coordinates": [
          [
            6.470853431464175,
            51.05854944723008
          ],
          [
            6.47156914242511,
            51.05856494074972
          ]
        ],
        "type": "LineString"
      },
      "properties": {
        "length_m": 50.207,
        "orientation": "EW",
        "row": 90,
        "segment": 0
      },
      "type": "Feature"
    },
    {
      "geometry": {
        "coordinates": [
          [
            6.474740822277658,
            51.058633547563325
          ],
          [
            6.493236017341708,
            51.05903190017173
          ]
        ],
        "type": "LineString"
      },
      "properties": {
        "length_m": 1297.41,
        "orientation": "EW",
        "row": 90,
        "segment": 1
      },
      "type": "Feature"
    },
    {
      "geometry": {
        "coordinates": [
          [
            6.498991279668066,
            51.05915525958343
          ],
          [
            6.525261967983857,
            51.059714743513815
          ]
        ],
        "type": "LineString"
      },
      "properties": {
        "length_m": 1842.786,
        "orientation": "EW",
        "row": 90,
        "segment": 2
      },
      "type": "Feature"
    },
    {
      "geometry": {
        "coordinates": [
          [
            6.470191261039782,
            51.058770758053804
          ],
          [
            6.471921837805866,
            51.05880822334638
          ]
        ],
        "type": "LineString"
      },
      "properties": {
        "length_m": 121.399,
        "orientation": "EW",
        "row": 91,
        "segment": 0
      },
      "type": "Feature"
    },
    {
      "geometry": {
        "coordinates": [
          [
            6.474420007773631,
            51.05886226098539
          ],
          [
            6.493060722725812,
            51.05926378675573
          ]
        ],
        "type": "LineString"
      },
      "properties": {
        "length_m": 1307.612,
        "orientation": "EW",
        "row": 91,
        "segment": 1
      },
      "type": "Feature"
    },
    {
      "geometry": {
        "coordinates": [
          [
            6.498800611196418,
            51.059386825426635
          ],
          [
            6.525279157558226,
            51.05995075476905
          ]
        ],
        "type": "LineString"
      },
      "properties": {
        "length_m": 1857.358,
        "orientation": "EW",
        "row": 91,
        "segment": 2
      },
      "type": "Feature"
    },
    {
      "geometry": {
        "coordinates": [
          [
            6.469529084393203,
            51.058992065026494
          ],
          [
            6.472274536878621,
            51.05905150492112
          ]
        ],
        "type": "LineString"
      },
      "properties": {
        "length_m": 192.591,
        "orientation": "EW",
        "row": 92,
        "segment": 0
      },
      "type": "Feature"
    },
    {
      "geometry": {
        "coordinates": [
          [
            6.474099190097259,
            51.05909097347343
          ],
          [
            6.492885426325688,
            51.0594956730437
          ]
        ],
        "type": "LineString"
      },
      "properties": {
        "length_m": 1317.814,
        "orientation": "EW",
        "row": 92,
        "segment": 1
      },
      "type": "Feature"
    },
    {
      "geometry": {
        "coordinates": [
          [
            6.498609940791354,
            51.05961839092362
          ],
          [
            6.525296347265746,
            51.06018676601546
          ]
        ],
        "type": "LineString"
      },
      "properties": {
        "length_m": 1871.929,
        "orientation": "EW",
        "row": 92,
        "segment": 2
      },
      "type": "Feature"
    },
    {
      "geometry": {
        "coordinates": [
          [
            6.468866901524467,
            51.059213368148036
          ],
          [
            6.472627239643429,
            51.05929478547396
          ]
        ],
        "type": "LineString"
      },
      "properties": {
        "length_m": 263.782,
        "orientation": "EW",
        "row": 93,
        "segment": 0
      },
      "type": "Feature"
    },
    {
      "geometry": {
        "coordinates": [
          [
            6.473778369248491,
            51.05931968502746
          ],
          [
            6.492710128141305,
            51.059727559035636
          ]
        ],
        "type": "LineString"
      },
      "properties": {
        "length_m": 1328.016,
        "orientation": "EW",
        "row": 93,
        "segment": 1
      },
      "type": "Feature"
    },
    {
      "geometry": {
        "coordinates": [
          [
            6.498419268452836,
            51.05984995607436
          ],
          [
            6.525313537106419,
            51.06042277725309
          ]
        ],
        "type": "LineString"
      },
      "properties": {
        "length_m": 1886.5,
        "orientation": "EW",
        "row": 93,
        "segment": 2
      },
      "type": "Feature"
    },
    {
      "geometry": {
        "coordinates": [
          [
            6.468204712433597,
            51.05943466741839
          ],
          [
            6.4925348281726265,
            51.05995944473155
          ]
        ],
        "type": "LineString"
      },
      "properties": {
        "length_m": 1706.694,
        "orientation": "EW",
        "row": 94,
        "segment": 0
      },
      "type": "Feature"
    },
    {
      "geometry": {
        "coordinates": [
          [
            6.498233300065323,
            51.06008162165954
          ],
          [
            6.525330727080246,
            51.06065878848192
          ]
        ],
        "type": "LineString"
      },
      "properties": {
        "length_m": 1900.741,
        "orientation": "EW",
        "row": 94,
        "segment": 1
      },
      "type": "Feature"
    },
    {
      "geometry": {
        "coordinates": [
          [
            6.467542517120617,
            51.05965596283742
          ],
          [
            6.492359526419625,
            51.06019133013141
          ]
        ],
        "type": "LineString"
      },
      "properties": {
        "length_m": 1740.841,
        "orientation": "EW",
        "row": 95,
        "segment": 0
      },
      "type": "Feature"
    },
    {
      "geometry": {
        "coordinates": [
          [
            6.498059412291478,
            51.06031354568968
          ],
          [
            6.525347917187231,
            51.060894799701956
          ]
        ],
        "type": "LineString"
      },
      "properties": {
        "length_m": 1914.135,
        "orientation": "EW",
        "row": 95,
        "segment": 1
      },
      "type": "Feature"
    },
    {
      "geometry": {
        "coordinates": [
          [
            6.466880315585557,
            51.05987725440505
          ],
          [
            6.492181632330677,
            51.06042315962211
          ]
        ],
        "type": "LineString"
      },
      "properties": {
        "length_m": 1774.806,
        "orientation": "EW",
        "row": 96,
        "segment": 0
      },
      "type": "Feature"
    },
    {
      "geometry": {
        "coordinates": [
          [
            6.497885522747032,
            51.06054546942825
          ],
          [
            6.5253799739503755,
            51.061131125832
          ]
        ],
        "type": "LineString"
      },
      "properties": {
        "length_m": 1928.571,
        "orientation": "EW",
        "row": 96,
        "segment": 1
      },
      "type": "Feature"
    },
    {
      "geometry": {
        "coordinates": [
          [
            6.466218107828439,
            51.06009854212122
          ],
          [
            6.4919848012932295,
            51.06065458228538
          ]
        ],
        "type": "LineString"
      },
      "properties": {
        "length_m": 1807.442,
        "orientation": "EW",
        "row": 97,
        "segment": 0
      },
      "type": "Feature"
    },
    {
      "geometry": {
        "coordinates": [
          [
            6.49771163143195,
            51.060777392875224
          ],
          [
            6.525418966118649,
            51.06136759885345
          ]
        ],
        "type": "LineString"
      },
      "properties": {
        "length_m": 1943.494,
        "orientation": "EW",
        "row": 97,
        "segment": 1
      },
      "type": "Feature"
    },
    {
      "geometry": {
        "coordinates": [
          [
            6.465555893849291,
            51.06031982598582
          ],
          [
            6.491787968262648,
            51.06088600458108
          ]
        ],
        "type": "LineString"
      },
      "properties": {
        "length_m": 1840.078,
        "orientation": "EW",
        "row": 98,
        "segment": 0
      },
      "type": "Feature"
    },
    {
      "geometry": {
        "coordinates": [
          [
            6.497537738346202,
            51.06100931603059
          ],
          [
            6.525457958642931,
            51.061604071858675
          ]
        ],
        "type": "LineString"
      },
      "properties": {
        "length_m": 1958.417,
        "orientation": "EW",
        "row": 98,
        "segment": 1
      },
      "type": "Feature"
    },
    {
      "geometry": {
        "coordinates": [
          [
            6.464893673648138,
            51.060541105998766
          ],
          [
            6.491591133238892,
            51.06111742650918
          ]
        ],
        "type": "LineString"
      },
      "properties": {
        "length_m": 1872.715,
        "orientation": "EW",
        "row": 99,
        "segment": 0
      },
      "type": "Feature"
    },
    {
      "geometry": {
        "coordinates": [
          [
            6.49736023253537,
            51.06124116153639
          ],
          [
            6.5254969515232295,
            51.06184054484766
          ]
        ],
        "type": "LineString"
      },
      "properties": {
        "length_m": 1973.593,
        "orientation": "EW",
        "row": 99,
        "segment": 1
      },
      "type": "Feature"
    },
    {
      "geometry": {
        "coordinates": [
          [
            6.452459267476709,
            51.060506246926955
          ],
          [
            6.453217649853203,
            51.06052278337595
          ]
        ],
        "type": "LineString"
      },
      "properties": {
        "length_m": 53.199,
        "orientation": "EW",
        "row": 100,
        "segment": 0
      },
      "type": "Feature"
    },
    {
      "geometry": {
        "coordinates": [
          [
            6.4647289444179465,
            51.06077318036872
          ],
          [
            6.491394296221931,
            51.061348848069684
          ]
        ],
        "type": "LineString"
      },
      "properties": {
        "length_m": 1870.454,
        "orientation": "EW",
        "row": 100,
        "segment": 1
      },
      "type": "Feature"
    },
    {
      "geometry": {
        "coordinates": [
          [
            6.497162151141881,
            51.06147256595158
          ],
          [
            6.525535944759553,
            51.06207701782041
          ]
        ],
        "type": "LineString"
      },
      "properties": {
        "length_m": 1990.212,
        "orientation": "EW",
        "row": 100,
        "segment": 2
      },
      "type": "Feature"
    },
    {
      "geometry": {
        "coordinates": [
          [
            6.452333765812673,
            51.06073915974384
          ],
          [
            6.4545820660207465,
            51.060788171665365
          ]
        ],
        "type": "LineString"
      },
      "properties": {
        "length_m": 157.712,
        "orientation": "EW",
        "row": 101,
        "segment": 0
      },
      "type": "Feature"
    },
    {
      "geometry": {
        "coordinates": [
          [
            6.464491573097969,
            51.0610036778424
          ],
          [
            6.491197457211727,
            51.06158026926261
          ]
        ],
        "type": "LineString"
      },
      "properties": {
        "length_m": 1873.288,
        "orientation": "EW",
        "row": 101,
        "segment": 1
      },
      "type": "Feature"
    },
    {
      "geometry": {
        "coordinates": [
          [
            6.496964067743098,
            51.06170396999485
          ],
          [
            6.52557493835191,
            51.06231349077691
          ]
        ],
        "type": "LineString"
      },
      "properties": {
        "length_m": 2006.831,
        "orientation": "EW",
        "row": 101,
        "segment": 2
      },
      "type": "Feature"
    },
    {
      "geometry": {
        "coordinates": [
          [
            6.4522082628511,
            51.060972072399494
          ],
          [
            6.455946498318215,
            51.06105354422756
          ]
        ],
        "type": "LineString"
      },
      "properties": {
        "length_m": 262.225,
        "orientation": "EW",
        "row": 102,
        "segment": 0
      },
      "type": "Feature"
    },
    {
      "geometry": {
        "coordinates": [
          [
            6.463436499709293,
            51.06121642217959
          ],
          [
            6.491000616208246,
            51.06181169008792
          ]
        ],
        "type": "LineString"
      },
      "properties": {
        "length_m": 1933.48,
        "orientation": "EW",
        "row": 102,
        "segment": 1
      },
      "type": "Feature"
    },
    {
      "geometry": {
        "coordinates": [
          [
            6.496765982338985,
            51.061935373666195
          ],
          [
            6.525613932300305,
            51.062549963717174
          ]
        ],
        "type": "LineString"
      },
      "properties": {
        "length_m": 2023.45,
        "orientation": "EW",
        "row": 102,
        "segment": 2
      },
      "type": "Feature"
    },
    {
      "geometry": {
        "coordinates": [
          [
            6.452082758591967,
            51.06120498489391
          ],
          [
            6.4573109467447365,
            51.06131890106206
          ]
        ],
        "type": "LineString"
      },
      "properties": {
        "length_m": 366.739,
        "orientation": "EW",
        "row": 103,
        "segment": 0
      },
      "type": "Feature"
    },
    {
      "geometry": {
        "coordinates": [
          [
            6.462212816364495,
            51.06142549421882
          ],
          [
            6.49080377321145,
            51.06204311054561
          ]
        ],
        "type": "LineString"
      },
      "properties": {
        "length_m": 2005.499,
        "orientation": "EW",
        "row": 103,
        "segment": 1
      },
      "type": "Feature"
    },
    {
      "geometry": {
        "coordinates": [
          [
            6.496567894929507,
            51.06216677696561
          ],
          [
            6.525652926604749,
            51.06278643664119
          ]
        ],
        "type": "LineString"
      },
      "properties": {
        "length_m": 2040.069,
        "orientation": "EW",
        "row": 103,
        "segment": 2
      },
      "type": "Feature"
    },
    {
      "geometry": {
        "coordinates": [
          [
            6.451957253035246,
            51.06143789722713
          ],
          [
            6.458675411299446,
            51.06158424216841
          ]
        ],
        "type": "LineString"
      },
      "properties": {
        "length_m": 471.252,
        "orientation": "EW",
        "row": 104,
        "segment": 0
      },
      "type": "Feature"
    },
    {
      "geometry": {
        "coordinates": [
          [
            6.460989122412885,
            51.061634553274686
          ],
          [
            6.490606928221307,
            51.06227453063568
          ]
        ],
        "type": "LineString"
      },
      "properties": {
        "length_m": 2077.518,
        "orientation": "EW",
        "row": 104,
        "segment": 1
      },
      "type": "Feature"
    },
    {
      "geometry": {
        "coordinates": [
          [
            6.496369920928254,
            51.06239818236658
          ],
          [
            6.525691921265248,
            51.06302290954897
          ]
        ],
        "type": "LineString"
      },
      "properties": {
        "length_m": 2056.681,
        "orientation": "EW",
        "row": 104,
        "segment": 2
      },
      "type": "Feature"
    },
    {
      "geometry": {
        "coordinates": [
          [
            6.451831746180916,
            51.06167080939908
          ],
          [
            6.490410081237781,
            51.06250595035811
          ]
        ],
        "type": "LineString"
      },
      "properties": {
        "length_m": 2706.05,
        "orientation": "EW",
        "row": 105,
        "segment": 0
      },
      "type": "Feature"
    },
    {
      "geometry": {
        "coordinates": [
          [
            6.496172743357521,
            51.06262960450893
          ],
          [
            6.525730916281809,
            51.06325938244051
          ]
        ],
        "type": "LineString"
      },
      "properties": {
        "length_m": 2073.236,
        "orientation": "EW",
        "row": 105,
        "segment": 1
      },
      "type": "Feature"
    },
    {
      "geometry": {
        "coordinates": [
          [
            6.45170623802895,
            51.06190372140981
          ],
          [
            6.490213232260835,
            51.062737369712906
          ]
        ],
        "type": "LineString"
      },
      "properties": {
        "length_m": 2701.033,
        "orientation": "EW",
        "row": 106,
        "segment": 0
      },
      "type": "Feature"
    },
    {
      "geometry": {
        "coordinates": [
          [
            6.495975563790153,
            51.06286102628254
          ],
          [
            6.525774151507228,
            51.063495945112834
          ]
        ],
        "type": "LineString"
      },
      "properties": {
        "length_m": 2090.088,
        "orientation": "EW",
        "row": 106,
        "segment": 1
      },
      "type": "Feature"
    },
    {
      "geometry": {
        "coordinates": [
          [
            6.451580728579326,
            51.0621366332593
          ],
          [
            6.490016381290435,
            51.06296878870006
          ]
        ],
        "type": "LineString"
      },
      "properties": {
        "length_m": 2696.015,
        "orientation": "EW",
        "row": 107,
        "segment": 0
      },
      "type": "Feature"
    },
    {
      "geometry": {
        "coordinates": [
          [
            6.4957783822261135,
            51.06309244768741
          ],
          [
            6.525856293175849,
            51.063733331745375
          ]
        ],
        "type": "LineString"
      },
      "properties": {
        "length_m": 2109.669,
        "orientation": "EW",
        "row": 107,
        "segment": 1
      },
      "type": "Feature"
    },
    {
      "geometry": {
        "coordinates": [
          [
            6.4514552178320175,
            51.06236954494753
          ],
          [
            6.489834392453649,
            51.06320052671111
          ]
        ],
        "type": "LineString"
      },
      "properties": {
        "length_m": 2692.041,
        "orientation": "EW",
        "row": 108,
        "segment": 0
      },
      "type": "Feature"
    },
    {
      "geometry": {
        "coordinates": [
          [
            6.495581198665367,
            51.06332386872352
          ],
          [
            6.525938435644992,
            51.063970718323
          ]
        ],
        "type": "LineString"
      },
      "properties": {
        "length_m": 2129.251,
        "orientation": "EW",
        "row": 108,
        "segment": 1
      },
      "type": "Feature"
    },
    {
      "geometry": {
        "coordinates": [
          [
            6.4513297057870025,
            51.06260245647453
          ],
          [
            6.489834166631023,
            51.06343617018394
          ]
        ],
        "type": "LineString"
      },
      "properties": {
        "length_m": 2700.815,
        "orientation": "EW",
        "row": 109,
        "segment": 0
      },
      "type": "Feature"
    },
    {
      "geometry": {
        "coordinates": [
          [
            6.495384013107882,
            51.06355528939086
          ],
          [
            6.526020578914671,
            51.0642081048457
          ]
        ],
        "type": "LineString"
      },
      "properties": {
        "length_m": 2148.832,
        "orientation": "EW",
        "row": 109,
        "segment": 1
      },
      "type": "Feature"
    },
    {
      "geometry": {
        "coordinates": [
          [
            6.451204192444253,
            51.06283536784028
          ],
          [
            6.490140115447891,
            51.063678392104634
          ]
        ],
        "type": "LineString"
      },
      "properties": {
        "length_m": 2731.065,
        "orientation": "EW",
        "row": 110,
        "segment": 0
      },
      "type": "Feature"
    },
    {
      "geometry": {
        "coordinates": [
          [
            6.4951868255536205,
            51.06378670968943
          ],
          [
            6.526102722984904,
            51.06444549131347
          ]
        ],
        "type": "LineString"
      },
      "properties": {
        "length_m": 2168.413,
        "orientation": "EW",
        "row": 110,
        "segment": 1
      },
      "type": "Feature"
    },
    {
      "geometry": {
        "coordinates": [
          [
            6.451078677803747,
            51.06306827904477
          ],
          [
            6.491170470006863,
            51.06393617261401
          ]
        ],
        "type": "LineString"
      },
      "properties": {
        "length_m": 2812.125,
        "orientation": "EW",
        "row": 111,
        "segment": 0
      },
      "type": "Feature"
    },
    {
      "geometry": {
        "coordinates": [
          [
            6.494989636002546,
            51.064018129619214
          ],
          [
            6.526184867855709,
            51.0646828777263
          ]
        ],
        "type": "LineString"
      },
      "properties": {
        "length_m": 2187.995,
        "orientation": "EW",
        "row": 111,
        "segment": 1
      },
      "type": "Feature"
    },
    {
      "geometry": {
        "coordinates": [
          [
            6.447433802921639,
            51.063224342480396
          ],
          [
            6.44832264708585,
            51.06324376102517
          ]
        ],
        "type": "LineString"
      },
      "properties": {
        "length_m": 62.347,
        "orientation": "EW",
        "row": 112,
        "segment": 0
      },
      "type": "Feature"
    },
    {
      "geometry": {
        "coordinates": [
          [
            6.45095316186546,
            51.063301190088
          ],
          [
            6.492092651275383,
            51.06419162173795
          ]
        ],
        "type": "LineString"
      },
      "properties": {
        "length_m": 2885.596,
        "orientation": "EW",
        "row": 112,
        "segment": 1
      },
      "type": "Feature"
    },
    {
      "geometry": {
        "coordinates": [
          [
            6.4947924444546254,
            51.06424954918022
          ],
          [
            6.526267013527101,
            51.064920264084215
          ]
        ],
        "type": "LineString"
      },
      "properties": {
        "length_m": 2207.576,
        "orientation": "EW",
        "row": 112,
        "segment": 2
      },
      "type": "Feature"
    },
    {
      "geometry": {
        "coordinates": [
          [
            6.447272250931014,
            51.06345646228204
          ],
          [
            6.4495987094167155,
            51.06350727712393
          ]
        ],
        "type": "LineString"
      },
      "properties": {
        "length_m": 163.186,
        "orientation": "EW",
        "row": 113,
        "segment": 0
      },
      "type": "Feature"
    },
    {
      "geometry": {
        "coordinates": [
          [
            6.45073076511028,
            51.06353198686062
          ],
          [
            6.4918810786321695,
            51.06442272775656
          ]
        ],
        "type": "LineString"
      },
      "properties": {
        "length_m": 2886.342,
        "orientation": "EW",
        "row": 113,
        "segment": 1
      },
      "type": "Feature"
    },
    {
      "geometry": {
        "coordinates": [
          [
            6.494595250909821,
            51.0644809683724
          ],
          [
            6.526349159999096,
            51.065157650387185
          ]
        ],
        "type": "LineString"
      },
      "properties": {
        "length_m": 2227.157,
        "orientation": "EW",
        "row": 113,
        "segment": 2
      },
      "type": "Feature"
    },
    {
      "geometry": {
        "coordinates": [
          [
            6.447110697289557,
            51.06368858182881
          ],
          [
            6.491669503853253,
            51.06465383335407
          ]
        ],
        "type": "LineString"
      },
      "properties": {
        "length_m": 3125.41,
        "orientation": "EW",
        "row": 114,
        "segment": 0
      },
      "type": "Feature"
    },
    {
      "geometry": {
        "coordinates": [
          [
            6.4943980553681,
            51.0647123871958
          ],
          [
            6.526432488217275,
            51.065395061639784
          ]
        ],
        "type": "LineString"
      },
      "properties": {
        "length_m": 2246.821,
        "orientation": "EW",
        "row": 114,
        "segment": 1
      },
      "type": "Feature"
    },
    {
      "geometry": {
        "coordinates": [
          [
            6.446949141997241,
            51.06392070112068
          ],
          [
            6.491457926938599,
            51.06488493853047
          ]
        ],
        "type": "LineString"
      },
      "properties": {
        "length_m": 3121.886,
        "orientation": "EW",
        "row": 115,
        "segment": 0
      },
      "type": "Feature"
    },
    {
      "geometry": {
        "coordinates": [
          [
            6.4942008578294255,
            51.06494380565037
          ],
          [
            6.526522673686132,
            51.06563261800407
          ]
        ],
        "type": "LineString"
      },
      "properties": {
        "length_m": 2266.966,
        "orientation": "EW",
        "row": 115,
        "segment": 1
      },
      "type": "Feature"
    },
    {
      "geometry": {
        "coordinates": [
          [
            6.446787585054032,
            51.064152820157666
          ],
          [
            6.491246633317563,
            51.06511604941532
          ]
        ],
        "type": "LineString"
      },
      "properties": {
        "length_m": 3118.382,
        "orientation": "EW",
        "row": 116,
        "segment": 0
      },
      "type": "Feature"
    },
    {
      "geometry": {
        "coordinates": [
          [
            6.493992695520023,
            51.06517498857
          ],
          [
            6.526612860038935,
            51.065870174302695
          ]
        ],
        "type": "LineString"
      },
      "properties": {
        "length_m": 2287.88,
        "orientation": "EW",
        "row": 116,
        "segment": 1
      },
      "type": "Feature"
    },
    {
      "geometry": {
        "coordinates": [
          [
            6.446626026459903,
            51.06438493893976
          ],
          [
            6.491036699407794,
            51.06534718912802
          ]
        ],
        "type": "LineString"
      },
      "properties": {
        "length_m": 3114.974,
        "orientation": "EW",
        "row": 117,
        "segment": 0
      },
      "type": "Feature"
    },
    {
      "geometry": {
        "coordinates": [
          [
            6.49377772554283,
            51.065406025080435
          ],
          [
            6.5267030472757055,
            51.066107730535656
          ]
        ],
        "type": "LineString"
      },
      "properties": {
        "length_m": 2309.272,
        "orientation": "EW",
        "row": 117,
        "segment": 1
      },
      "type": "Feature"
    },
    {
      "geometry": {
        "coordinates": [
          [
            6.446464466214822,
            51.06461705746693
          ],
          [
            6.488001816194574,
            51.06551761872633
          ]
        ],
        "type": "LineString"
      },
      "properties": {
        "length_m": 2913.43,
        "orientation": "EW",
        "row": 118,
        "segment": 0
      },
      "type": "Feature"
    },
    {
      "geometry": {
        "coordinates": [
          [
            6.488311855286499,
            51.065524284983155
          ],
          [
            6.490826763378049,
            51.065578328425744
          ]
        ],
        "type": "LineString"
      },
      "properties": {
        "length_m": 176.391,
        "orientation": "EW",
        "row": 118,
        "segment": 1
      },
      "type": "Feature"
    },
    {
      "geometry": {
        "coordinates": [
          [
            6.49356275339713,
            51.0656370611569
          ],
          [
            6.52679323539646,
            51.06634528670295
          ]
        ],
        "type": "LineString"
      },
      "properties": {
        "length_m": 2330.663,
        "orientation": "EW",
        "row": 118,
        "segment": 2
      },
      "type": "Feature"
    },
    {
      "geometry": {
        "coordinates": [
          [
            6.446302904318759,
            51.064849175739226
          ],
          [
            6.48754025935166,
            51.06574334144391
          ]
        ],
        "type": "LineString"
      },
      "properties": {
        "length_m": 2892.375,
        "orientation": "EW",
        "row": 119,
        "segment": 0
      },
      "type": "Feature"
    },
    {
      "geometry": {
        "coordinates": [
          [
            6.489508844888442,
            51.065785662393715
          ],
          [
            6.490616825228291,
            51.06580946730849
          ]
        ],
        "type": "LineString"
      },
      "properties": {
        "length_m": 77.711,
        "orientation": "EW",
        "row": 119,
        "segment": 1
      },
      "type": "Feature"
    },
    {
      "geometry": {
        "coordinates": [
          [
            6.493347779082889,
            51.06586809679944
          ],
          [
            6.526883424401214,
            51.06658284280459
          ]
        ],
        "type": "LineString"
      },
      "properties": {
        "length_m": 2352.054,
        "orientation": "EW",
        "row": 119,
        "segment": 2
      },
      "type": "Feature"
    },
    {
      "geometry": {
        "coordinates": [
          [
            6.446749990906064,
            51.065094598199046
          ],
          [
            6.487323312151584,
            51.06597432378443
          ]
        ],
        "type": "LineString"
      },
      "properties": {
        "length_m": 2845.785,
        "orientation": "EW",
        "row": 120,
        "segment": 0
      },
      "type": "Feature"
    },
    {
      "geometry": {
        "coordinates": [
          [
            6.493132802600066,
            51.06609913200799
          ],
          [
            6.52697361428999,
            51.06682039884056
          ]
        ],
        "type": "LineString"
      },
      "properties": {
        "length_m": 2373.445,
        "orientation": "EW",
        "row": 120,
        "segment": 1
      },
      "type": "Feature"
    },
    {
      "geometry": {
        "coordinates": [
          [
            6.446960521982915,
            51.06533484934461
          ],
          [
            6.4871063627639645,
            51.06620530568335
          ]
        ],
        "type": "LineString"
      },
      "properties": {
        "length_m": 2815.787,
        "orientation": "EW",
        "row": 121,
        "segment": 0
      },
      "type": "Feature"
    },
    {
      "geometry": {
        "coordinates": [
          [
            6.492917823948623,
            51.066330166782585
          ],
          [
            6.527063805062805,
            51.067057954810856
          ]
        ],
        "type": "LineString"
      },
      "properties": {
        "length_m": 2394.837,
        "orientation": "EW",
        "row": 121,
        "segment": 1
      },
      "type": "Feature"
    },
    {
      "geometry": {
        "coordinates": [
          [
            6.446913958141575,
            51.06556948160134
          ],
          [
            6.486889411188766,
            51.066436287140654
          ]
        ],
        "type": "LineString"
      },
      "properties": {
        "length_m": 2803.822,
        "orientation": "EW",
        "row": 122,
        "segment": 0
      },
      "type": "Feature"
    },
    {
      "geometry": {
        "coordinates": [
          [
            6.492702843128526,
            51.066561201123186
          ],
          [
            6.527153996719675,
            51.067295510715496
          ]
        ],
        "type": "LineString"
      },
      "properties": {
        "length_m": 2416.228,
        "orientation": "EW",
        "row": 122,
        "segment": 1
      },
      "type": "Feature"
    },
    {
      "geometry": {
        "coordinates": [
          [
            6.446739111881006,
            51.06580131012713
          ],
          [
            6.486672457425948,
            51.066667268156365
          ]
        ],
        "type": "LineString"
      },
      "properties": {
        "length_m": 2800.856,
        "orientation": "EW",
        "row": 123,
        "segment": 0
      },
      "type": "Feature"
    },
    {
      "geometry": {
        "coordinates": [
          [
            6.4929318910747575,
            51.066801764870696
          ],
          [
            6.527267891993136,
            51.06753356824434
          ]
        ],
        "type": "LineString"
      },
      "properties": {
        "length_m": 2408.139,
        "orientation": "EW",
        "row": 123,
        "segment": 1
      },
      "type": "Feature"
    },
    {
      "geometry": {
        "coordinates": [
          [
            6.446563194177982,
            51.06603311497748
          ],
          [
            6.486455501475474,
            51.066898248730446
          ]
        ],
        "type": "LineString"
      },
      "properties": {
        "length_m": 2797.964,
        "orientation": "EW",
        "row": 124,
        "segment": 0
      },
      "type": "Feature"
    },
    {
      "geometry": {
        "coordinates": [
          [
            6.493718196041228,
            51.06705428454659
          ],
          [
            6.527410365461359,
            51.0677722304936
          ]
        ],
        "type": "LineString"
      },
      "properties": {
        "length_m": 2362.971,
        "orientation": "EW",
        "row": 124,
        "segment": 1
      },
      "type": "Feature"
    },
    {
      "geometry": {
        "coordinates": [
          [
            6.446387274684153,
            51.06626491952944
          ],
          [
            6.486238543337307,
            51.06712922886288
          ]
        ],
        "type": "LineString"
      },
      "properties": {
        "length_m": 2795.072,
        "orientation": "EW",
        "row": 125,
        "segment": 0
      },
      "type": "Feature"
    },
    {
      "geometry": {
        "coordinates": [
          [
            6.494484159288029,
            51.06730636258945
          ],
          [
            6.527552840359345,
            51.068010892580475
          ]
        ],
        "type": "LineString"
      },
      "properties": {
        "length_m": 2319.23,
        "orientation": "EW",
        "row": 125,
        "segment": 1
      },
      "type": "Feature"
    },
    {
      "geometry": {
        "coordinates": [
          [
            6.446211353399486,
            51.066496723783025
          ],
          [
            6.48602853349065,
            51.06736035812322
          ]
        ],
        "type": "LineString"
      },
      "properties": {
        "length_m": 2792.667,
        "orientation": "EW",
        "row": 126,
        "segment": 0
      },
      "type": "Feature"
    },
    {
      "geometry": {
        "coordinates": [
          [
            6.494738807219525,
            51.067547471704486
          ],
          [
            6.527695316687125,
            51.06824955450495
          ]
        ],
        "type": "LineString"
      },
      "properties": {
        "length_m": 2311.351,
        "orientation": "EW",
        "row": 126,
        "segment": 1
      },
      "type": "Feature"
    },
    {
      "geometry": {
        "coordinates": [
          [
            6.446035430323944,
            51.06672852773821
          ],
          [
            6.485825842735777,
            51.067591644528164
          ]
        ],
        "type": "LineString"
      },
      "properties": {
        "length_m": 2790.776,
        "orientation": "EW",
        "row": 127,
        "segment": 0
      },
      "type": "Feature"
    },
    {
      "geometry": {
        "coordinates": [
          [
            6.494715860045844,
            51.06778262760716
          ],
          [
            6.527837794444727,
            51.06848821626702
          ]
        ],
        "type": "LineString"
      },
      "properties": {
        "length_m": 2322.941,
        "orientation": "EW",
        "row": 127,
        "segment": 1
      },
      "type": "Feature"
    },
    {
      "geometry": {
        "coordinates": [
          [
            6.445859505457503,
            51.066960331395
          ],
          [
            6.485623149930661,
            51.067822930544665
          ]
        ],
        "type": "LineString"
      },
      "properties": {
        "length_m": 2788.886,
        "orientation": "EW",
        "row": 128,
        "segment": 0
      },
      "type": "Feature"
    },
    {
      "geometry": {
        "coordinates": [
          [
            6.494532257085861,
            51.06801433813909
          ],
          [
            6.527980273632177,
            51.068726877866695
          ]
        ],
        "type": "LineString"
      },
      "properties": {
        "length_m": 2345.798,
        "orientation": "EW",
        "row": 128,
        "segment": 1
      },
      "type": "Feature"
    },
    {
      "geometry": {
        "coordinates": [
          [
            6.445683578800123,
            51.06719213475337
          ],
          [
            6.485420455075266,
            51.068054216172705
          ]
        ],
        "type": "LineString"
      },
      "properties": {
        "length_m": 2786.995,
        "orientation": "EW",
        "row": 129,
        "segment": 0
      },
      "type": "Feature"
    },
    {
      "geometry": {
        "coordinates": [
          [
            6.49434201122917,
            51.0682459059125
          ],
          [
            6.528122754249506,
            51.06896553930395
          ]
        ],
        "type": "LineString"
      },
      "properties": {
        "length_m": 2369.121,
        "orientation": "EW",
        "row": 129,
        "segment": 1
      },
      "type": "Feature"
    },
    {
      "geometry": {
        "coordinates": [
          [
            6.445507650351775,
            51.06742393781334
          ],
          [
            6.446899421933343,
            51.067454362798486
          ]
        ],
        "type": "LineString"
      },
      "properties": {
        "length_m": 97.615,
        "orientation": "EW",
        "row": 130,
        "segment": 0
      },
      "type": "Feature"
    },
    {
      "geometry": {
        "coordinates": [
          [
            6.447486798414784,
            51.06746719822635
          ],
          [
            6.485217758169555,
            51.06828550141228
          ]
        ],
        "type": "LineString"
      },
      "properties": {
        "length_m": 2646.291,
        "orientation": "EW",
        "row": 130,
        "segment": 1
      },
      "type": "Feature"
    },
    {
      "geometry": {
        "coordinates": [
          [
            6.4941517634425505,
            51.0684774733411
          ],
          [
            6.528341765791075,
            51.06920581968749
          ]
        ],
        "type": "LineString"
      },
      "properties": {
        "length_m": 2397.811,
        "orientation": "EW",
        "row": 130,
        "segment": 2
      },
      "type": "Feature"
    },
    {
      "geometry": {
        "coordinates": [
          [
            6.446115145359329,
            51.0676728699285
          ],
          [
            6.446532613449004,
            51.067681995591215
          ]
        ],
        "type": "LineString"
      },
      "properties": {
        "length_m": 29.28,
        "orientation": "EW",
        "row": 131,
        "segment": 0
      },
      "type": "Feature"
    },
    {
      "geometry": {
        "coordinates": [
          [
            6.44781447788155,
            51.067710007225585
          ],
          [
            6.485015059213493,
            51.06851678626335
          ]
        ],
        "type": "LineString"
      },
      "properties": {
        "length_m": 2609.079,
        "orientation": "EW",
        "row": 131,
        "segment": 1
      },
      "type": "Feature"
    },
    {
      "geometry": {
        "coordinates": [
          [
            6.49396151372597,
            51.06870904042488
          ],
          [
            6.5287865470420225,
            51.06945087544379
          ]
        ],
        "type": "LineString"
      },
      "properties": {
        "length_m": 2442.334,
        "orientation": "EW",
        "row": 131,
        "segment": 2
      },
      "type": "Feature"
    },
    {
      "geometry": {
        "coordinates": [
          [
            6.448018664960809,
            51.06795011764816
          ],
          [
            6.484812358207045,
            51.06874807072597
          ]
        ],
        "type": "LineString"
      },
      "properties": {
        "length_m": 2580.529,
        "orientation": "EW",
        "row": 132,
        "segment": 0
      },
      "type": "Feature"
    },
    {
      "geometry": {
        "coordinates": [
          [
            6.493771262079391,
            51.06894060716384
          ],
          [
            6.5292327388535885,
            51.06969595929381
          ]
        ],
        "type": "LineString"
      },
      "properties": {
        "length_m": 2486.956,
        "orientation": "EW",
        "row": 132,
        "segment": 1
      },
      "type": "Feature"
    },
    {
      "geometry": {
        "coordinates": [
          [
            6.448222854122785,
            51.06819022773503
          ],
          [
            6.484609163782899,
            51.068979344220374
          ]
        ],
        "type": "LineString"
      },
      "properties": {
        "length_m": 2551.944,
        "orientation": "EW",
        "row": 133,
        "segment": 0
      },
      "type": "Feature"
    },
    {
      "geometry": {
        "coordinates": [
          [
            6.49358100850278,
            51.06917217355797
          ],
          [
            6.529678935395915,
            51.0699410414953
          ]
        ],
        "type": "LineString"
      },
      "properties": {
        "length_m": 2531.578,
        "orientation": "EW",
        "row": 133,
        "segment": 1
      },
      "type": "Feature"
    },
    {
      "geometry": {
        "coordinates": [
          [
            6.4484265662429925,
            51.068430327021424
          ],
          [
            6.484405232788441,
            51.06921060150825
          ]
        ],
        "type": "LineString"
      },
      "properties": {
        "length_m": 2523.341,
        "orientation": "EW",
        "row": 134,
        "segment": 0
      },
      "type": "Feature"
    },
    {
      "geometry": {
        "coordinates": [
          [
            6.493390752996105,
            51.06940373960727
          ],
          [
            6.53012513666906,
            51.07018612204816
          ]
        ],
        "type": "LineString"
      },
      "properties": {
        "length_m": 2576.199,
        "orientation": "EW",
        "row": 134,
        "segment": 1
      },
      "type": "Feature"
    },
    {
      "geometry": {
        "coordinates": [
          [
            6.4486176276193214,
            51.06867014964031
          ],
          [
            6.484201299731652,
            51.06944185840318
          ]
        ],
        "type": "LineString"
      },
      "properties": {
        "length_m": 2495.626,
        "orientation": "EW",
        "row": 135,
        "segment": 0
      },
      "type": "Feature"
    },
    {
      "geometry": {
        "coordinates": [
          [
            6.493200495559329,
            51.06963530531171
          ],
          [
            6.530717159169512,
            51.07043428298877
          ]
        ],
        "type": "LineString"
      },
      "properties": {
        "length_m": 2631.047,
        "orientation": "EW",
        "row": 135,
        "segment": 1
      },
      "type": "Feature"
    },
    {
      "geometry": {
        "coordinates": [
          [
            6.531058639538916,
            51.07044149994246
          ],
          [
            6.53244698046991,
            51.07047083128205
          ]
        ],
        "type": "LineString"
      },
      "properties": {
        "length_m": 97.362,
        "orientation": "EW",
        "row": 135,
        "segment": 2
      },
      "type": "Feature"
    },
    {
      "geometry": {
        "coordinates": [
          [
            6.448808690938636,
            51.06890997196594
          ],
          [
            6.483997364612492,
            51.069673114905164
          ]
        ],
        "type": "LineString"
      },
      "properties": {
        "length_m": 2467.911,
        "orientation": "EW",
        "row": 136,
        "segment": 0
      },
      "type": "Feature"
    },
    {
      "geometry": {
        "coordinates": [
          [
            6.493010236192418,
            51.069866870671305
          ],
          [
            6.53247304567981,
            51.070707028285646
          ]
        ],
        "type": "LineString"
      },
      "properties": {
        "length_m": 2767.514,
        "orientation": "EW",
        "row": 136,
        "segment": 1
      },
      "type": "Feature"
    },
    {
      "geometry": {
        "coordinates": [
          [
            6.44899975620097,
            51.06914979399832
          ],
          [
            6.483793427430931,
            51.06990437101419
          ]
        ],
        "type": "LineString"
      },
      "properties": {
        "length_m": 2440.195,
        "orientation": "EW",
        "row": 137,
        "segment": 0
      },
      "type": "Feature"
    },
    {
      "geometry": {
        "coordinates": [
          [
            6.492819860781328,
            51.07009843323709
          ],
          [
            6.532499111113656,
            51.07094322527837
          ]
        ],
        "type": "LineString"
      },
      "properties": {
        "length_m": 2782.679,
        "orientation": "EW",
        "row": 137,
        "segment": 1
      },
      "type": "Feature"
    },
    {
      "geometry": {
        "coordinates": [
          [
            6.449194805396672,
            51.06938970268286
          ],
          [
            6.48358948818693,
            51.070135626730234
          ]
        ],
        "type": "LineString"
      },
      "properties": {
        "length_m": 2412.201,
        "orientation": "EW",
        "row": 138,
        "segment": 0
      },
      "type": "Feature"
    },
    {
      "geometry": {
        "coordinates": [
          [
            6.492625705246093,
            51.07032991436913
          ],
          [
            6.532525176771451,
            51.07117942226023
          ]
        ],
        "type": "LineString"
      },
      "properties": {
        "length_m": 2798.109,
        "orientation": "EW",
        "row": 138,
        "segment": 1
      },
      "type": "Feature"
    },
    {
      "geometry": {
        "coordinates": [
          [
            6.449391090490773,
            51.069629638001516
          ],
          [
            6.483385546880451,
            51.07036688205329
          ]
        ],
        "type": "LineString"
      },
      "properties": {
        "length_m": 2384.119,
        "orientation": "EW",
        "row": 139,
        "segment": 0
      },
      "type": "Feature"
    },
    {
      "geometry": {
        "coordinates": [
          [
            6.492431547742925,
            51.070561395142974
          ],
          [
            6.532551242653205,
            51.07141561923124
          ]
        ],
        "type": "LineString"
      },
      "properties": {
        "length_m": 2813.539,
        "orientation": "EW",
        "row": 139,
        "segment": 1
      },
      "type": "Feature"
    },
    {
      "geometry": {
        "coordinates": [
          [
            6.4495873775835015,
            51.06986957301036
          ],
          [
            6.483176083367227,
            51.07059801806194
          ]
        ],
        "type": "LineString"
      },
      "properties": {
        "length_m": 2355.651,
        "orientation": "EW",
        "row": 140,
        "segment": 0
      },
      "type": "Feature"
    },
    {
      "geometry": {
        "coordinates": [
          [
            6.492237388271788,
            51.07079287555859
          ],
          [
            6.532577308758919,
            51.07165181619138
          ]
        ],
        "type": "LineString"
      },
      "properties": {
        "length_m": 2828.969,
        "orientation": "EW",
        "row": 140,
        "segment": 1
      },
      "type": "Feature"
    },
    {
      "geometry": {
        "coordinates": [
          [
            6.449783666674901,
            51.07010950770936
          ],
          [
            6.4829553995128,
            51.070828911960575
          ]
        ],
        "type": "LineString"
      },
      "properties": {
        "length_m": 2326.396,
        "orientation": "EW",
        "row": 141,
        "segment": 0
      },
      "type": "Feature"
    },
    {
      "geometry": {
        "coordinates": [
          [
            6.4920432268326485,
            51.071024355615954
          ],
          [
            6.532603375088598,
            51.07188801314063
          ]
        ],
        "type": "LineString"
      },
      "properties": {
        "length_m": 2844.399,
        "orientation": "EW",
        "row": 141,
        "segment": 1
      },
      "type": "Feature"
    },
    {
      "geometry": {
        "coordinates": [
          [
            6.449979957765006,
            51.07034944209857
          ],
          [
            6.482734713434538,
            51.07105980540308
          ]
        ],
        "type": "LineString"
      },
      "properties": {
        "length_m": 2297.141,
        "orientation": "EW",
        "row": 142,
        "segment": 0
      },
      "type": "Feature"
    },
    {
      "geometry": {
        "coordinates": [
          [
            6.49184906342547,
            51.071255835315114
          ],
          [
            6.532658817141172,
            51.07212483045999
          ]
        ],
        "type": "LineString"
      },
      "properties": {
        "length_m": 2861.889,
        "orientation": "EW",
        "row": 142,
        "segment": 1
      },
      "type": "Feature"
    },
    {
      "geometry": {
        "coordinates": [
          [
            6.450176250853856,
            51.07058937617794
          ],
          [
            6.4825140251324065,
            51.07129069838946
          ]
        ],
        "type": "LineString"
      },
      "properties": {
        "length_m": 2267.886,
        "orientation": "EW",
        "row": 143,
        "segment": 0
      },
      "type": "Feature"
    },
    {
      "geometry": {
        "coordinates": [
          [
            6.491654898050219,
            51.07148731465602
          ],
          [
            6.533069689074546,
            51.07236915329317
          ]
        ],
        "type": "LineString"
      },
      "properties": {
        "length_m": 2904.304,
        "orientation": "EW",
        "row": 143,
        "segment": 1
      },
      "type": "Feature"
    },
    {
      "geometry": {
        "coordinates": [
          [
            6.533469421178242,
            51.07237759307387
          ],
          [
            6.534198287414077,
            51.07239297853224
          ]
        ],
        "type": "LineString"
      },
      "properties": {
        "length_m": 51.112,
        "orientation": "EW",
        "row": 143,
        "segment": 2
      },
      "type": "Feature"
    },
    {
      "geometry": {
        "coordinates": [
          [
            6.450372545941488,
            51.07082930994747
          ],
          [
            6.482293334606367,
            51.071521590919666
          ]
        ],
        "type": "LineString"
      },
      "properties": {
        "length_m": 2238.631,
        "orientation": "EW",
        "row": 144,
        "segment": 0
      },
      "type": "Feature"
    },
    {
      "geometry": {
        "coordinates": [
          [
            6.4914607307068595,
            51.071718793638674
          ],
          [
            6.534190209910964,
            51.07262845440824
          ]
        ],
        "type": "LineString"
      },
      "properties": {
        "length_m": 2996.482,
        "orientation": "EW",
        "row": 144,
        "segment": 1
      },
      "type": "Feature"
    },
    {
      "geometry": {
        "coordinates": [
          [
            6.450568843027942,
            51.07106924340715
          ],
          [
            6.482072641856379,
            51.07175248299372
          ]
        ],
        "type": "LineString"
      },
      "properties": {
        "length_m": 2209.376,
        "orientation": "EW",
        "row": 145,
        "segment": 0
      },
      "type": "Feature"
    },
    {
      "geometry": {
        "coordinates": [
          [
            6.491266561395358,
            51.071950272263045
          ],
          [
            6.534182132284308,
            51.0728639302739
          ]
        ],
        "type": "LineString"
      },
      "properties": {
        "length_m": 3009.517,
        "orientation": "EW",
        "row": 145,
        "segment": 1
      },
      "type": "Feature"
    },
    {
      "geometry": {
        "coordinates": [
          [
            6.450765142113253,
            51.07130917655697
          ],
          [
            6.481851946882406,
            51.07198337461162
          ]
        ],
        "type": "LineString"
      },
      "properties": {
        "length_m": 2180.121,
        "orientation": "EW",
        "row": 146,
        "segment": 0
      },
      "type": "Feature"
    },
    {
      "geometry": {
        "coordinates": [
          [
            6.4910723901156775,
            51.07218175052917
          ],
          [
            6.534174054534106,
            51.0730994061292
          ]
        ],
        "type": "LineString"
      },
      "properties": {
        "length_m": 3022.552,
        "orientation": "EW",
        "row": 146,
        "segment": 1
      },
      "type": "Feature"
    },
    {
      "geometry": {
        "coordinates": [
          [
            6.450961443197462,
            51.07154910939693
          ],
          [
            6.481680274428349,
            51.07221532254895
          ]
        ],
        "type": "LineString"
      },
      "properties": {
        "length_m": 2154.304,
        "orientation": "EW",
        "row": 147,
        "segment": 0
      },
      "type": "Feature"
    },
    {
      "geometry": {
        "coordinates": [
          [
            6.487492352502305,
            51.07234046145474
          ],
          [
            6.488301559633676,
            51.07235786139158
          ]
        ],
        "type": "LineString"
      },
      "properties": {
        "length_m": 56.748,
        "orientation": "EW",
        "row": 147,
        "segment": 1
      },
      "type": "Feature"
    },
    {
      "geometry": {
        "coordinates": [
          [
            6.4908782168677845,
            51.07241322843701
          ],
          [
            6.534165976660356,
            51.07333488197416
          ]
        ],
        "type": "LineString"
      },
      "properties": {
        "length_m": 3035.587,
        "orientation": "EW",
        "row": 147,
        "segment": 2
      },
      "type": "Feature"
    },
    {
      "geometry": {
        "coordinates": [
          [
            6.451157746280606,
            51.07178904192701
          ],
          [
            6.481721932527671,
            51.0724518688507
          ]
        ],
        "type": "LineString"
      },
      "properties": {
        "length_m": 2143.448,
        "orientation": "EW",
        "row": 148,
        "segment": 0
      },
      "type": "Feature"
    },
    {
      "geometry": {
        "coordinates": [
          [
            6.487289113649784,
            51.07257173856113
          ],
          [
            6.489283528355346,
            51.07261461663068
          ]
        ],
        "type": "LineString"
      },
      "properties": {
        "length_m": 139.863,
        "orientation": "EW",
        "row": 148,
        "segment": 1
      },
      "type": "Feature"
    },
    {
      "geometry": {
        "coordinates": [
          [
            6.490673334209831,
            51.07264447600611
          ],
          [
            6.5341578986630555,
            51.07357035780877
          ]
        ],
        "type": "LineString"
      },
      "properties": {
        "length_m": 3049.373,
        "orientation": "EW",
        "row": 148,
        "segment": 2
      },
      "type": "Feature"
    },
    {
      "geometry": {
        "coordinates": [
          [
            6.451354051362721,
            51.07202897414721
          ],
          [
            6.482216264309853,
            51.072698171612195
          ]
        ],
        "type": "LineString"
      },
      "properties": {
        "length_m": 2164.336,
        "orientation": "EW",
        "row": 149,
        "segment": 0
      },
      "type": "Feature"
    },
    {
      "geometry": {
        "coordinates": [
          [
            6.4870858727413605,
            51.07280301527712
          ],
          [
            6.534149820542204,
            51.07380583363303
          ]
        ],
        "type": "LineString"
      },
      "properties": {
        "length_m": 3300.37,
        "orientation": "EW",
        "row": 149,
        "segment": 1
      },
      "type": "Feature"
    },
    {
      "geometry": {
        "coordinates": [
          [
            6.451550358443848,
            51.07226890605753
          ],
          [
            6.484238680185005,
            51.07297738754972
          ]
        ],
        "type": "LineString"
      },
      "properties": {
        "length_m": 2292.384,
        "orientation": "EW",
        "row": 150,
        "segment": 0
      },
      "type": "Feature"
    },
    {
      "geometry": {
        "coordinates": [
          [
            6.4868826297769955,
            51.07303429160271
          ],
          [
            6.534141742297797,
            51.074041309446955
          ]
        ],
        "type": "LineString"
      },
      "properties": {
        "length_m": 3314.039,
        "orientation": "EW",
        "row": 150,
        "segment": 1
      },
      "type": "Feature"
    },
    {
      "geometry": {
        "coordinates": [
          [
            6.451746667524024,
            51.07250883765793
          ],
          [
            6.4840270888021125,
            51.07320847923714
          ]
        ],
        "type": "LineString"
      },
      "properties": {
        "length_m": 2263.767,
        "orientation": "EW",
        "row": 151,
        "segment": 0
      },
      "type": "Feature"
    },
    {
      "geometry": {
        "coordinates": [
          [
            6.486679384756655,
            51.07326556753789
          ],
          [
            6.5341336639298335,
            51.07427678525051
          ]
        ],
        "type": "LineString"
      },
      "properties": {
        "length_m": 3327.709,
        "orientation": "EW",
        "row": 151,
        "segment": 1
      },
      "type": "Feature"
    },
    {
      "geometry": {
        "coordinates": [
          [
            6.451942978603285,
            51.072748768948436
          ],
          [
            6.483815495282708,
            51.07343957050332
          ]
        ],
        "type": "LineString"
      },
      "properties": {
        "length_m": 2235.151,
        "orientation": "EW",
        "row": 152,
        "segment": 0
      },
      "type": "Feature"
    },
    {
      "geometry": {
        "coordinates": [
          [
            6.486470168018376,
            51.07349671464855
          ],
          [
            6.534134573937802,
            51.07451245075387
          ]
        ],
        "type": "LineString"
      },
      "properties": {
        "length_m": 3342.427,
        "orientation": "EW",
        "row": 152,
        "segment": 1
      },
      "type": "Feature"
    },
    {
      "geometry": {
        "coordinates": [
          [
            6.452139291681673,
            51.07298869992901
          ],
          [
            6.483603899626751,
            51.07367066134829
          ]
        ],
        "type": "LineString"
      },
      "properties": {
        "length_m": 2206.534,
        "orientation": "EW",
        "row": 153,
        "segment": 0
      },
      "type": "Feature"
    },
    {
      "geometry": {
        "coordinates": [
          [
            6.486249673112962,
            51.073727618728014
          ],
          [
            6.534213293729925,
            51.0747497584603
          ]
        ],
        "type": "LineString"
      },
      "properties": {
        "length_m": 3363.393,
        "orientation": "EW",
        "row": 153,
        "segment": 1
      },
      "type": "Feature"
    },
    {
      "geometry": {
        "coordinates": [
          [
            6.452335606759224,
            51.07322863059969
          ],
          [
            6.483392301834209,
            51.07390175177199
          ]
        ],
        "type": "LineString"
      },
      "properties": {
        "length_m": 2177.917,
        "orientation": "EW",
        "row": 154,
        "segment": 0
      },
      "type": "Feature"
    },
    {
      "geometry": {
        "coordinates": [
          [
            6.486029175985283,
            51.07395852235212
          ],
          [
            6.534295167812163,
            51.07498713266921
          ]
        ],
        "type": "LineString"
      },
      "properties": {
        "length_m": 3384.579,
        "orientation": "EW",
        "row": 154,
        "segment": 1
      },
      "type": "Feature"
    },
    {
      "geometry": {
        "coordinates": [
          [
            6.4525319238359735,
            51.07346856096041
          ],
          [
            6.48318070190504,
            51.07413284177446
          ]
        ],
        "type": "LineString"
      },
      "properties": {
        "length_m": 2149.3,
        "orientation": "EW",
        "row": 155,
        "segment": 0
      },
      "type": "Feature"
    },
    {
      "geometry": {
        "coordinates": [
          [
            6.485808676635297,
            51.074189425520906
          ],
          [
            6.534377042692599,
            51.075224506823496
          ]
        ],
        "type": "LineString"
      },
      "properties": {
        "length_m": 3405.766,
        "orientation": "EW",
        "row": 155,
        "segment": 1
      },
      "type": "Feature"
    },
    {
      "geometry": {
        "coordinates": [
          [
            6.452728242911963,
            51.0737084910112
          ],
          [
            6.482969099839209,
            51.07436393135566
          ]
        ],
        "type": "LineString"
      },
      "properties": {
        "length_m": 2120.683,
        "orientation": "EW",
        "row": 156,
        "segment": 0
      },
      "type": "Feature"
    },
    {
      "geometry": {
        "coordinates": [
          [
            6.485597582911157,
            51.07442053070869
          ],
          [
            6.534458918371251,
            51.07546188092316
          ]
        ],
        "type": "LineString"
      },
      "properties": {
        "length_m": 3426.293,
        "orientation": "EW",
        "row": 156,
        "segment": 1
      },
      "type": "Feature"
    },
    {
      "geometry": {
        "coordinates": [
          [
            6.45292456398723,
            51.07394842075203
          ],
          [
            6.4827574956366805,
            51.074595020515595
          ]
        ],
        "type": "LineString"
      },
      "properties": {
        "length_m": 2092.066,
        "orientation": "EW",
        "row": 157,
        "segment": 0
      },
      "type": "Feature"
    },
    {
      "geometry": {
        "coordinates": [
          [
            6.485399799404587,
            51.074651922005934
          ],
          [
            6.5345407948481355,
            51.07569925496817
          ]
        ],
        "type": "LineString"
      },
      "properties": {
        "length_m": 3445.886,
        "orientation": "EW",
        "row": 157,
        "segment": 1
      },
      "type": "Feature"
    },
    {
      "geometry": {
        "coordinates": [
          [
            6.45301990171839,
            51.07418614863814
          ],
          [
            6.482545889297415,
            51.074826109254246
          ]
        ],
        "type": "LineString"
      },
      "properties": {
        "length_m": 2070.531,
        "orientation": "EW",
        "row": 158,
        "segment": 0
      },
      "type": "Feature"
    },
    {
      "geometry": {
        "coordinates": [
          [
            6.485202013894686,
            51.07488331293223
          ],
          [
            6.534622672123268,
            51.07593662895856
          ]
        ],
        "type": "LineString"
      },
      "properties": {
        "length_m": 3465.479,
        "orientation": "EW",
        "row": 158,
        "segment": 1
      },
      "type": "Feature"
    },
    {
      "geometry": {
        "coordinates": [
          [
            6.4528847548201895,
            51.07441885158944
          ],
          [
            6.4823342808213775,
            51.075057197571596
          ]
        ],
        "type": "LineString"
      },
      "properties": {
        "length_m": 2065.159,
        "orientation": "EW",
        "row": 159,
        "segment": 0
      },
      "type": "Feature"
    },
    {
      "geometry": {
        "coordinates": [
          [
            6.485398904004021,
            51.07512319896186
          ],
          [
            6.5347045501966665,
            51.0761740028943
          ]
        ],
        "type": "LineString"
      },
      "properties": {
        "length_m": 3457.396,
        "orientation": "EW",
        "row": 159,
        "segment": 1
      },
      "type": "Feature"
    },
    {
      "geometry": {
        "coordinates": [
          [
            6.452418088718771,
            51.074644325700326
          ],
          [
            6.482122670208528,
            51.075288285467664
          ]
        ],
        "type": "LineString"
      },
      "properties": {
        "length_m": 2083.035,
        "orientation": "EW",
        "row": 160,
        "segment": 0
      },
      "type": "Feature"
    },
    {
      "geometry": {
        "coordinates": [
          [
            6.487106051303597,
            51.075395578128024
          ],
          [
            6.534786428292715,
            51.076411376759054
          ]
        ],
        "type": "LineString"
      },
      "properties": {
        "length_m": 3343.409,
        "orientation": "EW",
        "row": 160,
        "segment": 1
      },
      "type": "Feature"
    },
    {
      "geometry": {
        "coordinates": [
          [
            6.451894785698801,
            51.07486856270141
          ],
          [
            6.481911057458833,
            51.075519372942416
          ]
        ],
        "type": "LineString"
      },
      "properties": {
        "length_m": 2104.882,
        "orientation": "EW",
        "row": 161,
        "segment": 0
      },
      "type": "Feature"
    },
    {
      "geometry": {
        "coordinates": [
          [
            6.4873167828586835,
            51.07563575852626
          ],
          [
            6.534867154226888,
            51.07664872624261
          ]
        ],
        "type": "LineString"
      },
      "properties": {
        "length_m": 3334.275,
        "orientation": "EW",
        "row": 161,
        "segment": 1
      },
      "type": "Feature"
    },
    {
      "geometry": {
        "coordinates": [
          [
            6.45137147766173,
            51.07509279727832
          ],
          [
            6.481699442572251,
            51.07575045999585
          ]
        ],
        "type": "LineString"
      },
      "properties": {
        "length_m": 2126.73,
        "orientation": "EW",
        "row": 162,
        "segment": 0
      },
      "type": "Feature"
    },
    {
      "geometry": {
        "coordinates": [
          [
            6.487270514114909,
            51.07587041143515
          ],
          [
            6.53494788094743,
            51.07688607567297
          ]
        ],
        "type": "LineString"
      },
      "properties": {
        "length_m": 3343.163,
        "orientation": "EW",
        "row": 162,
        "segment": 1
      },
      "type": "Feature"
    },
    {
      "geometry": {
        "coordinates": [
          [
            6.451478079740309,
            51.07533077215996
          ],
          [
            6.481487825548747,
            51.075981546627965
          ]
        ],
        "type": "LineString"
      },
      "properties": {
        "length_m": 2104.405,
        "orientation": "EW",
        "row": 163,
        "segment": 0
      },
      "type": "Feature"
    },
    {
      "geometry": {
        "coordinates": [
          [
            6.487072255942206,
            51.076101795294605
          ],
          [
            6.535028608454355,
            51.07712342505014
          ]
        ],
        "type": "LineString"
      },
      "properties": {
        "length_m": 3362.709,
        "orientation": "EW",
        "row": 163,
        "segment": 1
      },
      "type": "Feature"
    },
    {
      "geometry": {
        "coordinates": [
          [
            6.451661905940761,
            51.07557043140316
          ],
          [
            6.4812762063882845,
            51.07621263283873
          ]
        ],
        "type": "LineString"
      },
      "properties": {
        "length_m": 2076.664,
        "orientation": "EW",
        "row": 164,
        "segment": 0
      },
      "type": "Feature"
    },
    {
      "geometry": {
        "coordinates": [
          [
            6.486870830377399,
            51.076333110692225
          ],
          [
            6.535109336747681,
            51.07736077437409
          ]
        ],
        "type": "LineString"
      },
      "properties": {
        "length_m": 3382.477,
        "orientation": "EW",
        "row": 164,
        "segment": 1
      },
      "type": "Feature"
    },
    {
      "geometry": {
        "coordinates": [
          [
            6.451845734007792,
            51.075810090375235
          ],
          [
            6.4810645850908255,
            51.07644371862816
          ]
        ],
        "type": "LineString"
      },
      "properties": {
        "length_m": 2048.923,
        "orientation": "EW",
        "row": 165,
        "segment": 0
      },
      "type": "Feature"
    },
    {
      "geometry": {
        "coordinates": [
          [
            6.486669402773933,
            51.07656442570601
          ],
          [
            6.532478169662436,
            51.0775408811651
          ]
        ],
        "type": "LineString"
      },
      "properties": {
        "length_m": 3212.093,
        "orientation": "EW",
        "row": 165,
        "segment": 1
      },
      "type": "Feature"
    },
    {
      "geometry": {
        "coordinates": [
          [
            6.534551386144408,
            51.07758464812284
          ],
          [
            6.535190065827423,
            51.07759812364486
          ]
        ],
        "type": "LineString"
      },
      "properties": {
        "length_m": 44.783,
        "orientation": "EW",
        "row": 165,
        "segment": 2
      },
      "type": "Feature"
    },
    {
      "geometry": {
        "coordinates": [
          [
            6.452001403450204,
            51.07604913491366
          ],
          [
            6.480852961656332,
            51.076674803996234
          ]
        ],
        "type": "LineString"
      },
      "properties": {
        "length_m": 2023.157,
        "orientation": "EW",
        "row": 166,
        "segment": 0
      },
      "type": "Feature"
    },
    {
      "geometry": {
        "coordinates": [
          [
            6.48646797313177,
            51.076795740335925
          ],
          [
            6.532305423825072,
            51.07777287898148
          ]
        ],
        "type": "LineString"
      },
      "properties": {
        "length_m": 3214.089,
        "orientation": "EW",
        "row": 166,
        "segment": 1
      },
      "type": "Feature"
    },
    {
      "geometry": {
        "coordinates": [
          [
            6.451959092903963,
            51.076283861486004
          ],
          [
            6.4520176032101535,
            51.07628513757014
          ]
        ],
        "type": "LineString"
      },
      "properties": {
        "length_m": 4.103,
        "orientation": "EW",
        "row": 167,
        "segment": 0
      },
      "type": "Feature"
    },
    {
      "geometry": {
        "coordinates": [
          [
            6.453365417883591,
            51.07631452469109
          ],
          [
            6.480643133375167,
            51.076905927699485
          ]
        ],
        "type": "LineString"
      },
      "properties": {
        "length_m": 1912.783,
        "orientation": "EW",
        "row": 167,
        "segment": 1
      },
      "type": "Feature"
    },
    {
      "geometry": {
        "coordinates": [
          [
            6.486266541450877,
            51.07702705458194
          ],
          [
            6.532228127695842,
            51.078006892637845
          ]
        ],
        "type": "LineString"
      },
      "properties": {
        "length_m": 3222.777,
        "orientation": "EW",
        "row": 167,
        "segment": 2
      },
      "type": "Feature"
    },
    {
      "geometry": {
        "coordinates": [
          [
            6.45347458498494,
            51.076552553521964
          ],
          [
            6.480442988479191,
            51.077137259861736
          ]
        ],
        "type": "LineString"
      },
      "properties": {
        "length_m": 1891.084,
        "orientation": "EW",
        "row": 168,
        "segment": 0
      },
      "type": "Feature"
    },
    {
      "geometry": {
        "coordinates": [
          [
            6.486065107731215,
            51.07725836844409
          ],
          [
            6.532150830746955,
            51.07824090622377
          ]
        ],
        "type": "LineString"
      },
      "properties": {
        "length_m": 3231.466,
        "orientation": "EW",
        "row": 168,
        "segment": 1
      },
      "type": "Feature"
    },
    {
      "geometry": {
        "coordinates": [
          [
            6.453495982166579,
            51.076788669185454
          ],
          [
            6.480242841556893,
            51.07736859164463
          ]
        ],
        "type": "LineString"
      },
      "properties": {
        "length_m": 1875.54,
        "orientation": "EW",
        "row": 169,
        "segment": 0
      },
      "type": "Feature"
    },
    {
      "geometry": {
        "coordinates": [
          [
            6.48586367197275,
            51.077489681922344
          ],
          [
            6.532073532978397,
            51.07847491973925
          ]
        ],
        "type": "LineString"
      },
      "properties": {
        "length_m": 3240.154,
        "orientation": "EW",
        "row": 169,
        "segment": 1
      },
      "type": "Feature"
    },
    {
      "geometry": {
        "coordinates": [
          [
            6.4535173795232215,
            51.07702478483946
          ],
          [
            6.480042692608231,
            51.07759992304818
          ]
        ],
        "type": "LineString"
      },
      "properties": {
        "length_m": 1859.995,
        "orientation": "EW",
        "row": 170,
        "segment": 0
      },
      "type": "Feature"
    },
    {
      "geometry": {
        "coordinates": [
          [
            6.485662234175446,
            51.077720995016705
          ],
          [
            6.531996234390151,
            51.07870893318427
          ]
        ],
        "type": "LineString"
      },
      "properties": {
        "length_m": 3248.842,
        "orientation": "EW",
        "row": 170,
        "segment": 1
      },
      "type": "Feature"
    },
    {
      "geometry": {
        "coordinates": [
          [
            6.453538777054872,
            51.07726090048402
          ],
          [
            6.4798425416331735,
            51.077831254072365
          ]
        ],
        "type": "LineString"
      },
      "properties": {
        "length_m": 1844.451,
        "orientation": "EW",
        "row": 171,
        "segment": 0
      },
      "type": "Feature"
    },
    {
      "geometry": {
        "coordinates": [
          [
            6.4854607943392635,
            51.077952307727166
          ],
          [
            6.531918934982203,
            51.078942946558826
          ]
        ],
        "type": "LineString"
      },
      "properties": {
        "length_m": 3257.531,
        "orientation": "EW",
        "row": 171,
        "segment": 1
      },
      "type": "Feature"
    },
    {
      "geometry": {
        "coordinates": [
          [
            6.453560174761533,
            51.07749701611911
          ],
          [
            6.479642388631683,
            51.07806258471719
          ]
        ],
        "type": "LineString"
      },
      "properties": {
        "length_m": 1828.906,
        "orientation": "EW",
        "row": 172,
        "segment": 0
      },
      "type": "Feature"
    },
    {
      "geometry": {
        "coordinates": [
          [
            6.485259352464173,
            51.07818362005369
          ],
          [
            6.530619006050557,
            51.079151125750734
          ]
        ],
        "type": "LineString"
      },
      "properties": {
        "length_m": 3180.494,
        "orientation": "EW",
        "row": 172,
        "segment": 1
      },
      "type": "Feature"
    },
    {
      "geometry": {
        "coordinates": [
          [
            6.453581572643212,
            51.077733131744736
          ],
          [
            6.479442233603725,
            51.07829391498262
          ]
        ],
        "type": "LineString"
      },
      "properties": {
        "length_m": 1813.362,
        "orientation": "EW",
        "row": 173,
        "segment": 0
      },
      "type": "Feature"
    },
    {
      "geometry": {
        "coordinates": [
          [
            6.485057908550132,
            51.0784149319963
          ],
          [
            6.529904672139408,
            51.079371672257096
          ]
        ],
        "type": "LineString"
      },
      "properties": {
        "length_m": 3144.518,
        "orientation": "EW",
        "row": 173,
        "segment": 1
      },
      "type": "Feature"
    },
    {
      "geometry": {
        "coordinates": [
          [
            6.453602970699909,
            51.07796924736089
          ],
          [
            6.479242076549264,
            51.07852524486867
          ]
        ],
        "type": "LineString"
      },
      "properties": {
        "length_m": 1797.817,
        "orientation": "EW",
        "row": 174,
        "segment": 0
      },
      "type": "Feature"
    },
    {
      "geometry": {
        "coordinates": [
          [
            6.484856462597111,
            51.07864624355498
          ],
          [
            6.529190331546366,
            51.07959221429414
          ]
        ],
        "type": "LineString"
      },
      "properties": {
        "length_m": 3108.541,
        "orientation": "EW",
        "row": 174,
        "segment": 1
      },
      "type": "Feature"
    },
    {
      "geometry": {
        "coordinates": [
          [
            6.453624368931629,
            51.07820536296758
          ],
          [
            6.4536611018001935,
            51.07820616356275
          ]
        ],
        "type": "LineString"
      },
      "properties": {
        "length_m": 2.576,
        "orientation": "EW",
        "row": 175,
        "segment": 0
      },
      "type": "Feature"
    },
    {
      "geometry": {
        "coordinates": [
          [
            6.454885899164046,
            51.07823285147391
          ],
          [
            6.479041917468262,
            51.07875657437534
          ]
        ],
        "type": "LineString"
      },
      "properties": {
        "length_m": 1693.813,
        "orientation": "EW",
        "row": 175,
        "segment": 1
      },
      "type": "Feature"
    },
    {
      "geometry": {
        "coordinates": [
          [
            6.484653562907262,
            51.07887752347586
          ],
          [
            6.5284759842714815,
            51.079812751861795
          ]
        ],
        "type": "LineString"
      },
      "properties": {
        "length_m": 3072.666,
        "orientation": "EW",
        "row": 175,
        "segment": 2
      },
      "type": "Feature"
    },
    {
      "geometry": {
        "coordinates": [
          [
            6.455129765489648,
            51.07847381285943
          ],
          [
            6.478841756360684,
            51.0789879035026
          ]
        ],
        "type": "LineString"
      },
      "properties": {
        "length_m": 1662.67,
        "orientation": "EW",
        "row": 176,
        "segment": 0
      },
      "type": "Feature"
    },
    {
      "geometry": {
        "coordinates": [
          [
            6.484445807253908,
            51.079108698498544
          ],
          [
            6.527761630314809,
            51.08003328495997
          ]
        ],
        "type": "LineString"
      },
      "properties": {
        "length_m": 3037.132,
        "orientation": "EW",
        "row": 176,
        "segment": 1
      },
      "type": "Feature"
    },
    {
      "geometry": {
        "coordinates": [
          [
            6.455156152460829,
            51.07871003677398
          ],
          [
            6.478641593226497,
            51.07921923225044
          ]
        ],
        "type": "LineString"
      },
      "properties": {
        "length_m": 1646.776,
        "orientation": "EW",
        "row": 177,
        "segment": 0
      },
      "type": "Feature"
    },
    {
      "geometry": {
        "coordinates": [
          [
            6.48423804950058,
            51.07933987311428
          ],
          [
            6.526458330376793,
            51.08024134682198
          ]
        ],
        "type": "LineString"
      },
      "properties": {
        "length_m": 2960.304,
        "orientation": "EW",
        "row": 177,
        "segment": 1
      },
      "type": "Feature"
    },
    {
      "geometry": {
        "coordinates": [
          [
            6.455172309301383,
            51.07894603784231
          ],
          [
            6.478441428065661,
            51.079450560618874
          ]
        ],
        "type": "LineString"
      },
      "properties": {
        "length_m": 1631.6,
        "orientation": "EW",
        "row": 178,
        "segment": 0
      },
      "type": "Feature"
    },
    {
      "geometry": {
        "coordinates": [
          [
            6.4840302896472375,
            51.07957104732313
          ],
          [
            6.52553879956823,
            51.0804575225141
          ]
        ],
        "type": "LineString"
      },
      "properties": {
        "length_m": 2910.385,
        "orientation": "EW",
        "row": 178,
        "segment": 1
      },
      "type": "Feature"
    },
    {
      "geometry": {
        "coordinates": [
          [
            6.4551884662635,
            51.07918203890208
          ],
          [
            6.478241260878142,
            51.07968188860787
          ]
        ],
        "type": "LineString"
      },
      "properties": {
        "length_m": 1616.423,
        "orientation": "EW",
        "row": 179,
        "segment": 0
      },
      "type": "Feature"
    },
    {
      "geometry": {
        "coordinates": [
          [
            6.483822527693846,
            51.079802221125064
          ],
          [
            6.525434543608312,
            51.080690960896135
          ]
        ],
        "type": "LineString"
      },
      "properties": {
        "length_m": 2917.628,
        "orientation": "EW",
        "row": 179,
        "segment": 1
      },
      "type": "Feature"
    },
    {
      "geometry": {
        "coordinates": [
          [
            6.455204623347184,
            51.07941803995333
          ],
          [
            6.478040640599846,
            51.07991320648092
          ]
        ],
        "type": "LineString"
      },
      "properties": {
        "length_m": 1601.215,
        "orientation": "EW",
        "row": 180,
        "segment": 0
      },
      "type": "Feature"
    },
    {
      "geometry": {
        "coordinates": [
          [
            6.48361476364037,
            51.08003339452004
          ],
          [
            6.525414222189465,
            51.080926176909486
          ]
        ],
        "type": "LineString"
      },
      "properties": {
        "length_m": 2930.757,
        "orientation": "EW",
        "row": 180,
        "segment": 1
      },
      "type": "Feature"
    },
    {
      "geometry": {
        "coordinates": [
          [
            6.455220780552436,
            51.07965404099604
          ],
          [
            6.4778355061165716,
            51.08014442656689
          ]
        ],
        "type": "LineString"
      },
      "properties": {
        "length_m": 1585.691,
        "orientation": "EW",
        "row": 181,
        "segment": 0
      },
      "type": "Feature"
    },
    {
      "geometry": {
        "coordinates": [
          [
            6.483406997486769,
            51.0802645675081
          ],
          [
            6.5253939005229205,
            51.08116139290782
          ]
        ],
        "type": "LineString"
      },
      "properties": {
        "length_m": 2943.885,
        "orientation": "EW",
        "row": 181,
        "segment": 1
      },
      "type": "Feature"
    },
    {
      "geometry": {
        "coordinates": [
          [
            6.45523693787926,
            51.07989004203023
          ],
          [
            6.4776303695585655,
            51.080375646255526
          ]
        ],
        "type": "LineString"
      },
      "properties": {
        "length_m": 1570.166,
        "orientation": "EW",
        "row": 182,
        "segment": 0
      },
      "type": "Feature"
    },
    {
      "geometry": {
        "coordinates": [
          [
            6.48319922923301,
            51.0804957400892
          ],
          [
            6.525290803215757,
            51.081394855695315
          ]
        ],
        "type": "LineString"
      },
      "properties": {
        "length_m": 2951.209,
        "orientation": "EW",
        "row": 182,
        "segment": 1
      },
      "type": "Feature"
    },
    {
      "geometry": {
        "coordinates": [
          [
            6.455253095327659,
            51.08012604305587
          ],
          [
            6.47742523092579,
            51.08060686554679
          ]
        ],
        "type": "LineString"
      },
      "properties": {
        "length_m": 1554.642,
        "orientation": "EW",
        "row": 183,
        "segment": 0
      },
      "type": "Feature"
    },
    {
      "geometry": {
        "coordinates": [
          [
            6.482991458879056,
            51.08072691226335
          ],
          [
            6.5244042294631415,
            51.0816117206658
          ]
        ],
        "type": "LineString"
      },
      "properties": {
        "length_m": 2903.603,
        "orientation": "EW",
        "row": 183,
        "segment": 1
      },
      "type": "Feature"
    },
    {
      "geometry": {
        "coordinates": [
          [
            6.455269252897635,
            51.080362044072984
          ],
          [
            6.477220219134303,
            51.080838087224315
          ]
        ],
        "type": "LineString"
      },
      "properties": {
        "length_m": 1539.127,
        "orientation": "EW",
        "row": 184,
        "segment": 0
      },
      "type": "Feature"
    },
    {
      "geometry": {
        "coordinates": [
          [
            6.4827836864248685,
            51.08095808403051
          ],
          [
            6.523517647613548,
            51.081828578786094
          ]
        ],
        "type": "LineString"
      },
      "properties": {
        "length_m": 2855.996,
        "orientation": "EW",
        "row": 184,
        "segment": 1
      },
      "type": "Feature"
    },
    {
      "geometry": {
        "coordinates": [
          [
            6.455285410589192,
            51.08059804508155
          ],
          [
            6.477015941090138,
            51.081069324394456
          ]
        ],
        "type": "LineString"
      },
      "properties": {
        "length_m": 1523.663,
        "orientation": "EW",
        "row": 185,
        "segment": 0
      },
      "type": "Feature"
    },
    {
      "geometry": {
        "coordinates": [
          [
            6.482575911870412,
            51.08118925539071
          ],
          [
            6.522694003690753,
            51.082046764696145
          ]
        ],
        "type": "LineString"
      },
      "properties": {
        "length_m": 2812.803,
        "orientation": "EW",
        "row": 185,
        "segment": 1
      },
      "type": "Feature"
    },
    {
      "geometry": {
        "coordinates": [
          [
            6.455301568402333,
            51.08083404608159
          ],
          [
            6.476811660979444,
            51.081300561170366
          ]
        ],
        "type": "LineString"
      },
      "properties": {
        "length_m": 1508.199,
        "orientation": "EW",
        "row": 186,
        "segment": 0
      },
      "type": "Feature"
    },
    {
      "geometry": {
        "coordinates": [
          [
            6.482368135215648,
            51.08142042634393
          ],
          [
            6.522415605038594,
            51.08227650805025
          ]
        ],
        "type": "LineString"
      },
      "properties": {
        "length_m": 2807.838,
        "orientation": "EW",
        "row": 186,
        "segment": 1
      },
      "type": "Feature"
    },
    {
      "geometry": {
        "coordinates": [
          [
            6.455317726337059,
            51.0810700470731
          ],
          [
            6.476607378802183,
            51.081531797552024
          ]
        ],
        "type": "LineString"
      },
      "properties": {
        "length_m": 1492.735,
        "orientation": "EW",
        "row": 187,
        "segment": 0
      },
      "type": "Feature"
    },
    {
      "geometry": {
        "coordinates": [
          [
            6.4821603564605415,
            51.08165159689016
          ],
          [
            6.522188584434457,
            51.08250734033465
          ]
        ],
        "type": "LineString"
      },
      "properties": {
        "length_m": 2806.475,
        "orientation": "EW",
        "row": 187,
        "segment": 1
      },
      "type": "Feature"
    },
    {
      "geometry": {
        "coordinates": [
          [
            6.455333884393376,
            51.08130604805605
          ],
          [
            6.476403094558323,
            51.081763033539424
          ]
        ],
        "type": "LineString"
      },
      "properties": {
        "length_m": 1477.272,
        "orientation": "EW",
        "row": 188,
        "segment": 0
      },
      "type": "Feature"
    },
    {
      "geometry": {
        "coordinates": [
          [
            6.481954543295581,
            51.08188280943669
          ],
          [
            6.521961561544356,
            51.08273817213829
          ]
        ],
        "type": "LineString"
      },
      "properties": {
        "length_m": 2804.975,
        "orientation": "EW",
        "row": 188,
        "segment": 1
      },
      "type": "Feature"
    },
    {
      "geometry": {
        "coordinates": [
          [
            6.4553500425712835,
            51.08154204903049
          ],
          [
            6.476225393010332,
            51.08199484339023
          ]
        ],
        "type": "LineString"
      },
      "properties": {
        "length_m": 1463.672,
        "orientation": "EW",
        "row": 189,
        "segment": 0
      },
      "type": "Feature"
    },
    {
      "geometry": {
        "coordinates": [
          [
            6.481754862453406,
            51.0821141538014
          ],
          [
            6.521734536368252,
            51.08296900346116
          ]
        ],
        "type": "LineString"
      },
      "properties": {
        "length_m": 2803.044,
        "orientation": "EW",
        "row": 189,
        "segment": 1
      },
      "type": "Feature"
    },
    {
      "geometry": {
        "coordinates": [
          [
            6.452312014515789,
            51.08171149075251
          ],
          [
            6.452999603246353,
            51.0817264822058
          ]
        ],
        "type": "LineString"
      },
      "properties": {
        "length_m": 48.211,
        "orientation": "EW",
        "row": 190,
        "segment": 0
      },
      "type": "Feature"
    },
    {
      "geometry": {
        "coordinates": [
          [
            6.455349019843176,
            51.08177767579753
          ],
          [
            6.476054897418198,
            51.08222680864196
          ]
        ],
        "type": "LineString"
      },
      "properties": {
        "length_m": 1451.782,
        "orientation": "EW",
        "row": 190,
        "segment": 1
      },
      "type": "Feature"
    },
    {
      "geometry": {
        "coordinates": [
          [
            6.481555179589034,
            51.082345497788445
          ],
          [
            6.521507508906107,
            51.083199834303244
          ]
        ],
        "type": "LineString"
      },
      "properties": {
        "length_m": 2801.113,
        "orientation": "EW",
        "row": 190,
        "segment": 2
      },
      "type": "Feature"
    },
    {
      "geometry": {
        "coordinates": [
          [
            6.452331084077329,
            51.081947555732256
          ],
          [
            6.454047003552155,
            51.08198495990278
          ]
        ],
        "type": "LineString"
      },
      "properties": {
        "length_m": 120.312,
        "orientation": "EW",
        "row": 191,
        "segment": 0
      },
      "type": "Feature"
    },
    {
      "geometry": {
        "coordinates": [
          [
            6.455145005112818,
            51.08200888125223
          ],
          [
            6.475884400087061,
            51.08245877361245
          ]
        ],
        "type": "LineString"
      },
      "properties": {
        "length_m": 1454.125,
        "orientation": "EW",
        "row": 191,
        "segment": 1
      },
      "type": "Feature"
    },
    {
      "geometry": {
        "coordinates": [
          [
            6.481355494702422,
            51.08257684139783
          ],
          [
            6.521280479157877,
            51.08343066466457
          ]
        ],
        "type": "LineString"
      },
      "properties": {
        "length_m": 2799.183,
        "orientation": "EW",
        "row": 191,
        "segment": 2
      },
      "type": "Feature"
    },
    {
      "geometry": {
        "coordinates": [
          [
            6.452350153790128,
            51.082183620703006
          ],
          [
            6.47571390101689,
            51.0826907383017
          ]
        ],
        "type": "LineString"
      },
      "properties": {
        "length_m": 1638.124,
        "orientation": "EW",
        "row": 192,
        "segment": 0
      },
      "type": "Feature"
    },
    {
      "geometry": {
        "coordinates": [
          [
            6.481159555348387,
            51.08280826542117
          ],
          [
            6.521053447123529,
            51.083661494545076
          ]
        ],
        "type": "LineString"
      },
      "properties": {
        "length_m": 2796.989,
        "orientation": "EW",
        "row": 192,
        "segment": 1
      },
      "type": "Feature"
    },
    {
      "geometry": {
        "coordinates": [
          [
            6.452369223654186,
            51.08241968566476
          ],
          [
            6.475546447907747,
            51.082922768560024
          ]
        ],
        "type": "LineString"
      },
      "properties": {
        "length_m": 1625.038,
        "orientation": "EW",
        "row": 193,
        "segment": 0
      },
      "type": "Feature"
    },
    {
      "geometry": {
        "coordinates": [
          [
            6.480980152507885,
            51.08304004565078
          ],
          [
            6.5208264128030216,
            51.083892323944774
          ]
        ],
        "type": "LineString"
      },
      "properties": {
        "length_m": 2793.636,
        "orientation": "EW",
        "row": 193,
        "segment": 1
      },
      "type": "Feature"
    },
    {
      "geometry": {
        "coordinates": [
          [
            6.4523882936695065,
            51.08265575061754
          ],
          [
            6.4753835337673245,
            51.08315489666103
          ]
        ],
        "type": "LineString"
      },
      "properties": {
        "length_m": 1612.27,
        "orientation": "EW",
        "row": 194,
        "segment": 0
      },
      "type": "Feature"
    },
    {
      "geometry": {
        "coordinates": [
          [
            6.480800747841683,
            51.08327182557131
          ],
          [
            6.520589880316074,
            51.0841229513581
          ]
        ],
        "type": "LineString"
      },
      "properties": {
        "length_m": 2789.618,
        "orientation": "EW",
        "row": 194,
        "segment": 1
      },
      "type": "Feature"
    },
    {
      "geometry": {
        "coordinates": [
          [
            6.452407363836096,
            51.08289181556132
          ],
          [
            6.475221144421341,
            51.083387035879866
          ]
        ],
        "type": "LineString"
      },
      "properties": {
        "length_m": 1599.54,
        "orientation": "EW",
        "row": 195,
        "segment": 0
      },
      "type": "Feature"
    },
    {
      "geometry": {
        "coordinates": [
          [
            6.480621341349745,
            51.08350360518274
          ],
          [
            6.520309083614031,
            51.08435263890331
          ]
        ],
        "type": "LineString"
      },
      "properties": {
        "length_m": 2782.496,
        "orientation": "EW",
        "row": 195,
        "segment": 1
      },
      "type": "Feature"
    },
    {
      "geometry": {
        "coordinates": [
          [
            6.4524264341539554,
            51.08312788049611
          ],
          [
            6.475109221112717,
            51.083620265469165
          ]
        ],
        "type": "LineString"
      },
      "properties": {
        "length_m": 1590.347,
        "orientation": "EW",
        "row": 196,
        "segment": 0
      },
      "type": "Feature"
    },
    {
      "geometry": {
        "coordinates": [
          [
            6.480447446326512,
            51.083735503376204
          ],
          [
            6.520028284112601,
            51.08458232572687
          ]
        ],
        "type": "LineString"
      },
      "properties": {
        "length_m": 2774.988,
        "orientation": "EW",
        "row": 196,
        "segment": 1
      },
      "type": "Feature"
    },
    {
      "geometry": {
        "coordinates": [
          [
            6.452445504623089,
            51.08336394542191
          ],
          [
            6.475003170431492,
            51.08385362186593
          ]
        ],
        "type": "LineString"
      },
      "properties": {
        "length_m": 1581.567,
        "orientation": "EW",
        "row": 197,
        "segment": 0
      },
      "type": "Feature"
    },
    {
      "geometry": {
        "coordinates": [
          [
            6.480278715785458,
            51.083967512692666
          ],
          [
            6.519747481811741,
            51.08481201182873
          ]
        ],
        "type": "LineString"
      },
      "properties": {
        "length_m": 2767.117,
        "orientation": "EW",
        "row": 197,
        "segment": 1
      },
      "type": "Feature"
    },
    {
      "geometry": {
        "coordinates": [
          [
            6.4524645752435,
            51.08360001033871
          ],
          [
            6.474897118643976,
            51.08408697814289
          ]
        ],
        "type": "LineString"
      },
      "properties": {
        "length_m": 1572.786,
        "orientation": "EW",
        "row": 198,
        "segment": 0
      },
      "type": "Feature"
    },
    {
      "geometry": {
        "coordinates": [
          [
            6.480109983522502,
            51.084199521733304
          ],
          [
            6.519466676711407,
            51.08504169720891
          ]
        ],
        "type": "LineString"
      },
      "properties": {
        "length_m": 2759.246,
        "orientation": "EW",
        "row": 198,
        "segment": 1
      },
      "type": "Feature"
    },
    {
      "geometry": {
        "coordinates": [
          [
            6.452483646015193,
            51.08383607524652
          ],
          [
            6.474791065750149,
            51.08432033430008
          ]
        ],
        "type": "LineString"
      },
      "properties": {
        "length_m": 1564.006,
        "orientation": "EW",
        "row": 199,
        "segment": 0
      },
      "type": "Feature"
    },
    {
      "geometry": {
        "coordinates": [
          [
            6.4799633997454285,
            51.084432008246
          ],
          [
            6.5191858688115545,
            51.085271381867365
          ]
        ],
        "type": "LineString"
      },
      "properties": {
        "length_m": 2749.823,
        "orientation": "EW",
        "row": 199,
        "segment": 1
      },
      "type": "Feature"
    },
    {
      "geometry": {
        "coordinates": [
          [
            6.452502716938171,
            51.08407214014534
          ],
          [
            6.4747062657491075,
            51.084554149712496
          ]
        ],
        "type": "LineString"
      },
      "properties": {
        "length_m": 1556.715,
        "orientation": "EW",
        "row": 200,
        "segment": 0
      },
      "type": "Feature"
    },
    {
      "geometry": {
        "coordinates": [
          [
            6.479818588246406,
            51.08466453280559
          ],
          [
            6.518905058112142,
            51.08550106580409
          ]
        ],
        "type": "LineString"
      },
      "properties": {
        "length_m": 2740.275,
        "orientation": "EW",
        "row": 200,
        "segment": 1
      },
      "type": "Feature"
    },
    {
      "geometry": {
        "coordinates": [
          [
            6.452521788012437,
            51.084308205035164
          ],
          [
            6.474629457936587,
            51.08478813780648
          ]
        ],
        "type": "LineString"
      },
      "properties": {
        "length_m": 1549.985,
        "orientation": "EW",
        "row": 201,
        "segment": 0
      },
      "type": "Feature"
    },
    {
      "geometry": {
        "coordinates": [
          [
            6.479706105670031,
            51.084897754547214
          ],
          [
            6.518624244613122,
            51.08573074901909
          ]
        ],
        "type": "LineString"
      },
      "properties": {
        "length_m": 2728.46,
        "orientation": "EW",
        "row": 201,
        "segment": 1
      },
      "type": "Feature"
    },
    {
      "geometry": {
        "coordinates": [
          [
            6.452540859237994,
            51.084544269916016
          ],
          [
            6.47455264930828,
            51.08502212583052
          ]
        ],
        "type": "LineString"
      },
      "properties": {
        "length_m": 1543.255,
        "orientation": "EW",
        "row": 202,
        "segment": 0
      },
      "type": "Feature"
    },
    {
      "geometry": {
        "coordinates": [
          [
            6.479607272332879,
            51.085131270615285
          ],
          [
            6.518467318827854,
            51.08596306279512
          ]
        ],
        "type": "LineString"
      },
      "properties": {
        "length_m": 2724.374,
        "orientation": "EW",
        "row": 202,
        "segment": 1
      },
      "type": "Feature"
    },
    {
      "geometry": {
        "coordinates": [
          [
            6.452559930614847,
            51.084780334787865
          ],
          [
            6.474475839864175,
            51.0852561137846
          ]
        ],
        "type": "LineString"
      },
      "properties": {
        "length_m": 1536.525,
        "orientation": "EW",
        "row": 203,
        "segment": 0
      },
      "type": "Feature"
    },
    {
      "geometry": {
        "coordinates": [
          [
            6.479544486728606,
            51.08536556422298
          ],
          [
            6.518543960319517,
            51.08620033699466
          ]
        ],
        "type": "LineString"
      },
      "properties": {
        "length_m": 2734.135,
        "orientation": "EW",
        "row": 203,
        "segment": 1
      },
      "type": "Feature"
    },
    {
      "geometry": {
        "coordinates": [
          [
            6.452579002142999,
            51.08501639965072
          ],
          [
            6.4744303243062005,
            51.085490778129845
          ]
        ],
        "type": "LineString"
      },
      "properties": {
        "length_m": 1531.989,
        "orientation": "EW",
        "row": 204,
        "segment": 0
      },
      "type": "Feature"
    },
    {
      "geometry": {
        "coordinates": [
          [
            6.479481700448676,
            51.085599857779485
          ],
          [
            6.519081227956935,
            51.086447392470966
          ]
        ],
        "type": "LineString"
      },
      "properties": {
        "length_m": 2776.188,
        "orientation": "EW",
        "row": 204,
        "segment": 1
      },
      "type": "Feature"
    },
    {
      "geometry": {
        "coordinates": [
          [
            6.45258532163852,
            51.085252186470036
          ],
          [
            6.474403276355436,
            51.08572584164845
          ]
        ],
        "type": "LineString"
      },
      "properties": {
        "length_m": 1529.642,
        "orientation": "EW",
        "row": 205,
        "segment": 0
      },
      "type": "Feature"
    },
    {
      "geometry": {
        "coordinates": [
          [
            6.4794189134930775,
            51.085834151284764
          ],
          [
            6.519952343359654,
            51.08670153195365
          ]
        ],
        "type": "LineString"
      },
      "properties": {
        "length_m": 2841.645,
        "orientation": "EW",
        "row": 205,
        "segment": 1
      },
      "type": "Feature"
    },
    {
      "geometry": {
        "coordinates": [
          [
            6.452524422022177,
            51.08548650769268
          ],
          [
            6.47437622808813,
            51.085960905148326
          ]
        ],
        "type": "LineString"
      },
      "properties": {
        "length_m": 1532.008,
        "orientation": "EW",
        "row": 206,
        "segment": 0
      },
      "type": "Feature"
    },
    {
      "geometry": {
        "coordinates": [
          [
            6.47933367130138,
            51.08606796031565
          ],
          [
            6.520823468494682,
            51.08695566506316
          ]
        ],
        "type": "LineString"
      },
      "properties": {
        "length_m": 2908.676,
        "orientation": "EW",
        "row": 206,
        "segment": 1
      },
      "type": "Feature"
    },
    {
      "geometry": {
        "coordinates": [
          [
            6.452462699568186,
            51.085720810939556
          ],
          [
            6.474349179504273,
            51.0861959686295
          ]
        ],
        "type": "LineString"
      },
      "properties": {
        "length_m": 1534.431,
        "orientation": "EW",
        "row": 207,
        "segment": 0
      },
      "type": "Feature"
    },
    {
      "geometry": {
        "coordinates": [
          [
            6.478918688499559,
            51.086294654902225
          ],
          [
            6.5216946033619125,
            51.087209791799324
          ]
        ],
        "type": "LineString"
      },
      "properties": {
        "length_m": 2998.824,
        "orientation": "EW",
        "row": 207,
        "segment": 1
      },
      "type": "Feature"
    },
    {
      "geometry": {
        "coordinates": [
          [
            6.452400976448763,
            51.08595511413645
          ],
          [
            6.474333279087459,
            51.0864312730823
          ]
        ],
        "type": "LineString"
      },
      "properties": {
        "length_m": 1537.636,
        "orientation": "EW",
        "row": 208,
        "segment": 0
      },
      "type": "Feature"
    },
    {
      "geometry": {
        "coordinates": [
          [
            6.477497833857281,
            51.086499636360124
          ],
          [
            6.52256574796124,
            51.087463912161944
          ]
        ],
        "type": "LineString"
      },
      "properties": {
        "length_m": 3159.491,
        "orientation": "EW",
        "row": 208,
        "segment": 1
      },
      "type": "Feature"
    },
    {
      "geometry": {
        "coordinates": [
          [
            6.4523392526638945,
            51.08618941728333
          ],
          [
            6.474328299651649,
            51.08666681359905
          ]
        ],
        "type": "LineString"
      },
      "properties": {
        "length_m": 1541.606,
        "orientation": "EW",
        "row": 209,
        "segment": 0
      },
      "type": "Feature"
    },
    {
      "geometry": {
        "coordinates": [
          [
            6.477081298598953,
            51.08672629098157
          ],
          [
            6.52343690229255,
            51.08771802615087
          ]
        ],
        "type": "LineString"
      },
      "properties": {
        "length_m": 3249.747,
        "orientation": "EW",
        "row": 209,
        "segment": 1
      },
      "type": "Feature"
    },
    {
      "geometry": {
        "coordinates": [
          [
            6.452277528213568,
            51.08642372038021
          ],
          [
            6.4743233201226795,
            51.086902354106265
          ]
        ],
        "type": "LineString"
      },
      "properties": {
        "length_m": 1545.577,
        "orientation": "EW",
        "row": 210,
        "segment": 0
      },
      "type": "Feature"
    },
    {
      "geometry": {
        "coordinates": [
          [
            6.477275956814772,
            51.08696614206247
          ],
          [
            6.523860513503378,
            51.0879626502164
          ]
        ],
        "type": "LineString"
      },
      "properties": {
        "length_m": 3265.78,
        "orientation": "EW",
        "row": 210,
        "segment": 1
      },
      "type": "Feature"
    },
    {
      "geometry": {
        "coordinates": [
          [
            6.4522158030977685,
            51.086658023427084
          ],
          [
            6.474318340500549,
            51.08713789460393
          ]
        ],
        "type": "LineString"
      },
      "properties": {
        "length_m": 1549.547,
        "orientation": "EW",
        "row": 211,
        "segment": 0
      },
      "type": "Feature"
    },
    {
      "geometry": {
        "coordinates": [
          [
            6.477470617013078,
            51.08720599283846
          ],
          [
            6.524226725279171,
            51.0882060565081
          ]
        ],
        "type": "LineString"
      },
      "properties": {
        "length_m": 3277.789,
        "orientation": "EW",
        "row": 211,
        "segment": 1
      },
      "type": "Feature"
    },
    {
      "geometry": {
        "coordinates": [
          [
            6.452154077316488,
            51.08689232642398
          ],
          [
            6.4743192144722475,
            51.087373561627494
          ]
        ],
        "type": "LineString"
      },
      "properties": {
        "length_m": 1553.928,
        "orientation": "EW",
        "row": 212,
        "segment": 0
      },
      "type": "Feature"
    },
    {
      "geometry": {
        "coordinates": [
          [
            6.477682050944745,
            51.08744620537111
          ],
          [
            6.524592940897576,
            51.08844946169583
          ]
        ],
        "type": "LineString"
      },
      "properties": {
        "length_m": 3288.622,
        "orientation": "EW",
        "row": 212,
        "segment": 1
      },
      "type": "Feature"
    },
    {
      "geometry": {
        "coordinates": [
          [
            6.452092350869711,
            51.087126629370836
          ],
          [
            6.474364709303477,
            51.08761019317237
          ]
        ],
        "type": "LineString"
      },
      "properties": {
        "length_m": 1561.437,
        "orientation": "EW",
        "row": 213,
        "segment": 0
      },
      "type": "Feature"
    },
    {
      "geometry": {
        "coordinates": [
          [
            6.477910191351835,
            51.08768677811539
          ],
          [
            6.524959160358646,
            51.08869286577952
          ]
        ],
        "type": "LineString"
      },
      "properties": {
        "length_m": 3298.284,
        "orientation": "EW",
        "row": 213,
        "segment": 1
      },
      "type": "Feature"
    },
    {
      "geometry": {
        "coordinates": [
          [
            6.452030623757423,
            51.08736093226773
          ],
          [
            6.474410222178065,
            51.08784682507829
          ]
        ],
        "type": "LineString"
      },
      "properties": {
        "length_m": 1568.948,
        "orientation": "EW",
        "row": 214,
        "segment": 0
      },
      "type": "Feature"
    },
    {
      "geometry": {
        "coordinates": [
          [
            6.478138334099218,
            51.08792735043852
          ],
          [
            6.525258227917571,
            51.088934846448645
          ]
        ],
        "type": "LineString"
      },
      "properties": {
        "length_m": 3303.238,
        "orientation": "EW",
        "row": 214,
        "segment": 1
      },
      "type": "Feature"
    },
    {
      "geometry": {
        "coordinates": [
          [
            6.451968895979613,
            51.08759523511459
          ],
          [
            6.474455735475172,
            51.08808345696431
          ]
        ],
        "type": "LineString"
      },
      "properties": {
        "length_m": 1576.458,
        "orientation": "EW",
        "row": 215,
        "segment": 0
      },
      "type": "Feature"
    },
    {
      "geometry": {
        "coordinates": [
          [
            6.47841142926013,
            51.08816889242298
          ],
          [
            6.525528596393363,
            51.08917621855732
          ]
        ],
        "type": "LineString"
      },
      "properties": {
        "length_m": 3303.029,
        "orientation": "EW",
        "row": 215,
        "segment": 1
      },
      "type": "Feature"
    },
    {
      "geometry": {
        "coordinates": [
          [
            6.45190716753627,
            51.08782953791145
          ],
          [
            6.474508779722168,
            51.08832025159975
          ]
        ],
        "type": "LineString"
      },
      "properties": {
        "length_m": 1584.496,
        "orientation": "EW",
        "row": 216,
        "segment": 0
      },
      "type": "Feature"
    },
    {
      "geometry": {
        "coordinates": [
          [
            6.478801792608227,
            51.088412964182254
          ],
          [
            6.525862453607742,
            51.089418934358726
          ]
        ],
        "type": "LineString"
      },
      "properties": {
        "length_m": 3299.049,
        "orientation": "EW",
        "row": 216,
        "segment": 1
      },
      "type": "Feature"
    },
    {
      "geometry": {
        "coordinates": [
          [
            6.451845438427377,
            51.088063840658315
          ],
          [
            6.474637100352806,
            51.088558673203686
          ]
        ],
        "type": "LineString"
      },
      "properties": {
        "length_m": 1597.811,
        "orientation": "EW",
        "row": 217,
        "segment": 0
      },
      "type": "Feature"
    },
    {
      "geometry": {
        "coordinates": [
          [
            6.4791921600692195,
            51.08865703468578
          ],
          [
            6.504813910797834,
            51.089206993822124
          ]
        ],
        "type": "LineString"
      },
      "properties": {
        "length_m": 1796.151,
        "orientation": "EW",
        "row": 217,
        "segment": 1
      },
      "type": "Feature"
    },
    {
      "geometry": {
        "coordinates": [
          [
            6.505580955199129,
            51.089223371315384
          ],
          [
            6.528135449225069,
            51.08970268735702
          ]
        ],
        "type": "LineString"
      },
      "properties": {
        "length_m": 1581.08,
        "orientation": "EW",
        "row": 217,
        "segment": 2
      },
      "type": "Feature"
    },
    {
      "geometry": {
        "coordinates": [
          [
            6.451783708652925,
            51.08829814335516
          ],
          [
            6.4747680396743235,
            51.088797151244606
          ]
        ],
        "type": "LineString"
      },
      "properties": {
        "length_m": 1611.31,
        "orientation": "EW",
        "row": 218,
        "segment": 0
      },
      "type": "Feature"
    },
    {
      "geometry": {
        "coordinates": [
          [
            6.479585201638557,
            51.088901161527914
          ],
          [
            6.499345267826282,
            51.08932573143245
          ]
        ],
        "type": "LineString"
      },
      "properties": {
        "length_m": 1385.229,
        "orientation": "EW",
        "row": 218,
        "segment": 1
      },
      "type": "Feature"
    },
    {
      "geometry": {
        "coordinates": [
          [
            6.502923217955008,
            51.089402250268556
          ],
          [
            6.503277923748062,
            51.089409830106206
          ]
        ],
        "type": "LineString"
      },
      "properties": {
        "length_m": 24.865,
        "orientation": "EW",
        "row": 218,
        "segment": 2
      },
      "type": "Feature"
    },
    {
      "geometry": {
        "coordinates": [
          [
            6.510801837281403,
            51.089570357276486
          ],
          [
            6.529309645610041,
            51.08996316729344
          ]
        ],
        "type": "LineString"
      },
      "properties": {
        "length_m": 1297.394,
        "orientation": "EW",
        "row": 218,
        "segment": 3
      },
      "type": "Feature"
    },
    {
      "geometry": {
        "coordinates": [
          [
            6.451721978212898,
            51.088532446002
          ],
          [
            6.4748989803052215,
            51.08903562914892
          ]
        ],
        "type": "LineString"
      },
      "properties": {
        "length_m": 1624.809,
        "orientation": "EW",
        "row": 219,
        "segment": 0
      },
      "type": "Feature"
    },
    {
      "geometry": {
        "coordinates": [
          [
            6.479978951223948,
            51.08914530227757
          ],
          [
            6.497928311146951,
            51.08953104490704
          ]
        ],
        "type": "LineString"
      },
      "properties": {
        "length_m": 1258.289,
        "orientation": "EW",
        "row": 219,
        "segment": 1
      },
      "type": "Feature"
    },
    {
      "geometry": {
        "coordinates": [
          [
            6.513627142893718,
            51.089866158079666
          ],
          [
            6.529490173021946,
            51.09020263030108
          ]
        ],
        "type": "LineString"
      },
      "properties": {
        "length_m": 1111.988,
        "orientation": "EW",
        "row": 219,
        "segment": 2
      },
      "type": "Feature"
    },
    {
      "geometry": {
        "coordinates": [
          [
            6.531256727249186,
            51.090239967361754
          ],
          [
            6.532216392784662,
            51.09026023918831
          ]
        ],
        "type": "LineString"
      },
      "properties": {
        "length_m": 67.271,
        "orientation": "EW",
        "row": 219,
        "segment": 3
      },
      "type": "Feature"
    },
    {
      "geometry": {
        "coordinates": [
          [
            6.451660247107286,
            51.08876674859884
          ],
          [
            6.475029922245527,
            51.08927410691663
          ]
        ],
        "type": "LineString"
      },
      "properties": {
        "length_m": 1638.308,
        "orientation": "EW",
        "row": 220,
        "segment": 0
      },
      "type": "Feature"
    },
    {
      "geometry": {
        "coordinates": [
          [
            6.4802968545926705,
            51.08938780607724
          ],
          [
            6.497800419257447,
            51.08976395336182
          ]
        ],
        "type": "LineString"
      },
      "properties": {
        "length_m": 1227.031,
        "orientation": "EW",
        "row": 220,
        "segment": 1
      },
      "type": "Feature"
    },
    {
      "geometry": {
        "coordinates": [
          [
            6.514037887903087,
            51.090110544169605
          ],
          [
            6.530432716248104,
            51.090458200688914
          ]
        ],
        "type": "LineString"
      },
      "properties": {
        "length_m": 1149.26,
        "orientation": "EW",
        "row": 220,
        "segment": 2
      },
      "type": "Feature"
    },
    {
      "geometry": {
        "coordinates": [
          [
            6.530840865648628,
            51.0904668262061
          ],
          [
            6.532698510333031,
            51.090506066207226
          ]
        ],
        "type": "LineString"
      },
      "properties": {
        "length_m": 130.217,
        "orientation": "EW",
        "row": 220,
        "segment": 3
      },
      "type": "Feature"
    },
    {
      "geometry": {
        "coordinates": [
          [
            6.451598515336074,
            51.08900105114568
          ],
          [
            6.475152682961039,
            51.08951240773292
          ]
        ],
        "type": "LineString"
      },
      "properties": {
        "length_m": 1651.233,
        "orientation": "EW",
        "row": 221,
        "segment": 0
      },
      "type": "Feature"
    },
    {
      "geometry": {
        "coordinates": [
          [
            6.4805277353084785,
            51.089628432561604
          ],
          [
            6.496381668901753,
            51.08996920979139
          ]
        ],
        "type": "LineString"
      },
      "properties": {
        "length_m": 1111.384,
        "orientation": "EW",
        "row": 221,
        "segment": 1
      },
      "type": "Feature"
    },
    {
      "geometry": {
        "coordinates": [
          [
            6.514446070538904,
            51.09035487426723
          ],
          [
            6.533180633020732,
            51.09075189129766
          ]
        ],
        "type": "LineString"
      },
      "properties": {
        "length_m": 1313.264,
        "orientation": "EW",
        "row": 221,
        "segment": 2
      },
      "type": "Feature"
    },
    {
      "geometry": {
        "coordinates": [
          [
            6.451536782899251,
            51.0892353536425
          ],
          [
            6.475255857644454,
            51.08975028519093
          ]
        ],
        "type": "LineString"
      },
      "properties": {
        "length_m": 1662.785,
        "orientation": "EW",
        "row": 222,
        "segment": 0
      },
      "type": "Feature"
    },
    {
      "geometry": {
        "coordinates": [
          [
            6.480740310866919,
            51.08986866388904
          ],
          [
            6.494950389566441,
            51.09017418045791
          ]
        ],
        "type": "LineString"
      },
      "properties": {
        "length_m": 996.143,
        "orientation": "EW",
        "row": 222,
        "segment": 1
      },
      "type": "Feature"
    },
    {
      "geometry": {
        "coordinates": [
          [
            6.514622011655484,
            51.09059426324873
          ],
          [
            6.533662760847818,
            51.09099771445953
          ]
        ],
        "type": "LineString"
      },
      "properties": {
        "length_m": 1334.72,
        "orientation": "EW",
        "row": 222,
        "segment": 2
      },
      "type": "Feature"
    },
    {
      "geometry": {
        "coordinates": [
          [
            6.451475049796803,
            51.08946965608931
          ],
          [
            6.475274833849945,
            51.0899863432352
          ]
        ],
        "type": "LineString"
      },
      "properties": {
        "length_m": 1668.435,
        "orientation": "EW",
        "row": 223,
        "segment": 0
      },
      "type": "Feature"
    },
    {
      "geometry": {
        "coordinates": [
          [
            6.480821896470893,
            51.09010607071342
          ],
          [
            6.493719020676644,
            51.09038342183542
          ]
        ],
        "type": "LineString"
      },
      "properties": {
        "length_m": 904.1,
        "orientation": "EW",
        "row": 223,
        "segment": 1
      },
      "type": "Feature"
    },
    {
      "geometry": {
        "coordinates": [
          [
            6.514617744931382,
            51.09082981898256
          ],
          [
            6.534144893814346,
            51.09124353569281
          ]
        ],
        "type": "LineString"
      },
      "properties": {
        "length_m": 1368.808,
        "orientation": "EW",
        "row": 223,
        "segment": 2
      },
      "type": "Feature"
    },
    {
      "geometry": {
        "coordinates": [
          [
            6.451413316028716,
            51.089703958486105
          ],
          [
            6.4752203209359225,
            51.090220813326575
          ]
        ],
        "type": "LineString"
      },
      "properties": {
        "length_m": 1668.933,
        "orientation": "EW",
        "row": 224,
        "segment": 0
      },
      "type": "Feature"
    },
    {
      "geometry": {
        "coordinates": [
          [
            6.480896711994878,
            51.09034333150746
          ],
          [
            6.493465348880806,
            51.09061362769729
          ]
        ],
        "type": "LineString"
      },
      "properties": {
        "length_m": 881.068,
        "orientation": "EW",
        "row": 224,
        "segment": 1
      },
      "type": "Feature"
    },
    {
      "geometry": {
        "coordinates": [
          [
            6.514606463105412,
            51.0910652254943
          ],
          [
            6.53462703192037,
            51.09148935499744
          ]
        ],
        "type": "LineString"
      },
      "properties": {
        "length_m": 1403.388,
        "orientation": "EW",
        "row": 224,
        "segment": 2
      },
      "type": "Feature"
    },
    {
      "geometry": {
        "coordinates": [
          [
            6.45135158159498,
            51.0899382608329
          ],
          [
            6.475116293774523,
            51.090454213446094
          ]
        ],
        "type": "LineString"
      },
      "properties": {
        "length_m": 1665.959,
        "orientation": "EW",
        "row": 225,
        "segment": 0
      },
      "type": "Feature"
    },
    {
      "geometry": {
        "coordinates": [
          [
            6.4809298428076625,
            51.09057969356002
          ],
          [
            6.493358011863217,
            51.09084697237494
          ]
        ],
        "type": "LineString"
      },
      "properties": {
        "length_m": 871.217,
        "orientation": "EW",
        "row": 225,
        "segment": 1
      },
      "type": "Feature"
    },
    {
      "geometry": {
        "coordinates": [
          [
            6.514595181123024,
            51.09130063199471
          ],
          [
            6.535109175165945,
            51.091735172373376
          ]
        ],
        "type": "LineString"
      },
      "properties": {
        "length_m": 1437.968,
        "orientation": "EW",
        "row": 225,
        "segment": 2
      },
      "type": "Feature"
    },
    {
      "geometry": {
        "coordinates": [
          [
            6.451289846495581,
            51.09017256312967
          ],
          [
            6.474911653954251,
            51.090685439204954
          ]
        ],
        "type": "LineString"
      },
      "properties": {
        "length_m": 1655.933,
        "orientation": "EW",
        "row": 226,
        "segment": 0
      },
      "type": "Feature"
    },
    {
      "geometry": {
        "coordinates": [
          [
            6.480951494211663,
            51.09081580810959
          ],
          [
            6.493250673726543,
            51.09108031693038
          ]
        ],
        "type": "LineString"
      },
      "properties": {
        "length_m": 862.17,
        "orientation": "EW",
        "row": 226,
        "segment": 1
      },
      "type": "Feature"
    },
    {
      "geometry": {
        "coordinates": [
          [
            6.514583898984214,
            51.091536038483795
          ],
          [
            6.535591323551125,
            51.09198098782055
          ]
        ],
        "type": "LineString"
      },
      "properties": {
        "length_m": 1472.548,
        "orientation": "EW",
        "row": 226,
        "segment": 2
      },
      "type": "Feature"
    },
    {
      "geometry": {
        "coordinates": [
          [
            6.451207557671167,
            51.09040641703586
          ],
          [
            6.474621600060682,
            51.090914818575925
          ]
        ],
        "type": "LineString"
      },
      "properties": {
        "length_m": 1641.361,
        "orientation": "EW",
        "row": 227,
        "segment": 0
      },
      "type": "Feature"
    },
    {
      "geometry": {
        "coordinates": [
          [
            6.480923253190696,
            51.09105084701864
          ],
          [
            6.493143334470762,
            51.09131366136361
          ]
        ],
        "type": "LineString"
      },
      "properties": {
        "length_m": 856.621,
        "orientation": "EW",
        "row": 227,
        "segment": 1
      },
      "type": "Feature"
    },
    {
      "geometry": {
        "coordinates": [
          [
            6.514572616688976,
            51.09177144496157
          ],
          [
            6.536073477075964,
            51.09222680133892
          ]
        ],
        "type": "LineString"
      },
      "properties": {
        "length_m": 1507.128,
        "orientation": "EW",
        "row": 227,
        "segment": 2
      },
      "type": "Feature"
    },
    {
      "geometry": {
        "coordinates": [
          [
            6.444718384388776,
            51.09050033151566
          ],
          [
            6.449670520360729,
            51.09060852710403
          ]
        ],
        "type": "LineString"
      },
      "properties": {
        "length_m": 347.157,
        "orientation": "EW",
        "row": 228,
        "segment": 0
      },
      "type": "Feature"
    },
    {
      "geometry": {
        "coordinates": [
          [
            6.450816134805461,
            51.09063352684822
          ],
          [
            6.474316815732589,
            51.09114387883224
          ]
        ],
        "type": "LineString"
      },
      "properties": {
        "length_m": 1647.426,
        "orientation": "EW",
        "row": 228,
        "segment": 1
      },
      "type": "Feature"
    },
    {
      "geometry": {
        "coordinates": [
          [
            6.4807900918919135,
            51.09128362385587
          ],
          [
            6.493035994095854,
            51.091547005674634
          ]
        ],
        "type": "LineString"
      },
      "properties": {
        "length_m": 858.427,
        "orientation": "EW",
        "row": 228,
        "segment": 2
      },
      "type": "Feature"
    },
    {
      "geometry": {
        "coordinates": [
          [
            6.514560914903121,
            51.09200684250849
          ],
          [
            6.53645801106237,
            51.09247055474522
          ]
        ],
        "type": "LineString"
      },
      "properties": {
        "length_m": 1534.895,
        "orientation": "EW",
        "row": 228,
        "segment": 3
      },
      "type": "Feature"
    },
    {
      "geometry": {
        "coordinates": [
          [
            6.444592282827983,
            51.09073322283566
          ],
          [
            6.472802928511606,
            51.09134679327778
          ]
        ],
        "type": "LineString"
      },
      "properties": {
        "length_m": 1977.6,
        "orientation": "EW",
        "row": 229,
        "segment": 0
      },
      "type": "Feature"
    },
    {
      "geometry": {
        "coordinates": [
          [
            6.481054319904786,
            51.091524968115024
          ],
          [
            6.492928652601799,
            51.09178034986343
          ]
        ],
        "type": "LineString"
      },
      "properties": {
        "length_m": 832.376,
        "orientation": "EW",
        "row": 229,
        "segment": 1
      },
      "type": "Feature"
    },
    {
      "geometry": {
        "coordinates": [
          [
            6.514543893910239,
            51.09224212690346
          ],
          [
            6.5368400687099495,
            51.09271425464648
          ]
        ],
        "type": "LineString"
      },
      "properties": {
        "length_m": 1562.86,
        "orientation": "EW",
        "row": 229,
        "segment": 2
      },
      "type": "Feature"
    },
    {
      "geometry": {
        "coordinates": [
          [
            6.444466179962314,
            51.090966113993076
          ],
          [
            6.458346457902544,
            51.09126887169605
          ]
        ],
        "type": "LineString"
      },
      "properties": {
        "length_m": 973.028,
        "orientation": "EW",
        "row": 230,
        "segment": 0
      },
      "type": "Feature"
    },
    {
      "geometry": {
        "coordinates": [
          [
            6.481561790806986,
            51.09177155474858
          ],
          [
            6.492821309988572,
            51.09201369393001
          ]
        ],
        "type": "LineString"
      },
      "properties": {
        "length_m": 789.274,
        "orientation": "EW",
        "row": 230,
        "segment": 1
      },
      "type": "Feature"
    },
    {
      "geometry": {
        "coordinates": [
          [
            6.514526872702794,
            51.09247741128493
          ],
          [
            6.537222130375487,
            51.09295795334436
          ]
        ],
        "type": "LineString"
      },
      "properties": {
        "length_m": 1590.826,
        "orientation": "EW",
        "row": 230,
        "segment": 2
      },
      "type": "Feature"
    },
    {
      "geometry": {
        "coordinates": [
          [
            6.444340075791747,
            51.0911990049879
          ],
          [
            6.455695865698508,
            51.091446833081434
          ]
        ],
        "type": "LineString"
      },
      "properties": {
        "length_m": 796.055,
        "orientation": "EW",
        "row": 231,
        "segment": 0
      },
      "type": "Feature"
    },
    {
      "geometry": {
        "coordinates": [
          [
            6.482069267142391,
            51.092018139244324
          ],
          [
            6.492713966256154,
            51.09224703787437
          ]
        ],
        "type": "LineString"
      },
      "properties": {
        "length_m": 746.172,
        "orientation": "EW",
        "row": 231,
        "segment": 1
      },
      "type": "Feature"
    },
    {
      "geometry": {
        "coordinates": [
          [
            6.5145098512807795,
            51.09271269565289
          ],
          [
            6.537265600875908,
            51.093194515100265
          ]
        ],
        "type": "LineString"
      },
      "properties": {
        "length_m": 1595.058,
        "orientation": "EW",
        "row": 231,
        "segment": 2
      },
      "type": "Feature"
    },
    {
      "geometry": {
        "coordinates": [
          [
            6.4442139703162535,
            51.091431895820115
          ],
          [
            6.453534414767497,
            51.091635395684165
          ]
        ],
        "type": "LineString"
      },
      "properties": {
        "length_m": 653.372,
        "orientation": "EW",
        "row": 232,
        "segment": 0
      },
      "type": "Feature"
    },
    {
      "geometry": {
        "coordinates": [
          [
            6.483002639070092,
            51.092273896530365
          ],
          [
            6.492606621404523,
            51.092480381696504
          ]
        ],
        "type": "LineString"
      },
      "properties": {
        "length_m": 673.216,
        "orientation": "EW",
        "row": 232,
        "segment": 1
      },
      "type": "Feature"
    },
    {
      "geometry": {
        "coordinates": [
          [
            6.514492829644195,
            51.09294798000734
          ],
          [
            6.53702304134713,
            51.09342504822859
          ]
        ],
        "type": "LineString"
      },
      "properties": {
        "length_m": 1579.241,
        "orientation": "EW",
        "row": 232,
        "segment": 2
      },
      "type": "Feature"
    },
    {
      "geometry": {
        "coordinates": [
          [
            6.444087863535809,
            51.091664786489744
          ],
          [
            6.451960340181558,
            51.091836728913556
          ]
        ],
        "type": "LineString"
      },
      "properties": {
        "length_m": 551.866,
        "orientation": "EW",
        "row": 233,
        "segment": 0
      },
      "type": "Feature"
    },
    {
      "geometry": {
        "coordinates": [
          [
            6.485442229636908,
            51.09256207006772
          ],
          [
            6.492499275433658,
            51.09271372539643
          ]
        ],
        "type": "LineString"
      },
      "properties": {
        "length_m": 494.679,
        "orientation": "EW",
        "row": 233,
        "segment": 1
      },
      "type": "Feature"
    },
    {
      "geometry": {
        "coordinates": [
          [
            6.514475807793036,
            51.09318326434829
          ],
          [
            6.536780479382227,
            51.0936555808119
          ]
        ],
        "type": "LineString"
      },
      "properties": {
        "length_m": 1563.424,
        "orientation": "EW",
        "row": 233,
        "segment": 2
      },
      "type": "Feature"
    },
    {
      "geometry": {
        "coordinates": [
          [
            6.443961755450393,
            51.091897676996744
          ],
          [
            6.4505443257511486,
            51.092041489887386
          ]
        ],
        "type": "LineString"
      },
      "properties": {
        "length_m": 461.441,
        "orientation": "EW",
        "row": 234,
        "segment": 0
      },
      "type": "Feature"
    },
    {
      "geometry": {
        "coordinates": [
          [
            6.486863639644328,
            51.09282829786129
          ],
          [
            6.492391928343537,
            51.09294706897411
          ]
        ],
        "type": "LineString"
      },
      "properties": {
        "length_m": 387.515,
        "orientation": "EW",
        "row": 234,
        "segment": 1
      },
      "type": "Feature"
    },
    {
      "geometry": {
        "coordinates": [
          [
            6.514458785727297,
            51.093418548675736
          ],
          [
            6.536537821304974,
            51.09388611087524
          ]
        ],
        "type": "LineString"
      },
      "properties": {
        "length_m": 1547.601,
        "orientation": "EW",
        "row": 234,
        "segment": 2
      },
      "type": "Feature"
    },
    {
      "geometry": {
        "coordinates": [
          [
            6.443835646059976,
            51.09213056734116
          ],
          [
            6.449185560312738,
            51.092247483586696
          ]
        ],
        "type": "LineString"
      },
      "properties": {
        "length_m": 375.03,
        "orientation": "EW",
        "row": 235,
        "segment": 0
      },
      "type": "Feature"
    },
    {
      "geometry": {
        "coordinates": [
          [
            6.488718106476699,
            51.09310381627984
          ],
          [
            6.492284580134138,
            51.09318041242957
          ]
        ],
        "type": "LineString"
      },
      "properties": {
        "length_m": 249.997,
        "orientation": "EW",
        "row": 235,
        "segment": 1
      },
      "type": "Feature"
    },
    {
      "geometry": {
        "coordinates": [
          [
            6.514441763446974,
            51.09365383298968
          ],
          [
            6.536244655714617,
            51.0941155755251
          ]
        ],
        "type": "LineString"
      },
      "properties": {
        "length_m": 1528.237,
        "orientation": "EW",
        "row": 235,
        "segment": 2
      },
      "type": "Feature"
    },
    {
      "geometry": {
        "coordinates": [
          [
            6.443709535364537,
            51.092363457522936
          ],
          [
            6.446969122878089,
            51.09243472467674
          ]
        ],
        "type": "LineString"
      },
      "properties": {
        "length_m": 228.497,
        "orientation": "EW",
        "row": 236,
        "segment": 0
      },
      "type": "Feature"
    },
    {
      "geometry": {
        "coordinates": [
          [
            6.490419691430708,
            51.093376021663005
          ],
          [
            6.492177230805441,
            51.09341375576279
          ]
        ],
        "type": "LineString"
      },
      "properties": {
        "length_m": 123.196,
        "orientation": "EW",
        "row": 236,
        "segment": 1
      },
      "type": "Feature"
    },
    {
      "geometry": {
        "coordinates": [
          [
            6.514424740952064,
            51.093889117290104
          ],
          [
            6.535951487206381,
            51.09434503939119
          ]
        ],
        "type": "LineString"
      },
      "properties": {
        "length_m": 1508.874,
        "orientation": "EW",
        "row": 236,
        "segment": 2
      },
      "type": "Feature"
    },
    {
      "geometry": {
        "coordinates": [
          [
            6.44358342336405,
            51.09259634754212
          ],
          [
            6.444905922912105,
            51.092625274842014
          ]
        ],
        "type": "LineString"
      },
      "properties": {
        "length_m": 92.707,
        "orientation": "EW",
        "row": 237,
        "segment": 0
      },
      "type": "Feature"
    },
    {
      "geometry": {
        "coordinates": [
          [
            6.491382598234936,
            51.09363234567943
          ],
          [
            6.492069880357424,
            51.09364709897377
          ]
        ],
        "type": "LineString"
      },
      "properties": {
        "length_m": 48.175,
        "orientation": "EW",
        "row": 237,
        "segment": 1
      },
      "type": "Feature"
    },
    {
      "geometry": {
        "coordinates": [
          [
            6.514407718242565,
            51.094124401577034
          ],
          [
            6.5356583157802275,
            51.09457450247353
          ]
        ],
        "type": "LineString"
      },
      "properties": {
        "length_m": 1489.511,
        "orientation": "EW",
        "row": 237,
        "segment": 2
      },
      "type": "Feature"
    },
    {
      "geometry": {
        "coordinates": [
          [
            6.514390695318468,
            51.094359685850456
          ],
          [
            6.535365141436109,
            51.09480396477208
          ]
        ],
        "type": "LineString"
      },
      "properties": {
        "length_m": 1470.147,
        "orientation": "EW",
        "row": 238,
        "segment": 0
      },
      "type": "Feature"
    },
    {
      "geometry": {
        "coordinates": [
          [
            6.514373672179775,
            51.09459497011036
          ],
          [
            6.535071964173982,
            51.09503342628684
          ]
        ],
        "type": "LineString"
      },
      "properties": {
        "length_m": 1450.784,
        "orientation": "EW",
        "row": 239,
        "segment": 0
      },
      "type": "Feature"
    },
    {
      "geometry": {
        "coordinates": [
          [
            6.515842497215012,
            51.09486185190139
          ],
          [
            6.5347787839938,
            51.095262887017775
          ]
        ],
        "type": "LineString"
      },
      "properties": {
        "length_m": 1327.274,
        "orientation": "EW",
        "row": 240,
        "segment": 0
      },
      "type": "Feature"
    },
    {
      "geometry": {
        "coordinates": [
          [
            6.518432637242314,
            51.0951525338882
          ],
          [
            6.53448560089552,
            51.095492346964875
          ]
        ],
        "type": "LineString"
      },
      "properties": {
        "length_m": 1125.17,
        "orientation": "EW",
        "row": 241,
        "segment": 0
      },
      "type": "Feature"
    },
    {
      "geometry": {
        "coordinates": [
          [
            6.518659088146249,
            51.09539298900386
          ],
          [
            6.534194805924284,
            51.09572185658374
          ]
        ],
        "type": "LineString"
      },
      "properties": {
        "length_m": 1088.91,
        "orientation": "EW",
        "row": 242,
        "segment": 0
      },
      "type": "Feature"
    },
    {
      "geometry": {
        "coordinates": [
          [
            6.518716004139309,
            51.09562984378163
          ],
          [
            6.53390873941051,
            51.095951465283036
          ]
        ],
        "type": "LineString"
      },
      "properties": {
        "length_m": 1064.865,
        "orientation": "EW",
        "row": 243,
        "segment": 0
      },
      "type": "Feature"
    },
    {
      "geometry": {
        "coordinates": [
          [
            6.519196559313378,
            51.095875693311825
          ],
          [
            6.533622670045925,
            51.09618107323469
          ]
        ],
        "type": "LineString"
      },
      "properties": {
        "length_m": 1011.127,
        "orientation": "EW",
        "row": 244,
        "segment": 0
      },
      "type": "Feature"
    },
    {
      "geometry": {
        "coordinates": [
          [
            6.52058693713375,
            51.096140849372716
          ],
          [
            6.533336597830488,
            51.09641068043869
          ]
        ],
        "type": "LineString"
      },
      "properties": {
        "length_m": 893.619,
        "orientation": "EW",
        "row": 245,
        "segment": 0
      },
      "type": "Feature"
    },
    {
      "geometry": {
        "coordinates": [
          [
            6.521977331393868,
            51.09640598909702
          ],
          [
            6.533050522764151,
            51.09664028689501
          ]
        ],
        "type": "LineString"
      },
      "properties": {
        "length_m": 776.111,
        "orientation": "EW",
        "row": 246,
        "segment": 0
      },
      "type": "Feature"
    },
    {
      "geometry": {
        "coordinates": [
          [
            6.523367742092795,
            51.09667111248424
          ],
          [
            6.532764444846871,
            51.096869892603635
          ]
        ],
        "type": "LineString"
      },
      "properties": {
        "length_m": 658.604,
        "orientation": "EW",
        "row": 247,
        "segment": 0
      },
      "type": "Feature"
    },
    {
      "geometry": {
        "coordinates": [
          [
            6.52467865452479,
            51.096934535181916
          ],
          [
            6.532478364078605,
            51.09709949756454
          ]
        ],
        "type": "LineString"
      },
      "properties": {
        "length_m": 546.669,
        "orientation": "EW",
        "row": 248,
        "segment": 0
      },
      "type": "Feature"
    },
    {
      "geometry": {
        "coordinates": [
          [
            6.525990878394153,
            51.09719797080653
          ],
          [
            6.532192280459311,
            51.09732910177771
          ]
        ],
        "type": "LineString"
      },
      "properties": {
        "length_m": 434.644,
        "orientation": "EW",
        "row": 249,
        "segment": 0
      },
      "type": "Feature"
    },
    {
      "geometry": {
        "coordinates": [
          [
            6.52780198778605,
            51.09747194724673
          ],
          [
            6.531906193988939,
            51.097558705243166
          ]
        ],
        "type": "LineString"
      },
      "properties": {
        "length_m": 287.654,
        "orientation": "EW",
        "row": 250,
        "segment": 0
      },
      "type": "Feature"
    },
    {
      "geometry": {
        "coordinates": [
          [
            6.528935512630242,
            51.09773156875804
          ],
          [
            6.53162010466745,
            51.09778830796084
          ]
        ],
        "type": "LineString"
      },
      "properties": {
        "length_m": 188.156,
        "orientation": "EW",
        "row": 251,
        "segment": 0
      },
      "type": "Feature"
    },
    {
      "geometry": {
        "coordinates": [
          [
            6.529972367057221,
            51.09798913581011
          ],
          [
            6.5313340124948,
            51.098017909930725
          ]
        ],
        "type": "LineString"
      },
      "properties": {
        "length_m": 95.433,
        "orientation": "EW",
        "row": 252,
        "segment": 0
      },
      "type": "Feature"
    },
    {
      "geometry": {
        "coordinates": [
          [
            6.531009233284109,
            51.0982466938094
          ],
          [
            6.531047917470942,
            51.09824751115283
          ]
        ],
        "type": "LineString"
      },
      "properties": {
        "length_m": 2.711,
        "orientation": "EW",
        "row": 253,
        "segment": 0
      },
      "type": "Feature"
    }
  ],
  "type": "FeatureCollection"
}