{
  "features": [
    {
      "geometry": {
        "coordinates": [
          [
            6.443653726644132,
            51.09246651935636
          ],
          [
            6.443640038455844,
            51.0927146299347
          ]
        ],
        "type": "LineString"
      },
      "properties": {
        "length_m": 27.619,
        "orientation": "NS",
        "row": 0,
        "segment": 0
      },
      "type": "Feature"
    },
    {
      "geometry": {
        "coordinates": [
          [
            6.443932021887401,
            51.09195258717378
          ],
          [
            6.443890961959485,
            51.09269691909646
          ]
        ],
        "type": "LineString"
      },
      "properties": {
        "length_m": 82.856,
        "orientation": "NS",
        "row": 1,
        "segment": 0
      },
      "type": "Feature"
    },
    {
      "geometry": {
        "coordinates": [
          [
            6.445535992569234,
            51.0673865943297
          ],
          [
            6.445528436642603,
            51.06752377689662
          ]
        ],
        "type": "LineString"
      },
      "properties": {
        "length_m": 15.271,
        "orientation": "NS",
        "row": 2,
        "segment": 0
      },
      "type": "Feature"
    },
    {
      "geometry": {
        "coordinates": [
          [
            6.444210310775588,
            51.09143865419935
          ],
          [
            6.444141885290417,
            51.092679207716515
          ]
        ],
        "type": "LineString"
      },
      "properties": {
        "length_m": 138.094,
        "orientation": "NS",
        "row": 2,
        "segment": 1
      },
      "type": "Feature"
    },
    {
      "geometry": {
        "coordinates": [
          [
            6.445805348028499,
            51.06703169024381
          ],
          [
            6.445774799191062,
            51.067586382437234
          ]
        ],
        "type": "LineString"
      },
      "properties": {
        "length_m": 61.746,
        "orientation": "NS",
        "row": 3,
        "segment": 0
      },
      "type": "Feature"
    },
    {
      "geometry": {
        "coordinates": [
          [
            6.444488593308957,
            51.09092472043307
          ],
          [
            6.44439280844863,
            51.09266149579486
          ]
        ],
        "type": "LineString"
      },
      "properties": {
        "length_m": 193.332,
        "orientation": "NS",
        "row": 3,
        "segment": 1
      },
      "type": "Feature"
    },
    {
      "geometry": {
        "coordinates": [
          [
            6.446074699289537,
            51.066676785458405
          ],
          [
            6.446021162420384,
            51.067648987467095
          ]
        ],
        "type": "LineString"
      },
      "properties": {
        "length_m": 108.221,
        "orientation": "NS",
        "row": 4,
        "segment": 0
      },
      "type": "Feature"
    },
    {
      "geometry": {
        "coordinates": [
          [
            6.444766869487772,
            51.090410785875015
          ],
          [
            6.44464373143412,
            51.09264378333149
          ]
        ],
        "type": "LineString"
      },
      "properties": {
        "length_m": 248.569,
        "orientation": "NS",
        "row": 4,
        "segment": 1
      },
      "type": "Feature"
    },
    {
      "geometry": {
        "coordinates": [
          [
            6.446435627509703,
            51.064658490637065
          ],
          [
            6.4464177590166,
            51.064983048701436
          ]
        ],
        "type": "LineString"
      },
      "properties": {
        "length_m": 36.128,
        "orientation": "NS",
        "row": 5,
        "segment": 0
      },
      "type": "Feature"
    },
    {
      "geometry": {
        "coordinates": [
          [
            6.446344046352469,
            51.06632187997351
          ],
          [
            6.446267526330563,
            51.06771159198626
          ]
        ],
        "type": "LineString"
      },
      "properties": {
        "length_m": 154.697,
        "orientation": "NS",
        "row": 5,
        "segment": 1
      },
      "type": "Feature"
    },
    {
      "geometry": {
        "coordinates": [
          [
            6.445019161819642,
            51.09036801279464
          ],
          [
            6.444894654246876,
            51.09262607032642
          ]
        ],
        "type": "LineString"
      },
      "properties": {
        "length_m": 251.359,
        "orientation": "NS",
        "row": 5,
        "segment": 2
      },
      "type": "Feature"
    },
    {
      "geometry": {
        "coordinates": [
          [
            6.446706875460361,
            51.064268779730945
          ],
          [
            6.446663680897061,
            51.06505343715122
          ]
        ],
        "type": "LineString"
      },
      "properties": {
        "length_m": 87.345,
        "orientation": "NS",
        "row": 6,
        "segment": 0
      },
      "type": "Feature"
    },
    {
      "geometry": {
        "coordinates": [
          [
            6.446613389217408,
            51.06596697378915
          ],
          [
            6.446518275609178,
            51.067694559336005
          ]
        ],
        "type": "LineString"
      },
      "properties": {
        "length_m": 192.307,
        "orientation": "NS",
        "row": 6,
        "segment": 1
      },
      "type": "Feature"
    },
    {
      "geometry": {
        "coordinates": [
          [
            6.445268384863508,
            51.090380904469754
          ],
          [
            6.44514557688689,
            51.092608356779635
          ]
        ],
        "type": "LineString"
      },
      "properties": {
        "length_m": 247.952,
        "orientation": "NS",
        "row": 6,
        "segment": 2
      },
      "type": "Feature"
    },
    {
      "geometry": {
        "coordinates": [
          [
            6.446978118757348,
            51.06387906810633
          ],
          [
            6.446904135470806,
            51.06522316292496
          ]
        ],
        "type": "LineString"
      },
      "properties": {
        "length_m": 149.619,
        "orientation": "NS",
        "row": 7,
        "segment": 0
      },
      "type": "Feature"
    },
    {
      "geometry": {
        "coordinates": [
          [
            6.446882727884471,
            51.06561206690534
          ],
          [
            6.446778839407281,
            51.06749924849178
          ]
        ],
        "type": "LineString"
      },
      "properties": {
        "length_m": 210.073,
        "orientation": "NS",
        "row": 7,
        "segment": 1
      },
      "type": "Feature"
    },
    {
      "geometry": {
        "coordinates": [
          [
            6.4455176080650345,
            51.09039379561517
          ],
          [
            6.445396499354158,
            51.092590642691164
          ]
        ],
        "type": "LineString"
      },
      "properties": {
        "length_m": 244.545,
        "orientation": "NS",
        "row": 7,
        "segment": 2
      },
      "type": "Feature"
    },
    {
      "geometry": {
        "coordinates": [
          [
            6.447249357400806,
            51.06348935576321
          ],
          [
            6.4470326590621525,
            51.06742641374674
          ]
        ],
        "type": "LineString"
      },
      "properties": {
        "length_m": 438.256,
        "orientation": "NS",
        "row": 8,
        "segment": 0
      },
      "type": "Feature"
    },
    {
      "geometry": {
        "coordinates": [
          [
            6.445766831424216,
            51.09040668623088
          ],
          [
            6.445647375039255,
            51.09257377356111
          ]
        ],
        "type": "LineString"
      },
      "properties": {
        "length_m": 241.232,
        "orientation": "NS",
        "row": 8,
        "segment": 1
      },
      "type": "Feature"
    },
    {
      "geometry": {
        "coordinates": [
          [
            6.447520591390878,
            51.06309964270164
          ],
          [
            6.447282661819981,
            51.06742291018754
          ]
        ],
        "type": "LineString"
      },
      "properties": {
        "length_m": 481.247,
        "orientation": "NS",
        "row": 9,
        "segment": 0
      },
      "type": "Feature"
    },
    {
      "geometry": {
        "coordinates": [
          [
            6.446016054941043,
            51.09041957631687
          ],
          [
            6.44589823822306,
            51.09255712771979
          ]
        ],
        "type": "LineString"
      },
      "properties": {
        "length_m": 237.944,
        "orientation": "NS",
        "row": 9,
        "segment": 1
      },
      "type": "Feature"
    },
    {
      "geometry": {
        "coordinates": [
          [
            6.447768742269686,
            51.06312937043647
          ],
          [
            6.447529137704403,
            51.06748348856027
          ]
        ],
        "type": "LineString"
      },
      "properties": {
        "length_m": 484.681,
        "orientation": "NS",
        "row": 10,
        "segment": 0
      },
      "type": "Feature"
    },
    {
      "geometry": {
        "coordinates": [
          [
            6.44626527861551,
            51.09043246587317
          ],
          [
            6.44614910124574,
            51.09254048133719
          ]
        ],
        "type": "LineString"
      },
      "properties": {
        "length_m": 234.656,
        "orientation": "NS",
        "row": 10,
        "segment": 1
      },
      "type": "Feature"
    },
    {
      "geometry": {
        "coordinates": [
          [
            6.448015722784568,
            51.06318037642645
          ],
          [
            6.447769399498869,
            51.067656997670916
          ]
        ],
        "type": "LineString"
      },
      "properties": {
        "length_m": 498.318,
        "orientation": "NS",
        "row": 11,
        "segment": 0
      },
      "type": "Feature"
    },
    {
      "geometry": {
        "coordinates": [
          [
            6.4465145024476085,
            51.090445354899764
          ],
          [
            6.446399964107287,
            51.0925238344133
          ]
        ],
        "type": "LineString"
      },
      "properties": {
        "length_m": 231.368,
        "orientation": "NS",
        "row": 11,
        "segment": 1
      },
      "type": "Feature"
    },
    {
      "geometry": {
        "coordinates": [
          [
            6.448262703859438,
            51.06323138190156
          ],
          [
            6.448004028358427,
            51.06793290607005
          ]
        ],
        "type": "LineString"
      },
      "properties": {
        "length_m": 523.353,
        "orientation": "NS",
        "row": 12,
        "segment": 0
      },
      "type": "Feature"
    },
    {
      "geometry": {
        "coordinates": [
          [
            6.446763726437333,
            51.09045824339663
          ],
          [
            6.4466508268076925,
            51.09250718694814
          ]
        ],
        "type": "LineString"
      },
      "properties": {
        "length_m": 228.081,
        "orientation": "NS",
        "row": 12,
        "segment": 1
      },
      "type": "Feature"
    },
    {
      "geometry": {
        "coordinates": [
          [
            6.448509685494291,
            51.06328238686176
          ],
          [
            6.448238659968016,
            51.06820881402591
          ]
        ],
        "type": "LineString"
      },
      "properties": {
        "length_m": 548.388,
        "orientation": "NS",
        "row": 13,
        "segment": 0
      },
      "type": "Feature"
    },
    {
      "geometry": {
        "coordinates": [
          [
            6.447012950584674,
            51.09047113136379
          ],
          [
            6.446903418045737,
            51.09245916459961
          ]
        ],
        "type": "LineString"
      },
      "properties": {
        "length_m": 221.3,
        "orientation": "NS",
        "row": 13,
        "segment": 1
      },
      "type": "Feature"
    },
    {
      "geometry": {
        "coordinates": [
          [
            6.448756667689123,
            51.06333339130707
          ],
          [
            6.448473075122194,
            51.06848870579737
          ]
        ],
        "type": "LineString"
      },
      "properties": {
        "length_m": 573.866,
        "orientation": "NS",
        "row": 14,
        "segment": 0
      },
      "type": "Feature"
    },
    {
      "geometry": {
        "coordinates": [
          [
            6.447262174889625,
            51.09048401880124
          ],
          [
            6.447156892521499,
            51.09239510090142
          ]
        ],
        "type": "LineString"
      },
      "properties": {
        "length_m": 212.734,
        "orientation": "NS",
        "row": 14,
        "segment": 1
      },
      "type": "Feature"
    },
    {
      "geometry": {
        "coordinates": [
          [
            6.449003650443929,
            51.06338439523748
          ],
          [
            6.448706754519904,
            51.06878202190134
          ]
        ],
        "type": "LineString"
      },
      "properties": {
        "length_m": 600.839,
        "orientation": "NS",
        "row": 15,
        "segment": 0
      },
      "type": "Feature"
    },
    {
      "geometry": {
        "coordinates": [
          [
            6.4475113993521775,
            51.09049690570899
          ],
          [
            6.447408035108898,
            51.09237335451121
          ]
        ],
        "type": "LineString"
      },
      "properties": {
        "length_m": 208.879,
        "orientation": "NS",
        "row": 15,
        "segment": 1
      },
      "type": "Feature"
    },
    {
      "geometry": {
        "coordinates": [
          [
            6.4492506337587026,
            51.063435398652985
          ],
          [
            6.448940436824079,
            51.069075337566645
          ]
        ],
        "type": "LineString"
      },
      "properties": {
        "length_m": 627.812,
        "orientation": "NS",
        "row": 16,
        "segment": 0
      },
      "type": "Feature"
    },
    {
      "geometry": {
        "coordinates": [
          [
            6.447760623972326,
            51.09050979208701
          ],
          [
            6.447659130273233,
            51.09235246458845
          ]
        ],
        "type": "LineString"
      },
      "properties": {
        "length_m": 205.119,
        "orientation": "NS",
        "row": 16,
        "segment": 1
      },
      "type": "Feature"
    },
    {
      "geometry": {
        "coordinates": [
          [
            6.449497617633441,
            51.063486401553575
          ],
          [
            6.449174340212112,
            51.06936468625609
          ]
        ],
        "type": "LineString"
      },
      "properties": {
        "length_m": 654.344,
        "orientation": "NS",
        "row": 17,
        "segment": 0
      },
      "type": "Feature"
    },
    {
      "geometry": {
        "coordinates": [
          [
            6.44800984875006,
            51.09052267793534
          ],
          [
            6.447910018626269,
            51.0923353253008
          ]
        ],
        "type": "LineString"
      },
      "properties": {
        "length_m": 201.777,
        "orientation": "NS",
        "row": 17,
        "segment": 1
      },
      "type": "Feature"
    },
    {
      "geometry": {
        "coordinates": [
          [
            6.449744602068138,
            51.063537403939264
          ],
          [
            6.449408423004141,
            51.06965082481742
          ]
        ],
        "type": "LineString"
      },
      "properties": {
        "length_m": 680.518,
        "orientation": "NS",
        "row": 18,
        "segment": 0
      },
      "type": "Feature"
    },
    {
      "geometry": {
        "coordinates": [
          [
            6.448259073685375,
            51.09053556325394
          ],
          [
            6.448160635827441,
            51.092323106069685
          ]
        ],
        "type": "LineString"
      },
      "properties": {
        "length_m": 198.982,
        "orientation": "NS",
        "row": 18,
        "segment": 1
      },
      "type": "Feature"
    },
    {
      "geometry": {
        "coordinates": [
          [
            6.44999158706279,
            51.06358840581003
          ],
          [
            6.449642508638652,
            51.069936962938144
          ]
        ],
        "type": "LineString"
      },
      "properties": {
        "length_m": 706.692,
        "orientation": "NS",
        "row": 19,
        "segment": 0
      },
      "type": "Feature"
    },
    {
      "geometry": {
        "coordinates": [
          [
            6.448508298778265,
            51.09054844804281
          ],
          [
            6.4484112529156,
            51.09231088629907
          ]
        ],
        "type": "LineString"
      },
      "properties": {
        "length_m": 196.188,
        "orientation": "NS",
        "row": 19,
        "segment": 1
      },
      "type": "Feature"
    },
    {
      "geometry": {
        "coordinates": [
          [
            6.450239141066389,
            51.063629066127966
          ],
          [
            6.449876597115708,
            51.070223100618236
          ]
        ],
        "type": "LineString"
      },
      "properties": {
        "length_m": 734.018,
        "orientation": "NS",
        "row": 20,
        "segment": 0
      },
      "type": "Feature"
    },
    {
      "geometry": {
        "coordinates": [
          [
            6.448757524028718,
            51.09056133230199
          ],
          [
            6.448661869890736,
            51.09229866598893
          ]
        ],
        "type": "LineString"
      },
      "properties": {
        "length_m": 193.393,
        "orientation": "NS",
        "row": 20,
        "segment": 1
      },
      "type": "Feature"
    },
    {
      "geometry": {
        "coordinates": [
          [
            6.450489732830571,
            51.063614466801866
          ],
          [
            6.450110688435376,
            51.07050923785769
          ]
        ],
        "type": "LineString"
      },
      "properties": {
        "length_m": 767.494,
        "orientation": "NS",
        "row": 21,
        "segment": 0
      },
      "type": "Feature"
    },
    {
      "geometry": {
        "coordinates": [
          [
            6.44900674943673,
            51.09057421603143
          ],
          [
            6.448912486752845,
            51.092286445139266
          ]
        ],
        "type": "LineString"
      },
      "properties": {
        "length_m": 190.598,
        "orientation": "NS",
        "row": 21,
        "segment": 1
      },
      "type": "Feature"
    },
    {
      "geometry": {
        "coordinates": [
          [
            6.450744460408006,
            51.0635246119789
          ],
          [
            6.450344782597717,
            51.070795374656505
          ]
        ],
        "type": "LineString"
      },
      "properties": {
        "length_m": 809.348,
        "orientation": "NS",
        "row": 22,
        "segment": 0
      },
      "type": "Feature"
    },
    {
      "geometry": {
        "coordinates": [
          [
            6.449255975002293,
            51.09058709923117
          ],
          [
            6.449164398943839,
            51.09225069158567
          ]
        ],
        "type": "LineString"
      },
      "properties": {
        "length_m": 185.184,
        "orientation": "NS",
        "row": 22,
        "segment": 1
      },
      "type": "Feature"
    },
    {
      "geometry": {
        "coordinates": [
          [
            6.451012586556102,
            51.06319092021566
          ],
          [
            6.450578879602799,
            51.07108151101463
          ]
        ],
        "type": "LineString"
      },
      "properties": {
        "length_m": 878.344,
        "orientation": "NS",
        "row": 23,
        "segment": 0
      },
      "type": "Feature"
    },
    {
      "geometry": {
        "coordinates": [
          [
            6.449505200725399,
            51.090599981901185
          ],
          [
            6.449416445938571,
            51.092212481750735
          ]
        ],
        "type": "LineString"
      },
      "properties": {
        "length_m": 179.497,
        "orientation": "NS",
        "row": 23,
        "segment": 1
      },
      "type": "Feature"
    },
    {
      "geometry": {
        "coordinates": [
          [
            6.451290733759341,
            51.062674775978664
          ],
          [
            6.450812979450686,
            51.071367646932075
          ]
        ],
        "type": "LineString"
      },
      "properties": {
        "length_m": 967.65,
        "orientation": "NS",
        "row": 24,
        "segment": 0
      },
      "type": "Feature"
    },
    {
      "geometry": {
        "coordinates": [
          [
            6.449754426606041,
            51.090612864041475
          ],
          [
            6.449668492535946,
            51.092174271365906
          ]
        ],
        "type": "LineString"
      },
      "properties": {
        "length_m": 173.809,
        "orientation": "NS",
        "row": 24,
        "segment": 1
      },
      "type": "Feature"
    },
    {
      "geometry": {
        "coordinates": [
          [
            6.451568874589503,
            51.06215863094978
          ],
          [
            6.451047082141439,
            51.07165378240882
          ]
        ],
        "type": "LineString"
      },
      "properties": {
        "length_m": 1056.956,
        "orientation": "NS",
        "row": 25,
        "segment": 0
      },
      "type": "Feature"
    },
    {
      "geometry": {
        "coordinates": [
          [
            6.45000365264421,
            51.090625745652055
          ],
          [
            6.449920538735963,
            51.09213606043117
          ]
        ],
        "type": "LineString"
      },
      "properties": {
        "length_m": 168.122,
        "orientation": "NS",
        "row": 25,
        "segment": 1
      },
      "type": "Feature"
    },
    {
      "geometry": {
        "coordinates": [
          [
            6.451847009046855,
            51.06164248512905
          ],
          [
            6.451281187675127,
            51.07193991744489
          ]
        ],
        "type": "LineString"
      },
      "properties": {
        "length_m": 1146.261,
        "orientation": "NS",
        "row": 26,
        "segment": 0
      },
      "type": "Feature"
    },
    {
      "geometry": {
        "coordinates": [
          [
            6.450252878839902,
            51.0906386267329
          ],
          [
            6.4501725845386115,
            51.09209784894655
          ]
        ],
        "type": "LineString"
      },
      "properties": {
        "length_m": 162.435,
        "orientation": "NS",
        "row": 26,
        "segment": 1
      },
      "type": "Feature"
    },
    {
      "geometry": {
        "coordinates": [
          [
            6.452125137131663,
            51.061126338516495
          ],
          [
            6.45151529605181,
            51.0722260520402
          ]
        ],
        "type": "LineString"
      },
      "properties": {
        "length_m": 1235.567,
        "orientation": "NS",
        "row": 27,
        "segment": 0
      },
      "type": "Feature"
    },
    {
      "geometry": {
        "coordinates": [
          [
            6.451357396354258,
            51.07509883097689
          ],
          [
            6.451353569833189,
            51.07516844365367
          ]
        ],
        "type": "LineString"
      },
      "properties": {
        "length_m": 7.749,
        "orientation": "NS",
        "row": 27,
        "segment": 1
      },
      "type": "Feature"
    },
    {
      "geometry": {
        "coordinates": [
          [
            6.450502105193107,
            51.090651507284036
          ],
          [
            6.450424629943887,
            51.092059636912005
          ]
        ],
        "type": "LineString"
      },
      "properties": {
        "length_m": 156.747,
        "orientation": "NS",
        "row": 27,
        "segment": 2
      },
      "type": "Feature"
    },
    {
      "geometry": {
        "coordinates": [
          [
            6.4524032588441935,
            51.060610191112154
          ],
          [
            6.451749407271557,
            51.07251218619477
          ]
        ],
        "type": "LineString"
      },
      "properties": {
        "length_m": 1324.873,
        "orientation": "NS",
        "row": 28,
        "segment": 0
      },
      "type": "Feature"
    },
    {
      "geometry": {
        "coordinates": [
          [
            6.451613273693426,
            51.074989189594994
          ],
          [
            6.4515867145405075,
            51.075472402645865
          ]
        ],
        "type": "LineString"
      },
      "properties": {
        "length_m": 53.789,
        "orientation": "NS",
        "row": 28,
        "segment": 1
      },
      "type": "Feature"
    },
    {
      "geometry": {
        "coordinates": [
          [
            6.450752403715147,
            51.09064490056741
          ],
          [
            6.45067667495178,
            51.092021424327584
          ]
        ],
        "type": "LineString"
      },
      "properties": {
        "length_m": 153.229,
        "orientation": "NS",
        "row": 28,
        "segment": 2
      },
      "type": "Feature"
    },
    {
      "geometry": {
        "coordinates": [
          [
            6.45266374789206,
            51.0604150402672
          ],
          [
            6.45198352133443,
            51.072798319908586
          ]
        ],
        "type": "LineString"
      },
      "properties": {
        "length_m": 1378.447,
        "orientation": "NS",
        "row": 29,
        "segment": 0
      },
      "type": "Feature"
    },
    {
      "geometry": {
        "coordinates": [
          [
            6.451869149833094,
            51.074879547633515
          ],
          [
            6.451819862250332,
            51.07577636120192
          ]
        ],
        "type": "LineString"
      },
      "properties": {
        "length_m": 99.829,
        "orientation": "NS",
        "row": 29,
        "segment": 1
      },
      "type": "Feature"
    },
    {
      "geometry": {
        "coordinates": [
          [
            6.451006513172654,
            51.090569011184805
          ],
          [
            6.450928719562287,
            51.09198321119325
          ]
        ],
        "type": "LineString"
      },
      "properties": {
        "length_m": 157.423,
        "orientation": "NS",
        "row": 29,
        "segment": 2
      },
      "type": "Feature"
    },
    {
      "geometry": {
        "coordinates": [
          [
            6.452910880349258,
            51.06046311200886
          ],
          [
            6.452217638240494,
            51.07308445318163
          ]
        ],
        "type": "LineString"
      },
      "properties": {
        "length_m": 1404.947,
        "orientation": "NS",
        "row": 30,
        "segment": 0
      },
      "type": "Feature"
    },
    {
      "geometry": {
        "coordinates": [
          [
            6.452125024773262,
            51.07476990509247
          ],
          [
            6.452042070232993,
            51.07627943787261
          ]
        ],
        "type": "LineString"
      },
      "properties": {
        "length_m": 168.034,
        "orientation": "NS",
        "row": 30,
        "segment": 1
      },
      "type": "Feature"
    },
    {
      "geometry": {
        "coordinates": [
          [
            6.4512751941557935,
            51.09022817255677
          ],
          [
            6.4511807637754,
            51.091944997509046
          ]
        ],
        "type": "LineString"
      },
      "properties": {
        "length_m": 191.11,
        "orientation": "NS",
        "row": 30,
        "segment": 2
      },
      "type": "Feature"
    },
    {
      "geometry": {
        "coordinates": [
          [
            6.453158013335672,
            51.06051118323455
          ],
          [
            6.452451757989813,
            51.0733705860139
          ]
        ],
        "type": "LineString"
      },
      "properties": {
        "length_m": 1431.446,
        "orientation": "NS",
        "row": 31,
        "segment": 0
      },
      "type": "Feature"
    },
    {
      "geometry": {
        "coordinates": [
          [
            6.452380898513936,
            51.07466026197184
          ],
          [
            6.452295167605752,
            51.07622047737192
          ]
        ],
        "type": "LineString"
      },
      "properties": {
        "length_m": 173.676,
        "orientation": "NS",
        "row": 31,
        "segment": 1
      },
      "type": "Feature"
    },
    {
      "geometry": {
        "coordinates": [
          [
            6.451591052141756,
            51.08902937747791
          ],
          [
            6.451432807591113,
            51.09190678327495
          ]
        ],
        "type": "LineString"
      },
      "properties": {
        "length_m": 320.301,
        "orientation": "NS",
        "row": 31,
        "segment": 2
      },
      "type": "Feature"
    },
    {
      "geometry": {
        "coordinates": [
          [
            6.453405146851302,
            51.06055925394429
          ],
          [
            6.452685880582451,
            51.07365671840537
          ]
        ],
        "type": "LineString"
      },
      "properties": {
        "length_m": 1457.946,
        "orientation": "NS",
        "row": 32,
        "segment": 0
      },
      "type": "Feature"
    },
    {
      "geometry": {
        "coordinates": [
          [
            6.452636771055118,
            51.074550618271644
          ],
          [
            6.452548264351675,
            51.07616151631315
          ]
        ],
        "type": "LineString"
      },
      "properties": {
        "length_m": 179.318,
        "orientation": "NS",
        "row": 32,
        "segment": 1
      },
      "type": "Feature"
    },
    {
      "geometry": {
        "coordinates": [
          [
            6.451906892703288,
            51.08783058108988
          ],
          [
            6.451684662996496,
            51.09187198724398
          ]
        ],
        "type": "LineString"
      },
      "properties": {
        "length_m": 449.872,
        "orientation": "NS",
        "row": 32,
        "segment": 2
      },
      "type": "Feature"
    },
    {
      "geometry": {
        "coordinates": [
          [
            6.453652280896139,
            51.06060732413807
          ],
          [
            6.452920006018474,
            51.07394285035604
          ]
        ],
        "type": "LineString"
      },
      "properties": {
        "length_m": 1484.446,
        "orientation": "NS",
        "row": 33,
        "segment": 0
      },
      "type": "Feature"
    },
    {
      "geometry": {
        "coordinates": [
          [
            6.4528943060308155,
            51.07441068983216
          ],
          [
            6.452800012387016,
            51.07612709231958
          ]
        ],
        "type": "LineString"
      },
      "properties": {
        "length_m": 191.062,
        "orientation": "NS",
        "row": 33,
        "segment": 1
      },
      "type": "Feature"
    },
    {
      "geometry": {
        "coordinates": [
          [
            6.4524991231553654,
            51.081602969306246
          ],
          [
            6.452419817147415,
            51.08304597105108
          ]
        ],
        "type": "LineString"
      },
      "properties": {
        "length_m": 160.628,
        "orientation": "NS",
        "row": 33,
        "segment": 2
      },
      "type": "Feature"
    },
    {
      "geometry": {
        "coordinates": [
          [
            6.452222715842109,
            51.08663178339281
          ],
          [
            6.45193637488513,
            51.09183979403511
          ]
        ],
        "type": "LineString"
      },
      "properties": {
        "length_m": 579.733,
        "orientation": "NS",
        "row": 33,
        "segment": 3
      },
      "type": "Feature"
    },
    {
      "geometry": {
        "coordinates": [
          [
            6.453899415470181,
            51.0606553938159
          ],
          [
            6.453048405289817,
            51.07615373691094
          ]
        ],
        "type": "LineString"
      },
      "properties": {
        "length_m": 1725.2,
        "orientation": "NS",
        "row": 34,
        "segment": 0
      },
      "type": "Feature"
    },
    {
      "geometry": {
        "coordinates": [
          [
            6.452745665824091,
            51.0816638136325
          ],
          [
            6.452568537460056,
            51.08488686941693
          ]
        ],
        "type": "LineString"
      },
      "properties": {
        "length_m": 358.776,
        "orientation": "NS",
        "row": 34,
        "segment": 1
      },
      "type": "Feature"
    },
    {
      "geometry": {
        "coordinates": [
          [
            6.4525385215599345,
            51.08543298438681
          ],
          [
            6.452188086442602,
            51.09180760027877
          ]
        ],
        "type": "LineString"
      },
      "properties": {
        "length_m": 709.594,
        "orientation": "NS",
        "row": 34,
        "segment": 2
      },
      "type": "Feature"
    },
    {
      "geometry": {
        "coordinates": [
          [
            6.45414655057342,
            51.06070346297775
          ],
          [
            6.453292642646828,
            51.076256039560356
          ]
        ],
        "type": "LineString"
      },
      "properties": {
        "length_m": 1731.237,
        "orientation": "NS",
        "row": 35,
        "segment": 0
      },
      "type": "Feature"
    },
    {
      "geometry": {
        "coordinates": [
          [
            6.452992209155902,
            51.081724657447076
          ],
          [
            6.4524397976689025,
            51.09177540597499
          ]
        ],
        "type": "LineString"
      },
      "properties": {
        "length_m": 1118.805,
        "orientation": "NS",
        "row": 35,
        "segment": 1
      },
      "type": "Feature"
    },
    {
      "geometry": {
        "coordinates": [
          [
            6.454393686205853,
            51.06075153162363
          ],
          [
            6.453506730794865,
            51.07690727844315
          ]
        ],
        "type": "LineString"
      },
      "properties": {
        "length_m": 1798.379,
        "orientation": "NS",
        "row": 36,
        "segment": 0
      },
      "type": "Feature"
    },
    {
      "geometry": {
        "coordinates": [
          [
            6.453238753150797,
            51.081785500749966
          ],
          [
            6.452691508564027,
            51.09174321112377
          ]
        ],
        "type": "LineString"
      },
      "properties": {
        "length_m": 1108.448,
        "orientation": "NS",
        "row": 36,
        "segment": 1
      },
      "type": "Feature"
    },
    {
      "geometry": {
        "coordinates": [
          [
            6.454640822367471,
            51.06079959975355
          ],
          [
            6.4536853508498115,
            51.078204394034564
          ]
        ],
        "type": "LineString"
      },
      "properties": {
        "length_m": 1937.416,
        "orientation": "NS",
        "row": 37,
        "segment": 0
      },
      "type": "Feature"
    },
    {
      "geometry": {
        "coordinates": [
          [
            6.453485297808768,
            51.08184634354115
          ],
          [
            6.4529432191279685,
            51.09171101572509
          ]
        ],
        "type": "LineString"
      },
      "properties": {
        "length_m": 1098.091,
        "orientation": "NS",
        "row": 37,
        "segment": 1
      },
      "type": "Feature"
    },
    {
      "geometry": {
        "coordinates": [
          [
            6.454887959058273,
            51.06084766736751
          ],
          [
            6.453936224038923,
            51.07818608673745
          ]
        ],
        "type": "LineString"
      },
      "properties": {
        "length_m": 1930.027,
        "orientation": "NS",
        "row": 38,
        "segment": 0
      },
      "type": "Feature"
    },
    {
      "geometry": {
        "coordinates": [
          [
            6.4537318431298125,
            51.08190718582064
          ],
          [
            6.453194929360719,
            51.09167881977896
          ]
        ],
        "type": "LineString"
      },
      "properties": {
        "length_m": 1087.734,
        "orientation": "NS",
        "row": 38,
        "segment": 1
      },
      "type": "Feature"
    },
    {
      "geometry": {
        "coordinates": [
          [
            6.455135096278253,
            51.06089573446547
          ],
          [
            6.454187097048919,
            51.07816777889871
          ]
        ],
        "type": "LineString"
      },
      "properties": {
        "length_m": 1922.638,
        "orientation": "NS",
        "row": 39,
        "segment": 0
      },
      "type": "Feature"
    },
    {
      "geometry": {
        "coordinates": [
          [
            6.453978389113927,
            51.08196802758844
          ],
          [
            6.453446639262271,
            51.0916466232854
          ]
        ],
        "type": "LineString"
      },
      "properties": {
        "length_m": 1077.377,
        "orientation": "NS",
        "row": 39,
        "segment": 1
      },
      "type": "Feature"
    },
    {
      "geometry": {
        "coordinates": [
          [
            6.4553822340274065,
            51.06094380104744
          ],
          [
            6.45443792846236,
            51.078150224822934
          ]
        ],
        "type": "LineString"
      },
      "properties": {
        "length_m": 1915.334,
        "orientation": "NS",
        "row": 40,
        "segment": 0
      },
      "type": "Feature"
    },
    {
      "geometry": {
        "coordinates": [
          [
            6.454224935761109,
            51.082028868844546
          ],
          [
            6.45369834883262,
            51.0916144262444
          ]
        ],
        "type": "LineString"
      },
      "properties": {
        "length_m": 1067.021,
        "orientation": "NS",
        "row": 40,
        "segment": 1
      },
      "type": "Feature"
    },
    {
      "geometry": {
        "coordinates": [
          [
            6.455629372305726,
            51.060991867113465
          ],
          [
            6.454686808870255,
            51.078168202782564
          ]
        ],
        "type": "LineString"
      },
      "properties": {
        "length_m": 1911.984,
        "orientation": "NS",
        "row": 41,
        "segment": 0
      },
      "type": "Feature"
    },
    {
      "geometry": {
        "coordinates": [
          [
            6.454471496427195,
            51.08208946638011
          ],
          [
            6.453950058071757,
            51.09158222865595
          ]
        ],
        "type": "LineString"
      },
      "properties": {
        "length_m": 1056.691,
        "orientation": "NS",
        "row": 41,
        "segment": 1
      },
      "type": "Feature"
    },
    {
      "geometry": {
        "coordinates": [
          [
            6.455876511113206,
            51.06103993266348
          ],
          [
            6.454931797353828,
            51.07825707841052
          ]
        ],
        "type": "LineString"
      },
      "properties": {
        "length_m": 1916.526,
        "orientation": "NS",
        "row": 42,
        "segment": 0
      },
      "type": "Feature"
    },
    {
      "geometry": {
        "coordinates": [
          [
            6.454719908250415,
            51.08211636278257
          ],
          [
            6.454201766979674,
            51.091550030520075
          ]
        ],
        "type": "LineString"
      },
      "properties": {
        "length_m": 1050.112,
        "orientation": "NS",
        "row": 42,
        "segment": 1
      },
      "type": "Feature"
    },
    {
      "geometry": {
        "coordinates": [
          [
            6.456123650449843,
            51.06108799769752
          ],
          [
            6.455156512467183,
            51.07871529536385
          ]
        ],
        "type": "LineString"
      },
      "properties": {
        "length_m": 1962.182,
        "orientation": "NS",
        "row": 43,
        "segment": 0
      },
      "type": "Feature"
    },
    {
      "geometry": {
        "coordinates": [
          [
            6.454971766326893,
            51.08208049599448
          ],
          [
            6.454452792162177,
            51.091530272094396
          ]
        ],
        "type": "LineString"
      },
      "properties": {
        "length_m": 1051.905,
        "orientation": "NS",
        "row": 43,
        "segment": 1
      },
      "type": "Feature"
    },
    {
      "geometry": {
        "coordinates": [
          [
            6.456370790315633,
            51.061136062215574
          ],
          [
            6.455295192993273,
            51.080740927077386
          ]
        ],
        "type": "LineString"
      },
      "properties": {
        "length_m": 2182.315,
        "orientation": "NS",
        "row": 44,
        "segment": 0
      },
      "type": "Feature"
    },
    {
      "geometry": {
        "coordinates": [
          [
            6.45522875470016,
            51.08195117155522
          ],
          [
            6.454703656689682,
            51.09151343436893
          ]
        ],
        "type": "LineString"
      },
      "properties": {
        "length_m": 1064.427,
        "orientation": "NS",
        "row": 44,
        "segment": 1
      },
      "type": "Feature"
    },
    {
      "geometry": {
        "coordinates": [
          [
            6.456617930710569,
            51.061184126217626
          ],
          [
            6.454954521053921,
            51.09149659610217
          ]
        ],
        "type": "LineString"
      },
      "properties": {
        "length_m": 3374.235,
        "orientation": "NS",
        "row": 45,
        "segment": 0
      },
      "type": "Feature"
    },
    {
      "geometry": {
        "coordinates": [
          [
            6.456865071634645,
            51.06123218970369
          ],
          [
            6.455205385254885,
            51.091479757294096
          ]
        ],
        "type": "LineString"
      },
      "properties": {
        "length_m": 3367.01,
        "orientation": "NS",
        "row": 46,
        "segment": 0
      },
      "type": "Feature"
    },
    {
      "geometry": {
        "coordinates": [
          [
            6.457112213087859,
            51.06128025267375
          ],
          [
            6.455456249292568,
            51.091462917944696
          ]
        ],
        "type": "LineString"
      },
      "properties": {
        "length_m": 3359.785,
        "orientation": "NS",
        "row": 47,
        "segment": 0
      },
      "type": "Feature"
    },
    {
      "geometry": {
        "coordinates": [
          [
            6.457359355070204,
            51.06132831512782
          ],
          [
            6.455707113166962,
            51.09144607805401
          ]
        ],
        "type": "LineString"
      },
      "properties": {
        "length_m": 3352.559,
        "orientation": "NS",
        "row": 48,
        "segment": 0
      },
      "type": "Feature"
    },
    {
      "geometry": {
        "coordinates": [
          [
            6.457606497581673,
            51.061376377065876
          ],
          [
            6.45595797687806,
            51.091429237622
          ]
        ],
        "type": "LineString"
      },
      "properties": {
        "length_m": 3345.334,
        "orientation": "NS",
        "row": 49,
        "segment": 0
      },
      "type": "Feature"
    },
    {
      "geometry": {
        "coordinates": [
          [
            6.457853640622263,
            51.06142443848792
          ],
          [
            6.456208840425853,
            51.091412396648714
          ]
        ],
        "type": "LineString"
      },
      "properties": {
        "length_m": 3338.109,
        "orientation": "NS",
        "row": 50,
        "segment": 0
      },
      "type": "Feature"
    },
    {
      "geometry": {
        "coordinates": [
          [
            6.458100784191969,
            51.06147249939397
          ],
          [
            6.456459703810334,
            51.0913955551341
          ]
        ],
        "type": "LineString"
      },
      "properties": {
        "length_m": 3330.884,
        "orientation": "NS",
        "row": 51,
        "segment": 0
      },
      "type": "Feature"
    },
    {
      "geometry": {
        "coordinates": [
          [
            6.4583479282907845,
            51.06152055978401
          ],
          [
            6.456710567031497,
            51.09137871307821
          ]
        ],
        "type": "LineString"
      },
      "properties": {
        "length_m": 3323.658,
        "orientation": "NS",
        "row": 52,
        "segment": 0
      },
      "type": "Feature"
    },
    {
      "geometry": {
        "coordinates": [
          [
            6.458595072918707,
            51.061568619658026
          ],
          [
            6.45696143008933,
            51.09136187048101
          ]
        ],
        "type": "LineString"
      },
      "properties": {
        "length_m": 3316.433,
        "orientation": "NS",
        "row": 53,
        "segment": 0
      },
      "type": "Feature"
    },
    {
      "geometry": {
        "coordinates": [
          [
            6.458842218075727,
            51.06161667901602
          ],
          [
            6.457212292983834,
            51.091345027342506
          ]
        ],
        "type": "LineString"
      },
      "properties": {
        "length_m": 3309.208,
        "orientation": "NS",
        "row": 54,
        "segment": 0
      },
      "type": "Feature"
    },
    {
      "geometry": {
        "coordinates": [
          [
            6.459089363761843,
            51.06166473785801
          ],
          [
            6.457463155714993,
            51.091328183662704
          ]
        ],
        "type": "LineString"
      },
      "properties": {
        "length_m": 3301.983,
        "orientation": "NS",
        "row": 55,
        "segment": 0
      },
      "type": "Feature"
    },
    {
      "geometry": {
        "coordinates": [
          [
            6.459336509977049,
            51.06171279618397
          ],
          [
            6.457714018282803,
            51.091311339441596
          ]
        ],
        "type": "LineString"
      },
      "properties": {
        "length_m": 3294.757,
        "orientation": "NS",
        "row": 56,
        "segment": 0
      },
      "type": "Feature"
    },
    {
      "geometry": {
        "coordinates": [
          [
            6.459583656721339,
            51.061760853993896
          ],
          [
            6.457964880687257,
            51.09129449467919
          ]
        ],
        "type": "LineString"
      },
      "properties": {
        "length_m": 3287.532,
        "orientation": "NS",
        "row": 57,
        "segment": 0
      },
      "type": "Feature"
    },
    {
      "geometry": {
        "coordinates": [
          [
            6.45983120229329,
            51.061801637696654
          ],
          [
            6.458215742928346,
            51.09127764937549
          ]
        ],
        "type": "LineString"
      },
      "properties": {
        "length_m": 3281.116,
        "orientation": "NS",
        "row": 58,
        "segment": 0
      },
      "type": "Feature"
    },
    {
      "geometry": {
        "coordinates": [
          [
            6.460081641572005,
            51.06178958010616
          ],
          [
            6.458466605006063,
            51.0912608035305
          ]
        ],
        "type": "LineString"
      },
      "properties": {
        "length_m": 3280.583,
        "orientation": "NS",
        "row": 59,
        "segment": 0
      },
      "type": "Feature"
    },
    {
      "geometry": {
        "coordinates": [
          [
            6.460333778722738,
            51.06174650781081
          ],
          [
            6.458717436817029,
            51.09124450606124
          ]
        ],
        "type": "LineString"
      },
      "properties": {
        "length_m": 3283.563,
        "orientation": "NS",
        "row": 60,
        "segment": 0
      },
      "type": "Feature"
    },
    {
      "geometry": {
        "coordinates": [
          [
            6.460585915423215,
            51.06170343496428
          ],
          [
            6.458967775663225,
            51.09123719498988
          ]
        ],
        "type": "LineString"
      },
      "properties": {
        "length_m": 3287.543,
        "orientation": "NS",
        "row": 61,
        "segment": 0
      },
      "type": "Feature"
    },
    {
      "geometry": {
        "coordinates": [
          [
            6.46083805167343,
            51.06166036156651
          ],
          [
            6.4592181015328425,
            51.091230118956
          ]
        ],
        "type": "LineString"
      },
      "properties": {
        "length_m": 3291.549,
        "orientation": "NS",
        "row": 62,
        "segment": 0
      },
      "type": "Feature"
    },
    {
      "geometry": {
        "coordinates": [
          [
            6.461090187473375,
            51.06161728761754
          ],
          [
            6.459468427345131,
            51.09122304238468
          ]
        ],
        "type": "LineString"
      },
      "properties": {
        "length_m": 3295.556,
        "orientation": "NS",
        "row": 63,
        "segment": 0
      },
      "type": "Feature"
    },
    {
      "geometry": {
        "coordinates": [
          [
            6.461342322823047,
            51.06157421311736
          ],
          [
            6.459718753100082,
            51.091215965275886
          ]
        ],
        "type": "LineString"
      },
      "properties": {
        "length_m": 3299.562,
        "orientation": "NS",
        "row": 64,
        "segment": 0
      },
      "type": "Feature"
    },
    {
      "geometry": {
        "coordinates": [
          [
            6.461594457722437,
            51.06153113806598
          ],
          [
            6.45996907879769,
            51.09120888762964
          ]
        ],
        "type": "LineString"
      },
      "properties": {
        "length_m": 3303.568,
        "orientation": "NS",
        "row": 65,
        "segment": 0
      },
      "type": "Feature"
    },
    {
      "geometry": {
        "coordinates": [
          [
            6.461846592171539,
            51.06148806246339
          ],
          [
            6.460219404437946,
            51.091201809445934
          ]
        ],
        "type": "LineString"
      },
      "properties": {
        "length_m": 3307.575,
        "orientation": "NS",
        "row": 66,
        "segment": 0
      },
      "type": "Feature"
    },
    {
      "geometry": {
        "coordinates": [
          [
            6.462098726170349,
            51.0614449863096
          ],
          [
            6.460469730020841,
            51.091194730724794
          ]
        ],
        "type": "LineString"
      },
      "properties": {
        "length_m": 3311.581,
        "orientation": "NS",
        "row": 67,
        "segment": 0
      },
      "type": "Feature"
    },
    {
      "geometry": {
        "coordinates": [
          [
            6.462350859718857,
            51.061401909604626
          ],
          [
            6.460719885830861,
            51.091190748577
          ]
        ],
        "type": "LineString"
      },
      "properties": {
        "length_m": 3315.932,
        "orientation": "NS",
        "row": 68,
        "segment": 0
      },
      "type": "Feature"
    },
    {
      "geometry": {
        "coordinates": [
          [
            6.46260299281706,
            51.06135883234844
          ],
          [
            6.460969205487501,
            51.09120202578409
          ]
        ],
        "type": "LineString"
      },
      "properties": {
        "length_m": 3321.982,
        "orientation": "NS",
        "row": 69,
        "segment": 0
      },
      "type": "Feature"
    },
    {
      "geometry": {
        "coordinates": [
          [
            6.4628551254649516,
            51.06131575454106
          ],
          [
            6.461218525284411,
            51.09121330246086
          ]
        ],
        "type": "LineString"
      },
      "properties": {
        "length_m": 3328.032,
        "orientation": "NS",
        "row": 70,
        "segment": 0
      },
      "type": "Feature"
    },
    {
      "geometry": {
        "coordinates": [
          [
            6.463107257662524,
            51.06127267618249
          ],
          [
            6.461467845221585,
            51.091224578607225
          ]
        ],
        "type": "LineString"
      },
      "properties": {
        "length_m": 3334.082,
        "orientation": "NS",
        "row": 71,
        "segment": 0
      },
      "type": "Feature"
    },
    {
      "geometry": {
        "coordinates": [
          [
            6.4633593894097725,
            51.06122959727275
          ],
          [
            6.461717165299014,
            51.09123585422326
          ]
        ],
        "type": "LineString"
      },
      "properties": {
        "length_m": 3340.131,
        "orientation": "NS",
        "row": 72,
        "segment": 0
      },
      "type": "Feature"
    },
    {
      "geometry": {
        "coordinates": [
          [
            6.464696633359406,
            51.04132923916768
          ],
          [
            6.464634428627251,
            51.042468181187175
          ]
        ],
        "type": "LineString"
      },
      "properties": {
        "length_m": 126.78,
        "orientation": "NS",
        "row": 73,
        "segment": 0
      },
      "type": "Feature"
    },
    {
      "geometry": {
        "coordinates": [
          [
            6.464432454526576,
            51.04616572737369
          ],
          [
            6.4644287581299,
            51.046233390113244
          ]
        ],
        "type": "LineString"
      },
      "properties": {
        "length_m": 7.532,
        "orientation": "NS",
        "row": 73,
        "segment": 1
      },
      "type": "Feature"
    },
    {
      "geometry": {
        "coordinates": [
          [
            6.4636115207066895,
            51.06118651781181
          ],
          [
            6.461966485516692,
            51.09124712930891
          ]
        ],
        "type": "LineString"
      },
      "properties": {
        "length_m": 3346.181,
        "orientation": "NS",
        "row": 73,
        "segment": 2
      },
      "type": "Feature"
    },
    {
      "geometry": {
        "coordinates": [
          [
            6.4649523982710235,
            51.041217603460446
          ],
          [
            6.4648314829743665,
            51.04343167499516
          ]
        ],
        "type": "LineString"
      },
      "properties": {
        "length_m": 246.456,
        "orientation": "NS",
        "row": 74,
        "segment": 0
      },
      "type": "Feature"
    },
    {
      "geometry": {
        "coordinates": [
          [
            6.464683410247433,
            51.04614264122187
          ],
          [
            6.464668839909541,
            51.046409377170626
          ]
        ],
        "type": "LineString"
      },
      "properties": {
        "length_m": 29.691,
        "orientation": "NS",
        "row": 74,
        "segment": 1
      },
      "type": "Feature"
    },
    {
      "geometry": {
        "coordinates": [
          [
            6.463863651553269,
            51.061143437799686
          ],
          [
            6.46221580587461,
            51.0912584038642
          ]
        ],
        "type": "LineString"
      },
      "properties": {
        "length_m": 3352.231,
        "orientation": "NS",
        "row": 74,
        "segment": 2
      },
      "type": "Feature"
    },
    {
      "geometry": {
        "coordinates": [
          [
            6.465208161962779,
            51.04110596717368
          ],
          [
            6.46503243787353,
            51.04432388394568
          ]
        ],
        "type": "LineString"
      },
      "properties": {
        "length_m": 358.198,
        "orientation": "NS",
        "row": 75,
        "segment": 0
      },
      "type": "Feature"
    },
    {
      "geometry": {
        "coordinates": [
          [
            6.464934581477465,
            51.0461156045973
          ],
          [
            6.464908923503856,
            51.0465853637555
          ]
        ],
        "type": "LineString"
      },
      "properties": {
        "length_m": 52.291,
        "orientation": "NS",
        "row": 75,
        "segment": 1
      },
      "type": "Feature"
    },
    {
      "geometry": {
        "coordinates": [
          [
            6.464115781949505,
            51.0611003572364
          ],
          [
            6.462465126372763,
            51.09126967788913
          ]
        ],
        "type": "LineString"
      },
      "properties": {
        "length_m": 3358.281,
        "orientation": "NS",
        "row": 75,
        "segment": 2
      },
      "type": "Feature"
    },
    {
      "geometry": {
        "coordinates": [
          [
            6.465463924434676,
            51.04099433030738
          ],
          [
            6.465240407333421,
            51.04508777539916
          ]
        ],
        "type": "LineString"
      },
      "properties": {
        "length_m": 455.656,
        "orientation": "NS",
        "row": 76,
        "segment": 0
      },
      "type": "Feature"
    },
    {
      "geometry": {
        "coordinates": [
          [
            6.465189028406927,
            51.04602858233033
          ],
          [
            6.465149008912863,
            51.04676134986787
          ]
        ],
        "type": "LineString"
      },
      "properties": {
        "length_m": 81.567,
        "orientation": "NS",
        "row": 76,
        "segment": 1
      },
      "type": "Feature"
    },
    {
      "geometry": {
        "coordinates": [
          [
            6.46436827946502,
            51.06105055148477
          ],
          [
            6.462714447011141,
            51.09128095138371
          ]
        ],
        "type": "LineString"
      },
      "properties": {
        "length_m": 3365.079,
        "orientation": "NS",
        "row": 76,
        "segment": 2
      },
      "type": "Feature"
    },
    {
      "geometry": {
        "coordinates": [
          [
            6.465719685686719,
            51.04088269286155
          ],
          [
            6.465389096136583,
            51.04693733550772
          ]
        ],
        "type": "LineString"
      },
      "properties": {
        "length_m": 673.964,
        "orientation": "NS",
        "row": 77,
        "segment": 0
      },
      "type": "Feature"
    },
    {
      "geometry": {
        "coordinates": [
          [
            6.464625396244004,
            51.060916217973215
          ],
          [
            6.462963767789737,
            51.09129222434792
          ]
        ],
        "type": "LineString"
      },
      "properties": {
        "length_m": 3381.286,
        "orientation": "NS",
        "row": 77,
        "segment": 1
      },
      "type": "Feature"
    },
    {
      "geometry": {
        "coordinates": [
          [
            6.465975398102165,
            51.04077192716494
          ],
          [
            6.46562918517504,
            51.04711332067505
          ]
        ],
        "type": "LineString"
      },
      "properties": {
        "length_m": 705.883,
        "orientation": "NS",
        "row": 78,
        "segment": 0
      },
      "type": "Feature"
    },
    {
      "geometry": {
        "coordinates": [
          [
            6.464895706724781,
            51.06054042665794
          ],
          [
            6.463213088708544,
            51.09130349678175
          ]
        ],
        "type": "LineString"
      },
      "properties": {
        "length_m": 3424.371,
        "orientation": "NS",
        "row": 78,
        "segment": 1
      },
      "type": "Feature"
    },
    {
      "geometry": {
        "coordinates": [
          [
            6.466230997427073,
            51.04066321073448
          ],
          [
            6.465869276028249,
            51.04728930536986
          ]
        ],
        "type": "LineString"
      },
      "properties": {
        "length_m": 737.574,
        "orientation": "NS",
        "row": 79,
        "segment": 0
      },
      "type": "Feature"
    },
    {
      "geometry": {
        "coordinates": [
          [
            6.465150124072008,
            51.06045541412914
          ],
          [
            6.463462523216194,
            51.091312696147305
          ]
        ],
        "type": "LineString"
      },
      "properties": {
        "length_m": 3434.858,
        "orientation": "NS",
        "row": 79,
        "segment": 1
      },
      "type": "Feature"
    },
    {
      "geometry": {
        "coordinates": [
          [
            6.466486595565556,
            51.04055449372581
          ],
          [
            6.466109368696235,
            51.04746528959213
          ]
        ],
        "type": "LineString"
      },
      "properties": {
        "length_m": 769.265,
        "orientation": "NS",
        "row": 80,
        "segment": 0
      },
      "type": "Feature"
    },
    {
      "geometry": {
        "coordinates": [
          [
            6.465404540500871,
            51.060370401031825
          ],
          [
            6.463711980019435,
            51.09132148979004
          ]
        ],
        "type": "LineString"
      },
      "properties": {
        "length_m": 3445.299,
        "orientation": "NS",
        "row": 80,
        "segment": 1
      },
      "type": "Feature"
    },
    {
      "geometry": {
        "coordinates": [
          [
            6.466742192517618,
            51.04044577613889
          ],
          [
            6.46634946317902,
            51.04764127334184
          ]
        ],
        "type": "LineString"
      },
      "properties": {
        "length_m": 800.956,
        "orientation": "NS",
        "row": 81,
        "segment": 0
      },
      "type": "Feature"
    },
    {
      "geometry": {
        "coordinates": [
          [
            6.465658956011366,
            51.06028538736601
          ],
          [
            6.4639614369363105,
            51.09133028290145
          ]
        ],
        "type": "LineString"
      },
      "properties": {
        "length_m": 3455.741,
        "orientation": "NS",
        "row": 81,
        "segment": 1
      },
      "type": "Feature"
    },
    {
      "geometry": {
        "coordinates": [
          [
            6.46699778828326,
            51.040337057973744
          ],
          [
            6.466589559476621,
            51.047817256619
          ]
        ],
        "type": "LineString"
      },
      "properties": {
        "length_m": 832.647,
        "orientation": "NS",
        "row": 82,
        "segment": 0
      },
      "type": "Feature"
    },
    {
      "geometry": {
        "coordinates": [
          [
            6.465913370603496,
            51.06020037313168
          ],
          [
            6.46421089396681,
            51.09133907548156
          ]
        ],
        "type": "LineString"
      },
      "properties": {
        "length_m": 3466.182,
        "orientation": "NS",
        "row": 82,
        "segment": 1
      },
      "type": "Feature"
    },
    {
      "geometry": {
        "coordinates": [
          [
            6.467253382862485,
            51.040228339230374
          ],
          [
            6.466829657589063,
            51.04799323942359
          ]
        ],
        "type": "LineString"
      },
      "properties": {
        "length_m": 864.338,
        "orientation": "NS",
        "row": 83,
        "segment": 0
      },
      "type": "Feature"
    },
    {
      "geometry": {
        "coordinates": [
          [
            6.466167784277253,
            51.06011535832886
          ],
          [
            6.46446035111093,
            51.09134786753032
          ]
        ],
        "type": "LineString"
      },
      "properties": {
        "length_m": 3476.623,
        "orientation": "NS",
        "row": 83,
        "segment": 1
      },
      "type": "Feature"
    },
    {
      "geometry": {
        "coordinates": [
          [
            6.467508731901069,
            51.04012409924484
          ],
          [
            6.467069757516364,
            51.04816922175559
          ]
        ],
        "type": "LineString"
      },
      "properties": {
        "length_m": 895.531,
        "orientation": "NS",
        "row": 84,
        "segment": 0
      },
      "type": "Feature"
    },
    {
      "geometry": {
        "coordinates": [
          [
            6.466422197032641,
            51.060030342957546
          ],
          [
            6.46470980836866,
            51.09135665904778
          ]
        ],
        "type": "LineString"
      },
      "properties": {
        "length_m": 3487.065,
        "orientation": "NS",
        "row": 84,
        "segment": 1
      },
      "type": "Feature"
    },
    {
      "geometry": {
        "coordinates": [
          [
            6.4677640697695145,
            51.04002004265435
          ],
          [
            6.467309859258546,
            51.04834520361502
          ]
        ],
        "type": "LineString"
      },
      "properties": {
        "length_m": 926.702,
        "orientation": "NS",
        "row": 85,
        "segment": 0
      },
      "type": "Feature"
    },
    {
      "geometry": {
        "coordinates": [
          [
            6.466676608869656,
            51.05994532701774
          ],
          [
            6.464959265739995,
            51.09136545003391
          ]
        ],
        "type": "LineString"
      },
      "properties": {
        "length_m": 3497.506,
        "orientation": "NS",
        "row": 85,
        "segment": 1
      },
      "type": "Feature"
    },
    {
      "geometry": {
        "coordinates": [
          [
            6.4680194065047685,
            51.03991598548764
          ],
          [
            6.46754996281563,
            51.048521185001846
          ]
        ],
        "type": "LineString"
      },
      "properties": {
        "length_m": 957.874,
        "orientation": "NS",
        "row": 86,
        "segment": 0
      },
      "type": "Feature"
    },
    {
      "geometry": {
        "coordinates": [
          [
            6.466931019788297,
            51.05986031050947
          ],
          [
            6.465208723224925,
            51.091374240488726
          ]
        ],
        "type": "LineString"
      },
      "properties": {
        "length_m": 3507.947,
        "orientation": "NS",
        "row": 86,
        "segment": 1
      },
      "type": "Feature"
    },
    {
      "geometry": {
        "coordinates": [
          [
            6.468274742106836,
            51.03981192774476
          ],
          [
            6.467790068187637,
            51.048697165916074
          ]
        ],
        "type": "LineString"
      },
      "properties": {
        "length_m": 989.046,
        "orientation": "NS",
        "row": 87,
        "segment": 0
      },
      "type": "Feature"
    },
    {
      "geometry": {
        "coordinates": [
          [
            6.467185429788564,
            51.05977529343271
          ],
          [
            6.465458180823442,
            51.09138303041224
          ]
        ],
        "type": "LineString"
      },
      "properties": {
        "length_m": 3518.389,
        "orientation": "NS",
        "row": 87,
        "segment": 1
      },
      "type": "Feature"
    },
    {
      "geometry": {
        "coordinates": [
          [
            6.468530076575715,
            51.0397078694257
          ],
          [
            6.4680301753745875,
            51.048873146357685
          ]
        ],
        "type": "LineString"
      },
      "properties": {
        "length_m": 1020.218,
        "orientation": "NS",
        "row": 88,
        "segment": 0
      },
      "type": "Feature"
    },
    {
      "geometry": {
        "coordinates": [
          [
            6.467439838870453,
            51.05969027578748
          ],
          [
            6.465707638535542,
            51.09139181980442
          ]
        ],
        "type": "LineString"
      },
      "properties": {
        "length_m": 3528.83,
        "orientation": "NS",
        "row": 88,
        "segment": 1
      },
      "type": "Feature"
    },
    {
      "geometry": {
        "coordinates": [
          [
            6.46878540991141,
            51.03960381053046
          ],
          [
            6.468270284376502,
            51.04904912632667
          ]
        ],
        "type": "LineString"
      },
      "properties": {
        "length_m": 1051.39,
        "orientation": "NS",
        "row": 89,
        "segment": 0
      },
      "type": "Feature"
    },
    {
      "geometry": {
        "coordinates": [
          [
            6.467694247033964,
            51.05960525757378
          ],
          [
            6.465957096361215,
            51.091400608665275
          ]
        ],
        "type": "LineString"
      },
      "properties": {
        "length_m": 3539.271,
        "orientation": "NS",
        "row": 89,
        "segment": 1
      },
      "type": "Feature"
    },
    {
      "geometry": {
        "coordinates": [
          [
            6.469040742113922,
            51.03949975105905
          ],
          [
            6.468510395193403,
            51.04922510582303
          ]
        ],
        "type": "LineString"
      },
      "properties": {
        "length_m": 1082.562,
        "orientation": "NS",
        "row": 90,
        "segment": 0
      },
      "type": "Feature"
    },
    {
      "geometry": {
        "coordinates": [
          [
            6.467948654279095,
            51.059520238791634
          ],
          [
            6.466206554300454,
            51.091409396994806
          ]
        ],
        "type": "LineString"
      },
      "properties": {
        "length_m": 3549.713,
        "orientation": "NS",
        "row": 90,
        "segment": 1
      },
      "type": "Feature"
    },
    {
      "geometry": {
        "coordinates": [
          [
            6.4692960731832505,
            51.03939569101149
          ],
          [
            6.468750517317879,
            51.049400910807755
          ]
        ],
        "type": "LineString"
      },
      "properties": {
        "length_m": 1113.714,
        "orientation": "NS",
        "row": 91,
        "segment": 0
      },
      "type": "Feature"
    },
    {
      "geometry": {
        "coordinates": [
          [
            6.468203060605845,
            51.059435219441006
          ],
          [
            6.46645601235325,
            51.09141818479302
          ]
        ],
        "type": "LineString"
      },
      "properties": {
        "length_m": 3560.154,
        "orientation": "NS",
        "row": 91,
        "segment": 1
      },
      "type": "Feature"
    },
    {
      "geometry": {
        "coordinates": [
          [
            6.4695516587727475,
            51.03928693999606
          ],
          [
            6.468990830741473,
            51.049573240935125
          ]
        ],
        "type": "LineString"
      },
      "properties": {
        "length_m": 1145.002,
        "orientation": "NS",
        "row": 92,
        "segment": 0
      },
      "type": "Feature"
    },
    {
      "geometry": {
        "coordinates": [
          [
            6.468457466014213,
            51.059350199521944
          ],
          [
            6.4667054705195985,
            51.09142697205992
          ]
        ],
        "type": "LineString"
      },
      "properties": {
        "length_m": 3570.595,
        "orientation": "NS",
        "row": 92,
        "segment": 1
      },
      "type": "Feature"
    },
    {
      "geometry": {
        "coordinates": [
          [
            6.4698072554420625,
            51.03917796332878
          ],
          [
            6.46923114594484,
            51.04974557058869
          ]
        ],
        "type": "LineString"
      },
      "properties": {
        "length_m": 1176.315,
        "orientation": "NS",
        "row": 93,
        "segment": 0
      },
      "type": "Feature"
    },
    {
      "geometry": {
        "coordinates": [
          [
            6.468711870504196,
            51.05926517903444
          ],
          [
            6.466954928799491,
            51.09143575879548
          ]
        ],
        "type": "LineString"
      },
      "properties": {
        "length_m": 3581.037,
        "orientation": "NS",
        "row": 93,
        "segment": 1
      },
      "type": "Feature"
    },
    {
      "geometry": {
        "coordinates": [
          [
            6.470060838521486,
            51.03910591469003
          ],
          [
            6.469471462928,
            51.04991789976847
          ]
        ],
        "type": "LineString"
      },
      "properties": {
        "length_m": 1203.517,
        "orientation": "NS",
        "row": 94,
        "segment": 0
      },
      "type": "Feature"
    },
    {
      "geometry": {
        "coordinates": [
          [
            6.468966274075794,
            51.059180157978474
          ],
          [
            6.4672043871929175,
            51.09144454499972
          ]
        ],
        "type": "LineString"
      },
      "properties": {
        "length_m": 3591.478,
        "orientation": "NS",
        "row": 94,
        "segment": 1
      },
      "type": "Feature"
    },
    {
      "geometry": {
        "coordinates": [
          [
            6.470308515765111,
            51.039142237219394
          ],
          [
            6.469711781690974,
            51.0500902284744
          ]
        ],
        "type": "LineString"
      },
      "properties": {
        "length_m": 1218.656,
        "orientation": "NS",
        "row": 95,
        "segment": 0
      },
      "type": "Feature"
    },
    {
      "geometry": {
        "coordinates": [
          [
            6.469220676729004,
            51.059095136354074
          ],
          [
            6.467453845699874,
            51.091453330672636
          ]
        ],
        "type": "LineString"
      },
      "properties": {
        "length_m": 3601.919,
        "orientation": "NS",
        "row": 95,
        "segment": 1
      },
      "type": "Feature"
    },
    {
      "geometry": {
        "coordinates": [
          [
            6.4705591423498054,
            51.03912443421386
          ],
          [
            6.469952102233779,
            51.05026255670653
          ]
        ],
        "type": "LineString"
      },
      "properties": {
        "length_m": 1239.82,
        "orientation": "NS",
        "row": 96,
        "segment": 0
      },
      "type": "Feature"
    },
    {
      "geometry": {
        "coordinates": [
          [
            6.4694750784638275,
            51.059010114161254
          ],
          [
            6.46770335176291,
            51.09146124766043
          ]
        ],
        "type": "LineString"
      },
      "properties": {
        "length_m": 3612.264,
        "orientation": "NS",
        "row": 96,
        "segment": 1
      },
      "type": "Feature"
    },
    {
      "geometry": {
        "coordinates": [
          [
            6.470810200812013,
            51.03909869996452
          ],
          [
            6.470192424556438,
            51.05043488446481
          ]
        ],
        "type": "LineString"
      },
      "properties": {
        "length_m": 1261.867,
        "orientation": "NS",
        "row": 97,
        "segment": 0
      },
      "type": "Feature"
    },
    {
      "geometry": {
        "coordinates": [
          [
            6.46972947928026,
            51.058925091400006
          ],
          [
            6.467952998839244,
            51.09146658535994
          ]
        ],
        "type": "LineString"
      },
      "properties": {
        "length_m": 3622.322,
        "orientation": "NS",
        "row": 97,
        "segment": 1
      },
      "type": "Feature"
    },
    {
      "geometry": {
        "coordinates": [
          [
            6.471061259014586,
            51.03907296517139
          ],
          [
            6.4704327486589674,
            51.050607211749266
          ]
        ],
        "type": "LineString"
      },
      "properties": {
        "length_m": 1283.914,
        "orientation": "NS",
        "row": 98,
        "segment": 0
      },
      "type": "Feature"
    },
    {
      "geometry": {
        "coordinates": [
          [
            6.469983879178302,
            51.058840068070324
          ],
          [
            6.468202645992077,
            51.09147192252677
          ]
        ],
        "type": "LineString"
      },
      "properties": {
        "length_m": 3632.379,
        "orientation": "NS",
        "row": 98,
        "segment": 1
      },
      "type": "Feature"
    },
    {
      "geometry": {
        "coordinates": [
          [
            6.471312316957519,
            51.03904722983451
          ],
          [
            6.47067307454139,
            51.05077953855987
          ]
        ],
        "type": "LineString"
      },
      "properties": {
        "length_m": 1305.96,
        "orientation": "NS",
        "row": 99,
        "segment": 0
      },
      "type": "Feature"
    },
    {
      "geometry": {
        "coordinates": [
          [
            6.47023827815795,
            51.05875504417224
          ],
          [
            6.468452293221401,
            51.09147725916097
          ]
        ],
        "type": "LineString"
      },
      "properties": {
        "length_m": 3642.437,
        "orientation": "NS",
        "row": 99,
        "segment": 1
      },
      "type": "Feature"
    },
    {
      "geometry": {
        "coordinates": [
          [
            6.471563374640803,
            51.03902149395387
          ],
          [
            6.470913402203724,
            51.0509518648966
          ]
        ],
        "type": "LineString"
      },
      "properties": {
        "length_m": 1328.007,
        "orientation": "NS",
        "row": 100,
        "segment": 0
      },
      "type": "Feature"
    },
    {
      "geometry": {
        "coordinates": [
          [
            6.470492676219205,
            51.05867001970571
          ],
          [
            6.468701940527208,
            51.091482595262526
          ]
        ],
        "type": "LineString"
      },
      "properties": {
        "length_m": 3652.495,
        "orientation": "NS",
        "row": 100,
        "segment": 1
      },
      "type": "Feature"
    },
    {
      "geometry": {
        "coordinates": [
          [
            6.471814432064431,
            51.03899575752946
          ],
          [
            6.47115373164599,
            51.05112419075947
          ]
        ],
        "type": "LineString"
      },
      "properties": {
        "length_m": 1350.054,
        "orientation": "NS",
        "row": 101,
        "segment": 0
      },
      "type": "Feature"
    },
    {
      "geometry": {
        "coordinates": [
          [
            6.470747073362064,
            51.05858499467081
          ],
          [
            6.468951587909493,
            51.09148793083143
          ]
        ],
        "type": "LineString"
      },
      "properties": {
        "length_m": 3662.552,
        "orientation": "NS",
        "row": 101,
        "segment": 1
      },
      "type": "Feature"
    },
    {
      "geometry": {
        "coordinates": [
          [
            6.472065489228395,
            51.03897002056129
          ],
          [
            6.471394062868207,
            51.05129651614847
          ]
        ],
        "type": "LineString"
      },
      "properties": {
        "length_m": 1372.101,
        "orientation": "NS",
        "row": 102,
        "segment": 0
      },
      "type": "Feature"
    },
    {
      "geometry": {
        "coordinates": [
          [
            6.471001469586525,
            51.058499969067476
          ],
          [
            6.469201235368244,
            51.09149326586769
          ]
        ],
        "type": "LineString"
      },
      "properties": {
        "length_m": 3672.61,
        "orientation": "NS",
        "row": 102,
        "segment": 1
      },
      "type": "Feature"
    },
    {
      "geometry": {
        "coordinates": [
          [
            6.472316555347786,
            51.03894411379563
          ],
          [
            6.471634395870395,
            51.05146884106356
          ]
        ],
        "type": "LineString"
      },
      "properties": {
        "length_m": 1394.166,
        "orientation": "NS",
        "row": 103,
        "segment": 0
      },
      "type": "Feature"
    },
    {
      "geometry": {
        "coordinates": [
          [
            6.471255864892588,
            51.05841494289578
          ],
          [
            6.469450882903457,
            51.0914986003713
          ]
        ],
        "type": "LineString"
      },
      "properties": {
        "length_m": 3682.668,
        "orientation": "NS",
        "row": 103,
        "segment": 1
      },
      "type": "Feature"
    },
    {
      "geometry": {
        "coordinates": [
          [
            6.472568138604435,
            51.03890870246147
          ],
          [
            6.471874730652575,
            51.051641165504776
          ]
        ],
        "type": "LineString"
      },
      "properties": {
        "length_m": 1417.29,
        "orientation": "NS",
        "row": 104,
        "segment": 0
      },
      "type": "Feature"
    },
    {
      "geometry": {
        "coordinates": [
          [
            6.471500047763992,
            51.05851728014251
          ],
          [
            6.469700530515123,
            51.091503934342256
          ]
        ],
        "type": "LineString"
      },
      "properties": {
        "length_m": 3671.869,
        "orientation": "NS",
        "row": 104,
        "segment": 1
      },
      "type": "Feature"
    },
    {
      "geometry": {
        "coordinates": [
          [
            6.472819757399209,
            51.038872631004466
          ],
          [
            6.472115067214764,
            51.05181348947208
          ]
        ],
        "type": "LineString"
      },
      "properties": {
        "length_m": 1440.486,
        "orientation": "NS",
        "row": 105,
        "segment": 0
      },
      "type": "Feature"
    },
    {
      "geometry": {
        "coordinates": [
          [
            6.471740760148755,
            51.05868331985228
          ],
          [
            6.46995050372741,
            51.091503305709466
          ]
        ],
        "type": "LineString"
      },
      "properties": {
        "length_m": 3653.316,
        "orientation": "NS",
        "row": 105,
        "segment": 1
      },
      "type": "Feature"
    },
    {
      "geometry": {
        "coordinates": [
          [
            6.473071375821247,
            51.03883655899959
          ],
          [
            6.472355405556984,
            51.05198581296546
          ]
        ],
        "type": "LineString"
      },
      "properties": {
        "length_m": 1463.683,
        "orientation": "NS",
        "row": 106,
        "segment": 0
      },
      "type": "Feature"
    },
    {
      "geometry": {
        "coordinates": [
          [
            6.471981474253239,
            51.058849359086054
          ],
          [
            6.47020073159515,
            51.09149801221353
          ]
        ],
        "type": "LineString"
      },
      "properties": {
        "length_m": 3634.244,
        "orientation": "NS",
        "row": 106,
        "segment": 1
      },
      "type": "Feature"
    },
    {
      "geometry": {
        "coordinates": [
          [
            6.473322993870542,
            51.038800486446846
          ],
          [
            6.472595745679256,
            51.052158135984925
          ]
        ],
        "type": "LineString"
      },
      "properties": {
        "length_m": 1486.88,
        "orientation": "NS",
        "row": 107,
        "segment": 0
      },
      "type": "Feature"
    },
    {
      "geometry": {
        "coordinates": [
          [
            6.472222190077464,
            51.05901539784384
          ],
          [
            6.470450959424764,
            51.09149271818085
          ]
        ],
        "type": "LineString"
      },
      "properties": {
        "length_m": 3615.171,
        "orientation": "NS",
        "row": 107,
        "segment": 1
      },
      "type": "Feature"
    },
    {
      "geometry": {
        "coordinates": [
          [
            6.473574611547087,
            51.03876441334625
          ],
          [
            6.472836087581597,
            51.05233045853044
          ]
        ],
        "type": "LineString"
      },
      "properties": {
        "length_m": 1510.077,
        "orientation": "NS",
        "row": 108,
        "segment": 0
      },
      "type": "Feature"
    },
    {
      "geometry": {
        "coordinates": [
          [
            6.47246290762145,
            51.05918143612561
          ],
          [
            6.470701187216245,
            51.09148742361143
          ]
        ],
        "type": "LineString"
      },
      "properties": {
        "length_m": 3596.099,
        "orientation": "NS",
        "row": 108,
        "segment": 1
      },
      "type": "Feature"
    },
    {
      "geometry": {
        "coordinates": [
          [
            6.473826228850875,
            51.03872833969777
          ],
          [
            6.473076431264028,
            51.05250278060204
          ]
        ],
        "type": "LineString"
      },
      "properties": {
        "length_m": 1533.274,
        "orientation": "NS",
        "row": 109,
        "segment": 0
      },
      "type": "Feature"
    },
    {
      "geometry": {
        "coordinates": [
          [
            6.472703626885212,
            51.05934747393135
          ],
          [
            6.470951414969584,
            51.091482128505255
          ]
        ],
        "type": "LineString"
      },
      "properties": {
        "length_m": 3577.027,
        "orientation": "NS",
        "row": 109,
        "segment": 1
      },
      "type": "Feature"
    },
    {
      "geometry": {
        "coordinates": [
          [
            6.474077845781901,
            51.03869226550144
          ],
          [
            6.473316776726568,
            51.05267510219968
          ]
        ],
        "type": "LineString"
      },
      "properties": {
        "length_m": 1556.471,
        "orientation": "NS",
        "row": 110,
        "segment": 0
      },
      "type": "Feature"
    },
    {
      "geometry": {
        "coordinates": [
          [
            6.472946864208268,
            51.05946731611639
          ],
          [
            6.471201642684774,
            51.09147683286233
          ]
        ],
        "type": "LineString"
      },
      "properties": {
        "length_m": 3563.097,
        "orientation": "NS",
        "row": 110,
        "segment": 1
      },
      "type": "Feature"
    },
    {
      "geometry": {
        "coordinates": [
          [
            6.474329467880308,
            51.03865608891902
          ],
          [
            6.47355712396924,
            51.05284742332334
          ]
        ],
        "type": "LineString"
      },
      "properties": {
        "length_m": 1579.679,
        "orientation": "NS",
        "row": 111,
        "segment": 0
      },
      "type": "Feature"
    },
    {
      "geometry": {
        "coordinates": [
          [
            6.473194571331153,
            51.059505116243095
          ],
          [
            6.471451870361807,
            51.09147153668265
          ]
        ],
        "type": "LineString"
      },
      "properties": {
        "length_m": 3558.299,
        "orientation": "NS",
        "row": 111,
        "segment": 1
      },
      "type": "Feature"
    },
    {
      "geometry": {
        "coordinates": [
          [
            6.474581466681277,
            51.0386129797218
          ],
          [
            6.473797472992061,
            51.05301974397303
          ]
        ],
        "type": "LineString"
      },
      "properties": {
        "length_m": 1603.659,
        "orientation": "NS",
        "row": 112,
        "segment": 0
      },
      "type": "Feature"
    },
    {
      "geometry": {
        "coordinates": [
          [
            6.473445672122959,
            51.059480610106114
          ],
          [
            6.471702098000675,
            51.091466239966216
          ]
        ],
        "type": "LineString"
      },
      "properties": {
        "length_m": 3560.436,
        "orientation": "NS",
        "row": 112,
        "segment": 1
      },
      "type": "Feature"
    },
    {
      "geometry": {
        "coordinates": [
          [
            6.474833481262487,
            51.03856957156933
          ],
          [
            6.474037823795049,
            51.05319206414878
          ]
        ],
        "type": "LineString"
      },
      "properties": {
        "length_m": 1627.672,
        "orientation": "NS",
        "row": 113,
        "segment": 0
      },
      "type": "Feature"
    },
    {
      "geometry": {
        "coordinates": [
          [
            6.473701252843119,
            51.059373831263855
          ],
          [
            6.471952333734327,
            51.09146079363718
          ]
        ],
        "type": "LineString"
      },
      "properties": {
        "length_m": 3571.715,
        "orientation": "NS",
        "row": 113,
        "segment": 1
      },
      "type": "Feature"
    },
    {
      "geometry": {
        "coordinates": [
          [
            6.475085495390288,
            51.03852616286609
          ],
          [
            6.474278176378227,
            51.053364383850514
          ]
        ],
        "type": "LineString"
      },
      "properties": {
        "length_m": 1651.685,
        "orientation": "NS",
        "row": 114,
        "segment": 0
      },
      "type": "Feature"
    },
    {
      "geometry": {
        "coordinates": [
          [
            6.473961057915281,
            51.0591894475963
          ],
          [
            6.472204113038203,
            51.09142704980238
          ]
        ],
        "type": "LineString"
      },
      "properties": {
        "length_m": 3588.483,
        "orientation": "NS",
        "row": 114,
        "segment": 1
      },
      "type": "Feature"
    },
    {
      "geometry": {
        "coordinates": [
          [
            6.4753375090646745,
            51.03848275361203
          ],
          [
            6.474518530741614,
            51.05353670307825
          ]
        ],
        "type": "LineString"
      },
      "properties": {
        "length_m": 1675.698,
        "orientation": "NS",
        "row": 115,
        "segment": 0
      },
      "type": "Feature"
    },
    {
      "geometry": {
        "coordinates": [
          [
            6.474220907883312,
            51.05900420064562
          ],
          [
            6.472455891993764,
            51.0913933054196
          ]
        ],
        "type": "LineString"
      },
      "properties": {
        "length_m": 3605.346,
        "orientation": "NS",
        "row": 115,
        "segment": 1
      },
      "type": "Feature"
    },
    {
      "geometry": {
        "coordinates": [
          [
            6.475589522285642,
            51.038439343807205
          ],
          [
            6.474758886885231,
            51.053709021831985
          ]
        ],
        "type": "LineString"
      },
      "properties": {
        "length_m": 1699.711,
        "orientation": "NS",
        "row": 116,
        "segment": 0
      },
      "type": "Feature"
    },
    {
      "geometry": {
        "coordinates": [
          [
            6.474480755770166,
            51.05881895308219
          ],
          [
            6.472707670601003,
            51.09135956048888
          ]
        ],
        "type": "LineString"
      },
      "properties": {
        "length_m": 3622.21,
        "orientation": "NS",
        "row": 116,
        "segment": 1
      },
      "type": "Feature"
    },
    {
      "geometry": {
        "coordinates": [
          [
            6.475841535053182,
            51.03839593345156
          ],
          [
            6.474999244809094,
            51.05388134011171
          ]
        ],
        "type": "LineString"
      },
      "properties": {
        "length_m": 1723.724,
        "orientation": "NS",
        "row": 117,
        "segment": 0
      },
      "type": "Feature"
    },
    {
      "geometry": {
        "coordinates": [
          [
            6.47474060157587,
            51.05863370490601
          ],
          [
            6.472959448859912,
            51.091325815010215
          ]
        ],
        "type": "LineString"
      },
      "properties": {
        "length_m": 3639.073,
        "orientation": "NS",
        "row": 117,
        "segment": 1
      },
      "type": "Feature"
    },
    {
      "geometry": {
        "coordinates": [
          [
            6.476093547367291,
            51.03835252254514
          ],
          [
            6.475239604513226,
            51.05405365791741
          ]
        ],
        "type": "LineString"
      },
      "properties": {
        "length_m": 1747.737,
        "orientation": "NS",
        "row": 118,
        "segment": 0
      },
      "type": "Feature"
    },
    {
      "geometry": {
        "coordinates": [
          [
            6.475000445300443,
            51.05844845611713
          ],
          [
            6.473211226770487,
            51.0912920689836
          ]
        ],
        "type": "LineString"
      },
      "properties": {
        "length_m": 3655.937,
        "orientation": "NS",
        "row": 118,
        "segment": 1
      },
      "type": "Feature"
    },
    {
      "geometry": {
        "coordinates": [
          [
            6.476345559227962,
            51.038309111087926
          ],
          [
            6.475479965997647,
            51.05422597524907
          ]
        ],
        "type": "LineString"
      },
      "properties": {
        "length_m": 1771.75,
        "orientation": "NS",
        "row": 119,
        "segment": 0
      },
      "type": "Feature"
    },
    {
      "geometry": {
        "coordinates": [
          [
            6.4752602869439135,
            51.05826320671553
          ],
          [
            6.473463004332719,
            51.091258322409026
          ]
        ],
        "type": "LineString"
      },
      "properties": {
        "length_m": 3672.8,
        "orientation": "NS",
        "row": 119,
        "segment": 1
      },
      "type": "Feature"
    },
    {
      "geometry": {
        "coordinates": [
          [
            6.476597570635186,
            51.038265699079936
          ],
          [
            6.475720597767934,
            51.054393356535876
          ]
        ],
        "type": "LineString"
      },
      "properties": {
        "length_m": 1795.214,
        "orientation": "NS",
        "row": 120,
        "segment": 0
      },
      "type": "Feature"
    },
    {
      "geometry": {
        "coordinates": [
          [
            6.4755201265063045,
            51.05807795670123
          ],
          [
            6.473714781546599,
            51.091224575286525
          ]
        ],
        "type": "LineString"
      },
      "properties": {
        "length_m": 3689.664,
        "orientation": "NS",
        "row": 120,
        "segment": 1
      },
      "type": "Feature"
    },
    {
      "geometry": {
        "coordinates": [
          [
            6.476849581588961,
            51.03822228652116
          ],
          [
            6.475961483278256,
            51.05455610462024
          ]
        ],
        "type": "LineString"
      },
      "properties": {
        "length_m": 1818.162,
        "orientation": "NS",
        "row": 121,
        "segment": 0
      },
      "type": "Feature"
    },
    {
      "geometry": {
        "coordinates": [
          [
            6.4757799639876374,
            51.05789270607426
          ],
          [
            6.473966558412124,
            51.09119082761607
          ]
        ],
        "type": "LineString"
      },
      "properties": {
        "length_m": 3706.527,
        "orientation": "NS",
        "row": 121,
        "segment": 1
      },
      "type": "Feature"
    },
    {
      "geometry": {
        "coordinates": [
          [
            6.477101592089278,
            51.0381788734116
          ],
          [
            6.476202370475967,
            51.05471885222754
          ]
        ],
        "type": "LineString"
      },
      "properties": {
        "length_m": 1841.11,
        "orientation": "NS",
        "row": 122,
        "segment": 0
      },
      "type": "Feature"
    },
    {
      "geometry": {
        "coordinates": [
          [
            6.476039799387939,
            51.0577074548346
          ],
          [
            6.474552673478424,
            51.085022052199555
          ]
        ],
        "type": "LineString"
      },
      "properties": {
        "length_m": 3040.478,
        "orientation": "NS",
        "row": 122,
        "segment": 1
      },
      "type": "Feature"
    },
    {
      "geometry": {
        "coordinates": [
          [
            6.474401280804299,
            51.08780033699393
          ],
          [
            6.474218334929285,
            51.09115707939768
          ]
        ],
        "type": "LineString"
      },
      "properties": {
        "length_m": 373.652,
        "orientation": "NS",
        "row": 122,
        "segment": 2
      },
      "type": "Feature"
    },
    {
      "geometry": {
        "coordinates": [
          [
            6.477353602136132,
            51.03813545975127
          ],
          [
            6.476443259361079,
            51.05488159935776
          ]
        ],
        "type": "LineString"
      },
      "properties": {
        "length_m": 1864.058,
        "orientation": "NS",
        "row": 123,
        "segment": 0
      },
      "type": "Feature"
    },
    {
      "geometry": {
        "coordinates": [
          [
            6.476299632707232,
            51.05752220298229
          ],
          [
            6.474847582043327,
            51.08419597756821
          ]
        ],
        "type": "LineString"
      },
      "properties": {
        "length_m": 2969.145,
        "orientation": "NS",
        "row": 123,
        "segment": 1
      },
      "type": "Feature"
    },
    {
      "geometry": {
        "coordinates": [
          [
            6.47461233453739,
            51.088513567270645
          ],
          [
            6.474475163796986,
            51.091030621613136
          ]
        ],
        "type": "LineString"
      },
      "properties": {
        "length_m": 280.183,
        "orientation": "NS",
        "row": 123,
        "segment": 2
      },
      "type": "Feature"
    },
    {
      "geometry": {
        "coordinates": [
          [
            6.477605611729517,
            51.038092045540154
          ],
          [
            6.47668414993361,
            51.05504434601093
          ]
        ],
        "type": "LineString"
      },
      "properties": {
        "length_m": 1887.006,
        "orientation": "NS",
        "row": 124,
        "segment": 0
      },
      "type": "Feature"
    },
    {
      "geometry": {
        "coordinates": [
          [
            6.476559463945541,
            51.05733695051732
          ],
          [
            6.475131513987514,
            51.083571211381724
          ]
        ],
        "type": "LineString"
      },
      "properties": {
        "length_m": 2920.221,
        "orientation": "NS",
        "row": 124,
        "segment": 1
      },
      "type": "Feature"
    },
    {
      "geometry": {
        "coordinates": [
          [
            6.474839694393891,
            51.08892765396281
          ],
          [
            6.474736356022413,
            51.090824068046174
          ]
        ],
        "type": "LineString"
      },
      "properties": {
        "length_m": 211.097,
        "orientation": "NS",
        "row": 124,
        "segment": 2
      },
      "type": "Feature"
    },
    {
      "geometry": {
        "coordinates": [
          [
            6.47785749648113,
            51.038050920518295
          ],
          [
            6.476925042193579,
            51.055207092187
          ]
        ],
        "type": "LineString"
      },
      "properties": {
        "length_m": 1909.699,
        "orientation": "NS",
        "row": 125,
        "segment": 0
      },
      "type": "Feature"
    },
    {
      "geometry": {
        "coordinates": [
          [
            6.476819293102892,
            51.0571516974397
          ],
          [
            6.475405813721072,
            51.08312315123956
          ]
        ],
        "type": "LineString"
      },
      "properties": {
        "length_m": 2890.966,
        "orientation": "NS",
        "row": 125,
        "segment": 1
      },
      "type": "Feature"
    },
    {
      "geometry": {
        "coordinates": [
          [
            6.475066974766641,
            51.08934327153617
          ],
          [
            6.474998933632219,
            51.09059204556169
          ]
        ],
        "type": "LineString"
      },
      "properties": {
        "length_m": 139.006,
        "orientation": "NS",
        "row": 125,
        "segment": 2
      },
      "type": "Feature"
    },
    {
      "geometry": {
        "coordinates": [
          [
            6.478109351514451,
            51.03801033417203
          ],
          [
            6.477165936141,
            51.05536983788599
          ]
        ],
        "type": "LineString"
      },
      "properties": {
        "length_m": 1932.332,
        "orientation": "NS",
        "row": 126,
        "segment": 0
      },
      "type": "Feature"
    },
    {
      "geometry": {
        "coordinates": [
          [
            6.477079120179306,
            51.05696644374947
          ],
          [
            6.475676483598129,
            51.082741644500246
          ]
        ],
        "type": "LineString"
      },
      "properties": {
        "length_m": 2869.12,
        "orientation": "NS",
        "row": 126,
        "segment": 1
      },
      "type": "Feature"
    },
    {
      "geometry": {
        "coordinates": [
          [
            6.478361206125426,
            51.037969747276136
          ],
          [
            6.477406831775893,
            51.05553258310788
          ]
        ],
        "type": "LineString"
      },
      "properties": {
        "length_m": 1954.965,
        "orientation": "NS",
        "row": 127,
        "segment": 0
      },
      "type": "Feature"
    },
    {
      "geometry": {
        "coordinates": [
          [
            6.477338945174811,
            51.05678118944662
          ],
          [
            6.475946368786489,
            51.08237446428499
          ]
        ],
        "type": "LineString"
      },
      "properties": {
        "length_m": 2848.868,
        "orientation": "NS",
        "row": 127,
        "segment": 1
      },
      "type": "Feature"
    },
    {
      "geometry": {
        "coordinates": [
          [
            6.478613060314048,
            51.03792915983061
          ],
          [
            6.477647729098273,
            51.05569532785267
          ]
        ],
        "type": "LineString"
      },
      "properties": {
        "length_m": 1977.598,
        "orientation": "NS",
        "row": 128,
        "segment": 0
      },
      "type": "Feature"
    },
    {
      "geometry": {
        "coordinates": [
          [
            6.477598768089425,
            51.05659593453115
          ],
          [
            6.476216249617527,
            51.08200728336501
          ]
        ],
        "type": "LineString"
      },
      "properties": {
        "length_m": 2828.617,
        "orientation": "NS",
        "row": 128,
        "segment": 1
      },
      "type": "Feature"
    },
    {
      "geometry": {
        "coordinates": [
          [
            6.478864914080312,
            51.03788857183547
          ],
          [
            6.4778885403596975,
            51.055859686384146
          ]
        ],
        "type": "LineString"
      },
      "properties": {
        "length_m": 2000.411,
        "orientation": "NS",
        "row": 129,
        "segment": 0
      },
      "type": "Feature"
    },
    {
      "geometry": {
        "coordinates": [
          [
            6.477858588923177,
            51.05641067900309
          ],
          [
            6.4764844468276355,
            51.081670948584396
          ]
        ],
        "type": "LineString"
      },
      "properties": {
        "length_m": 2811.799,
        "orientation": "NS",
        "row": 129,
        "segment": 1
      },
      "type": "Feature"
    },
    {
      "geometry": {
        "coordinates": [
          [
            6.47911676742421,
            51.03784798329069
          ],
          [
            6.476750739974553,
            51.0813695207407
          ]
        ],
        "type": "LineString"
      },
      "properties": {
        "length_m": 4844.507,
        "orientation": "NS",
        "row": 130,
        "segment": 0
      },
      "type": "Feature"
    },
    {
      "geometry": {
        "coordinates": [
          [
            6.479368620345737,
            51.037807394196285
          ],
          [
            6.477017029609857,
            51.08106809222708
          ]
        ],
        "type": "LineString"
      },
      "properties": {
        "length_m": 4815.471,
        "orientation": "NS",
        "row": 131,
        "segment": 0
      },
      "type": "Feature"
    },
    {
      "geometry": {
        "coordinates": [
          [
            6.479620472844885,
            51.037766804552284
          ],
          [
            6.477283306531102,
            51.08076683214617
          ]
        ],
        "type": "LineString"
      },
      "properties": {
        "length_m": 4786.454,
        "orientation": "NS",
        "row": 132,
        "segment": 0
      },
      "type": "Feature"
    },
    {
      "geometry": {
        "coordinates": [
          [
            6.47696783642933,
            51.08656284212292
          ],
          [
            6.476966088251665,
            51.0865949553397
          ]
        ],
        "type": "LineString"
      },
      "properties": {
        "length_m": 3.575,
        "orientation": "NS",
        "row": 132,
        "segment": 1
      },
      "type": "Feature"
    },
    {
      "geometry": {
        "coordinates": [
          [
            6.479872346428492,
            51.03772581813911
          ],
          [
            6.477549514082932,
            51.08046678175998
          ]
        ],
        "type": "LineString"
      },
      "properties": {
        "length_m": 4757.615,
        "orientation": "NS",
        "row": 133,
        "segment": 0
      },
      "type": "Feature"
    },
    {
      "geometry": {
        "coordinates": [
          [
            6.4772193812224605,
            51.086532844034856
          ],
          [
            6.477200834032812,
            51.08687357870981
          ]
        ],
        "type": "LineString"
      },
      "properties": {
        "length_m": 37.928,
        "orientation": "NS",
        "row": 133,
        "segment": 1
      },
      "type": "Feature"
    },
    {
      "geometry": {
        "coordinates": [
          [
            6.480124328786589,
            51.03768281916261
          ],
          [
            6.477815718140834,
            51.08016673070464
          ]
        ],
        "type": "LineString"
      },
      "properties": {
        "length_m": 4729.001,
        "orientation": "NS",
        "row": 134,
        "segment": 0
      },
      "type": "Feature"
    },
    {
      "geometry": {
        "coordinates": [
          [
            6.477470925708463,
            51.08650284540047
          ],
          [
            6.477435040698643,
            51.08716215764897
          ]
        ],
        "type": "LineString"
      },
      "properties": {
        "length_m": 73.39,
        "orientation": "NS",
        "row": 134,
        "segment": 1
      },
      "type": "Feature"
    },
    {
      "geometry": {
        "coordinates": [
          [
            6.480376310695782,
            51.03763981963554
          ],
          [
            6.478081956131744,
            51.079865990996325
          ]
        ],
        "type": "LineString"
      },
      "properties": {
        "length_m": 4700.31,
        "orientation": "NS",
        "row": 135,
        "segment": 0
      },
      "type": "Feature"
    },
    {
      "geometry": {
        "coordinates": [
          [
            6.477722469887329,
            51.08647284621971
          ],
          [
            6.477670178203445,
            51.08743368555474
          ]
        ],
        "type": "LineString"
      },
      "properties": {
        "length_m": 106.954,
        "orientation": "NS",
        "row": 135,
        "segment": 1
      },
      "type": "Feature"
    },
    {
      "geometry": {
        "coordinates": [
          [
            6.480628292156064,
            51.03759681955788
          ],
          [
            6.478348593299271,
            51.079557847671396
          ]
        ],
        "type": "LineString"
      },
      "properties": {
        "length_m": 4670.795,
        "orientation": "NS",
        "row": 136,
        "segment": 0
      },
      "type": "Feature"
    },
    {
      "geometry": {
        "coordinates": [
          [
            6.477974090479578,
            51.086441436601554
          ],
          [
            6.477906531660033,
            51.087682919014284
          ]
        ],
        "type": "LineString"
      },
      "properties": {
        "length_m": 138.194,
        "orientation": "NS",
        "row": 136,
        "segment": 1
      },
      "type": "Feature"
    },
    {
      "geometry": {
        "coordinates": [
          [
            6.48088027316743,
            51.037553818929666
          ],
          [
            6.478615226870634,
            51.079249703673206
          ]
        ],
        "type": "LineString"
      },
      "properties": {
        "length_m": 4641.281,
        "orientation": "NS",
        "row": 137,
        "segment": 0
      },
      "type": "Feature"
    },
    {
      "geometry": {
        "coordinates": [
          [
            6.478226209708103,
            51.086400856153155
          ],
          [
            6.478142887628452,
            51.08793215202177
          ]
        ],
        "type": "LineString"
      },
      "properties": {
        "length_m": 170.454,
        "orientation": "NS",
        "row": 137,
        "segment": 1
      },
      "type": "Feature"
    },
    {
      "geometry": {
        "coordinates": [
          [
            6.481132253729875,
            51.03751081775088
          ],
          [
            6.478881856845919,
            51.07894155900177
          ]
        ],
        "type": "LineString"
      },
      "properties": {
        "length_m": 4611.766,
        "orientation": "NS",
        "row": 138,
        "segment": 0
      },
      "type": "Feature"
    },
    {
      "geometry": {
        "coordinates": [
          [
            6.478478328513116,
            51.08636027515419
          ],
          [
            6.478380962300811,
            51.08814984302387
          ]
        ],
        "type": "LineString"
      },
      "properties": {
        "length_m": 199.203,
        "orientation": "NS",
        "row": 138,
        "segment": 1
      },
      "type": "Feature"
    },
    {
      "geometry": {
        "coordinates": [
          [
            6.4813844769783575,
            51.037463334023435
          ],
          [
            6.479148483225209,
            51.07863341365712
          ]
        ],
        "type": "LineString"
      },
      "properties": {
        "length_m": 4582.75,
        "orientation": "NS",
        "row": 139,
        "segment": 0
      },
      "type": "Feature"
    },
    {
      "geometry": {
        "coordinates": [
          [
            6.478730267229777,
            51.08632299630661
          ],
          [
            6.478622660954362,
            51.088300963932674
          ]
        ],
        "type": "LineString"
      },
      "properties": {
        "length_m": 220.174,
        "orientation": "NS",
        "row": 139,
        "segment": 1
      },
      "type": "Feature"
    },
    {
      "geometry": {
        "coordinates": [
          [
            6.481615739968696,
            51.03780226127244
          ],
          [
            6.479415106008589,
            51.07832526763928
          ]
        ],
        "type": "LineString"
      },
      "properties": {
        "length_m": 4510.721,
        "orientation": "NS",
        "row": 140,
        "segment": 0
      },
      "type": "Feature"
    },
    {
      "geometry": {
        "coordinates": [
          [
            6.478982476027167,
            51.08628074451039
          ],
          [
            6.478864361184647,
            51.088452084360085
          ]
        ],
        "type": "LineString"
      },
      "properties": {
        "length_m": 241.699,
        "orientation": "NS",
        "row": 140,
        "segment": 1
      },
      "type": "Feature"
    },
    {
      "geometry": {
        "coordinates": [
          [
            6.481834708065895,
            51.038367930261806
          ],
          [
            6.479681725196146,
            51.07801712094823
          ]
        ],
        "type": "LineString"
      },
      "properties": {
        "length_m": 4413.454,
        "orientation": "NS",
        "row": 141,
        "segment": 0
      },
      "type": "Feature"
    },
    {
      "geometry": {
        "coordinates": [
          [
            6.479238782085809,
            51.08616315036014
          ],
          [
            6.479106062991677,
            51.08860320430608
          ]
        ],
        "type": "LineString"
      },
      "properties": {
        "length_m": 271.61,
        "orientation": "NS",
        "row": 141,
        "segment": 1
      },
      "type": "Feature"
    },
    {
      "geometry": {
        "coordinates": [
          [
            6.482046276828814,
            51.03907012240946
          ],
          [
            6.47994834078796,
            51.07770897358404
          ]
        ],
        "type": "LineString"
      },
      "properties": {
        "length_m": 4300.99,
        "orientation": "NS",
        "row": 142,
        "segment": 0
      },
      "type": "Feature"
    },
    {
      "geometry": {
        "coordinates": [
          [
            6.479528903340218,
            51.08542371550318
          ],
          [
            6.479347786560098,
            51.08875395266659
          ]
        ],
        "type": "LineString"
      },
      "properties": {
        "length_m": 370.7,
        "orientation": "NS",
        "row": 142,
        "segment": 1
      },
      "type": "Feature"
    },
    {
      "geometry": {
        "coordinates": [
          [
            6.482274809285421,
            51.03945962783021
          ],
          [
            6.480214952784119,
            51.077400825546704
          ]
        ],
        "type": "LineString"
      },
      "properties": {
        "length_m": 4223.331,
        "orientation": "NS",
        "row": 143,
        "segment": 0
      },
      "type": "Feature"
    },
    {
      "geometry": {
        "coordinates": [
          [
            6.47982023215758,
            51.08466189318366
          ],
          [
            6.4795895572939886,
            51.08890386223242
          ]
        ],
        "type": "LineString"
      },
      "properties": {
        "length_m": 472.187,
        "orientation": "NS",
        "row": 143,
        "segment": 1
      },
      "type": "Feature"
    },
    {
      "geometry": {
        "coordinates": [
          [
            6.482503345477158,
            51.03984913283425
          ],
          [
            6.480481561184707,
            51.07709267683624
          ]
        ],
        "type": "LineString"
      },
      "properties": {
        "length_m": 4145.673,
        "orientation": "NS",
        "row": 144,
        "segment": 0
      },
      "type": "Feature"
    },
    {
      "geometry": {
        "coordinates": [
          [
            6.480094035954249,
            51.08422224279302
          ],
          [
            6.479831329592764,
            51.089053771316436
          ]
        ],
        "type": "LineString"
      },
      "properties": {
        "length_m": 537.813,
        "orientation": "NS",
        "row": 144,
        "segment": 1
      },
      "type": "Feature"
    },
    {
      "geometry": {
        "coordinates": [
          [
            6.482731885404145,
            51.04023863742157
          ],
          [
            6.480747893992813,
            51.07678953317626
          ]
        ],
        "type": "LineString"
      },
      "properties": {
        "length_m": 4068.572,
        "orientation": "NS",
        "row": 145,
        "segment": 0
      },
      "type": "Feature"
    },
    {
      "geometry": {
        "coordinates": [
          [
            6.480364169537312,
            51.08385001167188
          ],
          [
            6.480073103456437,
            51.0892036799186
          ]
        ],
        "type": "LineString"
      },
      "properties": {
        "length_m": 595.934,
        "orientation": "NS",
        "row": 145,
        "segment": 1
      },
      "type": "Feature"
    },
    {
      "geometry": {
        "coordinates": [
          [
            6.4829604290665035,
            51.04062814159213
          ],
          [
            6.481013511501607,
            51.076499489448466
          ]
        ],
        "type": "LineString"
      },
      "properties": {
        "length_m": 3992.929,
        "orientation": "NS",
        "row": 146,
        "segment": 0
      },
      "type": "Feature"
    },
    {
      "geometry": {
        "coordinates": [
          [
            6.480633767580446,
            51.083487551518985
          ],
          [
            6.480312151585593,
            51.08940374886542
          ]
        ],
        "type": "LineString"
      },
      "properties": {
        "length_m": 658.551,
        "orientation": "NS",
        "row": 146,
        "segment": 1
      },
      "type": "Feature"
    },
    {
      "geometry": {
        "coordinates": [
          [
            6.483189785088451,
            51.0410027301983
          ],
          [
            6.481279125643768,
            51.07620944505687
          ]
        ],
        "type": "LineString"
      },
      "properties": {
        "length_m": 3918.946,
        "orientation": "NS",
        "row": 147,
        "segment": 0
      },
      "type": "Feature"
    },
    {
      "geometry": {
        "coordinates": [
          [
            6.480902533391412,
            51.083140325157274
          ],
          [
            6.480548676949225,
            51.089650258032115
          ]
        ],
        "type": "LineString"
      },
      "properties": {
        "length_m": 724.641,
        "orientation": "NS",
        "row": 147,
        "segment": 1
      },
      "type": "Feature"
    },
    {
      "geometry": {
        "coordinates": [
          [
            6.483419339888945,
            51.04137371821118
          ],
          [
            6.481752808033569,
            51.07208838019204
          ]
        ],
        "type": "LineString"
      },
      "properties": {
        "length_m": 3418.923,
        "orientation": "NS",
        "row": 148,
        "segment": 0
      },
      "type": "Feature"
    },
    {
      "geometry": {
        "coordinates": [
          [
            6.481732254573492,
            51.072466848527654
          ],
          [
            6.4815447364193695,
            51.0759194000015
          ]
        ],
        "type": "LineString"
      },
      "properties": {
        "length_m": 384.313,
        "orientation": "NS",
        "row": 148,
        "segment": 1
      },
      "type": "Feature"
    },
    {
      "geometry": {
        "coordinates": [
          [
            6.4811712951049865,
            51.08279309810186
          ],
          [
            6.4807808951693655,
            51.089976043210534
          ]
        ],
        "type": "LineString"
      },
      "properties": {
        "length_m": 799.556,
        "orientation": "NS",
        "row": 148,
        "segment": 2
      },
      "type": "Feature"
    },
    {
      "geometry": {
        "coordinates": [
          [
            6.483643990415293,
            51.04183524557708
          ],
          [
            6.482017763453238,
            51.07180989717238
          ]
        ],
        "type": "LineString"
      },
      "properties": {
        "length_m": 3336.55,
        "orientation": "NS",
        "row": 149,
        "segment": 0
      },
      "type": "Feature"
    },
    {
      "geometry": {
        "coordinates": [
          [
            6.481972779866905,
            51.07263830303081
          ],
          [
            6.481810343828483,
            51.07562935428237
          ]
        ],
        "type": "LineString"
      },
      "properties": {
        "length_m": 332.942,
        "orientation": "NS",
        "row": 149,
        "segment": 1
      },
      "type": "Feature"
    },
    {
      "geometry": {
        "coordinates": [
          [
            6.481438138855236,
            51.08248109488922
          ],
          [
            6.480949398591136,
            51.0914739849042
          ]
        ],
        "type": "LineString"
      },
      "properties": {
        "length_m": 1001.026,
        "orientation": "NS",
        "row": 149,
        "segment": 2
      },
      "type": "Feature"
    },
    {
      "geometry": {
        "coordinates": [
          [
            6.483863348302593,
            51.042394497085816
          ],
          [
            6.482282641556374,
            51.071532778213545
          ]
        ],
        "type": "LineString"
      },
      "properties": {
        "length_m": 3243.451,
        "orientation": "NS",
        "row": 150,
        "segment": 0
      },
      "type": "Feature"
    },
    {
      "geometry": {
        "coordinates": [
          [
            6.482219343353849,
            51.07269858428774
          ],
          [
            6.482075947871186,
            51.075339307899505
          ]
        ],
        "type": "LineString"
      },
      "properties": {
        "length_m": 293.946,
        "orientation": "NS",
        "row": 150,
        "segment": 1
      },
      "type": "Feature"
    },
    {
      "geometry": {
        "coordinates": [
          [
            6.481704813384546,
            51.08217213875764
          ],
          [
            6.48119290521264,
            51.09159230897148
          ]
        ],
        "type": "LineString"
      },
      "properties": {
        "length_m": 1048.588,
        "orientation": "NS",
        "row": 150,
        "segment": 2
      },
      "type": "Feature"
    },
    {
      "geometry": {
        "coordinates": [
          [
            6.484099398576864,
            51.0426458582026
          ],
          [
            6.482547516455901,
            51.07125565859761
          ]
        ],
        "type": "LineString"
      },
      "properties": {
        "length_m": 3184.624,
        "orientation": "NS",
        "row": 151,
        "segment": 0
      },
      "type": "Feature"
    },
    {
      "geometry": {
        "coordinates": [
          [
            6.482467375450391,
            51.07273182703818
          ],
          [
            6.4823415485475495,
            51.07504926085292
          ]
        ],
        "type": "LineString"
      },
      "properties": {
        "length_m": 257.96,
        "orientation": "NS",
        "row": 151,
        "segment": 1
      },
      "type": "Feature"
    },
    {
      "geometry": {
        "coordinates": [
          [
            6.481971484307209,
            51.08186318195249
          ],
          [
            6.481436413085142,
            51.091710632546544
          ]
        ],
        "type": "LineString"
      },
      "properties": {
        "length_m": 1096.15,
        "orientation": "NS",
        "row": 151,
        "segment": 2
      },
      "type": "Feature"
    },
    {
      "geometry": {
        "coordinates": [
          [
            6.484340541137755,
            51.04280330101155
          ],
          [
            6.482812388151888,
            51.070978538324574
          ]
        ],
        "type": "LineString"
      },
      "properties": {
        "length_m": 3136.251,
        "orientation": "NS",
        "row": 152,
        "segment": 0
      },
      "type": "Feature"
    },
    {
      "geometry": {
        "coordinates": [
          [
            6.482715407920425,
            51.072765069266794
          ],
          [
            6.4826071458576475,
            51.074759213142634
          ]
        ],
        "type": "LineString"
      },
      "properties": {
        "length_m": 221.974,
        "orientation": "NS",
        "row": 152,
        "segment": 1
      },
      "type": "Feature"
    },
    {
      "geometry": {
        "coordinates": [
          [
            6.4822375261817395,
            51.08156573970018
          ],
          [
            6.481679922208648,
            51.09182895562936
          ]
        ],
        "type": "LineString"
      },
      "properties": {
        "length_m": 1142.43,
        "orientation": "NS",
        "row": 152,
        "segment": 2
      },
      "type": "Feature"
    },
    {
      "geometry": {
        "coordinates": [
          [
            6.484581685333342,
            51.04296074334177
          ],
          [
            6.483077256644395,
            51.07070141739451
          ]
        ],
        "type": "LineString"
      },
      "properties": {
        "length_m": 3087.878,
        "orientation": "NS",
        "row": 153,
        "segment": 0
      },
      "type": "Feature"
    },
    {
      "geometry": {
        "coordinates": [
          [
            6.482963440763943,
            51.072798310973596
          ],
          [
            6.482872739801553,
            51.07446916476867
          ]
        ],
        "type": "LineString"
      },
      "properties": {
        "length_m": 185.987,
        "orientation": "NS",
        "row": 153,
        "segment": 1
      },
      "type": "Feature"
    },
    {
      "geometry": {
        "coordinates": [
          [
            6.4825034806676065,
            51.08126984218688
          ],
          [
            6.481923432583162,
            51.09194727821994
          ]
        ],
        "type": "LineString"
      },
      "properties": {
        "length_m": 1188.537,
        "orientation": "NS",
        "row": 153,
        "segment": 2
      },
      "type": "Feature"
    },
    {
      "geometry": {
        "coordinates": [
          [
            6.484822831163638,
            51.04311818519328
          ],
          [
            6.483342594568773,
            51.07041558665299
          ]
        ],
        "type": "LineString"
      },
      "properties": {
        "length_m": 3038.536,
        "orientation": "NS",
        "row": 154,
        "segment": 0
      },
      "type": "Feature"
    },
    {
      "geometry": {
        "coordinates": [
          [
            6.48321147398094,
            51.07283155215857
          ],
          [
            6.483138330379339,
            51.07417911573102
          ]
        ],
        "type": "LineString"
      },
      "properties": {
        "length_m": 150.001,
        "orientation": "NS",
        "row": 154,
        "segment": 1
      },
      "type": "Feature"
    },
    {
      "geometry": {
        "coordinates": [
          [
            6.482769431712333,
            51.08097394400677
          ],
          [
            6.482166944208692,
            51.092065600318264
          ]
        ],
        "type": "LineString"
      },
      "properties": {
        "length_m": 1234.645,
        "orientation": "NS",
        "row": 154,
        "segment": 2
      },
      "type": "Feature"
    },
    {
      "geometry": {
        "coordinates": [
          [
            6.485063530357874,
            51.04328390046079
          ],
          [
            6.483608798765088,
            51.07011372972987
          ]
        ],
        "type": "LineString"
      },
      "properties": {
        "length_m": 2986.489,
        "orientation": "NS",
        "row": 155,
        "segment": 0
      },
      "type": "Feature"
    },
    {
      "geometry": {
        "coordinates": [
          [
            6.483459507571408,
            51.072864792821726
          ],
          [
            6.483403917591081,
            51.07388906602975
          ]
        ],
        "type": "LineString"
      },
      "properties": {
        "length_m": 114.015,
        "orientation": "NS",
        "row": 155,
        "segment": 1
      },
      "type": "Feature"
    },
    {
      "geometry": {
        "coordinates": [
          [
            6.483035379315998,
            51.080678045159885
          ],
          [
            6.482410415703046,
            51.09218468358901
          ]
        ],
        "type": "LineString"
      },
      "properties": {
        "length_m": 1280.838,
        "orientation": "NS",
        "row": 155,
        "segment": 2
      },
      "type": "Feature"
    },
    {
      "geometry": {
        "coordinates": [
          [
            6.485304103108262,
            51.04345198094551
          ],
          [
            6.4838749994473615,
            51.06981187213719
          ]
        ],
        "type": "LineString"
      },
      "properties": {
        "length_m": 2934.178,
        "orientation": "NS",
        "row": 156,
        "segment": 0
      },
      "type": "Feature"
    },
    {
      "geometry": {
        "coordinates": [
          [
            6.48370754153534,
            51.07289803296306
          ],
          [
            6.48366950143685,
            51.07359901566484
          ]
        ],
        "type": "LineString"
      },
      "properties": {
        "length_m": 78.028,
        "orientation": "NS",
        "row": 156,
        "segment": 1
      },
      "type": "Feature"
    },
    {
      "geometry": {
        "coordinates": [
          [
            6.48330132347868,
            51.08038214564623
          ],
          [
            6.482658285207603,
            51.09222283378842
          ]
        ],
        "type": "LineString"
      },
      "properties": {
        "length_m": 1318.022,
        "orientation": "NS",
        "row": 156,
        "segment": 2
      },
      "type": "Feature"
    },
    {
      "geometry": {
        "coordinates": [
          [
            6.485544677597066,
            51.04362006095484
          ],
          [
            6.484141196615671,
            51.06951001387496
          ]
        ],
        "type": "LineString"
      },
      "properties": {
        "length_m": 2881.868,
        "orientation": "NS",
        "row": 157,
        "segment": 0
      },
      "type": "Feature"
    },
    {
      "geometry": {
        "coordinates": [
          [
            6.4839555758727325,
            51.072931272582565
          ],
          [
            6.483935081916721,
            51.07330896463633
          ]
        ],
        "type": "LineString"
      },
      "properties": {
        "length_m": 42.042,
        "orientation": "NS",
        "row": 157,
        "segment": 1
      },
      "type": "Feature"
    },
    {
      "geometry": {
        "coordinates": [
          [
            6.483567264200454,
            51.08008624546583
          ],
          [
            6.482906155137868,
            51.09226098346744
          ]
        ],
        "type": "LineString"
      },
      "properties": {
        "length_m": 1355.206,
        "orientation": "NS",
        "row": 157,
        "segment": 2
      },
      "type": "Feature"
    },
    {
      "geometry": {
        "coordinates": [
          [
            6.485785253824305,
            51.043788140488736
          ],
          [
            6.484407390270097,
            51.06920815494321
          ]
        ],
        "type": "LineString"
      },
      "properties": {
        "length_m": 2829.557,
        "orientation": "NS",
        "row": 158,
        "segment": 0
      },
      "type": "Feature"
    },
    {
      "geometry": {
        "coordinates": [
          [
            6.484203610583578,
            51.07296451168023
          ],
          [
            6.484200659030768,
            51.07301891294423
          ]
        ],
        "type": "LineString"
      },
      "properties": {
        "length_m": 6.056,
        "orientation": "NS",
        "row": 158,
        "segment": 1
      },
      "type": "Feature"
    },
    {
      "geometry": {
        "coordinates": [
          [
            6.483833201481399,
            51.0797903446187
          ],
          [
            6.483154489246649,
            51.09229059447974
          ]
        ],
        "type": "LineString"
      },
      "properties": {
        "length_m": 1391.439,
        "orientation": "NS",
        "row": 158,
        "segment": 2
      },
      "type": "Feature"
    },
    {
      "geometry": {
        "coordinates": [
          [
            6.4860258317899975,
            51.043956219547205
          ],
          [
            6.484673580410721,
            51.068906295341954
          ]
        ],
        "type": "LineString"
      },
      "properties": {
        "length_m": 2777.247,
        "orientation": "NS",
        "row": 159,
        "segment": 0
      },
      "type": "Feature"
    },
    {
      "geometry": {
        "coordinates": [
          [
            6.484099135321591,
            51.079494443104856
          ],
          [
            6.483402948038424,
            51.092317915383084
          ]
        ],
        "type": "LineString"
      },
      "properties": {
        "length_m": 1427.417,
        "orientation": "NS",
        "row": 159,
        "segment": 1
      },
      "type": "Feature"
    },
    {
      "geometry": {
        "coordinates": [
          [
            6.486266411494161,
            51.04412429813022
          ],
          [
            6.484939867573824,
            51.06860258121226
          ]
        ],
        "type": "LineString"
      },
      "properties": {
        "length_m": 2724.73,
        "orientation": "NS",
        "row": 160,
        "segment": 0
      },
      "type": "Feature"
    },
    {
      "geometry": {
        "coordinates": [
          [
            6.484365065721106,
            51.07919854092433
          ],
          [
            6.4836514071413545,
            51.092345235762004
          ]
        ],
        "type": "LineString"
      },
      "properties": {
        "length_m": 1463.396,
        "orientation": "NS",
        "row": 160,
        "segment": 1
      },
      "type": "Feature"
    },
    {
      "geometry": {
        "coordinates": [
          [
            6.486506992936814,
            51.04429237623781
          ],
          [
            6.48520615819765,
            51.06829873735952
          ]
        ],
        "type": "LineString"
      },
      "properties": {
        "length_m": 2672.199,
        "orientation": "NS",
        "row": 161,
        "segment": 0
      },
      "type": "Feature"
    },
    {
      "geometry": {
        "coordinates": [
          [
            6.484630992680022,
            51.07890263807712
          ],
          [
            6.483899866555432,
            51.09237255561657
          ]
        ],
        "type": "LineString"
      },
      "properties": {
        "length_m": 1499.374,
        "orientation": "NS",
        "row": 161,
        "segment": 1
      },
      "type": "Feature"
    },
    {
      "geometry": {
        "coordinates": [
          [
            6.4867475851640926,
            51.04446028679758
          ],
          [
            6.485472445282841,
            51.06799489283634
          ]
        ],
        "type": "LineString"
      },
      "properties": {
        "length_m": 2619.686,
        "orientation": "NS",
        "row": 162,
        "segment": 0
      },
      "type": "Feature"
    },
    {
      "geometry": {
        "coordinates": [
          [
            6.485091907663571,
            51.075012125958885
          ],
          [
            6.485087750316351,
            51.07508877313658
          ]
        ],
        "type": "LineString"
      },
      "properties": {
        "length_m": 8.532,
        "orientation": "NS",
        "row": 162,
        "segment": 1
      },
      "type": "Feature"
    },
    {
      "geometry": {
        "coordinates": [
          [
            6.484897317822311,
            51.07859933151082
          ],
          [
            6.4841483262806525,
            51.09239987494676
          ]
        ],
        "type": "LineString"
      },
      "properties": {
        "length_m": 1536.177,
        "orientation": "NS",
        "row": 162,
        "segment": 2
      },
      "type": "Feature"
    },
    {
      "geometry": {
        "coordinates": [
          [
            6.4869882365804985,
            51.04462713570364
          ],
          [
            6.4857387288294825,
            51.067691047642704
          ]
        ],
        "type": "LineString"
      },
      "properties": {
        "length_m": 2567.292,
        "orientation": "NS",
        "row": 163,
        "segment": 0
      },
      "type": "Feature"
    },
    {
      "geometry": {
        "coordinates": [
          [
            6.485358683491442,
            51.07470002408095
          ],
          [
            6.485336154814109,
            51.07511542009736
          ]
        ],
        "type": "LineString"
      },
      "properties": {
        "length_m": 46.239,
        "orientation": "NS",
        "row": 163,
        "segment": 1
      },
      "type": "Feature"
    },
    {
      "geometry": {
        "coordinates": [
          [
            6.485163784021914,
            51.07829335873992
          ],
          [
            6.484396786317007,
            51.09242719375254
          ]
        ],
        "type": "LineString"
      },
      "properties": {
        "length_m": 1573.276,
        "orientation": "NS",
        "row": 163,
        "segment": 2
      },
      "type": "Feature"
    },
    {
      "geometry": {
        "coordinates": [
          [
            6.487228889723519,
            51.04479398413385
          ],
          [
            6.486005008837653,
            51.06738720177865
          ]
        ],
        "type": "LineString"
      },
      "properties": {
        "length_m": 2514.897,
        "orientation": "NS",
        "row": 164,
        "segment": 0
      },
      "type": "Feature"
    },
    {
      "geometry": {
        "coordinates": [
          [
            6.485625455674676,
            51.07438792152816
          ],
          [
            6.48558432324809,
            51.075146425180606
          ]
        ],
        "type": "LineString"
      },
      "properties": {
        "length_m": 84.431,
        "orientation": "NS",
        "row": 164,
        "segment": 1
      },
      "type": "Feature"
    },
    {
      "geometry": {
        "coordinates": [
          [
            6.485430246653885,
            51.07798738529723
          ],
          [
            6.484645246664492,
            51.09245451203393
          ]
        ],
        "type": "LineString"
      },
      "properties": {
        "length_m": 1610.375,
        "orientation": "NS",
        "row": 164,
        "segment": 2
      },
      "type": "Feature"
    },
    {
      "geometry": {
        "coordinates": [
          [
            6.48746954459317,
            51.0449608320882
          ],
          [
            6.486270651705836,
            51.06709504550668
          ]
        ],
        "type": "LineString"
      },
      "properties": {
        "length_m": 2463.804,
        "orientation": "NS",
        "row": 165,
        "segment": 0
      },
      "type": "Feature"
    },
    {
      "geometry": {
        "coordinates": [
          [
            6.48589072282814,
            51.07410350846836
          ],
          [
            6.485832487649204,
            51.07517751056721
          ]
        ],
        "type": "LineString"
      },
      "properties": {
        "length_m": 119.55,
        "orientation": "NS",
        "row": 165,
        "segment": 1
      },
      "type": "Feature"
    },
    {
      "geometry": {
        "coordinates": [
          [
            6.485696705718308,
            51.07768141118279
          ],
          [
            6.484893707323097,
            51.09248182979094
          ]
        ],
        "type": "LineString"
      },
      "properties": {
        "length_m": 1647.475,
        "orientation": "NS",
        "row": 165,
        "segment": 2
      },
      "type": "Feature"
    },
    {
      "geometry": {
        "coordinates": [
          [
            6.487710201189469,
            51.04512767956667
          ],
          [
            6.486535753552815,
            51.066812809263105
          ]
        ],
        "type": "LineString"
      },
      "properties": {
        "length_m": 2413.815,
        "orientation": "NS",
        "row": 166,
        "segment": 0
      },
      "type": "Feature"
    },
    {
      "geometry": {
        "coordinates": [
          [
            6.486155605474148,
            51.07382612628674
          ],
          [
            6.486080652401033,
            51.07520859543112
          ]
        ],
        "type": "LineString"
      },
      "properties": {
        "length_m": 153.886,
        "orientation": "NS",
        "row": 166,
        "segment": 1
      },
      "type": "Feature"
    },
    {
      "geometry": {
        "coordinates": [
          [
            6.485963161215265,
            51.077375436396615
          ],
          [
            6.485142168292816,
            51.09250914702357
          ]
        ],
        "type": "LineString"
      },
      "properties": {
        "length_m": 1684.574,
        "orientation": "NS",
        "row": 166,
        "segment": 2
      },
      "type": "Feature"
    },
    {
      "geometry": {
        "coordinates": [
          [
            6.48795400174876,
            51.04523646653634
          ],
          [
            6.486800852133464,
            51.06653057236017
          ]
        ],
        "type": "LineString"
      },
      "properties": {
        "length_m": 2370.289,
        "orientation": "NS",
        "row": 167,
        "segment": 0
      },
      "type": "Feature"
    },
    {
      "geometry": {
        "coordinates": [
          [
            6.486420484913179,
            51.073548743448015
          ],
          [
            6.486328817503569,
            51.07523967977237
          ]
        ],
        "type": "LineString"
      },
      "properties": {
        "length_m": 188.222,
        "orientation": "NS",
        "row": 167,
        "segment": 1
      },
      "type": "Feature"
    },
    {
      "geometry": {
        "coordinates": [
          [
            6.486229613144842,
            51.07706946093872
          ],
          [
            6.485389773180451,
            51.092552244671104
          ]
        ],
        "type": "LineString"
      },
      "properties": {
        "length_m": 1723.43,
        "orientation": "NS",
        "row": 167,
        "segment": 2
      },
      "type": "Feature"
    },
    {
      "geometry": {
        "coordinates": [
          [
            6.488202016464621,
            51.045267400508834
          ],
          [
            6.487065947447857,
            51.06624833479786
          ]
        ],
        "type": "LineString"
      },
      "properties": {
        "length_m": 2335.429,
        "orientation": "NS",
        "row": 168,
        "segment": 0
      },
      "type": "Feature"
    },
    {
      "geometry": {
        "coordinates": [
          [
            6.486686088579197,
            51.07325793918873
          ],
          [
            6.486576982956808,
            51.07527076359095
          ]
        ],
        "type": "LineString"
      },
      "properties": {
        "length_m": 224.052,
        "orientation": "NS",
        "row": 168,
        "segment": 1
      },
      "type": "Feature"
    },
    {
      "geometry": {
        "coordinates": [
          [
            6.486496061507118,
            51.07676348480915
          ],
          [
            6.485637202327076,
            51.092598589334656
          ]
        ],
        "type": "LineString"
      },
      "properties": {
        "length_m": 1762.647,
        "orientation": "NS",
        "row": 168,
        "segment": 2
      },
      "type": "Feature"
    },
    {
      "geometry": {
        "coordinates": [
          [
            6.488442749416068,
            51.045432913735674
          ],
          [
            6.487331039496062,
            51.06596609657619
          ]
        ],
        "type": "LineString"
      },
      "properties": {
        "length_m": 2285.588,
        "orientation": "NS",
        "row": 169,
        "segment": 0
      },
      "type": "Feature"
    },
    {
      "geometry": {
        "coordinates": [
          [
            6.486952348856026,
            51.07295495645843
          ],
          [
            6.486825101068012,
            51.075302726776606
          ]
        ],
        "type": "LineString"
      },
      "properties": {
        "length_m": 261.336,
        "orientation": "NS",
        "row": 169,
        "segment": 1
      },
      "type": "Feature"
    },
    {
      "geometry": {
        "coordinates": [
          [
            6.486762506302178,
            51.0764575080079
          ],
          [
            6.485884631985593,
            51.092644933480834
          ]
        ],
        "type": "LineString"
      },
      "properties": {
        "length_m": 1801.865,
        "orientation": "NS",
        "row": 169,
        "segment": 2
      },
      "type": "Feature"
    },
    {
      "geometry": {
        "coordinates": [
          [
            6.488683101091915,
            51.045605505070775
          ],
          [
            6.487595965719745,
            51.065686858712816
          ]
        ],
        "type": "LineString"
      },
      "properties": {
        "length_m": 2235.294,
        "orientation": "NS",
        "row": 170,
        "segment": 0
      },
      "type": "Feature"
    },
    {
      "geometry": {
        "coordinates": [
          [
            6.487218605604354,
            51.07265197305811
          ],
          [
            6.487070917467585,
            51.07537716477706
          ]
        ],
        "type": "LineString"
      },
      "properties": {
        "length_m": 303.347,
        "orientation": "NS",
        "row": 170,
        "segment": 1
      },
      "type": "Feature"
    },
    {
      "geometry": {
        "coordinates": [
          [
            6.487028947530105,
            51.07615153053501
          ],
          [
            6.486132062155996,
            51.09269127710962
          ]
        ],
        "type": "LineString"
      },
      "properties": {
        "length_m": 1841.082,
        "orientation": "NS",
        "row": 170,
        "segment": 2
      },
      "type": "Feature"
    },
    {
      "geometry": {
        "coordinates": [
          [
            6.488923454550231,
            51.04577809593174
          ],
          [
            6.487853249835151,
            51.06554865853583
          ]
        ],
        "type": "LineString"
      },
      "properties": {
        "length_m": 2200.699,
        "orientation": "NS",
        "row": 171,
        "segment": 0
      },
      "type": "Feature"
    },
    {
      "geometry": {
        "coordinates": [
          [
            6.4874848588242635,
            51.07234898898777
          ],
          [
            6.487308180678294,
            51.07560944542172
          ]
        ],
        "type": "LineString"
      },
      "properties": {
        "length_m": 362.929,
        "orientation": "NS",
        "row": 171,
        "segment": 1
      },
      "type": "Feature"
    },
    {
      "geometry": {
        "coordinates": [
          [
            6.487296360505665,
            51.07582755564321
          ],
          [
            6.486379492838281,
            51.092737620220994
          ]
        ],
        "type": "LineString"
      },
      "properties": {
        "length_m": 1882.303,
        "orientation": "NS",
        "row": 171,
        "segment": 2
      },
      "type": "Feature"
    },
    {
      "geometry": {
        "coordinates": [
          [
            6.489163809791033,
            51.04595068631855
          ],
          [
            6.4881051883910015,
            51.06550913574696
          ]
        ],
        "type": "LineString"
      },
      "properties": {
        "length_m": 2177.088,
        "orientation": "NS",
        "row": 172,
        "segment": 0
      },
      "type": "Feature"
    },
    {
      "geometry": {
        "coordinates": [
          [
            6.487742137871083,
            51.072211584526215
          ],
          [
            6.486626924032441,
            51.09278396281495
          ]
        ],
        "type": "LineString"
      },
      "properties": {
        "length_m": 2289.963,
        "orientation": "NS",
        "row": 172,
        "segment": 1
      },
      "type": "Feature"
    },
    {
      "geometry": {
        "coordinates": [
          [
            6.489404166814345,
            51.0461232762312
          ],
          [
            6.488353740095369,
            51.065532149380104
          ]
        ],
        "type": "LineString"
      },
      "properties": {
        "length_m": 2160.438,
        "orientation": "NS",
        "row": 173,
        "segment": 0
      },
      "type": "Feature"
    },
    {
      "geometry": {
        "coordinates": [
          [
            6.48798848248848,
            51.07227599883286
          ],
          [
            6.486874355738474,
            51.09283030489151
          ]
        ],
        "type": "LineString"
      },
      "properties": {
        "length_m": 2287.951,
        "orientation": "NS",
        "row": 173,
        "segment": 1
      },
      "type": "Feature"
    },
    {
      "geometry": {
        "coordinates": [
          [
            6.489644525620183,
            51.046295865669705
          ],
          [
            6.488600604454907,
            51.06558633034882
          ]
        ],
        "type": "LineString"
      },
      "properties": {
        "length_m": 2147.257,
        "orientation": "NS",
        "row": 174,
        "segment": 0
      },
      "type": "Feature"
    },
    {
      "geometry": {
        "coordinates": [
          [
            6.488234827805566,
            51.07234041262895
          ],
          [
            6.487121787956372,
            51.09287664645064
          ]
        ],
        "type": "LineString"
      },
      "properties": {
        "length_m": 2285.939,
        "orientation": "NS",
        "row": 174,
        "segment": 1
      },
      "type": "Feature"
    },
    {
      "geometry": {
        "coordinates": [
          [
            6.4898848862085705,
            51.04646845463403
          ],
          [
            6.488847469407472,
            51.06564051080345
          ]
        ],
        "type": "LineString"
      },
      "properties": {
        "length_m": 2134.076,
        "orientation": "NS",
        "row": 175,
        "segment": 0
      },
      "type": "Feature"
    },
    {
      "geometry": {
        "coordinates": [
          [
            6.488481173822336,
            51.07240482591451
          ],
          [
            6.487369265201121,
            51.09292216656935
          ]
        ],
        "type": "LineString"
      },
      "properties": {
        "length_m": 2283.835,
        "orientation": "NS",
        "row": 175,
        "segment": 1
      },
      "type": "Feature"
    },
    {
      "geometry": {
        "coordinates": [
          [
            6.490125248579524,
            51.046641043124175
          ],
          [
            6.489094334953059,
            51.06569469074399
          ]
        ],
        "type": "LineString"
      },
      "properties": {
        "length_m": 2120.896,
        "orientation": "NS",
        "row": 176,
        "segment": 0
      },
      "type": "Feature"
    },
    {
      "geometry": {
        "coordinates": [
          [
            6.488727520538786,
            51.07246923868952
          ],
          [
            6.487617399117532,
            51.09295558426524
          ]
        ],
        "type": "LineString"
      },
      "properties": {
        "length_m": 2280.385,
        "orientation": "NS",
        "row": 176,
        "segment": 1
      },
      "type": "Feature"
    },
    {
      "geometry": {
        "coordinates": [
          [
            6.490365612733065,
            51.04681363114013
          ],
          [
            6.489341201091663,
            51.06574887017045
          ]
        ],
        "type": "LineString"
      },
      "properties": {
        "length_m": 2107.715,
        "orientation": "NS",
        "row": 177,
        "segment": 0
      },
      "type": "Feature"
    },
    {
      "geometry": {
        "coordinates": [
          [
            6.4889738679549165,
            51.07253365095397
          ],
          [
            6.487865533409662,
            51.09298900143901
          ]
        ],
        "type": "LineString"
      },
      "properties": {
        "length_m": 2276.934,
        "orientation": "NS",
        "row": 177,
        "segment": 1
      },
      "type": "Feature"
    },
    {
      "geometry": {
        "coordinates": [
          [
            6.490605978669214,
            51.046986218681894
          ],
          [
            6.489588072443826,
            51.065802963714766
          ]
        ],
        "type": "LineString"
      },
      "properties": {
        "length_m": 2094.525,
        "orientation": "NS",
        "row": 178,
        "segment": 0
      },
      "type": "Feature"
    },
    {
      "geometry": {
        "coordinates": [
          [
            6.489220216070721,
            51.072598062707854
          ],
          [
            6.488113668077509,
            51.09302241809061
          ]
        ],
        "type": "LineString"
      },
      "properties": {
        "length_m": 2273.484,
        "orientation": "NS",
        "row": 178,
        "segment": 1
      },
      "type": "Feature"
    },
    {
      "geometry": {
        "coordinates": [
          [
            6.49084634638799,
            51.04715880574945
          ],
          [
            6.489989536113449,
            51.063000347814544
          ]
        ],
        "type": "LineString"
      },
      "properties": {
        "length_m": 1763.349,
        "orientation": "NS",
        "row": 179,
        "segment": 0
      },
      "type": "Feature"
    },
    {
      "geometry": {
        "coordinates": [
          [
            6.489958020666125,
            51.063582761503724
          ],
          [
            6.489834982580736,
            51.065856351039145
          ]
        ],
        "type": "LineString"
      },
      "properties": {
        "length_m": 253.078,
        "orientation": "NS",
        "row": 179,
        "segment": 1
      },
      "type": "Feature"
    },
    {
      "geometry": {
        "coordinates": [
          [
            6.4894665648861976,
            51.07266247395117
          ],
          [
            6.488361803121064,
            51.093055834220046
          ]
        ],
        "type": "LineString"
      },
      "properties": {
        "length_m": 2270.033,
        "orientation": "NS",
        "row": 179,
        "segment": 2
      },
      "type": "Feature"
    },
    {
      "geometry": {
        "coordinates": [
          [
            6.491086715889414,
            51.047331392342784
          ],
          [
            6.490256287458133,
            51.06268675344589
          ]
        ],
        "type": "LineString"
      },
      "properties": {
        "length_m": 1709.231,
        "orientation": "NS",
        "row": 180,
        "segment": 0
      },
      "type": "Feature"
    },
    {
      "geometry": {
        "coordinates": [
          [
            6.490201587288057,
            51.06369773336045
          ],
          [
            6.490081893302398,
            51.06590973784913
          ]
        ],
        "type": "LineString"
      },
      "properties": {
        "length_m": 246.222,
        "orientation": "NS",
        "row": 180,
        "segment": 1
      },
      "type": "Feature"
    },
    {
      "geometry": {
        "coordinates": [
          [
            6.489712914401341,
            51.07272688468393
          ],
          [
            6.4886099385403195,
            51.09308924982733
          ]
        ],
        "type": "LineString"
      },
      "properties": {
        "length_m": 2266.583,
        "orientation": "NS",
        "row": 180,
        "segment": 2
      },
      "type": "Feature"
    },
    {
      "geometry": {
        "coordinates": [
          [
            6.491327087173502,
            51.04750397846189
          ],
          [
            6.490523035142296,
            51.0623731584021
          ]
        ],
        "type": "LineString"
      },
      "properties": {
        "length_m": 1655.113,
        "orientation": "NS",
        "row": 181,
        "segment": 0
      },
      "type": "Feature"
    },
    {
      "geometry": {
        "coordinates": [
          [
            6.490448058835207,
            51.063759034236924
          ],
          [
            6.490328804608808,
            51.06596312414473
          ]
        ],
        "type": "LineString"
      },
      "properties": {
        "length_m": 245.341,
        "orientation": "NS",
        "row": 181,
        "segment": 1
      },
      "type": "Feature"
    },
    {
      "geometry": {
        "coordinates": [
          [
            6.489959376898456,
            51.072789220617615
          ],
          [
            6.488858074335272,
            51.09312266491245
          ]
        ],
        "type": "LineString"
      },
      "properties": {
        "length_m": 2263.363,
        "orientation": "NS",
        "row": 181,
        "segment": 2
      },
      "type": "Feature"
    },
    {
      "geometry": {
        "coordinates": [
          [
            6.491567490741522,
            51.04767599976172
          ],
          [
            6.4907897791660245,
            51.06205956268326
          ]
        ],
        "type": "LineString"
      },
      "properties": {
        "length_m": 1601.058,
        "orientation": "NS",
        "row": 182,
        "segment": 0
      },
      "type": "Feature"
    },
    {
      "geometry": {
        "coordinates": [
          [
            6.4906945771589095,
            51.06381948225728
          ],
          [
            6.490585023986374,
            51.0658444797786
          ]
        ],
        "type": "LineString"
      },
      "properties": {
        "length_m": 225.406,
        "orientation": "NS",
        "row": 182,
        "segment": 1
      },
      "type": "Feature"
    },
    {
      "geometry": {
        "coordinates": [
          [
            6.490208320313356,
            51.072805731954645
          ],
          [
            6.489106210505912,
            51.093156079475406
          ]
        ],
        "type": "LineString"
      },
      "properties": {
        "length_m": 2265.244,
        "orientation": "NS",
        "row": 182,
        "segment": 2
      },
      "type": "Feature"
    },
    {
      "geometry": {
        "coordinates": [
          [
            6.4918109131634605,
            51.04779219243806
          ],
          [
            6.491056519529407,
            51.06174596628936
          ]
        ],
        "type": "LineString"
      },
      "properties": {
        "length_m": 1553.217,
        "orientation": "NS",
        "row": 183,
        "segment": 0
      },
      "type": "Feature"
    },
    {
      "geometry": {
        "coordinates": [
          [
            6.490941096140805,
            51.0638799297658
          ],
          [
            6.490850644153886,
            51.065552035860954
          ]
        ],
        "type": "LineString"
      },
      "properties": {
        "length_m": 186.125,
        "orientation": "NS",
        "row": 183,
        "segment": 1
      },
      "type": "Feature"
    },
    {
      "geometry": {
        "coordinates": [
          [
            6.490460696308889,
            51.07275882070005
          ],
          [
            6.489354347052236,
            51.093189493516206
          ]
        ],
        "type": "LineString"
      },
      "properties": {
        "length_m": 2274.185,
        "orientation": "NS",
        "row": 183,
        "segment": 2
      },
      "type": "Feature"
    },
    {
      "geometry": {
        "coordinates": [
          [
            6.492055163884609,
            51.04789307897161
          ],
          [
            6.49132325623253,
            51.0614323692204
          ]
        ],
        "type": "LineString"
      },
      "properties": {
        "length_m": 1507.08,
        "orientation": "NS",
        "row": 184,
        "segment": 0
      },
      "type": "Feature"
    },
    {
      "geometry": {
        "coordinates": [
          [
            6.491187615780887,
            51.06394037676252
          ],
          [
            6.491116260927673,
            51.065259591278995
          ]
        ],
        "type": "LineString"
      },
      "properties": {
        "length_m": 146.844,
        "orientation": "NS",
        "row": 184,
        "segment": 1
      },
      "type": "Feature"
    },
    {
      "geometry": {
        "coordinates": [
          [
            6.49071906054193,
            51.07260123993688
          ],
          [
            6.4896024839742354,
            51.093222907034836
          ]
        ],
        "type": "LineString"
      },
      "properties": {
        "length_m": 2295.444,
        "orientation": "NS",
        "row": 184,
        "segment": 2
      },
      "type": "Feature"
    },
    {
      "geometry": {
        "coordinates": [
          [
            6.492299415678059,
            51.04799396500766
          ],
          [
            6.491589989275482,
            51.06111877147642
          ]
        ],
        "type": "LineString"
      },
      "properties": {
        "length_m": 1460.943,
        "orientation": "NS",
        "row": 185,
        "segment": 0
      },
      "type": "Feature"
    },
    {
      "geometry": {
        "coordinates": [
          [
            6.491434136079155,
            51.06400082324739
          ],
          [
            6.491381824644207,
            51.064968064289786
          ]
        ],
        "type": "LineString"
      },
      "properties": {
        "length_m": 107.665,
        "orientation": "NS",
        "row": 185,
        "segment": 1
      },
      "type": "Feature"
    },
    {
      "geometry": {
        "coordinates": [
          [
            6.490986023321584,
            51.0722847104882
          ],
          [
            6.4898506212719065,
            51.093256320031294
          ]
        ],
        "type": "LineString"
      },
      "properties": {
        "length_m": 2334.397,
        "orientation": "NS",
        "row": 185,
        "segment": 2
      },
      "type": "Feature"
    },
    {
      "geometry": {
        "coordinates": [
          [
            6.492543668543817,
            51.048094850546235
          ],
          [
            6.491856718658352,
            51.06080517305744
          ]
        ],
        "type": "LineString"
      },
      "properties": {
        "length_m": 1414.806,
        "orientation": "NS",
        "row": 186,
        "segment": 0
      },
      "type": "Feature"
    },
    {
      "geometry": {
        "coordinates": [
          [
            6.491680657035604,
            51.06406126922043
          ],
          [
            6.49164730122501,
            51.06467808538408
          ]
        ],
        "type": "LineString"
      },
      "properties": {
        "length_m": 68.659,
        "orientation": "NS",
        "row": 186,
        "segment": 1
      },
      "type": "Feature"
    },
    {
      "geometry": {
        "coordinates": [
          [
            6.491253081871986,
            51.07196634175421
          ],
          [
            6.490098619329564,
            51.0932923099969
          ]
        ],
        "type": "LineString"
      },
      "properties": {
        "length_m": 2373.841,
        "orientation": "NS",
        "row": 186,
        "segment": 2
      },
      "type": "Feature"
    },
    {
      "geometry": {
        "coordinates": [
          [
            6.492787922481882,
            51.04819573558731
          ],
          [
            6.492123444381226,
            51.060491573963475
          ]
        ],
        "type": "LineString"
      },
      "properties": {
        "length_m": 1368.668,
        "orientation": "NS",
        "row": 187,
        "segment": 0
      },
      "type": "Feature"
    },
    {
      "geometry": {
        "coordinates": [
          [
            6.491927178650228,
            51.06412171468164
          ],
          [
            6.4919127744433105,
            51.064388105815354
          ]
        ],
        "type": "LineString"
      },
      "properties": {
        "length_m": 29.652,
        "orientation": "NS",
        "row": 187,
        "segment": 1
      },
      "type": "Feature"
    },
    {
      "geometry": {
        "coordinates": [
          [
            6.491520136699281,
            51.07164797234248
          ],
          [
            6.490345108407401,
            51.09335616735342
          ]
        ],
        "type": "LineString"
      },
      "properties": {
        "length_m": 2416.387,
        "orientation": "NS",
        "row": 187,
        "segment": 2
      },
      "type": "Feature"
    },
    {
      "geometry": {
        "coordinates": [
          [
            6.493032177492257,
            51.0482966201309
          ],
          [
            6.49239174839748,
            51.060148707789295
          ]
        ],
        "type": "LineString"
      },
      "properties": {
        "length_m": 1319.274,
        "orientation": "NS",
        "row": 188,
        "segment": 0
      },
      "type": "Feature"
    },
    {
      "geometry": {
        "coordinates": [
          [
            6.491787187803558,
            51.07132960225306
          ],
          [
            6.490591504244727,
            51.09342175870129
          ]
        ],
        "type": "LineString"
      },
      "properties": {
        "length_m": 2459.126,
        "orientation": "NS",
        "row": 188,
        "segment": 1
      },
      "type": "Feature"
    },
    {
      "geometry": {
        "coordinates": [
          [
            6.4932764335749455,
            51.048397504176975
          ],
          [
            6.492660749002472,
            51.059792877718614
          ]
        ],
        "type": "LineString"
      },
      "properties": {
        "length_m": 1268.436,
        "orientation": "NS",
        "row": 189,
        "segment": 0
      },
      "type": "Feature"
    },
    {
      "geometry": {
        "coordinates": [
          [
            6.492054235184909,
            51.07101123148596
          ],
          [
            6.49083790079478,
            51.09348734953862
          ]
        ],
        "type": "LineString"
      },
      "properties": {
        "length_m": 2501.865,
        "orientation": "NS",
        "row": 189,
        "segment": 1
      },
      "type": "Feature"
    },
    {
      "geometry": {
        "coordinates": [
          [
            6.493520690729948,
            51.048498387725566
          ],
          [
            6.492929745405947,
            51.05943704695086
          ]
        ],
        "type": "LineString"
      },
      "properties": {
        "length_m": 1217.598,
        "orientation": "NS",
        "row": 190,
        "segment": 0
      },
      "type": "Feature"
    },
    {
      "geometry": {
        "coordinates": [
          [
            6.492321278843424,
            51.0706928600412
          ],
          [
            6.491084298057555,
            51.09355293986541
          ]
        ],
        "type": "LineString"
      },
      "properties": {
        "length_m": 2544.604,
        "orientation": "NS",
        "row": 190,
        "segment": 1
      },
      "type": "Feature"
    },
    {
      "geometry": {
        "coordinates": [
          [
            6.493764948957268,
            51.04859927077663
          ],
          [
            6.493198737608019,
            51.059081215486046
          ]
        ],
        "type": "LineString"
      },
      "properties": {
        "length_m": 1166.76,
        "orientation": "NS",
        "row": 191,
        "segment": 0
      },
      "type": "Feature"
    },
    {
      "geometry": {
        "coordinates": [
          [
            6.492800128744329,
            51.066456651124426
          ],
          [
            6.492784039607841,
            51.066754281887974
          ]
        ],
        "type": "LineString"
      },
      "properties": {
        "length_m": 33.13,
        "orientation": "NS",
        "row": 191,
        "segment": 1
      },
      "type": "Feature"
    },
    {
      "geometry": {
        "coordinates": [
          [
            6.492588318779196,
            51.07037448791879
          ],
          [
            6.491330696033051,
            51.09361852968164
          ]
        ],
        "type": "LineString"
      },
      "properties": {
        "length_m": 2587.343,
        "orientation": "NS",
        "row": 191,
        "segment": 2
      },
      "type": "Feature"
    },
    {
      "geometry": {
        "coordinates": [
          [
            6.494009208256906,
            51.04870015333019
          ],
          [
            6.493467725608805,
            51.05872538332418
          ]
        ],
        "type": "LineString"
      },
      "properties": {
        "length_m": 1115.922,
        "orientation": "NS",
        "row": 192,
        "segment": 0
      },
      "type": "Feature"
    },
    {
      "geometry": {
        "coordinates": [
          [
            6.493065336910529,
            51.0661716368091
          ],
          [
            6.493029581654702,
            51.06683313836556
          ]
        ],
        "type": "LineString"
      },
      "properties": {
        "length_m": 73.633,
        "orientation": "NS",
        "row": 192,
        "segment": 1
      },
      "type": "Feature"
    },
    {
      "geometry": {
        "coordinates": [
          [
            6.492855397814812,
            51.07005532302907
          ],
          [
            6.491577094721261,
            51.09368411898733
          ]
        ],
        "type": "LineString"
      },
      "properties": {
        "length_m": 2630.17,
        "orientation": "NS",
        "row": 192,
        "segment": 2
      },
      "type": "Feature"
    },
    {
      "geometry": {
        "coordinates": [
          [
            6.494253468628868,
            51.04880103538622
          ],
          [
            6.493736709408424,
            51.058369550465294
          ]
        ],
        "type": "LineString"
      },
      "properties": {
        "length_m": 1065.085,
        "orientation": "NS",
        "row": 193,
        "segment": 0
      },
      "type": "Feature"
    },
    {
      "geometry": {
        "coordinates": [
          [
            6.493330541776342,
            51.06588662183332
          ],
          [
            6.4932751245501015,
            51.06691199433776
          ]
        ],
        "type": "LineString"
      },
      "properties": {
        "length_m": 114.136,
        "orientation": "NS",
        "row": 193,
        "segment": 1
      },
      "type": "Feature"
    },
    {
      "geometry": {
        "coordinates": [
          [
            6.493122813957104,
            51.069729852194534
          ],
          [
            6.491823494122185,
            51.09374970778247
          ]
        ],
        "type": "LineString"
      },
      "properties": {
        "length_m": 2673.699,
        "orientation": "NS",
        "row": 193,
        "segment": 2
      },
      "type": "Feature"
    },
    {
      "geometry": {
        "coordinates": [
          [
            6.494497730073152,
            51.0489019169447
          ],
          [
            6.49400568900699,
            51.05801371690943
          ]
        ],
        "type": "LineString"
      },
      "properties": {
        "length_m": 1014.247,
        "orientation": "NS",
        "row": 194,
        "segment": 0
      },
      "type": "Feature"
    },
    {
      "geometry": {
        "coordinates": [
          [
            6.493595743341838,
            51.0656016061971
          ],
          [
            6.49352066829404,
            51.066990849804505
          ]
        ],
        "type": "LineString"
      },
      "properties": {
        "length_m": 154.639,
        "orientation": "NS",
        "row": 194,
        "segment": 1
      },
      "type": "Feature"
    },
    {
      "geometry": {
        "coordinates": [
          [
            6.49339022628638,
            51.06940438067874
          ],
          [
            6.492080213681072,
            51.09362463796842
          ]
        ],
        "type": "LineString"
      },
      "properties": {
        "length_m": 2696.006,
        "orientation": "NS",
        "row": 194,
        "segment": 2
      },
      "type": "Feature"
    },
    {
      "geometry": {
        "coordinates": [
          [
            6.494741992589762,
            51.04900279800567
          ],
          [
            6.494271315497672,
            51.057719890094646
          ]
        ],
        "type": "LineString"
      },
      "properties": {
        "length_m": 970.311,
        "orientation": "NS",
        "row": 195,
        "segment": 0
      },
      "type": "Feature"
    },
    {
      "geometry": {
        "coordinates": [
          [
            6.493860941607087,
            51.06531658990046
          ],
          [
            6.493766212886514,
            51.067069704765856
          ]
        ],
        "type": "LineString"
      },
      "properties": {
        "length_m": 195.142,
        "orientation": "NS",
        "row": 195,
        "segment": 1
      },
      "type": "Feature"
    },
    {
      "geometry": {
        "coordinates": [
          [
            6.4936576348027355,
            51.069078908481714
          ],
          [
            6.492363486424866,
            51.093008893594465
          ]
        ],
        "type": "LineString"
      },
      "properties": {
        "length_m": 2663.694,
        "orientation": "NS",
        "row": 195,
        "segment": 2
      },
      "type": "Feature"
    },
    {
      "geometry": {
        "coordinates": [
          [
            6.494986256178701,
            51.04910367856908
          ],
          [
            6.494526416241784,
            51.0576209126089
          ]
        ],
        "type": "LineString"
      },
      "properties": {
        "length_m": 948.064,
        "orientation": "NS",
        "row": 196,
        "segment": 0
      },
      "type": "Feature"
    },
    {
      "geometry": {
        "coordinates": [
          [
            6.494126155885968,
            51.06503121544931
          ],
          [
            6.494011758327522,
            51.06714855922177
          ]
        ],
        "type": "LineString"
      },
      "properties": {
        "length_m": 235.685,
        "orientation": "NS",
        "row": 196,
        "segment": 1
      },
      "type": "Feature"
    },
    {
      "geometry": {
        "coordinates": [
          [
            6.493925039506268,
            51.068753435603455
          ],
          [
            6.492646751374849,
            51.09239314836941
          ]
        ],
        "type": "LineString"
      },
      "properties": {
        "length_m": 2631.382,
        "orientation": "NS",
        "row": 196,
        "segment": 2
      },
      "type": "Feature"
    },
    {
      "geometry": {
        "coordinates": [
          [
            6.49523052083997,
            51.04920455863496
          ],
          [
            6.4947772590057244,
            51.05760077051986
          ]
        ],
        "type": "LineString"
      },
      "properties": {
        "length_m": 934.593,
        "orientation": "NS",
        "row": 197,
        "segment": 0
      },
      "type": "Feature"
    },
    {
      "geometry": {
        "coordinates": [
          [
            6.4943928435768195,
            51.06471850345654
          ],
          [
            6.494257304617064,
            51.06722741317227
          ]
        ],
        "type": "LineString"
      },
      "properties": {
        "length_m": 279.271,
        "orientation": "NS",
        "row": 197,
        "segment": 1
      },
      "type": "Feature"
    },
    {
      "geometry": {
        "coordinates": [
          [
            6.494192440397072,
            51.06842796204399
          ],
          [
            6.492930008531412,
            51.09177740229326
          ]
        ],
        "type": "LineString"
      },
      "properties": {
        "length_m": 2599.071,
        "orientation": "NS",
        "row": 197,
        "segment": 2
      },
      "type": "Feature"
    },
    {
      "geometry": {
        "coordinates": [
          [
            6.495474786573572,
            51.04930543820328
          ],
          [
            6.495024921637812,
            51.05763952454716
          ]
        ],
        "type": "LineString"
      },
      "properties": {
        "length_m": 927.678,
        "orientation": "NS",
        "row": 198,
        "segment": 0
      },
      "type": "Feature"
    },
    {
      "geometry": {
        "coordinates": [
          [
            6.494659542319928,
            51.06440551860327
          ],
          [
            6.494502403967701,
            51.06731455562992
          ]
        ],
        "type": "LineString"
      },
      "properties": {
        "length_m": 323.809,
        "orientation": "NS",
        "row": 198,
        "segment": 1
      },
      "type": "Feature"
    },
    {
      "geometry": {
        "coordinates": [
          [
            6.494459837475244,
            51.06810248780336
          ],
          [
            6.493213257894947,
            51.09116165536608
          ]
        ],
        "type": "LineString"
      },
      "properties": {
        "length_m": 2566.759,
        "orientation": "NS",
        "row": 198,
        "segment": 2
      },
      "type": "Feature"
    },
    {
      "geometry": {
        "coordinates": [
          [
            6.495719053379509,
            51.04940631727406
          ],
          [
            6.49527169789794,
            51.05769470441714
          ]
        ],
        "type": "LineString"
      },
      "properties": {
        "length_m": 922.591,
        "orientation": "NS",
        "row": 199,
        "segment": 0
      },
      "type": "Feature"
    },
    {
      "geometry": {
        "coordinates": [
          [
            6.494926237410398,
            51.0640925330754
          ],
          [
            6.494739537192053,
            51.06754918950041
          ]
        ],
        "type": "LineString"
      },
      "properties": {
        "length_m": 384.766,
        "orientation": "NS",
        "row": 199,
        "segment": 1
      },
      "type": "Feature"
    },
    {
      "geometry": {
        "coordinates": [
          [
            6.494728149380636,
            51.06776000665073
          ],
          [
            6.493495790100359,
            51.09055902247993
          ]
        ],
        "type": "LineString"
      },
      "properties": {
        "length_m": 2537.801,
        "orientation": "NS",
        "row": 199,
        "segment": 2
      },
      "type": "Feature"
    },
    {
      "geometry": {
        "coordinates": [
          [
            6.4959633212577845,
            51.04950719584726
          ],
          [
            6.495518474761218,
            51.0577498837735
          ]
        ],
        "type": "LineString"
      },
      "properties": {
        "length_m": 917.504,
        "orientation": "NS",
        "row": 200,
        "segment": 0
      },
      "type": "Feature"
    },
    {
      "geometry": {
        "coordinates": [
          [
            6.495192928848319,
            51.06377954687296
          ],
          [
            6.4937560361135755,
            51.09036833018097
          ]
        ],
        "type": "LineString"
      },
      "properties": {
        "length_m": 2959.645,
        "orientation": "NS",
        "row": 200,
        "segment": 1
      },
      "type": "Feature"
    },
    {
      "geometry": {
        "coordinates": [
          [
            6.4962075902083996,
            51.04960807392289
          ],
          [
            6.495765252227642,
            51.057805062616225
          ]
        ],
        "type": "LineString"
      },
      "properties": {
        "length_m": 912.417,
        "orientation": "NS",
        "row": 201,
        "segment": 0
      },
      "type": "Feature"
    },
    {
      "geometry": {
        "coordinates": [
          [
            6.495459616633773,
            51.06346655999596
          ],
          [
            6.494009178529615,
            51.09030895881907
          ]
        ],
        "type": "LineString"
      },
      "properties": {
        "length_m": 2987.874,
        "orientation": "NS",
        "row": 201,
        "segment": 1
      },
      "type": "Feature"
    },
    {
      "geometry": {
        "coordinates": [
          [
            6.496451860231356,
            51.049708951500946
          ],
          [
            6.496012030297209,
            51.0578602409453
          ]
        ],
        "type": "LineString"
      },
      "properties": {
        "length_m": 907.33,
        "orientation": "NS",
        "row": 202,
        "segment": 0
      },
      "type": "Feature"
    },
    {
      "geometry": {
        "coordinates": [
          [
            6.495726300766851,
            51.06315357244441
          ],
          [
            6.494261060227034,
            51.090272891002854
          ]
        ],
        "type": "LineString"
      },
      "properties": {
        "length_m": 3018.698,
        "orientation": "NS",
        "row": 202,
        "segment": 1
      },
      "type": "Feature"
    },
    {
      "geometry": {
        "coordinates": [
          [
            6.496696131326655,
            51.04980982858144
          ],
          [
            6.4962588089699125,
            51.057915418760736
          ]
        ],
        "type": "LineString"
      },
      "properties": {
        "length_m": 902.243,
        "orientation": "NS",
        "row": 203,
        "segment": 0
      },
      "type": "Feature"
    },
    {
      "geometry": {
        "coordinates": [
          [
            6.495992981247639,
            51.06284058421837
          ],
          [
            6.494512941550473,
            51.090236822637905
          ]
        ],
        "type": "LineString"
      },
      "properties": {
        "length_m": 3049.522,
        "orientation": "NS",
        "row": 203,
        "segment": 1
      },
      "type": "Feature"
    },
    {
      "geometry": {
        "coordinates": [
          [
            6.496940403494303,
            51.049910705164336
          ],
          [
            6.496505511211535,
            51.057972023666004
          ]
        ],
        "type": "LineString"
      },
      "properties": {
        "length_m": 897.315,
        "orientation": "NS",
        "row": 204,
        "segment": 0
      },
      "type": "Feature"
    },
    {
      "geometry": {
        "coordinates": [
          [
            6.496259658076226,
            51.06252759531781
          ],
          [
            6.494764822499929,
            51.09020075372423
          ]
        ],
        "type": "LineString"
      },
      "properties": {
        "length_m": 3080.346,
        "orientation": "NS",
        "row": 204,
        "segment": 1
      },
      "type": "Feature"
    },
    {
      "geometry": {
        "coordinates": [
          [
            6.497184676734298,
            51.050011581249656
          ],
          [
            6.49675218349106,
            51.05802919482528
          ]
        ],
        "type": "LineString"
      },
      "properties": {
        "length_m": 892.45,
        "orientation": "NS",
        "row": 205,
        "segment": 0
      },
      "type": "Feature"
    },
    {
      "geometry": {
        "coordinates": [
          [
            6.496526289489563,
            51.06221537958892
          ],
          [
            6.4950167030753905,
            51.09016468426184
          ]
        ],
        "type": "LineString"
      },
      "properties": {
        "length_m": 3111.083,
        "orientation": "NS",
        "row": 205,
        "segment": 1
      },
      "type": "Feature"
    },
    {
      "geometry": {
        "coordinates": [
          [
            6.4974289510466425,
            51.05011245683737
          ],
          [
            6.497001518469289,
            51.05803702211302
          ]
        ],
        "type": "LineString"
      },
      "properties": {
        "length_m": 882.092,
        "orientation": "NS",
        "row": 206,
        "segment": 0
      },
      "type": "Feature"
    },
    {
      "geometry": {
        "coordinates": [
          [
            6.496792874341488,
            51.061903958547084
          ],
          [
            6.4952685832768555,
            51.09012861425072
          ]
        ],
        "type": "LineString"
      },
      "properties": {
        "length_m": 3141.732,
        "orientation": "NS",
        "row": 206,
        "segment": 1
      },
      "type": "Feature"
    },
    {
      "geometry": {
        "coordinates": [
          [
            6.497673226431343,
            51.05021333192749
          ],
          [
            6.497273812625401,
            51.05761923874041
          ]
        ],
        "type": "LineString"
      },
      "properties": {
        "length_m": 824.359,
        "orientation": "NS",
        "row": 207,
        "segment": 0
      },
      "type": "Feature"
    },
    {
      "geometry": {
        "coordinates": [
          [
            6.497059455561386,
            51.061592536831625
          ],
          [
            6.495520463104314,
            51.09009254369088
          ]
        ],
        "type": "LineString"
      },
      "properties": {
        "length_m": 3172.381,
        "orientation": "NS",
        "row": 207,
        "segment": 1
      },
      "type": "Feature"
    },
    {
      "geometry": {
        "coordinates": [
          [
            6.497917502888397,
            51.050314206519985
          ],
          [
            6.497546101766771,
            51.057201454637216
          ]
        ],
        "type": "LineString"
      },
      "properties": {
        "length_m": 766.627,
        "orientation": "NS",
        "row": 208,
        "segment": 0
      },
      "type": "Feature"
    },
    {
      "geometry": {
        "coordinates": [
          [
            6.497326033149343,
            51.061281114442544
          ],
          [
            6.4957723425577605,
            51.090056472582326
          ]
        ],
        "type": "LineString"
      },
      "properties": {
        "length_m": 3203.03,
        "orientation": "NS",
        "row": 208,
        "segment": 1
      },
      "type": "Feature"
    },
    {
      "geometry": {
        "coordinates": [
          [
            6.498161780417809,
            51.05041508061487
          ],
          [
            6.497818755766831,
            51.0567768113922
          ]
        ],
        "type": "LineString"
      },
      "properties": {
        "length_m": 708.131,
        "orientation": "NS",
        "row": 209,
        "segment": 0
      },
      "type": "Feature"
    },
    {
      "geometry": {
        "coordinates": [
          [
            6.497594557422969,
            51.06093353608359
          ],
          [
            6.496024221637188,
            51.09002040092504
          ]
        ],
        "type": "LineString"
      },
      "properties": {
        "length_m": 3237.704,
        "orientation": "NS",
        "row": 209,
        "segment": 1
      },
      "type": "Feature"
    },
    {
      "geometry": {
        "coordinates": [
          [
            6.498406059019581,
            51.05051595421215
          ],
          [
            6.4980990815001745,
            51.05620980055972
          ]
        ],
        "type": "LineString"
      },
      "properties": {
        "length_m": 633.788,
        "orientation": "NS",
        "row": 210,
        "segment": 0
      },
      "type": "Feature"
    },
    {
      "geometry": {
        "coordinates": [
          [
            6.497863690839351,
            51.06057458736668
          ],
          [
            6.496276100342591,
            51.089984328719055
          ]
        ],
        "type": "LineString"
      },
      "properties": {
        "length_m": 3273.643,
        "orientation": "NS",
        "row": 210,
        "segment": 1
      },
      "type": "Feature"
    },
    {
      "geometry": {
        "coordinates": [
          [
            6.498650338693715,
            51.05061682731181
          ],
          [
            6.498377715053792,
            51.055674043428375
          ]
        ],
        "type": "LineString"
      },
      "properties": {
        "length_m": 562.924,
        "orientation": "NS",
        "row": 211,
        "segment": 0
      },
      "type": "Feature"
    },
    {
      "geometry": {
        "coordinates": [
          [
            6.498132820014366,
            51.06021563795132
          ],
          [
            6.496527978673963,
            51.08994825596436
          ]
        ],
        "type": "LineString"
      },
      "properties": {
        "length_m": 3309.582,
        "orientation": "NS",
        "row": 211,
        "segment": 1
      },
      "type": "Feature"
    },
    {
      "geometry": {
        "coordinates": [
          [
            6.498894476271071,
            51.05072035636183
          ],
          [
            6.498663119525866,
            51.0550125621488
          ]
        ],
        "type": "LineString"
      },
      "properties": {
        "length_m": 477.769,
        "orientation": "NS",
        "row": 212,
        "segment": 0
      },
      "type": "Feature"
    },
    {
      "geometry": {
        "coordinates": [
          [
            6.498401119410175,
            51.059871997336636
          ],
          [
            6.496779856631294,
            51.089912182660946
          ]
        ],
        "type": "LineString"
      },
      "properties": {
        "length_m": 3343.817,
        "orientation": "NS",
        "row": 212,
        "segment": 1
      },
      "type": "Feature"
    },
    {
      "geometry": {
        "coordinates": [
          [
            6.49913844945891,
            51.050826955783606
          ],
          [
            6.498951842016525,
            51.05428936531056
          ]
        ],
        "type": "LineString"
      },
      "properties": {
        "length_m": 385.404,
        "orientation": "NS",
        "row": 213,
        "segment": 0
      },
      "type": "Feature"
    },
    {
      "geometry": {
        "coordinates": [
          [
            6.49866838749622,
            51.059547408824166
          ],
          [
            6.4970317342145805,
            51.08987610880882
          ]
        ],
        "type": "LineString"
      },
      "properties": {
        "length_m": 3375.931,
        "orientation": "NS",
        "row": 213,
        "segment": 1
      },
      "type": "Feature"
    },
    {
      "geometry": {
        "coordinates": [
          [
            6.499382370221978,
            51.05093454858991
          ],
          [
            6.499269586578557,
            51.05302747232314
          ]
        ],
        "type": "LineString"
      },
      "properties": {
        "length_m": 232.965,
        "orientation": "NS",
        "row": 214,
        "segment": 0
      },
      "type": "Feature"
    },
    {
      "geometry": {
        "coordinates": [
          [
            6.4989356517834285,
            51.05922281963138
          ],
          [
            6.497283611423814,
            51.089840034408
          ]
        ],
        "type": "LineString"
      },
      "properties": {
        "length_m": 3408.046,
        "orientation": "NS",
        "row": 214,
        "segment": 1
      },
      "type": "Feature"
    },
    {
      "geometry": {
        "coordinates": [
          [
            6.499204485440863,
            51.05886904513961
          ],
          [
            6.49753548825899,
            51.089803959458465
          ]
        ],
        "type": "LineString"
      },
      "properties": {
        "length_m": 3443.408,
        "orientation": "NS",
        "row": 215,
        "segment": 0
      },
      "type": "Feature"
    },
    {
      "geometry": {
        "coordinates": [
          [
            6.499475997927499,
            51.0584654901657
          ],
          [
            6.497787364720099,
            51.08976788396023
          ]
        ],
        "type": "LineString"
      },
      "properties": {
        "length_m": 3484.312,
        "orientation": "NS",
        "row": 216,
        "segment": 0
      },
      "type": "Feature"
    },
    {
      "geometry": {
        "coordinates": [
          [
            6.499747505588729,
            51.058061934469215
          ],
          [
            6.498054444851567,
            51.08945019085108
          ]
        ],
        "type": "LineString"
      },
      "properties": {
        "length_m": 3493.869,
        "orientation": "NS",
        "row": 217,
        "segment": 0
      },
      "type": "Feature"
    },
    {
      "geometry": {
        "coordinates": [
          [
            6.500019008424711,
            51.057658378050185
          ],
          [
            6.498308456826928,
            51.08937451215494
          ]
        ],
        "type": "LineString"
      },
      "properties": {
        "length_m": 3530.364,
        "orientation": "NS",
        "row": 218,
        "segment": 0
      },
      "type": "Feature"
    },
    {
      "geometry": {
        "coordinates": [
          [
            6.500311578794577,
            51.05686369999507
          ],
          [
            6.498559256536804,
            51.08935832982242
          ]
        ],
        "type": "LineString"
      },
      "properties": {
        "length_m": 3617.019,
        "orientation": "NS",
        "row": 219,
        "segment": 0
      },
      "type": "Feature"
    },
    {
      "geometry": {
        "coordinates": [
          [
            6.500594160152487,
            51.056254259146186
          ],
          [
            6.498809743327663,
            51.08934794191785
          ]
        ],
        "type": "LineString"
      },
      "properties": {
        "length_m": 3683.699,
        "orientation": "NS",
        "row": 220,
        "segment": 0
      },
      "type": "Feature"
    },
    {
      "geometry": {
        "coordinates": [
          [
            6.5008825457270465,
            51.05553691298446
          ],
          [
            6.499060230025029,
            51.08933755347466
          ]
        ],
        "type": "LineString"
      },
      "properties": {
        "length_m": 3762.391,
        "orientation": "NS",
        "row": 221,
        "segment": 0
      },
      "type": "Feature"
    },
    {
      "geometry": {
        "coordinates": [
          [
            6.5011744597362116,
            51.05475387456778
          ],
          [
            6.499310716628895,
            51.08932716449282
          ]
        ],
        "type": "LineString"
      },
      "properties": {
        "length_m": 3848.394,
        "orientation": "NS",
        "row": 222,
        "segment": 0
      },
      "type": "Feature"
    },
    {
      "geometry": {
        "coordinates": [
          [
            6.501491142819058,
            51.053510637294025
          ],
          [
            6.499561203139253,
            51.08931677497237
          ]
        ],
        "type": "LineString"
      },
      "properties": {
        "length_m": 3985.623,
        "orientation": "NS",
        "row": 223,
        "segment": 0
      },
      "type": "Feature"
    },
    {
      "geometry": {
        "coordinates": [
          [
            6.5018257675188,
            51.0519337890508
          ],
          [
            6.499811689556093,
            51.089306384913264
          ]
        ],
        "type": "LineString"
      },
      "properties": {
        "length_m": 4159.985,
        "orientation": "NS",
        "row": 224,
        "segment": 0
      },
      "type": "Feature"
    },
    {
      "geometry": {
        "coordinates": [
          [
            6.502070329197811,
            51.052029695718666
          ],
          [
            6.500062175879411,
            51.08929599431554
          ]
        ],
        "type": "LineString"
      },
      "properties": {
        "length_m": 4148.152,
        "orientation": "NS",
        "row": 225,
        "segment": 0
      },
      "type": "Feature"
    },
    {
      "geometry": {
        "coordinates": [
          [
            6.502314765884698,
            51.05212794311932
          ],
          [
            6.500312662109198,
            51.089285603179206
          ]
        ],
        "type": "LineString"
      },
      "properties": {
        "length_m": 4136.059,
        "orientation": "NS",
        "row": 226,
        "segment": 0
      },
      "type": "Feature"
    },
    {
      "geometry": {
        "coordinates": [
          [
            6.502559112263101,
            51.052227887464184
          ],
          [
            6.500563148245445,
            51.08927521150422
          ]
        ],
        "type": "LineString"
      },
      "properties": {
        "length_m": 4123.777,
        "orientation": "NS",
        "row": 227,
        "segment": 0
      },
      "type": "Feature"
    },
    {
      "geometry": {
        "coordinates": [
          [
            6.502803459704569,
            51.052327831311025
          ],
          [
            6.500813634288146,
            51.089264819290584
          ]
        ],
        "type": "LineString"
      },
      "properties": {
        "length_m": 4111.494,
        "orientation": "NS",
        "row": 228,
        "segment": 0
      },
      "type": "Feature"
    },
    {
      "geometry": {
        "coordinates": [
          [
            6.50304770662258,
            51.05242966258201
          ],
          [
            6.5010641202372925,
            51.08925442653836
          ]
        ],
        "type": "LineString"
      },
      "properties": {
        "length_m": 4099.002,
        "orientation": "NS",
        "row": 229,
        "segment": 0
      },
      "type": "Feature"
    },
    {
      "geometry": {
        "coordinates": [
          [
            6.503291929527799,
            51.052531959774406
          ],
          [
            6.501314606092878,
            51.08924403324749
          ]
        ],
        "type": "LineString"
      },
      "properties": {
        "length_m": 4086.457,
        "orientation": "NS",
        "row": 230,
        "segment": 0
      },
      "type": "Feature"
    },
    {
      "geometry": {
        "coordinates": [
          [
            6.503536153519948,
            51.05263425646954
          ],
          [
            6.501565091854894,
            51.08923363941799
          ]
        ],
        "type": "LineString"
      },
      "properties": {
        "length_m": 4073.913,
        "orientation": "NS",
        "row": 231,
        "segment": 0
      },
      "type": "Feature"
    },
    {
      "geometry": {
        "coordinates": [
          [
            6.503780378599032,
            51.052736552667405
          ],
          [
            6.501815577523333,
            51.08922324504987
          ]
        ],
        "type": "LineString"
      },
      "properties": {
        "length_m": 4061.369,
        "orientation": "NS",
        "row": 232,
        "segment": 0
      },
      "type": "Feature"
    },
    {
      "geometry": {
        "coordinates": [
          [
            6.504024604765052,
            51.052838848368005
          ],
          [
            6.502066063098186,
            51.08921285014312
          ]
        ],
        "type": "LineString"
      },
      "properties": {
        "length_m": 4048.824,
        "orientation": "NS",
        "row": 233,
        "segment": 0
      },
      "type": "Feature"
    },
    {
      "geometry": {
        "coordinates": [
          [
            6.504268832018009,
            51.05294114357136
          ],
          [
            6.502316548579449,
            51.089202454697734
          ]
        ],
        "type": "LineString"
      },
      "properties": {
        "length_m": 4036.28,
        "orientation": "NS",
        "row": 234,
        "segment": 0
      },
      "type": "Feature"
    },
    {
      "geometry": {
        "coordinates": [
          [
            6.504513060357907,
            51.053043438277435
          ],
          [
            6.50256539462066,
            51.08922247896107
          ]
        ],
        "type": "LineString"
      },
      "properties": {
        "length_m": 4027.121,
        "orientation": "NS",
        "row": 235,
        "segment": 0
      },
      "type": "Feature"
    },
    {
      "geometry": {
        "coordinates": [
          [
            6.504757289784749,
            51.05314573248622
          ],
          [
            6.50281040758873,
            51.08931364162221
          ]
        ],
        "type": "LineString"
      },
      "properties": {
        "length_m": 4025.882,
        "orientation": "NS",
        "row": 236,
        "segment": 0
      },
      "type": "Feature"
    },
    {
      "geometry": {
        "coordinates": [
          [
            6.505001402784035,
            51.05325021177955
          ],
          [
            6.503053554391665,
            51.08943945757504
          ]
        ],
        "type": "LineString"
      },
      "properties": {
        "length_m": 4028.256,
        "orientation": "NS",
        "row": 237,
        "segment": 0
      },
      "type": "Feature"
    },
    {
      "geometry": {
        "coordinates": [
          [
            6.505245500752958,
            51.05335499077216
          ],
          [
            6.503305271507128,
            51.089406218863935
          ]
        ],
        "type": "LineString"
      },
      "properties": {
        "length_m": 4012.892,
        "orientation": "NS",
        "row": 238,
        "segment": 0
      },
      "type": "Feature"
    },
    {
      "geometry": {
        "coordinates": [
          [
            6.5054895998339894,
            51.053459769268315
          ],
          [
            6.50355698827968,
            51.08937297960528
          ]
        ],
        "type": "LineString"
      },
      "properties": {
        "length_m": 3997.529,
        "orientation": "NS",
        "row": 239,
        "segment": 0
      },
      "type": "Feature"
    },
    {
      "geometry": {
        "coordinates": [
          [
            6.505733700027134,
            51.05356454726801
          ],
          [
            6.503808704709312,
            51.089339739799094
          ]
        ],
        "type": "LineString"
      },
      "properties": {
        "length_m": 3982.165,
        "orientation": "NS",
        "row": 240,
        "segment": 0
      },
      "type": "Feature"
    },
    {
      "geometry": {
        "coordinates": [
          [
            6.50597780133239,
            51.053669324771235
          ],
          [
            6.504060420796018,
            51.089306499445364
          ]
        ],
        "type": "LineString"
      },
      "properties": {
        "length_m": 3966.802,
        "orientation": "NS",
        "row": 241,
        "segment": 0
      },
      "type": "Feature"
    },
    {
      "geometry": {
        "coordinates": [
          [
            6.506221903749765,
            51.05377410177796
          ],
          [
            6.504312136539794,
            51.0892732585441
          ]
        ],
        "type": "LineString"
      },
      "properties": {
        "length_m": 3951.438,
        "orientation": "NS",
        "row": 242,
        "segment": 0
      },
      "type": "Feature"
    },
    {
      "geometry": {
        "coordinates": [
          [
            6.506466007279259,
            51.053878878288224
          ],
          [
            6.5045638519406275,
            51.08924001709531
          ]
        ],
        "type": "LineString"
      },
      "properties": {
        "length_m": 3936.074,
        "orientation": "NS",
        "row": 243,
        "segment": 0
      },
      "type": "Feature"
    },
    {
      "geometry": {
        "coordinates": [
          [
            6.506710111920876,
            51.053983654301994
          ],
          [
            6.504815566998516,
            51.08920677509899
          ]
        ],
        "type": "LineString"
      },
      "properties": {
        "length_m": 3920.711,
        "orientation": "NS",
        "row": 244,
        "segment": 0
      },
      "type": "Feature"
    },
    {
      "geometry": {
        "coordinates": [
          [
            6.506954211218517,
            51.05408854998302
          ],
          [
            6.50506639685354,
            51.08918996879737
          ]
        ],
        "type": "LineString"
      },
      "properties": {
        "length_m": 3907.163,
        "orientation": "NS",
        "row": 245,
        "segment": 0
      },
      "type": "Feature"
    },
    {
      "geometry": {
        "coordinates": [
          [
            6.507198311564143,
            51.05419344638416
          ],
          [
            6.505315473887864,
            51.089205720757164
          ]
        ],
        "type": "LineString"
      },
      "properties": {
        "length_m": 3897.24,
        "orientation": "NS",
        "row": 246,
        "segment": 0
      },
      "type": "Feature"
    },
    {
      "geometry": {
        "coordinates": [
          [
            6.5074424130231305,
            51.05429834228882
          ],
          [
            6.505564507746545,
            51.08922227782231
          ]
        ],
        "type": "LineString"
      },
      "properties": {
        "length_m": 3887.406,
        "orientation": "NS",
        "row": 247,
        "segment": 0
      },
      "type": "Feature"
    },
    {
      "geometry": {
        "coordinates": [
          [
            6.5076865155954815,
            51.05440323769698
          ],
          [
            6.505813541801612,
            51.089238834359065
          ]
        ],
        "type": "LineString"
      },
      "properties": {
        "length_m": 3877.572,
        "orientation": "NS",
        "row": 248,
        "segment": 0
      },
      "type": "Feature"
    },
    {
      "geometry": {
        "coordinates": [
          [
            6.507930619281196,
            51.0545081326087
          ],
          [
            6.5060625760530595,
            51.08925539036742
          ]
        ],
        "type": "LineString"
      },
      "properties": {
        "length_m": 3867.739,
        "orientation": "NS",
        "row": 249,
        "segment": 0
      },
      "type": "Feature"
    },
    {
      "geometry": {
        "coordinates": [
          [
            6.5081747240802805,
            51.05461302702392
          ],
          [
            6.5063116105008785,
            51.089271945847386
          ]
        ],
        "type": "LineString"
      },
      "properties": {
        "length_m": 3857.905,
        "orientation": "NS",
        "row": 250,
        "segment": 0
      },
      "type": "Feature"
    },
    {
      "geometry": {
        "coordinates": [
          [
            6.508418829992737,
            51.05471792094265
          ],
          [
            6.506560645145062,
            51.089288500798915
          ]
        ],
        "type": "LineString"
      },
      "properties": {
        "length_m": 3848.071,
        "orientation": "NS",
        "row": 251,
        "segment": 0
      },
      "type": "Feature"
    },
    {
      "geometry": {
        "coordinates": [
          [
            6.508662937018567,
            51.05482281436489
          ],
          [
            6.506809679985604,
            51.089305055222056
          ]
        ],
        "type": "LineString"
      },
      "properties": {
        "length_m": 3838.237,
        "orientation": "NS",
        "row": 252,
        "segment": 0
      },
      "type": "Feature"
    },
    {
      "geometry": {
        "coordinates": [
          [
            6.508907045157774,
            51.05492770729063
          ],
          [
            6.507058715022496,
            51.08932160911681
          ]
        ],
        "type": "LineString"
      },
      "properties": {
        "length_m": 3828.404,
        "orientation": "NS",
        "row": 253,
        "segment": 0
      },
      "type": "Feature"
    },
    {
      "geometry": {
        "coordinates": [
          [
            6.509151154410364,
            51.05503259971985
          ],
          [
            6.507307750255731,
            51.08933816248312
          ]
        ],
        "type": "LineString"
      },
      "properties": {
        "length_m": 3818.57,
        "orientation": "NS",
        "row": 254,
        "segment": 0
      },
      "type": "Feature"
    },
    {
      "geometry": {
        "coordinates": [
          [
            6.509395264776336,
            51.05513749165258
          ],
          [
            6.507556785685303,
            51.08935471532106
          ]
        ],
        "type": "LineString"
      },
      "properties": {
        "length_m": 3808.736,
        "orientation": "NS",
        "row": 255,
        "segment": 0
      },
      "type": "Feature"
    },
    {
      "geometry": {
        "coordinates": [
          [
            6.509639376255695,
            51.055242383088775
          ],
          [
            6.507805821311203,
            51.08937126763056
          ]
        ],
        "type": "LineString"
      },
      "properties": {
        "length_m": 3798.902,
        "orientation": "NS",
        "row": 256,
        "segment": 0
      },
      "type": "Feature"
    },
    {
      "geometry": {
        "coordinates": [
          [
            6.509883488848444,
            51.05534727402846
          ],
          [
            6.508054857133425,
            51.08938781941167
          ]
        ],
        "type": "LineString"
      },
      "properties": {
        "length_m": 3789.069,
        "orientation": "NS",
        "row": 257,
        "segment": 0
      },
      "type": "Feature"
    },
    {
      "geometry": {
        "coordinates": [
          [
            6.510127602554585,
            51.05545216447161
          ],
          [
            6.50830389315196,
            51.08940437066436
          ]
        ],
        "type": "LineString"
      },
      "properties": {
        "length_m": 3779.235,
        "orientation": "NS",
        "row": 258,
        "segment": 0
      },
      "type": "Feature"
    },
    {
      "geometry": {
        "coordinates": [
          [
            6.510371717374122,
            51.055557054418216
          ],
          [
            6.508552929366802,
            51.08942092138865
          ]
        ],
        "type": "LineString"
      },
      "properties": {
        "length_m": 3769.401,
        "orientation": "NS",
        "row": 259,
        "segment": 0
      },
      "type": "Feature"
    },
    {
      "geometry": {
        "coordinates": [
          [
            6.510615974561751,
            51.05565931105173
          ],
          [
            6.508801965777945,
            51.08943747158452
          ]
        ],
        "type": "LineString"
      },
      "properties": {
        "length_m": 3759.86,
        "orientation": "NS",
        "row": 260,
        "segment": 0
      },
      "type": "Feature"
    },
    {
      "geometry": {
        "coordinates": [
          [
            6.510860446647484,
            51.05575758162517
          ],
          [
            6.509051002385379,
            51.08945402125197
          ]
        ],
        "type": "LineString"
      },
      "properties": {
        "length_m": 3750.763,
        "orientation": "NS",
        "row": 261,
        "segment": 0
      },
      "type": "Feature"
    },
    {
      "geometry": {
        "coordinates": [
          [
            6.511104919779542,
            51.055855851699846
          ],
          [
            6.509300039189098,
            51.08947057039101
          ]
        ],
        "type": "LineString"
      },
      "properties": {
        "length_m": 3741.666,
        "orientation": "NS",
        "row": 262,
        "segment": 0
      },
      "type": "Feature"
    },
    {
      "geometry": {
        "coordinates": [
          [
            6.51134939395793,
            51.05595412127571
          ],
          [
            6.509549076189096,
            51.08948711900162
          ]
        ],
        "type": "LineString"
      },
      "properties": {
        "length_m": 3732.569,
        "orientation": "NS",
        "row": 263,
        "segment": 0
      },
      "type": "Feature"
    },
    {
      "geometry": {
        "coordinates": [
          [
            6.511593869182647,
            51.05605239035281
          ],
          [
            6.509798113385363,
            51.08950366708384
          ]
        ],
        "type": "LineString"
      },
      "properties": {
        "length_m": 3723.472,
        "orientation": "NS",
        "row": 264,
        "segment": 0
      },
      "type": "Feature"
    },
    {
      "geometry": {
        "coordinates": [
          [
            6.511838345453695,
            51.0561506589311
          ],
          [
            6.510047150777894,
            51.08952021463762
          ]
        ],
        "type": "LineString"
      },
      "properties": {
        "length_m": 3714.375,
        "orientation": "NS",
        "row": 265,
        "segment": 0
      },
      "type": "Feature"
    },
    {
      "geometry": {
        "coordinates": [
          [
            6.5120828227710765,
            51.0562489270106
          ],
          [
            6.510296188366681,
            51.089536761663
          ]
        ],
        "type": "LineString"
      },
      "properties": {
        "length_m": 3705.278,
        "orientation": "NS",
        "row": 266,
        "segment": 0
      },
      "type": "Feature"
    },
    {
      "geometry": {
        "coordinates": [
          [
            6.5123273011347935,
            51.0563471945913
          ],
          [
            6.5105452261517165,
            51.08955330815994
          ]
        ],
        "type": "LineString"
      },
      "properties": {
        "length_m": 3696.181,
        "orientation": "NS",
        "row": 267,
        "segment": 0
      },
      "type": "Feature"
    },
    {
      "geometry": {
        "coordinates": [
          [
            6.512571780544848,
            51.05644546167318
          ],
          [
            6.5107942641329934,
            51.089569854128484
          ]
        ],
        "type": "LineString"
      },
      "properties": {
        "length_m": 3687.084,
        "orientation": "NS",
        "row": 268,
        "segment": 0
      },
      "type": "Feature"
    },
    {
      "geometry": {
        "coordinates": [
          [
            6.5128162610012375,
            51.05654372825626
          ],
          [
            6.5110433023105045,
            51.089586399568596
          ]
        ],
        "type": "LineString"
      },
      "properties": {
        "length_m": 3677.987,
        "orientation": "NS",
        "row": 269,
        "segment": 0
      },
      "type": "Feature"
    },
    {
      "geometry": {
        "coordinates": [
          [
            6.51306074250397,
            51.0566419943405
          ],
          [
            6.511292340684243,
            51.089602944480276
          ]
        ],
        "type": "LineString"
      },
      "properties": {
        "length_m": 3668.89,
        "orientation": "NS",
        "row": 270,
        "segment": 0
      },
      "type": "Feature"
    },
    {
      "geometry": {
        "coordinates": [
          [
            6.513305225053044,
            51.05674025992593
          ],
          [
            6.5115413792542,
            51.08961948886355
          ]
        ],
        "type": "LineString"
      },
      "properties": {
        "length_m": 3659.793,
        "orientation": "NS",
        "row": 271,
        "segment": 0
      },
      "type": "Feature"
    },
    {
      "geometry": {
        "coordinates": [
          [
            6.513549708648461,
            51.056838525012516
          ],
          [
            6.51179041802037,
            51.08963603271838
          ]
        ],
        "type": "LineString"
      },
      "properties": {
        "length_m": 3650.696,
        "orientation": "NS",
        "row": 272,
        "segment": 0
      },
      "type": "Feature"
    },
    {
      "geometry": {
        "coordinates": [
          [
            6.513794193290224,
            51.05693678960028
          ],
          [
            6.512039456982745,
            51.0896525760448
          ]
        ],
        "type": "LineString"
      },
      "properties": {
        "length_m": 3641.599,
        "orientation": "NS",
        "row": 273,
        "segment": 0
      },
      "type": "Feature"
    },
    {
      "geometry": {
        "coordinates": [
          [
            6.514038678978335,
            51.05703505368919
          ],
          [
            6.512288496141318,
            51.08966911884278
          ]
        ],
        "type": "LineString"
      },
      "properties": {
        "length_m": 3632.502,
        "orientation": "NS",
        "row": 274,
        "segment": 0
      },
      "type": "Feature"
    },
    {
      "geometry": {
        "coordinates": [
          [
            6.514283165712794,
            51.05713331727926
          ],
          [
            6.512537535496082,
            51.089685661112334
          ]
        ],
        "type": "LineString"
      },
      "properties": {
        "length_m": 3623.405,
        "orientation": "NS",
        "row": 275,
        "segment": 0
      },
      "type": "Feature"
    },
    {
      "geometry": {
        "coordinates": [
          [
            6.514527653493604,
            51.05723158037047
          ],
          [
            6.512786575047029,
            51.089702202853466
          ]
        ],
        "type": "LineString"
      },
      "properties": {
        "length_m": 3614.308,
        "orientation": "NS",
        "row": 276,
        "segment": 0
      },
      "type": "Feature"
    },
    {
      "geometry": {
        "coordinates": [
          [
            6.514772143074071,
            51.05732982889952
          ],
          [
            6.513035614794151,
            51.08971874406616
          ]
        ],
        "type": "LineString"
      },
      "properties": {
        "length_m": 3605.212,
        "orientation": "NS",
        "row": 277,
        "segment": 0
      },
      "type": "Feature"
    },
    {
      "geometry": {
        "coordinates": [
          [
            6.515016643216995,
            51.057427899255075
          ],
          [
            6.51328445068983,
            51.08973908739317
          ]
        ],
        "type": "LineString"
      },
      "properties": {
        "length_m": 3596.56,
        "orientation": "NS",
        "row": 278,
        "segment": 0
      },
      "type": "Feature"
    },
    {
      "geometry": {
        "coordinates": [
          [
            6.515261144404329,
            51.057525969111694
          ],
          [
            6.513530458236705,
            51.08981214902947
          ]
        ],
        "type": "LineString"
      },
      "properties": {
        "length_m": 3593.775,
        "orientation": "NS",
        "row": 279,
        "segment": 0
      },
      "type": "Feature"
    },
    {
      "geometry": {
        "coordinates": [
          [
            6.515505646636073,
            51.05762403846938
          ],
          [
            6.513772838041071,
            51.08995284459659
          ]
        ],
        "type": "LineString"
      },
      "properties": {
        "length_m": 3598.52,
        "orientation": "NS",
        "row": 280,
        "segment": 0
      },
      "type": "Feature"
    },
    {
      "geometry": {
        "coordinates": [
          [
            6.515750149912228,
            51.05772210732812
          ],
          [
            6.514015036478762,
            51.090096948076585
          ]
        ],
        "type": "LineString"
      },
      "properties": {
        "length_m": 3603.643,
        "orientation": "NS",
        "row": 281,
        "segment": 0
      },
      "type": "Feature"
    },
    {
      "geometry": {
        "coordinates": [
          [
            6.515994654232799,
            51.0578201756879
          ],
          [
            6.514257236424787,
            51.09024105107211
          ]
        ],
        "type": "LineString"
      },
      "properties": {
        "length_m": 3608.767,
        "orientation": "NS",
        "row": 282,
        "segment": 0
      },
      "type": "Feature"
    },
    {
      "geometry": {
        "coordinates": [
          [
            6.516239159597784,
            51.057918243548734
          ],
          [
            6.514498950182339,
            51.09039424656304
          ]
        ],
        "type": "LineString"
      },
      "properties": {
        "length_m": 3614.902,
        "orientation": "NS",
        "row": 283,
        "segment": 0
      },
      "type": "Feature"
    },
    {
      "geometry": {
        "coordinates": [
          [
            6.516483666007185,
            51.05801631091061
          ],
          [
            6.51451647847575,
            51.094727232094726
          ]
        ],
        "type": "LineString"
      },
      "properties": {
        "length_m": 4086.292,
        "orientation": "NS",
        "row": 284,
        "segment": 0
      },
      "type": "Feature"
    },
    {
      "geometry": {
        "coordinates": [
          [
            6.516728173461008,
            51.05811437777351
          ],
          [
            6.5147665709372085,
            51.09472465968861
          ]
        ],
        "type": "LineString"
      },
      "properties": {
        "length_m": 4075.089,
        "orientation": "NS",
        "row": 285,
        "segment": 0
      },
      "type": "Feature"
    },
    {
      "geometry": {
        "coordinates": [
          [
            6.516972798903347,
            51.058210259053276
          ],
          [
            6.515014881053827,
            51.094755319670455
          ]
        ],
        "type": "LineString"
      },
      "properties": {
        "length_m": 4067.829,
        "orientation": "NS",
        "row": 286,
        "segment": 0
      },
      "type": "Feature"
    },
    {
      "geometry": {
        "coordinates": [
          [
            6.517217453271731,
            51.05830561840436
          ],
          [
            6.51526312205828,
            51.09478727436031
          ]
        ],
        "type": "LineString"
      },
      "properties": {
        "length_m": 4060.77,
        "orientation": "NS",
        "row": 287,
        "segment": 0
      },
      "type": "Feature"
    },
    {
      "geometry": {
        "coordinates": [
          [
            6.517462108657018,
            51.05840097725557
          ],
          [
            6.515511363422841,
            51.09481922852731
          ]
        ],
        "type": "LineString"
      },
      "properties": {
        "length_m": 4053.712,
        "orientation": "NS",
        "row": 288,
        "segment": 0
      },
      "type": "Feature"
    },
    {
      "geometry": {
        "coordinates": [
          [
            6.517706765059209,
            51.05849633560687
          ],
          [
            6.515759605147501,
            51.09485118217145
          ]
        ],
        "type": "LineString"
      },
      "properties": {
        "length_m": 4046.654,
        "orientation": "NS",
        "row": 289,
        "segment": 0
      },
      "type": "Feature"
    },
    {
      "geometry": {
        "coordinates": [
          [
            6.517951422478309,
            51.05859169345826
          ],
          [
            6.516007847232253,
            51.09488313529276
          ]
        ],
        "type": "LineString"
      },
      "properties": {
        "length_m": 4039.595,
        "orientation": "NS",
        "row": 290,
        "segment": 0
      },
      "type": "Feature"
    },
    {
      "geometry": {
        "coordinates": [
          [
            6.518196080914316,
            51.058687050809745
          ],
          [
            6.516256089677093,
            51.0949150878912
          ]
        ],
        "type": "LineString"
      },
      "properties": {
        "length_m": 4032.537,
        "orientation": "NS",
        "row": 291,
        "segment": 0
      },
      "type": "Feature"
    },
    {
      "geometry": {
        "coordinates": [
          [
            6.51844145794213,
            51.058768992202076
          ],
          [
            6.516504332482012,
            51.0949470399668
          ]
        ],
        "type": "LineString"
      },
      "properties": {
        "length_m": 4026.972,
        "orientation": "NS",
        "row": 292,
        "segment": 0
      },
      "type": "Feature"
    },
    {
      "geometry": {
        "coordinates": [
          [
            6.518690130545181,
            51.058789330888054
          ],
          [
            6.516752575647005,
            51.094978991519525
          ]
        ],
        "type": "LineString"
      },
      "properties": {
        "length_m": 4028.264,
        "orientation": "NS",
        "row": 293,
        "segment": 0
      },
      "type": "Feature"
    },
    {
      "geometry": {
        "coordinates": [
          [
            6.518942195723343,
            51.05874623462128
          ],
          [
            6.517002509114031,
            51.09497940743061
          ]
        ],
        "type": "LineString"
      },
      "properties": {
        "length_m": 4033.107,
        "orientation": "NS",
        "row": 294,
        "segment": 0
      },
      "type": "Feature"
    },
    {
      "geometry": {
        "coordinates": [
          [
            6.519198739678299,
            51.05861937029532
          ],
          [
            6.517254988375546,
            51.094932312610965
          ]
        ],
        "type": "LineString"
      },
      "properties": {
        "length_m": 4041.985,
        "orientation": "NS",
        "row": 295,
        "segment": 0
      },
      "type": "Feature"
    },
    {
      "geometry": {
        "coordinates": [
          [
            6.519456514642377,
            51.05846945521509
          ],
          [
            6.517506536047854,
            51.094902595484854
          ]
        ],
        "type": "LineString"
      },
      "properties": {
        "length_m": 4055.363,
        "orientation": "NS",
        "row": 296,
        "segment": 0
      },
      "type": "Feature"
    },
    {
      "geometry": {
        "coordinates": [
          [
            6.519714287943309,
            51.05831953953935
          ],
          [
            6.517754879881612,
            51.094932675677306
          ]
        ],
        "type": "LineString"
      },
      "properties": {
        "length_m": 4075.398,
        "orientation": "NS",
        "row": 297,
        "segment": 0
      },
      "type": "Feature"
    },
    {
      "geometry": {
        "coordinates": [
          [
            6.51997205958111,
            51.0581696232681
          ],
          [
            6.518489115011273,
            51.08588976219375
          ]
        ],
        "type": "LineString"
      },
      "properties": {
        "length_m": 3085.517,
        "orientation": "NS",
        "row": 298,
        "segment": 0
      },
      "type": "Feature"
    },
    {
      "geometry": {
        "coordinates": [
          [
            6.518478461499506,
            51.08608874485163
          ],
          [
            6.51800087194374,
            51.095006664598934
          ]
        ],
        "type": "LineString"
      },
      "properties": {
        "length_m": 992.654,
        "orientation": "NS",
        "row": 298,
        "segment": 1
      },
      "type": "Feature"
    },
    {
      "geometry": {
        "coordinates": [
          [
            6.520229829555792,
            51.05801970640136
          ],
          [
            6.518753179800652,
            51.08562529061521
          ]
        ],
        "type": "LineString"
      },
      "properties": {
        "length_m": 3072.765,
        "orientation": "NS",
        "row": 299,
        "segment": 0
      },
      "type": "Feature"
    },
    {
      "geometry": {
        "coordinates": [
          [
            6.518715552428227,
            51.0863281532172
          ],
          [
            6.51824678502645,
            51.09508214247177
          ]
        ],
        "type": "LineString"
      },
      "properties": {
        "length_m": 974.407,
        "orientation": "NS",
        "row": 299,
        "segment": 1
      },
      "type": "Feature"
    },
    {
      "geometry": {
        "coordinates": [
          [
            6.520487597867367,
            51.057869788939165
          ],
          [
            6.519014527201522,
            51.085411527937936
          ]
        ],
        "type": "LineString"
      },
      "properties": {
        "length_m": 3065.658,
        "orientation": "NS",
        "row": 300,
        "segment": 0
      },
      "type": "Feature"
    },
    {
      "geometry": {
        "coordinates": [
          [
            6.5189609568045075,
            51.086412303803215
          ],
          [
            6.518491133778624,
            51.09518684357279
          ]
        ],
        "type": "LineString"
      },
      "properties": {
        "length_m": 976.694,
        "orientation": "NS",
        "row": 300,
        "segment": 1
      },
      "type": "Feature"
    },
    {
      "geometry": {
        "coordinates": [
          [
            6.520745364515849,
            51.05771987088149
          ],
          [
            6.519275872177466,
            51.0851977646355
          ]
        ],
        "type": "LineString"
      },
      "properties": {
        "length_m": 3058.551,
        "orientation": "NS",
        "row": 301,
        "segment": 0
      },
      "type": "Feature"
    },
    {
      "geometry": {
        "coordinates": [
          [
            6.519207023718244,
            51.08648409273521
          ],
          [
            6.518717113317681,
            51.095634576010866
          ]
        ],
        "type": "LineString"
      },
      "properties": {
        "length_m": 1018.54,
        "orientation": "NS",
        "row": 301,
        "segment": 1
      },
      "type": "Feature"
    },
    {
      "geometry": {
        "coordinates": [
          [
            6.521031422180145,
            51.05704042669876
          ],
          [
            6.521015677196482,
            51.0573351116607
          ]
        ],
        "type": "LineString"
      },
      "properties": {
        "length_m": 32.801,
        "orientation": "NS",
        "row": 302,
        "segment": 0
      },
      "type": "Feature"
    },
    {
      "geometry": {
        "coordinates": [
          [
            6.521009492731356,
            51.05745085947237
          ],
          [
            6.519537214728521,
            51.084984000707934
          ]
        ],
        "type": "LineString"
      },
      "properties": {
        "length_m": 3064.7,
        "orientation": "NS",
        "row": 302,
        "segment": 1
      },
      "type": "Feature"
    },
    {
      "geometry": {
        "coordinates": [
          [
            6.51945309140855,
            51.086555881158695
          ],
          [
            6.51895661159241,
            51.0958299314111
          ]
        ],
        "type": "LineString"
      },
      "properties": {
        "length_m": 1032.294,
        "orientation": "NS",
        "row": 302,
        "segment": 2
      },
      "type": "Feature"
    },
    {
      "geometry": {
        "coordinates": [
          [
            6.521286195010598,
            51.05694642638033
          ],
          [
            6.519798554854721,
            51.084770236155244
          ]
        ],
        "type": "LineString"
      },
      "properties": {
        "length_m": 3097.053,
        "orientation": "NS",
        "row": 303,
        "segment": 0
      },
      "type": "Feature"
    },
    {
      "geometry": {
        "coordinates": [
          [
            6.5196991598754215,
            51.086627669073664
          ],
          [
            6.519204045172519,
            51.09587712097658
          ]
        ],
        "type": "LineString"
      },
      "properties": {
        "length_m": 1029.556,
        "orientation": "NS",
        "row": 303,
        "segment": 1
      },
      "type": "Feature"
    },
    {
      "geometry": {
        "coordinates": [
          [
            6.521540966821348,
            51.056852425490476
          ],
          [
            6.520059892556103,
            51.08455647097744
          ]
        ],
        "type": "LineString"
      },
      "properties": {
        "length_m": 3083.721,
        "orientation": "NS",
        "row": 304,
        "segment": 0
      },
      "type": "Feature"
    },
    {
      "geometry": {
        "coordinates": [
          [
            6.519945229118857,
            51.08669945648011
          ],
          [
            6.519451479273316,
            51.09592431002467
          ]
        ],
        "type": "LineString"
      },
      "properties": {
        "length_m": 1026.818,
        "orientation": "NS",
        "row": 304,
        "segment": 1
      },
      "type": "Feature"
    },
    {
      "geometry": {
        "coordinates": [
          [
            6.521795737612392,
            51.056758424029226
          ],
          [
            6.5203212278327,
            51.08434270517454
          ]
        ],
        "type": "LineString"
      },
      "properties": {
        "length_m": 3070.39,
        "orientation": "NS",
        "row": 305,
        "segment": 0
      },
      "type": "Feature"
    },
    {
      "geometry": {
        "coordinates": [
          [
            6.520191299138854,
            51.08677124337801
          ],
          [
            6.519698913894796,
            51.095971498555386
          ]
        ],
        "type": "LineString"
      },
      "properties": {
        "length_m": 1024.079,
        "orientation": "NS",
        "row": 305,
        "segment": 1
      },
      "type": "Feature"
    },
    {
      "geometry": {
        "coordinates": [
          [
            6.52205050738373,
            51.05666442199658
          ],
          [
            6.520582560684548,
            51.08412893874656
          ]
        ],
        "type": "LineString"
      },
      "properties": {
        "length_m": 3057.058,
        "orientation": "NS",
        "row": 306,
        "segment": 0
      },
      "type": "Feature"
    },
    {
      "geometry": {
        "coordinates": [
          [
            6.5204373699354115,
            51.086843029767394
          ],
          [
            6.519946349036953,
            51.096018686568705
          ]
        ],
        "type": "LineString"
      },
      "properties": {
        "length_m": 1021.341,
        "orientation": "NS",
        "row": 306,
        "segment": 1
      },
      "type": "Feature"
    },
    {
      "geometry": {
        "coordinates": [
          [
            6.5222873382530135,
            51.0569063249842
          ],
          [
            6.5208461884956135,
            51.083872217795545
          ]
        ],
        "type": "LineString"
      },
      "properties": {
        "length_m": 3001.556,
        "orientation": "NS",
        "row": 307,
        "segment": 0
      },
      "type": "Feature"
    },
    {
      "geometry": {
        "coordinates": [
          [
            6.520683441508523,
            51.086914815648235
          ],
          [
            6.5201937846997815,
            51.096065874064664
          ]
        ],
        "type": "LineString"
      },
      "properties": {
        "length_m": 1018.603,
        "orientation": "NS",
        "row": 307,
        "segment": 1
      },
      "type": "Feature"
    },
    {
      "geometry": {
        "coordinates": [
          [
            6.522522916586299,
            51.0571717301054
          ],
          [
            6.521110453008674,
            51.0836035353156
          ]
        ],
        "type": "LineString"
      },
      "properties": {
        "length_m": 2942.107,
        "orientation": "NS",
        "row": 308,
        "segment": 0
      },
      "type": "Feature"
    },
    {
      "geometry": {
        "coordinates": [
          [
            6.520929513858192,
            51.086986601020534
          ],
          [
            6.520441220883277,
            51.096113061043226
          ]
        ],
        "type": "LineString"
      },
      "properties": {
        "length_m": 1015.865,
        "orientation": "NS",
        "row": 308,
        "segment": 1
      },
      "type": "Feature"
    },
    {
      "geometry": {
        "coordinates": [
          [
            6.522756546556951,
            51.057473675570606
          ],
          [
            6.521374714424308,
            51.08333485218424
          ]
        ],
        "type": "LineString"
      },
      "properties": {
        "length_m": 2878.59,
        "orientation": "NS",
        "row": 309,
        "segment": 0
      },
      "type": "Feature"
    },
    {
      "geometry": {
        "coordinates": [
          [
            6.521175586984411,
            51.08705838588429
          ],
          [
            6.520688657587433,
            51.09616024750439
          ]
        ],
        "type": "LineString"
      },
      "properties": {
        "length_m": 1013.127,
        "orientation": "NS",
        "row": 309,
        "segment": 1
      },
      "type": "Feature"
    },
    {
      "geometry": {
        "coordinates": [
          [
            6.522991847309093,
            51.057744381812434
          ],
          [
            6.52163897274258,
            51.083066168401444
          ]
        ],
        "type": "LineString"
      },
      "properties": {
        "length_m": 2818.55,
        "orientation": "NS",
        "row": 310,
        "segment": 0
      },
      "type": "Feature"
    },
    {
      "geometry": {
        "coordinates": [
          [
            6.521421660887179,
            51.08713017023949
          ],
          [
            6.520936094812246,
            51.09620743344817
          ]
        ],
        "type": "LineString"
      },
      "properties": {
        "length_m": 1010.388,
        "orientation": "NS",
        "row": 310,
        "segment": 1
      },
      "type": "Feature"
    },
    {
      "geometry": {
        "coordinates": [
          [
            6.523235712245814,
            51.057854711269705
          ],
          [
            6.521903227963548,
            51.08279748396726
          ]
        ],
        "type": "LineString"
      },
      "properties": {
        "length_m": 2776.362,
        "orientation": "NS",
        "row": 311,
        "segment": 0
      },
      "type": "Feature"
    },
    {
      "geometry": {
        "coordinates": [
          [
            6.521667735566494,
            51.087201954086154
          ],
          [
            6.521183532557709,
            51.096254618874546
          ]
        ],
        "type": "LineString"
      },
      "properties": {
        "length_m": 1007.65,
        "orientation": "NS",
        "row": 311,
        "segment": 1
      },
      "type": "Feature"
    },
    {
      "geometry": {
        "coordinates": [
          [
            6.523483795998704,
            51.05788602588232
          ],
          [
            6.522167480087277,
            51.08252879888171
          ]
        ],
        "type": "LineString"
      },
      "properties": {
        "length_m": 2742.968,
        "orientation": "NS",
        "row": 312,
        "segment": 0
      },
      "type": "Feature"
    },
    {
      "geometry": {
        "coordinates": [
          [
            6.521913811022354,
            51.08727373742425
          ],
          [
            6.521430970823817,
            51.09630180378354
          ]
        ],
        "type": "LineString"
      },
      "properties": {
        "length_m": 1004.912,
        "orientation": "NS",
        "row": 312,
        "segment": 1
      },
      "type": "Feature"
    },
    {
      "geometry": {
        "coordinates": [
          [
            6.523734962603589,
            51.05785958578684
          ],
          [
            6.522431729113826,
            51.08226011314479
          ]
        ],
        "type": "LineString"
      },
      "properties": {
        "length_m": 2716.004,
        "orientation": "NS",
        "row": 313,
        "segment": 0
      },
      "type": "Feature"
    },
    {
      "geometry": {
        "coordinates": [
          [
            6.522159887254755,
            51.087345520253784
          ],
          [
            6.5216784096105656,
            51.09634898817512
          ]
        ],
        "type": "LineString"
      },
      "properties": {
        "length_m": 1002.174,
        "orientation": "NS",
        "row": 313,
        "segment": 1
      },
      "type": "Feature"
    },
    {
      "geometry": {
        "coordinates": [
          [
            6.523986899676012,
            51.057818703016906
          ],
          [
            6.522692993396913,
            51.082047219639506
          ]
        ],
        "type": "LineString"
      },
      "properties": {
        "length_m": 2696.857,
        "orientation": "NS",
        "row": 314,
        "segment": 0
      },
      "type": "Feature"
    },
    {
      "geometry": {
        "coordinates": [
          [
            6.5224059642636965,
            51.087417302574764
          ],
          [
            6.52192584891795,
            51.0963961720493
          ]
        ],
        "type": "LineString"
      },
      "properties": {
        "length_m": 999.435,
        "orientation": "NS",
        "row": 314,
        "segment": 1
      },
      "type": "Feature"
    },
    {
      "geometry": {
        "coordinates": [
          [
            6.524238836322075,
            51.057777819697144
          ],
          [
            6.522947105406297,
            51.081968128868674
          ]
        ],
        "type": "LineString"
      },
      "properties": {
        "length_m": 2692.603,
        "orientation": "NS",
        "row": 315,
        "segment": 0
      },
      "type": "Feature"
    },
    {
      "geometry": {
        "coordinates": [
          [
            6.522652042049176,
            51.08748908438716
          ],
          [
            6.522173288745964,
            51.09644335540607
          ]
        ],
        "type": "LineString"
      },
      "properties": {
        "length_m": 996.697,
        "orientation": "NS",
        "row": 315,
        "segment": 1
      },
      "type": "Feature"
    },
    {
      "geometry": {
        "coordinates": [
          [
            6.524490772541774,
            51.05773693582755
          ],
          [
            6.523200299567113,
            51.081906200043626
          ]
        ],
        "type": "LineString"
      },
      "properties": {
        "length_m": 2690.26,
        "orientation": "NS",
        "row": 316,
        "segment": 0
      },
      "type": "Feature"
    },
    {
      "geometry": {
        "coordinates": [
          [
            6.522898120611189,
            51.08756086569099
          ],
          [
            6.522420729094601,
            51.09649053824544
          ]
        ],
        "type": "LineString"
      },
      "properties": {
        "length_m": 993.959,
        "orientation": "NS",
        "row": 316,
        "segment": 1
      },
      "type": "Feature"
    },
    {
      "geometry": {
        "coordinates": [
          [
            6.524742708335098,
            51.057696051408165
          ],
          [
            6.523453493067581,
            51.08184427065988
          ]
        ],
        "type": "LineString"
      },
      "properties": {
        "length_m": 2687.917,
        "orientation": "NS",
        "row": 317,
        "segment": 0
      },
      "type": "Feature"
    },
    {
      "geometry": {
        "coordinates": [
          [
            6.523144199949734,
            51.08763264648624
          ],
          [
            6.522668169963858,
            51.09653772056739
          ]
        ],
        "type": "LineString"
      },
      "properties": {
        "length_m": 991.221,
        "orientation": "NS",
        "row": 317,
        "segment": 1
      },
      "type": "Feature"
    },
    {
      "geometry": {
        "coordinates": [
          [
            6.524994643702047,
            51.057655166438956
          ],
          [
            6.523706685907703,
            51.081782340717446
          ]
        ],
        "type": "LineString"
      },
      "properties": {
        "length_m": 2685.574,
        "orientation": "NS",
        "row": 318,
        "segment": 0
      },
      "type": "Feature"
    },
    {
      "geometry": {
        "coordinates": [
          [
            6.523390280064809,
            51.08770442677291
          ],
          [
            6.522915611353729,
            51.09658490237193
          ]
        ],
        "type": "LineString"
      },
      "properties": {
        "length_m": 988.483,
        "orientation": "NS",
        "row": 318,
        "segment": 1
      },
      "type": "Feature"
    },
    {
      "geometry": {
        "coordinates": [
          [
            6.52518841008907,
            51.05870477972016
          ],
          [
            6.523959878087468,
            51.08172041021631
          ]
        ],
        "type": "LineString"
      },
      "properties": {
        "length_m": 2561.849,
        "orientation": "NS",
        "row": 319,
        "segment": 0
      },
      "type": "Feature"
    },
    {
      "geometry": {
        "coordinates": [
          [
            6.523634428211331,
            51.0878123785567
          ],
          [
            6.5231630532642075,
            51.09663208365905
          ]
        ],
        "type": "LineString"
      },
      "properties": {
        "length_m": 981.718,
        "orientation": "NS",
        "row": 319,
        "segment": 1
      },
      "type": "Feature"
    },
    {
      "geometry": {
        "coordinates": [
          [
            6.52533258288512,
            51.0606842678052
          ],
          [
            6.524213069606876,
            51.081658479156495
          ]
        ],
        "type": "LineString"
      },
      "properties": {
        "length_m": 2334.621,
        "orientation": "NS",
        "row": 320,
        "segment": 0
      },
      "type": "Feature"
    },
    {
      "geometry": {
        "coordinates": [
          [
            6.523875774512364,
            51.08797279367054
          ],
          [
            6.52341049569529,
            51.09667926442875
          ]
        ],
        "type": "LineString"
      },
      "properties": {
        "length_m": 969.114,
        "orientation": "NS",
        "row": 320,
        "segment": 1
      },
      "type": "Feature"
    },
    {
      "geometry": {
        "coordinates": [
          [
            6.525514878379666,
            51.06194926184496
          ],
          [
            6.524466260465922,
            51.08159654753799
          ]
        ],
        "type": "LineString"
      },
      "properties": {
        "length_m": 2186.922,
        "orientation": "NS",
        "row": 321,
        "segment": 0
      },
      "type": "Feature"
    },
    {
      "geometry": {
        "coordinates": [
          [
            6.52411712248235,
            51.088133208304875
          ],
          [
            6.523657854144585,
            51.09672802568134
          ]
        ],
        "type": "LineString"
      },
      "properties": {
        "length_m": 956.686,
        "orientation": "NS",
        "row": 321,
        "segment": 1
      },
      "type": "Feature"
    },
    {
      "geometry": {
        "coordinates": [
          [
            6.525703608616836,
            51.06309378400861
          ],
          [
            6.5247194506646,
            51.08153461536081
          ]
        ],
        "type": "LineString"
      },
      "properties": {
        "length_m": 2052.632,
        "orientation": "NS",
        "row": 322,
        "segment": 0
      },
      "type": "Feature"
    },
    {
      "geometry": {
        "coordinates": [
          [
            6.524358472121306,
            51.088293622459716
          ],
          [
            6.523905145383624,
            51.096778054064444
          ]
        ],
        "type": "LineString"
      },
      "properties": {
        "length_m": 944.398,
        "orientation": "NS",
        "row": 322,
        "segment": 1
      },
      "type": "Feature"
    },
    {
      "geometry": {
        "coordinates": [
          [
            6.52591086890772,
            51.0638910524474
          ],
          [
            6.524972640202906,
            51.08147268262495
          ]
        ],
        "type": "LineString"
      },
      "properties": {
        "length_m": 1956.995,
        "orientation": "NS",
        "row": 323,
        "segment": 0
      },
      "type": "Feature"
    },
    {
      "geometry": {
        "coordinates": [
          [
            6.524599823429246,
            51.08845403613505
          ],
          [
            6.524152437173123,
            51.09682808193114
          ]
        ],
        "type": "LineString"
      },
      "properties": {
        "length_m": 932.111,
        "orientation": "NS",
        "row": 323,
        "segment": 1
      },
      "type": "Feature"
    },
    {
      "geometry": {
        "coordinates": [
          [
            6.526127299056673,
            51.064516512740106
          ],
          [
            6.525225829080836,
            51.08141074933041
          ]
        ],
        "type": "LineString"
      },
      "properties": {
        "length_m": 1880.482,
        "orientation": "NS",
        "row": 324,
        "segment": 0
      },
      "type": "Feature"
    },
    {
      "geometry": {
        "coordinates": [
          [
            6.524841176406188,
            51.088614449330855
          ],
          [
            6.524399729513077,
            51.09687810928141
          ]
        ],
        "type": "LineString"
      },
      "properties": {
        "length_m": 919.824,
        "orientation": "NS",
        "row": 324,
        "segment": 1
      },
      "type": "Feature"
    },
    {
      "geometry": {
        "coordinates": [
          [
            6.526343734763259,
            51.06514197265149
          ],
          [
            6.525525832766856,
            51.08047176931368
          ]
        ],
        "type": "LineString"
      },
      "properties": {
        "length_m": 1706.345,
        "orientation": "NS",
        "row": 325,
        "segment": 0
      },
      "type": "Feature"
    },
    {
      "geometry": {
        "coordinates": [
          [
            6.5250823715619815,
            51.08877784860419
          ],
          [
            6.524647022403481,
            51.096928136115295
          ]
        ],
        "type": "LineString"
      },
      "properties": {
        "length_m": 907.204,
        "orientation": "NS",
        "row": 325,
        "segment": 1
      },
      "type": "Feature"
    },
    {
      "geometry": {
        "coordinates": [
          [
            6.52656186076609,
            51.06573583943286
          ],
          [
            6.525784109460665,
            51.08031439000383
          ]
        ],
        "type": "LineString"
      },
      "properties": {
        "length_m": 1622.724,
        "orientation": "NS",
        "row": 326,
        "segment": 0
      },
      "type": "Feature"
    },
    {
      "geometry": {
        "coordinates": [
          [
            6.525320921526704,
            51.08899081659462
          ],
          [
            6.524894315844328,
            51.09697816243274
          ]
        ],
        "type": "LineString"
      },
      "properties": {
        "length_m": 889.067,
        "orientation": "NS",
        "row": 326,
        "segment": 1
      },
      "type": "Feature"
    },
    {
      "geometry": {
        "coordinates": [
          [
            6.526780894585642,
            51.06631278105872
          ],
          [
            6.526036513893865,
            51.08026701549686
          ]
        ],
        "type": "LineString"
      },
      "properties": {
        "length_m": 1553.232,
        "orientation": "NS",
        "row": 327,
        "segment": 0
      },
      "type": "Feature"
    },
    {
      "geometry": {
        "coordinates": [
          [
            6.525559473667019,
            51.08920378412118
          ],
          [
            6.525141609835616,
            51.097028188233764
          ]
        ],
        "type": "LineString"
      },
      "properties": {
        "length_m": 870.93,
        "orientation": "NS",
        "row": 327,
        "segment": 1
      },
      "type": "Feature"
    },
    {
      "geometry": {
        "coordinates": [
          [
            6.526999933619337,
            51.06688972229724
          ],
          [
            6.526287203890878,
            51.080251760519346
          ]
        ],
        "type": "LineString"
      },
      "properties": {
        "length_m": 1487.315,
        "orientation": "NS",
        "row": 328,
        "segment": 0
      },
      "type": "Feature"
    },
    {
      "geometry": {
        "coordinates": [
          [
            6.525799439620287,
            51.08939031028906
          ],
          [
            6.525388904377339,
            51.097078213518365
          ]
        ],
        "type": "LineString"
      },
      "properties": {
        "length_m": 855.736,
        "orientation": "NS",
        "row": 328,
        "segment": 1
      },
      "type": "Feature"
    },
    {
      "geometry": {
        "coordinates": [
          [
            6.527219713661478,
            51.067452862470965
          ],
          [
            6.5265378937414384,
            51.080236505001565
          ]
        ],
        "type": "LineString"
      },
      "properties": {
        "length_m": 1422.934,
        "orientation": "NS",
        "row": 329,
        "segment": 0
      },
      "type": "Feature"
    },
    {
      "geometry": {
        "coordinates": [
          [
            6.526045182470418,
            51.089468656727774
          ],
          [
            6.525636199469491,
            51.09712823828654
          ]
        ],
        "type": "LineString"
      },
      "properties": {
        "length_m": 852.584,
        "orientation": "NS",
        "row": 329,
        "segment": 1
      },
      "type": "Feature"
    },
    {
      "geometry": {
        "coordinates": [
          [
            6.527449040871405,
            51.06783701657335
          ],
          [
            6.526788583445541,
            51.08022124894351
          ]
        ],
        "type": "LineString"
      },
      "properties": {
        "length_m": 1378.476,
        "orientation": "NS",
        "row": 330,
        "segment": 0
      },
      "type": "Feature"
    },
    {
      "geometry": {
        "coordinates": [
          [
            6.526293544338166,
            51.08949795296801
          ],
          [
            6.52588354591704,
            51.09717731116014
          ]
        ],
        "type": "LineString"
      },
      "properties": {
        "length_m": 854.785,
        "orientation": "NS",
        "row": 330,
        "segment": 1
      },
      "type": "Feature"
    },
    {
      "geometry": {
        "coordinates": [
          [
            6.527678371785668,
            51.068221170254986
          ],
          [
            6.527039273003171,
            51.08020599234521
          ]
        ],
        "type": "LineString"
      },
      "properties": {
        "length_m": 1334.018,
        "orientation": "NS",
        "row": 331,
        "segment": 0
      },
      "type": "Feature"
    },
    {
      "geometry": {
        "coordinates": [
          [
            6.526541996076279,
            51.08952557107065
          ],
          [
            6.526130970203184,
            51.09722493588294
          ]
        ],
        "type": "LineString"
      },
      "properties": {
        "length_m": 857.012,
        "orientation": "NS",
        "row": 331,
        "segment": 1
      },
      "type": "Feature"
    },
    {
      "geometry": {
        "coordinates": [
          [
            6.527907706404385,
            51.068605323515875
          ],
          [
            6.5272906046243415,
            51.08017869495038
          ]
        ],
        "type": "LineString"
      },
      "properties": {
        "length_m": 1288.22,
        "orientation": "NS",
        "row": 332,
        "segment": 0
      },
      "type": "Feature"
    },
    {
      "geometry": {
        "coordinates": [
          [
            6.526790448128368,
            51.08955318864889
          ],
          [
            6.526378404076342,
            51.09727239036385
          ]
        ],
        "type": "LineString"
      },
      "properties": {
        "length_m": 859.22,
        "orientation": "NS",
        "row": 332,
        "segment": 1
      },
      "type": "Feature"
    },
    {
      "geometry": {
        "coordinates": [
          [
            6.528137044727674,
            51.06898947635599
          ],
          [
            6.527544662983497,
            51.080100265136174
          ]
        ],
        "type": "LineString"
      },
      "properties": {
        "length_m": 1236.73,
        "orientation": "NS",
        "row": 333,
        "segment": 0
      },
      "type": "Feature"
    },
    {
      "geometry": {
        "coordinates": [
          [
            6.527038900494425,
            51.089580805702774
          ],
          [
            6.526627712339905,
            51.09728474373746
          ]
        ],
        "type": "LineString"
      },
      "properties": {
        "length_m": 857.52,
        "orientation": "NS",
        "row": 333,
        "segment": 1
      },
      "type": "Feature"
    },
    {
      "geometry": {
        "coordinates": [
          [
            6.528374336981929,
            51.069224453286466
          ],
          [
            6.527798720497529,
            51.08002183475663
          ]
        ],
        "type": "LineString"
      },
      "properties": {
        "length_m": 1201.845,
        "orientation": "NS",
        "row": 334,
        "segment": 0
      },
      "type": "Feature"
    },
    {
      "geometry": {
        "coordinates": [
          [
            6.5272873531744455,
            51.08960842223226
          ],
          [
            6.5268770207548235,
            51.097297096580924
          ]
        ],
        "type": "LineString"
      },
      "properties": {
        "length_m": 855.821,
        "orientation": "NS",
        "row": 334,
        "segment": 1
      },
      "type": "Feature"
    },
    {
      "geometry": {
        "coordinates": [
          [
            6.528617048869186,
            51.0693577725218
          ],
          [
            6.528052777166432,
            51.079943403811775
          ]
        ],
        "type": "LineString"
      },
      "properties": {
        "length_m": 1178.275,
        "orientation": "NS",
        "row": 335,
        "segment": 0
      },
      "type": "Feature"
    },
    {
      "geometry": {
        "coordinates": [
          [
            6.5275358061684186,
            51.089636038237366
          ],
          [
            6.527125679894608,
            51.097321616166695
          ]
        ],
        "type": "LineString"
      },
      "properties": {
        "length_m": 855.476,
        "orientation": "NS",
        "row": 335,
        "segment": 1
      },
      "type": "Feature"
    },
    {
      "geometry": {
        "coordinates": [
          [
            6.5288597621562685,
            51.06949109126933
          ],
          [
            6.528306832990209,
            51.07986497230158
          ]
        ],
        "type": "LineString"
      },
      "properties": {
        "length_m": 1154.705,
        "orientation": "NS",
        "row": 336,
        "segment": 0
      },
      "type": "Feature"
    },
    {
      "geometry": {
        "coordinates": [
          [
            6.527784259476342,
            51.089663653718084
          ],
          [
            6.527372730944959,
            51.097376271683444
          ]
        ],
        "type": "LineString"
      },
      "properties": {
        "length_m": 858.486,
        "orientation": "NS",
        "row": 336,
        "segment": 1
      },
      "type": "Feature"
    },
    {
      "geometry": {
        "coordinates": [
          [
            6.529102476843183,
            51.06962440952904
          ],
          [
            6.5285608879688555,
            51.079786540226074
          ]
        ],
        "type": "LineString"
      },
      "properties": {
        "length_m": 1131.135,
        "orientation": "NS",
        "row": 337,
        "segment": 0
      },
      "type": "Feature"
    },
    {
      "geometry": {
        "coordinates": [
          [
            6.528032713098207,
            51.08969126867442
          ],
          [
            6.527619760986747,
            51.097431331589064
          ]
        ],
        "type": "LineString"
      },
      "properties": {
        "length_m": 861.541,
        "orientation": "NS",
        "row": 337,
        "segment": 1
      },
      "type": "Feature"
    },
    {
      "geometry": {
        "coordinates": [
          [
            6.529345192929939,
            51.069757727300946
          ],
          [
            6.528814942102367,
            51.07970810758525
          ]
        ],
        "type": "LineString"
      },
      "properties": {
        "length_m": 1107.565,
        "orientation": "NS",
        "row": 338,
        "segment": 0
      },
      "type": "Feature"
    },
    {
      "geometry": {
        "coordinates": [
          [
            6.528281167034007,
            51.089718883106364
          ],
          [
            6.527866791631642,
            51.09748639098003
          ]
        ],
        "type": "LineString"
      },
      "properties": {
        "length_m": 864.596,
        "orientation": "NS",
        "row": 338,
        "segment": 1
      },
      "type": "Feature"
    },
    {
      "geometry": {
        "coordinates": [
          [
            6.529587910416547,
            51.06989104458507
          ],
          [
            6.529068995390745,
            51.07962967437911
          ]
        ],
        "type": "LineString"
      },
      "properties": {
        "length_m": 1083.995,
        "orientation": "NS",
        "row": 339,
        "segment": 0
      },
      "type": "Feature"
    },
    {
      "geometry": {
        "coordinates": [
          [
            6.5285296212837345,
            51.08974649701392
          ],
          [
            6.528113822879641,
            51.09754144985634
          ]
        ],
        "type": "LineString"
      },
      "properties": {
        "length_m": 867.65,
        "orientation": "NS",
        "row": 339,
        "segment": 1
      },
      "type": "Feature"
    },
    {
      "geometry": {
        "coordinates": [
          [
            6.529830629303016,
            51.07002436138134
          ],
          [
            6.529323047833983,
            51.079551240607685
          ]
        ],
        "type": "LineString"
      },
      "properties": {
        "length_m": 1060.425,
        "orientation": "NS",
        "row": 340,
        "segment": 0
      },
      "type": "Feature"
    },
    {
      "geometry": {
        "coordinates": [
          [
            6.528778075847384,
            51.08977411039708
          ],
          [
            6.528360854730741,
            51.09759650821797
          ]
        ],
        "type": "LineString"
      },
      "properties": {
        "length_m": 870.705,
        "orientation": "NS",
        "row": 340,
        "segment": 1
      },
      "type": "Feature"
    },
    {
      "geometry": {
        "coordinates": [
          [
            6.530073349589355,
            51.07015767768979
          ],
          [
            6.529577099432081,
            51.07947280627094
          ]
        ],
        "type": "LineString"
      },
      "properties": {
        "length_m": 1036.855,
        "orientation": "NS",
        "row": 341,
        "segment": 0
      },
      "type": "Feature"
    },
    {
      "geometry": {
        "coordinates": [
          [
            6.529026741244101,
            51.08979777499234
          ],
          [
            6.5286078871849345,
            51.09765156606492
          ]
        ],
        "type": "LineString"
      },
      "properties": {
        "length_m": 874.199,
        "orientation": "NS",
        "row": 341,
        "segment": 1
      },
      "type": "Feature"
    },
    {
      "geometry": {
        "coordinates": [
          [
            6.530316071275571,
            51.07029099351041
          ],
          [
            6.529831150185037,
            51.07939437136892
          ]
        ],
        "type": "LineString"
      },
      "properties": {
        "length_m": 1013.285,
        "orientation": "NS",
        "row": 342,
        "segment": 0
      },
      "type": "Feature"
    },
    {
      "geometry": {
        "coordinates": [
          [
            6.5292756198026485,
            51.08981744593591
          ],
          [
            6.528854660999947,
            51.097711483741506
          ]
        ],
        "type": "LineString"
      },
      "properties": {
        "length_m": 878.679,
        "orientation": "NS",
        "row": 342,
        "segment": 1
      },
      "type": "Feature"
    },
    {
      "geometry": {
        "coordinates": [
          [
            6.5305599449583775,
            51.070402701117786
          ],
          [
            6.530085200092846,
            51.0793159359016
          ]
        ],
        "type": "LineString"
      },
      "properties": {
        "length_m": 992.121,
        "orientation": "NS",
        "row": 343,
        "segment": 0
      },
      "type": "Feature"
    },
    {
      "geometry": {
        "coordinates": [
          [
            6.529504537151958,
            51.090211561947825
          ],
          [
            6.529101362522133,
            51.09777276866174
          ]
        ],
        "type": "LineString"
      },
      "properties": {
        "length_m": 841.632,
        "orientation": "NS",
        "row": 343,
        "segment": 1
      },
      "type": "Feature"
    },
    {
      "geometry": {
        "coordinates": [
          [
            6.530807750437056,
            51.07044058576301
          ],
          [
            6.530339249155509,
            51.07923749986898
          ]
        ],
        "type": "LineString"
      },
      "properties": {
        "length_m": 979.173,
        "orientation": "NS",
        "row": 344,
        "segment": 0
      },
      "type": "Feature"
    },
    {
      "geometry": {
        "coordinates": [
          [
            6.529749407999957,
            51.09030646294099
          ],
          [
            6.529348064712353,
            51.0978340530695
          ]
        ],
        "type": "LineString"
      },
      "properties": {
        "length_m": 837.89,
        "orientation": "NS",
        "row": 344,
        "segment": 1
      },
      "type": "Feature"
    },
    {
      "geometry": {
        "coordinates": [
          [
            6.531057524569239,
            51.07044149993386
          ],
          [
            6.530593297373021,
            51.07915906327109
          ]
        ],
        "type": "LineString"
      },
      "properties": {
        "length_m": 970.34,
        "orientation": "NS",
        "row": 345,
        "segment": 0
      },
      "type": "Feature"
    },
    {
      "geometry": {
        "coordinates": [
          [
            6.529996414449063,
            51.09036131460344
          ],
          [
            6.5295947675706065,
            51.09789533696477
          ]
        ],
        "type": "LineString"
      },
      "properties": {
        "length_m": 838.605,
        "orientation": "NS",
        "row": 345,
        "segment": 1
      },
      "type": "Feature"
    },
    {
      "geometry": {
        "coordinates": [
          [
            6.531307347277112,
            51.07044150159754
          ],
          [
            6.530847344228545,
            51.07908063581199
          ]
        ],
        "type": "LineString"
      },
      "properties": {
        "length_m": 961.61,
        "orientation": "NS",
        "row": 346,
        "segment": 0
      },
      "type": "Feature"
    },
    {
      "geometry": {
        "coordinates": [
          [
            6.530243421498857,
            51.090416165751265
          ],
          [
            6.529841471096888,
            51.09795662034753
          ]
        ],
        "type": "LineString"
      },
      "properties": {
        "length_m": 839.321,
        "orientation": "NS",
        "row": 346,
        "segment": 1
      },
      "type": "Feature"
    },
    {
      "geometry": {
        "coordinates": [
          [
            6.531557170003571,
            51.070441502726965
          ],
          [
            6.531099415313755,
            51.07903929276098
          ]
        ],
        "type": "LineString"
      },
      "properties": {
        "length_m": 957.008,
        "orientation": "NS",
        "row": 347,
        "segment": 0
      },
      "type": "Feature"
    },
    {
      "geometry": {
        "coordinates": [
          [
            6.5304905168068785,
            51.09046937144063
          ],
          [
            6.530088175291195,
            51.098017903217794
          ]
        ],
        "type": "LineString"
      },
      "properties": {
        "length_m": 840.22,
        "orientation": "NS",
        "row": 347,
        "segment": 1
      },
      "type": "Feature"
    },
    {
      "geometry": {
        "coordinates": [
          [
            6.531806992748608,
            51.07044150332211
          ],
          [
            6.531348571636098,
            51.07905267974024
          ]
        ],
        "type": "LineString"
      },
      "properties": {
        "length_m": 958.498,
        "orientation": "NS",
        "row": 348,
        "segment": 0
      },
      "type": "Feature"
    },
    {
      "geometry": {
        "coordinates": [
          [
            6.530739877343224,
            51.09048007503238
          ],
          [
            6.530334880153523,
            51.09807918557555
          ]
        ],
        "type": "LineString"
      },
      "properties": {
        "length_m": 845.85,
        "orientation": "NS",
        "row": 348,
        "segment": 1
      },
      "type": "Feature"
    },
    {
      "geometry": {
        "coordinates": [
          [
            6.532056815512217,
            51.07044150338299
          ],
          [
            6.531597330268953,
            51.07907353850815
          ]
        ],
        "type": "LineString"
      },
      "properties": {
        "length_m": 960.82,
        "orientation": "NS",
        "row": 349,
        "segment": 0
      },
      "type": "Feature"
    },
    {
      "geometry": {
        "coordinates": [
          [
            6.53099269425058,
            51.09042590663666
          ],
          [
            6.530581585683868,
            51.098140467420805
          ]
        ],
        "type": "LineString"
      },
      "properties": {
        "length_m": 858.7,
        "orientation": "NS",
        "row": 349,
        "segment": 1
      },
      "type": "Feature"
    },
    {
      "geometry": {
        "coordinates": [
          [
            6.532306638294387,
            51.07044150290959
          ],
          [
            6.531850924140797,
            51.079003578137886
          ]
        ],
        "type": "LineString"
      },
      "properties": {
        "length_m": 953.032,
        "orientation": "NS",
        "row": 350,
        "segment": 0
      },
      "type": "Feature"
    },
    {
      "geometry": {
        "coordinates": [
          [
            6.531252193967278,
            51.09024628088114
          ],
          [
            6.5308282918822265,
            51.09820174875356
          ]
        ],
        "type": "LineString"
      },
      "properties": {
        "length_m": 885.515,
        "orientation": "NS",
        "row": 350,
        "segment": 1
      },
      "type": "Feature"
    },
    {
      "geometry": {
        "coordinates": [
          [
            6.532519793731152,
            51.07113064338327
          ],
          [
            6.532139577604473,
            51.07827497447374
          ]
        ],
        "type": "LineString"
      },
      "properties": {
        "length_m": 795.225,
        "orientation": "NS",
        "row": 351,
        "segment": 0
      },
      "type": "Feature"
    },
    {
      "geometry": {
        "coordinates": [
          [
            6.531509965860315,
            51.09009905413272
          ],
          [
            6.53107707264911,
            51.09822411324574
          ]
        ],
        "type": "LineString"
      },
      "properties": {
        "length_m": 904.392,
        "orientation": "NS",
        "row": 351,
        "segment": 1
      },
      "type": "Feature"
    },
    {
      "geometry": {
        "coordinates": [
          [
            6.532713092045238,
            51.07219311073047
          ],
          [
            6.5324263847851105,
            51.07758088221307
          ]
        ],
        "type": "LineString"
      },
      "properties": {
        "length_m": 599.705,
        "orientation": "NS",
        "row": 352,
        "segment": 0
      },
      "type": "Feature"
    },
    {
      "geometry": {
        "coordinates": [
          [
            6.531757547250605,
            51.090143128277994
          ],
          [
            6.531338212613753,
            51.09801453916636
          ]
        ],
        "type": "LineString"
      },
      "properties": {
        "length_m": 876.159,
        "orientation": "NS",
        "row": 352,
        "segment": 1
      },
      "type": "Feature"
    },
    {
      "geometry": {
        "coordinates": [
          [
            6.5329552042642165,
            51.0723382198564
          ],
          [
            6.53268339693774,
            51.077446509739964
          ]
        ],
        "type": "LineString"
      },
      "properties": {
        "length_m": 568.596,
        "orientation": "NS",
        "row": 353,
        "segment": 0
      },
      "type": "Feature"
    },
    {
      "geometry": {
        "coordinates": [
          [
            6.532005129128639,
            51.09018720190482
          ],
          [
            6.531599350202896,
            51.097804964463954
          ]
        ],
        "type": "LineString"
      },
      "properties": {
        "length_m": 847.925,
        "orientation": "NS",
        "row": 353,
        "segment": 1
      },
      "type": "Feature"
    },
    {
      "geometry": {
        "coordinates": [
          [
            6.533202447744167,
            51.07238689778771
          ],
          [
            6.532935297335333,
            51.077408174174145
          ]
        ],
        "type": "LineString"
      },
      "properties": {
        "length_m": 558.911,
        "orientation": "NS",
        "row": 354,
        "segment": 0
      },
      "type": "Feature"
    },
    {
      "geometry": {
        "coordinates": [
          [
            6.532250249840356,
            51.09027750271814
          ],
          [
            6.531860485416572,
            51.09759538913852
          ]
        ],
        "type": "LineString"
      },
      "properties": {
        "length_m": 814.546,
        "orientation": "NS",
        "row": 354,
        "segment": 1
      },
      "type": "Feature"
    },
    {
      "geometry": {
        "coordinates": [
          [
            6.533452709617771,
            51.072378838611314
          ],
          [
            6.533184181538217,
            51.07742651963466
          ]
        ],
        "type": "LineString"
      },
      "properties": {
        "length_m": 561.85,
        "orientation": "NS",
        "row": 355,
        "segment": 0
      },
      "type": "Feature"
    },
    {
      "geometry": {
        "coordinates": [
          [
            6.532493573497255,
            51.09040157147645
          ],
          [
            6.532121618254814,
            51.0973858131901
          ]
        ],
        "type": "LineString"
      },
      "properties": {
        "length_m": 777.408,
        "orientation": "NS",
        "row": 355,
        "segment": 1
      },
      "type": "Feature"
    },
    {
      "geometry": {
        "coordinates": [
          [
            6.533703537051779,
            51.07236014381052
          ],
          [
            6.533432513838915,
            51.077455242578
          ]
        ],
        "type": "LineString"
      },
      "properties": {
        "length_m": 567.127,
        "orientation": "NS",
        "row": 356,
        "segment": 0
      },
      "type": "Feature"
    },
    {
      "geometry": {
        "coordinates": [
          [
            6.532736898463241,
            51.09052563974356
          ],
          [
            6.532382748717654,
            51.09717623661869
          ]
        ],
        "type": "LineString"
      },
      "properties": {
        "length_m": 740.271,
        "orientation": "NS",
        "row": 356,
        "segment": 1
      },
      "type": "Feature"
    },
    {
      "geometry": {
        "coordinates": [
          [
            6.533954364301958,
            51.07234144846829
          ],
          [
            6.533680846465049,
            51.07748396499756
          ]
        ],
        "type": "LineString"
      },
      "properties": {
        "length_m": 572.405,
        "orientation": "NS",
        "row": 357,
        "segment": 0
      },
      "type": "Feature"
    },
    {
      "geometry": {
        "coordinates": [
          [
            6.532980224738322,
            51.09064970751944
          ],
          [
            6.53264387680513,
            51.096966659424275
          ]
        ],
        "type": "LineString"
      },
      "properties": {
        "length_m": 703.133,
        "orientation": "NS",
        "row": 357,
        "segment": 1
      },
      "type": "Feature"
    },
    {
      "geometry": {
        "coordinates": [
          [
            6.534192525893749,
            51.07256093910259
          ],
          [
            6.533929179416613,
            51.07751268689334
          ]
        ],
        "type": "LineString"
      },
      "properties": {
        "length_m": 551.171,
        "orientation": "NS",
        "row": 358,
        "segment": 0
      },
      "type": "Feature"
    },
    {
      "geometry": {
        "coordinates": [
          [
            6.533223552322506,
            51.09077377480407
          ],
          [
            6.53290500251727,
            51.09675708160692
          ]
        ],
        "type": "LineString"
      },
      "properties": {
        "length_m": 665.995,
        "orientation": "NS",
        "row": 358,
        "segment": 1
      },
      "type": "Feature"
    },
    {
      "geometry": {
        "coordinates": [
          [
            6.534310922391569,
            51.0750328090111
          ],
          [
            6.534177512693601,
            51.07754140826535
          ]
        ],
        "type": "LineString"
      },
      "properties": {
        "length_m": 279.228,
        "orientation": "NS",
        "row": 359,
        "segment": 0
      },
      "type": "Feature"
    },
    {
      "geometry": {
        "coordinates": [
          [
            6.533466881215801,
            51.090897841597474
          ],
          [
            6.5331661258541125,
            51.0965475031666
          ]
        ],
        "type": "LineString"
      },
      "properties": {
        "length_m": 628.857,
        "orientation": "NS",
        "row": 359,
        "segment": 1
      },
      "type": "Feature"
    },
    {
      "geometry": {
        "coordinates": [
          [
            6.534527398262008,
            51.075660416113735
          ],
          [
            6.534425846296006,
            51.07757012911356
          ]
        ],
        "type": "LineString"
      },
      "properties": {
        "length_m": 212.567,
        "orientation": "NS",
        "row": 360,
        "segment": 0
      },
      "type": "Feature"
    },
    {
      "geometry": {
        "coordinates": [
          [
            6.533710211418213,
            51.09102190789962
          ],
          [
            6.5334272468156875,
            51.09633792410334
          ]
        ],
        "type": "LineString"
      },
      "properties": {
        "length_m": 591.719,
        "orientation": "NS",
        "row": 360,
        "segment": 1
      },
      "type": "Feature"
    },
    {
      "geometry": {
        "coordinates": [
          [
            6.534743879712598,
            51.07628802283444
          ],
          [
            6.53467418022382,
            51.077598849438004
          ]
        ],
        "type": "LineString"
      },
      "properties": {
        "length_m": 145.906,
        "orientation": "NS",
        "row": 361,
        "segment": 0
      },
      "type": "Feature"
    },
    {
      "geometry": {
        "coordinates": [
          [
            6.533953542929748,
            51.09114597371051
          ],
          [
            6.533688365402031,
            51.09612834441715
          ]
        ],
        "type": "LineString"
      },
      "properties": {
        "length_m": 554.582,
        "orientation": "NS",
        "row": 361,
        "segment": 1
      },
      "type": "Feature"
    },
    {
      "geometry": {
        "coordinates": [
          [
            6.534960037691704,
            51.076921818234624
          ],
          [
            6.534922514477039,
            51.07762756923865
          ]
        ],
        "type": "LineString"
      },
      "properties": {
        "length_m": 78.556,
        "orientation": "NS",
        "row": 362,
        "segment": 0
      },
      "type": "Feature"
    },
    {
      "geometry": {
        "coordinates": [
          [
            6.534196875750415,
            51.09127003903015
          ],
          [
            6.533949481613174,
            51.09591876410804
          ]
        ],
        "type": "LineString"
      },
      "properties": {
        "length_m": 517.444,
        "orientation": "NS",
        "row": 362,
        "segment": 1
      },
      "type": "Feature"
    },
    {
      "geometry": {
        "coordinates": [
          [
            6.535176120934181,
            51.07755712482993
          ],
          [
            6.535170849055653,
            51.077656288515506
          ]
        ],
        "type": "LineString"
      },
      "properties": {
        "length_m": 11.038,
        "orientation": "NS",
        "row": 363,
        "segment": 0
      },
      "type": "Feature"
    },
    {
      "geometry": {
        "coordinates": [
          [
            6.534440209880219,
            51.09139410385851
          ],
          [
            6.534210595449153,
            51.09570918317604
          ]
        ],
        "type": "LineString"
      },
      "properties": {
        "length_m": 480.306,
        "orientation": "NS",
        "row": 363,
        "segment": 1
      },
      "type": "Feature"
    },
    {
      "geometry": {
        "coordinates": [
          [
            6.53468354531917,
            51.091518168195606
          ],
          [
            6.534471505942232,
            51.095503378312166
          ]
        ],
        "type": "LineString"
      },
      "properties": {
        "length_m": 443.589,
        "orientation": "NS",
        "row": 364,
        "segment": 0
      },
      "type": "Feature"
    },
    {
      "geometry": {
        "coordinates": [
          [
            6.5349268820672695,
            51.0916422320414
          ],
          [
            6.534732324952973,
            51.09529924842156
          ]
        ],
        "type": "LineString"
      },
      "properties": {
        "length_m": 407.058,
        "orientation": "NS",
        "row": 365,
        "segment": 0
      },
      "type": "Feature"
    },
    {
      "geometry": {
        "coordinates": [
          [
            6.535170220124531,
            51.09176629539592
          ],
          [
            6.534993141654307,
            51.09509511791062
          ]
        ],
        "type": "LineString"
      },
      "properties": {
        "length_m": 370.527,
        "orientation": "NS",
        "row": 366,
        "segment": 0
      },
      "type": "Feature"
    },
    {
      "geometry": {
        "coordinates": [
          [
            6.535413559490959,
            51.09189035825914
          ],
          [
            6.535253956046264,
            51.094890986779355
          ]
        ],
        "type": "LineString"
      },
      "properties": {
        "length_m": 333.996,
        "orientation": "NS",
        "row": 367,
        "segment": 0
      },
      "type": "Feature"
    },
    {
      "geometry": {
        "coordinates": [
          [
            6.5356569001665585,
            51.09201442063105
          ],
          [
            6.535514768128874,
            51.094686855027774
          ]
        ],
        "type": "LineString"
      },
      "properties": {
        "length_m": 297.465,
        "orientation": "NS",
        "row": 368,
        "segment": 0
      },
      "type": "Feature"
    },
    {
      "geometry": {
        "coordinates": [
          [
            6.535900242151339,
            51.09213848251166
          ],
          [
            6.535775577902172,
            51.09448272265591
          ]
        ],
        "type": "LineString"
      },
      "properties": {
        "length_m": 260.934,
        "orientation": "NS",
        "row": 369,
        "segment": 0
      },
      "type": "Feature"
    },
    {
      "geometry": {
        "coordinates": [
          [
            6.536143202423374,
            51.09226974757374
          ],
          [
            6.536036385366186,
            51.09427858966375
          ]
        ],
        "type": "LineString"
      },
      "properties": {
        "length_m": 223.601,
        "orientation": "NS",
        "row": 370,
        "segment": 0
      },
      "type": "Feature"
    },
    {
      "geometry": {
        "coordinates": [
          [
            6.5363849446784945,
            51.0924239480759
          ],
          [
            6.5362971905209495,
            51.094074456051324
          ]
        ],
        "type": "LineString"
      },
      "properties": {
        "length_m": 183.716,
        "orientation": "NS",
        "row": 371,
        "segment": 0
      },
      "type": "Feature"
    },
    {
      "geometry": {
        "coordinates": [
          [
            6.536626688542239,
            51.092578148096266
          ],
          [
            6.536558177656188,
            51.09386685541089
          ]
        ],
        "type": "LineString"
      },
      "properties": {
        "length_m": 143.444,
        "orientation": "NS",
        "row": 372,
        "segment": 0
      },
      "type": "Feature"
    },
    {
      "geometry": {
        "coordinates": [
          [
            6.536868434014624,
            51.092732347634836
          ],
          [
            6.536821426427951,
            51.093616664654704
          ]
        ],
        "type": "LineString"
      },
      "properties": {
        "length_m": 98.432,
        "orientation": "NS",
        "row": 373,
        "segment": 0
      },
      "type": "Feature"
    },
    {
      "geometry": {
        "coordinates": [
          [
            6.537110181095662,
            51.09288654669162
          ],
          [
            6.537084672330354,
            51.093366473256545
          ]
        ],
        "type": "LineString"
      },
      "properties": {
        "length_m": 53.42,
        "orientation": "NS",
        "row": 374,
        "segment": 0
      },
      "type": "Feature"
    },
    {
      "geometry": {
        "coordinates": [
          [
            6.537351929785368,
            51.09304074526659
          ],
          [
            6.537347915363449,
            51.09311628121644
          ]
        ],
        "type": "LineString"
      },
      "properties": {
        "length_m": 8.408,
        "orientation": "NS",
        "row": 375,
        "segment": 0
      },
      "type": "Feature"
    }
  ],
  "type": "FeatureCollection"
}