{
  "features": [
    {
      "geometry": {
        "coordinates": [
          [
            6.443302372350247,
            51.09269760724662
          ],
          [
            6.443292593669224,
            51.092874829034024
          ]
        ],
        "type": "LineString"
      },
      "properties": {
        "length_m": 19.728,
        "orientation": "NS",
        "row": 0,
        "segment": 0
      },
      "type": "Feature"
    },
    {
      "geometry": {
        "coordinates": [
          [
            6.443501159135092,
            51.092330513576115
          ],
          [
            6.443471825457894,
            51.092862179034086
          ]
        ],
        "type": "LineString"
      },
      "properties": {
        "length_m": 59.183,
        "orientation": "NS",
        "row": 1,
        "segment": 0
      },
      "type": "Feature"
    },
    {
      "geometry": {
        "coordinates": [
          [
            6.443699942677416,
            51.09196341950158
          ],
          [
            6.44365105715845,
            51.092849528757775
          ]
        ],
        "type": "LineString"
      },
      "properties": {
        "length_m": 98.639,
        "orientation": "NS",
        "row": 2,
        "segment": 0
      },
      "type": "Feature"
    },
    {
      "geometry": {
        "coordinates": [
          [
            6.4452281311774975,
            51.06747969192709
          ],
          [
            6.445221983851655,
            51.06759128670961
          ]
        ],
        "type": "LineString"
      },
      "properties": {
        "length_m": 12.422,
        "orientation": "NS",
        "row": 3,
        "segment": 0
      },
      "type": "Feature"
    },
    {
      "geometry": {
        "coordinates": [
          [
            6.443898722977315,
            51.09159632502301
          ],
          [
            6.443830288770894,
            51.09283687820508
          ]
        ],
        "type": "LineString"
      },
      "properties": {
        "length_m": 138.094,
        "orientation": "NS",
        "row": 3,
        "segment": 1
      },
      "type": "Feature"
    },
    {
      "geometry": {
        "coordinates": [
          [
            6.44542053043181,
            51.06722618962028
          ],
          [
            6.445397956972792,
            51.06763600546566
          ]
        ],
        "type": "LineString"
      },
      "properties": {
        "length_m": 45.619,
        "orientation": "NS",
        "row": 4,
        "segment": 0
      },
      "type": "Feature"
    },
    {
      "geometry": {
        "coordinates": [
          [
            6.444097500034886,
            51.09122923014043
          ],
          [
            6.44400952029522,
            51.09282422737599
          ]
        ],
        "type": "LineString"
      },
      "properties": {
        "length_m": 177.549,
        "orientation": "NS",
        "row": 4,
        "segment": 1
      },
      "type": "Feature"
    },
    {
      "geometry": {
        "coordinates": [
          [
            6.445612927544126,
            51.06697268695655
          ],
          [
            6.4455739304413155,
            51.06768072396114
          ]
        ],
        "type": "LineString"
      },
      "properties": {
        "length_m": 78.816,
        "orientation": "NS",
        "row": 5,
        "segment": 0
      },
      "type": "Feature"
    },
    {
      "geometry": {
        "coordinates": [
          [
            6.444296273850226,
            51.09086213485385
          ],
          [
            6.444188751731427,
            51.09281157627051
          ]
        ],
        "type": "LineString"
      },
      "properties": {
        "length_m": 217.005,
        "orientation": "NS",
        "row": 5,
        "segment": 1
      },
      "type": "Feature"
    },
    {
      "geometry": {
        "coordinates": [
          [
            6.4458053225144845,
            51.066719183935916
          ],
          [
            6.445749904257221,
            51.06772544219603
          ]
        ],
        "type": "LineString"
      },
      "properties": {
        "length_m": 112.012,
        "orientation": "NS",
        "row": 6,
        "segment": 0
      },
      "type": "Feature"
    },
    {
      "geometry": {
        "coordinates": [
          [
            6.444495044423429,
            51.09049503916329
          ],
          [
            6.444367983079509,
            51.09279892488866
          ]
        ],
        "type": "LineString"
      },
      "properties": {
        "length_m": 256.46,
        "orientation": "NS",
        "row": 6,
        "segment": 1
      },
      "type": "Feature"
    },
    {
      "geometry": {
        "coordinates": [
          [
            6.446088229556168,
            51.06482190275622
          ],
          [
            6.4460761780944384,
            51.065040771537376
          ]
        ],
        "type": "LineString"
      },
      "properties": {
        "length_m": 24.364,
        "orientation": "NS",
        "row": 7,
        "segment": 0
      },
      "type": "Feature"
    },
    {
      "geometry": {
        "coordinates": [
          [
            6.44599771534293,
            51.06646568055841
          ],
          [
            6.445925878420507,
            51.06777016017038
          ]
        ],
        "type": "LineString"
      },
      "properties": {
        "length_m": 145.209,
        "orientation": "NS",
        "row": 7,
        "segment": 1
      },
      "type": "Feature"
    },
    {
      "geometry": {
        "coordinates": [
          [
            6.444688975621121,
            51.09021564576499
          ],
          [
            6.444547214339467,
            51.092786273230416
          ]
        ],
        "type": "LineString"
      },
      "properties": {
        "length_m": 286.153,
        "orientation": "NS",
        "row": 7,
        "segment": 2
      },
      "type": "Feature"
    },
    {
      "geometry": {
        "coordinates": [
          [
            6.44628198134962,
            51.064543538519416
          ],
          [
            6.44625211110589,
            51.06508605901276
          ]
        ],
        "type": "LineString"
      },
      "properties": {
        "length_m": 60.391,
        "orientation": "NS",
        "row": 8,
        "segment": 0
      },
      "type": "Feature"
    },
    {
      "geometry": {
        "coordinates": [
          [
            6.446190106029505,
            51.06621217682401
          ],
          [
            6.446101852931174,
            51.067814877884125
          ]
        ],
        "type": "LineString"
      },
      "properties": {
        "length_m": 178.406,
        "orientation": "NS",
        "row": 8,
        "segment": 1
      },
      "type": "Feature"
    },
    {
      "geometry": {
        "coordinates": [
          [
            6.444866991396923,
            51.09022485465247
          ],
          [
            6.4447264455112965,
            51.092773621295784
          ]
        ],
        "type": "LineString"
      },
      "properties": {
        "length_m": 283.719,
        "orientation": "NS",
        "row": 8,
        "segment": 2
      },
      "type": "Feature"
    },
    {
      "geometry": {
        "coordinates": [
          [
            6.446475730768681,
            51.06426517391601
          ],
          [
            6.446428044468887,
            51.065131346227744
          ]
        ],
        "type": "LineString"
      },
      "properties": {
        "length_m": 96.419,
        "orientation": "NS",
        "row": 9,
        "segment": 0
      },
      "type": "Feature"
    },
    {
      "geometry": {
        "coordinates": [
          [
            6.446382494574251,
            51.06595867273274
          ],
          [
            6.44627782778922,
            51.06785959533731
          ]
        ],
        "type": "LineString"
      },
      "properties": {
        "length_m": 211.603,
        "orientation": "NS",
        "row": 9,
        "segment": 1
      },
      "type": "Feature"
    },
    {
      "geometry": {
        "coordinates": [
          [
            6.44504500725317,
            51.0902340632697
          ],
          [
            6.4449056765949955,
            51.09276096908479
          ]
        ],
        "type": "LineString"
      },
      "properties": {
        "length_m": 281.286,
        "orientation": "NS",
        "row": 9,
        "segment": 2
      },
      "type": "Feature"
    },
    {
      "geometry": {
        "coordinates": [
          [
            6.4466694778134,
            51.063986808946005
          ],
          [
            6.446603102495696,
            51.065192539813076
          ]
        ],
        "type": "LineString"
      },
      "properties": {
        "length_m": 134.217,
        "orientation": "NS",
        "row": 10,
        "segment": 0
      },
      "type": "Feature"
    },
    {
      "geometry": {
        "coordinates": [
          [
            6.446574880977211,
            51.065705168284595
          ],
          [
            6.446453802994643,
            51.067904312529905
          ]
        ],
        "type": "LineString"
      },
      "properties": {
        "length_m": 244.799,
        "orientation": "NS",
        "row": 10,
        "segment": 1
      },
      "type": "Feature"
    },
    {
      "geometry": {
        "coordinates": [
          [
            6.445223023189859,
            51.09024327161668
          ],
          [
            6.4450849075905605,
            51.0927483165974
          ]
        ],
        "type": "LineString"
      },
      "properties": {
        "length_m": 278.852,
        "orientation": "NS",
        "row": 10,
        "segment": 2
      },
      "type": "Feature"
    },
    {
      "geometry": {
        "coordinates": [
          [
            6.4468632224838345,
            51.06370844360942
          ],
          [
            6.446636790573352,
            51.06782166874367
          ]
        ],
        "type": "LineString"
      },
      "properties": {
        "length_m": 457.866,
        "orientation": "NS",
        "row": 11,
        "segment": 0
      },
      "type": "Feature"
    },
    {
      "geometry": {
        "coordinates": [
          [
            6.445401039206989,
            51.09025247969338
          ],
          [
            6.445264138497989,
            51.092735663833636
          ]
        ],
        "type": "LineString"
      },
      "properties": {
        "length_m": 276.419,
        "orientation": "NS",
        "row": 11,
        "segment": 1
      },
      "type": "Feature"
    },
    {
      "geometry": {
        "coordinates": [
          [
            6.447056964780034,
            51.06343007790625
          ],
          [
            6.44682421733198,
            51.067658376754444
          ]
        ],
        "type": "LineString"
      },
      "properties": {
        "length_m": 470.676,
        "orientation": "NS",
        "row": 12,
        "segment": 0
      },
      "type": "Feature"
    },
    {
      "geometry": {
        "coordinates": [
          [
            6.445579055304555,
            51.09026168749984
          ],
          [
            6.445443369317278,
            51.09272301079348
          ]
        ],
        "type": "LineString"
      },
      "properties": {
        "length_m": 273.985,
        "orientation": "NS",
        "row": 12,
        "segment": 1
      },
      "type": "Feature"
    },
    {
      "geometry": {
        "coordinates": [
          [
            6.44725070470205,
            51.06315171183652
          ],
          [
            6.447007435261026,
            51.06757151827579
          ]
        ],
        "type": "LineString"
      },
      "properties": {
        "length_m": 491.993,
        "orientation": "NS",
        "row": 13,
        "segment": 0
      },
      "type": "Feature"
    },
    {
      "geometry": {
        "coordinates": [
          [
            6.445757071482555,
            51.09027089503605
          ],
          [
            6.445622564707214,
            51.09271099856118
          ]
        ],
        "type": "LineString"
      },
      "properties": {
        "length_m": 271.623,
        "orientation": "NS",
        "row": 13,
        "segment": 1
      },
      "type": "Feature"
    },
    {
      "geometry": {
        "coordinates": [
          [
            6.447441876225648,
            51.06291997571069
          ],
          [
            6.447186963038889,
            51.067551687493015
          ]
        ],
        "type": "LineString"
      },
      "properties": {
        "length_m": 515.582,
        "orientation": "NS",
        "row": 14,
        "segment": 0
      },
      "type": "Feature"
    },
    {
      "geometry": {
        "coordinates": [
          [
            6.445935087740988,
            51.090280102301975
          ],
          [
            6.4458017532490866,
            51.09269910877571
          ]
        ],
        "type": "LineString"
      },
      "properties": {
        "length_m": 269.275,
        "orientation": "NS",
        "row": 14,
        "segment": 1
      },
      "type": "Feature"
    },
    {
      "geometry": {
        "coordinates": [
          [
            6.447618289756917,
            51.06295640909306
          ],
          [
            6.447363879536766,
            51.06757929715388
          ]
        ],
        "type": "LineString"
      },
      "properties": {
        "length_m": 514.599,
        "orientation": "NS",
        "row": 15,
        "segment": 0
      },
      "type": "Feature"
    },
    {
      "geometry": {
        "coordinates": [
          [
            6.446113104079849,
            51.09028930929766
          ],
          [
            6.445980941708755,
            51.09268721871407
          ]
        ],
        "type": "LineString"
      },
      "properties": {
        "length_m": 266.926,
        "orientation": "NS",
        "row": 15,
        "segment": 1
      },
      "type": "Feature"
    },
    {
      "geometry": {
        "coordinates": [
          [
            6.447794703573895,
            51.06299284221274
          ],
          [
            6.447537157820959,
            51.06767301614709
          ]
        ],
        "type": "LineString"
      },
      "properties": {
        "length_m": 520.976,
        "orientation": "NS",
        "row": 16,
        "segment": 0
      },
      "type": "Feature"
    },
    {
      "geometry": {
        "coordinates": [
          [
            6.4462911204991356,
            51.09029851602309
          ],
          [
            6.446160130086214,
            51.09267532837627
          ]
        ],
        "type": "LineString"
      },
      "properties": {
        "length_m": 264.578,
        "orientation": "NS",
        "row": 16,
        "segment": 1
      },
      "type": "Feature"
    },
    {
      "geometry": {
        "coordinates": [
          [
            6.447971117676584,
            51.0630292750697
          ],
          [
            6.4477049362430305,
            51.067866685024775
          ]
        ],
        "type": "LineString"
      },
      "properties": {
        "length_m": 538.479,
        "orientation": "NS",
        "row": 17,
        "segment": 0
      },
      "type": "Feature"
    },
    {
      "geometry": {
        "coordinates": [
          [
            6.4464691369988465,
            51.09030772247825
          ],
          [
            6.446339318381459,
            51.09266343776232
          ]
        ],
        "type": "LineString"
      },
      "properties": {
        "length_m": 262.229,
        "orientation": "NS",
        "row": 17,
        "segment": 1
      },
      "type": "Feature"
    },
    {
      "geometry": {
        "coordinates": [
          [
            6.4481475320649775,
            51.06306570766399
          ],
          [
            6.44787252845348,
            51.06806376259094
          ]
        ],
        "type": "LineString"
      },
      "properties": {
        "length_m": 556.361,
        "orientation": "NS",
        "row": 18,
        "segment": 0
      },
      "type": "Feature"
    },
    {
      "geometry": {
        "coordinates": [
          [
            6.4466471535789776,
            51.09031692866317
          ],
          [
            6.446518506594492,
            51.09265154687218
          ]
        ],
        "type": "LineString"
      },
      "properties": {
        "length_m": 259.881,
        "orientation": "NS",
        "row": 18,
        "segment": 1
      },
      "type": "Feature"
    },
    {
      "geometry": {
        "coordinates": [
          [
            6.448323946739076,
            51.06310213999556
          ],
          [
            6.448040122067011,
            51.068260839930964
          ]
        ],
        "type": "LineString"
      },
      "properties": {
        "length_m": 574.243,
        "orientation": "NS",
        "row": 19,
        "segment": 0
      },
      "type": "Feature"
    },
    {
      "geometry": {
        "coordinates": [
          [
            6.446825170239526,
            51.09032613457782
          ],
          [
            6.446697694725307,
            51.09263965570589
          ]
        ],
        "type": "LineString"
      },
      "properties": {
        "length_m": 257.532,
        "orientation": "NS",
        "row": 19,
        "segment": 1
      },
      "type": "Feature"
    },
    {
      "geometry": {
        "coordinates": [
          [
            6.448500361698877,
            51.06313857206443
          ],
          [
            6.448207717083648,
            51.068457917044796
          ]
        ],
        "type": "LineString"
      },
      "properties": {
        "length_m": 592.126,
        "orientation": "NS",
        "row": 20,
        "segment": 0
      },
      "type": "Feature"
    },
    {
      "geometry": {
        "coordinates": [
          [
            6.447003186980492,
            51.09033534022221
          ],
          [
            6.4468768827739025,
            51.09262776426344
          ]
        ],
        "type": "LineString"
      },
      "properties": {
        "length_m": 255.184,
        "orientation": "NS",
        "row": 20,
        "segment": 1
      },
      "type": "Feature"
    },
    {
      "geometry": {
        "coordinates": [
          [
            6.448676776944379,
            51.06317500387062
          ],
          [
            6.448374718735109,
            51.068665803902405
          ]
        ],
        "type": "LineString"
      },
      "properties": {
        "length_m": 611.211,
        "orientation": "NS",
        "row": 21,
        "segment": 0
      },
      "type": "Feature"
    },
    {
      "geometry": {
        "coordinates": [
          [
            6.447181203801869,
            51.09034454559633
          ],
          [
            6.447059313704413,
            51.09255701229024
          ]
        ],
        "type": "LineString"
      },
      "properties": {
        "length_m": 246.283,
        "orientation": "NS",
        "row": 21,
        "segment": 1
      },
      "type": "Feature"
    },
    {
      "geometry": {
        "coordinates": [
          [
            6.448853192475583,
            51.063211435414075
          ],
          [
            6.448541632453329,
            51.06887531558755
          ]
        ],
        "type": "LineString"
      },
      "properties": {
        "length_m": 630.478,
        "orientation": "NS",
        "row": 22,
        "segment": 0
      },
      "type": "Feature"
    },
    {
      "geometry": {
        "coordinates": [
          [
            6.447359220703656,
            51.09035375070021
          ],
          [
            6.447239700023321,
            51.092523362785556
          ]
        ],
        "type": "LineString"
      },
      "properties": {
        "length_m": 241.513,
        "orientation": "NS",
        "row": 22,
        "segment": 1
      },
      "type": "Feature"
    },
    {
      "geometry": {
        "coordinates": [
          [
            6.449029608292481,
            51.063247866694844
          ],
          [
            6.448708547654441,
            51.06908482704889
          ]
        ],
        "type": "LineString"
      },
      "properties": {
        "length_m": 649.744,
        "orientation": "NS",
        "row": 23,
        "segment": 0
      },
      "type": "Feature"
    },
    {
      "geometry": {
        "coordinates": [
          [
            6.447537237685852,
            51.09036295553382
          ],
          [
            6.447419054360669,
            51.09250844173539
          ]
        ],
        "type": "LineString"
      },
      "properties": {
        "length_m": 238.827,
        "orientation": "NS",
        "row": 23,
        "segment": 1
      },
      "type": "Feature"
    },
    {
      "geometry": {
        "coordinates": [
          [
            6.449206024395077,
            51.063284297712904
          ],
          [
            6.448875500243927,
            51.069293685587944
          ]
        ],
        "type": "LineString"
      },
      "properties": {
        "length_m": 668.938,
        "orientation": "NS",
        "row": 24,
        "segment": 0
      },
      "type": "Feature"
    },
    {
      "geometry": {
        "coordinates": [
          [
            6.44771525474845,
            51.090372160097175
          ],
          [
            6.447598408592208,
            51.09249352040819
          ]
        ],
        "type": "LineString"
      },
      "properties": {
        "length_m": 236.141,
        "orientation": "NS",
        "row": 24,
        "segment": 1
      },
      "type": "Feature"
    },
    {
      "geometry": {
        "coordinates": [
          [
            6.449382440783365,
            51.06332072846828
          ],
          [
            6.449042700370813,
            51.069498070727164
          ]
        ],
        "type": "LineString"
      },
      "properties": {
        "length_m": 687.634,
        "orientation": "NS",
        "row": 25,
        "segment": 0
      },
      "type": "Feature"
    },
    {
      "geometry": {
        "coordinates": [
          [
            6.447893271891453,
            51.09038136439026
          ],
          [
            6.447777762717934,
            51.092478598803986
          ]
        ],
        "type": "LineString"
      },
      "properties": {
        "length_m": 233.456,
        "orientation": "NS",
        "row": 25,
        "segment": 1
      },
      "type": "Feature"
    },
    {
      "geometry": {
        "coordinates": [
          [
            6.449558857457347,
            51.063357158960926
          ],
          [
            6.4492099019479205,
            51.069702455641576
          ]
        ],
        "type": "LineString"
      },
      "properties": {
        "length_m": 706.33,
        "orientation": "NS",
        "row": 26,
        "segment": 0
      },
      "type": "Feature"
    },
    {
      "geometry": {
        "coordinates": [
          [
            6.448071289114853,
            51.09039056841309
          ],
          [
            6.447956863364684,
            51.09246827732371
          ]
        ],
        "type": "LineString"
      },
      "properties": {
        "length_m": 231.282,
        "orientation": "NS",
        "row": 26,
        "segment": 1
      },
      "type": "Feature"
    },
    {
      "geometry": {
        "coordinates": [
          [
            6.449735274417018,
            51.06339358919086
          ],
          [
            6.4493771049752695,
            51.069906840331186
          ]
        ],
        "type": "LineString"
      },
      "properties": {
        "length_m": 725.025,
        "orientation": "NS",
        "row": 27,
        "segment": 0
      },
      "type": "Feature"
    },
    {
      "geometry": {
        "coordinates": [
          [
            6.44824930641865,
            51.090399772165654
          ],
          [
            6.448135876171116,
            51.09245954929214
          ]
        ],
        "type": "LineString"
      },
      "properties": {
        "length_m": 229.286,
        "orientation": "NS",
        "row": 27,
        "segment": 1
      },
      "type": "Feature"
    },
    {
      "geometry": {
        "coordinates": [
          [
            6.44991169166238,
            51.06343001915809
          ],
          [
            6.449544309452884,
            51.070111224796
          ]
        ],
        "type": "LineString"
      },
      "properties": {
        "length_m": 743.721,
        "orientation": "NS",
        "row": 28,
        "segment": 0
      },
      "type": "Feature"
    },
    {
      "geometry": {
        "coordinates": [
          [
            6.44842732380284,
            51.09040897564797
          ],
          [
            6.448314888919888,
            51.0924508209853
          ]
        ],
        "type": "LineString"
      },
      "properties": {
        "length_m": 227.29,
        "orientation": "NS",
        "row": 28,
        "segment": 1
      },
      "type": "Feature"
    },
    {
      "geometry": {
        "coordinates": [
          [
            6.450088109193427,
            51.06346644886263
          ],
          [
            6.449711515380788,
            51.07031560903601
          ]
        ],
        "type": "LineString"
      },
      "properties": {
        "length_m": 762.417,
        "orientation": "NS",
        "row": 29,
        "segment": 0
      },
      "type": "Feature"
    },
    {
      "geometry": {
        "coordinates": [
          [
            6.448605341267424,
            51.09041817886
          ],
          [
            6.448493901610998,
            51.09244209240319
          ]
        ],
        "type": "LineString"
      },
      "properties": {
        "length_m": 225.294,
        "orientation": "NS",
        "row": 29,
        "segment": 1
      },
      "type": "Feature"
    },
    {
      "geometry": {
        "coordinates": [
          [
            6.450264947863952,
            51.06349522215524
          ],
          [
            6.449878722759005,
            51.07051999305121
          ]
        ],
        "type": "LineString"
      },
      "properties": {
        "length_m": 781.965,
        "orientation": "NS",
        "row": 30,
        "segment": 0
      },
      "type": "Feature"
    },
    {
      "geometry": {
        "coordinates": [
          [
            6.448783358812393,
            51.09042738180179
          ],
          [
            6.448672914244443,
            51.092433363545815
          ]
        ],
        "type": "LineString"
      },
      "properties": {
        "length_m": 223.298,
        "orientation": "NS",
        "row": 30,
        "segment": 1
      },
      "type": "Feature"
    },
    {
      "geometry": {
        "coordinates": [
          [
            6.450444085905363,
            51.0634821663873
          ],
          [
            6.4500459315875585,
            51.070724376841575
          ]
        ],
        "type": "LineString"
      },
      "properties": {
        "length_m": 806.169,
        "orientation": "NS",
        "row": 31,
        "segment": 0
      },
      "type": "Feature"
    },
    {
      "geometry": {
        "coordinates": [
          [
            6.448961376437749,
            51.0904365844733
          ],
          [
            6.448851926820219,
            51.092424634413184
          ]
        ],
        "type": "LineString"
      },
      "properties": {
        "length_m": 221.302,
        "orientation": "NS",
        "row": 31,
        "segment": 1
      },
      "type": "Feature"
    },
    {
      "geometry": {
        "coordinates": [
          [
            6.45062653611156,
            51.06340884531144
          ],
          [
            6.450213141866469,
            51.07092876040712
          ]
        ],
        "type": "LineString"
      },
      "properties": {
        "length_m": 837.082,
        "orientation": "NS",
        "row": 32,
        "segment": 0
      },
      "type": "Feature"
    },
    {
      "geometry": {
        "coordinates": [
          [
            6.449139394143488,
            51.090445786874575
          ],
          [
            6.449031288934967,
            51.09240955482243
          ]
        ],
        "type": "LineString"
      },
      "properties": {
        "length_m": 218.599,
        "orientation": "NS",
        "row": 32,
        "segment": 1
      },
      "type": "Feature"
    },
    {
      "geometry": {
        "coordinates": [
          [
            6.45082037606788,
            51.06312826510068
          ],
          [
            6.450380353595767,
            51.07113314374784
          ]
        ],
        "type": "LineString"
      },
      "properties": {
        "length_m": 891.066,
        "orientation": "NS",
        "row": 33,
        "segment": 0
      },
      "type": "Feature"
    },
    {
      "geometry": {
        "coordinates": [
          [
            6.449317411929608,
            51.09045498900555
          ],
          [
            6.449211323234901,
            51.09238226235501
          ]
        ],
        "type": "LineString"
      },
      "properties": {
        "length_m": 214.536,
        "orientation": "NS",
        "row": 33,
        "segment": 1
      },
      "type": "Feature"
    },
    {
      "geometry": {
        "coordinates": [
          [
            6.451019054521821,
            51.0627595910678
          ],
          [
            6.4505475667754695,
            51.071337526863736
          ]
        ],
        "type": "LineString"
      },
      "properties": {
        "length_m": 954.856,
        "orientation": "NS",
        "row": 34,
        "segment": 0
      },
      "type": "Feature"
    },
    {
      "geometry": {
        "coordinates": [
          [
            6.449495429796106,
            51.09046419086628
          ],
          [
            6.449391357332107,
            51.09235496960702
          ]
        ],
        "type": "LineString"
      },
      "properties": {
        "length_m": 210.474,
        "orientation": "NS",
        "row": 34,
        "segment": 1
      },
      "type": "Feature"
    },
    {
      "geometry": {
        "coordinates": [
          [
            6.451217729724137,
            51.06239091663088
          ],
          [
            6.450714781405604,
            51.071541909754764
          ]
        ],
        "type": "LineString"
      },
      "properties": {
        "length_m": 1018.646,
        "orientation": "NS",
        "row": 35,
        "segment": 0
      },
      "type": "Feature"
    },
    {
      "geometry": {
        "coordinates": [
          [
            6.4496734477429785,
            51.09047339245676
          ],
          [
            6.449571391226578,
            51.09232767657847
          ]
        ],
        "type": "LineString"
      },
      "properties": {
        "length_m": 206.411,
        "orientation": "NS",
        "row": 35,
        "segment": 1
      },
      "type": "Feature"
    },
    {
      "geometry": {
        "coordinates": [
          [
            6.4514164016749245,
            51.06202224178994
          ],
          [
            6.45088199748619,
            51.071746292420976
          ]
        ],
        "type": "LineString"
      },
      "properties": {
        "length_m": 1082.436,
        "orientation": "NS",
        "row": 36,
        "segment": 0
      },
      "type": "Feature"
    },
    {
      "geometry": {
        "coordinates": [
          [
            6.449851465770224,
            51.090482593776954
          ],
          [
            6.449751424918314,
            51.09230038326935
          ]
        ],
        "type": "LineString"
      },
      "properties": {
        "length_m": 202.349,
        "orientation": "NS",
        "row": 36,
        "segment": 1
      },
      "type": "Feature"
    },
    {
      "geometry": {
        "coordinates": [
          [
            6.451615070374282,
            51.06165356654499
          ],
          [
            6.451049215017255,
            51.071950674862315
          ]
        ],
        "type": "LineString"
      },
      "properties": {
        "length_m": 1146.226,
        "orientation": "NS",
        "row": 37,
        "segment": 0
      },
      "type": "Feature"
    },
    {
      "geometry": {
        "coordinates": [
          [
            6.450029483877837,
            51.0904917948269
          ],
          [
            6.449931458407312,
            51.09227308967965
          ]
        ],
        "type": "LineString"
      },
      "properties": {
        "length_m": 198.286,
        "orientation": "NS",
        "row": 37,
        "segment": 1
      },
      "type": "Feature"
    },
    {
      "geometry": {
        "coordinates": [
          [
            6.451813735822304,
            51.06128489089604
          ],
          [
            6.45121643399882,
            51.072155057078824
          ]
        ],
        "type": "LineString"
      },
      "properties": {
        "length_m": 1210.015,
        "orientation": "NS",
        "row": 38,
        "segment": 0
      },
      "type": "Feature"
    },
    {
      "geometry": {
        "coordinates": [
          [
            6.451056489563125,
            51.07506470001118
          ],
          [
            6.451055138630533,
            51.075089273547356
          ]
        ],
        "type": "LineString"
      },
      "properties": {
        "length_m": 2.735,
        "orientation": "NS",
        "row": 38,
        "segment": 1
      },
      "type": "Feature"
    },
    {
      "geometry": {
        "coordinates": [
          [
            6.450207502065818,
            51.09050099560657
          ],
          [
            6.450111491693571,
            51.09224579580941
          ]
        ],
        "type": "LineString"
      },
      "properties": {
        "length_m": 194.224,
        "orientation": "NS",
        "row": 38,
        "segment": 2
      },
      "type": "Feature"
    },
    {
      "geometry": {
        "coordinates": [
          [
            6.452012398019091,
            51.0609162148431
          ],
          [
            6.451383654430909,
            51.072359439070446
          ]
        ],
        "type": "LineString"
      },
      "properties": {
        "length_m": 1273.805,
        "orientation": "NS",
        "row": 39,
        "segment": 0
      },
      "type": "Feature"
    },
    {
      "geometry": {
        "coordinates": [
          [
            6.451239259568302,
            51.07498638527324
          ],
          [
            6.451221668573964,
            51.07530638756186
          ]
        ],
        "type": "LineString"
      },
      "properties": {
        "length_m": 35.621,
        "orientation": "NS",
        "row": 39,
        "segment": 1
      },
      "type": "Feature"
    },
    {
      "geometry": {
        "coordinates": [
          [
            6.450385520334163,
            51.09051019611597
          ],
          [
            6.450291524777087,
            51.0922185016586
          ]
        ],
        "type": "LineString"
      },
      "properties": {
        "length_m": 190.161,
        "orientation": "NS",
        "row": 39,
        "segment": 2
      },
      "type": "Feature"
    },
    {
      "geometry": {
        "coordinates": [
          [
            6.452211056964738,
            51.06054753838618
          ],
          [
            6.451550876313546,
            51.07256382083722
          ]
        ],
        "type": "LineString"
      },
      "properties": {
        "length_m": 1337.595,
        "orientation": "NS",
        "row": 40,
        "segment": 0
      },
      "type": "Feature"
    },
    {
      "geometry": {
        "coordinates": [
          [
            6.451422028961491,
            51.07490807023962
          ],
          [
            6.451388200049254,
            51.07552350135385
          ]
        ],
        "type": "LineString"
      },
      "properties": {
        "length_m": 68.507,
        "orientation": "NS",
        "row": 40,
        "segment": 1
      },
      "type": "Feature"
    },
    {
      "geometry": {
        "coordinates": [
          [
            6.451332149465027,
            51.0765431514697
          ],
          [
            6.451329620301762,
            51.07658915960242
          ]
        ],
        "type": "LineString"
      },
      "properties": {
        "length_m": 5.121,
        "orientation": "NS",
        "row": 40,
        "segment": 2
      },
      "type": "Feature"
    },
    {
      "geometry": {
        "coordinates": [
          [
            6.450563538682871,
            51.09051939635511
          ],
          [
            6.450471557657856,
            51.09219120722723
          ]
        ],
        "type": "LineString"
      },
      "properties": {
        "length_m": 186.099,
        "orientation": "NS",
        "row": 40,
        "segment": 3
      },
      "type": "Feature"
    },
    {
      "geometry": {
        "coordinates": [
          [
            6.4524072320614465,
            51.06022403178498
          ],
          [
            6.4517180996467545,
            51.07276820237911
          ]
        ],
        "type": "LineString"
      },
      "properties": {
        "length_m": 1396.357,
        "orientation": "NS",
        "row": 41,
        "segment": 0
      },
      "type": "Feature"
    },
    {
      "geometry": {
        "coordinates": [
          [
            6.451604797742696,
            51.07482975491026
          ],
          [
            6.451554733056431,
            51.07574061492335
          ]
        ],
        "type": "LineString"
      },
      "properties": {
        "length_m": 101.393,
        "orientation": "NS",
        "row": 41,
        "segment": 1
      },
      "type": "Feature"
    },
    {
      "geometry": {
        "coordinates": [
          [
            6.451517394571293,
            51.07641990771472
          ],
          [
            6.451510406029042,
            51.076547046147034
          ]
        ],
        "type": "LineString"
      },
      "properties": {
        "length_m": 14.152,
        "orientation": "NS",
        "row": 41,
        "segment": 2
      },
      "type": "Feature"
    },
    {
      "geometry": {
        "coordinates": [
          [
            6.450742745073808,
            51.09050700184425
          ],
          [
            6.4506515903358785,
            51.09216391251531
          ]
        ],
        "type": "LineString"
      },
      "properties": {
        "length_m": 184.44,
        "orientation": "NS",
        "row": 41,
        "segment": 3
      },
      "type": "Feature"
    },
    {
      "geometry": {
        "coordinates": [
          [
            6.452583754265513,
            51.060258369171585
          ],
          [
            6.451885324430559,
            51.072972583696135
          ]
        ],
        "type": "LineString"
      },
      "properties": {
        "length_m": 1415.285,
        "orientation": "NS",
        "row": 42,
        "segment": 0
      },
      "type": "Feature"
    },
    {
      "geometry": {
        "coordinates": [
          [
            6.451787565911914,
            51.074751439285215
          ],
          [
            6.451721267595523,
            51.07595772827031
          ]
        ],
        "type": "LineString"
      },
      "properties": {
        "length_m": 134.279,
        "orientation": "NS",
        "row": 42,
        "segment": 1
      },
      "type": "Feature"
    },
    {
      "geometry": {
        "coordinates": [
          [
            6.4517027420407755,
            51.07629478332274
          ],
          [
            6.451691191436514,
            51.07650493240691
          ]
        ],
        "type": "LineString"
      },
      "properties": {
        "length_m": 23.393,
        "orientation": "NS",
        "row": 42,
        "segment": 2
      },
      "type": "Feature"
    },
    {
      "geometry": {
        "coordinates": [
          [
            6.450925238192361,
            51.09043485579029
          ],
          [
            6.450831622811153,
            51.09213661752281
          ]
        ],
        "type": "LineString"
      },
      "properties": {
        "length_m": 189.433,
        "orientation": "NS",
        "row": 42,
        "segment": 3
      },
      "type": "Feature"
    },
    {
      "geometry": {
        "coordinates": [
          [
            6.452760276739591,
            51.06029270629494
          ],
          [
            6.452052550664981,
            51.07317696478827
          ]
        ],
        "type": "LineString"
      },
      "properties": {
        "length_m": 1434.214,
        "orientation": "NS",
        "row": 43,
        "segment": 0
      },
      "type": "Feature"
    },
    {
      "geometry": {
        "coordinates": [
          [
            6.45197033346915,
            51.07467312336446
          ],
          [
            6.451871976524175,
            51.076462818382055
          ]
        ],
        "type": "LineString"
      },
      "properties": {
        "length_m": 199.221,
        "orientation": "NS",
        "row": 43,
        "segment": 1
      },
      "type": "Feature"
    },
    {
      "geometry": {
        "coordinates": [
          [
            6.451130159083033,
            51.089954947087314
          ],
          [
            6.451011655083674,
            51.092109322249755
          ]
        ],
        "type": "LineString"
      },
      "properties": {
        "length_m": 239.816,
        "orientation": "NS",
        "row": 43,
        "segment": 2
      },
      "type": "Feature"
    },
    {
      "geometry": {
        "coordinates": [
          [
            6.452936799483676,
            51.06032704315508
          ],
          [
            6.452219778350044,
            51.07338134565552
          ]
        ],
        "type": "LineString"
      },
      "properties": {
        "length_m": 1453.142,
        "orientation": "NS",
        "row": 44,
        "segment": 0
      },
      "type": "Feature"
    },
    {
      "geometry": {
        "coordinates": [
          [
            6.452153100414403,
            51.07459480714801
          ],
          [
            6.452052761292024,
            51.07642070407247
          ]
        ],
        "type": "LineString"
      },
      "properties": {
        "length_m": 203.25,
        "orientation": "NS",
        "row": 44,
        "segment": 1
      },
      "type": "Feature"
    },
    {
      "geometry": {
        "coordinates": [
          [
            6.451355774866993,
            51.08909866528474
          ],
          [
            6.45119168715344,
            51.09208202669615
          ]
        ],
        "type": "LineString"
      },
      "properties": {
        "length_m": 332.095,
        "orientation": "NS",
        "row": 44,
        "segment": 2
      },
      "type": "Feature"
    },
    {
      "geometry": {
        "coordinates": [
          [
            6.453113322497769,
            51.060361379751946
          ],
          [
            6.452387007485772,
            51.07358572629789
          ]
        ],
        "type": "LineString"
      },
      "properties": {
        "length_m": 1472.07,
        "orientation": "NS",
        "row": 45,
        "segment": 0
      },
      "type": "Feature"
    },
    {
      "geometry": {
        "coordinates": [
          [
            6.452335866747675,
            51.074516490635865
          ],
          [
            6.452233545740062,
            51.07637858947814
          ]
        ],
        "type": "LineString"
      },
      "properties": {
        "length_m": 207.28,
        "orientation": "NS",
        "row": 45,
        "segment": 1
      },
      "type": "Feature"
    },
    {
      "geometry": {
        "coordinates": [
          [
            6.451581381760696,
            51.08824238281418
          ],
          [
            6.451371719020449,
            51.09205473086198
          ]
        ],
        "type": "LineString"
      },
      "properties": {
        "length_m": 424.374,
        "orientation": "NS",
        "row": 45,
        "segment": 2
      },
      "type": "Feature"
    },
    {
      "geometry": {
        "coordinates": [
          [
            6.4532898457818675,
            51.060395716085594
          ],
          [
            6.45255423807219,
            51.07379010671536
          ]
        ],
        "type": "LineString"
      },
      "properties": {
        "length_m": 1490.999,
        "orientation": "NS",
        "row": 46,
        "segment": 0
      },
      "type": "Feature"
    },
    {
      "geometry": {
        "coordinates": [
          [
            6.452518632468966,
            51.07443817382803
          ],
          [
            6.452414329868282,
            51.07633647459908
          ]
        ],
        "type": "LineString"
      },
      "properties": {
        "length_m": 211.31,
        "orientation": "NS",
        "row": 46,
        "segment": 1
      },
      "type": "Feature"
    },
    {
      "geometry": {
        "coordinates": [
          [
            6.452137762878893,
            51.08136897491572
          ],
          [
            6.452110328108392,
            51.08186810739093
          ]
        ],
        "type": "LineString"
      },
      "properties": {
        "length_m": 55.561,
        "orientation": "NS",
        "row": 46,
        "segment": 2
      },
      "type": "Feature"
    },
    {
      "geometry": {
        "coordinates": [
          [
            6.451806979764768,
            51.087386099675705
          ],
          [
            6.451551750684699,
            51.09202743474726
          ]
        ],
        "type": "LineString"
      },
      "properties": {
        "length_m": 516.653,
        "orientation": "NS",
        "row": 46,
        "segment": 3
      },
      "type": "Feature"
    },
    {
      "geometry": {
        "coordinates": [
          [
            6.453466369335969,
            51.060430052156
          ],
          [
            6.45272147010932,
            51.073994486907914
          ]
        ],
        "type": "LineString"
      },
      "properties": {
        "length_m": 1509.927,
        "orientation": "NS",
        "row": 47,
        "segment": 0
      },
      "type": "Feature"
    },
    {
      "geometry": {
        "coordinates": [
          [
            6.452702099179576,
            51.07434708597115
          ],
          [
            6.452595113676686,
            51.076294359435295
          ]
        ],
        "type": "LineString"
      },
      "properties": {
        "length_m": 216.761,
        "orientation": "NS",
        "row": 47,
        "segment": 1
      },
      "type": "Feature"
    },
    {
      "geometry": {
        "coordinates": [
          [
            6.452313863477908,
            51.08141243572981
          ],
          [
            6.452216545671885,
            51.08318303520919
          ]
        ],
        "type": "LineString"
      },
      "properties": {
        "length_m": 197.095,
        "orientation": "NS",
        "row": 47,
        "segment": 2
      },
      "type": "Feature"
    },
    {
      "geometry": {
        "coordinates": [
          [
            6.452032568879838,
            51.08652981586935
          ],
          [
            6.451731593412573,
            51.092003570256885
          ]
        ],
        "type": "LineString"
      },
      "properties": {
        "length_m": 609.315,
        "orientation": "NS",
        "row": 47,
        "segment": 3
      },
      "type": "Feature"
    },
    {
      "geometry": {
        "coordinates": [
          [
            6.453642893160073,
            51.06046438796313
          ],
          [
            6.452775315700815,
            51.07626282755939
          ]
        ],
        "type": "LineString"
      },
      "properties": {
        "length_m": 1758.606,
        "orientation": "NS",
        "row": 48,
        "segment": 0
      },
      "type": "Feature"
    },
    {
      "geometry": {
        "coordinates": [
          [
            6.452489964415232,
            51.08145589628286
          ],
          [
            6.452322767928543,
            51.084497962748486
          ]
        ],
        "type": "LineString"
      },
      "properties": {
        "length_m": 338.629,
        "orientation": "NS",
        "row": 48,
        "segment": 1
      },
      "type": "Feature"
    },
    {
      "geometry": {
        "coordinates": [
          [
            6.45225814910653,
            51.08567353139513
          ],
          [
            6.451911388144791,
            51.09198057509873
          ]
        ],
        "type": "LineString"
      },
      "properties": {
        "length_m": 702.073,
        "orientation": "NS",
        "row": 48,
        "segment": 2
      },
      "type": "Feature"
    },
    {
      "geometry": {
        "coordinates": [
          [
            6.453819417254175,
            51.060498723507045
          ],
          [
            6.452953100856227,
            51.07627528503668
          ]
        ],
        "type": "LineString"
      },
      "properties": {
        "length_m": 1756.17,
        "orientation": "NS",
        "row": 49,
        "segment": 0
      },
      "type": "Feature"
    },
    {
      "geometry": {
        "coordinates": [
          [
            6.452666065690862,
            51.081499356574845
          ],
          [
            6.452091182708046,
            51.09195757966125
          ]
        ],
        "type": "LineString"
      },
      "properties": {
        "length_m": 1164.163,
        "orientation": "NS",
        "row": 49,
        "segment": 1
      },
      "type": "Feature"
    },
    {
      "geometry": {
        "coordinates": [
          [
            6.453995941618276,
            51.06053305878771
          ],
          [
            6.45312785911831,
            51.07634284595249
          ]
        ],
        "type": "LineString"
      },
      "properties": {
        "length_m": 1759.868,
        "orientation": "NS",
        "row": 50,
        "segment": 0
      },
      "type": "Feature"
    },
    {
      "geometry": {
        "coordinates": [
          [
            6.452842167304802,
            51.08154281660575
          ],
          [
            6.452270977102336,
            51.09193458394446
          ]
        ],
        "type": "LineString"
      },
      "properties": {
        "length_m": 1156.765,
        "orientation": "NS",
        "row": 50,
        "segment": 1
      },
      "type": "Feature"
    },
    {
      "geometry": {
        "coordinates": [
          [
            6.454172466252373,
            51.06056739380513
          ],
          [
            6.453281747900117,
            51.07679034602229
          ]
        ],
        "type": "LineString"
      },
      "properties": {
        "length_m": 1805.86,
        "orientation": "NS",
        "row": 51,
        "segment": 0
      },
      "type": "Feature"
    },
    {
      "geometry": {
        "coordinates": [
          [
            6.453018269257046,
            51.0815862763756
          ],
          [
            6.452450771327661,
            51.09191158794836
          ]
        ],
        "type": "LineString"
      },
      "properties": {
        "length_m": 1149.368,
        "orientation": "NS",
        "row": 51,
        "segment": 1
      },
      "type": "Feature"
    },
    {
      "geometry": {
        "coordinates": [
          [
            6.454348991156463,
            51.060601728559305
          ],
          [
            6.453392865811647,
            51.0780165520673
          ]
        ],
        "type": "LineString"
      },
      "properties": {
        "length_m": 1938.533,
        "orientation": "NS",
        "row": 52,
        "segment": 0
      },
      "type": "Feature"
    },
    {
      "geometry": {
        "coordinates": [
          [
            6.453194371547594,
            51.081629735884405
          ],
          [
            6.452630565384017,
            51.091888591672934
          ]
        ],
        "type": "LineString"
      },
      "properties": {
        "length_m": 1141.97,
        "orientation": "NS",
        "row": 52,
        "segment": 1
      },
      "type": "Feature"
    },
    {
      "geometry": {
        "coordinates": [
          [
            6.454525516330545,
            51.060636063050225
          ],
          [
            6.453553038626096,
            51.07834978385713
          ]
        ],
        "type": "LineString"
      },
      "properties": {
        "length_m": 1971.805,
        "orientation": "NS",
        "row": 53,
        "segment": 0
      },
      "type": "Feature"
    },
    {
      "geometry": {
        "coordinates": [
          [
            6.453370474176445,
            51.08167319513211
          ],
          [
            6.4528103592714,
            51.091865595118215
          ]
        ],
        "type": "LineString"
      },
      "properties": {
        "length_m": 1134.572,
        "orientation": "NS",
        "row": 53,
        "segment": 1
      },
      "type": "Feature"
    },
    {
      "geometry": {
        "coordinates": [
          [
            6.454702041774618,
            51.0606703972779
          ],
          [
            6.453732234373018,
            51.07833670748339
          ]
        ],
        "type": "LineString"
      },
      "properties": {
        "length_m": 1966.527,
        "orientation": "NS",
        "row": 54,
        "segment": 0
      },
      "type": "Feature"
    },
    {
      "geometry": {
        "coordinates": [
          [
            6.453546577143596,
            51.08171665411877
          ],
          [
            6.452990152989809,
            51.09184259828418
          ]
        ],
        "type": "LineString"
      },
      "properties": {
        "length_m": 1127.175,
        "orientation": "NS",
        "row": 54,
        "segment": 1
      },
      "type": "Feature"
    },
    {
      "geometry": {
        "coordinates": [
          [
            6.454878567488679,
            51.06070473124232
          ],
          [
            6.4539114300285565,
            51.07832363083329
          ]
        ],
        "type": "LineString"
      },
      "properties": {
        "length_m": 1961.249,
        "orientation": "NS",
        "row": 55,
        "segment": 0
      },
      "type": "Feature"
    },
    {
      "geometry": {
        "coordinates": [
          [
            6.453722680449047,
            51.081760112844364
          ],
          [
            6.453169946539241,
            51.09181960117085
          ]
        ],
        "type": "LineString"
      },
      "properties": {
        "length_m": 1119.777,
        "orientation": "NS",
        "row": 55,
        "segment": 1
      },
      "type": "Feature"
    },
    {
      "geometry": {
        "coordinates": [
          [
            6.455055093472725,
            51.0607390649435
          ],
          [
            6.45409062559271,
            51.07831055390687
          ]
        ],
        "type": "LineString"
      },
      "properties": {
        "length_m": 1955.971,
        "orientation": "NS",
        "row": 56,
        "segment": 0
      },
      "type": "Feature"
    },
    {
      "geometry": {
        "coordinates": [
          [
            6.4538987840927975,
            51.08180357130889
          ],
          [
            6.453349739919694,
            51.091796603778185
          ]
        ],
        "type": "LineString"
      },
      "properties": {
        "length_m": 1112.379,
        "orientation": "NS",
        "row": 56,
        "segment": 1
      },
      "type": "Feature"
    },
    {
      "geometry": {
        "coordinates": [
          [
            6.455231619726758,
            51.06077339838141
          ],
          [
            6.454269821065475,
            51.078297476704066
          ]
        ],
        "type": "LineString"
      },
      "properties": {
        "length_m": 1950.693,
        "orientation": "NS",
        "row": 57,
        "segment": 0
      },
      "type": "Feature"
    },
    {
      "geometry": {
        "coordinates": [
          [
            6.454074888074842,
            51.08184702951236
          ],
          [
            6.4535295331311655,
            51.091773606106216
          ]
        ],
        "type": "LineString"
      },
      "properties": {
        "length_m": 1104.981,
        "orientation": "NS",
        "row": 57,
        "segment": 1
      },
      "type": "Feature"
    },
    {
      "geometry": {
        "coordinates": [
          [
            6.455408146250772,
            51.06080773155608
          ],
          [
            6.454448997986627,
            51.078284735426934
          ]
        ],
        "type": "LineString"
      },
      "properties": {
        "length_m": 1945.453,
        "orientation": "NS",
        "row": 58,
        "segment": 0
      },
      "type": "Feature"
    },
    {
      "geometry": {
        "coordinates": [
          [
            6.454250992395186,
            51.081890487454736
          ],
          [
            6.4537093261736524,
            51.091750608154946
          ]
        ],
        "type": "LineString"
      },
      "properties": {
        "length_m": 1097.584,
        "orientation": "NS",
        "row": 58,
        "segment": 1
      },
      "type": "Feature"
    },
    {
      "geometry": {
        "coordinates": [
          [
            6.4555846730447675,
            51.060842064467494
          ],
          [
            6.454626771906275,
            51.07829754585055
          ]
        ],
        "type": "LineString"
      },
      "properties": {
        "length_m": 1943.057,
        "orientation": "NS",
        "row": 59,
        "segment": 0
      },
      "type": "Feature"
    },
    {
      "geometry": {
        "coordinates": [
          [
            6.454427097053821,
            51.08193394513604
          ],
          [
            6.453889119047151,
            51.09172760992437
          ]
        ],
        "type": "LineString"
      },
      "properties": {
        "length_m": 1090.186,
        "orientation": "NS",
        "row": 59,
        "segment": 1
      },
      "type": "Feature"
    },
    {
      "geometry": {
        "coordinates": [
          [
            6.455761200108742,
            51.06087639711563
          ],
          [
            6.454801535069561,
            51.078365198119364
          ]
        ],
        "type": "LineString"
      },
      "properties": {
        "length_m": 1946.766,
        "orientation": "NS",
        "row": 60,
        "segment": 0
      },
      "type": "Feature"
    },
    {
      "geometry": {
        "coordinates": [
          [
            6.454603388682289,
            51.08197400382102
          ],
          [
            6.454068911751661,
            51.091704611414485
          ]
        ],
        "type": "LineString"
      },
      "properties": {
        "length_m": 1083.167,
        "orientation": "NS",
        "row": 60,
        "segment": 1
      },
      "type": "Feature"
    },
    {
      "geometry": {
        "coordinates": [
          [
            6.455937727442694,
            51.06091072950052
          ],
          [
            6.454952548130664,
            51.078865484158
          ]
        ],
        "type": "LineString"
      },
      "properties": {
        "length_m": 1998.633,
        "orientation": "NS",
        "row": 61,
        "segment": 0
      },
      "type": "Feature"
    },
    {
      "geometry": {
        "coordinates": [
          [
            6.454781717079341,
            51.08197697391737
          ],
          [
            6.4542487042871795,
            51.09168161262529
          ]
        ],
        "type": "LineString"
      },
      "properties": {
        "length_m": 1080.276,
        "orientation": "NS",
        "row": 61,
        "segment": 1
      },
      "type": "Feature"
    },
    {
      "geometry": {
        "coordinates": [
          [
            6.456114255046618,
            51.06094506162217
          ],
          [
            6.455051598515408,
            51.08031236407087
          ]
        ],
        "type": "LineString"
      },
      "properties": {
        "length_m": 2155.871,
        "orientation": "NS",
        "row": 62,
        "segment": 0
      },
      "type": "Feature"
    },
    {
      "geometry": {
        "coordinates": [
          [
            6.454962848236347,
            51.081928896218415
          ],
          [
            6.454428006720101,
            51.09166753199703
          ]
        ],
        "type": "LineString"
      },
      "properties": {
        "length_m": 1084.06,
        "orientation": "NS",
        "row": 62,
        "segment": 1
      },
      "type": "Feature"
    },
    {
      "geometry": {
        "coordinates": [
          [
            6.456290782920519,
            51.06097939348056
          ],
          [
            6.4546071962221765,
            51.091655505151415
          ]
        ],
        "type": "LineString"
      },
      "properties": {
        "length_m": 3414.715,
        "orientation": "NS",
        "row": 63,
        "segment": 0
      },
      "type": "Feature"
    },
    {
      "geometry": {
        "coordinates": [
          [
            6.456467311064389,
            51.06101372507567
          ],
          [
            6.454786385640953,
            51.09164347802961
          ]
        ],
        "type": "LineString"
      },
      "properties": {
        "length_m": 3409.554,
        "orientation": "NS",
        "row": 64,
        "segment": 0
      },
      "type": "Feature"
    },
    {
      "geometry": {
        "coordinates": [
          [
            6.45664383947823,
            51.061048056407536
          ],
          [
            6.454965574976429,
            51.09163145063164
          ]
        ],
        "type": "LineString"
      },
      "properties": {
        "length_m": 3404.393,
        "orientation": "NS",
        "row": 65,
        "segment": 0
      },
      "type": "Feature"
    },
    {
      "geometry": {
        "coordinates": [
          [
            6.456820368162037,
            51.06108238747614
          ],
          [
            6.455144764228601,
            51.09161942295748
          ]
        ],
        "type": "LineString"
      },
      "properties": {
        "length_m": 3399.232,
        "orientation": "NS",
        "row": 66,
        "segment": 0
      },
      "type": "Feature"
    },
    {
      "geometry": {
        "coordinates": [
          [
            6.456996897115811,
            51.061116718281475
          ],
          [
            6.455323953397467,
            51.09160739500713
          ]
        ],
        "type": "LineString"
      },
      "properties": {
        "length_m": 3394.071,
        "orientation": "NS",
        "row": 67,
        "segment": 0
      },
      "type": "Feature"
    },
    {
      "geometry": {
        "coordinates": [
          [
            6.457173426339549,
            51.06115104882355
          ],
          [
            6.455503142483022,
            51.091595366780616
          ]
        ],
        "type": "LineString"
      },
      "properties": {
        "length_m": 3388.91,
        "orientation": "NS",
        "row": 68,
        "segment": 0
      },
      "type": "Feature"
    },
    {
      "geometry": {
        "coordinates": [
          [
            6.457349955833249,
            51.061185379102355
          ],
          [
            6.455682331485266,
            51.09158333827792
          ]
        ],
        "type": "LineString"
      },
      "properties": {
        "length_m": 3383.749,
        "orientation": "NS",
        "row": 69,
        "segment": 0
      },
      "type": "Feature"
    },
    {
      "geometry": {
        "coordinates": [
          [
            6.457526485596908,
            51.0612197091179
          ],
          [
            6.455861520404194,
            51.09157130949906
          ]
        ],
        "type": "LineString"
      },
      "properties": {
        "length_m": 3378.589,
        "orientation": "NS",
        "row": 70,
        "segment": 0
      },
      "type": "Feature"
    },
    {
      "geometry": {
        "coordinates": [
          [
            6.457703015630526,
            51.06125403887017
          ],
          [
            6.456040709239805,
            51.09155928044401
          ]
        ],
        "type": "LineString"
      },
      "properties": {
        "length_m": 3373.428,
        "orientation": "NS",
        "row": 71,
        "segment": 0
      },
      "type": "Feature"
    },
    {
      "geometry": {
        "coordinates": [
          [
            6.4578795459341,
            51.06128836835918
          ],
          [
            6.456219897992096,
            51.091547251112786
          ]
        ],
        "type": "LineString"
      },
      "properties": {
        "length_m": 3368.267,
        "orientation": "NS",
        "row": 72,
        "segment": 0
      },
      "type": "Feature"
    },
    {
      "geometry": {
        "coordinates": [
          [
            6.458056076507628,
            51.06132269758492
          ],
          [
            6.456399086661063,
            51.09153522150539
          ]
        ],
        "type": "LineString"
      },
      "properties": {
        "length_m": 3363.106,
        "orientation": "NS",
        "row": 73,
        "segment": 0
      },
      "type": "Feature"
    },
    {
      "geometry": {
        "coordinates": [
          [
            6.45823260735111,
            51.061357026547384
          ],
          [
            6.456578275246706,
            51.09152319162181
          ]
        ],
        "type": "LineString"
      },
      "properties": {
        "length_m": 3357.945,
        "orientation": "NS",
        "row": 74,
        "segment": 0
      },
      "type": "Feature"
    },
    {
      "geometry": {
        "coordinates": [
          [
            6.458409138464541,
            51.06139135524659
          ],
          [
            6.4567574637490175,
            51.09151116146207
          ]
        ],
        "type": "LineString"
      },
      "properties": {
        "length_m": 3352.784,
        "orientation": "NS",
        "row": 75,
        "segment": 0
      },
      "type": "Feature"
    },
    {
      "geometry": {
        "coordinates": [
          [
            6.458585669847921,
            51.06142568368251
          ],
          [
            6.456936652168,
            51.09149913102613
          ]
        ],
        "type": "LineString"
      },
      "properties": {
        "length_m": 3347.623,
        "orientation": "NS",
        "row": 76,
        "segment": 0
      },
      "type": "Feature"
    },
    {
      "geometry": {
        "coordinates": [
          [
            6.458762201501248,
            51.061460011855175
          ],
          [
            6.457115840503649,
            51.091487100314026
          ]
        ],
        "type": "LineString"
      },
      "properties": {
        "length_m": 3342.462,
        "orientation": "NS",
        "row": 77,
        "segment": 0
      },
      "type": "Feature"
    },
    {
      "geometry": {
        "coordinates": [
          [
            6.45893873342452,
            51.06149433976456
          ],
          [
            6.457295028755959,
            51.09147506932576
          ]
        ],
        "type": "LineString"
      },
      "properties": {
        "length_m": 3337.301,
        "orientation": "NS",
        "row": 78,
        "segment": 0
      },
      "type": "Feature"
    },
    {
      "geometry": {
        "coordinates": [
          [
            6.459115265617736,
            51.061528667410656
          ],
          [
            6.45747421692493,
            51.091463038061306
          ]
        ],
        "type": "LineString"
      },
      "properties": {
        "length_m": 3332.14,
        "orientation": "NS",
        "row": 79,
        "segment": 0
      },
      "type": "Feature"
    },
    {
      "geometry": {
        "coordinates": [
          [
            6.4592917980808915,
            51.06156299479351
          ],
          [
            6.457653405010559,
            51.09145100652069
          ]
        ],
        "type": "LineString"
      },
      "properties": {
        "length_m": 3326.98,
        "orientation": "NS",
        "row": 80,
        "segment": 0
      },
      "type": "Feature"
    },
    {
      "geometry": {
        "coordinates": [
          [
            6.459468330813989,
            51.06159732191305
          ],
          [
            6.457832593012843,
            51.09143897470389
          ]
        ],
        "type": "LineString"
      },
      "properties": {
        "length_m": 3321.819,
        "orientation": "NS",
        "row": 81,
        "segment": 0
      },
      "type": "Feature"
    },
    {
      "geometry": {
        "coordinates": [
          [
            6.459644863817022,
            51.06163164876932
          ],
          [
            6.45801178093178,
            51.09142694261092
          ]
        ],
        "type": "LineString"
      },
      "properties": {
        "length_m": 3316.658,
        "orientation": "NS",
        "row": 82,
        "segment": 0
      },
      "type": "Feature"
    },
    {
      "geometry": {
        "coordinates": [
          [
            6.459821490427449,
            51.06166427086379
          ],
          [
            6.458190968767366,
            51.091414910241774
          ]
        ],
        "type": "LineString"
      },
      "properties": {
        "length_m": 3311.687,
        "orientation": "NS",
        "row": 83,
        "segment": 0
      },
      "type": "Feature"
    },
    {
      "geometry": {
        "coordinates": [
          [
            6.459999966646359,
            51.061663118091076
          ],
          [
            6.458370156519598,
            51.09140287759647
          ]
        ],
        "type": "LineString"
      },
      "properties": {
        "length_m": 3310.475,
        "orientation": "NS",
        "row": 84,
        "segment": 0
      },
      "type": "Feature"
    },
    {
      "geometry": {
        "coordinates": [
          [
            6.460180024740198,
            51.06163307327885
          ],
          [
            6.458549344188476,
            51.09139084467497
          ]
        ],
        "type": "LineString"
      },
      "properties": {
        "length_m": 3312.48,
        "orientation": "NS",
        "row": 85,
        "segment": 0
      },
      "type": "Feature"
    },
    {
      "geometry": {
        "coordinates": [
          [
            6.460360122079703,
            51.061602307247846
          ],
          [
            6.458728514143103,
            51.091379132965926
          ]
        ],
        "type": "LineString"
      },
      "properties": {
        "length_m": 3314.6,
        "orientation": "NS",
        "row": 86,
        "segment": 0
      },
      "type": "Feature"
    },
    {
      "geometry": {
        "coordinates": [
          [
            6.460540219189486,
            51.061571540935624
          ],
          [
            6.458907330246724,
            51.09137387222207
          ]
        ],
        "type": "LineString"
      },
      "properties": {
        "length_m": 3317.439,
        "orientation": "NS",
        "row": 87,
        "segment": 0
      },
      "type": "Feature"
    },
    {
      "geometry": {
        "coordinates": [
          [
            6.460720316069547,
            51.06154077434218
          ],
          [
            6.459086134976431,
            51.09136881806719
          ]
        ],
        "type": "LineString"
      },
      "properties": {
        "length_m": 3320.301,
        "orientation": "NS",
        "row": 88,
        "segment": 0
      },
      "type": "Feature"
    },
    {
      "geometry": {
        "coordinates": [
          [
            6.460900412719882,
            51.06151000746748
          ],
          [
            6.45926493967689,
            51.09136376363809
          ]
        ],
        "type": "LineString"
      },
      "properties": {
        "length_m": 3323.162,
        "orientation": "NS",
        "row": 89,
        "segment": 0
      },
      "type": "Feature"
    },
    {
      "geometry": {
        "coordinates": [
          [
            6.461080509140488,
            51.061479240311584
          ],
          [
            6.459443744348099,
            51.09135870893479
          ]
        ],
        "type": "LineString"
      },
      "properties": {
        "length_m": 3326.024,
        "orientation": "NS",
        "row": 90,
        "segment": 0
      },
      "type": "Feature"
    },
    {
      "geometry": {
        "coordinates": [
          [
            6.461260605331366,
            51.06144847287444
          ],
          [
            6.459622548990056,
            51.09135365395727
          ]
        ],
        "type": "LineString"
      },
      "properties": {
        "length_m": 3328.886,
        "orientation": "NS",
        "row": 91,
        "segment": 0
      },
      "type": "Feature"
    },
    {
      "geometry": {
        "coordinates": [
          [
            6.46144070129251,
            51.06141770515607
          ],
          [
            6.459801353602756,
            51.09134859870554
          ]
        ],
        "type": "LineString"
      },
      "properties": {
        "length_m": 3331.747,
        "orientation": "NS",
        "row": 92,
        "segment": 0
      },
      "type": "Feature"
    },
    {
      "geometry": {
        "coordinates": [
          [
            6.461620797023921,
            51.06138693715648
          ],
          [
            6.459980158186196,
            51.09134354317958
          ]
        ],
        "type": "LineString"
      },
      "properties": {
        "length_m": 3334.609,
        "orientation": "NS",
        "row": 93,
        "segment": 0
      },
      "type": "Feature"
    },
    {
      "geometry": {
        "coordinates": [
          [
            6.461800892525593,
            51.06135616887567
          ],
          [
            6.460158962740375,
            51.091338487379424
          ]
        ],
        "type": "LineString"
      },
      "properties": {
        "length_m": 3337.471,
        "orientation": "NS",
        "row": 94,
        "segment": 0
      },
      "type": "Feature"
    },
    {
      "geometry": {
        "coordinates": [
          [
            6.461980987797527,
            51.06132540031364
          ],
          [
            6.46033776726529,
            51.09133343130505
          ]
        ],
        "type": "LineString"
      },
      "properties": {
        "length_m": 3340.332,
        "orientation": "NS",
        "row": 95,
        "segment": 0
      },
      "type": "Feature"
    },
    {
      "geometry": {
        "coordinates": [
          [
            6.462161082839719,
            51.061294631470375
          ],
          [
            6.460516571760938,
            51.091328374956475
          ]
        ],
        "type": "LineString"
      },
      "properties": {
        "length_m": 3343.194,
        "orientation": "NS",
        "row": 96,
        "segment": 0
      },
      "type": "Feature"
    },
    {
      "geometry": {
        "coordinates": [
          [
            6.462341177652168,
            51.06126386234589
          ],
          [
            6.4606952832305105,
            51.09132501539262
          ]
        ],
        "type": "LineString"
      },
      "properties": {
        "length_m": 3346.245,
        "orientation": "NS",
        "row": 97,
        "segment": 0
      },
      "type": "Feature"
    },
    {
      "geometry": {
        "coordinates": [
          [
            6.46252127223487,
            51.06123309294019
          ],
          [
            6.460873380088033,
            51.09133287184019
          ]
        ],
        "type": "LineString"
      },
      "properties": {
        "length_m": 3350.544,
        "orientation": "NS",
        "row": 98,
        "segment": 0
      },
      "type": "Feature"
    },
    {
      "geometry": {
        "coordinates": [
          [
            6.462701366587824,
            51.061202323253276
          ],
          [
            6.461051466123172,
            51.091340926816216
          ]
        ],
        "type": "LineString"
      },
      "properties": {
        "length_m": 3354.865,
        "orientation": "NS",
        "row": 99,
        "segment": 0
      },
      "type": "Feature"
    },
    {
      "geometry": {
        "coordinates": [
          [
            6.462881460711028,
            51.061171553285135
          ],
          [
            6.461229552229878,
            51.09134898152163
          ]
        ],
        "type": "LineString"
      },
      "properties": {
        "length_m": 3359.186,
        "orientation": "NS",
        "row": 100,
        "segment": 0
      },
      "type": "Feature"
    },
    {
      "geometry": {
        "coordinates": [
          [
            6.4630615546044785,
            51.061140783035775
          ],
          [
            6.461407638408147,
            51.09135703595646
          ]
        ],
        "type": "LineString"
      },
      "properties": {
        "length_m": 3363.508,
        "orientation": "NS",
        "row": 101,
        "segment": 0
      },
      "type": "Feature"
    },
    {
      "geometry": {
        "coordinates": [
          [
            6.464322782267976,
            51.04132841939413
          ],
          [
            6.464306423810632,
            51.041627898750285
          ]
        ],
        "type": "LineString"
      },
      "properties": {
        "length_m": 33.336,
        "orientation": "NS",
        "row": 102,
        "segment": 0
      },
      "type": "Feature"
    },
    {
      "geometry": {
        "coordinates": [
          [
            6.464064113349326,
            51.04606334895232
          ],
          [
            6.4640583588595,
            51.04616867014982
          ]
        ],
        "type": "LineString"
      },
      "properties": {
        "length_m": 11.724,
        "orientation": "NS",
        "row": 102,
        "segment": 1
      },
      "type": "Feature"
    },
    {
      "geometry": {
        "coordinates": [
          [
            6.463241648268175,
            51.06111001250519
          ],
          [
            6.4615857246579775,
            51.091365090120696
          ]
        ],
        "type": "LineString"
      },
      "properties": {
        "length_m": 3367.829,
        "orientation": "NS",
        "row": 102,
        "segment": 2
      },
      "type": "Feature"
    },
    {
      "geometry": {
        "coordinates": [
          [
            6.4645054722331095,
            51.041248680256274
          ],
          [
            6.464434629110767,
            51.04254568744
          ]
        ],
        "type": "LineString"
      },
      "properties": {
        "length_m": 144.375,
        "orientation": "NS",
        "row": 103,
        "segment": 0
      },
      "type": "Feature"
    },
    {
      "geometry": {
        "coordinates": [
          [
            6.464243367173146,
            51.046046859460596
          ],
          [
            6.464229844404162,
            51.0462943757665
          ]
        ],
        "type": "LineString"
      },
      "properties": {
        "length_m": 27.552,
        "orientation": "NS",
        "row": 103,
        "segment": 1
      },
      "type": "Feature"
    },
    {
      "geometry": {
        "coordinates": [
          [
            6.463421741702114,
            51.0610792416934
          ],
          [
            6.461763810979365,
            51.09137314401435
          ]
        ],
        "type": "LineString"
      },
      "properties": {
        "length_m": 3372.15,
        "orientation": "NS",
        "row": 103,
        "segment": 2
      },
      "type": "Feature"
    },
    {
      "geometry": {
        "coordinates": [
          [
            6.46468816157587,
            51.04116894082272
          ],
          [
            6.464575378675494,
            51.043233897533405
          ]
        ],
        "type": "LineString"
      },
      "properties": {
        "length_m": 229.858,
        "orientation": "NS",
        "row": 104,
        "segment": 0
      },
      "type": "Feature"
    },
    {
      "geometry": {
        "coordinates": [
          [
            6.464422620879201,
            51.0460303696919
          ],
          [
            6.4644013308746695,
            51.0464200811421
          ]
        ],
        "type": "LineString"
      },
      "properties": {
        "length_m": 43.38,
        "orientation": "NS",
        "row": 104,
        "segment": 1
      },
      "type": "Feature"
    },
    {
      "geometry": {
        "coordinates": [
          [
            6.463601834906292,
            51.0610484706004
          ],
          [
            6.4619418973723075,
            51.091381197637396
          ]
        ],
        "type": "LineString"
      },
      "properties": {
        "length_m": 3376.472,
        "orientation": "NS",
        "row": 104,
        "segment": 2
      },
      "type": "Feature"
    },
    {
      "geometry": {
        "coordinates": [
          [
            6.464870850296253,
            51.041089201093506
          ],
          [
            6.464717973048701,
            51.043888401386695
          ]
        ],
        "type": "LineString"
      },
      "properties": {
        "length_m": 311.589,
        "orientation": "NS",
        "row": 105,
        "segment": 0
      },
      "type": "Feature"
    },
    {
      "geometry": {
        "coordinates": [
          [
            6.464601874467491,
            51.046013879646225
          ],
          [
            6.4645728182710265,
            51.04654578627667
          ]
        ],
        "type": "LineString"
      },
      "properties": {
        "length_m": 59.209,
        "orientation": "NS",
        "row": 105,
        "segment": 1
      },
      "type": "Feature"
    },
    {
      "geometry": {
        "coordinates": [
          [
            6.463781927880709,
            51.061017699226184
          ],
          [
            6.462119983836802,
            51.09138925098985
          ]
        ],
        "type": "LineString"
      },
      "properties": {
        "length_m": 3380.793,
        "orientation": "NS",
        "row": 105,
        "segment": 2
      },
      "type": "Feature"
    },
    {
      "geometry": {
        "coordinates": [
          [
            6.465053538394264,
            51.0410094610686
          ],
          [
            6.464861605852258,
            51.044523959879214
          ]
        ],
        "type": "LineString"
      },
      "properties": {
        "length_m": 391.212,
        "orientation": "NS",
        "row": 106,
        "segment": 0
      },
      "type": "Feature"
    },
    {
      "geometry": {
        "coordinates": [
          [
            6.464781127938015,
            51.045997389323574
          ],
          [
            6.464744306593245,
            51.04667149117016
          ]
        ],
        "type": "LineString"
      },
      "properties": {
        "length_m": 75.037,
        "orientation": "NS",
        "row": 106,
        "segment": 1
      },
      "type": "Feature"
    },
    {
      "geometry": {
        "coordinates": [
          [
            6.463962020625363,
            51.06098692757074
          ],
          [
            6.462298070372847,
            51.09139730407169
          ]
        ],
        "type": "LineString"
      },
      "properties": {
        "length_m": 3385.114,
        "orientation": "NS",
        "row": 106,
        "segment": 2
      },
      "type": "Feature"
    },
    {
      "geometry": {
        "coordinates": [
          [
            6.465236225869905,
            51.040929720748004
          ],
          [
            6.465011337434972,
            51.04504791630426
          ]
        ],
        "type": "LineString"
      },
      "properties": {
        "length_m": 458.411,
        "orientation": "NS",
        "row": 107,
        "segment": 0
      },
      "type": "Feature"
    },
    {
      "geometry": {
        "coordinates": [
          [
            6.464961262431662,
            51.045964765883646
          ],
          [
            6.464915795841331,
            51.04679719582256
          ]
        ],
        "type": "LineString"
      },
      "properties": {
        "length_m": 92.661,
        "orientation": "NS",
        "row": 107,
        "segment": 1
      },
      "type": "Feature"
    },
    {
      "geometry": {
        "coordinates": [
          [
            6.464142113140249,
            51.06095615563408
          ],
          [
            6.462476156980439,
            51.09140535688296
          ]
        ],
        "type": "LineString"
      },
      "properties": {
        "length_m": 3389.435,
        "orientation": "NS",
        "row": 107,
        "segment": 2
      },
      "type": "Feature"
    },
    {
      "geometry": {
        "coordinates": [
          [
            6.465418912723173,
            51.040849980131746
          ],
          [
            6.465161516911775,
            51.045563729428515
          ]
        ],
        "type": "LineString"
      },
      "properties": {
        "length_m": 524.705,
        "orientation": "NS",
        "row": 108,
        "segment": 0
      },
      "type": "Feature"
    },
    {
      "geometry": {
        "coordinates": [
          [
            6.4651458886142334,
            51.045849893017596
          ],
          [
            6.46508728601529,
            51.046922900233916
          ]
        ],
        "type": "LineString"
      },
      "properties": {
        "length_m": 119.44,
        "orientation": "NS",
        "row": 108,
        "segment": 1
      },
      "type": "Feature"
    },
    {
      "geometry": {
        "coordinates": [
          [
            6.464322859156613,
            51.060913423648174
          ],
          [
            6.462654243659575,
            51.09141340942361
          ]
        ],
        "type": "LineString"
      },
      "properties": {
        "length_m": 3395.088,
        "orientation": "NS",
        "row": 108,
        "segment": 2
      },
      "type": "Feature"
    },
    {
      "geometry": {
        "coordinates": [
          [
            6.465601598954075,
            51.04077023921979
          ],
          [
            6.465258777115133,
            51.04704860440419
          ]
        ],
        "type": "LineString"
      },
      "properties": {
        "length_m": 698.868,
        "orientation": "NS",
        "row": 109,
        "segment": 0
      },
      "type": "Feature"
    },
    {
      "geometry": {
        "coordinates": [
          [
            6.464523194119588,
            51.06051228306815
          ],
          [
            6.464519708169252,
            51.06057606308975
          ]
        ],
        "type": "LineString"
      },
      "properties": {
        "length_m": 7.1,
        "orientation": "NS",
        "row": 109,
        "segment": 1
      },
      "type": "Feature"
    },
    {
      "geometry": {
        "coordinates": [
          [
            6.464509258793394,
            51.060767246691576
          ],
          [
            6.462832330410253,
            51.091421461693685
          ]
        ],
        "type": "LineString"
      },
      "properties": {
        "length_m": 3412.255,
        "orientation": "NS",
        "row": 109,
        "segment": 2
      },
      "type": "Feature"
    },
    {
      "geometry": {
        "coordinates": [
          [
            6.465784280899862,
            51.04069056510802
          ],
          [
            6.465430269140865,
            51.04717430833336
          ]
        ],
        "type": "LineString"
      },
      "properties": {
        "length_m": 721.729,
        "orientation": "NS",
        "row": 110,
        "segment": 0
      },
      "type": "Feature"
    },
    {
      "geometry": {
        "coordinates": [
          [
            6.464704921245284,
            51.06045156047596
          ],
          [
            6.463010417232469,
            51.09142951369315
          ]
        ],
        "type": "LineString"
      },
      "properties": {
        "length_m": 3448.292,
        "orientation": "NS",
        "row": 110,
        "segment": 1
      },
      "type": "Feature"
    },
    {
      "geometry": {
        "coordinates": [
          [
            6.465966851951471,
            51.04061291087164
          ],
          [
            6.465601762092494,
            51.047300012021466
          ]
        ],
        "type": "LineString"
      },
      "properties": {
        "length_m": 744.365,
        "orientation": "NS",
        "row": 111,
        "segment": 0
      },
      "type": "Feature"
    },
    {
      "geometry": {
        "coordinates": [
          [
            6.464886647902433,
            51.060390837593715
          ],
          [
            6.4631885041262205,
            51.091437565422034
          ]
        ],
        "type": "LineString"
      },
      "properties": {
        "length_m": 3455.947,
        "orientation": "NS",
        "row": 111,
        "segment": 1
      },
      "type": "Feature"
    },
    {
      "geometry": {
        "coordinates": [
          [
            6.466149422397766,
            51.04053525634023
          ],
          [
            6.465773255970031,
            51.047425715468464
          ]
        ],
        "type": "LineString"
      },
      "properties": {
        "length_m": 767.002,
        "orientation": "NS",
        "row": 112,
        "segment": 0
      },
      "type": "Feature"
    },
    {
      "geometry": {
        "coordinates": [
          [
            6.465068374091032,
            51.06033011442141
          ],
          [
            6.46336665984398,
            51.091444360928286
          ]
        ],
        "type": "LineString"
      },
      "properties": {
        "length_m": 3463.462,
        "orientation": "NS",
        "row": 112,
        "segment": 1
      },
      "type": "Feature"
    },
    {
      "geometry": {
        "coordinates": [
          [
            6.466331992238748,
            51.0404576015138
          ],
          [
            6.465944750773479,
            51.047551418674395
          ]
        ],
        "type": "LineString"
      },
      "properties": {
        "length_m": 789.638,
        "orientation": "NS",
        "row": 113,
        "segment": 0
      },
      "type": "Feature"
    },
    {
      "geometry": {
        "coordinates": [
          [
            6.465250099811084,
            51.06026939095905
          ],
          [
            6.463544843750768,
            51.09145064230894
          ]
        ],
        "type": "LineString"
      },
      "properties": {
        "length_m": 3470.92,
        "orientation": "NS",
        "row": 113,
        "segment": 1
      },
      "type": "Feature"
    },
    {
      "geometry": {
        "coordinates": [
          [
            6.466514561474416,
            51.04037994639236
          ],
          [
            6.466116246502848,
            51.04767712163921
          ]
        ],
        "type": "LineString"
      },
      "properties": {
        "length_m": 812.275,
        "orientation": "NS",
        "row": 114,
        "segment": 0
      },
      "type": "Feature"
    },
    {
      "geometry": {
        "coordinates": [
          [
            6.465431825062583,
            51.06020866720664
          ],
          [
            6.463723027715534,
            51.091456923418505
          ]
        ],
        "type": "LineString"
      },
      "properties": {
        "length_m": 3478.378,
        "orientation": "NS",
        "row": 114,
        "segment": 1
      },
      "type": "Feature"
    },
    {
      "geometry": {
        "coordinates": [
          [
            6.466697130104774,
            51.0403022909759
          ],
          [
            6.466287743158147,
            51.047802824362925
          ]
        ],
        "type": "LineString"
      },
      "properties": {
        "length_m": 834.911,
        "orientation": "NS",
        "row": 115,
        "segment": 0
      },
      "type": "Feature"
    },
    {
      "geometry": {
        "coordinates": [
          [
            6.465613549845535,
            51.06014794316416
          ],
          [
            6.4639012117382775,
            51.091463204256996
          ]
        ],
        "type": "LineString"
      },
      "properties": {
        "length_m": 3485.836,
        "orientation": "NS",
        "row": 115,
        "segment": 1
      },
      "type": "Feature"
    },
    {
      "geometry": {
        "coordinates": [
          [
            6.46687969812982,
            51.04022463526443
          ],
          [
            6.466459240739378,
            51.04792852684555
          ]
        ],
        "type": "LineString"
      },
      "properties": {
        "length_m": 857.547,
        "orientation": "NS",
        "row": 116,
        "segment": 0
      },
      "type": "Feature"
    },
    {
      "geometry": {
        "coordinates": [
          [
            6.465795274159933,
            51.060087218831654
          ],
          [
            6.464079395818994,
            51.091469484824394
          ]
        ],
        "type": "LineString"
      },
      "properties": {
        "length_m": 3493.294,
        "orientation": "NS",
        "row": 116,
        "segment": 1
      },
      "type": "Feature"
    },
    {
      "geometry": {
        "coordinates": [
          [
            6.467062265549556,
            51.040146979257955
          ],
          [
            6.466630739246555,
            51.048054229087064
          ]
        ],
        "type": "LineString"
      },
      "properties": {
        "length_m": 880.184,
        "orientation": "NS",
        "row": 117,
        "segment": 0
      },
      "type": "Feature"
    },
    {
      "geometry": {
        "coordinates": [
          [
            6.4659769980057815,
            51.06002649420908
          ],
          [
            6.464257579957682,
            51.09147576512074
          ]
        ],
        "type": "LineString"
      },
      "properties": {
        "length_m": 3500.752,
        "orientation": "NS",
        "row": 117,
        "segment": 1
      },
      "type": "Feature"
    },
    {
      "geometry": {
        "coordinates": [
          [
            6.4672447335849075,
            51.04007113352186
          ],
          [
            6.466802238679683,
            51.048179931087475
          ]
        ],
        "type": "LineString"
      },
      "properties": {
        "length_m": 902.619,
        "orientation": "NS",
        "row": 118,
        "segment": 0
      },
      "type": "Feature"
    },
    {
      "geometry": {
        "coordinates": [
          [
            6.466158721383077,
            51.05996576929646
          ],
          [
            6.464435764154339,
            51.09148204514598
          ]
        ],
        "type": "LineString"
      },
      "properties": {
        "length_m": 3508.211,
        "orientation": "NS",
        "row": 118,
        "segment": 1
      },
      "type": "Feature"
    },
    {
      "geometry": {
        "coordinates": [
          [
            6.4674271180891525,
            51.03999680785932
          ],
          [
            6.466973739038769,
            51.04830563284677
          ]
        ],
        "type": "LineString"
      },
      "properties": {
        "length_m": 924.884,
        "orientation": "NS",
        "row": 119,
        "segment": 0
      },
      "type": "Feature"
    },
    {
      "geometry": {
        "coordinates": [
          [
            6.466340444291822,
            51.059905044093796
          ],
          [
            6.464613948408961,
            51.09148832490014
          ]
        ],
        "type": "LineString"
      },
      "properties": {
        "length_m": 3515.669,
        "orientation": "NS",
        "row": 119,
        "segment": 1
      },
      "type": "Feature"
    },
    {
      "geometry": {
        "coordinates": [
          [
            6.467609502015242,
            51.03992248190277
          ],
          [
            6.4671452403238225,
            51.04843133436494
          ]
        ],
        "type": "LineString"
      },
      "properties": {
        "length_m": 947.15,
        "orientation": "NS",
        "row": 120,
        "segment": 0
      },
      "type": "Feature"
    },
    {
      "geometry": {
        "coordinates": [
          [
            6.4665221667320125,
            51.059844318601094
          ],
          [
            6.464792132721546,
            51.09149460438322
          ]
        ],
        "type": "LineString"
      },
      "properties": {
        "length_m": 3523.127,
        "orientation": "NS",
        "row": 120,
        "segment": 1
      },
      "type": "Feature"
    },
    {
      "geometry": {
        "coordinates": [
          [
            6.467791885363178,
            51.03984815565227
          ],
          [
            6.467316742534849,
            51.048557035642006
          ]
        ],
        "type": "LineString"
      },
      "properties": {
        "length_m": 969.415,
        "orientation": "NS",
        "row": 121,
        "segment": 0
      },
      "type": "Feature"
    },
    {
      "geometry": {
        "coordinates": [
          [
            6.466703888703649,
            51.05978359281835
          ],
          [
            6.4649703170920905,
            51.091500883595224
          ]
        ],
        "type": "LineString"
      },
      "properties": {
        "length_m": 3530.585,
        "orientation": "NS",
        "row": 121,
        "segment": 1
      },
      "type": "Feature"
    },
    {
      "geometry": {
        "coordinates": [
          [
            6.467974268132963,
            51.03977382910778
          ],
          [
            6.467488245671858,
            51.04868273667794
          ]
        ],
        "type": "LineString"
      },
      "properties": {
        "length_m": 991.681,
        "orientation": "NS",
        "row": 122,
        "segment": 0
      },
      "type": "Feature"
    },
    {
      "geometry": {
        "coordinates": [
          [
            6.466885610206732,
            51.059722866745574
          ],
          [
            6.465148501520592,
            51.091507162536146
          ]
        ],
        "type": "LineString"
      },
      "properties": {
        "length_m": 3538.043,
        "orientation": "NS",
        "row": 122,
        "segment": 1
      },
      "type": "Feature"
    },
    {
      "geometry": {
        "coordinates": [
          [
            6.468156650324593,
            51.039699502269336
          ],
          [
            6.467659749734855,
            51.048808437472765
          ]
        ],
        "type": "LineString"
      },
      "properties": {
        "length_m": 1013.947,
        "orientation": "NS",
        "row": 123,
        "segment": 0
      },
      "type": "Feature"
    },
    {
      "geometry": {
        "coordinates": [
          [
            6.467067331241259,
            51.05966214038275
          ],
          [
            6.465326686007049,
            51.091513441205976
          ]
        ],
        "type": "LineString"
      },
      "properties": {
        "length_m": 3545.501,
        "orientation": "NS",
        "row": 123,
        "segment": 1
      },
      "type": "Feature"
    },
    {
      "geometry": {
        "coordinates": [
          [
            6.468339031938073,
            51.03962517513691
          ],
          [
            6.467831254723849,
            51.04893413802645
          ]
        ],
        "type": "LineString"
      },
      "properties": {
        "length_m": 1036.212,
        "orientation": "NS",
        "row": 124,
        "segment": 0
      },
      "type": "Feature"
    },
    {
      "geometry": {
        "coordinates": [
          [
            6.467249051807234,
            51.05960141372989
          ],
          [
            6.465504870551459,
            51.09151971960472
          ]
        ],
        "type": "LineString"
      },
      "properties": {
        "length_m": 3552.959,
        "orientation": "NS",
        "row": 124,
        "segment": 1
      },
      "type": "Feature"
    },
    {
      "geometry": {
        "coordinates": [
          [
            6.468521412973402,
            51.039550847710515
          ],
          [
            6.468002760638848,
            51.04905983833899
          ]
        ],
        "type": "LineString"
      },
      "properties": {
        "length_m": 1058.478,
        "orientation": "NS",
        "row": 125,
        "segment": 0
      },
      "type": "Feature"
    },
    {
      "geometry": {
        "coordinates": [
          [
            6.4674307719046515,
            51.05954068678698
          ],
          [
            6.465683055153816,
            51.09152599773239
          ]
        ],
        "type": "LineString"
      },
      "properties": {
        "length_m": 3560.417,
        "orientation": "NS",
        "row": 125,
        "segment": 1
      },
      "type": "Feature"
    },
    {
      "geometry": {
        "coordinates": [
          [
            6.4687037934305796,
            51.03947651999016
          ],
          [
            6.468174267479858,
            51.04918553841041
          ]
        ],
        "type": "LineString"
      },
      "properties": {
        "length_m": 1080.744,
        "orientation": "NS",
        "row": 126,
        "segment": 0
      },
      "type": "Feature"
    },
    {
      "geometry": {
        "coordinates": [
          [
            6.4676124915335125,
            51.05947995955407
          ],
          [
            6.465861239814121,
            51.091532275588975
          ]
        ],
        "type": "LineString"
      },
      "properties": {
        "length_m": 3567.875,
        "orientation": "NS",
        "row": 126,
        "segment": 1
      },
      "type": "Feature"
    },
    {
      "geometry": {
        "coordinates": [
          [
            6.468886173309608,
            51.03940219197584
          ],
          [
            6.46834577524689,
            51.049311238240676
          ]
        ],
        "type": "LineString"
      },
      "properties": {
        "length_m": 1103.009,
        "orientation": "NS",
        "row": 127,
        "segment": 0
      },
      "type": "Feature"
    },
    {
      "geometry": {
        "coordinates": [
          [
            6.4677942106938175,
            51.0594192320311
          ],
          [
            6.466039424532369,
            51.09153855317447
          ]
        ],
        "type": "LineString"
      },
      "properties": {
        "length_m": 3575.333,
        "orientation": "NS",
        "row": 127,
        "segment": 1
      },
      "type": "Feature"
    },
    {
      "geometry": {
        "coordinates": [
          [
            6.469068552610488,
            51.03932786366756
          ],
          [
            6.468517283939947,
            51.0494369378298
          ]
        ],
        "type": "LineString"
      },
      "properties": {
        "length_m": 1125.275,
        "orientation": "NS",
        "row": 128,
        "segment": 0
      },
      "type": "Feature"
    },
    {
      "geometry": {
        "coordinates": [
          [
            6.467975929385564,
            51.05935850421812
          ],
          [
            6.466217609308558,
            51.09154483048889
          ]
        ],
        "type": "LineString"
      },
      "properties": {
        "length_m": 3582.792,
        "orientation": "NS",
        "row": 128,
        "segment": 1
      },
      "type": "Feature"
    },
    {
      "geometry": {
        "coordinates": [
          [
            6.469250995489604,
            51.03925235814671
          ],
          [
            6.46868888569413,
            51.04956094800259
          ]
        ],
        "type": "LineString"
      },
      "properties": {
        "length_m": 1147.483,
        "orientation": "NS",
        "row": 129,
        "segment": 0
      },
      "type": "Feature"
    },
    {
      "geometry": {
        "coordinates": [
          [
            6.468157647608755,
            51.0592977761151
          ],
          [
            6.466395794142686,
            51.09155110753222
          ]
        ],
        "type": "LineString"
      },
      "properties": {
        "length_m": 3590.25,
        "orientation": "NS",
        "row": 129,
        "segment": 1
      },
      "type": "Feature"
    },
    {
      "geometry": {
        "coordinates": [
          [
            6.469433565009803,
            51.0391745182039
          ],
          [
            6.468860538368094,
            51.04968404109266
          ]
        ],
        "type": "LineString"
      },
      "properties": {
        "length_m": 1169.85,
        "orientation": "NS",
        "row": 130,
        "segment": 0
      },
      "type": "Feature"
    },
    {
      "geometry": {
        "coordinates": [
          [
            6.468339365363385,
            51.059237047722064
          ],
          [
            6.466573979034749,
            51.09155738430446
          ]
        ],
        "type": "LineString"
      },
      "properties": {
        "length_m": 3597.708,
        "orientation": "NS",
        "row": 130,
        "segment": 1
      },
      "type": "Feature"
    },
    {
      "geometry": {
        "coordinates": [
          [
            6.469616133923233,
            51.03909667796609
          ],
          [
            6.46903219195011,
            51.04980713394099
          ]
        ],
        "type": "LineString"
      },
      "properties": {
        "length_m": 1192.216,
        "orientation": "NS",
        "row": 131,
        "segment": 0
      },
      "type": "Feature"
    },
    {
      "geometry": {
        "coordinates": [
          [
            6.468521082649458,
            51.059176319039
          ],
          [
            6.466752163984745,
            51.09156366080562
          ]
        ],
        "type": "LineString"
      },
      "properties": {
        "length_m": 3605.166,
        "orientation": "NS",
        "row": 131,
        "segment": 1
      },
      "type": "Feature"
    },
    {
      "geometry": {
        "coordinates": [
          [
            6.469798702229896,
            51.03901883743325
          ],
          [
            6.4692038464401875,
            51.04993022654757
          ]
        ],
        "type": "LineString"
      },
      "properties": {
        "length_m": 1214.583,
        "orientation": "NS",
        "row": 132,
        "segment": 0
      },
      "type": "Feature"
    },
    {
      "geometry": {
        "coordinates": [
          [
            6.468702799466971,
            51.05911559006591
          ],
          [
            6.466930348992671,
            51.09156993703571
          ]
        ],
        "type": "LineString"
      },
      "properties": {
        "length_m": 3612.624,
        "orientation": "NS",
        "row": 132,
        "segment": 1
      },
      "type": "Feature"
    },
    {
      "geometry": {
        "coordinates": [
          [
            6.4699812699297965,
            51.03894099660537
          ],
          [
            6.469375501838332,
            51.05005331891242
          ]
        ],
        "type": "LineString"
      },
      "properties": {
        "length_m": 1236.949,
        "orientation": "NS",
        "row": 133,
        "segment": 0
      },
      "type": "Feature"
    },
    {
      "geometry": {
        "coordinates": [
          [
            6.468884515815925,
            51.05905486080279
          ],
          [
            6.467108534058524,
            51.091576212994696
          ]
        ],
        "type": "LineString"
      },
      "properties": {
        "length_m": 3620.082,
        "orientation": "NS",
        "row": 133,
        "segment": 1
      },
      "type": "Feature"
    },
    {
      "geometry": {
        "coordinates": [
          [
            6.470157180917064,
            51.03898530399975
          ],
          [
            6.46954715814455,
            51.05017641103553
          ]
        ],
        "type": "LineString"
      },
      "properties": {
        "length_m": 1245.719,
        "orientation": "NS",
        "row": 134,
        "segment": 0
      },
      "type": "Feature"
    },
    {
      "geometry": {
        "coordinates": [
          [
            6.469066231696317,
            51.05899413124968
          ],
          [
            6.467286719182302,
            51.091582488682604
          ]
        ],
        "type": "LineString"
      },
      "properties": {
        "length_m": 3627.54,
        "orientation": "NS",
        "row": 134,
        "segment": 1
      },
      "type": "Feature"
    },
    {
      "geometry": {
        "coordinates": [
          [
            6.470334306292606,
            51.03900733032756
          ],
          [
            6.46971881535885,
            51.05029950291689
          ]
        ],
        "type": "LineString"
      },
      "properties": {
        "length_m": 1256.968,
        "orientation": "NS",
        "row": 135,
        "segment": 0
      },
      "type": "Feature"
    },
    {
      "geometry": {
        "coordinates": [
          [
            6.469247947108149,
            51.05893340140653
          ],
          [
            6.467464904364,
            51.09158876409943
          ]
        ],
        "type": "LineString"
      },
      "properties": {
        "length_m": 3634.998,
        "orientation": "NS",
        "row": 135,
        "segment": 1
      },
      "type": "Feature"
    },
    {
      "geometry": {
        "coordinates": [
          [
            6.470513439185808,
            51.03899251396931
          ],
          [
            6.4698904734812395,
            51.0504225945565
          ]
        ],
        "type": "LineString"
      },
      "properties": {
        "length_m": 1272.319,
        "orientation": "NS",
        "row": 136,
        "segment": 0
      },
      "type": "Feature"
    },
    {
      "geometry": {
        "coordinates": [
          [
            6.46942966205142,
            51.058872671273384
          ],
          [
            6.467643098835848,
            51.09159487030896
          ]
        ],
        "type": "LineString"
      },
      "properties": {
        "length_m": 3642.438,
        "orientation": "NS",
        "row": 136,
        "segment": 1
      },
      "type": "Feature"
    },
    {
      "geometry": {
        "coordinates": [
          [
            6.470692766189414,
            51.03897413248095
          ],
          [
            6.470062132511724,
            51.05054568595437
          ]
        ],
        "type": "LineString"
      },
      "properties": {
        "length_m": 1288.067,
        "orientation": "NS",
        "row": 137,
        "segment": 0
      },
      "type": "Feature"
    },
    {
      "geometry": {
        "coordinates": [
          [
            6.469611376526128,
            51.058811940850205
          ],
          [
            6.467821418673925,
            51.091598683104884
          ]
        ],
        "type": "LineString"
      },
      "properties": {
        "length_m": 3649.622,
        "orientation": "NS",
        "row": 137,
        "segment": 1
      },
      "type": "Feature"
    },
    {
      "geometry": {
        "coordinates": [
          [
            6.470872093060554,
            51.03895575071517
          ],
          [
            6.47023379245031,
            51.05066877711048
          ]
        ],
        "type": "LineString"
      },
      "properties": {
        "length_m": 1303.815,
        "orientation": "NS",
        "row": 138,
        "segment": 0
      },
      "type": "Feature"
    },
    {
      "geometry": {
        "coordinates": [
          [
            6.469793090532274,
            51.058751210137025
          ],
          [
            6.467999738551032,
            51.09160249562906
          ]
        ],
        "type": "LineString"
      },
      "properties": {
        "length_m": 3656.806,
        "orientation": "NS",
        "row": 138,
        "segment": 1
      },
      "type": "Feature"
    },
    {
      "geometry": {
        "coordinates": [
          [
            6.471051419799229,
            51.03893736867195
          ],
          [
            6.470405453297009,
            51.050791868024824
          ]
        ],
        "type": "LineString"
      },
      "properties": {
        "length_m": 1319.562,
        "orientation": "NS",
        "row": 139,
        "segment": 0
      },
      "type": "Feature"
    },
    {
      "geometry": {
        "coordinates": [
          [
            6.469974804069857,
            51.058690479133844
          ],
          [
            6.46817805846717,
            51.09160630788146
          ]
        ],
        "type": "LineString"
      },
      "properties": {
        "length_m": 3663.99,
        "orientation": "NS",
        "row": 139,
        "segment": 1
      },
      "type": "Feature"
    },
    {
      "geometry": {
        "coordinates": [
          [
            6.471230746405435,
            51.038918986351305
          ],
          [
            6.470577115051825,
            51.050914958697405
          ]
        ],
        "type": "LineString"
      },
      "properties": {
        "length_m": 1335.31,
        "orientation": "NS",
        "row": 140,
        "segment": 0
      },
      "type": "Feature"
    },
    {
      "geometry": {
        "coordinates": [
          [
            6.470156517138875,
            51.05862974784065
          ],
          [
            6.468356378422333,
            51.09161011986212
          ]
        ],
        "type": "LineString"
      },
      "properties": {
        "length_m": 3671.174,
        "orientation": "NS",
        "row": 140,
        "segment": 1
      },
      "type": "Feature"
    },
    {
      "geometry": {
        "coordinates": [
          [
            6.471410072879169,
            51.038900603753234
          ],
          [
            6.470748777714765,
            51.05103804912823
          ]
        ],
        "type": "LineString"
      },
      "properties": {
        "length_m": 1351.057,
        "orientation": "NS",
        "row": 141,
        "segment": 0
      },
      "type": "Feature"
    },
    {
      "geometry": {
        "coordinates": [
          [
            6.470338229739331,
            51.05856901625744
          ],
          [
            6.468534698416521,
            51.091613931571
          ]
        ],
        "type": "LineString"
      },
      "properties": {
        "length_m": 3678.358,
        "orientation": "NS",
        "row": 141,
        "segment": 1
      },
      "type": "Feature"
    },
    {
      "geometry": {
        "coordinates": [
          [
            6.471589399220429,
            51.03888222087773
          ],
          [
            6.470920441285838,
            51.051161139317294
          ]
        ],
        "type": "LineString"
      },
      "properties": {
        "length_m": 1366.805,
        "orientation": "NS",
        "row": 142,
        "segment": 0
      },
      "type": "Feature"
    },
    {
      "geometry": {
        "coordinates": [
          [
            6.4705199418712205,
            51.05850828438424
          ],
          [
            6.46871301844973,
            51.091617743008136
          ]
        ],
        "type": "LineString"
      },
      "properties": {
        "length_m": 3685.542,
        "orientation": "NS",
        "row": 142,
        "segment": 1
      },
      "type": "Feature"
    },
    {
      "geometry": {
        "coordinates": [
          [
            6.471768725429213,
            51.03886383772479
          ],
          [
            6.47109210576505,
            51.05128422926456
          ]
        ],
        "type": "LineString"
      },
      "properties": {
        "length_m": 1382.553,
        "orientation": "NS",
        "row": 143,
        "segment": 0
      },
      "type": "Feature"
    },
    {
      "geometry": {
        "coordinates": [
          [
            6.470701653534546,
            51.058447552221025
          ],
          [
            6.468891338521958,
            51.09162155417351
          ]
        ],
        "type": "LineString"
      },
      "properties": {
        "length_m": 3692.726,
        "orientation": "NS",
        "row": 143,
        "segment": 1
      },
      "type": "Feature"
    },
    {
      "geometry": {
        "coordinates": [
          [
            6.4719480515055166,
            51.038845454294425
          ],
          [
            6.471263771152408,
            51.05140731897007
          ]
        ],
        "type": "LineString"
      },
      "properties": {
        "length_m": 1398.3,
        "orientation": "NS",
        "row": 144,
        "segment": 0
      },
      "type": "Feature"
    },
    {
      "geometry": {
        "coordinates": [
          [
            6.470883364729305,
            51.05838681976781
          ],
          [
            6.4690696586332015,
            51.09162536506712
          ]
        ],
        "type": "LineString"
      },
      "properties": {
        "length_m": 3699.91,
        "orientation": "NS",
        "row": 144,
        "segment": 1
      },
      "type": "Feature"
    },
    {
      "geometry": {
        "coordinates": [
          [
            6.472127377449339,
            51.03882707058665
          ],
          [
            6.47143543744792,
            51.05153040843379
          ]
        ],
        "type": "LineString"
      },
      "properties": {
        "length_m": 1414.048,
        "orientation": "NS",
        "row": 145,
        "segment": 0
      },
      "type": "Feature"
    },
    {
      "geometry": {
        "coordinates": [
          [
            6.471065075455498,
            51.05832608702461
          ],
          [
            6.469247978783456,
            51.09162917568896
          ]
        ],
        "type": "LineString"
      },
      "properties": {
        "length_m": 3707.094,
        "orientation": "NS",
        "row": 145,
        "segment": 1
      },
      "type": "Feature"
    },
    {
      "geometry": {
        "coordinates": [
          [
            6.4723067461833494,
            51.03880789823956
          ],
          [
            6.471607104651594,
            51.051653497655735
          ]
        ],
        "type": "LineString"
      },
      "properties": {
        "length_m": 1429.883,
        "orientation": "NS",
        "row": 146,
        "segment": 0
      },
      "type": "Feature"
    },
    {
      "geometry": {
        "coordinates": [
          [
            6.471246785713125,
            51.05826535399141
          ],
          [
            6.469426298972724,
            51.09163298603904
          ]
        ],
        "type": "LineString"
      },
      "properties": {
        "length_m": 3714.278,
        "orientation": "NS",
        "row": 146,
        "segment": 1
      },
      "type": "Feature"
    },
    {
      "geometry": {
        "coordinates": [
          [
            6.472486473670407,
            51.03878213336745
          ],
          [
            6.471778772763434,
            51.051776586635896
          ]
        ],
        "type": "LineString"
      },
      "properties": {
        "length_m": 1446.453,
        "orientation": "NS",
        "row": 147,
        "segment": 0
      },
      "type": "Feature"
    },
    {
      "geometry": {
        "coordinates": [
          [
            6.471425165227771,
            51.05826572406689
          ],
          [
            6.4696046192009975,
            51.09163679611737
          ]
        ],
        "type": "LineString"
      },
      "properties": {
        "length_m": 3714.66,
        "orientation": "NS",
        "row": 147,
        "segment": 1
      },
      "type": "Feature"
    },
    {
      "geometry": {
        "coordinates": [
          [
            6.4726662009673,
            51.03875636821579
          ],
          [
            6.471950441783451,
            51.05189967537427
          ]
        ],
        "type": "LineString"
      },
      "properties": {
        "length_m": 1463.022,
        "orientation": "NS",
        "row": 148,
        "segment": 0
      },
      "type": "Feature"
    },
    {
      "geometry": {
        "coordinates": [
          [
            6.471597101365109,
            51.058384324007136
          ],
          [
            6.469782939468277,
            51.09164060592392
          ]
        ],
        "type": "LineString"
      },
      "properties": {
        "length_m": 3701.882,
        "orientation": "NS",
        "row": 148,
        "segment": 1
      },
      "type": "Feature"
    },
    {
      "geometry": {
        "coordinates": [
          [
            6.472845928074023,
            51.03873060278462
          ],
          [
            6.47212211171165,
            51.05202276387083
          ]
        ],
        "type": "LineString"
      },
      "properties": {
        "length_m": 1479.591,
        "orientation": "NS",
        "row": 149,
        "segment": 0
      },
      "type": "Feature"
    },
    {
      "geometry": {
        "coordinates": [
          [
            6.471769038379842,
            51.058502923704516
          ],
          [
            6.469961611135487,
            51.0916379801827
          ]
        ],
        "type": "LineString"
      },
      "properties": {
        "length_m": 3688.388,
        "orientation": "NS",
        "row": 149,
        "segment": 1
      },
      "type": "Feature"
    },
    {
      "geometry": {
        "coordinates": [
          [
            6.473025654990579,
            51.03870483707392
          ],
          [
            6.4722937825480376,
            51.052145852125626
          ]
        ],
        "type": "LineString"
      },
      "properties": {
        "length_m": 1496.16,
        "orientation": "NS",
        "row": 150,
        "segment": 0
      },
      "type": "Feature"
    },
    {
      "geometry": {
        "coordinates": [
          [
            6.471940976271973,
            51.058621523159054
          ],
          [
            6.470140345850234,
            51.091634199159365
          ]
        ],
        "type": "LineString"
      },
      "properties": {
        "length_m": 3674.765,
        "orientation": "NS",
        "row": 150,
        "segment": 1
      },
      "type": "Feature"
    },
    {
      "geometry": {
        "coordinates": [
          [
            6.47320538171696,
            51.03867907108369
          ],
          [
            6.472465454292624,
            51.05226894013862
          ]
        ],
        "type": "LineString"
      },
      "properties": {
        "length_m": 1512.729,
        "orientation": "NS",
        "row": 151,
        "segment": 0
      },
      "type": "Feature"
    },
    {
      "geometry": {
        "coordinates": [
          [
            6.472112915041514,
            51.05874012237072
          ],
          [
            6.4703190805455275,
            51.09163041786216
          ]
        ],
        "type": "LineString"
      },
      "properties": {
        "length_m": 3661.141,
        "orientation": "NS",
        "row": 151,
        "segment": 1
      },
      "type": "Feature"
    },
    {
      "geometry": {
        "coordinates": [
          [
            6.473385108253167,
            51.038653304813955
          ],
          [
            6.472637126945415,
            51.05239202790979
          ]
        ],
        "type": "LineString"
      },
      "properties": {
        "length_m": 1529.299,
        "orientation": "NS",
        "row": 152,
        "segment": 0
      },
      "type": "Feature"
    },
    {
      "geometry": {
        "coordinates": [
          [
            6.472284854688467,
            51.058858721339554
          ],
          [
            6.4704978152213695,
            51.09162663629112
          ]
        ],
        "type": "LineString"
      },
      "properties": {
        "length_m": 3647.518,
        "orientation": "NS",
        "row": 152,
        "segment": 1
      },
      "type": "Feature"
    },
    {
      "geometry": {
        "coordinates": [
          [
            6.473564834599194,
            51.03862753826468
          ],
          [
            6.4728088005064155,
            51.05251511543917
          ]
        ],
        "type": "LineString"
      },
      "properties": {
        "length_m": 1545.868,
        "orientation": "NS",
        "row": 153,
        "segment": 0
      },
      "type": "Feature"
    },
    {
      "geometry": {
        "coordinates": [
          [
            6.472456795212841,
            51.05897732006551
          ],
          [
            6.470676549877752,
            51.0916228544462
          ]
        ],
        "type": "LineString"
      },
      "properties": {
        "length_m": 3633.895,
        "orientation": "NS",
        "row": 153,
        "segment": 1
      },
      "type": "Feature"
    },
    {
      "geometry": {
        "coordinates": [
          [
            6.473744560755043,
            51.0386017714359
          ],
          [
            6.472980474975636,
            51.05263820272675
          ]
        ],
        "type": "LineString"
      },
      "properties": {
        "length_m": 1562.437,
        "orientation": "NS",
        "row": 154,
        "segment": 0
      },
      "type": "Feature"
    },
    {
      "geometry": {
        "coordinates": [
          [
            6.4726287366146416,
            51.0590959185486
          ],
          [
            6.470855284514676,
            51.091619072327454
          ]
        ],
        "type": "LineString"
      },
      "properties": {
        "length_m": 3620.272,
        "orientation": "NS",
        "row": 154,
        "segment": 1
      },
      "type": "Feature"
    },
    {
      "geometry": {
        "coordinates": [
          [
            6.47392428672071,
            51.03857600432758
          ],
          [
            6.473152150353082,
            51.0527612897725
          ]
        ],
        "type": "LineString"
      },
      "properties": {
        "length_m": 1579.006,
        "orientation": "NS",
        "row": 155,
        "segment": 0
      },
      "type": "Feature"
    },
    {
      "geometry": {
        "coordinates": [
          [
            6.472800678893877,
            51.05921451678883
          ],
          [
            6.471034019132138,
            51.09161528993484
          ]
        ],
        "type": "LineString"
      },
      "properties": {
        "length_m": 3606.649,
        "orientation": "NS",
        "row": 155,
        "segment": 1
      },
      "type": "Feature"
    },
    {
      "geometry": {
        "coordinates": [
          [
            6.47410401249619,
            51.03855023693978
          ],
          [
            6.47332382663876,
            51.05288437657644
          ]
        ],
        "type": "LineString"
      },
      "properties": {
        "length_m": 1595.575,
        "orientation": "NS",
        "row": 156,
        "segment": 0
      },
      "type": "Feature"
    },
    {
      "geometry": {
        "coordinates": [
          [
            6.472973227576116,
            51.05932199831838
          ],
          [
            6.471212753730135,
            51.091611507268375
          ]
        ],
        "type": "LineString"
      },
      "properties": {
        "length_m": 3594.263,
        "orientation": "NS",
        "row": 156,
        "segment": 1
      },
      "type": "Feature"
    },
    {
      "geometry": {
        "coordinates": [
          [
            6.474283744959868,
            51.03852434283665
          ],
          [
            6.473495503832679,
            51.05300746313856
          ]
        ],
        "type": "LineString"
      },
      "properties": {
        "length_m": 1612.159,
        "orientation": "NS",
        "row": 157,
        "segment": 0
      },
      "type": "Feature"
    },
    {
      "geometry": {
        "coordinates": [
          [
            6.473149202500048,
            51.05936658985134
          ],
          [
            6.471391488308661,
            51.09160772432805
          ]
        ],
        "type": "LineString"
      },
      "properties": {
        "length_m": 3588.878,
        "orientation": "NS",
        "row": 157,
        "segment": 1
      },
      "type": "Feature"
    },
    {
      "geometry": {
        "coordinates": [
          [
            6.47446374750221,
            51.038493480099966
          ],
          [
            6.473667181934847,
            51.053130549458864
          ]
        ],
        "type": "LineString"
      },
      "properties": {
        "length_m": 1629.295,
        "orientation": "NS",
        "row": 158,
        "segment": 0
      },
      "type": "Feature"
    },
    {
      "geometry": {
        "coordinates": [
          [
            6.473327834694916,
            51.059362397562005
          ],
          [
            6.471570222867718,
            51.09160394111388
          ]
        ],
        "type": "LineString"
      },
      "properties": {
        "length_m": 3588.923,
        "orientation": "NS",
        "row": 158,
        "segment": 1
      },
      "type": "Feature"
    },
    {
      "geometry": {
        "coordinates": [
          [
            6.474643757569559,
            51.038462474508435
          ],
          [
            6.473838860945269,
            51.05325363553734
          ]
        ],
        "type": "LineString"
      },
      "properties": {
        "length_m": 1646.447,
        "orientation": "NS",
        "row": 159,
        "segment": 0
      },
      "type": "Feature"
    },
    {
      "geometry": {
        "coordinates": [
          [
            6.47350945635716,
            51.05930331117815
          ],
          [
            6.471748957407301,
            51.091600157625855
          ]
        ],
        "type": "LineString"
      },
      "properties": {
        "length_m": 3595.079,
        "orientation": "NS",
        "row": 159,
        "segment": 1
      },
      "type": "Feature"
    },
    {
      "geometry": {
        "coordinates": [
          [
            6.4748237674055815,
            51.03843146863586
          ],
          [
            6.474010540863953,
            51.05337672137398
          ]
        ],
        "type": "LineString"
      },
      "properties": {
        "length_m": 1663.599,
        "orientation": "NS",
        "row": 160,
        "segment": 0
      },
      "type": "Feature"
    },
    {
      "geometry": {
        "coordinates": [
          [
            6.473694810605176,
            51.05917567207503
          ],
          [
            6.471927691927408,
            51.091596373863986
          ]
        ],
        "type": "LineString"
      },
      "properties": {
        "length_m": 3608.865,
        "orientation": "NS",
        "row": 160,
        "segment": 1
      },
      "type": "Feature"
    },
    {
      "geometry": {
        "coordinates": [
          [
            6.4750037770102775,
            51.03840046248227
          ],
          [
            6.474182221690905,
            51.0534998069688
          ]
        ],
        "type": "LineString"
      },
      "properties": {
        "length_m": 1680.752,
        "orientation": "NS",
        "row": 161,
        "segment": 0
      },
      "type": "Feature"
    },
    {
      "geometry": {
        "coordinates": [
          [
            6.473880418625468,
            51.059043353319815
          ],
          [
            6.472107228477704,
            51.091577887546194
          ]
        ],
        "type": "LineString"
      },
      "properties": {
        "length_m": 3621.535,
        "orientation": "NS",
        "row": 161,
        "segment": 1
      },
      "type": "Feature"
    },
    {
      "geometry": {
        "coordinates": [
          [
            6.47518378638364,
            51.03836945604769
          ],
          [
            6.474353903426133,
            51.05362289232178
          ]
        ],
        "type": "LineString"
      },
      "properties": {
        "length_m": 1697.904,
        "orientation": "NS",
        "row": 162,
        "segment": 0
      },
      "type": "Feature"
    },
    {
      "geometry": {
        "coordinates": [
          [
            6.474066025583931,
            51.05891103425196
          ],
          [
            6.472287071257728,
            51.091553784630214
          ]
        ],
        "type": "LineString"
      },
      "properties": {
        "length_m": 3633.581,
        "orientation": "NS",
        "row": 162,
        "segment": 1
      },
      "type": "Feature"
    },
    {
      "geometry": {
        "coordinates": [
          [
            6.475363795525671,
            51.038338449332066
          ],
          [
            6.474525586069647,
            51.05374597743292
          ]
        ],
        "type": "LineString"
      },
      "properties": {
        "length_m": 1715.056,
        "orientation": "NS",
        "row": 163,
        "segment": 0
      },
      "type": "Feature"
    },
    {
      "geometry": {
        "coordinates": [
          [
            6.4742516314805725,
            51.0587787148715
          ],
          [
            6.47246691386004,
            51.09152968143468
          ]
        ],
        "type": "LineString"
      },
      "properties": {
        "length_m": 3645.626,
        "orientation": "NS",
        "row": 163,
        "segment": 1
      },
      "type": "Feature"
    },
    {
      "geometry": {
        "coordinates": [
          [
            6.475543804436367,
            51.03830744233545
          ],
          [
            6.47469726962145,
            51.053869062302226
          ]
        ],
        "type": "LineString"
      },
      "properties": {
        "length_m": 1732.208,
        "orientation": "NS",
        "row": 164,
        "segment": 0
      },
      "type": "Feature"
    },
    {
      "geometry": {
        "coordinates": [
          [
            6.4744372363154055,
            51.058646395178414
          ],
          [
            6.472646756284633,
            51.09150557795958
          ]
        ],
        "type": "LineString"
      },
      "properties": {
        "length_m": 3657.672,
        "orientation": "NS",
        "row": 164,
        "segment": 1
      },
      "type": "Feature"
    },
    {
      "geometry": {
        "coordinates": [
          [
            6.475723813115725,
            51.038276435057796
          ],
          [
            6.474868954081551,
            51.05399214692967
          ]
        ],
        "type": "LineString"
      },
      "properties": {
        "length_m": 1749.36,
        "orientation": "NS",
        "row": 165,
        "segment": 0
      },
      "type": "Feature"
    },
    {
      "geometry": {
        "coordinates": [
          [
            6.4746228400884345,
            51.05851407517272
          ],
          [
            6.472826598531507,
            51.091481474204905
          ]
        ],
        "type": "LineString"
      },
      "properties": {
        "length_m": 3669.717,
        "orientation": "NS",
        "row": 165,
        "segment": 1
      },
      "type": "Feature"
    },
    {
      "geometry": {
        "coordinates": [
          [
            6.475903821563744,
            51.03824542749913
          ],
          [
            6.475040639449959,
            51.05411523131528
          ]
        ],
        "type": "LineString"
      },
      "properties": {
        "length_m": 1766.512,
        "orientation": "NS",
        "row": 166,
        "segment": 0
      },
      "type": "Feature"
    },
    {
      "geometry": {
        "coordinates": [
          [
            6.474808442799671,
            51.05838175485441
          ],
          [
            6.473006440600658,
            51.09145737017067
          ]
        ],
        "type": "LineString"
      },
      "properties": {
        "length_m": 3681.762,
        "orientation": "NS",
        "row": 166,
        "segment": 1
      },
      "type": "Feature"
    },
    {
      "geometry": {
        "coordinates": [
          [
            6.47608382978042,
            51.038214419659454
          ],
          [
            6.475212325726678,
            51.05423831545903
          ]
        ],
        "type": "LineString"
      },
      "properties": {
        "length_m": 1783.665,
        "orientation": "NS",
        "row": 167,
        "segment": 0
      },
      "type": "Feature"
    },
    {
      "geometry": {
        "coordinates": [
          [
            6.474994044449124,
            51.05824943422348
          ],
          [
            6.473186282492086,
            51.09143326585688
          ]
        ],
        "type": "LineString"
      },
      "properties": {
        "length_m": 3693.808,
        "orientation": "NS",
        "row": 167,
        "segment": 1
      },
      "type": "Feature"
    },
    {
      "geometry": {
        "coordinates": [
          [
            6.476263837765753,
            51.038183411538775
          ],
          [
            6.475384012911717,
            51.054361399360936
          ]
        ],
        "type": "LineString"
      },
      "properties": {
        "length_m": 1800.817,
        "orientation": "NS",
        "row": 168,
        "segment": 0
      },
      "type": "Feature"
    },
    {
      "geometry": {
        "coordinates": [
          [
            6.475179645036799,
            51.05811711327995
          ],
          [
            6.4733661242057865,
            51.0914091612635
          ]
        ],
        "type": "LineString"
      },
      "properties": {
        "length_m": 3705.853,
        "orientation": "NS",
        "row": 168,
        "segment": 1
      },
      "type": "Feature"
    },
    {
      "geometry": {
        "coordinates": [
          [
            6.476443845519739,
            51.038152403137076
          ],
          [
            6.475555956450946,
            51.054479787829834
          ]
        ],
        "type": "LineString"
      },
      "properties": {
        "length_m": 1817.446,
        "orientation": "NS",
        "row": 169,
        "segment": 0
      },
      "type": "Feature"
    },
    {
      "geometry": {
        "coordinates": [
          [
            6.475365244562708,
            51.05798479202381
          ],
          [
            6.4735459657417564,
            51.09138505639057
          ]
        ],
        "type": "LineString"
      },
      "properties": {
        "length_m": 3717.898,
        "orientation": "NS",
        "row": 169,
        "segment": 1
      },
      "type": "Feature"
    },
    {
      "geometry": {
        "coordinates": [
          [
            6.476623853042376,
            51.03812139445436
          ],
          [
            6.475728017249249,
            51.05459603674988
          ]
        ],
        "type": "LineString"
      },
      "properties": {
        "length_m": 1833.838,
        "orientation": "NS",
        "row": 170,
        "segment": 0
      },
      "type": "Feature"
    },
    {
      "geometry": {
        "coordinates": [
          [
            6.475550843026858,
            51.05785247045509
          ],
          [
            6.473725807099997,
            51.091360951238066
          ]
        ],
        "type": "LineString"
      },
      "properties": {
        "length_m": 3729.944,
        "orientation": "NS",
        "row": 170,
        "segment": 1
      },
      "type": "Feature"
    },
    {
      "geometry": {
        "coordinates": [
          [
            6.476803860333662,
            51.03809038549064
          ],
          [
            6.475900078908465,
            51.05471228542651
          ]
        ],
        "type": "LineString"
      },
      "properties": {
        "length_m": 1850.229,
        "orientation": "NS",
        "row": 171,
        "segment": 0
      },
      "type": "Feature"
    },
    {
      "geometry": {
        "coordinates": [
          [
            6.47573644042926,
            51.05772014857378
          ],
          [
            6.473905648280501,
            51.091336845806005
          ]
        ],
        "type": "LineString"
      },
      "properties": {
        "length_m": 3741.989,
        "orientation": "NS",
        "row": 171,
        "segment": 1
      },
      "type": "Feature"
    },
    {
      "geometry": {
        "coordinates": [
          [
            6.476983867393597,
            51.03805937624591
          ],
          [
            6.476072141428599,
            51.05482853385977
          ]
        ],
        "type": "LineString"
      },
      "properties": {
        "length_m": 1866.621,
        "orientation": "NS",
        "row": 172,
        "segment": 0
      },
      "type": "Feature"
    },
    {
      "geometry": {
        "coordinates": [
          [
            6.47592203676992,
            51.05758782637987
          ],
          [
            6.474085489283267,
            51.09131274009439
          ]
        ],
        "type": "LineString"
      },
      "properties": {
        "length_m": 3754.034,
        "orientation": "NS",
        "row": 172,
        "segment": 1
      },
      "type": "Feature"
    },
    {
      "geometry": {
        "coordinates": [
          [
            6.477163874222174,
            51.038028366720184
          ],
          [
            6.4762442048096585,
            51.05494478204962
          ]
        ],
        "type": "LineString"
      },
      "properties": {
        "length_m": 1883.012,
        "orientation": "NS",
        "row": 173,
        "segment": 0
      },
      "type": "Feature"
    },
    {
      "geometry": {
        "coordinates": [
          [
            6.476107632048848,
            51.057455503873385
          ],
          [
            6.474265330108296,
            51.091288634103186
          ]
        ],
        "type": "LineString"
      },
      "properties": {
        "length_m": 3766.08,
        "orientation": "NS",
        "row": 173,
        "segment": 1
      },
      "type": "Feature"
    },
    {
      "geometry": {
        "coordinates": [
          [
            6.477343880819393,
            51.037997356913436
          ],
          [
            6.476416269051649,
            51.05506102999607
          ]
        ],
        "type": "LineString"
      },
      "properties": {
        "length_m": 1899.403,
        "orientation": "NS",
        "row": 174,
        "segment": 0
      },
      "type": "Feature"
    },
    {
      "geometry": {
        "coordinates": [
          [
            6.476293226266053,
            51.057323181054315
          ],
          [
            6.474788131833783,
            51.08497070898108
          ]
        ],
        "type": "LineString"
      },
      "properties": {
        "length_m": 3077.537,
        "orientation": "NS",
        "row": 174,
        "segment": 1
      },
      "type": "Feature"
    },
    {
      "geometry": {
        "coordinates": [
          [
            6.474630198497686,
            51.08786929074392
          ],
          [
            6.474445170755581,
            51.09126452783244
          ]
        ],
        "type": "LineString"
      },
      "properties": {
        "length_m": 377.936,
        "orientation": "NS",
        "row": 174,
        "segment": 2
      },
      "type": "Feature"
    },
    {
      "geometry": {
        "coordinates": [
          [
            6.477523887185254,
            51.037966346825684
          ],
          [
            6.476588334154576,
            51.055177277699116
          ]
        ],
        "type": "LineString"
      },
      "properties": {
        "length_m": 1915.795,
        "orientation": "NS",
        "row": 175,
        "segment": 0
      },
      "type": "Feature"
    },
    {
      "geometry": {
        "coordinates": [
          [
            6.476478819421545,
            51.05719085792267
          ],
          [
            6.47500047502415,
            51.084349516317914
          ]
        ],
        "type": "LineString"
      },
      "properties": {
        "length_m": 3023.119,
        "orientation": "NS",
        "row": 175,
        "segment": 1
      },
      "type": "Feature"
    },
    {
      "geometry": {
        "coordinates": [
          [
            6.474779498388021,
            51.088405441214704
          ],
          [
            6.474631381650168,
            51.09112352730774
          ]
        ],
        "type": "LineString"
      },
      "properties": {
        "length_m": 302.56,
        "orientation": "NS",
        "row": 175,
        "segment": 2
      },
      "type": "Feature"
    },
    {
      "geometry": {
        "coordinates": [
          [
            6.477703829336738,
            51.037936514189326
          ],
          [
            6.4767604001184464,
            51.055293525158746
          ]
        ],
        "type": "LineString"
      },
      "properties": {
        "length_m": 1932.055,
        "orientation": "NS",
        "row": 176,
        "segment": 0
      },
      "type": "Feature"
    },
    {
      "geometry": {
        "coordinates": [
          [
            6.47666441151533,
            51.05705853447845
          ],
          [
            6.475203283626527,
            51.083903254577706
          ]
        ],
        "type": "LineString"
      },
      "properties": {
        "length_m": 2988.173,
        "orientation": "NS",
        "row": 176,
        "segment": 1
      },
      "type": "Feature"
    },
    {
      "geometry": {
        "coordinates": [
          [
            6.474941898603532,
            51.08870121724773
          ],
          [
            6.474817947660351,
            51.09097598886017
          ]
        ],
        "type": "LineString"
      },
      "properties": {
        "length_m": 253.213,
        "orientation": "NS",
        "row": 176,
        "segment": 2
      },
      "type": "Feature"
    },
    {
      "geometry": {
        "coordinates": [
          [
            6.477883725473863,
            51.037907524229375
          ],
          [
            6.476932466943268,
            51.05540977237496
          ]
        ],
        "type": "LineString"
      },
      "properties": {
        "length_m": 1948.222,
        "orientation": "NS",
        "row": 177,
        "segment": 0
      },
      "type": "Feature"
    },
    {
      "geometry": {
        "coordinates": [
          [
            6.476850002547418,
            51.05692621072166
          ],
          [
            6.475405882171316,
            51.08346077482047
          ]
        ],
        "type": "LineString"
      },
      "properties": {
        "length_m": 2953.648,
        "orientation": "NS",
        "row": 177,
        "segment": 1
      },
      "type": "Feature"
    },
    {
      "geometry": {
        "coordinates": [
          [
            6.475104300833221,
            51.08899699307062
          ],
          [
            6.475004512476287,
            51.09082845009455
          ]
        ],
        "type": "LineString"
      },
      "properties": {
        "length_m": 203.866,
        "orientation": "NS",
        "row": 177,
        "segment": 2
      },
      "type": "Feature"
    },
    {
      "geometry": {
        "coordinates": [
          [
            6.478063621395509,
            51.03787853398898
          ],
          [
            6.477104534629043,
            51.055526019347774
          ]
        ],
        "type": "LineString"
      },
      "properties": {
        "length_m": 1964.388,
        "orientation": "NS",
        "row": 178,
        "segment": 0
      },
      "type": "Feature"
    },
    {
      "geometry": {
        "coordinates": [
          [
            6.477035592517819,
            51.05679388665232
          ],
          [
            6.475599645129321,
            51.08318045919894
          ]
        ],
        "type": "LineString"
      },
      "properties": {
        "length_m": 2937.174,
        "orientation": "NS",
        "row": 178,
        "segment": 1
      },
      "type": "Feature"
    },
    {
      "geometry": {
        "coordinates": [
          [
            6.475266648105932,
            51.089293814410695
          ],
          [
            6.475192776073131,
            51.090649709803
          ]
        ],
        "type": "LineString"
      },
      "properties": {
        "length_m": 150.93,
        "orientation": "NS",
        "row": 178,
        "segment": 2
      },
      "type": "Feature"
    },
    {
      "geometry": {
        "coordinates": [
          [
            6.478243517101676,
            51.037849543468184
          ],
          [
            6.477276603175782,
            51.05564226607714
          ]
        ],
        "type": "LineString"
      },
      "properties": {
        "length_m": 1980.555,
        "orientation": "NS",
        "row": 179,
        "segment": 0
      },
      "type": "Feature"
    },
    {
      "geometry": {
        "coordinates": [
          [
            6.47722118142654,
            51.05666156227042
          ],
          [
            6.475793155728927,
            51.082904733433125
          ]
        ],
        "type": "LineString"
      },
      "properties": {
        "length_m": 2921.211,
        "orientation": "NS",
        "row": 179,
        "segment": 1
      },
      "type": "Feature"
    },
    {
      "geometry": {
        "coordinates": [
          [
            6.475427838771631,
            51.089611903700934
          ],
          [
            6.475383658227424,
            51.090422877469855
          ]
        ],
        "type": "LineString"
      },
      "properties": {
        "length_m": 90.272,
        "orientation": "NS",
        "row": 179,
        "segment": 2
      },
      "type": "Feature"
    },
    {
      "geometry": {
        "coordinates": [
          [
            6.47842341259236,
            51.03782055266695
          ],
          [
            6.4774486725834866,
            51.05575851256312
          ]
        ],
        "type": "LineString"
      },
      "properties": {
        "length_m": 1996.721,
        "orientation": "NS",
        "row": 180,
        "segment": 0
      },
      "type": "Feature"
    },
    {
      "geometry": {
        "coordinates": [
          [
            6.47740676927359,
            51.05652923757596
          ],
          [
            6.475985983467233,
            51.08264150489614
          ]
        ],
        "type": "LineString"
      },
      "properties": {
        "length_m": 2906.639,
        "orientation": "NS",
        "row": 180,
        "segment": 1
      },
      "type": "Feature"
    },
    {
      "geometry": {
        "coordinates": [
          [
            6.478603307867559,
            51.03779156158531
          ],
          [
            6.477620742852167,
            51.055874758805665
          ]
        ],
        "type": "LineString"
      },
      "properties": {
        "length_m": 2012.888,
        "orientation": "NS",
        "row": 181,
        "segment": 0
      },
      "type": "Feature"
    },
    {
      "geometry": {
        "coordinates": [
          [
            6.47759235605898,
            51.05639691256894
          ],
          [
            6.476178756876527,
            51.08237923284036
          ]
        ],
        "type": "LineString"
      },
      "properties": {
        "length_m": 2892.173,
        "orientation": "NS",
        "row": 181,
        "segment": 1
      },
      "type": "Feature"
    },
    {
      "geometry": {
        "coordinates": [
          [
            6.47878320292727,
            51.03776257022324
          ],
          [
            6.477791497453673,
            51.05601522325197
          ]
        ],
        "type": "LineString"
      },
      "properties": {
        "length_m": 2031.75,
        "orientation": "NS",
        "row": 182,
        "segment": 0
      },
      "type": "Feature"
    },
    {
      "geometry": {
        "coordinates": [
          [
            6.477778731008502,
            51.05625006910631
          ],
          [
            6.476371528062714,
            51.08211696042504
          ]
        ],
        "type": "LineString"
      },
      "properties": {
        "length_m": 2879.324,
        "orientation": "NS",
        "row": 182,
        "segment": 1
      },
      "type": "Feature"
    },
    {
      "geometry": {
        "coordinates": [
          [
            6.478963097771492,
            51.03773357858075
          ],
          [
            6.476564113206135,
            51.081858064364866
          ]
        ],
        "type": "LineString"
      },
      "properties": {
        "length_m": 4911.623,
        "orientation": "NS",
        "row": 183,
        "segment": 0
      },
      "type": "Feature"
    },
    {
      "geometry": {
        "coordinates": [
          [
            6.479142992400222,
            51.037704586657846
          ],
          [
            6.476754323388413,
            51.08164275871274
          ]
        ],
        "type": "LineString"
      },
      "properties": {
        "length_m": 4890.883,
        "orientation": "NS",
        "row": 184,
        "segment": 0
      },
      "type": "Feature"
    },
    {
      "geometry": {
        "coordinates": [
          [
            6.479322886813456,
            51.03767559445453
          ],
          [
            6.476944531779024,
            51.08142745271882
          ]
        ],
        "type": "LineString"
      },
      "properties": {
        "length_m": 4870.143,
        "orientation": "NS",
        "row": 185,
        "segment": 0
      },
      "type": "Feature"
    },
    {
      "geometry": {
        "coordinates": [
          [
            6.476670367624856,
            51.08646387795562
          ],
          [
            6.476667347171599,
            51.086519355897885
          ]
        ],
        "type": "LineString"
      },
      "properties": {
        "length_m": 6.175,
        "orientation": "NS",
        "row": 185,
        "segment": 1
      },
      "type": "Feature"
    },
    {
      "geometry": {
        "coordinates": [
          [
            6.4795027810111945,
            51.0376466019708
          ],
          [
            6.477134738377998,
            51.08121214638311
          ]
        ],
        "type": "LineString"
      },
      "properties": {
        "length_m": 4849.404,
        "orientation": "NS",
        "row": 186,
        "segment": 0
      },
      "type": "Feature"
    },
    {
      "geometry": {
        "coordinates": [
          [
            6.476850195194202,
            51.08643964175852
          ],
          [
            6.476834957334244,
            51.08671954038863
          ]
        ],
        "type": "LineString"
      },
      "properties": {
        "length_m": 31.156,
        "orientation": "NS",
        "row": 186,
        "segment": 1
      },
      "type": "Feature"
    },
    {
      "geometry": {
        "coordinates": [
          [
            6.479682674993435,
            51.03761760920664
          ],
          [
            6.477324943185366,
            51.08099683970559
          ]
        ],
        "type": "LineString"
      },
      "properties": {
        "length_m": 4828.664,
        "orientation": "NS",
        "row": 187,
        "segment": 0
      },
      "type": "Feature"
    },
    {
      "geometry": {
        "coordinates": [
          [
            6.477029869646056,
            51.08641821478305
          ],
          [
            6.477002272511828,
            51.08692516959579
          ]
        ],
        "type": "LineString"
      },
      "properties": {
        "length_m": 56.431,
        "orientation": "NS",
        "row": 187,
        "segment": 1
      },
      "type": "Feature"
    },
    {
      "geometry": {
        "coordinates": [
          [
            6.479862613449286,
            51.037587792855845
          ],
          [
            6.477515124349032,
            51.08078193427045
          ]
        ],
        "type": "LineString"
      },
      "properties": {
        "length_m": 4808.06,
        "orientation": "NS",
        "row": 188,
        "segment": 0
      },
      "type": "Feature"
    },
    {
      "geometry": {
        "coordinates": [
          [
            6.477209543941216,
            51.086396787528855
          ],
          [
            6.477169561979357,
            51.08713129772738
          ]
        ],
        "type": "LineString"
      },
      "properties": {
        "length_m": 81.761,
        "orientation": "NS",
        "row": 188,
        "segment": 1
      },
      "type": "Feature"
    },
    {
      "geometry": {
        "coordinates": [
          [
            6.480042600361251,
            51.03755707936426
          ],
          [
            6.477705271962797,
            51.08056761224326
          ]
        ],
        "type": "LineString"
      },
      "properties": {
        "length_m": 4787.621,
        "orientation": "NS",
        "row": 189,
        "segment": 0
      },
      "type": "Feature"
    },
    {
      "geometry": {
        "coordinates": [
          [
            6.477389218079677,
            51.08637535999593
          ],
          [
            6.4773368529111,
            51.087337425633756
          ]
        ],
        "type": "LineString"
      },
      "properties": {
        "length_m": 107.091,
        "orientation": "NS",
        "row": 189,
        "segment": 1
      },
      "type": "Feature"
    },
    {
      "geometry": {
        "coordinates": [
          [
            6.480222587044185,
            51.03752636559179
          ],
          [
            6.477895417793943,
            51.08035328987467
          ]
        ],
        "type": "LineString"
      },
      "properties": {
        "length_m": 4767.183,
        "orientation": "NS",
        "row": 190,
        "segment": 0
      },
      "type": "Feature"
    },
    {
      "geometry": {
        "coordinates": [
          [
            6.477568892061439,
            51.08635393218425
          ],
          [
            6.477505277362383,
            51.087522754253634
          ]
        ],
        "type": "LineString"
      },
      "properties": {
        "length_m": 130.106,
        "orientation": "NS",
        "row": 190,
        "segment": 1
      },
      "type": "Feature"
    },
    {
      "geometry": {
        "coordinates": [
          [
            6.480402573498089,
            51.03749565153839
          ],
          [
            6.478085561842499,
            51.080138967164686
          ]
        ],
        "type": "LineString"
      },
      "properties": {
        "length_m": 4746.744,
        "orientation": "NS",
        "row": 191,
        "segment": 0
      },
      "type": "Feature"
    },
    {
      "geometry": {
        "coordinates": [
          [
            6.477748565886499,
            51.086332504093825
          ],
          [
            6.477674100674028,
            51.087700778430914
          ]
        ],
        "type": "LineString"
      },
      "properties": {
        "length_m": 152.307,
        "orientation": "NS",
        "row": 191,
        "segment": 1
      },
      "type": "Feature"
    },
    {
      "geometry": {
        "coordinates": [
          [
            6.480582559722958,
            51.03746493720409
          ],
          [
            6.478275752078382,
            51.07992376226046
          ]
        ],
        "type": "LineString"
      },
      "properties": {
        "length_m": 4726.207,
        "orientation": "NS",
        "row": 192,
        "segment": 0
      },
      "type": "Feature"
    },
    {
      "geometry": {
        "coordinates": [
          [
            6.477928317859008,
            51.08630963675063
          ],
          [
            6.477842925267213,
            51.08787880237756
          ]
        ],
        "type": "LineString"
      },
      "properties": {
        "length_m": 174.669,
        "orientation": "NS",
        "row": 192,
        "segment": 1
      },
      "type": "Feature"
    },
    {
      "geometry": {
        "coordinates": [
          [
            6.48076254571879,
            51.03743422258889
          ],
          [
            6.478466206903098,
            51.07970365963062
          ]
        ],
        "type": "LineString"
      },
      "properties": {
        "length_m": 4705.125,
        "orientation": "NS",
        "row": 193,
        "segment": 0
      },
      "type": "Feature"
    },
    {
      "geometry": {
        "coordinates": [
          [
            6.478108402576477,
            51.0862806508354
          ],
          [
            6.478011751141956,
            51.08805682609358
          ]
        ],
        "type": "LineString"
      },
      "properties": {
        "length_m": 197.712,
        "orientation": "NS",
        "row": 193,
        "segment": 1
      },
      "type": "Feature"
    },
    {
      "geometry": {
        "coordinates": [
          [
            6.480942531485586,
            51.03740350769277
          ],
          [
            6.478656659893027,
            51.07948355665728
          ]
        ],
        "type": "LineString"
      },
      "properties": {
        "length_m": 4684.043,
        "orientation": "NS",
        "row": 194,
        "segment": 0
      },
      "type": "Feature"
    },
    {
      "geometry": {
        "coordinates": [
          [
            6.478288487077873,
            51.08625166463927
          ],
          [
            6.4781816465463775,
            51.08821521805209
          ]
        ],
        "type": "LineString"
      },
      "properties": {
        "length_m": 218.57,
        "orientation": "NS",
        "row": 194,
        "segment": 1
      },
      "type": "Feature"
    },
    {
      "geometry": {
        "coordinates": [
          [
            6.481122517023339,
            51.03737279251577
          ],
          [
            6.478847111048199,
            51.079263453340445
          ]
        ],
        "type": "LineString"
      },
      "properties": {
        "length_m": 4662.961,
        "orientation": "NS",
        "row": 195,
        "segment": 0
      },
      "type": "Feature"
    },
    {
      "geometry": {
        "coordinates": [
          [
            6.478468571363194,
            51.08622267816223
          ],
          [
            6.478354288044294,
            51.088323161897854
          ]
        ],
        "type": "LineString"
      },
      "properties": {
        "length_m": 233.812,
        "orientation": "NS",
        "row": 195,
        "segment": 1
      },
      "type": "Feature"
    },
    {
      "geometry": {
        "coordinates": [
          [
            6.481302674497926,
            51.03733890340697
          ],
          [
            6.479037560368646,
            51.079043349680134
          ]
        ],
        "type": "LineString"
      },
      "properties": {
        "length_m": 4642.232,
        "orientation": "NS",
        "row": 196,
        "segment": 0
      },
      "type": "Feature"
    },
    {
      "geometry": {
        "coordinates": [
          [
            6.478648504860552,
            51.08619645922555
          ],
          [
            6.478526930346669,
            51.08843110549799
          ]
        ],
        "type": "LineString"
      },
      "properties": {
        "length_m": 248.746,
        "orientation": "NS",
        "row": 196,
        "segment": 1
      },
      "type": "Feature"
    },
    {
      "geometry": {
        "coordinates": [
          [
            6.481485114928578,
            51.03726292292881
          ],
          [
            6.479228007854396,
            51.07882324567635
          ]
        ],
        "type": "LineString"
      },
      "properties": {
        "length_m": 4626.188,
        "orientation": "NS",
        "row": 197,
        "segment": 0
      },
      "type": "Feature"
    },
    {
      "geometry": {
        "coordinates": [
          [
            6.478828421907917,
            51.08617053884353
          ],
          [
            6.478699573453503,
            51.08853904885251
          ]
        ],
        "type": "LineString"
      },
      "properties": {
        "length_m": 263.647,
        "orientation": "NS",
        "row": 197,
        "segment": 1
      },
      "type": "Feature"
    },
    {
      "geometry": {
        "coordinates": [
          [
            6.481653030387914,
            51.03745471821069
          ],
          [
            6.479418453505482,
            51.07860314132908
          ]
        ],
        "type": "LineString"
      },
      "properties": {
        "length_m": 4580.338,
        "orientation": "NS",
        "row": 198,
        "segment": 0
      },
      "type": "Feature"
    },
    {
      "geometry": {
        "coordinates": [
          [
            6.47900987228876,
            51.08611642472536
          ],
          [
            6.478872217364806,
            51.08864699196142
          ]
        ],
        "type": "LineString"
      },
      "properties": {
        "length_m": 281.686,
        "orientation": "NS",
        "row": 198,
        "segment": 1
      },
      "type": "Feature"
    },
    {
      "geometry": {
        "coordinates": [
          [
            6.481815159233275,
            51.037753227572836
          ],
          [
            6.479608897321936,
            51.07838303663836
          ]
        ],
        "type": "LineString"
      },
      "properties": {
        "length_m": 4522.609,
        "orientation": "NS",
        "row": 199,
        "segment": 0
      },
      "type": "Feature"
    },
    {
      "geometry": {
        "coordinates": [
          [
            6.479204222208985,
            51.08582512871801
          ],
          [
            6.4790448620805785,
            51.08875493482471
          ]
        ],
        "type": "LineString"
      },
      "properties": {
        "length_m": 326.126,
        "orientation": "NS",
        "row": 199,
        "segment": 1
      },
      "type": "Feature"
    },
    {
      "geometry": {
        "coordinates": [
          [
            6.481977290103572,
            51.038051736725464
          ],
          [
            6.479799339303787,
            51.07816293160417
          ]
        ],
        "type": "LineString"
      },
      "properties": {
        "length_m": 4464.88,
        "orientation": "NS",
        "row": 200,
        "segment": 0
      },
      "type": "Feature"
    },
    {
      "geometry": {
        "coordinates": [
          [
            6.479426435762292,
            51.08502142321994
          ],
          [
            6.4792175333014415,
            51.08886240495059
          ]
        ],
        "type": "LineString"
      },
      "properties": {
        "length_m": 427.552,
        "orientation": "NS",
        "row": 200,
        "segment": 1
      },
      "type": "Feature"
    },
    {
      "geometry": {
        "coordinates": [
          [
            6.482115098028842,
            51.03879877164223
          ],
          [
            6.479989779451065,
            51.07794282622654
          ]
        ],
        "type": "LineString"
      },
      "properties": {
        "length_m": 4357.225,
        "orientation": "NS",
        "row": 201,
        "segment": 0
      },
      "type": "Feature"
    },
    {
      "geometry": {
        "coordinates": [
          [
            6.479627761493694,
            51.08460170322855
          ],
          [
            6.479390226610586,
            51.08896948345326
          ]
        ],
        "type": "LineString"
      },
      "properties": {
        "length_m": 486.192,
        "orientation": "NS",
        "row": 201,
        "segment": 1
      },
      "type": "Feature"
    },
    {
      "geometry": {
        "coordinates": [
          [
            6.48227833463612,
            51.039076989750335
          ],
          [
            6.4801802177638015,
            51.077722720505484
          ]
        ],
        "type": "LineString"
      },
      "properties": {
        "length_m": 4301.755,
        "orientation": "NS",
        "row": 202,
        "segment": 0
      },
      "type": "Feature"
    },
    {
      "geometry": {
        "coordinates": [
          [
            6.479823337201326,
            51.08428766764529
          ],
          [
            6.479562920718144,
            51.08907656171009
          ]
        ],
        "type": "LineString"
      },
      "properties": {
        "length_m": 533.067,
        "orientation": "NS",
        "row": 202,
        "segment": 1
      },
      "type": "Feature"
    },
    {
      "geometry": {
        "coordinates": [
          [
            6.482441573149035,
            51.03935520764583
          ],
          [
            6.480370654242029,
            51.077502614440974
          ]
        ],
        "type": "LineString"
      },
      "properties": {
        "length_m": 4246.285,
        "orientation": "NS",
        "row": 203,
        "segment": 0
      },
      "type": "Feature"
    },
    {
      "geometry": {
        "coordinates": [
          [
            6.4800173029942805,
            51.08400319374749
          ],
          [
            6.479735615624121,
            51.089183639721085
          ]
        ],
        "type": "LineString"
      },
      "properties": {
        "length_m": 576.652,
        "orientation": "NS",
        "row": 203,
        "segment": 1
      },
      "type": "Feature"
    },
    {
      "geometry": {
        "coordinates": [
          [
            6.4826048135676295,
            51.03963342532872
          ],
          [
            6.480561088885777,
            51.07728250803304
          ]
        ],
        "type": "LineString"
      },
      "properties": {
        "length_m": 4190.814,
        "orientation": "NS",
        "row": 204,
        "segment": 0
      },
      "type": "Feature"
    },
    {
      "geometry": {
        "coordinates": [
          [
            6.480210222200401,
            51.083737926815395
          ],
          [
            6.47990831132852,
            51.08929071748624
          ]
        ],
        "type": "LineString"
      },
      "properties": {
        "length_m": 618.099,
        "orientation": "NS",
        "row": 204,
        "segment": 1
      },
      "type": "Feature"
    },
    {
      "geometry": {
        "coordinates": [
          [
            6.482768055891948,
            51.039911642799
          ],
          [
            6.480751521695074,
            51.0770624012817
          ]
        ],
        "type": "LineString"
      },
      "properties": {
        "length_m": 4135.344,
        "orientation": "NS",
        "row": 205,
        "segment": 0
      },
      "type": "Feature"
    },
    {
      "geometry": {
        "coordinates": [
          [
            6.480402837151991,
            51.08347821538254
          ],
          [
            6.480079682104624,
            51.08942217564808
          ]
        ],
        "type": "LineString"
      },
      "properties": {
        "length_m": 661.641,
        "orientation": "NS",
        "row": 205,
        "segment": 1
      },
      "type": "Feature"
    },
    {
      "geometry": {
        "coordinates": [
          [
            6.482931300122037,
            51.040189860056635
          ],
          [
            6.480941654532162,
            51.07684778140648
          ]
        ],
        "type": "LineString"
      },
      "properties": {
        "length_m": 4080.485,
        "orientation": "NS",
        "row": 206,
        "segment": 0
      },
      "type": "Feature"
    },
    {
      "geometry": {
        "coordinates": [
          [
            6.480594814331253,
            51.083230197019496
          ],
          [
            6.480248627708549,
            51.0895982539947
          ]
        ],
        "type": "LineString"
      },
      "properties": {
        "length_m": 708.849,
        "orientation": "NS",
        "row": 206,
        "segment": 1
      },
      "type": "Feature"
    },
    {
      "geometry": {
        "coordinates": [
          [
            6.483094546257939,
            51.04046807710165
          ],
          [
            6.481131381060555,
            51.07664060706128
          ]
        ],
        "type": "LineString"
      },
      "properties": {
        "length_m": 4026.454,
        "orientation": "NS",
        "row": 207,
        "segment": 0
      },
      "type": "Feature"
    },
    {
      "geometry": {
        "coordinates": [
          [
            6.48078678941998,
            51.082982178302515
          ],
          [
            6.4804175745814065,
            51.08977433211023
          ]
        ],
        "type": "LineString"
      },
      "properties": {
        "length_m": 756.056,
        "orientation": "NS",
        "row": 207,
        "segment": 1
      },
      "type": "Feature"
    },
    {
      "geometry": {
        "coordinates": [
          [
            6.483258027034923,
            51.040742000952925
          ],
          [
            6.481321105871267,
            51.076433432377414
          ]
        ],
        "type": "LineString"
      },
      "properties": {
        "length_m": 3972.901,
        "orientation": "NS",
        "row": 208,
        "segment": 0
      },
      "type": "Feature"
    },
    {
      "geometry": {
        "coordinates": [
          [
            6.480978762418213,
            51.08273415923161
          ],
          [
            6.480581818068758,
            51.090036945978945
          ]
        ],
        "type": "LineString"
      },
      "properties": {
        "length_m": 812.896,
        "orientation": "NS",
        "row": 208,
        "segment": 1
      },
      "type": "Feature"
    },
    {
      "geometry": {
        "coordinates": [
          [
            6.48050897904298,
            51.09137667001088
          ],
          [
            6.480506139154223,
            51.09142890183439
          ]
        ],
        "type": "LineString"
      },
      "properties": {
        "length_m": 5.814,
        "orientation": "NS",
        "row": 208,
        "segment": 2
      },
      "type": "Feature"
    },
    {
      "geometry": {
        "coordinates": [
          [
            6.483421993908991,
            51.04100699234108
          ],
          [
            6.481510828964326,
            51.07622625735489
          ]
        ],
        "type": "LineString"
      },
      "properties": {
        "length_m": 3920.343,
        "orientation": "NS",
        "row": 209,
        "segment": 0
      },
      "type": "Feature"
    },
    {
      "geometry": {
        "coordinates": [
          [
            6.481169430441669,
            51.082510116684226
          ],
          [
            6.480725083032235,
            51.09068548197492
          ]
        ],
        "type": "LineString"
      },
      "properties": {
        "length_m": 910.025,
        "orientation": "NS",
        "row": 209,
        "segment": 1
      },
      "type": "Feature"
    },
    {
      "geometry": {
        "coordinates": [
          [
            6.480706174290113,
            51.09103329101598
          ],
          [
            6.480680071329371,
            51.0915134197223
          ]
        ],
        "type": "LineString"
      },
      "properties": {
        "length_m": 53.445,
        "orientation": "NS",
        "row": 209,
        "segment": 2
      },
      "type": "Feature"
    },
    {
      "geometry": {
        "coordinates": [
          [
            6.483585962609721,
            51.0412719835145
          ],
          [
            6.481908129255463,
            51.07219691159958
          ]
        ],
        "type": "LineString"
      },
      "properties": {
        "length_m": 3442.328,
        "orientation": "NS",
        "row": 210,
        "segment": 0
      },
      "type": "Feature"
    },
    {
      "geometry": {
        "coordinates": [
          [
            6.481899028569364,
            51.07236450098339
          ],
          [
            6.481700550339759,
            51.07601908199371
          ]
        ],
        "type": "LineString"
      },
      "properties": {
        "length_m": 406.802,
        "orientation": "NS",
        "row": 210,
        "segment": 1
      },
      "type": "Feature"
    },
    {
      "geometry": {
        "coordinates": [
          [
            6.481359914004416,
            51.08228943426063
          ],
          [
            6.480854004142784,
            51.091597937359076
          ]
        ],
        "type": "LineString"
      },
      "properties": {
        "length_m": 1036.158,
        "orientation": "NS",
        "row": 210,
        "segment": 2
      },
      "type": "Feature"
    },
    {
      "geometry": {
        "coordinates": [
          [
            6.483749615742073,
            51.041542830049806
          ],
          [
            6.482097960496395,
            51.0719873641702
          ]
        ],
        "type": "LineString"
      },
      "properties": {
        "length_m": 3388.853,
        "orientation": "NS",
        "row": 211,
        "segment": 0
      },
      "type": "Feature"
    },
    {
      "geometry": {
        "coordinates": [
          [
            6.482069189651506,
            51.072517218529754
          ],
          [
            6.481890269997593,
            51.075811906293865
          ]
        ],
        "type": "LineString"
      },
      "properties": {
        "length_m": 366.741,
        "orientation": "NS",
        "row": 211,
        "segment": 1
      },
      "type": "Feature"
    },
    {
      "geometry": {
        "coordinates": [
          [
            6.481550395727007,
            51.08206875149337
          ],
          [
            6.481027937594463,
            51.091682454744706
          ]
        ],
        "type": "LineString"
      },
      "properties": {
        "length_m": 1070.131,
        "orientation": "NS",
        "row": 211,
        "segment": 2
      },
      "type": "Feature"
    },
    {
      "geometry": {
        "coordinates": [
          [
            6.483906299447005,
            51.04194229532795
          ],
          [
            6.482287159881649,
            51.07178942200474
          ]
        ],
        "type": "LineString"
      },
      "properties": {
        "length_m": 3322.354,
        "orientation": "NS",
        "row": 212,
        "segment": 0
      },
      "type": "Feature"
    },
    {
      "geometry": {
        "coordinates": [
          [
            6.482245093841581,
            51.07256418386013
          ],
          [
            6.482079987937854,
            51.075604730255385
          ]
        ],
        "type": "LineString"
      },
      "properties": {
        "length_m": 338.452,
        "orientation": "NS",
        "row": 212,
        "segment": 1
      },
      "type": "Feature"
    },
    {
      "geometry": {
        "coordinates": [
          [
            6.481740875609477,
            51.081848068382435
          ],
          [
            6.48120187168441,
            51.0917669718792
          ]
        ],
        "type": "LineString"
      },
      "properties": {
        "length_m": 1104.104,
        "orientation": "NS",
        "row": 212,
        "segment": 2
      },
      "type": "Feature"
    },
    {
      "geometry": {
        "coordinates": [
          [
            6.484062985734426,
            51.04234176040909
          ],
          [
            6.482476357632383,
            51.071591479504015
          ]
        ],
        "type": "LineString"
      },
      "properties": {
        "length_m": 3255.855,
        "orientation": "NS",
        "row": 213,
        "segment": 0
      },
      "type": "Feature"
    },
    {
      "geometry": {
        "coordinates": [
          [
            6.482422259090162,
            51.07258792868952
          ],
          [
            6.482269704160569,
            51.07539755387828
          ]
        ],
        "type": "LineString"
      },
      "properties": {
        "length_m": 312.747,
        "orientation": "NS",
        "row": 213,
        "segment": 1
      },
      "type": "Feature"
    },
    {
      "geometry": {
        "coordinates": [
          [
            6.481931046359615,
            51.0816330418901
          ],
          [
            6.481375806412629,
            51.09185148876256
          ]
        ],
        "type": "LineString"
      },
      "properties": {
        "length_m": 1137.447,
        "orientation": "NS",
        "row": 213,
        "segment": 2
      },
      "type": "Feature"
    },
    {
      "geometry": {
        "coordinates": [
          [
            6.484230716725918,
            51.04253748024357
          ],
          [
            6.482665553748625,
            51.07139353666805
          ]
        ],
        "type": "LineString"
      },
      "properties": {
        "length_m": 3212.035,
        "orientation": "NS",
        "row": 214,
        "segment": 0
      },
      "type": "Feature"
    },
    {
      "geometry": {
        "coordinates": [
          [
            6.482599424529299,
            51.07261167325267
          ],
          [
            6.482459418665765,
            51.075190377162535
          ]
        ],
        "type": "LineString"
      },
      "properties": {
        "length_m": 287.043,
        "orientation": "NS",
        "row": 214,
        "segment": 1
      },
      "type": "Feature"
    },
    {
      "geometry": {
        "coordinates": [
          [
            6.48212101586726,
            51.081421687115636
          ],
          [
            6.48154974177912,
            51.09193600539476
          ]
        ],
        "type": "LineString"
      },
      "properties": {
        "length_m": 1170.381,
        "orientation": "NS",
        "row": 214,
        "segment": 2
      },
      "type": "Feature"
    },
    {
      "geometry": {
        "coordinates": [
          [
            6.484402961177623,
            51.042649939248705
          ],
          [
            6.4828547482303955,
            51.071195593496824
          ]
        ],
        "type": "LineString"
      },
      "properties": {
        "length_m": 3177.483,
        "orientation": "NS",
        "row": 215,
        "segment": 0
      },
      "type": "Feature"
    },
    {
      "geometry": {
        "coordinates": [
          [
            6.48277659015899,
            51.0726354175496
          ],
          [
            6.482649131453468,
            51.074983200108186
          ]
        ],
        "type": "LineString"
      },
      "properties": {
        "length_m": 261.338,
        "orientation": "NS",
        "row": 215,
        "segment": 1
      },
      "type": "Feature"
    },
    {
      "geometry": {
        "coordinates": [
          [
            6.482310983619193,
            51.081210332000936
          ],
          [
            6.481723677783885,
            51.092020521775844
          ]
        ],
        "type": "LineString"
      },
      "properties": {
        "length_m": 1203.315,
        "orientation": "NS",
        "row": 215,
        "segment": 2
      },
      "type": "Feature"
    },
    {
      "geometry": {
        "coordinates": [
          [
            6.48457520646335,
            51.04276239800959
          ],
          [
            6.483043941077722,
            51.070997649990375
          ]
        ],
        "type": "LineString"
      },
      "properties": {
        "length_m": 3142.931,
        "orientation": "NS",
        "row": 216,
        "segment": 0
      },
      "type": "Feature"
    },
    {
      "geometry": {
        "coordinates": [
          [
            6.482953755979231,
            51.07265916158028
          ],
          [
            6.482838842523708,
            51.074776022715206
          ]
        ],
        "type": "LineString"
      },
      "properties": {
        "length_m": 235.634,
        "orientation": "NS",
        "row": 216,
        "segment": 1
      },
      "type": "Feature"
    },
    {
      "geometry": {
        "coordinates": [
          [
            6.482500949615441,
            51.08099897654601
          ],
          [
            6.481897614426926,
            51.09210503790575
          ]
        ],
        "type": "LineString"
      },
      "properties": {
        "length_m": 1236.249,
        "orientation": "NS",
        "row": 216,
        "segment": 2
      },
      "type": "Feature"
    },
    {
      "geometry": {
        "coordinates": [
          [
            6.484747452583104,
            51.04287485652623
          ],
          [
            6.483233132290627,
            51.07079970614868
          ]
        ],
        "type": "LineString"
      },
      "properties": {
        "length_m": 3108.379,
        "orientation": "NS",
        "row": 217,
        "segment": 0
      },
      "type": "Feature"
    },
    {
      "geometry": {
        "coordinates": [
          [
            6.483130921990021,
            51.07268290534475
          ],
          [
            6.483028551876506,
            51.07456884498363
          ]
        ],
        "type": "LineString"
      },
      "properties": {
        "length_m": 209.929,
        "orientation": "NS",
        "row": 217,
        "segment": 1
      },
      "type": "Feature"
    },
    {
      "geometry": {
        "coordinates": [
          [
            6.482690913856035,
            51.080787620750904
          ],
          [
            6.4820715517082474,
            51.09218955378452
          ]
        ],
        "type": "LineString"
      },
      "properties": {
        "length_m": 1269.183,
        "orientation": "NS",
        "row": 217,
        "segment": 2
      },
      "type": "Feature"
    },
    {
      "geometry": {
        "coordinates": [
          [
            6.4849196995368885,
            51.04298731479864
          ],
          [
            6.483422321869132,
            51.07060176197177
          ]
        ],
        "type": "LineString"
      },
      "properties": {
        "length_m": 3073.827,
        "orientation": "NS",
        "row": 218,
        "segment": 0
      },
      "type": "Feature"
    },
    {
      "geometry": {
        "coordinates": [
          [
            6.483308088191359,
            51.07270664884296
          ],
          [
            6.483218259511895,
            51.07436166691344
          ]
        ],
        "type": "LineString"
      },
      "properties": {
        "length_m": 184.224,
        "orientation": "NS",
        "row": 218,
        "segment": 1
      },
      "type": "Feature"
    },
    {
      "geometry": {
        "coordinates": [
          [
            6.482880876341001,
            51.08057626461558
          ],
          [
            6.48224419465576,
            51.0922979025091
          ]
        ],
        "type": "LineString"
      },
      "properties": {
        "length_m": 1304.77,
        "orientation": "NS",
        "row": 218,
        "segment": 2
      },
      "type": "Feature"
    },
    {
      "geometry": {
        "coordinates": [
          [
            6.485091806001525,
            51.04310238132545
          ],
          [
            6.483612408703496,
            51.07038725200038
          ]
        ],
        "type": "LineString"
      },
      "properties": {
        "length_m": 3037.14,
        "orientation": "NS",
        "row": 219,
        "segment": 0
      },
      "type": "Feature"
    },
    {
      "geometry": {
        "coordinates": [
          [
            6.48348525458324,
            51.072730392074945
          ],
          [
            6.483407965429897,
            51.07415448850465
          ]
        ],
        "type": "LineString"
      },
      "properties": {
        "length_m": 158.52,
        "orientation": "NS",
        "row": 219,
        "segment": 1
      },
      "type": "Feature"
    },
    {
      "geometry": {
        "coordinates": [
          [
            6.483070837070368,
            51.08036490814008
          ],
          [
            6.482421244582038,
            51.092325152960754
          ]
        ],
        "type": "LineString"
      },
      "properties": {
        "length_m": 1331.33,
        "orientation": "NS",
        "row": 219,
        "segment": 2
      },
      "type": "Feature"
    },
    {
      "geometry": {
        "coordinates": [
          [
            6.4852636429222,
            51.0432224388164
          ],
          [
            6.483802553556661,
            51.07017163952133
          ]
        ],
        "type": "LineString"
      },
      "properties": {
        "length_m": 2999.776,
        "orientation": "NS",
        "row": 220,
        "segment": 0
      },
      "type": "Feature"
    },
    {
      "geometry": {
        "coordinates": [
          [
            6.483662421165663,
            51.0727541350407
          ],
          [
            6.483597669630541,
            51.073947309757294
          ]
        ],
        "type": "LineString"
      },
      "properties": {
        "length_m": 132.815,
        "orientation": "NS",
        "row": 220,
        "segment": 1
      },
      "type": "Feature"
    },
    {
      "geometry": {
        "coordinates": [
          [
            6.483260796044163,
            51.08015355132439
          ],
          [
            6.4825982947255145,
            51.092352403146904
          ]
        ],
        "type": "LineString"
      },
      "properties": {
        "length_m": 1357.89,
        "orientation": "NS",
        "row": 220,
        "segment": 2
      },
      "type": "Feature"
    },
    {
      "geometry": {
        "coordinates": [
          [
            6.485435480729808,
            51.043342496064795
          ],
          [
            6.483992696616947,
            51.069956026700666
          ]
        ],
        "type": "LineString"
      },
      "properties": {
        "length_m": 2962.411,
        "orientation": "NS",
        "row": 221,
        "segment": 0
      },
      "type": "Feature"
    },
    {
      "geometry": {
        "coordinates": [
          [
            6.483839587938625,
            51.07277787774022
          ],
          [
            6.483787372113854,
            51.07374013067133
          ]
        ],
        "type": "LineString"
      },
      "properties": {
        "length_m": 107.111,
        "orientation": "NS",
        "row": 221,
        "segment": 1
      },
      "type": "Feature"
    },
    {
      "geometry": {
        "coordinates": [
          [
            6.483450753262414,
            51.07994219416853
          ],
          [
            6.482775345086192,
            51.09237965306755
          ]
        ],
        "type": "LineString"
      },
      "properties": {
        "length_m": 1384.45,
        "orientation": "NS",
        "row": 221,
        "segment": 2
      },
      "type": "Feature"
    },
    {
      "geometry": {
        "coordinates": [
          [
            6.48560731942436,
            51.04346255307065
          ],
          [
            6.484182837884385,
            51.0697404135384
          ]
        ],
        "type": "LineString"
      },
      "properties": {
        "length_m": 2925.047,
        "orientation": "NS",
        "row": 222,
        "segment": 0
      },
      "type": "Feature"
    },
    {
      "geometry": {
        "coordinates": [
          [
            6.4840167549021235,
            51.07280162017351
          ],
          [
            6.483977072879862,
            51.073532951246804
          ]
        ],
        "type": "LineString"
      },
      "properties": {
        "length_m": 81.406,
        "orientation": "NS",
        "row": 222,
        "segment": 1
      },
      "type": "Feature"
    },
    {
      "geometry": {
        "coordinates": [
          [
            6.48364070872515,
            51.0797308366725
          ],
          [
            6.482952485139234,
            51.0924052555355
          ]
        ],
        "type": "LineString"
      },
      "properties": {
        "length_m": 1410.826,
        "orientation": "NS",
        "row": 222,
        "segment": 2
      },
      "type": "Feature"
    },
    {
      "geometry": {
        "coordinates": [
          [
            6.48577915900586,
            51.043582609833926
          ],
          [
            6.484372977359003,
            51.06952480003456
          ]
        ],
        "type": "LineString"
      },
      "properties": {
        "length_m": 2887.682,
        "orientation": "NS",
        "row": 223,
        "segment": 0
      },
      "type": "Feature"
    },
    {
      "geometry": {
        "coordinates": [
          [
            6.484193922056157,
            51.072825362340545
          ],
          [
            6.484166771928591,
            51.07332577148371
          ]
        ],
        "type": "LineString"
      },
      "properties": {
        "length_m": 55.702,
        "orientation": "NS",
        "row": 223,
        "segment": 1
      },
      "type": "Feature"
    },
    {
      "geometry": {
        "coordinates": [
          [
            6.483830662432398,
            51.07951947883631
          ],
          [
            6.483129956014577,
            51.09242477083145
          ]
        ],
        "type": "LineString"
      },
      "properties": {
        "length_m": 1436.525,
        "orientation": "NS",
        "row": 223,
        "segment": 2
      },
      "type": "Feature"
    },
    {
      "geometry": {
        "coordinates": [
          [
            6.485950999474316,
            51.04370266635464
          ],
          [
            6.484563115040831,
            51.069309186189116
          ]
        ],
        "type": "LineString"
      },
      "properties": {
        "length_m": 2850.317,
        "orientation": "NS",
        "row": 224,
        "segment": 0
      },
      "type": "Feature"
    },
    {
      "geometry": {
        "coordinates": [
          [
            6.484371089400724,
            51.07284910424135
          ],
          [
            6.48435646926007,
            51.07311859138206
          ]
        ],
        "type": "LineString"
      },
      "properties": {
        "length_m": 29.997,
        "orientation": "NS",
        "row": 224,
        "segment": 1
      },
      "type": "Feature"
    },
    {
      "geometry": {
        "coordinates": [
          [
            6.484020614384187,
            51.07930812065995
          ],
          [
            6.483307427048678,
            51.092444285859834
          ]
        ],
        "type": "LineString"
      },
      "properties": {
        "length_m": 1462.224,
        "orientation": "NS",
        "row": 224,
        "segment": 2
      },
      "type": "Feature"
    },
    {
      "geometry": {
        "coordinates": [
          [
            6.486122840829734,
            51.04382272263279
          ],
          [
            6.4847532509298995,
            51.06909357200209
          ]
        ],
        "type": "LineString"
      },
      "properties": {
        "length_m": 2812.953,
        "orientation": "NS",
        "row": 225,
        "segment": 0
      },
      "type": "Feature"
    },
    {
      "geometry": {
        "coordinates": [
          [
            6.4845482569358195,
            51.072872845875914
          ],
          [
            6.484546164874325,
            51.072911410941856
          ]
        ],
        "type": "LineString"
      },
      "properties": {
        "length_m": 4.293,
        "orientation": "NS",
        "row": 225,
        "segment": 1
      },
      "type": "Feature"
    },
    {
      "geometry": {
        "coordinates": [
          [
            6.484210564580545,
            51.07909676214347
          ],
          [
            6.483484898241534,
            51.09246380062068
          ]
        ],
        "type": "LineString"
      },
      "properties": {
        "length_m": 1487.923,
        "orientation": "NS",
        "row": 225,
        "segment": 2
      },
      "type": "Feature"
    },
    {
      "geometry": {
        "coordinates": [
          [
            6.48629468307212,
            51.04394277866837
          ],
          [
            6.4849434113968005,
            51.06887747121188
          ]
        ],
        "type": "LineString"
      },
      "properties": {
        "length_m": 2775.534,
        "orientation": "NS",
        "row": 226,
        "segment": 0
      },
      "type": "Feature"
    },
    {
      "geometry": {
        "coordinates": [
          [
            6.484400513021501,
            51.078885403286826
          ],
          [
            6.4836623695931435,
            51.09248331511397
          ]
        ],
        "type": "LineString"
      },
      "properties": {
        "length_m": 1513.622,
        "orientation": "NS",
        "row": 226,
        "segment": 1
      },
      "type": "Feature"
    },
    {
      "geometry": {
        "coordinates": [
          [
            6.486466526201482,
            51.04406283446137
          ],
          [
            6.4851336205030705,
            51.06866043997604
          ]
        ],
        "type": "LineString"
      },
      "properties": {
        "length_m": 2738.012,
        "orientation": "NS",
        "row": 227,
        "segment": 0
      },
      "type": "Feature"
    },
    {
      "geometry": {
        "coordinates": [
          [
            6.484785081973875,
            51.075086688613474
          ],
          [
            6.484779338939556,
            51.07519255710055
          ]
        ],
        "type": "LineString"
      },
      "properties": {
        "length_m": 11.784,
        "orientation": "NS",
        "row": 227,
        "segment": 1
      },
      "type": "Feature"
    },
    {
      "geometry": {
        "coordinates": [
          [
            6.484590615925892,
            51.07867116489869
          ],
          [
            6.483839841103504,
            51.092502829339736
          ]
        ],
        "type": "LineString"
      },
      "properties": {
        "length_m": 1539.642,
        "orientation": "NS",
        "row": 227,
        "segment": 2
      },
      "type": "Feature"
    },
    {
      "geometry": {
        "coordinates": [
          [
            6.486638370217826,
            51.0441828900118
          ],
          [
            6.485323827803875,
            51.068443408398124
          ]
        ],
        "type": "LineString"
      },
      "properties": {
        "length_m": 2700.489,
        "orientation": "NS",
        "row": 228,
        "segment": 0
      },
      "type": "Feature"
    },
    {
      "geometry": {
        "coordinates": [
          [
            6.484975638285385,
            51.07486375929765
          ],
          [
            6.484956774227002,
            51.07521153066724
          ]
        ],
        "type": "LineString"
      },
      "properties": {
        "length_m": 38.711,
        "orientation": "NS",
        "row": 228,
        "segment": 1
      },
      "type": "Feature"
    },
    {
      "geometry": {
        "coordinates": [
          [
            6.484780951024926,
            51.07845261351462
          ],
          [
            6.484017312772611,
            51.09252234329795
          ]
        ],
        "type": "LineString"
      },
      "properties": {
        "length_m": 1566.141,
        "orientation": "NS",
        "row": 228,
        "segment": 2
      },
      "type": "Feature"
    },
    {
      "geometry": {
        "coordinates": [
          [
            6.48681021512116,
            51.04430294531964
          ],
          [
            6.485514033299246,
            51.06822637647813
          ]
        ],
        "type": "LineString"
      },
      "properties": {
        "length_m": 2662.967,
        "orientation": "NS",
        "row": 229,
        "segment": 0
      },
      "type": "Feature"
    },
    {
      "geometry": {
        "coordinates": [
          [
            6.485166192737352,
            51.074640829637495
          ],
          [
            6.485134209668949,
            51.0752305039664
          ]
        ],
        "type": "LineString"
      },
      "properties": {
        "length_m": 65.638,
        "orientation": "NS",
        "row": 229,
        "segment": 1
      },
      "type": "Feature"
    },
    {
      "geometry": {
        "coordinates": [
          [
            6.4849712843037075,
            51.07823406178779
          ],
          [
            6.484194784600464,
            51.09254185698861
          ]
        ],
        "type": "LineString"
      },
      "properties": {
        "length_m": 1592.64,
        "orientation": "NS",
        "row": 229,
        "segment": 2
      },
      "type": "Feature"
    },
    {
      "geometry": {
        "coordinates": [
          [
            6.486982090951218,
            51.04442244552977
          ],
          [
            6.4857042369892115,
            51.06800934421608
          ]
        ],
        "type": "LineString"
      },
      "properties": {
        "length_m": 2625.507,
        "orientation": "NS",
        "row": 230,
        "segment": 0
      },
      "type": "Feature"
    },
    {
      "geometry": {
        "coordinates": [
          [
            6.485356745329807,
            51.07441789963304
          ],
          [
            6.485311630957165,
            51.07524974081399
          ]
        ],
        "type": "LineString"
      },
      "properties": {
        "length_m": 92.594,
        "orientation": "NS",
        "row": 230,
        "segment": 1
      },
      "type": "Feature"
    },
    {
      "geometry": {
        "coordinates": [
          [
            6.485161615762265,
            51.07801550971824
          ],
          [
            6.484372256587061,
            51.09256137041172
          ]
        ],
        "type": "LineString"
      },
      "properties": {
        "length_m": 1619.14,
        "orientation": "NS",
        "row": 230,
        "segment": 2
      },
      "type": "Feature"
    },
    {
      "geometry": {
        "coordinates": [
          [
            6.487153985121584,
            51.04454162303044
          ],
          [
            6.485894438873801,
            51.06779231161196
          ]
        ],
        "type": "LineString"
      },
      "properties": {
        "length_m": 2588.082,
        "orientation": "NS",
        "row": 231,
        "segment": 0
      },
      "type": "Feature"
    },
    {
      "geometry": {
        "coordinates": [
          [
            6.485546916030385,
            51.074201977263755
          ],
          [
            6.485488891455915,
            51.075271945132044
          ]
        ],
        "type": "LineString"
      },
      "properties": {
        "length_m": 119.101,
        "orientation": "NS",
        "row": 231,
        "segment": 1
      },
      "type": "Feature"
    },
    {
      "geometry": {
        "coordinates": [
          [
            6.485351945400635,
            51.07779695730592
          ],
          [
            6.484549728732397,
            51.0925808835673
          ]
        ],
        "type": "LineString"
      },
      "properties": {
        "length_m": 1645.639,
        "orientation": "NS",
        "row": 231,
        "segment": 2
      },
      "type": "Feature"
    },
    {
      "geometry": {
        "coordinates": [
          [
            6.487325880172872,
            51.044660800288305
          ],
          [
            6.486084638953043,
            51.067575278665814
          ]
        ],
        "type": "LineString"
      },
      "properties": {
        "length_m": 2550.657,
        "orientation": "NS",
        "row": 232,
        "segment": 0
      },
      "type": "Feature"
    },
    {
      "geometry": {
        "coordinates": [
          [
            6.485736120113928,
            51.07400384778727
          ],
          [
            6.485666152133607,
            51.07529414918342
          ]
        ],
        "type": "LineString"
      },
      "properties": {
        "length_m": 143.627,
        "orientation": "NS",
        "row": 232,
        "segment": 1
      },
      "type": "Feature"
    },
    {
      "geometry": {
        "coordinates": [
          [
            6.485542273218841,
            51.077578404550884
          ],
          [
            6.484727201036471,
            51.09260039645534
          ]
        ],
        "type": "LineString"
      },
      "properties": {
        "length_m": 1672.139,
        "orientation": "NS",
        "row": 232,
        "segment": 2
      },
      "type": "Feature"
    },
    {
      "geometry": {
        "coordinates": [
          [
            6.487497776105087,
            51.04477997730339
          ],
          [
            6.486274837226971,
            51.067358245377605
          ]
        ],
        "type": "LineString"
      },
      "properties": {
        "length_m": 2513.233,
        "orientation": "NS",
        "row": 233,
        "segment": 0
      },
      "type": "Feature"
    },
    {
      "geometry": {
        "coordinates": [
          [
            6.485925322561228,
            51.073805717975496
          ],
          [
            6.485843412990239,
            51.07531635296814
          ]
        ],
        "type": "LineString"
      },
      "properties": {
        "length_m": 168.152,
        "orientation": "NS",
        "row": 233,
        "segment": 1
      },
      "type": "Feature"
    },
    {
      "geometry": {
        "coordinates": [
          [
            6.485732599216916,
            51.077359851453124
          ],
          [
            6.4849046734992815,
            51.092619909075815
          ]
        ],
        "type": "LineString"
      },
      "properties": {
        "length_m": 1698.638,
        "orientation": "NS",
        "row": 233,
        "segment": 2
      },
      "type": "Feature"
    },
    {
      "geometry": {
        "coordinates": [
          [
            6.487669672918238,
            51.04489915407569
          ],
          [
            6.486464365129634,
            51.067153548046164
          ]
        ],
        "type": "LineString"
      },
      "properties": {
        "length_m": 2477.181,
        "orientation": "NS",
        "row": 234,
        "segment": 0
      },
      "type": "Feature"
    },
    {
      "geometry": {
        "coordinates": [
          [
            6.486114523372311,
            51.07360758782845
          ],
          [
            6.486020674025809,
            51.07533855648618
          ]
        ],
        "type": "LineString"
      },
      "properties": {
        "length_m": 192.678,
        "orientation": "NS",
        "row": 234,
        "segment": 1
      },
      "type": "Feature"
    },
    {
      "geometry": {
        "coordinates": [
          [
            6.4859229233948925,
            51.07714129801265
          ],
          [
            6.485082146120825,
            51.092639421428736
          ]
        ],
        "type": "LineString"
      },
      "properties": {
        "length_m": 1725.138,
        "orientation": "NS",
        "row": 234,
        "segment": 2
      },
      "type": "Feature"
    },
    {
      "geometry": {
        "coordinates": [
          [
            6.48784157061233,
            51.04501833060518
          ],
          [
            6.4866537233419495,
            51.06695195047595
          ]
        ],
        "type": "LineString"
      },
      "properties": {
        "length_m": 2441.475,
        "orientation": "NS",
        "row": 235,
        "segment": 0
      },
      "type": "Feature"
    },
    {
      "geometry": {
        "coordinates": [
          [
            6.486303722547199,
            51.07340945734616
          ],
          [
            6.486197935240314,
            51.07536075973754
          ]
        ],
        "type": "LineString"
      },
      "properties": {
        "length_m": 217.204,
        "orientation": "NS",
        "row": 235,
        "segment": 1
      },
      "type": "Feature"
    },
    {
      "geometry": {
        "coordinates": [
          [
            6.486113245752797,
            51.07692274422946
          ],
          [
            6.485259102911228,
            51.09266844123309
          ]
        ],
        "type": "LineString"
      },
      "properties": {
        "length_m": 1752.696,
        "orientation": "NS",
        "row": 235,
        "segment": 2
      },
      "type": "Feature"
    },
    {
      "geometry": {
        "coordinates": [
          [
            6.488015158541936,
            51.04510629125577
          ],
          [
            6.4868430798877625,
            51.06675035256931
          ]
        ],
        "type": "LineString"
      },
      "properties": {
        "length_m": 2409.243,
        "orientation": "NS",
        "row": 236,
        "segment": 0
      },
      "type": "Feature"
    },
    {
      "geometry": {
        "coordinates": [
          [
            6.486493610574242,
            51.073198588340574
          ],
          [
            6.486375196633751,
            51.07538296272224
          ]
        ],
        "type": "LineString"
      },
      "properties": {
        "length_m": 243.148,
        "orientation": "NS",
        "row": 236,
        "segment": 1
      },
      "type": "Feature"
    },
    {
      "geometry": {
        "coordinates": [
          [
            6.486303566290661,
            51.076704190103584
          ],
          [
            6.485435838303674,
            51.09270154481899
          ]
        ],
        "type": "LineString"
      },
      "properties": {
        "length_m": 1780.708,
        "orientation": "NS",
        "row": 236,
        "segment": 2
      },
      "type": "Feature"
    },
    {
      "geometry": {
        "coordinates": [
          [
            6.488192097638374,
            51.04513233727023
          ],
          [
            6.487032434767097,
            51.06654875432628
          ]
        ],
        "type": "LineString"
      },
      "properties": {
        "length_m": 2383.903,
        "orientation": "NS",
        "row": 237,
        "segment": 0
      },
      "type": "Feature"
    },
    {
      "geometry": {
        "coordinates": [
          [
            6.486683797480408,
            51.0729821724936
          ],
          [
            6.486552458206117,
            51.07540516544025
          ]
        ],
        "type": "LineString"
      },
      "properties": {
        "length_m": 269.709,
        "orientation": "NS",
        "row": 237,
        "segment": 1
      },
      "type": "Feature"
    },
    {
      "geometry": {
        "coordinates": [
          [
            6.4864938850085165,
            51.076485635635
          ],
          [
            6.485612573957296,
            51.092734648140905
          ]
        ],
        "type": "LineString"
      },
      "properties": {
        "length_m": 1808.72,
        "orientation": "NS",
        "row": 237,
        "segment": 2
      },
      "type": "Feature"
    },
    {
      "geometry": {
        "coordinates": [
          [
            6.488368140132536,
            51.04517495644876
          ],
          [
            6.48722178797998,
            51.066347155746804
          ]
        ],
        "type": "LineString"
      },
      "properties": {
        "length_m": 2356.719,
        "orientation": "NS",
        "row": 238,
        "segment": 0
      },
      "type": "Feature"
    },
    {
      "geometry": {
        "coordinates": [
          [
            6.486873982586307,
            51.07276575630474
          ],
          [
            6.486729719957413,
            51.075427367891606
          ]
        ],
        "type": "LineString"
      },
      "properties": {
        "length_m": 296.27,
        "orientation": "NS",
        "row": 238,
        "segment": 1
      },
      "type": "Feature"
    },
    {
      "geometry": {
        "coordinates": [
          [
            6.486684201906392,
            51.076267080823726
          ],
          [
            6.485789309872088,
            51.09276775119884
          ]
        ],
        "type": "LineString"
      },
      "properties": {
        "length_m": 1836.733,
        "orientation": "NS",
        "row": 238,
        "segment": 2
      },
      "type": "Feature"
    },
    {
      "geometry": {
        "coordinates": [
          [
            6.488539818587068,
            51.045298236120615
          ],
          [
            6.487411139526435,
            51.06614555683097
          ]
        ],
        "type": "LineString"
      },
      "properties": {
        "length_m": 2320.555,
        "orientation": "NS",
        "row": 239,
        "segment": 0
      },
      "type": "Feature"
    },
    {
      "geometry": {
        "coordinates": [
          [
            6.487064165891968,
            51.07254933977405
          ],
          [
            6.4869059492109145,
            51.07546862258317
          ]
        ],
        "type": "LineString"
      },
      "properties": {
        "length_m": 324.952,
        "orientation": "NS",
        "row": 239,
        "segment": 1
      },
      "type": "Feature"
    },
    {
      "geometry": {
        "coordinates": [
          [
            6.486874516984319,
            51.07604852566979
          ],
          [
            6.485966046048049,
            51.092800853992806
          ]
        ],
        "type": "LineString"
      },
      "properties": {
        "length_m": 1864.745,
        "orientation": "NS",
        "row": 239,
        "segment": 2
      },
      "type": "Feature"
    },
    {
      "geometry": {
        "coordinates": [
          [
            6.488711497951004,
            51.04542151555058
          ],
          [
            6.487600489406487,
            51.06594395757873
          ]
        ],
        "type": "LineString"
      },
      "properties": {
        "length_m": 2284.392,
        "orientation": "NS",
        "row": 240,
        "segment": 0
      },
      "type": "Feature"
    },
    {
      "geometry": {
        "coordinates": [
          [
            6.4872543473974185,
            51.07233292290151
          ],
          [
            6.48707751237287,
            51.07559597628605
          ]
        ],
        "type": "LineString"
      },
      "properties": {
        "length_m": 363.218,
        "orientation": "NS",
        "row": 240,
        "segment": 1
      },
      "type": "Feature"
    },
    {
      "geometry": {
        "coordinates": [
          [
            6.487064890678794,
            51.075828855086904
          ],
          [
            6.486142782485179,
            51.09283395652279
          ]
        ],
        "type": "LineString"
      },
      "properties": {
        "length_m": 1892.882,
        "orientation": "NS",
        "row": 240,
        "segment": 2
      },
      "type": "Feature"
    },
    {
      "geometry": {
        "coordinates": [
          [
            6.488883178224353,
            51.045544794738646
          ],
          [
            6.4877895010515,
            51.06574857190612
          ]
        ],
        "type": "LineString"
      },
      "properties": {
        "length_m": 2248.921,
        "orientation": "NS",
        "row": 241,
        "segment": 0
      },
      "type": "Feature"
    },
    {
      "geometry": {
        "coordinates": [
          [
            6.48744452710269,
            51.072116505687134
          ],
          [
            6.486319519183476,
            51.09286705878878
          ]
        ],
        "type": "LineString"
      },
      "properties": {
        "length_m": 2309.797,
        "orientation": "NS",
        "row": 241,
        "segment": 1
      },
      "type": "Feature"
    },
    {
      "geometry": {
        "coordinates": [
          [
            6.489054859407123,
            51.045668073684794
          ],
          [
            6.487972558204987,
            51.06566309994241
          ]
        ],
        "type": "LineString"
      },
      "properties": {
        "length_m": 2225.684,
        "orientation": "NS",
        "row": 242,
        "segment": 0
      },
      "type": "Feature"
    },
    {
      "geometry": {
        "coordinates": [
          [
            6.487627363821387,
            51.07203558638544
          ],
          [
            6.486496256142935,
            51.092900160790784
          ]
        ],
        "type": "LineString"
      },
      "properties": {
        "length_m": 2322.488,
        "orientation": "NS",
        "row": 242,
        "segment": 1
      },
      "type": "Feature"
    },
    {
      "geometry": {
        "coordinates": [
          [
            6.48922654149932,
            51.045791352389024
          ],
          [
            6.488152042746567,
            51.06564358472837
          ]
        ],
        "type": "LineString"
      },
      "properties": {
        "length_m": 2209.789,
        "orientation": "NS",
        "row": 243,
        "segment": 0
      },
      "type": "Feature"
    },
    {
      "geometry": {
        "coordinates": [
          [
            6.487803323409232,
            51.072081596819736
          ],
          [
            6.486672993363558,
            51.09293326252882
          ]
        ],
        "type": "LineString"
      },
      "properties": {
        "length_m": 2321.051,
        "orientation": "NS",
        "row": 243,
        "segment": 1
      },
      "type": "Feature"
    },
    {
      "geometry": {
        "coordinates": [
          [
            6.489398224500953,
            51.04591463085136
          ],
          [
            6.488329066220803,
            51.065669514155836
          ]
        ],
        "type": "LineString"
      },
      "properties": {
        "length_m": 2198.953,
        "orientation": "NS",
        "row": 244,
        "segment": 0
      },
      "type": "Feature"
    },
    {
      "geometry": {
        "coordinates": [
          [
            6.487979283354059,
            51.072127606993554
          ],
          [
            6.486849730845341,
            51.092966364002834
          ]
        ],
        "type": "LineString"
      },
      "properties": {
        "length_m": 2319.614,
        "orientation": "NS",
        "row": 244,
        "segment": 1
      },
      "type": "Feature"
    },
    {
      "geometry": {
        "coordinates": [
          [
            6.489569908412028,
            51.04603790907175
          ],
          [
            6.488505398342,
            51.06570821494369
          ]
        ],
        "type": "LineString"
      },
      "properties": {
        "length_m": 2189.538,
        "orientation": "NS",
        "row": 245,
        "segment": 0
      },
      "type": "Feature"
    },
    {
      "geometry": {
        "coordinates": [
          [
            6.488155243655866,
            51.07217361690689
          ],
          [
            6.48702646858828,
            51.0929994652129
          ]
        ],
        "type": "LineString"
      },
      "properties": {
        "length_m": 2318.177,
        "orientation": "NS",
        "row": 245,
        "segment": 1
      },
      "type": "Feature"
    },
    {
      "geometry": {
        "coordinates": [
          [
            6.489741593232551,
            51.04616118705023
          ],
          [
            6.488681730765764,
            51.06574691546927
          ]
        ],
        "type": "LineString"
      },
      "properties": {
        "length_m": 2180.123,
        "orientation": "NS",
        "row": 246,
        "segment": 0
      },
      "type": "Feature"
    },
    {
      "geometry": {
        "coordinates": [
          [
            6.488331204314654,
            51.07221962655976
          ],
          [
            6.487203206592378,
            51.09303256615895
          ]
        ],
        "type": "LineString"
      },
      "properties": {
        "length_m": 2316.739,
        "orientation": "NS",
        "row": 246,
        "segment": 1
      },
      "type": "Feature"
    },
    {
      "geometry": {
        "coordinates": [
          [
            6.489913278962531,
            51.046284464786815
          ],
          [
            6.488858063492095,
            51.065785615732565
          ]
        ],
        "type": "LineString"
      },
      "properties": {
        "length_m": 2170.708,
        "orientation": "NS",
        "row": 247,
        "segment": 0
      },
      "type": "Feature"
    },
    {
      "geometry": {
        "coordinates": [
          [
            6.488507165330421,
            51.072265635952114
          ],
          [
            6.487380169813995,
            51.09306151831237
          ]
        ],
        "type": "LineString"
      },
      "properties": {
        "length_m": 2314.84,
        "orientation": "NS",
        "row": 247,
        "segment": 1
      },
      "type": "Feature"
    },
    {
      "geometry": {
        "coordinates": [
          [
            6.490084965601976,
            51.046407742281446
          ],
          [
            6.489034396520991,
            51.06582431573355
          ]
        ],
        "type": "LineString"
      },
      "properties": {
        "length_m": 2161.294,
        "orientation": "NS",
        "row": 248,
        "segment": 0
      },
      "type": "Feature"
    },
    {
      "geometry": {
        "coordinates": [
          [
            6.4886831267031635,
            51.072311645084014
          ],
          [
            6.487557408824132,
            51.09308538813893
          ]
        ],
        "type": "LineString"
      },
      "properties": {
        "length_m": 2312.376,
        "orientation": "NS",
        "row": 248,
        "segment": 1
      },
      "type": "Feature"
    },
    {
      "geometry": {
        "coordinates": [
          [
            6.490256653150891,
            51.04653101953412
          ],
          [
            6.48921072985245,
            51.06586301547227
          ]
        ],
        "type": "LineString"
      },
      "properties": {
        "length_m": 2151.879,
        "orientation": "NS",
        "row": 249,
        "segment": 0
      },
      "type": "Feature"
    },
    {
      "geometry": {
        "coordinates": [
          [
            6.488859088432882,
            51.07235765395542
          ],
          [
            6.487734648025965,
            51.0931092576991
          ]
        ],
        "type": "LineString"
      },
      "properties": {
        "length_m": 2309.911,
        "orientation": "NS",
        "row": 249,
        "segment": 1
      },
      "type": "Feature"
    },
    {
      "geometry": {
        "coordinates": [
          [
            6.4904283416092845,
            51.0466542965449
          ],
          [
            6.489387063486471,
            51.06590171494867
          ]
        ],
        "type": "LineString"
      },
      "properties": {
        "length_m": 2142.464,
        "orientation": "NS",
        "row": 250,
        "segment": 0
      },
      "type": "Feature"
    },
    {
      "geometry": {
        "coordinates": [
          [
            6.489035050519576,
            51.07240366256634
          ],
          [
            6.487911887419494,
            51.093133126992846
          ]
        ],
        "type": "LineString"
      },
      "properties": {
        "length_m": 2307.446,
        "orientation": "NS",
        "row": 250,
        "segment": 1
      },
      "type": "Feature"
    },
    {
      "geometry": {
        "coordinates": [
          [
            6.490600030977164,
            51.04677757331374
          ],
          [
            6.489563409892152,
            51.065940183790126
          ]
        ],
        "type": "LineString"
      },
      "properties": {
        "length_m": 2133.024,
        "orientation": "NS",
        "row": 251,
        "segment": 0
      },
      "type": "Feature"
    },
    {
      "geometry": {
        "coordinates": [
          [
            6.489211012963243,
            51.07244967091677
          ],
          [
            6.488089127004715,
            51.093156996020184
          ]
        ],
        "type": "LineString"
      },
      "properties": {
        "length_m": 2304.982,
        "orientation": "NS",
        "row": 251,
        "segment": 1
      },
      "type": "Feature"
    },
    {
      "geometry": {
        "coordinates": [
          [
            6.490771721254535,
            51.046900849840625
          ],
          [
            6.489739774712246,
            51.065978317689186
          ]
        ],
        "type": "LineString"
      },
      "properties": {
        "length_m": 2123.546,
        "orientation": "NS",
        "row": 252,
        "segment": 0
      },
      "type": "Feature"
    },
    {
      "geometry": {
        "coordinates": [
          [
            6.489386975763883,
            51.072495679006714
          ],
          [
            6.488266366781624,
            51.09318086478113
          ]
        ],
        "type": "LineString"
      },
      "properties": {
        "length_m": 2302.517,
        "orientation": "NS",
        "row": 252,
        "segment": 1
      },
      "type": "Feature"
    },
    {
      "geometry": {
        "coordinates": [
          [
            6.490943412441407,
            51.04702412612557
          ],
          [
            6.490068922517922,
            51.063193099087044
          ]
        ],
        "type": "LineString"
      },
      "properties": {
        "length_m": 1799.796,
        "orientation": "NS",
        "row": 253,
        "segment": 0
      },
      "type": "Feature"
    },
    {
      "geometry": {
        "coordinates": [
          [
            6.4900561985387855,
            51.063428249708466
          ],
          [
            6.489916139830684,
            51.06601645132583
          ]
        ],
        "type": "LineString"
      },
      "properties": {
        "length_m": 288.098,
        "orientation": "NS",
        "row": 253,
        "segment": 1
      },
      "type": "Feature"
    },
    {
      "geometry": {
        "coordinates": [
          [
            6.489562938921494,
            51.07254168683617
          ],
          [
            6.488443606750221,
            51.09320473327565
          ]
        ],
        "type": "LineString"
      },
      "properties": {
        "length_m": 2300.052,
        "orientation": "NS",
        "row": 253,
        "segment": 2
      },
      "type": "Feature"
    },
    {
      "geometry": {
        "coordinates": [
          [
            6.491115104537785,
            51.04714740216857
          ],
          [
            6.490259498675196,
            51.062968388468406
          ]
        ],
        "type": "LineString"
      },
      "properties": {
        "length_m": 1761.061,
        "orientation": "NS",
        "row": 254,
        "segment": 0
      },
      "type": "Feature"
    },
    {
      "geometry": {
        "coordinates": [
          [
            6.490227768686044,
            51.06355483070543
          ],
          [
            6.490092505247467,
            51.066054584700005
          ]
        ],
        "type": "LineString"
      },
      "properties": {
        "length_m": 278.252,
        "orientation": "NS",
        "row": 254,
        "segment": 1
      },
      "type": "Feature"
    },
    {
      "geometry": {
        "coordinates": [
          [
            6.489738902436075,
            51.07258769440512
          ],
          [
            6.488620846910504,
            51.093228601503775
          ]
        ],
        "type": "LineString"
      },
      "properties": {
        "length_m": 2297.588,
        "orientation": "NS",
        "row": 254,
        "segment": 2
      },
      "type": "Feature"
    },
    {
      "geometry": {
        "coordinates": [
          [
            6.49128679754368,
            51.047270677969614
          ],
          [
            6.49045003429854,
            51.06274439209804
          ]
        ],
        "type": "LineString"
      },
      "properties": {
        "length_m": 1722.405,
        "orientation": "NS",
        "row": 255,
        "segment": 0
      },
      "type": "Feature"
    },
    {
      "geometry": {
        "coordinates": [
          [
            6.490403558373112,
            51.063603438187535
          ],
          [
            6.490268870962594,
            51.06609271781175
          ]
        ],
        "type": "LineString"
      },
      "properties": {
        "length_m": 277.086,
        "orientation": "NS",
        "row": 255,
        "segment": 1
      },
      "type": "Feature"
    },
    {
      "geometry": {
        "coordinates": [
          [
            6.489914866307624,
            51.072633701713585
          ],
          [
            6.488798087262469,
            51.093252469465476
          ]
        ],
        "type": "LineString"
      },
      "properties": {
        "length_m": 2295.123,
        "orientation": "NS",
        "row": 255,
        "segment": 2
      },
      "type": "Feature"
    },
    {
      "geometry": {
        "coordinates": [
          [
            6.491458491459094,
            51.04739395352871
          ],
          [
            6.490640568054272,
            51.06252039538326
          ]
        ],
        "type": "LineString"
      },
      "properties": {
        "length_m": 1683.749,
        "orientation": "NS",
        "row": 256,
        "segment": 0
      },
      "type": "Feature"
    },
    {
      "geometry": {
        "coordinates": [
          [
            6.490579642193465,
            51.06364661545643
          ],
          [
            6.490445236976061,
            51.066130850661054
          ]
        ],
        "type": "LineString"
      },
      "properties": {
        "length_m": 276.525,
        "orientation": "NS",
        "row": 256,
        "segment": 1
      },
      "type": "Feature"
    },
    {
      "geometry": {
        "coordinates": [
          [
            6.4900913723370355,
            51.07266969903581
          ],
          [
            6.4889753278061155,
            51.093276337160766
          ]
        ],
        "type": "LineString"
      },
      "properties": {
        "length_m": 2293.773,
        "orientation": "NS",
        "row": 256,
        "segment": 2
      },
      "type": "Feature"
    },
    {
      "geometry": {
        "coordinates": [
          [
            6.491630186284038,
            51.04751722884585
          ],
          [
            6.490831099942426,
            51.06229639832404
          ]
        ],
        "type": "LineString"
      },
      "properties": {
        "length_m": 1645.093,
        "orientation": "NS",
        "row": 257,
        "segment": 0
      },
      "type": "Feature"
    },
    {
      "geometry": {
        "coordinates": [
          [
            6.49075572634963,
            51.063689792464174
          ],
          [
            6.49062697218624,
            51.06606974890323
          ]
        ],
        "type": "LineString"
      },
      "properties": {
        "length_m": 264.917,
        "orientation": "NS",
        "row": 257,
        "segment": 1
      },
      "type": "Feature"
    },
    {
      "geometry": {
        "coordinates": [
          [
            6.490270230147725,
            51.07266224928413
          ],
          [
            6.489152568541439,
            51.09330020458966
          ]
        ],
        "type": "LineString"
      },
      "properties": {
        "length_m": 2297.258,
        "orientation": "NS",
        "row": 257,
        "segment": 2
      },
      "type": "Feature"
    },
    {
      "geometry": {
        "coordinates": [
          [
            6.491802595760268,
            51.047627296755024
          ],
          [
            6.491021629963032,
            51.06207240092041
          ]
        ],
        "type": "LineString"
      },
      "properties": {
        "length_m": 1607.908,
        "orientation": "NS",
        "row": 258,
        "segment": 0
      },
      "type": "Feature"
    },
    {
      "geometry": {
        "coordinates": [
          [
            6.490931810841604,
            51.0637329692108
          ],
          [
            6.490816701994537,
            51.06586086040788
          ]
        ],
        "type": "LineString"
      },
      "properties": {
        "length_m": 236.86,
        "orientation": "NS",
        "row": 258,
        "segment": 1
      },
      "type": "Feature"
    },
    {
      "geometry": {
        "coordinates": [
          [
            6.490452149599648,
            51.07259822659937
          ],
          [
            6.489329809468438,
            51.09332407175213
          ]
        ],
        "type": "LineString"
      },
      "properties": {
        "length_m": 2307.041,
        "orientation": "NS",
        "row": 258,
        "segment": 2
      },
      "type": "Feature"
    },
    {
      "geometry": {
        "coordinates": [
          [
            6.491977046306135,
            51.047699608837554
          ],
          [
            6.491212158116122,
            51.06184840317235
          ]
        ],
        "type": "LineString"
      },
      "properties": {
        "length_m": 1574.925,
        "orientation": "NS",
        "row": 259,
        "segment": 0
      },
      "type": "Feature"
    },
    {
      "geometry": {
        "coordinates": [
          [
            6.491107895669387,
            51.06377614569627
          ],
          [
            6.4910064300713115,
            51.065651971573594
          ]
        ],
        "type": "LineString"
      },
      "properties": {
        "length_m": 208.802,
        "orientation": "NS",
        "row": 259,
        "segment": 1
      },
      "type": "Feature"
    },
    {
      "geometry": {
        "coordinates": [
          [
            6.490640923238626,
            51.07240753540732
          ],
          [
            6.489507050587111,
            51.0933479386482
          ]
        ],
        "type": "LineString"
      },
      "properties": {
        "length_m": 2330.924,
        "orientation": "NS",
        "row": 259,
        "segment": 2
      },
      "type": "Feature"
    },
    {
      "geometry": {
        "coordinates": [
          [
            6.492151510921297,
            51.047771670449606
          ],
          [
            6.491402684401729,
            51.061624405079904
          ]
        ],
        "type": "LineString"
      },
      "properties": {
        "length_m": 1541.97,
        "orientation": "NS",
        "row": 260,
        "segment": 0
      },
      "type": "Feature"
    },
    {
      "geometry": {
        "coordinates": [
          [
            6.491283980832975,
            51.063819321920626
          ],
          [
            6.491196156416588,
            51.06544308240037
          ]
        ],
        "type": "LineString"
      },
      "properties": {
        "length_m": 180.744,
        "orientation": "NS",
        "row": 260,
        "segment": 1
      },
      "type": "Feature"
    },
    {
      "geometry": {
        "coordinates": [
          [
            6.4908316819252585,
            51.0721801298366
          ],
          [
            6.489684291897454,
            51.09337180527785
          ]
        ],
        "type": "LineString"
      },
      "properties": {
        "length_m": 2358.893,
        "orientation": "NS",
        "row": 260,
        "segment": 2
      },
      "type": "Feature"
    },
    {
      "geometry": {
        "coordinates": [
          [
            6.4923259760835474,
            51.04784373180782
          ],
          [
            6.491593208819887,
            51.061400406643045
          ]
        ],
        "type": "LineString"
      },
      "properties": {
        "length_m": 1509.015,
        "orientation": "NS",
        "row": 261,
        "segment": 0
      },
      "type": "Feature"
    },
    {
      "geometry": {
        "coordinates": [
          [
            6.491460066332369,
            51.06386249788385
          ],
          [
            6.491385881030395,
            51.06523419288823
          ]
        ],
        "type": "LineString"
      },
      "properties": {
        "length_m": 152.686,
        "orientation": "NS",
        "row": 261,
        "segment": 1
      },
      "type": "Feature"
    },
    {
      "geometry": {
        "coordinates": [
          [
            6.491022438712302,
            51.071952723920106
          ],
          [
            6.489861533399467,
            51.09339567164107
          ]
        ],
        "type": "LineString"
      },
      "properties": {
        "length_m": 2386.862,
        "orientation": "NS",
        "row": 261,
        "segment": 2
      },
      "type": "Feature"
    },
    {
      "geometry": {
        "coordinates": [
          [
            6.492500441792889,
            51.04791579291223
          ],
          [
            6.4917837313706235,
            51.0611764078618
          ]
        ],
        "type": "LineString"
      },
      "properties": {
        "length_m": 1476.06,
        "orientation": "NS",
        "row": 262,
        "segment": 0
      },
      "type": "Feature"
    },
    {
      "geometry": {
        "coordinates": [
          [
            6.491636152167565,
            51.06390567358591
          ],
          [
            6.491575550139026,
            51.06502629736339
          ]
        ],
        "type": "LineString"
      },
      "properties": {
        "length_m": 124.739,
        "orientation": "NS",
        "row": 262,
        "segment": 1
      },
      "type": "Feature"
    },
    {
      "geometry": {
        "coordinates": [
          [
            6.491213193599792,
            51.07172531765783
          ],
          [
            6.490038645759388,
            51.0934219253431
          ]
        ],
        "type": "LineString"
      },
      "properties": {
        "length_m": 2415.097,
        "orientation": "NS",
        "row": 262,
        "segment": 2
      },
      "type": "Feature"
    },
    {
      "geometry": {
        "coordinates": [
          [
            6.49267490804932,
            51.04798785376282
          ],
          [
            6.491974252053973,
            51.060952408736156
          ]
        ],
        "type": "LineString"
      },
      "properties": {
        "length_m": 1443.104,
        "orientation": "NS",
        "row": 263,
        "segment": 0
      },
      "type": "Feature"
    },
    {
      "geometry": {
        "coordinates": [
          [
            6.491812238338564,
            51.063948849026836
          ],
          [
            6.491765176004485,
            51.06481916931984
          ]
        ],
        "type": "LineString"
      },
      "properties": {
        "length_m": 96.877,
        "orientation": "NS",
        "row": 263,
        "segment": 1
      },
      "type": "Feature"
    },
    {
      "geometry": {
        "coordinates": [
          [
            6.491403946587762,
            51.071497911049754
          ],
          [
            6.490214693527722,
            51.09346783722535
          ]
        ],
        "type": "LineString"
      },
      "properties": {
        "length_m": 2445.521,
        "orientation": "NS",
        "row": 263,
        "segment": 2
      },
      "type": "Feature"
    },
    {
      "geometry": {
        "coordinates": [
          [
            6.4928493748528435,
            51.04805991435958
          ],
          [
            6.492164770869969,
            51.060728409266154
          ]
        ],
        "type": "LineString"
      },
      "properties": {
        "length_m": 1410.149,
        "orientation": "NS",
        "row": 264,
        "segment": 0
      },
      "type": "Feature"
    },
    {
      "geometry": {
        "coordinates": [
          [
            6.491988324845365,
            51.06399202420663
          ],
          [
            6.491954800154371,
            51.064612040938016
          ]
        ],
        "type": "LineString"
      },
      "properties": {
        "length_m": 69.015,
        "orientation": "NS",
        "row": 264,
        "segment": 1
      },
      "type": "Feature"
    },
    {
      "geometry": {
        "coordinates": [
          [
            6.491594697676246,
            51.07127050409594
          ],
          [
            6.490390690763059,
            51.09351468843993
          ]
        ],
        "type": "LineString"
      },
      "properties": {
        "length_m": 2476.049,
        "orientation": "NS",
        "row": 264,
        "segment": 2
      },
      "type": "Feature"
    },
    {
      "geometry": {
        "coordinates": [
          [
            6.49302384220346,
            51.04813197470251
          ],
          [
            6.492355287818641,
            51.06050440945178
          ]
        ],
        "type": "LineString"
      },
      "properties": {
        "length_m": 1377.194,
        "orientation": "NS",
        "row": 265,
        "segment": 0
      },
      "type": "Feature"
    },
    {
      "geometry": {
        "coordinates": [
          [
            6.492164411687964,
            51.06403519912527
          ],
          [
            6.492144422588712,
            51.06440491221794
          ]
        ],
        "type": "LineString"
      },
      "properties": {
        "length_m": 41.153,
        "orientation": "NS",
        "row": 265,
        "segment": 1
      },
      "type": "Feature"
    },
    {
      "geometry": {
        "coordinates": [
          [
            6.491785446865273,
            51.07104309679636
          ],
          [
            6.490566688362036,
            51.09356153939405
          ]
        ],
        "type": "LineString"
      },
      "properties": {
        "length_m": 2506.576,
        "orientation": "NS",
        "row": 265,
        "segment": 2
      },
      "type": "Feature"
    },
    {
      "geometry": {
        "coordinates": [
          [
            6.493198310101168,
            51.048204034791624
          ],
          [
            6.492547082287372,
            51.060256739028794
          ]
        ],
        "type": "LineString"
      },
      "properties": {
        "length_m": 1341.604,
        "orientation": "NS",
        "row": 266,
        "segment": 0
      },
      "type": "Feature"
    },
    {
      "geometry": {
        "coordinates": [
          [
            6.492340498866361,
            51.06407837378276
          ],
          [
            6.492334043307532,
            51.064197783159614
          ]
        ],
        "type": "LineString"
      },
      "properties": {
        "length_m": 13.292,
        "orientation": "NS",
        "row": 266,
        "segment": 1
      },
      "type": "Feature"
    },
    {
      "geometry": {
        "coordinates": [
          [
            6.491976194154879,
            51.07081568915103
          ],
          [
            6.490742686324652,
            51.093608390087695
          ]
        ],
        "type": "LineString"
      },
      "properties": {
        "length_m": 2537.104,
        "orientation": "NS",
        "row": 266,
        "segment": 2
      },
      "type": "Feature"
    },
    {
      "geometry": {
        "coordinates": [
          [
            6.493372778545972,
            51.048276094626914
          ],
          [
            6.492739225631681,
            51.06000257450682
          ]
        ],
        "type": "LineString"
      },
      "properties": {
        "length_m": 1305.292,
        "orientation": "NS",
        "row": 267,
        "segment": 0
      },
      "type": "Feature"
    },
    {
      "geometry": {
        "coordinates": [
          [
            6.49238036967473,
            51.06664116736527
          ],
          [
            6.492373205215592,
            51.06677367926596
          ]
        ],
        "type": "LineString"
      },
      "properties": {
        "length_m": 14.75,
        "orientation": "NS",
        "row": 267,
        "segment": 1
      },
      "type": "Feature"
    },
    {
      "geometry": {
        "coordinates": [
          [
            6.492166939545098,
            51.07058828115996
          ],
          [
            6.4909186846509055,
            51.09365524052083
          ]
        ],
        "type": "LineString"
      },
      "properties": {
        "length_m": 2567.632,
        "orientation": "NS",
        "row": 267,
        "segment": 2
      },
      "type": "Feature"
    },
    {
      "geometry": {
        "coordinates": [
          [
            6.493547247537869,
            51.04834815420837
          ],
          [
            6.4929313668323365,
            51.05974840962919
          ]
        ],
        "type": "LineString"
      },
      "properties": {
        "length_m": 1268.979,
        "orientation": "NS",
        "row": 268,
        "segment": 0
      },
      "type": "Feature"
    },
    {
      "geometry": {
        "coordinates": [
          [
            6.492569807016911,
            51.066437586501856
          ],
          [
            6.492548591857087,
            51.06683000598369
          ]
        ],
        "type": "LineString"
      },
      "properties": {
        "length_m": 43.681,
        "orientation": "NS",
        "row": 268,
        "segment": 1
      },
      "type": "Feature"
    },
    {
      "geometry": {
        "coordinates": [
          [
            6.492357683035961,
            51.070360872823144
          ],
          [
            6.491094683340797,
            51.093702090693505
          ]
        ],
        "type": "LineString"
      },
      "properties": {
        "length_m": 2598.16,
        "orientation": "NS",
        "row": 268,
        "segment": 2
      },
      "type": "Feature"
    },
    {
      "geometry": {
        "coordinates": [
          [
            6.493721717076862,
            51.048420213535984
          ],
          [
            6.493123505889382,
            51.05949424439591
          ]
        ],
        "type": "LineString"
      },
      "properties": {
        "length_m": 1232.666,
        "orientation": "NS",
        "row": 269,
        "segment": 0
      },
      "type": "Feature"
    },
    {
      "geometry": {
        "coordinates": [
          [
            6.492759242675179,
            51.066234005301446
          ],
          [
            6.492723978931514,
            51.06688633244354
          ]
        ],
        "type": "LineString"
      },
      "properties": {
        "length_m": 72.612,
        "orientation": "NS",
        "row": 269,
        "segment": 1
      },
      "type": "Feature"
    },
    {
      "geometry": {
        "coordinates": [
          [
            6.492548424627504,
            51.07013346414059
          ],
          [
            6.491270682394322,
            51.09374894060569
          ]
        ],
        "type": "LineString"
      },
      "properties": {
        "length_m": 2628.688,
        "orientation": "NS",
        "row": 269,
        "segment": 2
      },
      "type": "Feature"
    },
    {
      "geometry": {
        "coordinates": [
          [
            6.493896187162951,
            51.048492272609785
          ],
          [
            6.49331564280286,
            51.059240078806994
          ]
        ],
        "type": "LineString"
      },
      "properties": {
        "length_m": 1196.353,
        "orientation": "NS",
        "row": 270,
        "segment": 0
      },
      "type": "Feature"
    },
    {
      "geometry": {
        "coordinates": [
          [
            6.49294867664956,
            51.066030423764055
          ],
          [
            6.492899366438875,
            51.06694265864554
          ]
        ],
        "type": "LineString"
      },
      "properties": {
        "length_m": 101.542,
        "orientation": "NS",
        "row": 270,
        "segment": 1
      },
      "type": "Feature"
    },
    {
      "geometry": {
        "coordinates": [
          [
            6.4927393126837085,
            51.06990331092987
          ],
          [
            6.491446681811481,
            51.093795790257396
          ]
        ],
        "type": "LineString"
      },
      "properties": {
        "length_m": 2659.521,
        "orientation": "NS",
        "row": 270,
        "segment": 2
      },
      "type": "Feature"
    },
    {
      "geometry": {
        "coordinates": [
          [
            6.494070657796138,
            51.04856433142973
          ],
          [
            6.4935077775728125,
            51.058985912862425
          ]
        ],
        "type": "LineString"
      },
      "properties": {
        "length_m": 1160.041,
        "orientation": "NS",
        "row": 271,
        "segment": 0
      },
      "type": "Feature"
    },
    {
      "geometry": {
        "coordinates": [
          [
            6.493138108940079,
            51.06582684188972
          ],
          [
            6.493074754379169,
            51.066998984589674
          ]
        ],
        "type": "LineString"
      },
      "properties": {
        "length_m": 130.473,
        "orientation": "NS",
        "row": 271,
        "segment": 1
      },
      "type": "Feature"
    },
    {
      "geometry": {
        "coordinates": [
          [
            6.492930324525218,
            51.06967083201556
          ],
          [
            6.491622681592274,
            51.09384263964861
          ]
        ],
        "type": "LineString"
      },
      "properties": {
        "length_m": 2690.614,
        "orientation": "NS",
        "row": 271,
        "segment": 2
      },
      "type": "Feature"
    },
    {
      "geometry": {
        "coordinates": [
          [
            6.494245128976424,
            51.04863638999585
          ],
          [
            6.493699910199282,
            51.05873174656226
          ]
        ],
        "type": "LineString"
      },
      "properties": {
        "length_m": 1123.728,
        "orientation": "NS",
        "row": 272,
        "segment": 0
      },
      "type": "Feature"
    },
    {
      "geometry": {
        "coordinates": [
          [
            6.493327539546764,
            51.06562325967839
          ],
          [
            6.493250142752394,
            51.06705531027593
          ]
        ],
        "type": "LineString"
      },
      "properties": {
        "length_m": 159.404,
        "orientation": "NS",
        "row": 272,
        "segment": 1
      },
      "type": "Feature"
    },
    {
      "geometry": {
        "coordinates": [
          [
            6.493121334421308,
            51.06943835275368
          ],
          [
            6.491798681736698,
            51.09388948877932
          ]
        ],
        "type": "LineString"
      },
      "properties": {
        "length_m": 2721.706,
        "orientation": "NS",
        "row": 272,
        "segment": 2
      },
      "type": "Feature"
    },
    {
      "geometry": {
        "coordinates": [
          [
            6.494419600703807,
            51.04870844830813
          ],
          [
            6.4938920406823115,
            51.058477579906466
          ]
        ],
        "type": "LineString"
      },
      "properties": {
        "length_m": 1087.415,
        "orientation": "NS",
        "row": 273,
        "segment": 0
      },
      "type": "Feature"
    },
    {
      "geometry": {
        "coordinates": [
          [
            6.493516968469638,
            51.06541967713012
          ],
          [
            6.49342553155855,
            51.067111635704336
          ]
        ],
        "type": "LineString"
      },
      "properties": {
        "length_m": 188.335,
        "orientation": "NS",
        "row": 273,
        "segment": 1
      },
      "type": "Feature"
    },
    {
      "geometry": {
        "coordinates": [
          [
            6.493312342372014,
            51.06920587314421
          ],
          [
            6.491974682244754,
            51.09393633764955
          ]
        ],
        "type": "LineString"
      },
      "properties": {
        "length_m": 2752.798,
        "orientation": "NS",
        "row": 273,
        "segment": 2
      },
      "type": "Feature"
    },
    {
      "geometry": {
        "coordinates": [
          [
            6.49459407297829,
            51.04878050636657
          ],
          [
            6.494084169021943,
            51.05822341289507
          ]
        ],
        "type": "LineString"
      },
      "properties": {
        "length_m": 1051.103,
        "orientation": "NS",
        "row": 274,
        "segment": 0
      },
      "type": "Feature"
    },
    {
      "geometry": {
        "coordinates": [
          [
            6.493706395708729,
            51.065216094244896
          ],
          [
            6.493600920797637,
            51.067167960874876
          ]
        ],
        "type": "LineString"
      },
      "properties": {
        "length_m": 217.265,
        "orientation": "NS",
        "row": 274,
        "segment": 1
      },
      "type": "Feature"
    },
    {
      "geometry": {
        "coordinates": [
          [
            6.493503348377372,
            51.06897339318717
          ],
          [
            6.492152349621651,
            51.09395239588382
          ]
        ],
        "type": "LineString"
      },
      "properties": {
        "length_m": 2780.463,
        "orientation": "NS",
        "row": 274,
        "segment": 2
      },
      "type": "Feature"
    },
    {
      "geometry": {
        "coordinates": [
          [
            6.494768545799875,
            51.04885256417116
          ],
          [
            6.494276295218219,
            51.057969245528085
          ]
        ],
        "type": "LineString"
      },
      "properties": {
        "length_m": 1014.79,
        "orientation": "NS",
        "row": 275,
        "segment": 0
      },
      "type": "Feature"
    },
    {
      "geometry": {
        "coordinates": [
          [
            6.4938958212640605,
            51.065012511022736
          ],
          [
            6.493776310469653,
            51.06722428578753
          ]
        ],
        "type": "LineString"
      },
      "properties": {
        "length_m": 246.196,
        "orientation": "NS",
        "row": 275,
        "segment": 1
      },
      "type": "Feature"
    },
    {
      "geometry": {
        "coordinates": [
          [
            6.493694352437415,
            51.06874091288256
          ],
          [
            6.4923546889519,
            51.093512578468655
          ]
        ],
        "type": "LineString"
      },
      "properties": {
        "length_m": 2757.383,
        "orientation": "NS",
        "row": 275,
        "segment": 2
      },
      "type": "Feature"
    },
    {
      "geometry": {
        "coordinates": [
          [
            6.49494301916856,
            51.048924621721895
          ],
          [
            6.494464268036112,
            51.057791946691204
          ]
        ],
        "type": "LineString"
      },
      "properties": {
        "length_m": 987.034,
        "orientation": "NS",
        "row": 276,
        "segment": 0
      },
      "type": "Feature"
    },
    {
      "geometry": {
        "coordinates": [
          [
            6.494086080075018,
            51.06479347305115
          ],
          [
            6.4939517005746,
            51.067280610442324
          ]
        ],
        "type": "LineString"
      },
      "properties": {
        "length_m": 276.847,
        "orientation": "NS",
        "row": 276,
        "segment": 1
      },
      "type": "Feature"
    },
    {
      "geometry": {
        "coordinates": [
          [
            6.493885354552179,
            51.0685084322304
          ],
          [
            6.492557024305598,
            51.093072760619236
          ]
        ],
        "type": "LineString"
      },
      "properties": {
        "length_m": 2734.303,
        "orientation": "NS",
        "row": 276,
        "segment": 2
      },
      "type": "Feature"
    },
    {
      "geometry": {
        "coordinates": [
          [
            6.495117493084348,
            51.04899667901879
          ],
          [
            6.494645459812218,
            51.05774019548608
          ]
        ],
        "type": "LineString"
      },
      "properties": {
        "length_m": 973.252,
        "orientation": "NS",
        "row": 277,
        "segment": 0
      },
      "type": "Feature"
    },
    {
      "geometry": {
        "coordinates": [
          [
            6.494276581331714,
            51.06456991303843
          ],
          [
            6.4941270911124755,
            51.06733693483923
          ]
        ],
        "type": "LineString"
      },
      "properties": {
        "length_m": 308.002,
        "orientation": "NS",
        "row": 277,
        "segment": 1
      },
      "type": "Feature"
    },
    {
      "geometry": {
        "coordinates": [
          [
            6.4940763547217,
            51.06827595123068
          ],
          [
            6.49275935568289,
            51.092632942335584
          ]
        ],
        "type": "LineString"
      },
      "properties": {
        "length_m": 2711.224,
        "orientation": "NS",
        "row": 277,
        "segment": 2
      },
      "type": "Feature"
    },
    {
      "geometry": {
        "coordinates": [
          [
            6.495291967547239,
            51.04906873606184
          ],
          [
            6.4948238349156435,
            51.05774060085153
          ]
        ],
        "type": "LineString"
      },
      "properties": {
        "length_m": 965.276,
        "orientation": "NS",
        "row": 278,
        "segment": 0
      },
      "type": "Feature"
    },
    {
      "geometry": {
        "coordinates": [
          [
            6.4944670807247835,
            51.064346352681525
          ],
          [
            6.4943024785656664,
            51.06739332408758
          ]
        ],
        "type": "LineString"
      },
      "properties": {
        "length_m": 339.163,
        "orientation": "NS",
        "row": 278,
        "segment": 1
      },
      "type": "Feature"
    },
    {
      "geometry": {
        "coordinates": [
          [
            6.494267352946011,
            51.06804346988343
          ],
          [
            6.492961683083916,
            51.092193123617704
          ]
        ],
        "type": "LineString"
      },
      "properties": {
        "length_m": 2688.144,
        "orientation": "NS",
        "row": 278,
        "segment": 2
      },
      "type": "Feature"
    },
    {
      "geometry": {
        "coordinates": [
          [
            6.495466442557234,
            51.04914079285105
          ],
          [
            6.495000262228768,
            51.05777708133615
          ]
        ],
        "type": "LineString"
      },
      "properties": {
        "length_m": 961.316,
        "orientation": "NS",
        "row": 279,
        "segment": 0
      },
      "type": "Feature"
    },
    {
      "geometry": {
        "coordinates": [
          [
            6.494657578254259,
            51.06412279198045
          ],
          [
            6.494475453895267,
            51.067494371302914
          ]
        ],
        "type": "LineString"
      },
      "properties": {
        "length_m": 375.296,
        "orientation": "NS",
        "row": 279,
        "segment": 1
      },
      "type": "Feature"
    },
    {
      "geometry": {
        "coordinates": [
          [
            6.494458349225146,
            51.06781098818865
          ],
          [
            6.493164006508822,
            51.09175330446562
          ]
        ],
        "type": "LineString"
      },
      "properties": {
        "length_m": 2665.064,
        "orientation": "NS",
        "row": 279,
        "segment": 2
      },
      "type": "Feature"
    },
    {
      "geometry": {
        "coordinates": [
          [
            6.495640918114334,
            51.04921284938638
          ],
          [
            6.495176531420749,
            51.05781649562479
          ]
        ],
        "type": "LineString"
      },
      "properties": {
        "length_m": 957.683,
        "orientation": "NS",
        "row": 280,
        "segment": 0
      },
      "type": "Feature"
    },
    {
      "geometry": {
        "coordinates": [
          [
            6.494848073920175,
            51.06389923093518
          ],
          [
            6.493366325957749,
            51.09131348487936
          ]
        ],
        "type": "LineString"
      },
      "properties": {
        "length_m": 3051.53,
        "orientation": "NS",
        "row": 280,
        "segment": 1
      },
      "type": "Feature"
    },
    {
      "geometry": {
        "coordinates": [
          [
            6.495815394218538,
            51.04928490566787
          ],
          [
            6.495352800920461,
            51.0578559096514
          ]
        ],
        "type": "LineString"
      },
      "properties": {
        "length_m": 954.049,
        "orientation": "NS",
        "row": 281,
        "segment": 0
      },
      "type": "Feature"
    },
    {
      "geometry": {
        "coordinates": [
          [
            6.495038567722561,
            51.063675669545745
          ],
          [
            6.493568641430841,
            51.090873664858925
          ]
        ],
        "type": "LineString"
      },
      "properties": {
        "length_m": 3027.458,
        "orientation": "NS",
        "row": 281,
        "segment": 1
      },
      "type": "Feature"
    },
    {
      "geometry": {
        "coordinates": [
          [
            6.49598987086985,
            51.0493569616955
          ],
          [
            6.495529070727907,
            51.05789532341594
          ]
        ],
        "type": "LineString"
      },
      "properties": {
        "length_m": 950.415,
        "orientation": "NS",
        "row": 282,
        "segment": 0
      },
      "type": "Feature"
    },
    {
      "geometry": {
        "coordinates": [
          [
            6.495229059661449,
            51.06345210781214
          ],
          [
            6.493765308141055,
            51.09053821795521
          ]
        ],
        "type": "LineString"
      },
      "properties": {
        "length_m": 3015.003,
        "orientation": "NS",
        "row": 282,
        "segment": 1
      },
      "type": "Feature"
    },
    {
      "geometry": {
        "coordinates": [
          [
            6.496164348068268,
            51.049429017469265
          ],
          [
            6.495705340843083,
            51.057934736918426
          ]
        ],
        "type": "LineString"
      },
      "properties": {
        "length_m": 946.782,
        "orientation": "NS",
        "row": 283,
        "segment": 0
      },
      "type": "Feature"
    },
    {
      "geometry": {
        "coordinates": [
          [
            6.495419549736871,
            51.063228545734376
          ],
          [
            6.493948138948473,
            51.09045856653208
          ]
        ],
        "type": "LineString"
      },
      "properties": {
        "length_m": 3031.021,
        "orientation": "NS",
        "row": 283,
        "segment": 1
      },
      "type": "Feature"
    },
    {
      "geometry": {
        "coordinates": [
          [
            6.496338825813793,
            51.04950107298916
          ],
          [
            6.495881611265987,
            51.05797415015884
          ]
        ],
        "type": "LineString"
      },
      "properties": {
        "length_m": 943.148,
        "orientation": "NS",
        "row": 284,
        "segment": 0
      },
      "type": "Feature"
    },
    {
      "geometry": {
        "coordinates": [
          [
            6.495610037948859,
            51.06300498331246
          ],
          [
            6.49412819632633,
            51.090430192260186
          ]
        ],
        "type": "LineString"
      },
      "properties": {
        "length_m": 3052.748,
        "orientation": "NS",
        "row": 284,
        "segment": 1
      },
      "type": "Feature"
    },
    {
      "geometry": {
        "coordinates": [
          [
            6.496513304106428,
            51.04957312825521
          ],
          [
            6.496057881996618,
            51.058013563137195
          ]
        ],
        "type": "LineString"
      },
      "properties": {
        "length_m": 939.515,
        "orientation": "NS",
        "row": 285,
        "segment": 0
      },
      "type": "Feature"
    },
    {
      "geometry": {
        "coordinates": [
          [
            6.495800524297445,
            51.06278142054642
          ],
          [
            6.4943081122760455,
            51.09040442941318
          ]
        ],
        "type": "LineString"
      },
      "properties": {
        "length_m": 3074.765,
        "orientation": "NS",
        "row": 285,
        "segment": 1
      },
      "type": "Feature"
    },
    {
      "geometry": {
        "coordinates": [
          [
            6.496687782946173,
            51.04964518326739
          ],
          [
            6.496234153034974,
            51.05805297585351
          ]
        ],
        "type": "LineString"
      },
      "properties": {
        "length_m": 935.881,
        "orientation": "NS",
        "row": 286,
        "segment": 0
      },
      "type": "Feature"
    },
    {
      "geometry": {
        "coordinates": [
          [
            6.49599100878266,
            51.06255785743623
          ],
          [
            6.494488028034955,
            51.0903786662862
          ]
        ],
        "type": "LineString"
      },
      "properties": {
        "length_m": 3096.782,
        "orientation": "NS",
        "row": 286,
        "segment": 1
      },
      "type": "Feature"
    },
    {
      "geometry": {
        "coordinates": [
          [
            6.496862262333029,
            51.04971723802571
          ],
          [
            6.496410357141546,
            51.05809363434216
          ]
        ],
        "type": "LineString"
      },
      "properties": {
        "length_m": 932.386,
        "orientation": "NS",
        "row": 287,
        "segment": 0
      },
      "type": "Feature"
    },
    {
      "geometry": {
        "coordinates": [
          [
            6.4961814914045375,
            51.06233429398191
          ],
          [
            6.494667943603055,
            51.090352902879246
          ]
        ],
        "type": "LineString"
      },
      "properties": {
        "length_m": 3118.798,
        "orientation": "NS",
        "row": 287,
        "segment": 1
      },
      "type": "Feature"
    },
    {
      "geometry": {
        "coordinates": [
          [
            6.497036742266995,
            51.049789292530136
          ],
          [
            6.496586551932559,
            51.0581344710849
          ]
        ],
        "type": "LineString"
      },
      "properties": {
        "length_m": 928.911,
        "orientation": "NS",
        "row": 288,
        "segment": 0
      },
      "type": "Feature"
    },
    {
      "geometry": {
        "coordinates": [
          [
            6.496371919579923,
            51.06211170446217
          ],
          [
            6.494847858980341,
            51.09032713919235
          ]
        ],
        "type": "LineString"
      },
      "properties": {
        "length_m": 3140.707,
        "orientation": "NS",
        "row": 288,
        "segment": 1
      },
      "type": "Feature"
    },
    {
      "geometry": {
        "coordinates": [
          [
            6.497211222748074,
            51.049861346780695
          ],
          [
            6.4967627470418865,
            51.05817530756593
          ]
        ],
        "type": "LineString"
      },
      "properties": {
        "length_m": 925.436,
        "orientation": "NS",
        "row": 289,
        "segment": 0
      },
      "type": "Feature"
    },
    {
      "geometry": {
        "coordinates": [
          [
            6.4965623379902215,
            51.06188926118209
          ],
          [
            6.495027774166814,
            51.090301375225465
          ]
        ],
        "type": "LineString"
      },
      "properties": {
        "length_m": 3162.599,
        "orientation": "NS",
        "row": 289,
        "segment": 1
      },
      "type": "Feature"
    },
    {
      "geometry": {
        "coordinates": [
          [
            6.497385703776264,
            51.04993340077739
          ],
          [
            6.49693894246953,
            51.05821614378526
          ]
        ],
        "type": "LineString"
      },
      "properties": {
        "length_m": 921.961,
        "orientation": "NS",
        "row": 290,
        "segment": 0
      },
      "type": "Feature"
    },
    {
      "geometry": {
        "coordinates": [
          [
            6.496752754547436,
            51.06166681755828
          ],
          [
            6.495207689162467,
            51.09027561097864
          ]
        ],
        "type": "LineString"
      },
      "properties": {
        "length_m": 3184.491,
        "orientation": "NS",
        "row": 290,
        "segment": 1
      },
      "type": "Feature"
    },
    {
      "geometry": {
        "coordinates": [
          [
            6.49756018535157,
            51.05000545452021
          ],
          [
            6.497117455685412,
            51.058214022141236
          ]
        ],
        "type": "LineString"
      },
      "properties": {
        "length_m": 913.705,
        "orientation": "NS",
        "row": 291,
        "segment": 0
      },
      "type": "Feature"
    },
    {
      "geometry": {
        "coordinates": [
          [
            6.496943169251598,
            51.06144437359079
          ],
          [
            6.495387603967303,
            51.09024984645184
          ]
        ],
        "type": "LineString"
      },
      "properties": {
        "length_m": 3206.384,
        "orientation": "NS",
        "row": 291,
        "segment": 1
      },
      "type": "Feature"
    },
    {
      "geometry": {
        "coordinates": [
          [
            6.4977346674739875,
            51.05007750800915
          ],
          [
            6.497311952066165,
            51.05791560533619
          ]
        ],
        "type": "LineString"
      },
      "properties": {
        "length_m": 872.467,
        "orientation": "NS",
        "row": 292,
        "segment": 0
      },
      "type": "Feature"
    },
    {
      "geometry": {
        "coordinates": [
          [
            6.497133582102738,
            51.06122192927965
          ],
          [
            6.495567518581315,
            51.09022408164509
          ]
        ],
        "type": "LineString"
      },
      "properties": {
        "length_m": 3228.276,
        "orientation": "NS",
        "row": 292,
        "segment": 1
      },
      "type": "Feature"
    },
    {
      "geometry": {
        "coordinates": [
          [
            6.497909150143523,
            51.050149561244204
          ],
          [
            6.49750644588834,
            51.05761718815838
          ]
        ],
        "type": "LineString"
      },
      "properties": {
        "length_m": 831.229,
        "orientation": "NS",
        "row": 293,
        "segment": 0
      },
      "type": "Feature"
    },
    {
      "geometry": {
        "coordinates": [
          [
            6.497325197369068,
            51.06097716214184
          ],
          [
            6.495747433004503,
            51.090198316558364
          ]
        ],
        "type": "LineString"
      },
      "properties": {
        "length_m": 3252.653,
        "orientation": "NS",
        "row": 293,
        "segment": 1
      },
      "type": "Feature"
    },
    {
      "geometry": {
        "coordinates": [
          [
            6.498083633360175,
            51.05022161422538
          ],
          [
            6.497700937151995,
            51.057318770607814
          ]
        ],
        "type": "LineString"
      },
      "properties": {
        "length_m": 789.992,
        "orientation": "NS",
        "row": 294,
        "segment": 0
      },
      "type": "Feature"
    },
    {
      "geometry": {
        "coordinates": [
          [
            6.497517437618993,
            51.060720770740886
          ],
          [
            6.495927347236864,
            51.0901725511917
          ]
        ],
        "type": "LineString"
      },
      "properties": {
        "length_m": 3278.323,
        "orientation": "NS",
        "row": 294,
        "segment": 1
      },
      "type": "Feature"
    },
    {
      "geometry": {
        "coordinates": [
          [
            6.498258117123943,
            51.05029366695267
          ],
          [
            6.497893728136096,
            51.05705183351351
          ]
        ],
        "type": "LineString"
      },
      "properties": {
        "length_m": 752.258,
        "orientation": "NS",
        "row": 295,
        "segment": 0
      },
      "type": "Feature"
    },
    {
      "geometry": {
        "coordinates": [
          [
            6.497709675704916,
            51.060464378983575
          ],
          [
            6.496107261278396,
            51.090146785545066
          ]
        ],
        "type": "LineString"
      },
      "properties": {
        "length_m": 3303.994,
        "orientation": "NS",
        "row": 295,
        "segment": 1
      },
      "type": "Feature"
    },
    {
      "geometry": {
        "coordinates": [
          [
            6.4984326014348275,
            51.050365719426075
          ],
          [
            6.498094182182189,
            51.05664274524667
          ]
        ],
        "type": "LineString"
      },
      "properties": {
        "length_m": 698.702,
        "orientation": "NS",
        "row": 296,
        "segment": 0
      },
      "type": "Feature"
    },
    {
      "geometry": {
        "coordinates": [
          [
            6.497901911626881,
            51.06020798686989
          ],
          [
            6.496287175129095,
            51.09012101961847
          ]
        ],
        "type": "LineString"
      },
      "properties": {
        "length_m": 3329.665,
        "orientation": "NS",
        "row": 296,
        "segment": 1
      },
      "type": "Feature"
    },
    {
      "geometry": {
        "coordinates": [
          [
            6.498607086292833,
            51.05043777164558
          ],
          [
            6.498292710667931,
            51.05626930121833
          ]
        ],
        "type": "LineString"
      },
      "properties": {
        "length_m": 649.113,
        "orientation": "NS",
        "row": 297,
        "segment": 0
      },
      "type": "Feature"
    },
    {
      "geometry": {
        "coordinates": [
          [
            6.498094118826648,
            51.059952086857784
          ],
          [
            6.49646708878896,
            51.090095253411924
          ]
        ],
        "type": "LineString"
      },
      "properties": {
        "length_m": 3355.281,
        "orientation": "NS",
        "row": 297,
        "segment": 1
      },
      "type": "Feature"
    },
    {
      "geometry": {
        "coordinates": [
          [
            6.498781571697957,
            51.050509823611215
          ],
          [
            6.498490286288375,
            51.0559134696649
          ]
        ],
        "type": "LineString"
      },
      "properties": {
        "length_m": 601.485,
        "orientation": "NS",
        "row": 298,
        "segment": 0
      },
      "type": "Feature"
    },
    {
      "geometry": {
        "coordinates": [
          [
            6.498285026850526,
            51.059720238520455
          ],
          [
            6.496647002257989,
            51.09006948692543
          ]
        ],
        "type": "LineString"
      },
      "properties": {
        "length_m": 3378.22,
        "orientation": "NS",
        "row": 298,
        "segment": 1
      },
      "type": "Feature"
    },
    {
      "geometry": {
        "coordinates": [
          [
            6.498955987939812,
            51.05058316881038
          ],
          [
            6.49869331413677,
            51.05545644155497
          ]
        ],
        "type": "LineString"
      },
      "properties": {
        "length_m": 542.449,
        "orientation": "NS",
        "row": 299,
        "segment": 0
      },
      "type": "Feature"
    },
    {
      "geometry": {
        "coordinates": [
          [
            6.498475932936185,
            51.059488389836034
          ],
          [
            6.496826915536177,
            51.09004372015898
          ]
        ],
        "type": "LineString"
      },
      "properties": {
        "length_m": 3401.159,
        "orientation": "NS",
        "row": 299,
        "segment": 1
      },
      "type": "Feature"
    },
    {
      "geometry": {
        "coordinates": [
          [
            6.499130253984097,
            51.05065931120913
          ],
          [
            6.498897171106862,
            51.05498395439123
          ]
        ],
        "type": "LineString"
      },
      "properties": {
        "length_m": 481.38,
        "orientation": "NS",
        "row": 300,
        "segment": 0
      },
      "type": "Feature"
    },
    {
      "geometry": {
        "coordinates": [
          [
            6.498666837083658,
            51.059256540804526
          ],
          [
            6.497006828623525,
            51.09001795311256
          ]
        ],
        "type": "LineString"
      },
      "properties": {
        "length_m": 3424.097,
        "orientation": "NS",
        "row": 300,
        "segment": 1
      },
      "type": "Feature"
    },
    {
      "geometry": {
        "coordinates": [
          [
            6.4993045206050635,
            51.050735453354974
          ],
          [
            6.4991016652788,
            51.05449956441872
          ]
        ],
        "type": "LineString"
      },
      "properties": {
        "length_m": 418.987,
        "orientation": "NS",
        "row": 301,
        "segment": 0
      },
      "type": "Feature"
    },
    {
      "geometry": {
        "coordinates": [
          [
            6.49885773929298,
            51.059024691425925
          ],
          [
            6.497186741520029,
            51.089992185786194
          ]
        ],
        "type": "LineString"
      },
      "properties": {
        "length_m": 3447.036,
        "orientation": "NS",
        "row": 301,
        "segment": 1
      },
      "type": "Feature"
    },
    {
      "geometry": {
        "coordinates": [
          [
            6.49947875625502,
            51.050812180738156
          ],
          [
            6.499315339573663,
            51.053844749265856
          ]
        ],
        "type": "LineString"
      },
      "properties": {
        "length_m": 337.558,
        "orientation": "NS",
        "row": 302,
        "segment": 0
      },
      "type": "Feature"
    },
    {
      "geometry": {
        "coordinates": [
          [
            6.499050841433691,
            51.0587519961088
          ],
          [
            6.497366654225685,
            51.08996641817987
          ]
        ],
        "type": "LineString"
      },
      "properties": {
        "length_m": 3474.521,
        "orientation": "NS",
        "row": 302,
        "segment": 1
      },
      "type": "Feature"
    },
    {
      "geometry": {
        "coordinates": [
          [
            6.4996528817646,
            51.05089096287039
          ],
          [
            6.499563950794125,
            51.05254145534934
          ]
        ],
        "type": "LineString"
      },
      "properties": {
        "length_m": 183.718,
        "orientation": "NS",
        "row": 303,
        "segment": 0
      },
      "type": "Feature"
    },
    {
      "geometry": {
        "coordinates": [
          [
            6.499244779847312,
            51.05846374288611
          ],
          [
            6.497546566740493,
            51.089940650293606
          ]
        ],
        "type": "LineString"
      },
      "properties": {
        "length_m": 3503.738,
        "orientation": "NS",
        "row": 303,
        "segment": 1
      },
      "type": "Feature"
    },
    {
      "geometry": {
        "coordinates": [
          [
            6.499438715798973,
            51.05817548929475
          ],
          [
            6.497726479064449,
            51.08991488212739
          ]
        ],
        "type": "LineString"
      },
      "properties": {
        "length_m": 3532.955,
        "orientation": "NS",
        "row": 304,
        "segment": 0
      },
      "type": "Feature"
    },
    {
      "geometry": {
        "coordinates": [
          [
            6.4996326492887295,
            51.057887235334725
          ],
          [
            6.497906391197551,
            51.08988911368121
          ]
        ],
        "type": "LineString"
      },
      "properties": {
        "length_m": 3562.172,
        "orientation": "NS",
        "row": 305,
        "segment": 0
      },
      "type": "Feature"
    },
    {
      "geometry": {
        "coordinates": [
          [
            6.49982658031664,
            51.05759898100606
          ],
          [
            6.498099888237928,
            51.08961171150467
          ]
        ],
        "type": "LineString"
      },
      "properties": {
        "length_m": 3563.38,
        "orientation": "NS",
        "row": 306,
        "segment": 0
      },
      "type": "Feature"
    },
    {
      "geometry": {
        "coordinates": [
          [
            6.50003895934857,
            51.056968308160016
          ],
          [
            6.498283316207574,
            51.08952078875352
          ]
        ],
        "type": "LineString"
      },
      "properties": {
        "length_m": 3623.459,
        "orientation": "NS",
        "row": 307,
        "segment": 0
      },
      "type": "Feature"
    },
    {
      "geometry": {
        "coordinates": [
          [
            6.5002394957287155,
            51.05655733186877
          ],
          [
            6.498463095638791,
            51.08949744414495
          ]
        ],
        "type": "LineString"
      },
      "properties": {
        "length_m": 3666.606,
        "orientation": "NS",
        "row": 308,
        "segment": 0
      },
      "type": "Feature"
    },
    {
      "geometry": {
        "coordinates": [
          [
            6.500443617437422,
            51.05607973429264
          ],
          [
            6.4986420153328135,
            51.08949002442323
          ]
        ],
        "type": "LineString"
      },
      "properties": {
        "length_m": 3718.942,
        "orientation": "NS",
        "row": 309,
        "segment": 0
      },
      "type": "Feature"
    },
    {
      "geometry": {
        "coordinates": [
          [
            6.5006496088914,
            51.05556734453465
          ],
          [
            6.498820934979137,
            51.08948260442668
          ]
        ],
        "type": "LineString"
      },
      "properties": {
        "length_m": 3775.15,
        "orientation": "NS",
        "row": 310,
        "segment": 0
      },
      "type": "Feature"
    },
    {
      "geometry": {
        "coordinates": [
          [
            6.500856526878428,
            51.05503766406278
          ],
          [
            6.49899985457776,
            51.08947518415532
          ]
        ],
        "type": "LineString"
      },
      "properties": {
        "length_m": 3833.282,
        "orientation": "NS",
        "row": 311,
        "segment": 0
      },
      "type": "Feature"
    },
    {
      "geometry": {
        "coordinates": [
          [
            6.501067522078156,
            51.05443218493508
          ],
          [
            6.499178774128679,
            51.08946776360915
          ]
        ],
        "type": "LineString"
      },
      "properties": {
        "length_m": 3899.852,
        "orientation": "NS",
        "row": 312,
        "segment": 0
      },
      "type": "Feature"
    },
    {
      "geometry": {
        "coordinates": [
          [
            6.501303561131601,
            51.05336152075174
          ],
          [
            6.499357693631892,
            51.08946034278816
          ]
        ],
        "type": "LineString"
      },
      "properties": {
        "length_m": 4018.202,
        "orientation": "NS",
        "row": 313,
        "segment": 0
      },
      "type": "Feature"
    },
    {
      "geometry": {
        "coordinates": [
          [
            6.501572813722325,
            51.051673743816956
          ],
          [
            6.499536613087394,
            51.08945292169237
          ]
        ],
        "type": "LineString"
      },
      "properties": {
        "length_m": 4205.243,
        "orientation": "NS",
        "row": 314,
        "segment": 0
      },
      "type": "Feature"
    },
    {
      "geometry": {
        "coordinates": [
          [
            6.501747391501058,
            51.05174424913246
          ],
          [
            6.499715532495185,
            51.089445500321744
          ]
        ],
        "type": "LineString"
      },
      "properties": {
        "length_m": 4196.569,
        "orientation": "NS",
        "row": 315,
        "segment": 0
      },
      "type": "Feature"
    },
    {
      "geometry": {
        "coordinates": [
          [
            6.50192207748677,
            51.051812754053834
          ],
          [
            6.49989445185526,
            51.089438078676324
          ]
        ],
        "type": "LineString"
      },
      "properties": {
        "length_m": 4188.117,
        "orientation": "NS",
        "row": 316,
        "segment": 0
      },
      "type": "Feature"
    },
    {
      "geometry": {
        "coordinates": [
          [
            6.502096763993933,
            51.05188125872042
          ],
          [
            6.500073371167618,
            51.08943065675607
          ]
        ],
        "type": "LineString"
      },
      "properties": {
        "length_m": 4179.665,
        "orientation": "NS",
        "row": 317,
        "segment": 0
      },
      "type": "Feature"
    },
    {
      "geometry": {
        "coordinates": [
          [
            6.502271451022547,
            51.05194976313222
          ],
          [
            6.500252290432254,
            51.08942323456103
          ]
        ],
        "type": "LineString"
      },
      "properties": {
        "length_m": 4171.212,
        "orientation": "NS",
        "row": 318,
        "segment": 0
      },
      "type": "Feature"
    },
    {
      "geometry": {
        "coordinates": [
          [
            6.502445997898589,
            51.052020881035936
          ],
          [
            6.500431209649169,
            51.08941581209116
          ]
        ],
        "type": "LineString"
      },
      "properties": {
        "length_m": 4162.47,
        "orientation": "NS",
        "row": 319,
        "segment": 0
      },
      "type": "Feature"
    },
    {
      "geometry": {
        "coordinates": [
          [
            6.5026205307294305,
            51.0520922697068
          ],
          [
            6.500610128818356,
            51.08940838934649
          ]
        ],
        "type": "LineString"
      },
      "properties": {
        "length_m": 4153.696,
        "orientation": "NS",
        "row": 320,
        "segment": 0
      },
      "type": "Feature"
    },
    {
      "geometry": {
        "coordinates": [
          [
            6.502795064102648,
            51.05216365812357
          ],
          [
            6.500789047939815,
            51.08940096632699
          ]
        ],
        "type": "LineString"
      },
      "properties": {
        "length_m": 4144.923,
        "orientation": "NS",
        "row": 321,
        "segment": 0
      },
      "type": "Feature"
    },
    {
      "geometry": {
        "coordinates": [
          [
            6.502969597865088,
            51.052235049132406
          ],
          [
            6.500967967013541,
            51.0893935430327
          ]
        ],
        "type": "LineString"
      },
      "properties": {
        "length_m": 4136.15,
        "orientation": "NS",
        "row": 322,
        "segment": 0
      },
      "type": "Feature"
    },
    {
      "geometry": {
        "coordinates": [
          [
            6.503144041838463,
            51.05230811871321
          ],
          [
            6.501146886039534,
            51.08938611946359
          ]
        ],
        "type": "LineString"
      },
      "properties": {
        "length_m": 4127.19,
        "orientation": "NS",
        "row": 323,
        "segment": 0
      },
      "type": "Feature"
    },
    {
      "geometry": {
        "coordinates": [
          [
            6.50331848636639,
            51.052381188040314
          ],
          [
            6.501325805017789,
            51.08937869561967
          ]
        ],
        "type": "LineString"
      },
      "properties": {
        "length_m": 4118.229,
        "orientation": "NS",
        "row": 324,
        "segment": 0
      },
      "type": "Feature"
    },
    {
      "geometry": {
        "coordinates": [
          [
            6.503492931448868,
            51.05245425711372
          ],
          [
            6.501504723948305,
            51.089371271500944
          ]
        ],
        "type": "LineString"
      },
      "properties": {
        "length_m": 4109.269,
        "orientation": "NS",
        "row": 325,
        "segment": 0
      },
      "type": "Feature"
    },
    {
      "geometry": {
        "coordinates": [
          [
            6.503667377085896,
            51.05252732593343
          ],
          [
            6.501683642831077,
            51.08936384710738
          ]
        ],
        "type": "LineString"
      },
      "properties": {
        "length_m": 4100.309,
        "orientation": "NS",
        "row": 326,
        "segment": 0
      },
      "type": "Feature"
    },
    {
      "geometry": {
        "coordinates": [
          [
            6.5038418232774795,
            51.052600394499436
          ],
          [
            6.501862561666103,
            51.08935642243903
          ]
        ],
        "type": "LineString"
      },
      "properties": {
        "length_m": 4091.348,
        "orientation": "NS",
        "row": 327,
        "segment": 0
      },
      "type": "Feature"
    },
    {
      "geometry": {
        "coordinates": [
          [
            6.504016270023617,
            51.05267346281175
          ],
          [
            6.502041480453382,
            51.08934899749587
          ]
        ],
        "type": "LineString"
      },
      "properties": {
        "length_m": 4082.388,
        "orientation": "NS",
        "row": 328,
        "segment": 0
      },
      "type": "Feature"
    },
    {
      "geometry": {
        "coordinates": [
          [
            6.50419071732431,
            51.05274653087033
          ],
          [
            6.502220399192909,
            51.08934157227788
          ]
        ],
        "type": "LineString"
      },
      "properties": {
        "length_m": 4073.428,
        "orientation": "NS",
        "row": 329,
        "segment": 0
      },
      "type": "Feature"
    },
    {
      "geometry": {
        "coordinates": [
          [
            6.50436516517956,
            51.05281959867521
          ],
          [
            6.502399124134628,
            51.089337741817026
          ]
        ],
        "type": "LineString"
      },
      "properties": {
        "length_m": 4064.868,
        "orientation": "NS",
        "row": 330,
        "segment": 0
      },
      "type": "Feature"
    },
    {
      "geometry": {
        "coordinates": [
          [
            6.504539613589365,
            51.05289266622639
          ],
          [
            6.502575808600972,
            51.089371774402224
          ]
        ],
        "type": "LineString"
      },
      "properties": {
        "length_m": 4060.522,
        "orientation": "NS",
        "row": 331,
        "segment": 0
      },
      "type": "Feature"
    },
    {
      "geometry": {
        "coordinates": [
          [
            6.504714062553728,
            51.05296573352384
          ],
          [
            6.502748456894075,
            51.08948071314478
          ]
        ],
        "type": "LineString"
      },
      "properties": {
        "length_m": 4064.514,
        "orientation": "NS",
        "row": 332,
        "segment": 0
      },
      "type": "Feature"
    },
    {
      "geometry": {
        "coordinates": [
          [
            6.504888512072652,
            51.05303880056759
          ],
          [
            6.502920831293448,
            51.08959474982114
          ]
        ],
        "type": "LineString"
      },
      "properties": {
        "length_m": 4069.074,
        "orientation": "NS",
        "row": 333,
        "segment": 0
      },
      "type": "Feature"
    },
    {
      "geometry": {
        "coordinates": [
          [
            6.505062876361936,
            51.05311346285369
          ],
          [
            6.503100629934247,
            51.089571008154664
          ]
        ],
        "type": "LineString"
      },
      "properties": {
        "length_m": 4058.12,
        "orientation": "NS",
        "row": 334,
        "segment": 0
      },
      "type": "Feature"
    },
    {
      "geometry": {
        "coordinates": [
          [
            6.505237231536798,
            51.05318830494596
          ],
          [
            6.503280428400091,
            51.08954726620884
          ]
        ],
        "type": "LineString"
      },
      "properties": {
        "length_m": 4047.146,
        "orientation": "NS",
        "row": 335,
        "segment": 0
      },
      "type": "Feature"
    },
    {
      "geometry": {
        "coordinates": [
          [
            6.505411587279059,
            51.05326314678494
          ],
          [
            6.503460226690979,
            51.08952352398366
          ]
        ],
        "type": "LineString"
      },
      "properties": {
        "length_m": 4036.172,
        "orientation": "NS",
        "row": 336,
        "segment": 0
      },
      "type": "Feature"
    },
    {
      "geometry": {
        "coordinates": [
          [
            6.5055859435887164,
            51.053337988370636
          ],
          [
            6.503640024806908,
            51.08949978147912
          ]
        ],
        "type": "LineString"
      },
      "properties": {
        "length_m": 4025.198,
        "orientation": "NS",
        "row": 337,
        "segment": 0
      },
      "type": "Feature"
    },
    {
      "geometry": {
        "coordinates": [
          [
            6.505760300465774,
            51.05341282970304
          ],
          [
            6.503819822747876,
            51.089476038695224
          ]
        ],
        "type": "LineString"
      },
      "properties": {
        "length_m": 4014.224,
        "orientation": "NS",
        "row": 338,
        "segment": 0
      },
      "type": "Feature"
    },
    {
      "geometry": {
        "coordinates": [
          [
            6.50593465791023,
            51.05348767078212
          ],
          [
            6.503999620513882,
            51.08945229563198
          ]
        ],
        "type": "LineString"
      },
      "properties": {
        "length_m": 4003.25,
        "orientation": "NS",
        "row": 339,
        "segment": 0
      },
      "type": "Feature"
    },
    {
      "geometry": {
        "coordinates": [
          [
            6.506109015922088,
            51.053562511607915
          ],
          [
            6.50417941810492,
            51.08942855228938
          ]
        ],
        "type": "LineString"
      },
      "properties": {
        "length_m": 3992.276,
        "orientation": "NS",
        "row": 340,
        "segment": 0
      },
      "type": "Feature"
    },
    {
      "geometry": {
        "coordinates": [
          [
            6.506283374501349,
            51.05363735218039
          ],
          [
            6.5043592155209895,
            51.08940480866741
          ]
        ],
        "type": "LineString"
      },
      "properties": {
        "length_m": 3981.302,
        "orientation": "NS",
        "row": 341,
        "segment": 0
      },
      "type": "Feature"
    },
    {
      "geometry": {
        "coordinates": [
          [
            6.506457733648012,
            51.05371219249956
          ],
          [
            6.5045390127620895,
            51.089381064766094
          ]
        ],
        "type": "LineString"
      },
      "properties": {
        "length_m": 3970.328,
        "orientation": "NS",
        "row": 342,
        "segment": 0
      },
      "type": "Feature"
    },
    {
      "geometry": {
        "coordinates": [
          [
            6.5066320933620805,
            51.053787032565424
          ],
          [
            6.504718809828214,
            51.08935732058542
          ]
        ],
        "type": "LineString"
      },
      "properties": {
        "length_m": 3959.354,
        "orientation": "NS",
        "row": 343,
        "segment": 0
      },
      "type": "Feature"
    },
    {
      "geometry": {
        "coordinates": [
          [
            6.506806453643552,
            51.05386187237798
          ],
          [
            6.504898606719362,
            51.089333576125405
          ]
        ],
        "type": "LineString"
      },
      "properties": {
        "length_m": 3948.38,
        "orientation": "NS",
        "row": 344,
        "segment": 0
      },
      "type": "Feature"
    },
    {
      "geometry": {
        "coordinates": [
          [
            6.5069808105442934,
            51.05393678542287
          ],
          [
            6.505077560614372,
            51.089325486753694
          ]
        ],
        "type": "LineString"
      },
      "properties": {
        "length_m": 3939.141,
        "orientation": "NS",
        "row": 345,
        "segment": 0
      },
      "type": "Feature"
    },
    {
      "geometry": {
        "coordinates": [
          [
            6.507155167303043,
            51.054011711429034
          ],
          [
            6.505255442307211,
            51.08933731365028
          ]
        ],
        "type": "LineString"
      },
      "properties": {
        "length_m": 3932.117,
        "orientation": "NS",
        "row": 346,
        "segment": 0
      },
      "type": "Feature"
    },
    {
      "geometry": {
        "coordinates": [
          [
            6.507329524629831,
            51.054086637181896
          ],
          [
            6.505433324100253,
            51.08934914027729
          ]
        ],
        "type": "LineString"
      },
      "properties": {
        "length_m": 3925.093,
        "orientation": "NS",
        "row": 347,
        "segment": 0
      },
      "type": "Feature"
    },
    {
      "geometry": {
        "coordinates": [
          [
            6.507503882524652,
            51.05416156268147
          ],
          [
            6.505611205993494,
            51.08936096663469
          ]
        ],
        "type": "LineString"
      },
      "properties": {
        "length_m": 3918.069,
        "orientation": "NS",
        "row": 348,
        "segment": 0
      },
      "type": "Feature"
    },
    {
      "geometry": {
        "coordinates": [
          [
            6.507678240987512,
            51.05423648792774
          ],
          [
            6.505789087986933,
            51.08937279272252
          ]
        ],
        "type": "LineString"
      },
      "properties": {
        "length_m": 3911.044,
        "orientation": "NS",
        "row": 349,
        "segment": 0
      },
      "type": "Feature"
    },
    {
      "geometry": {
        "coordinates": [
          [
            6.50785260001841,
            51.05431141292071
          ],
          [
            6.505966970080566,
            51.089384618540755
          ]
        ],
        "type": "LineString"
      },
      "properties": {
        "length_m": 3904.02,
        "orientation": "NS",
        "row": 350,
        "segment": 0
      },
      "type": "Feature"
    },
    {
      "geometry": {
        "coordinates": [
          [
            6.5080269596173475,
            51.05438633766037
          ],
          [
            6.506144852274393,
            51.08939644408938
          ]
        ],
        "type": "LineString"
      },
      "properties": {
        "length_m": 3896.996,
        "orientation": "NS",
        "row": 351,
        "segment": 0
      },
      "type": "Feature"
    },
    {
      "geometry": {
        "coordinates": [
          [
            6.508201319784326,
            51.05446126214673
          ],
          [
            6.506322734568409,
            51.08940826936843
          ]
        ],
        "type": "LineString"
      },
      "properties": {
        "length_m": 3889.972,
        "orientation": "NS",
        "row": 352,
        "segment": 0
      },
      "type": "Feature"
    },
    {
      "geometry": {
        "coordinates": [
          [
            6.508375680519344,
            51.05453618637978
          ],
          [
            6.506500616962611,
            51.08942009437787
          ]
        ],
        "type": "LineString"
      },
      "properties": {
        "length_m": 3882.948,
        "orientation": "NS",
        "row": 353,
        "segment": 0
      },
      "type": "Feature"
    },
    {
      "geometry": {
        "coordinates": [
          [
            6.5085500418224065,
            51.0546111103595
          ],
          [
            6.506678499456997,
            51.089431919117715
          ]
        ],
        "type": "LineString"
      },
      "properties": {
        "length_m": 3875.924,
        "orientation": "NS",
        "row": 354,
        "segment": 0
      },
      "type": "Feature"
    },
    {
      "geometry": {
        "coordinates": [
          [
            6.508724403693512,
            51.05468603408593
          ],
          [
            6.5068563820515655,
            51.08944374358796
          ]
        ],
        "type": "LineString"
      },
      "properties": {
        "length_m": 3868.9,
        "orientation": "NS",
        "row": 355,
        "segment": 0
      },
      "type": "Feature"
    },
    {
      "geometry": {
        "coordinates": [
          [
            6.508898766132663,
            51.05476095755903
          ],
          [
            6.507034264746312,
            51.08945556778862
          ]
        ],
        "type": "LineString"
      },
      "properties": {
        "length_m": 3861.876,
        "orientation": "NS",
        "row": 356,
        "segment": 0
      },
      "type": "Feature"
    },
    {
      "geometry": {
        "coordinates": [
          [
            6.5090731291398605,
            51.05483588077881
          ],
          [
            6.507212147541234,
            51.08946739171967
          ]
        ],
        "type": "LineString"
      },
      "properties": {
        "length_m": 3854.852,
        "orientation": "NS",
        "row": 357,
        "segment": 0
      },
      "type": "Feature"
    },
    {
      "geometry": {
        "coordinates": [
          [
            6.509247492715104,
            51.05491080374529
          ],
          [
            6.507390030436331,
            51.08947921538114
          ]
        ],
        "type": "LineString"
      },
      "properties": {
        "length_m": 3847.827,
        "orientation": "NS",
        "row": 358,
        "segment": 0
      },
      "type": "Feature"
    },
    {
      "geometry": {
        "coordinates": [
          [
            6.5094218568583955,
            51.05498572645842
          ],
          [
            6.507567913431599,
            51.08949103877301
          ]
        ],
        "type": "LineString"
      },
      "properties": {
        "length_m": 3840.803,
        "orientation": "NS",
        "row": 359,
        "segment": 0
      },
      "type": "Feature"
    },
    {
      "geometry": {
        "coordinates": [
          [
            6.509596221569738,
            51.05506064891824
          ],
          [
            6.507745796527034,
            51.08950286189527
          ]
        ],
        "type": "LineString"
      },
      "properties": {
        "length_m": 3833.779,
        "orientation": "NS",
        "row": 360,
        "segment": 0
      },
      "type": "Feature"
    },
    {
      "geometry": {
        "coordinates": [
          [
            6.509770586849129,
            51.055135571124744
          ],
          [
            6.507923679722635,
            51.089514684747925
          ]
        ],
        "type": "LineString"
      },
      "properties": {
        "length_m": 3826.755,
        "orientation": "NS",
        "row": 361,
        "segment": 0
      },
      "type": "Feature"
    },
    {
      "geometry": {
        "coordinates": [
          [
            6.509944952696571,
            51.05521049307791
          ],
          [
            6.508101563018401,
            51.08952650733101
          ]
        ],
        "type": "LineString"
      },
      "properties": {
        "length_m": 3819.731,
        "orientation": "NS",
        "row": 362,
        "segment": 0
      },
      "type": "Feature"
    },
    {
      "geometry": {
        "coordinates": [
          [
            6.51011931911207,
            51.055285414777735
          ],
          [
            6.508279446414325,
            51.089538329644476
          ]
        ],
        "type": "LineString"
      },
      "properties": {
        "length_m": 3812.707,
        "orientation": "NS",
        "row": 363,
        "segment": 0
      },
      "type": "Feature"
    },
    {
      "geometry": {
        "coordinates": [
          [
            6.510293686095619,
            51.055360336224226
          ],
          [
            6.5084573299104065,
            51.08955015168836
          ]
        ],
        "type": "LineString"
      },
      "properties": {
        "length_m": 3805.683,
        "orientation": "NS",
        "row": 364,
        "segment": 0
      },
      "type": "Feature"
    },
    {
      "geometry": {
        "coordinates": [
          [
            6.510468053647224,
            51.05543525741739
          ],
          [
            6.508635213506644,
            51.08956197346264
          ]
        ],
        "type": "LineString"
      },
      "properties": {
        "length_m": 3798.659,
        "orientation": "NS",
        "row": 365,
        "segment": 0
      },
      "type": "Feature"
    },
    {
      "geometry": {
        "coordinates": [
          [
            6.510642430334977,
            51.05551001865576
          ],
          [
            6.508813097203035,
            51.08957379496729
          ]
        ],
        "type": "LineString"
      },
      "properties": {
        "length_m": 3791.652,
        "orientation": "NS",
        "row": 366,
        "segment": 0
      },
      "type": "Feature"
    },
    {
      "geometry": {
        "coordinates": [
          [
            6.510817052633997,
            51.05558021192822
          ],
          [
            6.508990980999574,
            51.08958561620236
          ]
        ],
        "type": "LineString"
      },
      "properties": {
        "length_m": 3785.155,
        "orientation": "NS",
        "row": 367,
        "segment": 0
      },
      "type": "Feature"
    },
    {
      "geometry": {
        "coordinates": [
          [
            6.510991675466854,
            51.05565040494617
          ],
          [
            6.50916886489626,
            51.08959743716785
          ]
        ],
        "type": "LineString"
      },
      "properties": {
        "length_m": 3778.657,
        "orientation": "NS",
        "row": 368,
        "segment": 0
      },
      "type": "Feature"
    },
    {
      "geometry": {
        "coordinates": [
          [
            6.511166298833546,
            51.05572059770968
          ],
          [
            6.509346748893091,
            51.08960925786372
          ]
        ],
        "type": "LineString"
      },
      "properties": {
        "length_m": 3772.159,
        "orientation": "NS",
        "row": 369,
        "segment": 0
      },
      "type": "Feature"
    },
    {
      "geometry": {
        "coordinates": [
          [
            6.511340922734072,
            51.055790790218694
          ],
          [
            6.509524632990065,
            51.089621078289994
          ]
        ],
        "type": "LineString"
      },
      "properties": {
        "length_m": 3765.661,
        "orientation": "NS",
        "row": 370,
        "segment": 0
      },
      "type": "Feature"
    },
    {
      "geometry": {
        "coordinates": [
          [
            6.511515547168437,
            51.05586098247321
          ],
          [
            6.5097025171871765,
            51.08963289844666
          ]
        ],
        "type": "LineString"
      },
      "properties": {
        "length_m": 3759.163,
        "orientation": "NS",
        "row": 371,
        "segment": 0
      },
      "type": "Feature"
    },
    {
      "geometry": {
        "coordinates": [
          [
            6.511690172136637,
            51.05593117447329
          ],
          [
            6.509880401484424,
            51.08964471833373
          ]
        ],
        "type": "LineString"
      },
      "properties": {
        "length_m": 3752.665,
        "orientation": "NS",
        "row": 372,
        "segment": 0
      },
      "type": "Feature"
    },
    {
      "geometry": {
        "coordinates": [
          [
            6.511864797638678,
            51.056001366218844
          ],
          [
            6.510058285881806,
            51.0896565379512
          ]
        ],
        "type": "LineString"
      },
      "properties": {
        "length_m": 3746.167,
        "orientation": "NS",
        "row": 373,
        "segment": 0
      },
      "type": "Feature"
    },
    {
      "geometry": {
        "coordinates": [
          [
            6.512039423674556,
            51.05607155770992
          ],
          [
            6.51023617037932,
            51.08966835729906
          ]
        ],
        "type": "LineString"
      },
      "properties": {
        "length_m": 3739.669,
        "orientation": "NS",
        "row": 374,
        "segment": 0
      },
      "type": "Feature"
    },
    {
      "geometry": {
        "coordinates": [
          [
            6.512214050244273,
            51.0561417489465
          ],
          [
            6.5104140549769625,
            51.08968017637732
          ]
        ],
        "type": "LineString"
      },
      "properties": {
        "length_m": 3733.171,
        "orientation": "NS",
        "row": 375,
        "segment": 0
      },
      "type": "Feature"
    },
    {
      "geometry": {
        "coordinates": [
          [
            6.512388677347831,
            51.056211939928595
          ],
          [
            6.51059193967473,
            51.08969199518598
          ]
        ],
        "type": "LineString"
      },
      "properties": {
        "length_m": 3726.673,
        "orientation": "NS",
        "row": 376,
        "segment": 0
      },
      "type": "Feature"
    },
    {
      "geometry": {
        "coordinates": [
          [
            6.512563304985228,
            51.05628213065621
          ],
          [
            6.5107698244726215,
            51.08970381372502
          ]
        ],
        "type": "LineString"
      },
      "properties": {
        "length_m": 3720.176,
        "orientation": "NS",
        "row": 377,
        "segment": 0
      },
      "type": "Feature"
    },
    {
      "geometry": {
        "coordinates": [
          [
            6.512737933156469,
            51.05635232112929
          ],
          [
            6.510947709370633,
            51.08971563199448
          ]
        ],
        "type": "LineString"
      },
      "properties": {
        "length_m": 3713.678,
        "orientation": "NS",
        "row": 378,
        "segment": 0
      },
      "type": "Feature"
    },
    {
      "geometry": {
        "coordinates": [
          [
            6.51291256186155,
            51.056422511347904
          ],
          [
            6.511125594368762,
            51.08972744999432
          ]
        ],
        "type": "LineString"
      },
      "properties": {
        "length_m": 3707.18,
        "orientation": "NS",
        "row": 379,
        "segment": 0
      },
      "type": "Feature"
    },
    {
      "geometry": {
        "coordinates": [
          [
            6.513087191100474,
            51.05649270131201
          ],
          [
            6.511303479467007,
            51.08973926772455
          ]
        ],
        "type": "LineString"
      },
      "properties": {
        "length_m": 3700.682,
        "orientation": "NS",
        "row": 380,
        "segment": 0
      },
      "type": "Feature"
    },
    {
      "geometry": {
        "coordinates": [
          [
            6.513261820873241,
            51.05656289102161
          ],
          [
            6.511481364665365,
            51.0897510851852
          ]
        ],
        "type": "LineString"
      },
      "properties": {
        "length_m": 3694.184,
        "orientation": "NS",
        "row": 381,
        "segment": 0
      },
      "type": "Feature"
    },
    {
      "geometry": {
        "coordinates": [
          [
            6.513436451179851,
            51.05663308047671
          ],
          [
            6.511659249963832,
            51.08976290237623
          ]
        ],
        "type": "LineString"
      },
      "properties": {
        "length_m": 3687.686,
        "orientation": "NS",
        "row": 382,
        "segment": 0
      },
      "type": "Feature"
    },
    {
      "geometry": {
        "coordinates": [
          [
            6.513611082020307,
            51.056703269677314
          ],
          [
            6.511837135362408,
            51.08977471929764
          ]
        ],
        "type": "LineString"
      },
      "properties": {
        "length_m": 3681.188,
        "orientation": "NS",
        "row": 383,
        "segment": 0
      },
      "type": "Feature"
    },
    {
      "geometry": {
        "coordinates": [
          [
            6.513785713394608,
            51.05677345862339
          ],
          [
            6.512015020861087,
            51.08978653594946
          ]
        ],
        "type": "LineString"
      },
      "properties": {
        "length_m": 3674.69,
        "orientation": "NS",
        "row": 384,
        "segment": 0
      },
      "type": "Feature"
    },
    {
      "geometry": {
        "coordinates": [
          [
            6.5139603453027535,
            51.05684364731497
          ],
          [
            6.51219290645987,
            51.08979835233167
          ]
        ],
        "type": "LineString"
      },
      "properties": {
        "length_m": 3668.192,
        "orientation": "NS",
        "row": 385,
        "segment": 0
      },
      "type": "Feature"
    },
    {
      "geometry": {
        "coordinates": [
          [
            6.514134977744747,
            51.056913835752034
          ],
          [
            6.51237079215875,
            51.08981016844427
          ]
        ],
        "type": "LineString"
      },
      "properties": {
        "length_m": 3661.695,
        "orientation": "NS",
        "row": 386,
        "segment": 0
      },
      "type": "Feature"
    },
    {
      "geometry": {
        "coordinates": [
          [
            6.514309610720586,
            51.05698402393459
          ],
          [
            6.512548677957727,
            51.089821984287255
          ]
        ],
        "type": "LineString"
      },
      "properties": {
        "length_m": 3655.197,
        "orientation": "NS",
        "row": 387,
        "segment": 0
      },
      "type": "Feature"
    },
    {
      "geometry": {
        "coordinates": [
          [
            6.514484244230274,
            51.057054211862614
          ],
          [
            6.512726563856798,
            51.089833799860656
          ]
        ],
        "type": "LineString"
      },
      "properties": {
        "length_m": 3648.699,
        "orientation": "NS",
        "row": 388,
        "segment": 0
      },
      "type": "Feature"
    },
    {
      "geometry": {
        "coordinates": [
          [
            6.51465887827381,
            51.05712439953613
          ],
          [
            6.512904449855962,
            51.08984561516442
          ]
        ],
        "type": "LineString"
      },
      "properties": {
        "length_m": 3642.201,
        "orientation": "NS",
        "row": 389,
        "segment": 0
      },
      "type": "Feature"
    },
    {
      "geometry": {
        "coordinates": [
          [
            6.514833512851196,
            51.05719458695512
          ],
          [
            6.5130823359552155,
            51.0898574301986
          ]
        ],
        "type": "LineString"
      },
      "properties": {
        "length_m": 3635.703,
        "orientation": "NS",
        "row": 390,
        "segment": 0
      },
      "type": "Feature"
    },
    {
      "geometry": {
        "coordinates": [
          [
            6.515008153796865,
            51.057264665186594
          ],
          [
            6.5132599636390545,
            51.08987406260183
          ]
        ],
        "type": "LineString"
      },
      "properties": {
        "length_m": 3629.753,
        "orientation": "NS",
        "row": 391,
        "segment": 0
      },
      "type": "Feature"
    },
    {
      "geometry": {
        "coordinates": [
          [
            6.5151827967766796,
            51.05733471513531
          ],
          [
            6.51343508145603,
            51.08993747386721
          ]
        ],
        "type": "LineString"
      },
      "properties": {
        "length_m": 3629.014,
        "orientation": "NS",
        "row": 392,
        "segment": 0
      },
      "type": "Feature"
    },
    {
      "geometry": {
        "coordinates": [
          [
            6.51535744028935,
            51.05740476482949
          ],
          [
            6.513608084318313,
            51.090040313089716
          ]
        ],
        "type": "LineString"
      },
      "properties": {
        "length_m": 3632.663,
        "orientation": "NS",
        "row": 393,
        "segment": 0
      },
      "type": "Feature"
    },
    {
      "geometry": {
        "coordinates": [
          [
            6.515532084334879,
            51.057474814269085
          ],
          [
            6.513781082993722,
            51.09014324443827
          ]
        ],
        "type": "LineString"
      },
      "properties": {
        "length_m": 3636.323,
        "orientation": "NS",
        "row": 394,
        "segment": 0
      },
      "type": "Feature"
    },
    {
      "geometry": {
        "coordinates": [
          [
            6.5157067289132655,
            51.057544863454126
          ],
          [
            6.513954082438691,
            51.09024617553969
          ]
        ],
        "type": "LineString"
      },
      "properties": {
        "length_m": 3639.983,
        "orientation": "NS",
        "row": 395,
        "segment": 0
      },
      "type": "Feature"
    },
    {
      "geometry": {
        "coordinates": [
          [
            6.515881374024513,
            51.05761491238458
          ],
          [
            6.514127082653221,
            51.090349106393944
          ]
        ],
        "type": "LineString"
      },
      "properties": {
        "length_m": 3643.642,
        "orientation": "NS",
        "row": 396,
        "segment": 0
      },
      "type": "Feature"
    },
    {
      "geometry": {
        "coordinates": [
          [
            6.516056019668619,
            51.05768496106049
          ],
          [
            6.51430000415167,
            51.09045351886804
          ]
        ],
        "type": "LineString"
      },
      "properties": {
        "length_m": 3647.467,
        "orientation": "NS",
        "row": 397,
        "segment": 0
      },
      "type": "Feature"
    },
    {
      "geometry": {
        "coordinates": [
          [
            6.514064613262031,
            51.094841405438345
          ],
          [
            6.514062274621652,
            51.094884994138575
          ]
        ],
        "type": "LineString"
      },
      "properties": {
        "length_m": 4.852,
        "orientation": "NS",
        "row": 397,
        "segment": 1
      },
      "type": "Feature"
    },
    {
      "geometry": {
        "coordinates": [
          [
            6.516230665845585,
            51.05775500948182
          ],
          [
            6.514241290113139,
            51.09487612250702
          ]
        ],
        "type": "LineString"
      },
      "properties": {
        "length_m": 4131.951,
        "orientation": "NS",
        "row": 398,
        "segment": 0
      },
      "type": "Feature"
    },
    {
      "geometry": {
        "coordinates": [
          [
            6.516405312555413,
            51.057825057648586
          ],
          [
            6.514420305545598,
            51.09486725060022
          ]
        ],
        "type": "LineString"
      },
      "properties": {
        "length_m": 4123.166,
        "orientation": "NS",
        "row": 399,
        "segment": 0
      },
      "type": "Feature"
    },
    {
      "geometry": {
        "coordinates": [
          [
            6.516579959798102,
            51.05789510556079
          ],
          [
            6.5145993209190225,
            51.094858378418174
          ]
        ],
        "type": "LineString"
      },
      "properties": {
        "length_m": 4114.381,
        "orientation": "NS",
        "row": 400,
        "segment": 0
      },
      "type": "Feature"
    },
    {
      "geometry": {
        "coordinates": [
          [
            6.516754607573653,
            51.057965153218426
          ],
          [
            6.51477764438588,
            51.09486240466232
          ]
        ],
        "type": "LineString"
      },
      "properties": {
        "length_m": 4107.032,
        "orientation": "NS",
        "row": 401,
        "segment": 0
      },
      "type": "Feature"
    },
    {
      "geometry": {
        "coordinates": [
          [
            6.516929279734429,
            51.058034754948416
          ],
          [
            6.514954959630855,
            51.09488522985786
          ]
        ],
        "type": "LineString"
      },
      "properties": {
        "length_m": 4101.824,
        "orientation": "NS",
        "row": 402,
        "segment": 0
      },
      "type": "Feature"
    },
    {
      "geometry": {
        "coordinates": [
          [
            6.517104032032636,
            51.05810286887854
          ],
          [
            6.515132275059563,
            51.09490805478662
          ]
        ],
        "type": "LineString"
      },
      "properties": {
        "length_m": 4096.783,
        "orientation": "NS",
        "row": 403,
        "segment": 0
      },
      "type": "Feature"
    },
    {
      "geometry": {
        "coordinates": [
          [
            6.517278784849668,
            51.05817098255361
          ],
          [
            6.515309590672003,
            51.09493087944863
          ]
        ],
        "type": "LineString"
      },
      "properties": {
        "length_m": 4091.741,
        "orientation": "NS",
        "row": 404,
        "segment": 0
      },
      "type": "Feature"
    },
    {
      "geometry": {
        "coordinates": [
          [
            6.517453538185524,
            51.05823909597365
          ],
          [
            6.515486906468169,
            51.0949537038439
          ]
        ],
        "type": "LineString"
      },
      "properties": {
        "length_m": 4086.699,
        "orientation": "NS",
        "row": 405,
        "segment": 0
      },
      "type": "Feature"
    },
    {
      "geometry": {
        "coordinates": [
          [
            6.517628292040203,
            51.05830720913863
          ],
          [
            6.515664222448061,
            51.09497652797239
          ]
        ],
        "type": "LineString"
      },
      "properties": {
        "length_m": 4081.658,
        "orientation": "NS",
        "row": 406,
        "segment": 0
      },
      "type": "Feature"
    },
    {
      "geometry": {
        "coordinates": [
          [
            6.517803046413709,
            51.05837532204855
          ],
          [
            6.515841538611679,
            51.09499935183411
          ]
        ],
        "type": "LineString"
      },
      "properties": {
        "length_m": 4076.616,
        "orientation": "NS",
        "row": 407,
        "segment": 0
      },
      "type": "Feature"
    },
    {
      "geometry": {
        "coordinates": [
          [
            6.51797780130604,
            51.05844343470343
          ],
          [
            6.5160188549590154,
            51.09502217542908
          ]
        ],
        "type": "LineString"
      },
      "properties": {
        "length_m": 4071.575,
        "orientation": "NS",
        "row": 408,
        "segment": 0
      },
      "type": "Feature"
    },
    {
      "geometry": {
        "coordinates": [
          [
            6.518152556717196,
            51.05851154710326
          ],
          [
            6.516196171490071,
            51.09504499875729
          ]
        ],
        "type": "LineString"
      },
      "properties": {
        "length_m": 4066.533,
        "orientation": "NS",
        "row": 409,
        "segment": 0
      },
      "type": "Feature"
    },
    {
      "geometry": {
        "coordinates": [
          [
            6.518327312647179,
            51.058579659248025
          ],
          [
            6.516373488204844,
            51.09506782181874
          ]
        ],
        "type": "LineString"
      },
      "properties": {
        "length_m": 4061.491,
        "orientation": "NS",
        "row": 410,
        "segment": 0
      },
      "type": "Feature"
    },
    {
      "geometry": {
        "coordinates": [
          [
            6.518502489083191,
            51.058639919014006
          ],
          [
            6.516550805103331,
            51.095090644613414
          ]
        ],
        "type": "LineString"
      },
      "properties": {
        "length_m": 4057.324,
        "orientation": "NS",
        "row": 411,
        "segment": 0
      },
      "type": "Feature"
    },
    {
      "geometry": {
        "coordinates": [
          [
            6.518680100954958,
            51.05865465080673
          ],
          [
            6.51672812218553,
            51.09511346714132
          ]
        ],
        "type": "LineString"
      },
      "properties": {
        "length_m": 4058.224,
        "orientation": "NS",
        "row": 412,
        "segment": 0
      },
      "type": "Feature"
    },
    {
      "geometry": {
        "coordinates": [
          [
            6.51886029762282,
            51.058621052047016
          ],
          [
            6.516905439451438,
            51.09513628940246
          ]
        ],
        "type": "LineString"
      },
      "properties": {
        "length_m": 4064.503,
        "orientation": "NS",
        "row": 413,
        "segment": 0
      },
      "type": "Feature"
    },
    {
      "geometry": {
        "coordinates": [
          [
            6.519043779558979,
            51.05852601300374
          ],
          [
            6.517085682344044,
            51.09510451969268
          ]
        ],
        "type": "LineString"
      },
      "properties": {
        "length_m": 4071.545,
        "orientation": "NS",
        "row": 414,
        "segment": 0
      },
      "type": "Feature"
    },
    {
      "geometry": {
        "coordinates": [
          [
            6.519227904674116,
            51.058418931106885
          ],
          [
            6.517266025158592,
            51.095070880470416
          ]
        ],
        "type": "LineString"
      },
      "properties": {
        "length_m": 4079.72,
        "orientation": "NS",
        "row": 415,
        "segment": 0
      },
      "type": "Feature"
    },
    {
      "geometry": {
        "coordinates": [
          [
            6.519412028940713,
            51.05831184890617
          ],
          [
            6.51744619028217,
            51.09504055263072
          ]
        ],
        "type": "LineString"
      },
      "properties": {
        "length_m": 4088.262,
        "orientation": "NS",
        "row": 416,
        "segment": 0
      },
      "type": "Feature"
    },
    {
      "geometry": {
        "coordinates": [
          [
            6.519596152358774,
            51.058204766401644
          ],
          [
            6.517624390609983,
            51.095046893475946
          ]
        ],
        "type": "LineString"
      },
      "properties": {
        "length_m": 4100.887,
        "orientation": "NS",
        "row": 417,
        "segment": 0
      },
      "type": "Feature"
    },
    {
      "geometry": {
        "coordinates": [
          [
            6.519780274928305,
            51.058097683593274
          ],
          [
            6.517800347235554,
            51.09509511707455
          ]
        ],
        "type": "LineString"
      },
      "properties": {
        "length_m": 4118.174,
        "orientation": "NS",
        "row": 418,
        "segment": 0
      },
      "type": "Feature"
    },
    {
      "geometry": {
        "coordinates": [
          [
            6.519964396649309,
            51.05799060048111
          ],
          [
            6.517975999442212,
            51.09514903019476
          ]
        ],
        "type": "LineString"
      },
      "properties": {
        "length_m": 4136.093,
        "orientation": "NS",
        "row": 419,
        "segment": 0
      },
      "type": "Feature"
    },
    {
      "geometry": {
        "coordinates": [
          [
            6.520148517521792,
            51.057883517065115
          ],
          [
            6.51815165206472,
            51.09520294305611
          ]
        ],
        "type": "LineString"
      },
      "properties": {
        "length_m": 4154.013,
        "orientation": "NS",
        "row": 420,
        "segment": 0
      },
      "type": "Feature"
    },
    {
      "geometry": {
        "coordinates": [
          [
            6.520332637545759,
            51.0577764333453
          ],
          [
            6.518834781619586,
            51.08577954828508
          ]
        ],
        "type": "LineString"
      },
      "properties": {
        "length_m": 3117.014,
        "orientation": "NS",
        "row": 421,
        "segment": 0
      },
      "type": "Feature"
    },
    {
      "geometry": {
        "coordinates": [
          [
            6.518812130416117,
            51.08620267769713
          ],
          [
            6.518326416102596,
            51.09527345353838
          ]
        ],
        "type": "LineString"
      },
      "properties": {
        "length_m": 1009.668,
        "orientation": "NS",
        "row": 421,
        "segment": 1
      },
      "type": "Feature"
    },
    {
      "geometry": {
        "coordinates": [
          [
            6.5205167567212134,
            51.057669349321685
          ],
          [
            6.519021458956744,
            51.08562686060042
          ]
        ],
        "type": "LineString"
      },
      "properties": {
        "length_m": 3111.937,
        "orientation": "NS",
        "row": 422,
        "segment": 0
      },
      "type": "Feature"
    },
    {
      "geometry": {
        "coordinates": [
          [
            6.5189869634633135,
            51.086271291903984
          ],
          [
            6.51848841518545,
            51.095582313425695
          ]
        ],
        "type": "LineString"
      },
      "properties": {
        "length_m": 1036.41,
        "orientation": "NS",
        "row": 422,
        "segment": 1
      },
      "type": "Feature"
    },
    {
      "geometry": {
        "coordinates": [
          [
            6.520731190216897,
            51.056994955047664
          ],
          [
            6.5207196737666475,
            51.05721047298831
          ]
        ],
        "type": "LineString"
      },
      "properties": {
        "length_m": 23.989,
        "orientation": "NS",
        "row": 423,
        "segment": 0
      },
      "type": "Feature"
    },
    {
      "geometry": {
        "coordinates": [
          [
            6.520701050927822,
            51.057558973682646
          ],
          [
            6.519208135056679,
            51.08547417259679
          ]
        ],
        "type": "LineString"
      },
      "properties": {
        "length_m": 3107.227,
        "orientation": "NS",
        "row": 423,
        "segment": 1
      },
      "type": "Feature"
    },
    {
      "geometry": {
        "coordinates": [
          [
            6.519162724966093,
            51.086322569719435
          ],
          [
            6.518649290067471,
            51.095912203632054
          ]
        ],
        "type": "LineString"
      },
      "properties": {
        "length_m": 1067.422,
        "orientation": "NS",
        "row": 423,
        "segment": 2
      },
      "type": "Feature"
    },
    {
      "geometry": {
        "coordinates": [
          [
            6.520913171151652,
            51.05692781249221
          ],
          [
            6.519394809919405,
            51.08532148427421
          ]
        ],
        "type": "LineString"
      },
      "properties": {
        "length_m": 3160.485,
        "orientation": "NS",
        "row": 424,
        "segment": 0
      },
      "type": "Feature"
    },
    {
      "geometry": {
        "coordinates": [
          [
            6.519338486865077,
            51.086373847275446
          ],
          [
            6.518826028357797,
            51.09594591098302
          ]
        ],
        "type": "LineString"
      },
      "properties": {
        "length_m": 1065.466,
        "orientation": "NS",
        "row": 424,
        "segment": 1
      },
      "type": "Feature"
    },
    {
      "geometry": {
        "coordinates": [
          [
            6.521095151566153,
            51.05686066964523
          ],
          [
            6.519581483544937,
            51.085168795632676
          ]
        ],
        "type": "LineString"
      },
      "properties": {
        "length_m": 3150.963,
        "orientation": "NS",
        "row": 425,
        "segment": 0
      },
      "type": "Feature"
    },
    {
      "geometry": {
        "coordinates": [
          [
            6.519514249160268,
            51.086425124572
          ],
          [
            6.519002766913788,
            51.095979618070025
          ]
        ],
        "type": "LineString"
      },
      "properties": {
        "length_m": 1063.51,
        "orientation": "NS",
        "row": 425,
        "segment": 1
      },
      "type": "Feature"
    },
    {
      "geometry": {
        "coordinates": [
          [
            6.521277131460403,
            51.05679352650671
          ],
          [
            6.519768155933283,
            51.08501610667221
          ]
        ],
        "type": "LineString"
      },
      "properties": {
        "length_m": 3141.44,
        "orientation": "NS",
        "row": 426,
        "segment": 0
      },
      "type": "Feature"
    },
    {
      "geometry": {
        "coordinates": [
          [
            6.519690011851662,
            51.08647640160912
          ],
          [
            6.519179505735439,
            51.096013324893065
          ]
        ],
        "type": "LineString"
      },
      "properties": {
        "length_m": 1061.554,
        "orientation": "NS",
        "row": 426,
        "segment": 1
      },
      "type": "Feature"
    },
    {
      "geometry": {
        "coordinates": [
          [
            6.5214591108343996,
            51.056726383076644
          ],
          [
            6.519954827084461,
            51.084863417392796
          ]
        ],
        "type": "LineString"
      },
      "properties": {
        "length_m": 3131.917,
        "orientation": "NS",
        "row": 427,
        "segment": 0
      },
      "type": "Feature"
    },
    {
      "geometry": {
        "coordinates": [
          [
            6.519865774939258,
            51.08652767838679
          ],
          [
            6.51935624482275,
            51.09604703145211
          ]
        ],
        "type": "LineString"
      },
      "properties": {
        "length_m": 1059.598,
        "orientation": "NS",
        "row": 427,
        "segment": 1
      },
      "type": "Feature"
    },
    {
      "geometry": {
        "coordinates": [
          [
            6.521641089688142,
            51.05665923935506
          ],
          [
            6.520141496998481,
            51.08471072779446
          ]
        ],
        "type": "LineString"
      },
      "properties": {
        "length_m": 3122.395,
        "orientation": "NS",
        "row": 428,
        "segment": 0
      },
      "type": "Feature"
    },
    {
      "geometry": {
        "coordinates": [
          [
            6.5200415384230554,
            51.08657895490502
          ],
          [
            6.519532984175718,
            51.09608073774721
          ]
        ],
        "type": "LineString"
      },
      "properties": {
        "length_m": 1057.643,
        "orientation": "NS",
        "row": 428,
        "segment": 1
      },
      "type": "Feature"
    },
    {
      "geometry": {
        "coordinates": [
          [
            6.521823068021631,
            51.05659209534194
          ],
          [
            6.520328165675356,
            51.08455803787719
          ]
        ],
        "type": "LineString"
      },
      "properties": {
        "length_m": 3112.872,
        "orientation": "NS",
        "row": 429,
        "segment": 0
      },
      "type": "Feature"
    },
    {
      "geometry": {
        "coordinates": [
          [
            6.520217302303054,
            51.086630231163774
          ],
          [
            6.5197097237943415,
            51.096114443778326
          ]
        ],
        "type": "LineString"
      },
      "properties": {
        "length_m": 1055.687,
        "orientation": "NS",
        "row": 429,
        "segment": 1
      },
      "type": "Feature"
    },
    {
      "geometry": {
        "coordinates": [
          [
            6.522005045834868,
            51.05652495103729
          ],
          [
            6.520514833115099,
            51.08440534764101
          ]
        ],
        "type": "LineString"
      },
      "properties": {
        "length_m": 3103.35,
        "orientation": "NS",
        "row": 430,
        "segment": 0
      },
      "type": "Feature"
    },
    {
      "geometry": {
        "coordinates": [
          [
            6.520393066579254,
            51.08668150716308
          ],
          [
            6.519886463678619,
            51.096148149545485
          ]
        ],
        "type": "LineString"
      },
      "properties": {
        "length_m": 1053.731,
        "orientation": "NS",
        "row": 430,
        "segment": 1
      },
      "type": "Feature"
    },
    {
      "geometry": {
        "coordinates": [
          [
            6.522183754550201,
            51.05651901177782
          ],
          [
            6.520701499317725,
            51.08425265708589
          ]
        ],
        "type": "LineString"
      },
      "properties": {
        "length_m": 3087.014,
        "orientation": "NS",
        "row": 431,
        "segment": 0
      },
      "type": "Feature"
    },
    {
      "geometry": {
        "coordinates": [
          [
            6.520568831251653,
            51.08673278290292
          ],
          [
            6.520063203828547,
            51.09618185504867
          ]
        ],
        "type": "LineString"
      },
      "properties": {
        "length_m": 1051.775,
        "orientation": "NS",
        "row": 431,
        "segment": 1
      },
      "type": "Feature"
    },
    {
      "geometry": {
        "coordinates": [
          [
            6.522352185961167,
            51.056705530464626
          ],
          [
            6.520888978296281,
            51.084084746553366
          ]
        ],
        "type": "LineString"
      },
      "properties": {
        "length_m": 3047.563,
        "orientation": "NS",
        "row": 432,
        "segment": 0
      },
      "type": "Feature"
    },
    {
      "geometry": {
        "coordinates": [
          [
            6.52074459632025,
            51.08678405838333
          ],
          [
            6.520239944244127,
            51.096215560287874
          ]
        ],
        "type": "LineString"
      },
      "properties": {
        "length_m": 1049.819,
        "orientation": "NS",
        "row": 432,
        "segment": 1
      },
      "type": "Feature"
    },
    {
      "geometry": {
        "coordinates": [
          [
            6.522520618708793,
            51.056892048921895
          ],
          [
            6.521077739700329,
            51.083892830509484
          ]
        ],
        "type": "LineString"
      },
      "properties": {
        "length_m": 3005.439,
        "orientation": "NS",
        "row": 433,
        "segment": 0
      },
      "type": "Feature"
    },
    {
      "geometry": {
        "coordinates": [
          [
            6.520920361785044,
            51.086835333604256
          ],
          [
            6.520416684925352,
            51.09624926526309
          ]
        ],
        "type": "LineString"
      },
      "properties": {
        "length_m": 1047.863,
        "orientation": "NS",
        "row": 433,
        "segment": 1
      },
      "type": "Feature"
    },
    {
      "geometry": {
        "coordinates": [
          [
            6.522689040691343,
            51.057078793800805
          ],
          [
            6.521266499524032,
            51.08370091413324
          ]
        ],
        "type": "LineString"
      },
      "properties": {
        "length_m": 2963.29,
        "orientation": "NS",
        "row": 434,
        "segment": 0
      },
      "type": "Feature"
    },
    {
      "geometry": {
        "coordinates": [
          [
            6.521096127646036,
            51.086886608565734
          ],
          [
            6.520593425872225,
            51.096282969974354
          ]
        ],
        "type": "LineString"
      },
      "properties": {
        "length_m": 1045.907,
        "orientation": "NS",
        "row": 434,
        "segment": 1
      },
      "type": "Feature"
    },
    {
      "geometry": {
        "coordinates": [
          [
            6.522855919398181,
            51.0572944689498
          ],
          [
            6.5214552577674105,
            51.08350899742463
          ]
        ],
        "type": "LineString"
      },
      "properties": {
        "length_m": 2917.921,
        "orientation": "NS",
        "row": 435,
        "segment": 0
      },
      "type": "Feature"
    },
    {
      "geometry": {
        "coordinates": [
          [
            6.521271893903222,
            51.086937883267744
          ],
          [
            6.52077016708474,
            51.09631667442164
          ]
        ],
        "type": "LineString"
      },
      "properties": {
        "length_m": 1043.951,
        "orientation": "NS",
        "row": 435,
        "segment": 1
      },
      "type": "Feature"
    },
    {
      "geometry": {
        "coordinates": [
          [
            6.523022799630014,
            51.057510143874595
          ],
          [
            6.521644014430488,
            51.08331708038368
          ]
        ],
        "type": "LineString"
      },
      "properties": {
        "length_m": 2872.552,
        "orientation": "NS",
        "row": 436,
        "segment": 0
      },
      "type": "Feature"
    },
    {
      "geometry": {
        "coordinates": [
          [
            6.5214476605566025,
            51.086989157710306
          ],
          [
            6.520946908562899,
            51.09635037860493
          ]
        ],
        "type": "LineString"
      },
      "properties": {
        "length_m": 1041.996,
        "orientation": "NS",
        "row": 436,
        "segment": 1
      },
      "type": "Feature"
    },
    {
      "geometry": {
        "coordinates": [
          [
            6.523192065741348,
            51.057681154443344
          ],
          [
            6.521832769513288,
            51.083125163010386
          ]
        ],
        "type": "LineString"
      },
      "properties": {
        "length_m": 2832.154,
        "orientation": "NS",
        "row": 437,
        "segment": 0
      },
      "type": "Feature"
    },
    {
      "geometry": {
        "coordinates": [
          [
            6.521623427606179,
            51.087040431893385
          ],
          [
            6.521123650306698,
            51.09638408252426
          ]
        ],
        "type": "LineString"
      },
      "properties": {
        "length_m": 1040.04,
        "orientation": "NS",
        "row": 437,
        "segment": 1
      },
      "type": "Feature"
    },
    {
      "geometry": {
        "coordinates": [
          [
            6.523367261380779,
            51.057741107564794
          ],
          [
            6.522021523015831,
            51.08293324530473
          ]
        ],
        "type": "LineString"
      },
      "properties": {
        "length_m": 2804.118,
        "orientation": "NS",
        "row": 438,
        "segment": 0
      },
      "type": "Feature"
    },
    {
      "geometry": {
        "coordinates": [
          [
            6.521799195051948,
            51.087091705816995
          ],
          [
            6.521300392316134,
            51.09641778617959
          ]
        ],
        "type": "LineString"
      },
      "properties": {
        "length_m": 1038.084,
        "orientation": "NS",
        "row": 438,
        "segment": 1
      },
      "type": "Feature"
    },
    {
      "geometry": {
        "coordinates": [
          [
            6.523545239876559,
            51.05774893279176
          ],
          [
            6.522210274938139,
            51.08274132726677
          ]
        ],
        "type": "LineString"
      },
      "properties": {
        "length_m": 2781.885,
        "orientation": "NS",
        "row": 439,
        "segment": 0
      },
      "type": "Feature"
    },
    {
      "geometry": {
        "coordinates": [
          [
            6.521974962893908,
            51.08714297948115
          ],
          [
            6.521477134591207,
            51.09645148957096
          ]
        ],
        "type": "LineString"
      },
      "properties": {
        "length_m": 1036.128,
        "orientation": "NS",
        "row": 439,
        "segment": 1
      },
      "type": "Feature"
    },
    {
      "geometry": {
        "coordinates": [
          [
            6.5237250759211145,
            51.05772195567346
          ],
          [
            6.5223990252802375,
            51.08254940889646
          ]
        ],
        "type": "LineString"
      },
      "properties": {
        "length_m": 2763.525,
        "orientation": "NS",
        "row": 440,
        "segment": 0
      },
      "type": "Feature"
    },
    {
      "geometry": {
        "coordinates": [
          [
            6.52215073113206,
            51.08719425288584
          ],
          [
            6.521653877131915,
            51.09648519269833
          ]
        ],
        "type": "LineString"
      },
      "properties": {
        "length_m": 1034.172,
        "orientation": "NS",
        "row": 440,
        "segment": 1
      },
      "type": "Feature"
    },
    {
      "geometry": {
        "coordinates": [
          [
            6.523905030485135,
            51.05769275375833
          ],
          [
            6.5225877740421465,
            51.08235749019382
          ]
        ],
        "type": "LineString"
      },
      "properties": {
        "length_m": 2745.412,
        "orientation": "NS",
        "row": 441,
        "segment": 0
      },
      "type": "Feature"
    },
    {
      "geometry": {
        "coordinates": [
          [
            6.522326499766402,
            51.08724552603105
          ],
          [
            6.521830619938255,
            51.096518895561736
          ]
        ],
        "type": "LineString"
      },
      "properties": {
        "length_m": 1032.216,
        "orientation": "NS",
        "row": 441,
        "segment": 1
      },
      "type": "Feature"
    },
    {
      "geometry": {
        "coordinates": [
          [
            6.524084984831627,
            51.05766355156268
          ],
          [
            6.522775714646917,
            51.08218066432763
          ]
        ],
        "type": "LineString"
      },
      "properties": {
        "length_m": 2728.98,
        "orientation": "NS",
        "row": 442,
        "segment": 0
      },
      "type": "Feature"
    },
    {
      "geometry": {
        "coordinates": [
          [
            6.522502268796933,
            51.08729679891679
          ],
          [
            6.522007363010225,
            51.096552598161146
          ]
        ],
        "type": "LineString"
      },
      "properties": {
        "length_m": 1030.26,
        "orientation": "NS",
        "row": 442,
        "segment": 1
      },
      "type": "Feature"
    },
    {
      "geometry": {
        "coordinates": [
          [
            6.524264938960591,
            51.057634349086506
          ],
          [
            6.522957974834392,
            51.08211011492665
          ]
        ],
        "type": "LineString"
      },
      "properties": {
        "length_m": 2724.377,
        "orientation": "NS",
        "row": 443,
        "segment": 0
      },
      "type": "Feature"
    },
    {
      "geometry": {
        "coordinates": [
          [
            6.522678038223654,
            51.08734807154306
          ],
          [
            6.522184106347824,
            51.09658630049658
          ]
        ],
        "type": "LineString"
      },
      "properties": {
        "length_m": 1028.304,
        "orientation": "NS",
        "row": 443,
        "segment": 1
      },
      "type": "Feature"
    },
    {
      "geometry": {
        "coordinates": [
          [
            6.524444892872021,
            51.05760514632982
          ],
          [
            6.523138828422735,
            51.0820658801003
          ]
        ],
        "type": "LineString"
      },
      "properties": {
        "length_m": 2722.704,
        "orientation": "NS",
        "row": 444,
        "segment": 0
      },
      "type": "Feature"
    },
    {
      "geometry": {
        "coordinates": [
          [
            6.522853808046562,
            51.08739934390985
          ],
          [
            6.522360849951049,
            51.096620002568024
          ]
        ],
        "type": "LineString"
      },
      "properties": {
        "length_m": 1026.349,
        "orientation": "NS",
        "row": 444,
        "segment": 1
      },
      "type": "Feature"
    },
    {
      "geometry": {
        "coordinates": [
          [
            6.524624846565918,
            51.057575943292626
          ],
          [
            6.523319681674164,
            51.08202164498891
          ]
        ],
        "type": "LineString"
      },
      "properties": {
        "length_m": 2721.03,
        "orientation": "NS",
        "row": 445,
        "segment": 0
      },
      "type": "Feature"
    },
    {
      "geometry": {
        "coordinates": [
          [
            6.523029578265656,
            51.08745061601716
          ],
          [
            6.5225375938199,
            51.096653704375484
          ]
        ],
        "type": "LineString"
      },
      "properties": {
        "length_m": 1024.393,
        "orientation": "NS",
        "row": 445,
        "segment": 1
      },
      "type": "Feature"
    },
    {
      "geometry": {
        "coordinates": [
          [
            6.524804800042277,
            51.057546739974896
          ],
          [
            6.523500534588681,
            51.08197740959245
          ]
        ],
        "type": "LineString"
      },
      "properties": {
        "length_m": 2719.356,
        "orientation": "NS",
        "row": 446,
        "segment": 0
      },
      "type": "Feature"
    },
    {
      "geometry": {
        "coordinates": [
          [
            6.523205348880937,
            51.08750188786501
          ],
          [
            6.5227143379543735,
            51.096687405918956
          ]
        ],
        "type": "LineString"
      },
      "properties": {
        "length_m": 1022.437,
        "orientation": "NS",
        "row": 446,
        "segment": 1
      },
      "type": "Feature"
    },
    {
      "geometry": {
        "coordinates": [
          [
            6.524984753301099,
            51.05751753637666
          ],
          [
            6.52368138716628,
            51.08193317391095
          ]
        ],
        "type": "LineString"
      },
      "properties": {
        "length_m": 2717.683,
        "orientation": "NS",
        "row": 447,
        "segment": 0
      },
      "type": "Feature"
    },
    {
      "geometry": {
        "coordinates": [
          [
            6.523381119892402,
            51.087553159453364
          ],
          [
            6.522891082354469,
            51.09672110719844
          ]
        ],
        "type": "LineString"
      },
      "properties": {
        "length_m": 1020.481,
        "orientation": "NS",
        "row": 447,
        "segment": 1
      },
      "type": "Feature"
    },
    {
      "geometry": {
        "coordinates": [
          [
            6.525164706342378,
            51.057488332497904
          ],
          [
            6.523862239406962,
            51.0818889379444
          ]
        ],
        "type": "LineString"
      },
      "properties": {
        "length_m": 2716.009,
        "orientation": "NS",
        "row": 448,
        "segment": 0
      },
      "type": "Feature"
    },
    {
      "geometry": {
        "coordinates": [
          [
            6.523556891300051,
            51.08760443078225
          ],
          [
            6.523067827020181,
            51.09675480821393
          ]
        ],
        "type": "LineString"
      },
      "properties": {
        "length_m": 1018.525,
        "orientation": "NS",
        "row": 448,
        "segment": 1
      },
      "type": "Feature"
    },
    {
      "geometry": {
        "coordinates": [
          [
            6.5253307971239565,
            51.05771902107561
          ],
          [
            6.524043091310726,
            51.08184470169279
          ]
        ],
        "type": "LineString"
      },
      "properties": {
        "length_m": 2685.407,
        "orientation": "NS",
        "row": 449,
        "segment": 0
      },
      "type": "Feature"
    },
    {
      "geometry": {
        "coordinates": [
          [
            6.523731324976226,
            51.087680746473914
          ],
          [
            6.523244571951511,
            51.096788508965425
          ]
        ],
        "type": "LineString"
      },
      "properties": {
        "length_m": 1013.782,
        "orientation": "NS",
        "row": 449,
        "segment": 1
      },
      "type": "Feature"
    },
    {
      "geometry": {
        "coordinates": [
          [
            6.525433779940171,
            51.05913294132127
          ],
          [
            6.524223942877568,
            51.08180046515616
          ]
        ],
        "type": "LineString"
      },
      "properties": {
        "length_m": 2523.101,
        "orientation": "NS",
        "row": 450,
        "segment": 0
      },
      "type": "Feature"
    },
    {
      "geometry": {
        "coordinates": [
          [
            6.5239037147871795,
            51.08779532860293
          ],
          [
            6.523421317148457,
            51.096822209452945
          ]
        ],
        "type": "LineString"
      },
      "properties": {
        "length_m": 1004.778,
        "orientation": "NS",
        "row": 450,
        "segment": 1
      },
      "type": "Feature"
    },
    {
      "geometry": {
        "coordinates": [
          [
            6.525536767535376,
            51.06054686125108
          ],
          [
            6.524404794107487,
            51.08175622833447
          ]
        ],
        "type": "LineString"
      },
      "properties": {
        "length_m": 2360.795,
        "orientation": "NS",
        "row": 451,
        "segment": 0
      },
      "type": "Feature"
    },
    {
      "geometry": {
        "coordinates": [
          [
            6.524076105449631,
            51.08790991048731
          ],
          [
            6.523597975701251,
            51.09685753567078
          ]
        ],
        "type": "LineString"
      },
      "properties": {
        "length_m": 995.956,
        "orientation": "NS",
        "row": 451,
        "segment": 1
      },
      "type": "Feature"
    },
    {
      "geometry": {
        "coordinates": [
          [
            6.525662280559403,
            51.061538561480965
          ],
          [
            6.5245856450004815,
            51.08171199122773
          ]
        ],
        "type": "LineString"
      },
      "properties": {
        "length_m": 2245.486,
        "orientation": "NS",
        "row": 452,
        "segment": 0
      },
      "type": "Feature"
    },
    {
      "geometry": {
        "coordinates": [
          [
            6.524248496963585,
            51.08802449212704
          ],
          [
            6.523774612685387,
            51.096893270378814
          ]
        ],
        "type": "LineString"
      },
      "properties": {
        "length_m": 987.18,
        "orientation": "NS",
        "row": 452,
        "segment": 1
      },
      "type": "Feature"
    },
    {
      "geometry": {
        "coordinates": [
          [
            6.525797088683146,
            51.06235607725268
          ],
          [
            6.524766495556551,
            51.08166775383596
          ]
        ],
        "type": "LineString"
      },
      "properties": {
        "length_m": 2149.565,
        "orientation": "NS",
        "row": 453,
        "segment": 0
      },
      "type": "Feature"
    },
    {
      "geometry": {
        "coordinates": [
          [
            6.5244208893290505,
            51.088139073522136
          ],
          [
            6.5239512499503745,
            51.09692900482337
          ]
        ],
        "type": "LineString"
      },
      "properties": {
        "length_m": 978.403,
        "orientation": "NS",
        "row": 453,
        "segment": 1
      },
      "type": "Feature"
    },
    {
      "geometry": {
        "coordinates": [
          [
            6.5259319010623615,
            51.06317359283026
          ],
          [
            6.524947345775691,
            51.08162351615914
          ]
        ],
        "type": "LineString"
      },
      "properties": {
        "length_m": 2053.644,
        "orientation": "NS",
        "row": 454,
        "segment": 0
      },
      "type": "Feature"
    },
    {
      "geometry": {
        "coordinates": [
          [
            6.524593282546031,
            51.088253654672585
          ],
          [
            6.524127887496208,
            51.09696473900446
          ]
        ],
        "type": "LineString"
      },
      "properties": {
        "length_m": 969.627,
        "orientation": "NS",
        "row": 454,
        "segment": 1
      },
      "type": "Feature"
    },
    {
      "geometry": {
        "coordinates": [
          [
            6.526079776375374,
            51.0637462595592
          ],
          [
            6.525128195657904,
            51.081579278197296
          ]
        ],
        "type": "LineString"
      },
      "properties": {
        "length_m": 1984.977,
        "orientation": "NS",
        "row": 455,
        "segment": 0
      },
      "type": "Feature"
    },
    {
      "geometry": {
        "coordinates": [
          [
            6.524765676614534,
            51.08836823557838
          ],
          [
            6.52430452532289,
            51.097000472922076
          ]
        ],
        "type": "LineString"
      },
      "properties": {
        "length_m": 960.85,
        "orientation": "NS",
        "row": 455,
        "segment": 1
      },
      "type": "Feature"
    },
    {
      "geometry": {
        "coordinates": [
          [
            6.526234369972594,
            51.06419301675243
          ],
          [
            6.525309045203185,
            51.08153503995042
          ]
        ],
        "type": "LineString"
      },
      "properties": {
        "length_m": 1930.324,
        "orientation": "NS",
        "row": 456,
        "segment": 0
      },
      "type": "Feature"
    },
    {
      "geometry": {
        "coordinates": [
          [
            6.524938071534564,
            51.08848281623952
          ],
          [
            6.5244811634304165,
            51.09703620657621
          ]
        ],
        "type": "LineString"
      },
      "properties": {
        "length_m": 952.074,
        "orientation": "NS",
        "row": 456,
        "segment": 1
      },
      "type": "Feature"
    },
    {
      "geometry": {
        "coordinates": [
          [
            6.526388966405311,
            51.06463977375111
          ],
          [
            6.525489894411534,
            51.081490801418475
          ]
        ],
        "type": "LineString"
      },
      "properties": {
        "length_m": 1875.672,
        "orientation": "NS",
        "row": 457,
        "segment": 0
      },
      "type": "Feature"
    },
    {
      "geometry": {
        "coordinates": [
          [
            6.525110467306127,
            51.088597396656006
          ],
          [
            6.524657801818786,
            51.09707193996686
          ]
        ],
        "type": "LineString"
      },
      "properties": {
        "length_m": 943.297,
        "orientation": "NS",
        "row": 457,
        "segment": 1
      },
      "type": "Feature"
    },
    {
      "geometry": {
        "coordinates": [
          [
            6.52654356567364,
            51.065086530555206
          ],
          [
            6.52571968620464,
            51.08052959151798
          ]
        ],
        "type": "LineString"
      },
      "properties": {
        "length_m": 1718.952,
        "orientation": "NS",
        "row": 458,
        "segment": 0
      },
      "type": "Feature"
    },
    {
      "geometry": {
        "coordinates": [
          [
            6.525282305697294,
            51.08872243095234
          ],
          [
            6.524834440487997,
            51.09710767309404
          ]
        ],
        "type": "LineString"
      },
      "properties": {
        "length_m": 933.357,
        "orientation": "NS",
        "row": 458,
        "segment": 1
      },
      "type": "Feature"
    },
    {
      "geometry": {
        "coordinates": [
          [
            6.526699008204912,
            51.065517526200665
          ],
          [
            6.52590361592609,
            51.080427550278955
          ]
        ],
        "type": "LineString"
      },
      "properties": {
        "length_m": 1659.62,
        "orientation": "NS",
        "row": 459,
        "segment": 0
      },
      "type": "Feature"
    },
    {
      "geometry": {
        "coordinates": [
          [
            6.5254526987762915,
            51.088874550708795
          ],
          [
            6.525011079438047,
            51.09714340595773
          ]
        ],
        "type": "LineString"
      },
      "properties": {
        "length_m": 920.402,
        "orientation": "NS",
        "row": 459,
        "segment": 1
      },
      "type": "Feature"
    },
    {
      "geometry": {
        "coordinates": [
          [
            6.526855460957286,
            51.065929627238525
          ],
          [
            6.526083590193155,
            51.08039961446809
          ]
        ],
        "type": "LineString"
      },
      "properties": {
        "length_m": 1610.64,
        "orientation": "NS",
        "row": 460,
        "segment": 0
      },
      "type": "Feature"
    },
    {
      "geometry": {
        "coordinates": [
          [
            6.5256230929652785,
            51.0890266702286
          ],
          [
            6.525187718668936,
            51.09717913855795
          ]
        ],
        "type": "LineString"
      },
      "properties": {
        "length_m": 907.447,
        "orientation": "NS",
        "row": 460,
        "segment": 1
      },
      "type": "Feature"
    },
    {
      "geometry": {
        "coordinates": [
          [
            6.527011916369892,
            51.066341728078775
          ],
          [
            6.526262654996449,
            51.0803887180457
          ]
        ],
        "type": "LineString"
      },
      "properties": {
        "length_m": 1563.556,
        "orientation": "NS",
        "row": 461,
        "segment": 0
      },
      "type": "Feature"
    },
    {
      "geometry": {
        "coordinates": [
          [
            6.525793488264269,
            51.08917878951173
          ],
          [
            6.525364358180659,
            51.09721487089467
          ]
        ],
        "type": "LineString"
      },
      "properties": {
        "length_m": 894.492,
        "orientation": "NS",
        "row": 461,
        "segment": 1
      },
      "type": "Feature"
    },
    {
      "geometry": {
        "coordinates": [
          [
            6.527168374442826,
            51.0667538287214
          ],
          [
            6.526441719725023,
            51.08037782134765
          ]
        ],
        "type": "LineString"
      },
      "properties": {
        "length_m": 1516.473,
        "orientation": "NS",
        "row": 462,
        "segment": 0
      },
      "type": "Feature"
    },
    {
      "geometry": {
        "coordinates": [
          [
            6.525965528670091,
            51.089300113251966
          ],
          [
            6.525540997973217,
            51.09725060296791
          ]
        ],
        "type": "LineString"
      },
      "properties": {
        "length_m": 884.965,
        "orientation": "NS",
        "row": 462,
        "segment": 1
      },
      "type": "Feature"
    },
    {
      "geometry": {
        "coordinates": [
          [
            6.527324835176183,
            51.067165929166435
          ],
          [
            6.526620784378871,
            51.08036692437398
          ]
        ],
        "type": "LineString"
      },
      "properties": {
        "length_m": 1469.389,
        "orientation": "NS",
        "row": 463,
        "segment": 0
      },
      "type": "Feature"
    },
    {
      "geometry": {
        "coordinates": [
          [
            6.526141695462757,
            51.08934415292509
          ],
          [
            6.525717638046609,
            51.09728633477766
          ]
        ],
        "type": "LineString"
      },
      "properties": {
        "length_m": 884.04,
        "orientation": "NS",
        "row": 463,
        "segment": 1
      },
      "type": "Feature"
    },
    {
      "geometry": {
        "coordinates": [
          [
            6.527484723113743,
            51.06751379143337
          ],
          [
            6.526799848957994,
            51.080356027124644
          ]
        ],
        "type": "LineString"
      },
      "properties": {
        "length_m": 1429.456,
        "orientation": "NS",
        "row": 464,
        "segment": 0
      },
      "type": "Feature"
    },
    {
      "geometry": {
        "coordinates": [
          [
            6.526319160298522,
            51.08936388041687
          ],
          [
            6.5258943679733505,
            51.09732038898269
          ]
        ],
        "type": "LineString"
      },
      "properties": {
        "length_m": 885.634,
        "orientation": "NS",
        "row": 464,
        "segment": 1
      },
      "type": "Feature"
    },
    {
      "geometry": {
        "coordinates": [
          [
            6.527648529669372,
            51.06778818691413
          ],
          [
            6.526978913462387,
            51.080345129599664
          ]
        ],
        "type": "LineString"
      },
      "properties": {
        "length_m": 1397.7,
        "orientation": "NS",
        "row": 465,
        "segment": 0
      },
      "type": "Feature"
    },
    {
      "geometry": {
        "coordinates": [
          [
            6.526496625294482,
            51.0893836076411
          ],
          [
            6.526071100103421,
            51.09735440668512
          ]
        ],
        "type": "LineString"
      },
      "properties": {
        "length_m": 887.225,
        "orientation": "NS",
        "row": 465,
        "segment": 1
      },
      "type": "Feature"
    },
    {
      "geometry": {
        "coordinates": [
          [
            6.527812338114978,
            51.06806258218023
          ],
          [
            6.527157977892048,
            51.08033423179904
          ]
        ],
        "type": "LineString"
      },
      "properties": {
        "length_m": 1365.944,
        "orientation": "NS",
        "row": 466,
        "segment": 0
      },
      "type": "Feature"
    },
    {
      "geometry": {
        "coordinates": [
          [
            6.526674090450632,
            51.08940333459781
          ],
          [
            6.526247832501484,
            51.09738842412363
          ]
        ],
        "type": "LineString"
      },
      "properties": {
        "length_m": 888.815,
        "orientation": "NS",
        "row": 466,
        "segment": 1
      },
      "type": "Feature"
    },
    {
      "geometry": {
        "coordinates": [
          [
            6.5279761484506045,
            51.06833697723165
          ],
          [
            6.527337520359025,
            51.080314369873925
          ]
        ],
        "type": "LineString"
      },
      "properties": {
        "length_m": 1333.191,
        "orientation": "NS",
        "row": 467,
        "segment": 0
      },
      "type": "Feature"
    },
    {
      "geometry": {
        "coordinates": [
          [
            6.526851555766971,
            51.08942306128697
          ],
          [
            6.526425231378714,
            51.097409963144834
          ]
        ],
        "type": "LineString"
      },
      "properties": {
        "length_m": 889.017,
        "orientation": "NS",
        "row": 467,
        "segment": 1
      },
      "type": "Feature"
    },
    {
      "geometry": {
        "coordinates": [
          [
            6.528139960676296,
            51.068611372068396
          ],
          [
            6.527518991184502,
            51.08025834857061
          ]
        ],
        "type": "LineString"
      },
      "properties": {
        "length_m": 1296.412,
        "orientation": "NS",
        "row": 468,
        "segment": 0
      },
      "type": "Feature"
    },
    {
      "geometry": {
        "coordinates": [
          [
            6.527029021243496,
            51.08944278770859
          ],
          [
            6.526603309233722,
            51.09741878697308
          ]
        ],
        "type": "LineString"
      },
      "properties": {
        "length_m": 887.803,
        "orientation": "NS",
        "row": 468,
        "segment": 1
      },
      "type": "Feature"
    },
    {
      "geometry": {
        "coordinates": [
          [
            6.528303774792095,
            51.06888576669045
          ],
          [
            6.5277004615787915,
            51.08020232697885
          ]
        ],
        "type": "LineString"
      },
      "properties": {
        "length_m": 1259.634,
        "orientation": "NS",
        "row": 469,
        "segment": 0
      },
      "type": "Feature"
    },
    {
      "geometry": {
        "coordinates": [
          [
            6.527206486880205,
            51.08946251386267
          ],
          [
            6.526781387165952,
            51.097427610530836
          ]
        ],
        "type": "LineString"
      },
      "properties": {
        "length_m": 886.59,
        "orientation": "NS",
        "row": 469,
        "segment": 1
      },
      "type": "Feature"
    },
    {
      "geometry": {
        "coordinates": [
          [
            6.528470944190517,
            51.06909723621488
          ],
          [
            6.52788193154189,
            51.08014630509867
          ]
        ],
        "type": "LineString"
      },
      "properties": {
        "length_m": 1229.859,
        "orientation": "NS",
        "row": 470,
        "segment": 0
      },
      "type": "Feature"
    },
    {
      "geometry": {
        "coordinates": [
          [
            6.527383952677093,
            51.0894822397492
          ],
          [
            6.5269594581704355,
            51.097436565049634
          ]
        ],
        "type": "LineString"
      },
      "properties": {
        "length_m": 885.391,
        "orientation": "NS",
        "row": 470,
        "segment": 1
      },
      "type": "Feature"
    },
    {
      "geometry": {
        "coordinates": [
          [
            6.528644236997787,
            51.06919382317557
          ],
          [
            6.528063401073799,
            51.080090282930044
          ]
        ],
        "type": "LineString"
      },
      "properties": {
        "length_m": 1212.873,
        "orientation": "NS",
        "row": 471,
        "segment": 0
      },
      "type": "Feature"
    },
    {
      "geometry": {
        "coordinates": [
          [
            6.527561418634162,
            51.08950196536821
          ],
          [
            6.527136402449114,
            51.097466630422666
          ]
        ],
        "type": "LineString"
      },
      "properties": {
        "length_m": 886.541,
        "orientation": "NS",
        "row": 471,
        "segment": 1
      },
      "type": "Feature"
    },
    {
      "geometry": {
        "coordinates": [
          [
            6.5288176029445815,
            51.06928905085654
          ],
          [
            6.528244870174513,
            51.080034260473
          ]
        ],
        "type": "LineString"
      },
      "properties": {
        "length_m": 1196.037,
        "orientation": "NS",
        "row": 472,
        "segment": 0
      },
      "type": "Feature"
    },
    {
      "geometry": {
        "coordinates": [
          [
            6.527738884751406,
            51.089521690719664
          ],
          [
            6.527312852545875,
            51.09750595933754
          ]
        ],
        "type": "LineString"
      },
      "properties": {
        "length_m": 888.723,
        "orientation": "NS",
        "row": 472,
        "segment": 1
      },
      "type": "Feature"
    },
    {
      "geometry": {
        "coordinates": [
          [
            6.528990969605567,
            51.069384278288624
          ],
          [
            6.528426338844037,
            51.07997823772751
          ]
        ],
        "type": "LineString"
      },
      "properties": {
        "length_m": 1179.201,
        "orientation": "NS",
        "row": 473,
        "segment": 0
      },
      "type": "Feature"
    },
    {
      "geometry": {
        "coordinates": [
          [
            6.527916351028824,
            51.08954141580358
          ],
          [
            6.52748930295035,
            51.09754528798982
          ]
        ],
        "type": "LineString"
      },
      "properties": {
        "length_m": 890.905,
        "orientation": "NS",
        "row": 473,
        "segment": 1
      },
      "type": "Feature"
    },
    {
      "geometry": {
        "coordinates": [
          [
            6.529164336980748,
            51.06947950547185
          ],
          [
            6.528607807082367,
            51.07992221469362
          ]
        ],
        "type": "LineString"
      },
      "properties": {
        "length_m": 1162.366,
        "orientation": "NS",
        "row": 474,
        "segment": 0
      },
      "type": "Feature"
    },
    {
      "geometry": {
        "coordinates": [
          [
            6.528093817466414,
            51.089561140619956
          ],
          [
            6.5276657536625375,
            51.09758461637952
          ]
        ],
        "type": "LineString"
      },
      "properties": {
        "length_m": 893.087,
        "orientation": "NS",
        "row": 474,
        "segment": 1
      },
      "type": "Feature"
    },
    {
      "geometry": {
        "coordinates": [
          [
            6.5293377050701285,
            51.06957473240618
          ],
          [
            6.528789274889503,
            51.07986619137128
          ]
        ],
        "type": "LineString"
      },
      "properties": {
        "length_m": 1145.53,
        "orientation": "NS",
        "row": 475,
        "segment": 0
      },
      "type": "Feature"
    },
    {
      "geometry": {
        "coordinates": [
          [
            6.528271284064172,
            51.089580865168756
          ],
          [
            6.527842204682435,
            51.09762394450663
          ]
        ],
        "type": "LineString"
      },
      "properties": {
        "length_m": 895.269,
        "orientation": "NS",
        "row": 475,
        "segment": 1
      },
      "type": "Feature"
    },
    {
      "geometry": {
        "coordinates": [
          [
            6.529511073873711,
            51.06966995909165
          ],
          [
            6.528970742265444,
            51.07981016776051
          ]
        ],
        "type": "LineString"
      },
      "properties": {
        "length_m": 1128.694,
        "orientation": "NS",
        "row": 476,
        "segment": 0
      },
      "type": "Feature"
    },
    {
      "geometry": {
        "coordinates": [
          [
            6.528448750822096,
            51.08960058945004
          ],
          [
            6.528018656010043,
            51.09766327237114
          ]
        ],
        "type": "LineString"
      },
      "properties": {
        "length_m": 897.451,
        "orientation": "NS",
        "row": 476,
        "segment": 1
      },
      "type": "Feature"
    },
    {
      "geometry": {
        "coordinates": [
          [
            6.5296844433915,
            51.069765185528205
          ],
          [
            6.529152209210189,
            51.07975414386133
          ]
        ],
        "type": "LineString"
      },
      "properties": {
        "length_m": 1111.859,
        "orientation": "NS",
        "row": 477,
        "segment": 0
      },
      "type": "Feature"
    },
    {
      "geometry": {
        "coordinates": [
          [
            6.528626217740186,
            51.089620313463776
          ],
          [
            6.528195107645357,
            51.09770259997309
          ]
        ],
        "type": "LineString"
      },
      "properties": {
        "length_m": 899.633,
        "orientation": "NS",
        "row": 477,
        "segment": 1
      },
      "type": "Feature"
    },
    {
      "geometry": {
        "coordinates": [
          [
            6.529857813623497,
            51.06986041171589
          ],
          [
            6.529333675723734,
            51.07969811967372
          ]
        ],
        "type": "LineString"
      },
      "properties": {
        "length_m": 1095.023,
        "orientation": "NS",
        "row": 478,
        "segment": 0
      },
      "type": "Feature"
    },
    {
      "geometry": {
        "coordinates": [
          [
            6.528803684818436,
            51.08964003720995
          ],
          [
            6.5283715595883764,
            51.09774192731244
          ]
        ],
        "type": "LineString"
      },
      "properties": {
        "length_m": 901.815,
        "orientation": "NS",
        "row": 478,
        "segment": 1
      },
      "type": "Feature"
    },
    {
      "geometry": {
        "coordinates": [
          [
            6.530031184569709,
            51.06995563765468
          ],
          [
            6.529515141806083,
            51.079642095197705
          ]
        ],
        "type": "LineString"
      },
      "properties": {
        "length_m": 1078.187,
        "orientation": "NS",
        "row": 479,
        "segment": 0
      },
      "type": "Feature"
    },
    {
      "geometry": {
        "coordinates": [
          [
            6.528981230780935,
            51.089658284246696
          ],
          [
            6.5285480118391,
            51.09778125438919
          ]
        ],
        "type": "LineString"
      },
      "properties": {
        "length_m": 904.161,
        "orientation": "NS",
        "row": 479,
        "segment": 1
      },
      "type": "Feature"
    },
    {
      "geometry": {
        "coordinates": [
          [
            6.530204556230134,
            51.07005086334456
          ],
          [
            6.529696607457234,
            51.07958607043326
          ]
        ],
        "type": "LineString"
      },
      "properties": {
        "length_m": 1061.352,
        "orientation": "NS",
        "row": 480,
        "segment": 0
      },
      "type": "Feature"
    },
    {
      "geometry": {
        "coordinates": [
          [
            6.529159000606604,
            51.08967233503646
          ],
          [
            6.528724279658976,
            51.097824044534654
          ]
        ],
        "type": "LineString"
      },
      "properties": {
        "length_m": 907.36,
        "orientation": "NS",
        "row": 480,
        "segment": 1
      },
      "type": "Feature"
    },
    {
      "geometry": {
        "coordinates": [
          [
            6.530377928604779,
            51.07014608878556
          ],
          [
            6.529878072677185,
            51.0795300453804
          ]
        ],
        "type": "LineString"
      },
      "properties": {
        "length_m": 1044.516,
        "orientation": "NS",
        "row": 481,
        "segment": 0
      },
      "type": "Feature"
    },
    {
      "geometry": {
        "coordinates": [
          [
            6.529336770549335,
            51.08968638555719
          ],
          [
            6.528900495258236,
            51.09786781973005
          ]
        ],
        "type": "LineString"
      },
      "properties": {
        "length_m": 910.669,
        "orientation": "NS",
        "row": 481,
        "segment": 1
      },
      "type": "Feature"
    },
    {
      "geometry": {
        "coordinates": [
          [
            6.530551318464264,
            51.07024099903157
          ],
          [
            6.530059537465936,
            51.079474020039136
          ]
        ],
        "type": "LineString"
      },
      "properties": {
        "length_m": 1027.716,
        "orientation": "NS",
        "row": 482,
        "segment": 0
      },
      "type": "Feature"
    },
    {
      "geometry": {
        "coordinates": [
          [
            6.52951454060913,
            51.089700435808886
          ],
          [
            6.5290767111983365,
            51.097911594663955
          ]
        ],
        "type": "LineString"
      },
      "properties": {
        "length_m": 913.977,
        "orientation": "NS",
        "row": 482,
        "segment": 1
      },
      "type": "Feature"
    },
    {
      "geometry": {
        "coordinates": [
          [
            6.5307267459138405,
            51.07029765459589
          ],
          [
            6.530241001823485,
            51.07941799440944
          ]
        ],
        "type": "LineString"
      },
      "properties": {
        "length_m": 1015.173,
        "orientation": "NS",
        "row": 483,
        "segment": 0
      },
      "type": "Feature"
    },
    {
      "geometry": {
        "coordinates": [
          [
            6.529670430775694,
            51.09012495010653
          ],
          [
            6.529252927479274,
            51.09795536933642
          ]
        ],
        "type": "LineString"
      },
      "properties": {
        "length_m": 871.597,
        "orientation": "NS",
        "row": 483,
        "segment": 1
      },
      "type": "Feature"
    },
    {
      "geometry": {
        "coordinates": [
          [
            6.53090471063742,
            51.07030666234485
          ],
          [
            6.530422465749831,
            51.07936196849135
          ]
        ],
        "type": "LineString"
      },
      "properties": {
        "length_m": 1007.934,
        "orientation": "NS",
        "row": 484,
        "segment": 0
      },
      "type": "Feature"
    },
    {
      "geometry": {
        "coordinates": [
          [
            6.529845756803353,
            51.09018488578256
          ],
          [
            6.529429144101047,
            51.097999143747394
          ]
        ],
        "type": "LineString"
      },
      "properties": {
        "length_m": 869.798,
        "orientation": "NS",
        "row": 484,
        "segment": 1
      },
      "type": "Feature"
    },
    {
      "geometry": {
        "coordinates": [
          [
            6.5310831548998465,
            51.070306663813994
          ],
          [
            6.5306039292449745,
            51.07930594228483
          ]
        ],
        "type": "LineString"
      },
      "properties": {
        "length_m": 1001.698,
        "orientation": "NS",
        "row": 485,
        "segment": 0
      },
      "type": "Feature"
    },
    {
      "geometry": {
        "coordinates": [
          [
            6.530022189547166,
            51.090224065443955
          ],
          [
            6.529605361063657,
            51.09804291789689
          ]
        ],
        "type": "LineString"
      },
      "properties": {
        "length_m": 870.31,
        "orientation": "NS",
        "row": 485,
        "segment": 1
      },
      "type": "Feature"
    },
    {
      "geometry": {
        "coordinates": [
          [
            6.531261599171758,
            51.07030666501055
          ],
          [
            6.530785392308914,
            51.079249915789916
          ]
        ],
        "type": "LineString"
      },
      "properties": {
        "length_m": 995.461,
        "orientation": "NS",
        "row": 486,
        "segment": 0
      },
      "type": "Feature"
    },
    {
      "geometry": {
        "coordinates": [
          [
            6.5301986225974495,
            51.09026324484279
          ],
          [
            6.5297815783671,
            51.09808669178491
          ]
        ],
        "type": "LineString"
      },
      "properties": {
        "length_m": 870.821,
        "orientation": "NS",
        "row": 486,
        "segment": 1
      },
      "type": "Feature"
    },
    {
      "geometry": {
        "coordinates": [
          [
            6.531440043453154,
            51.07030666593452
          ],
          [
            6.530966803267551,
            51.07919485927963
          ]
        ],
        "type": "LineString"
      },
      "properties": {
        "length_m": 989.333,
        "orientation": "NS",
        "row": 487,
        "segment": 0
      },
      "type": "Feature"
    },
    {
      "geometry": {
        "coordinates": [
          [
            6.5303750559542015,
            51.09030242397905
          ],
          [
            6.529957796011375,
            51.09813046541144
          ]
        ],
        "type": "LineString"
      },
      "properties": {
        "length_m": 871.332,
        "orientation": "NS",
        "row": 487,
        "segment": 1
      },
      "type": "Feature"
    },
    {
      "geometry": {
        "coordinates": [
          [
            6.531618487744031,
            51.07030666658589
          ],
          [
            6.531146416800257,
            51.07917354691458
          ]
        ],
        "type": "LineString"
      },
      "properties": {
        "length_m": 986.96,
        "orientation": "NS",
        "row": 488,
        "segment": 0
      },
      "type": "Feature"
    },
    {
      "geometry": {
        "coordinates": [
          [
            6.530551559417221,
            51.09034029298122
          ],
          [
            6.53013401399648,
            51.09817423877649
          ]
        ],
        "type": "LineString"
      },
      "properties": {
        "length_m": 871.989,
        "orientation": "NS",
        "row": 488,
        "segment": 1
      },
      "type": "Feature"
    },
    {
      "geometry": {
        "coordinates": [
          [
            6.531796932044384,
            51.070306666964704
          ],
          [
            6.53132419694972,
            51.07918666140702
          ]
        ],
        "type": "LineString"
      },
      "properties": {
        "length_m": 988.42,
        "orientation": "NS",
        "row": 489,
        "segment": 0
      },
      "type": "Feature"
    },
    {
      "geometry": {
        "coordinates": [
          [
            6.530729838357207,
            51.09034484609943
          ],
          [
            6.530310232322415,
            51.098218011880064
          ]
        ],
        "type": "LineString"
      },
      "properties": {
        "length_m": 876.355,
        "orientation": "NS",
        "row": 489,
        "segment": 1
      },
      "type": "Feature"
    },
    {
      "geometry": {
        "coordinates": [
          [
            6.531975376354214,
            51.07030666707091
          ],
          [
            6.531501882165734,
            51.07920156062444
          ]
        ],
        "type": "LineString"
      },
      "properties": {
        "length_m": 990.078,
        "orientation": "NS",
        "row": 490,
        "segment": 0
      },
      "type": "Feature"
    },
    {
      "geometry": {
        "coordinates": [
          [
            6.530910805134212,
            51.0902989521529
          ],
          [
            6.530486450989178,
            51.09826178472215
          ]
        ],
        "type": "LineString"
      },
      "properties": {
        "length_m": 886.335,
        "orientation": "NS",
        "row": 490,
        "segment": 1
      },
      "type": "Feature"
    },
    {
      "geometry": {
        "coordinates": [
          [
            6.532153820673515,
            51.070306666904536
          ],
          [
            6.531679567505192,
            51.07921645957314
          ]
        ],
        "type": "LineString"
      },
      "properties": {
        "length_m": 991.736,
        "orientation": "NS",
        "row": 491,
        "segment": 0
      },
      "type": "Feature"
    },
    {
      "geometry": {
        "coordinates": [
          [
            6.53109843542346,
            51.09012797482422
          ],
          [
            6.530662669996769,
            51.09830555730275
          ]
        ],
        "type": "LineString"
      },
      "properties": {
        "length_m": 910.239,
        "orientation": "NS",
        "row": 491,
        "segment": 1
      },
      "type": "Feature"
    },
    {
      "geometry": {
        "coordinates": [
          [
            6.532332265002286,
            51.07030666646557
          ],
          [
            6.531861302346116,
            51.07915529644959
          ]
        ],
        "type": "LineString"
      },
      "properties": {
        "length_m": 984.928,
        "orientation": "NS",
        "row": 492,
        "segment": 0
      },
      "type": "Feature"
    },
    {
      "geometry": {
        "coordinates": [
          [
            6.531288038904332,
            51.089919930228696
          ],
          [
            6.530838889345184,
            51.098349329621854
          ]
        ],
        "type": "LineString"
      },
      "properties": {
        "length_m": 938.268,
        "orientation": "NS",
        "row": 492,
        "segment": 1
      },
      "type": "Feature"
    },
    {
      "geometry": {
        "coordinates": [
          [
            6.532510709340524,
            51.070306665754025
          ],
          [
            6.532043283598344,
            51.07908949531131
          ]
        ],
        "type": "LineString"
      },
      "properties": {
        "length_m": 977.604,
        "orientation": "NS",
        "row": 493,
        "segment": 0
      },
      "type": "Feature"
    },
    {
      "geometry": {
        "coordinates": [
          [
            6.53146490842388,
            51.089950913501646
          ],
          [
            6.531015109034423,
            51.0983931016795
          ]
        ],
        "type": "LineString"
      },
      "properties": {
        "length_m": 939.692,
        "orientation": "NS",
        "row": 493,
        "segment": 1
      },
      "type": "Feature"
    },
    {
      "geometry": {
        "coordinates": [
          [
            6.532674268826005,
            51.07058643667974
          ],
          [
            6.532247234066025,
            51.07861095517719
          ]
        ],
        "type": "LineString"
      },
      "properties": {
        "length_m": 893.197,
        "orientation": "NS",
        "row": 494,
        "segment": 0
      },
      "type": "Feature"
    },
    {
      "geometry": {
        "coordinates": [
          [
            6.531641751629459,
            51.08998239514761
          ],
          [
            6.531196117602532,
            51.09834701370654
          ]
        ],
        "type": "LineString"
      },
      "properties": {
        "length_m": 931.057,
        "orientation": "NS",
        "row": 494,
        "segment": 1
      },
      "type": "Feature"
    },
    {
      "geometry": {
        "coordinates": [
          [
            6.5327946713956555,
            51.07167742975297
          ],
          [
            6.53245999301585,
            51.0779668308699
          ]
        ],
        "type": "LineString"
      },
      "properties": {
        "length_m": 700.064,
        "orientation": "NS",
        "row": 495,
        "segment": 0
      },
      "type": "Feature"
    },
    {
      "geometry": {
        "coordinates": [
          [
            6.5318185950838865,
            51.09001387652905
          ],
          [
            6.531382646521676,
            51.098197317813494
          ]
        ],
        "type": "LineString"
      },
      "properties": {
        "length_m": 910.89,
        "orientation": "NS",
        "row": 495,
        "segment": 1
      },
      "type": "Feature"
    },
    {
      "geometry": {
        "coordinates": [
          [
            6.532947162120804,
            51.07216537458417
          ],
          [
            6.532657012543969,
            51.07761834687966
          ]
        ],
        "type": "LineString"
      },
      "properties": {
        "length_m": 606.962,
        "orientation": "NS",
        "row": 496,
        "segment": 0
      },
      "type": "Feature"
    },
    {
      "geometry": {
        "coordinates": [
          [
            6.531995438787161,
            51.09004535764596
          ],
          [
            6.531569174228818,
            51.09804762160255
          ]
        ],
        "type": "LineString"
      },
      "properties": {
        "length_m": 890.724,
        "orientation": "NS",
        "row": 496,
        "segment": 1
      },
      "type": "Feature"
    },
    {
      "geometry": {
        "coordinates": [
          [
            6.533121752887528,
            51.07223794725432
          ],
          [
            6.532838950071605,
            51.077553230844
          ]
        ],
        "type": "LineString"
      },
      "properties": {
        "length_m": 591.636,
        "orientation": "NS",
        "row": 497,
        "segment": 0
      },
      "type": "Feature"
    },
    {
      "geometry": {
        "coordinates": [
          [
            6.532172282739279,
            51.090076838498376
          ],
          [
            6.531755700723972,
            51.09789792507374
          ]
        ],
        "type": "LineString"
      },
      "properties": {
        "length_m": 870.557,
        "orientation": "NS",
        "row": 497,
        "segment": 1
      },
      "type": "Feature"
    },
    {
      "geometry": {
        "coordinates": [
          [
            6.533299364953297,
            51.07225373204027
          ],
          [
            6.533017857033509,
            51.077545060124315
          ]
        ],
        "type": "LineString"
      },
      "properties": {
        "length_m": 588.97,
        "orientation": "NS",
        "row": 498,
        "segment": 0
      },
      "type": "Feature"
    },
    {
      "geometry": {
        "coordinates": [
          [
            6.532346736569984,
            51.09015321009951
          ],
          [
            6.531942226007145,
            51.09774822822707
          ]
        ],
        "type": "LineString"
      },
      "properties": {
        "length_m": 845.393,
        "orientation": "NS",
        "row": 498,
        "segment": 1
      },
      "type": "Feature"
    },
    {
      "geometry": {
        "coordinates": [
          [
            6.533478486451487,
            51.07224114078522
          ],
          [
            6.533195273972064,
            51.077564892923384
          ]
        ],
        "type": "LineString"
      },
      "properties": {
        "length_m": 592.579,
        "orientation": "NS",
        "row": 499,
        "segment": 0
      },
      "type": "Feature"
    },
    {
      "geometry": {
        "coordinates": [
          [
            6.53252053878004,
            51.0902418305456
          ],
          [
            6.532128750078354,
            51.09759853106254
          ]
        ],
        "type": "LineString"
      },
      "properties": {
        "length_m": 818.866,
        "orientation": "NS",
        "row": 499,
        "segment": 1
      },
      "type": "Feature"
    },
    {
      "geometry": {
        "coordinates": [
          [
            6.533657648383609,
            51.072227787364056
          ],
          [
            6.533372654686468,
            51.077585409355
          ]
        ],
        "type": "LineString"
      },
      "properties": {
        "length_m": 596.349,
        "orientation": "NS",
        "row": 500,
        "segment": 0
      },
      "type": "Feature"
    },
    {
      "geometry": {
        "coordinates": [
          [
            6.532694341657993,
            51.09033045074106
          ],
          [
            6.53231527293761,
            51.097448833580145
          ]
        ],
        "type": "LineString"
      },
      "properties": {
        "length_m": 792.339,
        "orientation": "NS",
        "row": 500,
        "segment": 1
      },
      "type": "Feature"
    },
    {
      "geometry": {
        "coordinates": [
          [
            6.533836810221941,
            51.07221443366668
          ],
          [
            6.533550035566914,
            51.077605925519386
          ]
        ],
        "type": "LineString"
      },
      "properties": {
        "length_m": 600.118,
        "orientation": "NS",
        "row": 501,
        "segment": 0
      },
      "type": "Feature"
    },
    {
      "geometry": {
        "coordinates": [
          [
            6.532868145203843,
            51.09041907068592
          ],
          [
            6.532501794584923,
            51.097299135779906
          ]
        ],
        "type": "LineString"
      },
      "properties": {
        "length_m": 765.812,
        "orientation": "NS",
        "row": 501,
        "segment": 1
      },
      "type": "Feature"
    },
    {
      "geometry": {
        "coordinates": [
          [
            6.534015971966484,
            51.07220107969305
          ],
          [
            6.5337274166134,
            51.07762644141653
          ]
        ],
        "type": "LineString"
      },
      "properties": {
        "length_m": 603.888,
        "orientation": "NS",
        "row": 502,
        "segment": 0
      },
      "type": "Feature"
    },
    {
      "geometry": {
        "coordinates": [
          [
            6.533041949417596,
            51.09050769038014
          ],
          [
            6.532688315020308,
            51.09714943766181
          ]
        ],
        "type": "LineString"
      },
      "properties": {
        "length_m": 739.285,
        "orientation": "NS",
        "row": 502,
        "segment": 1
      },
      "type": "Feature"
    },
    {
      "geometry": {
        "coordinates": [
          [
            6.534194470724836,
            51.07220019186701
          ],
          [
            6.533904797825921,
            51.077646957046454
          ]
        ],
        "type": "LineString"
      },
      "properties": {
        "length_m": 606.271,
        "orientation": "NS",
        "row": 503,
        "segment": 0
      },
      "type": "Feature"
    },
    {
      "geometry": {
        "coordinates": [
          [
            6.533215754299253,
            51.09059630982373
          ],
          [
            6.532874834243775,
            51.096999739225886
          ]
        ],
        "type": "LineString"
      },
      "properties": {
        "length_m": 712.758,
        "orientation": "NS",
        "row": 503,
        "segment": 1
      },
      "type": "Feature"
    },
    {
      "geometry": {
        "coordinates": [
          [
            6.534372528769301,
            51.072207592525224
          ],
          [
            6.534082179204476,
            51.077667472409125
          ]
        ],
        "type": "LineString"
      },
      "properties": {
        "length_m": 607.73,
        "orientation": "NS",
        "row": 504,
        "segment": 0
      },
      "type": "Feature"
    },
    {
      "geometry": {
        "coordinates": [
          [
            6.533389559848816,
            51.090684929016675
          ],
          [
            6.533061352255339,
            51.09685004047213
          ]
        ],
        "type": "LineString"
      },
      "properties": {
        "length_m": 686.231,
        "orientation": "NS",
        "row": 504,
        "segment": 1
      },
      "type": "Feature"
    },
    {
      "geometry": {
        "coordinates": [
          [
            6.534418017476567,
            51.074708286877346
          ],
          [
            6.534259560749063,
            51.07768798750457
          ]
        ],
        "type": "LineString"
      },
      "properties": {
        "length_m": 331.666,
        "orientation": "NS",
        "row": 505,
        "segment": 0
      },
      "type": "Feature"
    },
    {
      "geometry": {
        "coordinates": [
          [
            6.533563366066287,
            51.090773547959
          ],
          [
            6.533247869055009,
            51.09670034140052
          ]
        ],
        "type": "LineString"
      },
      "properties": {
        "length_m": 659.704,
        "orientation": "NS",
        "row": 505,
        "segment": 1
      },
      "type": "Feature"
    },
    {
      "geometry": {
        "coordinates": [
          [
            6.534572642595964,
            51.075156577584224
          ],
          [
            6.534436942459679,
            51.077708502332776
          ]
        ],
        "type": "LineString"
      },
      "properties": {
        "length_m": 284.051,
        "orientation": "NS",
        "row": 506,
        "segment": 0
      },
      "type": "Feature"
    },
    {
      "geometry": {
        "coordinates": [
          [
            6.533737172951671,
            51.09086216665069
          ],
          [
            6.533434384642799,
            51.0965506420111
          ]
        ],
        "type": "LineString"
      },
      "properties": {
        "length_m": 633.177,
        "orientation": "NS",
        "row": 506,
        "segment": 1
      },
      "type": "Feature"
    },
    {
      "geometry": {
        "coordinates": [
          [
            6.5347272705623025,
            51.07560486809624
          ],
          [
            6.534614324336321,
            51.07772901689374
          ]
        ],
        "type": "LineString"
      },
      "properties": {
        "length_m": 236.436,
        "orientation": "NS",
        "row": 507,
        "segment": 0
      },
      "type": "Feature"
    },
    {
      "geometry": {
        "coordinates": [
          [
            6.533910980504969,
            51.09095078509173
          ],
          [
            6.533620899018721,
            51.09640094230385
          ]
        ],
        "type": "LineString"
      },
      "properties": {
        "length_m": 606.65,
        "orientation": "NS",
        "row": 507,
        "segment": 1
      },
      "type": "Feature"
    },
    {
      "geometry": {
        "coordinates": [
          [
            6.534881901375694,
            51.076053158413394
          ],
          [
            6.534791706378988,
            51.07774953118747
          ]
        ],
        "type": "LineString"
      },
      "properties": {
        "length_m": 188.82,
        "orientation": "NS",
        "row": 508,
        "segment": 0
      },
      "type": "Feature"
    },
    {
      "geometry": {
        "coordinates": [
          [
            6.534084788726184,
            51.09103940328213
          ],
          [
            6.533807412182787,
            51.096251242278804
          ]
        ],
        "type": "LineString"
      },
      "properties": {
        "length_m": 580.123,
        "orientation": "NS",
        "row": 508,
        "segment": 1
      },
      "type": "Feature"
    },
    {
      "geometry": {
        "coordinates": [
          [
            6.535036457624802,
            51.07650290461644
          ],
          [
            6.534969088587677,
            51.07777004521397
          ]
        ],
        "type": "LineString"
      },
      "properties": {
        "length_m": 141.043,
        "orientation": "NS",
        "row": 509,
        "segment": 0
      },
      "type": "Feature"
    },
    {
      "geometry": {
        "coordinates": [
          [
            6.534258597615318,
            51.09112802122189
          ],
          [
            6.53399392413501,
            51.096101541935916
          ]
        ],
        "type": "LineString"
      },
      "properties": {
        "length_m": 553.596,
        "orientation": "NS",
        "row": 509,
        "segment": 1
      },
      "type": "Feature"
    },
    {
      "geometry": {
        "coordinates": [
          [
            6.535190801722201,
            51.076956695000376
          ],
          [
            6.535146470962385,
            51.07779055897323
          ]
        ],
        "type": "LineString"
      },
      "properties": {
        "length_m": 92.816,
        "orientation": "NS",
        "row": 510,
        "segment": 0
      },
      "type": "Feature"
    },
    {
      "geometry": {
        "coordinates": [
          [
            6.534432407172373,
            51.09121663891101
          ],
          [
            6.534180434875401,
            51.09595184127523
          ]
        ],
        "type": "LineString"
      },
      "properties": {
        "length_m": 527.069,
        "orientation": "NS",
        "row": 510,
        "segment": 1
      },
      "type": "Feature"
    },
    {
      "geometry": {
        "coordinates": [
          [
            6.535345148694216,
            51.07741048518982
          ],
          [
            6.535323850825658,
            51.077811122830624
          ]
        ],
        "type": "LineString"
      },
      "properties": {
        "length_m": 44.594,
        "orientation": "NS",
        "row": 511,
        "segment": 0
      },
      "type": "Feature"
    },
    {
      "geometry": {
        "coordinates": [
          [
            6.534606217397353,
            51.09130525634947
          ],
          [
            6.534366944403973,
            51.09580214029675
          ]
        ],
        "type": "LineString"
      },
      "properties": {
        "length_m": 500.542,
        "orientation": "NS",
        "row": 511,
        "segment": 1
      },
      "type": "Feature"
    },
    {
      "geometry": {
        "coordinates": [
          [
            6.53478002829026,
            51.09139387353729
          ],
          [
            6.534553347218642,
            51.09565442170592
          ]
        ],
        "type": "LineString"
      },
      "properties": {
        "length_m": 474.236,
        "orientation": "NS",
        "row": 512,
        "segment": 0
      },
      "type": "Feature"
    },
    {
      "geometry": {
        "coordinates": [
          [
            6.534953839851097,
            51.09148249047445
          ],
          [
            6.534739647118511,
            51.09550861458226
          ]
        ],
        "type": "LineString"
      },
      "properties": {
        "length_m": 448.143,
        "orientation": "NS",
        "row": 513,
        "segment": 0
      },
      "type": "Feature"
    },
    {
      "geometry": {
        "coordinates": [
          [
            6.535127652079866,
            51.09157110716095
          ],
          [
            6.534925945840098,
            51.095362807142095
          ]
        ],
        "type": "LineString"
      },
      "properties": {
        "length_m": 422.049,
        "orientation": "NS",
        "row": 514,
        "segment": 0
      },
      "type": "Feature"
    },
    {
      "geometry": {
        "coordinates": [
          [
            6.535301464976568,
            51.0916597235968
          ],
          [
            6.535112243383414,
            51.09521699938542
          ]
        ],
        "type": "LineString"
      },
      "properties": {
        "length_m": 395.956,
        "orientation": "NS",
        "row": 515,
        "segment": 0
      },
      "type": "Feature"
    },
    {
      "geometry": {
        "coordinates": [
          [
            6.535475278541209,
            51.09174833978199
          ],
          [
            6.535298539748466,
            51.09507119131228
          ]
        ],
        "type": "LineString"
      },
      "properties": {
        "length_m": 369.862,
        "orientation": "NS",
        "row": 516,
        "segment": 0
      },
      "type": "Feature"
    },
    {
      "geometry": {
        "coordinates": [
          [
            6.53564909277379,
            51.0918369557165
          ],
          [
            6.535484834935271,
            51.09492538292264
          ]
        ],
        "type": "LineString"
      },
      "properties": {
        "length_m": 343.769,
        "orientation": "NS",
        "row": 517,
        "segment": 0
      },
      "type": "Feature"
    },
    {
      "geometry": {
        "coordinates": [
          [
            6.535822907674313,
            51.09192557140035
          ],
          [
            6.5356711289438385,
            51.094779574216524
          ]
        ],
        "type": "LineString"
      },
      "properties": {
        "length_m": 317.675,
        "orientation": "NS",
        "row": 518,
        "segment": 0
      },
      "type": "Feature"
    },
    {
      "geometry": {
        "coordinates": [
          [
            6.53599672324278,
            51.09201418683355
          ],
          [
            6.535857421774179,
            51.09463376519393
          ]
        ],
        "type": "LineString"
      },
      "properties": {
        "length_m": 291.582,
        "orientation": "NS",
        "row": 519,
        "segment": 0
      },
      "type": "Feature"
    },
    {
      "geometry": {
        "coordinates": [
          [
            6.536170539479196,
            51.09210280201605
          ],
          [
            6.536043713426305,
            51.094487955854866
          ]
        ],
        "type": "LineString"
      },
      "properties": {
        "length_m": 265.488,
        "orientation": "NS",
        "row": 520,
        "segment": 0
      },
      "type": "Feature"
    },
    {
      "geometry": {
        "coordinates": [
          [
            6.536343599514922,
            51.092205652925536
          ],
          [
            6.5362300039002275,
            51.09434214619932
          ]
        ],
        "type": "LineString"
      },
      "properties": {
        "length_m": 237.81,
        "orientation": "NS",
        "row": 521,
        "segment": 0
      },
      "type": "Feature"
    },
    {
      "geometry": {
        "coordinates": [
          [
            6.536516272643212,
            51.09231579589871
          ],
          [
            6.536416293195959,
            51.09419633622732
          ]
        ],
        "type": "LineString"
      },
      "properties": {
        "length_m": 209.32,
        "orientation": "NS",
        "row": 522,
        "segment": 0
      },
      "type": "Feature"
    },
    {
      "geometry": {
        "coordinates": [
          [
            6.536688946592224,
            51.09242593862609
          ],
          [
            6.536602581313507,
            51.09405052593887
          ]
        ],
        "type": "LineString"
      },
      "properties": {
        "length_m": 180.83,
        "orientation": "NS",
        "row": 523,
        "segment": 0
      },
      "type": "Feature"
    },
    {
      "geometry": {
        "coordinates": [
          [
            6.536861621361964,
            51.09253608110765
          ],
          [
            6.536789595526509,
            51.093891034367545
          ]
        ],
        "type": "LineString"
      },
      "properties": {
        "length_m": 150.818,
        "orientation": "NS",
        "row": 524,
        "segment": 0
      },
      "type": "Feature"
    },
    {
      "geometry": {
        "coordinates": [
          [
            6.537034296952434,
            51.0926462233434
          ],
          [
            6.536977629877922,
            51.09371232636739
          ]
        ],
        "type": "LineString"
      },
      "properties": {
        "length_m": 118.666,
        "orientation": "NS",
        "row": 525,
        "segment": 0
      },
      "type": "Feature"
    },
    {
      "geometry": {
        "coordinates": [
          [
            6.537206973363644,
            51.09275636533332
          ],
          [
            6.5371656627653705,
            51.093533618039686
          ]
        ],
        "type": "LineString"
      },
      "properties": {
        "length_m": 86.515,
        "orientation": "NS",
        "row": 526,
        "segment": 0
      },
      "type": "Feature"
    },
    {
      "geometry": {
        "coordinates": [
          [
            6.537379650595597,
            51.09286650707744
          ],
          [
            6.537353694188874,
            51.093354909384466
          ]
        ],
        "type": "LineString"
      },
      "properties": {
        "length_m": 54.363,
        "orientation": "NS",
        "row": 527,
        "segment": 0
      },
      "type": "Feature"
    },
    {
      "geometry": {
        "coordinates": [
          [
            6.537552328648298,
            51.09297664857573
          ],
          [
            6.537541724148452,
            51.093176200401714
          ]
        ],
        "type": "LineString"
      },
      "properties": {
        "length_m": 22.212,
        "orientation": "NS",
        "row": 528,
        "segment": 0
      },
      "type": "Feature"
    }
  ],
  "type": "FeatureCollection"
}