{
  "features": [
    {
      "geometry": {
        "coordinates": [
          [
            6.4440050774296065,
            51.09223543035117
          ],
          [
            6.443987480856937,
            51.092554429763844
          ]
        ],
        "type": "LineString"
      },
      "properties": {
        "length_m": 35.51,
        "orientation": "NS",
        "row": 0,
        "segment": 0
      },
      "type": "Feature"
    },
    {
      "geometry": {
        "coordinates": [
          [
            6.44436287755693,
            51.0915746590601
          ],
          [
            6.4443100955038295,
            51.09253165760827
          ]
        ],
        "type": "LineString"
      },
      "properties": {
        "length_m": 106.53,
        "orientation": "NS",
        "row": 1,
        "segment": 0
      },
      "type": "Feature"
    },
    {
      "geometry": {
        "coordinates": [
          [
            6.446036247863023,
            51.0670399925145
          ],
          [
            6.446010861804348,
            51.06750098410095
          ]
        ],
        "type": "LineString"
      },
      "properties": {
        "length_m": 51.316,
        "orientation": "NS",
        "row": 2,
        "segment": 0
      },
      "type": "Feature"
    },
    {
      "geometry": {
        "coordinates": [
          [
            6.444720667179342,
            51.09091388646011
          ],
          [
            6.444632709865203,
            51.09250888455723
          ]
        ],
        "type": "LineString"
      },
      "properties": {
        "length_m": 177.549,
        "orientation": "NS",
        "row": 2,
        "segment": 1
      },
      "type": "Feature"
    },
    {
      "geometry": {
        "coordinates": [
          [
            6.446382553673667,
            51.06658368551784
          ],
          [
            6.446327614507588,
            51.06758147554687
          ]
        ],
        "type": "LineString"
      },
      "properties": {
        "length_m": 111.07,
        "orientation": "NS",
        "row": 3,
        "segment": 0
      },
      "type": "Feature"
    },
    {
      "geometry": {
        "coordinates": [
          [
            6.445064522993693,
            51.09050564571731
          ],
          [
            6.444955323941041,
            51.09248611061072
          ]
        ],
        "type": "LineString"
      },
      "properties": {
        "length_m": 220.458,
        "orientation": "NS",
        "row": 3,
        "segment": 1
      },
      "type": "Feature"
    },
    {
      "geometry": {
        "coordinates": [
          [
            6.446821772467208,
            51.06443940437845
          ],
          [
            6.446793900406129,
            51.064945742316006
          ]
        ],
        "type": "LineString"
      },
      "properties": {
        "length_m": 56.363,
        "orientation": "NS",
        "row": 4,
        "segment": 0
      },
      "type": "Feature"
    },
    {
      "geometry": {
        "coordinates": [
          [
            6.446728852544678,
            51.06612737736488
          ],
          [
            6.446659478995082,
            51.0673875029184
          ]
        ],
        "type": "LineString"
      },
      "properties": {
        "length_m": 140.272,
        "orientation": "NS",
        "row": 4,
        "segment": 1
      },
      "type": "Feature"
    },
    {
      "geometry": {
        "coordinates": [
          [
            6.445384953621231,
            51.09052222051991
          ],
          [
            6.44527793773133,
            51.092463335768734
          ]
        ],
        "type": "LineString"
      },
      "properties": {
        "length_m": 216.078,
        "orientation": "NS",
        "row": 4,
        "segment": 2
      },
      "type": "Feature"
    },
    {
      "geometry": {
        "coordinates": [
          [
            6.447170513114613,
            51.0639383461142
          ],
          [
            6.447102607649535,
            51.065172116214214
          ]
        ],
        "type": "LineString"
      },
      "properties": {
        "length_m": 137.338,
        "orientation": "NS",
        "row": 5,
        "segment": 0
      },
      "type": "Feature"
    },
    {
      "geometry": {
        "coordinates": [
          [
            6.447075144476302,
            51.06567106805572
          ],
          [
            6.4469857539022195,
            51.06729502000785
          ]
        ],
        "type": "LineString"
      },
      "properties": {
        "length_m": 180.771,
        "orientation": "NS",
        "row": 5,
        "segment": 1
      },
      "type": "Feature"
    },
    {
      "geometry": {
        "coordinates": [
          [
            6.445705384509389,
            51.09053879444687
          ],
          [
            6.4456005101997444,
            51.09244130442442
          ]
        ],
        "type": "LineString"
      },
      "properties": {
        "length_m": 211.78,
        "orientation": "NS",
        "row": 5,
        "segment": 2
      },
      "type": "Feature"
    },
    {
      "geometry": {
        "coordinates": [
          [
            6.447519246069471,
            51.06343728666224
          ],
          [
            6.4473072696291975,
            51.0672889797771
          ]
        ],
        "type": "LineString"
      },
      "properties": {
        "length_m": 428.754,
        "orientation": "NS",
        "row": 6,
        "segment": 0
      },
      "type": "Feature"
    },
    {
      "geometry": {
        "coordinates": [
          [
            6.4460258156581505,
            51.090555367498204
          ],
          [
            6.445923047641926,
            51.092419902645105
          ]
        ],
        "type": "LineString"
      },
      "properties": {
        "length_m": 207.553,
        "orientation": "NS",
        "row": 6,
        "segment": 1
      },
      "type": "Feature"
    },
    {
      "geometry": {
        "coordinates": [
          [
            6.447848629818114,
            51.06328775844974
          ],
          [
            6.4476244151795195,
            51.067362346571926
          ]
        ],
        "type": "LineString"
      },
      "properties": {
        "length_m": 453.565,
        "orientation": "NS",
        "row": 7,
        "segment": 0
      },
      "type": "Feature"
    },
    {
      "geometry": {
        "coordinates": [
          [
            6.446346247067503,
            51.09057193967387
          ],
          [
            6.446245584817756,
            51.09239849997104
          ]
        ],
        "type": "LineString"
      },
      "properties": {
        "length_m": 203.326,
        "orientation": "NS",
        "row": 7,
        "segment": 1
      },
      "type": "Feature"
    },
    {
      "geometry": {
        "coordinates": [
          [
            6.4481661774944055,
            51.063353337283445
          ],
          [
            6.447934386415231,
            51.06756610814166
          ]
        ],
        "type": "LineString"
      },
      "properties": {
        "length_m": 468.947,
        "orientation": "NS",
        "row": 8,
        "segment": 0
      },
      "type": "Feature"
    },
    {
      "geometry": {
        "coordinates": [
          [
            6.446666678737427,
            51.09058851097391
          ],
          [
            6.446568121727221,
            51.09237709640222
          ]
        ],
        "type": "LineString"
      },
      "properties": {
        "length_m": 199.098,
        "orientation": "NS",
        "row": 8,
        "segment": 1
      },
      "type": "Feature"
    },
    {
      "geometry": {
        "coordinates": [
          [
            6.448483726096395,
            51.063418915266006
          ],
          [
            6.448236083648249,
            51.06792029559889
          ]
        ],
        "type": "LineString"
      },
      "properties": {
        "length_m": 501.073,
        "orientation": "NS",
        "row": 9,
        "segment": 0
      },
      "type": "Feature"
    },
    {
      "geometry": {
        "coordinates": [
          [
            6.4469871106679095,
            51.0906050813983
          ],
          [
            6.446893304839735,
            51.0923076608302
          ]
        ],
        "type": "LineString"
      },
      "properties": {
        "length_m": 189.525,
        "orientation": "NS",
        "row": 9,
        "segment": 1
      },
      "type": "Feature"
    },
    {
      "geometry": {
        "coordinates": [
          [
            6.448801275624072,
            51.06348449239739
          ],
          [
            6.448537755083877,
            51.06827503374338
          ]
        ],
        "type": "LineString"
      },
      "properties": {
        "length_m": 533.261,
        "orientation": "NS",
        "row": 10,
        "segment": 0
      },
      "type": "Feature"
    },
    {
      "geometry": {
        "coordinates": [
          [
            6.447307542858932,
            51.09062165094704
          ],
          [
            6.4472176626130615,
            51.092253188315844
          ]
        ],
        "type": "LineString"
      },
      "properties": {
        "length_m": 181.616,
        "orientation": "NS",
        "row": 10,
        "segment": 1
      },
      "type": "Feature"
    },
    {
      "geometry": {
        "coordinates": [
          [
            6.449118826077425,
            51.06355006867761
          ],
          [
            6.448838492887877,
            51.06864682574259
          ]
        ],
        "type": "LineString"
      },
      "properties": {
        "length_m": 567.348,
        "orientation": "NS",
        "row": 11,
        "segment": 0
      },
      "type": "Feature"
    },
    {
      "geometry": {
        "coordinates": [
          [
            6.447627975310483,
            51.09063821962013
          ],
          [
            6.447540498466474,
            51.092226330259216
          ]
        ],
        "type": "LineString"
      },
      "properties": {
        "length_m": 176.782,
        "orientation": "NS",
        "row": 11,
        "segment": 1
      },
      "type": "Feature"
    },
    {
      "geometry": {
        "coordinates": [
          [
            6.449436377456446,
            51.06361564410666
          ],
          [
            6.4491389423456065,
            51.06902394547498
          ]
        ],
        "type": "LineString"
      },
      "properties": {
        "length_m": 602.028,
        "orientation": "NS",
        "row": 12,
        "segment": 0
      },
      "type": "Feature"
    },
    {
      "geometry": {
        "coordinates": [
          [
            6.447948408022544,
            51.090654787417556
          ],
          [
            6.447863174143688,
            51.092202373260186
          ]
        ],
        "type": "LineString"
      },
      "properties": {
        "length_m": 172.271,
        "orientation": "NS",
        "row": 12,
        "segment": 1
      },
      "type": "Feature"
    },
    {
      "geometry": {
        "coordinates": [
          [
            6.44975392976112,
            51.06368121868452
          ],
          [
            6.449439740636725,
            51.06939480928018
          ]
        ],
        "type": "LineString"
      },
      "properties": {
        "length_m": 636.011,
        "orientation": "NS",
        "row": 13,
        "segment": 0
      },
      "type": "Feature"
    },
    {
      "geometry": {
        "coordinates": [
          [
            6.4482688409951,
            51.09067135433933
          ],
          [
            6.4481853953237005,
            51.092186662837044
          ]
        ],
        "type": "LineString"
      },
      "properties": {
        "length_m": 168.678,
        "orientation": "NS",
        "row": 13,
        "segment": 1
      },
      "type": "Feature"
    },
    {
      "geometry": {
        "coordinates": [
          [
            6.4500715513515186,
            51.06374554891381
          ],
          [
            6.4497407070657635,
            51.069762700982515
          ]
        ],
        "type": "LineString"
      },
      "properties": {
        "length_m": 669.802,
        "orientation": "NS",
        "row": 14,
        "segment": 0
      },
      "type": "Feature"
    },
    {
      "geometry": {
        "coordinates": [
          [
            6.448589274228133,
            51.09068792038546
          ],
          [
            6.4485076163168955,
            51.092170951522036
          ]
        ],
        "type": "LineString"
      },
      "properties": {
        "length_m": 165.085,
        "orientation": "NS",
        "row": 14,
        "segment": 1
      },
      "type": "Feature"
    },
    {
      "geometry": {
        "coordinates": [
          [
            6.450391746746744,
            51.063763070480626
          ],
          [
            6.450041678193671,
            51.07013059195647
          ]
        ],
        "type": "LineString"
      },
      "properties": {
        "length_m": 708.803,
        "orientation": "NS",
        "row": 15,
        "segment": 0
      },
      "type": "Feature"
    },
    {
      "geometry": {
        "coordinates": [
          [
            6.448909707721631,
            51.090704485555925
          ],
          [
            6.448829837123255,
            51.092155239315204
          ]
        ],
        "type": "LineString"
      },
      "properties": {
        "length_m": 161.492,
        "orientation": "NS",
        "row": 15,
        "segment": 1
      },
      "type": "Feature"
    },
    {
      "geometry": {
        "coordinates": [
          [
            6.450716340648312,
            51.06370056532476
          ],
          [
            6.450342654020581,
            51.07049848220201
          ]
        ],
        "type": "LineString"
      },
      "properties": {
        "length_m": 756.713,
        "orientation": "NS",
        "row": 16,
        "segment": 0
      },
      "type": "Feature"
    },
    {
      "geometry": {
        "coordinates": [
          [
            6.449230141475576,
            51.090721049850735
          ],
          [
            6.449153481546622,
            51.092113662297365
          ]
        ],
        "type": "LineString"
      },
      "properties": {
        "length_m": 155.02,
        "orientation": "NS",
        "row": 16,
        "segment": 1
      },
      "type": "Feature"
    },
    {
      "geometry": {
        "coordinates": [
          [
            6.451048405825967,
            51.063502085523
          ],
          [
            6.450643634546637,
            51.070866371719106
          ]
        ],
        "type": "LineString"
      },
      "properties": {
        "length_m": 819.758,
        "orientation": "NS",
        "row": 17,
        "segment": 0
      },
      "type": "Feature"
    },
    {
      "geometry": {
        "coordinates": [
          [
            6.449550575489954,
            51.090737613269866
          ],
          [
            6.449477540942271,
            51.09206453528152
          ]
        ],
        "type": "LineString"
      },
      "properties": {
        "length_m": 147.708,
        "orientation": "NS",
        "row": 17,
        "segment": 1
      },
      "type": "Feature"
    },
    {
      "geometry": {
        "coordinates": [
          [
            6.451403473566148,
            51.062884900305626
          ],
          [
            6.450944619771969,
            51.071234260507744
          ]
        ],
        "type": "LineString"
      },
      "properties": {
        "length_m": 929.412,
        "orientation": "NS",
        "row": 18,
        "segment": 0
      },
      "type": "Feature"
    },
    {
      "geometry": {
        "coordinates": [
          [
            6.449871009764745,
            51.090754175813345
          ],
          [
            6.4498015996810745,
            51.09201540735665
          ]
        ],
        "type": "LineString"
      },
      "properties": {
        "length_m": 140.395,
        "orientation": "NS",
        "row": 18,
        "segment": 1
      },
      "type": "Feature"
    },
    {
      "geometry": {
        "coordinates": [
          [
            6.451761082161727,
            51.06222128479961
          ],
          [
            6.451245609696718,
            51.07160214856785
          ]
        ],
        "type": "LineString"
      },
      "properties": {
        "length_m": 1044.233,
        "orientation": "NS",
        "row": 19,
        "segment": 0
      },
      "type": "Feature"
    },
    {
      "geometry": {
        "coordinates": [
          [
            6.450191444299938,
            51.090770737481165
          ],
          [
            6.450125657763014,
            51.09196627852276
          ]
        ],
        "type": "LineString"
      },
      "properties": {
        "length_m": 133.083,
        "orientation": "NS",
        "row": 19,
        "segment": 1
      },
      "type": "Feature"
    },
    {
      "geometry": {
        "coordinates": [
          [
            6.452118680222713,
            51.06155766798463
          ],
          [
            6.451546604321021,
            51.07197003589942
          ]
        ],
        "type": "LineString"
      },
      "properties": {
        "length_m": 1159.055,
        "orientation": "NS",
        "row": 20,
        "segment": 0
      },
      "type": "Feature"
    },
    {
      "geometry": {
        "coordinates": [
          [
            6.450511879095517,
            51.09078729827333
          ],
          [
            6.450449715188078,
            51.09191714877985
          ]
        ],
        "type": "LineString"
      },
      "properties": {
        "length_m": 125.77,
        "orientation": "NS",
        "row": 20,
        "segment": 1
      },
      "type": "Feature"
    },
    {
      "geometry": {
        "coordinates": [
          [
            6.4524762677496765,
            51.06089404986076
          ],
          [
            6.451847603645014,
            51.07233792250244
          ]
        ],
        "type": "LineString"
      },
      "properties": {
        "length_m": 1273.877,
        "orientation": "NS",
        "row": 21,
        "segment": 0
      },
      "type": "Feature"
    },
    {
      "geometry": {
        "coordinates": [
          [
            6.451694857523436,
            51.07511729805942
          ],
          [
            6.45168530861737,
            51.07529103567017
          ]
        ],
        "type": "LineString"
      },
      "properties": {
        "length_m": 19.34,
        "orientation": "NS",
        "row": 21,
        "segment": 1
      },
      "type": "Feature"
    },
    {
      "geometry": {
        "coordinates": [
          [
            6.4508341513847345,
            51.090770460541165
          ],
          [
            6.450773771956253,
            51.09186801812793
          ]
        ],
        "type": "LineString"
      },
      "properties": {
        "length_m": 122.175,
        "orientation": "NS",
        "row": 21,
        "segment": 2
      },
      "type": "Feature"
    },
    {
      "geometry": {
        "coordinates": [
          [
            6.452814351523719,
            51.06058544610295
          ],
          [
            6.452148607668835,
            51.07270580837685
          ]
        ],
        "type": "LineString"
      },
      "properties": {
        "length_m": 1349.18,
        "orientation": "NS",
        "row": 22,
        "segment": 0
      },
      "type": "Feature"
    },
    {
      "geometry": {
        "coordinates": [
          [
            6.452023841594499,
            51.07497632949922
          ],
          [
            6.451985070232387,
            51.07568183920095
          ]
        ],
        "type": "LineString"
      },
      "properties": {
        "length_m": 78.534,
        "orientation": "NS",
        "row": 22,
        "segment": 1
      },
      "type": "Feature"
    },
    {
      "geometry": {
        "coordinates": [
          [
            6.45116136746456,
            51.090663737121375
          ],
          [
            6.451097828067522,
            51.09181888656702
          ]
        ],
        "type": "LineString"
      },
      "properties": {
        "length_m": 128.586,
        "orientation": "NS",
        "row": 22,
        "segment": 2
      },
      "type": "Feature"
    },
    {
      "geometry": {
        "coordinates": [
          [
            6.453132094726164,
            51.06064725214132
          ],
          [
            6.452449616392618,
            51.07307369352265
          ]
        ],
        "type": "LineString"
      },
      "properties": {
        "length_m": 1383.251,
        "orientation": "NS",
        "row": 23,
        "segment": 0
      },
      "type": "Feature"
    },
    {
      "geometry": {
        "coordinates": [
          [
            6.452352823682703,
            51.074835359980945
          ],
          [
            6.452284475831537,
            51.07607921118001
          ]
        ],
        "type": "LineString"
      },
      "properties": {
        "length_m": 138.46,
        "orientation": "NS",
        "row": 23,
        "segment": 1
      },
      "type": "Feature"
    },
    {
      "geometry": {
        "coordinates": [
          [
            6.4515104773411585,
            51.090158885007604
          ],
          [
            6.451421883521874,
            51.0917697540971
          ]
        ],
        "type": "LineString"
      },
      "properties": {
        "length_m": 179.315,
        "orientation": "NS",
        "row": 23,
        "segment": 2
      },
      "type": "Feature"
    },
    {
      "geometry": {
        "coordinates": [
          [
            6.453449838803439,
            51.06070905732677
          ],
          [
            6.452750629816504,
            51.07344157793978
          ]
        ],
        "type": "LineString"
      },
      "properties": {
        "length_m": 1417.322,
        "orientation": "NS",
        "row": 24,
        "segment": 0
      },
      "type": "Feature"
    },
    {
      "geometry": {
        "coordinates": [
          [
            6.452681803788053,
            51.074694389504614
          ],
          [
            6.452609649373788,
            51.07600768953865
          ]
        ],
        "type": "LineString"
      },
      "properties": {
        "length_m": 146.19,
        "orientation": "NS",
        "row": 24,
        "segment": 1
      },
      "type": "Feature"
    },
    {
      "geometry": {
        "coordinates": [
          [
            6.451916568778636,
            51.08861757585427
          ],
          [
            6.451745609103164,
            51.09172660722975
          ]
        ],
        "type": "LineString"
      },
      "properties": {
        "length_m": 346.084,
        "orientation": "NS",
        "row": 24,
        "segment": 2
      },
      "type": "Feature"
    },
    {
      "geometry": {
        "coordinates": [
          [
            6.453767583755533,
            51.06077086165932
          ],
          [
            6.453051647940629,
            51.07380946162822
          ]
        ],
        "type": "LineString"
      },
      "properties": {
        "length_m": 1451.393,
        "orientation": "NS",
        "row": 25,
        "segment": 0
      },
      "type": "Feature"
    },
    {
      "geometry": {
        "coordinates": [
          [
            6.45301191044009,
            51.07453287388282
          ],
          [
            6.452931499848379,
            51.075996638695216
          ]
        ],
        "type": "LineString"
      },
      "properties": {
        "length_m": 162.939,
        "orientation": "NS",
        "row": 25,
        "segment": 1
      },
      "type": "Feature"
    },
    {
      "geometry": {
        "coordinates": [
          [
            6.452613943337234,
            51.08177611852485
          ],
          [
            6.452580595351088,
            51.082382935488916
          ]
        ],
        "type": "LineString"
      },
      "properties": {
        "length_m": 67.548,
        "orientation": "NS",
        "row": 25,
        "segment": 2
      },
      "type": "Feature"
    },
    {
      "geometry": {
        "coordinates": [
          [
            6.452322631414054,
            51.08707626453699
          ],
          [
            6.452069237544909,
            51.09168521567567
          ]
        ],
        "type": "LineString"
      },
      "properties": {
        "length_m": 513.048,
        "orientation": "NS",
        "row": 25,
        "segment": 3
      },
      "type": "Feature"
    },
    {
      "geometry": {
        "coordinates": [
          [
            6.454085329582437,
            51.06083266513893
          ],
          [
            6.453249009192716,
            51.07606461561434
          ]
        ],
        "type": "LineString"
      },
      "properties": {
        "length_m": 1695.546,
        "orientation": "NS",
        "row": 26,
        "segment": 0
      },
      "type": "Feature"
    },
    {
      "geometry": {
        "coordinates": [
          [
            6.4529309282689225,
            51.08185434655628
          ],
          [
            6.452771815570408,
            51.08474980477404
          ]
        ],
        "type": "LineString"
      },
      "properties": {
        "length_m": 322.309,
        "orientation": "NS",
        "row": 26,
        "segment": 1
      },
      "type": "Feature"
    },
    {
      "geometry": {
        "coordinates": [
          [
            6.4527286652510645,
            51.085534951055934
          ],
          [
            6.452392865439219,
            51.091643823216614
          ]
        ],
        "type": "LineString"
      },
      "properties": {
        "length_m": 680.013,
        "orientation": "NS",
        "row": 26,
        "segment": 2
      },
      "type": "Feature"
    },
    {
      "geometry": {
        "coordinates": [
          [
            6.4544030762841365,
            51.060894467765614
          ],
          [
            6.453559778977228,
            51.07625531804956
          ]
        ],
        "type": "LineString"
      },
      "properties": {
        "length_m": 1709.894,
        "orientation": "NS",
        "row": 27,
        "segment": 0
      },
      "type": "Feature"
    },
    {
      "geometry": {
        "coordinates": [
          [
            6.453247914296736,
            51.081932573741845
          ],
          [
            6.452716492786079,
            51.09160242985261
          ]
        ],
        "type": "LineString"
      },
      "properties": {
        "length_m": 1076.405,
        "orientation": "NS",
        "row": 27,
        "segment": 1
      },
      "type": "Feature"
    },
    {
      "geometry": {
        "coordinates": [
          [
            6.454720823860623,
            51.06095626953936
          ],
          [
            6.453798392364224,
            51.077759933925236
          ]
        ],
        "type": "LineString"
      },
      "properties": {
        "length_m": 1870.501,
        "orientation": "NS",
        "row": 28,
        "segment": 0
      },
      "type": "Feature"
    },
    {
      "geometry": {
        "coordinates": [
          [
            6.453564901420667,
            51.08201080008156
          ],
          [
            6.453040119585475,
            51.09156103558365
          ]
        ],
        "type": "LineString"
      },
      "properties": {
        "length_m": 1063.089,
        "orientation": "NS",
        "row": 28,
        "segment": 1
      },
      "type": "Feature"
    },
    {
      "geometry": {
        "coordinates": [
          [
            6.455038572311885,
            51.06101807046019
          ],
          [
            6.454104373484379,
            51.07803808103873
          ]
        ],
        "type": "LineString"
      },
      "properties": {
        "length_m": 1894.583,
        "orientation": "NS",
        "row": 29,
        "segment": 0
      },
      "type": "Feature"
    },
    {
      "geometry": {
        "coordinates": [
          [
            6.453881889640706,
            51.08208902557541
          ],
          [
            6.453363745837394,
            51.091519640409736
          ]
        ],
        "type": "LineString"
      },
      "properties": {
        "length_m": 1049.773,
        "orientation": "NS",
        "row": 29,
        "segment": 1
      },
      "type": "Feature"
    },
    {
      "geometry": {
        "coordinates": [
          [
            6.455356321637912,
            51.06107987052805
          ],
          [
            6.454426858988392,
            51.078015714216
          ]
        ],
        "type": "LineString"
      },
      "properties": {
        "length_m": 1885.214,
        "orientation": "NS",
        "row": 30,
        "segment": 0
      },
      "type": "Feature"
    },
    {
      "geometry": {
        "coordinates": [
          [
            6.454198878956847,
            51.08216725022337
          ],
          [
            6.453687371541819,
            51.09147824433085
          ]
        ],
        "type": "LineString"
      },
      "properties": {
        "length_m": 1036.457,
        "orientation": "NS",
        "row": 30,
        "segment": 1
      },
      "type": "Feature"
    },
    {
      "geometry": {
        "coordinates": [
          [
            6.455674071838692,
            51.061141669742966
          ],
          [
            6.454746845487375,
            51.078038859676354
          ]
        ],
        "type": "LineString"
      },
      "properties": {
        "length_m": 1880.911,
        "orientation": "NS",
        "row": 31,
        "segment": 0
      },
      "type": "Feature"
    },
    {
      "geometry": {
        "coordinates": [
          [
            6.454516293973554,
            51.082237741918895
          ],
          [
            6.454010996698737,
            51.09143684734703
          ]
        ],
        "type": "LineString"
      },
      "properties": {
        "length_m": 1024.002,
        "orientation": "NS",
        "row": 31,
        "segment": 1
      },
      "type": "Feature"
    },
    {
      "geometry": {
        "coordinates": [
          [
            6.455991822914214,
            51.06120346810492
          ],
          [
            6.455062000464942,
            51.07815002534746
          ]
        ],
        "type": "LineString"
      },
      "properties": {
        "length_m": 1886.406,
        "orientation": "NS",
        "row": 32,
        "segment": 0
      },
      "type": "Feature"
    },
    {
      "geometry": {
        "coordinates": [
          [
            6.454837221454881,
            51.082244280415054
          ],
          [
            6.45433422664091,
            51.09140263353259
          ]
        ],
        "type": "LineString"
      },
      "properties": {
        "length_m": 1019.466,
        "orientation": "NS",
        "row": 32,
        "segment": 1
      },
      "type": "Feature"
    },
    {
      "geometry": {
        "coordinates": [
          [
            6.456309574864467,
            51.06126526561391
          ],
          [
            6.455360475477319,
            51.078565106191334
          ]
        ],
        "type": "LineString"
      },
      "properties": {
        "length_m": 1925.731,
        "orientation": "NS",
        "row": 33,
        "segment": 0
      },
      "type": "Feature"
    },
    {
      "geometry": {
        "coordinates": [
          [
            6.455162678956774,
            51.08216830694114
          ],
          [
            6.4546567658707135,
            51.09138098524407
          ]
        ],
        "type": "LineString"
      },
      "properties": {
        "length_m": 1025.513,
        "orientation": "NS",
        "row": 33,
        "segment": 1
      },
      "type": "Feature"
    },
    {
      "geometry": {
        "coordinates": [
          [
            6.456627327689443,
            51.06132706226993
          ],
          [
            6.455538791852084,
            51.081169489611504
          ]
        ],
        "type": "LineString"
      },
      "properties": {
        "length_m": 2208.759,
        "orientation": "NS",
        "row": 34,
        "segment": 0
      },
      "type": "Feature"
    },
    {
      "geometry": {
        "coordinates": [
          [
            6.455497183175378,
            51.08192750696804
          ],
          [
            6.454979304830633,
            51.09135933606073
          ]
        ],
        "type": "LineString"
      },
      "properties": {
        "length_m": 1049.907,
        "orientation": "NS",
        "row": 34,
        "segment": 1
      },
      "type": "Feature"
    },
    {
      "geometry": {
        "coordinates": [
          [
            6.456945081389127,
            51.06138885807297
          ],
          [
            6.455301843520649,
            51.091337685982595
          ]
        ],
        "type": "LineString"
      },
      "properties": {
        "length_m": 3333.755,
        "orientation": "NS",
        "row": 35,
        "segment": 0
      },
      "type": "Feature"
    },
    {
      "geometry": {
        "coordinates": [
          [
            6.457262835963509,
            51.061450653023044
          ],
          [
            6.455624381940751,
            51.09131603500965
          ]
        ],
        "type": "LineString"
      },
      "properties": {
        "length_m": 3324.466,
        "orientation": "NS",
        "row": 36,
        "segment": 0
      },
      "type": "Feature"
    },
    {
      "geometry": {
        "coordinates": [
          [
            6.4575805914125795,
            51.061512447120116
          ],
          [
            6.455946920090917,
            51.0912943831419
          ]
        ],
        "type": "LineString"
      },
      "properties": {
        "length_m": 3315.176,
        "orientation": "NS",
        "row": 37,
        "segment": 0
      },
      "type": "Feature"
    },
    {
      "geometry": {
        "coordinates": [
          [
            6.457898347736327,
            51.061574240364195
          ],
          [
            6.456269457971135,
            51.09127273037934
          ]
        ],
        "type": "LineString"
      },
      "properties": {
        "length_m": 3305.887,
        "orientation": "NS",
        "row": 38,
        "segment": 0
      },
      "type": "Feature"
    },
    {
      "geometry": {
        "coordinates": [
          [
            6.458216104934739,
            51.06163603275529
          ],
          [
            6.456591995581388,
            51.091251076721974
          ]
        ],
        "type": "LineString"
      },
      "properties": {
        "length_m": 3296.597,
        "orientation": "NS",
        "row": 39,
        "segment": 0
      },
      "type": "Feature"
    },
    {
      "geometry": {
        "coordinates": [
          [
            6.458533863007806,
            51.06169782429337
          ],
          [
            6.45691453292166,
            51.09122942216982
          ]
        ],
        "type": "LineString"
      },
      "properties": {
        "length_m": 3287.307,
        "orientation": "NS",
        "row": 40,
        "segment": 0
      },
      "type": "Feature"
    },
    {
      "geometry": {
        "coordinates": [
          [
            6.458851621955517,
            51.06175961497843
          ],
          [
            6.457237069991935,
            51.09120776672286
          ]
        ],
        "type": "LineString"
      },
      "properties": {
        "length_m": 3278.018,
        "orientation": "NS",
        "row": 41,
        "segment": 0
      },
      "type": "Feature"
    },
    {
      "geometry": {
        "coordinates": [
          [
            6.459169381777862,
            51.06182140481047
          ],
          [
            6.457559606792197,
            51.091186110381116
          ]
        ],
        "type": "LineString"
      },
      "properties": {
        "length_m": 3268.728,
        "orientation": "NS",
        "row": 42,
        "segment": 0
      },
      "type": "Feature"
    },
    {
      "geometry": {
        "coordinates": [
          [
            6.459487142474827,
            51.0618831937895
          ],
          [
            6.457882143322431,
            51.091164453144565
          ]
        ],
        "type": "LineString"
      },
      "properties": {
        "length_m": 3259.439,
        "orientation": "NS",
        "row": 43,
        "segment": 0
      },
      "type": "Feature"
    },
    {
      "geometry": {
        "coordinates": [
          [
            6.459805426850092,
            51.06193543479848
          ],
          [
            6.458204679582617,
            51.09114279501323
          ]
        ],
        "type": "LineString"
      },
      "properties": {
        "length_m": 3251.212,
        "orientation": "NS",
        "row": 44,
        "segment": 0
      },
      "type": "Feature"
    },
    {
      "geometry": {
        "coordinates": [
          [
            6.46012734939356,
            51.06192124224214
          ],
          [
            6.458527215572746,
            51.091121135987095
          ]
        ],
        "type": "LineString"
      },
      "properties": {
        "length_m": 3250.38,
        "orientation": "NS",
        "row": 45,
        "segment": 0
      },
      "type": "Feature"
    },
    {
      "geometry": {
        "coordinates": [
          [
            6.4604515138193355,
            51.06186609541423
          ],
          [
            6.458849417013412,
            51.09110557179951
          ]
        ],
        "type": "LineString"
      },
      "properties": {
        "length_m": 3254.785,
        "orientation": "NS",
        "row": 46,
        "segment": 0
      },
      "type": "Feature"
    },
    {
      "geometry": {
        "coordinates": [
          [
            6.460775690206439,
            51.06181071562298
          ],
          [
            6.459171263645892,
            51.091096474256204
          ]
        ],
        "type": "LineString"
      },
      "properties": {
        "length_m": 3259.936,
        "orientation": "NS",
        "row": 47,
        "segment": 0
      },
      "type": "Feature"
    },
    {
      "geometry": {
        "coordinates": [
          [
            6.461099865849215,
            51.061755334920576
          ],
          [
            6.459493110183607,
            51.091087375824436
          ]
        ],
        "type": "LineString"
      },
      "properties": {
        "length_m": 3265.087,
        "orientation": "NS",
        "row": 48,
        "segment": 0
      },
      "type": "Feature"
    },
    {
      "geometry": {
        "coordinates": [
          [
            6.461424040747654,
            51.061699953306956
          ],
          [
            6.45981495662654,
            51.091078276504234
          ]
        ],
        "type": "LineString"
      },
      "properties": {
        "length_m": 3270.238,
        "orientation": "NS",
        "row": 49,
        "segment": 0
      },
      "type": "Feature"
    },
    {
      "geometry": {
        "coordinates": [
          [
            6.461748214901741,
            51.06164457078215
          ],
          [
            6.460136802974676,
            51.0910691762956
          ]
        ],
        "type": "LineString"
      },
      "properties": {
        "length_m": 3275.389,
        "orientation": "NS",
        "row": 50,
        "segment": 0
      },
      "type": "Feature"
    },
    {
      "geometry": {
        "coordinates": [
          [
            6.462072388311463,
            51.06158918734619
          ],
          [
            6.4604586492279985,
            51.09106007519852
          ]
        ],
        "type": "LineString"
      },
      "properties": {
        "length_m": 3280.54,
        "orientation": "NS",
        "row": 51,
        "segment": 0
      },
      "type": "Feature"
    },
    {
      "geometry": {
        "coordinates": [
          [
            6.462396560976807,
            51.06153380299906
          ],
          [
            6.460780094364724,
            51.09105829160358
          ]
        ],
        "type": "LineString"
      },
      "properties": {
        "length_m": 3286.506,
        "orientation": "NS",
        "row": 52,
        "segment": 0
      },
      "type": "Feature"
    },
    {
      "geometry": {
        "coordinates": [
          [
            6.46272073289776,
            51.06147841774077
          ],
          [
            6.461100647344567,
            51.09107279059483
          ]
        ],
        "type": "LineString"
      },
      "properties": {
        "length_m": 3294.284,
        "orientation": "NS",
        "row": 53,
        "segment": 0
      },
      "type": "Feature"
    },
    {
      "geometry": {
        "coordinates": [
          [
            6.463044904074309,
            51.06142303157131
          ],
          [
            6.461421200556279,
            51.09108728870937
          ]
        ],
        "type": "LineString"
      },
      "properties": {
        "length_m": 3302.063,
        "orientation": "NS",
        "row": 54,
        "segment": 0
      },
      "type": "Feature"
    },
    {
      "geometry": {
        "coordinates": [
          [
            6.463369074506439,
            51.06136764449069
          ],
          [
            6.461741753999841,
            51.09110178594718
          ]
        ],
        "type": "LineString"
      },
      "properties": {
        "length_m": 3309.841,
        "orientation": "NS",
        "row": 55,
        "segment": 0
      },
      "type": "Feature"
    },
    {
      "geometry": {
        "coordinates": [
          [
            6.464778181245885,
            51.04145764165064
          ],
          [
            6.464758448033677,
            51.04181896635645
          ]
        ],
        "type": "LineString"
      },
      "properties": {
        "length_m": 40.22,
        "orientation": "NS",
        "row": 56,
        "segment": 0
      },
      "type": "Feature"
    },
    {
      "geometry": {
        "coordinates": [
          [
            6.46369324419414,
            51.061312256498944
          ],
          [
            6.462062307675241,
            51.091116282308285
          ]
        ],
        "type": "LineString"
      },
      "properties": {
        "length_m": 3317.619,
        "orientation": "NS",
        "row": 56,
        "segment": 1
      },
      "type": "Feature"
    },
    {
      "geometry": {
        "coordinates": [
          [
            6.465107022302383,
            51.04131410970318
          ],
          [
            6.4650031340849266,
            51.043216526207075
          ]
        ],
        "type": "LineString"
      },
      "properties": {
        "length_m": 211.765,
        "orientation": "NS",
        "row": 57,
        "segment": 0
      },
      "type": "Feature"
    },
    {
      "geometry": {
        "coordinates": [
          [
            6.464836648251028,
            51.046264806554085
          ],
          [
            6.464833456009266,
            51.04632324984761
          ]
        ],
        "type": "LineString"
      },
      "properties": {
        "length_m": 6.506,
        "orientation": "NS",
        "row": 57,
        "segment": 1
      },
      "type": "Feature"
    },
    {
      "geometry": {
        "coordinates": [
          [
            6.464017413137395,
            51.06125686759604
          ],
          [
            6.462382861582461,
            51.09113077779267
          ]
        ],
        "type": "LineString"
      },
      "properties": {
        "length_m": 3325.398,
        "orientation": "NS",
        "row": 57,
        "segment": 2
      },
      "type": "Feature"
    },
    {
      "geometry": {
        "coordinates": [
          [
            6.46543586134236,
            51.04117057679772
          ],
          [
            6.465260723998093,
            51.04437803094804
          ]
        ],
        "type": "LineString"
      },
      "properties": {
        "length_m": 357.033,
        "orientation": "NS",
        "row": 58,
        "segment": 0
      },
      "type": "Feature"
    },
    {
      "geometry": {
        "coordinates": [
          [
            6.465161068965058,
            51.04620284336949
          ],
          [
            6.4651421355098355,
            51.04654951779829
          ]
        ],
        "type": "LineString"
      },
      "properties": {
        "length_m": 38.59,
        "orientation": "NS",
        "row": 58,
        "segment": 1
      },
      "type": "Feature"
    },
    {
      "geometry": {
        "coordinates": [
          [
            6.46434162321828,
            51.0612007115669
          ],
          [
            6.462703415721485,
            51.09114527240033
          ]
        ],
        "type": "LineString"
      },
      "properties": {
        "length_m": 3333.261,
        "orientation": "NS",
        "row": 58,
        "segment": 2
      },
      "type": "Feature"
    },
    {
      "geometry": {
        "coordinates": [
          [
            6.465764698365823,
            51.041027042934246
          ],
          [
            6.465529551189764,
            51.04533395911442
          ]
        ],
        "type": "LineString"
      },
      "properties": {
        "length_m": 479.418,
        "orientation": "NS",
        "row": 59,
        "segment": 0
      },
      "type": "Feature"
    },
    {
      "geometry": {
        "coordinates": [
          [
            6.465492671891903,
            51.046009337586625
          ],
          [
            6.4654508180102,
            51.04677578496788
          ]
        ],
        "type": "LineString"
      },
      "properties": {
        "length_m": 85.316,
        "orientation": "NS",
        "row": 59,
        "segment": 1
      },
      "type": "Feature"
    },
    {
      "geometry": {
        "coordinates": [
          [
            6.464669061306261,
            51.06108547799534
          ],
          [
            6.463023970092299,
            51.09115976613127
          ]
        ],
        "type": "LineString"
      },
      "properties": {
        "length_m": 3347.701,
        "orientation": "NS",
        "row": 59,
        "segment": 2
      },
      "type": "Feature"
    },
    {
      "geometry": {
        "coordinates": [
          [
            6.46609348737776,
            51.040884350767755
          ],
          [
            6.465759503510404,
            51.047002051356365
          ]
        ],
        "type": "LineString"
      },
      "properties": {
        "length_m": 680.983,
        "orientation": "NS",
        "row": 60,
        "segment": 0
      },
      "type": "Feature"
    },
    {
      "geometry": {
        "coordinates": [
          [
            6.465013802055796,
            51.06065358184479
          ],
          [
            6.463344566591411,
            51.09117349363003
          ]
        ],
        "type": "LineString"
      },
      "properties": {
        "length_m": 3397.304,
        "orientation": "NS",
        "row": 60,
        "segment": 1
      },
      "type": "Feature"
    },
    {
      "geometry": {
        "coordinates": [
          [
            6.466422115327593,
            51.04074457207023
          ],
          [
            6.466068192010495,
            51.04722831696373
          ]
        ],
        "type": "LineString"
      },
      "properties": {
        "length_m": 721.729,
        "orientation": "NS",
        "row": 61,
        "segment": 0
      },
      "type": "Feature"
    },
    {
      "geometry": {
        "coordinates": [
          [
            6.465340910446008,
            51.06054427959618
          ],
          [
            6.463665295785159,
            51.09118479995453
          ]
        ],
        "type": "LineString"
      },
      "properties": {
        "length_m": 3410.729,
        "orientation": "NS",
        "row": 61,
        "segment": 1
      },
      "type": "Feature"
    },
    {
      "geometry": {
        "coordinates": [
          [
            6.466750741316177,
            51.04060479241682
          ],
          [
            6.466376883510515,
            51.04745458178995
          ]
        ],
        "type": "LineString"
      },
      "properties": {
        "length_m": 762.474,
        "orientation": "NS",
        "row": 62,
        "segment": 0
      },
      "type": "Feature"
    },
    {
      "geometry": {
        "coordinates": [
          [
            6.465668017318091,
            51.06043497640778
          ],
          [
            6.46398602516675,
            51.09119610540077
          ]
        ],
        "type": "LineString"
      },
      "properties": {
        "length_m": 3424.153,
        "orientation": "NS",
        "row": 62,
        "segment": 1
      },
      "type": "Feature"
    },
    {
      "geometry": {
        "coordinates": [
          [
            6.467079365343519,
            51.040465011807576
          ],
          [
            6.466685578010509,
            51.047680845835
          ]
        ],
        "type": "LineString"
      },
      "properties": {
        "length_m": 803.22,
        "orientation": "NS",
        "row": 63,
        "segment": 0
      },
      "type": "Feature"
    },
    {
      "geometry": {
        "coordinates": [
          [
            6.465995122672041,
            51.060325672279625
          ],
          [
            6.464306754736168,
            51.09120740996869
          ]
        ],
        "type": "LineString"
      },
      "properties": {
        "length_m": 3437.578,
        "orientation": "NS",
        "row": 63,
        "segment": 1
      },
      "type": "Feature"
    },
    {
      "geometry": {
        "coordinates": [
          [
            6.467407960883351,
            51.04032571648121
          ],
          [
            6.466994275510521,
            51.04790710909889
          ]
        ],
        "type": "LineString"
      },
      "properties": {
        "length_m": 843.911,
        "orientation": "NS",
        "row": 64,
        "segment": 0
      },
      "type": "Feature"
    },
    {
      "geometry": {
        "coordinates": [
          [
            6.466322226507858,
            51.060216367211694
          ],
          [
            6.4646274844934,
            51.09121871365831
          ]
        ],
        "type": "LineString"
      },
      "properties": {
        "length_m": 3451.002,
        "orientation": "NS",
        "row": 64,
        "segment": 1
      },
      "type": "Feature"
    },
    {
      "geometry": {
        "coordinates": [
          [
            6.467736253947371,
            51.04019192964226
          ],
          [
            6.467302976010595,
            51.04813337158155
          ]
        ],
        "type": "LineString"
      },
      "properties": {
        "length_m": 883.989,
        "orientation": "NS",
        "row": 65,
        "segment": 0
      },
      "type": "Feature"
    },
    {
      "geometry": {
        "coordinates": [
          [
            6.466649328825536,
            51.06010706120401
          ],
          [
            6.4649482144384285,
            51.09123001646964
          ]
        ],
        "type": "LineString"
      },
      "properties": {
        "length_m": 3464.427,
        "orientation": "NS",
        "row": 65,
        "segment": 1
      },
      "type": "Feature"
    },
    {
      "geometry": {
        "coordinates": [
          [
            6.46806454513814,
            51.04005814185083
          ],
          [
            6.467611679510779,
            51.04835963328299
          ]
        ],
        "type": "LineString"
      },
      "properties": {
        "length_m": 924.067,
        "orientation": "NS",
        "row": 66,
        "segment": 0
      },
      "type": "Feature"
    },
    {
      "geometry": {
        "coordinates": [
          [
            6.466976429625074,
            51.05999775425659
          ],
          [
            6.465268944571236,
            51.091241318402666
          ]
        ],
        "type": "LineString"
      },
      "properties": {
        "length_m": 3477.852,
        "orientation": "NS",
        "row": 66,
        "segment": 1
      },
      "type": "Feature"
    },
    {
      "geometry": {
        "coordinates": [
          [
            6.468392834455663,
            51.03992435310691
          ],
          [
            6.467920386011112,
            51.048585894203185
          ]
        ],
        "type": "LineString"
      },
      "properties": {
        "length_m": 964.146,
        "orientation": "NS",
        "row": 67,
        "segment": 0
      },
      "type": "Feature"
    },
    {
      "geometry": {
        "coordinates": [
          [
            6.4673035289064655,
            51.05988844636945
          ],
          [
            6.465589674891809,
            51.0912526194574
          ]
        ],
        "type": "LineString"
      },
      "properties": {
        "length_m": 3491.276,
        "orientation": "NS",
        "row": 67,
        "segment": 1
      },
      "type": "Feature"
    },
    {
      "geometry": {
        "coordinates": [
          [
            6.468721121899942,
            51.03979056341054
          ],
          [
            6.468229095511643,
            51.04881215434214
          ]
        ],
        "type": "LineString"
      },
      "properties": {
        "length_m": 1004.224,
        "orientation": "NS",
        "row": 68,
        "segment": 0
      },
      "type": "Feature"
    },
    {
      "geometry": {
        "coordinates": [
          [
            6.46763062666971,
            51.05977913754258
          ],
          [
            6.4659104054001295,
            51.091263919633825
          ]
        ],
        "type": "LineString"
      },
      "properties": {
        "length_m": 3504.701,
        "orientation": "NS",
        "row": 68,
        "segment": 1
      },
      "type": "Feature"
    },
    {
      "geometry": {
        "coordinates": [
          [
            6.469049407470983,
            51.03965677276171
          ],
          [
            6.468537808012414,
            51.04903841369978
          ]
        ],
        "type": "LineString"
      },
      "properties": {
        "length_m": 1044.302,
        "orientation": "NS",
        "row": 69,
        "segment": 0
      },
      "type": "Feature"
    },
    {
      "geometry": {
        "coordinates": [
          [
            6.4679577229148055,
            51.05966982777599
          ],
          [
            6.466231136096183,
            51.09127521893194
          ]
        ],
        "type": "LineString"
      },
      "properties": {
        "length_m": 3518.125,
        "orientation": "NS",
        "row": 69,
        "segment": 1
      },
      "type": "Feature"
    },
    {
      "geometry": {
        "coordinates": [
          [
            6.469377691168788,
            51.03952298116046
          ],
          [
            6.46884652351347,
            51.049264672276145
          ]
        ],
        "type": "LineString"
      },
      "properties": {
        "length_m": 1084.38,
        "orientation": "NS",
        "row": 70,
        "segment": 0
      },
      "type": "Feature"
    },
    {
      "geometry": {
        "coordinates": [
          [
            6.468284817641747,
            51.059560517069706
          ],
          [
            6.466551866979952,
            51.09128651735177
          ]
        ],
        "type": "LineString"
      },
      "properties": {
        "length_m": 3531.55,
        "orientation": "NS",
        "row": 70,
        "segment": 1
      },
      "type": "Feature"
    },
    {
      "geometry": {
        "coordinates": [
          [
            6.469706267036461,
            51.039383793579034
          ],
          [
            6.469155453113363,
            51.0494870591344
          ]
        ],
        "type": "LineString"
      },
      "properties": {
        "length_m": 1124.628,
        "orientation": "NS",
        "row": 71,
        "segment": 0
      },
      "type": "Feature"
    },
    {
      "geometry": {
        "coordinates": [
          [
            6.468611910850529,
            51.05945120542375
          ],
          [
            6.466872598051421,
            51.09129781489328
          ]
        ],
        "type": "LineString"
      },
      "properties": {
        "length_m": 3544.974,
        "orientation": "NS",
        "row": 71,
        "segment": 1
      },
      "type": "Feature"
    },
    {
      "geometry": {
        "coordinates": [
          [
            6.470034860673573,
            51.03924424314257
          ],
          [
            6.469464430372709,
            51.049708625315276
          ]
        ],
        "type": "LineString"
      },
      "properties": {
        "length_m": 1164.825,
        "orientation": "NS",
        "row": 72,
        "segment": 0
      },
      "type": "Feature"
    },
    {
      "geometry": {
        "coordinates": [
          [
            6.468939002541155,
            51.05934189283809
          ],
          [
            6.467193329310576,
            51.09130911155649
          ]
        ],
        "type": "LineString"
      },
      "properties": {
        "length_m": 3558.399,
        "orientation": "NS",
        "row": 72,
        "segment": 1
      },
      "type": "Feature"
    },
    {
      "geometry": {
        "coordinates": [
          [
            6.470354090027993,
            51.039276514882275
          ],
          [
            6.469773410574159,
            51.049930190712914
          ]
        ],
        "type": "LineString"
      },
      "properties": {
        "length_m": 1185.895,
        "orientation": "NS",
        "row": 73,
        "segment": 0
      },
      "type": "Feature"
    },
    {
      "geometry": {
        "coordinates": [
          [
            6.469266092713616,
            51.059232579312784
          ],
          [
            6.467514060757399,
            51.09132040734139
          ]
        ],
        "type": "LineString"
      },
      "properties": {
        "length_m": 3571.824,
        "orientation": "NS",
        "row": 73,
        "segment": 1
      },
      "type": "Feature"
    },
    {
      "geometry": {
        "coordinates": [
          [
            6.4706765769749,
            51.039249001829184
          ],
          [
            6.470082393717756,
            51.050151755327306
          ]
        ],
        "type": "LineString"
      },
      "properties": {
        "length_m": 1213.621,
        "orientation": "NS",
        "row": 74,
        "segment": 0
      },
      "type": "Feature"
    },
    {
      "geometry": {
        "coordinates": [
          [
            6.4695931813679115,
            51.059123264847806
          ],
          [
            6.467834931855853,
            51.09132915004487
          ]
        ],
        "type": "LineString"
      },
      "properties": {
        "length_m": 3584.964,
        "orientation": "NS",
        "row": 74,
        "segment": 1
      },
      "type": "Feature"
    },
    {
      "geometry": {
        "coordinates": [
          [
            6.470999367175859,
            51.03921591452442
          ],
          [
            6.470391379803539,
            51.05037331915842
          ]
        ],
        "type": "LineString"
      },
      "properties": {
        "length_m": 1241.966,
        "orientation": "NS",
        "row": 75,
        "segment": 0
      },
      "type": "Feature"
    },
    {
      "geometry": {
        "coordinates": [
          [
            6.469920268504038,
            51.059013949443184
          ],
          [
            6.468155905800283,
            51.09133601232952
          ]
        ],
        "type": "LineString"
      },
      "properties": {
        "length_m": 3597.895,
        "orientation": "NS",
        "row": 75,
        "segment": 1
      },
      "type": "Feature"
    },
    {
      "geometry": {
        "coordinates": [
          [
            6.4713221569476165,
            51.03918282632078
          ],
          [
            6.4707003688315545,
            51.050594882206234
          ]
        ],
        "type": "LineString"
      },
      "properties": {
        "length_m": 1270.312,
        "orientation": "NS",
        "row": 76,
        "segment": 0
      },
      "type": "Feature"
    },
    {
      "geometry": {
        "coordinates": [
          [
            6.470247354121992,
            51.058904633098926
          ],
          [
            6.468476879871158,
            51.09134287373369
          ]
        ],
        "type": "LineString"
      },
      "properties": {
        "length_m": 3610.827,
        "orientation": "NS",
        "row": 76,
        "segment": 1
      },
      "type": "Feature"
    },
    {
      "geometry": {
        "coordinates": [
          [
            6.471644946290153,
            51.03914973721826
          ],
          [
            6.471009360801843,
            51.050816444470726
          ]
        ],
        "type": "LineString"
      },
      "properties": {
        "length_m": 1298.658,
        "orientation": "NS",
        "row": 77,
        "segment": 0
      },
      "type": "Feature"
    },
    {
      "geometry": {
        "coordinates": [
          [
            6.470574438221771,
            51.05879531581506
          ],
          [
            6.468797854068464,
            51.091349734257335
          ]
        ],
        "type": "LineString"
      },
      "properties": {
        "length_m": 3623.758,
        "orientation": "NS",
        "row": 77,
        "segment": 1
      },
      "type": "Feature"
    },
    {
      "geometry": {
        "coordinates": [
          [
            6.471967735203456,
            51.039116647216865
          ],
          [
            6.471318355714444,
            51.05103800595189
          ]
        ],
        "type": "LineString"
      },
      "properties": {
        "length_m": 1327.004,
        "orientation": "NS",
        "row": 78,
        "segment": 0
      },
      "type": "Feature"
    },
    {
      "geometry": {
        "coordinates": [
          [
            6.470901520803371,
            51.05868599759155
          ],
          [
            6.469118828392184,
            51.09135659390052
          ]
        ],
        "type": "LineString"
      },
      "properties": {
        "length_m": 3636.689,
        "orientation": "NS",
        "row": 78,
        "segment": 1
      },
      "type": "Feature"
    },
    {
      "geometry": {
        "coordinates": [
          [
            6.472290523687511,
            51.03908355631659
          ],
          [
            6.471627353569403,
            51.05125956664969
          ]
        ],
        "type": "LineString"
      },
      "properties": {
        "length_m": 1355.349,
        "orientation": "NS",
        "row": 79,
        "segment": 0
      },
      "type": "Feature"
    },
    {
      "geometry": {
        "coordinates": [
          [
            6.47122860186679,
            51.05857667842846
          ],
          [
            6.4694398028423,
            51.09136345266319
          ]
        ],
        "type": "LineString"
      },
      "properties": {
        "length_m": 3649.62,
        "orientation": "NS",
        "row": 79,
        "segment": 1
      },
      "type": "Feature"
    },
    {
      "geometry": {
        "coordinates": [
          [
            6.472613858310664,
            51.03904042454654
          ],
          [
            6.47193635436676,
            51.051481126564134
          ]
        ],
        "type": "LineString"
      },
      "properties": {
        "length_m": 1384.813,
        "orientation": "NS",
        "row": 80,
        "segment": 0
      },
      "type": "Feature"
    },
    {
      "geometry": {
        "coordinates": [
          [
            6.47154054350138,
            51.05874511619417
          ],
          [
            6.469760777418799,
            51.09137031054535
          ]
        ],
        "type": "LineString"
      },
      "properties": {
        "length_m": 3631.634,
        "orientation": "NS",
        "row": 80,
        "segment": 1
      },
      "type": "Feature"
    },
    {
      "geometry": {
        "coordinates": [
          [
            6.472937369002713,
            51.03899404674498
          ],
          [
            6.4722453581065595,
            51.05170268569516
          ]
        ],
        "type": "LineString"
      },
      "properties": {
        "length_m": 1414.637,
        "orientation": "NS",
        "row": 81,
        "segment": 0
      },
      "type": "Feature"
    },
    {
      "geometry": {
        "coordinates": [
          [
            6.471850032842018,
            51.05895859564287
          ],
          [
            6.470082383311985,
            51.09136560645186
          ]
        ],
        "type": "LineString"
      },
      "properties": {
        "length_m": 3607.346,
        "orientation": "NS",
        "row": 81,
        "segment": 1
      },
      "type": "Feature"
    },
    {
      "geometry": {
        "coordinates": [
          [
            6.473260879078595,
            51.03894766803776
          ],
          [
            6.472554364788841,
            51.051924244042794
          ]
        ],
        "type": "LineString"
      },
      "properties": {
        "length_m": 1444.462,
        "orientation": "NS",
        "row": 82,
        "segment": 0
      },
      "type": "Feature"
    },
    {
      "geometry": {
        "coordinates": [
          [
            6.472159525025511,
            51.05917207430471
          ],
          [
            6.470404103885916,
            51.09135880005286
          ]
        ],
        "type": "LineString"
      },
      "properties": {
        "length_m": 3582.824,
        "orientation": "NS",
        "row": 82,
        "segment": 1
      },
      "type": "Feature"
    },
    {
      "geometry": {
        "coordinates": [
          [
            6.4735843885382955,
            51.03890128842488
          ],
          [
            6.472863374413647,
            51.05214580160699
          ]
        ],
        "type": "LineString"
      },
      "properties": {
        "length_m": 1474.286,
        "orientation": "NS",
        "row": 83,
        "segment": 0
      },
      "type": "Feature"
    },
    {
      "geometry": {
        "coordinates": [
          [
            6.472469020051893,
            51.05938555217968
          ],
          [
            6.470725824396812,
            51.09135199276657
          ]
        ],
        "type": "LineString"
      },
      "properties": {
        "length_m": 3558.303,
        "orientation": "NS",
        "row": 83,
        "segment": 1
      },
      "type": "Feature"
    },
    {
      "geometry": {
        "coordinates": [
          [
            6.473907897381804,
            51.038854907906334
          ],
          [
            6.47317238698102,
            51.052367358387734
          ]
        ],
        "type": "LineString"
      },
      "properties": {
        "length_m": 1504.111,
        "orientation": "NS",
        "row": 84,
        "segment": 0
      },
      "type": "Feature"
    },
    {
      "geometry": {
        "coordinates": [
          [
            6.472780404749705,
            51.05956439312549
          ],
          [
            6.471047544844654,
            51.09134518459304
          ]
        ],
        "type": "LineString"
      },
      "properties": {
        "length_m": 3537.637,
        "orientation": "NS",
        "row": 84,
        "segment": 1
      },
      "type": "Feature"
    },
    {
      "geometry": {
        "coordinates": [
          [
            6.474231405609102,
            51.03880852648214
          ],
          [
            6.473481402491004,
            51.052588914385
          ]
        ],
        "type": "LineString"
      },
      "properties": {
        "length_m": 1533.935,
        "orientation": "NS",
        "row": 85,
        "segment": 0
      },
      "type": "Feature"
    },
    {
      "geometry": {
        "coordinates": [
          [
            6.473097708539622,
            51.05963460866838
          ],
          [
            6.4713692652294315,
            51.091338375532196
          ]
        ],
        "type": "LineString"
      },
      "properties": {
        "length_m": 3529.062,
        "orientation": "NS",
        "row": 85,
        "segment": 1
      },
      "type": "Feature"
    },
    {
      "geometry": {
        "coordinates": [
          [
            6.474555177608762,
            51.0387572837829
          ],
          [
            6.473790420943637,
            51.05281046959879
          ]
        ],
        "type": "LineString"
      },
      "properties": {
        "length_m": 1564.301,
        "orientation": "NS",
        "row": 86,
        "segment": 0
      },
      "type": "Feature"
    },
    {
      "geometry": {
        "coordinates": [
          [
            6.473419333014688,
            51.059625507713015
          ],
          [
            6.471690985551125,
            51.091331565584085
          ]
        ],
        "type": "LineString"
      },
      "properties": {
        "length_m": 3529.316,
        "orientation": "NS",
        "row": 86,
        "segment": 1
      },
      "type": "Feature"
    },
    {
      "geometry": {
        "coordinates": [
          [
            6.474879197315186,
            51.03870147328891
          ],
          [
            6.474099442338965,
            51.053032024029065
          ]
        ],
        "type": "LineString"
      },
      "properties": {
        "length_m": 1595.175,
        "orientation": "NS",
        "row": 87,
        "segment": 0
      },
      "type": "Feature"
    },
    {
      "geometry": {
        "coordinates": [
          [
            6.473745674744276,
            51.059529777301876
          ],
          [
            6.472013250162373,
            51.091314776557574
          ]
        ],
        "type": "LineString"
      },
      "properties": {
        "length_m": 3538.102,
        "orientation": "NS",
        "row": 87,
        "segment": 1
      },
      "type": "Feature"
    },
    {
      "geometry": {
        "coordinates": [
          [
            6.475203216272092,
            51.03864566188439
          ],
          [
            6.474408466677028,
            51.0532535776758
          ]
        ],
        "type": "LineString"
      },
      "properties": {
        "length_m": 1626.049,
        "orientation": "NS",
        "row": 88,
        "segment": 0
      },
      "type": "Feature"
    },
    {
      "geometry": {
        "coordinates": [
          [
            6.4740788193248635,
            51.05930907798438
          ],
          [
            6.472336965270163,
            51.091271391341486
          ]
        ],
        "type": "LineString"
      },
      "properties": {
        "length_m": 3557.839,
        "orientation": "NS",
        "row": 88,
        "segment": 1
      },
      "type": "Feature"
    },
    {
      "geometry": {
        "coordinates": [
          [
            6.4755272344794665,
            51.03858984956937
          ],
          [
            6.474717493957868,
            51.053475130539
          ]
        ],
        "type": "LineString"
      },
      "properties": {
        "length_m": 1656.923,
        "orientation": "NS",
        "row": 89,
        "segment": 0
      },
      "type": "Feature"
    },
    {
      "geometry": {
        "coordinates": [
          [
            6.474412912049447,
            51.059070902892174
          ],
          [
            6.472660679802164,
            51.09122800521961
          ]
        ],
        "type": "LineString"
      },
      "properties": {
        "length_m": 3579.521,
        "orientation": "NS",
        "row": 89,
        "segment": 1
      },
      "type": "Feature"
    },
    {
      "geometry": {
        "coordinates": [
          [
            6.475851251937297,
            51.03853403634386
          ],
          [
            6.475026524181527,
            51.05369668261863
          ]
        ],
        "type": "LineString"
      },
      "properties": {
        "length_m": 1687.797,
        "orientation": "NS",
        "row": 90,
        "segment": 0
      },
      "type": "Feature"
    },
    {
      "geometry": {
        "coordinates": [
          [
            6.474747001333706,
            51.05883272678705
          ],
          [
            6.472984393758362,
            51.091184618191946
          ]
        ],
        "type": "LineString"
      },
      "properties": {
        "length_m": 3601.202,
        "orientation": "NS",
        "row": 90,
        "segment": 1
      },
      "type": "Feature"
    },
    {
      "geometry": {
        "coordinates": [
          [
            6.476175268645569,
            51.03847822220785
          ],
          [
            6.47533555734805,
            51.053918233914665
          ]
        ],
        "type": "LineString"
      },
      "properties": {
        "length_m": 1718.671,
        "orientation": "NS",
        "row": 91,
        "segment": 0
      },
      "type": "Feature"
    },
    {
      "geometry": {
        "coordinates": [
          [
            6.475081087177696,
            51.05859454966907
          ],
          [
            6.473308107138743,
            51.091141230258486
          ]
        ],
        "type": "LineString"
      },
      "properties": {
        "length_m": 3622.884,
        "orientation": "NS",
        "row": 91,
        "segment": 1
      },
      "type": "Feature"
    },
    {
      "geometry": {
        "coordinates": [
          [
            6.47649928460427,
            51.03842240716135
          ],
          [
            6.475644593457475,
            51.0541397844271
          ]
        ],
        "type": "LineString"
      },
      "properties": {
        "length_m": 1749.545,
        "orientation": "NS",
        "row": 92,
        "segment": 0
      },
      "type": "Feature"
    },
    {
      "geometry": {
        "coordinates": [
          [
            6.475415169581463,
            51.058356371538245
          ],
          [
            6.473631819943293,
            51.091097841419234
          ]
        ],
        "type": "LineString"
      },
      "properties": {
        "length_m": 3644.566,
        "orientation": "NS",
        "row": 92,
        "segment": 1
      },
      "type": "Feature"
    },
    {
      "geometry": {
        "coordinates": [
          [
            6.476823299813386,
            51.03836659120439
          ],
          [
            6.475954062776678,
            51.05435342440552
          ]
        ],
        "type": "LineString"
      },
      "properties": {
        "length_m": 1779.538,
        "orientation": "NS",
        "row": 93,
        "segment": 0
      },
      "type": "Feature"
    },
    {
      "geometry": {
        "coordinates": [
          [
            6.475749248545061,
            51.0581181923946
          ],
          [
            6.4742744080413175,
            51.0852037965179
          ]
        ],
        "type": "LineString"
      },
      "properties": {
        "length_m": 3014.989,
        "orientation": "NS",
        "row": 93,
        "segment": 1
      },
      "type": "Feature"
    },
    {
      "geometry": {
        "coordinates": [
          [
            6.474144544409527,
            51.087586739420836
          ],
          [
            6.4739555321719955,
            51.091054451674225
          ]
        ],
        "type": "LineString"
      },
      "properties": {
        "length_m": 386.004,
        "orientation": "NS",
        "row": 93,
        "segment": 2
      },
      "type": "Feature"
    },
    {
      "geometry": {
        "coordinates": [
          [
            6.477147314272906,
            51.038310774336935
          ],
          [
            6.476263773843262,
            51.05456267124824
          ]
        ],
        "type": "LineString"
      },
      "properties": {
        "length_m": 1809.043,
        "orientation": "NS",
        "row": 94,
        "segment": 0
      },
      "type": "Feature"
    },
    {
      "geometry": {
        "coordinates": [
          [
            6.476083324068541,
            51.05788001223816
          ],
          [
            6.474654127563267,
            51.084131690818054
          ]
        ],
        "type": "LineString"
      },
      "properties": {
        "length_m": 2922.161,
        "orientation": "NS",
        "row": 94,
        "segment": 1
      },
      "type": "Feature"
    },
    {
      "geometry": {
        "coordinates": [
          [
            6.474412690393104,
            51.088562537755664
          ],
          [
            6.4742816331841535,
            51.09096722326886
          ]
        ],
        "type": "LineString"
      },
      "properties": {
        "length_m": 267.675,
        "orientation": "NS",
        "row": 94,
        "segment": 2
      },
      "type": "Feature"
    },
    {
      "geometry": {
        "coordinates": [
          [
            6.4774713279828156,
            51.038254956559
          ],
          [
            6.476573487699203,
            51.054771917302354
          ]
        ],
        "type": "LineString"
      },
      "properties": {
        "length_m": 1838.547,
        "orientation": "NS",
        "row": 95,
        "segment": 0
      },
      "type": "Feature"
    },
    {
      "geometry": {
        "coordinates": [
          [
            6.476417396151955,
            51.05764183106894
          ],
          [
            6.475018292123672,
            51.08334479765911
          ]
        ],
        "type": "LineString"
      },
      "properties": {
        "length_m": 2861.081,
        "orientation": "NS",
        "row": 95,
        "segment": 1
      },
      "type": "Feature"
    },
    {
      "geometry": {
        "coordinates": [
          [
            6.474705008911064,
            51.08909493532319
          ],
          [
            6.474617451946846,
            51.090701654845375
          ]
        ],
        "type": "LineString"
      },
      "properties": {
        "length_m": 178.85,
        "orientation": "NS",
        "row": 95,
        "segment": 2
      },
      "type": "Feature"
    },
    {
      "geometry": {
        "coordinates": [
          [
            6.477795287871106,
            51.03820011479062
          ],
          [
            6.476883204344534,
            51.05498116256784
          ]
        ],
        "type": "LineString"
      },
      "properties": {
        "length_m": 1867.943,
        "orientation": "NS",
        "row": 96,
        "segment": 0
      },
      "type": "Feature"
    },
    {
      "geometry": {
        "coordinates": [
          [
            6.4767514647953535,
            51.05740364888696
          ],
          [
            6.47536679289324,
            51.08284526291173
          ]
        ],
        "type": "LineString"
      },
      "properties": {
        "length_m": 2831.988,
        "orientation": "NS",
        "row": 96,
        "segment": 1
      },
      "type": "Feature"
    },
    {
      "geometry": {
        "coordinates": [
          [
            6.474996251419614,
            51.089647200172614
          ],
          [
            6.474957675174189,
            51.09035518198735
          ]
        ],
        "type": "LineString"
      },
      "properties": {
        "length_m": 78.808,
        "orientation": "NS",
        "row": 96,
        "segment": 2
      },
      "type": "Feature"
    },
    {
      "geometry": {
        "coordinates": [
          [
            6.478119102518262,
            51.038147932433866
          ],
          [
            6.477192923779293,
            51.055190407044684
          ]
        ],
        "type": "LineString"
      },
      "properties": {
        "length_m": 1897.043,
        "orientation": "NS",
        "row": 97,
        "segment": 0
      },
      "type": "Feature"
    },
    {
      "geometry": {
        "coordinates": [
          [
            6.477085529998787,
            51.05716546569227
          ],
          [
            6.47571398076068,
            51.082369695268
          ]
        ],
        "type": "LineString"
      },
      "properties": {
        "length_m": 2805.563,
        "orientation": "NS",
        "row": 97,
        "segment": 1
      },
      "type": "Feature"
    },
    {
      "geometry": {
        "coordinates": [
          [
            6.478442916467248,
            51.03809574916852
          ],
          [
            6.477502646003517,
            51.05539965073284
          ]
        ],
        "type": "LineString"
      },
      "properties": {
        "length_m": 1926.142,
        "orientation": "NS",
        "row": 98,
        "segment": 0
      },
      "type": "Feature"
    },
    {
      "geometry": {
        "coordinates": [
          [
            6.477419591762308,
            51.056927281484874
          ],
          [
            6.476060971905338,
            51.081897606107056
          ]
        ],
        "type": "LineString"
      },
      "properties": {
        "length_m": 2779.525,
        "orientation": "NS",
        "row": 98,
        "segment": 1
      },
      "type": "Feature"
    },
    {
      "geometry": {
        "coordinates": [
          [
            6.47876672971805,
            51.03804356499462
          ],
          [
            6.477812371017238,
            51.05560889363232
          ]
        ],
        "type": "LineString"
      },
      "properties": {
        "length_m": 1955.242,
        "orientation": "NS",
        "row": 99,
        "segment": 0
      },
      "type": "Feature"
    },
    {
      "geometry": {
        "coordinates": [
          [
            6.477753650085967,
            51.0566890962648
          ],
          [
            6.476404781067479,
            51.08148383275319
          ]
        ],
        "type": "LineString"
      },
      "properties": {
        "length_m": 2759.979,
        "orientation": "NS",
        "row": 99,
        "segment": 1
      },
      "type": "Feature"
    },
    {
      "geometry": {
        "coordinates": [
          [
            6.479090542270655,
            51.03799137991216
          ],
          [
            6.47812133123526,
            51.05583225794275
          ]
        ],
        "type": "LineString"
      },
      "properties": {
        "length_m": 1985.914,
        "orientation": "NS",
        "row": 100,
        "segment": 0
      },
      "type": "Feature"
    },
    {
      "geometry": {
        "coordinates": [
          [
            6.478087920946878,
            51.056446936581466
          ],
          [
            6.4767471565457475,
            51.081096282757535
          ]
        ],
        "type": "LineString"
      },
      "properties": {
        "length_m": 2743.795,
        "orientation": "NS",
        "row": 100,
        "segment": 1
      },
      "type": "Feature"
    },
    {
      "geometry": {
        "coordinates": [
          [
            6.47941435412505,
            51.03793919392111
          ],
          [
            6.477089518943392,
            51.08070886534226
          ]
        ],
        "type": "LineString"
      },
      "properties": {
        "length_m": 4760.813,
        "orientation": "NS",
        "row": 101,
        "segment": 0
      },
      "type": "Feature"
    },
    {
      "geometry": {
        "coordinates": [
          [
            6.479738165281222,
            51.037887007021524
          ],
          [
            6.477431786301552,
            51.08032308673238
          ]
        ],
        "type": "LineString"
      },
      "properties": {
        "length_m": 4723.678,
        "orientation": "NS",
        "row": 102,
        "segment": 0
      },
      "type": "Feature"
    },
    {
      "geometry": {
        "coordinates": [
          [
            6.480062067427964,
            51.03783312991407
          ],
          [
            6.477774047884069,
            51.07993730701634
          ]
        ],
        "type": "LineString"
      },
      "properties": {
        "length_m": 4686.732,
        "orientation": "NS",
        "row": 103,
        "segment": 0
      },
      "type": "Feature"
    },
    {
      "geometry": {
        "coordinates": [
          [
            6.477408893737265,
            51.08664747299039
          ],
          [
            6.477399395121629,
            51.08682198747973
          ]
        ],
        "type": "LineString"
      },
      "properties": {
        "length_m": 19.426,
        "orientation": "NS",
        "row": 103,
        "segment": 1
      },
      "type": "Feature"
    },
    {
      "geometry": {
        "coordinates": [
          [
            6.480386045209275,
            51.03777784489659
          ],
          [
            6.4781167078350865,
            51.07954409699656
          ]
        ],
        "type": "LineString"
      },
      "properties": {
        "length_m": 4649.115,
        "orientation": "NS",
        "row": 104,
        "segment": 0
      },
      "type": "Feature"
    },
    {
      "geometry": {
        "coordinates": [
          [
            6.477732308684264,
            51.08660890270235
          ],
          [
            6.4777005197922,
            51.08719301697212
          ]
        ],
        "type": "LineString"
      },
      "properties": {
        "length_m": 65.02,
        "orientation": "NS",
        "row": 104,
        "segment": 1
      },
      "type": "Feature"
    },
    {
      "geometry": {
        "coordinates": [
          [
            6.480710022248504,
            51.03772255896895
          ],
          [
            6.478459523618247,
            51.079147912438486
          ]
        ],
        "type": "LineString"
      },
      "properties": {
        "length_m": 4611.168,
        "orientation": "NS",
        "row": 105,
        "segment": 0
      },
      "type": "Feature"
    },
    {
      "geometry": {
        "coordinates": [
          [
            6.478055880504223,
            51.08656743924968
          ],
          [
            6.478003902383653,
            51.08752264032725
          ]
        ],
        "type": "LineString"
      },
      "properties": {
        "length_m": 106.327,
        "orientation": "NS",
        "row": 105,
        "segment": 1
      },
      "type": "Feature"
    },
    {
      "geometry": {
        "coordinates": [
          [
            6.48103399854564,
            51.03766727213118
          ],
          [
            6.478802333456886,
            51.07875172676748
          ]
        ],
        "type": "LineString"
      },
      "properties": {
        "length_m": 4573.22,
        "orientation": "NS",
        "row": 106,
        "segment": 0
      },
      "type": "Feature"
    },
    {
      "geometry": {
        "coordinates": [
          [
            6.478380034522626,
            51.08651526407152
          ],
          [
            6.478307788760687,
            51.08784308243183
          ]
        ],
        "type": "LineString"
      },
      "properties": {
        "length_m": 147.804,
        "orientation": "NS",
        "row": 106,
        "segment": 1
      },
      "type": "Feature"
    },
    {
      "geometry": {
        "coordinates": [
          [
            6.481351469417641,
            51.03773189069835
          ],
          [
            6.479145137351178,
            51.07835553998361
          ]
        ],
        "type": "LineString"
      },
      "properties": {
        "length_m": 4521.925,
        "orientation": "NS",
        "row": 107,
        "segment": 0
      },
      "type": "Feature"
    },
    {
      "geometry": {
        "coordinates": [
          [
            6.478704079171711,
            51.086465085572016
          ],
          [
            6.4786148058315085,
            51.088106056319695
          ]
        ],
        "type": "LineString"
      },
      "properties": {
        "length_m": 182.662,
        "orientation": "NS",
        "row": 107,
        "segment": 1
      },
      "type": "Feature"
    },
    {
      "geometry": {
        "coordinates": [
          [
            6.481627977235082,
            51.038551706397904
          ],
          [
            6.479487935301307,
            51.077959352086914
          ]
        ],
        "type": "LineString"
      },
      "properties": {
        "length_m": 4386.568,
        "orientation": "NS",
        "row": 108,
        "segment": 0
      },
      "type": "Feature"
    },
    {
      "geometry": {
        "coordinates": [
          [
            6.47902816807157,
            51.08641408027619
          ],
          [
            6.478925562248266,
            51.08830035393158
          ]
        ],
        "type": "LineString"
      },
      "properties": {
        "length_m": 209.967,
        "orientation": "NS",
        "row": 108,
        "segment": 1
      },
      "type": "Feature"
    },
    {
      "geometry": {
        "coordinates": [
          [
            6.481912160275532,
            51.039230185736876
          ],
          [
            6.4798307273074505,
            51.07756316307742
          ]
        ],
        "type": "LineString"
      },
      "properties": {
        "length_m": 4266.943,
        "orientation": "NS",
        "row": 109,
        "segment": 0
      },
      "type": "Feature"
    },
    {
      "geometry": {
        "coordinates": [
          [
            6.479356670908958,
            51.08628190186369
          ],
          [
            6.4792363212714585,
            51.088494650747656
          ]
        ],
        "type": "LineString"
      },
      "properties": {
        "length_m": 246.308,
        "orientation": "NS",
        "row": 109,
        "segment": 1
      },
      "type": "Feature"
    },
    {
      "geometry": {
        "coordinates": [
          [
            6.48220598789879,
            51.039730978663016
          ],
          [
            6.480173513369787,
            51.07716697295518
          ]
        ],
        "type": "LineString"
      },
      "properties": {
        "length_m": 4167.096,
        "orientation": "NS",
        "row": 110,
        "segment": 0
      },
      "type": "Feature"
    },
    {
      "geometry": {
        "coordinates": [
          [
            6.479719212441722,
            51.08552371714841
          ],
          [
            6.479547116363066,
            51.08868833150379
          ]
        ],
        "type": "LineString"
      },
      "properties": {
        "length_m": 352.263,
        "orientation": "NS",
        "row": 110,
        "segment": 1
      },
      "type": "Feature"
    },
    {
      "geometry": {
        "coordinates": [
          [
            6.482499821696523,
            51.040231770900306
          ],
          [
            6.480516188194531,
            51.07677271933073
          ]
        ],
        "type": "LineString"
      },
      "properties": {
        "length_m": 4067.465,
        "orientation": "NS",
        "row": 111,
        "segment": 0
      },
      "type": "Feature"
    },
    {
      "geometry": {
        "coordinates": [
          [
            6.4800909331192145,
            51.084596468373185
          ],
          [
            6.479857965154311,
            51.088881071762714
          ]
        ],
        "type": "LineString"
      },
      "properties": {
        "length_m": 476.933,
        "orientation": "NS",
        "row": 111,
        "segment": 1
      },
      "type": "Feature"
    },
    {
      "geometry": {
        "coordinates": [
          [
            6.482793661668989,
            51.04073256244872
          ],
          [
            6.480857697512963,
            51.076399806545375
          ]
        ],
        "type": "LineString"
      },
      "properties": {
        "length_m": 3970.21,
        "orientation": "NS",
        "row": 112,
        "segment": 0
      },
      "type": "Feature"
    },
    {
      "geometry": {
        "coordinates": [
          [
            6.480440950510356,
            51.08406820335448
          ],
          [
            6.480168816532401,
            51.08907381122516
          ]
        ],
        "type": "LineString"
      },
      "properties": {
        "length_m": 557.19,
        "orientation": "NS",
        "row": 112,
        "segment": 1
      },
      "type": "Feature"
    },
    {
      "geometry": {
        "coordinates": [
          [
            6.48308874897909,
            51.04121046104201
          ],
          [
            6.481199201266161,
            51.07602689266272
          ]
        ],
        "type": "LineString"
      },
      "properties": {
        "length_m": 3875.503,
        "orientation": "NS",
        "row": 113,
        "segment": 0
      },
      "type": "Feature"
    },
    {
      "geometry": {
        "coordinates": [
          [
            6.480787907606521,
            51.08359609476312
          ],
          [
            6.480477042347063,
            51.08931489047357
          ]
        ],
        "type": "LineString"
      },
      "properties": {
        "length_m": 636.577,
        "orientation": "NS",
        "row": 113,
        "segment": 1
      },
      "type": "Feature"
    },
    {
      "geometry": {
        "coordinates": [
          [
            6.483381682605664,
            51.04172819525231
          ],
          [
            6.48174836680861,
            51.0718303717153
          ]
        ],
        "type": "LineString"
      },
      "properties": {
        "length_m": 3350.746,
        "orientation": "NS",
        "row": 114,
        "segment": 0
      },
      "type": "Feature"
    },
    {
      "geometry": {
        "coordinates": [
          [
            6.481702614698869,
            51.07267283928862
          ],
          [
            6.481540699454279,
            51.0756539776828
          ]
        ],
        "type": "LineString"
      },
      "properties": {
        "length_m": 331.839,
        "orientation": "NS",
        "row": 114,
        "segment": 1
      },
      "type": "Feature"
    },
    {
      "geometry": {
        "coordinates": [
          [
            6.481133462274369,
            51.08314966028416
          ],
          [
            6.4807811474242705,
            51.08963183033036
          ]
        ],
        "type": "LineString"
      },
      "properties": {
        "length_m": 721.55,
        "orientation": "NS",
        "row": 114,
        "segment": 2
      },
      "type": "Feature"
    },
    {
      "geometry": {
        "coordinates": [
          [
            6.483663710427087,
            51.042447233414464
          ],
          [
            6.482088925979625,
            51.071474076608176
          ]
        ],
        "type": "LineString"
      },
      "properties": {
        "length_m": 3231.047,
        "orientation": "NS",
        "row": 115,
        "segment": 0
      },
      "type": "Feature"
    },
    {
      "geometry": {
        "coordinates": [
          [
            6.482016816141439,
            51.072802066873535
          ],
          [
            6.481882192077472,
            51.075281061605665
          ]
        ],
        "type": "LineString"
      },
      "properties": {
        "length_m": 275.944,
        "orientation": "NS",
        "row": 115,
        "segment": 1
      },
      "type": "Feature"
    },
    {
      "geometry": {
        "coordinates": [
          [
            6.481478267580607,
            51.0827168920271
          ],
          [
            6.481071335607262,
            51.09020487771696
          ]
        ],
        "type": "LineString"
      },
      "properties": {
        "length_m": 833.511,
        "orientation": "NS",
        "row": 115,
        "segment": 2
      },
      "type": "Feature"
    },
    {
      "geometry": {
        "coordinates": [
          [
            6.481012166725287,
            51.09129338064761
          ],
          [
            6.481010006017656,
            51.0913331289124
          ]
        ],
        "type": "LineString"
      },
      "properties": {
        "length_m": 4.425,
        "orientation": "NS",
        "row": 115,
        "segment": 3
      },
      "type": "Feature"
    },
    {
      "geometry": {
        "coordinates": [
          [
            6.483968079810818,
            51.0427542360035
          ],
          [
            6.482429479854877,
            51.071117780414795
          ]
        ],
        "type": "LineString"
      },
      "properties": {
        "length_m": 3157.213,
        "orientation": "NS",
        "row": 116,
        "segment": 0
      },
      "type": "Feature"
    },
    {
      "geometry": {
        "coordinates": [
          [
            6.48233532568133,
            51.07285198066254
          ],
          [
            6.482223679135895,
            51.07490814443135
          ]
        ],
        "type": "LineString"
      },
      "properties": {
        "length_m": 228.877,
        "orientation": "NS",
        "row": 116,
        "segment": 1
      },
      "type": "Feature"
    },
    {
      "geometry": {
        "coordinates": [
          [
            6.481821135646335,
            51.08231966250783
          ],
          [
            6.481323085458724,
            51.09148525959598
          ]
        ],
        "type": "LineString"
      },
      "properties": {
        "length_m": 1020.251,
        "orientation": "NS",
        "row": 116,
        "segment": 2
      },
      "type": "Feature"
    },
    {
      "geometry": {
        "coordinates": [
          [
            6.48427812066861,
            51.04295666273155
          ],
          [
            6.482770028434508,
            51.07076148313523
          ]
        ],
        "type": "LineString"
      },
      "properties": {
        "length_m": 3095.019,
        "orientation": "NS",
        "row": 117,
        "segment": 0
      },
      "type": "Feature"
    },
    {
      "geometry": {
        "coordinates": [
          [
            6.482654225327976,
            51.072894720944504
          ],
          [
            6.48256516062971,
            51.074535226159874
          ]
        ],
        "type": "LineString"
      },
      "properties": {
        "length_m": 182.609,
        "orientation": "NS",
        "row": 117,
        "segment": 1
      },
      "type": "Feature"
    },
    {
      "geometry": {
        "coordinates": [
          [
            6.482163997750016,
            51.081922431875114
          ],
          [
            6.481636166967754,
            51.09163738946588
          ]
        ],
        "type": "LineString"
      },
      "properties": {
        "length_m": 1081.401,
        "orientation": "NS",
        "row": 117,
        "segment": 2
      },
      "type": "Feature"
    },
    {
      "geometry": {
        "coordinates": [
          [
            6.484588164228674,
            51.043159088668254
          ],
          [
            6.483110809783807,
            51.07040079839292
          ]
        ],
        "type": "LineString"
      },
      "properties": {
        "length_m": 3032.337,
        "orientation": "NS",
        "row": 118,
        "segment": 0
      },
      "type": "Feature"
    },
    {
      "geometry": {
        "coordinates": [
          [
            6.482973125592022,
            51.072937460363896
          ],
          [
            6.482906636559067,
            51.07416230679132
          ]
        ],
        "type": "LineString"
      },
      "properties": {
        "length_m": 136.341,
        "orientation": "NS",
        "row": 118,
        "segment": 1
      },
      "type": "Feature"
    },
    {
      "geometry": {
        "coordinates": [
          [
            6.482506011693273,
            51.08154070781667
          ],
          [
            6.481949250544756,
            51.09178951852208
          ]
        ],
        "type": "LineString"
      },
      "properties": {
        "length_m": 1140.826,
        "orientation": "NS",
        "row": 118,
        "segment": 2
      },
      "type": "Feature"
    },
    {
      "geometry": {
        "coordinates": [
          [
            6.48489778464094,
            51.04336937333901
          ],
          [
            6.483453073478897,
            51.07001269721564
          ]
        ],
        "type": "LineString"
      },
      "properties": {
        "length_m": 2965.729,
        "orientation": "NS",
        "row": 119,
        "segment": 0
      },
      "type": "Feature"
    },
    {
      "geometry": {
        "coordinates": [
          [
            6.483292026473455,
            51.07298019892067
          ],
          [
            6.483248106924125,
            51.07378938632569
          ]
        ],
        "type": "LineString"
      },
      "properties": {
        "length_m": 90.073,
        "orientation": "NS",
        "row": 119,
        "segment": 1
      },
      "type": "Feature"
    },
    {
      "geometry": {
        "coordinates": [
          [
            6.482847950175231,
            51.08116026721334
          ],
          [
            6.482262336189745,
            51.09194164676455
          ]
        ],
        "type": "LineString"
      },
      "properties": {
        "length_m": 1200.107,
        "orientation": "NS",
        "row": 119,
        "segment": 2
      },
      "type": "Feature"
    },
    {
      "geometry": {
        "coordinates": [
          [
            6.4852070925503895,
            51.04358547716531
          ],
          [
            6.48379533136507,
            51.0696245949315
          ]
        ],
        "type": "LineString"
      },
      "properties": {
        "length_m": 2898.472,
        "orientation": "NS",
        "row": 120,
        "segment": 0
      },
      "type": "Feature"
    },
    {
      "geometry": {
        "coordinates": [
          [
            6.483610927972261,
            51.07302293661484
          ],
          [
            6.483589571725041,
            51.07341646476303
          ]
        ],
        "type": "LineString"
      },
      "properties": {
        "length_m": 43.805,
        "orientation": "NS",
        "row": 120,
        "segment": 1
      },
      "type": "Feature"
    },
    {
      "geometry": {
        "coordinates": [
          [
            6.483189882968855,
            51.080779825507776
          ],
          [
            6.482576635936545,
            51.09207146441904
          ]
        ],
        "type": "LineString"
      },
      "properties": {
        "length_m": 1256.906,
        "orientation": "NS",
        "row": 120,
        "segment": 2
      },
      "type": "Feature"
    },
    {
      "geometry": {
        "coordinates": [
          [
            6.48551640333357,
            51.04380158020572
          ],
          [
            6.484137583442499,
            51.069236491540586
          ]
        ],
        "type": "LineString"
      },
      "properties": {
        "length_m": 2831.216,
        "orientation": "NS",
        "row": 121,
        "segment": 0
      },
      "type": "Feature"
    },
    {
      "geometry": {
        "coordinates": [
          [
            6.483531810074306,
            51.080399382699994
          ],
          [
            6.4828953247952485,
            51.09212051411883
          ]
        ],
        "type": "LineString"
      },
      "properties": {
        "length_m": 1304.713,
        "orientation": "NS",
        "row": 121,
        "segment": 1
      },
      "type": "Feature"
    },
    {
      "geometry": {
        "coordinates": [
          [
            6.485825716990516,
            51.04401768246023
          ],
          [
            6.484479829711354,
            51.06884838704292
          ]
        ],
        "type": "LineString"
      },
      "properties": {
        "length_m": 2763.96,
        "orientation": "NS",
        "row": 122,
        "segment": 0
      },
      "type": "Feature"
    },
    {
      "geometry": {
        "coordinates": [
          [
            6.483873731491746,
            51.080018938790055
          ],
          [
            6.483214516317055,
            51.09216032112761
          ]
        ],
        "type": "LineString"
      },
      "properties": {
        "length_m": 1351.492,
        "orientation": "NS",
        "row": 122,
        "segment": 1
      },
      "type": "Feature"
    },
    {
      "geometry": {
        "coordinates": [
          [
            6.486135033521271,
            51.04423378392882
          ],
          [
            6.484822198792865,
            51.068457909801644
          ]
        ],
        "type": "LineString"
      },
      "properties": {
        "length_m": 2696.439,
        "orientation": "NS",
        "row": 123,
        "segment": 0
      },
      "type": "Feature"
    },
    {
      "geometry": {
        "coordinates": [
          [
            6.484215647221343,
            51.07963849377801
          ],
          [
            6.483533962548821,
            51.09219544773161
          ]
        ],
        "type": "LineString"
      },
      "properties": {
        "length_m": 1397.75,
        "orientation": "NS",
        "row": 123,
        "segment": 1
      },
      "type": "Feature"
    },
    {
      "geometry": {
        "coordinates": [
          [
            6.486444352925874,
            51.04444988461144
          ],
          [
            6.485164571669896,
            51.068067253631426
          ]
        ],
        "type": "LineString"
      },
      "properties": {
        "length_m": 2628.899,
        "orientation": "NS",
        "row": 124,
        "segment": 0
      },
      "type": "Feature"
    },
    {
      "geometry": {
        "coordinates": [
          [
            6.484557557263259,
            51.07925804766388
          ],
          [
            6.483853409294936,
            51.09223057346877
          ]
        ],
        "type": "LineString"
      },
      "properties": {
        "length_m": 1444.008,
        "orientation": "NS",
        "row": 124,
        "segment": 1
      },
      "type": "Feature"
    },
    {
      "geometry": {
        "coordinates": [
          [
            6.486753729757786,
            51.04466497696808
          ],
          [
            6.485506938697419,
            51.06767659635291
          ]
        ],
        "type": "LineString"
      },
      "properties": {
        "length_m": 2561.471,
        "orientation": "NS",
        "row": 125,
        "segment": 0
      },
      "type": "Feature"
    },
    {
      "geometry": {
        "coordinates": [
          [
            6.484899484401019,
            51.07887718049031
          ],
          [
            6.484172856555384,
            51.09226569833911
          ]
        ],
        "type": "LineString"
      },
      "properties": {
        "length_m": 1490.313,
        "orientation": "NS",
        "row": 125,
        "segment": 1
      },
      "type": "Feature"
    },
    {
      "geometry": {
        "coordinates": [
          [
            6.487063140398955,
            51.04487949689925
          ],
          [
            6.485849299875613,
            51.06728593796612
          ]
        ],
        "type": "LineString"
      },
      "properties": {
        "length_m": 2494.107,
        "orientation": "NS",
        "row": 126,
        "segment": 0
      },
      "type": "Feature"
    },
    {
      "geometry": {
        "coordinates": [
          [
            6.485436843090936,
            51.07489297643681
          ],
          [
            6.485431591061601,
            51.07498981944289
          ]
        ],
        "type": "LineString"
      },
      "properties": {
        "length_m": 10.78,
        "orientation": "NS",
        "row": 126,
        "segment": 1
      },
      "type": "Feature"
    },
    {
      "geometry": {
        "coordinates": [
          [
            6.485242085264054,
            51.07848378684355
          ],
          [
            6.4844923043301534,
            51.09230082234261
          ]
        ],
        "type": "LineString"
      },
      "properties": {
        "length_m": 1538.012,
        "orientation": "NS",
        "row": 126,
        "segment": 2
      },
      "type": "Feature"
    },
    {
      "geometry": {
        "coordinates": [
          [
            6.487372553894363,
            51.04509401604381
          ],
          [
            6.486190554606659,
            51.066915584535316
          ]
        ],
        "type": "LineString"
      },
      "properties": {
        "length_m": 2429.003,
        "orientation": "NS",
        "row": 127,
        "segment": 0
      },
      "type": "Feature"
    },
    {
      "geometry": {
        "coordinates": [
          [
            6.48577983604678,
            51.07449170139523
          ],
          [
            6.485750658422273,
            51.07502978667367
          ]
        ],
        "type": "LineString"
      },
      "properties": {
        "length_m": 59.896,
        "orientation": "NS",
        "row": 127,
        "segment": 1
      },
      "type": "Feature"
    },
    {
      "geometry": {
        "coordinates": [
          [
            6.485584680229523,
            51.07809039208629
          ],
          [
            6.484811752619229,
            51.092335945479256
          ]
        ],
        "type": "LineString"
      },
      "properties": {
        "length_m": 1585.711,
        "orientation": "NS",
        "row": 127,
        "segment": 2
      },
      "type": "Feature"
    },
    {
      "geometry": {
        "coordinates": [
          [
            6.48768277197343,
            51.0452937222234
          ],
          [
            6.486531398488316,
            51.06655270945777
          ]
        ],
        "type": "LineString"
      },
      "properties": {
        "length_m": 2366.38,
        "orientation": "NS",
        "row": 128,
        "segment": 0
      },
      "type": "Feature"
    },
    {
      "geometry": {
        "coordinates": [
          [
            6.486121007197914,
            51.074123916867435
          ],
          [
            6.486069726362693,
            51.07506975304045
          ]
        ],
        "type": "LineString"
      },
      "properties": {
        "length_m": 105.283,
        "orientation": "NS",
        "row": 128,
        "segment": 1
      },
      "type": "Feature"
    },
    {
      "geometry": {
        "coordinates": [
          [
            6.485927269297599,
            51.077696996218606
          ],
          [
            6.485131201422595,
            51.09237106774906
          ]
        ],
        "type": "LineString"
      },
      "properties": {
        "length_m": 1633.41,
        "orientation": "NS",
        "row": 128,
        "segment": 2
      },
      "type": "Feature"
    },
    {
      "geometry": {
        "coordinates": [
          [
            6.487998776216859,
            51.04538656305876
          ],
          [
            6.4868722369706155,
            51.06618983329023
          ]
        ],
        "type": "LineString"
      },
      "properties": {
        "length_m": 2315.653,
        "orientation": "NS",
        "row": 129,
        "segment": 0
      },
      "type": "Feature"
    },
    {
      "geometry": {
        "coordinates": [
          [
            6.486461568418698,
            51.07376728182022
          ],
          [
            6.4863887948828545,
            51.0751097185432
          ]
        ],
        "type": "LineString"
      },
      "properties": {
        "length_m": 149.43,
        "orientation": "NS",
        "row": 129,
        "segment": 1
      },
      "type": "Feature"
    },
    {
      "geometry": {
        "coordinates": [
          [
            6.486269852468462,
            51.07730359924053
          ],
          [
            6.485449748977225,
            51.09242280660496
          ]
        ],
        "type": "LineString"
      },
      "properties": {
        "length_m": 1682.959,
        "orientation": "NS",
        "row": 129,
        "segment": 2
      },
      "type": "Feature"
    },
    {
      "geometry": {
        "coordinates": [
          [
            6.488311343818008,
            51.0455429352869
          ],
          [
            6.487213070053701,
            51.06582695603275
          ]
        ],
        "type": "LineString"
      },
      "properties": {
        "length_m": 2257.854,
        "orientation": "NS",
        "row": 130,
        "segment": 0
      },
      "type": "Feature"
    },
    {
      "geometry": {
        "coordinates": [
          [
            6.486802492326209,
            51.07340385622564
          ],
          [
            6.48670786398274,
            51.07514968318195
          ]
        ],
        "type": "LineString"
      },
      "properties": {
        "length_m": 194.332,
        "orientation": "NS",
        "row": 130,
        "segment": 1
      },
      "type": "Feature"
    },
    {
      "geometry": {
        "coordinates": [
          [
            6.486612429742287,
            51.07691020115209
          ],
          [
            6.485767871459811,
            51.092482392332464
          ]
        ],
        "type": "LineString"
      },
      "properties": {
        "length_m": 1733.382,
        "orientation": "NS",
        "row": 130,
        "segment": 2
      },
      "type": "Feature"
    },
    {
      "geometry": {
        "coordinates": [
          [
            6.488620367801996,
            51.04576483869031
          ],
          [
            6.487551104040025,
            51.06551565206785
          ]
        ],
        "type": "LineString"
      },
      "properties": {
        "length_m": 2198.501,
        "orientation": "NS",
        "row": 131,
        "segment": 0
      },
      "type": "Feature"
    },
    {
      "geometry": {
        "coordinates": [
          [
            6.487144826474566,
            51.07301430654702
          ],
          [
            6.487026140984094,
            51.07520427241664
          ]
        ],
        "type": "LineString"
      },
      "properties": {
        "length_m": 243.77,
        "orientation": "NS",
        "row": 131,
        "segment": 1
      },
      "type": "Feature"
    },
    {
      "geometry": {
        "coordinates": [
          [
            6.486955001119253,
            51.07651680195333
          ],
          [
            6.486085994788576,
            51.092541977204675
          ]
        ],
        "type": "LineString"
      },
      "properties": {
        "length_m": 1783.804,
        "orientation": "NS",
        "row": 131,
        "segment": 2
      },
      "type": "Feature"
    },
    {
      "geometry": {
        "coordinates": [
          [
            6.48892939473254,
            51.04598674130992
          ],
          [
            6.487878607204788,
            51.065398698749654
          ]
        ],
        "type": "LineString"
      },
      "properties": {
        "length_m": 2160.782,
        "orientation": "NS",
        "row": 132,
        "segment": 0
      },
      "type": "Feature"
    },
    {
      "geometry": {
        "coordinates": [
          [
            6.487487154790101,
            51.07262475576078
          ],
          [
            6.487339273475261,
            51.07535380646343
          ]
        ],
        "type": "LineString"
      },
      "properties": {
        "length_m": 303.777,
        "orientation": "NS",
        "row": 132,
        "segment": 1
      },
      "type": "Feature"
    },
    {
      "geometry": {
        "coordinates": [
          [
            6.487297566599534,
            51.07612340164433
          ],
          [
            6.486404118963508,
            51.09260156122159
          ]
        ],
        "type": "LineString"
      },
      "properties": {
        "length_m": 1834.226,
        "orientation": "NS",
        "row": 132,
        "segment": 2
      },
      "type": "Feature"
    },
    {
      "geometry": {
        "coordinates": [
          [
            6.489238424609679,
            51.046208643145754
          ],
          [
            6.4882010122186085,
            51.06537585619828
          ]
        ],
        "type": "LineString"
      },
      "properties": {
        "length_m": 2133.538,
        "orientation": "NS",
        "row": 133,
        "segment": 0
      },
      "type": "Feature"
    },
    {
      "geometry": {
        "coordinates": [
          [
            6.487821720585052,
            51.072378380508795
          ],
          [
            6.486722243984594,
            51.09266114438321
          ]
        ],
        "type": "LineString"
      },
      "properties": {
        "length_m": 2257.725,
        "orientation": "NS",
        "row": 133,
        "segment": 1
      },
      "type": "Feature"
    },
    {
      "geometry": {
        "coordinates": [
          [
            6.48954745743346,
            51.04643054419776
          ],
          [
            6.488519478688204,
            51.065425745175894
          ]
        ],
        "type": "LineString"
      },
      "properties": {
        "length_m": 2114.391,
        "orientation": "NS",
        "row": 134,
        "segment": 0
      },
      "type": "Feature"
    },
    {
      "geometry": {
        "coordinates": [
          [
            6.488138450786024,
            51.07246119860934
          ],
          [
            6.487040369851824,
            51.09272072668949
          ]
        ],
        "type": "LineString"
      },
      "properties": {
        "length_m": 2255.138,
        "orientation": "NS",
        "row": 134,
        "segment": 1
      },
      "type": "Feature"
    },
    {
      "geometry": {
        "coordinates": [
          [
            6.489856493203923,
            51.04665244446593
          ],
          [
            6.488836875373125,
            51.06549540587104
          ]
        ],
        "type": "LineString"
      },
      "properties": {
        "length_m": 2097.444,
        "orientation": "NS",
        "row": 135,
        "segment": 0
      },
      "type": "Feature"
    },
    {
      "geometry": {
        "coordinates": [
          [
            6.48845518214363,
            51.07254401586591
          ],
          [
            6.487358496565186,
            51.0927803081405
          ]
        ],
        "type": "LineString"
      },
      "properties": {
        "length_m": 2252.551,
        "orientation": "NS",
        "row": 135,
        "segment": 1
      },
      "type": "Feature"
    },
    {
      "geometry": {
        "coordinates": [
          [
            6.490165531921107,
            51.046874343950265
          ],
          [
            6.489154273038343,
            51.06556506571637
          ]
        ],
        "type": "LineString"
      },
      "properties": {
        "length_m": 2080.498,
        "orientation": "NS",
        "row": 136,
        "segment": 0
      },
      "type": "Feature"
    },
    {
      "geometry": {
        "coordinates": [
          [
            6.488771914657861,
            51.072626832278516
          ],
          [
            6.487677389063027,
            51.092825780353444
          ]
        ],
        "type": "LineString"
      },
      "properties": {
        "length_m": 2248.394,
        "orientation": "NS",
        "row": 136,
        "segment": 1
      },
      "type": "Feature"
    },
    {
      "geometry": {
        "coordinates": [
          [
            6.490474573585058,
            51.04709624265072
          ],
          [
            6.489600756115215,
            51.06324972536068
          ]
        ],
        "type": "LineString"
      },
      "properties": {
        "length_m": 1798.072,
        "orientation": "NS",
        "row": 137,
        "segment": 0
      },
      "type": "Feature"
    },
    {
      "geometry": {
        "coordinates": [
          [
            6.489595315151255,
            51.063350260694705
          ],
          [
            6.489471671683846,
            51.065634724711884
          ]
        ],
        "type": "LineString"
      },
      "properties": {
        "length_m": 254.288,
        "orientation": "NS",
        "row": 137,
        "segment": 1
      },
      "type": "Feature"
    },
    {
      "geometry": {
        "coordinates": [
          [
            6.489088648328714,
            51.07270964784712
          ],
          [
            6.487996418108067,
            51.092868745020525
          ]
        ],
        "type": "LineString"
      },
      "properties": {
        "length_m": 2243.957,
        "orientation": "NS",
        "row": 137,
        "segment": 2
      },
      "type": "Feature"
    },
    {
      "geometry": {
        "coordinates": [
          [
            6.490783618195818,
            51.04731814056728
          ],
          [
            6.4899482191447335,
            51.06276351195351
          ]
        ],
        "type": "LineString"
      },
      "properties": {
        "length_m": 1719.251,
        "orientation": "NS",
        "row": 138,
        "segment": 0
      },
      "type": "Feature"
    },
    {
      "geometry": {
        "coordinates": [
          [
            6.489895707744941,
            51.06373391775337
          ],
          [
            6.4897890986629765,
            51.06570387744141
          ]
        ],
        "type": "LineString"
      },
      "properties": {
        "length_m": 219.28,
        "orientation": "NS",
        "row": 138,
        "segment": 1
      },
      "type": "Feature"
    },
    {
      "geometry": {
        "coordinates": [
          [
            6.489405383156177,
            51.07279246257174
          ],
          [
            6.488315447774175,
            51.092911708824474
          ]
        ],
        "type": "LineString"
      },
      "properties": {
        "length_m": 2239.521,
        "orientation": "NS",
        "row": 138,
        "segment": 2
      },
      "type": "Feature"
    },
    {
      "geometry": {
        "coordinates": [
          [
            6.4910926657534285,
            51.04754003769992
          ],
          [
            6.490291183017824,
            51.06236031915672
          ]
        ],
        "type": "LineString"
      },
      "properties": {
        "length_m": 1649.67,
        "orientation": "NS",
        "row": 139,
        "segment": 0
      },
      "type": "Feature"
    },
    {
      "geometry": {
        "coordinates": [
          [
            6.490210824149845,
            51.06384554628602
          ],
          [
            6.490106554304454,
            51.065772517641925
          ]
        ],
        "type": "LineString"
      },
      "properties": {
        "length_m": 214.495,
        "orientation": "NS",
        "row": 139,
        "segment": 1
      },
      "type": "Feature"
    },
    {
      "geometry": {
        "coordinates": [
          [
            6.489722119140245,
            51.072875276452365
          ],
          [
            6.48863447806134,
            51.092954671765256
          ]
        ],
        "type": "LineString"
      },
      "properties": {
        "length_m": 2235.084,
        "orientation": "NS",
        "row": 139,
        "segment": 2
      },
      "type": "Feature"
    },
    {
      "geometry": {
        "coordinates": [
          [
            6.491401730566959,
            51.047761669316166
          ],
          [
            6.490634140839964,
            51.06195712524396
          ]
        ],
        "type": "LineString"
      },
      "properties": {
        "length_m": 1580.12,
        "orientation": "NS",
        "row": 140,
        "segment": 0
      },
      "type": "Feature"
    },
    {
      "geometry": {
        "coordinates": [
          [
            6.490527776567014,
            51.06392326572073
          ],
          [
            6.49042923836489,
            51.06574454351058
          ]
        ],
        "type": "LineString"
      },
      "properties": {
        "length_m": 202.73,
        "orientation": "NS",
        "row": 140,
        "segment": 1
      },
      "type": "Feature"
    },
    {
      "geometry": {
        "coordinates": [
          [
            6.490039987844858,
            51.0729371845761
          ],
          [
            6.488953508969546,
            51.09299763384286
          ]
        ],
        "type": "LineString"
      },
      "properties": {
        "length_m": 2232.975,
        "orientation": "NS",
        "row": 140,
        "segment": 2
      },
      "type": "Feature"
    },
    {
      "geometry": {
        "coordinates": [
          [
            6.4917145652011214,
            51.047913600665574
          ],
          [
            6.490977092611341,
            51.06155393021528
          ]
        ],
        "type": "LineString"
      },
      "properties": {
        "length_m": 1518.327,
        "orientation": "NS",
        "row": 141,
        "segment": 0
      },
      "type": "Feature"
    },
    {
      "geometry": {
        "coordinates": [
          [
            6.490844730072231,
            51.06400098430937
          ],
          [
            6.490770749867887,
            51.0653685445229
          ]
        ],
        "type": "LineString"
      },
      "properties": {
        "length_m": 152.226,
        "orientation": "NS",
        "row": 141,
        "segment": 1
      },
      "type": "Feature"
    },
    {
      "geometry": {
        "coordinates": [
          [
            6.490361842033813,
            51.07292546941832
          ],
          [
            6.4892725404987806,
            51.093040595057325
          ]
        ],
        "type": "LineString"
      },
      "properties": {
        "length_m": 2239.061,
        "orientation": "NS",
        "row": 141,
        "segment": 2
      },
      "type": "Feature"
    },
    {
      "geometry": {
        "coordinates": [
          [
            6.492028602570689,
            51.04804331209597
          ],
          [
            6.491320038332142,
            51.06115073407069
          ]
        ],
        "type": "LineString"
      },
      "properties": {
        "length_m": 1459.008,
        "orientation": "NS",
        "row": 142,
        "segment": 0
      },
      "type": "Feature"
    },
    {
      "geometry": {
        "coordinates": [
          [
            6.491161684665484,
            51.064078702051916
          ],
          [
            6.491112248332665,
            51.06499268176675
          ]
        ],
        "type": "LineString"
      },
      "properties": {
        "length_m": 101.737,
        "orientation": "NS",
        "row": 142,
        "segment": 1
      },
      "type": "Feature"
    },
    {
      "geometry": {
        "coordinates": [
          [
            6.490688492627473,
            51.07282511735109
          ],
          [
            6.4895915726490285,
            51.09308355540862
          ]
        ],
        "type": "LineString"
      },
      "properties": {
        "length_m": 2255.012,
        "orientation": "NS",
        "row": 142,
        "segment": 2
      },
      "type": "Feature"
    },
    {
      "geometry": {
        "coordinates": [
          [
            6.492342641712855,
            51.04817302270401
          ],
          [
            6.491662978002552,
            51.060747536810275
          ]
        ],
        "type": "LineString"
      },
      "properties": {
        "length_m": 1399.689,
        "orientation": "NS",
        "row": 143,
        "segment": 0
      },
      "type": "Feature"
    },
    {
      "geometry": {
        "coordinates": [
          [
            6.4914786403467675,
            51.06415641894837
          ],
          [
            6.491453577074968,
            51.064619852445446
          ]
        ],
        "type": "LineString"
      },
      "properties": {
        "length_m": 51.586,
        "orientation": "NS",
        "row": 143,
        "segment": 1
      },
      "type": "Feature"
    },
    {
      "geometry": {
        "coordinates": [
          [
            6.49102591078866,
            51.07252573463137
          ],
          [
            6.489910605420279,
            51.093126514896724
          ]
        ],
        "type": "LineString"
      },
      "properties": {
        "length_m": 2293.119,
        "orientation": "NS",
        "row": 143,
        "segment": 2
      },
      "type": "Feature"
    },
    {
      "geometry": {
        "coordinates": [
          [
            6.492656682627625,
            51.04830273248967
          ],
          [
            6.492005911622758,
            51.060344338434064
          ]
        ],
        "type": "LineString"
      },
      "properties": {
        "length_m": 1340.37,
        "orientation": "NS",
        "row": 144,
        "segment": 0
      },
      "type": "Feature"
    },
    {
      "geometry": {
        "coordinates": [
          [
            6.491795597116071,
            51.06423413499873
          ],
          [
            6.491794900258847,
            51.06424702202815
          ]
        ],
        "type": "LineString"
      },
      "properties": {
        "length_m": 1.434,
        "orientation": "NS",
        "row": 144,
        "segment": 1
      },
      "type": "Feature"
    },
    {
      "geometry": {
        "coordinates": [
          [
            6.491369272610256,
            51.07211640319564
          ],
          [
            6.490229120701838,
            51.09317903907362
          ]
        ],
        "type": "LineString"
      },
      "properties": {
        "length_m": 2344.528,
        "orientation": "NS",
        "row": 144,
        "segment": 2
      },
      "type": "Feature"
    },
    {
      "geometry": {
        "coordinates": [
          [
            6.492970725315005,
            51.048432441452924
          ],
          [
            6.492351701941804,
            51.059888177989336
          ]
        ],
        "type": "LineString"
      },
      "properties": {
        "length_m": 1275.155,
        "orientation": "NS",
        "row": 145,
        "segment": 0
      },
      "type": "Feature"
    },
    {
      "geometry": {
        "coordinates": [
          [
            6.49171262827729,
            51.07170707063961
          ],
          [
            6.490545921279422,
            51.09326323768249
          ]
        ],
        "type": "LineString"
      },
      "properties": {
        "length_m": 2399.464,
        "orientation": "NS",
        "row": 145,
        "segment": 1
      },
      "type": "Feature"
    },
    {
      "geometry": {
        "coordinates": [
          [
            6.4932847697749985,
            51.048562149593785
          ],
          [
            6.492697557448321,
            51.05943068213449
          ]
        ],
        "type": "LineString"
      },
      "properties": {
        "length_m": 1209.792,
        "orientation": "NS",
        "row": 146,
        "segment": 0
      },
      "type": "Feature"
    },
    {
      "geometry": {
        "coordinates": [
          [
            6.492055977789957,
            51.07129773696332
          ],
          [
            6.49086271581361,
            51.09334756877463
          ]
        ],
        "type": "LineString"
      },
      "properties": {
        "length_m": 2454.414,
        "orientation": "NS",
        "row": 146,
        "segment": 1
      },
      "type": "Feature"
    },
    {
      "geometry": {
        "coordinates": [
          [
            6.4935988160076095,
            51.04869185691223
          ],
          [
            6.493043406009618,
            51.05897318512731
          ]
        ],
        "type": "LineString"
      },
      "properties": {
        "length_m": 1144.429,
        "orientation": "NS",
        "row": 147,
        "segment": 0
      },
      "type": "Feature"
    },
    {
      "geometry": {
        "coordinates": [
          [
            6.492399321148448,
            51.0708884021668
          ],
          [
            6.491179511525962,
            51.09343189902281
          ]
        ],
        "type": "LineString"
      },
      "properties": {
        "length_m": 2509.364,
        "orientation": "NS",
        "row": 147,
        "segment": 1
      },
      "type": "Feature"
    },
    {
      "geometry": {
        "coordinates": [
          [
            6.493912864012843,
            51.04882156340826
          ],
          [
            6.493389247625948,
            51.05851568696787
          ]
        ],
        "type": "LineString"
      },
      "properties": {
        "length_m": 1079.066,
        "orientation": "NS",
        "row": 148,
        "segment": 0
      },
      "type": "Feature"
    },
    {
      "geometry": {
        "coordinates": [
          [
            6.4929546766757325,
            51.066557147990046
          ],
          [
            6.492949331881271,
            51.066656026932144
          ]
        ],
        "type": "LineString"
      },
      "properties": {
        "length_m": 11.006,
        "orientation": "NS",
        "row": 148,
        "segment": 1
      },
      "type": "Feature"
    },
    {
      "geometry": {
        "coordinates": [
          [
            6.492742658352959,
            51.0704790662501
          ],
          [
            6.491496308416471,
            51.09351622842703
          ]
        ],
        "type": "LineString"
      },
      "properties": {
        "length_m": 2564.314,
        "orientation": "NS",
        "row": 148,
        "segment": 2
      },
      "type": "Feature"
    },
    {
      "geometry": {
        "coordinates": [
          [
            6.494226913790706,
            51.048951269081826
          ],
          [
            6.493735082297553,
            51.058058187656236
          ]
        ],
        "type": "LineString"
      },
      "properties": {
        "length_m": 1013.704,
        "orientation": "NS",
        "row": 149,
        "segment": 0
      },
      "type": "Feature"
    },
    {
      "geometry": {
        "coordinates": [
          [
            6.49329565755918,
            51.066190700439726
          ],
          [
            6.493265028670366,
            51.06675741328959
          ]
        ],
        "type": "LineString"
      },
      "properties": {
        "length_m": 63.082,
        "orientation": "NS",
        "row": 149,
        "segment": 1
      },
      "type": "Feature"
    },
    {
      "geometry": {
        "coordinates": [
          [
            6.493086091125228,
            51.07006784749265
          ],
          [
            6.49181310648513,
            51.09360055698727
          ]
        ],
        "type": "LineString"
      },
      "properties": {
        "length_m": 2619.474,
        "orientation": "NS",
        "row": 149,
        "segment": 2
      },
      "type": "Feature"
    },
    {
      "geometry": {
        "coordinates": [
          [
            6.494540965341202,
            51.04908097393296
          ],
          [
            6.494078103530235,
            51.05765264756869
          ]
        ],
        "type": "LineString"
      },
      "properties": {
        "length_m": 954.124,
        "orientation": "NS",
        "row": 150,
        "segment": 0
      },
      "type": "Feature"
    },
    {
      "geometry": {
        "coordinates": [
          [
            6.493636632986907,
            51.065824251797636
          ],
          [
            6.493580726862134,
            51.066858798811545
          ]
        ],
        "type": "LineString"
      },
      "properties": {
        "length_m": 115.157,
        "orientation": "NS",
        "row": 150,
        "segment": 1
      },
      "type": "Feature"
    },
    {
      "geometry": {
        "coordinates": [
          [
            6.493429909218177,
            51.06964938415991
          ],
          [
            6.492169949085924,
            51.09294502625594
          ]
        ],
        "type": "LineString"
      },
      "properties": {
        "length_m": 2593.085,
        "orientation": "NS",
        "row": 150,
        "segment": 2
      },
      "type": "Feature"
    },
    {
      "geometry": {
        "coordinates": [
          [
            6.494855018664335,
            51.049210677961625
          ],
          [
            6.4944071774512135,
            51.057505255691844
          ]
        ],
        "type": "LineString"
      },
      "properties": {
        "length_m": 923.28,
        "orientation": "NS",
        "row": 151,
        "segment": 0
      },
      "type": "Feature"
    },
    {
      "geometry": {
        "coordinates": [
          [
            6.493977602959058,
            51.06545780206382
          ],
          [
            6.493896426456571,
            51.06696018349803
          ]
        ],
        "type": "LineString"
      },
      "properties": {
        "length_m": 167.233,
        "orientation": "NS",
        "row": 151,
        "segment": 1
      },
      "type": "Feature"
    },
    {
      "geometry": {
        "coordinates": [
          [
            6.493773721008055,
            51.069230919701056
          ],
          [
            6.492534148192434,
            51.09215335430206
          ]
        ],
        "type": "LineString"
      },
      "properties": {
        "length_m": 2551.541,
        "orientation": "NS",
        "row": 151,
        "segment": 2
      },
      "type": "Feature"
    },
    {
      "geometry": {
        "coordinates": [
          [
            6.49516907376011,
            51.04934038116783
          ],
          [
            6.494730446435544,
            51.05746532788014
          ]
        ],
        "type": "LineString"
      },
      "properties": {
        "length_m": 904.398,
        "orientation": "NS",
        "row": 152,
        "segment": 0
      },
      "type": "Feature"
    },
    {
      "geometry": {
        "coordinates": [
          [
            6.494318608287166,
            51.0650905957726
          ],
          [
            6.4942121274536735,
            51.06706156734901
          ]
        ],
        "type": "LineString"
      },
      "properties": {
        "length_m": 219.392,
        "orientation": "NS",
        "row": 152,
        "segment": 1
      },
      "type": "Feature"
    },
    {
      "geometry": {
        "coordinates": [
          [
            6.494117526495065,
            51.068812454116085
          ],
          [
            6.492898334416042,
            51.09136168094128
          ]
        ],
        "type": "LineString"
      },
      "properties": {
        "length_m": 2509.998,
        "orientation": "NS",
        "row": 152,
        "segment": 2
      },
      "type": "Feature"
    },
    {
      "geometry": {
        "coordinates": [
          [
            6.495483130628533,
            51.049470083551526
          ],
          [
            6.49504958088641,
            51.05750196774798
          ]
        ],
        "type": "LineString"
      },
      "properties": {
        "length_m": 894.039,
        "orientation": "NS",
        "row": 153,
        "segment": 0
      },
      "type": "Feature"
    },
    {
      "geometry": {
        "coordinates": [
          [
            6.49466150634874,
            51.06468824521396
          ],
          [
            6.494527760370375,
            51.06716423658823
          ]
        ],
        "type": "LineString"
      },
      "properties": {
        "length_m": 275.606,
        "orientation": "NS",
        "row": 153,
        "segment": 1
      },
      "type": "Feature"
    },
    {
      "geometry": {
        "coordinates": [
          [
            6.49446132567941,
            51.06839398740506
          ],
          [
            6.493262507757578,
            51.09057000617374
          ]
        ],
        "type": "LineString"
      },
      "properties": {
        "length_m": 2468.454,
        "orientation": "NS",
        "row": 153,
        "segment": 2
      },
      "type": "Feature"
    },
    {
      "geometry": {
        "coordinates": [
          [
            6.495797189269608,
            51.04959978511275
          ],
          [
            6.4953668638668915,
            51.05757291312265
          ]
        ],
        "type": "LineString"
      },
      "properties": {
        "length_m": 887.499,
        "orientation": "NS",
        "row": 154,
        "segment": 0
      },
      "type": "Feature"
    },
    {
      "geometry": {
        "coordinates": [
          [
            6.495004401525604,
            51.064285835166636
          ],
          [
            6.494838773981972,
            51.067352451001284
          ]
        ],
        "type": "LineString"
      },
      "properties": {
        "length_m": 341.35,
        "orientation": "NS",
        "row": 154,
        "segment": 1
      },
      "type": "Feature"
    },
    {
      "geometry": {
        "coordinates": [
          [
            6.494805118561294,
            51.067975519568044
          ],
          [
            6.493600015848737,
            51.09027111675438
          ]
        ],
        "type": "LineString"
      },
      "properties": {
        "length_m": 2481.764,
        "orientation": "NS",
        "row": 154,
        "segment": 2
      },
      "type": "Feature"
    },
    {
      "geometry": {
        "coordinates": [
          [
            6.496111249683339,
            51.04972948585145
          ],
          [
            6.495684147844408,
            51.05764385764824
          ]
        ],
        "type": "LineString"
      },
      "properties": {
        "length_m": 880.958,
        "orientation": "NS",
        "row": 155,
        "segment": 0
      },
      "type": "Feature"
    },
    {
      "geometry": {
        "coordinates": [
          [
            6.4953472906645215,
            51.06388342400418
          ],
          [
            6.493926144388643,
            51.09018257278697
          ]
        ],
        "type": "LineString"
      },
      "properties": {
        "length_m": 2927.405,
        "orientation": "NS",
        "row": 155,
        "segment": 1
      },
      "type": "Feature"
    },
    {
      "geometry": {
        "coordinates": [
          [
            6.496425311869731,
            51.04985918576764
          ],
          [
            6.496001432818948,
            51.05771480132478
          ]
        ],
        "type": "LineString"
      },
      "properties": {
        "length_m": 874.418,
        "orientation": "NS",
        "row": 156,
        "segment": 0
      },
      "type": "Feature"
    },
    {
      "geometry": {
        "coordinates": [
          [
            6.495690173765676,
            51.06348101172668
          ],
          [
            6.494249991403831,
            51.0901361999977
          ]
        ],
        "type": "LineString"
      },
      "properties": {
        "length_m": 2967.035,
        "orientation": "NS",
        "row": 156,
        "segment": 1
      },
      "type": "Feature"
    },
    {
      "geometry": {
        "coordinates": [
          [
            6.496739375828792,
            51.04998888486128
          ],
          [
            6.496318718790505,
            51.057785744152234
          ]
        ],
        "type": "LineString"
      },
      "properties": {
        "length_m": 867.877,
        "orientation": "NS",
        "row": 157,
        "segment": 0
      },
      "type": "Feature"
    },
    {
      "geometry": {
        "coordinates": [
          [
            6.496033050829256,
            51.06307859833412
          ],
          [
            6.494573837800815,
            51.09008982630133
          ]
        ],
        "type": "LineString"
      },
      "properties": {
        "length_m": 3006.666,
        "orientation": "NS",
        "row": 157,
        "segment": 1
      },
      "type": "Feature"
    },
    {
      "geometry": {
        "coordinates": [
          [
            6.497053441560521,
            51.050118583132395
          ],
          [
            6.496635903559139,
            51.05785858021332
          ]
        ],
        "type": "LineString"
      },
      "properties": {
        "length_m": 861.548,
        "orientation": "NS",
        "row": 158,
        "segment": 0
      },
      "type": "Feature"
    },
    {
      "geometry": {
        "coordinates": [
          [
            6.496375921855447,
            51.062676183826596
          ],
          [
            6.49489768357958,
            51.09004345169789
          ]
        ],
        "type": "LineString"
      },
      "properties": {
        "length_m": 3046.296,
        "orientation": "NS",
        "row": 158,
        "segment": 1
      },
      "type": "Feature"
    },
    {
      "geometry": {
        "coordinates": [
          [
            6.4973675090649285,
            51.05024828058094
          ],
          [
            6.496963380942873,
            51.05774065544786
          ]
        ],
        "type": "LineString"
      },
      "properties": {
        "length_m": 833.985,
        "orientation": "NS",
        "row": 159,
        "segment": 0
      },
      "type": "Feature"
    },
    {
      "geometry": {
        "coordinates": [
          [
            6.496718743803321,
            51.06227456579012
          ],
          [
            6.495221528740113,
            51.089997076187394
          ]
        ],
        "type": "LineString"
      },
      "properties": {
        "length_m": 3085.838,
        "orientation": "NS",
        "row": 159,
        "segment": 1
      },
      "type": "Feature"
    },
    {
      "geometry": {
        "coordinates": [
          [
            6.497681578342014,
            51.050377977206935
          ],
          [
            6.497313470588222,
            51.05720350532757
          ]
        ],
        "type": "LineString"
      },
      "properties": {
        "length_m": 759.757,
        "orientation": "NS",
        "row": 160,
        "segment": 0
      },
      "type": "Feature"
    },
    {
      "geometry": {
        "coordinates": [
          [
            6.497061493902607,
            51.06187416660586
          ],
          [
            6.495545373282399,
            51.08995069976981
          ]
        ],
        "type": "LineString"
      },
      "properties": {
        "length_m": 3125.244,
        "orientation": "NS",
        "row": 160,
        "segment": 1
      },
      "type": "Feature"
    },
    {
      "geometry": {
        "coordinates": [
          [
            6.497995649391787,
            51.05050767301033
          ],
          [
            6.497666717563718,
            51.05660765849009
          ]
        ],
        "type": "LineString"
      },
      "properties": {
        "length_m": 678.996,
        "orientation": "NS",
        "row": 161,
        "segment": 0
      },
      "type": "Feature"
    },
    {
      "geometry": {
        "coordinates": [
          [
            6.497404237997976,
            51.061473766308076
          ],
          [
            6.495869217206423,
            51.08990432244518
          ]
        ],
        "type": "LineString"
      },
      "properties": {
        "length_m": 3164.65,
        "orientation": "NS",
        "row": 161,
        "segment": 1
      },
      "type": "Feature"
    },
    {
      "geometry": {
        "coordinates": [
          [
            6.49830972221425,
            51.05063736799115
          ],
          [
            6.498024000028747,
            51.05593680111177
          ]
        ],
        "type": "LineString"
      },
      "properties": {
        "length_m": 589.885,
        "orientation": "NS",
        "row": 162,
        "segment": 0
      },
      "type": "Feature"
    },
    {
      "geometry": {
        "coordinates": [
          [
            6.497748573797045,
            51.061043744628414
          ],
          [
            6.496193060512175,
            51.08985794421349
          ]
        ],
        "type": "LineString"
      },
      "properties": {
        "length_m": 3207.353,
        "orientation": "NS",
        "row": 162,
        "segment": 1
      },
      "type": "Feature"
    },
    {
      "geometry": {
        "coordinates": [
          [
            6.498623796809408,
            51.05076706214936
          ],
          [
            6.4983882956207815,
            51.055135666723515
          ]
        ],
        "type": "LineString"
      },
      "properties": {
        "length_m": 486.274,
        "orientation": "NS",
        "row": 163,
        "segment": 0
      },
      "type": "Feature"
    },
    {
      "geometry": {
        "coordinates": [
          [
            6.4980946010407035,
            51.06058223854868
          ],
          [
            6.496516903199635,
            51.08981156507475
          ]
        ],
        "type": "LineString"
      },
      "properties": {
        "length_m": 3253.56,
        "orientation": "NS",
        "row": 163,
        "segment": 1
      },
      "type": "Feature"
    },
    {
      "geometry": {
        "coordinates": [
          [
            6.498937524266574,
            51.05090322945761
          ],
          [
            6.4987592840519515,
            51.05421012888035
          ]
        ],
        "type": "LineString"
      },
      "properties": {
        "length_m": 368.094,
        "orientation": "NS",
        "row": 164,
        "segment": 0
      },
      "type": "Feature"
    },
    {
      "geometry": {
        "coordinates": [
          [
            6.498440621273165,
            51.06012073131437
          ],
          [
            6.496840745268792,
            51.08976518502896
          ]
        ],
        "type": "LineString"
      },
      "properties": {
        "length_m": 3299.768,
        "orientation": "NS",
        "row": 164,
        "segment": 1
      },
      "type": "Feature"
    },
    {
      "geometry": {
        "coordinates": [
          [
            6.499251158528302,
            51.05104115983741
          ],
          [
            6.499190784892039,
            51.05216148028567
          ]
        ],
        "type": "LineString"
      },
      "properties": {
        "length_m": 124.704,
        "orientation": "NS",
        "row": 165,
        "segment": 0
      },
      "type": "Feature"
    },
    {
      "geometry": {
        "coordinates": [
          [
            6.498784480910882,
            51.05969916727489
          ],
          [
            6.497164586719632,
            51.08971880407613
          ]
        ],
        "type": "LineString"
      },
      "properties": {
        "length_m": 3341.529,
        "orientation": "NS",
        "row": 165,
        "segment": 1
      },
      "type": "Feature"
    },
    {
      "geometry": {
        "coordinates": [
          [
            6.4991281058651404,
            51.05928183785725
          ],
          [
            6.497488427552139,
            51.08967242221625
          ]
        ],
        "type": "LineString"
      },
      "properties": {
        "length_m": 3382.819,
        "orientation": "NS",
        "row": 166,
        "segment": 0
      },
      "type": "Feature"
    },
    {
      "geometry": {
        "coordinates": [
          [
            6.499474493046806,
            51.05881314177999
          ],
          [
            6.497824461619279,
            51.089400198707736
          ]
        ],
        "type": "LineString"
      },
      "properties": {
        "length_m": 3404.687,
        "orientation": "NS",
        "row": 167,
        "segment": 0
      },
      "type": "Feature"
    },
    {
      "geometry": {
        "coordinates": [
          [
            6.499823576208993,
            51.05829428439264
          ],
          [
            6.498153206169284,
            51.08926292862769
          ]
        ],
        "type": "LineString"
      },
      "properties": {
        "length_m": 3447.161,
        "orientation": "NS",
        "row": 168,
        "segment": 0
      },
      "type": "Feature"
    },
    {
      "geometry": {
        "coordinates": [
          [
            6.500172651394658,
            51.05777542581088
          ],
          [
            6.498476498200102,
            51.08922663516687
          ]
        ],
        "type": "LineString"
      },
      "properties": {
        "length_m": 3500.875,
        "orientation": "NS",
        "row": 169,
        "segment": 0
      },
      "type": "Feature"
    },
    {
      "geometry": {
        "coordinates": [
          [
            6.500543923850553,
            51.056844379368954
          ],
          [
            6.498798551727507,
            51.08921327940605
          ]
        ],
        "type": "LineString"
      },
      "properties": {
        "length_m": 3603.023,
        "orientation": "NS",
        "row": 170,
        "segment": 0
      },
      "type": "Feature"
    },
    {
      "geometry": {
        "coordinates": [
          [
            6.50090949622915,
            51.05601887162548
          ],
          [
            6.499120605100364,
            51.089199922754844
          ]
        ],
        "type": "LineString"
      },
      "properties": {
        "length_m": 3693.423,
        "orientation": "NS",
        "row": 171,
        "segment": 0
      },
      "type": "Feature"
    },
    {
      "geometry": {
        "coordinates": [
          [
            6.501281398802167,
            51.05507556410718
          ],
          [
            6.499442658318656,
            51.089186565213254
          ]
        ],
        "type": "LineString"
      },
      "properties": {
        "length_m": 3796.936,
        "orientation": "NS",
        "row": 172,
        "segment": 0
      },
      "type": "Feature"
    },
    {
      "geometry": {
        "coordinates": [
          [
            6.501678725706008,
            51.05365975354841
          ],
          [
            6.499764711382369,
            51.08917320678127
          ]
        ],
        "type": "LineString"
      },
      "properties": {
        "length_m": 3953.043,
        "orientation": "NS",
        "row": 173,
        "segment": 0
      },
      "type": "Feature"
    },
    {
      "geometry": {
        "coordinates": [
          [
            6.502078813597798,
            51.05219217148325
          ],
          [
            6.500086764291485,
            51.08915984745891
          ]
        ],
        "type": "LineString"
      },
      "properties": {
        "length_m": 4114.912,
        "orientation": "NS",
        "row": 174,
        "segment": 0
      },
      "type": "Feature"
    },
    {
      "geometry": {
        "coordinates": [
          [
            6.502392973175258,
            51.05232067189407
          ],
          [
            6.500408817045987,
            51.089146487246154
          ]
        ],
        "type": "LineString"
      },
      "properties": {
        "length_m": 4099.121,
        "orientation": "NS",
        "row": 175,
        "segment": 0
      },
      "type": "Feature"
    },
    {
      "geometry": {
        "coordinates": [
          [
            6.502707134510044,
            51.05244917148162
          ],
          [
            6.50073086964586,
            51.089133126143025
          ]
        ],
        "type": "LineString"
      },
      "properties": {
        "length_m": 4083.329,
        "orientation": "NS",
        "row": 176,
        "segment": 0
      },
      "type": "Feature"
    },
    {
      "geometry": {
        "coordinates": [
          [
            6.503021148872976,
            51.052580434240696
          ],
          [
            6.501052922091088,
            51.08911976414952
          ]
        ],
        "type": "LineString"
      },
      "properties": {
        "length_m": 4067.23,
        "orientation": "NS",
        "row": 177,
        "segment": 0
      },
      "type": "Feature"
    },
    {
      "geometry": {
        "coordinates": [
          [
            6.503335150878275,
            51.052711959192514
          ],
          [
            6.501374974381656,
            51.08910640126562
          ]
        ],
        "type": "LineString"
      },
      "properties": {
        "length_m": 4051.101,
        "orientation": "NS",
        "row": 178,
        "segment": 0
      },
      "type": "Feature"
    },
    {
      "geometry": {
        "coordinates": [
          [
            6.503649154680355,
            51.052843483322334
          ],
          [
            6.501697026517545,
            51.089093037491345
          ]
        ],
        "type": "LineString"
      },
      "properties": {
        "length_m": 4034.973,
        "orientation": "NS",
        "row": 179,
        "segment": 0
      },
      "type": "Feature"
    },
    {
      "geometry": {
        "coordinates": [
          [
            6.503963160279221,
            51.052975006630156
          ],
          [
            6.50201907849874,
            51.08907967282669
          ]
        ],
        "type": "LineString"
      },
      "properties": {
        "length_m": 4018.844,
        "orientation": "NS",
        "row": 180,
        "segment": 0
      },
      "type": "Feature"
    },
    {
      "geometry": {
        "coordinates": [
          [
            6.5042771676748785,
            51.05310652911595
          ],
          [
            6.502341065419801,
            51.08906751157524
          ]
        ],
        "type": "LineString"
      },
      "properties": {
        "length_m": 4002.85,
        "orientation": "NS",
        "row": 181,
        "segment": 0
      },
      "type": "Feature"
    },
    {
      "geometry": {
        "coordinates": [
          [
            6.504591176867331,
            51.05323805077973
          ],
          [
            6.502660624113336,
            51.08910040779242
          ]
        ],
        "type": "LineString"
      },
      "properties": {
        "length_m": 3991.871,
        "orientation": "NS",
        "row": 182,
        "segment": 0
      },
      "type": "Feature"
    },
    {
      "geometry": {
        "coordinates": [
          [
            6.5049050577023575,
            51.05337199217784
          ],
          [
            6.502975124187968,
            51.089227197076795
          ]
        ],
        "type": "LineString"
      },
      "properties": {
        "length_m": 3991.074,
        "orientation": "NS",
        "row": 183,
        "segment": 0
      },
      "type": "Feature"
    },
    {
      "geometry": {
        "coordinates": [
          [
            6.505218898674863,
            51.053506708198235
          ],
          [
            6.503294154993348,
            51.08926991993866
          ]
        ],
        "type": "LineString"
      },
      "properties": {
        "length_m": 3980.833,
        "orientation": "NS",
        "row": 184,
        "segment": 0
      },
      "type": "Feature"
    },
    {
      "geometry": {
        "coordinates": [
          [
            6.505532741485768,
            51.05364142339794
          ],
          [
            6.503617789833589,
            51.08922718366516
          ]
        ],
        "type": "LineString"
      },
      "properties": {
        "length_m": 3961.08,
        "orientation": "NS",
        "row": 185,
        "segment": 0
      },
      "type": "Feature"
    },
    {
      "geometry": {
        "coordinates": [
          [
            6.505846586135079,
            51.05377613777694
          ],
          [
            6.503941424106964,
            51.089184446486556
          ]
        ],
        "type": "LineString"
      },
      "properties": {
        "length_m": 3941.327,
        "orientation": "NS",
        "row": 186,
        "segment": 0
      },
      "type": "Feature"
    },
    {
      "geometry": {
        "coordinates": [
          [
            6.5061604326228,
            51.053910851335246
          ],
          [
            6.504265057813462,
            51.08914170840285
          ]
        ],
        "type": "LineString"
      },
      "properties": {
        "length_m": 3921.573,
        "orientation": "NS",
        "row": 187,
        "segment": 0
      },
      "type": "Feature"
    },
    {
      "geometry": {
        "coordinates": [
          [
            6.506474280948942,
            51.05404556407281
          ],
          [
            6.5045886909530655,
            51.08909896941405
          ]
        ],
        "type": "LineString"
      },
      "properties": {
        "length_m": 3901.82,
        "orientation": "NS",
        "row": 188,
        "segment": 0
      },
      "type": "Feature"
    },
    {
      "geometry": {
        "coordinates": [
          [
            6.5067881258756906,
            51.054180373471354
          ],
          [
            6.504912197123437,
            51.089058577303774
          ]
        ],
        "type": "LineString"
      },
      "properties": {
        "length_m": 3882.318,
        "orientation": "NS",
        "row": 189,
        "segment": 0
      },
      "type": "Feature"
    },
    {
      "geometry": {
        "coordinates": [
          [
            6.507101969495007,
            51.054315240627886
          ],
          [
            6.505233200529957,
            51.089064666486806
          ]
        ],
        "type": "LineString"
      },
      "properties": {
        "length_m": 3867.982,
        "orientation": "NS",
        "row": 190,
        "segment": 0
      },
      "type": "Feature"
    },
    {
      "geometry": {
        "coordinates": [
          [
            6.5074158149547925,
            51.05445010696372
          ],
          [
            6.505553385937664,
            51.08908595425681
          ]
        ],
        "type": "LineString"
      },
      "properties": {
        "length_m": 3855.339,
        "orientation": "NS",
        "row": 191,
        "segment": 0
      },
      "type": "Feature"
    },
    {
      "geometry": {
        "coordinates": [
          [
            6.507729662255049,
            51.054584972478864
          ],
          [
            6.50587357167001,
            51.08910724115333
          ]
        ],
        "type": "LineString"
      },
      "properties": {
        "length_m": 3842.695,
        "orientation": "NS",
        "row": 192,
        "segment": 0
      },
      "type": "Feature"
    },
    {
      "geometry": {
        "coordinates": [
          [
            6.508043511395786,
            51.05471983717329
          ],
          [
            6.506193757726979,
            51.08912852717638
          ]
        ],
        "type": "LineString"
      },
      "properties": {
        "length_m": 3830.052,
        "orientation": "NS",
        "row": 193,
        "segment": 0
      },
      "type": "Feature"
    },
    {
      "geometry": {
        "coordinates": [
          [
            6.508357362377009,
            51.05485470104699
          ],
          [
            6.506513944108553,
            51.08914981232594
          ]
        ],
        "type": "LineString"
      },
      "properties": {
        "length_m": 3817.409,
        "orientation": "NS",
        "row": 194,
        "segment": 0
      },
      "type": "Feature"
    },
    {
      "geometry": {
        "coordinates": [
          [
            6.508671215198724,
            51.05498956409994
          ],
          [
            6.506834130814719,
            51.08917109660204
          ]
        ],
        "type": "LineString"
      },
      "properties": {
        "length_m": 3804.765,
        "orientation": "NS",
        "row": 195,
        "segment": 0
      },
      "type": "Feature"
    },
    {
      "geometry": {
        "coordinates": [
          [
            6.508985069860938,
            51.05512442633215
          ],
          [
            6.507154317845459,
            51.08919238000464
          ]
        ],
        "type": "LineString"
      },
      "properties": {
        "length_m": 3792.122,
        "orientation": "NS",
        "row": 196,
        "segment": 0
      },
      "type": "Feature"
    },
    {
      "geometry": {
        "coordinates": [
          [
            6.509298926363657,
            51.055259287743596
          ],
          [
            6.507474505200761,
            51.08921366253376
          ]
        ],
        "type": "LineString"
      },
      "properties": {
        "length_m": 3779.479,
        "orientation": "NS",
        "row": 197,
        "segment": 0
      },
      "type": "Feature"
    },
    {
      "geometry": {
        "coordinates": [
          [
            6.5096127847068885,
            51.05539414833426
          ],
          [
            6.5077946928806085,
            51.08923494418939
          ]
        ],
        "type": "LineString"
      },
      "properties": {
        "length_m": 3766.835,
        "orientation": "NS",
        "row": 198,
        "segment": 0
      },
      "type": "Feature"
    },
    {
      "geometry": {
        "coordinates": [
          [
            6.509926644890636,
            51.055529008104145
          ],
          [
            6.508114880884984,
            51.08925622497154
          ]
        ],
        "type": "LineString"
      },
      "properties": {
        "length_m": 3754.192,
        "orientation": "NS",
        "row": 199,
        "segment": 0
      },
      "type": "Feature"
    },
    {
      "geometry": {
        "coordinates": [
          [
            6.51024050691491,
            51.05566386705321
          ],
          [
            6.508435069213873,
            51.089277504880194
          ]
        ],
        "type": "LineString"
      },
      "properties": {
        "length_m": 3741.548,
        "orientation": "NS",
        "row": 200,
        "segment": 0
      },
      "type": "Feature"
    },
    {
      "geometry": {
        "coordinates": [
          [
            6.510554594000844,
            51.05579456473275
          ],
          [
            6.508755257867262,
            51.08929878391536
          ]
        ],
        "type": "LineString"
      },
      "properties": {
        "length_m": 3729.368,
        "orientation": "NS",
        "row": 201,
        "segment": 0
      },
      "type": "Feature"
    },
    {
      "geometry": {
        "coordinates": [
          [
            6.510868916176604,
            51.05592091269423
          ],
          [
            6.509075446845132,
            51.089320062077014
          ]
        ],
        "type": "LineString"
      },
      "properties": {
        "length_m": 3717.672,
        "orientation": "NS",
        "row": 202,
        "segment": 0
      },
      "type": "Feature"
    },
    {
      "geometry": {
        "coordinates": [
          [
            6.511183240082021,
            51.056047259831196
          ],
          [
            6.509395636147471,
            51.08934133936519
          ]
        ],
        "type": "LineString"
      },
      "properties": {
        "length_m": 3705.976,
        "orientation": "NS",
        "row": 203,
        "segment": 0
      },
      "type": "Feature"
    },
    {
      "geometry": {
        "coordinates": [
          [
            6.511497565717099,
            51.05617360614364
          ],
          [
            6.509715825774262,
            51.08936261577985
          ]
        ],
        "type": "LineString"
      },
      "properties": {
        "length_m": 3694.279,
        "orientation": "NS",
        "row": 204,
        "segment": 0
      },
      "type": "Feature"
    },
    {
      "geometry": {
        "coordinates": [
          [
            6.511811893081841,
            51.05629995163154
          ],
          [
            6.510036015725489,
            51.08938389132102
          ]
        ],
        "type": "LineString"
      },
      "properties": {
        "length_m": 3682.583,
        "orientation": "NS",
        "row": 205,
        "segment": 0
      },
      "type": "Feature"
    },
    {
      "geometry": {
        "coordinates": [
          [
            6.512126222176251,
            51.05642629629489
          ],
          [
            6.510356206001139,
            51.08940516598867
          ]
        ],
        "type": "LineString"
      },
      "properties": {
        "length_m": 3670.887,
        "orientation": "NS",
        "row": 206,
        "segment": 0
      },
      "type": "Feature"
    },
    {
      "geometry": {
        "coordinates": [
          [
            6.512440553000334,
            51.056552640133674
          ],
          [
            6.510676396601194,
            51.08942643978283
          ]
        ],
        "type": "LineString"
      },
      "properties": {
        "length_m": 3659.191,
        "orientation": "NS",
        "row": 207,
        "segment": 0
      },
      "type": "Feature"
    },
    {
      "geometry": {
        "coordinates": [
          [
            6.5127548855540915,
            51.05667898314789
          ],
          [
            6.510996587525638,
            51.089447712703475
          ]
        ],
        "type": "LineString"
      },
      "properties": {
        "length_m": 3647.495,
        "orientation": "NS",
        "row": 208,
        "segment": 0
      },
      "type": "Feature"
    },
    {
      "geometry": {
        "coordinates": [
          [
            6.51306921983753,
            51.05680532533752
          ],
          [
            6.511316778774458,
            51.0894689847506
          ]
        ],
        "type": "LineString"
      },
      "properties": {
        "length_m": 3635.798,
        "orientation": "NS",
        "row": 209,
        "segment": 0
      },
      "type": "Feature"
    },
    {
      "geometry": {
        "coordinates": [
          [
            6.513383555850652,
            51.05693166670255
          ],
          [
            6.511636970347635,
            51.08949025592423
          ]
        ],
        "type": "LineString"
      },
      "properties": {
        "length_m": 3624.102,
        "orientation": "NS",
        "row": 210,
        "segment": 0
      },
      "type": "Feature"
    },
    {
      "geometry": {
        "coordinates": [
          [
            6.51369789359346,
            51.057058007242986
          ],
          [
            6.511957162245159,
            51.08951152622434
          ]
        ],
        "type": "LineString"
      },
      "properties": {
        "length_m": 3612.406,
        "orientation": "NS",
        "row": 211,
        "segment": 0
      },
      "type": "Feature"
    },
    {
      "geometry": {
        "coordinates": [
          [
            6.51401223306596,
            51.0571843469588
          ],
          [
            6.512277354467011,
            51.08953279565092
          ]
        ],
        "type": "LineString"
      },
      "properties": {
        "length_m": 3600.71,
        "orientation": "NS",
        "row": 212,
        "segment": 0
      },
      "type": "Feature"
    },
    {
      "geometry": {
        "coordinates": [
          [
            6.514326574268152,
            51.05731068584999
          ],
          [
            6.512597547013176,
            51.089554064204
          ]
        ],
        "type": "LineString"
      },
      "properties": {
        "length_m": 3589.014,
        "orientation": "NS",
        "row": 213,
        "segment": 0
      },
      "type": "Feature"
    },
    {
      "geometry": {
        "coordinates": [
          [
            6.514640917273506,
            51.057437022545166
          ],
          [
            6.512917739883639,
            51.08957533188355
          ]
        ],
        "type": "LineString"
      },
      "properties": {
        "length_m": 3577.318,
        "orientation": "NS",
        "row": 214,
        "segment": 0
      },
      "type": "Feature"
    },
    {
      "geometry": {
        "coordinates": [
          [
            6.514955275138562,
            51.05756311327685
          ],
          [
            6.51323791140393,
            51.0895970026103
          ]
        ],
        "type": "LineString"
      },
      "properties": {
        "length_m": 3565.694,
        "orientation": "NS",
        "row": 215,
        "segment": 0
      },
      "type": "Feature"
    },
    {
      "geometry": {
        "coordinates": [
          [
            6.515269634730107,
            51.05768920318374
          ],
          [
            6.513555746067164,
            51.08966223333723
          ]
        ],
        "type": "LineString"
      },
      "properties": {
        "length_m": 3558.919,
        "orientation": "NS",
        "row": 216,
        "segment": 0
      },
      "type": "Feature"
    },
    {
      "geometry": {
        "coordinates": [
          [
            6.515583996048139,
            51.057815292265865
          ],
          [
            6.513868391845698,
            51.08982420344629
          ]
        ],
        "type": "LineString"
      },
      "properties": {
        "length_m": 3562.912,
        "orientation": "NS",
        "row": 217,
        "segment": 0
      },
      "type": "Feature"
    },
    {
      "geometry": {
        "coordinates": [
          [
            6.515898359092667,
            51.0579413805232
          ],
          [
            6.5141797896585105,
            51.09000947900251
          ]
        ],
        "type": "LineString"
      },
      "properties": {
        "length_m": 3569.499,
        "orientation": "NS",
        "row": 218,
        "segment": 0
      },
      "type": "Feature"
    },
    {
      "geometry": {
        "coordinates": [
          [
            6.516212723863692,
            51.05806746795571
          ],
          [
            6.514491189964677,
            51.09019475375789
          ]
        ],
        "type": "LineString"
      },
      "properties": {
        "length_m": 3576.087,
        "orientation": "NS",
        "row": 219,
        "segment": 0
      },
      "type": "Feature"
    },
    {
      "geometry": {
        "coordinates": [
          [
            6.516527090361217,
            51.05819355456341
          ],
          [
            6.514797732647666,
            51.09047065418875
          ]
        ],
        "type": "LineString"
      },
      "properties": {
        "length_m": 3592.762,
        "orientation": "NS",
        "row": 220,
        "segment": 0
      },
      "type": "Feature"
    },
    {
      "geometry": {
        "coordinates": [
          [
            6.516841565162922,
            51.05831764907032
          ],
          [
            6.5148974878086525,
            51.09460258444341
          ]
        ],
        "type": "LineString"
      },
      "properties": {
        "length_m": 4038.874,
        "orientation": "NS",
        "row": 221,
        "segment": 0
      },
      "type": "Feature"
    },
    {
      "geometry": {
        "coordinates": [
          [
            6.517156121325251,
            51.05844025421514
          ],
          [
            6.515216653717728,
            51.09464366925424
          ]
        ],
        "type": "LineString"
      },
      "properties": {
        "length_m": 4029.799,
        "orientation": "NS",
        "row": 222,
        "segment": 0
      },
      "type": "Feature"
    },
    {
      "geometry": {
        "coordinates": [
          [
            6.517470679168599,
            51.058562858533605
          ],
          [
            6.515535820222076,
            51.0946847532008
          ]
        ],
        "type": "LineString"
      },
      "properties": {
        "length_m": 4020.725,
        "orientation": "NS",
        "row": 223,
        "segment": 0
      },
      "type": "Feature"
    },
    {
      "geometry": {
        "coordinates": [
          [
            6.517785238692969,
            51.058685462025686
          ],
          [
            6.515854987321686,
            51.09472583628304
          ]
        ],
        "type": "LineString"
      },
      "properties": {
        "length_m": 4011.65,
        "orientation": "NS",
        "row": 224,
        "segment": 0
      },
      "type": "Feature"
    },
    {
      "geometry": {
        "coordinates": [
          [
            6.518099799898364,
            51.05880806469139
          ],
          [
            6.516174155016541,
            51.09476691850099
          ]
        ],
        "type": "LineString"
      },
      "properties": {
        "length_m": 4002.575,
        "orientation": "NS",
        "row": 225,
        "segment": 0
      },
      "type": "Feature"
    },
    {
      "geometry": {
        "coordinates": [
          [
            6.51841573316874,
            51.0589050468452
          ],
          [
            6.51649332330663,
            51.09480799985462
          ]
        ],
        "type": "LineString"
      },
      "properties": {
        "length_m": 3996.351,
        "orientation": "NS",
        "row": 226,
        "segment": 0
      },
      "type": "Feature"
    },
    {
      "geometry": {
        "coordinates": [
          [
            6.518735956169689,
            51.058921845465875
          ],
          [
            6.516812492191939,
            51.094849080343955
          ]
        ],
        "type": "LineString"
      },
      "properties": {
        "length_m": 3999.053,
        "orientation": "NS",
        "row": 227,
        "segment": 0
      },
      "type": "Feature"
    },
    {
      "geometry": {
        "coordinates": [
          [
            6.519060436236883,
            51.05885904043911
          ],
          [
            6.517135746628317,
            51.09481392830487
          ]
        ],
        "type": "LineString"
      },
      "properties": {
        "length_m": 4002.13,
        "orientation": "NS",
        "row": 228,
        "segment": 0
      },
      "type": "Feature"
    },
    {
      "geometry": {
        "coordinates": [
          [
            6.519390525524431,
            51.05869131093653
          ],
          [
            6.51745951464912,
            51.094769181200796
          ]
        ],
        "type": "LineString"
      },
      "properties": {
        "length_m": 4015.818,
        "orientation": "NS",
        "row": 229,
        "segment": 0
      },
      "type": "Feature"
    },
    {
      "geometry": {
        "coordinates": [
          [
            6.519721949919324,
            51.0584985623209
          ],
          [
            6.5182526549991655,
            51.08596066014131
          ]
        ],
        "type": "LineString"
      },
      "properties": {
        "length_m": 3056.795,
        "orientation": "NS",
        "row": 230,
        "segment": 0
      },
      "type": "Feature"
    },
    {
      "geometry": {
        "coordinates": [
          [
            6.51825045368262,
            51.08600177174024
          ],
          [
            6.517779490472362,
            51.094795209131554
          ]
        ],
        "type": "LineString"
      },
      "properties": {
        "length_m": 978.798,
        "orientation": "NS",
        "row": 230,
        "segment": 1
      },
      "type": "Feature"
    },
    {
      "geometry": {
        "coordinates": [
          [
            6.520053371564931,
            51.05830581272087
          ],
          [
            6.5185969075275745,
            51.08553210777927
          ]
        ],
        "type": "LineString"
      },
      "properties": {
        "length_m": 3030.547,
        "orientation": "NS",
        "row": 231,
        "segment": 0
      },
      "type": "Feature"
    },
    {
      "geometry": {
        "coordinates": [
          [
            6.5185495481365425,
            51.0864167027196
          ],
          [
            6.518096004873428,
            51.09488586413353
          ]
        ],
        "type": "LineString"
      },
      "properties": {
        "length_m": 942.703,
        "orientation": "NS",
        "row": 231,
        "segment": 1
      },
      "type": "Feature"
    },
    {
      "geometry": {
        "coordinates": [
          [
            6.520384790461277,
            51.058113062136464
          ],
          [
            6.518932925385153,
            51.08525727038545
          ]
        ],
        "type": "LineString"
      },
      "properties": {
        "length_m": 3021.409,
        "orientation": "NS",
        "row": 232,
        "segment": 0
      },
      "type": "Feature"
    },
    {
      "geometry": {
        "coordinates": [
          [
            6.518864645083112,
            51.08653280445653
          ],
          [
            6.518412146471904,
            51.09498350250153
          ]
        ],
        "type": "LineString"
      },
      "properties": {
        "length_m": 940.647,
        "orientation": "NS",
        "row": 232,
        "segment": 1
      },
      "type": "Feature"
    },
    {
      "geometry": {
        "coordinates": [
          [
            6.520716206608391,
            51.0579203105677
          ],
          [
            6.519268939234214,
            51.084982431958224
          ]
        ],
        "type": "LineString"
      },
      "properties": {
        "length_m": 3012.271,
        "orientation": "NS",
        "row": 233,
        "segment": 0
      },
      "type": "Feature"
    },
    {
      "geometry": {
        "coordinates": [
          [
            6.51918101758531,
            51.08662510468637
          ],
          [
            6.518724410623048,
            51.095153570383225
          ]
        ],
        "type": "LineString"
      },
      "properties": {
        "length_m": 949.303,
        "orientation": "NS",
        "row": 233,
        "segment": 1
      },
      "type": "Feature"
    },
    {
      "geometry": {
        "coordinates": [
          [
            6.521048194546491,
            51.057716804952975
          ],
          [
            6.519604949074832,
            51.08470759249764
          ]
        ],
        "type": "LineString"
      },
      "properties": {
        "length_m": 3004.33,
        "orientation": "NS",
        "row": 234,
        "segment": 0
      },
      "type": "Feature"
    },
    {
      "geometry": {
        "coordinates": [
          [
            6.519497391371234,
            51.08671740407561
          ],
          [
            6.519016499090238,
            51.09570046893478
          ]
        ],
        "type": "LineString"
      },
      "properties": {
        "length_m": 999.904,
        "orientation": "NS",
        "row": 234,
        "segment": 1
      },
      "type": "Feature"
    },
    {
      "geometry": {
        "coordinates": [
          [
            6.521404447003655,
            51.05705904022211
          ],
          [
            6.519940954907085,
            51.08443275200367
          ]
        ],
        "type": "LineString"
      },
      "properties": {
        "length_m": 3046.952,
        "orientation": "NS",
        "row": 235,
        "segment": 0
      },
      "type": "Feature"
    },
    {
      "geometry": {
        "coordinates": [
          [
            6.5198137664408815,
            51.086809702624215
          ],
          [
            6.519334627275606,
            51.09576114096516
          ]
        ],
        "type": "LineString"
      },
      "properties": {
        "length_m": 996.384,
        "orientation": "NS",
        "row": 235,
        "segment": 1
      },
      "type": "Feature"
    },
    {
      "geometry": {
        "coordinates": [
          [
            6.521732011081939,
            51.056938181507455
          ],
          [
            6.5202769567310455,
            51.08415791047639
          ]
        ],
        "type": "LineString"
      },
      "properties": {
        "length_m": 3029.812,
        "orientation": "NS",
        "row": 236,
        "segment": 0
      },
      "type": "Feature"
    },
    {
      "geometry": {
        "coordinates": [
          [
            6.520130142794246,
            51.086902000332195
          ],
          [
            6.519652756321694,
            51.09582181214028
          ]
        ],
        "type": "LineString"
      },
      "properties": {
        "length_m": 992.863,
        "orientation": "NS",
        "row": 236,
        "segment": 1
      },
      "type": "Feature"
    },
    {
      "geometry": {
        "coordinates": [
          [
            6.5220540576697745,
            51.056920600578565
          ],
          [
            6.52061463751256,
            51.083851604625444
          ]
        ],
        "type": "LineString"
      },
      "properties": {
        "length_m": 2997.673,
        "orientation": "NS",
        "row": 237,
        "segment": 0
      },
      "type": "Feature"
    },
    {
      "geometry": {
        "coordinates": [
          [
            6.520446520431322,
            51.086994297199524
          ],
          [
            6.519970886228485,
            51.095882482460155
          ]
        ],
        "type": "LineString"
      },
      "properties": {
        "length_m": 989.343,
        "orientation": "NS",
        "row": 237,
        "segment": 1
      },
      "type": "Feature"
    },
    {
      "geometry": {
        "coordinates": [
          [
            6.52235679181741,
            51.05726466616314
          ],
          [
            6.520954407149179,
            51.08350615629711
          ]
        ],
        "type": "LineString"
      },
      "properties": {
        "length_m": 2920.923,
        "orientation": "NS",
        "row": 238,
        "segment": 0
      },
      "type": "Feature"
    },
    {
      "geometry": {
        "coordinates": [
          [
            6.520762899352103,
            51.08708659322622
          ],
          [
            6.520289016995971,
            51.09594315192476
          ]
        ],
        "type": "LineString"
      },
      "properties": {
        "length_m": 985.822,
        "orientation": "NS",
        "row": 238,
        "segment": 1
      },
      "type": "Feature"
    },
    {
      "geometry": {
        "coordinates": [
          [
            6.522657172926765,
            51.05765288209124
          ],
          [
            6.52129417166558,
            51.083160706891924
          ]
        ],
        "type": "LineString"
      },
      "properties": {
        "length_m": 2839.259,
        "orientation": "NS",
        "row": 239,
        "segment": 0
      },
      "type": "Feature"
    },
    {
      "geometry": {
        "coordinates": [
          [
            6.521079279556587,
            51.08717888841225
          ],
          [
            6.520607148624141,
            51.09600382053408
          ]
        ],
        "type": "LineString"
      },
      "properties": {
        "length_m": 982.302,
        "orientation": "NS",
        "row": 239,
        "segment": 1
      },
      "type": "Feature"
    },
    {
      "geometry": {
        "coordinates": [
          [
            6.522964478733968,
            51.057911488546615
          ],
          [
            6.521633931061892,
            51.082815256409916
          ]
        ],
        "type": "LineString"
      },
      "properties": {
        "length_m": 2772.021,
        "orientation": "NS",
        "row": 240,
        "segment": 0
      },
      "type": "Feature"
    },
    {
      "geometry": {
        "coordinates": [
          [
            6.521395661044765,
            51.08727118275762
          ],
          [
            6.520925281112983,
            51.09606448828814
          ]
        ],
        "type": "LineString"
      },
      "properties": {
        "length_m": 978.781,
        "orientation": "NS",
        "row": 240,
        "segment": 1
      },
      "type": "Feature"
    },
    {
      "geometry": {
        "coordinates": [
          [
            6.523280558953589,
            51.05800579081496
          ],
          [
            6.5219736853382475,
            51.08246980485111
          ]
        ],
        "type": "LineString"
      },
      "properties": {
        "length_m": 2723.071,
        "orientation": "NS",
        "row": 241,
        "segment": 0
      },
      "type": "Feature"
    },
    {
      "geometry": {
        "coordinates": [
          [
            6.521712043816636,
            51.08736347626231
          ],
          [
            6.521243414462487,
            51.096125155186904
          ]
        ],
        "type": "LineString"
      },
      "properties": {
        "length_m": 975.26,
        "orientation": "NS",
        "row": 241,
        "segment": 1
      },
      "type": "Feature"
    },
    {
      "geometry": {
        "coordinates": [
          [
            6.523601125748127,
            51.05801606067601
          ],
          [
            6.522313434494776,
            51.082124352215565
          ]
        ],
        "type": "LineString"
      },
      "properties": {
        "length_m": 2683.475,
        "orientation": "NS",
        "row": 242,
        "segment": 0
      },
      "type": "Feature"
    },
    {
      "geometry": {
        "coordinates": [
          [
            6.522028427872192,
            51.08745576892633
          ],
          [
            6.52156154867264,
            51.09618582123039
          ]
        ],
        "type": "LineString"
      },
      "properties": {
        "length_m": 971.74,
        "orientation": "NS",
        "row": 242,
        "segment": 1
      },
      "type": "Feature"
    },
    {
      "geometry": {
        "coordinates": [
          [
            6.523924804956975,
            51.05796801396753
          ],
          [
            6.5226464235761545,
            51.08190529646673
          ]
        ],
        "type": "LineString"
      },
      "properties": {
        "length_m": 2664.44,
        "orientation": "NS",
        "row": 243,
        "segment": 0
      },
      "type": "Feature"
    },
    {
      "geometry": {
        "coordinates": [
          [
            6.522344813211428,
            51.08754806074966
          ],
          [
            6.52187968374343,
            51.09624648641859
          ]
        ],
        "type": "LineString"
      },
      "properties": {
        "length_m": 968.219,
        "orientation": "NS",
        "row": 243,
        "segment": 1
      },
      "type": "Feature"
    },
    {
      "geometry": {
        "coordinates": [
          [
            6.524248724536416,
            51.05791544978712
          ],
          [
            6.522972406554715,
            51.08181729586831
          ]
        ],
        "type": "LineString"
      },
      "properties": {
        "length_m": 2660.495,
        "orientation": "NS",
        "row": 244,
        "segment": 0
      },
      "type": "Feature"
    },
    {
      "geometry": {
        "coordinates": [
          [
            6.522661199834339,
            51.0876403517323
          ],
          [
            6.52219781967485,
            51.096307150751485
          ]
        ],
        "type": "LineString"
      },
      "properties": {
        "length_m": 964.699,
        "orientation": "NS",
        "row": 244,
        "segment": 1
      },
      "type": "Feature"
    },
    {
      "geometry": {
        "coordinates": [
          [
            6.524572643411043,
            51.05786288469781
          ],
          [
            6.5232979406736575,
            51.08173767290302
          ]
        ],
        "type": "LineString"
      },
      "properties": {
        "length_m": 2657.482,
        "orientation": "NS",
        "row": 245,
        "segment": 0
      },
      "type": "Feature"
    },
    {
      "geometry": {
        "coordinates": [
          [
            6.522977587740921,
            51.087732641874204
          ],
          [
            6.5225159564668855,
            51.096367814229076
          ]
        ],
        "type": "LineString"
      },
      "properties": {
        "length_m": 961.178,
        "orientation": "NS",
        "row": 245,
        "segment": 1
      },
      "type": "Feature"
    },
    {
      "geometry": {
        "coordinates": [
          [
            6.524896561580841,
            51.05781031869963
          ],
          [
            6.523623473701015,
            51.08165804901415
          ]
        ],
        "type": "LineString"
      },
      "properties": {
        "length_m": 2654.47,
        "orientation": "NS",
        "row": 246,
        "segment": 0
      },
      "type": "Feature"
    },
    {
      "geometry": {
        "coordinates": [
          [
            6.523293976931167,
            51.08782493117542
          ],
          [
            6.522834094119525,
            51.096428476851365
          ]
        ],
        "type": "LineString"
      },
      "properties": {
        "length_m": 957.658,
        "orientation": "NS",
        "row": 246,
        "segment": 1
      },
      "type": "Feature"
    },
    {
      "geometry": {
        "coordinates": [
          [
            6.525087206268659,
            51.0602561059945
          ],
          [
            6.523949005636779,
            51.081578424201744
          ]
        ],
        "type": "LineString"
      },
      "properties": {
        "length_m": 2373.368,
        "orientation": "NS",
        "row": 247,
        "segment": 0
      },
      "type": "Feature"
    },
    {
      "geometry": {
        "coordinates": [
          [
            6.523606486894949,
            51.08798984354503
          ],
          [
            6.523152232632761,
            51.09648913861831
          ]
        ],
        "type": "LineString"
      },
      "properties": {
        "length_m": 946.053,
        "orientation": "NS",
        "row": 247,
        "segment": 1
      },
      "type": "Feature"
    },
    {
      "geometry": {
        "coordinates": [
          [
            6.525313552741365,
            51.062032955518845
          ],
          [
            6.52427453648094,
            51.08149879846579
          ]
        ],
        "type": "LineString"
      },
      "properties": {
        "length_m": 2166.726,
        "orientation": "NS",
        "row": 248,
        "segment": 0
      },
      "type": "Feature"
    },
    {
      "geometry": {
        "coordinates": [
          [
            6.523916790622411,
            51.08819609154367
          ],
          [
            6.523470372006577,
            51.09654979952997
          ]
        ],
        "type": "LineString"
      },
      "properties": {
        "length_m": 929.848,
        "orientation": "NS",
        "row": 248,
        "segment": 1
      },
      "type": "Feature"
    },
    {
      "geometry": {
        "coordinates": [
          [
            6.525556835745751,
            51.063492592285826
          ],
          [
            6.524600066233487,
            51.08141917180632
          ]
        ],
        "type": "LineString"
      },
      "properties": {
        "length_m": 1995.391,
        "orientation": "NS",
        "row": 249,
        "segment": 0
      },
      "type": "Feature"
    },
    {
      "geometry": {
        "coordinates": [
          [
            6.5242270971087875,
            51.08840233874967
          ],
          [
            6.523788386648746,
            51.09661280949201
          ]
        ],
        "type": "LineString"
      },
      "properties": {
        "length_m": 913.904,
        "orientation": "NS",
        "row": 249,
        "segment": 1
      },
      "type": "Feature"
    },
    {
      "geometry": {
        "coordinates": [
          [
            6.525834714755354,
            51.064303899649914
          ],
          [
            6.524925594894413,
            51.081339544223304
          ]
        ],
        "type": "LineString"
      },
      "properties": {
        "length_m": 1896.222,
        "orientation": "NS",
        "row": 250,
        "segment": 0
      },
      "type": "Feature"
    },
    {
      "geometry": {
        "coordinates": [
          [
            6.524537406354115,
            51.088608585163016
          ],
          [
            6.52410633203704,
            51.096677131241556
          ]
        ],
        "type": "LineString"
      },
      "properties": {
        "length_m": 898.106,
        "orientation": "NS",
        "row": 250,
        "segment": 1
      },
      "type": "Feature"
    },
    {
      "geometry": {
        "coordinates": [
          [
            6.526112984011378,
            51.06510806295895
          ],
          [
            6.525293629141639,
            51.08046366364653
          ]
        ],
        "type": "LineString"
      },
      "properties": {
        "length_m": 1709.217,
        "orientation": "NS",
        "row": 251,
        "segment": 0
      },
      "type": "Feature"
    },
    {
      "geometry": {
        "coordinates": [
          [
            6.52484771835843,
            51.08881483078367
          ],
          [
            6.524424278335266,
            51.096741452137415
          ]
        ],
        "type": "LineString"
      },
      "properties": {
        "length_m": 882.308,
        "orientation": "NS",
        "row": 251,
        "segment": 1
      },
      "type": "Feature"
    },
    {
      "geometry": {
        "coordinates": [
          [
            6.526393421997097,
            51.06587173218228
          ],
          [
            6.5256281079193785,
            51.080216201787586
          ]
        ],
        "type": "LineString"
      },
      "properties": {
        "length_m": 1596.669,
        "orientation": "NS",
        "row": 252,
        "segment": 0
      },
      "type": "Feature"
    },
    {
      "geometry": {
        "coordinates": [
          [
            6.525155064916292,
            51.08907665831245
          ],
          [
            6.5247422255434095,
            51.09680577217963
          ]
        ],
        "type": "LineString"
      },
      "properties": {
        "length_m": 860.324,
        "orientation": "NS",
        "row": 252,
        "segment": 1
      },
      "type": "Feature"
    },
    {
      "geometry": {
        "coordinates": [
          [
            6.5266750359068215,
            51.06661351456602
          ],
          [
            6.5259535282439165,
            51.08013841032076
          ]
        ],
        "type": "LineString"
      },
      "properties": {
        "length_m": 1505.443,
        "orientation": "NS",
        "row": 253,
        "segment": 0
      },
      "type": "Feature"
    },
    {
      "geometry": {
        "coordinates": [
          [
            6.525461774765887,
            51.08935047404461
          ],
          [
            6.525060173661461,
            51.09687009136816
          ]
        ],
        "type": "LineString"
      },
      "properties": {
        "length_m": 837.005,
        "orientation": "NS",
        "row": 253,
        "segment": 1
      },
      "type": "Feature"
    },
    {
      "geometry": {
        "coordinates": [
          [
            6.526956658435924,
            51.06735529630953
          ],
          [
            6.526275939885516,
            51.08011698230753
          ]
        ],
        "type": "LineString"
      },
      "properties": {
        "length_m": 1420.49,
        "orientation": "NS",
        "row": 254,
        "segment": 0
      },
      "type": "Feature"
    },
    {
      "geometry": {
        "coordinates": [
          [
            6.525772893164009,
            51.08954178283008
          ],
          [
            6.525378122689411,
            51.096934409703024
          ]
        ],
        "type": "LineString"
      },
      "properties": {
        "length_m": 822.869,
        "orientation": "NS",
        "row": 254,
        "segment": 1
      },
      "type": "Feature"
    },
    {
      "geometry": {
        "coordinates": [
          [
            6.527249551663407,
            51.06788584588572
          ],
          [
            6.526598254445292,
            51.08009736798893
          ]
        ],
        "type": "LineString"
      },
      "properties": {
        "length_m": 1359.252,
        "orientation": "NS",
        "row": 255,
        "segment": 0
      },
      "type": "Feature"
    },
    {
      "geometry": {
        "coordinates": [
          [
            6.526090462382055,
            51.08961229792604
          ],
          [
            6.525696072627248,
            51.096998727184214
          ]
        ],
        "type": "LineString"
      },
      "properties": {
        "length_m": 822.179,
        "orientation": "NS",
        "row": 255,
        "segment": 1
      },
      "type": "Feature"
    },
    {
      "geometry": {
        "coordinates": [
          [
            6.5275444045265445,
            51.06837975815953
          ],
          [
            6.526920568762959,
            51.08007775277724
          ]
        ],
        "type": "LineString"
      },
      "properties": {
        "length_m": 1302.092,
        "orientation": "NS",
        "row": 256,
        "segment": 0
      },
      "type": "Feature"
    },
    {
      "geometry": {
        "coordinates": [
          [
            6.526409900998988,
            51.089647807382185
          ],
          [
            6.526014108713723,
            51.09706144753257
          ]
        ],
        "type": "LineString"
      },
      "properties": {
        "length_m": 825.208,
        "orientation": "NS",
        "row": 256,
        "segment": 1
      },
      "type": "Feature"
    },
    {
      "geometry": {
        "coordinates": [
          [
            6.527839263513392,
            51.068873669737826
          ],
          [
            6.52724368915114,
            51.08004302000893
          ]
        ],
        "type": "LineString"
      },
      "properties": {
        "length_m": 1243.248,
        "orientation": "NS",
        "row": 257,
        "segment": 0
      },
      "type": "Feature"
    },
    {
      "geometry": {
        "coordinates": [
          [
            6.5267293401349535,
            51.08968331597148
          ],
          [
            6.526332225144161,
            51.09712267886104
          ]
        ],
        "type": "LineString"
      },
      "properties": {
        "length_m": 828.071,
        "orientation": "NS",
        "row": 257,
        "segment": 1
      },
      "type": "Feature"
    },
    {
      "geometry": {
        "coordinates": [
          [
            6.528139418983686,
            51.06926832347614
          ],
          [
            6.527570334588829,
            51.07994218168979
          ]
        ],
        "type": "LineString"
      },
      "properties": {
        "length_m": 1188.096,
        "orientation": "NS",
        "row": 258,
        "segment": 0
      },
      "type": "Feature"
    },
    {
      "geometry": {
        "coordinates": [
          [
            6.527048779789935,
            51.08971882369396
          ],
          [
            6.526652115291552,
            51.09715070049202
          ]
        ],
        "type": "LineString"
      },
      "properties": {
        "length_m": 827.237,
        "orientation": "NS",
        "row": 258,
        "segment": 1
      },
      "type": "Feature"
    },
    {
      "geometry": {
        "coordinates": [
          [
            6.528451167414781,
            51.06944553945789
          ],
          [
            6.527896978629487,
            51.079841342436126
          ]
        ],
        "type": "LineString"
      },
      "properties": {
        "length_m": 1157.145,
        "orientation": "NS",
        "row": 259,
        "segment": 0
      },
      "type": "Feature"
    },
    {
      "geometry": {
        "coordinates": [
          [
            6.5273682199639165,
            51.089754330549596
          ],
          [
            6.526972653794763,
            51.09716658254265
          ]
        ],
        "type": "LineString"
      },
      "properties": {
        "length_m": 825.053,
        "orientation": "NS",
        "row": 259,
        "segment": 1
      },
      "type": "Feature"
    },
    {
      "geometry": {
        "coordinates": [
          [
            6.528763227563179,
            51.06961694962701
          ],
          [
            6.528223621273112,
            51.07974050224795
          ]
        ],
        "type": "LineString"
      },
      "properties": {
        "length_m": 1126.841,
        "orientation": "NS",
        "row": 260,
        "segment": 0
      },
      "type": "Feature"
    },
    {
      "geometry": {
        "coordinates": [
          [
            6.527687660656887,
            51.08978983653837
          ],
          [
            6.527291449593066,
            51.09721512103371
          ]
        ],
        "type": "LineString"
      },
      "properties": {
        "length_m": 826.503,
        "orientation": "NS",
        "row": 260,
        "segment": 1
      },
      "type": "Feature"
    },
    {
      "geometry": {
        "coordinates": [
          [
            6.529075290025603,
            51.069788358989776
          ],
          [
            6.528550262519697,
            51.07963966112527
          ]
        ],
        "type": "LineString"
      },
      "properties": {
        "length_m": 1096.537,
        "orientation": "NS",
        "row": 261,
        "segment": 0
      },
      "type": "Feature"
    },
    {
      "geometry": {
        "coordinates": [
          [
            6.528007101868832,
            51.0898253416603
          ],
          [
            6.527609058529365,
            51.09728591245221
          ]
        ],
        "type": "LineString"
      },
      "properties": {
        "length_m": 830.431,
        "orientation": "NS",
        "row": 261,
        "segment": 1
      },
      "type": "Feature"
    },
    {
      "geometry": {
        "coordinates": [
          [
            6.5293873548020755,
            51.06995976754617
          ],
          [
            6.5288769023692375,
            51.0795388190681
          ]
        ],
        "type": "LineString"
      },
      "properties": {
        "length_m": 1066.233,
        "orientation": "NS",
        "row": 262,
        "segment": 0
      },
      "type": "Feature"
    },
    {
      "geometry": {
        "coordinates": [
          [
            6.528326543599735,
            51.08986084591538
          ],
          [
            6.527926668462634,
            51.09735670301993
          ]
        ],
        "type": "LineString"
      },
      "properties": {
        "length_m": 834.358,
        "orientation": "NS",
        "row": 262,
        "segment": 1
      },
      "type": "Feature"
    },
    {
      "geometry": {
        "coordinates": [
          [
            6.529699421892613,
            51.070131175296154
          ],
          [
            6.529203540821728,
            51.079437976076456
          ]
        ],
        "type": "LineString"
      },
      "properties": {
        "length_m": 1035.929,
        "orientation": "NS",
        "row": 263,
        "segment": 0
      },
      "type": "Feature"
    },
    {
      "geometry": {
        "coordinates": [
          [
            6.528645985849582,
            51.0898963493036
          ],
          [
            6.528244279392859,
            51.097427492736884
          ]
        ],
        "type": "LineString"
      },
      "properties": {
        "length_m": 838.286,
        "orientation": "NS",
        "row": 263,
        "segment": 1
      },
      "type": "Feature"
    },
    {
      "geometry": {
        "coordinates": [
          [
            6.530011491297236,
            51.07030258223975
          ],
          [
            6.529530177877162,
            51.07933713215033
          ]
        ],
        "type": "LineString"
      },
      "properties": {
        "length_m": 1005.624,
        "orientation": "NS",
        "row": 264,
        "segment": 0
      },
      "type": "Feature"
    },
    {
      "geometry": {
        "coordinates": [
          [
            6.528965589468221,
            51.089928835192374
          ],
          [
            6.5285618913200345,
            51.09749828160306
          ]
        ],
        "type": "LineString"
      },
      "properties": {
        "length_m": 842.549,
        "orientation": "NS",
        "row": 264,
        "segment": 1
      },
      "type": "Feature"
    },
    {
      "geometry": {
        "coordinates": [
          [
            6.530323730896783,
            51.07047083595322
          ],
          [
            6.529856813535539,
            51.079236287289724
          ]
        ],
        "type": "LineString"
      },
      "properties": {
        "length_m": 975.671,
        "orientation": "NS",
        "row": 265,
        "segment": 0
      },
      "type": "Feature"
    },
    {
      "geometry": {
        "coordinates": [
          [
            6.529269899069959,
            51.09024819280661
          ],
          [
            6.52887931286023,
            51.097572657789506
          ]
        ],
        "type": "LineString"
      },
      "properties": {
        "length_m": 815.28,
        "orientation": "NS",
        "row": 265,
        "segment": 1
      },
      "type": "Feature"
    },
    {
      "geometry": {
        "coordinates": [
          [
            6.530640090519947,
            51.070561757287884
          ],
          [
            6.530183447796848,
            51.079135441494685
          ]
        ],
        "type": "LineString"
      },
      "properties": {
        "length_m": 954.326,
        "orientation": "NS",
        "row": 266,
        "segment": 0
      },
      "type": "Feature"
    },
    {
      "geometry": {
        "coordinates": [
          [
            6.5295826897258715,
            51.090408534551145
          ],
          [
            6.529196499756219,
            51.097651452515095
          ]
        ],
        "type": "LineString"
      },
      "properties": {
        "length_m": 806.203,
        "orientation": "NS",
        "row": 266,
        "segment": 1
      },
      "type": "Feature"
    },
    {
      "geometry": {
        "coordinates": [
          [
            6.530960515956011,
            51.070576335451186
          ],
          [
            6.530510080661088,
            51.079034594765176
          ]
        ],
        "type": "LineString"
      },
      "properties": {
        "length_m": 941.478,
        "orientation": "NS",
        "row": 267,
        "segment": 0
      },
      "type": "Feature"
    },
    {
      "geometry": {
        "coordinates": [
          [
            6.529900065653708,
            51.090482891883134
          ],
          [
            6.529513687756503,
            51.09773024639351
          ]
        ],
        "type": "LineString"
      },
      "properties": {
        "length_m": 806.697,
        "orientation": "NS",
        "row": 267,
        "segment": 1
      },
      "type": "Feature"
    },
    {
      "geometry": {
        "coordinates": [
          [
            6.531281717508563,
            51.07057633777171
          ],
          [
            6.530836522378103,
            51.07893730984262
          ]
        ],
        "type": "LineString"
      },
      "properties": {
        "length_m": 930.648,
        "orientation": "NS",
        "row": 268,
        "segment": 0
      },
      "type": "Feature"
    },
    {
      "geometry": {
        "coordinates": [
          [
            6.530217646927725,
            51.090553414963
          ],
          [
            6.529830876861071,
            51.09780903942473
          ]
        ],
        "type": "LineString"
      },
      "properties": {
        "length_m": 807.617,
        "orientation": "NS",
        "row": 268,
        "segment": 1
      },
      "type": "Feature"
    },
    {
      "geometry": {
        "coordinates": [
          [
            6.5316029190918385,
            51.07057633920904
          ],
          [
            6.531159553318018,
            51.078904047914435
          ]
        ],
        "type": "LineString"
      },
      "properties": {
        "length_m": 926.946,
        "orientation": "NS",
        "row": 269,
        "segment": 0
      },
      "type": "Feature"
    },
    {
      "geometry": {
        "coordinates": [
          [
            6.530535828905253,
            51.0906126831361
          ],
          [
            6.530148067069916,
            51.09788783160878
          ]
        ],
        "type": "LineString"
      },
      "properties": {
        "length_m": 809.79,
        "orientation": "NS",
        "row": 269,
        "segment": 1
      },
      "type": "Feature"
    },
    {
      "geometry": {
        "coordinates": [
          [
            6.531924120705824,
            51.0705763397632
          ],
          [
            6.531479556679559,
            51.07892763757383
          ]
        ],
        "type": "LineString"
      },
      "properties": {
        "length_m": 929.571,
        "orientation": "NS",
        "row": 270,
        "segment": 0
      },
      "type": "Feature"
    },
    {
      "geometry": {
        "coordinates": [
          [
            6.530857646742318,
            51.09060372756994
          ],
          [
            6.53046525838303,
            51.09796662294564
          ]
        ],
        "type": "LineString"
      },
      "properties": {
        "length_m": 819.557,
        "orientation": "NS",
        "row": 270,
        "segment": 1
      },
      "type": "Feature"
    },
    {
      "geometry": {
        "coordinates": [
          [
            6.53224492234787,
            51.070583856409485
          ],
          [
            6.531819157892695,
            51.078583117125206
          ]
        ],
        "type": "LineString"
      },
      "properties": {
        "length_m": 890.386,
        "orientation": "NS",
        "row": 271,
        "segment": 0
      },
      "type": "Feature"
    },
    {
      "geometry": {
        "coordinates": [
          [
            6.531184156407158,
            51.09050670010252
          ],
          [
            6.530782450800406,
            51.09804541343529
          ]
        ],
        "type": "LineString"
      },
      "properties": {
        "length_m": 839.127,
        "orientation": "NS",
        "row": 271,
        "segment": 1
      },
      "type": "Feature"
    },
    {
      "geometry": {
        "coordinates": [
          [
            6.532479969669622,
            51.07220303130827
          ],
          [
            6.532194895897761,
            51.07755960260693
          ]
        ],
        "type": "LineString"
      },
      "properties": {
        "length_m": 596.232,
        "orientation": "NS",
        "row": 272,
        "segment": 0
      },
      "type": "Feature"
    },
    {
      "geometry": {
        "coordinates": [
          [
            6.531519654719812,
            51.090240898410315
          ],
          [
            6.531107251343612,
            51.09798145627798
          ]
        ],
        "type": "LineString"
      },
      "properties": {
        "length_m": 861.594,
        "orientation": "NS",
        "row": 272,
        "segment": 1
      },
      "type": "Feature"
    },
    {
      "geometry": {
        "coordinates": [
          [
            6.53278897652775,
            51.07243244754751
          ],
          [
            6.532527529994348,
            51.07734569832405
          ]
        ],
        "type": "LineString"
      },
      "properties": {
        "length_m": 546.887,
        "orientation": "NS",
        "row": 273,
        "segment": 0
      },
      "type": "Feature"
    },
    {
      "geometry": {
        "coordinates": [
          [
            6.531837974720938,
            51.09029756505924
          ],
          [
            6.53144300031012,
            51.09771200365223
          ]
        ],
        "type": "LineString"
      },
      "properties": {
        "length_m": 825.293,
        "orientation": "NS",
        "row": 273,
        "segment": 1
      },
      "type": "Feature"
    },
    {
      "geometry": {
        "coordinates": [
          [
            6.533105840102389,
            51.072514233667356
          ],
          [
            6.532852422629021,
            51.077277216878
          ]
        ],
        "type": "LineString"
      },
      "properties": {
        "length_m": 530.16,
        "orientation": "NS",
        "row": 274,
        "segment": 0
      },
      "type": "Feature"
    },
    {
      "geometry": {
        "coordinates": [
          [
            6.5321537625842945,
            51.09040179524752
          ],
          [
            6.531778745349853,
            51.097442549996586
          ]
        ],
        "type": "LineString"
      },
      "properties": {
        "length_m": 783.699,
        "orientation": "NS",
        "row": 274,
        "segment": 1
      },
      "type": "Feature"
    },
    {
      "geometry": {
        "coordinates": [
          [
            6.533426932616954,
            51.072516536426654
          ],
          [
            6.533173089156286,
            51.07728814634282
          ]
        ],
        "type": "LineString"
      },
      "properties": {
        "length_m": 531.121,
        "orientation": "NS",
        "row": 275,
        "segment": 0
      },
      "type": "Feature"
    },
    {
      "geometry": {
        "coordinates": [
          [
            6.532466608009647,
            51.090561312394556
          ],
          [
            6.53211448646288,
            51.09717309531108
          ]
        ],
        "type": "LineString"
      },
      "properties": {
        "length_m": 735.95,
        "orientation": "NS",
        "row": 275,
        "segment": 1
      },
      "type": "Feature"
    },
    {
      "geometry": {
        "coordinates": [
          [
            6.533749425969446,
            51.07249250023981
          ],
          [
            6.533492372643586,
            51.07732507576306
          ]
        ],
        "type": "LineString"
      },
      "properties": {
        "length_m": 537.906,
        "orientation": "NS",
        "row": 276,
        "segment": 0
      },
      "type": "Feature"
    },
    {
      "geometry": {
        "coordinates": [
          [
            6.532779455599023,
            51.09072082872954
          ],
          [
            6.532450223649271,
            51.09690363959573
          ]
        ],
        "type": "LineString"
      },
      "properties": {
        "length_m": 688.202,
        "orientation": "NS",
        "row": 276,
        "segment": 1
      },
      "type": "Feature"
    },
    {
      "geometry": {
        "coordinates": [
          [
            6.533956431676859,
            51.07464006509035
          ],
          [
            6.533811656668847,
            51.077362004317465
          ]
        ],
        "type": "LineString"
      },
      "properties": {
        "length_m": 302.975,
        "orientation": "NS",
        "row": 277,
        "segment": 0
      },
      "type": "Feature"
    },
    {
      "geometry": {
        "coordinates": [
          [
            6.533092305352439,
            51.0908803442525
          ],
          [
            6.532785956909099,
            51.09663418285056
          ]
        ],
        "type": "LineString"
      },
      "properties": {
        "length_m": 640.453,
        "orientation": "NS",
        "row": 277,
        "segment": 1
      },
      "type": "Feature"
    },
    {
      "geometry": {
        "coordinates": [
          [
            6.534234750501147,
            51.07544698921444
          ],
          [
            6.534130941232054,
            51.077398932006034
          ]
        ],
        "type": "LineString"
      },
      "properties": {
        "length_m": 217.268,
        "orientation": "NS",
        "row": 278,
        "segment": 0
      },
      "type": "Feature"
    },
    {
      "geometry": {
        "coordinates": [
          [
            6.533405157269909,
            51.0910398589634
          ],
          [
            6.533121686242436,
            51.09636472507562
          ]
        ],
        "type": "LineString"
      },
      "properties": {
        "length_m": 592.705,
        "orientation": "NS",
        "row": 278,
        "segment": 1
      },
      "type": "Feature"
    },
    {
      "geometry": {
        "coordinates": [
          [
            6.534513078549422,
            51.07625391270725
          ],
          [
            6.534450226333191,
            51.07743585882875
          ]
        ],
        "type": "LineString"
      },
      "properties": {
        "length_m": 131.561,
        "orientation": "NS",
        "row": 279,
        "segment": 0
      },
      "type": "Feature"
    },
    {
      "geometry": {
        "coordinates": [
          [
            6.533718011351447,
            51.09119937286223
          ],
          [
            6.5334574116493505,
            51.096095266270915
          ]
        ],
        "type": "LineString"
      },
      "properties": {
        "length_m": 544.956,
        "orientation": "NS",
        "row": 279,
        "segment": 1
      },
      "type": "Feature"
    },
    {
      "geometry": {
        "coordinates": [
          [
            6.534791010568202,
            51.07706845733648
          ],
          [
            6.5347695119722475,
            51.07747278478565
          ]
        ],
        "type": "LineString"
      },
      "properties": {
        "length_m": 45.005,
        "orientation": "NS",
        "row": 280,
        "segment": 0
      },
      "type": "Feature"
    },
    {
      "geometry": {
        "coordinates": [
          [
            6.534030867597069,
            51.09135888594899
          ],
          [
            6.533793133129917,
            51.09582580643649
          ]
        ],
        "type": "LineString"
      },
      "properties": {
        "length_m": 497.207,
        "orientation": "NS",
        "row": 280,
        "segment": 1
      },
      "type": "Feature"
    },
    {
      "geometry": {
        "coordinates": [
          [
            6.5343437260067905,
            51.09151839822365
          ],
          [
            6.534128844383384,
            51.09555646396395
          ]
        ],
        "type": "LineString"
      },
      "properties": {
        "length_m": 449.472,
        "orientation": "NS",
        "row": 281,
        "segment": 0
      },
      "type": "Feature"
    },
    {
      "geometry": {
        "coordinates": [
          [
            6.534656586580626,
            51.0916779096862
          ],
          [
            6.534464184989066,
            51.09529401215117
          ]
        ],
        "type": "LineString"
      },
      "properties": {
        "length_m": 402.504,
        "orientation": "NS",
        "row": 282,
        "segment": 0
      },
      "type": "Feature"
    },
    {
      "geometry": {
        "coordinates": [
          [
            6.53496944931859,
            51.091837420336624
          ],
          [
            6.534799521777151,
            51.09503155931289
          ]
        ],
        "type": "LineString"
      },
      "properties": {
        "length_m": 355.535,
        "orientation": "NS",
        "row": 283,
        "segment": 0
      },
      "type": "Feature"
    },
    {
      "geometry": {
        "coordinates": [
          [
            6.535282314220696,
            51.09199693017493
          ],
          [
            6.535134854747702,
            51.094769105449195
          ]
        ],
        "type": "LineString"
      },
      "properties": {
        "length_m": 308.567,
        "orientation": "NS",
        "row": 284,
        "segment": 0
      },
      "type": "Feature"
    },
    {
      "geometry": {
        "coordinates": [
          [
            6.535595181286963,
            51.09215643920106
          ],
          [
            6.535470183900789,
            51.09450665056007
          ]
        ],
        "type": "LineString"
      },
      "properties": {
        "length_m": 261.599,
        "orientation": "NS",
        "row": 285,
        "segment": 0
      },
      "type": "Feature"
    },
    {
      "geometry": {
        "coordinates": [
          [
            6.535908050517404,
            51.092315947415024
          ],
          [
            6.535805509236476,
            51.094244194645555
          ]
        ],
        "type": "LineString"
      },
      "properties": {
        "length_m": 214.63,
        "orientation": "NS",
        "row": 286,
        "segment": 0
      },
      "type": "Feature"
    },
    {
      "geometry": {
        "coordinates": [
          [
            6.536219081375641,
            51.092510071442845
          ],
          [
            6.53614083075483,
            51.093981737705704
          ]
        ],
        "type": "LineString"
      },
      "properties": {
        "length_m": 163.809,
        "orientation": "NS",
        "row": 287,
        "segment": 0
      },
      "type": "Feature"
    },
    {
      "geometry": {
        "coordinates": [
          [
            6.5365298950501565,
            51.09270832896015
          ],
          [
            6.536477188886475,
            51.09369971023745
          ]
        ],
        "type": "LineString"
      },
      "properties": {
        "length_m": 110.349,
        "orientation": "NS",
        "row": 288,
        "segment": 0
      },
      "type": "Feature"
    },
    {
      "geometry": {
        "coordinates": [
          [
            6.536840711383868,
            51.09290658568104
          ],
          [
            6.536815650358914,
            51.09337803650733
          ]
        ],
        "type": "LineString"
      },
      "properties": {
        "length_m": 52.476,
        "orientation": "NS",
        "row": 289,
        "segment": 0
      },
      "type": "Feature"
    }
  ],
  "type": "FeatureCollection"
}