{
  "features": [
    {
      "geometry": {
        "coordinates": [
          [
            6.48056247221534,
            51.037747738167226
          ],
          [
            6.4813695301998795,
            51.03776514441175
          ]
        ],
        "type": "LineString"
      },
      "properties": {
        "length_m": 56.64,
        "orientation": "EW",
        "row": 0,
        "segment": 0
      },
      "type": "Feature"
    },
    {
      "geometry": {
        "coordinates": [
          [
            6.479061983982075,
            51.037995982358616
          ],
          [
            6.481523748365869,
            51.03804909062636
          ]
        ],
        "type": "LineString"
      },
      "properties": {
        "length_m": 172.767,
        "orientation": "EW",
        "row": 1,
        "segment": 0
      },
      "type": "Feature"
    },
    {
      "geometry": {
        "coordinates": [
          [
            6.477536818371021,
            51.038243674416435
          ],
          [
            6.481619364556938,
            51.03833177306073
          ]
        ],
        "type": "LineString"
      },
      "properties": {
        "length_m": 286.512,
        "orientation": "EW",
        "row": 2,
        "segment": 0
      },
      "type": "Feature"
    },
    {
      "geometry": {
        "coordinates": [
          [
            6.476089333178791,
            51.03849302529217
          ],
          [
            6.481630363072165,
            51.03861263092748
          ]
        ],
        "type": "LineString"
      },
      "properties": {
        "length_m": 388.866,
        "orientation": "EW",
        "row": 3,
        "segment": 0
      },
      "type": "Feature"
    },
    {
      "geometry": {
        "coordinates": [
          [
            6.474641833027335,
            51.038742357997144
          ],
          [
            6.481715554072082,
            51.03889508846267
          ]
        ],
        "type": "LineString"
      },
      "properties": {
        "length_m": 496.427,
        "orientation": "EW",
        "row": 4,
        "segment": 0
      },
      "type": "Feature"
    },
    {
      "geometry": {
        "coordinates": [
          [
            6.472985451002579,
            51.038987153727376
          ],
          [
            6.48188230729097,
            51.03917930438103
          ]
        ],
        "type": "LineString"
      },
      "properties": {
        "length_m": 624.37,
        "orientation": "EW",
        "row": 5,
        "segment": 0
      },
      "type": "Feature"
    },
    {
      "geometry": {
        "coordinates": [
          [
            6.470927901379167,
            51.039223240139705
          ],
          [
            6.482049062498514,
            51.03946352007753
          ]
        ],
        "type": "LineString"
      },
      "properties": {
        "length_m": 780.465,
        "orientation": "EW",
        "row": 6,
        "segment": 0
      },
      "type": "Feature"
    },
    {
      "geometry": {
        "coordinates": [
          [
            6.469497329585014,
            51.03947287593682
          ],
          [
            6.482215819694759,
            51.03974773555216
          ]
        ],
        "type": "LineString"
      },
      "properties": {
        "length_m": 892.558,
        "orientation": "EW",
        "row": 7,
        "segment": 0
      },
      "type": "Feature"
    },
    {
      "geometry": {
        "coordinates": [
          [
            6.4688466672867575,
            51.03973939840749
          ],
          [
            6.482382578879754,
            51.040031950804924
          ]
        ],
        "type": "LineString"
      },
      "properties": {
        "length_m": 949.918,
        "orientation": "EW",
        "row": 8,
        "segment": 0
      },
      "type": "Feature"
    },
    {
      "geometry": {
        "coordinates": [
          [
            6.468192860898659,
            51.040005849143
          ],
          [
            6.482549340053545,
            51.0403161658358
          ]
        ],
        "type": "LineString"
      },
      "properties": {
        "length_m": 1007.497,
        "orientation": "EW",
        "row": 9,
        "segment": 0
      },
      "type": "Feature"
    },
    {
      "geometry": {
        "coordinates": [
          [
            6.467539047080647,
            51.040272296100675
          ],
          [
            6.482716103216179,
            51.04060038064479
          ]
        ],
        "type": "LineString"
      },
      "properties": {
        "length_m": 1065.077,
        "orientation": "EW",
        "row": 10,
        "segment": 0
      },
      "type": "Feature"
    },
    {
      "geometry": {
        "coordinates": [
          [
            6.466905023250663,
            51.04053916864088
          ],
          [
            6.482887174827991,
            51.04088468803854
          ]
        ],
        "type": "LineString"
      },
      "properties": {
        "length_m": 1121.57,
        "orientation": "EW",
        "row": 11,
        "segment": 0
      },
      "type": "Feature"
    },
    {
      "geometry": {
        "coordinates": [
          [
            6.466277285729179,
            51.04080617414984
          ],
          [
            6.483063157004651,
            51.041169100972475
          ]
        ],
        "type": "LineString"
      },
      "properties": {
        "length_m": 1177.965,
        "orientation": "EW",
        "row": 12,
        "segment": 0
      },
      "type": "Feature"
    },
    {
      "geometry": {
        "coordinates": [
          [
            6.465658558988688,
            51.04107337184446
          ],
          [
            6.483239141285524,
            51.04145351365905
          ]
        ],
        "type": "LineString"
      },
      "properties": {
        "length_m": 1233.727,
        "orientation": "EW",
        "row": 13,
        "segment": 0
      },
      "type": "Feature"
    },
    {
      "geometry": {
        "coordinates": [
          [
            6.465046097302435,
            51.0413407022753
          ],
          [
            6.4833852467517,
            51.04173728228372
          ]
        ],
        "type": "LineString"
      },
      "properties": {
        "length_m": 1286.953,
        "orientation": "EW",
        "row": 14,
        "segment": 0
      },
      "type": "Feature"
    },
    {
      "geometry": {
        "coordinates": [
          [
            6.464733800240785,
            51.041614545309514
          ],
          [
            6.483496251426591,
            51.04202029445487
          ]
        ],
        "type": "LineString"
      },
      "properties": {
        "length_m": 1316.65,
        "orientation": "EW",
        "row": 15,
        "segment": 0
      },
      "type": "Feature"
    },
    {
      "geometry": {
        "coordinates": [
          [
            6.4647677246169515,
            51.0418959030224
          ],
          [
            6.483607257397705,
            51.04230330652712
          ]
        ],
        "type": "LineString"
      },
      "properties": {
        "length_m": 1322.052,
        "orientation": "EW",
        "row": 16,
        "segment": 0
      },
      "type": "Feature"
    },
    {
      "geometry": {
        "coordinates": [
          [
            6.464801649343816,
            51.042177260718994
          ],
          [
            6.483752465558917,
            51.042587055290205
          ]
        ],
        "type": "LineString"
      },
      "properties": {
        "length_m": 1329.853,
        "orientation": "EW",
        "row": 17,
        "segment": 0
      },
      "type": "Feature"
    },
    {
      "geometry": {
        "coordinates": [
          [
            6.464848179381042,
            51.04245889198972
          ],
          [
            6.484155110297869,
            51.04287634914895
          ]
        ],
        "type": "LineString"
      },
      "properties": {
        "length_m": 1354.834,
        "orientation": "EW",
        "row": 18,
        "segment": 0
      },
      "type": "Feature"
    },
    {
      "geometry": {
        "coordinates": [
          [
            6.4649058286620855,
            51.04274076456361
          ],
          [
            6.484599580596969,
            51.04316654231097
          ]
        ],
        "type": "LineString"
      },
      "properties": {
        "length_m": 1381.97,
        "orientation": "EW",
        "row": 19,
        "segment": 0
      },
      "type": "Feature"
    },
    {
      "geometry": {
        "coordinates": [
          [
            6.464963478583203,
            51.04302263710664
          ],
          [
            6.485022147453459,
            51.043456262108045
          ]
        ],
        "type": "LineString"
      },
      "properties": {
        "length_m": 1407.568,
        "orientation": "EW",
        "row": 20,
        "segment": 0
      },
      "type": "Feature"
    },
    {
      "geometry": {
        "coordinates": [
          [
            6.465021129144412,
            51.04330450961881
          ],
          [
            6.485436571280939,
            51.04374580501939
          ]
        ],
        "type": "LineString"
      },
      "properties": {
        "length_m": 1432.595,
        "orientation": "EW",
        "row": 21,
        "segment": 0
      },
      "type": "Feature"
    },
    {
      "geometry": {
        "coordinates": [
          [
            6.465081824636074,
            51.04358644816963
          ],
          [
            6.485851000267269,
            51.04403534651994
          ]
        ],
        "type": "LineString"
      },
      "properties": {
        "length_m": 1457.408,
        "orientation": "EW",
        "row": 22,
        "segment": 0
      },
      "type": "Feature"
    },
    {
      "geometry": {
        "coordinates": [
          [
            6.4651455575717165,
            51.043868452591425
          ],
          [
            6.486265434412545,
            51.04432488660961
          ]
        ],
        "type": "LineString"
      },
      "properties": {
        "length_m": 1482.008,
        "orientation": "EW",
        "row": 23,
        "segment": 0
      },
      "type": "Feature"
    },
    {
      "geometry": {
        "coordinates": [
          [
            6.465209291221896,
            51.04415045697707
          ],
          [
            6.4866808478703675,
            51.044614446249646
          ]
        ],
        "type": "LineString"
      },
      "properties": {
        "length_m": 1506.676,
        "orientation": "EW",
        "row": 24,
        "segment": 0
      },
      "type": "Feature"
    },
    {
      "geometry": {
        "coordinates": [
          [
            6.465273025586627,
            51.04443246132661
          ],
          [
            6.48709856007168,
            51.04490405381542
          ]
        ],
        "type": "LineString"
      },
      "properties": {
        "length_m": 1531.505,
        "orientation": "EW",
        "row": 25,
        "segment": 0
      },
      "type": "Feature"
    },
    {
      "geometry": {
        "coordinates": [
          [
            6.465349260148352,
            51.04471473688273
          ],
          [
            6.487516277475054,
            51.04519365994749
          ]
        ],
        "type": "LineString"
      },
      "properties": {
        "length_m": 1555.457,
        "orientation": "EW",
        "row": 26,
        "segment": 0
      },
      "type": "Feature"
    },
    {
      "geometry": {
        "coordinates": [
          [
            6.465431483971867,
            51.044997142335255
          ],
          [
            6.488237330979247,
            51.04548978784635
          ]
        ],
        "type": "LineString"
      },
      "properties": {
        "length_m": 1600.273,
        "orientation": "EW",
        "row": 27,
        "segment": 0
      },
      "type": "Feature"
    },
    {
      "geometry": {
        "coordinates": [
          [
            6.465513708736744,
            51.04527954773171
          ],
          [
            6.488640186906714,
            51.045779070259506
          ]
        ],
        "type": "LineString"
      },
      "properties": {
        "length_m": 1622.762,
        "orientation": "EW",
        "row": 28,
        "segment": 0
      },
      "type": "Feature"
    },
    {
      "geometry": {
        "coordinates": [
          [
            6.465595934443005,
            51.045561953072095
          ],
          [
            6.4890430478417915,
            51.04606835134064
          ]
        ],
        "type": "LineString"
      },
      "properties": {
        "length_m": 1645.25,
        "orientation": "EW",
        "row": 29,
        "segment": 0
      },
      "type": "Feature"
    },
    {
      "geometry": {
        "coordinates": [
          [
            6.465603655689814,
            51.04584274176972
          ],
          [
            6.489445913784578,
            51.04635763108973
          ]
        ],
        "type": "LineString"
      },
      "properties": {
        "length_m": 1672.966,
        "orientation": "EW",
        "row": 30,
        "segment": 0
      },
      "type": "Feature"
    },
    {
      "geometry": {
        "coordinates": [
          [
            6.465351801956798,
            51.046117897964386
          ],
          [
            6.4898487847351625,
            51.04664690950672
          ]
        ],
        "type": "LineString"
      },
      "properties": {
        "length_m": 1718.896,
        "orientation": "EW",
        "row": 31,
        "segment": 0
      },
      "type": "Feature"
    },
    {
      "geometry": {
        "coordinates": [
          [
            6.464923457934024,
            51.04638922327972
          ],
          [
            6.490251660693644,
            51.04693618659156
          ]
        ],
        "type": "LineString"
      },
      "properties": {
        "length_m": 1777.21,
        "orientation": "EW",
        "row": 32,
        "segment": 0
      },
      "type": "Feature"
    },
    {
      "geometry": {
        "coordinates": [
          [
            6.465317969447424,
            51.046678406089924
          ],
          [
            6.490654541660112,
            51.04722546234422
          ]
        ],
        "type": "LineString"
      },
      "properties": {
        "length_m": 1777.786,
        "orientation": "EW",
        "row": 33,
        "segment": 0
      },
      "type": "Feature"
    },
    {
      "geometry": {
        "coordinates": [
          [
            6.46571248586082,
            51.04696758762427
          ],
          [
            6.491057427634661,
            51.047514736764654
          ]
        ],
        "type": "LineString"
      },
      "properties": {
        "length_m": 1778.362,
        "orientation": "EW",
        "row": 34,
        "segment": 0
      },
      "type": "Feature"
    },
    {
      "geometry": {
        "coordinates": [
          [
            6.4661070071743,
            51.04725676788271
          ],
          [
            6.491469556835135,
            51.0478042082517
          ]
        ],
        "type": "LineString"
      },
      "properties": {
        "length_m": 1779.585,
        "orientation": "EW",
        "row": 35,
        "segment": 0
      },
      "type": "Feature"
    },
    {
      "geometry": {
        "coordinates": [
          [
            6.466501533387962,
            51.04754594686521
          ],
          [
            6.492165284628725,
            51.048099767392394
          ]
        ],
        "type": "LineString"
      },
      "properties": {
        "length_m": 1800.707,
        "orientation": "EW",
        "row": 36,
        "segment": 0
      },
      "type": "Feature"
    },
    {
      "geometry": {
        "coordinates": [
          [
            6.466896064501895,
            51.04783512457172
          ],
          [
            6.492881942182661,
            51.04839577153825
          ]
        ],
        "type": "LineString"
      },
      "properties": {
        "length_m": 1823.297,
        "orientation": "EW",
        "row": 37,
        "segment": 0
      },
      "type": "Feature"
    },
    {
      "geometry": {
        "coordinates": [
          [
            6.467290600516194,
            51.04812430100218
          ],
          [
            6.493598608967927,
            51.04869177140126
          ]
        ],
        "type": "LineString"
      },
      "properties": {
        "length_m": 1845.887,
        "orientation": "EW",
        "row": 38,
        "segment": 0
      },
      "type": "Feature"
    },
    {
      "geometry": {
        "coordinates": [
          [
            6.467685141430953,
            51.04841347615658
          ],
          [
            6.49431528498458,
            51.048987766981256
          ]
        ],
        "type": "LineString"
      },
      "properties": {
        "length_m": 1868.477,
        "orientation": "EW",
        "row": 39,
        "segment": 0
      },
      "type": "Feature"
    },
    {
      "geometry": {
        "coordinates": [
          [
            6.46807968724626,
            51.048702650034876
          ],
          [
            6.4950319702326755,
            51.04928375827814
          ]
        ],
        "type": "LineString"
      },
      "properties": {
        "length_m": 1891.067,
        "orientation": "EW",
        "row": 40,
        "segment": 0
      },
      "type": "Feature"
    },
    {
      "geometry": {
        "coordinates": [
          [
            6.468474237962212,
            51.048991822637014
          ],
          [
            6.495748664712274,
            51.04957974529174
          ]
        ],
        "type": "LineString"
      },
      "properties": {
        "length_m": 1913.657,
        "orientation": "EW",
        "row": 41,
        "segment": 0
      },
      "type": "Feature"
    },
    {
      "geometry": {
        "coordinates": [
          [
            6.468868793578903,
            51.049280993962945
          ],
          [
            6.496465368423429,
            51.049875728021924
          ]
        ],
        "type": "LineString"
      },
      "properties": {
        "length_m": 1936.247,
        "orientation": "EW",
        "row": 42,
        "segment": 0
      },
      "type": "Feature"
    },
    {
      "geometry": {
        "coordinates": [
          [
            6.469271592510992,
            51.049570342505106
          ],
          [
            6.4971820813662005,
            51.05017170646855
          ]
        ],
        "type": "LineString"
      },
      "properties": {
        "length_m": 1958.258,
        "orientation": "EW",
        "row": 43,
        "segment": 0
      },
      "type": "Feature"
    },
    {
      "geometry": {
        "coordinates": [
          [
            6.469675115922755,
            51.04985970530165
          ],
          [
            6.497898803540641,
            51.05046768063149
          ]
        ],
        "type": "LineString"
      },
      "properties": {
        "length_m": 1980.22,
        "orientation": "EW",
        "row": 44,
        "segment": 0
      },
      "type": "Feature"
    },
    {
      "geometry": {
        "coordinates": [
          [
            6.47007864435265,
            51.05014906676227
          ],
          [
            6.498615534946813,
            51.05076365051059
          ]
        ],
        "type": "LineString"
      },
      "properties": {
        "length_m": 2002.181,
        "orientation": "EW",
        "row": 45,
        "segment": 0
      },
      "type": "Feature"
    },
    {
      "geometry": {
        "coordinates": [
          [
            6.4704821778007755,
            51.050438426886934
          ],
          [
            6.499265138376241,
            51.05105817881877
          ]
        ],
        "type": "LineString"
      },
      "properties": {
        "length_m": 2019.432,
        "orientation": "EW",
        "row": 46,
        "segment": 0
      },
      "type": "Feature"
    },
    {
      "geometry": {
        "coordinates": [
          [
            6.470885716267223,
            51.050727785675576
          ],
          [
            6.499264625361122,
            51.051338787265465
          ]
        ],
        "type": "LineString"
      },
      "properties": {
        "length_m": 1991.071,
        "orientation": "EW",
        "row": 47,
        "segment": 0
      },
      "type": "Feature"
    },
    {
      "geometry": {
        "coordinates": [
          [
            6.471289259752088,
            51.05101714312817
          ],
          [
            6.499239748263546,
            51.051618874102466
          ]
        ],
        "type": "LineString"
      },
      "properties": {
        "length_m": 1961.001,
        "orientation": "EW",
        "row": 48,
        "segment": 0
      },
      "type": "Feature"
    },
    {
      "geometry": {
        "coordinates": [
          [
            6.471692808255463,
            51.051306499244674
          ],
          [
            6.499221779231629,
            51.05189910881852
          ]
        ],
        "type": "LineString"
      },
      "properties": {
        "length_m": 1931.415,
        "orientation": "EW",
        "row": 49,
        "segment": 0
      },
      "type": "Feature"
    },
    {
      "geometry": {
        "coordinates": [
          [
            6.4720963617774405,
            51.051595854025024
          ],
          [
            6.499188175239508,
            51.05217900879516
          ]
        ],
        "type": "LineString"
      },
      "properties": {
        "length_m": 1900.732,
        "orientation": "EW",
        "row": 50,
        "segment": 0
      },
      "type": "Feature"
    },
    {
      "geometry": {
        "coordinates": [
          [
            6.501927078128927,
            51.052237613714496
          ],
          [
            6.502204410020472,
            51.05224354426062
          ]
        ],
        "type": "LineString"
      },
      "properties": {
        "length_m": 19.457,
        "orientation": "EW",
        "row": 50,
        "segment": 1
      },
      "type": "Feature"
    },
    {
      "geometry": {
        "coordinates": [
          [
            6.472499920318117,
            51.05188520746922
          ],
          [
            6.499146528938637,
            51.05245873657445
          ]
        ],
        "type": "LineString"
      },
      "properties": {
        "length_m": 1869.486,
        "orientation": "EW",
        "row": 51,
        "segment": 0
      },
      "type": "Feature"
    },
    {
      "geometry": {
        "coordinates": [
          [
            6.501891868662912,
            51.05251748000356
          ],
          [
            6.502923514009592,
            51.05253953793669
          ]
        ],
        "type": "LineString"
      },
      "properties": {
        "length_m": 72.377,
        "orientation": "EW",
        "row": 51,
        "segment": 1
      },
      "type": "Feature"
    },
    {
      "geometry": {
        "coordinates": [
          [
            6.472903483877583,
            51.052174559577175
          ],
          [
            6.499104882076712,
            51.05273846431969
          ]
        ],
        "type": "LineString"
      },
      "properties": {
        "length_m": 1838.239,
        "orientation": "EW",
        "row": 52,
        "segment": 0
      },
      "type": "Feature"
    },
    {
      "geometry": {
        "coordinates": [
          [
            6.50183971559893,
            51.05279698391729
          ],
          [
            6.503629489893064,
            51.05283524654461
          ]
        ],
        "type": "LineString"
      },
      "properties": {
        "length_m": 125.564,
        "orientation": "EW",
        "row": 52,
        "segment": 1
      },
      "type": "Feature"
    },
    {
      "geometry": {
        "coordinates": [
          [
            6.473307052455935,
            51.05246391034886
          ],
          [
            6.499055898091326,
            51.05301803495554
          ]
        ],
        "type": "LineString"
      },
      "properties": {
        "length_m": 1806.477,
        "orientation": "EW",
        "row": 53,
        "segment": 0
      },
      "type": "Feature"
    },
    {
      "geometry": {
        "coordinates": [
          [
            6.5017875618481575,
            51.05307648778679
          ],
          [
            6.504335474859123,
            51.05313095099738
          ]
        ],
        "type": "LineString"
      },
      "properties": {
        "length_m": 178.752,
        "orientation": "EW",
        "row": 53,
        "segment": 1
      },
      "type": "Feature"
    },
    {
      "geometry": {
        "coordinates": [
          [
            6.473710626053265,
            51.05275325978424
          ],
          [
            6.49900188467774,
            51.05329749788243
          ]
        ],
        "type": "LineString"
      },
      "properties": {
        "length_m": 1774.363,
        "orientation": "EW",
        "row": 54,
        "segment": 0
      },
      "type": "Feature"
    },
    {
      "geometry": {
        "coordinates": [
          [
            6.50173540741058,
            51.05335599161204
          ],
          [
            6.505031918573225,
            51.05342644731275
          ]
        ],
        "type": "LineString"
      },
      "properties": {
        "length_m": 231.269,
        "orientation": "EW",
        "row": 54,
        "segment": 1
      },
      "type": "Feature"
    },
    {
      "geometry": {
        "coordinates": [
          [
            6.474114204669669,
            51.05304260788325
          ],
          [
            6.4989478705550425,
            51.05357696076309
          ]
        ],
        "type": "LineString"
      },
      "properties": {
        "length_m": 1742.249,
        "orientation": "EW",
        "row": 55,
        "segment": 0
      },
      "type": "Feature"
    },
    {
      "geometry": {
        "coordinates": [
          [
            6.501683252286179,
            51.05363549539305
          ],
          [
            6.505719898449092,
            51.053721758668765
          ]
        ],
        "type": "LineString"
      },
      "properties": {
        "length_m": 283.192,
        "orientation": "EW",
        "row": 55,
        "segment": 1
      },
      "type": "Feature"
    },
    {
      "geometry": {
        "coordinates": [
          [
            6.4745177883052385,
            51.05333195464589
          ],
          [
            6.498874838064885,
            51.05385601640472
          ]
        ],
        "type": "LineString"
      },
      "properties": {
        "length_m": 1708.8,
        "orientation": "EW",
        "row": 56,
        "segment": 0
      },
      "type": "Feature"
    },
    {
      "geometry": {
        "coordinates": [
          [
            6.501631096474943,
            51.053914999129816
          ],
          [
            6.506407887159201,
            51.054017066080974
          ]
        ],
        "type": "LineString"
      },
      "properties": {
        "length_m": 335.115,
        "orientation": "EW",
        "row": 56,
        "segment": 1
      },
      "type": "Feature"
    },
    {
      "geometry": {
        "coordinates": [
          [
            6.474921376960068,
            51.05362130007207
          ],
          [
            6.498783901876855,
            51.05413468864165
          ]
        ],
        "type": "LineString"
      },
      "properties": {
        "length_m": 1674.096,
        "orientation": "EW",
        "row": 57,
        "segment": 0
      },
      "type": "Feature"
    },
    {
      "geometry": {
        "coordinates": [
          [
            6.501578939976855,
            51.05419450282235
          ],
          [
            6.50709525712449,
            51.05431235615621
          ]
        ],
        "type": "LineString"
      },
      "properties": {
        "length_m": 386.994,
        "orientation": "EW",
        "row": 57,
        "segment": 1
      },
      "type": "Feature"
    },
    {
      "geometry": {
        "coordinates": [
          [
            6.475324970634252,
            51.05391064416177
          ],
          [
            6.498692964539931,
            51.054413360780416
          ]
        ],
        "type": "LineString"
      },
      "properties": {
        "length_m": 1639.391,
        "orientation": "EW",
        "row": 58,
        "segment": 0
      },
      "type": "Feature"
    },
    {
      "geometry": {
        "coordinates": [
          [
            6.501491286449607,
            51.05447324724999
          ],
          [
            6.507782406454908,
            51.054607637399144
          ]
        ],
        "type": "LineString"
      },
      "properties": {
        "length_m": 441.347,
        "orientation": "EW",
        "row": 58,
        "segment": 1
      },
      "type": "Feature"
    },
    {
      "geometry": {
        "coordinates": [
          [
            6.475728569327883,
            51.05419998691493
          ],
          [
            6.4985799098504335,
            51.05469155923173
          ]
        ],
        "type": "LineString"
      },
      "properties": {
        "length_m": 1603.135,
        "orientation": "EW",
        "row": 59,
        "segment": 0
      },
      "type": "Feature"
    },
    {
      "geometry": {
        "coordinates": [
          [
            6.501394224054942,
            51.05475179035686
          ],
          [
            6.508469564607972,
            51.05490291470785
          ]
        ],
        "type": "LineString"
      },
      "properties": {
        "length_m": 496.36,
        "orientation": "EW",
        "row": 59,
        "segment": 1
      },
      "type": "Feature"
    },
    {
      "geometry": {
        "coordinates": [
          [
            6.476155978135901,
            51.05448984266726
          ],
          [
            6.498459942969118,
            51.0549696095501
          ]
        ],
        "type": "LineString"
      },
      "properties": {
        "length_m": 1564.724,
        "orientation": "EW",
        "row": 60,
        "segment": 0
      },
      "type": "Feature"
    },
    {
      "geometry": {
        "coordinates": [
          [
            6.501297160438766,
            51.055030333354686
          ],
          [
            6.509156731583748,
            51.05519818808218
          ]
        ],
        "type": "LineString"
      },
      "properties": {
        "length_m": 551.372,
        "orientation": "EW",
        "row": 60,
        "segment": 1
      },
      "type": "Feature"
    },
    {
      "geometry": {
        "coordinates": [
          [
            6.476585055904514,
            51.05477973285607
          ],
          [
            6.498339974595441,
            51.055247659713075
          ]
        ],
        "type": "LineString"
      },
      "properties": {
        "length_m": 1526.197,
        "orientation": "EW",
        "row": 61,
        "segment": 0
      },
      "type": "Feature"
    },
    {
      "geometry": {
        "coordinates": [
          [
            6.50119496410998,
            51.05530876647454
          ],
          [
            6.509843907382307,
            51.05549345752202
          ]
        ],
        "type": "LineString"
      },
      "properties": {
        "length_m": 606.745,
        "orientation": "EW",
        "row": 61,
        "segment": 1
      },
      "type": "Feature"
    },
    {
      "geometry": {
        "coordinates": [
          [
            6.477014139026922,
            51.055069621531224
          ],
          [
            6.498220004729371,
            51.05552570972066
          ]
        ],
        "type": "LineString"
      },
      "properties": {
        "length_m": 1487.669,
        "orientation": "EW",
        "row": 62,
        "segment": 0
      },
      "type": "Feature"
    },
    {
      "geometry": {
        "coordinates": [
          [
            6.501083115963374,
            51.055586993030246
          ],
          [
            6.510540563534009,
            51.05578892487608
          ]
        ],
        "type": "LineString"
      },
      "properties": {
        "length_m": 663.46,
        "orientation": "EW",
        "row": 62,
        "segment": 1
      },
      "type": "Feature"
    },
    {
      "geometry": {
        "coordinates": [
          [
            6.47744322750322,
            51.05535950869267
          ],
          [
            6.498097897484349,
            51.05580371382706
          ]
        ],
        "type": "LineString"
      },
      "properties": {
        "length_m": 1448.992,
        "orientation": "EW",
        "row": 63,
        "segment": 0
      },
      "type": "Feature"
    },
    {
      "geometry": {
        "coordinates": [
          [
            6.50097126642026,
            51.05586521944804
          ],
          [
            6.51127775603184,
            51.05608525161622
          ]
        ],
        "type": "LineString"
      },
      "properties": {
        "length_m": 723.017,
        "orientation": "EW",
        "row": 63,
        "segment": 1
      },
      "type": "Feature"
    },
    {
      "geometry": {
        "coordinates": [
          [
            6.477872321333503,
            51.055649394340364
          ],
          [
            6.4979439128172904,
            51.05608103502771
          ]
        ],
        "type": "LineString"
      },
      "properties": {
        "length_m": 1408.078,
        "orientation": "EW",
        "row": 64,
        "segment": 0
      },
      "type": "Feature"
    },
    {
      "geometry": {
        "coordinates": [
          [
            6.500859415480607,
            51.056143445727905
          ],
          [
            6.512014958043821,
            51.05638157382094
          ]
        ],
        "type": "LineString"
      },
      "properties": {
        "length_m": 782.575,
        "orientation": "EW",
        "row": 64,
        "segment": 1
      },
      "type": "Feature"
    },
    {
      "geometry": {
        "coordinates": [
          [
            6.478202567383032,
            51.05593714445131
          ],
          [
            6.497789926257995,
            51.05635835598761
          ]
        ],
        "type": "LineString"
      },
      "properties": {
        "length_m": 1374.099,
        "orientation": "EW",
        "row": 65,
        "segment": 0
      },
      "type": "Feature"
    },
    {
      "geometry": {
        "coordinates": [
          [
            6.5007475631443805,
            51.05642167186985
          ],
          [
            6.512752169570001,
            51.05667789149014
          ]
        ],
        "type": "LineString"
      },
      "properties": {
        "length_m": 842.132,
        "orientation": "EW",
        "row": 65,
        "segment": 1
      },
      "type": "Feature"
    },
    {
      "geometry": {
        "coordinates": [
          [
            6.521909973039746,
            51.05687251964152
          ],
          [
            6.522012605365404,
            51.056874696781954
          ]
        ],
        "type": "LineString"
      },
      "properties": {
        "length_m": 7.2,
        "orientation": "EW",
        "row": 65,
        "segment": 2
      },
      "type": "Feature"
    },
    {
      "geometry": {
        "coordinates": [
          [
            6.478240969302657,
            51.05621859366032
          ],
          [
            6.497655148616565,
            51.056636088230434
          ]
        ],
        "type": "LineString"
      },
      "properties": {
        "length_m": 1361.942,
        "orientation": "EW",
        "row": 66,
        "segment": 0
      },
      "type": "Feature"
    },
    {
      "geometry": {
        "coordinates": [
          [
            6.500616525431737,
            51.05669948741521
          ],
          [
            6.5134893906104265,
            51.056974204623636
          ]
        ],
        "type": "LineString"
      },
      "properties": {
        "length_m": 903.035,
        "orientation": "EW",
        "row": 66,
        "segment": 1
      },
      "type": "Feature"
    },
    {
      "geometry": {
        "coordinates": [
          [
            6.521190767983871,
            51.05713787882758
          ],
          [
            6.522270960961422,
            51.05716079505608
          ]
        ],
        "type": "LineString"
      },
      "properties": {
        "length_m": 75.775,
        "orientation": "EW",
        "row": 66,
        "segment": 2
      },
      "type": "Feature"
    },
    {
      "geometry": {
        "coordinates": [
          [
            6.478026454608735,
            51.05649458273417
          ],
          [
            6.497525827329006,
            51.05691393720741
          ]
        ],
        "type": "LineString"
      },
      "properties": {
        "length_m": 1367.911,
        "orientation": "EW",
        "row": 67,
        "segment": 0
      },
      "type": "Feature"
    },
    {
      "geometry": {
        "coordinates": [
          [
            6.500481200258581,
            51.05697721107517
          ],
          [
            6.514226621165148,
            51.0572705132213
          ]
        ],
        "type": "LineString"
      },
      "properties": {
        "length_m": 964.239,
        "orientation": "EW",
        "row": 67,
        "segment": 1
      },
      "type": "Feature"
    },
    {
      "geometry": {
        "coordinates": [
          [
            6.5212309516192635,
            51.05741934971065
          ],
          [
            6.522497262480116,
            51.05744621291465
          ]
        ],
        "type": "LineString"
      },
      "properties": {
        "length_m": 88.83,
        "orientation": "EW",
        "row": 67,
        "segment": 2
      },
      "type": "Feature"
    },
    {
      "geometry": {
        "coordinates": [
          [
            6.477644452572429,
            51.05676695500773
          ],
          [
            6.497322146844308,
            51.057190192983214
          ]
        ],
        "type": "LineString"
      },
      "properties": {
        "length_m": 1380.412,
        "orientation": "EW",
        "row": 68,
        "segment": 0
      },
      "type": "Feature"
    },
    {
      "geometry": {
        "coordinates": [
          [
            6.500413234446528,
            51.057256375930315
          ],
          [
            6.514964546001885,
            51.05756683184993
          ]
        ],
        "type": "LineString"
      },
      "properties": {
        "length_m": 1020.766,
        "orientation": "EW",
        "row": 68,
        "segment": 1
      },
      "type": "Feature"
    },
    {
      "geometry": {
        "coordinates": [
          [
            6.521072661109906,
            51.05769660901498
          ],
          [
            6.5227198372357025,
            51.05773155127152
          ]
        ],
        "type": "LineString"
      },
      "properties": {
        "length_m": 115.546,
        "orientation": "EW",
        "row": 68,
        "segment": 2
      },
      "type": "Feature"
    },
    {
      "geometry": {
        "coordinates": [
          [
            6.4772624460380115,
            51.05703932595709
          ],
          [
            6.497141772113303,
            51.05746694775412
          ]
        ],
        "type": "LineString"
      },
      "properties": {
        "length_m": 1394.549,
        "orientation": "EW",
        "row": 69,
        "segment": 0
      },
      "type": "Feature"
    },
    {
      "geometry": {
        "coordinates": [
          [
            6.500334239352255,
            51.057535304734024
          ],
          [
            6.515703350424539,
            51.05786316443709
          ]
        ],
        "type": "LineString"
      },
      "properties": {
        "length_m": 1078.127,
        "orientation": "EW",
        "row": 69,
        "segment": 1
      },
      "type": "Feature"
    },
    {
      "geometry": {
        "coordinates": [
          [
            6.5206343389964685,
            51.05796792499563
          ],
          [
            6.524927193597284,
            51.05805895841658
          ]
        ],
        "type": "LineString"
      },
      "properties": {
        "length_m": 301.134,
        "orientation": "EW",
        "row": 69,
        "segment": 2
      },
      "type": "Feature"
    },
    {
      "geometry": {
        "coordinates": [
          [
            6.476880435005409,
            51.05731169558221
          ],
          [
            6.494040925076319,
            51.05768108829041
          ]
        ],
        "type": "LineString"
      },
      "properties": {
        "length_m": 1203.816,
        "orientation": "EW",
        "row": 70,
        "segment": 0
      },
      "type": "Feature"
    },
    {
      "geometry": {
        "coordinates": [
          [
            6.496042626503927,
            51.05772401199263
          ],
          [
            6.496961395181734,
            51.057743702204434
          ]
        ],
        "type": "LineString"
      },
      "properties": {
        "length_m": 64.451,
        "orientation": "EW",
        "row": 70,
        "segment": 1
      },
      "type": "Feature"
    },
    {
      "geometry": {
        "coordinates": [
          [
            6.500148085603193,
            51.057811940353474
          ],
          [
            6.516442164383221,
            51.05815949246859
          ]
        ],
        "type": "LineString"
      },
      "properties": {
        "length_m": 1143.005,
        "orientation": "EW",
        "row": 70,
        "segment": 2
      },
      "type": "Feature"
    },
    {
      "geometry": {
        "coordinates": [
          [
            6.520168831785708,
            51.05823866227139
          ],
          [
            6.5249476612286745,
            51.05834001007979
          ]
        ],
        "type": "LineString"
      },
      "properties": {
        "length_m": 335.222,
        "orientation": "EW",
        "row": 70,
        "segment": 3
      },
      "type": "Feature"
    },
    {
      "geometry": {
        "coordinates": [
          [
            6.4764984194745425,
            51.057584063883034
          ],
          [
            6.4938117295969935,
            51.057956790735496
          ]
        ],
        "type": "LineString"
      },
      "properties": {
        "length_m": 1214.53,
        "orientation": "EW",
        "row": 71,
        "segment": 0
      },
      "type": "Feature"
    },
    {
      "geometry": {
        "coordinates": [
          [
            6.499961972394605,
            51.05808857654942
          ],
          [
            6.517196915326281,
            51.058456154460835
          ]
        ],
        "type": "LineString"
      },
      "properties": {
        "length_m": 1208.998,
        "orientation": "EW",
        "row": 71,
        "segment": 1
      },
      "type": "Feature"
    },
    {
      "geometry": {
        "coordinates": [
          [
            6.519703319150987,
            51.058509397605114
          ],
          [
            6.524968129048833,
            51.058621061730506
          ]
        ],
        "type": "LineString"
      },
      "properties": {
        "length_m": 369.31,
        "orientation": "EW",
        "row": 71,
        "segment": 2
      },
      "type": "Feature"
    },
    {
      "geometry": {
        "coordinates": [
          [
            6.476116399445336,
            51.057856430859545
          ],
          [
            6.493602990062084,
            51.05823293164172
          ]
        ],
        "type": "LineString"
      },
      "properties": {
        "length_m": 1226.678,
        "orientation": "EW",
        "row": 72,
        "segment": 0
      },
      "type": "Feature"
    },
    {
      "geometry": {
        "coordinates": [
          [
            6.49977585691863,
            51.058365212405846
          ],
          [
            6.517958403776297,
            51.058752954641186
          ]
        ],
        "type": "LineString"
      },
      "properties": {
        "length_m": 1275.462,
        "orientation": "EW",
        "row": 72,
        "segment": 1
      },
      "type": "Feature"
    },
    {
      "geometry": {
        "coordinates": [
          [
            6.519237772282524,
            51.05878013038493
          ],
          [
            6.5249885970577655,
            51.058902113368745
          ]
        ],
        "type": "LineString"
      },
      "properties": {
        "length_m": 403.4,
        "orientation": "EW",
        "row": 72,
        "segment": 2
      },
      "type": "Feature"
    },
    {
      "geometry": {
        "coordinates": [
          [
            6.475734374917712,
            51.058128796511696
          ],
          [
            6.49339424799715,
            51.058509072128196
          ]
        ],
        "type": "LineString"
      },
      "properties": {
        "length_m": 1238.827,
        "orientation": "EW",
        "row": 73,
        "segment": 0
      },
      "type": "Feature"
    },
    {
      "geometry": {
        "coordinates": [
          [
            6.499589739175217,
            51.058641847922765
          ],
          [
            6.525009065255477,
            51.05918316499451
          ]
        ],
        "type": "LineString"
      },
      "properties": {
        "length_m": 1783.086,
        "orientation": "EW",
        "row": 73,
        "segment": 1
      },
      "type": "Feature"
    },
    {
      "geometry": {
        "coordinates": [
          [
            6.475352345891597,
            51.058401160839445
          ],
          [
            6.4931855034021355,
            51.0587852121949
          ]
        ],
        "type": "LineString"
      },
      "properties": {
        "length_m": 1250.976,
        "orientation": "EW",
        "row": 74,
        "segment": 0
      },
      "type": "Feature"
    },
    {
      "geometry": {
        "coordinates": [
          [
            6.499403619164315,
            51.05891848310011
          ],
          [
            6.525029533641973,
            51.059464216607786
          ]
        ],
        "type": "LineString"
      },
      "properties": {
        "length_m": 1797.567,
        "orientation": "EW",
        "row": 74,
        "segment": 1
      },
      "type": "Feature"
    },
    {
      "geometry": {
        "coordinates": [
          [
            6.471183905225267,
            51.05859161731643
          ],
          [
            6.471322357746139,
            51.05859461444913
          ]
        ],
        "type": "LineString"
      },
      "properties": {
        "length_m": 9.712,
        "orientation": "EW",
        "row": 75,
        "segment": 0
      },
      "type": "Feature"
    },
    {
      "geometry": {
        "coordinates": [
          [
            6.474970312366911,
            51.05867352384279
          ],
          [
            6.492976756276985,
            51.05906135184183
          ]
        ],
        "type": "LineString"
      },
      "properties": {
        "length_m": 1263.124,
        "orientation": "EW",
        "row": 75,
        "segment": 1
      },
      "type": "Feature"
    },
    {
      "geometry": {
        "coordinates": [
          [
            6.49919982086096,
            51.05919473953579
          ],
          [
            6.525050002217257,
            51.0597452682086
          ]
        ],
        "type": "LineString"
      },
      "properties": {
        "length_m": 1813.288,
        "orientation": "EW",
        "row": 75,
        "segment": 2
      },
      "type": "Feature"
    },
    {
      "geometry": {
        "coordinates": [
          [
            6.470395366764923,
            51.05885516483836
          ],
          [
            6.471742360514369,
            51.058884325774194
          ]
        ],
        "type": "LineString"
      },
      "properties": {
        "length_m": 94.49,
        "orientation": "EW",
        "row": 76,
        "segment": 0
      },
      "type": "Feature"
    },
    {
      "geometry": {
        "coordinates": [
          [
            6.474588274343579,
            51.05894588552166
          ],
          [
            6.492768006621645,
            51.059337491068945
          ]
        ],
        "type": "LineString"
      },
      "properties": {
        "length_m": 1275.273,
        "orientation": "EW",
        "row": 76,
        "segment": 1
      },
      "type": "Feature"
    },
    {
      "geometry": {
        "coordinates": [
          [
            6.498972766080636,
            51.0594704977128
          ],
          [
            6.525070470981336,
            51.060026319796926
          ]
        ],
        "type": "LineString"
      },
      "properties": {
        "length_m": 1830.64,
        "orientation": "EW",
        "row": 76,
        "segment": 2
      },
      "type": "Feature"
    },
    {
      "geometry": {
        "coordinates": [
          [
            6.469606819480815,
            51.05911870689915
          ],
          [
            6.472162368518236,
            51.05917403565013
          ]
        ],
        "type": "LineString"
      },
      "properties": {
        "length_m": 179.269,
        "orientation": "EW",
        "row": 77,
        "segment": 0
      },
      "type": "Feature"
    },
    {
      "geometry": {
        "coordinates": [
          [
            6.474206231821524,
            51.059218245876025
          ],
          [
            6.4925592544360615,
            51.05961362987627
          ]
        ],
        "type": "LineString"
      },
      "properties": {
        "length_m": 1287.422,
        "orientation": "EW",
        "row": 77,
        "segment": 1
      },
      "type": "Feature"
    },
    {
      "geometry": {
        "coordinates": [
          [
            6.498745708558529,
            51.059746255398835
          ],
          [
            6.525090939934214,
            51.06030737137278
          ]
        ],
        "type": "LineString"
      },
      "properties": {
        "length_m": 1847.992,
        "orientation": "EW",
        "row": 77,
        "segment": 2
      },
      "type": "Feature"
    },
    {
      "geometry": {
        "coordinates": [
          [
            6.468818263372987,
            51.05938224349863
          ],
          [
            6.472582676716387,
            51.059463750458555
          ]
        ],
        "type": "LineString"
      },
      "properties": {
        "length_m": 264.067,
        "orientation": "EW",
        "row": 78,
        "segment": 0
      },
      "type": "Feature"
    },
    {
      "geometry": {
        "coordinates": [
          [
            6.4738191799890545,
            51.059490496675785
          ],
          [
            6.492350499720179,
            51.05988976826378
          ]
        ],
        "type": "LineString"
      },
      "properties": {
        "length_m": 1299.921,
        "orientation": "EW",
        "row": 78,
        "segment": 1
      },
      "type": "Feature"
    },
    {
      "geometry": {
        "coordinates": [
          [
            6.498518648294587,
            51.060022012593855
          ],
          [
            6.5251114090758975,
            51.06058842293614
          ]
        ],
        "type": "LineString"
      },
      "properties": {
        "length_m": 1865.344,
        "orientation": "EW",
        "row": 78,
        "segment": 2
      },
      "type": "Feature"
    },
    {
      "geometry": {
        "coordinates": [
          [
            6.468029698441483,
            51.05964577463667
          ],
          [
            6.492141742473945,
            51.06016590623146
          ]
        ],
        "type": "LineString"
      },
      "properties": {
        "length_m": 1691.39,
        "orientation": "EW",
        "row": 79,
        "segment": 0
      },
      "type": "Feature"
    },
    {
      "geometry": {
        "coordinates": [
          [
            6.498307628395043,
            51.06029811286519
          ],
          [
            6.525131878406391,
            51.06086947448703
          ]
        ],
        "type": "LineString"
      },
      "properties": {
        "length_m": 1881.571,
        "orientation": "EW",
        "row": 79,
        "segment": 1
      },
      "type": "Feature"
    },
    {
      "geometry": {
        "coordinates": [
          [
            6.467241124686343,
            51.059909300313116
          ],
          [
            6.4919229930400775,
            51.06044182930287
          ]
        ],
        "type": "LineString"
      },
      "properties": {
        "length_m": 1731.352,
        "orientation": "EW",
        "row": 80,
        "segment": 0
      },
      "type": "Feature"
    },
    {
      "geometry": {
        "coordinates": [
          [
            6.498100555156378,
            51.060574297288426
          ],
          [
            6.525168105692442,
            51.06115085985218
          ]
        ],
        "type": "LineString"
      },
      "properties": {
        "length_m": 1898.625,
        "orientation": "EW",
        "row": 80,
        "segment": 1
      },
      "type": "Feature"
    },
    {
      "geometry": {
        "coordinates": [
          [
            6.4664525421076124,
            51.06017282052782
          ],
          [
            6.4916885969844795,
            51.06071741601205
          ]
        ],
        "type": "LineString"
      },
      "properties": {
        "length_m": 1770.217,
        "orientation": "EW",
        "row": 81,
        "segment": 0
      },
      "type": "Feature"
    },
    {
      "geometry": {
        "coordinates": [
          [
            6.497893479406788,
            51.06085048129816
          ],
          [
            6.525214537881039,
            51.061432461376825
          ]
        ],
        "type": "LineString"
      },
      "properties": {
        "length_m": 1916.396,
        "orientation": "EW",
        "row": 81,
        "segment": 1
      },
      "type": "Feature"
    },
    {
      "geometry": {
        "coordinates": [
          [
            6.465663950705337,
            51.060436335280635
          ],
          [
            6.491454198102388,
            51.060993002199965
          ]
        ],
        "type": "LineString"
      },
      "properties": {
        "length_m": 1809.082,
        "orientation": "EW",
        "row": 82,
        "segment": 0
      },
      "type": "Feature"
    },
    {
      "geometry": {
        "coordinates": [
          [
            6.497686401146221,
            51.06112666489441
          ],
          [
            6.525260970574476,
            51.061714062878444
          ]
        ],
        "type": "LineString"
      },
      "properties": {
        "length_m": 1934.167,
        "orientation": "EW",
        "row": 82,
        "segment": 1
      },
      "type": "Feature"
    },
    {
      "geometry": {
        "coordinates": [
          [
            6.464960059795883,
            51.06070168287586
          ],
          [
            6.491219796393742,
            51.0612685878666
          ]
        ],
        "type": "LineString"
      },
      "properties": {
        "length_m": 1842.004,
        "orientation": "EW",
        "row": 83,
        "segment": 0
      },
      "type": "Feature"
    },
    {
      "geometry": {
        "coordinates": [
          [
            6.497465202417439,
            51.061402545639815
          ],
          [
            6.525307403772764,
            51.06199566435705
          ]
        ],
        "type": "LineString"
      },
      "properties": {
        "length_m": 1952.928,
        "orientation": "EW",
        "row": 83,
        "segment": 1
      },
      "type": "Feature"
    },
    {
      "geometry": {
        "coordinates": [
          [
            6.452573901955817,
            51.06071285471259
          ],
          [
            6.4535824056192075,
            51.06073484292317
          ]
        ],
        "type": "LineString"
      },
      "properties": {
        "length_m": 70.744,
        "orientation": "EW",
        "row": 84,
        "segment": 0
      },
      "type": "Feature"
    },
    {
      "geometry": {
        "coordinates": [
          [
            6.464816402407407,
            51.060979185893224
          ],
          [
            6.490985391858482,
            51.061544173011946
          ]
        ],
        "type": "LineString"
      },
      "properties": {
        "length_m": 1835.628,
        "orientation": "EW",
        "row": 84,
        "segment": 1
      },
      "type": "Feature"
    },
    {
      "geometry": {
        "coordinates": [
          [
            6.49722931876508,
            51.061678111362994
          ],
          [
            6.525353837475914,
            51.06227726581262
          ]
        ],
        "type": "LineString"
      },
      "properties": {
        "length_m": 1972.718,
        "orientation": "EW",
        "row": 84,
        "segment": 2
      },
      "type": "Feature"
    },
    {
      "geometry": {
        "coordinates": [
          [
            6.452424449415282,
            51.06099021666009
          ],
          [
            6.45520721842816,
            51.06105087110226
          ]
        ],
        "type": "LineString"
      },
      "properties": {
        "length_m": 195.202,
        "orientation": "EW",
        "row": 85,
        "segment": 0
      },
      "type": "Feature"
    },
    {
      "geometry": {
        "coordinates": [
          [
            6.464092207862478,
            51.06124408769951
          ],
          [
            6.490750984496549,
            51.06181975763597
          ]
        ],
        "type": "LineString"
      },
      "properties": {
        "length_m": 1869.974,
        "orientation": "EW",
        "row": 85,
        "segment": 1
      },
      "type": "Feature"
    },
    {
      "geometry": {
        "coordinates": [
          [
            6.496993432268985,
            51.061953676558744
          ],
          [
            6.525400271683944,
            51.06255886724515
          ]
        ],
        "type": "LineString"
      },
      "properties": {
        "length_m": 1992.509,
        "orientation": "EW",
        "row": 85,
        "segment": 2
      },
      "type": "Feature"
    },
    {
      "geometry": {
        "coordinates": [
          [
            6.452274995034692,
            51.06126757837894
          ],
          [
            6.45683205411056,
            51.06136687697819
          ]
        ],
        "type": "LineString"
      },
      "properties": {
        "length_m": 319.661,
        "orientation": "EW",
        "row": 86,
        "segment": 0
      },
      "type": "Feature"
    },
    {
      "geometry": {
        "coordinates": [
          [
            6.462634998309363,
            51.06149306572461
          ],
          [
            6.4905165743078825,
            51.06209534173867
          ]
        ],
        "type": "LineString"
      },
      "properties": {
        "length_m": 1955.738,
        "orientation": "EW",
        "row": 86,
        "segment": 1
      },
      "type": "Feature"
    },
    {
      "geometry": {
        "coordinates": [
          [
            6.496757542929096,
            51.062229241227065
          ],
          [
            6.525446706396865,
            51.06284046865466
          ]
        ],
        "type": "LineString"
      },
      "properties": {
        "length_m": 2012.3,
        "orientation": "EW",
        "row": 86,
        "segment": 2
      },
      "type": "Feature"
    },
    {
      "geometry": {
        "coordinates": [
          [
            6.452125538814006,
            51.061544939869165
          ],
          [
            6.458456912664944,
            51.06168286055015
          ]
        ],
        "type": "LineString"
      },
      "properties": {
        "length_m": 444.12,
        "orientation": "EW",
        "row": 87,
        "segment": 0
      },
      "type": "Feature"
    },
    {
      "geometry": {
        "coordinates": [
          [
            6.461177773714263,
            51.06174202533808
          ],
          [
            6.4902821612924235,
            51.062370925320025
          ]
        ],
        "type": "LineString"
      },
      "properties": {
        "length_m": 2041.501,
        "orientation": "EW",
        "row": 87,
        "segment": 1
      },
      "type": "Feature"
    },
    {
      "geometry": {
        "coordinates": [
          [
            6.496521934897536,
            51.06250481145736
          ],
          [
            6.525493141614688,
            51.06312207004114
          ]
        ],
        "type": "LineString"
      },
      "properties": {
        "length_m": 2032.071,
        "orientation": "EW",
        "row": 87,
        "segment": 2
      },
      "type": "Feature"
    },
    {
      "geometry": {
        "coordinates": [
          [
            6.451976080753184,
            51.06182230113073
          ],
          [
            6.490047745450113,
            51.06264650838002
          ]
        ],
        "type": "LineString"
      },
      "properties": {
        "length_m": 2670.502,
        "orientation": "EW",
        "row": 88,
        "segment": 0
      },
      "type": "Feature"
    },
    {
      "geometry": {
        "coordinates": [
          [
            6.496287128122836,
            51.06278039839489
          ],
          [
            6.525539577337428,
            51.063403671404586
          ]
        ],
        "type": "LineString"
      },
      "properties": {
        "length_m": 2051.785,
        "orientation": "EW",
        "row": 88,
        "segment": 1
      },
      "type": "Feature"
    },
    {
      "geometry": {
        "coordinates": [
          [
            6.451826620852182,
            51.06209966216367
          ],
          [
            6.489813326780891,
            51.06292209091866
          ]
        ],
        "type": "LineString"
      },
      "properties": {
        "length_m": 2664.527,
        "orientation": "EW",
        "row": 89,
        "segment": 0
      },
      "type": "Feature"
    },
    {
      "geometry": {
        "coordinates": [
          [
            6.496052318516692,
            51.06305598480952
          ],
          [
            6.5256209098828055,
            51.0636860118732
          ]
        ],
        "type": "LineString"
      },
      "properties": {
        "length_m": 2073.948,
        "orientation": "EW",
        "row": 89,
        "segment": 1
      },
      "type": "Feature"
    },
    {
      "geometry": {
        "coordinates": [
          [
            6.45167715911096,
            51.06237702296794
          ],
          [
            6.489615014960944,
            51.06319844891047
          ]
        ],
        "type": "LineString"
      },
      "properties": {
        "length_m": 2661.085,
        "orientation": "EW",
        "row": 90,
        "segment": 0
      },
      "type": "Feature"
    },
    {
      "geometry": {
        "coordinates": [
          [
            6.495817506079044,
            51.06333157070123
          ],
          [
            6.525718726955353,
            51.06396870140454
          ]
        ],
        "type": "LineString"
      },
      "properties": {
        "length_m": 2097.266,
        "orientation": "EW",
        "row": 90,
        "segment": 1
      },
      "type": "Feature"
    },
    {
      "geometry": {
        "coordinates": [
          [
            6.451527695529476,
            51.062654383543574
          ],
          [
            6.489631190089297,
            51.06347941588824
          ]
        ],
        "type": "LineString"
      },
      "properties": {
        "length_m": 2672.687,
        "orientation": "EW",
        "row": 91,
        "segment": 0
      },
      "type": "Feature"
    },
    {
      "geometry": {
        "coordinates": [
          [
            6.495582690809834,
            51.06360715606999
          ],
          [
            6.525816545163121,
            51.06425139085798
          ]
        ],
        "type": "LineString"
      },
      "properties": {
        "length_m": 2120.584,
        "orientation": "EW",
        "row": 91,
        "segment": 1
      },
      "type": "Feature"
    },
    {
      "geometry": {
        "coordinates": [
          [
            6.451378230107692,
            51.06293174389052
          ],
          [
            6.4899634785738884,
            51.06376717533721
          ]
        ],
        "type": "LineString"
      },
      "properties": {
        "length_m": 2706.462,
        "orientation": "EW",
        "row": 92,
        "segment": 0
      },
      "type": "Feature"
    },
    {
      "geometry": {
        "coordinates": [
          [
            6.495347872709002,
            51.06388274091581
          ],
          [
            6.5259143645061375,
            51.06453408023356
          ]
        ],
        "type": "LineString"
      },
      "properties": {
        "length_m": 2143.902,
        "orientation": "EW",
        "row": 92,
        "segment": 1
      },
      "type": "Feature"
    },
    {
      "geometry": {
        "coordinates": [
          [
            6.451228762845562,
            51.063209104008806
          ],
          [
            6.491138581443281,
            51.064073037144716
          ]
        ],
        "type": "LineString"
      },
      "properties": {
        "length_m": 2799.352,
        "orientation": "EW",
        "row": 93,
        "segment": 0
      },
      "type": "Feature"
    },
    {
      "geometry": {
        "coordinates": [
          [
            6.495113051776486,
            51.06415832523866
          ],
          [
            6.526012184984428,
            51.06481676953124
          ]
        ],
        "type": "LineString"
      },
      "properties": {
        "length_m": 2167.22,
        "orientation": "EW",
        "row": 93,
        "segment": 1
      },
      "type": "Feature"
    },
    {
      "geometry": {
        "coordinates": [
          [
            6.447538822487339,
            51.06340915890544
          ],
          [
            6.448542673510003,
            51.06343108857117
          ]
        ],
        "type": "LineString"
      },
      "properties": {
        "length_m": 70.414,
        "orientation": "EW",
        "row": 94,
        "segment": 0
      },
      "type": "Feature"
    },
    {
      "geometry": {
        "coordinates": [
          [
            6.451063558784997,
            51.06348612056871
          ],
          [
            6.491686506431444,
            51.06436542236806
          ]
        ],
        "type": "LineString"
      },
      "properties": {
        "length_m": 2849.355,
        "orientation": "EW",
        "row": 94,
        "segment": 1
      },
      "type": "Feature"
    },
    {
      "geometry": {
        "coordinates": [
          [
            6.4948782280122295,
            51.064433909038534
          ],
          [
            6.526110006598027,
            51.06509945875101
          ]
        ],
        "type": "LineString"
      },
      "properties": {
        "length_m": 2190.539,
        "orientation": "EW",
        "row": 94,
        "segment": 2
      },
      "type": "Feature"
    },
    {
      "geometry": {
        "coordinates": [
          [
            6.4473464395900395,
            51.06368557651324
          ],
          [
            6.450068530562183,
            51.06374502636467
          ]
        ],
        "type": "LineString"
      },
      "properties": {
        "length_m": 190.936,
        "orientation": "EW",
        "row": 95,
        "segment": 0
      },
      "type": "Feature"
    },
    {
      "geometry": {
        "coordinates": [
          [
            6.450483238288247,
            51.06375407791006
          ],
          [
            6.491434553727196,
            51.06464063161033
          ]
        ],
        "type": "LineString"
      },
      "properties": {
        "length_m": 2872.371,
        "orientation": "EW",
        "row": 95,
        "segment": 1
      },
      "type": "Feature"
    },
    {
      "geometry": {
        "coordinates": [
          [
            6.494643401416172,
            51.06470949231541
          ],
          [
            6.526207829346956,
            51.065382147892905
          ]
        ],
        "type": "LineString"
      },
      "properties": {
        "length_m": 2213.857,
        "orientation": "EW",
        "row": 95,
        "segment": 2
      },
      "type": "Feature"
    },
    {
      "geometry": {
        "coordinates": [
          [
            6.447154054351672,
            51.0639619937596
          ],
          [
            6.491182597994246,
            51.064915840255395
          ]
        ],
        "type": "LineString"
      },
      "properties": {
        "length_m": 3088.199,
        "orientation": "EW",
        "row": 96,
        "segment": 0
      },
      "type": "Feature"
    },
    {
      "geometry": {
        "coordinates": [
          [
            6.494408571988252,
            51.06498507506927
          ],
          [
            6.5263149516026955,
            51.06566503384355
          ]
        ],
        "type": "LineString"
      },
      "properties": {
        "length_m": 2237.827,
        "orientation": "EW",
        "row": 96,
        "segment": 1
      },
      "type": "Feature"
    },
    {
      "geometry": {
        "coordinates": [
          [
            6.446961666772188,
            51.064238410644485
          ],
          [
            6.49093193809636,
            51.06519107619976
          ]
        ],
        "type": "LineString"
      },
      "properties": {
        "length_m": 3084.094,
        "orientation": "EW",
        "row": 97,
        "segment": 0
      },
      "type": "Feature"
    },
    {
      "geometry": {
        "coordinates": [
          [
            6.494161285849833,
            51.06526039016607
          ],
          [
            6.5264223479864345,
            51.06594792547926
          ]
        ],
        "type": "LineString"
      },
      "properties": {
        "length_m": 2262.69,
        "orientation": "EW",
        "row": 97,
        "segment": 1
      },
      "type": "Feature"
    },
    {
      "geometry": {
        "coordinates": [
          [
            6.4467692768515334,
            51.06451482716792
          ],
          [
            6.487844689881363,
            51.06540534801284
          ]
        ],
        "type": "LineString"
      },
      "properties": {
        "length_m": 2881.036,
        "orientation": "EW",
        "row": 98,
        "segment": 0
      },
      "type": "Feature"
    },
    {
      "geometry": {
        "coordinates": [
          [
            6.48848973592592,
            51.065419217323154
          ],
          [
            6.4906819379583505,
            51.06546632578888
          ]
        ],
        "type": "LineString"
      },
      "properties": {
        "length_m": 153.757,
        "orientation": "EW",
        "row": 98,
        "segment": 1
      },
      "type": "Feature"
    },
    {
      "geometry": {
        "coordinates": [
          [
            6.493905291319251,
            51.065535517937526
          ],
          [
            6.526529745623711,
            51.066230817021875
          ]
        ],
        "type": "LineString"
      },
      "properties": {
        "length_m": 2288.164,
        "orientation": "EW",
        "row": 98,
        "segment": 2
      },
      "type": "Feature"
    },
    {
      "geometry": {
        "coordinates": [
          [
            6.44657688458966,
            51.06479124332988
          ],
          [
            6.487355375932495,
            51.0656754441658
          ]
        ],
        "type": "LineString"
      },
      "properties": {
        "length_m": 2860.194,
        "orientation": "EW",
        "row": 99,
        "segment": 0
      },
      "type": "Feature"
    },
    {
      "geometry": {
        "coordinates": [
          [
            6.489911759772818,
            51.06573039932964
          ],
          [
            6.490431934813963,
            51.06574157478953
          ]
        ],
        "type": "LineString"
      },
      "properties": {
        "length_m": 36.484,
        "orientation": "EW",
        "row": 99,
        "segment": 1
      },
      "type": "Feature"
    },
    {
      "geometry": {
        "coordinates": [
          [
            6.493649293713497,
            51.065810645093606
          ],
          [
            6.526637144514558,
            51.066513708471376
          ]
        ],
        "type": "LineString"
      },
      "properties": {
        "length_m": 2313.637,
        "orientation": "EW",
        "row": 99,
        "segment": 2
      },
      "type": "Feature"
    },
    {
      "geometry": {
        "coordinates": [
          [
            6.447018148252139,
            51.065081508836705
          ],
          [
            6.4870970256568175,
            51.06595050663937
          ]
        ],
        "type": "LineString"
      },
      "properties": {
        "length_m": 2811.106,
        "orientation": "EW",
        "row": 100,
        "segment": 0
      },
      "type": "Feature"
    },
    {
      "geometry": {
        "coordinates": [
          [
            6.493393293032509,
            51.06608577163429
          ],
          [
            6.526744544659005,
            51.06679659982776
          ]
        ],
        "type": "LineString"
      },
      "properties": {
        "length_m": 2339.111,
        "orientation": "EW",
        "row": 100,
        "segment": 1
      },
      "type": "Feature"
    },
    {
      "geometry": {
        "coordinates": [
          [
            6.447181258758201,
            51.06536569458895
          ],
          [
            6.48683867227898,
            51.066225568486686
          ]
        ],
        "type": "LineString"
      },
      "properties": {
        "length_m": 2781.528,
        "orientation": "EW",
        "row": 101,
        "segment": 0
      },
      "type": "Feature"
    },
    {
      "geometry": {
        "coordinates": [
          [
            6.493137289276223,
            51.066360897559555
          ],
          [
            6.526851946057082,
            51.06707949109102
          ]
        ],
        "type": "LineString"
      },
      "properties": {
        "length_m": 2364.584,
        "orientation": "EW",
        "row": 101,
        "segment": 1
      },
      "type": "Feature"
    },
    {
      "geometry": {
        "coordinates": [
          [
            6.44709535330461,
            51.06564443853943
          ],
          [
            6.486580315798916,
            51.06650062970777
          ]
        ],
        "type": "LineString"
      },
      "properties": {
        "length_m": 2769.416,
        "orientation": "EW",
        "row": 102,
        "segment": 0
      },
      "type": "Feature"
    },
    {
      "geometry": {
        "coordinates": [
          [
            6.492887456270632,
            51.06663615536368
          ],
          [
            6.5269593487088216,
            51.06736238226116
          ]
        ],
        "type": "LineString"
      },
      "properties": {
        "length_m": 2389.625,
        "orientation": "EW",
        "row": 102,
        "segment": 1
      },
      "type": "Feature"
    },
    {
      "geometry": {
        "coordinates": [
          [
            6.446885866157115,
            51.06592048160875
          ],
          [
            6.486321956216563,
            51.06677569030259
          ]
        ],
        "type": "LineString"
      },
      "properties": {
        "length_m": 2765.972,
        "orientation": "EW",
        "row": 103,
        "segment": 0
      },
      "type": "Feature"
    },
    {
      "geometry": {
        "coordinates": [
          [
            6.493823816818874,
            51.06693686554155
          ],
          [
            6.527106439929877,
            51.067646113413204
          ]
        ],
        "type": "LineString"
      },
      "properties": {
        "length_m": 2334.254,
        "orientation": "EW",
        "row": 103,
        "segment": 1
      },
      "type": "Feature"
    },
    {
      "geometry": {
        "coordinates": [
          [
            6.446676376470116,
            51.06619652425495
          ],
          [
            6.486063593531856,
            51.06705075027113
          ]
        ],
        "type": "LineString"
      },
      "properties": {
        "length_m": 2762.529,
        "orientation": "EW",
        "row": 104,
        "segment": 0
      },
      "type": "Feature"
    },
    {
      "geometry": {
        "coordinates": [
          [
            6.494685315912501,
            51.06723596271691
          ],
          [
            6.527276102543827,
            51.067930322096316
          ]
        ],
        "type": "LineString"
      },
      "properties": {
        "length_m": 2285.717,
        "orientation": "EW",
        "row": 104,
        "segment": 1
      },
      "type": "Feature"
    },
    {
      "geometry": {
        "coordinates": [
          [
            6.446466884243562,
            51.06647256647801
          ],
          [
            6.485814188874099,
            51.0673260024673
          ]
        ],
        "type": "LineString"
      },
      "properties": {
        "length_m": 2759.713,
        "orientation": "EW",
        "row": 105,
        "segment": 0
      },
      "type": "Feature"
    },
    {
      "geometry": {
        "coordinates": [
          [
            6.494949353368213,
            51.06752224371996
          ],
          [
            6.527445767185331,
            51.06821453054913
          ]
        ],
        "type": "LineString"
      },
      "properties": {
        "length_m": 2279.084,
        "orientation": "EW",
        "row": 105,
        "segment": 1
      },
      "type": "Feature"
    },
    {
      "geometry": {
        "coordinates": [
          [
            6.446257389477397,
            51.06674860827792
          ],
          [
            6.485572815373154,
            51.06760142699818
          ]
        ],
        "type": "LineString"
      },
      "properties": {
        "length_m": 2757.462,
        "orientation": "EW",
        "row": 106,
        "segment": 0
      },
      "type": "Feature"
    },
    {
      "geometry": {
        "coordinates": [
          [
            6.494930994911508,
            51.067802469042064
          ],
          [
            6.527615433854439,
            51.06849873877167
          ]
        ],
        "type": "LineString"
      },
      "properties": {
        "length_m": 2292.257,
        "orientation": "EW",
        "row": 106,
        "segment": 1
      },
      "type": "Feature"
    },
    {
      "geometry": {
        "coordinates": [
          [
            6.446047892171565,
            51.06702464965469
          ],
          [
            6.485331438964745,
            51.06787685097819
          ]
        ],
        "type": "LineString"
      },
      "properties": {
        "length_m": 2755.21,
        "orientation": "EW",
        "row": 107,
        "segment": 0
      },
      "type": "Feature"
    },
    {
      "geometry": {
        "coordinates": [
          [
            6.494720455324665,
            51.06807857324969
          ],
          [
            6.527785102551198,
            51.068782946763896
          ]
        ],
        "type": "LineString"
      },
      "properties": {
        "length_m": 2318.908,
        "orientation": "EW",
        "row": 107,
        "segment": 1
      },
      "type": "Feature"
    },
    {
      "geometry": {
        "coordinates": [
          [
            6.4458383923260145,
            51.06730069060828
          ],
          [
            6.446843560332509,
            51.067322663038034
          ]
        ],
        "type": "LineString"
      },
      "properties": {
        "length_m": 70.5,
        "orientation": "EW",
        "row": 108,
        "segment": 0
      },
      "type": "Feature"
    },
    {
      "geometry": {
        "coordinates": [
          [
            6.447554533477578,
            51.06733819929565
          ],
          [
            6.485090059648809,
            51.0681522744073
          ]
        ],
        "type": "LineString"
      },
      "properties": {
        "length_m": 2632.592,
        "orientation": "EW",
        "row": 108,
        "segment": 1
      },
      "type": "Feature"
    },
    {
      "geometry": {
        "coordinates": [
          [
            6.494493903566456,
            51.06835433368061
          ],
          [
            6.527954773275656,
            51.06906715452581
          ]
        ],
        "type": "LineString"
      },
      "properties": {
        "length_m": 2346.682,
        "orientation": "EW",
        "row": 108,
        "segment": 2
      },
      "type": "Feature"
    },
    {
      "geometry": {
        "coordinates": [
          [
            6.447987760144081,
            51.06762828520387
          ],
          [
            6.484848677425285,
            51.068427697285536
          ]
        ],
        "type": "LineString"
      },
      "properties": {
        "length_m": 2585.261,
        "orientation": "EW",
        "row": 109,
        "segment": 0
      },
      "type": "Feature"
    },
    {
      "geometry": {
        "coordinates": [
          [
            6.49426734907141,
            51.06863009362257
          ],
          [
            6.5282859348845745,
            51.069354778754864
          ]
        ],
        "type": "LineString"
      },
      "properties": {
        "length_m": 2385.781,
        "orientation": "EW",
        "row": 109,
        "segment": 1
      },
      "type": "Feature"
    },
    {
      "geometry": {
        "coordinates": [
          [
            6.448230915130887,
            51.06791421784004
          ],
          [
            6.484607292294113,
            51.06870311961284
          ]
        ],
        "type": "LineString"
      },
      "properties": {
        "length_m": 2551.263,
        "orientation": "EW",
        "row": 110,
        "segment": 0
      },
      "type": "Feature"
    },
    {
      "geometry": {
        "coordinates": [
          [
            6.49404079183947,
            51.06890585307555
          ],
          [
            6.528817274032633,
            51.0696466363674
          ]
        ],
        "type": "LineString"
      },
      "properties": {
        "length_m": 2438.919,
        "orientation": "EW",
        "row": 110,
        "segment": 1
      },
      "type": "Feature"
    },
    {
      "geometry": {
        "coordinates": [
          [
            6.4484740730712025,
            51.06820015000016
          ],
          [
            6.484365070916257,
            51.0689785234447
          ]
        ],
        "type": "LineString"
      },
      "properties": {
        "length_m": 2517.205,
        "orientation": "EW",
        "row": 111,
        "segment": 0
      },
      "type": "Feature"
    },
    {
      "geometry": {
        "coordinates": [
          [
            6.493814231870577,
            51.069181612039536
          ],
          [
            6.529348619889373,
            51.06993849164216
          ]
        ],
        "type": "LineString"
      },
      "properties": {
        "length_m": 2492.056,
        "orientation": "EW",
        "row": 111,
        "segment": 1
      },
      "type": "Feature"
    },
    {
      "geometry": {
        "coordinates": [
          [
            6.4487103100468515,
            51.068485930473244
          ],
          [
            6.4841222201315425,
            51.069253913230376
          ]
        ],
        "type": "LineString"
      },
      "properties": {
        "length_m": 2483.589,
        "orientation": "EW",
        "row": 112,
        "segment": 0
      },
      "type": "Feature"
    },
    {
      "geometry": {
        "coordinates": [
          [
            6.493587669164674,
            51.06945737051451
          ],
          [
            6.529879972454894,
            51.07023034457909
          ]
        ],
        "type": "LineString"
      },
      "properties": {
        "length_m": 2545.193,
        "orientation": "EW",
        "row": 112,
        "segment": 1
      },
      "type": "Feature"
    },
    {
      "geometry": {
        "coordinates": [
          [
            6.448937835766611,
            51.068771520207825
          ],
          [
            6.483879366422211,
            51.069529302458825
          ]
        ],
        "type": "LineString"
      },
      "properties": {
        "length_m": 2450.585,
        "orientation": "EW",
        "row": 113,
        "segment": 0
      },
      "type": "Feature"
    },
    {
      "geometry": {
        "coordinates": [
          [
            6.493361103721702,
            51.06973312850048
          ],
          [
            6.5304649478843535,
            51.07052332852474
          ]
        ],
        "type": "LineString"
      },
      "properties": {
        "length_m": 2602.091,
        "orientation": "EW",
        "row": 113,
        "segment": 1
      },
      "type": "Feature"
    },
    {
      "geometry": {
        "coordinates": [
          [
            6.449165364241758,
            51.069057109526526
          ],
          [
            6.4836365097882025,
            51.069804691129995
          ]
        ],
        "type": "LineString"
      },
      "properties": {
        "length_m": 2417.58,
        "orientation": "EW",
        "row": 114,
        "segment": 0
      },
      "type": "Feature"
    },
    {
      "geometry": {
        "coordinates": [
          [
            6.493134535541603,
            51.07000888599742
          ],
          [
            6.53227342593823,
            51.0708421591719
          ]
        ],
        "type": "LineString"
      },
      "properties": {
        "length_m": 2744.789,
        "orientation": "EW",
        "row": 114,
        "segment": 1
      },
      "type": "Feature"
    },
    {
      "geometry": {
        "coordinates": [
          [
            6.449397186639925,
            51.06934279211817
          ],
          [
            6.4833936502294565,
            51.07008007924388
          ]
        ],
        "type": "LineString"
      },
      "properties": {
        "length_m": 2384.275,
        "orientation": "EW",
        "row": 115,
        "segment": 0
      },
      "type": "Feature"
    },
    {
      "geometry": {
        "coordinates": [
          [
            6.492905771032669,
            51.070284595931135
          ],
          [
            6.5323044645662,
            51.07112343195701
          ]
        ],
        "type": "LineString"
      },
      "properties": {
        "length_m": 2762.993,
        "orientation": "EW",
        "row": 115,
        "segment": 1
      },
      "type": "Feature"
    },
    {
      "geometry": {
        "coordinates": [
          [
            6.449630931984072,
            51.069628516196055
          ],
          [
            6.4831507877459105,
            51.07035546680049
          ]
        ],
        "type": "LineString"
      },
      "properties": {
        "length_m": 2350.835,
        "orientation": "EW",
        "row": 116,
        "segment": 0
      },
      "type": "Feature"
    },
    {
      "geometry": {
        "coordinates": [
          [
            6.49267456222815,
            51.07056025296725
          ],
          [
            6.532335503511736,
            51.071404704726724
          ]
        ],
        "type": "LineString"
      },
      "properties": {
        "length_m": 2781.367,
        "orientation": "EW",
        "row": 116,
        "segment": 1
      },
      "type": "Feature"
    },
    {
      "geometry": {
        "coordinates": [
          [
            6.449864680162494,
            51.0699142398346
          ],
          [
            6.482895145349523,
            51.07063057851258
          ]
        ],
        "type": "LineString"
      },
      "properties": {
        "length_m": 2316.499,
        "orientation": "EW",
        "row": 117,
        "segment": 0
      },
      "type": "Feature"
    },
    {
      "geometry": {
        "coordinates": [
          [
            6.492443350632872,
            51.07083590949537
          ],
          [
            6.532366542774851,
            51.07168597748104
          ]
        ],
        "type": "LineString"
      },
      "properties": {
        "length_m": 2799.742,
        "orientation": "EW",
        "row": 117,
        "segment": 1
      },
      "type": "Feature"
    },
    {
      "geometry": {
        "coordinates": [
          [
            6.450098431175254,
            51.070199963033794
          ],
          [
            6.482632344168072,
            51.07090553542104
          ]
        ],
        "type": "LineString"
      },
      "properties": {
        "length_m": 2281.66,
        "orientation": "EW",
        "row": 118,
        "segment": 0
      },
      "type": "Feature"
    },
    {
      "geometry": {
        "coordinates": [
          [
            6.492212136246778,
            51.07111156551551
          ],
          [
            6.532397582355552,
            51.07196725021994
          ]
        ],
        "type": "LineString"
      },
      "properties": {
        "length_m": 2818.117,
        "orientation": "EW",
        "row": 118,
        "segment": 1
      },
      "type": "Feature"
    },
    {
      "geometry": {
        "coordinates": [
          [
            6.450332185022419,
            51.0704856857936
          ],
          [
            6.482369539832977,
            51.071180491682625
          ]
        ],
        "type": "LineString"
      },
      "properties": {
        "length_m": 2246.822,
        "orientation": "EW",
        "row": 119,
        "segment": 0
      },
      "type": "Feature"
    },
    {
      "geometry": {
        "coordinates": [
          [
            6.491980919069806,
            51.071387221027614
          ],
          [
            6.53251877702286,
            51.07225042705117
          ]
        ],
        "type": "LineString"
      },
      "properties": {
        "length_m": 2842.814,
        "orientation": "EW",
        "row": 119,
        "segment": 1
      },
      "type": "Feature"
    },
    {
      "geometry": {
        "coordinates": [
          [
            6.450565941704049,
            51.07077140811403
          ],
          [
            6.482106732344168,
            51.07145544729736
          ]
        ],
        "type": "LineString"
      },
      "properties": {
        "length_m": 2211.984,
        "orientation": "EW",
        "row": 120,
        "segment": 0
      },
      "type": "Feature"
    },
    {
      "geometry": {
        "coordinates": [
          [
            6.4917496991018995,
            51.0716628760317
          ],
          [
            6.533978420779772,
            51.07256186271067
          ]
        ],
        "type": "LineString"
      },
      "properties": {
        "length_m": 2961.369,
        "orientation": "EW",
        "row": 120,
        "segment": 1
      },
      "type": "Feature"
    },
    {
      "geometry": {
        "coordinates": [
          [
            6.450799701220212,
            51.07105712999504
          ],
          [
            6.481843921701584,
            51.071730402265196
          ]
        ],
        "type": "LineString"
      },
      "properties": {
        "length_m": 2177.146,
        "orientation": "EW",
        "row": 121,
        "segment": 0
      },
      "type": "Feature"
    },
    {
      "geometry": {
        "coordinates": [
          [
            6.491518476343,
            51.07193853052775
          ],
          [
            6.533968800354803,
            51.072842276685456
          ]
        ],
        "type": "LineString"
      },
      "properties": {
        "length_m": 2976.892,
        "orientation": "EW",
        "row": 121,
        "segment": 1
      },
      "type": "Feature"
    },
    {
      "geometry": {
        "coordinates": [
          [
            6.451033463570969,
            51.07134285143664
          ],
          [
            6.481581107905161,
            51.072005356586146
          ]
        ],
        "type": "LineString"
      },
      "properties": {
        "length_m": 2142.308,
        "orientation": "EW",
        "row": 122,
        "segment": 0
      },
      "type": "Feature"
    },
    {
      "geometry": {
        "coordinates": [
          [
            6.491287250793046,
            51.07221418451576
          ],
          [
            6.533959179754612,
            51.07312269064558
          ]
        ],
        "type": "LineString"
      },
      "properties": {
        "length_m": 2992.415,
        "orientation": "EW",
        "row": 122,
        "segment": 1
      },
      "type": "Feature"
    },
    {
      "geometry": {
        "coordinates": [
          [
            6.451267228756384,
            51.071628572438804
          ],
          [
            6.481455618723124,
            51.072283270807475
          ]
        ],
        "type": "LineString"
      },
      "properties": {
        "length_m": 2117.101,
        "orientation": "EW",
        "row": 123,
        "segment": 0
      },
      "type": "Feature"
    },
    {
      "geometry": {
        "coordinates": [
          [
            6.487669665351244,
            51.07241706561967
          ],
          [
            6.487996549386552,
            51.072424094602724
          ]
        ],
        "type": "LineString"
      },
      "properties": {
        "length_m": 22.924,
        "orientation": "EW",
        "row": 123,
        "segment": 1
      },
      "type": "Feature"
    },
    {
      "geometry": {
        "coordinates": [
          [
            6.491056022451978,
            51.072489837995704
          ],
          [
            6.533949558979197,
            51.07340310459102
          ]
        ],
        "type": "LineString"
      },
      "properties": {
        "length_m": 3007.938,
        "orientation": "EW",
        "row": 123,
        "segment": 2
      },
      "type": "Feature"
    },
    {
      "geometry": {
        "coordinates": [
          [
            6.451500996776525,
            51.071914293001534
          ],
          [
            6.481574443763064,
            51.07256645173504
          ]
        ],
        "type": "LineString"
      },
      "properties": {
        "length_m": 2109.027,
        "orientation": "EW",
        "row": 124,
        "segment": 0
      },
      "type": "Feature"
    },
    {
      "geometry": {
        "coordinates": [
          [
            6.487427640848855,
            51.07269247990732
          ],
          [
            6.489165917518181,
            51.072729851056806
          ]
        ],
        "type": "LineString"
      },
      "properties": {
        "length_m": 121.901,
        "orientation": "EW",
        "row": 124,
        "segment": 1
      },
      "type": "Feature"
    },
    {
      "geometry": {
        "coordinates": [
          [
            6.490791836567696,
            51.07276478318415
          ],
          [
            6.533939938028555,
            51.07368351852181
          ]
        ],
        "type": "LineString"
      },
      "properties": {
        "length_m": 3025.771,
        "orientation": "EW",
        "row": 124,
        "segment": 2
      },
      "type": "Feature"
    },
    {
      "geometry": {
        "coordinates": [
          [
            6.451734767631453,
            51.072200013124785
          ],
          [
            6.482437480871432,
            51.072865672036905
          ]
        ],
        "type": "LineString"
      },
      "properties": {
        "length_m": 2153.142,
        "orientation": "EW",
        "row": 125,
        "segment": 0
      },
      "type": "Feature"
    },
    {
      "geometry": {
        "coordinates": [
          [
            6.487185613430979,
            51.072967893641355
          ],
          [
            6.533930316902682,
            51.0739639324379
          ]
        ],
        "type": "LineString"
      },
      "properties": {
        "length_m": 3277.971,
        "orientation": "EW",
        "row": 125,
        "segment": 1
      },
      "type": "Feature"
    },
    {
      "geometry": {
        "coordinates": [
          [
            6.451968541321234,
            51.07248573280858
          ],
          [
            6.483809879948296,
            51.073175857278144
          ]
        ],
        "type": "LineString"
      },
      "properties": {
        "length_m": 2232.977,
        "orientation": "EW",
        "row": 126,
        "segment": 0
      },
      "type": "Feature"
    },
    {
      "geometry": {
        "coordinates": [
          [
            6.486943583097556,
            51.07324330682177
          ],
          [
            6.533920695601572,
            51.07424434633932
          ]
        ],
        "type": "LineString"
      },
      "properties": {
        "length_m": 3294.25,
        "orientation": "EW",
        "row": 126,
        "segment": 1
      },
      "type": "Feature"
    },
    {
      "geometry": {
        "coordinates": [
          [
            6.45220231784593,
            51.07277145205288
          ],
          [
            6.483557904654976,
            51.073451049400376
          ]
        ],
        "type": "LineString"
      },
      "properties": {
        "length_m": 2198.899,
        "orientation": "EW",
        "row": 127,
        "segment": 0
      },
      "type": "Feature"
    },
    {
      "geometry": {
        "coordinates": [
          [
            6.4866989769902705,
            51.07351866409986
          ],
          [
            6.533921426364811,
            51.07452497873808
          ]
        ],
        "type": "LineString"
      },
      "properties": {
        "length_m": 3311.434,
        "orientation": "EW",
        "row": 127,
        "segment": 1
      },
      "type": "Feature"
    },
    {
      "geometry": {
        "coordinates": [
          [
            6.452436097205607,
            51.07305717085768
          ],
          [
            6.483305926331799,
            51.07372624092525
          ]
        ],
        "type": "LineString"
      },
      "properties": {
        "length_m": 2164.82,
        "orientation": "EW",
        "row": 128,
        "segment": 0
      },
      "type": "Feature"
    },
    {
      "geometry": {
        "coordinates": [
          [
            6.48643640386183,
            51.07379363432229
          ],
          [
            6.534014200008596,
            51.07480755389444
          ]
        ],
        "type": "LineString"
      },
      "properties": {
        "length_m": 3336.333,
        "orientation": "EW",
        "row": 128,
        "segment": 1
      },
      "type": "Feature"
    },
    {
      "geometry": {
        "coordinates": [
          [
            6.452669879400329,
            51.07334288922296
          ],
          [
            6.483053944978701,
            51.07400143185274
          ]
        ],
        "type": "LineString"
      },
      "properties": {
        "length_m": 2130.742,
        "orientation": "EW",
        "row": 129,
        "segment": 0
      },
      "type": "Feature"
    },
    {
      "geometry": {
        "coordinates": [
          [
            6.486173827581991,
            51.074068603899
          ],
          [
            6.534111697896031,
            51.07509022866726
          ]
        ],
        "type": "LineString"
      },
      "properties": {
        "length_m": 3361.563,
        "orientation": "EW",
        "row": 129,
        "segment": 1
      },
      "type": "Feature"
    },
    {
      "geometry": {
        "coordinates": [
          [
            6.452903664430161,
            51.0736286071487
          ],
          [
            6.4828019605956175,
            51.07427662218286
          ]
        ],
        "type": "LineString"
      },
      "properties": {
        "length_m": 2096.664,
        "orientation": "EW",
        "row": 130,
        "segment": 0
      },
      "type": "Feature"
    },
    {
      "geometry": {
        "coordinates": [
          [
            6.485911248150692,
            51.07434357282999
          ],
          [
            6.534209196915382,
            51.075372903362606
          ]
        ],
        "type": "LineString"
      },
      "properties": {
        "length_m": 3386.792,
        "orientation": "EW",
        "row": 130,
        "segment": 1
      },
      "type": "Feature"
    },
    {
      "geometry": {
        "coordinates": [
          [
            6.453137452295163,
            51.073914324634906
          ],
          [
            6.48254997318249,
            51.07455181191553
          ]
        ],
        "type": "LineString"
      },
      "properties": {
        "length_m": 2062.586,
        "orientation": "EW",
        "row": 131,
        "segment": 0
      },
      "type": "Feature"
    },
    {
      "geometry": {
        "coordinates": [
          [
            6.485671008558074,
            51.07461902196435
          ],
          [
            6.534306697066676,
            51.075655577980484
          ]
        ],
        "type": "LineString"
      },
      "properties": {
        "length_m": 3410.455,
        "orientation": "EW",
        "row": 131,
        "segment": 1
      },
      "type": "Feature"
    },
    {
      "geometry": {
        "coordinates": [
          [
            6.453233047845177,
            51.07419702921406
          ],
          [
            6.482297982739253,
            51.074827001050814
          ]
        ],
        "type": "LineString"
      },
      "properties": {
        "length_m": 2038.199,
        "orientation": "EW",
        "row": 132,
        "segment": 0
      },
      "type": "Feature"
    },
    {
      "geometry": {
        "coordinates": [
          [
            6.485435479260874,
            51.07489457199545
          ],
          [
            6.5344041983499395,
            51.0759382525209
          ]
        ],
        "type": "LineString"
      },
      "properties": {
        "length_m": 3433.788,
        "orientation": "EW",
        "row": 132,
        "segment": 1
      },
      "type": "Feature"
    },
    {
      "geometry": {
        "coordinates": [
          [
            6.4530853081348365,
            51.07447442912808
          ],
          [
            6.482045989265844,
            51.07510218958865
          ]
        ],
        "type": "LineString"
      },
      "properties": {
        "length_m": 2030.876,
        "orientation": "EW",
        "row": 133,
        "segment": 0
      },
      "type": "Feature"
    },
    {
      "geometry": {
        "coordinates": [
          [
            6.487044678130686,
            51.07520981493659
          ],
          [
            6.534501700765202,
            51.07622092698383
          ]
        ],
        "type": "LineString"
      },
      "properties": {
        "length_m": 3327.761,
        "orientation": "EW",
        "row": 133,
        "segment": 1
      },
      "type": "Feature"
    },
    {
      "geometry": {
        "coordinates": [
          [
            6.4525666330365405,
            51.074743741252924
          ],
          [
            6.481793992762201,
            51.07537737752903
          ]
        ],
        "type": "LineString"
      },
      "properties": {
        "length_m": 2049.566,
        "orientation": "EW",
        "row": 134,
        "segment": 0
      },
      "type": "Feature"
    },
    {
      "geometry": {
        "coordinates": [
          [
            6.487477533485194,
            51.07549974355884
          ],
          [
            6.534598893516514,
            51.076503594811015
          ]
        ],
        "type": "LineString"
      },
      "properties": {
        "length_m": 3304.203,
        "orientation": "EW",
        "row": 134,
        "segment": 1
      },
      "type": "Feature"
    },
    {
      "geometry": {
        "coordinates": [
          [
            6.451943461928236,
            51.07501077208085
          ],
          [
            6.4815419932282605,
            51.07565256487192
          ]
        ],
        "type": "LineString"
      },
      "properties": {
        "length_m": 2075.583,
        "orientation": "EW",
        "row": 135,
        "segment": 0
      },
      "type": "Feature"
    },
    {
      "geometry": {
        "coordinates": [
          [
            6.487530686353872,
            51.07578150562961
          ],
          [
            6.53469502427566,
            51.07678624012863
          ]
        ],
        "type": "LineString"
      },
      "properties": {
        "length_m": 3307.196,
        "orientation": "EW",
        "row": 135,
        "segment": 1
      },
      "type": "Feature"
    },
    {
      "geometry": {
        "coordinates": [
          [
            6.45168119478061,
            51.07528567235195
          ],
          [
            6.48128999066396,
            51.07592775161733
          ]
        ],
        "type": "LineString"
      },
      "properties": {
        "length_m": 2076.291,
        "orientation": "EW",
        "row": 136,
        "segment": 0
      },
      "type": "Feature"
    },
    {
      "geometry": {
        "coordinates": [
          [
            6.487354229274292,
            51.076058329781326
          ],
          [
            6.534791156149944,
            51.07706888537081
          ]
        ],
        "type": "LineString"
      },
      "properties": {
        "length_m": 3326.29,
        "orientation": "EW",
        "row": 136,
        "segment": 1
      },
      "type": "Feature"
    },
    {
      "geometry": {
        "coordinates": [
          [
            6.451900103590195,
            51.075571067697275
          ],
          [
            6.481037985069237,
            51.07620293776524
          ]
        ],
        "type": "LineString"
      },
      "properties": {
        "length_m": 2043.256,
        "orientation": "EW",
        "row": 137,
        "segment": 0
      },
      "type": "Feature"
    },
    {
      "geometry": {
        "coordinates": [
          [
            6.487114365373567,
            51.07633378990271
          ],
          [
            6.532669658585064,
            51.07730471983169
          ]
        ],
        "type": "LineString"
      },
      "properties": {
        "length_m": 3194.335,
        "orientation": "EW",
        "row": 137,
        "segment": 1
      },
      "type": "Feature"
    },
    {
      "geometry": {
        "coordinates": [
          [
            6.533460804445406,
            51.077321424518615
          ],
          [
            6.534887289139395,
            51.07735153053756
          ]
        ],
        "type": "LineString"
      },
      "properties": {
        "length_m": 100.022,
        "orientation": "EW",
        "row": 137,
        "segment": 2
      },
      "type": "Feature"
    },
    {
      "geometry": {
        "coordinates": [
          [
            6.452119015046793,
            51.07585646265811
          ],
          [
            6.480785976444028,
            51.07647812331563
          ]
        ],
        "type": "LineString"
      },
      "properties": {
        "length_m": 2010.221,
        "orientation": "EW",
        "row": 138,
        "segment": 0
      },
      "type": "Feature"
    },
    {
      "geometry": {
        "coordinates": [
          [
            6.486874498581836,
            51.076609249479766
          ],
          [
            6.532182978736091,
            51.07757505807219
          ]
        ],
        "type": "LineString"
      },
      "properties": {
        "length_m": 3177.01,
        "orientation": "EW",
        "row": 138,
        "segment": 1
      },
      "type": "Feature"
    },
    {
      "geometry": {
        "coordinates": [
          [
            6.453452452367759,
            51.07616615585897
          ],
          [
            6.480533964788271,
            51.07675330826848
          ]
        ],
        "type": "LineString"
      },
      "properties": {
        "length_m": 1899.031,
        "orientation": "EW",
        "row": 139,
        "segment": 0
      },
      "type": "Feature"
    },
    {
      "geometry": {
        "coordinates": [
          [
            6.486634628899036,
            51.076884708512466
          ],
          [
            6.532060299639538,
            51.077853083697306
          ]
        ],
        "type": "LineString"
      },
      "properties": {
        "length_m": 3185.209,
        "orientation": "EW",
        "row": 139,
        "segment": 1
      },
      "type": "Feature"
    },
    {
      "geometry": {
        "coordinates": [
          [
            6.453674767087071,
            51.07645162196572
          ],
          [
            6.480293117375886,
            51.077028733467245
          ]
        ],
        "type": "LineString"
      },
      "properties": {
        "length_m": 1866.542,
        "orientation": "EW",
        "row": 140,
        "segment": 0
      },
      "type": "Feature"
    },
    {
      "geometry": {
        "coordinates": [
          [
            6.486394756325109,
            51.0771601670008
          ],
          [
            6.531968250604621,
            51.07813175622127
          ]
        ],
        "type": "LineString"
      },
      "properties": {
        "length_m": 3195.556,
        "orientation": "EW",
        "row": 140,
        "segment": 1
      },
      "type": "Feature"
    },
    {
      "geometry": {
        "coordinates": [
          [
            6.453705315013984,
            51.07673290826131
          ],
          [
            6.4800547739468835,
            51.07730421218803
          ]
        ],
        "type": "LineString"
      },
      "properties": {
        "length_m": 1847.676,
        "orientation": "EW",
        "row": 141,
        "segment": 0
      },
      "type": "Feature"
    },
    {
      "geometry": {
        "coordinates": [
          [
            6.486154880859994,
            51.077435624944734
          ],
          [
            6.531876200407321,
            51.0784104286453
          ]
        ],
        "type": "LineString"
      },
      "properties": {
        "length_m": 3205.902,
        "orientation": "EW",
        "row": 141,
        "segment": 1
      },
      "type": "Feature"
    },
    {
      "geometry": {
        "coordinates": [
          [
            6.4537307971083395,
            51.07701408412797
          ],
          [
            6.479816427644297,
            51.077579690370854
          ]
        ],
        "type": "LineString"
      },
      "properties": {
        "length_m": 1829.165,
        "orientation": "EW",
        "row": 142,
        "segment": 0
      },
      "type": "Feature"
    },
    {
      "geometry": {
        "coordinates": [
          [
            6.485915002503628,
            51.0777110823443
          ],
          [
            6.531784149047608,
            51.07868910096944
          ]
        ],
        "type": "LineString"
      },
      "properties": {
        "length_m": 3216.249,
        "orientation": "EW",
        "row": 142,
        "segment": 1
      },
      "type": "Feature"
    },
    {
      "geometry": {
        "coordinates": [
          [
            6.453756279450893,
            51.0772952599812
          ],
          [
            6.479578078468068,
            51.07785516801571
          ]
        ],
        "type": "LineString"
      },
      "properties": {
        "length_m": 1810.654,
        "orientation": "EW",
        "row": 143,
        "segment": 0
      },
      "type": "Feature"
    },
    {
      "geometry": {
        "coordinates": [
          [
            6.485675121255953,
            51.07798653919944
          ],
          [
            6.530792894515969,
            51.07894877314295
          ]
        ],
        "type": "LineString"
      },
      "properties": {
        "length_m": 3163.547,
        "orientation": "EW",
        "row": 143,
        "segment": 1
      },
      "type": "Feature"
    },
    {
      "geometry": {
        "coordinates": [
          [
            6.453781762041652,
            51.077576435820994
          ],
          [
            6.479339726418137,
            51.07813064512256
          ]
        ],
        "type": "LineString"
      },
      "properties": {
        "length_m": 1792.143,
        "orientation": "EW",
        "row": 144,
        "segment": 0
      },
      "type": "Feature"
    },
    {
      "geometry": {
        "coordinates": [
          [
            6.485435237116908,
            51.07826199551017
          ],
          [
            6.529937702567173,
            51.07921131355576
          ]
        ],
        "type": "LineString"
      },
      "properties": {
        "length_m": 3120.387,
        "orientation": "EW",
        "row": 144,
        "segment": 1
      },
      "type": "Feature"
    },
    {
      "geometry": {
        "coordinates": [
          [
            6.453807244880625,
            51.07785761164738
          ],
          [
            6.4791013714944405,
            51.0784061216914
          ]
        ],
        "type": "LineString"
      },
      "properties": {
        "length_m": 1773.632,
        "orientation": "EW",
        "row": 145,
        "segment": 0
      },
      "type": "Feature"
    },
    {
      "geometry": {
        "coordinates": [
          [
            6.485195350086431,
            51.07853745127645
          ],
          [
            6.529087039827371,
            51.07947394355025
          ]
        ],
        "type": "LineString"
      },
      "properties": {
        "length_m": 3077.544,
        "orientation": "EW",
        "row": 145,
        "segment": 1
      },
      "type": "Feature"
    },
    {
      "geometry": {
        "coordinates": [
          [
            6.4550908878328475,
            51.07816620031234
          ],
          [
            6.478863013696923,
            51.07868159772223
          ]
        ],
        "type": "LineString"
      },
      "properties": {
        "length_m": 1666.897,
        "orientation": "EW",
        "row": 146,
        "segment": 0
      },
      "type": "Feature"
    },
    {
      "geometry": {
        "coordinates": [
          [
            6.4849554601644614,
            51.07881290649828
          ],
          [
            6.528236367612148,
            51.07973656720672
          ]
        ],
        "type": "LineString"
      },
      "properties": {
        "length_m": 3034.702,
        "orientation": "EW",
        "row": 146,
        "segment": 1
      },
      "type": "Feature"
    },
    {
      "geometry": {
        "coordinates": [
          [
            6.455340888878516,
            51.078452266095034
          ],
          [
            6.478624653025518,
            51.078957073215015
          ]
        ],
        "type": "LineString"
      },
      "properties": {
        "length_m": 1632.644,
        "orientation": "EW",
        "row": 147,
        "segment": 0
      },
      "type": "Feature"
    },
    {
      "geometry": {
        "coordinates": [
          [
            6.4847101583982125,
            51.07908824472829
          ],
          [
            6.527385685921596,
            51.07999918452497
          ]
        ],
        "type": "LineString"
      },
      "properties": {
        "length_m": 2992.239,
        "orientation": "EW",
        "row": 147,
        "segment": 1
      },
      "type": "Feature"
    },
    {
      "geometry": {
        "coordinates": [
          [
            6.455372008978263,
            51.07873356425228
          ],
          [
            6.478386289480172,
            51.07923254816975
          ]
        ],
        "type": "LineString"
      },
      "properties": {
        "length_m": 1613.738,
        "orientation": "EW",
        "row": 148,
        "segment": 0
      },
      "type": "Feature"
    },
    {
      "geometry": {
        "coordinates": [
          [
            6.484462753643672,
            51.079363537175205
          ],
          [
            6.525570309524593,
            51.08024136909754
          ]
        ],
        "type": "LineString"
      },
      "properties": {
        "length_m": 2882.285,
        "orientation": "EW",
        "row": 148,
        "segment": 1
      },
      "type": "Feature"
    },
    {
      "geometry": {
        "coordinates": [
          [
            6.455391250513811,
            51.07901460367361
          ],
          [
            6.478147923060819,
            51.079508022586424
          ]
        ],
        "type": "LineString"
      },
      "properties": {
        "length_m": 1595.665,
        "orientation": "EW",
        "row": 149,
        "segment": 0
      },
      "type": "Feature"
    },
    {
      "geometry": {
        "coordinates": [
          [
            6.484215345911114,
            51.079638829045095
          ],
          [
            6.5252632592300355,
            51.0805154830124
          ]
        ],
        "type": "LineString"
      },
      "properties": {
        "length_m": 2878.087,
        "orientation": "EW",
        "row": 149,
        "segment": 1
      },
      "type": "Feature"
    },
    {
      "geometry": {
        "coordinates": [
          [
            6.455410492221772,
            51.07929564308284
          ],
          [
            6.4779095537674,
            51.07978349646502
          ]
        ],
        "type": "LineString"
      },
      "properties": {
        "length_m": 1577.593,
        "orientation": "EW",
        "row": 150,
        "segment": 0
      },
      "type": "Feature"
    },
    {
      "geometry": {
        "coordinates": [
          [
            6.48396793520048,
            51.079914120337925
          ],
          [
            6.525211177813868,
            51.08079499698458
          ]
        ],
        "type": "LineString"
      },
      "properties": {
        "length_m": 2891.765,
        "orientation": "EW",
        "row": 150,
        "segment": 1
      },
      "type": "Feature"
    },
    {
      "geometry": {
        "coordinates": [
          [
            6.455429734102147,
            51.07957668247996
          ],
          [
            6.477666205386503,
            51.08005886237483
          ]
        ],
        "type": "LineString"
      },
      "properties": {
        "length_m": 1559.171,
        "orientation": "EW",
        "row": 151,
        "segment": 0
      },
      "type": "Feature"
    },
    {
      "geometry": {
        "coordinates": [
          [
            6.483720521511704,
            51.0801894110537
          ],
          [
            6.525186976809106,
            51.08107510147816
          ]
        ],
        "type": "LineString"
      },
      "properties": {
        "length_m": 2907.399,
        "orientation": "EW",
        "row": 151,
        "segment": 1
      },
      "type": "Feature"
    },
    {
      "geometry": {
        "coordinates": [
          [
            6.455448976154944,
            51.07985772186497
          ],
          [
            6.477421919870504,
            51.0803342075549
          ]
        ],
        "type": "LineString"
      },
      "properties": {
        "length_m": 1540.684,
        "orientation": "EW",
        "row": 152,
        "segment": 0
      },
      "type": "Feature"
    },
    {
      "geometry": {
        "coordinates": [
          [
            6.483473104844727,
            51.0804647011924
          ],
          [
            6.524885573074815,
            51.0813493340269
          ]
        ],
        "type": "LineString"
      },
      "properties": {
        "length_m": 2903.597,
        "orientation": "EW",
        "row": 152,
        "segment": 1
      },
      "type": "Feature"
    },
    {
      "geometry": {
        "coordinates": [
          [
            6.455468218380165,
            51.080138761237876
          ],
          [
            6.47717763141227,
            51.08060955217147
          ]
        ],
        "type": "LineString"
      },
      "properties": {
        "length_m": 1522.197,
        "orientation": "EW",
        "row": 153,
        "segment": 0
      },
      "type": "Feature"
    },
    {
      "geometry": {
        "coordinates": [
          [
            6.483225685199486,
            51.080739990754
          ],
          [
            6.523829803853466,
            51.081607580986585
          ]
        ],
        "type": "LineString"
      },
      "properties": {
        "length_m": 2846.905,
        "orientation": "EW",
        "row": 153,
        "segment": 1
      },
      "type": "Feature"
    },
    {
      "geometry": {
        "coordinates": [
          [
            6.455487460777817,
            51.080419800598676
          ],
          [
            6.476933889599091,
            51.08088490809287
          ]
        ],
        "type": "LineString"
      },
      "properties": {
        "length_m": 1503.749,
        "orientation": "EW",
        "row": 154,
        "segment": 0
      },
      "type": "Feature"
    },
    {
      "geometry": {
        "coordinates": [
          [
            6.482978262575918,
            51.081015279738494
          ],
          [
            6.522774023150067,
            51.08186581823192
          ]
        ],
        "type": "LineString"
      },
      "properties": {
        "length_m": 2790.214,
        "orientation": "EW",
        "row": 154,
        "segment": 1
      },
      "type": "Feature"
    },
    {
      "geometry": {
        "coordinates": [
          [
            6.455506703347905,
            51.08070083994737
          ],
          [
            6.476690625025028,
            51.081160273823464
          ]
        ],
        "type": "LineString"
      },
      "properties": {
        "length_m": 1485.334,
        "orientation": "EW",
        "row": 155,
        "segment": 0
      },
      "type": "Feature"
    },
    {
      "geometry": {
        "coordinates": [
          [
            6.482730836973961,
            51.081290568145846
          ],
          [
            6.522301568531585,
            51.082136417482396
          ]
        ],
        "type": "LineString"
      },
      "properties": {
        "length_m": 2774.42,
        "orientation": "EW",
        "row": 155,
        "segment": 1
      },
      "type": "Feature"
    },
    {
      "geometry": {
        "coordinates": [
          [
            6.455525946090432,
            51.08098187928396
          ],
          [
            6.4764473575203825,
            51.08143563899501
          ]
        ],
        "type": "LineString"
      },
      "properties": {
        "length_m": 1466.919,
        "orientation": "EW",
        "row": 156,
        "segment": 0
      },
      "type": "Feature"
    },
    {
      "geometry": {
        "coordinates": [
          [
            6.482483408393555,
            51.08156585597606
          ],
          [
            6.5220312233039,
            51.082411301418894
          ]
        ],
        "type": "LineString"
      },
      "properties": {
        "length_m": 2772.798,
        "orientation": "EW",
        "row": 156,
        "segment": 1
      },
      "type": "Feature"
    },
    {
      "geometry": {
        "coordinates": [
          [
            6.455545189005406,
            51.08126291860846
          ],
          [
            6.476204087085097,
            51.08171100360745
          ]
        ],
        "type": "LineString"
      },
      "properties": {
        "length_m": 1448.504,
        "orientation": "EW",
        "row": 157,
        "segment": 0
      },
      "type": "Feature"
    },
    {
      "geometry": {
        "coordinates": [
          [
            6.4822359768346365,
            51.08184114322914
          ],
          [
            6.521760874834499,
            51.08268618467364
          ]
        ],
        "type": "LineString"
      },
      "properties": {
        "length_m": 2771.175,
        "orientation": "EW",
        "row": 157,
        "segment": 1
      },
      "type": "Feature"
    },
    {
      "geometry": {
        "coordinates": [
          [
            6.455564432092827,
            51.08154395792084
          ],
          [
            6.47599518594892,
            51.08198711020458
          ]
        ],
        "type": "LineString"
      },
      "properties": {
        "length_m": 1432.499,
        "orientation": "EW",
        "row": 158,
        "segment": 0
      },
      "type": "Feature"
    },
    {
      "geometry": {
        "coordinates": [
          [
            6.481996406596987,
            51.08211659939209
          ],
          [
            6.521490523123316,
            51.0829610672466
          ]
        ],
        "type": "LineString"
      },
      "properties": {
        "length_m": 2769.001,
        "orientation": "EW",
        "row": 158,
        "segment": 1
      },
      "type": "Feature"
    },
    {
      "geometry": {
        "coordinates": [
          [
            6.4525301461401625,
            51.08175845802197
          ],
          [
            6.452543568340653,
            51.08175875067895
          ]
        ],
        "type": "LineString"
      },
      "properties": {
        "length_m": 0.941,
        "orientation": "EW",
        "row": 159,
        "segment": 0
      },
      "type": "Feature"
    },
    {
      "geometry": {
        "coordinates": [
          [
            6.455551986576617,
            51.08182430710418
          ],
          [
            6.475792151510153,
            51.08226334318354
          ]
        ],
        "type": "LineString"
      },
      "properties": {
        "length_m": 1419.128,
        "orientation": "EW",
        "row": 159,
        "segment": 1
      },
      "type": "Feature"
    },
    {
      "geometry": {
        "coordinates": [
          [
            6.481758617491203,
            51.08239209346364
          ],
          [
            6.521220168170287,
            51.08323594913775
          ]
        ],
        "type": "LineString"
      },
      "properties": {
        "length_m": 2766.702,
        "orientation": "EW",
        "row": 159,
        "segment": 2
      },
      "type": "Feature"
    },
    {
      "geometry": {
        "coordinates": [
          [
            6.452552856285544,
            51.08203957354404
          ],
          [
            6.453790853218473,
            51.08206655996812
          ]
        ],
        "type": "LineString"
      },
      "properties": {
        "length_m": 86.802,
        "orientation": "EW",
        "row": 160,
        "segment": 0
      },
      "type": "Feature"
    },
    {
      "geometry": {
        "coordinates": [
          [
            6.455303739113789,
            51.082099520706166
          ],
          [
            6.475589114605284,
            51.08253957576367
          ]
        ],
        "type": "LineString"
      },
      "properties": {
        "length_m": 1422.289,
        "orientation": "EW",
        "row": 160,
        "segment": 1
      },
      "type": "Feature"
    },
    {
      "geometry": {
        "coordinates": [
          [
            6.481520825517697,
            51.08266758699962
          ],
          [
            6.520949809975345,
            51.08351083034709
          ]
        ],
        "type": "LineString"
      },
      "properties": {
        "length_m": 2764.403,
        "orientation": "EW",
        "row": 160,
        "segment": 2
      },
      "type": "Feature"
    },
    {
      "geometry": {
        "coordinates": [
          [
            6.452575566645444,
            51.082320689053354
          ],
          [
            6.475387444434947,
            51.08281583753056
          ]
        ],
        "type": "LineString"
      },
      "properties": {
        "length_m": 1599.426,
        "orientation": "EW",
        "row": 161,
        "segment": 0
      },
      "type": "Feature"
    },
    {
      "geometry": {
        "coordinates": [
          [
            6.481293189961234,
            51.08294329900729
          ],
          [
            6.520679448538424,
            51.083785710874594
          ]
        ],
        "type": "LineString"
      },
      "properties": {
        "length_m": 2761.391,
        "orientation": "EW",
        "row": 161,
        "segment": 1
      },
      "type": "Feature"
    },
    {
      "geometry": {
        "coordinates": [
          [
            6.45259827721987,
            51.082601804549924
          ],
          [
            6.4751934391518065,
            51.08309226459158
          ]
        ],
        "type": "LineString"
      },
      "properties": {
        "length_m": 1584.222,
        "orientation": "EW",
        "row": 162,
        "segment": 0
      },
      "type": "Feature"
    },
    {
      "geometry": {
        "coordinates": [
          [
            6.4810795498662035,
            51.083219312311066
          ],
          [
            6.520396264314016,
            51.08406031866424
          ]
        ],
        "type": "LineString"
      },
      "properties": {
        "length_m": 2756.5,
        "orientation": "EW",
        "row": 162,
        "segment": 1
      },
      "type": "Feature"
    },
    {
      "geometry": {
        "coordinates": [
          [
            6.452620988008828,
            51.082882920033754
          ],
          [
            6.475004488852523,
            51.08336880058097
          ]
        ],
        "type": "LineString"
      },
      "properties": {
        "length_m": 1569.372,
        "orientation": "EW",
        "row": 163,
        "segment": 0
      },
      "type": "Feature"
    },
    {
      "geometry": {
        "coordinates": [
          [
            6.480865907182126,
            51.083495325176514
          ],
          [
            6.520061879478473,
            51.08433383906739
          ]
        ],
        "type": "LineString"
      },
      "properties": {
        "length_m": 2748.019,
        "orientation": "EW",
        "row": 163,
        "segment": 1
      },
      "type": "Feature"
    },
    {
      "geometry": {
        "coordinates": [
          [
            6.452643699012325,
            51.08316403550481
          ],
          [
            6.474874579476069,
            51.08364661228987
          ]
        ],
        "type": "LineString"
      },
      "properties": {
        "length_m": 1558.662,
        "orientation": "EW",
        "row": 164,
        "segment": 0
      },
      "type": "Feature"
    },
    {
      "geometry": {
        "coordinates": [
          [
            6.480656776490973,
            51.083771434949945
          ],
          [
            6.519727490673118,
            51.08460735844713
          ]
        ],
        "type": "LineString"
      },
      "properties": {
        "length_m": 2739.221,
        "orientation": "EW",
        "row": 164,
        "segment": 1
      },
      "type": "Feature"
    },
    {
      "geometry": {
        "coordinates": [
          [
            6.452666410230364,
            51.08344515096312
          ],
          [
            6.4747482885142045,
            51.08392450206087
          ]
        ],
        "type": "LineString"
      },
      "properties": {
        "length_m": 1548.206,
        "orientation": "EW",
        "row": 165,
        "segment": 0
      },
      "type": "Feature"
    },
    {
      "geometry": {
        "coordinates": [
          [
            6.480455846341087,
            51.08404772119604
          ],
          [
            6.519393097897878,
            51.08488087680344
          ]
        ],
        "type": "LineString"
      },
      "properties": {
        "length_m": 2729.849,
        "orientation": "EW",
        "row": 165,
        "segment": 1
      },
      "type": "Feature"
    },
    {
      "geometry": {
        "coordinates": [
          [
            6.452689121662952,
            51.08372626640869
          ],
          [
            6.474621995983482,
            51.084202391662
          ]
        ],
        "type": "LineString"
      },
      "properties": {
        "length_m": 1537.75,
        "orientation": "EW",
        "row": 166,
        "segment": 0
      },
      "type": "Feature"
    },
    {
      "geometry": {
        "coordinates": [
          [
            6.480260538587773,
            51.084324128355966
          ],
          [
            6.519058701152677,
            51.08515439413629
          ]
        ],
        "type": "LineString"
      },
      "properties": {
        "length_m": 2720.082,
        "orientation": "EW",
        "row": 166,
        "segment": 1
      },
      "type": "Feature"
    },
    {
      "geometry": {
        "coordinates": [
          [
            6.452711833310096,
            51.0840073818415
          ],
          [
            6.474511797006128,
            51.08448062899315
          ]
        ],
        "type": "LineString"
      },
      "properties": {
        "length_m": 1528.422,
        "orientation": "EW",
        "row": 167,
        "segment": 0
      },
      "type": "Feature"
    },
    {
      "geometry": {
        "coordinates": [
          [
            6.480088093321458,
            51.08460102828173
          ],
          [
            6.518724300437441,
            51.08542791044566
          ]
        ],
        "type": "LineString"
      },
      "properties": {
        "length_m": 2708.712,
        "orientation": "EW",
        "row": 167,
        "segment": 1
      },
      "type": "Feature"
    },
    {
      "geometry": {
        "coordinates": [
          [
            6.4527345451718015,
            51.084288497261554
          ],
          [
            6.474420330118415,
            51.08475927113207
          ]
        ],
        "type": "LineString"
      },
      "properties": {
        "length_m": 1520.408,
        "orientation": "EW",
        "row": 168,
        "segment": 0
      },
      "type": "Feature"
    },
    {
      "geometry": {
        "coordinates": [
          [
            6.479937851167463,
            51.08487840684976
          ],
          [
            6.518393807535969,
            51.085701508813635
          ]
        ],
        "type": "LineString"
      },
      "properties": {
        "length_m": 2696.059,
        "orientation": "EW",
        "row": 168,
        "segment": 1
      },
      "type": "Feature"
    },
    {
      "geometry": {
        "coordinates": [
          [
            6.4527572572480745,
            51.08456961266887
          ],
          [
            6.474328862073818,
            51.08503791317181
          ]
        ],
        "type": "LineString"
      },
      "properties": {
        "length_m": 1512.393,
        "orientation": "EW",
        "row": 169,
        "segment": 0
      },
      "type": "Feature"
    },
    {
      "geometry": {
        "coordinates": [
          [
            6.4798176353096135,
            51.085156432885896
          ],
          [
            6.518250765760976,
            51.08597908789517
          ]
        ],
        "type": "LineString"
      },
      "properties": {
        "length_m": 2694.443,
        "orientation": "EW",
        "row": 169,
        "segment": 1
      },
      "type": "Feature"
    },
    {
      "geometry": {
        "coordinates": [
          [
            6.45277996953892,
            51.08485072806342
          ],
          [
            6.474240344950346,
            51.08531661892852
          ]
        ],
        "type": "LineString"
      },
      "properties": {
        "length_m": 1504.586,
        "orientation": "EW",
        "row": 170,
        "segment": 0
      },
      "type": "Feature"
    },
    {
      "geometry": {
        "coordinates": [
          [
            6.479742868858747,
            51.08543543915911
          ],
          [
            6.518353758235611,
            51.08626189262583
          ]
        ],
        "type": "LineString"
      },
      "properties": {
        "length_m": 2706.889,
        "orientation": "EW",
        "row": 170,
        "segment": 1
      },
      "type": "Feature"
    },
    {
      "geometry": {
        "coordinates": [
          [
            6.452802682044345,
            51.085131843445225
          ],
          [
            6.474203524667703,
            51.08559644218977
          ]
        ],
        "type": "LineString"
      },
      "properties": {
        "length_m": 1500.403,
        "orientation": "EW",
        "row": 171,
        "segment": 0
      },
      "type": "Feature"
    },
    {
      "geometry": {
        "coordinates": [
          [
            6.4796681014497475,
            51.08571444535972
          ],
          [
            6.518940630617969,
            51.08655497299951
          ]
        ],
        "type": "LineString"
      },
      "properties": {
        "length_m": 2753.257,
        "orientation": "EW",
        "row": 171,
        "segment": 1
      },
      "type": "Feature"
    },
    {
      "geometry": {
        "coordinates": [
          [
            6.452761169697548,
            51.08541155863443
          ],
          [
            6.474171313394465,
            51.08587636506889
          ]
        ],
        "type": "LineString"
      },
      "properties": {
        "length_m": 1501.046,
        "orientation": "EW",
        "row": 172,
        "segment": 0
      },
      "type": "Feature"
    },
    {
      "geometry": {
        "coordinates": [
          [
            6.4795929963519425,
            51.08599344422397
          ],
          [
            6.519977991945942,
            51.08685761292324
          ]
        ],
        "type": "LineString"
      },
      "properties": {
        "length_m": 2831.229,
        "orientation": "EW",
        "row": 172,
        "segment": 1
      },
      "type": "Feature"
    },
    {
      "geometry": {
        "coordinates": [
          [
            6.452687669628797,
            51.085690576409874
          ],
          [
            6.474139101672311,
            51.086156287921455
          ]
        ],
        "type": "LineString"
      },
      "properties": {
        "length_m": 1503.932,
        "orientation": "EW",
        "row": 173,
        "segment": 0
      },
      "type": "Feature"
    },
    {
      "geometry": {
        "coordinates": [
          [
            6.479375895426163,
            51.086269379819505
          ],
          [
            6.521015367075412,
            51.08716024380912
          ]
        ],
        "type": "LineString"
      },
      "properties": {
        "length_m": 2919.156,
        "orientation": "EW",
        "row": 173,
        "segment": 1
      },
      "type": "Feature"
    },
    {
      "geometry": {
        "coordinates": [
          [
            6.452614168616418,
            51.08596959411442
          ],
          [
            6.474119066490474,
            51.08643647399284
          ]
        ],
        "type": "LineString"
      },
      "properties": {
        "length_m": 1507.671,
        "orientation": "EW",
        "row": 174,
        "segment": 0
      },
      "type": "Feature"
    },
    {
      "geometry": {
        "coordinates": [
          [
            6.478307466799654,
            51.08652694451495
          ],
          [
            6.522052756006191,
            51.08746286565684
          ]
        ],
        "type": "LineString"
      },
      "properties": {
        "length_m": 3066.767,
        "orientation": "EW",
        "row": 174,
        "segment": 1
      },
      "type": "Feature"
    },
    {
      "geometry": {
        "coordinates": [
          [
            6.4525406666603935,
            51.08624861174805
          ],
          [
            6.474113135472097,
            51.08671696495941
          ]
        ],
        "type": "LineString"
      },
      "properties": {
        "length_m": 1512.399,
        "orientation": "EW",
        "row": 175,
        "segment": 0
      },
      "type": "Feature"
    },
    {
      "geometry": {
        "coordinates": [
          [
            6.477371287855268,
            51.086787354894575
          ],
          [
            6.5230901587381,
            51.087765478466125
          ]
        ],
        "type": "LineString"
      },
      "properties": {
        "length_m": 3205.106,
        "orientation": "EW",
        "row": 175,
        "segment": 1
      },
      "type": "Feature"
    },
    {
      "geometry": {
        "coordinates": [
          [
            6.452467163760696,
            51.0865276293108
          ],
          [
            6.474107204321586,
            51.08699745591246
          ]
        ],
        "type": "LineString"
      },
      "properties": {
        "length_m": 1517.127,
        "orientation": "EW",
        "row": 176,
        "segment": 0
      },
      "type": "Feature"
    },
    {
      "geometry": {
        "coordinates": [
          [
            6.477603096910715,
            51.087072978499236
          ],
          [
            6.523710913720175,
            51.08805925268448
          ]
        ],
        "type": "LineString"
      },
      "properties": {
        "length_m": 3232.351,
        "orientation": "EW",
        "row": 176,
        "segment": 1
      },
      "type": "Feature"
    },
    {
      "geometry": {
        "coordinates": [
          [
            6.452393659917309,
            51.08680664680263
          ],
          [
            6.4741012730389444,
            51.08727794685197
          ]
        ],
        "type": "LineString"
      },
      "properties": {
        "length_m": 1521.856,
        "orientation": "EW",
        "row": 177,
        "segment": 0
      },
      "type": "Feature"
    },
    {
      "geometry": {
        "coordinates": [
          [
            6.47784862141576,
            51.08735889767464
          ],
          [
            6.524147013608931,
            51.08834911098681
          ]
        ],
        "type": "LineString"
      },
      "properties": {
        "length_m": 3245.69,
        "orientation": "EW",
        "row": 177,
        "segment": 1
      },
      "type": "Feature"
    },
    {
      "geometry": {
        "coordinates": [
          [
            6.452320155130209,
            51.087085664223565
          ],
          [
            6.474139283850191,
            51.087559387722756
          ]
        ],
        "type": "LineString"
      },
      "properties": {
        "length_m": 1529.664,
        "orientation": "EW",
        "row": 178,
        "segment": 0
      },
      "type": "Feature"
    },
    {
      "geometry": {
        "coordinates": [
          [
            6.4781203008852195,
            51.08764538082396
          ],
          [
            6.524583118946933,
            51.088638967723575
          ]
        ],
        "type": "LineString"
      },
      "properties": {
        "length_m": 3257.196,
        "orientation": "EW",
        "row": 178,
        "segment": 1
      },
      "type": "Feature"
    },
    {
      "geometry": {
        "coordinates": [
          [
            6.452246649399372,
            51.0873646815736
          ],
          [
            6.4741934810128985,
            51.08784117847373
          ]
        ],
        "type": "LineString"
      },
      "properties": {
        "length_m": 1538.608,
        "orientation": "EW",
        "row": 179,
        "segment": 0
      },
      "type": "Feature"
    },
    {
      "geometry": {
        "coordinates": [
          [
            6.478391983673453,
            51.087931863376006
          ],
          [
            6.5249887483381075,
            51.08892817724538
          ]
        ],
        "type": "LineString"
      },
      "properties": {
        "length_m": 3266.565,
        "orientation": "EW",
        "row": 179,
        "segment": 1
      },
      "type": "Feature"
    },
    {
      "geometry": {
        "coordinates": [
          [
            6.452173142724781,
            51.0876436988527
          ],
          [
            6.474247678774756,
            51.088122969196505
          ]
        ],
        "type": "LineString"
      },
      "properties": {
        "length_m": 1547.552,
        "orientation": "EW",
        "row": 180,
        "segment": 0
      },
      "type": "Feature"
    },
    {
      "geometry": {
        "coordinates": [
          [
            6.478799071571172,
            51.08822126708348
          ],
          [
            6.525310712426488,
            51.089215613385065
          ]
        ],
        "type": "LineString"
      },
      "properties": {
        "length_m": 3260.577,
        "orientation": "EW",
        "row": 180,
        "segment": 1
      },
      "type": "Feature"
    },
    {
      "geometry": {
        "coordinates": [
          [
            6.45209963510641,
            51.087922716060916
          ],
          [
            6.47432635259665,
            51.0884052889579
          ]
        ],
        "type": "LineString"
      },
      "properties": {
        "length_m": 1558.211,
        "orientation": "EW",
        "row": 181,
        "segment": 0
      },
      "type": "Feature"
    },
    {
      "geometry": {
        "coordinates": [
          [
            6.479263935208667,
            51.08851191577687
          ],
          [
            6.504880012993902,
            51.08906173862352
          ]
        ],
        "type": "LineString"
      },
      "properties": {
        "length_m": 1795.759,
        "orientation": "EW",
        "row": 181,
        "segment": 1
      },
      "type": "Feature"
    },
    {
      "geometry": {
        "coordinates": [
          [
            6.505335416707691,
            51.08907146250427
          ],
          [
            6.5256827552594325,
            51.08950410906609
          ]
        ],
        "type": "LineString"
      },
      "properties": {
        "length_m": 1426.365,
        "orientation": "EW",
        "row": 181,
        "segment": 2
      },
      "type": "Feature"
    },
    {
      "geometry": {
        "coordinates": [
          [
            6.452026126544239,
            51.088201733198204
          ],
          [
            6.474482278085139,
            51.0886892784472
          ]
        ],
        "type": "LineString"
      },
      "properties": {
        "length_m": 1574.286,
        "orientation": "EW",
        "row": 182,
        "segment": 0
      },
      "type": "Feature"
    },
    {
      "geometry": {
        "coordinates": [
          [
            6.479731437957723,
            51.08880261948858
          ],
          [
            6.4988135953700015,
            51.08921265551488
          ]
        ],
        "type": "LineString"
      },
      "properties": {
        "length_m": 1337.709,
        "orientation": "EW",
        "row": 182,
        "segment": 1
      },
      "type": "Feature"
    },
    {
      "geometry": {
        "coordinates": [
          [
            6.5115526371532475,
            51.08948465353376
          ],
          [
            6.528102455273362,
            51.08983593978256
          ]
        ],
        "type": "LineString"
      },
      "properties": {
        "length_m": 1160.142,
        "orientation": "EW",
        "row": 182,
        "segment": 2
      },
      "type": "Feature"
    },
    {
      "geometry": {
        "coordinates": [
          [
            6.4519526170382475,
            51.08848075026459
          ],
          [
            6.4746382054304235,
            51.088973267742794
          ]
        ],
        "type": "LineString"
      },
      "properties": {
        "length_m": 1590.361,
        "orientation": "EW",
        "row": 183,
        "segment": 0
      },
      "type": "Feature"
    },
    {
      "geometry": {
        "coordinates": [
          [
            6.480200331028491,
            51.08909335125554
          ],
          [
            6.497735588785681,
            51.08947019258763
          ]
        ],
        "type": "LineString"
      },
      "properties": {
        "length_m": 1229.261,
        "orientation": "EW",
        "row": 183,
        "segment": 1
      },
      "type": "Feature"
    },
    {
      "geometry": {
        "coordinates": [
          [
            6.513851593765153,
            51.0898142088548
          ],
          [
            6.529167265200181,
            51.090139077603666
          ]
        ],
        "type": "LineString"
      },
      "properties": {
        "length_m": 1073.62,
        "orientation": "EW",
        "row": 183,
        "segment": 2
      },
      "type": "Feature"
    },
    {
      "geometry": {
        "coordinates": [
          [
            6.451879106588413,
            51.08875976726006
          ],
          [
            6.474794134632548,
            51.08925725684468
          ]
        ],
        "type": "LineString"
      },
      "properties": {
        "length_m": 1606.436,
        "orientation": "EW",
        "row": 184,
        "segment": 0
      },
      "type": "Feature"
    },
    {
      "geometry": {
        "coordinates": [
          [
            6.480540773099506,
            51.089381311404516
          ],
          [
            6.497044466467371,
            51.08973600795585
          ]
        ],
        "type": "LineString"
      },
      "properties": {
        "length_m": 1156.939,
        "orientation": "EW",
        "row": 184,
        "segment": 1
      },
      "type": "Feature"
    },
    {
      "geometry": {
        "coordinates": [
          [
            6.5143407266252265,
            51.090105232427796
          ],
          [
            6.529663957597105,
            51.09043019608097
          ]
        ],
        "type": "LineString"
      },
      "properties": {
        "length_m": 1074.143,
        "orientation": "EW",
        "row": 184,
        "segment": 2
      },
      "type": "Feature"
    },
    {
      "geometry": {
        "coordinates": [
          [
            6.531263141316865,
            51.09046399438417
          ],
          [
            6.5323195095392075,
            51.090486308409204
          ]
        ],
        "type": "LineString"
      },
      "properties": {
        "length_m": 74.049,
        "orientation": "EW",
        "row": 184,
        "segment": 3
      },
      "type": "Feature"
    },
    {
      "geometry": {
        "coordinates": [
          [
            6.451805595194713,
            51.08903878418462
          ],
          [
            6.4749424770752215,
            51.08954108175825
          ]
        ],
        "type": "LineString"
      },
      "properties": {
        "length_m": 1621.979,
        "orientation": "EW",
        "row": 185,
        "segment": 0
      },
      "type": "Feature"
    },
    {
      "geometry": {
        "coordinates": [
          [
            6.480815716781546,
            51.08966785837158
          ],
          [
            6.495340052620463,
            51.08998010299549
          ]
        ],
        "type": "LineString"
      },
      "properties": {
        "length_m": 1018.177,
        "orientation": "EW",
        "row": 185,
        "segment": 1
      },
      "type": "Feature"
    },
    {
      "geometry": {
        "coordinates": [
          [
            6.51474855188284,
            51.090394524559294
          ],
          [
            6.532893638257848,
            51.0907790482927
          ]
        ],
        "type": "LineString"
      },
      "properties": {
        "length_m": 1271.941,
        "orientation": "EW",
        "row": 185,
        "segment": 2
      },
      "type": "Feature"
    },
    {
      "geometry": {
        "coordinates": [
          [
            6.451732082857125,
            51.08931780103826
          ],
          [
            6.47504740730516,
            51.08982396834184
          ]
        ],
        "type": "LineString"
      },
      "properties": {
        "length_m": 1634.478,
        "orientation": "EW",
        "row": 186,
        "segment": 0
      },
      "type": "Feature"
    },
    {
      "geometry": {
        "coordinates": [
          [
            6.480991680235566,
            51.08995227080768
          ],
          [
            6.493723927841698,
            51.090226067073765
          ]
        ],
        "type": "LineString"
      },
      "properties": {
        "length_m": 892.544,
        "orientation": "EW",
        "row": 186,
        "segment": 1
      },
      "type": "Feature"
    },
    {
      "geometry": {
        "coordinates": [
          [
            6.514839268622968,
            51.09067707120382
          ],
          [
            6.5334677742646745,
            51.09107178544135
          ]
        ],
        "type": "LineString"
      },
      "properties": {
        "length_m": 1305.82,
        "orientation": "EW",
        "row": 186,
        "segment": 2
      },
      "type": "Feature"
    },
    {
      "geometry": {
        "coordinates": [
          [
            6.451658569575631,
            51.08959681782099
          ],
          [
            6.475034228108788,
            51.09010430255355
          ]
        ],
        "type": "LineString"
      },
      "properties": {
        "length_m": 1638.698,
        "orientation": "EW",
        "row": 187,
        "segment": 0
      },
      "type": "Feature"
    },
    {
      "geometry": {
        "coordinates": [
          [
            6.4810807743910575,
            51.09023481026166
          ],
          [
            6.493305147603415,
            51.09049770182739
          ]
        ],
        "type": "LineString"
      },
      "properties": {
        "length_m": 856.937,
        "orientation": "EW",
        "row": 187,
        "segment": 1
      },
      "type": "Feature"
    },
    {
      "geometry": {
        "coordinates": [
          [
            6.514825835174952,
            51.09095740267243
          ],
          [
            6.53404191755978,
            51.09136451985506
          ]
        ],
        "type": "LineString"
      },
      "properties": {
        "length_m": 1346.999,
        "orientation": "EW",
        "row": 187,
        "segment": 2
      },
      "type": "Feature"
    },
    {
      "geometry": {
        "coordinates": [
          [
            6.451585055350208,
            51.08987583453278
          ],
          [
            6.474934193453576,
            51.090382759790124
          ]
        ],
        "type": "LineString"
      },
      "properties": {
        "length_m": 1636.829,
        "orientation": "EW",
        "row": 188,
        "segment": 0
      },
      "type": "Feature"
    },
    {
      "geometry": {
        "coordinates": [
          [
            6.481138523699601,
            51.09051667391972
          ],
          [
            6.493168037041317,
            51.090775378458396
          ]
        ],
        "type": "LineString"
      },
      "properties": {
        "length_m": 843.272,
        "orientation": "EW",
        "row": 188,
        "segment": 1
      },
      "type": "Feature"
    },
    {
      "geometry": {
        "coordinates": [
          [
            6.514812401505141,
            51.09123773412499
          ],
          [
            6.534616068143254,
            51.09165725153376
          ]
        ],
        "type": "LineString"
      },
      "properties": {
        "length_m": 1388.179,
        "orientation": "EW",
        "row": 188,
        "segment": 2
      },
      "type": "Feature"
    },
    {
      "geometry": {
        "coordinates": [
          [
            6.451511540180832,
            51.09015485117367
          ],
          [
            6.474672990891827,
            51.09065773376629
          ]
        ],
        "type": "LineString"
      },
      "properties": {
        "length_m": 1623.662,
        "orientation": "EW",
        "row": 189,
        "segment": 0
      },
      "type": "Feature"
    },
    {
      "geometry": {
        "coordinates": [
          [
            6.481164308317642,
            51.090797848470764
          ],
          [
            6.49304021348092,
            51.09105325418574
          ]
        ],
        "type": "LineString"
      },
      "properties": {
        "length_m": 832.499,
        "orientation": "EW",
        "row": 189,
        "segment": 1
      },
      "type": "Feature"
    },
    {
      "geometry": {
        "coordinates": [
          [
            6.514798967613527,
            51.0915180655615
          ],
          [
            6.535190226015193,
            51.09194998047736
          ]
        ],
        "type": "LineString"
      },
      "properties": {
        "length_m": 1429.358,
        "orientation": "EW",
        "row": 189,
        "segment": 2
      },
      "type": "Feature"
    },
    {
      "geometry": {
        "coordinates": [
          [
            6.451421583071472,
            51.09043350913277
          ],
          [
            6.47432758170419,
            51.09093088701767
          ]
        ],
        "type": "LineString"
      },
      "properties": {
        "length_m": 1605.745,
        "orientation": "EW",
        "row": 190,
        "segment": 0
      },
      "type": "Feature"
    },
    {
      "geometry": {
        "coordinates": [
          [
            6.481133759877157,
            51.09107780862595
          ],
          [
            6.492912388333501,
            51.09133112973976
          ]
        ],
        "type": "LineString"
      },
      "properties": {
        "length_m": 825.675,
        "orientation": "EW",
        "row": 190,
        "segment": 1
      },
      "type": "Feature"
    },
    {
      "geometry": {
        "coordinates": [
          [
            6.514785533500106,
            51.091798396981964
          ],
          [
            6.535764391175685,
            51.09224270668575
          ]
        ],
        "type": "LineString"
      },
      "properties": {
        "length_m": 1470.537,
        "orientation": "EW",
        "row": 190,
        "segment": 2
      },
      "type": "Feature"
    },
    {
      "geometry": {
        "coordinates": [
          [
            6.4449058785048265,
            51.09057182656798
          ],
          [
            6.447396962711473,
            51.09062627468897
          ]
        ],
        "type": "LineString"
      },
      "properties": {
        "length_m": 174.631,
        "orientation": "EW",
        "row": 191,
        "segment": 0
      },
      "type": "Feature"
    },
    {
      "geometry": {
        "coordinates": [
          [
            6.451066928353988,
            51.09070639292757
          ],
          [
            6.472998230334729,
            51.091182763668826
          ]
        ],
        "type": "LineString"
      },
      "properties": {
        "length_m": 1537.41,
        "orientation": "EW",
        "row": 191,
        "segment": 1
      },
      "type": "Feature"
    },
    {
      "geometry": {
        "coordinates": [
          [
            6.481058740752825,
            51.09135681007768
          ],
          [
            6.492784561599028,
            51.09160900512047
          ]
        ],
        "type": "LineString"
      },
      "properties": {
        "length_m": 821.968,
        "orientation": "EW",
        "row": 191,
        "segment": 2
      },
      "type": "Feature"
    },
    {
      "geometry": {
        "coordinates": [
          [
            6.514770052099684,
            51.09207868484751
          ],
          [
            6.53625611128859,
            51.0925336917011
          ]
        ],
        "type": "LineString"
      },
      "properties": {
        "length_m": 1506.081,
        "orientation": "EW",
        "row": 191,
        "segment": 3
      },
      "type": "Feature"
    },
    {
      "geometry": {
        "coordinates": [
          [
            6.444755712478918,
            51.09084916302852
          ],
          [
            6.4582079449795655,
            51.091142575738964
          ]
        ],
        "type": "LineString"
      },
      "properties": {
        "length_m": 943.024,
        "orientation": "EW",
        "row": 192,
        "segment": 0
      },
      "type": "Feature"
    },
    {
      "geometry": {
        "coordinates": [
          [
            6.48166305573774,
            51.09165045494058
          ],
          [
            6.492656733277464,
            51.09188688032787
          ]
        ],
        "type": "LineString"
      },
      "properties": {
        "length_m": 770.641,
        "orientation": "EW",
        "row": 192,
        "segment": 1
      },
      "type": "Feature"
    },
    {
      "geometry": {
        "coordinates": [
          [
            6.514749784018152,
            51.092358870893285
          ],
          [
            6.536711080471954,
            51.092823899854864
          ]
        ],
        "type": "LineString"
      },
      "properties": {
        "length_m": 1539.383,
        "orientation": "EW",
        "row": 192,
        "segment": 2
      },
      "type": "Feature"
    },
    {
      "geometry": {
        "coordinates": [
          [
            6.444605544602568,
            51.0911264992585
          ],
          [
            6.455051520622005,
            51.09135448872926
          ]
        ],
        "type": "LineString"
      },
      "properties": {
        "length_m": 732.277,
        "orientation": "EW",
        "row": 193,
        "segment": 0
      },
      "type": "Feature"
    },
    {
      "geometry": {
        "coordinates": [
          [
            6.482267378427417,
            51.091944096771805
          ],
          [
            6.492528903368771,
            51.092164755361935
          ]
        ],
        "type": "LineString"
      },
      "properties": {
        "length_m": 719.314,
        "orientation": "EW",
        "row": 193,
        "segment": 1
      },
      "type": "Feature"
    },
    {
      "geometry": {
        "coordinates": [
          [
            6.514729515632364,
            51.0926390569199
          ],
          [
            6.537094927741017,
            51.09311260713374
          ]
        ],
        "type": "LineString"
      },
      "properties": {
        "length_m": 1567.7,
        "orientation": "EW",
        "row": 193,
        "segment": 2
      },
      "type": "Feature"
    },
    {
      "geometry": {
        "coordinates": [
          [
            6.444455374875733,
            51.09140383525792
          ],
          [
            6.452838085815975,
            51.09158687731621
          ]
        ],
        "type": "LineString"
      },
      "properties": {
        "length_m": 587.637,
        "orientation": "EW",
        "row": 194,
        "segment": 0
      },
      "type": "Feature"
    },
    {
      "geometry": {
        "coordinates": [
          [
            6.484173530833669,
            51.092265772478505
          ],
          [
            6.492401071872917,
            51.09244263022267
          ]
        ],
        "type": "LineString"
      },
      "properties": {
        "length_m": 576.731,
        "orientation": "EW",
        "row": 194,
        "segment": 1
      },
      "type": "Feature"
    },
    {
      "geometry": {
        "coordinates": [
          [
            6.514709246942315,
            51.09291924292737
          ],
          [
            6.5368060774798185,
            51.09338713464663
          ]
        ],
        "type": "LineString"
      },
      "properties": {
        "length_m": 1548.864,
        "orientation": "EW",
        "row": 194,
        "segment": 2
      },
      "type": "Feature"
    },
    {
      "geometry": {
        "coordinates": [
          [
            6.444305203298375,
            51.09168117102675
          ],
          [
            6.451036358725515,
            51.091828206279665
          ]
        ],
        "type": "LineString"
      },
      "properties": {
        "length_m": 471.859,
        "orientation": "EW",
        "row": 195,
        "segment": 0
      },
      "type": "Feature"
    },
    {
      "geometry": {
        "coordinates": [
          [
            6.4863609020996105,
            51.09259346684956
          ],
          [
            6.492273238789861,
            51.092720504910076
          ]
        ],
        "type": "LineString"
      },
      "properties": {
        "length_m": 414.438,
        "orientation": "EW",
        "row": 195,
        "segment": 1
      },
      "type": "Feature"
    },
    {
      "geometry": {
        "coordinates": [
          [
            6.5146889779479995,
            51.09319942891569
          ],
          [
            6.53651722376395,
            51.09366166138661
          ]
        ],
        "type": "LineString"
      },
      "properties": {
        "length_m": 1530.029,
        "orientation": "EW",
        "row": 195,
        "segment": 2
      },
      "type": "Feature"
    },
    {
      "geometry": {
        "coordinates": [
          [
            6.4441550298704495,
            51.09195850656499
          ],
          [
            6.449418295443274,
            51.09207351690348
          ]
        ],
        "type": "LineString"
      },
      "properties": {
        "length_m": 368.957,
        "orientation": "EW",
        "row": 196,
        "segment": 0
      },
      "type": "Feature"
    },
    {
      "geometry": {
        "coordinates": [
          [
            6.488354385405387,
            51.09291695250005
          ],
          [
            6.49214540411957,
            51.092998379424145
          ]
        ],
        "type": "LineString"
      },
      "properties": {
        "length_m": 265.738,
        "orientation": "EW",
        "row": 196,
        "segment": 1
      },
      "type": "Feature"
    },
    {
      "geometry": {
        "coordinates": [
          [
            6.514668708649409,
            51.09347961488487
          ],
          [
            6.536199796135525,
            51.09393558494885
          ]
        ],
        "type": "LineString"
      },
      "properties": {
        "length_m": 1509.191,
        "orientation": "EW",
        "row": 196,
        "segment": 2
      },
      "type": "Feature"
    },
    {
      "geometry": {
        "coordinates": [
          [
            6.444004854591916,
            51.09223584187265
          ],
          [
            6.446922182442106,
            51.09229962286952
          ]
        ],
        "type": "LineString"
      },
      "properties": {
        "length_m": 204.505,
        "orientation": "EW",
        "row": 197,
        "segment": 0
      },
      "type": "Feature"
    },
    {
      "geometry": {
        "coordinates": [
          [
            6.490469999135722,
            51.09324302694311
          ],
          [
            6.492017567862008,
            51.09327625376488
          ]
        ],
        "type": "LineString"
      },
      "properties": {
        "length_m": 108.479,
        "orientation": "EW",
        "row": 197,
        "segment": 1
      },
      "type": "Feature"
    },
    {
      "geometry": {
        "coordinates": [
          [
            6.514648439046537,
            51.09375980083489
          ],
          [
            6.535850680240301,
            51.09420883942869
          ]
        ],
        "type": "LineString"
      },
      "properties": {
        "length_m": 1486.133,
        "orientation": "EW",
        "row": 197,
        "segment": 2
      },
      "type": "Feature"
    },
    {
      "geometry": {
        "coordinates": [
          [
            6.443854677462733,
            51.0925131769497
          ],
          [
            6.444402227637607,
            51.09252515417909
          ]
        ],
        "type": "LineString"
      },
      "properties": {
        "length_m": 38.383,
        "orientation": "EW",
        "row": 198,
        "segment": 0
      },
      "type": "Feature"
    },
    {
      "geometry": {
        "coordinates": [
          [
            6.491616665105466,
            51.09354826634171
          ],
          [
            6.491889730017138,
            51.093554127932265
          ]
        ],
        "type": "LineString"
      },
      "properties": {
        "length_m": 19.141,
        "orientation": "EW",
        "row": 198,
        "segment": 1
      },
      "type": "Feature"
    },
    {
      "geometry": {
        "coordinates": [
          [
            6.514628169139378,
            51.09403998676576
          ],
          [
            6.535501560207205,
            51.09448209279706
          ]
        ],
        "type": "LineString"
      },
      "properties": {
        "length_m": 1463.074,
        "orientation": "EW",
        "row": 198,
        "segment": 2
      },
      "type": "Feature"
    },
    {
      "geometry": {
        "coordinates": [
          [
            6.514607898927926,
            51.09432017267746
          ],
          [
            6.535152436036165,
            51.09475534505394
          ]
        ],
        "type": "LineString"
      },
      "properties": {
        "length_m": 1440.015,
        "orientation": "EW",
        "row": 199,
        "segment": 0
      },
      "type": "Feature"
    },
    {
      "geometry": {
        "coordinates": [
          [
            6.514938102618304,
            51.09460781265984
          ],
          [
            6.534803307727101,
            51.09502859619931
          ]
        ],
        "type": "LineString"
      },
      "properties": {
        "length_m": 1392.391,
        "orientation": "EW",
        "row": 200,
        "segment": 0
      },
      "type": "Feature"
    },
    {
      "geometry": {
        "coordinates": [
          [
            6.518339912761092,
            51.09496072649673
          ],
          [
            6.534454175279942,
            51.09530184623315
          ]
        ],
        "type": "LineString"
      },
      "properties": {
        "length_m": 1129.471,
        "orientation": "EW",
        "row": 201,
        "segment": 0
      },
      "type": "Feature"
    },
    {
      "geometry": {
        "coordinates": [
          [
            6.5188120196569,
            51.095251368920856
          ],
          [
            6.534105479420056,
            51.09557510445586
          ]
        ],
        "type": "LineString"
      },
      "properties": {
        "length_m": 1071.933,
        "orientation": "EW",
        "row": 202,
        "segment": 0
      },
      "type": "Feature"
    },
    {
      "geometry": {
        "coordinates": [
          [
            6.518910003362856,
            51.0955340662613
          ],
          [
            6.533764820327192,
            51.09584853127769
          ]
        ],
        "type": "LineString"
      },
      "properties": {
        "length_m": 1041.182,
        "orientation": "EW",
        "row": 203,
        "segment": 0
      },
      "type": "Feature"
    },
    {
      "geometry": {
        "coordinates": [
          [
            6.51970373050021,
            51.09583153345685
          ],
          [
            6.533424157191614,
            51.09612195703927
          ]
        ],
        "type": "LineString"
      },
      "properties": {
        "length_m": 961.666,
        "orientation": "EW",
        "row": 204,
        "segment": 0
      },
      "type": "Feature"
    },
    {
      "geometry": {
        "coordinates": [
          [
            6.521359451606921,
            51.096147282804125
          ],
          [
            6.53308349001325,
            51.0963953817406
          ]
        ],
        "type": "LineString"
      },
      "properties": {
        "length_m": 821.733,
        "orientation": "EW",
        "row": 205,
        "segment": 0
      },
      "type": "Feature"
    },
    {
      "geometry": {
        "coordinates": [
          [
            6.5230151960258995,
            51.09646300898421
          ],
          [
            6.532742818792024,
            51.096668805381626
          ]
        ],
        "type": "LineString"
      },
      "properties": {
        "length_m": 681.801,
        "orientation": "EW",
        "row": 206,
        "segment": 0
      },
      "type": "Feature"
    },
    {
      "geometry": {
        "coordinates": [
          [
            6.524601150338966,
            51.09677723309467
          ],
          [
            6.532402143527864,
            51.09694222796233
          ]
        ],
        "type": "LineString"
      },
      "properties": {
        "length_m": 546.761,
        "orientation": "EW",
        "row": 207,
        "segment": 0
      },
      "type": "Feature"
    },
    {
      "geometry": {
        "coordinates": [
          [
            6.526167779623351,
            51.09709102637115
          ],
          [
            6.532061464220694,
            51.09721564948267
          ]
        ],
        "type": "LineString"
      },
      "properties": {
        "length_m": 413.078,
        "orientation": "EW",
        "row": 208,
        "segment": 0
      },
      "type": "Feature"
    },
    {
      "geometry": {
        "coordinates": [
          [
            6.528185248930363,
            51.09741433599841
          ],
          [
            6.5317207808704385,
            51.09748906994264
          ]
        ],
        "type": "LineString"
      },
      "properties": {
        "length_m": 247.797,
        "orientation": "EW",
        "row": 209,
        "segment": 0
      },
      "type": "Feature"
    },
    {
      "geometry": {
        "coordinates": [
          [
            6.529482002675776,
            51.097722375432426
          ],
          [
            6.531380093477023,
            51.0977624893422
          ]
        ],
        "type": "LineString"
      },
      "properties": {
        "length_m": 133.032,
        "orientation": "EW",
        "row": 210,
        "segment": 0
      },
      "type": "Feature"
    },
    {
      "geometry": {
        "coordinates": [
          [
            6.530716735001885,
            51.098029089745175
          ],
          [
            6.531039402040376,
            51.09803590768132
          ]
        ],
        "type": "LineString"
      },
      "properties": {
        "length_m": 22.615,
        "orientation": "EW",
        "row": 211,
        "segment": 0
      },
      "type": "Feature"
    }
  ],
  "type": "FeatureCollection"
}