timestamp,power_kW
01-01 00:00,0.0
01-01 00:15,0.0
01-01 00:30,0.0
01-01 00:45,0.0
01-01 01:00,0.0
01-01 01:15,0.0
01-01 01:30,0.0
01-01 01:45,0.0
01-01 02:00,0.0
01-01 02:15,0.0
01-01 02:30,0.0
01-01 02:45,0.0
01-01 03:00,0.0
01-01 03:15,0.0
01-01 03:30,321.0419829242858
01-01 03:45,0.0
01-01 04:00,0.0
01-01 04:15,0.0
01-01 04:30,0.0
01-01 04:45,0.0
01-01 05:00,1484.2857142857142
01-01 05:15,1042.4591044556737
01-01 05:30,0.0
01-01 05:45,0.0
01-01 06:00,1929.8727316042853
01-01 06:15,1484.2857142857142
01-01 06:30,1484.2857142857142
01-01 06:45,1484.2857142857142
01-01 07:00,2348.1909130485715
01-01 07:15,1751.9395510928573
01-01 07:30,1484.2857142857142
01-01 07:45,1484.2857142857142
01-01 08:00,0.0
01-01 08:15,0.0
01-01 08:30,0.0
01-01 08:45,0.0
01-01 09:00,0.0
01-01 09:15,0.0
01-01 09:30,0.0
01-01 09:45,0.0
01-01 10:00,0.0
01-01 10:15,0.0
01-01 10:30,0.0
01-01 10:45,0.0
01-01 11:00,0.0
01-01 11:15,0.0
01-01 11:30,0.0
01-01 11:45,0.0
01-01 12:00,0.0
01-01 12:15,0.0
01-01 12:30,0.0
01-01 12:45,0.0
01-01 13:00,0.0
01-01 13:15,0.0
01-01 13:30,0.0
01-01 13:45,0.0
01-01 14:00,0.0
01-01 14:15,0.0
01-01 14:30,0.0
01-01 14:45,0.0
01-01 15:00,0.0
01-01 15:15,0.0
01-01 15:30,0.0
01-01 15:45,0.0
01-01 16:00,0.0
01-01 16:15,0.0
01-01 16:30,0.0
01-01 16:45,0.0
01-01 17:00,0.0
01-01 17:15,0.0
01-01 17:30,0.0
01-01 17:45,0.0
01-01 18:00,0.0
01-01 18:15,0.0
01-01 18:30,0.0
01-01 18:45,0.0
01-01 19:00,0.0
01-01 19:15,0.0
01-01 19:30,0.0
01-01 19:45,0.0
01-01 20:00,0.0
01-01 20:15,0.0
01-01 20:30,0.0
01-01 20:45,0.0
01-01 21:00,1484.2857142857142
01-01 21:15,1484.2857142857142
01-01 21:30,1484.2857142857142
01-01 21:45,1484.2857142857142
01-01 22:00,0.0
01-01 22:15,0.0
01-01 22:30,0.0
01-01 22:45,0.0
01-01 23:00,1484.2857142857142
01-01 23:15,1484.2857142857142
01-01 23:30,1484.2857142857142
01-01 23:45,1484.2857142857142
01-02 00:00,1484.2857142857142
01-02 00:15,1949.1409426585712
01-02 00:30,1484.2857142857142
01-02 00:45,1484.2857142857142
01-02 01:00,1484.2857142857142
01-02 01:15,1484.2857142857142
01-02 01:30,1484.2857142857142
01-02 01:45,1484.2857142857142
01-02 02:00,1484.2857142857142
01-02 02:15,1484.2857142857142
01-02 02:30,1484.2857142857142
01-02 02:45,1484.2857142857142
01-02 03:00,1484.2857142857142
01-02 03:15,1484.2857142857142
01-02 03:30,1484.2857142857142
01-02 03:45,1484.2857142857142
01-02 04:00,1484.2857142857142
01-02 04:15,1484.2857142857142
01-02 04:30,1484.2857142857142
01-02 04:45,1484.2857142857142
01-02 05:00,1484.2857142857142
01-02 05:15,1484.2857142857142
01-02 05:30,1484.2857142857142
01-02 05:45,1484.2857142857142
01-02 06:00,0.0
01-02 06:15,0.0
01-02 06:30,0.0
01-02 06:45,676.1702327185715
01-02 07:00,0.0
01-02 07:15,0.0
01-02 07:30,0.0
01-02 07:45,0.0
01-02 08:00,0.0
01-02 08:15,2248.695845271429
01-02 08:30,0.0
01-02 08:45,0.0
01-02 09:00,0.0
01-02 09:15,0.0
01-02 09:30,0.0
01-02 09:45,0.0
01-02 10:00,0.0
01-02 10:15,0.0
01-02 10:30,0.0
01-02 10:45,0.0
01-02 11:00,0.0
01-02 11:15,0.0
01-02 11:30,645.5732121428572
01-02 11:45,0.0
01-02 12:00,0.0
01-02 12:15,0.0
01-02 12:30,3673.9535157142864
01-02 12:45,0.0
01-02 13:00,0.0
01-02 13:15,0.0
01-02 13:30,0.0
01-02 13:45,0.0
01-02 14:00,0.0
01-02 14:15,0.0
01-02 14:30,0.0
01-02 14:45,0.0
01-02 15:00,0.0
01-02 15:15,0.0
01-02 15:30,1302.1386103857144
01-02 15:45,0.0
01-02 16:00,0.0
01-02 16:15,0.0
01-02 16:30,0.0
01-02 16:45,0.0
01-02 17:00,0.0
01-02 17:15,0.0
01-02 17:30,0.0
01-02 17:45,2406.6016528428577
01-02 18:00,0.0
01-02 18:15,0.0
01-02 18:30,0.0
01-02 18:45,0.0
01-02 19:00,0.0
01-02 19:15,0.0
01-02 19:30,0.0
01-02 19:45,0.0
01-02 20:00,0.0
01-02 20:15,0.0
01-02 20:30,0.0
01-02 20:45,0.0
01-02 21:00,0.0
01-02 21:15,0.0
01-02 21:30,0.0
01-02 21:45,0.0
01-02 22:00,0.0
01-02 22:15,0.0
01-02 22:30,0.0
01-02 22:45,0.0
01-02 23:00,0.0
01-02 23:15,0.0
01-02 23:30,0.0
01-02 23:45,0.0
01-03 00:00,0.0
01-03 00:15,0.0
01-03 00:30,0.0
01-03 00:45,0.0
01-03 01:00,0.0
01-03 01:15,0.0
01-03 01:30,0.0
01-03 01:45,0.0
01-03 02:00,0.0
01-03 02:15,0.0
01-03 02:30,0.0
01-03 02:45,0.0
01-03 03:00,0.0
01-03 03:15,0.0
01-03 03:30,0.0
01-03 03:45,0.0
01-03 04:00,0.0
01-03 04:15,0.0
01-03 04:30,0.0
01-03 04:45,0.0
01-03 05:00,0.0
01-03 05:15,0.0
01-03 05:30,0.0
01-03 05:45,0.0
01-03 06:00,0.0
01-03 06:15,0.0
01-03 06:30,0.0
01-03 06:45,0.0
01-03 07:00,0.0
01-03 07:15,0.0
01-03 07:30,0.0
01-03 07:45,0.0
01-03 08:00,0.0
01-03 08:15,0.0
01-03 08:30,0.0
01-03 08:45,0.0
01-03 09:00,0.0
01-03 09:15,0.0
01-03 09:30,0.0
01-03 09:45,0.0
01-03 10:00,2876.6480493571426
01-03 10:15,0.0
01-03 10:30,0.0
01-03 10:45,0.0
01-03 11:00,0.0
01-03 11:15,0.0
01-03 11:30,0.0
01-03 11:45,0.0
01-03 12:00,0.0
01-03 12:15,0.0
01-03 12:30,0.0
01-03 12:45,0.0
01-03 13:00,0.0
01-03 13:15,0.0
01-03 13:30,0.0
01-03 13:45,0.0
01-03 14:00,0.0
01-03 14:15,0.0
01-03 14:30,0.0
01-03 14:45,0.0
01-03 15:00,0.0
01-03 15:15,0.0
01-03 15:30,3699.5130014857136
01-03 15:45,0.0
01-03 16:00,3106.1291647
01-03 16:15,5391.339246014286
01-03 16:30,1921.8199188714289
01-03 16:45,0.0
01-03 17:00,2724.3185986571434
01-03 17:15,0.0
01-03 17:30,0.0
01-03 17:45,0.0
01-03 18:00,0.0
01-03 18:15,2888.434400328571
01-03 18:30,0.0
01-03 18:45,0.0
01-03 19:00,0.0
01-03 19:15,0.0
01-03 19:30,0.0
01-03 19:45,0.0
01-03 20:00,0.0
01-03 20:15,0.0
01-03 20:30,0.0
01-03 20:45,0.0
01-03 21:00,0.0
01-03 21:15,0.0
01-03 21:30,0.0
01-03 21:45,0.0
01-03 22:00,0.0
01-03 22:15,0.0
01-03 22:30,0.0
01-03 22:45,0.0
01-03 23:00,0.0
01-03 23:15,0.0
01-03 23:30,0.0
01-03 23:45,0.0
01-04 00:00,0.0
01-04 00:15,0.0
01-04 00:30,0.0
01-04 00:45,0.0
01-04 01:00,0.0
01-04 01:15,0.0
01-04 01:30,0.0
01-04 01:45,0.0
01-04 02:00,0.0
01-04 02:15,0.0
01-04 02:30,0.0
01-04 02:45,0.0
01-04 03:00,0.0
01-04 03:15,0.0
01-04 03:30,0.0
01-04 03:45,0.0
01-04 04:00,0.0
01-04 04:15,0.0
01-04 04:30,0.0
01-04 04:45,0.0
01-04 05:00,0.0
01-04 05:15,0.0
01-04 05:30,0.0
01-04 05:45,0.0
01-04 06:00,0.0
01-04 06:15,0.0
01-04 06:30,0.0
01-04 06:45,1480.3855483714285
01-04 07:00,0.0
01-04 07:15,0.0
01-04 07:30,0.0
01-04 07:45,0.0
01-04 08:00,3169.646404328572
01-04 08:15,0.0
01-04 08:30,0.0
01-04 08:45,0.0
01-04 09:00,4552.159767742857
01-04 09:15,0.0
01-04 09:30,0.0
01-04 09:45,0.0
01-04 10:00,0.0
01-04 10:15,0.0
01-04 10:30,0.0
01-04 10:45,0.0
01-04 11:00,2995.2616641142854
01-04 11:15,0.0
01-04 11:30,0.0
01-04 11:45,0.0
01-04 12:00,0.0
01-04 12:15,6449.843399357144
01-04 12:30,0.0
01-04 12:45,0.0
01-04 13:00,0.0
01-04 13:15,0.0
01-04 13:30,0.0
01-04 13:45,0.0
01-04 14:00,0.0
01-04 14:15,0.0
01-04 14:30,0.0
01-04 14:45,0.0
01-04 15:00,2557.3418721857142
01-04 15:15,2161.7300778857143
01-04 15:30,0.0
01-04 15:45,0.0
01-04 16:00,0.0
01-04 16:15,0.0
01-04 16:30,0.0
01-04 16:45,0.0
01-04 17:00,0.0
01-04 17:15,0.0
01-04 17:30,0.0
01-04 17:45,0.0
01-04 18:00,0.0
01-04 18:15,0.0
01-04 18:30,0.0
01-04 18:45,0.0
01-04 19:00,0.0
01-04 19:15,0.0
01-04 19:30,0.0
01-04 19:45,0.0
01-04 20:00,0.0
01-04 20:15,0.0
01-04 20:30,0.0
01-04 20:45,0.0
01-04 21:00,0.0
01-04 21:15,0.0
01-04 21:30,0.0
01-04 21:45,0.0
01-04 22:00,0.0
01-04 22:15,0.0
01-04 22:30,0.0
01-04 22:45,0.0
01-04 23:00,0.0
01-04 23:15,0.0
01-04 23:30,0.0
01-04 23:45,0.0
01-05 00:00,1484.2857142857142
01-05 00:15,1196.89097642428
01-05 00:30,1484.2857142857142
01-05 00:45,1484.2857142857142
01-05 01:00,1484.2857142857142
01-05 01:15,1484.2857142857142
01-05 01:30,1484.2857142857142
01-05 01:45,1484.2857142857142
01-05 02:00,1484.2857142857142
01-05 02:15,1484.2857142857142
01-05 02:30,1484.2857142857142
01-05 02:45,1484.2857142857142
01-05 03:00,1484.2857142857142
01-05 03:15,1484.2857142857142
01-05 03:30,1484.2857142857142
01-05 03:45,1484.2857142857142
01-05 04:00,1484.2857142857142
01-05 04:15,1484.2857142857142
01-05 04:30,1484.2857142857142
01-05 04:45,1484.2857142857142
01-05 05:00,1484.2857142857142
01-05 05:15,1484.2857142857142
01-05 05:30,1484.2857142857142
01-05 05:45,1484.2857142857142
01-05 06:00,1484.2857142857142
01-05 06:15,1847.811022588572
01-05 06:30,1484.2857142857142
01-05 06:45,1484.2857142857142
01-05 07:00,0.0
01-05 07:15,0.0
01-05 07:30,0.0
01-05 07:45,0.0
01-05 08:00,0.0
01-05 08:15,0.0
01-05 08:30,0.0
01-05 08:45,0.0
01-05 09:00,0.0
01-05 09:15,0.0
01-05 09:30,0.0
01-05 09:45,0.0
01-05 10:00,0.0
01-05 10:15,0.0
01-05 10:30,0.0
01-05 10:45,0.0
01-05 11:00,0.0
01-05 11:15,0.0
01-05 11:30,0.0
01-05 11:45,0.0
01-05 12:00,0.0
01-05 12:15,0.0
01-05 12:30,0.0
01-05 12:45,0.0
01-05 13:00,0.0
01-05 13:15,0.0
01-05 13:30,0.0
01-05 13:45,0.0
01-05 14:00,0.0
01-05 14:15,0.0
01-05 14:30,0.0
01-05 14:45,0.0
01-05 15:00,0.0
01-05 15:15,0.0
01-05 15:30,0.0
01-05 15:45,0.0
01-05 16:00,0.0
01-05 16:15,0.0
01-05 16:30,0.0
01-05 16:45,0.0
01-05 17:00,0.0
01-05 17:15,0.0
01-05 17:30,0.0
01-05 17:45,0.0
01-05 18:00,0.0
01-05 18:15,0.0
01-05 18:30,0.0
01-05 18:45,0.0
01-05 19:00,0.0
01-05 19:15,0.0
01-05 19:30,0.0
01-05 19:45,0.0
01-05 20:00,0.0
01-05 20:15,0.0
01-05 20:30,0.0
01-05 20:45,0.0
01-05 21:00,0.0
01-05 21:15,0.0
01-05 21:30,0.0
01-05 21:45,0.0
01-05 22:00,0.0
01-05 22:15,0.0
01-05 22:30,0.0
01-05 22:45,0.0
01-05 23:00,0.0
01-05 23:15,0.0
01-05 23:30,0.0
01-05 23:45,0.0
01-06 00:00,0.0
01-06 00:15,0.0
01-06 00:30,0.0
01-06 00:45,0.0
01-06 01:00,0.0
01-06 01:15,0.0
01-06 01:30,0.0
01-06 01:45,0.0
01-06 02:00,0.0
01-06 02:15,0.0
01-06 02:30,0.0
01-06 02:45,0.0
01-06 03:00,0.0
01-06 03:15,0.0
01-06 03:30,0.0
01-06 03:45,0.0
01-06 04:00,0.0
01-06 04:15,0.0
01-06 04:30,0.0
01-06 04:45,0.0
01-06 05:00,0.0
01-06 05:15,0.0
01-06 05:30,0.0
01-06 05:45,0.0
01-06 06:00,0.0
01-06 06:15,0.0
01-06 06:30,0.0
01-06 06:45,0.0
01-06 07:00,0.0
01-06 07:15,0.0
01-06 07:30,0.0
01-06 07:45,0.0
01-06 08:00,0.0
01-06 08:15,0.0
01-06 08:30,0.0
01-06 08:45,0.0
01-06 09:00,0.0
01-06 09:15,2379.379261671429
01-06 09:30,0.0
01-06 09:45,0.0
01-06 10:00,0.0
01-06 10:15,0.0
01-06 10:30,0.0
01-06 10:45,0.0
01-06 11:00,0.0
01-06 11:15,4463.198688542857
01-06 11:30,0.0
01-06 11:45,0.0
01-06 12:00,0.0
01-06 12:15,0.0
01-06 12:30,0.0
01-06 12:45,0.0
01-06 13:00,0.0
01-06 13:15,0.0
01-06 13:30,0.0
01-06 13:45,2453.1895179142857
01-06 14:00,0.0
01-06 14:15,0.0
01-06 14:30,0.0
01-06 14:45,0.0
01-06 15:00,0.0
01-06 15:15,0.0
01-06 15:30,0.0
01-06 15:45,3058.1016520428566
01-06 16:00,0.0
01-06 16:15,0.0
01-06 16:30,0.0
01-06 16:45,0.0
01-06 17:00,0.0
01-06 17:15,0.0
01-06 17:30,0.0
01-06 17:45,0.0
01-06 18:00,0.0
01-06 18:15,0.0
01-06 18:30,0.0
01-06 18:45,0.0
01-06 19:00,0.0
01-06 19:15,0.0
01-06 19:30,0.0
01-06 19:45,0.0
01-06 20:00,0.0
01-06 20:15,0.0
01-06 20:30,0.0
01-06 20:45,0.0
01-06 21:00,0.0
01-06 21:15,0.0
01-06 21:30,0.0
01-06 21:45,0.0
01-06 22:00,0.0
01-06 22:15,0.0
01-06 22:30,0.0
01-06 22:45,0.0
01-06 23:00,0.0
01-06 23:15,0.0
01-06 23:30,0.0
01-06 23:45,0.0
01-07 00:00,0.0
01-07 00:15,0.0
01-07 00:30,0.0
01-07 00:45,0.0
01-07 01:00,0.0
01-07 01:15,0.0
01-07 01:30,0.0
01-07 01:45,0.0
01-07 02:00,0.0
01-07 02:15,0.0
01-07 02:30,0.0
01-07 02:45,0.0
01-07 03:00,0.0
01-07 03:15,0.0
01-07 03:30,0.0
01-07 03:45,0.0
01-07 04:00,0.0
01-07 04:15,0.0
01-07 04:30,0.0
01-07 04:45,0.0
01-07 05:00,0.0
01-07 05:15,0.0
01-07 05:30,0.0
01-07 05:45,0.0
01-07 06:00,0.0
01-07 06:15,0.0
01-07 06:30,0.0
01-07 06:45,0.0
01-07 07:00,0.0
01-07 07:15,0.0
01-07 07:30,0.0
01-07 07:45,0.0
01-07 08:00,0.0
01-07 08:15,0.0
01-07 08:30,0.0
01-07 08:45,0.0
01-07 09:00,5626.498428900001
01-07 09:15,0.0
01-07 09:30,26.72485507142877
01-07 09:45,0.0
01-07 10:00,0.0
01-07 10:15,0.0
01-07 10:30,0.0
01-07 10:45,0.0
01-07 11:00,0.0
01-07 11:15,0.0
01-07 11:30,3232.612087585714
01-07 11:45,2420.430820114286
01-07 12:00,0.0
01-07 12:15,0.0
01-07 12:30,0.0
01-07 12:45,0.0
01-07 13:00,0.0
01-07 13:15,0.0
01-07 13:30,0.0
01-07 13:45,5233.501589771429
01-07 14:00,0.0
01-07 14:15,0.0
01-07 14:30,0.0
01-07 14:45,0.0
01-07 15:00,0.0
01-07 15:15,3628.331714028572
01-07 15:30,0.0
01-07 15:45,0.0
01-07 16:00,0.0
01-07 16:15,0.0
01-07 16:30,0.0
01-07 16:45,0.0
01-07 17:00,3617.3879852857135
01-07 17:15,0.0
01-07 17:30,0.0
01-07 17:45,0.0
01-07 18:00,0.0
01-07 18:15,0.0
01-07 18:30,0.0
01-07 18:45,0.0
01-07 19:00,0.0
01-07 19:15,0.0
01-07 19:30,0.0
01-07 19:45,0.0
01-07 20:00,0.0
01-07 20:15,0.0
01-07 20:30,0.0
01-07 20:45,0.0
01-07 21:00,0.0
01-07 21:15,0.0
01-07 21:30,0.0
01-07 21:45,0.0
01-07 22:00,812.7034096742858
01-07 22:15,0.0
01-07 22:30,530.2662538695095
01-07 22:45,0.0
01-07 23:00,1484.2857142857142
01-07 23:15,1484.2857142857142
01-07 23:30,1484.2857142857142
01-07 23:45,1484.2857142857142
01-08 00:00,1484.2857142857142
01-08 00:15,1484.2857142857142
01-08 00:30,1484.2857142857142
01-08 00:45,1484.2857142857142
01-08 01:00,0.0
01-08 01:15,0.0
01-08 01:30,0.0
01-08 01:45,0.0
01-08 02:00,1484.2857142857142
01-08 02:15,1484.2857142857142
01-08 02:30,1484.2857142857142
01-08 02:45,1484.2857142857142
01-08 03:00,1484.2857142857142
01-08 03:15,1484.2857142857142
01-08 03:30,1484.2857142857142
01-08 03:45,1484.2857142857142
01-08 04:00,1484.2857142857142
01-08 04:15,1484.2857142857142
01-08 04:30,1484.2857142857142
01-08 04:45,1484.2857142857142
01-08 05:00,1484.2857142857142
01-08 05:15,1484.2857142857142
01-08 05:30,1484.2857142857142
01-08 05:45,1484.2857142857142
01-08 06:00,0.0
01-08 06:15,0.0
01-08 06:30,0.0
01-08 06:45,0.0
01-08 07:00,0.0
01-08 07:15,0.0
01-08 07:30,0.0
01-08 07:45,0.0
01-08 08:00,0.0
01-08 08:15,0.0
01-08 08:30,0.0
01-08 08:45,0.0
01-08 09:00,0.0
01-08 09:15,0.0
01-08 09:30,0.0
01-08 09:45,0.0
01-08 10:00,0.0
01-08 10:15,0.0
01-08 10:30,0.0
01-08 10:45,0.0
01-08 11:00,0.0
01-08 11:15,0.0
01-08 11:30,0.0
01-08 11:45,0.0
01-08 12:00,0.0
01-08 12:15,0.0
01-08 12:30,0.0
01-08 12:45,0.0
01-08 13:00,0.0
01-08 13:15,0.0
01-08 13:30,0.0
01-08 13:45,2880.6991348999995
01-08 14:00,0.0
01-08 14:15,0.0
01-08 14:30,0.0
01-08 14:45,0.0
01-08 15:00,1435.6029207857143
01-08 15:15,0.0
01-08 15:30,0.0
01-08 15:45,3434.226811828571
01-08 16:00,0.0
01-08 16:15,0.0
01-08 16:30,0.0
01-08 16:45,0.0
01-08 17:00,0.0
01-08 17:15,0.0
01-08 17:30,0.0
01-08 17:45,0.0
01-08 18:00,0.0
01-08 18:15,0.0
01-08 18:30,0.0
01-08 18:45,0.0
01-08 19:00,0.0
01-08 19:15,790.1840129000003
01-08 19:30,0.0
01-08 19:45,0.0
01-08 20:00,0.0
01-08 20:15,0.0
01-08 20:30,0.0
01-08 20:45,0.0
01-08 21:00,0.0
01-08 21:15,0.0
01-08 21:30,0.0
01-08 21:45,0.0
01-08 22:00,0.0
01-08 22:15,0.0
01-08 22:30,0.0
01-08 22:45,0.0
01-08 23:00,0.0
01-08 23:15,0.0
01-08 23:30,0.0
01-08 23:45,0.0
01-09 00:00,1484.2857142857142
01-09 00:15,1484.2857142857142
01-09 00:30,1484.2857142857142
01-09 00:45,1484.2857142857142
01-09 01:00,1484.2857142857142
01-09 01:15,1484.2857142857142
01-09 01:30,1484.2857142857142
01-09 01:45,1484.2857142857142
01-09 02:00,1484.2857142857142
01-09 02:15,1484.2857142857142
01-09 02:30,1484.2857142857142
01-09 02:45,1484.2857142857142
01-09 03:00,1484.2857142857142
01-09 03:15,1484.2857142857142
01-09 03:30,1484.2857142857142
01-09 03:45,2056.741963395714
01-09 04:00,1484.2857142857142
01-09 04:15,1484.2857142857142
01-09 04:30,1484.2857142857142
01-09 04:45,1484.2857142857142
01-09 05:00,0.0
01-09 05:15,0.0
01-09 05:30,0.0
01-09 05:45,0.0
01-09 06:00,0.0
01-09 06:15,0.0
01-09 06:30,0.0
01-09 06:45,0.0
01-09 07:00,0.0
01-09 07:15,0.0
01-09 07:30,0.0
01-09 07:45,0.0
01-09 08:00,0.0
01-09 08:15,0.0
01-09 08:30,0.0
01-09 08:45,0.0
01-09 09:00,0.0
01-09 09:15,0.0
01-09 09:30,0.0
01-09 09:45,0.0
01-09 10:00,2328.358011928572
01-09 10:15,0.0
01-09 10:30,0.0
01-09 10:45,0.0
01-09 11:00,0.0
01-09 11:15,0.0
01-09 11:30,0.0
01-09 11:45,0.0
01-09 12:00,0.0
01-09 12:15,3766.685645828571
01-09 12:30,0.0
01-09 12:45,3612.1673423
01-09 13:00,0.0
01-09 13:15,0.0
01-09 13:30,0.0
01-09 13:45,0.0
01-09 14:00,0.0
01-09 14:15,0.0
01-09 14:30,0.0
01-09 14:45,0.0
01-09 15:00,0.0
01-09 15:15,4130.465617085714
01-09 15:30,0.0
01-09 15:45,0.0
01-09 16:00,0.0
01-09 16:15,0.0
01-09 16:30,0.0
01-09 16:45,0.0
01-09 17:00,0.0
01-09 17:15,0.0
01-09 17:30,0.0
01-09 17:45,0.0
01-09 18:00,0.0
01-09 18:15,0.0
01-09 18:30,0.0
01-09 18:45,0.0
01-09 19:00,0.0
01-09 19:15,0.0
01-09 19:30,0.0
01-09 19:45,0.0
01-09 20:00,0.0
01-09 20:15,0.0
01-09 20:30,0.0
01-09 20:45,0.0
01-09 21:00,0.0
01-09 21:15,0.0
01-09 21:30,0.0
01-09 21:45,0.0
01-09 22:00,0.0
01-09 22:15,0.0
01-09 22:30,0.0
01-09 22:45,0.0
01-09 23:00,0.0
01-09 23:15,0.0
01-09 23:30,0.0
01-09 23:45,0.0
01-10 00:00,0.0
01-10 00:15,0.0
01-10 00:30,0.0
01-10 00:45,0.0
01-10 01:00,0.0
01-10 01:15,0.0
01-10 01:30,0.0
01-10 01:45,0.0
01-10 02:00,0.0
01-10 02:15,0.0
01-10 02:30,0.0
01-10 02:45,0.0
01-10 03:00,0.0
01-10 03:15,0.0
01-10 03:30,0.0
01-10 03:45,0.0
01-10 04:00,0.0
01-10 04:15,0.0
01-10 04:30,0.0
01-10 04:45,0.0
01-10 05:00,0.0
01-10 05:15,0.0
01-10 05:30,0.0
01-10 05:45,0.0
01-10 06:00,0.0
01-10 06:15,0.0
01-10 06:30,0.0
01-10 06:45,0.0
01-10 07:00,0.0
01-10 07:15,0.0
01-10 07:30,0.0
01-10 07:45,0.0
01-10 08:00,0.0
01-10 08:15,0.0
01-10 08:30,0.0
01-10 08:45,0.0
01-10 09:00,0.0
01-10 09:15,0.0
01-10 09:30,0.0
01-10 09:45,0.0
01-10 10:00,0.0
01-10 10:15,3340.0921180428577
01-10 10:30,0.0
01-10 10:45,0.0
01-10 11:00,0.0
01-10 11:15,0.0
01-10 11:30,0.0
01-10 11:45,0.0
01-10 12:00,0.0
01-10 12:15,0.0
01-10 12:30,0.0
01-10 12:45,0.0
01-10 13:00,0.0
01-10 13:15,0.0
01-10 13:30,0.0
01-10 13:45,0.0
01-10 14:00,0.0
01-10 14:15,0.0
01-10 14:30,0.0
01-10 14:45,0.0
01-10 15:00,0.0
01-10 15:15,0.0
01-10 15:30,0.0
01-10 15:45,0.0
01-10 16:00,0.0
01-10 16:15,0.0
01-10 16:30,0.0
01-10 16:45,0.0
01-10 17:00,0.0
01-10 17:15,0.0
01-10 17:30,0.0
01-10 17:45,0.0
01-10 18:00,0.0
01-10 18:15,1367.449229414286
01-10 18:30,0.0
01-10 18:45,0.0
01-10 19:00,0.0
01-10 19:15,0.0
01-10 19:30,0.0
01-10 19:45,0.0
01-10 20:00,0.0
01-10 20:15,0.0
01-10 20:30,0.0
01-10 20:45,0.0
01-10 21:00,0.0
01-10 21:15,0.0
01-10 21:30,0.0
01-10 21:45,0.0
01-10 22:00,0.0
01-10 22:15,0.0
01-10 22:30,0.0
01-10 22:45,0.0
01-10 23:00,0.0
01-10 23:15,0.0
01-10 23:30,0.0
01-10 23:45,0.0
01-11 00:00,0.0
01-11 00:15,0.0
01-11 00:30,0.0
01-11 00:45,0.0
01-11 01:00,0.0
01-11 01:15,0.0
01-11 01:30,0.0
01-11 01:45,0.0
01-11 02:00,0.0
01-11 02:15,0.0
01-11 02:30,0.0
01-11 02:45,0.0
01-11 03:00,0.0
01-11 03:15,0.0
01-11 03:30,0.0
01-11 03:45,0.0
01-11 04:00,0.0
01-11 04:15,0.0
01-11 04:30,0.0
01-11 04:45,0.0
01-11 05:00,0.0
01-11 05:15,0.0
01-11 05:30,0.0
01-11 05:45,0.0
01-11 06:00,0.0
01-11 06:15,0.0
01-11 06:30,0.0
01-11 06:45,0.0
01-11 07:00,0.0
01-11 07:15,0.0
01-11 07:30,0.0
01-11 07:45,0.0
01-11 08:00,0.0
01-11 08:15,0.0
01-11 08:30,0.0
01-11 08:45,0.0
01-11 09:00,0.0
01-11 09:15,0.0
01-11 09:30,0.0
01-11 09:45,0.0
01-11 10:00,2724.0212378428573
01-11 10:15,0.0
01-11 10:30,0.0
01-11 10:45,2286.755663557143
01-11 11:00,0.0
01-11 11:15,0.0
01-11 11:30,0.0
01-11 11:45,0.0
01-11 12:00,0.0
01-11 12:15,0.0
01-11 12:30,0.0
01-11 12:45,0.0
01-11 13:00,0.0
01-11 13:15,0.0
01-11 13:30,0.0
01-11 13:45,0.0
01-11 14:00,0.0
01-11 14:15,0.0
01-11 14:30,0.0
01-11 14:45,0.0
01-11 15:00,0.0
01-11 15:15,0.0
01-11 15:30,0.0
01-11 15:45,0.0
01-11 16:00,0.0
01-11 16:15,0.0
01-11 16:30,0.0
01-11 16:45,0.0
01-11 17:00,0.0
01-11 17:15,0.0
01-11 17:30,0.0
01-11 17:45,0.0
01-11 18:00,0.0
01-11 18:15,0.0
01-11 18:30,0.0
01-11 18:45,0.0
01-11 19:00,0.0
01-11 19:15,0.0
01-11 19:30,0.0
01-11 19:45,0.0
01-11 20:00,0.0
01-11 20:15,0.0
01-11 20:30,0.0
01-11 20:45,0.0
01-11 21:00,0.0
01-11 21:15,0.0
01-11 21:30,0.0
01-11 21:45,0.0
01-11 22:00,0.0
01-11 22:15,0.0
01-11 22:30,0.0
01-11 22:45,0.0
01-11 23:00,0.0
01-11 23:15,0.0
01-11 23:30,0.0
01-11 23:45,0.0
01-12 00:00,0.0
01-12 00:15,0.0
01-12 00:30,0.0
01-12 00:45,0.0
01-12 01:00,0.0
01-12 01:15,0.0
01-12 01:30,0.0
01-12 01:45,0.0
01-12 02:00,0.0
01-12 02:15,0.0
01-12 02:30,0.0
01-12 02:45,0.0
01-12 03:00,0.0
01-12 03:15,0.0
01-12 03:30,0.0
01-12 03:45,0.0
01-12 04:00,0.0
01-12 04:15,0.0
01-12 04:30,0.0
01-12 04:45,0.0
01-12 05:00,0.0
01-12 05:15,0.0
01-12 05:30,0.0
01-12 05:45,0.0
01-12 06:00,0.0
01-12 06:15,0.0
01-12 06:30,6132.413399485716
01-12 06:45,0.0
01-12 07:00,0.0
01-12 07:15,0.0
01-12 07:30,0.0
01-12 07:45,0.0
01-12 08:00,0.0
01-12 08:15,0.0
01-12 08:30,0.0
01-12 08:45,0.0
01-12 09:00,0.0
01-12 09:15,0.0
01-12 09:30,0.0
01-12 09:45,0.0
01-12 10:00,0.0
01-12 10:15,0.0
01-12 10:30,0.0
01-12 10:45,0.0
01-12 11:00,0.0
01-12 11:15,0.0
01-12 11:30,0.0
01-12 11:45,0.0
01-12 12:00,0.0
01-12 12:15,0.0
01-12 12:30,0.0
01-12 12:45,0.0
01-12 13:00,0.0
01-12 13:15,0.0
01-12 13:30,0.0
01-12 13:45,0.0
01-12 14:00,0.0
01-12 14:15,0.0
01-12 14:30,0.0
01-12 14:45,0.0
01-12 15:00,0.0
01-12 15:15,0.0
01-12 15:30,0.0
01-12 15:45,3456.085051342857
01-12 16:00,1662.829522571429
01-12 16:15,0.0
01-12 16:30,0.0
01-12 16:45,4718.365092314287
01-12 17:00,0.0
01-12 17:15,0.0
01-12 17:30,1962.6316194714288
01-12 17:45,0.0
01-12 18:00,0.0
01-12 18:15,0.0
01-12 18:30,0.0
01-12 18:45,0.0
01-12 19:00,0.0
01-12 19:15,0.0
01-12 19:30,0.0
01-12 19:45,0.0
01-12 20:00,3183.6420638571435
01-12 20:15,0.0
01-12 20:30,0.0
01-12 20:45,0.0
01-12 21:00,0.0
01-12 21:15,0.0
01-12 21:30,0.0
01-12 21:45,0.0
01-12 22:00,0.0
01-12 22:15,0.0
01-12 22:30,0.0
01-12 22:45,0.0
01-12 23:00,0.0
01-12 23:15,0.0
01-12 23:30,0.0
01-12 23:45,0.0
01-13 00:00,0.0
01-13 00:15,0.0
01-13 00:30,0.0
01-13 00:45,0.0
01-13 01:00,1484.2857142857142
01-13 01:15,1484.2857142857142
01-13 01:30,1484.2857142857142
01-13 01:45,1484.2857142857142
01-13 02:00,811.3274150114285
01-13 02:15,0.0
01-13 02:30,0.0
01-13 02:45,0.0
01-13 03:00,0.0
01-13 03:15,0.0
01-13 03:30,0.0
01-13 03:45,0.0
01-13 04:00,0.0
01-13 04:15,0.0
01-13 04:30,0.0
01-13 04:45,0.0
01-13 05:00,0.0
01-13 05:15,0.0
01-13 05:30,0.0
01-13 05:45,0.0
01-13 06:00,0.0
01-13 06:15,0.0
01-13 06:30,0.0
01-13 06:45,0.0
01-13 07:00,0.0
01-13 07:15,0.0
01-13 07:30,0.0
01-13 07:45,0.0
01-13 08:00,0.0
01-13 08:15,0.0
01-13 08:30,0.0
01-13 08:45,0.0
01-13 09:00,0.0
01-13 09:15,0.0
01-13 09:30,0.0
01-13 09:45,2239.548234657143
01-13 10:00,0.0
01-13 10:15,0.0
01-13 10:30,0.0
01-13 10:45,0.0
01-13 11:00,0.0
01-13 11:15,0.0
01-13 11:30,0.0
01-13 11:45,0.0
01-13 12:00,0.0
01-13 12:15,0.0
01-13 12:30,0.0
01-13 12:45,0.0
01-13 13:00,0.0
01-13 13:15,0.0
01-13 13:30,0.0
01-13 13:45,0.0
01-13 14:00,1484.2857142857142
01-13 14:15,1484.2857142857142
01-13 14:30,2028.2642028
01-13 14:45,1484.2857142857142
01-13 15:00,0.0
01-13 15:15,2433.260829115714
01-13 15:30,0.0
01-13 15:45,704.6801518285291
01-13 16:00,1484.2857142857142
01-13 16:15,1484.2857142857142
01-13 16:30,1484.2857142857142
01-13 16:45,1977.4533193842856
01-13 17:00,0.0
01-13 17:15,0.0
01-13 17:30,0.0
01-13 17:45,0.0
01-13 18:00,0.0
01-13 18:15,0.0
01-13 18:30,0.0
01-13 18:45,0.0
01-13 19:00,0.0
01-13 19:15,0.0
01-13 19:30,2365.008549185715
01-13 19:45,0.0
01-13 20:00,2267.74677876
01-13 20:15,1484.2857142857142
01-13 20:30,1484.2857142857142
01-13 20:45,1484.2857142857142
01-13 21:00,1484.2857142857142
01-13 21:15,1484.2857142857142
01-13 21:30,1484.2857142857142
01-13 21:45,1484.2857142857142
01-13 22:00,0.0
01-13 22:15,0.0
01-13 22:30,0.0
01-13 22:45,0.0
01-13 23:00,1484.2857142857142
01-13 23:15,1714.3647807099996
01-13 23:30,1484.2857142857142
01-13 23:45,1484.2857142857142
01-14 00:00,1484.2857142857142
01-14 00:15,1484.2857142857142
01-14 00:30,1484.2857142857142
01-14 00:45,1484.2857142857142
01-14 01:00,1484.2857142857142
01-14 01:15,1484.2857142857142
01-14 01:30,1484.2857142857142
01-14 01:45,1484.2857142857142
01-14 02:00,1484.2857142857142
01-14 02:15,1484.2857142857142
01-14 02:30,1484.2857142857142
01-14 02:45,1484.2857142857142
01-14 03:00,1484.2857142857142
01-14 03:15,1484.2857142857142
01-14 03:30,1484.2857142857142
01-14 03:45,1484.2857142857142
01-14 04:00,1484.2857142857142
01-14 04:15,1484.2857142857142
01-14 04:30,1484.2857142857142
01-14 04:45,1484.2857142857142
01-14 05:00,0.0
01-14 05:15,0.0
01-14 05:30,0.0
01-14 05:45,0.0
01-14 06:00,0.0
01-14 06:15,0.0
01-14 06:30,0.0
01-14 06:45,0.0
01-14 07:00,0.0
01-14 07:15,0.0
01-14 07:30,0.0
01-14 07:45,0.0
01-14 08:00,0.0
01-14 08:15,0.0
01-14 08:30,0.0
01-14 08:45,0.0
01-14 09:00,0.0
01-14 09:15,1598.144841414286
01-14 09:30,0.0
01-14 09:45,0.0
01-14 10:00,0.0
01-14 10:15,2905.699094357143
01-14 10:30,0.0
01-14 10:45,0.0
01-14 11:00,0.0
01-14 11:15,0.0
01-14 11:30,0.0
01-14 11:45,0.0
01-14 12:00,2090.6994230428577
01-14 12:15,0.0
01-14 12:30,0.0
01-14 12:45,0.0
01-14 13:00,0.0
01-14 13:15,0.0
01-14 13:30,0.0
01-14 13:45,0.0
01-14 14:00,0.0
01-14 14:15,0.0
01-14 14:30,0.0
01-14 14:45,0.0
01-14 15:00,0.0
01-14 15:15,0.0
01-14 15:30,0.0
01-14 15:45,0.0
01-14 16:00,0.0
01-14 16:15,0.0
01-14 16:30,0.0
01-14 16:45,0.0
01-14 17:00,0.0
01-14 17:15,0.0
01-14 17:30,0.0
01-14 17:45,0.0
01-14 18:00,0.0
01-14 18:15,0.0
01-14 18:30,0.0
01-14 18:45,0.0
01-14 19:00,0.0
01-14 19:15,0.0
01-14 19:30,0.0
01-14 19:45,0.0
01-14 20:00,0.0
01-14 20:15,0.0
01-14 20:30,0.0
01-14 20:45,0.0
01-14 21:00,0.0
01-14 21:15,0.0
01-14 21:30,0.0
01-14 21:45,0.0
01-14 22:00,0.0
01-14 22:15,0.0
01-14 22:30,0.0
01-14 22:45,0.0
01-14 23:00,0.0
01-14 23:15,0.0
01-14 23:30,0.0
01-14 23:45,0.0
01-15 00:00,0.0
01-15 00:15,0.0
01-15 00:30,0.0
01-15 00:45,0.0
01-15 01:00,0.0
01-15 01:15,0.0
01-15 01:30,0.0
01-15 01:45,0.0
01-15 02:00,0.0
01-15 02:15,0.0
01-15 02:30,0.0
01-15 02:45,0.0
01-15 03:00,0.0
01-15 03:15,0.0
01-15 03:30,0.0
01-15 03:45,0.0
01-15 04:00,0.0
01-15 04:15,0.0
01-15 04:30,0.0
01-15 04:45,0.0
01-15 05:00,0.0
01-15 05:15,0.0
01-15 05:30,0.0
01-15 05:45,0.0
01-15 06:00,0.0
01-15 06:15,0.0
01-15 06:30,0.0
01-15 06:45,0.0
01-15 07:00,0.0
01-15 07:15,0.0
01-15 07:30,0.0
01-15 07:45,0.0
01-15 08:00,0.0
01-15 08:15,0.0
01-15 08:30,0.0
01-15 08:45,0.0
01-15 09:00,0.0
01-15 09:15,0.0
01-15 09:30,0.0
01-15 09:45,0.0
01-15 10:00,0.0
01-15 10:15,0.0
01-15 10:30,0.0
01-15 10:45,0.0
01-15 11:00,0.0
01-15 11:15,0.0
01-15 11:30,0.0
01-15 11:45,0.0
01-15 12:00,0.0
01-15 12:15,0.0
01-15 12:30,0.0
01-15 12:45,0.0
01-15 13:00,1710.7533176428576
01-15 13:15,0.0
01-15 13:30,0.0
01-15 13:45,0.0
01-15 14:00,0.0
01-15 14:15,0.0
01-15 14:30,0.0
01-15 14:45,0.0
01-15 15:00,0.0
01-15 15:15,0.0
01-15 15:30,0.0
01-15 15:45,0.0
01-15 16:00,0.0
01-15 16:15,0.0
01-15 16:30,0.0
01-15 16:45,0.0
01-15 17:00,0.0
01-15 17:15,0.0
01-15 17:30,0.0
01-15 17:45,0.0
01-15 18:00,0.0
01-15 18:15,0.0
01-15 18:30,0.0
01-15 18:45,0.0
01-15 19:00,0.0
01-15 19:15,0.0
01-15 19:30,0.0
01-15 19:45,0.0
01-15 20:00,0.0
01-15 20:15,0.0
01-15 20:30,0.0
01-15 20:45,0.0
01-15 21:00,0.0
01-15 21:15,0.0
01-15 21:30,0.0
01-15 21:45,0.0
01-15 22:00,0.0
01-15 22:15,0.0
01-15 22:30,0.0
01-15 22:45,0.0
01-15 23:00,0.0
01-15 23:15,0.0
01-15 23:30,0.0
01-15 23:45,0.0
01-16 00:00,1484.2857142857142
01-16 00:15,1484.2857142857142
01-16 00:30,1484.2857142857142
01-16 00:45,1484.2857142857142
01-16 01:00,0.0
01-16 01:15,1249.4767937699487
01-16 01:30,0.0
01-16 01:45,0.0
01-16 02:00,0.0
01-16 02:15,0.0
01-16 02:30,0.0
01-16 02:45,0.0
01-16 03:00,0.0
01-16 03:15,0.0
01-16 03:30,0.0
01-16 03:45,0.0
01-16 04:00,0.0
01-16 04:15,0.0
01-16 04:30,0.0
01-16 04:45,0.0
01-16 05:00,0.0
01-16 05:15,0.0
01-16 05:30,0.0
01-16 05:45,0.0
01-16 06:00,0.0
01-16 06:15,0.0
01-16 06:30,0.0
01-16 06:45,0.0
01-16 07:00,0.0
01-16 07:15,0.0
01-16 07:30,0.0
01-16 07:45,0.0
01-16 08:00,0.0
01-16 08:15,0.0
01-16 08:30,0.0
01-16 08:45,0.0
01-16 09:00,2708.154260328572
01-16 09:15,0.0
01-16 09:30,0.0
01-16 09:45,0.0
01-16 10:00,0.0
01-16 10:15,0.0
01-16 10:30,0.0
01-16 10:45,0.0
01-16 11:00,0.0
01-16 11:15,0.0
01-16 11:30,0.0
01-16 11:45,0.0
01-16 12:00,0.0
01-16 12:15,2942.8779377
01-16 12:30,0.0
01-16 12:45,0.0
01-16 13:00,0.0
01-16 13:15,0.0
01-16 13:30,0.0
01-16 13:45,0.0
01-16 14:00,0.0
01-16 14:15,0.0
01-16 14:30,0.0
01-16 14:45,0.0
01-16 15:00,939.8555363428574
01-16 15:15,0.0
01-16 15:30,0.0
01-16 15:45,0.0
01-16 16:00,0.0
01-16 16:15,0.0
01-16 16:30,0.0
01-16 16:45,0.0
01-16 17:00,0.0
01-16 17:15,0.0
01-16 17:30,0.0
01-16 17:45,2707.0326624142854
01-16 18:00,0.0
01-16 18:15,0.0
01-16 18:30,0.0
01-16 18:45,0.0
01-16 19:00,0.0
01-16 19:15,0.0
01-16 19:30,0.0
01-16 19:45,0.0
01-16 20:00,0.0
01-16 20:15,0.0
01-16 20:30,0.0
01-16 20:45,0.0
01-16 21:00,0.0
01-16 21:15,0.0
01-16 21:30,0.0
01-16 21:45,0.0
01-16 22:00,0.0
01-16 22:15,1671.216559171429
01-16 22:30,0.0
01-16 22:45,0.0
01-16 23:00,0.0
01-16 23:15,0.0
01-16 23:30,0.0
01-16 23:45,0.0
01-17 00:00,1484.2857142857142
01-17 00:15,1484.2857142857142
01-17 00:30,1484.2857142857142
01-17 00:45,1484.2857142857142
01-17 01:00,1484.2857142857142
01-17 01:15,1484.2857142857142
01-17 01:30,1484.2857142857142
01-17 01:45,1484.2857142857142
01-17 02:00,1484.2857142857142
01-17 02:15,1484.2857142857142
01-17 02:30,1484.2857142857142
01-17 02:45,1484.2857142857142
01-17 03:00,1484.2857142857142
01-17 03:15,1484.2857142857142
01-17 03:30,1484.2857142857142
01-17 03:45,1484.2857142857142
01-17 04:00,1484.2857142857142
01-17 04:15,1484.2857142857142
01-17 04:30,1484.2857142857142
01-17 04:45,1484.2857142857142
01-17 05:00,1484.2857142857142
01-17 05:15,1484.2857142857142
01-17 05:30,1484.2857142857142
01-17 05:45,1484.2857142857142
01-17 06:00,0.0
01-17 06:15,0.0
01-17 06:30,0.0
01-17 06:45,0.0
01-17 07:00,0.0
01-17 07:15,0.0
01-17 07:30,0.0
01-17 07:45,0.0
01-17 08:00,0.0
01-17 08:15,0.0
01-17 08:30,0.0
01-17 08:45,0.0
01-17 09:00,0.0
01-17 09:15,4804.698380714287
01-17 09:30,0.0
01-17 09:45,0.0
01-17 10:00,0.0
01-17 10:15,0.0
01-17 10:30,0.0
01-17 10:45,0.0
01-17 11:00,0.0
01-17 11:15,0.0
01-17 11:30,0.0
01-17 11:45,0.0
01-17 12:00,0.0
01-17 12:15,6169.344652728572
01-17 12:30,0.0
01-17 12:45,0.0
01-17 13:00,0.0
01-17 13:15,4921.384328242858
01-17 13:30,0.0
01-17 13:45,0.0
01-17 14:00,0.0
01-17 14:15,0.0
01-17 14:30,0.0
01-17 14:45,0.0
01-17 15:00,0.0
01-17 15:15,0.0
01-17 15:30,0.0
01-17 15:45,0.0
01-17 16:00,0.0
01-17 16:15,0.0
01-17 16:30,0.0
01-17 16:45,0.0
01-17 17:00,0.0
01-17 17:15,0.0
01-17 17:30,0.0
01-17 17:45,0.0
01-17 18:00,0.0
01-17 18:15,0.0
01-17 18:30,0.0
01-17 18:45,0.0
01-17 19:00,0.0
01-17 19:15,0.0
01-17 19:30,0.0
01-17 19:45,0.0
01-17 20:00,0.0
01-17 20:15,0.0
01-17 20:30,0.0
01-17 20:45,0.0
01-17 21:00,0.0
01-17 21:15,0.0
01-17 21:30,0.0
01-17 21:45,0.0
01-17 22:00,0.0
01-17 22:15,0.0
01-17 22:30,0.0
01-17 22:45,0.0
01-17 23:00,328.09080123699226
01-17 23:15,0.0
01-17 23:30,1849.7207036042853
01-17 23:45,1484.2857142857142
01-18 00:00,0.0
01-18 00:15,0.0
01-18 00:30,0.0
01-18 00:45,0.0
01-18 01:00,1484.2857142857142
01-18 01:15,1484.2857142857142
01-18 01:30,1484.2857142857142
01-18 01:45,1484.2857142857142
01-18 02:00,0.0
01-18 02:15,0.0
01-18 02:30,0.0
01-18 02:45,0.0
01-18 03:00,0.0
01-18 03:15,0.0
01-18 03:30,0.0
01-18 03:45,0.0
01-18 04:00,0.0
01-18 04:15,0.0
01-18 04:30,0.0
01-18 04:45,0.0
01-18 05:00,0.0
01-18 05:15,0.0
01-18 05:30,0.0
01-18 05:45,0.0
01-18 06:00,0.0
01-18 06:15,0.0
01-18 06:30,0.0
01-18 06:45,0.0
01-18 07:00,0.0
01-18 07:15,0.0
01-18 07:30,0.0
01-18 07:45,0.0
01-18 08:00,0.0
01-18 08:15,0.0
01-18 08:30,0.0
01-18 08:45,3358.2574424
01-18 09:00,0.0
01-18 09:15,0.0
01-18 09:30,0.0
01-18 09:45,0.0
01-18 10:00,0.0
01-18 10:15,0.0
01-18 10:30,4611.554203757143
01-18 10:45,0.0
01-18 11:00,0.0
01-18 11:15,0.0
01-18 11:30,0.0
01-18 11:45,0.0
01-18 12:00,0.0
01-18 12:15,0.0
01-18 12:30,0.0
01-18 12:45,0.0
01-18 13:00,0.0
01-18 13:15,0.0
01-18 13:30,0.0
01-18 13:45,0.0
01-18 14:00,0.0
01-18 14:15,0.0
01-18 14:30,0.0
01-18 14:45,3390.5361229714285
01-18 15:00,0.0
01-18 15:15,0.0
01-18 15:30,2230.7844066
01-18 15:45,2752.598804385714
01-18 16:00,2290.693029614286
01-18 16:15,1331.9952587428577
01-18 16:30,0.0
01-18 16:45,2966.735463757143
01-18 17:00,0.0
01-18 17:15,0.0
01-18 17:30,0.0
01-18 17:45,0.0
01-18 18:00,0.0
01-18 18:15,0.0
01-18 18:30,0.0
01-18 18:45,0.0
01-18 19:00,0.0
01-18 19:15,0.0
01-18 19:30,0.0
01-18 19:45,0.0
01-18 20:00,0.0
01-18 20:15,0.0
01-18 20:30,0.0
01-18 20:45,0.0
01-18 21:00,0.0
01-18 21:15,0.0
01-18 21:30,0.0
01-18 21:45,0.0
01-18 22:00,0.0
01-18 22:15,0.0
01-18 22:30,0.0
01-18 22:45,0.0
01-18 23:00,0.0
01-18 23:15,0.0
01-18 23:30,0.0
01-18 23:45,0.0
01-19 00:00,0.0
01-19 00:15,0.0
01-19 00:30,0.0
01-19 00:45,0.0
01-19 01:00,0.0
01-19 01:15,0.0
01-19 01:30,0.0
01-19 01:45,0.0
01-19 02:00,0.0
01-19 02:15,0.0
01-19 02:30,0.0
01-19 02:45,0.0
01-19 03:00,0.0
01-19 03:15,0.0
01-19 03:30,0.0
01-19 03:45,0.0
01-19 04:00,0.0
01-19 04:15,0.0
01-19 04:30,0.0
01-19 04:45,0.0
01-19 05:00,0.0
01-19 05:15,0.0
01-19 05:30,0.0
01-19 05:45,0.0
01-19 06:00,0.0
01-19 06:15,0.0
01-19 06:30,0.0
01-19 06:45,0.0
01-19 07:00,0.0
01-19 07:15,0.0
01-19 07:30,0.0
01-19 07:45,0.0
01-19 08:00,0.0
01-19 08:15,0.0
01-19 08:30,0.0
01-19 08:45,0.0
01-19 09:00,0.0
01-19 09:15,0.0
01-19 09:30,0.0
01-19 09:45,0.0
01-19 10:00,0.0
01-19 10:15,0.0
01-19 10:30,0.0
01-19 10:45,4275.211941742858
01-19 11:00,0.0
01-19 11:15,0.0
01-19 11:30,0.0
01-19 11:45,0.0
01-19 12:00,0.0
01-19 12:15,0.0
01-19 12:30,0.0
01-19 12:45,0.0
01-19 13:00,0.0
01-19 13:15,0.0
01-19 13:30,0.0
01-19 13:45,0.0
01-19 14:00,0.0
01-19 14:15,0.0
01-19 14:30,0.0
01-19 14:45,0.0
01-19 15:00,0.0
01-19 15:15,0.0
01-19 15:30,0.0
01-19 15:45,0.0
01-19 16:00,0.0
01-19 16:15,0.0
01-19 16:30,0.0
01-19 16:45,0.0
01-19 17:00,0.0
01-19 17:15,0.0
01-19 17:30,0.0
01-19 17:45,0.0
01-19 18:00,0.0
01-19 18:15,0.0
01-19 18:30,0.0
01-19 18:45,1054.861896614286
01-19 19:00,0.0
01-19 19:15,0.0
01-19 19:30,0.0
01-19 19:45,0.0
01-19 20:00,0.0
01-19 20:15,0.0
01-19 20:30,0.0
01-19 20:45,0.0
01-19 21:00,0.0
01-19 21:15,0.0
01-19 21:30,0.0
01-19 21:45,0.0
01-19 22:00,0.0
01-19 22:15,0.0
01-19 22:30,0.0
01-19 22:45,0.0
01-19 23:00,0.0
01-19 23:15,0.0
01-19 23:30,0.0
01-19 23:45,0.0
01-20 00:00,1484.2857142857142
01-20 00:15,1484.2857142857142
01-20 00:30,1484.2857142857142
01-20 00:45,1484.2857142857142
01-20 01:00,1484.2857142857142
01-20 01:15,1484.2857142857142
01-20 01:30,1484.2857142857142
01-20 01:45,1484.2857142857142
01-20 02:00,1484.2857142857142
01-20 02:15,1484.2857142857142
01-20 02:30,1484.2857142857142
01-20 02:45,1484.2857142857142
01-20 03:00,1484.2857142857142
01-20 03:15,1484.2857142857142
01-20 03:30,1484.2857142857142
01-20 03:45,1484.2857142857142
01-20 04:00,0.0
01-20 04:15,0.0
01-20 04:30,0.0
01-20 04:45,0.0
01-20 05:00,0.0
01-20 05:15,0.0
01-20 05:30,0.0
01-20 05:45,0.0
01-20 06:00,2144.1347270171427
01-20 06:15,2566.625147498571
01-20 06:30,1484.2857142857142
01-20 06:45,1484.2857142857142
01-20 07:00,1484.2857142857142
01-20 07:15,2444.0141895014285
01-20 07:30,1484.2857142857142
01-20 07:45,1484.2857142857142
01-20 08:00,0.0
01-20 08:15,0.0
01-20 08:30,0.0
01-20 08:45,4593.070286957143
01-20 09:00,0.0
01-20 09:15,0.0
01-20 09:30,0.0
01-20 09:45,3175.8778086
01-20 10:00,0.0
01-20 10:15,0.0
01-20 10:30,0.0
01-20 10:45,0.0
01-20 11:00,0.0
01-20 11:15,0.0
01-20 11:30,0.0
01-20 11:45,0.0
01-20 12:00,0.0
01-20 12:15,0.0
01-20 12:30,255.64978470140235
01-20 12:45,0.0
01-20 13:00,1484.2857142857142
01-20 13:15,2248.401015388571
01-20 13:30,1484.2857142857142
01-20 13:45,1484.2857142857142
01-20 14:00,0.0
01-20 14:15,0.0
01-20 14:30,0.0
01-20 14:45,0.0
01-20 15:00,0.0
01-20 15:15,2052.9930268142857
01-20 15:30,0.0
01-20 15:45,0.0
01-20 16:00,0.0
01-20 16:15,0.0
01-20 16:30,0.0
01-20 16:45,0.0
01-20 17:00,0.0
01-20 17:15,0.0
01-20 17:30,2268.6575317714287
01-20 17:45,0.0
01-20 18:00,4120.137129571428
01-20 18:15,0.0
01-20 18:30,0.0
01-20 18:45,0.0
01-20 19:00,0.0
01-20 19:15,0.0
01-20 19:30,0.0
01-20 19:45,0.0
01-20 20:00,0.0
01-20 20:15,0.0
01-20 20:30,0.0
01-20 20:45,0.0
01-20 21:00,0.0
01-20 21:15,0.0
01-20 21:30,0.0
01-20 21:45,0.0
01-20 22:00,0.0
01-20 22:15,0.0
01-20 22:30,0.0
01-20 22:45,0.0
01-20 23:00,0.0
01-20 23:15,0.0
01-20 23:30,0.0
01-20 23:45,0.0
01-21 00:00,0.0
01-21 00:15,0.0
01-21 00:30,0.0
01-21 00:45,0.0
01-21 01:00,0.0
01-21 01:15,0.0
01-21 01:30,0.0
01-21 01:45,0.0
01-21 02:00,0.0
01-21 02:15,0.0
01-21 02:30,0.0
01-21 02:45,0.0
01-21 03:00,1277.6343250914329
01-21 03:15,0.0
01-21 03:30,0.0
01-21 03:45,0.0
01-21 04:00,1484.2857142857142
01-21 04:15,1484.2857142857142
01-21 04:30,1484.2857142857142
01-21 04:45,1484.2857142857142
01-21 05:00,0.0
01-21 05:15,0.0
01-21 05:30,0.0
01-21 05:45,0.0
01-21 06:00,0.0
01-21 06:15,0.0
01-21 06:30,0.0
01-21 06:45,0.0
01-21 07:00,0.0
01-21 07:15,0.0
01-21 07:30,0.0
01-21 07:45,0.0
01-21 08:00,0.0
01-21 08:15,1379.1383403
01-21 08:30,0.0
01-21 08:45,0.0
01-21 09:00,0.0
01-21 09:15,0.0
01-21 09:30,0.0
01-21 09:45,0.0
01-21 10:00,0.0
01-21 10:15,0.0
01-21 10:30,0.0
01-21 10:45,0.0
01-21 11:00,0.0
01-21 11:15,0.0
01-21 11:30,0.0
01-21 11:45,0.0
01-21 12:00,0.0
01-21 12:15,0.0
01-21 12:30,2762.842584428572
01-21 12:45,0.0
01-21 13:00,1023.3207182285716
01-21 13:15,0.0
01-21 13:30,0.0
01-21 13:45,0.0
01-21 14:00,0.0
01-21 14:15,0.0
01-21 14:30,0.0
01-21 14:45,0.0
01-21 15:00,0.0
01-21 15:15,0.0
01-21 15:30,0.0
01-21 15:45,0.0
01-21 16:00,0.0
01-21 16:15,0.0
01-21 16:30,3034.623307042857
01-21 16:45,0.0
01-21 17:00,0.0
01-21 17:15,0.0
01-21 17:30,0.0
01-21 17:45,0.0
01-21 18:00,0.0
01-21 18:15,0.0
01-21 18:30,3980.966004385714
01-21 18:45,0.0
01-21 19:00,0.0
01-21 19:15,0.0
01-21 19:30,0.0
01-21 19:45,0.0
01-21 20:00,0.0
01-21 20:15,0.0
01-21 20:30,0.0
01-21 20:45,0.0
01-21 21:00,0.0
01-21 21:15,0.0
01-21 21:30,0.0
01-21 21:45,0.0
01-21 22:00,0.0
01-21 22:15,0.0
01-21 22:30,0.0
01-21 22:45,0.0
01-21 23:00,0.0
01-21 23:15,0.0
01-21 23:30,0.0
01-21 23:45,0.0
01-22 00:00,0.0
01-22 00:15,0.0
01-22 00:30,0.0
01-22 00:45,0.0
01-22 01:00,0.0
01-22 01:15,0.0
01-22 01:30,0.0
01-22 01:45,0.0
01-22 02:00,0.0
01-22 02:15,0.0
01-22 02:30,0.0
01-22 02:45,0.0
01-22 03:00,1484.2857142857142
01-22 03:15,1484.2857142857142
01-22 03:30,1484.2857142857142
01-22 03:45,1264.313477924282
01-22 04:00,1484.2857142857142
01-22 04:15,1484.2857142857142
01-22 04:30,1896.0641469714285
01-22 04:45,1484.2857142857142
01-22 05:00,0.0
01-22 05:15,0.0
01-22 05:30,0.0
01-22 05:45,0.0
01-22 06:00,0.0
01-22 06:15,0.0
01-22 06:30,0.0
01-22 06:45,0.0
01-22 07:00,0.0
01-22 07:15,0.0
01-22 07:30,0.0
01-22 07:45,0.0
01-22 08:00,0.0
01-22 08:15,0.0
01-22 08:30,0.0
01-22 08:45,0.0
01-22 09:00,0.0
01-22 09:15,0.0
01-22 09:30,0.0
01-22 09:45,0.0
01-22 10:00,0.0
01-22 10:15,0.0
01-22 10:30,0.0
01-22 10:45,0.0
01-22 11:00,0.0
01-22 11:15,4854.949489800001
01-22 11:30,0.0
01-22 11:45,0.0
01-22 12:00,0.0
01-22 12:15,0.0
01-22 12:30,0.0
01-22 12:45,0.0
01-22 13:00,0.0
01-22 13:15,0.0
01-22 13:30,0.0
01-22 13:45,0.0
01-22 14:00,0.0
01-22 14:15,3313.050869271429
01-22 14:30,0.0
01-22 14:45,0.0
01-22 15:00,0.0
01-22 15:15,0.0
01-22 15:30,0.0
01-22 15:45,0.0
01-22 16:00,0.0
01-22 16:15,0.0
01-22 16:30,0.0
01-22 16:45,403.72015601428575
01-22 17:00,5147.816829814286
01-22 17:15,0.0
01-22 17:30,0.0
01-22 17:45,0.0
01-22 18:00,0.0
01-22 18:15,0.0
01-22 18:30,0.0
01-22 18:45,0.0
01-22 19:00,0.0
01-22 19:15,0.0
01-22 19:30,0.0
01-22 19:45,0.0
01-22 20:00,0.0
01-22 20:15,0.0
01-22 20:30,0.0
01-22 20:45,0.0
01-22 21:00,0.0
01-22 21:15,0.0
01-22 21:30,0.0
01-22 21:45,0.0
01-22 22:00,0.0
01-22 22:15,0.0
01-22 22:30,0.0
01-22 22:45,0.0
01-22 23:00,0.0
01-22 23:15,0.0
01-22 23:30,0.0
01-22 23:45,0.0
01-23 00:00,0.0
01-23 00:15,0.0
01-23 00:30,0.0
01-23 00:45,0.0
01-23 01:00,0.0
01-23 01:15,0.0
01-23 01:30,0.0
01-23 01:45,0.0
01-23 02:00,0.0
01-23 02:15,0.0
01-23 02:30,0.0
01-23 02:45,0.0
01-23 03:00,1484.2857142857142
01-23 03:15,1484.2857142857142
01-23 03:30,1484.2857142857142
01-23 03:45,1976.5297211542857
01-23 04:00,1484.2857142857142
01-23 04:15,1484.2857142857142
01-23 04:30,1484.2857142857142
01-23 04:45,1484.2857142857142
01-23 05:00,0.0
01-23 05:15,0.0
01-23 05:30,0.0
01-23 05:45,0.0
01-23 06:00,0.0
01-23 06:15,0.0
01-23 06:30,0.0
01-23 06:45,0.0
01-23 07:00,0.0
01-23 07:15,0.0
01-23 07:30,0.0
01-23 07:45,0.0
01-23 08:00,0.0
01-23 08:15,0.0
01-23 08:30,0.0
01-23 08:45,0.0
01-23 09:00,0.0
01-23 09:15,0.0
01-23 09:30,0.0
01-23 09:45,0.0
01-23 10:00,0.0
01-23 10:15,0.0
01-23 10:30,0.0
01-23 10:45,1818.2857547
01-23 11:00,0.0
01-23 11:15,0.0
01-23 11:30,0.0
01-23 11:45,0.0
01-23 12:00,0.0
01-23 12:15,0.0
01-23 12:30,0.0
01-23 12:45,0.0
01-23 13:00,0.0
01-23 13:15,0.0
01-23 13:30,0.0
01-23 13:45,0.0
01-23 14:00,0.0
01-23 14:15,5997.441809085714
01-23 14:30,2530.601493414286
01-23 14:45,0.0
01-23 15:00,0.0
01-23 15:15,0.0
01-23 15:30,0.0
01-23 15:45,0.0
01-23 16:00,0.0
01-23 16:15,0.0
01-23 16:30,0.0
01-23 16:45,0.0
01-23 17:00,0.0
01-23 17:15,1550.6935211142863
01-23 17:30,3174.1763662857143
01-23 17:45,0.0
01-23 18:00,2530.541749628572
01-23 18:15,0.0
01-23 18:30,0.0
01-23 18:45,0.0
01-23 19:00,0.0
01-23 19:15,0.0
01-23 19:30,0.0
01-23 19:45,0.0
01-23 20:00,0.0
01-23 20:15,0.0
01-23 20:30,0.0
01-23 20:45,0.0
01-23 21:00,0.0
01-23 21:15,0.0
01-23 21:30,0.0
01-23 21:45,0.0
01-23 22:00,0.0
01-23 22:15,0.0
01-23 22:30,0.0
01-23 22:45,0.0
01-23 23:00,0.0
01-23 23:15,0.0
01-23 23:30,0.0
01-23 23:45,0.0
01-24 00:00,0.0
01-24 00:15,0.0
01-24 00:30,0.0
01-24 00:45,0.0
01-24 01:00,0.0
01-24 01:15,0.0
01-24 01:30,0.0
01-24 01:45,0.0
01-24 02:00,0.0
01-24 02:15,0.0
01-24 02:30,0.0
01-24 02:45,0.0
01-24 03:00,0.0
01-24 03:15,0.0
01-24 03:30,0.0
01-24 03:45,0.0
01-24 04:00,0.0
01-24 04:15,2236.886591342857
01-24 04:30,0.0
01-24 04:45,0.0
01-24 05:00,0.0
01-24 05:15,0.0
01-24 05:30,0.0
01-24 05:45,0.0
01-24 06:00,0.0
01-24 06:15,0.0
01-24 06:30,0.0
01-24 06:45,0.0
01-24 07:00,0.0
01-24 07:15,0.0
01-24 07:30,0.0
01-24 07:45,0.0
01-24 08:00,0.0
01-24 08:15,0.0
01-24 08:30,0.0
01-24 08:45,0.0
01-24 09:00,0.0
01-24 09:15,0.0
01-24 09:30,0.0
01-24 09:45,0.0
01-24 10:00,0.0
01-24 10:15,0.0
01-24 10:30,0.0
01-24 10:45,0.0
01-24 11:00,0.0
01-24 11:15,1608.218688285714
01-24 11:30,0.0
01-24 11:45,2873.0664874571435
01-24 12:00,0.0
01-24 12:15,0.0
01-24 12:30,0.0
01-24 12:45,0.0
01-24 13:00,0.0
01-24 13:15,3599.171430342857
01-24 13:30,0.0
01-24 13:45,0.0
01-24 14:00,0.0
01-24 14:15,0.0
01-24 14:30,0.0
01-24 14:45,0.0
01-24 15:00,2402.670184414286
01-24 15:15,0.0
01-24 15:30,110.31451165714292
01-24 15:45,0.0
01-24 16:00,0.0
01-24 16:15,0.0
01-24 16:30,0.0
01-24 16:45,0.0
01-24 17:00,0.0
01-24 17:15,0.0
01-24 17:30,0.0
01-24 17:45,0.0
01-24 18:00,0.0
01-24 18:15,0.0
01-24 18:30,2629.5280702428568
01-24 18:45,0.0
01-24 19:00,0.0
01-24 19:15,0.0
01-24 19:30,0.0
01-24 19:45,0.0
01-24 20:00,0.0
01-24 20:15,0.0
01-24 20:30,0.0
01-24 20:45,0.0
01-24 21:00,0.0
01-24 21:15,0.0
01-24 21:30,0.0
01-24 21:45,0.0
01-24 22:00,0.0
01-24 22:15,0.0
01-24 22:30,0.0
01-24 22:45,0.0
01-24 23:00,0.0
01-24 23:15,0.0
01-24 23:30,0.0
01-24 23:45,0.0
01-25 00:00,0.0
01-25 00:15,0.0
01-25 00:30,0.0
01-25 00:45,0.0
01-25 01:00,0.0
01-25 01:15,0.0
01-25 01:30,0.0
01-25 01:45,0.0
01-25 02:00,0.0
01-25 02:15,0.0
01-25 02:30,0.0
01-25 02:45,0.0
01-25 03:00,0.0
01-25 03:15,0.0
01-25 03:30,0.0
01-25 03:45,0.0
01-25 04:00,0.0
01-25 04:15,0.0
01-25 04:30,0.0
01-25 04:45,0.0
01-25 05:00,0.0
01-25 05:15,0.0
01-25 05:30,0.0
01-25 05:45,0.0
01-25 06:00,0.0
01-25 06:15,0.0
01-25 06:30,0.0
01-25 06:45,0.0
01-25 07:00,0.0
01-25 07:15,0.0
01-25 07:30,0.0
01-25 07:45,0.0
01-25 08:00,0.0
01-25 08:15,0.0
01-25 08:30,0.0
01-25 08:45,0.0
01-25 09:00,0.0
01-25 09:15,0.0
01-25 09:30,0.0
01-25 09:45,0.0
01-25 10:00,0.0
01-25 10:15,0.0
01-25 10:30,2774.0317808857144
01-25 10:45,0.0
01-25 11:00,0.0
01-25 11:15,0.0
01-25 11:30,0.0
01-25 11:45,0.0
01-25 12:00,0.0
01-25 12:15,0.0
01-25 12:30,0.0
01-25 12:45,0.0
01-25 13:00,0.0
01-25 13:15,0.0
01-25 13:30,2818.961927485714
01-25 13:45,0.0
01-25 14:00,0.0
01-25 14:15,0.0
01-25 14:30,0.0
01-25 14:45,0.0
01-25 15:00,0.0
01-25 15:15,0.0
01-25 15:30,0.0
01-25 15:45,0.0
01-25 16:00,0.0
01-25 16:15,0.0
01-25 16:30,0.0
01-25 16:45,0.0
01-25 17:00,0.0
01-25 17:15,756.264901257143
01-25 17:30,0.0
01-25 17:45,0.0
01-25 18:00,0.0
01-25 18:15,0.0
01-25 18:30,0.0
01-25 18:45,0.0
01-25 19:00,0.0
01-25 19:15,0.0
01-25 19:30,0.0
01-25 19:45,0.0
01-25 20:00,302.8727994057143
01-25 20:15,0.0
01-25 20:30,739.75633849
01-25 20:45,0.0
01-25 21:00,0.0
01-25 21:15,0.0
01-25 21:30,0.0
01-25 21:45,0.0
01-25 22:00,0.0
01-25 22:15,0.0
01-25 22:30,0.0
01-25 22:45,0.0
01-25 23:00,0.0
01-25 23:15,0.0
01-25 23:30,0.0
01-25 23:45,0.0
01-26 00:00,0.0
01-26 00:15,0.0
01-26 00:30,0.0
01-26 00:45,0.0
01-26 01:00,0.0
01-26 01:15,0.0
01-26 01:30,0.0
01-26 01:45,0.0
01-26 02:00,0.0
01-26 02:15,0.0
01-26 02:30,0.0
01-26 02:45,0.0
01-26 03:00,0.0
01-26 03:15,0.0
01-26 03:30,0.0
01-26 03:45,0.0
01-26 04:00,0.0
01-26 04:15,0.0
01-26 04:30,0.0
01-26 04:45,0.0
01-26 05:00,1484.2857142857142
01-26 05:15,1484.2857142857142
01-26 05:30,1484.2857142857142
01-26 05:45,1484.2857142857142
01-26 06:00,1932.8766434114311
01-26 06:15,1484.2857142857142
01-26 06:30,1484.2857142857142
01-26 06:45,1484.2857142857142
01-26 07:00,0.0
01-26 07:15,4957.500306828572
01-26 07:30,0.0
01-26 07:45,0.0
01-26 08:00,0.0
01-26 08:15,0.0
01-26 08:30,0.0
01-26 08:45,0.0
01-26 09:00,0.0
01-26 09:15,0.0
01-26 09:30,0.0
01-26 09:45,0.0
01-26 10:00,0.0
01-26 10:15,0.0
01-26 10:30,0.0
01-26 10:45,0.0
01-26 11:00,0.0
01-26 11:15,1079.016247614286
01-26 11:30,0.0
01-26 11:45,0.0
01-26 12:00,0.0
01-26 12:15,0.0
01-26 12:30,0.0
01-26 12:45,0.0
01-26 13:00,0.0
01-26 13:15,0.0
01-26 13:30,0.0
01-26 13:45,0.0
01-26 14:00,0.0
01-26 14:15,0.0
01-26 14:30,0.0
01-26 14:45,0.0
01-26 15:00,0.0
01-26 15:15,0.0
01-26 15:30,0.0
01-26 15:45,0.0
01-26 16:00,0.0
01-26 16:15,0.0
01-26 16:30,0.0
01-26 16:45,0.0
01-26 17:00,0.0
01-26 17:15,0.0
01-26 17:30,0.0
01-26 17:45,0.0
01-26 18:00,0.0
01-26 18:15,0.0
01-26 18:30,0.0
01-26 18:45,0.0
01-26 19:00,0.0
01-26 19:15,0.0
01-26 19:30,0.0
01-26 19:45,0.0
01-26 20:00,0.0
01-26 20:15,0.0
01-26 20:30,3271.2001198857142
01-26 20:45,0.0
01-26 21:00,0.0
01-26 21:15,0.0
01-26 21:30,0.0
01-26 21:45,0.0
01-26 22:00,0.0
01-26 22:15,0.0
01-26 22:30,0.0
01-26 22:45,0.0
01-26 23:00,0.0
01-26 23:15,0.0
01-26 23:30,0.0
01-26 23:45,0.0
01-27 00:00,1484.2857142857142
01-27 00:15,1484.2857142857142
01-27 00:30,1484.2857142857142
01-27 00:45,1484.2857142857142
01-27 01:00,1484.2857142857142
01-27 01:15,1484.2857142857142
01-27 01:30,1484.2857142857142
01-27 01:45,1484.2857142857142
01-27 02:00,1484.2857142857142
01-27 02:15,1484.2857142857142
01-27 02:30,1484.2857142857142
01-27 02:45,1484.2857142857142
01-27 03:00,1484.2857142857142
01-27 03:15,1484.2857142857142
01-27 03:30,1484.2857142857142
01-27 03:45,1484.2857142857142
01-27 04:00,1484.2857142857142
01-27 04:15,1484.2857142857142
01-27 04:30,1484.2857142857142
01-27 04:45,1484.2857142857142
01-27 05:00,1484.2857142857142
01-27 05:15,1484.2857142857142
01-27 05:30,1484.2857142857142
01-27 05:45,2123.381395824286
01-27 06:00,1484.2857142857142
01-27 06:15,1997.958534818572
01-27 06:30,1484.2857142857142
01-27 06:45,1484.2857142857142
01-27 07:00,1902.50892469
01-27 07:15,1484.2857142857142
01-27 07:30,1484.2857142857142
01-27 07:45,1484.2857142857142
01-27 08:00,4849.584947914286
01-27 08:15,2396.0128742457136
01-27 08:30,2127.6125595857143
01-27 08:45,1484.2857142857142
01-27 09:00,0.0
01-27 09:15,739.9999999999603
01-27 09:30,1484.2857142857142
01-27 09:45,1484.2857142857142
01-27 10:00,0.0
01-27 10:15,0.0
01-27 10:30,0.0
01-27 10:45,0.0
01-27 11:00,0.0
01-27 11:15,0.0
01-27 11:30,0.0
01-27 11:45,0.0
01-27 12:00,0.0
01-27 12:15,0.0
01-27 12:30,0.0
01-27 12:45,0.0
01-27 13:00,0.0
01-27 13:15,0.0
01-27 13:30,0.0
01-27 13:45,0.0
01-27 14:00,0.0
01-27 14:15,0.0
01-27 14:30,2675.578703757143
01-27 14:45,0.0
01-27 15:00,0.0
01-27 15:15,0.0
01-27 15:30,0.0
01-27 15:45,0.0
01-27 16:00,0.0
01-27 16:15,0.0
01-27 16:30,0.0
01-27 16:45,0.0
01-27 17:00,0.0
01-27 17:15,0.0
01-27 17:30,0.0
01-27 17:45,4833.445921542857
01-27 18:00,0.0
01-27 18:15,0.0
01-27 18:30,0.0
01-27 18:45,0.0
01-27 19:00,0.0
01-27 19:15,0.0
01-27 19:30,0.0
01-27 19:45,0.0
01-27 20:00,0.0
01-27 20:15,0.0
01-27 20:30,0.0
01-27 20:45,0.0
01-27 21:00,0.0
01-27 21:15,0.0
01-27 21:30,0.0
01-27 21:45,0.0
01-27 22:00,0.0
01-27 22:15,0.0
01-27 22:30,0.0
01-27 22:45,0.0
01-27 23:00,0.0
01-27 23:15,0.0
01-27 23:30,0.0
01-27 23:45,0.0
01-28 00:00,0.0
01-28 00:15,0.0
01-28 00:30,0.0
01-28 00:45,0.0
01-28 01:00,0.0
01-28 01:15,0.0
01-28 01:30,0.0
01-28 01:45,0.0
01-28 02:00,0.0
01-28 02:15,0.0
01-28 02:30,0.0
01-28 02:45,0.0
01-28 03:00,1484.2857142857142
01-28 03:15,1484.2857142857142
01-28 03:30,1484.2857142857142
01-28 03:45,1484.2857142857142
01-28 04:00,0.0
01-28 04:15,1330.995003197129
01-28 04:30,0.0
01-28 04:45,1484.2857142857142
01-28 05:00,0.0
01-28 05:15,0.0
01-28 05:30,0.0
01-28 05:45,560.0536845414235
01-28 06:00,0.0
01-28 06:15,0.0
01-28 06:30,0.0
01-28 06:45,0.0
01-28 07:00,0.0
01-28 07:15,0.0
01-28 07:30,3790.3335585
01-28 07:45,3758.394589985715
01-28 08:00,0.0
01-28 08:15,0.0
01-28 08:30,0.0
01-28 08:45,0.0
01-28 09:00,0.0
01-28 09:15,0.0
01-28 09:30,0.0
01-28 09:45,0.0
01-28 10:00,0.0
01-28 10:15,0.0
01-28 10:30,0.0
01-28 10:45,0.0
01-28 11:00,0.0
01-28 11:15,0.0
01-28 11:30,0.0
01-28 11:45,0.0
01-28 12:00,0.0
01-28 12:15,0.0
01-28 12:30,0.0
01-28 12:45,633.300425657143
01-28 13:00,9962.27621584286
01-28 13:15,0.0
01-28 13:30,0.0
01-28 13:45,0.0
01-28 14:00,0.0
01-28 14:15,0.0
01-28 14:30,0.0
01-28 14:45,0.0
01-28 15:00,0.0
01-28 15:15,67.88543827142858
01-28 15:30,0.0
01-28 15:45,0.0
01-28 16:00,7764.332348157143
01-28 16:15,0.0
01-28 16:30,0.0
01-28 16:45,0.0
01-28 17:00,0.0
01-28 17:15,0.0
01-28 17:30,0.0
01-28 17:45,0.0
01-28 18:00,0.0
01-28 18:15,0.0
01-28 18:30,0.0
01-28 18:45,0.0
01-28 19:00,0.0
01-28 19:15,0.0
01-28 19:30,0.0
01-28 19:45,0.0
01-28 20:00,0.0
01-28 20:15,0.0
01-28 20:30,0.0
01-28 20:45,0.0
01-28 21:00,0.0
01-28 21:15,0.0
01-28 21:30,0.0
01-28 21:45,0.0
01-28 22:00,0.0
01-28 22:15,0.0
01-28 22:30,0.0
01-28 22:45,0.0
01-28 23:00,0.0
01-28 23:15,0.0
01-28 23:30,0.0
01-28 23:45,0.0
01-29 00:00,0.0
01-29 00:15,0.0
01-29 00:30,0.0
01-29 00:45,0.0
01-29 01:00,0.0
01-29 01:15,0.0
01-29 01:30,0.0
01-29 01:45,0.0
01-29 02:00,0.0
01-29 02:15,0.0
01-29 02:30,0.0
01-29 02:45,0.0
01-29 03:00,0.0
01-29 03:15,0.0
01-29 03:30,0.0
01-29 03:45,0.0
01-29 04:00,0.0
01-29 04:15,0.0
01-29 04:30,0.0
01-29 04:45,0.0
01-29 05:00,0.0
01-29 05:15,0.0
01-29 05:30,0.0
01-29 05:45,0.0
01-29 06:00,0.0
01-29 06:15,0.0
01-29 06:30,0.0
01-29 06:45,0.0
01-29 07:00,0.0
01-29 07:15,0.0
01-29 07:30,0.0
01-29 07:45,0.0
01-29 08:00,0.0
01-29 08:15,3650.280599514285
01-29 08:30,0.0
01-29 08:45,0.0
01-29 09:00,0.0
01-29 09:15,0.0
01-29 09:30,0.0
01-29 09:45,0.0
01-29 10:00,0.0
01-29 10:15,3578.4351253142863
01-29 10:30,0.0
01-29 10:45,4692.837126742857
01-29 11:00,0.0
01-29 11:15,0.0
01-29 11:30,0.0
01-29 11:45,1604.2535697999997
01-29 12:00,0.0
01-29 12:15,0.0
01-29 12:30,0.0
01-29 12:45,0.0
01-29 13:00,0.0
01-29 13:15,0.0
01-29 13:30,0.0
01-29 13:45,0.0
01-29 14:00,0.0
01-29 14:15,10905.780012342855
01-29 14:30,0.0
01-29 14:45,0.0
01-29 15:00,0.0
01-29 15:15,3845.5455404428576
01-29 15:30,0.0
01-29 15:45,0.0
01-29 16:00,0.0
01-29 16:15,0.0
01-29 16:30,0.0
01-29 16:45,0.0
01-29 17:00,0.0
01-29 17:15,0.0
01-29 17:30,0.0
01-29 17:45,0.0
01-29 18:00,0.0
01-29 18:15,0.0
01-29 18:30,0.0
01-29 18:45,0.0
01-29 19:00,0.0
01-29 19:15,0.0
01-29 19:30,0.0
01-29 19:45,0.0
01-29 20:00,0.0
01-29 20:15,0.0
01-29 20:30,0.0
01-29 20:45,0.0
01-29 21:00,0.0
01-29 21:15,0.0
01-29 21:30,0.0
01-29 21:45,0.0
01-29 22:00,0.0
01-29 22:15,0.0
01-29 22:30,0.0
01-29 22:45,0.0
01-29 23:00,0.0
01-29 23:15,0.0
01-29 23:30,0.0
01-29 23:45,0.0
01-30 00:00,0.0
01-30 00:15,0.0
01-30 00:30,0.0
01-30 00:45,0.0
01-30 01:00,0.0
01-30 01:15,0.0
01-30 01:30,0.0
01-30 01:45,0.0
01-30 02:00,0.0
01-30 02:15,0.0
01-30 02:30,0.0
01-30 02:45,0.0
01-30 03:00,1484.2857142857142
01-30 03:15,1484.2857142857142
01-30 03:30,1484.2857142857142
01-30 03:45,1484.2857142857142
01-30 04:00,1484.2857142857142
01-30 04:15,1484.2857142857142
01-30 04:30,1484.2857142857142
01-30 04:45,1484.2857142857142
01-30 05:00,0.0
01-30 05:15,0.0
01-30 05:30,0.0
01-30 05:45,0.0
01-30 06:00,0.0
01-30 06:15,0.0
01-30 06:30,0.0
01-30 06:45,0.0
01-30 07:00,0.0
01-30 07:15,0.0
01-30 07:30,0.0
01-30 07:45,0.0
01-30 08:00,0.0
01-30 08:15,0.0
01-30 08:30,0.0
01-30 08:45,0.0
01-30 09:00,0.0
01-30 09:15,0.0
01-30 09:30,0.0
01-30 09:45,0.0
01-30 10:00,0.0
01-30 10:15,0.0
01-30 10:30,0.0
01-30 10:45,0.0
01-30 11:00,4392.837437185714
01-30 11:15,0.0
01-30 11:30,0.0
01-30 11:45,0.0
01-30 12:00,0.0
01-30 12:15,0.0
01-30 12:30,4360.011165814287
01-30 12:45,0.0
01-30 13:00,0.0
01-30 13:15,0.0
01-30 13:30,0.0
01-30 13:45,0.0
01-30 14:00,0.0
01-30 14:15,0.0
01-30 14:30,0.0
01-30 14:45,0.0
01-30 15:00,0.0
01-30 15:15,5204.114725071429
01-30 15:30,0.0
01-30 15:45,4011.231218557144
01-30 16:00,0.0
01-30 16:15,0.0
01-30 16:30,0.0
01-30 16:45,0.0
01-30 17:00,0.0
01-30 17:15,0.0
01-30 17:30,0.0
01-30 17:45,0.0
01-30 18:00,0.0
01-30 18:15,0.0
01-30 18:30,0.0
01-30 18:45,0.0
01-30 19:00,0.0
01-30 19:15,0.0
01-30 19:30,0.0
01-30 19:45,0.0
01-30 20:00,0.0
01-30 20:15,0.0
01-30 20:30,0.0
01-30 20:45,0.0
01-30 21:00,0.0
01-30 21:15,0.0
01-30 21:30,0.0
01-30 21:45,0.0
01-30 22:00,0.0
01-30 22:15,0.0
01-30 22:30,0.0
01-30 22:45,0.0
01-30 23:00,0.0
01-30 23:15,0.0
01-30 23:30,0.0
01-30 23:45,0.0
01-31 00:00,0.0
01-31 00:15,0.0
01-31 00:30,0.0
01-31 00:45,0.0
01-31 01:00,0.0
01-31 01:15,0.0
01-31 01:30,0.0
01-31 01:45,0.0
01-31 02:00,0.0
01-31 02:15,0.0
01-31 02:30,0.0
01-31 02:45,0.0
01-31 03:00,0.0
01-31 03:15,0.0
01-31 03:30,0.0
01-31 03:45,0.0
01-31 04:00,0.0
01-31 04:15,0.0
01-31 04:30,0.0
01-31 04:45,0.0
01-31 05:00,0.0
01-31 05:15,0.0
01-31 05:30,0.0
01-31 05:45,0.0
01-31 06:00,0.0
01-31 06:15,0.0
01-31 06:30,0.0
01-31 06:45,0.0
01-31 07:00,0.0
01-31 07:15,6368.474081942858
01-31 07:30,1026.4577173428572
01-31 07:45,0.0
01-31 08:00,0.0
01-31 08:15,1682.2181048857142
01-31 08:30,0.0
01-31 08:45,0.0
01-31 09:00,1269.762005414286
01-31 09:15,0.0
01-31 09:30,0.0
01-31 09:45,0.0
01-31 10:00,0.0
01-31 10:15,0.0
01-31 10:30,0.0
01-31 10:45,0.0
01-31 11:00,0.0
01-31 11:15,0.0
01-31 11:30,0.0
01-31 11:45,0.0
01-31 12:00,0.0
01-31 12:15,0.0
01-31 12:30,0.0
01-31 12:45,0.0
01-31 13:00,0.0
01-31 13:15,0.0
01-31 13:30,0.0
01-31 13:45,0.0
01-31 14:00,0.0
01-31 14:15,0.0
01-31 14:30,0.0
01-31 14:45,0.0
01-31 15:00,0.0
01-31 15:15,0.0
01-31 15:30,0.0
01-31 15:45,0.0
01-31 16:00,0.0
01-31 16:15,0.0
01-31 16:30,0.0
01-31 16:45,0.0
01-31 17:00,0.0
01-31 17:15,0.0
01-31 17:30,0.0
01-31 17:45,0.0
01-31 18:00,0.0
01-31 18:15,0.0
01-31 18:30,0.0
01-31 18:45,0.0
01-31 19:00,0.0
01-31 19:15,0.0
01-31 19:30,0.0
01-31 19:45,0.0
01-31 20:00,0.0
01-31 20:15,0.0
01-31 20:30,0.0
01-31 20:45,0.0
01-31 21:00,3319.719689528571
01-31 21:15,0.0
01-31 21:30,0.0
01-31 21:45,0.0
01-31 22:00,0.0
01-31 22:15,0.0
01-31 22:30,0.0
01-31 22:45,0.0
01-31 23:00,0.0
01-31 23:15,0.0
01-31 23:30,0.0
01-31 23:45,0.0
02-01 00:00,0.0
02-01 00:15,0.0
02-01 00:30,0.0
02-01 00:45,0.0
02-01 01:00,0.0
02-01 01:15,0.0
02-01 01:30,0.0
02-01 01:45,0.0
02-01 02:00,1484.2857142857142
02-01 02:15,1484.2857142857142
02-01 02:30,1484.2857142857142
02-01 02:45,1484.2857142857142
02-01 03:00,1484.2857142857142
02-01 03:15,1484.2857142857142
02-01 03:30,1484.2857142857142
02-01 03:45,1484.2857142857142
02-01 04:00,1484.2857142857142
02-01 04:15,1484.2857142857142
02-01 04:30,1484.2857142857142
02-01 04:45,1484.2857142857142
02-01 05:00,0.0
02-01 05:15,0.0
02-01 05:30,0.0
02-01 05:45,0.0
02-01 06:00,0.0
02-01 06:15,0.0
02-01 06:30,0.0
02-01 06:45,0.0
02-01 07:00,0.0
02-01 07:15,0.0
02-01 07:30,0.0
02-01 07:45,0.0
02-01 08:00,0.0
02-01 08:15,0.0
02-01 08:30,0.0
02-01 08:45,0.0
02-01 09:00,0.0
02-01 09:15,0.0
02-01 09:30,0.0
02-01 09:45,0.0
02-01 10:00,0.0
02-01 10:15,0.0
02-01 10:30,0.0
02-01 10:45,0.0
02-01 11:00,0.0
02-01 11:15,0.0
02-01 11:30,0.0
02-01 11:45,0.0
02-01 12:00,2332.5211256857147
02-01 12:15,0.0
02-01 12:30,0.0
02-01 12:45,0.0
02-01 13:00,0.0
02-01 13:15,2731.521832671429
02-01 13:30,3859.132806600001
02-01 13:45,0.0
02-01 14:00,0.0
02-01 14:15,0.0
02-01 14:30,0.0
02-01 14:45,0.0
02-01 15:00,0.0
02-01 15:15,0.0
02-01 15:30,0.0
02-01 15:45,0.0
02-01 16:00,0.0
02-01 16:15,4576.137888785715
02-01 16:30,0.0
02-01 16:45,0.0
02-01 17:00,0.0
02-01 17:15,0.0
02-01 17:30,0.0
02-01 17:45,0.0
02-01 18:00,0.0
02-01 18:15,0.0
02-01 18:30,0.0
02-01 18:45,0.0
02-01 19:00,0.0
02-01 19:15,0.0
02-01 19:30,0.0
02-01 19:45,0.0
02-01 20:00,0.0
02-01 20:15,0.0
02-01 20:30,0.0
02-01 20:45,0.0
02-01 21:00,0.0
02-01 21:15,0.0
02-01 21:30,0.0
02-01 21:45,0.0
02-01 22:00,0.0
02-01 22:15,0.0
02-01 22:30,0.0
02-01 22:45,0.0
02-01 23:00,0.0
02-01 23:15,0.0
02-01 23:30,0.0
02-01 23:45,0.0
02-02 00:00,0.0
02-02 00:15,0.0
02-02 00:30,0.0
02-02 00:45,0.0
02-02 01:00,0.0
02-02 01:15,0.0
02-02 01:30,0.0
02-02 01:45,0.0
02-02 02:00,0.0
02-02 02:15,0.0
02-02 02:30,0.0
02-02 02:45,0.0
02-02 03:00,1124.8758504468765
02-02 03:15,0.0
02-02 03:30,0.0
02-02 03:45,0.0
02-02 04:00,1484.2857142857142
02-02 04:15,1484.2857142857142
02-02 04:30,1484.2857142857142
02-02 04:45,1484.2857142857142
02-02 05:00,1484.2857142857142
02-02 05:15,1484.2857142857142
02-02 05:30,1484.2857142857142
02-02 05:45,1484.2857142857142
02-02 06:00,0.0
02-02 06:15,0.0
02-02 06:30,0.0
02-02 06:45,0.0
02-02 07:00,0.0
02-02 07:15,0.0
02-02 07:30,0.0
02-02 07:45,0.0
02-02 08:00,0.0
02-02 08:15,0.0
02-02 08:30,0.0
02-02 08:45,0.0
02-02 09:00,0.0
02-02 09:15,0.0
02-02 09:30,0.0
02-02 09:45,0.0
02-02 10:00,0.0
02-02 10:15,0.0
02-02 10:30,0.0
02-02 10:45,0.0
02-02 11:00,0.0
02-02 11:15,0.0
02-02 11:30,0.0
02-02 11:45,0.0
02-02 12:00,0.0
02-02 12:15,0.0
02-02 12:30,0.0
02-02 12:45,0.0
02-02 13:00,0.0
02-02 13:15,0.0
02-02 13:30,0.0
02-02 13:45,0.0
02-02 14:00,0.0
02-02 14:15,2748.7713035285715
02-02 14:30,0.0
02-02 14:45,1520.929652514286
02-02 15:00,0.0
02-02 15:15,0.0
02-02 15:30,0.0
02-02 15:45,0.0
02-02 16:00,0.0
02-02 16:15,0.0
02-02 16:30,0.0
02-02 16:45,0.0
02-02 17:00,0.0
02-02 17:15,0.0
02-02 17:30,0.0
02-02 17:45,0.0
02-02 18:00,0.0
02-02 18:15,0.0
02-02 18:30,0.0
02-02 18:45,0.0
02-02 19:00,0.0
02-02 19:15,0.0
02-02 19:30,0.0
02-02 19:45,0.0
02-02 20:00,0.0
02-02 20:15,0.0
02-02 20:30,0.0
02-02 20:45,0.0
02-02 21:00,0.0
02-02 21:15,0.0
02-02 21:30,0.0
02-02 21:45,0.0
02-02 22:00,0.0
02-02 22:15,0.0
02-02 22:30,0.0
02-02 22:45,0.0
02-02 23:00,0.0
02-02 23:15,0.0
02-02 23:30,0.0
02-02 23:45,0.0
02-03 00:00,0.0
02-03 00:15,0.0
02-03 00:30,0.0
02-03 00:45,0.0
02-03 01:00,0.0
02-03 01:15,0.0
02-03 01:30,0.0
02-03 01:45,0.0
02-03 02:00,0.0
02-03 02:15,0.0
02-03 02:30,0.0
02-03 02:45,0.0
02-03 03:00,1484.2857142857142
02-03 03:15,1484.2857142857142
02-03 03:30,1484.2857142857142
02-03 03:45,1484.2857142857142
02-03 04:00,1484.2857142857142
02-03 04:15,1484.2857142857142
02-03 04:30,1484.2857142857142
02-03 04:45,1484.2857142857142
02-03 05:00,2213.207712101429
02-03 05:15,1484.2857142857142
02-03 05:30,1484.2857142857142
02-03 05:45,1484.2857142857142
02-03 06:00,0.0
02-03 06:15,0.0
02-03 06:30,0.0
02-03 06:45,0.0
02-03 07:00,0.0
02-03 07:15,0.0
02-03 07:30,0.0
02-03 07:45,0.0
02-03 08:00,0.0
02-03 08:15,0.0
02-03 08:30,0.0
02-03 08:45,0.0
02-03 09:00,0.0
02-03 09:15,0.0
02-03 09:30,0.0
02-03 09:45,0.0
02-03 10:00,1918.8261069857144
02-03 10:15,0.0
02-03 10:30,0.0
02-03 10:45,0.0
02-03 11:00,0.0
02-03 11:15,0.0
02-03 11:30,0.0
02-03 11:45,0.0
02-03 12:00,0.0
02-03 12:15,0.0
02-03 12:30,0.0
02-03 12:45,0.0
02-03 13:00,0.0
02-03 13:15,0.0
02-03 13:30,1015.855379257143
02-03 13:45,0.0
02-03 14:00,0.0
02-03 14:15,0.0
02-03 14:30,2966.656571114286
02-03 14:45,0.0
02-03 15:00,0.0
02-03 15:15,0.0
02-03 15:30,0.0
02-03 15:45,0.0
02-03 16:00,0.0
02-03 16:15,0.0
02-03 16:30,0.0
02-03 16:45,0.0
02-03 17:00,0.0
02-03 17:15,0.0
02-03 17:30,0.0
02-03 17:45,0.0
02-03 18:00,0.0
02-03 18:15,0.0
02-03 18:30,4309.8557687
02-03 18:45,0.0
02-03 19:00,0.0
02-03 19:15,0.0
02-03 19:30,0.0
02-03 19:45,0.0
02-03 20:00,4213.3505310857145
02-03 20:15,0.0
02-03 20:30,0.0
02-03 20:45,0.0
02-03 21:00,0.0
02-03 21:15,0.0
02-03 21:30,0.0
02-03 21:45,0.0
02-03 22:00,0.0
02-03 22:15,0.0
02-03 22:30,0.0
02-03 22:45,0.0
02-03 23:00,0.0
02-03 23:15,0.0
02-03 23:30,0.0
02-03 23:45,0.0
02-04 00:00,0.0
02-04 00:15,0.0
02-04 00:30,0.0
02-04 00:45,0.0
02-04 01:00,0.0
02-04 01:15,0.0
02-04 01:30,0.0
02-04 01:45,0.0
02-04 02:00,0.0
02-04 02:15,0.0
02-04 02:30,0.0
02-04 02:45,0.0
02-04 03:00,0.0
02-04 03:15,59.52784229000236
02-04 03:30,0.0
02-04 03:45,0.0
02-04 04:00,1484.2857142857142
02-04 04:15,1484.2857142857142
02-04 04:30,1484.2857142857142
02-04 04:45,1484.2857142857142
02-04 05:00,0.0
02-04 05:15,0.0
02-04 05:30,0.0
02-04 05:45,0.0
02-04 06:00,0.0
02-04 06:15,0.0
02-04 06:30,0.0
02-04 06:45,0.0
02-04 07:00,0.0
02-04 07:15,0.0
02-04 07:30,0.0
02-04 07:45,0.0
02-04 08:00,0.0
02-04 08:15,0.0
02-04 08:30,0.0
02-04 08:45,0.0
02-04 09:00,0.0
02-04 09:15,0.0
02-04 09:30,0.0
02-04 09:45,0.0
02-04 10:00,0.0
02-04 10:15,0.0
02-04 10:30,0.0
02-04 10:45,0.0
02-04 11:00,0.0
02-04 11:15,0.0
02-04 11:30,0.0
02-04 11:45,0.0
02-04 12:00,0.0
02-04 12:15,0.0
02-04 12:30,0.0
02-04 12:45,0.0
02-04 13:00,0.0
02-04 13:15,0.0
02-04 13:30,3658.542626857143
02-04 13:45,0.0
02-04 14:00,0.0
02-04 14:15,0.0
02-04 14:30,0.0
02-04 14:45,0.0
02-04 15:00,0.0
02-04 15:15,0.0
02-04 15:30,2541.791549028572
02-04 15:45,0.0
02-04 16:00,0.0
02-04 16:15,0.0
02-04 16:30,0.0
02-04 16:45,2985.743886357143
02-04 17:00,0.0
02-04 17:15,0.0
02-04 17:30,0.0
02-04 17:45,0.0
02-04 18:00,0.0
02-04 18:15,0.0
02-04 18:30,0.0
02-04 18:45,0.0
02-04 19:00,0.0
02-04 19:15,0.0
02-04 19:30,0.0
02-04 19:45,0.0
02-04 20:00,0.0
02-04 20:15,0.0
02-04 20:30,0.0
02-04 20:45,0.0
02-04 21:00,0.0
02-04 21:15,0.0
02-04 21:30,0.0
02-04 21:45,0.0
02-04 22:00,0.0
02-04 22:15,1484.2857142857142
02-04 22:30,0.0
02-04 22:45,603.8273598557118
02-04 23:00,1484.2857142857142
02-04 23:15,1484.2857142857142
02-04 23:30,1484.2857142857142
02-04 23:45,1484.2857142857142
02-05 00:00,1484.2857142857142
02-05 00:15,1484.2857142857142
02-05 00:30,1484.2857142857142
02-05 00:45,1484.2857142857142
02-05 01:00,1484.2857142857142
02-05 01:15,1484.2857142857142
02-05 01:30,1484.2857142857142
02-05 01:45,1484.2857142857142
02-05 02:00,1484.2857142857142
02-05 02:15,1484.2857142857142
02-05 02:30,1484.2857142857142
02-05 02:45,2132.8127468814287
02-05 03:00,0.0
02-05 03:15,0.0
02-05 03:30,0.0
02-05 03:45,0.0
02-05 04:00,0.0
02-05 04:15,0.0
02-05 04:30,0.0
02-05 04:45,0.0
02-05 05:00,0.0
02-05 05:15,0.0
02-05 05:30,0.0
02-05 05:45,0.0
02-05 06:00,0.0
02-05 06:15,0.0
02-05 06:30,0.0
02-05 06:45,0.0
02-05 07:00,0.0
02-05 07:15,0.0
02-05 07:30,0.0
02-05 07:45,0.0
02-05 08:00,0.0
02-05 08:15,0.0
02-05 08:30,0.0
02-05 08:45,0.0
02-05 09:00,0.0
02-05 09:15,0.0
02-05 09:30,0.0
02-05 09:45,0.0
02-05 10:00,0.0
02-05 10:15,0.0
02-05 10:30,0.0
02-05 10:45,0.0
02-05 11:00,0.0
02-05 11:15,0.0
02-05 11:30,0.0
02-05 11:45,0.0
02-05 12:00,0.0
02-05 12:15,0.0
02-05 12:30,0.0
02-05 12:45,0.0
02-05 13:00,0.0
02-05 13:15,0.0
02-05 13:30,0.0
02-05 13:45,0.0
02-05 14:00,0.0
02-05 14:15,0.0
02-05 14:30,0.0
02-05 14:45,0.0
02-05 15:00,0.0
02-05 15:15,0.0
02-05 15:30,0.0
02-05 15:45,0.0
02-05 16:00,0.0
02-05 16:15,0.0
02-05 16:30,0.0
02-05 16:45,0.0
02-05 17:00,0.0
02-05 17:15,0.0
02-05 17:30,0.0
02-05 17:45,0.0
02-05 18:00,0.0
02-05 18:15,0.0
02-05 18:30,2298.770206414286
02-05 18:45,0.0
02-05 19:00,0.0
02-05 19:15,0.0
02-05 19:30,0.0
02-05 19:45,0.0
02-05 20:00,0.0
02-05 20:15,0.0
02-05 20:30,0.0
02-05 20:45,3604.705328828571
02-05 21:00,0.0
02-05 21:15,0.0
02-05 21:30,0.0
02-05 21:45,0.0
02-05 22:00,0.0
02-05 22:15,0.0
02-05 22:30,0.0
02-05 22:45,0.0
02-05 23:00,0.0
02-05 23:15,0.0
02-05 23:30,0.0
02-05 23:45,0.0
02-06 00:00,0.0
02-06 00:15,0.0
02-06 00:30,0.0
02-06 00:45,0.0
02-06 01:00,0.0
02-06 01:15,0.0
02-06 01:30,0.0
02-06 01:45,0.0
02-06 02:00,0.0
02-06 02:15,0.0
02-06 02:30,0.0
02-06 02:45,0.0
02-06 03:00,0.0
02-06 03:15,0.0
02-06 03:30,0.0
02-06 03:45,0.0
02-06 04:00,0.0
02-06 04:15,0.0
02-06 04:30,0.0
02-06 04:45,0.0
02-06 05:00,0.0
02-06 05:15,0.0
02-06 05:30,0.0
02-06 05:45,0.0
02-06 06:00,0.0
02-06 06:15,0.0
02-06 06:30,0.0
02-06 06:45,0.0
02-06 07:00,0.0
02-06 07:15,5468.016683671429
02-06 07:30,0.0
02-06 07:45,0.0
02-06 08:00,0.0
02-06 08:15,0.0
02-06 08:30,0.0
02-06 08:45,0.0
02-06 09:00,0.0
02-06 09:15,0.0
02-06 09:30,0.0
02-06 09:45,0.0
02-06 10:00,0.0
02-06 10:15,0.0
02-06 10:30,4772.5881619
02-06 10:45,0.0
02-06 11:00,0.0
02-06 11:15,0.0
02-06 11:30,0.0
02-06 11:45,0.0
02-06 12:00,0.0
02-06 12:15,0.0
02-06 12:30,0.0
02-06 12:45,0.0
02-06 13:00,0.0
02-06 13:15,0.0
02-06 13:30,0.0
02-06 13:45,0.0
02-06 14:00,8529.622379685716
02-06 14:15,0.0
02-06 14:30,0.0
02-06 14:45,0.0
02-06 15:00,0.0
02-06 15:15,0.0
02-06 15:30,0.0
02-06 15:45,2402.825908185714
02-06 16:00,2406.4993086571426
02-06 16:15,0.0
02-06 16:30,0.0
02-06 16:45,0.0
02-06 17:00,0.0
02-06 17:15,0.0
02-06 17:30,0.0
02-06 17:45,0.0
02-06 18:00,0.0
02-06 18:15,0.0
02-06 18:30,0.0
02-06 18:45,0.0
02-06 19:00,0.0
02-06 19:15,0.0
02-06 19:30,0.0
02-06 19:45,0.0
02-06 20:00,0.0
02-06 20:15,0.0
02-06 20:30,0.0
02-06 20:45,4811.045829214287
02-06 21:00,0.0
02-06 21:15,0.0
02-06 21:30,0.0
02-06 21:45,0.0
02-06 22:00,0.0
02-06 22:15,0.0
02-06 22:30,0.0
02-06 22:45,0.0
02-06 23:00,0.0
02-06 23:15,0.0
02-06 23:30,0.0
02-06 23:45,0.0
02-07 00:00,0.0
02-07 00:15,0.0
02-07 00:30,0.0
02-07 00:45,0.0
02-07 01:00,0.0
02-07 01:15,0.0
02-07 01:30,0.0
02-07 01:45,0.0
02-07 02:00,0.0
02-07 02:15,0.0
02-07 02:30,0.0
02-07 02:45,0.0
02-07 03:00,138.60065779900145
02-07 03:15,1484.2857142857142
02-07 03:30,1484.2857142857142
02-07 03:45,1484.2857142857142
02-07 04:00,1484.2857142857142
02-07 04:15,1484.2857142857142
02-07 04:30,1484.2857142857142
02-07 04:45,1484.2857142857142
02-07 05:00,0.0
02-07 05:15,0.0
02-07 05:30,0.0
02-07 05:45,0.0
02-07 06:00,0.0
02-07 06:15,0.0
02-07 06:30,0.0
02-07 06:45,0.0
02-07 07:00,0.0
02-07 07:15,0.0
02-07 07:30,0.0
02-07 07:45,0.0
02-07 08:00,0.0
02-07 08:15,0.0
02-07 08:30,0.0
02-07 08:45,0.0
02-07 09:00,0.0
02-07 09:15,0.0
02-07 09:30,0.0
02-07 09:45,0.0
02-07 10:00,0.0
02-07 10:15,0.0
02-07 10:30,0.0
02-07 10:45,0.0
02-07 11:00,2808.858215514286
02-07 11:15,0.0
02-07 11:30,0.0
02-07 11:45,0.0
02-07 12:00,0.0
02-07 12:15,0.0
02-07 12:30,0.0
02-07 12:45,0.0
02-07 13:00,0.0
02-07 13:15,0.0
02-07 13:30,0.0
02-07 13:45,0.0
02-07 14:00,0.0
02-07 14:15,0.0
02-07 14:30,0.0
02-07 14:45,0.0
02-07 15:00,0.0
02-07 15:15,0.0
02-07 15:30,0.0
02-07 15:45,0.0
02-07 16:00,0.0
02-07 16:15,0.0
02-07 16:30,0.0
02-07 16:45,0.0
02-07 17:00,0.0
02-07 17:15,0.0
02-07 17:30,0.0
02-07 17:45,0.0
02-07 18:00,0.0
02-07 18:15,0.0
02-07 18:30,5539.589851385716
02-07 18:45,0.0
02-07 19:00,0.0
02-07 19:15,0.0
02-07 19:30,0.0
02-07 19:45,0.0
02-07 20:00,0.0
02-07 20:15,0.0
02-07 20:30,0.0
02-07 20:45,0.0
02-07 21:00,0.0
02-07 21:15,0.0
02-07 21:30,0.0
02-07 21:45,0.0
02-07 22:00,0.0
02-07 22:15,0.0
02-07 22:30,0.0
02-07 22:45,0.0
02-07 23:00,0.0
02-07 23:15,0.0
02-07 23:30,0.0
02-07 23:45,0.0
02-08 00:00,1484.2857142857142
02-08 00:15,1484.2857142857142
02-08 00:30,1484.2857142857142
02-08 00:45,1484.2857142857142
02-08 01:00,1242.9130971765735
02-08 01:15,0.0
02-08 01:30,1484.2857142857142
02-08 01:45,0.0
02-08 02:00,1484.2857142857142
02-08 02:15,1484.2857142857142
02-08 02:30,1484.2857142857142
02-08 02:45,1484.2857142857142
02-08 03:00,1484.2857142857142
02-08 03:15,1484.2857142857142
02-08 03:30,1484.2857142857142
02-08 03:45,1484.2857142857142
02-08 04:00,0.0
02-08 04:15,0.0
02-08 04:30,0.0
02-08 04:45,0.0
02-08 05:00,0.0
02-08 05:15,0.0
02-08 05:30,0.0
02-08 05:45,0.0
02-08 06:00,0.0
02-08 06:15,0.0
02-08 06:30,0.0
02-08 06:45,3168.839814800001
02-08 07:00,0.0
02-08 07:15,0.0
02-08 07:30,0.0
02-08 07:45,0.0
02-08 08:00,0.0
02-08 08:15,0.0
02-08 08:30,0.0
02-08 08:45,0.0
02-08 09:00,0.0
02-08 09:15,0.0
02-08 09:30,0.0
02-08 09:45,0.0
02-08 10:00,0.0
02-08 10:15,0.0
02-08 10:30,0.0
02-08 10:45,0.0
02-08 11:00,0.0
02-08 11:15,3238.803914528572
02-08 11:30,0.0
02-08 11:45,0.0
02-08 12:00,0.0
02-08 12:15,0.0
02-08 12:30,0.0
02-08 12:45,0.0
02-08 13:00,0.0
02-08 13:15,0.0
02-08 13:30,0.0
02-08 13:45,2633.186675742857
02-08 14:00,0.0
02-08 14:15,0.0
02-08 14:30,0.0
02-08 14:45,1120.0171864142858
02-08 15:00,0.0
02-08 15:15,0.0
02-08 15:30,0.0
02-08 15:45,0.0
02-08 16:00,0.0
02-08 16:15,0.0
02-08 16:30,4983.421472085715
02-08 16:45,0.0
02-08 17:00,0.0
02-08 17:15,0.0
02-08 17:30,0.0
02-08 17:45,0.0
02-08 18:00,0.0
02-08 18:15,0.0
02-08 18:30,4063.5134870571424
02-08 18:45,0.0
02-08 19:00,0.0
02-08 19:15,0.0
02-08 19:30,0.0
02-08 19:45,0.0
02-08 20:00,0.0
02-08 20:15,0.0
02-08 20:30,0.0
02-08 20:45,0.0
02-08 21:00,0.0
02-08 21:15,0.0
02-08 21:30,0.0
02-08 21:45,0.0
02-08 22:00,0.0
02-08 22:15,0.0
02-08 22:30,0.0
02-08 22:45,0.0
02-08 23:00,0.0
02-08 23:15,0.0
02-08 23:30,0.0
02-08 23:45,0.0
02-09 00:00,1484.2857142857142
02-09 00:15,1484.2857142857142
02-09 00:30,1484.2857142857142
02-09 00:45,1484.2857142857142
02-09 01:00,0.0
02-09 01:15,1484.2857142857142
02-09 01:30,306.28662530136376
02-09 01:45,1484.2857142857142
02-09 02:00,1484.2857142857142
02-09 02:15,1484.2857142857142
02-09 02:30,1484.2857142857142
02-09 02:45,1484.2857142857142
02-09 03:00,1484.2857142857142
02-09 03:15,1484.2857142857142
02-09 03:30,1484.2857142857142
02-09 03:45,1484.2857142857142
02-09 04:00,1484.2857142857142
02-09 04:15,1484.2857142857142
02-09 04:30,1484.2857142857142
02-09 04:45,1484.2857142857142
02-09 05:00,0.0
02-09 05:15,0.0
02-09 05:30,2646.4072864000004
02-09 05:45,0.0
02-09 06:00,1933.2633449514285
02-09 06:15,1484.2857142857142
02-09 06:30,1484.2857142857142
02-09 06:45,1484.2857142857142
02-09 07:00,0.0
02-09 07:15,0.0
02-09 07:30,0.0
02-09 07:45,3880.131053914286
02-09 08:00,0.0
02-09 08:15,0.0
02-09 08:30,0.0
02-09 08:45,0.0
02-09 09:00,0.0
02-09 09:15,0.0
02-09 09:30,0.0
02-09 09:45,795.4340982428573
02-09 10:00,0.0
02-09 10:15,0.0
02-09 10:30,0.0
02-09 10:45,0.0
02-09 11:00,0.0
02-09 11:15,0.0
02-09 11:30,0.0
02-09 11:45,0.0
02-09 12:00,1484.2857142857142
02-09 12:15,1903.581768121428
02-09 12:30,1956.43405439
02-09 12:45,1484.2857142857142
02-09 13:00,1484.2857142857142
02-09 13:15,2157.62227721
02-09 13:30,1484.2857142857142
02-09 13:45,2574.67459687
02-09 14:00,1484.2857142857142
02-09 14:15,1484.2857142857142
02-09 14:30,2114.955948157143
02-09 14:45,1484.2857142857142
02-09 15:00,3694.783796971429
02-09 15:15,0.0
02-09 15:30,0.0
02-09 15:45,0.0
02-09 16:00,0.0
02-09 16:15,0.0
02-09 16:30,0.0
02-09 16:45,0.0
02-09 17:00,0.0
02-09 17:15,0.0
02-09 17:30,0.0
02-09 17:45,0.0
02-09 18:00,0.0
02-09 18:15,0.0
02-09 18:30,0.0
02-09 18:45,0.0
02-09 19:00,0.0
02-09 19:15,0.0
02-09 19:30,0.0
02-09 19:45,0.0
02-09 20:00,0.0
02-09 20:15,0.0
02-09 20:30,0.0
02-09 20:45,0.0
02-09 21:00,0.0
02-09 21:15,0.0
02-09 21:30,0.0
02-09 21:45,0.0
02-09 22:00,0.0
02-09 22:15,0.0
02-09 22:30,0.0
02-09 22:45,0.0
02-09 23:00,0.0
02-09 23:15,0.0
02-09 23:30,0.0
02-09 23:45,0.0
02-10 00:00,0.0
02-10 00:15,0.0
02-10 00:30,0.0
02-10 00:45,0.0
02-10 01:00,0.0
02-10 01:15,0.0
02-10 01:30,0.0
02-10 01:45,0.0
02-10 02:00,0.0
02-10 02:15,0.0
02-10 02:30,0.0
02-10 02:45,0.0
02-10 03:00,0.0
02-10 03:15,0.0
02-10 03:30,0.0
02-10 03:45,0.0
02-10 04:00,0.0
02-10 04:15,0.0
02-10 04:30,0.0
02-10 04:45,0.0
02-10 05:00,0.0
02-10 05:15,0.0
02-10 05:30,0.0
02-10 05:45,0.0
02-10 06:00,0.0
02-10 06:15,0.0
02-10 06:30,0.0
02-10 06:45,0.0
02-10 07:00,0.0
02-10 07:15,0.0
02-10 07:30,0.0
02-10 07:45,0.0
02-10 08:00,5778.146863085714
02-10 08:15,0.0
02-10 08:30,0.0
02-10 08:45,0.0
02-10 09:00,0.0
02-10 09:15,3877.0877209
02-10 09:30,0.0
02-10 09:45,0.0
02-10 10:00,0.0
02-10 10:15,0.0
02-10 10:30,0.0
02-10 10:45,0.0
02-10 11:00,0.0
02-10 11:15,0.0
02-10 11:30,0.0
02-10 11:45,0.0
02-10 12:00,0.0
02-10 12:15,0.0
02-10 12:30,0.0
02-10 12:45,0.0
02-10 13:00,0.0
02-10 13:15,0.0
02-10 13:30,0.0
02-10 13:45,0.0
02-10 14:00,0.0
02-10 14:15,0.0
02-10 14:30,0.0
02-10 14:45,0.0
02-10 15:00,0.0
02-10 15:15,0.0
02-10 15:30,0.0
02-10 15:45,0.0
02-10 16:00,3506.320623014286
02-10 16:15,0.0
02-10 16:30,0.0
02-10 16:45,0.0
02-10 17:00,0.0
02-10 17:15,0.0
02-10 17:30,4258.3510659428575
02-10 17:45,0.0
02-10 18:00,0.0
02-10 18:15,0.0
02-10 18:30,0.0
02-10 18:45,0.0
02-10 19:00,0.0
02-10 19:15,0.0
02-10 19:30,0.0
02-10 19:45,0.0
02-10 20:00,0.0
02-10 20:15,0.0
02-10 20:30,0.0
02-10 20:45,0.0
02-10 21:00,0.0
02-10 21:15,0.0
02-10 21:30,0.0
02-10 21:45,0.0
02-10 22:00,0.0
02-10 22:15,0.0
02-10 22:30,0.0
02-10 22:45,0.0
02-10 23:00,0.0
02-10 23:15,0.0
02-10 23:30,0.0
02-10 23:45,0.0
02-11 00:00,1484.2857142857142
02-11 00:15,1484.2857142857142
02-11 00:30,1484.2857142857142
02-11 00:45,1484.2857142857142
02-11 01:00,1484.2857142857142
02-11 01:15,1484.2857142857142
02-11 01:30,1484.2857142857142
02-11 01:45,1484.2857142857142
02-11 02:00,1484.2857142857142
02-11 02:15,1484.2857142857142
02-11 02:30,1484.2857142857142
02-11 02:45,1484.2857142857142
02-11 03:00,1484.2857142857142
02-11 03:15,1484.2857142857142
02-11 03:30,1484.2857142857142
02-11 03:45,1484.2857142857142
02-11 04:00,1484.2857142857142
02-11 04:15,1484.2857142857142
02-11 04:30,1484.2857142857142
02-11 04:45,1484.2857142857142
02-11 05:00,0.0
02-11 05:15,0.0
02-11 05:30,0.0
02-11 05:45,391.6079294800008
02-11 06:00,0.0
02-11 06:15,0.0
02-11 06:30,0.0
02-11 06:45,0.0
02-11 07:00,0.0
02-11 07:15,0.0
02-11 07:30,4805.667410457144
02-11 07:45,0.0
02-11 08:00,0.0
02-11 08:15,0.0
02-11 08:30,0.0
02-11 08:45,0.0
02-11 09:00,0.0
02-11 09:15,0.0
02-11 09:30,0.0
02-11 09:45,0.0
02-11 10:00,0.0
02-11 10:15,4814.399752142858
02-11 10:30,0.0
02-11 10:45,0.0
02-11 11:00,3265.627372642857
02-11 11:15,0.0
02-11 11:30,0.0
02-11 11:45,0.0
02-11 12:00,0.0
02-11 12:15,0.0
02-11 12:30,0.0
02-11 12:45,0.0
02-11 13:00,0.0
02-11 13:15,0.0
02-11 13:30,0.0
02-11 13:45,0.0
02-11 14:00,0.0
02-11 14:15,0.0
02-11 14:30,0.0
02-11 14:45,0.0
02-11 15:00,0.0
02-11 15:15,0.0
02-11 15:30,0.0
02-11 15:45,0.0
02-11 16:00,0.0
02-11 16:15,0.0
02-11 16:30,0.0
02-11 16:45,0.0
02-11 17:00,0.0
02-11 17:15,0.0
02-11 17:30,0.0
02-11 17:45,0.0
02-11 18:00,0.0
02-11 18:15,0.0
02-11 18:30,0.0
02-11 18:45,0.0
02-11 19:00,0.0
02-11 19:15,0.0
02-11 19:30,0.0
02-11 19:45,0.0
02-11 20:00,0.0
02-11 20:15,0.0
02-11 20:30,0.0
02-11 20:45,0.0
02-11 21:00,0.0
02-11 21:15,0.0
02-11 21:30,0.0
02-11 21:45,0.0
02-11 22:00,0.0
02-11 22:15,0.0
02-11 22:30,0.0
02-11 22:45,0.0
02-11 23:00,0.0
02-11 23:15,0.0
02-11 23:30,0.0
02-11 23:45,0.0
02-12 00:00,0.0
02-12 00:15,0.0
02-12 00:30,0.0
02-12 00:45,0.0
02-12 01:00,1484.2857142857142
02-12 01:15,162.89785646427848
02-12 01:30,1484.2857142857142
02-12 01:45,1484.2857142857142
02-12 02:00,1484.2857142857142
02-12 02:15,1484.2857142857142
02-12 02:30,1484.2857142857142
02-12 02:45,1484.2857142857142
02-12 03:00,1484.2857142857142
02-12 03:15,1484.2857142857142
02-12 03:30,1484.2857142857142
02-12 03:45,1484.2857142857142
02-12 04:00,0.0
02-12 04:15,0.0
02-12 04:30,0.0
02-12 04:45,0.0
02-12 05:00,0.0
02-12 05:15,0.0
02-12 05:30,0.0
02-12 05:45,0.0
02-12 06:00,0.0
02-12 06:15,0.0
02-12 06:30,0.0
02-12 06:45,0.0
02-12 07:00,0.0
02-12 07:15,0.0
02-12 07:30,0.0
02-12 07:45,0.0
02-12 08:00,0.0
02-12 08:15,0.0
02-12 08:30,0.0
02-12 08:45,0.0
02-12 09:00,0.0
02-12 09:15,0.0
02-12 09:30,0.0
02-12 09:45,0.0
02-12 10:00,0.0
02-12 10:15,0.0
02-12 10:30,0.0
02-12 10:45,0.0
02-12 11:00,0.0
02-12 11:15,0.0
02-12 11:30,0.0
02-12 11:45,0.0
02-12 12:00,0.0
02-12 12:15,0.0
02-12 12:30,0.0
02-12 12:45,0.0
02-12 13:00,0.0
02-12 13:15,0.0
02-12 13:30,0.0
02-12 13:45,0.0
02-12 14:00,0.0
02-12 14:15,0.0
02-12 14:30,0.0
02-12 14:45,0.0
02-12 15:00,0.0
02-12 15:15,0.0
02-12 15:30,0.0
02-12 15:45,0.0
02-12 16:00,0.0
02-12 16:15,0.0
02-12 16:30,0.0
02-12 16:45,0.0
02-12 17:00,0.0
02-12 17:15,0.0
02-12 17:30,0.0
02-12 17:45,0.0
02-12 18:00,0.0
02-12 18:15,0.0
02-12 18:30,0.0
02-12 18:45,0.0
02-12 19:00,0.0
02-12 19:15,0.0
02-12 19:30,0.0
02-12 19:45,0.0
02-12 20:00,0.0
02-12 20:15,0.0
02-12 20:30,0.0
02-12 20:45,0.0
02-12 21:00,0.0
02-12 21:15,0.0
02-12 21:30,0.0
02-12 21:45,0.0
02-12 22:00,0.0
02-12 22:15,0.0
02-12 22:30,0.0
02-12 22:45,0.0
02-12 23:00,0.0
02-12 23:15,0.0
02-12 23:30,0.0
02-12 23:45,0.0
02-13 00:00,0.0
02-13 00:15,0.0
02-13 00:30,0.0
02-13 00:45,0.0
02-13 01:00,0.0
02-13 01:15,0.0
02-13 01:30,0.0
02-13 01:45,0.0
02-13 02:00,0.0
02-13 02:15,0.0
02-13 02:30,0.0
02-13 02:45,0.0
02-13 03:00,1484.2857142857142
02-13 03:15,1484.2857142857142
02-13 03:30,446.59577582998674
02-13 03:45,1484.2857142857142
02-13 04:00,0.0
02-13 04:15,0.0
02-13 04:30,0.0
02-13 04:45,0.0
02-13 05:00,0.0
02-13 05:15,0.0
02-13 05:30,0.0
02-13 05:45,0.0
02-13 06:00,0.0
02-13 06:15,0.0
02-13 06:30,0.0
02-13 06:45,0.0
02-13 07:00,0.0
02-13 07:15,0.0
02-13 07:30,0.0
02-13 07:45,0.0
02-13 08:00,0.0
02-13 08:15,0.0
02-13 08:30,0.0
02-13 08:45,0.0
02-13 09:00,0.0
02-13 09:15,0.0
02-13 09:30,0.0
02-13 09:45,0.0
02-13 10:00,3534.996421471429
02-13 10:15,0.0
02-13 10:30,0.0
02-13 10:45,0.0
02-13 11:00,0.0
02-13 11:15,0.0
02-13 11:30,0.0
02-13 11:45,0.0
02-13 12:00,0.0
02-13 12:15,0.0
02-13 12:30,0.0
02-13 12:45,9943.14285714286
02-13 13:00,0.0
02-13 13:15,0.0
02-13 13:30,0.0
02-13 13:45,0.0
02-13 14:00,1592.3139438571427
02-13 14:15,0.0
02-13 14:30,0.0
02-13 14:45,0.0
02-13 15:00,0.0
02-13 15:15,0.0
02-13 15:30,0.0
02-13 15:45,0.0
02-13 16:00,0.0
02-13 16:15,0.0
02-13 16:30,0.0
02-13 16:45,0.0
02-13 17:00,0.0
02-13 17:15,0.0
02-13 17:30,680.143089257143
02-13 17:45,0.0
02-13 18:00,0.0
02-13 18:15,0.0
02-13 18:30,0.0
02-13 18:45,781.8424816000002
02-13 19:00,0.0
02-13 19:15,0.0
02-13 19:30,0.0
02-13 19:45,0.0
02-13 20:00,0.0
02-13 20:15,0.0
02-13 20:30,0.0
02-13 20:45,0.0
02-13 21:00,0.0
02-13 21:15,0.0
02-13 21:30,0.0
02-13 21:45,0.0
02-13 22:00,0.0
02-13 22:15,0.0
02-13 22:30,0.0
02-13 22:45,0.0
02-13 23:00,0.0
02-13 23:15,0.0
02-13 23:30,0.0
02-13 23:45,0.0
02-14 00:00,0.0
02-14 00:15,0.0
02-14 00:30,0.0
02-14 00:45,0.0
02-14 01:00,0.0
02-14 01:15,0.0
02-14 01:30,0.0
02-14 01:45,0.0
02-14 02:00,0.0
02-14 02:15,0.0
02-14 02:30,0.0
02-14 02:45,0.0
02-14 03:00,0.0
02-14 03:15,0.0
02-14 03:30,0.0
02-14 03:45,0.0
02-14 04:00,0.0
02-14 04:15,0.0
02-14 04:30,0.0
02-14 04:45,0.0
02-14 05:00,0.0
02-14 05:15,0.0
02-14 05:30,0.0
02-14 05:45,0.0
02-14 06:00,0.0
02-14 06:15,0.0
02-14 06:30,0.0
02-14 06:45,0.0
02-14 07:00,0.0
02-14 07:15,0.0
02-14 07:30,0.0
02-14 07:45,0.0
02-14 08:00,0.0
02-14 08:15,0.0
02-14 08:30,0.0
02-14 08:45,0.0
02-14 09:00,0.0
02-14 09:15,0.0
02-14 09:30,0.0
02-14 09:45,0.0
02-14 10:00,0.0
02-14 10:15,0.0
02-14 10:30,3891.3108731714287
02-14 10:45,0.0
02-14 11:00,4309.373152428572
02-14 11:15,0.0
02-14 11:30,0.0
02-14 11:45,0.0
02-14 12:00,0.0
02-14 12:15,0.0
02-14 12:30,1776.7584619428571
02-14 12:45,1919.8162897571435
02-14 13:00,0.0
02-14 13:15,0.0
02-14 13:30,0.0
02-14 13:45,0.0
02-14 14:00,3238.0978929142857
02-14 14:15,0.0
02-14 14:30,0.0
02-14 14:45,0.0
02-14 15:00,0.0
02-14 15:15,0.0
02-14 15:30,0.0
02-14 15:45,0.0
02-14 16:00,0.0
02-14 16:15,4486.107205028571
02-14 16:30,0.0
02-14 16:45,0.0
02-14 17:00,0.0
02-14 17:15,0.0
02-14 17:30,0.0
02-14 17:45,0.0
02-14 18:00,0.0
02-14 18:15,0.0
02-14 18:30,3549.673960928572
02-14 18:45,0.0
02-14 19:00,0.0
02-14 19:15,0.0
02-14 19:30,0.0
02-14 19:45,0.0
02-14 20:00,0.0
02-14 20:15,0.0
02-14 20:30,0.0
02-14 20:45,0.0
02-14 21:00,0.0
02-14 21:15,0.0
02-14 21:30,0.0
02-14 21:45,0.0
02-14 22:00,0.0
02-14 22:15,0.0
02-14 22:30,0.0
02-14 22:45,0.0
02-14 23:00,0.0
02-14 23:15,0.0
02-14 23:30,0.0
02-14 23:45,0.0
02-15 00:00,0.0
02-15 00:15,0.0
02-15 00:30,0.0
02-15 00:45,0.0
02-15 01:00,0.0
02-15 01:15,0.0
02-15 01:30,0.0
02-15 01:45,0.0
02-15 02:00,0.0
02-15 02:15,0.0
02-15 02:30,0.0
02-15 02:45,0.0
02-15 03:00,0.0
02-15 03:15,0.0
02-15 03:30,0.0
02-15 03:45,0.0
02-15 04:00,0.0
02-15 04:15,0.0
02-15 04:30,0.0
02-15 04:45,0.0
02-15 05:00,0.0
02-15 05:15,0.0
02-15 05:30,0.0
02-15 05:45,0.0
02-15 06:00,0.0
02-15 06:15,0.0
02-15 06:30,0.0
02-15 06:45,0.0
02-15 07:00,0.0
02-15 07:15,0.0
02-15 07:30,0.0
02-15 07:45,0.0
02-15 08:00,0.0
02-15 08:15,1443.6199262714288
02-15 08:30,0.0
02-15 08:45,0.0
02-15 09:00,0.0
02-15 09:15,0.0
02-15 09:30,0.0
02-15 09:45,0.0
02-15 10:00,0.0
02-15 10:15,0.0
02-15 10:30,0.0
02-15 10:45,0.0
02-15 11:00,0.0
02-15 11:15,0.0
02-15 11:30,0.0
02-15 11:45,0.0
02-15 12:00,0.0
02-15 12:15,0.0
02-15 12:30,0.0
02-15 12:45,0.0
02-15 13:00,0.0
02-15 13:15,0.0
02-15 13:30,0.0
02-15 13:45,0.0
02-15 14:00,0.0
02-15 14:15,0.0
02-15 14:30,0.0
02-15 14:45,0.0
02-15 15:00,0.0
02-15 15:15,0.0
02-15 15:30,0.0
02-15 15:45,0.0
02-15 16:00,0.0
02-15 16:15,0.0
02-15 16:30,0.0
02-15 16:45,0.0
02-15 17:00,0.0
02-15 17:15,0.0
02-15 17:30,0.0
02-15 17:45,0.0
02-15 18:00,0.0
02-15 18:15,0.0
02-15 18:30,0.0
02-15 18:45,0.0
02-15 19:00,0.0
02-15 19:15,0.0
02-15 19:30,0.0
02-15 19:45,0.0
02-15 20:00,0.0
02-15 20:15,0.0
02-15 20:30,0.0
02-15 20:45,0.0
02-15 21:00,0.0
02-15 21:15,0.0
02-15 21:30,0.0
02-15 21:45,0.0
02-15 22:00,0.0
02-15 22:15,0.0
02-15 22:30,0.0
02-15 22:45,0.0
02-15 23:00,0.0
02-15 23:15,0.0
02-15 23:30,0.0
02-15 23:45,0.0
02-16 00:00,1484.2857142857142
02-16 00:15,1484.2857142857142
02-16 00:30,1484.2857142857142
02-16 00:45,1484.2857142857142
02-16 01:00,1484.2857142857142
02-16 01:15,1484.2857142857142
02-16 01:30,1484.2857142857142
02-16 01:45,1484.2857142857142
02-16 02:00,0.0
02-16 02:15,0.0
02-16 02:30,0.0
02-16 02:45,0.0
02-16 03:00,0.0
02-16 03:15,0.0
02-16 03:30,0.0
02-16 03:45,0.0
02-16 04:00,0.0
02-16 04:15,0.0
02-16 04:30,0.0
02-16 04:45,0.0
02-16 05:00,1484.2857142857142
02-16 05:15,1484.2857142857142
02-16 05:30,1484.2857142857142
02-16 05:45,1484.2857142857142
02-16 06:00,0.0
02-16 06:15,0.0
02-16 06:30,0.0
02-16 06:45,0.0
02-16 07:00,2992.6189242428577
02-16 07:15,0.0
02-16 07:30,0.0
02-16 07:45,0.0
02-16 08:00,0.0
02-16 08:15,0.0
02-16 08:30,0.0
02-16 08:45,0.0
02-16 09:00,0.0
02-16 09:15,0.0
02-16 09:30,0.0
02-16 09:45,0.0
02-16 10:00,1484.2857142857142
02-16 10:15,2207.0018738742856
02-16 10:30,1484.2857142857142
02-16 10:45,1484.2857142857142
02-16 11:00,1959.85495592
02-16 11:15,2144.343577104286
02-16 11:30,1484.2857142857142
02-16 11:45,1484.2857142857142
02-16 12:00,1484.2857142857142
02-16 12:15,2363.730708482857
02-16 12:30,1484.2857142857142
02-16 12:45,1484.2857142857142
02-16 13:00,0.0
02-16 13:15,0.0
02-16 13:30,0.0
02-16 13:45,0.0
02-16 14:00,0.0
02-16 14:15,0.0
02-16 14:30,0.0
02-16 14:45,0.0
02-16 15:00,0.0
02-16 15:15,0.0
02-16 15:30,1829.983950571429
02-16 15:45,0.0
02-16 16:00,0.0
02-16 16:15,0.0
02-16 16:30,0.0
02-16 16:45,0.0
02-16 17:00,0.0
02-16 17:15,6315.646835214286
02-16 17:30,0.0
02-16 17:45,0.0
02-16 18:00,0.0
02-16 18:15,0.0
02-16 18:30,0.0
02-16 18:45,0.0
02-16 19:00,0.0
02-16 19:15,0.0
02-16 19:30,0.0
02-16 19:45,0.0
02-16 20:00,0.0
02-16 20:15,0.0
02-16 20:30,0.0
02-16 20:45,0.0
02-16 21:00,0.0
02-16 21:15,0.0
02-16 21:30,0.0
02-16 21:45,0.0
02-16 22:00,0.0
02-16 22:15,0.0
02-16 22:30,0.0
02-16 22:45,0.0
02-16 23:00,0.0
02-16 23:15,0.0
02-16 23:30,0.0
02-16 23:45,0.0
02-17 00:00,1484.2857142857142
02-17 00:15,1484.2857142857142
02-17 00:30,1484.2857142857142
02-17 00:45,1484.2857142857142
02-17 01:00,1484.2857142857142
02-17 01:15,1484.2857142857142
02-17 01:30,1484.2857142857142
02-17 01:45,1484.2857142857142
02-17 02:00,0.0
02-17 02:15,0.0
02-17 02:30,0.0
02-17 02:45,0.0
02-17 03:00,0.0
02-17 03:15,0.0
02-17 03:30,0.0
02-17 03:45,0.0
02-17 04:00,0.0
02-17 04:15,0.0
02-17 04:30,0.0
02-17 04:45,0.0
02-17 05:00,0.0
02-17 05:15,0.0
02-17 05:30,0.0
02-17 05:45,0.0
02-17 06:00,0.0
02-17 06:15,0.0
02-17 06:30,0.0
02-17 06:45,0.0
02-17 07:00,0.0
02-17 07:15,0.0
02-17 07:30,0.0
02-17 07:45,0.0
02-17 08:00,0.0
02-17 08:15,0.0
02-17 08:30,0.0
02-17 08:45,0.0
02-17 09:00,2078.463389228572
02-17 09:15,0.0
02-17 09:30,0.0
02-17 09:45,2051.974951414286
02-17 10:00,0.0
02-17 10:15,0.0
02-17 10:30,0.0
02-17 10:45,0.0
02-17 11:00,0.0
02-17 11:15,0.0
02-17 11:30,0.0
02-17 11:45,0.0
02-17 12:00,0.0
02-17 12:15,0.0
02-17 12:30,0.0
02-17 12:45,0.0
02-17 13:00,1484.2857142857142
02-17 13:15,1484.2857142857142
02-17 13:30,1484.2857142857142
02-17 13:45,2436.7830725014287
02-17 14:00,2337.35897045
02-17 14:15,2204.88890101
02-17 14:30,1992.455416415714
02-17 14:45,1484.2857142857142
02-17 15:00,0.0
02-17 15:15,0.0
02-17 15:30,0.0
02-17 15:45,0.0
02-17 16:00,2306.9372451
02-17 16:15,0.0
02-17 16:30,0.0
02-17 16:45,0.0
02-17 17:00,0.0
02-17 17:15,0.0
02-17 17:30,2968.908443371429
02-17 17:45,0.0
02-17 18:00,0.0
02-17 18:15,0.0
02-17 18:30,0.0
02-17 18:45,0.0
02-17 19:00,0.0
02-17 19:15,0.0
02-17 19:30,0.0
02-17 19:45,0.0
02-17 20:00,0.0
02-17 20:15,0.0
02-17 20:30,0.0
02-17 20:45,0.0
02-17 21:00,0.0
02-17 21:15,0.0
02-17 21:30,0.0
02-17 21:45,0.0
02-17 22:00,0.0
02-17 22:15,0.0
02-17 22:30,0.0
02-17 22:45,0.0
02-17 23:00,0.0
02-17 23:15,0.0
02-17 23:30,0.0
02-17 23:45,0.0
02-18 00:00,0.0
02-18 00:15,0.0
02-18 00:30,0.0
02-18 00:45,0.0
02-18 01:00,0.0
02-18 01:15,0.0
02-18 01:30,0.0
02-18 01:45,0.0
02-18 02:00,0.0
02-18 02:15,0.0
02-18 02:30,0.0
02-18 02:45,0.0
02-18 03:00,0.0
02-18 03:15,0.0
02-18 03:30,0.0
02-18 03:45,0.0
02-18 04:00,0.0
02-18 04:15,0.0
02-18 04:30,0.0
02-18 04:45,0.0
02-18 05:00,0.0
02-18 05:15,0.0
02-18 05:30,0.0
02-18 05:45,0.0
02-18 06:00,3867.3030973428577
02-18 06:15,0.0
02-18 06:30,0.0
02-18 06:45,0.0
02-18 07:00,0.0
02-18 07:15,0.0
02-18 07:30,0.0
02-18 07:45,0.0
02-18 08:00,0.0
02-18 08:15,0.0
02-18 08:30,0.0
02-18 08:45,0.0
02-18 09:00,0.0
02-18 09:15,0.0
02-18 09:30,0.0
02-18 09:45,0.0
02-18 10:00,0.0
02-18 10:15,0.0
02-18 10:30,0.0
02-18 10:45,3841.218962271429
02-18 11:00,0.0
02-18 11:15,0.0
02-18 11:30,0.0
02-18 11:45,0.0
02-18 12:00,0.0
02-18 12:15,0.0
02-18 12:30,0.0
02-18 12:45,0.0
02-18 13:00,0.0
02-18 13:15,0.0
02-18 13:30,0.0
02-18 13:45,0.0
02-18 14:00,0.0
02-18 14:15,3616.5462837142863
02-18 14:30,0.0
02-18 14:45,0.0
02-18 15:00,0.0
02-18 15:15,0.0
02-18 15:30,0.0
02-18 15:45,0.0
02-18 16:00,0.0
02-18 16:15,2761.714803171429
02-18 16:30,0.0
02-18 16:45,0.0
02-18 17:00,0.0
02-18 17:15,0.0
02-18 17:30,0.0
02-18 17:45,0.0
02-18 18:00,0.0
02-18 18:15,0.0
02-18 18:30,0.0
02-18 18:45,0.0
02-18 19:00,0.0
02-18 19:15,0.0
02-18 19:30,0.0
02-18 19:45,0.0
02-18 20:00,0.0
02-18 20:15,0.0
02-18 20:30,0.0
02-18 20:45,0.0
02-18 21:00,0.0
02-18 21:15,0.0
02-18 21:30,2073.731327314286
02-18 21:45,0.0
02-18 22:00,0.0
02-18 22:15,0.0
02-18 22:30,0.0
02-18 22:45,0.0
02-18 23:00,0.0
02-18 23:15,0.0
02-18 23:30,0.0
02-18 23:45,0.0
02-19 00:00,2849.9530435428574
02-19 00:15,0.0
02-19 00:30,0.0
02-19 00:45,0.0
02-19 01:00,1484.2857142857142
02-19 01:15,1484.2857142857142
02-19 01:30,1484.2857142857142
02-19 01:45,1484.2857142857142
02-19 02:00,1484.2857142857142
02-19 02:15,1484.2857142857142
02-19 02:30,1484.2857142857142
02-19 02:45,1484.2857142857142
02-19 03:00,0.0
02-19 03:15,0.0
02-19 03:30,0.0
02-19 03:45,0.0
02-19 04:00,0.0
02-19 04:15,0.0
02-19 04:30,0.0
02-19 04:45,0.0
02-19 05:00,0.0
02-19 05:15,0.0
02-19 05:30,0.0
02-19 05:45,0.0
02-19 06:00,0.0
02-19 06:15,0.0
02-19 06:30,0.0
02-19 06:45,0.0
02-19 07:00,0.0
02-19 07:15,0.0
02-19 07:30,0.0
02-19 07:45,0.0
02-19 08:00,0.0
02-19 08:15,0.0
02-19 08:30,0.0
02-19 08:45,0.0
02-19 09:00,0.0
02-19 09:15,0.0
02-19 09:30,0.0
02-19 09:45,0.0
02-19 10:00,0.0
02-19 10:15,0.0
02-19 10:30,0.0
02-19 10:45,0.0
02-19 11:00,0.0
02-19 11:15,0.0
02-19 11:30,0.0
02-19 11:45,0.0
02-19 12:00,0.0
02-19 12:15,0.0
02-19 12:30,3769.9984256857138
02-19 12:45,3759.884293285714
02-19 13:00,0.0
02-19 13:15,0.0
02-19 13:30,0.0
02-19 13:45,0.0
02-19 14:00,0.0
02-19 14:15,0.0
02-19 14:30,0.0
02-19 14:45,0.0
02-19 15:00,0.0
02-19 15:15,0.0
02-19 15:30,0.0
02-19 15:45,0.0
02-19 16:00,0.0
02-19 16:15,0.0
02-19 16:30,0.0
02-19 16:45,5000.584425200001
02-19 17:00,0.0
02-19 17:15,0.0
02-19 17:30,0.0
02-19 17:45,0.0
02-19 18:00,0.0
02-19 18:15,0.0
02-19 18:30,0.0
02-19 18:45,0.0
02-19 19:00,0.0
02-19 19:15,0.0
02-19 19:30,0.0
02-19 19:45,0.0
02-19 20:00,0.0
02-19 20:15,0.0
02-19 20:30,0.0
02-19 20:45,0.0
02-19 21:00,3762.513195585715
02-19 21:15,0.0
02-19 21:30,0.0
02-19 21:45,0.0
02-19 22:00,0.0
02-19 22:15,0.0
02-19 22:30,0.0
02-19 22:45,0.0
02-19 23:00,0.0
02-19 23:15,0.0
02-19 23:30,795.4250969170917
02-19 23:45,1484.2857142857142
02-20 00:00,1484.2857142857142
02-20 00:15,1484.2857142857142
02-20 00:30,1484.2857142857142
02-20 00:45,1484.2857142857142
02-20 01:00,1484.2857142857142
02-20 01:15,1484.2857142857142
02-20 01:30,1484.2857142857142
02-20 01:45,1484.2857142857142
02-20 02:00,1484.2857142857142
02-20 02:15,1484.2857142857142
02-20 02:30,1484.2857142857142
02-20 02:45,1484.2857142857142
02-20 03:00,1484.2857142857142
02-20 03:15,1484.2857142857142
02-20 03:30,1484.2857142857142
02-20 03:45,1484.2857142857142
02-20 04:00,0.0
02-20 04:15,0.0
02-20 04:30,0.0
02-20 04:45,0.0
02-20 05:00,0.0
02-20 05:15,0.0
02-20 05:30,0.0
02-20 05:45,0.0
02-20 06:00,0.0
02-20 06:15,0.0
02-20 06:30,0.0
02-20 06:45,0.0
02-20 07:00,0.0
02-20 07:15,0.0
02-20 07:30,0.0
02-20 07:45,2898.8375154428577
02-20 08:00,0.0
02-20 08:15,0.0
02-20 08:30,0.0
02-20 08:45,0.0
02-20 09:00,0.0
02-20 09:15,0.0
02-20 09:30,0.0
02-20 09:45,0.0
02-20 10:00,0.0
02-20 10:15,0.0
02-20 10:30,0.0
02-20 10:45,0.0
02-20 11:00,0.0
02-20 11:15,0.0
02-20 11:30,2656.1916387714286
02-20 11:45,0.0
02-20 12:00,5394.069702971429
02-20 12:15,5883.477109728572
02-20 12:30,0.0
02-20 12:45,0.0
02-20 13:00,0.0
02-20 13:15,0.0
02-20 13:30,0.0
02-20 13:45,0.0
02-20 14:00,0.0
02-20 14:15,0.0
02-20 14:30,0.0
02-20 14:45,0.0
02-20 15:00,0.0
02-20 15:15,0.0
02-20 15:30,0.0
02-20 15:45,0.0
02-20 16:00,0.0
02-20 16:15,0.0
02-20 16:30,2713.184211657143
02-20 16:45,0.0
02-20 17:00,0.0
02-20 17:15,0.0
02-20 17:30,0.0
02-20 17:45,0.0
02-20 18:00,0.0
02-20 18:15,0.0
02-20 18:30,0.0
02-20 18:45,0.0
02-20 19:00,0.0
02-20 19:15,0.0
02-20 19:30,0.0
02-20 19:45,0.0
02-20 20:00,0.0
02-20 20:15,3478.0798225714284
02-20 20:30,1545.726710171429
02-20 20:45,0.0
02-20 21:00,0.0
02-20 21:15,0.0
02-20 21:30,0.0
02-20 21:45,0.0
02-20 22:00,0.0
02-20 22:15,0.0
02-20 22:30,0.0
02-20 22:45,0.0
02-20 23:00,0.0
02-20 23:15,0.0
02-20 23:30,0.0
02-20 23:45,0.0
02-21 00:00,0.0
02-21 00:15,0.0
02-21 00:30,0.0
02-21 00:45,0.0
02-21 01:00,759.6920807214096
02-21 01:15,0.0
02-21 01:30,1484.2857142857142
02-21 01:45,1484.2857142857142
02-21 02:00,1484.2857142857142
02-21 02:15,1484.2857142857142
02-21 02:30,1484.2857142857142
02-21 02:45,1484.2857142857142
02-21 03:00,1484.2857142857142
02-21 03:15,1484.2857142857142
02-21 03:30,1484.2857142857142
02-21 03:45,1484.2857142857142
02-21 04:00,0.0
02-21 04:15,0.0
02-21 04:30,0.0
02-21 04:45,0.0
02-21 05:00,0.0
02-21 05:15,0.0
02-21 05:30,0.0
02-21 05:45,0.0
02-21 06:00,0.0
02-21 06:15,0.0
02-21 06:30,0.0
02-21 06:45,0.0
02-21 07:00,2812.001924528572
02-21 07:15,0.0
02-21 07:30,0.0
02-21 07:45,0.0
02-21 08:00,0.0
02-21 08:15,0.0
02-21 08:30,0.0
02-21 08:45,0.0
02-21 09:00,0.0
02-21 09:15,0.0
02-21 09:30,0.0
02-21 09:45,0.0
02-21 10:00,0.0
02-21 10:15,0.0
02-21 10:30,0.0
02-21 10:45,0.0
02-21 11:00,0.0
02-21 11:15,0.0
02-21 11:30,0.0
02-21 11:45,0.0
02-21 12:00,0.0
02-21 12:15,0.0
02-21 12:30,0.0
02-21 12:45,0.0
02-21 13:00,0.0
02-21 13:15,0.0
02-21 13:30,0.0
02-21 13:45,0.0
02-21 14:00,0.0
02-21 14:15,0.0
02-21 14:30,0.0
02-21 14:45,0.0
02-21 15:00,0.0
02-21 15:15,0.0
02-21 15:30,0.0
02-21 15:45,0.0
02-21 16:00,0.0
02-21 16:15,0.0
02-21 16:30,0.0
02-21 16:45,0.0
02-21 17:00,0.0
02-21 17:15,0.0
02-21 17:30,0.0
02-21 17:45,0.0
02-21 18:00,0.0
02-21 18:15,0.0
02-21 18:30,0.0
02-21 18:45,0.0
02-21 19:00,0.0
02-21 19:15,0.0
02-21 19:30,2540.695241442857
02-21 19:45,0.0
02-21 20:00,0.0
02-21 20:15,0.0
02-21 20:30,0.0
02-21 20:45,0.0
02-21 21:00,0.0
02-21 21:15,6690.777650000001
02-21 21:30,0.0
02-21 21:45,0.0
02-21 22:00,0.0
02-21 22:15,0.0
02-21 22:30,0.0
02-21 22:45,0.0
02-21 23:00,0.0
02-21 23:15,0.0
02-21 23:30,0.0
02-21 23:45,0.0
02-22 00:00,0.0
02-22 00:15,0.0
02-22 00:30,0.0
02-22 00:45,0.0
02-22 01:00,0.0
02-22 01:15,0.0
02-22 01:30,0.0
02-22 01:45,0.0
02-22 02:00,0.0
02-22 02:15,0.0
02-22 02:30,0.0
02-22 02:45,0.0
02-22 03:00,0.0
02-22 03:15,0.0
02-22 03:30,0.0
02-22 03:45,0.0
02-22 04:00,0.0
02-22 04:15,0.0
02-22 04:30,0.0
02-22 04:45,0.0
02-22 05:00,0.0
02-22 05:15,0.0
02-22 05:30,0.0
02-22 05:45,0.0
02-22 06:00,0.0
02-22 06:15,0.0
02-22 06:30,0.0
02-22 06:45,0.0
02-22 07:00,0.0
02-22 07:15,0.0
02-22 07:30,0.0
02-22 07:45,0.0
02-22 08:00,0.0
02-22 08:15,0.0
02-22 08:30,0.0
02-22 08:45,2420.626334314286
02-22 09:00,4231.813105028571
02-22 09:15,0.0
02-22 09:30,0.0
02-22 09:45,0.0
02-22 10:00,0.0
02-22 10:15,0.0
02-22 10:30,0.0
02-22 10:45,0.0
02-22 11:00,0.0
02-22 11:15,0.0
02-22 11:30,0.0
02-22 11:45,0.0
02-22 12:00,2839.987559528571
02-22 12:15,3842.684501200001
02-22 12:30,0.0
02-22 12:45,0.0
02-22 13:00,2925.790504842857
02-22 13:15,0.0
02-22 13:30,0.0
02-22 13:45,0.0
02-22 14:00,0.0
02-22 14:15,0.0
02-22 14:30,2684.5458551857146
02-22 14:45,0.0
02-22 15:00,0.0
02-22 15:15,0.0
02-22 15:30,0.0
02-22 15:45,0.0
02-22 16:00,0.0
02-22 16:15,0.0
02-22 16:30,0.0
02-22 16:45,0.0
02-22 17:00,0.0
02-22 17:15,0.0
02-22 17:30,0.0
02-22 17:45,0.0
02-22 18:00,0.0
02-22 18:15,0.0
02-22 18:30,0.0
02-22 18:45,0.0
02-22 19:00,0.0
02-22 19:15,0.0
02-22 19:30,0.0
02-22 19:45,0.0
02-22 20:00,0.0
02-22 20:15,0.0
02-22 20:30,0.0
02-22 20:45,0.0
02-22 21:00,0.0
02-22 21:15,0.0
02-22 21:30,0.0
02-22 21:45,0.0
02-22 22:00,0.0
02-22 22:15,0.0
02-22 22:30,0.0
02-22 22:45,0.0
02-22 23:00,0.0
02-22 23:15,0.0
02-22 23:30,0.0
02-22 23:45,0.0
02-23 00:00,0.0
02-23 00:15,0.0
02-23 00:30,0.0
02-23 00:45,0.0
02-23 01:00,0.0
02-23 01:15,0.0
02-23 01:30,0.0
02-23 01:45,0.0
02-23 02:00,0.0
02-23 02:15,0.0
02-23 02:30,0.0
02-23 02:45,0.0
02-23 03:00,0.0
02-23 03:15,373.30041618712784
02-23 03:30,0.0
02-23 03:45,0.0
02-23 04:00,1484.2857142857142
02-23 04:15,1484.2857142857142
02-23 04:30,1484.2857142857142
02-23 04:45,1484.2857142857142
02-23 05:00,0.0
02-23 05:15,0.0
02-23 05:30,0.0
02-23 05:45,0.0
02-23 06:00,0.0
02-23 06:15,0.0
02-23 06:30,3282.9044614428567
02-23 06:45,0.0
02-23 07:00,0.0
02-23 07:15,3725.5940753428567
02-23 07:30,0.0
02-23 07:45,0.0
02-23 08:00,4893.442081557144
02-23 08:15,0.0
02-23 08:30,0.0
02-23 08:45,0.0
02-23 09:00,0.0
02-23 09:15,0.0
02-23 09:30,0.0
02-23 09:45,0.0
02-23 10:00,0.0
02-23 10:15,0.0
02-23 10:30,0.0
02-23 10:45,0.0
02-23 11:00,0.0
02-23 11:15,0.0
02-23 11:30,0.0
02-23 11:45,0.0
02-23 12:00,2159.572208284286
02-23 12:15,1484.2857142857142
02-23 12:30,1484.2857142857142
02-23 12:45,1484.2857142857142
02-23 13:00,1732.380095965714
02-23 13:15,1484.2857142857142
02-23 13:30,2078.692823115714
02-23 13:45,1484.2857142857142
02-23 14:00,2216.001482622857
02-23 14:15,1484.2857142857142
02-23 14:30,2102.5504675514285
02-23 14:45,1484.2857142857142
02-23 15:00,1484.2857142857142
02-23 15:15,1484.2857142857142
02-23 15:30,1484.2857142857142
02-23 15:45,1484.2857142857142
02-23 16:00,0.0
02-23 16:15,0.0
02-23 16:30,0.0
02-23 16:45,0.0
02-23 17:00,0.0
02-23 17:15,0.0
02-23 17:30,0.0
02-23 17:45,0.0
02-23 18:00,0.0
02-23 18:15,0.0
02-23 18:30,0.0
02-23 18:45,0.0
02-23 19:00,0.0
02-23 19:15,0.0
02-23 19:30,0.0
02-23 19:45,3012.5720491714287
02-23 20:00,0.0
02-23 20:15,0.0
02-23 20:30,0.0
02-23 20:45,2996.757330528571
02-23 21:00,0.0
02-23 21:15,0.0
02-23 21:30,0.0
02-23 21:45,0.0
02-23 22:00,0.0
02-23 22:15,0.0
02-23 22:30,0.0
02-23 22:45,0.0
02-23 23:00,0.0
02-23 23:15,0.0
02-23 23:30,0.0
02-23 23:45,0.0
02-24 00:00,0.0
02-24 00:15,0.0
02-24 00:30,0.0
02-24 00:45,0.0
02-24 01:00,0.0
02-24 01:15,0.0
02-24 01:30,0.0
02-24 01:45,0.0
02-24 02:00,0.0
02-24 02:15,0.0
02-24 02:30,0.0
02-24 02:45,0.0
02-24 03:00,0.0
02-24 03:15,0.0
02-24 03:30,0.0
02-24 03:45,0.0
02-24 04:00,0.0
02-24 04:15,0.0
02-24 04:30,0.0
02-24 04:45,0.0
02-24 05:00,0.0
02-24 05:15,0.0
02-24 05:30,0.0
02-24 05:45,0.0
02-24 06:00,3441.741921014286
02-24 06:15,0.0
02-24 06:30,0.0
02-24 06:45,0.0
02-24 07:00,0.0
02-24 07:15,0.0
02-24 07:30,0.0
02-24 07:45,0.0
02-24 08:00,0.0
02-24 08:15,0.0
02-24 08:30,0.0
02-24 08:45,0.0
02-24 09:00,0.0
02-24 09:15,0.0
02-24 09:30,0.0
02-24 09:45,0.0
02-24 10:00,0.0
02-24 10:15,0.0
02-24 10:30,0.0
02-24 10:45,0.0
02-24 11:00,0.0
02-24 11:15,0.0
02-24 11:30,0.0
02-24 11:45,0.0
02-24 12:00,0.0
02-24 12:15,0.0
02-24 12:30,0.0
02-24 12:45,0.0
02-24 13:00,1484.2857142857142
02-24 13:15,1484.2857142857142
02-24 13:30,2223.621156931428
02-24 13:45,1484.2857142857142
02-24 14:00,2398.380791848572
02-24 14:15,1484.2857142857142
02-24 14:30,1484.2857142857142
02-24 14:45,1484.2857142857142
02-24 15:00,2230.4191044757144
02-24 15:15,1484.2857142857142
02-24 15:30,1975.4141639928573
02-24 15:45,1484.2857142857142
02-24 16:00,0.0
02-24 16:15,0.0
02-24 16:30,0.0
02-24 16:45,0.0
02-24 17:00,0.0
02-24 17:15,0.0
02-24 17:30,0.0
02-24 17:45,0.0
02-24 18:00,0.0
02-24 18:15,0.0
02-24 18:30,2175.944195285714
02-24 18:45,0.0
02-24 19:00,0.0
02-24 19:15,0.0
02-24 19:30,0.0
02-24 19:45,0.0
02-24 20:00,0.0
02-24 20:15,0.0
02-24 20:30,0.0
02-24 20:45,0.0
02-24 21:00,0.0
02-24 21:15,0.0
02-24 21:30,0.0
02-24 21:45,0.0
02-24 22:00,0.0
02-24 22:15,0.0
02-24 22:30,0.0
02-24 22:45,0.0
02-24 23:00,0.0
02-24 23:15,0.0
02-24 23:30,0.0
02-24 23:45,0.0
02-25 00:00,0.0
02-25 00:15,0.0
02-25 00:30,0.0
02-25 00:45,0.0
02-25 01:00,0.0
02-25 01:15,0.0
02-25 01:30,0.0
02-25 01:45,0.0
02-25 02:00,0.0
02-25 02:15,0.0
02-25 02:30,0.0
02-25 02:45,0.0
02-25 03:00,0.0
02-25 03:15,0.0
02-25 03:30,0.0
02-25 03:45,0.0
02-25 04:00,0.0
02-25 04:15,0.0
02-25 04:30,0.0
02-25 04:45,0.0
02-25 05:00,0.0
02-25 05:15,0.0
02-25 05:30,0.0
02-25 05:45,0.0
02-25 06:00,0.0
02-25 06:15,0.0
02-25 06:30,0.0
02-25 06:45,0.0
02-25 07:00,0.0
02-25 07:15,0.0
02-25 07:30,0.0
02-25 07:45,0.0
02-25 08:00,0.0
02-25 08:15,0.0
02-25 08:30,0.0
02-25 08:45,0.0
02-25 09:00,0.0
02-25 09:15,0.0
02-25 09:30,0.0
02-25 09:45,1890.2748879857145
02-25 10:00,513.8284393000002
02-25 10:15,1576.1511747857144
02-25 10:30,0.0
02-25 10:45,0.0
02-25 11:00,0.0
02-25 11:15,0.0
02-25 11:30,0.0
02-25 11:45,0.0
02-25 12:00,0.0
02-25 12:15,0.0
02-25 12:30,0.0
02-25 12:45,0.0
02-25 13:00,0.0
02-25 13:15,0.0
02-25 13:30,0.0
02-25 13:45,0.0
02-25 14:00,0.0
02-25 14:15,0.0
02-25 14:30,1588.2624800857143
02-25 14:45,0.0
02-25 15:00,0.0
02-25 15:15,0.0
02-25 15:30,4599.658045814287
02-25 15:45,0.0
02-25 16:00,0.0
02-25 16:15,0.0
02-25 16:30,2847.1428702857143
02-25 16:45,0.0
02-25 17:00,0.0
02-25 17:15,2266.1951014428573
02-25 17:30,0.0
02-25 17:45,2610.616456685714
02-25 18:00,0.0
02-25 18:15,0.0
02-25 18:30,0.0
02-25 18:45,0.0
02-25 19:00,0.0
02-25 19:15,0.0
02-25 19:30,0.0
02-25 19:45,0.0
02-25 20:00,0.0
02-25 20:15,0.0
02-25 20:30,0.0
02-25 20:45,0.0
02-25 21:00,0.0
02-25 21:15,0.0
02-25 21:30,0.0
02-25 21:45,0.0
02-25 22:00,0.0
02-25 22:15,0.0
02-25 22:30,0.0
02-25 22:45,0.0
02-25 23:00,0.0
02-25 23:15,0.0
02-25 23:30,0.0
02-25 23:45,0.0
02-26 00:00,0.0
02-26 00:15,2923.446867000001
02-26 00:30,0.0
02-26 00:45,0.0
02-26 01:00,0.0
02-26 01:15,0.0
02-26 01:30,0.0
02-26 01:45,0.0
02-26 02:00,0.0
02-26 02:15,0.0
02-26 02:30,0.0
02-26 02:45,0.0
02-26 03:00,1484.2857142857142
02-26 03:15,1484.2857142857142
02-26 03:30,1484.2857142857142
02-26 03:45,1484.2857142857142
02-26 04:00,0.0
02-26 04:15,0.0
02-26 04:30,0.0
02-26 04:45,0.0
02-26 05:00,0.0
02-26 05:15,0.0
02-26 05:30,0.0
02-26 05:45,0.0
02-26 06:00,0.0
02-26 06:15,0.0
02-26 06:30,0.0
02-26 06:45,0.0
02-26 07:00,0.0
02-26 07:15,0.0
02-26 07:30,0.0
02-26 07:45,4955.936911342858
02-26 08:00,0.0
02-26 08:15,0.0
02-26 08:30,0.0
02-26 08:45,0.0
02-26 09:00,0.0
02-26 09:15,0.0
02-26 09:30,0.0
02-26 09:45,0.0
02-26 10:00,4174.293792985715
02-26 10:15,0.0
02-26 10:30,0.0
02-26 10:45,0.0
02-26 11:00,0.0
02-26 11:15,0.0
02-26 11:30,0.0
02-26 11:45,0.0
02-26 12:00,0.0
02-26 12:15,0.0
02-26 12:30,0.0
02-26 12:45,0.0
02-26 13:00,0.0
02-26 13:15,0.0
02-26 13:30,0.0
02-26 13:45,0.0
02-26 14:00,0.0
02-26 14:15,0.0
02-26 14:30,4974.914118957144
02-26 14:45,0.0
02-26 15:00,0.0
02-26 15:15,0.0
02-26 15:30,0.0
02-26 15:45,0.0
02-26 16:00,0.0
02-26 16:15,0.0
02-26 16:30,0.0
02-26 16:45,0.0
02-26 17:00,0.0
02-26 17:15,0.0
02-26 17:30,0.0
02-26 17:45,0.0
02-26 18:00,0.0
02-26 18:15,0.0
02-26 18:30,0.0
02-26 18:45,0.0
02-26 19:00,0.0
02-26 19:15,0.0
02-26 19:30,0.0
02-26 19:45,0.0
02-26 20:00,0.0
02-26 20:15,0.0
02-26 20:30,0.0
02-26 20:45,0.0
02-26 21:00,0.0
02-26 21:15,0.0
02-26 21:30,0.0
02-26 21:45,0.0
02-26 22:00,0.0
02-26 22:15,0.0
02-26 22:30,0.0
02-26 22:45,0.0
02-26 23:00,0.0
02-26 23:15,0.0
02-26 23:30,0.0
02-26 23:45,0.0
02-27 00:00,0.0
02-27 00:15,0.0
02-27 00:30,0.0
02-27 00:45,0.0
02-27 01:00,0.0
02-27 01:15,0.0
02-27 01:30,0.0
02-27 01:45,0.0
02-27 02:00,0.0
02-27 02:15,0.0
02-27 02:30,0.0
02-27 02:45,0.0
02-27 03:00,0.0
02-27 03:15,0.0
02-27 03:30,0.0
02-27 03:45,0.0
02-27 04:00,0.0
02-27 04:15,0.0
02-27 04:30,0.0
02-27 04:45,0.0
02-27 05:00,0.0
02-27 05:15,0.0
02-27 05:30,0.0
02-27 05:45,0.0
02-27 06:00,0.0
02-27 06:15,0.0
02-27 06:30,0.0
02-27 06:45,0.0
02-27 07:00,0.0
02-27 07:15,0.0
02-27 07:30,2827.586441728572
02-27 07:45,0.0
02-27 08:00,0.0
02-27 08:15,0.0
02-27 08:30,0.0
02-27 08:45,0.0
02-27 09:00,0.0
02-27 09:15,0.0
02-27 09:30,0.0
02-27 09:45,0.0
02-27 10:00,0.0
02-27 10:15,0.0
02-27 10:30,0.0
02-27 10:45,0.0
02-27 11:00,0.0
02-27 11:15,0.0
02-27 11:30,0.0
02-27 11:45,0.0
02-27 12:00,0.0
02-27 12:15,0.0
02-27 12:30,0.0
02-27 12:45,0.0
02-27 13:00,7247.424263042857
02-27 13:15,0.0
02-27 13:30,0.0
02-27 13:45,0.0
02-27 14:00,0.0
02-27 14:15,0.0
02-27 14:30,0.0
02-27 14:45,1340.6178537285716
02-27 15:00,0.0
02-27 15:15,0.0
02-27 15:30,0.0
02-27 15:45,0.0
02-27 16:00,3024.5728436571426
02-27 16:15,0.0
02-27 16:30,0.0
02-27 16:45,0.0
02-27 17:00,0.0
02-27 17:15,0.0
02-27 17:30,0.0
02-27 17:45,0.0
02-27 18:00,0.0
02-27 18:15,0.0
02-27 18:30,0.0
02-27 18:45,0.0
02-27 19:00,0.0
02-27 19:15,0.0
02-27 19:30,0.0
02-27 19:45,0.0
02-27 20:00,0.0
02-27 20:15,0.0
02-27 20:30,0.0
02-27 20:45,0.0
02-27 21:00,0.0
02-27 21:15,0.0
02-27 21:30,0.0
02-27 21:45,0.0
02-27 22:00,0.0
02-27 22:15,0.0
02-27 22:30,0.0
02-27 22:45,0.0
02-27 23:00,0.0
02-27 23:15,0.0
02-27 23:30,0.0
02-27 23:45,0.0
02-28 00:00,1484.2857142857142
02-28 00:15,1484.2857142857142
02-28 00:30,1484.2857142857142
02-28 00:45,1484.2857142857142
02-28 01:00,1484.2857142857142
02-28 01:15,1484.2857142857142
02-28 01:30,1484.2857142857142
02-28 01:45,1484.2857142857142
02-28 02:00,1484.2857142857142
02-28 02:15,1484.2857142857142
02-28 02:30,1484.2857142857142
02-28 02:45,1484.2857142857142
02-28 03:00,1484.2857142857142
02-28 03:15,1484.2857142857142
02-28 03:30,1484.2857142857142
02-28 03:45,1484.2857142857142
02-28 04:00,1484.2857142857142
02-28 04:15,1484.2857142857142
02-28 04:30,1484.2857142857142
02-28 04:45,1484.2857142857142
02-28 05:00,1484.2857142857142
02-28 05:15,1484.2857142857142
02-28 05:30,1484.2857142857142
02-28 05:45,1484.2857142857142
02-28 06:00,0.0
02-28 06:15,3365.004566042857
02-28 06:30,0.0
02-28 06:45,0.0
02-28 07:00,0.0
02-28 07:15,0.0
02-28 07:30,0.0
02-28 07:45,0.0
02-28 08:00,0.0
02-28 08:15,0.0
02-28 08:30,5023.857367414287
02-28 08:45,0.0
02-28 09:00,0.0
02-28 09:15,0.0
02-28 09:30,0.0
02-28 09:45,0.0
02-28 10:00,0.0
02-28 10:15,0.0
02-28 10:30,0.0
02-28 10:45,0.0
02-28 11:00,0.0
02-28 11:15,0.0
02-28 11:30,0.0
02-28 11:45,0.0
02-28 12:00,0.0
02-28 12:15,0.0
02-28 12:30,0.0
02-28 12:45,0.0
02-28 13:00,0.0
02-28 13:15,0.0
02-28 13:30,0.0
02-28 13:45,0.0
02-28 14:00,0.0
02-28 14:15,0.0
02-28 14:30,0.0
02-28 14:45,0.0
02-28 15:00,0.0
02-28 15:15,0.0
02-28 15:30,0.0
02-28 15:45,0.0
02-28 16:00,0.0
02-28 16:15,0.0
02-28 16:30,0.0
02-28 16:45,0.0
02-28 17:00,0.0
02-28 17:15,0.0
02-28 17:30,0.0
02-28 17:45,0.0
02-28 18:00,3146.399069857143
02-28 18:15,0.0
02-28 18:30,0.0
02-28 18:45,0.0
02-28 19:00,0.0
02-28 19:15,0.0
02-28 19:30,0.0
02-28 19:45,0.0
02-28 20:00,0.0
02-28 20:15,0.0
02-28 20:30,0.0
02-28 20:45,0.0
02-28 21:00,0.0
02-28 21:15,0.0
02-28 21:30,0.0
02-28 21:45,0.0
02-28 22:00,0.0
02-28 22:15,0.0
02-28 22:30,0.0
02-28 22:45,0.0
02-28 23:00,0.0
02-28 23:15,0.0
02-28 23:30,0.0
02-28 23:45,0.0
03-01 00:00,0.0
03-01 00:15,0.0
03-01 00:30,0.0
03-01 00:45,0.0
03-01 01:00,0.0
03-01 01:15,0.0
03-01 01:30,0.0
03-01 01:45,0.0
03-01 02:00,0.0
03-01 02:15,0.0
03-01 02:30,0.0
03-01 02:45,0.0
03-01 03:00,0.0
03-01 03:15,0.0
03-01 03:30,0.0
03-01 03:45,0.0
03-01 04:00,0.0
03-01 04:15,0.0
03-01 04:30,0.0
03-01 04:45,0.0
03-01 05:00,0.0
03-01 05:15,0.0
03-01 05:30,0.0
03-01 05:45,0.0
03-01 06:00,0.0
03-01 06:15,0.0
03-01 06:30,0.0
03-01 06:45,0.0
03-01 07:00,0.0
03-01 07:15,0.0
03-01 07:30,0.0
03-01 07:45,0.0
03-01 08:00,0.0
03-01 08:15,0.0
03-01 08:30,0.0
03-01 08:45,2868.9071328000005
03-01 09:00,0.0
03-01 09:15,0.0
03-01 09:30,0.0
03-01 09:45,4875.7273946000005
03-01 10:00,3694.269999642858
03-01 10:15,0.0
03-01 10:30,0.0
03-01 10:45,0.0
03-01 11:00,0.0
03-01 11:15,0.0
03-01 11:30,0.0
03-01 11:45,0.0
03-01 12:00,0.0
03-01 12:15,0.0
03-01 12:30,0.0
03-01 12:45,0.0
03-01 13:00,0.0
03-01 13:15,0.0
03-01 13:30,0.0
03-01 13:45,0.0
03-01 14:00,0.0
03-01 14:15,0.0
03-01 14:30,0.0
03-01 14:45,0.0
03-01 15:00,0.0
03-01 15:15,3799.182458385714
03-01 15:30,0.0
03-01 15:45,0.0
03-01 16:00,0.0
03-01 16:15,0.0
03-01 16:30,0.0
03-01 16:45,0.0
03-01 17:00,0.0
03-01 17:15,0.0
03-01 17:30,0.0
03-01 17:45,0.0
03-01 18:00,0.0
03-01 18:15,0.0
03-01 18:30,0.0
03-01 18:45,0.0
03-01 19:00,0.0
03-01 19:15,0.0
03-01 19:30,0.0
03-01 19:45,0.0
03-01 20:00,0.0
03-01 20:15,0.0
03-01 20:30,0.0
03-01 20:45,0.0
03-01 21:00,0.0
03-01 21:15,0.0
03-01 21:30,0.0
03-01 21:45,0.0
03-01 22:00,0.0
03-01 22:15,0.0
03-01 22:30,0.0
03-01 22:45,0.0
03-01 23:00,0.0
03-01 23:15,0.0
03-01 23:30,0.0
03-01 23:45,0.0
03-02 00:00,0.0
03-02 00:15,0.0
03-02 00:30,0.0
03-02 00:45,0.0
03-02 01:00,0.0
03-02 01:15,0.0
03-02 01:30,0.0
03-02 01:45,0.0
03-02 02:00,0.0
03-02 02:15,0.0
03-02 02:30,0.0
03-02 02:45,0.0
03-02 03:00,0.0
03-02 03:15,0.0
03-02 03:30,0.0
03-02 03:45,0.0
03-02 04:00,0.0
03-02 04:15,0.0
03-02 04:30,0.0
03-02 04:45,0.0
03-02 05:00,0.0
03-02 05:15,0.0
03-02 05:30,0.0
03-02 05:45,0.0
03-02 06:00,0.0
03-02 06:15,0.0
03-02 06:30,0.0
03-02 06:45,0.0
03-02 07:00,0.0
03-02 07:15,0.0
03-02 07:30,0.0
03-02 07:45,0.0
03-02 08:00,0.0
03-02 08:15,0.0
03-02 08:30,0.0
03-02 08:45,0.0
03-02 09:00,0.0
03-02 09:15,0.0
03-02 09:30,0.0
03-02 09:45,0.0
03-02 10:00,0.0
03-02 10:15,0.0
03-02 10:30,0.0
03-02 10:45,0.0
03-02 11:00,0.0
03-02 11:15,0.0
03-02 11:30,0.0
03-02 11:45,0.0
03-02 12:00,0.0
03-02 12:15,0.0
03-02 12:30,0.0
03-02 12:45,0.0
03-02 13:00,0.0
03-02 13:15,0.0
03-02 13:30,0.0
03-02 13:45,0.0
03-02 14:00,0.0
03-02 14:15,0.0
03-02 14:30,3128.1186327000005
03-02 14:45,0.0
03-02 15:00,3543.436550157143
03-02 15:15,0.0
03-02 15:30,0.0
03-02 15:45,0.0
03-02 16:00,0.0
03-02 16:15,0.0
03-02 16:30,0.0
03-02 16:45,0.0
03-02 17:00,0.0
03-02 17:15,0.0
03-02 17:30,0.0
03-02 17:45,0.0
03-02 18:00,0.0
03-02 18:15,0.0
03-02 18:30,0.0
03-02 18:45,0.0
03-02 19:00,0.0
03-02 19:15,0.0
03-02 19:30,0.0
03-02 19:45,0.0
03-02 20:00,0.0
03-02 20:15,0.0
03-02 20:30,0.0
03-02 20:45,0.0
03-02 21:00,0.0
03-02 21:15,0.0
03-02 21:30,0.0
03-02 21:45,0.0
03-02 22:00,0.0
03-02 22:15,0.0
03-02 22:30,0.0
03-02 22:45,0.0
03-02 23:00,0.0
03-02 23:15,0.0
03-02 23:30,0.0
03-02 23:45,0.0
03-03 00:00,0.0
03-03 00:15,0.0
03-03 00:30,0.0
03-03 00:45,0.0
03-03 01:00,0.0
03-03 01:15,0.0
03-03 01:30,0.0
03-03 01:45,0.0
03-03 02:00,0.0
03-03 02:15,0.0
03-03 02:30,0.0
03-03 02:45,0.0
03-03 03:00,0.0
03-03 03:15,0.0
03-03 03:30,0.0
03-03 03:45,0.0
03-03 04:00,0.0
03-03 04:15,0.0
03-03 04:30,1258.4537752442866
03-03 04:45,0.0
03-03 05:00,1484.2857142857142
03-03 05:15,1484.2857142857142
03-03 05:30,1484.2857142857142
03-03 05:45,1484.2857142857142
03-03 06:00,1484.2857142857142
03-03 06:15,1484.2857142857142
03-03 06:30,1484.2857142857142
03-03 06:45,1484.2857142857142
03-03 07:00,1484.2857142857142
03-03 07:15,1484.2857142857142
03-03 07:30,1484.2857142857142
03-03 07:45,1484.2857142857142
03-03 08:00,3055.8850174428567
03-03 08:15,0.0
03-03 08:30,0.0
03-03 08:45,0.0
03-03 09:00,7755.631042771428
03-03 09:15,0.0
03-03 09:30,5290.377518528572
03-03 09:45,0.0
03-03 10:00,0.0
03-03 10:15,0.0
03-03 10:30,0.0
03-03 10:45,2719.1728617857143
03-03 11:00,0.0
03-03 11:15,0.0
03-03 11:30,3519.966794071429
03-03 11:45,0.0
03-03 12:00,0.0
03-03 12:15,0.0
03-03 12:30,0.0
03-03 12:45,5410.0819982428575
03-03 13:00,0.0
03-03 13:15,0.0
03-03 13:30,0.0
03-03 13:45,0.0
03-03 14:00,0.0
03-03 14:15,0.0
03-03 14:30,0.0
03-03 14:45,0.0
03-03 15:00,0.0
03-03 15:15,5492.315299771429
03-03 15:30,0.0
03-03 15:45,0.0
03-03 16:00,0.0
03-03 16:15,0.0
03-03 16:30,0.0
03-03 16:45,0.0
03-03 17:00,0.0
03-03 17:15,0.0
03-03 17:30,1879.3215319714288
03-03 17:45,0.0
03-03 18:00,0.0
03-03 18:15,0.0
03-03 18:30,0.0
03-03 18:45,0.0
03-03 19:00,0.0
03-03 19:15,0.0
03-03 19:30,0.0
03-03 19:45,0.0
03-03 20:00,0.0
03-03 20:15,0.0
03-03 20:30,0.0
03-03 20:45,0.0
03-03 21:00,0.0
03-03 21:15,0.0
03-03 21:30,0.0
03-03 21:45,0.0
03-03 22:00,0.0
03-03 22:15,0.0
03-03 22:30,0.0
03-03 22:45,0.0
03-03 23:00,0.0
03-03 23:15,0.0
03-03 23:30,0.0
03-03 23:45,0.0
03-04 00:00,1484.2857142857142
03-04 00:15,1484.2857142857142
03-04 00:30,1484.2857142857142
03-04 00:45,1484.2857142857142
03-04 01:00,1484.2857142857142
03-04 01:15,1484.2857142857142
03-04 01:30,1484.2857142857142
03-04 01:45,1484.2857142857142
03-04 02:00,1484.2857142857142
03-04 02:15,1484.2857142857142
03-04 02:30,1484.2857142857142
03-04 02:45,1484.2857142857142
03-04 03:00,1484.2857142857142
03-04 03:15,1484.2857142857142
03-04 03:30,1484.2857142857142
03-04 03:45,1484.2857142857142
03-04 04:00,1484.2857142857142
03-04 04:15,1484.2857142857142
03-04 04:30,1484.2857142857142
03-04 04:45,1484.2857142857142
03-04 05:00,0.0
03-04 05:15,0.0
03-04 05:30,0.0
03-04 05:45,0.0
03-04 06:00,0.0
03-04 06:15,4327.692217328573
03-04 06:30,0.0
03-04 06:45,0.0
03-04 07:00,0.0
03-04 07:15,0.0
03-04 07:30,0.0
03-04 07:45,0.0
03-04 08:00,0.0
03-04 08:15,2899.1837411285715
03-04 08:30,0.0
03-04 08:45,0.0
03-04 09:00,0.0
03-04 09:15,0.0
03-04 09:30,0.0
03-04 09:45,0.0
03-04 10:00,0.0
03-04 10:15,0.0
03-04 10:30,3262.394568314286
03-04 10:45,0.0
03-04 11:00,0.0
03-04 11:15,0.0
03-04 11:30,0.0
03-04 11:45,0.0
03-04 12:00,0.0
03-04 12:15,0.0
03-04 12:30,0.0
03-04 12:45,0.0
03-04 13:00,0.0
03-04 13:15,763.3376272285715
03-04 13:30,0.0
03-04 13:45,1197.9862568
03-04 14:00,0.0
03-04 14:15,4116.591791114287
03-04 14:30,0.0
03-04 14:45,0.0
03-04 15:00,0.0
03-04 15:15,0.0
03-04 15:30,0.0
03-04 15:45,0.0
03-04 16:00,0.0
03-04 16:15,0.0
03-04 16:30,0.0
03-04 16:45,0.0
03-04 17:00,0.0
03-04 17:15,0.0
03-04 17:30,0.0
03-04 17:45,0.0
03-04 18:00,0.0
03-04 18:15,0.0
03-04 18:30,0.0
03-04 18:45,1332.6110958142858
03-04 19:00,0.0
03-04 19:15,0.0
03-04 19:30,0.0
03-04 19:45,0.0
03-04 20:00,0.0
03-04 20:15,0.0
03-04 20:30,0.0
03-04 20:45,0.0
03-04 21:00,0.0
03-04 21:15,0.0
03-04 21:30,0.0
03-04 21:45,0.0
03-04 22:00,0.0
03-04 22:15,0.0
03-04 22:30,0.0
03-04 22:45,0.0
03-04 23:00,1484.2857142857142
03-04 23:15,4347.813658442858
03-04 23:30,1484.2857142857142
03-04 23:45,1484.2857142857142
03-05 00:00,1484.2857142857142
03-05 00:15,1983.4814673885712
03-05 00:30,1484.2857142857142
03-05 00:45,1484.2857142857142
03-05 01:00,1484.2857142857142
03-05 01:15,1484.2857142857142
03-05 01:30,1484.2857142857142
03-05 01:45,1484.2857142857142
03-05 02:00,1484.2857142857142
03-05 02:15,1484.2857142857142
03-05 02:30,1484.2857142857142
03-05 02:45,1484.2857142857142
03-05 03:00,1484.2857142857142
03-05 03:15,1484.2857142857142
03-05 03:30,1484.2857142857142
03-05 03:45,1484.2857142857142
03-05 04:00,1484.2857142857142
03-05 04:15,1484.2857142857142
03-05 04:30,1484.2857142857142
03-05 04:45,1484.2857142857142
03-05 05:00,0.0
03-05 05:15,0.0
03-05 05:30,0.0
03-05 05:45,0.0
03-05 06:00,0.0
03-05 06:15,0.0
03-05 06:30,0.0
03-05 06:45,0.0
03-05 07:00,0.0
03-05 07:15,0.0
03-05 07:30,0.0
03-05 07:45,0.0
03-05 08:00,0.0
03-05 08:15,0.0
03-05 08:30,0.0
03-05 08:45,0.0
03-05 09:00,0.0
03-05 09:15,0.0
03-05 09:30,2114.745517942857
03-05 09:45,0.0
03-05 10:00,0.0
03-05 10:15,0.0
03-05 10:30,0.0
03-05 10:45,0.0
03-05 11:00,0.0
03-05 11:15,0.0
03-05 11:30,0.0
03-05 11:45,0.0
03-05 12:00,0.0
03-05 12:15,0.0
03-05 12:30,0.0
03-05 12:45,0.0
03-05 13:00,0.0
03-05 13:15,0.0
03-05 13:30,1971.3675805142857
03-05 13:45,0.0
03-05 14:00,0.0
03-05 14:15,3211.7838473714287
03-05 14:30,0.0
03-05 14:45,0.0
03-05 15:00,0.0
03-05 15:15,0.0
03-05 15:30,1884.2904378857147
03-05 15:45,6061.648443585715
03-05 16:00,0.0
03-05 16:15,0.0
03-05 16:30,0.0
03-05 16:45,0.0
03-05 17:00,0.0
03-05 17:15,0.0
03-05 17:30,0.0
03-05 17:45,0.0
03-05 18:00,0.0
03-05 18:15,0.0
03-05 18:30,0.0
03-05 18:45,0.0
03-05 19:00,0.0
03-05 19:15,0.0
03-05 19:30,0.0
03-05 19:45,0.0
03-05 20:00,0.0
03-05 20:15,2367.6170509714284
03-05 20:30,0.0
03-05 20:45,0.0
03-05 21:00,0.0
03-05 21:15,0.0
03-05 21:30,0.0
03-05 21:45,0.0
03-05 22:00,0.0
03-05 22:15,0.0
03-05 22:30,0.0
03-05 22:45,0.0
03-05 23:00,0.0
03-05 23:15,4156.087217771429
03-05 23:30,0.0
03-05 23:45,0.0
03-06 00:00,0.0
03-06 00:15,0.0
03-06 00:30,0.0
03-06 00:45,0.0
03-06 01:00,0.0
03-06 01:15,0.0
03-06 01:30,0.0
03-06 01:45,0.0
03-06 02:00,0.0
03-06 02:15,0.0
03-06 02:30,0.0
03-06 02:45,0.0
03-06 03:00,0.0
03-06 03:15,0.0
03-06 03:30,0.0
03-06 03:45,0.0
03-06 04:00,0.0
03-06 04:15,0.0
03-06 04:30,0.0
03-06 04:45,0.0
03-06 05:00,0.0
03-06 05:15,0.0
03-06 05:30,0.0
03-06 05:45,0.0
03-06 06:00,0.0
03-06 06:15,0.0
03-06 06:30,0.0
03-06 06:45,0.0
03-06 07:00,0.0
03-06 07:15,0.0
03-06 07:30,0.0
03-06 07:45,0.0
03-06 08:00,0.0
03-06 08:15,0.0
03-06 08:30,0.0
03-06 08:45,0.0
03-06 09:00,0.0
03-06 09:15,0.0
03-06 09:30,0.0
03-06 09:45,0.0
03-06 10:00,0.0
03-06 10:15,0.0
03-06 10:30,0.0
03-06 10:45,0.0
03-06 11:00,0.0
03-06 11:15,0.0
03-06 11:30,0.0
03-06 11:45,0.0
03-06 12:00,1616.5856292
03-06 12:15,3222.2664980571435
03-06 12:30,0.0
03-06 12:45,0.0
03-06 13:00,0.0
03-06 13:15,0.0
03-06 13:30,0.0
03-06 13:45,0.0
03-06 14:00,0.0
03-06 14:15,0.0
03-06 14:30,0.0
03-06 14:45,0.0
03-06 15:00,0.0
03-06 15:15,0.0
03-06 15:30,3283.121109614286
03-06 15:45,0.0
03-06 16:00,0.0
03-06 16:15,0.0
03-06 16:30,0.0
03-06 16:45,0.0
03-06 17:00,0.0
03-06 17:15,0.0
03-06 17:30,0.0
03-06 17:45,0.0
03-06 18:00,0.0
03-06 18:15,0.0
03-06 18:30,2053.251786542857
03-06 18:45,0.0
03-06 19:00,0.0
03-06 19:15,0.0
03-06 19:30,0.0
03-06 19:45,0.0
03-06 20:00,0.0
03-06 20:15,0.0
03-06 20:30,0.0
03-06 20:45,0.0
03-06 21:00,0.0
03-06 21:15,0.0
03-06 21:30,0.0
03-06 21:45,0.0
03-06 22:00,0.0
03-06 22:15,0.0
03-06 22:30,0.0
03-06 22:45,0.0
03-06 23:00,0.0
03-06 23:15,0.0
03-06 23:30,0.0
03-06 23:45,0.0
03-07 00:00,0.0
03-07 00:15,0.0
03-07 00:30,0.0
03-07 00:45,0.0
03-07 01:00,0.0
03-07 01:15,0.0
03-07 01:30,0.0
03-07 01:45,0.0
03-07 02:00,0.0
03-07 02:15,0.0
03-07 02:30,0.0
03-07 02:45,0.0
03-07 03:00,0.0
03-07 03:15,0.0
03-07 03:30,0.0
03-07 03:45,0.0
03-07 04:00,0.0
03-07 04:15,0.0
03-07 04:30,0.0
03-07 04:45,0.0
03-07 05:00,0.0
03-07 05:15,0.0
03-07 05:30,0.0
03-07 05:45,0.0
03-07 06:00,0.0
03-07 06:15,0.0
03-07 06:30,0.0
03-07 06:45,0.0
03-07 07:00,0.0
03-07 07:15,0.0
03-07 07:30,9372.416171328572
03-07 07:45,0.0
03-07 08:00,0.0
03-07 08:15,0.0
03-07 08:30,0.0
03-07 08:45,0.0
03-07 09:00,0.0
03-07 09:15,0.0
03-07 09:30,0.0
03-07 09:45,0.0
03-07 10:00,0.0
03-07 10:15,0.0
03-07 10:30,0.0
03-07 10:45,0.0
03-07 11:00,0.0
03-07 11:15,0.0
03-07 11:30,0.0
03-07 11:45,0.0
03-07 12:00,0.0
03-07 12:15,0.0
03-07 12:30,0.0
03-07 12:45,0.0
03-07 13:00,0.0
03-07 13:15,0.0
03-07 13:30,0.0
03-07 13:45,0.0
03-07 14:00,0.0
03-07 14:15,0.0
03-07 14:30,0.0
03-07 14:45,0.0
03-07 15:00,0.0
03-07 15:15,0.0
03-07 15:30,2080.720965614286
03-07 15:45,0.0
03-07 16:00,0.0
03-07 16:15,0.0
03-07 16:30,0.0
03-07 16:45,5514.653725357143
03-07 17:00,4155.227785114285
03-07 17:15,0.0
03-07 17:30,0.0
03-07 17:45,0.0
03-07 18:00,0.0
03-07 18:15,0.0
03-07 18:30,0.0
03-07 18:45,0.0
03-07 19:00,0.0
03-07 19:15,0.0
03-07 19:30,0.0
03-07 19:45,0.0
03-07 20:00,0.0
03-07 20:15,0.0
03-07 20:30,0.0
03-07 20:45,0.0
03-07 21:00,0.0
03-07 21:15,0.0
03-07 21:30,0.0
03-07 21:45,0.0
03-07 22:00,0.0
03-07 22:15,0.0
03-07 22:30,0.0
03-07 22:45,0.0
03-07 23:00,0.0
03-07 23:15,0.0
03-07 23:30,0.0
03-07 23:45,0.0
03-08 00:00,0.0
03-08 00:15,0.0
03-08 00:30,0.0
03-08 00:45,0.0
03-08 01:00,1484.2857142857142
03-08 01:15,1484.2857142857142
03-08 01:30,1484.2857142857142
03-08 01:45,1484.2857142857142
03-08 02:00,1484.2857142857142
03-08 02:15,1484.2857142857142
03-08 02:30,1484.2857142857142
03-08 02:45,1484.2857142857142
03-08 03:00,1484.2857142857142
03-08 03:15,1484.2857142857142
03-08 03:30,1484.2857142857142
03-08 03:45,1484.2857142857142
03-08 04:00,0.0
03-08 04:15,0.0
03-08 04:30,0.0
03-08 04:45,0.0
03-08 05:00,0.0
03-08 05:15,0.0
03-08 05:30,0.0
03-08 05:45,0.0
03-08 06:00,0.0
03-08 06:15,0.0
03-08 06:30,0.0
03-08 06:45,0.0
03-08 07:00,0.0
03-08 07:15,3954.504617814287
03-08 07:30,0.0
03-08 07:45,0.0
03-08 08:00,0.0
03-08 08:15,0.0
03-08 08:30,0.0
03-08 08:45,5473.071849457144
03-08 09:00,0.0
03-08 09:15,0.0
03-08 09:30,0.0
03-08 09:45,0.0
03-08 10:00,0.0
03-08 10:15,5833.224289057143
03-08 10:30,0.0
03-08 10:45,0.0
03-08 11:00,0.0
03-08 11:15,0.0
03-08 11:30,0.0
03-08 11:45,0.0
03-08 12:00,0.0
03-08 12:15,0.0
03-08 12:30,0.0
03-08 12:45,0.0
03-08 13:00,4368.479418714287
03-08 13:15,0.0
03-08 13:30,0.0
03-08 13:45,0.0
03-08 14:00,0.0
03-08 14:15,0.0
03-08 14:30,0.0
03-08 14:45,0.0
03-08 15:00,0.0
03-08 15:15,0.0
03-08 15:30,0.0
03-08 15:45,2579.764973885715
03-08 16:00,0.0
03-08 16:15,0.0
03-08 16:30,0.0
03-08 16:45,0.0
03-08 17:00,3963.8966035000008
03-08 17:15,0.0
03-08 17:30,0.0
03-08 17:45,3811.002704828572
03-08 18:00,0.0
03-08 18:15,0.0
03-08 18:30,0.0
03-08 18:45,0.0
03-08 19:00,0.0
03-08 19:15,0.0
03-08 19:30,0.0
03-08 19:45,0.0
03-08 20:00,0.0
03-08 20:15,0.0
03-08 20:30,0.0
03-08 20:45,0.0
03-08 21:00,0.0
03-08 21:15,0.0
03-08 21:30,0.0
03-08 21:45,0.0
03-08 22:00,0.0
03-08 22:15,0.0
03-08 22:30,0.0
03-08 22:45,0.0
03-08 23:00,0.0
03-08 23:15,0.0
03-08 23:30,0.0
03-08 23:45,0.0
03-09 00:00,0.0
03-09 00:15,0.0
03-09 00:30,0.0
03-09 00:45,0.0
03-09 01:00,0.0
03-09 01:15,0.0
03-09 01:30,0.0
03-09 01:45,0.0
03-09 02:00,0.0
03-09 02:15,0.0
03-09 02:30,0.0
03-09 02:45,0.0
03-09 03:00,0.0
03-09 03:15,0.0
03-09 03:30,0.0
03-09 03:45,0.0
03-09 04:00,0.0
03-09 04:15,0.0
03-09 04:30,0.0
03-09 04:45,0.0
03-09 05:00,1484.2857142857142
03-09 05:15,1484.2857142857142
03-09 05:30,1484.2857142857142
03-09 05:45,1484.2857142857142
03-09 06:00,1484.2857142857142
03-09 06:15,1484.2857142857142
03-09 06:30,1484.2857142857142
03-09 06:45,1484.2857142857142
03-09 07:00,0.0
03-09 07:15,0.0
03-09 07:30,0.0
03-09 07:45,0.0
03-09 08:00,0.0
03-09 08:15,0.0
03-09 08:30,1895.654142514286
03-09 08:45,0.0
03-09 09:00,2276.7810141428577
03-09 09:15,0.0
03-09 09:30,0.0
03-09 09:45,0.0
03-09 10:00,0.0
03-09 10:15,0.0
03-09 10:30,0.0
03-09 10:45,0.0
03-09 11:00,0.0
03-09 11:15,0.0
03-09 11:30,0.0
03-09 11:45,0.0
03-09 12:00,0.0
03-09 12:15,0.0
03-09 12:30,0.0
03-09 12:45,0.0
03-09 13:00,1484.2857142857142
03-09 13:15,1484.2857142857142
03-09 13:30,1484.2857142857142
03-09 13:45,920.357974000223
03-09 14:00,1484.2857142857142
03-09 14:15,1484.2857142857142
03-09 14:30,1771.6458279014284
03-09 14:45,1484.2857142857142
03-09 15:00,1484.2857142857142
03-09 15:15,2416.5088080414284
03-09 15:30,1484.2857142857142
03-09 15:45,2293.19335812
03-09 16:00,0.0
03-09 16:15,0.0
03-09 16:30,0.0
03-09 16:45,0.0
03-09 17:00,0.0
03-09 17:15,0.0
03-09 17:30,0.0
03-09 17:45,0.0
03-09 18:00,0.0
03-09 18:15,0.0
03-09 18:30,0.0
03-09 18:45,0.0
03-09 19:00,1528.4168085428576
03-09 19:15,0.0
03-09 19:30,0.0
03-09 19:45,0.0
03-09 20:00,0.0
03-09 20:15,0.0
03-09 20:30,0.0
03-09 20:45,0.0
03-09 21:00,0.0
03-09 21:15,0.0
03-09 21:30,0.0
03-09 21:45,0.0
03-09 22:00,0.0
03-09 22:15,0.0
03-09 22:30,0.0
03-09 22:45,0.0
03-09 23:00,0.0
03-09 23:15,0.0
03-09 23:30,0.0
03-09 23:45,0.0
03-10 00:00,1484.2857142857142
03-10 00:15,1871.20215206
03-10 00:30,1484.2857142857142
03-10 00:45,1484.2857142857142
03-10 01:00,1484.2857142857142
03-10 01:15,1484.2857142857142
03-10 01:30,1484.2857142857142
03-10 01:45,1484.2857142857142
03-10 02:00,1484.2857142857142
03-10 02:15,1484.2857142857142
03-10 02:30,1484.2857142857142
03-10 02:45,1484.2857142857142
03-10 03:00,1484.2857142857142
03-10 03:15,1484.2857142857142
03-10 03:30,1484.2857142857142
03-10 03:45,1484.2857142857142
03-10 04:00,1484.2857142857142
03-10 04:15,1484.2857142857142
03-10 04:30,1484.2857142857142
03-10 04:45,1484.2857142857142
03-10 05:00,1484.2857142857142
03-10 05:15,1484.2857142857142
03-10 05:30,1484.2857142857142
03-10 05:45,1484.2857142857142
03-10 06:00,0.0
03-10 06:15,0.0
03-10 06:30,0.0
03-10 06:45,0.0
03-10 07:00,0.0
03-10 07:15,3463.430668528572
03-10 07:30,0.0
03-10 07:45,0.0
03-10 08:00,0.0
03-10 08:15,0.0
03-10 08:30,0.0
03-10 08:45,0.0
03-10 09:00,0.0
03-10 09:15,0.0
03-10 09:30,0.0
03-10 09:45,0.0
03-10 10:00,0.0
03-10 10:15,0.0
03-10 10:30,0.0
03-10 10:45,0.0
03-10 11:00,0.0
03-10 11:15,0.0
03-10 11:30,0.0
03-10 11:45,2215.568216842857
03-10 12:00,0.0
03-10 12:15,0.0
03-10 12:30,0.0
03-10 12:45,0.0
03-10 13:00,0.0
03-10 13:15,0.0
03-10 13:30,0.0
03-10 13:45,0.0
03-10 14:00,0.0
03-10 14:15,0.0
03-10 14:30,0.0
03-10 14:45,0.0
03-10 15:00,0.0
03-10 15:15,0.0
03-10 15:30,0.0
03-10 15:45,0.0
03-10 16:00,0.0
03-10 16:15,0.0
03-10 16:30,0.0
03-10 16:45,0.0
03-10 17:00,0.0
03-10 17:15,0.0
03-10 17:30,6522.8526577
03-10 17:45,0.0
03-10 18:00,0.0
03-10 18:15,0.0
03-10 18:30,1522.5219776142856
03-10 18:45,0.0
03-10 19:00,0.0
03-10 19:15,0.0
03-10 19:30,0.0
03-10 19:45,2143.646231028572
03-10 20:00,0.0
03-10 20:15,0.0
03-10 20:30,0.0
03-10 20:45,0.0
03-10 21:00,0.0
03-10 21:15,0.0
03-10 21:30,0.0
03-10 21:45,0.0
03-10 22:00,0.0
03-10 22:15,0.0
03-10 22:30,0.0
03-10 22:45,0.0
03-10 23:00,0.0
03-10 23:15,0.0
03-10 23:30,0.0
03-10 23:45,0.0
03-11 00:00,0.0
03-11 00:15,0.0
03-11 00:30,0.0
03-11 00:45,0.0
03-11 01:00,0.0
03-11 01:15,0.0
03-11 01:30,0.0
03-11 01:45,0.0
03-11 02:00,0.0
03-11 02:15,0.0
03-11 02:30,0.0
03-11 02:45,0.0
03-11 03:00,0.0
03-11 03:15,0.0
03-11 03:30,0.0
03-11 03:45,0.0
03-11 04:00,0.0
03-11 04:15,0.0
03-11 04:30,0.0
03-11 04:45,0.0
03-11 05:00,0.0
03-11 05:15,0.0
03-11 05:30,0.0
03-11 05:45,0.0
03-11 06:00,0.0
03-11 06:15,0.0
03-11 06:30,0.0
03-11 06:45,0.0
03-11 07:00,0.0
03-11 07:15,0.0
03-11 07:30,0.0
03-11 07:45,0.0
03-11 08:00,0.0
03-11 08:15,4044.2690263
03-11 08:30,0.0
03-11 08:45,0.0
03-11 09:00,0.0
03-11 09:15,0.0
03-11 09:30,0.0
03-11 09:45,0.0
03-11 10:00,0.0
03-11 10:15,0.0
03-11 10:30,0.0
03-11 10:45,0.0
03-11 11:00,0.0
03-11 11:15,0.0
03-11 11:30,0.0
03-11 11:45,0.0
03-11 12:00,0.0
03-11 12:15,0.0
03-11 12:30,0.0
03-11 12:45,0.0
03-11 13:00,0.0
03-11 13:15,0.0
03-11 13:30,0.0
03-11 13:45,0.0
03-11 14:00,1885.883539228572
03-11 14:15,0.0
03-11 14:30,4404.957463228571
03-11 14:45,0.0
03-11 15:00,0.0
03-11 15:15,0.0
03-11 15:30,0.0
03-11 15:45,0.0
03-11 16:00,0.0
03-11 16:15,0.0
03-11 16:30,0.0
03-11 16:45,0.0
03-11 17:00,0.0
03-11 17:15,2331.9965639714287
03-11 17:30,0.0
03-11 17:45,0.0
03-11 18:00,0.0
03-11 18:15,0.0
03-11 18:30,0.0
03-11 18:45,0.0
03-11 19:00,0.0
03-11 19:15,0.0
03-11 19:30,0.0
03-11 19:45,0.0
03-11 20:00,0.0
03-11 20:15,0.0
03-11 20:30,0.0
03-11 20:45,0.0
03-11 21:00,0.0
03-11 21:15,0.0
03-11 21:30,0.0
03-11 21:45,0.0
03-11 22:00,0.0
03-11 22:15,0.0
03-11 22:30,0.0
03-11 22:45,0.0
03-11 23:00,0.0
03-11 23:15,0.0
03-11 23:30,1307.3221897428573
03-11 23:45,0.0
03-12 00:00,0.0
03-12 00:15,0.0
03-12 00:30,0.0
03-12 00:45,0.0
03-12 01:00,0.0
03-12 01:15,0.0
03-12 01:30,0.0
03-12 01:45,0.0
03-12 02:00,0.0
03-12 02:15,0.0
03-12 02:30,0.0
03-12 02:45,0.0
03-12 03:00,0.0
03-12 03:15,0.0
03-12 03:30,0.0
03-12 03:45,0.0
03-12 04:00,0.0
03-12 04:15,0.0
03-12 04:30,0.0
03-12 04:45,0.0
03-12 05:00,0.0
03-12 05:15,0.0
03-12 05:30,0.0
03-12 05:45,0.0
03-12 06:00,0.0
03-12 06:15,0.0
03-12 06:30,0.0
03-12 06:45,0.0
03-12 07:00,0.0
03-12 07:15,0.0
03-12 07:30,0.0
03-12 07:45,0.0
03-12 08:00,0.0
03-12 08:15,0.0
03-12 08:30,0.0
03-12 08:45,0.0
03-12 09:00,0.0
03-12 09:15,0.0
03-12 09:30,0.0
03-12 09:45,0.0
03-12 10:00,0.0
03-12 10:15,0.0
03-12 10:30,0.0
03-12 10:45,0.0
03-12 11:00,0.0
03-12 11:15,0.0
03-12 11:30,0.0
03-12 11:45,0.0
03-12 12:00,0.0
03-12 12:15,0.0
03-12 12:30,0.0
03-12 12:45,0.0
03-12 13:00,0.0
03-12 13:15,0.0
03-12 13:30,0.0
03-12 13:45,0.0
03-12 14:00,0.0
03-12 14:15,0.0
03-12 14:30,0.0
03-12 14:45,3465.080121214286
03-12 15:00,0.0
03-12 15:15,0.0
03-12 15:30,0.0
03-12 15:45,0.0
03-12 16:00,0.0
03-12 16:15,0.0
03-12 16:30,0.0
03-12 16:45,1922.5865869714285
03-12 17:00,0.0
03-12 17:15,0.0
03-12 17:30,0.0
03-12 17:45,0.0
03-12 18:00,0.0
03-12 18:15,0.0
03-12 18:30,0.0
03-12 18:45,0.0
03-12 19:00,0.0
03-12 19:15,0.0
03-12 19:30,0.0
03-12 19:45,0.0
03-12 20:00,0.0
03-12 20:15,0.0
03-12 20:30,0.0
03-12 20:45,0.0
03-12 21:00,0.0
03-12 21:15,0.0
03-12 21:30,3500.2636341285715
03-12 21:45,0.0
03-12 22:00,0.0
03-12 22:15,0.0
03-12 22:30,0.0
03-12 22:45,0.0
03-12 23:00,1484.2857142857142
03-12 23:15,1484.2857142857142
03-12 23:30,1484.2857142857142
03-12 23:45,1484.2857142857142
03-13 00:00,0.0
03-13 00:15,0.0
03-13 00:30,0.0
03-13 00:45,0.0
03-13 01:00,1484.2857142857142
03-13 01:15,1484.2857142857142
03-13 01:30,1484.2857142857142
03-13 01:45,1484.2857142857142
03-13 02:00,1484.2857142857142
03-13 02:15,1484.2857142857142
03-13 02:30,1484.2857142857142
03-13 02:45,1484.2857142857142
03-13 03:00,0.0
03-13 03:15,0.0
03-13 03:30,0.0
03-13 03:45,899.7363262918766
03-13 04:00,0.0
03-13 04:15,0.0
03-13 04:30,0.0
03-13 04:45,0.0
03-13 05:00,0.0
03-13 05:15,0.0
03-13 05:30,0.0
03-13 05:45,0.0
03-13 06:00,0.0
03-13 06:15,0.0
03-13 06:30,0.0
03-13 06:45,0.0
03-13 07:00,0.0
03-13 07:15,0.0
03-13 07:30,0.0
03-13 07:45,0.0
03-13 08:00,0.0
03-13 08:15,0.0
03-13 08:30,0.0
03-13 08:45,0.0
03-13 09:00,0.0
03-13 09:15,0.0
03-13 09:30,0.0
03-13 09:45,0.0
03-13 10:00,2065.069960097143
03-13 10:15,1484.2857142857142
03-13 10:30,1484.2857142857142
03-13 10:45,2523.148438515714
03-13 11:00,0.0
03-13 11:15,0.0
03-13 11:30,0.0
03-13 11:45,0.0
03-13 12:00,0.0
03-13 12:15,0.0
03-13 12:30,3608.724395642857
03-13 12:45,0.0
03-13 13:00,3879.174925071429
03-13 13:15,0.0
03-13 13:30,0.0
03-13 13:45,1456.0792518142855
03-13 14:00,0.0
03-13 14:15,0.0
03-13 14:30,0.0
03-13 14:45,0.0
03-13 15:00,0.0
03-13 15:15,0.0
03-13 15:30,0.0
03-13 15:45,0.0
03-13 16:00,0.0
03-13 16:15,0.0
03-13 16:30,0.0
03-13 16:45,0.0
03-13 17:00,0.0
03-13 17:15,0.0
03-13 17:30,1045.6417003428571
03-13 17:45,0.0
03-13 18:00,0.0
03-13 18:15,0.0
03-13 18:30,0.0
03-13 18:45,0.0
03-13 19:00,0.0
03-13 19:15,0.0
03-13 19:30,0.0
03-13 19:45,0.0
03-13 20:00,0.0
03-13 20:15,0.0
03-13 20:30,0.0
03-13 20:45,0.0
03-13 21:00,0.0
03-13 21:15,0.0
03-13 21:30,0.0
03-13 21:45,0.0
03-13 22:00,0.0
03-13 22:15,0.0
03-13 22:30,0.0
03-13 22:45,0.0
03-13 23:00,0.0
03-13 23:15,0.0
03-13 23:30,0.0
03-13 23:45,0.0
03-14 00:00,0.0
03-14 00:15,0.0
03-14 00:30,0.0
03-14 00:45,0.0
03-14 01:00,0.0
03-14 01:15,0.0
03-14 01:30,0.0
03-14 01:45,0.0
03-14 02:00,0.0
03-14 02:15,0.0
03-14 02:30,0.0
03-14 02:45,0.0
03-14 03:00,0.0
03-14 03:15,0.0
03-14 03:30,0.0
03-14 03:45,0.0
03-14 04:00,0.0
03-14 04:15,0.0
03-14 04:30,0.0
03-14 04:45,0.0
03-14 05:00,0.0
03-14 05:15,0.0
03-14 05:30,0.0
03-14 05:45,0.0
03-14 06:00,0.0
03-14 06:15,0.0
03-14 06:30,0.0
03-14 06:45,0.0
03-14 07:00,0.0
03-14 07:15,0.0
03-14 07:30,0.0
03-14 07:45,0.0
03-14 08:00,0.0
03-14 08:15,0.0
03-14 08:30,0.0
03-14 08:45,0.0
03-14 09:00,0.0
03-14 09:15,0.0
03-14 09:30,0.0
03-14 09:45,0.0
03-14 10:00,0.0
03-14 10:15,0.0
03-14 10:30,0.0
03-14 10:45,0.0
03-14 11:00,0.0
03-14 11:15,0.0
03-14 11:30,0.0
03-14 11:45,0.0
03-14 12:00,0.0
03-14 12:15,4122.010130885715
03-14 12:30,0.0
03-14 12:45,0.0
03-14 13:00,0.0
03-14 13:15,0.0
03-14 13:30,2679.971530671429
03-14 13:45,0.0
03-14 14:00,0.0
03-14 14:15,0.0
03-14 14:30,0.0
03-14 14:45,0.0
03-14 15:00,0.0
03-14 15:15,0.0
03-14 15:30,0.0
03-14 15:45,0.0
03-14 16:00,0.0
03-14 16:15,0.0
03-14 16:30,5553.206116928572
03-14 16:45,0.0
03-14 17:00,741.9284520714289
03-14 17:15,0.0
03-14 17:30,0.0
03-14 17:45,0.0
03-14 18:00,0.0
03-14 18:15,0.0
03-14 18:30,0.0
03-14 18:45,0.0
03-14 19:00,0.0
03-14 19:15,0.0
03-14 19:30,0.0
03-14 19:45,0.0
03-14 20:00,0.0
03-14 20:15,0.0
03-14 20:30,0.0
03-14 20:45,0.0
03-14 21:00,0.0
03-14 21:15,0.0
03-14 21:30,0.0
03-14 21:45,0.0
03-14 22:00,0.0
03-14 22:15,0.0
03-14 22:30,0.0
03-14 22:45,0.0
03-14 23:00,0.0
03-14 23:15,0.0
03-14 23:30,0.0
03-14 23:45,0.0
03-15 00:00,0.0
03-15 00:15,0.0
03-15 00:30,0.0
03-15 00:45,0.0
03-15 01:00,0.0
03-15 01:15,0.0
03-15 01:30,0.0
03-15 01:45,0.0
03-15 02:00,0.0
03-15 02:15,0.0
03-15 02:30,0.0
03-15 02:45,0.0
03-15 03:00,0.0
03-15 03:15,0.0
03-15 03:30,0.0
03-15 03:45,0.0
03-15 04:00,0.0
03-15 04:15,0.0
03-15 04:30,0.0
03-15 04:45,0.0
03-15 05:00,0.0
03-15 05:15,0.0
03-15 05:30,0.0
03-15 05:45,0.0
03-15 06:00,0.0
03-15 06:15,0.0
03-15 06:30,0.0
03-15 06:45,0.0
03-15 07:00,0.0
03-15 07:15,0.0
03-15 07:30,0.0
03-15 07:45,0.0
03-15 08:00,0.0
03-15 08:15,0.0
03-15 08:30,0.0
03-15 08:45,0.0
03-15 09:00,0.0
03-15 09:15,0.0
03-15 09:30,0.0
03-15 09:45,0.0
03-15 10:00,0.0
03-15 10:15,0.0
03-15 10:30,0.0
03-15 10:45,0.0
03-15 11:00,0.0
03-15 11:15,0.0
03-15 11:30,4024.4617919
03-15 11:45,0.0
03-15 12:00,0.0
03-15 12:15,0.0
03-15 12:30,0.0
03-15 12:45,0.0
03-15 13:00,0.0
03-15 13:15,0.0
03-15 13:30,0.0
03-15 13:45,0.0
03-15 14:00,0.0
03-15 14:15,0.0
03-15 14:30,0.0
03-15 14:45,0.0
03-15 15:00,0.0
03-15 15:15,0.0
03-15 15:30,2977.6405823428577
03-15 15:45,0.0
03-15 16:00,0.0
03-15 16:15,0.0
03-15 16:30,0.0
03-15 16:45,0.0
03-15 17:00,0.0
03-15 17:15,0.0
03-15 17:30,0.0
03-15 17:45,0.0
03-15 18:00,0.0
03-15 18:15,0.0
03-15 18:30,0.0
03-15 18:45,1748.6899385857143
03-15 19:00,0.0
03-15 19:15,0.0
03-15 19:30,0.0
03-15 19:45,0.0
03-15 20:00,0.0
03-15 20:15,0.0
03-15 20:30,0.0
03-15 20:45,0.0
03-15 21:00,0.0
03-15 21:15,0.0
03-15 21:30,0.0
03-15 21:45,0.0
03-15 22:00,0.0
03-15 22:15,0.0
03-15 22:30,268.53621591428566
03-15 22:45,0.0
03-15 23:00,0.0
03-15 23:15,0.0
03-15 23:30,0.0
03-15 23:45,0.0
03-16 00:00,0.0
03-16 00:15,232.32804842714967
03-16 00:30,0.0
03-16 00:45,0.0
03-16 01:00,1484.2857142857142
03-16 01:15,1484.2857142857142
03-16 01:30,1484.2857142857142
03-16 01:45,1484.2857142857142
03-16 02:00,0.0
03-16 02:15,0.0
03-16 02:30,0.0
03-16 02:45,0.0
03-16 03:00,1484.2857142857142
03-16 03:15,1484.2857142857142
03-16 03:30,1484.2857142857142
03-16 03:45,1484.2857142857142
03-16 04:00,0.0
03-16 04:15,0.0
03-16 04:30,0.0
03-16 04:45,0.0
03-16 05:00,0.0
03-16 05:15,0.0
03-16 05:30,0.0
03-16 05:45,0.0
03-16 06:00,0.0
03-16 06:15,0.0
03-16 06:30,0.0
03-16 06:45,0.0
03-16 07:00,0.0
03-16 07:15,0.0
03-16 07:30,0.0
03-16 07:45,0.0
03-16 08:00,0.0
03-16 08:15,3869.257271371429
03-16 08:30,0.0
03-16 08:45,0.0
03-16 09:00,0.0
03-16 09:15,0.0
03-16 09:30,0.0
03-16 09:45,0.0
03-16 10:00,0.0
03-16 10:15,0.0
03-16 10:30,0.0
03-16 10:45,0.0
03-16 11:00,0.0
03-16 11:15,0.0
03-16 11:30,0.0
03-16 11:45,0.0
03-16 12:00,0.0
03-16 12:15,0.0
03-16 12:30,0.0
03-16 12:45,0.0
03-16 13:00,0.0
03-16 13:15,0.0
03-16 13:30,0.0
03-16 13:45,0.0
03-16 14:00,0.0
03-16 14:15,0.0
03-16 14:30,0.0
03-16 14:45,0.0
03-16 15:00,0.0
03-16 15:15,0.0
03-16 15:30,0.0
03-16 15:45,0.0
03-16 16:00,0.0
03-16 16:15,0.0
03-16 16:30,0.0
03-16 16:45,0.0
03-16 17:00,0.0
03-16 17:15,0.0
03-16 17:30,0.0
03-16 17:45,0.0
03-16 18:00,0.0
03-16 18:15,0.0
03-16 18:30,0.0
03-16 18:45,0.0
03-16 19:00,0.0
03-16 19:15,0.0
03-16 19:30,0.0
03-16 19:45,0.0
03-16 20:00,0.0
03-16 20:15,0.0
03-16 20:30,0.0
03-16 20:45,0.0
03-16 21:00,0.0
03-16 21:15,0.0
03-16 21:30,0.0
03-16 21:45,0.0
03-16 22:00,0.0
03-16 22:15,0.0
03-16 22:30,0.0
03-16 22:45,0.0
03-16 23:00,0.0
03-16 23:15,0.0
03-16 23:30,0.0
03-16 23:45,0.0
03-17 00:00,0.0
03-17 00:15,0.0
03-17 00:30,0.0
03-17 00:45,0.0
03-17 01:00,0.0
03-17 01:15,0.0
03-17 01:30,0.0
03-17 01:45,0.0
03-17 02:00,1484.2857142857142
03-17 02:15,1484.2857142857142
03-17 02:30,1484.2857142857142
03-17 02:45,1484.2857142857142
03-17 03:00,1484.2857142857142
03-17 03:15,1484.2857142857142
03-17 03:30,1484.2857142857142
03-17 03:45,1484.2857142857142
03-17 04:00,0.0
03-17 04:15,0.0
03-17 04:30,0.0
03-17 04:45,0.0
03-17 05:00,1484.2857142857142
03-17 05:15,1484.2857142857142
03-17 05:30,1940.211888491428
03-17 05:45,3955.2630054714286
03-17 06:00,1484.2857142857142
03-17 06:15,1484.2857142857142
03-17 06:30,5702.284613500001
03-17 06:45,1973.3270836014285
03-17 07:00,4363.141645285715
03-17 07:15,1484.2857142857142
03-17 07:30,1484.2857142857142
03-17 07:45,1768.7554477242854
03-17 08:00,1484.2857142857142
03-17 08:15,1484.2857142857142
03-17 08:30,1484.2857142857142
03-17 08:45,6252.864360271429
03-17 09:00,0.0
03-17 09:15,0.0
03-17 09:30,197.3481882613777
03-17 09:45,0.0
03-17 10:00,0.0
03-17 10:15,0.0
03-17 10:30,0.0
03-17 10:45,0.0
03-17 11:00,0.0
03-17 11:15,0.0
03-17 11:30,0.0
03-17 11:45,0.0
03-17 12:00,0.0
03-17 12:15,0.0
03-17 12:30,0.0
03-17 12:45,0.0
03-17 13:00,1762.283895347143
03-17 13:15,1484.2857142857142
03-17 13:30,2554.14151765
03-17 13:45,1484.2857142857142
03-17 14:00,1484.2857142857142
03-17 14:15,1484.2857142857142
03-17 14:30,1999.3809458942856
03-17 14:45,1484.2857142857142
03-17 15:00,1484.2857142857142
03-17 15:15,1484.2857142857142
03-17 15:30,1484.2857142857142
03-17 15:45,1484.2857142857142
03-17 16:00,2276.88993591
03-17 16:15,1484.2857142857142
03-17 16:30,1484.2857142857142
03-17 16:45,1484.2857142857142
03-17 17:00,0.0
03-17 17:15,0.0
03-17 17:30,0.0
03-17 17:45,5602.13673362714
03-17 18:00,0.0
03-17 18:15,0.0
03-17 18:30,0.0
03-17 18:45,0.0
03-17 19:00,0.0
03-17 19:15,0.0
03-17 19:30,0.0
03-17 19:45,0.0
03-17 20:00,0.0
03-17 20:15,0.0
03-17 20:30,0.0
03-17 20:45,0.0
03-17 21:00,0.0
03-17 21:15,0.0
03-17 21:30,0.0
03-17 21:45,0.0
03-17 22:00,0.0
03-17 22:15,0.0
03-17 22:30,0.0
03-17 22:45,0.0
03-17 23:00,0.0
03-17 23:15,0.0
03-17 23:30,0.0
03-17 23:45,0.0
03-18 00:00,0.0
03-18 00:15,0.0
03-18 00:30,0.0
03-18 00:45,0.0
03-18 01:00,0.0
03-18 01:15,0.0
03-18 01:30,0.0
03-18 01:45,0.0
03-18 02:00,0.0
03-18 02:15,0.0
03-18 02:30,0.0
03-18 02:45,0.0
03-18 03:00,0.0
03-18 03:15,0.0
03-18 03:30,0.0
03-18 03:45,0.0
03-18 04:00,0.0
03-18 04:15,0.0
03-18 04:30,0.0
03-18 04:45,533.8026604657183
03-18 05:00,0.0
03-18 05:15,0.0
03-18 05:30,0.0
03-18 05:45,0.0
03-18 06:00,0.0
03-18 06:15,0.0
03-18 06:30,0.0
03-18 06:45,1959.228644057143
03-18 07:00,0.0
03-18 07:15,0.0
03-18 07:30,0.0
03-18 07:45,0.0
03-18 08:00,0.0
03-18 08:15,0.0
03-18 08:30,0.0
03-18 08:45,0.0
03-18 09:00,0.0
03-18 09:15,0.0
03-18 09:30,3963.468962242857
03-18 09:45,0.0
03-18 10:00,0.0
03-18 10:15,0.0
03-18 10:30,0.0
03-18 10:45,0.0
03-18 11:00,0.0
03-18 11:15,0.0
03-18 11:30,0.0
03-18 11:45,0.0
03-18 12:00,0.0
03-18 12:15,0.0
03-18 12:30,0.0
03-18 12:45,0.0
03-18 13:00,1901.0973599014285
03-18 13:15,1868.436773385714
03-18 13:30,2374.60230053
03-18 13:45,1484.2857142857142
03-18 14:00,0.0
03-18 14:15,402.6264044928394
03-18 14:30,0.0
03-18 14:45,0.0
03-18 15:00,2023.122942648572
03-18 15:15,2378.1738635528573
03-18 15:30,1484.2857142857142
03-18 15:45,1484.2857142857142
03-18 16:00,0.0
03-18 16:15,0.0
03-18 16:30,0.0
03-18 16:45,0.0
03-18 17:00,3424.9907219714287
03-18 17:15,0.0
03-18 17:30,0.0
03-18 17:45,644.9464371857146
03-18 18:00,0.0
03-18 18:15,0.0
03-18 18:30,0.0
03-18 18:45,0.0
03-18 19:00,0.0
03-18 19:15,0.0
03-18 19:30,0.0
03-18 19:45,0.0
03-18 20:00,0.0
03-18 20:15,0.0
03-18 20:30,0.0
03-18 20:45,0.0
03-18 21:00,0.0
03-18 21:15,0.0
03-18 21:30,0.0
03-18 21:45,0.0
03-18 22:00,0.0
03-18 22:15,0.0
03-18 22:30,0.0
03-18 22:45,0.0
03-18 23:00,0.0
03-18 23:15,0.0
03-18 23:30,0.0
03-18 23:45,0.0
03-19 00:00,0.0
03-19 00:15,0.0
03-19 00:30,0.0
03-19 00:45,0.0
03-19 01:00,0.0
03-19 01:15,0.0
03-19 01:30,0.0
03-19 01:45,0.0
03-19 02:00,0.0
03-19 02:15,0.0
03-19 02:30,0.0
03-19 02:45,0.0
03-19 03:00,0.0
03-19 03:15,0.0
03-19 03:30,0.0
03-19 03:45,0.0
03-19 04:00,0.0
03-19 04:15,0.0
03-19 04:30,0.0
03-19 04:45,0.0
03-19 05:00,0.0
03-19 05:15,0.0
03-19 05:30,0.0
03-19 05:45,0.0
03-19 06:00,0.0
03-19 06:15,0.0
03-19 06:30,0.0
03-19 06:45,0.0
03-19 07:00,0.0
03-19 07:15,0.0
03-19 07:30,0.0
03-19 07:45,0.0
03-19 08:00,3566.341366342858
03-19 08:15,0.0
03-19 08:30,0.0
03-19 08:45,0.0
03-19 09:00,0.0
03-19 09:15,0.0
03-19 09:30,741.3141492428573
03-19 09:45,0.0
03-19 10:00,0.0
03-19 10:15,0.0
03-19 10:30,0.0
03-19 10:45,0.0
03-19 11:00,0.0
03-19 11:15,0.0
03-19 11:30,0.0
03-19 11:45,0.0
03-19 12:00,0.0
03-19 12:15,0.0
03-19 12:30,0.0
03-19 12:45,0.0
03-19 13:00,0.0
03-19 13:15,0.0
03-19 13:30,0.0
03-19 13:45,0.0
03-19 14:00,0.0
03-19 14:15,0.0
03-19 14:30,0.0
03-19 14:45,0.0
03-19 15:00,0.0
03-19 15:15,0.0
03-19 15:30,0.0
03-19 15:45,0.0
03-19 16:00,0.0
03-19 16:15,0.0
03-19 16:30,1729.1331346857146
03-19 16:45,0.0
03-19 17:00,0.0
03-19 17:15,2939.9860262000007
03-19 17:30,7742.403712714287
03-19 17:45,0.0
03-19 18:00,0.0
03-19 18:15,0.0
03-19 18:30,0.0
03-19 18:45,0.0
03-19 19:00,0.0
03-19 19:15,0.0
03-19 19:30,0.0
03-19 19:45,0.0
03-19 20:00,0.0
03-19 20:15,0.0
03-19 20:30,0.0
03-19 20:45,0.0
03-19 21:00,0.0
03-19 21:15,0.0
03-19 21:30,0.0
03-19 21:45,0.0
03-19 22:00,0.0
03-19 22:15,0.0
03-19 22:30,0.0
03-19 22:45,0.0
03-19 23:00,0.0
03-19 23:15,0.0
03-19 23:30,0.0
03-19 23:45,0.0
03-20 00:00,0.0
03-20 00:15,0.0
03-20 00:30,0.0
03-20 00:45,0.0
03-20 01:00,0.0
03-20 01:15,0.0
03-20 01:30,0.0
03-20 01:45,0.0
03-20 02:00,0.0
03-20 02:15,0.0
03-20 02:30,0.0
03-20 02:45,0.0
03-20 03:00,0.0
03-20 03:15,0.0
03-20 03:30,0.0
03-20 03:45,0.0
03-20 04:00,0.0
03-20 04:15,0.0
03-20 04:30,0.0
03-20 04:45,0.0
03-20 05:00,0.0
03-20 05:15,0.0
03-20 05:30,0.0
03-20 05:45,0.0
03-20 06:00,0.0
03-20 06:15,0.0
03-20 06:30,0.0
03-20 06:45,0.0
03-20 07:00,0.0
03-20 07:15,0.0
03-20 07:30,0.0
03-20 07:45,0.0
03-20 08:00,0.0
03-20 08:15,0.0
03-20 08:30,0.0
03-20 08:45,0.0
03-20 09:00,0.0
03-20 09:15,0.0
03-20 09:30,0.0
03-20 09:45,0.0
03-20 10:00,0.0
03-20 10:15,0.0
03-20 10:30,0.0
03-20 10:45,0.0
03-20 11:00,0.0
03-20 11:15,0.0
03-20 11:30,3484.1302782714283
03-20 11:45,0.0
03-20 12:00,0.0
03-20 12:15,0.0
03-20 12:30,0.0
03-20 12:45,0.0
03-20 13:00,0.0
03-20 13:15,0.0
03-20 13:30,0.0
03-20 13:45,0.0
03-20 14:00,0.0
03-20 14:15,0.0
03-20 14:30,0.0
03-20 14:45,0.0
03-20 15:00,0.0
03-20 15:15,0.0
03-20 15:30,0.0
03-20 15:45,0.0
03-20 16:00,1029.577406714286
03-20 16:15,0.0
03-20 16:30,0.0
03-20 16:45,0.0
03-20 17:00,0.0
03-20 17:15,0.0
03-20 17:30,0.0
03-20 17:45,0.0
03-20 18:00,0.0
03-20 18:15,0.0
03-20 18:30,0.0
03-20 18:45,0.0
03-20 19:00,0.0
03-20 19:15,0.0
03-20 19:30,0.0
03-20 19:45,0.0
03-20 20:00,0.0
03-20 20:15,0.0
03-20 20:30,0.0
03-20 20:45,0.0
03-20 21:00,0.0
03-20 21:15,0.0
03-20 21:30,0.0
03-20 21:45,0.0
03-20 22:00,0.0
03-20 22:15,0.0
03-20 22:30,0.0
03-20 22:45,0.0
03-20 23:00,0.0
03-20 23:15,0.0
03-20 23:30,0.0
03-20 23:45,0.0
03-21 00:00,0.0
03-21 00:15,0.0
03-21 00:30,0.0
03-21 00:45,0.0
03-21 01:00,0.0
03-21 01:15,0.0
03-21 01:30,0.0
03-21 01:45,0.0
03-21 02:00,0.0
03-21 02:15,0.0
03-21 02:30,0.0
03-21 02:45,4306.3836158
03-21 03:00,1781.83169072
03-21 03:15,1484.2857142857142
03-21 03:30,1484.2857142857142
03-21 03:45,1484.2857142857142
03-21 04:00,1484.2857142857142
03-21 04:15,0.0
03-21 04:30,1484.2857142857142
03-21 04:45,503.6735066573021
03-21 05:00,0.0
03-21 05:15,0.0
03-21 05:30,0.0
03-21 05:45,0.0
03-21 06:00,0.0
03-21 06:15,0.0
03-21 06:30,6461.614932742858
03-21 06:45,0.0
03-21 07:00,2485.816069528572
03-21 07:15,3494.965797814286
03-21 07:30,0.0
03-21 07:45,5541.222364157144
03-21 08:00,0.0
03-21 08:15,0.0
03-21 08:30,2176.1343164428577
03-21 08:45,0.0
03-21 09:00,0.0
03-21 09:15,0.0
03-21 09:30,0.0
03-21 09:45,733.2007518428574
03-21 10:00,0.0
03-21 10:15,0.0
03-21 10:30,0.0
03-21 10:45,0.0
03-21 11:00,0.0
03-21 11:15,0.0
03-21 11:30,0.0
03-21 11:45,0.0
03-21 12:00,0.0
03-21 12:15,0.0
03-21 12:30,0.0
03-21 12:45,0.0
03-21 13:00,0.0
03-21 13:15,0.0
03-21 13:30,0.0
03-21 13:45,0.0
03-21 14:00,0.0
03-21 14:15,0.0
03-21 14:30,0.0
03-21 14:45,0.0
03-21 15:00,0.0
03-21 15:15,0.0
03-21 15:30,0.0
03-21 15:45,0.0
03-21 16:00,0.0
03-21 16:15,0.0
03-21 16:30,0.0
03-21 16:45,0.0
03-21 17:00,0.0
03-21 17:15,0.0
03-21 17:30,0.0
03-21 17:45,0.0
03-21 18:00,0.0
03-21 18:15,0.0
03-21 18:30,0.0
03-21 18:45,0.0
03-21 19:00,0.0
03-21 19:15,0.0
03-21 19:30,0.0
03-21 19:45,0.0
03-21 20:00,0.0
03-21 20:15,0.0
03-21 20:30,0.0
03-21 20:45,0.0
03-21 21:00,0.0
03-21 21:15,0.0
03-21 21:30,0.0
03-21 21:45,0.0
03-21 22:00,0.0
03-21 22:15,0.0
03-21 22:30,0.0
03-21 22:45,0.0
03-21 23:00,0.0
03-21 23:15,0.0
03-21 23:30,0.0
03-21 23:45,0.0
03-22 00:00,0.0
03-22 00:15,0.0
03-22 00:30,0.0
03-22 00:45,0.0
03-22 01:00,0.0
03-22 01:15,0.0
03-22 01:30,0.0
03-22 01:45,0.0
03-22 02:00,0.0
03-22 02:15,0.0
03-22 02:30,0.0
03-22 02:45,0.0
03-22 03:00,0.0
03-22 03:15,0.0
03-22 03:30,0.0
03-22 03:45,0.0
03-22 04:00,0.0
03-22 04:15,0.0
03-22 04:30,0.0
03-22 04:45,0.0
03-22 05:00,0.0
03-22 05:15,0.0
03-22 05:30,0.0
03-22 05:45,0.0
03-22 06:00,0.0
03-22 06:15,0.0
03-22 06:30,6029.4544521285725
03-22 06:45,0.0
03-22 07:00,0.0
03-22 07:15,0.0
03-22 07:30,0.0
03-22 07:45,1079.5100064285716
03-22 08:00,0.0
03-22 08:15,0.0
03-22 08:30,0.0
03-22 08:45,0.0
03-22 09:00,2672.8924073857143
03-22 09:15,0.0
03-22 09:30,0.0
03-22 09:45,0.0
03-22 10:00,0.0
03-22 10:15,0.0
03-22 10:30,0.0
03-22 10:45,0.0
03-22 11:00,0.0
03-22 11:15,0.0
03-22 11:30,0.0
03-22 11:45,4761.749104257144
03-22 12:00,0.0
03-22 12:15,0.0
03-22 12:30,0.0
03-22 12:45,0.0
03-22 13:00,0.0
03-22 13:15,0.0
03-22 13:30,0.0
03-22 13:45,0.0
03-22 14:00,0.0
03-22 14:15,0.0
03-22 14:30,0.0
03-22 14:45,0.0
03-22 15:00,0.0
03-22 15:15,0.0
03-22 15:30,0.0
03-22 15:45,0.0
03-22 16:00,0.0
03-22 16:15,0.0
03-22 16:30,0.0
03-22 16:45,0.0
03-22 17:00,0.0
03-22 17:15,0.0
03-22 17:30,0.0
03-22 17:45,0.0
03-22 18:00,0.0
03-22 18:15,0.0
03-22 18:30,0.0
03-22 18:45,0.0
03-22 19:00,0.0
03-22 19:15,0.0
03-22 19:30,0.0
03-22 19:45,0.0
03-22 20:00,0.0
03-22 20:15,0.0
03-22 20:30,0.0
03-22 20:45,0.0
03-22 21:00,0.0
03-22 21:15,0.0
03-22 21:30,0.0
03-22 21:45,0.0
03-22 22:00,0.0
03-22 22:15,0.0
03-22 22:30,0.0
03-22 22:45,0.0
03-22 23:00,0.0
03-22 23:15,0.0
03-22 23:30,0.0
03-22 23:45,0.0
03-23 00:00,0.0
03-23 00:15,0.0
03-23 00:30,0.0
03-23 00:45,3059.717812157143
03-23 01:00,0.0
03-23 01:15,0.0
03-23 01:30,0.0
03-23 01:45,0.0
03-23 02:00,0.0
03-23 02:15,0.0
03-23 02:30,0.0
03-23 02:45,0.0
03-23 03:00,0.0
03-23 03:15,0.0
03-23 03:30,0.0
03-23 03:45,0.0
03-23 04:00,1484.2857142857142
03-23 04:15,616.8296299057153
03-23 04:30,1484.2857142857142
03-23 04:45,2075.158643008572
03-23 05:00,0.0
03-23 05:15,0.0
03-23 05:30,0.0
03-23 05:45,0.0
03-23 06:00,0.0
03-23 06:15,0.0
03-23 06:30,0.0
03-23 06:45,0.0
03-23 07:00,0.0
03-23 07:15,0.0
03-23 07:30,0.0
03-23 07:45,0.0
03-23 08:00,0.0
03-23 08:15,0.0
03-23 08:30,0.0
03-23 08:45,0.0
03-23 09:00,0.0
03-23 09:15,0.0
03-23 09:30,0.0
03-23 09:45,0.0
03-23 10:00,0.0
03-23 10:15,0.0
03-23 10:30,0.0
03-23 10:45,0.0
03-23 11:00,0.0
03-23 11:15,0.0
03-23 11:30,0.0
03-23 11:45,724.7008128557144
03-23 12:00,0.0
03-23 12:15,0.0
03-23 12:30,1484.2857142857142
03-23 12:45,2079.2811488428574
03-23 13:00,1484.2857142857142
03-23 13:15,1484.2857142857142
03-23 13:30,1484.2857142857142
03-23 13:45,1484.2857142857142
03-23 14:00,1484.2857142857142
03-23 14:15,1484.2857142857142
03-23 14:30,1484.2857142857142
03-23 14:45,1484.2857142857142
03-23 15:00,548.7880811157123
03-23 15:15,1484.2857142857142
03-23 15:30,0.0
03-23 15:45,1935.1860484571432
03-23 16:00,0.0
03-23 16:15,0.0
03-23 16:30,0.0
03-23 16:45,0.0
03-23 17:00,0.0
03-23 17:15,0.0
03-23 17:30,0.0
03-23 17:45,0.0
03-23 18:00,0.0
03-23 18:15,0.0
03-23 18:30,0.0
03-23 18:45,0.0
03-23 19:00,0.0
03-23 19:15,0.0
03-23 19:30,0.0
03-23 19:45,0.0
03-23 20:00,4035.021690614286
03-23 20:15,0.0
03-23 20:30,0.0
03-23 20:45,0.0
03-23 21:00,0.0
03-23 21:15,0.0
03-23 21:30,0.0
03-23 21:45,0.0
03-23 22:00,0.0
03-23 22:15,0.0
03-23 22:30,0.0
03-23 22:45,0.0
03-23 23:00,0.0
03-23 23:15,0.0
03-23 23:30,0.0
03-23 23:45,0.0
03-24 00:00,0.0
03-24 00:15,0.0
03-24 00:30,0.0
03-24 00:45,0.0
03-24 01:00,0.0
03-24 01:15,0.0
03-24 01:30,0.0
03-24 01:45,0.0
03-24 02:00,0.0
03-24 02:15,0.0
03-24 02:30,0.0
03-24 02:45,0.0
03-24 03:00,0.0
03-24 03:15,0.0
03-24 03:30,0.0
03-24 03:45,0.0
03-24 04:00,0.0
03-24 04:15,0.0
03-24 04:30,0.0
03-24 04:45,0.0
03-24 05:00,0.0
03-24 05:15,0.0
03-24 05:30,0.0
03-24 05:45,0.0
03-24 06:00,0.0
03-24 06:15,0.0
03-24 06:30,0.0
03-24 06:45,0.0
03-24 07:00,0.0
03-24 07:15,0.0
03-24 07:30,5804.878849571429
03-24 07:45,0.0
03-24 08:00,0.0
03-24 08:15,0.0
03-24 08:30,4677.892261914287
03-24 08:45,0.0
03-24 09:00,0.0
03-24 09:15,0.0
03-24 09:30,0.0
03-24 09:45,0.0
03-24 10:00,0.0
03-24 10:15,3181.549236257142
03-24 10:30,0.0
03-24 10:45,0.0
03-24 11:00,0.0
03-24 11:15,0.0
03-24 11:30,0.0
03-24 11:45,0.0
03-24 12:00,0.0
03-24 12:15,0.0
03-24 12:30,0.0
03-24 12:45,0.0
03-24 13:00,1484.2857142857142
03-24 13:15,1484.2857142857142
03-24 13:30,1484.2857142857142
03-24 13:45,1484.2857142857142
03-24 14:00,1484.2857142857142
03-24 14:15,2097.861770448571
03-24 14:30,1484.2857142857142
03-24 14:45,1484.2857142857142
03-24 15:00,2623.941298267143
03-24 15:15,1484.2857142857142
03-24 15:30,6408.232353071428
03-24 15:45,2144.3590606257144
03-24 16:00,7447.616154171428
03-24 16:15,1484.2857142857142
03-24 16:30,1484.2857142857142
03-24 16:45,1484.2857142857142
03-24 17:00,0.0
03-24 17:15,0.0
03-24 17:30,0.0
03-24 17:45,0.0
03-24 18:00,0.0
03-24 18:15,1679.562160328572
03-24 18:30,0.0
03-24 18:45,0.0
03-24 19:00,0.0
03-24 19:15,0.0
03-24 19:30,0.0
03-24 19:45,0.0
03-24 20:00,0.0
03-24 20:15,0.0
03-24 20:30,0.0
03-24 20:45,0.0
03-24 21:00,0.0
03-24 21:15,0.0
03-24 21:30,0.0
03-24 21:45,0.0
03-24 22:00,0.0
03-24 22:15,0.0
03-24 22:30,0.0
03-24 22:45,0.0
03-24 23:00,0.0
03-24 23:15,0.0
03-24 23:30,0.0
03-24 23:45,0.0
03-25 00:00,1484.2857142857142
03-25 00:15,1484.2857142857142
03-25 00:30,1484.2857142857142
03-25 00:45,1484.2857142857142
03-25 01:00,1484.2857142857142
03-25 01:15,1484.2857142857142
03-25 01:30,1484.2857142857142
03-25 01:45,1484.2857142857142
03-25 02:00,1484.2857142857142
03-25 02:15,1484.2857142857142
03-25 02:30,1484.2857142857142
03-25 02:45,1484.2857142857142
03-25 03:00,1484.2857142857142
03-25 03:15,1484.2857142857142
03-25 03:30,1484.2857142857142
03-25 03:45,1484.2857142857142
03-25 04:00,1484.2857142857142
03-25 04:15,1484.2857142857142
03-25 04:30,1484.2857142857142
03-25 04:45,1484.2857142857142
03-25 05:00,1484.2857142857142
03-25 05:15,1484.2857142857142
03-25 05:30,1484.2857142857142
03-25 05:45,1484.2857142857142
03-25 06:00,0.0
03-25 06:15,0.0
03-25 06:30,0.0
03-25 06:45,0.0
03-25 07:00,0.0
03-25 07:15,0.0
03-25 07:30,0.0
03-25 07:45,0.0
03-25 08:00,0.0
03-25 08:15,6238.960682057144
03-25 08:30,0.0
03-25 08:45,0.0
03-25 09:00,0.0
03-25 09:15,0.0
03-25 09:30,0.0
03-25 09:45,0.0
03-25 10:00,0.0
03-25 10:15,0.0
03-25 10:30,0.0
03-25 10:45,0.0
03-25 11:00,0.0
03-25 11:15,0.0
03-25 11:30,0.0
03-25 11:45,0.0
03-25 12:00,0.0
03-25 12:15,0.0
03-25 12:30,0.0
03-25 12:45,0.0
03-25 13:00,0.0
03-25 13:15,0.0
03-25 13:30,0.0
03-25 13:45,0.0
03-25 14:00,713.0125739013752
03-25 14:15,0.0
03-25 14:30,0.0
03-25 14:45,2274.762552135714
03-25 15:00,0.0
03-25 15:15,0.0
03-25 15:30,0.0
03-25 15:45,0.0
03-25 16:00,2146.132862407143
03-25 16:15,2244.859096444286
03-25 16:30,1967.7792037914285
03-25 16:45,1966.6695440842857
03-25 17:00,0.0
03-25 17:15,4956.579096171429
03-25 17:30,0.0
03-25 17:45,0.0
03-25 18:00,0.0
03-25 18:15,0.0
03-25 18:30,0.0
03-25 18:45,0.0
03-25 19:00,0.0
03-25 19:15,0.0
03-25 19:30,0.0
03-25 19:45,0.0
03-25 20:00,0.0
03-25 20:15,0.0
03-25 20:30,0.0
03-25 20:45,0.0
03-25 21:00,0.0
03-25 21:15,0.0
03-25 21:30,0.0
03-25 21:45,0.0
03-25 22:00,0.0
03-25 22:15,0.0
03-25 22:30,0.0
03-25 22:45,0.0
03-25 23:00,0.0
03-25 23:15,0.0
03-25 23:30,0.0
03-25 23:45,0.0
03-26 00:00,0.0
03-26 00:15,0.0
03-26 00:30,0.0
03-26 00:45,0.0
03-26 01:00,0.0
03-26 01:15,0.0
03-26 01:30,0.0
03-26 01:45,0.0
03-26 02:00,0.0
03-26 02:15,0.0
03-26 02:30,0.0
03-26 02:45,0.0
03-26 03:00,713.313492582139
03-26 03:15,1484.2857142857142
03-26 03:30,1484.2857142857142
03-26 03:45,1484.2857142857142
03-26 04:00,0.0
03-26 04:15,0.0
03-26 04:30,0.0
03-26 04:45,0.0
03-26 05:00,0.0
03-26 05:15,0.0
03-26 05:30,0.0
03-26 05:45,0.0
03-26 06:00,0.0
03-26 06:15,0.0
03-26 06:30,2749.7863728714287
03-26 06:45,0.0
03-26 07:00,0.0
03-26 07:15,0.0
03-26 07:30,0.0
03-26 07:45,0.0
03-26 08:00,0.0
03-26 08:15,4102.324590900001
03-26 08:30,0.0
03-26 08:45,0.0
03-26 09:00,0.0
03-26 09:15,0.0
03-26 09:30,0.0
03-26 09:45,0.0
03-26 10:00,4323.908992528572
03-26 10:15,0.0
03-26 10:30,0.0
03-26 10:45,0.0
03-26 11:00,0.0
03-26 11:15,0.0
03-26 11:30,0.0
03-26 11:45,0.0
03-26 12:00,2046.4783703000005
03-26 12:15,0.0
03-26 12:30,0.0
03-26 12:45,0.0
03-26 13:00,0.0
03-26 13:15,0.0
03-26 13:30,2490.347017357143
03-26 13:45,0.0
03-26 14:00,1278.2002585428572
03-26 14:15,1484.2857142857142
03-26 14:30,65.12843127857033
03-26 14:45,1484.2857142857142
03-26 15:00,0.0
03-26 15:15,0.0
03-26 15:30,0.0
03-26 15:45,0.0
03-26 16:00,0.0
03-26 16:15,0.0
03-26 16:30,0.0
03-26 16:45,0.0
03-26 17:00,0.0
03-26 17:15,0.0
03-26 17:30,0.0
03-26 17:45,0.0
03-26 18:00,0.0
03-26 18:15,0.0
03-26 18:30,0.0
03-26 18:45,0.0
03-26 19:00,0.0
03-26 19:15,0.0
03-26 19:30,0.0
03-26 19:45,0.0
03-26 20:00,0.0
03-26 20:15,0.0
03-26 20:30,0.0
03-26 20:45,0.0
03-26 21:00,0.0
03-26 21:15,0.0
03-26 21:30,0.0
03-26 21:45,0.0
03-26 22:00,0.0
03-26 22:15,0.0
03-26 22:30,0.0
03-26 22:45,0.0
03-26 23:00,0.0
03-26 23:15,0.0
03-26 23:30,0.0
03-26 23:45,0.0
03-27 00:00,0.0
03-27 00:15,0.0
03-27 00:30,0.0
03-27 00:45,0.0
03-27 01:00,0.0
03-27 01:15,0.0
03-27 01:30,0.0
03-27 01:45,0.0
03-27 02:00,0.0
03-27 02:15,0.0
03-27 02:30,0.0
03-27 02:45,0.0
03-27 03:00,0.0
03-27 03:15,0.0
03-27 03:30,0.0
03-27 03:45,0.0
03-27 04:00,0.0
03-27 04:15,0.0
03-27 04:30,0.0
03-27 04:45,0.0
03-27 05:00,0.0
03-27 05:15,0.0
03-27 05:30,0.0
03-27 05:45,0.0
03-27 06:00,0.0
03-27 06:15,0.0
03-27 06:30,0.0
03-27 06:45,0.0
03-27 07:00,0.0
03-27 07:15,0.0
03-27 07:30,0.0
03-27 07:45,0.0
03-27 08:00,0.0
03-27 08:15,0.0
03-27 08:30,0.0
03-27 08:45,0.0
03-27 09:00,0.0
03-27 09:15,0.0
03-27 09:30,0.0
03-27 09:45,0.0
03-27 10:00,0.0
03-27 10:15,0.0
03-27 10:30,0.0
03-27 10:45,0.0
03-27 11:00,1741.0819303285716
03-27 11:15,0.0
03-27 11:30,3572.9739564142856
03-27 11:45,0.0
03-27 12:00,0.0
03-27 12:15,0.0
03-27 12:30,0.0
03-27 12:45,0.0
03-27 13:00,0.0
03-27 13:15,0.0
03-27 13:30,0.0
03-27 13:45,3558.068827171429
03-27 14:00,0.0
03-27 14:15,0.0
03-27 14:30,0.0
03-27 14:45,0.0
03-27 15:00,8821.490093542858
03-27 15:15,0.0
03-27 15:30,0.0
03-27 15:45,0.0
03-27 16:00,0.0
03-27 16:15,0.0
03-27 16:30,0.0
03-27 16:45,0.0
03-27 17:00,0.0
03-27 17:15,0.0
03-27 17:30,0.0
03-27 17:45,0.0
03-27 18:00,0.0
03-27 18:15,0.0
03-27 18:30,0.0
03-27 18:45,0.0
03-27 19:00,0.0
03-27 19:15,0.0
03-27 19:30,0.0
03-27 19:45,0.0
03-27 20:00,0.0
03-27 20:15,0.0
03-27 20:30,0.0
03-27 20:45,0.0
03-27 21:00,0.0
03-27 21:15,0.0
03-27 21:30,0.0
03-27 21:45,0.0
03-27 22:00,0.0
03-27 22:15,0.0
03-27 22:30,0.0
03-27 22:45,0.0
03-27 23:00,0.0
03-27 23:15,0.0
03-27 23:30,0.0
03-27 23:45,0.0
03-28 00:00,0.0
03-28 00:15,0.0
03-28 00:30,0.0
03-28 00:45,0.0
03-28 01:00,0.0
03-28 01:15,0.0
03-28 01:30,0.0
03-28 01:45,0.0
03-28 02:00,0.0
03-28 02:15,0.0
03-28 02:30,0.0
03-28 02:45,0.0
03-28 03:00,0.0
03-28 03:15,0.0
03-28 03:30,0.0
03-28 03:45,0.0
03-28 04:00,0.0
03-28 04:15,0.0
03-28 04:30,0.0
03-28 04:45,0.0
03-28 05:00,0.0
03-28 05:15,0.0
03-28 05:30,0.0
03-28 05:45,0.0
03-28 06:00,0.0
03-28 06:15,0.0
03-28 06:30,0.0
03-28 06:45,0.0
03-28 07:00,0.0
03-28 07:15,0.0
03-28 07:30,0.0
03-28 07:45,0.0
03-28 08:00,0.0
03-28 08:15,0.0
03-28 08:30,0.0
03-28 08:45,0.0
03-28 09:00,0.0
03-28 09:15,0.0
03-28 09:30,0.0
03-28 09:45,0.0
03-28 10:00,0.0
03-28 10:15,0.0
03-28 10:30,0.0
03-28 10:45,0.0
03-28 11:00,0.0
03-28 11:15,0.0
03-28 11:30,0.0
03-28 11:45,0.0
03-28 12:00,0.0
03-28 12:15,0.0
03-28 12:30,0.0
03-28 12:45,0.0
03-28 13:00,0.0
03-28 13:15,0.0
03-28 13:30,0.0
03-28 13:45,0.0
03-28 14:00,0.0
03-28 14:15,0.0
03-28 14:30,0.0
03-28 14:45,0.0
03-28 15:00,0.0
03-28 15:15,0.0
03-28 15:30,0.0
03-28 15:45,0.0
03-28 16:00,0.0
03-28 16:15,0.0
03-28 16:30,0.0
03-28 16:45,4037.9912133
03-28 17:00,0.0
03-28 17:15,0.0
03-28 17:30,0.0
03-28 17:45,0.0
03-28 18:00,0.0
03-28 18:15,0.0
03-28 18:30,0.0
03-28 18:45,0.0
03-28 19:00,0.0
03-28 19:15,0.0
03-28 19:30,0.0
03-28 19:45,0.0
03-28 20:00,0.0
03-28 20:15,0.0
03-28 20:30,0.0
03-28 20:45,0.0
03-28 21:00,0.0
03-28 21:15,0.0
03-28 21:30,0.0
03-28 21:45,0.0
03-28 22:00,0.0
03-28 22:15,0.0
03-28 22:30,0.0
03-28 22:45,0.0
03-28 23:00,0.0
03-28 23:15,0.0
03-28 23:30,0.0
03-28 23:45,0.0
03-29 00:00,0.0
03-29 00:15,0.0
03-29 00:30,0.0
03-29 00:45,0.0
03-29 01:00,0.0
03-29 01:15,0.0
03-29 01:30,0.0
03-29 01:45,0.0
03-29 02:00,0.0
03-29 02:15,0.0
03-29 02:30,0.0
03-29 02:45,0.0
03-29 03:00,0.0
03-29 03:15,0.0
03-29 03:30,0.0
03-29 03:45,0.0
03-29 04:00,0.0
03-29 04:15,0.0
03-29 04:30,0.0
03-29 04:45,0.0
03-29 05:00,0.0
03-29 05:15,0.0
03-29 05:30,0.0
03-29 05:45,0.0
03-29 06:00,0.0
03-29 06:15,0.0
03-29 06:30,0.0
03-29 06:45,0.0
03-29 07:00,0.0
03-29 07:15,0.0
03-29 07:30,0.0
03-29 07:45,0.0
03-29 08:00,0.0
03-29 08:15,0.0
03-29 08:30,2931.614280485714
03-29 08:45,0.0
03-29 09:00,0.0
03-29 09:15,0.0
03-29 09:30,0.0
03-29 09:45,0.0
03-29 10:00,0.0
03-29 10:15,0.0
03-29 10:30,0.0
03-29 10:45,0.0
03-29 11:00,0.0
03-29 11:15,0.0
03-29 11:30,0.0
03-29 11:45,0.0
03-29 12:00,0.0
03-29 12:15,1247.770607414286
03-29 12:30,0.0
03-29 12:45,0.0
03-29 13:00,0.0
03-29 13:15,3336.5657989000006
03-29 13:30,0.0
03-29 13:45,0.0
03-29 14:00,0.0
03-29 14:15,0.0
03-29 14:30,0.0
03-29 14:45,0.0
03-29 15:00,0.0
03-29 15:15,5465.121861428572
03-29 15:30,0.0
03-29 15:45,0.0
03-29 16:00,3201.4546038000003
03-29 16:15,0.0
03-29 16:30,0.0
03-29 16:45,0.0
03-29 17:00,0.0
03-29 17:15,0.0
03-29 17:30,0.0
03-29 17:45,0.0
03-29 18:00,0.0
03-29 18:15,0.0
03-29 18:30,0.0
03-29 18:45,0.0
03-29 19:00,0.0
03-29 19:15,0.0
03-29 19:30,0.0
03-29 19:45,0.0
03-29 20:00,0.0
03-29 20:15,0.0
03-29 20:30,0.0
03-29 20:45,0.0
03-29 21:00,0.0
03-29 21:15,0.0
03-29 21:30,0.0
03-29 21:45,0.0
03-29 22:00,0.0
03-29 22:15,0.0
03-29 22:30,0.0
03-29 22:45,0.0
03-29 23:00,0.0
03-29 23:15,0.0
03-29 23:30,0.0
03-29 23:45,0.0
03-30 00:00,0.0
03-30 00:15,0.0
03-30 00:30,0.0
03-30 00:45,0.0
03-30 01:00,0.0
03-30 01:15,0.0
03-30 01:30,0.0
03-30 01:45,0.0
03-30 02:00,0.0
03-30 02:15,0.0
03-30 02:30,0.0
03-30 02:45,0.0
03-30 03:00,0.0
03-30 03:15,0.0
03-30 03:30,0.0
03-30 03:45,0.0
03-30 04:00,0.0
03-30 04:15,0.0
03-30 04:30,0.0
03-30 04:45,0.0
03-30 05:00,0.0
03-30 05:15,0.0
03-30 05:30,0.0
03-30 05:45,0.0
03-30 06:00,0.0
03-30 06:15,0.0
03-30 06:30,0.0
03-30 06:45,1761.792349342857
03-30 07:00,0.0
03-30 07:15,0.0
03-30 07:30,0.0
03-30 07:45,0.0
03-30 08:00,0.0
03-30 08:15,0.0
03-30 08:30,3432.021050628571
03-30 08:45,0.0
03-30 09:00,0.0
03-30 09:15,0.0
03-30 09:30,0.0
03-30 09:45,0.0
03-30 10:00,0.0
03-30 10:15,0.0
03-30 10:30,0.0
03-30 10:45,0.0
03-30 11:00,0.0
03-30 11:15,572.0817102757143
03-30 11:30,0.0
03-30 11:45,0.0
03-30 12:00,1484.2857142857142
03-30 12:15,1484.2857142857142
03-30 12:30,1484.2857142857142
03-30 12:45,1484.2857142857142
03-30 13:00,2469.1857252157142
03-30 13:15,2178.409727462857
03-30 13:30,1484.2857142857142
03-30 13:45,1484.2857142857142
03-30 14:00,1484.2857142857142
03-30 14:15,1820.14167134
03-30 14:30,6562.466099685715
03-30 14:45,1484.2857142857142
03-30 15:00,0.0
03-30 15:15,0.0
03-30 15:30,0.0
03-30 15:45,0.0
03-30 16:00,0.0
03-30 16:15,0.0
03-30 16:30,0.0
03-30 16:45,3324.633625985715
03-30 17:00,0.0
03-30 17:15,0.0
03-30 17:30,0.0
03-30 17:45,0.0
03-30 18:00,0.0
03-30 18:15,0.0
03-30 18:30,0.0
03-30 18:45,0.0
03-30 19:00,0.0
03-30 19:15,0.0
03-30 19:30,0.0
03-30 19:45,0.0
03-30 20:00,0.0
03-30 20:15,0.0
03-30 20:30,0.0
03-30 20:45,0.0
03-30 21:00,0.0
03-30 21:15,0.0
03-30 21:30,0.0
03-30 21:45,0.0
03-30 22:00,0.0
03-30 22:15,0.0
03-30 22:30,0.0
03-30 22:45,0.0
03-30 23:00,0.0
03-30 23:15,0.0
03-30 23:30,0.0
03-30 23:45,0.0
03-31 00:00,0.0
03-31 00:15,0.0
03-31 00:30,0.0
03-31 00:45,0.0
03-31 01:00,0.0
03-31 01:15,0.0
03-31 01:30,0.0
03-31 01:45,0.0
03-31 02:00,0.0
03-31 02:15,0.0
03-31 02:30,0.0
03-31 02:45,0.0
03-31 03:00,0.0
03-31 03:15,0.0
03-31 03:30,0.0
03-31 03:45,0.0
03-31 04:00,0.0
03-31 04:15,0.0
03-31 04:30,0.0
03-31 04:45,0.0
03-31 05:00,0.0
03-31 05:15,0.0
03-31 05:30,0.0
03-31 05:45,0.0
03-31 06:00,0.0
03-31 06:15,0.0
03-31 06:30,0.0
03-31 06:45,0.0
03-31 07:00,0.0
03-31 07:15,0.0
03-31 07:30,0.0
03-31 07:45,0.0
03-31 08:00,0.0
03-31 08:15,0.0
03-31 08:30,0.0
03-31 08:45,2032.344231157144
03-31 09:00,1484.2857142857142
03-31 09:15,1484.2857142857142
03-31 09:30,1868.944129818572
03-31 09:45,1484.2857142857142
03-31 10:00,1484.2857142857142
03-31 10:15,1484.2857142857142
03-31 10:30,6345.346780657143
03-31 10:45,1913.60634441
03-31 11:00,1484.2857142857142
03-31 11:15,2128.376857655714
03-31 11:30,1484.2857142857142
03-31 11:45,2478.0953191700005
03-31 12:00,2220.993579871428
03-31 12:15,1484.2857142857142
03-31 12:30,1484.2857142857142
03-31 12:45,2208.4732381242857
03-31 13:00,1484.2857142857142
03-31 13:15,1484.2857142857142
03-31 13:30,6100.713882514286
03-31 13:45,1484.2857142857142
03-31 14:00,1484.2857142857142
03-31 14:15,1484.2857142857142
03-31 14:30,2012.436374111429
03-31 14:45,1484.2857142857142
03-31 15:00,1484.2857142857142
03-31 15:15,1876.7127010414283
03-31 15:30,2048.867286952857
03-31 15:45,1484.2857142857142
03-31 16:00,2161.8248355928567
03-31 16:15,1969.9894167814284
03-31 16:30,1484.2857142857142
03-31 16:45,2275.211140752857
03-31 17:00,0.0
03-31 17:15,0.0
03-31 17:30,0.0
03-31 17:45,0.0
03-31 18:00,0.0
03-31 18:15,0.0
03-31 18:30,0.0
03-31 18:45,0.0
03-31 19:00,0.0
03-31 19:15,0.0
03-31 19:30,0.0
03-31 19:45,0.0
03-31 20:00,0.0
03-31 20:15,0.0
03-31 20:30,0.0
03-31 20:45,0.0
03-31 21:00,0.0
03-31 21:15,0.0
03-31 21:30,0.0
03-31 21:45,0.0
03-31 22:00,0.0
03-31 22:15,0.0
03-31 22:30,0.0
03-31 22:45,0.0
03-31 23:00,0.0
03-31 23:15,0.0
03-31 23:30,0.0
03-31 23:45,0.0
04-01 00:00,0.0
04-01 00:15,0.0
04-01 00:30,0.0
04-01 00:45,0.0
04-01 01:00,0.0
04-01 01:15,0.0
04-01 01:30,0.0
04-01 01:45,0.0
04-01 02:00,0.0
04-01 02:15,0.0
04-01 02:30,0.0
04-01 02:45,0.0
04-01 03:00,0.0
04-01 03:15,0.0
04-01 03:30,0.0
04-01 03:45,0.0
04-01 04:00,0.0
04-01 04:15,0.0
04-01 04:30,0.0
04-01 04:45,0.0
04-01 05:00,0.0
04-01 05:15,0.0
04-01 05:30,0.0
04-01 05:45,0.0
04-01 06:00,0.0
04-01 06:15,0.0
04-01 06:30,0.0
04-01 06:45,0.0
04-01 07:00,0.0
04-01 07:15,0.0
04-01 07:30,0.0
04-01 07:45,0.0
04-01 08:00,0.0
04-01 08:15,0.0
04-01 08:30,0.0
04-01 08:45,0.0
04-01 09:00,0.0
04-01 09:15,3460.3856785
04-01 09:30,0.0
04-01 09:45,0.0
04-01 10:00,0.0
04-01 10:15,0.0
04-01 10:30,0.0
04-01 10:45,0.0
04-01 11:00,2136.108034042857
04-01 11:15,0.0
04-01 11:30,0.0
04-01 11:45,4340.425406328572
04-01 12:00,0.0
04-01 12:15,0.0
04-01 12:30,0.0
04-01 12:45,0.0
04-01 13:00,0.0
04-01 13:15,0.0
04-01 13:30,0.0
04-01 13:45,0.0
04-01 14:00,0.0
04-01 14:15,0.0
04-01 14:30,0.0
04-01 14:45,1271.5920371285713
04-01 15:00,0.0
04-01 15:15,0.0
04-01 15:30,0.0
04-01 15:45,0.0
04-01 16:00,0.0
04-01 16:15,9049.698180142856
04-01 16:30,0.0
04-01 16:45,0.0
04-01 17:00,0.0
04-01 17:15,4395.574847385715
04-01 17:30,0.0
04-01 17:45,0.0
04-01 18:00,169.00049807142864
04-01 18:15,0.0
04-01 18:30,0.0
04-01 18:45,0.0
04-01 19:00,0.0
04-01 19:15,0.0
04-01 19:30,0.0
04-01 19:45,0.0
04-01 20:00,0.0
04-01 20:15,0.0
04-01 20:30,3681.764686857143
04-01 20:45,0.0
04-01 21:00,0.0
04-01 21:15,0.0
04-01 21:30,0.0
04-01 21:45,0.0
04-01 22:00,0.0
04-01 22:15,0.0
04-01 22:30,0.0
04-01 22:45,0.0
04-01 23:00,0.0
04-01 23:15,0.0
04-01 23:30,0.0
04-01 23:45,0.0
04-02 00:00,1484.2857142857142
04-02 00:15,1484.2857142857142
04-02 00:30,1484.2857142857142
04-02 00:45,1484.2857142857142
04-02 01:00,2045.903291712857
04-02 01:15,1484.2857142857142
04-02 01:30,1484.2857142857142
04-02 01:45,1484.2857142857142
04-02 02:00,1484.2857142857142
04-02 02:15,7148.064458542857
04-02 02:30,1484.2857142857142
04-02 02:45,7503.054885428571
04-02 03:00,1484.2857142857142
04-02 03:15,1484.2857142857142
04-02 03:30,1484.2857142857142
04-02 03:45,1484.2857142857142
04-02 04:00,0.0
04-02 04:15,0.0
04-02 04:30,0.0
04-02 04:45,0.0
04-02 05:00,0.0
04-02 05:15,0.0
04-02 05:30,0.0
04-02 05:45,0.0
04-02 06:00,0.0
04-02 06:15,0.0
04-02 06:30,0.0
04-02 06:45,0.0
04-02 07:00,0.0
04-02 07:15,0.0
04-02 07:30,0.0
04-02 07:45,0.0
04-02 08:00,0.0
04-02 08:15,0.0
04-02 08:30,0.0
04-02 08:45,0.0
04-02 09:00,0.0
04-02 09:15,0.0
04-02 09:30,0.0
04-02 09:45,0.0
04-02 10:00,2225.3380209857146
04-02 10:15,0.0
04-02 10:30,0.0
04-02 10:45,0.0
04-02 11:00,1484.2857142857142
04-02 11:15,1484.2857142857142
04-02 11:30,162.48272433852915
04-02 11:45,1484.2857142857142
04-02 12:00,0.0
04-02 12:15,0.0
04-02 12:30,0.0
04-02 12:45,0.0
04-02 13:00,0.0
04-02 13:15,0.0
04-02 13:30,0.0
04-02 13:45,3336.841130685714
04-02 14:00,1484.2857142857142
04-02 14:15,0.0
04-02 14:30,1239.095198514286
04-02 14:45,0.0
04-02 15:00,0.0
04-02 15:15,0.0
04-02 15:30,278.20134221570925
04-02 15:45,0.0
04-02 16:00,0.0
04-02 16:15,0.0
04-02 16:30,2972.206366614286
04-02 16:45,0.0
04-02 17:00,0.0
04-02 17:15,0.0
04-02 17:30,0.0
04-02 17:45,0.0
04-02 18:00,0.0
04-02 18:15,0.0
04-02 18:30,0.0
04-02 18:45,0.0
04-02 19:00,0.0
04-02 19:15,0.0
04-02 19:30,0.0
04-02 19:45,5618.075584485715
04-02 20:00,0.0
04-02 20:15,0.0
04-02 20:30,2888.803484671428
04-02 20:45,0.0
04-02 21:00,0.0
04-02 21:15,0.0
04-02 21:30,0.0
04-02 21:45,0.0
04-02 22:00,1484.2857142857142
04-02 22:15,1484.2857142857142
04-02 22:30,779.8033911757126
04-02 22:45,1484.2857142857142
04-02 23:00,0.0
04-02 23:15,0.0
04-02 23:30,0.0
04-02 23:45,0.0
04-03 00:00,0.0
04-03 00:15,0.0
04-03 00:30,0.0
04-03 00:45,0.0
04-03 01:00,0.0
04-03 01:15,0.0
04-03 01:30,0.0
04-03 01:45,0.0
04-03 02:00,0.0
04-03 02:15,862.945930102857
04-03 02:30,0.0
04-03 02:45,0.0
04-03 03:00,0.0
04-03 03:15,0.0
04-03 03:30,0.0
04-03 03:45,0.0
04-03 04:00,0.0
04-03 04:15,0.0
04-03 04:30,0.0
04-03 04:45,0.0
04-03 05:00,0.0
04-03 05:15,0.0
04-03 05:30,0.0
04-03 05:45,0.0
04-03 06:00,0.0
04-03 06:15,0.0
04-03 06:30,0.0
04-03 06:45,0.0
04-03 07:00,0.0
04-03 07:15,0.0
04-03 07:30,0.0
04-03 07:45,0.0
04-03 08:00,0.0
04-03 08:15,0.0
04-03 08:30,0.0
04-03 08:45,0.0
04-03 09:00,0.0
04-03 09:15,0.0
04-03 09:30,2791.954889214286
04-03 09:45,0.0
04-03 10:00,0.0
04-03 10:15,0.0
04-03 10:30,0.0
04-03 10:45,5042.895034328572
04-03 11:00,2063.3002752285715
04-03 11:15,0.0
04-03 11:30,0.0
04-03 11:45,0.0
04-03 12:00,0.0
04-03 12:15,3089.936569742857
04-03 12:30,4871.700698500001
04-03 12:45,0.0
04-03 13:00,0.0
04-03 13:15,0.0
04-03 13:30,0.0
04-03 13:45,0.0
04-03 14:00,0.0
04-03 14:15,2349.2767517285715
04-03 14:30,0.0
04-03 14:45,0.0
04-03 15:00,0.0
04-03 15:15,0.0
04-03 15:30,0.0
04-03 15:45,0.0
04-03 16:00,3000.6213708285723
04-03 16:15,0.0
04-03 16:30,0.0
04-03 16:45,0.0
04-03 17:00,2581.5091735428573
04-03 17:15,0.0
04-03 17:30,0.0
04-03 17:45,0.0
04-03 18:00,0.0
04-03 18:15,0.0
04-03 18:30,0.0
04-03 18:45,0.0
04-03 19:00,0.0
04-03 19:15,0.0
04-03 19:30,0.0
04-03 19:45,0.0
04-03 20:00,0.0
04-03 20:15,0.0
04-03 20:30,0.0
04-03 20:45,0.0
04-03 21:00,0.0
04-03 21:15,0.0
04-03 21:30,0.0
04-03 21:45,0.0
04-03 22:00,0.0
04-03 22:15,0.0
04-03 22:30,0.0
04-03 22:45,0.0
04-03 23:00,0.0
04-03 23:15,0.0
04-03 23:30,0.0
04-03 23:45,0.0
04-04 00:00,0.0
04-04 00:15,0.0
04-04 00:30,0.0
04-04 00:45,0.0
04-04 01:00,1484.2857142857142
04-04 01:15,1484.2857142857142
04-04 01:30,1484.2857142857142
04-04 01:45,1484.2857142857142
04-04 02:00,1484.2857142857142
04-04 02:15,1484.2857142857142
04-04 02:30,1484.2857142857142
04-04 02:45,1484.2857142857142
04-04 03:00,0.0
04-04 03:15,0.0
04-04 03:30,0.0
04-04 03:45,0.0
04-04 04:00,0.0
04-04 04:15,0.0
04-04 04:30,0.0
04-04 04:45,0.0
04-04 05:00,0.0
04-04 05:15,0.0
04-04 05:30,0.0
04-04 05:45,0.0
04-04 06:00,0.0
04-04 06:15,0.0
04-04 06:30,0.0
04-04 06:45,0.0
04-04 07:00,0.0
04-04 07:15,0.0
04-04 07:30,0.0
04-04 07:45,0.0
04-04 08:00,0.0
04-04 08:15,0.0
04-04 08:30,0.0
04-04 08:45,0.0
04-04 09:00,0.0
04-04 09:15,0.0
04-04 09:30,0.0
04-04 09:45,0.0
04-04 10:00,0.0
04-04 10:15,0.0
04-04 10:30,0.0
04-04 10:45,0.0
04-04 11:00,0.0
04-04 11:15,0.0
04-04 11:30,0.0
04-04 11:45,0.0
04-04 12:00,0.0
04-04 12:15,6208.240801457142
04-04 12:30,0.0
04-04 12:45,0.0
04-04 13:00,0.0
04-04 13:15,0.0
04-04 13:30,0.0
04-04 13:45,0.0
04-04 14:00,0.0
04-04 14:15,0.0
04-04 14:30,0.0
04-04 14:45,0.0
04-04 15:00,0.0
04-04 15:15,0.0
04-04 15:30,0.0
04-04 15:45,0.0
04-04 16:00,2349.535189142857
04-04 16:15,0.0
04-04 16:30,0.0
04-04 16:45,0.0
04-04 17:00,0.0
04-04 17:15,0.0
04-04 17:30,0.0
04-04 17:45,222.64758950000012
04-04 18:00,0.0
04-04 18:15,0.0
04-04 18:30,0.0
04-04 18:45,0.0
04-04 19:00,0.0
04-04 19:15,0.0
04-04 19:30,0.0
04-04 19:45,0.0
04-04 20:00,0.0
04-04 20:15,0.0
04-04 20:30,0.0
04-04 20:45,0.0
04-04 21:00,0.0
04-04 21:15,0.0
04-04 21:30,0.0
04-04 21:45,0.0
04-04 22:00,0.0
04-04 22:15,0.0
04-04 22:30,0.0
04-04 22:45,0.0
04-04 23:00,0.0
04-04 23:15,0.0
04-04 23:30,0.0
04-04 23:45,0.0
04-05 00:00,0.0
04-05 00:15,0.0
04-05 00:30,0.0
04-05 00:45,0.0
04-05 01:00,0.0
04-05 01:15,0.0
04-05 01:30,0.0
04-05 01:45,0.0
04-05 02:00,0.0
04-05 02:15,0.0
04-05 02:30,0.0
04-05 02:45,0.0
04-05 03:00,0.0
04-05 03:15,0.0
04-05 03:30,0.0
04-05 03:45,0.0
04-05 04:00,0.0
04-05 04:15,0.0
04-05 04:30,0.0
04-05 04:45,0.0
04-05 05:00,0.0
04-05 05:15,0.0
04-05 05:30,0.0
04-05 05:45,0.0
04-05 06:00,0.0
04-05 06:15,0.0
04-05 06:30,0.0
04-05 06:45,0.0
04-05 07:00,0.0
04-05 07:15,0.0
04-05 07:30,0.0
04-05 07:45,0.0
04-05 08:00,0.0
04-05 08:15,0.0
04-05 08:30,0.0
04-05 08:45,0.0
04-05 09:00,0.0
04-05 09:15,0.0
04-05 09:30,0.0
04-05 09:45,0.0
04-05 10:00,0.0
04-05 10:15,0.0
04-05 10:30,0.0
04-05 10:45,0.0
04-05 11:00,0.0
04-05 11:15,0.0
04-05 11:30,1277.6355152428573
04-05 11:45,0.0
04-05 12:00,0.0
04-05 12:15,0.0
04-05 12:30,0.0
04-05 12:45,0.0
04-05 13:00,0.0
04-05 13:15,0.0
04-05 13:30,0.0
04-05 13:45,0.0
04-05 14:00,0.0
04-05 14:15,0.0
04-05 14:30,0.0
04-05 14:45,0.0
04-05 15:00,0.0
04-05 15:15,0.0
04-05 15:30,0.0
04-05 15:45,0.0
04-05 16:00,0.0
04-05 16:15,0.0
04-05 16:30,0.0
04-05 16:45,0.0
04-05 17:00,0.0
04-05 17:15,0.0
04-05 17:30,0.0
04-05 17:45,0.0
04-05 18:00,0.0
04-05 18:15,0.0
04-05 18:30,0.0
04-05 18:45,0.0
04-05 19:00,0.0
04-05 19:15,0.0
04-05 19:30,0.0
04-05 19:45,0.0
04-05 20:00,0.0
04-05 20:15,0.0
04-05 20:30,0.0
04-05 20:45,0.0
04-05 21:00,0.0
04-05 21:15,0.0
04-05 21:30,0.0
04-05 21:45,0.0
04-05 22:00,0.0
04-05 22:15,0.0
04-05 22:30,0.0
04-05 22:45,5137.194804142858
04-05 23:00,0.0
04-05 23:15,0.0
04-05 23:30,0.0
04-05 23:45,0.0
04-06 00:00,0.0
04-06 00:15,0.0
04-06 00:30,0.0
04-06 00:45,0.0
04-06 01:00,0.0
04-06 01:15,0.0
04-06 01:30,0.0
04-06 01:45,0.0
04-06 02:00,0.0
04-06 02:15,0.0
04-06 02:30,0.0
04-06 02:45,0.0
04-06 03:00,0.0
04-06 03:15,0.0
04-06 03:30,0.0
04-06 03:45,0.0
04-06 04:00,0.0
04-06 04:15,0.0
04-06 04:30,0.0
04-06 04:45,0.0
04-06 05:00,0.0
04-06 05:15,0.0
04-06 05:30,0.0
04-06 05:45,0.0
04-06 06:00,0.0
04-06 06:15,0.0
04-06 06:30,0.0
04-06 06:45,0.0
04-06 07:00,0.0
04-06 07:15,0.0
04-06 07:30,0.0
04-06 07:45,0.0
04-06 08:00,0.0
04-06 08:15,0.0
04-06 08:30,0.0
04-06 08:45,0.0
04-06 09:00,0.0
04-06 09:15,0.0
04-06 09:30,0.0
04-06 09:45,0.0
04-06 10:00,0.0
04-06 10:15,0.0
04-06 10:30,0.0
04-06 10:45,0.0
04-06 11:00,0.0
04-06 11:15,0.0
04-06 11:30,0.0
04-06 11:45,0.0
04-06 12:00,0.0
04-06 12:15,0.0
04-06 12:30,1300.543662809966
04-06 12:45,1484.2857142857142
04-06 13:00,1484.2857142857142
04-06 13:15,1484.2857142857142
04-06 13:30,1484.2857142857142
04-06 13:45,7448.626645242857
04-06 14:00,1484.2857142857142
04-06 14:15,1484.2857142857142
04-06 14:30,2207.091114124286
04-06 14:45,1484.2857142857142
04-06 15:00,2005.4345435228568
04-06 15:15,1885.9182965914283
04-06 15:30,1484.2857142857142
04-06 15:45,1484.2857142857142
04-06 16:00,4925.567809257143
04-06 16:15,1484.2857142857142
04-06 16:30,1484.2857142857142
04-06 16:45,1484.2857142857142
04-06 17:00,0.0
04-06 17:15,0.0
04-06 17:30,0.0
04-06 17:45,0.0
04-06 18:00,830.2469176571428
04-06 18:15,0.0
04-06 18:30,0.0
04-06 18:45,0.0
04-06 19:00,0.0
04-06 19:15,0.0
04-06 19:30,0.0
04-06 19:45,0.0
04-06 20:00,1717.7902639
04-06 20:15,0.0
04-06 20:30,0.0
04-06 20:45,0.0
04-06 21:00,0.0
04-06 21:15,0.0
04-06 21:30,0.0
04-06 21:45,0.0
04-06 22:00,0.0
04-06 22:15,0.0
04-06 22:30,0.0
04-06 22:45,0.0
04-06 23:00,0.0
04-06 23:15,0.0
04-06 23:30,0.0
04-06 23:45,0.0
04-07 00:00,0.0
04-07 00:15,0.0
04-07 00:30,0.0
04-07 00:45,0.0
04-07 01:00,0.0
04-07 01:15,0.0
04-07 01:30,0.0
04-07 01:45,0.0
04-07 02:00,0.0
04-07 02:15,0.0
04-07 02:30,0.0
04-07 02:45,0.0
04-07 03:00,0.0
04-07 03:15,0.0
04-07 03:30,0.0
04-07 03:45,0.0
04-07 04:00,0.0
04-07 04:15,0.0
04-07 04:30,0.0
04-07 04:45,0.0
04-07 05:00,0.0
04-07 05:15,0.0
04-07 05:30,0.0
04-07 05:45,0.0
04-07 06:00,0.0
04-07 06:15,0.0
04-07 06:30,0.0
04-07 06:45,0.0
04-07 07:00,0.0
04-07 07:15,0.0
04-07 07:30,0.0
04-07 07:45,0.0
04-07 08:00,0.0
04-07 08:15,0.0
04-07 08:30,0.0
04-07 08:45,0.0
04-07 09:00,0.0
04-07 09:15,0.0
04-07 09:30,0.0
04-07 09:45,0.0
04-07 10:00,0.0
04-07 10:15,0.0
04-07 10:30,0.0
04-07 10:45,0.0
04-07 11:00,0.0
04-07 11:15,0.0
04-07 11:30,0.0
04-07 11:45,255.4586856714287
04-07 12:00,1484.2857142857142
04-07 12:15,1484.2857142857142
04-07 12:30,1484.2857142857142
04-07 12:45,2077.270388942857
04-07 13:00,2044.51032423
04-07 13:15,1484.2857142857142
04-07 13:30,1484.2857142857142
04-07 13:45,2196.813590618572
04-07 14:00,1484.2857142857142
04-07 14:15,1484.2857142857142
04-07 14:30,2064.33222738
04-07 14:45,7731.857045657142
04-07 15:00,1600.5876420874283
04-07 15:15,4888.968746414285
04-07 15:30,2388.773265684286
04-07 15:45,1966.1787878528569
04-07 16:00,0.0
04-07 16:15,0.0
04-07 16:30,0.0
04-07 16:45,402.5661055900035
04-07 17:00,0.0
04-07 17:15,0.0
04-07 17:30,0.0
04-07 17:45,0.0
04-07 18:00,0.0
04-07 18:15,0.0
04-07 18:30,0.0
04-07 18:45,0.0
04-07 19:00,2531.0234367857147
04-07 19:15,0.0
04-07 19:30,0.0
04-07 19:45,0.0
04-07 20:00,0.0
04-07 20:15,0.0
04-07 20:30,0.0
04-07 20:45,0.0
04-07 21:00,0.0
04-07 21:15,0.0
04-07 21:30,0.0
04-07 21:45,0.0
04-07 22:00,0.0
04-07 22:15,0.0
04-07 22:30,0.0
04-07 22:45,0.0
04-07 23:00,0.0
04-07 23:15,0.0
04-07 23:30,0.0
04-07 23:45,0.0
04-08 00:00,0.0
04-08 00:15,0.0
04-08 00:30,0.0
04-08 00:45,0.0
04-08 01:00,0.0
04-08 01:15,0.0
04-08 01:30,0.0
04-08 01:45,0.0
04-08 02:00,0.0
04-08 02:15,0.0
04-08 02:30,0.0
04-08 02:45,0.0
04-08 03:00,0.0
04-08 03:15,0.0
04-08 03:30,0.0
04-08 03:45,0.0
04-08 04:00,0.0
04-08 04:15,0.0
04-08 04:30,0.0
04-08 04:45,0.0
04-08 05:00,0.0
04-08 05:15,0.0
04-08 05:30,0.0
04-08 05:45,0.0
04-08 06:00,0.0
04-08 06:15,0.0
04-08 06:30,0.0
04-08 06:45,0.0
04-08 07:00,0.0
04-08 07:15,0.0
04-08 07:30,0.0
04-08 07:45,0.0
04-08 08:00,0.0
04-08 08:15,0.0
04-08 08:30,0.0
04-08 08:45,0.0
04-08 09:00,0.0
04-08 09:15,0.0
04-08 09:30,0.0
04-08 09:45,0.0
04-08 10:00,0.0
04-08 10:15,0.0
04-08 10:30,0.0
04-08 10:45,0.0
04-08 11:00,0.0
04-08 11:15,4096.599921000001
04-08 11:30,0.0
04-08 11:45,0.0
04-08 12:00,0.0
04-08 12:15,0.0
04-08 12:30,0.0
04-08 12:45,0.0
04-08 13:00,0.0
04-08 13:15,0.0
04-08 13:30,0.0
04-08 13:45,0.0
04-08 14:00,0.0
04-08 14:15,0.0
04-08 14:30,0.0
04-08 14:45,0.0
04-08 15:00,0.0
04-08 15:15,2145.075078114286
04-08 15:30,0.0
04-08 15:45,0.0
04-08 16:00,1213.2681084285716
04-08 16:15,0.0
04-08 16:30,0.0
04-08 16:45,0.0
04-08 17:00,0.0
04-08 17:15,0.0
04-08 17:30,0.0
04-08 17:45,0.0
04-08 18:00,0.0
04-08 18:15,0.0
04-08 18:30,0.0
04-08 18:45,0.0
04-08 19:00,0.0
04-08 19:15,0.0
04-08 19:30,0.0
04-08 19:45,0.0
04-08 20:00,0.0
04-08 20:15,0.0
04-08 20:30,0.0
04-08 20:45,0.0
04-08 21:00,0.0
04-08 21:15,0.0
04-08 21:30,0.0
04-08 21:45,0.0
04-08 22:00,0.0
04-08 22:15,0.0
04-08 22:30,0.0
04-08 22:45,0.0
04-08 23:00,1484.2857142857142
04-08 23:15,1484.2857142857142
04-08 23:30,1484.2857142857142
04-08 23:45,1484.2857142857142
04-09 00:00,1484.2857142857142
04-09 00:15,1484.2857142857142
04-09 00:30,1484.2857142857142
04-09 00:45,1484.2857142857142
04-09 01:00,0.0
04-09 01:15,0.0
04-09 01:30,0.0
04-09 01:45,0.0
04-09 02:00,0.0
04-09 02:15,0.0
04-09 02:30,0.0
04-09 02:45,1437.0891275871338
04-09 03:00,0.0
04-09 03:15,0.0
04-09 03:30,0.0
04-09 03:45,0.0
04-09 04:00,0.0
04-09 04:15,0.0
04-09 04:30,0.0
04-09 04:45,0.0
04-09 05:00,0.0
04-09 05:15,0.0
04-09 05:30,0.0
04-09 05:45,0.0
04-09 06:00,0.0
04-09 06:15,0.0
04-09 06:30,0.0
04-09 06:45,0.0
04-09 07:00,0.0
04-09 07:15,0.0
04-09 07:30,0.0
04-09 07:45,0.0
04-09 08:00,0.0
04-09 08:15,0.0
04-09 08:30,0.0
04-09 08:45,0.0
04-09 09:00,2839.302653685714
04-09 09:15,1893.240339814286
04-09 09:30,0.0
04-09 09:45,0.0
04-09 10:00,0.0
04-09 10:15,0.0
04-09 10:30,0.0
04-09 10:45,0.0
04-09 11:00,0.0
04-09 11:15,0.0
04-09 11:30,0.0
04-09 11:45,0.0
04-09 12:00,0.0
04-09 12:15,0.0
04-09 12:30,0.0
04-09 12:45,0.0
04-09 13:00,0.0
04-09 13:15,0.0
04-09 13:30,0.0
04-09 13:45,0.0
04-09 14:00,0.0
04-09 14:15,0.0
04-09 14:30,0.0
04-09 14:45,0.0
04-09 15:00,0.0
04-09 15:15,0.0
04-09 15:30,0.0
04-09 15:45,0.0
04-09 16:00,0.0
04-09 16:15,0.0
04-09 16:30,0.0
04-09 16:45,0.0
04-09 17:00,0.0
04-09 17:15,0.0
04-09 17:30,0.0
04-09 17:45,0.0
04-09 18:00,0.0
04-09 18:15,0.0
04-09 18:30,0.0
04-09 18:45,0.0
04-09 19:00,0.0
04-09 19:15,0.0
04-09 19:30,0.0
04-09 19:45,0.0
04-09 20:00,0.0
04-09 20:15,0.0
04-09 20:30,0.0
04-09 20:45,0.0
04-09 21:00,0.0
04-09 21:15,0.0
04-09 21:30,0.0
04-09 21:45,0.0
04-09 22:00,0.0
04-09 22:15,0.0
04-09 22:30,0.0
04-09 22:45,0.0
04-09 23:00,0.0
04-09 23:15,0.0
04-09 23:30,0.0
04-09 23:45,0.0
04-10 00:00,0.0
04-10 00:15,0.0
04-10 00:30,0.0
04-10 00:45,0.0
04-10 01:00,0.0
04-10 01:15,0.0
04-10 01:30,0.0
04-10 01:45,0.0
04-10 02:00,0.0
04-10 02:15,0.0
04-10 02:30,0.0
04-10 02:45,1083.8664760402748
04-10 03:00,0.0
04-10 03:15,0.0
04-10 03:30,0.0
04-10 03:45,0.0
04-10 04:00,0.0
04-10 04:15,0.0
04-10 04:30,0.0
04-10 04:45,0.0
04-10 05:00,0.0
04-10 05:15,0.0
04-10 05:30,0.0
04-10 05:45,0.0
04-10 06:00,0.0
04-10 06:15,0.0
04-10 06:30,0.0
04-10 06:45,0.0
04-10 07:00,0.0
04-10 07:15,0.0
04-10 07:30,0.0
04-10 07:45,0.0
04-10 08:00,0.0
04-10 08:15,0.0
04-10 08:30,0.0
04-10 08:45,0.0
04-10 09:00,0.0
04-10 09:15,0.0
04-10 09:30,0.0
04-10 09:45,0.0
04-10 10:00,0.0
04-10 10:15,3048.8071124571434
04-10 10:30,0.0
04-10 10:45,0.0
04-10 11:00,0.0
04-10 11:15,0.0
04-10 11:30,0.0
04-10 11:45,0.0
04-10 12:00,0.0
04-10 12:15,0.0
04-10 12:30,0.0
04-10 12:45,0.0
04-10 13:00,0.0
04-10 13:15,0.0
04-10 13:30,0.0
04-10 13:45,0.0
04-10 14:00,0.0
04-10 14:15,0.0
04-10 14:30,0.0
04-10 14:45,0.0
04-10 15:00,0.0
04-10 15:15,3662.091796114285
04-10 15:30,0.0
04-10 15:45,0.0
04-10 16:00,0.0
04-10 16:15,0.0
04-10 16:30,0.0
04-10 16:45,0.0
04-10 17:00,0.0
04-10 17:15,0.0
04-10 17:30,0.0
04-10 17:45,0.0
04-10 18:00,0.0
04-10 18:15,0.0
04-10 18:30,0.0
04-10 18:45,0.0
04-10 19:00,0.0
04-10 19:15,0.0
04-10 19:30,0.0
04-10 19:45,0.0
04-10 20:00,0.0
04-10 20:15,0.0
04-10 20:30,0.0
04-10 20:45,0.0
04-10 21:00,0.0
04-10 21:15,0.0
04-10 21:30,0.0
04-10 21:45,0.0
04-10 22:00,0.0
04-10 22:15,0.0
04-10 22:30,0.0
04-10 22:45,0.0
04-10 23:00,0.0
04-10 23:15,0.0
04-10 23:30,0.0
04-10 23:45,0.0
04-11 00:00,0.0
04-11 00:15,0.0
04-11 00:30,0.0
04-11 00:45,0.0
04-11 01:00,0.0
04-11 01:15,0.0
04-11 01:30,0.0
04-11 01:45,0.0
04-11 02:00,0.0
04-11 02:15,0.0
04-11 02:30,0.0
04-11 02:45,0.0
04-11 03:00,0.0
04-11 03:15,0.0
04-11 03:30,0.0
04-11 03:45,0.0
04-11 04:00,0.0
04-11 04:15,0.0
04-11 04:30,0.0
04-11 04:45,0.0
04-11 05:00,0.0
04-11 05:15,0.0
04-11 05:30,0.0
04-11 05:45,0.0
04-11 06:00,8491.306713342858
04-11 06:15,0.0
04-11 06:30,0.0
04-11 06:45,0.0
04-11 07:00,0.0
04-11 07:15,0.0
04-11 07:30,0.0
04-11 07:45,2575.1353426142864
04-11 08:00,0.0
04-11 08:15,0.0
04-11 08:30,0.0
04-11 08:45,0.0
04-11 09:00,0.0
04-11 09:15,0.0
04-11 09:30,0.0
04-11 09:45,0.0
04-11 10:00,0.0
04-11 10:15,0.0
04-11 10:30,0.0
04-11 10:45,0.0
04-11 11:00,0.0
04-11 11:15,0.0
04-11 11:30,0.0
04-11 11:45,0.0
04-11 12:00,0.0
04-11 12:15,0.0
04-11 12:30,0.0
04-11 12:45,0.0
04-11 13:00,0.0
04-11 13:15,0.0
04-11 13:30,0.0
04-11 13:45,0.0
04-11 14:00,0.0
04-11 14:15,2891.901023571428
04-11 14:30,0.0
04-11 14:45,0.0
04-11 15:00,3245.6243061428568
04-11 15:15,0.0
04-11 15:30,0.0
04-11 15:45,0.0
04-11 16:00,0.0
04-11 16:15,0.0
04-11 16:30,0.0
04-11 16:45,0.0
04-11 17:00,1.2222461428572955
04-11 17:15,0.0
04-11 17:30,0.0
04-11 17:45,0.0
04-11 18:00,0.0
04-11 18:15,0.0
04-11 18:30,0.0
04-11 18:45,3359.9178255142856
04-11 19:00,0.0
04-11 19:15,0.0
04-11 19:30,0.0
04-11 19:45,0.0
04-11 20:00,0.0
04-11 20:15,0.0
04-11 20:30,0.0
04-11 20:45,0.0
04-11 21:00,0.0
04-11 21:15,0.0
04-11 21:30,0.0
04-11 21:45,0.0
04-11 22:00,0.0
04-11 22:15,0.0
04-11 22:30,0.0
04-11 22:45,0.0
04-11 23:00,0.0
04-11 23:15,0.0
04-11 23:30,0.0
04-11 23:45,0.0
04-12 00:00,0.0
04-12 00:15,0.0
04-12 00:30,0.0
04-12 00:45,0.0
04-12 01:00,0.0
04-12 01:15,0.0
04-12 01:30,0.0
04-12 01:45,0.0
04-12 02:00,0.0
04-12 02:15,0.0
04-12 02:30,0.0
04-12 02:45,0.0
04-12 03:00,0.0
04-12 03:15,0.0
04-12 03:30,0.0
04-12 03:45,0.0
04-12 04:00,0.0
04-12 04:15,0.0
04-12 04:30,0.0
04-12 04:45,0.0
04-12 05:00,0.0
04-12 05:15,0.0
04-12 05:30,0.0
04-12 05:45,0.0
04-12 06:00,0.0
04-12 06:15,0.0
04-12 06:30,0.0
04-12 06:45,0.0
04-12 07:00,0.0
04-12 07:15,0.0
04-12 07:30,0.0
04-12 07:45,0.0
04-12 08:00,0.0
04-12 08:15,0.0
04-12 08:30,0.0
04-12 08:45,1453.2005576428576
04-12 09:00,0.0
04-12 09:15,0.0
04-12 09:30,0.0
04-12 09:45,0.0
04-12 10:00,0.0
04-12 10:15,0.0
04-12 10:30,0.0
04-12 10:45,0.0
04-12 11:00,0.0
04-12 11:15,0.0
04-12 11:30,0.0
04-12 11:45,0.0
04-12 12:00,0.0
04-12 12:15,0.0
04-12 12:30,0.0
04-12 12:45,0.0
04-12 13:00,0.0
04-12 13:15,0.0
04-12 13:30,0.0
04-12 13:45,0.0
04-12 14:00,0.0
04-12 14:15,0.0
04-12 14:30,0.0
04-12 14:45,0.0
04-12 15:00,0.0
04-12 15:15,0.0
04-12 15:30,0.0
04-12 15:45,0.0
04-12 16:00,0.0
04-12 16:15,0.0
04-12 16:30,0.0
04-12 16:45,0.0
04-12 17:00,0.0
04-12 17:15,0.0
04-12 17:30,0.0
04-12 17:45,0.0
04-12 18:00,0.0
04-12 18:15,0.0
04-12 18:30,0.0
04-12 18:45,0.0
04-12 19:00,0.0
04-12 19:15,0.0
04-12 19:30,0.0
04-12 19:45,0.0
04-12 20:00,0.0
04-12 20:15,0.0
04-12 20:30,2314.758595928572
04-12 20:45,0.0
04-12 21:00,0.0
04-12 21:15,0.0
04-12 21:30,0.0
04-12 21:45,0.0
04-12 22:00,0.0
04-12 22:15,0.0
04-12 22:30,0.0
04-12 22:45,0.0
04-12 23:00,0.0
04-12 23:15,0.0
04-12 23:30,0.0
04-12 23:45,0.0
04-13 00:00,0.0
04-13 00:15,0.0
04-13 00:30,0.0
04-13 00:45,0.0
04-13 01:00,0.0
04-13 01:15,0.0
04-13 01:30,0.0
04-13 01:45,0.0
04-13 02:00,0.0
04-13 02:15,0.0
04-13 02:30,0.0
04-13 02:45,0.0
04-13 03:00,0.0
04-13 03:15,0.0
04-13 03:30,0.0
04-13 03:45,0.0
04-13 04:00,0.0
04-13 04:15,0.0
04-13 04:30,0.0
04-13 04:45,0.0
04-13 05:00,0.0
04-13 05:15,0.0
04-13 05:30,0.0
04-13 05:45,0.0
04-13 06:00,0.0
04-13 06:15,0.0
04-13 06:30,2422.7999860571435
04-13 06:45,0.0
04-13 07:00,0.0
04-13 07:15,0.0
04-13 07:30,0.0
04-13 07:45,3486.8066891000003
04-13 08:00,0.0
04-13 08:15,0.0
04-13 08:30,0.0
04-13 08:45,0.0
04-13 09:00,0.0
04-13 09:15,0.0
04-13 09:30,0.0
04-13 09:45,0.0
04-13 10:00,0.0
04-13 10:15,0.0
04-13 10:30,0.0
04-13 10:45,0.0
04-13 11:00,0.0
04-13 11:15,0.0
04-13 11:30,0.0
04-13 11:45,0.0
04-13 12:00,0.0
04-13 12:15,2139.5752923857144
04-13 12:30,0.0
04-13 12:45,0.0
04-13 13:00,0.0
04-13 13:15,0.0
04-13 13:30,0.0
04-13 13:45,0.0
04-13 14:00,0.0
04-13 14:15,0.0
04-13 14:30,0.0
04-13 14:45,0.0
04-13 15:00,470.4349931128572
04-13 15:15,1484.2857142857142
04-13 15:30,1484.2857142857142
04-13 15:45,1391.3429130514292
04-13 16:00,0.0
04-13 16:15,0.0
04-13 16:30,0.0
04-13 16:45,0.0
04-13 17:00,0.0
04-13 17:15,0.0
04-13 17:30,0.0
04-13 17:45,0.0
04-13 18:00,3873.625612042858
04-13 18:15,0.0
04-13 18:30,0.0
04-13 18:45,0.0
04-13 19:00,0.0
04-13 19:15,0.0
04-13 19:30,0.0
04-13 19:45,0.0
04-13 20:00,0.0
04-13 20:15,0.0
04-13 20:30,0.0
04-13 20:45,0.0
04-13 21:00,0.0
04-13 21:15,0.0
04-13 21:30,0.0
04-13 21:45,0.0
04-13 22:00,0.0
04-13 22:15,0.0
04-13 22:30,0.0
04-13 22:45,0.0
04-13 23:00,0.0
04-13 23:15,0.0
04-13 23:30,0.0
04-13 23:45,0.0
04-14 00:00,0.0
04-14 00:15,0.0
04-14 00:30,0.0
04-14 00:45,0.0
04-14 01:00,0.0
04-14 01:15,1484.2857142857142
04-14 01:30,867.2518593314286
04-14 01:45,1484.2857142857142
04-14 02:00,0.0
04-14 02:15,0.0
04-14 02:30,0.0
04-14 02:45,0.0
04-14 03:00,0.0
04-14 03:15,0.0
04-14 03:30,0.0
04-14 03:45,0.0
04-14 04:00,0.0
04-14 04:15,0.0
04-14 04:30,0.0
04-14 04:45,0.0
04-14 05:00,0.0
04-14 05:15,0.0
04-14 05:30,0.0
04-14 05:45,0.0
04-14 06:00,0.0
04-14 06:15,0.0
04-14 06:30,0.0
04-14 06:45,0.0
04-14 07:00,0.0
04-14 07:15,0.0
04-14 07:30,0.0
04-14 07:45,0.0
04-14 08:00,0.0
04-14 08:15,0.0
04-14 08:30,0.0
04-14 08:45,0.0
04-14 09:00,0.0
04-14 09:15,0.0
04-14 09:30,0.0
04-14 09:45,0.0
04-14 10:00,0.0
04-14 10:15,0.0
04-14 10:30,0.0
04-14 10:45,0.0
04-14 11:00,0.0
04-14 11:15,0.0
04-14 11:30,0.0
04-14 11:45,0.0
04-14 12:00,1484.2857142857142
04-14 12:15,1484.2857142857142
04-14 12:30,1484.2857142857142
04-14 12:45,1817.559339658572
04-14 13:00,1484.2857142857142
04-14 13:15,1484.2857142857142
04-14 13:30,1484.2857142857142
04-14 13:45,1484.2857142857142
04-14 14:00,1484.2857142857142
04-14 14:15,1484.2857142857142
04-14 14:30,1484.2857142857142
04-14 14:45,1484.2857142857142
04-14 15:00,1959.10129367
04-14 15:15,1484.2857142857142
04-14 15:30,1484.2857142857142
04-14 15:45,1484.2857142857142
04-14 16:00,0.0
04-14 16:15,0.0
04-14 16:30,0.0
04-14 16:45,1017.2777893857144
04-14 17:00,0.0
04-14 17:15,0.0
04-14 17:30,169.00053420000023
04-14 17:45,0.0
04-14 18:00,0.0
04-14 18:15,0.0
04-14 18:30,0.0
04-14 18:45,0.0
04-14 19:00,0.0
04-14 19:15,0.0
04-14 19:30,0.0
04-14 19:45,0.0
04-14 20:00,0.0
04-14 20:15,0.0
04-14 20:30,0.0
04-14 20:45,0.0
04-14 21:00,0.0
04-14 21:15,0.0
04-14 21:30,0.0
04-14 21:45,0.0
04-14 22:00,0.0
04-14 22:15,0.0
04-14 22:30,0.0
04-14 22:45,0.0
04-14 23:00,0.0
04-14 23:15,0.0
04-14 23:30,0.0
04-14 23:45,0.0
04-15 00:00,0.0
04-15 00:15,0.0
04-15 00:30,0.0
04-15 00:45,0.0
04-15 01:00,0.0
04-15 01:15,0.0
04-15 01:30,0.0
04-15 01:45,0.0
04-15 02:00,0.0
04-15 02:15,0.0
04-15 02:30,0.0
04-15 02:45,0.0
04-15 03:00,0.0
04-15 03:15,0.0
04-15 03:30,0.0
04-15 03:45,0.0
04-15 04:00,0.0
04-15 04:15,0.0
04-15 04:30,0.0
04-15 04:45,0.0
04-15 05:00,0.0
04-15 05:15,0.0
04-15 05:30,0.0
04-15 05:45,0.0
04-15 06:00,0.0
04-15 06:15,0.0
04-15 06:30,0.0
04-15 06:45,0.0
04-15 07:00,0.0
04-15 07:15,0.0
04-15 07:30,0.0
04-15 07:45,0.0
04-15 08:00,0.0
04-15 08:15,0.0
04-15 08:30,0.0
04-15 08:45,0.0
04-15 09:00,0.0
04-15 09:15,3488.810663128571
04-15 09:30,0.0
04-15 09:45,0.0
04-15 10:00,0.0
04-15 10:15,0.0
04-15 10:30,0.0
04-15 10:45,0.0
04-15 11:00,1484.2857142857142
04-15 11:15,1806.3655924128573
04-15 11:30,1484.2857142857142
04-15 11:45,1484.2857142857142
04-15 12:00,2352.2784642614283
04-15 12:15,2185.8121656385715
04-15 12:30,1484.2857142857142
04-15 12:45,1484.2857142857142
04-15 13:00,1484.2857142857142
04-15 13:15,1913.1295463842853
04-15 13:30,1484.2857142857142
04-15 13:45,2134.200295168572
04-15 14:00,0.0
04-15 14:15,0.0
04-15 14:30,0.0
04-15 14:45,4543.539454057143
04-15 15:00,0.0
04-15 15:15,0.0
04-15 15:30,0.0
04-15 15:45,1871.6560238285715
04-15 16:00,2842.1377065428574
04-15 16:15,0.0
04-15 16:30,0.0
04-15 16:45,0.0
04-15 17:00,0.0
04-15 17:15,0.0
04-15 17:30,0.0
04-15 17:45,0.0
04-15 18:00,0.0
04-15 18:15,0.0
04-15 18:30,0.0
04-15 18:45,0.0
04-15 19:00,0.0
04-15 19:15,0.0
04-15 19:30,0.0
04-15 19:45,0.0
04-15 20:00,0.0
04-15 20:15,0.0
04-15 20:30,0.0
04-15 20:45,0.0
04-15 21:00,0.0
04-15 21:15,0.0
04-15 21:30,0.0
04-15 21:45,0.0
04-15 22:00,0.0
04-15 22:15,0.0
04-15 22:30,4144.391776685715
04-15 22:45,0.0
04-15 23:00,0.0
04-15 23:15,0.0
04-15 23:30,1899.6837728714288
04-15 23:45,0.0
04-16 00:00,0.0
04-16 00:15,0.0
04-16 00:30,0.0
04-16 00:45,0.0
04-16 01:00,0.0
04-16 01:15,0.0
04-16 01:30,0.0
04-16 01:45,0.0
04-16 02:00,0.0
04-16 02:15,0.0
04-16 02:30,0.0
04-16 02:45,0.0
04-16 03:00,0.0
04-16 03:15,0.0
04-16 03:30,0.0
04-16 03:45,0.0
04-16 04:00,0.0
04-16 04:15,0.0
04-16 04:30,0.0
04-16 04:45,0.0
04-16 05:00,0.0
04-16 05:15,0.0
04-16 05:30,0.0
04-16 05:45,0.0
04-16 06:00,0.0
04-16 06:15,0.0
04-16 06:30,0.0
04-16 06:45,0.0
04-16 07:00,0.0
04-16 07:15,0.0
04-16 07:30,0.0
04-16 07:45,0.0
04-16 08:00,0.0
04-16 08:15,0.0
04-16 08:30,0.0
04-16 08:45,0.0
04-16 09:00,0.0
04-16 09:15,0.0
04-16 09:30,0.0
04-16 09:45,0.0
04-16 10:00,0.0
04-16 10:15,0.0
04-16 10:30,0.0
04-16 10:45,0.0
04-16 11:00,0.0
04-16 11:15,0.0
04-16 11:30,0.0
04-16 11:45,0.0
04-16 12:00,1484.2857142857142
04-16 12:15,2767.4014297071426
04-16 12:30,2206.3837312557143
04-16 12:45,1484.2857142857142
04-16 13:00,0.0
04-16 13:15,0.0
04-16 13:30,0.0
04-16 13:45,1777.9551763428572
04-16 14:00,0.0
04-16 14:15,0.0
04-16 14:30,0.0
04-16 14:45,0.0
04-16 15:00,0.0
04-16 15:15,0.0
04-16 15:30,0.0
04-16 15:45,3095.5988579571426
04-16 16:00,0.0
04-16 16:15,0.0
04-16 16:30,0.0
04-16 16:45,0.0
04-16 17:00,0.0
04-16 17:15,0.0
04-16 17:30,0.0
04-16 17:45,0.0
04-16 18:00,0.0
04-16 18:15,0.0
04-16 18:30,0.0
04-16 18:45,0.0
04-16 19:00,0.0
04-16 19:15,2363.8560772000005
04-16 19:30,0.0
04-16 19:45,0.0
04-16 20:00,0.0
04-16 20:15,0.0
04-16 20:30,0.0
04-16 20:45,0.0
04-16 21:00,0.0
04-16 21:15,0.0
04-16 21:30,0.0
04-16 21:45,0.0
04-16 22:00,0.0
04-16 22:15,0.0
04-16 22:30,0.0
04-16 22:45,0.0
04-16 23:00,1484.2857142857142
04-16 23:15,1484.2857142857142
04-16 23:30,1484.2857142857142
04-16 23:45,1484.2857142857142
04-17 00:00,1484.2857142857142
04-17 00:15,1484.2857142857142
04-17 00:30,1484.2857142857142
04-17 00:45,1484.2857142857142
04-17 01:00,0.0
04-17 01:15,0.0
04-17 01:30,0.0
04-17 01:45,0.0
04-17 02:00,0.0
04-17 02:15,0.0
04-17 02:30,0.0
04-17 02:45,0.0
04-17 03:00,0.0
04-17 03:15,0.0
04-17 03:30,0.0
04-17 03:45,0.0
04-17 04:00,0.0
04-17 04:15,0.0
04-17 04:30,0.0
04-17 04:45,0.0
04-17 05:00,0.0
04-17 05:15,0.0
04-17 05:30,0.0
04-17 05:45,0.0
04-17 06:00,0.0
04-17 06:15,2773.5658811142857
04-17 06:30,0.0
04-17 06:45,0.0
04-17 07:00,0.0
04-17 07:15,0.0
04-17 07:30,2581.4091493571427
04-17 07:45,0.0
04-17 08:00,0.0
04-17 08:15,0.0
04-17 08:30,0.0
04-17 08:45,0.0
04-17 09:00,0.0
04-17 09:15,0.0
04-17 09:30,3703.1279786
04-17 09:45,2114.4982945857146
04-17 10:00,0.0
04-17 10:15,0.0
04-17 10:30,0.0
04-17 10:45,0.0
04-17 11:00,0.0
04-17 11:15,0.0
04-17 11:30,0.0
04-17 11:45,0.0
04-17 12:00,0.0
04-17 12:15,0.0
04-17 12:30,1148.9590718957108
04-17 12:45,2354.477898557143
04-17 13:00,0.0
04-17 13:15,0.0
04-17 13:30,0.0
04-17 13:45,0.0
04-17 14:00,2785.3957222857143
04-17 14:15,0.0
04-17 14:30,0.0
04-17 14:45,0.0
04-17 15:00,0.0
04-17 15:15,0.0
04-17 15:30,0.0
04-17 15:45,0.0
04-17 16:00,0.0
04-17 16:15,0.0
04-17 16:30,0.0
04-17 16:45,0.0
04-17 17:00,0.0
04-17 17:15,0.0
04-17 17:30,0.0
04-17 17:45,0.0
04-17 18:00,0.0
04-17 18:15,0.0
04-17 18:30,0.0
04-17 18:45,0.0
04-17 19:00,0.0
04-17 19:15,0.0
04-17 19:30,0.0
04-17 19:45,0.0
04-17 20:00,0.0
04-17 20:15,0.0
04-17 20:30,0.0
04-17 20:45,0.0
04-17 21:00,0.0
04-17 21:15,0.0
04-17 21:30,0.0
04-17 21:45,0.0
04-17 22:00,0.0
04-17 22:15,0.0
04-17 22:30,0.0
04-17 22:45,0.0
04-17 23:00,0.0
04-17 23:15,0.0
04-17 23:30,0.0
04-17 23:45,0.0
04-18 00:00,0.0
04-18 00:15,0.0
04-18 00:30,0.0
04-18 00:45,0.0
04-18 01:00,0.0
04-18 01:15,0.0
04-18 01:30,0.0
04-18 01:45,0.0
04-18 02:00,0.0
04-18 02:15,0.0
04-18 02:30,0.0
04-18 02:45,0.0
04-18 03:00,0.0
04-18 03:15,0.0
04-18 03:30,0.0
04-18 03:45,0.0
04-18 04:00,0.0
04-18 04:15,0.0
04-18 04:30,0.0
04-18 04:45,0.0
04-18 05:00,0.0
04-18 05:15,0.0
04-18 05:30,0.0
04-18 05:45,0.0
04-18 06:00,0.0
04-18 06:15,391.5096189285716
04-18 06:30,0.0
04-18 06:45,0.0
04-18 07:00,0.0
04-18 07:15,0.0
04-18 07:30,0.0
04-18 07:45,0.0
04-18 08:00,0.0
04-18 08:15,0.0
04-18 08:30,0.0
04-18 08:45,0.0
04-18 09:00,0.0
04-18 09:15,0.0
04-18 09:30,0.0
04-18 09:45,0.0
04-18 10:00,0.0
04-18 10:15,0.0
04-18 10:30,2940.1543912714283
04-18 10:45,0.0
04-18 11:00,0.0
04-18 11:15,0.0
04-18 11:30,0.0
04-18 11:45,0.0
04-18 12:00,1484.2857142857142
04-18 12:15,1484.2857142857142
04-18 12:30,1484.2857142857142
04-18 12:45,1484.2857142857142
04-18 13:00,1484.2857142857142
04-18 13:15,1902.926305118572
04-18 13:30,1778.1182491871425
04-18 13:45,1484.2857142857142
04-18 14:00,2580.771178028572
04-18 14:15,844.131168761429
04-18 14:30,0.0
04-18 14:45,0.0
04-18 15:00,0.0
04-18 15:15,0.0
04-18 15:30,0.0
04-18 15:45,0.0
04-18 16:00,0.0
04-18 16:15,0.0
04-18 16:30,779.189551457143
04-18 16:45,0.0
04-18 17:00,0.0
04-18 17:15,0.0
04-18 17:30,0.0
04-18 17:45,0.0
04-18 18:00,4764.990932457144
04-18 18:15,0.0
04-18 18:30,0.0
04-18 18:45,0.0
04-18 19:00,0.0
04-18 19:15,0.0
04-18 19:30,0.0
04-18 19:45,0.0
04-18 20:00,0.0
04-18 20:15,0.0
04-18 20:30,0.0
04-18 20:45,0.0
04-18 21:00,0.0
04-18 21:15,0.0
04-18 21:30,0.0
04-18 21:45,0.0
04-18 22:00,0.0
04-18 22:15,0.0
04-18 22:30,0.0
04-18 22:45,0.0
04-18 23:00,0.0
04-18 23:15,0.0
04-18 23:30,0.0
04-18 23:45,0.0
04-19 00:00,0.0
04-19 00:15,0.0
04-19 00:30,0.0
04-19 00:45,0.0
04-19 01:00,0.0
04-19 01:15,0.0
04-19 01:30,0.0
04-19 01:45,0.0
04-19 02:00,0.0
04-19 02:15,0.0
04-19 02:30,0.0
04-19 02:45,0.0
04-19 03:00,0.0
04-19 03:15,0.0
04-19 03:30,0.0
04-19 03:45,0.0
04-19 04:00,0.0
04-19 04:15,0.0
04-19 04:30,0.0
04-19 04:45,0.0
04-19 05:00,0.0
04-19 05:15,0.0
04-19 05:30,0.0
04-19 05:45,0.0
04-19 06:00,0.0
04-19 06:15,0.0
04-19 06:30,2402.8035646142857
04-19 06:45,0.0
04-19 07:00,0.0
04-19 07:15,0.0
04-19 07:30,0.0
04-19 07:45,0.0
04-19 08:00,0.0
04-19 08:15,0.0
04-19 08:30,0.0
04-19 08:45,0.0
04-19 09:00,0.0
04-19 09:15,0.0
04-19 09:30,0.0
04-19 09:45,0.0
04-19 10:00,0.0
04-19 10:15,0.0
04-19 10:30,0.0
04-19 10:45,0.0
04-19 11:00,0.0
04-19 11:15,0.0
04-19 11:30,0.0
04-19 11:45,0.0
04-19 12:00,1484.2857142857142
04-19 12:15,7407.7248668
04-19 12:30,1484.2857142857142
04-19 12:45,1484.2857142857142
04-19 13:00,4683.267350814286
04-19 13:15,1484.2857142857142
04-19 13:30,5362.246076657143
04-19 13:45,1484.2857142857142
04-19 14:00,1484.2857142857142
04-19 14:15,1484.2857142857142
04-19 14:30,1484.2857142857142
04-19 14:45,1979.422974602857
04-19 15:00,0.0
04-19 15:15,0.0
04-19 15:30,0.0
04-19 15:45,0.0
04-19 16:00,0.0
04-19 16:15,0.0
04-19 16:30,0.0
04-19 16:45,2564.099884357144
04-19 17:00,0.0
04-19 17:15,0.0
04-19 17:30,0.0
04-19 17:45,4081.689513271429
04-19 18:00,0.0
04-19 18:15,0.0
04-19 18:30,0.0
04-19 18:45,0.0
04-19 19:00,0.0
04-19 19:15,0.0
04-19 19:30,0.0
04-19 19:45,0.0
04-19 20:00,0.0
04-19 20:15,0.0
04-19 20:30,0.0
04-19 20:45,0.0
04-19 21:00,0.0
04-19 21:15,0.0
04-19 21:30,0.0
04-19 21:45,0.0
04-19 22:00,0.0
04-19 22:15,0.0
04-19 22:30,0.0
04-19 22:45,0.0
04-19 23:00,0.0
04-19 23:15,0.0
04-19 23:30,0.0
04-19 23:45,0.0
04-20 00:00,0.0
04-20 00:15,0.0
04-20 00:30,0.0
04-20 00:45,0.0
04-20 01:00,0.0
04-20 01:15,0.0
04-20 01:30,0.0
04-20 01:45,0.0
04-20 02:00,0.0
04-20 02:15,0.0
04-20 02:30,0.0
04-20 02:45,0.0
04-20 03:00,0.0
04-20 03:15,0.0
04-20 03:30,0.0
04-20 03:45,0.0
04-20 04:00,0.0
04-20 04:15,0.0
04-20 04:30,0.0
04-20 04:45,0.0
04-20 05:00,0.0
04-20 05:15,0.0
04-20 05:30,0.0
04-20 05:45,0.0
04-20 06:00,0.0
04-20 06:15,0.0
04-20 06:30,0.0
04-20 06:45,0.0
04-20 07:00,0.0
04-20 07:15,0.0
04-20 07:30,0.0
04-20 07:45,0.0
04-20 08:00,0.0
04-20 08:15,0.0
04-20 08:30,0.0
04-20 08:45,0.0
04-20 09:00,0.0
04-20 09:15,0.0
04-20 09:30,0.0
04-20 09:45,0.0
04-20 10:00,0.0
04-20 10:15,0.0
04-20 10:30,0.0
04-20 10:45,0.0
04-20 11:00,0.0
04-20 11:15,0.0
04-20 11:30,0.0
04-20 11:45,0.0
04-20 12:00,0.0
04-20 12:15,0.0
04-20 12:30,0.0
04-20 12:45,0.0
04-20 13:00,2039.2036850814288
04-20 13:15,0.0
04-20 13:30,1311.3022525828603
04-20 13:45,2285.657187048572
04-20 14:00,0.0
04-20 14:15,0.0
04-20 14:30,0.0
04-20 14:45,4638.78709127143
04-20 15:00,0.0
04-20 15:15,0.0
04-20 15:30,0.0
04-20 15:45,0.0
04-20 16:00,1676.1566743
04-20 16:15,0.0
04-20 16:30,0.0
04-20 16:45,0.0
04-20 17:00,0.0
04-20 17:15,0.0
04-20 17:30,0.0
04-20 17:45,0.0
04-20 18:00,0.0
04-20 18:15,0.0
04-20 18:30,0.0
04-20 18:45,4735.771677657142
04-20 19:00,0.0
04-20 19:15,0.0
04-20 19:30,0.0
04-20 19:45,0.0
04-20 20:00,0.0
04-20 20:15,0.0
04-20 20:30,0.0
04-20 20:45,0.0
04-20 21:00,0.0
04-20 21:15,0.0
04-20 21:30,0.0
04-20 21:45,0.0
04-20 22:00,0.0
04-20 22:15,0.0
04-20 22:30,0.0
04-20 22:45,0.0
04-20 23:00,0.0
04-20 23:15,0.0
04-20 23:30,0.0
04-20 23:45,0.0
04-21 00:00,0.0
04-21 00:15,0.0
04-21 00:30,0.0
04-21 00:45,0.0
04-21 01:00,0.0
04-21 01:15,0.0
04-21 01:30,0.0
04-21 01:45,0.0
04-21 02:00,0.0
04-21 02:15,0.0
04-21 02:30,0.0
04-21 02:45,0.0
04-21 03:00,0.0
04-21 03:15,0.0
04-21 03:30,0.0
04-21 03:45,0.0
04-21 04:00,0.0
04-21 04:15,0.0
04-21 04:30,0.0
04-21 04:45,0.0
04-21 05:00,0.0
04-21 05:15,0.0
04-21 05:30,0.0
04-21 05:45,0.0
04-21 06:00,0.0
04-21 06:15,0.0
04-21 06:30,0.0
04-21 06:45,0.0
04-21 07:00,0.0
04-21 07:15,0.0
04-21 07:30,0.0
04-21 07:45,0.0
04-21 08:00,0.0
04-21 08:15,0.0
04-21 08:30,0.0
04-21 08:45,0.0
04-21 09:00,0.0
04-21 09:15,0.0
04-21 09:30,3041.902119871428
04-21 09:45,3493.6293137714283
04-21 10:00,0.0
04-21 10:15,0.0
04-21 10:30,0.0
04-21 10:45,0.0
04-21 11:00,0.0
04-21 11:15,0.0
04-21 11:30,0.0
04-21 11:45,0.0
04-21 12:00,415.9016966814285
04-21 12:15,0.0
04-21 12:30,475.0451539714286
04-21 12:45,0.0
04-21 13:00,4762.090211571429
04-21 13:15,1899.936112932857
04-21 13:30,1484.2857142857142
04-21 13:45,1484.2857142857142
04-21 14:00,1484.2857142857142
04-21 14:15,0.0
04-21 14:30,1484.2857142857142
04-21 14:45,200.67633640857173
04-21 15:00,0.0
04-21 15:15,0.0
04-21 15:30,0.0
04-21 15:45,0.0
04-21 16:00,3107.8700542000006
04-21 16:15,0.0
04-21 16:30,2968.508548885714
04-21 16:45,0.0
04-21 17:00,0.0
04-21 17:15,0.0
04-21 17:30,2044.7476261428567
04-21 17:45,0.0
04-21 18:00,0.0
04-21 18:15,0.0
04-21 18:30,0.0
04-21 18:45,0.0
04-21 19:00,0.0
04-21 19:15,0.0
04-21 19:30,0.0
04-21 19:45,0.0
04-21 20:00,0.0
04-21 20:15,0.0
04-21 20:30,0.0
04-21 20:45,0.0
04-21 21:00,0.0
04-21 21:15,0.0
04-21 21:30,0.0
04-21 21:45,0.0
04-21 22:00,0.0
04-21 22:15,0.0
04-21 22:30,0.0
04-21 22:45,0.0
04-21 23:00,0.0
04-21 23:15,0.0
04-21 23:30,0.0
04-21 23:45,0.0
04-22 00:00,0.0
04-22 00:15,0.0
04-22 00:30,0.0
04-22 00:45,0.0
04-22 01:00,0.0
04-22 01:15,0.0
04-22 01:30,0.0
04-22 01:45,0.0
04-22 02:00,0.0
04-22 02:15,0.0
04-22 02:30,0.0
04-22 02:45,0.0
04-22 03:00,0.0
04-22 03:15,0.0
04-22 03:30,0.0
04-22 03:45,0.0
04-22 04:00,0.0
04-22 04:15,0.0
04-22 04:30,0.0
04-22 04:45,0.0
04-22 05:00,0.0
04-22 05:15,0.0
04-22 05:30,0.0
04-22 05:45,0.0
04-22 06:00,864.4177697685714
04-22 06:15,0.0
04-22 06:30,1956.3821649271424
04-22 06:45,0.0
04-22 07:00,0.0
04-22 07:15,0.0
04-22 07:30,0.0
04-22 07:45,0.0
04-22 08:00,0.0
04-22 08:15,0.0
04-22 08:30,2776.830624557143
04-22 08:45,0.0
04-22 09:00,1909.58651939
04-22 09:15,394.84959937285714
04-22 09:30,3357.810570314286
04-22 09:45,574.2939152571429
04-22 10:00,5718.3356908
04-22 10:15,1484.2857142857142
04-22 10:30,1484.2857142857142
04-22 10:45,1484.2857142857142
04-22 11:00,1484.2857142857142
04-22 11:15,1484.2857142857142
04-22 11:30,1484.2857142857142
04-22 11:45,2267.978084275714
04-22 12:00,1484.2857142857142
04-22 12:15,1484.2857142857142
04-22 12:30,1833.426768172857
04-22 12:45,1755.8713709699998
04-22 13:00,1484.2857142857142
04-22 13:15,10456.407212642856
04-22 13:30,1484.2857142857142
04-22 13:45,1484.2857142857142
04-22 14:00,1484.2857142857142
04-22 14:15,1484.2857142857142
04-22 14:30,2115.858867531428
04-22 14:45,6314.957548571429
04-22 15:00,2000.65482392
04-22 15:15,1484.2857142857142
04-22 15:30,1484.2857142857142
04-22 15:45,1762.1375478142857
04-22 16:00,1981.44597792
04-22 16:15,7489.875832614284
04-22 16:30,1484.2857142857142
04-22 16:45,1484.2857142857142
04-22 17:00,0.0
04-22 17:15,0.0
04-22 17:30,0.0
04-22 17:45,0.0
04-22 18:00,0.0
04-22 18:15,0.0
04-22 18:30,0.0
04-22 18:45,0.0
04-22 19:00,0.0
04-22 19:15,0.0
04-22 19:30,0.0
04-22 19:45,0.0
04-22 20:00,0.0
04-22 20:15,0.0
04-22 20:30,0.0
04-22 20:45,0.0
04-22 21:00,4806.936317814288
04-22 21:15,0.0
04-22 21:30,0.0
04-22 21:45,0.0
04-22 22:00,1484.2857142857142
04-22 22:15,1484.2857142857142
04-22 22:30,1484.2857142857142
04-22 22:45,1484.2857142857142
04-22 23:00,0.0
04-22 23:15,0.0
04-22 23:30,0.0
04-22 23:45,0.0
04-23 00:00,0.0
04-23 00:15,0.0
04-23 00:30,0.0
04-23 00:45,0.0
04-23 01:00,0.0
04-23 01:15,0.0
04-23 01:30,0.0
04-23 01:45,0.0
04-23 02:00,1484.2857142857142
04-23 02:15,1484.2857142857142
04-23 02:30,1484.2857142857142
04-23 02:45,1484.2857142857142
04-23 03:00,0.0
04-23 03:15,0.0
04-23 03:30,0.0
04-23 03:45,0.0
04-23 04:00,0.0
04-23 04:15,0.0
04-23 04:30,0.0
04-23 04:45,0.0
04-23 05:00,0.0
04-23 05:15,0.0
04-23 05:30,0.0
04-23 05:45,0.0
04-23 06:00,0.0
04-23 06:15,0.0
04-23 06:30,0.0
04-23 06:45,0.0
04-23 07:00,0.0
04-23 07:15,0.0
04-23 07:30,0.0
04-23 07:45,0.0
04-23 08:00,0.0
04-23 08:15,0.0
04-23 08:30,0.0
04-23 08:45,0.0
04-23 09:00,0.0
04-23 09:15,0.0
04-23 09:30,0.0
04-23 09:45,0.0
04-23 10:00,0.0
04-23 10:15,0.0
04-23 10:30,0.0
04-23 10:45,0.0
04-23 11:00,1484.2857142857142
04-23 11:15,1484.2857142857142
04-23 11:30,9410.409864385714
04-23 11:45,1484.2857142857142
04-23 12:00,1261.4545793828163
04-23 12:15,0.0
04-23 12:30,0.0
04-23 12:45,1484.2857142857142
04-23 13:00,0.0
04-23 13:15,0.0
04-23 13:30,0.0
04-23 13:45,443.1222274557152
04-23 14:00,0.0
04-23 14:15,0.0
04-23 14:30,0.0
04-23 14:45,0.0
04-23 15:00,0.0
04-23 15:15,1121.7385097042857
04-23 15:30,0.0
04-23 15:45,0.0
04-23 16:00,0.0
04-23 16:15,0.0
04-23 16:30,0.0
04-23 16:45,0.0
04-23 17:00,0.0
04-23 17:15,0.0
04-23 17:30,0.0
04-23 17:45,0.0
04-23 18:00,0.0
04-23 18:15,0.0
04-23 18:30,0.0
04-23 18:45,0.0
04-23 19:00,0.0
04-23 19:15,0.0
04-23 19:30,0.0
04-23 19:45,0.0
04-23 20:00,0.0
04-23 20:15,0.0
04-23 20:30,0.0
04-23 20:45,0.0
04-23 21:00,0.0
04-23 21:15,0.0
04-23 21:30,0.0
04-23 21:45,0.0
04-23 22:00,0.0
04-23 22:15,0.0
04-23 22:30,0.0
04-23 22:45,0.0
04-23 23:00,0.0
04-23 23:15,0.0
04-23 23:30,0.0
04-23 23:45,0.0
04-24 00:00,0.0
04-24 00:15,0.0
04-24 00:30,1496.1313409428574
04-24 00:45,0.0
04-24 01:00,0.0
04-24 01:15,0.0
04-24 01:30,0.0
04-24 01:45,0.0
04-24 02:00,1484.2857142857142
04-24 02:15,0.0
04-24 02:30,85.43414849571361
04-24 02:45,1484.2857142857142
04-24 03:00,0.0
04-24 03:15,0.0
04-24 03:30,0.0
04-24 03:45,0.0
04-24 04:00,0.0
04-24 04:15,0.0
04-24 04:30,0.0
04-24 04:45,0.0
04-24 05:00,0.0
04-24 05:15,0.0
04-24 05:30,0.0
04-24 05:45,0.0
04-24 06:00,0.0
04-24 06:15,0.0
04-24 06:30,0.0
04-24 06:45,0.0
04-24 07:00,0.0
04-24 07:15,0.0
04-24 07:30,0.0
04-24 07:45,0.0
04-24 08:00,0.0
04-24 08:15,0.0
04-24 08:30,0.0
04-24 08:45,1159.1437791142855
04-24 09:00,0.0
04-24 09:15,0.0
04-24 09:30,3222.394638571429
04-24 09:45,0.0
04-24 10:00,0.0
04-24 10:15,0.0
04-24 10:30,0.0
04-24 10:45,0.0
04-24 11:00,0.0
04-24 11:15,0.0
04-24 11:30,0.0
04-24 11:45,0.0
04-24 12:00,0.0
04-24 12:15,0.0
04-24 12:30,0.0
04-24 12:45,0.0
04-24 13:00,0.0
04-24 13:15,0.0
04-24 13:30,0.0
04-24 13:45,0.0
04-24 14:00,0.0
04-24 14:15,2468.4647030285714
04-24 14:30,0.0
04-24 14:45,0.0
04-24 15:00,0.0
04-24 15:15,0.0
04-24 15:30,4933.929935828572
04-24 15:45,0.0
04-24 16:00,0.0
04-24 16:15,2046.8742568714288
04-24 16:30,0.0
04-24 16:45,0.0
04-24 17:00,0.0
04-24 17:15,0.0
04-24 17:30,0.0
04-24 17:45,0.0
04-24 18:00,0.0
04-24 18:15,0.0
04-24 18:30,0.0
04-24 18:45,0.0
04-24 19:00,0.0
04-24 19:15,0.0
04-24 19:30,0.0
04-24 19:45,0.0
04-24 20:00,0.0
04-24 20:15,0.0
04-24 20:30,0.0
04-24 20:45,0.0
04-24 21:00,0.0
04-24 21:15,0.0
04-24 21:30,0.0
04-24 21:45,0.0
04-24 22:00,0.0
04-24 22:15,0.0
04-24 22:30,0.0
04-24 22:45,0.0
04-24 23:00,0.0
04-24 23:15,0.0
04-24 23:30,0.0
04-24 23:45,0.0
04-25 00:00,1484.2857142857142
04-25 00:15,1484.2857142857142
04-25 00:30,1484.2857142857142
04-25 00:45,1484.2857142857142
04-25 01:00,1484.2857142857142
04-25 01:15,1484.2857142857142
04-25 01:30,1484.2857142857142
04-25 01:45,1484.2857142857142
04-25 02:00,0.0
04-25 02:15,0.0
04-25 02:30,0.0
04-25 02:45,0.0
04-25 03:00,0.0
04-25 03:15,0.0
04-25 03:30,0.0
04-25 03:45,0.0
04-25 04:00,0.0
04-25 04:15,0.0
04-25 04:30,0.0
04-25 04:45,0.0
04-25 05:00,0.0
04-25 05:15,0.0
04-25 05:30,0.0
04-25 05:45,0.0
04-25 06:00,0.0
04-25 06:15,0.0
04-25 06:30,0.0
04-25 06:45,0.0
04-25 07:00,0.0
04-25 07:15,0.0
04-25 07:30,0.0
04-25 07:45,0.0
04-25 08:00,0.0
04-25 08:15,0.0
04-25 08:30,0.0
04-25 08:45,0.0
04-25 09:00,0.0
04-25 09:15,0.0
04-25 09:30,0.0
04-25 09:45,0.0
04-25 10:00,0.0
04-25 10:15,0.0
04-25 10:30,0.0
04-25 10:45,1251.338787957143
04-25 11:00,0.0
04-25 11:15,2747.008716057143
04-25 11:30,0.0
04-25 11:45,0.0
04-25 12:00,0.0
04-25 12:15,0.0
04-25 12:30,0.0
04-25 12:45,0.0
04-25 13:00,0.0
04-25 13:15,0.0
04-25 13:30,0.0
04-25 13:45,0.0
04-25 14:00,0.0
04-25 14:15,0.0
04-25 14:30,0.0
04-25 14:45,0.0
04-25 15:00,0.0
04-25 15:15,0.0
04-25 15:30,1686.6032326285715
04-25 15:45,0.0
04-25 16:00,0.0
04-25 16:15,0.0
04-25 16:30,0.0
04-25 16:45,0.0
04-25 17:00,0.0
04-25 17:15,0.0
04-25 17:30,0.0
04-25 17:45,0.0
04-25 18:00,0.0
04-25 18:15,0.0
04-25 18:30,0.0
04-25 18:45,0.0
04-25 19:00,0.0
04-25 19:15,0.0
04-25 19:30,0.0
04-25 19:45,0.0
04-25 20:00,0.0
04-25 20:15,0.0
04-25 20:30,0.0
04-25 20:45,0.0
04-25 21:00,0.0
04-25 21:15,0.0
04-25 21:30,0.0
04-25 21:45,0.0
04-25 22:00,0.0
04-25 22:15,0.0
04-25 22:30,0.0
04-25 22:45,0.0
04-25 23:00,0.0
04-25 23:15,0.0
04-25 23:30,0.0
04-25 23:45,0.0
04-26 00:00,0.0
04-26 00:15,0.0
04-26 00:30,0.0
04-26 00:45,0.0
04-26 01:00,0.0
04-26 01:15,0.0
04-26 01:30,0.0
04-26 01:45,0.0
04-26 02:00,0.0
04-26 02:15,0.0
04-26 02:30,0.0
04-26 02:45,0.0
04-26 03:00,0.0
04-26 03:15,0.0
04-26 03:30,0.0
04-26 03:45,0.0
04-26 04:00,0.0
04-26 04:15,0.0
04-26 04:30,0.0
04-26 04:45,0.0
04-26 05:00,0.0
04-26 05:15,0.0
04-26 05:30,0.0
04-26 05:45,0.0
04-26 06:00,0.0
04-26 06:15,0.0
04-26 06:30,0.0
04-26 06:45,0.0
04-26 07:00,0.0
04-26 07:15,0.0
04-26 07:30,0.0
04-26 07:45,0.0
04-26 08:00,0.0
04-26 08:15,0.0
04-26 08:30,2770.6458659714285
04-26 08:45,0.0
04-26 09:00,0.0
04-26 09:15,0.0
04-26 09:30,0.0
04-26 09:45,0.0
04-26 10:00,0.0
04-26 10:15,0.0
04-26 10:30,0.0
04-26 10:45,0.0
04-26 11:00,0.0
04-26 11:15,0.0
04-26 11:30,0.0
04-26 11:45,0.0
04-26 12:00,0.0
04-26 12:15,0.0
04-26 12:30,0.0
04-26 12:45,0.0
04-26 13:00,0.0
04-26 13:15,0.0
04-26 13:30,0.0
04-26 13:45,0.0
04-26 14:00,0.0
04-26 14:15,0.0
04-26 14:30,0.0
04-26 14:45,0.0
04-26 15:00,0.0
04-26 15:15,0.0
04-26 15:30,0.0
04-26 15:45,0.0
04-26 16:00,0.0
04-26 16:15,0.0
04-26 16:30,0.0
04-26 16:45,0.0
04-26 17:00,0.0
04-26 17:15,0.0
04-26 17:30,0.0
04-26 17:45,0.0
04-26 18:00,0.0
04-26 18:15,0.0
04-26 18:30,2135.404003957143
04-26 18:45,0.0
04-26 19:00,0.0
04-26 19:15,0.0
04-26 19:30,2313.8331479857143
04-26 19:45,0.0
04-26 20:00,0.0
04-26 20:15,0.0
04-26 20:30,0.0
04-26 20:45,0.0
04-26 21:00,0.0
04-26 21:15,0.0
04-26 21:30,4950.792811057143
04-26 21:45,0.0
04-26 22:00,0.0
04-26 22:15,0.0
04-26 22:30,0.0
04-26 22:45,0.0
04-26 23:00,0.0
04-26 23:15,0.0
04-26 23:30,0.0
04-26 23:45,0.0
04-27 00:00,0.0
04-27 00:15,0.0
04-27 00:30,0.0
04-27 00:45,0.0
04-27 01:00,0.0
04-27 01:15,0.0
04-27 01:30,0.0
04-27 01:45,0.0
04-27 02:00,0.0
04-27 02:15,0.0
04-27 02:30,0.0
04-27 02:45,0.0
04-27 03:00,1484.2857142857142
04-27 03:15,1484.2857142857142
04-27 03:30,1484.2857142857142
04-27 03:45,1484.2857142857142
04-27 04:00,1960.2195109
04-27 04:15,1484.2857142857142
04-27 04:30,1484.2857142857142
04-27 04:45,1484.2857142857142
04-27 05:00,1484.2857142857142
04-27 05:15,1484.2857142857142
04-27 05:30,1484.2857142857142
04-27 05:45,2142.280547122857
04-27 06:00,0.0
04-27 06:15,0.0
04-27 06:30,0.0
04-27 06:45,0.0
04-27 07:00,0.0
04-27 07:15,0.0
04-27 07:30,0.0
04-27 07:45,0.0
04-27 08:00,0.0
04-27 08:15,0.0
04-27 08:30,0.0
04-27 08:45,0.0
04-27 09:00,0.0
04-27 09:15,0.0
04-27 09:30,0.0
04-27 09:45,0.0
04-27 10:00,0.0
04-27 10:15,0.0
04-27 10:30,0.0
04-27 10:45,0.0
04-27 11:00,2258.534805514286
04-27 11:15,0.0
04-27 11:30,0.0
04-27 11:45,0.0
04-27 12:00,0.0
04-27 12:15,0.0
04-27 12:30,0.0
04-27 12:45,0.0
04-27 13:00,6264.728262042858
04-27 13:15,1484.2857142857142
04-27 13:30,1484.2857142857142
04-27 13:45,1819.4682265857143
04-27 14:00,0.0
04-27 14:15,0.0
04-27 14:30,1346.632694165716
04-27 14:45,0.0
04-27 15:00,0.0
04-27 15:15,0.0
04-27 15:30,0.0
04-27 15:45,0.0
04-27 16:00,0.0
04-27 16:15,0.0
04-27 16:30,0.0
04-27 16:45,0.0
04-27 17:00,0.0
04-27 17:15,0.0
04-27 17:30,0.0
04-27 17:45,0.0
04-27 18:00,0.0
04-27 18:15,0.0
04-27 18:30,0.0
04-27 18:45,0.0
04-27 19:00,0.0
04-27 19:15,0.0
04-27 19:30,0.0
04-27 19:45,0.0
04-27 20:00,0.0
04-27 20:15,0.0
04-27 20:30,0.0
04-27 20:45,0.0
04-27 21:00,0.0
04-27 21:15,0.0
04-27 21:30,0.0
04-27 21:45,0.0
04-27 22:00,0.0
04-27 22:15,0.0
04-27 22:30,0.0
04-27 22:45,0.0
04-27 23:00,0.0
04-27 23:15,0.0
04-27 23:30,0.0
04-27 23:45,0.0
04-28 00:00,0.0
04-28 00:15,0.0
04-28 00:30,0.0
04-28 00:45,0.0
04-28 01:00,0.0
04-28 01:15,0.0
04-28 01:30,0.0
04-28 01:45,0.0
04-28 02:00,0.0
04-28 02:15,0.0
04-28 02:30,0.0
04-28 02:45,0.0
04-28 03:00,0.0
04-28 03:15,0.0
04-28 03:30,0.0
04-28 03:45,0.0
04-28 04:00,0.0
04-28 04:15,0.0
04-28 04:30,0.0
04-28 04:45,0.0
04-28 05:00,0.0
04-28 05:15,0.0
04-28 05:30,0.0
04-28 05:45,0.0
04-28 06:00,0.0
04-28 06:15,0.0
04-28 06:30,0.0
04-28 06:45,0.0
04-28 07:00,0.0
04-28 07:15,3183.7066448
04-28 07:30,0.0
04-28 07:45,0.0
04-28 08:00,0.0
04-28 08:15,3916.1544565
04-28 08:30,0.0
04-28 08:45,1015.1959889000002
04-28 09:00,0.0
04-28 09:15,0.0
04-28 09:30,0.0
04-28 09:45,0.0
04-28 10:00,0.0
04-28 10:15,0.0
04-28 10:30,0.0
04-28 10:45,0.0
04-28 11:00,0.0
04-28 11:15,0.0
04-28 11:30,0.0
04-28 11:45,0.0
04-28 12:00,0.0
04-28 12:15,0.0
04-28 12:30,921.741783314286
04-28 12:45,0.0
04-28 13:00,0.0
04-28 13:15,0.0
04-28 13:30,0.0
04-28 13:45,0.0
04-28 14:00,0.0
04-28 14:15,0.0
04-28 14:30,0.0
04-28 14:45,0.0
04-28 15:00,0.0
04-28 15:15,0.0
04-28 15:30,0.0
04-28 15:45,0.0
04-28 16:00,4088.1886776857145
04-28 16:15,0.0
04-28 16:30,0.0
04-28 16:45,0.0
04-28 17:00,0.0
04-28 17:15,0.0
04-28 17:30,0.0
04-28 17:45,0.0
04-28 18:00,0.0
04-28 18:15,0.0
04-28 18:30,0.0
04-28 18:45,0.0
04-28 19:00,0.0
04-28 19:15,0.0
04-28 19:30,0.0
04-28 19:45,0.0
04-28 20:00,2997.241593071429
04-28 20:15,0.0
04-28 20:30,0.0
04-28 20:45,0.0
04-28 21:00,0.0
04-28 21:15,0.0
04-28 21:30,0.0
04-28 21:45,0.0
04-28 22:00,0.0
04-28 22:15,0.0
04-28 22:30,0.0
04-28 22:45,0.0
04-28 23:00,0.0
04-28 23:15,0.0
04-28 23:30,0.0
04-28 23:45,0.0
04-29 00:00,0.0
04-29 00:15,0.0
04-29 00:30,0.0
04-29 00:45,0.0
04-29 01:00,0.0
04-29 01:15,0.0
04-29 01:30,0.0
04-29 01:45,0.0
04-29 02:00,0.0
04-29 02:15,0.0
04-29 02:30,0.0
04-29 02:45,0.0
04-29 03:00,0.0
04-29 03:15,0.0
04-29 03:30,0.0
04-29 03:45,0.0
04-29 04:00,0.0
04-29 04:15,0.0
04-29 04:30,0.0
04-29 04:45,0.0
04-29 05:00,0.0
04-29 05:15,4621.247473928572
04-29 05:30,0.0
04-29 05:45,0.0
04-29 06:00,0.0
04-29 06:15,0.0
04-29 06:30,0.0
04-29 06:45,0.0
04-29 07:00,0.0
04-29 07:15,0.0
04-29 07:30,0.0
04-29 07:45,0.0
04-29 08:00,3365.1767065000004
04-29 08:15,0.0
04-29 08:30,0.0
04-29 08:45,0.0
04-29 09:00,0.0
04-29 09:15,0.0
04-29 09:30,0.0
04-29 09:45,0.0
04-29 10:00,0.0
04-29 10:15,0.0
04-29 10:30,0.0
04-29 10:45,0.0
04-29 11:00,5487.992231914286
04-29 11:15,0.0
04-29 11:30,0.0
04-29 11:45,0.0
04-29 12:00,0.0
04-29 12:15,0.0
04-29 12:30,0.0
04-29 12:45,0.0
04-29 13:00,0.0
04-29 13:15,0.0
04-29 13:30,0.0
04-29 13:45,0.0
04-29 14:00,4077.6137220857154
04-29 14:15,0.0
04-29 14:30,0.0
04-29 14:45,0.0
04-29 15:00,0.0
04-29 15:15,0.0
04-29 15:30,0.0
04-29 15:45,1830.604322842857
04-29 16:00,0.0
04-29 16:15,8864.8048357
04-29 16:30,0.0
04-29 16:45,0.0
04-29 17:00,0.0
04-29 17:15,0.0
04-29 17:30,0.0
04-29 17:45,0.0
04-29 18:00,0.0
04-29 18:15,0.0
04-29 18:30,3621.608969357143
04-29 18:45,0.0
04-29 19:00,0.0
04-29 19:15,0.0
04-29 19:30,0.0
04-29 19:45,0.0
04-29 20:00,0.0
04-29 20:15,0.0
04-29 20:30,0.0
04-29 20:45,0.0
04-29 21:00,0.0
04-29 21:15,0.0
04-29 21:30,0.0
04-29 21:45,0.0
04-29 22:00,0.0
04-29 22:15,0.0
04-29 22:30,0.0
04-29 22:45,0.0
04-29 23:00,0.0
04-29 23:15,0.0
04-29 23:30,0.0
04-29 23:45,0.0
04-30 00:00,0.0
04-30 00:15,0.0
04-30 00:30,0.0
04-30 00:45,0.0
04-30 01:00,0.0
04-30 01:15,0.0
04-30 01:30,0.0
04-30 01:45,0.0
04-30 02:00,0.0
04-30 02:15,0.0
04-30 02:30,0.0
04-30 02:45,0.0
04-30 03:00,0.0
04-30 03:15,0.0
04-30 03:30,0.0
04-30 03:45,0.0
04-30 04:00,0.0
04-30 04:15,0.0
04-30 04:30,0.0
04-30 04:45,0.0
04-30 05:00,0.0
04-30 05:15,0.0
04-30 05:30,0.0
04-30 05:45,0.0
04-30 06:00,0.0
04-30 06:15,0.0
04-30 06:30,0.0
04-30 06:45,0.0
04-30 07:00,0.0
04-30 07:15,0.0
04-30 07:30,0.0
04-30 07:45,0.0
04-30 08:00,0.0
04-30 08:15,0.0
04-30 08:30,0.0
04-30 08:45,0.0
04-30 09:00,0.0
04-30 09:15,0.0
04-30 09:30,0.0
04-30 09:45,0.0
04-30 10:00,0.0
04-30 10:15,0.0
04-30 10:30,0.0
04-30 10:45,0.0
04-30 11:00,0.0
04-30 11:15,0.0
04-30 11:30,0.0
04-30 11:45,0.0
04-30 12:00,0.0
04-30 12:15,0.0
04-30 12:30,0.0
04-30 12:45,0.0
04-30 13:00,0.0
04-30 13:15,0.0
04-30 13:30,0.0
04-30 13:45,0.0
04-30 14:00,0.0
04-30 14:15,0.0
04-30 14:30,0.0
04-30 14:45,0.0
04-30 15:00,0.0
04-30 15:15,0.0
04-30 15:30,0.0
04-30 15:45,0.0
04-30 16:00,0.0
04-30 16:15,0.0
04-30 16:30,0.0
04-30 16:45,0.0
04-30 17:00,0.0
04-30 17:15,0.0
04-30 17:30,0.0
04-30 17:45,0.0
04-30 18:00,0.0
04-30 18:15,0.0
04-30 18:30,0.0
04-30 18:45,0.0
04-30 19:00,0.0
04-30 19:15,0.0
04-30 19:30,0.0
04-30 19:45,0.0
04-30 20:00,0.0
04-30 20:15,0.0
04-30 20:30,0.0
04-30 20:45,0.0
04-30 21:00,0.0
04-30 21:15,0.0
04-30 21:30,0.0
04-30 21:45,0.0
04-30 22:00,0.0
04-30 22:15,0.0
04-30 22:30,0.0
04-30 22:45,0.0
04-30 23:00,0.0
04-30 23:15,0.0
04-30 23:30,0.0
04-30 23:45,0.0
05-01 00:00,0.0
05-01 00:15,0.0
05-01 00:30,0.0
05-01 00:45,0.0
05-01 01:00,0.0
05-01 01:15,0.0
05-01 01:30,0.0
05-01 01:45,0.0
05-01 02:00,0.0
05-01 02:15,0.0
05-01 02:30,0.0
05-01 02:45,0.0
05-01 03:00,0.0
05-01 03:15,0.0
05-01 03:30,0.0
05-01 03:45,0.0
05-01 04:00,0.0
05-01 04:15,0.0
05-01 04:30,0.0
05-01 04:45,0.0
05-01 05:00,1484.2857142857142
05-01 05:15,1484.2857142857142
05-01 05:30,1484.2857142857142
05-01 05:45,1484.2857142857142
05-01 06:00,0.0
05-01 06:15,1464.974481089956
05-01 06:30,1484.2857142857142
05-01 06:45,0.0
05-01 07:00,0.0
05-01 07:15,0.0
05-01 07:30,0.0
05-01 07:45,0.0
05-01 08:00,0.0
05-01 08:15,0.0
05-01 08:30,0.0
05-01 08:45,0.0
05-01 09:00,0.0
05-01 09:15,0.0
05-01 09:30,0.0
05-01 09:45,0.0
05-01 10:00,0.0
05-01 10:15,0.0
05-01 10:30,0.0
05-01 10:45,0.0
05-01 11:00,1747.6330116171428
05-01 11:15,1484.2857142857142
05-01 11:30,1957.8145291042847
05-01 11:45,1484.2857142857142
05-01 12:00,10848.3083079
05-01 12:15,2534.580337228572
05-01 12:30,1484.2857142857142
05-01 12:45,1484.2857142857142
05-01 13:00,1996.8016309271427
05-01 13:15,1484.2857142857142
05-01 13:30,1484.2857142857142
05-01 13:45,2624.9139830357144
05-01 14:00,1484.2857142857142
05-01 14:15,1484.2857142857142
05-01 14:30,1484.2857142857142
05-01 14:45,5832.976717542857
05-01 15:00,1951.664892742857
05-01 15:15,1484.2857142857142
05-01 15:30,1484.2857142857142
05-01 15:45,2104.1407767842857
05-01 16:00,1484.2857142857142
05-01 16:15,1484.2857142857142
05-01 16:30,1484.2857142857142
05-01 16:45,1979.2452672557145
05-01 17:00,0.0
05-01 17:15,0.0
05-01 17:30,0.0
05-01 17:45,0.0
05-01 18:00,0.0
05-01 18:15,3085.693063014286
05-01 18:30,0.0
05-01 18:45,0.0
05-01 19:00,0.0
05-01 19:15,0.0
05-01 19:30,0.0
05-01 19:45,0.0
05-01 20:00,0.0
05-01 20:15,0.0
05-01 20:30,0.0
05-01 20:45,0.0
05-01 21:00,0.0
05-01 21:15,0.0
05-01 21:30,0.0
05-01 21:45,0.0
05-01 22:00,0.0
05-01 22:15,0.0
05-01 22:30,0.0
05-01 22:45,0.0
05-01 23:00,0.0
05-01 23:15,0.0
05-01 23:30,0.0
05-01 23:45,0.0
05-02 00:00,0.0
05-02 00:15,0.0
05-02 00:30,0.0
05-02 00:45,0.0
05-02 01:00,1484.2857142857142
05-02 01:15,1484.2857142857142
05-02 01:30,1484.2857142857142
05-02 01:45,1484.2857142857142
05-02 02:00,1484.2857142857142
05-02 02:15,1484.2857142857142
05-02 02:30,1484.2857142857142
05-02 02:45,1484.2857142857142
05-02 03:00,1484.2857142857142
05-02 03:15,1484.2857142857142
05-02 03:30,1484.2857142857142
05-02 03:45,1484.2857142857142
05-02 04:00,0.0
05-02 04:15,0.0
05-02 04:30,0.0
05-02 04:45,0.0
05-02 05:00,0.0
05-02 05:15,0.0
05-02 05:30,0.0
05-02 05:45,0.0
05-02 06:00,0.0
05-02 06:15,0.0
05-02 06:30,0.0
05-02 06:45,0.0
05-02 07:00,0.0
05-02 07:15,0.0
05-02 07:30,0.0
05-02 07:45,0.0
05-02 08:00,4881.049819
05-02 08:15,0.0
05-02 08:30,2999.9207412714286
05-02 08:45,0.0
05-02 09:00,0.0
05-02 09:15,0.0
05-02 09:30,0.0
05-02 09:45,1421.1829605428572
05-02 10:00,0.0
05-02 10:15,0.0
05-02 10:30,0.0
05-02 10:45,0.0
05-02 11:00,0.0
05-02 11:15,0.0
05-02 11:30,0.0
05-02 11:45,0.0
05-02 12:00,0.0
05-02 12:15,0.0
05-02 12:30,0.0
05-02 12:45,0.0
05-02 13:00,0.0
05-02 13:15,0.0
05-02 13:30,0.0
05-02 13:45,0.0
05-02 14:00,0.0
05-02 14:15,3461.0921342
05-02 14:30,1733.7158053285714
05-02 14:45,0.0
05-02 15:00,0.0
05-02 15:15,0.0
05-02 15:30,0.0
05-02 15:45,0.0
05-02 16:00,0.0
05-02 16:15,0.0
05-02 16:30,0.0
05-02 16:45,0.0
05-02 17:00,0.0
05-02 17:15,0.0
05-02 17:30,0.0
05-02 17:45,0.0
05-02 18:00,0.0
05-02 18:15,0.0
05-02 18:30,0.0
05-02 18:45,0.0
05-02 19:00,0.0
05-02 19:15,0.0
05-02 19:30,0.0
05-02 19:45,0.0
05-02 20:00,0.0
05-02 20:15,0.0
05-02 20:30,0.0
05-02 20:45,0.0
05-02 21:00,0.0
05-02 21:15,0.0
05-02 21:30,0.0
05-02 21:45,0.0
05-02 22:00,0.0
05-02 22:15,0.0
05-02 22:30,0.0
05-02 22:45,0.0
05-02 23:00,0.0
05-02 23:15,0.0
05-02 23:30,0.0
05-02 23:45,0.0
05-03 00:00,0.0
05-03 00:15,0.0
05-03 00:30,0.0
05-03 00:45,0.0
05-03 01:00,0.0
05-03 01:15,0.0
05-03 01:30,0.0
05-03 01:45,0.0
05-03 02:00,0.0
05-03 02:15,0.0
05-03 02:30,0.0
05-03 02:45,0.0
05-03 03:00,0.0
05-03 03:15,0.0
05-03 03:30,0.0
05-03 03:45,0.0
05-03 04:00,0.0
05-03 04:15,0.0
05-03 04:30,0.0
05-03 04:45,0.0
05-03 05:00,0.0
05-03 05:15,0.0
05-03 05:30,0.0
05-03 05:45,0.0
05-03 06:00,0.0
05-03 06:15,0.0
05-03 06:30,0.0
05-03 06:45,0.0
05-03 07:00,0.0
05-03 07:15,0.0
05-03 07:30,0.0
05-03 07:45,0.0
05-03 08:00,0.0
05-03 08:15,0.0
05-03 08:30,0.0
05-03 08:45,0.0
05-03 09:00,0.0
05-03 09:15,0.0
05-03 09:30,0.0
05-03 09:45,0.0
05-03 10:00,0.0
05-03 10:15,0.0
05-03 10:30,0.0
05-03 10:45,0.0
05-03 11:00,0.0
05-03 11:15,0.0
05-03 11:30,0.0
05-03 11:45,0.0
05-03 12:00,0.0
05-03 12:15,0.0
05-03 12:30,0.0
05-03 12:45,2999.023888542857
05-03 13:00,0.0
05-03 13:15,0.0
05-03 13:30,0.0
05-03 13:45,0.0
05-03 14:00,0.0
05-03 14:15,0.0
05-03 14:30,0.0
05-03 14:45,0.0
05-03 15:00,2034.3828377142856
05-03 15:15,0.0
05-03 15:30,0.0
05-03 15:45,0.0
05-03 16:00,0.0
05-03 16:15,0.0
05-03 16:30,0.0
05-03 16:45,4260.038088471429
05-03 17:00,0.0
05-03 17:15,0.0
05-03 17:30,2086.0942730857146
05-03 17:45,0.0
05-03 18:00,0.0
05-03 18:15,0.0
05-03 18:30,0.0
05-03 18:45,0.0
05-03 19:00,0.0
05-03 19:15,0.0
05-03 19:30,0.0
05-03 19:45,0.0
05-03 20:00,0.0
05-03 20:15,0.0
05-03 20:30,0.0
05-03 20:45,0.0
05-03 21:00,0.0
05-03 21:15,0.0
05-03 21:30,0.0
05-03 21:45,0.0
05-03 22:00,0.0
05-03 22:15,0.0
05-03 22:30,0.0
05-03 22:45,0.0
05-03 23:00,0.0
05-03 23:15,0.0
05-03 23:30,0.0
05-03 23:45,2687.267442757144
05-04 00:00,0.0
05-04 00:15,0.0
05-04 00:30,0.0
05-04 00:45,0.0
05-04 01:00,0.0
05-04 01:15,0.0
05-04 01:30,0.0
05-04 01:45,0.0
05-04 02:00,0.0
05-04 02:15,0.0
05-04 02:30,0.0
05-04 02:45,0.0
05-04 03:00,0.0
05-04 03:15,0.0
05-04 03:30,0.0
05-04 03:45,0.0
05-04 04:00,0.0
05-04 04:15,0.0
05-04 04:30,0.0
05-04 04:45,0.0
05-04 05:00,0.0
05-04 05:15,0.0
05-04 05:30,0.0
05-04 05:45,0.0
05-04 06:00,0.0
05-04 06:15,0.0
05-04 06:30,0.0
05-04 06:45,0.0
05-04 07:00,2536.566316385715
05-04 07:15,0.0
05-04 07:30,0.0
05-04 07:45,0.0
05-04 08:00,0.0
05-04 08:15,0.0
05-04 08:30,0.0
05-04 08:45,0.0
05-04 09:00,0.0
05-04 09:15,0.0
05-04 09:30,0.0
05-04 09:45,0.0
05-04 10:00,0.0
05-04 10:15,0.0
05-04 10:30,2994.8836672714283
05-04 10:45,0.0
05-04 11:00,0.0
05-04 11:15,1721.699967571429
05-04 11:30,0.0
05-04 11:45,0.0
05-04 12:00,0.0
05-04 12:15,0.0
05-04 12:30,0.0
05-04 12:45,0.0
05-04 13:00,0.0
05-04 13:15,4595.080980557144
05-04 13:30,0.0
05-04 13:45,0.0
05-04 14:00,0.0
05-04 14:15,2145.979752985714
05-04 14:30,0.0
05-04 14:45,0.0
05-04 15:00,0.0
05-04 15:15,0.0
05-04 15:30,0.0
05-04 15:45,0.0
05-04 16:00,0.0
05-04 16:15,0.0
05-04 16:30,0.0
05-04 16:45,0.0
05-04 17:00,0.0
05-04 17:15,0.0
05-04 17:30,0.0
05-04 17:45,0.0
05-04 18:00,0.0
05-04 18:15,0.0
05-04 18:30,0.0
05-04 18:45,0.0
05-04 19:00,0.0
05-04 19:15,0.0
05-04 19:30,0.0
05-04 19:45,0.0
05-04 20:00,0.0
05-04 20:15,0.0
05-04 20:30,0.0
05-04 20:45,0.0
05-04 21:00,0.0
05-04 21:15,0.0
05-04 21:30,1792.8452266714287
05-04 21:45,0.0
05-04 22:00,0.0
05-04 22:15,0.0
05-04 22:30,0.0
05-04 22:45,0.0
05-04 23:00,0.0
05-04 23:15,0.0
05-04 23:30,0.0
05-04 23:45,0.0
05-05 00:00,0.0
05-05 00:15,0.0
05-05 00:30,0.0
05-05 00:45,0.0
05-05 01:00,0.0
05-05 01:15,0.0
05-05 01:30,0.0
05-05 01:45,0.0
05-05 02:00,0.0
05-05 02:15,0.0
05-05 02:30,0.0
05-05 02:45,0.0
05-05 03:00,0.0
05-05 03:15,0.0
05-05 03:30,0.0
05-05 03:45,0.0
05-05 04:00,1484.2857142857142
05-05 04:15,1484.2857142857142
05-05 04:30,1484.2857142857142
05-05 04:45,2002.5729097585715
05-05 05:00,1484.2857142857142
05-05 05:15,1484.2857142857142
05-05 05:30,1484.2857142857142
05-05 05:45,1484.2857142857142
05-05 06:00,2105.141033657143
05-05 06:15,0.0
05-05 06:30,0.0
05-05 06:45,0.0
05-05 07:00,0.0
05-05 07:15,0.0
05-05 07:30,0.0
05-05 07:45,0.0
05-05 08:00,0.0
05-05 08:15,0.0
05-05 08:30,0.0
05-05 08:45,0.0
05-05 09:00,2204.3557727299994
05-05 09:15,2027.8467691371427
05-05 09:30,1484.2857142857142
05-05 09:45,2070.111663602857
05-05 10:00,1484.2857142857142
05-05 10:15,5600.0267674942415
05-05 10:30,1484.2857142857142
05-05 10:45,0.0
05-05 11:00,1484.2857142857142
05-05 11:15,1484.2857142857142
05-05 11:30,2031.798528444286
05-05 11:45,1484.2857142857142
05-05 12:00,1484.2857142857142
05-05 12:15,1484.2857142857142
05-05 12:30,1484.2857142857142
05-05 12:45,2007.9662298014289
05-05 13:00,2094.29070724
05-05 13:15,5132.685951899999
05-05 13:30,1484.2857142857142
05-05 13:45,1484.2857142857142
05-05 14:00,1484.2857142857142
05-05 14:15,2112.004337822857
05-05 14:30,7406.744683914285
05-05 14:45,1484.2857142857142
05-05 15:00,1804.4284018185715
05-05 15:15,1961.01106929
05-05 15:30,7573.973872199999
05-05 15:45,1484.2857142857142
05-05 16:00,0.0
05-05 16:15,0.0
05-05 16:30,1145.072349499998
05-05 16:45,1484.2857142857142
05-05 17:00,0.0
05-05 17:15,0.0
05-05 17:30,0.0
05-05 17:45,355.12911086714536
05-05 18:00,0.0
05-05 18:15,0.0
05-05 18:30,0.0
05-05 18:45,0.0
05-05 19:00,0.0
05-05 19:15,0.0
05-05 19:30,0.0
05-05 19:45,0.0
05-05 20:00,0.0
05-05 20:15,0.0
05-05 20:30,0.0
05-05 20:45,0.0
05-05 21:00,0.0
05-05 21:15,0.0
05-05 21:30,0.0
05-05 21:45,0.0
05-05 22:00,0.0
05-05 22:15,0.0
05-05 22:30,0.0
05-05 22:45,0.0
05-05 23:00,0.0
05-05 23:15,0.0
05-05 23:30,0.0
05-05 23:45,0.0
05-06 00:00,0.0
05-06 00:15,0.0
05-06 00:30,0.0
05-06 00:45,0.0
05-06 01:00,0.0
05-06 01:15,0.0
05-06 01:30,0.0
05-06 01:45,0.0
05-06 02:00,0.0
05-06 02:15,0.0
05-06 02:30,0.0
05-06 02:45,0.0
05-06 03:00,0.0
05-06 03:15,0.0
05-06 03:30,1248.3643463485805
05-06 03:45,1484.2857142857142
05-06 04:00,0.0
05-06 04:15,0.0
05-06 04:30,0.0
05-06 04:45,0.0
05-06 05:00,0.0
05-06 05:15,0.0
05-06 05:30,0.0
05-06 05:45,0.0
05-06 06:00,0.0
05-06 06:15,0.0
05-06 06:30,0.0
05-06 06:45,0.0
05-06 07:00,0.0
05-06 07:15,0.0
05-06 07:30,0.0
05-06 07:45,0.0
05-06 08:00,0.0
05-06 08:15,0.0
05-06 08:30,0.0
05-06 08:45,0.0
05-06 09:00,0.0
05-06 09:15,0.0
05-06 09:30,0.0
05-06 09:45,0.0
05-06 10:00,0.0
05-06 10:15,0.0
05-06 10:30,0.0
05-06 10:45,2061.1336141428574
05-06 11:00,0.0
05-06 11:15,0.0
05-06 11:30,0.0
05-06 11:45,0.0
05-06 12:00,0.0
05-06 12:15,0.0
05-06 12:30,0.0
05-06 12:45,0.0
05-06 13:00,0.0
05-06 13:15,0.0
05-06 13:30,0.0
05-06 13:45,1469.1836124142856
05-06 14:00,0.0
05-06 14:15,0.0
05-06 14:30,0.0
05-06 14:45,0.0
05-06 15:00,0.0
05-06 15:15,0.0
05-06 15:30,0.0
05-06 15:45,0.0
05-06 16:00,0.0
05-06 16:15,0.0
05-06 16:30,0.0
05-06 16:45,0.0
05-06 17:00,0.0
05-06 17:15,0.0
05-06 17:30,0.0
05-06 17:45,0.0
05-06 18:00,0.0
05-06 18:15,0.0
05-06 18:30,0.0
05-06 18:45,0.0
05-06 19:00,0.0
05-06 19:15,0.0
05-06 19:30,0.0
05-06 19:45,0.0
05-06 20:00,0.0
05-06 20:15,0.0
05-06 20:30,0.0
05-06 20:45,0.0
05-06 21:00,0.0
05-06 21:15,0.0
05-06 21:30,0.0
05-06 21:45,3410.4393336571434
05-06 22:00,0.0
05-06 22:15,0.0
05-06 22:30,0.0
05-06 22:45,0.0
05-06 23:00,0.0
05-06 23:15,0.0
05-06 23:30,0.0
05-06 23:45,0.0
05-07 00:00,0.0
05-07 00:15,0.0
05-07 00:30,0.0
05-07 00:45,0.0
05-07 01:00,0.0
05-07 01:15,0.0
05-07 01:30,0.0
05-07 01:45,0.0
05-07 02:00,0.0
05-07 02:15,0.0
05-07 02:30,0.0
05-07 02:45,0.0
05-07 03:00,0.0
05-07 03:15,0.0
05-07 03:30,0.0
05-07 03:45,0.0
05-07 04:00,0.0
05-07 04:15,0.0
05-07 04:30,0.0
05-07 04:45,0.0
05-07 05:00,0.0
05-07 05:15,0.0
05-07 05:30,0.0
05-07 05:45,0.0
05-07 06:00,0.0
05-07 06:15,0.0
05-07 06:30,0.0
05-07 06:45,0.0
05-07 07:00,0.0
05-07 07:15,0.0
05-07 07:30,0.0
05-07 07:45,0.0
05-07 08:00,0.0
05-07 08:15,0.0
05-07 08:30,0.0
05-07 08:45,0.0
05-07 09:00,0.0
05-07 09:15,0.0
05-07 09:30,0.0
05-07 09:45,0.0
05-07 10:00,0.0
05-07 10:15,0.0
05-07 10:30,0.0
05-07 10:45,0.0
05-07 11:00,2606.2436367857144
05-07 11:15,0.0
05-07 11:30,0.0
05-07 11:45,0.0
05-07 12:00,0.0
05-07 12:15,0.0
05-07 12:30,0.0
05-07 12:45,0.0
05-07 13:00,0.0
05-07 13:15,0.0
05-07 13:30,0.0
05-07 13:45,0.0
05-07 14:00,0.0
05-07 14:15,0.0
05-07 14:30,0.0
05-07 14:45,0.0
05-07 15:00,0.0
05-07 15:15,0.0
05-07 15:30,0.0
05-07 15:45,0.0
05-07 16:00,0.0
05-07 16:15,0.0
05-07 16:30,0.0
05-07 16:45,0.0
05-07 17:00,0.0
05-07 17:15,0.0
05-07 17:30,0.0
05-07 17:45,0.0
05-07 18:00,0.0
05-07 18:15,0.0
05-07 18:30,0.0
05-07 18:45,0.0
05-07 19:00,0.0
05-07 19:15,0.0
05-07 19:30,0.0
05-07 19:45,0.0
05-07 20:00,0.0
05-07 20:15,0.0
05-07 20:30,0.0
05-07 20:45,0.0
05-07 21:00,0.0
05-07 21:15,0.0
05-07 21:30,0.0
05-07 21:45,0.0
05-07 22:00,0.0
05-07 22:15,0.0
05-07 22:30,0.0
05-07 22:45,0.0
05-07 23:00,0.0
05-07 23:15,0.0
05-07 23:30,0.0
05-07 23:45,0.0
05-08 00:00,0.0
05-08 00:15,0.0
05-08 00:30,0.0
05-08 00:45,0.0
05-08 01:00,0.0
05-08 01:15,0.0
05-08 01:30,0.0
05-08 01:45,0.0
05-08 02:00,0.0
05-08 02:15,2770.1274865000005
05-08 02:30,0.0
05-08 02:45,0.0
05-08 03:00,0.0
05-08 03:15,0.0
05-08 03:30,0.0
05-08 03:45,0.0
05-08 04:00,0.0
05-08 04:15,0.0
05-08 04:30,0.0
05-08 04:45,0.0
05-08 05:00,0.0
05-08 05:15,0.0
05-08 05:30,0.0
05-08 05:45,0.0
05-08 06:00,0.0
05-08 06:15,0.0
05-08 06:30,0.0
05-08 06:45,0.0
05-08 07:00,0.0
05-08 07:15,0.0
05-08 07:30,0.0
05-08 07:45,0.0
05-08 08:00,0.0
05-08 08:15,0.0
05-08 08:30,0.0
05-08 08:45,0.0
05-08 09:00,0.0
05-08 09:15,0.0
05-08 09:30,0.0
05-08 09:45,0.0
05-08 10:00,0.0
05-08 10:15,0.0
05-08 10:30,0.0
05-08 10:45,0.0
05-08 11:00,0.0
05-08 11:15,0.0
05-08 11:30,0.0
05-08 11:45,0.0
05-08 12:00,0.0
05-08 12:15,0.0
05-08 12:30,0.0
05-08 12:45,0.0
05-08 13:00,0.0
05-08 13:15,0.0
05-08 13:30,0.0
05-08 13:45,0.0
05-08 14:00,0.0
05-08 14:15,0.0
05-08 14:30,0.0
05-08 14:45,0.0
05-08 15:00,0.0
05-08 15:15,0.0
05-08 15:30,0.0
05-08 15:45,0.0
05-08 16:00,0.0
05-08 16:15,0.0
05-08 16:30,0.0
05-08 16:45,0.0
05-08 17:00,0.0
05-08 17:15,0.0
05-08 17:30,0.0
05-08 17:45,0.0
05-08 18:00,0.0
05-08 18:15,0.0
05-08 18:30,0.0
05-08 18:45,0.0
05-08 19:00,0.0
05-08 19:15,0.0
05-08 19:30,0.0
05-08 19:45,0.0
05-08 20:00,0.0
05-08 20:15,0.0
05-08 20:30,0.0
05-08 20:45,0.0
05-08 21:00,0.0
05-08 21:15,0.0
05-08 21:30,0.0
05-08 21:45,0.0
05-08 22:00,1484.2857142857142
05-08 22:15,1484.2857142857142
05-08 22:30,1484.2857142857142
05-08 22:45,1484.2857142857142
05-08 23:00,0.0
05-08 23:15,0.0
05-08 23:30,0.0
05-08 23:45,0.0
05-09 00:00,1484.2857142857142
05-09 00:15,1484.2857142857142
05-09 00:30,1484.2857142857142
05-09 00:45,1484.2857142857142
05-09 01:00,1484.2857142857142
05-09 01:15,1484.2857142857142
05-09 01:30,1484.2857142857142
05-09 01:45,1484.2857142857142
05-09 02:00,1484.2857142857142
05-09 02:15,1484.2857142857142
05-09 02:30,1484.2857142857142
05-09 02:45,1484.2857142857142
05-09 03:00,0.0
05-09 03:15,0.0
05-09 03:30,0.0
05-09 03:45,422.5514927828706
05-09 04:00,0.0
05-09 04:15,0.0
05-09 04:30,0.0
05-09 04:45,0.0
05-09 05:00,0.0
05-09 05:15,0.0
05-09 05:30,0.0
05-09 05:45,0.0
05-09 06:00,0.0
05-09 06:15,0.0
05-09 06:30,0.0
05-09 06:45,0.0
05-09 07:00,0.0
05-09 07:15,0.0
05-09 07:30,1763.5020677142857
05-09 07:45,0.0
05-09 08:00,0.0
05-09 08:15,0.0
05-09 08:30,0.0
05-09 08:45,0.0
05-09 09:00,0.0
05-09 09:15,0.0
05-09 09:30,0.0
05-09 09:45,0.0
05-09 10:00,0.0
05-09 10:15,0.0
05-09 10:30,0.0
05-09 10:45,0.0
05-09 11:00,0.0
05-09 11:15,0.0
05-09 11:30,0.0
05-09 11:45,0.0
05-09 12:00,0.0
05-09 12:15,0.0
05-09 12:30,0.0
05-09 12:45,0.0
05-09 13:00,0.0
05-09 13:15,0.0
05-09 13:30,0.0
05-09 13:45,0.0
05-09 14:00,3476.751493728572
05-09 14:15,0.0
05-09 14:30,2002.6361914571428
05-09 14:45,0.0
05-09 15:00,0.0
05-09 15:15,0.0
05-09 15:30,0.0
05-09 15:45,0.0
05-09 16:00,0.0
05-09 16:15,0.0
05-09 16:30,0.0
05-09 16:45,0.0
05-09 17:00,0.0
05-09 17:15,0.0
05-09 17:30,0.0
05-09 17:45,0.0
05-09 18:00,0.0
05-09 18:15,0.0
05-09 18:30,0.0
05-09 18:45,0.0
05-09 19:00,0.0
05-09 19:15,0.0
05-09 19:30,0.0
05-09 19:45,0.0
05-09 20:00,0.0
05-09 20:15,0.0
05-09 20:30,0.0
05-09 20:45,0.0
05-09 21:00,0.0
05-09 21:15,0.0
05-09 21:30,0.0
05-09 21:45,0.0
05-09 22:00,0.0
05-09 22:15,0.0
05-09 22:30,0.0
05-09 22:45,0.0
05-09 23:00,0.0
05-09 23:15,0.0
05-09 23:30,0.0
05-09 23:45,0.0
05-10 00:00,0.0
05-10 00:15,0.0
05-10 00:30,0.0
05-10 00:45,0.0
05-10 01:00,0.0
05-10 01:15,0.0
05-10 01:30,0.0
05-10 01:45,0.0
05-10 02:00,0.0
05-10 02:15,0.0
05-10 02:30,0.0
05-10 02:45,0.0
05-10 03:00,0.0
05-10 03:15,0.0
05-10 03:30,0.0
05-10 03:45,0.0
05-10 04:00,0.0
05-10 04:15,0.0
05-10 04:30,0.0
05-10 04:45,0.0
05-10 05:00,0.0
05-10 05:15,0.0
05-10 05:30,0.0
05-10 05:45,0.0
05-10 06:00,0.0
05-10 06:15,1067.679007257143
05-10 06:30,0.0
05-10 06:45,0.0
05-10 07:00,0.0
05-10 07:15,0.0
05-10 07:30,0.0
05-10 07:45,0.0
05-10 08:00,0.0
05-10 08:15,0.0
05-10 08:30,3735.2037347857145
05-10 08:45,0.0
05-10 09:00,0.0
05-10 09:15,0.0
05-10 09:30,1458.9999040285716
05-10 09:45,0.0
05-10 10:00,0.0
05-10 10:15,0.0
05-10 10:30,0.0
05-10 10:45,0.0
05-10 11:00,0.0
05-10 11:15,0.0
05-10 11:30,0.0
05-10 11:45,0.0
05-10 12:00,0.0
05-10 12:15,0.0
05-10 12:30,4638.785400971429
05-10 12:45,0.0
05-10 13:00,0.0
05-10 13:15,0.0
05-10 13:30,0.0
05-10 13:45,2096.033515828571
05-10 14:00,0.0
05-10 14:15,0.0
05-10 14:30,0.0
05-10 14:45,826.7644275142857
05-10 15:00,427.8837619571431
05-10 15:15,0.0
05-10 15:30,6251.933408
05-10 15:45,0.0
05-10 16:00,0.0
05-10 16:15,0.0
05-10 16:30,0.0
05-10 16:45,0.0
05-10 17:00,5956.940453228572
05-10 17:15,0.0
05-10 17:30,0.0
05-10 17:45,0.0
05-10 18:00,0.0
05-10 18:15,0.0
05-10 18:30,0.0
05-10 18:45,0.0
05-10 19:00,0.0
05-10 19:15,0.0
05-10 19:30,0.0
05-10 19:45,0.0
05-10 20:00,0.0
05-10 20:15,0.0
05-10 20:30,0.0
05-10 20:45,0.0
05-10 21:00,0.0
05-10 21:15,0.0
05-10 21:30,0.0
05-10 21:45,0.0
05-10 22:00,0.0
05-10 22:15,0.0
05-10 22:30,0.0
05-10 22:45,0.0
05-10 23:00,0.0
05-10 23:15,0.0
05-10 23:30,0.0
05-10 23:45,0.0
05-11 00:00,0.0
05-11 00:15,0.0
05-11 00:30,0.0
05-11 00:45,0.0
05-11 01:00,0.0
05-11 01:15,0.0
05-11 01:30,0.0
05-11 01:45,0.0
05-11 02:00,0.0
05-11 02:15,0.0
05-11 02:30,0.0
05-11 02:45,0.0
05-11 03:00,0.0
05-11 03:15,0.0
05-11 03:30,0.0
05-11 03:45,0.0
05-11 04:00,0.0
05-11 04:15,0.0
05-11 04:30,0.0
05-11 04:45,0.0
05-11 05:00,0.0
05-11 05:15,0.0
05-11 05:30,0.0
05-11 05:45,0.0
05-11 06:00,0.0
05-11 06:15,0.0
05-11 06:30,0.0
05-11 06:45,0.0
05-11 07:00,0.0
05-11 07:15,0.0
05-11 07:30,0.0
05-11 07:45,0.0
05-11 08:00,1505.9956967428573
05-11 08:15,3041.309503
05-11 08:30,0.0
05-11 08:45,0.0
05-11 09:00,0.0
05-11 09:15,0.0
05-11 09:30,0.0
05-11 09:45,0.0
05-11 10:00,0.0
05-11 10:15,0.0
05-11 10:30,0.0
05-11 10:45,0.0
05-11 11:00,0.0
05-11 11:15,0.0
05-11 11:30,0.0
05-11 11:45,0.0
05-11 12:00,0.0
05-11 12:15,0.0
05-11 12:30,0.0
05-11 12:45,0.0
05-11 13:00,0.0
05-11 13:15,0.0
05-11 13:30,0.0
05-11 13:45,0.0
05-11 14:00,1484.2857142857142
05-11 14:15,0.0
05-11 14:30,0.0
05-11 14:45,74.22558635428686
05-11 15:00,1484.2857142857142
05-11 15:15,1484.2857142857142
05-11 15:30,0.0
05-11 15:45,0.0
05-11 16:00,0.0
05-11 16:15,0.0
05-11 16:30,0.0
05-11 16:45,0.0
05-11 17:00,0.0
05-11 17:15,0.0
05-11 17:30,0.0
05-11 17:45,0.0
05-11 18:00,0.0
05-11 18:15,0.0
05-11 18:30,0.0
05-11 18:45,0.0
05-11 19:00,0.0
05-11 19:15,0.0
05-11 19:30,0.0
05-11 19:45,0.0
05-11 20:00,0.0
05-11 20:15,0.0
05-11 20:30,0.0
05-11 20:45,0.0
05-11 21:00,0.0
05-11 21:15,0.0
05-11 21:30,0.0
05-11 21:45,0.0
05-11 22:00,0.0
05-11 22:15,0.0
05-11 22:30,0.0
05-11 22:45,0.0
05-11 23:00,0.0
05-11 23:15,0.0
05-11 23:30,0.0
05-11 23:45,0.0
05-12 00:00,0.0
05-12 00:15,0.0
05-12 00:30,0.0
05-12 00:45,0.0
05-12 01:00,0.0
05-12 01:15,0.0
05-12 01:30,0.0
05-12 01:45,0.0
05-12 02:00,0.0
05-12 02:15,0.0
05-12 02:30,0.0
05-12 02:45,0.0
05-12 03:00,1484.2857142857142
05-12 03:15,457.6034107571005
05-12 03:30,0.0
05-12 03:45,0.0
05-12 04:00,1484.2857142857142
05-12 04:15,1484.2857142857142
05-12 04:30,1484.2857142857142
05-12 04:45,1484.2857142857142
05-12 05:00,0.0
05-12 05:15,0.0
05-12 05:30,0.0
05-12 05:45,0.0
05-12 06:00,0.0
05-12 06:15,3170.1789295571434
05-12 06:30,0.0
05-12 06:45,0.0
05-12 07:00,0.0
05-12 07:15,0.0
05-12 07:30,466.2886701285714
05-12 07:45,0.0
05-12 08:00,1484.2857142857142
05-12 08:15,1484.2857142857142
05-12 08:30,1484.2857142857142
05-12 08:45,6891.527667757143
05-12 09:00,1484.2857142857142
05-12 09:15,1484.2857142857142
05-12 09:30,1484.2857142857142
05-12 09:45,1484.2857142857142
05-12 10:00,1484.2857142857142
05-12 10:15,1484.2857142857142
05-12 10:30,1484.2857142857142
05-12 10:45,1484.2857142857142
05-12 11:00,1972.3514121928567
05-12 11:15,1484.2857142857142
05-12 11:30,1484.2857142857142
05-12 11:45,1484.2857142857142
05-12 12:00,1484.2857142857142
05-12 12:15,1484.2857142857142
05-12 12:30,1484.2857142857142
05-12 12:45,1484.2857142857142
05-12 13:00,2004.015392058572
05-12 13:15,1922.20569286
05-12 13:30,1484.2857142857142
05-12 13:45,1484.2857142857142
05-12 14:00,1484.2857142857142
05-12 14:15,1843.2635045814288
05-12 14:30,1484.2857142857142
05-12 14:45,1484.2857142857142
05-12 15:00,1484.2857142857142
05-12 15:15,1484.2857142857142
05-12 15:30,1484.2857142857142
05-12 15:45,1484.2857142857142
05-12 16:00,1484.2857142857142
05-12 16:15,1888.702839712857
05-12 16:30,1484.2857142857142
05-12 16:45,1484.2857142857142
05-12 17:00,0.0
05-12 17:15,0.0
05-12 17:30,0.0
05-12 17:45,0.0
05-12 18:00,0.0
05-12 18:15,0.0
05-12 18:30,0.0
05-12 18:45,0.0
05-12 19:00,0.0
05-12 19:15,0.0
05-12 19:30,0.0
05-12 19:45,0.0
05-12 20:00,0.0
05-12 20:15,0.0
05-12 20:30,0.0
05-12 20:45,0.0
05-12 21:00,0.0
05-12 21:15,0.0
05-12 21:30,0.0
05-12 21:45,0.0
05-12 22:00,0.0
05-12 22:15,0.0
05-12 22:30,0.0
05-12 22:45,0.0
05-12 23:00,0.0
05-12 23:15,0.0
05-12 23:30,0.0
05-12 23:45,0.0
05-13 00:00,0.0
05-13 00:15,0.0
05-13 00:30,0.0
05-13 00:45,0.0
05-13 01:00,0.0
05-13 01:15,1484.2857142857142
05-13 01:30,0.0
05-13 01:45,1253.7145881642837
05-13 02:00,0.0
05-13 02:15,0.0
05-13 02:30,0.0
05-13 02:45,0.0
05-13 03:00,0.0
05-13 03:15,0.0
05-13 03:30,0.0
05-13 03:45,0.0
05-13 04:00,0.0
05-13 04:15,0.0
05-13 04:30,0.0
05-13 04:45,0.0
05-13 05:00,0.0
05-13 05:15,0.0
05-13 05:30,0.0
05-13 05:45,0.0
05-13 06:00,0.0
05-13 06:15,0.0
05-13 06:30,0.0
05-13 06:45,0.0
05-13 07:00,0.0
05-13 07:15,0.0
05-13 07:30,3015.253078471429
05-13 07:45,4351.516501242857
05-13 08:00,0.0
05-13 08:15,0.0
05-13 08:30,0.0
05-13 08:45,0.0
05-13 09:00,0.0
05-13 09:15,0.0
05-13 09:30,2240.637140642857
05-13 09:45,0.0
05-13 10:00,0.0
05-13 10:15,0.0
05-13 10:30,0.0
05-13 10:45,0.0
05-13 11:00,2208.1171191714284
05-13 11:15,0.0
05-13 11:30,0.0
05-13 11:45,4073.1371901
05-13 12:00,0.0
05-13 12:15,0.0
05-13 12:30,0.0
05-13 12:45,0.0
05-13 13:00,0.0
05-13 13:15,1299.2092191971542
05-13 13:30,1484.2857142857142
05-13 13:45,1484.2857142857142
05-13 14:00,1484.2857142857142
05-13 14:15,1484.2857142857142
05-13 14:30,1484.2857142857142
05-13 14:45,1484.2857142857142
05-13 15:00,0.0
05-13 15:15,0.0
05-13 15:30,0.0
05-13 15:45,280.6933315357143
05-13 16:00,0.0
05-13 16:15,0.0
05-13 16:30,4296.589273514287
05-13 16:45,2782.216906128572
05-13 17:00,0.0
05-13 17:15,0.0
05-13 17:30,0.0
05-13 17:45,0.0
05-13 18:00,0.0
05-13 18:15,0.0
05-13 18:30,0.0
05-13 18:45,0.0
05-13 19:00,0.0
05-13 19:15,0.0
05-13 19:30,0.0
05-13 19:45,0.0
05-13 20:00,0.0
05-13 20:15,0.0
05-13 20:30,0.0
05-13 20:45,0.0
05-13 21:00,0.0
05-13 21:15,0.0
05-13 21:30,0.0
05-13 21:45,0.0
05-13 22:00,0.0
05-13 22:15,0.0
05-13 22:30,0.0
05-13 22:45,0.0
05-13 23:00,0.0
05-13 23:15,0.0
05-13 23:30,0.0
05-13 23:45,0.0
05-14 00:00,0.0
05-14 00:15,0.0
05-14 00:30,0.0
05-14 00:45,0.0
05-14 01:00,0.0
05-14 01:15,0.0
05-14 01:30,0.0
05-14 01:45,0.0
05-14 02:00,0.0
05-14 02:15,0.0
05-14 02:30,0.0
05-14 02:45,0.0
05-14 03:00,0.0
05-14 03:15,0.0
05-14 03:30,0.0
05-14 03:45,0.0
05-14 04:00,0.0
05-14 04:15,0.0
05-14 04:30,0.0
05-14 04:45,0.0
05-14 05:00,0.0
05-14 05:15,0.0
05-14 05:30,0.0
05-14 05:45,0.0
05-14 06:00,0.0
05-14 06:15,0.0
05-14 06:30,0.0
05-14 06:45,0.0
05-14 07:00,3071.4514487000006
05-14 07:15,0.0
05-14 07:30,0.0
05-14 07:45,0.0
05-14 08:00,0.0
05-14 08:15,0.0
05-14 08:30,0.0
05-14 08:45,0.0
05-14 09:00,0.0
05-14 09:15,0.0
05-14 09:30,0.0
05-14 09:45,0.0
05-14 10:00,0.0
05-14 10:15,0.0
05-14 10:30,0.0
05-14 10:45,0.0
05-14 11:00,0.0
05-14 11:15,5363.735524171429
05-14 11:30,0.0
05-14 11:45,0.0
05-14 12:00,0.0
05-14 12:15,0.0
05-14 12:30,0.0
05-14 12:45,0.0
05-14 13:00,0.0
05-14 13:15,0.0
05-14 13:30,0.0
05-14 13:45,0.0
05-14 14:00,0.0
05-14 14:15,0.0
05-14 14:30,0.0
05-14 14:45,0.0
05-14 15:00,0.0
05-14 15:15,0.0
05-14 15:30,2854.700042457143
05-14 15:45,0.0
05-14 16:00,1332.9952452714288
05-14 16:15,0.0
05-14 16:30,0.0
05-14 16:45,0.0
05-14 17:00,0.0
05-14 17:15,0.0
05-14 17:30,0.0
05-14 17:45,0.0
05-14 18:00,0.0
05-14 18:15,0.0
05-14 18:30,0.0
05-14 18:45,0.0
05-14 19:00,0.0
05-14 19:15,0.0
05-14 19:30,0.0
05-14 19:45,0.0
05-14 20:00,0.0
05-14 20:15,0.0
05-14 20:30,0.0
05-14 20:45,0.0
05-14 21:00,0.0
05-14 21:15,0.0
05-14 21:30,0.0
05-14 21:45,0.0
05-14 22:00,0.0
05-14 22:15,0.0
05-14 22:30,0.0
05-14 22:45,0.0
05-14 23:00,0.0
05-14 23:15,0.0
05-14 23:30,0.0
05-14 23:45,0.0
05-15 00:00,0.0
05-15 00:15,0.0
05-15 00:30,0.0
05-15 00:45,0.0
05-15 01:00,0.0
05-15 01:15,0.0
05-15 01:30,0.0
05-15 01:45,0.0
05-15 02:00,0.0
05-15 02:15,0.0
05-15 02:30,0.0
05-15 02:45,0.0
05-15 03:00,0.0
05-15 03:15,0.0
05-15 03:30,0.0
05-15 03:45,0.0
05-15 04:00,0.0
05-15 04:15,0.0
05-15 04:30,0.0
05-15 04:45,0.0
05-15 05:00,0.0
05-15 05:15,0.0
05-15 05:30,0.0
05-15 05:45,0.0
05-15 06:00,0.0
05-15 06:15,0.0
05-15 06:30,0.0
05-15 06:45,0.0
05-15 07:00,0.0
05-15 07:15,0.0
05-15 07:30,0.0
05-15 07:45,0.0
05-15 08:00,0.0
05-15 08:15,0.0
05-15 08:30,0.0
05-15 08:45,0.0
05-15 09:00,0.0
05-15 09:15,0.0
05-15 09:30,0.0
05-15 09:45,0.0
05-15 10:00,0.0
05-15 10:15,0.0
05-15 10:30,0.0
05-15 10:45,0.0
05-15 11:00,0.0
05-15 11:15,0.0
05-15 11:30,0.0
05-15 11:45,0.0
05-15 12:00,0.0
05-15 12:15,0.0
05-15 12:30,0.0
05-15 12:45,0.0
05-15 13:00,0.0
05-15 13:15,0.0
05-15 13:30,1365.1013272
05-15 13:45,0.0
05-15 14:00,1049.4720987285716
05-15 14:15,0.0
05-15 14:30,0.0
05-15 14:45,0.0
05-15 15:00,0.0
05-15 15:15,0.0
05-15 15:30,0.0
05-15 15:45,0.0
05-15 16:00,0.0
05-15 16:15,0.0
05-15 16:30,0.0
05-15 16:45,0.0
05-15 17:00,0.0
05-15 17:15,0.0
05-15 17:30,0.0
05-15 17:45,0.0
05-15 18:00,0.0
05-15 18:15,0.0
05-15 18:30,0.0
05-15 18:45,0.0
05-15 19:00,0.0
05-15 19:15,0.0
05-15 19:30,0.0
05-15 19:45,0.0
05-15 20:00,0.0
05-15 20:15,0.0
05-15 20:30,0.0
05-15 20:45,0.0
05-15 21:00,0.0
05-15 21:15,0.0
05-15 21:30,0.0
05-15 21:45,0.0
05-15 22:00,0.0
05-15 22:15,0.0
05-15 22:30,0.0
05-15 22:45,0.0
05-15 23:00,0.0
05-15 23:15,0.0
05-15 23:30,0.0
05-15 23:45,0.0
05-16 00:00,0.0
05-16 00:15,0.0
05-16 00:30,0.0
05-16 00:45,0.0
05-16 01:00,0.0
05-16 01:15,0.0
05-16 01:30,0.0
05-16 01:45,0.0
05-16 02:00,1484.2857142857142
05-16 02:15,1484.2857142857142
05-16 02:30,1484.2857142857142
05-16 02:45,1484.2857142857142
05-16 03:00,0.0
05-16 03:15,0.0
05-16 03:30,0.0
05-16 03:45,0.0
05-16 04:00,0.0
05-16 04:15,0.0
05-16 04:30,0.0
05-16 04:45,0.0
05-16 05:00,0.0
05-16 05:15,0.0
05-16 05:30,0.0
05-16 05:45,0.0
05-16 06:00,0.0
05-16 06:15,0.0
05-16 06:30,0.0
05-16 06:45,0.0
05-16 07:00,0.0
05-16 07:15,0.0
05-16 07:30,0.0
05-16 07:45,0.0
05-16 08:00,0.0
05-16 08:15,0.0
05-16 08:30,0.0
05-16 08:45,0.0
05-16 09:00,0.0
05-16 09:15,0.0
05-16 09:30,0.0
05-16 09:45,0.0
05-16 10:00,0.0
05-16 10:15,0.0
05-16 10:30,0.0
05-16 10:45,0.0
05-16 11:00,0.0
05-16 11:15,0.0
05-16 11:30,0.0
05-16 11:45,0.0
05-16 12:00,0.0
05-16 12:15,0.0
05-16 12:30,0.0
05-16 12:45,0.0
05-16 13:00,0.0
05-16 13:15,0.0
05-16 13:30,0.0
05-16 13:45,0.0
05-16 14:00,0.0
05-16 14:15,2853.011487757143
05-16 14:30,0.0
05-16 14:45,0.0
05-16 15:00,0.0
05-16 15:15,0.0
05-16 15:30,0.0
05-16 15:45,0.0
05-16 16:00,0.0
05-16 16:15,0.0
05-16 16:30,0.0
05-16 16:45,0.0
05-16 17:00,0.0
05-16 17:15,0.0
05-16 17:30,0.0
05-16 17:45,0.0
05-16 18:00,0.0
05-16 18:15,0.0
05-16 18:30,0.0
05-16 18:45,0.0
05-16 19:00,0.0
05-16 19:15,0.0
05-16 19:30,0.0
05-16 19:45,0.0
05-16 20:00,0.0
05-16 20:15,0.0
05-16 20:30,0.0
05-16 20:45,0.0
05-16 21:00,0.0
05-16 21:15,0.0
05-16 21:30,0.0
05-16 21:45,0.0
05-16 22:00,0.0
05-16 22:15,0.0
05-16 22:30,0.0
05-16 22:45,0.0
05-16 23:00,0.0
05-16 23:15,0.0
05-16 23:30,0.0
05-16 23:45,0.0
05-17 00:00,0.0
05-17 00:15,0.0
05-17 00:30,0.0
05-17 00:45,0.0
05-17 01:00,0.0
05-17 01:15,0.0
05-17 01:30,0.0
05-17 01:45,0.0
05-17 02:00,0.0
05-17 02:15,0.0
05-17 02:30,0.0
05-17 02:45,0.0
05-17 03:00,0.0
05-17 03:15,0.0
05-17 03:30,0.0
05-17 03:45,0.0
05-17 04:00,0.0
05-17 04:15,0.0
05-17 04:30,0.0
05-17 04:45,0.0
05-17 05:00,0.0
05-17 05:15,0.0
05-17 05:30,0.0
05-17 05:45,0.0
05-17 06:00,0.0
05-17 06:15,0.0
05-17 06:30,0.0
05-17 06:45,0.0
05-17 07:00,0.0
05-17 07:15,0.0
05-17 07:30,3838.9485259142857
05-17 07:45,0.0
05-17 08:00,0.0
05-17 08:15,0.0
05-17 08:30,0.0
05-17 08:45,0.0
05-17 09:00,0.0
05-17 09:15,0.0
05-17 09:30,0.0
05-17 09:45,0.0
05-17 10:00,0.0
05-17 10:15,0.0
05-17 10:30,0.0
05-17 10:45,0.0
05-17 11:00,0.0
05-17 11:15,0.0
05-17 11:30,0.0
05-17 11:45,0.0
05-17 12:00,0.0
05-17 12:15,0.0
05-17 12:30,0.0
05-17 12:45,0.0
05-17 13:00,0.0
05-17 13:15,0.0
05-17 13:30,0.0
05-17 13:45,0.0
05-17 14:00,0.0
05-17 14:15,0.0
05-17 14:30,0.0
05-17 14:45,0.0
05-17 15:00,0.0
05-17 15:15,0.0
05-17 15:30,0.0
05-17 15:45,0.0
05-17 16:00,0.0
05-17 16:15,0.0
05-17 16:30,0.0
05-17 16:45,0.0
05-17 17:00,0.0
05-17 17:15,0.0
05-17 17:30,0.0
05-17 17:45,0.0
05-17 18:00,0.0
05-17 18:15,5737.193857728572
05-17 18:30,0.0
05-17 18:45,0.0
05-17 19:00,0.0
05-17 19:15,0.0
05-17 19:30,0.0
05-17 19:45,0.0
05-17 20:00,0.0
05-17 20:15,0.0
05-17 20:30,0.0
05-17 20:45,0.0
05-17 21:00,0.0
05-17 21:15,0.0
05-17 21:30,0.0
05-17 21:45,0.0
05-17 22:00,0.0
05-17 22:15,0.0
05-17 22:30,0.0
05-17 22:45,0.0
05-17 23:00,0.0
05-17 23:15,0.0
05-17 23:30,0.0
05-17 23:45,0.0
05-18 00:00,0.0
05-18 00:15,0.0
05-18 00:30,0.0
05-18 00:45,0.0
05-18 01:00,0.0
05-18 01:15,0.0
05-18 01:30,0.0
05-18 01:45,0.0
05-18 02:00,0.0
05-18 02:15,0.0
05-18 02:30,0.0
05-18 02:45,0.0
05-18 03:00,0.0
05-18 03:15,0.0
05-18 03:30,0.0
05-18 03:45,0.0
05-18 04:00,0.0
05-18 04:15,0.0
05-18 04:30,0.0
05-18 04:45,0.0
05-18 05:00,0.0
05-18 05:15,0.0
05-18 05:30,0.0
05-18 05:45,0.0
05-18 06:00,0.0
05-18 06:15,0.0
05-18 06:30,0.0
05-18 06:45,0.0
05-18 07:00,0.0
05-18 07:15,0.0
05-18 07:30,0.0
05-18 07:45,0.0
05-18 08:00,0.0
05-18 08:15,0.0
05-18 08:30,0.0
05-18 08:45,0.0
05-18 09:00,0.0
05-18 09:15,0.0
05-18 09:30,0.0
05-18 09:45,0.0
05-18 10:00,0.0
05-18 10:15,0.0
05-18 10:30,0.0
05-18 10:45,0.0
05-18 11:00,0.0
05-18 11:15,0.0
05-18 11:30,0.0
05-18 11:45,0.0
05-18 12:00,1484.2857142857142
05-18 12:15,2295.1526156942928
05-18 12:30,0.0
05-18 12:45,0.0
05-18 13:00,1908.5056198
05-18 13:15,1484.2857142857142
05-18 13:30,2100.08501004
05-18 13:45,1484.2857142857142
05-18 14:00,0.0
05-18 14:15,0.0
05-18 14:30,0.0
05-18 14:45,0.0
05-18 15:00,0.0
05-18 15:15,2259.483772985715
05-18 15:30,0.0
05-18 15:45,0.0
05-18 16:00,0.0
05-18 16:15,0.0
05-18 16:30,0.0
05-18 16:45,0.0
05-18 17:00,0.0
05-18 17:15,0.0
05-18 17:30,0.0
05-18 17:45,0.0
05-18 18:00,0.0
05-18 18:15,0.0
05-18 18:30,0.0
05-18 18:45,0.0
05-18 19:00,0.0
05-18 19:15,0.0
05-18 19:30,0.0
05-18 19:45,0.0
05-18 20:00,0.0
05-18 20:15,0.0
05-18 20:30,0.0
05-18 20:45,0.0
05-18 21:00,0.0
05-18 21:15,0.0
05-18 21:30,0.0
05-18 21:45,0.0
05-18 22:00,0.0
05-18 22:15,0.0
05-18 22:30,0.0
05-18 22:45,0.0
05-18 23:00,0.0
05-18 23:15,0.0
05-18 23:30,0.0
05-18 23:45,0.0
05-19 00:00,0.0
05-19 00:15,0.0
05-19 00:30,0.0
05-19 00:45,0.0
05-19 01:00,0.0
05-19 01:15,0.0
05-19 01:30,0.0
05-19 01:45,0.0
05-19 02:00,0.0
05-19 02:15,0.0
05-19 02:30,0.0
05-19 02:45,0.0
05-19 03:00,0.0
05-19 03:15,0.0
05-19 03:30,0.0
05-19 03:45,0.0
05-19 04:00,0.0
05-19 04:15,0.0
05-19 04:30,0.0
05-19 04:45,0.0
05-19 05:00,0.0
05-19 05:15,0.0
05-19 05:30,0.0
05-19 05:45,0.0
05-19 06:00,0.0
05-19 06:15,0.0
05-19 06:30,0.0
05-19 06:45,0.0
05-19 07:00,0.0
05-19 07:15,0.0
05-19 07:30,0.0
05-19 07:45,0.0
05-19 08:00,0.0
05-19 08:15,0.0
05-19 08:30,0.0
05-19 08:45,0.0
05-19 09:00,0.0
05-19 09:15,0.0
05-19 09:30,0.0
05-19 09:45,0.0
05-19 10:00,0.0
05-19 10:15,0.0
05-19 10:30,0.0
05-19 10:45,0.0
05-19 11:00,0.0
05-19 11:15,0.0
05-19 11:30,0.0
05-19 11:45,0.0
05-19 12:00,2067.30670331
05-19 12:15,1484.2857142857142
05-19 12:30,1625.1544536024285
05-19 12:45,1484.2857142857142
05-19 13:00,1484.2857142857142
05-19 13:15,1484.2857142857142
05-19 13:30,1484.2857142857142
05-19 13:45,1484.2857142857142
05-19 14:00,1484.2857142857142
05-19 14:15,6566.258605157143
05-19 14:30,1484.2857142857142
05-19 14:45,1484.2857142857142
05-19 15:00,1484.2857142857142
05-19 15:15,2052.5169296642857
05-19 15:30,1484.2857142857142
05-19 15:45,3095.355471871429
05-19 16:00,0.0
05-19 16:15,0.0
05-19 16:30,0.0
05-19 16:45,0.0
05-19 17:00,0.0
05-19 17:15,0.0
05-19 17:30,3719.2173446714287
05-19 17:45,0.0
05-19 18:00,0.0
05-19 18:15,2568.7574131571428
05-19 18:30,0.0
05-19 18:45,0.0
05-19 19:00,0.0
05-19 19:15,0.0
05-19 19:30,0.0
05-19 19:45,0.0
05-19 20:00,0.0
05-19 20:15,0.0
05-19 20:30,0.0
05-19 20:45,0.0
05-19 21:00,0.0
05-19 21:15,0.0
05-19 21:30,1450.8295570142857
05-19 21:45,0.0
05-19 22:00,0.0
05-19 22:15,0.0
05-19 22:30,0.0
05-19 22:45,0.0
05-19 23:00,0.0
05-19 23:15,0.0
05-19 23:30,0.0
05-19 23:45,0.0
05-20 00:00,0.0
05-20 00:15,0.0
05-20 00:30,0.0
05-20 00:45,0.0
05-20 01:00,0.0
05-20 01:15,0.0
05-20 01:30,0.0
05-20 01:45,0.0
05-20 02:00,0.0
05-20 02:15,0.0
05-20 02:30,0.0
05-20 02:45,0.0
05-20 03:00,0.0
05-20 03:15,0.0
05-20 03:30,0.0
05-20 03:45,0.0
05-20 04:00,0.0
05-20 04:15,0.0
05-20 04:30,0.0
05-20 04:45,0.0
05-20 05:00,0.0
05-20 05:15,0.0
05-20 05:30,0.0
05-20 05:45,0.0
05-20 06:00,0.0
05-20 06:15,0.0
05-20 06:30,0.0
05-20 06:45,0.0
05-20 07:00,0.0
05-20 07:15,0.0
05-20 07:30,3296.5327891000006
05-20 07:45,0.0
05-20 08:00,0.0
05-20 08:15,0.0
05-20 08:30,0.0
05-20 08:45,0.0
05-20 09:00,0.0
05-20 09:15,0.0
05-20 09:30,0.0
05-20 09:45,0.0
05-20 10:00,0.0
05-20 10:15,0.0
05-20 10:30,0.0
05-20 10:45,0.0
05-20 11:00,0.0
05-20 11:15,0.0
05-20 11:30,0.0
05-20 11:45,0.0
05-20 12:00,0.0
05-20 12:15,4061.578802214287
05-20 12:30,0.0
05-20 12:45,0.0
05-20 13:00,0.0
05-20 13:15,0.0
05-20 13:30,0.0
05-20 13:45,0.0
05-20 14:00,0.0
05-20 14:15,0.0
05-20 14:30,0.0
05-20 14:45,0.0
05-20 15:00,0.0
05-20 15:15,0.0
05-20 15:30,0.0
05-20 15:45,2616.4570446
05-20 16:00,0.0
05-20 16:15,0.0
05-20 16:30,0.0
05-20 16:45,0.0
05-20 17:00,3206.921173814286
05-20 17:15,0.0
05-20 17:30,0.0
05-20 17:45,0.0
05-20 18:00,0.0
05-20 18:15,4200.287617342857
05-20 18:30,0.0
05-20 18:45,0.0
05-20 19:00,0.0
05-20 19:15,0.0
05-20 19:30,0.0
05-20 19:45,0.0
05-20 20:00,0.0
05-20 20:15,0.0
05-20 20:30,0.0
05-20 20:45,0.0
05-20 21:00,0.0
05-20 21:15,0.0
05-20 21:30,0.0
05-20 21:45,0.0
05-20 22:00,0.0
05-20 22:15,0.0
05-20 22:30,0.0
05-20 22:45,0.0
05-20 23:00,0.0
05-20 23:15,0.0
05-20 23:30,0.0
05-20 23:45,0.0
05-21 00:00,0.0
05-21 00:15,0.0
05-21 00:30,0.0
05-21 00:45,0.0
05-21 01:00,0.0
05-21 01:15,0.0
05-21 01:30,0.0
05-21 01:45,0.0
05-21 02:00,1484.2857142857142
05-21 02:15,1484.2857142857142
05-21 02:30,1484.2857142857142
05-21 02:45,1484.2857142857142
05-21 03:00,1484.2857142857142
05-21 03:15,1484.2857142857142
05-21 03:30,1484.2857142857142
05-21 03:45,1484.2857142857142
05-21 04:00,0.0
05-21 04:15,0.0
05-21 04:30,0.0
05-21 04:45,0.0
05-21 05:00,0.0
05-21 05:15,0.0
05-21 05:30,0.0
05-21 05:45,0.0
05-21 06:00,0.0
05-21 06:15,0.0
05-21 06:30,0.0
05-21 06:45,0.0
05-21 07:00,0.0
05-21 07:15,0.0
05-21 07:30,0.0
05-21 07:45,0.0
05-21 08:00,0.0
05-21 08:15,0.0
05-21 08:30,0.0
05-21 08:45,0.0
05-21 09:00,0.0
05-21 09:15,0.0
05-21 09:30,0.0
05-21 09:45,0.0
05-21 10:00,0.0
05-21 10:15,0.0
05-21 10:30,0.0
05-21 10:45,0.0
05-21 11:00,0.0
05-21 11:15,0.0
05-21 11:30,4697.655537328572
05-21 11:45,0.0
05-21 12:00,0.0
05-21 12:15,0.0
05-21 12:30,0.0
05-21 12:45,0.0
05-21 13:00,0.0
05-21 13:15,4541.602015071429
05-21 13:30,0.0
05-21 13:45,0.0
05-21 14:00,0.0
05-21 14:15,0.0
05-21 14:30,0.0
05-21 14:45,0.0
05-21 15:00,0.0
05-21 15:15,0.0
05-21 15:30,0.0
05-21 15:45,0.0
05-21 16:00,0.0
05-21 16:15,0.0
05-21 16:30,0.0
05-21 16:45,0.0
05-21 17:00,0.0
05-21 17:15,0.0
05-21 17:30,0.0
05-21 17:45,0.0
05-21 18:00,0.0
05-21 18:15,0.0
05-21 18:30,0.0
05-21 18:45,0.0
05-21 19:00,0.0
05-21 19:15,0.0
05-21 19:30,0.0
05-21 19:45,0.0
05-21 20:00,0.0
05-21 20:15,0.0
05-21 20:30,0.0
05-21 20:45,0.0
05-21 21:00,0.0
05-21 21:15,0.0
05-21 21:30,0.0
05-21 21:45,0.0
05-21 22:00,0.0
05-21 22:15,0.0
05-21 22:30,0.0
05-21 22:45,0.0
05-21 23:00,1484.2857142857142
05-21 23:15,1484.2857142857142
05-21 23:30,1484.2857142857142
05-21 23:45,1484.2857142857142
05-22 00:00,1484.2857142857142
05-22 00:15,1484.2857142857142
05-22 00:30,1484.2857142857142
05-22 00:45,1484.2857142857142
05-22 01:00,1484.2857142857142
05-22 01:15,1484.2857142857142
05-22 01:30,1484.2857142857142
05-22 01:45,1484.2857142857142
05-22 02:00,1484.2857142857142
05-22 02:15,1484.2857142857142
05-22 02:30,1484.2857142857142
05-22 02:45,1484.2857142857142
05-22 03:00,1484.2857142857142
05-22 03:15,1484.2857142857142
05-22 03:30,1484.2857142857142
05-22 03:45,1484.2857142857142
05-22 04:00,0.0
05-22 04:15,0.0
05-22 04:30,0.0
05-22 04:45,0.0
05-22 05:00,0.0
05-22 05:15,0.0
05-22 05:30,0.0
05-22 05:45,0.0
05-22 06:00,0.0
05-22 06:15,0.0
05-22 06:30,0.0
05-22 06:45,0.0
05-22 07:00,0.0
05-22 07:15,0.0
05-22 07:30,0.0
05-22 07:45,0.0
05-22 08:00,0.0
05-22 08:15,0.0
05-22 08:30,0.0
05-22 08:45,0.0
05-22 09:00,0.0
05-22 09:15,0.0
05-22 09:30,0.0
05-22 09:45,0.0
05-22 10:00,0.0
05-22 10:15,0.0
05-22 10:30,0.0
05-22 10:45,0.0
05-22 11:00,0.0
05-22 11:15,0.0
05-22 11:30,0.0
05-22 11:45,0.0
05-22 12:00,2080.0549520000004
05-22 12:15,0.0
05-22 12:30,0.0
05-22 12:45,0.0
05-22 13:00,0.0
05-22 13:15,0.0
05-22 13:30,0.0
05-22 13:45,0.0
05-22 14:00,0.0
05-22 14:15,0.0
05-22 14:30,0.0
05-22 14:45,0.0
05-22 15:00,0.0
05-22 15:15,0.0
05-22 15:30,0.0
05-22 15:45,0.0
05-22 16:00,0.0
05-22 16:15,0.0
05-22 16:30,0.0
05-22 16:45,0.0
05-22 17:00,0.0
05-22 17:15,0.0
05-22 17:30,0.0
05-22 17:45,0.0
05-22 18:00,0.0
05-22 18:15,0.0
05-22 18:30,0.0
05-22 18:45,0.0
05-22 19:00,0.0
05-22 19:15,0.0
05-22 19:30,0.0
05-22 19:45,0.0
05-22 20:00,0.0
05-22 20:15,0.0
05-22 20:30,0.0
05-22 20:45,0.0
05-22 21:00,0.0
05-22 21:15,0.0
05-22 21:30,0.0
05-22 21:45,0.0
05-22 22:00,0.0
05-22 22:15,0.0
05-22 22:30,0.0
05-22 22:45,0.0
05-22 23:00,0.0
05-22 23:15,0.0
05-22 23:30,0.0
05-22 23:45,0.0
05-23 00:00,0.0
05-23 00:15,0.0
05-23 00:30,0.0
05-23 00:45,0.0
05-23 01:00,1484.2857142857142
05-23 01:15,1484.2857142857142
05-23 01:30,1484.2857142857142
05-23 01:45,1484.2857142857142
05-23 02:00,1484.2857142857142
05-23 02:15,1484.2857142857142
05-23 02:30,1484.2857142857142
05-23 02:45,1484.2857142857142
05-23 03:00,1484.2857142857142
05-23 03:15,1484.2857142857142
05-23 03:30,1484.2857142857142
05-23 03:45,1484.2857142857142
05-23 04:00,0.0
05-23 04:15,0.0
05-23 04:30,0.0
05-23 04:45,0.0
05-23 05:00,0.0
05-23 05:15,0.0
05-23 05:30,0.0
05-23 05:45,0.0
05-23 06:00,0.0
05-23 06:15,3059.9099891714286
05-23 06:30,0.0
05-23 06:45,0.0
05-23 07:00,0.0
05-23 07:15,0.0
05-23 07:30,0.0
05-23 07:45,0.0
05-23 08:00,0.0
05-23 08:15,0.0
05-23 08:30,0.0
05-23 08:45,4149.140675842857
05-23 09:00,0.0
05-23 09:15,0.0
05-23 09:30,0.0
05-23 09:45,0.0
05-23 10:00,0.0
05-23 10:15,0.0
05-23 10:30,0.0
05-23 10:45,0.0
05-23 11:00,0.0
05-23 11:15,0.0
05-23 11:30,0.0
05-23 11:45,3602.5518613285712
05-23 12:00,0.0
05-23 12:15,0.0
05-23 12:30,0.0
05-23 12:45,0.0
05-23 13:00,0.0
05-23 13:15,0.0
05-23 13:30,0.0
05-23 13:45,0.0
05-23 14:00,0.0
05-23 14:15,0.0
05-23 14:30,0.0
05-23 14:45,2038.2267301428567
05-23 15:00,0.0
05-23 15:15,0.0
05-23 15:30,0.0
05-23 15:45,0.0
05-23 16:00,0.0
05-23 16:15,3958.921842342858
05-23 16:30,0.0
05-23 16:45,0.0
05-23 17:00,0.0
05-23 17:15,0.0
05-23 17:30,4306.782174857144
05-23 17:45,0.0
05-23 18:00,0.0
05-23 18:15,0.0
05-23 18:30,0.0
05-23 18:45,0.0
05-23 19:00,0.0
05-23 19:15,0.0
05-23 19:30,0.0
05-23 19:45,0.0
05-23 20:00,0.0
05-23 20:15,0.0
05-23 20:30,0.0
05-23 20:45,0.0
05-23 21:00,0.0
05-23 21:15,0.0
05-23 21:30,0.0
05-23 21:45,0.0
05-23 22:00,0.0
05-23 22:15,0.0
05-23 22:30,0.0
05-23 22:45,0.0
05-23 23:00,0.0
05-23 23:15,0.0
05-23 23:30,0.0
05-23 23:45,0.0
05-24 00:00,0.0
05-24 00:15,0.0
05-24 00:30,0.0
05-24 00:45,0.0
05-24 01:00,0.0
05-24 01:15,0.0
05-24 01:30,0.0
05-24 01:45,0.0
05-24 02:00,0.0
05-24 02:15,0.0
05-24 02:30,0.0
05-24 02:45,0.0
05-24 03:00,0.0
05-24 03:15,0.0
05-24 03:30,0.0
05-24 03:45,0.0
05-24 04:00,0.0
05-24 04:15,0.0
05-24 04:30,0.0
05-24 04:45,0.0
05-24 05:00,0.0
05-24 05:15,0.0
05-24 05:30,0.0
05-24 05:45,0.0
05-24 06:00,0.0
05-24 06:15,0.0
05-24 06:30,0.0
05-24 06:45,0.0
05-24 07:00,0.0
05-24 07:15,0.0
05-24 07:30,0.0
05-24 07:45,0.0
05-24 08:00,0.0
05-24 08:15,0.0
05-24 08:30,0.0
05-24 08:45,0.0
05-24 09:00,0.0
05-24 09:15,0.0
05-24 09:30,0.0
05-24 09:45,0.0
05-24 10:00,0.0
05-24 10:15,0.0
05-24 10:30,0.0
05-24 10:45,0.0
05-24 11:00,0.0
05-24 11:15,0.0
05-24 11:30,0.0
05-24 11:45,0.0
05-24 12:00,0.0
05-24 12:15,0.0
05-24 12:30,0.0
05-24 12:45,0.0
05-24 13:00,0.0
05-24 13:15,2286.579658957143
05-24 13:30,0.0
05-24 13:45,6020.563670414287
05-24 14:00,0.0
05-24 14:15,0.0
05-24 14:30,0.0
05-24 14:45,0.0
05-24 15:00,0.0
05-24 15:15,0.0
05-24 15:30,0.0
05-24 15:45,0.0
05-24 16:00,0.0
05-24 16:15,0.0
05-24 16:30,0.0
05-24 16:45,0.0
05-24 17:00,0.0
05-24 17:15,0.0
05-24 17:30,0.0
05-24 17:45,0.0
05-24 18:00,0.0
05-24 18:15,0.0
05-24 18:30,0.0
05-24 18:45,0.0
05-24 19:00,0.0
05-24 19:15,0.0
05-24 19:30,0.0
05-24 19:45,0.0
05-24 20:00,0.0
05-24 20:15,0.0
05-24 20:30,0.0
05-24 20:45,0.0
05-24 21:00,0.0
05-24 21:15,0.0
05-24 21:30,0.0
05-24 21:45,0.0
05-24 22:00,0.0
05-24 22:15,0.0
05-24 22:30,0.0
05-24 22:45,0.0
05-24 23:00,0.0
05-24 23:15,0.0
05-24 23:30,0.0
05-24 23:45,0.0
05-25 00:00,0.0
05-25 00:15,0.0
05-25 00:30,0.0
05-25 00:45,0.0
05-25 01:00,0.0
05-25 01:15,0.0
05-25 01:30,0.0
05-25 01:45,0.0
05-25 02:00,0.0
05-25 02:15,0.0
05-25 02:30,0.0
05-25 02:45,0.0
05-25 03:00,0.0
05-25 03:15,0.0
05-25 03:30,0.0
05-25 03:45,0.0
05-25 04:00,0.0
05-25 04:15,0.0
05-25 04:30,0.0
05-25 04:45,0.0
05-25 05:00,0.0
05-25 05:15,0.0
05-25 05:30,0.0
05-25 05:45,0.0
05-25 06:00,0.0
05-25 06:15,0.0
05-25 06:30,0.0
05-25 06:45,0.0
05-25 07:00,0.0
05-25 07:15,0.0
05-25 07:30,0.0
05-25 07:45,0.0
05-25 08:00,0.0
05-25 08:15,0.0
05-25 08:30,0.0
05-25 08:45,0.0
05-25 09:00,0.0
05-25 09:15,3882.8894618428576
05-25 09:30,0.0
05-25 09:45,0.0
05-25 10:00,0.0
05-25 10:15,0.0
05-25 10:30,755.697338857143
05-25 10:45,0.0
05-25 11:00,0.0
05-25 11:15,0.0
05-25 11:30,2201.0284009714287
05-25 11:45,0.0
05-25 12:00,0.0
05-25 12:15,2318.275345142857
05-25 12:30,0.0
05-25 12:45,0.0
05-25 13:00,0.0
05-25 13:15,715.8944710371434
05-25 13:30,0.0
05-25 13:45,0.0
05-25 14:00,1484.2857142857142
05-25 14:15,1484.2857142857142
05-25 14:30,1964.825420722857
05-25 14:45,1723.90529306
05-25 15:00,0.0
05-25 15:15,0.0
05-25 15:30,0.0
05-25 15:45,0.0
05-25 16:00,0.0
05-25 16:15,0.0
05-25 16:30,3148.7988330142853
05-25 16:45,0.0
05-25 17:00,0.0
05-25 17:15,5289.3983139
05-25 17:30,0.0
05-25 17:45,0.0
05-25 18:00,0.0
05-25 18:15,0.0
05-25 18:30,0.0
05-25 18:45,0.0
05-25 19:00,0.0
05-25 19:15,0.0
05-25 19:30,0.0
05-25 19:45,0.0
05-25 20:00,0.0
05-25 20:15,0.0
05-25 20:30,0.0
05-25 20:45,0.0
05-25 21:00,0.0
05-25 21:15,0.0
05-25 21:30,0.0
05-25 21:45,0.0
05-25 22:00,0.0
05-25 22:15,0.0
05-25 22:30,0.0
05-25 22:45,0.0
05-25 23:00,0.0
05-25 23:15,0.0
05-25 23:30,0.0
05-25 23:45,0.0
05-26 00:00,0.0
05-26 00:15,0.0
05-26 00:30,0.0
05-26 00:45,0.0
05-26 01:00,0.0
05-26 01:15,0.0
05-26 01:30,0.0
05-26 01:45,0.0
05-26 02:00,0.0
05-26 02:15,0.0
05-26 02:30,0.0
05-26 02:45,0.0
05-26 03:00,0.0
05-26 03:15,0.0
05-26 03:30,0.0
05-26 03:45,0.0
05-26 04:00,0.0
05-26 04:15,0.0
05-26 04:30,0.0
05-26 04:45,0.0
05-26 05:00,1484.2857142857142
05-26 05:15,1484.2857142857142
05-26 05:30,1484.2857142857142
05-26 05:45,1484.2857142857142
05-26 06:00,0.0
05-26 06:15,0.0
05-26 06:30,0.0
05-26 06:45,0.0
05-26 07:00,0.0
05-26 07:15,0.0
05-26 07:30,0.0
05-26 07:45,0.0
05-26 08:00,0.0
05-26 08:15,0.0
05-26 08:30,0.0
05-26 08:45,0.0
05-26 09:00,0.0
05-26 09:15,0.0
05-26 09:30,2173.0735941714283
05-26 09:45,0.0
05-26 10:00,0.0
05-26 10:15,0.0
05-26 10:30,0.0
05-26 10:45,0.0
05-26 11:00,1484.2857142857142
05-26 11:15,912.2203140871349
05-26 11:30,0.0
05-26 11:45,2006.270697522857
05-26 12:00,2185.635548191429
05-26 12:15,1484.2857142857142
05-26 12:30,1484.2857142857142
05-26 12:45,1484.2857142857142
05-26 13:00,1484.2857142857142
05-26 13:15,1484.2857142857142
05-26 13:30,2068.143225292857
05-26 13:45,1956.25628122
05-26 14:00,5965.626250200001
05-26 14:15,1484.2857142857142
05-26 14:30,1484.2857142857142
05-26 14:45,1484.2857142857142
05-26 15:00,1484.2857142857142
05-26 15:15,9701.6902954
05-26 15:30,1484.2857142857142
05-26 15:45,6466.614100928571
05-26 16:00,0.0
05-26 16:15,0.0
05-26 16:30,0.0
05-26 16:45,0.0
05-26 17:00,0.0
05-26 17:15,0.0
05-26 17:30,0.0
05-26 17:45,0.0
05-26 18:00,0.0
05-26 18:15,0.0
05-26 18:30,0.0
05-26 18:45,0.0
05-26 19:00,0.0
05-26 19:15,0.0
05-26 19:30,0.0
05-26 19:45,1899.9397508285715
05-26 20:00,0.0
05-26 20:15,0.0
05-26 20:30,0.0
05-26 20:45,0.0
05-26 21:00,0.0
05-26 21:15,0.0
05-26 21:30,0.0
05-26 21:45,0.0
05-26 22:00,0.0
05-26 22:15,0.0
05-26 22:30,0.0
05-26 22:45,0.0
05-26 23:00,0.0
05-26 23:15,0.0
05-26 23:30,0.0
05-26 23:45,0.0
05-27 00:00,1484.2857142857142
05-27 00:15,1484.2857142857142
05-27 00:30,1484.2857142857142
05-27 00:45,1484.2857142857142
05-27 01:00,1484.2857142857142
05-27 01:15,1484.2857142857142
05-27 01:30,1484.2857142857142
05-27 01:45,1484.2857142857142
05-27 02:00,1484.2857142857142
05-27 02:15,1484.2857142857142
05-27 02:30,1484.2857142857142
05-27 02:45,1484.2857142857142
05-27 03:00,0.0
05-27 03:15,0.0
05-27 03:30,0.0
05-27 03:45,0.0
05-27 04:00,0.0
05-27 04:15,0.0
05-27 04:30,0.0
05-27 04:45,0.0
05-27 05:00,0.0
05-27 05:15,0.0
05-27 05:30,0.0
05-27 05:45,0.0
05-27 06:00,0.0
05-27 06:15,0.0
05-27 06:30,0.0
05-27 06:45,0.0
05-27 07:00,0.0
05-27 07:15,0.0
05-27 07:30,0.0
05-27 07:45,0.0
05-27 08:00,0.0
05-27 08:15,2862.687858071429
05-27 08:30,0.0
05-27 08:45,0.0
05-27 09:00,0.0
05-27 09:15,0.0
05-27 09:30,0.0
05-27 09:45,0.0
05-27 10:00,0.0
05-27 10:15,0.0
05-27 10:30,0.0
05-27 10:45,0.0
05-27 11:00,0.0
05-27 11:15,0.0
05-27 11:30,0.0
05-27 11:45,0.0
05-27 12:00,0.0
05-27 12:15,0.0
05-27 12:30,4311.883806014286
05-27 12:45,0.0
05-27 13:00,0.0
05-27 13:15,0.0
05-27 13:30,0.0
05-27 13:45,0.0
05-27 14:00,0.0
05-27 14:15,0.0
05-27 14:30,0.0
05-27 14:45,0.0
05-27 15:00,0.0
05-27 15:15,0.0
05-27 15:30,0.0
05-27 15:45,0.0
05-27 16:00,0.0
05-27 16:15,0.0
05-27 16:30,0.0
05-27 16:45,0.0
05-27 17:00,0.0
05-27 17:15,0.0
05-27 17:30,0.0
05-27 17:45,0.0
05-27 18:00,0.0
05-27 18:15,0.0
05-27 18:30,3772.6304761142856
05-27 18:45,2996.275743471429
05-27 19:00,0.0
05-27 19:15,0.0
05-27 19:30,0.0
05-27 19:45,0.0
05-27 20:00,0.0
05-27 20:15,0.0
05-27 20:30,0.0
05-27 20:45,0.0
05-27 21:00,0.0
05-27 21:15,0.0
05-27 21:30,0.0
05-27 21:45,0.0
05-27 22:00,0.0
05-27 22:15,0.0
05-27 22:30,0.0
05-27 22:45,0.0
05-27 23:00,0.0
05-27 23:15,0.0
05-27 23:30,0.0
05-27 23:45,0.0
05-28 00:00,0.0
05-28 00:15,0.0
05-28 00:30,0.0
05-28 00:45,0.0
05-28 01:00,0.0
05-28 01:15,0.0
05-28 01:30,0.0
05-28 01:45,0.0
05-28 02:00,0.0
05-28 02:15,0.0
05-28 02:30,0.0
05-28 02:45,0.0
05-28 03:00,0.0
05-28 03:15,0.0
05-28 03:30,0.0
05-28 03:45,0.0
05-28 04:00,0.0
05-28 04:15,0.0
05-28 04:30,0.0
05-28 04:45,0.0
05-28 05:00,0.0
05-28 05:15,0.0
05-28 05:30,0.0
05-28 05:45,0.0
05-28 06:00,0.0
05-28 06:15,0.0
05-28 06:30,0.0
05-28 06:45,0.0
05-28 07:00,0.0
05-28 07:15,0.0
05-28 07:30,0.0
05-28 07:45,0.0
05-28 08:00,0.0
05-28 08:15,0.0
05-28 08:30,0.0
05-28 08:45,0.0
05-28 09:00,0.0
05-28 09:15,0.0
05-28 09:30,0.0
05-28 09:45,0.0
05-28 10:00,0.0
05-28 10:15,0.0
05-28 10:30,0.0
05-28 10:45,0.0
05-28 11:00,0.0
05-28 11:15,0.0
05-28 11:30,0.0
05-28 11:45,0.0
05-28 12:00,0.0
05-28 12:15,0.0
05-28 12:30,0.0
05-28 12:45,4355.1857637
05-28 13:00,0.0
05-28 13:15,0.0
05-28 13:30,0.0
05-28 13:45,0.0
05-28 14:00,0.0
05-28 14:15,0.0
05-28 14:30,0.0
05-28 14:45,0.0
05-28 15:00,0.0
05-28 15:15,84.80220434285725
05-28 15:30,4317.788622328573
05-28 15:45,5654.6179068
05-28 16:00,0.0
05-28 16:15,0.0
05-28 16:30,0.0
05-28 16:45,0.0
05-28 17:00,0.0
05-28 17:15,0.0
05-28 17:30,0.0
05-28 17:45,0.0
05-28 18:00,0.0
05-28 18:15,0.0
05-28 18:30,0.0
05-28 18:45,0.0
05-28 19:00,0.0
05-28 19:15,0.0
05-28 19:30,0.0
05-28 19:45,0.0
05-28 20:00,0.0
05-28 20:15,0.0
05-28 20:30,0.0
05-28 20:45,0.0
05-28 21:00,0.0
05-28 21:15,0.0
05-28 21:30,0.0
05-28 21:45,0.0
05-28 22:00,0.0
05-28 22:15,0.0
05-28 22:30,0.0
05-28 22:45,0.0
05-28 23:00,0.0
05-28 23:15,0.0
05-28 23:30,0.0
05-28 23:45,0.0
05-29 00:00,0.0
05-29 00:15,5521.5025199
05-29 00:30,0.0
05-29 00:45,0.0
05-29 01:00,0.0
05-29 01:15,0.0
05-29 01:30,0.0
05-29 01:45,0.0
05-29 02:00,0.0
05-29 02:15,0.0
05-29 02:30,0.0
05-29 02:45,0.0
05-29 03:00,0.0
05-29 03:15,0.0
05-29 03:30,0.0
05-29 03:45,0.0
05-29 04:00,0.0
05-29 04:15,0.0
05-29 04:30,0.0
05-29 04:45,0.0
05-29 05:00,0.0
05-29 05:15,0.0
05-29 05:30,0.0
05-29 05:45,0.0
05-29 06:00,0.0
05-29 06:15,0.0
05-29 06:30,0.0
05-29 06:45,0.0
05-29 07:00,0.0
05-29 07:15,0.0
05-29 07:30,5345.7894386285725
05-29 07:45,0.0
05-29 08:00,0.0
05-29 08:15,0.0
05-29 08:30,0.0
05-29 08:45,0.0
05-29 09:00,0.0
05-29 09:15,0.0
05-29 09:30,3804.835596057143
05-29 09:45,0.0
05-29 10:00,0.0
05-29 10:15,0.0
05-29 10:30,0.0
05-29 10:45,0.0
05-29 11:00,0.0
05-29 11:15,0.0
05-29 11:30,3929.2570601
05-29 11:45,0.0
05-29 12:00,0.0
05-29 12:15,3051.765810642858
05-29 12:30,0.0
05-29 12:45,0.0
05-29 13:00,0.0
05-29 13:15,0.0
05-29 13:30,0.0
05-29 13:45,0.0
05-29 14:00,0.0
05-29 14:15,0.0
05-29 14:30,0.0
05-29 14:45,0.0
05-29 15:00,0.0
05-29 15:15,0.0
05-29 15:30,0.0
05-29 15:45,0.0
05-29 16:00,0.0
05-29 16:15,0.0
05-29 16:30,0.0
05-29 16:45,0.0
05-29 17:00,0.0
05-29 17:15,0.0
05-29 17:30,0.0
05-29 17:45,0.0
05-29 18:00,0.0
05-29 18:15,0.0
05-29 18:30,0.0
05-29 18:45,0.0
05-29 19:00,0.0
05-29 19:15,0.0
05-29 19:30,0.0
05-29 19:45,0.0
05-29 20:00,0.0
05-29 20:15,0.0
05-29 20:30,0.0
05-29 20:45,0.0
05-29 21:00,0.0
05-29 21:15,0.0
05-29 21:30,0.0
05-29 21:45,0.0
05-29 22:00,0.0
05-29 22:15,0.0
05-29 22:30,0.0
05-29 22:45,0.0
05-29 23:00,0.0
05-29 23:15,0.0
05-29 23:30,0.0
05-29 23:45,0.0
05-30 00:00,0.0
05-30 00:15,0.0
05-30 00:30,0.0
05-30 00:45,0.0
05-30 01:00,0.0
05-30 01:15,0.0
05-30 01:30,0.0
05-30 01:45,0.0
05-30 02:00,0.0
05-30 02:15,0.0
05-30 02:30,0.0
05-30 02:45,0.0
05-30 03:00,1484.2857142857142
05-30 03:15,1484.2857142857142
05-30 03:30,1484.2857142857142
05-30 03:45,1484.2857142857142
05-30 04:00,1484.2857142857142
05-30 04:15,204.3796169885288
05-30 04:30,1484.2857142857142
05-30 04:45,1484.2857142857142
05-30 05:00,1484.2857142857142
05-30 05:15,1484.2857142857142
05-30 05:30,1484.2857142857142
05-30 05:45,1614.0656427384286
05-30 06:00,0.0
05-30 06:15,0.0
05-30 06:30,0.0
05-30 06:45,0.0
05-30 07:00,0.0
05-30 07:15,0.0
05-30 07:30,0.0
05-30 07:45,0.0
05-30 08:00,2204.669911731429
05-30 08:15,1484.2857142857142
05-30 08:30,1484.2857142857142
05-30 08:45,7920.160686
05-30 09:00,1992.1987120442857
05-30 09:15,2318.683258478572
05-30 09:30,6373.446525757143
05-30 09:45,1484.2857142857142
05-30 10:00,2149.970002055714
05-30 10:15,1484.2857142857142
05-30 10:30,1484.2857142857142
05-30 10:45,1484.2857142857142
05-30 11:00,1484.2857142857142
05-30 11:15,1484.2857142857142
05-30 11:30,1813.9838376042856
05-30 11:45,1484.2857142857142
05-30 12:00,1484.2857142857142
05-30 12:15,1484.2857142857142
05-30 12:30,1484.2857142857142
05-30 12:45,1935.8967369557145
05-30 13:00,1484.2857142857142
05-30 13:15,2014.974445888572
05-30 13:30,1484.2857142857142
05-30 13:45,1484.2857142857142
05-30 14:00,5562.3963782
05-30 14:15,1484.2857142857142
05-30 14:30,1484.2857142857142
05-30 14:45,1484.2857142857142
05-30 15:00,0.0
05-30 15:15,0.0
05-30 15:30,601.037368207143
05-30 15:45,0.0
05-30 16:00,0.0
05-30 16:15,0.0
05-30 16:30,0.0
05-30 16:45,0.0
05-30 17:00,0.0
05-30 17:15,3137.278218385714
05-30 17:30,0.0
05-30 17:45,0.0
05-30 18:00,0.0
05-30 18:15,0.0
05-30 18:30,1846.2308273000003
05-30 18:45,0.0
05-30 19:00,0.0
05-30 19:15,0.0
05-30 19:30,0.0
05-30 19:45,0.0
05-30 20:00,0.0
05-30 20:15,0.0
05-30 20:30,0.0
05-30 20:45,0.0
05-30 21:00,0.0
05-30 21:15,0.0
05-30 21:30,0.0
05-30 21:45,0.0
05-30 22:00,0.0
05-30 22:15,0.0
05-30 22:30,0.0
05-30 22:45,0.0
05-30 23:00,0.0
05-30 23:15,0.0
05-30 23:30,0.0
05-30 23:45,0.0
05-31 00:00,0.0
05-31 00:15,0.0
05-31 00:30,0.0
05-31 00:45,0.0
05-31 01:00,0.0
05-31 01:15,0.0
05-31 01:30,0.0
05-31 01:45,0.0
05-31 02:00,0.0
05-31 02:15,0.0
05-31 02:30,0.0
05-31 02:45,0.0
05-31 03:00,0.0
05-31 03:15,0.0
05-31 03:30,0.0
05-31 03:45,0.0
05-31 04:00,0.0
05-31 04:15,0.0
05-31 04:30,0.0
05-31 04:45,0.0
05-31 05:00,0.0
05-31 05:15,0.0
05-31 05:30,0.0
05-31 05:45,0.0
05-31 06:00,0.0
05-31 06:15,0.0
05-31 06:30,0.0
05-31 06:45,0.0
05-31 07:00,0.0
05-31 07:15,0.0
05-31 07:30,0.0
05-31 07:45,0.0
05-31 08:00,0.0
05-31 08:15,0.0
05-31 08:30,0.0
05-31 08:45,0.0
05-31 09:00,0.0
05-31 09:15,0.0
05-31 09:30,0.0
05-31 09:45,0.0
05-31 10:00,0.0
05-31 10:15,1944.7397976571428
05-31 10:30,0.0
05-31 10:45,0.0
05-31 11:00,0.0
05-31 11:15,0.0
05-31 11:30,0.0
05-31 11:45,0.0
05-31 12:00,0.0
05-31 12:15,0.0
05-31 12:30,0.0
05-31 12:45,0.0
05-31 13:00,0.0
05-31 13:15,0.0
05-31 13:30,0.0
05-31 13:45,0.0
05-31 14:00,0.0
05-31 14:15,0.0
05-31 14:30,0.0
05-31 14:45,0.0
05-31 15:00,0.0
05-31 15:15,0.0
05-31 15:30,0.0
05-31 15:45,0.0
05-31 16:00,0.0
05-31 16:15,0.0
05-31 16:30,0.0
05-31 16:45,0.0
05-31 17:00,0.0
05-31 17:15,0.0
05-31 17:30,0.0
05-31 17:45,0.0
05-31 18:00,0.0
05-31 18:15,0.0
05-31 18:30,0.0
05-31 18:45,0.0
05-31 19:00,0.0
05-31 19:15,0.0
05-31 19:30,0.0
05-31 19:45,0.0
05-31 20:00,4880.810572428572
05-31 20:15,0.0
05-31 20:30,0.0
05-31 20:45,0.0
05-31 21:00,0.0
05-31 21:15,0.0
05-31 21:30,0.0
05-31 21:45,0.0
05-31 22:00,0.0
05-31 22:15,0.0
05-31 22:30,0.0
05-31 22:45,0.0
05-31 23:00,0.0
05-31 23:15,0.0
05-31 23:30,0.0
05-31 23:45,0.0
06-01 00:00,0.0
06-01 00:15,0.0
06-01 00:30,0.0
06-01 00:45,0.0
06-01 01:00,0.0
06-01 01:15,0.0
06-01 01:30,0.0
06-01 01:45,0.0
06-01 02:00,0.0
06-01 02:15,0.0
06-01 02:30,0.0
06-01 02:45,0.0
06-01 03:00,0.0
06-01 03:15,0.0
06-01 03:30,0.0
06-01 03:45,0.0
06-01 04:00,0.0
06-01 04:15,0.0
06-01 04:30,0.0
06-01 04:45,0.0
06-01 05:00,0.0
06-01 05:15,0.0
06-01 05:30,0.0
06-01 05:45,0.0
06-01 06:00,0.0
06-01 06:15,0.0
06-01 06:30,0.0
06-01 06:45,0.0
06-01 07:00,0.0
06-01 07:15,0.0
06-01 07:30,0.0
06-01 07:45,0.0
06-01 08:00,0.0
06-01 08:15,0.0
06-01 08:30,2765.922294842857
06-01 08:45,0.0
06-01 09:00,0.0
06-01 09:15,0.0
06-01 09:30,0.0
06-01 09:45,0.0
06-01 10:00,0.0
06-01 10:15,0.0
06-01 10:30,0.0
06-01 10:45,4018.167214071428
06-01 11:00,0.0
06-01 11:15,0.0
06-01 11:30,0.0
06-01 11:45,0.0
06-01 12:00,0.0
06-01 12:15,0.0
06-01 12:30,0.0
06-01 12:45,0.0
06-01 13:00,2953.1669118000004
06-01 13:15,0.0
06-01 13:30,0.0
06-01 13:45,0.0
06-01 14:00,0.0
06-01 14:15,0.0
06-01 14:30,0.0
06-01 14:45,0.0
06-01 15:00,0.0
06-01 15:15,0.0
06-01 15:30,0.0
06-01 15:45,0.0
06-01 16:00,0.0
06-01 16:15,0.0
06-01 16:30,0.0
06-01 16:45,0.0
06-01 17:00,0.0
06-01 17:15,0.0
06-01 17:30,0.0
06-01 17:45,0.0
06-01 18:00,0.0
06-01 18:15,0.0
06-01 18:30,0.0
06-01 18:45,0.0
06-01 19:00,0.0
06-01 19:15,0.0
06-01 19:30,0.0
06-01 19:45,0.0
06-01 20:00,0.0
06-01 20:15,0.0
06-01 20:30,0.0
06-01 20:45,0.0
06-01 21:00,0.0
06-01 21:15,0.0
06-01 21:30,0.0
06-01 21:45,0.0
06-01 22:00,0.0
06-01 22:15,0.0
06-01 22:30,0.0
06-01 22:45,0.0
06-01 23:00,0.0
06-01 23:15,0.0
06-01 23:30,0.0
06-01 23:45,0.0
06-02 00:00,0.0
06-02 00:15,0.0
06-02 00:30,0.0
06-02 00:45,0.0
06-02 01:00,0.0
06-02 01:15,0.0
06-02 01:30,0.0
06-02 01:45,0.0
06-02 02:00,0.0
06-02 02:15,0.0
06-02 02:30,3349.598541585716
06-02 02:45,0.0
06-02 03:00,0.0
06-02 03:15,0.0
06-02 03:30,0.0
06-02 03:45,0.0
06-02 04:00,0.0
06-02 04:15,0.0
06-02 04:30,0.0
06-02 04:45,0.0
06-02 05:00,0.0
06-02 05:15,0.0
06-02 05:30,0.0
06-02 05:45,0.0
06-02 06:00,0.0
06-02 06:15,0.0
06-02 06:30,0.0
06-02 06:45,0.0
06-02 07:00,0.0
06-02 07:15,0.0
06-02 07:30,2437.7249750428573
06-02 07:45,0.0
06-02 08:00,0.0
06-02 08:15,0.0
06-02 08:30,0.0
06-02 08:45,0.0
06-02 09:00,0.0
06-02 09:15,0.0
06-02 09:30,0.0
06-02 09:45,0.0
06-02 10:00,0.0
06-02 10:15,0.0
06-02 10:30,0.0
06-02 10:45,0.0
06-02 11:00,2072.420395255714
06-02 11:15,1484.2857142857142
06-02 11:30,1753.3464226156937
06-02 11:45,1484.2857142857142
06-02 12:00,1484.2857142857142
06-02 12:15,1484.2857142857142
06-02 12:30,2684.208446367143
06-02 12:45,1484.2857142857142
06-02 13:00,2119.9012047428573
06-02 13:15,1484.2857142857142
06-02 13:30,3204.8131884428576
06-02 13:45,2003.0115614742856
06-02 14:00,1484.2857142857142
06-02 14:15,1484.2857142857142
06-02 14:30,1484.2857142857142
06-02 14:45,1484.2857142857142
06-02 15:00,1816.1546679685712
06-02 15:15,1484.2857142857142
06-02 15:30,1484.2857142857142
06-02 15:45,1484.2857142857142
06-02 16:00,0.0
06-02 16:15,2373.609815557143
06-02 16:30,0.0
06-02 16:45,0.0
06-02 17:00,0.0
06-02 17:15,0.0
06-02 17:30,0.0
06-02 17:45,0.0
06-02 18:00,0.0
06-02 18:15,0.0
06-02 18:30,0.0
06-02 18:45,3465.7887162142856
06-02 19:00,0.0
06-02 19:15,0.0
06-02 19:30,0.0
06-02 19:45,0.0
06-02 20:00,0.0
06-02 20:15,0.0
06-02 20:30,0.0
06-02 20:45,0.0
06-02 21:00,0.0
06-02 21:15,0.0
06-02 21:30,0.0
06-02 21:45,0.0
06-02 22:00,0.0
06-02 22:15,0.0
06-02 22:30,0.0
06-02 22:45,0.0
06-02 23:00,0.0
06-02 23:15,0.0
06-02 23:30,0.0
06-02 23:45,0.0
06-03 00:00,0.0
06-03 00:15,0.0
06-03 00:30,0.0
06-03 00:45,0.0
06-03 01:00,0.0
06-03 01:15,0.0
06-03 01:30,0.0
06-03 01:45,0.0
06-03 02:00,0.0
06-03 02:15,0.0
06-03 02:30,1035.6223395942875
06-03 02:45,0.0
06-03 03:00,1484.2857142857142
06-03 03:15,1484.2857142857142
06-03 03:30,1484.2857142857142
06-03 03:45,1484.2857142857142
06-03 04:00,0.0
06-03 04:15,0.0
06-03 04:30,0.0
06-03 04:45,0.0
06-03 05:00,0.0
06-03 05:15,0.0
06-03 05:30,0.0
06-03 05:45,0.0
06-03 06:00,0.0
06-03 06:15,0.0
06-03 06:30,0.0
06-03 06:45,0.0
06-03 07:00,0.0
06-03 07:15,0.0
06-03 07:30,0.0
06-03 07:45,0.0
06-03 08:00,0.0
06-03 08:15,0.0
06-03 08:30,0.0
06-03 08:45,0.0
06-03 09:00,0.0
06-03 09:15,0.0
06-03 09:30,0.0
06-03 09:45,0.0
06-03 10:00,3989.1228029
06-03 10:15,0.0
06-03 10:30,0.0
06-03 10:45,0.0
06-03 11:00,0.0
06-03 11:15,682.1253012142857
06-03 11:30,0.0
06-03 11:45,0.0
06-03 12:00,0.0
06-03 12:15,0.0
06-03 12:30,0.0
06-03 12:45,0.0
06-03 13:00,0.0
06-03 13:15,0.0
06-03 13:30,0.0
06-03 13:45,0.0
06-03 14:00,0.0
06-03 14:15,3866.998145557143
06-03 14:30,0.0
06-03 14:45,0.0
06-03 15:00,0.0
06-03 15:15,0.0
06-03 15:30,0.0
06-03 15:45,0.0
06-03 16:00,0.0
06-03 16:15,0.0
06-03 16:30,0.0
06-03 16:45,0.0
06-03 17:00,0.0
06-03 17:15,0.0
06-03 17:30,3254.6586216428573
06-03 17:45,0.0
06-03 18:00,0.0
06-03 18:15,3070.910397057143
06-03 18:30,0.0
06-03 18:45,0.0
06-03 19:00,0.0
06-03 19:15,0.0
06-03 19:30,0.0
06-03 19:45,0.0
06-03 20:00,2690.1983086857144
06-03 20:15,0.0
06-03 20:30,0.0
06-03 20:45,0.0
06-03 21:00,0.0
06-03 21:15,0.0
06-03 21:30,0.0
06-03 21:45,0.0
06-03 22:00,0.0
06-03 22:15,0.0
06-03 22:30,0.0
06-03 22:45,0.0
06-03 23:00,0.0
06-03 23:15,0.0
06-03 23:30,0.0
06-03 23:45,0.0
06-04 00:00,0.0
06-04 00:15,0.0
06-04 00:30,0.0
06-04 00:45,0.0
06-04 01:00,0.0
06-04 01:15,0.0
06-04 01:30,0.0
06-04 01:45,0.0
06-04 02:00,0.0
06-04 02:15,0.0
06-04 02:30,0.0
06-04 02:45,0.0
06-04 03:00,0.0
06-04 03:15,0.0
06-04 03:30,0.0
06-04 03:45,0.0
06-04 04:00,0.0
06-04 04:15,0.0
06-04 04:30,0.0
06-04 04:45,0.0
06-04 05:00,0.0
06-04 05:15,0.0
06-04 05:30,0.0
06-04 05:45,0.0
06-04 06:00,0.0
06-04 06:15,0.0
06-04 06:30,0.0
06-04 06:45,0.0
06-04 07:00,0.0
06-04 07:15,0.0
06-04 07:30,0.0
06-04 07:45,917.4509707428572
06-04 08:00,0.0
06-04 08:15,0.0
06-04 08:30,0.0
06-04 08:45,0.0
06-04 09:00,0.0
06-04 09:15,0.0
06-04 09:30,0.0
06-04 09:45,0.0
06-04 10:00,3669.03273
06-04 10:15,0.0
06-04 10:30,0.0
06-04 10:45,0.0
06-04 11:00,0.0
06-04 11:15,0.0
06-04 11:30,0.0
06-04 11:45,0.0
06-04 12:00,0.0
06-04 12:15,0.0
06-04 12:30,0.0
06-04 12:45,0.0
06-04 13:00,0.0
06-04 13:15,0.0
06-04 13:30,0.0
06-04 13:45,0.0
06-04 14:00,0.0
06-04 14:15,0.0
06-04 14:30,0.0
06-04 14:45,0.0
06-04 15:00,0.0
06-04 15:15,0.0
06-04 15:30,0.0
06-04 15:45,0.0
06-04 16:00,0.0
06-04 16:15,0.0
06-04 16:30,0.0
06-04 16:45,0.0
06-04 17:00,3870.940840571429
06-04 17:15,0.0
06-04 17:30,0.0
06-04 17:45,0.0
06-04 18:00,0.0
06-04 18:15,0.0
06-04 18:30,0.0
06-04 18:45,0.0
06-04 19:00,0.0
06-04 19:15,0.0
06-04 19:30,0.0
06-04 19:45,0.0
06-04 20:00,0.0
06-04 20:15,0.0
06-04 20:30,0.0
06-04 20:45,0.0
06-04 21:00,0.0
06-04 21:15,0.0
06-04 21:30,0.0
06-04 21:45,0.0
06-04 22:00,0.0
06-04 22:15,0.0
06-04 22:30,0.0
06-04 22:45,0.0
06-04 23:00,0.0
06-04 23:15,0.0
06-04 23:30,0.0
06-04 23:45,0.0
06-05 00:00,0.0
06-05 00:15,0.0
06-05 00:30,0.0
06-05 00:45,0.0
06-05 01:00,0.0
06-05 01:15,0.0
06-05 01:30,0.0
06-05 01:45,0.0
06-05 02:00,1484.2857142857142
06-05 02:15,1484.2857142857142
06-05 02:30,110.98005458286256
06-05 02:45,1484.2857142857142
06-05 03:00,0.0
06-05 03:15,0.0
06-05 03:30,0.0
06-05 03:45,0.0
06-05 04:00,0.0
06-05 04:15,0.0
06-05 04:30,0.0
06-05 04:45,0.0
06-05 05:00,0.0
06-05 05:15,0.0
06-05 05:30,0.0
06-05 05:45,0.0
06-05 06:00,0.0
06-05 06:15,0.0
06-05 06:30,0.0
06-05 06:45,0.0
06-05 07:00,0.0
06-05 07:15,0.0
06-05 07:30,0.0
06-05 07:45,0.0
06-05 08:00,0.0
06-05 08:15,0.0
06-05 08:30,0.0
06-05 08:45,0.0
06-05 09:00,0.0
06-05 09:15,0.0
06-05 09:30,0.0
06-05 09:45,0.0
06-05 10:00,0.0
06-05 10:15,0.0
06-05 10:30,3096.596935700001
06-05 10:45,0.0
06-05 11:00,0.0
06-05 11:15,0.0
06-05 11:30,3205.637872414285
06-05 11:45,0.0
06-05 12:00,0.0
06-05 12:15,0.0
06-05 12:30,0.0
06-05 12:45,1759.3381679428576
06-05 13:00,0.0
06-05 13:15,0.0
06-05 13:30,0.0
06-05 13:45,0.0
06-05 14:00,0.0
06-05 14:15,0.0
06-05 14:30,0.0
06-05 14:45,0.0
06-05 15:00,0.0
06-05 15:15,4530.8790492
06-05 15:30,0.0
06-05 15:45,0.0
06-05 16:00,0.0
06-05 16:15,0.0
06-05 16:30,0.0
06-05 16:45,0.0
06-05 17:00,0.0
06-05 17:15,0.0
06-05 17:30,0.0
06-05 17:45,0.0
06-05 18:00,0.0
06-05 18:15,0.0
06-05 18:30,0.0
06-05 18:45,0.0
06-05 19:00,0.0
06-05 19:15,0.0
06-05 19:30,0.0
06-05 19:45,0.0
06-05 20:00,0.0
06-05 20:15,0.0
06-05 20:30,2577.349394642857
06-05 20:45,0.0
06-05 21:00,0.0
06-05 21:15,0.0
06-05 21:30,0.0
06-05 21:45,0.0
06-05 22:00,0.0
06-05 22:15,0.0
06-05 22:30,0.0
06-05 22:45,0.0
06-05 23:00,0.0
06-05 23:15,0.0
06-05 23:30,0.0
06-05 23:45,0.0
06-06 00:00,0.0
06-06 00:15,0.0
06-06 00:30,0.0
06-06 00:45,0.0
06-06 01:00,0.0
06-06 01:15,0.0
06-06 01:30,0.0
06-06 01:45,0.0
06-06 02:00,1484.2857142857142
06-06 02:15,1484.2857142857142
06-06 02:30,1484.2857142857142
06-06 02:45,1484.2857142857142
06-06 03:00,1484.2857142857142
06-06 03:15,1484.2857142857142
06-06 03:30,1484.2857142857142
06-06 03:45,1484.2857142857142
06-06 04:00,0.0
06-06 04:15,0.0
06-06 04:30,0.0
06-06 04:45,0.0
06-06 05:00,0.0
06-06 05:15,0.0
06-06 05:30,0.0
06-06 05:45,0.0
06-06 06:00,0.0
06-06 06:15,0.0
06-06 06:30,0.0
06-06 06:45,0.0
06-06 07:00,4132.914496642857
06-06 07:15,0.0
06-06 07:30,0.0
06-06 07:45,0.0
06-06 08:00,0.0
06-06 08:15,0.0
06-06 08:30,0.0
06-06 08:45,4258.965037242858
06-06 09:00,0.0
06-06 09:15,0.0
06-06 09:30,0.0
06-06 09:45,0.0
06-06 10:00,0.0
06-06 10:15,0.0
06-06 10:30,0.0
06-06 10:45,0.0
06-06 11:00,0.0
06-06 11:15,0.0
06-06 11:30,0.0
06-06 11:45,0.0
06-06 12:00,0.0
06-06 12:15,0.0
06-06 12:30,0.0
06-06 12:45,0.0
06-06 13:00,0.0
06-06 13:15,0.0
06-06 13:30,0.0
06-06 13:45,0.0
06-06 14:00,0.0
06-06 14:15,0.0
06-06 14:30,0.0
06-06 14:45,0.0
06-06 15:00,0.0
06-06 15:15,0.0
06-06 15:30,0.0
06-06 15:45,0.0
06-06 16:00,0.0
06-06 16:15,0.0
06-06 16:30,4450.970665557144
06-06 16:45,0.0
06-06 17:00,0.0
06-06 17:15,0.0
06-06 17:30,0.0
06-06 17:45,0.0
06-06 18:00,0.0
06-06 18:15,0.0
06-06 18:30,0.0
06-06 18:45,0.0
06-06 19:00,0.0
06-06 19:15,0.0
06-06 19:30,0.0
06-06 19:45,0.0
06-06 20:00,0.0
06-06 20:15,0.0
06-06 20:30,0.0
06-06 20:45,0.0
06-06 21:00,0.0
06-06 21:15,0.0
06-06 21:30,0.0
06-06 21:45,0.0
06-06 22:00,0.0
06-06 22:15,0.0
06-06 22:30,0.0
06-06 22:45,3319.9502990285714
06-06 23:00,0.0
06-06 23:15,0.0
06-06 23:30,0.0
06-06 23:45,0.0
06-07 00:00,0.0
06-07 00:15,0.0
06-07 00:30,0.0
06-07 00:45,0.0
06-07 01:00,0.0
06-07 01:15,0.0
06-07 01:30,0.0
06-07 01:45,0.0
06-07 02:00,0.0
06-07 02:15,0.0
06-07 02:30,0.0
06-07 02:45,0.0
06-07 03:00,0.0
06-07 03:15,0.0
06-07 03:30,0.0
06-07 03:45,0.0
06-07 04:00,0.0
06-07 04:15,0.0
06-07 04:30,0.0
06-07 04:45,0.0
06-07 05:00,0.0
06-07 05:15,0.0
06-07 05:30,0.0
06-07 05:45,0.0
06-07 06:00,0.0
06-07 06:15,3170.9227708571434
06-07 06:30,0.0
06-07 06:45,0.0
06-07 07:00,0.0
06-07 07:15,0.0
06-07 07:30,0.0
06-07 07:45,0.0
06-07 08:00,0.0
06-07 08:15,0.0
06-07 08:30,0.0
06-07 08:45,0.0
06-07 09:00,2733.7707210142858
06-07 09:15,0.0
06-07 09:30,0.0
06-07 09:45,0.0
06-07 10:00,0.0
06-07 10:15,0.0
06-07 10:30,0.0
06-07 10:45,0.0
06-07 11:00,0.0
06-07 11:15,0.0
06-07 11:30,0.0
06-07 11:45,0.0
06-07 12:00,0.0
06-07 12:15,0.0
06-07 12:30,0.0
06-07 12:45,0.0
06-07 13:00,0.0
06-07 13:15,0.0
06-07 13:30,0.0
06-07 13:45,0.0
06-07 14:00,4980.707536142858
06-07 14:15,0.0
06-07 14:30,0.0
06-07 14:45,0.0
06-07 15:00,0.0
06-07 15:15,0.0
06-07 15:30,3401.4354613142864
06-07 15:45,0.0
06-07 16:00,0.0
06-07 16:15,0.0
06-07 16:30,0.0
06-07 16:45,0.0
06-07 17:00,0.0
06-07 17:15,4130.1129871
06-07 17:30,0.0
06-07 17:45,3090.559768242857
06-07 18:00,0.0
06-07 18:15,0.0
06-07 18:30,0.0
06-07 18:45,0.0
06-07 19:00,0.0
06-07 19:15,0.0
06-07 19:30,0.0
06-07 19:45,0.0
06-07 20:00,0.0
06-07 20:15,0.0
06-07 20:30,3786.6829213714286
06-07 20:45,0.0
06-07 21:00,0.0
06-07 21:15,0.0
06-07 21:30,0.0
06-07 21:45,0.0
06-07 22:00,0.0
06-07 22:15,0.0
06-07 22:30,0.0
06-07 22:45,0.0
06-07 23:00,0.0
06-07 23:15,0.0
06-07 23:30,0.0
06-07 23:45,0.0
06-08 00:00,0.0
06-08 00:15,0.0
06-08 00:30,0.0
06-08 00:45,0.0
06-08 01:00,0.0
06-08 01:15,0.0
06-08 01:30,0.0
06-08 01:45,0.0
06-08 02:00,0.0
06-08 02:15,0.0
06-08 02:30,0.0
06-08 02:45,0.0
06-08 03:00,0.0
06-08 03:15,0.0
06-08 03:30,0.0
06-08 03:45,0.0
06-08 04:00,0.0
06-08 04:15,0.0
06-08 04:30,0.0
06-08 04:45,0.0
06-08 05:00,506.7309797942857
06-08 05:15,0.0
06-08 05:30,262.4761182928572
06-08 05:45,0.0
06-08 06:00,1071.2785269614287
06-08 06:15,0.0
06-08 06:30,0.0
06-08 06:45,0.0
06-08 07:00,0.0
06-08 07:15,739.9999999999573
06-08 07:30,1484.2857142857142
06-08 07:45,2245.35130137
06-08 08:00,5140.880385985714
06-08 08:15,1484.2857142857142
06-08 08:30,1484.2857142857142
06-08 08:45,1484.2857142857142
06-08 09:00,2801.8356094628566
06-08 09:15,1951.725576088572
06-08 09:30,1484.2857142857142
06-08 09:45,1484.2857142857142
06-08 10:00,1484.2857142857142
06-08 10:15,1484.2857142857142
06-08 10:30,1484.2857142857142
06-08 10:45,1484.2857142857142
06-08 11:00,5060.6824455000005
06-08 11:15,2250.2229238928567
06-08 11:30,1484.2857142857142
06-08 11:45,1774.792743752857
06-08 12:00,1484.2857142857142
06-08 12:15,1484.2857142857142
06-08 12:30,2141.412781348572
06-08 12:45,1484.2857142857142
06-08 13:00,1903.8686955614285
06-08 13:15,1484.2857142857142
06-08 13:30,2000.97096841
06-08 13:45,1484.2857142857142
06-08 14:00,3046.463375471428
06-08 14:15,1827.74519448
06-08 14:30,1484.2857142857142
06-08 14:45,2026.265389427143
06-08 15:00,1484.2857142857142
06-08 15:15,2160.8374198942856
06-08 15:30,1484.2857142857142
06-08 15:45,2188.8708034771425
06-08 16:00,1484.2857142857142
06-08 16:15,2244.906545512857
06-08 16:30,1484.2857142857142
06-08 16:45,1484.2857142857142
06-08 17:00,0.0
06-08 17:15,0.0
06-08 17:30,2389.833794857143
06-08 17:45,5111.4996454
06-08 18:00,0.0
06-08 18:15,0.0
06-08 18:30,0.0
06-08 18:45,0.0
06-08 19:00,0.0
06-08 19:15,0.0
06-08 19:30,0.0
06-08 19:45,0.0
06-08 20:00,0.0
06-08 20:15,0.0
06-08 20:30,0.0
06-08 20:45,0.0
06-08 21:00,0.0
06-08 21:15,0.0
06-08 21:30,0.0
06-08 21:45,0.0
06-08 22:00,0.0
06-08 22:15,0.0
06-08 22:30,0.0
06-08 22:45,0.0
06-08 23:00,0.0
06-08 23:15,0.0
06-08 23:30,0.0
06-08 23:45,0.0
06-09 00:00,0.0
06-09 00:15,0.0
06-09 00:30,0.0
06-09 00:45,0.0
06-09 01:00,0.0
06-09 01:15,0.0
06-09 01:30,0.0
06-09 01:45,0.0
06-09 02:00,0.0
06-09 02:15,0.0
06-09 02:30,120.29556942570098
06-09 02:45,0.0
06-09 03:00,0.0
06-09 03:15,0.0
06-09 03:30,0.0
06-09 03:45,0.0
06-09 04:00,0.0
06-09 04:15,0.0
06-09 04:30,0.0
06-09 04:45,0.0
06-09 05:00,0.0
06-09 05:15,0.0
06-09 05:30,0.0
06-09 05:45,0.0
06-09 06:00,0.0
06-09 06:15,0.0
06-09 06:30,0.0
06-09 06:45,0.0
06-09 07:00,0.0
06-09 07:15,0.0
06-09 07:30,0.0
06-09 07:45,0.0
06-09 08:00,0.0
06-09 08:15,0.0
06-09 08:30,0.0
06-09 08:45,0.0
06-09 09:00,1484.2857142857142
06-09 09:15,1484.2857142857142
06-09 09:30,1484.2857142857142
06-09 09:45,1919.788554208572
06-09 10:00,0.0
06-09 10:15,0.0
06-09 10:30,0.0
06-09 10:45,0.0
06-09 11:00,0.0
06-09 11:15,0.0
06-09 11:30,0.0
06-09 11:45,0.0
06-09 12:00,1953.1199335514289
06-09 12:15,105.80802706713705
06-09 12:30,614.2043442442857
06-09 12:45,0.0
06-09 13:00,0.0
06-09 13:15,0.0
06-09 13:30,0.0
06-09 13:45,5329.549566271429
06-09 14:00,0.0
06-09 14:15,0.0
06-09 14:30,699.2925331014277
06-09 14:45,0.0
06-09 15:00,0.0
06-09 15:15,0.0
06-09 15:30,0.0
06-09 15:45,432.239072969998
06-09 16:00,0.0
06-09 16:15,0.0
06-09 16:30,0.0
06-09 16:45,0.0
06-09 17:00,0.0
06-09 17:15,0.0
06-09 17:30,0.0
06-09 17:45,0.0
06-09 18:00,0.0
06-09 18:15,0.0
06-09 18:30,0.0
06-09 18:45,0.0
06-09 19:00,0.0
06-09 19:15,0.0
06-09 19:30,0.0
06-09 19:45,0.0
06-09 20:00,0.0
06-09 20:15,0.0
06-09 20:30,0.0
06-09 20:45,943.1474285142856
06-09 21:00,3368.935906042858
06-09 21:15,0.0
06-09 21:30,0.0
06-09 21:45,0.0
06-09 22:00,0.0
06-09 22:15,0.0
06-09 22:30,0.0
06-09 22:45,0.0
06-09 23:00,0.0
06-09 23:15,0.0
06-09 23:30,0.0
06-09 23:45,0.0
06-10 00:00,0.0
06-10 00:15,0.0
06-10 00:30,0.0
06-10 00:45,0.0
06-10 01:00,0.0
06-10 01:15,0.0
06-10 01:30,0.0
06-10 01:45,0.0
06-10 02:00,0.0
06-10 02:15,0.0
06-10 02:30,0.0
06-10 02:45,0.0
06-10 03:00,0.0
06-10 03:15,0.0
06-10 03:30,0.0
06-10 03:45,0.0
06-10 04:00,1484.2857142857142
06-10 04:15,1484.2857142857142
06-10 04:30,1484.2857142857142
06-10 04:45,1484.2857142857142
06-10 05:00,99.33310731570698
06-10 05:15,0.0
06-10 05:30,0.0
06-10 05:45,0.0
06-10 06:00,1728.718062328572
06-10 06:15,0.0
06-10 06:30,0.0
06-10 06:45,0.0
06-10 07:00,0.0
06-10 07:15,3657.854395571429
06-10 07:30,0.0
06-10 07:45,0.0
06-10 08:00,0.0
06-10 08:15,0.0
06-10 08:30,0.0
06-10 08:45,0.0
06-10 09:00,0.0
06-10 09:15,0.0
06-10 09:30,0.0
06-10 09:45,0.0
06-10 10:00,0.0
06-10 10:15,0.0
06-10 10:30,0.0
06-10 10:45,0.0
06-10 11:00,0.0
06-10 11:15,0.0
06-10 11:30,0.0
06-10 11:45,0.0
06-10 12:00,1897.3689354857145
06-10 12:15,0.0
06-10 12:30,1044.105468901415
06-10 12:45,1484.2857142857142
06-10 13:00,0.0
06-10 13:15,0.0
06-10 13:30,0.0
06-10 13:45,0.0
06-10 14:00,0.0
06-10 14:15,0.0
06-10 14:30,0.0
06-10 14:45,0.0
06-10 15:00,0.0
06-10 15:15,0.0
06-10 15:30,0.0
06-10 15:45,0.0
06-10 16:00,0.0
06-10 16:15,0.0
06-10 16:30,0.0
06-10 16:45,0.0
06-10 17:00,0.0
06-10 17:15,0.0
06-10 17:30,0.0
06-10 17:45,0.0
06-10 18:00,0.0
06-10 18:15,0.0
06-10 18:30,0.0
06-10 18:45,0.0
06-10 19:00,0.0
06-10 19:15,0.0
06-10 19:30,0.0
06-10 19:45,0.0
06-10 20:00,0.0
06-10 20:15,0.0
06-10 20:30,0.0
06-10 20:45,0.0
06-10 21:00,0.0
06-10 21:15,0.0
06-10 21:30,0.0
06-10 21:45,0.0
06-10 22:00,0.0
06-10 22:15,3582.028314057143
06-10 22:30,0.0
06-10 22:45,0.0
06-10 23:00,0.0
06-10 23:15,0.0
06-10 23:30,0.0
06-10 23:45,0.0
06-11 00:00,0.0
06-11 00:15,0.0
06-11 00:30,0.0
06-11 00:45,0.0
06-11 01:00,0.0
06-11 01:15,0.0
06-11 01:30,0.0
06-11 01:45,0.0
06-11 02:00,1484.2857142857142
06-11 02:15,1484.2857142857142
06-11 02:30,6206.591024914285
06-11 02:45,1484.2857142857142
06-11 03:00,1484.2857142857142
06-11 03:15,1484.2857142857142
06-11 03:30,1484.2857142857142
06-11 03:45,1484.2857142857142
06-11 04:00,0.0
06-11 04:15,0.0
06-11 04:30,0.0
06-11 04:45,0.0
06-11 05:00,0.0
06-11 05:15,0.0
06-11 05:30,0.0
06-11 05:45,0.0
06-11 06:00,0.0
06-11 06:15,0.0
06-11 06:30,0.0
06-11 06:45,0.0
06-11 07:00,0.0
06-11 07:15,0.0
06-11 07:30,0.0
06-11 07:45,0.0
06-11 08:00,0.0
06-11 08:15,0.0
06-11 08:30,0.0
06-11 08:45,0.0
06-11 09:00,0.0
06-11 09:15,0.0
06-11 09:30,0.0
06-11 09:45,0.0
06-11 10:00,0.0
06-11 10:15,0.0
06-11 10:30,6904.491856057143
06-11 10:45,0.0
06-11 11:00,0.0
06-11 11:15,0.0
06-11 11:30,0.0
06-11 11:45,0.0
06-11 12:00,0.0
06-11 12:15,0.0
06-11 12:30,2272.560219614286
06-11 12:45,0.0
06-11 13:00,0.0
06-11 13:15,0.0
06-11 13:30,0.0
06-11 13:45,0.0
06-11 14:00,0.0
06-11 14:15,0.0
06-11 14:30,0.0
06-11 14:45,0.0
06-11 15:00,0.0
06-11 15:15,0.0
06-11 15:30,0.0
06-11 15:45,0.0
06-11 16:00,0.0
06-11 16:15,0.0
06-11 16:30,2965.942716442858
06-11 16:45,0.0
06-11 17:00,0.0
06-11 17:15,0.0
06-11 17:30,0.0
06-11 17:45,0.0
06-11 18:00,0.0
06-11 18:15,0.0
06-11 18:30,0.0
06-11 18:45,0.0
06-11 19:00,0.0
06-11 19:15,0.0
06-11 19:30,0.0
06-11 19:45,0.0
06-11 20:00,0.0
06-11 20:15,0.0
06-11 20:30,0.0
06-11 20:45,0.0
06-11 21:00,0.0
06-11 21:15,0.0
06-11 21:30,0.0
06-11 21:45,0.0
06-11 22:00,0.0
06-11 22:15,0.0
06-11 22:30,0.0
06-11 22:45,0.0
06-11 23:00,0.0
06-11 23:15,0.0
06-11 23:30,0.0
06-11 23:45,0.0
06-12 00:00,0.0
06-12 00:15,0.0
06-12 00:30,0.0
06-12 00:45,0.0
06-12 01:00,0.0
06-12 01:15,0.0
06-12 01:30,0.0
06-12 01:45,0.0
06-12 02:00,0.0
06-12 02:15,0.0
06-12 02:30,0.0
06-12 02:45,0.0
06-12 03:00,0.0
06-12 03:15,0.0
06-12 03:30,0.0
06-12 03:45,0.0
06-12 04:00,0.0
06-12 04:15,0.0
06-12 04:30,0.0
06-12 04:45,0.0
06-12 05:00,0.0
06-12 05:15,0.0
06-12 05:30,0.0
06-12 05:45,0.0
06-12 06:00,0.0
06-12 06:15,0.0
06-12 06:30,0.0
06-12 06:45,0.0
06-12 07:00,0.0
06-12 07:15,0.0
06-12 07:30,3208.016314757144
06-12 07:45,0.0
06-12 08:00,0.0
06-12 08:15,0.0
06-12 08:30,0.0
06-12 08:45,0.0
06-12 09:00,0.0
06-12 09:15,0.0
06-12 09:30,0.0
06-12 09:45,0.0
06-12 10:00,0.0
06-12 10:15,0.0
06-12 10:30,0.0
06-12 10:45,0.0
06-12 11:00,0.0
06-12 11:15,0.0
06-12 11:30,0.0
06-12 11:45,0.0
06-12 12:00,0.0
06-12 12:15,1154.5192615857145
06-12 12:30,0.0
06-12 12:45,0.0
06-12 13:00,0.0
06-12 13:15,3468.5806987000005
06-12 13:30,2294.812013028572
06-12 13:45,0.0
06-12 14:00,0.0
06-12 14:15,0.0
06-12 14:30,0.0
06-12 14:45,0.0
06-12 15:00,2595.780025285715
06-12 15:15,6478.962138771429
06-12 15:30,3396.961920728572
06-12 15:45,0.0
06-12 16:00,0.0
06-12 16:15,0.0
06-12 16:30,0.0
06-12 16:45,4167.1651115714285
06-12 17:00,0.0
06-12 17:15,0.0
06-12 17:30,0.0
06-12 17:45,0.0
06-12 18:00,0.0
06-12 18:15,0.0
06-12 18:30,0.0
06-12 18:45,0.0
06-12 19:00,0.0
06-12 19:15,0.0
06-12 19:30,0.0
06-12 19:45,0.0
06-12 20:00,0.0
06-12 20:15,0.0
06-12 20:30,0.0
06-12 20:45,0.0
06-12 21:00,0.0
06-12 21:15,0.0
06-12 21:30,0.0
06-12 21:45,0.0
06-12 22:00,0.0
06-12 22:15,0.0
06-12 22:30,0.0
06-12 22:45,0.0
06-12 23:00,0.0
06-12 23:15,0.0
06-12 23:30,0.0
06-12 23:45,0.0
06-13 00:00,0.0
06-13 00:15,0.0
06-13 00:30,0.0
06-13 00:45,0.0
06-13 01:00,1484.2857142857142
06-13 01:15,1014.3457760361838
06-13 01:30,0.0
06-13 01:45,0.0
06-13 02:00,0.0
06-13 02:15,0.0
06-13 02:30,0.0
06-13 02:45,0.0
06-13 03:00,0.0
06-13 03:15,0.0
06-13 03:30,0.0
06-13 03:45,0.0
06-13 04:00,0.0
06-13 04:15,0.0
06-13 04:30,0.0
06-13 04:45,0.0
06-13 05:00,0.0
06-13 05:15,0.0
06-13 05:30,0.0
06-13 05:45,0.0
06-13 06:00,0.0
06-13 06:15,0.0
06-13 06:30,0.0
06-13 06:45,0.0
06-13 07:00,0.0
06-13 07:15,0.0
06-13 07:30,0.0
06-13 07:45,0.0
06-13 08:00,0.0
06-13 08:15,0.0
06-13 08:30,0.0
06-13 08:45,0.0
06-13 09:00,0.0
06-13 09:15,0.0
06-13 09:30,0.0
06-13 09:45,0.0
06-13 10:00,0.0
06-13 10:15,0.0
06-13 10:30,0.0
06-13 10:45,0.0
06-13 11:00,0.0
06-13 11:15,0.0
06-13 11:30,0.0
06-13 11:45,0.0
06-13 12:00,0.0
06-13 12:15,3518.140995371429
06-13 12:30,0.0
06-13 12:45,0.0
06-13 13:00,0.0
06-13 13:15,0.0
06-13 13:30,0.0
06-13 13:45,0.0
06-13 14:00,0.0
06-13 14:15,0.0
06-13 14:30,0.0
06-13 14:45,0.0
06-13 15:00,0.0
06-13 15:15,0.0
06-13 15:30,0.0
06-13 15:45,0.0
06-13 16:00,0.0
06-13 16:15,0.0
06-13 16:30,0.0
06-13 16:45,1349.518273071429
06-13 17:00,0.0
06-13 17:15,0.0
06-13 17:30,0.0
06-13 17:45,0.0
06-13 18:00,0.0
06-13 18:15,0.0
06-13 18:30,0.0
06-13 18:45,0.0
06-13 19:00,0.0
06-13 19:15,0.0
06-13 19:30,0.0
06-13 19:45,0.0
06-13 20:00,0.0
06-13 20:15,3374.387948885714
06-13 20:30,0.0
06-13 20:45,0.0
06-13 21:00,0.0
06-13 21:15,0.0
06-13 21:30,0.0
06-13 21:45,0.0
06-13 22:00,0.0
06-13 22:15,0.0
06-13 22:30,0.0
06-13 22:45,0.0
06-13 23:00,0.0
06-13 23:15,0.0
06-13 23:30,0.0
06-13 23:45,0.0
06-14 00:00,0.0
06-14 00:15,0.0
06-14 00:30,0.0
06-14 00:45,0.0
06-14 01:00,0.0
06-14 01:15,0.0
06-14 01:30,0.0
06-14 01:45,0.0
06-14 02:00,0.0
06-14 02:15,0.0
06-14 02:30,0.0
06-14 02:45,0.0
06-14 03:00,0.0
06-14 03:15,0.0
06-14 03:30,0.0
06-14 03:45,0.0
06-14 04:00,0.0
06-14 04:15,0.0
06-14 04:30,2316.1403783000005
06-14 04:45,0.0
06-14 05:00,0.0
06-14 05:15,0.0
06-14 05:30,0.0
06-14 05:45,0.0
06-14 06:00,0.0
06-14 06:15,0.0
06-14 06:30,0.0
06-14 06:45,0.0
06-14 07:00,0.0
06-14 07:15,0.0
06-14 07:30,0.0
06-14 07:45,0.0
06-14 08:00,0.0
06-14 08:15,0.0
06-14 08:30,0.0
06-14 08:45,0.0
06-14 09:00,0.0
06-14 09:15,0.0
06-14 09:30,0.0
06-14 09:45,0.0
06-14 10:00,0.0
06-14 10:15,0.0
06-14 10:30,0.0
06-14 10:45,0.0
06-14 11:00,0.0
06-14 11:15,0.0
06-14 11:30,0.0
06-14 11:45,0.0
06-14 12:00,0.0
06-14 12:15,0.0
06-14 12:30,0.0
06-14 12:45,0.0
06-14 13:00,0.0
06-14 13:15,2954.737145742858
06-14 13:30,0.0
06-14 13:45,0.0
06-14 14:00,0.0
06-14 14:15,0.0
06-14 14:30,0.0
06-14 14:45,0.0
06-14 15:00,0.0
06-14 15:15,0.0
06-14 15:30,0.0
06-14 15:45,0.0
06-14 16:00,0.0
06-14 16:15,0.0
06-14 16:30,0.0
06-14 16:45,0.0
06-14 17:00,0.0
06-14 17:15,0.0
06-14 17:30,0.0
06-14 17:45,0.0
06-14 18:00,0.0
06-14 18:15,0.0
06-14 18:30,0.0
06-14 18:45,0.0
06-14 19:00,0.0
06-14 19:15,0.0
06-14 19:30,0.0
06-14 19:45,4205.320521342858
06-14 20:00,0.0
06-14 20:15,0.0
06-14 20:30,0.0
06-14 20:45,0.0
06-14 21:00,0.0
06-14 21:15,0.0
06-14 21:30,0.0
06-14 21:45,0.0
06-14 22:00,0.0
06-14 22:15,0.0
06-14 22:30,0.0
06-14 22:45,0.0
06-14 23:00,0.0
06-14 23:15,0.0
06-14 23:30,0.0
06-14 23:45,0.0
06-15 00:00,0.0
06-15 00:15,0.0
06-15 00:30,0.0
06-15 00:45,0.0
06-15 01:00,0.0
06-15 01:15,0.0
06-15 01:30,0.0
06-15 01:45,0.0
06-15 02:00,0.0
06-15 02:15,0.0
06-15 02:30,0.0
06-15 02:45,0.0
06-15 03:00,0.0
06-15 03:15,0.0
06-15 03:30,0.0
06-15 03:45,0.0
06-15 04:00,1484.2857142857142
06-15 04:15,249.87655909714223
06-15 04:30,1484.2857142857142
06-15 04:45,1484.2857142857142
06-15 05:00,0.0
06-15 05:15,0.0
06-15 05:30,0.0
06-15 05:45,2237.4488414
06-15 06:00,0.0
06-15 06:15,0.0
06-15 06:30,0.0
06-15 06:45,0.0
06-15 07:00,0.0
06-15 07:15,0.0
06-15 07:30,0.0
06-15 07:45,3385.2882303285714
06-15 08:00,0.0
06-15 08:15,0.0
06-15 08:30,0.0
06-15 08:45,0.0
06-15 09:00,0.0
06-15 09:15,0.0
06-15 09:30,0.0
06-15 09:45,0.0
06-15 10:00,0.0
06-15 10:15,0.0
06-15 10:30,0.0
06-15 10:45,0.0
06-15 11:00,842.5989931042405
06-15 11:15,1968.2173359171427
06-15 11:30,0.0
06-15 11:45,2136.57166
06-15 12:00,1484.2857142857142
06-15 12:15,2100.777067282857
06-15 12:30,1984.1436779257144
06-15 12:45,1484.2857142857142
06-15 13:00,2246.2892026742857
06-15 13:15,1484.2857142857142
06-15 13:30,2171.0431509214286
06-15 13:45,1484.2857142857142
06-15 14:00,1484.2857142857142
06-15 14:15,1484.2857142857142
06-15 14:30,1484.2857142857142
06-15 14:45,1484.2857142857142
06-15 15:00,1484.2857142857142
06-15 15:15,1484.2857142857142
06-15 15:30,4976.648013142857
06-15 15:45,1484.2857142857142
06-15 16:00,0.0
06-15 16:15,6491.374656457144
06-15 16:30,0.0
06-15 16:45,0.0
06-15 17:00,0.0
06-15 17:15,0.0
06-15 17:30,0.0
06-15 17:45,0.0
06-15 18:00,0.0
06-15 18:15,0.0
06-15 18:30,0.0
06-15 18:45,0.0
06-15 19:00,0.0
06-15 19:15,0.0
06-15 19:30,0.0
06-15 19:45,0.0
06-15 20:00,0.0
06-15 20:15,0.0
06-15 20:30,0.0
06-15 20:45,0.0
06-15 21:00,0.0
06-15 21:15,0.0
06-15 21:30,0.0
06-15 21:45,0.0
06-15 22:00,0.0
06-15 22:15,0.0
06-15 22:30,0.0
06-15 22:45,0.0
06-15 23:00,0.0
06-15 23:15,0.0
06-15 23:30,0.0
06-15 23:45,0.0
06-16 00:00,0.0
06-16 00:15,0.0
06-16 00:30,0.0
06-16 00:45,0.0
06-16 01:00,0.0
06-16 01:15,0.0
06-16 01:30,0.0
06-16 01:45,0.0
06-16 02:00,0.0
06-16 02:15,0.0
06-16 02:30,0.0
06-16 02:45,0.0
06-16 03:00,1484.2857142857142
06-16 03:15,1484.2857142857142
06-16 03:30,1484.2857142857142
06-16 03:45,1484.2857142857142
06-16 04:00,1484.2857142857142
06-16 04:15,1484.2857142857142
06-16 04:30,1735.1543923571426
06-16 04:45,1484.2857142857142
06-16 05:00,1484.2857142857142
06-16 05:15,1921.1907957514288
06-16 05:30,1484.2857142857142
06-16 05:45,1484.2857142857142
06-16 06:00,0.0
06-16 06:15,0.0
06-16 06:30,0.0
06-16 06:45,0.0
06-16 07:00,0.0
06-16 07:15,0.0
06-16 07:30,0.0
06-16 07:45,0.0
06-16 08:00,0.0
06-16 08:15,0.0
06-16 08:30,0.0
06-16 08:45,0.0
06-16 09:00,0.0
06-16 09:15,0.0
06-16 09:30,0.0
06-16 09:45,0.0
06-16 10:00,0.0
06-16 10:15,0.0
06-16 10:30,0.0
06-16 10:45,0.0
06-16 11:00,0.0
06-16 11:15,0.0
06-16 11:30,3228.4729096428573
06-16 11:45,0.0
06-16 12:00,1484.2857142857142
06-16 12:15,1484.2857142857142
06-16 12:30,1484.2857142857142
06-16 12:45,1484.2857142857142
06-16 13:00,1484.2857142857142
06-16 13:15,1484.2857142857142
06-16 13:30,1484.2857142857142
06-16 13:45,1484.2857142857142
06-16 14:00,1484.2857142857142
06-16 14:15,2411.085230018571
06-16 14:30,1484.2857142857142
06-16 14:45,1901.6506823957145
06-16 15:00,0.0
06-16 15:15,0.0
06-16 15:30,0.0
06-16 15:45,0.0
06-16 16:00,0.0
06-16 16:15,0.0
06-16 16:30,0.0
06-16 16:45,0.0
06-16 17:00,0.0
06-16 17:15,0.0
06-16 17:30,3436.2909007571434
06-16 17:45,0.0
06-16 18:00,0.0
06-16 18:15,0.0
06-16 18:30,0.0
06-16 18:45,0.0
06-16 19:00,0.0
06-16 19:15,0.0
06-16 19:30,0.0
06-16 19:45,0.0
06-16 20:00,0.0
06-16 20:15,0.0
06-16 20:30,0.0
06-16 20:45,0.0
06-16 21:00,0.0
06-16 21:15,0.0
06-16 21:30,0.0
06-16 21:45,0.0
06-16 22:00,0.0
06-16 22:15,0.0
06-16 22:30,0.0
06-16 22:45,0.0
06-16 23:00,0.0
06-16 23:15,0.0
06-16 23:30,0.0
06-16 23:45,0.0
06-17 00:00,0.0
06-17 00:15,0.0
06-17 00:30,0.0
06-17 00:45,0.0
06-17 01:00,0.0
06-17 01:15,0.0
06-17 01:30,0.0
06-17 01:45,0.0
06-17 02:00,0.0
06-17 02:15,0.0
06-17 02:30,0.0
06-17 02:45,484.1097165051472
06-17 03:00,0.0
06-17 03:15,0.0
06-17 03:30,0.0
06-17 03:45,0.0
06-17 04:00,0.0
06-17 04:15,0.0
06-17 04:30,0.0
06-17 04:45,0.0
06-17 05:00,0.0
06-17 05:15,0.0
06-17 05:30,0.0
06-17 05:45,0.0
06-17 06:00,0.0
06-17 06:15,0.0
06-17 06:30,0.0
06-17 06:45,0.0
06-17 07:00,0.0
06-17 07:15,0.0
06-17 07:30,0.0
06-17 07:45,0.0
06-17 08:00,0.0
06-17 08:15,0.0
06-17 08:30,0.0
06-17 08:45,0.0
06-17 09:00,0.0
06-17 09:15,3200.431605985715
06-17 09:30,0.0
06-17 09:45,0.0
06-17 10:00,0.0
06-17 10:15,0.0
06-17 10:30,0.0
06-17 10:45,0.0
06-17 11:00,0.0
06-17 11:15,0.0
06-17 11:30,0.0
06-17 11:45,0.0
06-17 12:00,0.0
06-17 12:15,0.0
06-17 12:30,0.0
06-17 12:45,0.0
06-17 13:00,0.0
06-17 13:15,0.0
06-17 13:30,0.0
06-17 13:45,0.0
06-17 14:00,0.0
06-17 14:15,0.0
06-17 14:30,0.0
06-17 14:45,0.0
06-17 15:00,0.0
06-17 15:15,0.0
06-17 15:30,0.0
06-17 15:45,0.0
06-17 16:00,0.0
06-17 16:15,0.0
06-17 16:30,0.0
06-17 16:45,0.0
06-17 17:00,0.0
06-17 17:15,0.0
06-17 17:30,0.0
06-17 17:45,0.0
06-17 18:00,0.0
06-17 18:15,0.0
06-17 18:30,0.0
06-17 18:45,0.0
06-17 19:00,0.0
06-17 19:15,0.0
06-17 19:30,0.0
06-17 19:45,0.0
06-17 20:00,0.0
06-17 20:15,0.0
06-17 20:30,0.0
06-17 20:45,0.0
06-17 21:00,0.0
06-17 21:15,0.0
06-17 21:30,0.0
06-17 21:45,0.0
06-17 22:00,0.0
06-17 22:15,0.0
06-17 22:30,0.0
06-17 22:45,0.0
06-17 23:00,0.0
06-17 23:15,0.0
06-17 23:30,0.0
06-17 23:45,0.0
06-18 00:00,0.0
06-18 00:15,0.0
06-18 00:30,0.0
06-18 00:45,0.0
06-18 01:00,0.0
06-18 01:15,0.0
06-18 01:30,0.0
06-18 01:45,0.0
06-18 02:00,0.0
06-18 02:15,0.0
06-18 02:30,0.0
06-18 02:45,0.0
06-18 03:00,0.0
06-18 03:15,1811.400854228572
06-18 03:30,0.0
06-18 03:45,0.0
06-18 04:00,0.0
06-18 04:15,0.0
06-18 04:30,0.0
06-18 04:45,0.0
06-18 05:00,0.0
06-18 05:15,0.0
06-18 05:30,0.0
06-18 05:45,0.0
06-18 06:00,0.0
06-18 06:15,0.0
06-18 06:30,0.0
06-18 06:45,0.0
06-18 07:00,0.0
06-18 07:15,0.0
06-18 07:30,0.0
06-18 07:45,0.0
06-18 08:00,0.0
06-18 08:15,0.0
06-18 08:30,0.0
06-18 08:45,0.0
06-18 09:00,0.0
06-18 09:15,0.0
06-18 09:30,0.0
06-18 09:45,0.0
06-18 10:00,0.0
06-18 10:15,0.0
06-18 10:30,3886.4751953428568
06-18 10:45,0.0
06-18 11:00,0.0
06-18 11:15,0.0
06-18 11:30,0.0
06-18 11:45,0.0
06-18 12:00,0.0
06-18 12:15,0.0
06-18 12:30,0.0
06-18 12:45,0.0
06-18 13:00,0.0
06-18 13:15,0.0
06-18 13:30,0.0
06-18 13:45,0.0
06-18 14:00,0.0
06-18 14:15,0.0
06-18 14:30,0.0
06-18 14:45,3539.561331071429
06-18 15:00,0.0
06-18 15:15,0.0
06-18 15:30,0.0
06-18 15:45,0.0
06-18 16:00,0.0
06-18 16:15,0.0
06-18 16:30,0.0
06-18 16:45,0.0
06-18 17:00,0.0
06-18 17:15,0.0
06-18 17:30,0.0
06-18 17:45,0.0
06-18 18:00,0.0
06-18 18:15,0.0
06-18 18:30,0.0
06-18 18:45,0.0
06-18 19:00,0.0
06-18 19:15,0.0
06-18 19:30,0.0
06-18 19:45,0.0
06-18 20:00,0.0
06-18 20:15,0.0
06-18 20:30,0.0
06-18 20:45,0.0
06-18 21:00,0.0
06-18 21:15,0.0
06-18 21:30,0.0
06-18 21:45,0.0
06-18 22:00,0.0
06-18 22:15,0.0
06-18 22:30,0.0
06-18 22:45,0.0
06-18 23:00,0.0
06-18 23:15,0.0
06-18 23:30,0.0
06-18 23:45,0.0
06-19 00:00,0.0
06-19 00:15,0.0
06-19 00:30,0.0
06-19 00:45,0.0
06-19 01:00,0.0
06-19 01:15,0.0
06-19 01:30,0.0
06-19 01:45,0.0
06-19 02:00,0.0
06-19 02:15,0.0
06-19 02:30,0.0
06-19 02:45,0.0
06-19 03:00,0.0
06-19 03:15,0.0
06-19 03:30,0.0
06-19 03:45,0.0
06-19 04:00,0.0
06-19 04:15,0.0
06-19 04:30,0.0
06-19 04:45,0.0
06-19 05:00,0.0
06-19 05:15,0.0
06-19 05:30,0.0
06-19 05:45,0.0
06-19 06:00,0.0
06-19 06:15,0.0
06-19 06:30,0.0
06-19 06:45,0.0
06-19 07:00,0.0
06-19 07:15,0.0
06-19 07:30,0.0
06-19 07:45,0.0
06-19 08:00,0.0
06-19 08:15,0.0
06-19 08:30,0.0
06-19 08:45,0.0
06-19 09:00,0.0
06-19 09:15,0.0
06-19 09:30,0.0
06-19 09:45,0.0
06-19 10:00,0.0
06-19 10:15,0.0
06-19 10:30,0.0
06-19 10:45,0.0
06-19 11:00,0.0
06-19 11:15,0.0
06-19 11:30,0.0
06-19 11:45,0.0
06-19 12:00,2485.194188285714
06-19 12:15,0.0
06-19 12:30,0.0
06-19 12:45,0.0
06-19 13:00,0.0
06-19 13:15,0.0
06-19 13:30,0.0
06-19 13:45,0.0
06-19 14:00,0.0
06-19 14:15,0.0
06-19 14:30,4253.476000714287
06-19 14:45,0.0
06-19 15:00,0.0
06-19 15:15,0.0
06-19 15:30,0.0
06-19 15:45,3459.024518757143
06-19 16:00,0.0
06-19 16:15,0.0
06-19 16:30,0.0
06-19 16:45,0.0
06-19 17:00,0.0
06-19 17:15,0.0
06-19 17:30,0.0
06-19 17:45,0.0
06-19 18:00,0.0
06-19 18:15,0.0
06-19 18:30,0.0
06-19 18:45,0.0
06-19 19:00,0.0
06-19 19:15,0.0
06-19 19:30,0.0
06-19 19:45,0.0
06-19 20:00,0.0
06-19 20:15,0.0
06-19 20:30,0.0
06-19 20:45,0.0
06-19 21:00,0.0
06-19 21:15,0.0
06-19 21:30,0.0
06-19 21:45,0.0
06-19 22:00,0.0
06-19 22:15,0.0
06-19 22:30,0.0
06-19 22:45,0.0
06-19 23:00,0.0
06-19 23:15,0.0
06-19 23:30,0.0
06-19 23:45,0.0
06-20 00:00,0.0
06-20 00:15,0.0
06-20 00:30,0.0
06-20 00:45,0.0
06-20 01:00,0.0
06-20 01:15,0.0
06-20 01:30,0.0
06-20 01:45,0.0
06-20 02:00,1484.2857142857142
06-20 02:15,1484.2857142857142
06-20 02:30,1484.2857142857142
06-20 02:45,1484.2857142857142
06-20 03:00,1484.2857142857142
06-20 03:15,1484.2857142857142
06-20 03:30,1484.2857142857142
06-20 03:45,4965.257700757144
06-20 04:00,1484.2857142857142
06-20 04:15,1484.2857142857142
06-20 04:30,1484.2857142857142
06-20 04:45,1484.2857142857142
06-20 05:00,0.0
06-20 05:15,0.0
06-20 05:30,0.0
06-20 05:45,0.0
06-20 06:00,0.0
06-20 06:15,0.0
06-20 06:30,0.0
06-20 06:45,1519.2460519571432
06-20 07:00,0.0
06-20 07:15,0.0
06-20 07:30,0.0
06-20 07:45,0.0
06-20 08:00,0.0
06-20 08:15,0.0
06-20 08:30,0.0
06-20 08:45,0.0
06-20 09:00,0.0
06-20 09:15,0.0
06-20 09:30,0.0
06-20 09:45,0.0
06-20 10:00,0.0
06-20 10:15,0.0
06-20 10:30,0.0
06-20 10:45,0.0
06-20 11:00,0.0
06-20 11:15,0.0
06-20 11:30,0.0
06-20 11:45,0.0
06-20 12:00,0.0
06-20 12:15,0.0
06-20 12:30,0.0
06-20 12:45,0.0
06-20 13:00,0.0
06-20 13:15,0.0
06-20 13:30,0.0
06-20 13:45,0.0
06-20 14:00,0.0
06-20 14:15,0.0
06-20 14:30,0.0
06-20 14:45,0.0
06-20 15:00,0.0
06-20 15:15,0.0
06-20 15:30,0.0
06-20 15:45,0.0
06-20 16:00,0.0
06-20 16:15,3026.6633614714283
06-20 16:30,0.0
06-20 16:45,0.0
06-20 17:00,0.0
06-20 17:15,0.0
06-20 17:30,0.0
06-20 17:45,0.0
06-20 18:00,0.0
06-20 18:15,0.0
06-20 18:30,0.0
06-20 18:45,0.0
06-20 19:00,0.0
06-20 19:15,0.0
06-20 19:30,0.0
06-20 19:45,0.0
06-20 20:00,0.0
06-20 20:15,0.0
06-20 20:30,0.0
06-20 20:45,0.0
06-20 21:00,0.0
06-20 21:15,0.0
06-20 21:30,0.0
06-20 21:45,0.0
06-20 22:00,0.0
06-20 22:15,0.0
06-20 22:30,0.0
06-20 22:45,0.0
06-20 23:00,0.0
06-20 23:15,0.0
06-20 23:30,0.0
06-20 23:45,0.0
06-21 00:00,0.0
06-21 00:15,0.0
06-21 00:30,0.0
06-21 00:45,0.0
06-21 01:00,0.0
06-21 01:15,0.0
06-21 01:30,0.0
06-21 01:45,0.0
06-21 02:00,0.0
06-21 02:15,0.0
06-21 02:30,0.0
06-21 02:45,0.0
06-21 03:00,0.0
06-21 03:15,0.0
06-21 03:30,0.0
06-21 03:45,0.0
06-21 04:00,0.0
06-21 04:15,0.0
06-21 04:30,0.0
06-21 04:45,0.0
06-21 05:00,0.0
06-21 05:15,0.0
06-21 05:30,0.0
06-21 05:45,0.0
06-21 06:00,0.0
06-21 06:15,0.0
06-21 06:30,0.0
06-21 06:45,0.0
06-21 07:00,3967.310307571429
06-21 07:15,0.0
06-21 07:30,0.0
06-21 07:45,0.0
06-21 08:00,0.0
06-21 08:15,0.0
06-21 08:30,0.0
06-21 08:45,0.0
06-21 09:00,0.0
06-21 09:15,0.0
06-21 09:30,0.0
06-21 09:45,0.0
06-21 10:00,0.0
06-21 10:15,0.0
06-21 10:30,0.0
06-21 10:45,0.0
06-21 11:00,0.0
06-21 11:15,0.0
06-21 11:30,0.0
06-21 11:45,0.0
06-21 12:00,0.0
06-21 12:15,0.0
06-21 12:30,0.0
06-21 12:45,0.0
06-21 13:00,0.0
06-21 13:15,0.0
06-21 13:30,0.0
06-21 13:45,0.0
06-21 14:00,0.0
06-21 14:15,0.0
06-21 14:30,0.0
06-21 14:45,0.0
06-21 15:00,0.0
06-21 15:15,0.0
06-21 15:30,1966.0815520714289
06-21 15:45,0.0
06-21 16:00,0.0
06-21 16:15,0.0
06-21 16:30,3285.568659700001
06-21 16:45,0.0
06-21 17:00,0.0
06-21 17:15,0.0
06-21 17:30,7208.1545168
06-21 17:45,0.0
06-21 18:00,5250.992724142858
06-21 18:15,0.0
06-21 18:30,0.0
06-21 18:45,0.0
06-21 19:00,0.0
06-21 19:15,0.0
06-21 19:30,0.0
06-21 19:45,0.0
06-21 20:00,0.0
06-21 20:15,0.0
06-21 20:30,0.0
06-21 20:45,0.0
06-21 21:00,0.0
06-21 21:15,0.0
06-21 21:30,0.0
06-21 21:45,0.0
06-21 22:00,0.0
06-21 22:15,0.0
06-21 22:30,0.0
06-21 22:45,0.0
06-21 23:00,0.0
06-21 23:15,0.0
06-21 23:30,0.0
06-21 23:45,0.0
06-22 00:00,0.0
06-22 00:15,0.0
06-22 00:30,0.0
06-22 00:45,0.0
06-22 01:00,0.0
06-22 01:15,0.0
06-22 01:30,0.0
06-22 01:45,0.0
06-22 02:00,0.0
06-22 02:15,0.0
06-22 02:30,0.0
06-22 02:45,0.0
06-22 03:00,0.0
06-22 03:15,1484.2857142857142
06-22 03:30,1484.2857142857142
06-22 03:45,795.6043496457146
06-22 04:00,1484.2857142857142
06-22 04:15,1484.2857142857142
06-22 04:30,1484.2857142857142
06-22 04:45,1484.2857142857142
06-22 05:00,0.0
06-22 05:15,0.0
06-22 05:30,0.0
06-22 05:45,0.0
06-22 06:00,0.0
06-22 06:15,0.0
06-22 06:30,0.0
06-22 06:45,0.0
06-22 07:00,0.0
06-22 07:15,2169.182152928571
06-22 07:30,3545.985607957143
06-22 07:45,0.0
06-22 08:00,0.0
06-22 08:15,0.0
06-22 08:30,0.0
06-22 08:45,0.0
06-22 09:00,0.0
06-22 09:15,0.0
06-22 09:30,4004.997522114285
06-22 09:45,0.0
06-22 10:00,3092.593265257144
06-22 10:15,3194.0508498000004
06-22 10:30,0.0
06-22 10:45,0.0
06-22 11:00,0.0
06-22 11:15,0.0
06-22 11:30,0.0
06-22 11:45,0.0
06-22 12:00,386.5952834428572
06-22 12:15,0.0
06-22 12:30,0.0
06-22 12:45,0.0
06-22 13:00,4825.197417491429
06-22 13:15,0.0
06-22 13:30,4097.5389672
06-22 13:45,1484.2857142857142
06-22 14:00,0.0
06-22 14:15,0.0
06-22 14:30,0.0
06-22 14:45,0.0
06-22 15:00,0.0
06-22 15:15,0.0
06-22 15:30,0.0
06-22 15:45,0.0
06-22 16:00,0.0
06-22 16:15,0.0
06-22 16:30,0.0
06-22 16:45,0.0
06-22 17:00,0.0
06-22 17:15,0.0
06-22 17:30,0.0
06-22 17:45,0.0
06-22 18:00,5319.109495314287
06-22 18:15,0.0
06-22 18:30,0.0
06-22 18:45,0.0
06-22 19:00,0.0
06-22 19:15,0.0
06-22 19:30,0.0
06-22 19:45,0.0
06-22 20:00,0.0
06-22 20:15,0.0
06-22 20:30,0.0
06-22 20:45,0.0
06-22 21:00,0.0
06-22 21:15,0.0
06-22 21:30,0.0
06-22 21:45,0.0
06-22 22:00,0.0
06-22 22:15,0.0
06-22 22:30,0.0
06-22 22:45,0.0
06-22 23:00,0.0
06-22 23:15,0.0
06-22 23:30,0.0
06-22 23:45,0.0
06-23 00:00,0.0
06-23 00:15,0.0
06-23 00:30,0.0
06-23 00:45,0.0
06-23 01:00,0.0
06-23 01:15,451.9991922614286
06-23 01:30,0.0
06-23 01:45,0.0
06-23 02:00,0.0
06-23 02:15,0.0
06-23 02:30,0.0
06-23 02:45,0.0
06-23 03:00,1484.2857142857142
06-23 03:15,1484.2857142857142
06-23 03:30,1484.2857142857142
06-23 03:45,1484.2857142857142
06-23 04:00,1484.2857142857142
06-23 04:15,1484.2857142857142
06-23 04:30,1484.2857142857142
06-23 04:45,2097.59397763
06-23 05:00,1484.2857142857142
06-23 05:15,1484.2857142857142
06-23 05:30,1484.2857142857142
06-23 05:45,1484.2857142857142
06-23 06:00,6710.740292067101
06-23 06:15,0.0
06-23 06:30,0.0
06-23 06:45,0.0
06-23 07:00,2490.250903542857
06-23 07:15,0.0
06-23 07:30,0.0
06-23 07:45,0.0
06-23 08:00,0.0
06-23 08:15,0.0
06-23 08:30,0.0
06-23 08:45,0.0
06-23 09:00,1959.0959187685712
06-23 09:15,1484.2857142857142
06-23 09:30,2533.294704525714
06-23 09:45,1484.2857142857142
06-23 10:00,1484.2857142857142
06-23 10:15,1484.2857142857142
06-23 10:30,1484.2857142857142
06-23 10:45,1484.2857142857142
06-23 11:00,1484.2857142857142
06-23 11:15,1484.2857142857142
06-23 11:30,6763.619131114286
06-23 11:45,1484.2857142857142
06-23 12:00,1934.659657327143
06-23 12:15,1484.2857142857142
06-23 12:30,1484.2857142857142
06-23 12:45,1946.494390308572
06-23 13:00,2397.178058128572
06-23 13:15,7275.532103157142
06-23 13:30,1484.2857142857142
06-23 13:45,1484.2857142857142
06-23 14:00,1484.2857142857142
06-23 14:15,1484.2857142857142
06-23 14:30,1978.2716247057144
06-23 14:45,2413.76157849
06-23 15:00,2066.222415555714
06-23 15:15,1484.2857142857142
06-23 15:30,1484.2857142857142
06-23 15:45,2561.100349317143
06-23 16:00,0.0
06-23 16:15,0.0
06-23 16:30,0.0
06-23 16:45,0.0
06-23 17:00,2029.406867271429
06-23 17:15,0.0
06-23 17:30,0.0
06-23 17:45,0.0
06-23 18:00,0.0
06-23 18:15,0.0
06-23 18:30,0.0
06-23 18:45,0.0
06-23 19:00,0.0
06-23 19:15,0.0
06-23 19:30,0.0
06-23 19:45,0.0
06-23 20:00,0.0
06-23 20:15,2265.3844711142865
06-23 20:30,0.0
06-23 20:45,0.0
06-23 21:00,0.0
06-23 21:15,0.0
06-23 21:30,0.0
06-23 21:45,0.0
06-23 22:00,0.0
06-23 22:15,0.0
06-23 22:30,0.0
06-23 22:45,0.0
06-23 23:00,0.0
06-23 23:15,0.0
06-23 23:30,0.0
06-23 23:45,0.0
06-24 00:00,0.0
06-24 00:15,0.0
06-24 00:30,0.0
06-24 00:45,0.0
06-24 01:00,0.0
06-24 01:15,0.0
06-24 01:30,0.0
06-24 01:45,0.0
06-24 02:00,0.0
06-24 02:15,0.0
06-24 02:30,0.0
06-24 02:45,0.0
06-24 03:00,1484.2857142857142
06-24 03:15,382.3727032557096
06-24 03:30,1484.2857142857142
06-24 03:45,1484.2857142857142
06-24 04:00,0.0
06-24 04:15,0.0
06-24 04:30,0.0
06-24 04:45,0.0
06-24 05:00,0.0
06-24 05:15,0.0
06-24 05:30,0.0
06-24 05:45,0.0
06-24 06:00,0.0
06-24 06:15,0.0
06-24 06:30,0.0
06-24 06:45,0.0
06-24 07:00,0.0
06-24 07:15,0.0
06-24 07:30,0.0
06-24 07:45,0.0
06-24 08:00,0.0
06-24 08:15,0.0
06-24 08:30,0.0
06-24 08:45,0.0
06-24 09:00,0.0
06-24 09:15,0.0
06-24 09:30,3137.066202028572
06-24 09:45,0.0
06-24 10:00,2509.4381898714287
06-24 10:15,0.0
06-24 10:30,0.0
06-24 10:45,0.0
06-24 11:00,0.0
06-24 11:15,0.0
06-24 11:30,0.0
06-24 11:45,0.0
06-24 12:00,0.0
06-24 12:15,0.0
06-24 12:30,0.0
06-24 12:45,0.0
06-24 13:00,0.0
06-24 13:15,0.0
06-24 13:30,6554.595236271429
06-24 13:45,0.0
06-24 14:00,4129.804190028572
06-24 14:15,0.0
06-24 14:30,0.0
06-24 14:45,0.0
06-24 15:00,0.0
06-24 15:15,0.0
06-24 15:30,0.0
06-24 15:45,0.0
06-24 16:00,0.0
06-24 16:15,0.0
06-24 16:30,0.0
06-24 16:45,0.0
06-24 17:00,4062.970595642857
06-24 17:15,0.0
06-24 17:30,0.0
06-24 17:45,0.0
06-24 18:00,0.0
06-24 18:15,0.0
06-24 18:30,0.0
06-24 18:45,0.0
06-24 19:00,0.0
06-24 19:15,0.0
06-24 19:30,0.0
06-24 19:45,0.0
06-24 20:00,0.0
06-24 20:15,0.0
06-24 20:30,0.0
06-24 20:45,0.0
06-24 21:00,0.0
06-24 21:15,0.0
06-24 21:30,0.0
06-24 21:45,0.0
06-24 22:00,0.0
06-24 22:15,0.0
06-24 22:30,0.0
06-24 22:45,0.0
06-24 23:00,0.0
06-24 23:15,0.0
06-24 23:30,0.0
06-24 23:45,0.0
06-25 00:00,0.0
06-25 00:15,0.0
06-25 00:30,0.0
06-25 00:45,0.0
06-25 01:00,1484.2857142857142
06-25 01:15,1484.2857142857142
06-25 01:30,1484.2857142857142
06-25 01:45,997.0245860385926
06-25 02:00,1484.2857142857142
06-25 02:15,1484.2857142857142
06-25 02:30,1484.2857142857142
06-25 02:45,1484.2857142857142
06-25 03:00,1484.2857142857142
06-25 03:15,1484.2857142857142
06-25 03:30,1484.2857142857142
06-25 03:45,1484.2857142857142
06-25 04:00,0.0
06-25 04:15,0.0
06-25 04:30,0.0
06-25 04:45,0.0
06-25 05:00,0.0
06-25 05:15,0.0
06-25 05:30,0.0
06-25 05:45,0.0
06-25 06:00,0.0
06-25 06:15,0.0
06-25 06:30,0.0
06-25 06:45,0.0
06-25 07:00,0.0
06-25 07:15,0.0
06-25 07:30,0.0
06-25 07:45,0.0
06-25 08:00,0.0
06-25 08:15,0.0
06-25 08:30,0.0
06-25 08:45,0.0
06-25 09:00,0.0
06-25 09:15,0.0
06-25 09:30,0.0
06-25 09:45,0.0
06-25 10:00,0.0
06-25 10:15,0.0
06-25 10:30,0.0
06-25 10:45,0.0
06-25 11:00,0.0
06-25 11:15,0.0
06-25 11:30,0.0
06-25 11:45,0.0
06-25 12:00,0.0
06-25 12:15,0.0
06-25 12:30,0.0
06-25 12:45,0.0
06-25 13:00,0.0
06-25 13:15,0.0
06-25 13:30,0.0
06-25 13:45,0.0
06-25 14:00,0.0
06-25 14:15,0.0
06-25 14:30,0.0
06-25 14:45,0.0
06-25 15:00,0.0
06-25 15:15,0.0
06-25 15:30,0.0
06-25 15:45,0.0
06-25 16:00,0.0
06-25 16:15,2822.347029071429
06-25 16:30,5756.025131485715
06-25 16:45,0.0
06-25 17:00,0.0
06-25 17:15,0.0
06-25 17:30,0.0
06-25 17:45,0.0
06-25 18:00,0.0
06-25 18:15,0.0
06-25 18:30,0.0
06-25 18:45,0.0
06-25 19:00,0.0
06-25 19:15,0.0
06-25 19:30,0.0
06-25 19:45,0.0
06-25 20:00,2514.727655842857
06-25 20:15,0.0
06-25 20:30,0.0
06-25 20:45,0.0
06-25 21:00,0.0
06-25 21:15,0.0
06-25 21:30,0.0
06-25 21:45,0.0
06-25 22:00,0.0
06-25 22:15,3540.012939471429
06-25 22:30,0.0
06-25 22:45,0.0
06-25 23:00,0.0
06-25 23:15,0.0
06-25 23:30,0.0
06-25 23:45,0.0
06-26 00:00,0.0
06-26 00:15,0.0
06-26 00:30,0.0
06-26 00:45,0.0
06-26 01:00,0.0
06-26 01:15,0.0
06-26 01:30,0.0
06-26 01:45,0.0
06-26 02:00,0.0
06-26 02:15,0.0
06-26 02:30,0.0
06-26 02:45,0.0
06-26 03:00,0.0
06-26 03:15,0.0
06-26 03:30,0.0
06-26 03:45,0.0
06-26 04:00,0.0
06-26 04:15,0.0
06-26 04:30,0.0
06-26 04:45,0.0
06-26 05:00,0.0
06-26 05:15,0.0
06-26 05:30,0.0
06-26 05:45,0.0
06-26 06:00,0.0
06-26 06:15,0.0
06-26 06:30,0.0
06-26 06:45,0.0
06-26 07:00,0.0
06-26 07:15,4196.001836642858
06-26 07:30,0.0
06-26 07:45,0.0
06-26 08:00,0.0
06-26 08:15,0.0
06-26 08:30,0.0
06-26 08:45,0.0
06-26 09:00,0.0
06-26 09:15,0.0
06-26 09:30,0.0
06-26 09:45,0.0
06-26 10:00,0.0
06-26 10:15,0.0
06-26 10:30,0.0
06-26 10:45,0.0
06-26 11:00,0.0
06-26 11:15,0.0
06-26 11:30,0.0
06-26 11:45,0.0
06-26 12:00,274.2291773571431
06-26 12:15,0.0
06-26 12:30,0.0
06-26 12:45,0.0
06-26 13:00,1410.0358230428571
06-26 13:15,0.0
06-26 13:30,0.0
06-26 13:45,0.0
06-26 14:00,0.0
06-26 14:15,0.0
06-26 14:30,0.0
06-26 14:45,3935.4104314428578
06-26 15:00,0.0
06-26 15:15,0.0
06-26 15:30,0.0
06-26 15:45,0.0
06-26 16:00,0.0
06-26 16:15,0.0
06-26 16:30,0.0
06-26 16:45,0.0
06-26 17:00,0.0
06-26 17:15,0.0
06-26 17:30,0.0
06-26 17:45,0.0
06-26 18:00,0.0
06-26 18:15,0.0
06-26 18:30,0.0
06-26 18:45,0.0
06-26 19:00,0.0
06-26 19:15,0.0
06-26 19:30,0.0
06-26 19:45,0.0
06-26 20:00,0.0
06-26 20:15,0.0
06-26 20:30,0.0
06-26 20:45,0.0
06-26 21:00,0.0
06-26 21:15,0.0
06-26 21:30,0.0
06-26 21:45,0.0
06-26 22:00,0.0
06-26 22:15,0.0
06-26 22:30,0.0
06-26 22:45,0.0
06-26 23:00,0.0
06-26 23:15,0.0
06-26 23:30,0.0
06-26 23:45,0.0
06-27 00:00,0.0
06-27 00:15,0.0
06-27 00:30,0.0
06-27 00:45,0.0
06-27 01:00,0.0
06-27 01:15,0.0
06-27 01:30,0.0
06-27 01:45,0.0
06-27 02:00,0.0
06-27 02:15,0.0
06-27 02:30,0.0
06-27 02:45,0.0
06-27 03:00,0.0
06-27 03:15,0.0
06-27 03:30,0.0
06-27 03:45,0.0
06-27 04:00,0.0
06-27 04:15,0.0
06-27 04:30,0.0
06-27 04:45,0.0
06-27 05:00,0.0
06-27 05:15,0.0
06-27 05:30,0.0
06-27 05:45,0.0
06-27 06:00,0.0
06-27 06:15,0.0
06-27 06:30,0.0
06-27 06:45,0.0
06-27 07:00,0.0
06-27 07:15,0.0
06-27 07:30,0.0
06-27 07:45,0.0
06-27 08:00,0.0
06-27 08:15,0.0
06-27 08:30,0.0
06-27 08:45,0.0
06-27 09:00,246.11537885714287
06-27 09:15,0.0
06-27 09:30,0.0
06-27 09:45,0.0
06-27 10:00,0.0
06-27 10:15,0.0
06-27 10:30,0.0
06-27 10:45,0.0
06-27 11:00,0.0
06-27 11:15,0.0
06-27 11:30,0.0
06-27 11:45,0.0
06-27 12:00,0.0
06-27 12:15,0.0
06-27 12:30,0.0
06-27 12:45,0.0
06-27 13:00,0.0
06-27 13:15,112.2213354714287
06-27 13:30,0.0
06-27 13:45,0.0
06-27 14:00,0.0
06-27 14:15,3150.1550473
06-27 14:30,0.0
06-27 14:45,0.0
06-27 15:00,0.0
06-27 15:15,0.0
06-27 15:30,0.0
06-27 15:45,0.0
06-27 16:00,0.0
06-27 16:15,0.0
06-27 16:30,0.0
06-27 16:45,0.0
06-27 17:00,0.0
06-27 17:15,0.0
06-27 17:30,0.0
06-27 17:45,0.0
06-27 18:00,0.0
06-27 18:15,0.0
06-27 18:30,0.0
06-27 18:45,0.0
06-27 19:00,0.0
06-27 19:15,0.0
06-27 19:30,0.0
06-27 19:45,0.0
06-27 20:00,0.0
06-27 20:15,0.0
06-27 20:30,0.0
06-27 20:45,0.0
06-27 21:00,0.0
06-27 21:15,0.0
06-27 21:30,0.0
06-27 21:45,0.0
06-27 22:00,0.0
06-27 22:15,0.0
06-27 22:30,0.0
06-27 22:45,0.0
06-27 23:00,0.0
06-27 23:15,0.0
06-27 23:30,0.0
06-27 23:45,0.0
06-28 00:00,0.0
06-28 00:15,0.0
06-28 00:30,0.0
06-28 00:45,0.0
06-28 01:00,0.0
06-28 01:15,0.0
06-28 01:30,0.0
06-28 01:45,0.0
06-28 02:00,0.0
06-28 02:15,0.0
06-28 02:30,0.0
06-28 02:45,0.0
06-28 03:00,0.0
06-28 03:15,0.0
06-28 03:30,0.0
06-28 03:45,0.0
06-28 04:00,0.0
06-28 04:15,0.0
06-28 04:30,0.0
06-28 04:45,0.0
06-28 05:00,0.0
06-28 05:15,0.0
06-28 05:30,0.0
06-28 05:45,0.0
06-28 06:00,0.0
06-28 06:15,0.0
06-28 06:30,0.0
06-28 06:45,0.0
06-28 07:00,0.0
06-28 07:15,0.0
06-28 07:30,0.0
06-28 07:45,0.0
06-28 08:00,0.0
06-28 08:15,0.0
06-28 08:30,0.0
06-28 08:45,0.0
06-28 09:00,0.0
06-28 09:15,0.0
06-28 09:30,0.0
06-28 09:45,0.0
06-28 10:00,0.0
06-28 10:15,0.0
06-28 10:30,0.0
06-28 10:45,0.0
06-28 11:00,0.0
06-28 11:15,0.0
06-28 11:30,0.0
06-28 11:45,0.0
06-28 12:00,0.0
06-28 12:15,0.0
06-28 12:30,0.0
06-28 12:45,0.0
06-28 13:00,0.0
06-28 13:15,0.0
06-28 13:30,0.0
06-28 13:45,0.0
06-28 14:00,0.0
06-28 14:15,0.0
06-28 14:30,0.0
06-28 14:45,0.0
06-28 15:00,0.0
06-28 15:15,2812.560914528572
06-28 15:30,0.0
06-28 15:45,0.0
06-28 16:00,0.0
06-28 16:15,4473.986757585715
06-28 16:30,0.0
06-28 16:45,0.0
06-28 17:00,0.0
06-28 17:15,0.0
06-28 17:30,0.0
06-28 17:45,0.0
06-28 18:00,0.0
06-28 18:15,0.0
06-28 18:30,0.0
06-28 18:45,0.0
06-28 19:00,0.0
06-28 19:15,0.0
06-28 19:30,0.0
06-28 19:45,0.0
06-28 20:00,0.0
06-28 20:15,0.0
06-28 20:30,0.0
06-28 20:45,0.0
06-28 21:00,0.0
06-28 21:15,0.0
06-28 21:30,0.0
06-28 21:45,0.0
06-28 22:00,0.0
06-28 22:15,0.0
06-28 22:30,0.0
06-28 22:45,0.0
06-28 23:00,0.0
06-28 23:15,0.0
06-28 23:30,0.0
06-28 23:45,0.0
06-29 00:00,0.0
06-29 00:15,0.0
06-29 00:30,0.0
06-29 00:45,0.0
06-29 01:00,0.0
06-29 01:15,0.0
06-29 01:30,0.0
06-29 01:45,0.0
06-29 02:00,0.0
06-29 02:15,0.0
06-29 02:30,0.0
06-29 02:45,0.0
06-29 03:00,0.0
06-29 03:15,0.0
06-29 03:30,0.0
06-29 03:45,0.0
06-29 04:00,0.0
06-29 04:15,0.0
06-29 04:30,0.0
06-29 04:45,0.0
06-29 05:00,0.0
06-29 05:15,0.0
06-29 05:30,0.0
06-29 05:45,0.0
06-29 06:00,0.0
06-29 06:15,0.0
06-29 06:30,0.0
06-29 06:45,0.0
06-29 07:00,2680.064343928572
06-29 07:15,0.0
06-29 07:30,0.0
06-29 07:45,0.0
06-29 08:00,0.0
06-29 08:15,0.0
06-29 08:30,0.0
06-29 08:45,0.0
06-29 09:00,0.0
06-29 09:15,0.0
06-29 09:30,0.0
06-29 09:45,0.0
06-29 10:00,0.0
06-29 10:15,0.0
06-29 10:30,0.0
06-29 10:45,0.0
06-29 11:00,0.0
06-29 11:15,0.0
06-29 11:30,0.0
06-29 11:45,0.0
06-29 12:00,2743.4785769857144
06-29 12:15,0.0
06-29 12:30,0.0
06-29 12:45,0.0
06-29 13:00,0.0
06-29 13:15,0.0
06-29 13:30,0.0
06-29 13:45,0.0
06-29 14:00,0.0
06-29 14:15,0.0
06-29 14:30,0.0
06-29 14:45,0.0
06-29 15:00,2146.2846364142856
06-29 15:15,0.0
06-29 15:30,0.0
06-29 15:45,0.0
06-29 16:00,0.0
06-29 16:15,0.0
06-29 16:30,0.0
06-29 16:45,0.0
06-29 17:00,0.0
06-29 17:15,0.0
06-29 17:30,0.0
06-29 17:45,0.0
06-29 18:00,0.0
06-29 18:15,0.0
06-29 18:30,0.0
06-29 18:45,0.0
06-29 19:00,0.0
06-29 19:15,0.0
06-29 19:30,0.0
06-29 19:45,0.0
06-29 20:00,0.0
06-29 20:15,0.0
06-29 20:30,0.0
06-29 20:45,0.0
06-29 21:00,0.0
06-29 21:15,0.0
06-29 21:30,0.0
06-29 21:45,0.0
06-29 22:00,0.0
06-29 22:15,0.0
06-29 22:30,0.0
06-29 22:45,0.0
06-29 23:00,0.0
06-29 23:15,0.0
06-29 23:30,0.0
06-29 23:45,0.0
06-30 00:00,0.0
06-30 00:15,0.0
06-30 00:30,0.0
06-30 00:45,0.0
06-30 01:00,546.9513539771428
06-30 01:15,0.0
06-30 01:30,0.0
06-30 01:45,0.0
06-30 02:00,0.0
06-30 02:15,0.0
06-30 02:30,0.0
06-30 02:45,0.0
06-30 03:00,815.2984708071002
06-30 03:15,1484.2857142857142
06-30 03:30,0.0
06-30 03:45,2863.2650116
06-30 04:00,1484.2857142857142
06-30 04:15,1484.2857142857142
06-30 04:30,1484.2857142857142
06-30 04:45,1484.2857142857142
06-30 05:00,1484.2857142857142
06-30 05:15,1484.2857142857142
06-30 05:30,1484.2857142857142
06-30 05:45,1484.2857142857142
06-30 06:00,1484.2857142857142
06-30 06:15,1484.2857142857142
06-30 06:30,1484.2857142857142
06-30 06:45,1484.2857142857142
06-30 07:00,0.0
06-30 07:15,0.0
06-30 07:30,0.0
06-30 07:45,0.0
06-30 08:00,0.0
06-30 08:15,3911.631080885714
06-30 08:30,0.0
06-30 08:45,0.0
06-30 09:00,1484.2857142857142
06-30 09:15,1484.2857142857142
06-30 09:30,1484.2857142857142
06-30 09:45,1484.2857142857142
06-30 10:00,1484.2857142857142
06-30 10:15,2508.6161862714284
06-30 10:30,1484.2857142857142
06-30 10:45,1484.2857142857142
06-30 11:00,1484.2857142857142
06-30 11:15,1484.2857142857142
06-30 11:30,1816.4866369371427
06-30 11:45,1484.2857142857142
06-30 12:00,1484.2857142857142
06-30 12:15,1484.2857142857142
06-30 12:30,2045.5398175428568
06-30 12:45,1484.2857142857142
06-30 13:00,1484.2857142857142
06-30 13:15,2129.46177181
06-30 13:30,1484.2857142857142
06-30 13:45,1484.2857142857142
06-30 14:00,1484.2857142857142
06-30 14:15,1484.2857142857142
06-30 14:30,1484.2857142857142
06-30 14:45,1953.002200105714
06-30 15:00,2391.411916587143
06-30 15:15,1484.2857142857142
06-30 15:30,1935.19347276
06-30 15:45,1484.2857142857142
06-30 16:00,0.0
06-30 16:15,0.0
06-30 16:30,0.0
06-30 16:45,5313.708589100002
06-30 17:00,0.0
06-30 17:15,0.0
06-30 17:30,0.0
06-30 17:45,0.0
06-30 18:00,0.0
06-30 18:15,0.0
06-30 18:30,0.0
06-30 18:45,0.0
06-30 19:00,0.0
06-30 19:15,0.0
06-30 19:30,0.0
06-30 19:45,0.0
06-30 20:00,0.0
06-30 20:15,0.0
06-30 20:30,0.0
06-30 20:45,0.0
06-30 21:00,0.0
06-30 21:15,0.0
06-30 21:30,0.0
06-30 21:45,0.0
06-30 22:00,0.0
06-30 22:15,0.0
06-30 22:30,0.0
06-30 22:45,0.0
06-30 23:00,0.0
06-30 23:15,0.0
06-30 23:30,0.0
06-30 23:45,0.0
07-01 00:00,0.0
07-01 00:15,0.0
07-01 00:30,0.0
07-01 00:45,0.0
07-01 01:00,0.0
07-01 01:15,0.0
07-01 01:30,0.0
07-01 01:45,0.0
07-01 02:00,0.0
07-01 02:15,0.0
07-01 02:30,0.0
07-01 02:45,930.8278498085696
07-01 03:00,0.0
07-01 03:15,0.0
07-01 03:30,0.0
07-01 03:45,0.0
07-01 04:00,0.0
07-01 04:15,0.0
07-01 04:30,0.0
07-01 04:45,0.0
07-01 05:00,0.0
07-01 05:15,0.0
07-01 05:30,0.0
07-01 05:45,0.0
07-01 06:00,0.0
07-01 06:15,0.0
07-01 06:30,0.0
07-01 06:45,0.0
07-01 07:00,0.0
07-01 07:15,1062.6292904428574
07-01 07:30,0.0
07-01 07:45,0.0
07-01 08:00,0.0
07-01 08:15,0.0
07-01 08:30,0.0
07-01 08:45,0.0
07-01 09:00,0.0
07-01 09:15,0.0
07-01 09:30,0.0
07-01 09:45,0.0
07-01 10:00,0.0
07-01 10:15,0.0
07-01 10:30,0.0
07-01 10:45,0.0
07-01 11:00,0.0
07-01 11:15,0.0
07-01 11:30,0.0
07-01 11:45,0.0
07-01 12:00,3445.773217214285
07-01 12:15,0.0
07-01 12:30,0.0
07-01 12:45,0.0
07-01 13:00,0.0
07-01 13:15,0.0
07-01 13:30,3573.8252603000005
07-01 13:45,0.0
07-01 14:00,0.0
07-01 14:15,4066.717274057143
07-01 14:30,1989.1547324714288
07-01 14:45,0.0
07-01 15:00,0.0
07-01 15:15,0.0
07-01 15:30,0.0
07-01 15:45,785.6282060299742
07-01 16:00,0.0
07-01 16:15,0.0
07-01 16:30,0.0
07-01 16:45,0.0
07-01 17:00,0.0
07-01 17:15,0.0
07-01 17:30,0.0
07-01 17:45,0.0
07-01 18:00,0.0
07-01 18:15,0.0
07-01 18:30,0.0
07-01 18:45,0.0
07-01 19:00,0.0
07-01 19:15,0.0
07-01 19:30,0.0
07-01 19:45,0.0
07-01 20:00,0.0
07-01 20:15,0.0
07-01 20:30,0.0
07-01 20:45,0.0
07-01 21:00,0.0
07-01 21:15,0.0
07-01 21:30,0.0
07-01 21:45,0.0
07-01 22:00,0.0
07-01 22:15,0.0
07-01 22:30,0.0
07-01 22:45,0.0
07-01 23:00,0.0
07-01 23:15,0.0
07-01 23:30,0.0
07-01 23:45,0.0
07-02 00:00,0.0
07-02 00:15,0.0
07-02 00:30,0.0
07-02 00:45,0.0
07-02 01:00,1484.2857142857142
07-02 01:15,1484.2857142857142
07-02 01:30,1484.2857142857142
07-02 01:45,1484.2857142857142
07-02 02:00,1484.2857142857142
07-02 02:15,1484.2857142857142
07-02 02:30,1484.2857142857142
07-02 02:45,1484.2857142857142
07-02 03:00,1484.2857142857142
07-02 03:15,1484.2857142857142
07-02 03:30,1484.2857142857142
07-02 03:45,1484.2857142857142
07-02 04:00,0.0
07-02 04:15,0.0
07-02 04:30,0.0
07-02 04:45,0.0
07-02 05:00,0.0
07-02 05:15,0.0
07-02 05:30,0.0
07-02 05:45,0.0
07-02 06:00,0.0
07-02 06:15,0.0
07-02 06:30,0.0
07-02 06:45,0.0
07-02 07:00,0.0
07-02 07:15,0.0
07-02 07:30,988.8498101714284
07-02 07:45,0.0
07-02 08:00,0.0
07-02 08:15,2206.7598916714287
07-02 08:30,0.0
07-02 08:45,0.0
07-02 09:00,43.123613900000194
07-02 09:15,0.0
07-02 09:30,0.0
07-02 09:45,0.0
07-02 10:00,0.0
07-02 10:15,0.0
07-02 10:30,0.0
07-02 10:45,0.0
07-02 11:00,0.0
07-02 11:15,0.0
07-02 11:30,0.0
07-02 11:45,2162.435591357143
07-02 12:00,0.0
07-02 12:15,0.0
07-02 12:30,0.0
07-02 12:45,0.0
07-02 13:00,0.0
07-02 13:15,0.0
07-02 13:30,0.0
07-02 13:45,0.0
07-02 14:00,0.0
07-02 14:15,0.0
07-02 14:30,0.0
07-02 14:45,0.0
07-02 15:00,0.0
07-02 15:15,146.51563098571455
07-02 15:30,0.0
07-02 15:45,0.0
07-02 16:00,0.0
07-02 16:15,0.0
07-02 16:30,0.0
07-02 16:45,0.0
07-02 17:00,0.0
07-02 17:15,0.0
07-02 17:30,0.0
07-02 17:45,0.0
07-02 18:00,0.0
07-02 18:15,0.0
07-02 18:30,0.0
07-02 18:45,0.0
07-02 19:00,0.0
07-02 19:15,0.0
07-02 19:30,0.0
07-02 19:45,0.0
07-02 20:00,0.0
07-02 20:15,0.0
07-02 20:30,0.0
07-02 20:45,0.0
07-02 21:00,0.0
07-02 21:15,0.0
07-02 21:30,0.0
07-02 21:45,0.0
07-02 22:00,0.0
07-02 22:15,0.0
07-02 22:30,0.0
07-02 22:45,0.0
07-02 23:00,0.0
07-02 23:15,0.0
07-02 23:30,0.0
07-02 23:45,0.0
07-03 00:00,0.0
07-03 00:15,0.0
07-03 00:30,0.0
07-03 00:45,0.0
07-03 01:00,1424.4416589257014
07-03 01:15,0.0
07-03 01:30,1484.2857142857142
07-03 01:45,1484.2857142857142
07-03 02:00,1484.2857142857142
07-03 02:15,1484.2857142857142
07-03 02:30,1484.2857142857142
07-03 02:45,1484.2857142857142
07-03 03:00,0.0
07-03 03:15,0.0
07-03 03:30,0.0
07-03 03:45,0.0
07-03 04:00,0.0
07-03 04:15,0.0
07-03 04:30,0.0
07-03 04:45,0.0
07-03 05:00,0.0
07-03 05:15,0.0
07-03 05:30,0.0
07-03 05:45,0.0
07-03 06:00,0.0
07-03 06:15,0.0
07-03 06:30,0.0
07-03 06:45,0.0
07-03 07:00,0.0
07-03 07:15,0.0
07-03 07:30,0.0
07-03 07:45,0.0
07-03 08:00,0.0
07-03 08:15,3341.595227357144
07-03 08:30,0.0
07-03 08:45,0.0
07-03 09:00,0.0
07-03 09:15,0.0
07-03 09:30,1715.9145648
07-03 09:45,0.0
07-03 10:00,2563.286351542857
07-03 10:15,0.0
07-03 10:30,0.0
07-03 10:45,0.0
07-03 11:00,0.0
07-03 11:15,1963.7266966571428
07-03 11:30,0.0
07-03 11:45,0.0
07-03 12:00,1547.822159485714
07-03 12:15,0.0
07-03 12:30,0.0
07-03 12:45,0.0
07-03 13:00,0.0
07-03 13:15,0.0
07-03 13:30,0.0
07-03 13:45,0.0
07-03 14:00,0.0
07-03 14:15,0.0
07-03 14:30,0.0
07-03 14:45,0.0
07-03 15:00,0.0
07-03 15:15,0.0
07-03 15:30,0.0
07-03 15:45,0.0
07-03 16:00,0.0
07-03 16:15,0.0
07-03 16:30,0.0
07-03 16:45,0.0
07-03 17:00,0.0
07-03 17:15,0.0
07-03 17:30,0.0
07-03 17:45,0.0
07-03 18:00,0.0
07-03 18:15,0.0
07-03 18:30,0.0
07-03 18:45,0.0
07-03 19:00,0.0
07-03 19:15,0.0
07-03 19:30,0.0
07-03 19:45,0.0
07-03 20:00,0.0
07-03 20:15,0.0
07-03 20:30,0.0
07-03 20:45,0.0
07-03 21:00,0.0
07-03 21:15,0.0
07-03 21:30,0.0
07-03 21:45,0.0
07-03 22:00,0.0
07-03 22:15,0.0
07-03 22:30,0.0
07-03 22:45,0.0
07-03 23:00,0.0
07-03 23:15,0.0
07-03 23:30,0.0
07-03 23:45,0.0
07-04 00:00,0.0
07-04 00:15,0.0
07-04 00:30,0.0
07-04 00:45,0.0
07-04 01:00,0.0
07-04 01:15,0.0
07-04 01:30,0.0
07-04 01:45,0.0
07-04 02:00,0.0
07-04 02:15,0.0
07-04 02:30,0.0
07-04 02:45,0.0
07-04 03:00,0.0
07-04 03:15,0.0
07-04 03:30,0.0
07-04 03:45,0.0
07-04 04:00,0.0
07-04 04:15,0.0
07-04 04:30,0.0
07-04 04:45,0.0
07-04 05:00,0.0
07-04 05:15,0.0
07-04 05:30,0.0
07-04 05:45,0.0
07-04 06:00,0.0
07-04 06:15,0.0
07-04 06:30,0.0
07-04 06:45,0.0
07-04 07:00,0.0
07-04 07:15,0.0
07-04 07:30,0.0
07-04 07:45,0.0
07-04 08:00,0.0
07-04 08:15,0.0
07-04 08:30,2884.5515841285724
07-04 08:45,0.0
07-04 09:00,0.0
07-04 09:15,0.0
07-04 09:30,0.0
07-04 09:45,0.0
07-04 10:00,0.0
07-04 10:15,0.0
07-04 10:30,0.0
07-04 10:45,0.0
07-04 11:00,0.0
07-04 11:15,0.0
07-04 11:30,0.0
07-04 11:45,0.0
07-04 12:00,0.0
07-04 12:15,0.0
07-04 12:30,0.0
07-04 12:45,0.0
07-04 13:00,0.0
07-04 13:15,0.0
07-04 13:30,0.0
07-04 13:45,0.0
07-04 14:00,6495.1324179
07-04 14:15,0.0
07-04 14:30,0.0
07-04 14:45,0.0
07-04 15:00,0.0
07-04 15:15,0.0
07-04 15:30,0.0
07-04 15:45,0.0
07-04 16:00,0.0
07-04 16:15,3187.3826687571427
07-04 16:30,1441.9435363428572
07-04 16:45,0.0
07-04 17:00,0.0
07-04 17:15,0.0
07-04 17:30,0.0
07-04 17:45,0.0
07-04 18:00,0.0
07-04 18:15,0.0
07-04 18:30,0.0
07-04 18:45,0.0
07-04 19:00,0.0
07-04 19:15,0.0
07-04 19:30,0.0
07-04 19:45,0.0
07-04 20:00,0.0
07-04 20:15,0.0
07-04 20:30,0.0
07-04 20:45,0.0
07-04 21:00,0.0
07-04 21:15,0.0
07-04 21:30,0.0
07-04 21:45,0.0
07-04 22:00,0.0
07-04 22:15,0.0
07-04 22:30,0.0
07-04 22:45,0.0
07-04 23:00,0.0
07-04 23:15,0.0
07-04 23:30,0.0
07-04 23:45,0.0
07-05 00:00,0.0
07-05 00:15,0.0
07-05 00:30,0.0
07-05 00:45,0.0
07-05 01:00,0.0
07-05 01:15,0.0
07-05 01:30,0.0
07-05 01:45,0.0
07-05 02:00,0.0
07-05 02:15,0.0
07-05 02:30,0.0
07-05 02:45,0.0
07-05 03:00,0.0
07-05 03:15,0.0
07-05 03:30,0.0
07-05 03:45,0.0
07-05 04:00,0.0
07-05 04:15,0.0
07-05 04:30,0.0
07-05 04:45,0.0
07-05 05:00,0.0
07-05 05:15,0.0
07-05 05:30,0.0
07-05 05:45,0.0
07-05 06:00,0.0
07-05 06:15,0.0
07-05 06:30,2234.994801957143
07-05 06:45,0.0
07-05 07:00,0.0
07-05 07:15,0.0
07-05 07:30,0.0
07-05 07:45,0.0
07-05 08:00,0.0
07-05 08:15,0.0
07-05 08:30,0.0
07-05 08:45,0.0
07-05 09:00,0.0
07-05 09:15,0.0
07-05 09:30,0.0
07-05 09:45,0.0
07-05 10:00,1032.8414120142857
07-05 10:15,0.0
07-05 10:30,0.0
07-05 10:45,0.0
07-05 11:00,0.0
07-05 11:15,0.0
07-05 11:30,0.0
07-05 11:45,0.0
07-05 12:00,0.0
07-05 12:15,0.0
07-05 12:30,0.0
07-05 12:45,0.0
07-05 13:00,0.0
07-05 13:15,0.0
07-05 13:30,0.0
07-05 13:45,0.0
07-05 14:00,0.0
07-05 14:15,0.0
07-05 14:30,0.0
07-05 14:45,0.0
07-05 15:00,0.0
07-05 15:15,403.396726357143
07-05 15:30,0.0
07-05 15:45,3266.8031875
07-05 16:00,0.0
07-05 16:15,0.0
07-05 16:30,0.0
07-05 16:45,0.0
07-05 17:00,0.0
07-05 17:15,0.0
07-05 17:30,0.0
07-05 17:45,0.0
07-05 18:00,0.0
07-05 18:15,0.0
07-05 18:30,0.0
07-05 18:45,0.0
07-05 19:00,0.0
07-05 19:15,0.0
07-05 19:30,0.0
07-05 19:45,0.0
07-05 20:00,0.0
07-05 20:15,0.0
07-05 20:30,0.0
07-05 20:45,0.0
07-05 21:00,0.0
07-05 21:15,0.0
07-05 21:30,0.0
07-05 21:45,0.0
07-05 22:00,0.0
07-05 22:15,0.0
07-05 22:30,0.0
07-05 22:45,0.0
07-05 23:00,0.0
07-05 23:15,0.0
07-05 23:30,0.0
07-05 23:45,0.0
07-06 00:00,0.0
07-06 00:15,0.0
07-06 00:30,0.0
07-06 00:45,0.0
07-06 01:00,0.0
07-06 01:15,0.0
07-06 01:30,0.0
07-06 01:45,0.0
07-06 02:00,0.0
07-06 02:15,0.0
07-06 02:30,0.0
07-06 02:45,0.0
07-06 03:00,0.0
07-06 03:15,0.0
07-06 03:30,2849.057797271429
07-06 03:45,0.0
07-06 04:00,0.0
07-06 04:15,0.0
07-06 04:30,0.0
07-06 04:45,0.0
07-06 05:00,0.0
07-06 05:15,0.0
07-06 05:30,0.0
07-06 05:45,0.0
07-06 06:00,0.0
07-06 06:15,3407.079781357144
07-06 06:30,0.0
07-06 06:45,0.0
07-06 07:00,0.0
07-06 07:15,0.0
07-06 07:30,0.0
07-06 07:45,3119.916391214286
07-06 08:00,0.0
07-06 08:15,0.0
07-06 08:30,0.0
07-06 08:45,0.0
07-06 09:00,4878.596827714287
07-06 09:15,0.0
07-06 09:30,0.0
07-06 09:45,0.0
07-06 10:00,0.0
07-06 10:15,0.0
07-06 10:30,0.0
07-06 10:45,0.0
07-06 11:00,0.0
07-06 11:15,0.0
07-06 11:30,0.0
07-06 11:45,0.0
07-06 12:00,1313.7742161000008
07-06 12:15,1484.2857142857142
07-06 12:30,1484.2857142857142
07-06 12:45,0.0
07-06 13:00,2159.6547343699995
07-06 13:15,1484.2857142857142
07-06 13:30,1988.5059217771425
07-06 13:45,1484.2857142857142
07-06 14:00,0.0
07-06 14:15,0.0
07-06 14:30,0.0
07-06 14:45,5267.488367742858
07-06 15:00,0.0
07-06 15:15,0.0
07-06 15:30,0.0
07-06 15:45,0.0
07-06 16:00,0.0
07-06 16:15,4021.983473071428
07-06 16:30,0.0
07-06 16:45,0.0
07-06 17:00,0.0
07-06 17:15,0.0
07-06 17:30,0.0
07-06 17:45,0.0
07-06 18:00,0.0
07-06 18:15,0.0
07-06 18:30,0.0
07-06 18:45,2627.378401685715
07-06 19:00,1494.8413910000004
07-06 19:15,0.0
07-06 19:30,0.0
07-06 19:45,0.0
07-06 20:00,0.0
07-06 20:15,0.0
07-06 20:30,0.0
07-06 20:45,0.0
07-06 21:00,0.0
07-06 21:15,0.0
07-06 21:30,0.0
07-06 21:45,0.0
07-06 22:00,0.0
07-06 22:15,0.0
07-06 22:30,0.0
07-06 22:45,0.0
07-06 23:00,0.0
07-06 23:15,0.0
07-06 23:30,0.0
07-06 23:45,0.0
07-07 00:00,0.0
07-07 00:15,0.0
07-07 00:30,0.0
07-07 00:45,0.0
07-07 01:00,0.0
07-07 01:15,0.0
07-07 01:30,1484.2857142857142
07-07 01:45,808.7964568570901
07-07 02:00,1484.2857142857142
07-07 02:15,1484.2857142857142
07-07 02:30,1484.2857142857142
07-07 02:45,1484.2857142857142
07-07 03:00,1484.2857142857142
07-07 03:15,1484.2857142857142
07-07 03:30,1484.2857142857142
07-07 03:45,1484.2857142857142
07-07 04:00,1484.2857142857142
07-07 04:15,1484.2857142857142
07-07 04:30,1484.2857142857142
07-07 04:45,1484.2857142857142
07-07 05:00,1484.2857142857142
07-07 05:15,2159.414744292857
07-07 05:30,1484.2857142857142
07-07 05:45,1484.2857142857142
07-07 06:00,1882.1288485157145
07-07 06:15,1484.2857142857142
07-07 06:30,1484.2857142857142
07-07 06:45,2295.22147683
07-07 07:00,1484.2857142857142
07-07 07:15,1979.091593788572
07-07 07:30,2215.6031490571427
07-07 07:45,1484.2857142857142
07-07 08:00,0.0
07-07 08:15,0.0
07-07 08:30,0.0
07-07 08:45,0.0
07-07 09:00,0.0
07-07 09:15,0.0
07-07 09:30,0.0
07-07 09:45,0.0
07-07 10:00,0.0
07-07 10:15,0.0
07-07 10:30,0.0
07-07 10:45,0.0
07-07 11:00,0.0
07-07 11:15,0.0
07-07 11:30,0.0
07-07 11:45,0.0
07-07 12:00,2120.839101794286
07-07 12:15,1484.2857142857142
07-07 12:30,2168.004078774285
07-07 12:45,2015.247319587143
07-07 13:00,1484.2857142857142
07-07 13:15,1484.2857142857142
07-07 13:30,1484.2857142857142
07-07 13:45,1484.2857142857142
07-07 14:00,2099.8564098257143
07-07 14:15,1484.2857142857142
07-07 14:30,1484.2857142857142
07-07 14:45,1484.2857142857142
07-07 15:00,1484.2857142857142
07-07 15:15,1484.2857142857142
07-07 15:30,1484.2857142857142
07-07 15:45,1484.2857142857142
07-07 16:00,0.0
07-07 16:15,0.0
07-07 16:30,0.0
07-07 16:45,1141.6026730314245
07-07 17:00,0.0
07-07 17:15,0.0
07-07 17:30,3360.9401334571426
07-07 17:45,1484.2857142857142
07-07 18:00,0.0
07-07 18:15,0.0
07-07 18:30,0.0
07-07 18:45,0.0
07-07 19:00,0.0
07-07 19:15,0.0
07-07 19:30,0.0
07-07 19:45,0.0
07-07 20:00,0.0
07-07 20:15,0.0
07-07 20:30,0.0
07-07 20:45,0.0
07-07 21:00,0.0
07-07 21:15,0.0
07-07 21:30,0.0
07-07 21:45,0.0
07-07 22:00,0.0
07-07 22:15,0.0
07-07 22:30,0.0
07-07 22:45,0.0
07-07 23:00,0.0
07-07 23:15,0.0
07-07 23:30,0.0
07-07 23:45,0.0
07-08 00:00,0.0
07-08 00:15,0.0
07-08 00:30,0.0
07-08 00:45,0.0
07-08 01:00,0.0
07-08 01:15,0.0
07-08 01:30,1102.0603001299935
07-08 01:45,0.0
07-08 02:00,0.0
07-08 02:15,0.0
07-08 02:30,0.0
07-08 02:45,0.0
07-08 03:00,0.0
07-08 03:15,0.0
07-08 03:30,0.0
07-08 03:45,0.0
07-08 04:00,0.0
07-08 04:15,0.0
07-08 04:30,0.0
07-08 04:45,0.0
07-08 05:00,0.0
07-08 05:15,0.0
07-08 05:30,0.0
07-08 05:45,0.0
07-08 06:00,0.0
07-08 06:15,0.0
07-08 06:30,0.0
07-08 06:45,1716.1362207285715
07-08 07:00,0.0
07-08 07:15,0.0
07-08 07:30,0.0
07-08 07:45,0.0
07-08 08:00,0.0
07-08 08:15,0.0
07-08 08:30,0.0
07-08 08:45,0.0
07-08 09:00,0.0
07-08 09:15,0.0
07-08 09:30,0.0
07-08 09:45,0.0
07-08 10:00,0.0
07-08 10:15,0.0
07-08 10:30,0.0
07-08 10:45,0.0
07-08 11:00,0.0
07-08 11:15,0.0
07-08 11:30,0.0
07-08 11:45,1764.4907674285716
07-08 12:00,0.0
07-08 12:15,0.0
07-08 12:30,4810.312466371428
07-08 12:45,2675.855241157143
07-08 13:00,0.0
07-08 13:15,0.0
07-08 13:30,0.0
07-08 13:45,0.0
07-08 14:00,0.0
07-08 14:15,0.0
07-08 14:30,0.0
07-08 14:45,3519.4589961142865
07-08 15:00,0.0
07-08 15:15,0.0
07-08 15:30,0.0
07-08 15:45,0.0
07-08 16:00,0.0
07-08 16:15,0.0
07-08 16:30,0.0
07-08 16:45,0.0
07-08 17:00,0.0
07-08 17:15,0.0
07-08 17:30,0.0
07-08 17:45,0.0
07-08 18:00,0.0
07-08 18:15,0.0
07-08 18:30,0.0
07-08 18:45,0.0
07-08 19:00,0.0
07-08 19:15,0.0
07-08 19:30,0.0
07-08 19:45,0.0
07-08 20:00,0.0
07-08 20:15,0.0
07-08 20:30,0.0
07-08 20:45,0.0
07-08 21:00,0.0
07-08 21:15,0.0
07-08 21:30,0.0
07-08 21:45,0.0
07-08 22:00,0.0
07-08 22:15,0.0
07-08 22:30,0.0
07-08 22:45,0.0
07-08 23:00,0.0
07-08 23:15,0.0
07-08 23:30,0.0
07-08 23:45,0.0
07-09 00:00,0.0
07-09 00:15,0.0
07-09 00:30,1850.0703520285715
07-09 00:45,0.0
07-09 01:00,1484.2857142857142
07-09 01:15,1484.2857142857142
07-09 01:30,1484.2857142857142
07-09 01:45,1484.2857142857142
07-09 02:00,1484.2857142857142
07-09 02:15,1484.2857142857142
07-09 02:30,1484.2857142857142
07-09 02:45,1484.2857142857142
07-09 03:00,1484.2857142857142
07-09 03:15,0.0
07-09 03:30,0.0
07-09 03:45,1096.5791192585582
07-09 04:00,0.0
07-09 04:15,0.0
07-09 04:30,0.0
07-09 04:45,0.0
07-09 05:00,0.0
07-09 05:15,0.0
07-09 05:30,0.0
07-09 05:45,0.0
07-09 06:00,0.0
07-09 06:15,0.0
07-09 06:30,0.0
07-09 06:45,0.0
07-09 07:00,0.0
07-09 07:15,0.0
07-09 07:30,0.0
07-09 07:45,0.0
07-09 08:00,0.0
07-09 08:15,0.0
07-09 08:30,0.0
07-09 08:45,0.0
07-09 09:00,0.0
07-09 09:15,0.0
07-09 09:30,0.0
07-09 09:45,0.0
07-09 10:00,2458.981454128572
07-09 10:15,0.0
07-09 10:30,2995.031042757143
07-09 10:45,0.0
07-09 11:00,4561.168132042858
07-09 11:15,0.0
07-09 11:30,0.0
07-09 11:45,0.0
07-09 12:00,0.0
07-09 12:15,2085.1473724714288
07-09 12:30,0.0
07-09 12:45,0.0
07-09 13:00,0.0
07-09 13:15,0.0
07-09 13:30,0.0
07-09 13:45,0.0
07-09 14:00,0.0
07-09 14:15,0.0
07-09 14:30,0.0
07-09 14:45,0.0
07-09 15:00,0.0
07-09 15:15,0.0
07-09 15:30,0.0
07-09 15:45,0.0
07-09 16:00,0.0
07-09 16:15,0.0
07-09 16:30,0.0
07-09 16:45,0.0
07-09 17:00,0.0
07-09 17:15,0.0
07-09 17:30,0.0
07-09 17:45,0.0
07-09 18:00,0.0
07-09 18:15,0.0
07-09 18:30,0.0
07-09 18:45,0.0
07-09 19:00,0.0
07-09 19:15,0.0
07-09 19:30,0.0
07-09 19:45,0.0
07-09 20:00,0.0
07-09 20:15,0.0
07-09 20:30,0.0
07-09 20:45,0.0
07-09 21:00,0.0
07-09 21:15,0.0
07-09 21:30,0.0
07-09 21:45,0.0
07-09 22:00,0.0
07-09 22:15,0.0
07-09 22:30,0.0
07-09 22:45,0.0
07-09 23:00,0.0
07-09 23:15,0.0
07-09 23:30,0.0
07-09 23:45,0.0
07-10 00:00,0.0
07-10 00:15,0.0
07-10 00:30,0.0
07-10 00:45,0.0
07-10 01:00,969.8587326128612
07-10 01:15,1484.2857142857142
07-10 01:30,1484.2857142857142
07-10 01:45,1484.2857142857142
07-10 02:00,1484.2857142857142
07-10 02:15,1484.2857142857142
07-10 02:30,1484.2857142857142
07-10 02:45,1484.2857142857142
07-10 03:00,0.0
07-10 03:15,0.0
07-10 03:30,0.0
07-10 03:45,0.0
07-10 04:00,0.0
07-10 04:15,0.0
07-10 04:30,0.0
07-10 04:45,0.0
07-10 05:00,0.0
07-10 05:15,0.0
07-10 05:30,0.0
07-10 05:45,0.0
07-10 06:00,0.0
07-10 06:15,0.0
07-10 06:30,0.0
07-10 06:45,0.0
07-10 07:00,0.0
07-10 07:15,0.0
07-10 07:30,0.0
07-10 07:45,0.0
07-10 08:00,0.0
07-10 08:15,0.0
07-10 08:30,0.0
07-10 08:45,0.0
07-10 09:00,0.0
07-10 09:15,0.0
07-10 09:30,0.0
07-10 09:45,0.0
07-10 10:00,0.0
07-10 10:15,0.0
07-10 10:30,0.0
07-10 10:45,0.0
07-10 11:00,0.0
07-10 11:15,0.0
07-10 11:30,0.0
07-10 11:45,3486.795661414286
07-10 12:00,1675.4555615285713
07-10 12:15,0.0
07-10 12:30,0.0
07-10 12:45,0.0
07-10 13:00,0.0
07-10 13:15,0.0
07-10 13:30,1719.8916353142856
07-10 13:45,0.0
07-10 14:00,0.0
07-10 14:15,0.0
07-10 14:30,0.0
07-10 14:45,0.0
07-10 15:00,0.0
07-10 15:15,0.0
07-10 15:30,0.0
07-10 15:45,0.0
07-10 16:00,0.0
07-10 16:15,0.0
07-10 16:30,0.0
07-10 16:45,0.0
07-10 17:00,0.0
07-10 17:15,0.0
07-10 17:30,0.0
07-10 17:45,0.0
07-10 18:00,3428.0062261571434
07-10 18:15,0.0
07-10 18:30,0.0
07-10 18:45,0.0
07-10 19:00,0.0
07-10 19:15,0.0
07-10 19:30,0.0
07-10 19:45,0.0
07-10 20:00,0.0
07-10 20:15,0.0
07-10 20:30,0.0
07-10 20:45,0.0
07-10 21:00,0.0
07-10 21:15,0.0
07-10 21:30,0.0
07-10 21:45,0.0
07-10 22:00,0.0
07-10 22:15,0.0
07-10 22:30,0.0
07-10 22:45,0.0
07-10 23:00,0.0
07-10 23:15,0.0
07-10 23:30,0.0
07-10 23:45,0.0
07-11 00:00,0.0
07-11 00:15,0.0
07-11 00:30,0.0
07-11 00:45,0.0
07-11 01:00,0.0
07-11 01:15,0.0
07-11 01:30,0.0
07-11 01:45,0.0
07-11 02:00,0.0
07-11 02:15,0.0
07-11 02:30,0.0
07-11 02:45,0.0
07-11 03:00,0.0
07-11 03:15,0.0
07-11 03:30,0.0
07-11 03:45,0.0
07-11 04:00,0.0
07-11 04:15,0.0
07-11 04:30,0.0
07-11 04:45,0.0
07-11 05:00,0.0
07-11 05:15,0.0
07-11 05:30,0.0
07-11 05:45,0.0
07-11 06:00,0.0
07-11 06:15,0.0
07-11 06:30,0.0
07-11 06:45,0.0
07-11 07:00,0.0
07-11 07:15,0.0
07-11 07:30,0.0
07-11 07:45,0.0
07-11 08:00,0.0
07-11 08:15,0.0
07-11 08:30,0.0
07-11 08:45,0.0
07-11 09:00,0.0
07-11 09:15,0.0
07-11 09:30,0.0
07-11 09:45,0.0
07-11 10:00,0.0
07-11 10:15,0.0
07-11 10:30,0.0
07-11 10:45,0.0
07-11 11:00,0.0
07-11 11:15,0.0
07-11 11:30,0.0
07-11 11:45,4511.107483242858
07-11 12:00,0.0
07-11 12:15,0.0
07-11 12:30,0.0
07-11 12:45,0.0
07-11 13:00,0.0
07-11 13:15,0.0
07-11 13:30,0.0
07-11 13:45,0.0
07-11 14:00,0.0
07-11 14:15,0.0
07-11 14:30,0.0
07-11 14:45,0.0
07-11 15:00,0.0
07-11 15:15,0.0
07-11 15:30,0.0
07-11 15:45,0.0
07-11 16:00,0.0
07-11 16:15,0.0
07-11 16:30,0.0
07-11 16:45,0.0
07-11 17:00,0.0
07-11 17:15,0.0
07-11 17:30,0.0
07-11 17:45,0.0
07-11 18:00,0.0
07-11 18:15,0.0
07-11 18:30,0.0
07-11 18:45,0.0
07-11 19:00,0.0
07-11 19:15,0.0
07-11 19:30,0.0
07-11 19:45,0.0
07-11 20:00,0.0
07-11 20:15,0.0
07-11 20:30,0.0
07-11 20:45,0.0
07-11 21:00,0.0
07-11 21:15,0.0
07-11 21:30,0.0
07-11 21:45,0.0
07-11 22:00,0.0
07-11 22:15,0.0
07-11 22:30,0.0
07-11 22:45,0.0
07-11 23:00,0.0
07-11 23:15,0.0
07-11 23:30,0.0
07-11 23:45,0.0
07-12 00:00,0.0
07-12 00:15,0.0
07-12 00:30,0.0
07-12 00:45,0.0
07-12 01:00,0.0
07-12 01:15,0.0
07-12 01:30,0.0
07-12 01:45,0.0
07-12 02:00,0.0
07-12 02:15,0.0
07-12 02:30,0.0
07-12 02:45,0.0
07-12 03:00,0.0
07-12 03:15,0.0
07-12 03:30,0.0
07-12 03:45,0.0
07-12 04:00,0.0
07-12 04:15,0.0
07-12 04:30,0.0
07-12 04:45,0.0
07-12 05:00,0.0
07-12 05:15,0.0
07-12 05:30,0.0
07-12 05:45,0.0
07-12 06:00,0.0
07-12 06:15,0.0
07-12 06:30,0.0
07-12 06:45,0.0
07-12 07:00,0.0
07-12 07:15,0.0
07-12 07:30,0.0
07-12 07:45,3161.643826314285
07-12 08:00,0.0
07-12 08:15,0.0
07-12 08:30,0.0
07-12 08:45,0.0
07-12 09:00,0.0
07-12 09:15,0.0
07-12 09:30,0.0
07-12 09:45,0.0
07-12 10:00,0.0
07-12 10:15,0.0
07-12 10:30,0.0
07-12 10:45,0.0
07-12 11:00,0.0
07-12 11:15,0.0
07-12 11:30,0.0
07-12 11:45,0.0
07-12 12:00,0.0
07-12 12:15,0.0
07-12 12:30,0.0
07-12 12:45,0.0
07-12 13:00,0.0
07-12 13:15,0.0
07-12 13:30,804.6577281571429
07-12 13:45,0.0
07-12 14:00,0.0
07-12 14:15,0.0
07-12 14:30,0.0
07-12 14:45,0.0
07-12 15:00,0.0
07-12 15:15,0.0
07-12 15:30,0.0
07-12 15:45,0.0
07-12 16:00,0.0
07-12 16:15,5036.097088371429
07-12 16:30,0.0
07-12 16:45,0.0
07-12 17:00,0.0
07-12 17:15,0.0
07-12 17:30,0.0
07-12 17:45,0.0
07-12 18:00,0.0
07-12 18:15,0.0
07-12 18:30,0.0
07-12 18:45,0.0
07-12 19:00,0.0
07-12 19:15,0.0
07-12 19:30,0.0
07-12 19:45,0.0
07-12 20:00,0.0
07-12 20:15,0.0
07-12 20:30,0.0
07-12 20:45,0.0
07-12 21:00,0.0
07-12 21:15,0.0
07-12 21:30,0.0
07-12 21:45,0.0
07-12 22:00,0.0
07-12 22:15,0.0
07-12 22:30,0.0
07-12 22:45,0.0
07-12 23:00,0.0
07-12 23:15,0.0
07-12 23:30,0.0
07-12 23:45,0.0
07-13 00:00,0.0
07-13 00:15,0.0
07-13 00:30,0.0
07-13 00:45,0.0
07-13 01:00,0.0
07-13 01:15,0.0
07-13 01:30,0.0
07-13 01:45,0.0
07-13 02:00,0.0
07-13 02:15,0.0
07-13 02:30,0.0
07-13 02:45,0.0
07-13 03:00,0.0
07-13 03:15,0.0
07-13 03:30,0.0
07-13 03:45,0.0
07-13 04:00,0.0
07-13 04:15,0.0
07-13 04:30,0.0
07-13 04:45,0.0
07-13 05:00,0.0
07-13 05:15,0.0
07-13 05:30,0.0
07-13 05:45,0.0
07-13 06:00,0.0
07-13 06:15,0.0
07-13 06:30,0.0
07-13 06:45,0.0
07-13 07:00,0.0
07-13 07:15,0.0
07-13 07:30,0.0
07-13 07:45,1117.4188287142858
07-13 08:00,0.0
07-13 08:15,2371.3416470428574
07-13 08:30,0.0
07-13 08:45,0.0
07-13 09:00,0.0
07-13 09:15,0.0
07-13 09:30,0.0
07-13 09:45,0.0
07-13 10:00,0.0
07-13 10:15,0.0
07-13 10:30,0.0
07-13 10:45,0.0
07-13 11:00,0.0
07-13 11:15,0.0
07-13 11:30,0.0
07-13 11:45,0.0
07-13 12:00,0.0
07-13 12:15,0.0
07-13 12:30,0.0
07-13 12:45,0.0
07-13 13:00,0.0
07-13 13:15,0.0
07-13 13:30,0.0
07-13 13:45,0.0
07-13 14:00,1484.2857142857142
07-13 14:15,1484.2857142857142
07-13 14:30,1484.2857142857142
07-13 14:45,1484.2857142857142
07-13 15:00,7977.574489771428
07-13 15:15,2222.2839924642853
07-13 15:30,1659.510971708571
07-13 15:45,1484.2857142857142
07-13 16:00,0.0
07-13 16:15,0.0
07-13 16:30,0.0
07-13 16:45,3420.830588157143
07-13 17:00,0.0
07-13 17:15,0.0
07-13 17:30,0.0
07-13 17:45,0.0
07-13 18:00,0.0
07-13 18:15,0.0
07-13 18:30,0.0
07-13 18:45,0.0
07-13 19:00,0.0
07-13 19:15,0.0
07-13 19:30,0.0
07-13 19:45,4166.074497071429
07-13 20:00,0.0
07-13 20:15,0.0
07-13 20:30,0.0
07-13 20:45,0.0
07-13 21:00,0.0
07-13 21:15,0.0
07-13 21:30,0.0
07-13 21:45,0.0
07-13 22:00,0.0
07-13 22:15,0.0
07-13 22:30,0.0
07-13 22:45,0.0
07-13 23:00,0.0
07-13 23:15,0.0
07-13 23:30,0.0
07-13 23:45,0.0
07-14 00:00,0.0
07-14 00:15,0.0
07-14 00:30,0.0
07-14 00:45,0.0
07-14 01:00,0.0
07-14 01:15,0.0
07-14 01:30,1484.2857142857142
07-14 01:45,193.7219415913916
07-14 02:00,1484.2857142857142
07-14 02:15,1484.2857142857142
07-14 02:30,1484.2857142857142
07-14 02:45,1484.2857142857142
07-14 03:00,1484.2857142857142
07-14 03:15,1484.2857142857142
07-14 03:30,1484.2857142857142
07-14 03:45,1484.2857142857142
07-14 04:00,1484.2857142857142
07-14 04:15,1484.2857142857142
07-14 04:30,1484.2857142857142
07-14 04:45,1484.2857142857142
07-14 05:00,1976.35422418
07-14 05:15,1484.2857142857142
07-14 05:30,1484.2857142857142
07-14 05:45,1484.2857142857142
07-14 06:00,0.0
07-14 06:15,0.0
07-14 06:30,0.0
07-14 06:45,0.0
07-14 07:00,0.0
07-14 07:15,0.0
07-14 07:30,0.0
07-14 07:45,0.0
07-14 08:00,1343.3103301714286
07-14 08:15,0.0
07-14 08:30,715.2787363428573
07-14 08:45,0.0
07-14 09:00,0.0
07-14 09:15,0.0
07-14 09:30,0.0
07-14 09:45,0.0
07-14 10:00,0.0
07-14 10:15,2237.1892958
07-14 10:30,0.0
07-14 10:45,0.0
07-14 11:00,0.0
07-14 11:15,0.0
07-14 11:30,0.0
07-14 11:45,0.0
07-14 12:00,0.0
07-14 12:15,0.0
07-14 12:30,0.0
07-14 12:45,0.0
07-14 13:00,1484.2857142857142
07-14 13:15,1484.2857142857142
07-14 13:30,1484.2857142857142
07-14 13:45,1484.2857142857142
07-14 14:00,1484.2857142857142
07-14 14:15,1484.2857142857142
07-14 14:30,1874.6169099557144
07-14 14:45,1484.2857142857142
07-14 15:00,1484.2857142857142
07-14 15:15,2189.842460671429
07-14 15:30,1484.2857142857142
07-14 15:45,1484.2857142857142
07-14 16:00,0.0
07-14 16:15,0.0
07-14 16:30,0.0
07-14 16:45,0.0
07-14 17:00,0.0
07-14 17:15,0.0
07-14 17:30,0.0
07-14 17:45,0.0
07-14 18:00,0.0
07-14 18:15,0.0
07-14 18:30,0.0
07-14 18:45,4796.625764414285
07-14 19:00,0.0
07-14 19:15,0.0
07-14 19:30,0.0
07-14 19:45,0.0
07-14 20:00,0.0
07-14 20:15,0.0
07-14 20:30,0.0
07-14 20:45,0.0
07-14 21:00,0.0
07-14 21:15,0.0
07-14 21:30,0.0
07-14 21:45,0.0
07-14 22:00,0.0
07-14 22:15,0.0
07-14 22:30,0.0
07-14 22:45,0.0
07-14 23:00,0.0
07-14 23:15,0.0
07-14 23:30,0.0
07-14 23:45,0.0
07-15 00:00,0.0
07-15 00:15,0.0
07-15 00:30,0.0
07-15 00:45,0.0
07-15 01:00,0.0
07-15 01:15,0.0
07-15 01:30,0.0
07-15 01:45,0.0
07-15 02:00,0.0
07-15 02:15,0.0
07-15 02:30,0.0
07-15 02:45,0.0
07-15 03:00,951.3736502714312
07-15 03:15,1484.2857142857142
07-15 03:30,1484.2857142857142
07-15 03:45,1484.2857142857142
07-15 04:00,0.0
07-15 04:15,0.0
07-15 04:30,0.0
07-15 04:45,0.0
07-15 05:00,0.0
07-15 05:15,0.0
07-15 05:30,0.0
07-15 05:45,0.0
07-15 06:00,0.0
07-15 06:15,0.0
07-15 06:30,0.0
07-15 06:45,3718.9600582428575
07-15 07:00,3122.3636642428573
07-15 07:15,0.0
07-15 07:30,0.0
07-15 07:45,0.0
07-15 08:00,0.0
07-15 08:15,0.0
07-15 08:30,0.0
07-15 08:45,0.0
07-15 09:00,0.0
07-15 09:15,0.0
07-15 09:30,0.0
07-15 09:45,0.0
07-15 10:00,0.0
07-15 10:15,0.0
07-15 10:30,0.0
07-15 10:45,0.0
07-15 11:00,0.0
07-15 11:15,0.0
07-15 11:30,0.0
07-15 11:45,0.0
07-15 12:00,0.0
07-15 12:15,0.0
07-15 12:30,4595.0762922
07-15 12:45,0.0
07-15 13:00,0.0
07-15 13:15,0.0
07-15 13:30,0.0
07-15 13:45,1558.0476280285714
07-15 14:00,0.0
07-15 14:15,0.0
07-15 14:30,0.0
07-15 14:45,0.0
07-15 15:00,0.0
07-15 15:15,3316.1522440142858
07-15 15:30,0.0
07-15 15:45,0.0
07-15 16:00,0.0
07-15 16:15,0.0
07-15 16:30,0.0
07-15 16:45,0.0
07-15 17:00,0.0
07-15 17:15,0.0
07-15 17:30,0.0
07-15 17:45,0.0
07-15 18:00,0.0
07-15 18:15,0.0
07-15 18:30,0.0
07-15 18:45,3034.8129366857142
07-15 19:00,0.0
07-15 19:15,0.0
07-15 19:30,0.0
07-15 19:45,0.0
07-15 20:00,0.0
07-15 20:15,0.0
07-15 20:30,0.0
07-15 20:45,0.0
07-15 21:00,0.0
07-15 21:15,0.0
07-15 21:30,0.0
07-15 21:45,0.0
07-15 22:00,0.0
07-15 22:15,0.0
07-15 22:30,0.0
07-15 22:45,3228.3376610571427
07-15 23:00,1488.1542976571427
07-15 23:15,0.0
07-15 23:30,0.0
07-15 23:45,0.0
07-16 00:00,0.0
07-16 00:15,0.0
07-16 00:30,0.0
07-16 00:45,0.0
07-16 01:00,1484.2857142857142
07-16 01:15,1484.2857142857142
07-16 01:30,1484.2857142857142
07-16 01:45,1484.2857142857142
07-16 02:00,1484.2857142857142
07-16 02:15,1484.2857142857142
07-16 02:30,1484.2857142857142
07-16 02:45,1484.2857142857142
07-16 03:00,1484.2857142857142
07-16 03:15,1484.2857142857142
07-16 03:30,1484.2857142857142
07-16 03:45,1484.2857142857142
07-16 04:00,999.8319362542674
07-16 04:15,1484.2857142857142
07-16 04:30,0.0
07-16 04:45,0.0
07-16 05:00,0.0
07-16 05:15,0.0
07-16 05:30,0.0
07-16 05:45,0.0
07-16 06:00,0.0
07-16 06:15,0.0
07-16 06:30,0.0
07-16 06:45,0.0
07-16 07:00,0.0
07-16 07:15,0.0
07-16 07:30,0.0
07-16 07:45,0.0
07-16 08:00,0.0
07-16 08:15,0.0
07-16 08:30,0.0
07-16 08:45,0.0
07-16 09:00,0.0
07-16 09:15,0.0
07-16 09:30,0.0
07-16 09:45,0.0
07-16 10:00,0.0
07-16 10:15,0.0
07-16 10:30,0.0
07-16 10:45,0.0
07-16 11:00,0.0
07-16 11:15,0.0
07-16 11:30,0.0
07-16 11:45,0.0
07-16 12:00,0.0
07-16 12:15,0.0
07-16 12:30,0.0
07-16 12:45,0.0
07-16 13:00,0.0
07-16 13:15,0.0
07-16 13:30,0.0
07-16 13:45,0.0
07-16 14:00,0.0
07-16 14:15,1670.7051546857144
07-16 14:30,0.0
07-16 14:45,0.0
07-16 15:00,0.0
07-16 15:15,0.0
07-16 15:30,0.0
07-16 15:45,0.0
07-16 16:00,0.0
07-16 16:15,0.0
07-16 16:30,0.0
07-16 16:45,0.0
07-16 17:00,0.0
07-16 17:15,0.0
07-16 17:30,0.0
07-16 17:45,948.7010470142858
07-16 18:00,0.0
07-16 18:15,0.0
07-16 18:30,0.0
07-16 18:45,0.0
07-16 19:00,0.0
07-16 19:15,0.0
07-16 19:30,0.0
07-16 19:45,0.0
07-16 20:00,0.0
07-16 20:15,0.0
07-16 20:30,0.0
07-16 20:45,0.0
07-16 21:00,0.0
07-16 21:15,0.0
07-16 21:30,0.0
07-16 21:45,0.0
07-16 22:00,0.0
07-16 22:15,0.0
07-16 22:30,0.0
07-16 22:45,0.0
07-16 23:00,0.0
07-16 23:15,0.0
07-16 23:30,0.0
07-16 23:45,0.0
07-17 00:00,0.0
07-17 00:15,0.0
07-17 00:30,0.0
07-17 00:45,0.0
07-17 01:00,0.0
07-17 01:15,0.0
07-17 01:30,0.0
07-17 01:45,0.0
07-17 02:00,0.0
07-17 02:15,0.0
07-17 02:30,0.0
07-17 02:45,0.0
07-17 03:00,0.0
07-17 03:15,0.0
07-17 03:30,0.0
07-17 03:45,0.0
07-17 04:00,0.0
07-17 04:15,0.0
07-17 04:30,0.0
07-17 04:45,0.0
07-17 05:00,0.0
07-17 05:15,0.0
07-17 05:30,0.0
07-17 05:45,0.0
07-17 06:00,0.0
07-17 06:15,0.0
07-17 06:30,0.0
07-17 06:45,0.0
07-17 07:00,0.0
07-17 07:15,0.0
07-17 07:30,0.0
07-17 07:45,0.0
07-17 08:00,0.0
07-17 08:15,0.0
07-17 08:30,0.0
07-17 08:45,0.0
07-17 09:00,0.0
07-17 09:15,0.0
07-17 09:30,0.0
07-17 09:45,0.0
07-17 10:00,0.0
07-17 10:15,6114.6453509
07-17 10:30,0.0
07-17 10:45,0.0
07-17 11:00,0.0
07-17 11:15,2872.027204528571
07-17 11:30,0.0
07-17 11:45,0.0
07-17 12:00,0.0
07-17 12:15,3300.3301280428573
07-17 12:30,0.0
07-17 12:45,0.0
07-17 13:00,0.0
07-17 13:15,0.0
07-17 13:30,0.0
07-17 13:45,0.0
07-17 14:00,0.0
07-17 14:15,0.0
07-17 14:30,0.0
07-17 14:45,0.0
07-17 15:00,0.0
07-17 15:15,0.0
07-17 15:30,0.0
07-17 15:45,0.0
07-17 16:00,0.0
07-17 16:15,0.0
07-17 16:30,0.0
07-17 16:45,0.0
07-17 17:00,3067.468946114285
07-17 17:15,0.0
07-17 17:30,0.0
07-17 17:45,0.0
07-17 18:00,0.0
07-17 18:15,0.0
07-17 18:30,0.0
07-17 18:45,0.0
07-17 19:00,0.0
07-17 19:15,0.0
07-17 19:30,0.0
07-17 19:45,0.0
07-17 20:00,0.0
07-17 20:15,0.0
07-17 20:30,0.0
07-17 20:45,0.0
07-17 21:00,0.0
07-17 21:15,0.0
07-17 21:30,0.0
07-17 21:45,0.0
07-17 22:00,0.0
07-17 22:15,0.0
07-17 22:30,0.0
07-17 22:45,0.0
07-17 23:00,0.0
07-17 23:15,0.0
07-17 23:30,0.0
07-17 23:45,0.0
07-18 00:00,0.0
07-18 00:15,0.0
07-18 00:30,0.0
07-18 00:45,0.0
07-18 01:00,0.0
07-18 01:15,0.0
07-18 01:30,0.0
07-18 01:45,0.0
07-18 02:00,0.0
07-18 02:15,0.0
07-18 02:30,0.0
07-18 02:45,0.0
07-18 03:00,0.0
07-18 03:15,0.0
07-18 03:30,0.0
07-18 03:45,0.0
07-18 04:00,0.0
07-18 04:15,0.0
07-18 04:30,0.0
07-18 04:45,0.0
07-18 05:00,0.0
07-18 05:15,0.0
07-18 05:30,0.0
07-18 05:45,0.0
07-18 06:00,0.0
07-18 06:15,0.0
07-18 06:30,0.0
07-18 06:45,0.0
07-18 07:00,0.0
07-18 07:15,0.0
07-18 07:30,0.0
07-18 07:45,0.0
07-18 08:00,0.0
07-18 08:15,0.0
07-18 08:30,0.0
07-18 08:45,0.0
07-18 09:00,0.0
07-18 09:15,0.0
07-18 09:30,0.0
07-18 09:45,0.0
07-18 10:00,0.0
07-18 10:15,0.0
07-18 10:30,0.0
07-18 10:45,0.0
07-18 11:00,0.0
07-18 11:15,0.0
07-18 11:30,0.0
07-18 11:45,0.0
07-18 12:00,0.0
07-18 12:15,0.0
07-18 12:30,0.0
07-18 12:45,0.0
07-18 13:00,0.0
07-18 13:15,0.0
07-18 13:30,0.0
07-18 13:45,0.0
07-18 14:00,0.0
07-18 14:15,0.0
07-18 14:30,0.0
07-18 14:45,0.0
07-18 15:00,0.0
07-18 15:15,0.0
07-18 15:30,0.0
07-18 15:45,0.0
07-18 16:00,0.0
07-18 16:15,0.0
07-18 16:30,0.0
07-18 16:45,0.0
07-18 17:00,0.0
07-18 17:15,0.0
07-18 17:30,0.0
07-18 17:45,0.0
07-18 18:00,0.0
07-18 18:15,0.0
07-18 18:30,84.91627404285725
07-18 18:45,0.0
07-18 19:00,0.0
07-18 19:15,0.0
07-18 19:30,0.0
07-18 19:45,0.0
07-18 20:00,0.0
07-18 20:15,0.0
07-18 20:30,0.0
07-18 20:45,0.0
07-18 21:00,0.0
07-18 21:15,0.0
07-18 21:30,0.0
07-18 21:45,0.0
07-18 22:00,0.0
07-18 22:15,0.0
07-18 22:30,0.0
07-18 22:45,0.0
07-18 23:00,0.0
07-18 23:15,0.0
07-18 23:30,0.0
07-18 23:45,0.0
07-19 00:00,0.0
07-19 00:15,0.0
07-19 00:30,0.0
07-19 00:45,0.0
07-19 01:00,0.0
07-19 01:15,0.0
07-19 01:30,0.0
07-19 01:45,0.0
07-19 02:00,0.0
07-19 02:15,0.0
07-19 02:30,0.0
07-19 02:45,0.0
07-19 03:00,0.0
07-19 03:15,0.0
07-19 03:30,0.0
07-19 03:45,0.0
07-19 04:00,0.0
07-19 04:15,0.0
07-19 04:30,0.0
07-19 04:45,0.0
07-19 05:00,0.0
07-19 05:15,0.0
07-19 05:30,0.0
07-19 05:45,0.0
07-19 06:00,0.0
07-19 06:15,0.0
07-19 06:30,0.0
07-19 06:45,0.0
07-19 07:00,0.0
07-19 07:15,0.0
07-19 07:30,0.0
07-19 07:45,0.0
07-19 08:00,2279.7989190714293
07-19 08:15,0.0
07-19 08:30,0.0
07-19 08:45,0.0
07-19 09:00,0.0
07-19 09:15,0.0
07-19 09:30,0.0
07-19 09:45,0.0
07-19 10:00,0.0
07-19 10:15,0.0
07-19 10:30,0.0
07-19 10:45,0.0
07-19 11:00,0.0
07-19 11:15,0.0
07-19 11:30,0.0
07-19 11:45,0.0
07-19 12:00,0.0
07-19 12:15,0.0
07-19 12:30,0.0
07-19 12:45,0.0
07-19 13:00,1156.357973471429
07-19 13:15,0.0
07-19 13:30,0.0
07-19 13:45,0.0
07-19 14:00,0.0
07-19 14:15,0.0
07-19 14:30,0.0
07-19 14:45,0.0
07-19 15:00,0.0
07-19 15:15,0.0
07-19 15:30,0.0
07-19 15:45,0.0
07-19 16:00,0.0
07-19 16:15,0.0
07-19 16:30,0.0
07-19 16:45,0.0
07-19 17:00,0.0
07-19 17:15,0.0
07-19 17:30,0.0
07-19 17:45,0.0
07-19 18:00,0.0
07-19 18:15,0.0
07-19 18:30,0.0
07-19 18:45,0.0
07-19 19:00,0.0
07-19 19:15,0.0
07-19 19:30,0.0
07-19 19:45,0.0
07-19 20:00,0.0
07-19 20:15,0.0
07-19 20:30,0.0
07-19 20:45,0.0
07-19 21:00,0.0
07-19 21:15,0.0
07-19 21:30,0.0
07-19 21:45,0.0
07-19 22:00,0.0
07-19 22:15,0.0
07-19 22:30,0.0
07-19 22:45,0.0
07-19 23:00,0.0
07-19 23:15,0.0
07-19 23:30,0.0
07-19 23:45,0.0
07-20 00:00,0.0
07-20 00:15,0.0
07-20 00:30,0.0
07-20 00:45,0.0
07-20 01:00,0.0
07-20 01:15,0.0
07-20 01:30,0.0
07-20 01:45,0.0
07-20 02:00,0.0
07-20 02:15,0.0
07-20 02:30,0.0
07-20 02:45,0.0
07-20 03:00,0.0
07-20 03:15,0.0
07-20 03:30,906.3742311328576
07-20 03:45,0.0
07-20 04:00,1484.2857142857142
07-20 04:15,1484.2857142857142
07-20 04:30,1484.2857142857142
07-20 04:45,1484.2857142857142
07-20 05:00,0.0
07-20 05:15,0.0
07-20 05:30,0.0
07-20 05:45,0.0
07-20 06:00,0.0
07-20 06:15,0.0
07-20 06:30,0.0
07-20 06:45,4557.4658961714285
07-20 07:00,0.0
07-20 07:15,0.0
07-20 07:30,0.0
07-20 07:45,577.8688726571428
07-20 08:00,0.0
07-20 08:15,0.0
07-20 08:30,0.0
07-20 08:45,0.0
07-20 09:00,0.0
07-20 09:15,0.0
07-20 09:30,0.0
07-20 09:45,0.0
07-20 10:00,739.2572633128573
07-20 10:15,505.62120701714286
07-20 10:30,1484.2857142857142
07-20 10:45,3692.2208553714295
07-20 11:00,1484.2857142857142
07-20 11:15,464.18796588
07-20 11:30,0.0
07-20 11:45,0.0
07-20 12:00,1484.2857142857142
07-20 12:15,2826.6337260014284
07-20 12:30,1484.2857142857142
07-20 12:45,1484.2857142857142
07-20 13:00,1869.1963761771428
07-20 13:15,1484.2857142857142
07-20 13:30,1484.2857142857142
07-20 13:45,1484.2857142857142
07-20 14:00,1484.2857142857142
07-20 14:15,1484.2857142857142
07-20 14:30,1484.2857142857142
07-20 14:45,1484.2857142857142
07-20 15:00,0.0
07-20 15:15,0.0
07-20 15:30,0.0
07-20 15:45,0.0
07-20 16:00,0.0
07-20 16:15,0.0
07-20 16:30,0.0
07-20 16:45,0.0
07-20 17:00,0.0
07-20 17:15,0.0
07-20 17:30,3607.5370079285713
07-20 17:45,0.0
07-20 18:00,3125.8909084857146
07-20 18:15,0.0
07-20 18:30,0.0
07-20 18:45,0.0
07-20 19:00,0.0
07-20 19:15,0.0
07-20 19:30,0.0
07-20 19:45,0.0
07-20 20:00,0.0
07-20 20:15,0.0
07-20 20:30,0.0
07-20 20:45,0.0
07-20 21:00,0.0
07-20 21:15,0.0
07-20 21:30,0.0
07-20 21:45,0.0
07-20 22:00,0.0
07-20 22:15,0.0
07-20 22:30,0.0
07-20 22:45,0.0
07-20 23:00,0.0
07-20 23:15,0.0
07-20 23:30,2117.634014985714
07-20 23:45,0.0
07-21 00:00,0.0
07-21 00:15,0.0
07-21 00:30,0.0
07-21 00:45,0.0
07-21 01:00,0.0
07-21 01:15,0.0
07-21 01:30,0.0
07-21 01:45,0.0
07-21 02:00,0.0
07-21 02:15,0.0
07-21 02:30,0.0
07-21 02:45,0.0
07-21 03:00,0.0
07-21 03:15,0.0
07-21 03:30,0.0
07-21 03:45,1623.6280241128136
07-21 04:00,0.0
07-21 04:15,0.0
07-21 04:30,0.0
07-21 04:45,0.0
07-21 05:00,1484.2857142857142
07-21 05:15,1484.2857142857142
07-21 05:30,1484.2857142857142
07-21 05:45,1484.2857142857142
07-21 06:00,0.0
07-21 06:15,0.0
07-21 06:30,0.0
07-21 06:45,0.0
07-21 07:00,3076.902758442857
07-21 07:15,0.0
07-21 07:30,0.0
07-21 07:45,0.0
07-21 08:00,0.0
07-21 08:15,0.0
07-21 08:30,0.0
07-21 08:45,0.0
07-21 09:00,1484.2857142857142
07-21 09:15,1484.2857142857142
07-21 09:30,5710.1358203
07-21 09:45,1484.2857142857142
07-21 10:00,1484.2857142857142
07-21 10:15,1484.2857142857142
07-21 10:30,1484.2857142857142
07-21 10:45,1484.2857142857142
07-21 11:00,1484.2857142857142
07-21 11:15,1888.3598017071429
07-21 11:30,1484.2857142857142
07-21 11:45,1484.2857142857142
07-21 12:00,1484.2857142857142
07-21 12:15,1484.2857142857142
07-21 12:30,1484.2857142857142
07-21 12:45,1484.2857142857142
07-21 13:00,1484.2857142857142
07-21 13:15,1484.2857142857142
07-21 13:30,1484.2857142857142
07-21 13:45,1484.2857142857142
07-21 14:00,1484.2857142857142
07-21 14:15,1960.7701098657144
07-21 14:30,1484.2857142857142
07-21 14:45,1484.2857142857142
07-21 15:00,1484.2857142857142
07-21 15:15,1484.2857142857142
07-21 15:30,1484.2857142857142
07-21 15:45,1484.2857142857142
07-21 16:00,0.0
07-21 16:15,0.0
07-21 16:30,0.0
07-21 16:45,4275.032935014286
07-21 17:00,0.0
07-21 17:15,0.0
07-21 17:30,0.0
07-21 17:45,0.0
07-21 18:00,0.0
07-21 18:15,1226.6932710714289
07-21 18:30,0.0
07-21 18:45,0.0
07-21 19:00,0.0
07-21 19:15,0.0
07-21 19:30,0.0
07-21 19:45,0.0
07-21 20:00,0.0
07-21 20:15,0.0
07-21 20:30,0.0
07-21 20:45,0.0
07-21 21:00,0.0
07-21 21:15,0.0
07-21 21:30,0.0
07-21 21:45,0.0
07-21 22:00,0.0
07-21 22:15,0.0
07-21 22:30,0.0
07-21 22:45,0.0
07-21 23:00,0.0
07-21 23:15,0.0
07-21 23:30,0.0
07-21 23:45,0.0
07-22 00:00,0.0
07-22 00:15,0.0
07-22 00:30,0.0
07-22 00:45,0.0
07-22 01:00,0.0
07-22 01:15,0.0
07-22 01:30,0.0
07-22 01:45,0.0
07-22 02:00,0.0
07-22 02:15,0.0
07-22 02:30,0.0
07-22 02:45,82.89056886285705
07-22 03:00,1484.2857142857142
07-22 03:15,1484.2857142857142
07-22 03:30,1484.2857142857142
07-22 03:45,1484.2857142857142
07-22 04:00,0.0
07-22 04:15,0.0
07-22 04:30,0.0
07-22 04:45,0.0
07-22 05:00,0.0
07-22 05:15,0.0
07-22 05:30,0.0
07-22 05:45,0.0
07-22 06:00,0.0
07-22 06:15,0.0
07-22 06:30,0.0
07-22 06:45,0.0
07-22 07:00,0.0
07-22 07:15,0.0
07-22 07:30,0.0
07-22 07:45,0.0
07-22 08:00,0.0
07-22 08:15,0.0
07-22 08:30,0.0
07-22 08:45,0.0
07-22 09:00,0.0
07-22 09:15,0.0
07-22 09:30,0.0
07-22 09:45,0.0
07-22 10:00,0.0
07-22 10:15,0.0
07-22 10:30,0.0
07-22 10:45,0.0
07-22 11:00,0.0
07-22 11:15,0.0
07-22 11:30,0.0
07-22 11:45,0.0
07-22 12:00,0.0
07-22 12:15,0.0
07-22 12:30,0.0
07-22 12:45,0.0
07-22 13:00,0.0
07-22 13:15,0.0
07-22 13:30,0.0
07-22 13:45,0.0
07-22 14:00,3207.193755328572
07-22 14:15,16.112851657143093
07-22 14:30,0.0
07-22 14:45,0.0
07-22 15:00,0.0
07-22 15:15,0.0
07-22 15:30,0.0
07-22 15:45,0.0
07-22 16:00,0.0
07-22 16:15,0.0
07-22 16:30,0.0
07-22 16:45,0.0
07-22 17:00,0.0
07-22 17:15,0.0
07-22 17:30,0.0
07-22 17:45,0.0
07-22 18:00,1771.741040771429
07-22 18:15,0.0
07-22 18:30,0.0
07-22 18:45,0.0
07-22 19:00,0.0
07-22 19:15,0.0
07-22 19:30,0.0
07-22 19:45,0.0
07-22 20:00,0.0
07-22 20:15,0.0
07-22 20:30,0.0
07-22 20:45,0.0
07-22 21:00,0.0
07-22 21:15,0.0
07-22 21:30,0.0
07-22 21:45,0.0
07-22 22:00,0.0
07-22 22:15,0.0
07-22 22:30,0.0
07-22 22:45,0.0
07-22 23:00,0.0
07-22 23:15,0.0
07-22 23:30,0.0
07-22 23:45,0.0
07-23 00:00,0.0
07-23 00:15,0.0
07-23 00:30,0.0
07-23 00:45,0.0
07-23 01:00,0.0
07-23 01:15,0.0
07-23 01:30,0.0
07-23 01:45,0.0
07-23 02:00,1484.2857142857142
07-23 02:15,0.0
07-23 02:30,1358.5271227543062
07-23 02:45,0.0
07-23 03:00,1484.2857142857142
07-23 03:15,1484.2857142857142
07-23 03:30,1484.2857142857142
07-23 03:45,1484.2857142857142
07-23 04:00,0.0
07-23 04:15,0.0
07-23 04:30,0.0
07-23 04:45,0.0
07-23 05:00,0.0
07-23 05:15,0.0
07-23 05:30,0.0
07-23 05:45,0.0
07-23 06:00,0.0
07-23 06:15,0.0
07-23 06:30,0.0
07-23 06:45,0.0
07-23 07:00,0.0
07-23 07:15,0.0
07-23 07:30,0.0
07-23 07:45,0.0
07-23 08:00,0.0
07-23 08:15,3221.143963414286
07-23 08:30,0.0
07-23 08:45,0.0
07-23 09:00,4139.922995142857
07-23 09:15,0.0
07-23 09:30,0.0
07-23 09:45,0.0
07-23 10:00,0.0
07-23 10:15,0.0
07-23 10:30,0.0
07-23 10:45,0.0
07-23 11:00,0.0
07-23 11:15,0.0
07-23 11:30,0.0
07-23 11:45,0.0
07-23 12:00,0.0
07-23 12:15,0.0
07-23 12:30,0.0
07-23 12:45,0.0
07-23 13:00,0.0
07-23 13:15,0.0
07-23 13:30,0.0
07-23 13:45,0.0
07-23 14:00,0.0
07-23 14:15,0.0
07-23 14:30,0.0
07-23 14:45,0.0
07-23 15:00,4753.601731042858
07-23 15:15,0.0
07-23 15:30,0.0
07-23 15:45,0.0
07-23 16:00,0.0
07-23 16:15,0.0
07-23 16:30,0.0
07-23 16:45,0.0
07-23 17:00,0.0
07-23 17:15,0.0
07-23 17:30,0.0
07-23 17:45,0.0
07-23 18:00,0.0
07-23 18:15,0.0
07-23 18:30,0.0
07-23 18:45,0.0
07-23 19:00,0.0
07-23 19:15,3580.116242385715
07-23 19:30,0.0
07-23 19:45,2512.5671747857145
07-23 20:00,0.0
07-23 20:15,0.0
07-23 20:30,0.0
07-23 20:45,0.0
07-23 21:00,0.0
07-23 21:15,0.0
07-23 21:30,0.0
07-23 21:45,0.0
07-23 22:00,0.0
07-23 22:15,0.0
07-23 22:30,0.0
07-23 22:45,0.0
07-23 23:00,0.0
07-23 23:15,0.0
07-23 23:30,0.0
07-23 23:45,0.0
07-24 00:00,0.0
07-24 00:15,0.0
07-24 00:30,0.0
07-24 00:45,0.0
07-24 01:00,0.0
07-24 01:15,0.0
07-24 01:30,0.0
07-24 01:45,0.0
07-24 02:00,0.0
07-24 02:15,0.0
07-24 02:30,0.0
07-24 02:45,0.0
07-24 03:00,0.0
07-24 03:15,0.0
07-24 03:30,0.0
07-24 03:45,0.0
07-24 04:00,0.0
07-24 04:15,0.0
07-24 04:30,0.0
07-24 04:45,0.0
07-24 05:00,0.0
07-24 05:15,0.0
07-24 05:30,0.0
07-24 05:45,0.0
07-24 06:00,0.0
07-24 06:15,0.0
07-24 06:30,0.0
07-24 06:45,0.0
07-24 07:00,0.0
07-24 07:15,0.0
07-24 07:30,0.0
07-24 07:45,2524.9736323
07-24 08:00,0.0
07-24 08:15,0.0
07-24 08:30,0.0
07-24 08:45,0.0
07-24 09:00,0.0
07-24 09:15,0.0
07-24 09:30,0.0
07-24 09:45,2306.5142982142856
07-24 10:00,0.0
07-24 10:15,0.0
07-24 10:30,0.0
07-24 10:45,0.0
07-24 11:00,2825.285876085715
07-24 11:15,0.0
07-24 11:30,0.0
07-24 11:45,0.0
07-24 12:00,0.0
07-24 12:15,0.0
07-24 12:30,0.0
07-24 12:45,0.0
07-24 13:00,0.0
07-24 13:15,0.0
07-24 13:30,0.0
07-24 13:45,3174.8548748571434
07-24 14:00,0.0
07-24 14:15,0.0
07-24 14:30,0.0
07-24 14:45,0.0
07-24 15:00,0.0
07-24 15:15,0.0
07-24 15:30,0.0
07-24 15:45,0.0
07-24 16:00,0.0
07-24 16:15,0.0
07-24 16:30,0.0
07-24 16:45,0.0
07-24 17:00,0.0
07-24 17:15,0.0
07-24 17:30,0.0
07-24 17:45,0.0
07-24 18:00,2800.351314914286
07-24 18:15,0.0
07-24 18:30,4563.339067885715
07-24 18:45,0.0
07-24 19:00,0.0
07-24 19:15,0.0
07-24 19:30,0.0
07-24 19:45,0.0
07-24 20:00,0.0
07-24 20:15,0.0
07-24 20:30,0.0
07-24 20:45,0.0
07-24 21:00,0.0
07-24 21:15,0.0
07-24 21:30,0.0
07-24 21:45,0.0
07-24 22:00,0.0
07-24 22:15,0.0
07-24 22:30,0.0
07-24 22:45,0.0
07-24 23:00,0.0
07-24 23:15,0.0
07-24 23:30,0.0
07-24 23:45,0.0
07-25 00:00,0.0
07-25 00:15,0.0
07-25 00:30,0.0
07-25 00:45,0.0
07-25 01:00,0.0
07-25 01:15,0.0
07-25 01:30,0.0
07-25 01:45,0.0
07-25 02:00,0.0
07-25 02:15,0.0
07-25 02:30,0.0
07-25 02:45,0.0
07-25 03:00,0.0
07-25 03:15,0.0
07-25 03:30,0.0
07-25 03:45,0.0
07-25 04:00,0.0
07-25 04:15,0.0
07-25 04:30,0.0
07-25 04:45,0.0
07-25 05:00,0.0
07-25 05:15,0.0
07-25 05:30,0.0
07-25 05:45,0.0
07-25 06:00,0.0
07-25 06:15,0.0
07-25 06:30,0.0
07-25 06:45,0.0
07-25 07:00,0.0
07-25 07:15,0.0
07-25 07:30,0.0
07-25 07:45,0.0
07-25 08:00,0.0
07-25 08:15,0.0
07-25 08:30,3574.358287957143
07-25 08:45,0.0
07-25 09:00,0.0
07-25 09:15,0.0
07-25 09:30,0.0
07-25 09:45,3015.6850355857146
07-25 10:00,4935.414300928572
07-25 10:15,0.0
07-25 10:30,0.0
07-25 10:45,0.0
07-25 11:00,0.0
07-25 11:15,0.0
07-25 11:30,0.0
07-25 11:45,0.0
07-25 12:00,0.0
07-25 12:15,0.0
07-25 12:30,0.0
07-25 12:45,0.0
07-25 13:00,0.0
07-25 13:15,0.0
07-25 13:30,0.0
07-25 13:45,0.0
07-25 14:00,0.0
07-25 14:15,0.0
07-25 14:30,0.0
07-25 14:45,0.0
07-25 15:00,0.0
07-25 15:15,0.0
07-25 15:30,5585.688408428572
07-25 15:45,0.0
07-25 16:00,0.0
07-25 16:15,0.0
07-25 16:30,3130.468914442857
07-25 16:45,0.0
07-25 17:00,0.0
07-25 17:15,0.0
07-25 17:30,0.0
07-25 17:45,0.0
07-25 18:00,0.0
07-25 18:15,0.0
07-25 18:30,0.0
07-25 18:45,0.0
07-25 19:00,0.0
07-25 19:15,0.0
07-25 19:30,0.0
07-25 19:45,0.0
07-25 20:00,0.0
07-25 20:15,0.0
07-25 20:30,0.0
07-25 20:45,0.0
07-25 21:00,0.0
07-25 21:15,0.0
07-25 21:30,0.0
07-25 21:45,0.0
07-25 22:00,0.0
07-25 22:15,0.0
07-25 22:30,0.0
07-25 22:45,0.0
07-25 23:00,0.0
07-25 23:15,0.0
07-25 23:30,0.0
07-25 23:45,0.0
07-26 00:00,0.0
07-26 00:15,0.0
07-26 00:30,0.0
07-26 00:45,0.0
07-26 01:00,0.0
07-26 01:15,0.0
07-26 01:30,0.0
07-26 01:45,0.0
07-26 02:00,0.0
07-26 02:15,0.0
07-26 02:30,0.0
07-26 02:45,0.0
07-26 03:00,2499.65465292
07-26 03:15,1484.2857142857142
07-26 03:30,1484.2857142857142
07-26 03:45,1484.2857142857142
07-26 04:00,0.0
07-26 04:15,0.0
07-26 04:30,0.0
07-26 04:45,0.0
07-26 05:00,0.0
07-26 05:15,0.0
07-26 05:30,0.0
07-26 05:45,0.0
07-26 06:00,0.0
07-26 06:15,0.0
07-26 06:30,0.0
07-26 06:45,0.0
07-26 07:00,0.0
07-26 07:15,0.0
07-26 07:30,0.0
07-26 07:45,0.0
07-26 08:00,0.0
07-26 08:15,0.0
07-26 08:30,0.0
07-26 08:45,0.0
07-26 09:00,0.0
07-26 09:15,0.0
07-26 09:30,0.0
07-26 09:45,0.0
07-26 10:00,0.0
07-26 10:15,0.0
07-26 10:30,0.0
07-26 10:45,0.0
07-26 11:00,2730.8932236714286
07-26 11:15,0.0
07-26 11:30,0.0
07-26 11:45,0.0
07-26 12:00,0.0
07-26 12:15,0.0
07-26 12:30,0.0
07-26 12:45,0.0
07-26 13:00,0.0
07-26 13:15,0.0
07-26 13:30,0.0
07-26 13:45,0.0
07-26 14:00,3666.024875442858
07-26 14:15,0.0
07-26 14:30,0.0
07-26 14:45,0.0
07-26 15:00,0.0
07-26 15:15,0.0
07-26 15:30,0.0
07-26 15:45,0.0
07-26 16:00,138.7046755428572
07-26 16:15,0.0
07-26 16:30,0.0
07-26 16:45,0.0
07-26 17:00,0.0
07-26 17:15,0.0
07-26 17:30,0.0
07-26 17:45,2692.0774401
07-26 18:00,0.0
07-26 18:15,2917.298100142857
07-26 18:30,0.0
07-26 18:45,0.0
07-26 19:00,0.0
07-26 19:15,0.0
07-26 19:30,0.0
07-26 19:45,2942.8590329571425
07-26 20:00,0.0
07-26 20:15,0.0
07-26 20:30,0.0
07-26 20:45,0.0
07-26 21:00,0.0
07-26 21:15,0.0
07-26 21:30,0.0
07-26 21:45,0.0
07-26 22:00,0.0
07-26 22:15,0.0
07-26 22:30,0.0
07-26 22:45,0.0
07-26 23:00,0.0
07-26 23:15,0.0
07-26 23:30,0.0
07-26 23:45,0.0
07-27 00:00,0.0
07-27 00:15,0.0
07-27 00:30,0.0
07-27 00:45,0.0
07-27 01:00,0.0
07-27 01:15,0.0
07-27 01:30,0.0
07-27 01:45,0.0
07-27 02:00,0.0
07-27 02:15,0.0
07-27 02:30,0.0
07-27 02:45,0.0
07-27 03:00,0.0
07-27 03:15,0.0
07-27 03:30,582.4448088514285
07-27 03:45,0.0
07-27 04:00,0.0
07-27 04:15,0.0
07-27 04:30,0.0
07-27 04:45,0.0
07-27 05:00,1484.2857142857142
07-27 05:15,1484.2857142857142
07-27 05:30,1484.2857142857142
07-27 05:45,1484.2857142857142
07-27 06:00,0.0
07-27 06:15,0.0
07-27 06:30,0.0
07-27 06:45,0.0
07-27 07:00,0.0
07-27 07:15,4246.268013457144
07-27 07:30,0.0
07-27 07:45,0.0
07-27 08:00,0.0
07-27 08:15,0.0
07-27 08:30,0.0
07-27 08:45,0.0
07-27 09:00,0.0
07-27 09:15,0.0
07-27 09:30,0.0
07-27 09:45,0.0
07-27 10:00,0.0
07-27 10:15,0.0
07-27 10:30,0.0
07-27 10:45,0.0
07-27 11:00,1969.4054486071432
07-27 11:15,0.0
07-27 11:30,0.0
07-27 11:45,0.0
07-27 12:00,0.0
07-27 12:15,0.0
07-27 12:30,0.0
07-27 12:45,0.0
07-27 13:00,1541.0966435378573
07-27 13:15,660.2399971214286
07-27 13:30,0.0
07-27 13:45,2068.812592397143
07-27 14:00,1975.2865701157143
07-27 14:15,1484.2857142857142
07-27 14:30,1484.2857142857142
07-27 14:45,1484.2857142857142
07-27 15:00,0.0
07-27 15:15,0.0
07-27 15:30,0.0
07-27 15:45,2963.482618314286
07-27 16:00,0.0
07-27 16:15,0.0
07-27 16:30,0.0
07-27 16:45,0.0
07-27 17:00,0.0
07-27 17:15,0.0
07-27 17:30,0.0
07-27 17:45,0.0
07-27 18:00,0.0
07-27 18:15,0.0
07-27 18:30,0.0
07-27 18:45,0.0
07-27 19:00,0.0
07-27 19:15,0.0
07-27 19:30,0.0
07-27 19:45,0.0
07-27 20:00,0.0
07-27 20:15,0.0
07-27 20:30,0.0
07-27 20:45,0.0
07-27 21:00,3305.728584842858
07-27 21:15,0.0
07-27 21:30,0.0
07-27 21:45,0.0
07-27 22:00,0.0
07-27 22:15,0.0
07-27 22:30,0.0
07-27 22:45,0.0
07-27 23:00,0.0
07-27 23:15,0.0
07-27 23:30,0.0
07-27 23:45,0.0
07-28 00:00,1484.2857142857142
07-28 00:15,1484.2857142857142
07-28 00:30,1484.2857142857142
07-28 00:45,1484.2857142857142
07-28 01:00,1484.2857142857142
07-28 01:15,1484.2857142857142
07-28 01:30,1484.2857142857142
07-28 01:45,1484.2857142857142
07-28 02:00,1484.2857142857142
07-28 02:15,1484.2857142857142
07-28 02:30,1484.2857142857142
07-28 02:45,1484.2857142857142
07-28 03:00,1484.2857142857142
07-28 03:15,1484.2857142857142
07-28 03:30,1484.2857142857142
07-28 03:45,1484.2857142857142
07-28 04:00,1484.2857142857142
07-28 04:15,1484.2857142857142
07-28 04:30,1484.2857142857142
07-28 04:45,1484.2857142857142
07-28 05:00,1484.2857142857142
07-28 05:15,1796.0697208285712
07-28 05:30,1484.2857142857142
07-28 05:45,1484.2857142857142
07-28 06:00,1484.2857142857142
07-28 06:15,1484.2857142857142
07-28 06:30,1484.2857142857142
07-28 06:45,1484.2857142857142
07-28 07:00,0.0
07-28 07:15,0.0
07-28 07:30,1650.4942322285715
07-28 07:45,0.0
07-28 08:00,1108.4309544000002
07-28 08:15,0.0
07-28 08:30,0.0
07-28 08:45,0.0
07-28 09:00,0.0
07-28 09:15,0.0
07-28 09:30,0.0
07-28 09:45,0.0
07-28 10:00,0.0
07-28 10:15,0.0
07-28 10:30,0.0
07-28 10:45,4135.323611571428
07-28 11:00,0.0
07-28 11:15,0.0
07-28 11:30,0.0
07-28 11:45,0.0
07-28 12:00,1484.2857142857142
07-28 12:15,1484.2857142857142
07-28 12:30,1484.2857142857142
07-28 12:45,1484.2857142857142
07-28 13:00,1484.2857142857142
07-28 13:15,1484.2857142857142
07-28 13:30,1484.2857142857142
07-28 13:45,1484.2857142857142
07-28 14:00,1484.2857142857142
07-28 14:15,1970.693167212857
07-28 14:30,1809.7510911642853
07-28 14:45,1924.7612544371427
07-28 15:00,0.0
07-28 15:15,2231.6882154900004
07-28 15:30,0.0
07-28 15:45,1060.693608475672
07-28 16:00,0.0
07-28 16:15,0.0
07-28 16:30,0.0
07-28 16:45,0.0
07-28 17:00,0.0
07-28 17:15,0.0
07-28 17:30,0.0
07-28 17:45,0.0
07-28 18:00,0.0
07-28 18:15,0.0
07-28 18:30,0.0
07-28 18:45,0.0
07-28 19:00,0.0
07-28 19:15,0.0
07-28 19:30,0.0
07-28 19:45,0.0
07-28 20:00,0.0
07-28 20:15,0.0
07-28 20:30,0.0
07-28 20:45,0.0
07-28 21:00,0.0
07-28 21:15,0.0
07-28 21:30,0.0
07-28 21:45,0.0
07-28 22:00,0.0
07-28 22:15,0.0
07-28 22:30,0.0
07-28 22:45,0.0
07-28 23:00,0.0
07-28 23:15,0.0
07-28 23:30,0.0
07-28 23:45,0.0
07-29 00:00,0.0
07-29 00:15,0.0
07-29 00:30,0.0
07-29 00:45,0.0
07-29 01:00,0.0
07-29 01:15,0.0
07-29 01:30,0.0
07-29 01:45,0.0
07-29 02:00,480.89608754572
07-29 02:15,1484.2857142857142
07-29 02:30,1484.2857142857142
07-29 02:45,1484.2857142857142
07-29 03:00,0.0
07-29 03:15,0.0
07-29 03:30,0.0
07-29 03:45,0.0
07-29 04:00,0.0
07-29 04:15,0.0
07-29 04:30,0.0
07-29 04:45,0.0
07-29 05:00,0.0
07-29 05:15,0.0
07-29 05:30,0.0
07-29 05:45,0.0
07-29 06:00,2907.1248734142864
07-29 06:15,0.0
07-29 06:30,0.0
07-29 06:45,0.0
07-29 07:00,0.0
07-29 07:15,0.0
07-29 07:30,0.0
07-29 07:45,0.0
07-29 08:00,0.0
07-29 08:15,0.0
07-29 08:30,0.0
07-29 08:45,0.0
07-29 09:00,4842.740344457143
07-29 09:15,0.0
07-29 09:30,0.0
07-29 09:45,0.0
07-29 10:00,0.0
07-29 10:15,0.0
07-29 10:30,0.0
07-29 10:45,2718.7508269
07-29 11:00,0.0
07-29 11:15,0.0
07-29 11:30,0.0
07-29 11:45,0.0
07-29 12:00,0.0
07-29 12:15,0.0
07-29 12:30,0.0
07-29 12:45,0.0
07-29 13:00,0.0
07-29 13:15,0.0
07-29 13:30,0.0
07-29 13:45,0.0
07-29 14:00,0.0
07-29 14:15,0.0
07-29 14:30,0.0
07-29 14:45,0.0
07-29 15:00,0.0
07-29 15:15,0.0
07-29 15:30,1266.3958491714286
07-29 15:45,0.0
07-29 16:00,0.0
07-29 16:15,0.0
07-29 16:30,0.0
07-29 16:45,0.0
07-29 17:00,0.0
07-29 17:15,3807.0341627142857
07-29 17:30,2958.0576626428574
07-29 17:45,2467.4844277
07-29 18:00,1224.763285057143
07-29 18:15,0.0
07-29 18:30,0.0
07-29 18:45,0.0
07-29 19:00,0.0
07-29 19:15,0.0
07-29 19:30,0.0
07-29 19:45,0.0
07-29 20:00,0.0
07-29 20:15,0.0
07-29 20:30,0.0
07-29 20:45,0.0
07-29 21:00,0.0
07-29 21:15,0.0
07-29 21:30,0.0
07-29 21:45,0.0
07-29 22:00,0.0
07-29 22:15,0.0
07-29 22:30,0.0
07-29 22:45,0.0
07-29 23:00,0.0
07-29 23:15,0.0
07-29 23:30,0.0
07-29 23:45,0.0
07-30 00:00,0.0
07-30 00:15,0.0
07-30 00:30,0.0
07-30 00:45,0.0
07-30 01:00,0.0
07-30 01:15,0.0
07-30 01:30,0.0
07-30 01:45,0.0
07-30 02:00,0.0
07-30 02:15,0.0
07-30 02:30,0.0
07-30 02:45,0.0
07-30 03:00,0.0
07-30 03:15,0.0
07-30 03:30,0.0
07-30 03:45,0.0
07-30 04:00,0.0
07-30 04:15,0.0
07-30 04:30,0.0
07-30 04:45,0.0
07-30 05:00,0.0
07-30 05:15,0.0
07-30 05:30,0.0
07-30 05:45,0.0
07-30 06:00,0.0
07-30 06:15,0.0
07-30 06:30,0.0
07-30 06:45,0.0
07-30 07:00,0.0
07-30 07:15,2700.1908011428573
07-30 07:30,0.0
07-30 07:45,0.0
07-30 08:00,0.0
07-30 08:15,0.0
07-30 08:30,0.0
07-30 08:45,0.0
07-30 09:00,0.0
07-30 09:15,0.0
07-30 09:30,0.0
07-30 09:45,0.0
07-30 10:00,0.0
07-30 10:15,0.0
07-30 10:30,0.0
07-30 10:45,0.0
07-30 11:00,0.0
07-30 11:15,0.0
07-30 11:30,0.0
07-30 11:45,3739.250345985715
07-30 12:00,0.0
07-30 12:15,0.0
07-30 12:30,0.0
07-30 12:45,0.0
07-30 13:00,0.0
07-30 13:15,0.0
07-30 13:30,0.0
07-30 13:45,0.0
07-30 14:00,0.0
07-30 14:15,0.0
07-30 14:30,0.0
07-30 14:45,0.0
07-30 15:00,0.0
07-30 15:15,0.0
07-30 15:30,0.0
07-30 15:45,0.0
07-30 16:00,0.0
07-30 16:15,0.0
07-30 16:30,0.0
07-30 16:45,0.0
07-30 17:00,0.0
07-30 17:15,0.0
07-30 17:30,0.0
07-30 17:45,0.0
07-30 18:00,0.0
07-30 18:15,0.0
07-30 18:30,0.0
07-30 18:45,0.0
07-30 19:00,0.0
07-30 19:15,3543.824490971429
07-30 19:30,0.0
07-30 19:45,0.0
07-30 20:00,0.0
07-30 20:15,0.0
07-30 20:30,0.0
07-30 20:45,0.0
07-30 21:00,0.0
07-30 21:15,0.0
07-30 21:30,0.0
07-30 21:45,0.0
07-30 22:00,0.0
07-30 22:15,0.0
07-30 22:30,0.0
07-30 22:45,0.0
07-30 23:00,0.0
07-30 23:15,0.0
07-30 23:30,0.0
07-30 23:45,0.0
07-31 00:00,0.0
07-31 00:15,0.0
07-31 00:30,0.0
07-31 00:45,0.0
07-31 01:00,1484.2857142857142
07-31 01:15,1484.2857142857142
07-31 01:30,1484.2857142857142
07-31 01:45,1484.2857142857142
07-31 02:00,1484.2857142857142
07-31 02:15,1484.2857142857142
07-31 02:30,1484.2857142857142
07-31 02:45,1484.2857142857142
07-31 03:00,1484.2857142857142
07-31 03:15,1484.2857142857142
07-31 03:30,1484.2857142857142
07-31 03:45,1484.2857142857142
07-31 04:00,0.0
07-31 04:15,0.0
07-31 04:30,0.0
07-31 04:45,0.0
07-31 05:00,0.0
07-31 05:15,0.0
07-31 05:30,0.0
07-31 05:45,0.0
07-31 06:00,0.0
07-31 06:15,0.0
07-31 06:30,0.0
07-31 06:45,0.0
07-31 07:00,0.0
07-31 07:15,0.0
07-31 07:30,0.0
07-31 07:45,0.0
07-31 08:00,0.0
07-31 08:15,0.0
07-31 08:30,0.0
07-31 08:45,0.0
07-31 09:00,0.0
07-31 09:15,0.0
07-31 09:30,0.0
07-31 09:45,0.0
07-31 10:00,0.0
07-31 10:15,0.0
07-31 10:30,0.0
07-31 10:45,3511.934590257142
07-31 11:00,0.0
07-31 11:15,0.0
07-31 11:30,3936.5346937
07-31 11:45,0.0
07-31 12:00,0.0
07-31 12:15,0.0
07-31 12:30,0.0
07-31 12:45,0.0
07-31 13:00,0.0
07-31 13:15,0.0
07-31 13:30,0.0
07-31 13:45,0.0
07-31 14:00,0.0
07-31 14:15,0.0
07-31 14:30,0.0
07-31 14:45,0.0
07-31 15:00,0.0
07-31 15:15,0.0
07-31 15:30,0.0
07-31 15:45,4191.137984057143
07-31 16:00,0.0
07-31 16:15,0.0
07-31 16:30,0.0
07-31 16:45,0.0
07-31 17:00,0.0
07-31 17:15,0.0
07-31 17:30,0.0
07-31 17:45,0.0
07-31 18:00,0.0
07-31 18:15,0.0
07-31 18:30,0.0
07-31 18:45,0.0
07-31 19:00,0.0
07-31 19:15,0.0
07-31 19:30,0.0
07-31 19:45,0.0
07-31 20:00,0.0
07-31 20:15,0.0
07-31 20:30,0.0
07-31 20:45,0.0
07-31 21:00,0.0
07-31 21:15,0.0
07-31 21:30,0.0
07-31 21:45,0.0
07-31 22:00,0.0
07-31 22:15,0.0
07-31 22:30,0.0
07-31 22:45,0.0
07-31 23:00,0.0
07-31 23:15,0.0
07-31 23:30,0.0
07-31 23:45,0.0
08-01 00:00,0.0
08-01 00:15,0.0
08-01 00:30,0.0
08-01 00:45,0.0
08-01 01:00,1484.2857142857142
08-01 01:15,0.0
08-01 01:30,0.0
08-01 01:45,247.73761915171173
08-01 02:00,0.0
08-01 02:15,0.0
08-01 02:30,0.0
08-01 02:45,0.0
08-01 03:00,0.0
08-01 03:15,0.0
08-01 03:30,0.0
08-01 03:45,0.0
08-01 04:00,0.0
08-01 04:15,0.0
08-01 04:30,0.0
08-01 04:45,0.0
08-01 05:00,0.0
08-01 05:15,0.0
08-01 05:30,0.0
08-01 05:45,0.0
08-01 06:00,0.0
08-01 06:15,0.0
08-01 06:30,0.0
08-01 06:45,0.0
08-01 07:00,2985.531293028572
08-01 07:15,0.0
08-01 07:30,0.0
08-01 07:45,0.0
08-01 08:00,0.0
08-01 08:15,0.0
08-01 08:30,0.0
08-01 08:45,0.0
08-01 09:00,0.0
08-01 09:15,0.0
08-01 09:30,2665.745101057143
08-01 09:45,0.0
08-01 10:00,0.0
08-01 10:15,0.0
08-01 10:30,0.0
08-01 10:45,0.0
08-01 11:00,0.0
08-01 11:15,0.0
08-01 11:30,0.0
08-01 11:45,0.0
08-01 12:00,0.0
08-01 12:15,0.0
08-01 12:30,0.0
08-01 12:45,0.0
08-01 13:00,0.0
08-01 13:15,0.0
08-01 13:30,0.0
08-01 13:45,2733.9338041428578
08-01 14:00,0.0
08-01 14:15,0.0
08-01 14:30,0.0
08-01 14:45,0.0
08-01 15:00,0.0
08-01 15:15,0.0
08-01 15:30,0.0
08-01 15:45,0.0
08-01 16:00,0.0
08-01 16:15,0.0
08-01 16:30,0.0
08-01 16:45,0.0
08-01 17:00,0.0
08-01 17:15,0.0
08-01 17:30,0.0
08-01 17:45,0.0
08-01 18:00,0.0
08-01 18:15,0.0
08-01 18:30,0.0
08-01 18:45,0.0
08-01 19:00,0.0
08-01 19:15,0.0
08-01 19:30,0.0
08-01 19:45,0.0
08-01 20:00,0.0
08-01 20:15,0.0
08-01 20:30,0.0
08-01 20:45,0.0
08-01 21:00,0.0
08-01 21:15,0.0
08-01 21:30,0.0
08-01 21:45,0.0
08-01 22:00,0.0
08-01 22:15,0.0
08-01 22:30,0.0
08-01 22:45,0.0
08-01 23:00,0.0
08-01 23:15,0.0
08-01 23:30,5688.726375200001
08-01 23:45,0.0
08-02 00:00,0.0
08-02 00:15,0.0
08-02 00:30,0.0
08-02 00:45,3760.034332914287
08-02 01:00,0.0
08-02 01:15,0.0
08-02 01:30,0.0
08-02 01:45,0.0
08-02 02:00,0.0
08-02 02:15,0.0
08-02 02:30,0.0
08-02 02:45,0.0
08-02 03:00,0.0
08-02 03:15,0.0
08-02 03:30,0.0
08-02 03:45,0.0
08-02 04:00,0.0
08-02 04:15,0.0
08-02 04:30,0.0
08-02 04:45,0.0
08-02 05:00,0.0
08-02 05:15,0.0
08-02 05:30,0.0
08-02 05:45,0.0
08-02 06:00,0.0
08-02 06:15,0.0
08-02 06:30,0.0
08-02 06:45,0.0
08-02 07:00,0.0
08-02 07:15,0.0
08-02 07:30,0.0
08-02 07:45,0.0
08-02 08:00,0.0
08-02 08:15,0.0
08-02 08:30,0.0
08-02 08:45,0.0
08-02 09:00,0.0
08-02 09:15,0.0
08-02 09:30,0.0
08-02 09:45,0.0
08-02 10:00,0.0
08-02 10:15,0.0
08-02 10:30,0.0
08-02 10:45,0.0
08-02 11:00,0.0
08-02 11:15,0.0
08-02 11:30,0.0
08-02 11:45,0.0
08-02 12:00,0.0
08-02 12:15,0.0
08-02 12:30,0.0
08-02 12:45,0.0
08-02 13:00,0.0
08-02 13:15,0.0
08-02 13:30,0.0
08-02 13:45,0.0
08-02 14:00,0.0
08-02 14:15,0.0
08-02 14:30,0.0
08-02 14:45,0.0
08-02 15:00,0.0
08-02 15:15,0.0
08-02 15:30,0.0
08-02 15:45,0.0
08-02 16:00,0.0
08-02 16:15,0.0
08-02 16:30,4102.482040528572
08-02 16:45,0.0
08-02 17:00,0.0
08-02 17:15,0.0
08-02 17:30,0.0
08-02 17:45,0.0
08-02 18:00,0.0
08-02 18:15,0.0
08-02 18:30,0.0
08-02 18:45,4294.533944328572
08-02 19:00,0.0
08-02 19:15,0.0
08-02 19:30,0.0
08-02 19:45,0.0
08-02 20:00,0.0
08-02 20:15,0.0
08-02 20:30,0.0
08-02 20:45,0.0
08-02 21:00,0.0
08-02 21:15,0.0
08-02 21:30,0.0
08-02 21:45,0.0
08-02 22:00,0.0
08-02 22:15,0.0
08-02 22:30,0.0
08-02 22:45,0.0
08-02 23:00,0.0
08-02 23:15,0.0
08-02 23:30,0.0
08-02 23:45,0.0
08-03 00:00,0.0
08-03 00:15,0.0
08-03 00:30,0.0
08-03 00:45,0.0
08-03 01:00,0.0
08-03 01:15,0.0
08-03 01:30,0.0
08-03 01:45,0.0
08-03 02:00,0.0
08-03 02:15,0.0
08-03 02:30,0.0
08-03 02:45,0.0
08-03 03:00,0.0
08-03 03:15,0.0
08-03 03:30,0.0
08-03 03:45,0.0
08-03 04:00,0.0
08-03 04:15,0.0
08-03 04:30,0.0
08-03 04:45,0.0
08-03 05:00,0.0
08-03 05:15,0.0
08-03 05:30,0.0
08-03 05:45,0.0
08-03 06:00,304.5808619128572
08-03 06:15,0.0
08-03 06:30,5726.703623227142
08-03 06:45,1484.2857142857142
08-03 07:00,0.0
08-03 07:15,0.0
08-03 07:30,0.0
08-03 07:45,0.0
08-03 08:00,0.0
08-03 08:15,0.0
08-03 08:30,0.0
08-03 08:45,0.0
08-03 09:00,0.0
08-03 09:15,0.0
08-03 09:30,0.0
08-03 09:45,0.0
08-03 10:00,0.0
08-03 10:15,0.0
08-03 10:30,0.0
08-03 10:45,0.0
08-03 11:00,0.0
08-03 11:15,3981.3438626714287
08-03 11:30,0.0
08-03 11:45,0.0
08-03 12:00,671.1737626385716
08-03 12:15,0.0
08-03 12:30,0.0
08-03 12:45,0.0
08-03 13:00,1484.2857142857142
08-03 13:15,1484.2857142857142
08-03 13:30,1484.2857142857142
08-03 13:45,1484.2857142857142
08-03 14:00,2094.591621282857
08-03 14:15,1484.2857142857142
08-03 14:30,1923.411914832857
08-03 14:45,1484.2857142857142
08-03 15:00,0.0
08-03 15:15,1484.2857142857142
08-03 15:30,831.2876659685488
08-03 15:45,0.0
08-03 16:00,0.0
08-03 16:15,0.0
08-03 16:30,0.0
08-03 16:45,0.0
08-03 17:00,0.0
08-03 17:15,0.0
08-03 17:30,0.0
08-03 17:45,0.0
08-03 18:00,3668.8807633000006
08-03 18:15,0.0
08-03 18:30,0.0
08-03 18:45,0.0
08-03 19:00,0.0
08-03 19:15,0.0
08-03 19:30,0.0
08-03 19:45,0.0
08-03 20:00,0.0
08-03 20:15,0.0
08-03 20:30,0.0
08-03 20:45,0.0
08-03 21:00,3243.2185607999995
08-03 21:15,0.0
08-03 21:30,0.0
08-03 21:45,0.0
08-03 22:00,0.0
08-03 22:15,0.0
08-03 22:30,0.0
08-03 22:45,0.0
08-03 23:00,0.0
08-03 23:15,0.0
08-03 23:30,0.0
08-03 23:45,0.0
08-04 00:00,0.0
08-04 00:15,0.0
08-04 00:30,0.0
08-04 00:45,0.0
08-04 01:00,0.0
08-04 01:15,0.0
08-04 01:30,0.0
08-04 01:45,0.0
08-04 02:00,0.0
08-04 02:15,0.0
08-04 02:30,0.0
08-04 02:45,0.0
08-04 03:00,0.0
08-04 03:15,0.0
08-04 03:30,0.0
08-04 03:45,0.0
08-04 04:00,0.0
08-04 04:15,0.0
08-04 04:30,0.0
08-04 04:45,0.0
08-04 05:00,0.0
08-04 05:15,0.0
08-04 05:30,0.0
08-04 05:45,0.0
08-04 06:00,0.0
08-04 06:15,0.0
08-04 06:30,0.0
08-04 06:45,0.0
08-04 07:00,0.0
08-04 07:15,0.0
08-04 07:30,0.0
08-04 07:45,0.0
08-04 08:00,1484.2857142857142
08-04 08:15,1484.2857142857142
08-04 08:30,1484.2857142857142
08-04 08:45,1484.2857142857142
08-04 09:00,1484.2857142857142
08-04 09:15,5061.8838361
08-04 09:30,1484.2857142857142
08-04 09:45,1484.2857142857142
08-04 10:00,1484.2857142857142
08-04 10:15,1484.2857142857142
08-04 10:30,1484.2857142857142
08-04 10:45,1484.2857142857142
08-04 11:00,1484.2857142857142
08-04 11:15,1484.2857142857142
08-04 11:30,1787.34843639
08-04 11:45,1484.2857142857142
08-04 12:00,1484.2857142857142
08-04 12:15,1932.9367240771423
08-04 12:30,1484.2857142857142
08-04 12:45,1484.2857142857142
08-04 13:00,2222.7258947014284
08-04 13:15,2041.171479082857
08-04 13:30,1484.2857142857142
08-04 13:45,2027.1759937385712
08-04 14:00,11715.8288877
08-04 14:15,1484.2857142857142
08-04 14:30,1484.2857142857142
08-04 14:45,1484.2857142857142
08-04 15:00,1484.2857142857142
08-04 15:15,1484.2857142857142
08-04 15:30,1484.2857142857142
08-04 15:45,2216.3159280785712
08-04 16:00,0.0
08-04 16:15,0.0
08-04 16:30,0.0
08-04 16:45,0.0
08-04 17:00,0.0
08-04 17:15,0.0
08-04 17:30,0.0
08-04 17:45,3384.3001982428573
08-04 18:00,0.0
08-04 18:15,1761.3360257428571
08-04 18:30,0.0
08-04 18:45,0.0
08-04 19:00,0.0
08-04 19:15,0.0
08-04 19:30,0.0
08-04 19:45,0.0
08-04 20:00,0.0
08-04 20:15,0.0
08-04 20:30,0.0
08-04 20:45,0.0
08-04 21:00,0.0
08-04 21:15,0.0
08-04 21:30,0.0
08-04 21:45,0.0
08-04 22:00,0.0
08-04 22:15,0.0
08-04 22:30,0.0
08-04 22:45,0.0
08-04 23:00,0.0
08-04 23:15,0.0
08-04 23:30,0.0
08-04 23:45,0.0
08-05 00:00,0.0
08-05 00:15,0.0
08-05 00:30,2983.698875471428
08-05 00:45,0.0
08-05 01:00,0.0
08-05 01:15,0.0
08-05 01:30,0.0
08-05 01:45,0.0
08-05 02:00,0.0
08-05 02:15,0.0
08-05 02:30,0.0
08-05 02:45,0.0
08-05 03:00,0.0
08-05 03:15,0.0
08-05 03:30,0.0
08-05 03:45,0.0
08-05 04:00,0.0
08-05 04:15,0.0
08-05 04:30,0.0
08-05 04:45,0.0
08-05 05:00,0.0
08-05 05:15,0.0
08-05 05:30,0.0
08-05 05:45,0.0
08-05 06:00,0.0
08-05 06:15,3295.5324076285715
08-05 06:30,0.0
08-05 06:45,2386.6010235857143
08-05 07:00,0.0
08-05 07:15,0.0
08-05 07:30,0.0
08-05 07:45,0.0
08-05 08:00,0.0
08-05 08:15,3395.427823028572
08-05 08:30,0.0
08-05 08:45,0.0
08-05 09:00,0.0
08-05 09:15,0.0
08-05 09:30,0.0
08-05 09:45,0.0
08-05 10:00,0.0
08-05 10:15,0.0
08-05 10:30,0.0
08-05 10:45,0.0
08-05 11:00,0.0
08-05 11:15,2281.048783271429
08-05 11:30,0.0
08-05 11:45,0.0
08-05 12:00,0.0
08-05 12:15,0.0
08-05 12:30,0.0
08-05 12:45,0.0
08-05 13:00,0.0
08-05 13:15,0.0
08-05 13:30,0.0
08-05 13:45,0.0
08-05 14:00,0.0
08-05 14:15,0.0
08-05 14:30,0.0
08-05 14:45,0.0
08-05 15:00,0.0
08-05 15:15,0.0
08-05 15:30,0.0
08-05 15:45,0.0
08-05 16:00,0.0
08-05 16:15,0.0
08-05 16:30,0.0
08-05 16:45,0.0
08-05 17:00,0.0
08-05 17:15,0.0
08-05 17:30,0.0
08-05 17:45,0.0
08-05 18:00,0.0
08-05 18:15,0.0
08-05 18:30,0.0
08-05 18:45,0.0
08-05 19:00,0.0
08-05 19:15,0.0
08-05 19:30,0.0
08-05 19:45,0.0
08-05 20:00,0.0
08-05 20:15,0.0
08-05 20:30,3830.635769028571
08-05 20:45,0.0
08-05 21:00,0.0
08-05 21:15,0.0
08-05 21:30,0.0
08-05 21:45,0.0
08-05 22:00,0.0
08-05 22:15,0.0
08-05 22:30,0.0
08-05 22:45,0.0
08-05 23:00,0.0
08-05 23:15,0.0
08-05 23:30,0.0
08-05 23:45,0.0
08-06 00:00,0.0
08-06 00:15,0.0
08-06 00:30,0.0
08-06 00:45,0.0
08-06 01:00,0.0
08-06 01:15,0.0
08-06 01:30,0.0
08-06 01:45,0.0
08-06 02:00,0.0
08-06 02:15,0.0
08-06 02:30,0.0
08-06 02:45,0.0
08-06 03:00,0.0
08-06 03:15,0.0
08-06 03:30,0.0
08-06 03:45,0.0
08-06 04:00,0.0
08-06 04:15,0.0
08-06 04:30,0.0
08-06 04:45,0.0
08-06 05:00,0.0
08-06 05:15,0.0
08-06 05:30,0.0
08-06 05:45,0.0
08-06 06:00,0.0
08-06 06:15,0.0
08-06 06:30,0.0
08-06 06:45,0.0
08-06 07:00,0.0
08-06 07:15,0.0
08-06 07:30,6904.359999228573
08-06 07:45,0.0
08-06 08:00,0.0
08-06 08:15,0.0
08-06 08:30,0.0
08-06 08:45,0.0
08-06 09:00,0.0
08-06 09:15,0.0
08-06 09:30,0.0
08-06 09:45,0.0
08-06 10:00,0.0
08-06 10:15,0.0
08-06 10:30,0.0
08-06 10:45,0.0
08-06 11:00,0.0
08-06 11:15,0.0
08-06 11:30,0.0
08-06 11:45,0.0
08-06 12:00,0.0
08-06 12:15,0.0
08-06 12:30,0.0
08-06 12:45,0.0
08-06 13:00,0.0
08-06 13:15,0.0
08-06 13:30,0.0
08-06 13:45,0.0
08-06 14:00,0.0
08-06 14:15,0.0
08-06 14:30,0.0
08-06 14:45,0.0
08-06 15:00,0.0
08-06 15:15,0.0
08-06 15:30,0.0
08-06 15:45,0.0
08-06 16:00,0.0
08-06 16:15,0.0
08-06 16:30,2507.790596771428
08-06 16:45,0.0
08-06 17:00,0.0
08-06 17:15,0.0
08-06 17:30,0.0
08-06 17:45,0.0
08-06 18:00,0.0
08-06 18:15,0.0
08-06 18:30,0.0
08-06 18:45,0.0
08-06 19:00,0.0
08-06 19:15,0.0
08-06 19:30,853.5650683285716
08-06 19:45,0.0
08-06 20:00,0.0
08-06 20:15,0.0
08-06 20:30,0.0
08-06 20:45,0.0
08-06 21:00,0.0
08-06 21:15,0.0
08-06 21:30,0.0
08-06 21:45,0.0
08-06 22:00,0.0
08-06 22:15,0.0
08-06 22:30,0.0
08-06 22:45,0.0
08-06 23:00,0.0
08-06 23:15,0.0
08-06 23:30,0.0
08-06 23:45,0.0
08-07 00:00,0.0
08-07 00:15,0.0
08-07 00:30,0.0
08-07 00:45,0.0
08-07 01:00,0.0
08-07 01:15,0.0
08-07 01:30,0.0
08-07 01:45,0.0
08-07 02:00,0.0
08-07 02:15,0.0
08-07 02:30,0.0
08-07 02:45,0.0
08-07 03:00,0.0
08-07 03:15,0.0
08-07 03:30,0.0
08-07 03:45,0.0
08-07 04:00,0.0
08-07 04:15,0.0
08-07 04:30,0.0
08-07 04:45,0.0
08-07 05:00,0.0
08-07 05:15,0.0
08-07 05:30,0.0
08-07 05:45,0.0
08-07 06:00,0.0
08-07 06:15,0.0
08-07 06:30,0.0
08-07 06:45,0.0
08-07 07:00,0.0
08-07 07:15,0.0
08-07 07:30,2250.5301314000003
08-07 07:45,0.0
08-07 08:00,0.0
08-07 08:15,0.0
08-07 08:30,0.0
08-07 08:45,0.0
08-07 09:00,0.0
08-07 09:15,0.0
08-07 09:30,0.0
08-07 09:45,0.0
08-07 10:00,0.0
08-07 10:15,0.0
08-07 10:30,0.0
08-07 10:45,0.0
08-07 11:00,0.0
08-07 11:15,0.0
08-07 11:30,0.0
08-07 11:45,0.0
08-07 12:00,0.0
08-07 12:15,0.0
08-07 12:30,2262.8552699285715
08-07 12:45,0.0
08-07 13:00,0.0
08-07 13:15,0.0
08-07 13:30,0.0
08-07 13:45,0.0
08-07 14:00,1453.310517771429
08-07 14:15,0.0
08-07 14:30,0.0
08-07 14:45,0.0
08-07 15:00,0.0
08-07 15:15,0.0
08-07 15:30,0.0
08-07 15:45,0.0
08-07 16:00,0.0
08-07 16:15,0.0
08-07 16:30,0.0
08-07 16:45,0.0
08-07 17:00,0.0
08-07 17:15,0.0
08-07 17:30,0.0
08-07 17:45,0.0
08-07 18:00,0.0
08-07 18:15,0.0
08-07 18:30,0.0
08-07 18:45,0.0
08-07 19:00,0.0
08-07 19:15,0.0
08-07 19:30,0.0
08-07 19:45,0.0
08-07 20:00,0.0
08-07 20:15,0.0
08-07 20:30,0.0
08-07 20:45,0.0
08-07 21:00,0.0
08-07 21:15,0.0
08-07 21:30,0.0
08-07 21:45,0.0
08-07 22:00,0.0
08-07 22:15,0.0
08-07 22:30,0.0
08-07 22:45,0.0
08-07 23:00,0.0
08-07 23:15,0.0
08-07 23:30,0.0
08-07 23:45,0.0
08-08 00:00,0.0
08-08 00:15,0.0
08-08 00:30,0.0
08-08 00:45,0.0
08-08 01:00,0.0
08-08 01:15,0.0
08-08 01:30,0.0
08-08 01:45,0.0
08-08 02:00,1484.2857142857142
08-08 02:15,1484.2857142857142
08-08 02:30,1484.2857142857142
08-08 02:45,1484.2857142857142
08-08 03:00,0.0
08-08 03:15,0.0
08-08 03:30,0.0
08-08 03:45,0.0
08-08 04:00,0.0
08-08 04:15,0.0
08-08 04:30,0.0
08-08 04:45,0.0
08-08 05:00,0.0
08-08 05:15,0.0
08-08 05:30,0.0
08-08 05:45,0.0
08-08 06:00,0.0
08-08 06:15,0.0
08-08 06:30,0.0
08-08 06:45,0.0
08-08 07:00,0.0
08-08 07:15,3443.295022628572
08-08 07:30,0.0
08-08 07:45,0.0
08-08 08:00,0.0
08-08 08:15,1332.056536771429
08-08 08:30,0.0
08-08 08:45,0.0
08-08 09:00,0.0
08-08 09:15,3802.948518900001
08-08 09:30,0.0
08-08 09:45,0.0
08-08 10:00,0.0
08-08 10:15,0.0
08-08 10:30,0.0
08-08 10:45,0.0
08-08 11:00,6063.326016328571
08-08 11:15,1484.2857142857142
08-08 11:30,1484.2857142857142
08-08 11:45,2181.2725180400003
08-08 12:00,1940.7394348242856
08-08 12:15,1484.2857142857142
08-08 12:30,1484.2857142857142
08-08 12:45,4085.922899514286
08-08 13:00,1484.2857142857142
08-08 13:15,2661.100035165714
08-08 13:30,1484.2857142857142
08-08 13:45,1484.2857142857142
08-08 14:00,0.0
08-08 14:15,1484.2857142857142
08-08 14:30,533.4896606371434
08-08 14:45,0.0
08-08 15:00,0.0
08-08 15:15,0.0
08-08 15:30,0.0
08-08 15:45,0.0
08-08 16:00,0.0
08-08 16:15,0.0
08-08 16:30,0.0
08-08 16:45,0.0
08-08 17:00,0.0
08-08 17:15,2784.665994114286
08-08 17:30,0.0
08-08 17:45,0.0
08-08 18:00,2915.224317842858
08-08 18:15,0.0
08-08 18:30,0.0
08-08 18:45,0.0
08-08 19:00,0.0
08-08 19:15,0.0
08-08 19:30,0.0
08-08 19:45,0.0
08-08 20:00,0.0
08-08 20:15,0.0
08-08 20:30,0.0
08-08 20:45,0.0
08-08 21:00,0.0
08-08 21:15,0.0
08-08 21:30,0.0
08-08 21:45,0.0
08-08 22:00,0.0
08-08 22:15,0.0
08-08 22:30,0.0
08-08 22:45,0.0
08-08 23:00,0.0
08-08 23:15,0.0
08-08 23:30,0.0
08-08 23:45,0.0
08-09 00:00,0.0
08-09 00:15,0.0
08-09 00:30,0.0
08-09 00:45,0.0
08-09 01:00,0.0
08-09 01:15,0.0
08-09 01:30,0.0
08-09 01:45,0.0
08-09 02:00,0.0
08-09 02:15,0.0
08-09 02:30,0.0
08-09 02:45,0.0
08-09 03:00,0.0
08-09 03:15,0.0
08-09 03:30,0.0
08-09 03:45,0.0
08-09 04:00,0.0
08-09 04:15,0.0
08-09 04:30,0.0
08-09 04:45,0.0
08-09 05:00,0.0
08-09 05:15,0.0
08-09 05:30,0.0
08-09 05:45,0.0
08-09 06:00,0.0
08-09 06:15,0.0
08-09 06:30,0.0
08-09 06:45,0.0
08-09 07:00,0.0
08-09 07:15,0.0
08-09 07:30,0.0
08-09 07:45,3231.162801528571
08-09 08:00,0.0
08-09 08:15,0.0
08-09 08:30,0.0
08-09 08:45,0.0
08-09 09:00,0.0
08-09 09:15,0.0
08-09 09:30,0.0
08-09 09:45,0.0
08-09 10:00,0.0
08-09 10:15,0.0
08-09 10:30,0.0
08-09 10:45,0.0
08-09 11:00,0.0
08-09 11:15,0.0
08-09 11:30,0.0
08-09 11:45,0.0
08-09 12:00,0.0
08-09 12:15,0.0
08-09 12:30,0.0
08-09 12:45,0.0
08-09 13:00,0.0
08-09 13:15,0.0
08-09 13:30,0.0
08-09 13:45,0.0
08-09 14:00,0.0
08-09 14:15,5940.669078971429
08-09 14:30,0.0
08-09 14:45,0.0
08-09 15:00,0.0
08-09 15:15,0.0
08-09 15:30,0.0
08-09 15:45,0.0
08-09 16:00,0.0
08-09 16:15,0.0
08-09 16:30,0.0
08-09 16:45,0.0
08-09 17:00,0.0
08-09 17:15,0.0
08-09 17:30,0.0
08-09 17:45,0.0
08-09 18:00,0.0
08-09 18:15,0.0
08-09 18:30,0.0
08-09 18:45,0.0
08-09 19:00,0.0
08-09 19:15,0.0
08-09 19:30,0.0
08-09 19:45,0.0
08-09 20:00,0.0
08-09 20:15,0.0
08-09 20:30,0.0
08-09 20:45,0.0
08-09 21:00,0.0
08-09 21:15,0.0
08-09 21:30,0.0
08-09 21:45,0.0
08-09 22:00,0.0
08-09 22:15,0.0
08-09 22:30,0.0
08-09 22:45,0.0
08-09 23:00,0.0
08-09 23:15,0.0
08-09 23:30,0.0
08-09 23:45,0.0
08-10 00:00,0.0
08-10 00:15,0.0
08-10 00:30,0.0
08-10 00:45,0.0
08-10 01:00,0.0
08-10 01:15,0.0
08-10 01:30,0.0
08-10 01:45,0.0
08-10 02:00,0.0
08-10 02:15,0.0
08-10 02:30,0.0
08-10 02:45,0.0
08-10 03:00,0.0
08-10 03:15,463.93909935
08-10 03:30,0.0
08-10 03:45,0.0
08-10 04:00,423.5711045700001
08-10 04:15,0.0
08-10 04:30,571.0549073542861
08-10 04:45,1484.2857142857142
08-10 05:00,0.0
08-10 05:15,0.0
08-10 05:30,0.0
08-10 05:45,0.0
08-10 06:00,0.0
08-10 06:15,0.0
08-10 06:30,0.0
08-10 06:45,0.0
08-10 07:00,0.0
08-10 07:15,0.0
08-10 07:30,0.0
08-10 07:45,0.0
08-10 08:00,0.0
08-10 08:15,0.0
08-10 08:30,0.0
08-10 08:45,0.0
08-10 09:00,0.0
08-10 09:15,0.0
08-10 09:30,558.42703798
08-10 09:45,0.0
08-10 10:00,0.0
08-10 10:15,0.0
08-10 10:30,3834.680060457143
08-10 10:45,718.7524147542856
08-10 11:00,1484.2857142857142
08-10 11:15,1484.2857142857142
08-10 11:30,11103.1703218
08-10 11:45,1484.2857142857142
08-10 12:00,1484.2857142857142
08-10 12:15,2345.804565478572
08-10 12:30,2216.974828417143
08-10 12:45,1484.2857142857142
08-10 13:00,1484.2857142857142
08-10 13:15,1484.2857142857142
08-10 13:30,1484.2857142857142
08-10 13:45,1964.869926382857
08-10 14:00,1484.2857142857142
08-10 14:15,1484.2857142857142
08-10 14:30,1484.2857142857142
08-10 14:45,1484.2857142857142
08-10 15:00,1484.2857142857142
08-10 15:15,1484.2857142857142
08-10 15:30,1484.2857142857142
08-10 15:45,1484.2857142857142
08-10 16:00,5093.493815442856
08-10 16:15,2725.7958885728567
08-10 16:30,1646.477111762857
08-10 16:45,1484.2857142857142
08-10 17:00,4114.098825071428
08-10 17:15,0.0
08-10 17:30,0.0
08-10 17:45,0.0
08-10 18:00,0.0
08-10 18:15,0.0
08-10 18:30,0.0
08-10 18:45,0.0
08-10 19:00,0.0
08-10 19:15,0.0
08-10 19:30,0.0
08-10 19:45,0.0
08-10 20:00,0.0
08-10 20:15,0.0
08-10 20:30,0.0
08-10 20:45,0.0
08-10 21:00,0.0
08-10 21:15,0.0
08-10 21:30,0.0
08-10 21:45,0.0
08-10 22:00,0.0
08-10 22:15,0.0
08-10 22:30,0.0
08-10 22:45,0.0
08-10 23:00,0.0
08-10 23:15,0.0
08-10 23:30,0.0
08-10 23:45,0.0
08-11 00:00,0.0
08-11 00:15,0.0
08-11 00:30,0.0
08-11 00:45,0.0
08-11 01:00,0.0
08-11 01:15,0.0
08-11 01:30,0.0
08-11 01:45,0.0
08-11 02:00,0.0
08-11 02:15,0.0
08-11 02:30,0.0
08-11 02:45,0.0
08-11 03:00,0.0
08-11 03:15,0.0
08-11 03:30,0.0
08-11 03:45,0.0
08-11 04:00,0.0
08-11 04:15,0.0
08-11 04:30,0.0
08-11 04:45,0.0
08-11 05:00,0.0
08-11 05:15,0.0
08-11 05:30,0.0
08-11 05:45,0.0
08-11 06:00,0.0
08-11 06:15,0.0
08-11 06:30,0.0
08-11 06:45,0.0
08-11 07:00,0.0
08-11 07:15,0.0
08-11 07:30,0.0
08-11 07:45,0.0
08-11 08:00,0.0
08-11 08:15,0.0
08-11 08:30,0.0
08-11 08:45,0.0
08-11 09:00,1484.2857142857142
08-11 09:15,1484.2857142857142
08-11 09:30,1484.2857142857142
08-11 09:45,1484.2857142857142
08-11 10:00,1484.2857142857142
08-11 10:15,1484.2857142857142
08-11 10:30,1987.7193633014283
08-11 10:45,1484.2857142857142
08-11 11:00,2127.294273914285
08-11 11:15,5284.043544385714
08-11 11:30,1484.2857142857142
08-11 11:45,1484.2857142857142
08-11 12:00,1484.2857142857142
08-11 12:15,1484.2857142857142
08-11 12:30,2061.610444188572
08-11 12:45,1484.2857142857142
08-11 13:00,1484.2857142857142
08-11 13:15,1484.2857142857142
08-11 13:30,1484.2857142857142
08-11 13:45,2214.021995075714
08-11 14:00,0.0
08-11 14:15,0.0
08-11 14:30,0.0
08-11 14:45,1386.9176807142378
08-11 15:00,0.0
08-11 15:15,0.0
08-11 15:30,0.0
08-11 15:45,0.0
08-11 16:00,0.0
08-11 16:15,2228.501321871429
08-11 16:30,0.0
08-11 16:45,0.0
08-11 17:00,0.0
08-11 17:15,1471.1352034857143
08-11 17:30,0.0
08-11 17:45,0.0
08-11 18:00,0.0
08-11 18:15,0.0
08-11 18:30,0.0
08-11 18:45,0.0
08-11 19:00,0.0
08-11 19:15,0.0
08-11 19:30,0.0
08-11 19:45,0.0
08-11 20:00,0.0
08-11 20:15,0.0
08-11 20:30,0.0
08-11 20:45,0.0
08-11 21:00,0.0
08-11 21:15,0.0
08-11 21:30,0.0
08-11 21:45,0.0
08-11 22:00,0.0
08-11 22:15,0.0
08-11 22:30,0.0
08-11 22:45,0.0
08-11 23:00,0.0
08-11 23:15,2443.903228028572
08-11 23:30,0.0
08-11 23:45,0.0
08-12 00:00,0.0
08-12 00:15,0.0
08-12 00:30,0.0
08-12 00:45,0.0
08-12 01:00,0.0
08-12 01:15,0.0
08-12 01:30,0.0
08-12 01:45,0.0
08-12 02:00,0.0
08-12 02:15,0.0
08-12 02:30,0.0
08-12 02:45,0.0
08-12 03:00,0.0
08-12 03:15,0.0
08-12 03:30,0.0
08-12 03:45,0.0
08-12 04:00,0.0
08-12 04:15,0.0
08-12 04:30,0.0
08-12 04:45,0.0
08-12 05:00,0.0
08-12 05:15,0.0
08-12 05:30,0.0
08-12 05:45,0.0
08-12 06:00,0.0
08-12 06:15,0.0
08-12 06:30,0.0
08-12 06:45,0.0
08-12 07:00,0.0
08-12 07:15,0.0
08-12 07:30,0.0
08-12 07:45,0.0
08-12 08:00,0.0
08-12 08:15,0.0
08-12 08:30,0.0
08-12 08:45,0.0
08-12 09:00,0.0
08-12 09:15,0.0
08-12 09:30,0.0
08-12 09:45,0.0
08-12 10:00,0.0
08-12 10:15,0.0
08-12 10:30,0.0
08-12 10:45,0.0
08-12 11:00,0.0
08-12 11:15,0.0
08-12 11:30,0.0
08-12 11:45,0.0
08-12 12:00,0.0
08-12 12:15,0.0
08-12 12:30,0.0
08-12 12:45,0.0
08-12 13:00,3469.9937656142856
08-12 13:15,3553.137474342858
08-12 13:30,0.0
08-12 13:45,0.0
08-12 14:00,0.0
08-12 14:15,0.0
08-12 14:30,0.0
08-12 14:45,0.0
08-12 15:00,0.0
08-12 15:15,0.0
08-12 15:30,0.0
08-12 15:45,0.0
08-12 16:00,0.0
08-12 16:15,0.0
08-12 16:30,0.0
08-12 16:45,0.0
08-12 17:00,0.0
08-12 17:15,0.0
08-12 17:30,0.0
08-12 17:45,0.0
08-12 18:00,0.0
08-12 18:15,0.0
08-12 18:30,0.0
08-12 18:45,0.0
08-12 19:00,0.0
08-12 19:15,0.0
08-12 19:30,0.0
08-12 19:45,0.0
08-12 20:00,0.0
08-12 20:15,0.0
08-12 20:30,0.0
08-12 20:45,0.0
08-12 21:00,0.0
08-12 21:15,0.0
08-12 21:30,0.0
08-12 21:45,0.0
08-12 22:00,0.0
08-12 22:15,0.0
08-12 22:30,0.0
08-12 22:45,0.0
08-12 23:00,0.0
08-12 23:15,0.0
08-12 23:30,0.0
08-12 23:45,0.0
08-13 00:00,0.0
08-13 00:15,0.0
08-13 00:30,0.0
08-13 00:45,0.0
08-13 01:00,0.0
08-13 01:15,0.0
08-13 01:30,0.0
08-13 01:45,0.0
08-13 02:00,0.0
08-13 02:15,0.0
08-13 02:30,0.0
08-13 02:45,0.0
08-13 03:00,0.0
08-13 03:15,0.0
08-13 03:30,0.0
08-13 03:45,0.0
08-13 04:00,0.0
08-13 04:15,0.0
08-13 04:30,0.0
08-13 04:45,0.0
08-13 05:00,0.0
08-13 05:15,0.0
08-13 05:30,0.0
08-13 05:45,0.0
08-13 06:00,0.0
08-13 06:15,0.0
08-13 06:30,0.0
08-13 06:45,0.0
08-13 07:00,0.0
08-13 07:15,0.0
08-13 07:30,0.0
08-13 07:45,0.0
08-13 08:00,0.0
08-13 08:15,0.0
08-13 08:30,0.0
08-13 08:45,0.0
08-13 09:00,1509.187119657143
08-13 09:15,3538.7225616
08-13 09:30,0.0
08-13 09:45,0.0
08-13 10:00,0.0
08-13 10:15,0.0
08-13 10:30,0.0
08-13 10:45,0.0
08-13 11:00,0.0
08-13 11:15,6642.290950514286
08-13 11:30,0.0
08-13 11:45,0.0
08-13 12:00,0.0
08-13 12:15,0.0
08-13 12:30,0.0
08-13 12:45,0.0
08-13 13:00,0.0
08-13 13:15,0.0
08-13 13:30,0.0
08-13 13:45,0.0
08-13 14:00,0.0
08-13 14:15,3131.230887514286
08-13 14:30,0.0
08-13 14:45,0.0
08-13 15:00,4760.248740514287
08-13 15:15,0.0
08-13 15:30,0.0
08-13 15:45,0.0
08-13 16:00,0.0
08-13 16:15,0.0
08-13 16:30,0.0
08-13 16:45,0.0
08-13 17:00,0.0
08-13 17:15,0.0
08-13 17:30,0.0
08-13 17:45,2592.4474030857145
08-13 18:00,0.0
08-13 18:15,0.0
08-13 18:30,0.0
08-13 18:45,0.0
08-13 19:00,0.0
08-13 19:15,5305.766698914286
08-13 19:30,0.0
08-13 19:45,0.0
08-13 20:00,0.0
08-13 20:15,0.0
08-13 20:30,0.0
08-13 20:45,0.0
08-13 21:00,0.0
08-13 21:15,0.0
08-13 21:30,0.0
08-13 21:45,0.0
08-13 22:00,0.0
08-13 22:15,0.0
08-13 22:30,0.0
08-13 22:45,0.0
08-13 23:00,0.0
08-13 23:15,0.0
08-13 23:30,0.0
08-13 23:45,0.0
08-14 00:00,0.0
08-14 00:15,0.0
08-14 00:30,0.0
08-14 00:45,0.0
08-14 01:00,0.0
08-14 01:15,0.0
08-14 01:30,0.0
08-14 01:45,0.0
08-14 02:00,0.0
08-14 02:15,0.0
08-14 02:30,0.0
08-14 02:45,0.0
08-14 03:00,0.0
08-14 03:15,0.0
08-14 03:30,0.0
08-14 03:45,0.0
08-14 04:00,0.0
08-14 04:15,0.0
08-14 04:30,0.0
08-14 04:45,0.0
08-14 05:00,0.0
08-14 05:15,0.0
08-14 05:30,0.0
08-14 05:45,0.0
08-14 06:00,0.0
08-14 06:15,0.0
08-14 06:30,0.0
08-14 06:45,0.0
08-14 07:00,0.0
08-14 07:15,0.0
08-14 07:30,0.0
08-14 07:45,0.0
08-14 08:00,0.0
08-14 08:15,682.593147857143
08-14 08:30,0.0
08-14 08:45,0.0
08-14 09:00,0.0
08-14 09:15,0.0
08-14 09:30,0.0
08-14 09:45,0.0
08-14 10:00,0.0
08-14 10:15,0.0
08-14 10:30,0.0
08-14 10:45,0.0
08-14 11:00,0.0
08-14 11:15,0.0
08-14 11:30,0.0
08-14 11:45,0.0
08-14 12:00,0.0
08-14 12:15,0.0
08-14 12:30,0.0
08-14 12:45,0.0
08-14 13:00,0.0
08-14 13:15,0.0
08-14 13:30,0.0
08-14 13:45,0.0
08-14 14:00,0.0
08-14 14:15,0.0
08-14 14:30,4435.276842357144
08-14 14:45,0.0
08-14 15:00,2236.529138585714
08-14 15:15,0.0
08-14 15:30,0.0
08-14 15:45,0.0
08-14 16:00,0.0
08-14 16:15,0.0
08-14 16:30,0.0
08-14 16:45,0.0
08-14 17:00,0.0
08-14 17:15,0.0
08-14 17:30,0.0
08-14 17:45,0.0
08-14 18:00,0.0
08-14 18:15,0.0
08-14 18:30,0.0
08-14 18:45,0.0
08-14 19:00,0.0
08-14 19:15,0.0
08-14 19:30,0.0
08-14 19:45,0.0
08-14 20:00,0.0
08-14 20:15,0.0
08-14 20:30,0.0
08-14 20:45,0.0
08-14 21:00,0.0
08-14 21:15,0.0
08-14 21:30,0.0
08-14 21:45,0.0
08-14 22:00,0.0
08-14 22:15,0.0
08-14 22:30,0.0
08-14 22:45,0.0
08-14 23:00,0.0
08-14 23:15,0.0
08-14 23:30,0.0
08-14 23:45,0.0
08-15 00:00,0.0
08-15 00:15,0.0
08-15 00:30,0.0
08-15 00:45,0.0
08-15 01:00,0.0
08-15 01:15,0.0
08-15 01:30,0.0
08-15 01:45,0.0
08-15 02:00,1484.2857142857142
08-15 02:15,1484.2857142857142
08-15 02:30,1484.2857142857142
08-15 02:45,1484.2857142857142
08-15 03:00,1484.2857142857142
08-15 03:15,1484.2857142857142
08-15 03:30,1484.2857142857142
08-15 03:45,1484.2857142857142
08-15 04:00,1484.2857142857142
08-15 04:15,1484.2857142857142
08-15 04:30,1484.2857142857142
08-15 04:45,1484.2857142857142
08-15 05:00,0.0
08-15 05:15,0.0
08-15 05:30,0.0
08-15 05:45,0.0
08-15 06:00,0.0
08-15 06:15,0.0
08-15 06:30,0.0
08-15 06:45,0.0
08-15 07:00,0.0
08-15 07:15,0.0
08-15 07:30,0.0
08-15 07:45,0.0
08-15 08:00,0.0
08-15 08:15,0.0
08-15 08:30,0.0
08-15 08:45,0.0
08-15 09:00,0.0
08-15 09:15,0.0
08-15 09:30,0.0
08-15 09:45,0.0
08-15 10:00,0.0
08-15 10:15,0.0
08-15 10:30,0.0
08-15 10:45,0.0
08-15 11:00,0.0
08-15 11:15,0.0
08-15 11:30,0.0
08-15 11:45,0.0
08-15 12:00,0.0
08-15 12:15,0.0
08-15 12:30,0.0
08-15 12:45,0.0
08-15 13:00,0.0
08-15 13:15,0.0
08-15 13:30,0.0
08-15 13:45,0.0
08-15 14:00,0.0
08-15 14:15,0.0
08-15 14:30,0.0
08-15 14:45,0.0
08-15 15:00,0.0
08-15 15:15,0.0
08-15 15:30,0.0
08-15 15:45,0.0
08-15 16:00,0.0
08-15 16:15,0.0
08-15 16:30,0.0
08-15 16:45,0.0
08-15 17:00,0.0
08-15 17:15,0.0
08-15 17:30,0.0
08-15 17:45,0.0
08-15 18:00,0.0
08-15 18:15,0.0
08-15 18:30,0.0
08-15 18:45,0.0
08-15 19:00,0.0
08-15 19:15,0.0
08-15 19:30,0.0
08-15 19:45,0.0
08-15 20:00,0.0
08-15 20:15,0.0
08-15 20:30,3851.893783028572
08-15 20:45,0.0
08-15 21:00,0.0
08-15 21:15,0.0
08-15 21:30,0.0
08-15 21:45,0.0
08-15 22:00,0.0
08-15 22:15,0.0
08-15 22:30,0.0
08-15 22:45,0.0
08-15 23:00,0.0
08-15 23:15,0.0
08-15 23:30,0.0
08-15 23:45,0.0
08-16 00:00,0.0
08-16 00:15,0.0
08-16 00:30,0.0
08-16 00:45,0.0
08-16 01:00,0.0
08-16 01:15,0.0
08-16 01:30,0.0
08-16 01:45,0.0
08-16 02:00,0.0
08-16 02:15,0.0
08-16 02:30,0.0
08-16 02:45,0.0
08-16 03:00,0.0
08-16 03:15,0.0
08-16 03:30,262.61617491174
08-16 03:45,0.0
08-16 04:00,0.0
08-16 04:15,0.0
08-16 04:30,0.0
08-16 04:45,0.0
08-16 05:00,0.0
08-16 05:15,0.0
08-16 05:30,0.0
08-16 05:45,0.0
08-16 06:00,0.0
08-16 06:15,0.0
08-16 06:30,0.0
08-16 06:45,0.0
08-16 07:00,0.0
08-16 07:15,0.0
08-16 07:30,0.0
08-16 07:45,0.0
08-16 08:00,2069.3296136714284
08-16 08:15,0.0
08-16 08:30,0.0
08-16 08:45,0.0
08-16 09:00,3503.7866097999995
08-16 09:15,0.0
08-16 09:30,0.0
08-16 09:45,0.0
08-16 10:00,0.0
08-16 10:15,0.0
08-16 10:30,2064.0792055285715
08-16 10:45,0.0
08-16 11:00,0.0
08-16 11:15,0.0
08-16 11:30,0.0
08-16 11:45,0.0
08-16 12:00,0.0
08-16 12:15,0.0
08-16 12:30,0.0
08-16 12:45,0.0
08-16 13:00,0.0
08-16 13:15,0.0
08-16 13:30,0.0
08-16 13:45,0.0
08-16 14:00,0.0
08-16 14:15,0.0
08-16 14:30,0.0
08-16 14:45,0.0
08-16 15:00,0.0
08-16 15:15,0.0
08-16 15:30,0.0
08-16 15:45,0.0
08-16 16:00,0.0
08-16 16:15,0.0
08-16 16:30,0.0
08-16 16:45,7464.897896642858
08-16 17:00,0.0
08-16 17:15,0.0
08-16 17:30,2200.971988428572
08-16 17:45,0.0
08-16 18:00,0.0
08-16 18:15,0.0
08-16 18:30,0.0
08-16 18:45,0.0
08-16 19:00,0.0
08-16 19:15,0.0
08-16 19:30,0.0
08-16 19:45,0.0
08-16 20:00,0.0
08-16 20:15,0.0
08-16 20:30,0.0
08-16 20:45,0.0
08-16 21:00,0.0
08-16 21:15,0.0
08-16 21:30,0.0
08-16 21:45,0.0
08-16 22:00,0.0
08-16 22:15,0.0
08-16 22:30,0.0
08-16 22:45,0.0
08-16 23:00,0.0
08-16 23:15,0.0
08-16 23:30,0.0
08-16 23:45,0.0
08-17 00:00,0.0
08-17 00:15,0.0
08-17 00:30,0.0
08-17 00:45,0.0
08-17 01:00,1484.2857142857142
08-17 01:15,1484.2857142857142
08-17 01:30,1484.2857142857142
08-17 01:45,1484.2857142857142
08-17 02:00,1484.2857142857142
08-17 02:15,1484.2857142857142
08-17 02:30,1484.2857142857142
08-17 02:45,1484.2857142857142
08-17 03:00,1484.2857142857142
08-17 03:15,1484.2857142857142
08-17 03:30,1484.2857142857142
08-17 03:45,1484.2857142857142
08-17 04:00,1484.2857142857142
08-17 04:15,1484.2857142857142
08-17 04:30,1484.2857142857142
08-17 04:45,1484.2857142857142
08-17 05:00,1782.09695262
08-17 05:15,1484.2857142857142
08-17 05:30,1484.2857142857142
08-17 05:45,7588.1287837142845
08-17 06:00,1484.2857142857142
08-17 06:15,1970.7245526742856
08-17 06:30,2006.9101552371424
08-17 06:45,1484.2857142857142
08-17 07:00,0.0
08-17 07:15,0.0
08-17 07:30,0.0
08-17 07:45,5093.930604857143
08-17 08:00,0.0
08-17 08:15,0.0
08-17 08:30,1907.3641247857145
08-17 08:45,0.0
08-17 09:00,0.0
08-17 09:15,1240.5930562285716
08-17 09:30,0.0
08-17 09:45,0.0
08-17 10:00,0.0
08-17 10:15,0.0
08-17 10:30,0.0
08-17 10:45,0.0
08-17 11:00,0.0
08-17 11:15,0.0
08-17 11:30,0.0
08-17 11:45,0.0
08-17 12:00,0.0
08-17 12:15,0.0
08-17 12:30,0.0
08-17 12:45,0.0
08-17 13:00,0.0
08-17 13:15,0.0
08-17 13:30,0.0
08-17 13:45,0.0
08-17 14:00,1484.2857142857142
08-17 14:15,2099.662519744286
08-17 14:30,0.0
08-17 14:45,417.2355833742327
08-17 15:00,1484.2857142857142
08-17 15:15,1484.2857142857142
08-17 15:30,1484.2857142857142
08-17 15:45,1484.2857142857142
08-17 16:00,0.0
08-17 16:15,0.0
08-17 16:30,0.0
08-17 16:45,0.0
08-17 17:00,0.0
08-17 17:15,0.0
08-17 17:30,2816.242110742857
08-17 17:45,0.0
08-17 18:00,0.0
08-17 18:15,0.0
08-17 18:30,0.0
08-17 18:45,0.0
08-17 19:00,0.0
08-17 19:15,0.0
08-17 19:30,0.0
08-17 19:45,0.0
08-17 20:00,0.0
08-17 20:15,0.0
08-17 20:30,0.0
08-17 20:45,0.0
08-17 21:00,0.0
08-17 21:15,0.0
08-17 21:30,0.0
08-17 21:45,0.0
08-17 22:00,0.0
08-17 22:15,0.0
08-17 22:30,0.0
08-17 22:45,0.0
08-17 23:00,0.0
08-17 23:15,0.0
08-17 23:30,0.0
08-17 23:45,0.0
08-18 00:00,0.0
08-18 00:15,0.0
08-18 00:30,0.0
08-18 00:45,0.0
08-18 01:00,0.0
08-18 01:15,0.0
08-18 01:30,0.0
08-18 01:45,0.0
08-18 02:00,0.0
08-18 02:15,0.0
08-18 02:30,0.0
08-18 02:45,0.0
08-18 03:00,0.0
08-18 03:15,0.0
08-18 03:30,0.0
08-18 03:45,0.0
08-18 04:00,0.0
08-18 04:15,0.0
08-18 04:30,0.0
08-18 04:45,0.0
08-18 05:00,0.0
08-18 05:15,0.0
08-18 05:30,0.0
08-18 05:45,0.0
08-18 06:00,0.0
08-18 06:15,0.0
08-18 06:30,0.0
08-18 06:45,0.0
08-18 07:00,0.0
08-18 07:15,0.0
08-18 07:30,0.0
08-18 07:45,0.0
08-18 08:00,0.0
08-18 08:15,0.0
08-18 08:30,0.0
08-18 08:45,0.0
08-18 09:00,0.0
08-18 09:15,0.0
08-18 09:30,0.0
08-18 09:45,0.0
08-18 10:00,0.0
08-18 10:15,0.0
08-18 10:30,0.0
08-18 10:45,0.0
08-18 11:00,0.0
08-18 11:15,0.0
08-18 11:30,0.0
08-18 11:45,0.0
08-18 12:00,1484.2857142857142
08-18 12:15,1484.2857142857142
08-18 12:30,1877.868771627143
08-18 12:45,1484.2857142857142
08-18 13:00,1484.2857142857142
08-18 13:15,1484.2857142857142
08-18 13:30,1484.2857142857142
08-18 13:45,1484.2857142857142
08-18 14:00,2171.915690347143
08-18 14:15,1484.2857142857142
08-18 14:30,1484.2857142857142
08-18 14:45,1484.2857142857142
08-18 15:00,2544.6560095114287
08-18 15:15,1484.2857142857142
08-18 15:30,1951.350802481429
08-18 15:45,1484.2857142857142
08-18 16:00,0.0
08-18 16:15,607.3882853842857
08-18 16:30,0.0
08-18 16:45,0.0
08-18 17:00,0.0
08-18 17:15,0.0
08-18 17:30,0.0
08-18 17:45,0.0
08-18 18:00,0.0
08-18 18:15,0.0
08-18 18:30,0.0
08-18 18:45,0.0
08-18 19:00,2564.1112562857143
08-18 19:15,0.0
08-18 19:30,0.0
08-18 19:45,0.0
08-18 20:00,0.0
08-18 20:15,2321.8811356857145
08-18 20:30,0.0
08-18 20:45,0.0
08-18 21:00,0.0
08-18 21:15,0.0
08-18 21:30,0.0
08-18 21:45,0.0
08-18 22:00,0.0
08-18 22:15,0.0
08-18 22:30,0.0
08-18 22:45,0.0
08-18 23:00,0.0
08-18 23:15,0.0
08-18 23:30,0.0
08-18 23:45,0.0
08-19 00:00,0.0
08-19 00:15,0.0
08-19 00:30,0.0
08-19 00:45,0.0
08-19 01:00,1484.2857142857142
08-19 01:15,1484.2857142857142
08-19 01:30,1484.2857142857142
08-19 01:45,1484.2857142857142
08-19 02:00,0.0
08-19 02:15,0.0
08-19 02:30,0.0
08-19 02:45,0.0
08-19 03:00,0.0
08-19 03:15,0.0
08-19 03:30,0.0
08-19 03:45,293.0837126171326
08-19 04:00,0.0
08-19 04:15,0.0
08-19 04:30,0.0
08-19 04:45,0.0
08-19 05:00,0.0
08-19 05:15,0.0
08-19 05:30,0.0
08-19 05:45,0.0
08-19 06:00,0.0
08-19 06:15,0.0
08-19 06:30,0.0
08-19 06:45,0.0
08-19 07:00,0.0
08-19 07:15,0.0
08-19 07:30,0.0
08-19 07:45,0.0
08-19 08:00,0.0
08-19 08:15,0.0
08-19 08:30,0.0
08-19 08:45,0.0
08-19 09:00,0.0
08-19 09:15,0.0
08-19 09:30,0.0
08-19 09:45,0.0
08-19 10:00,0.0
08-19 10:15,0.0
08-19 10:30,0.0
08-19 10:45,0.0
08-19 11:00,0.0
08-19 11:15,636.599540357143
08-19 11:30,0.0
08-19 11:45,0.0
08-19 12:00,0.0
08-19 12:15,0.0
08-19 12:30,0.0
08-19 12:45,0.0
08-19 13:00,0.0
08-19 13:15,0.0
08-19 13:30,0.0
08-19 13:45,0.0
08-19 14:00,454.9059744414105
08-19 14:15,0.0
08-19 14:30,1907.4208249714288
08-19 14:45,1484.2857142857142
08-19 15:00,1484.2857142857142
08-19 15:15,1907.574659427143
08-19 15:30,1735.5385750757143
08-19 15:45,1993.1792197114287
08-19 16:00,0.0
08-19 16:15,0.0
08-19 16:30,0.0
08-19 16:45,0.0
08-19 17:00,0.0
08-19 17:15,0.0
08-19 17:30,0.0
08-19 17:45,0.0
08-19 18:00,0.0
08-19 18:15,0.0
08-19 18:30,0.0
08-19 18:45,0.0
08-19 19:00,0.0
08-19 19:15,0.0
08-19 19:30,0.0
08-19 19:45,0.0
08-19 20:00,0.0
08-19 20:15,2712.400996157143
08-19 20:30,0.0
08-19 20:45,0.0
08-19 21:00,0.0
08-19 21:15,0.0
08-19 21:30,0.0
08-19 21:45,0.0
08-19 22:00,0.0
08-19 22:15,0.0
08-19 22:30,0.0
08-19 22:45,0.0
08-19 23:00,0.0
08-19 23:15,0.0
08-19 23:30,0.0
08-19 23:45,0.0
08-20 00:00,0.0
08-20 00:15,0.0
08-20 00:30,0.0
08-20 00:45,0.0
08-20 01:00,0.0
08-20 01:15,0.0
08-20 01:30,0.0
08-20 01:45,0.0
08-20 02:00,410.5362011271499
08-20 02:15,0.0
08-20 02:30,1484.2857142857142
08-20 02:45,0.0
08-20 03:00,0.0
08-20 03:15,0.0
08-20 03:30,0.0
08-20 03:45,0.0
08-20 04:00,0.0
08-20 04:15,0.0
08-20 04:30,0.0
08-20 04:45,0.0
08-20 05:00,0.0
08-20 05:15,0.0
08-20 05:30,0.0
08-20 05:45,0.0
08-20 06:00,0.0
08-20 06:15,0.0
08-20 06:30,0.0
08-20 06:45,4047.096879542857
08-20 07:00,0.0
08-20 07:15,2532.7303138714283
08-20 07:30,0.0
08-20 07:45,0.0
08-20 08:00,0.0
08-20 08:15,0.0
08-20 08:30,0.0
08-20 08:45,0.0
08-20 09:00,0.0
08-20 09:15,0.0
08-20 09:30,0.0
08-20 09:45,0.0
08-20 10:00,0.0
08-20 10:15,0.0
08-20 10:30,0.0
08-20 10:45,0.0
08-20 11:00,0.0
08-20 11:15,0.0
08-20 11:30,0.0
08-20 11:45,0.0
08-20 12:00,0.0
08-20 12:15,0.0
08-20 12:30,0.0
08-20 12:45,0.0
08-20 13:00,0.0
08-20 13:15,0.0
08-20 13:30,0.0
08-20 13:45,0.0
08-20 14:00,0.0
08-20 14:15,567.3012842428573
08-20 14:30,0.0
08-20 14:45,2632.0715651857145
08-20 15:00,0.0
08-20 15:15,0.0
08-20 15:30,0.0
08-20 15:45,0.0
08-20 16:00,0.0
08-20 16:15,0.0
08-20 16:30,0.0
08-20 16:45,0.0
08-20 17:00,0.0
08-20 17:15,0.0
08-20 17:30,0.0
08-20 17:45,0.0
08-20 18:00,0.0
08-20 18:15,0.0
08-20 18:30,0.0
08-20 18:45,0.0
08-20 19:00,0.0
08-20 19:15,0.0
08-20 19:30,0.0
08-20 19:45,0.0
08-20 20:00,0.0
08-20 20:15,0.0
08-20 20:30,0.0
08-20 20:45,0.0
08-20 21:00,0.0
08-20 21:15,0.0
08-20 21:30,0.0
08-20 21:45,0.0
08-20 22:00,0.0
08-20 22:15,0.0
08-20 22:30,0.0
08-20 22:45,0.0
08-20 23:00,0.0
08-20 23:15,0.0
08-20 23:30,0.0
08-20 23:45,0.0
08-21 00:00,0.0
08-21 00:15,0.0
08-21 00:30,0.0
08-21 00:45,0.0
08-21 01:00,0.0
08-21 01:15,0.0
08-21 01:30,0.0
08-21 01:45,0.0
08-21 02:00,0.0
08-21 02:15,0.0
08-21 02:30,0.0
08-21 02:45,0.0
08-21 03:00,0.0
08-21 03:15,0.0
08-21 03:30,0.0
08-21 03:45,0.0
08-21 04:00,0.0
08-21 04:15,0.0
08-21 04:30,0.0
08-21 04:45,0.0
08-21 05:00,0.0
08-21 05:15,0.0
08-21 05:30,0.0
08-21 05:45,0.0
08-21 06:00,0.0
08-21 06:15,0.0
08-21 06:30,0.0
08-21 06:45,0.0
08-21 07:00,0.0
08-21 07:15,0.0
08-21 07:30,0.0
08-21 07:45,0.0
08-21 08:00,0.0
08-21 08:15,0.0
08-21 08:30,0.0
08-21 08:45,0.0
08-21 09:00,0.0
08-21 09:15,0.0
08-21 09:30,0.0
08-21 09:45,0.0
08-21 10:00,4710.346977757144
08-21 10:15,0.0
08-21 10:30,0.0
08-21 10:45,0.0
08-21 11:00,0.0
08-21 11:15,0.0
08-21 11:30,0.0
08-21 11:45,0.0
08-21 12:00,0.0
08-21 12:15,2061.156999885715
08-21 12:30,0.0
08-21 12:45,0.0
08-21 13:00,0.0
08-21 13:15,0.0
08-21 13:30,3338.2195578714286
08-21 13:45,0.0
08-21 14:00,0.0
08-21 14:15,0.0
08-21 14:30,0.0
08-21 14:45,0.0
08-21 15:00,0.0
08-21 15:15,0.0
08-21 15:30,0.0
08-21 15:45,0.0
08-21 16:00,0.0
08-21 16:15,0.0
08-21 16:30,0.0
08-21 16:45,0.0
08-21 17:00,0.0
08-21 17:15,0.0
08-21 17:30,0.0
08-21 17:45,0.0
08-21 18:00,0.0
08-21 18:15,0.0
08-21 18:30,0.0
08-21 18:45,0.0
08-21 19:00,0.0
08-21 19:15,0.0
08-21 19:30,0.0
08-21 19:45,0.0
08-21 20:00,0.0
08-21 20:15,0.0
08-21 20:30,0.0
08-21 20:45,0.0
08-21 21:00,0.0
08-21 21:15,0.0
08-21 21:30,0.0
08-21 21:45,0.0
08-21 22:00,0.0
08-21 22:15,0.0
08-21 22:30,0.0
08-21 22:45,0.0
08-21 23:00,0.0
08-21 23:15,0.0
08-21 23:30,0.0
08-21 23:45,0.0
08-22 00:00,0.0
08-22 00:15,0.0
08-22 00:30,0.0
08-22 00:45,0.0
08-22 01:00,0.0
08-22 01:15,0.0
08-22 01:30,0.0
08-22 01:45,0.0
08-22 02:00,0.0
08-22 02:15,0.0
08-22 02:30,0.0
08-22 02:45,0.0
08-22 03:00,0.0
08-22 03:15,0.0
08-22 03:30,0.0
08-22 03:45,0.0
08-22 04:00,0.0
08-22 04:15,0.0
08-22 04:30,0.0
08-22 04:45,0.0
08-22 05:00,0.0
08-22 05:15,0.0
08-22 05:30,0.0
08-22 05:45,0.0
08-22 06:00,0.0
08-22 06:15,0.0
08-22 06:30,0.0
08-22 06:45,0.0
08-22 07:00,0.0
08-22 07:15,0.0
08-22 07:30,0.0
08-22 07:45,2563.523117657144
08-22 08:00,0.0
08-22 08:15,0.0
08-22 08:30,0.0
08-22 08:45,0.0
08-22 09:00,0.0
08-22 09:15,0.0
08-22 09:30,0.0
08-22 09:45,0.0
08-22 10:00,0.0
08-22 10:15,0.0
08-22 10:30,0.0
08-22 10:45,0.0
08-22 11:00,0.0
08-22 11:15,0.0
08-22 11:30,0.0
08-22 11:45,0.0
08-22 12:00,0.0
08-22 12:15,0.0
08-22 12:30,0.0
08-22 12:45,0.0
08-22 13:00,0.0
08-22 13:15,0.0
08-22 13:30,0.0
08-22 13:45,0.0
08-22 14:00,0.0
08-22 14:15,0.0
08-22 14:30,0.0
08-22 14:45,0.0
08-22 15:00,0.0
08-22 15:15,0.0
08-22 15:30,0.0
08-22 15:45,0.0
08-22 16:00,0.0
08-22 16:15,0.0
08-22 16:30,0.0
08-22 16:45,0.0
08-22 17:00,0.0
08-22 17:15,0.0
08-22 17:30,0.0
08-22 17:45,3503.901806842857
08-22 18:00,0.0
08-22 18:15,0.0
08-22 18:30,0.0
08-22 18:45,0.0
08-22 19:00,0.0
08-22 19:15,0.0
08-22 19:30,0.0
08-22 19:45,0.0
08-22 20:00,0.0
08-22 20:15,0.0
08-22 20:30,0.0
08-22 20:45,0.0
08-22 21:00,0.0
08-22 21:15,0.0
08-22 21:30,0.0
08-22 21:45,0.0
08-22 22:00,0.0
08-22 22:15,0.0
08-22 22:30,0.0
08-22 22:45,0.0
08-22 23:00,0.0
08-22 23:15,0.0
08-22 23:30,0.0
08-22 23:45,0.0
08-23 00:00,0.0
08-23 00:15,0.0
08-23 00:30,1563.159581414286
08-23 00:45,0.0
08-23 01:00,0.0
08-23 01:15,0.0
08-23 01:30,0.0
08-23 01:45,0.0
08-23 02:00,0.0
08-23 02:15,0.0
08-23 02:30,0.0
08-23 02:45,0.0
08-23 03:00,0.0
08-23 03:15,0.0
08-23 03:30,0.0
08-23 03:45,0.0
08-23 04:00,0.0
08-23 04:15,0.0
08-23 04:30,0.0
08-23 04:45,0.0
08-23 05:00,0.0
08-23 05:15,0.0
08-23 05:30,0.0
08-23 05:45,2187.1384172142857
08-23 06:00,0.0
08-23 06:15,0.0
08-23 06:30,0.0
08-23 06:45,0.0
08-23 07:00,0.0
08-23 07:15,0.0
08-23 07:30,0.0
08-23 07:45,0.0
08-23 08:00,0.0
08-23 08:15,0.0
08-23 08:30,0.0
08-23 08:45,0.0
08-23 09:00,0.0
08-23 09:15,0.0
08-23 09:30,0.0
08-23 09:45,0.0
08-23 10:00,0.0
08-23 10:15,0.0
08-23 10:30,0.0
08-23 10:45,0.0
08-23 11:00,0.0
08-23 11:15,0.0
08-23 11:30,0.0
08-23 11:45,0.0
08-23 12:00,0.0
08-23 12:15,0.0
08-23 12:30,0.0
08-23 12:45,0.0
08-23 13:00,0.0
08-23 13:15,3331.898408657143
08-23 13:30,0.0
08-23 13:45,0.0
08-23 14:00,0.0
08-23 14:15,0.0
08-23 14:30,0.0
08-23 14:45,3004.675797114286
08-23 15:00,0.0
08-23 15:15,0.0
08-23 15:30,0.0
08-23 15:45,0.0
08-23 16:00,0.0
08-23 16:15,0.0
08-23 16:30,0.0
08-23 16:45,0.0
08-23 17:00,0.0
08-23 17:15,28.8592517714286
08-23 17:30,0.0
08-23 17:45,0.0
08-23 18:00,0.0
08-23 18:15,2294.5082320428573
08-23 18:30,0.0
08-23 18:45,0.0
08-23 19:00,0.0
08-23 19:15,0.0
08-23 19:30,0.0
08-23 19:45,0.0
08-23 20:00,0.0
08-23 20:15,3093.509613785714
08-23 20:30,0.0
08-23 20:45,0.0
08-23 21:00,0.0
08-23 21:15,0.0
08-23 21:30,0.0
08-23 21:45,0.0
08-23 22:00,0.0
08-23 22:15,0.0
08-23 22:30,0.0
08-23 22:45,0.0
08-23 23:00,0.0
08-23 23:15,0.0
08-23 23:30,0.0
08-23 23:45,0.0
08-24 00:00,0.0
08-24 00:15,0.0
08-24 00:30,0.0
08-24 00:45,0.0
08-24 01:00,0.0
08-24 01:15,0.0
08-24 01:30,0.0
08-24 01:45,0.0
08-24 02:00,0.0
08-24 02:15,0.0
08-24 02:30,0.0
08-24 02:45,0.0
08-24 03:00,0.0
08-24 03:15,0.0
08-24 03:30,0.0
08-24 03:45,0.0
08-24 04:00,0.0
08-24 04:15,0.0
08-24 04:30,0.0
08-24 04:45,0.0
08-24 05:00,0.0
08-24 05:15,0.0
08-24 05:30,0.0
08-24 05:45,0.0
08-24 06:00,0.0
08-24 06:15,0.0
08-24 06:30,0.0
08-24 06:45,0.0
08-24 07:00,0.0
08-24 07:15,0.0
08-24 07:30,0.0
08-24 07:45,0.0
08-24 08:00,1843.665737485714
08-24 08:15,0.0
08-24 08:30,0.0
08-24 08:45,0.0
08-24 09:00,0.0
08-24 09:15,0.0
08-24 09:30,0.0
08-24 09:45,0.0
08-24 10:00,0.0
08-24 10:15,1064.3334427828572
08-24 10:30,0.0
08-24 10:45,0.0
08-24 11:00,1484.2857142857142
08-24 11:15,2077.0184334171427
08-24 11:30,1484.2857142857142
08-24 11:45,1986.691528722857
08-24 12:00,0.0
08-24 12:15,3547.384677842857
08-24 12:30,0.0
08-24 12:45,1286.583411479958
08-24 13:00,0.0
08-24 13:15,0.0
08-24 13:30,0.0
08-24 13:45,0.0
08-24 14:00,0.0
08-24 14:15,0.0
08-24 14:30,0.0
08-24 14:45,0.0
08-24 15:00,0.0
08-24 15:15,0.0
08-24 15:30,0.0
08-24 15:45,0.0
08-24 16:00,0.0
08-24 16:15,0.0
08-24 16:30,0.0
08-24 16:45,0.0
08-24 17:00,0.0
08-24 17:15,0.0
08-24 17:30,0.0
08-24 17:45,0.0
08-24 18:00,0.0
08-24 18:15,0.0
08-24 18:30,0.0
08-24 18:45,0.0
08-24 19:00,0.0
08-24 19:15,0.0
08-24 19:30,0.0
08-24 19:45,0.0
08-24 20:00,0.0
08-24 20:15,0.0
08-24 20:30,0.0
08-24 20:45,0.0
08-24 21:00,0.0
08-24 21:15,0.0
08-24 21:30,0.0
08-24 21:45,0.0
08-24 22:00,0.0
08-24 22:15,0.0
08-24 22:30,0.0
08-24 22:45,0.0
08-24 23:00,0.0
08-24 23:15,0.0
08-24 23:30,0.0
08-24 23:45,0.0
08-25 00:00,0.0
08-25 00:15,0.0
08-25 00:30,0.0
08-25 00:45,0.0
08-25 01:00,0.0
08-25 01:15,0.0
08-25 01:30,0.0
08-25 01:45,0.0
08-25 02:00,0.0
08-25 02:15,0.0
08-25 02:30,0.0
08-25 02:45,0.0
08-25 03:00,1484.2857142857142
08-25 03:15,1484.2857142857142
08-25 03:30,1484.2857142857142
08-25 03:45,1484.2857142857142
08-25 04:00,1484.2857142857142
08-25 04:15,1484.2857142857142
08-25 04:30,1484.2857142857142
08-25 04:45,1484.2857142857142
08-25 05:00,1484.2857142857142
08-25 05:15,1484.2857142857142
08-25 05:30,1484.2857142857142
08-25 05:45,1484.2857142857142
08-25 06:00,0.0
08-25 06:15,0.0
08-25 06:30,0.0
08-25 06:45,0.0
08-25 07:00,0.0
08-25 07:15,0.0
08-25 07:30,0.0
08-25 07:45,0.0
08-25 08:00,0.0
08-25 08:15,0.0
08-25 08:30,0.0
08-25 08:45,0.0
08-25 09:00,1484.2857142857142
08-25 09:15,1484.2857142857142
08-25 09:30,5569.817746742858
08-25 09:45,1962.9487957557144
08-25 10:00,1484.2857142857142
08-25 10:15,1484.2857142857142
08-25 10:30,1484.2857142857142
08-25 10:45,3877.803306857143
08-25 11:00,1484.2857142857142
08-25 11:15,2050.162946275714
08-25 11:30,1484.2857142857142
08-25 11:45,1484.2857142857142
08-25 12:00,1484.2857142857142
08-25 12:15,1484.2857142857142
08-25 12:30,4092.0317047428575
08-25 12:45,1484.2857142857142
08-25 13:00,1484.2857142857142
08-25 13:15,1484.2857142857142
08-25 13:30,5796.282763057143
08-25 13:45,1484.2857142857142
08-25 14:00,1484.2857142857142
08-25 14:15,1484.2857142857142
08-25 14:30,1484.2857142857142
08-25 14:45,1484.2857142857142
08-25 15:00,1484.2857142857142
08-25 15:15,1484.2857142857142
08-25 15:30,1672.21586818
08-25 15:45,1484.2857142857142
08-25 16:00,0.0
08-25 16:15,0.0
08-25 16:30,0.0
08-25 16:45,411.2500176042857
08-25 17:00,0.0
08-25 17:15,0.0
08-25 17:30,0.0
08-25 17:45,0.0
08-25 18:00,0.0
08-25 18:15,0.0
08-25 18:30,0.0
08-25 18:45,0.0
08-25 19:00,0.0
08-25 19:15,0.0
08-25 19:30,0.0
08-25 19:45,0.0
08-25 20:00,0.0
08-25 20:15,0.0
08-25 20:30,0.0
08-25 20:45,0.0
08-25 21:00,0.0
08-25 21:15,0.0
08-25 21:30,0.0
08-25 21:45,0.0
08-25 22:00,0.0
08-25 22:15,0.0
08-25 22:30,0.0
08-25 22:45,0.0
08-25 23:00,0.0
08-25 23:15,0.0
08-25 23:30,0.0
08-25 23:45,0.0
08-26 00:00,0.0
08-26 00:15,0.0
08-26 00:30,0.0
08-26 00:45,0.0
08-26 01:00,1484.2857142857142
08-26 01:15,1484.2857142857142
08-26 01:30,0.0
08-26 01:45,570.2649174771426
08-26 02:00,0.0
08-26 02:15,0.0
08-26 02:30,0.0
08-26 02:45,539.1529164214251
08-26 03:00,0.0
08-26 03:15,0.0
08-26 03:30,0.0
08-26 03:45,0.0
08-26 04:00,0.0
08-26 04:15,0.0
08-26 04:30,0.0
08-26 04:45,0.0
08-26 05:00,0.0
08-26 05:15,0.0
08-26 05:30,2750.447561771429
08-26 05:45,0.0
08-26 06:00,0.0
08-26 06:15,0.0
08-26 06:30,0.0
08-26 06:45,0.0
08-26 07:00,0.0
08-26 07:15,2605.650016757143
08-26 07:30,0.0
08-26 07:45,0.0
08-26 08:00,0.0
08-26 08:15,0.0
08-26 08:30,0.0
08-26 08:45,0.0
08-26 09:00,0.0
08-26 09:15,0.0
08-26 09:30,0.0
08-26 09:45,0.0
08-26 10:00,0.0
08-26 10:15,0.0
08-26 10:30,0.0
08-26 10:45,0.0
08-26 11:00,0.0
08-26 11:15,0.0
08-26 11:30,0.0
08-26 11:45,0.0
08-26 12:00,0.0
08-26 12:15,0.0
08-26 12:30,0.0
08-26 12:45,0.0
08-26 13:00,0.0
08-26 13:15,0.0
08-26 13:30,0.0
08-26 13:45,0.0
08-26 14:00,8410.310259757145
08-26 14:15,0.0
08-26 14:30,0.0
08-26 14:45,0.0
08-26 15:00,0.0
08-26 15:15,0.0
08-26 15:30,0.0
08-26 15:45,0.0
08-26 16:00,0.0
08-26 16:15,0.0
08-26 16:30,0.0
08-26 16:45,0.0
08-26 17:00,0.0
08-26 17:15,0.0
08-26 17:30,0.0
08-26 17:45,5126.111144628572
08-26 18:00,0.0
08-26 18:15,0.0
08-26 18:30,0.0
08-26 18:45,0.0
08-26 19:00,0.0
08-26 19:15,0.0
08-26 19:30,0.0
08-26 19:45,0.0
08-26 20:00,0.0
08-26 20:15,0.0
08-26 20:30,0.0
08-26 20:45,0.0
08-26 21:00,0.0
08-26 21:15,0.0
08-26 21:30,0.0
08-26 21:45,0.0
08-26 22:00,0.0
08-26 22:15,0.0
08-26 22:30,0.0
08-26 22:45,0.0
08-26 23:00,0.0
08-26 23:15,0.0
08-26 23:30,0.0
08-26 23:45,0.0
08-27 00:00,0.0
08-27 00:15,0.0
08-27 00:30,0.0
08-27 00:45,0.0
08-27 01:00,0.0
08-27 01:15,0.0
08-27 01:30,0.0
08-27 01:45,0.0
08-27 02:00,0.0
08-27 02:15,0.0
08-27 02:30,0.0
08-27 02:45,0.0
08-27 03:00,0.0
08-27 03:15,0.0
08-27 03:30,0.0
08-27 03:45,0.0
08-27 04:00,0.0
08-27 04:15,0.0
08-27 04:30,0.0
08-27 04:45,0.0
08-27 05:00,0.0
08-27 05:15,0.0
08-27 05:30,0.0
08-27 05:45,0.0
08-27 06:00,0.0
08-27 06:15,0.0
08-27 06:30,0.0
08-27 06:45,0.0
08-27 07:00,0.0
08-27 07:15,0.0
08-27 07:30,0.0
08-27 07:45,0.0
08-27 08:00,0.0
08-27 08:15,0.0
08-27 08:30,0.0
08-27 08:45,0.0
08-27 09:00,0.0
08-27 09:15,0.0
08-27 09:30,0.0
08-27 09:45,0.0
08-27 10:00,3718.324365757143
08-27 10:15,0.0
08-27 10:30,0.0
08-27 10:45,0.0
08-27 11:00,0.0
08-27 11:15,0.0
08-27 11:30,0.0
08-27 11:45,0.0
08-27 12:00,0.0
08-27 12:15,0.0
08-27 12:30,0.0
08-27 12:45,0.0
08-27 13:00,0.0
08-27 13:15,0.0
08-27 13:30,0.0
08-27 13:45,0.0
08-27 14:00,0.0
08-27 14:15,0.0
08-27 14:30,0.0
08-27 14:45,0.0
08-27 15:00,0.0
08-27 15:15,0.0
08-27 15:30,2666.1376845142863
08-27 15:45,0.0
08-27 16:00,0.0
08-27 16:15,0.0
08-27 16:30,0.0
08-27 16:45,0.0
08-27 17:00,0.0
08-27 17:15,0.0
08-27 17:30,0.0
08-27 17:45,0.0
08-27 18:00,0.0
08-27 18:15,0.0
08-27 18:30,0.0
08-27 18:45,0.0
08-27 19:00,0.0
08-27 19:15,1768.424862514286
08-27 19:30,0.0
08-27 19:45,0.0
08-27 20:00,0.0
08-27 20:15,0.0
08-27 20:30,0.0
08-27 20:45,0.0
08-27 21:00,0.0
08-27 21:15,0.0
08-27 21:30,0.0
08-27 21:45,0.0
08-27 22:00,0.0
08-27 22:15,0.0
08-27 22:30,0.0
08-27 22:45,0.0
08-27 23:00,0.0
08-27 23:15,0.0
08-27 23:30,0.0
08-27 23:45,0.0
08-28 00:00,0.0
08-28 00:15,0.0
08-28 00:30,0.0
08-28 00:45,0.0
08-28 01:00,0.0
08-28 01:15,0.0
08-28 01:30,0.0
08-28 01:45,0.0
08-28 02:00,0.0
08-28 02:15,0.0
08-28 02:30,0.0
08-28 02:45,0.0
08-28 03:00,0.0
08-28 03:15,0.0
08-28 03:30,0.0
08-28 03:45,0.0
08-28 04:00,0.0
08-28 04:15,0.0
08-28 04:30,0.0
08-28 04:45,0.0
08-28 05:00,0.0
08-28 05:15,0.0
08-28 05:30,0.0
08-28 05:45,0.0
08-28 06:00,0.0
08-28 06:15,0.0
08-28 06:30,0.0
08-28 06:45,0.0
08-28 07:00,0.0
08-28 07:15,0.0
08-28 07:30,0.0
08-28 07:45,0.0
08-28 08:00,0.0
08-28 08:15,0.0
08-28 08:30,0.0
08-28 08:45,0.0
08-28 09:00,0.0
08-28 09:15,0.0
08-28 09:30,0.0
08-28 09:45,0.0
08-28 10:00,0.0
08-28 10:15,0.0
08-28 10:30,0.0
08-28 10:45,0.0
08-28 11:00,0.0
08-28 11:15,4707.390153914286
08-28 11:30,0.0
08-28 11:45,0.0
08-28 12:00,0.0
08-28 12:15,0.0
08-28 12:30,0.0
08-28 12:45,0.0
08-28 13:00,3575.701535471428
08-28 13:15,0.0
08-28 13:30,0.0
08-28 13:45,0.0
08-28 14:00,0.0
08-28 14:15,0.0
08-28 14:30,0.0
08-28 14:45,1993.427822528572
08-28 15:00,0.0
08-28 15:15,1363.037842714286
08-28 15:30,0.0
08-28 15:45,3683.301409042857
08-28 16:00,0.0
08-28 16:15,0.0
08-28 16:30,0.0
08-28 16:45,0.0
08-28 17:00,0.0
08-28 17:15,0.0
08-28 17:30,0.0
08-28 17:45,0.0
08-28 18:00,0.0
08-28 18:15,0.0
08-28 18:30,0.0
08-28 18:45,0.0
08-28 19:00,0.0
08-28 19:15,0.0
08-28 19:30,0.0
08-28 19:45,0.0
08-28 20:00,0.0
08-28 20:15,0.0
08-28 20:30,0.0
08-28 20:45,0.0
08-28 21:00,0.0
08-28 21:15,0.0
08-28 21:30,0.0
08-28 21:45,0.0
08-28 22:00,0.0
08-28 22:15,0.0
08-28 22:30,0.0
08-28 22:45,0.0
08-28 23:00,0.0
08-28 23:15,0.0
08-28 23:30,0.0
08-28 23:45,0.0
08-29 00:00,0.0
08-29 00:15,0.0
08-29 00:30,0.0
08-29 00:45,0.0
08-29 01:00,0.0
08-29 01:15,0.0
08-29 01:30,0.0
08-29 01:45,0.0
08-29 02:00,0.0
08-29 02:15,0.0
08-29 02:30,0.0
08-29 02:45,0.0
08-29 03:00,0.0
08-29 03:15,0.0
08-29 03:30,0.0
08-29 03:45,0.0
08-29 04:00,0.0
08-29 04:15,0.0
08-29 04:30,0.0
08-29 04:45,0.0
08-29 05:00,0.0
08-29 05:15,0.0
08-29 05:30,0.0
08-29 05:45,0.0
08-29 06:00,0.0
08-29 06:15,0.0
08-29 06:30,0.0
08-29 06:45,0.0
08-29 07:00,0.0
08-29 07:15,0.0
08-29 07:30,2501.3487610000006
08-29 07:45,0.0
08-29 08:00,0.0
08-29 08:15,0.0
08-29 08:30,0.0
08-29 08:45,0.0
08-29 09:00,0.0
08-29 09:15,0.0
08-29 09:30,0.0
08-29 09:45,0.0
08-29 10:00,0.0
08-29 10:15,0.0
08-29 10:30,0.0
08-29 10:45,0.0
08-29 11:00,0.0
08-29 11:15,0.0
08-29 11:30,0.0
08-29 11:45,0.0
08-29 12:00,0.0
08-29 12:15,2852.052881785715
08-29 12:30,0.0
08-29 12:45,0.0
08-29 13:00,0.0
08-29 13:15,0.0
08-29 13:30,0.0
08-29 13:45,0.0
08-29 14:00,0.0
08-29 14:15,0.0
08-29 14:30,0.0
08-29 14:45,0.0
08-29 15:00,0.0
08-29 15:15,0.0
08-29 15:30,0.0
08-29 15:45,0.0
08-29 16:00,0.0
08-29 16:15,0.0
08-29 16:30,0.0
08-29 16:45,0.0
08-29 17:00,0.0
08-29 17:15,0.0
08-29 17:30,0.0
08-29 17:45,0.0
08-29 18:00,0.0
08-29 18:15,0.0
08-29 18:30,0.0
08-29 18:45,0.0
08-29 19:00,0.0
08-29 19:15,0.0
08-29 19:30,0.0
08-29 19:45,0.0
08-29 20:00,0.0
08-29 20:15,0.0
08-29 20:30,0.0
08-29 20:45,0.0
08-29 21:00,0.0
08-29 21:15,0.0
08-29 21:30,0.0
08-29 21:45,0.0
08-29 22:00,0.0
08-29 22:15,0.0
08-29 22:30,0.0
08-29 22:45,0.0
08-29 23:00,0.0
08-29 23:15,0.0
08-29 23:30,0.0
08-29 23:45,0.0
08-30 00:00,1484.2857142857142
08-30 00:15,1484.2857142857142
08-30 00:30,1484.2857142857142
08-30 00:45,1484.2857142857142
08-30 01:00,0.0
08-30 01:15,0.0
08-30 01:30,1463.513228498591
08-30 01:45,1484.2857142857142
08-30 02:00,1484.2857142857142
08-30 02:15,1484.2857142857142
08-30 02:30,1484.2857142857142
08-30 02:45,1484.2857142857142
08-30 03:00,0.0
08-30 03:15,0.0
08-30 03:30,0.0
08-30 03:45,0.0
08-30 04:00,0.0
08-30 04:15,0.0
08-30 04:30,0.0
08-30 04:45,0.0
08-30 05:00,0.0
08-30 05:15,0.0
08-30 05:30,0.0
08-30 05:45,0.0
08-30 06:00,0.0
08-30 06:15,0.0
08-30 06:30,761.9077445428572
08-30 06:45,0.0
08-30 07:00,2335.838074271429
08-30 07:15,3726.5403960428575
08-30 07:30,0.0
08-30 07:45,0.0
08-30 08:00,0.0
08-30 08:15,8659.708085514287
08-30 08:30,0.0
08-30 08:45,0.0
08-30 09:00,0.0
08-30 09:15,0.0
08-30 09:30,0.0
08-30 09:45,0.0
08-30 10:00,0.0
08-30 10:15,0.0
08-30 10:30,0.0
08-30 10:45,0.0
08-30 11:00,0.0
08-30 11:15,0.0
08-30 11:30,0.0
08-30 11:45,0.0
08-30 12:00,3112.769656514286
08-30 12:15,0.0
08-30 12:30,0.0
08-30 12:45,0.0
08-30 13:00,0.0
08-30 13:15,0.0
08-30 13:30,0.0
08-30 13:45,0.0
08-30 14:00,0.0
08-30 14:15,0.0
08-30 14:30,0.0
08-30 14:45,0.0
08-30 15:00,0.0
08-30 15:15,0.0
08-30 15:30,0.0
08-30 15:45,0.0
08-30 16:00,0.0
08-30 16:15,0.0
08-30 16:30,0.0
08-30 16:45,0.0
08-30 17:00,0.0
08-30 17:15,3068.534907657143
08-30 17:30,0.0
08-30 17:45,0.0
08-30 18:00,0.0
08-30 18:15,0.0
08-30 18:30,0.0
08-30 18:45,0.0
08-30 19:00,0.0
08-30 19:15,0.0
08-30 19:30,0.0
08-30 19:45,0.0
08-30 20:00,0.0
08-30 20:15,0.0
08-30 20:30,0.0
08-30 20:45,0.0
08-30 21:00,0.0
08-30 21:15,0.0
08-30 21:30,0.0
08-30 21:45,0.0
08-30 22:00,0.0
08-30 22:15,0.0
08-30 22:30,0.0
08-30 22:45,0.0
08-30 23:00,0.0
08-30 23:15,0.0
08-30 23:30,0.0
08-30 23:45,0.0
08-31 00:00,0.0
08-31 00:15,0.0
08-31 00:30,0.0
08-31 00:45,0.0
08-31 01:00,0.0
08-31 01:15,0.0
08-31 01:30,0.0
08-31 01:45,0.0
08-31 02:00,0.0
08-31 02:15,0.0
08-31 02:30,0.0
08-31 02:45,0.0
08-31 03:00,1484.2857142857142
08-31 03:15,1484.2857142857142
08-31 03:30,1484.2857142857142
08-31 03:45,1484.2857142857142
08-31 04:00,0.0
08-31 04:15,0.0
08-31 04:30,0.0
08-31 04:45,0.0
08-31 05:00,0.0
08-31 05:15,0.0
08-31 05:30,0.0
08-31 05:45,0.0
08-31 06:00,0.0
08-31 06:15,0.0
08-31 06:30,0.0
08-31 06:45,0.0
08-31 07:00,0.0
08-31 07:15,1952.096625428572
08-31 07:30,0.0
08-31 07:45,0.0
08-31 08:00,0.0
08-31 08:15,0.0
08-31 08:30,0.0
08-31 08:45,0.0
08-31 09:00,0.0
08-31 09:15,0.0
08-31 09:30,0.0
08-31 09:45,3219.328936257143
08-31 10:00,216.57428835714293
08-31 10:15,0.0
08-31 10:30,0.0
08-31 10:45,0.0
08-31 11:00,0.0
08-31 11:15,1484.2857142857142
08-31 11:30,2607.0288371428574
08-31 11:45,422.5718157485715
08-31 12:00,0.0
08-31 12:15,0.0
08-31 12:30,0.0
08-31 12:45,0.0
08-31 13:00,1484.2857142857142
08-31 13:15,5446.7631957
08-31 13:30,1484.2857142857142
08-31 13:45,1484.2857142857142
08-31 14:00,198.02573226714287
08-31 14:15,1484.2857142857142
08-31 14:30,0.0
08-31 14:45,1484.2857142857142
08-31 15:00,0.0
08-31 15:15,0.0
08-31 15:30,0.0
08-31 15:45,0.0
08-31 16:00,0.0
08-31 16:15,4075.293263928572
08-31 16:30,0.0
08-31 16:45,0.0
08-31 17:00,0.0
08-31 17:15,0.0
08-31 17:30,2333.8795136857143
08-31 17:45,1234.8753370571428
08-31 18:00,0.0
08-31 18:15,0.0
08-31 18:30,0.0
08-31 18:45,0.0
08-31 19:00,0.0
08-31 19:15,0.0
08-31 19:30,0.0
08-31 19:45,0.0
08-31 20:00,0.0
08-31 20:15,0.0
08-31 20:30,0.0
08-31 20:45,0.0
08-31 21:00,0.0
08-31 21:15,0.0
08-31 21:30,0.0
08-31 21:45,0.0
08-31 22:00,0.0
08-31 22:15,0.0
08-31 22:30,0.0
08-31 22:45,0.0
08-31 23:00,0.0
08-31 23:15,0.0
08-31 23:30,0.0
08-31 23:45,0.0
09-01 00:00,0.0
09-01 00:15,0.0
09-01 00:30,0.0
09-01 00:45,0.0
09-01 01:00,1484.2857142857142
09-01 01:15,1484.2857142857142
09-01 01:30,1484.2857142857142
09-01 01:45,1484.2857142857142
09-01 02:00,1484.2857142857142
09-01 02:15,1484.2857142857142
09-01 02:30,1484.2857142857142
09-01 02:45,1484.2857142857142
09-01 03:00,1484.2857142857142
09-01 03:15,1484.2857142857142
09-01 03:30,1484.2857142857142
09-01 03:45,1484.2857142857142
09-01 04:00,1484.2857142857142
09-01 04:15,1484.2857142857142
09-01 04:30,1824.2617559785715
09-01 04:45,1484.2857142857142
09-01 05:00,1484.2857142857142
09-01 05:15,1484.2857142857142
09-01 05:30,1484.2857142857142
09-01 05:45,1484.2857142857142
09-01 06:00,1484.2857142857142
09-01 06:15,486.6777714572303
09-01 06:30,1484.2857142857142
09-01 06:45,1484.2857142857142
09-01 07:00,0.0
09-01 07:15,0.0
09-01 07:30,0.0
09-01 07:45,2336.1609781142856
09-01 08:00,0.0
09-01 08:15,0.0
09-01 08:30,0.0
09-01 08:45,1923.5864866571428
09-01 09:00,0.0
09-01 09:15,0.0
09-01 09:30,0.0
09-01 09:45,0.0
09-01 10:00,0.0
09-01 10:15,0.0
09-01 10:30,0.0
09-01 10:45,4642.281286
09-01 11:00,0.0
09-01 11:15,0.0
09-01 11:30,0.0
09-01 11:45,0.0
09-01 12:00,0.0
09-01 12:15,0.0
09-01 12:30,0.0
09-01 12:45,0.0
09-01 13:00,0.0
09-01 13:15,0.0
09-01 13:30,0.0
09-01 13:45,0.0
09-01 14:00,0.0
09-01 14:15,0.0
09-01 14:30,4004.162039442857
09-01 14:45,0.0
09-01 15:00,0.0
09-01 15:15,0.0
09-01 15:30,0.0
09-01 15:45,0.0
09-01 16:00,0.0
09-01 16:15,0.0
09-01 16:30,0.0
09-01 16:45,0.0
09-01 17:00,0.0
09-01 17:15,4656.047537300001
09-01 17:30,0.0
09-01 17:45,0.0
09-01 18:00,0.0
09-01 18:15,0.0
09-01 18:30,0.0
09-01 18:45,0.0
09-01 19:00,0.0
09-01 19:15,0.0
09-01 19:30,0.0
09-01 19:45,0.0
09-01 20:00,0.0
09-01 20:15,0.0
09-01 20:30,4713.312679971428
09-01 20:45,0.0
09-01 21:00,0.0
09-01 21:15,0.0
09-01 21:30,0.0
09-01 21:45,0.0
09-01 22:00,0.0
09-01 22:15,0.0
09-01 22:30,0.0
09-01 22:45,0.0
09-01 23:00,0.0
09-01 23:15,0.0
09-01 23:30,0.0
09-01 23:45,0.0
09-02 00:00,0.0
09-02 00:15,0.0
09-02 00:30,0.0
09-02 00:45,0.0
09-02 01:00,1484.2857142857142
09-02 01:15,1484.2857142857142
09-02 01:30,1484.2857142857142
09-02 01:45,1484.2857142857142
09-02 02:00,1484.2857142857142
09-02 02:15,1484.2857142857142
09-02 02:30,1484.2857142857142
09-02 02:45,1484.2857142857142
09-02 03:00,1484.2857142857142
09-02 03:15,1484.2857142857142
09-02 03:30,1484.2857142857142
09-02 03:45,1484.2857142857142
09-02 04:00,0.0
09-02 04:15,0.0
09-02 04:30,0.0
09-02 04:45,0.0
09-02 05:00,0.0
09-02 05:15,0.0
09-02 05:30,0.0
09-02 05:45,0.0
09-02 06:00,0.0
09-02 06:15,0.0
09-02 06:30,0.0
09-02 06:45,713.6842964714289
09-02 07:00,0.0
09-02 07:15,0.0
09-02 07:30,0.0
09-02 07:45,0.0
09-02 08:00,2122.2185628
09-02 08:15,0.0
09-02 08:30,0.0
09-02 08:45,0.0
09-02 09:00,0.0
09-02 09:15,0.0
09-02 09:30,0.0
09-02 09:45,0.0
09-02 10:00,0.0
09-02 10:15,0.0
09-02 10:30,0.0
09-02 10:45,0.0
09-02 11:00,0.0
09-02 11:15,0.0
09-02 11:30,5276.970084842857
09-02 11:45,5356.172772100001
09-02 12:00,0.0
09-02 12:15,1433.4690514714289
09-02 12:30,0.0
09-02 12:45,2698.500559885714
09-02 13:00,0.0
09-02 13:15,0.0
09-02 13:30,3068.423625028572
09-02 13:45,0.0
09-02 14:00,0.0
09-02 14:15,0.0
09-02 14:30,0.0
09-02 14:45,0.0
09-02 15:00,0.0
09-02 15:15,0.0
09-02 15:30,0.0
09-02 15:45,0.0
09-02 16:00,0.0
09-02 16:15,0.0
09-02 16:30,0.0
09-02 16:45,0.0
09-02 17:00,2487.335321885714
09-02 17:15,0.0
09-02 17:30,0.0
09-02 17:45,0.0
09-02 18:00,0.0
09-02 18:15,0.0
09-02 18:30,0.0
09-02 18:45,4102.7577062142855
09-02 19:00,0.0
09-02 19:15,0.0
09-02 19:30,0.0
09-02 19:45,0.0
09-02 20:00,0.0
09-02 20:15,0.0
09-02 20:30,0.0
09-02 20:45,0.0
09-02 21:00,0.0
09-02 21:15,0.0
09-02 21:30,0.0
09-02 21:45,0.0
09-02 22:00,0.0
09-02 22:15,0.0
09-02 22:30,0.0
09-02 22:45,0.0
09-02 23:00,0.0
09-02 23:15,0.0
09-02 23:30,0.0
09-02 23:45,0.0
09-03 00:00,0.0
09-03 00:15,0.0
09-03 00:30,0.0
09-03 00:45,0.0
09-03 01:00,0.0
09-03 01:15,0.0
09-03 01:30,0.0
09-03 01:45,0.0
09-03 02:00,1484.2857142857142
09-03 02:15,1484.2857142857142
09-03 02:30,1484.2857142857142
09-03 02:45,1484.2857142857142
09-03 03:00,1484.2857142857142
09-03 03:15,1484.2857142857142
09-03 03:30,1484.2857142857142
09-03 03:45,1484.2857142857142
09-03 04:00,0.0
09-03 04:15,0.0
09-03 04:30,0.0
09-03 04:45,0.0
09-03 05:00,0.0
09-03 05:15,0.0
09-03 05:30,0.0
09-03 05:45,0.0
09-03 06:00,0.0
09-03 06:15,0.0
09-03 06:30,0.0
09-03 06:45,0.0
09-03 07:00,0.0
09-03 07:15,0.0
09-03 07:30,0.0
09-03 07:45,0.0
09-03 08:00,0.0
09-03 08:15,0.0
09-03 08:30,0.0
09-03 08:45,0.0
09-03 09:00,0.0
09-03 09:15,0.0
09-03 09:30,0.0
09-03 09:45,0.0
09-03 10:00,0.0
09-03 10:15,0.0
09-03 10:30,0.0
09-03 10:45,0.0
09-03 11:00,0.0
09-03 11:15,0.0
09-03 11:30,0.0
09-03 11:45,0.0
09-03 12:00,0.0
09-03 12:15,0.0
09-03 12:30,0.0
09-03 12:45,0.0
09-03 13:00,0.0
09-03 13:15,0.0
09-03 13:30,0.0
09-03 13:45,3558.411448042857
09-03 14:00,0.0
09-03 14:15,0.0
09-03 14:30,0.0
09-03 14:45,0.0
09-03 15:00,0.0
09-03 15:15,0.0
09-03 15:30,0.0
09-03 15:45,0.0
09-03 16:00,0.0
09-03 16:15,0.0
09-03 16:30,0.0
09-03 16:45,0.0
09-03 17:00,0.0
09-03 17:15,0.0
09-03 17:30,0.0
09-03 17:45,0.0
09-03 18:00,0.0
09-03 18:15,0.0
09-03 18:30,0.0
09-03 18:45,0.0
09-03 19:00,0.0
09-03 19:15,0.0
09-03 19:30,0.0
09-03 19:45,0.0
09-03 20:00,0.0
09-03 20:15,0.0
09-03 20:30,0.0
09-03 20:45,0.0
09-03 21:00,0.0
09-03 21:15,0.0
09-03 21:30,0.0
09-03 21:45,0.0
09-03 22:00,0.0
09-03 22:15,0.0
09-03 22:30,3296.3792829857143
09-03 22:45,0.0
09-03 23:00,0.0
09-03 23:15,0.0
09-03 23:30,0.0
09-03 23:45,0.0
09-04 00:00,0.0
09-04 00:15,0.0
09-04 00:30,0.0
09-04 00:45,0.0
09-04 01:00,0.0
09-04 01:15,0.0
09-04 01:30,0.0
09-04 01:45,0.0
09-04 02:00,0.0
09-04 02:15,0.0
09-04 02:30,0.0
09-04 02:45,0.0
09-04 03:00,0.0
09-04 03:15,0.0
09-04 03:30,0.0
09-04 03:45,0.0
09-04 04:00,0.0
09-04 04:15,0.0
09-04 04:30,0.0
09-04 04:45,0.0
09-04 05:00,0.0
09-04 05:15,0.0
09-04 05:30,0.0
09-04 05:45,0.0
09-04 06:00,0.0
09-04 06:15,0.0
09-04 06:30,0.0
09-04 06:45,0.0
09-04 07:00,0.0
09-04 07:15,0.0
09-04 07:30,0.0
09-04 07:45,0.0
09-04 08:00,0.0
09-04 08:15,0.0
09-04 08:30,0.0
09-04 08:45,0.0
09-04 09:00,0.0
09-04 09:15,0.0
09-04 09:30,0.0
09-04 09:45,0.0
09-04 10:00,0.0
09-04 10:15,0.0
09-04 10:30,0.0
09-04 10:45,0.0
09-04 11:00,0.0
09-04 11:15,0.0
09-04 11:30,0.0
09-04 11:45,0.0
09-04 12:00,0.0
09-04 12:15,0.0
09-04 12:30,2358.050807214286
09-04 12:45,0.0
09-04 13:00,0.0
09-04 13:15,0.0
09-04 13:30,0.0
09-04 13:45,0.0
09-04 14:00,0.0
09-04 14:15,0.0
09-04 14:30,0.0
09-04 14:45,0.0
09-04 15:00,0.0
09-04 15:15,0.0
09-04 15:30,0.0
09-04 15:45,0.0
09-04 16:00,0.0
09-04 16:15,0.0
09-04 16:30,4403.919329371429
09-04 16:45,0.0
09-04 17:00,0.0
09-04 17:15,0.0
09-04 17:30,0.0
09-04 17:45,0.0
09-04 18:00,0.0
09-04 18:15,0.0
09-04 18:30,0.0
09-04 18:45,0.0
09-04 19:00,0.0
09-04 19:15,0.0
09-04 19:30,0.0
09-04 19:45,0.0
09-04 20:00,0.0
09-04 20:15,0.0
09-04 20:30,0.0
09-04 20:45,0.0
09-04 21:00,0.0
09-04 21:15,0.0
09-04 21:30,0.0
09-04 21:45,0.0
09-04 22:00,0.0
09-04 22:15,0.0
09-04 22:30,0.0
09-04 22:45,0.0
09-04 23:00,0.0
09-04 23:15,0.0
09-04 23:30,0.0
09-04 23:45,0.0
09-05 00:00,1484.2857142857142
09-05 00:15,1484.2857142857142
09-05 00:30,1484.2857142857142
09-05 00:45,1484.2857142857142
09-05 01:00,1484.2857142857142
09-05 01:15,1484.2857142857142
09-05 01:30,1484.2857142857142
09-05 01:45,1484.2857142857142
09-05 02:00,1484.2857142857142
09-05 02:15,1484.2857142857142
09-05 02:30,1484.2857142857142
09-05 02:45,1484.2857142857142
09-05 03:00,1484.2857142857142
09-05 03:15,1484.2857142857142
09-05 03:30,1484.2857142857142
09-05 03:45,1484.2857142857142
09-05 04:00,1484.2857142857142
09-05 04:15,1484.2857142857142
09-05 04:30,1484.2857142857142
09-05 04:45,1484.2857142857142
09-05 05:00,0.0
09-05 05:15,0.0
09-05 05:30,0.0
09-05 05:45,0.0
09-05 06:00,0.0
09-05 06:15,0.0
09-05 06:30,0.0
09-05 06:45,0.0
09-05 07:00,0.0
09-05 07:15,0.0
09-05 07:30,0.0
09-05 07:45,0.0
09-05 08:00,0.0
09-05 08:15,0.0
09-05 08:30,0.0
09-05 08:45,0.0
09-05 09:00,0.0
09-05 09:15,0.0
09-05 09:30,0.0
09-05 09:45,0.0
09-05 10:00,0.0
09-05 10:15,0.0
09-05 10:30,0.0
09-05 10:45,0.0
09-05 11:00,0.0
09-05 11:15,0.0
09-05 11:30,0.0
09-05 11:45,0.0
09-05 12:00,0.0
09-05 12:15,0.0
09-05 12:30,0.0
09-05 12:45,0.0
09-05 13:00,0.0
09-05 13:15,0.0
09-05 13:30,0.0
09-05 13:45,0.0
09-05 14:00,0.0
09-05 14:15,3374.114610814286
09-05 14:30,0.0
09-05 14:45,0.0
09-05 15:00,0.0
09-05 15:15,0.0
09-05 15:30,0.0
09-05 15:45,0.0
09-05 16:00,3264.596940214286
09-05 16:15,0.0
09-05 16:30,0.0
09-05 16:45,0.0
09-05 17:00,0.0
09-05 17:15,0.0
09-05 17:30,0.0
09-05 17:45,0.0
09-05 18:00,0.0
09-05 18:15,0.0
09-05 18:30,0.0
09-05 18:45,0.0
09-05 19:00,0.0
09-05 19:15,0.0
09-05 19:30,0.0
09-05 19:45,0.0
09-05 20:00,0.0
09-05 20:15,0.0
09-05 20:30,0.0
09-05 20:45,0.0
09-05 21:00,0.0
09-05 21:15,0.0
09-05 21:30,0.0
09-05 21:45,0.0
09-05 22:00,0.0
09-05 22:15,0.0
09-05 22:30,0.0
09-05 22:45,0.0
09-05 23:00,1484.2857142857142
09-05 23:15,1484.2857142857142
09-05 23:30,1484.2857142857142
09-05 23:45,1484.2857142857142
09-06 00:00,1484.2857142857142
09-06 00:15,1484.2857142857142
09-06 00:30,1484.2857142857142
09-06 00:45,1484.2857142857142
09-06 01:00,1484.2857142857142
09-06 01:15,1484.2857142857142
09-06 01:30,1484.2857142857142
09-06 01:45,1484.2857142857142
09-06 02:00,1484.2857142857142
09-06 02:15,1484.2857142857142
09-06 02:30,1484.2857142857142
09-06 02:45,1484.2857142857142
09-06 03:00,1484.2857142857142
09-06 03:15,1917.788634531429
09-06 03:30,1484.2857142857142
09-06 03:45,1484.2857142857142
09-06 04:00,1484.2857142857142
09-06 04:15,1484.2857142857142
09-06 04:30,1484.2857142857142
09-06 04:45,1484.2857142857142
09-06 05:00,0.0
09-06 05:15,0.0
09-06 05:30,0.0
09-06 05:45,0.0
09-06 06:00,0.0
09-06 06:15,0.0
09-06 06:30,0.0
09-06 06:45,0.0
09-06 07:00,0.0
09-06 07:15,0.0
09-06 07:30,0.0
09-06 07:45,4358.119695385715
09-06 08:00,0.0
09-06 08:15,0.0
09-06 08:30,0.0
09-06 08:45,0.0
09-06 09:00,0.0
09-06 09:15,0.0
09-06 09:30,0.0
09-06 09:45,0.0
09-06 10:00,0.0
09-06 10:15,0.0
09-06 10:30,0.0
09-06 10:45,0.0
09-06 11:00,3547.0614290428566
09-06 11:15,0.0
09-06 11:30,0.0
09-06 11:45,0.0
09-06 12:00,1484.2857142857142
09-06 12:15,1484.2857142857142
09-06 12:30,1484.2857142857142
09-06 12:45,1484.2857142857142
09-06 13:00,0.0
09-06 13:15,0.0
09-06 13:30,0.0
09-06 13:45,0.0
09-06 14:00,0.0
09-06 14:15,1613.4905167857146
09-06 14:30,1484.2857142857142
09-06 14:45,1226.7503582114207
09-06 15:00,0.0
09-06 15:15,0.0
09-06 15:30,0.0
09-06 15:45,920.5208893414268
09-06 16:00,0.0
09-06 16:15,0.0
09-06 16:30,0.0
09-06 16:45,0.0
09-06 17:00,2625.0878005000004
09-06 17:15,0.0
09-06 17:30,0.0
09-06 17:45,6518.2085032
09-06 18:00,0.0
09-06 18:15,0.0
09-06 18:30,0.0
09-06 18:45,0.0
09-06 19:00,0.0
09-06 19:15,0.0
09-06 19:30,0.0
09-06 19:45,0.0
09-06 20:00,0.0
09-06 20:15,0.0
09-06 20:30,0.0
09-06 20:45,0.0
09-06 21:00,0.0
09-06 21:15,0.0
09-06 21:30,0.0
09-06 21:45,0.0
09-06 22:00,0.0
09-06 22:15,0.0
09-06 22:30,0.0
09-06 22:45,0.0
09-06 23:00,0.0
09-06 23:15,0.0
09-06 23:30,0.0
09-06 23:45,0.0
09-07 00:00,0.0
09-07 00:15,0.0
09-07 00:30,0.0
09-07 00:45,0.0
09-07 01:00,0.0
09-07 01:15,0.0
09-07 01:30,0.0
09-07 01:45,0.0
09-07 02:00,1484.2857142857142
09-07 02:15,1428.176645811143
09-07 02:30,1484.2857142857142
09-07 02:45,1484.2857142857142
09-07 03:00,0.0
09-07 03:15,0.0
09-07 03:30,0.0
09-07 03:45,0.0
09-07 04:00,0.0
09-07 04:15,0.0
09-07 04:30,0.0
09-07 04:45,0.0
09-07 05:00,0.0
09-07 05:15,0.0
09-07 05:30,0.0
09-07 05:45,0.0
09-07 06:00,0.0
09-07 06:15,0.0
09-07 06:30,0.0
09-07 06:45,0.0
09-07 07:00,0.0
09-07 07:15,0.0
09-07 07:30,0.0
09-07 07:45,0.0
09-07 08:00,0.0
09-07 08:15,0.0
09-07 08:30,0.0
09-07 08:45,0.0
09-07 09:00,0.0
09-07 09:15,0.0
09-07 09:30,0.0
09-07 09:45,0.0
09-07 10:00,0.0
09-07 10:15,0.0
09-07 10:30,0.0
09-07 10:45,0.0
09-07 11:00,0.0
09-07 11:15,0.0
09-07 11:30,0.0
09-07 11:45,0.0
09-07 12:00,0.0
09-07 12:15,0.0
09-07 12:30,0.0
09-07 12:45,0.0
09-07 13:00,0.0
09-07 13:15,0.0
09-07 13:30,0.0
09-07 13:45,0.0
09-07 14:00,0.0
09-07 14:15,0.0
09-07 14:30,0.0
09-07 14:45,0.0
09-07 15:00,0.0
09-07 15:15,0.0
09-07 15:30,0.0
09-07 15:45,0.0
09-07 16:00,0.0
09-07 16:15,0.0
09-07 16:30,3267.622330957144
09-07 16:45,0.0
09-07 17:00,0.0
09-07 17:15,0.0
09-07 17:30,0.0
09-07 17:45,2743.828979957143
09-07 18:00,0.0
09-07 18:15,0.0
09-07 18:30,0.0
09-07 18:45,0.0
09-07 19:00,0.0
09-07 19:15,0.0
09-07 19:30,0.0
09-07 19:45,0.0
09-07 20:00,0.0
09-07 20:15,0.0
09-07 20:30,0.0
09-07 20:45,0.0
09-07 21:00,0.0
09-07 21:15,0.0
09-07 21:30,0.0
09-07 21:45,0.0
09-07 22:00,0.0
09-07 22:15,0.0
09-07 22:30,0.0
09-07 22:45,0.0
09-07 23:00,0.0
09-07 23:15,0.0
09-07 23:30,0.0
09-07 23:45,0.0
09-08 00:00,0.0
09-08 00:15,0.0
09-08 00:30,0.0
09-08 00:45,0.0
09-08 01:00,0.0
09-08 01:15,0.0
09-08 01:30,0.0
09-08 01:45,0.0
09-08 02:00,0.0
09-08 02:15,0.0
09-08 02:30,0.0
09-08 02:45,0.0
09-08 03:00,0.0
09-08 03:15,0.0
09-08 03:30,0.0
09-08 03:45,0.0
09-08 04:00,0.0
09-08 04:15,0.0
09-08 04:30,0.0
09-08 04:45,0.0
09-08 05:00,0.0
09-08 05:15,0.0
09-08 05:30,0.0
09-08 05:45,0.0
09-08 06:00,0.0
09-08 06:15,4338.570179057143
09-08 06:30,0.0
09-08 06:45,0.0
09-08 07:00,0.0
09-08 07:15,0.0
09-08 07:30,0.0
09-08 07:45,0.0
09-08 08:00,0.0
09-08 08:15,0.0
09-08 08:30,0.0
09-08 08:45,0.0
09-08 09:00,0.0
09-08 09:15,5683.208746857143
09-08 09:30,0.0
09-08 09:45,0.0
09-08 10:00,0.0
09-08 10:15,0.0
09-08 10:30,0.0
09-08 10:45,0.0
09-08 11:00,0.0
09-08 11:15,0.0
09-08 11:30,0.0
09-08 11:45,0.0
09-08 12:00,0.0
09-08 12:15,0.0
09-08 12:30,0.0
09-08 12:45,0.0
09-08 13:00,0.0
09-08 13:15,0.0
09-08 13:30,0.0
09-08 13:45,0.0
09-08 14:00,0.0
09-08 14:15,0.0
09-08 14:30,0.0
09-08 14:45,0.0
09-08 15:00,0.0
09-08 15:15,0.0
09-08 15:30,0.0
09-08 15:45,4109.8340969857145
09-08 16:00,0.0
09-08 16:15,0.0
09-08 16:30,0.0
09-08 16:45,0.0
09-08 17:00,0.0
09-08 17:15,0.0
09-08 17:30,0.0
09-08 17:45,0.0
09-08 18:00,0.0
09-08 18:15,0.0
09-08 18:30,0.0
09-08 18:45,0.0
09-08 19:00,0.0
09-08 19:15,0.0
09-08 19:30,0.0
09-08 19:45,0.0
09-08 20:00,0.0
09-08 20:15,0.0
09-08 20:30,0.0
09-08 20:45,0.0
09-08 21:00,0.0
09-08 21:15,0.0
09-08 21:30,0.0
09-08 21:45,0.0
09-08 22:00,0.0
09-08 22:15,0.0
09-08 22:30,0.0
09-08 22:45,2223.113603514286
09-08 23:00,0.0
09-08 23:15,0.0
09-08 23:30,0.0
09-08 23:45,0.0
09-09 00:00,0.0
09-09 00:15,0.0
09-09 00:30,0.0
09-09 00:45,0.0
09-09 01:00,0.0
09-09 01:15,0.0
09-09 01:30,0.0
09-09 01:45,0.0
09-09 02:00,0.0
09-09 02:15,0.0
09-09 02:30,0.0
09-09 02:45,0.0
09-09 03:00,0.0
09-09 03:15,0.0
09-09 03:30,0.0
09-09 03:45,0.0
09-09 04:00,0.0
09-09 04:15,0.0
09-09 04:30,0.0
09-09 04:45,0.0
09-09 05:00,0.0
09-09 05:15,0.0
09-09 05:30,0.0
09-09 05:45,0.0
09-09 06:00,0.0
09-09 06:15,0.0
09-09 06:30,0.0
09-09 06:45,0.0
09-09 07:00,0.0
09-09 07:15,0.0
09-09 07:30,0.0
09-09 07:45,0.0
09-09 08:00,0.0
09-09 08:15,0.0
09-09 08:30,0.0
09-09 08:45,0.0
09-09 09:00,0.0
09-09 09:15,0.0
09-09 09:30,0.0
09-09 09:45,0.0
09-09 10:00,0.0
09-09 10:15,0.0
09-09 10:30,0.0
09-09 10:45,4589.584472485715
09-09 11:00,0.0
09-09 11:15,0.0
09-09 11:30,0.0
09-09 11:45,0.0
09-09 12:00,0.0
09-09 12:15,0.0
09-09 12:30,0.0
09-09 12:45,0.0
09-09 13:00,0.0
09-09 13:15,0.0
09-09 13:30,0.0
09-09 13:45,0.0
09-09 14:00,0.0
09-09 14:15,4199.113643657143
09-09 14:30,0.0
09-09 14:45,0.0
09-09 15:00,0.0
09-09 15:15,0.0
09-09 15:30,0.0
09-09 15:45,0.0
09-09 16:00,0.0
09-09 16:15,0.0
09-09 16:30,0.0
09-09 16:45,0.0
09-09 17:00,0.0
09-09 17:15,0.0
09-09 17:30,0.0
09-09 17:45,0.0
09-09 18:00,0.0
09-09 18:15,0.0
09-09 18:30,0.0
09-09 18:45,0.0
09-09 19:00,0.0
09-09 19:15,0.0
09-09 19:30,0.0
09-09 19:45,0.0
09-09 20:00,0.0
09-09 20:15,0.0
09-09 20:30,0.0
09-09 20:45,0.0
09-09 21:00,0.0
09-09 21:15,0.0
09-09 21:30,0.0
09-09 21:45,0.0
09-09 22:00,0.0
09-09 22:15,0.0
09-09 22:30,0.0
09-09 22:45,0.0
09-09 23:00,0.0
09-09 23:15,0.0
09-09 23:30,0.0
09-09 23:45,0.0
09-10 00:00,0.0
09-10 00:15,3627.951817157143
09-10 00:30,0.0
09-10 00:45,0.0
09-10 01:00,0.0
09-10 01:15,0.0
09-10 01:30,0.0
09-10 01:45,0.0
09-10 02:00,0.0
09-10 02:15,0.0
09-10 02:30,0.0
09-10 02:45,0.0
09-10 03:00,1484.2857142857142
09-10 03:15,1484.2857142857142
09-10 03:30,0.0
09-10 03:45,77.49602982997571
09-10 04:00,0.0
09-10 04:15,0.0
09-10 04:30,0.0
09-10 04:45,0.0
09-10 05:00,0.0
09-10 05:15,0.0
09-10 05:30,0.0
09-10 05:45,0.0
09-10 06:00,0.0
09-10 06:15,0.0
09-10 06:30,0.0
09-10 06:45,0.0
09-10 07:00,0.0
09-10 07:15,0.0
09-10 07:30,0.0
09-10 07:45,0.0
09-10 08:00,0.0
09-10 08:15,0.0
09-10 08:30,0.0
09-10 08:45,0.0
09-10 09:00,0.0
09-10 09:15,0.0
09-10 09:30,0.0
09-10 09:45,0.0
09-10 10:00,0.0
09-10 10:15,0.0
09-10 10:30,0.0
09-10 10:45,0.0
09-10 11:00,0.0
09-10 11:15,0.0
09-10 11:30,0.0
09-10 11:45,0.0
09-10 12:00,0.0
09-10 12:15,0.0
09-10 12:30,0.0
09-10 12:45,0.0
09-10 13:00,0.0
09-10 13:15,0.0
09-10 13:30,0.0
09-10 13:45,0.0
09-10 14:00,0.0
09-10 14:15,0.0
09-10 14:30,0.0
09-10 14:45,887.0958439714286
09-10 15:00,0.0
09-10 15:15,0.0
09-10 15:30,4084.916408742857
09-10 15:45,0.0
09-10 16:00,2303.680818357143
09-10 16:15,0.0
09-10 16:30,0.0
09-10 16:45,0.0
09-10 17:00,0.0
09-10 17:15,3195.958973971429
09-10 17:30,0.0
09-10 17:45,0.0
09-10 18:00,0.0
09-10 18:15,0.0
09-10 18:30,0.0
09-10 18:45,0.0
09-10 19:00,0.0
09-10 19:15,0.0
09-10 19:30,0.0
09-10 19:45,0.0
09-10 20:00,0.0
09-10 20:15,5271.3829481428575
09-10 20:30,0.0
09-10 20:45,0.0
09-10 21:00,0.0
09-10 21:15,0.0
09-10 21:30,0.0
09-10 21:45,0.0
09-10 22:00,0.0
09-10 22:15,0.0
09-10 22:30,0.0
09-10 22:45,0.0
09-10 23:00,0.0
09-10 23:15,0.0
09-10 23:30,0.0
09-10 23:45,0.0
09-11 00:00,0.0
09-11 00:15,0.0
09-11 00:30,0.0
09-11 00:45,0.0
09-11 01:00,1484.2857142857142
09-11 01:15,1484.2857142857142
09-11 01:30,1484.2857142857142
09-11 01:45,1484.2857142857142
09-11 02:00,0.0
09-11 02:15,0.0
09-11 02:30,0.0
09-11 02:45,0.0
09-11 03:00,0.0
09-11 03:15,0.0
09-11 03:30,0.0
09-11 03:45,0.0
09-11 04:00,0.0
09-11 04:15,0.0
09-11 04:30,0.0
09-11 04:45,0.0
09-11 05:00,0.0
09-11 05:15,0.0
09-11 05:30,0.0
09-11 05:45,0.0
09-11 06:00,0.0
09-11 06:15,0.0
09-11 06:30,0.0
09-11 06:45,0.0
09-11 07:00,0.0
09-11 07:15,0.0
09-11 07:30,0.0
09-11 07:45,0.0
09-11 08:00,0.0
09-11 08:15,3311.687999514286
09-11 08:30,0.0
09-11 08:45,0.0
09-11 09:00,0.0
09-11 09:15,0.0
09-11 09:30,0.0
09-11 09:45,0.0
09-11 10:00,9943.14285714286
09-11 10:15,0.0
09-11 10:30,0.0
09-11 10:45,0.0
09-11 11:00,0.0
09-11 11:15,0.0
09-11 11:30,0.0
09-11 11:45,2504.929222857143
09-11 12:00,0.0
09-11 12:15,0.0
09-11 12:30,0.0
09-11 12:45,1126.0010393800017
09-11 13:00,1484.2857142857142
09-11 13:15,1889.77913287
09-11 13:30,1484.2857142857142
09-11 13:45,1833.0877246414284
09-11 14:00,0.0
09-11 14:15,0.0
09-11 14:30,0.0
09-11 14:45,0.0
09-11 15:00,0.0
09-11 15:15,0.0
09-11 15:30,0.0
09-11 15:45,0.0
09-11 16:00,0.0
09-11 16:15,0.0
09-11 16:30,0.0
09-11 16:45,0.0
09-11 17:00,0.0
09-11 17:15,0.0
09-11 17:30,0.0
09-11 17:45,0.0
09-11 18:00,0.0
09-11 18:15,0.0
09-11 18:30,0.0
09-11 18:45,0.0
09-11 19:00,0.0
09-11 19:15,0.0
09-11 19:30,0.0
09-11 19:45,0.0
09-11 20:00,0.0
09-11 20:15,0.0
09-11 20:30,0.0
09-11 20:45,0.0
09-11 21:00,0.0
09-11 21:15,0.0
09-11 21:30,0.0
09-11 21:45,0.0
09-11 22:00,0.0
09-11 22:15,0.0
09-11 22:30,0.0
09-11 22:45,0.0
09-11 23:00,1484.2857142857142
09-11 23:15,1484.2857142857142
09-11 23:30,1484.2857142857142
09-11 23:45,1484.2857142857142
09-12 00:00,1484.2857142857142
09-12 00:15,1484.2857142857142
09-12 00:30,1484.2857142857142
09-12 00:45,1484.2857142857142
09-12 01:00,1484.2857142857142
09-12 01:15,1484.2857142857142
09-12 01:30,1484.2857142857142
09-12 01:45,1484.2857142857142
09-12 02:00,1484.2857142857142
09-12 02:15,1484.2857142857142
09-12 02:30,1484.2857142857142
09-12 02:45,1484.2857142857142
09-12 03:00,0.0
09-12 03:15,0.0
09-12 03:30,0.0
09-12 03:45,1312.5535879171478
09-12 04:00,0.0
09-12 04:15,0.0
09-12 04:30,0.0
09-12 04:45,0.0
09-12 05:00,0.0
09-12 05:15,0.0
09-12 05:30,0.0
09-12 05:45,0.0
09-12 06:00,0.0
09-12 06:15,0.0
09-12 06:30,4607.034288042859
09-12 06:45,0.0
09-12 07:00,0.0
09-12 07:15,0.0
09-12 07:30,0.0
09-12 07:45,0.0
09-12 08:00,0.0
09-12 08:15,0.0
09-12 08:30,0.0
09-12 08:45,0.0
09-12 09:00,0.0
09-12 09:15,0.0
09-12 09:30,0.0
09-12 09:45,0.0
09-12 10:00,0.0
09-12 10:15,0.0
09-12 10:30,0.0
09-12 10:45,0.0
09-12 11:00,0.0
09-12 11:15,3986.305687328572
09-12 11:30,0.0
09-12 11:45,0.0
09-12 12:00,0.0
09-12 12:15,0.0
09-12 12:30,0.0
09-12 12:45,0.0
09-12 13:00,0.0
09-12 13:15,0.0
09-12 13:30,0.0
09-12 13:45,0.0
09-12 14:00,0.0
09-12 14:15,0.0
09-12 14:30,0.0
09-12 14:45,0.0
09-12 15:00,0.0
09-12 15:15,3764.801314242857
09-12 15:30,0.0
09-12 15:45,0.0
09-12 16:00,0.0
09-12 16:15,0.0
09-12 16:30,0.0
09-12 16:45,0.0
09-12 17:00,0.0
09-12 17:15,802.0855358571431
09-12 17:30,3138.723271814285
09-12 17:45,0.0
09-12 18:00,0.0
09-12 18:15,0.0
09-12 18:30,1575.3559062714287
09-12 18:45,0.0
09-12 19:00,0.0
09-12 19:15,0.0
09-12 19:30,0.0
09-12 19:45,0.0
09-12 20:00,0.0
09-12 20:15,0.0
09-12 20:30,0.0
09-12 20:45,0.0
09-12 21:00,0.0
09-12 21:15,0.0
09-12 21:30,0.0
09-12 21:45,0.0
09-12 22:00,0.0
09-12 22:15,0.0
09-12 22:30,0.0
09-12 22:45,0.0
09-12 23:00,0.0
09-12 23:15,0.0
09-12 23:30,0.0
09-12 23:45,0.0
09-13 00:00,0.0
09-13 00:15,0.0
09-13 00:30,0.0
09-13 00:45,0.0
09-13 01:00,1484.2857142857142
09-13 01:15,1484.2857142857142
09-13 01:30,1484.2857142857142
09-13 01:45,1484.2857142857142
09-13 02:00,1484.2857142857142
09-13 02:15,1484.2857142857142
09-13 02:30,1484.2857142857142
09-13 02:45,1484.2857142857142
09-13 03:00,1484.2857142857142
09-13 03:15,1484.2857142857142
09-13 03:30,1484.2857142857142
09-13 03:45,1484.2857142857142
09-13 04:00,0.0
09-13 04:15,0.0
09-13 04:30,0.0
09-13 04:45,0.0
09-13 05:00,0.0
09-13 05:15,0.0
09-13 05:30,0.0
09-13 05:45,0.0
09-13 06:00,0.0
09-13 06:15,0.0
09-13 06:30,0.0
09-13 06:45,0.0
09-13 07:00,0.0
09-13 07:15,0.0
09-13 07:30,0.0
09-13 07:45,0.0
09-13 08:00,0.0
09-13 08:15,2613.723133885714
09-13 08:30,0.0
09-13 08:45,0.0
09-13 09:00,0.0
09-13 09:15,0.0
09-13 09:30,0.0
09-13 09:45,0.0
09-13 10:00,0.0
09-13 10:15,0.0
09-13 10:30,0.0
09-13 10:45,0.0
09-13 11:00,0.0
09-13 11:15,0.0
09-13 11:30,0.0
09-13 11:45,0.0
09-13 12:00,0.0
09-13 12:15,0.0
09-13 12:30,0.0
09-13 12:45,0.0
09-13 13:00,0.0
09-13 13:15,0.0
09-13 13:30,0.0
09-13 13:45,0.0
09-13 14:00,0.0
09-13 14:15,0.0
09-13 14:30,0.0
09-13 14:45,0.0
09-13 15:00,0.0
09-13 15:15,0.0
09-13 15:30,2471.866346657143
09-13 15:45,0.0
09-13 16:00,0.0
09-13 16:15,0.0
09-13 16:30,0.0
09-13 16:45,633.499490657143
09-13 17:00,0.0
09-13 17:15,0.0
09-13 17:30,0.0
09-13 17:45,0.0
09-13 18:00,0.0
09-13 18:15,0.0
09-13 18:30,0.0
09-13 18:45,0.0
09-13 19:00,0.0
09-13 19:15,0.0
09-13 19:30,0.0
09-13 19:45,0.0
09-13 20:00,0.0
09-13 20:15,0.0
09-13 20:30,0.0
09-13 20:45,0.0
09-13 21:00,0.0
09-13 21:15,0.0
09-13 21:30,0.0
09-13 21:45,0.0
09-13 22:00,0.0
09-13 22:15,0.0
09-13 22:30,0.0
09-13 22:45,0.0
09-13 23:00,0.0
09-13 23:15,0.0
09-13 23:30,0.0
09-13 23:45,0.0
09-14 00:00,0.0
09-14 00:15,0.0
09-14 00:30,0.0
09-14 00:45,0.0
09-14 01:00,0.0
09-14 01:15,0.0
09-14 01:30,0.0
09-14 01:45,0.0
09-14 02:00,0.0
09-14 02:15,0.0
09-14 02:30,0.0
09-14 02:45,0.0
09-14 03:00,0.0
09-14 03:15,0.0
09-14 03:30,0.0
09-14 03:45,0.0
09-14 04:00,0.0
09-14 04:15,0.0
09-14 04:30,0.0
09-14 04:45,0.0
09-14 05:00,0.0
09-14 05:15,0.0
09-14 05:30,0.0
09-14 05:45,0.0
09-14 06:00,0.0
09-14 06:15,0.0
09-14 06:30,0.0
09-14 06:45,0.0
09-14 07:00,0.0
09-14 07:15,0.0
09-14 07:30,0.0
09-14 07:45,0.0
09-14 08:00,0.0
09-14 08:15,0.0
09-14 08:30,0.0
09-14 08:45,0.0
09-14 09:00,0.0
09-14 09:15,0.0
09-14 09:30,0.0
09-14 09:45,0.0
09-14 10:00,0.0
09-14 10:15,0.0
09-14 10:30,3191.910010542857
09-14 10:45,0.0
09-14 11:00,0.0
09-14 11:15,2406.0517974714285
09-14 11:30,0.0
09-14 11:45,0.0
09-14 12:00,0.0
09-14 12:15,3626.219653328572
09-14 12:30,0.0
09-14 12:45,0.0
09-14 13:00,0.0
09-14 13:15,269.99649155428693
09-14 13:30,0.0
09-14 13:45,0.0
09-14 14:00,1484.2857142857142
09-14 14:15,1484.2857142857142
09-14 14:30,1484.2857142857142
09-14 14:45,6014.626857028571
09-14 15:00,0.0
09-14 15:15,0.0
09-14 15:30,0.0
09-14 15:45,0.0
09-14 16:00,0.0
09-14 16:15,0.0
09-14 16:30,0.0
09-14 16:45,0.0
09-14 17:00,0.0
09-14 17:15,247.9419594142859
09-14 17:30,0.0
09-14 17:45,0.0
09-14 18:00,0.0
09-14 18:15,0.0
09-14 18:30,0.0
09-14 18:45,0.0
09-14 19:00,0.0
09-14 19:15,0.0
09-14 19:30,0.0
09-14 19:45,0.0
09-14 20:00,4731.351033871429
09-14 20:15,0.0
09-14 20:30,0.0
09-14 20:45,0.0
09-14 21:00,0.0
09-14 21:15,0.0
09-14 21:30,0.0
09-14 21:45,0.0
09-14 22:00,0.0
09-14 22:15,0.0
09-14 22:30,0.0
09-14 22:45,0.0
09-14 23:00,0.0
09-14 23:15,0.0
09-14 23:30,0.0
09-14 23:45,0.0
09-15 00:00,0.0
09-15 00:15,0.0
09-15 00:30,0.0
09-15 00:45,0.0
09-15 01:00,0.0
09-15 01:15,0.0
09-15 01:30,0.0
09-15 01:45,0.0
09-15 02:00,1484.2857142857142
09-15 02:15,1484.2857142857142
09-15 02:30,1484.2857142857142
09-15 02:45,1484.2857142857142
09-15 03:00,1484.2857142857142
09-15 03:15,1484.2857142857142
09-15 03:30,1484.2857142857142
09-15 03:45,1484.2857142857142
09-15 04:00,1484.2857142857142
09-15 04:15,1484.2857142857142
09-15 04:30,1484.2857142857142
09-15 04:45,1484.2857142857142
09-15 05:00,1484.2857142857142
09-15 05:15,1484.2857142857142
09-15 05:30,1484.2857142857142
09-15 05:45,1484.2857142857142
09-15 06:00,1484.2857142857142
09-15 06:15,1484.2857142857142
09-15 06:30,1484.2857142857142
09-15 06:45,1484.2857142857142
09-15 07:00,2197.928518428572
09-15 07:15,0.0
09-15 07:30,0.0
09-15 07:45,0.0
09-15 08:00,0.0
09-15 08:15,2255.5528292
09-15 08:30,0.0
09-15 08:45,0.0
09-15 09:00,0.0
09-15 09:15,0.0
09-15 09:30,634.6282028099536
09-15 09:45,1484.2857142857142
09-15 10:00,6868.851399342857
09-15 10:15,1484.2857142857142
09-15 10:30,1484.2857142857142
09-15 10:45,2150.367603588572
09-15 11:00,1484.2857142857142
09-15 11:15,5024.224987228572
09-15 11:30,1484.2857142857142
09-15 11:45,1484.2857142857142
09-15 12:00,1484.2857142857142
09-15 12:15,2049.189622267143
09-15 12:30,1484.2857142857142
09-15 12:45,1484.2857142857142
09-15 13:00,2029.87745655
09-15 13:15,1484.2857142857142
09-15 13:30,7378.428727371428
09-15 13:45,1926.1084211342857
09-15 14:00,1484.2857142857142
09-15 14:15,1484.2857142857142
09-15 14:30,1484.2857142857142
09-15 14:45,1484.2857142857142
09-15 15:00,0.0
09-15 15:15,0.0
09-15 15:30,0.0
09-15 15:45,603.7351575357113
09-15 16:00,0.0
09-15 16:15,0.0
09-15 16:30,0.0
09-15 16:45,0.0
09-15 17:00,0.0
09-15 17:15,0.0
09-15 17:30,0.0
09-15 17:45,0.0
09-15 18:00,0.0
09-15 18:15,0.0
09-15 18:30,0.0
09-15 18:45,0.0
09-15 19:00,0.0
09-15 19:15,0.0
09-15 19:30,0.0
09-15 19:45,0.0
09-15 20:00,0.0
09-15 20:15,0.0
09-15 20:30,0.0
09-15 20:45,0.0
09-15 21:00,0.0
09-15 21:15,0.0
09-15 21:30,0.0
09-15 21:45,0.0
09-15 22:00,0.0
09-15 22:15,0.0
09-15 22:30,0.0
09-15 22:45,0.0
09-15 23:00,0.0
09-15 23:15,0.0
09-15 23:30,0.0
09-15 23:45,0.0
09-16 00:00,0.0
09-16 00:15,0.0
09-16 00:30,0.0
09-16 00:45,0.0
09-16 01:00,0.0
09-16 01:15,0.0
09-16 01:30,0.0
09-16 01:45,0.0
09-16 02:00,0.0
09-16 02:15,0.0
09-16 02:30,0.0
09-16 02:45,0.0
09-16 03:00,0.0
09-16 03:15,0.0
09-16 03:30,0.0
09-16 03:45,0.0
09-16 04:00,0.0
09-16 04:15,0.0
09-16 04:30,0.0
09-16 04:45,0.0
09-16 05:00,0.0
09-16 05:15,0.0
09-16 05:30,0.0
09-16 05:45,0.0
09-16 06:00,0.0
09-16 06:15,0.0
09-16 06:30,0.0
09-16 06:45,0.0
09-16 07:00,0.0
09-16 07:15,0.0
09-16 07:30,0.0
09-16 07:45,0.0
09-16 08:00,0.0
09-16 08:15,0.0
09-16 08:30,0.0
09-16 08:45,0.0
09-16 09:00,0.0
09-16 09:15,0.0
09-16 09:30,0.0
09-16 09:45,0.0
09-16 10:00,0.0
09-16 10:15,0.0
09-16 10:30,0.0
09-16 10:45,0.0
09-16 11:00,0.0
09-16 11:15,0.0
09-16 11:30,0.0
09-16 11:45,0.0
09-16 12:00,0.0
09-16 12:15,0.0
09-16 12:30,0.0
09-16 12:45,0.0
09-16 13:00,0.0
09-16 13:15,0.0
09-16 13:30,0.0
09-16 13:45,0.0
09-16 14:00,0.0
09-16 14:15,0.0
09-16 14:30,0.0
09-16 14:45,0.0
09-16 15:00,2688.9933543857146
09-16 15:15,0.0
09-16 15:30,5118.130425714286
09-16 15:45,0.0
09-16 16:00,0.0
09-16 16:15,7768.108494185715
09-16 16:30,0.0
09-16 16:45,0.0
09-16 17:00,0.0
09-16 17:15,0.0
09-16 17:30,0.0
09-16 17:45,0.0
09-16 18:00,0.0
09-16 18:15,0.0
09-16 18:30,0.0
09-16 18:45,0.0
09-16 19:00,0.0
09-16 19:15,2343.0053172571425
09-16 19:30,0.0
09-16 19:45,0.0
09-16 20:00,0.0
09-16 20:15,4215.354798785715
09-16 20:30,0.0
09-16 20:45,0.0
09-16 21:00,0.0
09-16 21:15,0.0
09-16 21:30,0.0
09-16 21:45,0.0
09-16 22:00,0.0
09-16 22:15,0.0
09-16 22:30,0.0
09-16 22:45,0.0
09-16 23:00,0.0
09-16 23:15,0.0
09-16 23:30,0.0
09-16 23:45,0.0
09-17 00:00,0.0
09-17 00:15,0.0
09-17 00:30,0.0
09-17 00:45,0.0
09-17 01:00,0.0
09-17 01:15,0.0
09-17 01:30,0.0
09-17 01:45,0.0
09-17 02:00,0.0
09-17 02:15,0.0
09-17 02:30,0.0
09-17 02:45,0.0
09-17 03:00,0.0
09-17 03:15,0.0
09-17 03:30,0.0
09-17 03:45,0.0
09-17 04:00,0.0
09-17 04:15,0.0
09-17 04:30,0.0
09-17 04:45,0.0
09-17 05:00,0.0
09-17 05:15,0.0
09-17 05:30,0.0
09-17 05:45,0.0
09-17 06:00,0.0
09-17 06:15,0.0
09-17 06:30,0.0
09-17 06:45,0.0
09-17 07:00,0.0
09-17 07:15,0.0
09-17 07:30,0.0
09-17 07:45,0.0
09-17 08:00,0.0
09-17 08:15,0.0
09-17 08:30,0.0
09-17 08:45,0.0
09-17 09:00,0.0
09-17 09:15,0.0
09-17 09:30,0.0
09-17 09:45,0.0
09-17 10:00,0.0
09-17 10:15,0.0
09-17 10:30,0.0
09-17 10:45,0.0
09-17 11:00,3148.2091545428566
09-17 11:15,0.0
09-17 11:30,0.0
09-17 11:45,0.0
09-17 12:00,1484.2857142857142
09-17 12:15,1484.2857142857142
09-17 12:30,1484.2857142857142
09-17 12:45,1484.2857142857142
09-17 13:00,1484.2857142857142
09-17 13:15,1484.2857142857142
09-17 13:30,1484.2857142857142
09-17 13:45,5239.4536581
09-17 14:00,1484.2857142857142
09-17 14:15,1484.2857142857142
09-17 14:30,5965.052223157142
09-17 14:45,1484.2857142857142
09-17 15:00,1484.2857142857142
09-17 15:15,1484.2857142857142
09-17 15:30,1484.2857142857142
09-17 15:45,1484.2857142857142
09-17 16:00,0.0
09-17 16:15,0.0
09-17 16:30,0.0
09-17 16:45,0.0
09-17 17:00,0.0
09-17 17:15,0.0
09-17 17:30,0.0
09-17 17:45,0.0
09-17 18:00,0.0
09-17 18:15,0.0
09-17 18:30,0.0
09-17 18:45,0.0
09-17 19:00,0.0
09-17 19:15,0.0
09-17 19:30,0.0
09-17 19:45,0.0
09-17 20:00,0.0
09-17 20:15,0.0
09-17 20:30,0.0
09-17 20:45,0.0
09-17 21:00,0.0
09-17 21:15,0.0
09-17 21:30,0.0
09-17 21:45,0.0
09-17 22:00,0.0
09-17 22:15,0.0
09-17 22:30,0.0
09-17 22:45,0.0
09-17 23:00,0.0
09-17 23:15,0.0
09-17 23:30,0.0
09-17 23:45,0.0
09-18 00:00,0.0
09-18 00:15,0.0
09-18 00:30,0.0
09-18 00:45,0.0
09-18 01:00,0.0
09-18 01:15,0.0
09-18 01:30,0.0
09-18 01:45,0.0
09-18 02:00,1484.2857142857142
09-18 02:15,0.0
09-18 02:30,442.9705313328266
09-18 02:45,0.0
09-18 03:00,0.0
09-18 03:15,0.0
09-18 03:30,0.0
09-18 03:45,0.0
09-18 04:00,0.0
09-18 04:15,0.0
09-18 04:30,0.0
09-18 04:45,0.0
09-18 05:00,0.0
09-18 05:15,0.0
09-18 05:30,0.0
09-18 05:45,0.0
09-18 06:00,0.0
09-18 06:15,0.0
09-18 06:30,0.0
09-18 06:45,0.0
09-18 07:00,0.0
09-18 07:15,0.0
09-18 07:30,0.0
09-18 07:45,0.0
09-18 08:00,0.0
09-18 08:15,0.0
09-18 08:30,0.0
09-18 08:45,0.0
09-18 09:00,0.0
09-18 09:15,0.0
09-18 09:30,4460.521274785715
09-18 09:45,0.0
09-18 10:00,0.0
09-18 10:15,0.0
09-18 10:30,0.0
09-18 10:45,0.0
09-18 11:00,0.0
09-18 11:15,0.0
09-18 11:30,0.0
09-18 11:45,0.0
09-18 12:00,2954.701032557144
09-18 12:15,0.0
09-18 12:30,2826.2346933857143
09-18 12:45,0.0
09-18 13:00,1484.2857142857142
09-18 13:15,6433.394998428572
09-18 13:30,1484.2857142857142
09-18 13:45,1484.2857142857142
09-18 14:00,0.0
09-18 14:15,0.0
09-18 14:30,0.0
09-18 14:45,0.0
09-18 15:00,0.0
09-18 15:15,0.0
09-18 15:30,0.0
09-18 15:45,1511.332838971429
09-18 16:00,2627.6096787
09-18 16:15,0.0
09-18 16:30,0.0
09-18 16:45,0.0
09-18 17:00,0.0
09-18 17:15,0.0
09-18 17:30,0.0
09-18 17:45,0.0
09-18 18:00,0.0
09-18 18:15,0.0
09-18 18:30,0.0
09-18 18:45,0.0
09-18 19:00,0.0
09-18 19:15,0.0
09-18 19:30,0.0
09-18 19:45,0.0
09-18 20:00,0.0
09-18 20:15,0.0
09-18 20:30,0.0
09-18 20:45,0.0
09-18 21:00,0.0
09-18 21:15,0.0
09-18 21:30,0.0
09-18 21:45,0.0
09-18 22:00,0.0
09-18 22:15,0.0
09-18 22:30,0.0
09-18 22:45,0.0
09-18 23:00,0.0
09-18 23:15,0.0
09-18 23:30,0.0
09-18 23:45,0.0
09-19 00:00,0.0
09-19 00:15,0.0
09-19 00:30,0.0
09-19 00:45,0.0
09-19 01:00,0.0
09-19 01:15,0.0
09-19 01:30,0.0
09-19 01:45,0.0
09-19 02:00,0.0
09-19 02:15,0.0
09-19 02:30,0.0
09-19 02:45,0.0
09-19 03:00,0.0
09-19 03:15,0.0
09-19 03:30,0.0
09-19 03:45,0.0
09-19 04:00,0.0
09-19 04:15,0.0
09-19 04:30,0.0
09-19 04:45,0.0
09-19 05:00,0.0
09-19 05:15,0.0
09-19 05:30,0.0
09-19 05:45,0.0
09-19 06:00,0.0
09-19 06:15,0.0
09-19 06:30,0.0
09-19 06:45,0.0
09-19 07:00,0.0
09-19 07:15,0.0
09-19 07:30,0.0
09-19 07:45,0.0
09-19 08:00,0.0
09-19 08:15,0.0
09-19 08:30,0.0
09-19 08:45,4766.305243785715
09-19 09:00,0.0
09-19 09:15,727.6324984428571
09-19 09:30,0.0
09-19 09:45,0.0
09-19 10:00,0.0
09-19 10:15,0.0
09-19 10:30,0.0
09-19 10:45,0.0
09-19 11:00,0.0
09-19 11:15,0.0
09-19 11:30,0.0
09-19 11:45,0.0
09-19 12:00,0.0
09-19 12:15,0.0
09-19 12:30,0.0
09-19 12:45,0.0
09-19 13:00,0.0
09-19 13:15,0.0
09-19 13:30,0.0
09-19 13:45,0.0
09-19 14:00,0.0
09-19 14:15,0.0
09-19 14:30,0.0
09-19 14:45,0.0
09-19 15:00,0.0
09-19 15:15,0.0
09-19 15:30,0.0
09-19 15:45,0.0
09-19 16:00,0.0
09-19 16:15,0.0
09-19 16:30,0.0
09-19 16:45,0.0
09-19 17:00,0.0
09-19 17:15,0.0
09-19 17:30,0.0
09-19 17:45,0.0
09-19 18:00,2890.139631014286
09-19 18:15,0.0
09-19 18:30,0.0
09-19 18:45,0.0
09-19 19:00,0.0
09-19 19:15,3017.338026942857
09-19 19:30,0.0
09-19 19:45,0.0
09-19 20:00,0.0
09-19 20:15,0.0
09-19 20:30,0.0
09-19 20:45,0.0
09-19 21:00,0.0
09-19 21:15,0.0
09-19 21:30,0.0
09-19 21:45,0.0
09-19 22:00,0.0
09-19 22:15,786.8121763428574
09-19 22:30,0.0
09-19 22:45,0.0
09-19 23:00,0.0
09-19 23:15,0.0
09-19 23:30,0.0
09-19 23:45,0.0
09-20 00:00,0.0
09-20 00:15,0.0
09-20 00:30,0.0
09-20 00:45,0.0
09-20 01:00,0.0
09-20 01:15,0.0
09-20 01:30,0.0
09-20 01:45,0.0
09-20 02:00,0.0
09-20 02:15,0.0
09-20 02:30,0.0
09-20 02:45,0.0
09-20 03:00,0.0
09-20 03:15,0.0
09-20 03:30,0.0
09-20 03:45,0.0
09-20 04:00,0.0
09-20 04:15,0.0
09-20 04:30,0.0
09-20 04:45,0.0
09-20 05:00,0.0
09-20 05:15,0.0
09-20 05:30,0.0
09-20 05:45,0.0
09-20 06:00,0.0
09-20 06:15,0.0
09-20 06:30,0.0
09-20 06:45,0.0
09-20 07:00,0.0
09-20 07:15,3378.2290742000005
09-20 07:30,0.0
09-20 07:45,0.0
09-20 08:00,0.0
09-20 08:15,0.0
09-20 08:30,0.0
09-20 08:45,0.0
09-20 09:00,0.0
09-20 09:15,0.0
09-20 09:30,0.0
09-20 09:45,0.0
09-20 10:00,0.0
09-20 10:15,0.0
09-20 10:30,0.0
09-20 10:45,0.0
09-20 11:00,0.0
09-20 11:15,0.0
09-20 11:30,0.0
09-20 11:45,0.0
09-20 12:00,0.0
09-20 12:15,0.0
09-20 12:30,0.0
09-20 12:45,0.0
09-20 13:00,0.0
09-20 13:15,0.0
09-20 13:30,0.0
09-20 13:45,0.0
09-20 14:00,0.0
09-20 14:15,0.0
09-20 14:30,0.0
09-20 14:45,0.0
09-20 15:00,0.0
09-20 15:15,0.0
09-20 15:30,0.0
09-20 15:45,0.0
09-20 16:00,0.0
09-20 16:15,0.0
09-20 16:30,2425.728297842857
09-20 16:45,3153.692029242857
09-20 17:00,1118.4141925
09-20 17:15,3061.0687100142864
09-20 17:30,0.0
09-20 17:45,0.0
09-20 18:00,0.0
09-20 18:15,0.0
09-20 18:30,0.0
09-20 18:45,0.0
09-20 19:00,0.0
09-20 19:15,0.0
09-20 19:30,0.0
09-20 19:45,0.0
09-20 20:00,0.0
09-20 20:15,0.0
09-20 20:30,0.0
09-20 20:45,0.0
09-20 21:00,0.0
09-20 21:15,0.0
09-20 21:30,0.0
09-20 21:45,0.0
09-20 22:00,0.0
09-20 22:15,0.0
09-20 22:30,0.0
09-20 22:45,0.0
09-20 23:00,0.0
09-20 23:15,0.0
09-20 23:30,0.0
09-20 23:45,0.0
09-21 00:00,0.0
09-21 00:15,0.0
09-21 00:30,0.0
09-21 00:45,0.0
09-21 01:00,0.0
09-21 01:15,0.0
09-21 01:30,0.0
09-21 01:45,0.0
09-21 02:00,0.0
09-21 02:15,0.0
09-21 02:30,0.0
09-21 02:45,0.0
09-21 03:00,0.0
09-21 03:15,0.0
09-21 03:30,0.0
09-21 03:45,0.0
09-21 04:00,0.0
09-21 04:15,0.0
09-21 04:30,0.0
09-21 04:45,0.0
09-21 05:00,0.0
09-21 05:15,0.0
09-21 05:30,0.0
09-21 05:45,1248.2897531714286
09-21 06:00,2082.379494657143
09-21 06:15,0.0
09-21 06:30,0.0
09-21 06:45,0.0
09-21 07:00,4200.713125442859
09-21 07:15,0.0
09-21 07:30,0.0
09-21 07:45,3612.674506471429
09-21 08:00,0.0
09-21 08:15,0.0
09-21 08:30,3707.0514547428575
09-21 08:45,0.0
09-21 09:00,0.0
09-21 09:15,0.0
09-21 09:30,0.0
09-21 09:45,0.0
09-21 10:00,0.0
09-21 10:15,0.0
09-21 10:30,0.0
09-21 10:45,0.0
09-21 11:00,3755.9313375714296
09-21 11:15,0.0
09-21 11:30,0.0
09-21 11:45,0.0
09-21 12:00,0.0
09-21 12:15,0.0
09-21 12:30,0.0
09-21 12:45,0.0
09-21 13:00,1484.2857142857142
09-21 13:15,1484.2857142857142
09-21 13:30,1484.2857142857142
09-21 13:45,1484.2857142857142
09-21 14:00,0.0
09-21 14:15,0.0
09-21 14:30,0.0
09-21 14:45,0.0
09-21 15:00,0.0
09-21 15:15,0.0
09-21 15:30,0.0
09-21 15:45,0.0
09-21 16:00,0.0
09-21 16:15,0.0
09-21 16:30,0.0
09-21 16:45,0.0
09-21 17:00,1599.566144042857
09-21 17:15,0.0
09-21 17:30,1091.2473068428571
09-21 17:45,0.0
09-21 18:00,0.0
09-21 18:15,0.0
09-21 18:30,0.0
09-21 18:45,0.0
09-21 19:00,0.0
09-21 19:15,4594.422156200001
09-21 19:30,0.0
09-21 19:45,0.0
09-21 20:00,0.0
09-21 20:15,0.0
09-21 20:30,0.0
09-21 20:45,0.0
09-21 21:00,0.0
09-21 21:15,0.0
09-21 21:30,0.0
09-21 21:45,0.0
09-21 22:00,0.0
09-21 22:15,0.0
09-21 22:30,0.0
09-21 22:45,0.0
09-21 23:00,0.0
09-21 23:15,0.0
09-21 23:30,0.0
09-21 23:45,0.0
09-22 00:00,0.0
09-22 00:15,0.0
09-22 00:30,0.0
09-22 00:45,0.0
09-22 01:00,0.0
09-22 01:15,0.0
09-22 01:30,0.0
09-22 01:45,0.0
09-22 02:00,0.0
09-22 02:15,0.0
09-22 02:30,0.0
09-22 02:45,0.0
09-22 03:00,0.0
09-22 03:15,0.0
09-22 03:30,0.0
09-22 03:45,0.0
09-22 04:00,0.0
09-22 04:15,0.0
09-22 04:30,0.0
09-22 04:45,0.0
09-22 05:00,1484.2857142857142
09-22 05:15,1484.2857142857142
09-22 05:30,1484.2857142857142
09-22 05:45,1484.2857142857142
09-22 06:00,1482.1092583142663
09-22 06:15,0.0
09-22 06:30,0.0
09-22 06:45,0.0
09-22 07:00,1484.2857142857142
09-22 07:15,1975.3078062728573
09-22 07:30,5222.289139414286
09-22 07:45,1484.2857142857142
09-22 08:00,6005.944186342857
09-22 08:15,1849.6665561014288
09-22 08:30,1484.2857142857142
09-22 08:45,1484.2857142857142
09-22 09:00,1484.2857142857142
09-22 09:15,2029.31556798
09-22 09:30,1484.2857142857142
09-22 09:45,1975.2397674414285
09-22 10:00,0.0
09-22 10:15,0.0
09-22 10:30,0.0
09-22 10:45,0.0
09-22 11:00,1484.2857142857142
09-22 11:15,1484.2857142857142
09-22 11:30,3946.398578257143
09-22 11:45,1484.2857142857142
09-22 12:00,1873.3783498757143
09-22 12:15,5363.818527357143
09-22 12:30,1484.2857142857142
09-22 12:45,2691.8668595957142
09-22 13:00,1484.2857142857142
09-22 13:15,1484.2857142857142
09-22 13:30,2086.1156837857143
09-22 13:45,1484.2857142857142
09-22 14:00,2069.573110072857
09-22 14:15,1484.2857142857142
09-22 14:30,5283.6435295
09-22 14:45,1751.5032120957144
09-22 15:00,0.0
09-22 15:15,0.0
09-22 15:30,0.0
09-22 15:45,0.0
09-22 16:00,0.0
09-22 16:15,0.0
09-22 16:30,3314.628522557143
09-22 16:45,0.0
09-22 17:00,0.0
09-22 17:15,0.0
09-22 17:30,0.0
09-22 17:45,0.0
09-22 18:00,2899.6679133
09-22 18:15,0.0
09-22 18:30,0.0
09-22 18:45,8289.87384577143
09-22 19:00,0.0
09-22 19:15,0.0
09-22 19:30,0.0
09-22 19:45,0.0
09-22 20:00,0.0
09-22 20:15,0.0
09-22 20:30,0.0
09-22 20:45,0.0
09-22 21:00,0.0
09-22 21:15,0.0
09-22 21:30,0.0
09-22 21:45,0.0
09-22 22:00,0.0
09-22 22:15,0.0
09-22 22:30,0.0
09-22 22:45,3659.712584442857
09-22 23:00,0.0
09-22 23:15,0.0
09-22 23:30,0.0
09-22 23:45,0.0
09-23 00:00,1484.2857142857142
09-23 00:15,1484.2857142857142
09-23 00:30,1484.2857142857142
09-23 00:45,1484.2857142857142
09-23 01:00,0.0
09-23 01:15,0.0
09-23 01:30,0.0
09-23 01:45,0.0
09-23 02:00,0.0
09-23 02:15,0.0
09-23 02:30,0.0
09-23 02:45,0.0
09-23 03:00,841.5239912885702
09-23 03:15,1484.2857142857142
09-23 03:30,0.0
09-23 03:45,1484.2857142857142
09-23 04:00,0.0
09-23 04:15,0.0
09-23 04:30,0.0
09-23 04:45,0.0
09-23 05:00,0.0
09-23 05:15,0.0
09-23 05:30,0.0
09-23 05:45,0.0
09-23 06:00,0.0
09-23 06:15,0.0
09-23 06:30,0.0
09-23 06:45,0.0
09-23 07:00,0.0
09-23 07:15,0.0
09-23 07:30,0.0
09-23 07:45,0.0
09-23 08:00,0.0
09-23 08:15,0.0
09-23 08:30,0.0
09-23 08:45,0.0
09-23 09:00,0.0
09-23 09:15,0.0
09-23 09:30,0.0
09-23 09:45,0.0
09-23 10:00,4598.755320271429
09-23 10:15,0.0
09-23 10:30,0.0
09-23 10:45,0.0
09-23 11:00,0.0
09-23 11:15,0.0
09-23 11:30,0.0
09-23 11:45,0.0
09-23 12:00,0.0
09-23 12:15,0.0
09-23 12:30,0.0
09-23 12:45,0.0
09-23 13:00,0.0
09-23 13:15,0.0
09-23 13:30,0.0
09-23 13:45,0.0
09-23 14:00,0.0
09-23 14:15,0.0
09-23 14:30,4599.548189528572
09-23 14:45,0.0
09-23 15:00,0.0
09-23 15:15,0.0
09-23 15:30,0.0
09-23 15:45,0.0
09-23 16:00,0.0
09-23 16:15,0.0
09-23 16:30,0.0
09-23 16:45,0.0
09-23 17:00,0.0
09-23 17:15,0.0
09-23 17:30,0.0
09-23 17:45,0.0
09-23 18:00,0.0
09-23 18:15,0.0
09-23 18:30,0.0
09-23 18:45,0.0
09-23 19:00,0.0
09-23 19:15,0.0
09-23 19:30,0.0
09-23 19:45,0.0
09-23 20:00,0.0
09-23 20:15,0.0
09-23 20:30,0.0
09-23 20:45,0.0
09-23 21:00,0.0
09-23 21:15,0.0
09-23 21:30,0.0
09-23 21:45,0.0
09-23 22:00,0.0
09-23 22:15,0.0
09-23 22:30,0.0
09-23 22:45,0.0
09-23 23:00,0.0
09-23 23:15,0.0
09-23 23:30,0.0
09-23 23:45,0.0
09-24 00:00,0.0
09-24 00:15,0.0
09-24 00:30,0.0
09-24 00:45,0.0
09-24 01:00,0.0
09-24 01:15,0.0
09-24 01:30,0.0
09-24 01:45,0.0
09-24 02:00,0.0
09-24 02:15,0.0
09-24 02:30,0.0
09-24 02:45,0.0
09-24 03:00,0.0
09-24 03:15,0.0
09-24 03:30,0.0
09-24 03:45,0.0
09-24 04:00,0.0
09-24 04:15,0.0
09-24 04:30,0.0
09-24 04:45,0.0
09-24 05:00,0.0
09-24 05:15,0.0
09-24 05:30,0.0
09-24 05:45,0.0
09-24 06:00,0.0
09-24 06:15,0.0
09-24 06:30,0.0
09-24 06:45,0.0
09-24 07:00,0.0
09-24 07:15,0.0
09-24 07:30,0.0
09-24 07:45,0.0
09-24 08:00,0.0
09-24 08:15,0.0
09-24 08:30,0.0
09-24 08:45,0.0
09-24 09:00,0.0
09-24 09:15,0.0
09-24 09:30,0.0
09-24 09:45,0.0
09-24 10:00,0.0
09-24 10:15,0.0
09-24 10:30,0.0
09-24 10:45,0.0
09-24 11:00,0.0
09-24 11:15,0.0
09-24 11:30,0.0
09-24 11:45,0.0
09-24 12:00,0.0
09-24 12:15,0.0
09-24 12:30,4154.130020885714
09-24 12:45,0.0
09-24 13:00,0.0
09-24 13:15,0.0
09-24 13:30,0.0
09-24 13:45,0.0
09-24 14:00,0.0
09-24 14:15,0.0
09-24 14:30,0.0
09-24 14:45,0.0
09-24 15:00,0.0
09-24 15:15,0.0
09-24 15:30,0.0
09-24 15:45,0.0
09-24 16:00,0.0
09-24 16:15,0.0
09-24 16:30,2908.6563784000004
09-24 16:45,0.0
09-24 17:00,0.0
09-24 17:15,0.0
09-24 17:30,0.0
09-24 17:45,0.0
09-24 18:00,0.0
09-24 18:15,0.0
09-24 18:30,0.0
09-24 18:45,0.0
09-24 19:00,0.0
09-24 19:15,0.0
09-24 19:30,0.0
09-24 19:45,0.0
09-24 20:00,0.0
09-24 20:15,0.0
09-24 20:30,0.0
09-24 20:45,0.0
09-24 21:00,0.0
09-24 21:15,0.0
09-24 21:30,0.0
09-24 21:45,0.0
09-24 22:00,0.0
09-24 22:15,0.0
09-24 22:30,0.0
09-24 22:45,0.0
09-24 23:00,0.0
09-24 23:15,0.0
09-24 23:30,0.0
09-24 23:45,0.0
09-25 00:00,0.0
09-25 00:15,0.0
09-25 00:30,0.0
09-25 00:45,0.0
09-25 01:00,0.0
09-25 01:15,0.0
09-25 01:30,0.0
09-25 01:45,0.0
09-25 02:00,0.0
09-25 02:15,0.0
09-25 02:30,0.0
09-25 02:45,0.0
09-25 03:00,0.0
09-25 03:15,0.0
09-25 03:30,0.0
09-25 03:45,0.0
09-25 04:00,0.0
09-25 04:15,0.0
09-25 04:30,0.0
09-25 04:45,0.0
09-25 05:00,0.0
09-25 05:15,0.0
09-25 05:30,0.0
09-25 05:45,0.0
09-25 06:00,0.0
09-25 06:15,0.0
09-25 06:30,0.0
09-25 06:45,0.0
09-25 07:00,0.0
09-25 07:15,0.0
09-25 07:30,0.0
09-25 07:45,0.0
09-25 08:00,0.0
09-25 08:15,0.0
09-25 08:30,0.0
09-25 08:45,0.0
09-25 09:00,0.0
09-25 09:15,0.0
09-25 09:30,0.0
09-25 09:45,0.0
09-25 10:00,5242.953792728573
09-25 10:15,0.0
09-25 10:30,3011.8517763714285
09-25 10:45,0.0
09-25 11:00,0.0
09-25 11:15,0.0
09-25 11:30,0.0
09-25 11:45,0.0
09-25 12:00,0.0
09-25 12:15,0.0
09-25 12:30,0.0
09-25 12:45,0.0
09-25 13:00,0.0
09-25 13:15,0.0
09-25 13:30,0.0
09-25 13:45,5893.603427957143
09-25 14:00,0.0
09-25 14:15,0.0
09-25 14:30,0.0
09-25 14:45,0.0
09-25 15:00,0.0
09-25 15:15,0.0
09-25 15:30,0.0
09-25 15:45,0.0
09-25 16:00,0.0
09-25 16:15,0.0
09-25 16:30,0.0
09-25 16:45,0.0
09-25 17:00,0.0
09-25 17:15,0.0
09-25 17:30,0.0
09-25 17:45,0.0
09-25 18:00,0.0
09-25 18:15,0.0
09-25 18:30,0.0
09-25 18:45,0.0
09-25 19:00,0.0
09-25 19:15,0.0
09-25 19:30,0.0
09-25 19:45,0.0
09-25 20:00,0.0
09-25 20:15,0.0
09-25 20:30,0.0
09-25 20:45,0.0
09-25 21:00,0.0
09-25 21:15,0.0
09-25 21:30,0.0
09-25 21:45,0.0
09-25 22:00,0.0
09-25 22:15,0.0
09-25 22:30,0.0
09-25 22:45,0.0
09-25 23:00,0.0
09-25 23:15,0.0
09-25 23:30,0.0
09-25 23:45,0.0
09-26 00:00,0.0
09-26 00:15,0.0
09-26 00:30,0.0
09-26 00:45,0.0
09-26 01:00,1837.138186471429
09-26 01:15,0.0
09-26 01:30,0.0
09-26 01:45,0.0
09-26 02:00,0.0
09-26 02:15,0.0
09-26 02:30,0.0
09-26 02:45,0.0
09-26 03:00,0.0
09-26 03:15,0.0
09-26 03:30,0.0
09-26 03:45,0.0
09-26 04:00,0.0
09-26 04:15,0.0
09-26 04:30,0.0
09-26 04:45,0.0
09-26 05:00,0.0
09-26 05:15,0.0
09-26 05:30,0.0
09-26 05:45,0.0
09-26 06:00,0.0
09-26 06:15,0.0
09-26 06:30,0.0
09-26 06:45,0.0
09-26 07:00,0.0
09-26 07:15,0.0
09-26 07:30,0.0
09-26 07:45,0.0
09-26 08:00,0.0
09-26 08:15,0.0
09-26 08:30,0.0
09-26 08:45,0.0
09-26 09:00,0.0
09-26 09:15,0.0
09-26 09:30,0.0
09-26 09:45,0.0
09-26 10:00,0.0
09-26 10:15,0.0
09-26 10:30,0.0
09-26 10:45,0.0
09-26 11:00,0.0
09-26 11:15,4022.6288469857136
09-26 11:30,0.0
09-26 11:45,0.0
09-26 12:00,0.0
09-26 12:15,0.0
09-26 12:30,0.0
09-26 12:45,0.0
09-26 13:00,0.0
09-26 13:15,0.0
09-26 13:30,0.0
09-26 13:45,0.0
09-26 14:00,0.0
09-26 14:15,0.0
09-26 14:30,0.0
09-26 14:45,0.0
09-26 15:00,0.0
09-26 15:15,0.0
09-26 15:30,0.0
09-26 15:45,0.0
09-26 16:00,0.0
09-26 16:15,0.0
09-26 16:30,0.0
09-26 16:45,0.0
09-26 17:00,0.0
09-26 17:15,0.0
09-26 17:30,0.0
09-26 17:45,0.0
09-26 18:00,0.0
09-26 18:15,0.0
09-26 18:30,0.0
09-26 18:45,0.0
09-26 19:00,0.0
09-26 19:15,0.0
09-26 19:30,0.0
09-26 19:45,0.0
09-26 20:00,0.0
09-26 20:15,0.0
09-26 20:30,0.0
09-26 20:45,0.0
09-26 21:00,0.0
09-26 21:15,0.0
09-26 21:30,0.0
09-26 21:45,0.0
09-26 22:00,0.0
09-26 22:15,0.0
09-26 22:30,0.0
09-26 22:45,0.0
09-26 23:00,0.0
09-26 23:15,0.0
09-26 23:30,0.0
09-26 23:45,0.0
09-27 00:00,0.0
09-27 00:15,0.0
09-27 00:30,0.0
09-27 00:45,0.0
09-27 01:00,831.3857931399912
09-27 01:15,1484.2857142857142
09-27 01:30,1484.2857142857142
09-27 01:45,0.0
09-27 02:00,0.0
09-27 02:15,0.0
09-27 02:30,0.0
09-27 02:45,0.0
09-27 03:00,0.0
09-27 03:15,0.0
09-27 03:30,0.0
09-27 03:45,0.0
09-27 04:00,0.0
09-27 04:15,0.0
09-27 04:30,0.0
09-27 04:45,0.0
09-27 05:00,0.0
09-27 05:15,0.0
09-27 05:30,0.0
09-27 05:45,0.0
09-27 06:00,0.0
09-27 06:15,0.0
09-27 06:30,0.0
09-27 06:45,0.0
09-27 07:00,0.0
09-27 07:15,0.0
09-27 07:30,0.0
09-27 07:45,0.0
09-27 08:00,0.0
09-27 08:15,0.0
09-27 08:30,0.0
09-27 08:45,2630.0363149714285
09-27 09:00,0.0
09-27 09:15,0.0
09-27 09:30,0.0
09-27 09:45,0.0
09-27 10:00,0.0
09-27 10:15,0.0
09-27 10:30,0.0
09-27 10:45,0.0
09-27 11:00,0.0
09-27 11:15,0.0
09-27 11:30,0.0
09-27 11:45,0.0
09-27 12:00,0.0
09-27 12:15,1781.1626265000004
09-27 12:30,0.0
09-27 12:45,0.0
09-27 13:00,0.0
09-27 13:15,0.0
09-27 13:30,0.0
09-27 13:45,0.0
09-27 14:00,0.0
09-27 14:15,3109.464216357143
09-27 14:30,3315.8049125000007
09-27 14:45,0.0
09-27 15:00,0.0
09-27 15:15,0.0
09-27 15:30,0.0
09-27 15:45,0.0
09-27 16:00,0.0
09-27 16:15,0.0
09-27 16:30,0.0
09-27 16:45,0.0
09-27 17:00,0.0
09-27 17:15,0.0
09-27 17:30,0.0
09-27 17:45,0.0
09-27 18:00,0.0
09-27 18:15,0.0
09-27 18:30,0.0
09-27 18:45,0.0
09-27 19:00,0.0
09-27 19:15,0.0
09-27 19:30,0.0
09-27 19:45,0.0
09-27 20:00,0.0
09-27 20:15,0.0
09-27 20:30,0.0
09-27 20:45,0.0
09-27 21:00,0.0
09-27 21:15,0.0
09-27 21:30,0.0
09-27 21:45,0.0
09-27 22:00,0.0
09-27 22:15,0.0
09-27 22:30,0.0
09-27 22:45,0.0
09-27 23:00,396.8496975957143
09-27 23:15,0.0
09-27 23:30,0.0
09-27 23:45,0.0
09-28 00:00,0.0
09-28 00:15,0.0
09-28 00:30,0.0
09-28 00:45,0.0
09-28 01:00,0.0
09-28 01:15,0.0
09-28 01:30,0.0
09-28 01:45,0.0
09-28 02:00,0.0
09-28 02:15,0.0
09-28 02:30,0.0
09-28 02:45,0.0
09-28 03:00,0.0
09-28 03:15,0.0
09-28 03:30,0.0
09-28 03:45,0.0
09-28 04:00,1304.5741088428572
09-28 04:15,1484.2857142857142
09-28 04:30,1484.2857142857142
09-28 04:45,1484.2857142857142
09-28 05:00,0.0
09-28 05:15,0.0
09-28 05:30,0.0
09-28 05:45,0.0
09-28 06:00,0.0
09-28 06:15,1285.5889045
09-28 06:30,0.0
09-28 06:45,0.0
09-28 07:00,0.0
09-28 07:15,0.0
09-28 07:30,0.0
09-28 07:45,0.0
09-28 08:00,0.0
09-28 08:15,3460.005900457143
09-28 08:30,0.0
09-28 08:45,0.0
09-28 09:00,0.0
09-28 09:15,0.0
09-28 09:30,0.0
09-28 09:45,0.0
09-28 10:00,0.0
09-28 10:15,0.0
09-28 10:30,4963.822736785715
09-28 10:45,0.0
09-28 11:00,761.56428868
09-28 11:15,0.0
09-28 11:30,0.0
09-28 11:45,0.0
09-28 12:00,1484.2857142857142
09-28 12:15,1484.2857142857142
09-28 12:30,1484.2857142857142
09-28 12:45,1484.2857142857142
09-28 13:00,1484.2857142857142
09-28 13:15,1484.2857142857142
09-28 13:30,1484.2857142857142
09-28 13:45,1484.2857142857142
09-28 14:00,0.0
09-28 14:15,0.0
09-28 14:30,0.0
09-28 14:45,0.0
09-28 15:00,0.0
09-28 15:15,0.0
09-28 15:30,0.0
09-28 15:45,0.0
09-28 16:00,0.0
09-28 16:15,0.0
09-28 16:30,0.0
09-28 16:45,0.0
09-28 17:00,0.0
09-28 17:15,0.0
09-28 17:30,0.0
09-28 17:45,0.0
09-28 18:00,0.0
09-28 18:15,0.0
09-28 18:30,0.0
09-28 18:45,0.0
09-28 19:00,0.0
09-28 19:15,0.0
09-28 19:30,0.0
09-28 19:45,0.0
09-28 20:00,0.0
09-28 20:15,0.0
09-28 20:30,0.0
09-28 20:45,0.0
09-28 21:00,0.0
09-28 21:15,0.0
09-28 21:30,0.0
09-28 21:45,0.0
09-28 22:00,0.0
09-28 22:15,0.0
09-28 22:30,0.0
09-28 22:45,0.0
09-28 23:00,1484.2857142857142
09-28 23:15,1484.2857142857142
09-28 23:30,1484.2857142857142
09-28 23:45,1484.2857142857142
09-29 00:00,0.0
09-29 00:15,0.0
09-29 00:30,0.0
09-29 00:45,0.0
09-29 01:00,0.0
09-29 01:15,0.0
09-29 01:30,0.0
09-29 01:45,0.0
09-29 02:00,0.0
09-29 02:15,0.0
09-29 02:30,0.0
09-29 02:45,0.0
09-29 03:00,0.0
09-29 03:15,0.0
09-29 03:30,0.0
09-29 03:45,0.0
09-29 04:00,0.0
09-29 04:15,0.0
09-29 04:30,0.0
09-29 04:45,0.0
09-29 05:00,0.0
09-29 05:15,0.0
09-29 05:30,0.0
09-29 05:45,0.0
09-29 06:00,0.0
09-29 06:15,0.0
09-29 06:30,0.0
09-29 06:45,0.0
09-29 07:00,0.0
09-29 07:15,0.0
09-29 07:30,0.0
09-29 07:45,0.0
09-29 08:00,0.0
09-29 08:15,0.0
09-29 08:30,0.0
09-29 08:45,0.0
09-29 09:00,0.0
09-29 09:15,0.0
09-29 09:30,0.0
09-29 09:45,0.0
09-29 10:00,0.0
09-29 10:15,0.0
09-29 10:30,0.0
09-29 10:45,0.0
09-29 11:00,0.0
09-29 11:15,0.0
09-29 11:30,0.0
09-29 11:45,0.0
09-29 12:00,0.0
09-29 12:15,0.0
09-29 12:30,0.0
09-29 12:45,1152.0615861328108
09-29 13:00,1484.2857142857142
09-29 13:15,1998.48893672
09-29 13:30,1484.2857142857142
09-29 13:45,1866.6523970157143
09-29 14:00,1484.2857142857142
09-29 14:15,1484.2857142857142
09-29 14:30,1484.2857142857142
09-29 14:45,2058.06307503
09-29 15:00,1484.2857142857142
09-29 15:15,5430.421250614286
09-29 15:30,1484.2857142857142
09-29 15:45,1876.4388847171424
09-29 16:00,0.0
09-29 16:15,0.0
09-29 16:30,0.0
09-29 16:45,0.0
09-29 17:00,0.0
09-29 17:15,0.0
09-29 17:30,0.0
09-29 17:45,0.0
09-29 18:00,0.0
09-29 18:15,0.0
09-29 18:30,0.0
09-29 18:45,0.0
09-29 19:00,0.0
09-29 19:15,0.0
09-29 19:30,0.0
09-29 19:45,0.0
09-29 20:00,0.0
09-29 20:15,0.0
09-29 20:30,0.0
09-29 20:45,0.0
09-29 21:00,0.0
09-29 21:15,0.0
09-29 21:30,0.0
09-29 21:45,0.0
09-29 22:00,0.0
09-29 22:15,0.0
09-29 22:30,0.0
09-29 22:45,0.0
09-29 23:00,0.0
09-29 23:15,0.0
09-29 23:30,0.0
09-29 23:45,0.0
09-30 00:00,1484.2857142857142
09-30 00:15,1484.2857142857142
09-30 00:30,1484.2857142857142
09-30 00:45,1484.2857142857142
09-30 01:00,1484.2857142857142
09-30 01:15,1484.2857142857142
09-30 01:30,1484.2857142857142
09-30 01:45,1484.2857142857142
09-30 02:00,1484.2857142857142
09-30 02:15,1484.2857142857142
09-30 02:30,1484.2857142857142
09-30 02:45,1484.2857142857142
09-30 03:00,1484.2857142857142
09-30 03:15,1484.2857142857142
09-30 03:30,1484.2857142857142
09-30 03:45,1484.2857142857142
09-30 04:00,1484.2857142857142
09-30 04:15,1484.2857142857142
09-30 04:30,1484.2857142857142
09-30 04:45,1484.2857142857142
09-30 05:00,0.0
09-30 05:15,0.0
09-30 05:30,0.0
09-30 05:45,0.0
09-30 06:00,0.0
09-30 06:15,0.0
09-30 06:30,0.0
09-30 06:45,0.0
09-30 07:00,0.0
09-30 07:15,0.0
09-30 07:30,0.0
09-30 07:45,0.0
09-30 08:00,0.0
09-30 08:15,0.0
09-30 08:30,0.0
09-30 08:45,0.0
09-30 09:00,0.0
09-30 09:15,0.0
09-30 09:30,0.0
09-30 09:45,2822.2811088714284
09-30 10:00,0.0
09-30 10:15,0.0
09-30 10:30,0.0
09-30 10:45,0.0
09-30 11:00,0.0
09-30 11:15,0.0
09-30 11:30,0.0
09-30 11:45,0.0
09-30 12:00,0.0
09-30 12:15,0.0
09-30 12:30,0.0
09-30 12:45,0.0
09-30 13:00,1484.2857142857142
09-30 13:15,1351.16151717427
09-30 13:30,1484.2857142857142
09-30 13:45,1484.2857142857142
09-30 14:00,0.0
09-30 14:15,0.0
09-30 14:30,0.0
09-30 14:45,0.0
09-30 15:00,4985.074993827138
09-30 15:15,0.0
09-30 15:30,0.0
09-30 15:45,1484.2857142857142
09-30 16:00,0.0
09-30 16:15,0.0
09-30 16:30,0.0
09-30 16:45,3472.843037357143
09-30 17:00,0.0
09-30 17:15,0.0
09-30 17:30,0.0
09-30 17:45,0.0
09-30 18:00,0.0
09-30 18:15,0.0
09-30 18:30,0.0
09-30 18:45,0.0
09-30 19:00,0.0
09-30 19:15,0.0
09-30 19:30,0.0
09-30 19:45,0.0
09-30 20:00,0.0
09-30 20:15,0.0
09-30 20:30,0.0
09-30 20:45,0.0
09-30 21:00,0.0
09-30 21:15,0.0
09-30 21:30,0.0
09-30 21:45,0.0
09-30 22:00,0.0
09-30 22:15,0.0
09-30 22:30,0.0
09-30 22:45,0.0
09-30 23:00,0.0
09-30 23:15,0.0
09-30 23:30,0.0
09-30 23:45,0.0
10-01 00:00,0.0
10-01 00:15,0.0
10-01 00:30,0.0
10-01 00:45,0.0
10-01 01:00,0.0
10-01 01:15,0.0
10-01 01:30,0.0
10-01 01:45,0.0
10-01 02:00,0.0
10-01 02:15,0.0
10-01 02:30,0.0
10-01 02:45,0.0
10-01 03:00,0.0
10-01 03:15,0.0
10-01 03:30,0.0
10-01 03:45,0.0
10-01 04:00,0.0
10-01 04:15,0.0
10-01 04:30,0.0
10-01 04:45,0.0
10-01 05:00,0.0
10-01 05:15,0.0
10-01 05:30,0.0
10-01 05:45,0.0
10-01 06:00,0.0
10-01 06:15,0.0
10-01 06:30,0.0
10-01 06:45,0.0
10-01 07:00,0.0
10-01 07:15,0.0
10-01 07:30,0.0
10-01 07:45,0.0
10-01 08:00,0.0
10-01 08:15,0.0
10-01 08:30,0.0
10-01 08:45,0.0
10-01 09:00,0.0
10-01 09:15,0.0
10-01 09:30,0.0
10-01 09:45,0.0
10-01 10:00,0.0
10-01 10:15,0.0
10-01 10:30,0.0
10-01 10:45,0.0
10-01 11:00,0.0
10-01 11:15,0.0
10-01 11:30,0.0
10-01 11:45,0.0
10-01 12:00,0.0
10-01 12:15,0.0
10-01 12:30,0.0
10-01 12:45,0.0
10-01 13:00,0.0
10-01 13:15,0.0
10-01 13:30,0.0
10-01 13:45,0.0
10-01 14:00,0.0
10-01 14:15,0.0
10-01 14:30,0.0
10-01 14:45,3072.0749020571425
10-01 15:00,0.0
10-01 15:15,0.0
10-01 15:30,0.0
10-01 15:45,0.0
10-01 16:00,0.0
10-01 16:15,0.0
10-01 16:30,1165.9073425285717
10-01 16:45,0.0
10-01 17:00,0.0
10-01 17:15,0.0
10-01 17:30,0.0
10-01 17:45,4062.9230855714295
10-01 18:00,0.0
10-01 18:15,0.0
10-01 18:30,0.0
10-01 18:45,0.0
10-01 19:00,0.0
10-01 19:15,0.0
10-01 19:30,0.0
10-01 19:45,0.0
10-01 20:00,0.0
10-01 20:15,0.0
10-01 20:30,0.0
10-01 20:45,0.0
10-01 21:00,0.0
10-01 21:15,0.0
10-01 21:30,0.0
10-01 21:45,0.0
10-01 22:00,0.0
10-01 22:15,0.0
10-01 22:30,0.0
10-01 22:45,0.0
10-01 23:00,0.0
10-01 23:15,0.0
10-01 23:30,0.0
10-01 23:45,0.0
10-02 00:00,0.0
10-02 00:15,0.0
10-02 00:30,0.0
10-02 00:45,0.0
10-02 01:00,0.0
10-02 01:15,0.0
10-02 01:30,0.0
10-02 01:45,0.0
10-02 02:00,0.0
10-02 02:15,0.0
10-02 02:30,0.0
10-02 02:45,0.0
10-02 03:00,0.0
10-02 03:15,0.0
10-02 03:30,0.0
10-02 03:45,0.0
10-02 04:00,0.0
10-02 04:15,0.0
10-02 04:30,0.0
10-02 04:45,0.0
10-02 05:00,0.0
10-02 05:15,0.0
10-02 05:30,0.0
10-02 05:45,0.0
10-02 06:00,0.0
10-02 06:15,0.0
10-02 06:30,0.0
10-02 06:45,0.0
10-02 07:00,0.0
10-02 07:15,0.0
10-02 07:30,0.0
10-02 07:45,0.0
10-02 08:00,0.0
10-02 08:15,0.0
10-02 08:30,0.0
10-02 08:45,0.0
10-02 09:00,0.0
10-02 09:15,4397.922451542859
10-02 09:30,0.0
10-02 09:45,0.0
10-02 10:00,0.0
10-02 10:15,0.0
10-02 10:30,0.0
10-02 10:45,0.0
10-02 11:00,0.0
10-02 11:15,0.0
10-02 11:30,0.0
10-02 11:45,2119.442522057143
10-02 12:00,0.0
10-02 12:15,3540.287039828571
10-02 12:30,0.0
10-02 12:45,0.0
10-02 13:00,0.0
10-02 13:15,0.0
10-02 13:30,0.0
10-02 13:45,0.0
10-02 14:00,4002.4206168285714
10-02 14:15,0.0
10-02 14:30,0.0
10-02 14:45,0.0
10-02 15:00,0.0
10-02 15:15,3043.085446100001
10-02 15:30,0.0
10-02 15:45,0.0
10-02 16:00,0.0
10-02 16:15,0.0
10-02 16:30,1930.2859135857148
10-02 16:45,0.0
10-02 17:00,0.0
10-02 17:15,0.0
10-02 17:30,0.0
10-02 17:45,5667.489302057144
10-02 18:00,0.0
10-02 18:15,0.0
10-02 18:30,0.0
10-02 18:45,0.0
10-02 19:00,0.0
10-02 19:15,0.0
10-02 19:30,0.0
10-02 19:45,0.0
10-02 20:00,5547.692465442858
10-02 20:15,0.0
10-02 20:30,0.0
10-02 20:45,0.0
10-02 21:00,0.0
10-02 21:15,0.0
10-02 21:30,0.0
10-02 21:45,0.0
10-02 22:00,0.0
10-02 22:15,0.0
10-02 22:30,0.0
10-02 22:45,0.0
10-02 23:00,1484.2857142857142
10-02 23:15,1484.2857142857142
10-02 23:30,1484.2857142857142
10-02 23:45,1484.2857142857142
10-03 00:00,1484.2857142857142
10-03 00:15,1484.2857142857142
10-03 00:30,1484.2857142857142
10-03 00:45,1484.2857142857142
10-03 01:00,1484.2857142857142
10-03 01:15,1484.2857142857142
10-03 01:30,1484.2857142857142
10-03 01:45,1484.2857142857142
10-03 02:00,1484.2857142857142
10-03 02:15,1484.2857142857142
10-03 02:30,1484.2857142857142
10-03 02:45,1484.2857142857142
10-03 03:00,1484.2857142857142
10-03 03:15,1484.2857142857142
10-03 03:30,1484.2857142857142
10-03 03:45,1484.2857142857142
10-03 04:00,0.0
10-03 04:15,0.0
10-03 04:30,0.0
10-03 04:45,0.0
10-03 05:00,0.0
10-03 05:15,0.0
10-03 05:30,0.0
10-03 05:45,0.0
10-03 06:00,3876.947958757143
10-03 06:15,0.0
10-03 06:30,0.0
10-03 06:45,0.0
10-03 07:00,0.0
10-03 07:15,0.0
10-03 07:30,0.0
10-03 07:45,0.0
10-03 08:00,0.0
10-03 08:15,0.0
10-03 08:30,0.0
10-03 08:45,0.0
10-03 09:00,0.0
10-03 09:15,0.0
10-03 09:30,0.0
10-03 09:45,0.0
10-03 10:00,0.0
10-03 10:15,0.0
10-03 10:30,0.0
10-03 10:45,0.0
10-03 11:00,0.0
10-03 11:15,0.0
10-03 11:30,0.0
10-03 11:45,0.0
10-03 12:00,2539.6890401000005
10-03 12:15,0.0
10-03 12:30,0.0
10-03 12:45,0.0
10-03 13:00,0.0
10-03 13:15,0.0
10-03 13:30,0.0
10-03 13:45,2849.8126049
10-03 14:00,0.0
10-03 14:15,0.0
10-03 14:30,3494.644575271429
10-03 14:45,718.1603051857146
10-03 15:00,2347.199431657143
10-03 15:15,0.0
10-03 15:30,0.0
10-03 15:45,0.0
10-03 16:00,0.0
10-03 16:15,0.0
10-03 16:30,0.0
10-03 16:45,0.0
10-03 17:00,0.0
10-03 17:15,0.0
10-03 17:30,0.0
10-03 17:45,0.0
10-03 18:00,0.0
10-03 18:15,0.0
10-03 18:30,0.0
10-03 18:45,0.0
10-03 19:00,0.0
10-03 19:15,0.0
10-03 19:30,0.0
10-03 19:45,0.0
10-03 20:00,0.0
10-03 20:15,0.0
10-03 20:30,0.0
10-03 20:45,0.0
10-03 21:00,0.0
10-03 21:15,0.0
10-03 21:30,0.0
10-03 21:45,0.0
10-03 22:00,0.0
10-03 22:15,0.0
10-03 22:30,0.0
10-03 22:45,0.0
10-03 23:00,0.0
10-03 23:15,0.0
10-03 23:30,3515.411762928571
10-03 23:45,0.0
10-04 00:00,0.0
10-04 00:15,0.0
10-04 00:30,0.0
10-04 00:45,0.0
10-04 01:00,0.0
10-04 01:15,0.0
10-04 01:30,0.0
10-04 01:45,0.0
10-04 02:00,0.0
10-04 02:15,0.0
10-04 02:30,0.0
10-04 02:45,0.0
10-04 03:00,0.0
10-04 03:15,0.0
10-04 03:30,0.0
10-04 03:45,0.0
10-04 04:00,0.0
10-04 04:15,0.0
10-04 04:30,0.0
10-04 04:45,0.0
10-04 05:00,3962.186737271428
10-04 05:15,0.0
10-04 05:30,0.0
10-04 05:45,0.0
10-04 06:00,0.0
10-04 06:15,0.0
10-04 06:30,0.0
10-04 06:45,0.0
10-04 07:00,0.0
10-04 07:15,0.0
10-04 07:30,0.0
10-04 07:45,0.0
10-04 08:00,0.0
10-04 08:15,0.0
10-04 08:30,0.0
10-04 08:45,0.0
10-04 09:00,0.0
10-04 09:15,0.0
10-04 09:30,0.0
10-04 09:45,0.0
10-04 10:00,1198.0385558285716
10-04 10:15,0.0
10-04 10:30,0.0
10-04 10:45,44.82761964285732
10-04 11:00,0.0
10-04 11:15,0.0
10-04 11:30,0.0
10-04 11:45,0.0
10-04 12:00,0.0
10-04 12:15,0.0
10-04 12:30,0.0
10-04 12:45,0.0
10-04 13:00,0.0
10-04 13:15,0.0
10-04 13:30,0.0
10-04 13:45,0.0
10-04 14:00,0.0
10-04 14:15,3947.368677914285
10-04 14:30,0.0
10-04 14:45,0.0
10-04 15:00,0.0
10-04 15:15,0.0
10-04 15:30,0.0
10-04 15:45,0.0
10-04 16:00,0.0
10-04 16:15,0.0
10-04 16:30,0.0
10-04 16:45,0.0
10-04 17:00,0.0
10-04 17:15,0.0
10-04 17:30,0.0
10-04 17:45,0.0
10-04 18:00,0.0
10-04 18:15,0.0
10-04 18:30,2017.9512649142853
10-04 18:45,0.0
10-04 19:00,0.0
10-04 19:15,0.0
10-04 19:30,0.0
10-04 19:45,0.0
10-04 20:00,0.0
10-04 20:15,0.0
10-04 20:30,0.0
10-04 20:45,0.0
10-04 21:00,0.0
10-04 21:15,0.0
10-04 21:30,0.0
10-04 21:45,0.0
10-04 22:00,0.0
10-04 22:15,0.0
10-04 22:30,0.0
10-04 22:45,0.0
10-04 23:00,0.0
10-04 23:15,0.0
10-04 23:30,0.0
10-04 23:45,0.0
10-05 00:00,0.0
10-05 00:15,0.0
10-05 00:30,0.0
10-05 00:45,0.0
10-05 01:00,0.0
10-05 01:15,0.0
10-05 01:30,0.0
10-05 01:45,0.0
10-05 02:00,0.0
10-05 02:15,0.0
10-05 02:30,518.1830295071396
10-05 02:45,0.0
10-05 03:00,1484.2857142857142
10-05 03:15,1484.2857142857142
10-05 03:30,1484.2857142857142
10-05 03:45,1484.2857142857142
10-05 04:00,0.0
10-05 04:15,0.0
10-05 04:30,0.0
10-05 04:45,0.0
10-05 05:00,0.0
10-05 05:15,0.0
10-05 05:30,0.0
10-05 05:45,0.0
10-05 06:00,0.0
10-05 06:15,0.0
10-05 06:30,0.0
10-05 06:45,0.0
10-05 07:00,0.0
10-05 07:15,0.0
10-05 07:30,0.0
10-05 07:45,0.0
10-05 08:00,0.0
10-05 08:15,3993.3216957857153
10-05 08:30,0.0
10-05 08:45,0.0
10-05 09:00,0.0
10-05 09:15,0.0
10-05 09:30,0.0
10-05 09:45,0.0
10-05 10:00,0.0
10-05 10:15,0.0
10-05 10:30,0.0
10-05 10:45,0.0
10-05 11:00,0.0
10-05 11:15,0.0
10-05 11:30,0.0
10-05 11:45,0.0
10-05 12:00,0.0
10-05 12:15,0.0
10-05 12:30,0.0
10-05 12:45,0.0
10-05 13:00,3071.3674095714287
10-05 13:15,0.0
10-05 13:30,0.0
10-05 13:45,0.0
10-05 14:00,0.0
10-05 14:15,1893.0906690571435
10-05 14:30,0.0
10-05 14:45,0.0
10-05 15:00,0.0
10-05 15:15,0.0
10-05 15:30,0.0
10-05 15:45,0.0
10-05 16:00,0.0
10-05 16:15,0.0
10-05 16:30,0.0
10-05 16:45,0.0
10-05 17:00,0.0
10-05 17:15,0.0
10-05 17:30,0.0
10-05 17:45,0.0
10-05 18:00,0.0
10-05 18:15,0.0
10-05 18:30,0.0
10-05 18:45,0.0
10-05 19:00,0.0
10-05 19:15,0.0
10-05 19:30,0.0
10-05 19:45,0.0
10-05 20:00,0.0
10-05 20:15,0.0
10-05 20:30,0.0
10-05 20:45,0.0
10-05 21:00,0.0
10-05 21:15,0.0
10-05 21:30,0.0
10-05 21:45,0.0
10-05 22:00,0.0
10-05 22:15,0.0
10-05 22:30,0.0
10-05 22:45,0.0
10-05 23:00,0.0
10-05 23:15,0.0
10-05 23:30,0.0
10-05 23:45,0.0
10-06 00:00,0.0
10-06 00:15,0.0
10-06 00:30,0.0
10-06 00:45,0.0
10-06 01:00,1483.839849925721
10-06 01:15,0.0
10-06 01:30,0.0
10-06 01:45,0.0
10-06 02:00,0.0
10-06 02:15,0.0
10-06 02:30,0.0
10-06 02:45,0.0
10-06 03:00,1484.2857142857142
10-06 03:15,1484.2857142857142
10-06 03:30,1484.2857142857142
10-06 03:45,1484.2857142857142
10-06 04:00,1484.2857142857142
10-06 04:15,1484.2857142857142
10-06 04:30,1484.2857142857142
10-06 04:45,1484.2857142857142
10-06 05:00,1484.2857142857142
10-06 05:15,1484.2857142857142
10-06 05:30,1484.2857142857142
10-06 05:45,1484.2857142857142
10-06 06:00,0.0
10-06 06:15,0.0
10-06 06:30,0.0
10-06 06:45,0.0
10-06 07:00,0.0
10-06 07:15,0.0
10-06 07:30,0.0
10-06 07:45,0.0
10-06 08:00,0.0
10-06 08:15,0.0
10-06 08:30,0.0
10-06 08:45,0.0
10-06 09:00,0.0
10-06 09:15,0.0
10-06 09:30,0.0
10-06 09:45,0.0
10-06 10:00,3175.349603242857
10-06 10:15,0.0
10-06 10:30,0.0
10-06 10:45,0.0
10-06 11:00,0.0
10-06 11:15,0.0
10-06 11:30,0.0
10-06 11:45,0.0
10-06 12:00,0.0
10-06 12:15,0.0
10-06 12:30,0.0
10-06 12:45,0.0
10-06 13:00,0.0
10-06 13:15,0.0
10-06 13:30,0.0
10-06 13:45,0.0
10-06 14:00,0.0
10-06 14:15,0.0
10-06 14:30,0.0
10-06 14:45,0.0
10-06 15:00,0.0
10-06 15:15,5172.619090871429
10-06 15:30,0.0
10-06 15:45,1242.631354285715
10-06 16:00,0.0
10-06 16:15,4470.647029657144
10-06 16:30,7579.2209455857155
10-06 16:45,0.0
10-06 17:00,3240.825767342857
10-06 17:15,3759.734590542858
10-06 17:30,0.0
10-06 17:45,0.0
10-06 18:00,0.0
10-06 18:15,0.0
10-06 18:30,0.0
10-06 18:45,0.0
10-06 19:00,0.0
10-06 19:15,0.0
10-06 19:30,0.0
10-06 19:45,0.0
10-06 20:00,0.0
10-06 20:15,0.0
10-06 20:30,0.0
10-06 20:45,0.0
10-06 21:00,0.0
10-06 21:15,0.0
10-06 21:30,0.0
10-06 21:45,0.0
10-06 22:00,0.0
10-06 22:15,0.0
10-06 22:30,0.0
10-06 22:45,0.0
10-06 23:00,0.0
10-06 23:15,0.0
10-06 23:30,0.0
10-06 23:45,0.0
10-07 00:00,1484.2857142857142
10-07 00:15,1484.2857142857142
10-07 00:30,1484.2857142857142
10-07 00:45,1123.040301722856
10-07 01:00,1484.2857142857142
10-07 01:15,1484.2857142857142
10-07 01:30,1484.2857142857142
10-07 01:45,1484.2857142857142
10-07 02:00,0.0
10-07 02:15,0.0
10-07 02:30,0.0
10-07 02:45,0.0
10-07 03:00,1484.2857142857142
10-07 03:15,1484.2857142857142
10-07 03:30,1484.2857142857142
10-07 03:45,1484.2857142857142
10-07 04:00,0.0
10-07 04:15,0.0
10-07 04:30,0.0
10-07 04:45,0.0
10-07 05:00,0.0
10-07 05:15,0.0
10-07 05:30,0.0
10-07 05:45,0.0
10-07 06:00,0.0
10-07 06:15,0.0
10-07 06:30,0.0
10-07 06:45,0.0
10-07 07:00,0.0
10-07 07:15,0.0
10-07 07:30,0.0
10-07 07:45,0.0
10-07 08:00,0.0
10-07 08:15,0.0
10-07 08:30,0.0
10-07 08:45,0.0
10-07 09:00,0.0
10-07 09:15,0.0
10-07 09:30,0.0
10-07 09:45,0.0
10-07 10:00,0.0
10-07 10:15,0.0
10-07 10:30,0.0
10-07 10:45,0.0
10-07 11:00,0.0
10-07 11:15,0.0
10-07 11:30,0.0
10-07 11:45,0.0
10-07 12:00,0.0
10-07 12:15,0.0
10-07 12:30,0.0
10-07 12:45,0.0
10-07 13:00,0.0
10-07 13:15,0.0
10-07 13:30,0.0
10-07 13:45,4834.3107151428585
10-07 14:00,0.0
10-07 14:15,0.0
10-07 14:30,0.0
10-07 14:45,0.0
10-07 15:00,0.0
10-07 15:15,0.0
10-07 15:30,0.0
10-07 15:45,0.0
10-07 16:00,0.0
10-07 16:15,0.0
10-07 16:30,0.0
10-07 16:45,3005.2382983285715
10-07 17:00,0.0
10-07 17:15,0.0
10-07 17:30,0.0
10-07 17:45,0.0
10-07 18:00,0.0
10-07 18:15,0.0
10-07 18:30,0.0
10-07 18:45,0.0
10-07 19:00,0.0
10-07 19:15,0.0
10-07 19:30,0.0
10-07 19:45,0.0
10-07 20:00,0.0
10-07 20:15,0.0
10-07 20:30,0.0
10-07 20:45,0.0
10-07 21:00,0.0
10-07 21:15,0.0
10-07 21:30,0.0
10-07 21:45,0.0
10-07 22:00,0.0
10-07 22:15,0.0
10-07 22:30,0.0
10-07 22:45,0.0
10-07 23:00,0.0
10-07 23:15,0.0
10-07 23:30,2505.243303542857
10-07 23:45,0.0
10-08 00:00,0.0
10-08 00:15,0.0
10-08 00:30,0.0
10-08 00:45,0.0
10-08 01:00,0.0
10-08 01:15,0.0
10-08 01:30,0.0
10-08 01:45,0.0
10-08 02:00,1484.2857142857142
10-08 02:15,1484.2857142857142
10-08 02:30,1484.2857142857142
10-08 02:45,1479.9336174985722
10-08 03:00,1484.2857142857142
10-08 03:15,1484.2857142857142
10-08 03:30,1484.2857142857142
10-08 03:45,1484.2857142857142
10-08 04:00,0.0
10-08 04:15,0.0
10-08 04:30,0.0
10-08 04:45,0.0
10-08 05:00,0.0
10-08 05:15,0.0
10-08 05:30,0.0
10-08 05:45,0.0
10-08 06:00,0.0
10-08 06:15,0.0
10-08 06:30,0.0
10-08 06:45,0.0
10-08 07:00,2922.1924711142856
10-08 07:15,0.0
10-08 07:30,0.0
10-08 07:45,0.0
10-08 08:00,0.0
10-08 08:15,0.0
10-08 08:30,0.0
10-08 08:45,0.0
10-08 09:00,0.0
10-08 09:15,0.0
10-08 09:30,390.7241595857143
10-08 09:45,0.0
10-08 10:00,0.0
10-08 10:15,0.0
10-08 10:30,0.0
10-08 10:45,0.0
10-08 11:00,0.0
10-08 11:15,0.0
10-08 11:30,0.0
10-08 11:45,0.0
10-08 12:00,0.0
10-08 12:15,0.0
10-08 12:30,0.0
10-08 12:45,0.0
10-08 13:00,0.0
10-08 13:15,0.0
10-08 13:30,0.0
10-08 13:45,4522.888552785715
10-08 14:00,0.0
10-08 14:15,0.0
10-08 14:30,0.0
10-08 14:45,0.0
10-08 15:00,0.0
10-08 15:15,0.0
10-08 15:30,0.0
10-08 15:45,0.0
10-08 16:00,0.0
10-08 16:15,0.0
10-08 16:30,0.0
10-08 16:45,0.0
10-08 17:00,0.0
10-08 17:15,0.0
10-08 17:30,0.0
10-08 17:45,0.0
10-08 18:00,0.0
10-08 18:15,0.0
10-08 18:30,0.0
10-08 18:45,0.0
10-08 19:00,0.0
10-08 19:15,0.0
10-08 19:30,0.0
10-08 19:45,0.0
10-08 20:00,0.0
10-08 20:15,0.0
10-08 20:30,0.0
10-08 20:45,0.0
10-08 21:00,0.0
10-08 21:15,0.0
10-08 21:30,0.0
10-08 21:45,0.0
10-08 22:00,0.0
10-08 22:15,0.0
10-08 22:30,0.0
10-08 22:45,0.0
10-08 23:00,0.0
10-08 23:15,0.0
10-08 23:30,0.0
10-08 23:45,0.0
10-09 00:00,0.0
10-09 00:15,0.0
10-09 00:30,0.0
10-09 00:45,0.0
10-09 01:00,0.0
10-09 01:15,1484.2857142857142
10-09 01:30,1484.2857142857142
10-09 01:45,45.21607499571788
10-09 02:00,1484.2857142857142
10-09 02:15,1484.2857142857142
10-09 02:30,1484.2857142857142
10-09 02:45,1484.2857142857142
10-09 03:00,1484.2857142857142
10-09 03:15,1484.2857142857142
10-09 03:30,1484.2857142857142
10-09 03:45,1484.2857142857142
10-09 04:00,0.0
10-09 04:15,0.0
10-09 04:30,0.0
10-09 04:45,0.0
10-09 05:00,0.0
10-09 05:15,0.0
10-09 05:30,0.0
10-09 05:45,0.0
10-09 06:00,0.0
10-09 06:15,0.0
10-09 06:30,0.0
10-09 06:45,0.0
10-09 07:00,0.0
10-09 07:15,0.0
10-09 07:30,0.0
10-09 07:45,0.0
10-09 08:00,0.0
10-09 08:15,0.0
10-09 08:30,0.0
10-09 08:45,0.0
10-09 09:00,0.0
10-09 09:15,0.0
10-09 09:30,2048.0610115857144
10-09 09:45,0.0
10-09 10:00,0.0
10-09 10:15,0.0
10-09 10:30,0.0
10-09 10:45,0.0
10-09 11:00,0.0
10-09 11:15,3915.4610930857134
10-09 11:30,0.0
10-09 11:45,0.0
10-09 12:00,0.0
10-09 12:15,0.0
10-09 12:30,0.0
10-09 12:45,0.0
10-09 13:00,0.0
10-09 13:15,0.0
10-09 13:30,0.0
10-09 13:45,0.0
10-09 14:00,0.0
10-09 14:15,0.0
10-09 14:30,1456.9735929714286
10-09 14:45,0.0
10-09 15:00,0.0
10-09 15:15,0.0
10-09 15:30,0.0
10-09 15:45,0.0
10-09 16:00,34.88594681428576
10-09 16:15,0.0
10-09 16:30,0.0
10-09 16:45,0.0
10-09 17:00,0.0
10-09 17:15,0.0
10-09 17:30,0.0
10-09 17:45,0.0
10-09 18:00,0.0
10-09 18:15,0.0
10-09 18:30,0.0
10-09 18:45,0.0
10-09 19:00,0.0
10-09 19:15,0.0
10-09 19:30,0.0
10-09 19:45,0.0
10-09 20:00,1839.3567846
10-09 20:15,0.0
10-09 20:30,0.0
10-09 20:45,0.0
10-09 21:00,0.0
10-09 21:15,0.0
10-09 21:30,0.0
10-09 21:45,0.0
10-09 22:00,0.0
10-09 22:15,0.0
10-09 22:30,0.0
10-09 22:45,0.0
10-09 23:00,0.0
10-09 23:15,0.0
10-09 23:30,0.0
10-09 23:45,0.0
10-10 00:00,0.0
10-10 00:15,0.0
10-10 00:30,0.0
10-10 00:45,0.0
10-10 01:00,0.0
10-10 01:15,0.0
10-10 01:30,0.0
10-10 01:45,724.2441952071457
10-10 02:00,1484.2857142857142
10-10 02:15,1484.2857142857142
10-10 02:30,1484.2857142857142
10-10 02:45,1484.2857142857142
10-10 03:00,1484.2857142857142
10-10 03:15,1484.2857142857142
10-10 03:30,1484.2857142857142
10-10 03:45,1484.2857142857142
10-10 04:00,0.0
10-10 04:15,0.0
10-10 04:30,0.0
10-10 04:45,0.0
10-10 05:00,0.0
10-10 05:15,0.0
10-10 05:30,0.0
10-10 05:45,0.0
10-10 06:00,0.0
10-10 06:15,0.0
10-10 06:30,0.0
10-10 06:45,0.0
10-10 07:00,0.0
10-10 07:15,0.0
10-10 07:30,0.0
10-10 07:45,0.0
10-10 08:00,0.0
10-10 08:15,0.0
10-10 08:30,0.0
10-10 08:45,0.0
10-10 09:00,0.0
10-10 09:15,0.0
10-10 09:30,0.0
10-10 09:45,0.0
10-10 10:00,0.0
10-10 10:15,0.0
10-10 10:30,0.0
10-10 10:45,0.0
10-10 11:00,0.0
10-10 11:15,0.0
10-10 11:30,0.0
10-10 11:45,0.0
10-10 12:00,0.0
10-10 12:15,0.0
10-10 12:30,0.0
10-10 12:45,0.0
10-10 13:00,0.0
10-10 13:15,0.0
10-10 13:30,0.0
10-10 13:45,0.0
10-10 14:00,0.0
10-10 14:15,0.0
10-10 14:30,0.0
10-10 14:45,0.0
10-10 15:00,0.0
10-10 15:15,0.0
10-10 15:30,0.0
10-10 15:45,0.0
10-10 16:00,0.0
10-10 16:15,0.0
10-10 16:30,0.0
10-10 16:45,0.0
10-10 17:00,0.0
10-10 17:15,0.0
10-10 17:30,0.0
10-10 17:45,0.0
10-10 18:00,0.0
10-10 18:15,0.0
10-10 18:30,0.0
10-10 18:45,0.0
10-10 19:00,1380.471680128572
10-10 19:15,0.0
10-10 19:30,0.0
10-10 19:45,0.0
10-10 20:00,1503.093736771429
10-10 20:15,0.0
10-10 20:30,0.0
10-10 20:45,0.0
10-10 21:00,0.0
10-10 21:15,0.0
10-10 21:30,0.0
10-10 21:45,0.0
10-10 22:00,0.0
10-10 22:15,0.0
10-10 22:30,0.0
10-10 22:45,0.0
10-10 23:00,0.0
10-10 23:15,0.0
10-10 23:30,0.0
10-10 23:45,0.0
10-11 00:00,0.0
10-11 00:15,0.0
10-11 00:30,0.0
10-11 00:45,0.0
10-11 01:00,1160.1228904842887
10-11 01:15,1484.2857142857142
10-11 01:30,1484.2857142857142
10-11 01:45,0.0
10-11 02:00,1484.2857142857142
10-11 02:15,1484.2857142857142
10-11 02:30,1484.2857142857142
10-11 02:45,1484.2857142857142
10-11 03:00,1484.2857142857142
10-11 03:15,1484.2857142857142
10-11 03:30,1484.2857142857142
10-11 03:45,1484.2857142857142
10-11 04:00,0.0
10-11 04:15,0.0
10-11 04:30,0.0
10-11 04:45,0.0
10-11 05:00,0.0
10-11 05:15,0.0
10-11 05:30,0.0
10-11 05:45,0.0
10-11 06:00,0.0
10-11 06:15,0.0
10-11 06:30,0.0
10-11 06:45,0.0
10-11 07:00,0.0
10-11 07:15,0.0
10-11 07:30,0.0
10-11 07:45,0.0
10-11 08:00,0.0
10-11 08:15,4001.408360785714
10-11 08:30,0.0
10-11 08:45,0.0
10-11 09:00,0.0
10-11 09:15,0.0
10-11 09:30,0.0
10-11 09:45,0.0
10-11 10:00,0.0
10-11 10:15,0.0
10-11 10:30,0.0
10-11 10:45,0.0
10-11 11:00,0.0
10-11 11:15,0.0
10-11 11:30,0.0
10-11 11:45,0.0
10-11 12:00,0.0
10-11 12:15,0.0
10-11 12:30,0.0
10-11 12:45,0.0
10-11 13:00,0.0
10-11 13:15,0.0
10-11 13:30,0.0
10-11 13:45,0.0
10-11 14:00,0.0
10-11 14:15,0.0
10-11 14:30,0.0
10-11 14:45,0.0
10-11 15:00,0.0
10-11 15:15,0.0
10-11 15:30,0.0
10-11 15:45,0.0
10-11 16:00,3366.362205442857
10-11 16:15,8459.304154971429
10-11 16:30,0.0
10-11 16:45,0.0
10-11 17:00,3389.120736642857
10-11 17:15,0.0
10-11 17:30,0.0
10-11 17:45,3834.363327014286
10-11 18:00,0.0
10-11 18:15,0.0
10-11 18:30,0.0
10-11 18:45,0.0
10-11 19:00,0.0
10-11 19:15,0.0
10-11 19:30,0.0
10-11 19:45,0.0
10-11 20:00,0.0
10-11 20:15,0.0
10-11 20:30,0.0
10-11 20:45,0.0
10-11 21:00,0.0
10-11 21:15,0.0
10-11 21:30,0.0
10-11 21:45,0.0
10-11 22:00,0.0
10-11 22:15,0.0
10-11 22:30,0.0
10-11 22:45,0.0
10-11 23:00,1484.2857142857142
10-11 23:15,1484.2857142857142
10-11 23:30,1484.2857142857142
10-11 23:45,1484.2857142857142
10-12 00:00,1484.2857142857142
10-12 00:15,1484.2857142857142
10-12 00:30,1484.2857142857142
10-12 00:45,1484.2857142857142
10-12 01:00,1484.2857142857142
10-12 01:15,1484.2857142857142
10-12 01:30,1484.2857142857142
10-12 01:45,1484.2857142857142
10-12 02:00,1484.2857142857142
10-12 02:15,1484.2857142857142
10-12 02:30,1484.2857142857142
10-12 02:45,1484.2857142857142
10-12 03:00,1484.2857142857142
10-12 03:15,1484.2857142857142
10-12 03:30,1484.2857142857142
10-12 03:45,1484.2857142857142
10-12 04:00,0.0
10-12 04:15,0.0
10-12 04:30,0.0
10-12 04:45,0.0
10-12 05:00,0.0
10-12 05:15,2002.808763228572
10-12 05:30,0.0
10-12 05:45,0.0
10-12 06:00,0.0
10-12 06:15,0.0
10-12 06:30,0.0
10-12 06:45,0.0
10-12 07:00,0.0
10-12 07:15,0.0
10-12 07:30,0.0
10-12 07:45,0.0
10-12 08:00,0.0
10-12 08:15,0.0
10-12 08:30,0.0
10-12 08:45,0.0
10-12 09:00,0.0
10-12 09:15,0.0
10-12 09:30,0.0
10-12 09:45,0.0
10-12 10:00,1484.2857142857142
10-12 10:15,2043.5759753814289
10-12 10:30,1484.2857142857142
10-12 10:45,1484.2857142857142
10-12 11:00,0.0
10-12 11:15,998.9814353828104
10-12 11:30,0.0
10-12 11:45,0.0
10-12 12:00,1484.2857142857142
10-12 12:15,2127.649303517143
10-12 12:30,1484.2857142857142
10-12 12:45,1484.2857142857142
10-12 13:00,0.0
10-12 13:15,0.0
10-12 13:30,0.0
10-12 13:45,0.0
10-12 14:00,3525.9741704571434
10-12 14:15,0.0
10-12 14:30,0.0
10-12 14:45,0.0
10-12 15:00,379.8199202571428
10-12 15:15,0.0
10-12 15:30,0.0
10-12 15:45,0.0
10-12 16:00,0.0
10-12 16:15,743.9126370714285
10-12 16:30,0.0
10-12 16:45,0.0
10-12 17:00,2335.1357362857148
10-12 17:15,0.0
10-12 17:30,0.0
10-12 17:45,0.0
10-12 18:00,0.0
10-12 18:15,0.0
10-12 18:30,0.0
10-12 18:45,0.0
10-12 19:00,0.0
10-12 19:15,0.0
10-12 19:30,0.0
10-12 19:45,0.0
10-12 20:00,0.0
10-12 20:15,0.0
10-12 20:30,0.0
10-12 20:45,0.0
10-12 21:00,0.0
10-12 21:15,0.0
10-12 21:30,0.0
10-12 21:45,0.0
10-12 22:00,0.0
10-12 22:15,0.0
10-12 22:30,0.0
10-12 22:45,0.0
10-12 23:00,0.0
10-12 23:15,0.0
10-12 23:30,0.0
10-12 23:45,0.0
10-13 00:00,0.0
10-13 00:15,0.0
10-13 00:30,0.0
10-13 00:45,0.0
10-13 01:00,0.0
10-13 01:15,0.0
10-13 01:30,0.0
10-13 01:45,0.0
10-13 02:00,0.0
10-13 02:15,0.0
10-13 02:30,0.0
10-13 02:45,0.0
10-13 03:00,0.0
10-13 03:15,0.0
10-13 03:30,0.0
10-13 03:45,0.0
10-13 04:00,0.0
10-13 04:15,0.0
10-13 04:30,0.0
10-13 04:45,0.0
10-13 05:00,0.0
10-13 05:15,0.0
10-13 05:30,0.0
10-13 05:45,0.0
10-13 06:00,0.0
10-13 06:15,0.0
10-13 06:30,0.0
10-13 06:45,0.0
10-13 07:00,0.0
10-13 07:15,0.0
10-13 07:30,0.0
10-13 07:45,0.0
10-13 08:00,0.0
10-13 08:15,0.0
10-13 08:30,0.0
10-13 08:45,0.0
10-13 09:00,0.0
10-13 09:15,0.0
10-13 09:30,0.0
10-13 09:45,0.0
10-13 10:00,0.0
10-13 10:15,0.0
10-13 10:30,0.0
10-13 10:45,0.0
10-13 11:00,0.0
10-13 11:15,0.0
10-13 11:30,0.0
10-13 11:45,0.0
10-13 12:00,0.0
10-13 12:15,0.0
10-13 12:30,0.0
10-13 12:45,0.0
10-13 13:00,1484.2857142857142
10-13 13:15,1484.2857142857142
10-13 13:30,1484.2857142857142
10-13 13:45,1484.2857142857142
10-13 14:00,2333.494501412857
10-13 14:15,1484.2857142857142
10-13 14:30,1484.2857142857142
10-13 14:45,1484.2857142857142
10-13 15:00,0.0
10-13 15:15,0.0
10-13 15:30,0.0
10-13 15:45,0.0
10-13 16:00,0.0
10-13 16:15,0.0
10-13 16:30,0.0
10-13 16:45,0.0
10-13 17:00,0.0
10-13 17:15,0.0
10-13 17:30,0.0
10-13 17:45,0.0
10-13 18:00,0.0
10-13 18:15,0.0
10-13 18:30,0.0
10-13 18:45,0.0
10-13 19:00,0.0
10-13 19:15,0.0
10-13 19:30,0.0
10-13 19:45,0.0
10-13 20:00,0.0
10-13 20:15,0.0
10-13 20:30,0.0
10-13 20:45,0.0
10-13 21:00,1684.3221620000004
10-13 21:15,0.0
10-13 21:30,0.0
10-13 21:45,0.0
10-13 22:00,1484.2857142857142
10-13 22:15,1484.2857142857142
10-13 22:30,1484.2857142857142
10-13 22:45,7298.773081642857
10-13 23:00,1910.8095843057145
10-13 23:15,1484.2857142857142
10-13 23:30,1484.2857142857142
10-13 23:45,1484.2857142857142
10-14 00:00,1484.2857142857142
10-14 00:15,1484.2857142857142
10-14 00:30,1484.2857142857142
10-14 00:45,1484.2857142857142
10-14 01:00,1484.2857142857142
10-14 01:15,1484.2857142857142
10-14 01:30,1484.2857142857142
10-14 01:45,1484.2857142857142
10-14 02:00,0.0
10-14 02:15,0.0
10-14 02:30,0.0
10-14 02:45,0.0
10-14 03:00,0.0
10-14 03:15,0.0
10-14 03:30,0.0
10-14 03:45,0.0
10-14 04:00,0.0
10-14 04:15,0.0
10-14 04:30,0.0
10-14 04:45,0.0
10-14 05:00,0.0
10-14 05:15,0.0
10-14 05:30,0.0
10-14 05:45,0.0
10-14 06:00,0.0
10-14 06:15,0.0
10-14 06:30,0.0
10-14 06:45,0.0
10-14 07:00,0.0
10-14 07:15,0.0
10-14 07:30,0.0
10-14 07:45,0.0
10-14 08:00,0.0
10-14 08:15,0.0
10-14 08:30,0.0
10-14 08:45,0.0
10-14 09:00,0.0
10-14 09:15,0.0
10-14 09:30,0.0
10-14 09:45,0.0
10-14 10:00,0.0
10-14 10:15,0.0
10-14 10:30,0.0
10-14 10:45,0.0
10-14 11:00,0.0
10-14 11:15,0.0
10-14 11:30,0.0
10-14 11:45,0.0
10-14 12:00,0.0
10-14 12:15,0.0
10-14 12:30,3835.7282915
10-14 12:45,0.0
10-14 13:00,0.0
10-14 13:15,0.0
10-14 13:30,0.0
10-14 13:45,0.0
10-14 14:00,0.0
10-14 14:15,0.0
10-14 14:30,0.0
10-14 14:45,0.0
10-14 15:00,0.0
10-14 15:15,0.0
10-14 15:30,0.0
10-14 15:45,0.0
10-14 16:00,0.0
10-14 16:15,0.0
10-14 16:30,0.0
10-14 16:45,0.0
10-14 17:00,0.0
10-14 17:15,0.0
10-14 17:30,0.0
10-14 17:45,0.0
10-14 18:00,117.1917058714286
10-14 18:15,2683.539453442857
10-14 18:30,0.0
10-14 18:45,0.0
10-14 19:00,0.0
10-14 19:15,0.0
10-14 19:30,0.0
10-14 19:45,0.0
10-14 20:00,0.0
10-14 20:15,0.0
10-14 20:30,0.0
10-14 20:45,0.0
10-14 21:00,0.0
10-14 21:15,0.0
10-14 21:30,0.0
10-14 21:45,1613.3023254428574
10-14 22:00,0.0
10-14 22:15,0.0
10-14 22:30,0.0
10-14 22:45,0.0
10-14 23:00,0.0
10-14 23:15,0.0
10-14 23:30,0.0
10-14 23:45,0.0
10-15 00:00,0.0
10-15 00:15,0.0
10-15 00:30,0.0
10-15 00:45,0.0
10-15 01:00,1484.2857142857142
10-15 01:15,1484.2857142857142
10-15 01:30,1484.2857142857142
10-15 01:45,1484.2857142857142
10-15 02:00,1484.2857142857142
10-15 02:15,1484.2857142857142
10-15 02:30,1484.2857142857142
10-15 02:45,1484.2857142857142
10-15 03:00,1484.2857142857142
10-15 03:15,1484.2857142857142
10-15 03:30,0.0
10-15 03:45,263.3754792928451
10-15 04:00,0.0
10-15 04:15,0.0
10-15 04:30,0.0
10-15 04:45,0.0
10-15 05:00,0.0
10-15 05:15,0.0
10-15 05:30,0.0
10-15 05:45,0.0
10-15 06:00,0.0
10-15 06:15,0.0
10-15 06:30,0.0
10-15 06:45,0.0
10-15 07:00,0.0
10-15 07:15,0.0
10-15 07:30,0.0
10-15 07:45,0.0
10-15 08:00,0.0
10-15 08:15,3350.737772771429
10-15 08:30,0.0
10-15 08:45,0.0
10-15 09:00,0.0
10-15 09:15,0.0
10-15 09:30,0.0
10-15 09:45,0.0
10-15 10:00,0.0
10-15 10:15,0.0
10-15 10:30,0.0
10-15 10:45,0.0
10-15 11:00,0.0
10-15 11:15,3729.1019724000007
10-15 11:30,0.0
10-15 11:45,0.0
10-15 12:00,0.0
10-15 12:15,0.0
10-15 12:30,0.0
10-15 12:45,0.0
10-15 13:00,0.0
10-15 13:15,0.0
10-15 13:30,0.0
10-15 13:45,0.0
10-15 14:00,0.0
10-15 14:15,0.0
10-15 14:30,0.0
10-15 14:45,0.0
10-15 15:00,0.0
10-15 15:15,690.8480716285715
10-15 15:30,0.0
10-15 15:45,0.0
10-15 16:00,0.0
10-15 16:15,0.0
10-15 16:30,0.0
10-15 16:45,0.0
10-15 17:00,3686.880862428571
10-15 17:15,0.0
10-15 17:30,0.0
10-15 17:45,0.0
10-15 18:00,0.0
10-15 18:15,0.0
10-15 18:30,1871.4783906714288
10-15 18:45,0.0
10-15 19:00,0.0
10-15 19:15,0.0
10-15 19:30,0.0
10-15 19:45,0.0
10-15 20:00,0.0
10-15 20:15,0.0
10-15 20:30,0.0
10-15 20:45,0.0
10-15 21:00,0.0
10-15 21:15,0.0
10-15 21:30,0.0
10-15 21:45,0.0
10-15 22:00,0.0
10-15 22:15,0.0
10-15 22:30,0.0
10-15 22:45,0.0
10-15 23:00,0.0
10-15 23:15,0.0
10-15 23:30,0.0
10-15 23:45,0.0
10-16 00:00,0.0
10-16 00:15,0.0
10-16 00:30,0.0
10-16 00:45,0.0
10-16 01:00,0.0
10-16 01:15,0.0
10-16 01:30,0.0
10-16 01:45,0.0
10-16 02:00,0.0
10-16 02:15,0.0
10-16 02:30,0.0
10-16 02:45,0.0
10-16 03:00,0.0
10-16 03:15,0.0
10-16 03:30,0.0
10-16 03:45,0.0
10-16 04:00,0.0
10-16 04:15,0.0
10-16 04:30,0.0
10-16 04:45,0.0
10-16 05:00,0.0
10-16 05:15,0.0
10-16 05:30,0.0
10-16 05:45,0.0
10-16 06:00,0.0
10-16 06:15,0.0
10-16 06:30,0.0
10-16 06:45,0.0
10-16 07:00,0.0
10-16 07:15,0.0
10-16 07:30,0.0
10-16 07:45,0.0
10-16 08:00,0.0
10-16 08:15,0.0
10-16 08:30,0.0
10-16 08:45,0.0
10-16 09:00,0.0
10-16 09:15,0.0
10-16 09:30,0.0
10-16 09:45,0.0
10-16 10:00,0.0
10-16 10:15,0.0
10-16 10:30,0.0
10-16 10:45,0.0
10-16 11:00,0.0
10-16 11:15,0.0
10-16 11:30,0.0
10-16 11:45,0.0
10-16 12:00,0.0
10-16 12:15,3799.564271400001
10-16 12:30,0.0
10-16 12:45,0.0
10-16 13:00,0.0
10-16 13:15,0.0
10-16 13:30,0.0
10-16 13:45,0.0
10-16 14:00,0.0
10-16 14:15,0.0
10-16 14:30,4868.548560457143
10-16 14:45,0.0
10-16 15:00,0.0
10-16 15:15,0.0
10-16 15:30,0.0
10-16 15:45,0.0
10-16 16:00,0.0
10-16 16:15,0.0
10-16 16:30,0.0
10-16 16:45,0.0
10-16 17:00,0.0
10-16 17:15,0.0
10-16 17:30,0.0
10-16 17:45,0.0
10-16 18:00,0.0
10-16 18:15,0.0
10-16 18:30,0.0
10-16 18:45,0.0
10-16 19:00,0.0
10-16 19:15,0.0
10-16 19:30,0.0
10-16 19:45,0.0
10-16 20:00,0.0
10-16 20:15,0.0
10-16 20:30,0.0
10-16 20:45,0.0
10-16 21:00,0.0
10-16 21:15,0.0
10-16 21:30,0.0
10-16 21:45,0.0
10-16 22:00,0.0
10-16 22:15,0.0
10-16 22:30,0.0
10-16 22:45,0.0
10-16 23:00,0.0
10-16 23:15,0.0
10-16 23:30,0.0
10-16 23:45,0.0
10-17 00:00,0.0
10-17 00:15,0.0
10-17 00:30,0.0
10-17 00:45,0.0
10-17 01:00,1484.2857142857142
10-17 01:15,1484.2857142857142
10-17 01:30,1484.2857142857142
10-17 01:45,1484.2857142857142
10-17 02:00,1484.2857142857142
10-17 02:15,1484.2857142857142
10-17 02:30,1484.2857142857142
10-17 02:45,1484.2857142857142
10-17 03:00,0.0
10-17 03:15,0.0
10-17 03:30,0.0
10-17 03:45,0.0
10-17 04:00,0.0
10-17 04:15,0.0
10-17 04:30,0.0
10-17 04:45,0.0
10-17 05:00,0.0
10-17 05:15,0.0
10-17 05:30,0.0
10-17 05:45,0.0
10-17 06:00,0.0
10-17 06:15,0.0
10-17 06:30,0.0
10-17 06:45,0.0
10-17 07:00,0.0
10-17 07:15,0.0
10-17 07:30,0.0
10-17 07:45,0.0
10-17 08:00,0.0
10-17 08:15,0.0
10-17 08:30,0.0
10-17 08:45,0.0
10-17 09:00,0.0
10-17 09:15,0.0
10-17 09:30,0.0
10-17 09:45,0.0
10-17 10:00,0.0
10-17 10:15,0.0
10-17 10:30,0.0
10-17 10:45,0.0
10-17 11:00,0.0
10-17 11:15,0.0
10-17 11:30,0.0
10-17 11:45,0.0
10-17 12:00,0.0
10-17 12:15,2112.351062728572
10-17 12:30,0.0
10-17 12:45,0.0
10-17 13:00,0.0
10-17 13:15,0.0
10-17 13:30,0.0
10-17 13:45,0.0
10-17 14:00,0.0
10-17 14:15,0.0
10-17 14:30,0.0
10-17 14:45,0.0
10-17 15:00,0.0
10-17 15:15,0.0
10-17 15:30,0.0
10-17 15:45,0.0
10-17 16:00,0.0
10-17 16:15,0.0
10-17 16:30,0.0
10-17 16:45,0.0
10-17 17:00,0.0
10-17 17:15,0.0
10-17 17:30,0.0
10-17 17:45,0.0
10-17 18:00,0.0
10-17 18:15,0.0
10-17 18:30,0.0
10-17 18:45,0.0
10-17 19:00,0.0
10-17 19:15,0.0
10-17 19:30,0.0
10-17 19:45,0.0
10-17 20:00,3932.215512471429
10-17 20:15,0.0
10-17 20:30,0.0
10-17 20:45,0.0
10-17 21:00,0.0
10-17 21:15,0.0
10-17 21:30,0.0
10-17 21:45,0.0
10-17 22:00,0.0
10-17 22:15,0.0
10-17 22:30,0.0
10-17 22:45,0.0
10-17 23:00,0.0
10-17 23:15,0.0
10-17 23:30,0.0
10-17 23:45,0.0
10-18 00:00,0.0
10-18 00:15,0.0
10-18 00:30,0.0
10-18 00:45,0.0
10-18 01:00,0.0
10-18 01:15,0.0
10-18 01:30,0.0
10-18 01:45,0.0
10-18 02:00,0.0
10-18 02:15,0.0
10-18 02:30,0.0
10-18 02:45,0.0
10-18 03:00,0.0
10-18 03:15,0.0
10-18 03:30,0.0
10-18 03:45,0.0
10-18 04:00,0.0
10-18 04:15,0.0
10-18 04:30,0.0
10-18 04:45,0.0
10-18 05:00,0.0
10-18 05:15,1489.1245201285717
10-18 05:30,0.0
10-18 05:45,0.0
10-18 06:00,0.0
10-18 06:15,0.0
10-18 06:30,0.0
10-18 06:45,0.0
10-18 07:00,0.0
10-18 07:15,0.0
10-18 07:30,0.0
10-18 07:45,0.0
10-18 08:00,0.0
10-18 08:15,0.0
10-18 08:30,0.0
10-18 08:45,0.0
10-18 09:00,2633.4464797857145
10-18 09:15,4120.429932342858
10-18 09:30,3514.391195528572
10-18 09:45,0.0
10-18 10:00,0.0
10-18 10:15,0.0
10-18 10:30,0.0
10-18 10:45,0.0
10-18 11:00,3289.515503742857
10-18 11:15,0.0
10-18 11:30,0.0
10-18 11:45,0.0
10-18 12:00,0.0
10-18 12:15,0.0
10-18 12:30,0.0
10-18 12:45,0.0
10-18 13:00,0.0
10-18 13:15,0.0
10-18 13:30,0.0
10-18 13:45,0.0
10-18 14:00,0.0
10-18 14:15,0.0
10-18 14:30,0.0
10-18 14:45,2606.5417268857145
10-18 15:00,0.0
10-18 15:15,0.0
10-18 15:30,0.0
10-18 15:45,0.0
10-18 16:00,0.0
10-18 16:15,0.0
10-18 16:30,0.0
10-18 16:45,0.0
10-18 17:00,0.0
10-18 17:15,0.0
10-18 17:30,0.0
10-18 17:45,0.0
10-18 18:00,3228.096345157144
10-18 18:15,0.0
10-18 18:30,0.0
10-18 18:45,0.0
10-18 19:00,0.0
10-18 19:15,0.0
10-18 19:30,0.0
10-18 19:45,0.0
10-18 20:00,0.0
10-18 20:15,0.0
10-18 20:30,0.0
10-18 20:45,0.0
10-18 21:00,0.0
10-18 21:15,0.0
10-18 21:30,0.0
10-18 21:45,0.0
10-18 22:00,0.0
10-18 22:15,0.0
10-18 22:30,0.0
10-18 22:45,0.0
10-18 23:00,0.0
10-18 23:15,0.0
10-18 23:30,0.0
10-18 23:45,0.0
10-19 00:00,0.0
10-19 00:15,0.0
10-19 00:30,0.0
10-19 00:45,0.0
10-19 01:00,1484.2857142857142
10-19 01:15,1484.2857142857142
10-19 01:30,1484.2857142857142
10-19 01:45,1484.2857142857142
10-19 02:00,1484.2857142857142
10-19 02:15,1484.2857142857142
10-19 02:30,1484.2857142857142
10-19 02:45,1484.2857142857142
10-19 03:00,1484.2857142857142
10-19 03:15,1484.2857142857142
10-19 03:30,1484.2857142857142
10-19 03:45,1484.2857142857142
10-19 04:00,1484.2857142857142
10-19 04:15,1484.2857142857142
10-19 04:30,1484.2857142857142
10-19 04:45,1484.2857142857142
10-19 05:00,1484.2857142857142
10-19 05:15,1484.2857142857142
10-19 05:30,1484.2857142857142
10-19 05:45,1924.6751978828568
10-19 06:00,0.0
10-19 06:15,0.0
10-19 06:30,0.0
10-19 06:45,0.0
10-19 07:00,0.0
10-19 07:15,0.0
10-19 07:30,0.0
10-19 07:45,0.0
10-19 08:00,0.0
10-19 08:15,0.0
10-19 08:30,0.0
10-19 08:45,0.0
10-19 09:00,3904.6019388428567
10-19 09:15,0.0
10-19 09:30,0.0
10-19 09:45,0.0
10-19 10:00,0.0
10-19 10:15,0.0
10-19 10:30,0.0
10-19 10:45,2394.8399390142854
10-19 11:00,0.0
10-19 11:15,0.0
10-19 11:30,0.0
10-19 11:45,0.0
10-19 12:00,0.0
10-19 12:15,0.0
10-19 12:30,0.0
10-19 12:45,0.0
10-19 13:00,0.0
10-19 13:15,0.0
10-19 13:30,0.0
10-19 13:45,0.0
10-19 14:00,0.0
10-19 14:15,3698.808000328572
10-19 14:30,0.0
10-19 14:45,0.0
10-19 15:00,0.0
10-19 15:15,0.0
10-19 15:30,0.0
10-19 15:45,0.0
10-19 16:00,0.0
10-19 16:15,0.0
10-19 16:30,6418.964885800001
10-19 16:45,0.0
10-19 17:00,0.0
10-19 17:15,0.0
10-19 17:30,0.0
10-19 17:45,0.0
10-19 18:00,0.0
10-19 18:15,0.0
10-19 18:30,0.0
10-19 18:45,0.0
10-19 19:00,0.0
10-19 19:15,0.0
10-19 19:30,0.0
10-19 19:45,0.0
10-19 20:00,0.0
10-19 20:15,0.0
10-19 20:30,0.0
10-19 20:45,0.0
10-19 21:00,0.0
10-19 21:15,0.0
10-19 21:30,5375.4574325428575
10-19 21:45,0.0
10-19 22:00,0.0
10-19 22:15,0.0
10-19 22:30,0.0
10-19 22:45,0.0
10-19 23:00,0.0
10-19 23:15,0.0
10-19 23:30,0.0
10-19 23:45,0.0
10-20 00:00,1484.2857142857142
10-20 00:15,1484.2857142857142
10-20 00:30,1484.2857142857142
10-20 00:45,1484.2857142857142
10-20 01:00,1484.2857142857142
10-20 01:15,1484.2857142857142
10-20 01:30,1484.2857142857142
10-20 01:45,1484.2857142857142
10-20 02:00,1484.2857142857142
10-20 02:15,1484.2857142857142
10-20 02:30,1484.2857142857142
10-20 02:45,1484.2857142857142
10-20 03:00,1484.2857142857142
10-20 03:15,1484.2857142857142
10-20 03:30,1484.2857142857142
10-20 03:45,1484.2857142857142
10-20 04:00,1484.2857142857142
10-20 04:15,1484.2857142857142
10-20 04:30,1484.2857142857142
10-20 04:45,1484.2857142857142
10-20 05:00,0.0
10-20 05:15,506.2840867202111
10-20 05:30,1484.2857142857142
10-20 05:45,0.0
10-20 06:00,0.0
10-20 06:15,0.0
10-20 06:30,0.0
10-20 06:45,0.0
10-20 07:00,0.0
10-20 07:15,0.0
10-20 07:30,0.0
10-20 07:45,2011.9267245142864
10-20 08:00,0.0
10-20 08:15,0.0
10-20 08:30,0.0
10-20 08:45,0.0
10-20 09:00,0.0
10-20 09:15,0.0
10-20 09:30,0.0
10-20 09:45,0.0
10-20 10:00,0.0
10-20 10:15,0.0
10-20 10:30,0.0
10-20 10:45,0.0
10-20 11:00,0.0
10-20 11:15,0.0
10-20 11:30,0.0
10-20 11:45,0.0
10-20 12:00,0.0
10-20 12:15,0.0
10-20 12:30,0.0
10-20 12:45,0.0
10-20 13:00,0.0
10-20 13:15,0.0
10-20 13:30,0.0
10-20 13:45,0.0
10-20 14:00,0.0
10-20 14:15,0.0
10-20 14:30,0.0
10-20 14:45,0.0
10-20 15:00,0.0
10-20 15:15,0.0
10-20 15:30,0.0
10-20 15:45,0.0
10-20 16:00,0.0
10-20 16:15,0.0
10-20 16:30,936.9365721142856
10-20 16:45,0.0
10-20 17:00,0.0
10-20 17:15,4676.959048042859
10-20 17:30,0.0
10-20 17:45,0.0
10-20 18:00,0.0
10-20 18:15,0.0
10-20 18:30,0.0
10-20 18:45,0.0
10-20 19:00,0.0
10-20 19:15,0.0
10-20 19:30,0.0
10-20 19:45,0.0
10-20 20:00,0.0
10-20 20:15,0.0
10-20 20:30,0.0
10-20 20:45,0.0
10-20 21:00,0.0
10-20 21:15,0.0
10-20 21:30,0.0
10-20 21:45,0.0
10-20 22:00,0.0
10-20 22:15,0.0
10-20 22:30,0.0
10-20 22:45,0.0
10-20 23:00,0.0
10-20 23:15,0.0
10-20 23:30,0.0
10-20 23:45,0.0
10-21 00:00,0.0
10-21 00:15,0.0
10-21 00:30,0.0
10-21 00:45,0.0
10-21 01:00,1484.2857142857142
10-21 01:15,1484.2857142857142
10-21 01:30,1484.2857142857142
10-21 01:45,1484.2857142857142
10-21 02:00,1484.2857142857142
10-21 02:15,1484.2857142857142
10-21 02:30,1484.2857142857142
10-21 02:45,1484.2857142857142
10-21 03:00,1484.2857142857142
10-21 03:15,1484.2857142857142
10-21 03:30,1484.2857142857142
10-21 03:45,1484.2857142857142
10-21 04:00,1484.2857142857142
10-21 04:15,1484.2857142857142
10-21 04:30,1484.2857142857142
10-21 04:45,1484.2857142857142
10-21 05:00,0.0
10-21 05:15,0.0
10-21 05:30,0.0
10-21 05:45,0.0
10-21 06:00,0.0
10-21 06:15,0.0
10-21 06:30,0.0
10-21 06:45,0.0
10-21 07:00,0.0
10-21 07:15,0.0
10-21 07:30,0.0
10-21 07:45,0.0
10-21 08:00,0.0
10-21 08:15,0.0
10-21 08:30,0.0
10-21 08:45,0.0
10-21 09:00,0.0
10-21 09:15,0.0
10-21 09:30,0.0
10-21 09:45,0.0
10-21 10:00,0.0
10-21 10:15,0.0
10-21 10:30,0.0
10-21 10:45,0.0
10-21 11:00,0.0
10-21 11:15,0.0
10-21 11:30,0.0
10-21 11:45,0.0
10-21 12:00,0.0
10-21 12:15,0.0
10-21 12:30,0.0
10-21 12:45,0.0
10-21 13:00,0.0
10-21 13:15,1743.0517431857145
10-21 13:30,0.0
10-21 13:45,0.0
10-21 14:00,0.0
10-21 14:15,0.0
10-21 14:30,2685.721466771429
10-21 14:45,3452.031996728572
10-21 15:00,3672.940729271429
10-21 15:15,0.0
10-21 15:30,0.0
10-21 15:45,0.0
10-21 16:00,0.0
10-21 16:15,0.0
10-21 16:30,5098.102796400001
10-21 16:45,0.0
10-21 17:00,0.0
10-21 17:15,0.0
10-21 17:30,6084.069911342856
10-21 17:45,2239.2605135428576
10-21 18:00,0.0
10-21 18:15,0.0
10-21 18:30,0.0
10-21 18:45,0.0
10-21 19:00,0.0
10-21 19:15,0.0
10-21 19:30,0.0
10-21 19:45,0.0
10-21 20:00,0.0
10-21 20:15,0.0
10-21 20:30,0.0
10-21 20:45,0.0
10-21 21:00,0.0
10-21 21:15,0.0
10-21 21:30,0.0
10-21 21:45,0.0
10-21 22:00,0.0
10-21 22:15,0.0
10-21 22:30,0.0
10-21 22:45,0.0
10-21 23:00,0.0
10-21 23:15,0.0
10-21 23:30,0.0
10-21 23:45,0.0
10-22 00:00,0.0
10-22 00:15,0.0
10-22 00:30,0.0
10-22 00:45,0.0
10-22 01:00,0.0
10-22 01:15,0.0
10-22 01:30,0.0
10-22 01:45,0.0
10-22 02:00,0.0
10-22 02:15,0.0
10-22 02:30,0.0
10-22 02:45,0.0
10-22 03:00,0.0
10-22 03:15,0.0
10-22 03:30,0.0
10-22 03:45,0.0
10-22 04:00,0.0
10-22 04:15,0.0
10-22 04:30,0.0
10-22 04:45,0.0
10-22 05:00,0.0
10-22 05:15,0.0
10-22 05:30,0.0
10-22 05:45,0.0
10-22 06:00,0.0
10-22 06:15,0.0
10-22 06:30,0.0
10-22 06:45,0.0
10-22 07:00,0.0
10-22 07:15,0.0
10-22 07:30,0.0
10-22 07:45,0.0
10-22 08:00,0.0
10-22 08:15,0.0
10-22 08:30,0.0
10-22 08:45,0.0
10-22 09:00,0.0
10-22 09:15,0.0
10-22 09:30,0.0
10-22 09:45,0.0
10-22 10:00,0.0
10-22 10:15,0.0
10-22 10:30,0.0
10-22 10:45,0.0
10-22 11:00,0.0
10-22 11:15,0.0
10-22 11:30,3227.623877071428
10-22 11:45,0.0
10-22 12:00,0.0
10-22 12:15,604.5704800428574
10-22 12:30,3437.9664887
10-22 12:45,0.0
10-22 13:00,0.0
10-22 13:15,0.0
10-22 13:30,0.0
10-22 13:45,0.0
10-22 14:00,0.0
10-22 14:15,0.0
10-22 14:30,0.0
10-22 14:45,0.0
10-22 15:00,0.0
10-22 15:15,0.0
10-22 15:30,3771.9591103428575
10-22 15:45,0.0
10-22 16:00,0.0
10-22 16:15,0.0
10-22 16:30,0.0
10-22 16:45,0.0
10-22 17:00,0.0
10-22 17:15,0.0
10-22 17:30,0.0
10-22 17:45,0.0
10-22 18:00,0.0
10-22 18:15,0.0
10-22 18:30,0.0
10-22 18:45,0.0
10-22 19:00,0.0
10-22 19:15,0.0
10-22 19:30,0.0
10-22 19:45,0.0
10-22 20:00,0.0
10-22 20:15,0.0
10-22 20:30,0.0
10-22 20:45,0.0
10-22 21:00,0.0
10-22 21:15,0.0
10-22 21:30,0.0
10-22 21:45,0.0
10-22 22:00,0.0
10-22 22:15,0.0
10-22 22:30,0.0
10-22 22:45,0.0
10-22 23:00,0.0
10-22 23:15,0.0
10-22 23:30,0.0
10-22 23:45,0.0
10-23 00:00,0.0
10-23 00:15,0.0
10-23 00:30,0.0
10-23 00:45,0.0
10-23 01:00,0.0
10-23 01:15,0.0
10-23 01:30,0.0
10-23 01:45,0.0
10-23 02:00,0.0
10-23 02:15,0.0
10-23 02:30,0.0
10-23 02:45,0.0
10-23 03:00,0.0
10-23 03:15,0.0
10-23 03:30,0.0
10-23 03:45,0.0
10-23 04:00,0.0
10-23 04:15,0.0
10-23 04:30,0.0
10-23 04:45,0.0
10-23 05:00,0.0
10-23 05:15,0.0
10-23 05:30,0.0
10-23 05:45,0.0
10-23 06:00,0.0
10-23 06:15,0.0
10-23 06:30,0.0
10-23 06:45,0.0
10-23 07:00,0.0
10-23 07:15,0.0
10-23 07:30,1983.1412835428573
10-23 07:45,0.0
10-23 08:00,0.0
10-23 08:15,0.0
10-23 08:30,0.0
10-23 08:45,0.0
10-23 09:00,3517.7979462000003
10-23 09:15,0.0
10-23 09:30,0.0
10-23 09:45,0.0
10-23 10:00,0.0
10-23 10:15,0.0
10-23 10:30,0.0
10-23 10:45,0.0
10-23 11:00,3096.7469774
10-23 11:15,0.0
10-23 11:30,0.0
10-23 11:45,0.0
10-23 12:00,0.0
10-23 12:15,0.0
10-23 12:30,0.0
10-23 12:45,0.0
10-23 13:00,0.0
10-23 13:15,0.0
10-23 13:30,0.0
10-23 13:45,0.0
10-23 14:00,0.0
10-23 14:15,0.0
10-23 14:30,0.0
10-23 14:45,0.0
10-23 15:00,0.0
10-23 15:15,0.0
10-23 15:30,0.0
10-23 15:45,0.0
10-23 16:00,0.0
10-23 16:15,0.0
10-23 16:30,0.0
10-23 16:45,0.0
10-23 17:00,0.0
10-23 17:15,0.0
10-23 17:30,0.0
10-23 17:45,1841.397406428572
10-23 18:00,0.0
10-23 18:15,0.0
10-23 18:30,0.0
10-23 18:45,0.0
10-23 19:00,0.0
10-23 19:15,0.0
10-23 19:30,0.0
10-23 19:45,0.0
10-23 20:00,0.0
10-23 20:15,0.0
10-23 20:30,0.0
10-23 20:45,0.0
10-23 21:00,0.0
10-23 21:15,0.0
10-23 21:30,0.0
10-23 21:45,0.0
10-23 22:00,0.0
10-23 22:15,0.0
10-23 22:30,0.0
10-23 22:45,0.0
10-23 23:00,0.0
10-23 23:15,0.0
10-23 23:30,0.0
10-23 23:45,0.0
10-24 00:00,0.0
10-24 00:15,0.0
10-24 00:30,0.0
10-24 00:45,0.0
10-24 01:00,0.0
10-24 01:15,0.0
10-24 01:30,0.0
10-24 01:45,0.0
10-24 02:00,1484.2857142857142
10-24 02:15,0.0
10-24 02:30,658.91021473145
10-24 02:45,1484.2857142857142
10-24 03:00,0.0
10-24 03:15,0.0
10-24 03:30,0.0
10-24 03:45,0.0
10-24 04:00,0.0
10-24 04:15,0.0
10-24 04:30,0.0
10-24 04:45,0.0
10-24 05:00,0.0
10-24 05:15,0.0
10-24 05:30,0.0
10-24 05:45,0.0
10-24 06:00,0.0
10-24 06:15,0.0
10-24 06:30,0.0
10-24 06:45,0.0
10-24 07:00,0.0
10-24 07:15,0.0
10-24 07:30,0.0
10-24 07:45,0.0
10-24 08:00,0.0
10-24 08:15,0.0
10-24 08:30,0.0
10-24 08:45,0.0
10-24 09:00,5894.730004385715
10-24 09:15,0.0
10-24 09:30,0.0
10-24 09:45,2754.881810128572
10-24 10:00,0.0
10-24 10:15,0.0
10-24 10:30,643.6623251714286
10-24 10:45,0.0
10-24 11:00,0.0
10-24 11:15,0.0
10-24 11:30,0.0
10-24 11:45,0.0
10-24 12:00,0.0
10-24 12:15,1811.2924371857143
10-24 12:30,0.0
10-24 12:45,0.0
10-24 13:00,0.0
10-24 13:15,0.0
10-24 13:30,0.0
10-24 13:45,0.0
10-24 14:00,0.0
10-24 14:15,0.0
10-24 14:30,0.0
10-24 14:45,0.0
10-24 15:00,0.0
10-24 15:15,0.0
10-24 15:30,0.0
10-24 15:45,0.0
10-24 16:00,0.0
10-24 16:15,0.0
10-24 16:30,0.0
10-24 16:45,0.0
10-24 17:00,0.0
10-24 17:15,0.0
10-24 17:30,0.0
10-24 17:45,0.0
10-24 18:00,0.0
10-24 18:15,0.0
10-24 18:30,0.0
10-24 18:45,0.0
10-24 19:00,0.0
10-24 19:15,3848.603144057143
10-24 19:30,0.0
10-24 19:45,0.0
10-24 20:00,0.0
10-24 20:15,0.0
10-24 20:30,0.0
10-24 20:45,0.0
10-24 21:00,0.0
10-24 21:15,0.0
10-24 21:30,0.0
10-24 21:45,0.0
10-24 22:00,3184.7739550714286
10-24 22:15,0.0
10-24 22:30,0.0
10-24 22:45,0.0
10-24 23:00,0.0
10-24 23:15,0.0
10-24 23:30,0.0
10-24 23:45,0.0
10-25 00:00,896.3642226785769
10-25 00:15,1484.2857142857142
10-25 00:30,1484.2857142857142
10-25 00:45,1484.2857142857142
10-25 01:00,1484.2857142857142
10-25 01:15,1484.2857142857142
10-25 01:30,1484.2857142857142
10-25 01:45,1484.2857142857142
10-25 02:00,1484.2857142857142
10-25 02:15,1484.2857142857142
10-25 02:30,1484.2857142857142
10-25 02:45,1484.2857142857142
10-25 03:00,1484.2857142857142
10-25 03:15,1484.2857142857142
10-25 03:30,1484.2857142857142
10-25 03:45,1484.2857142857142
10-25 04:00,0.0
10-25 04:15,0.0
10-25 04:30,0.0
10-25 04:45,0.0
10-25 05:00,0.0
10-25 05:15,0.0
10-25 05:30,0.0
10-25 05:45,0.0
10-25 06:00,0.0
10-25 06:15,0.0
10-25 06:30,0.0
10-25 06:45,0.0
10-25 07:00,0.0
10-25 07:15,0.0
10-25 07:30,0.0
10-25 07:45,0.0
10-25 08:00,0.0
10-25 08:15,0.0
10-25 08:30,0.0
10-25 08:45,0.0
10-25 09:00,0.0
10-25 09:15,0.0
10-25 09:30,0.0
10-25 09:45,0.0
10-25 10:00,0.0
10-25 10:15,0.0
10-25 10:30,0.0
10-25 10:45,0.0
10-25 11:00,0.0
10-25 11:15,3004.9116006714285
10-25 11:30,0.0
10-25 11:45,0.0
10-25 12:00,0.0
10-25 12:15,0.0
10-25 12:30,0.0
10-25 12:45,0.0
10-25 13:00,4586.787043985716
10-25 13:15,0.0
10-25 13:30,0.0
10-25 13:45,0.0
10-25 14:00,5136.875407657143
10-25 14:15,0.0
10-25 14:30,0.0
10-25 14:45,2166.897874771429
10-25 15:00,0.0
10-25 15:15,0.0
10-25 15:30,0.0
10-25 15:45,0.0
10-25 16:00,6211.674182428572
10-25 16:15,0.0
10-25 16:30,0.0
10-25 16:45,2032.7762213285712
10-25 17:00,0.0
10-25 17:15,0.0
10-25 17:30,0.0
10-25 17:45,0.0
10-25 18:00,0.0
10-25 18:15,2886.042337485714
10-25 18:30,0.0
10-25 18:45,0.0
10-25 19:00,0.0
10-25 19:15,0.0
10-25 19:30,0.0
10-25 19:45,0.0
10-25 20:00,0.0
10-25 20:15,4136.931383128571
10-25 20:30,0.0
10-25 20:45,0.0
10-25 21:00,0.0
10-25 21:15,0.0
10-25 21:30,0.0
10-25 21:45,0.0
10-25 22:00,0.0
10-25 22:15,0.0
10-25 22:30,0.0
10-25 22:45,0.0
10-25 23:00,0.0
10-25 23:15,0.0
10-25 23:30,535.9618863828572
10-25 23:45,0.0
10-26 00:00,0.0
10-26 00:15,0.0
10-26 00:30,0.0
10-26 00:45,0.0
10-26 01:00,0.0
10-26 01:15,0.0
10-26 01:30,0.0
10-26 01:45,0.0
10-26 02:00,0.0
10-26 02:15,0.0
10-26 02:30,0.0
10-26 02:45,0.0
10-26 03:00,1484.2857142857142
10-26 03:15,1484.2857142857142
10-26 03:30,1484.2857142857142
10-26 03:45,1484.2857142857142
10-26 04:00,0.0
10-26 04:15,0.0
10-26 04:30,0.0
10-26 04:45,0.0
10-26 05:00,1484.2857142857142
10-26 05:15,662.0772045699549
10-26 05:30,1484.2857142857142
10-26 05:45,1484.2857142857142
10-26 06:00,0.0
10-26 06:15,0.0
10-26 06:30,0.0
10-26 06:45,0.0
10-26 07:00,0.0
10-26 07:15,0.0
10-26 07:30,0.0
10-26 07:45,3007.4688095285715
10-26 08:00,0.0
10-26 08:15,0.0
10-26 08:30,0.0
10-26 08:45,0.0
10-26 09:00,0.0
10-26 09:15,0.0
10-26 09:30,2754.696271971429
10-26 09:45,2225.9064702571427
10-26 10:00,0.0
10-26 10:15,0.0
10-26 10:30,0.0
10-26 10:45,0.0
10-26 11:00,1484.2857142857142
10-26 11:15,1484.2857142857142
10-26 11:30,1484.2857142857142
10-26 11:45,2029.558228418572
10-26 12:00,1889.5293870942853
10-26 12:15,1484.2857142857142
10-26 12:30,1484.2857142857142
10-26 12:45,2015.493483725714
10-26 13:00,1484.2857142857142
10-26 13:15,1484.2857142857142
10-26 13:30,1484.2857142857142
10-26 13:45,1484.2857142857142
10-26 14:00,0.0
10-26 14:15,0.0
10-26 14:30,0.0
10-26 14:45,0.0
10-26 15:00,0.0
10-26 15:15,0.0
10-26 15:30,2702.6071507714287
10-26 15:45,0.0
10-26 16:00,2940.7323473857145
10-26 16:15,0.0
10-26 16:30,0.0
10-26 16:45,0.0
10-26 17:00,0.0
10-26 17:15,0.0
10-26 17:30,0.0
10-26 17:45,0.0
10-26 18:00,0.0
10-26 18:15,0.0
10-26 18:30,0.0
10-26 18:45,0.0
10-26 19:00,0.0
10-26 19:15,0.0
10-26 19:30,0.0
10-26 19:45,1249.9149707285717
10-26 20:00,0.0
10-26 20:15,0.0
10-26 20:30,0.0
10-26 20:45,0.0
10-26 21:00,0.0
10-26 21:15,0.0
10-26 21:30,0.0
10-26 21:45,0.0
10-26 22:00,2081.430009902857
10-26 22:15,2172.5972470271427
10-26 22:30,1484.2857142857142
10-26 22:45,1484.2857142857142
10-26 23:00,1484.2857142857142
10-26 23:15,1484.2857142857142
10-26 23:30,1484.2857142857142
10-26 23:45,1964.9212279728567
10-27 00:00,1484.2857142857142
10-27 00:15,1484.2857142857142
10-27 00:30,1484.2857142857142
10-27 00:45,1484.2857142857142
10-27 01:00,1484.2857142857142
10-27 01:15,1484.2857142857142
10-27 01:30,1484.2857142857142
10-27 01:45,1484.2857142857142
10-27 02:00,1484.2857142857142
10-27 02:15,1484.2857142857142
10-27 02:30,1484.2857142857142
10-27 02:45,1484.2857142857142
10-27 03:00,1484.2857142857142
10-27 03:15,1484.2857142857142
10-27 03:30,1484.2857142857142
10-27 03:45,6422.1014706000005
10-27 04:00,1484.2857142857142
10-27 04:15,1484.2857142857142
10-27 04:30,1484.2857142857142
10-27 04:45,1484.2857142857142
10-27 05:00,0.0
10-27 05:15,0.0
10-27 05:30,0.0
10-27 05:45,0.0
10-27 06:00,0.0
10-27 06:15,0.0
10-27 06:30,4338.2273916
10-27 06:45,1484.2857142857142
10-27 07:00,0.0
10-27 07:15,0.0
10-27 07:30,0.0
10-27 07:45,0.0
10-27 08:00,0.0
10-27 08:15,0.0
10-27 08:30,0.0
10-27 08:45,0.0
10-27 09:00,0.0
10-27 09:15,0.0
10-27 09:30,0.0
10-27 09:45,0.0
10-27 10:00,0.0
10-27 10:15,0.0
10-27 10:30,0.0
10-27 10:45,0.0
10-27 11:00,0.0
10-27 11:15,0.0
10-27 11:30,0.0
10-27 11:45,0.0
10-27 12:00,0.0
10-27 12:15,0.0
10-27 12:30,0.0
10-27 12:45,0.0
10-27 13:00,0.0
10-27 13:15,0.0
10-27 13:30,0.0
10-27 13:45,0.0
10-27 14:00,0.0
10-27 14:15,0.0
10-27 14:30,0.0
10-27 14:45,0.0
10-27 15:00,0.0
10-27 15:15,0.0
10-27 15:30,0.0
10-27 15:45,0.0
10-27 16:00,0.0
10-27 16:15,0.0
10-27 16:30,3940.235801571428
10-27 16:45,0.0
10-27 17:00,0.0
10-27 17:15,0.0
10-27 17:30,0.0
10-27 17:45,0.0
10-27 18:00,0.0
10-27 18:15,10038.945257971429
10-27 18:30,0.0
10-27 18:45,3117.6053353714283
10-27 19:00,0.0
10-27 19:15,0.0
10-27 19:30,0.0
10-27 19:45,0.0
10-27 20:00,0.0
10-27 20:15,0.0
10-27 20:30,0.0
10-27 20:45,0.0
10-27 21:00,0.0
10-27 21:15,0.0
10-27 21:30,0.0
10-27 21:45,0.0
10-27 22:00,0.0
10-27 22:15,0.0
10-27 22:30,0.0
10-27 22:45,0.0
10-27 23:00,2089.13618758
10-27 23:15,1484.2857142857142
10-27 23:30,1484.2857142857142
10-27 23:45,1484.2857142857142
10-28 00:00,1484.2857142857142
10-28 00:15,1016.7417588442822
10-28 00:30,0.0
10-28 00:45,0.0
10-28 01:00,0.0
10-28 01:15,0.0
10-28 01:30,0.0
10-28 01:45,0.0
10-28 02:00,0.0
10-28 02:15,0.0
10-28 02:30,0.0
10-28 02:45,0.0
10-28 03:00,0.0
10-28 03:15,0.0
10-28 03:30,0.0
10-28 03:45,0.0
10-28 04:00,0.0
10-28 04:15,0.0
10-28 04:30,0.0
10-28 04:45,0.0
10-28 05:00,0.0
10-28 05:15,0.0
10-28 05:30,0.0
10-28 05:45,0.0
10-28 06:00,0.0
10-28 06:15,0.0
10-28 06:30,0.0
10-28 06:45,0.0
10-28 07:00,0.0
10-28 07:15,0.0
10-28 07:30,3378.2586211000003
10-28 07:45,0.0
10-28 08:00,1707.3127813285714
10-28 08:15,0.0
10-28 08:30,0.0
10-28 08:45,5395.707382657143
10-28 09:00,0.0
10-28 09:15,0.0
10-28 09:30,0.0
10-28 09:45,0.0
10-28 10:00,0.0
10-28 10:15,3960.555635100001
10-28 10:30,0.0
10-28 10:45,0.0
10-28 11:00,0.0
10-28 11:15,0.0
10-28 11:30,0.0
10-28 11:45,0.0
10-28 12:00,0.0
10-28 12:15,0.0
10-28 12:30,0.0
10-28 12:45,0.0
10-28 13:00,0.0
10-28 13:15,0.0
10-28 13:30,0.0
10-28 13:45,0.0
10-28 14:00,0.0
10-28 14:15,0.0
10-28 14:30,4094.703757642858
10-28 14:45,0.0
10-28 15:00,0.0
10-28 15:15,0.0
10-28 15:30,0.0
10-28 15:45,0.0
10-28 16:00,0.0
10-28 16:15,0.0
10-28 16:30,3744.278626828572
10-28 16:45,0.0
10-28 17:00,0.0
10-28 17:15,0.0
10-28 17:30,0.0
10-28 17:45,0.0
10-28 18:00,0.0
10-28 18:15,0.0
10-28 18:30,0.0
10-28 18:45,0.0
10-28 19:00,0.0
10-28 19:15,0.0
10-28 19:30,0.0
10-28 19:45,0.0
10-28 20:00,0.0
10-28 20:15,0.0
10-28 20:30,0.0
10-28 20:45,0.0
10-28 21:00,0.0
10-28 21:15,0.0
10-28 21:30,0.0
10-28 21:45,0.0
10-28 22:00,0.0
10-28 22:15,0.0
10-28 22:30,0.0
10-28 22:45,0.0
10-28 23:00,0.0
10-28 23:15,0.0
10-28 23:30,0.0
10-28 23:45,0.0
10-29 00:00,0.0
10-29 00:15,0.0
10-29 00:30,0.0
10-29 00:45,0.0
10-29 01:00,0.0
10-29 01:15,0.0
10-29 01:30,0.0
10-29 01:45,0.0
10-29 02:00,0.0
10-29 02:15,0.0
10-29 02:30,0.0
10-29 02:45,0.0
10-29 03:00,0.0
10-29 03:15,0.0
10-29 03:30,0.0
10-29 03:45,0.0
10-29 04:00,0.0
10-29 04:15,0.0
10-29 04:30,0.0
10-29 04:45,0.0
10-29 05:00,0.0
10-29 05:15,0.0
10-29 05:30,0.0
10-29 05:45,0.0
10-29 06:00,0.0
10-29 06:15,0.0
10-29 06:30,0.0
10-29 06:45,0.0
10-29 07:00,0.0
10-29 07:15,0.0
10-29 07:30,0.0
10-29 07:45,1606.3598149
10-29 08:00,0.0
10-29 08:15,0.0
10-29 08:30,0.0
10-29 08:45,0.0
10-29 09:00,0.0
10-29 09:15,0.0
10-29 09:30,0.0
10-29 09:45,0.0
10-29 10:00,0.0
10-29 10:15,0.0
10-29 10:30,5498.061119
10-29 10:45,0.0
10-29 11:00,0.0
10-29 11:15,0.0
10-29 11:30,0.0
10-29 11:45,0.0
10-29 12:00,0.0
10-29 12:15,0.0
10-29 12:30,0.0
10-29 12:45,0.0
10-29 13:00,0.0
10-29 13:15,0.0
10-29 13:30,3691.2206448571424
10-29 13:45,0.0
10-29 14:00,0.0
10-29 14:15,0.0
10-29 14:30,0.0
10-29 14:45,0.0
10-29 15:00,0.0
10-29 15:15,0.0
10-29 15:30,0.0
10-29 15:45,0.0
10-29 16:00,0.0
10-29 16:15,0.0
10-29 16:30,0.0
10-29 16:45,0.0
10-29 17:00,0.0
10-29 17:15,0.0
10-29 17:30,0.0
10-29 17:45,0.0
10-29 18:00,0.0
10-29 18:15,0.0
10-29 18:30,0.0
10-29 18:45,0.0
10-29 19:00,0.0
10-29 19:15,0.0
10-29 19:30,0.0
10-29 19:45,0.0
10-29 20:00,0.0
10-29 20:15,3147.6015160714296
10-29 20:30,0.0
10-29 20:45,0.0
10-29 21:00,0.0
10-29 21:15,0.0
10-29 21:30,3403.4500323285715
10-29 21:45,0.0
10-29 22:00,0.0
10-29 22:15,0.0
10-29 22:30,0.0
10-29 22:45,0.0
10-29 23:00,0.0
10-29 23:15,0.0
10-29 23:30,0.0
10-29 23:45,0.0
10-30 00:00,0.0
10-30 00:15,0.0
10-30 00:30,0.0
10-30 00:45,0.0
10-30 01:00,0.0
10-30 01:15,0.0
10-30 01:30,0.0
10-30 01:45,0.0
10-30 02:00,0.0
10-30 02:15,0.0
10-30 02:30,0.0
10-30 02:45,4101.4633466000005
10-30 03:00,0.0
10-30 03:15,0.0
10-30 03:30,0.0
10-30 03:45,0.0
10-30 04:00,0.0
10-30 04:15,0.0
10-30 04:30,0.0
10-30 04:45,0.0
10-30 05:00,0.0
10-30 05:15,0.0
10-30 05:30,0.0
10-30 05:45,0.0
10-30 06:00,0.0
10-30 06:15,0.0
10-30 06:30,0.0
10-30 06:45,0.0
10-30 07:00,0.0
10-30 07:15,0.0
10-30 07:30,0.0
10-30 07:45,0.0
10-30 08:00,0.0
10-30 08:15,0.0
10-30 08:30,0.0
10-30 08:45,0.0
10-30 09:00,0.0
10-30 09:15,0.0
10-30 09:30,0.0
10-30 09:45,0.0
10-30 10:00,0.0
10-30 10:15,0.0
10-30 10:30,0.0
10-30 10:45,0.0
10-30 11:00,0.0
10-30 11:15,0.0
10-30 11:30,0.0
10-30 11:45,0.0
10-30 12:00,0.0
10-30 12:15,0.0
10-30 12:30,0.0
10-30 12:45,0.0
10-30 13:00,0.0
10-30 13:15,0.0
10-30 13:30,0.0
10-30 13:45,0.0
10-30 14:00,0.0
10-30 14:15,0.0
10-30 14:30,0.0
10-30 14:45,0.0
10-30 15:00,0.0
10-30 15:15,0.0
10-30 15:30,0.0
10-30 15:45,0.0
10-30 16:00,0.0
10-30 16:15,0.0
10-30 16:30,0.0
10-30 16:45,0.0
10-30 17:00,0.0
10-30 17:15,0.0
10-30 17:30,0.0
10-30 17:45,0.0
10-30 18:00,0.0
10-30 18:15,0.0
10-30 18:30,0.0
10-30 18:45,0.0
10-30 19:00,0.0
10-30 19:15,0.0
10-30 19:30,0.0
10-30 19:45,0.0
10-30 20:00,0.0
10-30 20:15,3378.213542271429
10-30 20:30,0.0
10-30 20:45,0.0
10-30 21:00,0.0
10-30 21:15,0.0
10-30 21:30,0.0
10-30 21:45,0.0
10-30 22:00,0.0
10-30 22:15,0.0
10-30 22:30,0.0
10-30 22:45,0.0
10-30 23:00,0.0
10-30 23:15,0.0
10-30 23:30,0.0
10-30 23:45,0.0
10-31 00:00,0.0
10-31 00:15,0.0
10-31 00:30,0.0
10-31 00:45,0.0
10-31 01:00,0.0
10-31 01:15,0.0
10-31 01:30,0.0
10-31 01:45,0.0
10-31 02:00,0.0
10-31 02:15,0.0
10-31 02:30,0.0
10-31 02:45,0.0
10-31 03:00,1484.2857142857142
10-31 03:15,1484.2857142857142
10-31 03:30,1484.2857142857142
10-31 03:45,1484.2857142857142
10-31 04:00,1392.664336334306
10-31 04:15,0.0
10-31 04:30,0.0
10-31 04:45,0.0
10-31 05:00,0.0
10-31 05:15,0.0
10-31 05:30,0.0
10-31 05:45,0.0
10-31 06:00,0.0
10-31 06:15,3119.775558828572
10-31 06:30,0.0
10-31 06:45,3237.122986257144
10-31 07:00,0.0
10-31 07:15,0.0
10-31 07:30,0.0
10-31 07:45,0.0
10-31 08:00,0.0
10-31 08:15,0.0
10-31 08:30,0.0
10-31 08:45,0.0
10-31 09:00,0.0
10-31 09:15,0.0
10-31 09:30,0.0
10-31 09:45,0.0
10-31 10:00,0.0
10-31 10:15,0.0
10-31 10:30,0.0
10-31 10:45,0.0
10-31 11:00,0.0
10-31 11:15,0.0
10-31 11:30,3526.401447342857
10-31 11:45,0.0
10-31 12:00,0.0
10-31 12:15,0.0
10-31 12:30,0.0
10-31 12:45,2204.762176428572
10-31 13:00,4499.684257814287
10-31 13:15,0.0
10-31 13:30,0.0
10-31 13:45,0.0
10-31 14:00,0.0
10-31 14:15,0.0
10-31 14:30,0.0
10-31 14:45,0.0
10-31 15:00,0.0
10-31 15:15,0.0
10-31 15:30,511.0613641142861
10-31 15:45,0.0
10-31 16:00,0.0
10-31 16:15,0.0
10-31 16:30,0.0
10-31 16:45,0.0
10-31 17:00,0.0
10-31 17:15,1990.1070850714289
10-31 17:30,576.4722738142858
10-31 17:45,0.0
10-31 18:00,0.0
10-31 18:15,0.0
10-31 18:30,0.0
10-31 18:45,0.0
10-31 19:00,0.0
10-31 19:15,0.0
10-31 19:30,0.0
10-31 19:45,0.0
10-31 20:00,0.0
10-31 20:15,2230.6455035714284
10-31 20:30,0.0
10-31 20:45,0.0
10-31 21:00,0.0
10-31 21:15,0.0
10-31 21:30,0.0
10-31 21:45,0.0
10-31 22:00,0.0
10-31 22:15,0.0
10-31 22:30,0.0
10-31 22:45,0.0
10-31 23:00,0.0
10-31 23:15,0.0
10-31 23:30,0.0
10-31 23:45,0.0
11-01 00:00,0.0
11-01 00:15,0.0
11-01 00:30,0.0
11-01 00:45,0.0
11-01 01:00,0.0
11-01 01:15,0.0
11-01 01:30,0.0
11-01 01:45,0.0
11-01 02:00,0.0
11-01 02:15,0.0
11-01 02:30,0.0
11-01 02:45,0.0
11-01 03:00,0.0
11-01 03:15,0.0
11-01 03:30,0.0
11-01 03:45,0.0
11-01 04:00,1484.2857142857142
11-01 04:15,1484.2857142857142
11-01 04:30,1383.0499158657155
11-01 04:45,1484.2857142857142
11-01 05:00,1484.2857142857142
11-01 05:15,1484.2857142857142
11-01 05:30,1484.2857142857142
11-01 05:45,1484.2857142857142
11-01 06:00,0.0
11-01 06:15,0.0
11-01 06:30,0.0
11-01 06:45,0.0
11-01 07:00,0.0
11-01 07:15,0.0
11-01 07:30,0.0
11-01 07:45,0.0
11-01 08:00,0.0
11-01 08:15,0.0
11-01 08:30,0.0
11-01 08:45,2843.6841469
11-01 09:00,0.0
11-01 09:15,0.0
11-01 09:30,0.0
11-01 09:45,0.0
11-01 10:00,0.0
11-01 10:15,0.0
11-01 10:30,2240.1679600714288
11-01 10:45,2719.572503571429
11-01 11:00,0.0
11-01 11:15,0.0
11-01 11:30,0.0
11-01 11:45,0.0
11-01 12:00,0.0
11-01 12:15,0.0
11-01 12:30,0.0
11-01 12:45,0.0
11-01 13:00,0.0
11-01 13:15,0.0
11-01 13:30,0.0
11-01 13:45,0.0
11-01 14:00,0.0
11-01 14:15,0.0
11-01 14:30,0.0
11-01 14:45,0.0
11-01 15:00,0.0
11-01 15:15,0.0
11-01 15:30,0.0
11-01 15:45,0.0
11-01 16:00,0.0
11-01 16:15,0.0
11-01 16:30,0.0
11-01 16:45,2608.441383328572
11-01 17:00,0.0
11-01 17:15,0.0
11-01 17:30,0.0
11-01 17:45,0.0
11-01 18:00,0.0
11-01 18:15,0.0
11-01 18:30,0.0
11-01 18:45,0.0
11-01 19:00,0.0
11-01 19:15,0.0
11-01 19:30,0.0
11-01 19:45,0.0
11-01 20:00,0.0
11-01 20:15,0.0
11-01 20:30,0.0
11-01 20:45,0.0
11-01 21:00,0.0
11-01 21:15,0.0
11-01 21:30,0.0
11-01 21:45,0.0
11-01 22:00,0.0
11-01 22:15,0.0
11-01 22:30,0.0
11-01 22:45,0.0
11-01 23:00,0.0
11-01 23:15,0.0
11-01 23:30,0.0
11-01 23:45,0.0
11-02 00:00,0.0
11-02 00:15,0.0
11-02 00:30,0.0
11-02 00:45,0.0
11-02 01:00,0.0
11-02 01:15,402.7922182657143
11-02 01:30,0.0
11-02 01:45,0.0
11-02 02:00,0.0
11-02 02:15,0.0
11-02 02:30,0.0
11-02 02:45,0.0
11-02 03:00,1484.2857142857142
11-02 03:15,1484.2857142857142
11-02 03:30,1484.2857142857142
11-02 03:45,1484.2857142857142
11-02 04:00,1484.2857142857142
11-02 04:15,1484.2857142857142
11-02 04:30,1484.2857142857142
11-02 04:45,1484.2857142857142
11-02 05:00,1484.2857142857142
11-02 05:15,1484.2857142857142
11-02 05:30,1484.2857142857142
11-02 05:45,1484.2857142857142
11-02 06:00,0.0
11-02 06:15,0.0
11-02 06:30,0.0
11-02 06:45,0.0
11-02 07:00,0.0
11-02 07:15,0.0
11-02 07:30,0.0
11-02 07:45,0.0
11-02 08:00,0.0
11-02 08:15,0.0
11-02 08:30,0.0
11-02 08:45,0.0
11-02 09:00,0.0
11-02 09:15,0.0
11-02 09:30,0.0
11-02 09:45,2899.092688342858
11-02 10:00,0.0
11-02 10:15,0.0
11-02 10:30,0.0
11-02 10:45,0.0
11-02 11:00,0.0
11-02 11:15,0.0
11-02 11:30,0.0
11-02 11:45,0.0
11-02 12:00,0.0
11-02 12:15,0.0
11-02 12:30,0.0
11-02 12:45,0.0
11-02 13:00,0.0
11-02 13:15,0.0
11-02 13:30,0.0
11-02 13:45,0.0
11-02 14:00,0.0
11-02 14:15,0.0
11-02 14:30,1084.9107019285718
11-02 14:45,0.0
11-02 15:00,0.0
11-02 15:15,0.0
11-02 15:30,0.0
11-02 15:45,0.0
11-02 16:00,0.0
11-02 16:15,0.0
11-02 16:30,0.0
11-02 16:45,0.0
11-02 17:00,0.0
11-02 17:15,0.0
11-02 17:30,0.0
11-02 17:45,0.0
11-02 18:00,0.0
11-02 18:15,0.0
11-02 18:30,0.0
11-02 18:45,0.0
11-02 19:00,0.0
11-02 19:15,0.0
11-02 19:30,0.0
11-02 19:45,0.0
11-02 20:00,0.0
11-02 20:15,0.0
11-02 20:30,0.0
11-02 20:45,0.0
11-02 21:00,0.0
11-02 21:15,0.0
11-02 21:30,0.0
11-02 21:45,0.0
11-02 22:00,0.0
11-02 22:15,0.0
11-02 22:30,0.0
11-02 22:45,0.0
11-02 23:00,0.0
11-02 23:15,0.0
11-02 23:30,0.0
11-02 23:45,0.0
11-03 00:00,1484.2857142857142
11-03 00:15,1484.2857142857142
11-03 00:30,1484.2857142857142
11-03 00:45,1484.2857142857142
11-03 01:00,1484.2857142857142
11-03 01:15,1484.2857142857142
11-03 01:30,1484.2857142857142
11-03 01:45,1484.2857142857142
11-03 02:00,1484.2857142857142
11-03 02:15,1484.2857142857142
11-03 02:30,1484.2857142857142
11-03 02:45,1484.2857142857142
11-03 03:00,1484.2857142857142
11-03 03:15,1484.2857142857142
11-03 03:30,1484.2857142857142
11-03 03:45,1484.2857142857142
11-03 04:00,1484.2857142857142
11-03 04:15,1484.2857142857142
11-03 04:30,1484.2857142857142
11-03 04:45,1484.2857142857142
11-03 05:00,1484.2857142857142
11-03 05:15,1484.2857142857142
11-03 05:30,5610.063224171429
11-03 05:45,1484.2857142857142
11-03 06:00,1484.2857142857142
11-03 06:15,1484.2857142857142
11-03 06:30,1484.2857142857142
11-03 06:45,7618.844088857142
11-03 07:00,2068.663072278572
11-03 07:15,2178.8959924185715
11-03 07:30,1484.2857142857142
11-03 07:45,7140.117146257144
11-03 08:00,0.0
11-03 08:15,0.0
11-03 08:30,3773.1940376142857
11-03 08:45,0.0
11-03 09:00,0.0
11-03 09:15,0.0
11-03 09:30,0.0
11-03 09:45,0.0
11-03 10:00,882.3729128285717
11-03 10:15,0.0
11-03 10:30,0.0
11-03 10:45,0.0
11-03 11:00,0.0
11-03 11:15,0.0
11-03 11:30,0.0
11-03 11:45,0.0
11-03 12:00,0.0
11-03 12:15,0.0
11-03 12:30,0.0
11-03 12:45,0.0
11-03 13:00,2972.895292742857
11-03 13:15,0.0
11-03 13:30,0.0
11-03 13:45,0.0
11-03 14:00,0.0
11-03 14:15,0.0
11-03 14:30,0.0
11-03 14:45,0.0
11-03 15:00,0.0
11-03 15:15,0.0
11-03 15:30,0.0
11-03 15:45,0.0
11-03 16:00,2247.9536146000005
11-03 16:15,0.0
11-03 16:30,0.0
11-03 16:45,0.0
11-03 17:00,0.0
11-03 17:15,0.0
11-03 17:30,0.0
11-03 17:45,0.0
11-03 18:00,0.0
11-03 18:15,0.0
11-03 18:30,0.0
11-03 18:45,0.0
11-03 19:00,0.0
11-03 19:15,0.0
11-03 19:30,0.0
11-03 19:45,0.0
11-03 20:00,0.0
11-03 20:15,0.0
11-03 20:30,0.0
11-03 20:45,0.0
11-03 21:00,0.0
11-03 21:15,0.0
11-03 21:30,0.0
11-03 21:45,0.0
11-03 22:00,0.0
11-03 22:15,0.0
11-03 22:30,0.0
11-03 22:45,0.0
11-03 23:00,0.0
11-03 23:15,0.0
11-03 23:30,0.0
11-03 23:45,0.0
11-04 00:00,0.0
11-04 00:15,0.0
11-04 00:30,0.0
11-04 00:45,0.0
11-04 01:00,0.0
11-04 01:15,0.0
11-04 01:30,0.0
11-04 01:45,0.0
11-04 02:00,1484.2857142857142
11-04 02:15,1484.2857142857142
11-04 02:30,1484.2857142857142
11-04 02:45,1484.2857142857142
11-04 03:00,1484.2857142857142
11-04 03:15,1484.2857142857142
11-04 03:30,1484.2857142857142
11-04 03:45,1484.2857142857142
11-04 04:00,1484.2857142857142
11-04 04:15,915.1681665048068
11-04 04:30,0.0
11-04 04:45,0.0
11-04 05:00,0.0
11-04 05:15,0.0
11-04 05:30,0.0
11-04 05:45,0.0
11-04 06:00,0.0
11-04 06:15,0.0
11-04 06:30,0.0
11-04 06:45,0.0
11-04 07:00,0.0
11-04 07:15,0.0
11-04 07:30,4678.017291557144
11-04 07:45,0.0
11-04 08:00,0.0
11-04 08:15,0.0
11-04 08:30,0.0
11-04 08:45,0.0
11-04 09:00,0.0
11-04 09:15,0.0
11-04 09:30,0.0
11-04 09:45,0.0
11-04 10:00,0.0
11-04 10:15,0.0
11-04 10:30,0.0
11-04 10:45,0.0
11-04 11:00,0.0
11-04 11:15,0.0
11-04 11:30,0.0
11-04 11:45,0.0
11-04 12:00,0.0
11-04 12:15,0.0
11-04 12:30,0.0
11-04 12:45,0.0
11-04 13:00,0.0
11-04 13:15,0.0
11-04 13:30,0.0
11-04 13:45,0.0
11-04 14:00,2052.152435885714
11-04 14:15,0.0
11-04 14:30,0.0
11-04 14:45,0.0
11-04 15:00,0.0
11-04 15:15,0.0
11-04 15:30,0.0
11-04 15:45,0.0
11-04 16:00,0.0
11-04 16:15,2857.826950628571
11-04 16:30,0.0
11-04 16:45,0.0
11-04 17:00,2087.379437828572
11-04 17:15,0.0
11-04 17:30,0.0
11-04 17:45,0.0
11-04 18:00,0.0
11-04 18:15,0.0
11-04 18:30,0.0
11-04 18:45,0.0
11-04 19:00,0.0
11-04 19:15,0.0
11-04 19:30,0.0
11-04 19:45,0.0
11-04 20:00,0.0
11-04 20:15,0.0
11-04 20:30,0.0
11-04 20:45,0.0
11-04 21:00,0.0
11-04 21:15,0.0
11-04 21:30,0.0
11-04 21:45,0.0
11-04 22:00,0.0
11-04 22:15,0.0
11-04 22:30,0.0
11-04 22:45,0.0
11-04 23:00,0.0
11-04 23:15,0.0
11-04 23:30,0.0
11-04 23:45,0.0
11-05 00:00,0.0
11-05 00:15,0.0
11-05 00:30,0.0
11-05 00:45,0.0
11-05 01:00,1484.2857142857142
11-05 01:15,1267.4832357585738
11-05 01:30,1484.2857142857142
11-05 01:45,0.0
11-05 02:00,0.0
11-05 02:15,0.0
11-05 02:30,0.0
11-05 02:45,0.0
11-05 03:00,1484.2857142857142
11-05 03:15,1484.2857142857142
11-05 03:30,1484.2857142857142
11-05 03:45,1484.2857142857142
11-05 04:00,0.0
11-05 04:15,0.0
11-05 04:30,720.9398662228597
11-05 04:45,0.0
11-05 05:00,0.0
11-05 05:15,0.0
11-05 05:30,0.0
11-05 05:45,0.0
11-05 06:00,0.0
11-05 06:15,0.0
11-05 06:30,0.0
11-05 06:45,0.0
11-05 07:00,0.0
11-05 07:15,0.0
11-05 07:30,0.0
11-05 07:45,0.0
11-05 08:00,0.0
11-05 08:15,2850.201182671429
11-05 08:30,0.0
11-05 08:45,0.0
11-05 09:00,0.0
11-05 09:15,0.0
11-05 09:30,0.0
11-05 09:45,0.0
11-05 10:00,0.0
11-05 10:15,0.0
11-05 10:30,0.0
11-05 10:45,0.0
11-05 11:00,1883.6655944
11-05 11:15,0.0
11-05 11:30,0.0
11-05 11:45,0.0
11-05 12:00,0.0
11-05 12:15,0.0
11-05 12:30,0.0
11-05 12:45,0.0
11-05 13:00,0.0
11-05 13:15,4934.4260812
11-05 13:30,0.0
11-05 13:45,0.0
11-05 14:00,0.0
11-05 14:15,0.0
11-05 14:30,0.0
11-05 14:45,0.0
11-05 15:00,0.0
11-05 15:15,2706.695118114286
11-05 15:30,0.0
11-05 15:45,0.0
11-05 16:00,0.0
11-05 16:15,0.0
11-05 16:30,0.0
11-05 16:45,0.0
11-05 17:00,0.0
11-05 17:15,0.0
11-05 17:30,0.0
11-05 17:45,0.0
11-05 18:00,0.0
11-05 18:15,0.0
11-05 18:30,0.0
11-05 18:45,0.0
11-05 19:00,0.0
11-05 19:15,0.0
11-05 19:30,0.0
11-05 19:45,0.0
11-05 20:00,0.0
11-05 20:15,0.0
11-05 20:30,0.0
11-05 20:45,0.0
11-05 21:00,0.0
11-05 21:15,0.0
11-05 21:30,0.0
11-05 21:45,0.0
11-05 22:00,0.0
11-05 22:15,0.0
11-05 22:30,0.0
11-05 22:45,0.0
11-05 23:00,0.0
11-05 23:15,0.0
11-05 23:30,0.0
11-05 23:45,0.0
11-06 00:00,0.0
11-06 00:15,0.0
11-06 00:30,0.0
11-06 00:45,0.0
11-06 01:00,0.0
11-06 01:15,0.0
11-06 01:30,0.0
11-06 01:45,0.0
11-06 02:00,0.0
11-06 02:15,0.0
11-06 02:30,0.0
11-06 02:45,0.0
11-06 03:00,0.0
11-06 03:15,0.0
11-06 03:30,0.0
11-06 03:45,0.0
11-06 04:00,0.0
11-06 04:15,0.0
11-06 04:30,0.0
11-06 04:45,0.0
11-06 05:00,0.0
11-06 05:15,0.0
11-06 05:30,0.0
11-06 05:45,0.0
11-06 06:00,0.0
11-06 06:15,0.0
11-06 06:30,0.0
11-06 06:45,0.0
11-06 07:00,0.0
11-06 07:15,0.0
11-06 07:30,0.0
11-06 07:45,0.0
11-06 08:00,0.0
11-06 08:15,0.0
11-06 08:30,0.0
11-06 08:45,0.0
11-06 09:00,0.0
11-06 09:15,0.0
11-06 09:30,0.0
11-06 09:45,0.0
11-06 10:00,0.0
11-06 10:15,0.0
11-06 10:30,0.0
11-06 10:45,0.0
11-06 11:00,0.0
11-06 11:15,0.0
11-06 11:30,0.0
11-06 11:45,0.0
11-06 12:00,0.0
11-06 12:15,0.0
11-06 12:30,0.0
11-06 12:45,0.0
11-06 13:00,0.0
11-06 13:15,0.0
11-06 13:30,0.0
11-06 13:45,0.0
11-06 14:00,0.0
11-06 14:15,0.0
11-06 14:30,0.0
11-06 14:45,3813.684989885715
11-06 15:00,0.0
11-06 15:15,0.0
11-06 15:30,0.0
11-06 15:45,266.0369328285715
11-06 16:00,0.0
11-06 16:15,0.0
11-06 16:30,0.0
11-06 16:45,0.0
11-06 17:00,0.0
11-06 17:15,0.0
11-06 17:30,2441.3611768
11-06 17:45,0.0
11-06 18:00,0.0
11-06 18:15,0.0
11-06 18:30,0.0
11-06 18:45,0.0
11-06 19:00,0.0
11-06 19:15,0.0
11-06 19:30,0.0
11-06 19:45,0.0
11-06 20:00,0.0
11-06 20:15,0.0
11-06 20:30,0.0
11-06 20:45,0.0
11-06 21:00,0.0
11-06 21:15,0.0
11-06 21:30,0.0
11-06 21:45,0.0
11-06 22:00,0.0
11-06 22:15,0.0
11-06 22:30,0.0
11-06 22:45,0.0
11-06 23:00,0.0
11-06 23:15,0.0
11-06 23:30,0.0
11-06 23:45,0.0
11-07 00:00,0.0
11-07 00:15,0.0
11-07 00:30,0.0
11-07 00:45,0.0
11-07 01:00,0.0
11-07 01:15,0.0
11-07 01:30,0.0
11-07 01:45,0.0
11-07 02:00,0.0
11-07 02:15,0.0
11-07 02:30,0.0
11-07 02:45,0.0
11-07 03:00,1484.2857142857142
11-07 03:15,1484.2857142857142
11-07 03:30,1484.2857142857142
11-07 03:45,1484.2857142857142
11-07 04:00,1484.2857142857142
11-07 04:15,1484.2857142857142
11-07 04:30,1346.296223104255
11-07 04:45,1484.2857142857142
11-07 05:00,0.0
11-07 05:15,0.0
11-07 05:30,0.0
11-07 05:45,0.0
11-07 06:00,0.0
11-07 06:15,0.0
11-07 06:30,0.0
11-07 06:45,0.0
11-07 07:00,0.0
11-07 07:15,0.0
11-07 07:30,0.0
11-07 07:45,0.0
11-07 08:00,0.0
11-07 08:15,0.0
11-07 08:30,0.0
11-07 08:45,0.0
11-07 09:00,0.0
11-07 09:15,0.0
11-07 09:30,0.0
11-07 09:45,0.0
11-07 10:00,0.0
11-07 10:15,0.0
11-07 10:30,0.0
11-07 10:45,0.0
11-07 11:00,0.0
11-07 11:15,0.0
11-07 11:30,0.0
11-07 11:45,0.0
11-07 12:00,0.0
11-07 12:15,0.0
11-07 12:30,0.0
11-07 12:45,0.0
11-07 13:00,0.0
11-07 13:15,0.0
11-07 13:30,0.0
11-07 13:45,0.0
11-07 14:00,0.0
11-07 14:15,0.0
11-07 14:30,0.0
11-07 14:45,0.0
11-07 15:00,0.0
11-07 15:15,0.0
11-07 15:30,6702.415813271429
11-07 15:45,3898.189875757143
11-07 16:00,0.0
11-07 16:15,0.0
11-07 16:30,0.0
11-07 16:45,0.0
11-07 17:00,0.0
11-07 17:15,0.0
11-07 17:30,0.0
11-07 17:45,0.0
11-07 18:00,0.0
11-07 18:15,0.0
11-07 18:30,0.0
11-07 18:45,0.0
11-07 19:00,0.0
11-07 19:15,0.0
11-07 19:30,0.0
11-07 19:45,0.0
11-07 20:00,0.0
11-07 20:15,0.0
11-07 20:30,0.0
11-07 20:45,0.0
11-07 21:00,0.0
11-07 21:15,0.0
11-07 21:30,0.0
11-07 21:45,0.0
11-07 22:00,0.0
11-07 22:15,0.0
11-07 22:30,0.0
11-07 22:45,0.0
11-07 23:00,0.0
11-07 23:15,0.0
11-07 23:30,0.0
11-07 23:45,0.0
11-08 00:00,1484.2857142857142
11-08 00:15,1484.2857142857142
11-08 00:30,1484.2857142857142
11-08 00:45,1484.2857142857142
11-08 01:00,1484.2857142857142
11-08 01:15,1484.2857142857142
11-08 01:30,1484.2857142857142
11-08 01:45,1484.2857142857142
11-08 02:00,1484.2857142857142
11-08 02:15,1484.2857142857142
11-08 02:30,1484.2857142857142
11-08 02:45,1484.2857142857142
11-08 03:00,1484.2857142857142
11-08 03:15,1484.2857142857142
11-08 03:30,1484.2857142857142
11-08 03:45,1484.2857142857142
11-08 04:00,0.0
11-08 04:15,0.0
11-08 04:30,0.0
11-08 04:45,0.0
11-08 05:00,0.0
11-08 05:15,0.0
11-08 05:30,0.0
11-08 05:45,0.0
11-08 06:00,0.0
11-08 06:15,0.0
11-08 06:30,0.0
11-08 06:45,0.0
11-08 07:00,0.0
11-08 07:15,0.0
11-08 07:30,0.0
11-08 07:45,0.0
11-08 08:00,0.0
11-08 08:15,0.0
11-08 08:30,0.0
11-08 08:45,0.0
11-08 09:00,0.0
11-08 09:15,0.0
11-08 09:30,0.0
11-08 09:45,0.0
11-08 10:00,0.0
11-08 10:15,0.0
11-08 10:30,0.0
11-08 10:45,0.0
11-08 11:00,0.0
11-08 11:15,0.0
11-08 11:30,0.0
11-08 11:45,0.0
11-08 12:00,0.0
11-08 12:15,0.0
11-08 12:30,0.0
11-08 12:45,0.0
11-08 13:00,0.0
11-08 13:15,0.0
11-08 13:30,0.0
11-08 13:45,0.0
11-08 14:00,0.0
11-08 14:15,0.0
11-08 14:30,0.0
11-08 14:45,0.0
11-08 15:00,0.0
11-08 15:15,0.0
11-08 15:30,0.0
11-08 15:45,0.0
11-08 16:00,0.0
11-08 16:15,0.0
11-08 16:30,0.0
11-08 16:45,0.0
11-08 17:00,0.0
11-08 17:15,0.0
11-08 17:30,0.0
11-08 17:45,0.0
11-08 18:00,0.0
11-08 18:15,0.0
11-08 18:30,0.0
11-08 18:45,0.0
11-08 19:00,0.0
11-08 19:15,0.0
11-08 19:30,0.0
11-08 19:45,0.0
11-08 20:00,0.0
11-08 20:15,0.0
11-08 20:30,0.0
11-08 20:45,0.0
11-08 21:00,0.0
11-08 21:15,0.0
11-08 21:30,0.0
11-08 21:45,0.0
11-08 22:00,0.0
11-08 22:15,0.0
11-08 22:30,0.0
11-08 22:45,0.0
11-08 23:00,0.0
11-08 23:15,0.0
11-08 23:30,0.0
11-08 23:45,0.0
11-09 00:00,0.0
11-09 00:15,0.0
11-09 00:30,0.0
11-09 00:45,0.0
11-09 01:00,0.0
11-09 01:15,0.0
11-09 01:30,0.0
11-09 01:45,0.0
11-09 02:00,0.0
11-09 02:15,0.0
11-09 02:30,0.0
11-09 02:45,0.0
11-09 03:00,0.0
11-09 03:15,0.0
11-09 03:30,0.0
11-09 03:45,0.0
11-09 04:00,0.0
11-09 04:15,0.0
11-09 04:30,0.0
11-09 04:45,0.0
11-09 05:00,0.0
11-09 05:15,0.0
11-09 05:30,0.0
11-09 05:45,0.0
11-09 06:00,0.0
11-09 06:15,0.0
11-09 06:30,0.0
11-09 06:45,0.0
11-09 07:00,2335.9034988571434
11-09 07:15,0.0
11-09 07:30,0.0
11-09 07:45,0.0
11-09 08:00,0.0
11-09 08:15,0.0
11-09 08:30,0.0
11-09 08:45,0.0
11-09 09:00,0.0
11-09 09:15,4082.2001716428576
11-09 09:30,0.0
11-09 09:45,4792.012251142857
11-09 10:00,0.0
11-09 10:15,0.0
11-09 10:30,0.0
11-09 10:45,0.0
11-09 11:00,0.0
11-09 11:15,0.0
11-09 11:30,0.0
11-09 11:45,0.0
11-09 12:00,0.0
11-09 12:15,0.0
11-09 12:30,0.0
11-09 12:45,0.0
11-09 13:00,0.0
11-09 13:15,0.0
11-09 13:30,0.0
11-09 13:45,0.0
11-09 14:00,0.0
11-09 14:15,0.0
11-09 14:30,0.0
11-09 14:45,0.0
11-09 15:00,0.0
11-09 15:15,0.0
11-09 15:30,0.0
11-09 15:45,0.0
11-09 16:00,0.0
11-09 16:15,1582.2492876857143
11-09 16:30,0.0
11-09 16:45,0.0
11-09 17:00,0.0
11-09 17:15,0.0
11-09 17:30,0.0
11-09 17:45,0.0
11-09 18:00,0.0
11-09 18:15,0.0
11-09 18:30,0.0
11-09 18:45,0.0
11-09 19:00,0.0
11-09 19:15,0.0
11-09 19:30,2106.556911528572
11-09 19:45,0.0
11-09 20:00,0.0
11-09 20:15,0.0
11-09 20:30,0.0
11-09 20:45,0.0
11-09 21:00,0.0
11-09 21:15,0.0
11-09 21:30,0.0
11-09 21:45,0.0
11-09 22:00,0.0
11-09 22:15,0.0
11-09 22:30,0.0
11-09 22:45,0.0
11-09 23:00,0.0
11-09 23:15,0.0
11-09 23:30,0.0
11-09 23:45,0.0
11-10 00:00,0.0
11-10 00:15,0.0
11-10 00:30,0.0
11-10 00:45,0.0
11-10 01:00,0.0
11-10 01:15,0.0
11-10 01:30,0.0
11-10 01:45,0.0
11-10 02:00,0.0
11-10 02:15,0.0
11-10 02:30,0.0
11-10 02:45,0.0
11-10 03:00,0.0
11-10 03:15,0.0
11-10 03:30,0.0
11-10 03:45,0.0
11-10 04:00,1484.2857142857142
11-10 04:15,1484.2857142857142
11-10 04:30,1484.2857142857142
11-10 04:45,1484.2857142857142
11-10 05:00,0.0
11-10 05:15,0.0
11-10 05:30,0.0
11-10 05:45,0.0
11-10 06:00,0.0
11-10 06:15,0.0
11-10 06:30,0.0
11-10 06:45,0.0
11-10 07:00,4608.7043398714295
11-10 07:15,0.0
11-10 07:30,0.0
11-10 07:45,0.0
11-10 08:00,0.0
11-10 08:15,0.0
11-10 08:30,0.0
11-10 08:45,4196.503887642858
11-10 09:00,0.0
11-10 09:15,0.0
11-10 09:30,0.0
11-10 09:45,0.0
11-10 10:00,0.0
11-10 10:15,0.0
11-10 10:30,0.0
11-10 10:45,0.0
11-10 11:00,0.0
11-10 11:15,0.0
11-10 11:30,0.0
11-10 11:45,2805.1865959285715
11-10 12:00,0.0
11-10 12:15,0.0
11-10 12:30,0.0
11-10 12:45,0.0
11-10 13:00,0.0
11-10 13:15,0.0
11-10 13:30,0.0
11-10 13:45,0.0
11-10 14:00,0.0
11-10 14:15,2089.7353124285714
11-10 14:30,0.0
11-10 14:45,0.0
11-10 15:00,0.0
11-10 15:15,0.0
11-10 15:30,0.0
11-10 15:45,0.0
11-10 16:00,3427.838734985715
11-10 16:15,0.0
11-10 16:30,0.0
11-10 16:45,0.0
11-10 17:00,2389.685676914286
11-10 17:15,0.0
11-10 17:30,0.0
11-10 17:45,0.0
11-10 18:00,2030.477545842857
11-10 18:15,2476.901527957143
11-10 18:30,4220.493019628571
11-10 18:45,0.0
11-10 19:00,0.0
11-10 19:15,0.0
11-10 19:30,0.0
11-10 19:45,0.0
11-10 20:00,0.0
11-10 20:15,0.0
11-10 20:30,0.0
11-10 20:45,0.0
11-10 21:00,0.0
11-10 21:15,0.0
11-10 21:30,0.0
11-10 21:45,0.0
11-10 22:00,0.0
11-10 22:15,0.0
11-10 22:30,0.0
11-10 22:45,0.0
11-10 23:00,0.0
11-10 23:15,0.0
11-10 23:30,0.0
11-10 23:45,0.0
11-11 00:00,0.0
11-11 00:15,0.0
11-11 00:30,0.0
11-11 00:45,0.0
11-11 01:00,0.0
11-11 01:15,0.0
11-11 01:30,0.0
11-11 01:45,0.0
11-11 02:00,0.0
11-11 02:15,0.0
11-11 02:30,0.0
11-11 02:45,0.0
11-11 03:00,0.0
11-11 03:15,0.0
11-11 03:30,0.0
11-11 03:45,0.0
11-11 04:00,0.0
11-11 04:15,0.0
11-11 04:30,0.0
11-11 04:45,0.0
11-11 05:00,1515.2958031142855
11-11 05:15,0.0
11-11 05:30,0.0
11-11 05:45,0.0
11-11 06:00,0.0
11-11 06:15,0.0
11-11 06:30,0.0
11-11 06:45,0.0
11-11 07:00,0.0
11-11 07:15,0.0
11-11 07:30,0.0
11-11 07:45,0.0
11-11 08:00,0.0
11-11 08:15,0.0
11-11 08:30,0.0
11-11 08:45,0.0
11-11 09:00,0.0
11-11 09:15,0.0
11-11 09:30,0.0
11-11 09:45,0.0
11-11 10:00,0.0
11-11 10:15,0.0
11-11 10:30,0.0
11-11 10:45,0.0
11-11 11:00,0.0
11-11 11:15,3548.2148061142866
11-11 11:30,0.0
11-11 11:45,0.0
11-11 12:00,0.0
11-11 12:15,0.0
11-11 12:30,0.0
11-11 12:45,2532.679646557144
11-11 13:00,0.0
11-11 13:15,0.0
11-11 13:30,0.0
11-11 13:45,0.0
11-11 14:00,0.0
11-11 14:15,0.0
11-11 14:30,0.0
11-11 14:45,0.0
11-11 15:00,0.0
11-11 15:15,3966.893997028571
11-11 15:30,0.0
11-11 15:45,1803.2447217428569
11-11 16:00,9831.285476242858
11-11 16:15,0.0
11-11 16:30,0.0
11-11 16:45,0.0
11-11 17:00,0.0
11-11 17:15,4528.2018653000005
11-11 17:30,0.0
11-11 17:45,0.0
11-11 18:00,0.0
11-11 18:15,0.0
11-11 18:30,0.0
11-11 18:45,0.0
11-11 19:00,0.0
11-11 19:15,0.0
11-11 19:30,0.0
11-11 19:45,0.0
11-11 20:00,0.0
11-11 20:15,0.0
11-11 20:30,0.0
11-11 20:45,0.0
11-11 21:00,1484.2857142857142
11-11 21:15,2152.256077405714
11-11 21:30,1484.2857142857142
11-11 21:45,1484.2857142857142
11-11 22:00,1484.2857142857142
11-11 22:15,1484.2857142857142
11-11 22:30,1484.2857142857142
11-11 22:45,1484.2857142857142
11-11 23:00,1484.2857142857142
11-11 23:15,1484.2857142857142
11-11 23:30,1843.4406734057145
11-11 23:45,1484.2857142857142
11-12 00:00,1856.582823105714
11-12 00:15,1484.2857142857142
11-12 00:30,1484.2857142857142
11-12 00:45,1484.2857142857142
11-12 01:00,1484.2857142857142
11-12 01:15,1484.2857142857142
11-12 01:30,1484.2857142857142
11-12 01:45,1484.2857142857142
11-12 02:00,1484.2857142857142
11-12 02:15,1484.2857142857142
11-12 02:30,1484.2857142857142
11-12 02:45,1484.2857142857142
11-12 03:00,1484.2857142857142
11-12 03:15,1484.2857142857142
11-12 03:30,1484.2857142857142
11-12 03:45,1484.2857142857142
11-12 04:00,1484.2857142857142
11-12 04:15,1484.2857142857142
11-12 04:30,1484.2857142857142
11-12 04:45,1484.2857142857142
11-12 05:00,0.0
11-12 05:15,0.0
11-12 05:30,0.0
11-12 05:45,0.0
11-12 06:00,0.0
11-12 06:15,0.0
11-12 06:30,0.0
11-12 06:45,0.0
11-12 07:00,0.0
11-12 07:15,0.0
11-12 07:30,0.0
11-12 07:45,0.0
11-12 08:00,0.0
11-12 08:15,0.0
11-12 08:30,0.0
11-12 08:45,0.0
11-12 09:00,0.0
11-12 09:15,0.0
11-12 09:30,0.0
11-12 09:45,0.0
11-12 10:00,3046.2439033714286
11-12 10:15,0.0
11-12 10:30,0.0
11-12 10:45,4736.967722414287
11-12 11:00,0.0
11-12 11:15,0.0
11-12 11:30,2527.260439185714
11-12 11:45,3750.1310739142864
11-12 12:00,0.0
11-12 12:15,0.0
11-12 12:30,0.0
11-12 12:45,0.0
11-12 13:00,0.0
11-12 13:15,0.0
11-12 13:30,3569.940142800001
11-12 13:45,0.0
11-12 14:00,0.0
11-12 14:15,0.0
11-12 14:30,0.0
11-12 14:45,0.0
11-12 15:00,0.0
11-12 15:15,0.0
11-12 15:30,0.0
11-12 15:45,4171.435813428571
11-12 16:00,0.0
11-12 16:15,0.0
11-12 16:30,0.0
11-12 16:45,0.0
11-12 17:00,0.0
11-12 17:15,0.0
11-12 17:30,0.0
11-12 17:45,0.0
11-12 18:00,0.0
11-12 18:15,0.0
11-12 18:30,0.0
11-12 18:45,0.0
11-12 19:00,0.0
11-12 19:15,0.0
11-12 19:30,0.0
11-12 19:45,0.0
11-12 20:00,0.0
11-12 20:15,0.0
11-12 20:30,0.0
11-12 20:45,0.0
11-12 21:00,0.0
11-12 21:15,0.0
11-12 21:30,0.0
11-12 21:45,0.0
11-12 22:00,0.0
11-12 22:15,0.0
11-12 22:30,0.0
11-12 22:45,0.0
11-12 23:00,0.0
11-12 23:15,0.0
11-12 23:30,0.0
11-12 23:45,0.0
11-13 00:00,0.0
11-13 00:15,0.0
11-13 00:30,28.72523510142397
11-13 00:45,0.0
11-13 01:00,0.0
11-13 01:15,0.0
11-13 01:30,0.0
11-13 01:45,0.0
11-13 02:00,0.0
11-13 02:15,0.0
11-13 02:30,0.0
11-13 02:45,0.0
11-13 03:00,0.0
11-13 03:15,0.0
11-13 03:30,0.0
11-13 03:45,0.0
11-13 04:00,0.0
11-13 04:15,0.0
11-13 04:30,0.0
11-13 04:45,0.0
11-13 05:00,0.0
11-13 05:15,0.0
11-13 05:30,0.0
11-13 05:45,0.0
11-13 06:00,0.0
11-13 06:15,0.0
11-13 06:30,0.0
11-13 06:45,0.0
11-13 07:00,0.0
11-13 07:15,0.0
11-13 07:30,0.0
11-13 07:45,0.0
11-13 08:00,0.0
11-13 08:15,0.0
11-13 08:30,0.0
11-13 08:45,0.0
11-13 09:00,0.0
11-13 09:15,0.0
11-13 09:30,0.0
11-13 09:45,0.0
11-13 10:00,0.0
11-13 10:15,0.0
11-13 10:30,0.0
11-13 10:45,0.0
11-13 11:00,0.0
11-13 11:15,0.0
11-13 11:30,0.0
11-13 11:45,0.0
11-13 12:00,2588.149578571429
11-13 12:15,0.0
11-13 12:30,0.0
11-13 12:45,0.0
11-13 13:00,2683.5368210000006
11-13 13:15,0.0
11-13 13:30,0.0
11-13 13:45,4659.266522542857
11-13 14:00,0.0
11-13 14:15,0.0
11-13 14:30,0.0
11-13 14:45,0.0
11-13 15:00,0.0
11-13 15:15,0.0
11-13 15:30,0.0
11-13 15:45,0.0
11-13 16:00,0.0
11-13 16:15,0.0
11-13 16:30,0.0
11-13 16:45,0.0
11-13 17:00,0.0
11-13 17:15,0.0
11-13 17:30,0.0
11-13 17:45,0.0
11-13 18:00,0.0
11-13 18:15,0.0
11-13 18:30,0.0
11-13 18:45,0.0
11-13 19:00,0.0
11-13 19:15,0.0
11-13 19:30,0.0
11-13 19:45,0.0
11-13 20:00,0.0
11-13 20:15,0.0
11-13 20:30,0.0
11-13 20:45,0.0
11-13 21:00,0.0
11-13 21:15,0.0
11-13 21:30,0.0
11-13 21:45,0.0
11-13 22:00,0.0
11-13 22:15,0.0
11-13 22:30,0.0
11-13 22:45,0.0
11-13 23:00,0.0
11-13 23:15,0.0
11-13 23:30,0.0
11-13 23:45,0.0
11-14 00:00,0.0
11-14 00:15,0.0
11-14 00:30,0.0
11-14 00:45,0.0
11-14 01:00,0.0
11-14 01:15,0.0
11-14 01:30,0.0
11-14 01:45,0.0
11-14 02:00,0.0
11-14 02:15,0.0
11-14 02:30,0.0
11-14 02:45,0.0
11-14 03:00,0.0
11-14 03:15,0.0
11-14 03:30,0.0
11-14 03:45,0.0
11-14 04:00,0.0
11-14 04:15,0.0
11-14 04:30,0.0
11-14 04:45,0.0
11-14 05:00,0.0
11-14 05:15,0.0
11-14 05:30,0.0
11-14 05:45,0.0
11-14 06:00,0.0
11-14 06:15,0.0
11-14 06:30,0.0
11-14 06:45,0.0
11-14 07:00,0.0
11-14 07:15,0.0
11-14 07:30,0.0
11-14 07:45,0.0
11-14 08:00,0.0
11-14 08:15,0.0
11-14 08:30,0.0
11-14 08:45,0.0
11-14 09:00,0.0
11-14 09:15,0.0
11-14 09:30,0.0
11-14 09:45,0.0
11-14 10:00,0.0
11-14 10:15,0.0
11-14 10:30,0.0
11-14 10:45,0.0
11-14 11:00,0.0
11-14 11:15,0.0
11-14 11:30,0.0
11-14 11:45,0.0
11-14 12:00,0.0
11-14 12:15,0.0
11-14 12:30,0.0
11-14 12:45,0.0
11-14 13:00,0.0
11-14 13:15,4104.493558571429
11-14 13:30,0.0
11-14 13:45,0.0
11-14 14:00,0.0
11-14 14:15,3733.553794071429
11-14 14:30,0.0
11-14 14:45,0.0
11-14 15:00,0.0
11-14 15:15,0.0
11-14 15:30,0.0
11-14 15:45,0.0
11-14 16:00,0.0
11-14 16:15,0.0
11-14 16:30,0.0
11-14 16:45,0.0
11-14 17:00,0.0
11-14 17:15,0.0
11-14 17:30,0.0
11-14 17:45,0.0
11-14 18:00,3202.1669202000007
11-14 18:15,0.0
11-14 18:30,0.0
11-14 18:45,0.0
11-14 19:00,0.0
11-14 19:15,1159.3436255428574
11-14 19:30,0.0
11-14 19:45,0.0
11-14 20:00,0.0
11-14 20:15,1092.3252959857143
11-14 20:30,0.0
11-14 20:45,0.0
11-14 21:00,0.0
11-14 21:15,0.0
11-14 21:30,0.0
11-14 21:45,0.0
11-14 22:00,0.0
11-14 22:15,0.0
11-14 22:30,0.0
11-14 22:45,0.0
11-14 23:00,0.0
11-14 23:15,0.0
11-14 23:30,0.0
11-14 23:45,0.0
11-15 00:00,1484.2857142857142
11-15 00:15,1484.2857142857142
11-15 00:30,1484.2857142857142
11-15 00:45,1484.2857142857142
11-15 01:00,1484.2857142857142
11-15 01:15,1484.2857142857142
11-15 01:30,1484.2857142857142
11-15 01:45,1484.2857142857142
11-15 02:00,1484.2857142857142
11-15 02:15,1484.2857142857142
11-15 02:30,1484.2857142857142
11-15 02:45,1484.2857142857142
11-15 03:00,2076.097140837143
11-15 03:15,1484.2857142857142
11-15 03:30,1484.2857142857142
11-15 03:45,1484.2857142857142
11-15 04:00,1484.2857142857142
11-15 04:15,1484.2857142857142
11-15 04:30,1484.2857142857142
11-15 04:45,1484.2857142857142
11-15 05:00,0.0
11-15 05:15,1484.2857142857142
11-15 05:30,1132.2432096044265
11-15 05:45,1484.2857142857142
11-15 06:00,0.0
11-15 06:15,0.0
11-15 06:30,0.0
11-15 06:45,0.0
11-15 07:00,0.0
11-15 07:15,0.0
11-15 07:30,0.0
11-15 07:45,0.0
11-15 08:00,0.0
11-15 08:15,0.0
11-15 08:30,0.0
11-15 08:45,0.0
11-15 09:00,0.0
11-15 09:15,0.0
11-15 09:30,0.0
11-15 09:45,0.0
11-15 10:00,0.0
11-15 10:15,0.0
11-15 10:30,0.0
11-15 10:45,0.0
11-15 11:00,0.0
11-15 11:15,0.0
11-15 11:30,0.0
11-15 11:45,0.0
11-15 12:00,0.0
11-15 12:15,0.0
11-15 12:30,0.0
11-15 12:45,3859.3474832428574
11-15 13:00,0.0
11-15 13:15,0.0
11-15 13:30,0.0
11-15 13:45,0.0
11-15 14:00,0.0
11-15 14:15,0.0
11-15 14:30,0.0
11-15 14:45,0.0
11-15 15:00,0.0
11-15 15:15,0.0
11-15 15:30,2311.773422285714
11-15 15:45,1450.8357083857145
11-15 16:00,0.0
11-15 16:15,0.0
11-15 16:30,0.0
11-15 16:45,0.0
11-15 17:00,3495.0035158571422
11-15 17:15,0.0
11-15 17:30,0.0
11-15 17:45,0.0
11-15 18:00,0.0
11-15 18:15,2657.986366914286
11-15 18:30,0.0
11-15 18:45,0.0
11-15 19:00,0.0
11-15 19:15,0.0
11-15 19:30,3154.8693108714283
11-15 19:45,0.0
11-15 20:00,2851.8922226714285
11-15 20:15,0.0
11-15 20:30,0.0
11-15 20:45,0.0
11-15 21:00,0.0
11-15 21:15,0.0
11-15 21:30,0.0
11-15 21:45,0.0
11-15 22:00,0.0
11-15 22:15,0.0
11-15 22:30,0.0
11-15 22:45,0.0
11-15 23:00,0.0
11-15 23:15,0.0
11-15 23:30,0.0
11-15 23:45,0.0
11-16 00:00,0.0
11-16 00:15,0.0
11-16 00:30,0.0
11-16 00:45,0.0
11-16 01:00,0.0
11-16 01:15,0.0
11-16 01:30,0.0
11-16 01:45,0.0
11-16 02:00,0.0
11-16 02:15,0.0
11-16 02:30,0.0
11-16 02:45,0.0
11-16 03:00,0.0
11-16 03:15,0.0
11-16 03:30,0.0
11-16 03:45,0.0
11-16 04:00,0.0
11-16 04:15,0.0
11-16 04:30,0.0
11-16 04:45,0.0
11-16 05:00,0.0
11-16 05:15,0.0
11-16 05:30,0.0
11-16 05:45,0.0
11-16 06:00,0.0
11-16 06:15,0.0
11-16 06:30,0.0
11-16 06:45,0.0
11-16 07:00,0.0
11-16 07:15,0.0
11-16 07:30,0.0
11-16 07:45,0.0
11-16 08:00,0.0
11-16 08:15,0.0
11-16 08:30,0.0
11-16 08:45,0.0
11-16 09:00,0.0
11-16 09:15,0.0
11-16 09:30,3923.034047700001
11-16 09:45,0.0
11-16 10:00,0.0
11-16 10:15,0.0
11-16 10:30,0.0
11-16 10:45,0.0
11-16 11:00,0.0
11-16 11:15,0.0
11-16 11:30,1253.9723680571428
11-16 11:45,0.0
11-16 12:00,0.0
11-16 12:15,0.0
11-16 12:30,0.0
11-16 12:45,0.0
11-16 13:00,0.0
11-16 13:15,0.0
11-16 13:30,0.0
11-16 13:45,0.0
11-16 14:00,0.0
11-16 14:15,0.0
11-16 14:30,0.0
11-16 14:45,0.0
11-16 15:00,0.0
11-16 15:15,0.0
11-16 15:30,2438.6577060142863
11-16 15:45,0.0
11-16 16:00,0.0
11-16 16:15,0.0
11-16 16:30,0.0
11-16 16:45,0.0
11-16 17:00,0.0
11-16 17:15,3933.815393
11-16 17:30,1468.1182104714285
11-16 17:45,0.0
11-16 18:00,5537.938484857144
11-16 18:15,0.0
11-16 18:30,0.0
11-16 18:45,0.0
11-16 19:00,0.0
11-16 19:15,0.0
11-16 19:30,0.0
11-16 19:45,0.0
11-16 20:00,0.0
11-16 20:15,0.0
11-16 20:30,0.0
11-16 20:45,0.0
11-16 21:00,0.0
11-16 21:15,0.0
11-16 21:30,0.0
11-16 21:45,0.0
11-16 22:00,0.0
11-16 22:15,0.0
11-16 22:30,0.0
11-16 22:45,0.0
11-16 23:00,1810.140034995714
11-16 23:15,1484.2857142857142
11-16 23:30,1484.2857142857142
11-16 23:45,1484.2857142857142
11-17 00:00,1484.2857142857142
11-17 00:15,1484.2857142857142
11-17 00:30,1484.2857142857142
11-17 00:45,1484.2857142857142
11-17 01:00,0.0
11-17 01:15,0.0
11-17 01:30,0.0
11-17 01:45,0.0
11-17 02:00,0.0
11-17 02:15,0.0
11-17 02:30,0.0
11-17 02:45,0.0
11-17 03:00,0.0
11-17 03:15,0.0
11-17 03:30,0.0
11-17 03:45,0.0
11-17 04:00,0.0
11-17 04:15,0.0
11-17 04:30,0.0
11-17 04:45,0.0
11-17 05:00,0.0
11-17 05:15,0.0
11-17 05:30,0.0
11-17 05:45,0.0
11-17 06:00,0.0
11-17 06:15,0.0
11-17 06:30,0.0
11-17 06:45,0.0
11-17 07:00,0.0
11-17 07:15,0.0
11-17 07:30,0.0
11-17 07:45,0.0
11-17 08:00,0.0
11-17 08:15,0.0
11-17 08:30,0.0
11-17 08:45,0.0
11-17 09:00,0.0
11-17 09:15,0.0
11-17 09:30,0.0
11-17 09:45,0.0
11-17 10:00,0.0
11-17 10:15,0.0
11-17 10:30,0.0
11-17 10:45,0.0
11-17 11:00,0.0
11-17 11:15,0.0
11-17 11:30,0.0
11-17 11:45,0.0
11-17 12:00,0.0
11-17 12:15,0.0
11-17 12:30,0.0
11-17 12:45,0.0
11-17 13:00,0.0
11-17 13:15,0.0
11-17 13:30,0.0
11-17 13:45,0.0
11-17 14:00,0.0
11-17 14:15,0.0
11-17 14:30,0.0
11-17 14:45,3124.6949399714285
11-17 15:00,0.0
11-17 15:15,0.0
11-17 15:30,0.0
11-17 15:45,0.0
11-17 16:00,0.0
11-17 16:15,0.0
11-17 16:30,0.0
11-17 16:45,0.0
11-17 17:00,7935.764145785715
11-17 17:15,0.0
11-17 17:30,0.0
11-17 17:45,0.0
11-17 18:00,0.0
11-17 18:15,3839.7042014285694
11-17 18:30,0.0
11-17 18:45,0.0
11-17 19:00,0.0
11-17 19:15,0.0
11-17 19:30,0.0
11-17 19:45,0.0
11-17 20:00,0.0
11-17 20:15,0.0
11-17 20:30,0.0
11-17 20:45,0.0
11-17 21:00,0.0
11-17 21:15,0.0
11-17 21:30,0.0
11-17 21:45,0.0
11-17 22:00,0.0
11-17 22:15,0.0
11-17 22:30,0.0
11-17 22:45,0.0
11-17 23:00,0.0
11-17 23:15,0.0
11-17 23:30,0.0
11-17 23:45,0.0
11-18 00:00,1484.2857142857142
11-18 00:15,1484.2857142857142
11-18 00:30,1484.2857142857142
11-18 00:45,1484.2857142857142
11-18 01:00,1484.2857142857142
11-18 01:15,1484.2857142857142
11-18 01:30,1484.2857142857142
11-18 01:45,1484.2857142857142
11-18 02:00,1484.2857142857142
11-18 02:15,1484.2857142857142
11-18 02:30,1484.2857142857142
11-18 02:45,1484.2857142857142
11-18 03:00,1484.2857142857142
11-18 03:15,1484.2857142857142
11-18 03:30,1484.2857142857142
11-18 03:45,1484.2857142857142
11-18 04:00,1484.2857142857142
11-18 04:15,1484.2857142857142
11-18 04:30,1484.2857142857142
11-18 04:45,1484.2857142857142
11-18 05:00,0.0
11-18 05:15,0.0
11-18 05:30,0.0
11-18 05:45,0.0
11-18 06:00,0.0
11-18 06:15,0.0
11-18 06:30,0.0
11-18 06:45,0.0
11-18 07:00,0.0
11-18 07:15,0.0
11-18 07:30,0.0
11-18 07:45,0.0
11-18 08:00,0.0
11-18 08:15,0.0
11-18 08:30,0.0
11-18 08:45,0.0
11-18 09:00,0.0
11-18 09:15,0.0
11-18 09:30,0.0
11-18 09:45,0.0
11-18 10:00,0.0
11-18 10:15,0.0
11-18 10:30,0.0
11-18 10:45,4787.48729467143
11-18 11:00,0.0
11-18 11:15,0.0
11-18 11:30,0.0
11-18 11:45,0.0
11-18 12:00,0.0
11-18 12:15,0.0
11-18 12:30,0.0
11-18 12:45,0.0
11-18 13:00,0.0
11-18 13:15,8616.386458514286
11-18 13:30,0.0
11-18 13:45,0.0
11-18 14:00,0.0
11-18 14:15,0.0
11-18 14:30,0.0
11-18 14:45,0.0
11-18 15:00,0.0
11-18 15:15,0.0
11-18 15:30,0.0
11-18 15:45,0.0
11-18 16:00,0.0
11-18 16:15,0.0
11-18 16:30,0.0
11-18 16:45,0.0
11-18 17:00,0.0
11-18 17:15,0.0
11-18 17:30,0.0
11-18 17:45,0.0
11-18 18:00,2992.3832601285712
11-18 18:15,0.0
11-18 18:30,1581.1069559
11-18 18:45,0.0
11-18 19:00,0.0
11-18 19:15,0.0
11-18 19:30,0.0
11-18 19:45,0.0
11-18 20:00,1994.8599840714285
11-18 20:15,0.0
11-18 20:30,0.0
11-18 20:45,0.0
11-18 21:00,0.0
11-18 21:15,0.0
11-18 21:30,0.0
11-18 21:45,0.0
11-18 22:00,0.0
11-18 22:15,0.0
11-18 22:30,0.0
11-18 22:45,0.0
11-18 23:00,1484.2857142857142
11-18 23:15,1484.2857142857142
11-18 23:30,1484.2857142857142
11-18 23:45,1484.2857142857142
11-19 00:00,1484.2857142857142
11-19 00:15,1484.2857142857142
11-19 00:30,1484.2857142857142
11-19 00:45,1484.2857142857142
11-19 01:00,1484.2857142857142
11-19 01:15,1484.2857142857142
11-19 01:30,1484.2857142857142
11-19 01:45,1484.2857142857142
11-19 02:00,1484.2857142857142
11-19 02:15,1484.2857142857142
11-19 02:30,1484.2857142857142
11-19 02:45,1484.2857142857142
11-19 03:00,1484.2857142857142
11-19 03:15,1484.2857142857142
11-19 03:30,1484.2857142857142
11-19 03:45,1484.2857142857142
11-19 04:00,1484.2857142857142
11-19 04:15,1484.2857142857142
11-19 04:30,1484.2857142857142
11-19 04:45,1484.2857142857142
11-19 05:00,0.0
11-19 05:15,0.0
11-19 05:30,0.0
11-19 05:45,0.0
11-19 06:00,0.0
11-19 06:15,0.0
11-19 06:30,0.0
11-19 06:45,0.0
11-19 07:00,0.0
11-19 07:15,0.0
11-19 07:30,0.0
11-19 07:45,0.0
11-19 08:00,0.0
11-19 08:15,0.0
11-19 08:30,0.0
11-19 08:45,0.0
11-19 09:00,0.0
11-19 09:15,0.0
11-19 09:30,0.0
11-19 09:45,0.0
11-19 10:00,0.0
11-19 10:15,0.0
11-19 10:30,0.0
11-19 10:45,0.0
11-19 11:00,0.0
11-19 11:15,0.0
11-19 11:30,0.0
11-19 11:45,0.0
11-19 12:00,0.0
11-19 12:15,0.0
11-19 12:30,0.0
11-19 12:45,0.0
11-19 13:00,0.0
11-19 13:15,0.0
11-19 13:30,0.0
11-19 13:45,0.0
11-19 14:00,2090.2452586000004
11-19 14:15,0.0
11-19 14:30,0.0
11-19 14:45,0.0
11-19 15:00,2959.966521357143
11-19 15:15,0.0
11-19 15:30,0.0
11-19 15:45,0.0
11-19 16:00,0.0
11-19 16:15,1501.004668714286
11-19 16:30,0.0
11-19 16:45,0.0
11-19 17:00,0.0
11-19 17:15,0.0
11-19 17:30,0.0
11-19 17:45,0.0
11-19 18:00,0.0
11-19 18:15,0.0
11-19 18:30,0.0
11-19 18:45,0.0
11-19 19:00,0.0
11-19 19:15,0.0
11-19 19:30,0.0
11-19 19:45,0.0
11-19 20:00,0.0
11-19 20:15,0.0
11-19 20:30,0.0
11-19 20:45,0.0
11-19 21:00,0.0
11-19 21:15,0.0
11-19 21:30,0.0
11-19 21:45,0.0
11-19 22:00,0.0
11-19 22:15,0.0
11-19 22:30,0.0
11-19 22:45,0.0
11-19 23:00,0.0
11-19 23:15,0.0
11-19 23:30,0.0
11-19 23:45,0.0
11-20 00:00,0.0
11-20 00:15,0.0
11-20 00:30,0.0
11-20 00:45,0.0
11-20 01:00,0.0
11-20 01:15,0.0
11-20 01:30,0.0
11-20 01:45,0.0
11-20 02:00,0.0
11-20 02:15,0.0
11-20 02:30,0.0
11-20 02:45,0.0
11-20 03:00,0.0
11-20 03:15,0.0
11-20 03:30,0.0
11-20 03:45,0.0
11-20 04:00,0.0
11-20 04:15,0.0
11-20 04:30,0.0
11-20 04:45,0.0
11-20 05:00,0.0
11-20 05:15,0.0
11-20 05:30,0.0
11-20 05:45,0.0
11-20 06:00,0.0
11-20 06:15,0.0
11-20 06:30,0.0
11-20 06:45,0.0
11-20 07:00,662.4646615428575
11-20 07:15,0.0
11-20 07:30,0.0
11-20 07:45,0.0
11-20 08:00,0.0
11-20 08:15,0.0
11-20 08:30,0.0
11-20 08:45,0.0
11-20 09:00,0.0
11-20 09:15,0.0
11-20 09:30,0.0
11-20 09:45,0.0
11-20 10:00,0.0
11-20 10:15,0.0
11-20 10:30,0.0
11-20 10:45,0.0
11-20 11:00,0.0
11-20 11:15,0.0
11-20 11:30,0.0
11-20 11:45,0.0
11-20 12:00,0.0
11-20 12:15,0.0
11-20 12:30,0.0
11-20 12:45,0.0
11-20 13:00,0.0
11-20 13:15,0.0
11-20 13:30,0.0
11-20 13:45,0.0
11-20 14:00,0.0
11-20 14:15,0.0
11-20 14:30,0.0
11-20 14:45,3240.338218157143
11-20 15:00,0.0
11-20 15:15,0.0
11-20 15:30,0.0
11-20 15:45,0.0
11-20 16:00,0.0
11-20 16:15,0.0
11-20 16:30,0.0
11-20 16:45,0.0
11-20 17:00,0.0
11-20 17:15,1865.7379211428567
11-20 17:30,0.0
11-20 17:45,0.0
11-20 18:00,0.0
11-20 18:15,0.0
11-20 18:30,0.0
11-20 18:45,0.0
11-20 19:00,0.0
11-20 19:15,0.0
11-20 19:30,0.0
11-20 19:45,0.0
11-20 20:00,2179.004884914286
11-20 20:15,0.0
11-20 20:30,0.0
11-20 20:45,0.0
11-20 21:00,0.0
11-20 21:15,0.0
11-20 21:30,0.0
11-20 21:45,0.0
11-20 22:00,0.0
11-20 22:15,0.0
11-20 22:30,0.0
11-20 22:45,0.0
11-20 23:00,0.0
11-20 23:15,0.0
11-20 23:30,0.0
11-20 23:45,0.0
11-21 00:00,0.0
11-21 00:15,0.0
11-21 00:30,0.0
11-21 00:45,0.0
11-21 01:00,0.0
11-21 01:15,0.0
11-21 01:30,0.0
11-21 01:45,0.0
11-21 02:00,0.0
11-21 02:15,0.0
11-21 02:30,0.0
11-21 02:45,0.0
11-21 03:00,0.0
11-21 03:15,0.0
11-21 03:30,0.0
11-21 03:45,0.0
11-21 04:00,0.0
11-21 04:15,0.0
11-21 04:30,0.0
11-21 04:45,0.0
11-21 05:00,0.0
11-21 05:15,0.0
11-21 05:30,0.0
11-21 05:45,0.0
11-21 06:00,0.0
11-21 06:15,0.0
11-21 06:30,0.0
11-21 06:45,0.0
11-21 07:00,2833.884088357144
11-21 07:15,0.0
11-21 07:30,0.0
11-21 07:45,0.0
11-21 08:00,0.0
11-21 08:15,0.0
11-21 08:30,0.0
11-21 08:45,0.0
11-21 09:00,0.0
11-21 09:15,0.0
11-21 09:30,0.0
11-21 09:45,0.0
11-21 10:00,0.0
11-21 10:15,4962.898435285714
11-21 10:30,5110.329820828572
11-21 10:45,0.0
11-21 11:00,0.0
11-21 11:15,0.0
11-21 11:30,0.0
11-21 11:45,0.0
11-21 12:00,0.0
11-21 12:15,0.0
11-21 12:30,0.0
11-21 12:45,0.0
11-21 13:00,0.0
11-21 13:15,0.0
11-21 13:30,0.0
11-21 13:45,0.0
11-21 14:00,0.0
11-21 14:15,0.0
11-21 14:30,0.0
11-21 14:45,0.0
11-21 15:00,0.0
11-21 15:15,0.0
11-21 15:30,0.0
11-21 15:45,0.0
11-21 16:00,0.0
11-21 16:15,0.0
11-21 16:30,0.0
11-21 16:45,0.0
11-21 17:00,0.0
11-21 17:15,0.0
11-21 17:30,0.0
11-21 17:45,0.0
11-21 18:00,0.0
11-21 18:15,0.0
11-21 18:30,0.0
11-21 18:45,0.0
11-21 19:00,0.0
11-21 19:15,0.0
11-21 19:30,0.0
11-21 19:45,0.0
11-21 20:00,0.0
11-21 20:15,0.0
11-21 20:30,0.0
11-21 20:45,0.0
11-21 21:00,0.0
11-21 21:15,0.0
11-21 21:30,0.0
11-21 21:45,0.0
11-21 22:00,0.0
11-21 22:15,0.0
11-21 22:30,0.0
11-21 22:45,0.0
11-21 23:00,0.0
11-21 23:15,0.0
11-21 23:30,0.0
11-21 23:45,0.0
11-22 00:00,0.0
11-22 00:15,0.0
11-22 00:30,0.0
11-22 00:45,0.0
11-22 01:00,0.0
11-22 01:15,0.0
11-22 01:30,0.0
11-22 01:45,0.0
11-22 02:00,0.0
11-22 02:15,0.0
11-22 02:30,0.0
11-22 02:45,0.0
11-22 03:00,0.0
11-22 03:15,0.0
11-22 03:30,0.0
11-22 03:45,0.0
11-22 04:00,0.0
11-22 04:15,0.0
11-22 04:30,0.0
11-22 04:45,0.0
11-22 05:00,0.0
11-22 05:15,0.0
11-22 05:30,0.0
11-22 05:45,0.0
11-22 06:00,0.0
11-22 06:15,0.0
11-22 06:30,0.0
11-22 06:45,0.0
11-22 07:00,1384.8600953714288
11-22 07:15,0.0
11-22 07:30,0.0
11-22 07:45,0.0
11-22 08:00,0.0
11-22 08:15,0.0
11-22 08:30,0.0
11-22 08:45,0.0
11-22 09:00,0.0
11-22 09:15,0.0
11-22 09:30,0.0
11-22 09:45,0.0
11-22 10:00,0.0
11-22 10:15,0.0
11-22 10:30,0.0
11-22 10:45,2631.218088357143
11-22 11:00,0.0
11-22 11:15,0.0
11-22 11:30,0.0
11-22 11:45,0.0
11-22 12:00,0.0
11-22 12:15,0.0
11-22 12:30,0.0
11-22 12:45,0.0
11-22 13:00,0.0
11-22 13:15,0.0
11-22 13:30,0.0
11-22 13:45,0.0
11-22 14:00,0.0
11-22 14:15,0.0
11-22 14:30,0.0
11-22 14:45,0.0
11-22 15:00,0.0
11-22 15:15,3764.087070714286
11-22 15:30,0.0
11-22 15:45,3598.290329571428
11-22 16:00,0.0
11-22 16:15,0.0
11-22 16:30,0.0
11-22 16:45,0.0
11-22 17:00,0.0
11-22 17:15,0.0
11-22 17:30,0.0
11-22 17:45,0.0
11-22 18:00,0.0
11-22 18:15,0.0
11-22 18:30,0.0
11-22 18:45,0.0
11-22 19:00,0.0
11-22 19:15,0.0
11-22 19:30,0.0
11-22 19:45,0.0
11-22 20:00,0.0
11-22 20:15,0.0
11-22 20:30,0.0
11-22 20:45,0.0
11-22 21:00,0.0
11-22 21:15,0.0
11-22 21:30,0.0
11-22 21:45,0.0
11-22 22:00,0.0
11-22 22:15,0.0
11-22 22:30,0.0
11-22 22:45,0.0
11-22 23:00,0.0
11-22 23:15,0.0
11-22 23:30,0.0
11-22 23:45,0.0
11-23 00:00,0.0
11-23 00:15,0.0
11-23 00:30,0.0
11-23 00:45,0.0
11-23 01:00,0.0
11-23 01:15,0.0
11-23 01:30,0.0
11-23 01:45,0.0
11-23 02:00,490.11208342857145
11-23 02:15,598.5151395885417
11-23 02:30,1484.2857142857142
11-23 02:45,1484.2857142857142
11-23 03:00,1484.2857142857142
11-23 03:15,1484.2857142857142
11-23 03:30,1484.2857142857142
11-23 03:45,1748.5199846971427
11-23 04:00,1484.2857142857142
11-23 04:15,1484.2857142857142
11-23 04:30,1484.2857142857142
11-23 04:45,1484.2857142857142
11-23 05:00,1952.913358908572
11-23 05:15,1484.2857142857142
11-23 05:30,1484.2857142857142
11-23 05:45,1484.2857142857142
11-23 06:00,0.0
11-23 06:15,0.0
11-23 06:30,0.0
11-23 06:45,0.0
11-23 07:00,0.0
11-23 07:15,0.0
11-23 07:30,4196.427556185714
11-23 07:45,0.0
11-23 08:00,0.0
11-23 08:15,0.0
11-23 08:30,0.0
11-23 08:45,0.0
11-23 09:00,0.0
11-23 09:15,0.0
11-23 09:30,0.0
11-23 09:45,0.0
11-23 10:00,0.0
11-23 10:15,0.0
11-23 10:30,0.0
11-23 10:45,0.0
11-23 11:00,0.0
11-23 11:15,0.0
11-23 11:30,0.0
11-23 11:45,0.0
11-23 12:00,0.0
11-23 12:15,0.0
11-23 12:30,0.0
11-23 12:45,0.0
11-23 13:00,0.0
11-23 13:15,0.0
11-23 13:30,0.0
11-23 13:45,0.0
11-23 14:00,0.0
11-23 14:15,0.0
11-23 14:30,0.0
11-23 14:45,0.0
11-23 15:00,0.0
11-23 15:15,0.0
11-23 15:30,0.0
11-23 15:45,4919.061197885715
11-23 16:00,0.0
11-23 16:15,0.0
11-23 16:30,0.0
11-23 16:45,0.0
11-23 17:00,3525.4199595714285
11-23 17:15,0.0
11-23 17:30,0.0
11-23 17:45,0.0
11-23 18:00,0.0
11-23 18:15,0.0
11-23 18:30,0.0
11-23 18:45,0.0
11-23 19:00,0.0
11-23 19:15,0.0
11-23 19:30,0.0
11-23 19:45,0.0
11-23 20:00,0.0
11-23 20:15,0.0
11-23 20:30,0.0
11-23 20:45,0.0
11-23 21:00,0.0
11-23 21:15,0.0
11-23 21:30,0.0
11-23 21:45,0.0
11-23 22:00,0.0
11-23 22:15,0.0
11-23 22:30,0.0
11-23 22:45,5835.371962014286
11-23 23:00,0.0
11-23 23:15,0.0
11-23 23:30,0.0
11-23 23:45,0.0
11-24 00:00,1484.2857142857142
11-24 00:15,1484.2857142857142
11-24 00:30,1484.2857142857142
11-24 00:45,1484.2857142857142
11-24 01:00,1484.2857142857142
11-24 01:15,1484.2857142857142
11-24 01:30,1484.2857142857142
11-24 01:45,1484.2857142857142
11-24 02:00,1484.2857142857142
11-24 02:15,1484.2857142857142
11-24 02:30,1484.2857142857142
11-24 02:45,1484.2857142857142
11-24 03:00,1484.2857142857142
11-24 03:15,1484.2857142857142
11-24 03:30,1484.2857142857142
11-24 03:45,1484.2857142857142
11-24 04:00,1484.2857142857142
11-24 04:15,1484.2857142857142
11-24 04:30,1484.2857142857142
11-24 04:45,1484.2857142857142
11-24 05:00,1484.2857142857142
11-24 05:15,2187.8247623028574
11-24 05:30,1484.2857142857142
11-24 05:45,1484.2857142857142
11-24 06:00,7646.136859385714
11-24 06:15,1484.2857142857142
11-24 06:30,1484.2857142857142
11-24 06:45,1484.2857142857142
11-24 07:00,1484.2857142857142
11-24 07:15,1484.2857142857142
11-24 07:30,1484.2857142857142
11-24 07:45,6633.102867757143
11-24 08:00,0.0
11-24 08:15,194.40046798571427
11-24 08:30,0.0
11-24 08:45,0.0
11-24 09:00,0.0
11-24 09:15,0.0
11-24 09:30,0.0
11-24 09:45,3390.843893942857
11-24 10:00,0.0
11-24 10:15,0.0
11-24 10:30,0.0
11-24 10:45,0.0
11-24 11:00,318.266027457143
11-24 11:15,4628.695746628572
11-24 11:30,0.0
11-24 11:45,0.0
11-24 12:00,0.0
11-24 12:15,0.0
11-24 12:30,0.0
11-24 12:45,0.0
11-24 13:00,0.0
11-24 13:15,0.0
11-24 13:30,0.0
11-24 13:45,0.0
11-24 14:00,0.0
11-24 14:15,0.0
11-24 14:30,0.0
11-24 14:45,1364.1542070857142
11-24 15:00,5078.520158442858
11-24 15:15,0.0
11-24 15:30,0.0
11-24 15:45,0.0
11-24 16:00,0.0
11-24 16:15,0.0
11-24 16:30,0.0
11-24 16:45,0.0
11-24 17:00,0.0
11-24 17:15,0.0
11-24 17:30,0.0
11-24 17:45,1948.987800628572
11-24 18:00,0.0
11-24 18:15,0.0
11-24 18:30,0.0
11-24 18:45,0.0
11-24 19:00,0.0
11-24 19:15,0.0
11-24 19:30,0.0
11-24 19:45,0.0
11-24 20:00,0.0
11-24 20:15,0.0
11-24 20:30,0.0
11-24 20:45,0.0
11-24 21:00,0.0
11-24 21:15,0.0
11-24 21:30,0.0
11-24 21:45,0.0
11-24 22:00,0.0
11-24 22:15,0.0
11-24 22:30,0.0
11-24 22:45,0.0
11-24 23:00,0.0
11-24 23:15,0.0
11-24 23:30,0.0
11-24 23:45,0.0
11-25 00:00,0.0
11-25 00:15,0.0
11-25 00:30,0.0
11-25 00:45,0.0
11-25 01:00,0.0
11-25 01:15,0.0
11-25 01:30,0.0
11-25 01:45,0.0
11-25 02:00,0.0
11-25 02:15,0.0
11-25 02:30,0.0
11-25 02:45,0.0
11-25 03:00,0.0
11-25 03:15,0.0
11-25 03:30,0.0
11-25 03:45,0.0
11-25 04:00,0.0
11-25 04:15,0.0
11-25 04:30,0.0
11-25 04:45,0.0
11-25 05:00,0.0
11-25 05:15,0.0
11-25 05:30,0.0
11-25 05:45,0.0
11-25 06:00,0.0
11-25 06:15,0.0
11-25 06:30,0.0
11-25 06:45,0.0
11-25 07:00,0.0
11-25 07:15,0.0
11-25 07:30,0.0
11-25 07:45,0.0
11-25 08:00,0.0
11-25 08:15,0.0
11-25 08:30,0.0
11-25 08:45,0.0
11-25 09:00,0.0
11-25 09:15,0.0
11-25 09:30,0.0
11-25 09:45,0.0
11-25 10:00,0.0
11-25 10:15,0.0
11-25 10:30,0.0
11-25 10:45,2914.625708057143
11-25 11:00,5510.284737142857
11-25 11:15,0.0
11-25 11:30,0.0
11-25 11:45,0.0
11-25 12:00,0.0
11-25 12:15,0.0
11-25 12:30,0.0
11-25 12:45,0.0
11-25 13:00,0.0
11-25 13:15,0.0
11-25 13:30,0.0
11-25 13:45,0.0
11-25 14:00,0.0
11-25 14:15,0.0
11-25 14:30,0.0
11-25 14:45,0.0
11-25 15:00,0.0
11-25 15:15,0.0
11-25 15:30,0.0
11-25 15:45,0.0
11-25 16:00,0.0
11-25 16:15,0.0
11-25 16:30,0.0
11-25 16:45,0.0
11-25 17:00,0.0
11-25 17:15,0.0
11-25 17:30,0.0
11-25 17:45,0.0
11-25 18:00,0.0
11-25 18:15,0.0
11-25 18:30,0.0
11-25 18:45,0.0
11-25 19:00,0.0
11-25 19:15,0.0
11-25 19:30,0.0
11-25 19:45,0.0
11-25 20:00,0.0
11-25 20:15,0.0
11-25 20:30,0.0
11-25 20:45,0.0
11-25 21:00,0.0
11-25 21:15,0.0
11-25 21:30,0.0
11-25 21:45,0.0
11-25 22:00,0.0
11-25 22:15,0.0
11-25 22:30,0.0
11-25 22:45,0.0
11-25 23:00,0.0
11-25 23:15,0.0
11-25 23:30,0.0
11-25 23:45,0.0
11-26 00:00,0.0
11-26 00:15,0.0
11-26 00:30,0.0
11-26 00:45,0.0
11-26 01:00,0.0
11-26 01:15,0.0
11-26 01:30,0.0
11-26 01:45,0.0
11-26 02:00,0.0
11-26 02:15,0.0
11-26 02:30,0.0
11-26 02:45,0.0
11-26 03:00,0.0
11-26 03:15,0.0
11-26 03:30,0.0
11-26 03:45,0.0
11-26 04:00,0.0
11-26 04:15,0.0
11-26 04:30,0.0
11-26 04:45,0.0
11-26 05:00,0.0
11-26 05:15,0.0
11-26 05:30,0.0
11-26 05:45,0.0
11-26 06:00,0.0
11-26 06:15,0.0
11-26 06:30,0.0
11-26 06:45,0.0
11-26 07:00,0.0
11-26 07:15,0.0
11-26 07:30,0.0
11-26 07:45,0.0
11-26 08:00,0.0
11-26 08:15,0.0
11-26 08:30,0.0
11-26 08:45,0.0
11-26 09:00,0.0
11-26 09:15,0.0
11-26 09:30,0.0
11-26 09:45,4641.342829914286
11-26 10:00,0.0
11-26 10:15,0.0
11-26 10:30,0.0
11-26 10:45,0.0
11-26 11:00,0.0
11-26 11:15,0.0
11-26 11:30,0.0
11-26 11:45,0.0
11-26 12:00,0.0
11-26 12:15,0.0
11-26 12:30,0.0
11-26 12:45,0.0
11-26 13:00,0.0
11-26 13:15,0.0
11-26 13:30,0.0
11-26 13:45,0.0
11-26 14:00,0.0
11-26 14:15,0.0
11-26 14:30,0.0
11-26 14:45,0.0
11-26 15:00,0.0
11-26 15:15,0.0
11-26 15:30,0.0
11-26 15:45,0.0
11-26 16:00,0.0
11-26 16:15,0.0
11-26 16:30,0.0
11-26 16:45,0.0
11-26 17:00,0.0
11-26 17:15,0.0
11-26 17:30,0.0
11-26 17:45,0.0
11-26 18:00,0.0
11-26 18:15,0.0
11-26 18:30,0.0
11-26 18:45,0.0
11-26 19:00,0.0
11-26 19:15,0.0
11-26 19:30,0.0
11-26 19:45,0.0
11-26 20:00,0.0
11-26 20:15,0.0
11-26 20:30,0.0
11-26 20:45,0.0
11-26 21:00,0.0
11-26 21:15,0.0
11-26 21:30,0.0
11-26 21:45,0.0
11-26 22:00,0.0
11-26 22:15,0.0
11-26 22:30,0.0
11-26 22:45,0.0
11-26 23:00,0.0
11-26 23:15,0.0
11-26 23:30,0.0
11-26 23:45,0.0
11-27 00:00,0.0
11-27 00:15,0.0
11-27 00:30,0.0
11-27 00:45,0.0
11-27 01:00,0.0
11-27 01:15,0.0
11-27 01:30,0.0
11-27 01:45,0.0
11-27 02:00,0.0
11-27 02:15,0.0
11-27 02:30,0.0
11-27 02:45,0.0
11-27 03:00,0.0
11-27 03:15,0.0
11-27 03:30,0.0
11-27 03:45,0.0
11-27 04:00,0.0
11-27 04:15,0.0
11-27 04:30,0.0
11-27 04:45,0.0
11-27 05:00,0.0
11-27 05:15,0.0
11-27 05:30,0.0
11-27 05:45,0.0
11-27 06:00,0.0
11-27 06:15,0.0
11-27 06:30,0.0
11-27 06:45,0.0
11-27 07:00,0.0
11-27 07:15,0.0
11-27 07:30,0.0
11-27 07:45,0.0
11-27 08:00,0.0
11-27 08:15,0.0
11-27 08:30,0.0
11-27 08:45,0.0
11-27 09:00,0.0
11-27 09:15,0.0
11-27 09:30,0.0
11-27 09:45,0.0
11-27 10:00,0.0
11-27 10:15,0.0
11-27 10:30,868.341876057143
11-27 10:45,0.0
11-27 11:00,0.0
11-27 11:15,0.0
11-27 11:30,0.0
11-27 11:45,0.0
11-27 12:00,0.0
11-27 12:15,0.0
11-27 12:30,0.0
11-27 12:45,0.0
11-27 13:00,0.0
11-27 13:15,0.0
11-27 13:30,2264.4347925
11-27 13:45,0.0
11-27 14:00,0.0
11-27 14:15,0.0
11-27 14:30,0.0
11-27 14:45,0.0
11-27 15:00,0.0
11-27 15:15,0.0
11-27 15:30,0.0
11-27 15:45,0.0
11-27 16:00,0.0
11-27 16:15,0.0
11-27 16:30,0.0
11-27 16:45,0.0
11-27 17:00,0.0
11-27 17:15,0.0
11-27 17:30,0.0
11-27 17:45,0.0
11-27 18:00,0.0
11-27 18:15,0.0
11-27 18:30,0.0
11-27 18:45,0.0
11-27 19:00,0.0
11-27 19:15,0.0
11-27 19:30,0.0
11-27 19:45,0.0
11-27 20:00,0.0
11-27 20:15,2010.9974691571424
11-27 20:30,0.0
11-27 20:45,0.0
11-27 21:00,0.0
11-27 21:15,0.0
11-27 21:30,0.0
11-27 21:45,0.0
11-27 22:00,0.0
11-27 22:15,0.0
11-27 22:30,0.0
11-27 22:45,0.0
11-27 23:00,1145.6386472899503
11-27 23:15,0.0
11-27 23:30,1484.2857142857142
11-27 23:45,1484.2857142857142
11-28 00:00,1484.2857142857142
11-28 00:15,1484.2857142857142
11-28 00:30,1484.2857142857142
11-28 00:45,1484.2857142857142
11-28 01:00,1484.2857142857142
11-28 01:15,1484.2857142857142
11-28 01:30,1484.2857142857142
11-28 01:45,1484.2857142857142
11-28 02:00,1484.2857142857142
11-28 02:15,1484.2857142857142
11-28 02:30,1484.2857142857142
11-28 02:45,1484.2857142857142
11-28 03:00,1484.2857142857142
11-28 03:15,1484.2857142857142
11-28 03:30,1484.2857142857142
11-28 03:45,1484.2857142857142
11-28 04:00,1484.2857142857142
11-28 04:15,1484.2857142857142
11-28 04:30,1484.2857142857142
11-28 04:45,1484.2857142857142
11-28 05:00,1484.2857142857142
11-28 05:15,1484.2857142857142
11-28 05:30,1484.2857142857142
11-28 05:45,1484.2857142857142
11-28 06:00,0.0
11-28 06:15,0.0
11-28 06:30,0.0
11-28 06:45,0.0
11-28 07:00,0.0
11-28 07:15,0.0
11-28 07:30,0.0
11-28 07:45,0.0
11-28 08:00,0.0
11-28 08:15,0.0
11-28 08:30,0.0
11-28 08:45,0.0
11-28 09:00,0.0
11-28 09:15,0.0
11-28 09:30,0.0
11-28 09:45,0.0
11-28 10:00,0.0
11-28 10:15,0.0
11-28 10:30,0.0
11-28 10:45,0.0
11-28 11:00,0.0
11-28 11:15,0.0
11-28 11:30,0.0
11-28 11:45,0.0
11-28 12:00,0.0
11-28 12:15,0.0
11-28 12:30,0.0
11-28 12:45,0.0
11-28 13:00,0.0
11-28 13:15,338.7203479571431
11-28 13:30,0.0
11-28 13:45,0.0
11-28 14:00,0.0
11-28 14:15,0.0
11-28 14:30,0.0
11-28 14:45,0.0
11-28 15:00,0.0
11-28 15:15,0.0
11-28 15:30,0.0
11-28 15:45,0.0
11-28 16:00,0.0
11-28 16:15,0.0
11-28 16:30,0.0
11-28 16:45,2600.1761257857147
11-28 17:00,0.0
11-28 17:15,0.0
11-28 17:30,0.0
11-28 17:45,0.0
11-28 18:00,0.0
11-28 18:15,0.0
11-28 18:30,0.0
11-28 18:45,0.0
11-28 19:00,0.0
11-28 19:15,0.0
11-28 19:30,0.0
11-28 19:45,0.0
11-28 20:00,0.0
11-28 20:15,0.0
11-28 20:30,0.0
11-28 20:45,0.0
11-28 21:00,0.0
11-28 21:15,0.0
11-28 21:30,0.0
11-28 21:45,0.0
11-28 22:00,0.0
11-28 22:15,0.0
11-28 22:30,0.0
11-28 22:45,0.0
11-28 23:00,1484.2857142857142
11-28 23:15,1484.2857142857142
11-28 23:30,1484.2857142857142
11-28 23:45,1484.2857142857142
11-29 00:00,1484.2857142857142
11-29 00:15,1484.2857142857142
11-29 00:30,1484.2857142857142
11-29 00:45,1484.2857142857142
11-29 01:00,1484.2857142857142
11-29 01:15,1484.2857142857142
11-29 01:30,1484.2857142857142
11-29 01:45,1484.2857142857142
11-29 02:00,1484.2857142857142
11-29 02:15,1484.2857142857142
11-29 02:30,1484.2857142857142
11-29 02:45,1484.2857142857142
11-29 03:00,1484.2857142857142
11-29 03:15,1484.2857142857142
11-29 03:30,1484.2857142857142
11-29 03:45,1484.2857142857142
11-29 04:00,0.0
11-29 04:15,0.0
11-29 04:30,0.0
11-29 04:45,0.0
11-29 05:00,0.0
11-29 05:15,0.0
11-29 05:30,0.0
11-29 05:45,0.0
11-29 06:00,0.0
11-29 06:15,0.0
11-29 06:30,0.0
11-29 06:45,0.0
11-29 07:00,0.0
11-29 07:15,0.0
11-29 07:30,0.0
11-29 07:45,0.0
11-29 08:00,0.0
11-29 08:15,0.0
11-29 08:30,0.0
11-29 08:45,4678.918881057144
11-29 09:00,3363.6146772
11-29 09:15,0.0
11-29 09:30,0.0
11-29 09:45,0.0
11-29 10:00,0.0
11-29 10:15,0.0
11-29 10:30,0.0
11-29 10:45,0.0
11-29 11:00,0.0
11-29 11:15,0.0
11-29 11:30,0.0
11-29 11:45,0.0
11-29 12:00,0.0
11-29 12:15,0.0
11-29 12:30,0.0
11-29 12:45,0.0
11-29 13:00,0.0
11-29 13:15,90.556415357143
11-29 13:30,0.0
11-29 13:45,0.0
11-29 14:00,0.0
11-29 14:15,0.0
11-29 14:30,0.0
11-29 14:45,0.0
11-29 15:00,0.0
11-29 15:15,0.0
11-29 15:30,0.0
11-29 15:45,2318.9603763
11-29 16:00,0.0
11-29 16:15,0.0
11-29 16:30,0.0
11-29 16:45,0.0
11-29 17:00,0.0
11-29 17:15,0.0
11-29 17:30,0.0
11-29 17:45,0.0
11-29 18:00,0.0
11-29 18:15,1353.3581340142855
11-29 18:30,0.0
11-29 18:45,0.0
11-29 19:00,0.0
11-29 19:15,0.0
11-29 19:30,0.0
11-29 19:45,0.0
11-29 20:00,0.0
11-29 20:15,0.0
11-29 20:30,0.0
11-29 20:45,0.0
11-29 21:00,0.0
11-29 21:15,0.0
11-29 21:30,0.0
11-29 21:45,0.0
11-29 22:00,0.0
11-29 22:15,0.0
11-29 22:30,0.0
11-29 22:45,0.0
11-29 23:00,0.0
11-29 23:15,0.0
11-29 23:30,0.0
11-29 23:45,0.0
11-30 00:00,0.0
11-30 00:15,0.0
11-30 00:30,0.0
11-30 00:45,0.0
11-30 01:00,0.0
11-30 01:15,0.0
11-30 01:30,0.0
11-30 01:45,0.0
11-30 02:00,0.0
11-30 02:15,0.0
11-30 02:30,0.0
11-30 02:45,0.0
11-30 03:00,1484.2857142857142
11-30 03:15,1484.2857142857142
11-30 03:30,1484.2857142857142
11-30 03:45,1484.2857142857142
11-30 04:00,1484.2857142857142
11-30 04:15,1484.2857142857142
11-30 04:30,1484.2857142857142
11-30 04:45,1484.2857142857142
11-30 05:00,0.0
11-30 05:15,0.0
11-30 05:30,0.0
11-30 05:45,0.0
11-30 06:00,0.0
11-30 06:15,0.0
11-30 06:30,0.0
11-30 06:45,0.0
11-30 07:00,0.0
11-30 07:15,0.0
11-30 07:30,0.0
11-30 07:45,0.0
11-30 08:00,0.0
11-30 08:15,0.0
11-30 08:30,0.0
11-30 08:45,0.0
11-30 09:00,0.0
11-30 09:15,0.0
11-30 09:30,0.0
11-30 09:45,0.0
11-30 10:00,0.0
11-30 10:15,0.0
11-30 10:30,2580.131777914286
11-30 10:45,0.0
11-30 11:00,0.0
11-30 11:15,0.0
11-30 11:30,0.0
11-30 11:45,0.0
11-30 12:00,0.0
11-30 12:15,0.0
11-30 12:30,0.0
11-30 12:45,0.0
11-30 13:00,0.0
11-30 13:15,0.0
11-30 13:30,0.0
11-30 13:45,0.0
11-30 14:00,0.0
11-30 14:15,0.0
11-30 14:30,0.0
11-30 14:45,0.0
11-30 15:00,0.0
11-30 15:15,0.0
11-30 15:30,0.0
11-30 15:45,0.0
11-30 16:00,0.0
11-30 16:15,0.0
11-30 16:30,0.0
11-30 16:45,0.0
11-30 17:00,0.0
11-30 17:15,0.0
11-30 17:30,0.0
11-30 17:45,0.0
11-30 18:00,0.0
11-30 18:15,0.0
11-30 18:30,0.0
11-30 18:45,0.0
11-30 19:00,0.0
11-30 19:15,0.0
11-30 19:30,0.0
11-30 19:45,0.0
11-30 20:00,0.0
11-30 20:15,0.0
11-30 20:30,0.0
11-30 20:45,0.0
11-30 21:00,0.0
11-30 21:15,0.0
11-30 21:30,0.0
11-30 21:45,0.0
11-30 22:00,0.0
11-30 22:15,0.0
11-30 22:30,0.0
11-30 22:45,0.0
11-30 23:00,0.0
11-30 23:15,0.0
11-30 23:30,0.0
11-30 23:45,0.0
12-01 00:00,0.0
12-01 00:15,0.0
12-01 00:30,0.0
12-01 00:45,0.0
12-01 01:00,0.0
12-01 01:15,0.0
12-01 01:30,0.0
12-01 01:45,0.0
12-01 02:00,0.0
12-01 02:15,0.0
12-01 02:30,0.0
12-01 02:45,0.0
12-01 03:00,0.0
12-01 03:15,0.0
12-01 03:30,0.0
12-01 03:45,0.0
12-01 04:00,0.0
12-01 04:15,0.0
12-01 04:30,0.0
12-01 04:45,0.0
12-01 05:00,0.0
12-01 05:15,0.0
12-01 05:30,0.0
12-01 05:45,0.0
12-01 06:00,0.0
12-01 06:15,0.0
12-01 06:30,0.0
12-01 06:45,0.0
12-01 07:00,0.0
12-01 07:15,0.0
12-01 07:30,0.0
12-01 07:45,0.0
12-01 08:00,0.0
12-01 08:15,0.0
12-01 08:30,0.0
12-01 08:45,0.0
12-01 09:00,0.0
12-01 09:15,0.0
12-01 09:30,0.0
12-01 09:45,0.0
12-01 10:00,0.0
12-01 10:15,0.0
12-01 10:30,0.0
12-01 10:45,0.0
12-01 11:00,0.0
12-01 11:15,0.0
12-01 11:30,0.0
12-01 11:45,0.0
12-01 12:00,0.0
12-01 12:15,0.0
12-01 12:30,0.0
12-01 12:45,0.0
12-01 13:00,0.0
12-01 13:15,0.0
12-01 13:30,3522.894902057144
12-01 13:45,0.0
12-01 14:00,0.0
12-01 14:15,0.0
12-01 14:30,0.0
12-01 14:45,0.0
12-01 15:00,0.0
12-01 15:15,0.0
12-01 15:30,0.0
12-01 15:45,0.0
12-01 16:00,0.0
12-01 16:15,1415.9914062142857
12-01 16:30,0.0
12-01 16:45,0.0
12-01 17:00,0.0
12-01 17:15,0.0
12-01 17:30,2670.432428771429
12-01 17:45,0.0
12-01 18:00,0.0
12-01 18:15,0.0
12-01 18:30,0.0
12-01 18:45,0.0
12-01 19:00,0.0
12-01 19:15,0.0
12-01 19:30,0.0
12-01 19:45,0.0
12-01 20:00,0.0
12-01 20:15,0.0
12-01 20:30,0.0
12-01 20:45,536.1384498428572
12-01 21:00,0.0
12-01 21:15,0.0
12-01 21:30,0.0
12-01 21:45,0.0
12-01 22:00,0.0
12-01 22:15,0.0
12-01 22:30,0.0
12-01 22:45,0.0
12-01 23:00,0.0
12-01 23:15,0.0
12-01 23:30,0.0
12-01 23:45,0.0
12-02 00:00,0.0
12-02 00:15,0.0
12-02 00:30,0.0
12-02 00:45,0.0
12-02 01:00,0.0
12-02 01:15,0.0
12-02 01:30,0.0
12-02 01:45,0.0
12-02 02:00,1484.2857142857142
12-02 02:15,1484.2857142857142
12-02 02:30,1484.2857142857142
12-02 02:45,1484.2857142857142
12-02 03:00,1484.2857142857142
12-02 03:15,1484.2857142857142
12-02 03:30,1484.2857142857142
12-02 03:45,1484.2857142857142
12-02 04:00,1484.2857142857142
12-02 04:15,1484.2857142857142
12-02 04:30,1484.2857142857142
12-02 04:45,1484.2857142857142
12-02 05:00,0.0
12-02 05:15,0.0
12-02 05:30,0.0
12-02 05:45,2929.450951628571
12-02 06:00,0.0
12-02 06:15,0.0
12-02 06:30,0.0
12-02 06:45,0.0
12-02 07:00,0.0
12-02 07:15,0.0
12-02 07:30,0.0
12-02 07:45,0.0
12-02 08:00,0.0
12-02 08:15,4068.9422786
12-02 08:30,0.0
12-02 08:45,0.0
12-02 09:00,0.0
12-02 09:15,0.0
12-02 09:30,0.0
12-02 09:45,0.0
12-02 10:00,0.0
12-02 10:15,0.0
12-02 10:30,0.0
12-02 10:45,0.0
12-02 11:00,0.0
12-02 11:15,0.0
12-02 11:30,0.0
12-02 11:45,0.0
12-02 12:00,0.0
12-02 12:15,0.0
12-02 12:30,0.0
12-02 12:45,0.0
12-02 13:00,0.0
12-02 13:15,0.0
12-02 13:30,0.0
12-02 13:45,0.0
12-02 14:00,0.0
12-02 14:15,0.0
12-02 14:30,0.0
12-02 14:45,0.0
12-02 15:00,0.0
12-02 15:15,0.0
12-02 15:30,0.0
12-02 15:45,0.0
12-02 16:00,0.0
12-02 16:15,0.0
12-02 16:30,0.0
12-02 16:45,0.0
12-02 17:00,0.0
12-02 17:15,0.0
12-02 17:30,0.0
12-02 17:45,2837.0277305857144
12-02 18:00,0.0
12-02 18:15,0.0
12-02 18:30,1746.8388159142858
12-02 18:45,0.0
12-02 19:00,735.8696715428573
12-02 19:15,0.0
12-02 19:30,0.0
12-02 19:45,0.0
12-02 20:00,0.0
12-02 20:15,0.0
12-02 20:30,0.0
12-02 20:45,0.0
12-02 21:00,0.0
12-02 21:15,0.0
12-02 21:30,0.0
12-02 21:45,0.0
12-02 22:00,0.0
12-02 22:15,0.0
12-02 22:30,0.0
12-02 22:45,0.0
12-02 23:00,0.0
12-02 23:15,0.0
12-02 23:30,0.0
12-02 23:45,0.0
12-03 00:00,0.0
12-03 00:15,0.0
12-03 00:30,0.0
12-03 00:45,0.0
12-03 01:00,0.0
12-03 01:15,0.0
12-03 01:30,0.0
12-03 01:45,0.0
12-03 02:00,0.0
12-03 02:15,0.0
12-03 02:30,0.0
12-03 02:45,0.0
12-03 03:00,0.0
12-03 03:15,0.0
12-03 03:30,0.0
12-03 03:45,0.0
12-03 04:00,0.0
12-03 04:15,0.0
12-03 04:30,0.0
12-03 04:45,0.0
12-03 05:00,0.0
12-03 05:15,0.0
12-03 05:30,0.0
12-03 05:45,0.0
12-03 06:00,0.0
12-03 06:15,0.0
12-03 06:30,0.0
12-03 06:45,0.0
12-03 07:00,0.0
12-03 07:15,0.0
12-03 07:30,0.0
12-03 07:45,0.0
12-03 08:00,0.0
12-03 08:15,0.0
12-03 08:30,3957.516675571429
12-03 08:45,0.0
12-03 09:00,0.0
12-03 09:15,0.0
12-03 09:30,0.0
12-03 09:45,0.0
12-03 10:00,0.0
12-03 10:15,0.0
12-03 10:30,0.0
12-03 10:45,0.0
12-03 11:00,0.0
12-03 11:15,0.0
12-03 11:30,1818.2666385428568
12-03 11:45,0.0
12-03 12:00,0.0
12-03 12:15,0.0
12-03 12:30,0.0
12-03 12:45,0.0
12-03 13:00,0.0
12-03 13:15,0.0
12-03 13:30,3156.249506985715
12-03 13:45,0.0
12-03 14:00,0.0
12-03 14:15,0.0
12-03 14:30,0.0
12-03 14:45,0.0
12-03 15:00,0.0
12-03 15:15,0.0
12-03 15:30,0.0
12-03 15:45,0.0
12-03 16:00,0.0
12-03 16:15,0.0
12-03 16:30,0.0
12-03 16:45,0.0
12-03 17:00,0.0
12-03 17:15,0.0
12-03 17:30,0.0
12-03 17:45,0.0
12-03 18:00,0.0
12-03 18:15,0.0
12-03 18:30,0.0
12-03 18:45,0.0
12-03 19:00,0.0
12-03 19:15,0.0
12-03 19:30,0.0
12-03 19:45,0.0
12-03 20:00,0.0
12-03 20:15,0.0
12-03 20:30,0.0
12-03 20:45,0.0
12-03 21:00,0.0
12-03 21:15,0.0
12-03 21:30,0.0
12-03 21:45,0.0
12-03 22:00,0.0
12-03 22:15,0.0
12-03 22:30,0.0
12-03 22:45,0.0
12-03 23:00,0.0
12-03 23:15,0.0
12-03 23:30,0.0
12-03 23:45,0.0
12-04 00:00,1484.2857142857142
12-04 00:15,1484.2857142857142
12-04 00:30,1484.2857142857142
12-04 00:45,1484.2857142857142
12-04 01:00,1484.2857142857142
12-04 01:15,1484.2857142857142
12-04 01:30,1484.2857142857142
12-04 01:45,1484.2857142857142
12-04 02:00,1484.2857142857142
12-04 02:15,1484.2857142857142
12-04 02:30,1484.2857142857142
12-04 02:45,1484.2857142857142
12-04 03:00,0.0
12-04 03:15,0.0
12-04 03:30,0.0
12-04 03:45,0.0
12-04 04:00,0.0
12-04 04:15,0.0
12-04 04:30,0.0
12-04 04:45,0.0
12-04 05:00,0.0
12-04 05:15,0.0
12-04 05:30,0.0
12-04 05:45,0.0
12-04 06:00,0.0
12-04 06:15,0.0
12-04 06:30,0.0
12-04 06:45,0.0
12-04 07:00,0.0
12-04 07:15,0.0
12-04 07:30,0.0
12-04 07:45,0.0
12-04 08:00,0.0
12-04 08:15,0.0
12-04 08:30,0.0
12-04 08:45,0.0
12-04 09:00,0.0
12-04 09:15,0.0
12-04 09:30,0.0
12-04 09:45,0.0
12-04 10:00,0.0
12-04 10:15,8691.294255257144
12-04 10:30,0.0
12-04 10:45,0.0
12-04 11:00,0.0
12-04 11:15,0.0
12-04 11:30,0.0
12-04 11:45,0.0
12-04 12:00,0.0
12-04 12:15,0.0
12-04 12:30,0.0
12-04 12:45,0.0
12-04 13:00,0.0
12-04 13:15,0.0
12-04 13:30,0.0
12-04 13:45,0.0
12-04 14:00,0.0
12-04 14:15,0.0
12-04 14:30,0.0
12-04 14:45,0.0
12-04 15:00,0.0
12-04 15:15,0.0
12-04 15:30,0.0
12-04 15:45,0.0
12-04 16:00,0.0
12-04 16:15,3947.690034485715
12-04 16:30,0.0
12-04 16:45,0.0
12-04 17:00,0.0
12-04 17:15,4237.918572628572
12-04 17:30,0.0
12-04 17:45,2717.285555371429
12-04 18:00,0.0
12-04 18:15,0.0
12-04 18:30,0.0
12-04 18:45,0.0
12-04 19:00,0.0
12-04 19:15,0.0
12-04 19:30,0.0
12-04 19:45,0.0
12-04 20:00,0.0
12-04 20:15,0.0
12-04 20:30,0.0
12-04 20:45,2422.306099428572
12-04 21:00,0.0
12-04 21:15,0.0
12-04 21:30,0.0
12-04 21:45,0.0
12-04 22:00,0.0
12-04 22:15,0.0
12-04 22:30,0.0
12-04 22:45,0.0
12-04 23:00,0.0
12-04 23:15,0.0
12-04 23:30,0.0
12-04 23:45,0.0
12-05 00:00,0.0
12-05 00:15,0.0
12-05 00:30,0.0
12-05 00:45,0.0
12-05 01:00,0.0
12-05 01:15,0.0
12-05 01:30,0.0
12-05 01:45,0.0
12-05 02:00,0.0
12-05 02:15,0.0
12-05 02:30,0.0
12-05 02:45,0.0
12-05 03:00,0.0
12-05 03:15,0.0
12-05 03:30,0.0
12-05 03:45,0.0
12-05 04:00,0.0
12-05 04:15,825.56159320284
12-05 04:30,1484.2857142857142
12-05 04:45,1484.2857142857142
12-05 05:00,0.0
12-05 05:15,0.0
12-05 05:30,0.0
12-05 05:45,0.0
12-05 06:00,0.0
12-05 06:15,0.0
12-05 06:30,0.0
12-05 06:45,0.0
12-05 07:00,1844.150343014286
12-05 07:15,0.0
12-05 07:30,0.0
12-05 07:45,0.0
12-05 08:00,4908.884368242858
12-05 08:15,0.0
12-05 08:30,0.0
12-05 08:45,0.0
12-05 09:00,0.0
12-05 09:15,0.0
12-05 09:30,0.0
12-05 09:45,0.0
12-05 10:00,0.0
12-05 10:15,0.0
12-05 10:30,4657.887471914286
12-05 10:45,0.0
12-05 11:00,0.0
12-05 11:15,0.0
12-05 11:30,0.0
12-05 11:45,0.0
12-05 12:00,0.0
12-05 12:15,0.0
12-05 12:30,0.0
12-05 12:45,0.0
12-05 13:00,0.0
12-05 13:15,0.0
12-05 13:30,0.0
12-05 13:45,0.0
12-05 14:00,0.0
12-05 14:15,0.0
12-05 14:30,0.0
12-05 14:45,0.0
12-05 15:00,0.0
12-05 15:15,3816.7391372
12-05 15:30,0.0
12-05 15:45,0.0
12-05 16:00,0.0
12-05 16:15,0.0
12-05 16:30,0.0
12-05 16:45,0.0
12-05 17:00,0.0
12-05 17:15,1431.1023190714286
12-05 17:30,2490.3082074428567
12-05 17:45,0.0
12-05 18:00,0.0
12-05 18:15,0.0
12-05 18:30,0.0
12-05 18:45,0.0
12-05 19:00,0.0
12-05 19:15,0.0
12-05 19:30,0.0
12-05 19:45,0.0
12-05 20:00,0.0
12-05 20:15,0.0
12-05 20:30,0.0
12-05 20:45,0.0
12-05 21:00,0.0
12-05 21:15,0.0
12-05 21:30,0.0
12-05 21:45,0.0
12-05 22:00,0.0
12-05 22:15,0.0
12-05 22:30,0.0
12-05 22:45,0.0
12-05 23:00,0.0
12-05 23:15,0.0
12-05 23:30,0.0
12-05 23:45,0.0
12-06 00:00,0.0
12-06 00:15,0.0
12-06 00:30,0.0
12-06 00:45,0.0
12-06 01:00,0.0
12-06 01:15,0.0
12-06 01:30,0.0
12-06 01:45,0.0
12-06 02:00,1484.2857142857142
12-06 02:15,1484.2857142857142
12-06 02:30,1484.2857142857142
12-06 02:45,1484.2857142857142
12-06 03:00,1484.2857142857142
12-06 03:15,1484.2857142857142
12-06 03:30,1484.2857142857142
12-06 03:45,1484.2857142857142
12-06 04:00,1484.2857142857142
12-06 04:15,1392.3141448914298
12-06 04:30,0.0
12-06 04:45,0.0
12-06 05:00,0.0
12-06 05:15,0.0
12-06 05:30,0.0
12-06 05:45,0.0
12-06 06:00,0.0
12-06 06:15,0.0
12-06 06:30,0.0
12-06 06:45,0.0
12-06 07:00,0.0
12-06 07:15,0.0
12-06 07:30,0.0
12-06 07:45,0.0
12-06 08:00,0.0
12-06 08:15,0.0
12-06 08:30,0.0
12-06 08:45,0.0
12-06 09:00,0.0
12-06 09:15,0.0
12-06 09:30,0.0
12-06 09:45,0.0
12-06 10:00,0.0
12-06 10:15,0.0
12-06 10:30,0.0
12-06 10:45,0.0
12-06 11:00,0.0
12-06 11:15,0.0
12-06 11:30,0.0
12-06 11:45,0.0
12-06 12:00,0.0
12-06 12:15,0.0
12-06 12:30,0.0
12-06 12:45,0.0
12-06 13:00,0.0
12-06 13:15,0.0
12-06 13:30,0.0
12-06 13:45,0.0
12-06 14:00,0.0
12-06 14:15,0.0
12-06 14:30,0.0
12-06 14:45,0.0
12-06 15:00,0.0
12-06 15:15,0.0
12-06 15:30,0.0
12-06 15:45,0.0
12-06 16:00,0.0
12-06 16:15,0.0
12-06 16:30,0.0
12-06 16:45,4579.432850514287
12-06 17:00,1256.9247578857144
12-06 17:15,0.0
12-06 17:30,0.0
12-06 17:45,0.0
12-06 18:00,0.0
12-06 18:15,0.0
12-06 18:30,0.0
12-06 18:45,0.0
12-06 19:00,0.0
12-06 19:15,0.0
12-06 19:30,0.0
12-06 19:45,0.0
12-06 20:00,0.0
12-06 20:15,0.0
12-06 20:30,0.0
12-06 20:45,3510.3637244
12-06 21:00,0.0
12-06 21:15,0.0
12-06 21:30,0.0
12-06 21:45,0.0
12-06 22:00,0.0
12-06 22:15,0.0
12-06 22:30,0.0
12-06 22:45,0.0
12-06 23:00,0.0
12-06 23:15,0.0
12-06 23:30,0.0
12-06 23:45,0.0
12-07 00:00,0.0
12-07 00:15,0.0
12-07 00:30,0.0
12-07 00:45,0.0
12-07 01:00,0.0
12-07 01:15,0.0
12-07 01:30,0.0
12-07 01:45,0.0
12-07 02:00,0.0
12-07 02:15,525.7156287271458
12-07 02:30,1484.2857142857142
12-07 02:45,0.0
12-07 03:00,1484.2857142857142
12-07 03:15,1484.2857142857142
12-07 03:30,1484.2857142857142
12-07 03:45,1484.2857142857142
12-07 04:00,1484.2857142857142
12-07 04:15,1484.2857142857142
12-07 04:30,1484.2857142857142
12-07 04:45,1484.2857142857142
12-07 05:00,0.0
12-07 05:15,0.0
12-07 05:30,0.0
12-07 05:45,0.0
12-07 06:00,1484.2857142857142
12-07 06:15,2055.4769271585715
12-07 06:30,1484.2857142857142
12-07 06:45,1980.6091386442847
12-07 07:00,0.0
12-07 07:15,0.0
12-07 07:30,0.0
12-07 07:45,0.0
12-07 08:00,0.0
12-07 08:15,5658.478957985714
12-07 08:30,0.0
12-07 08:45,0.0
12-07 09:00,0.0
12-07 09:15,0.0
12-07 09:30,0.0
12-07 09:45,0.0
12-07 10:00,0.0
12-07 10:15,0.0
12-07 10:30,0.0
12-07 10:45,3925.418818528571
12-07 11:00,0.0
12-07 11:15,1941.5141298
12-07 11:30,0.0
12-07 11:45,0.0
12-07 12:00,0.0
12-07 12:15,0.0
12-07 12:30,0.0
12-07 12:45,0.0
12-07 13:00,0.0
12-07 13:15,0.0
12-07 13:30,0.0
12-07 13:45,0.0
12-07 14:00,0.0
12-07 14:15,0.0
12-07 14:30,0.0
12-07 14:45,0.0
12-07 15:00,0.0
12-07 15:15,0.0
12-07 15:30,0.0
12-07 15:45,0.0
12-07 16:00,0.0
12-07 16:15,0.0
12-07 16:30,0.0
12-07 16:45,0.0
12-07 17:00,0.0
12-07 17:15,0.0
12-07 17:30,0.0
12-07 17:45,3455.554246028572
12-07 18:00,0.0
12-07 18:15,0.0
12-07 18:30,0.0
12-07 18:45,0.0
12-07 19:00,0.0
12-07 19:15,0.0
12-07 19:30,0.0
12-07 19:45,0.0
12-07 20:00,0.0
12-07 20:15,0.0
12-07 20:30,0.0
12-07 20:45,0.0
12-07 21:00,2447.6596789571427
12-07 21:15,0.0
12-07 21:30,0.0
12-07 21:45,0.0
12-07 22:00,0.0
12-07 22:15,0.0
12-07 22:30,2368.638020714286
12-07 22:45,0.0
12-07 23:00,0.0
12-07 23:15,0.0
12-07 23:30,0.0
12-07 23:45,0.0
12-08 00:00,0.0
12-08 00:15,0.0
12-08 00:30,0.0
12-08 00:45,0.0
12-08 01:00,0.0
12-08 01:15,0.0
12-08 01:30,0.0
12-08 01:45,0.0
12-08 02:00,0.0
12-08 02:15,0.0
12-08 02:30,0.0
12-08 02:45,0.0
12-08 03:00,0.0
12-08 03:15,0.0
12-08 03:30,0.0
12-08 03:45,0.0
12-08 04:00,1484.2857142857142
12-08 04:15,1484.2857142857142
12-08 04:30,1484.2857142857142
12-08 04:45,1484.2857142857142
12-08 05:00,1484.2857142857142
12-08 05:15,1484.2857142857142
12-08 05:30,1959.3249343871423
12-08 05:45,1484.2857142857142
12-08 06:00,1484.2857142857142
12-08 06:15,1484.2857142857142
12-08 06:30,1484.2857142857142
12-08 06:45,1484.2857142857142
12-08 07:00,1484.2857142857142
12-08 07:15,2074.299763987143
12-08 07:30,1484.2857142857142
12-08 07:45,2650.9549234885712
12-08 08:00,2122.95599731
12-08 08:15,2150.6550613742857
12-08 08:30,1484.2857142857142
12-08 08:45,1484.2857142857142
12-08 09:00,1484.2857142857142
12-08 09:15,1484.2857142857142
12-08 09:30,1484.2857142857142
12-08 09:45,1484.2857142857142
12-08 10:00,1484.2857142857142
12-08 10:15,1484.2857142857142
12-08 10:30,1484.2857142857142
12-08 10:45,1484.2857142857142
12-08 11:00,1484.2857142857142
12-08 11:15,1876.325045587143
12-08 11:30,1484.2857142857142
12-08 11:45,1484.2857142857142
12-08 12:00,2032.159663725714
12-08 12:15,1706.829286374286
12-08 12:30,1484.2857142857142
12-08 12:45,1484.2857142857142
12-08 13:00,0.0
12-08 13:15,0.0
12-08 13:30,0.0
12-08 13:45,2324.0099305142858
12-08 14:00,0.0
12-08 14:15,0.0
12-08 14:30,0.0
12-08 14:45,0.0
12-08 15:00,0.0
12-08 15:15,0.0
12-08 15:30,0.0
12-08 15:45,0.0
12-08 16:00,1387.3054238285713
12-08 16:15,0.0
12-08 16:30,0.0
12-08 16:45,0.0
12-08 17:00,0.0
12-08 17:15,0.0
12-08 17:30,0.0
12-08 17:45,0.0
12-08 18:00,0.0
12-08 18:15,0.0
12-08 18:30,0.0
12-08 18:45,4480.588822042858
12-08 19:00,0.0
12-08 19:15,0.0
12-08 19:30,0.0
12-08 19:45,0.0
12-08 20:00,0.0
12-08 20:15,0.0
12-08 20:30,0.0
12-08 20:45,0.0
12-08 21:00,0.0
12-08 21:15,0.0
12-08 21:30,0.0
12-08 21:45,0.0
12-08 22:00,0.0
12-08 22:15,0.0
12-08 22:30,0.0
12-08 22:45,0.0
12-08 23:00,0.0
12-08 23:15,0.0
12-08 23:30,0.0
12-08 23:45,0.0
12-09 00:00,0.0
12-09 00:15,0.0
12-09 00:30,0.0
12-09 00:45,0.0
12-09 01:00,1484.2857142857142
12-09 01:15,1484.2857142857142
12-09 01:30,1484.2857142857142
12-09 01:45,1484.2857142857142
12-09 02:00,1484.2857142857142
12-09 02:15,1484.2857142857142
12-09 02:30,1484.2857142857142
12-09 02:45,1484.2857142857142
12-09 03:00,1032.7600607942295
12-09 03:15,0.0
12-09 03:30,0.0
12-09 03:45,1484.2857142857142
12-09 04:00,0.0
12-09 04:15,0.0
12-09 04:30,0.0
12-09 04:45,0.0
12-09 05:00,0.0
12-09 05:15,0.0
12-09 05:30,0.0
12-09 05:45,0.0
12-09 06:00,0.0
12-09 06:15,0.0
12-09 06:30,0.0
12-09 06:45,0.0
12-09 07:00,0.0
12-09 07:15,0.0
12-09 07:30,0.0
12-09 07:45,0.0
12-09 08:00,0.0
12-09 08:15,0.0
12-09 08:30,0.0
12-09 08:45,0.0
12-09 09:00,2403.6263736
12-09 09:15,0.0
12-09 09:30,0.0
12-09 09:45,0.0
12-09 10:00,0.0
12-09 10:15,0.0
12-09 10:30,0.0
12-09 10:45,1834.0094639857143
12-09 11:00,0.0
12-09 11:15,0.0
12-09 11:30,0.0
12-09 11:45,0.0
12-09 12:00,0.0
12-09 12:15,0.0
12-09 12:30,0.0
12-09 12:45,0.0
12-09 13:00,0.0
12-09 13:15,2927.6056841428576
12-09 13:30,0.0
12-09 13:45,0.0
12-09 14:00,0.0
12-09 14:15,0.0
12-09 14:30,0.0
12-09 14:45,0.0
12-09 15:00,0.0
12-09 15:15,0.0
12-09 15:30,0.0
12-09 15:45,0.0
12-09 16:00,0.0
12-09 16:15,0.0
12-09 16:30,1519.355660228572
12-09 16:45,0.0
12-09 17:00,0.0
12-09 17:15,0.0
12-09 17:30,0.0
12-09 17:45,0.0
12-09 18:00,0.0
12-09 18:15,0.0
12-09 18:30,0.0
12-09 18:45,0.0
12-09 19:00,0.0
12-09 19:15,0.0
12-09 19:30,0.0
12-09 19:45,0.0
12-09 20:00,0.0
12-09 20:15,0.0
12-09 20:30,0.0
12-09 20:45,0.0
12-09 21:00,0.0
12-09 21:15,0.0
12-09 21:30,0.0
12-09 21:45,0.0
12-09 22:00,0.0
12-09 22:15,0.0
12-09 22:30,0.0
12-09 22:45,0.0
12-09 23:00,0.0
12-09 23:15,0.0
12-09 23:30,0.0
12-09 23:45,0.0
12-10 00:00,0.0
12-10 00:15,0.0
12-10 00:30,0.0
12-10 00:45,0.0
12-10 01:00,0.0
12-10 01:15,0.0
12-10 01:30,0.0
12-10 01:45,0.0
12-10 02:00,0.0
12-10 02:15,0.0
12-10 02:30,0.0
12-10 02:45,0.0
12-10 03:00,0.0
12-10 03:15,0.0
12-10 03:30,0.0
12-10 03:45,0.0
12-10 04:00,0.0
12-10 04:15,0.0
12-10 04:30,0.0
12-10 04:45,0.0
12-10 05:00,0.0
12-10 05:15,0.0
12-10 05:30,0.0
12-10 05:45,0.0
12-10 06:00,0.0
12-10 06:15,0.0
12-10 06:30,0.0
12-10 06:45,0.0
12-10 07:00,0.0
12-10 07:15,0.0
12-10 07:30,0.0
12-10 07:45,0.0
12-10 08:00,0.0
12-10 08:15,0.0
12-10 08:30,0.0
12-10 08:45,0.0
12-10 09:00,0.0
12-10 09:15,0.0
12-10 09:30,0.0
12-10 09:45,3725.439754571429
12-10 10:00,0.0
12-10 10:15,0.0
12-10 10:30,0.0
12-10 10:45,0.0
12-10 11:00,0.0
12-10 11:15,0.0
12-10 11:30,0.0
12-10 11:45,0.0
12-10 12:00,0.0
12-10 12:15,0.0
12-10 12:30,0.0
12-10 12:45,0.0
12-10 13:00,0.0
12-10 13:15,0.0
12-10 13:30,0.0
12-10 13:45,0.0
12-10 14:00,0.0
12-10 14:15,0.0
12-10 14:30,0.0
12-10 14:45,0.0
12-10 15:00,0.0
12-10 15:15,0.0
12-10 15:30,0.0
12-10 15:45,0.0
12-10 16:00,0.0
12-10 16:15,0.0
12-10 16:30,0.0
12-10 16:45,0.0
12-10 17:00,0.0
12-10 17:15,0.0
12-10 17:30,0.0
12-10 17:45,0.0
12-10 18:00,0.0
12-10 18:15,0.0
12-10 18:30,145.36722770000017
12-10 18:45,0.0
12-10 19:00,0.0
12-10 19:15,0.0
12-10 19:30,0.0
12-10 19:45,0.0
12-10 20:00,0.0
12-10 20:15,0.0
12-10 20:30,0.0
12-10 20:45,0.0
12-10 21:00,0.0
12-10 21:15,0.0
12-10 21:30,0.0
12-10 21:45,0.0
12-10 22:00,0.0
12-10 22:15,0.0
12-10 22:30,0.0
12-10 22:45,0.0
12-10 23:00,0.0
12-10 23:15,0.0
12-10 23:30,0.0
12-10 23:45,0.0
12-11 00:00,0.0
12-11 00:15,0.0
12-11 00:30,0.0
12-11 00:45,0.0
12-11 01:00,1484.2857142857142
12-11 01:15,1484.2857142857142
12-11 01:30,1484.2857142857142
12-11 01:45,1484.2857142857142
12-11 02:00,1484.2857142857142
12-11 02:15,1484.2857142857142
12-11 02:30,1484.2857142857142
12-11 02:45,1484.2857142857142
12-11 03:00,1484.2857142857142
12-11 03:15,1484.2857142857142
12-11 03:30,1484.2857142857142
12-11 03:45,1484.2857142857142
12-11 04:00,0.0
12-11 04:15,0.0
12-11 04:30,0.0
12-11 04:45,0.0
12-11 05:00,0.0
12-11 05:15,0.0
12-11 05:30,0.0
12-11 05:45,0.0
12-11 06:00,0.0
12-11 06:15,0.0
12-11 06:30,0.0
12-11 06:45,0.0
12-11 07:00,0.0
12-11 07:15,0.0
12-11 07:30,0.0
12-11 07:45,0.0
12-11 08:00,0.0
12-11 08:15,0.0
12-11 08:30,0.0
12-11 08:45,0.0
12-11 09:00,0.0
12-11 09:15,0.0
12-11 09:30,0.0
12-11 09:45,0.0
12-11 10:00,0.0
12-11 10:15,0.0
12-11 10:30,0.0
12-11 10:45,0.0
12-11 11:00,0.0
12-11 11:15,0.0
12-11 11:30,0.0
12-11 11:45,2644.3776390000003
12-11 12:00,0.0
12-11 12:15,0.0
12-11 12:30,0.0
12-11 12:45,0.0
12-11 13:00,0.0
12-11 13:15,0.0
12-11 13:30,0.0
12-11 13:45,0.0
12-11 14:00,0.0
12-11 14:15,0.0
12-11 14:30,0.0
12-11 14:45,0.0
12-11 15:00,0.0
12-11 15:15,0.0
12-11 15:30,0.0
12-11 15:45,0.0
12-11 16:00,0.0
12-11 16:15,0.0
12-11 16:30,0.0
12-11 16:45,0.0
12-11 17:00,0.0
12-11 17:15,0.0
12-11 17:30,0.0
12-11 17:45,0.0
12-11 18:00,0.0
12-11 18:15,0.0
12-11 18:30,0.0
12-11 18:45,0.0
12-11 19:00,0.0
12-11 19:15,0.0
12-11 19:30,0.0
12-11 19:45,0.0
12-11 20:00,0.0
12-11 20:15,0.0
12-11 20:30,0.0
12-11 20:45,0.0
12-11 21:00,0.0
12-11 21:15,0.0
12-11 21:30,0.0
12-11 21:45,0.0
12-11 22:00,0.0
12-11 22:15,0.0
12-11 22:30,0.0
12-11 22:45,0.0
12-11 23:00,0.0
12-11 23:15,0.0
12-11 23:30,0.0
12-11 23:45,0.0
12-12 00:00,0.0
12-12 00:15,0.0
12-12 00:30,0.0
12-12 00:45,0.0
12-12 01:00,0.0
12-12 01:15,0.0
12-12 01:30,0.0
12-12 01:45,0.0
12-12 02:00,0.0
12-12 02:15,0.0
12-12 02:30,0.0
12-12 02:45,0.0
12-12 03:00,0.0
12-12 03:15,0.0
12-12 03:30,0.0
12-12 03:45,0.0
12-12 04:00,0.0
12-12 04:15,0.0
12-12 04:30,0.0
12-12 04:45,0.0
12-12 05:00,0.0
12-12 05:15,0.0
12-12 05:30,0.0
12-12 05:45,0.0
12-12 06:00,0.0
12-12 06:15,0.0
12-12 06:30,1367.946199271429
12-12 06:45,0.0
12-12 07:00,0.0
12-12 07:15,0.0
12-12 07:30,0.0
12-12 07:45,0.0
12-12 08:00,0.0
12-12 08:15,1491.916802185714
12-12 08:30,2040.1122246285715
12-12 08:45,0.0
12-12 09:00,0.0
12-12 09:15,0.0
12-12 09:30,0.0
12-12 09:45,0.0
12-12 10:00,0.0
12-12 10:15,0.0
12-12 10:30,0.0
12-12 10:45,0.0
12-12 11:00,0.0
12-12 11:15,0.0
12-12 11:30,0.0
12-12 11:45,0.0
12-12 12:00,0.0
12-12 12:15,0.0
12-12 12:30,3435.941218371428
12-12 12:45,0.0
12-12 13:00,0.0
12-12 13:15,0.0
12-12 13:30,0.0
12-12 13:45,0.0
12-12 14:00,0.0
12-12 14:15,0.0
12-12 14:30,0.0
12-12 14:45,0.0
12-12 15:00,0.0
12-12 15:15,0.0
12-12 15:30,0.0
12-12 15:45,0.0
12-12 16:00,0.0
12-12 16:15,0.0
12-12 16:30,0.0
12-12 16:45,0.0
12-12 17:00,0.0
12-12 17:15,0.0
12-12 17:30,0.0
12-12 17:45,0.0
12-12 18:00,0.0
12-12 18:15,0.0
12-12 18:30,0.0
12-12 18:45,0.0
12-12 19:00,0.0
12-12 19:15,0.0
12-12 19:30,0.0
12-12 19:45,0.0
12-12 20:00,0.0
12-12 20:15,0.0
12-12 20:30,0.0
12-12 20:45,0.0
12-12 21:00,0.0
12-12 21:15,0.0
12-12 21:30,0.0
12-12 21:45,0.0
12-12 22:00,0.0
12-12 22:15,0.0
12-12 22:30,0.0
12-12 22:45,0.0
12-12 23:00,0.0
12-12 23:15,0.0
12-12 23:30,0.0
12-12 23:45,0.0
12-13 00:00,0.0
12-13 00:15,0.0
12-13 00:30,0.0
12-13 00:45,0.0
12-13 01:00,0.0
12-13 01:15,0.0
12-13 01:30,0.0
12-13 01:45,0.0
12-13 02:00,0.0
12-13 02:15,0.0
12-13 02:30,0.0
12-13 02:45,0.0
12-13 03:00,1484.2857142857142
12-13 03:15,1484.2857142857142
12-13 03:30,1484.2857142857142
12-13 03:45,43.2252349657095
12-13 04:00,0.0
12-13 04:15,0.0
12-13 04:30,0.0
12-13 04:45,0.0
12-13 05:00,0.0
12-13 05:15,0.0
12-13 05:30,0.0
12-13 05:45,0.0
12-13 06:00,3580.444344314286
12-13 06:15,0.0
12-13 06:30,0.0
12-13 06:45,0.0
12-13 07:00,0.0
12-13 07:15,0.0
12-13 07:30,287.21893565714305
12-13 07:45,0.0
12-13 08:00,0.0
12-13 08:15,0.0
12-13 08:30,0.0
12-13 08:45,0.0
12-13 09:00,0.0
12-13 09:15,0.0
12-13 09:30,0.0
12-13 09:45,0.0
12-13 10:00,0.0
12-13 10:15,0.0
12-13 10:30,0.0
12-13 10:45,3481.2855702285715
12-13 11:00,0.0
12-13 11:15,0.0
12-13 11:30,0.0
12-13 11:45,0.0
12-13 12:00,0.0
12-13 12:15,0.0
12-13 12:30,0.0
12-13 12:45,0.0
12-13 13:00,0.0
12-13 13:15,0.0
12-13 13:30,0.0
12-13 13:45,0.0
12-13 14:00,0.0
12-13 14:15,0.0
12-13 14:30,0.0
12-13 14:45,0.0
12-13 15:00,0.0
12-13 15:15,0.0
12-13 15:30,0.0
12-13 15:45,0.0
12-13 16:00,0.0
12-13 16:15,0.0
12-13 16:30,0.0
12-13 16:45,0.0
12-13 17:00,0.0
12-13 17:15,0.0
12-13 17:30,0.0
12-13 17:45,0.0
12-13 18:00,0.0
12-13 18:15,0.0
12-13 18:30,0.0
12-13 18:45,0.0
12-13 19:00,0.0
12-13 19:15,0.0
12-13 19:30,0.0
12-13 19:45,0.0
12-13 20:00,0.0
12-13 20:15,0.0
12-13 20:30,0.0
12-13 20:45,0.0
12-13 21:00,0.0
12-13 21:15,0.0
12-13 21:30,0.0
12-13 21:45,0.0
12-13 22:00,0.0
12-13 22:15,0.0
12-13 22:30,0.0
12-13 22:45,0.0
12-13 23:00,0.0
12-13 23:15,0.0
12-13 23:30,0.0
12-13 23:45,0.0
12-14 00:00,0.0
12-14 00:15,0.0
12-14 00:30,0.0
12-14 00:45,0.0
12-14 01:00,0.0
12-14 01:15,0.0
12-14 01:30,0.0
12-14 01:45,0.0
12-14 02:00,0.0
12-14 02:15,0.0
12-14 02:30,0.0
12-14 02:45,0.0
12-14 03:00,0.0
12-14 03:15,0.0
12-14 03:30,0.0
12-14 03:45,0.0
12-14 04:00,0.0
12-14 04:15,0.0
12-14 04:30,0.0
12-14 04:45,0.0
12-14 05:00,0.0
12-14 05:15,0.0
12-14 05:30,0.0
12-14 05:45,0.0
12-14 06:00,0.0
12-14 06:15,0.0
12-14 06:30,0.0
12-14 06:45,0.0
12-14 07:00,0.0
12-14 07:15,0.0
12-14 07:30,0.0
12-14 07:45,0.0
12-14 08:00,0.0
12-14 08:15,0.0
12-14 08:30,0.0
12-14 08:45,0.0
12-14 09:00,0.0
12-14 09:15,0.0
12-14 09:30,0.0
12-14 09:45,0.0
12-14 10:00,0.0
12-14 10:15,0.0
12-14 10:30,3625.7138349
12-14 10:45,0.0
12-14 11:00,0.0
12-14 11:15,0.0
12-14 11:30,0.0
12-14 11:45,0.0
12-14 12:00,0.0
12-14 12:15,0.0
12-14 12:30,1746.1670539571433
12-14 12:45,0.0
12-14 13:00,0.0
12-14 13:15,0.0
12-14 13:30,0.0
12-14 13:45,0.0
12-14 14:00,0.0
12-14 14:15,0.0
12-14 14:30,0.0
12-14 14:45,0.0
12-14 15:00,0.0
12-14 15:15,0.0
12-14 15:30,0.0
12-14 15:45,0.0
12-14 16:00,0.0
12-14 16:15,0.0
12-14 16:30,0.0
12-14 16:45,0.0
12-14 17:00,0.0
12-14 17:15,0.0
12-14 17:30,0.0
12-14 17:45,0.0
12-14 18:00,0.0
12-14 18:15,0.0
12-14 18:30,0.0
12-14 18:45,0.0
12-14 19:00,0.0
12-14 19:15,0.0
12-14 19:30,0.0
12-14 19:45,0.0
12-14 20:00,0.0
12-14 20:15,0.0
12-14 20:30,0.0
12-14 20:45,0.0
12-14 21:00,0.0
12-14 21:15,0.0
12-14 21:30,0.0
12-14 21:45,0.0
12-14 22:00,0.0
12-14 22:15,0.0
12-14 22:30,0.0
12-14 22:45,0.0
12-14 23:00,0.0
12-14 23:15,542.3323790071429
12-14 23:30,401.4176313828572
12-14 23:45,0.0
12-15 00:00,1484.2857142857142
12-15 00:15,1484.2857142857142
12-15 00:30,1484.2857142857142
12-15 00:45,1484.2857142857142
12-15 01:00,1484.2857142857142
12-15 01:15,1484.2857142857142
12-15 01:30,1484.2857142857142
12-15 01:45,1484.2857142857142
12-15 02:00,1484.2857142857142
12-15 02:15,0.0
12-15 02:30,1484.2857142857142
12-15 02:45,739.9999999999553
12-15 03:00,0.0
12-15 03:15,0.0
12-15 03:30,0.0
12-15 03:45,0.0
12-15 04:00,1484.2857142857142
12-15 04:15,1484.2857142857142
12-15 04:30,1484.2857142857142
12-15 04:45,1484.2857142857142
12-15 05:00,1484.2857142857142
12-15 05:15,1484.2857142857142
12-15 05:30,1484.2857142857142
12-15 05:45,1484.2857142857142
12-15 06:00,4139.540833442858
12-15 06:15,7116.971037071428
12-15 06:30,1484.2857142857142
12-15 06:45,2078.9586372414287
12-15 07:00,1484.2857142857142
12-15 07:15,1949.2220813857143
12-15 07:30,2089.510536435714
12-15 07:45,4184.214051785714
12-15 08:00,1484.2857142857142
12-15 08:15,6524.0614545
12-15 08:30,2061.3276627200003
12-15 08:45,1484.2857142857142
12-15 09:00,1484.2857142857142
12-15 09:15,1484.2857142857142
12-15 09:30,1953.70863885
12-15 09:45,1484.2857142857142
12-15 10:00,1484.2857142857142
12-15 10:15,2104.335598477143
12-15 10:30,1484.2857142857142
12-15 10:45,1960.4224990085715
12-15 11:00,0.0
12-15 11:15,0.0
12-15 11:30,0.0
12-15 11:45,0.0
12-15 12:00,0.0
12-15 12:15,0.0
12-15 12:30,0.0
12-15 12:45,0.0
12-15 13:00,0.0
12-15 13:15,0.0
12-15 13:30,86.64809641428168
12-15 13:45,1484.2857142857142
12-15 14:00,0.0
12-15 14:15,0.0
12-15 14:30,0.0
12-15 14:45,957.5887632385616
12-15 15:00,316.66477468
12-15 15:15,0.0
12-15 15:30,0.0
12-15 15:45,708.4500827385714
12-15 16:00,0.0
12-15 16:15,0.0
12-15 16:30,0.0
12-15 16:45,0.0
12-15 17:00,0.0
12-15 17:15,0.0
12-15 17:30,0.0
12-15 17:45,0.0
12-15 18:00,0.0
12-15 18:15,0.0
12-15 18:30,0.0
12-15 18:45,0.0
12-15 19:00,2679.963409028572
12-15 19:15,3002.859970228571
12-15 19:30,0.0
12-15 19:45,0.0
12-15 20:00,0.0
12-15 20:15,0.0
12-15 20:30,0.0
12-15 20:45,0.0
12-15 21:00,0.0
12-15 21:15,0.0
12-15 21:30,0.0
12-15 21:45,0.0
12-15 22:00,0.0
12-15 22:15,0.0
12-15 22:30,5513.853185057144
12-15 22:45,0.0
12-15 23:00,0.0
12-15 23:15,0.0
12-15 23:30,0.0
12-15 23:45,0.0
12-16 00:00,0.0
12-16 00:15,0.0
12-16 00:30,0.0
12-16 00:45,0.0
12-16 01:00,0.0
12-16 01:15,0.0
12-16 01:30,0.0
12-16 01:45,0.0
12-16 02:00,0.0
12-16 02:15,0.0
12-16 02:30,0.0
12-16 02:45,0.0
12-16 03:00,0.0
12-16 03:15,0.0
12-16 03:30,0.0
12-16 03:45,0.0
12-16 04:00,0.0
12-16 04:15,0.0
12-16 04:30,0.0
12-16 04:45,0.0
12-16 05:00,0.0
12-16 05:15,0.0
12-16 05:30,0.0
12-16 05:45,0.0
12-16 06:00,0.0
12-16 06:15,0.0
12-16 06:30,0.0
12-16 06:45,1443.0974555285711
12-16 07:00,0.0
12-16 07:15,0.0
12-16 07:30,0.0
12-16 07:45,0.0
12-16 08:00,0.0
12-16 08:15,0.0
12-16 08:30,0.0
12-16 08:45,0.0
12-16 09:00,0.0
12-16 09:15,0.0
12-16 09:30,0.0
12-16 09:45,2254.716784314286
12-16 10:00,0.0
12-16 10:15,0.0
12-16 10:30,0.0
12-16 10:45,0.0
12-16 11:00,0.0
12-16 11:15,0.0
12-16 11:30,0.0
12-16 11:45,0.0
12-16 12:00,0.0
12-16 12:15,0.0
12-16 12:30,0.0
12-16 12:45,0.0
12-16 13:00,0.0
12-16 13:15,0.0
12-16 13:30,0.0
12-16 13:45,0.0
12-16 14:00,0.0
12-16 14:15,0.0
12-16 14:30,0.0
12-16 14:45,0.0
12-16 15:00,0.0
12-16 15:15,0.0
12-16 15:30,0.0
12-16 15:45,0.0
12-16 16:00,0.0
12-16 16:15,0.0
12-16 16:30,0.0
12-16 16:45,0.0
12-16 17:00,0.0
12-16 17:15,0.0
12-16 17:30,0.0
12-16 17:45,0.0
12-16 18:00,0.0
12-16 18:15,0.0
12-16 18:30,0.0
12-16 18:45,0.0
12-16 19:00,0.0
12-16 19:15,0.0
12-16 19:30,0.0
12-16 19:45,0.0
12-16 20:00,0.0
12-16 20:15,0.0
12-16 20:30,0.0
12-16 20:45,0.0
12-16 21:00,0.0
12-16 21:15,0.0
12-16 21:30,3236.2872323285724
12-16 21:45,0.0
12-16 22:00,0.0
12-16 22:15,0.0
12-16 22:30,0.0
12-16 22:45,0.0
12-16 23:00,0.0
12-16 23:15,0.0
12-16 23:30,0.0
12-16 23:45,0.0
12-17 00:00,0.0
12-17 00:15,0.0
12-17 00:30,0.0
12-17 00:45,0.0
12-17 01:00,0.0
12-17 01:15,0.0
12-17 01:30,0.0
12-17 01:45,0.0
12-17 02:00,0.0
12-17 02:15,0.0
12-17 02:30,0.0
12-17 02:45,0.0
12-17 03:00,0.0
12-17 03:15,0.0
12-17 03:30,0.0
12-17 03:45,0.0
12-17 04:00,0.0
12-17 04:15,0.0
12-17 04:30,0.0
12-17 04:45,0.0
12-17 05:00,0.0
12-17 05:15,0.0
12-17 05:30,0.0
12-17 05:45,0.0
12-17 06:00,0.0
12-17 06:15,0.0
12-17 06:30,836.7889276857144
12-17 06:45,0.0
12-17 07:00,0.0
12-17 07:15,0.0
12-17 07:30,0.0
12-17 07:45,0.0
12-17 08:00,0.0
12-17 08:15,0.0
12-17 08:30,0.0
12-17 08:45,0.0
12-17 09:00,0.0
12-17 09:15,3170.380578414285
12-17 09:30,0.0
12-17 09:45,0.0
12-17 10:00,0.0
12-17 10:15,0.0
12-17 10:30,2031.5387617
12-17 10:45,0.0
12-17 11:00,0.0
12-17 11:15,0.0
12-17 11:30,0.0
12-17 11:45,3792.194023457143
12-17 12:00,0.0
12-17 12:15,0.0
12-17 12:30,0.0
12-17 12:45,0.0
12-17 13:00,0.0
12-17 13:15,0.0
12-17 13:30,0.0
12-17 13:45,0.0
12-17 14:00,3849.017998442857
12-17 14:15,0.0
12-17 14:30,0.0
12-17 14:45,0.0
12-17 15:00,0.0
12-17 15:15,0.0
12-17 15:30,1614.2091101000003
12-17 15:45,0.0
12-17 16:00,0.0
12-17 16:15,0.0
12-17 16:30,0.0
12-17 16:45,0.0
12-17 17:00,0.0
12-17 17:15,0.0
12-17 17:30,0.0
12-17 17:45,0.0
12-17 18:00,0.0
12-17 18:15,0.0
12-17 18:30,0.0
12-17 18:45,0.0
12-17 19:00,0.0
12-17 19:15,0.0
12-17 19:30,0.0
12-17 19:45,0.0
12-17 20:00,0.0
12-17 20:15,0.0
12-17 20:30,0.0
12-17 20:45,0.0
12-17 21:00,0.0
12-17 21:15,0.0
12-17 21:30,0.0
12-17 21:45,0.0
12-17 22:00,0.0
12-17 22:15,0.0
12-17 22:30,0.0
12-17 22:45,0.0
12-17 23:00,0.0
12-17 23:15,0.0
12-17 23:30,0.0
12-17 23:45,0.0
12-18 00:00,1484.2857142857142
12-18 00:15,1484.2857142857142
12-18 00:30,1484.2857142857142
12-18 00:45,1484.2857142857142
12-18 01:00,0.0
12-18 01:15,0.0
12-18 01:30,0.0
12-18 01:45,0.0
12-18 02:00,0.0
12-18 02:15,0.0
12-18 02:30,0.0
12-18 02:45,0.0
12-18 03:00,0.0
12-18 03:15,0.0
12-18 03:30,0.0
12-18 03:45,0.0
12-18 04:00,0.0
12-18 04:15,0.0
12-18 04:30,0.0
12-18 04:45,0.0
12-18 05:00,0.0
12-18 05:15,0.0
12-18 05:30,0.0
12-18 05:45,0.0
12-18 06:00,0.0
12-18 06:15,0.0
12-18 06:30,0.0
12-18 06:45,0.0
12-18 07:00,0.0
12-18 07:15,0.0
12-18 07:30,0.0
12-18 07:45,0.0
12-18 08:00,0.0
12-18 08:15,0.0
12-18 08:30,0.0
12-18 08:45,0.0
12-18 09:00,0.0
12-18 09:15,0.0
12-18 09:30,0.0
12-18 09:45,0.0
12-18 10:00,0.0
12-18 10:15,0.0
12-18 10:30,0.0
12-18 10:45,0.0
12-18 11:00,0.0
12-18 11:15,0.0
12-18 11:30,0.0
12-18 11:45,0.0
12-18 12:00,0.0
12-18 12:15,3095.7042696
12-18 12:30,0.0
12-18 12:45,0.0
12-18 13:00,0.0
12-18 13:15,0.0
12-18 13:30,0.0
12-18 13:45,2639.1265444428573
12-18 14:00,0.0
12-18 14:15,0.0
12-18 14:30,0.0
12-18 14:45,0.0
12-18 15:00,0.0
12-18 15:15,0.0
12-18 15:30,0.0
12-18 15:45,0.0
12-18 16:00,0.0
12-18 16:15,0.0
12-18 16:30,0.0
12-18 16:45,0.0
12-18 17:00,0.0
12-18 17:15,0.0
12-18 17:30,0.0
12-18 17:45,0.0
12-18 18:00,0.0
12-18 18:15,0.0
12-18 18:30,0.0
12-18 18:45,3247.5687483
12-18 19:00,0.0
12-18 19:15,0.0
12-18 19:30,0.0
12-18 19:45,0.0
12-18 20:00,0.0
12-18 20:15,0.0
12-18 20:30,0.0
12-18 20:45,1134.4533839
12-18 21:00,0.0
12-18 21:15,0.0
12-18 21:30,0.0
12-18 21:45,0.0
12-18 22:00,0.0
12-18 22:15,0.0
12-18 22:30,0.0
12-18 22:45,0.0
12-18 23:00,0.0
12-18 23:15,0.0
12-18 23:30,0.0
12-18 23:45,0.0
12-19 00:00,0.0
12-19 00:15,0.0
12-19 00:30,0.0
12-19 00:45,0.0
12-19 01:00,0.0
12-19 01:15,0.0
12-19 01:30,0.0
12-19 01:45,0.0
12-19 02:00,0.0
12-19 02:15,0.0
12-19 02:30,0.0
12-19 02:45,0.0
12-19 03:00,0.0
12-19 03:15,0.0
12-19 03:30,0.0
12-19 03:45,0.0
12-19 04:00,0.0
12-19 04:15,0.0
12-19 04:30,0.0
12-19 04:45,0.0
12-19 05:00,0.0
12-19 05:15,0.0
12-19 05:30,0.0
12-19 05:45,0.0
12-19 06:00,0.0
12-19 06:15,0.0
12-19 06:30,0.0
12-19 06:45,0.0
12-19 07:00,0.0
12-19 07:15,0.0
12-19 07:30,0.0
12-19 07:45,0.0
12-19 08:00,0.0
12-19 08:15,0.0
12-19 08:30,0.0
12-19 08:45,0.0
12-19 09:00,0.0
12-19 09:15,0.0
12-19 09:30,0.0
12-19 09:45,0.0
12-19 10:00,0.0
12-19 10:15,0.0
12-19 10:30,0.0
12-19 10:45,0.0
12-19 11:00,0.0
12-19 11:15,0.0
12-19 11:30,0.0
12-19 11:45,0.0
12-19 12:00,0.0
12-19 12:15,0.0
12-19 12:30,0.0
12-19 12:45,0.0
12-19 13:00,0.0
12-19 13:15,0.0
12-19 13:30,0.0
12-19 13:45,0.0
12-19 14:00,1806.031170957143
12-19 14:15,0.0
12-19 14:30,0.0
12-19 14:45,0.0
12-19 15:00,0.0
12-19 15:15,0.0
12-19 15:30,0.0
12-19 15:45,3094.6682496
12-19 16:00,0.0
12-19 16:15,0.0
12-19 16:30,0.0
12-19 16:45,0.0
12-19 17:00,0.0
12-19 17:15,7780.352097157143
12-19 17:30,0.0
12-19 17:45,0.0
12-19 18:00,0.0
12-19 18:15,0.0
12-19 18:30,0.0
12-19 18:45,0.0
12-19 19:00,0.0
12-19 19:15,0.0
12-19 19:30,0.0
12-19 19:45,0.0
12-19 20:00,0.0
12-19 20:15,0.0
12-19 20:30,0.0
12-19 20:45,0.0
12-19 21:00,0.0
12-19 21:15,0.0
12-19 21:30,0.0
12-19 21:45,0.0
12-19 22:00,0.0
12-19 22:15,0.0
12-19 22:30,0.0
12-19 22:45,0.0
12-19 23:00,0.0
12-19 23:15,0.0
12-19 23:30,0.0
12-19 23:45,0.0
12-20 00:00,0.0
12-20 00:15,0.0
12-20 00:30,0.0
12-20 00:45,0.0
12-20 01:00,0.0
12-20 01:15,0.0
12-20 01:30,0.0
12-20 01:45,0.0
12-20 02:00,1484.2857142857142
12-20 02:15,1484.2857142857142
12-20 02:30,1484.2857142857142
12-20 02:45,1484.2857142857142
12-20 03:00,1484.2857142857142
12-20 03:15,1484.2857142857142
12-20 03:30,1484.2857142857142
12-20 03:45,1484.2857142857142
12-20 04:00,0.0
12-20 04:15,0.0
12-20 04:30,0.0
12-20 04:45,282.11084783288345
12-20 05:00,0.0
12-20 05:15,0.0
12-20 05:30,0.0
12-20 05:45,0.0
12-20 06:00,0.0
12-20 06:15,0.0
12-20 06:30,0.0
12-20 06:45,0.0
12-20 07:00,0.0
12-20 07:15,0.0
12-20 07:30,0.0
12-20 07:45,0.0
12-20 08:00,0.0
12-20 08:15,0.0
12-20 08:30,0.0
12-20 08:45,0.0
12-20 09:00,0.0
12-20 09:15,0.0
12-20 09:30,0.0
12-20 09:45,0.0
12-20 10:00,0.0
12-20 10:15,0.0
12-20 10:30,0.0
12-20 10:45,0.0
12-20 11:00,0.0
12-20 11:15,0.0
12-20 11:30,0.0
12-20 11:45,0.0
12-20 12:00,0.0
12-20 12:15,0.0
12-20 12:30,0.0
12-20 12:45,0.0
12-20 13:00,0.0
12-20 13:15,0.0
12-20 13:30,0.0
12-20 13:45,0.0
12-20 14:00,0.0
12-20 14:15,0.0
12-20 14:30,0.0
12-20 14:45,0.0
12-20 15:00,0.0
12-20 15:15,0.0
12-20 15:30,0.0
12-20 15:45,0.0
12-20 16:00,0.0
12-20 16:15,0.0
12-20 16:30,0.0
12-20 16:45,4166.305690757144
12-20 17:00,0.0
12-20 17:15,0.0
12-20 17:30,0.0
12-20 17:45,0.0
12-20 18:00,2635.129697571429
12-20 18:15,0.0
12-20 18:30,1803.7257147
12-20 18:45,0.0
12-20 19:00,0.0
12-20 19:15,0.0
12-20 19:30,0.0
12-20 19:45,0.0
12-20 20:00,0.0
12-20 20:15,0.0
12-20 20:30,0.0
12-20 20:45,0.0
12-20 21:00,0.0
12-20 21:15,0.0
12-20 21:30,0.0
12-20 21:45,0.0
12-20 22:00,0.0
12-20 22:15,0.0
12-20 22:30,4055.873337828573
12-20 22:45,0.0
12-20 23:00,0.0
12-20 23:15,0.0
12-20 23:30,0.0
12-20 23:45,0.0
12-21 00:00,0.0
12-21 00:15,0.0
12-21 00:30,0.0
12-21 00:45,0.0
12-21 01:00,0.0
12-21 01:15,0.0
12-21 01:30,0.0
12-21 01:45,0.0
12-21 02:00,1484.2857142857142
12-21 02:15,1484.2857142857142
12-21 02:30,1484.2857142857142
12-21 02:45,1484.2857142857142
12-21 03:00,1484.2857142857142
12-21 03:15,1484.2857142857142
12-21 03:30,1484.2857142857142
12-21 03:45,2158.0268095514284
12-21 04:00,1484.2857142857142
12-21 04:15,1484.2857142857142
12-21 04:30,1484.2857142857142
12-21 04:45,1484.2857142857142
12-21 05:00,3999.3385553100015
12-21 05:15,0.0
12-21 05:30,0.0
12-21 05:45,0.0
12-21 06:00,0.0
12-21 06:15,0.0
12-21 06:30,0.0
12-21 06:45,0.0
12-21 07:00,0.0
12-21 07:15,1683.2836935857144
12-21 07:30,0.0
12-21 07:45,0.0
12-21 08:00,0.0
12-21 08:15,0.0
12-21 08:30,0.0
12-21 08:45,0.0
12-21 09:00,0.0
12-21 09:15,0.0
12-21 09:30,0.0
12-21 09:45,0.0
12-21 10:00,0.0
12-21 10:15,0.0
12-21 10:30,0.0
12-21 10:45,0.0
12-21 11:00,3775.744113371428
12-21 11:15,0.0
12-21 11:30,0.0
12-21 11:45,0.0
12-21 12:00,0.0
12-21 12:15,0.0
12-21 12:30,0.0
12-21 12:45,0.0
12-21 13:00,0.0
12-21 13:15,0.0
12-21 13:30,5360.895986614287
12-21 13:45,0.0
12-21 14:00,0.0
12-21 14:15,0.0
12-21 14:30,0.0
12-21 14:45,0.0
12-21 15:00,0.0
12-21 15:15,0.0
12-21 15:30,3894.9884989
12-21 15:45,0.0
12-21 16:00,0.0
12-21 16:15,0.0
12-21 16:30,0.0
12-21 16:45,0.0
12-21 17:00,0.0
12-21 17:15,0.0
12-21 17:30,0.0
12-21 17:45,0.0
12-21 18:00,0.0
12-21 18:15,3189.5838327
12-21 18:30,0.0
12-21 18:45,0.0
12-21 19:00,0.0
12-21 19:15,0.0
12-21 19:30,0.0
12-21 19:45,0.0
12-21 20:00,0.0
12-21 20:15,0.0
12-21 20:30,0.0
12-21 20:45,0.0
12-21 21:00,0.0
12-21 21:15,0.0
12-21 21:30,0.0
12-21 21:45,0.0
12-21 22:00,0.0
12-21 22:15,0.0
12-21 22:30,0.0
12-21 22:45,0.0
12-21 23:00,0.0
12-21 23:15,0.0
12-21 23:30,0.0
12-21 23:45,0.0
12-22 00:00,0.0
12-22 00:15,0.0
12-22 00:30,0.0
12-22 00:45,0.0
12-22 01:00,0.0
12-22 01:15,0.0
12-22 01:30,0.0
12-22 01:45,0.0
12-22 02:00,0.0
12-22 02:15,0.0
12-22 02:30,0.0
12-22 02:45,0.0
12-22 03:00,1484.2857142857142
12-22 03:15,1484.2857142857142
12-22 03:30,1484.2857142857142
12-22 03:45,1484.2857142857142
12-22 04:00,1484.2857142857142
12-22 04:15,1484.2857142857142
12-22 04:30,1484.2857142857142
12-22 04:45,1484.2857142857142
12-22 05:00,0.0
12-22 05:15,1147.258437965955
12-22 05:30,0.0
12-22 05:45,0.0
12-22 06:00,0.0
12-22 06:15,0.0
12-22 06:30,0.0
12-22 06:45,0.0
12-22 07:00,0.0
12-22 07:15,0.0
12-22 07:30,0.0
12-22 07:45,0.0
12-22 08:00,0.0
12-22 08:15,0.0
12-22 08:30,0.0
12-22 08:45,0.0
12-22 09:00,2410.0131940571428
12-22 09:15,0.0
12-22 09:30,0.0
12-22 09:45,0.0
12-22 10:00,0.0
12-22 10:15,0.0
12-22 10:30,0.0
12-22 10:45,0.0
12-22 11:00,0.0
12-22 11:15,0.0
12-22 11:30,0.0
12-22 11:45,0.0
12-22 12:00,0.0
12-22 12:15,0.0
12-22 12:30,0.0
12-22 12:45,0.0
12-22 13:00,0.0
12-22 13:15,0.0
12-22 13:30,0.0
12-22 13:45,0.0
12-22 14:00,0.0
12-22 14:15,0.0
12-22 14:30,0.0
12-22 14:45,0.0
12-22 15:00,0.0
12-22 15:15,0.0
12-22 15:30,0.0
12-22 15:45,0.0
12-22 16:00,0.0
12-22 16:15,0.0
12-22 16:30,0.0
12-22 16:45,0.0
12-22 17:00,0.0
12-22 17:15,0.0
12-22 17:30,0.0
12-22 17:45,0.0
12-22 18:00,0.0
12-22 18:15,0.0
12-22 18:30,0.0
12-22 18:45,0.0
12-22 19:00,0.0
12-22 19:15,0.0
12-22 19:30,0.0
12-22 19:45,0.0
12-22 20:00,0.0
12-22 20:15,0.0
12-22 20:30,0.0
12-22 20:45,0.0
12-22 21:00,0.0
12-22 21:15,0.0
12-22 21:30,0.0
12-22 21:45,0.0
12-22 22:00,0.0
12-22 22:15,0.0
12-22 22:30,0.0
12-22 22:45,0.0
12-22 23:00,0.0
12-22 23:15,0.0
12-22 23:30,0.0
12-22 23:45,0.0
12-23 00:00,0.0
12-23 00:15,0.0
12-23 00:30,0.0
12-23 00:45,0.0
12-23 01:00,1484.2857142857142
12-23 01:15,1484.2857142857142
12-23 01:30,1484.2857142857142
12-23 01:45,1484.2857142857142
12-23 02:00,1484.2857142857142
12-23 02:15,1484.2857142857142
12-23 02:30,1484.2857142857142
12-23 02:45,1484.2857142857142
12-23 03:00,1484.2857142857142
12-23 03:15,1484.2857142857142
12-23 03:30,1484.2857142857142
12-23 03:45,1484.2857142857142
12-23 04:00,1484.2857142857142
12-23 04:15,1484.2857142857142
12-23 04:30,1484.2857142857142
12-23 04:45,1484.2857142857142
12-23 05:00,1484.2857142857142
12-23 05:15,1484.2857142857142
12-23 05:30,1484.2857142857142
12-23 05:45,1484.2857142857142
12-23 06:00,0.0
12-23 06:15,0.0
12-23 06:30,0.0
12-23 06:45,0.0
12-23 07:00,0.0
12-23 07:15,0.0
12-23 07:30,0.0
12-23 07:45,0.0
12-23 08:00,0.0
12-23 08:15,0.0
12-23 08:30,0.0
12-23 08:45,0.0
12-23 09:00,0.0
12-23 09:15,0.0
12-23 09:30,0.0
12-23 09:45,0.0
12-23 10:00,0.0
12-23 10:15,0.0
12-23 10:30,0.0
12-23 10:45,0.0
12-23 11:00,0.0
12-23 11:15,0.0
12-23 11:30,0.0
12-23 11:45,0.0
12-23 12:00,0.0
12-23 12:15,0.0
12-23 12:30,0.0
12-23 12:45,0.0
12-23 13:00,0.0
12-23 13:15,0.0
12-23 13:30,0.0
12-23 13:45,0.0
12-23 14:00,0.0
12-23 14:15,0.0
12-23 14:30,0.0
12-23 14:45,0.0
12-23 15:00,0.0
12-23 15:15,0.0
12-23 15:30,0.0
12-23 15:45,2389.5629756142857
12-23 16:00,0.0
12-23 16:15,0.0
12-23 16:30,0.0
12-23 16:45,0.0
12-23 17:00,0.0
12-23 17:15,0.0
12-23 17:30,0.0
12-23 17:45,0.0
12-23 18:00,0.0
12-23 18:15,0.0
12-23 18:30,0.0
12-23 18:45,0.0
12-23 19:00,0.0
12-23 19:15,0.0
12-23 19:30,2889.200183842858
12-23 19:45,0.0
12-23 20:00,0.0
12-23 20:15,0.0
12-23 20:30,0.0
12-23 20:45,0.0
12-23 21:00,0.0
12-23 21:15,0.0
12-23 21:30,0.0
12-23 21:45,0.0
12-23 22:00,0.0
12-23 22:15,0.0
12-23 22:30,0.0
12-23 22:45,0.0
12-23 23:00,0.0
12-23 23:15,0.0
12-23 23:30,0.0
12-23 23:45,0.0
12-24 00:00,2051.884280275714
12-24 00:15,1484.2857142857142
12-24 00:30,1484.2857142857142
12-24 00:45,1484.2857142857142
12-24 01:00,1484.2857142857142
12-24 01:15,1484.2857142857142
12-24 01:30,1484.2857142857142
12-24 01:45,1484.2857142857142
12-24 02:00,1484.2857142857142
12-24 02:15,1484.2857142857142
12-24 02:30,1484.2857142857142
12-24 02:45,1484.2857142857142
12-24 03:00,1484.2857142857142
12-24 03:15,1484.2857142857142
12-24 03:30,1484.2857142857142
12-24 03:45,1484.2857142857142
12-24 04:00,1484.2857142857142
12-24 04:15,1484.2857142857142
12-24 04:30,1484.2857142857142
12-24 04:45,1484.2857142857142
12-24 05:00,1484.2857142857142
12-24 05:15,1484.2857142857142
12-24 05:30,1484.2857142857142
12-24 05:45,1484.2857142857142
12-24 06:00,1484.2857142857142
12-24 06:15,1484.2857142857142
12-24 06:30,1484.2857142857142
12-24 06:45,1484.2857142857142
12-24 07:00,0.0
12-24 07:15,289.03179079142853
12-24 07:30,0.0
12-24 07:45,342.5447894228536
12-24 08:00,0.0
12-24 08:15,0.0
12-24 08:30,0.0
12-24 08:45,0.0
12-24 09:00,0.0
12-24 09:15,0.0
12-24 09:30,0.0
12-24 09:45,0.0
12-24 10:00,0.0
12-24 10:15,2246.2100343285715
12-24 10:30,0.0
12-24 10:45,0.0
12-24 11:00,5429.534220957144
12-24 11:15,0.0
12-24 11:30,3227.4727090428573
12-24 11:45,2614.558188442857
12-24 12:00,0.0
12-24 12:15,0.0
12-24 12:30,0.0
12-24 12:45,0.0
12-24 13:00,0.0
12-24 13:15,0.0
12-24 13:30,0.0
12-24 13:45,3210.1101188714283
12-24 14:00,0.0
12-24 14:15,0.0
12-24 14:30,0.0
12-24 14:45,0.0
12-24 15:00,0.0
12-24 15:15,0.0
12-24 15:30,0.0
12-24 15:45,0.0
12-24 16:00,0.0
12-24 16:15,0.0
12-24 16:30,0.0
12-24 16:45,0.0
12-24 17:00,0.0
12-24 17:15,0.0
12-24 17:30,0.0
12-24 17:45,0.0
12-24 18:00,0.0
12-24 18:15,0.0
12-24 18:30,0.0
12-24 18:45,0.0
12-24 19:00,0.0
12-24 19:15,0.0
12-24 19:30,0.0
12-24 19:45,0.0
12-24 20:00,2808.1532117285715
12-24 20:15,0.0
12-24 20:30,3242.4548004142853
12-24 20:45,0.0
12-24 21:00,0.0
12-24 21:15,0.0
12-24 21:30,0.0
12-24 21:45,0.0
12-24 22:00,0.0
12-24 22:15,0.0
12-24 22:30,0.0
12-24 22:45,0.0
12-24 23:00,0.0
12-24 23:15,0.0
12-24 23:30,0.0
12-24 23:45,0.0
12-25 00:00,0.0
12-25 00:15,0.0
12-25 00:30,0.0
12-25 00:45,0.0
12-25 01:00,0.0
12-25 01:15,0.0
12-25 01:30,0.0
12-25 01:45,0.0
12-25 02:00,0.0
12-25 02:15,255.331206422846
12-25 02:30,0.0
12-25 02:45,0.0
12-25 03:00,1484.2857142857142
12-25 03:15,1484.2857142857142
12-25 03:30,1484.2857142857142
12-25 03:45,1484.2857142857142
12-25 04:00,1484.2857142857142
12-25 04:15,1484.2857142857142
12-25 04:30,1484.2857142857142
12-25 04:45,1484.2857142857142
12-25 05:00,0.0
12-25 05:15,0.0
12-25 05:30,0.0
12-25 05:45,0.0
12-25 06:00,1819.153071255714
12-25 06:15,1484.2857142857142
12-25 06:30,1484.2857142857142
12-25 06:45,1484.2857142857142
12-25 07:00,0.0
12-25 07:15,0.0
12-25 07:30,0.0
12-25 07:45,0.0
12-25 08:00,0.0
12-25 08:15,0.0
12-25 08:30,0.0
12-25 08:45,0.0
12-25 09:00,0.0
12-25 09:15,0.0
12-25 09:30,0.0
12-25 09:45,0.0
12-25 10:00,0.0
12-25 10:15,0.0
12-25 10:30,0.0
12-25 10:45,0.0
12-25 11:00,0.0
12-25 11:15,2787.2805335857147
12-25 11:30,0.0
12-25 11:45,0.0
12-25 12:00,0.0
12-25 12:15,4886.880721385715
12-25 12:30,3120.453631828572
12-25 12:45,0.0
12-25 13:00,0.0
12-25 13:15,0.0
12-25 13:30,0.0
12-25 13:45,0.0
12-25 14:00,0.0
12-25 14:15,1072.3306933
12-25 14:30,0.0
12-25 14:45,0.0
12-25 15:00,0.0
12-25 15:15,2263.8212794999995
12-25 15:30,0.0
12-25 15:45,0.0
12-25 16:00,0.0
12-25 16:15,0.0
12-25 16:30,0.0
12-25 16:45,0.0
12-25 17:00,3073.118844600001
12-25 17:15,0.0
12-25 17:30,0.0
12-25 17:45,0.0
12-25 18:00,0.0
12-25 18:15,0.0
12-25 18:30,0.0
12-25 18:45,0.0
12-25 19:00,0.0
12-25 19:15,0.0
12-25 19:30,0.0
12-25 19:45,0.0
12-25 20:00,0.0
12-25 20:15,0.0
12-25 20:30,0.0
12-25 20:45,0.0
12-25 21:00,0.0
12-25 21:15,0.0
12-25 21:30,0.0
12-25 21:45,0.0
12-25 22:00,0.0
12-25 22:15,0.0
12-25 22:30,0.0
12-25 22:45,0.0
12-25 23:00,0.0
12-25 23:15,0.0
12-25 23:30,0.0
12-25 23:45,0.0
12-26 00:00,0.0
12-26 00:15,0.0
12-26 00:30,0.0
12-26 00:45,0.0
12-26 01:00,0.0
12-26 01:15,0.0
12-26 01:30,0.0
12-26 01:45,0.0
12-26 02:00,0.0
12-26 02:15,0.0
12-26 02:30,0.0
12-26 02:45,0.0
12-26 03:00,0.0
12-26 03:15,0.0
12-26 03:30,0.0
12-26 03:45,165.43983560286588
12-26 04:00,0.0
12-26 04:15,0.0
12-26 04:30,0.0
12-26 04:45,0.0
12-26 05:00,0.0
12-26 05:15,0.0
12-26 05:30,0.0
12-26 05:45,0.0
12-26 06:00,0.0
12-26 06:15,0.0
12-26 06:30,0.0
12-26 06:45,0.0
12-26 07:00,0.0
12-26 07:15,0.0
12-26 07:30,0.0
12-26 07:45,0.0
12-26 08:00,0.0
12-26 08:15,0.0
12-26 08:30,0.0
12-26 08:45,0.0
12-26 09:00,0.0
12-26 09:15,0.0
12-26 09:30,0.0
12-26 09:45,0.0
12-26 10:00,0.0
12-26 10:15,0.0
12-26 10:30,0.0
12-26 10:45,0.0
12-26 11:00,0.0
12-26 11:15,1854.413495357143
12-26 11:30,0.0
12-26 11:45,0.0
12-26 12:00,0.0
12-26 12:15,0.0
12-26 12:30,0.0
12-26 12:45,0.0
12-26 13:00,2006.6671379000004
12-26 13:15,0.0
12-26 13:30,0.0
12-26 13:45,0.0
12-26 14:00,716.7187387571431
12-26 14:15,0.0
12-26 14:30,0.0
12-26 14:45,0.0
12-26 15:00,0.0
12-26 15:15,0.0
12-26 15:30,0.0
12-26 15:45,0.0
12-26 16:00,0.0
12-26 16:15,0.0
12-26 16:30,0.0
12-26 16:45,0.0
12-26 17:00,0.0
12-26 17:15,622.1850187428572
12-26 17:30,0.0
12-26 17:45,0.0
12-26 18:00,0.0
12-26 18:15,0.0
12-26 18:30,0.0
12-26 18:45,0.0
12-26 19:00,0.0
12-26 19:15,0.0
12-26 19:30,0.0
12-26 19:45,0.0
12-26 20:00,0.0
12-26 20:15,0.0
12-26 20:30,0.0
12-26 20:45,0.0
12-26 21:00,0.0
12-26 21:15,0.0
12-26 21:30,0.0
12-26 21:45,0.0
12-26 22:00,0.0
12-26 22:15,0.0
12-26 22:30,0.0
12-26 22:45,0.0
12-26 23:00,0.0
12-26 23:15,0.0
12-26 23:30,0.0
12-26 23:45,0.0
12-27 00:00,0.0
12-27 00:15,0.0
12-27 00:30,0.0
12-27 00:45,0.0
12-27 01:00,0.0
12-27 01:15,0.0
12-27 01:30,0.0
12-27 01:45,0.0
12-27 02:00,0.0
12-27 02:15,0.0
12-27 02:30,0.0
12-27 02:45,0.0
12-27 03:00,0.0
12-27 03:15,0.0
12-27 03:30,0.0
12-27 03:45,0.0
12-27 04:00,0.0
12-27 04:15,0.0
12-27 04:30,0.0
12-27 04:45,0.0
12-27 05:00,0.0
12-27 05:15,0.0
12-27 05:30,0.0
12-27 05:45,0.0
12-27 06:00,0.0
12-27 06:15,0.0
12-27 06:30,0.0
12-27 06:45,0.0
12-27 07:00,0.0
12-27 07:15,0.0
12-27 07:30,0.0
12-27 07:45,0.0
12-27 08:00,0.0
12-27 08:15,3785.041926371428
12-27 08:30,0.0
12-27 08:45,0.0
12-27 09:00,0.0
12-27 09:15,0.0
12-27 09:30,0.0
12-27 09:45,0.0
12-27 10:00,0.0
12-27 10:15,0.0
12-27 10:30,0.0
12-27 10:45,0.0
12-27 11:00,0.0
12-27 11:15,0.0
12-27 11:30,0.0
12-27 11:45,0.0
12-27 12:00,0.0
12-27 12:15,0.0
12-27 12:30,0.0
12-27 12:45,0.0
12-27 13:00,0.0
12-27 13:15,0.0
12-27 13:30,0.0
12-27 13:45,0.0
12-27 14:00,0.0
12-27 14:15,0.0
12-27 14:30,0.0
12-27 14:45,0.0
12-27 15:00,0.0
12-27 15:15,0.0
12-27 15:30,0.0
12-27 15:45,0.0
12-27 16:00,0.0
12-27 16:15,0.0
12-27 16:30,0.0
12-27 16:45,0.0
12-27 17:00,6694.212813171429
12-27 17:15,1870.7326545714284
12-27 17:30,0.0
12-27 17:45,0.0
12-27 18:00,0.0
12-27 18:15,0.0
12-27 18:30,0.0
12-27 18:45,0.0
12-27 19:00,0.0
12-27 19:15,0.0
12-27 19:30,0.0
12-27 19:45,0.0
12-27 20:00,0.0
12-27 20:15,0.0
12-27 20:30,0.0
12-27 20:45,0.0
12-27 21:00,0.0
12-27 21:15,0.0
12-27 21:30,0.0
12-27 21:45,0.0
12-27 22:00,0.0
12-27 22:15,0.0
12-27 22:30,0.0
12-27 22:45,0.0
12-27 23:00,0.0
12-27 23:15,0.0
12-27 23:30,0.0
12-27 23:45,0.0
12-28 00:00,0.0
12-28 00:15,0.0
12-28 00:30,0.0
12-28 00:45,0.0
12-28 01:00,0.0
12-28 01:15,0.0
12-28 01:30,0.0
12-28 01:45,0.0
12-28 02:00,0.0
12-28 02:15,0.0
12-28 02:30,0.0
12-28 02:45,0.0
12-28 03:00,0.0
12-28 03:15,0.0
12-28 03:30,0.0
12-28 03:45,0.0
12-28 04:00,0.0
12-28 04:15,0.0
12-28 04:30,0.0
12-28 04:45,0.0
12-28 05:00,0.0
12-28 05:15,0.0
12-28 05:30,0.0
12-28 05:45,3987.990035442857
12-28 06:00,0.0
12-28 06:15,0.0
12-28 06:30,0.0
12-28 06:45,0.0
12-28 07:00,0.0
12-28 07:15,0.0
12-28 07:30,0.0
12-28 07:45,0.0
12-28 08:00,0.0
12-28 08:15,0.0
12-28 08:30,0.0
12-28 08:45,0.0
12-28 09:00,0.0
12-28 09:15,0.0
12-28 09:30,0.0
12-28 09:45,0.0
12-28 10:00,0.0
12-28 10:15,0.0
12-28 10:30,0.0
12-28 10:45,0.0
12-28 11:00,4554.462264328572
12-28 11:15,0.0
12-28 11:30,0.0
12-28 11:45,0.0
12-28 12:00,0.0
12-28 12:15,0.0
12-28 12:30,0.0
12-28 12:45,0.0
12-28 13:00,0.0
12-28 13:15,0.0
12-28 13:30,0.0
12-28 13:45,0.0
12-28 14:00,0.0
12-28 14:15,3362.153471185716
12-28 14:30,0.0
12-28 14:45,0.0
12-28 15:00,0.0
12-28 15:15,0.0
12-28 15:30,0.0
12-28 15:45,0.0
12-28 16:00,0.0
12-28 16:15,0.0
12-28 16:30,0.0
12-28 16:45,0.0
12-28 17:00,0.0
12-28 17:15,0.0
12-28 17:30,0.0
12-28 17:45,0.0
12-28 18:00,0.0
12-28 18:15,0.0
12-28 18:30,0.0
12-28 18:45,0.0
12-28 19:00,0.0
12-28 19:15,0.0
12-28 19:30,0.0
12-28 19:45,0.0
12-28 20:00,0.0
12-28 20:15,2085.4989659000003
12-28 20:30,0.0
12-28 20:45,0.0
12-28 21:00,0.0
12-28 21:15,0.0
12-28 21:30,0.0
12-28 21:45,0.0
12-28 22:00,0.0
12-28 22:15,0.0
12-28 22:30,0.0
12-28 22:45,0.0
12-28 23:00,0.0
12-28 23:15,2214.384210242857
12-28 23:30,0.0
12-28 23:45,0.0
12-29 00:00,0.0
12-29 00:15,0.0
12-29 00:30,0.0
12-29 00:45,0.0
12-29 01:00,0.0
12-29 01:15,0.0
12-29 01:30,0.0
12-29 01:45,0.0
12-29 02:00,0.0
12-29 02:15,0.0
12-29 02:30,0.0
12-29 02:45,0.0
12-29 03:00,0.0
12-29 03:15,536.7778565614286
12-29 03:30,0.0
12-29 03:45,160.8917410248591
12-29 04:00,1484.2857142857142
12-29 04:15,1484.2857142857142
12-29 04:30,1484.2857142857142
12-29 04:45,1484.2857142857142
12-29 05:00,1484.2857142857142
12-29 05:15,1877.69957409
12-29 05:30,1484.2857142857142
12-29 05:45,1484.2857142857142
12-29 06:00,1484.2857142857142
12-29 06:15,1484.2857142857142
12-29 06:30,1641.27225396
12-29 06:45,1484.2857142857142
12-29 07:00,0.0
12-29 07:15,0.0
12-29 07:30,2860.955263028571
12-29 07:45,0.0
12-29 08:00,0.0
12-29 08:15,0.0
12-29 08:30,3557.1943934285714
12-29 08:45,0.0
12-29 09:00,0.0
12-29 09:15,0.0
12-29 09:30,1622.4666554428572
12-29 09:45,0.0
12-29 10:00,0.0
12-29 10:15,1988.5104110428567
12-29 10:30,0.0
12-29 10:45,0.0
12-29 11:00,0.0
12-29 11:15,0.0
12-29 11:30,0.0
12-29 11:45,0.0
12-29 12:00,0.0
12-29 12:15,0.0
12-29 12:30,0.0
12-29 12:45,574.5018030142859
12-29 13:00,0.0
12-29 13:15,852.8506666714288
12-29 13:30,0.0
12-29 13:45,0.0
12-29 14:00,0.0
12-29 14:15,0.0
12-29 14:30,0.0
12-29 14:45,0.0
12-29 15:00,0.0
12-29 15:15,0.0
12-29 15:30,0.0
12-29 15:45,2179.161848714285
12-29 16:00,0.0
12-29 16:15,0.0
12-29 16:30,0.0
12-29 16:45,0.0
12-29 17:00,0.0
12-29 17:15,0.0
12-29 17:30,0.0
12-29 17:45,0.0
12-29 18:00,0.0
12-29 18:15,0.0
12-29 18:30,0.0
12-29 18:45,0.0
12-29 19:00,0.0
12-29 19:15,0.0
12-29 19:30,0.0
12-29 19:45,0.0
12-29 20:00,0.0
12-29 20:15,0.0
12-29 20:30,0.0
12-29 20:45,0.0
12-29 21:00,0.0
12-29 21:15,0.0
12-29 21:30,0.0
12-29 21:45,0.0
12-29 22:00,0.0
12-29 22:15,0.0
12-29 22:30,0.0
12-29 22:45,0.0
12-29 23:00,0.0
12-29 23:15,0.0
12-29 23:30,0.0
12-29 23:45,0.0
12-30 00:00,1484.2857142857142
12-30 00:15,1484.2857142857142
12-30 00:30,1484.2857142857142
12-30 00:45,1484.2857142857142
12-30 01:00,1367.568409278576
12-30 01:15,0.0
12-30 01:30,0.0
12-30 01:45,0.0
12-30 02:00,1484.2857142857142
12-30 02:15,1484.2857142857142
12-30 02:30,1484.2857142857142
12-30 02:45,1484.2857142857142
12-30 03:00,1484.2857142857142
12-30 03:15,1484.2857142857142
12-30 03:30,1484.2857142857142
12-30 03:45,1484.2857142857142
12-30 04:00,1484.2857142857142
12-30 04:15,1484.2857142857142
12-30 04:30,1484.2857142857142
12-30 04:45,1484.2857142857142
12-30 05:00,0.0
12-30 05:15,0.0
12-30 05:30,0.0
12-30 05:45,0.0
12-30 06:00,0.0
12-30 06:15,0.0
12-30 06:30,0.0
12-30 06:45,0.0
12-30 07:00,5014.342762614286
12-30 07:15,0.0
12-30 07:30,0.0
12-30 07:45,0.0
12-30 08:00,0.0
12-30 08:15,0.0
12-30 08:30,0.0
12-30 08:45,0.0
12-30 09:00,0.0
12-30 09:15,0.0
12-30 09:30,0.0
12-30 09:45,0.0
12-30 10:00,0.0
12-30 10:15,0.0
12-30 10:30,2218.3688646285714
12-30 10:45,0.0
12-30 11:00,0.0
12-30 11:15,0.0
12-30 11:30,0.0
12-30 11:45,0.0
12-30 12:00,0.0
12-30 12:15,0.0
12-30 12:30,0.0
12-30 12:45,0.0
12-30 13:00,0.0
12-30 13:15,0.0
12-30 13:30,2311.994670071429
12-30 13:45,2407.5166771857143
12-30 14:00,0.0
12-30 14:15,0.0
12-30 14:30,0.0
12-30 14:45,0.0
12-30 15:00,0.0
12-30 15:15,0.0
12-30 15:30,0.0
12-30 15:45,0.0
12-30 16:00,0.0
12-30 16:15,0.0
12-30 16:30,0.0
12-30 16:45,0.0
12-30 17:00,0.0
12-30 17:15,0.0
12-30 17:30,0.0
12-30 17:45,0.0
12-30 18:00,0.0
12-30 18:15,0.0
12-30 18:30,0.0
12-30 18:45,4053.092871814285
12-30 19:00,0.0
12-30 19:15,0.0
12-30 19:30,0.0
12-30 19:45,0.0
12-30 20:00,0.0
12-30 20:15,0.0
12-30 20:30,0.0
12-30 20:45,0.0
12-30 21:00,0.0
12-30 21:15,0.0
12-30 21:30,0.0
12-30 21:45,0.0
12-30 22:00,0.0
12-30 22:15,0.0
12-30 22:30,0.0
12-30 22:45,0.0
12-30 23:00,0.0
12-30 23:15,0.0
12-30 23:30,0.0
12-30 23:45,0.0
12-31 00:00,0.0
12-31 00:15,0.0
12-31 00:30,0.0
12-31 00:45,0.0
12-31 01:00,0.0
12-31 01:15,0.0
12-31 01:30,0.0
12-31 01:45,0.0
12-31 02:00,0.0
12-31 02:15,0.0
12-31 02:30,0.0
12-31 02:45,0.0
12-31 03:00,1484.2857142857142
12-31 03:15,1484.2857142857142
12-31 03:30,1484.2857142857142
12-31 03:45,1484.2857142857142
12-31 04:00,1484.2857142857142
12-31 04:15,1484.2857142857142
12-31 04:30,1484.2857142857142
12-31 04:45,1484.2857142857142
12-31 05:00,0.0
12-31 05:15,0.0
12-31 05:30,0.0
12-31 05:45,0.0
12-31 06:00,0.0
12-31 06:15,0.0
12-31 06:30,0.0
12-31 06:45,0.0
12-31 07:00,0.0
12-31 07:15,0.0
12-31 07:30,0.0
12-31 07:45,0.0
12-31 08:00,0.0
12-31 08:15,0.0
12-31 08:30,0.0
12-31 08:45,0.0
12-31 09:00,0.0
12-31 09:15,0.0
12-31 09:30,0.0
12-31 09:45,0.0
12-31 10:00,3397.668886385715
12-31 10:15,0.0
12-31 10:30,0.0
12-31 10:45,0.0
12-31 11:00,0.0
12-31 11:15,0.0
12-31 11:30,100.79787180000022
12-31 11:45,0.0
12-31 12:00,0.0
12-31 12:15,0.0
12-31 12:30,3128.174855628571
12-31 12:45,0.0
12-31 13:00,0.0
12-31 13:15,0.0
12-31 13:30,0.0
12-31 13:45,0.0
12-31 14:00,2388.093977728572
12-31 14:15,0.0
12-31 14:30,0.0
12-31 14:45,0.0
12-31 15:00,0.0
12-31 15:15,0.0
12-31 15:30,0.0
12-31 15:45,0.0
12-31 16:00,0.0
12-31 16:15,0.0
12-31 16:30,0.0
12-31 16:45,2262.9357492000004
12-31 17:00,0.0
12-31 17:15,0.0
12-31 17:30,0.0
12-31 17:45,0.0
12-31 18:00,5689.596204157143
12-31 18:15,0.0
12-31 18:30,0.0
12-31 18:45,0.0
12-31 19:00,0.0
12-31 19:15,0.0
12-31 19:30,2963.991770585714
12-31 19:45,0.0
12-31 20:00,0.0
12-31 20:15,0.0
12-31 20:30,0.0
12-31 20:45,0.0
12-31 21:00,0.0
12-31 21:15,0.0
12-31 21:30,0.0
12-31 21:45,0.0
12-31 22:00,0.0
12-31 22:15,0.0
12-31 22:30,0.0
12-31 22:45,0.0
12-31 23:00,0.0
12-31 23:15,0.0
12-31 23:30,0.0
12-31 23:45,0.0
